title,company,location,salary,employment_type,industry,source,url,is_new,time_info,scraped_at,prefecture
歯科衛生士／午前のみ勤務OK 幼稚園のお迎えにも間に合う 「家庭も大切...新着,吉富歯科医院,東京都,"時給1,800円～2,300円",アルバイト・パート,歯科,求人ボックス,https://xn--pckua2a7gp15o89zb.com/jb/4a1d9fadd2016ce2b1bf9cc1124f2c99,True,23時間前,2026-06-20 01:09:33,東京都
「歯科衛生士」資格必須／月給27.5万円～の歯科衛生士求人!未経験新着,大崎ThinkPark歯科,東京都,月給27,正社員,歯科,求人ボックス,javascript:void(0);,True,5時間前,2026-06-20 01:09:33,東京都
歯科衛生士／臨床経験3年目以上の方／3年目32万円、4年目33万円新着,医療法人社団MEDIQOL,東京都,月給32万円～45万円,正社員,歯科,求人ボックス,https://xn--pckua2a7gp15o89zb.com/jb/eb94ce6154a116e8f1469f7806c0d80f,True,23時間前,2026-06-20 01:09:33,東京都
歯科衛生士／池袋駅徒歩3分、保険30分メンテでもうバタバタしたくない方...新着,医療法人社団敬順会 萩原歯科医院,東京都,月給29万円～35万円,正社員,歯科,求人ボックス,https://xn--pckua2a7gp15o89zb.com/jb/642a93064fe8be6093273dbcfab5b3e6,True,23時間前,2026-06-20 01:09:33,東京都
社会保険完備の職場で歯科衛生士新着,とがわ歯科,東京都,月給28万円～,正社員,歯科,求人ボックス,https://xn--pckua2a7gp15o89zb.com/jb/a9704b0a51590998a1ec35269088cdb9,True,3時間前,2026-06-20 01:09:33,東京都
歯科衛生士／時給2000円、週1日勤務から可、小さな医院ですが一緒に働...新着,世田谷駅前歯科クリニック,東京都,時給2000円,アルバイト・パート,歯科,求人ボックス,https://xn--pckua2a7gp15o89zb.com/jb/8f001a30819b352791d1269a25d57413,True,23時間前,2026-06-20 01:09:33,東京都
歯科衛生士／三軒茶屋／駅チカ／月給31万円～／週休2.5日 or新着,三茶歯科,東京都,月給31万円～,正社員,歯科,求人ボックス,https://xn--pckua2a7gp15o89zb.com/jb/aa741ef8afeeab8f89a02247a55fd581,True,23時間前,2026-06-20 01:09:33,東京都
社会保険完備の職場で歯科衛生士新着,練馬デンタルオフィス,東京都,月給35万円～,正社員,歯科,求人ボックス,https://xn--pckua2a7gp15o89zb.com/jb/169deb1d5c5968a45208a0ca22b125ba,True,3時間前,2026-06-20 01:09:33,東京都
歯科衛生士 徒歩2分／週2日／4時間～OK、残業ほぼなし 昇給あり新着,医療法人社団創新会,東京都,"時給1,850円～",アルバイト・パート,歯科,求人ボックス,https://xn--pckua2a7gp15o89zb.com/jb/24da4b6a4622faf0aa3b31ebaca3edef,True,23時間前,2026-06-20 01:09:33,東京都
社会保険完備の職場で歯科衛生士新着,矯正歯科クリニック三田赤羽橋,東京都,"時給1,800円～",アルバイト・パート,歯科,求人ボックス,https://xn--pckua2a7gp15o89zb.com/jb/9826c2c65613b13fbc1fadf694908f74,True,3時間前,2026-06-20 01:09:33,東京都
"歯科衛生士 徒歩5分／週4日6時間勤務,週4勤務で社保加入新着",歯科衛生士,東京都滝野川歯科医師会,"時給1,900円～",アルバイト・パート,歯科,求人ボックス,https://xn--pckua2a7gp15o89zb.com/jb/65bf9f3269682165db981dac01e1d272,True,23時間前,2026-06-20 01:09:33,東京都
歯科衛生士／中野坂上駅直結!予防中心、自分のペースで診療できます新着,サンブライト歯科,東京都,月給30万円～35万円,正社員,歯科,求人ボックス,https://xn--pckua2a7gp15o89zb.com/jb/7fb797b785172452a5c500f07072a53f,True,23時間前,2026-06-20 01:09:37,東京都
歯科衛生士・ボーナス・賞与あり新着,巣鴨S歯科矯正歯科,東京都,"時給1,900円～",アルバイト・パート,歯科,求人ボックス,https://xn--pckua2a7gp15o89zb.com/jb/3eec9a11240b019a105c215323aaa857,True,3時間前,2026-06-20 01:09:37,東京都
社会保険完備の職場で歯科衛生士新着,KRD日本橋,東京都,月給26万円～30万円,正社員,歯科,求人ボックス,https://xn--pckua2a7gp15o89zb.com/jb/7a4f673a92e5c2162a5ff2c5e3812d36,True,3時間前,2026-06-20 01:09:37,東京都
社会保険完備の職場で歯科衛生士新着,亀戸WADA歯科・矯正歯科,東京都,月給35万円～40万円,正社員,歯科,求人ボックス,https://xn--pckua2a7gp15o89zb.com/jb/642332430e292bde8f748a20af2e8f52,True,3時間前,2026-06-20 01:09:37,東京都
クリニックの歯科衛生士新着,医療法人社団わかばの会 エルアージュ歯科クリニック,東京都,"時給1,800円～2,500円",アルバイト・パート,歯科,求人ボックス,https://xn--pckua2a7gp15o89zb.com/jb/c81e9405dd52f4105497fbd7a7f3ff46,True,20時間前,2026-06-20 01:09:37,東京都
総合病院での医療事務リーダー新着,医療法人社団洪泳会 東京洪誠病院,東京都,月給25万円,正社員,医療事務,求人ボックス,https://xn--pckua2a7gp15o89zb.com/jb/cb4c97cb7823131b38565c055976e149,True,15時間前,2026-06-20 01:09:33,東京都
クリニックでの医療事務新着,もりのぶ小児科,東京都,"月給22万5,000円",契約社員,医療事務,求人ボックス,https://xn--pckua2a7gp15o89zb.com/jb/5fc756382222a03f1e4964471f0601d9,True,15時間前,2026-06-20 01:09:33,東京都
医療事務募集新着,金子クリニック,東京都,"時給1,300円",アルバイト・パート,医療事務,求人ボックス,https://xn--pckua2a7gp15o89zb.com/jb/61dadfff6c5eb45c48186887ce72ed78,True,3時間前,2026-06-20 01:09:33,東京都
クリニックでの医療事務新着,医療法人社団けいせい会 西新井大師西腎透析クリニ...,東京都,月給20万円～25万円,正社員,医療事務,求人ボックス,https://xn--pckua2a7gp15o89zb.com/jb/5798838bb1b8c030001eb344ba9f6513,True,15時間前,2026-06-20 01:09:34,東京都
クリニックでの医療事務新着,医療法人社団桐司会 矢島循環器・内科,東京都,月給23万円,正社員,医療事務,求人ボックス,https://xn--pckua2a7gp15o89zb.com/jb/65f168f76164868d68e6d2b90fa4704c,True,15時間前,2026-06-20 01:09:34,東京都
医療事務／アクセス抜群の町屋駅から徒歩1分 平日16:30新着,医療法人財団真光会 竹内医院,東京都,月給28万円～,正社員,医療事務,求人ボックス,https://xn--pckua2a7gp15o89zb.com/jb/913e1e26234e7710e89b6165245b8036,True,22時間前,2026-06-20 01:09:36,東京都
クリニックでの医療事務新着,医療法人社団あかし会 山村クリニック,東京都,"時給1,300円～1,360円",アルバイト・パート,医療事務,求人ボックス,https://xn--pckua2a7gp15o89zb.com/jb/8f3393cedd7e951f688395b30c6b4b8d,True,15時間前,2026-06-20 01:09:36,東京都
医療事務・受付 未経験OK 平日週3~の事務バイト 私服勤務新着,株式会社キャンドゥ,東京都,"時給1,300円～",アルバイト・パート,医療事務,求人ボックス,https://xn--pckua2a7gp15o89zb.com/jb/4c2722dc8fc75088b3988a4dd646f47f,True,14時間前,2026-06-20 01:09:38,東京都
クリニックでの医療事務新着,大平医院,東京都,"時給1,500円～1,600円",アルバイト・パート,医療事務,求人ボックス,https://xn--pckua2a7gp15o89zb.com/jb/8fb216a1db02336b92911c30f28046d2,True,15時間前,2026-06-20 01:09:38,東京都
整形外科クリニックでの医療事務新着,医療法人社団真瑞会 小石川整形外科,東京都,月給23万円～25万円,正社員,医療事務,求人ボックス,https://xn--pckua2a7gp15o89zb.com/jb/fdf2af8d51d6cc950362eccd6a158d32,True,15時間前,2026-06-20 01:09:38,東京都
病院での医療事務新着,医療法人社団永寿会 三鷹中央病院,東京都,"月給20万9,200円",正社員,医療事務,求人ボックス,https://xn--pckua2a7gp15o89zb.com/jb/37df7a6617f622707a5af07fe49a2103,True,15時間前,2026-06-20 01:09:42,東京都
クリニックでの医療事務新着,医療法人社団MediQuArtet 日比谷川畑診...,東京都,"月給22万5,000円",正社員,医療事務,求人ボックス,https://xn--pckua2a7gp15o89zb.com/jb/fb737d09505e52c3e90c5ec08dfbf290,True,15時間前,2026-06-20 01:09:42,東京都
クリニックでの医療事務新着,医療法人社団内田クリニック,東京都,"月給19万8,000円",正社員,医療事務,求人ボックス,https://xn--pckua2a7gp15o89zb.com/jb/a8803ef1098b5e58939554dbc101ced3,True,15時間前,2026-06-20 01:09:42,東京都
医療事務募集新着,いたばしキッズ&アレルギークリニック,東京都,月給24万円～,正社員,医療事務,求人ボックス,https://xn--pckua2a7gp15o89zb.com/jb/80e947ba53653ab9eb1a89d3ad76a27c,True,3時間前,2026-06-20 01:09:42,東京都
医療事務／昇給あり 経験者歓迎 平日午後／土曜日／午前中／勤務できる方...新着,医療法人社団和高会,東京都,"時給1,400円～",アルバイト・パート,医療事務,求人ボックス,https://xn--pckua2a7gp15o89zb.com/jb/2d83c28b6217ef0ac02f4088014091c8,True,22時間前,2026-06-20 01:09:44,東京都
医療事務募集新着,麹町大通り眼科,東京都,"月給23万5,000円",正社員,医療事務,求人ボックス,https://xn--pckua2a7gp15o89zb.com/jb/6afd304e99161cde8fd0b88afd79912e,True,3時間前,2026-06-20 01:09:44,東京都
医療事務／15:00受付終了!プライベート充実!患者さまに寄り添った医...新着,いわもと内視鏡内科クリニック,東京都,"時給1,400円～2,200円",アルバイト・パート,医療事務,求人ボックス,https://xn--pckua2a7gp15o89zb.com/jb/db6db8b5eac8975b722b292808ebc01e,True,22時間前,2026-06-20 01:09:44,東京都
医療事務募集新着,江渕クリニック,東京都,"時給1,400円～1,500円",アルバイト・パート,医療事務,求人ボックス,https://xn--pckua2a7gp15o89zb.com/jb/111dfb93968845b20dc4c8c3832efb42,True,3時間前,2026-06-20 01:09:47,東京都
クリニックでの医療事務新着,医療法人社団真聖会 六本木整形外科・内科クリニック,東京都,月給28万円,正社員,医療事務,求人ボックス,https://xn--pckua2a7gp15o89zb.com/jb/f9c14ba22dcd2df4ad6e2bb907e47881,True,15時間前,2026-06-20 01:09:47,東京都
医療事務募集新着,椎名眼科,東京都,"時給1,250円～",アルバイト・パート,医療事務,求人ボックス,https://xn--pckua2a7gp15o89zb.com/jb/2ae360ae2726cb15fd45ff1fe452f6c4,True,3時間前,2026-06-20 01:09:47,東京都
クリニックでの医療事務新着,医療法人社団つばさ 両国東口クリニック,東京都,月給21万円～28万,正社員,医療事務,求人ボックス,https://xn--pckua2a7gp15o89zb.com/jb/e08abfcc003feabb75a266d0a3315533,True,15時間前,2026-06-20 01:09:50,東京都
クリニックでの医療事務新着,医療法人社団天友会 町田木曽整形外科リハビリテー...,東京都,"月給22万3,000円",正社員,医療事務,求人ボックス,https://xn--pckua2a7gp15o89zb.com/jb/f8548a403c0e66fc7acfb71749834ce7,True,15時間前,2026-06-20 01:09:50,東京都
クリニックでの医療事務新着,医療法人社団鉄医会 ナビタスクリニック立川,東京都,月給22万円～29万円,正社員,医療事務,求人ボックス,https://xn--pckua2a7gp15o89zb.com/jb/fdb17ae4841a40fdb2de4aedaf3f2c5b,True,15時間前,2026-06-20 01:09:50,東京都
医療事務 通勤便利!無理なく働ける柔軟シフト制新着,医療法人社団二葉会,東京都,"時給1,300円～",アルバイト・パート,医療事務,求人ボックス,https://xn--pckua2a7gp15o89zb.com/jb/4092afe014287bdea58fe38246e67e46,True,13時間前,2026-06-20 01:09:53,東京都
医療事務募集新着,オーロラ治療院,東京都,"時給1,250円",アルバイト・パート,医療事務,求人ボックス,https://xn--pckua2a7gp15o89zb.com/jb/9bb923ecb4a4b68e98427829a6458edd,True,3時間前,2026-06-20 01:09:53,東京都
医療事務募集新着,等々力歯科室,東京都,"時給1,600円～",アルバイト・パート,医療事務,求人ボックス,https://xn--pckua2a7gp15o89zb.com/jb/0ef80b3362383cd38b0c1e6a5d6809ca,True,3時間前,2026-06-20 01:09:53,東京都
医療関係業務 ／ 受付 ／穏やか整形外科×平日休みもあり 医療事務&受...新着,パーソルテンプスタッフ株式会社,東京都,"時給1,750円",派遣社員,医療事務,求人ボックス,https://xn--pckua2a7gp15o89zb.com/jb/5dbfb381be694ae63b35bf1486f67ca0,True,16時間前,2026-06-20 01:09:53,東京都
医療事務 受付・クラーク新着,田中眼科,東京都,月給18万円～25万円,正社員,医療事務,求人ボックス,https://xn--pckua2a7gp15o89zb.com/jb/3888622a348171e26ad986cc85a90f5c,True,21時間前,2026-06-20 01:09:57,東京都
経験を活かしてハタラク 医療事務のオシゴト@恵比寿新着,株式会社マイナビワークス,東京都,"時給1,610円～1,750円",派遣社員,医療事務,求人ボックス,https://xn--pckua2a7gp15o89zb.com/jb/6beaba625fca412d112c4082501d6038,True,3時間前,2026-06-20 01:09:57,東京都
「医療事務」無資格OK／正職員／シフト相談可／病院新着,医療法人財団葛飾厚生会 東立病院,東京都,"月給22万5,800円",正社員,医療事務,求人ボックス,https://xn--pckua2a7gp15o89zb.com/jb/bdf9c104c1fe7d9349e261b27cd7a3a6,True,23時間前,2026-06-20 01:09:57,東京都
社会保険完備の職場で介護職／ヘルパー新着,シルバービレッジ日野,東京都,"月給18万3,000円",正社員,介護,求人ボックス,https://xn--pckua2a7gp15o89zb.com/jb/ba7c0f2ad4d7816db227900995a7e70c,True,3時間前,2026-06-20 01:09:33,東京都
社会保険完備の職場で介護職／ヘルパー新着,特別養護老人ホーム わとなーる葛西,東京都,"時給1,620円～1,818円",アルバイト・パート,介護,求人ボックス,https://xn--pckua2a7gp15o89zb.com/jb/3a6747de5c33cca427dce8767c2293e1,True,3時間前,2026-06-20 01:09:33,東京都
ヘルパー・介護職／シェモア西台新着,医療法人社団翠会,東京都,"月給27万1,000円",正社員,介護,求人ボックス,https://xn--pckua2a7gp15o89zb.com/jb/8ee38b93839d28f77a844cdc3e8ce044,True,3時間前,2026-06-20 01:09:33,東京都
社会保険完備の職場で介護職／ヘルパー新着,特別養護老人ホーム わとなーる桜川,東京都,"時給1,620円～1,818円",アルバイト・パート,介護,求人ボックス,https://xn--pckua2a7gp15o89zb.com/jb/bb86ab338fed26845a1bc0628771bc18,True,3時間前,2026-06-20 01:09:33,東京都
グループホーム夜勤専従スタッフ・社会保険完備の職場で介護職／ヘルパー新着,東村山グループホームそよ風,東京都,"時給1,446円～1,450円",アルバイト・パート,介護,求人ボックス,https://xn--pckua2a7gp15o89zb.com/jb/485c40ef8350c92049fb287ce658723a,True,3時間前,2026-06-20 01:09:33,東京都
ショートステイ 介護スタッフ・社会保険完備の職場で介護職／ヘルパー新着,メープルヴィラそよ風,東京都,月給30万円～32万円,正社員,介護,求人ボックス,https://xn--pckua2a7gp15o89zb.com/jb/442486ba7f89ef408fa7797b70cc1227,True,3時間前,2026-06-20 01:09:33,東京都
グループホーム 介護スタッフ・社会保険完備の職場で介護職／ヘルパー新着,八王子ケアコミュニティそよ風,東京都,"月給27万2,720円",契約社員,介護,求人ボックス,https://xn--pckua2a7gp15o89zb.com/jb/3d8b44ffc10b9437c158603de65de731,True,3時間前,2026-06-20 01:09:33,東京都
介護付き有料老人ホーム夜勤専従介護職／ライブラリ大森東五丁目新着,株式会社リビングプラットフォーム,東京都,"日給2万9,400円",アルバイト・パート,介護,求人ボックス,https://xn--pckua2a7gp15o89zb.com/jb/d1625d8bb24d5e36087e193da3449fe7,True,2時間前,2026-06-20 01:09:33,東京都
訪問介護スタッフ／日勤／初任者研修／ヘルパー2級／介護職／介護士新着,ケアリッツ御徒町,東京都,月給30万円～32万円,正社員,介護,求人ボックス,https://xn--pckua2a7gp15o89zb.com/jb/a8fd629a1eea67022d72caf23c66d54f,True,51分前,2026-06-20 01:09:33,東京都
訪問介護スタッフ／日勤／実務者研修／ヘルパー1級／介護職／介護士新着,ケアリッツ金町,東京都,"月給30万5,000円",正社員,介護,求人ボックス,https://xn--pckua2a7gp15o89zb.com/jb/08d4215fd890fd39b5c835bb9b6fb7ae,True,51分前,2026-06-20 01:09:33,東京都
訪問介護スタッフ／日勤／無資格／介護職／介護士／介護スタッフ新着,ケアリッツ高砂,東京都,月給29万円～31万円,正社員,介護,求人ボックス,https://xn--pckua2a7gp15o89zb.com/jb/7de07ad63716c4122b23542025b55bba,True,52分前,2026-06-20 01:09:33,東京都
訪問介護スタッフ／日勤／実務者研修／ヘルパー1級／介護職／介護士新着,ケアリッツ江北,東京都,"月給30万5,000円",正社員,介護,求人ボックス,https://xn--pckua2a7gp15o89zb.com/jb/59a60aaaf59979d4b34c8dfad12e5fb9,True,51分前,2026-06-20 01:09:33,東京都
訪問介護スタッフ／日勤／実務者研修／ヘルパー1級／介護職／介護士新着,ケアリッツ経堂,東京都,"月給30万5,000円",正社員,介護,求人ボックス,https://xn--pckua2a7gp15o89zb.com/jb/f0c7db4f705e04ea4bb3b2069cfa830e,True,51分前,2026-06-20 01:09:33,東京都
訪問介護スタッフ／日勤／初任者研修／ヘルパー2級／介護職／介護士新着,ケアリッツ駒込,東京都,月給30万円～32万円,正社員,介護,求人ボックス,https://xn--pckua2a7gp15o89zb.com/jb/84d78c1bb364754d0e952c251286e57b,True,51分前,2026-06-20 01:09:33,東京都
訪問介護スタッフ／日勤／介護福祉士／介護職／介護士／介護スタッフ新着,ケアリッツ高島平,東京都,"月給31万5,000円",正社員,介護,求人ボックス,https://xn--pckua2a7gp15o89zb.com/jb/fa744059cd1a63e8bb76798ef2b10b15,True,51分前,2026-06-20 01:09:33,東京都
便利屋スタッフ・社会保険完備の職場で介護職／ヘルパー新着,さくら総合福祉,東京都,月給23万円～25万円,正社員,介護,求人ボックス,https://xn--pckua2a7gp15o89zb.com/jb/4c5798dc2e724e06b503410d595f49ff,True,3時間前,2026-06-20 01:09:33,東京都
通所介護・デイサービス勤務の介護職／ヘルパー新着,株式会社みなみ北葛西ケアセンター デイサービス,東京都,"時給1,230円～1,350円",アルバイト・パート,介護,求人ボックス,https://xn--pckua2a7gp15o89zb.com/jb/94fed0fc7272f6300a6863c92f5476f3,True,3時間前,2026-06-20 01:09:34,東京都
家事・清掃サポートスタッフ・無資格可の介護職／ヘルパー新着,アズハイム城東公園,東京都,"時給1,295円～",アルバイト・パート,介護,求人ボックス,https://xn--pckua2a7gp15o89zb.com/jb/4823c5d0a91aa8153cef6ca77f4c521f,True,3時間前,2026-06-20 01:09:34,東京都
訪問介護スタッフ／日勤／初任者研修／ヘルパー2級／介護職／介護士新着,ケアリッツ高島平南,東京都,月給30万円～32万円,正社員,介護,求人ボックス,https://xn--pckua2a7gp15o89zb.com/jb/f27f3e32fe06aab8cd32306007723c70,True,51分前,2026-06-20 01:09:34,東京都
社会保険完備の職場で介護職／ヘルパー新着,グループホームこなつ,東京都,"時給1,620円～1,818円",アルバイト・パート,介護,求人ボックス,https://xn--pckua2a7gp15o89zb.com/jb/fb8628209f4128cb64e91bb9df3e5003,True,3時間前,2026-06-20 01:09:34,東京都
訪問介護スタッフ／日勤／初任者研修／ヘルパー2級／介護職／介護士新着,ケアリッツ自由が丘,東京都,月給30万円～32万円,正社員,介護,求人ボックス,https://xn--pckua2a7gp15o89zb.com/jb/9033fcab3c02da17a5984537c58e9f8f,True,51分前,2026-06-20 01:09:34,東京都
訪問介護スタッフ／日勤／実務者研修／ヘルパー1級／介護職／介護士新着,ケアリッツ月島,東京都,"月給30万5,000円",正社員,介護,求人ボックス,https://xn--pckua2a7gp15o89zb.com/jb/d83963b55415951eed3639f6d2eeaece,True,51分前,2026-06-20 01:09:34,東京都
訪問介護スタッフ／日勤／実務者研修／ヘルパー1級／介護職／介護士新着,ケアリッツ荒川,東京都,"月給30万5,000円",正社員,介護,求人ボックス,https://xn--pckua2a7gp15o89zb.com/jb/a8e66fbeff503e29ff22e6e106c72696,True,51分前,2026-06-20 01:09:34,東京都
訪問介護スタッフ／日勤／介護福祉士／介護職／介護士／介護スタッフ新着,ケアリッツ駒沢大学,東京都,"月給31万5,000円",正社員,介護,求人ボックス,https://xn--pckua2a7gp15o89zb.com/jb/bd59c50e8082ead7df24aec3835c0506,True,51分前,2026-06-20 01:09:34,東京都
訪問介護スタッフ／日勤／介護福祉士／介護職／介護士／介護スタッフ新着,ケアリッツ江戸川橋,東京都,"月給31万5,000円",正社員,介護,求人ボックス,https://xn--pckua2a7gp15o89zb.com/jb/8717876e57ff835dab2b8e0cdcd629a8,True,51分前,2026-06-20 01:09:34,東京都
訪問介護スタッフ／日勤／介護福祉士／介護職／介護士／介護スタッフ新着,ケアリッツ光が丘,東京都,"月給31万5,000円",正社員,介護,求人ボックス,https://xn--pckua2a7gp15o89zb.com/jb/7f47b21067f995ae4fe1d066b8496d75,True,51分前,2026-06-20 01:09:34,東京都
訪問介護スタッフ／日勤／実務者研修／ヘルパー1級／介護職／介護士新着,ケアリッツ恵比寿,東京都,"月給30万5,000円",正社員,介護,求人ボックス,https://xn--pckua2a7gp15o89zb.com/jb/689a55f966bab0078d86f30bee6909ed,True,51分前,2026-06-20 01:09:34,東京都
訪問介護スタッフ／日勤／無資格／介護職／介護士／介護スタッフ新着,ケアリッツ鷺ノ宮,東京都,月給29万円～31万円,正社員,介護,求人ボックス,https://xn--pckua2a7gp15o89zb.com/jb/8add7425f6b0b26dcb1e97ec85cde769,True,52分前,2026-06-20 01:09:34,東京都
夜勤専従ケアワーカー・介護福祉士・介護職／ヘルパー・歓迎新着,医療対応ホスピタリティケアにじいろハート,東京都,"時給2,000円",アルバイト・パート,介護,求人ボックス,https://xn--pckua2a7gp15o89zb.com/jb/14a45469b21250b9b761fa78cba9a654,True,3時間前,2026-06-20 01:09:34,東京都
リハビリサポート・社会保険完備の職場で介護職／ヘルパー新着,らいおんハートクリニック押切デイケア,東京都,"時給1,200円～1,400円",アルバイト・パート,介護,求人ボックス,https://xn--pckua2a7gp15o89zb.com/jb/95018f46b6508e61ee02fa94f12e10b3,True,3時間前,2026-06-20 01:09:34,東京都
訪問介護スタッフ／日勤／介護福祉士／介護職／介護士／介護スタッフ新着,ケアリッツ高井戸,東京都,"月給31万5,000円",正社員,介護,求人ボックス,https://xn--pckua2a7gp15o89zb.com/jb/02d754d85c64cbba9240c2f5b3e66321,True,51分前,2026-06-20 01:09:34,東京都
無資格可の介護職／ヘルパー新着,シルバービレッジ日野東館,東京都,"時給1,226円",アルバイト・パート,介護,求人ボックス,https://xn--pckua2a7gp15o89zb.com/jb/42f434f9e47acd50e835f548b451c05f,True,3時間前,2026-06-20 01:09:34,東京都
社会保険完備の職場で介護職／ヘルパー新着,シルバービレッジ八王子,東京都,月給23万円～26万円,正社員,介護,求人ボックス,https://xn--pckua2a7gp15o89zb.com/jb/7e86bea6b5b0b1b72167ec2b8328eaed,True,3時間前,2026-06-20 01:09:34,東京都
無資格可の介護職／ヘルパー新着,シルバービレッジ八王子西,東京都,"時給1,226円",アルバイト・パート,介護,求人ボックス,https://xn--pckua2a7gp15o89zb.com/jb/da772b840d49ffeb68c5951146c81d64,True,3時間前,2026-06-20 01:09:37,東京都
訪問介護スタッフ／日勤／初任者研修／ヘルパー2級／介護職／介護士新着,ケアリッツ五反野,東京都,月給30万円～32万円,正社員,介護,求人ボックス,https://xn--pckua2a7gp15o89zb.com/jb/06dadd4540f01c795d1d607e7da0bab1,True,52分前,2026-06-20 01:09:37,東京都
社会保険完備の職場で介護職／ヘルパー新着,介護老人保健施設アヴニール,東京都,"月給22万6,000円",正社員,介護,求人ボックス,https://xn--pckua2a7gp15o89zb.com/jb/d157c565036c2e212cb56a15b2f67a0c,True,3時間前,2026-06-20 01:09:37,東京都
早番・遅番なし／介護職／老健／年収400万新着,ジャパン・デジタル・ソリューションズ株式会社メデ...,東京都,月給20万円～30万円,正社員,介護,求人ボックス,https://xn--pckua2a7gp15o89zb.com/jb/37155188d5ceac38b15f2009fdae8e62,True,40分前,2026-06-20 01:09:37,東京都
看護業務／医療施設型ホスピス／駅近／2交替／高月給新着,株式会社アンビスホールディングス 医心館東小金井,東京都,月給40万円～43万,正社員,介護,求人ボックス,https://xn--pckua2a7gp15o89zb.com/jbn/62a8887b28f2df921b3d13a192067fa6,True,23時間前,2026-06-20 01:09:37,東京都
看護業務／有料老人ホーム／駅近／2交替／高月給新着,株式会社アンビス 医心館府中,東京都,月給40万円～,正社員,介護,求人ボックス,https://xn--pckua2a7gp15o89zb.com/jbn/520bec53eae020bbdd97a8c40e4bf539,True,23時間前,2026-06-20 01:09:37,東京都
看護業務／特別養護老人ホームにおける看護業務全般／日勤のみ／高時給新着,...ご応募お待ちしております  <・・・業務詳細・・・>(雇入れ直後)特別養護老人ホームにおける看護業務全般入居者の健康管理(入居者の状態に合わせ随時業務内容追加)生活介助業務(,東京都,"時給1,900円～",アルバイト・パート,介護,求人ボックス,https://xn--pckua2a7gp15o89zb.com/jbn/5025d6232f9bf56c7c414bd4e3eec22e,True,22時間前,2026-06-20 01:09:37,東京都
看護業務／特別養護老人ホーム／日勤のみ／高時給新着,介護職,東京都,"時給2,000円～2,100円",アルバイト・パート,介護,求人ボックス,https://xn--pckua2a7gp15o89zb.com/jbn/cd32db107c8842d12e360693da14de31,True,22時間前,2026-06-20 01:09:37,東京都
看護業務／有料老人ホーム／夜勤のみ／高日給新着,...ゆっくりと高齢者と向き合う看護が可能です。,東京都,"日給3万5,800円",アルバイト・パート,介護,求人ボックス,https://xn--pckua2a7gp15o89zb.com/jbn/e7348c6f0fd5e8cd8a4ce14f58699980,True,23時間前,2026-06-20 01:09:37,東京都
看護業務／有料老人ホーム／日勤のみ／短期新着,株式会社スーパーナース,東京都,"時給2,300円～",派遣社員,介護,求人ボックス,https://xn--pckua2a7gp15o89zb.com/jbn/5a126348a9db97e1d6ceaee0cff57ec6,True,21時間前,2026-06-20 01:09:37,東京都
看護業務／病棟／療養／日勤のみ／高時給新着,医療法人社団愛育会 愛和病院,東京都,"時給1,920円～",アルバイト・パート,介護,求人ボックス,https://xn--pckua2a7gp15o89zb.com/jbn/83a69069856e3c8f7df9649f207c7971,True,22時間前,2026-06-20 01:09:37,東京都
介護施設への特定技能外国人採用開拓営業／未経験歓迎／昇給あり／賞与あり新着,株式会社ウィルオブ・ワーク,東京都,年収350万円～450万円,正社員,介護,求人ボックス,https://xn--pckua2a7gp15o89zb.com/jbn/fbecb5935191b5bf16a6c439c4eb1aeb,True,22時間前,2026-06-20 01:09:37,東京都
広報・PRプランナー／20代・30代活躍中／土日祝休み／未経験歓迎／賞与2回・昇給あり／転勤なし新着,株式会社リーパス・バディ,東京都,月給28万円～50万円,正社員,介護,求人ボックス,https://xn--pckua2a7gp15o89zb.com/jbn/5659b585ad4d52a6d099487f9b42a081,True,22時間前,2026-06-20 01:09:37,東京都
看護業務／有料老人ホーム／駅近／夜勤のみ新着,<京王線「東府中駅」徒歩5分> 府中市の有料老人ホーム,東京都,"日給3万5,800円",アルバイト・パート,介護,求人ボックス,https://xn--pckua2a7gp15o89zb.com/jbn/9aecbfadbe15398461dd68160bcc3bf9,True,22時間前,2026-06-20 01:09:37,東京都
「日・週払い」20代多数在籍／デパ地下の洋菓子店スタッフ／未経験OK／高時給／カンタン応募新着,株式会社アイエス・スタッフ,東京都,"時給1,360円～1,420円",派遣社員,介護,求人ボックス,https://xn--pckua2a7gp15o89zb.com/jbn/ee780eb69b3a1eef553991aa52fad18e,True,23時間前,2026-06-20 01:09:37,東京都
看護業務／介護医療院／日勤のみ／高時給新着,介護,東京都,"時給2,200円～",アルバイト・パート,介護,求人ボックス,https://xn--pckua2a7gp15o89zb.com/jbn/8c8b157d63e2b15256c74be070330fe3,True,22時間前,2026-06-20 01:09:40,東京都
介護施設の看護師／月給310000円~／日勤のみ／駅チカ新着,介護,東京都,月給310000円,正社員,介護,求人ボックス,https://xn--pckua2a7gp15o89zb.com/jb/a6afcb74304fbc48946b9ebc5cc8dc15,True,19時間前,2026-06-20 01:09:40,東京都
看護業務／訪問看護／駅近／日勤のみ新着,介護職,東京都,"月給47万7,200円",正社員,介護,求人ボックス,https://xn--pckua2a7gp15o89zb.com/jbn/40328bc52517ca068d633b37f9b949a9,True,23時間前,2026-06-20 01:09:40,東京都
グループホームのケアマネージャー／グループホーム／1ユニット9名／ケアマネージャー／研修制度充実新着,認知症対応型グループホーム だんらん武蔵境,東京都,"時給1,465円～1,565円",アルバイト・パート,介護,求人ボックス,https://xn--pckua2a7gp15o89zb.com/jbn/d5c640d737f50d7b9228afad5b402ebf,True,11時間前,2026-06-20 01:09:40,東京都
ラフィネグループのセラピスト／ヨガインストラクター出身者多数／未経験OK／ノルマなし／指名新着,ラフィネ 浅草雷門店,東京都,"時給2,232円～4,068円",,介護,求人ボックス,https://xn--pckua2a7gp15o89zb.com/jbn/de6521746a96dec3f4a0541f3375911a,True,21時間前,2026-06-20 01:09:40,東京都
ラフィネグループのセラピスト／ノルマなし／シフトの融通抜群／充実の研修／インセンティブあり新着,ラフィネ セレオ八王子店,東京都,"時給2,232円～4,068円",,介護,求人ボックス,https://xn--pckua2a7gp15o89zb.com/jbn/77cf52974a592f0ba700321aaa54edb6,True,21時間前,2026-06-20 01:09:40,東京都
マッサージセラピスト／未経験OK／リラクゼーション／エステサロン／高卒OK／ヘッドスパ新着,ラフィネ アトレ亀戸店,東京都,"時給2,232円～4,068円",,介護,求人ボックス,https://xn--pckua2a7gp15o89zb.com/jbn/0434bf5f536e285969b46d07321042ba,True,21時間前,2026-06-20 01:09:40,東京都
看護業務／訪問看護&小規模多機能／日勤のみ／高月給新着,介護職,東京都,"月給37万7,000円",正社員,介護,求人ボックス,https://xn--pckua2a7gp15o89zb.com/jbn/a3de949c18a5d45f0c1e64b7afaa3de3,True,23時間前,2026-06-20 01:09:40,東京都
セラピスト／ラフィネグループ／アロマテラピー／リラクゼーション／ヘッドスパ／ノルマなし新着,ラフィネ アメ横店,東京都,"時給2,232円～4,068円",,介護,求人ボックス,https://xn--pckua2a7gp15o89zb.com/jbn/bc4a63d3716090e5781515b1b91e3b70,True,21時間前,2026-06-20 01:09:40,東京都
セラピスト／柔軟シフト／ノルマなし／無料研修／独立支援あり／未経験歓迎新着,ラフィネ イトーヨーカドー木場店,東京都,"時給2,232円～4,068円",,介護,求人ボックス,https://xn--pckua2a7gp15o89zb.com/jbn/81ab2a634708ef485ba46f988cedbd6d,True,21時間前,2026-06-20 01:09:40,東京都
リラクゼーションセラピスト／インセンティブあり／ヨガ・ピラティス経験者活躍中!／未経験歓迎／シフト制新着,フットデザイン 東京ドームシティラクーア店,東京都,"時給2,490円～4,290円",,介護,求人ボックス,https://xn--pckua2a7gp15o89zb.com/jbn/b22613b312c61766959d40033b652c5a,True,20時間前,2026-06-20 01:09:40,東京都
リラクゼーションセラピスト／ヨガ・ピラティス経験者活躍中!／シフト制／インセンティブあり新着,ラフィネ ルミネ新宿店,東京都,"時給2,232円～4,068円",,介護,求人ボックス,https://xn--pckua2a7gp15o89zb.com/jbn/74220ddb82326525cb40bf28ca0df501,True,18時間前,2026-06-20 01:09:40,東京都
リラクゼーションスタッフ／ノルマなし／インセンティブあり／元看護師さん活躍中!／シフト自由新着,ラフィネ アトレ大森店,東京都,"時給2,232円～4,068円",,介護,求人ボックス,https://xn--pckua2a7gp15o89zb.com/jbn/88b3c830b84d78a7766f3d336a697def,True,18時間前,2026-06-20 01:09:40,東京都
セラピスト／独立支援あり／無料研修／未経験歓迎／柔軟シフト／リラクゼーション新着,ラフィネプリュス アトレ目黒店,東京都,"時給2,232円～4,368円",,介護,求人ボックス,https://xn--pckua2a7gp15o89zb.com/jbn/c71faac94c912a6117745d1c7141783f,True,21時間前,2026-06-20 01:09:40,東京都
保育士／年収340万〜／事業所内保育室／寮あり!年間休日118日／オススメ求人!／企業内保育新着,医療法人社団水生会,東京都,"月給19万5,000円",正社員,介護,求人ボックス,https://xn--pckua2a7gp15o89zb.com/jbn/7b23f119c9da2f5f818cd15dc5a6e9e0,True,11時間前,2026-06-20 01:09:40,東京都
リラクゼーションセラピスト／ヨガ・ピラティス経験者活躍中!／シフト自由／未経験歓迎新着,ラフィネ イオンモール日の出店,東京都,"時給2,232円～4,068円",,介護,求人ボックス,https://xn--pckua2a7gp15o89zb.com/jbn/ae787400f88ef6b68e4e8f7761cff08d,True,21時間前,2026-06-20 01:09:40,東京都
エステサロンのセラピスト／未経験OK／高時給スタート／マッサージ／ヘッドスパ／リラクゼーション新着,ラフィネ 上野駅前店,東京都,"時給2,232円～4,068円",,介護,求人ボックス,https://xn--pckua2a7gp15o89zb.com/jbn/908855d1ef4e52f4ba66e0e1ab3e1057,True,21時間前,2026-06-20 01:09:44,東京都
リラクゼーション・セラピスト／丁寧な研修制度／学歴・経験不問／インセンティブ有／シフトの融通抜群新着,ラフィネ 王子メトロピア店,東京都,"時給2,232円～4,068円",,介護,求人ボックス,https://xn--pckua2a7gp15o89zb.com/jbn/d298cdf045b7d876cf7ff2489d456288,True,18時間前,2026-06-20 01:09:44,東京都
ケアマネジャー／ケアマネ／歴史のある、あたたかい雰囲気の施設／特別養護老人ホーム新着,社会福祉法人孝楽会,東京都,"月給26万1,446円",正社員,介護,求人ボックス,https://xn--pckua2a7gp15o89zb.com/jbn/4382c5b5d3f0ead1c4288d462f0373e5,True,11時間前,2026-06-20 01:09:44,東京都
セラピスト／ラフィネグループ／アロマテラピー／リラクゼーション／ヘッドスパ／ノルマなし新着,ラフィネ アメ横店,東京都,"時給2,232円～4,068円",,介護,求人ボックス,https://xn--pckua2a7gp15o89zb.com/jbn/f685a4737256d485d2c081955f734d60,True,20時間前,2026-06-20 01:09:44,東京都
リラクゼーションセラピスト／ヨガ・ピラティス経験者活躍中!／シフト自由／未経験歓迎新着,ラフィネ イオンモール日の出店,東京都,"時給2,232円～4,068円",,介護,求人ボックス,https://xn--pckua2a7gp15o89zb.com/jbn/af9bf7afba4e898f7a3eaaff0b10893b,True,20時間前,2026-06-20 01:09:44,東京都
ラフィネグループのセラピスト／シフトの融通抜群／未経験OK・ブランクもOK／充実の研修／ノルマなし新着,ラフィネ 飯田橋ラムラ店,東京都,"時給2,232円～4,068円",,介護,求人ボックス,https://xn--pckua2a7gp15o89zb.com/jbn/d3f2fc68f229de6e8fc7295ec7587643,True,21時間前,2026-06-20 01:09:44,東京都
エステサロンのセラピスト／未経験OK／高時給スタート／マッサージ／ヘッドスパ／リラクゼーション新着,ラフィネ 大手町フィナンシャルシティ店,東京都,"時給2,232円～4,068円",,介護,求人ボックス,https://xn--pckua2a7gp15o89zb.com/jbn/3de773ae2d0e52cc80f84ac6170d5862,True,20時間前,2026-06-20 01:09:44,東京都
リラクゼーション・セラピスト／ノルマなし／丁寧な研修制度／職場復帰にも／経験不問／シフトの融通抜群新着,ラフィネ スフィアタワー天王洲店,東京都,"時給2,232円～4,068円",,介護,求人ボックス,https://xn--pckua2a7gp15o89zb.com/jbn/9bf1bf6885ee8c38040529f4cc4ce929,True,18時間前,2026-06-20 01:09:44,東京都
リラクゼーションセラピスト／ヨガ・ピラティス経験者活躍中!／シフト自由／未経験歓迎新着,ラフィネ アトレ四谷店,東京都,"時給2,232円～4,068円",,介護,求人ボックス,https://xn--pckua2a7gp15o89zb.com/jbn/119a52ca46ffcf11f1349b48a3cd909e,True,18時間前,2026-06-20 01:09:44,東京都
マッサージセラピスト／未経験OK／リラクゼーション／エステサロン／高卒OK／ヘッドスパ新着,整体ナチュラルボディ 大手町ビル店,東京都,"時給2,232円～4,068円",,介護,求人ボックス,https://xn--pckua2a7gp15o89zb.com/jbn/219b22f39281bec6895a8d1264d900b6,True,21時間前,2026-06-20 01:09:44,東京都
エステサロンのセラピスト／高時給スタート／アロマセラピー／マッサージ／未経験OK／リラクゼーション新着,フットデザイン ルミネ新宿店,東京都,"時給2,490円～4,290円",,介護,求人ボックス,https://xn--pckua2a7gp15o89zb.com/jbn/0854a134bbdb9abf6ec57b8c2afd155e,True,21時間前,2026-06-20 01:09:44,東京都
保育士／認可保育園／残業ほぼ無し／年間休日124日／退職金あり／認可保育園新着,社会福祉法人けやき会,東京都,月給20万500円,正社員,介護,求人ボックス,https://xn--pckua2a7gp15o89zb.com/jbn/f5117e2d35dc71b775ac62fab666ef14,True,11時間前,2026-06-20 01:09:44,東京都
ラフィネグループのセラピスト／シフトの融通抜群／未経験OK・ブランクもOK／充実の研修／ノルマなし新着,ラフィネ 丸の内オアゾ店,東京都,"時給2,232円～4,068円",,介護,求人ボックス,https://xn--pckua2a7gp15o89zb.com/jbn/718727f7ccce151410357ffc7061d868,True,21時間前,2026-06-20 01:09:44,東京都
セラピスト／ラフィネグループ／アロマテラピー／リラクゼーション／ヘッドスパ／ノルマなし新着,プチラフィネ 京王リトナード永山店,東京都,"時給2,232円～4,068円",,介護,求人ボックス,https://xn--pckua2a7gp15o89zb.com/jbn/4ae80603e11217636584afcc0ea30456,True,20時間前,2026-06-20 01:09:44,東京都
保育士／事業所内保育所／週3日以上／土日出れる方歓迎／企業内保育新着,セントスタッフ株式会社,東京都,"時給1,300円～1,400円",正社員,介護,求人ボックス,https://xn--pckua2a7gp15o89zb.com/jbn/e492bee69cc2dc4a79a3298244087f1b,True,11時間前,2026-06-20 01:09:44,東京都
マッサージセラピスト／未経験OK／リラクゼーション／エステサロン／高卒OK／ヘッドスパ新着,整体ナチュラルボディ 大手町ビル店,東京都,"時給2,232円～4,068円",,介護,求人ボックス,https://xn--pckua2a7gp15o89zb.com/jbn/4f7f61e2f32f65aa5ec3ad578a983622,True,20時間前,2026-06-20 01:09:48,東京都
リラクゼーションセラピスト／ノルマなし／インセンティブあり／シフト自由／ヨガ新着,グランラフィネ 日本橋髙島屋S.C.店,東京都,"時給2,232円～4,368円",,介護,求人ボックス,https://xn--pckua2a7gp15o89zb.com/jbn/ed11550d2a7fc1ecbb7e601d7941b7a9,True,18時間前,2026-06-20 01:09:48,東京都
リラクゼーションサロンのセラピスト／未経験OK／アロマセラピー／資格なし／エステサロン／ヘッドスパ新着,ラフィネ 中野店,東京都,"時給2,232円～4,068円",,介護,求人ボックス,https://xn--pckua2a7gp15o89zb.com/jbn/643720e88b6170ab697151a9e70a61e8,True,18時間前,2026-06-20 01:09:48,東京都
マッサージセラピスト／未経験OK／リラクゼーション／エステサロン／高卒OK／ヘッドスパ新着,トータルセラピー イトーヨーカドー木場店,東京都,"時給2,232円～4,368円",,介護,求人ボックス,https://xn--pckua2a7gp15o89zb.com/jbn/4161579a70ad9414c93d91d5d296a5b7,True,21時間前,2026-06-20 01:09:48,東京都
ラフィネグループのセラピスト／シフトの融通抜群／未経験OK・ブランクもOK／充実の研修／ノルマなし新着,ラフィネ 丸の内オアゾ店,東京都,"時給2,232円～4,068円",,介護,求人ボックス,https://xn--pckua2a7gp15o89zb.com/jbn/a30dc6cb3f634de19a89ae338a4ea41e,True,21時間前,2026-06-20 01:09:48,東京都
リラクゼーションセラピスト／シフト自由／ノルマなし／インセンティブあり／ヨガ新着,ラフィネプリュス 北千住マルイ店,東京都,"時給2,232円～4,368円",,介護,求人ボックス,https://xn--pckua2a7gp15o89zb.com/jbn/b18ef80b3b09873e444aa70c258ad4d1,True,18時間前,2026-06-20 01:09:48,東京都
リラクゼーションスタッフ／インセンティブあり／未経験歓迎／ノルマなし／元看護師さん活躍中!／シフト制新着,グランラフィネ グランデュオ立川店,東京都,"時給2,232円～4,368円",,介護,求人ボックス,https://xn--pckua2a7gp15o89zb.com/jbn/5a5969e302803dd7218d48d59a7895f3,True,18時間前,2026-06-20 01:09:48,東京都
リラクゼーション・セラピスト／インセンティブ有／ノルマなし／シフトの融通抜群／経験不問／職場復帰にも新着,グランラフィネ 羽田空港第1ターミナル店,東京都,"時給2,232円～4,368円",,介護,求人ボックス,https://xn--pckua2a7gp15o89zb.com/jbn/44c6c29db0b491e2ea80042b7fd703dc,True,18時間前,2026-06-20 01:09:48,東京都
リラクゼーションセラピスト／未経験9割／マッサージ／無料研修あり／高時給／エステサロン新着,ラフィネ アリオ西新井店,東京都,"時給2,232円～4,068円",,介護,求人ボックス,https://xn--pckua2a7gp15o89zb.com/jbn/8a3e3ef65f6fed58555416c8cb3103de,True,18時間前,2026-06-20 01:09:48,東京都
リラクゼーションセラピスト／ヨガ・ピラティス経験者活躍中!／シフト自由／未経験歓迎新着,ラフィネ 若葉ケヤキモール店,東京都,"時給2,232円～4,068円",,介護,求人ボックス,https://xn--pckua2a7gp15o89zb.com/jbn/72bf5ecfb9178ebee57355ddc59f10d2,True,21時間前,2026-06-20 01:09:48,東京都
デイスタッフ／健康的に働こう／高時給／サポート充実「9460」新着,株式会社DYMキャリア,東京都,"時給1,500円～2,200円",派遣社員,介護,求人ボックス,https://xn--pckua2a7gp15o89zb.com/jbn/63208a98aac4fde84484737709b90459,True,20時間前,2026-06-20 01:09:48,東京都
リラクゼーションサロンのセラピスト／未経験OK／アロマセラピー／資格なし／エステサロン／ヘッドスパ新着,ラフィネ JR昭島駅店,東京都,"時給2,232円～4,068円",,介護,求人ボックス,https://xn--pckua2a7gp15o89zb.com/jbn/aac1fbdacc6e0c3124624978e6e6460a,True,18時間前,2026-06-20 01:09:48,東京都
リラクゼーションセラピスト／フリーターOK／シフト制／インセンティブあり／ノルマなし／ヨガ新着,ラフィネプリュス カメイドクロック店,東京都,"時給2,232円～4,368円",,介護,求人ボックス,https://xn--pckua2a7gp15o89zb.com/jbn/e9eda8e170eb73bbf4fba64a6261bd9c,True,18時間前,2026-06-20 01:09:48,東京都
リラクゼーションセラピスト／ヨガ・ピラティス経験者活躍中!／インセンティブあり／未経験歓迎新着,ラフィネ ららぽーと豊洲店,東京都,"時給2,232円～4,068円",,介護,求人ボックス,https://xn--pckua2a7gp15o89zb.com/jbn/31c93157403797ee708c781dfb20758e,True,18時間前,2026-06-20 01:09:48,東京都
ラフィネグループのリラクゼーションスタッフ／インセンティブあり／独立支援可能／シフト自由／未経験OK新着,ラフィネプリュス メトロ・エム後楽園店,東京都,"時給2,232円～4,368円",,介護,求人ボックス,https://xn--pckua2a7gp15o89zb.com/jbn/463f054d1a9500e4049949638cf365f2,True,18時間前,2026-06-20 01:09:48,東京都
訪問看護の看護師／月給400000円~／駅チカ新着,介護職,東京都,月給400000円,正社員,介護,求人ボックス,https://xn--pckua2a7gp15o89zb.com/jb/c96203a52e745473e22c9887a96ffa29,True,19時間前,2026-06-20 01:09:51,東京都
保育士／働くならここ／環境／高収入! 先生方一人ひとりを大切にする職場／認可保育園新着,社会福祉法人千曲会,東京都,"月給19万1,400円",正社員,介護,求人ボックス,https://xn--pckua2a7gp15o89zb.com/jbn/a37c669c2720e7e84727275ecd79ae98,True,11時間前,2026-06-20 01:09:51,東京都
看護の相談するなら株式会社アクアコーポレーション!／まずは相談での応募可新着,株式会社アクアコーポレーション,東京都,月給40万円～43万,正社員,介護,求人ボックス,https://xn--pckua2a7gp15o89zb.com/jb/1f0a356dc6153f3bd801cff31de4b042,True,20時間前,2026-06-20 01:09:51,東京都
保育士／認可保育園 高収入／賞与年3回 4ヶ月分／休みが多い! 車通勤OK／認可保育園新着,社会福祉法人片山会,東京都,"月給19万4,155円",正社員,介護,求人ボックス,https://xn--pckua2a7gp15o89zb.com/jbn/cdd591dcae4e410f1875afd94b54eda0,True,11時間前,2026-06-20 01:09:51,東京都
保育士／綺麗な小規模園!年間休日120日!休みが多い!チームワークを大切にしています／小規模認可園新着,三和エンジニアリング株式会社,東京都,"月給20万5,000円",正社員,介護,求人ボックス,https://xn--pckua2a7gp15o89zb.com/jbn/ea6045d7df2384adc0cd038cb99f027a,True,11時間前,2026-06-20 01:09:51,東京都
保育士／分園でのお仕事／認可保育園だけど小規模／時給1200円／認可保育園新着,社会福祉法人つくしんぼ共同保育会,東京都,時給1200円,アルバイト・パート,介護,求人ボックス,https://xn--pckua2a7gp15o89zb.com/jbn/d65077e82807db446337983bdfc41369,True,11時間前,2026-06-20 01:09:51,東京都
介護医療院の看護師／月給400000円新着,介護,東京都大田区の介護医療院,月給400000円,正社員,介護,求人ボックス,https://xn--pckua2a7gp15o89zb.com/jb/ba25d838ada2f02695cd8218cbc5cc15,True,19時間前,2026-06-20 01:09:51,東京都
保育士／綺麗な認可保育園 休みが多い／駅から徒歩9分／住宅手当あり／退職金あり／認可保育園新着,株式会社フロンティアキッズ,東京都,月給21万円～,正社員,介護,求人ボックス,https://xn--pckua2a7gp15o89zb.com/jbn/cba92e27461c11a7afcfe099b826c6f1,True,11時間前,2026-06-20 01:09:51,東京都
ケアマネジャー／訪問看護／ケアマネ募集／年収372万円〜480万円と高待遇!在宅医療を支える仕事新着,株式会社ネクサスメディケア,東京都,月給28万円～40万円,正社員,介護,求人ボックス,https://xn--pckua2a7gp15o89zb.com/jbn/47a311039789732d172219ee926f5197,True,11時間前,2026-06-20 01:09:51,東京都
保育士／フルタイム勤務／まずはパート希望の方必見／残業はもちろんナシ／認可保育園新着,ライクキッズ株式会社,東京都,"時給1,350円～1,850円",アルバイト・パート,介護,求人ボックス,https://xn--pckua2a7gp15o89zb.com/jbn/6b71b7509388779cbea1ad066c0cab39,True,11時間前,2026-06-20 01:09:51,東京都
有料老人ホームの看護師／月給300000円~／日勤のみ／残業少なめ新着,介護,東京都,月給300000円,正社員,介護,求人ボックス,https://xn--pckua2a7gp15o89zb.com/jb/4a4f80f2cb3da8d277777a9fb275ed8d,True,19時間前,2026-06-20 01:09:51,東京都
保育士／人気の小規模園／ゆったり勤務!駅チカで通勤に便利／充実した福利厚生で安心／認可保育園新着,株式会社アルコバレーノ 保育ルーム フェリーチェ...,東京都,月給22万円～41万,正社員,介護,求人ボックス,https://xn--pckua2a7gp15o89zb.com/jbn/a9443f89fb2667d51f713a5404d2b107,True,11時間前,2026-06-20 01:09:51,東京都
保育士／0才さんの産休代替／パートでも賞与あり!／自然豊富な保育園／認可保育園新着,社会福祉法人白鳩福祉会,東京都,"時給1,300円～1,500円",アルバイト・パート,介護,求人ボックス,https://xn--pckua2a7gp15o89zb.com/jbn/8700f2992f838ab36c14656161538f4f,True,11時間前,2026-06-20 01:09:51,東京都
保育士／夕方出来る方募集／短時間なので扶養内希望の方は必見です!／認可保育園新着,社会福祉法人愛隣会,東京都,"時給1,230円～1,500円",アルバイト・パート,介護,求人ボックス,https://xn--pckua2a7gp15o89zb.com/jbn/b8999304b4b4f1c96750c6fe34aa71ae,True,11時間前,2026-06-20 01:09:51,東京都
保育士／正社員求人／駅チカが嬉しい／小規模保育園／大手運営なので安心の福利厚生です!／認可保育園新着,株式会社ten,東京都,"月給23万8,000円",正社員,介護,求人ボックス,https://xn--pckua2a7gp15o89zb.com/jbn/834b0ee45e0721508c83692fe2a48248,True,11時間前,2026-06-20 01:09:51,東京都
営業マネージャー・営業管理新着,株式会社ヘルスベイシス,東京都,月給50万円～100万円,正社員,介護,求人ボックス,https://xn--pckua2a7gp15o89zb.com/jbn/3f9b647f057c6c68888379fdc5b06be4,True,16時間前,2026-06-20 01:09:51,東京都
特別養護老人ホームの看護師／年収3700000円~／日勤のみ／年休120日新着,参考年収351万円～385万円(月給24.4万～25.6万円・,東京都,月給24,正社員,介護,求人ボックス,https://xn--pckua2a7gp15o89zb.com/jb/13201b485f6c877f49dfa4e97e1253da,True,19時間前,2026-06-20 01:09:54,東京都
保育士／続々素敵な仲間がたくさん／延長保育でのんびりと／認可保育園新着,社会福祉法人賛育会,東京都,"時給1,230円～1,500円",アルバイト・パート,介護,求人ボックス,https://xn--pckua2a7gp15o89zb.com/jbn/a1a88d07f2775b30a4a3299a2ab17173,True,11時間前,2026-06-20 01:09:54,東京都
保育士／正社員求人／残り1枠!定員48名／人気の小規模保育園／早い者勝ちです／認可保育園新着,株式会社グローバルキッズ グローバルキッズ板橋園,東京都,"月給23万8,000円",正社員,介護,求人ボックス,https://xn--pckua2a7gp15o89zb.com/jbn/6989c3b8301605e0399a962755884a76,True,11時間前,2026-06-20 01:09:54,東京都
20-50代活躍中／特別養護老人ホームでの看護業務／週3日／時給2000円～／笹塚駅徒歩7分!／特養新着,jobフレンド,東京都,時給2000円～,アルバイト・パート,介護,求人ボックス,https://xn--pckua2a7gp15o89zb.com/jb/c1e4d4d69ecf07acc2b313b2fe942623,True,18時間前,2026-06-20 01:09:54,東京都
サービス提供責任者／赤羽／生活相談員／サービス付高齢者住宅／高収入! 海外研修もあります新着,介護,東京都,"月給27万5,000円",正社員,介護,求人ボックス,https://xn--pckua2a7gp15o89zb.com/jbn/41394e5b690f53c5070ef1009270b6f0,True,11時間前,2026-06-20 01:09:54,東京都
保育士／即日入職OK／幼稚園でのお仕事!賞与は4ヶ月で土日祝休み／年間休日なんと125日!新着,宗教法人円光院,東京都,"月給22万1,500円",正社員,介護,求人ボックス,https://xn--pckua2a7gp15o89zb.com/jbn/ef22a941d5200a14e7db6d487114880a,True,11時間前,2026-06-20 01:09:54,東京都
特別養護老人ホームの看護師／月給331000円~／日勤のみ／駅チカ新着,介護職,東京都,月給331000円,正社員,介護,求人ボックス,https://xn--pckua2a7gp15o89zb.com/jb/ab64f28ef9332c58ac07ade8fda3147f,True,19時間前,2026-06-20 01:09:54,東京都
正看護師／有料老人ホーム／芙蓉ミオ・ファミリア町田新着,医療法人社団芙蓉会 芙蓉ミオ・ファミリア町田,東京都,"月給26万8,500円",正社員,介護,求人ボックス,https://xn--pckua2a7gp15o89zb.com/jb/130144217db544a1043fb4a07019e344,True,22時間前,2026-06-20 01:09:54,東京都
准看護師 夜勤あり新着,株式会社木下の介護 ライフコミューンつつじヶ丘／...,東京都,"月給42万4,000円",契約社員,介護,求人ボックス,https://xn--pckua2a7gp15o89zb.com/jb/18ce9131955200fd7bca4a045fd26f09,True,22時間前,2026-06-20 01:09:54,東京都
施設長補佐・副施設長新着,株式会社木下の介護 リアンレーヴ行船公園,東京都,"月給40万8,500円",正社員,介護,求人ボックス,https://xn--pckua2a7gp15o89zb.com/jb/59158086e12b159ab26f2d3835927901,True,22時間前,2026-06-20 01:09:54,東京都
施設長補佐・副施設長新着,株式会社木下の介護 ライフコミューン大泉学園,東京都,"月給40万8,500円",正社員,介護,求人ボックス,https://xn--pckua2a7gp15o89zb.com/jb/5c195673ddd4e911fc68b3a758b5cedf,True,22時間前,2026-06-20 01:09:54,東京都
サービス提供責任者／サービス付高齢者住宅／サ責／経験問わず／正職員のお仕事新着,東京建物シニアライフサポート株式会社 グレイプス...,東京都,"月給24万5,000円",正社員,介護,求人ボックス,https://xn--pckua2a7gp15o89zb.com/jbn/1690798644d0a6627cceed3583ca0156,True,11時間前,2026-06-20 01:09:54,東京都
「看護師」訪問介護主婦・主夫さん活躍中／経験を生かしたい方／残業ぼぼなし／1日3時間～勤務OK新着,ポピンズVIPケアサービス,東京都,"時給2,100円～2,903円",,介護,求人ボックス,https://xn--pckua2a7gp15o89zb.com/jbn/c25803e2834f4a91efc80bf7f5c9655c,True,23時間前,2026-06-20 01:09:54,東京都
病院内での外来受付スタッフ／書類の作成や患者様のご案内新着,株式会社ルフト・メディカルケア 八王子オフィス,東京都,"時給1,350円～",派遣社員,介護,求人ボックス,https://xn--pckua2a7gp15o89zb.com/jb/bb5d3850aea00ef73efcdae31a465c12,True,6時間前,2026-06-20 01:09:54,東京都
看護助手／一般病院新着,株式会社メルフィス,東京都,月給18万円～20万,正社員,介護,求人ボックス,https://xn--pckua2a7gp15o89zb.com/jb/6f30963d78555aea6c9d36e1b7d8ea29,True,10時間前,2026-06-20 01:09:57,東京都
フィールドセールス新着,タカマツハウス不動産株式会社,東京都,"月給25万5,000円",正社員,介護,求人ボックス,https://xn--pckua2a7gp15o89zb.com/jbn/168996827594e412e6122359dccb75ce,True,17時間前,2026-06-20 01:09:57,東京都
タレント・芸能・観光客の送迎ドライバー「週3日勤務」賞与年2回／初年度から月収50万円以上新着,介護職,東京都,"月給51万5,000円",正社員,介護,求人ボックス,https://xn--pckua2a7gp15o89zb.com/jbn/e686a8672a5d2dec31a038eaa9fdc28c,True,16時間前,2026-06-20 01:09:57,東京都
役員運転手「月収50万以上可・普通免許のみOK・未経験歓迎」ボーナスあり新着,介護職,東京都,"月給46万2,000円",正社員,介護,求人ボックス,https://xn--pckua2a7gp15o89zb.com/jbn/825abf9d89f8c458a08adaf024b4f4ef,True,19時間前,2026-06-20 01:09:57,東京都
有料老人ホーム 夜勤専従介護スタッフ新着,株式会社ツクイ,東京都,"時給1,346円～1,599円",アルバイト・パート,介護,求人ボックス,https://xn--pckua2a7gp15o89zb.com/jb/47fecd68edcfb98a0d3e7b0139ee82a1,True,55分前,2026-06-20 01:09:57,東京都
窓口受付や会計 クリニックでの受付事務スタッフ新着,株式会社ルフト・メディカルケア,東京都,"時給1,600円～",派遣社員,介護,求人ボックス,https://xn--pckua2a7gp15o89zb.com/jb/da2c198c3d1af289612a5b8bc6bd4f3e,True,18時間前,2026-06-20 01:09:57,東京都
フィールドセールス新着,株式会社キージェント,東京都,月給20万円～24万円,正社員,介護,求人ボックス,https://xn--pckua2a7gp15o89zb.com/jbn/9b7b2db01adc8a44d3e051508571b20a,True,14時間前,2026-06-20 01:09:57,東京都
放課後等デイサービスの児童発達支援管理責任者新着,ヒナタバ,東京都,月給26万円～,正社員,介護,求人ボックス,https://xn--pckua2a7gp15o89zb.com/jb/a83cdd7d1483249a2967029f582efe1c,True,3時間前,2026-06-20 01:09:57,東京都
ケアマネジャー／有料老人ホームの計画作成担当者新着,株式会社ケア21,東京都,"時給1,481円",アルバイト・パート,介護,求人ボックス,https://xn--pckua2a7gp15o89zb.com/jb/6a69409b8a0674fe52fd8ed451ea1e0b,True,9時間前,2026-06-20 01:09:57,東京都
グループホームの生活支援員新着,ソーシャルインクルー株式会社,東京都,月給27万円～31万,正社員,介護,求人ボックス,https://xn--pckua2a7gp15o89zb.com/jb/477791328c9e957ee6aaf98e87131f2c,True,10時間前,2026-06-20 01:09:57,東京都
2027年4月オープン／お祝い金20万円／サービス提供責任者／医心館新着,株式会社アンビス,東京都,"月給38万1,100円",正社員,介護,求人ボックス,https://xn--pckua2a7gp15o89zb.com/jb/705bd4fe033719be59d3551bdff6d174,True,10時間前,2026-06-20 01:09:57,東京都
看護師／准看護師／一人で抱え込まないチームケア。現場の声を大切により良いケアと働きやすい職場をつくる新着,セントケア千葉株式会社,東京都,"月給25万5,500円",契約社員,介護,求人ボックス,https://xn--pckua2a7gp15o89zb.com/jb/dfb606652fffe48061e42fec16a013c2,True,18時間前,2026-06-20 01:09:57,東京都
お客さまの人生に寄り添う MYリレーションシップアソシエイト新着,明治安田生命保険相互会社,東京都,月給29万円～,正社員,介護,求人ボックス,https://xn--pckua2a7gp15o89zb.com/jb/ed30eda6dc2d7bd48a59defe4966e825,True,3時間前,2026-06-20 01:09:57,東京都
接客スタッフ 推し活・ペット休暇／海外旅行プレゼント制度／ネイル・まつげサロン割引／新宿・横浜に社宅新着,ソフトアンドハウス有限会社,東京都,月給25万円～43万円,正社員,介護,求人ボックス,https://xn--pckua2a7gp15o89zb.com/jb/1953101081c3dca9c4086bee1835b927,True,1時間前,2026-06-20 01:09:57,東京都
生活サポート新着,グッドタイムホーム・府中,東京都,"時給1,320円～1,420円",アルバイト・パート,介護,求人ボックス,https://xn--pckua2a7gp15o89zb.com/jb/363c6f841c975888d2384a828f31d419,True,14時間前,2026-06-20 01:09:57,東京都
介護福祉士新着,介護付有料老人ホーム ゆうらいふ世田谷,東京都,"月給23万9,757円",正社員,介護,求人ボックス,https://xn--pckua2a7gp15o89zb.com/jb/7d03307bb5e4710583ad491c8f8f9fad,True,19時間前,2026-06-20 01:10:01,東京都
ケアスタッフ新着,ろうけん隅田秋光園,東京都,"時給1,352円～1,538円",アルバイト・パート,介護,求人ボックス,https://xn--pckua2a7gp15o89zb.com/jb/0544d6861c5cec421fac65e7e42b45cd,True,15時間前,2026-06-20 01:10:01,東京都
介護福祉士／有料老人ホーム新着,株式会社アンビス 医心館 中野,東京都,"月給17万3,200円",正社員,介護,求人ボックス,https://xn--pckua2a7gp15o89zb.com/jb/b12b87eebf0b5877eb87c19a704cb4aa,True,1時間前,2026-06-20 01:10:01,東京都
生活サポート新着,グッドケア・西東京,東京都,"時給1,352円～1,538円",アルバイト・パート,介護,求人ボックス,https://xn--pckua2a7gp15o89zb.com/jb/58bdf6cf00f1b8f5b35fdd3b8438e799,True,14時間前,2026-06-20 01:10:01,東京都
ケアマネジャー／特別養護老人ホーム新着,社会福祉法人はとせふ 特別養護老人ホームはるかぜ,東京都,月給27万円～,正社員,介護,求人ボックス,https://xn--pckua2a7gp15o89zb.com/jb/336aa1676125fb19fe0a7413d3ce82ff,True,23時間前,2026-06-20 01:10:01,東京都
生活サポート新着,板橋やすらぎの園,東京都,"時給1,320円～1,600円",アルバイト・パート,介護,求人ボックス,https://xn--pckua2a7gp15o89zb.com/jb/17403fb9f1e73759662efb2d052c32c3,True,14時間前,2026-06-20 01:10:01,東京都
生活サポート新着,グッドタイムナーシングホーム・江戸川,東京都,"時給1,320円～1,600円",アルバイト・パート,介護,求人ボックス,https://xn--pckua2a7gp15o89zb.com/jb/4adf4d23da45359e7c383fe1e36f4f2d,True,10時間前,2026-06-20 01:10:01,東京都
訪問介護ヘルパー新着,グッドタイムケア・町田,東京都,"時給1,600円",アルバイト・パート,介護,求人ボックス,https://xn--pckua2a7gp15o89zb.com/jb/4e1a55f369b8045ed299077f16bff527,True,14時間前,2026-06-20 01:10:01,東京都
未経験OK 管理アシスタント 土日祝 年休125日 定時退社新着,株式会社レバキャリ,東京都,月給23万円～,正社員,介護,求人ボックス,https://xn--pckua2a7gp15o89zb.com/jb/9573155f5ec4268322eb4da38d63ddd1,True,11時間前,2026-06-20 01:10:01,東京都
訪問介護ヘルパー新着,グッドタイムナーシングホーム・国分寺,東京都,"時給1,420円～1,600円",アルバイト・パート,介護,求人ボックス,https://xn--pckua2a7gp15o89zb.com/jb/418a1d4f1248d809632423f08b7186fe,True,12時間前,2026-06-20 01:10:01,東京都
未経験OK エッセンシャルワーカーに特化した!キャリアコンサルタント新着,株式会社プレアデス,東京都,年収402万円～651万円,正社員,介護,求人ボックス,https://xn--pckua2a7gp15o89zb.com/jb/411122dc7ab43a3c820adc0b7c0d74a4,True,11時間前,2026-06-20 01:10:01,東京都
ケアスタッフ新着,グッドタイムナーシングホーム・府中弐番館,東京都,"時給1,420円",アルバイト・パート,介護,求人ボックス,https://xn--pckua2a7gp15o89zb.com/jb/9e90ae5c96574d76c386efe3bf2918c4,True,12時間前,2026-06-20 01:10:01,東京都
正看護師 准看護師／療養型病院／ふよう病院新着,医療法人社団芙蓉会 ふよう病院,東京都,"時給1,900円～",アルバイト・パート,介護,求人ボックス,https://xn--pckua2a7gp15o89zb.com/jb/f289e8c861b9d479dfb462214905fc2c,True,23時間前,2026-06-20 01:10:01,東京都
暮らしサポート新着,ユースタイルケア 西東京／Ja,東京都,"時給1,560円～",アルバイト・パート,介護,求人ボックス,https://xn--pckua2a7gp15o89zb.com/jb/8191c2d236c3bfcc8484061e7e78ed8e,True,15時間前,2026-06-20 01:10:01,東京都
一般事務／有料老人ホーム新着,KC-Welfare株式会社 住宅型有料老人ホー...,東京都,"月給30万5,000円",正社員,介護,求人ボックス,https://xn--pckua2a7gp15o89zb.com/jb/b1700fbba35045e5cce4e181a717cf69,True,21時間前,2026-06-20 01:10:01,東京都
保育士／練馬区貫井／認証保育園／定員40名／残業ほぼなし／ユニフォーム...新着,アルコバレーノ 保育ルームフェリーチェ練馬中村橋園,東京都,月給22万円～29万,正社員,保育,求人ボックス,https://xn--pckua2a7gp15o89zb.com/jbn/57ddec30409dc3083539fa9864e229ff,True,11時間前,2026-06-20 01:09:40,東京都
保育士／最寄り駅9分／賞与あり／年間休日118日／未経験OK新着,株式会社エンゼルランド,東京都,"時給1,230円～1,300円",アルバイト・パート,保育,求人ボックス,https://xn--pckua2a7gp15o89zb.com/jbn/079304a5bdffb640abc8df0a98865993,True,11時間前,2026-06-20 01:09:41,東京都
保育士／認可保育園／昇給あり／研修制度あり／バス停から徒歩4分新着,社会福祉法人多摩養育園,東京都,"時給1,230円～1,313円",アルバイト・パート,保育,求人ボックス,https://xn--pckua2a7gp15o89zb.com/jbn/3db3d0b8fb713f569b28a876151b129c,True,11時間前,2026-06-20 01:09:41,東京都
保育士／認可保育園／小規模／完全週休2日／残業少なめ／福利厚生充実新着,株式会社みんなの保育園,東京都,月給22万円～28万,正社員,保育,求人ボックス,https://xn--pckua2a7gp15o89zb.com/jbn/89234a76f19b47fd598f7a048cb9365c,True,11時間前,2026-06-20 01:09:45,東京都
保育士／認可保育園／シフト制／賞与あり／車通勤可／認可保育園新着,特定非営利活動法人あおぞら福祉会,東京都,月給22万円～22万,正社員,保育,求人ボックス,https://xn--pckua2a7gp15o89zb.com/jbn/2bd7d12be2ae90a6657523010ee8fed4,True,11時間前,2026-06-20 01:09:48,東京都
保育士／認可保育園／平日のみ／交通費全額支給／駅徒歩5分／アットホーム新着,社会福祉法人花川戸保育園,東京都,"時給1,230円～",アルバイト・パート,保育,求人ボックス,https://xn--pckua2a7gp15o89zb.com/jbn/b9cc5ba56387aefd4ce2d1a56f02d3b2,True,11時間前,2026-06-20 01:09:48,東京都
保育士／世田谷区三軒茶屋／小規模認可園／2020年開園／駅徒歩10分圏...新着,社会福祉法人和光会,東京都,"月給25万2,034円",正社員,保育,求人ボックス,https://xn--pckua2a7gp15o89zb.com/jbn/7a839e4a27a14a3fca1abc0bec8754d2,True,11時間前,2026-06-20 01:09:48,東京都
保育士／日野市多摩平／放課後等デイサービス／40代活躍中新着,株式会社会議室コンシェルジュ ぽかぽかステップミ...,東京都,"時給1,300円～",アルバイト・パート,保育,求人ボックス,https://xn--pckua2a7gp15o89zb.com/jbn/34520a32c810b035acc81039d9d94cf4,True,11時間前,2026-06-20 01:09:48,東京都
保育士／認可保育園／シフト制／賞与あり／年間休日120日以上新着,株式会社SmallLand,東京都,"月給24万4,000円",正社員,保育,求人ボックス,https://xn--pckua2a7gp15o89zb.com/jbn/2de0e149e4b8715d7ea956cee61cf397,True,11時間前,2026-06-20 01:09:51,東京都
保育士／認可保育園／駅チカ／手当多数／ピアノスキル不問／認可保育園新着,社会福祉法人ベタニヤホーム,東京都,"月給22万6,900円",正社員,保育,求人ボックス,https://xn--pckua2a7gp15o89zb.com/jbn/1aba068276990e88716c6189657e5422,True,11時間前,2026-06-20 01:09:51,東京都
保育士／世田谷区北沢／認可保育園／賞与／昇給あり／週休2日制新着,株式会社ALTA キラキラキッズナーサリ?下北沢,東京都,月給22万円～27万円,正社員,保育,求人ボックス,https://xn--pckua2a7gp15o89zb.com/jbn/f96246470544e1450eaff8b89477570f,True,11時間前,2026-06-20 01:09:57,東京都
保育士／杉並区高円寺南／認可保育園／福利厚生充実／充実の研修制度新着,株式会社アイ・エス・シー,東京都,月給24万240円,正社員,保育,求人ボックス,https://xn--pckua2a7gp15o89zb.com/jbn/fb499dc0be48a4073742891eca5a2946,True,11時間前,2026-06-20 01:10:01,東京都
保育士／国分寺市西恋ヶ窪／認可保育園／駅チカ／日祝休み／平日勤務のみ可新着,社会福祉法人桑の実会,東京都,"時給1,300円～",アルバイト・パート,保育,求人ボックス,https://xn--pckua2a7gp15o89zb.com/jbn/d1ed680ddc854e1e22885e3ad14f939e,True,11時間前,2026-06-20 01:10:09,東京都
保育士／葛飾区水元／認可保育園／車通勤可／週3日〜8時間勤務新着,社会福祉法人徳育会 徳育幼稚園,東京都,"時給1,230円～",アルバイト・パート,保育,求人ボックス,https://xn--pckua2a7gp15o89zb.com/jbn/efd8f53a78dd5ab666371c863430e011,True,11時間前,2026-06-20 01:10:09,東京都
保育士／認証保育園／研修制度あり／休日休暇制度充実／制服貸与／有給休暇新着,株式会社ニチイ学館,東京都,"月給22万3,000円",正社員,保育,求人ボックス,https://xn--pckua2a7gp15o89zb.com/jbn/0b71846474f4dc1296442e2b71f2a832,True,11時間前,2026-06-20 01:10:14,東京都
保育士／目黒区大橋／認可保育園／駅チカ／週3日／残業ほぼなし新着,社会福祉法人信和会,東京都,"時給1,230円～1,300円",アルバイト・パート,保育,求人ボックス,https://xn--pckua2a7gp15o89zb.com/jbn/ed87799aad10d1569f301ee1ac30c7f7,True,11時間前,2026-06-20 01:10:17,東京都
保育士／品川区二葉／認可保育園／交通費支給／退職金制度あり／シフト制新着,はぐはぐキッズ株式会社,東京都,"月給23万4,000円",正社員,保育,求人ボックス,https://xn--pckua2a7gp15o89zb.com/jbn/edd71d2533275af5b529b4e4195829de,True,11時間前,2026-06-20 01:10:17,東京都
週3勤務／送迎ドライバー／月給40万円以上／賞与年2回／VIP・モデル・タレント・芸能人・有名人新着,フォークリフト/,東京都,月給40万円,正社員,建設,求人ボックス,https://xn--pckua2a7gp15o89zb.com/jbn/d87d754c8674da23d1cb7d69849ec5a7,True,3時間前,2026-06-20 01:10:05,東京都
週4日休み／送迎ドライバー／月給40万円以上／賞与年2回／VIP・モデル・タレント・芸能人・有名人新着,フォークリフト/,東京都,月給40万円,正社員,建設,求人ボックス,https://xn--pckua2a7gp15o89zb.com/jbn/a2edf423238c3a6c84fd3211773a8068,True,3時間前,2026-06-20 01:10:05,東京都
週3勤務／ハイヤードライバー／月給40万円以上／賞与年2回／VIP・モデル・タレント・芸能人・有名人新着,フォークリフト/,東京都,月給40万円,正社員,建設,求人ボックス,https://xn--pckua2a7gp15o89zb.com/jbn/6a3a0d9b46ebaf0f57b289c57ba70e70,True,3時間前,2026-06-20 01:10:05,東京都
普通免許のみOK／役員運転手／月給40万円以上／賞与年2回／VIP・モデル・タレント・芸能人・有名人新着,フォークリフト/,東京都,月給40万円,正社員,建設,求人ボックス,https://xn--pckua2a7gp15o89zb.com/jbn/6b046d3445a0abc0dc3052aaaecd66c4,True,2時間前,2026-06-20 01:10:05,東京都
週4日休み／ハイヤードライバー／月給40万円以上／賞与年2回／VIP・モデル・タレント・芸能人新着,フォークリフト/,東京都,月給40万円,正社員,建設,求人ボックス,https://xn--pckua2a7gp15o89zb.com/jbn/a3d1b6ed335029e7886b4ce09cfe5356,True,3時間前,2026-06-20 01:10:05,東京都
空港送迎ドライバー「週3勤務」手取り40万以上／普通免許のみOK新着,株式会社アシスト,東京都,"月給45万8,000円",正社員,建設,求人ボックス,https://xn--pckua2a7gp15o89zb.com/jbn/349aec31c0edfdabb3b3b028786df187,True,18時間前,2026-06-20 01:10:05,東京都
週4日休み／役員運転手／月給40万円以上／賞与年2回／VIP・モデル・タレント・芸能人・有名人新着,フォークリフト/,東京都,月給40万円,正社員,建設,求人ボックス,https://xn--pckua2a7gp15o89zb.com/jbn/6726a05c51a5bf68c7cfa637923217a6,True,3時間前,2026-06-20 01:10:05,東京都
週3勤務／役員運転手／月給40万円以上／賞与年2回／VIP・モデル・タレント・芸能人・有名人新着,フォークリフト/,東京都,月給40万円,正社員,建設,求人ボックス,https://xn--pckua2a7gp15o89zb.com/jbn/fcc321ea27bd2474fa8ceafc7aae59ca,True,3時間前,2026-06-20 01:10:05,東京都
普通免許のみOK／ハイヤードライバー／月給40万円以上／賞与年2回／VIP・モデル・タレント・芸能人新着,フォークリフト/,東京都,月給40万円,正社員,建設,求人ボックス,https://xn--pckua2a7gp15o89zb.com/jbn/d191034a78b6dd2156467549b9bc0a77,True,2時間前,2026-06-20 01:10:05,東京都
普通免許のみOK／送迎ドライバー／月給40万円以上／賞与年2回／VIP・モデル・タレント・芸能人新着,フォークリフト/,東京都,月給40万円,正社員,建設,求人ボックス,https://xn--pckua2a7gp15o89zb.com/jbn/8a5ca8d82bdb95b58630e2d16a2a7ac7,True,2時間前,2026-06-20 01:10:05,東京都
夜勤のみ／送迎ドライバー／月給40万円以上／賞与年2回／VIP・モデル・タレント・芸能人・有名人新着,建設,東京都,月給40万円,正社員,建設,求人ボックス,https://xn--pckua2a7gp15o89zb.com/jbn/0a2ef4a1e6bfaa592e5d7e0ce6842af7,True,2時間前,2026-06-20 01:10:05,東京都
「予約制の送迎ドライバー」週3日勤務で月収40万円以上／未経験OK／20代～50代が活躍中新着,建設,東京都,"月給51万5,000円",正社員,建設,求人ボックス,https://xn--pckua2a7gp15o89zb.com/jbn/b635912f8787ac86006314074e117549,True,15時間前,2026-06-20 01:10:05,東京都
夜勤のみ／ハイヤードライバー／月給40万円以上／賞与年2回／VIP・モデル・タレント・芸能人・有名人新着,建設,東京都,月給40万円,正社員,建設,求人ボックス,https://xn--pckua2a7gp15o89zb.com/jbn/781771a74e5aa8eeebd6261039d7083d,True,2時間前,2026-06-20 01:10:05,東京都
夜勤のみ／役員運転手／月給40万円以上／賞与年2回／VIP・モデル・タレント・芸能人・有名人新着,建設,東京都,月給40万円,正社員,建設,求人ボックス,https://xn--pckua2a7gp15o89zb.com/jbn/9e4a2369c82c9327adc00ba8aff94f88,True,2時間前,2026-06-20 01:10:10,東京都
普免のみOK／役員運転手／月給40万円以上／賞与年2回／VIP・モデル・タレント・芸能人・有名人新着,建設,東京都,月給40万円,正社員,建設,求人ボックス,https://xn--pckua2a7gp15o89zb.com/jbn/83910f2b6db9c5d724665a2e78ba2691,True,2時間前,2026-06-20 01:10:10,東京都
日勤のみ／役員運転手／月給40万円以上／賞与年2回／VIP・モデル・タレント・芸能人・有名人新着,建設,東京都,月給40万円,正社員,建設,求人ボックス,https://xn--pckua2a7gp15o89zb.com/jbn/c9ff5000a0f063e4b4a380f8b45fd249,True,2時間前,2026-06-20 01:10:10,東京都
普免のみOK／ハイヤードライバー／月給40万円以上／賞与年2回／VIP・モデル・タレント・芸能人新着,フォークリフト/,東京都,月給40万円,正社員,建設,求人ボックス,https://xn--pckua2a7gp15o89zb.com/jbn/0bcca75a6159a43e7cca756c25b2851f,True,2時間前,2026-06-20 01:10:10,東京都
普免のみOK／送迎ドライバー／月給40万円以上／賞与年2回／VIP・モデル・タレント・芸能人・有名人新着,建設,東京都,月給40万円,正社員,建設,求人ボックス,https://xn--pckua2a7gp15o89zb.com/jbn/fe16c352d375e95a0bbaaab9b1d6e057,True,2時間前,2026-06-20 01:10:10,東京都
日勤のみ／ハイヤードライバー／月給40万円以上／賞与年2回／VIP・モデル・タレント・芸能人・有名人新着,フォークリフト/,東京都,月給40万円,正社員,建設,求人ボックス,https://xn--pckua2a7gp15o89zb.com/jbn/8644d93312723016178dc518bd32a2e0,True,2時間前,2026-06-20 01:10:10,東京都
日勤のみ／送迎ドライバー／月給40万円以上／賞与年2回／VIP・モデル・タレント・芸能人・有名人新着,フォークリフト/,東京都,月給40万円,正社員,建設,求人ボックス,https://xn--pckua2a7gp15o89zb.com/jbn/f8372176fbe58c5877132913bccc00c5,True,2時間前,2026-06-20 01:10:10,東京都
「予約対応送迎ドライバー」月収40万以上・未経験歓迎／週3勤務・20代~50代活躍中新着,フォークリフト/,東京都,"月給45万5,000円",正社員,建設,求人ボックス,https://xn--pckua2a7gp15o89zb.com/jbn/4dd6fdcf8b766c5fd3aca0444abb5858,True,20時間前,2026-06-20 01:10:12,東京都
「週3日勤務」役員運転手「1年目年収600万円以上可／賞与年2回あり」二種免許不要新着,フォークリフト/,東京都,"月給45万7,000円",正社員,建設,求人ボックス,https://xn--pckua2a7gp15o89zb.com/jbn/caf9ae82982f1f799569b7e5f16979f0,True,19時間前,2026-06-20 01:10:12,東京都
週3勤務の役員送迎ドライバー／普通免許だけで応募OK／予約中心で落ち着いて働ける／賞与年2回新着,未経験OK,東京都,"月給51万5,000円",正社員,建設,求人ボックス,https://xn--pckua2a7gp15o89zb.com/jbn/43e3edd2d4e001d3dd7b29ae2733592f,True,16時間前,2026-06-20 01:10:12,東京都
週3勤務の予約送迎ドライバー／普通免許OK／未経験から正社員へ／履歴書不要／賞与年2回新着,未経験OK,東京都,"月給51万5,000円",正社員,建設,求人ボックス,https://xn--pckua2a7gp15o89zb.com/jbn/a16b07b21f73690f0e0eac2597c3d1f8,True,16時間前,2026-06-20 01:10:12,東京都
役員・VIP送迎ドライバー／普通免許OK／年収600万円以上も可／履歴書不要／退職金制度あり新着,未経験OK,東京都,"月給51万5,000円",正社員,建設,求人ボックス,https://xn--pckua2a7gp15o89zb.com/jbn/7d995e8cfc36040f2319cfc3b4d294f9,True,15時間前,2026-06-20 01:10:12,東京都
役員・著名人の予約送迎ドライバー／普通免許OK・AT限定可／未経験から正社員へ／週3日勤務可新着,未経験OK,東京都,"月給51万5,000円",正社員,建設,求人ボックス,https://xn--pckua2a7gp15o89zb.com/jbn/d8f20dbe5f8ebf3fec547007c2993576,True,15時間前,2026-06-20 01:10:12,東京都
工事現場軽作業 入社祝い金あり／日払い可／短期可 社宅寮完備ですぐに働ける新着,株式会社releaf,東京都,"日給1万1,000円",正社員,建設,求人ボックス,https://xn--pckua2a7gp15o89zb.com/jb/ecf289a8256176ad92a3e90b5b0c45c1,True,14時間前,2026-06-20 01:10:12,東京都
軽作業新着,株式会社東輝建設,東京都,日給1万円,正社員,建設,求人ボックス,https://xn--pckua2a7gp15o89zb.com/jb/d7dd6486465780ffbf1990bb335a589e,True,16時間前,2026-06-20 01:10:12,東京都
電気設備施工管理新着,株式会社ビーライト,東京都,月給30万円～50万円,正社員,建設,求人ボックス,https://xn--pckua2a7gp15o89zb.com/jbn/277ba94d3ae0f774c8d75a2a266fe0ef,True,14時間前,2026-06-20 01:10:16,東京都
施工管理経験者 公共施設・商業施設・共同住宅の建築施工管理新着,建設,東京都,年収500万円～800万円,正社員,建設,求人ボックス,https://xn--pckua2a7gp15o89zb.com/jb/8fea2fc67907a8212cc7bee54ed40947,True,10時間前,2026-06-20 01:10:16,東京都
画像認識AIアルゴリズムエンジニア新着,物体検出アプリ利用事例:人・車両・生活用品など多様な物体を識別し、設定エリアへの侵入やライン通過を検知する汎用物体検知アプリとして提供。(,東京都,"年収800万円～1,200万円",正社員,建設,求人ボックス,https://xn--pckua2a7gp15o89zb.com/jb/2c7d3921d319353261c5c1e9e90a146b,True,2時間前,2026-06-20 01:10:16,東京都
画像認識AIプロダクト開発エンジニア新着,物体検出アプリ利用事例:人・車両・生活用品など多様な物体を識別し、設定エリアへの侵入やライン通過を検知する汎用物体検知アプリとして提供。(,東京都,"年収800万円～1,200万円",正社員,建設,求人ボックス,https://xn--pckua2a7gp15o89zb.com/jb/c9dabc364425ad3b535f4b16b23270af,True,2時間前,2026-06-20 01:10:16,東京都
月収36万以上可!建築資材加工・検品／高時給／日払い／寮完備／倉庫内作業／20代から40代活躍中新着,異業種からの転職者多数!元・現場,東京都,月給35万円～40万円,正社員,建設,求人ボックス,https://xn--pckua2a7gp15o89zb.com/jbn/69d7186b2ab5ca0b29ef3093c20944c2,True,22時間前,2026-06-20 01:10:16,東京都
デバッグエンジニアアシスタント未経験歓迎「研修あり／交通費支給／土日祝休み」新しいキャリアを築こう新着,株式会社alBee,東京都,月給25万円～30万円,正社員,建設,求人ボックス,https://xn--pckua2a7gp15o89zb.com/jbn/f5b3700bba7a5e9a57fb0c52caf8de25,True,3時間前,2026-06-20 01:10:19,東京都
熱交換機・圧縮機の機械組立／工業系卒歓迎／社会保険完備／週休2日制／定年なし新着,アネックス・ジャパン株式会社,東京都,"時給1,900円～",派遣社員,建設,求人ボックス,https://xn--pckua2a7gp15o89zb.com/jbn/17be9772ade7ca1d7450f5fb75dbe385,True,23時間前,2026-06-20 01:10:19,東京都
経験者大募集!CADオペレーター／時短・週4可 柔軟に調整 JW CADオペレーター N987新着,日研トータルソーシング株式会社,東京都,"時給1,800円",派遣社員,建設,求人ボックス,https://xn--pckua2a7gp15o89zb.com/jbn/5d81431d6b4f8059d3f28b8aa1950aee,True,22時間前,2026-06-20 01:10:19,東京都
建築施工管理新着,株式会社レーベンホームビルド,東京都,月給30万円～50万円,正社員,建設,求人ボックス,https://xn--pckua2a7gp15o89zb.com/jbn/0d9750e764636bbd5308919edda183cc,True,16時間前,2026-06-20 01:10:19,東京都
電気設備施工管理新着,株式会社ベストサポートシステムズ,東京都,月給26万円～39万円,正社員,建設,求人ボックス,https://xn--pckua2a7gp15o89zb.com/jbn/24e3f51c3b55bf50a13fc455a7a11324,True,16時間前,2026-06-20 01:10:19,東京都
「予約中心で安心」役員送迎ドライバー／年収600万円以上／未経験歓迎新着,...以下のような経験をお持ちの方は特に歓迎します。・軽貨物ドライバー・ルート配送スタッフ・宅配ドライバー・タクシー運転手・大型トラックドライバー・フォークリフトオペレーター・,東京都,"月給47万7,000円",正社員,建設,求人ボックス,https://xn--pckua2a7gp15o89zb.com/jbn/9bc2a646e7c690139312f2e5dd07cded,True,18時間前,2026-06-20 01:10:23,東京都
役員運転手「週3勤務」資格取得支援あり／月収40万円以上／安定収入／転職回数不問新着,...以下のような経験をお持ちの方は特に歓迎します。・軽貨物ドライバー・ルート配送スタッフ・宅配ドライバー・タクシー運転手・大型トラックドライバー・フォークリフトオペレーター・,東京都,"月給47万6,000円",正社員,建設,求人ボックス,https://xn--pckua2a7gp15o89zb.com/jbn/abfdb5beaa22adee6bf4edc5f65dc748,True,18時間前,2026-06-20 01:10:23,東京都
「高収入」夜勤／役員運転手／定期送迎「月収50万円以上可能／安定収入／賞与年2回」新着,建設・,東京都,"月給47万7,000円",正社員,建設,求人ボックス,https://xn--pckua2a7gp15o89zb.com/jbn/63330d2970f9dbc8944675435a155bb0,True,18時間前,2026-06-20 01:10:23,東京都
送迎ドライバー／週3勤務／異業種からの転職歓迎新着,建設・,東京都,"月給47万8,000円",正社員,建設,求人ボックス,https://xn--pckua2a7gp15o89zb.com/jbn/d3edaec08a4a811e46aecad0f415118d,True,18時間前,2026-06-20 01:10:23,東京都
「週3日勤務で高収入」役員送迎ドライバー／家族手当あり／賞与年2回新着,...以下のような経験をお持ちの方は特に歓迎します。・軽貨物ドライバー・ルート配送スタッフ・宅配ドライバー・タクシー運転手・大型トラックドライバー・フォークリフトオペレーター・,東京都,"月給47万7,000円",正社員,建設,求人ボックス,https://xn--pckua2a7gp15o89zb.com/jbn/58a5d981f9375639f12dbbd02250e8ff,True,18時間前,2026-06-20 01:10:23,東京都
「月内採用」役員運転手・夜勤／職歴不問／未経験OK／1年目年収600万円以上可／賞与年2回新着,作業,東京都,"月給47万6,500円",正社員,建設,求人ボックス,https://xn--pckua2a7gp15o89zb.com/jbn/0e04b7cdb49bccf4330959bf2d72b1f5,True,18時間前,2026-06-20 01:10:23,東京都
夜勤タクシードライバー／未経験スタートOK／年2回のボーナス支給あり／資格取得支援制度あり新着,作業,東京都,"月給47万8,500円",正社員,建設,求人ボックス,https://xn--pckua2a7gp15o89zb.com/jbn/6ee32f49b5b618ff69cd9d0a233f7c64,True,18時間前,2026-06-20 01:10:25,東京都
「夜勤でしっかり稼ぐ」VIP送迎ドライバー／残業少なめ／正社員採用／賞与あり新着,...以下のような経験をお持ちの方は特に歓迎します。・軽貨物ドライバー・ルート配送スタッフ・宅配ドライバー・タクシー運転手・大型トラックドライバー・フォークリフトオペレーター・,東京都,"月給47万7,000円",正社員,建設,求人ボックス,https://xn--pckua2a7gp15o89zb.com/jbn/d4291f2a4d0a5c6fad09c3d67cc67281,True,18時間前,2026-06-20 01:10:25,東京都
「タレント／芸能」送迎ドライバー／週3勤務／学歴不問／1年目月収50万以上／賞与年2回新着,建設・,東京都,"月給47万6,000円",正社員,建設,求人ボックス,https://xn--pckua2a7gp15o89zb.com/jbn/3d2978eb9b6632c6ee4f2aad960f5997,True,18時間前,2026-06-20 01:10:25,東京都
VIP専属送迎スタッフ／普通免許のみで応募OK／週3日勤務／賞与あり／高収入実現可能新着,作業,東京都,"月給51万6,000円",正社員,建設,求人ボックス,https://xn--pckua2a7gp15o89zb.com/jbn/66a5f2c98f0d3c2a97ba1d95596f3286,True,18時間前,2026-06-20 01:10:25,東京都
「即入社相談可」夜間送迎スタッフ／履歴書不要／安定の正社員雇用新着,作業,東京都,"月給51万5,000円",正社員,建設,求人ボックス,https://xn--pckua2a7gp15o89zb.com/jbn/6c639626609626b1c1d4b948dc9543b3,True,19時間前,2026-06-20 01:10:29,東京都
「普通免許のみOK」役員ドライバー／資格不問・月収50万以上可・賞与年2回新着,...以下のような経験をお持ちの方は特に歓迎します。・軽貨物ドライバー・ルート配送スタッフ・宅配ドライバー・タクシー運転手・大型トラックドライバー・フォークリフトオペレーター・,東京都,"月給51万4,500円",正社員,建設,求人ボックス,https://xn--pckua2a7gp15o89zb.com/jbn/85ce8c1c2102a1acc5c6d0b40bfd54b4,True,19時間前,2026-06-20 01:10:29,東京都
「正社員」週3勤務の送迎ドライバー／未経験者活躍中／年収500万円以上可能／土日祝休み取得可新着,建設・,東京都,"月給51万6,500円",正社員,建設,求人ボックス,https://xn--pckua2a7gp15o89zb.com/jbn/7179f092d02ee31c9d1e5b72553327fd,True,19時間前,2026-06-20 01:10:29,東京都
「未経験歓迎」役員専属ドライバー／月収50万円以上可／退職金制度あり新着,...以下のような経験をお持ちの方は特に歓迎します。・軽貨物ドライバー・ルート配送スタッフ・宅配ドライバー・タクシー運転手・大型トラックドライバー・フォークリフトオペレーター・,東京都,"月給51万4,000円",正社員,建設,求人ボックス,https://xn--pckua2a7gp15o89zb.com/jbn/aa26d9b0f17d2cd39cd7a7e2e6859224,True,19時間前,2026-06-20 01:10:29,東京都
役員送迎ドライバー／未経験歓迎／会食・空港送迎中心／年収600万円以上可新着,建設・,東京都,"月給47万7,000円",正社員,建設,求人ボックス,https://xn--pckua2a7gp15o89zb.com/jbn/e78e1dd90f5b8f92abac83223641c642,True,19時間前,2026-06-20 01:10:29,東京都
「予約中心だから未経験でも安心」ハイヤードライバー／週3勤務／月収50万円以上可新着,建設・,東京都,"月給51万6,000円",正社員,建設,求人ボックス,https://xn--pckua2a7gp15o89zb.com/jbn/92453b53fbc9b72c40d2ab2e6a396b6b,True,19時間前,2026-06-20 01:10:29,東京都
「夜勤で稼げる」役員送迎ドライバー／普通免許のみOK／年収600万円以上可／賞与年2回新着,...以下のような経験をお持ちの方は特に歓迎します。・軽貨物ドライバー・ルート配送スタッフ・宅配ドライバー・タクシー運転手・大型トラックドライバー・フォークリフトオペレーター・,東京都,"月給51万4,000円",正社員,建設,求人ボックス,https://xn--pckua2a7gp15o89zb.com/jbn/75149aa69eb53927b641db8f9b350c21,True,19時間前,2026-06-20 01:10:32,東京都
「週3日勤務で年収600万円も可能」役員送迎ドライバー／普通免許のみOK／未経験歓迎／賞与年2回新着,建設・,東京都,"月給51万6,000円",正社員,建設,求人ボックス,https://xn--pckua2a7gp15o89zb.com/jbn/5bfcde45cf2fa99f9d3b0d06deebd52c,True,19時間前,2026-06-20 01:10:32,東京都
消防設備の現場代理人マネージャー 経験者のみ 長期連休あり 土日祝休み新着,株式会社サイボウ,東京都,年収500万円～800万円,正社員,建設,求人ボックス,https://xn--pckua2a7gp15o89zb.com/jb/dd901624a4628994489f9691adb0ef09,True,48分前,2026-06-20 01:10:32,東京都
若手メインの環境!新生活を応援する／安全管理アシスタント／手厚い研修あり新着,未経験OK,東京都,月給29万円～55万円,正社員,建設,求人ボックス,https://xn--pckua2a7gp15o89zb.com/jbn/7f909fd5fd036ea8f4817d7de08a19a6,True,22時間前,2026-06-20 01:10:32,東京都
若手中心の活気ある職場!充実のサポート体制の・施工管理「正社員」／面接1回のみ新着,未経験OK,東京都,月給26万円～60万円,正社員,建設,求人ボックス,https://xn--pckua2a7gp15o89zb.com/jbn/54c144b99b416f1a1430e2f597606ba8,True,22時間前,2026-06-20 01:10:32,東京都
工事作業員 研修あり!未経験から安心スタート新着,AID株式会社,東京都,月給25万円～28万円,正社員,建設,求人ボックス,https://xn--pckua2a7gp15o89zb.com/jb/29b81a724d0ac9f6609ea52f05f13690,True,14時間前,2026-06-20 01:10:32,東京都
エアコン修理・メンテナンススタッフ新着,株式会社アーバンテクノ,東京都,月給30万円～45万円,正社員,建設,求人ボックス,https://xn--pckua2a7gp15o89zb.com/jb/d9377549cb8423b4cf85188962111f26,True,19時間前,2026-06-20 01:10:32,東京都
「歩合制なし・安定した収入が得られる美容師」／休憩は必ず90分新着,QBハウス京王リトナードつつじヶ丘,東京都,月給30万円～47万,正社員,美容,求人ボックス,https://xn--pckua2a7gp15o89zb.com/jbn/3d72814f5059f473e6946ef8add08b0e,True,22時間前,2026-06-20 01:10:01,東京都
上場企業で美容師／賞与・昇給あり／カット専門新着,QBハウス中野坂上駅前,東京都,月給30万円～47万,正社員,美容,求人ボックス,https://xn--pckua2a7gp15o89zb.com/jbn/e2b984c0159a5aa06bf9981040893d46,True,23時間前,2026-06-20 01:10:02,東京都
「ヘアカットに特化して活躍できる美容師」／シフト制／大手で叶う安定収入新着,QBハウスイオンタウン田無芝久保,東京都,月給30万円～47万,正社員,美容,求人ボックス,https://xn--pckua2a7gp15o89zb.com/jbn/1ab89156a015ef8c77840b47a6e5b31c,True,23時間前,2026-06-20 01:10:10,東京都
「手荒れ・水仕事なしのカット専門美容師／スタイリスト」／ブランクOK新着,QBハウスイトーヨーカドー曳舟,東京都,月給30万円～47万,正社員,美容,求人ボックス,https://xn--pckua2a7gp15o89zb.com/jbn/8e7230d29d4616818414c3e968f7f3b5,True,22時間前,2026-06-20 01:10:10,東京都
業界大手の美容師／しっかり休める／上場企業新着,QBハウス下北沢駅前,東京都,月給30万円～47万,正社員,美容,求人ボックス,https://xn--pckua2a7gp15o89zb.com/jbn/b8a17e329331a6656b28be99eac99f1b,True,23時間前,2026-06-20 01:10:10,東京都
「集客業務なし、お客様対応に集中できる環境／美容師」／定年制度なし新着,QBハウスグランスタ丸の内,東京都,月給30万円～47万,正社員,美容,求人ボックス,https://xn--pckua2a7gp15o89zb.com/jbn/4f817735f5ecda3bb6ef54f6d5e224d8,True,23時間前,2026-06-20 01:10:14,東京都
「東証プライム上場企業で安定収入の美容師」／営業時間外の業務ほぼなし新着,QBハウス京王多摩センター駅,東京都,月給30万円～47万,正社員,美容,求人ボックス,https://xn--pckua2a7gp15o89zb.com/jbn/f77682001a2940487866e655e4a4bb20,True,23時間前,2026-06-20 01:10:14,東京都
「ヘアカットに特化して活躍できる美容師」／営業時間外の業務ほぼなし新着,QBハウス青山オーバル,東京都,月給30万円～47万,正社員,美容,求人ボックス,https://xn--pckua2a7gp15o89zb.com/jbn/232b235d4724a8b4aa4b6b6dc1d1e7ef,True,23時間前,2026-06-20 01:10:18,東京都
カット専門の美容師／しっかり休める／カット専門新着,QBハウスグランデュオ蒲田,東京都,月給30万円～47万,正社員,美容,求人ボックス,https://xn--pckua2a7gp15o89zb.com/jbn/3c5dab76e41ad27144f0f21323583607,True,23時間前,2026-06-20 01:10:21,東京都
「東証プライム上場企業で安定収入の美容師」／シフト制／役職手当あり新着,QBハウス京急青物横丁駅,東京都,月給30万円～47万,正社員,美容,求人ボックス,https://xn--pckua2a7gp15o89zb.com/jbn/1db8af325c1175e8bf3592232112116e,True,22時間前,2026-06-20 01:10:25,東京都
「東証プライム上場企業で安定収入の美容師」／大手で叶う安定収入新着,QBハウスEQUiA北千住,東京都,月給30万円～47万,正社員,美容,求人ボックス,https://xn--pckua2a7gp15o89zb.com/jbn/efb7731ed7676d2461fba0fa453f93e6,True,23時間前,2026-06-20 01:10:25,東京都
「ノルマ・歩合制なし、営業トークは必要なしの美容師募集」／歩合制なし新着,QBハウス日暮里ステーションガーデンタワー,東京都,月給30万円～47万,正社員,美容,求人ボックス,https://xn--pckua2a7gp15o89zb.com/jbn/e64390ac0d85835d7727c4fecb877e54,True,22時間前,2026-06-20 01:10:25,東京都
「東証プライム上場企業で安定収入の美容師」／昇給あり／大手で叶う安定収...新着,QBハウス渋谷マークシティ,東京都,月給30万円～47万,正社員,美容,求人ボックス,https://xn--pckua2a7gp15o89zb.com/jbn/96c4d5f2f2ea1eea492ee907b3c5f8fa,True,23時間前,2026-06-20 01:10:31,東京都
「完全週休2日制」安心して長く働ける安定環境の一般事務／未経験OK新着,株式会社スキルアップラボ,東京都,月給21万円～39万円,正社員,事務,求人ボックス,https://xn--pckua2a7gp15o89zb.com/jbn/0c1beef54840b1fb512aa07d9a43ecff,True,6時間前,2026-06-20 01:10:20,東京都
一般事務／営業事務／未経験歓迎／交通費支給新着,株式会社シニアジョブ,東京都,年収300万円～400万円,正社員,事務,求人ボックス,https://xn--pckua2a7gp15o89zb.com/jbn/7c49c973710840421a28839a2c4f29fe,True,23時間前,2026-06-20 01:10:20,東京都
一般事務「正社員で長期安定」産育休の復帰実績あり・土日祝休み新着,株式会社トラスト,東京都,月給23万円～28万円,正社員,事務,求人ボックス,https://xn--pckua2a7gp15o89zb.com/jbn/6f5002d79ff32584a6a456eff026fb17,True,20時間前,2026-06-20 01:10:20,東京都
一般事務「残業なし・土日祝休み・年休125日」18時退社・ネイルOK新着,株式会社ネクスト,東京都,"月給23万3,000円",正社員,事務,求人ボックス,https://xn--pckua2a7gp15o89zb.com/jbn/a8f874e2db6a5e1284331388562564b1,True,17時間前,2026-06-20 01:10:21,東京都
一般事務新着,コムシスシェアードサービス株式会社,東京都,"時給1,700円～",派遣社員,事務,求人ボックス,https://xn--pckua2a7gp15o89zb.com/jb/d7968f4981c588aa63d46aa05313403d,True,4時間前,2026-06-20 01:10:21,東京都
一般事務／未経験歓迎／昇給あり／賞与あり新着,株式会社ナカノ商会,東京都,年収300万円～350万円,正社員,事務,求人ボックス,https://xn--pckua2a7gp15o89zb.com/jbn/74eaa0b99420d14a07dac8fe0df27d24,True,22時間前,2026-06-20 01:10:21,東京都
コツコツ働ける一般事務／月給26万〜・未経験歓迎・残業少なめ新着,一般事務,東京都,月給26万,正社員,事務,求人ボックス,https://xn--pckua2a7gp15o89zb.com/jbn/31552d904dfd71fa5ef52ab019fe44b9,True,20時間前,2026-06-20 01:10:23,東京都
未経験から始める一般事務／月給26.5万〜・賞与年2回・服装・髪型自由新着,一般事務,東京都,月給26,正社員,事務,求人ボックス,https://xn--pckua2a7gp15o89zb.com/jbn/d42bc00ce138edbd1f750bec3fb7f8a3,True,21時間前,2026-06-20 01:10:25,東京都
事務未経験OK／一般事務／月給26.1万〜・完全週休2日制・服装新着,一般事務,東京都,月給26,正社員,事務,求人ボックス,https://xn--pckua2a7gp15o89zb.com/jbn/2cb2dd2b8aeaaeffcab641ede4cb8a3b,True,21時間前,2026-06-20 01:10:25,東京都
オフィスワークデビュー応援／一般事務／月給26.8万〜・残業少なめ新着,一般事務,東京都,月給26,正社員,事務,求人ボックス,https://xn--pckua2a7gp15o89zb.com/jbn/02b768a379a8c8597dc196f5f9928038,True,20時間前,2026-06-20 01:10:29,東京都
未経験から始める一般事務／月給26.1万〜・完全週休2日制・未経験歓迎新着,一般事務,東京都,月給26,正社員,事務,求人ボックス,https://xn--pckua2a7gp15o89zb.com/jbn/620d55d8d218fb5e31c3912868195dc1,True,20時間前,2026-06-20 01:10:32,東京都
一般事務スタッフ／未経験OK／長期キャリア形成／年間休日125日以上新着,株式会社alBee,東京都,"月給29万6,000円",正社員,事務,求人ボックス,https://xn--pckua2a7gp15o89zb.com/jbn/9d7f879c9680509d5ded9fde375ecbbe,True,8時間前,2026-06-20 01:10:34,東京都
コツコツ働ける一般事務／月給26.1万〜・服装・髪型自由・完全週休2日...新着,一般事務,東京都,月給26,正社員,事務,求人ボックス,https://xn--pckua2a7gp15o89zb.com/jbn/4894dc627fde38b43a97d79ef71e0251,True,20時間前,2026-06-20 01:10:34,東京都
未経験から始める一般事務／月給26.5万〜・残業少なめ・研修あり新着,一般事務,東京都,月給26,正社員,事務,求人ボックス,https://xn--pckua2a7gp15o89zb.com/jbn/acc016852c3cd4d65ebaae2a79ac4388,True,20時間前,2026-06-20 01:10:42,東京都
オフィスワークデビュー応援／一般事務／月給26.2万〜・残業少なめ新着,一般事務,東京都,月給26,正社員,事務,求人ボックス,https://xn--pckua2a7gp15o89zb.com/jbn/e56eecd4530764bcc3c4bf7175a26f06,True,20時間前,2026-06-20 01:10:42,東京都
未経験から始める一般事務／月給26.4万〜・残業少なめ・研修あり新着,一般事務,東京都,月給26,正社員,事務,求人ボックス,https://xn--pckua2a7gp15o89zb.com/jbn/9fc5f2cba8efb96170d5aeaf9b0ea8e6,True,20時間前,2026-06-20 01:10:45,東京都
バックオフィス全般 採用・労務・経理・総務・事務 &マーケティング新着,ヴォイスキャリアコンサルティング株式会社,東京都,月給24万円～25万円,正社員,経理,求人ボックス,https://xn--pckua2a7gp15o89zb.com/jbn/94ffea7fa5ab7e2fb95e05adc1c05876,True,23時間前,2026-06-20 01:10:34,東京都
経理事務「未経験入社率80%以上」土日祝休み・残業なし・ネイルOK新着,経理,東京都,"月給22万9,000円",正社員,経理,求人ボックス,https://xn--pckua2a7gp15o89zb.com/jbn/b1a939ad521ab1723416a94ae7b03781,True,20時間前,2026-06-20 01:10:34,東京都
数字に強くなる経理事務／月給26.2万〜・残業少なめ・土日祝休み新着,経理,東京都,月給26,正社員,経理,求人ボックス,https://xn--pckua2a7gp15o89zb.com/jbn/e0943b2a2ffb61ac537ee74127a8a923,True,21時間前,2026-06-20 01:10:34,東京都
数字に強くなる経理事務／月給26.5万〜・服装・髪型自由・年間休日12...新着,経理,東京都,月給26,正社員,経理,求人ボックス,https://xn--pckua2a7gp15o89zb.com/jbn/89fd3ca776ef95e2c91d15004b975623,True,21時間前,2026-06-20 01:10:34,東京都
簿記が活かせる経理事務／月給26.5万〜・研修あり・転勤なし新着,経理,東京都,月給26,正社員,経理,求人ボックス,https://xn--pckua2a7gp15o89zb.com/jbn/015a7287fd4618497b4356ce96105870,True,21時間前,2026-06-20 01:10:34,東京都
スキルが身につく経理事務／月給26万〜・残業少なめ・土日祝休み新着,経理,東京都,月給26万,正社員,経理,求人ボックス,https://xn--pckua2a7gp15o89zb.com/jbn/38dfa3ad115bf5da268f01ed3505edcd,True,20時間前,2026-06-20 01:10:35,東京都
簿記が活かせる経理事務／月給26.2万〜・完全週休2日制・未経験歓迎新着,経理,東京都,月給26,正社員,経理,求人ボックス,https://xn--pckua2a7gp15o89zb.com/jbn/ffbfd9077e82595d19d2dafc2d6f4b6d,True,21時間前,2026-06-20 01:10:35,東京都
スキルが身につく経理事務／月給26.2万〜・土日祝休み・賞与年2回新着,経理,東京都,月給26,正社員,経理,求人ボックス,https://xn--pckua2a7gp15o89zb.com/jbn/5b915ba41a25ae613db11d604309d0d6,True,20時間前,2026-06-20 01:10:35,東京都
未経験から経理事務／月給26.9万〜・年間休日125日・服装・髪型自由新着,経理,東京都,月給26,正社員,経理,求人ボックス,https://xn--pckua2a7gp15o89zb.com/jbn/7c55639fa3d5a727ddebb345415a9df9,True,21時間前,2026-06-20 01:10:35,東京都
数字に強くなる経理事務／月給26.9万〜・学歴不問・賞与年2回新着,経理,東京都,月給26,正社員,経理,求人ボックス,https://xn--pckua2a7gp15o89zb.com/jbn/2d87c66571bd927922e4699911ad11e3,True,21時間前,2026-06-20 01:10:37,東京都
数字に強くなる経理事務／月給26.9万〜・年間休日125日・服装新着,経理,東京都,月給26,正社員,経理,求人ボックス,https://xn--pckua2a7gp15o89zb.com/jbn/b6d130b4ed105cb6acf72b3fde7919b0,True,21時間前,2026-06-20 01:10:37,東京都
数字に強くなる経理事務／月給26.3万〜・完全週休2日制・転勤なし新着,経理,東京都,月給26,正社員,経理,求人ボックス,https://xn--pckua2a7gp15o89zb.com/jbn/6b8edb4af540c766cd53e529fd5ffee8,True,21時間前,2026-06-20 01:10:37,東京都
未経験から経理事務／月給26.9万〜・研修あり・未経験歓迎新着,経理,東京都,月給26,正社員,経理,求人ボックス,https://xn--pckua2a7gp15o89zb.com/jbn/59384088c947dae523f338965e9107d6,True,21時間前,2026-06-20 01:10:40,東京都
未経験から経理事務／月給26.8万〜・土日祝休み・未経験歓迎新着,経理,東京都,月給26,正社員,経理,求人ボックス,https://xn--pckua2a7gp15o89zb.com/jbn/b30164bd96d1a3a41a0dd49f564e45e5,True,21時間前,2026-06-20 01:10:40,東京都
未経験から経理事務／月給26.5万〜・研修あり・転勤なし新着,経理,東京都,月給26,正社員,経理,求人ボックス,https://xn--pckua2a7gp15o89zb.com/jbn/663bed9d6adef59649e7beb41d197152,True,21時間前,2026-06-20 01:10:40,東京都
簿記が活かせる経理事務／月給26.8万〜・未経験歓迎・土日祝休み新着,経理,東京都,月給26,正社員,経理,求人ボックス,https://xn--pckua2a7gp15o89zb.com/jbn/49a93d3bf7009c34ef2d334e9237b116,True,21時間前,2026-06-20 01:10:44,東京都
簿記が活かせる経理事務／月給26.1万〜・賞与年2回・学歴不問新着,経理,東京都,月給26,正社員,経理,求人ボックス,https://xn--pckua2a7gp15o89zb.com/jbn/710984a5e75524a45404b7f7187b66d1,True,20時間前,2026-06-20 01:10:44,東京都
数字に強くなる経理事務／月給26.6万〜・年間休日125日・学歴不問新着,経理,東京都,月給26,正社員,経理,求人ボックス,https://xn--pckua2a7gp15o89zb.com/jbn/acce313aa65f91fdfd3ed3010e939561,True,20時間前,2026-06-20 01:10:44,東京都
数字に強くなる経理事務／月給26.5万〜・土日祝休み・転勤なし新着,経理,東京都,月給26,正社員,経理,求人ボックス,https://xn--pckua2a7gp15o89zb.com/jbn/5fe11590c07ace11c69e01c82fa10e2e,True,21時間前,2026-06-20 01:10:47,東京都
未経験から経理事務／月給26.5万〜・年間休日125日・研修あり新着,経理,東京都,月給26,正社員,経理,求人ボックス,https://xn--pckua2a7gp15o89zb.com/jbn/daa32b34701e3b733c42dbd6da0ef7d0,True,21時間前,2026-06-20 01:10:47,東京都
未経験から経理事務／月給26.9万〜・学歴不問・服装・髪型自由新着,経理,東京都,月給26,正社員,経理,求人ボックス,https://xn--pckua2a7gp15o89zb.com/jbn/92ae0d21c3258c09e9743ba06c4412a5,True,21時間前,2026-06-20 01:10:47,東京都
数字に強くなる経理事務／月給26.8万〜・土日祝休み・服装・髪型自由新着,経理,東京都,月給26,正社員,経理,求人ボックス,https://xn--pckua2a7gp15o89zb.com/jbn/427847644b8f127561c268842188dd2c,True,21時間前,2026-06-20 01:10:49,東京都
スキルが身につく経理事務／月給26.5万〜・未経験歓迎・服装・髪型自由新着,経理,東京都,月給26,正社員,経理,求人ボックス,https://xn--pckua2a7gp15o89zb.com/jbn/f3f54e7cc719c77b1e0f66f548af85a8,True,21時間前,2026-06-20 01:10:49,東京都
未経験から経理事務／月給26.7万〜・研修あり・転勤なし新着,経理,東京都,月給26,正社員,経理,求人ボックス,https://xn--pckua2a7gp15o89zb.com/jbn/ef4ccd13fbab6b18435bba4d1e290c92,True,21時間前,2026-06-20 01:10:49,東京都
簿記が活かせる経理事務／月給26.9万〜・年間休日125日・土日祝休み新着,経理,東京都,月給26,正社員,経理,求人ボックス,https://xn--pckua2a7gp15o89zb.com/jbn/6dd9d23ddeefb91554a93bfe8f2a7d52,True,20時間前,2026-06-20 01:10:52,東京都
簿記が活かせる経理事務／月給26.8万〜・研修あり・年間休日125日新着,経理,東京都,月給26,正社員,経理,求人ボックス,https://xn--pckua2a7gp15o89zb.com/jbn/40eb66eda98ba5c6058aeec65caa6862,True,21時間前,2026-06-20 01:10:52,東京都
未経験から経理事務／月給26万〜・完全週休2日制・転勤なし新着,経理,東京都,月給26万,正社員,経理,求人ボックス,https://xn--pckua2a7gp15o89zb.com/jbn/4bbaa76923d3110b009fb83973719b7d,True,21時間前,2026-06-20 01:10:52,東京都
数字に強くなる経理事務／月給26.5万〜・残業少なめ・土日祝休み新着,経理,東京都,月給26,正社員,経理,求人ボックス,https://xn--pckua2a7gp15o89zb.com/jbn/30901d6b81b8e5b91eff729273026093,True,21時間前,2026-06-20 01:10:54,東京都
簿記が活かせる経理事務／月給26.7万〜・土日祝休み・年間休日125日新着,経理,東京都,月給26,正社員,経理,求人ボックス,https://xn--pckua2a7gp15o89zb.com/jbn/7fda083dc1e9b256f499a9b504a32133,True,21時間前,2026-06-20 01:10:54,東京都
数字に強くなる経理事務／月給26.6万〜・研修あり・転勤なし新着,経理,東京都,月給26,正社員,経理,求人ボックス,https://xn--pckua2a7gp15o89zb.com/jbn/46e6052c95e3bc6251d4a881dec5ee4a,True,21時間前,2026-06-20 01:10:57,東京都
未経験から経理事務／月給26.4万〜・残業少なめ・学歴不問新着,経理,東京都,月給26,正社員,経理,求人ボックス,https://xn--pckua2a7gp15o89zb.com/jbn/f7182526fb51973a7637482aff9ce444,True,21時間前,2026-06-20 01:10:57,東京都
未経験から経理事務／月給26万〜・転勤なし・土日祝休み新着,経理,東京都,月給26万,正社員,経理,求人ボックス,https://xn--pckua2a7gp15o89zb.com/jbn/1840fb67ed15440c35f261d933cd6215,True,21時間前,2026-06-20 01:10:57,東京都
数字に強くなる経理事務／月給26.7万〜・土日祝休み・年間休日125日新着,経理,東京都,月給26,正社員,経理,求人ボックス,https://xn--pckua2a7gp15o89zb.com/jbn/11b623a5af0ad75fdea4a8e443175a2b,True,21時間前,2026-06-20 01:10:57,東京都
介護職／ヘルパー／特養／看護師24時間常駐／従来型特養／駅から徒歩圏内新着,社会福祉法人うらら 特別養護老人ホーム みずべの苑,東京都,"月給22万5,000円",正社員,看護,求人ボックス,https://xn--pckua2a7gp15o89zb.com/jbn/8ad8b16dd26304504238fa9edfa85f6b,True,11時間前,2026-06-20 01:10:35,東京都
ホスピスの看護師／月給400000円~／駅チカ／残業少なめ新着,看護師,東京都,月給400000円,正社員,看護,求人ボックス,https://xn--pckua2a7gp15o89zb.com/jb/cee6a568e57ed17dbeeca7bbf8fb369d,True,19時間前,2026-06-20 01:10:35,東京都
介護職／ヘルパー／有料／駅から徒歩5分アクセス抜群!／24時間看護師が...新着,株式会社ONODERAナ-シングホ-ム,東京都,月給24万円～27万円,正社員,看護,求人ボックス,https://xn--pckua2a7gp15o89zb.com/jbn/7ae6c7de37ac811c3c7eba35c7830609,True,11時間前,2026-06-20 01:10:38,東京都
病院の看護師／月給300000円~／駅チカ新着,新人,東京都,月給300000円,正社員,看護,求人ボックス,https://xn--pckua2a7gp15o89zb.com/jb/a3fbdf27bf4c15fd0dfd1425f9cef16d,True,19時間前,2026-06-20 01:10:38,東京都
病院の看護師／月給340000円~／駅チカ／年休120日新着,看護師,東京都,月給340000円,正社員,看護,求人ボックス,https://xn--pckua2a7gp15o89zb.com/jb/73202707e4ff593ad6055a141a95b918,True,19時間前,2026-06-20 01:10:38,東京都
有料老人ホームの看護師／月給340000円~／駅チカ新着,<安心のサポート体制>・「,東京都,月給340000円,正社員,看護,求人ボックス,https://xn--pckua2a7gp15o89zb.com/jb/3ae17e5ae6072ae5006bbfb7e3a506ac,True,19時間前,2026-06-20 01:10:38,東京都
病院の看護師／月給320000円~／日勤のみ新着,職種病院の,東京都,月給320000円,正社員,看護,求人ボックス,https://xn--pckua2a7gp15o89zb.com/jb/fc67eed527c2094d13053ab10cdd6731,True,19時間前,2026-06-20 01:10:40,東京都
介護職／ヘルパー／特養／弊社実績あり／24H看護師がいるので安心新着,社会福祉法人賛育会,東京都,"月給21万6,000円",正社員,看護,求人ボックス,https://xn--pckua2a7gp15o89zb.com/jbn/91b41e3e6ea9619657239777d1b6ba66,True,11時間前,2026-06-20 01:10:40,東京都
病院の看護師／月給316000円~／賞与あり新着,看護師,東京都,月給316000円,正社員,看護,求人ボックス,https://xn--pckua2a7gp15o89zb.com/jb/098adff7fc8871ed20df39f1278f154e,True,19時間前,2026-06-20 01:10:44,東京都
訪問看護の看護師／月給380000円~／日勤のみ新着,看護,東京都,月給380000円,正社員,看護,求人ボックス,https://xn--pckua2a7gp15o89zb.com/jb/f970f5c5dd035565a2f589225d4e6bd2,True,19時間前,2026-06-20 01:10:47,東京都
病院の看護師／月給321650円~／駅チカ新着,看護師,東京都,月給321650円,正社員,看護,求人ボックス,https://xn--pckua2a7gp15o89zb.com/jb/a9f8d7be62ce538d12fac665b42d03e0,True,19時間前,2026-06-20 01:10:47,東京都
ホスピスの看護師／月給422000円新着,看護師,東京都,月給422000円,正社員,看護,求人ボックス,https://xn--pckua2a7gp15o89zb.com/jb/8250a6c2cbde2932a6c3ad867ce513cb,True,19時間前,2026-06-20 01:10:47,東京都
訪問看護の看護師／月給300000円~／駅チカ／年休120日新着,看護,東京都,月給300000円,正社員,看護,求人ボックス,https://xn--pckua2a7gp15o89zb.com/jb/9ee396e5cd7565c126323e828ec03b84,True,19時間前,2026-06-20 01:10:49,東京都
診療所・クリニックの看護師／准看護師新着,中目黒アトラスクリニック,東京都,月給30万円～35万円,正社員,看護,求人ボックス,https://xn--pckua2a7gp15o89zb.com/jb/58c6d90b035c255f05933f2cfc975e4e,True,3時間前,2026-06-20 01:10:49,東京都
介護施設の看護師／月給405700円新着,職種介護施設の,東京都,月給405700円,正社員,看護,求人ボックス,https://xn--pckua2a7gp15o89zb.com/jb/54347c720a2347c90ffb87731865b754,True,19時間前,2026-06-20 01:10:52,東京都
訪問看護の看護師／年収4200000円~／駅チカ／年休120日新着,看護,東京都,年収4200000円,正社員,看護,求人ボックス,https://xn--pckua2a7gp15o89zb.com/jb/b4b1a917e8e1f4ae19009fb47bb9ee51,True,19時間前,2026-06-20 01:10:52,東京都
ホスピスの看護師／月給400000円~／駅チカ新着,看護師,東京都,月給400000円,正社員,看護,求人ボックス,https://xn--pckua2a7gp15o89zb.com/jb/b1f6077db2a76e887ccbe2d240e53479,True,19時間前,2026-06-20 01:10:56,東京都
有料老人ホームの看護師／月給330000円~／駅チカ新着,看護師,東京都,月給330000円,正社員,看護,求人ボックス,https://xn--pckua2a7gp15o89zb.com/jb/e8c1bee1667f080735d22aa2a935fa32,True,19時間前,2026-06-20 01:10:56,東京都
病院の看護師／年収3600000円~／日勤のみ新着,職種病院の,東京都,年収3600000円,正社員,看護,求人ボックス,https://xn--pckua2a7gp15o89zb.com/jb/fa3050ac6db5dcb31920a35955313396,True,19時間前,2026-06-20 01:10:59,東京都
有料老人ホームの看護師／月給300000円新着,看護師,東京都,月給300000円,正社員,看護,求人ボックス,https://xn--pckua2a7gp15o89zb.com/jb/af648dd2b07c0613fceb9d1e32a6dc75,True,19時間前,2026-06-20 01:10:59,東京都
病院の看護師／年収4600000円~／賞与あり新着,看護師,東京都,年収4600000円,正社員,看護,求人ボックス,https://xn--pckua2a7gp15o89zb.com/jb/32189a0347b374c889ea05d8dacc2b35,True,19時間前,2026-06-20 01:10:59,東京都
柔道整復師国家試験対策講座の講師募集中新着,株式会社アガルート,東京都,"年収300万円～2,000万円",,治療家,求人ボックス,https://xn--pckua2a7gp15o89zb.com/jbi/3986d4848c6048e8e7e1c0bb90b8b269,True,16時間前,2026-06-20 01:10:48,東京都
鍼灸整骨院で柔道整復師 鍼灸師新着,"柔道整復師,",東京都,月給25万円～35万円,正社員,治療家,求人ボックス,https://xn--pckua2a7gp15o89zb.com/jb/81849ca9864ed69e09d363eb164cb008,True,5時間前,2026-06-20 01:10:48,東京都
柔道整復師「正規フルタイム社員」／そよ風公式新着,株式会社SOYOKAZE,東京都,月給23万円～30万円,契約社員,治療家,求人ボックス,https://xn--pckua2a7gp15o89zb.com/jb/b727161e914c0ef9c7f6a23305e46971,True,23時間前,2026-06-20 01:10:48,東京都
柔道整復師新着,柔道整復師,東京都,"月給27万5,000円",,治療家,求人ボックス,https://xn--pckua2a7gp15o89zb.com/jb/e5f7dae3a25cf0c901b33ec1f5a39d84,True,5時間前,2026-06-20 01:10:48,東京都
賞与年2回!日祝含む週休2日の病院で柔道整復師新着,柔道整復師,東京都,"月給18万6,100円",正社員,治療家,求人ボックス,https://xn--pckua2a7gp15o89zb.com/jb/00782f02bcb8bb316f59db79e0861e95,True,5時間前,2026-06-20 01:10:48,東京都
賞与年2回!クリニック隣接の接骨院で柔道整復師新着,柔道整復師,東京都,月給27万円～30万円,正社員,治療家,求人ボックス,https://xn--pckua2a7gp15o89zb.com/jb/862f28f43e8026a267d3099387553274,True,5時間前,2026-06-20 01:10:48,東京都
有給休暇がしっかりとれる整骨院、柔道整復師新着,柔道整復師,東京都,月給23万円～30万円,正社員,治療家,求人ボックス,https://xn--pckua2a7gp15o89zb.com/jb/14ed8dceb8159a2d840fe64ff0017318,True,5時間前,2026-06-20 01:10:48,東京都
プライベートの時間をもっと豊かにできる有料老人ホームの柔道整復師新着,株式会社SOYOKAZE アメニティーライフ八王子,東京都,月給26万円～29万円,正社員,治療家,求人ボックス,https://xn--pckua2a7gp15o89zb.com/jb/0b815e4d1b9481e08552dc474843d928,True,20時間前,2026-06-20 01:10:48,東京都
土日休みの半日型デイサービス、機能訓練指導員新着,柔道整復師,東京都,"月給26万3,000円",正社員,治療家,求人ボックス,https://xn--pckua2a7gp15o89zb.com/jb/3478cdd8095e7f5e2af5bbbe0c6d45c5,True,5時間前,2026-06-20 01:10:48,東京都
賞与年2回!特定処遇改善加算金年3回!のデイサービス、機能訓練指導員新着,柔道整復師,東京都,"月給24万7,200円",正社員,治療家,求人ボックス,https://xn--pckua2a7gp15o89zb.com/jb/7deba8cede1d4b207964c845a462f6d2,True,5時間前,2026-06-20 01:10:48,東京都
機能訓練指導員／寝たきりにしない!機能訓練特化型デイサービス新着,柔道整復師,東京都,月給25万円～35万円,正社員,治療家,求人ボックス,https://xn--pckua2a7gp15o89zb.com/jb/a355ee21cded0f778a69ba23d3a00497,True,5時間前,2026-06-20 01:10:48,東京都
日曜休みの半日型デイサービス、機能訓練指導員新着,柔道整復師,東京都,"月給26万3,000円",正社員,治療家,求人ボックス,https://xn--pckua2a7gp15o89zb.com/jb/2761e6200bc8dfaad2880934c58d9761,True,5時間前,2026-06-20 01:10:48,東京都
入浴・食事介助なしのデイサービスで機能訓練指導員新着,柔道整復師,東京都,"月給24万5,000円",正社員,治療家,求人ボックス,https://xn--pckua2a7gp15o89zb.com/jb/5a1ffd3e0104f9f99c7a90de519dcd58,True,5時間前,2026-06-20 01:10:48,東京都
週3日～ × 日勤のみOK!可能 介護職新着,株式会社ジャストファイン,東京都,"時給1,650円",派遣社員,治療家,求人ボックス,https://xn--pckua2a7gp15o89zb.com/jb/0fa8abbc6b32133c54d4e0efd2a60e8d,True,16時間前,2026-06-20 01:10:48,東京都
リハビリデイの介護スタッフ 完全週休2日制 日勤のみ新着,都商事株式会社 nagomi 江戸川店,東京都,"月給27万9,290円",正社員,治療家,求人ボックス,https://xn--pckua2a7gp15o89zb.com/jb/a88ccddf5b0f77292405b6f6e72326ef,True,49分前,2026-06-20 01:10:48,東京都
運動指導員 完全週休2日制 無資格・未経験可新着,都商事株式会社 nagomi 亀有店,東京都,"月給27万9,290円",正社員,治療家,求人ボックス,https://xn--pckua2a7gp15o89zb.com/jb/3f3945f1905303de3d420e67d5ee2d57,True,49分前,2026-06-20 01:10:48,東京都
リハビリデイの介護スタッフ 完全週休2日制 日勤のみ新着,都商事株式会社 nagomi 柴又店,東京都,"月給27万9,290円",正社員,治療家,求人ボックス,https://xn--pckua2a7gp15o89zb.com/jb/511ae29d12b2f4cc2e93f157464410bf,True,49分前,2026-06-20 01:10:51,東京都
運動指導員 完全週休2日制 無資格・未経験可新着,都商事株式会社 nagomi 船堀店,東京都,"月給27万9,290円",正社員,治療家,求人ボックス,https://xn--pckua2a7gp15o89zb.com/jb/4f6fa4c355471aad96af50e21152e7ee,True,49分前,2026-06-20 01:10:51,東京都
「役員送迎ドライバー」週3日勤務／普通免許で未経験からスタート／月収50万円以上・ボーナス年2回新着,柔道整復師,東京都,"月給51万6,500円",正社員,治療家,求人ボックス,https://xn--pckua2a7gp15o89zb.com/jbn/74810dfea68ae5bb81dbe9ee1043ebfe,True,17時間前,2026-06-20 01:10:51,東京都
「タレントやスポーツ選手等の送迎」週3日勤務／未経験OK・月収50万円以上・ボーナス支給あり新着,柔道整復師,東京都,"月給51万4,500円",正社員,治療家,求人ボックス,https://xn--pckua2a7gp15o89zb.com/jbn/c16cf74f6cd6b09ea1fb2d4495ce2dab,True,14時間前,2026-06-20 01:10:51,東京都
「空港への送迎ドライバー」週3日勤務／普通免許で未経験OK／月収50万円以上・賞与2ヶ月分あり新着,柔道整復師,東京都,"月給51万4,000円",正社員,治療家,求人ボックス,https://xn--pckua2a7gp15o89zb.com/jbn/f50a12e0c40a578c5ad28d347c042cb3,True,16時間前,2026-06-20 01:10:51,東京都
運動指導員 完全週休2日制 無資格・未経験可新着,都商事株式会社 nagomi 葛西店,東京都,"月給27万9,290円",正社員,治療家,求人ボックス,https://xn--pckua2a7gp15o89zb.com/jb/787f251e6d518bf3689f0c665a483441,True,49分前,2026-06-20 01:10:51,東京都
リラクゼーションセラピストの店長候補／経験不問／マネジメント経験者優遇／インセンティブあり新着,株式会社メディロム・ウェルネス Spa Re.R...,東京都,月給25万円～50万円,正社員,治療家,求人ボックス,https://xn--pckua2a7gp15o89zb.com/jb/71afa941f04312a4a1f445faaf0e31ff,True,13時間前,2026-06-20 01:10:54,東京都
リラクゼーションセラピスト&経験者特典10万円／高単価／高収入実現可能／資格不問／経験不問新着,株式会社メディロム・ウェルネス Re.Ra.Ku...,東京都,"時給2,660円～4,543円",,治療家,求人ボックス,https://xn--pckua2a7gp15o89zb.com/jb/ed9398ff0c883e14e542869dc3af0b06,True,13時間前,2026-06-20 01:10:54,東京都
リラクゼーションセラピストの店長候補／経験不問／マネジメント経験者優遇／インセンティブあり新着,株式会社メディロム・ウェルネス Re.Ra.Ku...,東京都,月給25万円～50万円,正社員,治療家,求人ボックス,https://xn--pckua2a7gp15o89zb.com/jb/f3980706947880b943ae0d9af45769d6,True,13時間前,2026-06-20 01:10:54,東京都
リラクゼーションセラピストの店長候補／経験不問／マネジメント経験者優遇／インセンティブあり新着,株式会社メディロム・ウェルネス Re.Ra.Ku...,東京都,月給25万円～50万円,正社員,治療家,求人ボックス,https://xn--pckua2a7gp15o89zb.com/jb/23200058690ccd92e8e18d5fc0c9a989,True,13時間前,2026-06-20 01:10:54,東京都
著名人や企業役員の送迎ドライバー「週3日勤務」未経験OK・月収40万円以上／ボーナス支給あり新着,柔道整復師,東京都,"月給51万6,500円",正社員,治療家,求人ボックス,https://xn--pckua2a7gp15o89zb.com/jbn/3debaa8d2c15e1add1e41959b53af02e,True,17時間前,2026-06-20 01:10:54,東京都
リラクゼーションセラピストの店長候補／経験不問／マネジメント経験者優遇／インセンティブあり新着,株式会社メディロム・ウェルネス Re.Ra.Ku...,東京都,月給25万円～50万円,正社員,治療家,求人ボックス,https://xn--pckua2a7gp15o89zb.com/jb/fa515ad900b28ca623ab8d38e54dab83,True,13時間前,2026-06-20 01:10:54,東京都
リラクゼーションセラピストの店長候補／経験不問／マネジメント経験者優遇／インセンティブあり新着,株式会社メディロム・ウェルネス Re.Ra.Ku...,東京都,月給25万円～50万円,正社員,治療家,求人ボックス,https://xn--pckua2a7gp15o89zb.com/jb/0be683f06ecf705b64daeab0e15ff7c5,True,13時間前,2026-06-20 01:10:54,東京都
リラクゼーションセラピストの店長候補／経験不問／マネジメント経験者優遇／インセンティブあり新着,株式会社メディロム・ウェルネス Re.Ra.Ku...,東京都,月給25万円～50万円,正社員,治療家,求人ボックス,https://xn--pckua2a7gp15o89zb.com/jb/facaeb692905038d8633442a8991141d,True,13時間前,2026-06-20 01:10:59,東京都
リラクゼーションセラピスト&経験者特典10万円／高単価／高収入実現可能／資格不問／経験不問新着,株式会社メディロム・ウェルネス Re.Ra.Ku...,東京都,"時給2,660円～4,543円",,治療家,求人ボックス,https://xn--pckua2a7gp15o89zb.com/jb/7044cb583703cd87978e71f18b894847,True,13時間前,2026-06-20 01:10:59,東京都
リラクゼーションセラピストの店長候補／経験不問／マネジメント経験者優遇／インセンティブあり新着,株式会社メディロム・ウェルネス Re.Ra.Ku...,東京都,月給25万円～50万円,正社員,治療家,求人ボックス,https://xn--pckua2a7gp15o89zb.com/jb/b6f5625073db20a6e835ab3cdd4938cc,True,13時間前,2026-06-20 01:10:59,東京都
「役員運転手」月収50万以上・未経験歓迎／週3勤務・普通免許のみOK・ボーナス2回新着,柔道整復師,東京都,月給46万円～63万,正社員,治療家,求人ボックス,https://xn--pckua2a7gp15o89zb.com/jbn/f9401e25059dc9070dc10a8bd7868677,True,20時間前,2026-06-20 01:10:59,東京都
リラクゼーションセラピストの店長候補／経験不問／マネジメント経験者優遇／インセンティブあり新着,株式会社メディロム・ウェルネス Re.Ra.Ku...,東京都,月給25万円～50万円,正社員,治療家,求人ボックス,https://xn--pckua2a7gp15o89zb.com/jb/9a8c31ca369bb4ee118f9ba3fa1fc1b6,True,13時間前,2026-06-20 01:10:59,東京都
リラクゼーションセラピストの店長候補／経験不問／マネジメント経験者優遇／インセンティブあり新着,株式会社メディロム・ウェルネス Re.Ra.Ku...,東京都,月給25万円～50万円,正社員,治療家,求人ボックス,https://xn--pckua2a7gp15o89zb.com/jb/590c3547e8d926e1d759718f47838408,True,13時間前,2026-06-20 01:10:59,東京都
リラクゼーションセラピストの店長候補／経験不問／マネジメント経験者優遇／インセンティブあり新着,株式会社メディロム・ウェルネス Re.Ra.Ku...,東京都,月給25万円～50万円,正社員,治療家,求人ボックス,https://xn--pckua2a7gp15o89zb.com/jb/da5ed3d01f24f509227ef508e2f6e670,True,13時間前,2026-06-20 01:10:59,東京都
「VIP・役員送迎ドライバー」週3勤務・月収50万以上可・未経験歓迎／ボーナスあり新着,柔道整復師,東京都,"月給45万3,000円",正社員,治療家,求人ボックス,https://xn--pckua2a7gp15o89zb.com/jbn/f7759f24d5b69cb36626f6b272f5310b,True,19時間前,2026-06-20 01:11:01,東京都
「夜勤・芸能／インフルエンサー送迎ドライバー」月40万以上・未経験歓迎・ボーナスあり新着,柔道整復師,東京都,"月給45万8,000円",正社員,治療家,求人ボックス,https://xn--pckua2a7gp15o89zb.com/jbn/4cfc805361f15ba397c9107a4904cec3,True,19時間前,2026-06-20 01:11:01,東京都
「夜勤・急募」役員運転手「月収50万以上可・普通免許のみOK・未経験歓迎」ボーナスあり新着,柔道整復師,東京都,"月給46万2,000円",正社員,治療家,求人ボックス,https://xn--pckua2a7gp15o89zb.com/jbn/2a6f2fd642819bbd909ba7a86eff72a3,True,19時間前,2026-06-20 01:11:01,東京都
「役員運転手・夜勤」月50万以上可・未経験歓迎／寮・社宅完備／普免のみOK・ボーナスあり新着,柔道整復師,東京都,月給46万円～63万,正社員,治療家,求人ボックス,https://xn--pckua2a7gp15o89zb.com/jbn/b6a3f979ec652126a033eaeda2477afb,True,19時間前,2026-06-20 01:11:01,東京都
リラクゼーションセラピストの店長候補／経験不問／マネジメント経験者優遇／インセンティブあり新着,株式会社メディロム・ウェルネス Re.Ra.Ku...,東京都,月給25万円～50万円,正社員,治療家,求人ボックス,https://xn--pckua2a7gp15o89zb.com/jb/8fa7d225abd867a0ef453e1ee75df86d,True,13時間前,2026-06-20 01:11:01,東京都
「役員送迎ドライバー・急募」年収600万以上・未経験歓迎／週3勤務・普通免許のみOK新着,柔道整復師,東京都,"月給46万2,000円",正社員,治療家,求人ボックス,https://xn--pckua2a7gp15o89zb.com/jbn/8d957b6c6a7c3754f4ba1be2517ee09f,True,20時間前,2026-06-20 01:11:01,東京都
「タレント／スポーツ選手などの送迎」月収50万以上・未経験歓迎／週3勤務・ボーナスあり新着,柔道整復師,東京都,"月給46万3,000円",正社員,治療家,求人ボックス,https://xn--pckua2a7gp15o89zb.com/jbn/fefd7615bf16ce5c3097c0cdc7399647,True,20時間前,2026-06-20 01:11:04,東京都
リラクゼーションセラピスト&経験者特典10万円／高単価／高収入実現可能／資格不問／経験不問新着,株式会社メディロム・ウェルネス Re.Ra.Ku...,東京都,"時給2,660円～4,543円",,治療家,求人ボックス,https://xn--pckua2a7gp15o89zb.com/jb/8b785503c977e753a5d22db2e65cedb7,True,13時間前,2026-06-20 01:11:04,東京都
リラクゼーションセラピストの店長候補／経験不問／マネジメント経験者優遇／インセンティブあり新着,株式会社メディロム・ウェルネス Re.Ra.Ku...,東京都,月給25万円～50万円,正社員,治療家,求人ボックス,https://xn--pckua2a7gp15o89zb.com/jb/142e53c5ad06df7e74cdf83418b0adb6,True,13時間前,2026-06-20 01:11:04,東京都
リラクゼーションセラピストの店長候補／経験不問／マネジメント経験者優遇／インセンティブあり新着,株式会社メディロム・ウェルネス Re.Ra.Ku...,東京都,月給25万円～50万円,正社員,治療家,求人ボックス,https://xn--pckua2a7gp15o89zb.com/jb/b249b5124642fabc243e4a18dec9b906,True,13時間前,2026-06-20 01:11:04,東京都
リラクゼーションセラピストの店長候補／経験不問／マネジメント経験者優遇／インセンティブあり新着,株式会社メディロム・ウェルネス Re.Ra.Ku...,東京都,月給25万円～50万円,正社員,治療家,求人ボックス,https://xn--pckua2a7gp15o89zb.com/jb/3d6f8acb7131e96293acc9c9792387da,True,13時間前,2026-06-20 01:11:04,東京都
リラクゼーションセラピスト&経験者特典10万円／高単価／高収入実現可能／資格不問／経験不問新着,株式会社メディロム・ウェルネス Re.Ra.Ku...,東京都,"時給2,660円～4,543円",,治療家,求人ボックス,https://xn--pckua2a7gp15o89zb.com/jb/5c434caf4ecc6b61c13fb54e2ab6a21b,True,13時間前,2026-06-20 01:11:08,東京都
リラクゼーションセラピスト&経験者特典10万円／高単価／高収入実現可能／資格不問／経験不問新着,株式会社メディロム・ウェルネス Re.Ra.Ku...,東京都,"時給2,660円～4,543円",,治療家,求人ボックス,https://xn--pckua2a7gp15o89zb.com/jb/3b3bb2629eb88bf0d70722d2d543f5a3,True,13時間前,2026-06-20 01:11:08,東京都
リラクゼーションセラピストの店長候補／経験不問／マネジメント経験者優遇／インセンティブあり新着,株式会社メディロム・ウェルネス birth 東京...,東京都,月給25万円～50万円,正社員,治療家,求人ボックス,https://xn--pckua2a7gp15o89zb.com/jb/497da0fba07ab9f02132887199322923,True,13時間前,2026-06-20 01:11:08,東京都
医療・介護・福祉系 機能訓練指導員 無料ジム／wi fi完備 賞与3回新着,特別養護老人ホーム プライムガーデンズ高円寺,東京都,"月給28万2,300円",正社員,治療家,求人ボックス,https://xn--pckua2a7gp15o89zb.com/jb/d418c5a66fa6e5e58739f7dfe535e7d2,True,18時間前,2026-06-20 01:11:08,東京都
リラクゼーションセラピスト&経験者特典10万円／高単価／高収入実現可能／資格不問／経験不問新着,株式会社メディロム・ウェルネス Re.Ra.Ku...,東京都,"時給2,660円～4,543円",,治療家,求人ボックス,https://xn--pckua2a7gp15o89zb.com/jb/0f21799373b154c4a402fdcf219b4a90,True,13時間前,2026-06-20 01:11:08,東京都
リラクゼーションセラピスト&経験者特典10万円／高単価／高収入実現可能／資格不問／経験不問新着,株式会社メディロム・ウェルネス Re.Ra.Ku...,東京都,"時給2,660円～4,543円",,治療家,求人ボックス,https://xn--pckua2a7gp15o89zb.com/jb/dcb0b57652037606358feb5745ce7a0f,True,13時間前,2026-06-20 01:11:08,東京都
リラクゼーションセラピストの店長候補／経験不問／マネジメント経験者優遇／インセンティブあり新着,株式会社メディロム・ウェルネス Re.Ra.Ku...,東京都,月給25万円～50万円,正社員,治療家,求人ボックス,https://xn--pckua2a7gp15o89zb.com/jb/72df9e014349d72dad343e2c281fb16b,True,13時間前,2026-06-20 01:11:08,東京都
「夜勤・役員運転手」月収50万以上可・未経験歓迎・普通免許のみOK・頑張りが収入に直結新着,柔道整復師,東京都,"月給45万9,000円",正社員,治療家,求人ボックス,https://xn--pckua2a7gp15o89zb.com/jbn/7f6a91360bae1936157d190139ba3ea3,True,19時間前,2026-06-20 01:11:08,東京都
経理事務「未経験入社率80%以上」土日祝休み・残業なし・ネイルOK・20代活躍中新着,...土日休み/ネイル自由/服装自由/ハローワーク/補助 【その他概要】<前職例>製造業 工場勤務 ライン作業 生産管理 設備保全 製鋼 溶接/クレーン・玉掛け 金属加工 板金加工 板金塗装 警備員/,東京都,"月給22万9,000円",正社員,治療家,求人ボックス,https://xn--pckua2a7gp15o89zb.com/jbn/1f9be20ef0ef9decd216e501467b82f3,True,20時間前,2026-06-20 01:11:10,東京都
「役員運転手」月収50万以上・未経験歓迎／週3勤務・普通免許のみOK・ボーナス2回新着,柔道整復師,東京都,月給46万円～63万,正社員,治療家,求人ボックス,https://xn--pckua2a7gp15o89zb.com/jbn/aa1c7cf8a5220fc2e3e9ab4499469413,True,20時間前,2026-06-20 01:11:10,東京都
リラクゼーションセラピストの店長候補／経験不問／マネジメント経験者優遇／インセンティブあり新着,株式会社メディロム・ウェルネス Re.Ra.Ku...,東京都,月給25万円～50万円,正社員,治療家,求人ボックス,https://xn--pckua2a7gp15o89zb.com/jb/e78645916c34fc52f11c02eac851d36c,True,13時間前,2026-06-20 01:11:10,東京都
「役員運転手」月収50万以上・普通免許のみOK／20代~50代活躍中・ボーナスあり新着,柔道整復師,東京都,"月給46万1,000円",正社員,治療家,求人ボックス,https://xn--pckua2a7gp15o89zb.com/jbn/1d36c70ffe8723fe069ccaf842d1531f,True,20時間前,2026-06-20 01:11:10,東京都
週3勤務「空港送迎ドライバー」月収50万以上・未経験歓迎・普通免許でOK・賞与2か月分新着,柔道整復師,東京都,"月給45万6,000円",正社員,治療家,求人ボックス,https://xn--pckua2a7gp15o89zb.com/jbn/11e9d39d21709789de173d93958600d7,True,20時間前,2026-06-20 01:11:10,東京都
リラクゼーションセラピストの店長候補／経験不問／マネジメント経験者優遇／インセンティブあり新着,株式会社メディロム・ウェルネス Re.Ra.Ku...,東京都,月給25万円～50万円,正社員,治療家,求人ボックス,https://xn--pckua2a7gp15o89zb.com/jb/ce0bc2a53c597d31e0c68171d183ec6f,True,13時間前,2026-06-20 01:11:10,東京都
リラクゼーションセラピストの店長候補／経験不問／マネジメント経験者優遇／インセンティブあり新着,株式会社メディロム・ウェルネス Re.Ra.Ku...,東京都,月給25万円～50万円,正社員,治療家,求人ボックス,https://xn--pckua2a7gp15o89zb.com/jb/af06a754268b39d084875743ac30ec0e,True,13時間前,2026-06-20 01:11:10,東京都
リラクゼーションセラピスト&経験者特典10万円／高単価／高収入実現可能／資格不問／経験不問新着,株式会社メディロム・ウェルネス Re.Ra.Ku...,東京都,"時給2,660円～4,543円",,治療家,求人ボックス,https://xn--pckua2a7gp15o89zb.com/jb/65a402e7bc1d0496be2b88471ef09c00,True,13時間前,2026-06-20 01:11:14,東京都
リラクゼーションセラピスト&経験者特典10万円／高単価／高収入実現可能／資格不問／経験不問新着,株式会社メディロム・ウェルネス Spa Re.R...,東京都,"時給2,520円～4,500円",,治療家,求人ボックス,https://xn--pckua2a7gp15o89zb.com/jb/00197c9ed26bd53c40a227ba8c238450,True,13時間前,2026-06-20 01:11:14,東京都
「夜勤・送迎ドライバー」月収50万以上・未経験歓迎／履歴書不要のスピード選考新着,柔道整復師,東京都,"月給46万3,000円",正社員,治療家,求人ボックス,https://xn--pckua2a7gp15o89zb.com/jbn/e8f132d20e494f712d3338d6ec5b57c1,True,20時間前,2026-06-20 01:11:14,東京都
リラクゼーションセラピストの店長候補／経験不問／マネジメント経験者優遇／インセンティブあり新着,株式会社メディロム・ウェルネス Re.Ra.Ku...,東京都,月給25万円～50万円,正社員,治療家,求人ボックス,https://xn--pckua2a7gp15o89zb.com/jb/ef50f51b0a70ac672a55918e71502f82,True,13時間前,2026-06-20 01:11:14,東京都
リラクゼーションセラピストの店長候補／経験不問／マネジメント経験者優遇／インセンティブあり新着,株式会社メディロム・ウェルネス Re.Ra.Ku...,東京都,月給25万円～50万円,正社員,治療家,求人ボックス,https://xn--pckua2a7gp15o89zb.com/jb/9f5b5787adffba49e0ea0b7a36e6b95a,True,13時間前,2026-06-20 01:11:14,東京都
「役員送迎ドライバー」月収50万以上可・未経験歓迎・普通免許のみOK／ボーナス・退職金あり新着,柔道整復師,東京都,"月給45万9,000円",正社員,治療家,求人ボックス,https://xn--pckua2a7gp15o89zb.com/jbn/4c855333ba98f42947377e262c917cf2,True,19時間前,2026-06-20 01:11:14,東京都
リラクゼーションセラピスト&経験者特典10万円高収入実現可能／温泉施設利用無料新着,株式会社メディロム・ウェルネス Spa Re.R...,東京都,"時給2,660円～4,543円",,治療家,求人ボックス,https://xn--pckua2a7gp15o89zb.com/jb/de635be718695053faa26f42e2dd5a5d,True,13時間前,2026-06-20 01:11:14,東京都
役員運転手「週3勤務」履歴書不要／月収50万円以上／最短内定1週間／ボーナス年2回新着,柔道整復師,東京都,"月給46万1,000円",正社員,治療家,求人ボックス,https://xn--pckua2a7gp15o89zb.com/jbn/2cc94ba522e66d15575a8a7d5a0356cf,True,19時間前,2026-06-20 01:11:14,東京都
日給2.3万円から／配送ドライバー／月給40万円～／AT限定可新着,株式会社Gift,東京都,月給40万円～,,ドライバー,求人ボックス,https://xn--pckua2a7gp15o89zb.com/jbn/6a206f2f8d5a3cbce72c8099fc8f3797,True,23時間前,2026-06-20 01:11:01,東京都
軽貨物ドライバー／ミドル・フリーターも活躍中／シフト制でマイペースに勤...新着,株式会社T.T.D,東京都,"日給1万9,000円",,ドライバー,求人ボックス,https://xn--pckua2a7gp15o89zb.com/jbn/7630522ffe0a43f91b7a2bcaaecd7d47,True,22時間前,2026-06-20 01:11:01,東京都
業務委託ドライバー／週3から働ける環境／最高月給70万／ガソリンカード...新着,株式会社LH SERVICE,東京都,月給70万,,ドライバー,求人ボックス,https://xn--pckua2a7gp15o89zb.com/jbn/deb5027c97e3d27deddbbe61c9bf0377,True,21時間前,2026-06-20 01:11:02,東京都
観光送迎ドライバー「夜勤・正社員」手取り40万以上／普通免許のみOK新着,株式会社アシスト,東京都,"月給46万2,000円",正社員,ドライバー,求人ボックス,https://xn--pckua2a7gp15o89zb.com/jbn/18ae6bdab5e639dba857a61e738fec51,True,17時間前,2026-06-20 01:11:05,東京都
「VIP・役員送迎ドライバー」1年目で年収600万・週3勤務新着,株式会社トラスト,東京都,"月給45万9,000円",正社員,ドライバー,求人ボックス,https://xn--pckua2a7gp15o89zb.com/jbn/ed5bb6f957e9e59e4f618b31bd4a61f8,True,20時間前,2026-06-20 01:11:08,東京都
アマゾンの宅配ドライバー／人との関わり少ない／短期間OK／週3日OK新着,株式会社Gro,東京都,"日給2万2,121円",,ドライバー,求人ボックス,https://xn--pckua2a7gp15o89zb.com/jbn/6c1b69c68e528252e27ea25ec749c28f,True,23時間前,2026-06-20 01:11:08,東京都
空港送迎ドライバー「週3勤務」二種免許不要／年収600万円可新着,株式会社ネクスト,東京都,"月給45万9,000円",正社員,ドライバー,求人ボックス,https://xn--pckua2a7gp15o89zb.com/jbn/b38531f16c9c59aad3bb5c010b881861,True,16時間前,2026-06-20 01:11:12,東京都
タクシードライバー／予約が中心／普通免許のみ／年間休日120日以上新着,ドライバー,東京都,月給45万円～80万円,正社員,ドライバー,求人ボックス,https://xn--pckua2a7gp15o89zb.com/jbn/fd0ad603552390e8c9db83d5dd79aff9,True,23時間前,2026-06-20 01:11:12,東京都
タクシードライバー／予約中心／普通免許のみ／週3出勤／シフト自由新着,タクシー,東京都,月給45万円～80万円,正社員,ドライバー,求人ボックス,https://xn--pckua2a7gp15o89zb.com/jbn/b799ff7ad5021a8e6990d223538ff501,True,23時間前,2026-06-20 01:11:15,東京都
配車ドライバー／予約中心／普通免許のみ／福利厚生充実の正社員／シフト制新着,...異業界出身者の方も多数在籍! タクシー,東京都,月給45万円～80万円,正社員,ドライバー,求人ボックス,https://xn--pckua2a7gp15o89zb.com/jbn/c911cf07b263dbf59a77dda8d2de6d8f,True,23時間前,2026-06-20 01:11:17,東京都
タクシードライバー／予約が中心／普通免許のみ／週3出勤／シフト制新着,タクシー,東京都,月給45万円～80万円,正社員,ドライバー,求人ボックス,https://xn--pckua2a7gp15o89zb.com/jbn/6b79bb72ce1fe4c674c65e71e161d7f8,True,23時間前,2026-06-20 01:11:17,東京都
役員専属ドライバー／予約中心／普通免許のみ／月半分がお休み新着,ドライバー,東京都,月給50万円～80万円,正社員,ドライバー,求人ボックス,https://xn--pckua2a7gp15o89zb.com/jbn/5ef90bd47616ba9e2d0e8d710198a865,True,23時間前,2026-06-20 01:11:21,東京都
タクシードライバー／予約中心／普通免許のみ／幅広い年齢の方が活躍中新着,ドライバー,東京都,月給45万円～80万円,正社員,ドライバー,求人ボックス,https://xn--pckua2a7gp15o89zb.com/jbn/6989484582e71f5e067808c44a987430,True,23時間前,2026-06-20 01:11:21,東京都
タクシードライバー／予約中心／普通免許のみ／幅広い年齢の方が活躍中新着,タクシー,東京都,月給45万円～80万円,正社員,ドライバー,求人ボックス,https://xn--pckua2a7gp15o89zb.com/jbn/abb263e9d1a054275233a2e24d2ca7ab,True,23時間前,2026-06-20 01:11:26,東京都
タクシードライバー／予約中心／普通免許歓迎／主婦・主夫さん活躍中新着,タクシー,東京都,月給45万円～80万円,正社員,ドライバー,求人ボックス,https://xn--pckua2a7gp15o89zb.com/jbn/9174b498b3a6c800a0b0f84b9ff0860b,True,23時間前,2026-06-20 01:11:26,東京都
配車ドライバー／予約が中心／普通免許のみ／年間休日120日以上新着,タクシー,東京都,月給45万円～80万円,正社員,ドライバー,求人ボックス,https://xn--pckua2a7gp15o89zb.com/jbn/322de7686581e55c9cb845de22dff915,True,23時間前,2026-06-20 01:11:26,東京都
役員ドライバー／予約が中心／普通免許のみ／週3出勤／未経験でも高収入新着,ドライバー,東京都,月給50万円～80万円,正社員,ドライバー,求人ボックス,https://xn--pckua2a7gp15o89zb.com/jbn/1fe1bfa5e73f360ff9044ca81b306540,True,23時間前,2026-06-20 01:11:26,東京都
オフィスビル常駐警備員新着,株式会社ハリマビステム,東京都,月給23万円～25万円,正社員,警備,求人ボックス,https://xn--pckua2a7gp15o89zb.com/jb/ad5b4078d7a15a4c472e3e3516f0e505,True,48分前,2026-06-20 01:11:02,東京都
警備員新着,城北食糧運送株式会社,東京都,月給21万円～24万円,正社員,警備,求人ボックス,https://xn--pckua2a7gp15o89zb.com/jb/d05a28ff14a2fdf50c16d0434a50ce34,True,3時間前,2026-06-20 01:11:02,東京都
国立能楽堂日勤施設警備員新着,KSPグループ,東京都,"時給1,312円～",アルバイト・パート,警備,求人ボックス,https://xn--pckua2a7gp15o89zb.com/jb/4bf6e3be98770e770c7827ff7ba864c6,True,8時間前,2026-06-20 01:11:03,東京都
警備員の管理スタッフ／施設警備新着,株式会社シムックス,東京都,月給23万円～26万円,正社員,警備,求人ボックス,https://xn--pckua2a7gp15o89zb.com/jb/a75c7fe26e2ee981797fb5c55671b0b4,True,1時間前,2026-06-20 01:11:06,東京都
交通誘導警備 交通警備員／日勤／夜勤／シフト希望制で働きやすい新着,FUJIKEN株式会社,東京都,"日給1万2,000円",アルバイト・パート,警備,求人ボックス,https://xn--pckua2a7gp15o89zb.com/jb/4461f4cecd86449347b4e25fb91ed6bb,True,19時間前,2026-06-20 01:11:10,東京都
交通誘導警備員／直行直帰 シフト自己申告新着,ホークスプラス合同会社,東京都,"時給1,312円～1,718円",アルバイト・パート,警備,求人ボックス,https://xn--pckua2a7gp15o89zb.com/jb/c5cf0f4b0766f868b616a4d1e804a9d0,True,2時間前,2026-06-20 01:11:10,東京都
官公庁施設の常駐警備員新着,ライトコーポレーション合同会社,東京都,"時給1,226円",契約社員,警備,求人ボックス,https://xn--pckua2a7gp15o89zb.com/jb/9e0c837797ca6c795e7153fc85101e90,True,1時間前,2026-06-20 01:11:10,東京都
日本銀行本店の 警備員 転勤なし 原則土日祝休み新着,日本銀行,東京都,"月給23万2,000円",正社員,警備,求人ボックス,https://xn--pckua2a7gp15o89zb.com/jb/3f37d79ebc389ddd74f012c2771e0aa9,True,7時間前,2026-06-20 01:11:13,東京都
株式会社オール商会 東京都多摩市の急募／無資格・未経験から始める施設警備員／株式会社オール商会新着,警備員,東京都多摩市の急募／無資格・未経験から始める施設警備員／株式会社オール商会,"月給21万1,800円",正社員,警備,求人ボックス,https://xn--pckua2a7gp15o89zb.com/jb/dc2b197584f7b63fc1b851c3e9672927,True,23時間前,2026-06-20 01:11:13,東京都
施設警備の警備員スタッフ新着,株式会社新日本警備保障 NJS 流通センター駅,東京都,"日給1万1,341円",アルバイト・パート,警備,求人ボックス,https://xn--pckua2a7gp15o89zb.com/jb/3a77af5b1197952e7cb54543f94bc421,True,7時間前,2026-06-20 01:11:17,東京都
街の安全を守る交通誘導警備員新着,オールワンアクティヴ株式会社,東京都,"日給1万2,000円",アルバイト・パート,警備,求人ボックス,https://xn--pckua2a7gp15o89zb.com/jb/3e17f9ee468917b75de82f43581a2db4,True,1時間前,2026-06-20 01:11:17,東京都
施設警備、警備員／駅・商業施設・学校・マンション新着,テイケイ株式会社,東京都,"日給2万4,101円",契約社員,警備,求人ボックス,https://xn--pckua2a7gp15o89zb.com/jb/2fdd1aaf3e8e58a5b4524e0c6a3f9e48,True,6時間前,2026-06-20 01:11:17,東京都
警備員、施設警備 館内警備、案内 インフォメーション／レセプション新着,SPD株式会社,東京都,日給1万円～1万,アルバイト・パート,警備,求人ボックス,https://xn--pckua2a7gp15o89zb.com/jb/70027f2a620964936cf912f66ae07ce7,True,23時間前,2026-06-20 01:11:17,東京都
「愛知県勤務」交通誘導 昨日の「私」を変えたいと思っている人へ新着,セキュリティスタッフ株式会社,東京都,"月給30万1,000円",正社員,警備,求人ボックス,https://xn--pckua2a7gp15o89zb.com/jb/36113867b754c314d5ab519749b5fd97,True,49分前,2026-06-20 01:11:19,東京都
工事車両の交通誘導／シフト応相談／直行直帰／WワークOK新着,セキュリナ・セキュリティー・サービス株式会社,東京都,"時給1,300円",アルバイト・パート,警備,求人ボックス,https://xn--pckua2a7gp15o89zb.com/jb/90280e4732e46312921384aecd1e2bbe,True,15時間前,2026-06-20 01:11:21,東京都
病院の施設警備新着,日本不動産管理株式会社,東京都,月給24万円～26万円,正社員,警備,求人ボックス,https://xn--pckua2a7gp15o89zb.com/jb/d0350135cd84693403f5df2bda09da4a,True,5時間前,2026-06-20 01:11:21,東京都
日勤メインの管制員業務／未経験歓迎／社会保険完備新着,株式会社And Security,東京都,年収350万円～500万円,正社員,警備,求人ボックス,https://xn--pckua2a7gp15o89zb.com/jbn/959e604b6f2825b70ee87c7d3615a740,True,23時間前,2026-06-20 01:11:21,東京都
「役員運転手・定期送迎」1年目で年収580万・週3勤務／普通免許のみOK新着,株式会社ネクスト,東京都,"月給45万5,000円",正社員,警備,求人ボックス,https://xn--pckua2a7gp15o89zb.com/jbn/3f4d2e838c04a79f0b5b911a19ff9103,True,16時間前,2026-06-20 01:11:25,東京都
倉庫の警備／シニア活躍中新着,グローブシップ警備株式会社,東京都,"時給1,226円～",正社員,警備,求人ボックス,https://xn--pckua2a7gp15o89zb.com/jb/fceda7698eaf5cc9ea9568296909aaed,True,2時間前,2026-06-20 01:11:25,東京都
「50代・60代が主役!」マンション管理スタッフ／研修制度あり／複数施設の外回り／長期活躍新着,株式会社秀栄興産,東京都,"月給23万5,000円",契約社員,警備,求人ボックス,https://xn--pckua2a7gp15o89zb.com/jbn/e4ea5ccc76cbbeb22a694015ba822a37,True,23時間前,2026-06-20 01:11:25,東京都
金融機関施設の警備STAFF 時給1 500円!1時間で終わっても日収6 000円保証新着,株式会社MSK,東京都,時給1,アルバイト・パート,警備,求人ボックス,https://xn--pckua2a7gp15o89zb.com/jb/6edcfb6680daa165cf7da5985060c917,True,21時間前,2026-06-20 01:11:25,東京都
スナック菓子の製造スタッフ「27卒」正社員・寮・社宅あり・完全週休2日...新着,株式会社GUM,東京都,"月給25万2,600円",正社員,製造,求人ボックス,https://xn--pckua2a7gp15o89zb.com/jbn/0f4f1b310f2ead92ba751d4321103a79,True,7時間前,2026-06-20 01:11:17,東京都
キーホルダーの製造スタッフ「27卒」寮完備・残業少なめ「正社員新着,株式会社キソシン,東京都,"月給26万2,500円",正社員,製造,求人ボックス,https://xn--pckua2a7gp15o89zb.com/jbn/43a90dc87d222da1520ee17e0a8739e0,True,6時間前,2026-06-20 01:11:17,東京都
「27卒」ペット用品の製造スタッフ・未経験歓迎／シフト相談可「正社員新着,JHRconsulting株式会社,東京都,"月給25万2,600円",正社員,製造,求人ボックス,https://xn--pckua2a7gp15o89zb.com/jbn/e42953d3851fcea472c9f50bebd381a1,True,5時間前,2026-06-20 01:11:18,東京都
コスメ・化粧品の製造・充填スタッフ「27卒」寮・社宅あり／交通費全額支...新着,株式会社プロジェクトトリガー,東京都,"月給25万1,400円",正社員,製造,求人ボックス,https://xn--pckua2a7gp15o89zb.com/jbn/32051f6aaa62cad6021e27b6eb1cf78b,True,7時間前,2026-06-20 01:11:18,東京都
「27卒」ペット用品の製造スタッフ正社員／有給消化率高い・20代活躍中新着,株式会社ELM,東京都,"月給25万5,700円",正社員,製造,求人ボックス,https://xn--pckua2a7gp15o89zb.com/jbn/bfaa326fd9643edc610d1539259ec133,True,5時間前,2026-06-20 01:11:21,東京都
「27卒」カプセルトイ製造スタッフ・寮完備「日勤のみ／年間休日125日...新着,株式会社ELシステム,東京都,"月給26万3,100円",正社員,製造,求人ボックス,https://xn--pckua2a7gp15o89zb.com/jbn/afb529acba61abf68ec6febdc77d0c7f,True,6時間前,2026-06-20 01:11:24,東京都
「27卒」カードゲーム製造スタッフ／未経験歓迎／即入寮可・昇給あり新着,株式会社alBee,東京都,"月給25万1,100円",正社員,製造,求人ボックス,https://xn--pckua2a7gp15o89zb.com/jbn/c232a17982f927554c12c2a9d682e647,True,6時間前,2026-06-20 01:11:24,東京都
「27卒」カードゲーム製造スタッフ／未経験歓迎／即入寮可・昇給あり新着,株式会社LOP,東京都,"月給25万1,400円",正社員,製造,求人ボックス,https://xn--pckua2a7gp15o89zb.com/jbn/ef1f9338b38240d388df3289814b2519,True,6時間前,2026-06-20 01:11:24,東京都
「27卒」イヤホン・ヘッドフォンの製造スタッフ・資格不問「正社員新着,株式会社enrich technology,東京都,"月給25万1,600円",正社員,製造,求人ボックス,https://xn--pckua2a7gp15o89zb.com/jbn/2b6cd0ee84b9f60263837a63aeaeeb39,True,6時間前,2026-06-20 01:11:28,東京都
「27卒」アウトドア・キャンプ用品の製造スタッフ・未経験歓迎「正社員新着,株式会社Creer,東京都,月給25万800円,正社員,製造,求人ボックス,https://xn--pckua2a7gp15o89zb.com/jbn/0a6e6b5a3954988cd37f41eb86c5fa7c,True,6時間前,2026-06-20 01:11:28,東京都
サプリメントの製造スタッフ「27卒」正社員・日勤のみ・技術手当あり新着,株式会社大斗,東京都,"月給25万4,200円",正社員,製造,求人ボックス,https://xn--pckua2a7gp15o89zb.com/jbn/cc8f484f12066835993941f6ee26c8a6,True,5時間前,2026-06-20 01:11:28,東京都
「27卒」スナック菓子の製造スタッフ／寮完備／昇給年1回以上新着,ベンタス株式会社,東京都,"月給26万3,900円",正社員,製造,求人ボックス,https://xn--pckua2a7gp15o89zb.com/jbn/90e6acc99033ae84ba966f17bed8ef89,True,6時間前,2026-06-20 01:11:32,東京都
スポーツ用品の製造スタッフ「27卒」20代活躍中・車通勤OK「正社員新着,株式会社Le Lien,東京都,"月給25万5,600円",正社員,製造,求人ボックス,https://xn--pckua2a7gp15o89zb.com/jbn/4ac8a5c64fddf41bee820b70c30097be,True,5時間前,2026-06-20 01:11:35,東京都
「27卒」スナック菓子の製造スタッフ／寮完備／昇給年1回以上新着,株式会社Meta Sales,東京都,月給25万900円,正社員,製造,求人ボックス,https://xn--pckua2a7gp15o89zb.com/jbn/5fceddc5283e9a983dda820d5264deb7,True,6時間前,2026-06-20 01:11:35,東京都
未経験採用枠「第2新卒活躍中!」ガチャガチャ製造スタッフ／高収入新着,株式会社RIOT GROUP,東京都,"月給32万8,000円",正社員,製造,求人ボックス,https://xn--pckua2a7gp15o89zb.com/jbn/567c0c601f26d0f48cc14de8d2f02456,True,2時間前,2026-06-20 01:11:35,東京都
未経験採用枠「第2新卒活躍中!」ガチャガチャ製造スタッフ／高収入新着,Yts株式会社,東京都,"月給32万7,000円",正社員,製造,求人ボックス,https://xn--pckua2a7gp15o89zb.com/jbn/ec17c0548effe3e2abfc50aa3dc22a4f,True,2時間前,2026-06-20 01:11:35,東京都
未経験採用枠「第2新卒活躍中!」ガチャガチャ製造スタッフ／高収入新着,AQUARIUS株式会社,東京都,"月給30万4,100円",正社員,製造,求人ボックス,https://xn--pckua2a7gp15o89zb.com/jbn/98d085a0fc2c710eb26def4c5dc3795a,True,2時間前,2026-06-20 01:11:38,東京都
クレーンゲーム景品を支える!／クレーンゲーム景品の企画製造スタッフ新着,製造,東京都,月給36万500円,正社員,製造,求人ボックス,https://xn--pckua2a7gp15o89zb.com/jbn/6722056db9866e0a8509af3183a4ed63,True,7時間前,2026-06-20 01:11:38,東京都
未経験採用枠「第2新卒活躍中!」ガチャガチャ製造スタッフ／高収入／寮新着,株式会社小林,東京都,"月給29万5,700円",正社員,製造,求人ボックス,https://xn--pckua2a7gp15o89zb.com/jbn/184c0f99d4acefe392b55eaf98ae1204,True,2時間前,2026-06-20 01:11:38,東京都
通電チェックも担当!／パソコンの製造スタッフ／年間休日129日新着,製造,東京都,"月給34万9,500円",正社員,製造,求人ボックス,https://xn--pckua2a7gp15o89zb.com/jbn/3d878253949c1253d22b8f26ae07ff4e,True,7時間前,2026-06-20 01:11:42,東京都
景品づくりのレア求人!／クレーンゲーム景品の企画製造スタッフ新着,製造,東京都,"月給33万8,500円",正社員,製造,求人ボックス,https://xn--pckua2a7gp15o89zb.com/jbn/b0a992b190168a3a981cee7654194f97,True,7時間前,2026-06-20 01:11:42,東京都
盤面パーツを仕上げる仕事!／パチンコ台盤面の製造スタッフ／20代活躍中新着,製造,東京都,"月給34万5,000円",正社員,製造,求人ボックス,https://xn--pckua2a7gp15o89zb.com/jbn/015e5ee5df1759a63c39337369a1c79c,True,7時間前,2026-06-20 01:11:46,東京都
貯金が底をつき、働く場所を探している人・家具家電付き寮完備で初期費用不要／文房具パーツの製造スタッフ新着,株式会社オーヴァル,東京都,"月給34万5,000円",正社員,製造,求人ボックス,https://xn--pckua2a7gp15o89zb.com/jb/4d68f866544e121cdda162826be5dd31,True,5時間前,2026-06-20 01:11:46,東京都
金属部品の加工オペレーター・マシニングセンタ／工業系卒歓迎／未経験OK／転勤なし／社会保険完備新着,アネックス・ジャパン株式会社,東京都,"時給1,900円～2,300円",派遣社員,派遣,求人ボックス,https://xn--pckua2a7gp15o89zb.com/jbn/7644afdb1482caf1ba830f5e448182ab,True,23時間前,2026-06-20 01:11:31,東京都
保育士新着,社会福祉法人豊川保育園,東京都,"時給1,600円～1,800円",派遣社員,派遣,求人ボックス,https://xn--pckua2a7gp15o89zb.com/jb/e30abbcd2bd1dbe5d1fb96d238ab5ca1,True,18時間前,2026-06-20 01:11:31,東京都
幼稚園教諭新着,学校法人聖フランシスコ学園,東京都,"時給1,800円",派遣社員,派遣,求人ボックス,https://xn--pckua2a7gp15o89zb.com/jb/68a675dda17d04e7ce60f16a31999361,True,18時間前,2026-06-20 01:11:31,東京都
自社Webサイト等の運用・ユーザー支援新着,パーソルクロステクノロジー株式会社,東京都,"時給2,650円",派遣社員,派遣,求人ボックス,https://xn--pckua2a7gp15o89zb.com/jb/45eec8a2509f8fa778050b0d76762c45,True,59分前,2026-06-20 01:11:31,東京都
保育士新着,新宿区,東京都,"時給1,900円",派遣社員,派遣,求人ボックス,https://xn--pckua2a7gp15o89zb.com/jb/e6b4c3e7ea002095e3e415251f989027,True,18時間前,2026-06-20 01:11:31,東京都
保育士新着,社会福祉法人育和会,東京都,"時給1,800円～1,900円",派遣社員,派遣,求人ボックス,https://xn--pckua2a7gp15o89zb.com/jb/ecaaac6251e7c70998a28dbd5a60b92b,True,18時間前,2026-06-20 01:11:31,東京都
フィールドセールス新着,株式会社ヘヤゴトヒューマンサテライト,東京都,月給30万円～36万円,正社員,派遣,求人ボックス,https://xn--pckua2a7gp15o89zb.com/jbn/f921ba390c36fd3aa4bab3f4b8610f71,True,15時間前,2026-06-20 01:11:34,東京都
保育士新着,社会福祉法人わかば会,東京都,"時給1,800円",派遣社員,派遣,求人ボックス,https://xn--pckua2a7gp15o89zb.com/jb/76f72ed2abfefcd61219af3a75c04b88,True,18時間前,2026-06-20 01:11:34,東京都
人財派遣紹介事業部・新設営業メンバ募集! 無料ランチ付き 内定まで最短2週間新着,株式会社UKnet,東京都,月給27万円～55万円,正社員,派遣,求人ボックス,https://xn--pckua2a7gp15o89zb.com/jb/dbc0645c626d0c7f2cfd8c3297c69576,True,13時間前,2026-06-20 01:11:34,東京都
保育士新着,株式会社木下の保育,東京都,"時給1,800円",派遣社員,派遣,求人ボックス,https://xn--pckua2a7gp15o89zb.com/jb/380ceda31b80825684eb9c859faba8c7,True,18時間前,2026-06-20 01:11:37,東京都
保育士／八王子市下柚木／認可保育園／日中時間固定／保育補助／土日休み新着,セントスタッフ株式会社,東京都,"時給1,400円～1,600円",派遣社員,派遣,求人ボックス,https://xn--pckua2a7gp15o89zb.com/jbn/10c55e94780c4157d94fb0684e459204,True,11時間前,2026-06-20 01:11:37,東京都
保育補助新着,株式会社伸芽会,東京都,"時給1,650円",派遣社員,派遣,求人ボックス,https://xn--pckua2a7gp15o89zb.com/jb/71b39fc781aed07e29298ce57bd3b666,True,18時間前,2026-06-20 01:11:37,東京都
保育士新着,品川区,東京都,"時給2,000円～2,200円",派遣社員,派遣,求人ボックス,https://xn--pckua2a7gp15o89zb.com/jb/4b13f0472dfefeb361ae635921a5d803,True,18時間前,2026-06-20 01:11:41,東京都
幼稚園教諭新着,宗教法人日本同盟基督教団中野教会,東京都,"時給1,500円～1,700円",派遣社員,派遣,求人ボックス,https://xn--pckua2a7gp15o89zb.com/jb/8b93b9265fb51e930ef43d371e488717,True,18時間前,2026-06-20 01:11:41,東京都
保育士新着,宗教法人玉蓮院 共生保育園,東京都,"時給1,600円～1,744円",派遣社員,派遣,求人ボックス,https://xn--pckua2a7gp15o89zb.com/jb/407fababa4a19d1eea12f4d4620f16c4,True,18時間前,2026-06-20 01:11:43,東京都
建設業界向けCADオペレーターの人材営業／未経験歓迎／社会保険完備新着,株式会社アットキャド,東京都,年収300万円～400万円,正社員,派遣,求人ボックス,https://xn--pckua2a7gp15o89zb.com/jbn/8519bc0a24bcc915d6783a2807ccb0f1,True,23時間前,2026-06-20 01:11:43,東京都
携帯ショップ派遣コーディネーター／20代活躍中／未経験・第二新卒／土日祝休み／賞与あり／渋谷区渋谷新着,<仕事内容>携帯ショップなどに,東京都,月給20万円～23万円,正社員,派遣,求人ボックス,https://xn--pckua2a7gp15o89zb.com/jbn/155942f58f4bed8dd160e5897ee24025,True,3時間前,2026-06-20 01:11:43,東京都
一般事務新着,コムシスシェアードサービス株式会社,東京都,"時給1,500円～",派遣社員,派遣,求人ボックス,https://xn--pckua2a7gp15o89zb.com/jb/01b479cf19ce7c3e4d8a7b810f88b9bb,True,5時間前,2026-06-20 01:11:46,東京都
事業企画・事業統括新着,株式会社クロス・マーケティンググループ,東京都,"月給40万8,000円",正社員,派遣,求人ボックス,https://xn--pckua2a7gp15o89zb.com/jbn/46850941e1f6479cdae3ddd38d82a1f8,True,16時間前,2026-06-20 01:11:46,東京都
製造スタッフ 年齢不問 シニア歓迎 基板の検査·修理 月収31万円新着,株式会社メイテックキャスト,東京都,"時給2,000円",派遣社員,派遣,求人ボックス,https://xn--pckua2a7gp15o89zb.com/jb/fddf53da34a572dd1c37c626352341bb,True,14時間前,2026-06-20 01:11:46,東京都
DTPオペレーター ノベルティ・販促物制作 渋谷駅5分・残業月10h以内新着,株式会社フェローズ,東京都,"時給1,750円～1,850円",派遣社員,派遣,求人ボックス,https://xn--pckua2a7gp15o89zb.com/jb/7774169bd26fe10e93848afa0fda5bf1,True,13時間前,2026-06-20 01:11:49,東京都
週3日OK無期雇用実績あり 遅番 ATM関連の問い合わせ対応新着,アデコ株式会社,東京都,"時給1,650円～",派遣社員,派遣,求人ボックス,https://xn--pckua2a7gp15o89zb.com/jb/2457da63267781cb6cb444ae65fdf7be,True,20時間前,2026-06-20 01:11:49,東京都
月収28万円 8～17時 NO残業／電力に関する事務 曜日シフト新着,です...,東京都,"時給1,750円",派遣社員,派遣,求人ボックス,https://xn--pckua2a7gp15o89zb.com/jb/b1151bcec2435ceb06457f84068e8dee,True,9時間前,2026-06-20 01:11:49,東京都
経験活かす!特許事務所 書類作成&提出新着,ランスタッド株式会社,東京都,"時給1,850円",派遣社員,派遣,求人ボックス,https://xn--pckua2a7gp15o89zb.com/jb/d6b487ed936181c96ecca9c6162d06e7,True,20時間前,2026-06-20 01:11:49,東京都
一般事務／カスタマーサポート@渋谷新着,マンパワーグループ株式会社,東京都,"時給1,700円",派遣社員,派遣,求人ボックス,https://xn--pckua2a7gp15o89zb.com/jb/ae47673c942539287106e64ada1bd2f9,True,4時間前,2026-06-20 01:11:52,東京都
保育士新着,社会福祉法人町田南保育園,東京都,"時給1,700円～1,750円",派遣社員,派遣,求人ボックス,https://xn--pckua2a7gp15o89zb.com/jb/89ef824a9f8e0362d6ac762f3a9f1b7b,True,18時間前,2026-06-20 01:11:52,東京都
商流の要となる受発注オペレーション／20代活躍中／未経験・第二新卒／土日祝休み／賞与あり新着,スタッフ,東京都,"月給27万5,000円",正社員,派遣,求人ボックス,https://xn--pckua2a7gp15o89zb.com/jbn/ac31092d61197ef55f8a99ee25c8c029,True,4時間前,2026-06-20 01:11:55,東京都
固定現場の日常清掃スタッフ 社員新着,株式会社豊栄美装,東京都,月給25万円,正社員,清掃,求人ボックス,https://xn--pckua2a7gp15o89zb.com/jb/abe520468556b9f49b6bca6554f6644a,True,5時間前,2026-06-20 01:11:29,東京都
公共施設の清掃スタッフ新着,株式会社リンレイサービス,東京都,"時給1,480円",アルバイト・パート,清掃,求人ボックス,https://xn--pckua2a7gp15o89zb.com/jb/8754c101afb2cc77e5f0484508842bfb,True,5時間前,2026-06-20 01:11:29,東京都
完全週休3日の清掃スタッフ／15時退勤／未経験OK／早番新着,住友芝浦ビル,東京都,月給20万円～,正社員,清掃,求人ボックス,https://xn--pckua2a7gp15o89zb.com/jbn/4f94f2fb0b96fdf6c8117624936adc58,True,21時間前,2026-06-20 01:11:29,東京都
マンション清掃スタッフ新着,アドホック建物株式会社,東京都,"時給1,300円",アルバイト・パート,清掃,求人ボックス,https://xn--pckua2a7gp15o89zb.com/jb/4834fdbdbb29ca9cd24f25e04be2a19f,True,57分前,2026-06-20 01:11:29,東京都
完全週休3日の清掃スタッフ／15時退勤／未経験OK／早番新着,住友不動産六本木グランドタワー,東京都,月給20万円～,正社員,清掃,求人ボックス,https://xn--pckua2a7gp15o89zb.com/jbn/5b77e5dd48d45bca8668ce18e6562903,True,21時間前,2026-06-20 01:11:34,東京都
完全週休3日の清掃スタッフ／15時退勤／未経験OK／早番新着,住友不動産芝ビル3号館,東京都,月給20万円～,正社員,清掃,求人ボックス,https://xn--pckua2a7gp15o89zb.com/jbn/46b42c5ea1812d554abb30a630ca7c9e,True,21時間前,2026-06-20 01:11:34,東京都
完全週休3日の清掃スタッフ／15時退勤／未経験OK／早番新着,ラ・トゥール代官山,東京都,月給20万円～,正社員,清掃,求人ボックス,https://xn--pckua2a7gp15o89zb.com/jbn/d1aba8b4932d03e042cabaebcde98e46,True,21時間前,2026-06-20 01:11:34,東京都
完全週休3日の清掃スタッフ／15時退勤／未経験OK／早番新着,住友不動産芝公園ファーストビル,東京都,月給20万円～,正社員,清掃,求人ボックス,https://xn--pckua2a7gp15o89zb.com/jbn/f9ccca5db4addfbf6f8bc9c1cbeb4c10,True,21時間前,2026-06-20 01:11:37,東京都
完全週休3日の清掃スタッフ／15時退勤／未経験OK／早番新着,住友不動産田町ファーストビル,東京都,月給20万円～,正社員,清掃,求人ボックス,https://xn--pckua2a7gp15o89zb.com/jbn/741e80a6a3dd2c2252438009ebf73a29,True,21時間前,2026-06-20 01:11:37,東京都
完全週休3日の清掃スタッフ／15時退勤／未経験OK／早番新着,住友不動産三田ファーストビル,東京都,月給20万円～,正社員,清掃,求人ボックス,https://xn--pckua2a7gp15o89zb.com/jbn/3611e8ca9a7946039ebd2edea4bd7419,True,21時間前,2026-06-20 01:11:40,東京都
完全週休3日の清掃スタッフ／15時退勤／未経験OK／早番新着,渋谷インフォスタワー,東京都,月給20万円～,正社員,清掃,求人ボックス,https://xn--pckua2a7gp15o89zb.com/jbn/b490dd844f7f6570b9c873928ae55ab3,True,21時間前,2026-06-20 01:11:40,東京都
完全週休3日の清掃スタッフ／15時退勤／未経験OK／早番新着,住友浜松町ビル,東京都,月給20万円～,正社員,清掃,求人ボックス,https://xn--pckua2a7gp15o89zb.com/jbn/e2fda5e0decae7d68ea13ff18b7a3cfb,True,21時間前,2026-06-20 01:11:44,東京都
完全週休3日の清掃スタッフ／15時退勤／未経験OK／早番新着,住友新虎ノ門ビル,東京都,月給20万円～,正社員,清掃,求人ボックス,https://xn--pckua2a7gp15o89zb.com/jbn/f16fb7506fccf5c6098a83a0f3d16688,True,21時間前,2026-06-20 01:11:44,東京都
完全週休3日の清掃スタッフ／15時退勤／未経験OK／早番新着,住友不動産青葉台ヒルズ,東京都,月給20万円～,正社員,清掃,求人ボックス,https://xn--pckua2a7gp15o89zb.com/jbn/c44293a8166e84eb3ea6c36b9ee5401e,True,21時間前,2026-06-20 01:11:47,東京都
完全週休3日の清掃スタッフ／15時退勤／未経験OK／早番新着,住友不動産御成門駅前ビル,東京都,月給20万円～,正社員,清掃,求人ボックス,https://xn--pckua2a7gp15o89zb.com/jbn/868ad61e7deb301b3e83c6ab15aa59b6,True,21時間前,2026-06-20 01:11:47,東京都
完全週休3日の清掃スタッフ／15時退勤／未経験OK／早番新着,渋谷インフォスアネックス,東京都,月給20万円～,正社員,清掃,求人ボックス,https://xn--pckua2a7gp15o89zb.com/jbn/11b5c431ea8e37bd77f58001a6c065f4,True,20時間前,2026-06-20 01:11:53,東京都
清掃代行スタッフ 短時間勤務可 勤務日や時間調整可新着,株式会社WakuMall,東京都,"時給1,500円～1,600円",アルバイト・パート,清掃,求人ボックス,https://xn--pckua2a7gp15o89zb.com/jb/f0a39d50028c8c8a994934ea2d2c57a1,True,50分前,2026-06-20 01:11:53,東京都
完全週休3日の清掃スタッフ／15時退勤／未経験OK／早番新着,住友不動産東京三田サウスタワー,東京都,月給20万円～,正社員,清掃,求人ボックス,https://xn--pckua2a7gp15o89zb.com/jbn/3b64a6a8c22d7bccfbcb6bf7ed9f3f0d,True,21時間前,2026-06-20 01:11:53,東京都
完全週休3日の清掃スタッフ／15時退勤／未経験OK／早番新着,住友不動産渋谷タワー,東京都,月給20万円～,正社員,清掃,求人ボックス,https://xn--pckua2a7gp15o89zb.com/jbn/1d4712a54e62c040e04b5f10000e9910,True,21時間前,2026-06-20 01:11:57,東京都
完全週休3日の清掃スタッフ／15時退勤／未経験OK／早番新着,住友芝大門ビル,東京都,月給20万円～,正社員,清掃,求人ボックス,https://xn--pckua2a7gp15o89zb.com/jbn/2b0c61633d7aa2e6b3fcae9de0c74f1e,True,21時間前,2026-06-20 01:11:57,東京都
遅番清掃スタッフ／オフィスビル／深夜清掃／髪色自由／未経験OK新着,汐留住友ビル,東京都,月給31万円～35万円,正社員,清掃,求人ボックス,https://xn--pckua2a7gp15o89zb.com/jbn/afb9ce2a60dd7df13fad4c53e7d28061,True,21時間前,2026-06-20 01:11:57,東京都
未経験可の歯科衛生士新着,森川歯科医院,千葉県,月給27万円～35万円,正社員,歯科,求人ボックス,https://xn--pckua2a7gp15o89zb.com/jb/6adc4ec87c7a1fae849cc8038ad9ab75,True,3時間前,2026-06-20 01:11:59,千葉県
歯科衛生士／短期、ブランクありでもOK新着,医療法人社団尚友会,千葉県,"時給2,000円～",アルバイト・パート,歯科,求人ボックス,https://xn--pckua2a7gp15o89zb.com/jb/95eb18c66755a92f844e6a002d714588,True,23時間前,2026-06-20 01:11:59,千葉県
歯科衛生士／マウスピース矯正とホワイトニングに特化した専門クリニック新着,医療法人社団dental health care,千葉県,月給27万円～35万円,正社員,歯科,求人ボックス,https://xn--pckua2a7gp15o89zb.com/jb/469412de7f54d71287643702137328c9,True,23時間前,2026-06-20 01:11:59,千葉県
歯科衛生士新着,内藤デンタルクリニック,千葉県,"時給1,600円～2,000円",アルバイト・パート,歯科,求人ボックス,https://xn--pckua2a7gp15o89zb.com/jb/002c8e026447103bc54a171760832281,True,4時間前,2026-06-20 01:11:59,千葉県
歯科衛生士／西千葉駅より徒歩4分／年間休日130日 ブランクある方も歓...新着,小林歯科,千葉県,月給25万円～26万円,正社員,歯科,求人ボックス,https://xn--pckua2a7gp15o89zb.com/jb/d4b1b23bc0460110846d6bce66a01b8c,True,23時間前,2026-06-20 01:11:59,千葉県
受付業務などを行う歯科助手新着,さくらテラス歯科,千葉県,月給22万円～27万円,正社員,歯科,求人ボックス,https://xn--pckua2a7gp15o89zb.com/jb/619e9e73500539ee998010b575c3d93e,True,3時間前,2026-06-20 01:11:59,千葉県
社会保険完備の職場で歯科医師新着,津田沼カナデル歯科,千葉県,月給40万円～,正社員,歯科,求人ボックス,https://xn--pckua2a7gp15o89zb.com/jb/423d1ee0224ede50f74a95277d6c12cd,True,3時間前,2026-06-20 01:11:59,千葉県
社会保険完備の職場で歯科医師新着,しらとり歯科・矯正歯科,千葉県,月給70万円～90万円,契約社員,歯科,求人ボックス,https://xn--pckua2a7gp15o89zb.com/jb/387ca92559f44b80f58da84ae21af986,True,3時間前,2026-06-20 01:11:59,千葉県
士業新着,株式会社FLEAR,千葉県,"月給28万9,000円",正社員,歯科,求人ボックス,https://xn--pckua2a7gp15o89zb.com/jbn/a250d0bb08d9083d1680e13dc4963137,True,17時間前,2026-06-20 01:11:59,千葉県
管理栄養士／年間休日110日以上でプライベート充実／賞与支給あり／福利厚生充実／社会保険完備新着,医療法人社団統鶴会 スマイルデンタルクリニック,千葉県,"月給20万5,000円",正社員,歯科,求人ボックス,https://xn--pckua2a7gp15o89zb.com/jbn/f99993fe62c0ef5f808e9f063b22c72a,True,22時間前,2026-06-20 01:11:59,千葉県
歯科衛生士／駅チカ徒歩1分 経験不問 !充実の教育研修制度 ネイルOK新着,フィールズ南柏 奏デンタルクリニック,千葉県,月給32万円～50万円,正社員,歯科,求人ボックス,https://xn--pckua2a7gp15o89zb.com/jb/d7cfaed3634e96b7547d064da8685c75,True,13時間前,2026-06-20 01:11:59,千葉県
管理栄養士／年間休日110日以上でプライベート充実／日勤中心で生活リズム安定／賞与支給あり新着,医療法人社団煌道会 なないろガーデン歯科クリニック,千葉県,月給21万円,契約社員,歯科,求人ボックス,https://xn--pckua2a7gp15o89zb.com/jbn/8801fee55ba9a6595edd341250b7156e,True,22時間前,2026-06-20 01:11:59,千葉県
表参道の接客サービススタッフ／レストラン、飲食新着,有限会社春秋サービス,東京都,"時給1,500円～2,000円",アルバイト・パート,飲食,求人ボックス,https://xn--pckua2a7gp15o89zb.com/jb/8459c71991bc5fffbadac0fdd263e130,True,4時間前,2026-06-20 01:11:49,東京都
飲食調理スタッフ新着,秀和アソシエイト株式会社,東京都,月給25万円～,契約社員,飲食,求人ボックス,https://xn--pckua2a7gp15o89zb.com/jb/36c5fbfb18b3ffa44c41ddedfb21ce1a,True,16時間前,2026-06-20 01:11:49,東京都
上場企業で安定収入! 飲食店の店舗スタッフ 最長7連休年2回新着,株式会社JBイレブン,東京都,"月給25万7,000円",正社員,飲食,求人ボックス,https://xn--pckua2a7gp15o89zb.com/jb/4a5fc13bf77ec740da2ac84c5bc6bd4e,True,5時間前,2026-06-20 01:11:50,東京都
株式会社Suneight 東京都武蔵野市の飲食店ホールスタッフ新着,飲食,東京都武蔵野市の飲食店ホールスタッフ,月給35万円～40万円,正社員,飲食,求人ボックス,https://xn--pckua2a7gp15o89zb.com/jb/91b586b6d707e369dae476ab727b8321,True,22時間前,2026-06-20 01:11:50,東京都
レストラン・専門料理店新着,株式会社土佐料理 司,東京都,月給30万円～35万円,正社員,飲食,求人ボックス,https://xn--pckua2a7gp15o89zb.com/jbn/e82de0841029c746365f44ea298e8db1,True,9時間前,2026-06-20 01:11:50,東京都
「夜勤・芸能／インフルエンサー送迎ドライバー」月収40万以上／二種免許不要・急募新着,株式会社ネクスト,東京都,"月給45万6,000円",正社員,飲食,求人ボックス,https://xn--pckua2a7gp15o89zb.com/jbn/0d32c2fa5fb5e2b71ac08f2eb5559603,True,16時間前,2026-06-20 01:11:53,東京都
おもてなし・サービスSTAFF新着,株式会社吉香,東京都,"日給7,800円～",アルバイト・パート,飲食,求人ボックス,https://xn--pckua2a7gp15o89zb.com/jb/ea766eeab2c858da8c188acf429c0764,True,2時間前,2026-06-20 01:11:53,東京都
レストラン・専門料理店新着,ドリームエリア株式会社,東京都,月給30万円～50万円,正社員,飲食,求人ボックス,https://xn--pckua2a7gp15o89zb.com/jbn/1f96d127f5ea1590ac8fdb09c5217840,True,11時間前,2026-06-20 01:11:53,東京都
レストラン・専門料理店新着,東京学校用品株式会社,東京都,"月給28万6,960円",正社員,飲食,求人ボックス,https://xn--pckua2a7gp15o89zb.com/jbn/a814a91939c9f1d370ebd54e41706379,True,8時間前,2026-06-20 01:11:56,東京都
レストラン・専門料理店新着,株式会社グラナダ,東京都,月給25万円～35万円,正社員,飲食,求人ボックス,https://xn--pckua2a7gp15o89zb.com/jbn/afb5023f51e385bffcd5c02bdcdb5c59,True,8時間前,2026-06-20 01:11:56,東京都
レストラン・専門料理店新着,株式会社利久,東京都,"月給20万5,800円",正社員,飲食,求人ボックス,https://xn--pckua2a7gp15o89zb.com/jbn/3c3c95cc0d8bf654a20f1c83377e7ee7,True,8時間前,2026-06-20 01:12:00,東京都
レストラン・専門料理店新着,タキヒヨー株式会社,東京都,月給20万円～28万円,契約社員,飲食,求人ボックス,https://xn--pckua2a7gp15o89zb.com/jbn/1accdde70e1bdd9eca32d3589e400c0e,True,11時間前,2026-06-20 01:12:00,東京都
レストラン・専門料理店新着,有限会社エバーグリーン,東京都,月給32万500円,正社員,飲食,求人ボックス,https://xn--pckua2a7gp15o89zb.com/jbn/05b8d51b3c34342bb7af8d51aee76324,True,9時間前,2026-06-20 01:12:00,東京都
レストラン・専門料理店新着,株式会社東京一番フーズ,東京都,月給25万100円,正社員,飲食,求人ボックス,https://xn--pckua2a7gp15o89zb.com/jbn/20a0c3fc8f5556e5b9556917aaeaee9f,True,7時間前,2026-06-20 01:12:03,東京都
レストラン・専門料理店新着,株式会社Stay foolish,東京都,月給34万円～38万円,正社員,飲食,求人ボックス,https://xn--pckua2a7gp15o89zb.com/jbn/a17a57f21ae8f0d80c2976507e9e6d8f,True,9時間前,2026-06-20 01:12:03,東京都
レストラン・専門料理店新着,株式会社大庄,東京都,月給24万円～30万,正社員,飲食,求人ボックス,https://xn--pckua2a7gp15o89zb.com/jbn/9805090eb3f8cf2d1e3505467ee45f49,True,8時間前,2026-06-20 01:12:03,東京都
レストラン・専門料理店新着,株式会社rings,東京都,月給35万円～43万円,正社員,飲食,求人ボックス,https://xn--pckua2a7gp15o89zb.com/jbn/aa3b138b6e9d0e013795773536b76ced,True,10時間前,2026-06-20 01:12:06,東京都
レストラン・専門料理店新着,株式会社ベストホスピタリティーネットワーク,東京都,月給21万円～26万円,正社員,飲食,求人ボックス,https://xn--pckua2a7gp15o89zb.com/jbn/bffb5609fc278ab295afdd35d2f804d9,True,11時間前,2026-06-20 01:12:06,東京都
レストラン・専門料理店新着,株式会社フォンス,東京都,月給30万円～40万円,正社員,飲食,求人ボックス,https://xn--pckua2a7gp15o89zb.com/jbn/68681a3199b5a228e1d85ef3c13d104f,True,7時間前,2026-06-20 01:12:10,東京都
レストラン・専門料理店新着,株式会社グローバルダイニング,東京都,月給38万円～45万円,正社員,飲食,求人ボックス,https://xn--pckua2a7gp15o89zb.com/jbn/5be924c3bf5cc589a6731f57586e7861,True,11時間前,2026-06-20 01:12:10,東京都
レストラン・専門料理店新着,株式会社エーチーム,東京都,月給30万円～38万円,正社員,飲食,求人ボックス,https://xn--pckua2a7gp15o89zb.com/jbn/72b3d3a6fe4387ef5f29cfe8f98fc7bc,True,10時間前,2026-06-20 01:12:10,東京都
「月給35万円可能!」／もんじゃ焼き店の調理担当／未経験歓迎／まかないあり／20~30代活躍中新着,飲食,東京都,月給35万円,正社員,飲食,求人ボックス,https://xn--pckua2a7gp15o89zb.com/jbn/764a8206f28909ef22844093c5ff09a7,True,9時間前,2026-06-20 01:12:13,東京都
"レストラン・専門料理店,レストラン・専門料理店新着",株式会社すかいらーくホールディングス,東京都,"月給25万5,200円",正社員,飲食,求人ボックス,https://xn--pckua2a7gp15o89zb.com/jbn/21ba5751ad43bb7a7347bb739c88e583,True,9時間前,2026-06-20 01:12:13,東京都
"レストラン・専門料理店,レストラン・専門料理店新着",株式会社ZINO,東京都,月給30万円～36万円,正社員,飲食,求人ボックス,https://xn--pckua2a7gp15o89zb.com/jbn/f5923f1097a2677b765fd0edf29cdfcf,True,9時間前,2026-06-20 01:12:13,東京都
レストラン・専門料理店新着,株式会社アクロスリング,東京都,月給27万円～35万円,正社員,飲食,求人ボックス,https://xn--pckua2a7gp15o89zb.com/jbn/7929ca02f26a59dc6123f2cebf15b329,True,11時間前,2026-06-20 01:12:13,東京都
レストラン・専門料理店新着,株式会社NEXT STAGE,東京都,月給35万円～50万円,正社員,飲食,求人ボックス,https://xn--pckua2a7gp15o89zb.com/jbn/96df9d4f10c817f75fdbb0a6829912b9,True,11時間前,2026-06-20 01:12:13,東京都
レストラン・専門料理店新着,株式会社ラホス,東京都,月給26万円～40万円,正社員,飲食,求人ボックス,https://xn--pckua2a7gp15o89zb.com/jbn/b8dfa04641e3c6c15fe9fd90e7f90935,True,10時間前,2026-06-20 01:12:16,東京都
レストラン・専門料理店新着,株式会社キープ・ウィルダイニング,東京都,月給35万円～40万円,正社員,飲食,求人ボックス,https://xn--pckua2a7gp15o89zb.com/jbn/561b31b76876bc521989d2b7e76df3ee,True,8時間前,2026-06-20 01:12:16,東京都
レストラン・専門料理店新着,株式会社聚楽,東京都,"月給20万5,000円",正社員,飲食,求人ボックス,https://xn--pckua2a7gp15o89zb.com/jbn/01ab66455a54602cf71cb123edb115d4,True,8時間前,2026-06-20 01:12:16,東京都
医療事務／人気の医療事務求人／年間休日120日新着,メディクス松戸クリニック,千葉県,"月給20万9,200円",正社員,医療事務,求人ボックス,https://xn--pckua2a7gp15o89zb.com/jb/ddfa0bfffec8e29312d0d56d48c23430,True,9時間前,2026-06-20 01:11:59,千葉県
医療事務新着,株式会社アメニティ,千葉県,"時給1,800円",派遣社員,医療事務,求人ボックス,https://xn--pckua2a7gp15o89zb.com/jb/7ac4fbe81ccdd5cc4a3f4bfcd60f486d,True,6時間前,2026-06-20 01:11:59,千葉県
医療事務募集新着,東京ベイサイドクリニック,千葉県,"月給19万1,700円",正社員,医療事務,求人ボックス,https://xn--pckua2a7gp15o89zb.com/jb/551f3cac8fb8a2ae956f357e39e3d056,True,3時間前,2026-06-20 01:12:00,千葉県
医療事務 受付・クラーク／玄々堂君津病院新着,株式会社日本教育クリエイト,千葉県,"時給1,200円",派遣社員,医療事務,求人ボックス,https://xn--pckua2a7gp15o89zb.com/jb/f377ef3d593812e7137e088dc687bf04,True,21時間前,2026-06-20 01:12:00,千葉県
医療事務 受付・クラーク／医療法人社団 城東桐和会 タムス浦安病院新着,医療法人社団城東桐和会 タムス浦安病院,千葉県,"月給27万5,000円",正社員,医療事務,求人ボックス,https://xn--pckua2a7gp15o89zb.com/jb/59b9269036c5fae5f9a00ec29a65109d,True,21時間前,2026-06-20 01:12:00,千葉県
医療事務／受付新着,医療法人社団虹恵会 木村整形外科,千葉県,月給18万円～25万円,正社員,医療事務,求人ボックス,https://xn--pckua2a7gp15o89zb.com/jb/dc5b9a766ffc7a1c0e14d6890e97db21,True,21時間前,2026-06-20 01:12:03,千葉県
医療事務募集新着,ちよだ整形外科リウマチ科リハビリテーション科,千葉県,"時給1,200円～1,500円",アルバイト・パート,医療事務,求人ボックス,https://xn--pckua2a7gp15o89zb.com/jb/83d8726f01d55023e22a29941a38b40a,True,3時間前,2026-06-20 01:12:03,千葉県
クリニックの医療事務新着,よしごえクリニック,千葉県,"時給1,200円～",アルバイト・パート,医療事務,求人ボックス,https://xn--pckua2a7gp15o89zb.com/jb/bd7902a9f53630c861653e9233660437,True,1時間前,2026-06-20 01:12:07,千葉県
千葉県循環器病センターの医療事務／外来業務新着,株式会社ニチイ学館,千葉県循環器病センターの医療事務／外来業務,"時給1,170円～1,220円",アルバイト・パート,医療事務,求人ボックス,https://xn--pckua2a7gp15o89zb.com/jb/53ee9600cfda9d0c444266961b2df27c,True,10時間前,2026-06-20 01:12:07,千葉県
受付・医療事務新着,こしかわ眼科,千葉県,"月給19万5,000円",正社員,医療事務,求人ボックス,https://xn--pckua2a7gp15o89zb.com/jb/690fec318b8f3b1778824c9c350cce26,True,2時間前,2026-06-20 01:12:07,千葉県
医療事務／クリニック新着,医療法人社団長伸会 市川南クリニック,千葉県,"月給16万5,000円",正社員,医療事務,求人ボックス,https://xn--pckua2a7gp15o89zb.com/jb/9ac9d3fbcc7e1580f7727ef0e2dd5d13,True,21時間前,2026-06-20 01:12:10,千葉県
医療事務・受付新着,医療法人社団櫻雅会 オリオン歯科医院,千葉県,月給22万円～35万円,正社員,医療事務,求人ボックス,https://xn--pckua2a7gp15o89zb.com/jb/867f3e844ffa9c7b3cd3bcd20aeb435a,True,2時間前,2026-06-20 01:12:10,千葉県
医療事務／クリニック新着,医療法人社団長伸会 みどりクリニック,千葉県,"月給16万5,000円",正社員,医療事務,求人ボックス,https://xn--pckua2a7gp15o89zb.com/jb/2c44b606e9fbdc6aabce41a2a7f86764,True,21時間前,2026-06-20 01:12:10,千葉県
医療関係業務 ／ レセプト業務 ／あんしん長期 医療事務 残業なし新着,パーソルテンプスタッフ株式会社,千葉県,"時給1,650円",派遣社員,医療事務,求人ボックス,https://xn--pckua2a7gp15o89zb.com/jb/cd87eccc7d5cad35177270c788093e0a,True,14時間前,2026-06-20 01:12:14,千葉県
医療事務 リフレッシュ休暇あり!福利厚生充実!年収最大438万円新着,医療,千葉県,年収288万円～,,医療事務,求人ボックス,https://xn--pckua2a7gp15o89zb.com/jb/6adf780fe850341a9353ac647f0bf565,True,11時間前,2026-06-20 01:12:14,千葉県
リラクゼーションサロンのセラピスト／未経験OK／資格なし／アロマセラピー／エステサロン／ヘッドスパ新着,ラフィネ アリオ蘇我店,千葉県,"月給23万1,000円",正社員,医療事務,求人ボックス,https://xn--pckua2a7gp15o89zb.com/jbn/1da01343b786fc93207d9e31ea0a74b5,True,18時間前,2026-06-20 01:12:14,千葉県
セラピスト／未経験OK／エステサロン／リラクゼーション／インセンティブあり／ノルマなし新着,ラフィネ ペリエ千葉店,千葉県,"月給23万1,000円",正社員,医療事務,求人ボックス,https://xn--pckua2a7gp15o89zb.com/jbn/6596f35f9e283696058601f772ab9308,True,18時間前,2026-06-20 01:12:18,千葉県
セラピスト／大手ラフィネグループ／シフト制／マッサージリラクゼーション／高時給／インセンティブあり新着,REFLE 船橋東武店,千葉県,"月給23万1,000円",正社員,医療事務,求人ボックス,https://xn--pckua2a7gp15o89zb.com/jbn/a3ea8ab585fa69ef64e6a0c0ac7bcb91,True,18時間前,2026-06-20 01:12:18,千葉県
セラピスト／大手ラフィネグループ／シフト制／マッサージリラクゼーション／高時給／インセンティブあり新着,ラフィネ アトレ松戸店,千葉県,"月給23万1,000円",正社員,医療事務,求人ボックス,https://xn--pckua2a7gp15o89zb.com/jbn/03673a189fd516a1c51d25f34560540a,True,18時間前,2026-06-20 01:12:18,千葉県
セラピスト／ラフィネグループ／アロマテラピー／ヘッドスパ／ノルマなし／充実した研修制度新着,ラフィネ 柏髙島屋ステーションモール店,千葉県,"月給23万1,000円",正社員,医療事務,求人ボックス,https://xn--pckua2a7gp15o89zb.com/jbn/a54b2a811992934856a42afe58c078d1,True,18時間前,2026-06-20 01:12:20,千葉県
セラピスト／ラフィネグループ／アロマテラピー／ヘッドスパ／ノルマなし／充実した研修制度新着,ラフィネ イオンタウンおゆみ野店,千葉県,"月給23万1,000円",正社員,医療事務,求人ボックス,https://xn--pckua2a7gp15o89zb.com/jbn/fd6fa34b069fc290358c05b74e3056cc,True,18時間前,2026-06-20 01:12:20,千葉県
リラクゼーションセラピスト／未経験OK／業界最大手ラフィネグループ／エステティシャン／マッサージ新着,NEWラフィネ ららぽーとTokyoBay店,千葉県,"月給23万1,000円",正社員,医療事務,求人ボックス,https://xn--pckua2a7gp15o89zb.com/jbn/2fd867a908c1eef646cd3036b1d37cb2,True,18時間前,2026-06-20 01:12:20,千葉県
アロマセラピスト／エステサロン／未経験OK／20代～30代女性必見／最大手ラフィネグループ新着,ラフィネプリュス テラスモール松戸店,千葉県,"月給23万1,000円",正社員,医療事務,求人ボックス,https://xn--pckua2a7gp15o89zb.com/jbn/f23d28cb23b8ae42fcf66608a16ab2c4,True,18時間前,2026-06-20 01:12:23,千葉県
アロマセラピスト／エステサロン／未経験OK／20代～30代女性必見／最大手ラフィネグループ新着,ラフィネ C-one店,千葉県,"月給23万1,000円",正社員,医療事務,求人ボックス,https://xn--pckua2a7gp15o89zb.com/jbn/f89f6db2cb7b709b43db5e2b340b66e4,True,18時間前,2026-06-20 01:12:23,千葉県
アロマセラピスト／エステサロン／未経験OK／20代～30代女性必見／最大手ラフィネグループ新着,ラフィネ イオンモール八千代緑が丘店,千葉県,"月給23万1,000円",正社員,医療事務,求人ボックス,https://xn--pckua2a7gp15o89zb.com/jbn/9d24f42f80de7c4cbb2d888452747ffe,True,18時間前,2026-06-20 01:12:26,千葉県
リラクゼーションセラピスト／未経験9割／マッサージ／無料研修あり／高時給／土日祝休みOK新着,ラフィネ イオンモール千葉ニュータウン店,千葉県,"月給23万1,000円",正社員,医療事務,求人ボックス,https://xn--pckua2a7gp15o89zb.com/jbn/616bd3422c16b012817b43f0cbc15b37,True,18時間前,2026-06-20 01:12:26,千葉県
一般事務・データ入力「未経験大歓迎・安定収入・土日祝休み・キャリアUP応援」新着,事務,千葉県,"月給26万5,000円",正社員,医療事務,求人ボックス,https://xn--pckua2a7gp15o89zb.com/jbn/2043d596a8875413cdf23296e9830431,True,16時間前,2026-06-20 01:12:26,千葉県
介護職／ヘルパー／八街市文違／介護付有料老人ホーム／週3日〜新着,セントスタッフ株式会社,千葉県,"時給1,400円～1,500円",派遣社員,介護,求人ボックス,https://xn--pckua2a7gp15o89zb.com/jbn/90fb004c54272da853a5c1010c84ddf7,True,11時間前,2026-06-20 01:12:00,千葉県
介護職／ヘルパー／特別養護老人ホーム／車で8分／マイカー通勤可能新着,社会福祉法人徳栄会,千葉県,"時給1,228円～1,350円",アルバイト・パート,介護,求人ボックス,https://xn--pckua2a7gp15o89zb.com/jbn/25849bc55c220d3cba65e1a38d3af8f6,True,11時間前,2026-06-20 01:12:00,千葉県
介護職／ヘルパー／船橋市高根台／住宅型有料老人ホーム新着,有限会社さざんか,千葉県,"時給1,140円～1,200円",アルバイト・パート,介護,求人ボックス,https://xn--pckua2a7gp15o89zb.com/jbn/af93e19066b06002bbadbf519835a67a,True,11時間前,2026-06-20 01:12:00,千葉県
介護職／ヘルパー／デイサービス／車通勤可能／車で6分／週3日〜新着,合同会社棲霞堂,千葉県,"時給1,140円～1,300円",アルバイト・パート,介護,求人ボックス,https://xn--pckua2a7gp15o89zb.com/jbn/550916e98137d337b15e32ebd54cb3c8,True,11時間前,2026-06-20 01:12:04,千葉県
介護職／ヘルパー／訪問介護／マイカー通勤可／手当が厚い／年間休日115...新着,社会福祉法人気づき,千葉県,"月給20万1,000円",正社員,介護,求人ボックス,https://xn--pckua2a7gp15o89zb.com/jbn/cb01c33e1e6326edc6e3a3dd7e14ea72,True,11時間前,2026-06-20 01:12:04,千葉県
介護職／ヘルパー／流山市加／訪問介護／交通費支給あり／賞与あり新着,合同会社あいの実介護,千葉県,"月給20万3,000円",正社員,介護,求人ボックス,https://xn--pckua2a7gp15o89zb.com/jbn/14d97c72574e34ef57f98031c427491a,True,11時間前,2026-06-20 01:12:08,千葉県
介護職／ヘルパー／介護付き有料老人ホーム新着,株式会社エクセルシオ-ル・ジャパン,千葉県,"月給20万1,000円",正社員,介護,求人ボックス,https://xn--pckua2a7gp15o89zb.com/jbn/c0bcc8e1751cc74ff49df2174997676e,True,11時間前,2026-06-20 01:12:08,千葉県
介護職／ヘルパー／年俸制／自立支援特化型デイサービス／福利厚生充実新着,株式会社ポラリス,千葉県,年収290万円～350万円,正社員,介護,求人ボックス,https://xn--pckua2a7gp15o89zb.com/jbn/6f5c36b7bf769cdd09e0570b71334487,True,11時間前,2026-06-20 01:12:11,千葉県
介護職／ヘルパー／特別養護老人ホーム新着,社会福祉法人千葉県福祉援護会,千葉県福祉援護会,"月給21万6,500円",正社員,介護,求人ボックス,https://xn--pckua2a7gp15o89zb.com/jbn/aaf3eb3c262c899687501b2a32e2055c,True,11時間前,2026-06-20 01:12:11,千葉県
介護職／ヘルパー／デイサービス／社員登用あり／駅チカ／アクセス良好新着,株式会社シダ,千葉県,"時給1,160円～1,240円",アルバイト・パート,介護,求人ボックス,https://xn--pckua2a7gp15o89zb.com/jbn/518e2fd8ae9545a96884c0987ee94552,True,11時間前,2026-06-20 01:12:18,千葉県
介護職／ヘルパー／住宅型有料老人ホーム／駅チカ／車通勤可能新着,株式会社レオパレス21 あずみ苑 ラ・テラス逆井,千葉県,"時給1,140円～1,200円",アルバイト・パート,介護,求人ボックス,https://xn--pckua2a7gp15o89zb.com/jbn/febad1b43fbce51de264a750bcb6481f,True,11時間前,2026-06-20 01:12:18,千葉県
介護職／ヘルパー／流山市後平井／介護付き有料老人ホーム新着,株式会社アイメディケア,千葉県,月給21万円～,正社員,介護,求人ボックス,https://xn--pckua2a7gp15o89zb.com/jbn/dd0fe949fed18b56dbd1ea7c91399a02,True,11時間前,2026-06-20 01:12:22,千葉県
介護職／ヘルパー／特養／特別養護老人ホーム新着,社会福祉法人清泉会,千葉県,"月給20万1,000円",正社員,介護,求人ボックス,https://xn--pckua2a7gp15o89zb.com/jbn/62a4116a66b44377ac575b4c4018b836,True,11時間前,2026-06-20 01:12:22,千葉県
介護職／ヘルパー／市川市曽谷／介護士／グループホーム／社会保険完備新着,株式会社こんふぉ-と,千葉県,"月給22万4,750円",正社員,介護,求人ボックス,https://xn--pckua2a7gp15o89zb.com/jbn/c1e85a875fa9a836c52a9406857be746,True,11時間前,2026-06-20 01:12:25,千葉県
介護職／ヘルパー／特別養護老人ホーム／未経験可／無資格OK／車通勤可新着,社会福祉法人清和園,千葉県,"時給1,140円～1,250円",アルバイト・パート,介護,求人ボックス,https://xn--pckua2a7gp15o89zb.com/jbn/beb3897b89fe68f4fcf936390f8bbc3c,True,11時間前,2026-06-20 01:12:25,千葉県
介護職／ヘルパー／特別養護老人ホーム／マイカー通勤可能／託児所あり新着,社会福祉法人貴陽福祉会,千葉県,"月給20万1,000円",正社員,介護,求人ボックス,https://xn--pckua2a7gp15o89zb.com/jbn/5ce4fd10e07c7d78dd96836021ff473c,True,11時間前,2026-06-20 01:12:25,千葉県
介護職／ヘルパー／デイサービス／無資格可／車通勤OK／未経験可能新着,株式会社SAMPIG,千葉県,月給23万円～26万円,正社員,介護,求人ボックス,https://xn--pckua2a7gp15o89zb.com/jbn/7e00c5424e5c54be526825486e0a0ec7,True,11時間前,2026-06-20 01:12:29,千葉県
介護職／ヘルパー／特別養護老人ホーム／マイカー通勤可／復職制度あり新着,社会福祉法人秀心会,千葉県,"時給1,140円～1,213円",アルバイト・パート,介護,求人ボックス,https://xn--pckua2a7gp15o89zb.com/jbn/e95b9ffd1af4aa706270ff2dea9d3799,True,11時間前,2026-06-20 01:12:29,千葉県
保育士／認可保育園／シフト制／交通費支給／週3日〜／駅近新着,社会福祉法人菊光会,千葉県,"時給1,200円～1,300円",アルバイト・パート,保育,求人ボックス,https://xn--pckua2a7gp15o89zb.com/jbn/4966ec5747e1c6b774d13bb1e6d96362,True,11時間前,2026-06-20 01:12:19,千葉県
保育士／認可外保育園／利用可能託児所あり／保養所あり／年間休日120日新着,株式会社リトルガーデン,千葉県,月給23万円～30万円,正社員,保育,求人ボックス,https://xn--pckua2a7gp15o89zb.com/jbn/3908518e44203823698edc9956137d34,True,11時間前,2026-06-20 01:12:20,千葉県
保育士／市川市市川／認可保育園／週5日／時間帯の相談可／給食あり新着,ル・アンジェ株式会社,千葉県,"時給1,200円～1,400円",アルバイト・パート,保育,求人ボックス,https://xn--pckua2a7gp15o89zb.com/jbn/9a5221bf36b551299b66f9dfb1bbf3d4,True,11時間前,2026-06-20 01:12:23,千葉県
保育士／小規模認可保育園／乳児保育／2023年4月開園／車通勤可／駅近新着,一般社団法人保育アートラボ,千葉県,"時給1,200円～",アルバイト・パート,保育,求人ボックス,https://xn--pckua2a7gp15o89zb.com/jbn/e55bcdd1bf65c8c63256f413dfb59631,True,11時間前,2026-06-20 01:12:25,千葉県
保育士／流山市おおたかの森北／認可保育園／年間休日120日新着,株式会社コビーアンドアソシエイツ,千葉県,月給26万円～,契約社員,保育,求人ボックス,https://xn--pckua2a7gp15o89zb.com/jbn/1d5ac967009da644c68186df451dec6a,True,11時間前,2026-06-20 01:12:28,千葉県
保育士／市川市妙典／認可保育園／週1日〜／実働2時間〜／交通費支給新着,株式会社PRIMUS,千葉県,"時給1,500円～",アルバイト・パート,保育,求人ボックス,https://xn--pckua2a7gp15o89zb.com/jbn/86d9858bb3c8cb35651c55ec79914b21,True,11時間前,2026-06-20 01:12:28,千葉県
保育士／認可保育園／シフト制／日祝休／社保完備／認可保育園新着,社会福祉法人杉の木会,千葉県,月給20万円～22万円,正社員,保育,求人ボックス,https://xn--pckua2a7gp15o89zb.com/jbn/ee82bbf2230d3245eccea8d824cdb64e,True,11時間前,2026-06-20 01:12:31,千葉県
保育士／松戸市高塚新田／認可保育園／ブランク可／研修制度あり新着,社会福祉法人東進,千葉県,"時給1,200円～",アルバイト・パート,保育,求人ボックス,https://xn--pckua2a7gp15o89zb.com/jbn/350fb698523c7cd4c63f9810d1c66e7a,True,11時間前,2026-06-20 01:12:31,千葉県
保育士／市川市広尾／認可保育園／交通費支給あり／残業少な目／ご経験不問新着,社会福祉法人天祐会,千葉県,月給22万500円,正社員,保育,求人ボックス,https://xn--pckua2a7gp15o89zb.com/jbn/24782139a99809fb6c9a28396d200c79,True,11時間前,2026-06-20 01:12:31,千葉県
保育士／市川市大和田／認可保育園／年齢不問／車通勤可能／賞与あり新着,社会福祉法人成未会,千葉県,月給21万円～,正社員,保育,求人ボックス,https://xn--pckua2a7gp15o89zb.com/jbn/3cebe714122fd68f3ece8ef62b9ac281,True,11時間前,2026-06-20 01:12:31,千葉県
保育士／流山市おおたかの森東／認可保育園／福利厚生充実／残業少なめ新着,株式会社こころケアプラン,千葉県,月給25万円～,正社員,保育,求人ボックス,https://xn--pckua2a7gp15o89zb.com/jbn/58e933331c6616db59c2e97909481245,True,11時間前,2026-06-20 01:12:42,千葉県
保育士／認可保育園／ブランク可／秋山駅から徒歩5分／週3日から新着,社会福祉法人ほほえみの会,千葉県,"時給1,250円～",アルバイト・パート,保育,求人ボックス,https://xn--pckua2a7gp15o89zb.com/jbn/41adfef55450c92bab629f5ba35ef8e7,True,11時間前,2026-06-20 01:12:45,千葉県
保育士／鎌ヶ谷市東道野辺／認可保育園／正職員／年間休日110日以上新着,株式会社K’sgarden,千葉県,月給22万円～,正社員,保育,求人ボックス,https://xn--pckua2a7gp15o89zb.com/jbn/5ba4436cde292696a412ae3806d49587,True,11時間前,2026-06-20 01:12:48,千葉県
保育士／船橋市本郷／認可保育園／正職員／各種手当あり／賞与あり新着,株式会社千趣会チャイルドケア,千葉県,"月給22万7,470円",正社員,保育,求人ボックス,https://xn--pckua2a7gp15o89zb.com/jbn/e1e176363f02fbf986f7e78c99ed78ac,True,11時間前,2026-06-20 01:12:48,千葉県
保育士／船橋市海神／認可保育園／海神駅から徒歩8分／賞与あり新着,株式会社ブルーム,千葉県,月給24万円～32万円,正社員,保育,求人ボックス,https://xn--pckua2a7gp15o89zb.com/jbn/d91b4d74e892ad4f42042475166d9bc4,True,11時間前,2026-06-20 01:12:48,千葉県
保育士／市川市大洲／保育職／認可保育園／バス停そば／賞与昇給新着,株式会社ソラスト,千葉県,"月給25万5,000円",正社員,保育,求人ボックス,https://xn--pckua2a7gp15o89zb.com/jbn/8702e6dfd11c2ed538d37853826e3004,True,11時間前,2026-06-20 01:12:51,千葉県
保育士／柏市新柏／認可保育園／賞与あり／退職金制度あり／社保完備新着,社会福祉法人新柏会,千葉県,月給22万円～,正社員,保育,求人ボックス,https://xn--pckua2a7gp15o89zb.com/jbn/90167192d40d0efac57449b2973f6413,True,11時間前,2026-06-20 01:12:51,千葉県
「手荒れ・水仕事なしのカット専門美容師／スタイリスト」／急募新着,QBハウスイトーヨーカドー四街道,千葉県,月給30万円～47万,正社員,美容,求人ボックス,https://xn--pckua2a7gp15o89zb.com/jbn/b5ff39c9418cc5fd8d59652214cf4d8e,True,22時間前,2026-06-20 01:12:31,千葉県
残業なしの美容師／賞予・昇給あり／上場企業新着,QBハウスシャポー市川,千葉県,月給30万円～47万,正社員,美容,求人ボックス,https://xn--pckua2a7gp15o89zb.com/jbn/9078cae1b85fbaaa6368fe63f82aacae,True,23時間前,2026-06-20 01:12:31,千葉県
美容師／ブランク歓迎／上場企業新着,QBハウス西友常盤平,千葉県,月給30万円～47万,正社員,美容,求人ボックス,https://xn--pckua2a7gp15o89zb.com/jbn/c44fb4eef2f04f2e48918fffdc1411ce,True,23時間前,2026-06-20 01:12:31,千葉県
「ヘアカットに特化して活躍できる美容師」／東証プライム上場企業新着,QBハウスペリエ千葉エキナカ,千葉県,月給30万円～47万,正社員,美容,求人ボックス,https://xn--pckua2a7gp15o89zb.com/jbn/c74fa8b8fe31912bce4340e6df891dd5,True,22時間前,2026-06-20 01:12:34,千葉県
カット専門の美容師／しっかり休める／賞与・昇給あり新着,QBハウスイオン海浜幕張,千葉県,月給30万円～47万,正社員,美容,求人ボックス,https://xn--pckua2a7gp15o89zb.com/jbn/e8c1c250446ff897a674f83fb84eda6e,True,23時間前,2026-06-20 01:12:34,千葉県
「東証プライム上場企業で安定収入の美容師」／ブランクOK／研修あり新着,QBハウスアクロスモール新鎌ヶ谷,千葉県,月給30万円～47万,正社員,美容,求人ボックス,https://xn--pckua2a7gp15o89zb.com/jbn/e48de6ae58f4b7b424f2648b8eb297ec,True,23時間前,2026-06-20 01:12:37,千葉県
業界大手の美容師／業界大手の好待遇／ブランク歓迎新着,QBハウスKITE MITE MATSUDO,千葉県,月給30万円～47万,正社員,美容,求人ボックス,https://xn--pckua2a7gp15o89zb.com/jbn/4530eaf9c6d29affff08acf07f236444,True,23時間前,2026-06-20 01:12:37,千葉県
「集客業務なし、お客様対応に集中できる環境／美容師」／1分単位で残業代...新着,QBハウスアリオ市原,千葉県,月給30万円～47万,正社員,美容,求人ボックス,https://xn--pckua2a7gp15o89zb.com/jbn/315bac5b2701ae0e7fca10655859e4a2,True,22時間前,2026-06-20 01:12:37,千葉県
「東証プライム上場企業で安定収入の美容師」／急募／1分単位で残業代も支...新着,QBハウスイオンモール八千代緑が丘,千葉県,月給30万円～47万,正社員,美容,求人ボックス,https://xn--pckua2a7gp15o89zb.com/jbn/8184c87797bcc2bc07e0520d5a15b46a,True,23時間前,2026-06-20 01:12:39,千葉県
美容師／業界大手の好待遇／カット専門新着,QBハウス柏駅前,千葉県,月給30万円～47万,正社員,美容,求人ボックス,https://xn--pckua2a7gp15o89zb.com/jbn/7cbb696aa37609063e02f2e3ce37d03d,True,23時間前,2026-06-20 01:12:42,千葉県
「集客業務なし、お客様対応に集中できる環境／美容師」／歩合制なし新着,QBハウスイオン市川妙典,千葉県,月給30万円～47万,正社員,美容,求人ボックス,https://xn--pckua2a7gp15o89zb.com/jbn/46c45f71a74fe4c1136cfc1006175986,True,22時間前,2026-06-20 01:12:42,千葉県
「ノルマ・歩合制なし、営業トークは必要なしの美容師募集」／有休取得率8...新着,QBハウスフィールズ南柏,千葉県,月給30万円～47万,正社員,美容,求人ボックス,https://xn--pckua2a7gp15o89zb.com/jbn/0b3351591e71226a707f4e45f44d5526,True,23時間前,2026-06-20 01:12:45,千葉県
「ヘアカットに特化して活躍できる美容師」／カラーなし／交通費支給新着,QBハウスイトーヨーカドー我孫子南口,千葉県,月給30万円～47万,正社員,美容,求人ボックス,https://xn--pckua2a7gp15o89zb.com/jbn/b90a43f3ee20403b93f4ef02758d5ffb,True,22時間前,2026-06-20 01:12:49,千葉県
残業なしの美容師／しっかり休める／賞給・賞与あり新着,QBハウスイオンモール木更津,千葉県,月給30万円～47万,正社員,美容,求人ボックス,https://xn--pckua2a7gp15o89zb.com/jbn/45946707ffacd842bddabe334dd6e409,True,23時間前,2026-06-20 01:12:52,千葉県
「ヘアカットに特化して活躍できる美容師」／元訪問美容スタッフ活躍中新着,QBハウスイオンタウンユーカリが丘,千葉県,月給30万円～47万,正社員,美容,求人ボックス,https://xn--pckua2a7gp15o89zb.com/jbn/97f9881c1223d8aa7245940a44f9f46d,True,23時間前,2026-06-20 01:12:55,千葉県
週4日休み／送迎ドライバー／月給40万円以上／賞与年2回／VIP・モデル・タレント・芸能人・有名人新着,フォークリフト/,千葉県,月給40万円,正社員,建設,求人ボックス,https://xn--pckua2a7gp15o89zb.com/jbn/5daea9095c2b787e08619c33cdb70c57,True,3時間前,2026-06-20 01:12:31,千葉県
週3勤務／ハイヤードライバー／月給40万円以上／賞与年2回／VIP・モデル・タレント・芸能人・有名人新着,フォークリフト/,千葉県,月給40万円,正社員,建設,求人ボックス,https://xn--pckua2a7gp15o89zb.com/jbn/d35625c5eec547d44fb3039c83ad0207,True,3時間前,2026-06-20 01:12:31,千葉県
週4日休み／ハイヤードライバー／月給40万円以上／賞与年2回／VIP・モデル・タレント・芸能人新着,フォークリフト/,千葉県,月給40万円,正社員,建設,求人ボックス,https://xn--pckua2a7gp15o89zb.com/jbn/705f5738d27f39d0a98bd77b6a993d07,True,3時間前,2026-06-20 01:12:31,千葉県
週3勤務／役員運転手／月給40万円以上／賞与年2回／VIP・モデル・タレント・芸能人・有名人新着,フォークリフト/,千葉県,月給40万円,正社員,建設,求人ボックス,https://xn--pckua2a7gp15o89zb.com/jbn/0d88c9096446c2a9e438a365fc56744b,True,3時間前,2026-06-20 01:12:31,千葉県
普通免許のみOK／役員運転手／月給40万円以上／賞与年2回／VIP・モデル・タレント・芸能人・有名人新着,建設,千葉県,月給40万円,正社員,建設,求人ボックス,https://xn--pckua2a7gp15o89zb.com/jbn/abba5974b356762e3999fc24b5198e71,True,2時間前,2026-06-20 01:12:31,千葉県
「予約制の送迎ドライバー」週3日勤務で月収40万円以上／未経験OK／20代～50代が活躍中新着,建設,千葉県,"月給47万7,000円",正社員,建設,求人ボックス,https://xn--pckua2a7gp15o89zb.com/jbn/41e8637c850eb645755531cc421d90a6,True,15時間前,2026-06-20 01:12:31,千葉県
週3勤務／送迎ドライバー／月給40万円以上／賞与年2回／VIP・モデル・タレント・芸能人・有名人新着,フォークリフト/,千葉県,月給40万円,正社員,建設,求人ボックス,https://xn--pckua2a7gp15o89zb.com/jbn/b70365b072faffe224b3948dd8d39782,True,3時間前,2026-06-20 01:12:32,千葉県
夜勤のみ／送迎ドライバー／月給40万円以上／賞与年2回／VIP・モデル・タレント・芸能人・有名人新着,フォークリフト/,千葉県,月給40万円,正社員,建設,求人ボックス,https://xn--pckua2a7gp15o89zb.com/jbn/89d9a606ff6a4a3ca56cf3e14a14ee50,True,2時間前,2026-06-20 01:12:32,千葉県
夜勤のみ／ハイヤードライバー／月給40万円以上／賞与年2回／VIP・モデル・タレント・芸能人・有名人新着,建設,千葉県,月給40万円,正社員,建設,求人ボックス,https://xn--pckua2a7gp15o89zb.com/jbn/7f6f58eba8daf0b086e4cd88ea5ebfa1,True,2時間前,2026-06-20 01:12:32,千葉県
空港送迎ドライバー「週3勤務」手取り40万以上／普通免許のみOK新着,株式会社アシスト,千葉県,月給42万円～60万,正社員,建設,求人ボックス,https://xn--pckua2a7gp15o89zb.com/jbn/17b380def94e7c1830052fec9f150613,True,18時間前,2026-06-20 01:12:32,千葉県
週4日休み／役員運転手／月給40万円以上／賞与年2回／VIP・モデル・タレント・芸能人・有名人新着,フォークリフト/,千葉県,月給40万円,正社員,建設,求人ボックス,https://xn--pckua2a7gp15o89zb.com/jbn/891f255bdc770870111c2d3bfe3fc979,True,3時間前,2026-06-20 01:12:32,千葉県
夜勤のみ／役員運転手／月給40万円以上／賞与年2回／VIP・モデル・タレント・芸能人・有名人新着,フォークリフト/,千葉県,月給40万円,正社員,建設,求人ボックス,https://xn--pckua2a7gp15o89zb.com/jbn/2962489d597c0d939026d13ba2ee1ea7,True,2時間前,2026-06-20 01:12:32,千葉県
普通免許のみOK／送迎ドライバー／月給40万円以上／賞与年2回／VIP・モデル・タレント・芸能人新着,建設,千葉県,月給40万円,正社員,建設,求人ボックス,https://xn--pckua2a7gp15o89zb.com/jbn/80d1afcf719f2d628f955fc70f5f22a5,True,2時間前,2026-06-20 01:12:32,千葉県
普通免許のみOK／ハイヤードライバー／月給40万円以上／賞与年2回／VIP・モデル・タレント・芸能人新着,フォークリフト/,千葉県,月給40万円,正社員,建設,求人ボックス,https://xn--pckua2a7gp15o89zb.com/jbn/bea06e8ea70a3b5514a4a3bb806768f3,True,2時間前,2026-06-20 01:12:32,千葉県
普免のみOK／役員運転手／月給40万円以上／賞与年2回／VIP・モデル・タレント・芸能人・有名人新着,フォークリフト/,千葉県,月給40万円,正社員,建設,求人ボックス,https://xn--pckua2a7gp15o89zb.com/jbn/152411d3daf95f34c5524b3aa2867d58,True,2時間前,2026-06-20 01:12:35,千葉県
日勤のみ／送迎ドライバー／月給40万円以上／賞与年2回／VIP・モデル・タレント・芸能人・有名人新着,フォークリフト/,千葉県,月給40万円,正社員,建設,求人ボックス,https://xn--pckua2a7gp15o89zb.com/jbn/50193346e544f71eaaf52637a25d7409,True,3時間前,2026-06-20 01:12:35,千葉県
普免のみOK／ハイヤードライバー／月給40万円以上／賞与年2回／VIP・モデル・タレント・芸能人新着,フォークリフト/,千葉県,月給40万円,正社員,建設,求人ボックス,https://xn--pckua2a7gp15o89zb.com/jbn/d40ad6c82e2893594ce60c5a2b17af97,True,2時間前,2026-06-20 01:12:35,千葉県
日勤のみ／ハイヤードライバー／月給40万円以上／賞与年2回／VIP・モデル・タレント・芸能人・有名人新着,フォークリフト/,千葉県,月給40万円,正社員,建設,求人ボックス,https://xn--pckua2a7gp15o89zb.com/jbn/395a91d569eeae230d3f07948440bc77,True,2時間前,2026-06-20 01:12:35,千葉県
普免のみOK／送迎ドライバー／月給40万円以上／賞与年2回／VIP・モデル・タレント・芸能人・有名人新着,建設,千葉県,月給40万円,正社員,建設,求人ボックス,https://xn--pckua2a7gp15o89zb.com/jbn/ebaeb89faae8871dee47ade5c14e34ed,True,2時間前,2026-06-20 01:12:35,千葉県
日勤のみ／役員運転手／月給40万円以上／賞与年2回／VIP・モデル・タレント・芸能人・有名人新着,フォークリフト/,千葉県,月給40万円,正社員,建設,求人ボックス,https://xn--pckua2a7gp15o89zb.com/jbn/10d57b6db4745f6ff0093f9668882418,True,2時間前,2026-06-20 01:12:35,千葉県
「予約対応送迎ドライバー」月収40万以上・未経験歓迎／週3勤務・20代~50代活躍中新着,フォークリフト/,千葉県,"月給41万7,000円",正社員,建設,求人ボックス,https://xn--pckua2a7gp15o89zb.com/jbn/bceee306dfdf5653c1485e2006bb6860,True,20時間前,2026-06-20 01:12:35,千葉県
「週3日勤務」役員運転手「1年目年収600万円以上可／賞与年2回あり」二種免許不要新着,フォークリフト/,千葉県,"月給41万9,000円",正社員,建設,求人ボックス,https://xn--pckua2a7gp15o89zb.com/jbn/d1ce26679d05d934ded81189f4c1b923,True,19時間前,2026-06-20 01:12:39,千葉県
役員・VIP送迎ドライバー／普通免許OK／年収600万円以上も可／履歴書不要／退職金制度あり新着,未経験OK,千葉県,"月給47万7,000円",正社員,建設,求人ボックス,https://xn--pckua2a7gp15o89zb.com/jbn/71edbf3dea4c15f0047725252d9f43b7,True,15時間前,2026-06-20 01:12:39,千葉県
週3勤務の予約送迎ドライバー／普通免許OK／未経験から正社員へ／履歴書不要／賞与年2回新着,未経験OK,千葉県,"月給47万7,000円",正社員,建設,求人ボックス,https://xn--pckua2a7gp15o89zb.com/jbn/e9c26439d8cff949afab600a08b730d7,True,16時間前,2026-06-20 01:12:39,千葉県
週3勤務の役員送迎ドライバー／普通免許だけで応募OK／予約中心で落ち着いて働ける／賞与年2回新着,未経験OK,千葉県,"月給47万7,000円",正社員,建設,求人ボックス,https://xn--pckua2a7gp15o89zb.com/jbn/162013ebeccfb057ea07b15d4ee413e0,True,16時間前,2026-06-20 01:12:39,千葉県
役員・著名人の予約送迎ドライバー／普通免許OK・AT限定可／未経験から正社員へ／週3日勤務可新着,未経験OK,千葉県,"月給47万7,000円",正社員,建設,求人ボックス,https://xn--pckua2a7gp15o89zb.com/jbn/c068316f0f751469de1fe045bac65ac9,True,15時間前,2026-06-20 01:12:39,千葉県
建設・畜産関連機械販売設置新着,アイケイ商事株式会社,千葉県,月給22万円～50万円,正社員,建設,求人ボックス,https://xn--pckua2a7gp15o89zb.com/jb/269563908761a114b44415db52ca9db2,True,2時間前,2026-06-20 01:12:39,千葉県
テストコーディネーターアシスタント未経験歓迎「正社員／土日祝休み／交通費支給新着,株式会社GUM,千葉県,"月給25万5,000円",正社員,建設,求人ボックス,https://xn--pckua2a7gp15o89zb.com/jbn/863847c14ace90c284417a60df291d9c,True,3時間前,2026-06-20 01:12:43,千葉県
ゲームQAアナリストアシスタント未経験歓迎「正社員／土日祝休み／交通費支給／昇給あり」安心の研修あり新着,株式会社alBee,千葉県,"月給24万5,000円",正社員,建設,求人ボックス,https://xn--pckua2a7gp15o89zb.com/jbn/8eff01819e637e0529005ec2edcc75a6,True,2時間前,2026-06-20 01:12:43,千葉県
熱交換機・圧縮機の機械組立／工業系卒歓迎／学歴不問／年間休日125日／定年なし新着,アネックス・ジャパン株式会社,千葉県,"時給1,900円～",派遣社員,建設,求人ボックス,https://xn--pckua2a7gp15o89zb.com/jbn/af1174e12ff7f0ac051eb69bd61b93c8,True,23時間前,2026-06-20 01:12:43,千葉県
「予約中心で安心」役員送迎ドライバー／年収600万円以上／未経験歓迎新着,...以下のような経験をお持ちの方は特に歓迎します。・軽貨物ドライバー・ルート配送スタッフ・宅配ドライバー・タクシー運転手・大型トラックドライバー・フォークリフトオペレーター・,千葉県,"月給47万7,000円",正社員,建設,求人ボックス,https://xn--pckua2a7gp15o89zb.com/jbn/615bce9b4194ad0af1f8a76d9cce0794,True,18時間前,2026-06-20 01:12:43,千葉県
「役員運転手」月内採用／夜勤／履歴書不要／月収50万円以上／正社員採用／社会保険完備新着,...以下のような経験をお持ちの方は特に歓迎します。・軽貨物ドライバー・ルート配送スタッフ・宅配ドライバー・タクシー運転手・大型トラックドライバー・フォークリフトオペレーター・,千葉県,"月給47万6,500円",正社員,建設,求人ボックス,https://xn--pckua2a7gp15o89zb.com/jbn/599368a4a87bcca92a4dab79e37c4858,True,18時間前,2026-06-20 01:12:43,千葉県
「VIP送迎中心」夜勤ハイヤードライバー／年収600万円以上／賞与年2回新着,建設・,千葉県,"月給47万8,500円",正社員,建設,求人ボックス,https://xn--pckua2a7gp15o89zb.com/jbn/c2a79061b6332e873212d7b91d89150d,True,18時間前,2026-06-20 01:12:45,千葉県
「高収入」夜勤／役員運転手／定期送迎「月収50万円以上可能／安定収入／賞与年2回」新着,建設・,千葉県,"月給47万7,000円",正社員,建設,求人ボックス,https://xn--pckua2a7gp15o89zb.com/jbn/d560dd22edfd2ad28127e98fb016d237,True,18時間前,2026-06-20 01:12:45,千葉県
役員運転手「週3勤務」資格取得支援あり／月収40万円以上／安定収入／転職回数不問新着,...以下のような経験をお持ちの方は特に歓迎します。・軽貨物ドライバー・ルート配送スタッフ・宅配ドライバー・タクシー運転手・大型トラックドライバー・フォークリフトオペレーター・,千葉県,"月給47万6,000円",正社員,建設,求人ボックス,https://xn--pckua2a7gp15o89zb.com/jbn/ccd87b910710a3e68598a1fc7b978fb1,True,18時間前,2026-06-20 01:12:45,千葉県
送迎ドライバー／週3勤務／異業種からの転職歓迎新着,建設・,千葉県,"月給47万8,000円",正社員,建設,求人ボックス,https://xn--pckua2a7gp15o89zb.com/jbn/208b1409b2a5b7adab051fa07144119a,True,18時間前,2026-06-20 01:12:45,千葉県
「週3日勤務で高収入」役員送迎ドライバー／家族手当あり／賞与年2回新着,...以下のような経験をお持ちの方は特に歓迎します。・軽貨物ドライバー・ルート配送スタッフ・宅配ドライバー・タクシー運転手・大型トラックドライバー・フォークリフトオペレーター・,千葉県,"月給47万7,000円",正社員,建設,求人ボックス,https://xn--pckua2a7gp15o89zb.com/jbn/17bc05086fd224d7b04cdf8cc296b816,True,18時間前,2026-06-20 01:12:45,千葉県
「月内採用」役員運転手・夜勤／職歴不問／未経験OK／1年目年収600万円以上可／賞与年2回新着,作業,千葉県,"月給47万6,500円",正社員,建設,求人ボックス,https://xn--pckua2a7gp15o89zb.com/jbn/c51f2373537a9686c5c4377c1933c676,True,18時間前,2026-06-20 01:12:45,千葉県
「タレント／芸能」送迎ドライバー／週3勤務／学歴不問／1年目月収50万以上／賞与年2回新着,建設・,千葉県,"月給47万6,000円",正社員,建設,求人ボックス,https://xn--pckua2a7gp15o89zb.com/jbn/841300d6d4315fdf2a87976379736767,True,18時間前,2026-06-20 01:12:45,千葉県
「夜勤でしっかり稼ぐ」VIP送迎ドライバー／残業少なめ／正社員採用／賞与あり新着,...以下のような経験をお持ちの方は特に歓迎します。・軽貨物ドライバー・ルート配送スタッフ・宅配ドライバー・タクシー運転手・大型トラックドライバー・フォークリフトオペレーター・,千葉県,"月給47万7,000円",正社員,建設,求人ボックス,https://xn--pckua2a7gp15o89zb.com/jbn/8ab831bd7171b6bc13a8be148434d653,True,18時間前,2026-06-20 01:12:48,千葉県
VIP専属送迎スタッフ／普通免許のみで応募OK／週3日勤務／賞与あり／高収入実現可能新着,作業,千葉県,"月給47万8,000円",正社員,建設,求人ボックス,https://xn--pckua2a7gp15o89zb.com/jbn/845b769f5e8890becb175a61190c5126,True,18時間前,2026-06-20 01:12:48,千葉県
「普通免許のみOK」役員ドライバー／資格不問・月収50万以上可・賞与年2回新着,...以下のような経験をお持ちの方は特に歓迎します。・軽貨物ドライバー・ルート配送スタッフ・宅配ドライバー・タクシー運転手・大型トラックドライバー・フォークリフトオペレーター・,千葉県,"月給47万6,500円",正社員,建設,求人ボックス,https://xn--pckua2a7gp15o89zb.com/jbn/b2e853539351a388cb43413624c0bd91,True,18時間前,2026-06-20 01:12:48,千葉県
「正社員」週3勤務の送迎ドライバー／未経験者活躍中／年収500万円以上可能／土日祝休み取得可新着,建設・,千葉県,"月給47万8,500円",正社員,建設,求人ボックス,https://xn--pckua2a7gp15o89zb.com/jbn/fddf18b3a7819a1fa1a1b76f844b561a,True,19時間前,2026-06-20 01:12:48,千葉県
「未経験歓迎」役員専属ドライバー／月収50万円以上可／退職金制度あり新着,...以下のような経験をお持ちの方は特に歓迎します。・軽貨物ドライバー・ルート配送スタッフ・宅配ドライバー・タクシー運転手・大型トラックドライバー・フォークリフトオペレーター・,千葉県,"月給47万6,000円",正社員,建設,求人ボックス,https://xn--pckua2a7gp15o89zb.com/jbn/d2eb251878d3b66237759f75c183d239,True,19時間前,2026-06-20 01:12:48,千葉県
役員送迎ドライバー／未経験歓迎／会食・空港送迎中心／年収600万円以上可新着,建設・,千葉県,"月給47万7,000円",正社員,建設,求人ボックス,https://xn--pckua2a7gp15o89zb.com/jbn/34c02f73530772e7170f619389241ab2,True,19時間前,2026-06-20 01:12:48,千葉県
「予約中心だから未経験でも安心」ハイヤードライバー／週3勤務／月収50万円以上可新着,建設・,千葉県,"月給47万8,000円",正社員,建設,求人ボックス,https://xn--pckua2a7gp15o89zb.com/jbn/f0699f9f9e97df5bdc797dfa81026b33,True,19時間前,2026-06-20 01:12:48,千葉県
「内定までスピーディー」夜勤送迎ドライバー／履歴書不要／未経験OK／月収50万円以上新着,作業,千葉県,"月給47万7,000円",正社員,建設,求人ボックス,https://xn--pckua2a7gp15o89zb.com/jbn/3f6f80b44013e2242a9278a340601dc0,True,19時間前,2026-06-20 01:12:51,千葉県
「二種免許不要・週3勤務・役員運転手」研修あり／賞与あり／アルファード送迎新着,作業,千葉県,"月給47万8,500円",正社員,建設,求人ボックス,https://xn--pckua2a7gp15o89zb.com/jbn/454547619f8c0b567c5885e9b74e20e3,True,19時間前,2026-06-20 01:12:51,千葉県
夜間専属ハイヤードライバー／月収50万円以上可能／賞与年2回／普通免許のみで応募可新着,...以下のような経験をお持ちの方は特に歓迎します。・軽貨物ドライバー・ルート配送スタッフ・宅配ドライバー・タクシー運転手・大型トラックドライバー・フォークリフトオペレーター・,千葉県,"月給47万7,000円",正社員,建設,求人ボックス,https://xn--pckua2a7gp15o89zb.com/jbn/63bf2e806f69debdf1d053c9dc8dad29,True,19時間前,2026-06-20 01:12:51,千葉県
「週3日勤務で年収600万円も可能」役員送迎ドライバー／普通免許のみOK／未経験歓迎／賞与年2回新着,建設・,千葉県,"月給47万8,000円",正社員,建設,求人ボックス,https://xn--pckua2a7gp15o89zb.com/jbn/54a95c1ceff55a2f5fdaee883ed9e38d,True,19時間前,2026-06-20 01:12:51,千葉県
現場管理 経験者限定 寮完備 全国拠点新着,株式会社GSスタッフ,千葉県,"月給35万1,500円",正社員,建設,求人ボックス,https://xn--pckua2a7gp15o89zb.com/jb/b99f731b60d750aa383d167834e5010c,True,55分前,2026-06-20 01:12:51,千葉県
20代の仲間が活躍中!新生活を応援する／施工管理・CADオペレーター／残業少なめ新着,未経験OK,千葉県,月給25万円～44万円,正社員,建設,求人ボックス,https://xn--pckua2a7gp15o89zb.com/jbn/c19acc0cb2be3643ff6997ac447ac310,True,22時間前,2026-06-20 01:12:51,千葉県
夜勤タクシードライバー／未経験スタートOK／年2回のボーナス支給あり／資格取得支援制度あり新着,作業,千葉県,"月給47万8,500円",正社員,建設,求人ボックス,https://xn--pckua2a7gp15o89zb.com/jbn/be7fd887453deed7a1fc302ce6ef4f26,True,18時間前,2026-06-20 01:12:51,千葉県
「即入社相談可」夜間送迎スタッフ／履歴書不要／安定の正社員雇用新着,作業,千葉県,"月給47万7,000円",正社員,建設,求人ボックス,https://xn--pckua2a7gp15o89zb.com/jbn/61f115f88dc26823d007c58142b66c8c,True,18時間前,2026-06-20 01:12:51,千葉県
「1年目から高収入可能」役員運転手／週3勤務／福利厚生充実新着,作業,千葉県,"月給47万6,500円",正社員,建設,求人ボックス,https://xn--pckua2a7gp15o89zb.com/jbn/2bce16eb7139eccff2f8d727bfed7afe,True,19時間前,2026-06-20 01:12:54,千葉県
「夜勤で稼げる」役員送迎ドライバー／普通免許のみOK／年収600万円以上可／賞与年2回新着,...以下のような経験をお持ちの方は特に歓迎します。・軽貨物ドライバー・ルート配送スタッフ・宅配ドライバー・タクシー運転手・大型トラックドライバー・フォークリフトオペレーター・,千葉県,"月給47万6,000円",正社員,建設,求人ボックス,https://xn--pckua2a7gp15o89zb.com/jbn/aaa657ebde4d4e4fe585a586534febda,True,19時間前,2026-06-20 01:12:54,千葉県
施工管理アシスタント新着,株式会社レバキャリ,千葉県,年収350万円～,正社員,建設,求人ボックス,https://xn--pckua2a7gp15o89zb.com/jb/7d3845490cb7e45e815123705fc2a7a4,True,4時間前,2026-06-20 01:12:54,千葉県
第二新卒活躍中!街づくりに貢献できる・建設サポート事務新着,未経験OK,千葉県,月給30万円～56万円,正社員,建設,求人ボックス,https://xn--pckua2a7gp15o89zb.com/jbn/b6724b9c91d1de17e200bc7732640dcd,True,22時間前,2026-06-20 01:12:54,千葉県
現場作業員新着,株式会社ダイサン,千葉県,月給27万円～50万円,正社員,建設,求人ボックス,https://xn--pckua2a7gp15o89zb.com/jb/261b9e7f8ff11ac362d5cc7f43bb4caf,True,15時間前,2026-06-20 01:12:54,千葉県
20代活躍中!一生モノのスキルが身につく・建設プロジェクトサポート／手厚い研修あり新着,未経験OK,千葉県,月給26万円～41万円,正社員,建設,求人ボックス,https://xn--pckua2a7gp15o89zb.com/jbn/783d10fa7bc8f89fdb14407d05642854,True,22時間前,2026-06-20 01:12:54,千葉県
賞与年2回!／年間休日120日／高月給の34万スタート!／未経験OK!／配管組立スタッフ新着,株式会社光和化工機,千葉県,月給34万円～45万円,正社員,建設,求人ボックス,https://xn--pckua2a7gp15o89zb.com/jb/de94245e9146f57155c21edbdb6cc519,True,14時間前,2026-06-20 01:12:57,千葉県
建物・道路工事の現場作業員／未経験OK／週休2日／賞与あり新着,株式会社優和,千葉県,月給30万円～40万円,正社員,建設,求人ボックス,https://xn--pckua2a7gp15o89zb.com/jb/954be0bf290b22492fb447078ee78a99,True,21時間前,2026-06-20 01:12:57,千葉県
資材設置の現場作業員／未経験OK／一人で出来る新着,株式会社伸光産業,千葉県,月給40万円～80万円,,建設,求人ボックス,https://xn--pckua2a7gp15o89zb.com/jb/17e1bf0fe1a088c4d3a32744b4eed96d,True,21時間前,2026-06-20 01:12:57,千葉県
地質調査員／完全週休2日／定着率90%／大手取引多数の安定企業／未経験から一生モノの技術が手に入る新着,ジオテック株式会社,千葉県,"月給26万6,270円",正社員,建設,求人ボックス,https://xn--pckua2a7gp15o89zb.com/jb/9c7747e4904c5a63c00f59c8fa05e442,True,7時間前,2026-06-20 01:12:57,千葉県
20代多数活躍中!未経験から始める・施工管理・CADオペレーター／土日祝休み・年休120日以上新着,未経験OK,千葉県,月給25万円～59万円,正社員,建設,求人ボックス,https://xn--pckua2a7gp15o89zb.com/jbn/29bf2f849fc22624718cdb505b8e58ae,True,22時間前,2026-06-20 01:12:57,千葉県
一般事務「残業なし・土日祝休み・年休125日」18時退社・ネイルOK新着,株式会社ネクスト,千葉県,"月給21万3,000円",正社員,事務,求人ボックス,https://xn--pckua2a7gp15o89zb.com/jbn/581e604396ba6614e091b76a270837ab,True,17時間前,2026-06-20 01:12:54,千葉県
「完全週休2日制」安心して長く働ける安定環境の一般事務／未経験OK新着,株式会社スキルアップラボ,千葉県,月給21万円～39万円,正社員,事務,求人ボックス,https://xn--pckua2a7gp15o89zb.com/jbn/271b19a85934eb4c3a5ba94aaad422f6,True,6時間前,2026-06-20 01:12:54,千葉県
一般事務「正社員で長期安定」産育休の復帰実績あり・土日祝休み新着,株式会社トラスト,千葉県,月給21万円～26万円,正社員,事務,求人ボックス,https://xn--pckua2a7gp15o89zb.com/jbn/b04d5fc70debcdb49c6fe18cf69b186d,True,20時間前,2026-06-20 01:12:54,千葉県
コツコツ働ける一般事務／月給26.3万〜・残業少なめ・研修あり新着,一般事務,千葉県,月給26,正社員,事務,求人ボックス,https://xn--pckua2a7gp15o89zb.com/jbn/f4b13d80b00a9911d2bedc2aa94d9931,True,21時間前,2026-06-20 01:12:55,千葉県
一般事務・庶務事務スタッフ新着,株式会社デルタソリューションズ,千葉県,"時給1,800円～",派遣社員,事務,求人ボックス,https://xn--pckua2a7gp15o89zb.com/jb/6c373a81112190b07b11d143905a774f,True,15時間前,2026-06-20 01:12:55,千葉県
オフィスワークデビュー応援／一般事務／月給26.5万〜・研修あり新着,一般事務,千葉県,月給26,正社員,事務,求人ボックス,https://xn--pckua2a7gp15o89zb.com/jbn/fbac714d38b965aca162bc4b7d65c073,True,21時間前,2026-06-20 01:12:55,千葉県
ゆるっと始める事務デビュー／一般事務／簡単なPC操作のみ／あたたかい雰...新着,一般事務,千葉県,"月給24万2,000円",正社員,事務,求人ボックス,https://xn--pckua2a7gp15o89zb.com/jbn/a022ede2907223c18d5056727942edbb,True,13時間前,2026-06-20 01:12:55,千葉県
オフィスワークデビュー応援／一般事務／月給26.4万〜・転勤なし・服装新着,一般事務,千葉県,月給26,正社員,事務,求人ボックス,https://xn--pckua2a7gp15o89zb.com/jbn/9dc25bd0f1821615ac2052eb16116021,True,20時間前,2026-06-20 01:12:59,千葉県
オフィスワークデビュー応援／一般事務／月給26.3万〜・学歴不問新着,一般事務,千葉県,月給26,正社員,事務,求人ボックス,https://xn--pckua2a7gp15o89zb.com/jbn/643039435315362352dc5bbdd684ba50,True,20時間前,2026-06-20 01:12:59,千葉県
一般事務・サポート業務「年休125日&土日祝休み／未経験から安定の正社...新着,一般事務,千葉県,月給25万円～30万円,正社員,事務,求人ボックス,https://xn--pckua2a7gp15o89zb.com/jbn/92801d3cda9c74b9cfdd4c006921b926,True,15時間前,2026-06-20 01:13:02,千葉県
オフィスワークデビュー応援／一般事務／月給26.3万〜・残業少なめ新着,一般事務,千葉県,月給26,正社員,事務,求人ボックス,https://xn--pckua2a7gp15o89zb.com/jbn/0764a56c310e279ac7e57b4c19a5bf7e,True,21時間前,2026-06-20 01:13:02,千葉県
事務未経験OK／一般事務／月給26万〜・服装・髪型自由・年間休日125...新着,一般事務,千葉県,月給26万,正社員,事務,求人ボックス,https://xn--pckua2a7gp15o89zb.com/jbn/2239b47c7b564a8f461863947a0f7388,True,20時間前,2026-06-20 01:13:02,千葉県
ゆったり腰を据えて働ける／一般事務／丁寧な研修あり／あたたかい雰囲気新着,一般事務,千葉県,"月給25万4,000円",正社員,事務,求人ボックス,https://xn--pckua2a7gp15o89zb.com/jbn/3cb6bc9ea61950270e82abf4a1dd6668,True,13時間前,2026-06-20 01:13:02,千葉県
オフィスワークデビュー応援／一般事務／月給26.1万〜・賞与年2回新着,一般事務,千葉県,月給26,正社員,事務,求人ボックス,https://xn--pckua2a7gp15o89zb.com/jbn/d2809a158685a40c7701b1227c005211,True,20時間前,2026-06-20 01:13:02,千葉県
コツコツ働ける一般事務／月給26.1万〜・完全週休2日制・研修あり新着,一般事務,千葉県,月給26,正社員,事務,求人ボックス,https://xn--pckua2a7gp15o89zb.com/jbn/3b5d7c38fd6e360eefaeef144187ed1d,True,20時間前,2026-06-20 01:13:06,千葉県
オフィスワークデビュー応援／一般事務／月給26.5万〜・年間休日125...新着,一般事務,千葉県,月給26,正社員,事務,求人ボックス,https://xn--pckua2a7gp15o89zb.com/jbn/781414f3ece56e1dbc46b94024bda6ee,True,21時間前,2026-06-20 01:13:09,千葉県
未経験から始める一般事務／月給26.3万〜・年間休日125日・研修あり新着,一般事務,千葉県,月給26,正社員,事務,求人ボックス,https://xn--pckua2a7gp15o89zb.com/jbn/87304192999de316498a752979f9360c,True,20時間前,2026-06-20 01:13:09,千葉県
未経験から始める一般事務／月給26.9万〜・服装・髪型自由新着,一般事務,千葉県,月給26,正社員,事務,求人ボックス,https://xn--pckua2a7gp15o89zb.com/jbn/5c00258c4cee0095d5683eaff0774943,True,21時間前,2026-06-20 01:13:09,千葉県
「髪色・髪型自由」／一般事務／データ管理／経験者優遇新着,事務,千葉県,"月給22万4,000円",正社員,事務,求人ボックス,https://xn--pckua2a7gp15o89zb.com/jbn/40133a3d233f0bd57b759472ab8cf425,True,21時間前,2026-06-20 01:13:11,千葉県
「第2新卒活躍中!」一般事務職／完全週休二日「土日祝」／寮社宅あり新着,株式会社RIOT GROUP,千葉県,"月給32万5,400円",正社員,事務,求人ボックス,https://xn--pckua2a7gp15o89zb.com/jbn/85d9cde01f3377fb7eeb66ceaf4fa8cf,True,2時間前,2026-06-20 01:13:11,千葉県
一般事務・サポート業務「年間休日125日&昇給あり／未経験歓迎で安定勤...新着,事務,千葉県,月給28万円～30万円,正社員,事務,求人ボックス,https://xn--pckua2a7gp15o89zb.com/jbn/59cfad321af0bbe713a40d5c09a69f70,True,15時間前,2026-06-20 01:13:15,千葉県
「0からのキャリア形成」一般事務スタッフ／未経験OK／年間休日125日...新着,株式会社LOP,千葉県,"月給31万2,500円",正社員,事務,求人ボックス,https://xn--pckua2a7gp15o89zb.com/jbn/0e734bde286ad49ef4a3fd7d54f81f63,True,7時間前,2026-06-20 01:13:15,千葉県
コツコツ働ける一般事務／月給26.4万〜・服装・髪型自由・年間休日12...新着,一般事務,千葉県,月給26,正社員,事務,求人ボックス,https://xn--pckua2a7gp15o89zb.com/jbn/1a342b54793e83db01e8c6a3fe014043,True,20時間前,2026-06-20 01:13:17,千葉県
一般事務・20代活躍中・完全週休2日制新着,株式会社Creer,千葉県,"月給26万7,400円",正社員,事務,求人ボックス,https://xn--pckua2a7gp15o89zb.com/jbn/9cb4169524995bb49c5f250e233ac961,True,8時間前,2026-06-20 01:13:17,千葉県
一般事務・発注業務「未経験歓迎・土日祝休み・充実の研修制度あり」内定最...新着,一般事務,千葉県,月給25万円～30万円,正社員,事務,求人ボックス,https://xn--pckua2a7gp15o89zb.com/jbn/6669b4be7df8bdda51ec7f7ab9f69824,True,15時間前,2026-06-20 01:13:17,千葉県
「今の自分を卒業する」からスタート」事務スタッフ・充実した研修・一般事務・土日祝休み・学歴不問新着,事務,千葉県,"月給26万9,000円",正社員,事務,求人ボックス,https://xn--pckua2a7gp15o89zb.com/jbn/ec0ede099380228c370f3e253b743888,True,21時間前,2026-06-20 01:13:17,千葉県
オフィスワークデビュー応援／一般事務／月給26.3万〜・服装・髪型自由新着,一般事務,千葉県,月給26,正社員,事務,求人ボックス,https://xn--pckua2a7gp15o89zb.com/jbn/8645fca2872d42d9f59cc11b8f99892a,True,21時間前,2026-06-20 01:13:17,千葉県
「転勤なし」／一般事務／交通費全額支給／採用強化中新着,事務,千葉県,"月給22万5,000円",正社員,事務,求人ボックス,https://xn--pckua2a7gp15o89zb.com/jbn/a1446872ebae73587c6ff82842badae5,True,21時間前,2026-06-20 01:13:17,千葉県
事務未経験OK／一般事務／月給26.8万〜・学歴不問・転勤なし新着,一般事務,千葉県,月給26,正社員,事務,求人ボックス,https://xn--pckua2a7gp15o89zb.com/jbn/5b333954e0b9ad03bd61559fc6e43a23,True,21時間前,2026-06-20 01:13:20,千葉県
経理事務「未経験入社率80%以上」土日祝休み・残業なし・ネイルOK新着,経理,千葉県,"月給20万9,000円",正社員,経理,求人ボックス,https://xn--pckua2a7gp15o89zb.com/jbn/081eb3d18100b4771ed80f206b26041b,True,20時間前,2026-06-20 01:12:58,千葉県
数字に強くなる経理事務／月給26.7万〜・研修あり・残業少なめ新着,経理,千葉県,月給26,正社員,経理,求人ボックス,https://xn--pckua2a7gp15o89zb.com/jbn/7fe30663d5fc6347d8c07e55ac0b9d20,True,21時間前,2026-06-20 01:12:58,千葉県
未経験から経理事務／月給26.1万〜・賞与年2回・研修あり新着,経理,千葉県,月給26,正社員,経理,求人ボックス,https://xn--pckua2a7gp15o89zb.com/jbn/3a86ea1ae28c087b9afbfe35882a9b82,True,21時間前,2026-06-20 01:12:58,千葉県
数字に強くなる経理事務／月給26.9万〜・学歴不問・未経験歓迎新着,経理,千葉県,月給26,正社員,経理,求人ボックス,https://xn--pckua2a7gp15o89zb.com/jbn/ed1b1cf3cb33d234feb4f61a8e89414a,True,21時間前,2026-06-20 01:12:58,千葉県
数字に強くなる経理事務／月給26.5万〜・土日祝休み・残業少なめ新着,経理,千葉県,月給26,正社員,経理,求人ボックス,https://xn--pckua2a7gp15o89zb.com/jbn/fc67ad141e40e644e23433805f602315,True,21時間前,2026-06-20 01:12:59,千葉県
数字に強くなる経理事務／月給26.5万〜・服装・髪型自由・研修あり新着,経理,千葉県,月給26,正社員,経理,求人ボックス,https://xn--pckua2a7gp15o89zb.com/jbn/cf8918beef72d0b82f495bd069d0f5ce,True,21時間前,2026-06-20 01:12:59,千葉県
数字に強くなる経理事務／月給26.6万〜・完全週休2日制・学歴不問新着,経理,千葉県,月給26,正社員,経理,求人ボックス,https://xn--pckua2a7gp15o89zb.com/jbn/e97a35056e1e25cfbe747530d8acc9ec,True,20時間前,2026-06-20 01:12:59,千葉県
数字に強くなる経理事務／月給26.6万〜・服装・髪型自由・転勤なし新着,経理,千葉県,月給26,正社員,経理,求人ボックス,https://xn--pckua2a7gp15o89zb.com/jbn/efc243891993eaf8a0b43486e21b80e0,True,21時間前,2026-06-20 01:13:02,千葉県
数字に強くなる経理事務／月給26.8万〜・賞与年2回・年間休日125日新着,経理,千葉県,月給26,正社員,経理,求人ボックス,https://xn--pckua2a7gp15o89zb.com/jbn/02a0cb83cce0a34010d27ebc0486cf4e,True,20時間前,2026-06-20 01:13:02,千葉県
「経費精算・勤怠データ入力!」／経理事務／月収27万～35万新着,Courage Path株式会社,千葉県,月給27万円～35万円,正社員,経理,求人ボックス,https://xn--pckua2a7gp15o89zb.com/jbn/5a672d86373ec7c45dfe066418abd43f,True,6時間前,2026-06-20 01:13:02,千葉県
スキルが身につく経理事務／月給26.2万〜・学歴不問・研修あり新着,経理,千葉県,月給26,正社員,経理,求人ボックス,https://xn--pckua2a7gp15o89zb.com/jbn/830d1e30dd3949cecfc22a000f2cde8e,True,21時間前,2026-06-20 01:13:02,千葉県
未経験から経理事務／月給26.2万〜・残業少なめ・服装・髪型自由新着,経理,千葉県,月給26,正社員,経理,求人ボックス,https://xn--pckua2a7gp15o89zb.com/jbn/7a57f1731ac38a93fcf391b871f44035,True,21時間前,2026-06-20 01:13:02,千葉県
経理事務「未経験から専門スキル」研修充実・土日祝休み・ネイルOK新着,株式会社ネクスト,千葉県,"月給21万4,000円",正社員,経理,求人ボックス,https://xn--pckua2a7gp15o89zb.com/jbn/6b47751494321cd26bb6100c029805dd,True,16時間前,2026-06-20 01:13:02,千葉県
数字や日付を入力するシンプル作業が中心!未経験から始める経理サポートの...新着,経理,千葉県,月給25万円～35万円,正社員,経理,求人ボックス,https://xn--pckua2a7gp15o89zb.com/jbn/9fe6defafdd8616d555b0328d495003c,True,6時間前,2026-06-20 01:13:05,千葉県
バックオフィス事務／総務・経理・労務・営業サポート新着,ニューエイジ株式会社,千葉県,月給20万円～25万円,正社員,経理,求人ボックス,https://xn--pckua2a7gp15o89zb.com/jb/83992ed0cdf721b4a473189d983bbd3b,True,5時間前,2026-06-20 01:13:05,千葉県
経理事務／未経験歓迎「土日祝休み・電話対応少なめ・ネイルOK」新着,こんな経験をお持ちの方も歓迎,千葉県,"月給21万2,500円",正社員,経理,求人ボックス,https://xn--pckua2a7gp15o89zb.com/jbn/df8b913387af7a9e6315fd5f530337fe,True,20時間前,2026-06-20 01:13:05,千葉県
経理事務×時給1770円／朝ゆっくり9時半スタート新着,アデコ株式会社,千葉県,時給1770円,派遣社員,経理,求人ボックス,https://xn--pckua2a7gp15o89zb.com/jb/c2551d14a57b57518fd901cd1daf9894,True,19時間前,2026-06-20 01:13:08,千葉県
有料老人ホームの経理事務スタッフ新着,サニーライフ君津,千葉県,"時給1,225円",アルバイト・パート,経理,求人ボックス,https://xn--pckua2a7gp15o89zb.com/jb/79b69584cf789f96049c120e5aa3339d,True,2時間前,2026-06-20 01:13:08,千葉県
経理事務+ 一般事務新着,株式会社リクルートスタッフィング,千葉県,"時給1,600円～",派遣社員,経理,求人ボックス,https://xn--pckua2a7gp15o89zb.com/jb/71ad69ff57e21da0b2aed6f4bafa394c,True,16時間前,2026-06-20 01:13:08,千葉県
「はじめてでも安心のオフィス事務」／経理サポート事務／年間休日125日...新着,経理,千葉県,"月給27万1,000円",正社員,経理,求人ボックス,https://xn--pckua2a7gp15o89zb.com/jbn/5949ed0cbf55be74f2388c2977dac14e,True,8時間前,2026-06-20 01:13:08,千葉県
「数字チェックから始める事務」／経理事務／定時退社多め／オフィスワーク新着,事務,千葉県,月給25万400円,正社員,経理,求人ボックス,https://xn--pckua2a7gp15o89zb.com/jbn/4cbc983ea99c61be17e07f86b1e00948,True,5時間前,2026-06-20 01:13:08,千葉県
「数字チェックから始める事務」／経理事務／土日祝休み／残業ほぼなし新着,事務,千葉県,"月給25万4,600円",正社員,経理,求人ボックス,https://xn--pckua2a7gp15o89zb.com/jbn/7c71687f72126463f474101accc02fdb,True,5時間前,2026-06-20 01:13:12,千葉県
必ず成長できる環境がココに! 経理事務 年休125日 未経験OK新着,株式会社サンライズ・アカウンティング・インターナ...,千葉県,"月給21万5,000円",正社員,経理,求人ボックス,https://xn--pckua2a7gp15o89zb.com/jb/b1e18ad98d8b3ccbf47c228705def3b3,True,21時間前,2026-06-20 01:13:12,千葉県
経理事務新着,株式会社興正運輸,千葉県,月給23万円,正社員,経理,求人ボックス,https://xn--pckua2a7gp15o89zb.com/jb/eece24b0e4ff279af2c265089e47e7c1,True,2時間前,2026-06-20 01:13:14,千葉県
経理事務新着,株式会社キャリーシステム,千葉県,月給23万円,正社員,経理,求人ボックス,https://xn--pckua2a7gp15o89zb.com/jb/30d3b6ad9a79a7c7652408ea7bd9744e,True,2時間前,2026-06-20 01:13:14,千葉県
会計事務所スタッフ 経理事務・税理士補助／39歳以下新着,本澤秀樹税理士事務所 本澤秀樹,千葉県,月給23万円～35万円,正社員,経理,求人ボックス,https://xn--pckua2a7gp15o89zb.com/jb/8758516ff3d0c9c76f7f7080c4ed1cc6,True,2時間前,2026-06-20 01:13:14,千葉県
本澤秀樹税理士事務所 本澤秀樹 千葉県木更津市の会計事務所スタッフ 経理事務・税理士補助／39歳以下新着,事務,千葉県木更津市の会計事務所スタッフ,月給23万円～35万円,正社員,経理,求人ボックス,https://xn--pckua2a7gp15o89zb.com/jb/d78f79095e2166c97869ec5a9926647e,True,23時間前,2026-06-20 01:13:18,千葉県
経理・財務 ／ 一般事務・OA事務／週1～2日在宅可能 長期 事務新着,パーソルテンプスタッフ株式会社,千葉県,"時給1,580円",派遣社員,経理,求人ボックス,https://xn--pckua2a7gp15o89zb.com/jb/143105f585f7acc8a5378c39c5bf9d84,True,21時間前,2026-06-20 01:13:18,千葉県
経理事務スタッフ／本社新着,株式会社MSK,千葉県,"月給18万7,000円",正社員,経理,求人ボックス,https://xn--pckua2a7gp15o89zb.com/jb/33edd4c52ac57c83e3a12363366cfaa9,True,7時間前,2026-06-20 01:13:18,千葉県
経理・財務 ／ 一般事務・OA事務／高収入+ムリなく働けるパート経理新着,学校法人翔陽学園,千葉県,年収339万円～359万円,契約社員,経理,求人ボックス,https://xn--pckua2a7gp15o89zb.com/jb/2407bba5d672719bcf15edf83ea87c19,True,18時間前,2026-06-20 01:13:20,千葉県
経理・財務 ／ 一般事務・OA事務／年休120日 経理新着,株式会社アーキセプト,千葉県,年収420万円～540万円,正社員,経理,求人ボックス,https://xn--pckua2a7gp15o89zb.com/jb/d56f21633f621dc73197f0a2358db7e9,True,13時間前,2026-06-20 01:13:20,千葉県
「メール対応から学べる事務」／経理サポート事務／賞与あり／服装自由新着,事務,千葉県,"月給27万3,000円",正社員,経理,求人ボックス,https://xn--pckua2a7gp15o89zb.com/jbn/5a4cee6e55abdf599a0d5e22b4098151,True,8時間前,2026-06-20 01:13:20,千葉県
「接客経験も活かせる事務職」／経理サポート事務／PC基礎からOK新着,事務,千葉県,"月給27万3,000円",正社員,経理,求人ボックス,https://xn--pckua2a7gp15o89zb.com/jbn/9800878ed7fc456064a27da13630c432,True,8時間前,2026-06-20 01:13:24,千葉県
「リモート可」未経験採用枠／経理事務／年間休日125日以上新着,未経験OK,千葉県,月給25万円～35万円,正社員,経理,求人ボックス,https://xn--pckua2a7gp15o89zb.com/jbn/881c532bea3e0071d956b1e449508bc3,True,9時間前,2026-06-20 01:13:24,千葉県
リモート可／未経験可／経理事務／年休125日以上新着,未経験OK,千葉県,"月給24万4,000円",正社員,経理,求人ボックス,https://xn--pckua2a7gp15o89zb.com/jbn/57059a188fca37a020f541a3b42f41bf,True,9時間前,2026-06-20 01:13:24,千葉県
データ入力／サポート好き歓迎／未経験歓迎／経理事務／土日祝休み新着,事務,千葉県,月給28万円～34万円,正社員,経理,求人ボックス,https://xn--pckua2a7gp15o89zb.com/jbn/b83b53980f0cc0f69644928eaf61a102,True,6時間前,2026-06-20 01:13:24,千葉県
データ入力／Wワーク／正社員デビュー／未経験歓迎／経理事務／賞与あり新着,事務,千葉県,月給28万円～34万円,正社員,経理,求人ボックス,https://xn--pckua2a7gp15o89zb.com/jbn/c7f15a8f3ff667ef45e60c649f33e1e7,True,6時間前,2026-06-20 01:13:24,千葉県
看護師・看護助手新着,株式会社THビジネスサポート,千葉県,"時給1,550円",派遣社員,看護,求人ボックス,https://xn--pckua2a7gp15o89zb.com/jb/91b63732ee701bc68decdd6c05c8cac6,True,9時間前,2026-06-20 01:13:00,千葉県
介護施設の看護師／年収4310000円~／駅チカ／年休120日新着,看護師,千葉県,年収4310000円,正社員,看護,求人ボックス,https://xn--pckua2a7gp15o89zb.com/jb/59ec782352960285ce72d4905a9b0122,True,19時間前,2026-06-20 01:13:00,千葉県
病院の看護師／年収4105810円~／駅チカ新着,看護師,千葉県,年収4105810円,正社員,看護,求人ボックス,https://xn--pckua2a7gp15o89zb.com/jb/cd69d663da243300c669ec93ca896126,True,19時間前,2026-06-20 01:13:00,千葉県
病院の看護師／年収4310000円~／駅チカ新着,職種病院の,千葉県,年収4310000円,正社員,看護,求人ボックス,https://xn--pckua2a7gp15o89zb.com/jb/bb0716b4b07ffd815b622c1f480d296a,True,19時間前,2026-06-20 01:13:00,千葉県
病院の看護師／月給352500円~／賞与あり／年休120日新着,看護師,千葉県,月給352500円,正社員,看護,求人ボックス,https://xn--pckua2a7gp15o89zb.com/jb/1caad1c9180c418841c053aade03dfc6,True,19時間前,2026-06-20 01:13:00,千葉県
病院の看護師／月給332000円~／駅チカ新着,看護師,千葉県,月給332000円,正社員,看護,求人ボックス,https://xn--pckua2a7gp15o89zb.com/jb/f033c79d0c5d789515c0fe9966515527,True,19時間前,2026-06-20 01:13:03,千葉県
介護医療院の看護師／年収3500000円~／日勤のみ新着,看護師,千葉県我孫子市の介護医療院,年収3500000円,正社員,看護,求人ボックス,https://xn--pckua2a7gp15o89zb.com/jb/98c4f061238068798093dabbdade3e21,True,19時間前,2026-06-20 01:13:03,千葉県
病院の看護師／年収4500000円~／駅チカ新着,新人,千葉県,年収4500000円,正社員,看護,求人ボックス,https://xn--pckua2a7gp15o89zb.com/jb/6df53524edf66c0d6e596ab7cad8a206,True,19時間前,2026-06-20 01:13:05,千葉県
訪問看護の看護師／月給316000円~／駅チカ／年休120日新着,看護,千葉県,月給316000円,正社員,看護,求人ボックス,https://xn--pckua2a7gp15o89zb.com/jb/f4e5f18fa85ea4c746fe1f227b1a2e0a,True,19時間前,2026-06-20 01:13:09,千葉県
病院の看護師／年収3500000円~／駅チカ新着,職種病院の,千葉県,年収3500000円,正社員,看護,求人ボックス,https://xn--pckua2a7gp15o89zb.com/jb/d2d8ef3bb2d972ed499b15e4e76f3561,True,19時間前,2026-06-20 01:13:09,千葉県
病院の看護師／月給318000円~／日勤のみ新着,新人,千葉県,月給318000円,正社員,看護,求人ボックス,https://xn--pckua2a7gp15o89zb.com/jb/3f2de206791dc2dd81d5f286a91265d4,True,19時間前,2026-06-20 01:13:13,千葉県
訪問看護の看護師／年収4000000円~／日勤のみ／駅チカ新着,看護,千葉県,年収4000000円,正社員,看護,求人ボックス,https://xn--pckua2a7gp15o89zb.com/jb/05bddbed8efdf727a4b231d43ba5729e,True,19時間前,2026-06-20 01:13:13,千葉県
病院の看護師／月給319400円~／日勤のみ／駅チカ／年休120日新着,看護師,千葉県,月給319400円,正社員,看護,求人ボックス,https://xn--pckua2a7gp15o89zb.com/jb/83da961e0dd9f63a541408148b358566,True,19時間前,2026-06-20 01:13:16,千葉県
病院の看護師／月給320000円新着,職種病院の,千葉県,月給320000円,正社員,看護,求人ボックス,https://xn--pckua2a7gp15o89zb.com/jb/1748eabb5ece525f0e81448b28cecdd9,True,19時間前,2026-06-20 01:13:16,千葉県
病院の看護師／月給337000円~／日勤のみ新着,職種病院の,千葉県,月給337000円,正社員,看護,求人ボックス,https://xn--pckua2a7gp15o89zb.com/jb/87310244f11384b6669794c500c4e348,True,19時間前,2026-06-20 01:13:16,千葉県
病院の看護師／月給335000円新着,看護師,千葉県,月給335000円,正社員,看護,求人ボックス,https://xn--pckua2a7gp15o89zb.com/jb/49e37239d4a5a29dbfbfbf6dc9dc968a,True,19時間前,2026-06-20 01:13:20,千葉県
病院の看護師／月給327000円~／残業少なめ新着,看護師,千葉県,月給327000円,正社員,看護,求人ボックス,https://xn--pckua2a7gp15o89zb.com/jb/d0cf23036f5151b48e8e9a3e8f67d3aa,True,19時間前,2026-06-20 01:13:20,千葉県
ホスピスの看護師／月給400000円~／駅チカ新着,看護師,千葉県,月給400000円,正社員,看護,求人ボックス,https://xn--pckua2a7gp15o89zb.com/jb/a4737bad5bac9fb6e5bf90674101dec3,True,19時間前,2026-06-20 01:13:20,千葉県
病院の看護師／月給315000円~／駅チカ／残業少なめ新着,職種病院の,千葉県,月給315000円,正社員,看護,求人ボックス,https://xn--pckua2a7gp15o89zb.com/jb/4a12c6ef5d4979e8be43a6ea52c87914,True,19時間前,2026-06-20 01:13:23,千葉県
特別養護老人ホームの看護師／年収3500000円新着,看護師,千葉県,年収3500000円,正社員,看護,求人ボックス,https://xn--pckua2a7gp15o89zb.com/jb/b67fe16d2e8ba5188f4c6e42f94938dc,True,19時間前,2026-06-20 01:13:26,千葉県
訪問看護の看護師／年収4176000円~／日勤のみ／駅チカ新着,看護,千葉県,年収4176000円,正社員,看護,求人ボックス,https://xn--pckua2a7gp15o89zb.com/jb/ce96281f57f86441d9bbb1f6ee4f2f8b,True,19時間前,2026-06-20 01:13:26,千葉県
柔道整復師「パート・アルバイト」／そよ風公式新着,株式会社SOYOKAZE,千葉県,"時給1,400円～1,500円",アルバイト・パート,治療家,求人ボックス,https://xn--pckua2a7gp15o89zb.com/jb/2c76a0b49340f24cd257c2b7e9d1bbbb,True,23時間前,2026-06-20 01:13:24,千葉県
リハビリテーション特化型デイサービスの理学療法士／柔道整復師土日休み&...新着,株式会社アドバンス・リハ,千葉県,月給29万円～35万円,正社員,治療家,求人ボックス,https://xn--pckua2a7gp15o89zb.com/jb/d62fcd992dee2fe5abefa706a3b40df3,True,6時間前,2026-06-20 01:13:24,千葉県
特別養護老人ホームの看護師／月給302000円~／残業少なめ新着,駐車場あり,千葉県,月給302000円,正社員,治療家,求人ボックス,https://xn--pckua2a7gp15o89zb.com/jb/2c9af6377510da61b55c04af3d66b339,True,19時間前,2026-06-20 01:13:24,千葉県
運動指導員 完全週休2日制 無資格・未経験可新着,都商事株式会社 nagomi 浦安店,千葉県,"月給27万9,290円",正社員,治療家,求人ボックス,https://xn--pckua2a7gp15o89zb.com/jb/dbce881cd5a43ac2f3826ed6f3bc42cc,True,51分前,2026-06-20 01:13:24,千葉県
リハビリ型デイサービス、機能訓練指導員新着,柔道整復師,千葉県,月給21万円～23万円,正社員,治療家,求人ボックス,https://xn--pckua2a7gp15o89zb.com/jb/248246105ec216eabc3789204e6a6752,True,5時間前,2026-06-20 01:13:24,千葉県
「役員送迎ドライバー」週3日勤務／普通免許で未経験からスタート／月収50万円以上・ボーナス年2回新着,柔道整復師,千葉県,"月給47万8,500円",正社員,治療家,求人ボックス,https://xn--pckua2a7gp15o89zb.com/jbn/a7e9e811b6500a654058ca11e2d98417,True,17時間前,2026-06-20 01:13:25,千葉県
「タレントやスポーツ選手等の送迎」週3日勤務／未経験OK・月収50万円以上・ボーナス支給あり新着,柔道整復師,千葉県,"月給47万6,500円",正社員,治療家,求人ボックス,https://xn--pckua2a7gp15o89zb.com/jbn/28fade40c2c998fa1d62bdeb4a7fee5b,True,14時間前,2026-06-20 01:13:25,千葉県
リラクゼーションセラピストの店長候補／経験不問／マネジメント経験者優遇／インセンティブあり新着,株式会社メディロム・ウェルネス Re.Ra.Ku...,千葉県,月給25万円～50万円,正社員,治療家,求人ボックス,https://xn--pckua2a7gp15o89zb.com/jb/d6bdaf8ee66c962c0a099e6aff76a8cd,True,13時間前,2026-06-20 01:13:25,千葉県
リラクゼーションセラピストの店長候補／経験不問／マネジメント経験者優遇／インセンティブあり新着,株式会社メディロム・ウェルネス Re.Ra.Ku...,千葉県,月給25万円～50万円,正社員,治療家,求人ボックス,https://xn--pckua2a7gp15o89zb.com/jb/26a56ce126260e27712da578c06fb7ff,True,13時間前,2026-06-20 01:13:25,千葉県
「空港への送迎ドライバー」週3日勤務／普通免許で未経験OK／月収50万円以上・賞与2ヶ月分あり新着,柔道整復師,千葉県,"月給47万6,000円",正社員,治療家,求人ボックス,https://xn--pckua2a7gp15o89zb.com/jbn/0bce231c87ea1836a0625b57cdb28b7b,True,16時間前,2026-06-20 01:13:25,千葉県
著名人や企業役員の送迎ドライバー「週3日勤務」未経験OK・月収40万円以上／ボーナス支給あり新着,柔道整復師,千葉県,"月給47万8,500円",正社員,治療家,求人ボックス,https://xn--pckua2a7gp15o89zb.com/jbn/1f900f87bfa631afd1152b3a221b72fb,True,17時間前,2026-06-20 01:13:25,千葉県
リラクゼーションセラピストの店長候補／経験不問／マネジメント経験者優遇／インセンティブあり新着,株式会社メディロム・ウェルネス Re.Ra.Ku...,千葉県,月給25万円～50万円,正社員,治療家,求人ボックス,https://xn--pckua2a7gp15o89zb.com/jb/79b3eeeff611381aa1dd63dbdf67f9e2,True,13時間前,2026-06-20 01:13:28,千葉県
リラクゼーションセラピストの店長候補／経験不問／マネジメント経験者優遇／インセンティブあり新着,株式会社メディロム・ウェルネス Re.Ra.Ku...,千葉県,月給25万円～50万円,正社員,治療家,求人ボックス,https://xn--pckua2a7gp15o89zb.com/jb/2d6650668f9073089846afbbc43e9a05,True,13時間前,2026-06-20 01:13:28,千葉県
リラクゼーションセラピストの店長候補／経験不問／マネジメント経験者優遇／インセンティブあり新着,株式会社メディロム・ウェルネス Re.Ra.Ku...,千葉県,月給25万円～50万円,正社員,治療家,求人ボックス,https://xn--pckua2a7gp15o89zb.com/jb/8bbeed3d80db896cba3c78e06a2adb07,True,13時間前,2026-06-20 01:13:28,千葉県
「役員運転手」月収50万以上・普通免許のみOK／20代~50代活躍中・ボーナスあり新着,柔道整復師,千葉県,"月給42万3,000円",正社員,治療家,求人ボックス,https://xn--pckua2a7gp15o89zb.com/jbn/aefcd0341f75aa0bde1309dd7588ef25,True,20時間前,2026-06-20 01:13:28,千葉県
「夜勤・芸能／インフルエンサー送迎ドライバー」月40万以上・未経験歓迎・ボーナスあり新着,柔道整復師,千葉県,月給42万円～60万,正社員,治療家,求人ボックス,https://xn--pckua2a7gp15o89zb.com/jbn/adf25d6151733999958c337bdc055de7,True,19時間前,2026-06-20 01:13:28,千葉県
「夜勤・送迎ドライバー」月収50万以上・未経験歓迎／履歴書不要のスピード選考新着,柔道整復師,千葉県,"月給42万5,000円",正社員,治療家,求人ボックス,https://xn--pckua2a7gp15o89zb.com/jbn/32b59d584ebb2582386028f1cc64dfb7,True,19時間前,2026-06-20 01:13:28,千葉県
「役員送迎ドライバー・急募」年収600万以上・未経験歓迎／週3勤務・普通免許のみOK新着,柔道整復師,千葉県,"月給42万4,000円",正社員,治療家,求人ボックス,https://xn--pckua2a7gp15o89zb.com/jbn/7d2f2a149388e55f64c40b1fa3bba54f,True,20時間前,2026-06-20 01:13:28,千葉県
「役員運転手」月収50万以上・未経験歓迎／週3勤務・普通免許のみOK・ボーナス2回新着,柔道整復師,千葉県,"月給42万2,000円",正社員,治療家,求人ボックス,https://xn--pckua2a7gp15o89zb.com/jbn/fa4115a75515bc45e79703454b3b3a8f,True,20時間前,2026-06-20 01:13:28,千葉県
「VIP・役員送迎ドライバー」週3勤務・月収50万以上可・未経験歓迎／ボーナスあり新着,柔道整復師,千葉県,"月給41万5,000円",正社員,治療家,求人ボックス,https://xn--pckua2a7gp15o89zb.com/jbn/8b8c47d755a1287a3cb9a3d4f25ffd5e,True,19時間前,2026-06-20 01:13:32,千葉県
リラクゼーションセラピストの店長候補／経験不問／マネジメント経験者優遇／インセンティブあり新着,株式会社メディロム・ウェルネス Re.Ra.Ku...,千葉県,月給25万円～40万円,正社員,治療家,求人ボックス,https://xn--pckua2a7gp15o89zb.com/jb/28d91122db191f5b94f8556d0cf49e67,True,13時間前,2026-06-20 01:13:32,千葉県
「夜勤・役員運転手」月収50万以上可・未経験歓迎・普通免許のみOK・頑張りが収入に直結新着,柔道整復師,千葉県,"月給42万1,000円",正社員,治療家,求人ボックス,https://xn--pckua2a7gp15o89zb.com/jbn/d01c32e1ea3d3a7c3d26ff27c5ffbe6b,True,19時間前,2026-06-20 01:13:32,千葉県
「タレント／スポーツ選手などの送迎」月収50万以上・未経験歓迎／週3勤務・ボーナスあり新着,柔道整復師,千葉県,"月給42万5,000円",正社員,治療家,求人ボックス,https://xn--pckua2a7gp15o89zb.com/jbn/3d0e7c476b7db2f22c2e2734d6004fe3,True,20時間前,2026-06-20 01:13:32,千葉県
「役員送迎ドライバー」月収50万以上可・未経験歓迎・普通免許のみOK／ボーナス・退職金あり新着,柔道整復師,千葉県,"月給42万1,000円",正社員,治療家,求人ボックス,https://xn--pckua2a7gp15o89zb.com/jbn/125e861f62dc8502924001ab023b2e7d,True,19時間前,2026-06-20 01:13:32,千葉県
「夜勤・急募」役員運転手「月収50万以上可・普通免許のみOK・未経験歓迎」ボーナスあり新着,柔道整復師,千葉県,"月給42万4,000円",正社員,治療家,求人ボックス,https://xn--pckua2a7gp15o89zb.com/jbn/737894d60ede9e24f8e4aac42f153d8d,True,19時間前,2026-06-20 01:13:32,千葉県
「役員送迎ドライバー」年休200日以上・月収50万以上可／未経験歓迎・普免のみOK新着,柔道整復師,千葉県,"月給42万1,000円",正社員,治療家,求人ボックス,https://xn--pckua2a7gp15o89zb.com/jbn/ab305c36f87835c26b409163852b36f5,True,19時間前,2026-06-20 01:13:32,千葉県
「役員運転手・夜勤」月50万以上可・未経験歓迎／寮・社宅完備／普免のみOK・ボーナスあり新着,柔道整復師,千葉県,"月給42万2,000円",正社員,治療家,求人ボックス,https://xn--pckua2a7gp15o89zb.com/jbn/53b1ac715311bd41b799bbd1f6bd576d,True,20時間前,2026-06-20 01:13:32,千葉県
経理事務「未経験入社率80%以上」土日祝休み・残業なし・ネイルOK・20代活躍中新着,...土日休み/ネイル自由/服装自由/ハローワーク/補助 【その他概要】<前職例>製造業 工場勤務 ライン作業 生産管理 設備保全 製鋼 溶接/クレーン・玉掛け 金属加工 板金加工 板金塗装 警備員/,千葉県,"月給20万9,000円",正社員,治療家,求人ボックス,https://xn--pckua2a7gp15o89zb.com/jbn/71464464fa57f8c3d27f2c817b79fa7d,True,20時間前,2026-06-20 01:13:34,千葉県
「夜勤・役員運転手」月収50万以上・職歴不問・未経験歓迎／普通免許のみOK新着,柔道整復師,千葉県,"月給41万7,000円",正社員,治療家,求人ボックス,https://xn--pckua2a7gp15o89zb.com/jbn/7d71b9d8d2313443bd3fd87a8e985bbb,True,20時間前,2026-06-20 01:13:34,千葉県
役員運転手「週3勤務」履歴書不要／月収50万円以上／最短内定1週間／ボーナス年2回新着,柔道整復師,千葉県,"月給42万3,000円",正社員,治療家,求人ボックス,https://xn--pckua2a7gp15o89zb.com/jbn/6b9507dd906ddd30f73089ab4dfc51df,True,19時間前,2026-06-20 01:13:34,千葉県
リラクゼーションセラピストの店長候補／経験不問／マネジメント経験者優遇／インセンティブあり新着,株式会社メディロム・ウェルネス Re.Ra.Ku...,千葉県,月給25万円～50万円,正社員,治療家,求人ボックス,https://xn--pckua2a7gp15o89zb.com/jb/db782f688bb32898a3f5f822cfe7c1c3,True,13時間前,2026-06-20 01:13:34,千葉県
リラクゼーションセラピストの店長候補／経験不問／マネジメント経験者優遇／インセンティブあり新着,株式会社メディロム・ウェルネス Re.Ra.Ku...,千葉県,月給25万円～50万円,正社員,治療家,求人ボックス,https://xn--pckua2a7gp15o89zb.com/jb/21da1915aace6637a64d5fa7d126acfe,True,13時間前,2026-06-20 01:13:34,千葉県
役員運転手「月収50万以上可・普通免許のみOK・未経験歓迎」ボーナスあり新着,柔道整復師,千葉県,"月給42万4,000円",正社員,治療家,求人ボックス,https://xn--pckua2a7gp15o89zb.com/jbn/4c63e556847d7c41d592039f94ad4607,True,19時間前,2026-06-20 01:13:37,千葉県
「夜勤・役員運転手」年収500万以上・未経験歓迎・ボーナス・退職金あり新着,柔道整復師,千葉県,"月給42万5,000円",正社員,治療家,求人ボックス,https://xn--pckua2a7gp15o89zb.com/jbn/e554a8ba646406432f39290f1a42ab8e,True,20時間前,2026-06-20 01:13:37,千葉県
リラクゼーションセラピスト&経験者特典10万円／高単価／高収入実現可能／資格不問／経験不問新着,株式会社メディロム・ウェルネス Spa Re.R...,千葉県,"時給2,660円～4,543円",,治療家,求人ボックス,https://xn--pckua2a7gp15o89zb.com/jb/1a1ec76f89790800cf71355fb94e0ad8,True,13時間前,2026-06-20 01:13:37,千葉県
「役員運転手・定期送迎」月収50万以上・未経験歓迎・普通免許のみOK・ボーナスあり新着,柔道整復師,千葉県,"月給42万2,000円",正社員,治療家,求人ボックス,https://xn--pckua2a7gp15o89zb.com/jbn/a743f7308bd44ec150662b08b410de85,True,20時間前,2026-06-20 01:13:37,千葉県
タレント・芸能・観光客の送迎ドライバー「週3日勤務」賞与年2回／初年度から月収50万円以上新着,...未経験からでも安心してプロドライバーを目指せる環境です。 【その他特徴】<前職例>製造/工場/ライン作業/生產管理/設備保全/製鋼/溶接クレーン・玉掛/金属加工/板金加工/板金塗装/警備員機械・,千葉県,"月給47万7,000円",正社員,治療家,求人ボックス,https://xn--pckua2a7gp15o89zb.com/jbn/076bb318df3f0de048f4a08957eea6ab,True,16時間前,2026-06-20 01:13:37,千葉県
「週3日勤務」普通免許でスタートできる役員送迎ドライバー／週の残り4日はすべてあなたの自由時間新着,...キャリアアップも全面的にバックアップします。 【その他概要】<前職例>製造/工場/ライン作業/生產管理/設備保全/製鋼/溶接クレーン・玉掛/金属加工/板金加工/板金塗装/警備員機械・電気/倉庫内,千葉県,"月給47万6,000円",正社員,治療家,求人ボックス,https://xn--pckua2a7gp15o89zb.com/jbn/5001d07081a5458ed2eaf1f381554e07,True,16時間前,2026-06-20 01:13:37,千葉県
リラクゼーションセラピストの店長候補／経験不問／マネジメント経験者優遇／インセンティブあり新着,株式会社メディロム・ウェルネス Re.Ra.Ku...,千葉県,月給25万円～50万円,正社員,治療家,求人ボックス,https://xn--pckua2a7gp15o89zb.com/jb/0a95f2e264abce1f87b30cd6e078159e,True,13時間前,2026-06-20 01:13:37,千葉県
リラクゼーションセラピストの店長候補／経験不問／マネジメント経験者優遇／インセンティブあり新着,株式会社メディロム・ウェルネス Re.Ra.Ku...,千葉県,月給25万円～50万円,正社員,治療家,求人ボックス,https://xn--pckua2a7gp15o89zb.com/jb/3c7b41dbcf538bc534e553a4883c9fee,True,13時間前,2026-06-20 01:13:39,千葉県
リラクゼーションセラピストの店長候補／経験不問／マネジメント経験者優遇／インセンティブあり新着,株式会社メディロム・ウェルネス Re.Ra.Ku...,千葉県,月給25万円～50万円,正社員,治療家,求人ボックス,https://xn--pckua2a7gp15o89zb.com/jb/aea4005fe059f7694edbf82f4d02ecd7,True,13時間前,2026-06-20 01:13:39,千葉県
「著名人・企業役員送迎ドライバー」月収40万以上・未経験歓迎／週3勤務・ボーナスあり新着,柔道整復師,千葉県,"月給42万2,000円",正社員,治療家,求人ボックス,https://xn--pckua2a7gp15o89zb.com/jbn/2eef1c6f2cf45406f64626bae3e28b99,True,20時間前,2026-06-20 01:13:39,千葉県
リラクゼーションセラピストの店長候補／経験不問／マネジメント経験者優遇／インセンティブあり新着,株式会社メディロム・ウェルネス Re.Ra.Ku...,千葉県,月給25万円～50万円,正社員,治療家,求人ボックス,https://xn--pckua2a7gp15o89zb.com/jb/245469bbef4eca2b54b11e2ad8272cb4,True,13時間前,2026-06-20 01:13:39,千葉県
リラクゼーションセラピスト&経験者特典10万円／高単価／高収入実現可能／資格不問／経験不問新着,株式会社メディロム・ウェルネス Spa Re.R...,千葉県,"時給2,660円～4,543円",,治療家,求人ボックス,https://xn--pckua2a7gp15o89zb.com/jb/480c6368c3d1d7cb7af34439f23c2c05,True,13時間前,2026-06-20 01:13:39,千葉県
ピラティスインストラクター／ピラティススタジオ luluto新着,株式会社理学ボディ,千葉県,,,治療家,求人ボックス,https://xn--pckua2a7gp15o89zb.com/jb/51f6c52feb18bc50edc051d7a102498b,True,10時間前,2026-06-20 01:13:39,千葉県
自費治療充実の鍼灸整骨院、鍼灸師新着,柔道整復師,千葉県,月給25万円～38万円,正社員,治療家,求人ボックス,https://xn--pckua2a7gp15o89zb.com/jb/f726a7741d8a545bc866f3b3819cf73f,True,5時間前,2026-06-20 01:13:39,千葉県
未経験OK!Dr.stretchの 店舗スタッフ 週休3日や残業無も可新着,株式会社nobitel,千葉県,"月給24万6,100円",正社員,治療家,求人ボックス,https://xn--pckua2a7gp15o89zb.com/jb/8fd65304e8b4e57d8e5d68fbd1518d1a,True,21時間前,2026-06-20 01:13:41,千葉県
介護福祉サービス新着,株式会社華輪,千葉県,月給27万円～29万円,正社員,治療家,求人ボックス,https://xn--pckua2a7gp15o89zb.com/jbn/38548b6fa243914255d7bf5c18a93623,True,16時間前,2026-06-20 01:13:41,千葉県
夜勤3tトラックドライバー／高収入61万も可能あり／高収入新着,株式会社T.T.D,千葉県,月給35万円～61万円,,ドライバー,求人ボックス,https://xn--pckua2a7gp15o89zb.com/jbn/b5c5ef737a305f3569d2f57c163902ae,True,23時間前,2026-06-20 01:13:27,千葉県
「VIP・役員送迎ドライバー」1年目で年収600万・週3勤務新着,株式会社トラスト,千葉県,"月給42万1,000円",正社員,ドライバー,求人ボックス,https://xn--pckua2a7gp15o89zb.com/jbn/3f82b438850fd504eaa04eca282265a6,True,20時間前,2026-06-20 01:13:27,千葉県
観光送迎ドライバー「夜勤・正社員」手取り40万以上／普通免許のみOK新着,株式会社アシスト,千葉県,"月給42万4,000円",正社員,ドライバー,求人ボックス,https://xn--pckua2a7gp15o89zb.com/jbn/658198f6eb4a50fb89c5873151c31b37,True,17時間前,2026-06-20 01:13:27,千葉県
空港送迎ドライバー「週3勤務」二種免許不要／年収600万円可新着,株式会社ネクスト,千葉県,"月給42万1,000円",正社員,ドライバー,求人ボックス,https://xn--pckua2a7gp15o89zb.com/jbn/1880432173d85b1c08210d416f100518,True,16時間前,2026-06-20 01:13:28,千葉県
アマゾンの宅配ドライバー／単純作業／週3日OK／人との関わり少ない新着,株式会社Gro,千葉県,"日給2万2,121円",,ドライバー,求人ボックス,https://xn--pckua2a7gp15o89zb.com/jbn/f7643aa2c58be17821b7bf958e6ef5ee,True,23時間前,2026-06-20 01:13:32,千葉県
「賞与年2回×毎日帰れる地場便」近距離の大型トラックドライバー新着,司企業株式会社 野田ロジセンター,千葉県,月給23万円～40万円,正社員,ドライバー,求人ボックス,https://xn--pckua2a7gp15o89zb.com/jbn/502e283368a6185bfbb16bba175e1ca1,True,19時間前,2026-06-20 01:13:35,千葉県
営業所間のルート配送ドライバー 手積み手降ろしなし 日勤新着,有限会社やまおう運輸,千葉県,月給36万円～45万円,正社員,ドライバー,求人ボックス,https://xn--pckua2a7gp15o89zb.com/jb/c24bae1b68c6dc05245ae58da9a22f60,True,1時間前,2026-06-20 01:13:38,千葉県
「正社員」週3勤務の送迎ドライバー／未経験者活躍中／年収500万円以上...新着,ドライバー,千葉県,"月給47万8,500円",正社員,ドライバー,求人ボックス,https://xn--pckua2a7gp15o89zb.com/jbn/1b579005605c839ff68b9f6b3516a34f,True,19時間前,2026-06-20 01:13:38,千葉県
「空港への送迎ドライバー」週3日勤務／普通免許で未経験OK新着,ドライバー,千葉県,"月給47万6,000円",正社員,ドライバー,求人ボックス,https://xn--pckua2a7gp15o89zb.com/jbn/949bf6b66d987f55ec2a810fc31c8a36,True,16時間前,2026-06-20 01:13:41,千葉県
ドライバー募集／未経験歓迎／普通免許で応募OK／年収1000万円も目指...新着,株式会社ワンアンドオンリーキャスティング,千葉県,月給25万円～35万円,正社員,ドライバー,求人ボックス,https://xn--pckua2a7gp15o89zb.com/jb/0057a4ea3e0f5b54e3f2ab00a254340a,True,20時間前,2026-06-20 01:13:44,千葉県
「週3日勤務」芸能関係の送迎ドライバー／普通免許でOK／月収40万円以...新着,ドライバー,千葉県,"月給47万8,000円",正社員,ドライバー,求人ボックス,https://xn--pckua2a7gp15o89zb.com/jbn/b1bec3f6532a5ddfd91c011025a87331,True,14時間前,2026-06-20 01:13:48,千葉県
夜勤送迎・夜勤ドライバー／深夜はたらく・夜勤／未経験・経験者歓迎新着,ドライバー,千葉県,"月給41万9,000円",正社員,ドライバー,求人ボックス,https://xn--pckua2a7gp15o89zb.com/jbn/424d37b7751f9c9e7966479d00a75117,True,19時間前,2026-06-20 01:13:48,千葉県
週3勤務／送迎ドライバー／月給40万円以上／賞与年2回／VIP・モデル新着,ドライバー,千葉県,月給40万円,正社員,ドライバー,求人ボックス,https://xn--pckua2a7gp15o89zb.com/jbn/641f08e27b67619a4c94c062c0ae5047,True,3時間前,2026-06-20 01:13:48,千葉県
週4日休み／ハイヤードライバー／月給40万円以上／賞与年2回／VIP新着,ドライバー,千葉県,月給40万円,正社員,ドライバー,求人ボックス,https://xn--pckua2a7gp15o89zb.com/jbn/3d7a577a4e5c1a3cae17768b77bd5a67,True,3時間前,2026-06-20 01:13:55,千葉県
イベント・交通誘導警備員／週1日から勤務OK／日勤／週払いOK新着,株式会社Meiseiセキュリティー,千葉県,日給1万円,アルバイト・パート,警備,求人ボックス,https://xn--pckua2a7gp15o89zb.com/jb/6302c55cef2444f7bf63053fbe2854ce,True,3時間前,2026-06-20 01:13:33,千葉県
交通誘導警備員新着,株式会社ジャスティス千葉,千葉県,"時給1,140円",アルバイト・パート,警備,求人ボックス,https://xn--pckua2a7gp15o89zb.com/jb/bb0488d8e22b913b84a9e6ef6c3a4dc6,True,2時間前,2026-06-20 01:13:34,千葉県
交通誘導の警備員新着,株式会社サンテック,千葉県,日給1万円～1万,アルバイト・パート,警備,求人ボックス,https://xn--pckua2a7gp15o89zb.com/jb/f4b92eeb7d1b1ffb463987417309bfb2,True,1時間前,2026-06-20 01:13:37,千葉県
警備員／施設警備・交通誘導・雑踏警備新着,株式会社ガードワン,千葉県,"時給1,250円",アルバイト・パート,警備,求人ボックス,https://xn--pckua2a7gp15o89zb.com/jb/bf713216c2b025e32ced115f4498fc1c,True,2時間前,2026-06-20 01:13:40,千葉県
物流センターの施設警備員新着,株式会社MSK,千葉県,"日給1万9,000円",アルバイト・パート,警備,求人ボックス,https://xn--pckua2a7gp15o89zb.com/jb/f39ed1d5bf1048425a84abba4aa6fd46,True,8時間前,2026-06-20 01:13:40,千葉県
施設警備、警備員／駅・商業施設・学校・マンション新着,テイケイ株式会社,千葉県,"日給2万4,101円",契約社員,警備,求人ボックス,https://xn--pckua2a7gp15o89zb.com/jb/5ae8bed3247a768971564214c62c6319,True,6時間前,2026-06-20 01:13:40,千葉県
「愛知県勤務」交通誘導 昨日の「私」を変えたいと思っている人へ新着,セキュリティスタッフ株式会社,千葉県,"月給30万1,000円",正社員,警備,求人ボックス,https://xn--pckua2a7gp15o89zb.com/jb/105156b8dc0fa2f3178025010d172fcd,True,52分前,2026-06-20 01:13:43,千葉県
「役員運転手・定期送迎」1年目で年収580万・週3勤務／普通免許のみOK新着,株式会社ネクスト,千葉県,"月給41万7,000円",正社員,警備,求人ボックス,https://xn--pckua2a7gp15o89zb.com/jbn/ddaa3e3e3dfe63dc92f55abd1e6dbe2f,True,16時間前,2026-06-20 01:13:47,千葉県
「異業種からの転職歓迎」役員運転手／週3勤務／月収50万以上新着,株式会社トラスト,千葉県,"月給42万1,000円",正社員,警備,求人ボックス,https://xn--pckua2a7gp15o89zb.com/jbn/76aec2f37eca56a5d740acfed993a19f,True,20時間前,2026-06-20 01:13:47,千葉県
JRA中山競馬場／場内セキュリティスタッフ新着,競馬セキュリティサービス株式会社／JRA中山競馬場,千葉県,"時給1,550円",アルバイト・パート,警備,求人ボックス,https://xn--pckua2a7gp15o89zb.com/jb/c09e2352ef5190a90a3d4576ac27797a,True,16時間前,2026-06-20 01:13:51,千葉県
オフィスビルでのモニター監視・巡回スタッフ／WワークOK／月30万可能!／夜勤新着,住友不動産三田ファーストビル,千葉県,"月給25万6,000円",正社員,警備,求人ボックス,https://xn--pckua2a7gp15o89zb.com/jbn/8569bfb3518a18cf997119dcdcada893,True,20時間前,2026-06-20 01:13:55,千葉県
オフィスビルでのモニター監視・巡回スタッフ／WワークOK／月30万可能!／夜勤新着,住友不動産渋谷ガーデンタワー,千葉県,"月給25万6,000円",正社員,警備,求人ボックス,https://xn--pckua2a7gp15o89zb.com/jbn/b702df06f2e75996d0223f721ee0c0fb,True,20時間前,2026-06-20 01:13:59,千葉県
オフィスビルでのモニター監視・巡回スタッフ勤務は3日に1回の正社員!／20代30代活躍中／夜勤新着,留園ビル,千葉県,"月給25万6,000円",正社員,警備,求人ボックス,https://xn--pckua2a7gp15o89zb.com/jbn/0d32036796458154d3f69728da1fafdd,True,20時間前,2026-06-20 01:13:59,千葉県
オフィスビルでのモニター監視・巡回スタッフ勤務は3日に1回の正社員!／20代30代活躍中／夜勤新着,住友不動産芝ビル,千葉県,"月給25万6,000円",正社員,警備,求人ボックス,https://xn--pckua2a7gp15o89zb.com/jbn/48dd2d5e3319e275a526d800c1bc5b86,True,20時間前,2026-06-20 01:14:02,千葉県
アイスクリーム・冷菓の製造スタッフ「27卒」正社員「寮完備新着,株式会社キソシン,千葉県,月給25万500円,正社員,製造,求人ボックス,https://xn--pckua2a7gp15o89zb.com/jbn/8df6e73e4afd94f70e19a6c564e84a01,True,6時間前,2026-06-20 01:13:57,千葉県
時計盤の製造スタッフ／月給34万円以上／未経験歓迎／寮完備新着,合同会社タカノワーク,千葉県,月給34万円,正社員,製造,求人ボックス,https://xn--pckua2a7gp15o89zb.com/jb/80992d8d7801f9a1b5421e5455e2e653,True,4時間前,2026-06-20 01:13:58,千葉県
サプリメントの製造スタッフ「27卒」未経験歓迎／寮費無料／社会保険完備新着,株式会社alBee,千葉県,月給26万800円,正社員,製造,求人ボックス,https://xn--pckua2a7gp15o89zb.com/jbn/62e54e03ef623e394328584ee15846f0,True,6時間前,2026-06-20 01:13:58,千葉県
スケートボードの製造スタッフ「27卒」寮・社宅あり「正社員新着,株式会社Meta Sales,千葉県,"月給25万2,200円",正社員,製造,求人ボックス,https://xn--pckua2a7gp15o89zb.com/jbn/23dde7ab91fad1d2140924512c932fd1,True,5時間前,2026-06-20 01:13:58,千葉県
カプセルトイ製造スタッフ「27卒」即入寮OK・残業少なめ「正社員新着,株式会社ELM,千葉県,"月給26万1,300円",正社員,製造,求人ボックス,https://xn--pckua2a7gp15o89zb.com/jbn/7688d48b3df031582699b44a469e38da,True,6時間前,2026-06-20 01:14:01,千葉県
「27卒」ペット用品の製造スタッフ・未経験歓迎／シフト相談可「正社員新着,株式会社ELシステム,千葉県,"月給25万2,200円",正社員,製造,求人ボックス,https://xn--pckua2a7gp15o89zb.com/jbn/da7ac1572806aada28fa63cc4bed7fa2,True,5時間前,2026-06-20 01:14:01,千葉県
キーホルダーの製造スタッフ「27卒」正社員／即入寮可・昇給あり新着,株式会社プロジェクトトリガー,千葉県,"月給25万2,900円",正社員,製造,求人ボックス,https://xn--pckua2a7gp15o89zb.com/jbn/d28135ef735e60043b19dec76afce7bb,True,6時間前,2026-06-20 01:14:05,千葉県
「27卒」カプセルトイ製造スタッフ・寮完備「日勤のみ／年間休日125日...新着,株式会社Creer,千葉県,"月給26万4,300円",正社員,製造,求人ボックス,https://xn--pckua2a7gp15o89zb.com/jbn/0feb6e385d378086dcd223c21ff2ec15,True,7時間前,2026-06-20 01:14:05,千葉県
「27卒」カードゲーム製造スタッフ／未経験歓迎／即入寮可・昇給あり新着,株式会社enrich technology,千葉県,"月給25万2,900円",正社員,製造,求人ボックス,https://xn--pckua2a7gp15o89zb.com/jbn/030058890f41ad7d7bd4df89d588bca5,True,6時間前,2026-06-20 01:14:05,千葉県
ボードゲーム・パズル製造スタッフ「27卒」完全週休2日制「正社員新着,ベンタス株式会社,千葉県,"月給26万1,300円",正社員,製造,求人ボックス,https://xn--pckua2a7gp15o89zb.com/jbn/ac3e8a01fe8c089ab2fcec59370f3e1e,True,5時間前,2026-06-20 01:14:05,千葉県
サプリメントの製造スタッフ「27卒」未経験歓迎／寮費無料／社会保険完備新着,株式会社Le Lien,千葉県,"月給26万4,300円",正社員,製造,求人ボックス,https://xn--pckua2a7gp15o89zb.com/jbn/fe2497b8f63dd57ce9da2d3f442bff19,True,6時間前,2026-06-20 01:14:07,千葉県
「27卒」おもちゃ金型製造スタッフ・週休2日制「正社員／産育休実績あり新着,JHRconsulting株式会社,千葉県,"月給25万5,200円",正社員,製造,求人ボックス,https://xn--pckua2a7gp15o89zb.com/jbn/81192ad3024b97b3fd0790f5f04ff570,True,6時間前,2026-06-20 01:14:07,千葉県
アイスクリーム・冷菓の製造スタッフ「27卒」正社員「寮完備新着,株式会社LOP,千葉県,"月給25万4,000円",正社員,製造,求人ボックス,https://xn--pckua2a7gp15o89zb.com/jbn/e7a603ad04b58bd6838a8c00cf785d87,True,6時間前,2026-06-20 01:14:07,千葉県
未経験採用枠「第2新卒活躍中!」ガチャガチャ製造スタッフ／高収入新着,AQUARIUS株式会社,千葉県,"月給31万8,500円",正社員,製造,求人ボックス,https://xn--pckua2a7gp15o89zb.com/jbn/61d178d4db5a5484a11b335cb1a6e9b3,True,2時間前,2026-06-20 01:14:10,千葉県
景品づくりのレア求人!／クレーンゲーム景品の企画製造スタッフ／寮完備新着,製造,千葉県,"月給37万6,500円",正社員,製造,求人ボックス,https://xn--pckua2a7gp15o89zb.com/jbn/a8999947e61ffab1d42b33224e933420,True,7時間前,2026-06-20 01:14:10,千葉県
「27卒」イヤホン・ヘッドフォンの製造スタッフ・未経験歓迎「正社員新着,株式会社GUM,千葉県,"月給26万4,300円",正社員,製造,求人ボックス,https://xn--pckua2a7gp15o89zb.com/jbn/43cd35ff28853ea10d043575b0805814,True,6時間前,2026-06-20 01:14:10,千葉県
キーホルダーの製造スタッフ「27卒」正社員／即入寮可・昇給あり新着,株式会社大斗,千葉県,"月給25万2,200円",正社員,製造,求人ボックス,https://xn--pckua2a7gp15o89zb.com/jbn/d434f7efb9eec535f53e8c5f74a4472e,True,6時間前,2026-06-20 01:14:14,千葉県
未経験採用枠「第2新卒活躍中!」ガチャガチャ製造スタッフ／高収入／寮新着,株式会社小林,千葉県,"月給31万4,300円",正社員,製造,求人ボックス,https://xn--pckua2a7gp15o89zb.com/jbn/0305dbb9c44067bf8e67e8b9f89bc370,True,2時間前,2026-06-20 01:14:14,千葉県
未経験採用枠「第2新卒活躍中!」ガチャガチャ製造スタッフ／高収入新着,株式会社RIOT GROUP,千葉県,"月給31万7,000円",正社員,製造,求人ボックス,https://xn--pckua2a7gp15o89zb.com/jbn/4390a4df4015d57f4665e1f70897c879,True,2時間前,2026-06-20 01:14:14,千葉県
カードサプライを作る!／カードゲームグッズの製造スタッフ／未経験歓迎新着,製造,千葉県,"月給35万6,500円",正社員,製造,求人ボックス,https://xn--pckua2a7gp15o89zb.com/jbn/b8022325df16a209c7bbfa74048830c2,True,7時間前,2026-06-20 01:14:14,千葉県
貯金が底をつき、働く場所を探している人・家具家電付き寮完備で初期費用不要／コスメケースの製造スタッフ新着,株式会社オーヴァル,千葉県,"月給32万4,000円",正社員,製造,求人ボックス,https://xn--pckua2a7gp15o89zb.com/jb/04219ff4efe980811b8a4d112b38191b,True,5時間前,2026-06-20 01:14:18,千葉県
ガジェット好き必見!／パソコンの製造スタッフ／年間休日128日新着,製造,千葉県,"月給37万9,500円",正社員,製造,求人ボックス,https://xn--pckua2a7gp15o89zb.com/jbn/9ad0a57bb3097ee839dcb56210b71791,True,7時間前,2026-06-20 01:14:18,千葉県
未経験採用枠「第2新卒活躍中!」ガチャガチャ製造スタッフ／高収入／寮新着,Yts株式会社,千葉県,"月給32万4,900円",正社員,製造,求人ボックス,https://xn--pckua2a7gp15o89zb.com/jbn/67c958b97b12220d1a90aeb3fb3a7d3e,True,2時間前,2026-06-20 01:14:21,千葉県
盤面パーツを仕上げる仕事!／パチンコ台盤面の製造スタッフ／即日勤務OK新着,製造,千葉県,"月給35万3,000円",正社員,製造,求人ボックス,https://xn--pckua2a7gp15o89zb.com/jbn/0dec01b2db95e05dbda1b46435297939,True,7時間前,2026-06-20 01:14:21,千葉県
未経験採用枠「第2新卒活躍中!」ガチャガチャ製造スタッフ／高収入新着,株式会社RIOT,千葉県,"月給32万2,700円",正社員,製造,求人ボックス,https://xn--pckua2a7gp15o89zb.com/jbn/2397737d995691d614267cf597cee3dd,True,2時間前,2026-06-20 01:14:21,千葉県
カップ麺の容器製造・検品スタッフ／30代40代活躍中です 未経験歓迎新着,キャリアネクスト,千葉県,月給34万円～,契約社員,製造,求人ボックス,https://xn--pckua2a7gp15o89zb.com/jb/d75444fe574d4c03c2668b58cbde0489,True,23時間前,2026-06-20 01:14:21,千葉県
製造スタッフ 金欠から大逆転 週払いOK 簡単軽作業·仕分けスタッフ新着,株式会社Brave,千葉県,月給31万円～39万,正社員,製造,求人ボックス,https://xn--pckua2a7gp15o89zb.com/jb/7fcfa08917a2b5a26391e652b67a3ff9,True,14時間前,2026-06-20 01:14:21,千葉県
空調完備で快適勤務／ゲーム関連アクセサリーの製造スタッフ／軽作業新着,株式会社アテナスタイル,千葉県,月給29万円～,正社員,製造,求人ボックス,https://xn--pckua2a7gp15o89zb.com/jb/be78595a4a208424893f39b4d41fcc5a,True,21時間前,2026-06-20 01:14:24,千葉県
カードサプライを作る!未経験OK／カードゲームグッズの製造スタッフ新着,製造,千葉県,"月給35万6,500円",正社員,製造,求人ボックス,https://xn--pckua2a7gp15o89zb.com/jbn/caa4a2749b626694f364ddc93dd05c61,True,7時間前,2026-06-20 01:14:24,千葉県
清掃スタッフ／月収50万円以上可／未経験OK／学歴不問／職歴不問新着,株式会社トライズ,千葉県,月給32万円,正社員,清掃,求人ボックス,https://xn--pckua2a7gp15o89zb.com/jb/ce186192c37b0b3e42a3739b3ce3dac7,True,3時間前,2026-06-20 01:13:58,千葉県
研究所・企業事務所の清掃スタッフ新着,株式会社東進ビルシステム,千葉県,"時給1,250円～",アルバイト・パート,清掃,求人ボックス,https://xn--pckua2a7gp15o89zb.com/jb/379266e2a43163bc1e879c9721cc3016,True,13時間前,2026-06-20 01:13:58,千葉県
清掃スタッフ新着,東葉ビル管理株式会社,千葉県,"時給1,250円",アルバイト・パート,清掃,求人ボックス,https://xn--pckua2a7gp15o89zb.com/jb/f56dd515d057effc069261190a47817c,True,4時間前,2026-06-20 01:13:58,千葉県
オフィス清掃スタッフ／週2日からOK新着,フェイス・オン株式会社,千葉県,"時給1,350円",アルバイト・パート,清掃,求人ボックス,https://xn--pckua2a7gp15o89zb.com/jb/a5dd7f20db758165b78bc423df3cf21c,True,9時間前,2026-06-20 01:13:59,千葉県
夜間清掃スタッフ／オフィスビル・フィットネスクラブ／深夜清掃／シフト制新着,住友不動産六本木グランドタワー,千葉県,"月給27万3,000円",正社員,清掃,求人ボックス,https://xn--pckua2a7gp15o89zb.com/jbn/8240a2ec7c7380e29071f3e08e89ec0b,True,21時間前,2026-06-20 01:13:59,千葉県
小さめ資材の清掃スタッフ／クリーニング・整備／15時まで／土日祝休み新着,株式会社伸光産業,千葉県,"時給1,200円",アルバイト・パート,清掃,求人ボックス,https://xn--pckua2a7gp15o89zb.com/jb/facca9f17dd09603f596d204f2859317,True,21時間前,2026-06-20 01:13:59,千葉県
夜間清掃スタッフ／オフィスビル・フィットネスクラブ／深夜清掃／シフト制新着,泉ガーデンタワー,千葉県,"月給27万3,000円",正社員,清掃,求人ボックス,https://xn--pckua2a7gp15o89zb.com/jbn/6f2cfbba6c7f54a0e7f3eeeaa42d2539,True,21時間前,2026-06-20 01:14:02,千葉県
オフィスビルの清掃スタッフ／コツコツ作業／午後からのゆったり勤務新着,住友芝浦ビル,千葉県,"月給25万6,000円",正社員,清掃,求人ボックス,https://xn--pckua2a7gp15o89zb.com/jbn/b04e8e0a63a064494ce10ae359cb42cb,True,21時間前,2026-06-20 01:14:05,千葉県
オフィスビルの清掃スタッフ／コツコツ作業／午後からのゆったり勤務新着,住友不動産芝公園タワー,千葉県,"月給25万6,000円",正社員,清掃,求人ボックス,https://xn--pckua2a7gp15o89zb.com/jbn/89a2918cd66178e4ec1be32d38afb3f6,True,21時間前,2026-06-20 01:14:05,千葉県
オフィスビルの清掃スタッフ／コツコツ作業／午後からのゆったり勤務新着,ヨコソーレインボータワー,千葉県,"月給25万6,000円",正社員,清掃,求人ボックス,https://xn--pckua2a7gp15o89zb.com/jbn/a6bb8d4fc4b86d0d089af59fd56ebc35,True,21時間前,2026-06-20 01:14:09,千葉県
オフィスビルの清掃スタッフ／コツコツ作業／午後からのゆったり勤務新着,住友不動産汐留浜離宮ビル,千葉県,"月給25万6,000円",正社員,清掃,求人ボックス,https://xn--pckua2a7gp15o89zb.com/jbn/5b51fe84fc1cfe825a298d5ba3b36d47,True,21時間前,2026-06-20 01:14:09,千葉県
オフィスビルの清掃スタッフ／コツコツ作業／午後からのゆったり勤務新着,住友浜松町ビル,千葉県,"月給25万6,000円",正社員,清掃,求人ボックス,https://xn--pckua2a7gp15o89zb.com/jbn/0bd9f048f5266aa08c8a073d67946f09,True,21時間前,2026-06-20 01:14:12,千葉県
オフィスビルの清掃スタッフ／コツコツ作業／午後からのゆったり勤務新着,住友不動産田町駅前ビル,千葉県,"月給25万6,000円",正社員,清掃,求人ボックス,https://xn--pckua2a7gp15o89zb.com/jbn/0c3c6fc4eef9baa0394afc8ff5f19d7a,True,21時間前,2026-06-20 01:14:12,千葉県
オフィスビルの清掃スタッフ／コツコツ作業／午後からのゆったり勤務新着,東京汐留ビルディング,千葉県,"月給25万6,000円",正社員,清掃,求人ボックス,https://xn--pckua2a7gp15o89zb.com/jbn/2bca4128480fae63b8a576785b517119,True,21時間前,2026-06-20 01:14:16,千葉県
オフィスビルの清掃スタッフ／コツコツ作業／午後からのゆったり勤務新着,住友不動産御成門タワー,千葉県,"月給25万6,000円",正社員,清掃,求人ボックス,https://xn--pckua2a7gp15o89zb.com/jbn/9cabe55488d8e9b3b8ef654aac266991,True,21時間前,2026-06-20 01:14:16,千葉県
オフィスビルの清掃スタッフ／コツコツ作業／午後からのゆったり勤務新着,住友不動産芝ビル4号館,千葉県,"月給25万6,000円",正社員,清掃,求人ボックス,https://xn--pckua2a7gp15o89zb.com/jbn/7c3b91342f754d066df7745ce2452523,True,21時間前,2026-06-20 01:14:16,千葉県
オフィスビルの清掃スタッフ／コツコツ作業／午後からのゆったり勤務新着,住友不動産虎ノ門タワー,千葉県,"月給25万6,000円",正社員,清掃,求人ボックス,https://xn--pckua2a7gp15o89zb.com/jbn/a9407dd612d892b60fd5f4bf73101cdc,True,21時間前,2026-06-20 01:14:19,千葉県
清掃スタッフ／未経験／モクモク作業／早番／コツコツ作業新着,渋谷インフォスタワー,千葉県,"月給25万6,000円",正社員,清掃,求人ボックス,https://xn--pckua2a7gp15o89zb.com/jbn/eb9e5aefa10d739018532fe4e9d6696b,True,21時間前,2026-06-20 01:14:19,千葉県
清掃スタッフ／未経験／モクモク作業／早番／コツコツ作業新着,住友不動産渋谷ガーデンタワー,千葉県,"月給25万6,000円",正社員,清掃,求人ボックス,https://xn--pckua2a7gp15o89zb.com/jbn/7a1a41d92c2fb63c1c17fcbed2bed638,True,21時間前,2026-06-20 01:14:22,千葉県
オフィスビルの清掃スタッフ／コツコツ作業／午後からのゆったり勤務新着,住友不動産三田ビル,千葉県,"月給25万6,000円",正社員,清掃,求人ボックス,https://xn--pckua2a7gp15o89zb.com/jbn/ca12de85212eb8c884d19427fc1d38d9,True,21時間前,2026-06-20 01:14:22,千葉県
オフィスビルの清掃スタッフ／コツコツ作業／午後からのゆったり勤務新着,住友不動産東京三田サウスタワー,千葉県,"月給25万6,000円",正社員,清掃,求人ボックス,https://xn--pckua2a7gp15o89zb.com/jbn/2395bbec36d96fb09dd5987cfcf313af,True,21時間前,2026-06-20 01:14:22,千葉県
清掃スタッフ／未経験／モクモク作業／早番／コツコツ作業新着,住友不動産芝公園ファーストビル,千葉県,"月給25万6,000円",正社員,清掃,求人ボックス,https://xn--pckua2a7gp15o89zb.com/jbn/878b6df5086a311d81449db9faaefab1,True,21時間前,2026-06-20 01:14:25,千葉県
オフィスビルの清掃スタッフ／コツコツ作業／午後からのゆったり勤務新着,住友不動産青葉台ヒルズ,千葉県,"月給25万6,000円",正社員,清掃,求人ボックス,https://xn--pckua2a7gp15o89zb.com/jbn/122c58c55f873d75b1ba42a6044b8feb,True,21時間前,2026-06-20 01:14:25,千葉県
オフィスビルの清掃スタッフ／コツコツ作業／午後からのゆったり勤務新着,住友不動産御成門駅前ビル,千葉県,"月給25万6,000円",正社員,清掃,求人ボックス,https://xn--pckua2a7gp15o89zb.com/jbn/fff1b0d2c81108bcca7461c0184e1951,True,21時間前,2026-06-20 01:14:25,千葉県
スーパーの開店前清掃スタッフ新着,株式会社アドバンスサービス,千葉県,"時給1,250円",アルバイト・パート,清掃,求人ボックス,https://xn--pckua2a7gp15o89zb.com/jb/2430b8229d55ee59ad713393936f2a8d,True,51分前,2026-06-20 01:14:25,千葉県
歯科衛生士／週休2.5日 平日18時まで 土曜13時までの勤務新着,氷川デンタルクリニック,埼玉県,月給27万円～30万円,正社員,歯科,求人ボックス,https://xn--pckua2a7gp15o89zb.com/jb/b1593583c5ab2819f86be2f2dcc8b976,True,23時間前,2026-06-20 01:14:29,埼玉県
歯科衛生士／矯正専門歯科医院!駅近徒歩1分、追加スタッフ 予防管理メイ...新着,本川越うえさと矯正歯科,埼玉県,月給27万円～40万円,正社員,歯科,求人ボックス,https://xn--pckua2a7gp15o89zb.com/jb/8935e1f5f50fc05f86edd2d171a24d46,True,23時間前,2026-06-20 01:14:29,埼玉県
歯科衛生士 徒歩5分／週1日〜 働き方相談できます! ︎土曜日歓迎新着,田村歯科医院,埼玉県,"時給1,800円～",アルバイト・パート,歯科,求人ボックス,https://xn--pckua2a7gp15o89zb.com/jb/3544fafbb49f78a4a190e10e1d568302,True,23時間前,2026-06-20 01:14:29,埼玉県
社会保険完備の職場で歯科衛生士新着,浅井歯科医院,埼玉県,"時給2,000円～",アルバイト・パート,歯科,求人ボックス,https://xn--pckua2a7gp15o89zb.com/jb/f3cf425666121d04b779b9063d9717a6,True,3時間前,2026-06-20 01:14:29,埼玉県
クリニックの歯科衛生士新着,アイム歯科クリニック,埼玉県,"時給1,400円～",アルバイト・パート,歯科,求人ボックス,https://xn--pckua2a7gp15o89zb.com/jb/148690519dd5d57cd0fc731b01a771c0,True,1時間前,2026-06-20 01:14:29,埼玉県
歯科衛生士／産婦人科新着,医療法人愛和会 愛和病院,埼玉県,"時給2,000円～",アルバイト・パート,歯科,求人ボックス,https://xn--pckua2a7gp15o89zb.com/jb/2de696f1de133cb0bedb783e87e67f5c,True,19時間前,2026-06-20 01:14:29,埼玉県
歯科衛生士／たきの歯科新着,医療法人社団にこにこすまいる,埼玉県,月給28万円～,正社員,歯科,求人ボックス,https://xn--pckua2a7gp15o89zb.com/jb/800ae8f3f2200f3d1dc93177eddd6a2b,True,4時間前,2026-06-20 01:14:29,埼玉県
歯科衛生士／一般病院新着,医療法人久幸会 川口きゅうぽらリハビリテーション...,埼玉県,月給18万円,正社員,歯科,求人ボックス,https://xn--pckua2a7gp15o89zb.com/jb/73b6cf66db82a4d23ce468539c075872,True,19時間前,2026-06-20 01:14:29,埼玉県
歯科助手／歯科助手週2〜3日時給1400円 資格不要 未経験歓迎新着,医療法人桜誠会 鈴木歯科医院,埼玉県,時給1400円,アルバイト・パート,歯科,求人ボックス,https://xn--pckua2a7gp15o89zb.com/jb/4243c867b6dd56e62fbf225649f58651,True,23時間前,2026-06-20 01:14:29,埼玉県
臨床工学技士／ケアミックス型病院／臨床工学技士／蓮田病院新着,医療法人顕正会 蓮田病院,埼玉県,"月給21万9,500円",正社員,歯科,求人ボックス,https://xn--pckua2a7gp15o89zb.com/jb/2d532d3bbf84259a100513735d8ac824,True,14時間前,2026-06-20 01:14:29,埼玉県
管理栄養士／賞与支給あり／未経験・ブランクOK／通勤しやすい好立地／313新着,医療法人三方良歯 ヒデ歯科クリニック,埼玉県,月給20万円,正社員,歯科,求人ボックス,https://xn--pckua2a7gp15o89zb.com/jbn/c41e44a1c780ed536c3b7a610100e9d4,True,22時間前,2026-06-20 01:14:29,埼玉県
管理栄養士／賞与支給あり／福利厚生充実／社会保険完備／通勤しやすい好立地／318新着,医療法人社団アーユス くろさき歯科,埼玉県,月給24万円,正社員,歯科,求人ボックス,https://xn--pckua2a7gp15o89zb.com/jbn/5886254df1809a77e4c0fbed5d5f4e1d,True,22時間前,2026-06-20 01:14:30,埼玉県
管理栄養士／賞与支給あり／福利厚生充実／社会保険完備／312新着,医療法人社団growth ウニクス浦和美園歯科,埼玉県,月給23万円,正社員,歯科,求人ボックス,https://xn--pckua2a7gp15o89zb.com/jbn/5b034a3d62c943dc8db3abb9b8740a10,True,22時間前,2026-06-20 01:14:30,埼玉県
歯科衛生士／週休3日も可能 年間休日120日!駅チカ徒歩1分&マイカー...新着,デンタルケア北本,埼玉県,"月給23万7,000円",正社員,歯科,求人ボックス,https://xn--pckua2a7gp15o89zb.com/jb/3e39c15e116c6f108b586f197410daa3,True,13時間前,2026-06-20 01:14:30,埼玉県
歯科衛生士／週1日から相談OK 駅チカ徒歩5分!未経験OK新着,グレースデンタルクリニック埼玉分院,埼玉県,"日給1万4,000円",アルバイト・パート,歯科,求人ボックス,https://xn--pckua2a7gp15o89zb.com/jb/c96528fae6a650bfea5000692f63a277,True,13時間前,2026-06-20 01:14:30,埼玉県
歯科助手／のぶスマイル歯科新着,医療法人社団NSD,埼玉県,月給24万円～,正社員,歯科,求人ボックス,https://xn--pckua2a7gp15o89zb.com/jb/6b208dd9ff061352b6fd3470c31c2d48,True,22時間前,2026-06-20 01:14:30,埼玉県
2027年新卒／歯科衛生士／2027年新卒&中途社員の開始!大型研修室新着,医療法人泰雲会 蕨歯科クリニック,埼玉県,月給28万円,正社員,歯科,求人ボックス,https://xn--pckua2a7gp15o89zb.com/jb/110cdbbeaa06c6a532a53b60782e661f,True,11時間前,2026-06-20 01:14:30,埼玉県
金属部品の加工オペレーター・マシニングセンタ／工業系卒歓迎／未経験OK／年間休日125日新着,アネックス・ジャパン株式会社,千葉県,"時給1,900円～2,300円",派遣社員,派遣,求人ボックス,https://xn--pckua2a7gp15o89zb.com/jbn/d3fbe26db999339c89e01406f289355b,True,23時間前,2026-06-20 01:14:06,千葉県
保育士新着,睦沢町,千葉県,"時給1,650円～2,000円",派遣社員,派遣,求人ボックス,https://xn--pckua2a7gp15o89zb.com/jb/cf9ee5663e2d8e55245fdb914b6f1119,True,18時間前,2026-06-20 01:14:06,千葉県
保育士新着,株式会社コビーアンドアソシエイツ,千葉県,"時給1,600円～1,750円",派遣社員,派遣,求人ボックス,https://xn--pckua2a7gp15o89zb.com/jb/6be72139fefa95fa23e8055aa3ca5896,True,18時間前,2026-06-20 01:14:06,千葉県
"時給1,300円 以上!軽作業のお仕事!給与前渡しOK!簡単スタート!週5日新着",株式会社ミライル,千葉県,"時給1,300円",派遣社員,派遣,求人ボックス,https://xn--pckua2a7gp15o89zb.com/jb/328844964800028934fbd884be0e8e21,True,20時間前,2026-06-20 01:14:06,千葉県
保育士新着,袖ケ浦市,千葉県,"時給1,850円～2,000円",派遣社員,派遣,求人ボックス,https://xn--pckua2a7gp15o89zb.com/jb/f7042f7e5e1ac65d682243f42177e565,True,18時間前,2026-06-20 01:14:06,千葉県
製造スタッフ／検品／工場・製造系 大手メーカー浴槽の製造業務／人気の日勤 土日休み新着,株式会社アシストジャパン,千葉県,"時給1,250円～1,563円",派遣社員,派遣,求人ボックス,https://xn--pckua2a7gp15o89zb.com/jb/f646ed0c233c0a5603ff1aded2e5e00e,True,14時間前,2026-06-20 01:14:06,千葉県
保育士新着,印西市,千葉県,"時給1,850円",派遣社員,派遣,求人ボックス,https://xn--pckua2a7gp15o89zb.com/jb/533aabec7714f6f6b649f62c8c77e81f,True,18時間前,2026-06-20 01:14:06,千葉県
「「大人気!日勤×土日祝休み!」」漫画や古本の倉庫内軽作業新着,セブンエージェント株式会社,千葉県,"時給1,300円～",派遣社員,派遣,求人ボックス,https://xn--pckua2a7gp15o89zb.com/jb/7b76903e91ad522531ec404a01b916d6,True,16時間前,2026-06-20 01:14:06,千葉県
児童指導員新着,社会福祉法人青葉会,千葉県,"時給1,600円～1,850円",派遣社員,派遣,求人ボックス,https://xn--pckua2a7gp15o89zb.com/jb/08effd21805909fb182a68c587a52424,True,18時間前,2026-06-20 01:14:06,千葉県
創業50周年以上の安定企業で成田国際空港内の警備業務／研修制度充実で未経験からプロを目指せる環境新着,三栄メンテナンス株式会社,千葉県,"月給20万4,200円",正社員,派遣,求人ボックス,https://xn--pckua2a7gp15o89zb.com/jb/918b5cb25b651d4fa50fe9492f01dd34,True,22時間前,2026-06-20 01:14:06,千葉県
保育士新着,SOUキッズケア株式会社,千葉県,"時給1,650円",派遣社員,派遣,求人ボックス,https://xn--pckua2a7gp15o89zb.com/jb/dd40fea7d0c27547d9079ca5fcf06893,True,18時間前,2026-06-20 01:14:06,千葉県
保育士新着,社会福祉法人木更津大正会,千葉県,"時給1,600円～1,650円",派遣社員,派遣,求人ボックス,https://xn--pckua2a7gp15o89zb.com/jb/9187ce6f343d423aea695bfc5d844e68,True,18時間前,2026-06-20 01:14:06,千葉県
保育士新着,社会福祉法人櫻の会,千葉県,"時給1,600円～1,700円",派遣社員,派遣,求人ボックス,https://xn--pckua2a7gp15o89zb.com/jb/6afb96a6d4d961d6470f9f104175dac1,True,18時間前,2026-06-20 01:14:06,千葉県
保育士新着,社会福祉法人たいようのこ福祉会,千葉県,"時給1,700円～1,800円",派遣社員,派遣,求人ボックス,https://xn--pckua2a7gp15o89zb.com/jb/db21b153d08b65ca7e1908c56d78ecaf,True,18時間前,2026-06-20 01:14:06,千葉県
安定収入×福利厚生充実!／製造・軽作業／20～40代活躍中／未経験歓迎新着,日本マニュファクチャリングサービス株式会社,千葉県,"月給27万3,000円",正社員,派遣,求人ボックス,https://xn--pckua2a7gp15o89zb.com/jbn/8de0842b9768b7538aaf89bbcb40597f,True,7時間前,2026-06-20 01:14:06,千葉県
保育士／流山市市野谷／保育補助／認可保育園／2021年4月開園／週3日〜応相談新着,セントスタッフ株式会社,千葉県,"時給1,500円～1,700円",派遣社員,派遣,求人ボックス,https://xn--pckua2a7gp15o89zb.com/jbn/6e0da7f07aefd9ed4225495348394e8f,True,11時間前,2026-06-20 01:14:10,千葉県
保育士新着,社会福祉法人恩恵会,千葉県,"時給1,500円～1,550円",派遣社員,派遣,求人ボックス,https://xn--pckua2a7gp15o89zb.com/jb/686bb0e0a3e36f184379333f26c41c32,True,18時間前,2026-06-20 01:14:10,千葉県
保育士新着,学校法人川村学園,千葉県,"時給1,650円～1,750円",派遣社員,派遣,求人ボックス,https://xn--pckua2a7gp15o89zb.com/jb/01466f7f8a4792c9033924564409ad2e,True,18時間前,2026-06-20 01:14:10,千葉県
週3日～ × 日勤のみOK!可能 介護職新着,株式会社ジャストファイン,千葉県,"時給1,650円",派遣社員,派遣,求人ボックス,https://xn--pckua2a7gp15o89zb.com/jb/df3e1cbde7f4cc40506ff5b497cc802d,True,22時間前,2026-06-20 01:14:10,千葉県
幼稚園教諭新着,学校法人みのる学園,千葉県,"時給1,700円～2,000円",派遣社員,派遣,求人ボックス,https://xn--pckua2a7gp15o89zb.com/jb/c3e52590269d0c8f8a2395e03d52f0a0,True,18時間前,2026-06-20 01:14:10,千葉県
一般事務／17時半まで!未経験者歓迎!注文データの入力など新着,株式会社スタッフサービス,千葉県,"時給1,500円",派遣社員,派遣,求人ボックス,https://xn--pckua2a7gp15o89zb.com/jb/308c8cd4656128433794ac4c7b8a15a8,True,14時間前,2026-06-20 01:14:10,千葉県
直接雇用チャンスあり 未経験OK 総務サポート新着,アデコ株式会社,千葉県,"時給1,600円～",派遣社員,派遣,求人ボックス,https://xn--pckua2a7gp15o89zb.com/jb/0058d4d869bcdb36fbab366fafa9d887,True,19時間前,2026-06-20 01:14:14,千葉県
一般事務新着,株式会社リクルートスタッフィング,千葉県,"時給1,750円～",派遣社員,派遣,求人ボックス,https://xn--pckua2a7gp15o89zb.com/jb/d1607bfcfc14c0e1df6adcee697434d4,True,16時間前,2026-06-20 01:14:14,千葉県
大手リフォーム会社で事務新着,ヒューマンリソシア株式会社,千葉県,"時給1,750円",派遣社員,派遣,求人ボックス,https://xn--pckua2a7gp15o89zb.com/jb/3f854efac5033215554efbece1e2d6b9,True,3時間前,2026-06-20 01:14:14,千葉県
保育士／私立認可保育園／さくらんぼ保育園新着,社会福祉法人菊光会,千葉県,"月給22万6,852円",正社員,派遣,求人ボックス,https://xn--pckua2a7gp15o89zb.com/jb/6055beea0277e561daf051452996c2f2,True,3時間前,2026-06-20 01:14:14,千葉県
海外コスメに関するデータ入力新着,株式会社GOODSMILE,千葉県,"時給1,500円",派遣社員,派遣,求人ボックス,https://xn--pckua2a7gp15o89zb.com/jb/862b3eb9f4f4b029771227b072bfb035,True,18時間前,2026-06-20 01:14:14,千葉県
「VIP送迎中心」夜勤ハイヤードライバー／年収600万円以上／賞与年2回新着,社員...,千葉県,"月給47万8,500円",正社員,派遣,求人ボックス,https://xn--pckua2a7gp15o89zb.com/jbn/0551d6b387e3aedbf53a10925b7aa4f7,True,18時間前,2026-06-20 01:14:14,千葉県
保育士新着,有限会社エム・シー・スクエア,千葉県,"時給1,700円～1,750円",派遣社員,派遣,求人ボックス,https://xn--pckua2a7gp15o89zb.com/jb/4011d78a0a412d14baf8db04ab9a4fae,True,18時間前,2026-06-20 01:14:17,千葉県
保育士新着,社会福祉法人若恵福祉会,千葉県,"時給1,600円～1,700円",派遣社員,派遣,求人ボックス,https://xn--pckua2a7gp15o89zb.com/jb/c9d66fc7f44f42a902639b832b850c0b,True,18時間前,2026-06-20 01:14:17,千葉県
工場内での加工・梱包・機械オペレーター／土日祝休み／経験不問新着,株式会社マンキャピタル,千葉県,"時給1,500円",派遣社員,派遣,求人ボックス,https://xn--pckua2a7gp15o89zb.com/jb/352af0a247db377e84156bceec787e1c,True,3時間前,2026-06-20 01:14:17,千葉県
保育士／私立認可保育園／はくすい保育園新着,株式会社アスカ,千葉県,"時給1,600円～1,700円",派遣社員,派遣,求人ボックス,https://xn--pckua2a7gp15o89zb.com/jb/66beed5b5430742a2f22bde023188b8f,True,22時間前,2026-06-20 01:14:17,千葉県
不動産会社でデータ入力や書類整理などのカンタン事務／20~30代大活躍中 週3～OK!新着,株式会社セリオ,千葉県,"時給1,700円～",派遣社員,派遣,求人ボックス,https://xn--pckua2a7gp15o89zb.com/jb/f9ef6cbf141730873e23d20b7f1d6e58,True,6時間前,2026-06-20 01:14:17,千葉県
未経験OK 週2日・検品梱包作業!車通勤可 土日祝休新着,株式会社ウィルオブ・ワーク,千葉県,"時給1,274円",派遣社員,派遣,求人ボックス,https://xn--pckua2a7gp15o89zb.com/jb/30bf94c4c75cd9f5c82c85ec0f750079,True,14時間前,2026-06-20 01:14:17,千葉県
残業ほぼなし!こつこつサポート事務 蘇我駅スグ 1550円～新着,受託業務,千葉県,"時給1,550円～",派遣社員,派遣,求人ボックス,https://xn--pckua2a7gp15o89zb.com/jb/a18ea1946a36c0b952d4ec09dd9367fb,True,9時間前,2026-06-20 01:14:17,千葉県
保育士新着,社会福祉法人つくし会,千葉県,"時給1,350円～1,450円",派遣社員,派遣,求人ボックス,https://xn--pckua2a7gp15o89zb.com/jb/8dce9f972b0e5d65ca4828196cba284a,True,18時間前,2026-06-20 01:14:17,千葉県
大手IT企業でのセキュリティスタッフ／未経験OK!働きやすい環境／時給1600円!日勤のみの勤務!新着,株式会社エグゼクティブプロテクション,千葉県,時給1600円,アルバイト・パート,派遣,求人ボックス,https://xn--pckua2a7gp15o89zb.com/jbn/bb74055e136fcc9c69a8b26789b7ac36,True,23時間前,2026-06-20 01:14:20,千葉県
長期／PRスタッフ／交通費規定支給・時給1800円から／東京都ほか新着,株式会社セールスアウトソーシング,千葉県,時給1800円,派遣社員,派遣,求人ボックス,https://xn--pckua2a7gp15o89zb.com/jb/bd2b92bff40eb3eea28f147d4b0a070d,True,9時間前,2026-06-20 01:14:20,千葉県
保育士新着,特定非営利活動法人すまいるキッズ,千葉県,"時給1,700円",派遣社員,派遣,求人ボックス,https://xn--pckua2a7gp15o89zb.com/jb/4d56b71bbbd7adb91692a7f41a75554e,True,18時間前,2026-06-20 01:14:20,千葉県
電動工具切削部品の製造・機械オペレーター新着,株式会社ハーベストビィズキャリア,千葉県,"時給1,470円～1,838円",派遣社員,派遣,求人ボックス,https://xn--pckua2a7gp15o89zb.com/jb/c365dd9fa320fb7c04d89771b527182a,True,8時間前,2026-06-20 01:14:20,千葉県
保育士新着,学校法人市川学園,千葉県,"時給1,500円～1,850円",派遣社員,派遣,求人ボックス,https://xn--pckua2a7gp15o89zb.com/jb/8aef807c7339b90d60682b8c0b41532a,True,18時間前,2026-06-20 01:14:20,千葉県
受付 ／ 医療関係業務／派遣staff活躍中 病院の受付をおまかせ新着,パーソルテンプスタッフ株式会社,千葉県,"時給1,450円",派遣社員,派遣,求人ボックス,https://xn--pckua2a7gp15o89zb.com/jb/4c32435a5711955e778ebb54348bef1f,True,18時間前,2026-06-20 01:14:20,千葉県
貿易関連会社 一般事務新着,マンパワーグループ株式会社,千葉県,"時給1,650円",派遣社員,派遣,求人ボックス,https://xn--pckua2a7gp15o89zb.com/jb/a7971fe4c42bba9ad6d83be30d2adcc9,True,5時間前,2026-06-20 01:14:20,千葉県
軽作業で高収入GET×日払いOK!推し活グッズの軽作業スタッフ新着,株式会社アルミラ,千葉県,"時給1,360円～",アルバイト・パート,派遣,求人ボックス,https://xn--pckua2a7gp15o89zb.com/jb/2eea27c9fb017a30aa6d9506cf77956f,True,13時間前,2026-06-20 01:14:20,千葉県
エンジニアのたまごの派遣営業／未経験歓迎／社会保険完備新着,株式会社ライズ,千葉県,年収350万円～450万円,正社員,派遣,求人ボックス,https://xn--pckua2a7gp15o89zb.com/jbn/eaa9550a964b23c82d83ebdbef7acc02,True,22時間前,2026-06-20 01:14:23,千葉県
軽作業／空調完備!カンタンな入出荷・梱包作業新着,パーソルフィールドスタッフ株式会社,千葉県,"時給1,630円",派遣社員,派遣,求人ボックス,https://xn--pckua2a7gp15o89zb.com/jb/1f76aba2e20cada21bb276e39a79e176,True,18時間前,2026-06-20 01:14:23,千葉県
パーソナル営業／20代～30代活躍中／訪問型／年間休日120日以上／残業少なめ／未経験OK新着,DSP株式会社,千葉県,"年収420万円～1,000万円",正社員,派遣,求人ボックス,https://xn--pckua2a7gp15o89zb.com/jbn/abfcc222b7a46662518fbbf11c2a3f3b,True,21時間前,2026-06-20 01:14:23,千葉県
未経験可／研修充実／システムエンジニア新着,infront株式会社,千葉県,月給28万円～50万円,正社員,派遣,求人ボックス,https://xn--pckua2a7gp15o89zb.com/jbn/6118d5b93e41216b3a2f2ee3da0510b3,True,1時間前,2026-06-20 01:14:23,千葉県
電話少なめ!輸入カスタマーサポート新着,ランスタッド株式会社,千葉県,"時給1,700円",派遣社員,派遣,求人ボックス,https://xn--pckua2a7gp15o89zb.com/jb/ce0decb70b642dfdae577f252e41083b,True,20時間前,2026-06-20 01:14:23,千葉県
未経験可／研修充実／システムエンジニア新着,ナナイロモバイル株式会社,千葉県,月給28万円～50万円,正社員,派遣,求人ボックス,https://xn--pckua2a7gp15o89zb.com/jbn/6a43ebb3ec25533b95285ffafb733b68,True,1時間前,2026-06-20 01:14:23,千葉県
「まだ間に合う!」／未経験からできる軽作業「ガチャガチャなど」／年間休日125日以上新着,株式会社alBee,千葉県,月給32万円～40万円,正社員,派遣,求人ボックス,https://xn--pckua2a7gp15o89zb.com/jbn/35e634384c85e26a175a649f1ddf1bbc,True,2時間前,2026-06-20 01:14:23,千葉県
エンジニア／放送局・通信キャリア向けの通信網監視業務／年間休日122日／賞与あり／在宅／住宅手当あり新着,株式会社オープンアップITエンジニア,千葉県,"月給21万4,609円",正社員,派遣,求人ボックス,https://xn--pckua2a7gp15o89zb.com/jbn/f47e83ed7c3a777319e697d3863eb841,True,20時間前,2026-06-20 01:14:27,千葉県
化粧品・原料の品質検査／20代活躍中／未経験・第二新卒／土日祝休み／賞与あり／茂原市東郷新着,未経験OK,千葉県,"月給23万8,000円",正社員,派遣,求人ボックス,https://xn--pckua2a7gp15o89zb.com/jbn/f20627abc2f3d728c10233a3416e5f2e,True,5時間前,2026-06-20 01:14:27,千葉県
日勤2tトラックドライバー／給与31万～あり／高収入／サポート制度充実／働きやすい環境／未経験者OK新着,株式会社T.T.D,千葉県,月給31万円～45万円,アルバイト,派遣,求人ボックス,https://xn--pckua2a7gp15o89zb.com/jbn/471d44a46d8346f2006d515a134ab221,True,23時間前,2026-06-20 01:14:27,千葉県
ステンレスタンクの機械設計業務／20代活躍中／未経験・第二新卒／土日祝休み／賞与あり／浦安市北栄新着,スタッフ,千葉県,月給25万円～34万円,正社員,派遣,求人ボックス,https://xn--pckua2a7gp15o89zb.com/jbn/b366f5d61de74b41cfd62029f0d11616,True,5時間前,2026-06-20 01:14:27,千葉県
未経験可／研修充実／システムエンジニア新着,株式会社HIGHEST,千葉県,月給28万円～50万円,正社員,派遣,求人ボックス,https://xn--pckua2a7gp15o89zb.com/jbn/6e5dccfbdc76752d037d6d9bcaf76010,True,2時間前,2026-06-20 01:14:27,千葉県
千葉拠点の鉄塔送電線施工管理者／20代活躍中／未経験・第二新卒／土日祝休み／賞与あり／柏市酒井根新着,未経験OK,千葉県,月給25万円～45万,正社員,派遣,求人ボックス,https://xn--pckua2a7gp15o89zb.com/jbn/bfc59c5973de89266eee15228d322d37,True,3時間前,2026-06-20 01:14:27,千葉県
「今からでもOK!新しい環境でリスタート」20代30代の未経験から活躍／モノづくりエンジニア新着,で収入も不安定...,千葉県,月給27万円～45万円,正社員,派遣,求人ボックス,https://xn--pckua2a7gp15o89zb.com/jbn/012eaed75791018273b5532a849091e3,True,3時間前,2026-06-20 01:14:27,千葉県
「今からでもOK!新しい環境でリスタート」20代30代の未経験から活躍／工場スタッフ新着,で収入も不安定...,千葉県,月給27万円～45万円,正社員,派遣,求人ボックス,https://xn--pckua2a7gp15o89zb.com/jbn/767107f636f687401f5d7e7e8343fe22,True,3時間前,2026-06-20 01:14:29,千葉県
プラント機械設備の設計技術者スタッフ／20代活躍中／未経験・第二新卒／土日祝休み／賞与あり新着,<仕事内容>設計技術者(,千葉県,月給29万円～52万円,正社員,派遣,求人ボックス,https://xn--pckua2a7gp15o89zb.com/jbn/4b47dff3aad0153735c40e5ed531f990,True,2時間前,2026-06-20 01:14:29,千葉県
「今からでもOK!新しい環境でリスタート」20代30代の未経験から活躍／工場スタッフ新着,で収入も不安定...,千葉県,月給27万円～45万円,正社員,派遣,求人ボックス,https://xn--pckua2a7gp15o89zb.com/jbn/26679f758003a2cf12a8fa64c3901e4e,True,3時間前,2026-06-20 01:14:29,千葉県
「今からでもOK!新しい環境でリスタート」工場スタッフ／残業少なめ・年間休日125日以上新着,で収入も不安定...,千葉県,月給27万円～45万円,正社員,派遣,求人ボックス,https://xn--pckua2a7gp15o89zb.com/jbn/509fc686d044cb91761cfaccd537d555,True,3時間前,2026-06-20 01:14:29,千葉県
携帯ショップでの接客・販売業務／20代活躍中／未経験・第二新卒／賞与あり／流山市南流山新着,未経験OK,千葉県,月給23万円～50万円,正社員,派遣,求人ボックス,https://xn--pckua2a7gp15o89zb.com/jbn/92a2e68f3aab85b9175193332557496a,True,3時間前,2026-06-20 01:14:29,千葉県
「今からでもOK!新しい環境でリスタート」20代30代の未経験から活躍／製造オペレーター新着,で収入も不安定...,千葉県,月給27万円～45万円,正社員,派遣,求人ボックス,https://xn--pckua2a7gp15o89zb.com/jbn/81e1ec3f8f6e2bee676619e4fa7f31ec,True,3時間前,2026-06-20 01:14:29,千葉県
「今からでもOK!新しい環境でリスタート」工場スタッフ／年間休日125日以上新着,で収入も不安定...,千葉県,月給27万円～45万円,正社員,派遣,求人ボックス,https://xn--pckua2a7gp15o89zb.com/jbn/c1900a22976d2f497902968468dac3ee,True,2時間前,2026-06-20 01:14:29,千葉県
高速路線バスの運行ドライバー業務／20代活躍中／未経験・第二新卒／賞与あり／富里市中沢新着,スタッフ,千葉県,月給34万円～45万円,正社員,派遣,求人ボックス,https://xn--pckua2a7gp15o89zb.com/jbn/b56791c1229032155e8b64cabd41b869,True,4時間前,2026-06-20 01:14:32,千葉県
「今からでもOK!新しい環境でリスタート」製造組み立て／残業少なめ・年間休日125日以上新着,で収入も不安定...,千葉県,月給27万円～45万円,正社員,派遣,求人ボックス,https://xn--pckua2a7gp15o89zb.com/jbn/19e41948585612099d16c526156c55bb,True,2時間前,2026-06-20 01:14:32,千葉県
「今からでもOK!新しい環境でリスタート」20代30代の未経験から活躍／製造スタッフ新着,で収入も不安定...,千葉県,月給27万円～45万円,正社員,派遣,求人ボックス,https://xn--pckua2a7gp15o89zb.com/jbn/873c83d852ff234db61e8043ed51cd34,True,3時間前,2026-06-20 01:14:32,千葉県
デスクワーク系総合職 応募～2週間以内で内定・翌月入社可新着,株式会社コアスタッフィング,千葉県,月給23万円～30万円,正社員,派遣,求人ボックス,https://xn--pckua2a7gp15o89zb.com/jb/716ee1a1255ce16c6ea13b19dec5c6e2,True,21時間前,2026-06-20 01:14:32,千葉県
婦人靴販売新着,株式会社センチュリーアンドカンパニー,千葉県,"日給9,500円",アルバイト・パート,派遣,求人ボックス,https://xn--pckua2a7gp15o89zb.com/jb/5d471bbc817baff0a0a311c003bef1fc,True,6時間前,2026-06-20 01:14:32,千葉県
「今からでもOK!新しい環境でリスタート」20代30代の未経験から活躍／製造スタッフ／寮・社宅新着,で収入も不安定...,千葉県,月給27万円～45万円,正社員,派遣,求人ボックス,https://xn--pckua2a7gp15o89zb.com/jbn/3a55113314a1a46312bb922492e27001,True,3時間前,2026-06-20 01:14:32,千葉県
空港内飲食店ホールスタッフ新着,株式会社ホットスタッフ成田,千葉県,"時給1,250円",派遣社員,飲食,求人ボックス,https://xn--pckua2a7gp15o89zb.com/jb/25927d857c8f4ec98cc56daa4eafdf35,True,7時間前,2026-06-20 01:14:28,千葉県
「夜勤・芸能／インフルエンサー送迎ドライバー」月収40万以上／二種免許不要・急募新着,株式会社ネクスト,千葉県,"月給41万8,000円",正社員,飲食,求人ボックス,https://xn--pckua2a7gp15o89zb.com/jbn/ce0008bcc03b924370d783a24e71db56,True,16時間前,2026-06-20 01:14:28,千葉県
レストラン・専門料理店新着,株式会社東京一番フーズ,千葉県,月給25万100円,正社員,飲食,求人ボックス,https://xn--pckua2a7gp15o89zb.com/jbn/796eb629ba2a2b41a96eb22ae49086c7,True,7時間前,2026-06-20 01:14:29,千葉県
レストラン・専門料理店新着,株式会社肉の大山,千葉県,月給30万円～35万円,正社員,飲食,求人ボックス,https://xn--pckua2a7gp15o89zb.com/jbn/ae19b293c0097206340a52c54d5f191e,True,12時間前,2026-06-20 01:14:29,千葉県
レストラン・専門料理店新着,株式会社大庄,千葉県,月給40万円～46万円,正社員,飲食,求人ボックス,https://xn--pckua2a7gp15o89zb.com/jbn/b0ca90e2d8c92a6fc3591487834c5314,True,8時間前,2026-06-20 01:14:29,千葉県
レストラン・専門料理店新着,株式会社ベストプランニング,千葉県,"月給22万1,000円",契約社員,飲食,求人ボックス,https://xn--pckua2a7gp15o89zb.com/jbn/cf50a23b38a82e1eca60f6f1803e410d,True,8時間前,2026-06-20 01:14:29,千葉県
レストラン・専門料理店新着,山形屋商事株式会社,千葉県,月給23万円～30万円,正社員,飲食,求人ボックス,https://xn--pckua2a7gp15o89zb.com/jbn/eac1a7f19a4718e7afa4d67ec3fe9c79,True,11時間前,2026-06-20 01:14:29,千葉県
レストラン・専門料理店新着,株式会社ディアーズ・ブレイン,千葉県,月給23万円～32万円,正社員,飲食,求人ボックス,https://xn--pckua2a7gp15o89zb.com/jbn/9c785545b0e26e82309fcdaaa70c704d,True,8時間前,2026-06-20 01:14:32,千葉県
"レストラン・専門料理店,レストラン・専門料理店新着",オリジン東秀株式会社,千葉県,"月給26万1,500円",正社員,飲食,求人ボックス,https://xn--pckua2a7gp15o89zb.com/jbn/919b41ce9c542f2e17ec0ef06829030e,True,11時間前,2026-06-20 01:14:32,千葉県
レストラン・専門料理店新着,株式会社グランビスタ ホテル&リゾート,千葉県,月給22万円～30万円,正社員,飲食,求人ボックス,https://xn--pckua2a7gp15o89zb.com/jbn/58c0df91d04c82dafc33dcbd43c05a75,True,10時間前,2026-06-20 01:14:32,千葉県
レストラン・専門料理店新着,株式会社rings,千葉県,月給35万円～43万円,正社員,飲食,求人ボックス,https://xn--pckua2a7gp15o89zb.com/jbn/defb79987bb47f528ac168c423400384,True,10時間前,2026-06-20 01:14:34,千葉県
レストラン・専門料理店新着,株式会社INGS,千葉県,月給26万円～28万円,正社員,飲食,求人ボックス,https://xn--pckua2a7gp15o89zb.com/jbn/bf46020fb9208c5c9ad2b074757e7e86,True,8時間前,2026-06-20 01:14:34,千葉県
未経験採用枠の施工管理アシスタント／年間休日125日／月給35万円～新着,株式会社ツナグバ,千葉県,月給35万円～,正社員,飲食,求人ボックス,https://xn--pckua2a7gp15o89zb.com/jbn/b74ab16e9dd55503177a0f1d64557e89,True,3時間前,2026-06-20 01:14:34,千葉県
レストラン・専門料理店新着,株式会社ぶんコーポレーション,千葉県,月給20万円～25万円,正社員,飲食,求人ボックス,https://xn--pckua2a7gp15o89zb.com/jbn/788bd1e2670dd389a0dfe235598aad4d,True,8時間前,2026-06-20 01:14:34,千葉県
レストラン・専門料理店新着,株式会社FOOD&LIFE COMPANIES,千葉県,月給23万円～35万円,正社員,飲食,求人ボックス,https://xn--pckua2a7gp15o89zb.com/jbn/59c34d9d0d961173ca48c260efda1a40,True,8時間前,2026-06-20 01:14:34,千葉県
レストラン・専門料理店新着,株式会社ポポラマーマ,千葉県,"月給25万9,000円",正社員,飲食,求人ボックス,https://xn--pckua2a7gp15o89zb.com/jbn/cd2c374b35b761c579cf6a9db44dee27,True,11時間前,2026-06-20 01:14:37,千葉県
著名人送迎ドライバー「週3勤務」手取り40万以上／普通免許でOK／50代も活躍中新着,株式会社トラスト,千葉県,"月給42万2,000円",正社員,飲食,求人ボックス,https://xn--pckua2a7gp15o89zb.com/jbn/ae6f34e2f9317c30f0aef5db51e23753,True,19時間前,2026-06-20 01:14:37,千葉県
レストラン・専門料理店新着,株式会社ブロンコビリー,千葉県,"月給24万6,600円",正社員,飲食,求人ボックス,https://xn--pckua2a7gp15o89zb.com/jbn/f860d3e371f526067948b69230b6e40f,True,9時間前,2026-06-20 01:14:40,千葉県
店舗スタッフ「一般社員」／東松戸駅前店新着,幸楽苑 東松戸駅前店,千葉県,"月給21万5,000円",正社員,飲食,求人ボックス,https://xn--pckua2a7gp15o89zb.com/jbn/8a2c4d0a96edbb697b25eddd74ff5293,True,21時間前,2026-06-20 01:14:40,千葉県
店舗スタッフ「一般社員」／旭店新着,幸楽苑 旭店,千葉県,"月給21万5,000円",正社員,飲食,求人ボックス,https://xn--pckua2a7gp15o89zb.com/jbn/a4fb5ea4b0173b7250481d8fecfedae9,True,21時間前,2026-06-20 01:14:40,千葉県
店舗スタッフ「一般社員」／浦安店新着,幸楽苑 浦安店,千葉県,"月給21万5,000円",正社員,飲食,求人ボックス,https://xn--pckua2a7gp15o89zb.com/jbn/36111ac9017b9e0960ec702d0ef9e451,True,21時間前,2026-06-20 01:14:43,千葉県
レストラン・専門料理店新着,株式会社魁力屋,千葉県,月給23万円～28万,正社員,飲食,求人ボックス,https://xn--pckua2a7gp15o89zb.com/jbn/3dab833394790a37341f0675e0824706,True,11時間前,2026-06-20 01:14:43,千葉県
レストラン・専門料理店新着,株式会社甲羅,千葉県,"月給25万5,700円",正社員,飲食,求人ボックス,https://xn--pckua2a7gp15o89zb.com/jbn/8a0dc8c17854086da99a9d3abdecdf69,True,8時間前,2026-06-20 01:14:43,千葉県
店舗スタッフ「一般社員」／イオンモール柏店新着,幸楽苑 イオンモール柏店,千葉県,"月給21万5,000円",正社員,飲食,求人ボックス,https://xn--pckua2a7gp15o89zb.com/jbn/e5692c10bd6c3ebde6991aa2e8baa9ab,True,21時間前,2026-06-20 01:14:47,千葉県
店舗スタッフ「一般社員」／印西店新着,幸楽苑 印西店,千葉県,"月給21万5,000円",正社員,飲食,求人ボックス,https://xn--pckua2a7gp15o89zb.com/jbn/607ca19e4583e9288f98f4b0268c4683,True,21時間前,2026-06-20 01:14:47,千葉県
店舗スタッフ「一般社員」／木更津請西店新着,幸楽苑 木更津請西店,千葉県,"月給21万5,000円",正社員,飲食,求人ボックス,https://xn--pckua2a7gp15o89zb.com/jbn/6b89fd4ea299010d0e41489ac621844b,True,21時間前,2026-06-20 01:14:47,千葉県
店舗スタッフ「一般社員」／我孫子店新着,幸楽苑 我孫子店,千葉県,"月給21万5,000円",正社員,飲食,求人ボックス,https://xn--pckua2a7gp15o89zb.com/jbn/818d70651d919239188bbc603bf97286,True,21時間前,2026-06-20 01:14:47,千葉県
店舗スタッフ「一般社員」／酒井根店新着,幸楽苑 酒井根店,千葉県,"月給21万5,000円",正社員,飲食,求人ボックス,https://xn--pckua2a7gp15o89zb.com/jbn/f52ce7702560a62a6c5948bae508400c,True,21時間前,2026-06-20 01:14:49,千葉県
一般事務職／20代・30代活躍中／土日祝休み／未経験歓迎／ネイル・髪型服装自由／賞与2回・昇給あり新着,株式会社リーパス・バディ,千葉県,月給25万円～40万円,正社員,飲食,求人ボックス,https://xn--pckua2a7gp15o89zb.com/jbn/d10ed35ee215036f5eb70f0b9853b27c,True,23時間前,2026-06-20 01:14:49,千葉県
店舗スタッフ「一般社員」／イオンモール津田沼North店新着,幸楽苑 イオンモール津田沼North店,千葉県,"月給21万5,000円",正社員,飲食,求人ボックス,https://xn--pckua2a7gp15o89zb.com/jbn/3e89ff5b5168d8ace7eacc6ef9268e0d,True,21時間前,2026-06-20 01:14:49,千葉県
店舗スタッフ「一般社員」／島忠ホームズ蘇我店新着,幸楽苑 島忠ホームズ蘇我店,千葉県,"月給21万5,000円",正社員,飲食,求人ボックス,https://xn--pckua2a7gp15o89zb.com/jbn/b0def3195ea86a16f95298aeb252a093,True,21時間前,2026-06-20 01:14:49,千葉県
店舗スタッフ「一般社員」／茂原店新着,幸楽苑 茂原店,千葉県,"月給21万5,000円",正社員,飲食,求人ボックス,https://xn--pckua2a7gp15o89zb.com/jbn/7a18188037eaa5dd86169c9daea29883,True,21時間前,2026-06-20 01:14:53,千葉県
店舗スタッフ「一般社員」／若松店新着,幸楽苑 若松店,千葉県,"月給21万5,000円",正社員,飲食,求人ボックス,https://xn--pckua2a7gp15o89zb.com/jbn/57e4dd30ba19f5312707cab5b497ebca,True,21時間前,2026-06-20 01:14:53,千葉県
病院での医療事務新着,医療法人千秋会 里村医院,埼玉県,"月給23万5,000円",正社員,医療事務,求人ボックス,https://xn--pckua2a7gp15o89zb.com/jb/9130edf1ca570ed59fe67ce938d96cc9,True,7時間前,2026-06-20 01:14:35,埼玉県
医療事務／未経験OK・無資格OK／月給24.9万円～／レセプト丁寧に指...新着,武南病院附属クリニック,埼玉県,月給24,正社員,医療事務,求人ボックス,https://xn--pckua2a7gp15o89zb.com/jb/86d01e4a5530c5fe0d351b8ba8c9681d,True,5時間前,2026-06-20 01:14:35,埼玉県
医療事務募集新着,新座皮膚科クリニック,埼玉県,"時給1,200円～1,500円",アルバイト・パート,医療事務,求人ボックス,https://xn--pckua2a7gp15o89zb.com/jb/a09dbe455503d9863da82ca5c6bd0a4f,True,3時間前,2026-06-20 01:14:36,埼玉県
病院での医療事務新着,医療法人秀峰会 北辰病院,埼玉県,"月給22万2,000円",正社員,医療事務,求人ボックス,https://xn--pckua2a7gp15o89zb.com/jb/6c54d6a2d6449039aab3f15cbb91a20b,True,7時間前,2026-06-20 01:14:36,埼玉県
医療事務 受付・クラーク新着,福岡整形外科,埼玉県,"月給18万4,000円",正社員,医療事務,求人ボックス,https://xn--pckua2a7gp15o89zb.com/jb/d5e3d8fc0a22c6a494cc669fde5c3a9c,True,21時間前,2026-06-20 01:14:36,埼玉県
医療事務 受付・クラーク新着,片野耳鼻咽喉科,埼玉県,"月給18万4,000円",正社員,医療事務,求人ボックス,https://xn--pckua2a7gp15o89zb.com/jb/ec3398f473a4e00d7f1f0ab5fd641786,True,21時間前,2026-06-20 01:14:36,埼玉県
病院での医療事務／受付だけじゃない、将来につながるスキルが身につく新着,株式会社日本教育クリエイト,埼玉県,"月給23万5,000円",正社員,医療事務,求人ボックス,https://xn--pckua2a7gp15o89zb.com/jb/1f9ed2f13392294b14e9c203bbde8326,True,8時間前,2026-06-20 01:14:39,埼玉県
医療事務／クリニック新着,いわつき内科糖尿病クリニック,埼玉県,"時給1,400円～",アルバイト・パート,医療事務,求人ボックス,https://xn--pckua2a7gp15o89zb.com/jb/b5dadd7556985c8eb83c1446492ec50d,True,21時間前,2026-06-20 01:14:39,埼玉県
資格不問!クリニックの 医療事務 人柄重視 賞与・手当充実新着,医療法人社団明善会,埼玉県,月給23万円～,正社員,医療事務,求人ボックス,https://xn--pckua2a7gp15o89zb.com/jb/d2cf78f9208afb9cee7b1a366817d874,True,9時間前,2026-06-20 01:14:39,埼玉県
医療事務／クリニック新着,医療法人春水会 さくら眼科・内科,埼玉県,"月給23万6,000円",正社員,医療事務,求人ボックス,https://xn--pckua2a7gp15o89zb.com/jb/31fc4a5be5e0816ec4e002fb77d8a337,True,21時間前,2026-06-20 01:14:42,埼玉県
医療事務／クリニック新着,みそのこどもクリニック,埼玉県,"時給1,250円～",アルバイト・パート,医療事務,求人ボックス,https://xn--pckua2a7gp15o89zb.com/jb/11bc9c5efe63d0b21a170d1540c06ee2,True,21時間前,2026-06-20 01:14:42,埼玉県
18時まで 週休2日制 訪問診療クリニックで医療事務の募集新着,CME登録販売者,埼玉県,月給23万円～25万円,正社員,医療事務,求人ボックス,https://xn--pckua2a7gp15o89zb.com/jb/f169c0846686059f6ac7bcb39b907db0,True,18時間前,2026-06-20 01:14:42,埼玉県
しっかり稼げる医療事務 深谷駅から徒歩3分新着,ランスタッド株式会社,埼玉県,"時給1,500円",派遣社員,医療事務,求人ボックス,https://xn--pckua2a7gp15o89zb.com/jb/9634a073f1f2998a6cf0cffb9a342ffe,True,20時間前,2026-06-20 01:14:45,埼玉県
医療事務 受付・クラーク新着,学校法人獨協学園 獨協医科大学埼玉医療センター,埼玉県,"時給1,200円",アルバイト・パート,医療事務,求人ボックス,https://xn--pckua2a7gp15o89zb.com/jb/20ba590883d00727fa832b7dda2eef99,True,21時間前,2026-06-20 01:14:45,埼玉県
医療事務・調剤事務／研修修了を活かして実務デビューへ 時給1500円新着,株式会社ヒューマントラスト,埼玉県,時給1500円,派遣社員,医療事務,求人ボックス,https://xn--pckua2a7gp15o89zb.com/jb/f0abad78b7219c549f8d461072cad3a2,True,13時間前,2026-06-20 01:14:49,埼玉県
医療事務／調剤薬局新着,株式会社エープラン かしわざ中央薬局,埼玉県,月給22万円～27万円,正社員,医療事務,求人ボックス,https://xn--pckua2a7gp15o89zb.com/jb/b72fef08fd9d53eb11845f86c5fdfb5a,True,21時間前,2026-06-20 01:14:49,埼玉県
リラクゼーションセラピスト／未経験OK／業界最大手ラフィネグループ／エステティシャン／マッサージ新着,NEWラフィネ イオンレイクタウン店,埼玉県,"月給23万1,000円",正社員,医療事務,求人ボックス,https://xn--pckua2a7gp15o89zb.com/jbn/5d339d4087c0a75c7382aed571b21ac1,True,18時間前,2026-06-20 01:14:49,埼玉県
セラピスト／大手ラフィネグループ／シフト制／マッサージリラクゼーション／高時給／インセンティブあり新着,ラフィネ ルミネ大宮店,埼玉県,"月給23万1,000円",正社員,医療事務,求人ボックス,https://xn--pckua2a7gp15o89zb.com/jbn/81652fc032871608f090bbe278d9f5fb,True,18時間前,2026-06-20 01:14:52,埼玉県
アロマセラピスト／未経験OK／エステサロン／業界最大手／マッサージ／独立支援新着,ラフィネ ピオニウォーク東松山店,埼玉県,"月給23万1,000円",正社員,医療事務,求人ボックス,https://xn--pckua2a7gp15o89zb.com/jbn/4868ba18430143cf85950cb212deaa64,True,18時間前,2026-06-20 01:14:52,埼玉県
エステサロンのセラピスト／未経験OK／アロマセラピー／安定収入／マッサージ／ヘッドスパ新着,REFLE マルイファミリー志木店,埼玉県,"月給23万1,000円",正社員,医療事務,求人ボックス,https://xn--pckua2a7gp15o89zb.com/jbn/9714dc833b8614417d13b16c63e7999d,True,18時間前,2026-06-20 01:14:52,埼玉県
リラクゼーションセラピスト／未経験9割／マッサージ／無料研修あり／高時給／土日祝休みOK新着,ラフィネ イオンモール北戸田店,埼玉県,"月給23万1,000円",正社員,医療事務,求人ボックス,https://xn--pckua2a7gp15o89zb.com/jbn/10ef7ded3f6e80a3d3061204a341be57,True,18時間前,2026-06-20 01:14:56,埼玉県
リラクゼーションサロンのセラピスト／未経験OK／資格なし／アロマセラピー／エステサロン／ヘッドスパ新着,ラフィネプリュス イオンモール羽生店,埼玉県,"月給23万1,000円",正社員,医療事務,求人ボックス,https://xn--pckua2a7gp15o89zb.com/jbn/d2255d90ab1d44c51665d3a0672e04a0,True,18時間前,2026-06-20 01:14:56,埼玉県
エステサロンのセラピスト／未経験OK／アロマセラピー／安定収入／マッサージ／ヘッドスパ新着,ラフィネ イオンモール上尾店,埼玉県,"月給23万1,000円",正社員,医療事務,求人ボックス,https://xn--pckua2a7gp15o89zb.com/jbn/ac65543092f1d5c82cfdb9b4c350883a,True,18時間前,2026-06-20 01:14:56,埼玉県
クリニックでの管理栄養士業務／管理栄養士／働きやすさ抜群新着,さいたま胃腸内視鏡と肝臓のクリニック,埼玉県,月給24万円～35万円,正社員,医療事務,求人ボックス,https://xn--pckua2a7gp15o89zb.com/jbn/f6628ec7b2cc138e424dbeefde8d90c8,True,18時間前,2026-06-20 01:14:56,埼玉県
マッサージセラピスト／未経験OK／リラクゼーション／エステサロン／ヘッドスパ／20代～30代前半必見新着,ラフィネ おけがわマイン店,埼玉県,"月給23万1,000円",正社員,医療事務,求人ボックス,https://xn--pckua2a7gp15o89zb.com/jbn/e7515071c0e5485c21ee501ffad5a850,True,18時間前,2026-06-20 01:14:59,埼玉県
マッサージセラピスト／未経験OK／リラクゼーション／エステサロン／ヘッドスパ／20代～30代前半必見新着,ラフィネ イオンモール春日部店,埼玉県,"月給23万1,000円",正社員,医療事務,求人ボックス,https://xn--pckua2a7gp15o89zb.com/jbn/64277b4ef68763c14a05eb39cd01013e,True,18時間前,2026-06-20 01:14:59,埼玉県
セラピスト／ラフィネグループ／アロマテラピー／ヘッドスパ／ノルマなし／充実した研修制度新着,ラフィネ コクーンシティ店,埼玉県,"月給23万1,000円",正社員,医療事務,求人ボックス,https://xn--pckua2a7gp15o89zb.com/jbn/0b0bf1b197ac4fdc5367d093c3a1b91e,True,18時間前,2026-06-20 01:15:03,埼玉県
セラピスト／未経験OK／エステサロン／リラクゼーション／インセンティブあり／ノルマなし新着,ラフィネ ステラタウン大宮店,埼玉県,"月給23万1,000円",正社員,医療事務,求人ボックス,https://xn--pckua2a7gp15o89zb.com/jbn/f67de61bc47936a2426408581a31a51b,True,18時間前,2026-06-20 01:15:03,埼玉県
介護職／ヘルパー／飯能市飯能／介護付き有料老人ホーム／夜勤専従新着,セントスタッフ株式会社,埼玉県,"日給2万5,000円",派遣社員,介護,求人ボックス,https://xn--pckua2a7gp15o89zb.com/jbn/412e0745159f8b3aaffe5bbd785cd3c7,True,11時間前,2026-06-20 01:14:32,埼玉県
介護職／ヘルパー／住宅型有料老人ホーム新着,株式会社ベストケア・パ-トナ-ズ,埼玉県,"月給31万5,000円",正社員,介護,求人ボックス,https://xn--pckua2a7gp15o89zb.com/jbn/81ba7302d80549dd58c9865fd7496250,True,11時間前,2026-06-20 01:14:33,埼玉県
介護職／ヘルパー／行田市白川戸／特別養護老人ホーム／ブランク可新着,社会福祉法人隼人会,埼玉県,月給19万円～26万,正社員,介護,求人ボックス,https://xn--pckua2a7gp15o89zb.com/jbn/528aa563a48ddc2998ef71fa314bd1e2,True,11時間前,2026-06-20 01:14:37,埼玉県
介護職／ヘルパー／介護付き有料老人ホーム新着,株式会社ベネッセスタイルケア,埼玉県,"月給22万6,000円",正社員,介護,求人ボックス,https://xn--pckua2a7gp15o89zb.com/jbn/e9e8ef45fef81e4dd4752431ff93b855,True,11時間前,2026-06-20 01:14:37,埼玉県
介護職／ヘルパー／戸田市美女木／ショートステイ／交通費支給あり新着,株式会社ウェルフェアクリエイション,埼玉県,"時給1,425円～",アルバイト・パート,介護,求人ボックス,https://xn--pckua2a7gp15o89zb.com/jbn/fbad6f375bf72f33399255320b988f7d,True,11時間前,2026-06-20 01:14:37,埼玉県
介護職／ヘルパー／深谷市田中／サービス付き高齢者向け住宅／夜勤のみ新着,株式会社いっしん,埼玉県,"日給2万1,000円",アルバイト・パート,介護,求人ボックス,https://xn--pckua2a7gp15o89zb.com/jbn/f4a9813017acaf91d62b0f348c833936,True,11時間前,2026-06-20 01:14:39,埼玉県
介護職／ヘルパー／病院／シフト制／夜勤あり／交通費支給新着,医療法人三慶会,埼玉県,"月給21万3,000円",正社員,介護,求人ボックス,https://xn--pckua2a7gp15o89zb.com/jbn/c2404bf5caa7d4ad8871a56a184ea29a,True,11時間前,2026-06-20 01:14:39,埼玉県
介護職／ヘルパー／グループホーム／夜勤専従／2人体制／Wワーク可新着,株式会社相輝,埼玉県,"日給1万9,398円",アルバイト・パート,介護,求人ボックス,https://xn--pckua2a7gp15o89zb.com/jbn/1b374c2d92a01b5543108566ba4fc232,True,11時間前,2026-06-20 01:14:39,埼玉県
介護職／ヘルパー／吉川市高久／サービス付き高齢者向け住宅新着,株式会社MOT,埼玉県,"日給1万4,000円",アルバイト・パート,介護,求人ボックス,https://xn--pckua2a7gp15o89zb.com/jbn/b4c2044b78e8d407361975060bb4a9db,True,11時間前,2026-06-20 01:14:39,埼玉県
介護職／ヘルパー／特別養護老人ホーム／入浴専従／車通勤可／賞与あり新着,社会福祉法人埼玉県共済会,埼玉県共済会,"時給1,149円～1,378円",アルバイト・パート,介護,求人ボックス,https://xn--pckua2a7gp15o89zb.com/jbn/a3d5c71054bfb66ac99c9b239fd9f6e2,True,11時間前,2026-06-20 01:14:43,埼玉県
介護職／ヘルパー／朝霞市溝沼／介護老人保健施設／夜勤あり／交通費支給新着,医療法人山柳会,埼玉県,月給19万円～22万,正社員,介護,求人ボックス,https://xn--pckua2a7gp15o89zb.com/jbn/c51b7a7efcce4c66f91542d9b0e5c2eb,True,11時間前,2026-06-20 01:14:47,埼玉県
介護職／ヘルパー／朝霞市溝沼／グループホーム／週3日〜／賞与あり新着,ミアヘルサ株式会社 きずなホーム朝霞,埼玉県,"時給1,150円～1,250円",正社員,介護,求人ボックス,https://xn--pckua2a7gp15o89zb.com/jbn/96f767287a89ce0a7e5cf88453218d2b,True,11時間前,2026-06-20 01:14:50,埼玉県
介護職／ヘルパー／熊谷市上之／病院／1日4時間以上／週2日からOK新着,医療生協さいたま生活協同組合,埼玉県,"時給1,240円～",アルバイト・パート,介護,求人ボックス,https://xn--pckua2a7gp15o89zb.com/jbn/38536f629d3b734722463598cc6387a6,True,11時間前,2026-06-20 01:14:50,埼玉県
介護職／ヘルパー／介護付き有料／賞与なんと4か月分／駅チカで通いやすい新着,株式会社明昭,埼玉県,"月給23万3,500円",正社員,介護,求人ボックス,https://xn--pckua2a7gp15o89zb.com/jbn/7d381b1c4490ef24e62fafd9ca8e3c54,True,11時間前,2026-06-20 01:14:50,埼玉県
介護職／ヘルパー／さいたま市大宮／介護士／グループホーム／夜勤専従新着,株式会社リビングプラットフォームケア,埼玉県,"日給2万2,000円",アルバイト・パート,介護,求人ボックス,https://xn--pckua2a7gp15o89zb.com/jbn/d8c48f0e11d28402629807a460944753,True,11時間前,2026-06-20 01:14:54,埼玉県
介護職／ヘルパー／朝霞市宮戸／介護付き有料老人ホーム／年間休日数124...新着,株式会社SOYOKAZE,埼玉県,"月給23万3,000円",正社員,介護,求人ボックス,https://xn--pckua2a7gp15o89zb.com/jbn/b04ec71f21d0b273b8177ecdb6700aa5,True,11時間前,2026-06-20 01:14:54,埼玉県
介護職／ヘルパー／蓮田市山ノ内／介護付有料／ブランク可／車通勤可新着,グッドタイムリビング株式会社,埼玉県,"月給22万4,700円",正社員,介護,求人ボックス,https://xn--pckua2a7gp15o89zb.com/jbn/3dedc0d943229755c6e916388defe0ee,True,11時間前,2026-06-20 01:14:59,埼玉県
介護職／ヘルパー／グループホーム／未経験相談可／キャリアチャレンジ制度...新着,ケアサポ-ト株式会社,埼玉県,"月給20万5,000円",正社員,介護,求人ボックス,https://xn--pckua2a7gp15o89zb.com/jbn/2be755956b69ce3f8241d171dfd1ceb1,True,11時間前,2026-06-20 01:14:59,埼玉県
介護職／ヘルパー／介護士／介護付有料／バイク通勤可／福利厚生充実新着,株式会社ニチイケアパレス,埼玉県,"月給24万8,000円",正社員,介護,求人ボックス,https://xn--pckua2a7gp15o89zb.com/jbn/dbb41c29a8058f3fb979f836894ce40f,True,11時間前,2026-06-20 01:15:04,埼玉県
介護職／ヘルパー／久喜市栗橋／特別養護老人ホーム／車通勤可／賞与あり新着,社会福祉法人元気村,埼玉県,"月給21万4,810円",正社員,介護,求人ボックス,https://xn--pckua2a7gp15o89zb.com/jbn/e3598925bb7f15be3f6360a2f0621dce,True,11時間前,2026-06-20 01:15:04,埼玉県
保育士／認可保育園／駅チカ／車通勤可／賞与昇給あり／年間休日121日新着,株式会社学研ココファン・ナーサリー,埼玉県,"月給23万8,000円",正社員,保育,求人ボックス,https://xn--pckua2a7gp15o89zb.com/jbn/05426484cabfe422b0094b07012b95fa,True,11時間前,2026-06-20 01:14:56,埼玉県
保育士／川口市石神／認定保育園／シフト制／マイカー通勤可／賞与あり新着,株式会社エンゼル保育園,埼玉県,"月給18万5,000円",正社員,保育,求人ボックス,https://xn--pckua2a7gp15o89zb.com/jbn/f240f1ef4d8fed67e07478c16d55aab6,True,11時間前,2026-06-20 01:14:56,埼玉県
保育士／ふじみ野市花ノ木／認可保育園／年間休日120日／退職金制度あり新着,社会福祉法人ふじみ野なかよし会,埼玉県,月給21万円～25万円,正社員,保育,求人ボックス,https://xn--pckua2a7gp15o89zb.com/jbn/2da27cbf5c666b76a88e248703cfd0f7,True,11時間前,2026-06-20 01:15:00,埼玉県
保育士／八潮市大瀬／認可保育園／駅チカ／年間休日120日／リフレッシュ...新着,社会福祉法人コビーソシオ,埼玉県,"月給21万5,100円",正社員,保育,求人ボックス,https://xn--pckua2a7gp15o89zb.com/jbn/f314bcb90c6c19fb4abcdeb4b54467d2,True,11時間前,2026-06-20 01:15:00,埼玉県
保育士／川口市里／小規模認可園／駅チカ／賞与年2回／未経験可新着,株式会社プレストエデュケーションズ,埼玉県,"月給20万1,500円",正社員,保育,求人ボックス,https://xn--pckua2a7gp15o89zb.com/jbn/f14d53b64931f50b7e86ee08c05cdd8c,True,11時間前,2026-06-20 01:15:03,埼玉県
保育士／川口市飯塚／認可保育園／年間休日119日／賞与2か月分新着,株式会社東立,埼玉県,月給22万円～,正社員,保育,求人ボックス,https://xn--pckua2a7gp15o89zb.com/jbn/bd0e9d57cd7bca1ee1c4d80401a025e2,True,11時間前,2026-06-20 01:15:03,埼玉県
保育士／越谷市流通団地／認可保育園／残業なし／マイカー通勤可新着,学校法人菊地学園,埼玉県,"月給19万3,600円",正社員,保育,求人ボックス,https://xn--pckua2a7gp15o89zb.com/jbn/bebee5adef0dc57e0a493c351e3f1deb,True,11時間前,2026-06-20 01:15:07,埼玉県
保育士／富士見市ふじみ野／認可保育園／年間休日120日／残業なし新着,社会福祉法人武蔵野会,埼玉県,月給22万円～32万,正社員,保育,求人ボックス,https://xn--pckua2a7gp15o89zb.com/jbn/acbadab733c6b60b7f29e4d80414936b,True,11時間前,2026-06-20 01:15:07,埼玉県
保育士／認可保育園／車通勤可／ブランク可／加茂宮駅から徒歩3分新着,社会福祉法人一樹福祉会,埼玉県,"月給20万5,000円",正社員,保育,求人ボックス,https://xn--pckua2a7gp15o89zb.com/jbn/f2360c18ec25e90939d35b9132a0801f,True,11時間前,2026-06-20 01:15:11,埼玉県
保育士／和光市新倉／保育補助／小規模認可園／昇給あり／週5日勤務新着,株式会社ハッピーストーリー,埼玉県,"時給1,200円～1,500円",正社員,保育,求人ボックス,https://xn--pckua2a7gp15o89zb.com/jbn/a1d38c1f3d21bc7733970d82fc668eba,True,11時間前,2026-06-20 01:15:15,埼玉県
保育士／草加市中央／小規模認可園／残業なし／マイカー通勤可新着,特定非営利活動法人子旅ネット,埼玉県,"月給21万1,000円",正社員,保育,求人ボックス,https://xn--pckua2a7gp15o89zb.com/jbn/559094e87003f30ccdecbe44b2fb6027,True,11時間前,2026-06-20 01:15:15,埼玉県
保育士／蕨市中央／認可保育園／シフト制／駅徒歩10分圏内／交通費支給あ...新着,SOUキッズケア株式会社,埼玉県,月給20万円～27万,正社員,保育,求人ボックス,https://xn--pckua2a7gp15o89zb.com/jbn/ad7faf75b2832f7b9e4ce00cb6eaeadc,True,11時間前,2026-06-20 01:15:19,埼玉県
保育士／認可保育園／ユニフォーム無償貸与／退職金制度あり／認可保育園新着,社会福祉法人高砂福祉会,埼玉県,"月給22万2,000円",正社員,保育,求人ボックス,https://xn--pckua2a7gp15o89zb.com/jbn/8b82b1e0ee04e40a4f3970dc9db7712d,True,11時間前,2026-06-20 01:15:19,埼玉県
保育士／富士見市鶴馬／認可保育園／年間休日125日／借上げ社宅制度あり新着,社会福祉法人みずほ愛育会,埼玉県,"月給21万4,000円",正社員,保育,求人ボックス,https://xn--pckua2a7gp15o89zb.com/jbn/ca9628be94011550cfe828691b884520,True,11時間前,2026-06-20 01:15:21,埼玉県
保育士／浦和区常盤／認可保育園／2020年4月オープン／手当充実新着,社会福祉法人純清会,埼玉県,"月給20万7,000円",正社員,保育,求人ボックス,https://xn--pckua2a7gp15o89zb.com/jbn/c19920dbe5cc51a8ca6ca5a577853f9f,True,11時間前,2026-06-20 01:15:21,埼玉県
保育士／認可保育園／マイカー通勤可／賞与4／8ヶ月／福利厚生充実新着,社会福祉法人為成会,埼玉県,"月給19万5,143円",正社員,保育,求人ボックス,https://xn--pckua2a7gp15o89zb.com/jbn/754f7472f4e62b3fd6038aee35157124,True,11時間前,2026-06-20 01:15:24,埼玉県
カット専門の美容師／賞与・昇給あり／カット専門新着,QBハウスイオンレイクタウンmori,埼玉県,月給30万円～47万,正社員,美容,求人ボックス,https://xn--pckua2a7gp15o89zb.com/jbn/ae4594669f19a85ac3e7eb453bd7b506,True,23時間前,2026-06-20 01:15:07,埼玉県
「ノルマ・歩合制なし、営業トークは必要なしの美容師募集」／営業時間外の...新着,QBハウス西武飯能ペペ,埼玉県,月給30万円～47万,正社員,美容,求人ボックス,https://xn--pckua2a7gp15o89zb.com/jbn/15b8138c6adb0b9a6f7a7840d8448a55,True,22時間前,2026-06-20 01:15:07,埼玉県
ブランク歓迎の美容師／しっかり休める／上場企業新着,QBハウスイオンモール川口前川,埼玉県,月給30万円～47万,正社員,美容,求人ボックス,https://xn--pckua2a7gp15o89zb.com/jbn/2d418cf27d0dddf00e2d980fcb9e05dc,True,23時間前,2026-06-20 01:15:08,埼玉県
業界大手の美容師／しっかり休める／ブランク歓迎新着,QBハウスアリオ鷲宮,埼玉県,月給30万円～47万,正社員,美容,求人ボックス,https://xn--pckua2a7gp15o89zb.com/jbn/4fd80fa44fa0ce8fa9968d758f332014,True,23時間前,2026-06-20 01:15:12,埼玉県
「ヘアカットに特化して活躍できる美容師」／急募／休憩は必ず90分新着,QBハウスイオンタウンふじみ野,埼玉県,月給30万円～47万,正社員,美容,求人ボックス,https://xn--pckua2a7gp15o89zb.com/jbn/3fa3af27171ebf596f597195d264953d,True,23時間前,2026-06-20 01:15:14,埼玉県
カット専門の美容師／しっかり休める／業界大手の好待遇新着,QBハウスヤオコー入間下藤沢,埼玉県,月給30万円～47万,正社員,美容,求人ボックス,https://xn--pckua2a7gp15o89zb.com/jbn/b5bb4ed45b69be1410b715672b4151bd,True,23時間前,2026-06-20 01:15:14,埼玉県
「集客業務なし、お客様対応に集中できる環境／美容師」／歩合制なし新着,QBハウスホームズ所沢,埼玉県,月給30万円～47万,正社員,美容,求人ボックス,https://xn--pckua2a7gp15o89zb.com/jbn/16b1a9196857476d00e83d1bc8002b08,True,23時間前,2026-06-20 01:15:17,埼玉県
「ヘアカットに特化して活躍できる美容師」／歩合制なし／交通費支給新着,QBハウスそよら入曽駅前,埼玉県,月給30万円～47万,正社員,美容,求人ボックス,https://xn--pckua2a7gp15o89zb.com/jbn/70c6552b0d91eb90e856ca5f8b36b14f,True,23時間前,2026-06-20 01:15:17,埼玉県
「東証プライム上場企業で安定収入の美容師」／大手で叶う安定収入新着,QBハウスららぽーと富士見,埼玉県,月給30万円～47万,正社員,美容,求人ボックス,https://xn--pckua2a7gp15o89zb.com/jbn/1914a0184cf0559d1e82d8be52c461ee,True,23時間前,2026-06-20 01:15:17,埼玉県
ブランク歓迎の美容師／しっかり休める／賞与・昇給あり新着,QBハウスエミテラス所沢,埼玉県,月給30万円～47万,正社員,美容,求人ボックス,https://xn--pckua2a7gp15o89zb.com/jbn/920aeff6788abda9d6c076382e04f021,True,23時間前,2026-06-20 01:15:20,埼玉県
「ヘアカットに特化して活躍できる美容師」／長期休暇可能／営業時間外の業...新着,QBハウスそよら武蔵狭山,埼玉県,月給30万円～47万,正社員,美容,求人ボックス,https://xn--pckua2a7gp15o89zb.com/jbn/ecd8b0f4777fbddbeaeeef4a6186bdb4,True,23時間前,2026-06-20 01:15:20,埼玉県
「歩合制なしで安定した収入が得られる美容師」／研修あり／月3日希望休あ...新着,QBハウス東武蒲生駅,埼玉県,月給30万円～47万,正社員,美容,求人ボックス,https://xn--pckua2a7gp15o89zb.com/jbn/ccacd3d9a622f16161baa5264941e429,True,22時間前,2026-06-20 01:15:20,埼玉県
「東証プライム上場企業で安定収入の美容師」／休憩は必ず90分新着,QBハウスイオンスタイル入間,埼玉県,月給30万円～47万,正社員,美容,求人ボックス,https://xn--pckua2a7gp15o89zb.com/jbn/88610c96e9e4af8fcdb74e5b495e36b7,True,23時間前,2026-06-20 01:15:23,埼玉県
上場企業で美容師／しっかり休める／カット専門新着,QBハウスイオンモール川口,埼玉県,月給30万円～47万,正社員,美容,求人ボックス,https://xn--pckua2a7gp15o89zb.com/jbn/3aefe4d9aa55b6d7f52870916a02aebe,True,23時間前,2026-06-20 01:15:27,埼玉県
「東証プライム上場企業で安定収入の美容師」／大手で叶う安定収入新着,QBハウス川越アトレ,埼玉県,月給30万円～47万,正社員,美容,求人ボックス,https://xn--pckua2a7gp15o89zb.com/jbn/6e64549e59e84596c8c1777be035a303,True,23時間前,2026-06-20 01:15:27,埼玉県
業界大手の美容師／しっかり休める／ブランク歓迎新着,QBハウスイトーヨーカドー和光,埼玉県,月給30万円～47万,正社員,美容,求人ボックス,https://xn--pckua2a7gp15o89zb.com/jbn/591d6aa676a74f017c1beb6a4afd2494,True,23時間前,2026-06-20 01:15:30,埼玉県
「ヘアカットに特化して活躍できる美容師」／大手で叶う安定収入／昇給あり新着,QBハウス東松山ショッピングセンター,埼玉県,月給30万円～47万,正社員,美容,求人ボックス,https://xn--pckua2a7gp15o89zb.com/jbn/5c3a031e69c495efc5f444b9a87cc02d,True,22時間前,2026-06-20 01:15:30,埼玉県
「ノルマ・歩合制なし、営業トークは必要なしの美容師募集」／主婦歓迎新着,QBハウスララガーデン春日部,埼玉県,月給30万円～47万,正社員,美容,求人ボックス,https://xn--pckua2a7gp15o89zb.com/jbn/cf20fc0181327292420cc902142c70af,True,22時間前,2026-06-20 01:15:34,埼玉県
週4日休み／ハイヤードライバー／月給40万円以上／賞与年2回／VIP・モデル・タレント・芸能人新着,フォークリフト/,埼玉県,月給40万円,正社員,建設,求人ボックス,https://xn--pckua2a7gp15o89zb.com/jbn/9fea98c642a0772dacc7b2afe95e6b57,True,3時間前,2026-06-20 01:15:08,埼玉県
週3勤務／送迎ドライバー／月給40万円以上／賞与年2回／VIP・モデル・タレント・芸能人・有名人新着,フォークリフト/,埼玉県,月給40万円,正社員,建設,求人ボックス,https://xn--pckua2a7gp15o89zb.com/jbn/a65fb2a1a2e7bb0966431d1deb797e6f,True,3時間前,2026-06-20 01:15:08,埼玉県
週4日休み／送迎ドライバー／月給40万円以上／賞与年2回／VIP・モデル・タレント・芸能人・有名人新着,フォークリフト/,埼玉県,月給40万円,正社員,建設,求人ボックス,https://xn--pckua2a7gp15o89zb.com/jbn/b066a60cb819472a214bb15c0e603208,True,3時間前,2026-06-20 01:15:08,埼玉県
週4日休み／役員運転手／月給40万円以上／賞与年2回／VIP・モデル・タレント・芸能人・有名人新着,フォークリフト/,埼玉県,月給40万円,正社員,建設,求人ボックス,https://xn--pckua2a7gp15o89zb.com/jbn/d281a5cc914c08b8dad80fb91ceec401,True,3時間前,2026-06-20 01:15:08,埼玉県
週3勤務／役員運転手／月給40万円以上／賞与年2回／VIP・モデル・タレント・芸能人・有名人新着,フォークリフト/,埼玉県,月給40万円,正社員,建設,求人ボックス,https://xn--pckua2a7gp15o89zb.com/jbn/318cb6c977ece4177d29f01fe2b00097,True,3時間前,2026-06-20 01:15:08,埼玉県
週3勤務／ハイヤードライバー／月給40万円以上／賞与年2回／VIP・モデル・タレント・芸能人・有名人新着,フォークリフト/,埼玉県,月給40万円,正社員,建設,求人ボックス,https://xn--pckua2a7gp15o89zb.com/jbn/ce8d5712b12d23b8e68354625649f7c6,True,3時間前,2026-06-20 01:15:08,埼玉県
空港送迎ドライバー「週3勤務」手取り40万以上／普通免許のみOK新着,株式会社アシスト,埼玉県,月給42万円～60万,正社員,建設,求人ボックス,https://xn--pckua2a7gp15o89zb.com/jbn/8706f62a692c49f135a1d2cbe3eb0d63,True,18時間前,2026-06-20 01:15:08,埼玉県
普通免許のみOK／ハイヤードライバー／月給40万円以上／賞与年2回／VIP・モデル・タレント・芸能人新着,フォークリフト/,埼玉県,月給40万円,正社員,建設,求人ボックス,https://xn--pckua2a7gp15o89zb.com/jbn/bdb3c6357307dd4487f7ec8b9e4f193f,True,2時間前,2026-06-20 01:15:09,埼玉県
夜勤のみ／役員運転手／月給40万円以上／賞与年2回／VIP・モデル・タレント・芸能人・有名人新着,フォークリフト/,埼玉県,月給40万円,正社員,建設,求人ボックス,https://xn--pckua2a7gp15o89zb.com/jbn/af65a0e367c84eeae1f3db29b0055438,True,2時間前,2026-06-20 01:15:09,埼玉県
普通免許のみOK／送迎ドライバー／月給40万円以上／賞与年2回／VIP・モデル・タレント・芸能人新着,フォークリフト/,埼玉県,月給40万円,正社員,建設,求人ボックス,https://xn--pckua2a7gp15o89zb.com/jbn/17590babf514206a67eba3e3444f122e,True,2時間前,2026-06-20 01:15:09,埼玉県
夜勤のみ／送迎ドライバー／月給40万円以上／賞与年2回／VIP・モデル・タレント・芸能人・有名人新着,建設,埼玉県,月給40万円,正社員,建設,求人ボックス,https://xn--pckua2a7gp15o89zb.com/jbn/f6c0e386d3c96b96e873c1f1f2e7efd7,True,2時間前,2026-06-20 01:15:09,埼玉県
普通免許のみOK／役員運転手／月給40万円以上／賞与年2回／VIP・モデル・タレント・芸能人・有名人新着,フォークリフト/,埼玉県,月給40万円,正社員,建設,求人ボックス,https://xn--pckua2a7gp15o89zb.com/jbn/8c68b2f0d97d6f06fefc4b7dee39fc8c,True,2時間前,2026-06-20 01:15:09,埼玉県
「予約制の送迎ドライバー」週3日勤務で月収40万円以上／未経験OK／20代～50代が活躍中新着,建設,埼玉県,"月給47万7,000円",正社員,建設,求人ボックス,https://xn--pckua2a7gp15o89zb.com/jbn/75e61939d5970427b4adc2cf68e666d0,True,15時間前,2026-06-20 01:15:09,埼玉県
夜勤のみ／ハイヤードライバー／月給40万円以上／賞与年2回／VIP・モデル・タレント・芸能人・有名人新着,フォークリフト/,埼玉県,月給40万円,正社員,建設,求人ボックス,https://xn--pckua2a7gp15o89zb.com/jbn/465db37907d8a25bf1fc85364f0b928b,True,2時間前,2026-06-20 01:15:09,埼玉県
普免のみOK／ハイヤードライバー／月給40万円以上／賞与年2回／VIP・モデル・タレント・芸能人新着,フォークリフト/,埼玉県,月給40万円,正社員,建設,求人ボックス,https://xn--pckua2a7gp15o89zb.com/jbn/3fe3ac2b4e2dd1dc40ad31f4d1f45278,True,2時間前,2026-06-20 01:15:09,埼玉県
日勤のみ／ハイヤードライバー／月給40万円以上／賞与年2回／VIP・モデル・タレント・芸能人・有名人新着,フォークリフト/,埼玉県,月給40万円,正社員,建設,求人ボックス,https://xn--pckua2a7gp15o89zb.com/jbn/72e70392e075cc139342fdcb5a7491a0,True,3時間前,2026-06-20 01:15:12,埼玉県
日勤のみ／送迎ドライバー／月給40万円以上／賞与年2回／VIP・モデル・タレント・芸能人・有名人新着,フォークリフト/,埼玉県,月給40万円,正社員,建設,求人ボックス,https://xn--pckua2a7gp15o89zb.com/jbn/c3bd1ac5ab288d44f6be7a41c5806bc1,True,3時間前,2026-06-20 01:15:12,埼玉県
普免のみOK／役員運転手／月給40万円以上／賞与年2回／VIP・モデル・タレント・芸能人・有名人新着,フォークリフト/,埼玉県,月給40万円,正社員,建設,求人ボックス,https://xn--pckua2a7gp15o89zb.com/jbn/ed07e3f4272988cb265299a9e8e8516f,True,2時間前,2026-06-20 01:15:12,埼玉県
普免のみOK／送迎ドライバー／月給40万円以上／賞与年2回／VIP・モデル・タレント・芸能人・有名人新着,建設,埼玉県,月給40万円,正社員,建設,求人ボックス,https://xn--pckua2a7gp15o89zb.com/jbn/a8e2cd2cad5ad412ed52c326e2a4a3c3,True,2時間前,2026-06-20 01:15:12,埼玉県
日勤のみ／役員運転手／月給40万円以上／賞与年2回／VIP・モデル・タレント・芸能人・有名人新着,建設,埼玉県,月給40万円,正社員,建設,求人ボックス,https://xn--pckua2a7gp15o89zb.com/jbn/361d4df9bb1536a51a2b399e7ee6f341,True,2時間前,2026-06-20 01:15:12,埼玉県
「予約対応送迎ドライバー」月収40万以上・未経験歓迎／週3勤務・20代~50代活躍中新着,フォークリフト/,埼玉県,"月給41万7,000円",正社員,建設,求人ボックス,https://xn--pckua2a7gp15o89zb.com/jbn/2c914d11138910b578245aac7cb94a27,True,20時間前,2026-06-20 01:15:12,埼玉県
「週3日勤務」役員運転手「1年目年収600万円以上可／賞与年2回あり」二種免許不要新着,フォークリフト/,埼玉県,"月給41万9,000円",正社員,建設,求人ボックス,https://xn--pckua2a7gp15o89zb.com/jbn/bda0dcfe38b25ef66c1873792ad918b1,True,19時間前,2026-06-20 01:15:12,埼玉県
役員・VIP送迎ドライバー／普通免許OK／年収600万円以上も可／履歴書不要／退職金制度あり新着,未経験OK,埼玉県,"月給47万7,000円",正社員,建設,求人ボックス,https://xn--pckua2a7gp15o89zb.com/jbn/b08c6166e504b6f750d8228cecce1136,True,15時間前,2026-06-20 01:15:16,埼玉県
週3勤務の役員送迎ドライバー／普通免許だけで応募OK／予約中心で落ち着いて働ける／賞与年2回新着,未経験OK,埼玉県,"月給47万7,000円",正社員,建設,求人ボックス,https://xn--pckua2a7gp15o89zb.com/jbn/f19a1d79bb83ace2407923402fef3f1f,True,16時間前,2026-06-20 01:15:16,埼玉県
週3勤務の予約送迎ドライバー／普通免許OK／未経験から正社員へ／履歴書不要／賞与年2回新着,未経験OK,埼玉県,"月給47万7,000円",正社員,建設,求人ボックス,https://xn--pckua2a7gp15o89zb.com/jbn/3c0f4d9889e91953d07976181e35bbc7,True,16時間前,2026-06-20 01:15:16,埼玉県
役員・著名人の予約送迎ドライバー／普通免許OK・AT限定可／未経験から正社員へ／週3日勤務可新着,未経験OK,埼玉県,"月給47万7,000円",正社員,建設,求人ボックス,https://xn--pckua2a7gp15o89zb.com/jbn/72881d6d94d1090d0a45ed418643efdc,True,15時間前,2026-06-20 01:15:16,埼玉県
工場や商業施設メインの金物工／完全週休2日制!長期休暇もあり新着,株式会社MSK,埼玉県,月給26万円～45万円,正社員,建設,求人ボックス,https://xn--pckua2a7gp15o89zb.com/jb/5b86fea9bd826260aafe93ff807f4725,True,19時間前,2026-06-20 01:15:16,埼玉県
一般事務・営業事務／住宅手当／交通費支給／未経験歓迎／土日祝休み／完全週休2日制新着,日野屋株式会社,埼玉県,"月給20万9,000円",正社員,建設,求人ボックス,https://xn--pckua2a7gp15o89zb.com/jbn/91681d66eae3d3519cc1a9bdd1ef5c81,True,20時間前,2026-06-20 01:15:16,埼玉県
配車管理事務スタッフ／未経験歓迎／完全週休2日制新着,建設,埼玉県,"月給20万9,000円",正社員,建設,求人ボックス,https://xn--pckua2a7gp15o89zb.com/jbn/59331aa213ad2712397016151bd81faa,True,20時間前,2026-06-20 01:15:16,埼玉県
配車管理事務スタッフ／完全週休2日制／未経験歓迎新着,建設,埼玉県,"月給20万9,000円",正社員,建設,求人ボックス,https://xn--pckua2a7gp15o89zb.com/jbn/7b54508f9ac068bbd5cc5da174d62695,True,20時間前,2026-06-20 01:15:16,埼玉県
フォークリフトオペレーター新着,株式会社イーピーユー,埼玉県,"月給22万5,000円",正社員,建設,求人ボックス,https://xn--pckua2a7gp15o89zb.com/jb/d2b67174edba51d594f9d735eb1c3a54,True,2時間前,2026-06-20 01:15:19,埼玉県
フォークリフト作業新着,株式会社クリーン&クリーン,埼玉県,"月給21万1,000円",正社員,建設,求人ボックス,https://xn--pckua2a7gp15o89zb.com/jb/bbff40654215a73fb42a76eccd24f008,True,2時間前,2026-06-20 01:15:19,埼玉県
ゲームテストアナリスト・未経験歓迎「正社員／駅チカ／研修充実／賞与あり」ゲーム好き必見の職場新着,株式会社alBee,埼玉県,月給24万円～30万円,正社員,建設,求人ボックス,https://xn--pckua2a7gp15o89zb.com/jbn/77491bca6be132acfe1ad0fad3511bb7,True,2時間前,2026-06-20 01:15:19,埼玉県
ゲームQAアナリストアシスタント未経験歓迎「正社員／土日祝休み／交通費支給／昇給あり」安心の研修あり新着,株式会社GUM,埼玉県,"月給24万5,000円",正社員,建設,求人ボックス,https://xn--pckua2a7gp15o89zb.com/jbn/b48a79c46807961156c7dc311a6ed291,True,2時間前,2026-06-20 01:15:19,埼玉県
建築資材専門商社の倉庫作業員新着,ソニテック株式会社,埼玉県,"月給25万5,262円",契約社員,建設,求人ボックス,https://xn--pckua2a7gp15o89zb.com/jb/392e571371c8e0b0093143f61b80f88e,True,4時間前,2026-06-20 01:15:19,埼玉県
管理職 現場代理人 消防設備 経験者のみ 長期連休あり土日祝休み新着,株式会社サイボウ,埼玉県,年収500万円～800万円,正社員,建設,求人ボックス,https://xn--pckua2a7gp15o89zb.com/jb/45b2c7b8230b89afc64f4999a1472eb6,True,53分前,2026-06-20 01:15:19,埼玉県
「役員運転手」月内採用／夜勤／履歴書不要／月収50万円以上／正社員採用／社会保険完備新着,...以下のような経験をお持ちの方は特に歓迎します。・軽貨物ドライバー・ルート配送スタッフ・宅配ドライバー・タクシー運転手・大型トラックドライバー・フォークリフトオペレーター・,埼玉県,"月給47万6,500円",正社員,建設,求人ボックス,https://xn--pckua2a7gp15o89zb.com/jbn/2a7dc59f1be2d471858a49dd9286db78,True,18時間前,2026-06-20 01:15:23,埼玉県
役員運転手「週3勤務」資格取得支援あり／月収40万円以上／安定収入／転職回数不問新着,...以下のような経験をお持ちの方は特に歓迎します。・軽貨物ドライバー・ルート配送スタッフ・宅配ドライバー・タクシー運転手・大型トラックドライバー・フォークリフトオペレーター・,埼玉県,"月給47万6,000円",正社員,建設,求人ボックス,https://xn--pckua2a7gp15o89zb.com/jbn/393f91fa53ee92a559e731b3308dc038,True,18時間前,2026-06-20 01:15:23,埼玉県
「高収入」夜勤／役員運転手／定期送迎「月収50万円以上可能／安定収入／賞与年2回」新着,建設・,埼玉県,"月給47万7,000円",正社員,建設,求人ボックス,https://xn--pckua2a7gp15o89zb.com/jbn/ae7aa110d28e1a145ff4ca81bdce6589,True,18時間前,2026-06-20 01:15:23,埼玉県
送迎ドライバー／週3勤務／異業種からの転職歓迎新着,建設・,埼玉県,"月給47万8,000円",正社員,建設,求人ボックス,https://xn--pckua2a7gp15o89zb.com/jbn/b7bfd670f342874397a540c65d9c87f2,True,18時間前,2026-06-20 01:15:23,埼玉県
「週3日勤務で高収入」役員送迎ドライバー／家族手当あり／賞与年2回新着,...以下のような経験をお持ちの方は特に歓迎します。・軽貨物ドライバー・ルート配送スタッフ・宅配ドライバー・タクシー運転手・大型トラックドライバー・フォークリフトオペレーター・,埼玉県,"月給47万7,000円",正社員,建設,求人ボックス,https://xn--pckua2a7gp15o89zb.com/jbn/e7b62239d4aab04b3f47ac05ec9f27f3,True,18時間前,2026-06-20 01:15:23,埼玉県
「月内採用」役員運転手・夜勤／職歴不問／未経験OK／1年目年収600万円以上可／賞与年2回新着,作業,埼玉県,"月給47万6,500円",正社員,建設,求人ボックス,https://xn--pckua2a7gp15o89zb.com/jbn/51c2970e6ea7430546fd80f54574c172,True,18時間前,2026-06-20 01:15:23,埼玉県
夜勤タクシードライバー／未経験スタートOK／年2回のボーナス支給あり／資格取得支援制度あり新着,作業,埼玉県,"月給47万8,500円",正社員,建設,求人ボックス,https://xn--pckua2a7gp15o89zb.com/jbn/1425ac4bb0e7fdbaef382697bf8e8f70,True,18時間前,2026-06-20 01:15:23,埼玉県
VIP専属送迎スタッフ／普通免許のみで応募OK／週3日勤務／賞与あり／高収入実現可能新着,作業,埼玉県,"月給47万8,000円",正社員,建設,求人ボックス,https://xn--pckua2a7gp15o89zb.com/jbn/83190fb3c558b7d625c523866dc32f53,True,18時間前,2026-06-20 01:15:23,埼玉県
「タレント／芸能」送迎ドライバー／週3勤務／学歴不問／1年目月収50万以上／賞与年2回新着,建設・,埼玉県,"月給47万6,000円",正社員,建設,求人ボックス,https://xn--pckua2a7gp15o89zb.com/jbn/df0ad3fc06595251b3823f92122dfbe5,True,18時間前,2026-06-20 01:15:26,埼玉県
「夜勤でしっかり稼ぐ」VIP送迎ドライバー／残業少なめ／正社員採用／賞与あり新着,...以下のような経験をお持ちの方は特に歓迎します。・軽貨物ドライバー・ルート配送スタッフ・宅配ドライバー・タクシー運転手・大型トラックドライバー・フォークリフトオペレーター・,埼玉県,"月給47万7,000円",正社員,建設,求人ボックス,https://xn--pckua2a7gp15o89zb.com/jbn/c8bba1328168a4ea3830b425147a7254,True,18時間前,2026-06-20 01:15:26,埼玉県
「即入社相談可」夜間送迎スタッフ／履歴書不要／安定の正社員雇用新着,作業,埼玉県,"月給47万7,000円",正社員,建設,求人ボックス,https://xn--pckua2a7gp15o89zb.com/jbn/71886066fdf3e15bb9e1104fbc3ef717,True,19時間前,2026-06-20 01:15:26,埼玉県
「普通免許のみOK」役員ドライバー／資格不問・月収50万以上可・賞与年2回新着,...以下のような経験をお持ちの方は特に歓迎します。・軽貨物ドライバー・ルート配送スタッフ・宅配ドライバー・タクシー運転手・大型トラックドライバー・フォークリフトオペレーター・,埼玉県,"月給47万6,500円",正社員,建設,求人ボックス,https://xn--pckua2a7gp15o89zb.com/jbn/beefac2488ee80ab6618ac954ff2bf20,True,19時間前,2026-06-20 01:15:26,埼玉県
「正社員」週3勤務の送迎ドライバー／未経験者活躍中／年収500万円以上可能／土日祝休み取得可新着,建設・,埼玉県,"月給47万8,500円",正社員,建設,求人ボックス,https://xn--pckua2a7gp15o89zb.com/jbn/307595caf10d962deb31edf9cd078337,True,19時間前,2026-06-20 01:15:26,埼玉県
役員送迎ドライバー／未経験歓迎／会食・空港送迎中心／年収600万円以上可新着,建設・,埼玉県,"月給47万7,000円",正社員,建設,求人ボックス,https://xn--pckua2a7gp15o89zb.com/jbn/60c6cd6e4ae2a4cf88a9acd8b75a095f,True,19時間前,2026-06-20 01:15:26,埼玉県
「予約中心だから未経験でも安心」ハイヤードライバー／週3勤務／月収50万円以上可新着,建設・,埼玉県,"月給47万8,000円",正社員,建設,求人ボックス,https://xn--pckua2a7gp15o89zb.com/jbn/5599a3b1fd7747c93af8ec142ddc0e77,True,19時間前,2026-06-20 01:15:28,埼玉県
「内定までスピーディー」夜勤送迎ドライバー／履歴書不要／未経験OK／月収50万円以上新着,作業,埼玉県,"月給47万7,000円",正社員,建設,求人ボックス,https://xn--pckua2a7gp15o89zb.com/jbn/34d4ec32cc266a31c48de54bac87714a,True,19時間前,2026-06-20 01:15:28,埼玉県
「1年目から高収入可能」役員運転手／週3勤務／福利厚生充実新着,作業,埼玉県,"月給47万6,500円",正社員,建設,求人ボックス,https://xn--pckua2a7gp15o89zb.com/jbn/ba0f2e16e6389a25aa80d2222aa74e84,True,19時間前,2026-06-20 01:15:28,埼玉県
「二種免許不要・週3勤務・役員運転手」研修あり／賞与あり／アルファード送迎新着,作業,埼玉県,"月給47万8,500円",正社員,建設,求人ボックス,https://xn--pckua2a7gp15o89zb.com/jbn/ec411d262d2326d0d973126f91a8ce37,True,19時間前,2026-06-20 01:15:28,埼玉県
「夜勤で稼げる」役員送迎ドライバー／普通免許のみOK／年収600万円以上可／賞与年2回新着,...以下のような経験をお持ちの方は特に歓迎します。・軽貨物ドライバー・ルート配送スタッフ・宅配ドライバー・タクシー運転手・大型トラックドライバー・フォークリフトオペレーター・,埼玉県,"月給47万6,000円",正社員,建設,求人ボックス,https://xn--pckua2a7gp15o89zb.com/jbn/acdf3edb0c62fb6af76e8950278f4362,True,19時間前,2026-06-20 01:15:28,埼玉県
夜間専属ハイヤードライバー／月収50万円以上可能／賞与年2回／普通免許のみで応募可新着,...以下のような経験をお持ちの方は特に歓迎します。・軽貨物ドライバー・ルート配送スタッフ・宅配ドライバー・タクシー運転手・大型トラックドライバー・フォークリフトオペレーター・,埼玉県,"月給47万7,000円",正社員,建設,求人ボックス,https://xn--pckua2a7gp15o89zb.com/jbn/96e9b752d18cd3b662abcba123cbeaf0,True,19時間前,2026-06-20 01:15:28,埼玉県
「週3日勤務で年収600万円も可能」役員送迎ドライバー／普通免許のみOK／未経験歓迎／賞与年2回新着,建設・,埼玉県,"月給47万8,000円",正社員,建設,求人ボックス,https://xn--pckua2a7gp15o89zb.com/jbn/313cfc36d6a386e40d8fa8d6588e4cc1,True,19時間前,2026-06-20 01:15:28,埼玉県
第二新卒・20代活躍中!一生モノのスキルが身につく・建設サポート事務／土日祝休み・年休120日以上新着,未経験OK,埼玉県,月給29万円～46万円,正社員,建設,求人ボックス,https://xn--pckua2a7gp15o89zb.com/jbn/7da9f70eab9a28b401be22b02063d5c1,True,22時間前,2026-06-20 01:15:28,埼玉県
稼ぎたい未経験者集まれ!頑張るほど給料が上がる評価制度!完全週休2日×昇給・賞与あり新着,星和産業株式会社,埼玉県,月給37万円～,正社員,建設,求人ボックス,https://xn--pckua2a7gp15o89zb.com/jb/bf11f2ae2124772405851983132e1166,True,7時間前,2026-06-20 01:15:30,埼玉県
「予約中心で安心」役員送迎ドライバー／年収600万円以上／未経験歓迎新着,...以下のような経験をお持ちの方は特に歓迎します。・軽貨物ドライバー・ルート配送スタッフ・宅配ドライバー・タクシー運転手・大型トラックドライバー・フォークリフトオペレーター・,埼玉県,"月給47万7,000円",正社員,建設,求人ボックス,https://xn--pckua2a7gp15o89zb.com/jbn/3de8d1d1b980bc7fc41c4bed5f2e42b4,True,18時間前,2026-06-20 01:15:30,埼玉県
「VIP送迎中心」夜勤ハイヤードライバー／年収600万円以上／賞与年2回新着,建設・,埼玉県,"月給47万8,500円",正社員,建設,求人ボックス,https://xn--pckua2a7gp15o89zb.com/jbn/683a22456899488873deb23417d289ee,True,18時間前,2026-06-20 01:15:30,埼玉県
「未経験歓迎」役員専属ドライバー／月収50万円以上可／退職金制度あり新着,...以下のような経験をお持ちの方は特に歓迎します。・軽貨物ドライバー・ルート配送スタッフ・宅配ドライバー・タクシー運転手・大型トラックドライバー・フォークリフトオペレーター・,埼玉県,"月給47万6,000円",正社員,建設,求人ボックス,https://xn--pckua2a7gp15o89zb.com/jbn/d7104d8dd9859dd97a7c358f36006b52,True,19時間前,2026-06-20 01:15:30,埼玉県
若手が多数活躍中・安定基盤で安心して働ける・安全管理アシスタント／残業少なめ新着,未経験OK,埼玉県,月給27万円～56万円,正社員,建設,求人ボックス,https://xn--pckua2a7gp15o89zb.com/jbn/6133b12545ddaf6b9fa6ab4f0a465a39,True,22時間前,2026-06-20 01:15:30,埼玉県
現場作業員新着,株式会社ダイサン,埼玉県,月給27万円～50万円,正社員,建設,求人ボックス,https://xn--pckua2a7gp15o89zb.com/jb/2c94c6f844d45e5a4c9b098259beccf1,True,15時間前,2026-06-20 01:15:30,埼玉県
頑張っている・やる気がある人をしっかり評価 プライベートも充実!賞与年2回 土木作業員新着,長島興業株式会社,埼玉県,月給30万円～50万円,正社員,建設,求人ボックス,https://xn--pckua2a7gp15o89zb.com/jb/b327b364face746fa268cf03540864bd,True,7時間前,2026-06-20 01:15:30,埼玉県
フレッシュな20代活躍中／研修充実で知識不問の・街づくりサポートスタッフ／手厚い研修あり新着,未経験OK,埼玉県,月給25万円～45万円,正社員,建設,求人ボックス,https://xn--pckua2a7gp15o89zb.com/jbn/53d27675344f60273b2c8565b6e25c88,True,22時間前,2026-06-20 01:15:34,埼玉県
若手が主役!カンタンな写真撮影や記録メインの現場監督アシスタント／新生活応援新着,未経験OK,埼玉県,月給26万円～42万円,正社員,建設,求人ボックス,https://xn--pckua2a7gp15o89zb.com/jbn/f3f8bfd4f05a40d0701367147f9d115a,True,22時間前,2026-06-20 01:15:34,埼玉県
第二新卒・既卒大歓迎・充実のサポート体制の・建築現場のアシスタント新着,未経験OK,埼玉県,月給25万円～46万円,正社員,建設,求人ボックス,https://xn--pckua2a7gp15o89zb.com/jbn/946afb532256c5c2b9cdccde848e7ce6,True,22時間前,2026-06-20 01:15:34,埼玉県
若手メインの環境!ビッグプロジェクトに関わる／建設サポート事務／新生活応援新着,未経験OK,埼玉県,月給29万円～43万円,正社員,建設,求人ボックス,https://xn--pckua2a7gp15o89zb.com/jbn/71cd0b76329ab36b726d1a299c90d087,True,22時間前,2026-06-20 01:15:34,埼玉県
営業事務新着,油機エンジニアリング株式会社,埼玉県,"月給22万5,000円",正社員,建設,求人ボックス,https://xn--pckua2a7gp15o89zb.com/jb/81c8e5af7b178f0143422ef4181e5def,True,15時間前,2026-06-20 01:15:34,埼玉県
プラスチック製造作業員新着,株式会社リコー化成,埼玉県,"時給1,180円",アルバイト・パート,建設,求人ボックス,https://xn--pckua2a7gp15o89zb.com/jb/4a071aee8a58ddbe564df4ee67202d19,True,19時間前,2026-06-20 01:15:34,埼玉県
第二新卒・20代活躍中!充実のサポート体制の・安全管理アシスタント新着,未経験OK,埼玉県,月給26万円～54万円,正社員,建設,求人ボックス,https://xn--pckua2a7gp15o89zb.com/jbn/d2dde2321ff446d6717c46f3212e5fd7,True,22時間前,2026-06-20 01:15:34,埼玉県
一般事務／未経験OK／役立つスキルが身に付く／スピード選考新着,株式会社スキルアップラボ,埼玉県,月給21万円～37万,正社員,事務,求人ボックス,https://xn--pckua2a7gp15o89zb.com/jbn/43446a925b5ca1711162aeeeae40bdb7,True,7時間前,2026-06-20 01:15:27,埼玉県
一般事務「正社員で長期安定」産育休の復帰実績あり・土日祝休み新着,株式会社トラスト,埼玉県,月給21万円～26万円,正社員,事務,求人ボックス,https://xn--pckua2a7gp15o89zb.com/jbn/c0fa21629e5a46a9633134b8c0ee8a67,True,20時間前,2026-06-20 01:15:27,埼玉県
一般事務「残業なし・土日祝休み・年休125日」18時退社・ネイルOK新着,株式会社ネクスト,埼玉県,"月給21万3,000円",正社員,事務,求人ボックス,https://xn--pckua2a7gp15o89zb.com/jbn/63d4090d5335e3a85c7c387a41ae5d37,True,17時間前,2026-06-20 01:15:27,埼玉県
一般事務・メール業務「土日祝休み／安心の正社員雇用／未経験者歓迎新着,一般事務,埼玉県,月給26万円～30万円,正社員,事務,求人ボックス,https://xn--pckua2a7gp15o89zb.com/jbn/35f5f8403bc0724a2d23fd67ca8c5283,True,15時間前,2026-06-20 01:15:27,埼玉県
コツコツ働ける一般事務／月給26.6万〜・賞与年2回・未経験歓迎新着,一般事務,埼玉県,月給26,正社員,事務,求人ボックス,https://xn--pckua2a7gp15o89zb.com/jbn/902d04f90edeb98c24e653ab29c17aed,True,21時間前,2026-06-20 01:15:27,埼玉県
一般事務・書類作成「正社員・土日祝休み・残業なし・充実研修で安心スター...新着,一般事務,埼玉県,"月給27万5,000円",正社員,事務,求人ボックス,https://xn--pckua2a7gp15o89zb.com/jbn/118c7661a63d5a2b78a8bc22014b188b,True,15時間前,2026-06-20 01:15:30,埼玉県
事務未経験OK／一般事務／月給26.7万〜・学歴不問・残業少なめ新着,一般事務,埼玉県,月給26,正社員,事務,求人ボックス,https://xn--pckua2a7gp15o89zb.com/jbn/c92f9276653e5d797d401911ea3c06c2,True,21時間前,2026-06-20 01:15:30,埼玉県
コツコツ働ける一般事務／月給26.3万〜・服装・髪型自由・賞与年2回新着,一般事務,埼玉県,月給26,正社員,事務,求人ボックス,https://xn--pckua2a7gp15o89zb.com/jbn/cf8b173ad555b373b95f86be37c72060,True,21時間前,2026-06-20 01:15:30,埼玉県
一般事務スタッフ／未経験OK／長期キャリア形成／年間休日125日以上新着,JHRconsulting株式会社,埼玉県,"月給29万4,600円",正社員,事務,求人ボックス,https://xn--pckua2a7gp15o89zb.com/jbn/269db9bd6e8282d3f635413ee24c9025,True,8時間前,2026-06-20 01:15:30,埼玉県
オフィスワークデビュー応援／一般事務／月給26.8万〜・年間休日125...新着,一般事務,埼玉県,月給26,正社員,事務,求人ボックス,https://xn--pckua2a7gp15o89zb.com/jbn/e6bafe6f4d83ac650a19746b3fc77660,True,21時間前,2026-06-20 01:15:32,埼玉県
未経験から始める一般事務／月給26.4万〜・転勤なし・完全週休2日制新着,一般事務,埼玉県,月給26,正社員,事務,求人ボックス,https://xn--pckua2a7gp15o89zb.com/jbn/b8fac23d6be6771f980a317ed6c33066,True,20時間前,2026-06-20 01:15:35,埼玉県
一般事務・サポート業務「未経験歓迎&年間休日125日以上／正社員雇用新着,一般事務,埼玉県,"月給26万5,000円",正社員,事務,求人ボックス,https://xn--pckua2a7gp15o89zb.com/jbn/6ac2c3482ff6431f8e9884e2a70acb75,True,15時間前,2026-06-20 01:15:35,埼玉県
コツコツ働ける一般事務／月給26.7万〜・服装・髪型自由・土日祝休み新着,一般事務,埼玉県,月給26,正社員,事務,求人ボックス,https://xn--pckua2a7gp15o89zb.com/jbn/ce2e79c0e7c0143fe4e1f9ab9885d384,True,20時間前,2026-06-20 01:15:39,埼玉県
事務未経験OK／一般事務／月給26.3万〜・未経験歓迎・年間休日125...新着,一般事務,埼玉県,月給26,正社員,事務,求人ボックス,https://xn--pckua2a7gp15o89zb.com/jbn/1d65301d63325c508528d1ca1addc451,True,20時間前,2026-06-20 01:15:39,埼玉県
一般事務・書類作成「未経験歓迎／充実の研修／年間休日125日以上新着,一般事務,埼玉県,月給28万円～30万円,正社員,事務,求人ボックス,https://xn--pckua2a7gp15o89zb.com/jbn/c6767e4239475232e8f83a23983dd8d3,True,16時間前,2026-06-20 01:15:43,埼玉県
一般事務・資料作成「未経験歓迎・土日祝休み・充実の研修で安心スタート」新着,一般事務,埼玉県,月給28万円～30万円,正社員,事務,求人ボックス,https://xn--pckua2a7gp15o89zb.com/jbn/dd4f5d2107c1ed33155d54a681ae96f2,True,15時間前,2026-06-20 01:15:43,埼玉県
一般事務スタッフ／未経験OK／長期キャリア形成／研修制度充実新着,株式会社ELシステム,埼玉県,"月給30万1,000円",正社員,事務,求人ボックス,https://xn--pckua2a7gp15o89zb.com/jbn/9ccfbe6362b2f90d99e2467644aa03cd,True,8時間前,2026-06-20 01:15:43,埼玉県
一般事務スタッフ／未経験OK／長期キャリア形成／年間休日125日以上新着,株式会社LOP,埼玉県,月給29万900円,正社員,事務,求人ボックス,https://xn--pckua2a7gp15o89zb.com/jbn/1a06b3d4424ba0971282de2baf2f08d5,True,8時間前,2026-06-20 01:15:47,埼玉県
一般事務職／20代・30代活躍中／土日祝休み／未経験歓迎／ネイル新着,株式会社リーパス・バディ,埼玉県,月給25万円～40万円,正社員,事務,求人ボックス,https://xn--pckua2a7gp15o89zb.com/jbn/303bcd1396d6476d5557f2b5204dfb4c,True,23時間前,2026-06-20 01:15:47,埼玉県
難しいスキルは不要／未経験から始められる簡単な一般事務／寮あり新着,一般事務,埼玉県,"月給25万5,000円",正社員,事務,求人ボックス,https://xn--pckua2a7gp15o89zb.com/jbn/1b910b91a35e76fe7f9b00920e99c5c4,True,16時間前,2026-06-20 01:15:47,埼玉県
あくせくしないゆったり毎日／一般事務／ネイル自由／未経験スタートOK新着,一般事務,埼玉県,"月給25万9,000円",正社員,事務,求人ボックス,https://xn--pckua2a7gp15o89zb.com/jbn/5ceafbcbccedcb95ac0d124f0425b34b,True,13時間前,2026-06-20 01:15:47,埼玉県
未経験から始める一般事務／月給26.1万〜・残業少なめ・服装・髪型自由新着,一般事務,埼玉県,月給26,正社員,事務,求人ボックス,https://xn--pckua2a7gp15o89zb.com/jbn/81f6eb3e65c040d5430e8c54d688d6fb,True,21時間前,2026-06-20 01:15:51,埼玉県
一般事務「正社員」ネイル自由・未経験スタートOK・20〜35歳活躍中新着,一般事務,埼玉県,"月給26万2,000円",正社員,事務,求人ボックス,https://xn--pckua2a7gp15o89zb.com/jbn/6aea088fd1d95a8d8db26f7288c7f128,True,13時間前,2026-06-20 01:15:51,埼玉県
オフィスワークデビュー応援／一般事務／月給26万〜・服装・髪型自由新着,一般事務,埼玉県,月給26万,正社員,事務,求人ボックス,https://xn--pckua2a7gp15o89zb.com/jbn/d62e05a4909ead7bbe4b22417eae7e5a,True,20時間前,2026-06-20 01:15:51,埼玉県
「未経験OK」／一般事務／研修充実／高収入新着,事務,埼玉県,月給23万円～50万円,正社員,事務,求人ボックス,https://xn--pckua2a7gp15o89zb.com/jbn/7df24dc84fcc5625d450ceb0d76f836e,True,22時間前,2026-06-20 01:15:54,埼玉県
一般事務／PC入力できればOK／ネイル自由新着,一般事務,埼玉県,"月給26万2,000円",正社員,事務,求人ボックス,https://xn--pckua2a7gp15o89zb.com/jbn/2959b0beca46a1d6025465d1d4ed53a9,True,13時間前,2026-06-20 01:15:54,埼玉県
経理事務「未経験入社率80%以上」土日祝休み・残業なし・ネイルOK新着,経理,埼玉県,"月給20万9,000円",正社員,経理,求人ボックス,https://xn--pckua2a7gp15o89zb.com/jbn/f0c64f124c8819e0a6a0a8953260bcdf,True,20時間前,2026-06-20 01:15:38,埼玉県
数字に強くなる経理事務／月給26.8万〜・服装・髪型自由・残業少なめ新着,経理,埼玉県,月給26,正社員,経理,求人ボックス,https://xn--pckua2a7gp15o89zb.com/jbn/db2f11f40a17a855a79ec77043b8da28,True,21時間前,2026-06-20 01:15:38,埼玉県
簿記が活かせる経理事務／月給26万〜・未経験歓迎・完全週休2日制新着,経理,埼玉県,月給26万,正社員,経理,求人ボックス,https://xn--pckua2a7gp15o89zb.com/jbn/5ad6fc1def0e8264e9bfc41ce8005cec,True,21時間前,2026-06-20 01:15:38,埼玉県
数字に強くなる経理事務／月給26.9万〜・賞与年2回・服装・髪型自由新着,経理,埼玉県,月給26,正社員,経理,求人ボックス,https://xn--pckua2a7gp15o89zb.com/jbn/293337bca59c11243859ab48ff1b5383,True,21時間前,2026-06-20 01:15:38,埼玉県
未経験から経理事務／月給26万〜・学歴不問・転勤なし新着,経理,埼玉県,月給26万,正社員,経理,求人ボックス,https://xn--pckua2a7gp15o89zb.com/jbn/412d180912e63f430824c2d347f0db0d,True,21時間前,2026-06-20 01:15:38,埼玉県
未経験から経理事務／月給26.7万〜・未経験歓迎・年間休日125日新着,経理,埼玉県,月給26,正社員,経理,求人ボックス,https://xn--pckua2a7gp15o89zb.com/jbn/bd7fa8a2c353bd3d030b9fbf468a5db6,True,21時間前,2026-06-20 01:15:38,埼玉県
経理事務新着,ニッコン株式会社 経理部,埼玉県,"月給19万1,000円",正社員,経理,求人ボックス,https://xn--pckua2a7gp15o89zb.com/jb/f27a13cdcc4dca2784450e7d901481c2,True,6時間前,2026-06-20 01:15:43,埼玉県
簿記が活かせる経理事務／月給26.9万〜・転勤なし・未経験歓迎新着,経理,埼玉県,月給26,正社員,経理,求人ボックス,https://xn--pckua2a7gp15o89zb.com/jbn/0a4b918a726c4df7dbf803ed7ddc8679,True,21時間前,2026-06-20 01:15:43,埼玉県
住宅副資材専門商社で経理事務新着,ソニテック株式会社,埼玉県,"月給21万4,000円",正社員,経理,求人ボックス,https://xn--pckua2a7gp15o89zb.com/jb/bb9d67540a3a359e977c9ed6002f36ff,True,4時間前,2026-06-20 01:15:43,埼玉県
未経験から経理事務／月給26.2万〜・賞与年2回・学歴不問新着,経理,埼玉県,月給26,正社員,経理,求人ボックス,https://xn--pckua2a7gp15o89zb.com/jbn/86b43e02bc36007d366131567c6245f5,True,21時間前,2026-06-20 01:15:43,埼玉県
簿記が活かせる経理事務／月給26.7万〜・年間休日125日・残業少なめ新着,経理,埼玉県,月給26,正社員,経理,求人ボックス,https://xn--pckua2a7gp15o89zb.com/jbn/d667db4a4da53a536e0d1a24d68c49f1,True,20時間前,2026-06-20 01:15:46,埼玉県
数字に強くなる経理事務／月給26.9万〜・年間休日125日・土日祝休み新着,経理,埼玉県,月給26,正社員,経理,求人ボックス,https://xn--pckua2a7gp15o89zb.com/jbn/35186b192f5bf2087b3f752f9dc5ea66,True,21時間前,2026-06-20 01:15:46,埼玉県
スキルが身につく経理事務／月給26.4万〜・転勤なし・年間休日125日新着,経理,埼玉県,月給26,正社員,経理,求人ボックス,https://xn--pckua2a7gp15o89zb.com/jbn/cd27db34f3a19c7700b47b976939e8f3,True,21時間前,2026-06-20 01:15:49,埼玉県
未経験から経理事務／月給26.5万〜・服装・髪型自由・転勤なし新着,経理,埼玉県,月給26,正社員,経理,求人ボックス,https://xn--pckua2a7gp15o89zb.com/jbn/529f98309810b09e01eb72acf9585aa0,True,21時間前,2026-06-20 01:15:49,埼玉県
スキルが身につく経理事務／月給26.3万〜・服装・髪型自由新着,経理,埼玉県,月給26,正社員,経理,求人ボックス,https://xn--pckua2a7gp15o89zb.com/jbn/9ac73cc0df4aab3fed659c3e086091e5,True,21時間前,2026-06-20 01:15:49,埼玉県
経理事務「未経験から専門スキル」研修充実・土日祝休み・ネイルOK新着,株式会社ネクスト,埼玉県,"月給21万4,000円",正社員,経理,求人ボックス,https://xn--pckua2a7gp15o89zb.com/jbn/4dda0c4f316847a25ce98444b65c9fa3,True,16時間前,2026-06-20 01:15:51,埼玉県
「経費精算・勤怠データ入力!」／経理事務／月収27万～35万新着,Courage Path株式会社,埼玉県,月給27万円～35万円,正社員,経理,求人ボックス,https://xn--pckua2a7gp15o89zb.com/jbn/de43a1116790e31acf762682897763b7,True,6時間前,2026-06-20 01:15:51,埼玉県
スキルが身につく経理事務／月給26.5万〜・土日祝休み・服装・髪型自由新着,経理,埼玉県,月給26,正社員,経理,求人ボックス,https://xn--pckua2a7gp15o89zb.com/jbn/1df04a8f11689e023c8a87c4ebe22233,True,20時間前,2026-06-20 01:15:51,埼玉県
スキルが身につく経理事務／月給26.2万〜・賞与年2回・研修あり新着,経理,埼玉県,月給26,正社員,経理,求人ボックス,https://xn--pckua2a7gp15o89zb.com/jbn/121a44d72552560b3fd23fce96c9bf5d,True,20時間前,2026-06-20 01:15:53,埼玉県
簿記が活かせる経理事務／月給26.9万〜・未経験歓迎・年間休日125日新着,経理,埼玉県,月給26,正社員,経理,求人ボックス,https://xn--pckua2a7gp15o89zb.com/jbn/aab9c470cc56bd10616e10fdfcca3322,True,21時間前,2026-06-20 01:15:53,埼玉県
総務・経理事務新着,株式会社ユニシス 埼玉工場,埼玉県,"時給1,400円",アルバイト・パート,経理,求人ボックス,https://xn--pckua2a7gp15o89zb.com/jb/7f92ae526672580887d9b2093b6273fc,True,4時間前,2026-06-20 01:15:53,埼玉県
スキルが身につく経理事務／月給26.9万〜・転勤なし・服装・髪型自由新着,経理,埼玉県,月給26,正社員,経理,求人ボックス,https://xn--pckua2a7gp15o89zb.com/jbn/b9b326fb3f7e73dd119d7ad43e7e45b4,True,20時間前,2026-06-20 01:15:53,埼玉県
「一般事務・経理サポートスタッフ」助かる日払いでお給料スグにもらえる!新着,株式会社デルタソリューションズ「MYTMW-02...,埼玉県,"時給1,280円",派遣社員,経理,求人ボックス,https://xn--pckua2a7gp15o89zb.com/jb/402cec9e06b04aeba2170bdda0661af3,True,20時間前,2026-06-20 01:15:53,埼玉県
「大手企業の数字まわりを支える!」／経理事務／未経験95%／未経験歓迎新着,経理,埼玉県,"月給26万2,900円",正社員,経理,求人ボックス,https://xn--pckua2a7gp15o89zb.com/jbn/9a3ca98ef030ed4ed82f2f549371d7d0,True,5時間前,2026-06-20 01:15:55,埼玉県
経理事務／未経験歓迎「土日祝休み・電話対応少なめ・ネイルOK」新着,こんな経験をお持ちの方も歓迎,埼玉県,"月給21万2,500円",正社員,経理,求人ボックス,https://xn--pckua2a7gp15o89zb.com/jbn/09cf867c48e302ded9f04a2d6972877d,True,21時間前,2026-06-20 01:15:55,埼玉県
経理事務新着,インペックス株式会社,埼玉県,月給18万円～21万円,正社員,経理,求人ボックス,https://xn--pckua2a7gp15o89zb.com/jb/6b17cdf8387d9d605106a9ac02705930,True,2時間前,2026-06-20 01:15:55,埼玉県
コツコツ派に人気の仕事／経理サポート事務／オフィスワーク／研修充実新着,経理,埼玉県,"月給26万8,000円",正社員,経理,求人ボックス,https://xn--pckua2a7gp15o89zb.com/jbn/dfcff3d03d9364d179c3d443fc8ffd74,True,5時間前,2026-06-20 01:15:58,埼玉県
「20代から始めるオフィスワーク」／経理サポート事務／服装自由新着,経理,埼玉県,"月給26万1,000円",正社員,経理,求人ボックス,https://xn--pckua2a7gp15o89zb.com/jbn/642ee5bd8d1dd0671f6e494252af698c,True,8時間前,2026-06-20 01:15:58,埼玉県
「土日祝休みで働ける事務職」／経理サポート事務／ブランクOK新着,経理,埼玉県,"月給27万2,000円",正社員,経理,求人ボックス,https://xn--pckua2a7gp15o89zb.com/jbn/6b74a7604261d8b387edc52ab0aba2e3,True,8時間前,2026-06-20 01:15:58,埼玉県
経理事務新着,株式会社リクルートスタッフィング,埼玉県,"時給1,700円～",正社員,経理,求人ボックス,https://xn--pckua2a7gp15o89zb.com/jb/2823d0cdd4b9a61cd87e864030bcb28d,True,17時間前,2026-06-20 01:15:58,埼玉県
一般事務・OA事務 ／ 経理・財務 ／車通勤もOK あんしん長期新着,パーソルテンプスタッフ株式会社,埼玉県,"時給1,500円",派遣社員,経理,求人ボックス,https://xn--pckua2a7gp15o89zb.com/jb/3e1162f54c0bdd133a499830598e797d,True,19時間前,2026-06-20 01:16:01,埼玉県
「数字チェックから始める事務」／経理事務／土日祝休み／残業ほぼなし新着,事務,埼玉県,"月給25万2,200円",正社員,経理,求人ボックス,https://xn--pckua2a7gp15o89zb.com/jbn/8ad5de08db8fc9b1b92b27c2e88e2d87,True,5時間前,2026-06-20 01:16:01,埼玉県
「数字チェックから始める事務」／経理事務／服装自由／ネイルOK新着,事務,埼玉県,"月給25万6,400円",正社員,経理,求人ボックス,https://xn--pckua2a7gp15o89zb.com/jbn/ca2c147e3203ff0634181959ddda50f4,True,5時間前,2026-06-20 01:16:01,埼玉県
「数字チェックから始める事務」／経理事務／定時退社多め／オフィスワーク新着,事務,埼玉県,月給27万円～32万円,正社員,経理,求人ボックス,https://xn--pckua2a7gp15o89zb.com/jbn/0d90ddc5d19615c8bf435e230d4dee1c,True,5時間前,2026-06-20 01:16:01,埼玉県
一般事務・営業事務／工場経理と庶務新着,転職サービス Jobuddy,埼玉県,"時給1,800円",,経理,求人ボックス,https://xn--pckua2a7gp15o89zb.com/jb/219bdef7b2d972ea50108129cd499852,True,12時間前,2026-06-20 01:16:01,埼玉県
有料老人ホームの看護師／月給334000円~／日勤のみ／駅チカ新着,<担当業務>・バイタルチェック・健康観察・服薬管理など、,埼玉県,月給334000円,正社員,看護,求人ボックス,https://xn--pckua2a7gp15o89zb.com/jb/54cb2fb8a0268a3f2c996d90df15e966,True,19時間前,2026-06-20 01:15:38,埼玉県
病院の看護師／月給385000円~／駅チカ新着,看護師,埼玉県,月給385000円,正社員,看護,求人ボックス,https://xn--pckua2a7gp15o89zb.com/jb/6d94e83fcdb1d06498d4d24c5b716414,True,19時間前,2026-06-20 01:15:38,埼玉県
病院の看護師／月給340000円~／年休120日新着,職種病院の,埼玉県,月給340000円,正社員,看護,求人ボックス,https://xn--pckua2a7gp15o89zb.com/jb/4d2afbbd1554741dd5b321c6f6e626ba,True,19時間前,2026-06-20 01:15:39,埼玉県
訪問看護の看護師／月給425000円新着,看護,埼玉県,月給425000円,正社員,看護,求人ボックス,https://xn--pckua2a7gp15o89zb.com/jb/604f16101f193dff56a3648564c710ae,True,19時間前,2026-06-20 01:15:39,埼玉県
介護老人保健施設の看護師／年収3500000円~／日勤のみ新着,看護師,埼玉県,年収3500000円,正社員,看護,求人ボックス,https://xn--pckua2a7gp15o89zb.com/jb/27899f4ad2b89af23ea6a7e09dea4b34,True,19時間前,2026-06-20 01:15:39,埼玉県
病院の看護師／年収4000000円新着,看護師,埼玉県,年収4000000円,正社員,看護,求人ボックス,https://xn--pckua2a7gp15o89zb.com/jb/1070263cd0a8ef4a5919fba0bf96270c,True,19時間前,2026-06-20 01:15:43,埼玉県
ホスピスの看護師／月給370200円新着,看護師,埼玉県,月給370200円,正社員,看護,求人ボックス,https://xn--pckua2a7gp15o89zb.com/jb/a07079a14a664e83b292dd75d488a1f9,True,19時間前,2026-06-20 01:15:43,埼玉県
病院の看護師／月給313300円新着,看護師,埼玉県,月給313300円,正社員,看護,求人ボックス,https://xn--pckua2a7gp15o89zb.com/jb/376e1fc8118398d848a8e831676ab972,True,19時間前,2026-06-20 01:15:46,埼玉県
病院の看護師／月給365000円~／駅チカ／年休120日新着,職種病院の,埼玉県,月給365000円,正社員,看護,求人ボックス,https://xn--pckua2a7gp15o89zb.com/jb/5b1ff196ae33dbf40cc93757baae2def,True,19時間前,2026-06-20 01:15:46,埼玉県
介護施設の看護師／月給302000円~／残業少なめ新着,看護師,埼玉県,月給302000円,正社員,看護,求人ボックス,https://xn--pckua2a7gp15o89zb.com/jb/9a4ef3ea8ca879733260d077b07c3734,True,19時間前,2026-06-20 01:15:50,埼玉県
訪問看護の看護師／月給332000円新着,看護,埼玉県,月給332000円,正社員,看護,求人ボックス,https://xn--pckua2a7gp15o89zb.com/jb/cfaffa6e24c8f78bf40b780d4184f675,True,19時間前,2026-06-20 01:15:54,埼玉県
病院の看護師／月給310000円新着,看護師,埼玉県,月給310000円,正社員,看護,求人ボックス,https://xn--pckua2a7gp15o89zb.com/jb/fdf5d3e814463e32ac3aebafb5f6ba2c,True,19時間前,2026-06-20 01:15:54,埼玉県
病院の看護師／月給300000円新着,病院の,埼玉県,月給300000円,正社員,看護,求人ボックス,https://xn--pckua2a7gp15o89zb.com/jb/9ec4aecf285ec8e316a23507e53cdf0a,True,19時間前,2026-06-20 01:15:54,埼玉県
診療アシスタント・社会保険完備の職場で看護師／准看護師新着,つばき在宅クリニック,埼玉県,月給26万円～35万円,正社員,看護,求人ボックス,https://xn--pckua2a7gp15o89zb.com/jb/a402631fa826a83e8b369b4d53d00154,True,3時間前,2026-06-20 01:15:54,埼玉県
ホスピスの看護師／月給521100円~／日勤のみ新着,看護師,埼玉県,月給521100円,正社員,看護,求人ボックス,https://xn--pckua2a7gp15o89zb.com/jb/a20706afa920bf24e441cb680116475e,True,19時間前,2026-06-20 01:15:56,埼玉県
訪問看護の看護師／月給300000円~／日勤のみ／残業少なめ新着,看護,埼玉県,月給300000円,正社員,看護,求人ボックス,https://xn--pckua2a7gp15o89zb.com/jb/4b66f2baf9f35e198ccd6687930850aa,True,19時間前,2026-06-20 01:15:56,埼玉県
介護医療院の看護師／月給313600円~／駅チカ新着,看護師,埼玉県川口市の介護医療院,月給313600円,正社員,看護,求人ボックス,https://xn--pckua2a7gp15o89zb.com/jb/2d94dd9108e5de293e4c5cc8e39181ae,True,19時間前,2026-06-20 01:15:59,埼玉県
病院の看護師／月給300600円~／駅チカ新着,看護師,埼玉県,月給300600円,正社員,看護,求人ボックス,https://xn--pckua2a7gp15o89zb.com/jb/117b3195c62d3e26a17cdb2b0a467cda,True,19時間前,2026-06-20 01:15:59,埼玉県
病院の看護師／月給300000円~／年休120日新着,看護師,埼玉県,月給300000円,正社員,看護,求人ボックス,https://xn--pckua2a7gp15o89zb.com/jb/f25533371d201cad46bdacbfeaee3ff3,True,19時間前,2026-06-20 01:16:02,埼玉県
訪問看護の看護師／月給340000円~／日勤のみ／駅チカ新着,看護,埼玉県,月給340000円,正社員,看護,求人ボックス,https://xn--pckua2a7gp15o89zb.com/jb/c093a2bd3afd122e3ac54a02cd3af827,True,19時間前,2026-06-20 01:16:02,埼玉県
看護師の資格をお持ちの方は必見 週2日～OK新着,有限会社仁,埼玉県,"時給1,670円～",アルバイト・パート,看護,求人ボックス,https://xn--pckua2a7gp15o89zb.com/jb/69afaa452aafadfcd5bdbb44499ede80,True,7時間前,2026-06-20 01:16:04,埼玉県
病院の看護師／年収4000000円~／駅チカ新着,病棟における,埼玉県,年収4000000円,正社員,看護,求人ボックス,https://xn--pckua2a7gp15o89zb.com/jb/09d82888e9259227d2ff5159ff58ba86,True,19時間前,2026-06-20 01:16:04,埼玉県
ゆうパックの配送ドライバー／20代・30代活躍中／未経験歓迎新着,株式会社T.T.D,埼玉県,月給50万円～117万円,,ドライバー,求人ボックス,https://xn--pckua2a7gp15o89zb.com/jbn/27ffde779e15a60cad5504f5da15efaf,True,22時間前,2026-06-20 01:16:04,埼玉県
観光送迎ドライバー「夜勤・正社員」手取り40万以上／普通免許のみOK新着,株式会社アシスト,埼玉県,"月給42万4,000円",正社員,ドライバー,求人ボックス,https://xn--pckua2a7gp15o89zb.com/jbn/a9c79e61287b1e48b74d15a9050c226f,True,17時間前,2026-06-20 01:16:04,埼玉県
「VIP・役員送迎ドライバー」1年目で年収600万・週3勤務新着,株式会社トラスト,埼玉県,"月給42万1,000円",正社員,ドライバー,求人ボックス,https://xn--pckua2a7gp15o89zb.com/jbn/0eda04af5135f782121dd54f8e5ed6f7,True,20時間前,2026-06-20 01:16:05,埼玉県
「手積み・手降ろしほぼなし」中距離の大型トラックドライバー／賞与あり新着,司企業株式会社,埼玉県,月給28万円～45万円,正社員,ドライバー,求人ボックス,https://xn--pckua2a7gp15o89zb.com/jbn/690b44b4f5581c16875f80da29fc5307,True,20時間前,2026-06-20 01:16:05,埼玉県
空港送迎ドライバー「週3勤務」二種免許不要／年収600万円可新着,株式会社ネクスト,埼玉県,"月給42万1,000円",正社員,ドライバー,求人ボックス,https://xn--pckua2a7gp15o89zb.com/jbn/c4ad41932f3f66e6a04a595cb507312c,True,16時間前,2026-06-20 01:16:08,埼玉県
アマゾンの宅配ドライバー／単純作業／短時間OK／短期間OK／週3日OK新着,株式会社Gro,埼玉県,"日給2万2,121円",,ドライバー,求人ボックス,https://xn--pckua2a7gp15o89zb.com/jbn/0b6a8bfbef054d98df82f7110b075b55,True,23時間前,2026-06-20 01:16:08,埼玉県
タクシードライバー／予約中心／普通免許のみ／週3出勤／自分のペースで働...新着,タクシー,埼玉県,月給45万円～80万円,正社員,ドライバー,求人ボックス,https://xn--pckua2a7gp15o89zb.com/jbn/d78d4dfb9dc199d9809483bf50c81968,True,22時間前,2026-06-20 01:16:11,埼玉県
ビジネス送迎ドライバー／予約が中心／普通免許のみ／年間休日120日以上新着,ハイヤー,埼玉県,月給50万円～80万円,正社員,ドライバー,求人ボックス,https://xn--pckua2a7gp15o89zb.com/jbn/4cedff24e6697a65cd68e4c48e7e0e1f,True,22時間前,2026-06-20 01:16:14,埼玉県
配車ドライバー／予約中心／普通免許のみ／年間休日120日以上新着,タクシー,埼玉県,月給45万円～80万円,正社員,ドライバー,求人ボックス,https://xn--pckua2a7gp15o89zb.com/jbn/629eab42a0eed28cc4d698f5460ee6d3,True,22時間前,2026-06-20 01:16:17,埼玉県
配車ドライバー／予約中心／普通免許のみ／働きやすさ抜群／シフト制新着,タクシー,埼玉県,月給45万円～80万円,正社員,ドライバー,求人ボックス,https://xn--pckua2a7gp15o89zb.com/jbn/876c34f33b2322ab34c27373101303d5,True,22時間前,2026-06-20 01:16:17,埼玉県
タクシードライバー／予約中心／普通免許歓迎／フリーター歓迎／シフト制新着,ドライバー,埼玉県,月給45万円～80万円,正社員,ドライバー,求人ボックス,https://xn--pckua2a7gp15o89zb.com/jbn/8b3ba8f9c109bda417040f7c8d979016,True,22時間前,2026-06-20 01:16:20,埼玉県
タクシードライバー／予約中心／普通免許のみ／月半分がお休み新着,ドライバー,埼玉県,月給45万円～80万円,正社員,ドライバー,求人ボックス,https://xn--pckua2a7gp15o89zb.com/jbn/9a7e4a3d541c1c1304db23ef5eb86ef4,True,22時間前,2026-06-20 01:16:20,埼玉県
タクシードライバー／予約中心／普通免許のみ／週3出勤／シフト自由／昇給新着,タクシー,埼玉県,月給45万円～80万円,正社員,ドライバー,求人ボックス,https://xn--pckua2a7gp15o89zb.com/jbn/b92055269a7c875cdf33de49a932d349,True,22時間前,2026-06-20 01:16:20,埼玉県
タクシードライバー／予約中心／普通免許歓迎／営業経験が活きる／シフト制新着,ドライバー,埼玉県,月給45万円～80万円,正社員,ドライバー,求人ボックス,https://xn--pckua2a7gp15o89zb.com/jbn/b0e4643d4227e107b86c6c1cfd63b76b,True,22時間前,2026-06-20 01:16:22,埼玉県
専属ドライバー／予約中心／普通免許のみ／年間休日120日以上新着,ドライバー,埼玉県,月給50万円～80万円,正社員,ドライバー,求人ボックス,https://xn--pckua2a7gp15o89zb.com/jbn/0cc5563cf6a5134aeffcd3a923c87f45,True,22時間前,2026-06-20 01:16:25,埼玉県
夜勤送迎・夜勤ドライバー／深夜はたらく・夜勤／未経験・経験者歓迎新着,ドライバー,埼玉県,"月給41万9,000円",正社員,ドライバー,求人ボックス,https://xn--pckua2a7gp15o89zb.com/jbn/db95c2c9d996180ac8537741a2cc259f,True,19時間前,2026-06-20 01:16:25,埼玉県
タクシードライバー／予約中心／普通免許のみ／未経験でも高収入／シフト制新着,...異業界出身者の方も多数在籍! タクシー,埼玉県,月給45万円～80万円,正社員,ドライバー,求人ボックス,https://xn--pckua2a7gp15o89zb.com/jbn/642f4673b02716442b43f2de6c54fa48,True,22時間前,2026-06-20 01:16:25,埼玉県
週3勤務「空港送迎ドライバー」月収50万以上・未経験歓迎・普通免許でO...新着,ドライバー,埼玉県,"月給41万8,000円",正社員,ドライバー,求人ボックス,https://xn--pckua2a7gp15o89zb.com/jbn/ecbb1fbc45b12f52f3fb9b9511797237,True,20時間前,2026-06-20 01:16:28,埼玉県
柔道整復師「正規フルタイム社員」／そよ風公式新着,株式会社SOYOKAZE,埼玉県,月給22万円～28万円,契約社員,治療家,求人ボックス,https://xn--pckua2a7gp15o89zb.com/jb/7d7206cad717231030f2cc9fe730ac7f,True,23時間前,2026-06-20 01:15:57,埼玉県
柔道整復師／特殊治療学べる整体院、施術者新着,柔道整復師,埼玉県,月給25万円～70万円,正社員,治療家,求人ボックス,https://xn--pckua2a7gp15o89zb.com/jb/17a4bf1b9052e794de2c2e159641551c,True,5時間前,2026-06-20 01:15:57,埼玉県
自社クリニック併設の接骨院で柔道整復師新着,柔道整復師,埼玉県,"月給26万7,000円",正社員,治療家,求人ボックス,https://xn--pckua2a7gp15o89zb.com/jb/e4d2dbe39d9f70f1e234e2ae82142a8a,True,5時間前,2026-06-20 01:15:57,埼玉県
介護／機能訓練指導員／サ高住／車通勤可／退職金制度あり／昇給、賞与あり新着,株式会社サンガジャパン,埼玉県,月給23万円～,正社員,治療家,求人ボックス,https://xn--pckua2a7gp15o89zb.com/jbn/962d5be0740fc7e07e8cdfd9c090afae,True,11時間前,2026-06-20 01:15:57,埼玉県
賞与あり 各種手当ありで働きやすい新着,有限会社仁,埼玉県,月給26万円～,正社員,治療家,求人ボックス,https://xn--pckua2a7gp15o89zb.com/jb/42d410ff3cb0a95b111295165e03d53f,True,7時間前,2026-06-20 01:15:57,埼玉県
賞与年2回!特定処遇改善加算金年3回!のデイサービス、機能訓練指導員新着,柔道整復師,埼玉県,"月給24万7,200円",正社員,治療家,求人ボックス,https://xn--pckua2a7gp15o89zb.com/jb/cc60b96bfe4051beac0c8e24c5b3283f,True,5時間前,2026-06-20 01:15:57,埼玉県
機能訓練指導員新着,株式会社木下の介護 応援家族東川口／介護付有料老...,埼玉県,"月給27万5,500円",正社員,治療家,求人ボックス,https://xn--pckua2a7gp15o89zb.com/jb/611663780b9da4b37c9c06dba0b2409d,True,22時間前,2026-06-20 01:15:57,埼玉県
機能訓練指導員新着,株式会社木下の介護 ライフコミューン川口／介護付...,埼玉県,"月給27万7,500円",正社員,治療家,求人ボックス,https://xn--pckua2a7gp15o89zb.com/jb/0c6d28748a989d54acf86c996e9ffe12,True,22時間前,2026-06-20 01:15:57,埼玉県
「役員送迎ドライバー」週3日勤務／普通免許で未経験からスタート／月収50万円以上・ボーナス年2回新着,柔道整復師,埼玉県,"月給47万8,500円",正社員,治療家,求人ボックス,https://xn--pckua2a7gp15o89zb.com/jbn/95111cdf4001b5c7d86303b0732aba45,True,17時間前,2026-06-20 01:15:57,埼玉県
著名人や企業役員の送迎ドライバー「週3日勤務」未経験OK・月収40万円以上／ボーナス支給あり新着,柔道整復師,埼玉県,"月給47万8,500円",正社員,治療家,求人ボックス,https://xn--pckua2a7gp15o89zb.com/jbn/a5f163cfe93bd33f7acc12c9788c947f,True,17時間前,2026-06-20 01:15:57,埼玉県
「空港への送迎ドライバー」週3日勤務／普通免許で未経験OK／月収50万円以上・賞与2ヶ月分あり新着,柔道整復師,埼玉県,"月給47万6,000円",正社員,治療家,求人ボックス,https://xn--pckua2a7gp15o89zb.com/jbn/512b7e9b17f2f80dcd9c50be27e9508f,True,16時間前,2026-06-20 01:15:57,埼玉県
「タレントやスポーツ選手等の送迎」週3日勤務／未経験OK・月収50万円以上・ボーナス支給あり新着,柔道整復師,埼玉県,"月給47万6,500円",正社員,治療家,求人ボックス,https://xn--pckua2a7gp15o89zb.com/jbn/550301936dfc824223321583d9fb2c0a,True,14時間前,2026-06-20 01:15:57,埼玉県
「VIP・役員送迎ドライバー」週3勤務・月収50万以上可・未経験歓迎／ボーナスあり新着,柔道整復師,埼玉県,"月給41万5,000円",正社員,治療家,求人ボックス,https://xn--pckua2a7gp15o89zb.com/jbn/d9b38578e9b6822f9334c757c15cc9d7,True,19時間前,2026-06-20 01:15:57,埼玉県
「夜勤・芸能／インフルエンサー送迎ドライバー」月40万以上・未経験歓迎・ボーナスあり新着,柔道整復師,埼玉県,月給42万円～60万,正社員,治療家,求人ボックス,https://xn--pckua2a7gp15o89zb.com/jbn/9497eee383200e3f9beb5ec0ed21c277,True,19時間前,2026-06-20 01:15:57,埼玉県
「役員送迎ドライバー」年休200日以上・月収50万以上可／未経験歓迎・普免のみOK新着,柔道整復師,埼玉県,"月給42万1,000円",正社員,治療家,求人ボックス,https://xn--pckua2a7gp15o89zb.com/jbn/6dd019cd680f7528539386fbc5ae3027,True,20時間前,2026-06-20 01:15:57,埼玉県
「タレント／スポーツ選手などの送迎」月収50万以上・未経験歓迎／週3勤務・ボーナスあり新着,柔道整復師,埼玉県,"月給42万5,000円",正社員,治療家,求人ボックス,https://xn--pckua2a7gp15o89zb.com/jbn/d3a8f685898a66d7e0ff76bfd046998f,True,20時間前,2026-06-20 01:15:57,埼玉県
リラクゼーションセラピストの店長候補／経験不問／マネジメント経験者優遇／インセンティブあり新着,株式会社メディロム・ウェルネス Re.Ra.Ku...,埼玉県,月給25万円～50万円,正社員,治療家,求人ボックス,https://xn--pckua2a7gp15o89zb.com/jb/72f2d46518a68b71a997906aa34e07b0,True,13時間前,2026-06-20 01:16:00,埼玉県
リラクゼーションセラピストの店長候補／経験不問／マネジメント経験者優遇／インセンティブあり新着,株式会社メディロム・ウェルネス Re.Ra.Ku...,埼玉県,月給25万円～50万円,正社員,治療家,求人ボックス,https://xn--pckua2a7gp15o89zb.com/jb/920e9f91278086e9dfac582a8bfec478,True,13時間前,2026-06-20 01:16:00,埼玉県
「役員運転手」月収50万以上・未経験歓迎／週3勤務・普通免許のみOK・ボーナス2回新着,柔道整復師,埼玉県,"月給42万2,000円",正社員,治療家,求人ボックス,https://xn--pckua2a7gp15o89zb.com/jbn/a66026f4a64007fd416a166cb077357b,True,20時間前,2026-06-20 01:16:00,埼玉県
「役員送迎ドライバー」月収50万以上可・未経験歓迎・普通免許のみOK／ボーナス・退職金あり新着,柔道整復師,埼玉県,"月給42万1,000円",正社員,治療家,求人ボックス,https://xn--pckua2a7gp15o89zb.com/jbn/24d72c1524a0ff6355fcb9c8f007c40f,True,19時間前,2026-06-20 01:16:00,埼玉県
「夜勤・送迎ドライバー」月収50万以上・未経験歓迎／履歴書不要のスピード選考新着,柔道整復師,埼玉県,"月給42万5,000円",正社員,治療家,求人ボックス,https://xn--pckua2a7gp15o89zb.com/jbn/5bd60c8da6eeaef236a6e454acc7d02f,True,19時間前,2026-06-20 01:16:00,埼玉県
「役員送迎ドライバー・急募」年収600万以上・未経験歓迎／週3勤務・普通免許のみOK新着,柔道整復師,埼玉県,"月給42万4,000円",正社員,治療家,求人ボックス,https://xn--pckua2a7gp15o89zb.com/jbn/d45a4f263b882b975cb3ca9760f2903f,True,20時間前,2026-06-20 01:16:03,埼玉県
「役員運転手・夜勤」月50万以上可・未経験歓迎／寮・社宅完備／普免のみOK・ボーナスあり新着,柔道整復師,埼玉県,"月給42万2,000円",正社員,治療家,求人ボックス,https://xn--pckua2a7gp15o89zb.com/jbn/0b18ba04ab83991e7a921eeb701874c9,True,20時間前,2026-06-20 01:16:03,埼玉県
「夜勤・急募」役員運転手「月収50万以上可・普通免許のみOK・未経験歓迎」ボーナスあり新着,柔道整復師,埼玉県,"月給42万4,000円",正社員,治療家,求人ボックス,https://xn--pckua2a7gp15o89zb.com/jbn/5095a740be2b927a6bd64cb01792cbe3,True,19時間前,2026-06-20 01:16:03,埼玉県
「役員運転手」月収50万以上・普通免許のみOK／20代~50代活躍中・ボーナスあり新着,柔道整復師,埼玉県,"月給42万3,000円",正社員,治療家,求人ボックス,https://xn--pckua2a7gp15o89zb.com/jbn/e73bb8bc2487c41e4bbd70e933e5d433,True,20時間前,2026-06-20 01:16:03,埼玉県
「夜勤・役員運転手」月収50万以上可・未経験歓迎・普通免許のみOK・頑張りが収入に直結新着,柔道整復師,埼玉県,"月給42万1,000円",正社員,治療家,求人ボックス,https://xn--pckua2a7gp15o89zb.com/jbn/30d256da8c24b3b09efd6ada5eab35e1,True,19時間前,2026-06-20 01:16:03,埼玉県
リラクゼーションセラピスト&経験者特典10万円／高単価／高収入実現可能／資格不問／経験不問新着,株式会社メディロム・ウェルネス Re.Ra.Ku...,埼玉県,"時給2,660円～4,543円",,治療家,求人ボックス,https://xn--pckua2a7gp15o89zb.com/jb/223b61e3e5ecc6715335834b68d28360,True,13時間前,2026-06-20 01:16:03,埼玉県
リラクゼーションセラピスト&経験者特典10万円／高単価／高収入実現可能／資格不問／経験不問新着,株式会社メディロム・ウェルネス Re.Ra.Ku...,埼玉県,"時給2,660円～4,543円",,治療家,求人ボックス,https://xn--pckua2a7gp15o89zb.com/jb/e155a159498d2c682970573d91f28637,True,13時間前,2026-06-20 01:16:07,埼玉県
リラクゼーションセラピスト&経験者特典10万円／高単価／高収入実現可能／資格不問／経験不問新着,株式会社メディロム・ウェルネス Re.Ra.Ku...,埼玉県,"時給2,660円～4,543円",,治療家,求人ボックス,https://xn--pckua2a7gp15o89zb.com/jb/2f2a3b90083f4e5b3af3bbea76291986,True,13時間前,2026-06-20 01:16:07,埼玉県
リラクゼーションセラピストの店長候補／経験不問／マネジメント経験者優遇／インセンティブあり新着,株式会社メディロム・ウェルネス Re.Ra.Ku...,埼玉県,月給25万円～50万円,正社員,治療家,求人ボックス,https://xn--pckua2a7gp15o89zb.com/jb/0c8f76b020d0594118a6c806049d6fbb,True,13時間前,2026-06-20 01:16:07,埼玉県
「夜勤・役員運転手」月収50万以上・職歴不問・未経験歓迎／普通免許のみOK新着,柔道整復師,埼玉県,"月給41万7,000円",正社員,治療家,求人ボックス,https://xn--pckua2a7gp15o89zb.com/jbn/268061799cfcd95dcc1cb5b879941df7,True,20時間前,2026-06-20 01:16:07,埼玉県
リラクゼーションセラピストの店長候補／経験不問／マネジメント経験者優遇／インセンティブあり新着,株式会社メディロム・ウェルネス Re.Ra.Ku...,埼玉県,月給25万円～50万円,正社員,治療家,求人ボックス,https://xn--pckua2a7gp15o89zb.com/jb/2ae02aafde4102823335c195c3795011,True,13時間前,2026-06-20 01:16:07,埼玉県
役員運転手「月収50万以上可・普通免許のみOK・未経験歓迎」ボーナスあり新着,柔道整復師,埼玉県,"月給42万4,000円",正社員,治療家,求人ボックス,https://xn--pckua2a7gp15o89zb.com/jbn/6d829be106985754cac1904ac125dce3,True,19時間前,2026-06-20 01:16:07,埼玉県
「著名人・企業役員送迎ドライバー」月収40万以上・未経験歓迎／週3勤務・ボーナスあり新着,柔道整復師,埼玉県,"月給42万2,000円",正社員,治療家,求人ボックス,https://xn--pckua2a7gp15o89zb.com/jbn/9849cea9fca5e491d96624ef03baaff3,True,20時間前,2026-06-20 01:16:10,埼玉県
「役員運転手・定期送迎」月収50万以上・未経験歓迎・普通免許のみOK・ボーナスあり新着,柔道整復師,埼玉県,"月給42万2,000円",正社員,治療家,求人ボックス,https://xn--pckua2a7gp15o89zb.com/jbn/350a000d9641f3cbf848e7ab076a9843,True,20時間前,2026-06-20 01:16:10,埼玉県
リラクゼーションセラピストの店長候補／経験不問／マネジメント経験者優遇／インセンティブあり新着,株式会社メディロム・ウェルネス Re.Ra.Ku...,埼玉県,月給25万円～50万円,正社員,治療家,求人ボックス,https://xn--pckua2a7gp15o89zb.com/jb/87a436799afb5872519e9ccffbb1a5a2,True,13時間前,2026-06-20 01:16:10,埼玉県
リラクゼーションセラピスト&経験者特典10万円／高単価／高収入実現可能／資格不問／経験不問新着,株式会社メディロム・ウェルネス Re.Ra.Ku...,埼玉県,"時給2,660円～4,543円",,治療家,求人ボックス,https://xn--pckua2a7gp15o89zb.com/jb/958a9bc6d4ccaf2a7c2ec5a46543864b,True,13時間前,2026-06-20 01:16:10,埼玉県
「夜勤・役員運転手」年収500万以上・未経験歓迎・ボーナス・退職金あり新着,柔道整復師,埼玉県,"月給42万5,000円",正社員,治療家,求人ボックス,https://xn--pckua2a7gp15o89zb.com/jbn/59947f4a39463c6ee91c32e5e60bb10f,True,20時間前,2026-06-20 01:16:10,埼玉県
リラクゼーションセラピストの店長候補／経験不問／マネジメント経験者優遇／インセンティブあり新着,株式会社メディロム・ウェルネス Re.Ra.Ku...,埼玉県,月給25万円～50万円,正社員,治療家,求人ボックス,https://xn--pckua2a7gp15o89zb.com/jb/0f561654cf352c8bb1d1118e8acbe89e,True,13時間前,2026-06-20 01:16:10,埼玉県
リラクゼーションセラピスト&経験者特典10万円／高単価／高収入実現可能／資格不問／経験不問新着,株式会社メディロム・ウェルネス Re.Ra.Ku...,埼玉県,"時給2,660円～4,543円",,治療家,求人ボックス,https://xn--pckua2a7gp15o89zb.com/jb/449d764f7a63132e46dacc26976f4c63,True,13時間前,2026-06-20 01:16:10,埼玉県
リラクゼーションセラピストの店長候補／経験不問／マネジメント経験者優遇／インセンティブあり新着,株式会社メディロム・ウェルネス Re.Ra.Ku...,埼玉県,月給25万円～50万円,正社員,治療家,求人ボックス,https://xn--pckua2a7gp15o89zb.com/jb/0a1f4d99d5d75a88fef506fb09cfb0fa,True,13時間前,2026-06-20 01:16:13,埼玉県
リラクゼーションセラピスト&経験者特典10万円／高単価／高収入実現可能／資格不問／経験不問新着,株式会社メディロム・ウェルネス Re.Ra.ku...,埼玉県,"時給2,660円～4,543円",,治療家,求人ボックス,https://xn--pckua2a7gp15o89zb.com/jb/8ee357a9fbee8fc02e5d229fd7ff0bcf,True,13時間前,2026-06-20 01:16:13,埼玉県
リラクゼーションセラピスト&経験者特典10万円／高単価／高収入実現可能／資格不問／経験不問新着,株式会社メディロム・ウェルネス Spa Re.R...,埼玉県,"時給2,660円～4,543円",,治療家,求人ボックス,https://xn--pckua2a7gp15o89zb.com/jb/c59938e2000cf72df5062dcc9562d0dc,True,13時間前,2026-06-20 01:16:13,埼玉県
タレント・芸能・観光客の送迎ドライバー「週3日勤務」賞与年2回／初年度から月収50万円以上新着,...未経験からでも安心してプロドライバーを目指せる環境です。 【その他特徴】<前職例>製造/工場/ライン作業/生產管理/設備保全/製鋼/溶接クレーン・玉掛/金属加工/板金加工/板金塗装/警備員機械・,埼玉県,"月給47万7,000円",正社員,治療家,求人ボックス,https://xn--pckua2a7gp15o89zb.com/jbn/a7157932bc8b8b8dd2ae1783d4021a53,True,16時間前,2026-06-20 01:16:13,埼玉県
リラクゼーションセラピストの店長候補／経験不問／マネジメント経験者優遇／インセンティブあり新着,株式会社メディロム・ウェルネス Re.Ra.Ku...,埼玉県,月給25万円～50万円,正社員,治療家,求人ボックス,https://xn--pckua2a7gp15o89zb.com/jb/7b4a5eb940dfd1804b6bbf9545c164d7,True,13時間前,2026-06-20 01:16:13,埼玉県
「週3日勤務」普通免許でスタートできる役員送迎ドライバー／週の残り4日はすべてあなたの自由時間新着,...キャリアアップも全面的にバックアップします。 【その他概要】<前職例>製造/工場/ライン作業/生產管理/設備保全/製鋼/溶接クレーン・玉掛/金属加工/板金加工/板金塗装/警備員機械・電気/倉庫内,埼玉県,"月給47万6,000円",正社員,治療家,求人ボックス,https://xn--pckua2a7gp15o89zb.com/jbn/14c795ca9fb31d8fead3b6e0e1dd1891,True,16時間前,2026-06-20 01:16:13,埼玉県
機能訓練指導員新着,株式会社木下の介護 採用窓口,埼玉県,"月給27万7,500円",正社員,治療家,求人ボックス,https://xn--pckua2a7gp15o89zb.com/jb/e25fca477c6a93cfd33ea5756442de54,True,1時間前,2026-06-20 01:16:13,埼玉県
柔道整復師／リヤンドクール新着,株式会社リヤンドファミユ,埼玉県,,アルバイト・パート,治療家,求人ボックス,https://xn--pckua2a7gp15o89zb.com/jb/ab1fbf272218d69786449ac78047e4c4,True,11時間前,2026-06-20 01:16:16,埼玉県
大学警備員新着,株式会社ハリマビステム,埼玉県,月給21万円～22万円,正社員,警備,求人ボックス,https://xn--pckua2a7gp15o89zb.com/jb/d8157d0ea1217ce05d21cfb9fba1c8f2,True,53分前,2026-06-20 01:16:07,埼玉県
施設警備、警備員／駅・商業施設・学校・マンション新着,テイケイ株式会社,埼玉県,"日給2万4,101円",契約社員,警備,求人ボックス,https://xn--pckua2a7gp15o89zb.com/jb/ada1040aacbb8fc043e992e69308e30e,True,6時間前,2026-06-20 01:16:08,埼玉県
「愛知県勤務」交通誘導「今すぐ一人暮らしがしたい」が叶う新着,セキュリティスタッフ株式会社,埼玉県,"日給9,500円",正社員,警備,求人ボックス,https://xn--pckua2a7gp15o89zb.com/jb/b1ac9bbb776a8ed53d1400d4e5790675,True,53分前,2026-06-20 01:16:11,埼玉県
「異業種からの転職歓迎」役員運転手／週3勤務／月収50万以上新着,株式会社トラスト,埼玉県,"月給42万1,000円",正社員,警備,求人ボックス,https://xn--pckua2a7gp15o89zb.com/jbn/0db779b895c419c2d5aa00b7b316ae0f,True,20時間前,2026-06-20 01:16:11,埼玉県
「役員運転手・定期送迎」1年目で年収580万・週3勤務／普通免許のみOK新着,株式会社ネクスト,埼玉県,"月給41万7,000円",正社員,警備,求人ボックス,https://xn--pckua2a7gp15o89zb.com/jbn/e411fcab1a386ce84dc34e87949d60a3,True,16時間前,2026-06-20 01:16:11,埼玉県
未経験歓迎!大学構内の施設警備を担って頂きます新着,株式会社NITクリエイト,埼玉県,"月給21万5,000円",正社員,警備,求人ボックス,https://xn--pckua2a7gp15o89zb.com/jb/33f1aff2812873e2fb69a8952230f16d,True,3時間前,2026-06-20 01:16:15,埼玉県
業務管理・欠員の代行／日勤／週休2日新着,株式会社TSビルシステム,埼玉県,"日給1万3,000円",正社員,警備,求人ボックス,https://xn--pckua2a7gp15o89zb.com/jb/0967a1c9bd7b6fa87eadb5a9b6fe3447,True,3時間前,2026-06-20 01:16:15,埼玉県
高級賃貸マンション管理／未経験歓迎／20代30代活躍中／夜勤／無理なく働いて月30万円可能新着,ラ・トゥール渋谷神南,埼玉県,"月給25万6,000円",正社員,警備,求人ボックス,https://xn--pckua2a7gp15o89zb.com/jbn/9f3a0be7fa027bed813afbaeebff3af1,True,20時間前,2026-06-20 01:16:20,埼玉県
オフィスビルでのモニター監視・巡回スタッフ／WワークOK／月30万可能!／夜勤新着,渋谷インフォスタワー,埼玉県,"月給25万6,000円",正社員,警備,求人ボックス,https://xn--pckua2a7gp15o89zb.com/jbn/eeb078b5103b8564962ba9aa60807086,True,20時間前,2026-06-20 01:16:28,埼玉県
オフィスビルでのモニター監視・巡回スタッフ勤務は3日に1回の正社員!／20代30代活躍中／夜勤新着,住友芝大門ビル,埼玉県,"月給25万6,000円",正社員,警備,求人ボックス,https://xn--pckua2a7gp15o89zb.com/jbn/bf39ef0462fc3c71abdae491dc004261,True,20時間前,2026-06-20 01:16:31,埼玉県
オフィスビルでのモニター監視・巡回スタッフ勤務は3日に1回の正社員!／20代30代活躍中／夜勤新着,住友不動産芝公園タワー,埼玉県,"月給25万6,000円",正社員,警備,求人ボックス,https://xn--pckua2a7gp15o89zb.com/jbn/ba7ea15689e93a6d4a7688675ebae6b8,True,20時間前,2026-06-20 01:16:31,埼玉県
オフィスビルでのモニター監視・巡回スタッフ／WワークOK／月30万可能!／夜勤新着,住友不動産汐留浜離宮ビル,埼玉県,"月給25万6,000円",正社員,警備,求人ボックス,https://xn--pckua2a7gp15o89zb.com/jbn/49d960da9aa03d8e6688b76bdba1613b,True,20時間前,2026-06-20 01:16:35,埼玉県
スポーツ用品の製造スタッフ「27卒」20代活躍中・車通勤OK「正社員新着,株式会社ELシステム,埼玉県,"月給25万9,500円",正社員,製造,求人ボックス,https://xn--pckua2a7gp15o89zb.com/jbn/c2cc1d657a8a8aded6222ffe3974660f,True,5時間前,2026-06-20 01:16:31,埼玉県
キーホルダーの製造スタッフ「27卒」寮完備・残業少なめ「正社員新着,株式会社Creer,埼玉県,"月給25万6,700円",正社員,製造,求人ボックス,https://xn--pckua2a7gp15o89zb.com/jbn/363a3991b08a265de4ea7856263ecfee,True,6時間前,2026-06-20 01:16:31,埼玉県
「27卒」ボードゲーム・パズル製造スタッフ・資格不問「正社員新着,株式会社プロジェクトトリガー,埼玉県,"月給25万9,600円",正社員,製造,求人ボックス,https://xn--pckua2a7gp15o89zb.com/jbn/3aba297456fe7f0a6e1cc50100f62a59,True,7時間前,2026-06-20 01:16:31,埼玉県
「27卒」イヤホン・ヘッドフォンの製造スタッフ・資格不問「正社員新着,株式会社ELM,埼玉県,"月給25万8,400円",正社員,製造,求人ボックス,https://xn--pckua2a7gp15o89zb.com/jbn/5e3fa76f10134f77002a6d3b30757671,True,6時間前,2026-06-20 01:16:31,埼玉県
時計盤の製造スタッフ／月給34万円以上／未経験歓迎／寮完備新着,合同会社タカノワーク,埼玉県,月給34万円,正社員,製造,求人ボックス,https://xn--pckua2a7gp15o89zb.com/jb/726739f48c001dbe9d12efcb33c9ed90,True,4時間前,2026-06-20 01:16:31,埼玉県
「27卒」ネイルグッズの製造スタッフ／寮完備／社員食堂あり・研修充実新着,株式会社GUM,埼玉県,"月給25万1,000円",正社員,製造,求人ボックス,https://xn--pckua2a7gp15o89zb.com/jbn/f777e5ef25f1933f7e749b22bf22ce3b,True,6時間前,2026-06-20 01:16:31,埼玉県
「27卒」サプリメントの製造スタッフ正社員「寮・社宅あり・残業少なめ」新着,ベンタス株式会社,埼玉県,"月給25万8,400円",正社員,製造,求人ボックス,https://xn--pckua2a7gp15o89zb.com/jbn/c734d9cdb1f2509805e69beb900af82c,True,7時間前,2026-06-20 01:16:36,埼玉県
カプセルトイ製造スタッフ「27卒」即入寮OK・残業少なめ「正社員新着,株式会社LOP,埼玉県,"月給25万9,100円",正社員,製造,求人ボックス,https://xn--pckua2a7gp15o89zb.com/jbn/7e407352c17d5651de8578d053433245,True,6時間前,2026-06-20 01:16:36,埼玉県
「27卒」コスメ・化粧品の製造・充填スタッフ「正社員」20代活躍中新着,株式会社大斗,埼玉県,"月給25万9,500円",正社員,製造,求人ボックス,https://xn--pckua2a7gp15o89zb.com/jbn/c2483080ab5d84e601186248b80d12b0,True,5時間前,2026-06-20 01:16:38,埼玉県
未経験採用枠「第2新卒活躍中!」ガチャガチャ製造スタッフ／高収入／寮新着,Yts株式会社,埼玉県,"月給29万6,800円",正社員,製造,求人ボックス,https://xn--pckua2a7gp15o89zb.com/jbn/d658a29468095449ab61a7bd7979f98f,True,2時間前,2026-06-20 01:16:38,埼玉県
スポーツ用品の製造スタッフ「27卒」20代活躍中・車通勤OK「正社員新着,株式会社alBee,埼玉県,"月給25万8,400円",正社員,製造,求人ボックス,https://xn--pckua2a7gp15o89zb.com/jbn/45bec2ce30aa8dc110bd264a488cdda2,True,5時間前,2026-06-20 01:16:38,埼玉県
サプリメントの製造スタッフ「27卒」未経験歓迎／寮費無料／社会保険完備新着,株式会社キソシン,埼玉県,"月給25万1,000円",正社員,製造,求人ボックス,https://xn--pckua2a7gp15o89zb.com/jbn/9daa1a7637f6c436a4f4f3b9ee066513,True,6時間前,2026-06-20 01:16:41,埼玉県
「27卒」スポーツ用品の製造スタッフ・未経験歓迎「土日祝休み新着,JHRconsulting株式会社,埼玉県,月給26万100円,正社員,製造,求人ボックス,https://xn--pckua2a7gp15o89zb.com/jbn/ce801de5b73f2a1fc8537a2af5eafa48,True,6時間前,2026-06-20 01:16:41,埼玉県
未経験採用枠「第2新卒活躍中!」ガチャガチャ製造スタッフ／高収入／寮新着,株式会社小林,埼玉県,"月給32万4,400円",正社員,製造,求人ボックス,https://xn--pckua2a7gp15o89zb.com/jbn/6ab24d0969b5e19eb5e9d9499292f2d6,True,2時間前,2026-06-20 01:16:41,埼玉県
未経験採用枠「第2新卒活躍中!」ガチャガチャ製造スタッフ／高収入／寮新着,株式会社RIOT,埼玉県,"月給31万1,500円",正社員,製造,求人ボックス,https://xn--pckua2a7gp15o89zb.com/jbn/cf4f4b50748b2207da74a4bd2b8a71ee,True,2時間前,2026-06-20 01:16:44,埼玉県
未経験採用枠「第2新卒活躍中!」ガチャガチャ製造スタッフ／高収入新着,株式会社RIOT GROUP,埼玉県,"月給31万8,600円",正社員,製造,求人ボックス,https://xn--pckua2a7gp15o89zb.com/jbn/ce4e51ff7018c052d996728dc41ec767,True,2時間前,2026-06-20 01:16:44,埼玉県
未経験採用枠「第2新卒活躍中!」ガチャガチャ製造スタッフ／高収入新着,AQUARIUS株式会社,埼玉県,"月給30万6,100円",正社員,製造,求人ボックス,https://xn--pckua2a7gp15o89zb.com/jbn/e13b13a80800a8b0ea6af0841e6ac9b6,True,2時間前,2026-06-20 01:16:44,埼玉県
「27卒」ボードゲーム・パズル製造スタッフ・未経験歓迎「正社員新着,株式会社Meta Sales,埼玉県,"月給25万8,400円",正社員,製造,求人ボックス,https://xn--pckua2a7gp15o89zb.com/jbn/b104935b044653c8d5cf6875de68de8b,True,6時間前,2026-06-20 01:16:44,埼玉県
カードゲーム製造スタッフ正社員／駅チカ・転職初挑戦歓迎・キャリアアップ...新着,株式会社enrich technology,埼玉県,"月給29万4,100円",正社員,製造,求人ボックス,https://xn--pckua2a7gp15o89zb.com/jbn/0f848537c4666f7d0b6042b8c93e83f3,True,2時間前,2026-06-20 01:16:44,埼玉県
「27卒」コーヒー・お茶の製造スタッフ／20代活躍中／週休2日制新着,株式会社Le Lien,埼玉県,"月給26万3,500円",正社員,製造,求人ボックス,https://xn--pckua2a7gp15o89zb.com/jbn/2e53e1aa04ad1cef2da2efc7d777d162,True,5時間前,2026-06-20 01:16:47,埼玉県
貯金が底をつき、働く場所を探している人・家具家電付き寮完備で初期費用不要／コスメケースの製造スタッフ新着,株式会社オーヴァル,埼玉県,"月給32万5,000円",正社員,製造,求人ボックス,https://xn--pckua2a7gp15o89zb.com/jb/56727ec39a8bdb1f428acde575d557e9,True,5時間前,2026-06-20 01:16:47,埼玉県
製造スタッフ 学歴とか関係ねぇ 20代30代活躍 簡単軽作業·梱包新着,株式会社Brave,埼玉県,"月給31万9,000円",正社員,製造,求人ボックス,https://xn--pckua2a7gp15o89zb.com/jb/c0a2603c4db202a0c0e2f7c90cddf199,True,14時間前,2026-06-20 01:16:49,埼玉県
カップ麺の容器製造・検品スタッフ／30代40代活躍中です 未経験歓迎新着,キャリアネクスト,埼玉県,月給34万円～,契約社員,製造,求人ボックス,https://xn--pckua2a7gp15o89zb.com/jb/b45af008655c083a7908cd118e0579b9,True,23時間前,2026-06-20 01:16:49,埼玉県
通電チェックも担当!／パソコンの製造スタッフ／年間休日125日新着,製造,埼玉県,"月給39万5,500円",正社員,製造,求人ボックス,https://xn--pckua2a7gp15o89zb.com/jbn/e7603fac978b3eafbd1c680a431ffd42,True,7時間前,2026-06-20 01:16:49,埼玉県
未経験でも安心／ゲーム関連アクセサリーの製造スタッフ／充実研修新着,株式会社アテナスタイル,埼玉県,月給29万円～,正社員,製造,求人ボックス,https://xn--pckua2a7gp15o89zb.com/jb/b3582cbcc9a607a96ce585ed08c9f884,True,21時間前,2026-06-20 01:16:53,埼玉県
ガジェット好き必見!／パソコンの製造スタッフ／年間休日130日新着,製造,埼玉県,"月給36万5,500円",正社員,製造,求人ボックス,https://xn--pckua2a7gp15o89zb.com/jbn/703ded11ee939d966af9ea962eadde03,True,7時間前,2026-06-20 01:16:53,埼玉県
景品づくりのレア求人!人気求人／クレーンゲーム景品の企画製造スタッフ新着,製造,埼玉県,"月給37万6,500円",正社員,製造,求人ボックス,https://xn--pckua2a7gp15o89zb.com/jbn/a5bcfea92c1e7f30747c3b452a1aaa95,True,7時間前,2026-06-20 01:16:55,埼玉県
未経験可のオフィス共用部清掃スタッフ新着,有限会社アールシーサポート,埼玉県,"時給1,250円",アルバイト・パート,清掃,求人ボックス,https://xn--pckua2a7gp15o89zb.com/jb/a7971d5c2d40dedce6cce96be6df094a,True,14時間前,2026-06-20 01:16:33,埼玉県
川越水上公園の清掃スタッフ／短期／夏休み期間に稼げる／扶養内勤務OK新着,株式会社エヌテックサービス,埼玉県,"時給1,260円～1,300円",アルバイト・パート,清掃,求人ボックス,https://xn--pckua2a7gp15o89zb.com/jb/dffdc02d6572a96b2debc3e75fdb772e,True,3時間前,2026-06-20 01:16:33,埼玉県
福祉施設の清掃スタッフ新着,有限会社戸口工業,埼玉県,"時給1,230円",アルバイト・パート,清掃,求人ボックス,https://xn--pckua2a7gp15o89zb.com/jb/189c2775ae6f6455f5ed158c84f0e62b,True,14時間前,2026-06-20 01:16:33,埼玉県
家電量販店の清掃スタッフ新着,株式会社TSビルシステム,埼玉県,"時給1,150円",アルバイト・パート,清掃,求人ボックス,https://xn--pckua2a7gp15o89zb.com/jb/eead341570fc3f44cb645ed485e9b1c6,True,1時間前,2026-06-20 01:16:34,埼玉県
オフィスビルの清掃スタッフ／コツコツ作業／午後からのゆったり勤務新着,住友不動産三田ファーストビル,埼玉県,"月給25万6,000円",正社員,清掃,求人ボックス,https://xn--pckua2a7gp15o89zb.com/jbn/e43d0ef428064856aa94bf1d5381a069,True,21時間前,2026-06-20 01:16:38,埼玉県
週4日からOK!完全土日祝休み!所沢市官公庁施設の短時間清掃スタッフ新着,株式会社協栄,埼玉県,"時給1,200円",アルバイト・パート,清掃,求人ボックス,https://xn--pckua2a7gp15o89zb.com/jb/9c8d53d19ba3372071707f6c9828df14,True,8時間前,2026-06-20 01:16:58,埼玉県
オフィスビルの清掃スタッフ／コツコツ作業／午後からのゆったり勤務新着,住友不動産渋谷タワー,埼玉県,"月給25万6,000円",正社員,清掃,求人ボックス,https://xn--pckua2a7gp15o89zb.com/jbn/0db21c26841dadf2c596a5a73c599cf3,True,21時間前,2026-06-20 01:16:58,埼玉県
清掃スタッフ／未経験／モクモク作業／早番／コツコツ作業新着,住友新虎ノ門ビル,埼玉県,"月給25万6,000円",正社員,清掃,求人ボックス,https://xn--pckua2a7gp15o89zb.com/jbn/e9a0faffb182c5001c1adf62588a9007,True,21時間前,2026-06-20 01:16:58,埼玉県
オフィスビルの清掃スタッフ／コツコツ作業／午後からのゆったり勤務新着,住友不動産芝ビル,埼玉県,"月給25万6,000円",正社員,清掃,求人ボックス,https://xn--pckua2a7gp15o89zb.com/jbn/6c110238e11c44ffe7e376286fa7d2dc,True,21時間前,2026-06-20 01:16:58,埼玉県
オフィスビルの清掃スタッフ／コツコツ作業／午後からのゆったり勤務新着,住友不動産東京三田ガーデンタワー,埼玉県,"月給25万6,000円",正社員,清掃,求人ボックス,https://xn--pckua2a7gp15o89zb.com/jbn/a5816ef57f29652a48a29095a8ec34d5,True,21時間前,2026-06-20 01:17:01,埼玉県
オフィスビルの清掃スタッフ／コツコツ作業／午後からのゆったり勤務新着,住友不動産汐留ウイング,埼玉県,"月給25万6,000円",正社員,清掃,求人ボックス,https://xn--pckua2a7gp15o89zb.com/jbn/a2dd3aead647d24ca79d5f44cddea946,True,21時間前,2026-06-20 01:17:01,埼玉県
歯科衛生士／2026年8月開業／オープニングスタッフ新着,横浜中華街雅デンタルクリニック,神奈川県,月給35万円,正社員,歯科,求人ボックス,https://xn--pckua2a7gp15o89zb.com/jb/d24a0f31c6a3bef84a248d1b98d3e8d9,True,23時間前,2026-06-20 01:17:05,神奈川県
社会保険完備の職場で歯科衛生士新着,仁歯科・矯正歯科クリニック,神奈川県,月給32万円,正社員,歯科,求人ボックス,https://xn--pckua2a7gp15o89zb.com/jb/a682fbe467df7e5494e0ddf38a9e07fd,True,3時間前,2026-06-20 01:17:05,神奈川県
社会保険完備の職場で歯科衛生士新着,みなみテラス歯科,神奈川県,月給32万円～,正社員,歯科,求人ボックス,https://xn--pckua2a7gp15o89zb.com/jb/d6df594021a1081a906329b179aad701,True,3時間前,2026-06-20 01:17:05,神奈川県
「歯科衛生士」正職員／日勤のみ／特別養護老人ホーム新着,介護老人福祉施設 わかたけ新子安,神奈川県,月給21万円～23万円,正社員,歯科,求人ボックス,https://xn--pckua2a7gp15o89zb.com/jb/3fb34a1d4528fbeac177b774000ca9fb,True,23時間前,2026-06-20 01:17:05,神奈川県
歯科衛生士／年間休日126日以上! 経験3年以上の衛生士さん優遇新着,医療法人社団優紀会,神奈川県,月給32万円～36万円,正社員,歯科,求人ボックス,https://xn--pckua2a7gp15o89zb.com/jb/37047e8287e71bdcfea331c60a3ade5e,True,23時間前,2026-06-20 01:17:05,神奈川県
歯科衛生士／平日18時台、土曜17時台まで診療 ︎ベースアップ補助金申...新着,反町ひろせ歯科クリニック,神奈川県,月給32万円～50万円,正社員,歯科,求人ボックス,https://xn--pckua2a7gp15o89zb.com/jb/047c13b3bbef8a8a129fa88583c67364,True,23時間前,2026-06-20 01:17:05,神奈川県
歯科衛生士 外来新着,ユニメディコ 山手台クリニック歯科外来,神奈川県,月給30万円～35万円,正社員,歯科,求人ボックス,https://xn--pckua2a7gp15o89zb.com/jb/88e5d798d00e9e238a164564a709ce24,True,8時間前,2026-06-20 01:17:05,神奈川県
歯科衛生士／同じ患者さんが繰り返し通院してくるので仕事がしやすいです。新着,山下矯正歯科クリニック,神奈川県,"時給2,000円～2,500円",アルバイト・パート,歯科,求人ボックス,https://xn--pckua2a7gp15o89zb.com/jb/e899cf716249c39ad4fe253cf813ed4d,True,23時間前,2026-06-20 01:17:06,神奈川県
歯科衛生士／2026年9月OPEN／開業前研修／非常勤DH!勤務日数新着,鎌倉ルクス歯科・矯正歯科,神奈川県,"時給1,800円",アルバイト・パート,歯科,求人ボックス,https://xn--pckua2a7gp15o89zb.com/jb/847b64c151e00c27e97977e0ebe18bbc,True,23時間前,2026-06-20 01:17:06,神奈川県
歯科衛生士／水曜日勤務できる方!訪問未経験の方大歓迎 30～60代まで...新着,医療法人HAマリーン,神奈川県,"時給2,000円～",アルバイト・パート,歯科,求人ボックス,https://xn--pckua2a7gp15o89zb.com/jb/d4661c3e7f43ec0e8112da46e779e463,True,23時間前,2026-06-20 01:17:06,神奈川県
"歯科衛生士／時給1,900円以上×週1日～OK!／Wワーク新着",えだ歯科医院,神奈川県,"時給1,900円",アルバイト・パート,歯科,求人ボックス,https://xn--pckua2a7gp15o89zb.com/jb/2cd3624a20a2dd0fef6b3f006d4a4860,True,23時間前,2026-06-20 01:17:06,神奈川県
歯科衛生士／さくら訪問歯科クリニック新着,医療法人白愛会,神奈川県,"時給1,500円～",アルバイト・パート,歯科,求人ボックス,https://xn--pckua2a7gp15o89zb.com/jb/6e2cc375c6ae427db259ba3be551eeff,True,4時間前,2026-06-20 01:17:06,神奈川県
歯科衛生士／たかなし歯科新着,医療法人社団光医会,神奈川県,"時給1,300円～",アルバイト・パート,歯科,求人ボックス,https://xn--pckua2a7gp15o89zb.com/jb/1d014dfda4f291d18c7bb3e36f46481c,True,4時間前,2026-06-20 01:17:06,神奈川県
歯科衛生士／介護老人保健施設／17時30分まで／土日祝休み新着,医療法人三星会 介護老人保健施設 レストア横浜,神奈川県,"時給1,800円～1,900円",アルバイト・パート,歯科,求人ボックス,https://xn--pckua2a7gp15o89zb.com/jb/a975b059b21c9dfa304d9bfcb9d2684e,True,14時間前,2026-06-20 01:17:06,神奈川県
歯科助手・受付 高校生大歓迎 シフト自由で学業と両立できる歯科助手バイト新着,ベル歯科医院,神奈川県,"時給1,262円～",アルバイト・パート,歯科,求人ボックス,https://xn--pckua2a7gp15o89zb.com/jb/6e404a17ee7b162227cdfdd5082e1957,True,14時間前,2026-06-20 01:17:06,神奈川県
キャリアアドバイザー新着,グロウトレイル株式会社,神奈川県,"時給1,250円～1,500円",アルバイト・パート,歯科,求人ボックス,https://xn--pckua2a7gp15o89zb.com/jb/4d7077bd35bb5ffb04401bc4372fad19,True,7時間前,2026-06-20 01:17:06,神奈川県
歯科衛生士／教育体制充実 駅チカ徒歩3分 昇給・賞与あり!訪問歯科診療...新着,医療法人社団厚誠会歯科 海老名,神奈川県,"月給23万9,400円",正社員,歯科,求人ボックス,https://xn--pckua2a7gp15o89zb.com/jb/949f8989e52a7292129cca354b6076cc,True,13時間前,2026-06-20 01:17:06,神奈川県
金属部品の加工オペレーター・マシニングセンタ／工業系卒歓迎／未経験OK／交通費支給／男女活躍新着,アネックス・ジャパン株式会社,埼玉県,"時給1,900円～2,300円",派遣社員,派遣,求人ボックス,https://xn--pckua2a7gp15o89zb.com/jbn/59419a6d70e55745494defb6ea5fa973,True,23時間前,2026-06-20 01:16:38,埼玉県
保育補助新着,社会福祉法人松沢福祉会,埼玉県,"時給1,350円",派遣社員,派遣,求人ボックス,https://xn--pckua2a7gp15o89zb.com/jb/028eb5e36fd70cf386591a8f7ec83442,True,18時間前,2026-06-20 01:16:38,埼玉県
調理師／調理スタッフ／介護／介護付き有料老人ホーム新着,セントスタッフ株式会社,埼玉県,"時給1,300円～",派遣社員,派遣,求人ボックス,https://xn--pckua2a7gp15o89zb.com/jbn/ef3425f4d0b69fedc752c17ed9e79191,True,11時間前,2026-06-20 01:16:38,埼玉県
データ入・電話対応・帳票印刷／土日祝休み新着,株式会社マンキャピタル,埼玉県,"時給1,450円",派遣社員,派遣,求人ボックス,https://xn--pckua2a7gp15o89zb.com/jb/3ff11b0eb87e9f3424ed4ced93128f70,True,3時間前,2026-06-20 01:16:38,埼玉県
保育補助新着,川越市,埼玉県,"時給1,600円",派遣社員,派遣,求人ボックス,https://xn--pckua2a7gp15o89zb.com/jb/5c5417ef40e7b056eae7b644de15bbcb,True,18時間前,2026-06-20 01:16:38,埼玉県
機械担当スタッフ新着,株式会社ヤマトアシスト,埼玉県,"時給1,550円～1,938円",正社員,派遣,求人ボックス,https://xn--pckua2a7gp15o89zb.com/jb/3c8d386f1312fa8a5f1f6eea66990ac9,True,15時間前,2026-06-20 01:16:38,埼玉県
保育士新着,草加市,埼玉県,月給27万,派遣社員,派遣,求人ボックス,https://xn--pckua2a7gp15o89zb.com/jb/057a7d903e6e523a3dfc791b757850b2,True,18時間前,2026-06-20 01:16:38,埼玉県
製造スタッフ／梱包／倉庫管理 未経験でも高時給スタート 販促備品の組立·梱包·発送補助新着,株式会社イーエムアイ,埼玉県,"時給1,530円～1,913円",派遣社員,派遣,求人ボックス,https://xn--pckua2a7gp15o89zb.com/jb/c8931b6cc4f9472d0c01111c94cdb914,True,1時間前,2026-06-20 01:16:39,埼玉県
建設機械の組み立て新着,株式会社グロップジョイ,埼玉県,"時給1,500円",派遣社員,派遣,求人ボックス,https://xn--pckua2a7gp15o89zb.com/jb/7de29959f2aa0152f63f3b807fe15b06,True,1時間前,2026-06-20 01:16:39,埼玉県
管理営業員新着,株式会社クレッシェンド,埼玉県,月給28万円,正社員,派遣,求人ボックス,https://xn--pckua2a7gp15o89zb.com/jb/7072b284960c55eef915460d100c2cec,True,2時間前,2026-06-20 01:16:39,埼玉県
安定収入×福利厚生充実!／製造・軽作業／20～50代活躍中／未経験歓迎新着,日本マニュファクチャリングサービス株式会社,埼玉県,"月給21万8,000円",正社員,派遣,求人ボックス,https://xn--pckua2a7gp15o89zb.com/jbn/d6bbcb163e3be4e9ec0ba14973c706e5,True,8時間前,2026-06-20 01:16:39,埼玉県
大手企業で営業事務新着,ヒューマンリソシア株式会社,埼玉県,"時給1,700円",派遣社員,派遣,求人ボックス,https://xn--pckua2a7gp15o89zb.com/jb/0c0d8c56f129436cab0871899782d7a8,True,4時間前,2026-06-20 01:16:39,埼玉県
自動車部品の部品供給スタッフ／2交替勤務／土日休み／大型連休あり新着,株式会社Athena,埼玉県,"時給1,550円～1,937円",派遣社員,派遣,求人ボックス,https://xn--pckua2a7gp15o89zb.com/jb/56cdb94e67533fe84d0b69ebcd5ef76c,True,1時間前,2026-06-20 01:16:39,埼玉県
一般事務・OA事務／長期 事務 残業なし 17時定時 土日祝休み新着,パーソルテンプスタッフ株式会社,埼玉県,"時給1,300円",派遣社員,派遣,求人ボックス,https://xn--pckua2a7gp15o89zb.com/jb/8f9b1f3bb5f3484df27632b5d464b4cf,True,14時間前,2026-06-20 01:16:42,埼玉県
介護職員・介護福祉士・ヘルパー／週3日～OK／在宅復帰をめざす高齢者サポ!新着,株式会社DYMキャリア,埼玉県,"時給1,600円～2,250円",派遣社員,派遣,求人ボックス,https://xn--pckua2a7gp15o89zb.com/jbn/a223bb2da141c932f3b54dd595e4ea24,True,19時間前,2026-06-20 01:16:42,埼玉県
H110244新着,株式会社ウィルオブ・ワーク FO大宮営業,埼玉県,"時給1,300円",派遣社員,派遣,求人ボックス,https://xn--pckua2a7gp15o89zb.com/jb/43110be50bc5529395247d1296121ea9,True,14時間前,2026-06-20 01:16:42,埼玉県
組立・部品加工新着,ランスタッド株式会社,埼玉県,"時給1,500円",派遣社員,派遣,求人ボックス,https://xn--pckua2a7gp15o89zb.com/jb/0a96b1a2f17061aa0e1849d34b1d1bbb,True,20時間前,2026-06-20 01:16:42,埼玉県
保育士／時給1550円／15:00～18:00／週4日～／土日祝休み／定員80名の認可保育園新着,株式会社アスカ,埼玉県,時給1550円,派遣社員,派遣,求人ボックス,https://xn--pckua2a7gp15o89zb.com/jb/2ff4e1fa3a1511307eb7aea2a1bf6db9,True,9時間前,2026-06-20 01:16:42,埼玉県
成型機オペレーター補助新着,株式会社ハーベストビィズキャリア,埼玉県,"時給1,500円～",派遣社員,派遣,求人ボックス,https://xn--pckua2a7gp15o89zb.com/jb/755fb9ac7faa7ef0a183bb4cd5fe856d,True,9時間前,2026-06-20 01:16:46,埼玉県
医療向けリネン類のピッキング・たたみ作業「勤務日・時間・短時間応相談」新着,株式会社三和企商,埼玉県,"時給1,145円～1,300円",アルバイト・パート,派遣,求人ボックス,https://xn--pckua2a7gp15o89zb.com/jb/c1732847accd618f8108f0cdec404b3b,True,3時間前,2026-06-20 01:16:46,埼玉県
コンビニ物流センターのリーチフォークリフト作業「週払いOK／好環境」新着,ティーエスケイ株式会社,埼玉県,"時給1,450円～1,813円",派遣社員,派遣,求人ボックス,https://xn--pckua2a7gp15o89zb.com/jb/3fda21e04874cb9817fc4d291c966dc0,True,3時間前,2026-06-20 01:16:46,埼玉県
週1～3日勤務 扶養内OK 市役所内でマイナンバーカードオンライン窓口の利用サポート業務新着,株式会社ヒト・コミュニケーションズ,埼玉県,"時給1,300円",契約社員,派遣,求人ボックス,https://xn--pckua2a7gp15o89zb.com/jb/7e86c5bc732eecc02ed2e74abd8a8175,True,19時間前,2026-06-20 01:16:46,埼玉県
自動車部品のロボット溶接「シニア世代も活躍中／入社祝金あり」新着,株式会社中央サービス,埼玉県,"時給1,450円～1,813円",派遣社員,派遣,求人ボックス,https://xn--pckua2a7gp15o89zb.com/jb/658255795c0a5f3978353a143be8181c,True,21時間前,2026-06-20 01:16:46,埼玉県
ラベル貼り／日勤／土日祝休み新着,株式会社ウィルオブ・ワーク,埼玉県,"時給1,250円",派遣社員,派遣,求人ボックス,https://xn--pckua2a7gp15o89zb.com/jb/32de7be821f1748ae4b775e21c1565b5,True,14時間前,2026-06-20 01:16:49,埼玉県
有名パンメーカーで仕分け・検品新着,株式会社ウィルオブ・ワーク FO川越,埼玉県,"時給1,265円",派遣社員,派遣,求人ボックス,https://xn--pckua2a7gp15o89zb.com/jb/e753fbb6290161c734b312cbe03ebfdb,True,14時間前,2026-06-20 01:16:49,埼玉県
AED電極パッドの組立・検査・包装「正社員／新工場／土日祝休み」新着,スタッフ,埼玉県,月給24万円～27万,正社員,派遣,求人ボックス,https://xn--pckua2a7gp15o89zb.com/jb/10c2d9df7391add13f59fc68affffc38,True,3時間前,2026-06-20 01:16:49,埼玉県
ロードサービスの受付／20~30代大活躍中 ブランク明けでも安心スタート 月収31万円～も可能!新着,株式会社セリオ,埼玉県,"時給1,800円～1,900円",派遣社員,派遣,求人ボックス,https://xn--pckua2a7gp15o89zb.com/jb/d28fb9c0cc72214c04997ced4e4a8e46,True,6時間前,2026-06-20 01:16:49,埼玉県
保育士新着,社会福祉法人殿山福祉会,埼玉県,"時給1,500円",派遣社員,派遣,求人ボックス,https://xn--pckua2a7gp15o89zb.com/jb/95666992ba7d145a0351f3aff39c66a5,True,18時間前,2026-06-20 01:16:49,埼玉県
住宅設備の組立・加工 車通勤可 土日祝休み新着,株式会社ウィルオブ・ワーク FO熊谷,埼玉県,"時給1,315円",派遣社員,派遣,求人ボックス,https://xn--pckua2a7gp15o89zb.com/jb/a6a56b663425d563118028db880e8c8f,True,14時間前,2026-06-20 01:16:49,埼玉県
開始時間選択可能／IT運用・セキュリティ対応新着,アデコ株式会社,埼玉県,"時給2,800円～",派遣社員,派遣,求人ボックス,https://xn--pckua2a7gp15o89zb.com/jb/c2f692b968a447f9e24b9c4aed8e67aa,True,19時間前,2026-06-20 01:16:49,埼玉県
「VIP送迎中心」夜勤ハイヤードライバー／年収600万円以上／賞与年2回新着,社員...,埼玉県,"月給47万8,500円",正社員,派遣,求人ボックス,https://xn--pckua2a7gp15o89zb.com/jbn/ba3a1f39d2d5db478e818578e9a64207,True,18時間前,2026-06-20 01:16:49,埼玉県
保育士新着,社会福祉法人秋草福祉会,埼玉県,"時給1,500円",派遣社員,派遣,求人ボックス,https://xn--pckua2a7gp15o89zb.com/jb/a66b6a2ac00cdcaa8d5cbcd0f57ad944,True,18時間前,2026-06-20 01:16:49,埼玉県
保育補助新着,社会福祉法人あゆみ会,埼玉県,"時給1,500円",派遣社員,派遣,求人ボックス,https://xn--pckua2a7gp15o89zb.com/jb/64a9dc3b3704a5f233665c44ad868202,True,18時間前,2026-06-20 01:16:52,埼玉県
「「寮費無料×時給1560円!夜勤のみ」」メイク用品の倉庫内軽作業新着,セブンエージェント株式会社,埼玉県,時給1560円,派遣社員,派遣,求人ボックス,https://xn--pckua2a7gp15o89zb.com/jb/573277fdcaad7c79589ba3de78f6dd37,True,16時間前,2026-06-20 01:16:52,埼玉県
高時給!週5日〜荷受け・解凍業務新着,株式会社ウィルオブ・ワーク FO東京,埼玉県,"時給1,400円",派遣社員,派遣,求人ボックス,https://xn--pckua2a7gp15o89zb.com/jb/7892c9abfdb2144b62e05e86f8de8945,True,14時間前,2026-06-20 01:16:52,埼玉県
保育補助新着,社会福祉法人こぶし保育園,埼玉県,"時給1,350円",派遣社員,派遣,求人ボックス,https://xn--pckua2a7gp15o89zb.com/jb/90a36e78f862bdc52539a35e2e6d3644,True,18時間前,2026-06-20 01:16:52,埼玉県
自動車部品のピッキングスタッフ／土日休み／日払いOK新着,アールシースタッフ株式会社,埼玉県,"時給1,200円～1,500円",派遣社員,派遣,求人ボックス,https://xn--pckua2a7gp15o89zb.com/jb/f2a347d2d53de236a909cc86ca15cee3,True,9時間前,2026-06-20 01:16:52,埼玉県
メーカー向けエンジニア派遣の提案営業／未経験歓迎新着,株式会社メイテック,埼玉県,年収450万円～600万円,正社員,派遣,求人ボックス,https://xn--pckua2a7gp15o89zb.com/jbn/4c86d28a46fa5686cc6c4b206eb2e24a,True,23時間前,2026-06-20 01:16:52,埼玉県
ドライバー・物流系／物流倉庫内での入出庫作業新着,登録制/オープニング,埼玉県,"時給1,315円～1,643円",派遣社員,派遣,求人ボックス,https://xn--pckua2a7gp15o89zb.com/jb/92e8649c77eb875c3b8b35e98f7d676d,True,17時間前,2026-06-20 01:16:52,埼玉県
未経験でも高時給!香水やギフトセットなどの仕分け新着,株式会社アルミラ,埼玉県,"時給1,420円～",アルバイト・パート,派遣,求人ボックス,https://xn--pckua2a7gp15o89zb.com/jb/abd7190eab2245ab605d5252aa04d1b8,True,13時間前,2026-06-20 01:16:52,埼玉県
未経験可／研修充実／システムエンジニア新着,infront株式会社,埼玉県,月給28万円～50万円,正社員,派遣,求人ボックス,https://xn--pckua2a7gp15o89zb.com/jbn/e306b2d73a46e6532d0ae377a173780a,True,2時間前,2026-06-20 01:16:52,埼玉県
未経験可／研修充実／システムエンジニア新着,ナナイロモバイル株式会社,埼玉県,月給28万円～50万円,正社員,派遣,求人ボックス,https://xn--pckua2a7gp15o89zb.com/jbn/9374d5d214c0df8ea4bba5f1ad41c70b,True,2時間前,2026-06-20 01:16:57,埼玉県
販売・接客／就業時間相談可能 接客応対新着,マンパワーグループ株式会社,埼玉県,"時給1,500円～1,550円",派遣社員,派遣,求人ボックス,https://xn--pckua2a7gp15o89zb.com/jb/fc02d7fdc877f173b0e19ed9a65c0760,True,5時間前,2026-06-20 01:16:57,埼玉県
一般事務新着,株式会社リクルートスタッフィング,埼玉県,"時給1,650円～",派遣社員,派遣,求人ボックス,https://xn--pckua2a7gp15o89zb.com/jb/469a80be90a3a2decfe2d1ab76f00539,True,17時間前,2026-06-20 01:16:57,埼玉県
未経験可／研修充実／システムエンジニア新着,株式会社HIGHEST,埼玉県,月給28万円～50万円,正社員,派遣,求人ボックス,https://xn--pckua2a7gp15o89zb.com/jbn/7ad7583c9491f2f69f3352a0ccca6e64,True,2時間前,2026-06-20 01:16:57,埼玉県
披露宴コース料理の調理スタッフ／20代活躍中／未経験・第二新卒／賞与あり新着,未経験OK,埼玉県,"月給23万2,000円",正社員,派遣,求人ボックス,https://xn--pckua2a7gp15o89zb.com/jbn/a8732733213978224f3fe12ee6f555c6,True,3時間前,2026-06-20 01:16:57,埼玉県
食品工場での品質管理業務 微生物検査新着,株式会社RDサポート,埼玉県,"時給1,700円",派遣社員,派遣,求人ボックス,https://xn--pckua2a7gp15o89zb.com/jb/44a2f59e19c810ad36eb56bd046be948,True,4時間前,2026-06-20 01:16:57,埼玉県
携帯販売ショップでの接客販売業務／20代活躍中／未経験・第二新卒／賞与あり／さいたま市緑区美園新着,未経験OK,埼玉県,月給23万円～50万円,正社員,派遣,求人ボックス,https://xn--pckua2a7gp15o89zb.com/jbn/515207a36b45203ef0e78918cac5081c,True,3時間前,2026-06-20 01:17:00,埼玉県
ピッキング新着,株式会社ウィルエージェンシー 大宮,埼玉県,"時給1,402円～",派遣社員,派遣,求人ボックス,https://xn--pckua2a7gp15o89zb.com/jb/923e0541e0a88a8da88b71eaed4ce879,True,10時間前,2026-06-20 01:17:00,埼玉県
青果市場の営業スタッフ／20代活躍中／未経験・第二新卒／賞与あり／春日部市小渕新着,スタッフ,埼玉県,月給20万円～40万円,正社員,派遣,求人ボックス,https://xn--pckua2a7gp15o89zb.com/jbn/fefdf392ffda31f7f1676d053c8786f3,True,2時間前,2026-06-20 01:17:00,埼玉県
「今からでもOK!新しい環境でリスタート」製造組み立て／寮・社宅・家賃補助あり新着,で収入も不安定...,埼玉県,月給27万円～45万円,正社員,派遣,求人ボックス,https://xn--pckua2a7gp15o89zb.com/jbn/bafe18838f88b99cf2191e82ae841f53,True,2時間前,2026-06-20 01:17:00,埼玉県
「今からでもOK!新しい環境でリスタート」製造組み立て／年休125日以上・完全週休2日制新着,で収入も不安定...,埼玉県,月給27万円～45万円,正社員,派遣,求人ボックス,https://xn--pckua2a7gp15o89zb.com/jbn/f9cc2223b2dd5162e91e27dfb4bb3ea9,True,2時間前,2026-06-20 01:17:00,埼玉県
「今からでもOK!新しい環境でリスタート」工場スタッフ／年休125日以上・完全週休2日制新着,で収入も不安定...,埼玉県,月給27万円～45万円,正社員,派遣,求人ボックス,https://xn--pckua2a7gp15o89zb.com/jbn/d5abd010e7927841672199650f0384f6,True,2時間前,2026-06-20 01:17:00,埼玉県
建設・土木現場での施工管理業務／20代活躍中／未経験・第二新卒／土日祝休み／賞与あり新着,スタッフ,埼玉県,"月給23万1,000円",正社員,派遣,求人ボックス,https://xn--pckua2a7gp15o89zb.com/jbn/057758a1850c549e8c31798fcfd0a9ab,True,2時間前,2026-06-20 01:17:00,埼玉県
携帯ショップでの販売・店舗運営／20代活躍中／未経験・第二新卒／賞与あり／さいたま市浦和区北浦和新着,未経験OK,埼玉県,月給22万円～50万円,正社員,派遣,求人ボックス,https://xn--pckua2a7gp15o89zb.com/jbn/cee92b35231e18074c4a011d06d2566b,True,3時間前,2026-06-20 01:17:03,埼玉県
制作進行 深夜アニメの現場で成長! 未経験歓迎×残業代全額新着,株式会社フェローズ,埼玉県,"月給21万5,000円",派遣社員,派遣,求人ボックス,https://xn--pckua2a7gp15o89zb.com/jb/4340fa8f1b73d85f0c13efcf4d1130ea,True,13時間前,2026-06-20 01:17:03,埼玉県
「今からでもOK!新しい環境でリスタート」20代30代の未経験から活躍／モノづくりエンジニア新着,で収入も不安定...,埼玉県,月給27万円～45万円,正社員,派遣,求人ボックス,https://xn--pckua2a7gp15o89zb.com/jbn/63ae81e0af882787ac80bb62a02da35f,True,3時間前,2026-06-20 01:17:03,埼玉県
「今からでもOK!新しい環境でリスタート」20代30代の未経験から活躍／製造オペレーター新着,で収入も不安定...,埼玉県,月給27万円～45万円,正社員,派遣,求人ボックス,https://xn--pckua2a7gp15o89zb.com/jbn/650eeeb8db2764c289c8918b97641c91,True,3時間前,2026-06-20 01:17:03,埼玉県
医療・介護業界向け人材紹介／未経験歓迎／昇給あり新着,レバレジーズ株式会社,埼玉県,年収500万円～600万円,正社員,派遣,求人ボックス,https://xn--pckua2a7gp15o89zb.com/jbn/1cf1275fe112ca2cf54da3616c06ecb4,True,23時間前,2026-06-20 01:17:03,埼玉県
賃貸物件巡回と管理業務／20代活躍中／未経験・第二新卒／賞与あり／熊谷市筑波新着,未経験OK,埼玉県,月給21万円～30万円,正社員,派遣,求人ボックス,https://xn--pckua2a7gp15o89zb.com/jbn/7a1555255a7069688c7cc1a255f6d589,True,3時間前,2026-06-20 01:17:03,埼玉県
擬似太陽光源装置の開発設計・製造／20代活躍中／未経験・第二新卒／土日祝休み／賞与あり新着,未経験OK,埼玉県,月給30万円～45万円,正社員,派遣,求人ボックス,https://xn--pckua2a7gp15o89zb.com/jbn/1ce9fb83207f3a0abac0138b9b512079,True,5時間前,2026-06-20 01:17:06,埼玉県
「今からでもOK!新しい環境でリスタート」製造スタッフ／寮・社宅・家賃補助あり新着,で収入も不安定...,埼玉県,月給27万円～45万円,正社員,派遣,求人ボックス,https://xn--pckua2a7gp15o89zb.com/jbn/c2bffc52579d88f8345b4e18a7f29058,True,2時間前,2026-06-20 01:17:06,埼玉県
「今からでもOK!新しい環境でリスタート」20代30代の未経験から活躍／製造オペレーター新着,で収入も不安定...,埼玉県,月給27万円～45万円,正社員,派遣,求人ボックス,https://xn--pckua2a7gp15o89zb.com/jbn/28eb3f60323c257417df9b7c9292c7d8,True,3時間前,2026-06-20 01:17:06,埼玉県
「今からでもOK!新しい環境でリスタート」20代30代の未経験から活躍／工場スタッフ新着,で収入も不安定...,埼玉県,月給27万円～45万円,正社員,派遣,求人ボックス,https://xn--pckua2a7gp15o89zb.com/jbn/c8bafb31c3d65af4b9c9c170edcc3d90,True,3時間前,2026-06-20 01:17:06,埼玉県
仕分けスタッフ／倉庫内作業新着,フリーターさんや,埼玉県,"月給26万6,000円",正社員,派遣,求人ボックス,https://xn--pckua2a7gp15o89zb.com/jbn/1eb1b2663d12ddb8930b80a3cf625b3b,True,1時間前,2026-06-20 01:17:06,埼玉県
ECサイト管理・運用と売上UP施策／20代活躍中／未経験・第二新卒／土日祝休み／賞与あり／川口市領家新着,未経験OK,埼玉県,月給29万円～40万円,正社員,派遣,求人ボックス,https://xn--pckua2a7gp15o89zb.com/jbn/8f3edd155cbf6b8842b3339ffcd17d5a,True,5時間前,2026-06-20 01:17:06,埼玉県
刺身の大衆酒場の飲食店スタッフ 大学生応援・時短OK 無料まかない新着,焼き鳥 やきとん おでん 大衆酒場 六方しんのすけ,埼玉県,"時給1,141円～1,426円",アルバイト・パート,飲食,求人ボックス,https://xn--pckua2a7gp15o89zb.com/jb/fb12c50319f4f337e5fc214874810917,True,58分前,2026-06-20 01:16:58,埼玉県
飲食店スタッフ新着,青木フルーツ株式会社,埼玉県,"時給1,155円",アルバイト・パート,飲食,求人ボックス,https://xn--pckua2a7gp15o89zb.com/jb/40d89eae3c53a8e7d2eecff9fad0703a,True,1時間前,2026-06-20 01:16:58,埼玉県
「夜勤・芸能／インフルエンサー送迎ドライバー」月収40万以上／二種免許不要・急募新着,株式会社ネクスト,埼玉県,"月給41万8,000円",正社員,飲食,求人ボックス,https://xn--pckua2a7gp15o89zb.com/jbn/1420f3268767036e0072ae0ff397f409,True,16時間前,2026-06-20 01:16:59,埼玉県
"専門料理店,・専門料理店新着",株式会社松屋フーズホールディングス,埼玉県,"月給21万1,000円",正社員,飲食,求人ボックス,https://xn--pckua2a7gp15o89zb.com/jbn/55d4d787f932172096b20252cc15000e,True,10時間前,2026-06-20 01:16:59,埼玉県
「寮完備」工場デビュー向け軽作業／日勤のみ／土日休み／未経験OK／軽作業／寮完備新着,飲食,埼玉県,月給23万円～27万円,アルバイト・パート,飲食,求人ボックス,https://xn--pckua2a7gp15o89zb.com/jbn/7e7544e8fbbcc76d1d961b1f12c94944,True,22時間前,2026-06-20 01:17:02,埼玉県
レストラン・専門料理店新着,株式会社利久,埼玉県,"月給20万5,800円",正社員,飲食,求人ボックス,https://xn--pckua2a7gp15o89zb.com/jbn/3dfd371b090272183ffa10a551793202,True,8時間前,2026-06-20 01:17:02,埼玉県
レストラン・専門料理店新着,株式会社東京正直屋,埼玉県,月給30万円～35万円,正社員,飲食,求人ボックス,https://xn--pckua2a7gp15o89zb.com/jbn/3711433ab5c44536fa9a6792c0023f6f,True,9時間前,2026-06-20 01:17:02,埼玉県
レストラン・専門料理店新着,日の丸サンズ株式会社,埼玉県,"月給22万1,000円",正社員,飲食,求人ボックス,https://xn--pckua2a7gp15o89zb.com/jbn/f7e498faa4df0ff4794342366ba99e81,True,11時間前,2026-06-20 01:17:02,埼玉県
レストラン・専門料理店新着,株式会社レクトン,埼玉県,月給25万円～28万円,契約社員,飲食,求人ボックス,https://xn--pckua2a7gp15o89zb.com/jbn/4e0156b188ad48dd13faf829cccb4567,True,7時間前,2026-06-20 01:17:05,埼玉県
レストラン・専門料理店新着,株式会社コーフク,埼玉県,月給38万円～42万円,正社員,飲食,求人ボックス,https://xn--pckua2a7gp15o89zb.com/jbn/35013cc08f18e7c4fa1c5890bc25dc42,True,12時間前,2026-06-20 01:17:05,埼玉県
レストラン・専門料理店新着,株式会社大庄,埼玉県,月給24万円～30万,正社員,飲食,求人ボックス,https://xn--pckua2a7gp15o89zb.com/jbn/ca88e4d710b29dac6eabd68b3d6a115d,True,8時間前,2026-06-20 01:17:05,埼玉県
"レストラン・専門料理店,レストラン・専門料理店新着",株式会社すかいらーくホールディングス,埼玉県,"月給25万5,200円",正社員,飲食,求人ボックス,https://xn--pckua2a7gp15o89zb.com/jbn/3e2197984242cd6cab2e29406aac440f,True,9時間前,2026-06-20 01:17:05,埼玉県
レストラン・専門料理店新着,有限会社寿奈賀,埼玉県,月給21万円～32万円,正社員,飲食,求人ボックス,https://xn--pckua2a7gp15o89zb.com/jbn/b168261582445a5596f4310d47866e6a,True,8時間前,2026-06-20 01:17:07,埼玉県
レストラン・専門料理店新着,株式会社東京一番フーズ,埼玉県,月給25万100円,正社員,飲食,求人ボックス,https://xn--pckua2a7gp15o89zb.com/jbn/a9933f10785386f925d9279ec21eb591,True,7時間前,2026-06-20 01:17:07,埼玉県
レストラン・専門料理店新着,株式会社ハッピーフーズ,埼玉県,"月給18万5,000円",正社員,飲食,求人ボックス,https://xn--pckua2a7gp15o89zb.com/jbn/5e6cdef8d4dbbb3b6ea497664051656c,True,10時間前,2026-06-20 01:17:07,埼玉県
レストラン・専門料理店新着,株式会社オーイズミフーズ,埼玉県,"月給26万4,000円",正社員,飲食,求人ボックス,https://xn--pckua2a7gp15o89zb.com/jbn/1c983f850612610358dbc22b34b7ced7,True,10時間前,2026-06-20 01:17:09,埼玉県
レストラン・専門料理店新着,SFPホールディングス株式会社,埼玉県,"月給28万6,000円",正社員,飲食,求人ボックス,https://xn--pckua2a7gp15o89zb.com/jbn/abd118bd1dde0f20b7c68516f5285ab7,True,10時間前,2026-06-20 01:17:09,埼玉県
「寮完備」かんたん検品・箱詰め／日勤のみ／土日休み／未経験OK／軽作業／寮完備新着,飲食,埼玉県,月給23万円～27万円,アルバイト・パート,飲食,求人ボックス,https://xn--pckua2a7gp15o89zb.com/jbn/53a422542d4774f1eed39a8dd4b52b06,True,22時間前,2026-06-20 01:17:09,埼玉県
"レストラン・専門料理店,レストラン・専門料理店新着",オリジン東秀株式会社,埼玉県,"月給26万1,500円",正社員,飲食,求人ボックス,https://xn--pckua2a7gp15o89zb.com/jbn/b65aff5256d1d64ac76c3aef57319d49,True,11時間前,2026-06-20 01:17:12,埼玉県
精肉部門サブチーフ新着,株式会社スーパーバリュー,埼玉県,"月給28万5,000円",正社員,飲食,求人ボックス,https://xn--pckua2a7gp15o89zb.com/jbn/aa614709f27b2f681b515cbecad4efb7,True,13時間前,2026-06-20 01:17:12,埼玉県
著名人送迎ドライバー「週3勤務」手取り40万以上／普通免許でOK／50代も活躍中新着,株式会社トラスト,埼玉県,"月給42万2,000円",正社員,飲食,求人ボックス,https://xn--pckua2a7gp15o89zb.com/jbn/88e3b7745dd8f2d87c2379b98a3637b9,True,20時間前,2026-06-20 01:17:16,埼玉県
レストラン・専門料理店新着,株式会社甲羅,埼玉県,"月給25万5,700円",正社員,飲食,求人ボックス,https://xn--pckua2a7gp15o89zb.com/jbn/23ea99b60ff1fc9031d3819fa502f2ba,True,8時間前,2026-06-20 01:17:16,埼玉県
未経験採用枠の施工管理アシスタント／年間休日125日／月給35万円～新着,株式会社ツナグバ,埼玉県,月給35万円～,正社員,飲食,求人ボックス,https://xn--pckua2a7gp15o89zb.com/jbn/c25bf7c153ebbaec13db53a1f280ff59,True,3時間前,2026-06-20 01:17:16,埼玉県
レストラン・専門料理店新着,株式会社ポポラマーマ,埼玉県,"月給25万9,000円",正社員,飲食,求人ボックス,https://xn--pckua2a7gp15o89zb.com/jbn/6080926c0b91dc6960046779e4ad0954,True,11時間前,2026-06-20 01:17:16,埼玉県
レストラン・専門料理店新着,株式会社魁力屋,埼玉県,月給23万円,正社員,飲食,求人ボックス,https://xn--pckua2a7gp15o89zb.com/jbn/0ec896511765a7ccc55499cd429b1b2d,True,11時間前,2026-06-20 01:17:16,埼玉県
食品製造管理者新着,DeRieFoods株式会社 吉川工場,埼玉県,月給22万円～36万円,正社員,飲食,求人ボックス,https://xn--pckua2a7gp15o89zb.com/jbn/c1a580a43003285096f24103b88765eb,True,13時間前,2026-06-20 01:17:19,埼玉県
レストラン・専門料理店新着,株式会社ベストプランニング,埼玉県,"月給22万1,000円",契約社員,飲食,求人ボックス,https://xn--pckua2a7gp15o89zb.com/jbn/f2066c94d95e70dc2556f5a0c68b67c2,True,8時間前,2026-06-20 01:17:19,埼玉県
レストラン・専門料理店新着,株式会社ブロンコビリー,埼玉県,"月給24万6,600円",正社員,飲食,求人ボックス,https://xn--pckua2a7gp15o89zb.com/jbn/4cd732cf4ac1fc27c5883597924c5104,True,9時間前,2026-06-20 01:17:23,埼玉県
店舗スタッフ「一般社員」／川口上青木店新着,幸楽苑 川口上青木店,埼玉県,"月給21万5,000円",正社員,飲食,求人ボックス,https://xn--pckua2a7gp15o89zb.com/jbn/cdc931864c9f09e7700f96a62c8369d3,True,21時間前,2026-06-20 01:17:23,埼玉県
店舗スタッフ「一般社員」／所沢美原店新着,幸楽苑 所沢美原店,埼玉県,"月給21万5,000円",正社員,飲食,求人ボックス,https://xn--pckua2a7gp15o89zb.com/jbn/9606f22dbfb34d43cee926cd80d9de96,True,21時間前,2026-06-20 01:17:23,埼玉県
医療事務・社会保険完備の職場で医療事務／受付新着,たすくホームクリニック,神奈川県,月給22万円～,正社員,医療事務,求人ボックス,https://xn--pckua2a7gp15o89zb.com/jb/47654ef4105d4ac599b4c33b55ef51da,True,3時間前,2026-06-20 01:17:10,神奈川県
医療事務・社会保険完備の職場で医療事務／受付新着,医療法人バディ クリニック,神奈川県,"月給20万5,000円",正社員,医療事務,求人ボックス,https://xn--pckua2a7gp15o89zb.com/jb/76605fd8431d6dbb814751bc09abfb9c,True,3時間前,2026-06-20 01:17:10,神奈川県
医療関係業務 ／ 一般事務・OA事務 ／車通勤可 残業少なめ 医療事務新着,パーソルテンプスタッフ株式会社,神奈川県,"時給1,600円",正社員,医療事務,求人ボックス,https://xn--pckua2a7gp15o89zb.com/jb/307c89ed89b46a6ed1089f577c353b87,True,21時間前,2026-06-20 01:17:10,神奈川県
医療事務募集新着,もみじ内科・呼吸器クリニック,神奈川県,月給22万円,正社員,医療事務,求人ボックス,https://xn--pckua2a7gp15o89zb.com/jb/c7f26b0e99d5b4ae8affec368c29533c,True,3時間前,2026-06-20 01:17:10,神奈川県
医療事務／クリニック新着,医療法人社団緑風会 スマイルクリニック,神奈川県,月給24万円～,正社員,医療事務,求人ボックス,https://xn--pckua2a7gp15o89zb.com/jb/b984c2541c373219c36d81e66658c397,True,21時間前,2026-06-20 01:17:10,神奈川県
県立がんセンター 医療事務 放射線診断科新着,株式会社ニチイ学館,神奈川県,"時給1,250円～1,300円",派遣社員,医療事務,求人ボックス,https://xn--pckua2a7gp15o89zb.com/jb/d60514e54008c3722a16cdab2436d844,True,10時間前,2026-06-20 01:17:14,神奈川県
医療事務新着,株式会社リクルートスタッフィング,神奈川県,"時給1,750円～",派遣社員,医療事務,求人ボックス,https://xn--pckua2a7gp15o89zb.com/jb/e5fa8cbe565df680fd90c06c1939e777,True,17時間前,2026-06-20 01:17:14,神奈川県
医療事務 受付・クラーク／医療法人社団健信会 田村内科クリニック新着,株式会社日本教育クリエイト,神奈川県,月給23万円,派遣社員,医療事務,求人ボックス,https://xn--pckua2a7gp15o89zb.com/jb/cd2d9d75755e7ff5e359caae35e398fc,True,21時間前,2026-06-20 01:17:17,神奈川県
医療関係業務 ／ 一般事務・OA事務／安定+手に職がつく医療事務新着,株式会社メディカルファーマシィー,神奈川県,年収285万円～328万円,正社員,医療事務,求人ボックス,https://xn--pckua2a7gp15o89zb.com/jb/b0e121e3235e6d9c283a929fae096de2,True,20時間前,2026-06-20 01:17:17,神奈川県
医療事務／正社員登用予定!賞与年2回あり!病院受付業務など新着,株式会社スタッフサービス,神奈川県,"時給1,700円～1,750円",正社員,医療事務,求人ボックス,https://xn--pckua2a7gp15o89zb.com/jb/de5e1942d9cd35be9d472798884eeb66,True,13時間前,2026-06-20 01:17:20,神奈川県
データ提出担当・社会保険完備の職場で医療事務／受付新着,神奈川病院,神奈川県,"月給18万2,000円",正社員,医療事務,求人ボックス,https://xn--pckua2a7gp15o89zb.com/jb/3ba613c5b9543ef8b8968c5ac90b9da7,True,3時間前,2026-06-20 01:17:20,神奈川県
一般事務・営業事務／医療事務の受付業務新着,転職サービス Jobuddy,神奈川県,"時給1,650円",,医療事務,求人ボックス,https://xn--pckua2a7gp15o89zb.com/jb/0e397bf61e5b4ad9c8b88e02be1c0b4b,True,6時間前,2026-06-20 01:17:20,神奈川県
時給1650円 交通費支給 クリニック内での受付業務! 医療事務新着,株式会社ジャストファイン,神奈川県,時給1650円,派遣社員,医療事務,求人ボックス,https://xn--pckua2a7gp15o89zb.com/jb/9d3ab9f04d0e9388fa65d231935f8b74,True,21時間前,2026-06-20 01:17:24,神奈川県
医療事務募集新着,片桐眼科クリニック,神奈川県,月給22万円～,正社員,医療事務,求人ボックス,https://xn--pckua2a7gp15o89zb.com/jb/4419e6b7625599507682bce544908451,True,3時間前,2026-06-20 01:17:24,神奈川県
18時まで 週休2日制 メディカルモール内クリニックの医療事務大募集「...新着,CME登録販売者,神奈川県,月給20万円～25万円,正社員,医療事務,求人ボックス,https://xn--pckua2a7gp15o89zb.com/jb/1bbb7a21b84e25e2d2d5ce634ac96464,True,18時間前,2026-06-20 01:17:28,神奈川県
エステサロンのセラピスト／未経験OK／アロマセラピー／安定収入／マッサージ／ヘッドスパ新着,ラフィネ 横浜ジョイナス店,神奈川県,"月給23万1,000円",正社員,医療事務,求人ボックス,https://xn--pckua2a7gp15o89zb.com/jbn/fd4fd864f0fa85013a7b8875a545abd8,True,18時間前,2026-06-20 01:17:28,神奈川県
アロマセラピスト／エステサロン／未経験OK／20代～30代女性必見／最大手ラフィネグループ新着,ラフィネ ミウィ橋本店,神奈川県,"月給23万1,000円",正社員,医療事務,求人ボックス,https://xn--pckua2a7gp15o89zb.com/jbn/bb02c516580efc8f351869e54dd39d06,True,18時間前,2026-06-20 01:17:28,神奈川県
セラピスト／リラクゼーション／未経験・経験に合わせた無料研修／アロマテラピー／ノルマなし新着,ラフィネ 川崎アゼリア店,神奈川県,"月給23万1,000円",正社員,医療事務,求人ボックス,https://xn--pckua2a7gp15o89zb.com/jbn/3fa7a6c20339b841dba574cffb5ff967,True,18時間前,2026-06-20 01:17:31,神奈川県
セラピスト／未経験OK／エステサロン／リラクゼーション／インセンティブあり／ノルマなし新着,整体ナチュラルボディ ららぽーと海老名店,神奈川県,"月給23万1,000円",正社員,医療事務,求人ボックス,https://xn--pckua2a7gp15o89zb.com/jbn/c7a7757209ee749db322acc26a8c99cb,True,18時間前,2026-06-20 01:17:31,神奈川県
リラクゼーションサロンのセラピスト／未経験OK／資格なし／アロマセラピー／エステサロン／ヘッドスパ新着,グランラフィネ ルミネ横浜店,神奈川県,"月給23万1,000円",正社員,医療事務,求人ボックス,https://xn--pckua2a7gp15o89zb.com/jbn/34a21cca5c73910b4c165039d9382347,True,18時間前,2026-06-20 01:17:31,神奈川県
リラクゼーションサロンのセラピスト／未経験OK／資格なし／アロマセラピー／エステサロン／ヘッドスパ新着,バダンバルー ニュウマン横浜店,神奈川県,"月給23万1,000円",正社員,医療事務,求人ボックス,https://xn--pckua2a7gp15o89zb.com/jbn/f0b5c9fa8456eba5ba737c41b3a1f461,True,18時間前,2026-06-20 01:17:35,神奈川県
アロマセラピスト／未経験OK／エステサロン／業界最大手／マッサージ／独立支援新着,トータルセラピー ららぽーと横浜店,神奈川県,"月給23万1,000円",正社員,医療事務,求人ボックス,https://xn--pckua2a7gp15o89zb.com/jbn/e8d2018ced10a1711e8ee1bc0ea8f2f8,True,18時間前,2026-06-20 01:17:35,神奈川県
リラクゼーションセラピスト／未経験9割／マッサージ／無料研修あり／高時給／土日祝休みOK新着,ラフィネ ラスカ平塚店,神奈川県,"月給23万1,000円",正社員,医療事務,求人ボックス,https://xn--pckua2a7gp15o89zb.com/jbn/19334d11a211ecb2d05f0bc24de532a0,True,18時間前,2026-06-20 01:17:35,神奈川県
マッサージセラピスト／未経験OK／ヘッドスパ／リラクゼーション／エステサロン／アロマテラピー新着,ラフィネ 京急杉田店,神奈川県,"月給23万1,000円",正社員,医療事務,求人ボックス,https://xn--pckua2a7gp15o89zb.com/jbn/ca862f990508aea22cbd2428fffc8790,True,18時間前,2026-06-20 01:17:38,神奈川県
介護職／ヘルパー／介護老人保健施設／車通勤可能／短時間勤務／昇給あり新着,医療法人中村会,神奈川県,"時給1,250円～1,300円",アルバイト・パート,介護,求人ボックス,https://xn--pckua2a7gp15o89zb.com/jbn/7528b77f1c0264492a127d7dbada907c,True,11時間前,2026-06-20 01:17:09,神奈川県
介護職／ヘルパー／特別養護老人ホーム／年間休日108日／昇給賞与あり新着,社会福祉法人敬愛,神奈川県,月給22万円～24万円,正社員,介護,求人ボックス,https://xn--pckua2a7gp15o89zb.com/jbn/488bc38c23c400c75508c360b802ebd5,True,11時間前,2026-06-20 01:17:13,神奈川県
介護職／ヘルパー／茅ヶ崎市柳島海岸／小規模多機能型居宅介護／車通勤可新着,株式会社リフシア,神奈川県,"時給1,225円～",アルバイト・パート,介護,求人ボックス,https://xn--pckua2a7gp15o89zb.com/jbn/432f4c79e370631e0e73e75eb26e5472,True,11時間前,2026-06-20 01:17:13,神奈川県
介護職／ヘルパー／横須賀市吉倉／特別養護老人ホーム／シフト制／夜勤なし新着,社会福祉法人金良会,神奈川県,"時給1,225円～1,531円",アルバイト・パート,介護,求人ボックス,https://xn--pckua2a7gp15o89zb.com/jbn/130f050707dc9d2d9eb2b7ff486f66a2,True,11時間前,2026-06-20 01:17:17,神奈川県
介護職／ヘルパー／養護老人ホーム／研修あり／夜勤手当あり／資格手当あり新着,社会福祉法人子の神福祉会 特別養護老人ホーム 富...,神奈川県,月給22万円～25万,正社員,介護,求人ボックス,https://xn--pckua2a7gp15o89zb.com/jbn/a1e41d601a238ad0778864b50af3b6fc,True,11時間前,2026-06-20 01:17:17,神奈川県
介護職／ヘルパー／グループホーム／車通勤可能／賞与あり／時間外ほぼなし新着,株式会社グループホームたんぽぽ水郷田名 グループ...,神奈川県,月給22万円～24万円,正社員,介護,求人ボックス,https://xn--pckua2a7gp15o89zb.com/jbn/4cb7eae5976eff9b1443e288cea9604a,True,11時間前,2026-06-20 01:17:21,神奈川県
介護職／ヘルパー／厚木市長谷／介護士／住宅型有料老人ホーム新着,株式会社日本アメニティライフ協会 福寿あつぎ長谷,神奈川県,"時給1,225円～1,400円",アルバイト・パート,介護,求人ボックス,https://xn--pckua2a7gp15o89zb.com/jbn/18adb41f0e2627760837e1f5440c512a,True,11時間前,2026-06-20 01:17:21,神奈川県
介護職／ヘルパー／グループホーム／マイカー通勤可／シフト制新着,株式会社メディカルケアシステム,神奈川県,"時給1,225円～1,400円",アルバイト・パート,介護,求人ボックス,https://xn--pckua2a7gp15o89zb.com/jbn/cff4c994e267e52d546914744b2353db,True,11時間前,2026-06-20 01:17:21,神奈川県
介護職／ヘルパー／デイサービス／駅から10分／フル勤務可能／賞与あり新着,社会福祉法人中川徳生会,神奈川県,"時給1,225円～1,400円",アルバイト・パート,介護,求人ボックス,https://xn--pckua2a7gp15o89zb.com/jbn/907eb862f2461143f5b28e495ed39fca,True,11時間前,2026-06-20 01:17:21,神奈川県
介護職／ヘルパー／藤沢市鵠沼／住宅型老人ホーム／昇給賞与あり新着,株式会社ベネッセスタイルケア,神奈川県,"月給24万6,000円",正社員,介護,求人ボックス,https://xn--pckua2a7gp15o89zb.com/jbn/030863a959a0ce5bf090b9ea2742121a,True,11時間前,2026-06-20 01:17:25,神奈川県
介護職／ヘルパー／介護付き有料老人ホーム新着,株式会社ベネッセスタイルケア 介護付有料老人ホー...,神奈川県,"月給24万6,000円",正社員,介護,求人ボックス,https://xn--pckua2a7gp15o89zb.com/jbn/6325a15b24c2e8f63bbd9dbafe9ac6d6,True,11時間前,2026-06-20 01:17:25,神奈川県
介護職／ヘルパー／藤沢市石川／ショートステイ／バス停すぐ／マイカー通勤...新着,社会福祉法人喜寿福祉会,神奈川県,"時給1,870円～2,050円",アルバイト・パート,介護,求人ボックス,https://xn--pckua2a7gp15o89zb.com/jbn/8836b3310e652fa2c50d5014c52f23f2,True,11時間前,2026-06-20 01:17:29,神奈川県
介護職／ヘルパー／平塚市岡崎／特別養護老人ホーム／車通勤可能新着,社会福祉法人湘南敬友会,神奈川県,"時給1,225円～1,400円",アルバイト・パート,介護,求人ボックス,https://xn--pckua2a7gp15o89zb.com/jbn/0e0133a83d8891c05021d8ed97d9d843,True,11時間前,2026-06-20 01:17:29,神奈川県
介護職／ヘルパー／介護付き有料老人ホーム新着,ライクケア株式会社,神奈川県,"月給28万4,700円",正社員,介護,求人ボックス,https://xn--pckua2a7gp15o89zb.com/jbn/7a710e01a92249a2b3b6ecb487d60ed4,True,11時間前,2026-06-20 01:17:29,神奈川県
介護職／ヘルパー／特別養護老人ホーム／資格取得支援制度あり／車通勤可新着,社会福祉法人アドベンチスト福祉会,神奈川県,"月給22万6,200円",正社員,介護,求人ボックス,https://xn--pckua2a7gp15o89zb.com/jbn/f00238cb8aa8e5363d4d2ac23e2fcfce,True,11時間前,2026-06-20 01:17:33,神奈川県
介護職／ヘルパー／小規模多機能型居宅介護／日勤のみ／車通勤OK新着,株式会社コムラ-ド,神奈川県,"時給1,225円～1,400円",アルバイト・パート,介護,求人ボックス,https://xn--pckua2a7gp15o89zb.com/jbn/19932139d8bf280c52dbce7b8d430f0c,True,11時間前,2026-06-20 01:17:33,神奈川県
介護職／ヘルパー／厚木市三田／グループホーム／日勤勤務／時間固定勤務新着,株式会社日本アメニティライフ協会,神奈川県,"時給1,225円～",アルバイト・パート,介護,求人ボックス,https://xn--pckua2a7gp15o89zb.com/jbn/1cfd7f959f39118c2e7624da7698af7c,True,11時間前,2026-06-20 01:17:33,神奈川県
介護職／ヘルパー／介護付き有料老人ホーム新着,株式会社ニチイ学館,神奈川県,"時給1,225円～1,400円",アルバイト・パート,介護,求人ボックス,https://xn--pckua2a7gp15o89zb.com/jbn/4a2a21b0e39466eea260c6dcda34d03c,True,11時間前,2026-06-20 01:17:36,神奈川県
介護職／ヘルパー／特別養護老人ホーム／自転車通勤可／敷地内全面禁煙新着,社会福祉法人川崎大師福祉会,神奈川県,"時給1,225円～1,400円",アルバイト・パート,介護,求人ボックス,https://xn--pckua2a7gp15o89zb.com/jbn/f699ce96b429475bc605f95394e7a6b1,True,11時間前,2026-06-20 01:17:36,神奈川県
介護職／ヘルパー／特別養護老人ホーム／昇給あり／夜勤手当／週3日〜新着,社会福祉法人伸こう福祉会,神奈川県,"時給1,263円～1,500円",アルバイト・パート,介護,求人ボックス,https://xn--pckua2a7gp15o89zb.com/jbn/b9acf9df973dad7724cd8f4509e52762,True,11時間前,2026-06-20 01:17:36,神奈川県
介護職／ヘルパー／デイサービス／駅チカ／車通勤可／賞与昇給あり新着,株式会社ツクイ ツクイ横浜中田,神奈川県,月給22万円～28万,正社員,介護,求人ボックス,https://xn--pckua2a7gp15o89zb.com/jbn/a4b430b83851a015c9e64dfdcd851a5a,True,11時間前,2026-06-20 01:17:38,神奈川県
保育士／企業主導型保育園／育休制度あり／育児支援あり／年末年始休暇新着,チューリップ保育園 横浜,神奈川県,月給26万円～28万円,正社員,保育,求人ボックス,https://xn--pckua2a7gp15o89zb.com/jbn/d80fb525bee4f654cfc626b6117cc45a,True,11時間前,2026-06-20 01:17:26,神奈川県
保育士／平塚市宮の前／認可保育園／正社員登用あり／育児休業あり新着,株式会社こどもの森,神奈川県,"時給1,225円～1,390円",正社員,保育,求人ボックス,https://xn--pckua2a7gp15o89zb.com/jbn/4119ed81ba17e2ca4763b59d5d799812,True,11時間前,2026-06-20 01:17:27,神奈川県
保育士／年間休日120日超!残業ほとんどなし!90名規模の認可園の保育...新着,社会福祉法人江東ことぶき会,神奈川県,月給24万円～27万,正社員,保育,求人ボックス,https://xn--pckua2a7gp15o89zb.com/jbn/bfe3e2321e82059ae7a5e284acd62239,True,11時間前,2026-06-20 01:17:27,神奈川県
保育士／小規模認可保育園／駅近／誕生日休暇あり／年間休日125日新着,特定非営利活動法人おれんじハウス,神奈川県,"月給21万5,000円",正社員,保育,求人ボックス,https://xn--pckua2a7gp15o89zb.com/jbn/55fa55b0f0ea0c6cf410db7051be5c9f,True,11時間前,2026-06-20 01:17:31,神奈川県
保育士／認可保育園／年間休日120日／育児介護休暇あり／研修手当あり新着,社会福祉法人わおわお福祉会,神奈川県,"月給32万1,800円",正社員,保育,求人ボックス,https://xn--pckua2a7gp15o89zb.com/jbn/c69f6d999a590c189fd356101c51e0b0,True,11時間前,2026-06-20 01:17:34,神奈川県
保育士／認可保育園／社会保険加入／異年齢保育／車通勤可／即日新着,セントスタッフ株式会社,神奈川県,"時給1,500円～1,700円",派遣社員,保育,求人ボックス,https://xn--pckua2a7gp15o89zb.com/jbn/d60818895f22c7ae78d531878a516186,True,11時間前,2026-06-20 01:17:34,神奈川県
保育士／認可保育園／年間休日116日／産休育休あり／昇給賞与あり新着,社会福祉法人済聖会,神奈川県,月給20万100円,正社員,保育,求人ボックス,https://xn--pckua2a7gp15o89zb.com/jbn/01af77ed8c9e55e75fb71325bad94f6b,True,11時間前,2026-06-20 01:17:38,神奈川県
保育士／小規模認可園／駅近／シフト制／昇給あり／残業ほぼなし新着,株式会社スマイルクルーにこにこすまいる園,神奈川県,"時給1,300円～1,450円",アルバイト・パート,保育,求人ボックス,https://xn--pckua2a7gp15o89zb.com/jbn/c045aa96a482802abd8ae02a208bfdd6,True,11時間前,2026-06-20 01:17:38,神奈川県
保育士／認可保育園／賞与2か月〜／研修制度充実／年間休日124日新着,株式会社日本保育サービス,神奈川県,"月給23万1,000円",正社員,保育,求人ボックス,https://xn--pckua2a7gp15o89zb.com/jbn/6036a59aba2a73cfcbe05728f3894224,True,11時間前,2026-06-20 01:17:42,神奈川県
保育士／認可保育園／年休120日／研修制度／借上げ社宅／駅チカ新着,株式会社あしたばマインド,神奈川県,"月給23万4,000円",正社員,保育,求人ボックス,https://xn--pckua2a7gp15o89zb.com/jbn/72d36070379a619e5d92ae7da54b5396,True,11時間前,2026-06-20 01:17:42,神奈川県
保育士／保育職／認可保育園／マイカー通勤可／再雇用あり／育児支援新着,社会福祉法人山王平成会,神奈川県,"月給22万7,902円",正社員,保育,求人ボックス,https://xn--pckua2a7gp15o89zb.com/jbn/662e52d504410cb81cdb60106efcd1f1,True,11時間前,2026-06-20 01:17:46,神奈川県
保育士／認可保育園／車通勤可／賞与昇給あり／年間休日120日新着,社会福祉法人相愛会,神奈川県,月給24万165円,正社員,保育,求人ボックス,https://xn--pckua2a7gp15o89zb.com/jbn/ee5e6ebc104c9adf8dc20971d4df715f,True,11時間前,2026-06-20 01:17:46,神奈川県
保育士／パート求人／週5日／フルタイム／最大1500円／マイカー通勤新着,株式会社にこにこ,神奈川県,"時給1,300円～1,500円",アルバイト・パート,保育,求人ボックス,https://xn--pckua2a7gp15o89zb.com/jbn/90130fbacfccf780c43a3ec23c821edd,True,11時間前,2026-06-20 01:17:49,神奈川県
保育士／認可保育園／駅チカ／研修制度あり／福利厚生充実／認可保育園新着,株式会社モード・プランニング・ジャパン,神奈川県,"月給22万3,870円",正社員,保育,求人ボックス,https://xn--pckua2a7gp15o89zb.com/jbn/e4b16ca46460f54d4c2037a428a93565,True,11時間前,2026-06-20 01:17:52,神奈川県
保育士／認可保育園／年間休日120日以上／産休育休制度／残業少なめ新着,株式会社キッズフォレ,神奈川県,"月給20万8,000円",正社員,保育,求人ボックス,https://xn--pckua2a7gp15o89zb.com/jbn/67111245d0b12adaf29f71647e95050a,True,11時間前,2026-06-20 01:17:52,神奈川県
保育士／認可保育園／駅チカ／研修制度あり／年間休日120日／認可保育園新着,特定非営利活動法人Ty,神奈川県,"月給21万1,530円",正社員,保育,求人ボックス,https://xn--pckua2a7gp15o89zb.com/jbn/057ad6778a3ff6a461fd7bc68d553a91,True,11時間前,2026-06-20 01:17:56,神奈川県
保育士／戸塚で高時給パート／週3日〜でOK!未経験の方もご応募ください...新着,宗教法人正光寺,神奈川県,"時給1,500円～1,700円",アルバイト・パート,保育,求人ボックス,https://xn--pckua2a7gp15o89zb.com/jbn/1f7b8d7a0eccf0cff83a6ac6acec2a52,True,11時間前,2026-06-20 01:17:56,神奈川県
鍛冶工事の建設作業員・未経験 日払いOK 土日祝休新着,株式会社Emu-tec,神奈川県,"月給30万8,000円",正社員,建設,求人ボックス,https://xn--pckua2a7gp15o89zb.com/jb/3f6796d9de4df0b577e3ce36d628864b,True,56分前,2026-06-20 01:17:42,神奈川県
週3勤務／役員運転手／月給40万円以上／賞与年2回／VIP・モデル・タレント・芸能人・有名人新着,フォークリフト/,神奈川県,月給40万円,正社員,建設,求人ボックス,https://xn--pckua2a7gp15o89zb.com/jbn/73bf9f23e0ea5ac8a4cf0a03a171b099,True,3時間前,2026-06-20 01:17:42,神奈川県
週4日休み／ハイヤードライバー／月給40万円以上／賞与年2回／VIP・モデル・タレント・芸能人新着,フォークリフト/,神奈川県,月給40万円,正社員,建設,求人ボックス,https://xn--pckua2a7gp15o89zb.com/jbn/177c650992d3a4875f35aadc6c965de7,True,3時間前,2026-06-20 01:17:42,神奈川県
週4日休み／送迎ドライバー／月給40万円以上／賞与年2回／VIP・モデル・タレント・芸能人・有名人新着,フォークリフト/,神奈川県,月給40万円,正社員,建設,求人ボックス,https://xn--pckua2a7gp15o89zb.com/jbn/cdbd24238f87f125430664665841a50f,True,3時間前,2026-06-20 01:17:42,神奈川県
週4日休み／役員運転手／月給40万円以上／賞与年2回／VIP・モデル・タレント・芸能人・有名人新着,フォークリフト/,神奈川県,月給40万円,正社員,建設,求人ボックス,https://xn--pckua2a7gp15o89zb.com/jbn/6c388ca625191af02a8727a950f1d974,True,3時間前,2026-06-20 01:17:42,神奈川県
週3勤務／ハイヤードライバー／月給40万円以上／賞与年2回／VIP・モデル・タレント・芸能人・有名人新着,フォークリフト/,神奈川県,月給40万円,正社員,建設,求人ボックス,https://xn--pckua2a7gp15o89zb.com/jbn/106c7faa5c55f0457383ca2c88c2d171,True,3時間前,2026-06-20 01:17:42,神奈川県
空港送迎ドライバー「週3勤務」手取り40万以上／普通免許のみOK新着,株式会社アシスト,神奈川県,月給42万円～60万,正社員,建設,求人ボックス,https://xn--pckua2a7gp15o89zb.com/jbn/5fb8d7f251237a46b8e5959c9cb20600,True,18時間前,2026-06-20 01:17:42,神奈川県
週3勤務／送迎ドライバー／月給40万円以上／賞与年2回／VIP・モデル・タレント・芸能人・有名人新着,フォークリフト/,神奈川県,月給40万円,正社員,建設,求人ボックス,https://xn--pckua2a7gp15o89zb.com/jbn/714527e3fcde6657f93b234efd5c638c,True,3時間前,2026-06-20 01:17:43,神奈川県
夜勤のみ／送迎ドライバー／月給40万円以上／賞与年2回／VIP・モデル・タレント・芸能人・有名人新着,フォークリフト/,神奈川県,月給40万円,正社員,建設,求人ボックス,https://xn--pckua2a7gp15o89zb.com/jbn/94bed4183c0f3bd7068c1ec98e3ce30f,True,2時間前,2026-06-20 01:17:43,神奈川県
「予約制の送迎ドライバー」週3日勤務で月収40万円以上／未経験OK／20代～50代が活躍中新着,建設,神奈川県,"月給47万5,000円",正社員,建設,求人ボックス,https://xn--pckua2a7gp15o89zb.com/jbn/47a4bb071bf11d9544d66cdd24d927bf,True,16時間前,2026-06-20 01:17:43,神奈川県
普通免許のみOK／役員運転手／月給40万円以上／賞与年2回／VIP・モデル・タレント・芸能人・有名人新着,フォークリフト/,神奈川県,月給40万円,正社員,建設,求人ボックス,https://xn--pckua2a7gp15o89zb.com/jbn/39f2468e4453420c6007f0a9d4c68116,True,2時間前,2026-06-20 01:17:43,神奈川県
普通免許のみOK／送迎ドライバー／月給40万円以上／賞与年2回／VIP・モデル・タレント・芸能人新着,建設,神奈川県,月給40万円,正社員,建設,求人ボックス,https://xn--pckua2a7gp15o89zb.com/jbn/44db871a9e84914885c01cbbb01600ad,True,2時間前,2026-06-20 01:17:43,神奈川県
夜勤のみ／ハイヤードライバー／月給40万円以上／賞与年2回／VIP・モデル・タレント・芸能人・有名人新着,建設,神奈川県,月給40万円,正社員,建設,求人ボックス,https://xn--pckua2a7gp15o89zb.com/jbn/a5db294f4dcf7f880757a9b81dd2c4d8,True,2時間前,2026-06-20 01:17:43,神奈川県
普通免許のみOK／ハイヤードライバー／月給40万円以上／賞与年2回／VIP・モデル・タレント・芸能人新着,フォークリフト/,神奈川県,月給40万円,正社員,建設,求人ボックス,https://xn--pckua2a7gp15o89zb.com/jbn/d61884d21d7729f5ac5e94fcde957246,True,2時間前,2026-06-20 01:17:43,神奈川県
夜勤のみ／役員運転手／月給40万円以上／賞与年2回／VIP・モデル・タレント・芸能人・有名人新着,フォークリフト/,神奈川県,月給40万円,正社員,建設,求人ボックス,https://xn--pckua2a7gp15o89zb.com/jbn/4bb14c00cb26b702e19181b7c9d175b7,True,2時間前,2026-06-20 01:17:46,神奈川県
普免のみOK／役員運転手／月給40万円以上／賞与年2回／VIP・モデル・タレント・芸能人・有名人新着,フォークリフト/,神奈川県,月給40万円,正社員,建設,求人ボックス,https://xn--pckua2a7gp15o89zb.com/jbn/00175cc742a3f6af192143151f5e5fa7,True,2時間前,2026-06-20 01:17:46,神奈川県
普免のみOK／送迎ドライバー／月給40万円以上／賞与年2回／VIP・モデル・タレント・芸能人・有名人新着,建設,神奈川県,月給40万円,正社員,建設,求人ボックス,https://xn--pckua2a7gp15o89zb.com/jbn/5090f45297778334a93e38e7104fe4a7,True,2時間前,2026-06-20 01:17:46,神奈川県
日勤のみ／ハイヤードライバー／月給40万円以上／賞与年2回／VIP・モデル・タレント・芸能人・有名人新着,建設,神奈川県,月給40万円,正社員,建設,求人ボックス,https://xn--pckua2a7gp15o89zb.com/jbn/763a3f6b90dbb7fd4bf2c41d42a248a8,True,3時間前,2026-06-20 01:17:46,神奈川県
日勤のみ／送迎ドライバー／月給40万円以上／賞与年2回／VIP・モデル・タレント・芸能人・有名人新着,フォークリフト/,神奈川県,月給40万円,正社員,建設,求人ボックス,https://xn--pckua2a7gp15o89zb.com/jbn/6e048a96cd508a500843f09e503554a4,True,3時間前,2026-06-20 01:17:46,神奈川県
日勤のみ／役員運転手／月給40万円以上／賞与年2回／VIP・モデル・タレント・芸能人・有名人新着,建設,神奈川県,月給40万円,正社員,建設,求人ボックス,https://xn--pckua2a7gp15o89zb.com/jbn/7a451da1e782f2f0ad0c771d7304aef6,True,2時間前,2026-06-20 01:17:46,神奈川県
普免のみOK／ハイヤードライバー／月給40万円以上／賞与年2回／VIP・モデル・タレント・芸能人新着,建設,神奈川県,月給40万円,正社員,建設,求人ボックス,https://xn--pckua2a7gp15o89zb.com/jbn/a4855dd10f60966b72bf2d6a366430be,True,2時間前,2026-06-20 01:17:46,神奈川県
「予約対応送迎ドライバー」月収40万以上・未経験歓迎／週3勤務・20代~50代活躍中新着,フォークリフト/,神奈川県,"月給41万7,000円",正社員,建設,求人ボックス,https://xn--pckua2a7gp15o89zb.com/jbn/49e5e1b68ec8a228bfce722b6cabc11e,True,20時間前,2026-06-20 01:17:50,神奈川県
「週3日勤務」役員運転手「1年目年収600万円以上可／賞与年2回あり」二種免許不要新着,フォークリフト/,神奈川県,"月給41万9,000円",正社員,建設,求人ボックス,https://xn--pckua2a7gp15o89zb.com/jbn/006541bf08e4ac46bfb8a9906da99648,True,19時間前,2026-06-20 01:17:50,神奈川県
週3勤務の予約送迎ドライバー／普通免許OK／未経験から正社員へ／履歴書不要／賞与年2回新着,未経験OK,神奈川県,"月給47万5,000円",正社員,建設,求人ボックス,https://xn--pckua2a7gp15o89zb.com/jbn/af3f23575f9912a30826e843d7667a47,True,16時間前,2026-06-20 01:17:50,神奈川県
役員・VIP送迎ドライバー／普通免許OK／年収600万円以上も可／履歴書不要／退職金制度あり新着,未経験OK,神奈川県,"月給47万5,000円",正社員,建設,求人ボックス,https://xn--pckua2a7gp15o89zb.com/jbn/a621f86c80377dc1028bc6690d1255b0,True,16時間前,2026-06-20 01:17:50,神奈川県
週3勤務の役員送迎ドライバー／普通免許だけで応募OK／予約中心で落ち着いて働ける／賞与年2回新着,未経験OK,神奈川県,"月給47万5,000円",正社員,建設,求人ボックス,https://xn--pckua2a7gp15o89zb.com/jbn/3b8374cdd9484c622f0f8a7be3816a18,True,16時間前,2026-06-20 01:17:50,神奈川県
役員・著名人の予約送迎ドライバー／普通免許OK・AT限定可／未経験から正社員へ／週3日勤務可新着,未経験OK,神奈川県,"月給47万5,000円",正社員,建設,求人ボックス,https://xn--pckua2a7gp15o89zb.com/jbn/bbea6369d2cf937f61eb84bc7aca52b8,True,15時間前,2026-06-20 01:17:50,神奈川県
テストコーディネーターアシスタント未経験歓迎「正社員／土日祝休み／交通費支給新着,株式会社GUM,神奈川県,"月給25万5,000円",正社員,建設,求人ボックス,https://xn--pckua2a7gp15o89zb.com/jbn/1afcde0138b671b78e20fa0f93b25d37,True,2時間前,2026-06-20 01:17:53,神奈川県
QAスペシャリスト未経験歓迎「正社員／土日祝休み／昇給あり／賞与あり」安心の研修制度完備新着,株式会社alBee,神奈川県,"月給26万5,000円",正社員,建設,求人ボックス,https://xn--pckua2a7gp15o89zb.com/jbn/1917000ff5e6691506f13d9c022700da,True,2時間前,2026-06-20 01:17:53,神奈川県
熱交換機・圧縮機の機械組立／工業系卒歓迎／週休2日制／定年なし／40代、50代の方も活躍できる環境新着,アネックス・ジャパン株式会社,神奈川県,"時給1,900円～",派遣社員,建設,求人ボックス,https://xn--pckua2a7gp15o89zb.com/jbn/47cde4ded49fc99ca547173275015603,True,23時間前,2026-06-20 01:17:53,神奈川県
屋根外壁塗装のメンテナンス作業員・未経験応援 残業少なめ 資格取得支援新着,株式会社中山建装,神奈川県,"日給1万1,000円",正社員,建設,求人ボックス,https://xn--pckua2a7gp15o89zb.com/jb/7ecb5bedd35107791aa138a3ea70879b,True,56分前,2026-06-20 01:17:53,神奈川県
施工管理新着,サンマルコ株式会社,神奈川県,年収400万円～600万円,正社員,建設,求人ボックス,https://xn--pckua2a7gp15o89zb.com/jb/ae105347d1d90f23a60bfe6280e27089,True,59分前,2026-06-20 01:17:53,神奈川県
現場管理 経験者限定 寮完備 全国拠点新着,株式会社GSスタッフ,神奈川県,"月給35万1,500円",正社員,建設,求人ボックス,https://xn--pckua2a7gp15o89zb.com/jb/ab57778388bf2d1a6cc083a9266fe96d,True,1時間前,2026-06-20 01:17:53,神奈川県
現場作業員×経歴不問 努力をしっかり評価×都筑ふれあいの丘新着,重田建設企業株式会社,神奈川県,"日給1万6,000円",正社員,建設,求人ボックス,https://xn--pckua2a7gp15o89zb.com/jb/e5ab865dee5fcf0e594d7e1ffc35d968,True,13時間前,2026-06-20 01:17:55,神奈川県
建築施工管理新着,瀬戸建設,神奈川県,月給25万円～40万円,正社員,建設,求人ボックス,https://xn--pckua2a7gp15o89zb.com/jb/6cbb053c418f63209e2c170888fae229,True,4時間前,2026-06-20 01:17:55,神奈川県
「予約中心で安心」役員送迎ドライバー／年収600万円以上／未経験歓迎新着,...以下のような経験をお持ちの方は特に歓迎します。・軽貨物ドライバー・ルート配送スタッフ・宅配ドライバー・タクシー運転手・大型トラックドライバー・フォークリフトオペレーター・,神奈川県,"月給47万7,000円",正社員,建設,求人ボックス,https://xn--pckua2a7gp15o89zb.com/jbn/af0b452297b7685667c4c3c7f5cd4b52,True,18時間前,2026-06-20 01:17:55,神奈川県
「役員運転手」月内採用／夜勤／履歴書不要／月収50万円以上／正社員採用／社会保険完備新着,...以下のような経験をお持ちの方は特に歓迎します。・軽貨物ドライバー・ルート配送スタッフ・宅配ドライバー・タクシー運転手・大型トラックドライバー・フォークリフトオペレーター・,神奈川県,"月給47万6,500円",正社員,建設,求人ボックス,https://xn--pckua2a7gp15o89zb.com/jbn/c3e7dcb863552b1094cd6cbb22456e77,True,18時間前,2026-06-20 01:17:55,神奈川県
「VIP送迎中心」夜勤ハイヤードライバー／年収600万円以上／賞与年2回新着,建設・,神奈川県,"月給47万8,500円",正社員,建設,求人ボックス,https://xn--pckua2a7gp15o89zb.com/jbn/c144e50a142c4f00c5d7979d45b5fc39,True,18時間前,2026-06-20 01:17:55,神奈川県
役員運転手「週3勤務」資格取得支援あり／月収40万円以上／安定収入／転職回数不問新着,...以下のような経験をお持ちの方は特に歓迎します。・軽貨物ドライバー・ルート配送スタッフ・宅配ドライバー・タクシー運転手・大型トラックドライバー・フォークリフトオペレーター・,神奈川県,"月給47万6,000円",正社員,建設,求人ボックス,https://xn--pckua2a7gp15o89zb.com/jbn/eb4a35e83ae9c29ca4ac128a9fe2d1ca,True,18時間前,2026-06-20 01:17:55,神奈川県
「高収入」夜勤／役員運転手／定期送迎「月収50万円以上可能／安定収入／賞与年2回」新着,建設・,神奈川県,"月給47万7,000円",正社員,建設,求人ボックス,https://xn--pckua2a7gp15o89zb.com/jbn/635680ce25d9a9838d54a443413d0353,True,18時間前,2026-06-20 01:17:55,神奈川県
送迎ドライバー／週3勤務／異業種からの転職歓迎新着,建設・,神奈川県,"月給47万8,000円",正社員,建設,求人ボックス,https://xn--pckua2a7gp15o89zb.com/jbn/f3fd19bbd4a78fb722161435f00e486c,True,18時間前,2026-06-20 01:17:58,神奈川県
「週3日勤務で高収入」役員送迎ドライバー／家族手当あり／賞与年2回新着,...以下のような経験をお持ちの方は特に歓迎します。・軽貨物ドライバー・ルート配送スタッフ・宅配ドライバー・タクシー運転手・大型トラックドライバー・フォークリフトオペレーター・,神奈川県,"月給47万7,000円",正社員,建設,求人ボックス,https://xn--pckua2a7gp15o89zb.com/jbn/2b1cf280bd4e7ef285947eeeeb9554a3,True,18時間前,2026-06-20 01:17:58,神奈川県
「月内採用」役員運転手・夜勤／職歴不問／未経験OK／1年目年収600万円以上可／賞与年2回新着,作業,神奈川県,"月給47万6,500円",正社員,建設,求人ボックス,https://xn--pckua2a7gp15o89zb.com/jbn/b865da608221274c586beaf6f6661381,True,18時間前,2026-06-20 01:17:58,神奈川県
「タレント／芸能」送迎ドライバー／週3勤務／学歴不問／1年目月収50万以上／賞与年2回新着,建設・,神奈川県,"月給47万6,000円",正社員,建設,求人ボックス,https://xn--pckua2a7gp15o89zb.com/jbn/5f521515b1cd01aaac02a510e2a9a658,True,18時間前,2026-06-20 01:17:58,神奈川県
VIP専属送迎スタッフ／普通免許のみで応募OK／週3日勤務／賞与あり／高収入実現可能新着,作業,神奈川県,"月給47万6,000円",正社員,建設,求人ボックス,https://xn--pckua2a7gp15o89zb.com/jbn/8bf90917bc87c92c8c846a74225dc657,True,18時間前,2026-06-20 01:17:58,神奈川県
「夜勤でしっかり稼ぐ」VIP送迎ドライバー／残業少なめ／正社員採用／賞与あり新着,...以下のような経験をお持ちの方は特に歓迎します。・軽貨物ドライバー・ルート配送スタッフ・宅配ドライバー・タクシー運転手・大型トラックドライバー・フォークリフトオペレーター・,神奈川県,"月給47万7,000円",正社員,建設,求人ボックス,https://xn--pckua2a7gp15o89zb.com/jbn/885a748087dd0188f4c144f7e3ad0a6d,True,18時間前,2026-06-20 01:17:58,神奈川県
夜勤タクシードライバー／未経験スタートOK／年2回のボーナス支給あり／資格取得支援制度あり新着,作業,神奈川県,"月給47万8,500円",正社員,建設,求人ボックス,https://xn--pckua2a7gp15o89zb.com/jbn/c46743f098a172297d0483423b740b1d,True,18時間前,2026-06-20 01:18:00,神奈川県
「即入社相談可」夜間送迎スタッフ／履歴書不要／安定の正社員雇用新着,作業,神奈川県,"月給47万5,000円",正社員,建設,求人ボックス,https://xn--pckua2a7gp15o89zb.com/jbn/bc44f8a515e8fd2fb4c75d7aa8401099,True,19時間前,2026-06-20 01:18:00,神奈川県
「普通免許のみOK」役員ドライバー／資格不問・月収50万以上可・賞与年2回新着,...以下のような経験をお持ちの方は特に歓迎します。・軽貨物ドライバー・ルート配送スタッフ・宅配ドライバー・タクシー運転手・大型トラックドライバー・フォークリフトオペレーター・,神奈川県,"月給47万4,500円",正社員,建設,求人ボックス,https://xn--pckua2a7gp15o89zb.com/jbn/44a9ae74fef87c7e15a19e604e8f78e5,True,19時間前,2026-06-20 01:18:00,神奈川県
「正社員」週3勤務の送迎ドライバー／未経験者活躍中／年収500万円以上可能／土日祝休み取得可新着,建設・,神奈川県,"月給47万6,500円",正社員,建設,求人ボックス,https://xn--pckua2a7gp15o89zb.com/jbn/39edacc6d68ff92cb511c90c745b91e8,True,19時間前,2026-06-20 01:18:00,神奈川県
「未経験歓迎」役員専属ドライバー／月収50万円以上可／退職金制度あり新着,...以下のような経験をお持ちの方は特に歓迎します。・軽貨物ドライバー・ルート配送スタッフ・宅配ドライバー・タクシー運転手・大型トラックドライバー・フォークリフトオペレーター・,神奈川県,"月給47万4,000円",正社員,建設,求人ボックス,https://xn--pckua2a7gp15o89zb.com/jbn/2547d4486bbcb7e2bc0cddb8d0b80ebf,True,19時間前,2026-06-20 01:18:00,神奈川県
役員送迎ドライバー／未経験歓迎／会食・空港送迎中心／年収600万円以上可新着,建設・,神奈川県,"月給47万7,000円",正社員,建設,求人ボックス,https://xn--pckua2a7gp15o89zb.com/jbn/426576759e66b46855a58e0249cf3259,True,19時間前,2026-06-20 01:18:00,神奈川県
「予約中心だから未経験でも安心」ハイヤードライバー／週3勤務／月収50万円以上可新着,建設・,神奈川県,"月給47万6,000円",正社員,建設,求人ボックス,https://xn--pckua2a7gp15o89zb.com/jbn/ed4ee06a90456f1d50a4d90f45dd85db,True,19時間前,2026-06-20 01:18:00,神奈川県
「内定までスピーディー」夜勤送迎ドライバー／履歴書不要／未経験OK／月収50万円以上新着,作業,神奈川県,"月給47万5,000円",正社員,建設,求人ボックス,https://xn--pckua2a7gp15o89zb.com/jbn/d3ec66695079de20eb65cc242ab8a267,True,19時間前,2026-06-20 01:18:04,神奈川県
「夜勤で稼げる」役員送迎ドライバー／普通免許のみOK／年収600万円以上可／賞与年2回新着,...以下のような経験をお持ちの方は特に歓迎します。・軽貨物ドライバー・ルート配送スタッフ・宅配ドライバー・タクシー運転手・大型トラックドライバー・フォークリフトオペレーター・,神奈川県,"月給47万4,000円",正社員,建設,求人ボックス,https://xn--pckua2a7gp15o89zb.com/jbn/fffa84f71ca8682f27f8e4279303ef75,True,19時間前,2026-06-20 01:18:04,神奈川県
夜間専属ハイヤードライバー／月収50万円以上可能／賞与年2回／普通免許のみで応募可新着,...以下のような経験をお持ちの方は特に歓迎します。・軽貨物ドライバー・ルート配送スタッフ・宅配ドライバー・タクシー運転手・大型トラックドライバー・フォークリフトオペレーター・,神奈川県,"月給47万7,000円",正社員,建設,求人ボックス,https://xn--pckua2a7gp15o89zb.com/jbn/20edbb73fc33a98aafd5140b5a0f8a49,True,19時間前,2026-06-20 01:18:04,神奈川県
ネジ製造の機械オペレーター 隔週土日祝休・長期休暇あり新着,株式会社トービル湘南,神奈川県,"月給24万5,000円",正社員,建設,求人ボックス,https://xn--pckua2a7gp15o89zb.com/jb/7f06f4f4c72a53e24e16ef6d0b5c339b,True,58分前,2026-06-20 01:18:04,神奈川県
第二新卒・既卒大歓迎・残業少なめで働きやすい／施工管理アシスタント新着,未経験OK,神奈川県,月給30万円～41万円,正社員,建設,求人ボックス,https://xn--pckua2a7gp15o89zb.com/jbn/c4a3b6f4e22297ad30bc209c99a90f48,True,22時間前,2026-06-20 01:18:04,神奈川県
現場作業員新着,株式会社ダイサン,神奈川県,月給27万円～50万円,正社員,建設,求人ボックス,https://xn--pckua2a7gp15o89zb.com/jb/21c7102b83fb73663bbcf6ccfe2b0314,True,15時間前,2026-06-20 01:18:04,神奈川県
「1年目から高収入可能」役員運転手／週3勤務／福利厚生充実新着,作業,神奈川県,"月給47万4,500円",正社員,建設,求人ボックス,https://xn--pckua2a7gp15o89zb.com/jbn/10116bd3b1d50e7a223107e267f746a9,True,19時間前,2026-06-20 01:18:04,神奈川県
「二種免許不要・週3勤務・役員運転手」研修あり／賞与あり／アルファード送迎新着,作業,神奈川県,"月給47万6,500円",正社員,建設,求人ボックス,https://xn--pckua2a7gp15o89zb.com/jbn/4aeb87b33e58e2631b669193d25e24d4,True,19時間前,2026-06-20 01:18:06,神奈川県
「週3日勤務で年収600万円も可能」役員送迎ドライバー／普通免許のみOK／未経験歓迎／賞与年2回新着,建設・,神奈川県,"月給47万6,000円",正社員,建設,求人ボックス,https://xn--pckua2a7gp15o89zb.com/jbn/df55cd7e58613a810af1e7c89795f171,True,19時間前,2026-06-20 01:18:06,神奈川県
管工事の作業員・職人 技術を磨きながら収入アップも目指せる環境新着,有限会社中嶋設備,神奈川県,月給28万円～45万円,正社員,建設,求人ボックス,https://xn--pckua2a7gp15o89zb.com/jb/26eac523ebb5d874094db3209d39ff8c,True,13時間前,2026-06-20 01:18:06,神奈川県
20代が多数在籍・充実のサポート体制の・現場監督アシスタント新着,未経験OK,神奈川県,月給27万円～49万円,正社員,建設,求人ボックス,https://xn--pckua2a7gp15o89zb.com/jbn/3f5fc68e1d06e01cbc9d80a978ea7219,True,22時間前,2026-06-20 01:18:06,神奈川県
20代のスタッフ多数!チームワーク抜群の環境で／施工管理補助スタッフ／正社員デビュー応援新着,未経験OK,神奈川県,月給28万円～58万円,正社員,建設,求人ボックス,https://xn--pckua2a7gp15o89zb.com/jbn/85337384709d45aaff486e201b07390b,True,22時間前,2026-06-20 01:18:06,神奈川県
未経験の20代活躍中!安定基盤で安心して働ける・建築現場のアシスタント／資格取得支援あり新着,未経験OK,神奈川県,月給29万円～43万円,正社員,建設,求人ボックス,https://xn--pckua2a7gp15o89zb.com/jbn/c750334c4cdf6c2e5979c61de7965b9e,True,22時間前,2026-06-20 01:18:06,神奈川県
20代多数活躍中!研修充実で知識不問の・建設プロジェクトサポート新着,未経験OK,神奈川県,月給25万円～57万円,正社員,建設,求人ボックス,https://xn--pckua2a7gp15o89zb.com/jbn/f628fad3bb34e3b26096fc9c14e246f6,True,22時間前,2026-06-20 01:18:06,神奈川県
上場企業で美容師／しっかり休める／賞与・昇給あり新着,QBハウスラスカ茅ヶ崎,神奈川県,月給30万円～47万,正社員,美容,求人ボックス,https://xn--pckua2a7gp15o89zb.com/jbn/fb6fbe534448f8d3d754a3293bb8f95d,True,23時間前,2026-06-20 01:17:41,神奈川県
上場企業で美容師／業界大手の好待遇／上場企業新着,QBハウス湘南藤沢オーパ,神奈川県,月給30万円～47万,正社員,美容,求人ボックス,https://xn--pckua2a7gp15o89zb.com/jbn/c2df790828e52acb4ddef7ed4aedcd38,True,23時間前,2026-06-20 01:17:42,神奈川県
業界大手の美容師／ブランク歓迎／カット専門新着,QBハウスアピタ金沢文庫,神奈川県,月給30万円～47万,正社員,美容,求人ボックス,https://xn--pckua2a7gp15o89zb.com/jbn/7de856a54ed931089c0766258002fbec,True,23時間前,2026-06-20 01:17:42,神奈川県
上場企業で美容師／業界大手の好待遇／上場企業新着,QBハウス中央林間駅,神奈川県,月給30万円～47万,正社員,美容,求人ボックス,https://xn--pckua2a7gp15o89zb.com/jbn/4dcd420cd207198a141a0e907f7967bb,True,23時間前,2026-06-20 01:17:45,神奈川県
「集客業務なし、お客様対応に集中できる環境／美容師」／ノルマ無し新着,QBハウスららぽーと横浜,神奈川県,月給30万円～47万,正社員,美容,求人ボックス,https://xn--pckua2a7gp15o89zb.com/jbn/916eda816f01c422ca7091485c8fb49d,True,23時間前,2026-06-20 01:17:49,神奈川県
カット専門の美容師／カット専門／上場企業新着,QBハウスラゾーナ川崎プラザ,神奈川県,月給30万円～47万,正社員,美容,求人ボックス,https://xn--pckua2a7gp15o89zb.com/jbn/38ae67e3925bad3b91cf1c21841068b5,True,23時間前,2026-06-20 01:17:49,神奈川県
「集客業務なし、お客様対応に集中できる環境／美容師」／営業時間外の業務...新着,QBハウスイトーヨーカドー横浜別所,神奈川県,月給30万円～47万,正社員,美容,求人ボックス,https://xn--pckua2a7gp15o89zb.com/jbn/216c7e25187bc3cb93b9e5f30a381da8,True,22時間前,2026-06-20 01:17:52,神奈川県
業界大手の美容師／賞与・昇給あり／カット専門新着,QBハウスラスカ平塚南館,神奈川県,月給30万円～47万,正社員,美容,求人ボックス,https://xn--pckua2a7gp15o89zb.com/jbn/e20975ff61538a249e3aa02739d36ff7,True,23時間前,2026-06-20 01:17:54,神奈川県
「ヘアカットに特化して活躍できる美容師」／営業時間外の業務ほぼなし新着,QBハウス横浜市役所,神奈川県,月給30万円～47万,正社員,美容,求人ボックス,https://xn--pckua2a7gp15o89zb.com/jbn/53a133061dcb512d41be41465dbe11ec,True,23時間前,2026-06-20 01:17:57,神奈川県
カット専門の美容師／業界大手の好待遇／上場企業新着,QBハウススマイルストリート瀬谷,神奈川県,月給30万円～47万,正社員,美容,求人ボックス,https://xn--pckua2a7gp15o89zb.com/jbn/9ddf16cb5c5996d92658e37eb7d97205,True,23時間前,2026-06-20 01:17:57,神奈川県
美容師／賞与・昇給あり／カット専門新着,QBハウスヨークフーズ上大岡,神奈川県,月給30万円～47万,正社員,美容,求人ボックス,https://xn--pckua2a7gp15o89zb.com/jbn/026b26a946c99edb5866aa024ac1c408,True,23時間前,2026-06-20 01:18:01,神奈川県
「東証プライム上場企業で安定収入の美容師」／経験者歓迎／元訪問美容スタ...新着,QBハウス京急横浜駅北口,神奈川県,月給30万円～47万,正社員,美容,求人ボックス,https://xn--pckua2a7gp15o89zb.com/jbn/81932f74f2cc7dcd5761fc0415ccd5cc,True,22時間前,2026-06-20 01:18:01,神奈川県
「ヘアカットに特化して活躍できる美容師」／研修あり／月3日希望休あり新着,QBハウスサミット横浜岡野,神奈川県,月給30万円～47万,正社員,美容,求人ボックス,https://xn--pckua2a7gp15o89zb.com/jbn/0a85989ba9b5969954bd0ba41b599cd4,True,23時間前,2026-06-20 01:18:04,神奈川県
「ヘアカットに特化して活躍できる美容師」／皆勤手当／急募／1分単位で残...新着,QBハウスゆめが丘ソラトス,神奈川県,月給30万円～47万,正社員,美容,求人ボックス,https://xn--pckua2a7gp15o89zb.com/jbn/755f96883d6ebfc5f0e77f4f93a56afc,True,23時間前,2026-06-20 01:18:04,神奈川県
業界大手の美容師／賞与・昇給あり／業界大手の好待遇新着,QBハウス武蔵小杉駅前,神奈川県,月給30万円～47万,正社員,美容,求人ボックス,https://xn--pckua2a7gp15o89zb.com/jbn/80cd7b7d28921d42841abb8a895f2d3b,True,23時間前,2026-06-20 01:18:07,神奈川県
一般事務／未経験OK／役立つスキルが身に付く／スピード選考新着,株式会社スキルアップラボ,神奈川県,月給21万円～36万円,正社員,事務,求人ボックス,https://xn--pckua2a7gp15o89zb.com/jbn/c149b5c35a92b01d8f6233cf5b7f3cd9,True,7時間前,2026-06-20 01:17:59,神奈川県
一般事務「残業なし・土日祝休み・年休125日」18時退社・ネイルOK新着,株式会社ネクスト,神奈川県,"月給22万5,000円",正社員,事務,求人ボックス,https://xn--pckua2a7gp15o89zb.com/jbn/bedd3ad43658e13301fa02335d666fc1,True,17時間前,2026-06-20 01:17:59,神奈川県
事務／営業事務／PC・データ入力 県内業界2位の安定企業 アクセス データ入力等の一般事務職新着,株式会社富士繁,神奈川県,月給22万円～30万円,正社員,事務,求人ボックス,https://xn--pckua2a7gp15o89zb.com/jb/789a75d1adbe5923579731c2371e1951,True,14時間前,2026-06-20 01:18:00,神奈川県
一般事務「正社員で長期安定」産育休の復帰実績あり・土日祝休み新着,株式会社トラスト,神奈川県,"月給22万2,000円",正社員,事務,求人ボックス,https://xn--pckua2a7gp15o89zb.com/jbn/eb63a4766b4c153bdfaeff8d2c21a24e,True,20時間前,2026-06-20 01:18:00,神奈川県
一般事務新着,コムシスシェアードサービス株式会社,神奈川県,"時給1,600円",派遣社員,事務,求人ボックス,https://xn--pckua2a7gp15o89zb.com/jb/fcdeab0eec53e16a5f91666548b0c6e0,True,5時間前,2026-06-20 01:18:00,神奈川県
一般事務・メール業務「土日祝休み／安心の正社員雇用／未経験者歓迎新着,一般事務,神奈川県,月給26万円～30万円,正社員,事務,求人ボックス,https://xn--pckua2a7gp15o89zb.com/jbn/deabbfb121fa8c91c46100e81506edb3,True,16時間前,2026-06-20 01:18:04,神奈川県
コツコツ働ける一般事務／月給26.5万〜・土日祝休み・未経験歓迎新着,一般事務,神奈川県,月給26,正社員,事務,求人ボックス,https://xn--pckua2a7gp15o89zb.com/jbn/1320398351093ba4889b43c2cbc40ccb,True,21時間前,2026-06-20 01:18:04,神奈川県
事務未経験OK／一般事務／月給26.8万〜・学歴不問・服装・髪型自由新着,一般事務,神奈川県,月給26,正社員,事務,求人ボックス,https://xn--pckua2a7gp15o89zb.com/jbn/ba0320c1887def9600735aac6074de41,True,21時間前,2026-06-20 01:18:07,神奈川県
一般事務新着,丸山製麺株式会社,神奈川県,月給23万円～,正社員,事務,求人ボックス,https://xn--pckua2a7gp15o89zb.com/jb/594ee512facedb8de15d242795da7e1c,True,4時間前,2026-06-20 01:18:07,神奈川県
オフィスワークデビュー応援／一般事務／月給26.9万〜・未経験歓迎新着,一般事務,神奈川県,月給26,正社員,事務,求人ボックス,https://xn--pckua2a7gp15o89zb.com/jbn/25807b2c8a982f658503b40c5002b1f8,True,21時間前,2026-06-20 01:18:07,神奈川県
オフィスワークデビュー応援／一般事務／月給26.2万〜・未経験歓迎新着,一般事務,神奈川県,月給26,正社員,事務,求人ボックス,https://xn--pckua2a7gp15o89zb.com/jbn/5cf7b0f2d70799d91c4579197dc8df02,True,20時間前,2026-06-20 01:18:10,神奈川県
コツコツ働ける一般事務／月給26.7万〜・土日祝休み・賞与年2回新着,一般事務,神奈川県,月給26,正社員,事務,求人ボックス,https://xn--pckua2a7gp15o89zb.com/jbn/ec70a39f2c7c24bb3f848d24638906f5,True,20時間前,2026-06-20 01:18:13,神奈川県
一般事務スタッフ／未経験OK／長期キャリア形成／年間休日125日以上新着,株式会社LOP,神奈川県,"月給30万8,200円",正社員,事務,求人ボックス,https://xn--pckua2a7gp15o89zb.com/jbn/9eceb24f697b28708f5bcd670da68317,True,8時間前,2026-06-20 01:18:13,神奈川県
事務未経験OK／一般事務／月給26.6万〜・賞与年2回・土日祝休み新着,一般事務,神奈川県,月給26,正社員,事務,求人ボックス,https://xn--pckua2a7gp15o89zb.com/jbn/beeed9e7f125db2fc39e368b9148e4ad,True,20時間前,2026-06-20 01:18:13,神奈川県
一般事務・書類作成「新しいスタート応援／未経験者歓迎／充実の研修制度新着,事務,神奈川県,月給26万円～30万円,正社員,事務,求人ボックス,https://xn--pckua2a7gp15o89zb.com/jbn/3463e0ff17dbaebb588e850f54e15053,True,15時間前,2026-06-20 01:18:16,神奈川県
オフィスワークデビュー応援／一般事務／月給26.8万〜・年間休日125...新着,一般事務,神奈川県,月給26,正社員,事務,求人ボックス,https://xn--pckua2a7gp15o89zb.com/jbn/69442899032d3792e0b67707f8504248,True,20時間前,2026-06-20 01:18:20,神奈川県
一般事務スタッフ／未経験OK／長期キャリア形成／研修制度充実新着,JHRconsulting株式会社,神奈川県,"月給30万4,600円",正社員,事務,求人ボックス,https://xn--pckua2a7gp15o89zb.com/jbn/47d0c6f1d5533325a4a1328caf200fb7,True,8時間前,2026-06-20 01:18:20,神奈川県
事務員／一般事務／学歴不問／フリーター歓迎新着,日研トータルソーシング株式会社,神奈川県,"時給1,880円～",派遣社員,事務,求人ボックス,https://xn--pckua2a7gp15o89zb.com/jbn/9871247b83efa74246e617462c0067fe,True,22時間前,2026-06-20 01:18:23,神奈川県
オフィスワークデビュー応援／一般事務／月給26.7万〜・未経験歓迎新着,一般事務,神奈川県,月給26,正社員,事務,求人ボックス,https://xn--pckua2a7gp15o89zb.com/jbn/b20d3cc4f1be65745ddb7115c2a3b114,True,21時間前,2026-06-20 01:18:25,神奈川県
事務未経験OK／一般事務／月給26.4万〜・完全週休2日制・転勤なし新着,一般事務,神奈川県,月給26,正社員,事務,求人ボックス,https://xn--pckua2a7gp15o89zb.com/jbn/14bcec8df16d96c4c273b51d84b62623,True,20時間前,2026-06-20 01:18:25,神奈川県
ケアハウスの看護師・准看護師 日勤のみ・基本残業なし・オンコール少なめ新着,社会福祉法人白鳳会 フォーシーズンズヴィラそよかぜ,神奈川県,"月給29万7,000円",正社員,看護,求人ボックス,https://xn--pckua2a7gp15o89zb.com/jb/c3c5a63b9d5ee01fe68e9e7e4d415b92,True,1時間前,2026-06-20 01:18:10,神奈川県
介護職／ヘルパー／古淵／看護師24H常駐! 職員体制2／5:1の手厚い...新着,株式会社アリビオ,神奈川県,年収300万円～380万円,正社員,看護,求人ボックス,https://xn--pckua2a7gp15o89zb.com/jbn/1534edb17585475e4b9be6c20fb8053d,True,11時間前,2026-06-20 01:18:10,神奈川県
ホスピスの看護師／年収6000000円新着,<仕事内容>医心館 湘南台の地域連携,神奈川県,年収6000000円,正社員,看護,求人ボックス,https://xn--pckua2a7gp15o89zb.com/jb/a3dcf0207be1fa625a3e70ab98c7dc9b,True,19時間前,2026-06-20 01:18:10,神奈川県
有料老人ホームの看護師／月給410000円新着,看護師,神奈川県,月給410000円,正社員,看護,求人ボックス,https://xn--pckua2a7gp15o89zb.com/jb/3c4f520c7b46f82d2587ecfcf8474e3b,True,19時間前,2026-06-20 01:18:13,神奈川県
有料老人ホームの看護師／月給370200円~／駅チカ新着,看護師,神奈川県,月給370200円,正社員,看護,求人ボックス,https://xn--pckua2a7gp15o89zb.com/jb/f58bd6f769dddcc37dc13ed2cd6d3b76,True,19時間前,2026-06-20 01:18:17,神奈川県
訪問看護の看護師／年収4000000円新着,<仕事内容>・関東・中部・関西を中心に訪問,神奈川県,年収4000000円,正社員,看護,求人ボックス,https://xn--pckua2a7gp15o89zb.com/jb/093b36211d09511bcab0fb3393437789,True,19時間前,2026-06-20 01:18:17,神奈川県
有料老人ホームの看護師／月給310000円~／日勤のみ新着,看護師,神奈川県,月給310000円,正社員,看護,求人ボックス,https://xn--pckua2a7gp15o89zb.com/jb/108712b0c4dabbea5cc00eb4f7385512,True,19時間前,2026-06-20 01:18:17,神奈川県
介護老人保健施設の看護師／年収4500000円新着,看護師,神奈川県,年収4500000円,正社員,看護,求人ボックス,https://xn--pckua2a7gp15o89zb.com/jb/3cc702963988265507270f0064b96199,True,19時間前,2026-06-20 01:18:17,神奈川県
病院の看護師／年収4000000円~／年休120日新着,看護師,神奈川県,年収4000000円,正社員,看護,求人ボックス,https://xn--pckua2a7gp15o89zb.com/jb/907a2004c4280f59d245cc3e5f74c1c5,True,19時間前,2026-06-20 01:18:20,神奈川県
介護施設の看護師／月給313500円~／日勤のみ新着,看護師,神奈川県,月給313500円,正社員,看護,求人ボックス,https://xn--pckua2a7gp15o89zb.com/jb/b2e2c0cd0926f49490ed63fec7f29b13,True,19時間前,2026-06-20 01:18:24,神奈川県
病院の看護師／月給298447円~／駅チカ新着,職種病院の,神奈川県,月給298447円,正社員,看護,求人ボックス,https://xn--pckua2a7gp15o89zb.com/jb/474a094630a9058f37f2901304c91c1c,True,19時間前,2026-06-20 01:18:24,神奈川県
病院の看護師／月給318000円~／駅チカ新着,看護師,神奈川県,月給318000円,正社員,看護,求人ボックス,https://xn--pckua2a7gp15o89zb.com/jb/2be7b70fe945dc9cb6b584faeb015684,True,19時間前,2026-06-20 01:18:24,神奈川県
病院の看護師／年収4600000円~／駅チカ新着,看護師,神奈川県,年収4600000円,正社員,看護,求人ボックス,https://xn--pckua2a7gp15o89zb.com/jb/5df1d21b0b64704eae8751fe4323f377,True,19時間前,2026-06-20 01:18:26,神奈川県
訪問看護の看護師／月給350000円~／年休120日新着,看護,神奈川県,月給350000円,正社員,看護,求人ボックス,https://xn--pckua2a7gp15o89zb.com/jb/7ba2555e82b774aff900c064115648fd,True,19時間前,2026-06-20 01:18:26,神奈川県
有料老人ホームの看護師／年収3800000円~／日勤のみ新着,看護師,神奈川県,年収3800000円,正社員,看護,求人ボックス,https://xn--pckua2a7gp15o89zb.com/jb/ee90ee988b2822123a486855d7d2de21,True,19時間前,2026-06-20 01:18:29,神奈川県
病院の看護師／月給314195円~／日勤のみ／駅チカ新着,看護師,神奈川県,月給314195円,正社員,看護,求人ボックス,https://xn--pckua2a7gp15o89zb.com/jb/4a1b31de46580f9eb45d564956239a20,True,19時間前,2026-06-20 01:18:29,神奈川県
正看護師新着,医療法人健進会 井上整形外科,神奈川県,月給28万円～32万円,正社員,看護,求人ボックス,https://xn--pckua2a7gp15o89zb.com/jb/ecb732c38bf28f1baae2194705c77c0d,True,15時間前,2026-06-20 01:18:29,神奈川県
病院の看護師／月給300000円~／駅チカ新着,看護師,神奈川県,月給300000円,正社員,看護,求人ボックス,https://xn--pckua2a7gp15o89zb.com/jb/5deba4af4eb50e912b71abd90bd21eca,True,19時間前,2026-06-20 01:18:31,神奈川県
病院の看護師／月給300000円~／駅チカ／年休120日新着,看護師,神奈川県,月給300000円,正社員,看護,求人ボックス,https://xn--pckua2a7gp15o89zb.com/jb/ecd35be58589843b5e32396f0815495a,True,19時間前,2026-06-20 01:18:31,神奈川県
病院の看護師／年収4000000円~／日勤のみ／年休120日新着,看護師,神奈川県,年収4000000円,正社員,看護,求人ボックス,https://xn--pckua2a7gp15o89zb.com/jb/7836c3bb2bd53807300e65f0bbaf103a,True,19時間前,2026-06-20 01:18:35,神奈川県
介護職／ヘルパー／フォロー万全!看護師24H常駐!安心して働ける環境新着,セントスタッフ株式会社,神奈川県,"時給1,500円～1,800円",派遣社員,看護,求人ボックス,https://xn--pckua2a7gp15o89zb.com/jbn/d58ad8aa3456decb96308ac1d86b9928,True,11時間前,2026-06-20 01:18:35,神奈川県
訪問看護の看護師／月給350000円~／日勤のみ／駅チカ／年休120日新着,看護,神奈川県,月給350000円,正社員,看護,求人ボックス,https://xn--pckua2a7gp15o89zb.com/jb/87252b39e03cf17edeb2c903a022cda8,True,19時間前,2026-06-20 01:18:35,神奈川県
経理事務「未経験入社率80%以上」土日祝休み・残業なし・ネイルOK新着,経理,神奈川県,"月給22万1,000円",正社員,経理,求人ボックス,https://xn--pckua2a7gp15o89zb.com/jbn/e196610f3e2a9fd06e1f1effd00d6783,True,20時間前,2026-06-20 01:18:09,神奈川県
簿記が活かせる経理事務／月給26.3万〜・服装・髪型自由・学歴不問新着,経理,神奈川県,月給26,正社員,経理,求人ボックス,https://xn--pckua2a7gp15o89zb.com/jbn/1ed89f5b6d22108ba867a14a5d997140,True,21時間前,2026-06-20 01:18:09,神奈川県
簿記が活かせる経理事務／月給26.7万〜・賞与年2回・学歴不問新着,経理,神奈川県,月給26,正社員,経理,求人ボックス,https://xn--pckua2a7gp15o89zb.com/jbn/9fced456751d8d0b96e0718faae312a3,True,21時間前,2026-06-20 01:18:09,神奈川県
数字に強くなる経理事務／月給26.1万〜・年間休日125日・土日祝休み新着,経理,神奈川県,月給26,正社員,経理,求人ボックス,https://xn--pckua2a7gp15o89zb.com/jbn/4416cbbca89cffc4b562b1d9f00a0846,True,21時間前,2026-06-20 01:18:09,神奈川県
簿記が活かせる経理事務／月給26.2万〜・転勤なし・土日祝休み新着,経理,神奈川県,月給26,正社員,経理,求人ボックス,https://xn--pckua2a7gp15o89zb.com/jbn/3ea059023578950245a32cf832a3cf36,True,21時間前,2026-06-20 01:18:10,神奈川県
数字に強くなる経理事務／月給26.1万〜・賞与年2回・転勤なし新着,経理,神奈川県,月給26,正社員,経理,求人ボックス,https://xn--pckua2a7gp15o89zb.com/jbn/2da26bcc0bd4b8a3facd18b17ca0f7ab,True,21時間前,2026-06-20 01:18:10,神奈川県
スキルが身につく経理事務／月給26万〜・完全週休2日制・賞与年2回新着,経理,神奈川県,月給26万,正社員,経理,求人ボックス,https://xn--pckua2a7gp15o89zb.com/jbn/e50ff7abaf5082e22739210a8886a7fb,True,21時間前,2026-06-20 01:18:13,神奈川県
スキルが身につく経理事務／月給26.9万〜・完全週休2日制・学歴不問新着,経理,神奈川県,月給26,正社員,経理,求人ボックス,https://xn--pckua2a7gp15o89zb.com/jbn/d62a63ade96c7c1f215728e9ffabc2c6,True,21時間前,2026-06-20 01:18:13,神奈川県
数字に強くなる経理事務／月給26.6万〜・完全週休2日制・賞与年2回新着,経理,神奈川県,月給26,正社員,経理,求人ボックス,https://xn--pckua2a7gp15o89zb.com/jbn/79a15340882b61224a9e4d3f8d8fe954,True,21時間前,2026-06-20 01:18:13,神奈川県
PC入力スキルを活かせる／未経験OKの経理サポート事務「未経験OK新着,経理,神奈川県,月給25万円～30万円,正社員,経理,求人ボックス,https://xn--pckua2a7gp15o89zb.com/jbn/591862765656a8e2c17f0338020f8776,True,16時間前,2026-06-20 01:18:17,神奈川県
経理・簿記 快適な送迎バスで安心通勤／開始時間選べる 経理事務 川崎新着,株式会社メイテックキャスト,神奈川県,"時給1,800円～",派遣社員,経理,求人ボックス,https://xn--pckua2a7gp15o89zb.com/jb/4a969909647fe71b4cec3ca1269f3add,True,14時間前,2026-06-20 01:18:17,神奈川県
簿記が活かせる経理事務／月給26.1万〜・服装・髪型自由・残業少なめ新着,経理,神奈川県,月給26,正社員,経理,求人ボックス,https://xn--pckua2a7gp15o89zb.com/jbn/d8eec2762bba5194cd8660017db5f362,True,21時間前,2026-06-20 01:18:21,神奈川県
スキルが身につく経理事務／月給26.1万〜・未経験歓迎・年間休日125...新着,経理,神奈川県,月給26,正社員,経理,求人ボックス,https://xn--pckua2a7gp15o89zb.com/jbn/bd9cbefd893853281ca11942a0eec0ba,True,21時間前,2026-06-20 01:18:21,神奈川県
スキルが身につく経理事務／月給26.7万〜・服装・髪型自由・学歴不問新着,経理,神奈川県,月給26,正社員,経理,求人ボックス,https://xn--pckua2a7gp15o89zb.com/jbn/c59afb128ba97add96c001990e5fb036,True,21時間前,2026-06-20 01:18:24,神奈川県
スキルが身につく経理事務／月給26.3万〜・完全週休2日制・土日祝休み新着,経理,神奈川県,月給26,正社員,経理,求人ボックス,https://xn--pckua2a7gp15o89zb.com/jbn/2bc519fc00c3ce3489e62f4a272bf9dc,True,21時間前,2026-06-20 01:18:24,神奈川県
数字に強くなる経理事務／月給26.1万〜・土日祝休み・残業少なめ新着,経理,神奈川県,月給26,正社員,経理,求人ボックス,https://xn--pckua2a7gp15o89zb.com/jbn/361e23933e8583aba123c8aff40ee170,True,21時間前,2026-06-20 01:18:24,神奈川県
簿記が活かせる経理事務／月給26.7万〜・賞与年2回・未経験歓迎新着,経理,神奈川県,月給26,正社員,経理,求人ボックス,https://xn--pckua2a7gp15o89zb.com/jbn/4282827a2713c6d8efaa51334c38347a,True,21時間前,2026-06-20 01:18:27,神奈川県
スキルが身につく経理事務／月給26万〜・学歴不問・未経験歓迎新着,経理,神奈川県,月給26万,正社員,経理,求人ボックス,https://xn--pckua2a7gp15o89zb.com/jbn/fc53e7e2046d3c9d482f999a64785242,True,21時間前,2026-06-20 01:18:27,神奈川県
スキルが身につく経理事務／月給26.5万〜・残業少なめ・学歴不問新着,経理,神奈川県,月給26,正社員,経理,求人ボックス,https://xn--pckua2a7gp15o89zb.com/jbn/9d9aa5ed4e8503e6bc6ed8dc37dacb14,True,21時間前,2026-06-20 01:18:27,神奈川県
経理事務「未経験から専門スキル」研修充実・土日祝休み・ネイルOK新着,株式会社ネクスト,神奈川県,"月給22万6,000円",正社員,経理,求人ボックス,https://xn--pckua2a7gp15o89zb.com/jbn/08c25264c3a540261b03f6347a0e8b93,True,17時間前,2026-06-20 01:18:27,神奈川県
未経験から経理事務／月給26.5万〜・賞与年2回・学歴不問新着,経理,神奈川県,月給26,正社員,経理,求人ボックス,https://xn--pckua2a7gp15o89zb.com/jbn/97703283fa85c7aba3705f1cac56d26a,True,21時間前,2026-06-20 01:18:31,神奈川県
数字に強くなる経理事務／月給26.6万〜・残業少なめ・年間休日125日新着,経理,神奈川県,月給26,正社員,経理,求人ボックス,https://xn--pckua2a7gp15o89zb.com/jbn/21a6d0a9923858cb8dcb57d06033d6d8,True,21時間前,2026-06-20 01:18:31,神奈川県
数字に強くなる経理事務／月給26.3万〜・服装・髪型自由・土日祝休み新着,経理,神奈川県,月給26,正社員,経理,求人ボックス,https://xn--pckua2a7gp15o89zb.com/jbn/9776a0c27714703101989c867ff364ed,True,20時間前,2026-06-20 01:18:31,神奈川県
スキルが身につく経理事務／月給26.6万〜・研修あり・残業少なめ新着,経理,神奈川県,月給26,正社員,経理,求人ボックス,https://xn--pckua2a7gp15o89zb.com/jbn/95ba10a4a40c4f6227e5bc2acd79894a,True,22時間前,2026-06-20 01:18:34,神奈川県
「経費精算・勤怠データ入力!」／経理事務／月収27万～35万新着,Courage Path株式会社,神奈川県,月給27万円～35万円,正社員,経理,求人ボックス,https://xn--pckua2a7gp15o89zb.com/jbn/d09b38a5afa228688762a459a2dcf6a4,True,6時間前,2026-06-20 01:18:34,神奈川県
軽作業員／経理事務／有給取得しやすい／フリーター歓迎／横浜市西区みなと...新着,日研トータルソーシング株式会社,神奈川県,"時給1,650円～",派遣社員,経理,求人ボックス,https://xn--pckua2a7gp15o89zb.com/jbn/f3bc37c2c79f728d5d1add4e5fa40984,True,22時間前,2026-06-20 01:18:34,神奈川県
経理事務／未経験歓迎「土日祝休み・電話対応少なめ・ネイルOK」新着,こんな経験をお持ちの方も歓迎,神奈川県,"月給22万4,500円",正社員,経理,求人ボックス,https://xn--pckua2a7gp15o89zb.com/jbn/13388bbe64e99f2b731400a4fe35c681,True,20時間前,2026-06-20 01:18:36,神奈川県
「大手企業の数字まわりを支える!」／経理事務／未経験95%／未経験歓迎新着,経理,神奈川県,"月給25万9,900円",正社員,経理,求人ボックス,https://xn--pckua2a7gp15o89zb.com/jbn/b774067c7949153f278c46c4d918be29,True,5時間前,2026-06-20 01:18:36,神奈川県
経理事務スタッフ／宮前平勤務／ブランク歓迎／子育て世代活躍中新着,株式会社ボディスプラウト,神奈川県,"時給1,400円～1,600円",アルバイト・パート,経理,求人ボックス,https://xn--pckua2a7gp15o89zb.com/jb/ba48f90df4b9b18c8e46552c65f1cafe,True,8時間前,2026-06-20 01:18:36,神奈川県
経験を活かして収入アップ!かんたん経理&事務新着,ランスタッド株式会社,神奈川県,"時給1,800円",派遣社員,経理,求人ボックス,https://xn--pckua2a7gp15o89zb.com/jb/3baea33f4a41e907060a84ef45480a9a,True,20時間前,2026-06-20 01:18:36,神奈川県
柔道整復師「正規フルタイム社員」／そよ風公式新着,株式会社SOYOKAZE,神奈川県,月給23万円～30万円,契約社員,治療家,求人ボックス,https://xn--pckua2a7gp15o89zb.com/jb/4fa81341b73cea7853bf6b75743a4be5,True,23時間前,2026-06-20 01:18:29,神奈川県
スポーツ外傷・障害の方が多く来院する鍼灸接骨院 柔道整復師 鍼灸師新着,柔道整復師,神奈川県,"月給21万5,000円",正社員,治療家,求人ボックス,https://xn--pckua2a7gp15o89zb.com/jb/c5669febc67bccbe8e04b5ff949e6e2f,True,5時間前,2026-06-20 01:18:29,神奈川県
柔道整復師／院長候補・副院長候補新着,柔道整復師,神奈川県,月給30万円～35万円,正社員,治療家,求人ボックス,https://xn--pckua2a7gp15o89zb.com/jb/2a7744f6ec6f8ee04b4e48c573cf4435,True,5時間前,2026-06-20 01:18:29,神奈川県
日曜休みの半日型デイサービス、機能訓練指導員新着,柔道整復師,神奈川県,"月給25万3,000円",正社員,治療家,求人ボックス,https://xn--pckua2a7gp15o89zb.com/jb/4b5f82776c262f4ae9ea067d7dbfe06d,True,5時間前,2026-06-20 01:18:29,神奈川県
賞与年2回!特定処遇改善加算金年3回!のデイサービス、機能訓練指導員新着,柔道整復師,神奈川県,"月給24万7,200円",正社員,治療家,求人ボックス,https://xn--pckua2a7gp15o89zb.com/jb/c118179d15afa6409c11849d216032e2,True,5時間前,2026-06-20 01:18:29,神奈川県
土日休みの半日型デイサービス、機能訓練指導員新着,柔道整復師,神奈川県,"月給26万3,000円",正社員,治療家,求人ボックス,https://xn--pckua2a7gp15o89zb.com/jb/b700df5ac7b015528c22185d3b2a6de9,True,5時間前,2026-06-20 01:18:29,神奈川県
機能訓練指導員新着,ヒラックス秦野平沢,神奈川県,月給30万円～,正社員,治療家,求人ボックス,https://xn--pckua2a7gp15o89zb.com/jb/277951a41adf479f00ae97e0835aa4a4,True,20時間前,2026-06-20 01:18:30,神奈川県
デイサービス内の機能訓練指導員新着,Smileリハビリデイサービス宮前,神奈川県,月給25万円～40万円,契約社員,治療家,求人ボックス,https://xn--pckua2a7gp15o89zb.com/jb/7e0f92d254c3b2466a70c4687b99f5f9,True,13時間前,2026-06-20 01:18:30,神奈川県
「タレントやスポーツ選手等の送迎」週3日勤務／未経験OK・月収50万円以上・ボーナス支給あり新着,柔道整復師,神奈川県,"月給47万4,500円",正社員,治療家,求人ボックス,https://xn--pckua2a7gp15o89zb.com/jbn/77772b732f20dae1114eb2428b5af8e7,True,14時間前,2026-06-20 01:18:30,神奈川県
「役員送迎ドライバー」週3日勤務／普通免許で未経験からスタート／月収50万円以上・ボーナス年2回新着,柔道整復師,神奈川県,"月給47万6,500円",正社員,治療家,求人ボックス,https://xn--pckua2a7gp15o89zb.com/jbn/d954e266263685b40ee05229c7a7e988,True,18時間前,2026-06-20 01:18:30,神奈川県
著名人や企業役員の送迎ドライバー「週3日勤務」未経験OK・月収40万円以上／ボーナス支給あり新着,柔道整復師,神奈川県,"月給47万6,500円",正社員,治療家,求人ボックス,https://xn--pckua2a7gp15o89zb.com/jbn/2c5f920861518ca25ef8780a090f1717,True,17時間前,2026-06-20 01:18:30,神奈川県
リラクゼーションセラピストの店長候補／経験不問／マネジメント経験者優遇／インセンティブあり新着,株式会社メディロム・ウェルネス Re.Ra.Ku...,神奈川県,月給25万円～50万円,正社員,治療家,求人ボックス,https://xn--pckua2a7gp15o89zb.com/jb/fed0477d939669babd5c186093c1290d,True,13時間前,2026-06-20 01:18:30,神奈川県
「空港への送迎ドライバー」週3日勤務／普通免許で未経験OK／月収50万円以上・賞与2ヶ月分あり新着,柔道整復師,神奈川県,"月給47万4,000円",正社員,治療家,求人ボックス,https://xn--pckua2a7gp15o89zb.com/jbn/fc6b002fc24536349e15b49807036aa3,True,16時間前,2026-06-20 01:18:30,神奈川県
「VIP・役員送迎ドライバー」週3勤務・月収50万以上可・未経験歓迎／ボーナスあり新着,柔道整復師,神奈川県,"月給41万5,000円",正社員,治療家,求人ボックス,https://xn--pckua2a7gp15o89zb.com/jbn/fb8f590e45b87abab471fc15e6db4837,True,19時間前,2026-06-20 01:18:33,神奈川県
「役員送迎ドライバー」年休200日以上・月収50万以上可／未経験歓迎・普免のみOK新着,柔道整復師,神奈川県,"月給42万1,000円",正社員,治療家,求人ボックス,https://xn--pckua2a7gp15o89zb.com/jbn/d4e0eae814eceeab13a4844490c9d2cf,True,20時間前,2026-06-20 01:18:33,神奈川県
「役員送迎ドライバー・急募」年収600万以上・未経験歓迎／週3勤務・普通免許のみOK新着,柔道整復師,神奈川県,"月給42万4,000円",正社員,治療家,求人ボックス,https://xn--pckua2a7gp15o89zb.com/jbn/7e68b008855ef15134e9544c74e31ea7,True,20時間前,2026-06-20 01:18:33,神奈川県
「役員運転手」月収50万以上・未経験歓迎／週3勤務・普通免許のみOK・ボーナス2回新着,柔道整復師,神奈川県,"月給42万2,000円",正社員,治療家,求人ボックス,https://xn--pckua2a7gp15o89zb.com/jbn/8a6a38fc6f13bbbef4586d4bab85aa1f,True,20時間前,2026-06-20 01:18:33,神奈川県
リラクゼーションセラピスト&経験者特典10万円／高単価／高収入実現可能／資格不問／経験不問新着,株式会社メディロム・ウェルネス Re.Ra.Ku...,神奈川県,"時給2,660円～4,543円",,治療家,求人ボックス,https://xn--pckua2a7gp15o89zb.com/jb/693809b742086711b79b2d07be748b31,True,13時間前,2026-06-20 01:18:33,神奈川県
リラクゼーションセラピストの店長候補／経験不問／マネジメント経験者優遇／インセンティブあり新着,株式会社メディロム・ウェルネス Bell Epo...,神奈川県,月給25万円～50万円,正社員,治療家,求人ボックス,https://xn--pckua2a7gp15o89zb.com/jb/9da8fe541172d10dfadec9287a7fbd79,True,13時間前,2026-06-20 01:18:33,神奈川県
「役員運転手」月収50万以上・未経験歓迎／週3勤務・普通免許のみOK・ボーナス2回新着,柔道整復師,神奈川県,"月給42万2,000円",正社員,治療家,求人ボックス,https://xn--pckua2a7gp15o89zb.com/jbn/e9fc044a951354838086b8653f3b761b,True,20時間前,2026-06-20 01:18:36,神奈川県
リラクゼーションセラピスト&経験者特典10万円／高単価／高収入実現可能／資格不問／経験不問新着,株式会社メディロム・ウェルネス Re.Ra.Ku...,神奈川県,"時給2,660円～4,543円",,治療家,求人ボックス,https://xn--pckua2a7gp15o89zb.com/jb/cc68ac953ec3bf044eee39cd4d0b8e81,True,13時間前,2026-06-20 01:18:36,神奈川県
「夜勤・役員運転手」月収50万以上可・未経験歓迎・普通免許のみOK・頑張りが収入に直結新着,柔道整復師,神奈川県,"月給42万1,000円",正社員,治療家,求人ボックス,https://xn--pckua2a7gp15o89zb.com/jbn/779f7834ecbaf2182f85e680b59744af,True,19時間前,2026-06-20 01:18:36,神奈川県
「夜勤・急募」役員運転手「月収50万以上可・普通免許のみOK・未経験歓迎」ボーナスあり新着,柔道整復師,神奈川県,"月給42万4,000円",正社員,治療家,求人ボックス,https://xn--pckua2a7gp15o89zb.com/jbn/96075515b83b3dabce4655511a6ceef7,True,19時間前,2026-06-20 01:18:36,神奈川県
「夜勤・芸能／インフルエンサー送迎ドライバー」月40万以上・未経験歓迎・ボーナスあり新着,柔道整復師,神奈川県,月給42万円～60万,正社員,治療家,求人ボックス,https://xn--pckua2a7gp15o89zb.com/jbn/f581e36ee6fb7913ff8b8b512e165c87,True,20時間前,2026-06-20 01:18:36,神奈川県
「夜勤・送迎ドライバー」月収50万以上・未経験歓迎／履歴書不要のスピード選考新着,柔道整復師,神奈川県,"月給42万5,000円",正社員,治療家,求人ボックス,https://xn--pckua2a7gp15o89zb.com/jbn/f885a24cb5a6b5b5d10629f1e1c21dd7,True,20時間前,2026-06-20 01:18:36,神奈川県
週3勤務「空港送迎ドライバー」月収50万以上・未経験歓迎・普通免許でOK・賞与2か月分新着,柔道整復師,神奈川県,"月給41万8,000円",正社員,治療家,求人ボックス,https://xn--pckua2a7gp15o89zb.com/jbn/3642d47798c596d8f686282911f9faaf,True,20時間前,2026-06-20 01:18:36,神奈川県
「タレント／スポーツ選手などの送迎」月収50万以上・未経験歓迎／週3勤務・ボーナスあり新着,柔道整復師,神奈川県,"月給42万5,000円",正社員,治療家,求人ボックス,https://xn--pckua2a7gp15o89zb.com/jbn/bd02bad7d9ec7b4f48f589ae9f1503e7,True,20時間前,2026-06-20 01:18:36,神奈川県
リラクゼーションセラピストの店長候補／経験不問／マネジメント経験者優遇／インセンティブあり新着,株式会社メディロム・ウェルネス Re.Ra.Ku...,神奈川県,月給25万円～50万円,正社員,治療家,求人ボックス,https://xn--pckua2a7gp15o89zb.com/jb/ba18cf77474bce66f9a0f0f346b59186,True,13時間前,2026-06-20 01:18:39,神奈川県
リラクゼーションセラピストの店長候補／経験不問／マネジメント経験者優遇／インセンティブあり新着,株式会社メディロム・ウェルネス Re.Ra.Ku...,神奈川県,月給25万円～50万円,正社員,治療家,求人ボックス,https://xn--pckua2a7gp15o89zb.com/jb/d70c78992059fc7602a54e28d545b312,True,13時間前,2026-06-20 01:18:39,神奈川県
「役員送迎ドライバー」月収50万以上可・未経験歓迎・普通免許のみOK／ボーナス・退職金あり新着,柔道整復師,神奈川県,"月給42万1,000円",正社員,治療家,求人ボックス,https://xn--pckua2a7gp15o89zb.com/jbn/a0f11d73f145a9bc89e434b22e818fa3,True,19時間前,2026-06-20 01:18:39,神奈川県
リラクゼーションセラピストの店長候補／経験不問／マネジメント経験者優遇／インセンティブあり新着,株式会社メディロム・ウェルネス Re.Ra.Ku...,神奈川県,月給25万円～50万円,正社員,治療家,求人ボックス,https://xn--pckua2a7gp15o89zb.com/jb/48508d25b67790f0e208a2b26f797ca5,True,13時間前,2026-06-20 01:18:39,神奈川県
「役員運転手・夜勤」月50万以上可・未経験歓迎／寮・社宅完備／普免のみOK・ボーナスあり新着,柔道整復師,神奈川県,"月給42万2,000円",正社員,治療家,求人ボックス,https://xn--pckua2a7gp15o89zb.com/jbn/88c7073c176971d0e4dbca9fbf562c7d,True,20時間前,2026-06-20 01:18:39,神奈川県
リラクゼーションセラピストの店長候補／経験不問／マネジメント経験者優遇／インセンティブあり新着,株式会社メディロム・ウェルネス Re.Ra.Ku...,神奈川県,月給25万円～50万円,正社員,治療家,求人ボックス,https://xn--pckua2a7gp15o89zb.com/jb/a80be35f2acf1866eda6a678b093bb75,True,13時間前,2026-06-20 01:18:42,神奈川県
リラクゼーションセラピストの店長候補／経験不問／マネジメント経験者優遇／インセンティブあり新着,株式会社メディロム・ウェルネス Re.Ra.Ku...,神奈川県,月給25万円～50万円,正社員,治療家,求人ボックス,https://xn--pckua2a7gp15o89zb.com/jb/b429d1f7842fc3f988f5831b9281cf14,True,13時間前,2026-06-20 01:18:42,神奈川県
「夜勤・役員運転手」月収50万以上・職歴不問・未経験歓迎／普通免許のみOK新着,柔道整復師,神奈川県,"月給41万7,000円",正社員,治療家,求人ボックス,https://xn--pckua2a7gp15o89zb.com/jbn/b64d711f2d72a4ce83aea5de2a02adab,True,20時間前,2026-06-20 01:18:42,神奈川県
役員運転手「週3勤務」履歴書不要／月収50万円以上／最短内定1週間／ボーナス年2回新着,柔道整復師,神奈川県,"月給42万3,000円",正社員,治療家,求人ボックス,https://xn--pckua2a7gp15o89zb.com/jbn/0954824b3a5fa154a683adc7d0cf2497,True,20時間前,2026-06-20 01:18:42,神奈川県
「著名人・企業役員送迎ドライバー」月収40万以上・未経験歓迎／週3勤務・ボーナスあり新着,柔道整復師,神奈川県,"月給42万2,000円",正社員,治療家,求人ボックス,https://xn--pckua2a7gp15o89zb.com/jbn/3a30f01e9c5743cb7733ca781da631ef,True,20時間前,2026-06-20 01:18:42,神奈川県
「役員運転手・定期送迎」月収50万以上・未経験歓迎・普通免許のみOK・ボーナスあり新着,柔道整復師,神奈川県,"月給42万2,000円",正社員,治療家,求人ボックス,https://xn--pckua2a7gp15o89zb.com/jbn/e8acd549c586a519dcd3649f94f32289,True,20時間前,2026-06-20 01:18:42,神奈川県
役員運転手「月収50万以上可・普通免許のみOK・未経験歓迎」ボーナスあり新着,柔道整復師,神奈川県,"月給42万4,000円",正社員,治療家,求人ボックス,https://xn--pckua2a7gp15o89zb.com/jbn/a7a249a47c1a9a0c995ad7926ae638db,True,19時間前,2026-06-20 01:18:42,神奈川県
リラクゼーションセラピストの店長候補／経験不問／マネジメント経験者優遇／インセンティブあり新着,株式会社メディロム・ウェルネス Re.Ra.Ku...,神奈川県,月給25万円～50万円,正社員,治療家,求人ボックス,https://xn--pckua2a7gp15o89zb.com/jb/dac48b45d8a25e91a8bcf06644cae675,True,13時間前,2026-06-20 01:18:42,神奈川県
リラクゼーションセラピストの店長候補／経験不問／マネジメント経験者優遇／インセンティブあり新着,株式会社メディロム・ウェルネス Re.Ra.Ku...,神奈川県,月給25万円～50万円,正社員,治療家,求人ボックス,https://xn--pckua2a7gp15o89zb.com/jb/69a13de7ee41b165ef138ff7c7f9db45,True,13時間前,2026-06-20 01:18:44,神奈川県
タレント・芸能・観光客の送迎ドライバー「週3日勤務」賞与年2回／初年度から月収50万円以上新着,...未経験からでも安心してプロドライバーを目指せる環境です。 【その他特徴】<前職例>製造/工場/ライン作業/生產管理/設備保全/製鋼/溶接クレーン・玉掛/金属加工/板金加工/板金塗装/警備員機械・,神奈川県,"月給47万5,000円",正社員,治療家,求人ボックス,https://xn--pckua2a7gp15o89zb.com/jbn/7ef2754107ebd10b3e68ade8506e2177,True,16時間前,2026-06-20 01:18:44,神奈川県
「夜勤・役員運転手」年収500万以上・未経験歓迎・ボーナス・退職金あり新着,柔道整復師,神奈川県,"月給42万5,000円",正社員,治療家,求人ボックス,https://xn--pckua2a7gp15o89zb.com/jbn/c933112bf7c902324db9390c811638ef,True,20時間前,2026-06-20 01:18:44,神奈川県
リラクゼーションセラピスト&経験者特典10万円／高単価／高収入実現可能／資格不問／経験不問新着,株式会社メディロム・ウェルネス Re.Ra.Ku...,神奈川県,"時給2,660円～4,543円",,治療家,求人ボックス,https://xn--pckua2a7gp15o89zb.com/jb/66124f069266198cf59509c8256810af,True,13時間前,2026-06-20 01:18:44,神奈川県
リラクゼーションセラピスト&経験者特典10万円／高単価／高収入実現可能／資格不問／経験不問新着,株式会社メディロム・ウェルネス Spa Re.R...,神奈川県,"時給2,660円～4,543円",,治療家,求人ボックス,https://xn--pckua2a7gp15o89zb.com/jb/a2767aa96ae9ac904b5be5a63818a2ee,True,13時間前,2026-06-20 01:18:44,神奈川県
「週3日勤務」普通免許でスタートできる役員送迎ドライバー／週の残り4日はすべてあなたの自由時間新着,...キャリアアップも全面的にバックアップします。 【その他概要】<前職例>製造/工場/ライン作業/生產管理/設備保全/製鋼/溶接クレーン・玉掛/金属加工/板金加工/板金塗装/警備員機械・電気/倉庫内,神奈川県,"月給47万4,000円",正社員,治療家,求人ボックス,https://xn--pckua2a7gp15o89zb.com/jbn/9c658f250b3e15dab6c3346577bece81,True,16時間前,2026-06-20 01:18:44,神奈川県
リラクゼーションセラピストの店長候補／経験不問／マネジメント経験者優遇／インセンティブあり新着,株式会社メディロム・ウェルネス Re.Ra.Ku...,神奈川県,月給25万円～50万円,正社員,治療家,求人ボックス,https://xn--pckua2a7gp15o89zb.com/jb/addf13c06017e1b3c6b6c53dcea26914,True,13時間前,2026-06-20 01:18:48,神奈川県
リラクゼーションセラピストの店長候補／経験不問／マネジメント経験者優遇／インセンティブあり新着,株式会社メディロム・ウェルネス Re.Ra.Ku...,神奈川県,月給25万円～50万円,正社員,治療家,求人ボックス,https://xn--pckua2a7gp15o89zb.com/jb/713394634ccf9cd1778289cb74c5d535,True,13時間前,2026-06-20 01:18:48,神奈川県
リラクゼーションセラピストの店長候補／経験不問／マネジメント経験者優遇／インセンティブあり新着,株式会社メディロム・ウェルネス Re.Ra.Ku...,神奈川県,月給25万円～50万円,正社員,治療家,求人ボックス,https://xn--pckua2a7gp15o89zb.com/jb/3c2086c725dde8497c1034ca52b4cf02,True,13時間前,2026-06-20 01:18:48,神奈川県
ピラティスインストラクター／ピラティススタジオ luluto新着,株式会社理学ボディ,神奈川県,"月給22万8,000円",正社員,治療家,求人ボックス,https://xn--pckua2a7gp15o89zb.com/jb/bafe039dbd27935f2d14339b58c65149,True,10時間前,2026-06-20 01:18:48,神奈川県
週3日～ × 日勤のみOK!可能 介護職新着,株式会社ジャストファイン,神奈川県,"時給1,650円",派遣社員,治療家,求人ボックス,https://xn--pckua2a7gp15o89zb.com/jb/7e2b55dd0357bad8c7ef225ec42f74c8,True,14時間前,2026-06-20 01:18:48,神奈川県
新規開設!月給26万円～+賞与年2回!自費率100%の整骨院で整体師・セラピスト新着,師・,神奈川県,月給26万円～,正社員,治療家,求人ボックス,https://xn--pckua2a7gp15o89zb.com/jb/d5267b9bd06bdcb71ae01c5d4805a4b6,True,5時間前,2026-06-20 01:18:48,神奈川県
新規開設!月給26万円～+賞与年2回!自費率100%の整骨院で理学療法士新着,...大手グループ在籍だけどもう中堅の年齢-? 日々の仕事に追われてスキルアップでない-? 今の職場を辞めたら生活できるか不安実は当院で働いている先生方も似た悩みをもっていました。弊社では,神奈川県,月給26万円～,正社員,治療家,求人ボックス,https://xn--pckua2a7gp15o89zb.com/jb/ce1e65e830abf72bbd1b5d0f12bc52b7,True,5時間前,2026-06-20 01:18:48,神奈川県
柔道整復師／ほねごり接骨院・はりきゅう院 寒川一之宮院新着,株式会社ほねごり,神奈川県,,正社員,治療家,求人ボックス,https://xn--pckua2a7gp15o89zb.com/jb/aebea6db71ae03ee2bfcae55c035fe68,True,10時間前,2026-06-20 01:18:52,神奈川県
柔道整復師／福寿の里ホームケアサービス新着,有限会社福寿の里,神奈川県,,契約社員,治療家,求人ボックス,https://xn--pckua2a7gp15o89zb.com/jb/449a1ba1e011d7c44bf93cf9ea2dc2e8,True,11時間前,2026-06-20 01:18:52,神奈川県
未経験歓迎／週3勤務×月収40万円以上も可能／大手グループで安定収入を得られるタクシー運転手募集新着,...種からの転職者が多数活躍中>】<前職例>製造/工場作業/ライン作業/生産管理/設備保全鋼材・溶接/クレーン・玉掛け/金属加工/板金・塗装警備員/機械・電気関連/倉庫内作業/フォークリフト,神奈川県,月給35万円～50万円,正社員,治療家,求人ボックス,https://xn--pckua2a7gp15o89zb.com/jbi/a8f7837d2d246b7e365896a9d4e62c29,True,22時間前,2026-06-20 01:18:52,神奈川県
伊勢原市で稼げるタクシー運転手／未経験OK×年収500万以上×週3日～勤務可／中高年活躍新着,柔道整復師,神奈川県,月給25万円～65万円,正社員,治療家,求人ボックス,https://xn--pckua2a7gp15o89zb.com/jbi/1d8242d2e7fca53381d7ea4d76910fda,True,22時間前,2026-06-20 01:18:52,神奈川県
厚木勤務／週3勤務OK×未経験歓迎／年収600万円以上&賞与年2回新着,柔道整復師,神奈川県,月給40万円～55万円,正社員,治療家,求人ボックス,https://xn--pckua2a7gp15o89zb.com/jbn/5d4d50b4573d8eb3c194f39c79ab560c,True,22時間前,2026-06-20 01:18:52,神奈川県
未経験歓迎・学歴不問／都筑区で週3勤務×月収40万円以上可／安心の大手グループで高収入タクシードライ...新着,...種からの転職者が多数活躍中>】<前職例>製造/工場作業/ライン作業/生産管理/設備保全鋼材・溶接/クレーン・玉掛け/金属加工/板金・塗装警備員/機械・電気関連/倉庫内作業/フォークリフト,神奈川県,月給35万円～50万円,正社員,治療家,求人ボックス,https://xn--pckua2a7gp15o89zb.com/jbi/3b9a9ba29a7823569bdda24b4d1a72e9,True,22時間前,2026-06-20 01:18:54,神奈川県
タクシー未経験歓迎／小田原～箱根勤務で年収600万円以上可!配車アプリ対応×自由シフト制×ミドル層も...新着,...数ヶ月間は月給保証あり。未経験でもしっかり稼げる環境です。 「免許がない」「地理に自信がない」そんな不安も安心!会社全体でサポートします。 【<弊社在籍ドライバーの前職一覧>】警備員/板金塗装/,神奈川県,月給30万円～50万円,正社員,治療家,求人ボックス,https://xn--pckua2a7gp15o89zb.com/jbi/4a9584cc7e43619dcded3e908c85987b,True,22時間前,2026-06-20 01:18:54,神奈川県
鶴見区で未経験から稼げる!タクシー運転手募集／年収600万円可×週3日～×中高年歓迎新着,...努力を惜しまない人高収入を目指したい、稼げる仕事をしたいと考えている人には最適です。努力次第で、年収700万を達成することも可能です。 【<弊社在籍ドライバーの前職一覧>】警備員/板金塗装/設備,神奈川県,月給40万円～60万円,正社員,治療家,求人ボックス,https://xn--pckua2a7gp15o89zb.com/jbn/433c81f682417e758be798120e2fc95e,True,22時間前,2026-06-20 01:18:54,神奈川県
柔道整復師／リハビリ特化型デイサービスともにReha藤岡新着,株式会社ヴァン・アッシュ,神奈川県,,アルバイト・パート,治療家,求人ボックス,https://xn--pckua2a7gp15o89zb.com/jb/88186f64dcf47c3e30a51e9f3ea35a2b,True,11時間前,2026-06-20 01:18:54,神奈川県
施設警備・警備員指導教育責任者／候補者／年齢不問／月給27万円以上新着,株式会社丸新,神奈川県,月給27万円,正社員,警備,求人ボックス,https://xn--pckua2a7gp15o89zb.com/jb/16a400fad615eb4467b33ced4496db1b,True,3時間前,2026-06-20 01:18:40,神奈川県
施設警備員新着,社会福祉法人楠会,神奈川県,"日給1万1,485円",アルバイト・パート,警備,求人ボックス,https://xn--pckua2a7gp15o89zb.com/jb/4b1d67c35cd78650c18d4adb934e853f,True,14時間前,2026-06-20 01:18:40,神奈川県
施設警備員／未経験歓迎／月10日位／久保沢新着,株式会社サンエーツクイ,神奈川県,"日給1万2,000円",アルバイト・パート,警備,求人ボックス,https://xn--pckua2a7gp15o89zb.com/jb/5ea69a8ea4728c1e5769eb372d1ce583,True,9時間前,2026-06-20 01:18:40,神奈川県
株式会社 静岡総合警備保障 神奈川県横浜市中区の警備員管理スタッフ新着,警備,神奈川県横浜市中区の警備員管理スタッフ,月給24万円～29万,正社員,警備,求人ボックス,https://xn--pckua2a7gp15o89zb.com/jb/4f67ccf465008920e3c23364e9bb5ce4,True,22時間前,2026-06-20 01:18:44,神奈川県
川崎の工業地帯での交通誘導警備員新着,株式会社MSK,神奈川県,"日給1万5,000円",アルバイト・パート,警備,求人ボックス,https://xn--pckua2a7gp15o89zb.com/jb/e48bba41eff8b25436cbefe646cd4b1d,True,8時間前,2026-06-20 01:18:44,神奈川県
施設警備、警備員／駅・商業施設・学校・マンション新着,テイケイ株式会社,神奈川県,"日給2万4,101円",契約社員,警備,求人ボックス,https://xn--pckua2a7gp15o89zb.com/jb/7d689b8316cc6cb8d26a501a9e5af05e,True,6時間前,2026-06-20 01:18:48,神奈川県
警備員新着,SPD株式会社,神奈川県,日給1万764円,アルバイト・パート,警備,求人ボックス,https://xn--pckua2a7gp15o89zb.com/jb/e12e61ac28de3ce6ec32b4f7ac8f633e,True,9時間前,2026-06-20 01:18:48,神奈川県
「愛知県勤務」交通誘導「今すぐ一人暮らしがしたい」が叶う新着,セキュリティスタッフ株式会社,神奈川県,"日給9,500円",正社員,警備,求人ボックス,https://xn--pckua2a7gp15o89zb.com/jb/55c548d31ae920ba09c9ee526987ac0f,True,56分前,2026-06-20 01:18:50,神奈川県
大型マンションの施設警備／時給1400円／未経験歓迎／安心の指導体制新着,共和サービス警備保障株式会社,神奈川県,時給1400円,アルバイト・パート,警備,求人ボックス,https://xn--pckua2a7gp15o89zb.com/jb/55af195c63e5567bcc855141d7547b25,True,21時間前,2026-06-20 01:18:50,神奈川県
「異業種からの転職歓迎」役員運転手／週3勤務／月収50万以上新着,株式会社トラスト,神奈川県,"月給42万1,000円",正社員,警備,求人ボックス,https://xn--pckua2a7gp15o89zb.com/jbn/0c394fc4f46465ff372a596f1960ee49,True,20時間前,2026-06-20 01:18:50,神奈川県
「役員運転手・定期送迎」1年目で年収580万・週3勤務／普通免許のみOK新着,株式会社ネクスト,神奈川県,"月給41万7,000円",正社員,警備,求人ボックス,https://xn--pckua2a7gp15o89zb.com/jbn/660348a6f9f54d1b19edf40b33a642fb,True,16時間前,2026-06-20 01:18:54,神奈川県
ALSOKの施設警備／年収480万円～520万円／年間賞与実績100万円以上／ちょっと珍しい新着,ALSOK双栄株式会社,神奈川県,年収480万円～520万円,正社員,警備,求人ボックス,https://xn--pckua2a7gp15o89zb.com/jbn/b78e09fe38591df8120e20806695086a,True,23時間前,2026-06-20 01:18:54,神奈川県
鶴見駅前のショッピングモールでの施設警備新着,西新サービス株式会社,神奈川県,"時給1,300円",アルバイト・パート,警備,求人ボックス,https://xn--pckua2a7gp15o89zb.com/jb/8740154b21aee212fb67b233a70e0777,True,5時間前,2026-06-20 01:18:54,神奈川県
軽貨物ドライバー／ガソリンカード対応／月給40万～／週3から働ける環境新着,株式会社LH SERVICE,神奈川県,月給40万～,,ドライバー,求人ボックス,https://xn--pckua2a7gp15o89zb.com/jbn/18f5ef8b8c8ce6053b049e669e8ead47,True,21時間前,2026-06-20 01:18:39,神奈川県
ゆうパックの配送ドライバー／20代・30代活躍中／未経験者OK新着,株式会社T.T.D,神奈川県,月給50万円～117万円,,ドライバー,求人ボックス,https://xn--pckua2a7gp15o89zb.com/jbn/899d883f3e0346e5d778ff9e2b9ea5ff,True,23時間前,2026-06-20 01:18:39,神奈川県
「VIP・役員送迎ドライバー」1年目で年収600万・週3勤務新着,株式会社トラスト,神奈川県,"月給42万1,000円",正社員,ドライバー,求人ボックス,https://xn--pckua2a7gp15o89zb.com/jbn/677aa81df9a961e6ea439c1750b21b61,True,20時間前,2026-06-20 01:18:39,神奈川県
空港送迎ドライバー「週3勤務」二種免許不要／年収600万円可新着,株式会社ネクスト,神奈川県,"月給42万1,000円",正社員,ドライバー,求人ボックス,https://xn--pckua2a7gp15o89zb.com/jbn/897261976608f504c4c2b461f1b70a81,True,16時間前,2026-06-20 01:18:39,神奈川県
観光送迎ドライバー「夜勤・正社員」手取り40万以上／普通免許のみOK新着,株式会社アシスト,神奈川県,"月給42万4,000円",正社員,ドライバー,求人ボックス,https://xn--pckua2a7gp15o89zb.com/jbn/365cfd9f78e5bca68ecadcb30f097e49,True,17時間前,2026-06-20 01:18:43,神奈川県
アマゾンの宅配ドライバー／単純作業／9割起き配／短期間OK／短時間OK新着,株式会社Gro,神奈川県,"日給2万2,121円",,ドライバー,求人ボックス,https://xn--pckua2a7gp15o89zb.com/jbn/db039e8e6b6724a0d371f7add49929c8,True,23時間前,2026-06-20 01:18:48,神奈川県
配車ドライバー／予約中心／普通免許のみ／年間休日120日以上／シフト制新着,タクシー,神奈川県,月給45万円～80万円,正社員,ドライバー,求人ボックス,https://xn--pckua2a7gp15o89zb.com/jbn/6e5c7b11182708ad1f83b26fbc7e4e26,True,22時間前,2026-06-20 01:18:48,神奈川県
タクシードライバー／予約中心／普通免許のみ／働きやすさ抜群新着,タクシー,神奈川県,月給45万円～80万円,正社員,ドライバー,求人ボックス,https://xn--pckua2a7gp15o89zb.com/jbn/03f2fd3697da91aa091e7ce981d88cb6,True,22時間前,2026-06-20 01:18:48,神奈川県
「手厚い同乗研修あり」中距離の大型トラックドライバー／昇給あり新着,司企業株式会社,神奈川県,"月給24万5,000円",正社員,ドライバー,求人ボックス,https://xn--pckua2a7gp15o89zb.com/jbn/0d8259e0d0851f7836fac823a8496387,True,18時間前,2026-06-20 01:18:51,神奈川県
配車ドライバー／予約中心／普通免許歓迎／しっかり稼ぎたい方にオススメ新着,ドライバー,神奈川県,月給45万円～80万円,正社員,ドライバー,求人ボックス,https://xn--pckua2a7gp15o89zb.com/jbn/d8b1f8db09bcd4802fe89076cb7139fa,True,22時間前,2026-06-20 01:18:51,神奈川県
専属ドライバー／予約が中心／普通免許のみ／年間休日120日以上新着,ドライバー,神奈川県,月給50万円～80万円,正社員,ドライバー,求人ボックス,https://xn--pckua2a7gp15o89zb.com/jbn/61702c44b734cea9fcd5b07d81646a58,True,22時間前,2026-06-20 01:18:54,神奈川県
ビジネス送迎ドライバー／予約が中心／普通免許のみ／週3出勤新着,ハイヤー,神奈川県,月給50万円～80万円,正社員,ドライバー,求人ボックス,https://xn--pckua2a7gp15o89zb.com/jbn/c6f24b13f23a617ed54ea8de2a0bf38e,True,22時間前,2026-06-20 01:18:54,神奈川県
配車ドライバー／予約中心／普通免許歓迎／プライベート重視の方へ新着,ドライバー,神奈川県,月給45万円～80万円,正社員,ドライバー,求人ボックス,https://xn--pckua2a7gp15o89zb.com/jbn/6f8d2cc7ec651c09867c908b5d24ad72,True,22時間前,2026-06-20 01:18:57,神奈川県
役員ドライバー／予約が中心／普通免許のみ／週3出勤／幅広い年齢の方が活...新着,ハイヤー,神奈川県,月給50万円～80万円,正社員,ドライバー,求人ボックス,https://xn--pckua2a7gp15o89zb.com/jbn/1516bb91dc5524098bb7226cdef2734a,True,22時間前,2026-06-20 01:18:57,神奈川県
役員専属ドライバー／予約が中心／普通免許のみ／月半分がお休み新着,ドライバー,神奈川県,月給50万円～80万円,正社員,ドライバー,求人ボックス,https://xn--pckua2a7gp15o89zb.com/jbn/a035cb446ffcf1c33efdc528a23c3989,True,22時間前,2026-06-20 01:18:59,神奈川県
VIP送迎ドライバー／予約が中心／普通免許のみ／月半分がお休み新着,ドライバー,神奈川県,月給50万円～80万円,正社員,ドライバー,求人ボックス,https://xn--pckua2a7gp15o89zb.com/jbn/a01c538484c4ffe84ceb90c7de6d2fae,True,22時間前,2026-06-20 01:19:04,神奈川県
夜勤送迎・夜勤ドライバー／深夜はたらく・夜勤／未経験・経験者歓迎新着,ドライバー,神奈川県,"月給41万9,000円",正社員,ドライバー,求人ボックス,https://xn--pckua2a7gp15o89zb.com/jbn/d580e04c5a8ff51f04d04c76d9ce89c1,True,19時間前,2026-06-20 01:19:06,神奈川県
製造技術スタッフ 土日祝休 残業少新着,株式会社スマートパワーシステム,神奈川県,"月給24万1,600円",正社員,製造,求人ボックス,https://xn--pckua2a7gp15o89zb.com/jb/0d19644935dc4ad0e35f542dc1abcf08,True,57分前,2026-06-20 01:18:58,神奈川県
時計盤の製造スタッフ／月給34万円以上／未経験歓迎／寮完備新着,合同会社タカノワーク,神奈川県,月給34万円,正社員,製造,求人ボックス,https://xn--pckua2a7gp15o89zb.com/jb/66d542caee713ee3b3313f900f9454a9,True,4時間前,2026-06-20 01:18:58,神奈川県
「27卒」カプセルトイ製造スタッフ・寮完備「日勤のみ／年間休日125日...新着,JHRconsulting株式会社,神奈川県,月給25万300円,正社員,製造,求人ボックス,https://xn--pckua2a7gp15o89zb.com/jbn/4459593337b742b9b0d7f3cda4cbaa20,True,7時間前,2026-06-20 01:18:58,神奈川県
「27卒」ペット用品の製造スタッフ・未経験歓迎／シフト相談可「正社員新着,株式会社キソシン,神奈川県,"月給25万7,400円",正社員,製造,求人ボックス,https://xn--pckua2a7gp15o89zb.com/jbn/9899704b079fe8602dd1a38c031e43bd,True,6時間前,2026-06-20 01:18:58,神奈川県
「27卒」カプセルトイ製造スタッフ・「正社員」即入寮可・資格取得支援新着,株式会社alBee,神奈川県,"月給26万4,000円",正社員,製造,求人ボックス,https://xn--pckua2a7gp15o89zb.com/jbn/f1e412168c8bc7ef3ac49e5c27892283,True,6時間前,2026-06-20 01:18:59,神奈川県
スニーカー・シューズの製造スタッフ「27卒」寮・社宅あり／週休2日制新着,ベンタス株式会社,神奈川県,"月給25万7,400円",正社員,製造,求人ボックス,https://xn--pckua2a7gp15o89zb.com/jbn/d197d6af96f27987fa1b470fa8d32f97,True,7時間前,2026-06-20 01:18:59,神奈川県
「27卒」フィギュア製造スタッフ・資格不問「正社員／日勤のみ新着,株式会社ELシステム,神奈川県,月給25万300円,正社員,製造,求人ボックス,https://xn--pckua2a7gp15o89zb.com/jbn/f555c2f84223e68d12872ed0b96ce819,True,6時間前,2026-06-20 01:19:01,神奈川県
「27卒」スナック菓子の製造スタッフ／寮完備／昇給年1回以上新着,株式会社プロジェクトトリガー,神奈川県,"月給25万2,100円",正社員,製造,求人ボックス,https://xn--pckua2a7gp15o89zb.com/jbn/ee3f74757c82c04e1b42cef05b702392,True,6時間前,2026-06-20 01:19:01,神奈川県
「27卒」ペット用品の製造スタッフ正社員／有給消化率高い・20代活躍中新着,株式会社Meta Sales,神奈川県,"月給26万2,100円",正社員,製造,求人ボックス,https://xn--pckua2a7gp15o89zb.com/jbn/f95d8c71b3819b3a200a57b956390ccd,True,5時間前,2026-06-20 01:19:01,神奈川県
「27卒」スニーカー・シューズの製造スタッフ「正社員」交通費全額支給新着,株式会社Creer,神奈川県,"月給25万9,900円",正社員,製造,求人ボックス,https://xn--pckua2a7gp15o89zb.com/jbn/d5f7fe07fa8548125a3f1ecc27f814db,True,6時間前,2026-06-20 01:19:01,神奈川県
「27卒」イヤホン・ヘッドフォンの製造スタッフ・未経験歓迎「正社員新着,株式会社ELM,神奈川県,"月給26万1,200円",正社員,製造,求人ボックス,https://xn--pckua2a7gp15o89zb.com/jbn/c70ebd21679f21c1abdd4189c4179129,True,6時間前,2026-06-20 01:19:01,神奈川県
「27卒」イヤホン・ヘッドフォンの製造スタッフ・資格不問「正社員新着,株式会社GUM,神奈川県,"月給25万8,000円",正社員,製造,求人ボックス,https://xn--pckua2a7gp15o89zb.com/jbn/ea615e70792857174522683550ae3ec8,True,6時間前,2026-06-20 01:19:01,神奈川県
「27卒」寮・社宅あり・コーヒー・お茶の製造スタッフ／交通費全額支給新着,株式会社大斗,神奈川県,"月給26万2,100円",正社員,製造,求人ボックス,https://xn--pckua2a7gp15o89zb.com/jbn/b7072f55056b02ee4f6983386a81b4f3,True,7時間前,2026-06-20 01:19:04,神奈川県
「27卒」アウトドア・キャンプ用品の製造スタッフ・未経験歓迎新着,株式会社LOP,神奈川県,"月給25万8,100円",正社員,製造,求人ボックス,https://xn--pckua2a7gp15o89zb.com/jbn/1ae068931b02a134e0e3d2c3d1902bf5,True,6時間前,2026-06-20 01:19:04,神奈川県
未経験採用枠「第2新卒活躍中!」ガチャガチャ製造スタッフ／高収入新着,株式会社RIOT GROUP,神奈川県,"月給29万3,700円",正社員,製造,求人ボックス,https://xn--pckua2a7gp15o89zb.com/jbn/32ed6f09290657d877a724ccac6ca463,True,2時間前,2026-06-20 01:19:04,神奈川県
スポーツ用品の製造スタッフ「27卒」20代活躍中・車通勤OK「正社員新着,株式会社Le Lien,神奈川県,"月給25万8,000円",正社員,製造,求人ボックス,https://xn--pckua2a7gp15o89zb.com/jbn/4875e8889639bb5b279a351efd434080,True,5時間前,2026-06-20 01:19:06,神奈川県
ネイルグッズの製造スタッフ「27卒」正社員・寮・社宅あり・昇給年1回以...新着,株式会社enrich technology,神奈川県,"月給25万7,000円",正社員,製造,求人ボックス,https://xn--pckua2a7gp15o89zb.com/jbn/c3b6dfec846707ebfe9e26e8efd2ece0,True,7時間前,2026-06-20 01:19:06,神奈川県
未経験採用枠「第2新卒活躍中!」ガチャガチャ製造スタッフ／高収入新着,株式会社RIOT,神奈川県,月給31万700円,正社員,製造,求人ボックス,https://xn--pckua2a7gp15o89zb.com/jbn/7cecbf2dfc48bcdf95435777cb8c06e7,True,3時間前,2026-06-20 01:19:06,神奈川県
未経験採用枠「第2新卒活躍中!」ガチャガチャ製造スタッフ／高収入新着,Yts株式会社,神奈川県,"月給32万6,500円",正社員,製造,求人ボックス,https://xn--pckua2a7gp15o89zb.com/jbn/7b9c6dba2c1bb110837a972a483edaac,True,3時間前,2026-06-20 01:19:10,神奈川県
未経験採用枠「第2新卒活躍中!」ガチャガチャ製造スタッフ／高収入新着,株式会社小林,神奈川県,"月給32万7,700円",正社員,製造,求人ボックス,https://xn--pckua2a7gp15o89zb.com/jbn/decc16b3f3499e8fa96d4246f1be0ede,True,3時間前,2026-06-20 01:19:10,神奈川県
未経験採用枠「第2新卒活躍中!」ガチャガチャ製造スタッフ／高収入新着,AQUARIUS株式会社,神奈川県,"月給31万2,600円",正社員,製造,求人ボックス,https://xn--pckua2a7gp15o89zb.com/jbn/f3c04798a19a8e5447b9f032b4252955,True,2時間前,2026-06-20 01:19:12,神奈川県
景品づくりのレア求人!／クレーンゲーム景品の企画製造スタッフ新着,製造,神奈川県,月給33万500円,正社員,製造,求人ボックス,https://xn--pckua2a7gp15o89zb.com/jbn/03f8245417e3e6ca80d5790447b958f7,True,7時間前,2026-06-20 01:19:12,神奈川県
PC好きにおすすめ!／パソコンの製造スタッフ／年間休日139日新着,製造,神奈川県,"月給39万3,500円",正社員,製造,求人ボックス,https://xn--pckua2a7gp15o89zb.com/jbn/044019dfe3c8d06f9a12c1ca704fc1f9,True,7時間前,2026-06-20 01:19:12,神奈川県
タグ付け出荷準備中心!／クレーンゲーム景品の企画製造スタッフ新着,製造,神奈川県,"月給35万2,500円",正社員,製造,求人ボックス,https://xn--pckua2a7gp15o89zb.com/jbn/c74b514d9cde3ad3874d4cc2303ad6d2,True,7時間前,2026-06-20 01:19:16,神奈川県
貯金が底をつき、働く場所を探している人・家具家電付き寮完備で初期費用不...新着,株式会社オーヴァル,神奈川県,"月給33万8,000円",正社員,製造,求人ボックス,https://xn--pckua2a7gp15o89zb.com/jb/ac401ccbe1bd4de625592f05ccc75deb,True,5時間前,2026-06-20 01:19:16,神奈川県
製造スタッフ 土日休みしか勝たん 大型連休あり 簡単組み立て·加工新着,株式会社Brave,神奈川県,月給33万円～38万円,正社員,製造,求人ボックス,https://xn--pckua2a7gp15o89zb.com/jb/addc7fc122a9a6ea79ccc1a43f23614a,True,14時間前,2026-06-20 01:19:19,神奈川県
カップ麺の容器製造・検品スタッフ／30代40代活躍中です 未経験歓迎新着,キャリアネクスト,神奈川県,月給34万円～,契約社員,製造,求人ボックス,https://xn--pckua2a7gp15o89zb.com/jb/4efac55625a738bbdc1ef944f9d72890,True,23時間前,2026-06-20 01:19:19,神奈川県
趣味グッズに関われる!／カードゲームグッズの製造スタッフ／即日勤務OK新着,製造,神奈川県,"月給36万2,500円",正社員,製造,求人ボックス,https://xn--pckua2a7gp15o89zb.com/jbn/7832f501355a8213af5a68b7a0871cae,True,7時間前,2026-06-20 01:19:19,神奈川県
通電チェックも担当!／パソコンの製造スタッフ／年間休日127日新着,製造,神奈川県,"月給36万3,500円",正社員,製造,求人ボックス,https://xn--pckua2a7gp15o89zb.com/jbn/012eb8c92ad39e68c69f66c4eec4c356,True,7時間前,2026-06-20 01:19:19,神奈川県
即日勤務OK／ゲーム関連アクセサリーの製造Staff／資格不要／軽作業新着,株式会社アテナスタイル,神奈川県,月給29万円～,正社員,製造,求人ボックス,https://xn--pckua2a7gp15o89zb.com/jb/2bfc76281dd61f4e4b5ec25ab6ca31e9,True,21時間前,2026-06-20 01:19:22,神奈川県
マシニングセンタ・汎用機械加工スタッフ／工業系卒歓迎／残業が少ない／定年なし／ブランクOK新着,アネックス・ジャパン株式会社,神奈川県,"時給1,900円～2,300円",派遣社員,派遣,求人ボックス,https://xn--pckua2a7gp15o89zb.com/jbn/43fff48ec4fcfb838f779a20a0ca5ba9,True,23時間前,2026-06-20 01:19:10,神奈川県
派遣スタッフの労務管理・メーカー折衝対応／未経験歓迎／資格取得支援新着,株式会社日本ケイテム,神奈川県,年収350万円～550万円,正社員,派遣,求人ボックス,https://xn--pckua2a7gp15o89zb.com/jbn/552aed18f638e5b9a414fec6a0d76054,True,23時間前,2026-06-20 01:19:10,神奈川県
介護職／ヘルパー／従来型特養 介護スタッフ募集中! 7時〜19時／週4〜5日／特別養護老人ホーム新着,セントスタッフ株式会社,神奈川県,"時給1,500円～1,800円",派遣社員,派遣,求人ボックス,https://xn--pckua2a7gp15o89zb.com/jbn/6be914a09a1dce719a9f3e84e1ec2e30,True,11時間前,2026-06-20 01:19:10,神奈川県
保育士新着,公益財団法人横浜YMCA,神奈川県,"時給1,600円～1,700円",派遣社員,派遣,求人ボックス,https://xn--pckua2a7gp15o89zb.com/jb/5c0a78868fec67ff7a534ebeb5bd6c95,True,18時間前,2026-06-20 01:19:10,神奈川県
保育士新着,社会福祉法人久遠園,神奈川県,"時給1,450円～1,600円",派遣社員,派遣,求人ボックス,https://xn--pckua2a7gp15o89zb.com/jb/148729261a190f30139f83a8e509f512,True,18時間前,2026-06-20 01:19:11,神奈川県
介護スタッフ!未経験OK／ワークライフバランスが充実!資格取得も「9840」新着,株式会社DYMキャリア,神奈川県,"時給1,500円～2,200円",派遣社員,派遣,求人ボックス,https://xn--pckua2a7gp15o89zb.com/jbn/1cfdaa0aa408ae37f48babd5b6a16c29,True,19時間前,2026-06-20 01:19:11,神奈川県
製造スタッフ 油圧機器のメンテナンス作業 出張あり新着,株式会社メイテックキャスト,神奈川県,"時給1,800円～",派遣社員,派遣,求人ボックス,https://xn--pckua2a7gp15o89zb.com/jb/faedfb8b22aa70b9f39d018af5fc589e,True,14時間前,2026-06-20 01:19:11,神奈川県
保育士新着,社会福祉法人横浜YMCA福祉会,神奈川県,"時給1,550円～1,650円",派遣社員,派遣,求人ボックス,https://xn--pckua2a7gp15o89zb.com/jb/7849180f76d721a889b6082e3a7ceb3c,True,18時間前,2026-06-20 01:19:11,神奈川県
求職者と企業をつなぐ人材コーディネーター／未経験歓迎／賞与あり新着,綜合キャリアオプション,神奈川県,年収350万円～400万円,正社員,派遣,求人ボックス,https://xn--pckua2a7gp15o89zb.com/jbn/f23ddd2c8fce76e7dcae92f3311f4ad4,True,23時間前,2026-06-20 01:19:14,神奈川県
保育士新着,ピジョンハーツ株式会社,神奈川県,"時給1,600円",派遣社員,派遣,求人ボックス,https://xn--pckua2a7gp15o89zb.com/jb/02a31d4b5d7ea064955275e89b4892de,True,18時間前,2026-06-20 01:19:14,神奈川県
60代まで幅広く活躍中!ノルマなし&研修充実のテレオペ新着,アデコ株式会社,神奈川県,"時給1,700円～",派遣社員,派遣,求人ボックス,https://xn--pckua2a7gp15o89zb.com/jb/fd0bc38f0066fa39137118a601127e20,True,19時間前,2026-06-20 01:19:16,神奈川県
保育士新着,株式会社第一コーポレーション,神奈川県,"時給1,600円～1,700円",派遣社員,派遣,求人ボックス,https://xn--pckua2a7gp15o89zb.com/jb/743919e46f8eb1a4adb7b21ff7465102,True,18時間前,2026-06-20 01:19:16,神奈川県
年間休日120日以上／西濃グループ／将来のセンター長候補新着,S&Nロジスティクス株式会社,神奈川県,月給25万円～33万円,正社員,派遣,求人ボックス,https://xn--pckua2a7gp15o89zb.com/jb/928a8718e2bfc7001b656e2c72a35e35,True,3時間前,2026-06-20 01:19:16,神奈川県
人材会社での採用業務週5日新着,株式会社ミライル,神奈川県,"時給1,500円～",アルバイト・パート,派遣,求人ボックス,https://xn--pckua2a7gp15o89zb.com/jb/872d8aa63eaffd649e510a0866dd696f,True,20時間前,2026-06-20 01:19:16,神奈川県
土日休み×オフ充実!／製造・軽作業／20～50代活躍中／未経験歓迎新着,日本マニュファクチャリングサービス株式会社,神奈川県,"月給25万3,000円",正社員,派遣,求人ボックス,https://xn--pckua2a7gp15o89zb.com/jbn/e718c46283afb9bd0ed003bbea03562e,True,8時間前,2026-06-20 01:19:16,神奈川県
データエントリー業務 ／ 一般事務・OA事務 ／派遣スタッフ就業中 あんしん長期 事務新着,パーソルテンプスタッフ株式会社,神奈川県,"時給1,300円",派遣社員,派遣,求人ボックス,https://xn--pckua2a7gp15o89zb.com/jb/53e7e0c26fe75c0db0b4e84f2415673c,True,17時間前,2026-06-20 01:19:19,神奈川県
紹介予定派遣で未経験から正社員へ エンジニアリング会社で総務新着,ヒューマンリソシア株式会社,神奈川県,"時給1,600円",正社員,派遣,求人ボックス,https://xn--pckua2a7gp15o89zb.com/jb/bd37d2c93c991be83ea987f2e1134be3,True,5時間前,2026-06-20 01:19:19,神奈川県
保育士新着,社会福祉法人乳児保護協会,神奈川県,"時給1,550円～1,650円",派遣社員,派遣,求人ボックス,https://xn--pckua2a7gp15o89zb.com/jb/1704d3ff6f167e2460d76c4d7ba070c3,True,18時間前,2026-06-20 01:19:21,神奈川県
CADオペレーター スクール卒も実力磨く 大手で成長新着,株式会社アットキャド,神奈川県,"時給1,800円",派遣社員,派遣,求人ボックス,https://xn--pckua2a7gp15o89zb.com/jb/0e3c58eccfbbf860e2798d2ef0c2fc90,True,10時間前,2026-06-20 01:19:21,神奈川県
保育士新着,社会福祉法人大慈会,神奈川県,"時給1,650円～1,680円",派遣社員,派遣,求人ボックス,https://xn--pckua2a7gp15o89zb.com/jb/f7e556b9e88954233eea6d6fde43d377,True,18時間前,2026-06-20 01:19:21,神奈川県
保育士新着,社会福祉法人不易創造館,神奈川県,"時給1,600円",派遣社員,派遣,求人ボックス,https://xn--pckua2a7gp15o89zb.com/jb/166b3d22b9d3090fd7a2855642855401,True,18時間前,2026-06-20 01:19:25,神奈川県
保育士新着,社会福祉法人久良岐母子福祉会,神奈川県,"時給1,600円～1,700円",派遣社員,派遣,求人ボックス,https://xn--pckua2a7gp15o89zb.com/jb/263094faee1dd8a16a8988022bd6a10f,True,18時間前,2026-06-20 01:19:25,神奈川県
保育士新着,社会福祉法人青和保育園,神奈川県,"時給1,650円～1,700円",派遣社員,派遣,求人ボックス,https://xn--pckua2a7gp15o89zb.com/jb/928d77d6f1eabf29c48425db875f7607,True,18時間前,2026-06-20 01:19:25,神奈川県
保育士新着,株式会社エアーテックビジネスサービス,神奈川県,"時給1,450円～1,650円",派遣社員,派遣,求人ボックス,https://xn--pckua2a7gp15o89zb.com/jb/9bee568bb2aa268d58269f628fa3248e,True,18時間前,2026-06-20 01:19:25,神奈川県
保育士／早番募集／認可保育園／即日／保育士資格必須／週5日新着,株式会社TKC,神奈川県,"時給1,300円～1,450円",アルバイト・パート,派遣,求人ボックス,https://xn--pckua2a7gp15o89zb.com/jbn/3e49892f0667f7e355cdf9f60aa33453,True,11時間前,2026-06-20 01:19:28,神奈川県
保育士／小規模認可保育園／朝パート求人／扶養内／7時〜9時／0歳〜2歳新着,株式会社YUI ゆうゆう保育園,神奈川県,"時給1,225円～1,400円",アルバイト・パート,派遣,求人ボックス,https://xn--pckua2a7gp15o89zb.com/jbn/788d2517dc02dc87522a9ea18d64d7d7,True,11時間前,2026-06-20 01:19:28,神奈川県
保育士新着,社会福祉法人七葉会,神奈川県,"時給1,450円～1,500円",派遣社員,派遣,求人ボックス,https://xn--pckua2a7gp15o89zb.com/jb/949d946370377f7f7d84bf3af7f9288c,True,18時間前,2026-06-20 01:19:32,神奈川県
補助員／夏休み期間のみ／学生・無資格OK!／人気の公立学童でのお仕事／Wワーク可能!新着,株式会社アスカ,神奈川県,"時給1,300円",派遣社員,派遣,求人ボックス,https://xn--pckua2a7gp15o89zb.com/jb/52c3c3e0e3092bda23a0b442cc1f2f25,True,9時間前,2026-06-20 01:19:32,神奈川県
ストレージサービスに関するサービス仕様書の作成・検証新着,北斗株式会社,神奈川県,月給30万円～35万円,派遣社員,派遣,求人ボックス,https://xn--pckua2a7gp15o89zb.com/jb/cd1f4223c93d2a7c2b3dcb8fe5ba770b,True,9時間前,2026-06-20 01:19:35,神奈川県
リゾートバイト／プールスタッフ新着,株式会社ダイブ,神奈川県,"時給1,300円～",派遣社員,派遣,求人ボックス,https://xn--pckua2a7gp15o89zb.com/jb/eded318d4a87ac559099111b23409899,True,20時間前,2026-06-20 01:19:35,神奈川県
保育士新着,社会福祉法人恩賜財団神奈川県同胞援護会,神奈川県同胞援護会,"時給1,550円～1,650円",派遣社員,派遣,求人ボックス,https://xn--pckua2a7gp15o89zb.com/jb/f06975b7bea0441155d0a0396d01010c,True,18時間前,2026-06-20 01:19:35,神奈川県
歯科衛生士、歯科助手／歯医者受付・歯科医師／歯医者・歯科医院新着,尾張旭歯科クリニック,愛知県,月給29万円～31万円,正社員,歯科,求人ボックス,https://xn--pckua2a7gp15o89zb.com/jb/ec0eb17bc7523155ae19948df2743b3c,True,4時間前,2026-06-20 01:19:37,愛知県
不動産提案営業／未経験歓迎新着,株式会社オープンハウス,愛知県,"年収550万円～1,000万円",正社員,歯科,求人ボックス,https://xn--pckua2a7gp15o89zb.com/jbn/7327d0e30e287acd2a46bdcc15d8838c,True,22時間前,2026-06-20 01:19:37,愛知県
歯科助手・受付 平日14:30～&土曜日／週2～OK!金土は時給UP新着,外山歯科,愛知県,"時給1,250円～1,350円",アルバイト・パート,歯科,求人ボックス,https://xn--pckua2a7gp15o89zb.com/jb/0c7a335aba2859f4d9e6fe702deb9116,True,14時間前,2026-06-20 01:19:37,愛知県
保育士・藤が丘駅徒歩8分／年間休日125日／平日18:30退勤×残業ほぼナシ×祝日振替出勤ナシ新着,いざわ歯科,愛知県,月給22万円～,正社員,歯科,求人ボックス,https://xn--pckua2a7gp15o89zb.com/jb/dd8ff3dceb9303bcb607ec22d37d2750,True,23時間前,2026-06-20 01:19:37,愛知県
受付・社会保険完備の職場で医療事務／受付新着,関歯科医院,愛知県,"月給18万5,000円",正社員,歯科,求人ボックス,https://xn--pckua2a7gp15o89zb.com/jb/33577fe18a6f14f475b4fe5cf1650251,True,3時間前,2026-06-20 01:19:37,愛知県
歯科助手新着,守山中央歯科医院,愛知県,"月給17万5,000円",正社員,歯科,求人ボックス,https://xn--pckua2a7gp15o89zb.com/jb/be93894741e17e527f299356f5557616,True,3時間前,2026-06-20 01:19:37,愛知県
社会保険完備の職場で管理栄養士／栄養士新着,あさい歯科医院,愛知県,月給21万円～,正社員,歯科,求人ボックス,https://xn--pckua2a7gp15o89zb.com/jb/beecf99c1f79701907a94e2aa9b6cc3b,True,3時間前,2026-06-20 01:19:37,愛知県
介護職員初任者研修／ホームヘルパー2級新着,歯科,愛知県,"月給26万5,000円",正社員,歯科,求人ボックス,https://xn--pckua2a7gp15o89zb.com/jb/3b9899597fda411d88f42919bae9f4be,True,11時間前,2026-06-20 01:19:37,愛知県
マンションの共有部清掃スタッフ新着,株式会社アドバンスサービス,神奈川県,"日給1,500円",アルバイト・パート,清掃,求人ボックス,https://xn--pckua2a7gp15o89zb.com/jb/0d7e18c1061e57109827af55c3377dc9,True,1時間前,2026-06-20 01:19:10,神奈川県
オフィスビル・マンションの清掃スタッフ／シフト制／資格手当あり新着,東京汐留ビルディング,神奈川県,月給32万円～,正社員,清掃,求人ボックス,https://xn--pckua2a7gp15o89zb.com/jbn/11a25bb3675686f102c412e9727db9f6,True,21時間前,2026-06-20 01:19:11,神奈川県
清掃スタッフ新着,タイガー総業株式会社,神奈川県,"時給1,225円～",アルバイト・パート,清掃,求人ボックス,https://xn--pckua2a7gp15o89zb.com/jb/90695afaedfe3a5be7651550f0b198d3,True,1時間前,2026-06-20 01:19:14,神奈川県
遅番清掃スタッフ／オフィスビル／深夜清掃／髪色自由／未経験OK新着,住友不動産汐留浜離宮ビル,神奈川県,月給31万円～35万円,正社員,清掃,求人ボックス,https://xn--pckua2a7gp15o89zb.com/jbn/f11052a01bd194411f287f2ba71d2588,True,21時間前,2026-06-20 01:19:14,神奈川県
電車の清掃スタッフ新着,株式会社冨士越,神奈川県,"時給1,225円",アルバイト・パート,清掃,求人ボックス,https://xn--pckua2a7gp15o89zb.com/jb/b33ac77d3beac66f77b41600066ab205,True,4時間前,2026-06-20 01:19:17,神奈川県
マンションの清掃スタッフ新着,株式会社マルム商会,神奈川県,"時給1,300円",アルバイト・パート,清掃,求人ボックス,https://xn--pckua2a7gp15o89zb.com/jb/d55ebf12f0624843fe626895221669ab,True,16時間前,2026-06-20 01:19:22,神奈川県
清掃スタッフ新着,株式会社千代田アメニテック,神奈川県,"時給1,300円",アルバイト・パート,清掃,求人ボックス,https://xn--pckua2a7gp15o89zb.com/jb/054bf685c524cd30f14a737cdbd7bfa9,True,3時間前,2026-06-20 01:19:28,神奈川県
レンタカーの清掃・点検スタッフ新着,美浜建機株式会社,神奈川県,"時給1,600円",アルバイト・パート,清掃,求人ボックス,https://xn--pckua2a7gp15o89zb.com/jb/e422368d96eb686afea3d89bff350683,True,16時間前,2026-06-20 01:19:31,神奈川県
店舗スタッフ／販売・飲食サービス・調理スタッフ新着,株式会社鈴廣蒲鉾本店／かまぼこの里,神奈川県,"時給1,225円～",アルバイト・パート,飲食,求人ボックス,https://xn--pckua2a7gp15o89zb.com/jb/d714f750cff945c27fa02bae4fc29e29,True,5時間前,2026-06-20 01:19:25,神奈川県
「夜勤・芸能／インフルエンサー送迎ドライバー」月収40万以上／二種免許不要・急募新着,株式会社ネクスト,神奈川県,"月給41万8,000円",正社員,飲食,求人ボックス,https://xn--pckua2a7gp15o89zb.com/jbn/247ebaa783761017359072dc6047f52b,True,16時間前,2026-06-20 01:19:25,神奈川県
レストラン・専門料理店新着,株式会社すきずき,神奈川県,月給35万円～40万円,正社員,飲食,求人ボックス,https://xn--pckua2a7gp15o89zb.com/jbn/ae4f9adda14226b4e36ee673d1779526,True,10時間前,2026-06-20 01:19:26,神奈川県
レストラン・専門料理店新着,株式会社ワールドサービス,神奈川県,月給33万円,正社員,飲食,求人ボックス,https://xn--pckua2a7gp15o89zb.com/jbn/e54c5778aa11080a36c06e511d615697,True,12時間前,2026-06-20 01:19:26,神奈川県
レストラン・専門料理店新着,株式会社大庄,神奈川県,月給24万円～30万,正社員,飲食,求人ボックス,https://xn--pckua2a7gp15o89zb.com/jbn/f1db7cb7eea92f493ea0ead12bbf0cf6,True,8時間前,2026-06-20 01:19:26,神奈川県
レストラン・専門料理店新着,株式会社AMERICAN HOUSE,神奈川県,月給24万円～30万,正社員,飲食,求人ボックス,https://xn--pckua2a7gp15o89zb.com/jbn/04cdabb0bd1dc46b6522250e947b7ce4,True,11時間前,2026-06-20 01:19:29,神奈川県
レストラン・専門料理店新着,株式会社BAKERU,神奈川県,月給25万円～40万円,契約社員,飲食,求人ボックス,https://xn--pckua2a7gp15o89zb.com/jbn/23866aef73f652cc63c34795faf344f0,True,11時間前,2026-06-20 01:19:29,神奈川県
レストラン・専門料理店新着,株式会社フクシマ商事,神奈川県,月給23万円～34万円,正社員,飲食,求人ボックス,https://xn--pckua2a7gp15o89zb.com/jbn/5f2b3dfa394e7a38570fbd6265a0f10f,True,12時間前,2026-06-20 01:19:29,神奈川県
レストラン・専門料理店新着,株式会社せんざん,神奈川県,月給25万円～30万円,正社員,飲食,求人ボックス,https://xn--pckua2a7gp15o89zb.com/jbn/93d753cf4545662d907cd2825940f231,True,11時間前,2026-06-20 01:19:31,神奈川県
レストラン・専門料理店新着,株式会社フードリム,神奈川県,"月給24万5,000円",正社員,飲食,求人ボックス,https://xn--pckua2a7gp15o89zb.com/jbn/ad347958dbade6df3623ddb05ade7f43,True,11時間前,2026-06-20 01:19:31,神奈川県
レストラン・専門料理店新着,株式会社利久,神奈川県,"月給20万5,800円",正社員,飲食,求人ボックス,https://xn--pckua2a7gp15o89zb.com/jbn/4f73e3b98e1443756049c2ff05c063a7,True,8時間前,2026-06-20 01:19:31,神奈川県
レストラン・専門料理店新着,株式会社REMY,神奈川県,月給32万円～40万円,正社員,飲食,求人ボックス,https://xn--pckua2a7gp15o89zb.com/jbn/b13a0ad2221abb3402dd0bb83c0cc749,True,11時間前,2026-06-20 01:19:35,神奈川県
レストラン・専門料理店新着,野口リゾートマネジメント株式会社,神奈川県,"月給23万6,000円",正社員,飲食,求人ボックス,https://xn--pckua2a7gp15o89zb.com/jbn/ee68433bba0502622e961c81041004bf,True,10時間前,2026-06-20 01:19:35,神奈川県
レストラン・専門料理店新着,株式会社スエヒロ,神奈川県,月給21万円～25万円,正社員,飲食,求人ボックス,https://xn--pckua2a7gp15o89zb.com/jbn/f79a4fcf0fdee668a5b09b2f5462ee47,True,10時間前,2026-06-20 01:19:35,神奈川県
レストラン・専門料理店新着,株式会社カームデザイン,神奈川県,月給24万円～35万円,正社員,飲食,求人ボックス,https://xn--pckua2a7gp15o89zb.com/jbn/5cae0dd631a5db20fc00e6fc05bf01d2,True,11時間前,2026-06-20 01:19:35,神奈川県
レストラン・専門料理店新着,株式会社ヒューマンウェブ,神奈川県,"月給25万3,348円",正社員,飲食,求人ボックス,https://xn--pckua2a7gp15o89zb.com/jbn/27c200442fc45be1055ab3a044ea4684,True,7時間前,2026-06-20 01:19:38,神奈川県
「日勤メイン」かんたん検品・箱詰め／日勤のみ／土日休み／未経験OK／軽作業／寮完備新着,飲食,神奈川県,月給23万円～27万円,正社員,飲食,求人ボックス,https://xn--pckua2a7gp15o89zb.com/jbn/02a6d4b29459ab07d9b28c6694d01990,True,22時間前,2026-06-20 01:19:38,神奈川県
レストラン・専門料理店新着,株式会社INGS,神奈川県,月給26万円～30万円,正社員,飲食,求人ボックス,https://xn--pckua2a7gp15o89zb.com/jbn/eee9317546584d3d73cf21013317cdcc,True,8時間前,2026-06-20 01:19:38,神奈川県
レストラン・専門料理店新着,株式会社KANAYA RESORTS,神奈川県,月給24万円～27万円,正社員,飲食,求人ボックス,https://xn--pckua2a7gp15o89zb.com/jbn/63d5a4f70fb658fe550eb488b80105dc,True,10時間前,2026-06-20 01:19:38,神奈川県
レストラン・専門料理店新着,株式会社サンシップ,神奈川県,月給24万円～30万,正社員,飲食,求人ボックス,https://xn--pckua2a7gp15o89zb.com/jbn/a231d0db62220a6f59f6c33308ca1b9f,True,11時間前,2026-06-20 01:19:40,神奈川県
レストラン・専門料理店新着,株式会社エスフィールド,神奈川県,月給25万円～35万円,正社員,飲食,求人ボックス,https://xn--pckua2a7gp15o89zb.com/jbn/c0b5bc653b4bc8c50ee37c6d2eee0895,True,11時間前,2026-06-20 01:19:40,神奈川県
レストラン・専門料理店新着,株式会社東京一番フーズ,神奈川県,月給25万100円,正社員,飲食,求人ボックス,https://xn--pckua2a7gp15o89zb.com/jbn/cae9e5fa7d09e1dc5673a8920b63fcc8,True,7時間前,2026-06-20 01:19:44,神奈川県
レストラン・専門料理店新着,株式会社ゼットン,神奈川県,月給25万円～35万円,正社員,飲食,求人ボックス,https://xn--pckua2a7gp15o89zb.com/jbn/37b9790c258f68dd5447ce757228b35d,True,7時間前,2026-06-20 01:19:44,神奈川県
レストラン・専門料理店新着,株式会社イートアンドホールディングス,神奈川県,"月給25万7,000円",契約社員,飲食,求人ボックス,https://xn--pckua2a7gp15o89zb.com/jbn/3a68dd19f9a8c7a3f71acec64cc0e312,True,9時間前,2026-06-20 01:19:44,神奈川県
レストラン・専門料理店新着,豊田産業株式会社,神奈川県,"月給25万5,000円",正社員,飲食,求人ボックス,https://xn--pckua2a7gp15o89zb.com/jbn/8c0b349ea076c025e6b54b997db60d06,True,8時間前,2026-06-20 01:19:44,神奈川県
"レストラン・専門料理店,レストラン・専門料理店新着",オリジン東秀株式会社,神奈川県,"月給26万1,500円",正社員,飲食,求人ボックス,https://xn--pckua2a7gp15o89zb.com/jbn/1d8e454cede02f620bc0c7eebee155f9,True,11時間前,2026-06-20 01:19:47,神奈川県
レストラン・専門料理店新着,株式会社ディアーズ・ブレイン,神奈川県,月給23万円～32万円,正社員,飲食,求人ボックス,https://xn--pckua2a7gp15o89zb.com/jbn/6aa973521c26ba385eba04201390776f,True,8時間前,2026-06-20 01:19:47,神奈川県
株式会社 トリドールホールディングスの接客スタッフ／月給24.9万～30万／神奈川県横浜市勤務新着,株式会社トリドールホールディングス,神奈川県横浜市勤務,月給24,正社員,飲食,求人ボックス,https://xn--pckua2a7gp15o89zb.com/jbn/aa085fa89df798a7b8974f7d0ae7c5f1,True,13時間前,2026-06-20 01:19:47,神奈川県
レストラン・専門料理店新着,株式会社キープ・ウィルダイニング,神奈川県,月給30万円～45万円,正社員,飲食,求人ボックス,https://xn--pckua2a7gp15o89zb.com/jbn/931178e7cdb7d5e8d338075cb1b8f739,True,8時間前,2026-06-20 01:19:49,神奈川県
レストラン・専門料理店新着,株式会社エムアンドエムサービス,神奈川県,月給40万円～50万円,正社員,飲食,求人ボックス,https://xn--pckua2a7gp15o89zb.com/jbn/38a72843a67039e1b751c392181d6542,True,8時間前,2026-06-20 01:19:49,神奈川県
レストラン・専門料理店新着,株式会社KPG HOTEL&RESORT,神奈川県,"月給32万5,000円",正社員,飲食,求人ボックス,https://xn--pckua2a7gp15o89zb.com/jbn/d770da113715b958531049d0dae1601b,True,10時間前,2026-06-20 01:19:49,神奈川県
介護職／ヘルパー／デイサービス／車通勤可／賞与あり／未経験可新着,社会福祉法人せんねん村,愛知県,"時給1,140円～1,210円",アルバイト・パート,介護,求人ボックス,https://xn--pckua2a7gp15o89zb.com/jbn/223f974b77012d36e246943ed98dfca1,True,11時間前,2026-06-20 01:19:38,愛知県
介護職／ヘルパー／小牧市間々字神田／介護付き有料老人ホーム新着,セントスタッフ株式会社,愛知県,"日給2万3,000円",派遣社員,介護,求人ボックス,https://xn--pckua2a7gp15o89zb.com/jbn/39f6f91a639314202034f456527748ab,True,11時間前,2026-06-20 01:19:38,愛知県
介護職／ヘルパー／住宅型有料／賞与あり／車通勤可／研修制度あり新着,PlusFukushi株式会社,愛知県,月給21万円～24万円,正社員,介護,求人ボックス,https://xn--pckua2a7gp15o89zb.com/jbn/0a92aeadc2671aa524613754e3426c74,True,11時間前,2026-06-20 01:19:39,愛知県
介護職／ヘルパー／特別養護老人ホーム／週3日〜／車通勤可／ブランク可新着,社会福祉法人桃源堂福祉会,愛知県,"時給1,140円～",アルバイト・パート,介護,求人ボックス,https://xn--pckua2a7gp15o89zb.com/jbn/5204104c5049884f89a39d921c013de7,True,11時間前,2026-06-20 01:19:39,愛知県
介護職／ヘルパー／名古屋市守山／グループホーム／残業少なめ／車通勤可新着,三菱電機ライフサ-ビス株式会社,愛知県,"月給20万9,100円",正社員,介護,求人ボックス,https://xn--pckua2a7gp15o89zb.com/jbn/da85d8a37b92f83400c6f2d171305873,True,11時間前,2026-06-20 01:19:39,愛知県
介護職／ヘルパー／老人保健施設／賞与年3回／車通勤可／研修制度充実新着,医療法人田中会,愛知県,"月給21万7,500円",正社員,介護,求人ボックス,https://xn--pckua2a7gp15o89zb.com/jbn/27963b2db4cf91642f3b525d25ed36d5,True,11時間前,2026-06-20 01:19:39,愛知県
介護職／ヘルパー／住宅型有料老人ホーム／夜勤専従／週2日から新着,さわやかいなざわ館,愛知県,"時給1,140円～",アルバイト・パート,介護,求人ボックス,https://xn--pckua2a7gp15o89zb.com/jbn/7e80b58a782501c9ca22f5ea460872b2,True,11時間前,2026-06-20 01:19:42,愛知県
介護職／ヘルパー／特養／車通勤可／賞与あり／研修制度あり新着,社会福祉法人杏福会,愛知県,"月給20万6,700円",正社員,介護,求人ボックス,https://xn--pckua2a7gp15o89zb.com/jbn/160d46ebdd8616e04162ce7df5d06ece,True,11時間前,2026-06-20 01:19:46,愛知県
介護職／ヘルパー／介護老人保健施設／週3日〜／シフト制／交通費支給新着,医療法人生寿会,愛知県,"時給1,295円～1,355円",アルバイト・パート,介護,求人ボックス,https://xn--pckua2a7gp15o89zb.com/jbn/27692b5aa99f85ac35453b2b5f9399ff,True,11時間前,2026-06-20 01:19:48,愛知県
介護職／ヘルパー／住宅型有料／賞与年2回／西尾駅から徒歩13分新着,株式会社ワンダ-サ-ビス,愛知県,月給25万円～31万円,正社員,介護,求人ボックス,https://xn--pckua2a7gp15o89zb.com/jbn/b16f4df6c392e488262fc7dc10280a3e,True,11時間前,2026-06-20 01:19:48,愛知県
介護職／ヘルパー／グループホーム／2020年開設／週3日〜新着,株式会社いずみ,愛知県,"時給1,140円～1,260円",アルバイト・パート,介護,求人ボックス,https://xn--pckua2a7gp15o89zb.com/jbn/3d8bef34821eed915c043cc50ff5df0a,True,11時間前,2026-06-20 01:19:51,愛知県
介護職／ヘルパー／長久手市岩作色金／特別養護老人ホーム新着,社会福祉法人千寿会,愛知県,"時給1,140円～",アルバイト・パート,介護,求人ボックス,https://xn--pckua2a7gp15o89zb.com/jbn/9d3a13930864658ae2804eb20c0b5779,True,11時間前,2026-06-20 01:19:51,愛知県
介護職／ヘルパー／豊田市八町通／グループホーム／市電市役所駅から徒歩1...新着,医療法人善恵会 グループホームふくろう,愛知県,月給20万640円,正社員,介護,求人ボックス,https://xn--pckua2a7gp15o89zb.com/jbn/69d868d3f61862e5b18a231743b0ee40,True,11時間前,2026-06-20 01:19:53,愛知県
介護職／ヘルパー／老人保健施設／賞与あり／ブランク可／車通勤可新着,医療法人豊岡会,愛知県,"月給21万8,300円",正社員,介護,求人ボックス,https://xn--pckua2a7gp15o89zb.com/jbn/5bb66add66225174b497a83e702c45a1,True,11時間前,2026-06-20 01:19:53,愛知県
介護職／ヘルパー／弥富市芝井／住宅型有料老人ホーム／福利厚生充実新着,株式会社アルバ,愛知県,月給25万円～30万円,正社員,介護,求人ボックス,https://xn--pckua2a7gp15o89zb.com/jbn/0fd4861fbc69f1ce22b784e6bd63c472,True,11時間前,2026-06-20 01:19:57,愛知県
介護職／ヘルパー／デイサービス／賞与年2回／無資格者応募可／車通勤可新着,株式会社HYD,愛知県,月給20万640円,正社員,介護,求人ボックス,https://xn--pckua2a7gp15o89zb.com/jbn/3a4c9a17c673fe8149c2aa69c6beed8a,True,11時間前,2026-06-20 01:19:57,愛知県
介護職／ヘルパー／住宅型有料老人ホーム／正職員登用あり／住宅型有料老人...新着,株式会社キート,愛知県,"時給1,140円～1,200円",アルバイト・パート,介護,求人ボックス,https://xn--pckua2a7gp15o89zb.com/jbn/92a92666237ebd5aa54eb84a23b8fc55,True,11時間前,2026-06-20 01:20:00,愛知県
介護職／ヘルパー／サービス付き高齢者向け住宅新着,株式会社マザアス,愛知県,"月給20万3,400円",正社員,介護,求人ボックス,https://xn--pckua2a7gp15o89zb.com/jbn/8e0140eb4462a29fcae4e190941bae2a,True,11時間前,2026-06-20 01:20:03,愛知県
"レセプト経験を活かせる医療事務／時給1,500円／残業なし／車通勤OK新着",日美株式会社,愛知県,"時給1,500円",派遣社員,医療事務,求人ボックス,https://xn--pckua2a7gp15o89zb.com/jb/5e51596fac0958045caf34eb8359b340,True,15時間前,2026-06-20 01:19:41,愛知県
薬局の医療事務／経験を活かして患者様の支えに トヨタグループで安定新着,トヨタ生活協同組合,愛知県,"時給1,176円～",アルバイト・パート,医療事務,求人ボックス,https://xn--pckua2a7gp15o89zb.com/jb/574b5058aca88a01ffa28db2f1414e33,True,2時間前,2026-06-20 01:19:41,愛知県
調剤薬局での医療事務 調剤補助 未経験可 手厚い研修制度 年間122日...新着,キョーワ薬局株式会社,愛知県,月給21万円～24万円,正社員,医療事務,求人ボックス,https://xn--pckua2a7gp15o89zb.com/jb/21610b1b70d85af19cd74ce40f28c4a0,True,1時間前,2026-06-20 01:19:41,愛知県
調剤事務・年休130日相当・産休育休・賞与あり 「ずっと続けられる」環...新着,コスモス調剤薬局小牧駅南店,愛知県,"月給21万1,000円",正社員,医療事務,求人ボックス,https://xn--pckua2a7gp15o89zb.com/jb/9bc37efe25f4347f51616646598285bb,True,3時間前,2026-06-20 01:19:42,愛知県
調剤事務・年休130日相当・産休育休・賞与あり 「ずっと続けられる」環...新着,コスモス調剤薬局小牧駅北店,愛知県,"月給21万1,000円",正社員,医療事務,求人ボックス,https://xn--pckua2a7gp15o89zb.com/jb/cc1edbe6d330e3b5646d31800e171a97,True,3時間前,2026-06-20 01:19:42,愛知県
医療事務募集新着,産婦人科かたのクリニック,愛知県,"時給1,150円～1,170円",アルバイト・パート,医療事務,求人ボックス,https://xn--pckua2a7gp15o89zb.com/jb/ccc75a5fa377e06b7e710f0f3a695268,True,4時間前,2026-06-20 01:19:42,愛知県
医療事務・診療補助・検査・無資格可の看護助手新着,名駅かわい眼科,愛知県,月給22万円～,正社員,医療事務,求人ボックス,https://xn--pckua2a7gp15o89zb.com/jb/b6c005fbd2b49915c774a27d6cee6c03,True,3時間前,2026-06-20 01:19:42,愛知県
2027年度新卒正社員 医療事務職新着,株式会社ニチイ学館,愛知県,"月給19万7,280円",正社員,医療事務,求人ボックス,https://xn--pckua2a7gp15o89zb.com/jb/3bb95a8ed132a8dcf4e0cdaf08086557,True,10時間前,2026-06-20 01:19:44,愛知県
医療事務 受付・クラーク新着,名古屋栄ペインクリニック,愛知県,月給22万円,正社員,医療事務,求人ボックス,https://xn--pckua2a7gp15o89zb.com/jb/9958750758ebc7d890bddc23caf4265e,True,21時間前,2026-06-20 01:19:44,愛知県
「週4から可」医療事務／無資格OK／午前のみ／デイケア／社会保障完備新着,社会医療法人財団新和会八千代病院,愛知県,"時給1,145円～1,185円",アルバイト・パート,医療事務,求人ボックス,https://xn--pckua2a7gp15o89zb.com/jb/13ef58c2941e65047a1da3cb5e6922cd,True,23時間前,2026-06-20 01:19:48,愛知県
医療事務新着,はらたクリニック 内科・消化器内科,愛知県,月給19万円～22万円,正社員,医療事務,求人ボックス,https://xn--pckua2a7gp15o89zb.com/jb/63d9c416d170988dde2037b4523901ec,True,19時間前,2026-06-20 01:19:48,愛知県
医療事務／ヴェルヴァーレ本陣クリニック新着,一般社団法人名古屋市医師会,愛知県,"時給1,400円～",アルバイト・パート,医療事務,求人ボックス,https://xn--pckua2a7gp15o89zb.com/jb/6f45bd05a37e5dcb92aa4f4589cf9c41,True,2時間前,2026-06-20 01:19:50,愛知県
医療事務／クリニック新着,メドタウンたなかファミリークリニック,愛知県,月給19万円～22万円,正社員,医療事務,求人ボックス,https://xn--pckua2a7gp15o89zb.com/jb/a86f36b6cd9117e12ff3d347218998e1,True,21時間前,2026-06-20 01:19:50,愛知県
円滑な業務を支える! 医療事務 未経験歓迎 完休2日制新着,社会医療法人杏嶺会,愛知県,月給26万円～27万円,正社員,医療事務,求人ボックス,https://xn--pckua2a7gp15o89zb.com/jb/5e86214fd2f31be0ee026f61e0403000,True,4時間前,2026-06-20 01:19:50,愛知県
医療事務募集新着,小野皮膚科,愛知県,"時給1,250円～",アルバイト・パート,医療事務,求人ボックス,https://xn--pckua2a7gp15o89zb.com/jb/a71dcbc4471eed12387d3e3fba0a644e,True,3時間前,2026-06-20 01:19:50,愛知県
事務員／賞与年2回、土日祝休み訪問診療クリニック、医療事務新着,医療事務,愛知県,月給22万円～27万円,正社員,医療事務,求人ボックス,https://xn--pckua2a7gp15o89zb.com/jb/c76a6ccbe7511d818a237b4d2e296392,True,5時間前,2026-06-20 01:19:50,愛知県
医療事務／医療事務の派遣新着,医療,愛知県,"時給1,400円～1,500円",,医療事務,求人ボックス,https://xn--pckua2a7gp15o89zb.com/jb/7667aa5b481b14025d237e74d15ad509,True,5時間前,2026-06-20 01:19:54,愛知県
調剤薬局の医療事務新着,日本調剤 豊橋薬局,愛知県,"月給20万8,000円",正社員,医療事務,求人ボックス,https://xn--pckua2a7gp15o89zb.com/jb/af319c6bb5dd313631b14fa8b20a4a44,True,13時間前,2026-06-20 01:19:54,愛知県
医療事務／クリニック新着,医療法人社団西日本平郁会 吉田クリニック名西,愛知県,月給20万円～25万,,医療事務,求人ボックス,https://xn--pckua2a7gp15o89zb.com/jb/33d9802f0e0eb9bdf80f9f72bf52592d,True,21時間前,2026-06-20 01:19:57,愛知県
セラピスト／大手ラフィネグループ／シフト制／マッサージリラクゼーション／高時給／インセンティブあり新着,グランラフィネ 松坂屋 店,愛知県,"月給23万1,000円",正社員,医療事務,求人ボックス,https://xn--pckua2a7gp15o89zb.com/jbn/30f335b2d4804bea5533aa5b14e2aac9,True,18時間前,2026-06-20 01:19:57,愛知県
セラピスト／リラクゼーション／未経験・経験に合わせた無料研修／アロマテラピー／ノルマなし新着,ラフィネ アスナル金山店,愛知県,"月給23万1,000円",正社員,医療事務,求人ボックス,https://xn--pckua2a7gp15o89zb.com/jbn/4496bf289ac4705c20a83945b3cf3f50,True,18時間前,2026-06-20 01:20:00,愛知県
セラピスト／ラフィネグループ／アロマテラピー／ヘッドスパ／ノルマなし／充実した研修制度新着,ラフィネ イオンモール岡崎店,愛知県,"月給23万1,000円",正社員,医療事務,求人ボックス,https://xn--pckua2a7gp15o89zb.com/jbn/624999236495daa17a0e98b08949a488,True,18時間前,2026-06-20 01:20:00,愛知県
セラピスト／大手ラフィネグループ／シフト制／マッサージリラクゼーション／高時給／インセンティブあり新着,ラフィネ サンクレア池下店,愛知県,"月給23万1,000円",正社員,医療事務,求人ボックス,https://xn--pckua2a7gp15o89zb.com/jbn/d5263de2f5183833dcd1bb09fc82ec3d,True,18時間前,2026-06-20 01:20:00,愛知県
アロマセラピスト／エステサロン／未経験OK／20代～30代女性必見／最大手ラフィネグループ新着,ラフィネ イオンモール長久手店,愛知県,"月給23万1,000円",正社員,医療事務,求人ボックス,https://xn--pckua2a7gp15o89zb.com/jbn/fc5930eb8f25d93ba22cacbf2136e8ac,True,18時間前,2026-06-20 01:20:00,愛知県
セラピスト／未経験OK／エステサロン／リラクゼーション／インセンティブあり／ノルマなし新着,ラフィネ 名古屋エスカ店,愛知県,"月給23万1,000円",正社員,医療事務,求人ボックス,https://xn--pckua2a7gp15o89zb.com/jbn/627659390417279d007e21055dec48fe,True,18時間前,2026-06-20 01:20:03,愛知県
セラピスト／リラクゼーション／未経験・経験に合わせた無料研修／アロマテラピー／ノルマなし新着,バダンバルー 松坂屋シスセット店,愛知県,"月給23万1,000円",正社員,医療事務,求人ボックス,https://xn--pckua2a7gp15o89zb.com/jbn/30834bddfc0740b231067db0f031a8ec,True,18時間前,2026-06-20 01:20:03,愛知県
マッサージセラピスト／未経験OK／リラクゼーション／エステサロン／ヘッドスパ／20代～30代前半必見新着,ラフィネ mozoワンダーシティ店,愛知県,"月給23万1,000円",正社員,医療事務,求人ボックス,https://xn--pckua2a7gp15o89zb.com/jbn/0940e7aff6a9bdbc5850a6d349dbd8da,True,18時間前,2026-06-20 01:20:03,愛知県
リラクゼーションサロンのセラピスト／未経験OK／資格なし／アロマセラピー／エステサロン／ヘッドスパ新着,整体ナチュラルボディ栄森の地下街南三番街店,愛知県,"月給23万1,000円",正社員,医療事務,求人ボックス,https://xn--pckua2a7gp15o89zb.com/jbn/441fdce21dcd58216326d91f0ca15bda,True,18時間前,2026-06-20 01:20:06,愛知県
マッサージセラピスト／未経験OK／ヘッドスパ／リラクゼーション／エステサロン／アロマテラピー新着,ラフィネプリュス イオンモール則武新町店,愛知県,"月給23万1,000円",正社員,医療事務,求人ボックス,https://xn--pckua2a7gp15o89zb.com/jbn/73aad3df7b7cbcb863cf6ac753b2aeed,True,18時間前,2026-06-20 01:20:06,愛知県
保育士／認可保育園／週3日〜OK／交通費支給あり／2023年OPEN新着,社会福祉法人ちとせ交友会,愛知県,"時給1,150円～",アルバイト・パート,保育,求人ボックス,https://xn--pckua2a7gp15o89zb.com/jbn/0e9c783f33af52e04ce6a8c2494c2e5c,True,11時間前,2026-06-20 01:19:53,愛知県
保育士／認可保育園／シニア活躍中／ブランク可／研修制度あり／認証保育園新着,株式会社HOPPA,愛知県,"時給1,150円～",アルバイト・パート,保育,求人ボックス,https://xn--pckua2a7gp15o89zb.com/jbn/abf43c4840e4a21501bdf347360b1f19,True,11時間前,2026-06-20 01:19:53,愛知県
保育士／小規模認可園／週5日／マイカー通勤可／無料駐車場完備新着,株式会社nexus memorytree保育室八...,愛知県,"時給1,350円～1,500円",アルバイト・パート,保育,求人ボックス,https://xn--pckua2a7gp15o89zb.com/jbn/9534df07f10d019f044a6375fdb23816,True,11時間前,2026-06-20 01:19:53,愛知県
保育士／企業内保育託児所／ブランク可／ミドル活躍中／車通勤可新着,株式会社トットメイト たっちっちハウス刈谷中央,愛知県,"時給1,200円～1,450円",アルバイト・パート,保育,求人ボックス,https://xn--pckua2a7gp15o89zb.com/jbn/05954f597359eb20e822c02e21355ddd,True,11時間前,2026-06-20 01:19:53,愛知県
保育士／企業主導型保育／短時間／定員12名／週3日／御器所駅徒歩1分新着,医療法人生寿会,愛知県,"時給1,200円～1,450円",アルバイト・パート,保育,求人ボックス,https://xn--pckua2a7gp15o89zb.com/jbn/62a74ff00c71afa97d6579afcd932216,True,11時間前,2026-06-20 01:19:53,愛知県
保育士／小規模認可園／駅から徒歩4分／年間休日121日／車通勤可新着,サンヨーホームズコミュニティ株式会社,愛知県,月給20万640円,正社員,保育,求人ボックス,https://xn--pckua2a7gp15o89zb.com/jbn/2804c7a8483b53bdc0083485e3be146e,True,11時間前,2026-06-20 01:19:57,愛知県
保育士／小規模認可園／駅から徒歩4分／託児施設あり／駐車場完備新着,株式会社nexus,愛知県,月給20万640円,正社員,保育,求人ボックス,https://xn--pckua2a7gp15o89zb.com/jbn/e37bf7cad4902e4d01fb31588e37a1a6,True,11時間前,2026-06-20 01:19:59,愛知県
保育士／認可外保育園／定員16名／週3日〜／時間帯応相談／認可外保育園新着,医療法人宏徳会,愛知県,"時給1,200円～1,450円",アルバイト・パート,保育,求人ボックス,https://xn--pckua2a7gp15o89zb.com/jbn/cf5f8eb91f8cfc7249f72850af535cc3,True,11時間前,2026-06-20 01:19:59,愛知県
保育士／企業内保育託児所／車通勤可／ブランク可／週5勤務／交通費支給新着,株式会社トットメイト 保育所じょうさい,愛知県,"時給1,200円～1,450円",アルバイト・パート,保育,求人ボックス,https://xn--pckua2a7gp15o89zb.com/jbn/de004b1663b90b4f9c9ee88d44c3f72e,True,11時間前,2026-06-20 01:20:02,愛知県
保育士／犬山市大字犬山字／認可保育園／駅から徒歩10分／車通勤OK新着,セントスタッフ株式会社,愛知県,"時給1,250円～1,500円",派遣社員,保育,求人ボックス,https://xn--pckua2a7gp15o89zb.com/jbn/6fb3ebfcdce4a4958ad5e24364368b56,True,11時間前,2026-06-20 01:20:06,愛知県
保育士／日進市赤池／小規模認可園／駅近／交通費支給／週5日新着,株式会社Bears,愛知県,"時給1,400円～1,500円",アルバイト・パート,保育,求人ボックス,https://xn--pckua2a7gp15o89zb.com/jbn/fba73c823dc13211beef8c19ac2b8dff,True,11時間前,2026-06-20 01:20:06,愛知県
保育士／企業主導型保育所／ブランク可／研修制度あり／週2から勤務新着,富士特殊紙業株式会社,愛知県,"時給1,200円～1,450円",アルバイト・パート,保育,求人ボックス,https://xn--pckua2a7gp15o89zb.com/jbn/3d46298c7d3c158248a9a1a64259aef8,True,11時間前,2026-06-20 01:20:10,愛知県
保育士／認可保育園／賞与あり／研修制度あり／福利厚生充実／車通勤可新着,株式会社トットメイト,愛知県,"月給20万1,000円",正社員,保育,求人ボックス,https://xn--pckua2a7gp15o89zb.com/jbn/f7546e39b872e7eff09ba0d10c64b5a6,True,11時間前,2026-06-20 01:20:10,愛知県
保育士／認可保育園／車通勤可／残業少なめ／賞与年3回／寮あり新着,社会福祉法人済聖会,愛知県,"月給22万9,885円",正社員,保育,求人ボックス,https://xn--pckua2a7gp15o89zb.com/jbn/f48b343860816cf336dbc10b0e398026,True,11時間前,2026-06-20 01:20:13,愛知県
保育士／小規模認可園／週5日勤務／日曜日休み／見学可／定員10名新着,社会医療法人名古屋記念財団,愛知県,"時給1,200円～1,450円",アルバイト・パート,保育,求人ボックス,https://xn--pckua2a7gp15o89zb.com/jbn/58c865f6befe84e4a91e3593cef8b934,True,11時間前,2026-06-20 01:20:13,愛知県
保育士／犬山市大字犬山／認可保育園／週5日／交通費支給あり新着,社会福祉法人犬山福祉会,愛知県,"時給1,140円～",アルバイト・パート,保育,求人ボックス,https://xn--pckua2a7gp15o89zb.com/jbn/37f410fc1a2da42e72bf8dd6dfb57c39,True,11時間前,2026-06-20 01:20:17,愛知県
保育士／半田市青山／企業主導型保育園／駅から2分／週4日から勤務新着,株式会社マミーズファミリー,愛知県,"時給1,150円～",アルバイト・パート,保育,求人ボックス,https://xn--pckua2a7gp15o89zb.com/jbn/0b80e71239491449b8a8e836e77ab7de,True,11時間前,2026-06-20 01:20:17,愛知県
保育士／認可外保育園／週5日／実働8時間／車通勤可／認可外保育園新着,医療法人宝生会,愛知県,"時給1,200円～1,450円",アルバイト・パート,保育,求人ボックス,https://xn--pckua2a7gp15o89zb.com/jbn/1956f2c5bf8d931acf81aee205bf202d,True,11時間前,2026-06-20 01:20:19,愛知県
保育士／小規模認可園／週5日／実働6〜8時間／週休2日制／車通勤可新着,一般財団法人こども育成財団,愛知県,"時給1,200円～",アルバイト・パート,保育,求人ボックス,https://xn--pckua2a7gp15o89zb.com/jbn/66b3b36348659cb040c34d72b186f3b3,True,11時間前,2026-06-20 01:20:19,愛知県
「手荒れ・水仕事なしのカット専門美容師／スタイリスト」／役職手当あり新着,QBハウスイーアス春日井,愛知県,"月給27万1,000円",正社員,美容,求人ボックス,https://xn--pckua2a7gp15o89zb.com/jbn/f32da60ffa64581b38469fa22cfd3858,True,23時間前,2026-06-20 01:20:06,愛知県
上場企業で美容師／カット専門／上場企業新着,QBハウス則武新町,愛知県,"月給27万1,000円",正社員,美容,求人ボックス,https://xn--pckua2a7gp15o89zb.com/jbn/0a9720f06e89393c02779f3a3ead18f8,True,23時間前,2026-06-20 01:20:06,愛知県
カット専門の美容師／カット専門／上場企業新着,QBハウスイオンモール常滑,愛知県,"月給27万1,000円",正社員,美容,求人ボックス,https://xn--pckua2a7gp15o89zb.com/jbn/3169a3680226d916fcc1d664d8007417,True,23時間前,2026-06-20 01:20:06,愛知県
「東証プライム上場企業で安定収入の美容師」／地域手当あり／東証プライム...新着,QBハウスイオンモール長久手,愛知県,"月給27万1,000円",正社員,美容,求人ボックス,https://xn--pckua2a7gp15o89zb.com/jbn/131a65550ce6b4d1ca31371a42c42556,True,23時間前,2026-06-20 01:20:06,愛知県
カット専門の美容師／ブランク歓迎／上場企業新着,QBハウスイオンタウン千種,愛知県,"月給27万1,000円",正社員,美容,求人ボックス,https://xn--pckua2a7gp15o89zb.com/jbn/89b76a6f889fa1ea95269cfc40de3966,True,23時間前,2026-06-20 01:20:07,愛知県
「東証プライム上場企業で安定収入の美容師」／ブランクOK／地域手当あり新着,QBハウスイオンモール木曽川,愛知県,"月給27万1,000円",正社員,美容,求人ボックス,https://xn--pckua2a7gp15o89zb.com/jbn/5c9b3f30a9beee0a0aa008b45e68e51c,True,23時間前,2026-06-20 01:20:10,愛知県
「集客業務なし、お客様対応に集中できる環境／美容師」／主婦歓迎新着,QBハウスイオンモール東浦,愛知県,"月給27万1,000円",正社員,美容,求人ボックス,https://xn--pckua2a7gp15o89zb.com/jbn/f28662afb0e47eb385b4a58ff59cf1fa,True,23時間前,2026-06-20 01:20:10,愛知県
美容師／ブランク歓迎／カット専門新着,QBハウスイオンモール大高,愛知県,"月給27万1,000円",正社員,美容,求人ボックス,https://xn--pckua2a7gp15o89zb.com/jbn/366137864616222543ac3ade66a3da12,True,23時間前,2026-06-20 01:20:13,愛知県
「ヘアカットに特化して活躍できる美容師」／急募／長期休暇可能新着,QBハウス栄森の地下街,愛知県,"月給27万1,000円",正社員,美容,求人ボックス,https://xn--pckua2a7gp15o89zb.com/jbn/da7f732b21e6b7bdc5bc15a0f6fc84c2,True,23時間前,2026-06-20 01:20:13,愛知県
「手荒れ・水仕事なしのカット専門美容師／スタイリスト」／経験者歓迎新着,QBハウスイオンモール新瑞橋,愛知県,"月給27万1,000円",正社員,美容,求人ボックス,https://xn--pckua2a7gp15o89zb.com/jbn/64fa486ef0f7d50e76f4041f731e5315,True,22時間前,2026-06-20 01:20:13,愛知県
「集客業務なし、お客様対応に集中できる環境／美容師」／経験者歓迎新着,QBハウスエスカ,愛知県,"月給27万1,000円",正社員,美容,求人ボックス,https://xn--pckua2a7gp15o89zb.com/jbn/b98e7e8235b37cfa9fddcee9150b9c7e,True,22時間前,2026-06-20 01:20:13,愛知県
「ヘアカットに特化して活躍できる美容師」／急募／地域手当あり新着,QBハウス名鉄 金山駅,愛知県,"月給27万1,000円",正社員,美容,求人ボックス,https://xn--pckua2a7gp15o89zb.com/jbn/37b2065a8c9dc2a47f6ae4ca3923f166,True,22時間前,2026-06-20 01:20:16,愛知県
「東証プライム上場企業で安定収入の美容師」／歩合制なし／平均年間休日1...新着,QBハウスイオンモール名古屋茶屋,愛知県,"月給27万1,000円",正社員,美容,求人ボックス,https://xn--pckua2a7gp15o89zb.com/jbn/7d9f0456f698dfe41c27f96cd3a79cee,True,23時間前,2026-06-20 01:20:16,愛知県
「集客業務なし、お客様対応に集中できる環境／美容師」／平均年間休日12...新着,QBハウスららぽーと愛知東郷,愛知県,"月給27万1,000円",正社員,美容,求人ボックス,https://xn--pckua2a7gp15o89zb.com/jbn/726c5db120c32645cb5efaa41d231119,True,23時間前,2026-06-20 01:20:18,愛知県
「歩合制なしで安定した収入が得られる美容師」／ノルマ無し／1分単位で残...新着,QBハウスエアポートウォーク名古屋,愛知県,"月給27万1,000円",正社員,美容,求人ボックス,https://xn--pckua2a7gp15o89zb.com/jbn/8168364f48dc65acfe7adea9dbb6aa93,True,22時間前,2026-06-20 01:20:18,愛知県
上場企業で美容師／賞与・昇給あり／業界大手の好待遇新着,QBハウスららぽーと名古屋みなとアクルス,愛知県,"月給27万1,000円",正社員,美容,求人ボックス,https://xn--pckua2a7gp15o89zb.com/jbn/4af3e89549abb8770c61d1372566b740,True,23時間前,2026-06-20 01:20:21,愛知県
「歩合制なしで安定した収入が得られる美容師」／ママさんの応募も歓迎新着,QBハウスイオンモール熱田,愛知県,"月給27万1,000円",正社員,美容,求人ボックス,https://xn--pckua2a7gp15o89zb.com/jbn/52bf6494da66534418780fbde82ff814,True,22時間前,2026-06-20 01:20:23,愛知県
ブランク歓迎の美容師／業界大手の好待遇／上場企業新着,QBハウスイオンモール豊川,愛知県,"月給27万1,000円",正社員,美容,求人ボックス,https://xn--pckua2a7gp15o89zb.com/jbn/57e6565986308d5d062ae7178c9bfedc,True,23時間前,2026-06-20 01:20:23,愛知県
「東証プライム上場企業で安定収入の美容師」／ノルマ無し／経験者歓迎新着,QBハウスmozoワンダーシティ,愛知県,"月給27万1,000円",正社員,美容,求人ボックス,https://xn--pckua2a7gp15o89zb.com/jbn/1d8908f81824cdf4f989162c24c0e343,True,23時間前,2026-06-20 01:20:27,愛知県
業界大手の美容師／カット専門／上場企業新着,QBハウスイオンモール岡崎,愛知県,"月給27万1,000円",正社員,美容,求人ボックス,https://xn--pckua2a7gp15o89zb.com/jbn/7803be05b68c54def09076588b6fd104,True,23時間前,2026-06-20 01:20:27,愛知県
ブランク歓迎の美容師／ブランク歓迎／カット専門新着,QBハウスイオンモールナゴヤドーム前,愛知県,"月給27万1,000円",正社員,美容,求人ボックス,https://xn--pckua2a7gp15o89zb.com/jbn/f2be7cc35866dee91d379273e0036629,True,23時間前,2026-06-20 01:20:29,愛知県
「予約制の送迎ドライバー」週3日勤務で月収40万円以上／未経験OK／20代～50代が活躍中新着,建設,愛知県,"月給47万7,000円",正社員,建設,求人ボックス,https://xn--pckua2a7gp15o89zb.com/jbn/4d4d8e06b3f745b66a2c8eee0ee2f580,True,15時間前,2026-06-20 01:20:10,愛知県
役員・著名人の予約送迎ドライバー／普通免許OK・AT限定可／未経験から正社員へ／週3日勤務可新着,未経験OK,愛知県,"月給47万7,000円",正社員,建設,求人ボックス,https://xn--pckua2a7gp15o89zb.com/jbn/94eeb9285a6ec3293dc8c4b82cccdfaf,True,15時間前,2026-06-20 01:20:10,愛知県
週3勤務の予約送迎ドライバー／普通免許OK／未経験から正社員へ／履歴書不要／賞与年2回新着,未経験OK,愛知県,"月給47万7,000円",正社員,建設,求人ボックス,https://xn--pckua2a7gp15o89zb.com/jbn/9f734e6f09fbfc9c5612e1466e8ea54f,True,16時間前,2026-06-20 01:20:10,愛知県
週3勤務の役員送迎ドライバー／普通免許だけで応募OK／予約中心で落ち着いて働ける／賞与年2回新着,未経験OK,愛知県,"月給47万7,000円",正社員,建設,求人ボックス,https://xn--pckua2a7gp15o89zb.com/jbn/6802e617347c6ff502778f19db798be0,True,16時間前,2026-06-20 01:20:10,愛知県
役員・VIP送迎ドライバー／普通免許OK／年収600万円以上も可／履歴書不要／退職金制度あり新着,未経験OK,愛知県,"月給47万7,000円",正社員,建設,求人ボックス,https://xn--pckua2a7gp15o89zb.com/jbn/17b3e4869ddc5b5e2983de35661b6cd5,True,15時間前,2026-06-20 01:20:10,愛知県
リサイクル工場のプラント重機オペレーター 長期連休あり 希望休可 資格取得制度あり新着,球磨建設株式会社,愛知県,月給28万円～35万円,正社員,建設,求人ボックス,https://xn--pckua2a7gp15o89zb.com/jb/307a872455f7a8faa7202a642f00458e,True,58分前,2026-06-20 01:20:10,愛知県
屋外での看板取付スタッフ LEDを組み込み看板を光らせる作業 年休120日 お休み充実新着,株式会社クレイン工芸社,愛知県,月給27万円～45万円,正社員,建設,求人ボックス,https://xn--pckua2a7gp15o89zb.com/jb/f9b1b068f105bf06373279e032ce5352,True,1時間前,2026-06-20 01:20:10,愛知県
検収・フォークリフト作業員新着,西辰興業株式会社,愛知県,"月給19万3,800円",正社員,建設,求人ボックス,https://xn--pckua2a7gp15o89zb.com/jb/826cce1027a139b3aa1fc9910a6b40e1,True,3時間前,2026-06-20 01:20:10,愛知県
食品配送ドライバー MTトラック業務経験者 柔軟シフト週2日～ 平日のみ土日のみ可／stp4新着,名阪急配株式会社,愛知県,"時給1,500円",正社員,建設,求人ボックス,https://xn--pckua2a7gp15o89zb.com/jb/547dc0a8bbbca4c6f4318ca0f7a45198,True,1時間前,2026-06-20 01:20:10,愛知県
官公庁発注の道路／橋梁／河川設計業務／20代活躍中／未経験・第二新卒／土日祝休み新着,...社内レクリエーション 社内飲料 夏の熱中症対策 安全靴や現場,愛知県,"月給37万5,000円",正社員,建設,求人ボックス,https://xn--pckua2a7gp15o89zb.com/jbn/92f5bf53733155dea6ad3090855bfc1a,True,5時間前,2026-06-20 01:20:10,愛知県
電気工事士 賞与年3回あり 住宅手当など充実新着,株式会社トーヨー,愛知県,月給25万円～35万円,正社員,建設,求人ボックス,https://xn--pckua2a7gp15o89zb.com/jb/b77a420dbe635232bc464b38d14861a2,True,2時間前,2026-06-20 01:20:10,愛知県
百貨店・ホテル等の内装製作設計／20代活躍中／賞与あり／未経験・第二新卒／土日祝休み／名古屋市中区栄新着,<許可・登録/特定,愛知県,月給26万円～35万円,正社員,建設,求人ボックス,https://xn--pckua2a7gp15o89zb.com/jbn/702a22011e4f03d446045ce362b85f6f,True,2時間前,2026-06-20 01:20:10,愛知県
「役員運転手」月内採用／夜勤／履歴書不要／月収50万円以上／正社員採用／社会保険完備新着,...以下のような経験をお持ちの方は特に歓迎します。・軽貨物ドライバー・ルート配送スタッフ・宅配ドライバー・タクシー運転手・大型トラックドライバー・フォークリフトオペレーター・,愛知県,"月給45万6,500円",正社員,建設,求人ボックス,https://xn--pckua2a7gp15o89zb.com/jbn/0d1fff17671925ad3747bb2f2e7955fd,True,18時間前,2026-06-20 01:20:10,愛知県
「予約中心で安心」役員送迎ドライバー／年収600万円以上／未経験歓迎新着,...以下のような経験をお持ちの方は特に歓迎します。・軽貨物ドライバー・ルート配送スタッフ・宅配ドライバー・タクシー運転手・大型トラックドライバー・フォークリフトオペレーター・,愛知県,"月給45万7,000円",正社員,建設,求人ボックス,https://xn--pckua2a7gp15o89zb.com/jbn/948a8673d73e4f8e70a75ef978b8991b,True,18時間前,2026-06-20 01:20:10,愛知県
「VIP送迎中心」夜勤ハイヤードライバー／年収600万円以上／賞与年2回新着,建設・,愛知県,"月給45万8,500円",正社員,建設,求人ボックス,https://xn--pckua2a7gp15o89zb.com/jbn/bc7faa20abeeba02a4d7720cfa41329a,True,18時間前,2026-06-20 01:20:13,愛知県
役員運転手「週3勤務」資格取得支援あり／月収40万円以上／安定収入／転職回数不問新着,...以下のような経験をお持ちの方は特に歓迎します。・軽貨物ドライバー・ルート配送スタッフ・宅配ドライバー・タクシー運転手・大型トラックドライバー・フォークリフトオペレーター・,愛知県,"月給45万6,000円",正社員,建設,求人ボックス,https://xn--pckua2a7gp15o89zb.com/jbn/fd2457d287f9d5dcb224cca9b4399ad8,True,18時間前,2026-06-20 01:20:13,愛知県
「高収入」夜勤／役員運転手／定期送迎「月収50万円以上可能／安定収入／賞与年2回」新着,建設・,愛知県,"月給45万7,000円",正社員,建設,求人ボックス,https://xn--pckua2a7gp15o89zb.com/jbn/cfd8a579bf40a3ae1eb0693e0616340d,True,18時間前,2026-06-20 01:20:13,愛知県
送迎ドライバー／週3勤務／異業種からの転職歓迎新着,建設・,愛知県,"月給45万8,000円",正社員,建設,求人ボックス,https://xn--pckua2a7gp15o89zb.com/jbn/47138b853d3a4fd35d73c1b4340214ef,True,18時間前,2026-06-20 01:20:13,愛知県
「週3日勤務で高収入」役員送迎ドライバー／家族手当あり／賞与年2回新着,...以下のような経験をお持ちの方は特に歓迎します。・軽貨物ドライバー・ルート配送スタッフ・宅配ドライバー・タクシー運転手・大型トラックドライバー・フォークリフトオペレーター・,愛知県,"月給45万7,000円",正社員,建設,求人ボックス,https://xn--pckua2a7gp15o89zb.com/jbn/8a41c2a9234de9c15eec2717436c8b1b,True,18時間前,2026-06-20 01:20:13,愛知県
「月内採用」役員運転手・夜勤／職歴不問／未経験OK／1年目年収600万円以上可／賞与年2回新着,作業,愛知県,"月給45万6,500円",正社員,建設,求人ボックス,https://xn--pckua2a7gp15o89zb.com/jbn/05c3ca953526180734ec3c5e9ce72dc5,True,18時間前,2026-06-20 01:20:13,愛知県
「夜勤でしっかり稼ぐ」VIP送迎ドライバー／残業少なめ／正社員採用／賞与あり新着,...以下のような経験をお持ちの方は特に歓迎します。・軽貨物ドライバー・ルート配送スタッフ・宅配ドライバー・タクシー運転手・大型トラックドライバー・フォークリフトオペレーター・,愛知県,"月給45万7,000円",正社員,建設,求人ボックス,https://xn--pckua2a7gp15o89zb.com/jbn/131c318c6dbac3100225fa0f0f11b976,True,18時間前,2026-06-20 01:20:16,愛知県
「タレント／芸能」送迎ドライバー／週3勤務／学歴不問／1年目月収50万以上／賞与年2回新着,建設・,愛知県,"月給45万6,000円",正社員,建設,求人ボックス,https://xn--pckua2a7gp15o89zb.com/jbn/70eaaa9a40c3d793a8c9422db547b67e,True,18時間前,2026-06-20 01:20:16,愛知県
VIP専属送迎スタッフ／普通免許のみで応募OK／週3日勤務／賞与あり／高収入実現可能新着,作業,愛知県,"月給47万8,000円",正社員,建設,求人ボックス,https://xn--pckua2a7gp15o89zb.com/jbn/470e0314eb5e4accc93147d5f48d325e,True,18時間前,2026-06-20 01:20:16,愛知県
「普通免許のみOK」役員ドライバー／資格不問・月収50万以上可・賞与年2回新着,...以下のような経験をお持ちの方は特に歓迎します。・軽貨物ドライバー・ルート配送スタッフ・宅配ドライバー・タクシー運転手・大型トラックドライバー・フォークリフトオペレーター・,愛知県,"月給47万6,500円",正社員,建設,求人ボックス,https://xn--pckua2a7gp15o89zb.com/jbn/8c07ec475641eef5f6184d1d2db59ff0,True,18時間前,2026-06-20 01:20:16,愛知県
「正社員」週3勤務の送迎ドライバー／未経験者活躍中／年収500万円以上可能／土日祝休み取得可新着,建設・,愛知県,"月給47万8,500円",正社員,建設,求人ボックス,https://xn--pckua2a7gp15o89zb.com/jbn/d1af7f517d80f221accb4bcfe9f34685,True,18時間前,2026-06-20 01:20:16,愛知県
「未経験歓迎」役員専属ドライバー／月収50万円以上可／退職金制度あり新着,...以下のような経験をお持ちの方は特に歓迎します。・軽貨物ドライバー・ルート配送スタッフ・宅配ドライバー・タクシー運転手・大型トラックドライバー・フォークリフトオペレーター・,愛知県,"月給47万6,000円",正社員,建設,求人ボックス,https://xn--pckua2a7gp15o89zb.com/jbn/a8bd07679558883572feaa4c72544cff,True,18時間前,2026-06-20 01:20:16,愛知県
「予約中心だから未経験でも安心」ハイヤードライバー／週3勤務／月収50万円以上可新着,建設・,愛知県,"月給47万8,000円",正社員,建設,求人ボックス,https://xn--pckua2a7gp15o89zb.com/jbn/a73f34b75c96d8885c48c38ea8242f1b,True,18時間前,2026-06-20 01:20:16,愛知県
役員送迎ドライバー／未経験歓迎／会食・空港送迎中心／年収600万円以上可新着,建設・,愛知県,"月給45万7,000円",正社員,建設,求人ボックス,https://xn--pckua2a7gp15o89zb.com/jbn/16ec697c70a1548a20c48608c638daaa,True,18時間前,2026-06-20 01:20:16,愛知県
「内定までスピーディー」夜勤送迎ドライバー／履歴書不要／未経験OK／月収50万円以上新着,作業,愛知県,"月給47万7,000円",正社員,建設,求人ボックス,https://xn--pckua2a7gp15o89zb.com/jbn/1bc6eadf3c2d0d831582517ab024c7f5,True,19時間前,2026-06-20 01:20:20,愛知県
「1年目から高収入可能」役員運転手／週3勤務／福利厚生充実新着,作業,愛知県,"月給47万6,500円",正社員,建設,求人ボックス,https://xn--pckua2a7gp15o89zb.com/jbn/25f465ef5ce28eb4b1d0e4133ea57063,True,19時間前,2026-06-20 01:20:20,愛知県
「二種免許不要・週3勤務・役員運転手」研修あり／賞与あり／アルファード送迎新着,作業,愛知県,"月給47万8,500円",正社員,建設,求人ボックス,https://xn--pckua2a7gp15o89zb.com/jbn/34447166990ef9290f3f1cc441d0e212,True,19時間前,2026-06-20 01:20:20,愛知県
「夜勤で稼げる」役員送迎ドライバー／普通免許のみOK／年収600万円以上可／賞与年2回新着,...以下のような経験をお持ちの方は特に歓迎します。・軽貨物ドライバー・ルート配送スタッフ・宅配ドライバー・タクシー運転手・大型トラックドライバー・フォークリフトオペレーター・,愛知県,"月給47万6,000円",正社員,建設,求人ボックス,https://xn--pckua2a7gp15o89zb.com/jbn/9dfe070faec1c6e3232ee6b0f4f97f69,True,19時間前,2026-06-20 01:20:20,愛知県
夜間専属ハイヤードライバー／月収50万円以上可能／賞与年2回／普通免許のみで応募可新着,...以下のような経験をお持ちの方は特に歓迎します。・軽貨物ドライバー・ルート配送スタッフ・宅配ドライバー・タクシー運転手・大型トラックドライバー・フォークリフトオペレーター・,愛知県,"月給45万7,000円",正社員,建設,求人ボックス,https://xn--pckua2a7gp15o89zb.com/jbn/b33c10eacb35ffed6c143f12da760b35,True,19時間前,2026-06-20 01:20:20,愛知県
「週3日勤務で年収600万円も可能」役員送迎ドライバー／普通免許のみOK／未経験歓迎／賞与年2回新着,建設・,愛知県,"月給47万8,000円",正社員,建設,求人ボックス,https://xn--pckua2a7gp15o89zb.com/jbn/990d9671d81bf8b8043013e4c84b137e,True,19時間前,2026-06-20 01:20:20,愛知県
建設コンサルタント／20代活躍中／未経験・第二新卒／土日祝休み／賞与あり新着,建設,愛知県,月給20万円～22万円,正社員,建設,求人ボックス,https://xn--pckua2a7gp15o89zb.com/jbn/fda6bb5513340fb89dbc30ecd90d8614,True,5時間前,2026-06-20 01:20:20,愛知県
夜勤タクシードライバー／未経験スタートOK／年2回のボーナス支給あり／資格取得支援制度あり新着,作業,愛知県,"月給45万8,500円",正社員,建設,求人ボックス,https://xn--pckua2a7gp15o89zb.com/jbn/dd3d674721ca74997758488abc47459b,True,18時間前,2026-06-20 01:20:20,愛知県
「即入社相談可」夜間送迎スタッフ／履歴書不要／安定の正社員雇用新着,作業,愛知県,"月給47万7,000円",正社員,建設,求人ボックス,https://xn--pckua2a7gp15o89zb.com/jbn/93d0bb8e6819d09e94b85ae86caccbe7,True,18時間前,2026-06-20 01:20:20,愛知県
第二新卒活躍中!土日祝休みの完全週休2日／建設アシスタント・事務／正社員デビュー応援新着,未経験OK,愛知県,月給26万円～54万円,正社員,建設,求人ボックス,https://xn--pckua2a7gp15o89zb.com/jbn/57ee3b11f871a9d4611f2b43481e75c3,True,22時間前,2026-06-20 01:20:23,愛知県
第二新卒活躍中!国家資格の取得も目指せる／現場監督アシスタント／新生活応援新着,未経験OK,愛知県,月給25万円～45万円,正社員,建設,求人ボックス,https://xn--pckua2a7gp15o89zb.com/jbn/e3656cdc5a441cfa7843e9ebb2bc1b47,True,22時間前,2026-06-20 01:20:23,愛知県
現場作業員新着,株式会社ダイサン,愛知県,月給27万円～50万円,正社員,建設,求人ボックス,https://xn--pckua2a7gp15o89zb.com/jb/bb927b447cee1a972d5d16e0f27a9e09,True,15時間前,2026-06-20 01:20:23,愛知県
百貨店・ホテル等の内装製作設計／20代活躍中／未経験・第二新卒／土日祝休み／賞与あり／名古屋市中区栄新着,<許可・登録/特定,愛知県,月給26万円～35万円,正社員,建設,求人ボックス,https://xn--pckua2a7gp15o89zb.com/jbn/412dfb188056cb8fa0590e380ad0be9e,True,2時間前,2026-06-20 01:20:23,愛知県
建築施工管理 業務／20代活躍中／未経験・第二新卒／土日祝休み／賞与あり／名古屋市中区栄新着,<許可・登録/特定,愛知県,月給26万円～35万円,正社員,建設,求人ボックス,https://xn--pckua2a7gp15o89zb.com/jbn/a6bc899d6b575f82972210b4e2d1bb65,True,3時間前,2026-06-20 01:20:23,愛知県
第二新卒・20代活躍中!新生活を応援する／安全管理アシスタント／既卒・第二新卒歓迎新着,未経験OK,愛知県,月給29万円～47万円,正社員,建設,求人ボックス,https://xn--pckua2a7gp15o89zb.com/jbn/3e33091e7792701f27dfb422fe2a2772,True,22時間前,2026-06-20 01:20:25,愛知県
レジンコンクリートの型枠製造・組立／年間休日120日 20～30代活躍中新着,株式会社ウイルテック,愛知県,"時給1,500円～",派遣社員,建設,求人ボックス,https://xn--pckua2a7gp15o89zb.com/jb/848ce910b89d76a83c3157ef561fca16,True,15時間前,2026-06-20 01:20:25,愛知県
工事現場での交通誘導スタッフ新着,株式会社西城警備保障,愛知県,"日給9,120円～9,200円",アルバイト・パート,建設,求人ボックス,https://xn--pckua2a7gp15o89zb.com/jb/73b814ac0851dfa7294a15cd305808bf,True,18時間前,2026-06-20 01:20:25,愛知県
公共住宅・木造アパートの施工管理／20代活躍中／賞与あり／未経験・第二新卒／安城市桜井町城阿原新着,<,愛知県,月給25万円～60万円,正社員,建設,求人ボックス,https://xn--pckua2a7gp15o89zb.com/jbn/edfd087764adc22136be03bd14ec917f,True,2時間前,2026-06-20 01:20:25,愛知県
一般事務スタッフ 電話やメール対応 週3日～5時間の短時間勤務新着,株式会社SERENS,愛知県,"時給1,200円～1,300円",アルバイト・パート,建設,求人ボックス,https://xn--pckua2a7gp15o89zb.com/jb/9180eae38f58b8121d0b255402e54067,True,1時間前,2026-06-20 01:20:25,愛知県
20代中心の職場!土日祝休みの完全週休2日／施工管理アシスタント／手厚い研修あり新着,未経験OK,愛知県,月給27万円～60万円,正社員,建設,求人ボックス,https://xn--pckua2a7gp15o89zb.com/jbn/4c799c3c6cb8606d01e8bdcaa758a911,True,22時間前,2026-06-20 01:20:25,愛知県
20代多数活躍中!カンタンな写真撮影や記録メインの施工管理アシスタント／面接1回のみ新着,未経験OK,愛知県,月給25万円～41万円,正社員,建設,求人ボックス,https://xn--pckua2a7gp15o89zb.com/jbn/1adc8d07598c1b3946f3b3944c3302a3,True,22時間前,2026-06-20 01:20:29,愛知県
20代のスタッフ多数!ゼロからプロを目指せる／安全管理アシスタント／面接1回のみ新着,未経験OK,愛知県,月給28万円～54万円,正社員,建設,求人ボックス,https://xn--pckua2a7gp15o89zb.com/jbn/385444ea5dd1afb5789c75f1e06decfc,True,22時間前,2026-06-20 01:20:29,愛知県
公共住宅・木造アパートの施工管理／20代活躍中／未経験・第二新卒／賞与あり／安城市桜井町城阿原新着,<,愛知県,月給23万円～60万円,正社員,建設,求人ボックス,https://xn--pckua2a7gp15o89zb.com/jbn/f8a2c704b581ff7b1ac6c1d62d991295,True,2時間前,2026-06-20 01:20:29,愛知県
百貨店・ホテル等内装施工管理業務／20代活躍中／未経験・第二新卒／土日祝休み／賞与あり新着,<許可・登録/特定,愛知県,月給26万円～35万円,正社員,建設,求人ボックス,https://xn--pckua2a7gp15o89zb.com/jbn/046eb6e2ff9b10221b392719c90f558f,True,3時間前,2026-06-20 01:20:29,愛知県
20代が多数在籍・街づくりに貢献できる・街づくりサポートスタッフ／転勤なし新着,未経験OK,愛知県,月給25万円～56万円,正社員,建設,求人ボックス,https://xn--pckua2a7gp15o89zb.com/jbn/82f22bb73ae2964cfc1dcc36db1749aa,True,22時間前,2026-06-20 01:20:29,愛知県
20代のスタッフ多数!正社員デビュー応援!建築現場のアシスタント／面接1回のみ新着,未経験OK,愛知県,月給29万円～52万円,正社員,建設,求人ボックス,https://xn--pckua2a7gp15o89zb.com/jbn/1f78ff408e6fd7a93dca42cbe33c6b14,True,22時間前,2026-06-20 01:20:29,愛知県
20代多数活躍中!定時退社が基本の・建設プロジェクトサポート／福利厚生充実新着,未経験OK,愛知県,月給29万円～55万円,正社員,建設,求人ボックス,https://xn--pckua2a7gp15o89zb.com/jbn/d5e97a9c6a1d6728bb2b9d051dcd6358,True,22時間前,2026-06-20 01:20:29,愛知県
未経験の20代活躍中!ビッグプロジェクトに関わる／安全管理アシスタント／手厚い研修あり新着,未経験OK,愛知県,月給26万円～47万円,正社員,建設,求人ボックス,https://xn--pckua2a7gp15o89zb.com/jbn/d23dddb50e53c3e011f66c953abfd967,True,22時間前,2026-06-20 01:20:29,愛知県
鉄骨製品の取付・施工スタッフ リーダー候補 要現場経験 週休2日制 水日休み新着,株式会社ETS,愛知県,月給27万円～45万円,正社員,建設,求人ボックス,https://xn--pckua2a7gp15o89zb.com/jb/96b36c7ac4365899ca86c112ba6766d0,True,1時間前,2026-06-20 01:20:29,愛知県
官公庁向け積算・入札の営業担当／20代活躍中／未経験・第二新卒／土日祝休み／賞与あり新着,安全靴や現場,愛知県,"月給21万8,000円",正社員,建設,求人ボックス,https://xn--pckua2a7gp15o89zb.com/jbn/34f37afb5cbb4d88a6daede0f9428f1c,True,2時間前,2026-06-20 01:20:32,愛知県
配管工事スタッフ新着,有限会社伊藤設備工業,愛知県,"月給25万2,000円",正社員,建設,求人ボックス,https://xn--pckua2a7gp15o89zb.com/jb/d30df8e0e3b2ffe2ecbfc37353571c9d,True,19時間前,2026-06-20 01:20:32,愛知県
期間従業員／未経験者OK／社会保険完備新着,作業,愛知県,"月給20万7,400円",契約社員,建設,求人ボックス,https://xn--pckua2a7gp15o89zb.com/jbn/6b7ac94ae33cf1b41b1172f4c75cf537,True,20時間前,2026-06-20 01:20:32,愛知県
フレッシュな20代活躍中／充実のサポート体制の・施工管理「正社員」新着,未経験OK,愛知県,月給28万円～56万円,正社員,建設,求人ボックス,https://xn--pckua2a7gp15o89zb.com/jbn/5b4f0686216b7b4f8a9e2659319b4489,True,22時間前,2026-06-20 01:20:32,愛知県
20代が多数在籍・ビッグプロジェクトに関わる／現場監督アシスタント／残業少なめ新着,未経験OK,愛知県,月給26万円～57万円,正社員,建設,求人ボックス,https://xn--pckua2a7gp15o89zb.com/jbn/d4d13d05e3cad7bb678e413dc3752203,True,22時間前,2026-06-20 01:20:32,愛知県
木造・RC・鉄骨の施工管理業務／20代活躍中／未経験・第二新卒／賞与あり／岡崎市柱西二丁目新着,<ポジション・働く魅力>木造・RC造・鉄骨造の施工管理経験を活かして、様々な建物の,愛知県,"月給31万5,000円",正社員,建設,求人ボックス,https://xn--pckua2a7gp15o89zb.com/jbn/08e647fd1fd6ec01845897181ec598d3,True,3時間前,2026-06-20 01:20:32,愛知県
未経験の20代活躍中!プライベート充実の施工管理補助スタッフ／土日祝休み・年休120日以上新着,未経験OK,愛知県,月給30万円～56万円,正社員,建設,求人ボックス,https://xn--pckua2a7gp15o89zb.com/jbn/ba343ee0d5f9e26fafb0ba5debd32b97,True,22時間前,2026-06-20 01:20:32,愛知県
フレッシュな20代活躍中／一生モノの技術が身につく・安全管理アシスタント／既卒・第二新卒歓迎新着,未経験OK,愛知県,月給29万円～52万円,正社員,建設,求人ボックス,https://xn--pckua2a7gp15o89zb.com/jbn/0f263852e0747e3ac8c45d339003a088,True,22時間前,2026-06-20 01:20:32,愛知県
フレッシュな20代活躍中／残業少なめで働きやすい／施工管理アシスタント／完全週休2日制「土日祝」新着,未経験OK,愛知県,月給29万円～53万円,正社員,建設,求人ボックス,https://xn--pckua2a7gp15o89zb.com/jbn/43630e786c7c4f31e311bfbf3d3ee9e9,True,22時間前,2026-06-20 01:20:35,愛知県
若手中心の活気ある職場!チームワーク抜群の環境で／建設プロジェクトサポート／残業少なめ新着,未経験OK,愛知県,月給29万円～47万円,正社員,建設,求人ボックス,https://xn--pckua2a7gp15o89zb.com/jbn/1937930e33d29c3cb3971b56c8bfc4de,True,22時間前,2026-06-20 01:20:35,愛知県
業界大手の 保全スタッフ 賞与約5ヵ月／年休121日新着,中央発條株式会社,愛知県,月給21万円～44万円,正社員,建設,求人ボックス,https://xn--pckua2a7gp15o89zb.com/jb/fb2ec0c265bac486948f3733eed8ec82,True,18時間前,2026-06-20 01:20:35,愛知県
月収27万円可×土日祝休み 半導体製造装置内の部品の製造や検査新着,UTエージェント株式会社,愛知県,月給22万円～27万円,派遣社員,建設,求人ボックス,https://xn--pckua2a7gp15o89zb.com/jb/b5759a39c7cd0dab896b55de5ec4729d,True,10時間前,2026-06-20 01:20:35,愛知県
整備スタッフ 未経験歓迎／建設機械の整備スタッフ／賞与年3回／7ヶ月分実績あり／年間休日124日新着,太陽建機レンタル株式会社,愛知県,年収450万円～550万円,正社員,建設,求人ボックス,https://xn--pckua2a7gp15o89zb.com/jb/10f8fa722ef8a979bf91e788fdd89549,True,1時間前,2026-06-20 01:20:35,愛知県
電気工事作業員新着,株式会社NKアドバンス,愛知県,"月給19万2,000円",正社員,建設,求人ボックス,https://xn--pckua2a7gp15o89zb.com/jb/97c95c7a089af17cda52ea9d8b004226,True,3時間前,2026-06-20 01:20:35,愛知県
現場施工管理／施工管理補助／現場作業員新着,株式会社やまと建設,愛知県,月給32万円～72万円,正社員,建設,求人ボックス,https://xn--pckua2a7gp15o89zb.com/jb/7b5d07ef558ce3053b393ae2bf36c0fe,True,3時間前,2026-06-20 01:20:35,愛知県
一般事務「正社員で長期安定」産育休の復帰実績あり・土日祝休み新着,株式会社トラスト,愛知県,"月給20万8,000円",正社員,事務,求人ボックス,https://xn--pckua2a7gp15o89zb.com/jbn/08063e09ca5627396985aadd66deef89,True,20時間前,2026-06-20 01:20:22,愛知県
一般事務「残業なし・土日祝休み・年休125日」18時退社・ネイルOK新着,株式会社ネクスト,愛知県,"月給21万1,000円",正社員,事務,求人ボックス,https://xn--pckua2a7gp15o89zb.com/jbn/7c87d6a6ad02f370166aa6a8850cb271,True,17時間前,2026-06-20 01:20:22,愛知県
「残業少なめ」／一般事務／WEB面接可能／ワークライフバランス充実新着,事務,愛知県,"月給22万5,000円",正社員,事務,求人ボックス,https://xn--pckua2a7gp15o89zb.com/jbn/4c308671a1c986da80bd8f3e845934b7,True,20時間前,2026-06-20 01:20:23,愛知県
オフィスワークデビュー応援／一般事務／月給26.9万〜・学歴不問新着,一般事務,愛知県,月給26,正社員,事務,求人ボックス,https://xn--pckua2a7gp15o89zb.com/jbn/2d42fb5fb7a25e5a7b992602eff0d083,True,20時間前,2026-06-20 01:20:23,愛知県
未経験から始める一般事務／月給26.3万〜・賞与年2回・未経験歓迎新着,一般事務,愛知県,月給26,正社員,事務,求人ボックス,https://xn--pckua2a7gp15o89zb.com/jbn/367671eac9dd4089dbbb32f3bfdbaa98,True,21時間前,2026-06-20 01:20:23,愛知県
「髪色・髪型自由」／一般事務／WEB面接可能／高収入新着,事務,愛知県,月給23万円～50万円,正社員,事務,求人ボックス,https://xn--pckua2a7gp15o89zb.com/jbn/101ece777e4fa4f06276433d382e8a9b,True,22時間前,2026-06-20 01:20:26,愛知県
「土日祝休み」／一般事務／WEB面接可能／ボーナスあり新着,事務,愛知県,"月給22万4,000円",正社員,事務,求人ボックス,https://xn--pckua2a7gp15o89zb.com/jbn/41b2b620efb59bf8c243b767071bb480,True,21時間前,2026-06-20 01:20:26,愛知県
未経験から始める一般事務／月給26.9万〜・完全週休2日制・残業少なめ新着,一般事務,愛知県,月給26,正社員,事務,求人ボックス,https://xn--pckua2a7gp15o89zb.com/jbn/17cb3e34e22d38a56c338a3c03985d53,True,20時間前,2026-06-20 01:20:26,愛知県
コツコツ働ける一般事務／月給26.7万〜・転勤なし・賞与年2回新着,一般事務,愛知県,月給26,正社員,事務,求人ボックス,https://xn--pckua2a7gp15o89zb.com/jbn/612216ad071996fb52f88d5445efb9a8,True,20時間前,2026-06-20 01:20:29,愛知県
コツコツ働ける一般事務／月給26.5万〜・完全週休2日制・賞与年2回新着,一般事務,愛知県,月給26,正社員,事務,求人ボックス,https://xn--pckua2a7gp15o89zb.com/jbn/4ef2185b5cffdc4e4eb23e9de8858786,True,20時間前,2026-06-20 01:20:32,愛知県
「年間休日125日以上」／一般事務／20代・30代活躍中／産休新着,事務,愛知県,"月給22万4,000円",正社員,事務,求人ボックス,https://xn--pckua2a7gp15o89zb.com/jbn/d6fda4977394aca9779683a6052a0269,True,21時間前,2026-06-20 01:20:32,愛知県
オフィスワークデビュー応援／一般事務／月給26.8万〜・研修あり新着,一般事務,愛知県,月給26,正社員,事務,求人ボックス,https://xn--pckua2a7gp15o89zb.com/jbn/b81099a275c093b2f6bb4ff26778df11,True,20時間前,2026-06-20 01:20:32,愛知県
一般事務新着,株式会社セイノースタッフサービス,愛知県,"時給1,300円",派遣社員,事務,求人ボックス,https://xn--pckua2a7gp15o89zb.com/jb/d32fd8fd1649cf0edcea6e4a77ad12dc,True,4時間前,2026-06-20 01:20:34,愛知県
未経験から始める一般事務／月給26.2万〜・研修あり・賞与年2回新着,一般事務,愛知県,月給26,正社員,事務,求人ボックス,https://xn--pckua2a7gp15o89zb.com/jbn/26afa78c8333421300b4c93f33848d35,True,21時間前,2026-06-20 01:20:34,愛知県
オフィスワークデビュー応援／一般事務／月給26.9万〜・土日祝休み新着,一般事務,愛知県,月給26,正社員,事務,求人ボックス,https://xn--pckua2a7gp15o89zb.com/jbn/f89d305feacd5a07862ba29b171cc691,True,21時間前,2026-06-20 01:20:34,愛知県
オフィスワークデビュー応援／一般事務／月給26万〜・残業少なめ新着,一般事務,愛知県,月給26万,正社員,事務,求人ボックス,https://xn--pckua2a7gp15o89zb.com/jbn/705010d6fef9de0ae7fe0ffce3701af4,True,20時間前,2026-06-20 01:20:38,愛知県
未経験から始める一般事務／月給26.6万〜・転勤なし・研修あり新着,一般事務,愛知県,月給26,正社員,事務,求人ボックス,https://xn--pckua2a7gp15o89zb.com/jbn/9f737fae3c906416f9f3695666656e7d,True,21時間前,2026-06-20 01:20:38,愛知県
オフィスワークデビュー応援／一般事務／月給26.3万〜・完全週休2日制新着,一般事務,愛知県,月給26,正社員,事務,求人ボックス,https://xn--pckua2a7gp15o89zb.com/jbn/e0c40c0b86d2ce5a5e2b916a6d0c481f,True,20時間前,2026-06-20 01:20:41,愛知県
オフィスワークデビュー応援／一般事務／月給26.1万〜・年間休日125...新着,一般事務,愛知県,月給26,正社員,事務,求人ボックス,https://xn--pckua2a7gp15o89zb.com/jbn/fb8896ca60e4a879650e462399d8f0d4,True,21時間前,2026-06-20 01:20:41,愛知県
「転勤なし」／一般事務／交通費全額支給／産休・育休あり新着,事務,愛知県,"月給22万5,000円",正社員,事務,求人ボックス,https://xn--pckua2a7gp15o89zb.com/jbn/428130920fbfa847d8a4524d3bdaf730,True,22時間前,2026-06-20 01:20:41,愛知県
「昇給・賞与あり」／一般事務／WEB面接可能／採用強化中新着,事務,愛知県,"月給22万5,000円",正社員,事務,求人ボックス,https://xn--pckua2a7gp15o89zb.com/jbn/b8a6c09810f6b142bb416af968c91be2,True,21時間前,2026-06-20 01:20:48,愛知県
コツコツ働ける一般事務／月給26.5万〜・転勤なし・土日祝休み新着,一般事務,愛知県,月給26,正社員,事務,求人ボックス,https://xn--pckua2a7gp15o89zb.com/jbn/e97d2431a95dd78922ebd00b319051ba,True,21時間前,2026-06-20 01:20:51,愛知県
経理事務「未経験入社率80%以上」土日祝休み・残業なし・ネイルOK新着,経理,愛知県,"月給20万7,000円",正社員,経理,求人ボックス,https://xn--pckua2a7gp15o89zb.com/jbn/a463745b6161183a2628ea156586169f,True,20時間前,2026-06-20 01:20:32,愛知県
数字に強くなる経理事務／月給26.3万〜・賞与年2回・転勤なし新着,経理,愛知県,月給26,正社員,経理,求人ボックス,https://xn--pckua2a7gp15o89zb.com/jbn/a0182f2442b5bcc65ab28225456c4fd9,True,20時間前,2026-06-20 01:20:32,愛知県
スキルが身につく経理事務／月給26万〜・学歴不問・完全週休2日制新着,経理,愛知県,月給26万,正社員,経理,求人ボックス,https://xn--pckua2a7gp15o89zb.com/jbn/745ebfb653a30ab9d964754ca5965956,True,21時間前,2026-06-20 01:20:32,愛知県
数字に強くなる経理事務／月給26.5万〜・賞与年2回・完全週休2日制新着,経理,愛知県,月給26,正社員,経理,求人ボックス,https://xn--pckua2a7gp15o89zb.com/jbn/d1f479879361414bb2b40cf114491596,True,21時間前,2026-06-20 01:20:33,愛知県
未経験から経理事務／月給26.8万〜・学歴不問・土日祝休み新着,経理,愛知県,月給26,正社員,経理,求人ボックス,https://xn--pckua2a7gp15o89zb.com/jbn/3160584e3c7bf9af5b25413e6e013f2e,True,21時間前,2026-06-20 01:20:33,愛知県
スキルが身につく経理事務／月給26.2万〜・賞与年2回・残業少なめ新着,経理,愛知県,月給26,正社員,経理,求人ボックス,https://xn--pckua2a7gp15o89zb.com/jbn/54b2efdefca1f8bba3cc82539dd82468,True,21時間前,2026-06-20 01:20:33,愛知県
数字に強くなる経理事務／月給26.2万〜・残業少なめ・学歴不問新着,経理,愛知県,月給26,正社員,経理,求人ボックス,https://xn--pckua2a7gp15o89zb.com/jbn/75b976efbd21a40c102ccd5d07957b5a,True,21時間前,2026-06-20 01:20:33,愛知県
数字に強くなる経理事務／月給26.6万〜・完全週休2日制・残業少なめ新着,経理,愛知県,月給26,正社員,経理,求人ボックス,https://xn--pckua2a7gp15o89zb.com/jbn/14e810007ae11767f355dbda4eb1e130,True,21時間前,2026-06-20 01:20:33,愛知県
スキルが身につく経理事務／月給26.8万〜・服装・髪型自由新着,経理,愛知県,月給26,正社員,経理,求人ボックス,https://xn--pckua2a7gp15o89zb.com/jbn/8f1633a7824f428feb2e2b4c9e69f143,True,21時間前,2026-06-20 01:20:36,愛知県
スキルが身につく経理事務／月給26.1万〜・学歴不問・年間休日125日新着,経理,愛知県,月給26,正社員,経理,求人ボックス,https://xn--pckua2a7gp15o89zb.com/jbn/fdd3979a5c4a369dc276960f8549e77c,True,21時間前,2026-06-20 01:20:36,愛知県
未経験から経理事務／月給26.9万〜・研修あり・土日祝休み新着,経理,愛知県,月給26,正社員,経理,求人ボックス,https://xn--pckua2a7gp15o89zb.com/jbn/e62e2042abef75ec00f910dbd6d112eb,True,20時間前,2026-06-20 01:20:39,愛知県
未経験から経理事務／月給26.3万〜・未経験歓迎・完全週休2日制新着,経理,愛知県,月給26,正社員,経理,求人ボックス,https://xn--pckua2a7gp15o89zb.com/jbn/1ad59f9202f79c664939b3d841c4677b,True,21時間前,2026-06-20 01:20:39,愛知県
数字に強くなる経理事務／月給26.1万〜・残業少なめ・服装・髪型自由新着,経理,愛知県,月給26,正社員,経理,求人ボックス,https://xn--pckua2a7gp15o89zb.com/jbn/c0d81d9451858539027b6422fc522e16,True,21時間前,2026-06-20 01:20:39,愛知県
数字に強くなる経理事務／月給26万〜・未経験歓迎・学歴不問新着,経理,愛知県,月給26万,正社員,経理,求人ボックス,https://xn--pckua2a7gp15o89zb.com/jbn/dce42546258556fa6ca41fa55f3ee2a0,True,21時間前,2026-06-20 01:20:42,愛知県
簿記が活かせる経理事務／月給26.1万〜・未経験歓迎・土日祝休み新着,経理,愛知県,月給26,正社員,経理,求人ボックス,https://xn--pckua2a7gp15o89zb.com/jbn/4d929df859ae8d4585e501239db0a57e,True,21時間前,2026-06-20 01:20:42,愛知県
簿記が活かせる経理事務／月給26.6万〜・年間休日125日・賞与年2回新着,経理,愛知県,月給26,正社員,経理,求人ボックス,https://xn--pckua2a7gp15o89zb.com/jbn/f540d5f7a1e0ba21d8a62126bfaa3aa8,True,21時間前,2026-06-20 01:20:45,愛知県
数字に強くなる経理事務／月給26.2万〜・土日祝休み・完全週休2日制新着,経理,愛知県,月給26,正社員,経理,求人ボックス,https://xn--pckua2a7gp15o89zb.com/jbn/76e42f8458e10e968e60b591254fa0de,True,21時間前,2026-06-20 01:20:45,愛知県
スキルが身につく経理事務／月給26.4万〜・土日祝休み・賞与年2回新着,経理,愛知県,月給26,正社員,経理,求人ボックス,https://xn--pckua2a7gp15o89zb.com/jbn/b538c72e897ef7069a91076d97053504,True,21時間前,2026-06-20 01:20:45,愛知県
スキルが身につく経理事務／月給26万〜・服装・髪型自由・転勤なし新着,経理,愛知県,月給26万,正社員,経理,求人ボックス,https://xn--pckua2a7gp15o89zb.com/jbn/529e30af8236cc516e5d934d363f60ae,True,22時間前,2026-06-20 01:20:49,愛知県
数字に強くなる経理事務／月給26.2万〜・学歴不問・未経験歓迎新着,経理,愛知県,月給26,正社員,経理,求人ボックス,https://xn--pckua2a7gp15o89zb.com/jbn/b060d614a010743e59d3d532cbfe2d33,True,21時間前,2026-06-20 01:20:49,愛知県
簿記が活かせる経理事務／月給26.7万〜・転勤なし・研修あり新着,経理,愛知県,月給26,正社員,経理,求人ボックス,https://xn--pckua2a7gp15o89zb.com/jbn/2a63ceb648279c5b88248dc53ef6dd9c,True,21時間前,2026-06-20 01:20:49,愛知県
簿記が活かせる経理事務／月給26.1万〜・未経験歓迎・学歴不問新着,経理,愛知県,月給26,正社員,経理,求人ボックス,https://xn--pckua2a7gp15o89zb.com/jbn/4d7893dc6b06cee505c6e911ea817b8c,True,21時間前,2026-06-20 01:20:53,愛知県
スキルが身につく経理事務／月給26.4万〜・学歴不問・未経験歓迎新着,経理,愛知県,月給26,正社員,経理,求人ボックス,https://xn--pckua2a7gp15o89zb.com/jbn/c26309982b4647326628bbb3d954c77a,True,21時間前,2026-06-20 01:20:53,愛知県
スキルが身につく経理事務／月給26.4万〜・年間休日125日新着,経理,愛知県,月給26,正社員,経理,求人ボックス,https://xn--pckua2a7gp15o89zb.com/jbn/394f4c1349edbb1252fbc96d1112ec16,True,21時間前,2026-06-20 01:20:53,愛知県
スキルが身につく経理事務／月給26.2万〜・年間休日125日新着,経理,愛知県,月給26,正社員,経理,求人ボックス,https://xn--pckua2a7gp15o89zb.com/jbn/9ab730d74ddb54cdc6f4d40007b50744,True,21時間前,2026-06-20 01:20:53,愛知県
数字に強くなる経理事務／月給26.2万〜・年間休日125日・未経験歓迎新着,経理,愛知県,月給26,正社員,経理,求人ボックス,https://xn--pckua2a7gp15o89zb.com/jbn/4bc9d3bb059b7d8335db958c13a24115,True,21時間前,2026-06-20 01:20:56,愛知県
数字に強くなる経理事務／月給26.4万〜・学歴不問・残業少なめ新着,経理,愛知県,月給26,正社員,経理,求人ボックス,https://xn--pckua2a7gp15o89zb.com/jbn/b759da2cd2187fc39a0e883793bfc752,True,21時間前,2026-06-20 01:20:56,愛知県
未経験から経理事務／月給26.5万〜・学歴不問・服装・髪型自由新着,経理,愛知県,月給26,正社員,経理,求人ボックス,https://xn--pckua2a7gp15o89zb.com/jbn/c5e85bc77c4ccb5745df0b580cb1d6e3,True,21時間前,2026-06-20 01:20:56,愛知県
スキルが身につく経理事務／月給26.6万〜・服装・髪型自由新着,経理,愛知県,月給26,正社員,経理,求人ボックス,https://xn--pckua2a7gp15o89zb.com/jbn/ae2830d0a23d6cc8fffa930ee34cceb2,True,21時間前,2026-06-20 01:21:00,愛知県
経理事務「未経験から専門スキル」研修充実・土日祝休み・ネイルOK新着,株式会社ネクスト,愛知県,"月給21万2,000円",正社員,経理,求人ボックス,https://xn--pckua2a7gp15o89zb.com/jbn/b80dc170cbc79ef672fb975e2bd0cac7,True,16時間前,2026-06-20 01:21:00,愛知県
簿記が活かせる経理事務／月給26万〜・完全週休2日制・未経験歓迎新着,経理,愛知県,月給26万,正社員,経理,求人ボックス,https://xn--pckua2a7gp15o89zb.com/jbn/c734919be76778059030867eceebb145,True,20時間前,2026-06-20 01:21:00,愛知県
訪問看護の看護師／年収3500000円~／駅チカ新着,看護,愛知県,年収3500000円,正社員,看護,求人ボックス,https://xn--pckua2a7gp15o89zb.com/jb/eb7444014476698590cd933815aac2fa,True,19時間前,2026-06-20 01:20:39,愛知県
訪問看護の看護師／月給298300円~／駅チカ新着,看護,愛知県,月給298300円,正社員,看護,求人ボックス,https://xn--pckua2a7gp15o89zb.com/jb/d01a9a5370185aef48955488ab40843a,True,19時間前,2026-06-20 01:20:39,愛知県
看護師新着,サニースポット平針,愛知県,月給31万円～37万,正社員,看護,求人ボックス,https://xn--pckua2a7gp15o89zb.com/jb/51a7301193da05b1d53053bb195cd132,True,9時間前,2026-06-20 01:20:39,愛知県
診療所・クリニックの看護師／准看護師新着,栄メンタルクリニック,愛知県,"時給1,750円～",アルバイト・パート,看護,求人ボックス,https://xn--pckua2a7gp15o89zb.com/jb/3bb18671678d0151a670c451054f79c4,True,3時間前,2026-06-20 01:20:39,愛知県
訪問看護の看護師／月給320000円~／日勤のみ／駅チカ新着,メインキャッチ訪問,愛知県,月給320000円,正社員,看護,求人ボックス,https://xn--pckua2a7gp15o89zb.com/jb/ad2b0b248a8d2687d33b40220d63885c,True,19時間前,2026-06-20 01:20:39,愛知県
訪問看護の看護師／月給351000円~／日勤のみ新着,看護,愛知県,月給351000円,正社員,看護,求人ボックス,https://xn--pckua2a7gp15o89zb.com/jb/41fdd64af863a57fb102290917033002,True,19時間前,2026-06-20 01:20:42,愛知県
有料老人ホームの看護師／月給305000円~／日勤のみ新着,看護師,愛知県,月給305000円,正社員,看護,求人ボックス,https://xn--pckua2a7gp15o89zb.com/jb/5ce00fde667fef0e37ca177d2a889de2,True,19時間前,2026-06-20 01:20:45,愛知県
有料老人ホームの看護師／月給423000円新着,看護師,愛知県,月給423000円,正社員,看護,求人ボックス,https://xn--pckua2a7gp15o89zb.com/jb/cea2757e0d858e12ab25f7c15df4cf4a,True,19時間前,2026-06-20 01:20:45,愛知県
ひかりこどもえん 看護師・准看護師パート募集!託児あり新着,社会福祉法人福寿会,愛知県,"時給1,410円～",アルバイト・パート,看護,求人ボックス,https://xn--pckua2a7gp15o89zb.com/jb/3cb986644eb485216f10ad56070fdcaa,True,7時間前,2026-06-20 01:20:49,愛知県
年齢不問!副業・WワークOK!夜勤なし／土日祝の週1からできる日勤専従の施設看護師新着,丸福産業有限会社,愛知県,"時給2,200円～",アルバイト・パート,看護,求人ボックス,https://xn--pckua2a7gp15o89zb.com/jb/1218035d9efcf1645f639714c56ee2da,True,7時間前,2026-06-20 01:20:49,愛知県
有料老人ホームの看護師／月給300000円~／残業少なめ新着,看護師,愛知県,月給300000円,正社員,看護,求人ボックス,https://xn--pckua2a7gp15o89zb.com/jb/3a1ba772454fdccc13243608c2cdc226,True,19時間前,2026-06-20 01:20:53,愛知県
ホスピスの看護師／月給437600円~／日勤のみ新着,看護師,愛知県,月給437600円,正社員,看護,求人ボックス,https://xn--pckua2a7gp15o89zb.com/jb/c518ad7d6e57dc452a2fe09b4773ecf4,True,19時間前,2026-06-20 01:20:53,愛知県
訪問看護の看護師／月給300000円~／日勤のみ／駅チカ新着,看護,愛知県,月給300000円,正社員,看護,求人ボックス,https://xn--pckua2a7gp15o89zb.com/jb/913a92ab6d90ed379171bf59201e2146,True,19時間前,2026-06-20 01:20:56,愛知県
有料老人ホームの看護師／月給375000円~／年休120日新着,看護師,愛知県,月給375000円,正社員,看護,求人ボックス,https://xn--pckua2a7gp15o89zb.com/jb/c904b9743cd6c15795faeaf41fff8282,True,19時間前,2026-06-20 01:21:00,愛知県
訪問看護の看護師／月給315000円~／駅チカ新着,看護,愛知県,月給315000円,正社員,看護,求人ボックス,https://xn--pckua2a7gp15o89zb.com/jb/0123abed59509fc25cd348037d254e54,True,19時間前,2026-06-20 01:21:00,愛知県
有料老人ホームの看護師／月給300000円~／日勤のみ新着,看護師,愛知県,月給300000円,正社員,看護,求人ボックス,https://xn--pckua2a7gp15o89zb.com/jb/136a4a5a4159d19e5c0cd23bc73c287c,True,19時間前,2026-06-20 01:21:03,愛知県
病院の看護師／月給390000円新着,看護師,愛知県,月給390000円,正社員,看護,求人ボックス,https://xn--pckua2a7gp15o89zb.com/jb/f43292acce9de768fa424130a1048355,True,19時間前,2026-06-20 01:21:03,愛知県
有料老人ホームの看護師／月給310000円新着,看護師,愛知県,月給310000円,正社員,看護,求人ボックス,https://xn--pckua2a7gp15o89zb.com/jb/75c9784b0a4ee395ffd076274ea1e201,True,19時間前,2026-06-20 01:21:06,愛知県
有料老人ホームの看護師／月給307900円新着,看護師,愛知県,月給307900円,正社員,看護,求人ボックス,https://xn--pckua2a7gp15o89zb.com/jb/bcd83590ae55bc764579fe645648a5b4,True,19時間前,2026-06-20 01:21:06,愛知県
訪問看護の看護師／月給315000円~／日勤のみ／残業少なめ新着,看護,愛知県,月給315000円,正社員,看護,求人ボックス,https://xn--pckua2a7gp15o89zb.com/jb/c5e526e1ea3e5427d9a68fd748854146,True,19時間前,2026-06-20 01:21:06,愛知県
クリニックの看護師／月給301000円新着,看護師,愛知県,月給301000円,正社員,看護,求人ボックス,https://xn--pckua2a7gp15o89zb.com/jb/575241d8370fdb155949f2f001c5ed19,True,19時間前,2026-06-20 01:21:06,愛知県
独立開業支援あり!技術も経営も学べる接骨院、柔道整復師新着,柔道整復師,愛知県,"月給23万2,000円",正社員,治療家,求人ボックス,https://xn--pckua2a7gp15o89zb.com/jb/e2257405b7eeb014c7d30e9690ffdfaf,True,5時間前,2026-06-20 01:20:53,愛知県
"理学療法／機能訓練指導員／特別養護老人ホーム&ショートステイ／ショートステイ,特別養護老人ホーム新着",社会福祉法人成仁会,愛知県,"月給20万2,400円",正社員,治療家,求人ボックス,https://xn--pckua2a7gp15o89zb.com/jbn/147eeaf12196a84b5f3d266bdb8f2ad3,True,11時間前,2026-06-20 01:20:53,愛知県
インストラクター／フロント受付・無資格可のインストラクター新着,LimAlign 岡崎緑丘店,愛知県,"時給1,140円～",正社員,治療家,求人ボックス,https://xn--pckua2a7gp15o89zb.com/jb/9c226c5e926745c7daf6a75565c63ea3,True,3時間前,2026-06-20 01:20:53,愛知県
機能訓練指導員／サニーライフ名古屋内新着,株式会社川島コーポレーション サニーライフ名古屋,愛知県,"月給26万5,000円",正社員,治療家,求人ボックス,https://xn--pckua2a7gp15o89zb.com/jb/dd36ea00f8d8c5f0098b6cafc9b7bc4e,True,3時間前,2026-06-20 01:20:53,愛知県
「役員送迎ドライバー」週3日勤務／普通免許で未経験からスタート／月収50万円以上・ボーナス年2回新着,柔道整復師,愛知県,"月給47万8,500円",正社員,治療家,求人ボックス,https://xn--pckua2a7gp15o89zb.com/jbn/695cc12a97abb8a5b184b8fcfb032062,True,17時間前,2026-06-20 01:20:53,愛知県
「タレントやスポーツ選手等の送迎」週3日勤務／未経験OK・月収50万円以上・ボーナス支給あり新着,柔道整復師,愛知県,"月給47万6,500円",正社員,治療家,求人ボックス,https://xn--pckua2a7gp15o89zb.com/jbn/af49f2cb63168a8bbbd04c125aa7831b,True,14時間前,2026-06-20 01:20:53,愛知県
著名人や企業役員の送迎ドライバー「週3日勤務」未経験OK・月収40万円以上／ボーナス支給あり新着,柔道整復師,愛知県,"月給47万8,500円",正社員,治療家,求人ボックス,https://xn--pckua2a7gp15o89zb.com/jbn/f58f378bbd205bf2aa38cc5290229a8b,True,16時間前,2026-06-20 01:20:53,愛知県
リラクゼーションセラピストの店長候補／経験不問／マネジメント経験者優遇／インセンティブあり新着,株式会社メディロム・ウェルネス Re.Ra.Ku...,愛知県,月給25万円～50万円,正社員,治療家,求人ボックス,https://xn--pckua2a7gp15o89zb.com/jb/08d9cff01aaade03785b1e75ab433e76,True,13時間前,2026-06-20 01:20:54,愛知県
リラクゼーションセラピストの店長候補／経験不問／マネジメント経験者優遇／インセンティブあり新着,株式会社メディロム・ウェルネス スパリラク 湯ご...,愛知県,月給25万円～50万円,正社員,治療家,求人ボックス,https://xn--pckua2a7gp15o89zb.com/jb/f65fb6611312929a7511803bf6b8d4d9,True,13時間前,2026-06-20 01:20:54,愛知県
リラクゼーションセラピストの店長候補／経験不問／マネジメント経験者優遇／インセンティブあり新着,株式会社メディロム・ウェルネス スパリラク 湯の...,愛知県,月給25万円～50万円,正社員,治療家,求人ボックス,https://xn--pckua2a7gp15o89zb.com/jb/a0bd17a6a44b9f76c31ea726adae39c8,True,13時間前,2026-06-20 01:20:54,愛知県
「空港への送迎ドライバー」週3日勤務／普通免許で未経験OK／月収50万円以上・賞与2ヶ月分あり新着,柔道整復師,愛知県,"月給47万6,000円",正社員,治療家,求人ボックス,https://xn--pckua2a7gp15o89zb.com/jbn/3657dc13f1f683fc91714d5b51055013,True,16時間前,2026-06-20 01:20:54,愛知県
リラクゼーションセラピストの店長候補／経験不問／マネジメント経験者優遇／インセンティブあり新着,株式会社メディロム・ウェルネス Re.Ra.Ku...,愛知県,月給25万円～50万円,正社員,治療家,求人ボックス,https://xn--pckua2a7gp15o89zb.com/jb/6ade1aa24a80e5c8a5c598b9ec551bc1,True,13時間前,2026-06-20 01:20:54,愛知県
リラクゼーションセラピストの店長候補／経験不問／マネジメント経験者優遇／インセンティブあり新着,株式会社メディロム・ウェルネス スパリラク 豊田...,愛知県,月給25万円～50万円,正社員,治療家,求人ボックス,https://xn--pckua2a7gp15o89zb.com/jb/8fd44aedb291f70db91371b5282596a8,True,13時間前,2026-06-20 01:20:54,愛知県
「役員送迎ドライバー」月収50万以上可・未経験歓迎・普通免許のみOK／ボーナス・退職金あり新着,柔道整復師,愛知県,"月給40万1,000円",正社員,治療家,求人ボックス,https://xn--pckua2a7gp15o89zb.com/jbn/a7c68dacc90b0cd2265214df7c158963,True,19時間前,2026-06-20 01:20:54,愛知県
「夜勤・役員運転手」月収50万以上可・未経験歓迎・普通免許のみOK・頑張りが収入に直結新着,柔道整復師,愛知県,"月給40万1,000円",正社員,治療家,求人ボックス,https://xn--pckua2a7gp15o89zb.com/jbn/3b93efbc55cdbbd572c28e7f4c514d67,True,19時間前,2026-06-20 01:20:57,愛知県
「夜勤・送迎ドライバー」月収50万以上・未経験歓迎／履歴書不要のスピード選考新着,柔道整復師,愛知県,"月給40万5,000円",正社員,治療家,求人ボックス,https://xn--pckua2a7gp15o89zb.com/jbn/d5086080ddbb776d3c4eabb1b0119999,True,20時間前,2026-06-20 01:20:57,愛知県
リラクゼーションセラピストの店長候補／経験不問／マネジメント経験者優遇／インセンティブあり新着,株式会社メディロム・ウェルネス Spa Re.R...,愛知県,月給25万円～50万円,正社員,治療家,求人ボックス,https://xn--pckua2a7gp15o89zb.com/jb/93d967d50e1475a74f5a617b65bd83f8,True,13時間前,2026-06-20 01:20:57,愛知県
「夜勤・芸能／インフルエンサー送迎ドライバー」月40万以上・未経験歓迎・ボーナスあり新着,柔道整復師,愛知県,月給40万円～60万,正社員,治療家,求人ボックス,https://xn--pckua2a7gp15o89zb.com/jbn/348d5c01d5159fae0d31b6653826ec3d,True,19時間前,2026-06-20 01:20:57,愛知県
「役員運転手・夜勤」月50万以上可・未経験歓迎／寮・社宅完備／普免のみOK・ボーナスあり新着,柔道整復師,愛知県,"月給40万2,000円",正社員,治療家,求人ボックス,https://xn--pckua2a7gp15o89zb.com/jbn/7be1efd3c5d8c93312f1dc3cd1c9df87,True,20時間前,2026-06-20 01:20:57,愛知県
「夜勤・役員運転手」月収50万以上・職歴不問・未経験歓迎／普通免許のみOK新着,柔道整復師,愛知県,"月給39万7,000円",正社員,治療家,求人ボックス,https://xn--pckua2a7gp15o89zb.com/jbn/4b781529103dcb5d4a9488081fe2fad8,True,20時間前,2026-06-20 01:20:57,愛知県
リラクゼーションセラピスト&経験者特典10万円／高単価／高収入実現可能／資格不問／経験不問新着,株式会社メディロム・ウェルネス スパリラク 湯～...,愛知県,"時給2,660円～4,543円",,治療家,求人ボックス,https://xn--pckua2a7gp15o89zb.com/jb/13a4f158a993d0d514998cae5cd1071f,True,13時間前,2026-06-20 01:20:57,愛知県
リラクゼーションセラピストの店長候補／経験不問／マネジメント経験者優遇／インセンティブあり新着,株式会社メディロム・ウェルネス スパリラク キャ...,愛知県,月給25万円～50万円,正社員,治療家,求人ボックス,https://xn--pckua2a7gp15o89zb.com/jb/a17c47517aaa213f6a66709f7eba7ab4,True,13時間前,2026-06-20 01:21:01,愛知県
「夜勤・急募」役員運転手「月収50万以上可・普通免許のみOK・未経験歓迎」ボーナスあり新着,柔道整復師,愛知県,"月給40万4,000円",正社員,治療家,求人ボックス,https://xn--pckua2a7gp15o89zb.com/jbn/d85e8b803f53bac0d3eb1d0b7ec8a97f,True,19時間前,2026-06-20 01:21:01,愛知県
「夜勤・役員運転手」年収500万以上・未経験歓迎・ボーナス・退職金あり新着,柔道整復師,愛知県,"月給40万5,000円",正社員,治療家,求人ボックス,https://xn--pckua2a7gp15o89zb.com/jbn/bcbaf117cfce14ef5b77b978cb22bc83,True,20時間前,2026-06-20 01:21:01,愛知県
リラクゼーションセラピストの店長候補／経験不問／マネジメント経験者優遇／インセンティブあり新着,株式会社メディロム・ウェルネス スパリラク 庄内...,愛知県,月給25万円～50万円,正社員,治療家,求人ボックス,https://xn--pckua2a7gp15o89zb.com/jb/4d66143e420b847f5654ec0f5740e5d6,True,13時間前,2026-06-20 01:21:01,愛知県
リラクゼーションセラピスト&経験者特典10万円／高単価／高収入実現可能／資格不問／経験不問新着,株式会社メディロム・ウェルネス スパリラク げん...,愛知県,"時給2,660円～4,543円",,治療家,求人ボックス,https://xn--pckua2a7gp15o89zb.com/jb/8d545573d591a84db3267dfd369d45ec,True,13時間前,2026-06-20 01:21:01,愛知県
「週3日勤務」普通免許でスタートできる役員送迎ドライバー／週の残り4日はすべてあなたの自由時間新着,...キャリアアップも全面的にバックアップします。 【その他概要】<前職例>製造/工場/ライン作業/生產管理/設備保全/製鋼/溶接クレーン・玉掛/金属加工/板金加工/板金塗装/警備員機械・電気/倉庫内,愛知県,"月給47万6,000円",正社員,治療家,求人ボックス,https://xn--pckua2a7gp15o89zb.com/jbn/2f07c896293e924747e194c5d7deebd7,True,16時間前,2026-06-20 01:21:01,愛知県
役員運転手「月収50万以上可・普通免許のみOK・未経験歓迎」ボーナスあり新着,柔道整復師,愛知県,"月給40万4,000円",正社員,治療家,求人ボックス,https://xn--pckua2a7gp15o89zb.com/jbn/b3b9cb3fae1cb5e4f17718c739a20bc0,True,19時間前,2026-06-20 01:21:04,愛知県
タレント・芸能・観光客の送迎ドライバー「週3日勤務」賞与年2回／初年度から月収50万円以上新着,...未経験からでも安心してプロドライバーを目指せる環境です。 【その他特徴】<前職例>製造/工場/ライン作業/生產管理/設備保全/製鋼/溶接クレーン・玉掛/金属加工/板金加工/板金塗装/警備員機械・,愛知県,"月給47万7,000円",正社員,治療家,求人ボックス,https://xn--pckua2a7gp15o89zb.com/jbn/53a3d9e15376f10231c130e437a40421,True,16時間前,2026-06-20 01:21:05,愛知県
リラクゼーションセラピストの店長候補／経験不問／マネジメント経験者優遇／インセンティブあり新着,株式会社メディロム・ウェルネス スパリラク大泉寺...,愛知県,月給25万円～50万円,正社員,治療家,求人ボックス,https://xn--pckua2a7gp15o89zb.com/jb/d773433015e89bb66d7d19b6b567fe3a,True,13時間前,2026-06-20 01:21:05,愛知県
リラクゼーションセラピストの店長候補／経験不問／マネジメント経験者優遇／インセンティブあり新着,株式会社メディロム・ウェルネス スパリラク 名東...,愛知県,月給25万円～50万円,正社員,治療家,求人ボックス,https://xn--pckua2a7gp15o89zb.com/jb/1645601cbc1a4c06e2cd85b345c43c64,True,13時間前,2026-06-20 01:21:05,愛知県
機能訓練指導員「パート・アルバイト」／そよ風公式新着,株式会社SOYOKAZE,愛知県,"時給1,600円～1,800円",アルバイト・パート,治療家,求人ボックス,https://xn--pckua2a7gp15o89zb.com/jb/bce734a71005bc442da5f5a4a03117db,True,23時間前,2026-06-20 01:21:05,愛知県
ピラティスインストラクター／ピラティススタジオ luluto新着,株式会社理学ボディ,愛知県,"月給21万5,000円",正社員,治療家,求人ボックス,https://xn--pckua2a7gp15o89zb.com/jb/7a643a6dc496573fa2d1be3da8799739,True,10時間前,2026-06-20 01:21:05,愛知県
柔道整復師／服部整形外科皮フ科新着,医療法人服和会,愛知県,,アルバイト・パート,治療家,求人ボックス,https://xn--pckua2a7gp15o89zb.com/jb/44404a70f0da113d5a386c0bb708ded0,True,11時間前,2026-06-20 01:21:08,愛知県
あま市でタクシードライバー募集／未経験から高収入へ!年収600万円超も可×週3勤務OK×ミドル世代歓...新着,...努力を惜しまない人高収入を目指したい、稼げる仕事をしたいと考えている人には最適です。努力次第で、年収700万を達成することも可能です。 【<弊社在籍ドライバーの前職一覧>】警備員/板金塗装/設備,愛知県,月給25万円～50万円,正社員,治療家,求人ボックス,https://xn--pckua2a7gp15o89zb.com/jbn/75b079d951a9c5f06c5aefc56fe003ef,True,22時間前,2026-06-20 01:21:08,愛知県
「夜勤・送迎ドライバー」月収50万以上・履歴書不要／普通免許でOK新着,株式会社トラスト,愛知県,"月給39万8,000円",正社員,ドライバー,求人ボックス,https://xn--pckua2a7gp15o89zb.com/jbn/162427912fea290eea619c5e1db14c69,True,19時間前,2026-06-20 01:21:03,愛知県
「毎日帰れる近距離ルート配送」近距離の大型トラックドライバー／昇給あり新着,司東海株式会社,愛知県,月給27万円～30万円,正社員,ドライバー,求人ボックス,https://xn--pckua2a7gp15o89zb.com/jbn/0ccc2929b5eea82e148663eef4c08ff1,True,19時間前,2026-06-20 01:21:03,愛知県
観光送迎ドライバー「夜勤・正社員」手取り40万以上／普通免許のみOK新着,株式会社アシスト,愛知県,"月給40万4,000円",正社員,ドライバー,求人ボックス,https://xn--pckua2a7gp15o89zb.com/jbn/e0918455ace113daa96849a77ef1ecf7,True,17時間前,2026-06-20 01:21:03,愛知県
「夜勤・著名人送迎ドライバー」ボーナスあり・月収50万以上可新着,株式会社ネクスト,愛知県,"月給40万1,000円",正社員,ドライバー,求人ボックス,https://xn--pckua2a7gp15o89zb.com/jbn/bd7c816ee3afbe694c01dedfb1752967,True,16時間前,2026-06-20 01:21:04,愛知県
「手積み・手降ろしほぼなし」構内専属の大型トラックドライバー／近距離新着,司企業株式会社,愛知県,月給25万円～35万円,正社員,ドライバー,求人ボックス,https://xn--pckua2a7gp15o89zb.com/jbn/14ea2f6ca25c8c180bdd099df671bd77,True,19時間前,2026-06-20 01:21:08,愛知県
配車ドライバー／予約中心／普通免許歓迎／しっかり稼ぎたい方にオススメ新着,ドライバー,愛知県,月給45万円～80万円,正社員,ドライバー,求人ボックス,https://xn--pckua2a7gp15o89zb.com/jbn/da0194e22edd7dac09c191730a296d61,True,22時間前,2026-06-20 01:21:12,愛知県
タクシードライバー／予約中心／普通免許のみ／週3出勤／正社員デビュー新着,ドライバー,愛知県,月給45万円～80万円,正社員,ドライバー,求人ボックス,https://xn--pckua2a7gp15o89zb.com/jbn/6de009b284b2183e3045cb6897180b95,True,22時間前,2026-06-20 01:21:14,愛知県
タクシードライバー／予約中心／普通免許のみ／学歴・年齢不問新着,ドライバー,愛知県,月給45万円～80万円,正社員,ドライバー,求人ボックス,https://xn--pckua2a7gp15o89zb.com/jbn/d2e89ea1bbeb89ff460d18b0078d51e1,True,22時間前,2026-06-20 01:21:14,愛知県
タクシードライバー／予約中心／普通免許のみ／年間休日120日以上新着,ドライバー,愛知県,月給45万円～80万円,正社員,ドライバー,求人ボックス,https://xn--pckua2a7gp15o89zb.com/jbn/645b779a13421c9cac306face2635a13,True,22時間前,2026-06-20 01:21:17,愛知県
ドライバー職／予約中心／普通免許歓迎／しっかり稼ぎたい方にオススメ新着,ドライバー,愛知県,月給45万円～80万円,正社員,ドライバー,求人ボックス,https://xn--pckua2a7gp15o89zb.com/jbn/fdf39e7d3f3c9ac4afc01d87996c55a4,True,21時間前,2026-06-20 01:21:17,愛知県
「夜勤・著名人送迎ドライバー」ボーナスあり・月収50万以上可新着,株式会社ネクスト,愛知県,"月給40万1,000円",正社員,ドライバー,求人ボックス,https://xn--pckua2a7gp15o89zb.com/jbn/a3fca6ebe4f8086124b09551ad61fdf0,True,16時間前,2026-06-20 01:21:17,愛知県
「体に無理のない地場ルート配送」近距離の大型トラックドライバー新着,司企業株式会社第二業務室,愛知県,"日給1万7,500円",正社員,ドライバー,求人ボックス,https://xn--pckua2a7gp15o89zb.com/jbn/ce7b7aee46f3b3f02f5de7d59133b526,True,18時間前,2026-06-20 01:21:21,愛知県
タクシードライバー／予約中心／普通免許のみ／接客経験が活かせる新着,ドライバー,愛知県,月給45万円～80万円,正社員,ドライバー,求人ボックス,https://xn--pckua2a7gp15o89zb.com/jbn/5972a5f519fda79d01565e39079dcff4,True,22時間前,2026-06-20 01:21:21,愛知県
役員専属ドライバー／予約中心／普通免許のみ／週3出勤／幅広い年齢の方が...新着,ドライバー,愛知県,月給50万円～80万円,正社員,ドライバー,求人ボックス,https://xn--pckua2a7gp15o89zb.com/jbn/0e1b7dbfd86429532fba02676afdf94c,True,21時間前,2026-06-20 01:21:28,愛知県
配車ドライバー／予約が中心／普通免許のみ／月半分がお休み／シフト制新着,タクシー,愛知県,月給45万円～80万円,正社員,ドライバー,求人ボックス,https://xn--pckua2a7gp15o89zb.com/jbn/74063345827d9a8eec690b62e7d6b20e,True,22時間前,2026-06-20 01:21:28,愛知県
夜勤タクシードライバー／未経験スタートOK／年2回のボーナス支給あり新着,ドライバー,愛知県,"月給45万8,500円",正社員,ドライバー,求人ボックス,https://xn--pckua2a7gp15o89zb.com/jbn/998f0339bc5b6b02b57eddb0051ed007,True,18時間前,2026-06-20 01:21:32,愛知県
ドライバー職／予約中心／普通免許のみ／年間休日120日以上新着,タクシー,愛知県,月給45万円～80万円,正社員,ドライバー,求人ボックス,https://xn--pckua2a7gp15o89zb.com/jbn/a0f070293c02f8db24b7db24a7522bc1,True,22時間前,2026-06-20 01:21:32,愛知県
交通警備員 オープニングスタッフ 未経験可 週1日～勤務 即日勤務も可新着,株式会社レシーザ,愛知県,"日給1万1,000円",アルバイト・パート,警備,求人ボックス,https://xn--pckua2a7gp15o89zb.com/jb/fcf87fa67da416bd098bb47df0a844f1,True,59分前,2026-06-20 01:21:10,愛知県
協和警備保障株式会社 名古屋営業所 愛知県名古屋市港区の警備員新着,警備,愛知県名古屋市港区の警備員,月給19万944円,正社員,警備,求人ボックス,https://xn--pckua2a7gp15o89zb.com/jb/23852beb43bbbce4d7007abeb2d2fc20,True,23時間前,2026-06-20 01:21:10,愛知県
協和警備保障株式会社 名古屋営業所 愛知県名古屋市東区の警備員新着,警備,愛知県名古屋市東区の警備員,月給19万944円,正社員,警備,求人ボックス,https://xn--pckua2a7gp15o89zb.com/jb/4ae9b5f02aebc2195e9af19a6ea25b9c,True,23時間前,2026-06-20 01:21:10,愛知県
モニター監視や巡回等 駅内の巡回保安警備員／未経験OK／交通費支給新着,株式会社東海ビルメンテナス,愛知県,"時給1,155円～1,300円",アルバイト・パート,警備,求人ボックス,https://xn--pckua2a7gp15o89zb.com/jb/9dc8b8bf4415e8d9dac984e8f85e2c8f,True,15時間前,2026-06-20 01:21:10,愛知県
「愛知県勤務」交通誘導 半端じゃないセキュリティ式評価制度新着,セキュリティスタッフ株式会社,愛知県勤務」交通誘導,月給24万円～33万円,正社員,警備,求人ボックス,https://xn--pckua2a7gp15o89zb.com/jb/b5b9f561ef1bfae8ce51070555c524a1,True,59分前,2026-06-20 01:21:10,愛知県
イベント会場での誘導スタッフ新着,株式会社西城警備保障,愛知県,"時給1,160円～",アルバイト・パート,警備,求人ボックス,https://xn--pckua2a7gp15o89zb.com/jb/136d063ef719a6e06e5e96fe6a75c90f,True,18時間前,2026-06-20 01:21:10,愛知県
ボートピア名古屋の警備スタッフ新着,株式会社ヤマト,愛知県,"日給1万4,100円",アルバイト・パート,警備,求人ボックス,https://xn--pckua2a7gp15o89zb.com/jb/a40af84d6c483c9e7e3fc2c19a2e4a47,True,6時間前,2026-06-20 01:21:14,愛知県
販売／サービス系 伏見駅1分 シフト制 1日6H ATMのお問い合わせ対応 未経験OK新着,株式会社メイテックキャスト,愛知県,"時給1,300円～1,400円",派遣社員,警備,求人ボックス,https://xn--pckua2a7gp15o89zb.com/jb/d82128f283aa05b8af86ffa517ee15d7,True,14時間前,2026-06-20 01:21:14,愛知県
「夜勤・高級ハイヤーの送迎ドライバー」50代も活躍中／月収50万以上／普通免許でOK新着,株式会社トラスト,愛知県,"月給40万3,000円",正社員,警備,求人ボックス,https://xn--pckua2a7gp15o89zb.com/jbn/53f5e9750111d206d100c1cd717d00c3,True,19時間前,2026-06-20 01:21:14,愛知県
「夜勤・空港送迎ドライバー」未経験歓迎／手取り40万以上／普通免許でOK新着,株式会社ネクスト,愛知県,月給40万円～60万,正社員,警備,求人ボックス,https://xn--pckua2a7gp15o89zb.com/jbn/397f54b43cad60010a1b1614ac6fe493,True,16時間前,2026-06-20 01:21:17,愛知県
「役員送迎ドライバー」週3日勤務／普通免許で未経験からスタート／月収50万円以上・ボーナス年2回新着,警備員,愛知県,"月給47万8,500円",正社員,警備,求人ボックス,https://xn--pckua2a7gp15o89zb.com/jbn/79695c36aa734ec2d21de67ba0b28403,True,17時間前,2026-06-20 01:21:17,愛知県
「著名人の送迎ドライバー」未経験OK・月収50万円以上／週3日勤務／20代～50代が多数活躍中新着,警備員,愛知県,"月給47万8,000円",正社員,警備,求人ボックス,https://xn--pckua2a7gp15o89zb.com/jbn/a826b0cf98180a97fc1497d5c304a781,True,15時間前,2026-06-20 01:21:20,愛知県
オフィスビルの施設警備業務新着,近鉄ファシリティーズ株式会社,愛知県,"日給1万9,000円",アルバイト・パート,警備,求人ボックス,https://xn--pckua2a7gp15o89zb.com/jb/aec5dbc6f176b6388d1347c7039f9baf,True,15時間前,2026-06-20 01:21:20,愛知県
「夜勤・役員運転手」月収50万以上可・未経験歓迎・普通免許のみOK・頑張りが収入に直結新着,警備員,愛知県,"月給40万1,000円",正社員,警備,求人ボックス,https://xn--pckua2a7gp15o89zb.com/jbn/0518419edae11312e57d2abcc64d1dc3,True,19時間前,2026-06-20 01:21:26,愛知県
夜勤送迎・夜勤ドライバー／深夜はたらく・夜勤／未経験・経験者歓迎／学歴不問／シニア歓迎／女性新着,フォークリフト/,愛知県,"月給39万9,000円",正社員,警備,求人ボックス,https://xn--pckua2a7gp15o89zb.com/jbn/423174b5d4cd28155cc75f42482a17c9,True,19時間前,2026-06-20 01:21:26,愛知県
「夜勤・芸能／インフルエンサー送迎ドライバー」月40万以上・未経験歓迎・ボーナスあり新着,警備員,愛知県,月給40万円～60万,正社員,警備,求人ボックス,https://xn--pckua2a7gp15o89zb.com/jbn/209f652f213e9dfa742e4d8123b10119,True,19時間前,2026-06-20 01:21:26,愛知県
「夜勤・急募」役員運転手「月収50万以上可・普通免許のみOK・未経験歓迎」ボーナスあり新着,警備員,愛知県,"月給40万4,000円",正社員,警備,求人ボックス,https://xn--pckua2a7gp15o89zb.com/jbn/2b0051901f3afd0b712746f1953ec6ed,True,19時間前,2026-06-20 01:21:28,愛知県
ベーカリーのパン製造スタッフ 完全週休二日制・履歴書不要・未経験OK新着,Mr.BUFFET,愛知県,月給25万円～45万円,正社員,製造,求人ボックス,https://xn--pckua2a7gp15o89zb.com/jb/38b5e08af1e217262a1a2beb289f08cf,True,1時間前,2026-06-20 01:21:24,愛知県
イヤホン・ヘッドフォンの製造スタッフ「27卒」寮・社宅あり・「正社員新着,株式会社Meta Sales,愛知県,"月給25万4,700円",正社員,製造,求人ボックス,https://xn--pckua2a7gp15o89zb.com/jbn/2316545d949718541be680c17b283ec5,True,7時間前,2026-06-20 01:21:24,愛知県
「27卒」カードゲーム製造スタッフ／未経験歓迎／即入寮可・昇給あり新着,JHRconsulting株式会社,愛知県,"月給25万4,700円",正社員,製造,求人ボックス,https://xn--pckua2a7gp15o89zb.com/jbn/1338bbc81ee838affe299550e1642d76,True,6時間前,2026-06-20 01:21:24,愛知県
カプセルトイ製造スタッフ「27卒」即入寮OK・残業少なめ「正社員新着,ベンタス株式会社,愛知県,月給25万200円,正社員,製造,求人ボックス,https://xn--pckua2a7gp15o89zb.com/jbn/e035983a090e6c26fa6dd28457699844,True,6時間前,2026-06-20 01:21:24,愛知県
時計盤の製造スタッフ／月給34万円以上／未経験歓迎／寮完備新着,合同会社タカノワーク,愛知県,月給34万円,正社員,製造,求人ボックス,https://xn--pckua2a7gp15o89zb.com/jb/1f380c1805d54679b562ae19ce75a479,True,4時間前,2026-06-20 01:21:27,愛知県
カプセルトイ製造スタッフ「27卒」正社員「寮・社宅あり・寮費無料」新着,株式会社enrich technology,愛知県,"月給25万9,400円",正社員,製造,求人ボックス,https://xn--pckua2a7gp15o89zb.com/jbn/ee33eb7c0e12c277686bb8b7a4170ab9,True,5時間前,2026-06-20 01:21:27,愛知県
「27卒」アイスクリーム・冷菓の製造スタッフ「正社員」週休2日制新着,株式会社プロジェクトトリガー,愛知県,"月給25万3,500円",正社員,製造,求人ボックス,https://xn--pckua2a7gp15o89zb.com/jbn/8af1bf432e5ce995f27645c1da450569,True,7時間前,2026-06-20 01:21:29,愛知県
「27卒」ペット用品の製造スタッフ正社員／有給消化率高い・20代活躍中新着,株式会社Creer,愛知県,"月給26万3,400円",正社員,製造,求人ボックス,https://xn--pckua2a7gp15o89zb.com/jbn/fc3be20a4c73e6dd7bd948d9a091146a,True,5時間前,2026-06-20 01:21:29,愛知県
食品製造スタッフ「27卒」正社員「未経験歓迎・土日祝休み」／賞与年2回新着,株式会社alBee,愛知県,"月給25万9,400円",正社員,製造,求人ボックス,https://xn--pckua2a7gp15o89zb.com/jbn/a8b3a37a15bd04260d996446e2257611,True,6時間前,2026-06-20 01:21:29,愛知県
キーホルダーの製造スタッフ「27卒」寮完備・残業少なめ「正社員新着,株式会社ELM,愛知県,"月給25万4,700円",正社員,製造,求人ボックス,https://xn--pckua2a7gp15o89zb.com/jbn/705c55bad5f163f85c96ad5e8929bb19,True,6時間前,2026-06-20 01:21:33,愛知県
「27卒」ペット用品の製造スタッフ・未経験歓迎／シフト相談可「正社員新着,株式会社LOP,愛知県,"月給25万4,700円",正社員,製造,求人ボックス,https://xn--pckua2a7gp15o89zb.com/jbn/437a3babcd189f14628e2d72760d9e48,True,5時間前,2026-06-20 01:21:33,愛知県
「27卒」カプセルトイ製造スタッフ・寮完備「日勤のみ／年間休日125日...新着,株式会社大斗,愛知県,"月給26万3,400円",正社員,製造,求人ボックス,https://xn--pckua2a7gp15o89zb.com/jbn/48b61b8546534fa7fcc69992cb0026e1,True,7時間前,2026-06-20 01:21:37,愛知県
サプリメントの製造スタッフ「27卒」寮完備「週休2日制／退職金制度あり...新着,株式会社ELシステム,愛知県,"月給25万3,500円",正社員,製造,求人ボックス,https://xn--pckua2a7gp15o89zb.com/jbn/1e0f5a0119802c094f431ddfe52b9a6e,True,6時間前,2026-06-20 01:21:37,愛知県
未経験採用枠「第2新卒活躍中!」ガチャガチャ製造スタッフ／高収入／寮新着,AQUARIUS株式会社,愛知県,月給29万900円,正社員,製造,求人ボックス,https://xn--pckua2a7gp15o89zb.com/jbn/0ea37a611c7d7e8d8c359b6cb562a521,True,2時間前,2026-06-20 01:21:37,愛知県
スポーツ用品の製造スタッフ「27卒」20代活躍中・車通勤OK「正社員新着,株式会社キソシン,愛知県,"月給25万7,800円",正社員,製造,求人ボックス,https://xn--pckua2a7gp15o89zb.com/jbn/03f2342175c063f27c01cbf85918612e,True,5時間前,2026-06-20 01:21:41,愛知県
パソコン組立に挑戦!／パソコンの製造スタッフ／年間休日136日新着,製造,愛知県,"月給39万1,500円",正社員,製造,求人ボックス,https://xn--pckua2a7gp15o89zb.com/jbn/0ae5c5eabfd2e57d997a2a87f648f4d9,True,7時間前,2026-06-20 01:21:41,愛知県
「27卒」ネイルグッズの製造スタッフ／寮完備／社員食堂あり・研修充実新着,株式会社GUM,愛知県,"月給25万3,500円",正社員,製造,求人ボックス,https://xn--pckua2a7gp15o89zb.com/jbn/a5cfb672f693e6e34af476aed6e23f87,True,6時間前,2026-06-20 01:21:41,愛知県
スケートボードの製造スタッフ「27卒」研修充実／即入寮可／寮・社宅あり新着,株式会社Le Lien,愛知県,"月給26万3,300円",正社員,製造,求人ボックス,https://xn--pckua2a7gp15o89zb.com/jbn/a5c817222f9455f0208d7a1ee3ffbe1c,True,7時間前,2026-06-20 01:21:43,愛知県
未経験採用枠「第2新卒活躍中!」ガチャガチャ製造スタッフ／高収入／寮新着,株式会社RIOT GROUP,愛知県,"月給30万3,200円",正社員,製造,求人ボックス,https://xn--pckua2a7gp15o89zb.com/jbn/d3b966e7434cfe902f7b1bc88c23813a,True,2時間前,2026-06-20 01:21:43,愛知県
未経験採用枠「第2新卒活躍中!」ガチャガチャ製造スタッフ／高収入／寮新着,株式会社RIOT,愛知県,月給29万400円,正社員,製造,求人ボックス,https://xn--pckua2a7gp15o89zb.com/jbn/a98564900943973cf69647d6126eb5c6,True,2時間前,2026-06-20 01:21:47,愛知県
未経験採用枠「第2新卒活躍中!」ガチャガチャ製造スタッフ／高収入新着,Yts株式会社,愛知県,"月給30万1,100円",正社員,製造,求人ボックス,https://xn--pckua2a7gp15o89zb.com/jbn/cc506c153a0dea6612dd4f9fdc40cfbd,True,2時間前,2026-06-20 01:21:47,愛知県
製造スタッフ ノンデリに疲れた人あつまれ 簡単仕分け作業がバグで優勝新着,株式会社Brave,愛知県,"月給32万8,000円",正社員,製造,求人ボックス,https://xn--pckua2a7gp15o89zb.com/jb/eb125e16c5455c971cd739601278c2e1,True,14時間前,2026-06-20 01:21:47,愛知県
未経験採用枠「第2新卒活躍中!」ガチャガチャ製造スタッフ／高収入新着,株式会社小林,愛知県,"月給29万7,900円",正社員,製造,求人ボックス,https://xn--pckua2a7gp15o89zb.com/jbn/37ad573aafda9cecbde48ef1b0fde07f,True,3時間前,2026-06-20 01:21:50,愛知県
最新モデルに関われる!／パソコンの製造スタッフ／年間休日122日新着,製造,愛知県,"月給34万7,500円",正社員,製造,求人ボックス,https://xn--pckua2a7gp15o89zb.com/jbn/bdd5426db53dcf621c52435bfd27d8bb,True,7時間前,2026-06-20 01:21:50,愛知県
ビジネスホテルの清掃スタッフ新着,エム・トラスト株式会社,愛知県,"時給1,200円",アルバイト・パート,清掃,求人ボックス,https://xn--pckua2a7gp15o89zb.com/jb/8a5383e5924d59ab5e87b0e3fc5f9424,True,9時間前,2026-06-20 01:21:35,愛知県
清掃スタッフ新着,タイガー総業株式会社,愛知県,"時給1,170円",アルバイト・パート,清掃,求人ボックス,https://xn--pckua2a7gp15o89zb.com/jb/d4dd4453a43b6b1c2ac61e88a2afdd3b,True,1時間前,2026-06-20 01:21:35,愛知県
百貨店の清掃スタッフ 16時～19時新着,株式会社白青舎,愛知県,"時給1,250円",アルバイト・パート,清掃,求人ボックス,https://xn--pckua2a7gp15o89zb.com/jb/c5ff72d608582161a6ebb0e90e76c4be,True,1時間前,2026-06-20 01:21:35,愛知県
介護用品のピッキング・清掃スタッフ新着,株式会社ドライブトライブ,愛知県,"日給1万1,400円",アルバイト・パート,清掃,求人ボックス,https://xn--pckua2a7gp15o89zb.com/jb/583d0639ec5c81fc1caeeef98ca62d35,True,15時間前,2026-06-20 01:21:35,愛知県
院内での清掃・看護サポートスタッフ新着,株式会社ルフト・メディカルケア 愛知オフィス,愛知県,"時給1,500円～1,875円",派遣社員,清掃,求人ボックス,https://xn--pckua2a7gp15o89zb.com/jb/5769df1dd82700dd906de949b15b0e7d,True,6時間前,2026-06-20 01:21:35,愛知県
障害者雇用清掃スタッフ 枠新着,株式会社木下の介護 リアンレーヴ豊橋弥生／住宅型...,愛知県,"時給1,140円",アルバイト・パート,清掃,求人ボックス,https://xn--pckua2a7gp15o89zb.com/jb/bed1485a978e3dba7a15c388134cf569,True,22時間前,2026-06-20 01:21:36,愛知県
清掃スタッフ新着,株式会社ウィルエージェンシー 名古屋,愛知県,"時給1,600円～",派遣社員,清掃,求人ボックス,https://xn--pckua2a7gp15o89zb.com/jb/de7497d87c286e905a7b193783a71232,True,11時間前,2026-06-20 01:21:36,愛知県
障害者雇用清掃スタッフ新着,株式会社木下の介護 採用窓口,愛知県,"時給1,140円",アルバイト・パート,清掃,求人ボックス,https://xn--pckua2a7gp15o89zb.com/jb/1600677bda8ef361ea0bb0b1a408bf5d,True,1時間前,2026-06-20 01:21:36,愛知県
パチンコ店清掃スタッフ／早番・遅番選べる短時間／週2日～OK新着,有限会社アクシム,愛知県,"時給1,200円",アルバイト・パート,清掃,求人ボックス,https://xn--pckua2a7gp15o89zb.com/jb/58c18e85af55c6f018a13404a94832a5,True,23時間前,2026-06-20 01:21:36,愛知県
清掃スタッフ新着,株式会社不二ビルサービス,愛知県,月給23万円～30万円,正社員,清掃,求人ボックス,https://xn--pckua2a7gp15o89zb.com/jb/cb08ebb25eaedece687ff80d4e150ee3,True,3時間前,2026-06-20 01:21:36,愛知県
1日3時間～OKでプライベートと両立しながら働ける!ネイルOKでオシャレも楽しめる清掃スタッフ!新着,株式会社Advance,愛知県,"時給1,200円",アルバイト・パート,清掃,求人ボックス,https://xn--pckua2a7gp15o89zb.com/jb/b8e2472f6b302d17da9760113e261092,True,8時間前,2026-06-20 01:21:36,愛知県
開店前清掃スタッフ フードコート巡回スタッフ新着,エヌビーエス株式会社,愛知県,"時給1,200円～",アルバイト・パート,清掃,求人ボックス,https://xn--pckua2a7gp15o89zb.com/jb/6413afab62e836ad5083d08180d496a9,True,1時間前,2026-06-20 01:21:39,愛知県
工場内の清掃スタッフ／工場内の清掃スタッフ9～12時or10～13時の...新着,株式会社三清社,愛知県,"時給1,200円～",アルバイト・パート,清掃,求人ボックス,https://xn--pckua2a7gp15o89zb.com/jb/0742e84fa199ce1f25a76b108e9c4a05,True,6時間前,2026-06-20 01:21:39,愛知県
短期 バンテリンドームナゴヤの清掃スタッフ新着,トヨタエンタプライズ 009,愛知県,"時給1,300円",アルバイト・パート,清掃,求人ボックス,https://xn--pckua2a7gp15o89zb.com/jb/bfb3fcc0656f69ed7f82a9780e3491d4,True,7時間前,2026-06-20 01:21:39,愛知県
もくもくと働ける／施設の清掃スタッフ／未経験OK／交通費支給新着,株式会社東海ビルメンテナス,愛知県,"時給1,140円～1,200円",アルバイト・パート,清掃,求人ボックス,https://xn--pckua2a7gp15o89zb.com/jb/4dc65403d3e28ba1dac5b30d605a7db1,True,15時間前,2026-06-20 01:21:39,愛知県
オフィスビルやマンション等の清掃補助スタッフ新着,株式会社アドバンスサービス,愛知県,"日給1万3,000円",アルバイト・パート,清掃,求人ボックス,https://xn--pckua2a7gp15o89zb.com/jb/5fd42da29724488adddb57905d0e78d5,True,59分前,2026-06-20 01:21:39,愛知県
店舗清掃スタッフ／寮完備／賞与あり／長期休暇制度／未経験OK新着,株式会社星和,愛知県,"月給25万3,000円",正社員,清掃,求人ボックス,https://xn--pckua2a7gp15o89zb.com/jb/b69ad2b182f2b04db4bc2ed36e154117,True,7時間前,2026-06-20 01:21:39,愛知県
清掃スタッフ 平日2、3日から どの曜日でも可新着,株式会社奥堀,愛知県,"時給1,150円～1,300円",アルバイト・パート,清掃,求人ボックス,https://xn--pckua2a7gp15o89zb.com/jb/1187b033208e4427169d30091ba7b040,True,13時間前,2026-06-20 01:21:39,愛知県
パン製造工場内設備の清掃スタッフ新着,株式会社ホットスタッフ常滑,愛知県,"時給1,250円",派遣社員,清掃,求人ボックス,https://xn--pckua2a7gp15o89zb.com/jb/1d93c676ed835cc37b41dd9c651c81f2,True,7時間前,2026-06-20 01:21:39,愛知県
清掃スタッフ新着,未経験OK,愛知県,"時給1,450円",派遣社員,清掃,求人ボックス,https://xn--pckua2a7gp15o89zb.com/jb/020a33e7e9e883a612d04f11b7cbb773,True,10時間前,2026-06-20 01:21:43,愛知県
短時間清掃スタッフ／火曜・金曜の週2日／シニア歓迎／13時半まで新着,有限会社シンテック,愛知県,"時給1,200円",アルバイト・パート,清掃,求人ボックス,https://xn--pckua2a7gp15o89zb.com/jb/955ad3d6d3939addcd67db97c03166ea,True,23時間前,2026-06-20 01:21:43,愛知県
ホテルの清掃スタッフ新着,東宝ビル管理株式会社,愛知県,月給26万円～27万,契約社員,清掃,求人ボックス,https://xn--pckua2a7gp15o89zb.com/jb/3cd15ffb85beee81d0b8eb695b2fb79f,True,21時間前,2026-06-20 01:21:43,愛知県
学生寮食堂での皿洗い・清掃スタッフ／未経験歓迎 夕方の短時間新着,株式会社共立メンテナンス,愛知県,"時給1,160円～",アルバイト・パート,清掃,求人ボックス,https://xn--pckua2a7gp15o89zb.com/jb/c79a949701de4d088119e2ed30d12f7d,True,10時間前,2026-06-20 01:21:43,愛知県
宿泊施設の清掃スタッフ／短期8月～10月 秋開催のスポーツの国際大会を...新着,株式会社リウシス,愛知県,"時給1,400円～1,600円",アルバイト・パート,清掃,求人ボックス,https://xn--pckua2a7gp15o89zb.com/jb/2ac4d7418e9dcd42c6170dd437ac056d,True,10時間前,2026-06-20 01:21:43,愛知県
テーマパークのような場所で大浴場をキレイにするお仕事 未経験可 駅チカでラクラク通勤新着,宝エステートサービス株式会社,愛知県,"時給1,250円",アルバイト・パート,清掃,求人ボックス,https://xn--pckua2a7gp15o89zb.com/jb/f8feffd2138d71b1ce25a95545861076,True,1時間前,2026-06-20 01:21:43,愛知県
隙間時間の短時間×一人作業 会議室・床の清掃 Wワーク・未経験・直行直帰OK新着,有限会社丸和トラストジャパン,愛知県,"時給1,200円～",アルバイト・パート,清掃,求人ボックス,https://xn--pckua2a7gp15o89zb.com/jb/88b57720fd74f07b2fa063e5f5f70bc2,True,14時間前,2026-06-20 01:21:46,愛知県
環境整備の病棟サポートスタッフ／看護助手新着,株式会社ルフト・メディカルケア 三河オフィス,愛知県,"時給1,160円～",派遣社員,清掃,求人ボックス,https://xn--pckua2a7gp15o89zb.com/jb/2eb1a9e63305df7aaac8d1a87d1ff11d,True,6時間前,2026-06-20 01:21:46,愛知県
地下鉄車両の清掃 9:00～16:30 月～金のうち週3日～新着,コニックス株式会社,愛知県,"時給1,240円",アルバイト・パート,清掃,求人ボックス,https://xn--pckua2a7gp15o89zb.com/jb/98af71f1603d379e8c27f7d596ae6689,True,1時間前,2026-06-20 01:21:46,愛知県
「未経験から正社員」受付スタッフ／受付や会議室の管理／月30万以上可／20代30代活躍中新着,株式会社ELM,愛知県,"月給30万1,900円",正社員,清掃,求人ボックス,https://xn--pckua2a7gp15o89zb.com/jbn/ace8c1fb125f095eb33513ba40e97eb7,True,8時間前,2026-06-20 01:21:46,愛知県
マンション管理人／午前中だけも可／出勤日・時間は自由に調整／60代・70代も活躍中／副業OK新着,株式会社うぇるねす,愛知県,"日給3,480円～8,120円",,清掃,求人ボックス,https://xn--pckua2a7gp15o89zb.com/jbn/3a4883520079cf014f79b90a460748a8,True,22時間前,2026-06-20 01:21:46,愛知県
「未経験から正社員」受付スタッフ／来客の案内と電話応対／研修あり／第二新卒歓迎新着,株式会社Meta Sales,愛知県,"月給31万8,200円",正社員,清掃,求人ボックス,https://xn--pckua2a7gp15o89zb.com/jbn/cbf7df6e1684d793ede257054fc435d5,True,8時間前,2026-06-20 01:21:46,愛知県
「未経験から正社員」受付スタッフ／企業の顔としての応対／20代30代活躍中／家賃補助あり新着,株式会社GUM,愛知県,"月給30万7,500円",正社員,清掃,求人ボックス,https://xn--pckua2a7gp15o89zb.com/jbn/63b18c4dc3d928ca3e57f1f0197707fd,True,8時間前,2026-06-20 01:21:50,愛知県
介護職／ヘルパー／特別養護老人ホーム／1ユニット10名／日勤帯のみ／週3日〜新着,セントスタッフ株式会社,愛知県,"時給1,300円～1,500円",派遣社員,清掃,求人ボックス,https://xn--pckua2a7gp15o89zb.com/jbn/f9aa417d48f3753f61ddba740d5d61d0,True,11時間前,2026-06-20 01:21:50,愛知県
ホテルの客室清掃／完全歩合制で1日8500円以上も可能新着,清生株式会社,愛知県,,,清掃,求人ボックス,https://xn--pckua2a7gp15o89zb.com/jbn/ad2634328d6a5ffa08d6547abcf16c64,True,18時間前,2026-06-20 01:21:50,愛知県
北名古屋市ジャンボプールの清掃／夏休み期間限定／高時給1500円／日数相談可新着,光洋ビル管理株式会社,愛知県,時給1500円,アルバイト・パート,清掃,求人ボックス,https://xn--pckua2a7gp15o89zb.com/jb/5074ff67c53987e0932091c1526bb05b,True,23時間前,2026-06-20 01:21:50,愛知県
ガーデンふ頭 宿泊施設／太平ビルサービス 名古屋支店新着,太平ビルサービス株式会社,愛知県,"時給1,400円～1,600円",アルバイト・パート,清掃,求人ボックス,https://xn--pckua2a7gp15o89zb.com/jb/3f315f3cfe790d01a590cd00523b7290,True,2時間前,2026-06-20 01:21:50,愛知県
管理員・清掃員新着,株式会社合人社計画研究所,愛知県,"月給2万6,200円",,清掃,求人ボックス,https://xn--pckua2a7gp15o89zb.com/jb/7eef263254fa54a0792fec2955b3a474,True,5時間前,2026-06-20 01:21:50,愛知県
"時給1,500円!／午前2時間のみ／自分で段取りして動くのが好きな方大歓迎新着",セキュリティスタッフ株式会社,愛知県,"時給1,500円",アルバイト・パート,清掃,求人ボックス,https://xn--pckua2a7gp15o89zb.com/jb/ac254131fb18cedfaa22c848cbd1ed71,True,10時間前,2026-06-20 01:21:53,愛知県
日常清掃新着,株式会社ワークシステムサービス,愛知県,"時給1,300円～",アルバイト・パート,清掃,求人ボックス,https://xn--pckua2a7gp15o89zb.com/jb/ed1528085dbe5ee632573e3f8f71fc1d,True,18時間前,2026-06-20 01:21:53,愛知県
未経験から続いている方多数!MAX時給1855円新着,株式会社ゼロン東海,愛知県,時給1855円,派遣社員,清掃,求人ボックス,https://xn--pckua2a7gp15o89zb.com/jb/67ebc1c7990c45da13c65fc705ae6b15,True,11時間前,2026-06-20 01:21:53,愛知県
軽作業新着,株式会社環業,愛知県,"月給28万7,400円",正社員,清掃,求人ボックス,https://xn--pckua2a7gp15o89zb.com/jb/6350dde811f002985e49441d73011a59,True,9時間前,2026-06-20 01:21:53,愛知県
「未経験からオフィスデビュー」営業事務／昇給賞与あり／研修あり新着,株式会社ELシステム,愛知県,"月給29万7,300円",正社員,清掃,求人ボックス,https://xn--pckua2a7gp15o89zb.com/jbn/c91d26af2d4ddd68c176549079f2d5c0,True,8時間前,2026-06-20 01:21:53,愛知県
「0からのキャリア形成」営業事務／未経験OK／月30万以上可／第二新卒歓迎新着,株式会社LOP,愛知県,"月給31万4,400円",正社員,清掃,求人ボックス,https://xn--pckua2a7gp15o89zb.com/jbn/b340554435bd22605596e16178d1cd2f,True,8時間前,2026-06-20 01:21:53,愛知県
IT企業内事務／未経験OK／開発チームの事務支援／賞与年2回新着,株式会社大斗,愛知県,"月給29万4,500円",正社員,清掃,求人ボックス,https://xn--pckua2a7gp15o89zb.com/jbn/0e088ad42efb08e639acb8ff5098de47,True,8時間前,2026-06-20 01:21:53,愛知県
「未経験から正社員」AI事務アシスタント／プロンプトの調整管理／第二新卒歓迎／研修制度充実新着,株式会社Creer,愛知県,"月給31万1,900円",正社員,清掃,求人ボックス,https://xn--pckua2a7gp15o89zb.com/jbn/4071aa8a8223c28909da85285dd02929,True,8時間前,2026-06-20 01:21:53,愛知県
おもちゃ仕上げスタッフ「27卒」資格不問「正社員／週休2日制／月給30万以上可」20代活躍中新着,株式会社プロジェクトトリガー,愛知県,月給30万,正社員,清掃,求人ボックス,https://xn--pckua2a7gp15o89zb.com/jbn/c35379b5ddbca8a115d7e6276b105d0e,True,5時間前,2026-06-20 01:21:57,愛知県
「0からのキャリア形成」事務職／未経験OK／研修あり／月30万以上可新着,株式会社enrich technology,愛知県,"月給29万2,100円",正社員,清掃,求人ボックス,https://xn--pckua2a7gp15o89zb.com/jbn/a030647b0a1c9db4cbd940977b7596b4,True,8時間前,2026-06-20 01:21:57,愛知県
「未経験からオフィスデビュー」事務職／研修あり／月30万以上可新着,株式会社alBee,愛知県,"月給29万2,600円",正社員,清掃,求人ボックス,https://xn--pckua2a7gp15o89zb.com/jbn/cfaaa2ade5c6498abe99af8c1a06f0f0,True,8時間前,2026-06-20 01:21:57,愛知県
マンション管理員新着,グローバルコミュニティ株式会社,愛知県,"時給1,300円",アルバイト・パート,清掃,求人ボックス,https://xn--pckua2a7gp15o89zb.com/jb/4ff2261be871cb18b90459b6a8ad4d47,True,19時間前,2026-06-20 01:21:57,愛知県
「最短で働けるスピード採用枠」／焼き鳥店の調理スタッフ／即勤務OK／20~30代活躍中新着,スタッフ,愛知県,月給28万円～33万円,正社員,清掃,求人ボックス,https://xn--pckua2a7gp15o89zb.com/jbn/6d19a360269dcbfb037d03f09f588a89,True,9時間前,2026-06-20 01:21:57,愛知県
「第2新卒活躍中!」オフィスサポート事務／年間休日125日以上／資格取得支援あり新着,株式会社RIOT,愛知県,"月給31万9,600円",正社員,清掃,求人ボックス,https://xn--pckua2a7gp15o89zb.com/jbn/55d40ab2c5e646a09b5cdbc1a2b6fe18,True,2時間前,2026-06-20 01:21:57,愛知県
事務職／未経験OK／社内のバックオフィス／土日祝休み新着,JHRconsulting株式会社,愛知県,"月給30万1,600円",正社員,清掃,求人ボックス,https://xn--pckua2a7gp15o89zb.com/jbn/83f30c14afc21ca54309628898287fec,True,8時間前,2026-06-20 01:21:57,愛知県
「未経験から正社員」営業事務／営業の書類作成支援／年間休日125日以上／月30万以上可新着,株式会社Le Lien,愛知県,"月給29万5,400円",正社員,清掃,求人ボックス,https://xn--pckua2a7gp15o89zb.com/jbn/eccbcd53b188e0d76d160e1cf75de24d,True,8時間前,2026-06-20 01:22:00,愛知県
「第2新卒活躍中!」AI活用事務スタッフアシスタント／有給あり／風通しの良い職場新着,株式会社小林,愛知県,"月給30万3,000円",正社員,清掃,求人ボックス,https://xn--pckua2a7gp15o89zb.com/jbn/f49e8cff477e6cfe57b461b5c6cf7fa2,True,2時間前,2026-06-20 01:22:00,愛知県
「第2新卒活躍中!」AI事務アシスタント／寮社宅制度あり／休暇充実新着,Yts株式会社,愛知県,"月給32万3,900円",正社員,清掃,求人ボックス,https://xn--pckua2a7gp15o89zb.com/jbn/e24b8895ee468e1e25592e1a935fa6c3,True,2時間前,2026-06-20 01:22:00,愛知県
ITサポート事務／未経験OK／システム利用の支援／第二新卒歓迎新着,株式会社キソシン,愛知県,"月給32万1,500円",正社員,清掃,求人ボックス,https://xn--pckua2a7gp15o89zb.com/jbn/16e8ecbbc1ee1333a38527c9bc9fe9b7,True,8時間前,2026-06-20 01:22:00,愛知県
「第2新卒活躍中!」オフィス一般ワーク／完全週休二日／未経験採用枠新着,株式会社RIOT GROUP,愛知県,"月給29万5,500円",正社員,清掃,求人ボックス,https://xn--pckua2a7gp15o89zb.com/jbn/d74f74748e9ec7bc97bbc01ec27b23b0,True,2時間前,2026-06-20 01:22:00,愛知県
「未経験から正社員」データ入力事務／正確な文字入力作業／土日祝休み／昇給賞与あり新着,ベンタス株式会社,愛知県,"月給32万2,800円",正社員,清掃,求人ボックス,https://xn--pckua2a7gp15o89zb.com/jbn/0f453de5475ab66ded11bc1a7c0ef5c0,True,8時間前,2026-06-20 01:22:00,愛知県
「月給最大50万円!?」／焼き鳥店の調理スタッフ／福利厚生充実／未経験歓迎／20~30代活躍中新着,スタッフ,愛知県,月給30万円～50万円,正社員,清掃,求人ボックス,https://xn--pckua2a7gp15o89zb.com/jbn/c7efb3ef28642d6b0213862257d326f1,True,10時間前,2026-06-20 01:22:00,愛知県
「第2新卒活躍中!」AI活用バックオフィスアシスタント／残り枠わずか／安定企業新着,AQUARIUS株式会社,愛知県,"月給30万6,000円",正社員,清掃,求人ボックス,https://xn--pckua2a7gp15o89zb.com/jbn/f6ed597b94869d9998844b1fb9c71760,True,2時間前,2026-06-20 01:22:00,愛知県
福祉サービス グループホームで清掃作業や夜間巡視 日曜日のみ 未経験可 他の曜日も勤務可新着,特定非営利活動法人タンポポ,愛知県,"日給7,840円",アルバイト・パート,清掃,求人ボックス,https://xn--pckua2a7gp15o89zb.com/jb/998c81b7bf303c5c9f7776c5af0a7043,True,1時間前,2026-06-20 01:22:00,愛知県
夜勤専属 牛めし屋さんSTAFF 扶養内OK!副業にもピッタリ新着,株式会社トラストファミリー,愛知県,"時給1,230円～1,538円",派遣社員,清掃,求人ボックス,https://xn--pckua2a7gp15o89zb.com/jb/f623d8fef3ec91a76032b5c2f607ec3a,True,9時間前,2026-06-20 01:22:04,愛知県
昼勤務・時短でもフルタイムでも大丈夫・短期3ケ月の自動車部品検査業務新着,株式会社トラストスタッフ,愛知県,"時給1,260円～1,575円",派遣社員,清掃,求人ボックス,https://xn--pckua2a7gp15o89zb.com/jb/e7f0dd656b40b4d885c5b18a4e4cdd66,True,1時間前,2026-06-20 01:22:04,愛知県
レストラン・専門料理店新着,株式会社ニイミ,愛知県,"月給20万6,000円",正社員,清掃,求人ボックス,https://xn--pckua2a7gp15o89zb.com/jbn/f96a6e507f7849edfd246391604b99f8,True,12時間前,2026-06-20 01:22:04,愛知県
レストラン・専門料理店新着,株式会社ディ・エー・アイ,愛知県,"月給27万3,300円",正社員,清掃,求人ボックス,https://xn--pckua2a7gp15o89zb.com/jbn/c93093efa7757bc643ed23ea21275ac0,True,12時間前,2026-06-20 01:22:04,愛知県
レストラン・専門料理店新着,株式会社EVERYFOOD,愛知県,月給20万円～28万円,契約社員,清掃,求人ボックス,https://xn--pckua2a7gp15o89zb.com/jbn/3b991c058f94a90c207e5fa1152c3396,True,12時間前,2026-06-20 01:22:04,愛知県
ピザの調理・レジSTAFF新着,ピザハット豊橋飯村北店,愛知県,"時給1,140円～",アルバイト・パート,清掃,求人ボックス,https://xn--pckua2a7gp15o89zb.com/jb/10e754a2408e20870da564a0450602b9,True,13時間前,2026-06-20 01:22:04,愛知県
歯科衛生士／18時終業 残業ほぼなし産前産後休暇あり 福利厚生充実!新着,ぎふデンタルフォレスト,岐阜県,"月給25万4,000円",正社員,歯科,求人ボックス,https://xn--pckua2a7gp15o89zb.com/jb/95c53f72134c63ed26e71e9a7e1c5f07,True,13時間前,2026-06-20 01:22:06,岐阜県
歯科衛生士／週休2日制 週休3日制も可駅チカ徒歩5分 予防新着,西岐阜デンタルクリニック,岐阜県,"月給28万1,000円",正社員,歯科,求人ボックス,https://xn--pckua2a7gp15o89zb.com/jb/4aac40e120ca387e5c097663377e1987,True,13時間前,2026-06-20 01:22:06,岐阜県
保育士新着,社会福祉法人オールフェアリー,愛知県,"時給1,350円～1,400円",派遣社員,派遣,求人ボックス,https://xn--pckua2a7gp15o89zb.com/jb/3c24dc0c72f5600a2b11ec45de0e429c,True,18時間前,2026-06-20 01:21:37,愛知県
プロジェクト推進のサポート新着,パーソルクロステクノロジー株式会社,愛知県,"時給2,100円",派遣社員,派遣,求人ボックス,https://xn--pckua2a7gp15o89zb.com/jb/cf37de820af99f1e375b7d70d5bd4966,True,1時間前,2026-06-20 01:21:37,愛知県
調理師／調理スタッフ／保育／認可保育園／週2日〜／交通費支給新着,セントスタッフ株式会社,愛知県,"時給1,200円～1,300円",派遣社員,派遣,求人ボックス,https://xn--pckua2a7gp15o89zb.com/jbn/da0b64dd1c31d075b9028782ad67f78a,True,11時間前,2026-06-20 01:21:37,愛知県
製造スタッフ 紹介予定派遣 機械等の組み立てに携われるお仕事新着,株式会社メイテックキャスト,愛知県,"時給1,600円～",派遣社員,派遣,求人ボックス,https://xn--pckua2a7gp15o89zb.com/jb/e01fc985fe1d3fe4cea977c2926a1a12,True,14時間前,2026-06-20 01:21:37,愛知県
介護職／ヘルパー／未経験／無資格の方歓迎／夜勤ナシ!日勤のみの勤務相談可／介護新着,社会福祉法人成仁会,愛知県,"時給1,140円～",アルバイト・パート,派遣,求人ボックス,https://xn--pckua2a7gp15o89zb.com/jbn/cca334fd25cdfb7a4c34627e8f7f9ff1,True,11時間前,2026-06-20 01:21:37,愛知県
携帯ショップ派遣コーディネーター／20代活躍中／未経験・第二新卒／土日祝休み／賞与あり新着,<仕事内容>携帯ショップなどに,愛知県,月給20万円～23万円,正社員,派遣,求人ボックス,https://xn--pckua2a7gp15o89zb.com/jbn/a8ab2b2ba2bff53bb15ff1d852d5c82e,True,3時間前,2026-06-20 01:21:37,愛知県
ケーブルTV局で一般事務新着,ヒューマンリソシア株式会社,愛知県,"時給1,450円",派遣社員,派遣,求人ボックス,https://xn--pckua2a7gp15o89zb.com/jb/ed686fca7ddd72752bf3954788b53ed5,True,5時間前,2026-06-20 01:21:37,愛知県
介護職／ヘルパー／住宅型有料老人ホーム／賞与は計5ヶ月分! 退職金制度など福利厚生も充実新着,医療法人啓生会 すずらん春日井,愛知県,"月給20万5,000円",正社員,派遣,求人ボックス,https://xn--pckua2a7gp15o89zb.com/jbn/c4494213d5106a513253cfe5939227a4,True,11時間前,2026-06-20 01:21:37,愛知県
保育補助新着,株式会社はちどり,愛知県,"時給1,450円",正社員,派遣,求人ボックス,https://xn--pckua2a7gp15o89zb.com/jb/2111a87b03b52c5a0687fe036ece09ba,True,18時間前,2026-06-20 01:21:37,愛知県
フィールドセールス新着,株式会社ユース,愛知県,月給27万円～29万円,正社員,派遣,求人ボックス,https://xn--pckua2a7gp15o89zb.com/jbn/1b26dd16d13f3cd2db038f4248d8cb9e,True,16時間前,2026-06-20 01:21:37,愛知県
AutoCADオペレーター 時短・週4可 簡単作業から新着,株式会社アットキャド,愛知県,"時給1,900円～2,100円",派遣社員,派遣,求人ボックス,https://xn--pckua2a7gp15o89zb.com/jb/4a2c5bacb3c9f680f18ebf4f52e209e1,True,10時間前,2026-06-20 01:21:37,愛知県
高1550円!大手Grでサポート事務 土日祝休み新着,スタッフ,愛知県,"時給1,550円",派遣社員,派遣,求人ボックス,https://xn--pckua2a7gp15o89zb.com/jb/d17e50c8cfa1f89899a1d364fc89bce8,True,9時間前,2026-06-20 01:21:37,愛知県
営業事務／残業少なめ／食品商社で営業事務サポート 受発注メイン新着,日総ブレイン株式会社,愛知県,"時給1,500円",派遣社員,派遣,求人ボックス,https://xn--pckua2a7gp15o89zb.com/jb/4f5b04f9ab9bbda45b12f101e286fc5b,True,9時間前,2026-06-20 01:21:37,愛知県
「男性活躍中・シンプル作業のみ」段ボールの製造のための機械操作新着,Man to Man株式会社,愛知県,"時給1,500円～1,875円",派遣社員,派遣,求人ボックス,https://xn--pckua2a7gp15o89zb.com/jb/598199f7a9ac9198b5365c0e06473e17,True,21時間前,2026-06-20 01:21:37,愛知県
検査スタッフ／年間休日121日／週休2日制／制服貸与あり／転勤なし／賞与あり新着,株式会社グリーンテック,愛知県,"月給18万7,000円",正社員,派遣,求人ボックス,https://xn--pckua2a7gp15o89zb.com/jbn/d16d3437776cf0e9c436f810443acb41,True,12時間前,2026-06-20 01:21:41,愛知県
部品の組立スタッフ／モクモク軽作業／土日祝休み／日勤／送迎バスあり新着,ヒューマンゲート株式会社,愛知県,"時給1,350円",派遣社員,派遣,求人ボックス,https://xn--pckua2a7gp15o89zb.com/jb/292a180257ec2f8ab6eed4bfb93efdd8,True,9時間前,2026-06-20 01:21:41,愛知県
一般事務／スタッフの送迎ドライバー・清掃／日勤／20～40代活躍中新着,フジアルテ株式会社,愛知県,"時給1,400円～",アルバイト・パート,派遣,求人ボックス,https://xn--pckua2a7gp15o89zb.com/jb/fb76ff6dae32280833e31ded078ff541,True,7時間前,2026-06-20 01:21:41,愛知県
テレフォンオペレーター+ 一般事務新着,株式会社リクルートスタッフィング,愛知県,"時給1,451円～",派遣社員,派遣,求人ボックス,https://xn--pckua2a7gp15o89zb.com/jb/ab683f70c4bc0826a57b73f307130c87,True,6時間前,2026-06-20 01:21:41,愛知県
未経験OK／時給1800円／ボタンを押す簡単軽作業／日払いOK／週払いOK／未経験歓迎新着,株式会社ワークナビ大府支店,愛知県,時給1800円,派遣社員,派遣,求人ボックス,https://xn--pckua2a7gp15o89zb.com/jbn/2cfa700d768224b1421ac33458d5c6e9,True,18時間前,2026-06-20 01:21:41,愛知県
一般事務／書類チェック・とりまとめ新着,株式会社ジョブコム,愛知県,"時給1,350円",派遣社員,派遣,求人ボックス,https://xn--pckua2a7gp15o89zb.com/jb/33e0eaf81614014b079c4dc2b29f12eb,True,10時間前,2026-06-20 01:21:41,愛知県
大手メーカーグループで営業サポート事務 土日祝休み新着,旭化成アミダス株式会社,愛知県,"時給1,600円",派遣社員,派遣,求人ボックス,https://xn--pckua2a7gp15o89zb.com/jb/ccecfd02b1c9c54c8ceb1f258bc517f6,True,12時間前,2026-06-20 01:21:45,愛知県
保育士新着,あま市,愛知県,"時給1,350円～1,400円",派遣社員,派遣,求人ボックス,https://xn--pckua2a7gp15o89zb.com/jb/3172e49dc587ca3655092b659c685126,True,18時間前,2026-06-20 01:21:45,愛知県
棒に液体を塗って光を当てて傷を見つける目視検査スタッフ／シフト自由／未経験歓迎／週払いOK新着,株式会社ワークナビ大府支店,愛知県,"時給1,600円～2,400円",派遣社員,派遣,求人ボックス,https://xn--pckua2a7gp15o89zb.com/jbn/6cf65e97a521f7caff0dc52a66be7fdf,True,18時間前,2026-06-20 01:21:45,愛知県
軽作業／派遣スタッフ活躍中 長期 製品の出荷準備新着,パーソルテンプスタッフ株式会社,愛知県,"時給1,400円",派遣社員,派遣,求人ボックス,https://xn--pckua2a7gp15o89zb.com/jb/f26e78dd03e01dbcd0c8af0cc8104211,True,10時間前,2026-06-20 01:21:45,愛知県
機械や自動車などに使われる製品の検品スタッフ／未経験歓迎／週払いOK／昇給あり新着,株式会社ワークナビ小牧支店,愛知県,"時給1,700円～2,125円",派遣社員,派遣,求人ボックス,https://xn--pckua2a7gp15o89zb.com/jbn/0ca8d544f250df7a42984f532a17e755,True,17時間前,2026-06-20 01:21:45,愛知県
保育士新着,株式会社TRYサポート,愛知県,"時給1,300円～1,400円",派遣社員,派遣,求人ボックス,https://xn--pckua2a7gp15o89zb.com/jb/2b296b747e374c58205d13dc6d395540,True,18時間前,2026-06-20 01:21:45,愛知県
安定収入×福利厚生充実!／製造・軽作業／20～50代活躍中／未経験歓迎新着,日本マニュファクチャリングサービス株式会社,愛知県,"月給27万3,000円",正社員,派遣,求人ボックス,https://xn--pckua2a7gp15o89zb.com/jbn/da66ae6f1f7b349eb7047fe69a417fbe,True,8時間前,2026-06-20 01:21:48,愛知県
人材コンサルタント／愛知営業所新着,株式会社エー・オー・シー,愛知県,"月給23万5,000円",正社員,派遣,求人ボックス,https://xn--pckua2a7gp15o89zb.com/jb/7c6301b8f796476186cf0866046d3141,True,3時間前,2026-06-20 01:21:48,愛知県
看板の製造スタッフ新着,株式会社ホットスタッフ稲沢,愛知県,"時給1,250円",派遣社員,派遣,求人ボックス,https://xn--pckua2a7gp15o89zb.com/jb/f90db98b6ff4842084acdab76c818419,True,7時間前,2026-06-20 01:21:48,愛知県
金山から徒歩5分&転勤なし 人材コーディネーター 車通勤可新着,株式会社ジンキャスト,愛知県,月給25万円～29万円,正社員,派遣,求人ボックス,https://xn--pckua2a7gp15o89zb.com/jb/c894a03215869334bd70daf6e97797f2,True,2時間前,2026-06-20 01:21:48,愛知県
データ入力／事務 未経験OK!残業ほぼなし・丁寧に教えてもらえる新着,株式会社スタッフサービス,愛知県,"時給1,500円",派遣社員,派遣,求人ボックス,https://xn--pckua2a7gp15o89zb.com/jb/15e3c9bf4f557f5456cfa18501e0f45e,True,13時間前,2026-06-20 01:21:48,愛知県
空調機器メーカーで部品の運搬やカンタン目視検査／20~30代大活躍中 電話対応なし新着,株式会社セリオ,愛知県,"時給1,400円～",派遣社員,派遣,求人ボックス,https://xn--pckua2a7gp15o89zb.com/jb/b54c3c50909008d358c8755e162be191,True,6時間前,2026-06-20 01:21:48,愛知県
株式会社 ケミック 愛知県安城市の一般事務／株式会社 ケミック新着,スタッフ,愛知県安城市の一般事務／株式会社,"月給21万8,000円",正社員,派遣,求人ボックス,https://xn--pckua2a7gp15o89zb.com/jb/5319976fcda6c5303d85ad3d62a6afd8,True,23時間前,2026-06-20 01:21:51,愛知県
リゾートバイト／館内全般業務新着,株式会社ダイブ,愛知県,"時給1,250円～",派遣社員,派遣,求人ボックス,https://xn--pckua2a7gp15o89zb.com/jb/1c1f0ee941724156e22f29abd9989f47,True,20時間前,2026-06-20 01:21:51,愛知県
「VIP送迎中心」夜勤ハイヤードライバー／年収600万円以上／賞与年2回新着,社員...,愛知県,"月給45万8,500円",正社員,派遣,求人ボックス,https://xn--pckua2a7gp15o89zb.com/jbn/a8def327becbfdcfe9c825058e3576cf,True,18時間前,2026-06-20 01:21:51,愛知県
保育士新着,一宮市,愛知県,"時給1,650円",派遣社員,派遣,求人ボックス,https://xn--pckua2a7gp15o89zb.com/jb/4edd9fa5d022b596a53bf973959d5672,True,19時間前,2026-06-20 01:21:51,愛知県
介護職／ヘルパー／未経験者歓迎／年間休日119日／サ高住での介護スタッフ募集新着,SOMPOケア株式会社,愛知県,"月給21万5,591円",正社員,派遣,求人ボックス,https://xn--pckua2a7gp15o89zb.com/jbn/6441e0978b2c42c630c6f5c436ceab48,True,11時間前,2026-06-20 01:21:55,愛知県
物流会社で一般事務 無料Pあり!未経験OK新着,マンパワーグループ株式会社,愛知県,"時給1,400円",派遣社員,派遣,求人ボックス,https://xn--pckua2a7gp15o89zb.com/jb/0e2d8e07b78065300d024e3b508c1aac,True,4時間前,2026-06-20 01:21:55,愛知県
介護職／ヘルパー／必見!／賞与3／5ヶ月!／医療体制万全新着,有限会社サン,愛知県,月給20万640円,正社員,派遣,求人ボックス,https://xn--pckua2a7gp15o89zb.com/jbn/c19da2570b3a3e3ff799315a0d4c41a9,True,11時間前,2026-06-20 01:21:55,愛知県
介護職／ヘルパー／正社員求人／アットホームな有料老人ホームです／介護付き有料老人ホーム新着,株式会社ちくさ医療設備,愛知県,月給21万600円,正社員,派遣,求人ボックス,https://xn--pckua2a7gp15o89zb.com/jbn/a40aebced9bc3b8362739c78c9fd8416,True,11時間前,2026-06-20 01:21:55,愛知県
ホテルフロント受付対応新着,株式会社阪急トラベルサポート,愛知県,"時給1,400円～1,750円",派遣社員,派遣,求人ボックス,https://xn--pckua2a7gp15o89zb.com/jb/a5bd06d2e6349079509293947ad932b0,True,10時間前,2026-06-20 01:21:55,愛知県
時給1600円 フォークリフト／大手お菓子メーカー／土日休み新着,アールシースタッフ株式会社,愛知県,時給1600円,派遣社員,派遣,求人ボックス,https://xn--pckua2a7gp15o89zb.com/jb/46730355e085a97cad477d3ea5afb695,True,15時間前,2026-06-20 01:21:55,愛知県
大名古屋ビルヂングで働く!17:10マデ 銀行事務&案内業務新着,アデコ株式会社,愛知県,"時給1,620円～",派遣社員,派遣,求人ボックス,https://xn--pckua2a7gp15o89zb.com/jb/ebeef03a90bfc5a92a34cc0ea31837dc,True,19時間前,2026-06-20 01:21:55,愛知県
「「日勤専属!しっかり稼いでプライベートも充実!」」古着などの倉庫内軽作業新着,セブンエージェント株式会社,愛知県,"時給1,300円～",派遣社員,派遣,求人ボックス,https://xn--pckua2a7gp15o89zb.com/jb/2fc0bec65674014962d06339b558978a,True,17時間前,2026-06-20 01:21:59,愛知県
工場・製造／クルマ用変速機の組立・加工・チェック／送迎バス／交通費支給／サポート充実新着,日研トータルソーシング株式会社,愛知県,月給27万円～,正社員,派遣,求人ボックス,https://xn--pckua2a7gp15o89zb.com/jbn/dc10ef447382d44f552f3c09539e5163,True,21時間前,2026-06-20 01:21:59,愛知県
今が狙い目!即入寮可!コツコツWork!ランダムグッズなどの倉庫内軽作業スタッフ新着,株式会社アルミラ,愛知県,"時給1,360円～",アルバイト・パート,派遣,求人ボックス,https://xn--pckua2a7gp15o89zb.com/jb/eeeba40f49fc2b274c890af0d18d149a,True,13時間前,2026-06-20 01:21:59,愛知県
検品／梱包／工場・製造系 カフェテリアあり キレイな倉庫で軽作業 男女活躍中 高時給新着,ジョブシティ,愛知県,"時給1,700円～2,125円",派遣社員,派遣,求人ボックス,https://xn--pckua2a7gp15o89zb.com/jb/5512c4d0aef3021fa6823b3e524cc94b,True,20時間前,2026-06-20 01:21:59,愛知県
航空機の製造新着,株式会社パーソナック 東海オフィス,愛知県,"時給2,000円～2,500円",派遣社員,派遣,求人ボックス,https://xn--pckua2a7gp15o89zb.com/jb/babd3123a072cdccbb577ceb2e454ac6,True,15時間前,2026-06-20 01:21:59,愛知県
営業事務 ／ 営業事務 ／高時給1750円 ガッチリ稼げる 大手商社で営業事務新着,株式会社アヴァンティスタッフ,愛知県,時給1750円,派遣社員,派遣,求人ボックス,https://xn--pckua2a7gp15o89zb.com/jb/e33ba9ac9f85d75cd28d16d1ec21bfe3,True,22時間前,2026-06-20 01:21:59,愛知県
高島屋レジ専任staff新着,株式会社センチュリーアンドカンパニー,愛知県,"時給1,220円",アルバイト・パート,派遣,求人ボックス,https://xn--pckua2a7gp15o89zb.com/jb/28fc412aacfbac93803e9ffb4310acde,True,6時間前,2026-06-20 01:21:59,愛知県
リゾートバイト／調理補助新着,リゾートトラスト株式会社 エクシブ有馬離宮,愛知県,"時給1,600円～1,700円",アルバイト,派遣,求人ボックス,https://xn--pckua2a7gp15o89zb.com/jb/4a7fc44c1e8ab0d6eb3522af9dc3256e,True,19時間前,2026-06-20 01:22:03,愛知県
未経験可／研修充実／システムエンジニア新着,株式会社HIGHEST,愛知県,月給28万円～50万円,正社員,派遣,求人ボックス,https://xn--pckua2a7gp15o89zb.com/jbn/aefb94ae12215dddebc1ced63874d622,True,3時間前,2026-06-20 01:22:03,愛知県
"カスタマーサポート ECモール対応 時給1,800円～2,000円!月収30万可新着",株式会社フェローズ,愛知県,"時給1,800円～2,000円",派遣社員,派遣,求人ボックス,https://xn--pckua2a7gp15o89zb.com/jb/76ae0bf191893b7d70f0268ba4aa4550,True,12時間前,2026-06-20 01:22:03,愛知県
未経験可／研修充実／システムエンジニア新着,ナナイロモバイル株式会社,愛知県,月給28万円～50万円,正社員,派遣,求人ボックス,https://xn--pckua2a7gp15o89zb.com/jbn/d23f886c0970fbe1b91013131c9071ba,True,2時間前,2026-06-20 01:22:03,愛知県
ゴルフ施設でのフロント接客業務／20代活躍中／未経験・第二新卒／賞与あり新着,スタッフ,愛知県,"月給21万8,000円",正社員,派遣,求人ボックス,https://xn--pckua2a7gp15o89zb.com/jbn/6d853a2140154f89c5466a3fb51b508c,True,4時間前,2026-06-20 01:22:03,愛知県
未経験可／研修充実／システムエンジニア新着,infront株式会社,愛知県,月給28万円～50万円,正社員,派遣,求人ボックス,https://xn--pckua2a7gp15o89zb.com/jbn/de3236825ae22fa07080847f70ac959a,True,2時間前,2026-06-20 01:22:03,愛知県
釘の入った袋に品番シール貼りスタッフ新着,株式会社ホットスタッフ蟹江,愛知県,"時給1,250円",派遣社員,派遣,求人ボックス,https://xn--pckua2a7gp15o89zb.com/jb/a9017eedc60dc23e6b2cc5ea69224955,True,7時間前,2026-06-20 01:22:03,愛知県
フィットネスクラブでの受付事務業務／20代活躍中／未経験・第二新卒／賞与あり新着,未経験OK,愛知県,月給23万円～32万,正社員,派遣,求人ボックス,https://xn--pckua2a7gp15o89zb.com/jbn/3e467c911d23f8ea451f3638c15c76a6,True,4時間前,2026-06-20 01:22:03,愛知県
Web制作部門の責任者／20代活躍中／未経験・第二新卒／土日祝休み／賞与あり／名古屋市中区丸の内新着,未経験OK,愛知県,年収540万円～660万円,正社員,派遣,求人ボックス,https://xn--pckua2a7gp15o89zb.com/jbn/f63b21af1d18c153c206f8066b5eb86e,True,5時間前,2026-06-20 01:22:07,愛知県
16時・17時終業OK 大手タオルメーカーの簡単事務新着,ランスタッド株式会社,愛知県,"時給1,320円",派遣社員,派遣,求人ボックス,https://xn--pckua2a7gp15o89zb.com/jb/15b52920485286195b0a9a180e5ed076,True,20時間前,2026-06-20 01:22:07,愛知県
段取り・部品供給作業 ライン外作業 男性活躍中新着,<,愛知県,"時給1,250円～1,563円",派遣社員,派遣,求人ボックス,https://xn--pckua2a7gp15o89zb.com/jb/9288b1c4296ca6a819e0eaedd478994b,True,15時間前,2026-06-20 01:22:07,愛知県
鋳造の生産に関わる技術スタッフ／20代活躍中／未経験・第二新卒／賞与あり／豊川市穂ノ原新着,スタッフ,愛知県,"月給23万6,000円",正社員,派遣,求人ボックス,https://xn--pckua2a7gp15o89zb.com/jbn/b02b99130dd63832775b8e5c0320cfe7,True,5時間前,2026-06-20 01:22:07,愛知県
飲食サービススタッフ新着,Globeing合同会社,愛知県,月給26万円～40万円,正社員,飲食,求人ボックス,https://xn--pckua2a7gp15o89zb.com/jb/24429e6dd30dc10b0242303f108d8744,True,1時間前,2026-06-20 01:21:53,愛知県
飲食店スタッフ新着,株式会社穂波,愛知県,"時給1,140円～1,240円",アルバイト・パート,飲食,求人ボックス,https://xn--pckua2a7gp15o89zb.com/jb/546ab653076e63b6e57f7a2530a60821,True,2時間前,2026-06-20 01:21:53,愛知県
「夜勤・芸能／インフルエンサー送迎ドライバー」月収40万以上／二種免許不要・急募新着,株式会社ネクスト,愛知県,"月給39万8,000円",正社員,飲食,求人ボックス,https://xn--pckua2a7gp15o89zb.com/jbn/34ce4f91b7c3350d47172846f9cb19d3,True,16時間前,2026-06-20 01:21:53,愛知県
レストラン・専門料理店新着,株式会社ワイマーケット,愛知県,月給30万円～40万円,正社員,飲食,求人ボックス,https://xn--pckua2a7gp15o89zb.com/jbn/618edf4f3db33a36e781070a084a8ee3,True,9時間前,2026-06-20 01:21:53,愛知県
レストラン・専門料理店新着,株式会社FOOD&LIFE COMPANIES,愛知県,月給23万円～35万円,正社員,飲食,求人ボックス,https://xn--pckua2a7gp15o89zb.com/jbn/c92795bcce75aa3ddff9e155a61b853b,True,8時間前,2026-06-20 01:21:53,愛知県
レストラン・専門料理店新着,株式会社Serge源's,愛知県,月給25万円～35万円,正社員,飲食,求人ボックス,https://xn--pckua2a7gp15o89zb.com/jbn/cf2b5d13d22e63a05b9f373d60ba577a,True,10時間前,2026-06-20 01:21:56,愛知県
レストラン・専門料理店新着,チタカ・インターナショナル・フーズ株式会社,愛知県,"月給20万2,000円",正社員,飲食,求人ボックス,https://xn--pckua2a7gp15o89zb.com/jbn/5d746853d74a3e6dd025e16f489d081a,True,8時間前,2026-06-20 01:21:56,愛知県
「性別問わずスタートしやすい職場」／もんじゃ焼き店の調理担当／未経験歓迎／まかないあり新着,飲食,愛知県,月給30万円～50万円,正社員,飲食,求人ボックス,https://xn--pckua2a7gp15o89zb.com/jbn/0d6960142f24e8a79b64f3a886b4d1af,True,9時間前,2026-06-20 01:21:56,愛知県
レストラン・専門料理店新着,有限会社利加エンタープライズ,愛知県,月給27万円～32万円,正社員,飲食,求人ボックス,https://xn--pckua2a7gp15o89zb.com/jbn/9722da45fe03f9e66536484191bda8ef,True,10時間前,2026-06-20 01:21:56,愛知県
"専門料理店,・専門料理店新着",株式会社Uliveto,愛知県,月給29万円～36万円,正社員,飲食,求人ボックス,https://xn--pckua2a7gp15o89zb.com/jbn/87879c18471009b932ef1de552c23d21,True,10時間前,2026-06-20 01:21:56,愛知県
丸亀製麺武豊の接客スタッフ／月給23万～30万／愛知県武豊町勤務／賞与あり／インセンあり新着,株式会社トリドールホールディングス,愛知県武豊町勤務／賞与あり／インセンあり,月給23万～30万,正社員,飲食,求人ボックス,https://xn--pckua2a7gp15o89zb.com/jbn/9848d657048878bac3cf18b5ac271551,True,13時間前,2026-06-20 01:21:59,愛知県
レストラン・専門料理店新着,愛協産業株式会社,愛知県,月給18万円～23万円,正社員,飲食,求人ボックス,https://xn--pckua2a7gp15o89zb.com/jbn/a140d68aa8647e381e6492d549bb61b5,True,9時間前,2026-06-20 01:21:59,愛知県
レストラン・専門料理店新着,株式会社岐阜タンメンBBC,愛知県,月給29万円～31万円,正社員,飲食,求人ボックス,https://xn--pckua2a7gp15o89zb.com/jbn/ad3a582ca873706970d581c0475a8266,True,11時間前,2026-06-20 01:21:59,愛知県
レストラン・専門料理店新着,株式会社サーラホテル&レストランズ,愛知県,月給21万円～30万,正社員,飲食,求人ボックス,https://xn--pckua2a7gp15o89zb.com/jbn/c843e634ffc6b63bb512f9ecf308eefb,True,11時間前,2026-06-20 01:21:59,愛知県
レストラン・専門料理店新着,株式会社パッションギークス,愛知県,月給23万円～35万円,正社員,飲食,求人ボックス,https://xn--pckua2a7gp15o89zb.com/jbn/90145d0646ff6801d814644d71955f01,True,10時間前,2026-06-20 01:21:59,愛知県
レストラン・専門料理店新着,株式会社梅丘寿司の美登利総本店,愛知県,月給30万円～32万円,正社員,飲食,求人ボックス,https://xn--pckua2a7gp15o89zb.com/jbn/f07c7708096b764595f5268ebd2065d2,True,8時間前,2026-06-20 01:21:59,愛知県
レストラン・専門料理店新着,株式会社レアル,愛知県,月給25万円～45万円,正社員,飲食,求人ボックス,https://xn--pckua2a7gp15o89zb.com/jbn/ecdc1e85f964f7c626b0cf3cc195117f,True,11時間前,2026-06-20 01:22:02,愛知県
レストラン・専門料理店新着,株式会社電商,愛知県,"月給22万8,000円",正社員,飲食,求人ボックス,https://xn--pckua2a7gp15o89zb.com/jbn/da3b7cb14c6240cf4f5b8e9bc20ac0d2,True,10時間前,2026-06-20 01:22:02,愛知県
レストラン・専門料理店新着,株式会社ぐっとくるダイニング,愛知県,月給25万円～35万円,正社員,飲食,求人ボックス,https://xn--pckua2a7gp15o89zb.com/jbn/f70fef4b07c3b0bbeec13a8a9b5ee8eb,True,11時間前,2026-06-20 01:22:02,愛知県
レストラン・専門料理店新着,株式会社アスク,愛知県,月給22万円～30万円,正社員,飲食,求人ボックス,https://xn--pckua2a7gp15o89zb.com/jbn/866e9e046b8b874c33cdd96e756b4bab,True,11時間前,2026-06-20 01:22:04,愛知県
レストラン・専門料理店新着,サラザン株式会社,愛知県,月給19万円～30万円,正社員,飲食,求人ボックス,https://xn--pckua2a7gp15o89zb.com/jbn/a64a8b74bbaa2a91c6fd2d538d156d86,True,11時間前,2026-06-20 01:22:04,愛知県
レストラン・専門料理店新着,株式会社リン・クルー,愛知県,月給24万円～30万,正社員,飲食,求人ボックス,https://xn--pckua2a7gp15o89zb.com/jbn/0a0a8f9515db256c76408b071f2ed10b,True,8時間前,2026-06-20 01:22:04,愛知県
未経験採用枠の施工管理アシスタント／年間休日125日／月給35万円～新着,株式会社ツナグバ,愛知県,月給35万円～,正社員,飲食,求人ボックス,https://xn--pckua2a7gp15o89zb.com/jbn/2fd1a8a611c947d38928af6d52345f4c,True,3時間前,2026-06-20 01:22:08,愛知県
レストラン・専門料理店新着,株式会社きときと,愛知県,月給30万円～33万円,正社員,飲食,求人ボックス,https://xn--pckua2a7gp15o89zb.com/jbn/07416829cebd144cdf17350929bc9cbf,True,9時間前,2026-06-20 01:22:08,愛知県
レストラン・専門料理店新着,株式会社エスワイフード,愛知県,"月給18万8,400円",正社員,飲食,求人ボックス,https://xn--pckua2a7gp15o89zb.com/jbn/58c5b18d196ce970f7265fe404fdd199,True,9時間前,2026-06-20 01:22:08,愛知県
レストラン・専門料理店新着,株式会社東天紅,愛知県,月給21万円～25万円,契約社員,飲食,求人ボックス,https://xn--pckua2a7gp15o89zb.com/jbn/579e4b2c8363ed09998e5d1720a26418,True,8時間前,2026-06-20 01:22:10,愛知県
レストラン・専門料理店新着,株式会社ブルームダイニングサービス,愛知県,月給24万円～35万円,正社員,飲食,求人ボックス,https://xn--pckua2a7gp15o89zb.com/jbn/a6c3e2f20e0168a70b0664a707532c4e,True,10時間前,2026-06-20 01:22:10,愛知県
レストラン・専門料理店新着,クックマート株式会社,愛知県,月給22万円～30万,正社員,飲食,求人ボックス,https://xn--pckua2a7gp15o89zb.com/jbn/933bd1132074a9e86b35f51bbe6e7244,True,9時間前,2026-06-20 01:22:13,愛知県
レストラン・専門料理店新着,アイコニア・ホスピタリティ株式会社,愛知県,月給25万円～35万円,正社員,飲食,求人ボックス,https://xn--pckua2a7gp15o89zb.com/jbn/bc572165099215624693e973541bba20,True,13時間前,2026-06-20 01:22:13,愛知県
レストラン・専門料理店新着,株式会社アメーバホールディングス,愛知県,月給24万円～35万円,正社員,飲食,求人ボックス,https://xn--pckua2a7gp15o89zb.com/jbn/d12f03001084350d9baf643439196541,True,11時間前,2026-06-20 01:22:13,愛知県
レストラン・専門料理店新着,株式会社アクセルワン,愛知県,月給20万円～35万円,正社員,飲食,求人ボックス,https://xn--pckua2a7gp15o89zb.com/jbn/88902fe9ddd57af978bd4b74016704db,True,10時間前,2026-06-20 01:22:13,愛知県
レストラン・専門料理店新着,株式会社Think&Grow Rich,愛知県,月給20万円～30万円,正社員,飲食,求人ボックス,https://xn--pckua2a7gp15o89zb.com/jbn/96b795525fb954b1d263f45d4f5da65c,True,11時間前,2026-06-20 01:22:13,愛知県
レストラン・専門料理店新着,株式会社ディークリエイト,愛知県,月給25万円～34万円,正社員,飲食,求人ボックス,https://xn--pckua2a7gp15o89zb.com/jbn/168eda2d8f831824126d649bde6b1469,True,11時間前,2026-06-20 01:22:17,愛知県
レストラン・専門料理店新着,株式会社オー・デリス・ドゥ・シバタ,愛知県,月給23万円～30万円,正社員,飲食,求人ボックス,https://xn--pckua2a7gp15o89zb.com/jbn/594e0c18fa315a2556c62b3a865115d7,True,11時間前,2026-06-20 01:22:17,愛知県
レストラン・専門料理店新着,カフェ・カンパニー株式会社,愛知県,月給20万円～26万円,正社員,飲食,求人ボックス,https://xn--pckua2a7gp15o89zb.com/jbn/e9aa0428775da266d1dc7594c157d76a,True,7時間前,2026-06-20 01:22:17,愛知県
レストラン・専門料理店新着,株式会社マリノ,愛知県,月給24万円～30万円,正社員,飲食,求人ボックス,https://xn--pckua2a7gp15o89zb.com/jbn/ea2a890420e704132fdb801e678d6028,True,11時間前,2026-06-20 01:22:17,愛知県
介護職員・社会保険完備の職場で介護職／ヘルパー新着,住宅型有料老人ホーム「医心館大垣」,岐阜県,月給27万300円,正社員,介護,求人ボックス,https://xn--pckua2a7gp15o89zb.com/jb/3f124ecd6b09ab0209852183cae43cd0,True,3時間前,2026-06-20 01:22:07,岐阜県
デイサービスの介護職／自動車免許／介護士／日勤のみ新着,デイサービスあさひ,岐阜県,"月給21万5,000円",正社員,介護,求人ボックス,https://xn--pckua2a7gp15o89zb.com/jb/8235451d9376af77de95ab9e2fed0278,True,23時間前,2026-06-20 01:22:07,岐阜県
放課後等デイサービスの介護職／ヘルパー／岐阜市西改田／児童発達支援新着,児童発達支援・放課後等デイサービス 桜路,岐阜県,"時給1,500円～",アルバイト・パート,介護,求人ボックス,https://xn--pckua2a7gp15o89zb.com/jbn/091b272116699072178eaf3128677bc8,True,11時間前,2026-06-20 01:22:08,岐阜県
夜勤専従スタッフ・社会保険完備の職場で介護職／ヘルパー新着,フロンティアの介護 ナーシングホームまつさかの憩,岐阜県,"日給3万1,500円",アルバイト・パート,介護,求人ボックス,https://xn--pckua2a7gp15o89zb.com/jb/2586c093144919ccad916c34705d7d0b,True,4時間前,2026-06-20 01:22:08,岐阜県
20～40代活躍中／お話相手・見守りスタッフ はじめての介護職新着,Attrus株式会社,岐阜県,"時給1,700円～1,900円",派遣社員,介護,求人ボックス,https://xn--pckua2a7gp15o89zb.com/jb/4220c4d3067fa9f6d34cb1605c0c5cb1,True,10時間前,2026-06-20 01:22:11,岐阜県
グループホーム 夜勤専従介護職「パート・アルバイト」／そよ風公式新着,株式会社SOYOKAZE,岐阜県,"時給1,420円～1,570円",アルバイト・パート,介護,求人ボックス,https://xn--pckua2a7gp15o89zb.com/jb/88c845eb155d22a068d03ccb888ee29a,True,23時間前,2026-06-20 01:22:14,岐阜県
ヘルパー・介護職／奥飛騨温泉老人保健施設穂高の庭新着,医療法人健康長寿会,岐阜県,"時給1,065円～",アルバイト・パート,介護,求人ボックス,https://xn--pckua2a7gp15o89zb.com/jb/5731d517f5800d944cad9da1f8fa4d28,True,2時間前,2026-06-20 01:22:14,岐阜県
「定着率92.6%の安定企業で働く!」／自転車部品の検査スタッフ／シンプル作業／月収25万円可新着,三陽工業株式会社,岐阜県,"月給19万5,000円",正社員,介護,求人ボックス,https://xn--pckua2a7gp15o89zb.com/jbn/2976e6003fd985e7128fb6cea81394b0,True,10時間前,2026-06-20 01:22:14,岐阜県
リラクゼーションセラピスト／ヨガ・ピラティス経験者活躍中!／シフト自由／未経験歓迎新着,ラフィネ MEGAドン・キホーテUNY岐阜店,岐阜県,"時給2,232円～4,068円",,介護,求人ボックス,https://xn--pckua2a7gp15o89zb.com/jbn/113b78146c6466d6e2b1f051731f610b,True,21時間前,2026-06-20 01:22:14,岐阜県
エステサロンのセラピスト／未経験OK／高時給スタート／マッサージ／ヘッドスパ／リラクゼーション新着,ラフィネ イオンモール大垣店,岐阜県,"時給2,232円～4,068円",,介護,求人ボックス,https://xn--pckua2a7gp15o89zb.com/jbn/48aa2b11fadcd6d55159774e76ea0a93,True,18時間前,2026-06-20 01:22:18,岐阜県
ホスピスの看護師／月給422000円~／日勤のみ新着,介護職,岐阜県,月給422000円,正社員,介護,求人ボックス,https://xn--pckua2a7gp15o89zb.com/jb/337546395bfa08851743c8172cd00468,True,19時間前,2026-06-20 01:22:18,岐阜県
訪問介護職員／ホームヘルパー／未経験・無資格／交通費支給／資格取得支援／直行直帰新着,ホームケア土屋 岐阜,岐阜県,"時給1,700円～1,850円",アルバイト・パート,介護,求人ボックス,https://xn--pckua2a7gp15o89zb.com/jbn/06f690f6e6a9ec47eaf4f59735a38e8e,True,22時間前,2026-06-20 01:22:18,岐阜県
看護の相談するなら株式会社アクアコーポレーション!／まずは相談での応募可新着,株式会社アクアコーポレーション,岐阜県,月給23万円～,正社員,介護,求人ボックス,https://xn--pckua2a7gp15o89zb.com/jb/7cc9de04a5f511d45844e8fd1ce4008d,True,20時間前,2026-06-20 01:22:21,岐阜県
夜勤専従の介護職員新着,ゴールドエイジ株式会社,岐阜県,"月給24万3,940円",正社員,介護,求人ボックス,https://xn--pckua2a7gp15o89zb.com/jb/39ffbaa0afef2ca89f1363b2a2506830,True,1時間前,2026-06-20 01:22:24,岐阜県
介護職員新着,ニチイケアセンター岐阜南,岐阜県,"時給1,115円",アルバイト・パート,介護,求人ボックス,https://xn--pckua2a7gp15o89zb.com/jb/07c9c23d14ccabd28fb1a1bb7c7361c4,True,20時間前,2026-06-20 01:22:24,岐阜県
送迎ドライバー新着,ニチイケアセンター関池田,岐阜県,"時給1,065円～1,115円",アルバイト・パート,介護,求人ボックス,https://xn--pckua2a7gp15o89zb.com/jb/99343f3633cdefd398cd48a62e8ac0a9,True,19時間前,2026-06-20 01:22:24,岐阜県
送迎ドライバー新着,ニチイケアセンター羽島,岐阜県,"時給1,065円～1,115円",アルバイト・パート,介護,求人ボックス,https://xn--pckua2a7gp15o89zb.com/jb/813744c5b002640f8fd1ed07d812f123,True,19時間前,2026-06-20 01:22:27,岐阜県
マッサージセラピスト／未経験OK／リラクゼーション／エステサロン／ヘッドスパ／20代～30代前半必見新着,ラフィネ アクアウォーク大垣店,岐阜県,"月給23万1,000円",正社員,介護,求人ボックス,https://xn--pckua2a7gp15o89zb.com/jbn/aee08c894d2dd8841b776ae70bc94f23,True,18時間前,2026-06-20 01:22:27,岐阜県
リラクゼーションセラピスト／未経験9割／マッサージ／無料研修あり／高時給／土日祝休みOK新着,ラフィネ イオンモール土岐店,岐阜県,"月給23万1,000円",正社員,介護,求人ボックス,https://xn--pckua2a7gp15o89zb.com/jbn/cbfc00f314a44cf52ab327c86d5c12d3,True,18時間前,2026-06-20 01:22:31,岐阜県
セラピスト／元介護士さん活躍中／シフトの融通抜群／未経験OK・ブランクもOK／ノルマなし新着,ラフィネ カラフルタウン岐阜店,岐阜県,"時給2,232円～4,068円",,介護,求人ボックス,https://xn--pckua2a7gp15o89zb.com/jbn/2611d664574e44928384230368882a6e,True,20時間前,2026-06-20 01:22:34,岐阜県
巡回健診車の運転手兼健診補助・ドライバー／配達員新着,大垣健診プラザ 岐阜健康管理センター 大垣支部,岐阜県,"月給20万9,000円",正社員,介護,求人ボックス,https://xn--pckua2a7gp15o89zb.com/jb/c0c64c992fe46931fb5b1448c54e3223,True,3時間前,2026-06-20 01:22:34,岐阜県
医療事務／受付・ボーナス・賞与あり新着,いかわクリニック,岐阜県,"時給1,100円～1,200円",アルバイト・パート,医療事務,求人ボックス,https://xn--pckua2a7gp15o89zb.com/jb/72ff57dd82ba15d6611cb8fccea7b834,True,3時間前,2026-06-20 01:22:11,岐阜県
医療事務／クリニック受付の医療事務／午前のみ／経験生かせる新着,株式会社ホットスタッフ恵那,岐阜県,"時給1,200円～1,500円",アルバイト・パート,医療事務,求人ボックス,https://xn--pckua2a7gp15o89zb.com/jb/f6c4d6423945e2f3b8e04b945f965fee,True,23時間前,2026-06-20 01:22:11,岐阜県
医療事務 受付・クラーク新着,やすだクリニック小児科内科,岐阜県,"時給1,400円～1,500円",アルバイト・パート,医療事務,求人ボックス,https://xn--pckua2a7gp15o89zb.com/jb/1bcf0e36a538818cd2377933db5e4fec,True,22時間前,2026-06-20 01:22:12,岐阜県
医療事務 調剤事務パート／クスリのアオキ 美濃太田薬局新着,株式会社クスリのアオキ,岐阜県,"時給1,065円～1,145円",アルバイト・パート,医療事務,求人ボックス,https://xn--pckua2a7gp15o89zb.com/jb/1cd8ce63557b7a790950b145d4067781,True,3時間前,2026-06-20 01:22:12,岐阜県
受付カウンセラー・社会保険完備の職場で医療事務／受付新着,TCB岐阜院,岐阜県,月給28万円～,正社員,医療事務,求人ボックス,https://xn--pckua2a7gp15o89zb.com/jb/92611fb1be03278dc0f7cb3801ff3362,True,3時間前,2026-06-20 01:22:15,岐阜県
アロマセラピスト／未経験OK／エステサロン／業界最大手／マッサージ／独立支援新着,ラフィネ イオンモール大垣店,岐阜県,"月給23万1,000円",正社員,医療事務,求人ボックス,https://xn--pckua2a7gp15o89zb.com/jbn/b1aa8c9472f4dae5263ebc8aff97f139,True,18時間前,2026-06-20 01:22:15,岐阜県
リラクゼーションサロンのセラピスト／未経験OK／資格なし／アロマセラピー／エステサロン／ヘッドスパ新着,ラフィネ カラフルタウン岐阜店,岐阜県,"月給23万1,000円",正社員,医療事務,求人ボックス,https://xn--pckua2a7gp15o89zb.com/jbn/071570a07edfa9e772a41e1734c26f26,True,18時間前,2026-06-20 01:22:19,岐阜県
ドラッグストアの調剤事務新着,ウエルシア岐阜鷺山店,岐阜県,"時給1,065円",アルバイト・パート,医療事務,求人ボックス,https://xn--pckua2a7gp15o89zb.com/jb/86dc69c16a5fe11dd1f3cc235379f622,True,17時間前,2026-06-20 01:22:22,岐阜県
エステサロンのセラピスト／未経験OK／ヘッドスパ／マッサージ／リラクゼーション／インセンティブあり新着,ラフィネ MEGAドン・キホーテUNY岐阜店,岐阜県,"月給23万1,000円",正社員,医療事務,求人ボックス,https://xn--pckua2a7gp15o89zb.com/jbn/adcb6da4868ba9d3fa503bce234cd958,True,18時間前,2026-06-20 01:22:22,岐阜県
ドラッグストアの調剤事務新着,ウエルシア岐阜加納本石町店,岐阜県,"時給1,065円",アルバイト・パート,医療事務,求人ボックス,https://xn--pckua2a7gp15o89zb.com/jb/6b3f9e4efe9365d943e963cda609763e,True,17時間前,2026-06-20 01:22:22,岐阜県
販売・接客スタッフ／犬の家週休2日制／未経験大歓迎／動物が好きな方新着,七宝店,岐阜県,"月給19万6,000円",正社員,医療事務,求人ボックス,https://xn--pckua2a7gp15o89zb.com/jbn/23f71db49ce64d37f28d61315ca5aed6,True,17時間前,2026-06-20 01:22:22,岐阜県
「パソコンの基本操作ができれば挑戦OK!」／データサイエンティスト／月収30万円以上可／未経験OK新着,株式会社SNJAPAN,岐阜県,月給27万円～34万円,正社員,医療事務,求人ボックス,https://xn--pckua2a7gp15o89zb.com/jbn/447abc84d0fbb387adadd71cf6678e0d,True,11時間前,2026-06-20 01:22:25,岐阜県
事務職員新着,株式会社ヴァティー,岐阜県,"月給18万4,000円",正社員,医療事務,求人ボックス,https://xn--pckua2a7gp15o89zb.com/jb/55524484ee4a83533ff4a61efbf1c364,True,16時間前,2026-06-20 01:22:25,岐阜県
「パソコンの基本操作ができれば挑戦OK!」／データサイエンティスト／月収30万円以上可／未経験OK新着,このお仕事の特徴一般,岐阜県,月給27万円～34万円,正社員,医療事務,求人ボックス,https://xn--pckua2a7gp15o89zb.com/jbn/48262edf1934d6d69f36db3184d353c6,True,11時間前,2026-06-20 01:22:25,岐阜県
「安定収入で安心スタート」／アプリテスター／月収30万円以上可／未経験歓迎／教育体制あり新着,このお仕事の特徴一般,岐阜県,月給27万円～34万円,正社員,医療事務,求人ボックス,https://xn--pckua2a7gp15o89zb.com/jbn/72d93c0d3e57f73e8fd78479837140ae,True,11時間前,2026-06-20 01:22:27,岐阜県
「好きな分野で高収入を目指す」／ゲームクリエイター／月収30万円以上可／未経験OK／研修あり新着,このお仕事の特徴一般,岐阜県,月給27万円～34万円,正社員,医療事務,求人ボックス,https://xn--pckua2a7gp15o89zb.com/jbn/ce9458e84da924556a4a8883a72bdcf4,True,11時間前,2026-06-20 01:22:27,岐阜県
「発想力を磨きながら成長できる」／ゲームクリエイター／月収30万円以上可／未経験OK／研修制度あり新着,このお仕事の特徴一般,岐阜県,月給27万円～34万円,正社員,医療事務,求人ボックス,https://xn--pckua2a7gp15o89zb.com/jbn/51277aeb3e69b21e31fa4336328c5bff,True,11時間前,2026-06-20 01:22:31,岐阜県
「コツコツ確認するのが得意な方へ」／ゲームテスター／月収30万円以上可／未経験OK新着,このお仕事の特徴一般,岐阜県,月給27万円～34万円,正社員,医療事務,求人ボックス,https://xn--pckua2a7gp15o89zb.com/jbn/05a2fd94f47e06863778332a5319ca46,True,11時間前,2026-06-20 01:22:31,岐阜県
「ITの知識で人の役に立てる!」／ITアドバイザー／月収30万円以上可／未経験歓迎／サポート充実新着,このお仕事の特徴一般,岐阜県,月給27万円～34万円,正社員,医療事務,求人ボックス,https://xn--pckua2a7gp15o89zb.com/jbn/5968fa1c1b2be6d339002dbfa9a25322,True,11時間前,2026-06-20 01:22:34,岐阜県
「最新アプリを誰よりも先に触れる!」／アプリテスター／月収30万円以上可／未経験OK新着,このお仕事の特徴一般,岐阜県,月給27万円～34万円,正社員,医療事務,求人ボックス,https://xn--pckua2a7gp15o89zb.com/jbn/f5b781dcb95338344adf91ee883c05ee,True,11時間前,2026-06-20 01:22:34,岐阜県
「データ分野で高収入を実現」／データサイエンティスト／月収30万円以上可／未経験歓迎／教育制度あり新着,このお仕事の特徴一般,岐阜県,月給27万円～34万円,正社員,医療事務,求人ボックス,https://xn--pckua2a7gp15o89zb.com/jbn/ebc9f874e826f678434438694ec6ffb8,True,11時間前,2026-06-20 01:22:37,岐阜県
「頼られる存在として活躍」／ITアドバイザー／月収30万円以上可／未経験OK／20〜30代活躍中新着,このお仕事の特徴一般,岐阜県,月給27万円～34万円,正社員,医療事務,求人ボックス,https://xn--pckua2a7gp15o89zb.com/jbn/cd7070eef2afbb3c9748c59a8a9b73b2,True,11時間前,2026-06-20 01:22:37,岐阜県
保育士新着,社会福祉法人聖泉会,岐阜県,"時給1,185円",アルバイト・パート,保育,求人ボックス,https://xn--pckua2a7gp15o89zb.com/jb/6a39976adff5a75dbb88ce85e83151e7,True,19時間前,2026-06-20 01:22:20,岐阜県
保育士新着,株式会社ミライへ,岐阜県,月給25万円,正社員,保育,求人ボックス,https://xn--pckua2a7gp15o89zb.com/jb/96e9d39273b1f840366d7a67aabdfbb0,True,18時間前,2026-06-20 01:22:20,岐阜県
保育士新着,社会福祉法人西美濃福祉会,岐阜県,"時給1,177円",アルバイト・パート,保育,求人ボックス,https://xn--pckua2a7gp15o89zb.com/jb/dc8ec8f14e71301ad837484c1fd7dfaa,True,18時間前,2026-06-20 01:22:20,岐阜県
保育士新着,揖斐川町,岐阜県,"時給1,350円～1,550円",派遣社員,保育,求人ボックス,https://xn--pckua2a7gp15o89zb.com/jb/d0825f0c21974c3fec8e24278d9727c7,True,18時間前,2026-06-20 01:22:21,岐阜県
保育士新着,社会福祉法人めぐみ福祉会,岐阜県,"月給20万4,140円",正社員,保育,求人ボックス,https://xn--pckua2a7gp15o89zb.com/jb/743ec89bd81e633b2ec03aa21062df12,True,18時間前,2026-06-20 01:22:24,岐阜県
保育士新着,GROW株式会社,岐阜県,"時給1,065円～1,500円",アルバイト・パート,保育,求人ボックス,https://xn--pckua2a7gp15o89zb.com/jb/20fc7c366fdbc3298afe9e206845ac14,True,18時間前,2026-06-20 01:22:24,岐阜県
保育士新着,株式会社羽島企画,岐阜県,"時給1,400円",派遣社員,保育,求人ボックス,https://xn--pckua2a7gp15o89zb.com/jb/52dd1683803091d63c8ab06aca0505ef,True,19時間前,2026-06-20 01:22:24,岐阜県
保育士新着,学校法人本願寺学園,岐阜県,"月給18万1,000円",契約社員,保育,求人ボックス,https://xn--pckua2a7gp15o89zb.com/jb/f803133e77d4dd23e91da2e3732d672a,True,18時間前,2026-06-20 01:22:29,岐阜県
保育士新着,株式会社ローカルサポート,岐阜県,"時給1,300円～1,500円",アルバイト・パート,保育,求人ボックス,https://xn--pckua2a7gp15o89zb.com/jb/32a6665514a94e5f18feb50aabe2e979,True,18時間前,2026-06-20 01:22:29,岐阜県
保育士新着,社会福祉法人瑠璃会,岐阜県,月給20万円～20万,正社員,保育,求人ボックス,https://xn--pckua2a7gp15o89zb.com/jb/4e9d144d3ce65b4d5a484f2806f5d6d5,True,19時間前,2026-06-20 01:22:31,岐阜県
保育士新着,株式会社キッズアカデミア,岐阜県,"時給1,250円",派遣社員,保育,求人ボックス,https://xn--pckua2a7gp15o89zb.com/jb/35f2fc457e406c5571786a10aa2437dc,True,19時間前,2026-06-20 01:22:31,岐阜県
保育士新着,有限会社ニューライン,岐阜県,月給21万円,正社員,保育,求人ボックス,https://xn--pckua2a7gp15o89zb.com/jb/4182cb6244b30228a42b5349c1c276d2,True,19時間前,2026-06-20 01:22:34,岐阜県
保育士新着,株式会社ヒトイキ,岐阜県,"時給1,500円",アルバイト・パート,保育,求人ボックス,https://xn--pckua2a7gp15o89zb.com/jb/5ff38d517973d97dcd56214782acc4fc,True,19時間前,2026-06-20 01:22:34,岐阜県
保育士新着,株式会社中部保育,岐阜県,"月給21万8,900円",正社員,保育,求人ボックス,https://xn--pckua2a7gp15o89zb.com/jb/dc09a210790b85dfc13f23301d24a7c0,True,19時間前,2026-06-20 01:22:34,岐阜県
保育士新着,アクティオ株式会社,岐阜県,"時給1,170円",アルバイト・パート,保育,求人ボックス,https://xn--pckua2a7gp15o89zb.com/jb/449988104dd2c4c503b82a27ab05a768,True,18時間前,2026-06-20 01:22:37,岐阜県
保育士新着,富加町,岐阜県,"時給1,500円",派遣社員,保育,求人ボックス,https://xn--pckua2a7gp15o89zb.com/jb/03445c64cd315776ff5db388d9891b1a,True,19時間前,2026-06-20 01:22:39,岐阜県
保育士新着,株式会社フェアネス,岐阜県,月給22万円,正社員,保育,求人ボックス,https://xn--pckua2a7gp15o89zb.com/jb/e89e9d8c52b82b707f6efbb479bd65d4,True,19時間前,2026-06-20 01:22:39,岐阜県
保育士新着,Enjoy One Self株式会社,岐阜県,"時給1,200円",アルバイト・パート,保育,求人ボックス,https://xn--pckua2a7gp15o89zb.com/jb/eae73bb6966a6b95cb0e1e99a00d6ecc,True,19時間前,2026-06-20 01:22:39,岐阜県
保育士新着,社会福祉法人誠心愛育会,岐阜県,"月給21万5,000円",正社員,保育,求人ボックス,https://xn--pckua2a7gp15o89zb.com/jb/f49434480f0d1aaee139476d6b19018a,True,18時間前,2026-06-20 01:22:42,岐阜県
保育士新着,株式会社ハートコンサルタント,岐阜県,"月給22万9,000円",正社員,保育,求人ボックス,https://xn--pckua2a7gp15o89zb.com/jb/333cf0017b5a310e3c72f63c076e3d3e,True,19時間前,2026-06-20 01:22:42,岐阜県
保育士新着,株式会社HUMANLINK,岐阜県,"時給1,320円",派遣社員,保育,求人ボックス,https://xn--pckua2a7gp15o89zb.com/jb/3b7695145c4a7f3796e9e4f77448e887,True,18時間前,2026-06-20 01:22:42,岐阜県
保育士新着,社会福祉法人恵峰会,岐阜県,月給20万720円,正社員,保育,求人ボックス,https://xn--pckua2a7gp15o89zb.com/jb/4b47edba983fb7207679575220b25377,True,19時間前,2026-06-20 01:22:42,岐阜県
保育士新着,一般社団法人未来会,岐阜県,"時給1,160円",アルバイト・パート,保育,求人ボックス,https://xn--pckua2a7gp15o89zb.com/jb/f16239527c551b0dc1e10f9c0bdf0c54,True,19時間前,2026-06-20 01:22:45,岐阜県
保育士新着,特定非営利活動法人ふぁいん,岐阜県,"時給1,100円",アルバイト・パート,保育,求人ボックス,https://xn--pckua2a7gp15o89zb.com/jb/c320133c7464beb1e8b019e425dc49e5,True,18時間前,2026-06-20 01:22:45,岐阜県
「集客業務なし、お客様対応に集中できる環境／美容師」／急募新着,QBハウスアスティ岐阜,岐阜県,"月給27万1,000円",正社員,美容,求人ボックス,https://xn--pckua2a7gp15o89zb.com/jbn/cf559154c369d89904c978d2137925f8,True,23時間前,2026-06-20 01:22:38,岐阜県
月給30万～／未経験採用枠／研修充実／Tiktok運用エンジニア新着,infront株式会社,岐阜県,月給30万～,正社員,美容,求人ボックス,https://xn--pckua2a7gp15o89zb.com/jbn/955953c746a0c79f0eb5a8253f30c174,True,2時間前,2026-06-20 01:22:38,岐阜県
「新生活デビュー応援!」未経験採用枠／製造工場での軽作業・カプセルトイ／プライベート充実新着,株式会社RIOT GROUP,岐阜県,月給28万円～50万円,正社員,美容,求人ボックス,https://xn--pckua2a7gp15o89zb.com/jbn/f501400e230c2ed4f252e99994c5707e,True,2時間前,2026-06-20 01:22:38,岐阜県
「新生活デビュー応援!」未経験採用枠／カプセルトイ製造オペレーター／プライベート充実新着,株式会社小林,岐阜県,月給28万円～50万円,正社員,美容,求人ボックス,https://xn--pckua2a7gp15o89zb.com/jbn/e4fc68bfaf4debbfc128a53a061a14b5,True,3時間前,2026-06-20 01:22:41,岐阜県
「まだ間に合う!」未経験採用枠／カプセルトイ製造スタッフ／プライベート充実新着,株式会社RIOT,岐阜県,月給28万円～50万円,正社員,美容,求人ボックス,https://xn--pckua2a7gp15o89zb.com/jbn/3417d25ae0bc5bdfb1d8aee285e35dd2,True,2時間前,2026-06-20 01:22:45,岐阜県
「まだ間に合う!」／未経験からできる軽作業「ガチャガチャなど」／寮・社宅・家賃補助あり新着,株式会社GUM,岐阜県,月給32万円～40万円,正社員,美容,求人ボックス,https://xn--pckua2a7gp15o89zb.com/jbn/5e67357540653883399410f9a552df73,True,2時間前,2026-06-20 01:22:45,岐阜県
未経験採用枠「第2新卒活躍中!」ガチャガチャ製造スタッフ／高収入／昇給年2回賞与年2回新着,Yts株式会社,岐阜県,"月給31万8,100円",正社員,美容,求人ボックス,https://xn--pckua2a7gp15o89zb.com/jbn/36f7a4155dc262dd6939dab7ed5e5f36,True,3時間前,2026-06-20 01:22:49,岐阜県
「まだ間に合う!」／未経験からできる製造職「カプセルトイなど」／資格取得支援あり新着,株式会社alBee,岐阜県,月給32万円～40万円,正社員,美容,求人ボックス,https://xn--pckua2a7gp15o89zb.com/jbn/e847a5c83994f86a4a12a937bd2f3354,True,2時間前,2026-06-20 01:22:49,岐阜県
日々の暮らしを守る 総合職 営業・管理新着,小野電産業株式会社,岐阜県,"月給22万5,000円",正社員,美容,求人ボックス,https://xn--pckua2a7gp15o89zb.com/jb/d08577b4f2b3783ef8edbfc535b87c55,True,13時間前,2026-06-20 01:22:51,岐阜県
起業型地域おこし協力隊!あなたの夢を田舎で叶えませんか新着,...養蜂業「おおだいら養蜂」をオープンさせ、町に多くのお客様を呼んでくれています。6年度はアウトドアサウナとスパイスカレーの店「ヤオツサウナアンドスパイス」ジェラート工房「Lit GELATO]が開,岐阜県,月給20万円,,美容,求人ボックス,https://xn--pckua2a7gp15o89zb.com/jb/3c467e5012ba68b7db6269b65c8c5873,True,12時間前,2026-06-20 01:22:51,岐阜県
公共工事メインの現場作業スタッフ新着,協業組合H・C建設,岐阜県,月給28万円～38万円,正社員,建設,求人ボックス,https://xn--pckua2a7gp15o89zb.com/jb/5b74222fc43657d3e7c57f1c65021506,True,19時間前,2026-06-20 01:22:41,岐阜県
電気施工管理サポートスタッフ 経験者限定 寮完備 全国拠点新着,株式会社GSスタッフ,岐阜県,"月給35万1,500円",正社員,建設,求人ボックス,https://xn--pckua2a7gp15o89zb.com/jb/4b3f1a1734df8d421b7e7195a6cac2cb,True,1時間前,2026-06-20 01:22:41,岐阜県
ベッドフレームの製造／未経験OK／寮完備／単純作業／履歴書不要新着,株式会社Neo Boost人事採用2課,岐阜県,"時給1,500円～1,875円",アルバイト・パート,建設,求人ボックス,https://xn--pckua2a7gp15o89zb.com/jb/f7ad1e6476dcb075aea8f80f34cc73df,True,22時間前,2026-06-20 01:22:41,岐阜県
年休125日／ハイクラス採用／福祉施設・商業施設の施工管理／1級建築施工管理技士／DX推進新着,非​​公​​開,岐阜県,"年収750万円～1,000万円",正社員,建設,求人ボックス,https://xn--pckua2a7gp15o89zb.com/jb/52e8b1a3b5441cd511cbe6122fd1855f,True,16時間前,2026-06-20 01:22:41,岐阜県
キッチンタイマーの検品／寮完備／未経験OK／軽作業／履歴書不要新着,株式会社KIエージェント人事窓口3課,岐阜県,"時給1,480円～1,850円",アルバイト・パート,建設,求人ボックス,https://xn--pckua2a7gp15o89zb.com/jb/24bff5d6a4fff77d5662cdc584e20848,True,5時間前,2026-06-20 01:22:41,岐阜県
マウスの組立／未経験OK／寮費無料／シンプル作業／履歴書不要新着,株式会社KIエージェント 第一営業部,岐阜県,"時給1,520円～1,900円",アルバイト・パート,建設,求人ボックス,https://xn--pckua2a7gp15o89zb.com/jb/3b99f523d14d20a0436add07875d0b2f,True,5時間前,2026-06-20 01:22:41,岐阜県
トレカの検品・梱包／未経験OK／寮完備／シンプル作業／履歴書不要新着,株式会社Neo Boost人事採用3課,岐阜県,"時給1,480円～1,850円",アルバイト・パート,建設,求人ボックス,https://xn--pckua2a7gp15o89zb.com/jb/3281b0ac6f827141be3cac47216c2457,True,22時間前,2026-06-20 01:22:41,岐阜県
トレカの検品・梱包／未経験OK／寮完備／シンプル作業／履歴書不要新着,株式会社Neo Boost 人事採用部,岐阜県,"時給1,480円～1,850円",アルバイト・パート,建設,求人ボックス,https://xn--pckua2a7gp15o89zb.com/jb/b40fd8596e77b32e03d6292a437b030f,True,22時間前,2026-06-20 01:22:41,岐阜県
コスメ用品の梱包／未経験OK／寮完備／工場／軽作業／住み込み新着,株式会社KIエージェント 製造部2課,岐阜県,月給28万円～32万円,正社員,建設,求人ボックス,https://xn--pckua2a7gp15o89zb.com/jb/adcbfe4308f0780cdc3dccdda5190ccf,True,5時間前,2026-06-20 01:22:41,岐阜県
ボタンの仕分け・検品／寮完備／未経験OK／単純作業／履歴書不要新着,株式会社KIエージェント人事窓口3課,岐阜県,"時給1,480円～1,850円",アルバイト・パート,建設,求人ボックス,https://xn--pckua2a7gp15o89zb.com/jb/bc317a08417512682fbf936be19960c6,True,5時間前,2026-06-20 01:22:42,岐阜県
ボタンの仕分け・検品／寮完備／未経験OK／単純作業／履歴書不要新着,株式会社KIエージェント人事窓口2課,岐阜県,"時給1,480円～1,850円",アルバイト・パート,建設,求人ボックス,https://xn--pckua2a7gp15o89zb.com/jb/7f8b61038325457490904600a5ef37ab,True,5時間前,2026-06-20 01:22:42,岐阜県
施工管理・工事監理者 土木・解体工事新着,小池土木株式会社,岐阜県,年収350万円～700万円,正社員,建設,求人ボックス,https://xn--pckua2a7gp15o89zb.com/jb/c206842e57dd128bafb566f84742ae94,True,7時間前,2026-06-20 01:22:42,岐阜県
品質管理・保証 建築・土木・プラント・設備新着,ナガイ株式会社,岐阜県,年収258万円～312万円,正社員,建設,求人ボックス,https://xn--pckua2a7gp15o89zb.com/jb/7b3e1b6f74257f3177fb391d6ea8c307,True,7時間前,2026-06-20 01:22:42,岐阜県
2027 新卒採用 建設新着,前田建設工業株式会社,岐阜県,月給30万円,正社員,建設,求人ボックス,https://xn--pckua2a7gp15o89zb.com/jb/a49efa5363e756bba0d16dd2896c9e12,True,11時間前,2026-06-20 01:22:42,岐阜県
パイプ製造新着,建設,岐阜県,月給29万円～47万円,正社員,建設,求人ボックス,https://xn--pckua2a7gp15o89zb.com/jb/4f488a23320748bc3b654dfcc058f9a8,True,4時間前,2026-06-20 01:22:42,岐阜県
スタッフクラス／土木設計職／本社勤務／年間休日129日／7時間労働制 パシフィックグループ新着,パシコン技術管理株式会社,岐阜県,"年収500万円～1,000万円",正社員,建設,求人ボックス,https://xn--pckua2a7gp15o89zb.com/jb/fe7d044fabb9432639485500c71b2fef,True,12時間前,2026-06-20 01:22:42,岐阜県
施工管理・工事監理者 土木・解体工事新着,ナガイ株式会社,岐阜県,年収258万円～312万円,正社員,建設,求人ボックス,https://xn--pckua2a7gp15o89zb.com/jb/b09e1dee0b77826e5b83e44ff4ffcb5a,True,7時間前,2026-06-20 01:22:44,岐阜県
パイプ製造新着,建設,岐阜県,月給29万円～47万円,正社員,建設,求人ボックス,https://xn--pckua2a7gp15o89zb.com/jb/216c7afb630383c82e23fced93dd83e1,True,4時間前,2026-06-20 01:22:44,岐阜県
一般事務／未経験歓迎／丁寧な研修あり／少人数チーム新着,一般事務,岐阜県,月給26万円～39万,正社員,事務,求人ボックス,https://xn--pckua2a7gp15o89zb.com/jbn/a874571e4a9ab1f24104e88750ff18ef,True,13時間前,2026-06-20 01:22:49,岐阜県
「大手企業でオフィスワークデビュー!」／一般事務／未経験95%新着,一般事務,岐阜県,"月給26万5,000円",正社員,事務,求人ボックス,https://xn--pckua2a7gp15o89zb.com/jbn/0c70c1c9f25c7ac822c7490e8fc84129,True,5時間前,2026-06-20 01:22:52,岐阜県
「数字チェックから始める事務」／経理事務／有給取得率90%以上新着,事務,岐阜県,"月給25万8,800円",正社員,経理,求人ボックス,https://xn--pckua2a7gp15o89zb.com/jbn/6ca4af93118bc939441c0d3081c9b394,True,5時間前,2026-06-20 01:22:55,岐阜県
「数字チェックから始める事務」／経理事務／年間休日125日以上新着,事務,岐阜県,"月給25万4,600円",正社員,経理,求人ボックス,https://xn--pckua2a7gp15o89zb.com/jbn/bc1a4a41c9cc585a8efb4242c85278df,True,5時間前,2026-06-20 01:22:55,岐阜県
経理業務 ／ 一般事務・OA事務／会計事務所新着,株式会社アヴァンティスタッフ,岐阜県,"時給1,400円",派遣社員,経理,求人ボックス,https://xn--pckua2a7gp15o89zb.com/jb/5c1867428a37f0f98bb13dacda634673,True,22時間前,2026-06-20 01:22:55,岐阜県
経理事務新着,経理,岐阜県中古自動車販売商工組合,月給20万円～24万円,正社員,経理,求人ボックス,https://xn--pckua2a7gp15o89zb.com/jb/187f155fdaff737f9ee226154f2eff22,True,14時間前,2026-06-20 01:22:55,岐阜県
経理事務／週2日×4h・月7日間程度の扶養内ワーク／経験者の募集新着,エンプロ株式会社,岐阜県,"時給1,530円",派遣社員,経理,求人ボックス,https://xn--pckua2a7gp15o89zb.com/jb/0cf73ed3976a73dabaf97f3d9c2ca742,True,11時間前,2026-06-20 01:22:55,岐阜県
未経験採用枠／研修充実／スマホアプリプログラマー新着,infront株式会社,岐阜県,月給27万円～50万円,正社員,経理,求人ボックス,https://xn--pckua2a7gp15o89zb.com/jbn/1d8ae840a36a665c662a0e8fc9821658,True,1時間前,2026-06-20 01:22:55,岐阜県
「ゼロから学べるデータの仕事」／データサイエンティスト／月収30万円以上可／未経験歓迎／教育制度充実新着,株式会社SNJAPAN,岐阜県,月給27万円～34万円,正社員,経理,求人ボックス,https://xn--pckua2a7gp15o89zb.com/jbn/ee7f25468d4e265d4e43e9b410f56b12,True,11時間前,2026-06-20 01:22:55,岐阜県
未経験から始められる簡単データ入力!決まった項目をコツコツ入力するだけのシンプル事務ワーク新着,経理,岐阜県,月給25万円～35万円,正社員,経理,求人ボックス,https://xn--pckua2a7gp15o89zb.com/jbn/0b5e2b412db3b63c15ab59c2d7af7622,True,6時間前,2026-06-20 01:22:56,岐阜県
オフィスワーク初挑戦歓迎!入力中心で月収25〜35万円可新着,経理,岐阜県,月給25万円～35万円,正社員,経理,求人ボックス,https://xn--pckua2a7gp15o89zb.com/jbn/b2132418a9328a03b6a600f125c1e6ea,True,6時間前,2026-06-20 01:22:56,岐阜県
一般事務／16時まで相談可!未経験でもOK!受注入力作業などのOA事務新着,株式会社スタッフサービス,岐阜県,"月給18万4,500円",派遣社員,経理,求人ボックス,https://xn--pckua2a7gp15o89zb.com/jb/79b1638982552c6d16cf268311869ce6,True,14時間前,2026-06-20 01:23:00,岐阜県
「好きがスキルに変わる仕事!」／ゲームプログラマー／寮費無料／研修あり／未経験歓迎新着,このお仕事の特徴一般,岐阜県,月給27万円～34万円,正社員,経理,求人ボックス,https://xn--pckua2a7gp15o89zb.com/jbn/905eb1439c3a73a058c8fcd25fdbee0d,True,11時間前,2026-06-20 01:23:04,岐阜県
「ゼロから学べるデータの仕事」／データサイエンティスト／月収30万円以上可／未経験歓迎／教育制度充実新着,このお仕事の特徴一般,岐阜県,月給27万円～34万円,正社員,経理,求人ボックス,https://xn--pckua2a7gp15o89zb.com/jbn/f12dd0341feaf882627731f39c14bddf,True,11時間前,2026-06-20 01:23:04,岐阜県
「ゲーム好きがそのまま仕事に!」／ゲームテスター／寮完備／月収30万円以上可／シンプル作業新着,このお仕事の特徴一般,岐阜県,月給27万円～34万円,正社員,経理,求人ボックス,https://xn--pckua2a7gp15o89zb.com/jbn/5898f2d7d408948d3e97fd7ab430f66f,True,11時間前,2026-06-20 01:23:04,岐阜県
「学びながらレベルアップできる環境」／ゲームテスター／月収30万円以上可／研修あり／正社員登用あり新着,このお仕事の特徴一般,岐阜県,月給27万円～34万円,正社員,経理,求人ボックス,https://xn--pckua2a7gp15o89zb.com/jbn/eef26913631c99fe81efa3c647d0e70d,True,11時間前,2026-06-20 01:23:04,岐阜県
「面白さを設計する仕事に挑戦」／ゲームプランナー／月収32万円以上可／未経験OK／昇給制度あり新着,このお仕事の特徴一般,岐阜県,月給27万円～34万円,正社員,経理,求人ボックス,https://xn--pckua2a7gp15o89zb.com/jbn/220771157cf74f696755296e49c02349,True,11時間前,2026-06-20 01:23:07,岐阜県
「面白いを考える仕事、始めませんか?」／ゲームプランナー／月収30万円以上可／未経験OK新着,このお仕事の特徴一般,岐阜県,月給27万円～34万円,正社員,経理,求人ボックス,https://xn--pckua2a7gp15o89zb.com/jbn/e5a18b5868d04f9e7a04b250adb2cbcd,True,11時間前,2026-06-20 01:23:07,岐阜県
「企画力を伸ばしてキャリア形成」／ゲームプランナー／月収30万円以上可／未経験歓迎／教育体制あり新着,このお仕事の特徴一般,岐阜県,月給27万円～34万円,正社員,経理,求人ボックス,https://xn--pckua2a7gp15o89zb.com/jbn/2c0331fe3c5fbf4e835c85bacef9521c,True,11時間前,2026-06-20 01:23:07,岐阜県
「人気アプリの品質を支える仕事!」／アプリチェックスタッフ／月収30万円以上可／シンプル作業新着,このお仕事の特徴一般,岐阜県,月給27万円～34万円,正社員,経理,求人ボックス,https://xn--pckua2a7gp15o89zb.com/jbn/f36941028ba44da6d41b52e5c5f9450d,True,11時間前,2026-06-20 01:23:07,岐阜県
社内システム管理・総務スタッフ新着,株式会社東海細胞研究所,岐阜県,"月給20万6,000円",正社員,経理,求人ボックス,https://xn--pckua2a7gp15o89zb.com/jb/85e309d09808ff66924296a97b25ddab,True,1時間前,2026-06-20 01:23:07,岐阜県
土木施工管理新着,株式会社堀口組,岐阜県,年収400万円～650万円,正社員,経理,求人ボックス,https://xn--pckua2a7gp15o89zb.com/jb/b16820326a07065a4b54a8ed6c6faed9,True,1時間前,2026-06-20 01:23:07,岐阜県
一般事務・OA事務 ／ データエントリー業務／長期／時給1500円 事務経験があればOKで始めやすい新着,パーソルテンプスタッフ株式会社,岐阜県,時給1500円,派遣社員,経理,求人ボックス,https://xn--pckua2a7gp15o89zb.com/jb/9748d2c4da835022d375b66cc05f86e1,True,21時間前,2026-06-20 01:23:09,岐阜県
7月入社OK&未経験者が育ちやすい環境が揃う! プログラマー／a新着,株式会社リクルートR&Dスタッフィング,岐阜県,"月給20万9,000円",正社員,経理,求人ボックス,https://xn--pckua2a7gp15o89zb.com/jb/8c2275258d52a30db07315de474dc888,True,21時間前,2026-06-20 01:23:09,岐阜県
ITサポート事務 フルリモート有新着,ALJOY株式会社,岐阜県,月給25万円～,正社員,経理,求人ボックス,https://xn--pckua2a7gp15o89zb.com/jb/643cee016c28a6b86c2c5d2fe86ce296,True,21時間前,2026-06-20 01:23:09,岐阜県
ベッドフレームやマットレスを手がける企業の経理総務 創業120年超 土日祝休み新着,株式会社錦之堂インターナショナル,岐阜県,月給25万円～35万円,正社員,経理,求人ボックス,https://xn--pckua2a7gp15o89zb.com/jb/524d12616890fa13f7cf8f86bd6f72ba,True,1時間前,2026-06-20 01:23:09,岐阜県
前給UP保障 ITエンジニア 案件選択×リモート可／在宅手当あり新着,株式会社グッドワークス,岐阜県,月給30万円～75万円,正社員,経理,求人ボックス,https://xn--pckua2a7gp15o89zb.com/jb/44829e6705e6829075e725609da2561c,True,21時間前,2026-06-20 01:23:09,岐阜県
保育園や介護施設を運営している会社の事務員新着,株式会社FiveBoxes,岐阜県,"時給1,065円～1,150円",アルバイト・パート,経理,求人ボックス,https://xn--pckua2a7gp15o89zb.com/jb/5aade09abf8632c22fa9fa272fd99f33,True,14時間前,2026-06-20 01:23:09,岐阜県
電子・セラミック関連企業での事務新着,アルテンジャパン株式会社,岐阜県,月給23万円～35万円,正社員,経理,求人ボックス,https://xn--pckua2a7gp15o89zb.com/jb/490e9ab56f503cf79a964ab85cdbd3a7,True,15時間前,2026-06-20 01:23:09,岐阜県
「愛知県勤務」交通誘導／新生活応援／家具・家電付の社宅完備新着,セキュリティスタッフ株式会社,岐阜県,月給24万円～26万円,正社員,警備,求人ボックス,https://xn--pckua2a7gp15o89zb.com/jb/be1c9447577d94dfb1293f66efe37186,True,1時間前,2026-06-20 01:23:14,岐阜県
警備職 未経験可 サポート体制充実新着,株式会社レシーザ,岐阜県,"日給1万1,000円",アルバイト・パート,警備,求人ボックス,https://xn--pckua2a7gp15o89zb.com/jb/19bbdf1db93a52fa309f3161fa97d281,True,1時間前,2026-06-20 01:23:14,岐阜県
ピザの調理・接客新着,ピザハット各務原鵜沼店,岐阜県,"時給1,070円～",アルバイト・パート,警備,求人ボックス,https://xn--pckua2a7gp15o89zb.com/jb/6de21fbb6675592d9aab5de5cede460d,True,13時間前,2026-06-20 01:23:14,岐阜県
商品のお届けスタッフ新着,ピザハットマックスバリュ垂井店,岐阜県,"時給1,120円～",アルバイト・パート,警備,求人ボックス,https://xn--pckua2a7gp15o89zb.com/jb/8f13481390f06eef09fdeb3b8848bec5,True,13時間前,2026-06-20 01:23:14,岐阜県
ピザメイク・レジSTAFF新着,ピザハット土岐店,岐阜県,"時給1,150円～",アルバイト・パート,警備,求人ボックス,https://xn--pckua2a7gp15o89zb.com/jb/2ad7d5d4ecb1636b9110acd01b8ea31f,True,13時間前,2026-06-20 01:23:14,岐阜県
インスタントカメラの組立／寮費無料／未経験OK／単純作業／工場新着,株式会社KIエージェント人事窓口2課,岐阜県,月給30万円～35万円,正社員,警備,求人ボックス,https://xn--pckua2a7gp15o89zb.com/jb/1e769643675a7b0ff3c53b196fcac63d,True,5時間前,2026-06-20 01:23:14,岐阜県
セロハンテープの検品・梱包／未経験OK／寮完備／軽作業／履歴書不要新着,株式会社Neo Boost人事採用2課,岐阜県,"時給1,480円～1,850円",アルバイト・パート,警備,求人ボックス,https://xn--pckua2a7gp15o89zb.com/jb/9ae710e6049642d22315615bacd77375,True,22時間前,2026-06-20 01:23:14,岐阜県
収納ボックスの製造／単純作業／寮完備／未経験OK／スピード採用新着,株式会社KIエージェント 第一営業部,岐阜県,月給30万円～35万円,正社員,警備,求人ボックス,https://xn--pckua2a7gp15o89zb.com/jb/a87e32c009940a1957f5543287106299,True,5時間前,2026-06-20 01:23:14,岐阜県
お掃除シートの検品／未経験歓迎／シンプル作業／寮完備／住み込み新着,株式会社Neo Boost人事採用3課,岐阜県,月給28万円～32万円,正社員,警備,求人ボックス,https://xn--pckua2a7gp15o89zb.com/jb/2a892ade4a1e1a3ff937426e7cfbf552,True,22時間前,2026-06-20 01:23:14,岐阜県
アイマスクの仕分け／未経験OK／寮完備／工場／軽作業／住み込み新着,株式会社KIエージェント 製造部2課,岐阜県,"月給28万5,000円",正社員,警備,求人ボックス,https://xn--pckua2a7gp15o89zb.com/jb/78517c0f5e32effde370e83c448fb2e2,True,5時間前,2026-06-20 01:23:14,岐阜県
お掃除シートの検品／未経験歓迎／シンプル作業／寮完備／住み込み新着,株式会社Neo Boost 人事採用部,岐阜県,月給28万円～32万円,正社員,警備,求人ボックス,https://xn--pckua2a7gp15o89zb.com/jb/25330dd567cb504b4c32926fadfb6c5d,True,22時間前,2026-06-20 01:23:14,岐阜県
パイプ製造新着,...こういった職種の方からの応募が増えています  実際に異業種から転職された方が多数活躍中 特に下記のような職種経験をお持ちの方から多くご応募いただいています。 警察官 消防官 自衛官 海上保安官 ,岐阜県,月給29万円～47万円,正社員,警備,求人ボックス,https://xn--pckua2a7gp15o89zb.com/jb/cfda00477a582a85ee5f8880280a21d3,True,4時間前,2026-06-20 01:23:14,岐阜県
専門職新着,警備員・,岐阜県,"月給25万4,449円",,警備,求人ボックス,https://xn--pckua2a7gp15o89zb.com/jb/c6b991788505dfaca0c503ffe6885629,True,9時間前,2026-06-20 01:23:14,岐阜県
カードゲーム商品の製造／寮完備／未経験OK／単純作業／履歴書不要新着,株式会社KIエージェント人事窓口2課,岐阜県,"時給1,500円～1,875円",アルバイト・パート,警備,求人ボックス,https://xn--pckua2a7gp15o89zb.com/jb/16195b07949c0ee659b78fec85693696,True,5時間前,2026-06-20 01:23:14,岐阜県
インスタントカメラの組立／寮費無料／未経験OK／単純作業／工場新着,株式会社KIエージェント人事窓口3課,岐阜県,月給30万円～35万円,正社員,警備,求人ボックス,https://xn--pckua2a7gp15o89zb.com/jb/8f5c8b84a842a41b1525780e1a035b5a,True,5時間前,2026-06-20 01:23:18,岐阜県
訪問看護の看護師／月給319000円新着,<仕事内容>・訪問リハビリをメインとした訪問,岐阜県,月給319000円,正社員,看護,求人ボックス,https://xn--pckua2a7gp15o89zb.com/jb/e4a262d7ad2839fcd0491c64a4726ed9,True,19時間前,2026-06-20 01:23:00,岐阜県
訪問看護の看護師／月給340500円~／年休120日新着,看護,岐阜県,月給340500円,正社員,看護,求人ボックス,https://xn--pckua2a7gp15o89zb.com/jb/5828940df8b78331491795dabfeca343,True,19時間前,2026-06-20 01:23:01,岐阜県
介護施設の看護師／月給305000円新着,介護施設の,岐阜県,月給305000円,正社員,看護,求人ボックス,https://xn--pckua2a7gp15o89zb.com/jb/baee0348ec9c48b3a80c3278d942df7b,True,19時間前,2026-06-20 01:23:01,岐阜県
ホスピスの看護師／月給378600円~／日勤のみ新着,看護師,岐阜県,月給378600円,正社員,看護,求人ボックス,https://xn--pckua2a7gp15o89zb.com/jb/aded045577bf7664986578b42083543e,True,19時間前,2026-06-20 01:23:04,岐阜県
ホスピスの看護師／月給378000円新着,看護師,岐阜県,月給378000円,正社員,看護,求人ボックス,https://xn--pckua2a7gp15o89zb.com/jb/858346703d1c1fdd2fab9f642540b679,True,19時間前,2026-06-20 01:23:08,岐阜県
介護施設の看護師／月給315500円新着,看護師,岐阜県,月給315500円,正社員,看護,求人ボックス,https://xn--pckua2a7gp15o89zb.com/jb/806d8ef18fee5b37f8784e1567a88622,True,19時間前,2026-06-20 01:23:11,岐阜県
特別養護老人ホームの看護師／年収3500000円~／日勤のみ新着,看護師,岐阜県,年収3500000円,正社員,看護,求人ボックス,https://xn--pckua2a7gp15o89zb.com/jb/20a7367182486cd9891050670579bcd4,True,19時間前,2026-06-20 01:23:11,岐阜県
ホスピスの看護師／月給400000円新着,看護師,岐阜県,月給400000円,正社員,看護,求人ボックス,https://xn--pckua2a7gp15o89zb.com/jb/b2497e396099241fd7e1f578e84ace1a,True,19時間前,2026-06-20 01:23:14,岐阜県
訪問看護の看護師／月給405000円~／賞与あり新着,看護,岐阜県,月給405000円,正社員,看護,求人ボックス,https://xn--pckua2a7gp15o89zb.com/jb/d612bab9cdcf179bba628350d484ff6e,True,19時間前,2026-06-20 01:23:14,岐阜県
病院の看護師／月給313000円~／賞与あり／年休120日新着,看護師,岐阜県,月給313000円,正社員,看護,求人ボックス,https://xn--pckua2a7gp15o89zb.com/jb/937125363dd8c9be9dd2129e083a59a7,True,19時間前,2026-06-20 01:23:17,岐阜県
有料老人ホームの看護師／月給405500円~／日勤のみ新着,看護師,岐阜県,月給405500円,正社員,看護,求人ボックス,https://xn--pckua2a7gp15o89zb.com/jb/2653ba73e5d240468a901ab4394bffe5,True,19時間前,2026-06-20 01:23:17,岐阜県
訪問看護の看護師／月給325000円新着,看護,岐阜県,月給325000円,正社員,看護,求人ボックス,https://xn--pckua2a7gp15o89zb.com/jb/b812cd1fccdf8213847c8b50870af6a7,True,19時間前,2026-06-20 01:23:21,岐阜県
訪問看護の看護師／月給299000円~／日勤のみ／駅チカ／残業少なめ新着,看護,岐阜県,月給299000円,正社員,看護,求人ボックス,https://xn--pckua2a7gp15o89zb.com/jb/1818fe2c747c77102bae68d387fd9df1,True,19時間前,2026-06-20 01:23:21,岐阜県
訪問看護の看護師／月給300000円~／残業少なめ新着,看護,岐阜県,月給300000円,正社員,看護,求人ボックス,https://xn--pckua2a7gp15o89zb.com/jb/5da3329d0741927c69abc1b9ca1ebcb3,True,19時間前,2026-06-20 01:23:25,岐阜県
ホスピスの看護師／月給378000円~／日勤のみ新着,看護師,岐阜県,月給378000円,正社員,看護,求人ボックス,https://xn--pckua2a7gp15o89zb.com/jb/695b40204ce3d1490b5d5688a2fbb1c1,True,19時間前,2026-06-20 01:23:25,岐阜県
介護老人保健施設の看護師／月給304000円~／駅チカ新着,看護師,岐阜県,月給304000円,正社員,看護,求人ボックス,https://xn--pckua2a7gp15o89zb.com/jb/eed9d8f158f55e8afabedf7a651c5aad,True,19時間前,2026-06-20 01:23:29,岐阜県
「賞与年2回×月収30万〜可能」中距離の中型トラックドライバー新着,司東海株式会社,岐阜県,月給20万円～30万円,正社員,ドライバー,求人ボックス,https://xn--pckua2a7gp15o89zb.com/jbn/830bd740b5873d50d472be28578fd3d7,True,18時間前,2026-06-20 01:23:10,岐阜県
「手積み・手降ろしほぼなし」長距離の大型トラックドライバー／男性活躍新着,司企業株式会社,岐阜県,"日給1万3,000円",正社員,ドライバー,求人ボックス,https://xn--pckua2a7gp15o89zb.com/jbn/64deacd751ee342ff11501f9c6e939e1,True,18時間前,2026-06-20 01:23:11,岐阜県
中型トラックドライバー 4t車でカゴ台車配送 夜勤専属 月9日休日新着,名阪急配株式会社,岐阜県,"月給30万5,000円",正社員,ドライバー,求人ボックス,https://xn--pckua2a7gp15o89zb.com/jb/d1ef7ee4b6e213d1b252dbd6dec6cc97,True,1時間前,2026-06-20 01:23:11,岐阜県
中型ドライバー 自動車部品の配送 手積み手降ろしなし 完全週休2日制新着,株式会社青山運送,岐阜県,月給32万円～35万円,正社員,ドライバー,求人ボックス,https://xn--pckua2a7gp15o89zb.com/jb/d6c8c800fe72d7c71aa5bc7b72e4663f,True,1時間前,2026-06-20 01:23:11,岐阜県
日勤固定 住宅用換気扇の組立・検品／日払いOK／電動ドライバーでネジ締...新着,株式会社誰でもファクトリー,岐阜県,"時給1,450円～",アルバイト・パート,ドライバー,求人ボックス,https://xn--pckua2a7gp15o89zb.com/jb/43864d82653b83759e6116bdad91a588,True,15時間前,2026-06-20 01:23:15,岐阜県
ものづくりの基礎から学べる!／ドライバービットケースの出荷準備スタッフ新着,ドライバー,岐阜県,"月給44万4,000円",正社員,ドライバー,求人ボックス,https://xn--pckua2a7gp15o89zb.com/jbn/a10a5e3ad3ccd759665fc62352420908,True,8時間前,2026-06-20 01:23:19,岐阜県
ドライバー／配達／仕分け・シール貼り 日給保証 日払いOK新着,株式会社MULO,岐阜県,,,ドライバー,求人ボックス,https://xn--pckua2a7gp15o89zb.com/jb/adf134d4b64203105b18384a11fb4b2c,True,14時間前,2026-06-20 01:23:22,岐阜県
ハイエースでの介護用品地場配送ドライバー新着,株式会社ドライブトライブ,岐阜県,"日給1万4,400円",アルバイト・パート,ドライバー,求人ボックス,https://xn--pckua2a7gp15o89zb.com/jb/68a2fcb4343a60f05e724d5c0918aaf0,True,15時間前,2026-06-20 01:23:22,岐阜県
送迎ドライバー「パート・アルバイト」／そよ風公式新着,株式会社SOYOKAZE,岐阜県,"時給1,200円",アルバイト・パート,ドライバー,求人ボックス,https://xn--pckua2a7gp15o89zb.com/jb/6d5455ea5acb9a382ccd392aa49e1c82,True,23時間前,2026-06-20 01:23:22,岐阜県
送迎ドライバー／デイサービス・デイケア新着,社会福祉法人愛燦会 地域密着型特別養護老人ホーム...,岐阜県,"時給1,070円～1,110円",アルバイト・パート,ドライバー,求人ボックス,https://xn--pckua2a7gp15o89zb.com/jb/69bcbc3aaba81254e7b1d58d77e98c61,True,19時間前,2026-06-20 01:23:28,岐阜県
送迎ドライバー新着,ニチイケアセンター土岐,岐阜県,"時給1,065円",アルバイト・パート,ドライバー,求人ボックス,https://xn--pckua2a7gp15o89zb.com/jb/a0de72671909bf3f7ffe36b5feaee348,True,20時間前,2026-06-20 01:23:31,岐阜県
大型トラックの回送ドライバー新着,名古屋陸送株式会社,岐阜県,"月給27万5,000円",派遣社員,ドライバー,求人ボックス,https://xn--pckua2a7gp15o89zb.com/jb/32f0ce6993c69d96398974d3a75224d0,True,10時間前,2026-06-20 01:23:34,岐阜県
送迎ドライバー／障害福祉事業所新着,社会福祉法人愛燦会 あいさんハウス・ぎふ,岐阜県,"時給1,070円～1,090円",アルバイト・パート,ドライバー,求人ボックス,https://xn--pckua2a7gp15o89zb.com/jb/147f206be58a483ee2fe012088fa49f6,True,19時間前,2026-06-20 01:23:37,岐阜県
時計盤の製造スタッフ／月給34万円以上／未経験歓迎／寮完備新着,合同会社タカノワーク,岐阜県,月給34万円,正社員,製造,求人ボックス,https://xn--pckua2a7gp15o89zb.com/jb/c817d7cd0aac08c86ebe503a623301ce,True,4時間前,2026-06-20 01:23:27,岐阜県
ネイルカラー・ネイルグッズの製造スタッフ・ブランクOK「育休取得実績あ...新着,ベンタス株式会社,岐阜県,"月給29万8,300円",正社員,製造,求人ボックス,https://xn--pckua2a7gp15o89zb.com/jbn/761a441d6062248c1de4cf568cda21bb,True,2時間前,2026-06-20 01:23:28,岐阜県
貯金が底をつき、働く場所を探している人・即入寮可能で住まいをすぐ確保できる／割りばしの製造スタッフ新着,株式会社オーヴァル,岐阜県,"月給35万9,000円",正社員,製造,求人ボックス,https://xn--pckua2a7gp15o89zb.com/jb/2622a2dc421ab8b3f10a72df350799f1,True,5時間前,2026-06-20 01:23:28,岐阜県
未経験採用枠「第2新卒活躍中!」ガチャガチャ製造スタッフ／高収入／寮新着,株式会社RIOT GROUP,岐阜県,"月給29万6,900円",正社員,製造,求人ボックス,https://xn--pckua2a7gp15o89zb.com/jbn/aaf78b964478846334d19e5b79ea7c6d,True,2時間前,2026-06-20 01:23:28,岐阜県
細かい部品を組み上げる!／パチンコ台盤面の製造スタッフ／ブランクOK新着,製造,岐阜県,"月給38万1,000円",正社員,製造,求人ボックス,https://xn--pckua2a7gp15o89zb.com/jbn/bc3bf9aeb33241af44bcb8927f09cff7,True,7時間前,2026-06-20 01:23:32,岐阜県
PC好きにおすすめ!／パソコンの製造スタッフ／年間休日137日新着,製造,岐阜県,"月給35万5,500円",正社員,製造,求人ボックス,https://xn--pckua2a7gp15o89zb.com/jbn/3952dee2f299dc5850fd5d231ee817f4,True,7時間前,2026-06-20 01:23:32,岐阜県
カップ麺の容器製造・検品スタッフ／30代40代活躍中です 未経験歓迎新着,キャリアネクスト,岐阜県,月給34万円～,契約社員,製造,求人ボックス,https://xn--pckua2a7gp15o89zb.com/jb/2c699cfc7dae8446de9d66be36d1d35e,True,23時間前,2026-06-20 01:23:36,岐阜県
未経験採用枠「第2新卒活躍中!」ガチャガチャ製造スタッフ／高収入新着,AQUARIUS株式会社,岐阜県,"月給29万3,200円",正社員,製造,求人ボックス,https://xn--pckua2a7gp15o89zb.com/jbn/d3b177c61e59c52e2ae4fbb6bd234f3f,True,2時間前,2026-06-20 01:23:36,岐阜県
製造スタッフ ノンデリ皆無 優しい先輩しかおらん 簡単組み立て·検査新着,株式会社Brave,岐阜県,月給32万円～38万円,正社員,製造,求人ボックス,https://xn--pckua2a7gp15o89zb.com/jb/5b8499aa4d0ed127fb6d3a4cc23319d5,True,14時間前,2026-06-20 01:23:40,岐阜県
「新生活デビュー応援!」未経験採用枠／製造スタッフ・カプセルトイ／寮新着,株式会社小林,岐阜県,月給28万円～50万円,正社員,製造,求人ボックス,https://xn--pckua2a7gp15o89zb.com/jbn/8d742019510758def2c6ff743e092fe0,True,3時間前,2026-06-20 01:23:40,岐阜県
シャンプー詰め替えパックの製造スタッフ新着,製造,岐阜県,月給25万円～32万円,正社員,製造,求人ボックス,https://xn--pckua2a7gp15o89zb.com/jbn/dacbfa53514832362ebd9d3c6781f4f5,True,1時間前,2026-06-20 01:23:40,岐阜県
安定収入／ゲーム関連アクセサリーの製造スタッフ／未経験OK／寮完備新着,株式会社アテナスタイル,岐阜県,月給29万円～,正社員,製造,求人ボックス,https://xn--pckua2a7gp15o89zb.com/jb/5b5e8e5287aaccbe17f6a6ed986e2ee0,True,21時間前,2026-06-20 01:23:43,岐阜県
「人気商品の製造スタッフ!」／ラバーストラップの製造／寮完備寮費無料新着,製造,岐阜県,月給34万円～38万,正社員,製造,求人ボックス,https://xn--pckua2a7gp15o89zb.com/jbn/635f2c91861305e610febcdf58307975,True,7時間前,2026-06-20 01:23:43,岐阜県
20代から始める安定ワーク／音響機材パーツの製造スタッフ／20代活躍中新着,製造,岐阜県,月給31万円～36万円,正社員,製造,求人ボックス,https://xn--pckua2a7gp15o89zb.com/jbn/b8b064058af3c17b5e0c1b38e801f1e1,True,6時間前,2026-06-20 01:23:46,岐阜県
はじめてでも安心の研修あり／電動歯ブラシ部品の製造スタッフ新着,製造,岐阜県,月給32万円～38万円,正社員,製造,求人ボックス,https://xn--pckua2a7gp15o89zb.com/jbn/f35133dc738a6d816766bddac9358353,True,6時間前,2026-06-20 01:23:46,岐阜県
スピード選考で早めに働ける／タンブラー部品の製造スタッフ／20代活躍中新着,製造,岐阜県,"月給31万5,000円",正社員,製造,求人ボックス,https://xn--pckua2a7gp15o89zb.com/jbn/6ba6ff413a2b27b34a591abebe6436db,True,6時間前,2026-06-20 01:23:46,岐阜県
日用品ボトルの製造スタッフ／寮完備／未経験歓迎／高収入／コツコツ作業新着,製造,岐阜県,"月給31万5,000円",正社員,製造,求人ボックス,https://xn--pckua2a7gp15o89zb.com/jbn/26c20b79c35592009f7be08d86d50680,True,8時間前,2026-06-20 01:23:49,岐阜県
コツコツ派に人気の仕事／知育玩具の製造スタッフ／20代活躍中／研修充実新着,製造,岐阜県,月給30万円～40万円,正社員,製造,求人ボックス,https://xn--pckua2a7gp15o89zb.com/jbn/84616ae3f1647da533463db3ba1cd08d,True,6時間前,2026-06-20 01:23:49,岐阜県
初めての転職にもおすすめ!／防犯カメラユニットの製造スタッフ／高収入可新着,製造,岐阜県,"月給40万5,000円",正社員,製造,求人ボックス,https://xn--pckua2a7gp15o89zb.com/jbn/ed7bdc895cb57de5e0a28dff747797ee,True,8時間前,2026-06-20 01:23:53,岐阜県
安定して働ける工場スタッフ募集!／チケットホルダーの製造スタッフ新着,製造,岐阜県,"月給35万9,000円",正社員,製造,求人ボックス,https://xn--pckua2a7gp15o89zb.com/jbn/cbcfb0a44af47e87ca67c38969ddc403,True,8時間前,2026-06-20 01:23:57,岐阜県
男女問わず活躍できる製造職!／小型扇風機モーターの部品製造スタッフ新着,製造,岐阜県,月給41万円～47万,正社員,製造,求人ボックス,https://xn--pckua2a7gp15o89zb.com/jbn/7b84f5b4a739028c8108ad57660b6124,True,8時間前,2026-06-20 01:23:57,岐阜県
コツコツ派に人気の製造職!／ドアストッパー部品の製造スタッフ新着,製造,岐阜県,"月給30万8,000円",正社員,製造,求人ボックス,https://xn--pckua2a7gp15o89zb.com/jbn/e405793c24c3a972672cc06d022a4858,True,8時間前,2026-06-20 01:23:57,岐阜県
「PCスマホ好き歓迎!」／スマホ用ストラップの製造検査スタッフ新着,製造,岐阜県,"月給35万7,000円",正社員,製造,求人ボックス,https://xn--pckua2a7gp15o89zb.com/jbn/be9194bb01340525f9a72c30e7abf108,True,8時間前,2026-06-20 01:23:57,岐阜県
商業施設の清掃スタッフ新着,株式会社ナショナルメンテナンス,岐阜県,"時給1,150円",アルバイト・パート,清掃,求人ボックス,https://xn--pckua2a7gp15o89zb.com/jb/9bc877594d8c0a47e0030e8137f3cd3d,True,1時間前,2026-06-20 01:23:32,岐阜県
プライベートの合間にお小遣いをGET 1日3時間～時間相談OK!新着,株式会社Advance,岐阜県,"時給1,200円",アルバイト・パート,清掃,求人ボックス,https://xn--pckua2a7gp15o89zb.com/jb/e6ac2212da4fc0686be3f899b137aa5e,True,8時間前,2026-06-20 01:23:32,岐阜県
ラブホテルでの清掃スタッフ新着,ホテルコンチネンタル美濃加茂店,岐阜県,"時給1,070円～1,338円",アルバイト・パート,清掃,求人ボックス,https://xn--pckua2a7gp15o89zb.com/jb/f011fa93a1cead6d80442b2ff5ac2cbb,True,6時間前,2026-06-20 01:23:32,岐阜県
清掃／ビル管理／消毒・害虫駆除 40代~50代の女性活躍中 建物清掃 窓ふきやモップがけ新着,ジョブシティ,岐阜県,"時給1,250円～1,563円",派遣社員,清掃,求人ボックス,https://xn--pckua2a7gp15o89zb.com/jb/b4323bb35292350620d88e65186081b0,True,20時間前,2026-06-20 01:23:32,岐阜県
「第2新卒活躍中!」オフィス一般事務／土日祝休み／寮社宅サポート新着,AQUARIUS株式会社,岐阜県,"月給30万5,500円",正社員,清掃,求人ボックス,https://xn--pckua2a7gp15o89zb.com/jbn/8f239ad542ebb45eba4baa59436f9f92,True,2時間前,2026-06-20 01:23:32,岐阜県
「第2新卒活躍中!」オフィスワークアシスタント／休暇充実／イベント多数新着,株式会社小林,岐阜県,"月給32万2,400円",正社員,清掃,求人ボックス,https://xn--pckua2a7gp15o89zb.com/jbn/c92d2c82f778a987845d5055f6663782,True,2時間前,2026-06-20 01:23:32,岐阜県
「第2新卒活躍中!」オフィスワークアシスタント／「残り枠わずか!」未経験採用枠新着,株式会社RIOT GROUP,岐阜県,"月給29万2,100円",正社員,清掃,求人ボックス,https://xn--pckua2a7gp15o89zb.com/jbn/528aa8cc4ddb9f930141e8dd9d5df116,True,2時間前,2026-06-20 01:23:32,岐阜県
レンタル介護用品を扱う倉庫内作業スタッフ新着,株式会社ドライブトライブ,岐阜県,"日給1万1,400円",アルバイト・パート,清掃,求人ボックス,https://xn--pckua2a7gp15o89zb.com/jb/2ed0f3ebb808e74989482e42e2a55489,True,15時間前,2026-06-20 01:23:33,岐阜県
責任者サポート業務新着,GIKEN GROUP,岐阜県,"時給1,200円",アルバイト・パート,清掃,求人ボックス,https://xn--pckua2a7gp15o89zb.com/jb/19b11ea3347897011554c401463583a5,True,3時間前,2026-06-20 01:23:33,岐阜県
老舗温泉旅館の館内雑務スタッフ新着,ワークウィーズ株式会社,岐阜県,"時給1,100円～",正社員,清掃,求人ボックス,https://xn--pckua2a7gp15o89zb.com/jb/a666565beebe62dddd925a18539f0914,True,6時間前,2026-06-20 01:23:33,岐阜県
清掃職員新着,株式会社ヴァティー,岐阜県,"時給1,065円～",アルバイト・パート,清掃,求人ボックス,https://xn--pckua2a7gp15o89zb.com/jb/ab95b43266773333ac0fe1625cd83673,True,16時間前,2026-06-20 01:23:33,岐阜県
「動物好きな人必見」ペットショップの店舗スタッフ／犬の家従業員持株会制度／動物が好きな方新着,七宝店,岐阜県,"月給19万6,000円",正社員,清掃,求人ボックス,https://xn--pckua2a7gp15o89zb.com/jbn/d50dc1b83abc18418a767e30ab37d9b3,True,17時間前,2026-06-20 01:23:33,岐阜県
ブランクOK・自転車・電動キックボードの組立スタッフ／即入寮可／育休実績あり・未経験歓迎新着,株式会社alBee,岐阜県,"月給29万5,200円",正社員,清掃,求人ボックス,https://xn--pckua2a7gp15o89zb.com/jbn/02ca61aa137844c3596e2b95eb1176b8,True,2時間前,2026-06-20 01:23:36,岐阜県
組立・部品加工スタッフ正社員／完全週休2日制・ブランクOK・退職金制度あり・未経験歓迎・日勤のみ新着,株式会社プロジェクトトリガー,岐阜県,"月給29万9,200円",正社員,清掃,求人ボックス,https://xn--pckua2a7gp15o89zb.com/jbn/5ed6141e8e9a0155c95cfc68cfc20c68,True,2時間前,2026-06-20 01:23:36,岐阜県
自転車・電動キックボードの組立スタッフ「正社員」寮費無料・キャリアアップ支援／フリーター歓迎新着,株式会社大斗,岐阜県,"月給30万4,000円",正社員,清掃,求人ボックス,https://xn--pckua2a7gp15o89zb.com/jbn/55343d4cbc819c3ad6dca6ee7bda6864,True,2時間前,2026-06-20 01:23:36,岐阜県
玩具塗装・仕上げスタッフ・昇給あり「正社員／育休取得実績あり」転職初挑戦歓迎・未経験歓迎・研修充実新着,株式会社Le Lien,岐阜県,"月給30万6,000円",正社員,清掃,求人ボックス,https://xn--pckua2a7gp15o89zb.com/jbn/7277dbf878070f7895b26e6029914b01,True,2時間前,2026-06-20 01:23:36,岐阜県
電子タバコ・加熱式デバイスの組立スタッフ「正社員」フリーター歓迎・週休2日制／昇給あり・未経験歓迎新着,JHRconsulting株式会社,岐阜県,月給31万500円,正社員,清掃,求人ボックス,https://xn--pckua2a7gp15o89zb.com/jbn/6a135c6f06e7f9efa5ba226a33178c60,True,2時間前,2026-06-20 01:23:36,岐阜県
店舗スタッフ新着,バーガーキング イオンタウン岐阜北方店,岐阜県,"時給1,150円",アルバイト・パート,清掃,求人ボックス,https://xn--pckua2a7gp15o89zb.com/jb/31f97bfc622a5c3610cf08ea02f8d08c,True,5時間前,2026-06-20 01:23:36,岐阜県
未経験歓迎!普通免許があればOK!自販機補充のルートセールス／岐阜東新着,サントリービバレッジソリューション株式会社,岐阜県,"月給26万6,783円",正社員,清掃,求人ボックス,https://xn--pckua2a7gp15o89zb.com/jbn/7142326f3fc2bd090689230c57f421d3,True,16時間前,2026-06-20 01:23:36,岐阜県
工場内での製造／未経験OK／月収30万以上／20~30代活躍中新着,スタッフ,岐阜県,月給31万円～36万円,正社員,清掃,求人ボックス,https://xn--pckua2a7gp15o89zb.com/jbn/53c6ade89a2c125d0ba1efff310f5fbd,True,8時間前,2026-06-20 01:23:40,岐阜県
品出し／仕分け・シール貼り／軽作業・物流系 コカ コーラの倉庫は超ダイバーシティ新着,コカ・コーラ ボトラーズジャパングループ,岐阜県,"時給1,200円～",アルバイト・パート,清掃,求人ボックス,https://xn--pckua2a7gp15o89zb.com/jb/867a32c37a413a2e891fc525eb157baa,True,14時間前,2026-06-20 01:23:40,岐阜県
フィギュア・キャラクターグッズの塗装軽作業スタッフ・資格不問「正社員／週休2日制新着,株式会社キソシン,岐阜県,"月給29万7,200円",正社員,清掃,求人ボックス,https://xn--pckua2a7gp15o89zb.com/jbn/20d0ecfb6260786cb763d648527f459c,True,2時間前,2026-06-20 01:23:40,岐阜県
プラモデル・ガンプラ部品の成形スタッフ・未経験歓迎「正社員／昇給年1回以上新着,株式会社GUM,岐阜県,"月給29万6,200円",正社員,清掃,求人ボックス,https://xn--pckua2a7gp15o89zb.com/jbn/e220d1d343938e7fea55cbb140ba5752,True,2時間前,2026-06-20 01:23:40,岐阜県
「ひとり時間多めで気楽に働ける」／自動販売機の商品補充のルート配送／普通免許OK／モクモク配送新着,...ドリンク商品の補充・入れ替え  売上金の回収・つり銭チェック  商品ラインナップの確認や在庫管理  自販機まわりの簡単な,岐阜県,月給30万円～35万円,正社員,清掃,求人ボックス,https://xn--pckua2a7gp15o89zb.com/jbn/8ee73f3607d3f843a2f2070ae3d955c3,True,9時間前,2026-06-20 01:23:44,岐阜県
鰻屋のホールスタッフ新着,株式会社魚勝,岐阜県,"時給1,065円",アルバイト・パート,清掃,求人ボックス,https://xn--pckua2a7gp15o89zb.com/jb/565c5f17621b3a862a064389e64f35ac,True,15時間前,2026-06-20 01:23:44,岐阜県
チェキ用フィルムケースを確認して梱包!人気アイテムの軽作業／20～30代活躍中新着,スタッフ,岐阜県,月給30万円～35万円,正社員,清掃,求人ボックス,https://xn--pckua2a7gp15o89zb.com/jbn/7545ddc407b57a07c3fbff26fd30abf6,True,7時間前,2026-06-20 01:23:44,岐阜県
「安定環境で長く働ける!」／検査スタッフ／資格不要／モクモク作業／未経験歓迎／20〜30代活躍中新着,スタッフ,岐阜県,月給28万円～33万円,正社員,清掃,求人ボックス,https://xn--pckua2a7gp15o89zb.com/jbn/4ac2c7c75cd49fccabf415f07dddfb29,True,9時間前,2026-06-20 01:23:44,岐阜県
ホテル清掃／太平ビルサービス コンフォートイン大垣新着,太平ビルサービス株式会社,岐阜県,"時給1,100円",アルバイト・パート,清掃,求人ボックス,https://xn--pckua2a7gp15o89zb.com/jb/bdc8204b6b8edf65663c357326c0dd8c,True,2時間前,2026-06-20 01:23:44,岐阜県
ヘアドライヤー部品の製造スタッフ／未経験歓迎／月収30万円可／マニュアル完備／20~30代活躍中新着,スタッフ,岐阜県,月給30万円～35万円,正社員,清掃,求人ボックス,https://xn--pckua2a7gp15o89zb.com/jbn/416666cf5be967d7752114267371b824,True,7時間前,2026-06-20 01:23:44,岐阜県
ヘアドライヤー部品を組み立ててチェック!手順通りで安心スタート／20～30代活躍中新着,スタッフ,岐阜県,月給30万円～35万円,正社員,清掃,求人ボックス,https://xn--pckua2a7gp15o89zb.com/jbn/565af736b88ac046fe13effc26d5864b,True,7時間前,2026-06-20 01:23:44,岐阜県
未経験者歓迎／日払い制度あり／食品製造のライン作業／履歴書なしでOK／人気の寮完備求人新着,スタッフ,岐阜県,月給30万円～39万,正社員,清掃,求人ボックス,https://xn--pckua2a7gp15o89zb.com/jbn/8d11ac808db8a2b27fd02f95ae9df3ab,True,4時間前,2026-06-20 01:23:47,岐阜県
「ひとつずつ覚えればOKの簡単作業」／軽作業スタッフ／研修充実／即勤務可／モクモク作業新着,...ドリンク商品の補充・入れ替え  売上金の回収・つり銭チェック  商品ラインナップの確認や在庫管理  自販機まわりの簡単な,岐阜県,月給30万円～35万円,正社員,清掃,求人ボックス,https://xn--pckua2a7gp15o89zb.com/jbn/44f7a181676dc51b500e541e11b6e5aa,True,10時間前,2026-06-20 01:23:47,岐阜県
パチンコ台の組立スタッフ／ものづくり中心／経験不問／日払い対応新着,スタッフ,岐阜県,月給30万円～35万円,正社員,清掃,求人ボックス,https://xn--pckua2a7gp15o89zb.com/jbn/769acc5bb894cf814bed5e51a1887e4a,True,23時間前,2026-06-20 01:23:47,岐阜県
鶏肉加工スタッフ新着,株式会社ユース.GF,岐阜県,"時給1,300円",派遣社員,清掃,求人ボックス,https://xn--pckua2a7gp15o89zb.com/jb/5048bfe82ed51c88e4e1fefb821b723d,True,23時間前,2026-06-20 01:23:47,岐阜県
販売スタッフ新着,無印良品 アル・プラザ鶴見,岐阜県,"時給1,100円～1,250円",アルバイト・パート,清掃,求人ボックス,https://xn--pckua2a7gp15o89zb.com/jb/cdc55bc08ee11a48948d60967e842a52,True,4時間前,2026-06-20 01:23:49,岐阜県
ガス機器製品のプレス作業新着,株式会社ホットスタッフ可児,岐阜県,"時給1,300円",派遣社員,清掃,求人ボックス,https://xn--pckua2a7gp15o89zb.com/jb/d2f8a7fd2075f7ffdd21e155a2507a0d,True,7時間前,2026-06-20 01:23:49,岐阜県
老人ホームでの介護スタッフ新着,株式会社ホットスタッフ各務原,岐阜県,"時給1,550円",派遣社員,清掃,求人ボックス,https://xn--pckua2a7gp15o89zb.com/jb/e130fb1fd74829b122c20b493aec985c,True,7時間前,2026-06-20 01:23:49,岐阜県
コンビニスタッフ／ローソン新着,株式会社ローソン,岐阜県,"時給1,065円～",アルバイト・パート,清掃,求人ボックス,https://xn--pckua2a7gp15o89zb.com/jb/0fb0327c6c2d4fd1c4e715fd3e91cca4,True,2時間前,2026-06-20 01:23:49,岐阜県
パチンコスタッフ大募集!日払い完備 地域最高時給新着,株式会社ゼロン東海,岐阜県,"時給1,400円～1,693円",派遣社員,清掃,求人ボックス,https://xn--pckua2a7gp15o89zb.com/jb/c0c5dad1c10823df49d204289d895859,True,11時間前,2026-06-20 01:23:49,岐阜県
レジスタッフ／コメリハード&グリーン大井店新着,株式会社コメリ,岐阜県,"時給1,090円",アルバイト・パート,清掃,求人ボックス,https://xn--pckua2a7gp15o89zb.com/jb/5ef88f93d677325d3c9a92faa286b9fe,True,2時間前,2026-06-20 01:23:49,岐阜県
コンビニスタッフ新着,セブン-イレブン 高山バイパス店,岐阜県,"時給1,100円～1,375円",アルバイト・パート,清掃,求人ボックス,https://xn--pckua2a7gp15o89zb.com/jb/ed2cc080d820fcfd69161dc0eb7f5ce5,True,9時間前,2026-06-20 01:23:49,岐阜県
ホテル客室清掃のリーダー候補新着,株式会社MasaKiyo,岐阜県,"時給1,180円～1,300円",アルバイト・パート,清掃,求人ボックス,https://xn--pckua2a7gp15o89zb.com/jb/dac9b74a15ffbd3a857799c9bf20df69,True,19時間前,2026-06-20 01:23:49,岐阜県
業績好調!3年連続ベースアップ中! ホテルフロントスタッフ新着,株式会社グリーンズ,岐阜県,月給23万円～25万,正社員,清掃,求人ボックス,https://xn--pckua2a7gp15o89zb.com/jb/429a9bf32cf0decb5d77cd0b98b8b73a,True,21時間前,2026-06-20 01:23:53,岐阜県
リゾートバイト／調理補助新着,株式会社ダイブ,岐阜県,"時給1,300円～",派遣社員,清掃,求人ボックス,https://xn--pckua2a7gp15o89zb.com/jb/4b1af5d6a3cc13e720e4ee59eff802a6,True,20時間前,2026-06-20 01:23:53,岐阜県
好きだから毎日が楽しい! インストラクター 年間128日休み可新着,株式会社LAVA International,岐阜県,月給30万円～60万円,正社員,清掃,求人ボックス,https://xn--pckua2a7gp15o89zb.com/jb/25ada5a5b4d28bcdd86d9587840dded5,True,21時間前,2026-06-20 01:23:53,岐阜県
カードゲーム封入スタッフ／未経験OK／カードのパック詰め／OJTあり新着,株式会社enrich technology,岐阜県,"月給31万3,000円",正社員,清掃,求人ボックス,https://xn--pckua2a7gp15o89zb.com/jbn/1ba7d8f516d54ec190d5e4fc11eb985c,True,4時間前,2026-06-20 01:23:53,岐阜県
軽作業／半導体製造装置の研磨剤製造における試作業務／週払いOK／リモート面接OK新着,日研トータルソーシング株式会社,岐阜県,"時給1,700円～",派遣社員,清掃,求人ボックス,https://xn--pckua2a7gp15o89zb.com/jbn/1ff6062c80203f69e61ad622f1802351,True,22時間前,2026-06-20 01:23:53,岐阜県
児童クラブの補助員新着,株式会社明日葉 美濃加茂市山之上小学校区放課後児...,岐阜県,"時給1,200円",アルバイト・パート,清掃,求人ボックス,https://xn--pckua2a7gp15o89zb.com/jb/e734365e3adf6e25215d2ee9550ad5d4,True,1時間前,2026-06-20 01:23:58,岐阜県
学童クラブの補助員新着,株式会社明日葉 大野町中放課後クラブ,岐阜県,"時給1,230円",アルバイト・パート,清掃,求人ボックス,https://xn--pckua2a7gp15o89zb.com/jb/9618763f15037693fe601df29b6ef154,True,1時間前,2026-06-20 01:23:58,岐阜県
児童クラブの主任新着,株式会社明日葉 美濃加茂市下米田小学校区放課後児...,岐阜県,"時給1,400円",アルバイト・パート,清掃,求人ボックス,https://xn--pckua2a7gp15o89zb.com/jb/5250d7b6a81d096d2a015ed161603f41,True,1時間前,2026-06-20 01:23:58,岐阜県
衣類ハンガーの軽作業スタッフ／土日休み／社会保険完備／未経験／駅チカ／社宅完備新着,株式会社J DREAM,岐阜県,"月給36万7,000円",正社員,清掃,求人ボックス,https://xn--pckua2a7gp15o89zb.com/jb/f87668500cabeec31d359f991f0da9ed,True,4時間前,2026-06-20 01:23:58,岐阜県
貯金が底をつき、働く場所を探している人・男女ともに活躍できる職場環境／家庭用品工場の工場スタッフ新着,株式会社オーヴァル,岐阜県,"月給35万7,000円",正社員,清掃,求人ボックス,https://xn--pckua2a7gp15o89zb.com/jb/302f62ab02b6db3839d79edf41b4cd7b,True,5時間前,2026-06-20 01:23:58,岐阜県
児童クラブの補助員新着,株式会社明日葉 美濃加茂市太田小学校区放課後児童...,岐阜県,"時給1,200円",アルバイト・パート,清掃,求人ボックス,https://xn--pckua2a7gp15o89zb.com/jb/e104b18d94341d71e28747d96cdcd804,True,1時間前,2026-06-20 01:24:01,岐阜県
児童クラブの支援員新着,株式会社明日葉 美濃加茂市蜂屋小学校区放課後児童...,岐阜県,"時給1,300円",アルバイト・パート,清掃,求人ボックス,https://xn--pckua2a7gp15o89zb.com/jb/b4a5b966cf011dd282819174324546c8,True,1時間前,2026-06-20 01:24:01,岐阜県
自動車ヘッドライトの部品製造・検品作業スタッフ／未経験OK!かんたん軽作業 キレイな工場で快適勤務新着,IBS即戦力人財株式会社,岐阜県,"時給1,400円",アルバイト・パート,清掃,求人ボックス,https://xn--pckua2a7gp15o89zb.com/jb/629a4f418bb41f7508847d98fd4b3db8,True,17時間前,2026-06-20 01:24:01,岐阜県
一般事務スタッフ新着,オールコントロールサービス株式会社,岐阜県,"時給1,065円",アルバイト・パート,清掃,求人ボックス,https://xn--pckua2a7gp15o89zb.com/jb/707f2a253cdc33f1853fff95df10433e,True,6時間前,2026-06-20 01:24:01,岐阜県
児童クラブの補助員新着,株式会社明日葉 美濃加茂市加茂野児童館放課後児童...,岐阜県,"時給1,200円",アルバイト・パート,清掃,求人ボックス,https://xn--pckua2a7gp15o89zb.com/jb/2d57007387daea6e982c12ab5167f29a,True,1時間前,2026-06-20 01:24:01,岐阜県
軽作業・物流系 圧倒的おうち感 完全個室寮完備 簡単ピッキング仕分け新着,株式会社Brave,岐阜県,月給30万円～,正社員,清掃,求人ボックス,https://xn--pckua2a7gp15o89zb.com/jb/baa2632f0edcc4b3bfac7afe1bb4cc77,True,14時間前,2026-06-20 01:24:01,岐阜県
お惣菜やお弁当の調理補助新着,株式会社むすんでひらいて クスリのアオキ竹鼻店,岐阜県,"時給1,070円～",アルバイト・パート,清掃,求人ボックス,https://xn--pckua2a7gp15o89zb.com/jb/7bb9ed306ed7d280c844debfb1825269,True,6時間前,2026-06-20 01:24:01,岐阜県
歯科衛生士新着,吉本歯科医院 ホワイトエッセンス伊豆長岡,静岡県,"月給22万5,000円",正社員,歯科,求人ボックス,https://xn--pckua2a7gp15o89zb.com/jb/2081fe56f018c612736f63e7ef743e4d,True,15時間前,2026-06-20 01:24:04,静岡県
看護の相談するなら株式会社アクアコーポレーション!／まずは相談での応募可新着,株式会社アクアコーポレーション,静岡県,"月給22万4,000円",正社員,歯科,求人ボックス,https://xn--pckua2a7gp15o89zb.com/jb/bb7d5b79fa5b2b173bec0454655919f4,True,20時間前,2026-06-20 01:24:04,静岡県
歯科助手／給与27万、賞与あり 医院の顔である受付・歯科助手新着,医療法人社団アクアビアンカ ないとう歯科医院,静岡県,月給27万円～29万円,正社員,歯科,求人ボックス,https://xn--pckua2a7gp15o89zb.com/jb/a036996d49c087915a3b553be21f899f,True,23時間前,2026-06-20 01:24:04,静岡県
歯科衛生士／もも歯科の歯科衛生士求人新着,医療法人社団新緑会,静岡県,"時給1,300円～1,600円",正社員,歯科,求人ボックス,https://xn--pckua2a7gp15o89zb.com/jb/300272a75fa6ce8ea8d9051fd63227c5,True,13時間前,2026-06-20 01:24:04,静岡県
歯科衛生士 週2日～OK!ブランクOK マイカー通勤OK 無料駐車場完...新着,ファミリアデンタルオフィス,静岡県,"時給2,000円～",アルバイト・パート,歯科,求人ボックス,https://xn--pckua2a7gp15o89zb.com/jb/013b3177322fff6b84cb40142f4771ec,True,13時間前,2026-06-20 01:24:04,静岡県
幼稚園教諭新着,学校法人春日学園,岐阜県,"時給1,300円",派遣社員,派遣,求人ボックス,https://xn--pckua2a7gp15o89zb.com/jb/8ea4a40af49cd2db33e4bcdecf5b31d0,True,19時間前,2026-06-20 01:23:39,岐阜県
保育士新着,社会福祉法人瑞泉福祉会,岐阜県,"時給1,250円",派遣社員,派遣,求人ボックス,https://xn--pckua2a7gp15o89zb.com/jb/a8176ea2ff67e392382d6ae58f1e6395,True,19時間前,2026-06-20 01:23:39,岐阜県
製造スタッフ／検査／検品 高時給1 500円~ 土日休み 航空機の洗浄 昼勤のみ新着,ジョブシティ,岐阜県,時給1,派遣社員,派遣,求人ボックス,https://xn--pckua2a7gp15o89zb.com/jb/9ccdb922fbf5769f0082c25e9ce8efef,True,20時間前,2026-06-20 01:23:39,岐阜県
保育士新着,医療法人清光会,岐阜県,"時給1,300円",派遣社員,派遣,求人ボックス,https://xn--pckua2a7gp15o89zb.com/jb/811fe45ed1335a124ceabed49148c225,True,19時間前,2026-06-20 01:23:39,岐阜県
製造工場の機械オペレーター／残業なし／週払いOK／日払いOK新着,株式会社ワークナビ小牧支店,岐阜県,"時給1,500円～",派遣社員,派遣,求人ボックス,https://xn--pckua2a7gp15o89zb.com/jbn/6bc0939784be522607d22a517785a539,True,17時間前,2026-06-20 01:23:39,岐阜県
「30代40代活躍中」製品の検査梱包や原料投入新着,Man to Man株式会社,岐阜県,"時給1,650円～2,063円",派遣社員,派遣,求人ボックス,https://xn--pckua2a7gp15o89zb.com/jb/4b254a261eaaab30c6281905e36a0b0e,True,15時間前,2026-06-20 01:23:39,岐阜県
建設系企業で事務新着,ヒューマンリソシア株式会社,岐阜県,"時給1,450円",派遣社員,派遣,求人ボックス,https://xn--pckua2a7gp15o89zb.com/jb/c84e68174186f1b4bc4b07417416bfd2,True,5時間前,2026-06-20 01:23:40,岐阜県
高時給1600円!炭酸ボトルの仕分け・検査／土日祝休み新着,株式会社ウィルオブ・ワーク FO名古屋第二,岐阜県,時給1600円,派遣社員,派遣,求人ボックス,https://xn--pckua2a7gp15o89zb.com/jb/e633d39363a729835cb7226fd6739e96,True,14時間前,2026-06-20 01:23:40,岐阜県
大手メーカーで働けるチャンス樹脂製品の製造補助／検査／男女活躍中／交通費支給／有給休暇新着,株式会社ティーエム・テックス,岐阜県,"時給1,300円～1,625円",派遣社員,派遣,求人ボックス,https://xn--pckua2a7gp15o89zb.com/jbn/c7145fa0e7d09e44671925831d486591,True,20時間前,2026-06-20 01:23:40,岐阜県
「見逃し厳禁」ガチャポンの景品の仕分け新着,セブンエージェント株式会社,岐阜県,"時給1,350円～",派遣社員,派遣,求人ボックス,https://xn--pckua2a7gp15o89zb.com/jb/3632a0162ab37ff0a95e717bdf182bfe,True,17時間前,2026-06-20 01:23:40,岐阜県
清潔&快適なクリーンルーム 座ってできる軽作業!主婦さん多数活躍中新着,株式会社ベル,岐阜県,"時給1,100円～1,150円",派遣社員,派遣,求人ボックス,https://xn--pckua2a7gp15o89zb.com/jb/86768a3be77213e6715d33dd2ff527c6,True,11時間前,2026-06-20 01:23:40,岐阜県
寮費無料×高時給×日勤専属!アウトドアグッズの軽作業スタッフ新着,株式会社アルミラ,岐阜県,"時給1,350円～",アルバイト・パート,派遣,求人ボックス,https://xn--pckua2a7gp15o89zb.com/jb/772cf28d05fe608ecacda5c378a595a7,True,13時間前,2026-06-20 01:23:40,岐阜県
データエントリー業務 ／ 一般事務・OA事務／派遣スタッフ就業中 長期 データ入力新着,パーソルテンプスタッフ株式会社,岐阜県,"時給1,400円",派遣社員,派遣,求人ボックス,https://xn--pckua2a7gp15o89zb.com/jb/825e1c79fa736aede9c4204f02e65f01,True,15時間前,2026-06-20 01:23:42,岐阜県
「まだ間に合う!」／未経験からできる軽作業「ガチャガチャなど」／昇給年2回賞与年2回新着,株式会社alBee,岐阜県,月給32万円～40万円,正社員,派遣,求人ボックス,https://xn--pckua2a7gp15o89zb.com/jbn/8df383d45bcdd2a617f67d4d4475faad,True,2時間前,2026-06-20 01:23:42,岐阜県
一般事務／未経験OK!地元大手企業でのOA事務!基本17時に帰れる新着,株式会社スタッフサービス,岐阜県,"時給1,250円～1,300円",派遣社員,派遣,求人ボックス,https://xn--pckua2a7gp15o89zb.com/jb/13c9c542c5dfc75fb737e9ee4e8e2418,True,14時間前,2026-06-20 01:23:42,岐阜県
自動車小型部品の検査工程の現場責任者／20代活躍中／未経験・第二新卒／賞与あり／関市のぞみケ丘新着,未経験OK,岐阜県,月給26万円～34万円,正社員,派遣,求人ボックス,https://xn--pckua2a7gp15o89zb.com/jbn/e6249f8de5010d65ea3cf7cbefcb7d70,True,5時間前,2026-06-20 01:23:42,岐阜県
音声スタッフ 経験者歓迎!週4日勤務 地域番組・配信映像新着,株式会社フェローズ,岐阜県,"時給1,300円～1,400円",派遣社員,派遣,求人ボックス,https://xn--pckua2a7gp15o89zb.com/jb/96cb7429a8023357594522fe2dee7558,True,12時間前,2026-06-20 01:23:42,岐阜県
未経験可／研修充実／システムエンジニア新着,ナナイロモバイル株式会社,岐阜県,月給28万円～50万円,正社員,派遣,求人ボックス,https://xn--pckua2a7gp15o89zb.com/jbn/d37dfac299b529658009b71dcf18d0f6,True,3時間前,2026-06-20 01:23:42,岐阜県
未経験可／研修充実／システムエンジニア新着,株式会社HIGHEST,岐阜県,月給28万円～50万円,正社員,派遣,求人ボックス,https://xn--pckua2a7gp15o89zb.com/jbn/3a5e0f37405d5799f80cb8303b8268b6,True,2時間前,2026-06-20 01:23:42,岐阜県
未経験可／研修充実／システムエンジニア新着,infront株式会社,岐阜県,月給28万円～50万円,正社員,派遣,求人ボックス,https://xn--pckua2a7gp15o89zb.com/jbn/be551a52de69d4e7edc32b476d8f2249,True,3時間前,2026-06-20 01:23:45,岐阜県
「今からでもOK!新しい環境でリスタート」20代30代の未経験から活躍／製造組み立て新着,で収入も不安定...,岐阜県,月給27万円～45万円,正社員,派遣,求人ボックス,https://xn--pckua2a7gp15o89zb.com/jbn/8f483abfc0b3618f3c85f10e8302b849,True,3時間前,2026-06-20 01:23:45,岐阜県
「今からでもOK!新しい環境でリスタート」製造組み立て／残業少なめ・年間休日125日以上新着,で収入も不安定...,岐阜県,月給27万円～45万円,正社員,派遣,求人ボックス,https://xn--pckua2a7gp15o89zb.com/jbn/4fdee110a7fbc2592912ec3b9d845232,True,2時間前,2026-06-20 01:23:45,岐阜県
「今からでもOK!新しい環境でリスタート」20代30代の未経験から活躍／モノづくりエンジニア／寮新着,で収入も不安定...,岐阜県,月給27万円～45万円,正社員,派遣,求人ボックス,https://xn--pckua2a7gp15o89zb.com/jbn/4d0ecc74c66b1b8c7b0d53388fa39339,True,3時間前,2026-06-20 01:23:45,岐阜県
「今からでもOK!新しい環境でリスタート」20代30代の未経験から活躍／モノづくりエンジニア新着,で収入も不安定...,岐阜県,月給27万円～45万円,正社員,派遣,求人ボックス,https://xn--pckua2a7gp15o89zb.com/jbn/1660ded3b3f4ce896daf110c8278efec,True,3時間前,2026-06-20 01:23:45,岐阜県
耐火物の開発・製造技術スタッフ／20代活躍中／未経験・第二新卒／土日祝休み／賞与あり新着,スタッフ,岐阜県,月給20万円～25万円,正社員,派遣,求人ボックス,https://xn--pckua2a7gp15o89zb.com/jbn/d717441b6e635b072df6c6a9ed5bdeb2,True,5時間前,2026-06-20 01:23:45,岐阜県
「今からでもOK!新しい環境でリスタート」モノづくりエンジニア／年休125日以上・完全週休2日制新着,で収入も不安定...,岐阜県,月給27万円～45万円,正社員,派遣,求人ボックス,https://xn--pckua2a7gp15o89zb.com/jbn/c81b89ac07e73a4d45134e9bb19f6666,True,3時間前,2026-06-20 01:23:45,岐阜県
「今からでもOK!新しい環境でリスタート」製造オペレーター／残業少なめ・年間休日125日以上新着,で収入も不安定...,岐阜県,月給27万円～45万円,正社員,派遣,求人ボックス,https://xn--pckua2a7gp15o89zb.com/jbn/406a4f2c4b9e3316138ba32ae71468ee,True,3時間前,2026-06-20 01:23:48,岐阜県
財務・労務管理スタッフ／20代活躍中／未経験・第二新卒／土日祝休み／賞与あり／羽島郡笠松町円城寺川通新着,スタッフ,岐阜県,月給30万円～40万円,正社員,派遣,求人ボックス,https://xn--pckua2a7gp15o89zb.com/jbn/c7a9537ad6b45dab7f68f4163a672016,True,4時間前,2026-06-20 01:23:48,岐阜県
機械オペレーション／工場・製造系／検品 60代前半も歓迎 布加工ボタン操作／無理なく働ける簡単ワーク新着,株式会社レッツネクスト,岐阜県,"時給1,200円～1,500円",派遣社員,派遣,求人ボックス,https://xn--pckua2a7gp15o89zb.com/jb/f204ce17a99eccfc131c6d47f807563d,True,14時間前,2026-06-20 01:23:48,岐阜県
オフィス家具の品質管理マネージャー／20代活躍中／未経験・第二新卒／土日祝休み／賞与あり新着,未経験OK,岐阜県,年収550万円～600万円,正社員,派遣,求人ボックス,https://xn--pckua2a7gp15o89zb.com/jbn/d0f5dc50e14b9b19668d0927438396dc,True,5時間前,2026-06-20 01:23:48,岐阜県
工場内補助作業スタッフ／昇給あり／日払い可／未経験OK新着,株式会社ワークナビ春日井支店,岐阜県,"時給2,000円～",派遣社員,派遣,求人ボックス,https://xn--pckua2a7gp15o89zb.com/jbn/ef782daf40a0f07448ddeb76cf47dea1,True,16時間前,2026-06-20 01:23:48,岐阜県
長期勤務可能。残業が少なめです。事務作業新着,株式会社テクノサービス,岐阜県,"時給1,300円",派遣社員,派遣,求人ボックス,https://xn--pckua2a7gp15o89zb.com/jb/118907c33eb8009797ad4edebe002fae,True,18時間前,2026-06-20 01:23:48,岐阜県
女性活躍中のホワイト企業 管理事務 年賞与2回 完休2日制／kc新着,株式会社ワールドコーポレーション,岐阜県,"月給27万5,000円",正社員,派遣,求人ボックス,https://xn--pckua2a7gp15o89zb.com/jb/aa9e637693e56dc22a1ceeb6689870f0,True,22時間前,2026-06-20 01:23:51,岐阜県
手のひらサイズで重量物なし!自動車内装部品の組立、検査新着,フジアルテ株式会社,岐阜県,"時給1,400円～",派遣社員,派遣,求人ボックス,https://xn--pckua2a7gp15o89zb.com/jb/687f9a336e887a77a3b1fd8f7cf168e3,True,23時間前,2026-06-20 01:23:51,岐阜県
部品管理事務新着,株式会社ホットスタッフ可児,岐阜県,"時給1,300円",派遣社員,派遣,求人ボックス,https://xn--pckua2a7gp15o89zb.com/jb/0c3719e68b4430090ab3dec829a769eb,True,7時間前,2026-06-20 01:23:51,岐阜県
生産管理アシスタント新着,株式会社ホットスタッフ恵那,岐阜県,"時給1,350円～1,688円",派遣社員,派遣,求人ボックス,https://xn--pckua2a7gp15o89zb.com/jb/0f75b532f97c1dd65762e3cbecb0e5cc,True,7時間前,2026-06-20 01:23:51,岐阜県
ナーシングホームでの食事・入浴・排泄介助新着,株式会社ホットスタッフ岐阜,岐阜県,"時給1,500円",派遣社員,派遣,求人ボックス,https://xn--pckua2a7gp15o89zb.com/jb/084c1374d7a507080a3f0f092b73c430,True,7時間前,2026-06-20 01:23:51,岐阜県
機械オペレーター 機械オペレーション ／機械部品の加工操作新着,スタッフ,岐阜県,"時給1,500円",,派遣,求人ボックス,https://xn--pckua2a7gp15o89zb.com/jb/9df6ea8388ecbbc1742229c188cfbe87,True,9時間前,2026-06-20 01:23:55,岐阜県
検品・梱包・組立／工場でかんたん作業／お急ぎ対応中新着,株式会社RING,岐阜県,"月給27万3,000円",派遣社員,派遣,求人ボックス,https://xn--pckua2a7gp15o89zb.com/jbn/30c33da47b3514d8b90b52c8bb802730,True,4時間前,2026-06-20 01:23:55,岐阜県
「“なんとなくIT好き”で応募OK!」／アプリ開発エンジニア／月収30万可／未経験歓迎新着,BCC株式会社,岐阜県,"月給36万3,000円",正社員,派遣,求人ボックス,https://xn--pckua2a7gp15o89zb.com/jbn/dfc3a6d1f25ad1715e8985b21d73f2dd,True,6時間前,2026-06-20 01:23:55,岐阜県
土日休み×オフ充実!／製造・軽作業／20～30代活躍中／経験者歓迎新着,日本マニュファクチャリングサービス株式会社,岐阜県,"月給31万5,000円",アルバイト・パート,派遣,求人ボックス,https://xn--pckua2a7gp15o89zb.com/jbn/286d6cde12c46db4313ef1394b8df0ba,True,8時間前,2026-06-20 01:23:55,岐阜県
大手メーカー関連で安定!／金属部品の梱包作業／シンプル作業中心／月収25万円可能／福利厚生あり!新着,三陽工業株式会社,岐阜県,"月給19万5,000円",正社員,派遣,求人ボックス,https://xn--pckua2a7gp15o89zb.com/jbn/3ada8e8d1c1618a7dc3809149f2a44e7,True,10時間前,2026-06-20 01:23:55,岐阜県
設備保全・メンテナンス／工場設備の保守業務新着,スタッフ,岐阜県,"時給1,500円",,派遣,求人ボックス,https://xn--pckua2a7gp15o89zb.com/jb/88274b152e27d995ddfb5a036462a3a8,True,9時間前,2026-06-20 01:23:55,岐阜県
人材コーディネーター／丁寧な研修あり／ミドル歓迎／フルリモート／歩合制／経験者OK新着,合同会社未来共創,岐阜県,年収150万円～600万円,,派遣,求人ボックス,https://xn--pckua2a7gp15o89zb.com/jbn/386d31abc29b3cf5490bc8f0638267b7,True,8時間前,2026-06-20 01:23:57,岐阜県
カミソリ刃の組立てや包装新着,株式会社ホットスタッフ各務原,岐阜県,"時給1,200円～",派遣社員,派遣,求人ボックス,https://xn--pckua2a7gp15o89zb.com/jb/8f410c55d698cdbb411e96425ecf05ec,True,7時間前,2026-06-20 01:23:57,岐阜県
スマホアドバイザー／経験者優遇／定着率90%超／抜群の働きやすさが自慢／キャリアアップを目指す方必見新着,アドバンスジャパン株式会社,岐阜県,月給27万円～35万円,正社員,派遣,求人ボックス,https://xn--pckua2a7gp15o89zb.com/jbn/6d7020a170b86d4b14e7723dde3b1853,True,20時間前,2026-06-20 01:23:57,岐阜県
スマホカバーの検査業務／稼ぎたい方／日払いOK／急募／月給30万以上／年休120日以上新着,株式会社Remind,岐阜県,月給30万,正社員,派遣,求人ボックス,https://xn--pckua2a7gp15o89zb.com/jbn/cf3c1a276c45389983a1daeab74d2ef5,True,21時間前,2026-06-20 01:23:57,岐阜県
製造スタッフ／航空機部品の縫製業務／長期／ブランクOK新着,日研トータルソーシング株式会社,岐阜県,"時給1,300円～",派遣社員,派遣,求人ボックス,https://xn--pckua2a7gp15o89zb.com/jbn/a2c4aa9689afaf97c1e1aaf13531f8ab,True,22時間前,2026-06-20 01:23:57,岐阜県
食品のピッキングスタッフ新着,株式会社ホットスタッフ稲沢,岐阜県,"時給1,150円",派遣社員,派遣,求人ボックス,https://xn--pckua2a7gp15o89zb.com/jb/0531f357862a2d6db3445601709e8be6,True,7時間前,2026-06-20 01:23:57,岐阜県
「20～30代活躍中!」カードゲーム封入スタッフ／未経験OK／ブランク歓迎／丁寧な指導新着,株式会社ELシステム,岐阜県,"月給29万4,300円",正社員,派遣,求人ボックス,https://xn--pckua2a7gp15o89zb.com/jbn/89f35ec9e97d0467d3c3ebfdb2929faa,True,5時間前,2026-06-20 01:23:57,岐阜県
ネットワーク基盤構築業務スタッフ／名古屋オフィス新着,株式会社リクルートR&Dスタッフィング,岐阜県,月給20万円～44万円,正社員,派遣,求人ボックス,https://xn--pckua2a7gp15o89zb.com/jbn/d2c79baf257cb68d16e62bffef0a2f74,True,22時間前,2026-06-20 01:23:57,岐阜県
土日祝休み 年間休日120日 昇給&賞与あり新着,株式会社S.vision,岐阜県,月給21万円～,派遣社員,派遣,求人ボックス,https://xn--pckua2a7gp15o89zb.com/jb/67999455462387430562a574efcb712c,True,3時間前,2026-06-20 01:24:01,岐阜県
ゼリーのカップの箱詰め新着,未経験OK,岐阜県,"月給26万3,500円",正社員,派遣,求人ボックス,https://xn--pckua2a7gp15o89zb.com/jbn/17dc83f9486cecf7c2e824d317e69013,True,1時間前,2026-06-20 01:24:01,岐阜県
Webエンジニア／システムの仕様検討を含めた改善業務／ITエンジニア／未経験からの挑戦OK新着,株式会社リクルートR&Dスタッフィング,岐阜県,月給20万円～44万円,正社員,派遣,求人ボックス,https://xn--pckua2a7gp15o89zb.com/jbn/03df1881152f85d1a1aa26b89741d38e,True,21時間前,2026-06-20 01:24:01,岐阜県
キャップアジャスターの出荷準備スタッフ／年間休日125日以上／20代30代活躍中／残業少なめ新着,スタッフ,岐阜県,月給33万円～34万,正社員,派遣,求人ボックス,https://xn--pckua2a7gp15o89zb.com/jbn/9047f6999f984357c490d47079876d91,True,6時間前,2026-06-20 01:24:01,岐阜県
安定して働ける工場スタッフ募集!／安全靴インソールの工場内サポート／年間休日130日以上／社宅相談可新着,スタッフ,岐阜県,"月給35万1,000円",正社員,派遣,求人ボックス,https://xn--pckua2a7gp15o89zb.com/jbn/f14df9cd6a12e686fc2cf697512f3e1f,True,8時間前,2026-06-20 01:24:01,岐阜県
高収入と休日を両立しやすい!／ゲーミングマウス部品の組付けスタッフ／若手活躍中／長期休暇あり新着,スタッフ,岐阜県,"月給43万8,000円",正社員,派遣,求人ボックス,https://xn--pckua2a7gp15o89zb.com/jbn/5bdaa90a349e567b335d1199d4e8048c,True,8時間前,2026-06-20 01:24:01,岐阜県
新しい仕事に挑戦したい方へ!／ARグラスフレームの工場内作業スタッフ／研修充実／年間休日135日以上新着,スタッフ,岐阜県,"月給43万6,000円",正社員,派遣,求人ボックス,https://xn--pckua2a7gp15o89zb.com/jbn/4c5791cb413634496f5c7d8c98795602,True,8時間前,2026-06-20 01:24:04,岐阜県
寮完備で新生活を応援!／アパレルタグ部材の加工サポート／社宅相談可／高収入可／品質確認あり新着,スタッフ,岐阜県,"月給41万8,000円",正社員,派遣,求人ボックス,https://xn--pckua2a7gp15o89zb.com/jbn/4c73af04d22eede7845b13d9ba3b47f4,True,8時間前,2026-06-20 01:24:04,岐阜県
梱包／検品／軽作業・物流系 人気案件 文房具の箱詰め·検品スタッフ新着,Hitotech株式会社,岐阜県,月給27万円～37万,正社員,派遣,求人ボックス,https://xn--pckua2a7gp15o89zb.com/jb/3e7f935470edc19af5630f54743eafc9,True,14時間前,2026-06-20 01:24:04,岐阜県
家具家電付の1R寮完備してます 即入寮可能 紙製のストローやコップの仕分け ピッキング 梱包新着,株式会社FAT FORWARD,岐阜県,"時給1,370円～",アルバイト・パート,派遣,求人ボックス,https://xn--pckua2a7gp15o89zb.com/jb/f18bd3476c1af01f260eff4bd933881c,True,4時間前,2026-06-20 01:24:04,岐阜県
ヘッドライトの梱包作業新着,未経験OK,岐阜県,"月給25万6,500円",正社員,派遣,求人ボックス,https://xn--pckua2a7gp15o89zb.com/jbn/0ee76ba630ad1ab893a5c884c82c9867,True,1時間前,2026-06-20 01:24:04,岐阜県
老舗温泉旅館の接客スタッフ新着,ワークウィーズ株式会社,岐阜県,"時給1,250円～",派遣社員,派遣,求人ボックス,https://xn--pckua2a7gp15o89zb.com/jb/372423962b67cc0e6f93453739c6e5ff,True,6時間前,2026-06-20 01:24:04,岐阜県
「アパレル業界を支える事務ワーク」／アパレル事務スタッフ／昇給あり／20代30代活躍中新着,「電話少なめで集中できる環境がちょうどいい」女性,岐阜県,"月給27万5,000円",正社員,派遣,求人ボックス,https://xn--pckua2a7gp15o89zb.com/jbn/77d21b50a48cb40a86b9a62e1c630253,True,6時間前,2026-06-20 01:24:04,岐阜県
「学校を支える事務スタッフ」／学校事務・大学事務スタッフ／賞与年2回／オフィスワークデビュー歓迎新着,「電話少なめで集中できる環境がちょうどいい」女性,岐阜県,月給27万円～30万円,正社員,派遣,求人ボックス,https://xn--pckua2a7gp15o89zb.com/jbn/d2201fa68f847c325ed28c746b8a120e,True,6時間前,2026-06-20 01:24:04,岐阜県
リラクゼーションセラピスト／未経験OK／アロマセラピー／資格なし／エステサロン／ヘッドスパ新着,ラフィネ アクアウォーク大垣店,岐阜県,"時給2,232円～4,068円",,飲食,求人ボックス,https://xn--pckua2a7gp15o89zb.com/jbn/d7b4cba18c04e7d32df86db9dd45643e,True,19時間前,2026-06-20 01:24:00,岐阜県
「未経験からアプリに関わる仕事!」／アプリテスター／月収30万可／完全週休2日／研修制度あり新着,BCC株式会社,岐阜県,"月給38万8,000円",正社員,飲食,求人ボックス,https://xn--pckua2a7gp15o89zb.com/jbn/ab26be21810d1e3ce4baa943bd598d31,True,7時間前,2026-06-20 01:24:03,岐阜県
アプリテスター／学歴不問／月収30万以上可／20代活躍中新着,...難しい知識が不要で、プレイヤー目線が活かせる仕事として選択。 「PCは普段使いレベル。でもIT業界に挑戦したい」と入社した元,岐阜県,"月給33万2,000円",正社員,飲食,求人ボックス,https://xn--pckua2a7gp15o89zb.com/jbn/d7d902656e6c2e3ce12bd0ceabfb8f69,True,5時間前,2026-06-20 01:24:03,岐阜県
アプリテスター／残業少なめ／スキルアップ可／年間休日125日以上新着,...難しい知識が不要で、プレイヤー目線が活かせる仕事として選択。 「PCは普段使いレベル。でもIT業界に挑戦したい」と入社した元,岐阜県,"月給31万7,000円",正社員,飲食,求人ボックス,https://xn--pckua2a7gp15o89zb.com/jbn/80d02614e3d55f22432c7e4b4b35ad90,True,5時間前,2026-06-20 01:24:05,岐阜県
「マニュアル通りのカンタン作業」／オフィスワーク／安定収入／残業ほぼ無し／20代活躍中新着,株式会社Leap,岐阜県,"月給25万6,000円",正社員,飲食,求人ボックス,https://xn--pckua2a7gp15o89zb.com/jbn/0637f4f5b0b98b3929f0c4bf4fd6ab9e,True,18時間前,2026-06-20 01:24:05,岐阜県
U-29限定 初級エンジニア #サポートと資格取得支援で超進化新着,株式会社ZOSTEC,岐阜県,月給25万円～,正社員,飲食,求人ボックス,https://xn--pckua2a7gp15o89zb.com/jb/c51ac07d06290f4beab10dece3a46fa1,True,22時間前,2026-06-20 01:24:09,岐阜県
ファミレスのランチタイムのホールスタッフ新着,ジョイフル 美濃加茂西店,岐阜県,"時給1,110円～1,550円",アルバイト・パート,飲食,求人ボックス,https://xn--pckua2a7gp15o89zb.com/jb/b3aa64c463b979394c1c14bee1fa521f,True,23時間前,2026-06-20 01:24:09,岐阜県
「「稼ぎたい方必見!夜勤専属×寮費無料!」」ドラックストア商品などの倉庫内軽作業新着,セブンエージェント株式会社,岐阜県,"時給1,560円～",派遣社員,飲食,求人ボックス,https://xn--pckua2a7gp15o89zb.com/jb/12d8819c71cc94c141e25ee477f6bc29,True,17時間前,2026-06-20 01:24:09,岐阜県
東京で働きたいもOK!初めての一人暮らしも応援! 事務新着,株式会社WiZ,岐阜県,月給24万円～40万円,正社員,飲食,求人ボックス,https://xn--pckua2a7gp15o89zb.com/jb/ceb4b08067af8a71efd70721d92d82e1,True,21時間前,2026-06-20 01:24:09,岐阜県
未経験から活躍できるエンジニアスタッフ／年間休日125日以上新着,スタッフ,岐阜県,月給28万円～60万円,正社員,飲食,求人ボックス,https://xn--pckua2a7gp15o89zb.com/jbn/7ead5247984724b4254c7b6d6f08bbcf,True,2時間前,2026-06-20 01:24:12,岐阜県
20代30代活躍中／未経験から活躍できるエンジニアスタッフ／年間休日125日以上新着,アンテリジャンス・コンサルティング株式会社,岐阜県,月給28万円～60万円,正社員,飲食,求人ボックス,https://xn--pckua2a7gp15o89zb.com/jbn/cf17a54a1581dae9a54ef43d1c1301bc,True,2時間前,2026-06-20 01:24:12,岐阜県
小さな部品を確認するだけ!自分のペースで進められる／釣具部品の検査スタッフ／20~30代活躍中新着,三陽工業株式会社,岐阜県,月給19万円～40万円,正社員,飲食,求人ボックス,https://xn--pckua2a7gp15o89zb.com/jbn/3e127f2234081b9e1d75362ef0922037,True,10時間前,2026-06-20 01:24:12,岐阜県
未経験でもすぐ慣れる!座って月収25〜35万円のかんたん事務新着,スタッフ,岐阜県,月給25万円～35万円,正社員,飲食,求人ボックス,https://xn--pckua2a7gp15o89zb.com/jbn/a7ba2e66fb67e6ab521708da9faf9aae,True,6時間前,2026-06-20 01:24:15,岐阜県
社内イベントの準備サポート事務!未経験OK・月収25〜35万円可新着,スタッフ,岐阜県,月給25万円～35万円,正社員,飲食,求人ボックス,https://xn--pckua2a7gp15o89zb.com/jbn/6b564c07472e94e00891486b5b6757c6,True,6時間前,2026-06-20 01:24:18,岐阜県
電話少なめで安心!コツコツ事務ワークで月収25〜35万円可新着,スタッフ,岐阜県,月給25万円～35万円,正社員,飲食,求人ボックス,https://xn--pckua2a7gp15o89zb.com/jbn/1e462fb601b84f71d09c5327f3fcb1dc,True,6時間前,2026-06-20 01:24:18,岐阜県
金額や項目をチェックして入力するだけ!未経験から始める見積書・請求書のかんたん事務サポート新着,スタッフ,岐阜県,月給25万円～35万円,正社員,飲食,求人ボックス,https://xn--pckua2a7gp15o89zb.com/jbn/f285f66b8c58e9041270a6180fe3948e,True,6時間前,2026-06-20 01:24:18,岐阜県
残業ほぼなし!人気のデスクワークで月収25〜35万円可新着,スタッフ,岐阜県,月給25万円～35万円,正社員,飲食,求人ボックス,https://xn--pckua2a7gp15o89zb.com/jbn/fcae9833eed69a339020e00712b9b1e0,True,6時間前,2026-06-20 01:24:21,岐阜県
経理アシスタント募集!数字の入力メインで月収25〜35万円可新着,スタッフ,岐阜県,月給25万円～35万円,正社員,飲食,求人ボックス,https://xn--pckua2a7gp15o89zb.com/jbn/ed8a4c8ae73ace794b06da77e581c84e,True,6時間前,2026-06-20 01:24:21,岐阜県
在庫を確認して補充するだけの簡単ワーク!未経験でも安心の備品管理・発注サポート事務新着,未経験スタートがほとんど元接客・アパレル・,岐阜県,月給25万円～35万円,正社員,飲食,求人ボックス,https://xn--pckua2a7gp15o89zb.com/jbn/0cc933e28bdf79a38e2f7fac26fcc0ad,True,6時間前,2026-06-20 01:24:25,岐阜県
旅の思い出づくりをお手伝い! ツアーコンダクター 年休125日新着,株式会社STEPトラベル,岐阜県,月給26万円～40万円,正社員,飲食,求人ボックス,https://xn--pckua2a7gp15o89zb.com/jb/2ffa7d3b6e9200c16eb800248d7422de,True,18時間前,2026-06-20 01:24:25,岐阜県
月給30万円以上可能／デイサービス介護職／資格があれば未経験OK新着,株式会社レガート,静岡県,月給30万円,正社員,介護,求人ボックス,https://xn--pckua2a7gp15o89zb.com/jb/9b6dad0d06928f57fb120909ada377c2,True,15時間前,2026-06-20 01:24:05,静岡県
デイサービスの介護職／ヘルパー／デイサービス／研修教育制度が万全新着,まごころでい 一番町,静岡県,"月給19万3,300円",正社員,介護,求人ボックス,https://xn--pckua2a7gp15o89zb.com/jbn/1eab234876f9c196e40ebd1399c6719b,True,11時間前,2026-06-20 01:24:06,静岡県
小規模多機能型居宅介護の管理職／管理職候補／介護職の専門スキルだけでな...新着,まごころの家 川原町,静岡県,"月給26万4,000円",正社員,介護,求人ボックス,https://xn--pckua2a7gp15o89zb.com/jbn/da00ad2ec78d9fe04ade5ffb49772352,True,11時間前,2026-06-20 01:24:06,静岡県
グループホームの管理職／管理職候補／グループホーム／介護職の専門スキル...新着,まごころホーム 川原町,静岡県,"月給26万4,000円",正社員,介護,求人ボックス,https://xn--pckua2a7gp15o89zb.com/jbn/58ca4f6ea857e1663c0930b68ca5e745,True,11時間前,2026-06-20 01:24:10,静岡県
グループホームの管理職／管理職候補／グループホーム／介護職の専門スキル...新着,まごころホーム 青葉町,静岡県,月給26万800円,正社員,介護,求人ボックス,https://xn--pckua2a7gp15o89zb.com/jbn/2c428327aff3b736ebbd02b49c34600f,True,11時間前,2026-06-20 01:24:10,静岡県
小規模多機能型居宅介護の管理職／管理職候補／介護職の専門スキルだけでな...新着,まごころの家 島田,静岡県,月給26万800円,正社員,介護,求人ボックス,https://xn--pckua2a7gp15o89zb.com/jbn/b80600b82d50228fa033423822cc2797,True,11時間前,2026-06-20 01:24:13,静岡県
デイサービスの管理職／管理職候補／藤枝市大洲／デイサービス新着,まごころでい藤枝南,静岡県,"月給25万2,700円",正社員,介護,求人ボックス,https://xn--pckua2a7gp15o89zb.com/jbn/a3401cf67ae74770dc070cda80447e1c,True,11時間前,2026-06-20 01:24:17,静岡県
グループホームの管理職／管理職候補／グループホーム／介護職の専門スキル...新着,まごころホーム 島田,静岡県,月給26万800円,正社員,介護,求人ボックス,https://xn--pckua2a7gp15o89zb.com/jbn/babc2d6759b57b5745d36d5a82e4a855,True,11時間前,2026-06-20 01:24:17,静岡県
小規模多機能型居宅介護の介護職／ヘルパー／藤枝市岡出山／小規模多機能型...新着,まごころの家 岡出山,静岡県,"月給22万1,500円",正社員,介護,求人ボックス,https://xn--pckua2a7gp15o89zb.com/jbn/5125abfe610579a3997ebaa7c98d3d10,True,11時間前,2026-06-20 01:24:19,静岡県
住宅型有料老人ホームの介護職／ヘルパー／住宅型有料老人ホーム新着,ホスピス機能付き住宅型有料老人ホーム うさぎホーム,静岡県,"月給21万3,500円",正社員,介護,求人ボックス,https://xn--pckua2a7gp15o89zb.com/jbn/5950660906ce419fe0ea75a5ce6a8fb7,True,11時間前,2026-06-20 01:24:21,静岡県
介護職／ヘルパー／看護小規模多機能型居宅介護／研修教育制度が万全新着,まごころの家 番町,静岡県,"月給22万3,800円",正社員,介護,求人ボックス,https://xn--pckua2a7gp15o89zb.com/jbn/6f1cda69584cb1bd7edc7778894cc0e1,True,11時間前,2026-06-20 01:24:24,静岡県
小規模多機能型居宅介護の介護職／ヘルパー／小規模多機能型居宅介護新着,まごころの家 馬渕,静岡県,"月給22万3,800円",正社員,介護,求人ボックス,https://xn--pckua2a7gp15o89zb.com/jbn/ac6d49b62d11af59d42fc31f27294277,True,11時間前,2026-06-20 01:24:24,静岡県
定期巡回サービスの訪問介護職新着,医療法人社団凜和会 訪問介護フォレスタ藤枝,静岡県,"月給18万6,000円",正社員,介護,求人ボックス,https://xn--pckua2a7gp15o89zb.com/jb/d6ba4c59cd13f7f8500136e99ae4212a,True,15時間前,2026-06-20 01:24:27,静岡県
ヘルパー・介護職／介護老人保健施設入野ケアセンター新着,医療法人社団和恵会,静岡県,"月給16万5,000円",正社員,介護,求人ボックス,https://xn--pckua2a7gp15o89zb.com/jb/209a16c29eb225c2685a21250fee1929,True,5時間前,2026-06-20 01:24:27,静岡県
朝夕ケアの介護職新着,医療法人社団凜和会 サービス付き高齢者向け住宅カ...,静岡県,"日給4,250円～",アルバイト・パート,介護,求人ボックス,https://xn--pckua2a7gp15o89zb.com/jb/6aa4269c6972306ff1254efe15bbe37e,True,15時間前,2026-06-20 01:24:27,静岡県
グループホームの介護職／介護福祉士／介護士／シフト相談可新着,スマイル住まいる清水興津,静岡県,"時給1,135円～1,325円",アルバイト・パート,介護,求人ボックス,https://xn--pckua2a7gp15o89zb.com/jb/f083810dca380730a57ba0b6fb2d6bab,True,34分前,2026-06-20 01:24:30,静岡県
1日5時間・週3日〜OK 特別養護老人ホームの介護職新着,介護・看護のお仕事相談所 株式会社Going,静岡県,"時給1,300円～1,550円",派遣社員,介護,求人ボックス,https://xn--pckua2a7gp15o89zb.com/jb/057d04f385efdb227b967f2d6dd3bd81,True,9時間前,2026-06-20 01:24:30,静岡県
内科クリニックの医療事務スタッフ新着,たかはし内科クリニック,静岡県,"時給1,300円～",アルバイト・パート,医療事務,求人ボックス,https://xn--pckua2a7gp15o89zb.com/jb/b645380b54fef918baa0020b87e020d1,True,9時間前,2026-06-20 01:24:07,静岡県
経験が活かせる 医療事務・受付新着,株式会社アクト,静岡県,"時給1,200円～",派遣社員,医療事務,求人ボックス,https://xn--pckua2a7gp15o89zb.com/jb/f6c9ffc9c6229b7f075c1ffad2f3bb52,True,9時間前,2026-06-20 01:24:07,静岡県
眼科医院での医療事務新着,株式会社アイエーイー,静岡県,"時給1,300円",派遣社員,医療事務,求人ボックス,https://xn--pckua2a7gp15o89zb.com/jb/324411275278ff77f7971368fd1fa5db,True,5時間前,2026-06-20 01:24:08,静岡県
駅チカ・眼科医院医療事務 眼科経験者は優遇 すぐに馴染める環境新着,三島むらまつ眼科医院,静岡県,月給22万円～24万円,正社員,医療事務,求人ボックス,https://xn--pckua2a7gp15o89zb.com/jb/c65135c3fd48c1a46a34318120e1504d,True,14時間前,2026-06-20 01:24:08,静岡県
無資格可の医療事務／受付新着,研真会訪問看護ステーション上の山,静岡県,"時給1,225円",アルバイト・パート,医療事務,求人ボックス,https://xn--pckua2a7gp15o89zb.com/jb/267b21a3492a2f259d5bb277794be17e,True,3時間前,2026-06-20 01:24:08,静岡県
セラピスト／ラフィネグループ／アロマテラピー／ヘッドスパ／ノルマなし／充実した研修制度新着,ラフィネ 日清プラザ店,静岡県,"月給23万1,000円",正社員,医療事務,求人ボックス,https://xn--pckua2a7gp15o89zb.com/jbn/4f2faf90b4807b4060a0db538d2ce763,True,18時間前,2026-06-20 01:24:11,静岡県
セラピスト／リラクゼーション／未経験・経験に合わせた無料研修／アロマテラピー／ノルマなし新着,ラフィネ ららぽーと磐田店,静岡県,"月給23万1,000円",正社員,医療事務,求人ボックス,https://xn--pckua2a7gp15o89zb.com/jbn/60fd7e6141dcfb38e31f4550106abd0c,True,18時間前,2026-06-20 01:24:11,静岡県
アロマセラピスト／エステサロン／未経験OK／20代～30代女性必見／最大手ラフィネグループ新着,ラフィネ ASTY静岡店,静岡県,"月給23万1,000円",正社員,医療事務,求人ボックス,https://xn--pckua2a7gp15o89zb.com/jbn/9aac21b44eccf51217232977b7c23f37,True,18時間前,2026-06-20 01:24:14,静岡県
総合病院で受付事務 土日祝休み・残業少なめ・駅チカ新着,株式会社トラストファミリー,静岡県,"時給1,200円～1,500円",派遣社員,医療事務,求人ボックス,https://xn--pckua2a7gp15o89zb.com/jb/825c727170b5fba22b02fae2d26d19b3,True,9時間前,2026-06-20 01:24:14,静岡県
リラクゼーションセラピスト／未経験9割／マッサージ／無料研修あり／高時給／土日祝休みOK新着,ラフィネ 遠鉄百貨店,静岡県,"月給23万1,000円",正社員,医療事務,求人ボックス,https://xn--pckua2a7gp15o89zb.com/jbn/4f381bd2c0b623ea518c17fa40be8e9a,True,18時間前,2026-06-20 01:24:14,静岡県
受付や電話対応、患者さんのご案内などクリニックの受付スタッフ新着,おさだ耳鼻咽喉科,静岡県,"月給18万9,000円",正社員,医療事務,求人ボックス,https://xn--pckua2a7gp15o89zb.com/jb/5fdd1133d7a152ca660e30b012d08ef7,True,6時間前,2026-06-20 01:24:14,静岡県
マッサージセラピスト／未経験OK／ヘッドスパ／リラクゼーション／エステサロン／アロマテラピー新着,ラフィネ ららぽーと沼津店,静岡県,"月給23万1,000円",正社員,医療事務,求人ボックス,https://xn--pckua2a7gp15o89zb.com/jbn/3ef9d1ee65b94f9fa40b76f8c8d7f24a,True,18時間前,2026-06-20 01:24:14,静岡県
事務・受付・介護事務新着,ユイリア静岡,静岡県,"月給23万5,000円",正社員,医療事務,求人ボックス,https://xn--pckua2a7gp15o89zb.com/jb/2661b488956d4e5fe22b108d67a5000c,True,3時間前,2026-06-20 01:24:14,静岡県
経理事務「未経験入社率80%以上」土日祝休み・残業なし・ネイルOK・20代活躍中新着,事務,静岡県,"月給19万1,000円",正社員,医療事務,求人ボックス,https://xn--pckua2a7gp15o89zb.com/jbn/9c0aaa259d378576f4c9f82b540e5fb9,True,20時間前,2026-06-20 01:24:18,静岡県
サポート事務・丁寧な研修あり・土日祝休み・未経験歓迎新着,株式会社GUM,静岡県,"月給24万4,700円",正社員,医療事務,求人ボックス,https://xn--pckua2a7gp15o89zb.com/jbn/7e23ac7b223685717dc5bba0331a8420,True,8時間前,2026-06-20 01:24:18,静岡県
落ち着いた環境でコツコツ!シンプル作業が中心／データ入力事務／長期安定で働ける新着,株式会社enrich technology,静岡県,"月給24万2,700円",正社員,医療事務,求人ボックス,https://xn--pckua2a7gp15o89zb.com/jbn/4af4506f8201662695949752d80ead21,True,8時間前,2026-06-20 01:24:18,静岡県
事務スタッフ「正社員」土日祝休み・サポート体制充実・働きやすい職場新着,株式会社Creer,静岡県,"月給25万3,800円",正社員,医療事務,求人ボックス,https://xn--pckua2a7gp15o89zb.com/jbn/05267a725a371d858072973bdf0b5366,True,8時間前,2026-06-20 01:24:20,静岡県
落ち着いた環境でコツコツ!長く働ける安定環境／総務事務／ブランクOK新着,株式会社ELM,静岡県,"月給25万7,300円",正社員,医療事務,求人ボックス,https://xn--pckua2a7gp15o89zb.com/jbn/25eede8ecb82134418781a0249e74259,True,8時間前,2026-06-20 01:24:20,静岡県
一般事務・20代活躍中・アシスタント業務・復職実績多数・静岡市葵区人宿町1丁目新着,株式会社Meta Sales,静岡県,"月給24万3,000円",正社員,医療事務,求人ボックス,https://xn--pckua2a7gp15o89zb.com/jbn/94794df04276be88934660438322bf4f,True,9時間前,2026-06-20 01:24:24,静岡県
受付事務・データ入力「土日祝休み・年休125日」ネイルOK・服装自由「20代活躍中」新着,事務,静岡県,"月給19万5,500円",正社員,医療事務,求人ボックス,https://xn--pckua2a7gp15o89zb.com/jbn/372a92d9c87e63868b05584516edd216,True,20時間前,2026-06-20 01:24:24,静岡県
ドラッグストアの調剤事務新着,ウエルシア静岡池田店,静岡県,"時給1,097円",アルバイト・パート,医療事務,求人ボックス,https://xn--pckua2a7gp15o89zb.com/jb/aaba6d8cef5222f67eba1333d0bd1821,True,17時間前,2026-06-20 01:24:24,静岡県
セラピスト／大手ラフィネグループ／シフト制／マッサージリラクゼーション／高時給／インセンティブあり新着,ラフィネ 西友沼津店,静岡県,"月給23万1,000円",正社員,医療事務,求人ボックス,https://xn--pckua2a7gp15o89zb.com/jbn/668bde80c25bb8126b49808d9071a4c0,True,18時間前,2026-06-20 01:24:24,静岡県
ドラッグストアの調剤事務新着,ウエルシア藤枝茶町店,静岡県,"時給1,097円",アルバイト・パート,医療事務,求人ボックス,https://xn--pckua2a7gp15o89zb.com/jb/e76fa874cda1f90649528be6b8dc5afb,True,16時間前,2026-06-20 01:24:29,静岡県
一般事務・書類チェック「正社員／土日祝休み／残業なし／賞与あり「ネイルOK・服装自由」新着,事務,静岡県,"月給19万4,000円",正社員,医療事務,求人ボックス,https://xn--pckua2a7gp15o89zb.com/jbn/fe6fdf0ef749bb8fc387b4c31d0b969b,True,20時間前,2026-06-20 01:24:31,静岡県
ドラッグストアの調剤事務新着,ウエルシア静岡駅アスティ店,静岡県,"時給1,097円",アルバイト・パート,医療事務,求人ボックス,https://xn--pckua2a7gp15o89zb.com/jb/a108bae2ce09575c5ac78baa081c7ec1,True,17時間前,2026-06-20 01:24:31,静岡県
ドラッグストアの調剤事務新着,ウエルシア静岡みずほ店,静岡県,"時給1,097円",アルバイト・パート,医療事務,求人ボックス,https://xn--pckua2a7gp15o89zb.com/jb/3f93a802bd10c5ec41dd019ae76e626d,True,17時間前,2026-06-20 01:24:36,静岡県
一般事務・未経験OK・残業なし・ネイルOK「20代活躍中」履歴書不要・オンライン選考新着,こんな経験をお持ちの方も歓迎 一般,静岡県,"月給19万2,500円",正社員,医療事務,求人ボックス,https://xn--pckua2a7gp15o89zb.com/jbn/52f8a6fa51c35f7457b5889b95962d5f,True,20時間前,2026-06-20 01:24:36,静岡県
受付事務・未経験OK「残業なし・土日祝休み・年間休日125日・ネイルOK」20代活躍中新着,事務,静岡県,"月給19万5,000円",正社員,医療事務,求人ボックス,https://xn--pckua2a7gp15o89zb.com/jbn/23a0d2614a460ee9af1e6793f05955c8,True,20時間前,2026-06-20 01:24:36,静岡県
保育士新着,株式会社F&C,静岡県,"時給1,100円～1,550円",アルバイト・パート,保育,求人ボックス,https://xn--pckua2a7gp15o89zb.com/jb/f537828ce9c25d39c1025ae27334c92f,True,19時間前,2026-06-20 01:24:29,静岡県
保育士新着,社会福祉法人寿康会,静岡県,"月給22万5,784円",正社員,保育,求人ボックス,https://xn--pckua2a7gp15o89zb.com/jb/e0e742c49b784848b8038ba0e8b096fb,True,18時間前,2026-06-20 01:24:30,静岡県
保育士新着,株式会社グローバルソリューション,静岡県,"月給23万8,500円",正社員,保育,求人ボックス,https://xn--pckua2a7gp15o89zb.com/jb/4986b969170c3e65f0191cba48b60391,True,19時間前,2026-06-20 01:24:32,静岡県
保育士新着,株式会社Wellone's,静岡県,"時給1,200円",アルバイト・パート,保育,求人ボックス,https://xn--pckua2a7gp15o89zb.com/jb/8fd4311af84019319e176130b2c00175,True,18時間前,2026-06-20 01:24:32,静岡県
保育士新着,株式会社アシステンツァ,静岡県,月給22万円～26万円,正社員,保育,求人ボックス,https://xn--pckua2a7gp15o89zb.com/jb/0758e3e7b9a951ac058a2afc80ba07a6,True,18時間前,2026-06-20 01:24:32,静岡県
保育士新着,社会福祉法人翠会,静岡県,"時給1,140円",アルバイト・パート,保育,求人ボックス,https://xn--pckua2a7gp15o89zb.com/jb/902d8299f5c4934bbcf497f1c3918dc2,True,19時間前,2026-06-20 01:24:35,静岡県
保育士新着,アルムシンシア株式会社,静岡県,"月給21万3,000円",正社員,保育,求人ボックス,https://xn--pckua2a7gp15o89zb.com/jb/463b78b0fd4f303c701895e07b5733f1,True,18時間前,2026-06-20 01:24:35,静岡県
保育士新着,株式会社トレミー,静岡県,"月給18万5,000円",正社員,保育,求人ボックス,https://xn--pckua2a7gp15o89zb.com/jb/ed5e8af88ecbe60d9d274cc1b1e39e27,True,18時間前,2026-06-20 01:24:37,静岡県
保育士新着,合同会社スペロ,静岡県,"時給1,200円",アルバイト・パート,保育,求人ボックス,https://xn--pckua2a7gp15o89zb.com/jb/9dca09250fe71af144fa380846fc9a30,True,19時間前,2026-06-20 01:24:37,静岡県
保育士新着,株式会社COCOSIA,静岡県,"時給1,400円",アルバイト・パート,保育,求人ボックス,https://xn--pckua2a7gp15o89zb.com/jb/1162d446d79d09c3265241c59ed44c98,True,19時間前,2026-06-20 01:24:41,静岡県
保育士新着,社会福祉法人麻機福祉会,静岡県,"月給22万9,383円",正社員,保育,求人ボックス,https://xn--pckua2a7gp15o89zb.com/jb/ca547d43efeb2c09ca147f489847eb64,True,19時間前,2026-06-20 01:24:41,静岡県
保育士新着,社会福祉法人聖母福祉会,静岡県,"時給1,200円～1,300円",アルバイト・パート,保育,求人ボックス,https://xn--pckua2a7gp15o89zb.com/jb/ebd5fabcfa67d459a8d987c583097c7e,True,18時間前,2026-06-20 01:24:44,静岡県
保育士新着,社会福祉法人静岡恵明学園,静岡県,"時給1,200円～1,300円",アルバイト・パート,保育,求人ボックス,https://xn--pckua2a7gp15o89zb.com/jb/d37d0877a6b28312620a258d88992fce,True,19時間前,2026-06-20 01:24:46,静岡県
保育士新着,社会福祉法人八健会,静岡県,"月給19万4,400円",正社員,保育,求人ボックス,https://xn--pckua2a7gp15o89zb.com/jb/141507fc13f6ef06260a063cd1251984,True,18時間前,2026-06-20 01:24:46,静岡県
保育士新着,株式会社ライフサプリプラス,静岡県,"時給1,150円～1,200円",アルバイト・パート,保育,求人ボックス,https://xn--pckua2a7gp15o89zb.com/jb/bc0f6f297e0fb75d230a005a23c153ef,True,19時間前,2026-06-20 01:24:46,静岡県
保育士新着,株式会社ゾーンアーキテクトスタジオ,静岡県,"時給1,150円～1,250円",アルバイト・パート,保育,求人ボックス,https://xn--pckua2a7gp15o89zb.com/jb/9593cf4ea56ec561f528805453575f90,True,19時間前,2026-06-20 01:24:50,静岡県
保育士新着,株式会社歩,静岡県,"時給1,200円～1,500円",アルバイト・パート,保育,求人ボックス,https://xn--pckua2a7gp15o89zb.com/jb/5b1d6a776fb9b1b9e7b250f1de52edb5,True,19時間前,2026-06-20 01:24:50,静岡県
保育士新着,株式会社アース,静岡県,"月給23万7,000円",正社員,保育,求人ボックス,https://xn--pckua2a7gp15o89zb.com/jb/c0a2c09e5d1651b2ed8a7ba84352f8ca,True,19時間前,2026-06-20 01:24:53,静岡県
保育士新着,有限会社米山,静岡県,"月給22万3,788円",正社員,保育,求人ボックス,https://xn--pckua2a7gp15o89zb.com/jb/5348ca75bb17245beda92f4c2e10bf9d,True,19時間前,2026-06-20 01:24:53,静岡県
ブランク歓迎の美容師／ブランク歓迎／上場企業新着,QBハウス日清プラザ,静岡県,月給30万円～41万,正社員,美容,求人ボックス,https://xn--pckua2a7gp15o89zb.com/jbn/f37aad18f9a26616882fdfc88fca44f0,True,23時間前,2026-06-20 01:24:33,静岡県
残業なしの美容師／しっかり休める／ブランク歓迎新着,QBハウスベイシア浜松雄踏,静岡県,月給30万円～41万,正社員,美容,求人ボックス,https://xn--pckua2a7gp15o89zb.com/jbn/91e5dc15c2572e068c3f8018cc8b8e15,True,23時間前,2026-06-20 01:24:33,静岡県
「東証プライム上場企業で安定収入の美容師」／平均年間休日120日以上新着,QBハウスイオンモール浜松市野,静岡県,月給30万円～41万,正社員,美容,求人ボックス,https://xn--pckua2a7gp15o89zb.com/jbn/e91eedf727846899612faa5b26083f6e,True,23時間前,2026-06-20 01:24:34,静岡県
業界大手の美容師／ブランク歓迎／カット専門新着,QBハウスイオンタウン富士南,静岡県,月給30万円～41万,正社員,美容,求人ボックス,https://xn--pckua2a7gp15o89zb.com/jbn/0f268343c82b043e5abe2278c1d0d439,True,23時間前,2026-06-20 01:24:34,静岡県
「集客業務なし、お客様対応に集中できる環境／美容師」／元訪問美容スタッ...新着,QBハウス沼津アントレ,静岡県,月給30万円～41万,正社員,美容,求人ボックス,https://xn--pckua2a7gp15o89zb.com/jbn/19ef1939af8277caa325a3c27f15ba43,True,23時間前,2026-06-20 01:24:36,静岡県
「東証プライム上場企業で安定収入の美容師」／地域手当あり／ネイルOK新着,QBハウスベイシア浜松都田テクノ,静岡県,月給30万円～41万,正社員,美容,求人ボックス,https://xn--pckua2a7gp15o89zb.com/jbn/d074813d216fdae8b6621803b0a5016e,True,22時間前,2026-06-20 01:24:39,静岡県
美容師／しっかり休める／カット専門新着,QBハウスイトーヨーカドー静岡,静岡県,月給30万円～41万,正社員,美容,求人ボックス,https://xn--pckua2a7gp15o89zb.com/jbn/b2ba4ad3bd59b65187bcceea724697a8,True,23時間前,2026-06-20 01:24:39,静岡県
「未経験でも美容師免許があれば最短6ヶ月デビュー可」／月3日希望休あり新着,QBハウスららぽーと沼津,静岡県,月給30万円～41万,正社員,美容,求人ボックス,https://xn--pckua2a7gp15o89zb.com/jbn/a082cc9f1bb57223d97ee13ad03d598e,True,23時間前,2026-06-20 01:24:43,静岡県
月給30万～／未経験採用枠／研修充実／Tiktok運用エンジニア新着,infront株式会社,静岡県,月給30万～,正社員,美容,求人ボックス,https://xn--pckua2a7gp15o89zb.com/jbn/fadc12d1154ba1443b7caed91e521c2c,True,2時間前,2026-06-20 01:24:43,静岡県
「まだ間に合う!」／未経験からできる製造職「カプセルトイなど」／資格取得支援あり新着,株式会社alBee,静岡県,月給32万円～40万円,正社員,美容,求人ボックス,https://xn--pckua2a7gp15o89zb.com/jbn/e74d4e4c5b7217b666ce64539b2048ec,True,2時間前,2026-06-20 01:24:45,静岡県
「まだ間に合う!」未経験採用枠／製造スタッフ・カプセルトイ／寮・社宅・家賃補助あり新着,Yts株式会社,静岡県,月給28万円～50万円,正社員,美容,求人ボックス,https://xn--pckua2a7gp15o89zb.com/jbn/70c2d709a2a9d494196088cbcda31b2c,True,2時間前,2026-06-20 01:24:45,静岡県
「まだ間に合う!」未経験採用枠／製造スタッフ・カプセルトイ／年間休日125日以上新着,株式会社RIOT,静岡県,月給28万円～50万円,正社員,美容,求人ボックス,https://xn--pckua2a7gp15o89zb.com/jbn/f722d6f1069ebc0342977ca0fe8d56c9,True,2時間前,2026-06-20 01:24:48,静岡県
「新生活デビュー応援!」未経験採用枠／カプセルトイ製造スタッフ／寮・社宅・家賃補助あり新着,株式会社RIOT GROUP,静岡県,月給28万円～50万円,正社員,美容,求人ボックス,https://xn--pckua2a7gp15o89zb.com/jbn/de2d3870f6d5166e2f437203673752e9,True,3時間前,2026-06-20 01:24:51,静岡県
20代30代活躍中／未経験から活躍できるWebシステムエンジニア／年間休日125日以上新着,アンテリジャンス・コンサルティング株式会社,静岡県,月給28万円～60万円,正社員,美容,求人ボックス,https://xn--pckua2a7gp15o89zb.com/jbn/b1b4a5f4640ec45a1734472938a856a8,True,2時間前,2026-06-20 01:24:51,静岡県
20代30代活躍中／未経験から稼げるインフラエンジニア／年間休日125日以上新着,アンテリジャンス株式会社,静岡県,月給26万円～50万円,正社員,美容,求人ボックス,https://xn--pckua2a7gp15o89zb.com/jbn/93934ad6c648dcd846b9c8501cf03954,True,2時間前,2026-06-20 01:24:51,静岡県
未経験から稼げる開発エンジニア／昇給年2回・賞与年2回新着,美容師・,静岡県,月給26万円～50万円,正社員,美容,求人ボックス,https://xn--pckua2a7gp15o89zb.com/jbn/fd152998e26cafe18cc6741958c25668,True,2時間前,2026-06-20 01:24:55,静岡県
広報・PRプランナー／20代・30代活躍中／土日祝休み／未経験歓迎／賞与2回・昇給あり／転勤なし新着,株式会社リーパス・バディ,静岡県,月給23万円～50万円,正社員,美容,求人ボックス,https://xn--pckua2a7gp15o89zb.com/jbn/917f29613f8e8870a15248e56be4279d,True,22時間前,2026-06-20 01:24:59,静岡県
足場・解体工事の現場作業員新着,株式会社菅野工業,静岡県,年収500万円,正社員,建設,求人ボックス,https://xn--pckua2a7gp15o89zb.com/jb/5c87dee84c72eb0b95a16fef00f9b019,True,3時間前,2026-06-20 01:24:38,静岡県
大手メーカーで事務新着,ヒューマンリソシア株式会社,静岡県,"時給1,600円",派遣社員,建設,求人ボックス,https://xn--pckua2a7gp15o89zb.com/jb/cc3b77eee471815035a307b34326396c,True,4時間前,2026-06-20 01:24:38,静岡県
建設現場 公共事業の重機オペレーター新着,有限会社前田重工業,静岡県,月給25万円～40万円,正社員,建設,求人ボックス,https://xn--pckua2a7gp15o89zb.com/jb/311b26e667f05fd6a44229ca37c670c2,True,1時間前,2026-06-20 01:24:38,静岡県
土木作業スタッフ新着,東海下水道整備株式会社,静岡県,"月給22万5,000円",正社員,建設,求人ボックス,https://xn--pckua2a7gp15o89zb.com/jb/976882e85ea5049c25b276ea2fe41a00,True,1時間前,2026-06-20 01:24:38,静岡県
QAスペシャリスト未経験歓迎「正社員／土日祝休み／昇給あり／賞与あり」安心の研修制度完備新着,株式会社GUM,静岡県,"月給26万5,000円",正社員,建設,求人ボックス,https://xn--pckua2a7gp15o89zb.com/jbn/325dc6cb0933cfe8834d632be2f049c8,True,3時間前,2026-06-20 01:24:38,静岡県
ゲームテストアナリスト・未経験歓迎「正社員／駅チカ／研修充実／賞与あり」ゲーム好き必見の職場新着,株式会社alBee,静岡県,月給24万円～30万円,正社員,建設,求人ボックス,https://xn--pckua2a7gp15o89zb.com/jbn/29a69caa0c58078e1729e41ba7cdc137,True,3時間前,2026-06-20 01:24:38,静岡県
建物管理スタッフ新着,株式会社ウィズコーポレーション,静岡県,月給25万円～,正社員,建設,求人ボックス,https://xn--pckua2a7gp15o89zb.com/jb/61a988d2ff1454cf61495aabcf5d353a,True,3時間前,2026-06-20 01:24:38,静岡県
現場管理 経験者限定 寮完備 全国拠点新着,株式会社GSスタッフ,静岡県,"月給35万1,500円",正社員,建設,求人ボックス,https://xn--pckua2a7gp15o89zb.com/jb/4e4c77018f5d36d63a8025a1d1787bec,True,1時間前,2026-06-20 01:24:38,静岡県
公共工事中心の土木施工スタッフ新着,丸大杉山建材株式会社,静岡県,"日給1万5,000円",正社員,建設,求人ボックス,https://xn--pckua2a7gp15o89zb.com/jb/fc0143acf95ebcc8cd347a87a49fa364,True,9時間前,2026-06-20 01:24:38,静岡県
フレッシュな20代活躍中／土日祝休みの完全週休2日／安全管理アシスタント／正社員デビュー応援新着,未経験OK,静岡県,月給25万円～60万円,正社員,建設,求人ボックス,https://xn--pckua2a7gp15o89zb.com/jbn/742bbd4a4207d8da20e3f077d509b706,True,22時間前,2026-06-20 01:24:38,静岡県
設備管理／オフィスビル／メイン／、データセンター、／学校、商業施設、複合施設、美術館新着,鹿島建物総合管理株式会社,静岡県,月給21万円～30万円,正社員,建設,求人ボックス,https://xn--pckua2a7gp15o89zb.com/jb/9bbd4402243d5c54a6aa2b050084ac7b,True,4時間前,2026-06-20 01:24:39,静岡県
戸建て住宅施工管理・リフォーム営業／20代活躍中／未経験・第二新卒／賞与あり／浜松市中央区上島新着,作業,静岡県,"月給24万6,000円",正社員,建設,求人ボックス,https://xn--pckua2a7gp15o89zb.com/jbn/b70dc798c0cde3e36dfc9f54e7fd3781,True,2時間前,2026-06-20 01:24:39,静岡県
ピッキング新着,株式会社ウィルエージェンシー 静岡,静岡県,"時給1,400円～",派遣社員,建設,求人ボックス,https://xn--pckua2a7gp15o89zb.com/jb/a12ad0af84d48f43bf2ee79fc7f1f537,True,11時間前,2026-06-20 01:24:39,静岡県
建設現場での一般事務新着,株式会社ホットスタッフ吉田,静岡県,"時給1,500円",正社員,建設,求人ボックス,https://xn--pckua2a7gp15o89zb.com/jb/0a031b2881014e5e32b5e2acca5a2bd3,True,7時間前,2026-06-20 01:24:39,静岡県
公共工事がメインの土木施工スタッフ新着,株式会社アースシフト,静岡県,年収450万円～900万円,正社員,建設,求人ボックス,https://xn--pckua2a7gp15o89zb.com/jb/5e7e8947b933f4ca2a597ea1ef48cb0c,True,1時間前,2026-06-20 01:24:39,静岡県
工事スタッフ／未経験から高収入可能／年末年始休暇12連休／安定の上場企業新着,非​​公​​開,静岡県,年収350万円～750万円,正社員,建設,求人ボックス,https://xn--pckua2a7gp15o89zb.com/jb/29499e084857678df226e522aa6434d9,True,16時間前,2026-06-20 01:24:42,静岡県
お掃除シートの検品／未経験歓迎／シンプル作業／寮完備／住み込み新着,株式会社Neo Boost人事採用1課,静岡県,月給28万円～32万円,正社員,建設,求人ボックス,https://xn--pckua2a7gp15o89zb.com/jb/8a899499a9580a93c7014595d91a7861,True,22時間前,2026-06-20 01:24:42,静岡県
お掃除シートの検品／未経験歓迎／シンプル作業／寮完備／住み込み新着,株式会社Neo Boost 人事採用課,静岡県,月給28万円～32万円,正社員,建設,求人ボックス,https://xn--pckua2a7gp15o89zb.com/jb/8628986a84a5771a39b6b0a2fe0bca01,True,22時間前,2026-06-20 01:24:42,静岡県
設計 その他新着,静岡コンサルタント株式会社,静岡県,年収500万円～800万円,正社員,建設,求人ボックス,https://xn--pckua2a7gp15o89zb.com/jb/6fc47e784b195aaca278e4b0915b6ebd,True,7時間前,2026-06-20 01:24:42,静岡県
施工管理・工事監理者 土木・解体工事新着,大沼建設株式会社,静岡県,年収400万円～700万円,正社員,建設,求人ボックス,https://xn--pckua2a7gp15o89zb.com/jb/983d9652986da0a2ca6ff0db22491cbb,True,7時間前,2026-06-20 01:24:42,静岡県
セロハンテープの検品・梱包／未経験OK／寮完備／軽作業／履歴書不要新着,株式会社Neo Boost 人事採用1課,静岡県,"時給1,480円～1,850円",アルバイト・パート,建設,求人ボックス,https://xn--pckua2a7gp15o89zb.com/jb/cbd9c92460fba0aabd7580f756adb841,True,22時間前,2026-06-20 01:24:42,静岡県
カードゲーム商品の製造／寮完備／未経験OK／単純作業／履歴書不要新着,株式会社KIエージェント 採用受付,静岡県,"時給1,500円～1,875円",アルバイト・パート,建設,求人ボックス,https://xn--pckua2a7gp15o89zb.com/jb/34ece9038e0dc3a6ef08784e1d4d98f1,True,5時間前,2026-06-20 01:24:42,静岡県
コスメ用品の梱包／未経験OK／寮完備／工場／軽作業／住み込み新着,株式会社KIエージェント第三営業部,静岡県,月給28万円～32万円,正社員,建設,求人ボックス,https://xn--pckua2a7gp15o89zb.com/jb/08edb154216e4c9ca8cc81f24fb764a9,True,5時間前,2026-06-20 01:24:46,静岡県
キッチンタイマーの検品／寮完備／未経験OK／軽作業／履歴書不要新着,株式会社KIエージェント採用部,静岡県,"時給1,480円～1,850円",アルバイト・パート,建設,求人ボックス,https://xn--pckua2a7gp15o89zb.com/jb/79af87cbeea311deec6955a21fbbe9b9,True,5時間前,2026-06-20 01:24:46,静岡県
施工管理・工事監理者 建築新着,株式会社鈴木組,静岡県,年収522万円～608万円,正社員,建設,求人ボックス,https://xn--pckua2a7gp15o89zb.com/jb/50805ac04daf93d2100642d70b3aa319,True,7時間前,2026-06-20 01:24:46,静岡県
店舗害虫駆除のサービスエンジニア／履歴書の行数は覚悟の厚み。100年企業は「未来」を信じます新着,株式会社三共消毒,静岡県,"月給25万7,000円",正社員,建設,求人ボックス,https://xn--pckua2a7gp15o89zb.com/jb/11aec4ab02b8e43f85cca9bec5307941,True,10時間前,2026-06-20 01:24:46,静岡県
設計 その他新着,静岡コンサルタント株式会社,静岡県,年収500万円～800万円,正社員,建設,求人ボックス,https://xn--pckua2a7gp15o89zb.com/jb/19ef4339929f1ee43c7b8a61089ce31b,True,7時間前,2026-06-20 01:24:46,静岡県
施工管理・工事監理者 土木・解体工事新着,株式会社中村組,静岡県,年収400万円～500万円,正社員,建設,求人ボックス,https://xn--pckua2a7gp15o89zb.com/jb/418a404c2bac6458af52a595955e7e16,True,7時間前,2026-06-20 01:24:46,静岡県
ミニ家電パーツの組立・梱包／未経験歓迎／単純作業／寮費無料／履歴書不要新着,株式会社Neo Boost 人事採用1課,静岡県,"時給1,520円～1,900円",アルバイト・パート,建設,求人ボックス,https://xn--pckua2a7gp15o89zb.com/jb/f0461ce935b7755162da12895cff4baf,True,22時間前,2026-06-20 01:24:48,静岡県
ベッドフレームの製造／未経験OK／寮完備／単純作業／履歴書不要新着,株式会社Neo Boost人事採用1課,静岡県,"時給1,500円～1,875円",アルバイト・パート,建設,求人ボックス,https://xn--pckua2a7gp15o89zb.com/jb/f2efb41f4720d1e69ab4681f51a327f3,True,22時間前,2026-06-20 01:24:48,静岡県
測量新着,株式会社東日,静岡県,年収700万円～900万円,正社員,建設,求人ボックス,https://xn--pckua2a7gp15o89zb.com/jb/8354fe32f4f20c4d1c81a4a8b682816d,True,7時間前,2026-06-20 01:24:48,静岡県
若手が主役!研修充実で知識不問の・施工管理・CADオペレーター／土日祝休み・年休120日以上新着,未経験OK,静岡県,月給29万円～54万円,正社員,建設,求人ボックス,https://xn--pckua2a7gp15o89zb.com/jbn/8edfce74bc86c7f3fb21b38f795c3810,True,22時間前,2026-06-20 01:24:48,静岡県
パイプ製造新着,建設,静岡県,月給29万円～47万円,正社員,建設,求人ボックス,https://xn--pckua2a7gp15o89zb.com/jb/b314dc18e4e54603ea6baebb22dd7442,True,4時間前,2026-06-20 01:24:48,静岡県
軌道施工管理新着,未経験OK,静岡県,"月給36万1,000円",正社員,建設,求人ボックス,https://xn--pckua2a7gp15o89zb.com/jbn/5e4a2ce1635891517e01f1d6c775ab16,True,21時間前,2026-06-20 01:24:52,静岡県
社内SE インフラ運用・新システム企画新着,須山建設株式会社,静岡県,月給28万円～45万円,正社員,建設,求人ボックス,https://xn--pckua2a7gp15o89zb.com/jb/38f2eede7b6abcc31211f90dc4f00717,True,12時間前,2026-06-20 01:24:52,静岡県
一般事務「正社員で長期安定」産育休の復帰実績あり・土日祝休み新着,株式会社トラスト,静岡県,"月給19万2,000円",正社員,事務,求人ボックス,https://xn--pckua2a7gp15o89zb.com/jbn/d03220ee7c5c5707441071b46eab814b,True,20時間前,2026-06-20 01:24:57,静岡県
一般事務「残業なし・土日祝休み・年休125日」18時退社・ネイルOK新着,株式会社ネクスト,静岡県,"月給19万5,000円",正社員,事務,求人ボックス,https://xn--pckua2a7gp15o89zb.com/jbn/9940bdb8f7ca9aee2e13aeebb16ec5c6,True,17時間前,2026-06-20 01:24:57,静岡県
一般事務新着,フロンティア・ヒューマン,静岡県,"時給1,250円",派遣社員,事務,求人ボックス,https://xn--pckua2a7gp15o89zb.com/jb/c500c2fc943fea9a16c6d9f40f4e66fc,True,3時間前,2026-06-20 01:24:57,静岡県
一般事務スタッフ／フリーター歓迎／社会保険完備／未経験歓迎／学歴不問新着,株式会社ワークナビ,静岡県,"時給1,500円～",派遣社員,事務,求人ボックス,https://xn--pckua2a7gp15o89zb.com/jbn/b27c7f2ed1b3e2064ae700410716d61b,True,16時間前,2026-06-20 01:24:58,静岡県
一般事務新着,株式会社アイエーイー,静岡県,"時給1,200円",正社員,事務,求人ボックス,https://xn--pckua2a7gp15o89zb.com/jb/34345d99be43d2c71e72814fb3b07706,True,5時間前,2026-06-20 01:24:58,静岡県
もくもくPC入力で安心勤務!アットホームな雰囲気／一般事務／資格不要新着,株式会社ELシステム,静岡県,"月給25万2,800円",正社員,事務,求人ボックス,https://xn--pckua2a7gp15o89zb.com/jbn/9b9bd6f94f847d4d77d48b8549dbc225,True,9時間前,2026-06-20 01:25:02,静岡県
事務 時給1450円 大手メーカーの設計部門で一般事務新着,株式会社メイテックキャスト,静岡県,時給1450円,派遣社員,事務,求人ボックス,https://xn--pckua2a7gp15o89zb.com/jb/21b3fbf81b359197c7389f0b77f5d437,True,14時間前,2026-06-20 01:25:02,静岡県
「大手企業でオフィスワークデビュー!」／一般事務／未経験95%新着,一般事務,静岡県,"月給25万3,000円",正社員,事務,求人ボックス,https://xn--pckua2a7gp15o89zb.com/jbn/a2e2daad02336cff31464e4a1c9c7597,True,6時間前,2026-06-20 01:25:05,静岡県
書類整理でスッキリ!丁寧な研修で安心スタート／一般事務／資格不要新着,株式会社LOP,静岡県,"月給25万4,000円",正社員,事務,求人ボックス,https://xn--pckua2a7gp15o89zb.com/jbn/7a91bb8e961b71ef6d592c5f4a10569a,True,9時間前,2026-06-20 01:25:05,静岡県
一般事務新着,株式会社SPS,静岡県,"時給1,250円～",アルバイト・パート,事務,求人ボックス,https://xn--pckua2a7gp15o89zb.com/jb/0180c862f927097c812b597ba606280d,True,15時間前,2026-06-20 01:25:08,静岡県
「はじめての事務職にぴったり」／一般事務スタッフ／残業ほぼなし新着,一般事務,静岡県,月給25万円～28万円,正社員,事務,求人ボックス,https://xn--pckua2a7gp15o89zb.com/jbn/686c0927e17b02e9b86f54f93a6341f7,True,6時間前,2026-06-20 01:25:08,静岡県
落ち着いた環境でコツコツ!働きやすい環境／一般事務／20代活躍中新着,JHRconsulting株式会社,静岡県,"月給24万6,200円",正社員,事務,求人ボックス,https://xn--pckua2a7gp15o89zb.com/jbn/1be163103d0cca927c9ee88eec93582a,True,8時間前,2026-06-20 01:25:11,静岡県
「PC入力から始める事務ワーク」／一般事務スタッフ／年間休日125日以...新着,一般事務,静岡県,月給25万円～28万円,正社員,事務,求人ボックス,https://xn--pckua2a7gp15o89zb.com/jbn/9949ef336cc65e036e48a7b904de5ccf,True,6時間前,2026-06-20 01:25:11,静岡県
「はじめての事務職にぴったり」／一般事務スタッフ／研修あり／昇給あり新着,一般事務,静岡県,月給25万円～28万円,正社員,事務,求人ボックス,https://xn--pckua2a7gp15o89zb.com/jbn/605b1f891f058c4512743edf721177b1,True,6時間前,2026-06-20 01:25:11,静岡県
「一般事務」PC入力・書類ファイリング／未経験OK!完全週休2日制新着,株式会社トラストファミリー,静岡県,"時給1,300円",派遣社員,事務,求人ボックス,https://xn--pckua2a7gp15o89zb.com/jb/257b9dd0e0cfee022161cedaea4e6fca,True,9時間前,2026-06-20 01:25:11,静岡県
「まだ間に合う!」未経験採用枠／一般事務／年間休日125日以上新着,株式会社RIOT GROUP,静岡県,月給25万円～40万円,正社員,事務,求人ボックス,https://xn--pckua2a7gp15o89zb.com/jbn/24845a30b8a5d8cfc8df23ae51e6e2a6,True,2時間前,2026-06-20 01:25:13,静岡県
一般事務職・完全週休二日制新着,株式会社carina,静岡県,月給23万円～28万,正社員,事務,求人ボックス,https://xn--pckua2a7gp15o89zb.com/jb/838d62bb654ccaa38f739d7f96dcf060,True,8時間前,2026-06-20 01:25:13,静岡県
「まだ間に合う!」未経験採用枠／一般事務／寮・社宅・家賃補助あり新着,株式会社RIOT,静岡県,月給25万円～40万円,正社員,事務,求人ボックス,https://xn--pckua2a7gp15o89zb.com/jbn/4ee5ebcbe98883c9de7636f8e47f12f0,True,2時間前,2026-06-20 01:25:13,静岡県
「まだ間に合う!」未経験採用枠／一般事務／研修充実新着,株式会社小林,静岡県,月給25万円～40万円,正社員,事務,求人ボックス,https://xn--pckua2a7gp15o89zb.com/jbn/c3202b1809d464fe43cc6d7684ddb628,True,2時間前,2026-06-20 01:25:13,静岡県
キャリアチェンジ歓迎／一般事務／オフィスワーク／研修充実新着,一般事務,静岡県,月給27万円～30万円,正社員,事務,求人ボックス,https://xn--pckua2a7gp15o89zb.com/jbn/28ef5cd1ca06c8e605150c34b48cec24,True,6時間前,2026-06-20 01:25:13,静岡県
「まだ間に合う!」未経験採用枠／一般事務／年間休日125日以上新着,AQUARIUS株式会社,静岡県,月給25万円～40万円,正社員,事務,求人ボックス,https://xn--pckua2a7gp15o89zb.com/jbn/df98a3a3e00f8a8d9eb4bcf14c2b1d62,True,2時間前,2026-06-20 01:25:17,静岡県
「年間休日130日以上で充実!」／一般事務／プライベート充実新着,一般事務,静岡県,"月給25万5,000円",正社員,事務,求人ボックス,https://xn--pckua2a7gp15o89zb.com/jbn/2a9c80d213b0b616072662d70c17aeff,True,4時間前,2026-06-20 01:25:17,静岡県
「正社員デビュー応援!」／一般事務／残業少なめ／完全週休2日制新着,一般事務,静岡県,月給25万円～30万円,正社員,事務,求人ボックス,https://xn--pckua2a7gp15o89zb.com/jbn/98b2859fad63f5e74aeca7fb7d5dbf76,True,4時間前,2026-06-20 01:25:17,静岡県
「はじめてでも始めやすい!」／一般事務／年間休日130日以上新着,一般事務,静岡県,月給26万円～31万円,正社員,事務,求人ボックス,https://xn--pckua2a7gp15o89zb.com/jbn/676ffa07a3ce02b8db5ba5d1603a3a49,True,4時間前,2026-06-20 01:25:17,静岡県
データエントリー業務 ／ 一般事務・OA事務 ／ロゼシアター近く新着,パーソルテンプスタッフ株式会社,静岡県,"時給1,400円",派遣社員,事務,求人ボックス,https://xn--pckua2a7gp15o89zb.com/jb/8f8701d679aeed9c17deec6f49ac3edb,True,15時間前,2026-06-20 01:25:21,静岡県
大手建設会社で一般事務新着,ヒューマンリソシア株式会社,静岡県,"時給1,450円",派遣社員,事務,求人ボックス,https://xn--pckua2a7gp15o89zb.com/jb/03a5f01a82f36f356dc28832c2d89519,True,5時間前,2026-06-20 01:25:21,静岡県
残業なし／土日休み／一般事務スタッフ新着,株式会社HALLテクニカル,静岡県,"時給1,300円～",アルバイト・パート,事務,求人ボックス,https://xn--pckua2a7gp15o89zb.com/jb/34871917779a0f3302c0e27db81a5823,True,15時間前,2026-06-20 01:25:21,静岡県
未経験OK／土日祝休み／一般事務スタッフ新着,株式会社総商セレクト,静岡県,"時給1,200円～",アルバイト・パート,事務,求人ボックス,https://xn--pckua2a7gp15o89zb.com/jb/d00cd05bfc514b59fe45500c74b42f74,True,15時間前,2026-06-20 01:25:24,静岡県
一般事務「未経験OK・土日祝休み・残業なし」ネイルOK・服装自由「正社...新着,株式会社アシスト,静岡県,"月給19万4,000円",正社員,事務,求人ボックス,https://xn--pckua2a7gp15o89zb.com/jbn/c7e5ed8e4ba7d29815a899311a724766,True,18時間前,2026-06-20 01:25:24,静岡県
一般事務／残業ほぼナシ 電話少なめ 土日祝休のサポート事務新着,マンパワーグループ株式会社,静岡県,"時給1,400円",派遣社員,事務,求人ボックス,https://xn--pckua2a7gp15o89zb.com/jb/d7fb5b3ea57a10c786c749156e7443f8,True,4時間前,2026-06-20 01:25:24,静岡県
一般事務新着,株式会社ユース.TR,静岡県,"時給1,200円",派遣社員,事務,求人ボックス,https://xn--pckua2a7gp15o89zb.com/jb/fc9c4ad45fb44c6f0c94ac6908116030,True,23時間前,2026-06-20 01:25:24,静岡県
柔道整復師新着,株式会社やまがた,静岡県,"月給25万8,000円",正社員,治療家,求人ボックス,https://xn--pckua2a7gp15o89zb.com/jb/151c76bdb5855b1ccff5e2d707ead417,True,1時間前,2026-06-20 01:25:26,静岡県
柔道整復師 新卒新着,株式会社CSスタンダード,静岡県,"月給25万8,000円",正社員,治療家,求人ボックス,https://xn--pckua2a7gp15o89zb.com/jb/2f7b8f2bf69dc0fd7ee768e9e7afb1d7,True,1時間前,2026-06-20 01:25:26,静岡県
柔道整復師／社保完備の鍼灸整骨院、柔整師・鍼灸師新着,柔道整復師,静岡県,月給23万円～30万円,正社員,治療家,求人ボックス,https://xn--pckua2a7gp15o89zb.com/jb/cb7bec19cb99d65d70b2e8401a36786a,True,5時間前,2026-06-20 01:25:26,静岡県
賞与年2回のリハビリ型デイサービス、機能訓練指導員新着,柔道整復師,静岡県,月給22万円～,正社員,治療家,求人ボックス,https://xn--pckua2a7gp15o89zb.com/jb/cb01892ccd533b8ecccd450509e1d549,True,5時間前,2026-06-20 01:25:26,静岡県
「経理事務／伝票作成や給与計算」残業なし・土日祝休み新着,株式会社トラストファミリー,静岡県,"時給1,500円",派遣社員,経理,求人ボックス,https://xn--pckua2a7gp15o89zb.com/jb/03a0c1d69fd81db3c717db1976998a39,True,9時間前,2026-06-20 01:25:03,静岡県
経理事務スタッフ新着,株式会社静幸産業,静岡県,月給23万円～26万円,正社員,経理,求人ボックス,https://xn--pckua2a7gp15o89zb.com/jb/979d7aa2b42ac84ab004947371402d6f,True,15時間前,2026-06-20 01:25:03,静岡県
経理事務スタッフ新着,ひかり株式会社,静岡県,"月給20万7,960円",正社員,経理,求人ボックス,https://xn--pckua2a7gp15o89zb.com/jb/811de14083224023deb0ac0e79666aeb,True,3時間前,2026-06-20 01:25:03,静岡県
経理事務スタッフ新着,株式会社アイエーイー,静岡県,"時給1,317円",正社員,経理,求人ボックス,https://xn--pckua2a7gp15o89zb.com/jb/05ab25a21ded69f6c92b060a11fe8eb9,True,5時間前,2026-06-20 01:25:03,静岡県
経理事務「未経験から専門スキル」研修充実・土日祝休み・ネイルOK新着,株式会社ネクスト,静岡県,"月給19万6,000円",正社員,経理,求人ボックス,https://xn--pckua2a7gp15o89zb.com/jbn/68113fdacfad15efd0c3f8644b9223db,True,16時間前,2026-06-20 01:25:07,静岡県
「経費精算・勤怠データ入力!」／経理事務／月収27万～35万新着,Courage Path株式会社,静岡県,月給27万円～35万円,正社員,経理,求人ボックス,https://xn--pckua2a7gp15o89zb.com/jbn/f813963ae1976b0ce03a37484377b3e9,True,5時間前,2026-06-20 01:25:07,静岡県
経理事務／未経験歓迎「土日祝休み・電話対応少なめ・ネイルOK」新着,こんな経験をお持ちの方も歓迎,静岡県,"月給19万4,500円",正社員,経理,求人ボックス,https://xn--pckua2a7gp15o89zb.com/jbn/2f2d37e47a52d0ad6f900f186ec473c0,True,20時間前,2026-06-20 01:25:07,静岡県
「大手企業の数字まわりを支える!」／経理事務／未経験95%／未経験歓迎新着,経理,静岡県,"月給26万1,400円",正社員,経理,求人ボックス,https://xn--pckua2a7gp15o89zb.com/jbn/9e44b3198be29ffe2e9be4bde61df425,True,5時間前,2026-06-20 01:25:07,静岡県
経理・財務 ／ 一般事務・OA事務／直接雇用化の実績あり 経理事務のお...新着,パーソルテンプスタッフ株式会社,静岡県,"時給1,500円",派遣社員,経理,求人ボックス,https://xn--pckua2a7gp15o89zb.com/jb/261d3fc694234fe7f666f7ed45d34460,True,18時間前,2026-06-20 01:25:11,静岡県
「数字チェックから始める事務」／経理事務／服装自由／ネイルOK新着,事務,静岡県,"月給25万4,000円",正社員,経理,求人ボックス,https://xn--pckua2a7gp15o89zb.com/jbn/f7a86c4a3d4ca7e3b8f178b8630451ef,True,5時間前,2026-06-20 01:25:11,静岡県
「数字チェックから始める事務」／経理事務／年間休日125日以上新着,事務,静岡県,"月給25万7,000円",正社員,経理,求人ボックス,https://xn--pckua2a7gp15o89zb.com/jbn/89be31d4c0c0b5fa58a87eb1e20cf79b,True,5時間前,2026-06-20 01:25:11,静岡県
本部事務スタッフ 経理・総務新着,株式会社ZOA,静岡県,"月給19万6,000円",正社員,経理,求人ボックス,https://xn--pckua2a7gp15o89zb.com/jb/0f43c5584eedeed121f73e827a4ba485,True,1時間前,2026-06-20 01:25:15,静岡県
株式会社 大洋アレスコ 静岡県焼津市の総務・経理事務／年間休日115日新着,事務,静岡県焼津市の総務・経理事務／年間休日115日,月給23万円～29万円,正社員,経理,求人ボックス,https://xn--pckua2a7gp15o89zb.com/jb/485585e099eb14bcd326da3639406ba2,True,23時間前,2026-06-20 01:25:15,静岡県
数字や日付を入力するシンプル作業が中心!未経験から始める経理サポートの...新着,事務,静岡県,月給25万円～35万円,正社員,経理,求人ボックス,https://xn--pckua2a7gp15o89zb.com/jbn/1256b176f8c2e1168b44f7cc00b20813,True,6時間前,2026-06-20 01:25:15,静岡県
総務・経理事務新着,浜松生コン株式会社,静岡県,月給35万円～,正社員,経理,求人ボックス,https://xn--pckua2a7gp15o89zb.com/jb/048974f5161860271698b5c3829ee674,True,1時間前,2026-06-20 01:25:15,静岡県
経理総務スタッフ新着,ニチハ富士テック株式会社／富士工場,静岡県,"月給18万1,669円",正社員,経理,求人ボックス,https://xn--pckua2a7gp15o89zb.com/jb/4bb190491a48d7a103da1a276a6b79e9,True,9時間前,2026-06-20 01:25:18,静岡県
庶務事務・未経験OK「正社員・土日祝休み・年間休日125日・残業なし「20代活躍中」新着,事務,静岡県,"月給19万6,000円",正社員,経理,求人ボックス,https://xn--pckua2a7gp15o89zb.com/jbn/46cd25258ddda345374246eac5762700,True,20時間前,2026-06-20 01:25:18,静岡県
オフィスワーク／充実サポート／服装自由／転勤なし／マニュアル完備／キャリアアップ可新着,事務,静岡県,"月給22万9,500円",正社員,経理,求人ボックス,https://xn--pckua2a7gp15o89zb.com/jbn/3fc8659742aaf8ccecf53204dcbd7120,True,22時間前,2026-06-20 01:25:18,静岡県
事務・文字起こし・タイピング「未経験歓迎」残業なし・ネイルOK・服装自由新着,事務,静岡県,"月給19万5,500円",正社員,経理,求人ボックス,https://xn--pckua2a7gp15o89zb.com/jbn/45145128e93672bf9b239591be0182e5,True,20時間前,2026-06-20 01:25:18,静岡県
オフィスワーク／週休完全2日制／服装自由／転勤なし／マニュアル完備／学歴不問新着,事務,静岡県,"月給19万3,000円",正社員,経理,求人ボックス,https://xn--pckua2a7gp15o89zb.com/jbn/221895ba6388b2df2545bd0e4ac55628,True,22時間前,2026-06-20 01:25:21,静岡県
受付・データ入力スタッフ／若手活躍中／駅チカ／髪色自由／既卒歓迎／安定収入新着,事務,静岡県,"月給24万1,000円",正社員,経理,求人ボックス,https://xn--pckua2a7gp15o89zb.com/jbn/4d19652e0339e13f501d8b0464c52966,True,22時間前,2026-06-20 01:25:21,静岡県
事務オフィスワーク・事務デビュー歓迎・土日祝休み／残業なし／賞与あり・正社員「20代活躍中」新着,事務,静岡県,"月給19万5,500円",正社員,経理,求人ボックス,https://xn--pckua2a7gp15o89zb.com/jbn/cbb6419e699e8133a2e14da5fd29b264,True,20時間前,2026-06-20 01:25:21,静岡県
データ入力・事務／週休完全2日制／服装自由／昇給賞与アリ／マニュアル完備／安定収入新着,事務,静岡県,"月給21万3,000円",正社員,経理,求人ボックス,https://xn--pckua2a7gp15o89zb.com/jbn/66c9215ed033673aaf78615c4ffccd5c,True,22時間前,2026-06-20 01:25:24,静岡県
庶務事務「年間休日125日・土日祝休み」残業なし・在宅制度・ネイルOK「未経験歓迎」新着,事務,静岡県,"月給19万6,500円",正社員,経理,求人ボックス,https://xn--pckua2a7gp15o89zb.com/jbn/546ffed549dd63ea8c9b8e0c6ddb3168,True,20時間前,2026-06-20 01:25:24,静岡県
プライベートも両立しやすい!ペースに合わせて学べる／オフィスワーク事務／第二新卒歓迎新着,株式会社GUM,静岡県,"月給24万5,000円",正社員,経理,求人ボックス,https://xn--pckua2a7gp15o89zb.com/jbn/94e9df7f301f33b41ac6a5d4d6856d83,True,8時間前,2026-06-20 01:25:24,静岡県
事務オフィスワーク「正社員デビュー・長期安定」産育休実績あり・土日祝休み・残業なし「20代活躍中」新着,株式会社トラスト,静岡県,"月給19万7,000円",正社員,経理,求人ボックス,https://xn--pckua2a7gp15o89zb.com/jbn/66acde14e5c317fffdd05cd9e8b6ad20,True,20時間前,2026-06-20 01:25:24,静岡県
未経験でもすぐ慣れる!座って月収25〜35万円のかんたん事務新着,経理,静岡県,月給25万円～35万円,正社員,経理,求人ボックス,https://xn--pckua2a7gp15o89zb.com/jbn/0d8b3a28adebf60336efd0a840a01c3a,True,6時間前,2026-06-20 01:25:27,静岡県
「しっかり稼げるITデビュー」／ゲームテスター／月収30万円以上可／未経験OK／研修充実新着,このお仕事の特徴一般,静岡県,月給27万円～34万円,正社員,経理,求人ボックス,https://xn--pckua2a7gp15o89zb.com/jbn/8641e3d7e2a3cdbb455b71ed4f31aaa5,True,11時間前,2026-06-20 01:25:27,静岡県
「データから価値を生み出す」／データサイエンティスト／月収30万円以上可／未経験OK新着,このお仕事の特徴一般,静岡県,月給27万円～34万円,正社員,経理,求人ボックス,https://xn--pckua2a7gp15o89zb.com/jbn/4e5389d9ed97cdeea6e3139191bbbf5b,True,11時間前,2026-06-20 01:25:30,静岡県
「データ分野で高収入を実現」／データサイエンティスト／月収30万円以上可／未経験歓迎／教育制度あり新着,このお仕事の特徴一般,静岡県,月給27万円～34万円,正社員,経理,求人ボックス,https://xn--pckua2a7gp15o89zb.com/jbn/440cf06b91e8f90025cb02b9525cafd3,True,11時間前,2026-06-20 01:25:30,静岡県
有料老人ホームの看護師／年収6300000円~／日勤のみ新着,看護師,静岡県,年収6300000円,正社員,看護,求人ボックス,https://xn--pckua2a7gp15o89zb.com/jb/e07da7461f4957a3611f17b875540038,True,19時間前,2026-06-20 01:25:11,静岡県
ホスピスの看護師／月給350300円~／駅チカ新着,看護師,静岡県,月給350300円,正社員,看護,求人ボックス,https://xn--pckua2a7gp15o89zb.com/jb/a23f037f565c041981fb18030d9d3592,True,19時間前,2026-06-20 01:25:12,静岡県
有料老人ホームの看護師／月給345000円~／残業少なめ新着,職種有料老人ホームの,静岡県,月給345000円,正社員,看護,求人ボックス,https://xn--pckua2a7gp15o89zb.com/jb/9f030ed267d81614fb7b933325c779a4,True,19時間前,2026-06-20 01:25:12,静岡県
有料老人ホームの看護師／月給300000円~／駅チカ新着,看護師,静岡県,月給300000円,正社員,看護,求人ボックス,https://xn--pckua2a7gp15o89zb.com/jb/bfef4789039b6464952512e14d81bfd3,True,19時間前,2026-06-20 01:25:15,静岡県
有料老人ホームの看護師／月給304000円~／駅チカ／年休120日新着,看護師,静岡県,月給304000円,正社員,看護,求人ボックス,https://xn--pckua2a7gp15o89zb.com/jb/56c2007e0c5d8654fe200ebfc1d20aa3,True,19時間前,2026-06-20 01:25:18,静岡県
ホスピスの看護師／月給350000円~／駅チカ新着,看護師,静岡県,月給350000円,正社員,看護,求人ボックス,https://xn--pckua2a7gp15o89zb.com/jb/2f0f8540a5c47a3fabf8bb697291bb8a,True,19時間前,2026-06-20 01:25:18,静岡県
有料老人ホームの看護師／月給305000円~／日勤のみ新着,職種有料老人ホームの,静岡県,月給305000円,正社員,看護,求人ボックス,https://xn--pckua2a7gp15o89zb.com/jb/af693ba7af806096a3d8da477c873b41,True,19時間前,2026-06-20 01:25:18,静岡県
病院の看護師／月給298666円~／日勤のみ新着,看護師,静岡県,月給298666円,正社員,看護,求人ボックス,https://xn--pckua2a7gp15o89zb.com/jb/997790352cb11ba518e7af834616011b,True,19時間前,2026-06-20 01:25:21,静岡県
病院の看護師／月給308510円~／駅チカ／残業少なめ新着,職種病院の,静岡県,月給308510円,正社員,看護,求人ボックス,https://xn--pckua2a7gp15o89zb.com/jb/28e09e3016c189a268b6c40e6d642767,True,19時間前,2026-06-20 01:25:24,静岡県
ホスピスの看護師／月給463000円~／日勤のみ新着,看護師,静岡県,月給463000円,正社員,看護,求人ボックス,https://xn--pckua2a7gp15o89zb.com/jb/36a57237122e01c592e51fa0463a5792,True,19時間前,2026-06-20 01:25:26,静岡県
病院の看護師／月給308000円~／賞与あり／駅チカ新着,看護師,静岡県,月給308000円,正社員,看護,求人ボックス,https://xn--pckua2a7gp15o89zb.com/jb/eb4629a26da05ad60ed74049a6a60511,True,19時間前,2026-06-20 01:25:26,静岡県
デイサービスの看護師／年収3500000円~／賞与あり新着,メインキャッチデイサービスの,静岡県,年収3500000円,正社員,看護,求人ボックス,https://xn--pckua2a7gp15o89zb.com/jb/e7fb2b6f96df7bd15abf28801a23ac65,True,19時間前,2026-06-20 01:25:29,静岡県
訪問看護の看護師／月給310000円~／日勤のみ／残業少なめ新着,看護,静岡県,月給310000円,正社員,看護,求人ボックス,https://xn--pckua2a7gp15o89zb.com/jb/b0afa3bfa068da979e7782c5e146247a,True,19時間前,2026-06-20 01:25:32,静岡県
ホスピスの看護師／月給350300円新着,看護師,静岡県,月給350300円,正社員,看護,求人ボックス,https://xn--pckua2a7gp15o89zb.com/jb/c315d7afc323a68b897acfb9de94262e,True,19時間前,2026-06-20 01:25:36,静岡県
「賞与年2回×月収33万〜可能」中距離の中型トラックドライバー新着,司静岡株式会社,静岡県,月給29万円～33万円,正社員,ドライバー,求人ボックス,https://xn--pckua2a7gp15o89zb.com/jbn/e57ac686ed9f2a384b183c9276665f60,True,18時間前,2026-06-20 01:25:27,静岡県
「手厚い同乗研修あり」中距離の大型トラックドライバー／社会保険完備新着,司富士株式会社,静岡県,月給30万円～35万円,正社員,ドライバー,求人ボックス,https://xn--pckua2a7gp15o89zb.com/jbn/e1cef2c4a69e076bca0dfe33c7b34314,True,20時間前,2026-06-20 01:25:28,静岡県
大型10t中長距離トラックドライバー新着,SBSフレイトサービス株式会社,静岡県,"月給20万5,200円",正社員,ドライバー,求人ボックス,https://xn--pckua2a7gp15o89zb.com/jb/59c16e1b09be7e496e0b92d12c5bfbc4,True,15時間前,2026-06-20 01:25:31,静岡県
4t中型ルート配送ドライバー新着,有限会社浜名流通サービス,静岡県,月給26万円～,正社員,ドライバー,求人ボックス,https://xn--pckua2a7gp15o89zb.com/jb/b541639ddf9c51539c52209436925f07,True,15時間前,2026-06-20 01:25:31,静岡県
大型ドライバー 静岡県内定期便新着,株式会社静翔運輸,静岡県内定期便,月給40万円～,正社員,ドライバー,求人ボックス,https://xn--pckua2a7gp15o89zb.com/jb/0d2d8173e079e7acd0e12f3b74d4b5fd,True,21時間前,2026-06-20 01:25:31,静岡県
近距離の4tトラックドライバー新着,有限会社三栄急行,静岡県,月給20万680円,正社員,ドライバー,求人ボックス,https://xn--pckua2a7gp15o89zb.com/jb/35463216a0303fa249a66f33cdc99098,True,3時間前,2026-06-20 01:25:33,静岡県
4tウイング車ドライバー新着,トウヨウ株式会社,静岡県,月給26万円～,正社員,ドライバー,求人ボックス,https://xn--pckua2a7gp15o89zb.com/jb/9c57f42483334844ade2de0598966edb,True,9時間前,2026-06-20 01:25:36,静岡県
夕食食材の配達ドライバー未経験も可新着,Man to Man株式会社,静岡県,"時給1,250円～1,563円",派遣社員,ドライバー,求人ボックス,https://xn--pckua2a7gp15o89zb.com/jb/cc569db413b6a0066f91f7466baf1374,True,21時間前,2026-06-20 01:25:40,静岡県
トレーラーダンプでのルート配送ドライバー新着,株式会社静桜,静岡県,月給40万円～60万円,正社員,ドライバー,求人ボックス,https://xn--pckua2a7gp15o89zb.com/jb/af41857aa9063d5de0c492e9252f5e59,True,15時間前,2026-06-20 01:25:40,静岡県
大型ドライバー 県内新着,株式会社イトー急行,静岡県,月給25万円～30万円,正社員,ドライバー,求人ボックス,https://xn--pckua2a7gp15o89zb.com/jb/40dbd22ceaf11983a2c214e1b8e54208,True,1時間前,2026-06-20 01:25:43,静岡県
日勤・基本日帰り／東海4県メイン／大型ドライバー新着,鶏の積み込み作業なしの、,静岡県成鶏加工協同組合,月給33万円～38万円,正社員,ドライバー,求人ボックス,https://xn--pckua2a7gp15o89zb.com/jb/04bead494e52bb58df301dfc0dc7ccaf,True,3時間前,2026-06-20 01:25:46,静岡県
ドライバー・運転手、配達・配送・宅配便／直行直帰OK新着,JCSロジスコ株式会社,静岡県,,正社員,ドライバー,求人ボックス,https://xn--pckua2a7gp15o89zb.com/jb/cf2e4111ae42114db87c7d686a36d709,True,4時間前,2026-06-20 01:25:49,静岡県
4tドライバー新着,山晃運輸株式会社,静岡県,"月給25万6,000円",正社員,ドライバー,求人ボックス,https://xn--pckua2a7gp15o89zb.com/jb/352b5fc2726a0c6a6f6a2db4bcbe017a,True,15時間前,2026-06-20 01:25:49,静岡県
自動車部品の県内輸送ドライバー新着,庵原運送有限会社,静岡県,"月給35万6,000円",正社員,ドライバー,求人ボックス,https://xn--pckua2a7gp15o89zb.com/jb/9a21ff25b5dfdfa8aca3666232c142be,True,1時間前,2026-06-20 01:25:49,静岡県
8tトラックドライバー新着,株式会社マルニシ鋼機,静岡県,"月給21万6,000円",正社員,ドライバー,求人ボックス,https://xn--pckua2a7gp15o89zb.com/jb/560702412db41b10df0b2fb5287d02eb,True,9時間前,2026-06-20 01:25:53,静岡県
1.5t車のルート配送ドライバー新着,髙瀬物産株式会社,静岡県,"月給30万2,000円",契約社員,ドライバー,求人ボックス,https://xn--pckua2a7gp15o89zb.com/jb/76a15ccd3ae3ee1ce831fd5eee55132c,True,1時間前,2026-06-20 01:25:53,静岡県
警備員／交通誘導警備／車両誘導 交通誘導警備スタッフ新着,株式会社mdセキュリティ,静岡県,"時給1,575円～3,016円",アルバイト・パート,警備,求人ボックス,https://xn--pckua2a7gp15o89zb.com/jb/fab50c1307483bed77c8fd0fea650def,True,2時間前,2026-06-20 01:25:32,静岡県
「愛知県勤務」交通誘導 昨日の「私」を変えたいと思っている人へ新着,セキュリティスタッフ株式会社,静岡県,"月給30万1,000円",正社員,警備,求人ボックス,https://xn--pckua2a7gp15o89zb.com/jb/3ab4c807e40b734086c77557e2cd938f,True,1時間前,2026-06-20 01:25:32,静岡県
交通誘導警備スタッフ／週1日から勤務相談OK／直行直帰可能／正社員登用制度あり新着,株式会社double,静岡県,"時給1,250円～1,375円",正社員,警備,求人ボックス,https://xn--pckua2a7gp15o89zb.com/jb/5f16fe87d0127e339d64b5a7f8847e85,True,13時間前,2026-06-20 01:25:32,静岡県
市立病院の夜間・休日警備業務新着,株式会社ユアーズ静岡 西部事務所,静岡県,"日給8,776円",契約社員,警備,求人ボックス,https://xn--pckua2a7gp15o89zb.com/jb/587f07829eebdd1f59a714cdc6a9e868,True,15時間前,2026-06-20 01:25:32,静岡県
経理事務「未経験入社率80%以上」土日祝休み・残業なし・ネイルOK・20代活躍中新着,...オフィスワーク/アパレル/急募/第二新卒/電話対応土日休み/ネイル自由/服装自由/ハローワーク/補助 【その他概要】<前職例>製造業 工場勤務 ライン作業 生産管理 設備保全 製鋼 溶接/クレー,静岡県,"月給19万1,000円",正社員,警備,求人ボックス,https://xn--pckua2a7gp15o89zb.com/jbn/1fad83f0dc2fb3c55048ec6b3dc7c1ae,True,20時間前,2026-06-20 01:25:32,静岡県
交通誘導・駐車場・イベント警備スタッフ新着,合同会社サイドスリー,静岡県,"日給1万1,200円",アルバイト・パート,警備,求人ボックス,https://xn--pckua2a7gp15o89zb.com/jb/03c5de095b14abba8d1ca42ea018757c,True,15時間前,2026-06-20 01:25:32,静岡県
配達・接客新着,ピザハットリブロス浜松笠井店,静岡県,"時給1,150円～",アルバイト・パート,警備,求人ボックス,https://xn--pckua2a7gp15o89zb.com/jb/f813e709d552e03dbfab42f7d016e00c,True,13時間前,2026-06-20 01:25:32,静岡県
ピザ・サイドメニューの調理スタッフ新着,ピザハット西友沼津店,静岡県,"時給1,100円～",アルバイト・パート,警備,求人ボックス,https://xn--pckua2a7gp15o89zb.com/jb/942e1d44c57f30fafd91d407ae94097b,True,13時間前,2026-06-20 01:25:32,静岡県
バイクでの配達業務新着,ピザハット浜松住吉店,静岡県,"時給1,150円～",アルバイト・パート,警備,求人ボックス,https://xn--pckua2a7gp15o89zb.com/jb/4ca0c6588bc8bc95ed454ebc90ac3d1a,True,13時間前,2026-06-20 01:25:32,静岡県
ピザの配達／接客業務新着,ピザハットマックスバリュ富士宮朝日町店,静岡県,"時給1,150円～",アルバイト・パート,警備,求人ボックス,https://xn--pckua2a7gp15o89zb.com/jb/0ec0593eeaffd2d746362a2241ec9a33,True,13時間前,2026-06-20 01:25:32,静岡県
公共工事の夜間交通誘導スタッフ新着,株式会社ジェイトラスト,静岡県,"日給1万1,000円",契約社員,警備,求人ボックス,https://xn--pckua2a7gp15o89zb.com/jb/5cdfdb2aa313fb63ae231bf6fa5f65aa,True,15時間前,2026-06-20 01:25:32,静岡県
ピザメイクスタッフ新着,ピザハット浜松西中瀬店,静岡県,"時給1,100円～",アルバイト・パート,警備,求人ボックス,https://xn--pckua2a7gp15o89zb.com/jb/33cd7df7ae49b1b3c9256c821cdc9be3,True,13時間前,2026-06-20 01:25:32,静岡県
海水浴場の駐車場管理員新着,株式会社スポーツプラザ報徳,静岡県,"時給1,200円～",アルバイト・パート,警備,求人ボックス,https://xn--pckua2a7gp15o89zb.com/jb/e8a97639204702ed25d68b439b2bd68b,True,2時間前,2026-06-20 01:25:32,静岡県
設備保全・メンテナンス／トラック点検員新着,転職サービス Jobuddy,静岡県,月給28万円,正社員,警備,求人ボックス,https://xn--pckua2a7gp15o89zb.com/jb/e797326628f79695b90c706b5ad4014c,True,15時間前,2026-06-20 01:25:32,静岡県
遠州地区での清掃管理業務新着,東海ビル管理株式会社,静岡県,"月給18万5,000円",正社員,警備,求人ボックス,https://xn--pckua2a7gp15o89zb.com/jb/dd06cb1ad6909221dcd70c1a0cd96c8a,True,1時間前,2026-06-20 01:25:33,静岡県
トレカの検品・梱包／未経験OK／寮完備／シンプル作業／履歴書不要新着,株式会社Neo Boost人事採用1課,静岡県,"時給1,480円～1,850円",アルバイト・パート,警備,求人ボックス,https://xn--pckua2a7gp15o89zb.com/jb/22563e823f6d4c6cdc109c4dbc68b3a4,True,22時間前,2026-06-20 01:25:33,静岡県
トレカの検品・梱包／未経験OK／寮完備／シンプル作業／履歴書不要新着,株式会社Neo Boost 人事採用1課,静岡県,"時給1,480円～1,850円",アルバイト・パート,警備,求人ボックス,https://xn--pckua2a7gp15o89zb.com/jb/ae829731176293fcbd1c009b3d2a08e4,True,22時間前,2026-06-20 01:25:33,静岡県
カードゲーム商品の製造／寮完備／未経験OK／単純作業／履歴書不要新着,株式会社KIエージェント採用部,静岡県,"時給1,500円～1,875円",アルバイト・パート,警備,求人ボックス,https://xn--pckua2a7gp15o89zb.com/jb/d877d40f4115523eee40de20faaaa70c,True,5時間前,2026-06-20 01:25:33,静岡県
カードゲーム商品の製造／寮完備／未経験OK／単純作業／履歴書不要新着,株式会社KIエージェント 人事窓口3課,静岡県,"時給1,500円～1,875円",アルバイト・パート,警備,求人ボックス,https://xn--pckua2a7gp15o89zb.com/jb/fd4a1d037d4dd0c7567faee4bf151b3c,True,5時間前,2026-06-20 01:25:33,静岡県
トレカの検品・梱包／未経験OK／寮完備／シンプル作業／履歴書不要新着,株式会社Neo Boost人事採用2課,静岡県,"時給1,480円～1,850円",アルバイト・パート,警備,求人ボックス,https://xn--pckua2a7gp15o89zb.com/jb/a5e5f8e0558a2961e4f0ee7faa338307,True,22時間前,2026-06-20 01:25:35,静岡県
トレカの検品・梱包／未経験OK／寮完備／シンプル作業／履歴書不要新着,株式会社Neo Boost 人事採用課,静岡県,"時給1,480円～1,850円",アルバイト・パート,警備,求人ボックス,https://xn--pckua2a7gp15o89zb.com/jb/bd096f61adb1c418a1d80e45d64e4627,True,22時間前,2026-06-20 01:25:35,静岡県
アイマスクの仕分け／未経験OK／寮完備／工場／軽作業／住み込み新着,株式会社KIエージェント 製造部2課,静岡県,"月給28万5,000円",正社員,警備,求人ボックス,https://xn--pckua2a7gp15o89zb.com/jb/0c66ed1d5b2db21b5c5f8d841a947d17,True,5時間前,2026-06-20 01:25:35,静岡県
インスタントカメラの組立／寮費無料／未経験OK／単純作業／工場新着,株式会社KIエージェント採用部,静岡県,月給30万円～35万円,正社員,警備,求人ボックス,https://xn--pckua2a7gp15o89zb.com/jb/e0dd2485ac17e23f0b309653c1bbf8ff,True,5時間前,2026-06-20 01:25:35,静岡県
アイマスクの仕分け／未経験OK／寮完備／工場／軽作業／住み込み新着,株式会社KIエージェント 第三営業部,静岡県,"月給28万5,000円",正社員,警備,求人ボックス,https://xn--pckua2a7gp15o89zb.com/jb/12a6dca86b25294f8df0ed8600dcc5a7,True,5時間前,2026-06-20 01:25:35,静岡県
ボタンの仕分け・検品／寮完備／未経験OK／単純作業／履歴書不要新着,株式会社KIエージェント 人事窓口2課,静岡県,"時給1,480円～1,850円",アルバイト・パート,警備,求人ボックス,https://xn--pckua2a7gp15o89zb.com/jb/089f87aa5209f1cf3042fa97313ce9d7,True,5時間前,2026-06-20 01:25:35,静岡県
セロハンテープの検品・梱包／未経験OK／寮完備／軽作業／履歴書不要新着,株式会社Neo Boost 人事採用課,静岡県,"時給1,480円～1,850円",アルバイト・パート,警備,求人ボックス,https://xn--pckua2a7gp15o89zb.com/jb/b08b870e65c9555c23dd4711df0ce1eb,True,22時間前,2026-06-20 01:25:38,静岡県
アイマスクの仕分け／未経験OK／寮完備／工場／軽作業／住み込み新着,株式会社KIエージェント 第二営業部,静岡県,"月給28万5,000円",正社員,警備,求人ボックス,https://xn--pckua2a7gp15o89zb.com/jb/967d93a858f410f64fcc1dd17a0a52ef,True,5時間前,2026-06-20 01:25:38,静岡県
キッチンタイマーの検品／寮完備／未経験OK／軽作業／履歴書不要新着,株式会社KIエージェント 人事窓口3課,静岡県,"時給1,480円～1,850円",アルバイト・パート,警備,求人ボックス,https://xn--pckua2a7gp15o89zb.com/jb/8ec35f6e6407fd45c7d0ef5ee6e63807,True,5時間前,2026-06-20 01:25:38,静岡県
ベッドフレームの製造／未経験OK／寮完備／単純作業／履歴書不要新着,株式会社Neo Boost人事採用2課,静岡県,"時給1,500円～1,875円",アルバイト・パート,警備,求人ボックス,https://xn--pckua2a7gp15o89zb.com/jb/fb3f0e22f338829d6d5e665e018d28ca,True,22時間前,2026-06-20 01:25:42,静岡県
カップキャンドルの梱包／寮完備／未経験OK／履歴書不要／シンプル作業新着,株式会社KIエージェント 人事窓口3課,静岡県,"時給1,480円～1,850円",アルバイト・パート,警備,求人ボックス,https://xn--pckua2a7gp15o89zb.com/jb/bc119d4a64dcdae98d29b19c314549ea,True,5時間前,2026-06-20 01:25:42,静岡県
宅配ボックスの組立／未経験OK／寮費無料／シンプル作業／履歴書不要／工場新着,株式会社KIエージェント 第三営業部,静岡県,"時給1,550円～1,938円",アルバイト・パート,警備,求人ボックス,https://xn--pckua2a7gp15o89zb.com/jb/462c11b63b1405d8d4a91e105be2fc52,True,5時間前,2026-06-20 01:25:42,静岡県
パイプ製造新着,...こういった職種の方からの応募が増えています  実際に異業種から転職された方が多数活躍中 特に下記のような職種経験をお持ちの方から多くご応募いただいています。 警察官 消防官 自衛官 海上保安官 ,静岡県,月給29万円～47万円,正社員,警備,求人ボックス,https://xn--pckua2a7gp15o89zb.com/jb/2be0cac4a7a00877208b557b1d5f86b7,True,4時間前,2026-06-20 01:25:45,静岡県
専門職新着,警備員・,静岡県,"月給25万4,449円",,警備,求人ボックス,https://xn--pckua2a7gp15o89zb.com/jb/8e589215135e70403e9b0ee026e8ec0f,True,9時間前,2026-06-20 01:25:45,静岡県
マウスの組立／未経験OK／寮費無料／シンプル作業／履歴書不要新着,株式会社KIエージェント 第三営業部,静岡県,"時給1,520円～1,900円",アルバイト・パート,警備,求人ボックス,https://xn--pckua2a7gp15o89zb.com/jb/8d6de2862832fee666074dae34839f8c,True,5時間前,2026-06-20 01:25:48,静岡県
マウスの組立／未経験OK／寮費無料／シンプル作業／履歴書不要新着,株式会社KIエージェント 製造部2課,静岡県,"時給1,520円～1,900円",アルバイト・パート,警備,求人ボックス,https://xn--pckua2a7gp15o89zb.com/jb/30f2fbb7fc9d5b04752a33fbc01ec364,True,5時間前,2026-06-20 01:25:48,静岡県
収納ボックスの製造／単純作業／寮完備／未経験OK／スピード採用新着,株式会社KIエージェント第三営業部,静岡県,月給30万円～35万円,正社員,警備,求人ボックス,https://xn--pckua2a7gp15o89zb.com/jb/0841b71f40c58d79a53f62bc2df891ee,True,5時間前,2026-06-20 01:25:55,静岡県
ミニ家電パーツの組立・梱包／未経験歓迎／単純作業／寮費無料／履歴書不要新着,株式会社Neo Boost人事採用1課,静岡県,"時給1,520円～1,900円",アルバイト・パート,警備,求人ボックス,https://xn--pckua2a7gp15o89zb.com/jb/8fe7c994be5e28b210421b285d74f14d,True,22時間前,2026-06-20 01:25:55,静岡県
インスタントカメラの組立／寮費無料／未経験OK／単純作業／工場新着,株式会社KIエージェント 採用受付,静岡県,月給30万円～35万円,正社員,警備,求人ボックス,https://xn--pckua2a7gp15o89zb.com/jb/666fd37ade3439948ca5d7dccdd4df2d,True,5時間前,2026-06-20 01:25:55,静岡県
キーホルダーの製造スタッフ「27卒」寮完備・残業少なめ「正社員新着,株式会社Meta Sales,静岡県,月給26万300円,正社員,製造,求人ボックス,https://xn--pckua2a7gp15o89zb.com/jbn/af7a000ff66050fb7b99518ed400b5e3,True,6時間前,2026-06-20 01:25:40,静岡県
時計盤の製造スタッフ／月給34万円以上／未経験歓迎／寮完備新着,合同会社タカノワーク,静岡県,月給34万円,正社員,製造,求人ボックス,https://xn--pckua2a7gp15o89zb.com/jb/c7712b5c1a50ec5f3b59eb2d22121370,True,4時間前,2026-06-20 01:25:40,静岡県
「27卒」ペット用品の製造スタッフ正社員／有給消化率高い・20代活躍中新着,株式会社Creer,静岡県,"月給25万5,400円",正社員,製造,求人ボックス,https://xn--pckua2a7gp15o89zb.com/jbn/05122cc9d05cf2080cb862935c9a9000,True,5時間前,2026-06-20 01:25:40,静岡県
ボードゲーム・パズル製造スタッフ「27卒」寮・社宅あり「正社員新着,株式会社キソシン,静岡県,"月給25万6,300円",正社員,製造,求人ボックス,https://xn--pckua2a7gp15o89zb.com/jbn/e04349fb280a185cd21ef687aedda1aa,True,5時間前,2026-06-20 01:25:43,静岡県
「27卒」サプリメントの製造スタッフ正社員「寮・社宅あり・残業少なめ」新着,株式会社ELシステム,静岡県,月給26万300円,正社員,製造,求人ボックス,https://xn--pckua2a7gp15o89zb.com/jbn/b3e76ed7ace50a570ab59dc676488c9b,True,7時間前,2026-06-20 01:25:43,静岡県
「27卒」イヤホン・ヘッドフォンの製造スタッフ・資格不問「正社員新着,JHRconsulting株式会社,静岡県,月給26万300円,正社員,製造,求人ボックス,https://xn--pckua2a7gp15o89zb.com/jbn/d636d25062b3d4a155ebcab819a3f0e7,True,6時間前,2026-06-20 01:25:43,静岡県
「27卒」スナック菓子・お菓子の製造スタッフ・資格不問「正社員新着,株式会社alBee,静岡県,"月給26万3,200円",正社員,製造,求人ボックス,https://xn--pckua2a7gp15o89zb.com/jbn/009d102eae6f208ebc05a9050eb0972c,True,5時間前,2026-06-20 01:25:43,静岡県
「27卒」ペット用品の製造スタッフ・未経験歓迎／シフト相談可「正社員新着,株式会社LOP,静岡県,"月給25万3,200円",正社員,製造,求人ボックス,https://xn--pckua2a7gp15o89zb.com/jbn/25bdf1db96fc110a0ec79aa9dfbf94f4,True,6時間前,2026-06-20 01:25:47,静岡県
キーホルダーの製造スタッフ「27卒」正社員／即入寮可・昇給あり新着,ベンタス株式会社,静岡県,"月給25万3,200円",正社員,製造,求人ボックス,https://xn--pckua2a7gp15o89zb.com/jbn/2d458562c1f6e1360884b3c3a9101a79,True,6時間前,2026-06-20 01:25:47,静岡県
「27卒」コスメ・化粧品の製造・充填スタッフ「正社員」20代活躍中新着,株式会社プロジェクトトリガー,静岡県,"月給25万6,200円",正社員,製造,求人ボックス,https://xn--pckua2a7gp15o89zb.com/jbn/df3fe71fe8f410d2d136a9ec60827086,True,5時間前,2026-06-20 01:25:47,静岡県
イヤホン・ヘッドフォンの製造スタッフ「27卒」寮・社宅あり・「正社員新着,株式会社大斗,静岡県,月給26万300円,正社員,製造,求人ボックス,https://xn--pckua2a7gp15o89zb.com/jbn/2f504fba52eec98ee38238b2b8056ba3,True,7時間前,2026-06-20 01:25:49,静岡県
「27卒」寮完備・フィギュア製造スタッフ／交通費全額支給／月給30万以...新着,株式会社Le Lien,静岡県,月給30万,正社員,製造,求人ボックス,https://xn--pckua2a7gp15o89zb.com/jbn/c2a5fde1b4d1f8cb550fbe667d182f28,True,7時間前,2026-06-20 01:25:49,静岡県
PC好きにおすすめ!／パソコンの製造スタッフ／年間休日133日新着,製造,静岡県,"月給35万5,500円",正社員,製造,求人ボックス,https://xn--pckua2a7gp15o89zb.com/jbn/02dbd25b08d825778d75ef916147de0e,True,7時間前,2026-06-20 01:25:49,静岡県
カプセルトイ製造スタッフ「27卒」即入寮OK・残業少なめ「正社員新着,株式会社GUM,静岡県,"月給26万3,200円",正社員,製造,求人ボックス,https://xn--pckua2a7gp15o89zb.com/jbn/857efe90493f15f9e4f37efddf35ad19,True,6時間前,2026-06-20 01:25:53,静岡県
アイスクリーム・冷菓の製造スタッフ「27卒」正社員「寮完備新着,株式会社ELM,静岡県,"月給25万3,200円",正社員,製造,求人ボックス,https://xn--pckua2a7gp15o89zb.com/jbn/dbf92ff8cf2bc6c9e3fc43fc3c5ec086,True,6時間前,2026-06-20 01:25:53,静岡県
未経験採用枠「第2新卒活躍中!」ガチャガチャ製造スタッフ／高収入新着,Yts株式会社,静岡県,"月給29万3,700円",正社員,製造,求人ボックス,https://xn--pckua2a7gp15o89zb.com/jbn/9eaead4627ef854c6e3075e5fc8927b5,True,3時間前,2026-06-20 01:25:53,静岡県
未経験採用枠「第2新卒活躍中!」ガチャガチャ製造スタッフ／高収入新着,株式会社小林,静岡県,"月給32万5,600円",正社員,製造,求人ボックス,https://xn--pckua2a7gp15o89zb.com/jbn/1881a8637d0c1ba938fa1801776884a7,True,2時間前,2026-06-20 01:25:53,静岡県
「27卒」寮・社宅あり・コーヒー・お茶の製造スタッフ／交通費全額支給新着,株式会社enrich technology,静岡県,"月給25万3,200円",正社員,製造,求人ボックス,https://xn--pckua2a7gp15o89zb.com/jbn/01cad3eabbd47dcbaf42f6e46138b5af,True,7時間前,2026-06-20 01:25:57,静岡県
製造スタッフ 資格不要 チート級の簡単さ 簡単組み立て·加工ワーク新着,株式会社Brave,静岡県,"月給32万3,000円",正社員,製造,求人ボックス,https://xn--pckua2a7gp15o89zb.com/jb/64444c6df4061016f69aa2da4d3e6ba7,True,14時間前,2026-06-20 01:25:57,静岡県
カップ麺の容器製造・検品スタッフ／30代40代活躍中です 未経験歓迎新着,キャリアネクスト,静岡県,月給34万円～,契約社員,製造,求人ボックス,https://xn--pckua2a7gp15o89zb.com/jb/04a3f8e9c9b3d0326a77a9f1df88eec9,True,23時間前,2026-06-20 01:26:00,静岡県
未経験採用枠「第2新卒活躍中!」ガチャガチャ製造スタッフ／高収入新着,株式会社RIOT GROUP,静岡県,"月給32万4,600円",正社員,製造,求人ボックス,https://xn--pckua2a7gp15o89zb.com/jbn/4213286725cb36500eb99c65b45d5b4f,True,3時間前,2026-06-20 01:26:00,静岡県
貯金が底をつき、働く場所を探している人・男女ともに活躍できる職場環境新着,株式会社オーヴァル,静岡県,"月給33万7,000円",正社員,製造,求人ボックス,https://xn--pckua2a7gp15o89zb.com/jb/e47b7f6798ca731f37e4da3ae999fbd2,True,5時間前,2026-06-20 01:26:00,静岡県
即日勤務OK／ゲーム関連アクセサリーの製造Staff／資格不要／軽作業新着,株式会社アテナスタイル,静岡県,月給29万円～,正社員,製造,求人ボックス,https://xn--pckua2a7gp15o89zb.com/jb/fb7373a0c439308f290f1654c8ba5523,True,21時間前,2026-06-20 01:26:00,静岡県
洗顔フォームのチューブの製造スタッフ新着,製造,静岡県,"月給27万8,000円",正社員,製造,求人ボックス,https://xn--pckua2a7gp15o89zb.com/jbn/8d6d0232e14cf96bdda94c954acd0dd3,True,1時間前,2026-06-20 01:26:04,静岡県
製造スタッフ新着,戦力エージェント株式会社,静岡県,"時給1,500円～1,875円",派遣社員,製造,求人ボックス,https://xn--pckua2a7gp15o89zb.com/jb/ad61605ed53415fb26e0019127d6096c,True,9時間前,2026-06-20 01:26:08,静岡県
細かい部品を組み上げる!／パチンコ台盤面の製造スタッフ／正社員デビュー...新着,製造,静岡県,"月給38万1,000円",正社員,製造,求人ボックス,https://xn--pckua2a7gp15o89zb.com/jbn/a93014b58f2ce87b9f9ebf65da170aa2,True,7時間前,2026-06-20 01:26:08,静岡県
パソコン組立に挑戦!／パソコンの製造スタッフ／年間休日121日新着,製造,静岡県,"月給37万7,500円",正社員,製造,求人ボックス,https://xn--pckua2a7gp15o89zb.com/jbn/4363cc4f78cd83671692f5f1963e2dc1,True,7時間前,2026-06-20 01:26:08,静岡県
景品づくりのレア求人!／クレーンゲーム景品の企画製造スタッフ新着,製造,静岡県,"月給34万4,500円",正社員,製造,求人ボックス,https://xn--pckua2a7gp15o89zb.com/jbn/8de25804077e5c1e49577e0f521cdc86,True,7時間前,2026-06-20 01:26:08,静岡県
株式会社ホテルクリーンサービス箱根 静岡県御殿場市の清掃管理業務スタッ...新着,清掃,静岡県御殿場市の清掃管理業務スタッ...,月給22万円,正社員,清掃,求人ボックス,https://xn--pckua2a7gp15o89zb.com/jb/ab46e34af7242f7f6b92be88942c1077,True,23時間前,2026-06-20 01:25:56,静岡県
清掃・ハウスクリーニングSTAFF／フリーター歓迎／学歴不問新着,株式会社ワークナビ,静岡県,"時給1,600円～",派遣社員,清掃,求人ボックス,https://xn--pckua2a7gp15o89zb.com/jbn/a0ba01513034a0ec1c98b654136ddc93,True,16時間前,2026-06-20 01:25:56,静岡県
清掃／客室清掃スタッフ新着,株式会社アイエーイー,静岡県,"時給1,270円～1,280円",派遣社員,清掃,求人ボックス,https://xn--pckua2a7gp15o89zb.com/jb/b1d9d42d98fa8eb198409f35efac8e30,True,23時間前,2026-06-20 01:25:56,静岡県
「第2新卒活躍中!」バックオフィス事務／完全週休二日／20代活躍新着,株式会社小林,静岡県,"月給30万3,200円",正社員,清掃,求人ボックス,https://xn--pckua2a7gp15o89zb.com/jbn/0f1de54c993bdf773073664afe501d85,True,2時間前,2026-06-20 01:25:56,静岡県
おもちゃ仕上げスタッフ「27卒」資格不問「正社員／週休2日制／月給30万以上可」20代活躍中新着,株式会社プロジェクトトリガー,静岡県,月給30万,正社員,清掃,求人ボックス,https://xn--pckua2a7gp15o89zb.com/jbn/05fdad33ef49f64d1efb96f33c668cea,True,5時間前,2026-06-20 01:25:56,静岡県
「第2新卒活躍中!」オフィスワークアシスタント／「残り枠わずか!」未経験採用枠新着,株式会社RIOT GROUP,静岡県,月給29万400円,正社員,清掃,求人ボックス,https://xn--pckua2a7gp15o89zb.com/jbn/0367b03008fc860d1796fed4a315c03f,True,2時間前,2026-06-20 01:25:57,静岡県
「第2新卒活躍中!」一般事務職／完全週休二日「土日祝」／寮社宅あり新着,AQUARIUS株式会社,静岡県,"月給31万7,800円",正社員,清掃,求人ボックス,https://xn--pckua2a7gp15o89zb.com/jbn/d6a47c62961e9d6a52a0eb7c2c16137d,True,2時間前,2026-06-20 01:25:57,静岡県
「第2新卒活躍中!」バックオフィス事務／完全週休二日／20代活躍新着,Yts株式会社,静岡県,月給32万900円,正社員,清掃,求人ボックス,https://xn--pckua2a7gp15o89zb.com/jbn/b63921541da5f9b3a112123193f4a632,True,2時間前,2026-06-20 01:25:57,静岡県
「第2新卒活躍中!」事務補助スタッフ／働きやすい環境／年間休日125日以上新着,株式会社RIOT,静岡県,"月給31万4,000円",正社員,清掃,求人ボックス,https://xn--pckua2a7gp15o89zb.com/jbn/d811399d6f00e2b49ff1623c9903f209,True,2時間前,2026-06-20 01:25:57,静岡県
店舗スタッフ「エリア社員」／沼津西沢田店新着,幸楽苑 沼津西沢田店,静岡県,"月給21万5,000円",正社員,清掃,求人ボックス,https://xn--pckua2a7gp15o89zb.com/jbn/7085eef8ca4d8c1ed5b348ae2b2b48e9,True,21時間前,2026-06-20 01:25:57,静岡県
店舗スタッフ「エリア社員」／浜松駅南店新着,幸楽苑 浜松駅南店,静岡県,"月給21万5,000円",正社員,清掃,求人ボックス,https://xn--pckua2a7gp15o89zb.com/jbn/d16606af6eeada66b7d5e9ac0dffcc4c,True,21時間前,2026-06-20 01:26:00,静岡県
扶養内OK!牛めしチェーン店でアルバイト新着,株式会社トラストファミリー,静岡県,"時給1,160円～1,450円",派遣社員,清掃,求人ボックス,https://xn--pckua2a7gp15o89zb.com/jb/ba40d49b53b02f62660fbb8f6b91ab30,True,9時間前,2026-06-20 01:26:00,静岡県
店舗スタッフ「エリア社員」／浜松西インター店新着,幸楽苑 浜松西インター店,静岡県,"月給21万5,000円",正社員,清掃,求人ボックス,https://xn--pckua2a7gp15o89zb.com/jbn/19d739a15b8abb5be5a0ac218807901a,True,21時間前,2026-06-20 01:26:00,静岡県
店舗スタッフ「エリア社員」／藤枝店新着,幸楽苑 藤枝店,静岡県,"月給21万5,000円",正社員,清掃,求人ボックス,https://xn--pckua2a7gp15o89zb.com/jbn/75fe34f08661cdc75664d01c954aa640,True,21時間前,2026-06-20 01:26:00,静岡県
店舗スタッフ「エリア社員」／三島南町店新着,幸楽苑 三島南町店,静岡県,"月給21万5,000円",正社員,清掃,求人ボックス,https://xn--pckua2a7gp15o89zb.com/jbn/438f67da14770256a540856704c17024,True,21時間前,2026-06-20 01:26:00,静岡県
浜松駅近くのホテルフロントスタッフ新着,ホテルアセント浜松,静岡県,月給20万円～,正社員,清掃,求人ボックス,https://xn--pckua2a7gp15o89zb.com/jb/57eb06dac14f6d9bf8da764a804eced4,True,15時間前,2026-06-20 01:26:00,静岡県
店舗スタッフ「エリア社員」／御殿場店新着,幸楽苑 御殿場店,静岡県,"月給21万5,000円",正社員,清掃,求人ボックス,https://xn--pckua2a7gp15o89zb.com/jbn/da92679bd689afdc0aaf476d9bf1e9eb,True,21時間前,2026-06-20 01:26:00,静岡県
店舗スタッフ「エリア社員」／掛川店新着,幸楽苑 掛川店,静岡県,"月給21万5,000円",正社員,清掃,求人ボックス,https://xn--pckua2a7gp15o89zb.com/jbn/1321e2a9e3917e471b5efc46cd4d6310,True,21時間前,2026-06-20 01:26:02,静岡県
ガチャガチャ整備スタッフ「27卒」正社員／駅チカ・20代活躍中・社会保険完備・未経験歓迎新着,株式会社LOP,静岡県,"月給25万6,200円",正社員,清掃,求人ボックス,https://xn--pckua2a7gp15o89zb.com/jbn/961e0377d510b5fd68945f0592544c1f,True,5時間前,2026-06-20 01:26:02,静岡県
店舗スタッフ「エリア社員」／志都呂店新着,幸楽苑 志都呂店,静岡県,"月給21万5,000円",正社員,清掃,求人ボックス,https://xn--pckua2a7gp15o89zb.com/jbn/535d3f398def3cb96956a928b52d8b73,True,21時間前,2026-06-20 01:26:02,静岡県
ペットショップスタッフ／犬の家 藤枝店／車通勤OK／動物が好きな方／週5日からOK新着,アミーゴ浜松和田店,静岡県,"月給18万9,000円",正社員,清掃,求人ボックス,https://xn--pckua2a7gp15o89zb.com/jbn/c51bb60d8666bb6e2a792640d98b4747,True,18時間前,2026-06-20 01:26:02,静岡県
スーパーマーケットの店舗スタッフ新着,業務スーパー 浜松小豆餅店,静岡県,月給20万円～,正社員,清掃,求人ボックス,https://xn--pckua2a7gp15o89zb.com/jb/90cc1424856f1dc0293325adf899ef6e,True,21時間前,2026-06-20 01:26:02,静岡県
「動物好きな人必見」ペットショップの店舗スタッフ／犬の家 元住吉ブレーメン通り店／社会保険完備新着,藤枝店,静岡県,"月給18万9,000円",正社員,清掃,求人ボックス,https://xn--pckua2a7gp15o89zb.com/jbn/fc2d5463ce54b5d0968102ff5f09de8b,True,18時間前,2026-06-20 01:26:02,静岡県
スーパーマーケットの店舗スタッフ新着,業務スーパー 浜松芳川店,静岡県,月給20万円～,正社員,清掃,求人ボックス,https://xn--pckua2a7gp15o89zb.com/jb/833c7949f32085ded7493cc2ad98dc46,True,21時間前,2026-06-20 01:26:05,静岡県
ペットショップスタッフ／犬の家週5日からOK／ブランクOK／交通費支給新着,MEGAドン・キホーテ袋井店,静岡県,"月給18万9,000円",正社員,清掃,求人ボックス,https://xn--pckua2a7gp15o89zb.com/jbn/8e3b7ce1260f4df5fa6bd42621bb556f,True,18時間前,2026-06-20 01:26:05,静岡県
スーパーマーケットの店舗スタッフ新着,業務スーパー 袋井店,静岡県,月給20万円～,正社員,清掃,求人ボックス,https://xn--pckua2a7gp15o89zb.com/jb/61c0c47eb662ac0206773917bb9bb16c,True,21時間前,2026-06-20 01:26:05,静岡県
店舗スタッフ「エリア社員」／富士伝法店新着,幸楽苑 富士伝法店,静岡県,"月給21万5,000円",正社員,清掃,求人ボックス,https://xn--pckua2a7gp15o89zb.com/jbn/18aa85ee5f4d065e470aa14da6c861a8,True,21時間前,2026-06-20 01:26:05,静岡県
スーパーマーケットの店舗スタッフ新着,業務スーパー 浜松原島店,静岡県,月給20万円～,正社員,清掃,求人ボックス,https://xn--pckua2a7gp15o89zb.com/jb/783db8332aeb3105f430cdb2b97280b0,True,21時間前,2026-06-20 01:26:05,静岡県
スーパーマーケットの店舗スタッフ新着,業務スーパー 静岡田町店,静岡県,月給20万円～,正社員,清掃,求人ボックス,https://xn--pckua2a7gp15o89zb.com/jb/cbd300f455a116a80477f3e957805e53,True,21時間前,2026-06-20 01:26:05,静岡県
カードゲーム製造スタッフ正社員／駅チカ・転職初挑戦歓迎・キャリアアップ支援・未経験歓迎・20代活躍中新着,株式会社Meta Sales,静岡県,"月給30万4,700円",正社員,清掃,求人ボックス,https://xn--pckua2a7gp15o89zb.com/jbn/0ac2f5356504671dc43de3ea7191c071,True,2時間前,2026-06-20 01:26:08,静岡県
製品の検査・機械オペレーション新着,フロンティア・ヒューマン,静岡県,"時給1,400円～1,450円",派遣社員,清掃,求人ボックス,https://xn--pckua2a7gp15o89zb.com/jb/dd254af88a422d08157f14525b992af1,True,3時間前,2026-06-20 01:26:08,静岡県
スーパーマーケットの店舗スタッフ新着,業務スーパー 島田店,静岡県,月給20万円～,正社員,清掃,求人ボックス,https://xn--pckua2a7gp15o89zb.com/jb/7ad5de48d026b5503d698b7e0cc7fc46,True,21時間前,2026-06-20 01:26:08,静岡県
スケートボード・サーフボードの製造スタッフ・交通費全額支給「正社員／技術手当あり／ブランクOK」新着,株式会社キソシン,静岡県,月給30万300円,正社員,清掃,求人ボックス,https://xn--pckua2a7gp15o89zb.com/jbn/b679abb609e4ed1b3c8eea9dd9e4ca8b,True,2時間前,2026-06-20 01:26:08,静岡県
ディスカウントストアの精肉スタッフ新着,エスポット 富士宮店,静岡県,月給20万円～25万円,正社員,清掃,求人ボックス,https://xn--pckua2a7gp15o89zb.com/jb/9627bfb71cc76efa2ecfbd64505f68da,True,21時間前,2026-06-20 01:26:08,静岡県
プラモデル・ガンプラ部品の成形スタッフ・未経験歓迎「正社員／昇給年1回以上新着,株式会社enrich technology,静岡県,"月給30万1,300円",正社員,清掃,求人ボックス,https://xn--pckua2a7gp15o89zb.com/jbn/545ce9e0bb411fd6749f4b8b48242be4,True,2時間前,2026-06-20 01:26:11,静岡県
スーパーマーケットの店舗スタッフ新着,業務スーパー 浜松相生店,静岡県,月給20万円～,正社員,清掃,求人ボックス,https://xn--pckua2a7gp15o89zb.com/jb/319458fba74a64386330332bdf63a61b,True,21時間前,2026-06-20 01:26:11,静岡県
プロテイン・サプリメントの製造スタッフ・ブランクOK／社員食堂あり「正社員・キャリアアップ支援」新着,ベンタス株式会社,静岡県,"月給30万8,600円",正社員,清掃,求人ボックス,https://xn--pckua2a7gp15o89zb.com/jbn/12e2e757445ba5280b777044416ea4f7,True,2時間前,2026-06-20 01:26:11,静岡県
アウトドア・キャンプ用品の製造スタッフ／フリーター歓迎／日勤のみ・賞与年2回・未経験歓迎新着,株式会社Le Lien,静岡県,"月給29万9,000円",正社員,清掃,求人ボックス,https://xn--pckua2a7gp15o89zb.com/jbn/7ee11ffe49fbadbbe0eb4ac7e2f8752a,True,2時間前,2026-06-20 01:26:11,静岡県
ディスカウントストアの精肉スタッフ新着,エスポット 沼津駅北店,静岡県,月給20万円～25万円,正社員,清掃,求人ボックス,https://xn--pckua2a7gp15o89zb.com/jb/37fa79909aae44276f68b78dd95950ac,True,21時間前,2026-06-20 01:26:14,静岡県
漫画・同人誌・書籍の製本・加工スタッフ・未経験歓迎「正社員／完全週休2日制新着,株式会社大斗,静岡県,"月給29万3,500円",正社員,清掃,求人ボックス,https://xn--pckua2a7gp15o89zb.com/jbn/9bfa8b0f35f0ef25f3f43a742ebf64d8,True,2時間前,2026-06-20 01:26:14,静岡県
リユースショップの店舗スタッフ新着,ハードオフ 富士中央店,静岡県,月給20万円～,正社員,清掃,求人ボックス,https://xn--pckua2a7gp15o89zb.com/jb/5f288bbf03b548e12dc375dea1ec3e78,True,21時間前,2026-06-20 01:26:14,静岡県
工場内軽作業スタッフ・27卒「育休取得実績あり・入社祝い金あり」正社員／寮完備・未経験歓迎・即入寮可新着,株式会社ELM,静岡県,"月給26万3,200円",正社員,清掃,求人ボックス,https://xn--pckua2a7gp15o89zb.com/jbn/5ea1d160f7990cf0d88cf0e4dfb96b23,True,7時間前,2026-06-20 01:26:14,静岡県
軽い荷物メインの軽貨物配送ドライバー!／20~30代活躍中新着,空き缶回収や自販機まわりの,静岡県,月給30万円～35万円,正社員,清掃,求人ボックス,https://xn--pckua2a7gp15o89zb.com/jbn/c691830be4f319cd8c673042e30a3618,True,10時間前,2026-06-20 01:26:14,静岡県
日払いOK／医薬品ラインの設備点検／稼げる高収入／面接時の履歴書不要／未経験歓迎新着,スタッフ,静岡県,月給32万円～41万円,正社員,清掃,求人ボックス,https://xn--pckua2a7gp15o89zb.com/jbn/acbc8dedbfd69a6319e327ba6041f2f8,True,4時間前,2026-06-20 01:26:14,静岡県
「マニュアル完備のカンタン倉庫作業」フォークリフト・倉庫管理スタッフ／学歴不問／賞与年2回／研修あり新着,司静岡株式会社,静岡県,月給25万円～35万円,正社員,清掃,求人ボックス,https://xn--pckua2a7gp15o89zb.com/jbn/80e2cf8870fe162547b6d70e07f010d2,True,20時間前,2026-06-20 01:26:14,静岡県
医薬品ラインの設備チェック／未経験者歓迎／履歴書不要／日払い制度あり／高収入新着,スタッフ,静岡県,月給32万円～41万円,正社員,清掃,求人ボックス,https://xn--pckua2a7gp15o89zb.com/jbn/25dd21364b786af55c6af38c1c46e77d,True,4時間前,2026-06-20 01:26:16,静岡県
未経験歓迎!普通免許があればOK!自販機補充のルートセールス／伊東新着,サントリービバレッジソリューション株式会社,静岡県,"月給26万6,783円",正社員,清掃,求人ボックス,https://xn--pckua2a7gp15o89zb.com/jbn/0b8e78660bac1fb8cfb54d15cf91fe21,True,17時間前,2026-06-20 01:26:16,静岡県
工場内での製造／未経験OK／月収30万以上／20~30代活躍中新着,スタッフ,静岡県,"月給33万8,000円",正社員,清掃,求人ボックス,https://xn--pckua2a7gp15o89zb.com/jbn/22cf24ab061e1d12b492cac6d0012a53,True,8時間前,2026-06-20 01:26:16,静岡県
軽くてやわらかい素材をサッと箱に入れるだけ!シンプル梱包で安心スタート／クッション素材の梱包新着,三陽工業株式会社,静岡県,"月給19万5,000円",正社員,清掃,求人ボックス,https://xn--pckua2a7gp15o89zb.com/jbn/96f8ecb2bd67829120a157fce7316529,True,9時間前,2026-06-20 01:26:16,静岡県
「大手メーカーの商品を街に届ける仕事」／軽貨物ドライバー／安定収入／固定エリア配送／直行直帰OK新着,働きやすさもポイント/ 安定企業グループで長期勤務しやすい 景気に左右されにくい業界 未経験スタートの,静岡県,月給30万円～35万円,正社員,清掃,求人ボックス,https://xn--pckua2a7gp15o89zb.com/jbn/490f1c408b89e9fcc54106c4f74e425e,True,9時間前,2026-06-20 01:26:16,静岡県
「寮費無料で固定費カット!」／設備チェックスタッフ／Wi-Fi完備／落ち着いた作業／即勤務OK新着,スタッフ,静岡県,月給28万円～33万円,正社員,清掃,求人ボックス,https://xn--pckua2a7gp15o89zb.com/jbn/09d418c51e2c856262cef4a0ea210ce8,True,9時間前,2026-06-20 01:26:20,静岡県
人気のカメラ関連／チェキ用フィルムケースの検品スタッフ／未経験OK／月収30万円可新着,スタッフ,静岡県,月給30万円～35万円,正社員,清掃,求人ボックス,https://xn--pckua2a7gp15o89zb.com/jbn/baecceb795eda00b2eb1212b284ee292,True,7時間前,2026-06-20 01:26:20,静岡県
リゾートバイト／テーマパークスタッフ新着,株式会社ダイブ,静岡県,"時給1,250円～",派遣社員,清掃,求人ボックス,https://xn--pckua2a7gp15o89zb.com/jb/19b785b982fccbf4df834fd4d00e1066,True,20時間前,2026-06-20 01:26:20,静岡県
サポート体制あり／ヘアドライヤー部品の製造スタッフ／未経験歓迎／月収30万円可／20~30代活躍中新着,スタッフ,静岡県,月給30万円～35万円,正社員,清掃,求人ボックス,https://xn--pckua2a7gp15o89zb.com/jbn/cc040ce864447948765c1e67b53510fb,True,7時間前,2026-06-20 01:26:20,静岡県
「住み込みで安定ワーク!」／釣り竿の製造スタッフ／即日勤務OK／コツコツ作業／フリーター歓迎新着,スタッフ,静岡県,月給28万円～33万円,正社員,清掃,求人ボックス,https://xn--pckua2a7gp15o89zb.com/jbn/860b46cc72f2d4404419ac0de31de2ea,True,9時間前,2026-06-20 01:26:20,静岡県
履歴書なしでOK／人気の寮完備求人／日払い制度あり／食品製造のライン作業／未経験者歓迎新着,スタッフ,静岡県,月給30万円～39万,正社員,清掃,求人ボックス,https://xn--pckua2a7gp15o89zb.com/jbn/561dc4c1d80da381ac22cedef3ac0233,True,5時間前,2026-06-20 01:26:20,静岡県
「生活サポート充実で安心!」／冷感タオルの製造スタッフ／寮完備／シンプル作業／フリーター歓迎新着,スタッフ,静岡県,月給28万円～33万円,正社員,清掃,求人ボックス,https://xn--pckua2a7gp15o89zb.com/jbn/a3d1d06b98cebfb5e5ac15805f1c1903,True,9時間前,2026-06-20 01:26:20,静岡県
歯科衛生士／前歯のセラミックに特化した審美歯科のスタッフ新着,ダイヤモンド今井デンタルクリニック,大阪府,年収350万円～700万円,正社員,歯科,求人ボックス,https://xn--pckua2a7gp15o89zb.com/jb/814717a95e30007abb11ee62868294a2,True,23時間前,2026-06-20 01:26:23,大阪府
歯科衛生士／経験3年以上／完全週休2.5日で月給28万円以上可新着,医療法人優愛会 須沢歯科・矯正歯科,大阪府,月給28万円,正社員,歯科,求人ボックス,https://xn--pckua2a7gp15o89zb.com/jb/d1f61238fc1a50b514dc69554a68c4b7,True,10時間前,2026-06-20 01:26:23,大阪府
訪問歯科衛生士／土日休み・17時30分迄 月収40万円も可新着,医療法人光誠会 スマイルデンタルクリニック門真院,大阪府,月給35万円～45万円,正社員,歯科,求人ボックス,https://xn--pckua2a7gp15o89zb.com/jb/44dab2be991a3406f52dfc0c3068b07b,True,10時間前,2026-06-20 01:26:23,大阪府
歯科衛生士／東デンタルクリニック新着,医療法人CheerEat,大阪府,月給28万円～,正社員,歯科,求人ボックス,https://xn--pckua2a7gp15o89zb.com/jb/09300b275056e6dd95a93a49c8041d95,True,4時間前,2026-06-20 01:26:23,大阪府
歯科衛生士／土日休みの完全週休2.5日で月給30万円～新着,秋⽥⻭科医院,大阪府,月給30万円～,正社員,歯科,求人ボックス,https://xn--pckua2a7gp15o89zb.com/jb/b72fd5ed58428be9bcf5c3a11be92b45,True,10時間前,2026-06-20 01:26:23,大阪府
介護職／ヘルパー／無資格／未経験相談可／手当面も充実／特別養護老人ホーム新着,社会福祉法人健祥会,大阪府,"月給21万1,000円",正社員,歯科,求人ボックス,https://xn--pckua2a7gp15o89zb.com/jbn/2edd0669e6d631e429bc65b0cc8ad897,True,11時間前,2026-06-20 01:26:23,大阪府
歯科技工所勤務の歯科技工士新着,プリベンチャル守口駅前歯科,大阪府,月給40万円～,正社員,歯科,求人ボックス,https://xn--pckua2a7gp15o89zb.com/jb/41e2822c10a1860574b198bdacb9d312,True,3時間前,2026-06-20 01:26:23,大阪府
無資格・未経験相談可／手当面も充実新着,ジャパン・デジタル・ソリューションズ株式会社メデ...,大阪府,月給20万円～25万円,正社員,歯科,求人ボックス,https://xn--pckua2a7gp15o89zb.com/jb/d538615d58224274aacb82d86958c37c,True,1時間前,2026-06-20 01:26:23,大阪府
介護福祉士／1日実働7時間!住宅手当など待遇充実 経験加算もあり新着,社会福祉法人枚方療育園,大阪府,"月給28万4,970円",正社員,歯科,求人ボックス,https://xn--pckua2a7gp15o89zb.com/jb/31ff7853e6b33d588339da4b9ea8ca60,True,10時間前,2026-06-20 01:26:24,大阪府
管理栄養士新着,歯科,大阪府,月給20万円～,正社員,歯科,求人ボックス,https://xn--pckua2a7gp15o89zb.com/jb/a97323215034ef446eb79254f1c4da09,True,14時間前,2026-06-20 01:26:24,大阪府
未経験歓迎 キャリアアドバイザー #年休125日#住宅手当7割支給新着,株式会社ファミリーサポート,大阪府,月給25万円～,正社員,歯科,求人ボックス,https://xn--pckua2a7gp15o89zb.com/jb/28d0dfc7be3cea364cf0af0ca6008f82,True,21時間前,2026-06-20 01:26:24,大阪府
地域包括支援センターの保健師等の業務新着,社会福祉法人博乃会／天川地域包括支援センター,大阪府,"月給30万4,016円",正社員,歯科,求人ボックス,https://xn--pckua2a7gp15o89zb.com/jb/c0e9b2f9974dbf14faa4123e8f5682be,True,9時間前,2026-06-20 01:26:24,大阪府
歯科衛生士／ブランクがある方もOK アポイント45～60分新着,医療法人きらめき会,大阪府,"時給2,000円～3,000円",アルバイト・パート,歯科,求人ボックス,https://xn--pckua2a7gp15o89zb.com/jb/14f3cf7124eb8ab629167638e3e28a7a,True,23時間前,2026-06-20 01:26:24,大阪府
社会保険完備の職場で歯科衛生士新着,医療法人きらめき会 はりなかの歯科&矯正歯科,大阪府,"時給2,000円～3,000円",アルバイト・パート,歯科,求人ボックス,https://xn--pckua2a7gp15o89zb.com/jb/8bc14b08d78a575d9239151613a12166,True,4時間前,2026-06-20 01:26:24,大阪府
歯科衛生士／週1日～OK!ブランクありOK!衛生士、再デビュー応援新着,かわばた歯科,大阪府,"時給1,500円",アルバイト・パート,歯科,求人ボックス,https://xn--pckua2a7gp15o89zb.com/jb/6c82109fbaa781f85b6cea89aa976557,True,10時間前,2026-06-20 01:26:24,大阪府
歯科衛生士／中原歯科新着,医療法人將弘会,大阪府,"時給1,600円～",アルバイト・パート,歯科,求人ボックス,https://xn--pckua2a7gp15o89zb.com/jb/bf74d0a7fa0c98c48ce7fa066444da03,True,4時間前,2026-06-20 01:26:24,大阪府
自社内で業務系システムの開発新着,フロンティア・ヒューマン,静岡県,"時給3,000円～",派遣社員,派遣,求人ボックス,https://xn--pckua2a7gp15o89zb.com/jb/289b1bff1be7dc18a1f7ae2ba3e304d5,True,3時間前,2026-06-20 01:26:00,静岡県
ガス会社で注文受付など受電対応新着,株式会社アイエーイー,静岡県,"時給1,330円",派遣社員,派遣,求人ボックス,https://xn--pckua2a7gp15o89zb.com/jb/8d1c334affbb7834830d76b896e1d65c,True,5時間前,2026-06-20 01:26:00,静岡県
月収25万円以上可／土日休み／機械オペレーター新着,株式会社総商セレクト,静岡県,"時給1,500円～",派遣社員,派遣,求人ボックス,https://xn--pckua2a7gp15o89zb.com/jb/dacdaf64e1f5a1f1d2d26725b3cb20a2,True,15時間前,2026-06-20 01:26:00,静岡県
製造スタッフ 6月スタート メーカーにて介護入浴装置の組立業務新着,株式会社メイテックキャスト,静岡県,"時給1,450円～1,500円",派遣社員,派遣,求人ボックス,https://xn--pckua2a7gp15o89zb.com/jb/87be853a482384ca4bfd495e0cc30441,True,14時間前,2026-06-20 01:26:00,静岡県
物流センター 選べる勤務時間 フォークリフト作業新着,シーバロジスティクスジャパン株式会社 掛川DC,静岡県,"月給23万4,500円",正社員,派遣,求人ボックス,https://xn--pckua2a7gp15o89zb.com/jb/aff7c9668407909eef45ace0259098d7,True,14時間前,2026-06-20 01:26:00,静岡県
大手メーカーで英文事務新着,ヒューマンリソシア株式会社,静岡県,"時給1,550円",派遣社員,派遣,求人ボックス,https://xn--pckua2a7gp15o89zb.com/jb/a737d1e2421cb6813b016967a5d434c7,True,6時間前,2026-06-20 01:26:00,静岡県
保育士新着,社会福祉法人芳明会,静岡県,"時給1,300円～1,350円",派遣社員,派遣,求人ボックス,https://xn--pckua2a7gp15o89zb.com/jb/8b60404463480858ed3350bb5666d017,True,19時間前,2026-06-20 01:26:01,静岡県
商社での営業事務スタッフ新着,株式会社創源社TーDESIGN,静岡県,"時給1,300円～",派遣社員,派遣,求人ボックス,https://xn--pckua2a7gp15o89zb.com/jb/9212995f73aec96e79147d83cd9195ec,True,9時間前,2026-06-20 01:26:01,静岡県
保育士新着,社会福祉法人聖母福祉会,静岡県,"時給1,200円～1,300円",派遣社員,派遣,求人ボックス,https://xn--pckua2a7gp15o89zb.com/jb/8f9bef801cb0c0523bd61dddb1debee6,True,19時間前,2026-06-20 01:26:01,静岡県
夏休み期間のリゾートプールの監視員新着,SOGO-PLANT静岡支店,静岡県,"時給1,250円",アルバイト・パート,派遣,求人ボックス,https://xn--pckua2a7gp15o89zb.com/jb/a6e31834b83da0c5c9bc91893e3d7bf9,True,9時間前,2026-06-20 01:26:01,静岡県
自社社員の送迎ドライバー新着,株式会社ハーベストビィズキャリア,静岡県,"時給1,500円～",派遣社員,派遣,求人ボックス,https://xn--pckua2a7gp15o89zb.com/jb/dd55dd14b227342093c12fc56f9143fd,True,9時間前,2026-06-20 01:26:01,静岡県
包装機械オペレーター新着,株式会社ホットスタッフ藤枝,静岡県,"時給1,500円～1,875円",派遣社員,派遣,求人ボックス,https://xn--pckua2a7gp15o89zb.com/jb/f1e55851b8fa60c55d876b8a7af72f6f,True,7時間前,2026-06-20 01:26:04,静岡県
自動車ガラス専門店での一般事務新着,株式会社ホットスタッフ吉田,静岡県,"時給1,400円",正社員,派遣,求人ボックス,https://xn--pckua2a7gp15o89zb.com/jb/f61ee5e39f664ddd383d66a8697aa84f,True,7時間前,2026-06-20 01:26:04,静岡県
サプリメントの成形と計量作業新着,株式会社エフティーイー,静岡県,"時給1,400円～",派遣社員,派遣,求人ボックス,https://xn--pckua2a7gp15o89zb.com/jb/d96a1c87baae84adda29708a12639732,True,16時間前,2026-06-20 01:26:04,静岡県
アルミ部品のバリ取り・加工スタッフ新着,株式会社ホットスタッフ浜松,静岡県,"時給1,300円～1,750円",派遣社員,派遣,求人ボックス,https://xn--pckua2a7gp15o89zb.com/jb/a58687a29540384dbbd50667b0e18d81,True,7時間前,2026-06-20 01:26:04,静岡県
"Webサイト更新・修正／通信業界／スタート日相談可／1,660円以上／土日祝休み新着",株式会社パソナ,静岡県,"時給1,660円",派遣社員,派遣,求人ボックス,https://xn--pckua2a7gp15o89zb.com/jb/55643647dcb0ce1743c771cb73c61f8b,True,19時間前,2026-06-20 01:26:04,静岡県
未経験歓迎!楽天モバイルショップでのスマホ販売／月収26万円以上新着,株式会社ヒト・コミュニケーションズ,静岡県,"時給1,500円",契約社員,派遣,求人ボックス,https://xn--pckua2a7gp15o89zb.com/jb/c1c5d7be9ebb256b02ff0a2ad675e2db,True,19時間前,2026-06-20 01:26:04,静岡県
シフト制／サービス部門のテレオペレーター新着,アデコ株式会社,静岡県,"時給1,450円～",派遣社員,派遣,求人ボックス,https://xn--pckua2a7gp15o89zb.com/jb/3cbad52634520bbfb898b9f15f723698,True,21時間前,2026-06-20 01:26:06,静岡県
未経験から始められる／ティシュ製造スタッフ新着,株式会社ウィルオブ・ワーク FO浜松,静岡県,"時給1,650円～2,063円",派遣社員,派遣,求人ボックス,https://xn--pckua2a7gp15o89zb.com/jb/05c60d5f85598f8d9defd53bde8197c0,True,14時間前,2026-06-20 01:26:06,静岡県
ゴム製品製造工場の機械オペレーター／社会保険完備／未経験歓迎／フリーター歓迎／学歴不問新着,株式会社ワークナビ,静岡県,"時給1,500円～",正社員,派遣,求人ボックス,https://xn--pckua2a7gp15o89zb.com/jbn/54a4ee581bd0bc3b20ecfc9176746bf1,True,16時間前,2026-06-20 01:26:06,静岡県
貿易事務未経験OK 輸出手配&事務サポ@浜松駅から徒歩圏内新着,マンパワーグループ株式会社,静岡県,"時給1,400円",派遣社員,派遣,求人ボックス,https://xn--pckua2a7gp15o89zb.com/jb/953d337dae65d74dbdf45626dd156a44,True,4時間前,2026-06-20 01:26:06,静岡県
保育士新着,社会福祉法人染葉会,静岡県,"時給1,350円～1,450円",派遣社員,派遣,求人ボックス,https://xn--pckua2a7gp15o89zb.com/jb/40882ee2a0116249c10341da1b1fd604,True,19時間前,2026-06-20 01:26:06,静岡県
「「夜勤勤務×軽作業で高時給1560円!」」アクセサリーや小物などの倉庫内軽作業新着,セブンエージェント株式会社,静岡県,時給1560円,派遣社員,派遣,求人ボックス,https://xn--pckua2a7gp15o89zb.com/jb/afe7fda2e80a87707bde8d9e9eebf1bb,True,17時間前,2026-06-20 01:26:06,静岡県
金属製品の加工新着,株式会社タイセイ,静岡県,"時給1,400円～",正社員,派遣,求人ボックス,https://xn--pckua2a7gp15o89zb.com/jb/cbbb672a77c790a208797bbf5ba3360f,True,15時間前,2026-06-20 01:26:06,静岡県
営業事務+ 一般事務新着,株式会社リクルートスタッフィング,静岡県,"時給1,520円～",派遣社員,派遣,求人ボックス,https://xn--pckua2a7gp15o89zb.com/jb/b9abde8a61913770e563601742b04dc4,True,16時間前,2026-06-20 01:26:08,静岡県
未経験から月給31万円／年間休日120日以上／昇給年2回／企業と派遣スタッフをマッチングするおシゴト新着,株式会社ホットスタッフ袋井,静岡県,月給31万円,正社員,派遣,求人ボックス,https://xn--pckua2a7gp15o89zb.com/jb/fbd88d31c23bdef4864548a5b4b1e6f3,True,10時間前,2026-06-20 01:26:08,静岡県
「未経験歓迎!日払い可!ラクラク作業」工場での部品検査スタッフ新着,株式会社アルミラ,静岡県,"時給1,470円～",アルバイト・パート,派遣,求人ボックス,https://xn--pckua2a7gp15o89zb.com/jb/2a2b19c77b162661d103e65ba50e3cae,True,13時間前,2026-06-20 01:26:08,静岡県
一般事務／未経験の方も歓迎 在庫管理など!派遣スタッフ活躍中新着,株式会社スタッフサービス,静岡県,"時給1,380円",派遣社員,派遣,求人ボックス,https://xn--pckua2a7gp15o89zb.com/jb/79f80509664289fc4e3974b0bbcdb87c,True,14時間前,2026-06-20 01:26:08,静岡県
「まだ間に合う!」／未経験からできる製造職「カプセルトイなど」／資格取得支援あり新着,株式会社alBee,静岡県,月給32万円～40万円,正社員,派遣,求人ボックス,https://xn--pckua2a7gp15o89zb.com/jbn/7bd9875a8bf7d8992d647dedfb1e37c6,True,2時間前,2026-06-20 01:26:08,静岡県
リゾートバイト／調理補助新着,リゾートトラスト株式会社 エクシブ伊豆,静岡県,"時給1,600円～",アルバイト,派遣,求人ボックス,https://xn--pckua2a7gp15o89zb.com/jb/56a069104f25274650ee110afe28600f,True,19時間前,2026-06-20 01:26:08,静岡県
データエントリー業務 ／ 一般事務・OA事務／大手電力会社でカンタン事務 事務未経験もOK新着,パーソルテンプスタッフ株式会社,静岡県,"時給1,330円～1,350円",派遣社員,派遣,求人ボックス,https://xn--pckua2a7gp15o89zb.com/jb/b7d40be609a9ea38a3f73dc008285965,True,20時間前,2026-06-20 01:26:08,静岡県
リゾートバイト／館内全般業務新着,リゾートトラスト株式会社 リゾーピア熱海,静岡県,"時給1,600円～",アルバイト,派遣,求人ボックス,https://xn--pckua2a7gp15o89zb.com/jb/e29c01dc1d2866b360467360669eb619,True,19時間前,2026-06-20 01:26:12,静岡県
CADオペレーター 大型商業施設・店舗設計アシスタント 社員登用あり新着,株式会社フェローズ,静岡県,"時給1,320円～1,500円",派遣社員,派遣,求人ボックス,https://xn--pckua2a7gp15o89zb.com/jb/5a35e0d416fef5c6d1d5eb32ce187289,True,12時間前,2026-06-20 01:26:12,静岡県
「今からでもOK!新しい環境でリスタート」20代30代の未経験から活躍／モノづくりエンジニア新着,で収入も不安定...,静岡県,月給27万円～45万円,正社員,派遣,求人ボックス,https://xn--pckua2a7gp15o89zb.com/jbn/6319286dc67de1610b762e85922a4557,True,3時間前,2026-06-20 01:26:12,静岡県
「今からでもOK!新しい環境でリスタート」モノづくりエンジニア／寮・社宅・家賃補助あり新着,で収入も不安定...,静岡県,月給27万円～45万円,正社員,派遣,求人ボックス,https://xn--pckua2a7gp15o89zb.com/jbn/28d9b33d3bdc2a96838d7349a2a647ae,True,3時間前,2026-06-20 01:26:12,静岡県
「今からでもOK!新しい環境でリスタート」製造スタッフ／残業少なめ・年間休日125日以上新着,で収入も不安定...,静岡県,月給27万円～45万円,正社員,派遣,求人ボックス,https://xn--pckua2a7gp15o89zb.com/jbn/740684a87c8e3d044c0760b73c366a6b,True,2時間前,2026-06-20 01:26:12,静岡県
エンジニア派遣の人材コーディネーター新着,株式会社ベストスタッフ,静岡県,"月給21万5,000円",正社員,派遣,求人ボックス,https://xn--pckua2a7gp15o89zb.com/jb/5ad59b7aa4eec181809550624e53379b,True,1時間前,2026-06-20 01:26:16,静岡県
「今からでもOK!新しい環境でリスタート」20代30代の未経験から活躍／製造組み立て／寮・社宅新着,で収入も不安定...,静岡県,月給27万円～45万円,正社員,派遣,求人ボックス,https://xn--pckua2a7gp15o89zb.com/jbn/7f10b5750c892d20c5fd6d95124444c5,True,3時間前,2026-06-20 01:26:16,静岡県
「今からでもOK!新しい環境でリスタート」工場スタッフ／年休125日以上・完全週休2日制新着,で収入も不安定...,静岡県,月給27万円～45万円,正社員,派遣,求人ボックス,https://xn--pckua2a7gp15o89zb.com/jbn/5cb1dc901fac0cd0d047980833483512,True,3時間前,2026-06-20 01:26:16,静岡県
携帯ショップでの接客販売スタッフ／20代活躍中／未経験・第二新卒／賞与あり新着,未経験OK,静岡県,月給25万円～30万円,正社員,派遣,求人ボックス,https://xn--pckua2a7gp15o89zb.com/jbn/9fdceb48506caa781a6e14c64fb767c2,True,3時間前,2026-06-20 01:26:16,静岡県
ペットボトル飲料製造の設備保全／20代活躍中／未経験・第二新卒／賞与あり／御殿場市板妻舟久保新着,スタッフ・,静岡県,年収493万円～520万円,正社員,派遣,求人ボックス,https://xn--pckua2a7gp15o89zb.com/jbn/c39eb19b670bab9eecdf19ce2a3df70c,True,5時間前,2026-06-20 01:26:16,静岡県
「今からでもOK!新しい環境でリスタート」20代30代の未経験から活躍／工場スタッフ／寮・社宅新着,で収入も不安定...,静岡県,月給27万円～45万円,正社員,派遣,求人ボックス,https://xn--pckua2a7gp15o89zb.com/jbn/2a33dab2a5060b72f9d25a54c4db0754,True,3時間前,2026-06-20 01:26:16,静岡県
「今からでもOK!新しい環境でリスタート」モノづくりエンジニア／残業少なめ・年間休日125日以上新着,で収入も不安定...,静岡県,月給27万円～45万円,正社員,派遣,求人ボックス,https://xn--pckua2a7gp15o89zb.com/jbn/a73c5a85bfc21e769fde17dead10261a,True,3時間前,2026-06-20 01:26:16,静岡県
製造補助スタッフ新着,有限会社浜名流通サービス,静岡県,"時給1,600円",派遣社員,派遣,求人ボックス,https://xn--pckua2a7gp15o89zb.com/jb/557ece341ecad68b12fca386292161a7,True,15時間前,2026-06-20 01:26:20,静岡県
ツナ缶の工場スタッフ新着,株式会社ホットスタッフ静岡,静岡県,"時給1,350円～",派遣社員,派遣,求人ボックス,https://xn--pckua2a7gp15o89zb.com/jb/835e6e3f0a862b81217c90bdfc939a75,True,7時間前,2026-06-20 01:26:20,静岡県
「今からでもOK!新しい環境でリスタート」製造組み立て／寮・社宅・家賃補助あり新着,で収入も不安定...,静岡県,月給27万円～45万円,正社員,派遣,求人ボックス,https://xn--pckua2a7gp15o89zb.com/jbn/2cada07b2f13a4241f2494221b7db2df,True,2時間前,2026-06-20 01:26:20,静岡県
既契約者への生命保険訪問提案営業／20代活躍中／未経験・第二新卒／土日祝休み／賞与あり新着,未経験OK,静岡県,"月給27万6,000円",正社員,派遣,求人ボックス,https://xn--pckua2a7gp15o89zb.com/jbn/a3995206e4e4fc3ff4aff23e39dbfe89,True,2時間前,2026-06-20 01:26:20,静岡県
カーラーフサポート部での来店客向け保険提案／20代活躍中／未経験・第二新卒／賞与あり新着,未経験OK,静岡県,月給20万円～30万円,正社員,派遣,求人ボックス,https://xn--pckua2a7gp15o89zb.com/jbn/e21c403b179dab8bbe52c91d8f78b729,True,3時間前,2026-06-20 01:26:20,静岡県
「今からでもOK!新しい環境でリスタート」製造組み立て／残業少なめ・年間休日125日以上新着,で収入も不安定...,静岡県,月給27万円～45万円,正社員,派遣,求人ボックス,https://xn--pckua2a7gp15o89zb.com/jbn/1ee1f11e0fe4a482b208518d4870083d,True,2時間前,2026-06-20 01:26:20,静岡県
日勤のみ／土日祝休み／出荷準備スタッフ新着,株式会社HALLテクニカル,静岡県,"時給1,300円～",派遣社員,派遣,求人ボックス,https://xn--pckua2a7gp15o89zb.com/jb/ac2f219991ed563f0a662c798148d8fc,True,15時間前,2026-06-20 01:26:20,静岡県
理想の住まいづくりの設計プラン提案／20代活躍中／未経験・第二新卒／賞与あり新着,...予算に応じた具体的な設計プランの提案を行っていただきます。不動産や資金計画などは専門,静岡県,月給30万円～60万円,正社員,派遣,求人ボックス,https://xn--pckua2a7gp15o89zb.com/jbn/b14ab66005f6c0a9e0f19534acdad12d,True,2時間前,2026-06-20 01:26:20,静岡県
「今からでもOK!新しい環境でリスタート」製造オペレーター／寮・社宅・家賃補助あり新着,で収入も不安定...,静岡県,月給27万円～45万円,正社員,派遣,求人ボックス,https://xn--pckua2a7gp15o89zb.com/jbn/1527e3bb9bc505c1ed7c787c6688cf8d,True,3時間前,2026-06-20 01:26:23,静岡県
「今からでもOK!新しい環境でリスタート」工場スタッフ／残業少なめ・年間休日125日以上新着,で収入も不安定...,静岡県,月給27万円～45万円,正社員,派遣,求人ボックス,https://xn--pckua2a7gp15o89zb.com/jbn/c007f7153e7a3f82a31be4c20b8102f9,True,3時間前,2026-06-20 01:26:23,静岡県
「今からでもOK!新しい環境でリスタート」20代30代の未経験から活躍／モノづくりエンジニア新着,で収入も不安定...,静岡県,月給27万円～45万円,正社員,派遣,求人ボックス,https://xn--pckua2a7gp15o89zb.com/jbn/6cc1232a0238c25bd09a7529f7478849,True,3時間前,2026-06-20 01:26:23,静岡県
倉庫内リフト作業新着,株式会社クリエイトDM,静岡県,"時給1,400円",派遣社員,派遣,求人ボックス,https://xn--pckua2a7gp15o89zb.com/jb/7fb60a44a25de801921b1b19d9449761,True,15時間前,2026-06-20 01:26:23,静岡県
「今からでもOK!新しい環境でリスタート」製造オペレーター／年休125日以上・完全週休2日制新着,で収入も不安定...,静岡県,月給27万円～45万円,正社員,派遣,求人ボックス,https://xn--pckua2a7gp15o89zb.com/jbn/02f400588cea39f820f5e26de6687a91,True,3時間前,2026-06-20 01:26:23,静岡県
「今からでもOK!新しい環境でリスタート」製造オペレーター／残業少なめ・年間休日125日以上新着,で収入も不安定...,静岡県,月給27万円～45万円,正社員,派遣,求人ボックス,https://xn--pckua2a7gp15o89zb.com/jbn/29da67dc7420d3c3865b33e83d08e205,True,3時間前,2026-06-20 01:26:27,静岡県
既存顧客への生命保険訪問提案業務／20代活躍中／未経験・第二新卒／土日祝休み／賞与あり新着,未経験OK,静岡県,"月給27万6,000円",正社員,派遣,求人ボックス,https://xn--pckua2a7gp15o89zb.com/jbn/2db64d3617daa8497ada361e1e5321c0,True,3時間前,2026-06-20 01:26:27,静岡県
総合職新着,株式会社バックスグループ,静岡県,"月給25万5,000円",正社員,派遣,求人ボックス,https://xn--pckua2a7gp15o89zb.com/jb/9587d0dbb7499bbbcd316c1dcf45205e,True,4時間前,2026-06-20 01:26:27,静岡県
仕分け・梱包・ピッキング／電線ケーブルの巻取・切断・梱包新着,<商材・サービス>人材,静岡県,"時給1,400円",,派遣,求人ボックス,https://xn--pckua2a7gp15o89zb.com/jb/30f5f4a3fd46b899e2e51910237e500e,True,5時間前,2026-06-20 01:26:27,静岡県
未経験者大歓迎。長期勤務可能。住宅用木材パネル製造新着,株式会社テクノサービス,静岡県,"時給1,300円",派遣社員,派遣,求人ボックス,https://xn--pckua2a7gp15o89zb.com/jb/cddfa0b5fc2dec9445317df2f97e327b,True,18時間前,2026-06-20 01:26:27,静岡県
学生・主婦「夫」さん活躍中 飲食チェーン店スタッフ シフト制新着,株式会社トラストファミリー,静岡県,"時給1,160円～1,450円",派遣社員,飲食,求人ボックス,https://xn--pckua2a7gp15o89zb.com/jb/ba623840d54fe19965bbcce10f968f62,True,9時間前,2026-06-20 01:26:11,静岡県
フルーツパーク内での飲食サービススタッフ新着,株式会社時之栖,静岡県,"月給22万2,000円",正社員,飲食,求人ボックス,https://xn--pckua2a7gp15o89zb.com/jb/b7aff611b95eccafe9810e5ecb0411d9,True,1時間前,2026-06-20 01:26:11,静岡県
短期限定スタッフ!スーパー銭湯内の飲食コーナーSTAFF新着,株式会社ゼロン東海,静岡県,"時給1,250円～1,543円",派遣社員,飲食,求人ボックス,https://xn--pckua2a7gp15o89zb.com/jb/276702d6bdb7f4c5f9ce909f88b4d967,True,11時間前,2026-06-20 01:26:11,静岡県
店舗スタッフ「一般社員」／御殿場店新着,幸楽苑 御殿場店,静岡県,"月給21万5,000円",正社員,飲食,求人ボックス,https://xn--pckua2a7gp15o89zb.com/jbn/717e88069271f8834b92743d8257666b,True,21時間前,2026-06-20 01:26:11,静岡県
店舗スタッフ「一般社員」／志都呂店新着,幸楽苑 志都呂店,静岡県,"月給21万5,000円",正社員,飲食,求人ボックス,https://xn--pckua2a7gp15o89zb.com/jbn/7ac3cd81f11e12ff80b6148e3dd187a6,True,21時間前,2026-06-20 01:26:15,静岡県
店舗スタッフ「一般社員」／富士伝法店新着,幸楽苑 富士伝法店,静岡県,"月給21万5,000円",正社員,飲食,求人ボックス,https://xn--pckua2a7gp15o89zb.com/jbn/8c6a0533096c4a13896418a0bed73f84,True,21時間前,2026-06-20 01:26:19,静岡県
店舗スタッフ「一般社員」／沼津西沢田店新着,幸楽苑 沼津西沢田店,静岡県,"月給21万5,000円",正社員,飲食,求人ボックス,https://xn--pckua2a7gp15o89zb.com/jbn/cab66ee37f39ceb1f040c4023526fec7,True,21時間前,2026-06-20 01:26:19,静岡県
店舗スタッフ「一般社員」／浜松駅南店新着,幸楽苑 浜松駅南店,静岡県,"月給21万5,000円",正社員,飲食,求人ボックス,https://xn--pckua2a7gp15o89zb.com/jbn/80f488933958015e9262673a0bb487c8,True,21時間前,2026-06-20 01:26:19,静岡県
店舗スタッフ「一般社員」／藤枝店新着,幸楽苑 藤枝店,静岡県,"月給21万5,000円",正社員,飲食,求人ボックス,https://xn--pckua2a7gp15o89zb.com/jbn/c2beddf822249c05d723050e99b67c44,True,21時間前,2026-06-20 01:26:19,静岡県
店舗スタッフ「一般社員」／掛川店新着,幸楽苑 掛川店,静岡県,"月給21万5,000円",正社員,飲食,求人ボックス,https://xn--pckua2a7gp15o89zb.com/jbn/bc57cc25189e547b1452c997eb56c847,True,21時間前,2026-06-20 01:26:27,静岡県
店舗スタッフ「一般社員」／浜松西インター店新着,幸楽苑 浜松西インター店,静岡県,"月給21万5,000円",正社員,飲食,求人ボックス,https://xn--pckua2a7gp15o89zb.com/jbn/e66a7b49f7b01b19c0659e416325cbdd,True,21時間前,2026-06-20 01:26:27,静岡県
「まだ間に合う!」未経験採用枠／カプセルトイ製造スタッフ／プライベート充実新着,株式会社小林,静岡県,月給28万円～50万円,正社員,飲食,求人ボックス,https://xn--pckua2a7gp15o89zb.com/jbn/592e46d81a11d6a279443b638832e073,True,3時間前,2026-06-20 01:26:27,静岡県
「まだ間に合う!」未経験採用枠／カプセルトイ製造オペレーター／プライベート充実新着,AQUARIUS株式会社,静岡県,月給28万円～50万円,正社員,飲食,求人ボックス,https://xn--pckua2a7gp15o89zb.com/jbn/1cf41d3845a7d641902764a369fe94bf,True,3時間前,2026-06-20 01:26:27,静岡県
ヨガ・ピラティス経験を活かせるセラピスト／ラフィネグループ／シフトの融通抜群／ブランクOK新着,ラフィネ ららぽーと磐田店,静岡県,"時給2,232円～4,068円",,飲食,求人ボックス,https://xn--pckua2a7gp15o89zb.com/jbn/27d93dc6634a67e3c20d759557123b80,True,19時間前,2026-06-20 01:26:30,静岡県
ヨガ・ピラティス経験を活かせるセラピスト／ラフィネグループ／シフトの融通抜群／ブランクOK新着,ラフィネ 静岡パルシェ店,静岡県,"時給2,232円～4,068円",,飲食,求人ボックス,https://xn--pckua2a7gp15o89zb.com/jbn/e7771fda0415ef14d375df62257075e1,True,19時間前,2026-06-20 01:26:30,静岡県
未経験可／研修充実／システムエンジニア新着,株式会社HIGHEST,静岡県,月給28万円～50万円,正社員,飲食,求人ボックス,https://xn--pckua2a7gp15o89zb.com/jbn/441341caf796718365eba64224932e4a,True,2時間前,2026-06-20 01:26:30,静岡県
未経験可／研修充実／システムエンジニア新着,infront株式会社,静岡県,月給28万円～50万円,正社員,飲食,求人ボックス,https://xn--pckua2a7gp15o89zb.com/jbn/84f9a5ee52dc863c37b8c3c408edb677,True,2時間前,2026-06-20 01:26:30,静岡県
クレープ店での店舗スタッフ新着,マリオンクレープ ベイドリーム清水店,静岡県,"時給1,097円",アルバイト・パート,飲食,求人ボックス,https://xn--pckua2a7gp15o89zb.com/jb/a5980987599be12d7914890af1519e67,True,3時間前,2026-06-20 01:26:34,静岡県
アプリ開発／残業少なめ／スキルアップ可／年間休日125日以上新着,...難しい知識が不要で、プレイヤー目線が活かせる仕事として選択。 「PCは普段使いレベル。でもIT業界に挑戦したい」と入社した元,静岡県,"月給29万1,000円",正社員,飲食,求人ボックス,https://xn--pckua2a7gp15o89zb.com/jbn/98ab574565fd3dd677d4f01b98febd94,True,5時間前,2026-06-20 01:26:37,静岡県
アプリテスター／未経験歓迎／研修制度あり／福利厚生充実新着,...難しい知識が不要で、プレイヤー目線が活かせる仕事として選択。 「PCは普段使いレベル。でもIT業界に挑戦したい」と入社した元,静岡県,"月給34万2,000円",正社員,飲食,求人ボックス,https://xn--pckua2a7gp15o89zb.com/jbn/6e0528101e2d761a35d05c94678f1336,True,5時間前,2026-06-20 01:26:37,静岡県
アプリ開発／学歴不問／月収30万以上可／20代活躍中新着,...難しい知識が不要で、プレイヤー目線が活かせる仕事として選択。 「PCは普段使いレベル。でもIT業界に挑戦したい」と入社した元,静岡県,"月給29万6,000円",正社員,飲食,求人ボックス,https://xn--pckua2a7gp15o89zb.com/jbn/e80354ad28f8353454e4305c811c12d2,True,5時間前,2026-06-20 01:26:37,静岡県
ゲームテスター／学歴不問／月収30万以上可／20代活躍中新着,...難しい知識が不要で、プレイヤー目線が活かせる仕事として選択。 「PCは普段使いレベル。でもIT業界に挑戦したい」と入社した元,静岡県,"月給34万4,000円",正社員,飲食,求人ボックス,https://xn--pckua2a7gp15o89zb.com/jbn/4358981fae841ed1521b761136235496,True,5時間前,2026-06-20 01:26:40,静岡県
デバッカー／残業少なめ／スキルアップ可／年間休日125日以上新着,...難しい知識が不要で、プレイヤー目線が活かせる仕事として選択。 「PCは普段使いレベル。でもIT業界に挑戦したい」と入社した元,静岡県,"月給33万6,000円",正社員,飲食,求人ボックス,https://xn--pckua2a7gp15o89zb.com/jbn/1a7d7132139464ef75b947eaf8486c3d,True,5時間前,2026-06-20 01:26:40,静岡県
ゲームテスター／未経験歓迎／研修制度あり／福利厚生充実新着,...難しい知識が不要で、プレイヤー目線が活かせる仕事として選択。 「PCは普段使いレベル。でもIT業界に挑戦したい」と入社した元,静岡県,"月給30万4,000円",正社員,飲食,求人ボックス,https://xn--pckua2a7gp15o89zb.com/jbn/5c756c88e3ae78844420e7a62e21a2f8,True,5時間前,2026-06-20 01:26:40,静岡県
介護職／ヘルパー／訪問介護／月給21万円〜／9時ー18時の勤務新着,デコポン合同会社,大阪府,月給21万円,正社員,介護,求人ボックス,https://xn--pckua2a7gp15o89zb.com/jbn/966a1784b56b317d756c060ee15bcf40,True,11時間前,2026-06-20 01:26:26,大阪府
介護職／ヘルパー／サービス付き高齢者向け住宅／月2日〜／夜勤専従新着,セントスタッフ株式会社,大阪府,"日給2万2,500円",派遣社員,介護,求人ボックス,https://xn--pckua2a7gp15o89zb.com/jbn/0ad4b20d2a07405ae1e96796ce04b188,True,11時間前,2026-06-20 01:26:26,大阪府
介護職／ヘルパー／東大阪市古箕輪／特別養護老人ホーム／車通勤可新着,社会福祉法人川福会,大阪府,"日給2万6,850円",アルバイト・パート,介護,求人ボックス,https://xn--pckua2a7gp15o89zb.com/jbn/8df9b61795cad7a5b66435147094fb71,True,11時間前,2026-06-20 01:26:26,大阪府
介護職／ヘルパー／住宅型有料老人ホーム介護職求人!／住宅型有料老人ホー...新着,株式会社NSA,大阪府,年収268万円～280万円,正社員,介護,求人ボックス,https://xn--pckua2a7gp15o89zb.com/jbn/a2127edcb471d7c798778a7d941f4771,True,11時間前,2026-06-20 01:26:27,大阪府
介護職／ヘルパー／介護付き有料／福利厚生充実／車通勤OK／介護付き有料...新着,社会福祉法人池田さつき会,大阪府,"月給22万3,000円",正社員,介護,求人ボックス,https://xn--pckua2a7gp15o89zb.com/jbn/20887ec08f3ed31f403883abb78a8946,True,11時間前,2026-06-20 01:26:31,大阪府
介護職／ヘルパー／貝塚市王子／住宅型有料老人ホーム／交通費支給新着,株式会社ブレストケア,大阪府,"時給1,177円～",アルバイト・パート,介護,求人ボックス,https://xn--pckua2a7gp15o89zb.com/jbn/6f6a2a69b2ec8f840db15ba5086a9d27,True,11時間前,2026-06-20 01:26:31,大阪府
介護職／ヘルパー／小規模多機能型居宅介護／未経験／学生可／小規模多機能...新着,医療法人全人会,大阪府,"時給1,177円～1,400円",アルバイト・パート,介護,求人ボックス,https://xn--pckua2a7gp15o89zb.com/jbn/4c654d2e275f88d89483a95104188d2f,True,11時間前,2026-06-20 01:26:31,大阪府
介護職／ヘルパー／特別養護老人ホーム新着,社会福祉法人恩賜財団 大阪府済生会,大阪府済生会,"月給22万6,734円",正社員,介護,求人ボックス,https://xn--pckua2a7gp15o89zb.com/jbn/633fb817b6a32ea9db5bafbd8e852cb2,True,11時間前,2026-06-20 01:26:33,大阪府
介護職／ヘルパー／特別養護老人ホーム新着,社会福祉法人久義会,大阪府,"時給1,177円～1,330円",アルバイト・パート,介護,求人ボックス,https://xn--pckua2a7gp15o89zb.com/jbn/e25f2bfa2e1a6fbbcfa2b053e624b3cd,True,11時間前,2026-06-20 01:26:33,大阪府
介護職／ヘルパー／吹田市春日／介護付き有料老人ホーム／残業なし新着,株式会社サフィ-ルケア,大阪府,"日給1万8,900円",アルバイト・パート,介護,求人ボックス,https://xn--pckua2a7gp15o89zb.com/jbn/fb1adc3c35519d90830e50fe59da518a,True,11時間前,2026-06-20 01:26:36,大阪府
介護職／ヘルパー／特別養護老人ホーム新着,社会福祉法人優喜会,大阪府,"月給21万1,800円",正社員,介護,求人ボックス,https://xn--pckua2a7gp15o89zb.com/jbn/84aa87a0802cba39226a37553a1b211c,True,11時間前,2026-06-20 01:26:40,大阪府
介護職／ヘルパー／住宅型有料老人ホーム／資格支援制度あり／有給消化率高...新着,株式会社そうせい介護支援事業所 そうせい住吉,大阪府,"月給22万9,000円",正社員,介護,求人ボックス,https://xn--pckua2a7gp15o89zb.com/jbn/012f5a5417c73fd046429f31754c87da,True,11時間前,2026-06-20 01:26:40,大阪府
介護職／ヘルパー／住宅型有料老人ホーム／制服貸与／シフト制／育休制度有新着,ライジングサン株式会社,大阪府,"月給21万6,000円",正社員,介護,求人ボックス,https://xn--pckua2a7gp15o89zb.com/jbn/81227e2f0e5073fa27cd829d3ae620e8,True,11時間前,2026-06-20 01:26:40,大阪府
介護職／ヘルパー／介護老人保健施設／賞与3／6か月／年間114日休新着,医療法人大寿会,大阪府,"月給23万8,000円",正社員,介護,求人ボックス,https://xn--pckua2a7gp15o89zb.com/jbn/d6ed383b386bc91a77939425de61e6d4,True,11時間前,2026-06-20 01:26:42,大阪府
介護職／ヘルパー／茨木市豊川／夜勤専従／住宅型有料老人ホーム／未経験可新着,株式会社リリカ スマイルコート茨木豊川,大阪府,"時給1,645円～",アルバイト・パート,介護,求人ボックス,https://xn--pckua2a7gp15o89zb.com/jbn/fc045ec779752febf5c641a9362e1346,True,11時間前,2026-06-20 01:26:46,大阪府
介護職／ヘルパー／特養／地域密着型／全42床／平成30年5月オープン新着,社会福祉法人かおる会,大阪府,"月給20万5,000円",正社員,介護,求人ボックス,https://xn--pckua2a7gp15o89zb.com/jbn/74484a5694cd322df3a8864dbc6588d8,True,11時間前,2026-06-20 01:26:51,大阪府
介護職／ヘルパー／住宅型有料老人ホーム新着,株式会社フルライフケア,大阪府,"時給1,320円～1,340円",アルバイト・パート,介護,求人ボックス,https://xn--pckua2a7gp15o89zb.com/jbn/6902f1d41cd93a62d3e12d16990f129f,True,11時間前,2026-06-20 01:26:54,大阪府
介護職／ヘルパー／泉佐野市俵屋／住宅型有料老人ホーム／研修制度有新着,株式会社ブレストケア 住宅型有料老人ホーム ブレ...,大阪府,"月給20万5,000円",正社員,介護,求人ボックス,https://xn--pckua2a7gp15o89zb.com/jbn/d0b7b2623853b715015dfbf903205737,True,11時間前,2026-06-20 01:26:54,大阪府
介護職／ヘルパー／グループホーム／定員18名／半日有給制度あり／駅チカ新着,株式会社シノケンウェルネス,大阪府,"時給1,220円～1,620円",アルバイト・パート,介護,求人ボックス,https://xn--pckua2a7gp15o89zb.com/jbn/361d0948b30ce4a3a0ccfc9073d5eefd,True,11時間前,2026-06-20 01:26:54,大阪府
医療事務／病院／年間休日125日／マイカー通勤OK／総務業務の経験が活...新着,公益財団法人唐澤記念会 大阪脳神経外科病院,大阪府,"月給18万7,000円",正社員,医療事務,求人ボックス,https://xn--pckua2a7gp15o89zb.com/jb/278592427da57b53f2dcd6cac4d94b49,True,15時間前,2026-06-20 01:26:30,大阪府
医療事務／病院／医療事務スタッフを募集／正社員求人／医療事務の経験を活...新着,医療法人清和会 ながはら病院,大阪府,"月給17万5,000円",正社員,医療事務,求人ボックス,https://xn--pckua2a7gp15o89zb.com/jb/e1551747f273301f411ab5f2026177e3,True,15時間前,2026-06-20 01:26:30,大阪府
医療事務募集新着,やまぐちクリニック,大阪府,"時給1,600円～",アルバイト・パート,医療事務,求人ボックス,https://xn--pckua2a7gp15o89zb.com/jb/3193ab5c5a9cec6e065272db41837c7b,True,3時間前,2026-06-20 01:26:30,大阪府
整形外科クリニックの医療事務新着,なかの整形外科クリニック,大阪府,"時給1,230円～",アルバイト・パート,医療事務,求人ボックス,https://xn--pckua2a7gp15o89zb.com/jb/1be7191960f10e8b4f4a676a9a1da686,True,5時間前,2026-06-20 01:26:33,大阪府
受付・医療事務新着,福井医院,大阪府,"時給1,250円～",アルバイト・パート,医療事務,求人ボックス,https://xn--pckua2a7gp15o89zb.com/jb/b0cacae15130d0687cd19e690eceecae,True,4時間前,2026-06-20 01:26:33,大阪府
薬局の受付・医療事務／未経験者歓迎・入力・会計補助新着,株式会社裕堂,大阪府,年収340万円～400万円,正社員,医療事務,求人ボックス,https://xn--pckua2a7gp15o89zb.com/jb/cfc64d2009fa4d0a2f6a9cff76ffcf22,True,14時間前,2026-06-20 01:26:37,大阪府
クリニックでの医療事務スタッフ新着,医療法人隆生会 やすだ泌尿器科クリニック,大阪府,"時給1,250円～1,350円",正社員,医療事務,求人ボックス,https://xn--pckua2a7gp15o89zb.com/jb/3f0895e113a2f87ec44fa8e91d99bd3c,True,15時間前,2026-06-20 01:26:37,大阪府
医療事務・社会保険完備の職場で医療事務／受付新着,とりい内科クリニック,大阪府,月給20万円～,正社員,医療事務,求人ボックス,https://xn--pckua2a7gp15o89zb.com/jb/0c914dda7698480c196218bdf7511ed2,True,3時間前,2026-06-20 01:26:37,大阪府
医療事務募集新着,きくち皮ふ科クリニック,大阪府,"時給1,200円～1,300円",アルバイト・パート,医療事務,求人ボックス,https://xn--pckua2a7gp15o89zb.com/jb/71ad1c430f33bb4488f22e9fed4a24ef,True,3時間前,2026-06-20 01:26:37,大阪府
医療事務・社会保険完備の職場で医療事務／受付新着,石村整形外科,大阪府,月給25万円～28万円,正社員,医療事務,求人ボックス,https://xn--pckua2a7gp15o89zb.com/jb/09414d63f4fea314823826b746d3dff4,True,3時間前,2026-06-20 01:26:37,大阪府
医療事務 受付・クラーク／医療法人 貴島会 ダイナミックスポーツ医学研...新着,医療法人貴島会 ダイナミックスポーツ医学研究所 ...,大阪府,"月給20万3,300円",正社員,医療事務,求人ボックス,https://xn--pckua2a7gp15o89zb.com/jb/a2f4509a0c493593f38c790e0b78359f,True,22時間前,2026-06-20 01:26:40,大阪府
土日祝休み 残業もほぼなし!有給取得率100%!医療事務を募集中新着,株式会社ひかり,大阪府,月給19万円～28万,契約社員,医療事務,求人ボックス,https://xn--pckua2a7gp15o89zb.com/jb/0c66ea5a3eb66528b781954df71a5932,True,8時間前,2026-06-20 01:26:40,大阪府
オフィスワーク・事務／医療事務×週4も時短も相談OK 残業ナシ新着,マンパワーグループ株式会社,大阪府,"時給1,500円",派遣社員,医療事務,求人ボックス,https://xn--pckua2a7gp15o89zb.com/jb/dd535b1bc87f4faf0d66ce1b305712b7,True,4時間前,2026-06-20 01:26:40,大阪府
医療事務募集新着,ほその耳鼻咽喉科,大阪府,"時給1,250円～",アルバイト・パート,医療事務,求人ボックス,https://xn--pckua2a7gp15o89zb.com/jb/7a3338646c3a21e539184370e07d3c23,True,4時間前,2026-06-20 01:26:40,大阪府
医療関係業務 ／ 一般事務・OA事務 ／経験活かせる 医療事務&受付新着,パーソルテンプスタッフ株式会社,大阪府,"時給1,500円",派遣社員,医療事務,求人ボックス,https://xn--pckua2a7gp15o89zb.com/jb/5d2364fe8c154e03742188f00cbb1c10,True,20時間前,2026-06-20 01:26:44,大阪府
クリニックで医療事務新着,ヒューマンリソシア株式会社,大阪府,"時給1,370円",派遣社員,医療事務,求人ボックス,https://xn--pckua2a7gp15o89zb.com/jb/3ab9f22531a0b7c1e7449ecf826e8911,True,4時間前,2026-06-20 01:26:44,大阪府
福祉施設の医療事務新着,株式会社介護の相談／ナーシングリハビリホーム神奏,大阪府,"時給1,200円",アルバイト・パート,医療事務,求人ボックス,https://xn--pckua2a7gp15o89zb.com/jb/e7c891b0868eb550aa48f8ce39c7f32c,True,6時間前,2026-06-20 01:26:44,大阪府
未経験OKの医療事務電話対応 大手前病院／女性率100% 病院内の電話...新着,株式会社日本ビジネスデータープロセシングセンター,大阪府,"月給20万5,000円",正社員,医療事務,求人ボックス,https://xn--pckua2a7gp15o89zb.com/jb/81aa3613a4c30523ffc8a4f310981257,True,4時間前,2026-06-20 01:26:46,大阪府
受付・医療事務 全員がパートの主婦さん 未経験OK新着,かりや内科クリニック,大阪府,"時給1,180円～1,200円",アルバイト・パート,医療事務,求人ボックス,https://xn--pckua2a7gp15o89zb.com/jb/1219bb199144bd853ca0a209bed71ebe,True,10時間前,2026-06-20 01:26:46,大阪府
医療事務／クリニック新着,ヤマダ医院,大阪府,"時給1,250円",アルバイト・パート,医療事務,求人ボックス,https://xn--pckua2a7gp15o89zb.com/jb/d376a746c5b083fabbdfec5743111cad,True,21時間前,2026-06-20 01:26:46,大阪府
医療事務・無資格可の医療事務／受付新着,医療法人高遼会 高遼会病院,大阪府,"月給32万1,000円",正社員,医療事務,求人ボックス,https://xn--pckua2a7gp15o89zb.com/jb/6a31c91d1582541503d4a727fe2751f8,True,3時間前,2026-06-20 01:26:50,大阪府
一般病院での医療事務 託児所利用可能!京阪電気鉄道京阪本線の最寄り駅か...新着,医療事務,大阪府,年収240万円～,,医療事務,求人ボックス,https://xn--pckua2a7gp15o89zb.com/jb/439714359a67454efb451b62e406e7ea,True,11時間前,2026-06-20 01:26:50,大阪府
訪問看護ステーションでの医療事務／20～40代活躍中 未経験OK!新着,株式会社日本教育クリエイト,大阪府,"時給1,200円～1,500円",アルバイト・パート,医療事務,求人ボックス,https://xn--pckua2a7gp15o89zb.com/jb/2f3e841507e125ccd6d452464ef5c376,True,8時間前,2026-06-20 01:26:54,大阪府
医療事務／クリニック新着,医療法人白楊会 小尾クリニック,大阪府,月給17万円～,正社員,医療事務,求人ボックス,https://xn--pckua2a7gp15o89zb.com/jb/f3b5993889e76b9eedc4829d3036ed5f,True,21時間前,2026-06-20 01:26:54,大阪府
医療事務 受付・クラーク新着,社会医療法人山弘会 上山病院,大阪府,"月給19万6,300円",正社員,医療事務,求人ボックス,https://xn--pckua2a7gp15o89zb.com/jb/9a4f0db30be4808a6c52f08274f66927,True,22時間前,2026-06-20 01:26:58,大阪府
医療事務／健診・検診新着,医療法人大阪桜十字 桜十字グランフロント大阪クリ...,大阪府,"月給20万5,000円",正社員,医療事務,求人ボックス,https://xn--pckua2a7gp15o89zb.com/jb/a76f1f20808cee4764abd0e3ac7f87b1,True,21時間前,2026-06-20 01:26:58,大阪府
最寄り駅から徒歩10分程度／医療事務／最大340万円程度提示可能新着,シフト制,大阪府,年収280万円～,,医療事務,求人ボックス,https://xn--pckua2a7gp15o89zb.com/jb/0fbc64e3b6e5cc14951f692168438662,True,11時間前,2026-06-20 01:26:58,大阪府
保育士新着,株式会社MEDICAL UP,大阪府,"時給1,500円",アルバイト・パート,保育,求人ボックス,https://xn--pckua2a7gp15o89zb.com/jb/e472f3ef1d530203ca4abffd56519292,True,19時間前,2026-06-20 01:26:43,大阪府
保育士新着,有限会社ドレミ,大阪府,"時給1,400円～1,500円",アルバイト・パート,保育,求人ボックス,https://xn--pckua2a7gp15o89zb.com/jb/35b083511c8bed9782867a340e067804,True,18時間前,2026-06-20 01:26:43,大阪府
保育士新着,社会福祉法人鶴野会,大阪府,"時給1,580円",派遣社員,保育,求人ボックス,https://xn--pckua2a7gp15o89zb.com/jb/848be474c744e9f8fa2c688a6fa6f479,True,19時間前,2026-06-20 01:26:46,大阪府
保育士新着,有限会社Keel,大阪府,月給21万円～30万円,正社員,保育,求人ボックス,https://xn--pckua2a7gp15o89zb.com/jb/eb246ab03b064aa0572bd3d06cd13216,True,19時間前,2026-06-20 01:26:46,大阪府
保育士新着,社会福祉法人くれない学園,大阪府,"時給1,580円",派遣社員,保育,求人ボックス,https://xn--pckua2a7gp15o89zb.com/jb/284db1bc0421fa64a9d660a2ece33b23,True,19時間前,2026-06-20 01:26:49,大阪府
保育士新着,保育士,大阪府,月給22万円,正社員,保育,求人ボックス,https://xn--pckua2a7gp15o89zb.com/jb/995f53d025f0c473ffaa6be51d153642,True,19時間前,2026-06-20 01:26:49,大阪府
保育士新着,合同会社YSR,大阪府,月給25万円～30万円,正社員,保育,求人ボックス,https://xn--pckua2a7gp15o89zb.com/jb/712b51020731856037bcb7328aba6b0d,True,19時間前,2026-06-20 01:26:53,大阪府
保育士新着,社会福祉法人徳和会,大阪府,"月給23万4,200円",正社員,保育,求人ボックス,https://xn--pckua2a7gp15o89zb.com/jb/86ea5f2332305c9ee841ddd000fae645,True,19時間前,2026-06-20 01:26:53,大阪府
保育士新着,社会福祉法人山善福祉会,大阪府,"時給1,600円",派遣社員,保育,求人ボックス,https://xn--pckua2a7gp15o89zb.com/jb/5dbd4df495e2c0b01f5be5f693c9c4be,True,19時間前,2026-06-20 01:26:53,大阪府
保育士新着,社会福祉法人玉井福祉会,大阪府,"時給1,600円",派遣社員,保育,求人ボックス,https://xn--pckua2a7gp15o89zb.com/jb/530cce3be626c0e244a52cb0c98e949c,True,19時間前,2026-06-20 01:26:56,大阪府
保育士新着,社会福祉法人聖徳園,大阪府,"時給1,530円",派遣社員,保育,求人ボックス,https://xn--pckua2a7gp15o89zb.com/jb/63b09c6de6be40b69df537b3310145e7,True,19時間前,2026-06-20 01:26:56,大阪府
保育士新着,合同会社奏,大阪府,"時給1,177円～1,600円",アルバイト・パート,保育,求人ボックス,https://xn--pckua2a7gp15o89zb.com/jb/637c639bfadd7b37901367810e57d22d,True,19時間前,2026-06-20 01:26:56,大阪府
保育士新着,株式会社WAGOU,大阪府,"時給1,400円～1,500円",アルバイト・パート,保育,求人ボックス,https://xn--pckua2a7gp15o89zb.com/jb/b50f5113907636ac81e3a5b2815f1814,True,19時間前,2026-06-20 01:26:59,大阪府
保育士新着,合同会社WithoutYou,大阪府,"時給1,500円～2,000円",アルバイト・パート,保育,求人ボックス,https://xn--pckua2a7gp15o89zb.com/jb/42f827029ddc13a0515a96a9f93bca01,True,19時間前,2026-06-20 01:26:59,大阪府
保育士新着,株式会社ウェルフェアライフ,大阪府,"時給1,240円～1,410円",アルバイト・パート,保育,求人ボックス,https://xn--pckua2a7gp15o89zb.com/jb/9061941146ee12bfba0006bec37c85df,True,19時間前,2026-06-20 01:27:03,大阪府
保育士新着,社会福祉法人大阪愛保会,大阪府,"時給1,500円",派遣社員,保育,求人ボックス,https://xn--pckua2a7gp15o89zb.com/jb/692df3903ecee6dbe9c87cd29c470e70,True,19時間前,2026-06-20 01:27:03,大阪府
保育士新着,社会福祉法人茄子作保育所,大阪府,"月給19万4,800円",正社員,保育,求人ボックス,https://xn--pckua2a7gp15o89zb.com/jb/36a7b46e1436b35697f78d2fade0b863,True,19時間前,2026-06-20 01:27:06,大阪府
保育士新着,社会福祉法人大阪キリスト教社会館,大阪府,"月給22万2,000円",正社員,保育,求人ボックス,https://xn--pckua2a7gp15o89zb.com/jb/02af994a9c72b565e68001bf403a7b24,True,19時間前,2026-06-20 01:27:09,大阪府
保育士新着,株式会社テノ.サポート,大阪府,"月給22万5,000円",正社員,保育,求人ボックス,https://xn--pckua2a7gp15o89zb.com/jb/b71b5d0252ff870fc7e4ae5f43d5a5cc,True,19時間前,2026-06-20 01:27:09,大阪府
業界大手の美容師／業界大手の好待遇／ブランク歓迎新着,QBハウスベルファ都島,大阪府,月給28万円～45万,正社員,美容,求人ボックス,https://xn--pckua2a7gp15o89zb.com/jbn/dfc87bd8e5b6606562bfc55568fbdc44,True,23時間前,2026-06-20 01:26:56,大阪府
「歩合制なしで安定した収入が得られる美容師」／1分単位で残業代も支給新着,QBハウスダイエー光明池,大阪府,月給28万円～45万,正社員,美容,求人ボックス,https://xn--pckua2a7gp15o89zb.com/jbn/7829da319891b8d5bb30a0e13a83af07,True,23時間前,2026-06-20 01:26:56,大阪府
「手荒れ・水仕事なしのカット専門美容師／スタイリスト」／大手で叶う安定...新着,QBハウスイオンSENRITO,大阪府,月給28万円～45万,正社員,美容,求人ボックス,https://xn--pckua2a7gp15o89zb.com/jbn/c759e7c59130239b518c664848c4094c,True,22時間前,2026-06-20 01:26:58,大阪府
美容師／ブランク歓迎／上場企業新着,QBハウスららぽーとEXPOCITY,大阪府,月給28万円～45万,正社員,美容,求人ボックス,https://xn--pckua2a7gp15o89zb.com/jbn/6d707dae0dfdd09e8d9a0833da473194,True,23時間前,2026-06-20 01:26:58,大阪府
美容師／しっかり休める／賞与・昇給あり新着,QBハウスイオンモール四條畷,大阪府,月給28万円～45万,正社員,美容,求人ボックス,https://xn--pckua2a7gp15o89zb.com/jbn/cdfa0a6fffa610f4ecc463f22016088d,True,23時間前,2026-06-20 01:27:01,大阪府
残業なしの美容師／賞与・昇給あり／業界大手の好待遇新着,QBハウス近鉄布施駅,大阪府,月給28万円～45万,正社員,美容,求人ボックス,https://xn--pckua2a7gp15o89zb.com/jbn/5dd72cd5bf0737f970e93830aa15eb6c,True,23時間前,2026-06-20 01:27:01,大阪府
「手荒れ・水仕事なしのカット専門美容師／スタイリスト」／シフト制新着,QBハウス堂島アバンザ,大阪府,月給28万円～45万,正社員,美容,求人ボックス,https://xn--pckua2a7gp15o89zb.com/jbn/70b6c15e84fe76e7e610203b087382e0,True,22時間前,2026-06-20 01:27:03,大阪府
カット専門の美容師／ブランク歓迎／上場企業新着,QBハウスコーナン東大阪菱江,大阪府,月給28万円～45万,正社員,美容,求人ボックス,https://xn--pckua2a7gp15o89zb.com/jbn/bc5a7144e7777d50e9d39bc3c4a5200f,True,23時間前,2026-06-20 01:27:06,大阪府
ブランク歓迎の美容師／賞与・昇給あり／業界大手の好待遇新着,QBハウス阪急十三駅,大阪府,月給28万円～45万,正社員,美容,求人ボックス,https://xn--pckua2a7gp15o89zb.com/jbn/6a086a2d42560f155658d8a869855226,True,23時間前,2026-06-20 01:27:08,大阪府
残業なしの美容師／カット専門／上場企業新着,QBハウスイオンモール鶴見緑地,大阪府,月給28万円～45万,正社員,美容,求人ボックス,https://xn--pckua2a7gp15o89zb.com/jbn/d5c72c60c9fecaa835034d4997c3eade,True,23時間前,2026-06-20 01:27:08,大阪府
「ブランクありでも復職できる美容師はここ!」／有休取得率80%以上新着,QBハウスイオン喜連瓜破ショッピングセンター,大阪府,月給28万円～45万,正社員,美容,求人ボックス,https://xn--pckua2a7gp15o89zb.com/jbn/520296ede32a9271fb4009d7f9947329,True,22時間前,2026-06-20 01:27:08,大阪府
美容師／ブランク歓迎／カット専門新着,QBハウスイオンモール堺鉄砲町,大阪府,月給28万円～45万,正社員,美容,求人ボックス,https://xn--pckua2a7gp15o89zb.com/jbn/535494d3d7baf3a047c752ea5f87be01,True,23時間前,2026-06-20 01:27:08,大阪府
「ヘアカットに特化して活躍できる美容師」／長期休暇可能／カラーなし新着,QBハウスセブンパーク天美,大阪府,月給28万円～45万,正社員,美容,求人ボックス,https://xn--pckua2a7gp15o89zb.com/jbn/ff5e9e63f2727ca161f53e1ed7b7c705,True,23時間前,2026-06-20 01:27:11,大阪府
「手荒れ・水仕事なしのカット専門美容師／スタイリスト」／1分単位で残業...新着,QBハウスイオンタウン豊中庄内,大阪府,月給28万円～45万,正社員,美容,求人ボックス,https://xn--pckua2a7gp15o89zb.com/jbn/c7b844906571290431fb35fc2579827f,True,22時間前,2026-06-20 01:27:13,大阪府
「東証プライム上場企業で安定収入の美容師」／役職手当あり／皆勤手当新着,QBハウスイオンモール大阪ドームシティ,大阪府,月給28万円～45万,正社員,美容,求人ボックス,https://xn--pckua2a7gp15o89zb.com/jbn/9c5fe126bd4e8525d243166e2959ce0f,True,23時間前,2026-06-20 01:27:13,大阪府
「ヘアカットに特化して活躍できる美容師」／定年制度なし／営業時間外の業...新着,QBハウスららぽーと門真,大阪府,月給28万円～45万,正社員,美容,求人ボックス,https://xn--pckua2a7gp15o89zb.com/jbn/9de34bf27038e1b9dc04dd9e319028be,True,23時間前,2026-06-20 01:27:13,大阪府
「ヘアカットに特化して活躍できる美容師」／ブランクOK／大手で叶う安定...新着,QBハウス万代中小阪,大阪府,月給28万円～45万,正社員,美容,求人ボックス,https://xn--pckua2a7gp15o89zb.com/jbn/8926e389c62af7602274510f320d5cf2,True,22時間前,2026-06-20 01:27:16,大阪府
残業なしの美容師／業界大手の好待遇／上場企業新着,QBハウス南海堺東駅前,大阪府,月給28万円～45万,正社員,美容,求人ボックス,https://xn--pckua2a7gp15o89zb.com/jbn/83507ca42a64fe517c995be5e49bb0ac,True,23時間前,2026-06-20 01:27:20,大阪府
「集客業務なし、お客様対応に集中できる環境／美容師」／元訪問美容スタッ...新着,QBハウス枚方T-SITE ANNEX,大阪府,月給28万円～45万,正社員,美容,求人ボックス,https://xn--pckua2a7gp15o89zb.com/jbn/ecdb71ac3161529cb8461caf29acb0e8,True,22時間前,2026-06-20 01:27:20,大阪府
「手荒れ・水仕事なしのカット専門美容師／スタイリスト」／研修あり新着,QBハウス南海堺駅,大阪府,月給28万円～45万,正社員,美容,求人ボックス,https://xn--pckua2a7gp15o89zb.com/jbn/fc62ba57c9da176d51fdc44d64358f98,True,22時間前,2026-06-20 01:27:20,大阪府
週3勤務／ハイヤードライバー／月給40万円以上／賞与年2回／VIP・モデル・タレント・芸能人・有名人新着,フォークリフト/,大阪府,月給40万円,正社員,建設,求人ボックス,https://xn--pckua2a7gp15o89zb.com/jbn/9f0e62dbaf765893a5eeafd56d8c1b27,True,2時間前,2026-06-20 01:27:01,大阪府
週4日休み／送迎ドライバー／月給40万円以上／賞与年2回／VIP・モデル・タレント・芸能人・有名人新着,フォークリフト/,大阪府,月給40万円,正社員,建設,求人ボックス,https://xn--pckua2a7gp15o89zb.com/jbn/d73bde6fac2c7f42b606f3b931e0969e,True,2時間前,2026-06-20 01:27:01,大阪府
週4日休み／役員運転手／月給40万円以上／賞与年2回／VIP・モデル・タレント・芸能人・有名人新着,フォークリフト/,大阪府,月給40万円,正社員,建設,求人ボックス,https://xn--pckua2a7gp15o89zb.com/jbn/ca8bfbabb01192c686f996eda6360dd7,True,2時間前,2026-06-20 01:27:01,大阪府
週3勤務／送迎ドライバー／月給40万円以上／賞与年2回／VIP・モデル・タレント・芸能人・有名人新着,フォークリフト/,大阪府,月給40万円,正社員,建設,求人ボックス,https://xn--pckua2a7gp15o89zb.com/jbn/69628e0fa4464e46fecf9bca359a554f,True,2時間前,2026-06-20 01:27:01,大阪府
週4日休み／ハイヤードライバー／月給40万円以上／賞与年2回／VIP・モデル・タレント・芸能人新着,フォークリフト/,大阪府,月給40万円,正社員,建設,求人ボックス,https://xn--pckua2a7gp15o89zb.com/jbn/e0c05a936d5401fef97eb7dabfd9be86,True,2時間前,2026-06-20 01:27:01,大阪府
普通免許のみOK／ハイヤードライバー／月給40万円以上／賞与年2回／VIP・モデル・タレント・芸能人新着,フォークリフト/,大阪府,月給40万円,正社員,建設,求人ボックス,https://xn--pckua2a7gp15o89zb.com/jbn/5f2d5a0e2bd04a4b5c5bef000fdb0b09,True,2時間前,2026-06-20 01:27:01,大阪府
普通免許のみOK／送迎ドライバー／月給40万円以上／賞与年2回／VIP・モデル・タレント・芸能人新着,建設,大阪府,月給40万円,正社員,建設,求人ボックス,https://xn--pckua2a7gp15o89zb.com/jbn/d2c1440335f18c909b59e034419df7b3,True,2時間前,2026-06-20 01:27:01,大阪府
週3勤務／役員運転手／月給40万円以上／賞与年2回／VIP・モデル・タレント・芸能人・有名人新着,フォークリフト/,大阪府,月給40万円,正社員,建設,求人ボックス,https://xn--pckua2a7gp15o89zb.com/jbn/fd0b8da26cd500ab6eabd782e88a97c8,True,2時間前,2026-06-20 01:27:02,大阪府
「予約制の送迎ドライバー」週3日勤務で月収40万円以上／未経験OK／20代～50代が活躍中新着,建設,大阪府,"月給40万5,000円",正社員,建設,求人ボックス,https://xn--pckua2a7gp15o89zb.com/jbn/047e5a219b9a2f001c92ea08e5530fd6,True,16時間前,2026-06-20 01:27:02,大阪府
空港送迎ドライバー「週3勤務」手取り40万以上／普通免許のみOK新着,株式会社アシスト,大阪府,月給42万円～60万,正社員,建設,求人ボックス,https://xn--pckua2a7gp15o89zb.com/jbn/51f9e1fe9560be36767d8598ea0ceb23,True,18時間前,2026-06-20 01:27:02,大阪府
普通免許のみOK／役員運転手／月給40万円以上／賞与年2回／VIP・モデル・タレント・芸能人・有名人新着,フォークリフト/,大阪府,月給40万円,正社員,建設,求人ボックス,https://xn--pckua2a7gp15o89zb.com/jbn/db58d5e0272e82df9badf6a508ab5dfc,True,2時間前,2026-06-20 01:27:02,大阪府
夜勤のみ／送迎ドライバー／月給40万円以上／賞与年2回／VIP・モデル・タレント・芸能人・有名人新着,建設,大阪府,月給40万円,正社員,建設,求人ボックス,https://xn--pckua2a7gp15o89zb.com/jbn/92bf9f345fdae4540a208ea909219d48,True,2時間前,2026-06-20 01:27:02,大阪府
夜勤のみ／役員運転手／月給40万円以上／賞与年2回／VIP・モデル・タレント・芸能人・有名人新着,建設,大阪府,月給40万円,正社員,建設,求人ボックス,https://xn--pckua2a7gp15o89zb.com/jbn/a02161d80b086ba3c0db330602f4c5b1,True,2時間前,2026-06-20 01:27:02,大阪府
夜勤のみ／ハイヤードライバー／月給40万円以上／賞与年2回／VIP・モデル・タレント・芸能人・有名人新着,建設,大阪府,月給40万円,正社員,建設,求人ボックス,https://xn--pckua2a7gp15o89zb.com/jbn/f38a46370f0f9032528f82deb548caef,True,2時間前,2026-06-20 01:27:02,大阪府
普免のみOK／役員運転手／月給40万円以上／賞与年2回／VIP・モデル・タレント・芸能人・有名人新着,建設,大阪府,月給40万円,正社員,建設,求人ボックス,https://xn--pckua2a7gp15o89zb.com/jbn/835b1f244bb08ee51a6a21d64296b957,True,2時間前,2026-06-20 01:27:02,大阪府
日勤のみ／送迎ドライバー／月給40万円以上／賞与年2回／VIP・モデル・タレント・芸能人・有名人新着,フォークリフト/,大阪府,月給40万円,正社員,建設,求人ボックス,https://xn--pckua2a7gp15o89zb.com/jbn/41b73fb37dd634c3a4d8ac6de9313bef,True,2時間前,2026-06-20 01:27:04,大阪府
普免のみOK／送迎ドライバー／月給40万円以上／賞与年2回／VIP・モデル・タレント・芸能人・有名人新着,フォークリフト/,大阪府,月給40万円,正社員,建設,求人ボックス,https://xn--pckua2a7gp15o89zb.com/jbn/1763276aab07f0a91b9a813c17ad89c6,True,2時間前,2026-06-20 01:27:04,大阪府
日勤のみ／ハイヤードライバー／月給40万円以上／賞与年2回／VIP・モデル・タレント・芸能人・有名人新着,フォークリフト/,大阪府,月給40万円,正社員,建設,求人ボックス,https://xn--pckua2a7gp15o89zb.com/jbn/3898b1dc167312d935cf9559d1229190,True,2時間前,2026-06-20 01:27:04,大阪府
日勤のみ／役員運転手／月給40万円以上／賞与年2回／VIP・モデル・タレント・芸能人・有名人新着,建設,大阪府,月給40万円,正社員,建設,求人ボックス,https://xn--pckua2a7gp15o89zb.com/jbn/0b09129a7aa56086c93deed918dd0f13,True,2時間前,2026-06-20 01:27:04,大阪府
普免のみOK／ハイヤードライバー／月給40万円以上／賞与年2回／VIP・モデル・タレント・芸能人新着,フォークリフト/,大阪府,月給40万円,正社員,建設,求人ボックス,https://xn--pckua2a7gp15o89zb.com/jbn/db8bf7c48baa952a0079061f70fd9771,True,2時間前,2026-06-20 01:27:04,大阪府
「週3日勤務」役員運転手「1年目年収600万円以上可／賞与年2回あり」二種免許不要新着,フォークリフト/,大阪府,"月給41万9,000円",正社員,建設,求人ボックス,https://xn--pckua2a7gp15o89zb.com/jbn/f294f4a1bc045a8c89ad61e7f34df278,True,19時間前,2026-06-20 01:27:04,大阪府
事務職／20代～30代活躍中／福利厚生充実／転勤なし／マニュアル完備／安定収入新着,株式会社ホワイトキャリア,大阪府,"月給21万9,000円",正社員,建設,求人ボックス,https://xn--pckua2a7gp15o89zb.com/jbn/056cbaa6a3c9ead927509264d36101cb,True,23時間前,2026-06-20 01:27:07,大阪府
西日本担当の土木施工管理現場代理人／20代活躍中／未経験・第二新卒／土日祝休み／賞与あり新着,建設,大阪府,月給25万円～50万円,契約社員,建設,求人ボックス,https://xn--pckua2a7gp15o89zb.com/jbn/b78f33fe29f13c9abd8c66c26779a4c6,True,3時間前,2026-06-20 01:27:07,大阪府
現場作業員新着,株式会社ダイサン,大阪府,月給27万円～50万円,正社員,建設,求人ボックス,https://xn--pckua2a7gp15o89zb.com/jb/e4b33bbfc78e95f6a9bf781d7ad6b797,True,15時間前,2026-06-20 01:27:07,大阪府
機械据付・工事／日立製エレベーター新着,株式会社ニシオクエレベータサービス,大阪府,月給23万円～40万円,正社員,建設,求人ボックス,https://xn--pckua2a7gp15o89zb.com/jb/8e5cf11c1e8dbeb353671f12d166ba05,True,14時間前,2026-06-20 01:27:07,大阪府
鉄道・道路・河川の土木施工管理／20代活躍中／未経験・第二新卒／土日祝休み／賞与あり新着,資格取得支援制度(全従業員利用可) 社会保険(健康保険、厚生年金保険、雇用保険、労災保険)...<営業登録>,大阪府,"月給24万7,000円",正社員,建設,求人ボックス,https://xn--pckua2a7gp15o89zb.com/jbn/4f44fe1bf8320f36c41edd896dac4aee,True,2時間前,2026-06-20 01:27:07,大阪府
1tバンハイエース配送ドライバー／未経験歓迎の正社員新着,ヒップスタイル株式会社泉大津営業所,大阪府,月給27万329円,正社員,建設,求人ボックス,https://xn--pckua2a7gp15o89zb.com/jb/31031fa0aa872ef710261974af6cff00,True,14時間前,2026-06-20 01:27:07,大阪府
交通誘導警備 未経験OK／仕事量安定／全額日払いOK!日給9500円～15000円新着,株式会社宍戸組,大阪府,日給9500円～15000円,アルバイト・パート,建設,求人ボックス,https://xn--pckua2a7gp15o89zb.com/jb/3ecc50ea9b555b9ad8c7817460274085,True,14時間前,2026-06-20 01:27:07,大阪府
"時給1,500円 以上!フォークリフトのお仕事!給与前渡しOK!簡単スタート!週5日新着",株式会社ミライル,大阪府,"時給1,500円",派遣社員,建設,求人ボックス,https://xn--pckua2a7gp15o89zb.com/jb/72f889f95969bb11d29d8aa074d0d2f0,True,20時間前,2026-06-20 01:27:10,大阪府
倉庫内ピッキング・梱包・フォークリフト作業員新着,戦力エージェント株式会社,大阪府,"時給1,400円",派遣社員,建設,求人ボックス,https://xn--pckua2a7gp15o89zb.com/jb/0b1483e9342d335d81a223c0d319bf37,True,6時間前,2026-06-20 01:27:10,大阪府
躯体工事関連、建築・建設・土木作業新着,泰華建設工業株式会社,大阪府,"日給1万2,000円",正社員,建設,求人ボックス,https://xn--pckua2a7gp15o89zb.com/jb/1e2edd75abca43af14be8934ee711325,True,2時間前,2026-06-20 01:27:10,大阪府
石材商社の 経理 経験者歓迎 年休123日 完全週休2日 土日祝新着,日本石材センター株式会社,大阪府,"月給29万4,000円",正社員,建設,求人ボックス,https://xn--pckua2a7gp15o89zb.com/jb/294117140246f82461b8345ce5db6b6b,True,7時間前,2026-06-20 01:27:10,大阪府
高収入 月収30万円可 重機や農機具の製造など新着,UTエージェント株式会社 関西第一CU,大阪府,"時給1,700円",派遣社員,建設,求人ボックス,https://xn--pckua2a7gp15o89zb.com/jb/85cad1dce5adacb4bdc2b1b5ff52bfda,True,10時間前,2026-06-20 01:27:10,大阪府
「普通免許のみOK」役員ドライバー／資格不問・月収50万以上可・賞与年2回新着,...以下のような経験をお持ちの方は特に歓迎します。・軽貨物ドライバー・ルート配送スタッフ・宅配ドライバー・タクシー運転手・大型トラックドライバー・フォークリフトオペレーター・,大阪府,"月給40万4,500円",正社員,建設,求人ボックス,https://xn--pckua2a7gp15o89zb.com/jbn/a27be3c07ef7b966f6d9aba65921ec19,True,19時間前,2026-06-20 01:27:14,大阪府
「正社員」週3勤務の送迎ドライバー／未経験者活躍中／年収500万円以上可能／土日祝休み取得可新着,建設・,大阪府,"月給40万6,500円",正社員,建設,求人ボックス,https://xn--pckua2a7gp15o89zb.com/jbn/4923b3d2ce3fdab7b4b0266b563b4249,True,19時間前,2026-06-20 01:27:14,大阪府
役員送迎ドライバー／未経験歓迎／会食・空港送迎中心／年収600万円以上可新着,建設・,大阪府,"月給45万7,000円",正社員,建設,求人ボックス,https://xn--pckua2a7gp15o89zb.com/jbn/1468f253f4bf654c71b3ccc240d47ea9,True,19時間前,2026-06-20 01:27:14,大阪府
「1年目から高収入可能」役員運転手／週3勤務／福利厚生充実新着,作業,大阪府,"月給40万4,500円",正社員,建設,求人ボックス,https://xn--pckua2a7gp15o89zb.com/jbn/5bd0c4535871320e8d126fc0d1c4b011,True,19時間前,2026-06-20 01:27:14,大阪府
「週3日勤務で年収600万円も可能」役員送迎ドライバー／普通免許のみOK／未経験歓迎／賞与年2回新着,建設・,大阪府,"月給40万6,000円",正社員,建設,求人ボックス,https://xn--pckua2a7gp15o89zb.com/jbn/ec7bdb782f3df8597bf3e552395f7b71,True,19時間前,2026-06-20 01:27:14,大阪府
中山製鋼所グループ! 総合職 配車業務／物流管理／倉庫管理新着,三星海運株式会社,大阪府,"月給24万1,000円",正社員,建設,求人ボックス,https://xn--pckua2a7gp15o89zb.com/jb/c38e7343be2f2de1b5515736cb832d4c,True,17時間前,2026-06-20 01:27:17,大阪府
施工管理補助／未経験者歓迎／2年目平均月収30万以上／高定着率／長く幅広く活躍したい方へ新着,非​​公​​開,大阪府,年収350万円～450万円,契約社員,建設,求人ボックス,https://xn--pckua2a7gp15o89zb.com/jb/722805fa03981dc13e4bbaf842378257,True,16時間前,2026-06-20 01:27:17,大阪府
トレカの検品・梱包／未経験OK／寮完備／シンプル作業／履歴書不要新着,株式会社Neo Boost 人事採用部,大阪府,"時給1,480円～1,850円",アルバイト・パート,建設,求人ボックス,https://xn--pckua2a7gp15o89zb.com/jb/55b1d40c99bdbd0e23caa2243b6c6f47,True,22時間前,2026-06-20 01:27:17,大阪府
お掃除シートの検品／未経験歓迎／シンプル作業／寮完備／住み込み新着,株式会社Neo Boost人事採用1課,大阪府,月給28万円～32万円,正社員,建設,求人ボックス,https://xn--pckua2a7gp15o89zb.com/jb/01a147cb38e78d1d3f1cc420d9b59317,True,22時間前,2026-06-20 01:27:17,大阪府
カードゲーム商品の製造／寮完備／未経験OK／単純作業／履歴書不要新着,株式会社KIエージェント人事窓口2課,大阪府,"時給1,500円～1,875円",アルバイト・パート,建設,求人ボックス,https://xn--pckua2a7gp15o89zb.com/jb/45989c5eb0da42a6a85d081b1b8a0968,True,5時間前,2026-06-20 01:27:17,大阪府
カップキャンドルの梱包／寮完備／未経験OK／履歴書不要／シンプル作業新着,株式会社KIエージェント 採用受付,大阪府,"時給1,480円～1,850円",アルバイト・パート,建設,求人ボックス,https://xn--pckua2a7gp15o89zb.com/jb/fcfc98ad6501eee7af2c6ee4cf00d76f,True,5時間前,2026-06-20 01:27:17,大阪府
キッチンタイマーの検品／寮完備／未経験OK／軽作業／履歴書不要新着,株式会社KIエージェント 人事窓口3課,大阪府,"時給1,480円～1,850円",アルバイト・パート,建設,求人ボックス,https://xn--pckua2a7gp15o89zb.com/jb/15d953fa5a3087c84dc8099bc16ae990,True,5時間前,2026-06-20 01:27:17,大阪府
宅配ボックスの組立／未経験OK／寮費無料／シンプル作業／履歴書不要／工場新着,株式会社KIエージェント第一営業部,大阪府,"時給1,550円～1,938円",アルバイト・パート,建設,求人ボックス,https://xn--pckua2a7gp15o89zb.com/jb/58c8b8620eeae9694fae1e00bd51b697,True,5時間前,2026-06-20 01:27:20,大阪府
40代～60代が活躍中の現場作業スタッフ／週1日～長期歓迎!即日全額日払い シニア活躍中新着,勢興建設,大阪府,日給1万円～1万,アルバイト・パート,建設,求人ボックス,https://xn--pckua2a7gp15o89zb.com/jb/2d15531b70db34352f564180af22acb4,True,10時間前,2026-06-20 01:27:20,大阪府
施工管理・工事監理者 建築新着,堀井建設株式会社,大阪府,年収500万円～700万円,正社員,建設,求人ボックス,https://xn--pckua2a7gp15o89zb.com/jb/74ffbf7f43dfc1a781994157995bad9b,True,7時間前,2026-06-20 01:27:20,大阪府
店舗害虫駆除のサービスエンジニア／履歴書の行数は覚悟の厚み。100年企業は「未来」を信じます新着,株式会社三共消毒,大阪府,"月給25万7,000円",正社員,建設,求人ボックス,https://xn--pckua2a7gp15o89zb.com/jb/62e4413b2531c38c0720057ea2f255f3,True,10時間前,2026-06-20 01:27:20,大阪府
カップキャンドルの梱包／寮完備／未経験OK／履歴書不要／シンプル作業新着,株式会社KIエージェント 人事窓口3課,大阪府,"時給1,480円～1,850円",アルバイト・パート,建設,求人ボックス,https://xn--pckua2a7gp15o89zb.com/jb/18fd7aff46f5ca3b5ffecb786881ea53,True,5時間前,2026-06-20 01:27:20,大阪府
ボタンの仕分け・検品／寮完備／未経験OK／単純作業／履歴書不要新着,株式会社KIエージェント人事窓口2課,大阪府,"時給1,480円～1,850円",アルバイト・パート,建設,求人ボックス,https://xn--pckua2a7gp15o89zb.com/jb/f99e6326d039b1ba4d04e3decfeb43b6,True,5時間前,2026-06-20 01:27:20,大阪府
夜間専属ハイヤードライバー／月収50万円以上可能／賞与年2回／普通免許のみで応募可新着,...以下のような経験をお持ちの方は特に歓迎します。・軽貨物ドライバー・ルート配送スタッフ・宅配ドライバー・タクシー運転手・大型トラックドライバー・フォークリフトオペレーター・,大阪府,"月給45万7,000円",正社員,建設,求人ボックス,https://xn--pckua2a7gp15o89zb.com/jbn/e8f77b85108a9e6011f2d591bb2655ae,True,19時間前,2026-06-20 01:27:23,大阪府
役員運転手「週3勤務」資格取得支援あり／月収40万円以上／安定収入／転職回数不問新着,...以下のような経験をお持ちの方は特に歓迎します。・軽貨物ドライバー・ルート配送スタッフ・宅配ドライバー・タクシー運転手・大型トラックドライバー・フォークリフトオペレーター・,大阪府,"月給45万6,000円",正社員,建設,求人ボックス,https://xn--pckua2a7gp15o89zb.com/jbn/21cd94aa3381e3a4ff9522e757d64216,True,18時間前,2026-06-20 01:27:23,大阪府
役員送迎ドライバー／未経験歓迎／会食・空港送迎中心／年収600万円以上可新着,建設・,大阪府,"月給45万7,000円",正社員,建設,求人ボックス,https://xn--pckua2a7gp15o89zb.com/jbn/5a68c103daddafd588e4c53d8d24797e,True,19時間前,2026-06-20 01:27:23,大阪府
土木工事技能者／20代活躍中／未経験・第二新卒／賞与あり／摂津市昭和園新着,作業,大阪府,"月給23万5,000円",正社員,建設,求人ボックス,https://xn--pckua2a7gp15o89zb.com/jbn/5e70622da744595c301f6ec8ef165fb8,True,3時間前,2026-06-20 01:27:23,大阪府
空港送迎ドライバー「週3勤務」手取り40万以上／普通免許のみOK新着,株式会社アシスト,大阪府,月給42万円～60万,正社員,建設,求人ボックス,https://xn--pckua2a7gp15o89zb.com/jbn/42b241060c081feaf25a08238b54e23f,True,18時間前,2026-06-20 01:27:27,大阪府
「予約制の送迎ドライバー」週3日勤務で月収40万円以上／未経験OK／20代～50代が活躍中新着,建設,大阪府,"月給40万5,000円",正社員,建設,求人ボックス,https://xn--pckua2a7gp15o89zb.com/jbn/218fa0e470604d6024deca84fe4e9a10,True,16時間前,2026-06-20 01:27:27,大阪府
「予約対応送迎ドライバー」月収40万以上・未経験歓迎／週3勤務・20代~50代活躍中新着,フォークリフト/,大阪府,"月給41万7,000円",正社員,建設,求人ボックス,https://xn--pckua2a7gp15o89zb.com/jbn/9f43bc1bbfa9226af2660516939bf407,True,20時間前,2026-06-20 01:27:27,大阪府
「週3日勤務」役員運転手「1年目年収600万円以上可／賞与年2回あり」二種免許不要新着,フォークリフト/,大阪府,"月給41万9,000円",正社員,建設,求人ボックス,https://xn--pckua2a7gp15o89zb.com/jbn/8620aac4a00007e730125ebe37df972e,True,19時間前,2026-06-20 01:27:27,大阪府
役員・著名人の予約送迎ドライバー／普通免許OK・AT限定可／未経験から正社員へ／週3日勤務可新着,未経験OK,大阪府,"月給40万5,000円",正社員,建設,求人ボックス,https://xn--pckua2a7gp15o89zb.com/jbn/ffc8ef2474b0ee72f807438038571187,True,15時間前,2026-06-20 01:27:27,大阪府
週3勤務の予約送迎ドライバー／普通免許OK／未経験から正社員へ／履歴書不要／賞与年2回新着,未経験OK,大阪府,"月給40万5,000円",正社員,建設,求人ボックス,https://xn--pckua2a7gp15o89zb.com/jbn/8f8e27d39630d7ba8dde11325ec8acf9,True,16時間前,2026-06-20 01:27:27,大阪府
「転勤なし」／一般事務／データ管理／ワークライフバランス充実新着,事務,大阪府,月給20万円～50万円,正社員,事務,求人ボックス,https://xn--pckua2a7gp15o89zb.com/jbn/33810c1fc97a9ad824c6716f6c1e3967,True,22時間前,2026-06-20 01:27:12,大阪府
駅チカ勤務の一般事務スタッフ新着,株式会社折元,大阪府,"時給1,177円～1,200円",アルバイト・パート,事務,求人ボックス,https://xn--pckua2a7gp15o89zb.com/jb/3e49ccc9b6631d383ab91f699d4e5018,True,9時間前,2026-06-20 01:27:12,大阪府
一般事務「正社員で長期安定」産育休の復帰実績あり・土日祝休み新着,株式会社トラスト,大阪府,"月給21万9,000円",正社員,事務,求人ボックス,https://xn--pckua2a7gp15o89zb.com/jbn/f3c8f32f6cba8d73849457f18bd4a711,True,20時間前,2026-06-20 01:27:13,大阪府
未経験可の一般事務／実働7時間新着,株式会社折元,大阪府,月給19万円～20万円,正社員,事務,求人ボックス,https://xn--pckua2a7gp15o89zb.com/jb/8bae75768e98388a5dfb85b6f422c33e,True,9時間前,2026-06-20 01:27:13,大阪府
「昇給・賞与あり」／一般事務／20代・30代活躍中／産休・育休あり新着,事務,大阪府,"月給22万5,000円",正社員,事務,求人ボックス,https://xn--pckua2a7gp15o89zb.com/jbn/2e161132456dbfe734a11fc6f4fc1dc5,True,21時間前,2026-06-20 01:27:16,大阪府
「未経験歓迎」／一般事務／WEB面接可能／経験者優遇新着,事務,大阪府,月給20万円～50万円,正社員,事務,求人ボックス,https://xn--pckua2a7gp15o89zb.com/jbn/040c2a6ac4ed323efe02307d6d66a593,True,21時間前,2026-06-20 01:27:16,大阪府
オフィスワークデビュー応援／一般事務／月給26.6万〜・未経験歓迎新着,一般事務,大阪府,月給26,正社員,事務,求人ボックス,https://xn--pckua2a7gp15o89zb.com/jbn/cad21ff7abe9ca0b7b368690f368016e,True,20時間前,2026-06-20 01:27:21,大阪府
「髪色・髪型自由」／一般事務／第二新卒歓迎／ネイルOK新着,事務,大阪府,"月給22万5,000円",正社員,事務,求人ボックス,https://xn--pckua2a7gp15o89zb.com/jbn/556328bbdd6fa3126960eb1dea60c66a,True,20時間前,2026-06-20 01:27:21,大阪府
未経験から始める一般事務／月給26.6万〜・残業少なめ・転勤なし新着,一般事務,大阪府,月給26,正社員,事務,求人ボックス,https://xn--pckua2a7gp15o89zb.com/jbn/dd89fcd56f184827b31d76a5f34d483e,True,21時間前,2026-06-20 01:27:25,大阪府
一般事務スタッフ／未経験OK／長期キャリア形成／年間休日125日以上新着,JHRconsulting株式会社,大阪府,"月給29万5,700円",正社員,事務,求人ボックス,https://xn--pckua2a7gp15o89zb.com/jbn/ad7626b5f223dcc905f891c38e25d204,True,8時間前,2026-06-20 01:27:25,大阪府
オフィスワークデビュー応援／一般事務／月給26万〜・転勤なし新着,一般事務,大阪府,月給26万,正社員,事務,求人ボックス,https://xn--pckua2a7gp15o89zb.com/jbn/2a0506a1b7f61fceba5db6bc40412f3e,True,20時間前,2026-06-20 01:27:25,大阪府
一般事務・書類作成「未経験歓迎／スキルアップ支援充実／年間休日125日...新着,事務,大阪府,月給27万円～30万円,正社員,事務,求人ボックス,https://xn--pckua2a7gp15o89zb.com/jbn/a4dc0e38d0adf424f87ffb76c1f8cb0e,True,16時間前,2026-06-20 01:27:28,大阪府
一般事務スタッフ／未経験OK／長期キャリア形成／年間休日125日以上新着,株式会社ELシステム,大阪府,"月給29万8,100円",正社員,事務,求人ボックス,https://xn--pckua2a7gp15o89zb.com/jbn/653fd5fcfaf0306b0e52714e6d7183dc,True,8時間前,2026-06-20 01:27:28,大阪府
事務未経験OK／一般事務／月給26.7万〜・土日祝休み・研修あり新着,一般事務,大阪府,月給26,正社員,事務,求人ボックス,https://xn--pckua2a7gp15o89zb.com/jbn/8741090e3f6e44f8317de1382000bbc6,True,21時間前,2026-06-20 01:27:31,大阪府
コツコツ働ける一般事務／月給26万〜・服装・髪型自由・残業少なめ新着,一般事務,大阪府,月給26万,正社員,事務,求人ボックス,https://xn--pckua2a7gp15o89zb.com/jbn/75a1d1835bc8bf69856a01105b493bce,True,21時間前,2026-06-20 01:27:31,大阪府
「研修制度充実!」／一般事務／安定収入／残業ほぼ無し／20代活躍中新着,株式会社Leap,大阪府,"月給25万5,000円",正社員,事務,求人ボックス,https://xn--pckua2a7gp15o89zb.com/jbn/20e4924966cc93752782296085dd0000,True,18時間前,2026-06-20 01:27:31,大阪府
一般事務／受付事務経験者歓迎／事務スタッフ／正社員採用／ボーナスあり新着,一般事務,大阪府,月給28万円～34万円,正社員,事務,求人ボックス,https://xn--pckua2a7gp15o89zb.com/jbn/450652effdb4cbca93df4352eeb7c171,True,7時間前,2026-06-20 01:27:35,大阪府
一般事務・総務事務・一般事務／管理部門新着,社会福祉法人ゆうとおん,大阪府,"時給1,500円～1,800円",アルバイト・パート,事務,求人ボックス,https://xn--pckua2a7gp15o89zb.com/jb/b03e663ab960e8deec8af94ad9672b3b,True,3時間前,2026-06-20 01:27:35,大阪府
食品加工会社の一般事務新着,株式会社FOODS WIN,大阪府,"時給1,300円～",アルバイト・パート,事務,求人ボックス,https://xn--pckua2a7gp15o89zb.com/jb/9298e281b5bbce03375626c13faa333f,True,4時間前,2026-06-20 01:27:38,大阪府
経理事務新着,キワヨシ株式会社,大阪府,"時給1,390円～",派遣社員,経理,求人ボックス,https://xn--pckua2a7gp15o89zb.com/jb/35fef1086e2df94f49a220af80bae9ab,True,4時間前,2026-06-20 01:27:24,大阪府
経理事務スタッフ新着,株式会社三八,大阪府,"時給1,450円～1,800円",アルバイト・パート,経理,求人ボックス,https://xn--pckua2a7gp15o89zb.com/jb/8ca23f1beb96ab9da83857a359647cad,True,15時間前,2026-06-20 01:27:24,大阪府
経理事務「未経験入社率80%以上」土日祝休み・残業なし・ネイルOK新着,経理,大阪府,"月給21万8,000円",正社員,経理,求人ボックス,https://xn--pckua2a7gp15o89zb.com/jbn/ca081c4353b20c705e2e7226ac70ba5e,True,20時間前,2026-06-20 01:27:24,大阪府
ウェディング事業の経理事務サポート／20代活躍中／未経験・第二新卒新着,経理,大阪府,月給26万円～30万円,正社員,経理,求人ボックス,https://xn--pckua2a7gp15o89zb.com/jbn/b810e8199fe98a0c98bd75b5afcf6ad5,True,5時間前,2026-06-20 01:27:24,大阪府
簿記が活かせる経理事務／月給26.8万〜・土日祝休み・未経験歓迎新着,経理,大阪府,月給26,正社員,経理,求人ボックス,https://xn--pckua2a7gp15o89zb.com/jbn/8e48834df364677803ad17329b2def3e,True,21時間前,2026-06-20 01:27:24,大阪府
経理事務新着,株式会社共新,大阪府,月給23万円,正社員,経理,求人ボックス,https://xn--pckua2a7gp15o89zb.com/jb/787f1755175234d2bca43ddf884ee571,True,15時間前,2026-06-20 01:27:24,大阪府
スキルが身につく経理事務／月給26.7万〜・年間休日125日・転勤なし新着,経理,大阪府,月給26,正社員,経理,求人ボックス,https://xn--pckua2a7gp15o89zb.com/jbn/66a3f03c6f10a4bbdf40fc167a510e86,True,21時間前,2026-06-20 01:27:24,大阪府
「経費精算・勤怠データ入力!」／経理事務／月収27万～35万新着,Courage Path株式会社,大阪府,月給27万円～35万円,正社員,経理,求人ボックス,https://xn--pckua2a7gp15o89zb.com/jbn/84bf2a56ca3671a52c2db92507419470,True,5時間前,2026-06-20 01:27:28,大阪府
経理事務新着,株式会社溝口工務店,大阪府,月給20万円～22万円,正社員,経理,求人ボックス,https://xn--pckua2a7gp15o89zb.com/jb/711b61ccd7b021d5ff2cc54529a1d1bf,True,3時間前,2026-06-20 01:27:28,大阪府
経理事務／未経験歓迎「土日祝休み・電話対応少なめ・ネイルOK」新着,こんな経験をお持ちの方も歓迎,大阪府,"月給22万1,500円",正社員,経理,求人ボックス,https://xn--pckua2a7gp15o89zb.com/jbn/f8800342ece7f0d6d1681ce1cbacb209,True,21時間前,2026-06-20 01:27:28,大阪府
「大手企業の数字まわりを支える!」／経理事務／未経験95%／未経験歓迎新着,経理,大阪府,"月給26万5,900円",正社員,経理,求人ボックス,https://xn--pckua2a7gp15o89zb.com/jbn/118b78c085d123880fe3b2e2b5868fc9,True,5時間前,2026-06-20 01:27:31,大阪府
経理事務／本社新着,株式会社ザ・デイ・スパ・オペレーション,大阪府,月給30万円～35万円,正社員,経理,求人ボックス,https://xn--pckua2a7gp15o89zb.com/jb/06c134d34765c01163dbd18b8a50917a,True,3時間前,2026-06-20 01:27:36,大阪府
経理・財務 ／ 一般事務・OA事務 ／正社員目指せる!年収386万以上...新着,パーソルテンプスタッフ株式会社,大阪府,"時給1,650円",正社員,経理,求人ボックス,https://xn--pckua2a7gp15o89zb.com/jb/9f4c16e3873bd5b95127a24eac6fe36a,True,18時間前,2026-06-20 01:27:36,大阪府
一般事務・経理事務新着,トリプルエー株式会社,大阪府,月給20万円～30万円,正社員,経理,求人ボックス,https://xn--pckua2a7gp15o89zb.com/jb/03edd25e2a6fb61e5c9e9bb7134057e0,True,2時間前,2026-06-20 01:27:36,大阪府
通販会社の経理事務職新着,株式会社ルナスタイル,大阪府,月給25万円～45万円,正社員,経理,求人ボックス,https://xn--pckua2a7gp15o89zb.com/jb/9e71635d8c4e69c88585ef106902d8ba,True,3時間前,2026-06-20 01:27:36,大阪府
経理事務職員スタッフ新着,阪南設備工業株式会社,大阪府,月給30万円～35万円,正社員,経理,求人ボックス,https://xn--pckua2a7gp15o89zb.com/jb/cf0b6968b3d538d266ff6c0450b6fbc9,True,2時間前,2026-06-20 01:27:39,大阪府
キャリアチェンジ歓迎／経理サポート事務／オフィスワーク／土日祝休み相談...新着,経理,大阪府,"月給26万8,000円",正社員,経理,求人ボックス,https://xn--pckua2a7gp15o89zb.com/jbn/960fd98ddb66a26ae519df09115a02c9,True,6時間前,2026-06-20 01:27:39,大阪府
会計 経理事務新着,藤本龍税理士事務所,大阪府,月給30万円～40万円,正社員,経理,求人ボックス,https://xn--pckua2a7gp15o89zb.com/jb/039ca69c4d66ddcbeb604700bd36e57d,True,3時間前,2026-06-20 01:27:43,大阪府
自分らしく働ける環境／経理サポート事務／オフィスワーク／研修充実新着,経理,大阪府,"月給27万5,000円",正社員,経理,求人ボックス,https://xn--pckua2a7gp15o89zb.com/jbn/54ec6e2da05dd052fce75fb70ac65fd3,True,6時間前,2026-06-20 01:27:43,大阪府
経理事務／半導体商社 正社員前提!基本17時半終業!売掛金管理など新着,株式会社スタッフサービス,大阪府,"時給1,450円～1,500円",正社員,経理,求人ボックス,https://xn--pckua2a7gp15o89zb.com/jb/5db18c592041be61d408eb818bdbd1a9,True,14時間前,2026-06-20 01:27:46,大阪府
「数字チェックから始める事務」／経理事務／定時退社多め／オフィスワーク新着,事務,大阪府,"月給25万2,200円",正社員,経理,求人ボックス,https://xn--pckua2a7gp15o89zb.com/jbn/2f32b6070cdf2275a1f783993e6dc20f,True,5時間前,2026-06-20 01:27:46,大阪府
「数字チェックから始める事務」／経理事務／大手企業勤務／20代活躍中新着,事務,大阪府,月給27万円～30万,正社員,経理,求人ボックス,https://xn--pckua2a7gp15o89zb.com/jbn/75a8281999a36bbe801930baf14d566f,True,5時間前,2026-06-20 01:27:46,大阪府
「数字チェックから始める事務」／経理事務／年間休日125日以上新着,事務,大阪府,"月給26万6,600円",正社員,経理,求人ボックス,https://xn--pckua2a7gp15o89zb.com/jbn/85899ea0fa81be518cbefb83db04849c,True,5時間前,2026-06-20 01:27:46,大阪府
「数字チェックから始める事務」／経理事務／有給取得率90%以上新着,事務,大阪府,"月給26万9,600円",正社員,経理,求人ボックス,https://xn--pckua2a7gp15o89zb.com/jbn/511f8380479fc47d0837fe7b14285fe9,True,5時間前,2026-06-20 01:27:49,大阪府
事務職員／経理業務新着,社会福祉法人恩賜財団 大阪府済生会 吹田特別養護...,大阪府済生会,"月給21万8,000円",正社員,経理,求人ボックス,https://xn--pckua2a7gp15o89zb.com/jb/7527bdc2cb3078627f2beecc34e74f6e,True,3時間前,2026-06-20 01:27:49,大阪府
経理事務スタッフ 未経験歓迎 完全週休2日制 土日祝休み新着,株式会社生原建築事務所,大阪府,月給28万円～35万円,正社員,経理,求人ボックス,https://xn--pckua2a7gp15o89zb.com/jb/a4f0776f988c33b9fb213b080a047c92,True,15時間前,2026-06-20 01:27:49,大阪府
運送会社の経理事務／管理職候補新着,泉海商運株式会社,大阪府,月給29万円,正社員,経理,求人ボックス,https://xn--pckua2a7gp15o89zb.com/jb/7267eea970f5796be06e58b4755308b1,True,2時間前,2026-06-20 01:27:52,大阪府
工藤産業株式会社 大阪府大阪市中央区の経理事務・一般事務／工藤産業株式...新着,事務,大阪府大阪市中央区の経理事務・一般事務／工藤産業株式...,月給35万円～45万円,正社員,経理,求人ボックス,https://xn--pckua2a7gp15o89zb.com/jb/ad572205a1c94e813a7af7403b4bca04,True,23時間前,2026-06-20 01:27:52,大阪府
訪問看護ステーションでの居宅訪問看護業務／看護師／働きやすい環境新着,訪問看護ステーション ふれあいポート,大阪府,月給25万円～38万,正社員,看護,求人ボックス,https://xn--pckua2a7gp15o89zb.com/jbn/c5bc6afb52c883af31145d4f1c1db96f,True,18時間前,2026-06-20 01:27:29,大阪府
病院での看護業務／正・准看護師／高待遇新着,医療法人浩仁会 南堺病院,大阪府,"月給26万5,000円",正社員,看護,求人ボックス,https://xn--pckua2a7gp15o89zb.com/jbn/ab4e8ee96e75dfa6d3f77c4ada462a01,True,18時間前,2026-06-20 01:27:29,大阪府
耳鼻咽喉科での看護業務／正・准看護師／待遇充実／資格必須新着,さいか耳鼻咽喉科,大阪府,"時給1,800円～",アルバイト・パート,看護,求人ボックス,https://xn--pckua2a7gp15o89zb.com/jbn/c5dd5104a4d2333f808a16bb8548234d,True,18時間前,2026-06-20 01:27:30,大阪府
放課後施設の看護師・准看護師新着,株式会社明日葉 枚方市 総合型放課後事業 津田南...,大阪府,"時給1,650円",アルバイト・パート,看護,求人ボックス,https://xn--pckua2a7gp15o89zb.com/jb/c3f40aba2b8f15306a9fdc14f3bb0c95,True,1時間前,2026-06-20 01:27:33,大阪府
住宅型有料老人ホームでの看護業務／正看護師／働きやすい環境／資格必須新着,株式会社アンビス 医心館豊中,大阪府,月給37万円～40万,正社員,看護,求人ボックス,https://xn--pckua2a7gp15o89zb.com/jbn/bfddd244cc236dc98b82fe15c1d755cb,True,18時間前,2026-06-20 01:27:35,大阪府
一般病院の外来・手術室での看護業務／看護師／働きやすさ抜群／資格必須新着,医療法人淳康会 堺近森病院,大阪府,月給25万円～32万円,正社員,看護,求人ボックス,https://xn--pckua2a7gp15o89zb.com/jbn/a112415a81fdc38ba0e18fcfc3e8eb74,True,18時間前,2026-06-20 01:27:39,大阪府
デイサービスの看護師新着,株式会社元気な介護,大阪府,"時給1,860円～",アルバイト・パート,看護,求人ボックス,https://xn--pckua2a7gp15o89zb.com/jb/45d8d69af968f9333432b78eda83faec,True,21時間前,2026-06-20 01:27:42,大阪府
正看護師・老人ホーム施設内だけの訪問看護新着,一般社団法人ナーシングアソシエイト,大阪府,月給35万円～,正社員,看護,求人ボックス,https://xn--pckua2a7gp15o89zb.com/jb/55ba2b42fa6673ab476fe403e6beec1e,True,6時間前,2026-06-20 01:27:42,大阪府
有料老人ホームの看護師／月給330000円~／日勤のみ／駅チカ新着,看護師,大阪府,月給330000円,正社員,看護,求人ボックス,https://xn--pckua2a7gp15o89zb.com/jb/f1a340aea68e3200cd871f6b0f88bdd2,True,19時間前,2026-06-20 01:27:42,大阪府
老健での看護業務／看護師／高待遇／資格必須新着,社会福祉法人日光会 介護老人保健施設 二葉園,大阪府,月給28万円～35万円,正社員,看護,求人ボックス,https://xn--pckua2a7gp15o89zb.com/jbn/33f7f8a85022220ed4e2a1bfcaab4acc,True,18時間前,2026-06-20 01:27:46,大阪府
内科系クリニックでの外来看護業務／正看護師／働きやすい環境／資格必須新着,岩﨑正洋クリニック,大阪府,"時給1,500円～1,600円",アルバイト・パート,看護,求人ボックス,https://xn--pckua2a7gp15o89zb.com/jbn/d9af194cc290af0920ae97538761fc09,True,18時間前,2026-06-20 01:27:46,大阪府
訪問看護の看護師／月給316666円~／日勤のみ新着,看護,大阪府,月給316666円,正社員,看護,求人ボックス,https://xn--pckua2a7gp15o89zb.com/jb/dcf5c87184b4814964868453002bc26c,True,19時間前,2026-06-20 01:27:50,大阪府
訪問看護の看護師／月給310000円~／日勤のみ／駅チカ新着,訪問,大阪府,月給310000円,正社員,看護,求人ボックス,https://xn--pckua2a7gp15o89zb.com/jb/e680868c33f6f20459644c48db4b5c12,True,19時間前,2026-06-20 01:27:50,大阪府
美容クリニックの外来での看護業務／看護師／好待遇／資格必須新着,恵聖会クリニック,大阪府,月給32万円～,正社員,看護,求人ボックス,https://xn--pckua2a7gp15o89zb.com/jbn/e6bf5f464521153a20c5535d3dc77ea8,True,18時間前,2026-06-20 01:27:52,大阪府
日勤のみ／有料老人ホームでの看護業務／看護師／待遇充実／資格必須新着,株式会社関西サンガ ケアレジデンス千里山,大阪府,"月給27万5,000円",正社員,看護,求人ボックス,https://xn--pckua2a7gp15o89zb.com/jbn/deed205fb38767dff02b72f4c16070ef,True,18時間前,2026-06-20 01:27:55,大阪府
皮膚科クリニックでの看護業務／看護師／待遇充実／資格必須新着,医療法人仁恵会 モアクリニック,大阪府,月給27万円～,正社員,看護,求人ボックス,https://xn--pckua2a7gp15o89zb.com/jbn/ab7e6ad0ef1292cfa4e867018ba8fb83,True,18時間前,2026-06-20 01:27:55,大阪府
有料老人ホームの看護師／月給300000円~／日勤のみ／駅チカ新着,メインキャッチ有料老人ホームの,大阪府,月給300000円,正社員,看護,求人ボックス,https://xn--pckua2a7gp15o89zb.com/jb/41c83cf9174017d1c2f30b21c2c57d89,True,19時間前,2026-06-20 01:27:55,大阪府
病院での外来看護業務／正看護師／高待遇／資格必須新着,医療法人社団医聖会 八幡中央病院,大阪府,"月給29万2,000円",正社員,看護,求人ボックス,https://xn--pckua2a7gp15o89zb.com/jbn/6515fab4203a88cb3470319ab75749cd,True,17時間前,2026-06-20 01:27:55,大阪府
介護／柔道整復師／自立支援型デイサービス／定員19名／軽自動車の送迎運...新着,株式会社ポラリス,大阪府,"月給21万4,286円",正社員,治療家,求人ボックス,https://xn--pckua2a7gp15o89zb.com/jbn/3f39418237935b1b7bfb06d4a86424e0,True,11時間前,2026-06-20 01:27:41,大阪府
リハビリデイサービスの柔道整復師／経験者募集／リハビリや運動に関心のあ...新着,株式会社サンスポーツコンディショニング,大阪府,"月給22万4,000円",正社員,治療家,求人ボックス,https://xn--pckua2a7gp15o89zb.com/jb/795acfed01c2bbda50a7496edc6f71d8,True,13時間前,2026-06-20 01:27:41,大阪府
機能訓練指導員・社会保険完備の職場で柔道整復師新着,ヒューマンライフケア利倉,大阪府,"時給1,500円～",アルバイト・パート,治療家,求人ボックス,https://xn--pckua2a7gp15o89zb.com/jb/2606d44cbd444c9c9b2644da380d0f3f,True,3時間前,2026-06-20 01:27:41,大阪府
通所介護・デイサービス勤務の柔道整復師新着,デイサービス誠,大阪府,"時給1,600円～1,700円",アルバイト・パート,治療家,求人ボックス,https://xn--pckua2a7gp15o89zb.com/jb/b5fb6351bb793e6183f92055221171ff,True,4時間前,2026-06-20 01:27:41,大阪府
機能訓練士・柔道整復師新着,竹の子リハトレセンター,大阪府,"時給1,500円",アルバイト・パート,治療家,求人ボックス,https://xn--pckua2a7gp15o89zb.com/jb/29bd1e6f52a90db6ca2ae4efcd4ce124,True,3時間前,2026-06-20 01:27:42,大阪府
「賞与あり」柔道整復師／正職員／日勤のみ／訪問看護新着,訪問看護 ステーションはぴね江坂,大阪府,"月給25万5,000円",正社員,治療家,求人ボックス,https://xn--pckua2a7gp15o89zb.com/jb/7bb76b65b193abeb7ce5e1df490dc116,True,23時間前,2026-06-20 01:27:42,大阪府
「柔道整復師」正職員／日勤のみ／介護付き有料老人ホーム新着,グリーンライフ守口,大阪府,月給21万円～26万,正社員,治療家,求人ボックス,https://xn--pckua2a7gp15o89zb.com/jb/6e271339193969c3cee9c0f051a1dc7c,True,23時間前,2026-06-20 01:27:42,大阪府
週休2日・自費治療にも注力の鍼灸整骨院、柔道整復師新着,柔道整復師,大阪府,月給27万円～36万円,正社員,治療家,求人ボックス,https://xn--pckua2a7gp15o89zb.com/jb/26a3f127d0b67a8e65fd9c1c5090eb62,True,5時間前,2026-06-20 01:27:42,大阪府
柔道整復師／リハビリデイサービスの機能訓練スタッフ／パート勤務新着,株式会社大新社,大阪府,"時給1,300円",アルバイト・パート,治療家,求人ボックス,https://xn--pckua2a7gp15o89zb.com/jb/73af968510e32449228f5a57c698e15c,True,18時間前,2026-06-20 01:27:42,大阪府
介護／機能訓練指導員／サ高住／月給25万〜／車通勤OK／9時ー18時新着,株式会社あぷり,大阪府,月給25万,正社員,治療家,求人ボックス,https://xn--pckua2a7gp15o89zb.com/jbn/a4ee0626354de6789088de444b468149,True,11時間前,2026-06-20 01:27:45,大阪府
"機能訓練指導員／時給1,700円～／午前のみ／午後のみ可新着",株式会社あかつき,大阪府,"時給1,700円～",アルバイト・パート,治療家,求人ボックス,https://xn--pckua2a7gp15o89zb.com/jb/e3fdedc1494b67982f93ebbf5f6d92b7,True,14時間前,2026-06-20 01:27:45,大阪府
介護職／ヘルパー／デイサービス／初任者研修以上／日勤のみ／賞与年2回新着,株式会社フォレストブック,大阪府,月給25万円～28万円,正社員,治療家,求人ボックス,https://xn--pckua2a7gp15o89zb.com/jbn/3be732196e7ed02ffea78f82e9f44193,True,11時間前,2026-06-20 01:27:45,大阪府
機能訓練指導員／1日実働7時間!住宅手当など待遇充実 介護施設未経験OK新着,社会福祉法人枚方療育園,大阪府,月給24万円～,正社員,治療家,求人ボックス,https://xn--pckua2a7gp15o89zb.com/jb/07a8444e8c57072b754366cf220ad69d,True,10時間前,2026-06-20 01:27:45,大阪府
週3日～ × 日勤のみOK!可能 介護職新着,株式会社ジャストファイン,大阪府,"時給1,500円",派遣社員,治療家,求人ボックス,https://xn--pckua2a7gp15o89zb.com/jb/190367fce819e570943a4dc3e776033f,True,20時間前,2026-06-20 01:27:45,大阪府
「役員送迎ドライバー」週3日勤務／普通免許で未経験からスタート／月収50万円以上・ボーナス年2回新着,柔道整復師,大阪府,"月給40万6,500円",正社員,治療家,求人ボックス,https://xn--pckua2a7gp15o89zb.com/jbn/3be6130ccd4f067b7a08b60437926989,True,18時間前,2026-06-20 01:27:45,大阪府
「空港への送迎ドライバー」週3日勤務／普通免許で未経験OK／月収50万円以上・賞与2ヶ月分あり新着,柔道整復師,大阪府,"月給40万4,000円",正社員,治療家,求人ボックス,https://xn--pckua2a7gp15o89zb.com/jbn/65de68b56cc4de52892a7c2459e0b931,True,16時間前,2026-06-20 01:27:45,大阪府
リラクゼーションセラピスト&経験者特典10万円／高単価／高収入実現可能／資格不問／経験不問新着,株式会社メディロム・ウェルネス Re.Ra.Ku...,大阪府,"時給2,660円～4,543円",,治療家,求人ボックス,https://xn--pckua2a7gp15o89zb.com/jb/5084f788b65564a1c3000af46020d4f2,True,13時間前,2026-06-20 01:27:48,大阪府
リラクゼーションセラピストの店長候補／経験不問／マネジメント経験者優遇／インセンティブあり新着,株式会社メディロム・ウェルネス Re.Ra.Ku...,大阪府,月給25万円～50万円,正社員,治療家,求人ボックス,https://xn--pckua2a7gp15o89zb.com/jb/b9c4d03177d61e15cbe31160398b06b8,True,13時間前,2026-06-20 01:27:48,大阪府
デイサービスの送迎ドライバー新着,株式会社元気な介護,大阪府,"時給1,260円",アルバイト・パート,治療家,求人ボックス,https://xn--pckua2a7gp15o89zb.com/jb/ae8bc170aff7afacd0bdbade6866177a,True,21時間前,2026-06-20 01:27:48,大阪府
デイサービスの機能訓練スタッフ新着,フェリーチェけやき通りデイサービスセンター,大阪府,"時給1,177円～",アルバイト・パート,治療家,求人ボックス,https://xn--pckua2a7gp15o89zb.com/jb/296da02ce3298bf4b4ef9f2fb8cc0ad9,True,15時間前,2026-06-20 01:27:48,大阪府
リラクゼーションセラピスト&経験者特典10万円／高単価／高収入実現可能／資格不問／経験不問新着,株式会社メディロム・ウェルネス Re.Ra.Ku...,大阪府,"時給2,660円～4,543円",,治療家,求人ボックス,https://xn--pckua2a7gp15o89zb.com/jb/5c74ff79f4d4a93440e303cb2edea454,True,13時間前,2026-06-20 01:27:48,大阪府
リラクゼーションセラピスト&経験者特典10万円／高単価／高収入実現可能／資格不問／経験不問新着,株式会社メディロム・ウェルネス Re.Ra.Ku...,大阪府,"時給2,660円～4,543円",,治療家,求人ボックス,https://xn--pckua2a7gp15o89zb.com/jb/7f8a0e3fa8c45f916564aceefe21b289,True,13時間前,2026-06-20 01:27:48,大阪府
相談支援専門員／介護・医療現場等からの転職も歓迎新着,一般社団法人ケアマネ業務支援センター,大阪府,"月給25万5,000円",正社員,治療家,求人ボックス,https://xn--pckua2a7gp15o89zb.com/jb/14702a4085d6bef93b6613a5c606bb9b,True,10時間前,2026-06-20 01:27:51,大阪府
無資格／ホームヘルパー資格不要新着,"...基本給:204,500円‐270,000円地域手当:10,000円‐20,000円<その他手当>・資格手当:5,000円-55,000円手当支給の対象となる資格:作業療法士、理学療法士、看護師、",大阪府,"月給21万4,500円",正社員,治療家,求人ボックス,https://xn--pckua2a7gp15o89zb.com/jb/04bb945e85362bb36237018113511cda,True,17時間前,2026-06-20 01:27:51,大阪府
未経験から年収1000万も!大手美容整体セラピスト／賞与年2回／週休2日／お祝金15万新着,株式会社ブラスト,大阪府,月給26万円～100万円,正社員,治療家,求人ボックス,https://xn--pckua2a7gp15o89zb.com/jb/bdf59ca58cd995bb29bd972594df7e4a,True,3時間前,2026-06-20 01:27:51,大阪府
デイサービスの機能訓練指導員／身体介護なし／日勤のみ／週休2日制／有給取得率9割以上新着,非​​公​​開,大阪府,年収380万円～500万円,正社員,治療家,求人ボックス,https://xn--pckua2a7gp15o89zb.com/jb/4784d22967de4b623748743c37d8d880,True,16時間前,2026-06-20 01:27:51,大阪府
「役員送迎ドライバー」週3日勤務／普通免許で未経験からスタート／月収50万円以上・ボーナス年2回新着,柔道整復師,大阪府,"月給40万6,500円",正社員,治療家,求人ボックス,https://xn--pckua2a7gp15o89zb.com/jbn/983d1e26853174c2637ec4ef619172ef,True,18時間前,2026-06-20 01:27:54,大阪府
「空港への送迎ドライバー」週3日勤務／普通免許で未経験OK／月収50万円以上・賞与2ヶ月分あり新着,柔道整復師,大阪府,"月給40万4,000円",正社員,治療家,求人ボックス,https://xn--pckua2a7gp15o89zb.com/jbn/f5145194ea7ff2eec0bce8e1dae908ff,True,16時間前,2026-06-20 01:27:54,大阪府
「タレントやスポーツ選手等の送迎」週3日勤務／未経験OK・月収50万円以上・ボーナス支給あり新着,柔道整復師,大阪府,"月給40万4,500円",正社員,治療家,求人ボックス,https://xn--pckua2a7gp15o89zb.com/jbn/a8be1238aceadbbb93183476b0edfdfb,True,15時間前,2026-06-20 01:27:54,大阪府
著名人や企業役員の送迎ドライバー「週3日勤務」未経験OK・月収40万円以上／ボーナス支給あり新着,柔道整復師,大阪府,"月給40万6,500円",正社員,治療家,求人ボックス,https://xn--pckua2a7gp15o89zb.com/jbn/d57e3ea9a074f0beaec887348eee6ebb,True,17時間前,2026-06-20 01:27:54,大阪府
「役員送迎ドライバー」年休200日以上・月収50万以上可／未経験歓迎・普免のみOK新着,柔道整復師,大阪府,"月給42万1,000円",正社員,治療家,求人ボックス,https://xn--pckua2a7gp15o89zb.com/jbn/25f1e0bbe19a473a837384a1b2625177,True,20時間前,2026-06-20 01:27:54,大阪府
「役員運転手」月収50万以上・普通免許のみOK／20代~50代活躍中・ボーナスあり新着,柔道整復師,大阪府,"月給42万3,000円",正社員,治療家,求人ボックス,https://xn--pckua2a7gp15o89zb.com/jbn/6f8095f860c233c71d1295ba7ff9ed5f,True,20時間前,2026-06-20 01:27:54,大阪府
「週3日勤務」普通免許でスタートできる役員送迎ドライバー／週の残り4日はすべてあなたの自由時間新着,...キャリアアップも全面的にバックアップします。 【その他概要】<前職例>製造/工場/ライン作業/生產管理/設備保全/製鋼/溶接クレーン・玉掛/金属加工/板金加工/板金塗装/警備員機械・電気/倉庫内,大阪府,"月給40万4,000円",正社員,治療家,求人ボックス,https://xn--pckua2a7gp15o89zb.com/jbn/9a23134d37488d73914f2d850ba691a1,True,16時間前,2026-06-20 01:27:57,大阪府
「役員運転手」月収50万以上・未経験歓迎／週3勤務・普通免許のみOK・ボーナス2回新着,柔道整復師,大阪府,"月給42万2,000円",正社員,治療家,求人ボックス,https://xn--pckua2a7gp15o89zb.com/jbn/0f271054a3f48e0c982bb40c86f9f019,True,20時間前,2026-06-20 01:27:57,大阪府
「著名人・企業役員送迎ドライバー」月収40万以上・未経験歓迎／週3勤務・ボーナスあり新着,柔道整復師,大阪府,"月給42万2,000円",正社員,治療家,求人ボックス,https://xn--pckua2a7gp15o89zb.com/jbn/ad8b22298355512a1c16042835e79589,True,20時間前,2026-06-20 01:27:57,大阪府
役員運転手「週3勤務」履歴書不要／月収50万円以上／最短内定1週間／ボーナス年2回新着,柔道整復師,大阪府,"月給42万3,000円",正社員,治療家,求人ボックス,https://xn--pckua2a7gp15o89zb.com/jbn/b6660df8522e9b5cf37b1f67c3402279,True,20時間前,2026-06-20 01:27:57,大阪府
泉佐野市エリアで稼げるタクシー求人／未経験OK×日収6万円以上可能×ミドル世代が安心して働ける研修制...新着,柔道整復師,大阪府,月給30万円～35万円,正社員,治療家,求人ボックス,https://xn--pckua2a7gp15o89zb.com/jbi/33c6465f4b37be238793413d98b5cc2d,True,22時間前,2026-06-20 01:28:01,大阪府
「未経験OK!貝塚市でタクシードライバー募集／平均月収50万超&アプリ+無線営業で効率よく稼げる地域...新着,...職場見学OK/事前に雰囲気をチェックできますWEB面接対応/服装自由でリラックスして参加可能面接から最短1週間で内定!スピード選考実施中 【<弊社在籍ドライバーの前職一覧>】警備員/板金塗装/設,大阪府,月給30万円～50万円,正社員,治療家,求人ボックス,https://xn--pckua2a7gp15o89zb.com/jbi/8f9e9cd6c1abc6d431dff0dcbb7f1eed,True,22時間前,2026-06-20 01:28:01,大阪府
西区発!未経験から高収入タクシー乗務員に／週3勤務可×配車アプリで効率営業×年収500万可×ミドル層...新着,...努力を惜しまない人高収入を目指したい、稼げる仕事をしたいと考えている人には最適です。努力次第で、年収700万を達成することも可能です。 【<弊社在籍ドライバーの前職一覧>】警備員/板金塗装/設備,大阪府,月給30万円～60万円,正社員,治療家,求人ボックス,https://xn--pckua2a7gp15o89zb.com/jbn/10ced651e5c1697e5cfdf7f05cd0db32,True,22時間前,2026-06-20 01:28:01,大阪府
タクシー未経験歓迎／年収500万以上可×免許取得支援あり／安定して稼げる枚方市でのタクシー運転手募集新着,...職場見学OK/事前に雰囲気をチェックできますWEB面接対応/服装自由でリラックスして参加可能面接から最短1週間で内定!スピード選考実施中 【<弊社在籍ドライバーの前職一覧>】警備員/板金塗装/設,大阪府,年収500万,正社員,治療家,求人ボックス,https://xn--pckua2a7gp15o89zb.com/jbn/884689b591014e2ef87704021153231a,True,22時間前,2026-06-20 01:28:01,大阪府
タクシードライバー／予約中心／普通免許のみ／週3出勤／フリーター大歓迎新着,ドライバー,大阪府,月給45万円～80万円,正社員,ドライバー,求人ボックス,https://xn--pckua2a7gp15o89zb.com/jbn/bc59586a6ef17f68aab46a8dc0fd49bf,True,23時間前,2026-06-20 01:27:55,大阪府
「賞与年2回×月収43万〜可能」長距離の大型トラックドライバー新着,司関西株式会社,大阪府,月給33万円～43万円,正社員,ドライバー,求人ボックス,https://xn--pckua2a7gp15o89zb.com/jbn/a981e27bb93859e466444500cb82fcaf,True,18時間前,2026-06-20 01:27:55,大阪府
未経験の京都市営バスドライバー／各種社内割引あり／賞与年2回新着,エムケイ観光バス株式会社,大阪府,月給21万円～36万円,正社員,ドライバー,求人ボックス,https://xn--pckua2a7gp15o89zb.com/jbn/f1c5b593ba849c45eb2836b0228e1d3e,True,20時間前,2026-06-20 01:27:59,大阪府
配車ドライバー／予約が中心／普通免許のみ／年間休日120日以上新着,タクシー,大阪府,月給45万円～80万円,正社員,ドライバー,求人ボックス,https://xn--pckua2a7gp15o89zb.com/jbn/472e958a9ae136b210e2fa41029f46f7,True,22時間前,2026-06-20 01:28:06,大阪府
タクシードライバー／予約が中心／普通免許のみ／月半分がお休み新着,タクシー,大阪府,月給45万円～80万円,正社員,ドライバー,求人ボックス,https://xn--pckua2a7gp15o89zb.com/jbn/84d9668f77ecbcd525f198ba28179e34,True,23時間前,2026-06-20 01:28:09,大阪府
配車ドライバー／予約中心／普通免許歓迎／プライベート重視の方へ新着,ドライバー,大阪府,月給45万円～80万円,正社員,ドライバー,求人ボックス,https://xn--pckua2a7gp15o89zb.com/jbn/82ec4c3162e0449cfef1fc9f8c4e60eb,True,23時間前,2026-06-20 01:28:09,大阪府
ドライバー職／予約中心／普通免許歓迎／しっかり稼ぎたい方にオススメ新着,ドライバー,大阪府,月給45万円～80万円,正社員,ドライバー,求人ボックス,https://xn--pckua2a7gp15o89zb.com/jbn/a1be8d524c351ca901e5b251083d7a00,True,23時間前,2026-06-20 01:28:13,大阪府
タクシードライバー／予約が中心／普通免許のみ／月半分がお休み新着,ドライバー,大阪府,月給45万円～80万円,正社員,ドライバー,求人ボックス,https://xn--pckua2a7gp15o89zb.com/jbn/f59cb21395184445b3586c5c9ddc5099,True,23時間前,2026-06-20 01:28:15,大阪府
ビジネス送迎ドライバー／予約中心／普通免許のみ／週3出勤／幅広い年齢の...新着,ドライバー,大阪府,月給50万円～80万円,正社員,ドライバー,求人ボックス,https://xn--pckua2a7gp15o89zb.com/jbn/9a8544869ae503454cccfca532deaf87,True,23時間前,2026-06-20 01:28:15,大阪府
タクシードライバー／予約が中心／普通免許のみ／月半分がお休み新着,タクシー,大阪府,月給45万円～80万円,正社員,ドライバー,求人ボックス,https://xn--pckua2a7gp15o89zb.com/jbn/63e7bceeb34c6e1a9139bb74b176dff3,True,23時間前,2026-06-20 01:28:17,大阪府
配車ドライバー／予約中心／普通免許のみ／未経験でも高収入／月半分がお休...新着,...異業界出身者の方も多数在籍! タクシー,大阪府,月給45万円～80万円,正社員,ドライバー,求人ボックス,https://xn--pckua2a7gp15o89zb.com/jbn/40aeda82638f270f0188a3edce01034f,True,23時間前,2026-06-20 01:28:17,大阪府
VIP送迎ドライバー／予約が中心／普通免許のみ／週3出勤／幅広い年齢の...新着,ドライバー,大阪府,月給50万円～80万円,正社員,ドライバー,求人ボックス,https://xn--pckua2a7gp15o89zb.com/jbn/4717064ce730d77a2de9c1f393851f9c,True,23時間前,2026-06-20 01:28:20,大阪府
専属ドライバー／予約が中心／普通免許のみ／年間休日120日以上新着,ドライバー,大阪府,月給50万円～80万円,正社員,ドライバー,求人ボックス,https://xn--pckua2a7gp15o89zb.com/jbn/0d777a9f3a917d44b5061f30b6de6e24,True,23時間前,2026-06-20 01:28:20,大阪府
タクシードライバー／予約が中心／普通免許のみ／年間休日120日以上新着,ドライバー,大阪府,月給45万円～80万円,正社員,ドライバー,求人ボックス,https://xn--pckua2a7gp15o89zb.com/jbn/b4282151b29cd635ecf2997efc9df9b3,True,23時間前,2026-06-20 01:28:20,大阪府
警備員／交通誘導警備／イベント警備 マジで金欠 じゃあツーワンおいで新着,有限会社ツーワン警備保障,大阪府,"日給9,500円～",アルバイト・パート,警備,求人ボックス,https://xn--pckua2a7gp15o89zb.com/jb/294d199a38c73ce2ca3786308e90a8e3,True,2時間前,2026-06-20 01:27:58,大阪府
警備員 未経験歓迎 道路·工事現場の交通警備STAFF新着,株式会社mdセキュリティ,大阪府,"日給1万1,120円",アルバイト・パート,警備,求人ボックス,https://xn--pckua2a7gp15o89zb.com/jb/82f60b5483265fd31080e70b1a2b4e3b,True,2時間前,2026-06-20 01:27:58,大阪府
警備員／交通誘導新着,守警備保障株式会社,大阪府,"時給1,200円～1,250円",アルバイト・パート,警備,求人ボックス,https://xn--pckua2a7gp15o89zb.com/jb/00e3e8c55baf6d17e7c1931773177eb0,True,3時間前,2026-06-20 01:27:58,大阪府
警備員新着,株式会社サンワ・セキュリティー,大阪府,"月給20万3,300円",正社員,警備,求人ボックス,https://xn--pckua2a7gp15o89zb.com/jb/80641d483b64af151ab6d2d633d40b87,True,3時間前,2026-06-20 01:27:58,大阪府
イベント警備・交通誘導警備員新着,大阪中央警備保障株式会社,大阪府,"月給20万3,904円",正社員,警備,求人ボックス,https://xn--pckua2a7gp15o89zb.com/jb/402fcaf6a2543702c77c5be390a375c6,True,3時間前,2026-06-20 01:27:58,大阪府
交通誘導警備員／関電岸和田新着,株式会社関西ネットワークセキュリティ,大阪府,"月給20万1,588円",正社員,警備,求人ボックス,https://xn--pckua2a7gp15o89zb.com/jb/d7807bee90c560b73ab4e38ed6ad5dea,True,2時間前,2026-06-20 01:27:58,大阪府
警備員新着,株式会社セキュリティプロテクション,大阪府,"時給1,187円",アルバイト・パート,警備,求人ボックス,https://xn--pckua2a7gp15o89zb.com/jb/773c1df44c60dd2e3492f1f8fa866af0,True,3時間前,2026-06-20 01:27:58,大阪府
関西明装株式会社 大阪府大阪市中央区の施設警備員／関西明装株式会社新着,警備,大阪府大阪市中央区の施設警備員／関西明装株式会社,"月給22万3,600円",正社員,警備,求人ボックス,https://xn--pckua2a7gp15o89zb.com/jb/9bddd3e0c97b4cbd2cdb5d6cf925c441,True,23時間前,2026-06-20 01:27:59,大阪府
警備員新着,株式会社オリヴィエ,大阪府,"時給1,177円～1,250円",アルバイト・パート,警備,求人ボックス,https://xn--pckua2a7gp15o89zb.com/jb/03e838ccf2c16e33051823b2198d11ba,True,3時間前,2026-06-20 01:27:59,大阪府
マンション建築現場警備員新着,ローヤル警備保障株式会社,大阪府,"時給1,250円～1,500円",アルバイト・パート,警備,求人ボックス,https://xn--pckua2a7gp15o89zb.com/jb/94680deed2f897b0d3d4dda8f20eecbc,True,3時間前,2026-06-20 01:27:59,大阪府
施設警備員／ミニボートピアりんくう新着,株式会社サクセス,大阪府,"時給1,177円",アルバイト・パート,警備,求人ボックス,https://xn--pckua2a7gp15o89zb.com/jb/3a4204587af78d5e532adf620acaa7e3,True,2時間前,2026-06-20 01:27:59,大阪府
警備員／寝屋川支店／シニア世代の方も歓迎!／副業可新着,株式会社エコエネ オレンジ警備,大阪府,"時給1,187円～1,562円",アルバイト・パート,警備,求人ボックス,https://xn--pckua2a7gp15o89zb.com/jb/ffeda04e3ae10c761213ed2a81a0788e,True,3時間前,2026-06-20 01:27:59,大阪府
警備員、仕分け・シール貼り、品出し ピッキング新着,株式会社マリアスタッフ,大阪府,"時給1,500円～2,250円",派遣社員,警備,求人ボックス,https://xn--pckua2a7gp15o89zb.com/jb/c31fe57c284e1a806921c73df6681fc2,True,22時間前,2026-06-20 01:27:59,大阪府
施設警備 館内警備、警備員、交通誘導警備／学校新着,株式会社日経サービス,大阪府,"月給27万3,200円",正社員,警備,求人ボックス,https://xn--pckua2a7gp15o89zb.com/jb/7c6c47ed75afe1ff233cd48c8a52b8b2,True,22時間前,2026-06-20 01:28:02,大阪府
「愛知県勤務」交通誘導／新生活応援／家具・家電付の社宅完備新着,セキュリティスタッフ株式会社,大阪府,月給24万円～26万円,正社員,警備,求人ボックス,https://xn--pckua2a7gp15o89zb.com/jb/3b910db6eb720ba481ae30bb4a773cc7,True,1時間前,2026-06-20 01:28:02,大阪府
清掃・警備・守衛新着,CONV,大阪府,日給1万400円,アルバイト・パート,警備,求人ボックス,https://xn--pckua2a7gp15o89zb.com/jb/62a46f406e9fa26d8110c81960229b2d,True,1時間前,2026-06-20 01:28:02,大阪府
出入り管理及び巡回警備業務新着,シンシアセキュリティ株式会社,大阪府,"日給8,200円～",アルバイト・パート,警備,求人ボックス,https://xn--pckua2a7gp15o89zb.com/jb/83c60196eb778370da40a4f6c45d91ab,True,16時間前,2026-06-20 01:28:02,大阪府
「異業種からの転職歓迎」役員運転手／週3勤務／月収50万以上新着,株式会社トラスト,大阪府,"月給42万1,000円",正社員,警備,求人ボックス,https://xn--pckua2a7gp15o89zb.com/jbn/f191f2aacabc2f926d4c9a8d63dafc89,True,20時間前,2026-06-20 01:28:02,大阪府
「役員運転手・定期送迎」1年目で年収580万・週3勤務／普通免許のみOK新着,株式会社ネクスト,大阪府,"月給41万7,000円",正社員,警備,求人ボックス,https://xn--pckua2a7gp15o89zb.com/jbn/e326c8547555955e6c8a28c5c9f91e61,True,16時間前,2026-06-20 01:28:06,大阪府
大手工場内施設警備／常駐新着,株式会社ラガー,大阪府,"日給8,830円～1万",契約社員,警備,求人ボックス,https://xn--pckua2a7gp15o89zb.com/jb/3b3b44aa16125e26ade2a9d82e1a5595,True,4時間前,2026-06-20 01:28:06,大阪府
土木現場の警備スタッフ／昼・夜新着,コウエイ警備株式会社,大阪府,日給1万100円,アルバイト・パート,警備,求人ボックス,https://xn--pckua2a7gp15o89zb.com/jb/bf521891eeaeed28a1dfc8332ce16955,True,15時間前,2026-06-20 01:28:06,大阪府
スマートフォン催事スタッフ ガラポン抽選会新着,株式会社T2JAPAN,大阪府,"時給1,430円～3,550円",アルバイト・パート,警備,求人ボックス,https://xn--pckua2a7gp15o89zb.com/jb/47df3a3d289dca02ecc4222658f88c11,True,14時間前,2026-06-20 01:28:06,大阪府
週3勤務／役員運転手／月給40万円以上／賞与年2回／VIP・モデル・タレント・芸能人・有名人新着,56歳/7年目/,大阪府,月給40万円,正社員,警備,求人ボックス,https://xn--pckua2a7gp15o89zb.com/jbn/00a6602f7f16f8c3adc20a12a797c91b,True,2時間前,2026-06-20 01:28:10,大阪府
週4日休み／役員運転手／月給40万円以上／賞与年2回／VIP・モデル・タレント・芸能人・有名人新着,56歳/7年目/,大阪府,月給40万円,正社員,警備,求人ボックス,https://xn--pckua2a7gp15o89zb.com/jbn/d969974be645842ee0d8bb389b20f803,True,2時間前,2026-06-20 01:28:10,大阪府
ボートピアの受付、案内スタッフ新着,株式会社ヤマト,大阪府,"日給1万6,450円",アルバイト・パート,警備,求人ボックス,https://xn--pckua2a7gp15o89zb.com/jb/36f01c60eaeab31e5ba7856138bd504f,True,6時間前,2026-06-20 01:28:10,大阪府
普免のみOK／送迎ドライバー／月給40万円以上／賞与年2回／VIP・モデル・タレント・芸能人・有名人新着,< >年収例1年目/29歳:560万円(元,大阪府,月給40万円,正社員,警備,求人ボックス,https://xn--pckua2a7gp15o89zb.com/jbn/27c7a7edbe4d4462af5fc94cd8427765,True,2時間前,2026-06-20 01:28:10,大阪府
普免のみOK／役員運転手／月給40万円以上／賞与年2回／VIP・モデル・タレント・芸能人・有名人新着,< >年収例1年目/29歳:560万円(元,大阪府,月給40万円,正社員,警備,求人ボックス,https://xn--pckua2a7gp15o89zb.com/jbn/bbc087bdc1f05e0685da2fe4f721db2d,True,2時間前,2026-06-20 01:28:10,大阪府
管制マネージャー新着,警備,大阪府,月給35万円～50万円,正社員,警備,求人ボックス,https://xn--pckua2a7gp15o89zb.com/jb/2974833e7da619f99b30320eb539af6e,True,1時間前,2026-06-20 01:28:13,大阪府
日勤のみ／送迎ドライバー／月給40万円以上／賞与年2回／VIP・モデル・タレント・芸能人・有名人新着,< >年収例1年目/29歳:560万円(元,大阪府,月給40万円,正社員,警備,求人ボックス,https://xn--pckua2a7gp15o89zb.com/jbn/65d381b0b309125e970fb245c3e1d75d,True,2時間前,2026-06-20 01:28:13,大阪府
バイクでのお届け業務新着,ピザハット阿波座店,大阪府,"時給1,300円～",アルバイト・パート,警備,求人ボックス,https://xn--pckua2a7gp15o89zb.com/jb/288c11998303bb3a2c9973511da708b2,True,13時間前,2026-06-20 01:28:13,大阪府
ピザ・サイドメニューの調理STAFF新着,ピザハットデイリーカナート松原店,大阪府,"時給1,180円～",アルバイト・パート,警備,求人ボックス,https://xn--pckua2a7gp15o89zb.com/jb/c09839055f9cf199c292747b1f049833,True,13時間前,2026-06-20 01:28:13,大阪府
調理・レジSTAFF新着,ピザハット天下茶屋店,大阪府,"時給1,250円～",アルバイト・パート,警備,求人ボックス,https://xn--pckua2a7gp15o89zb.com/jb/9639d322165933473f9690485bb33fcd,True,13時間前,2026-06-20 01:28:13,大阪府
ピザ・サイドメニューの調理スタッフ新着,ピザハット狭山亀の甲店,大阪府,"時給1,180円～",アルバイト・パート,警備,求人ボックス,https://xn--pckua2a7gp15o89zb.com/jb/84cf6d62f84d522accace5d82b038caf,True,13時間前,2026-06-20 01:28:13,大阪府
配達・接客STAFF新着,ピザハット天神橋8丁目店,大阪府,"時給1,250円～",アルバイト・パート,警備,求人ボックス,https://xn--pckua2a7gp15o89zb.com/jb/a8f5bd0d7fd264f3b00f2dad23fd3e4e,True,13時間前,2026-06-20 01:28:13,大阪府
ビル・マンション等の消防設備・電気設備 点検スタッフ新着,株式会社SONO,大阪府,月給22万円～,正社員,警備,求人ボックス,https://xn--pckua2a7gp15o89zb.com/jb/9a20389bdc099caeab9937aee647faa1,True,19時間前,2026-06-20 01:28:16,大阪府
商品のお届けスタッフ新着,ピザハット梅田店,大阪府,"時給1,300円～",アルバイト・パート,警備,求人ボックス,https://xn--pckua2a7gp15o89zb.com/jb/173e01c40122fac562250deb1b6de543,True,13時間前,2026-06-20 01:28:16,大阪府
資格不問／食事・入浴介助なし新着,エクセル・サポート・サービス株式会社,大阪府,"時給1,180円～",アルバイト・パート,警備,求人ボックス,https://xn--pckua2a7gp15o89zb.com/jb/20fca1645853097a753b5f9f929d4fc9,True,8時間前,2026-06-20 01:28:16,大阪府
調理・レジSTAFF新着,ピザハット堺大野芝店,大阪府,"時給1,180円～",アルバイト・パート,警備,求人ボックス,https://xn--pckua2a7gp15o89zb.com/jb/cc0454a4442615cf469296b96fd278cf,True,13時間前,2026-06-20 01:28:16,大阪府
調理・レジ新着,ピザハット難波店,大阪府,"時給1,250円～",アルバイト・パート,警備,求人ボックス,https://xn--pckua2a7gp15o89zb.com/jb/0d867d0b5a54be76d11d5e6921fa82b1,True,13時間前,2026-06-20 01:28:16,大阪府
大手ロジスティック企業の 乗務員 近畿配送センター新着,株式会社合通ロジ,大阪府,月給28万円～30万円,正社員,警備,求人ボックス,https://xn--pckua2a7gp15o89zb.com/jb/26bc4e7ce5319a7b2360a58a8dfd0ae1,True,10時間前,2026-06-20 01:28:16,大阪府
建築・土木・警備・清掃／焼却炉の運転監視新着,警備・,大阪府,"時給1,600円",,警備,求人ボックス,https://xn--pckua2a7gp15o89zb.com/jb/a6266a05bb7b7e57d159293855159cfd,True,8時間前,2026-06-20 01:28:16,大阪府
高級ブランドショップでのデータ入力・精算スタッフ新着,アイング株式会社 レジ受託部 ヒルトンプラザ レジ,大阪府,"時給1,180円～1,330円",アルバイト・パート,警備,求人ボックス,https://xn--pckua2a7gp15o89zb.com/jb/4b831c58a7c7d891f1dd8e11b56d7ece,True,14時間前,2026-06-20 01:28:19,大阪府
ミニ家電パーツの組立・梱包／未経験歓迎／単純作業／寮費無料／履歴書不要新着,株式会社Neo Boost 人事採用1課,大阪府,"時給1,520円～1,900円",アルバイト・パート,警備,求人ボックス,https://xn--pckua2a7gp15o89zb.com/jb/10c53187af5a07b44519034bc50d956f,True,22時間前,2026-06-20 01:28:19,大阪府
アイマスクの仕分け／未経験OK／寮完備／工場／軽作業／住み込み新着,株式会社KIエージェント第三営業部,大阪府,"月給28万5,000円",正社員,警備,求人ボックス,https://xn--pckua2a7gp15o89zb.com/jb/0cd079140fdfbcb07393b03e29714f67,True,5時間前,2026-06-20 01:28:19,大阪府
マウスの組立／未経験OK／寮費無料／シンプル作業／履歴書不要新着,株式会社KIエージェント 第二営業部,大阪府,"時給1,520円～1,900円",アルバイト・パート,警備,求人ボックス,https://xn--pckua2a7gp15o89zb.com/jb/e21afaa7f0a8a0026acbe28e6781887f,True,5時間前,2026-06-20 01:28:23,大阪府
コスメ用品の梱包／未経験OK／寮完備／工場／軽作業／住み込み新着,株式会社KIエージェント 人材開発部,大阪府,月給28万円～32万円,正社員,警備,求人ボックス,https://xn--pckua2a7gp15o89zb.com/jb/ca8009a0dc310773bcf868f97c4b5037,True,5時間前,2026-06-20 01:28:23,大阪府
セロハンテープの検品・梱包／未経験OK／寮完備／軽作業／履歴書不要新着,株式会社Neo Boost 人事採用3課,大阪府,"時給1,480円～1,850円",アルバイト・パート,警備,求人ボックス,https://xn--pckua2a7gp15o89zb.com/jb/878f20c05befd6cd553280dd73789c05,True,22時間前,2026-06-20 01:28:23,大阪府
「大阪」WEB系SE／賞与3回／厚労省認定ホワイト企業新着,非​​公​​開,大阪府,年収400万円～800万円,正社員,警備,求人ボックス,https://xn--pckua2a7gp15o89zb.com/jb/f6693e9581399b1843d876b43a2c1e0d,True,16時間前,2026-06-20 01:28:23,大阪府
インスタントカメラの組立／寮費無料／未経験OK／単純作業／工場新着,株式会社KIエージェント人事窓口3課,大阪府,月給30万円～35万円,正社員,警備,求人ボックス,https://xn--pckua2a7gp15o89zb.com/jb/f59e1fa47e17f08db18783840c6264e5,True,5時間前,2026-06-20 01:28:23,大阪府
「大阪」組込みSE／賞与3回／厚生労働省認定ホワイト企業新着,非​​公​​開,大阪府,年収400万円～800万円,正社員,警備,求人ボックス,https://xn--pckua2a7gp15o89zb.com/jb/6629d6499d4c10385e14c85bddae4d0e,True,16時間前,2026-06-20 01:28:27,大阪府
マンション共用部清掃スタッフ／午前のみ・週3日／未経験歓迎!一人でモクモク働ける新着,株式会社マルキョウ商事,大阪府,"時給1,177円～",アルバイト・パート,警備,求人ボックス,https://xn--pckua2a7gp15o89zb.com/jb/cb1a4e39fdf32ec53d49129c8aea9062,True,10時間前,2026-06-20 01:28:27,大阪府
「異業種からの転職歓迎」役員運転手／週3勤務／月収50万以上新着,株式会社トラスト,大阪府,"月給42万1,000円",正社員,警備,求人ボックス,https://xn--pckua2a7gp15o89zb.com/jbn/eb6f68991b4b1daac14d2b0844c1d923,True,20時間前,2026-06-20 01:28:27,大阪府
「役員運転手」月収50万以上・未経験歓迎／週3勤務・普通免許のみOK・ボーナス2回新着,<前職例>製造/工場/ライン作業/生產管理/設備保全/製鋼/溶接クレーン・玉掛/金属加工/板金加工/板金塗装/,大阪府,"月給42万2,000円",正社員,警備,求人ボックス,https://xn--pckua2a7gp15o89zb.com/jbn/0259a2b5082d12981863805c85cbeb0f,True,20時間前,2026-06-20 01:28:27,大阪府
スポーツ用品の製造スタッフ「27卒」20代活躍中・車通勤OK「正社員新着,株式会社enrich technology,大阪府,"月給25万7,600円",正社員,製造,求人ボックス,https://xn--pckua2a7gp15o89zb.com/jbn/930e8f4b47d3b714f30ef777313dee10,True,5時間前,2026-06-20 01:28:17,大阪府
キーホルダーの製造スタッフ「27卒」寮完備・残業少なめ「正社員新着,株式会社ELシステム,大阪府,"月給26万4,500円",正社員,製造,求人ボックス,https://xn--pckua2a7gp15o89zb.com/jbn/c4c301e428a1c5bc639bbb5e9af7d179,True,6時間前,2026-06-20 01:28:17,大阪府
時計盤の製造スタッフ／月給34万円以上／未経験歓迎／寮完備新着,合同会社タカノワーク,大阪府,月給34万円,正社員,製造,求人ボックス,https://xn--pckua2a7gp15o89zb.com/jb/755b19d73adb772736010580df058e4f,True,4時間前,2026-06-20 01:28:18,大阪府
「27卒」スナック菓子・お菓子の製造スタッフ・資格不問「正社員新着,JHRconsulting株式会社,大阪府,"月給25万6,100円",正社員,製造,求人ボックス,https://xn--pckua2a7gp15o89zb.com/jbn/b3c791c010e8f8365195b4fa4979fc59,True,5時間前,2026-06-20 01:28:18,大阪府
「27卒」スナック菓子・お菓子の製造スタッフ・資格不問「正社員新着,株式会社LOP,大阪府,"月給25万1,500円",正社員,製造,求人ボックス,https://xn--pckua2a7gp15o89zb.com/jbn/52c31a5a8a2c6ad14f5e3ebc5d98a81f,True,5時間前,2026-06-20 01:28:18,大阪府
カプセルトイ製造スタッフ「27卒」即入寮OK・残業少なめ「正社員新着,株式会社Le Lien,大阪府,月給26万円～32万円,正社員,製造,求人ボックス,https://xn--pckua2a7gp15o89zb.com/jbn/8be6fc73d0ec5964b33ec46b9c510be2,True,6時間前,2026-06-20 01:28:18,大阪府
「27卒」アイスクリーム・冷菓の製造スタッフ「正社員」週休2日制新着,株式会社alBee,大阪府,"月給25万6,500円",正社員,製造,求人ボックス,https://xn--pckua2a7gp15o89zb.com/jbn/a086d5dc33f1cb883367f2b1217394a7,True,7時間前,2026-06-20 01:28:21,大阪府
「27卒」スケートボードの製造スタッフ・未経験歓迎・土日祝休み「正社員新着,株式会社ELM,大阪府,"月給26万4,500円",正社員,製造,求人ボックス,https://xn--pckua2a7gp15o89zb.com/jbn/424024133c68d9717a2bb3bb0edb1d34,True,6時間前,2026-06-20 01:28:21,大阪府
未経験採用枠「第2新卒活躍中!」ガチャガチャ製造スタッフ／高収入新着,AQUARIUS株式会社,大阪府,"月給30万7,100円",正社員,製造,求人ボックス,https://xn--pckua2a7gp15o89zb.com/jbn/1c77b97f0377ccbf0b0ed2def1669ac1,True,2時間前,2026-06-20 01:28:21,大阪府
サプリメントの製造スタッフ「27卒」寮完備「週休2日制／退職金制度あり...新着,株式会社Creer,大阪府,"月給25万6,500円",正社員,製造,求人ボックス,https://xn--pckua2a7gp15o89zb.com/jbn/93e9ad049fc4ecd1f8a152a0f885b8e8,True,6時間前,2026-06-20 01:28:25,大阪府
未経験採用枠「第2新卒活躍中!」ガチャガチャ製造スタッフ／高収入新着,株式会社RIOT GROUP,大阪府,"月給30万8,400円",正社員,製造,求人ボックス,https://xn--pckua2a7gp15o89zb.com/jbn/e2873dfabde06cc9623d7a7344cfe440,True,3時間前,2026-06-20 01:28:29,大阪府
未経験採用枠「第2新卒活躍中!」ガチャガチャ製造スタッフ／高収入新着,株式会社小林,大阪府,"月給30万8,000円",正社員,製造,求人ボックス,https://xn--pckua2a7gp15o89zb.com/jbn/2fde60ff3c825a47ca07d673d51f9118,True,3時間前,2026-06-20 01:28:29,大阪府
「27卒」サプリメントの製造スタッフ正社員「寮・社宅あり・残業少なめ」新着,株式会社プロジェクトトリガー,大阪府,"月給26万4,500円",正社員,製造,求人ボックス,https://xn--pckua2a7gp15o89zb.com/jbn/81b37a9ab6eddfd8008e418c199906de,True,7時間前,2026-06-20 01:28:29,大阪府
おもちゃ金型製造スタッフ「27卒」資格不問「正社員／完全週休2日制新着,株式会社Meta Sales,大阪府,"月給25万1,800円",正社員,製造,求人ボックス,https://xn--pckua2a7gp15o89zb.com/jbn/2e8c1e687c3275ea3256bbf0884bdf99,True,5時間前,2026-06-20 01:28:29,大阪府
アルミ部品の製造スタッフ新着,三上軽金属株式会社,大阪府,"時給1,300円～",正社員,製造,求人ボックス,https://xn--pckua2a7gp15o89zb.com/jb/e4b9369891dec8d9ff99987211634d60,True,9時間前,2026-06-20 01:28:33,大阪府
スケートボードの製造スタッフ「27卒」研修充実／即入寮可／寮・社宅あり新着,株式会社GUM,大阪府,"月給25万6,100円",正社員,製造,求人ボックス,https://xn--pckua2a7gp15o89zb.com/jbn/fb7c88dbbb880ccf83c96171db7b4702,True,7時間前,2026-06-20 01:28:33,大阪府
未経験採用枠「第2新卒活躍中!」ガチャガチャ製造スタッフ／高収入新着,Yts株式会社,大阪府,"月給31万3,100円",正社員,製造,求人ボックス,https://xn--pckua2a7gp15o89zb.com/jbn/c7040531b51f04cdda72c16dd4c1588c,True,3時間前,2026-06-20 01:28:33,大阪府
コーヒー・お茶の製造スタッフ「27卒」正社員／未経験歓迎・残業少なめ新着,株式会社キソシン,大阪府,"月給26万4,500円",正社員,製造,求人ボックス,https://xn--pckua2a7gp15o89zb.com/jbn/f60823ff997299edf2857e7789a43b4c,True,6時間前,2026-06-20 01:28:36,大阪府
「27卒」イヤホン・ヘッドフォンの製造スタッフ・資格不問「正社員新着,株式会社大斗,大阪府,"月給26万4,500円",正社員,製造,求人ボックス,https://xn--pckua2a7gp15o89zb.com/jbn/c4e98cbd72b304cec02981c43b6a4daa,True,6時間前,2026-06-20 01:28:39,大阪府
未経験採用枠「第2新卒活躍中!」ガチャガチャ製造スタッフ／高収入／寮新着,株式会社RIOT,大阪府,"月給30万1,800円",正社員,製造,求人ボックス,https://xn--pckua2a7gp15o89zb.com/jbn/2c95c5f90a0719571cc93c3087721453,True,2時間前,2026-06-20 01:28:39,大阪府
フィギュア製造スタッフ「27卒」寮・社宅あり／週休2日制・入社祝い金あ...新着,ベンタス株式会社,大阪府,"月給25万6,100円",正社員,製造,求人ボックス,https://xn--pckua2a7gp15o89zb.com/jbn/16d1da9b86b4d0d75937bddd2e522e44,True,5時間前,2026-06-20 01:28:39,大阪府
最新モデルに関われる!／パソコンの製造スタッフ／年間休日126日新着,製造,大阪府,"月給35万3,500円",正社員,製造,求人ボックス,https://xn--pckua2a7gp15o89zb.com/jbn/f572d33bb2981aeed31347d873e4ffbc,True,7時間前,2026-06-20 01:28:39,大阪府
カードゲーム業界を支える!／カードゲームグッズの製造スタッフ／寮完備新着,製造,大阪府,"月給37万4,500円",正社員,製造,求人ボックス,https://xn--pckua2a7gp15o89zb.com/jbn/6112fa0365b79288fe4220fda3fd6674,True,8時間前,2026-06-20 01:28:43,大阪府
製造スタッフ ノンデリに疲れた人あつまれ 簡単仕分け作業がバグで優勝新着,株式会社Brave,大阪府,月給33万円～39万,正社員,製造,求人ボックス,https://xn--pckua2a7gp15o89zb.com/jb/07c8e9ed42634d1cc1d18611371e9711,True,14時間前,2026-06-20 01:28:43,大阪府
タグ付け出荷準備中心!／クレーンゲーム景品の企画製造スタッフ／学歴不問新着,製造,大阪府,"月給37万2,500円",正社員,製造,求人ボックス,https://xn--pckua2a7gp15o89zb.com/jbn/4678a3aa8da9c87b045bfd5bc31b0e69,True,8時間前,2026-06-20 01:28:43,大阪府
カップ麺の容器製造・検品スタッフ／30代40代活躍中です 未経験歓迎新着,キャリアネクスト,大阪府,月給34万円～,契約社員,製造,求人ボックス,https://xn--pckua2a7gp15o89zb.com/jb/b602d25a36a5e340fa16d81d3153f860,True,23時間前,2026-06-20 01:28:45,大阪府
クレーンゲーム景品を支える!／クレーンゲーム景品の企画製造スタッフ新着,製造,大阪府,"月給37万2,500円",正社員,製造,求人ボックス,https://xn--pckua2a7gp15o89zb.com/jbn/70c9ea8a912cf0d43f0b533f665fddf0,True,7時間前,2026-06-20 01:28:45,大阪府
景品グッズに関われる!／クレーンゲーム景品の企画製造スタッフ新着,製造,大阪府,"月給34万2,500円",正社員,製造,求人ボックス,https://xn--pckua2a7gp15o89zb.com/jbn/076d3325c387949673bba2a395599216,True,7時間前,2026-06-20 01:28:45,大阪府
駅チカマンションの清掃スタッフ／経験不問新着,日本総合住生活株式会社,大阪府,"時給1,270円～",アルバイト・パート,清掃,求人ボックス,https://xn--pckua2a7gp15o89zb.com/jb/a6de427c383bc5d31ae9458fcfb34622,True,9時間前,2026-06-20 01:28:22,大阪府
工場内清掃スタッフ新着,有限会社ワイアンドケイセキュリティー ひまわりハ...,大阪府,"時給1,200円",アルバイト・パート,清掃,求人ボックス,https://xn--pckua2a7gp15o89zb.com/jb/be40700390721ce5604c2feb3a74b476,True,15時間前,2026-06-20 01:28:22,大阪府
オフィスビルの清掃スタッフ新着,互光建物管理株式会社,大阪府,"時給1,210円",アルバイト・パート,清掃,求人ボックス,https://xn--pckua2a7gp15o89zb.com/jb/85c6e13f805ac45b12ebd762cb3e405d,True,15時間前,2026-06-20 01:28:22,大阪府
清掃スタッフ新着,近代ビル管理株式会社,大阪府,"時給1,220円",アルバイト・パート,清掃,求人ボックス,https://xn--pckua2a7gp15o89zb.com/jb/98f84f79e6ff0792b8f6b21270c94ad4,True,15時間前,2026-06-20 01:28:22,大阪府
空港ターミナルビルの清掃スタッフ新着,ロイヤルエアポートサービス株式会社,大阪府,"時給1,180円～",アルバイト・パート,清掃,求人ボックス,https://xn--pckua2a7gp15o89zb.com/jb/255e05072a2a734178d724bc23ab8974,True,15時間前,2026-06-20 01:28:22,大阪府
有料老人ホームの清掃・メンテナンススタッフ新着,住宅型有料老人ホーム リ・エール打上元町,大阪府,"時給1,180円～",アルバイト・パート,清掃,求人ボックス,https://xn--pckua2a7gp15o89zb.com/jb/2e0db135571665032a9e7de58ccf6859,True,15時間前,2026-06-20 01:28:23,大阪府
マンション共有部清掃スタッフ新着,株式会社クリーンマツヤ,大阪府,"時給1,180円",アルバイト・パート,清掃,求人ボックス,https://xn--pckua2a7gp15o89zb.com/jb/915d1f20fd7a5307350a320c55088cd0,True,15時間前,2026-06-20 01:28:23,大阪府
スポーツ施設の清掃スタッフ新着,司 建物管理株式会社,大阪府,"時給1,200円",アルバイト・パート,清掃,求人ボックス,https://xn--pckua2a7gp15o89zb.com/jb/4dcecdfdd0479a4d1b49d05095a61cdf,True,15時間前,2026-06-20 01:28:23,大阪府
マンションの日常清掃スタッフ新着,有限会社キクタリブトレース,大阪府,"時給1,177円",アルバイト・パート,清掃,求人ボックス,https://xn--pckua2a7gp15o89zb.com/jb/ae946e210d2d96e2c22ebeb8a6a70e9e,True,4時間前,2026-06-20 01:28:23,大阪府
工場のオフィス内清掃スタッフ新着,株式会社アドバンスサービス,大阪府,"日給4,000円",アルバイト・パート,清掃,求人ボックス,https://xn--pckua2a7gp15o89zb.com/jb/26aa5ab1deb2ad7c9c2fd9277b421614,True,1時間前,2026-06-20 01:28:23,大阪府
年齢不問で午前のみの清掃スタッフ／日勤新着,株式会社フクトク,大阪府,"時給1,177円",アルバイト・パート,清掃,求人ボックス,https://xn--pckua2a7gp15o89zb.com/jb/248bf0d5c6145ff8663581a982f597df,True,9時間前,2026-06-20 01:28:23,大阪府
清掃スタッフ／オフィスビル新着,株式会社白青舎,大阪府,"時給1,210円",アルバイト・パート,清掃,求人ボックス,https://xn--pckua2a7gp15o89zb.com/jb/3d4844c794f4d6b4adbf2a94ecf6c877,True,1時間前,2026-06-20 01:28:23,大阪府
物流センターの清掃スタッフ新着,光陽商事株式会社 大東RDC,大阪府,"時給1,177円～",アルバイト・パート,清掃,求人ボックス,https://xn--pckua2a7gp15o89zb.com/jb/5016085730b1be79f520eb0dccdd8f5f,True,9時間前,2026-06-20 01:28:23,大阪府
清掃スタッフ／千里リハビリテーション病院／箕面新着,内外美装株式会社,大阪府,月給20万549円,正社員,清掃,求人ボックス,https://xn--pckua2a7gp15o89zb.com/jb/30425e673e7d3d9969f25315039612f5,True,3時間前,2026-06-20 01:28:27,大阪府
エアコン清掃スタッフ／エアコン中心にハウスクリーニング全般!新着,有限会社大阪中央サービス,大阪府,"月給25万6,586円",正社員,清掃,求人ボックス,https://xn--pckua2a7gp15o89zb.com/jb/8cba0894f39ec43489af66357c8e61f2,True,13時間前,2026-06-20 01:28:27,大阪府
ハウスクリーニング・定期清掃スタッフ新着,SCTS株式会社,大阪府,月給22万円～30万円,正社員,清掃,求人ボックス,https://xn--pckua2a7gp15o89zb.com/jb/f48f9bc67777eb2b57d8ebe83ed55224,True,3時間前,2026-06-20 01:28:27,大阪府
マンション清掃スタッフ新着,エス・シー・ビルサービス西日本株式会社,大阪府,"時給1,200円",アルバイト・パート,清掃,求人ボックス,https://xn--pckua2a7gp15o89zb.com/jb/5a8e051583d1744e93f43d00bf10a67a,True,10時間前,2026-06-20 01:28:27,大阪府
江坂駅徒歩3分 未経験歓迎︕簡単&単純作業 週1⽇～OK!お洒落自由 焼肉屋での清掃スタッフ募集新着,株式会社ジャパンクリアランス,大阪府,"日給3,900円～",アルバイト・パート,清掃,求人ボックス,https://xn--pckua2a7gp15o89zb.com/jb/1d137288e74d158a1751f88332afcbed,True,14時間前,2026-06-20 01:28:27,大阪府
分譲マンション清掃スタッフ新着,株式会社太陽ビルマネージメント,大阪府,"月給11万7,700円",,清掃,求人ボックス,https://xn--pckua2a7gp15o89zb.com/jb/f3e05a2ef8419ab14ae682a6fab75f78,True,4時間前,2026-06-20 01:28:27,大阪府
工場内清掃スタッフ新着,有限会社ひまわりハウス,大阪府,"時給1,200円",アルバイト・パート,清掃,求人ボックス,https://xn--pckua2a7gp15o89zb.com/jb/01c8cc822be8f95543174299666c7591,True,9時間前,2026-06-20 01:28:27,大阪府
清掃スタッフ新着,協和建物管理株式会社,大阪府,"時給1,180円",アルバイト・パート,清掃,求人ボックス,https://xn--pckua2a7gp15o89zb.com/jb/deae372b5b6b705890aaf859835cfa30,True,4時間前,2026-06-20 01:28:31,大阪府
会社工場内の日常清掃スタッフ新着,株式会社エフシー,大阪府,"時給1,200円",アルバイト・パート,清掃,求人ボックス,https://xn--pckua2a7gp15o89zb.com/jb/4e6ef085023b18c883dcae466efa1fab,True,15時間前,2026-06-20 01:28:31,大阪府
未経験OK! お洒落自由 簡単&単純作業 清掃スタッフ大募集!新着,株式会社パパママカーズ,大阪府,"時給1,177円～",アルバイト・パート,清掃,求人ボックス,https://xn--pckua2a7gp15o89zb.com/jb/761cfc169693b08a4e368be413b1518a,True,13時間前,2026-06-20 01:28:31,大阪府
「清掃スタッフ」無資格OK／日勤のみ／住宅型有料老人ホーム新着,はぴね江坂,大阪府,"時給1,200円～1,300円",アルバイト・パート,清掃,求人ボックス,https://xn--pckua2a7gp15o89zb.com/jb/4a7fd39780ea995152e9d19e075e5e56,True,23時間前,2026-06-20 01:28:31,大阪府
「清掃スタッフ」無資格OK／日勤のみ／介護付き有料老人ホーム新着,エスペラル城東,大阪府,"時給1,180円",アルバイト・パート,清掃,求人ボックス,https://xn--pckua2a7gp15o89zb.com/jb/d66416c6de39c1d8066ba9f3354fabef,True,23時間前,2026-06-20 01:28:31,大阪府
スーパーの清掃スタッフ新着,株式会社カンソー,大阪府,"時給1,180円",アルバイト・パート,清掃,求人ボックス,https://xn--pckua2a7gp15o89zb.com/jb/b466b1d3d58228d9f273f9ade91c42cf,True,4時間前,2026-06-20 01:28:31,大阪府
未経験・ブランクがある方も大歓迎!ラジウム温泉の清掃・店内スタッフ新着,新世界ラジウム温泉,大阪府,"時給1,480円～",アルバイト・パート,清掃,求人ボックス,https://xn--pckua2a7gp15o89zb.com/jb/0b5d7977b3c6d5cc8fe8b41a3bcca0f8,True,13時間前,2026-06-20 01:28:31,大阪府
清掃／設備管理／消毒・害虫駆除 午前中で終わる オフィス清掃Staff新着,株式会社セントマルエス,大阪府,"時給1,300円～1,350円",アルバイト・パート,清掃,求人ボックス,https://xn--pckua2a7gp15o89zb.com/jb/ebfebdfeec7a75006942e0e4b05e5326,True,2時間前,2026-06-20 01:28:31,大阪府
施設内の清掃スタッフ／もくもく&マイペースに 施設内のお掃除 週1日～新着,磨,大阪府,"時給1,400円～",アルバイト・パート,清掃,求人ボックス,https://xn--pckua2a7gp15o89zb.com/jb/3c23f003ffe83f96310ff2c7111ce310,True,6時間前,2026-06-20 01:28:33,大阪府
施設内での清掃およびゴミ回収スタッフ／ダスキンヘルスケア 吹田特別養護...新着,株式会社ダスキンヘルスケア,大阪府,"時給1,180円",アルバイト・パート,清掃,求人ボックス,https://xn--pckua2a7gp15o89zb.com/jb/d92cb9a905777dce9c2323db94e3f3a1,True,14時間前,2026-06-20 01:28:33,大阪府
清掃員・掃除スタッフ新着,株式会社ダスキンヘルスケア 大阪公立大学医学部附...,大阪府,"時給1,300円",アルバイト・パート,清掃,求人ボックス,https://xn--pckua2a7gp15o89zb.com/jb/d57ce5672054c9b667ef79b347c3e846,True,15時間前,2026-06-20 01:28:33,大阪府
清掃員・掃除スタッフ新着,株式会社ダスキンヘルスケア 北野病院,大阪府,"時給1,180円～",アルバイト・パート,清掃,求人ボックス,https://xn--pckua2a7gp15o89zb.com/jb/2079e3c47b7786a1c5112c5af20950c8,True,15時間前,2026-06-20 01:28:33,大阪府
大学校内の日常清掃新着,東洋近畿建物管理株式会社,大阪府,"時給1,177円",アルバイト・パート,清掃,求人ボックス,https://xn--pckua2a7gp15o89zb.com/jb/7dd63f49e5475b0ace7889189e402e6c,True,15時間前,2026-06-20 01:28:33,大阪府
週1日／土曜日／の勤務／オフィスビル清掃新着,アーカスクリエイト株式会社,大阪府,"時給1,300円",アルバイト・パート,清掃,求人ボックス,https://xn--pckua2a7gp15o89zb.com/jb/ec8793fd96b08cdb2b524cb51e515945,True,4時間前,2026-06-20 01:28:33,大阪府
年齢不問!女性活躍中 有給が取れる ボーナスもある 車通勤OK新着,西日本高速道路メンテナンス関西株式会社,大阪府,"時給1,330円",アルバイト・パート,清掃,求人ボックス,https://xn--pckua2a7gp15o89zb.com/jb/30ca806a37d1b3153663545847eff724,True,9時間前,2026-06-20 01:28:36,大阪府
清掃 週3日~·5h~OK 葬儀会館の清掃 AP 車通勤OK新着,株式会社日本セレモニー,大阪府,"時給1,200円～",アルバイト・パート,清掃,求人ボックス,https://xn--pckua2a7gp15o89zb.com/jb/af81a2c8797f48714afb93c15bbe5115,True,20時間前,2026-06-20 01:28:36,大阪府
マンション清掃員新着,シャレール関目団地,大阪府,"時給1,180円",アルバイト・パート,清掃,求人ボックス,https://xn--pckua2a7gp15o89zb.com/jb/c2e41776d40c9a8d531cfb9a9a428a8a,True,22時間前,2026-06-20 01:28:36,大阪府
午後から勤務のオフィスビル清掃／実働7h／未経験歓迎／残業ほぼなし新着,中之島ビル,大阪府,"月給23万5,000円",正社員,清掃,求人ボックス,https://xn--pckua2a7gp15o89zb.com/jbn/e3fecedb426ed08484d3d74dcac1895f,True,20時間前,2026-06-20 01:28:36,大阪府
一般事務新着,株式会社ART innovation,大阪府,"時給1,180円",アルバイト・パート,清掃,求人ボックス,https://xn--pckua2a7gp15o89zb.com/jb/576343d36c618df3e8a8894528a91120,True,52分前,2026-06-20 01:28:36,大阪府
オフィスビルのお掃除全般新着,美素建物管理株式会社,大阪府,"時給1,300円～",アルバイト・パート,清掃,求人ボックス,https://xn--pckua2a7gp15o89zb.com/jb/ed9f09473d8d98cf2ed95e551d795f54,True,4時間前,2026-06-20 01:28:36,大阪府
管理員・清掃員新着,株式会社合人社計画研究所,大阪府,"月給12万3,000円",,清掃,求人ボックス,https://xn--pckua2a7gp15o89zb.com/jb/af5a2be13da3dbe6ff1bcc55bf629e96,True,6時間前,2026-06-20 01:28:39,大阪府
学校内のクリーニングスタッフ新着,株式会社ミナミ,大阪府,"時給1,198円",アルバイト・パート,清掃,求人ボックス,https://xn--pckua2a7gp15o89zb.com/jb/9470f7994f7c27c263b48f01341d1b5c,True,19時間前,2026-06-20 01:28:39,大阪府
大阪市西区での勤務! 週2日勤務! 未経験歓迎!30～60代主婦活躍中 扶養内OK新着,株式会社T&Pメディトラスト,大阪府,"時給1,177円",アルバイト・パート,清掃,求人ボックス,https://xn--pckua2a7gp15o89zb.com/jb/9fdae392f000f0076d72f9baa62690cf,True,10時間前,2026-06-20 01:28:39,大阪府
サービス付き高齢者向け住宅の厨房スタッフ新着,株式会社元気な介護,大阪府,"時給1,180円",アルバイト・パート,清掃,求人ボックス,https://xn--pckua2a7gp15o89zb.com/jb/abeb1e58e4de3c121894a07a064e9527,True,21時間前,2026-06-20 01:28:39,大阪府
ゲーム業界での品質保証アナリスト募集「未経験歓迎／賞与あり／土日祝休み新着,株式会社GUM,大阪府,"月給23万5,000円",正社員,清掃,求人ボックス,https://xn--pckua2a7gp15o89zb.com/jbn/5b1e270d742a809cb8723fdd19d95d77,True,3時間前,2026-06-20 01:28:39,大阪府
ゲームマスター未経験歓迎「正社員／土日祝休み／交通費支給／研修あり」ゲーム好きに最適な職場新着,株式会社alBee,大阪府,月給26万円～30万円,正社員,清掃,求人ボックス,https://xn--pckua2a7gp15o89zb.com/jbn/12140e4e2ee52399b81c4d6ee7f7aa11,True,3時間前,2026-06-20 01:28:39,大阪府
AI事務アシスタント／未経験OK／長期キャリア形成／賞与年2回／昇給年2回新着,ベンタス株式会社,大阪府,"月給31万6,300円",正社員,清掃,求人ボックス,https://xn--pckua2a7gp15o89zb.com/jbn/681acbbcaf1d0392c47e7e3b2b9bdec9,True,8時間前,2026-06-20 01:28:39,大阪府
客室清掃／清掃／サービス系 人気のホテルバイト／主婦 活躍中 接客すくなめ 未経験OK新着,サン産業株式会社,大阪府,"時給1,200円～1,500円",アルバイト・パート,清掃,求人ボックス,https://xn--pckua2a7gp15o89zb.com/jb/0021c52994999dc78f64d5794dbc9b80,True,2時間前,2026-06-20 01:28:39,大阪府
「第2新卒活躍中!」バックオフィス入力事務／未経験採用枠／年間休日125日新着,株式会社RIOT,大阪府,"月給31万1,400円",正社員,清掃,求人ボックス,https://xn--pckua2a7gp15o89zb.com/jbn/459ffde589dfebc369be557a7796d8cf,True,2時間前,2026-06-20 01:28:42,大阪府
清掃員・掃除、設備管理・保守・点検新着,日本ビルマネジメント株式会社,大阪府,"時給1,200円～",アルバイト・パート,清掃,求人ボックス,https://xn--pckua2a7gp15o89zb.com/jb/f96e02da239abb84ccae345a494a73cb,True,22時間前,2026-06-20 01:28:42,大阪府
「第2新卒活躍中!」オフィス一般ワーク／完全週休二日／未経験採用枠新着,AQUARIUS株式会社,大阪府,"月給30万9,800円",正社員,清掃,求人ボックス,https://xn--pckua2a7gp15o89zb.com/jbn/eda4e2d94d6fe47c51a2277170752c0e,True,2時間前,2026-06-20 01:28:42,大阪府
「第2新卒活躍中!」オフィス事務サポート／年間休日125日以上／資格支援あり新着,株式会社小林,大阪府,"月給31万4,800円",正社員,清掃,求人ボックス,https://xn--pckua2a7gp15o89zb.com/jbn/8527eafeb5dd6770ec2cd0945ea0af7c,True,2時間前,2026-06-20 01:28:42,大阪府
一般事務スタッフ／未経験OK／長期キャリア形成／研修制度充実／研修制度充実新着,株式会社キソシン,大阪府,月給32万100円,正社員,清掃,求人ボックス,https://xn--pckua2a7gp15o89zb.com/jbn/0483449b53c715cd67bdf9c304dc9b8e,True,8時間前,2026-06-20 01:28:42,大阪府
営業事務／未経験OK／長期キャリア形成／月30万以上可／年間休日125日以上新着,株式会社LOP,大阪府,"月給29万1,900円",正社員,清掃,求人ボックス,https://xn--pckua2a7gp15o89zb.com/jbn/044b69a36195438a4f03583d72830f4d,True,8時間前,2026-06-20 01:28:42,大阪府
フィットネスジムでのトレーナー新着,株式会社ホクジョー,大阪府,月給21万円～,正社員,清掃,求人ボックス,https://xn--pckua2a7gp15o89zb.com/jb/e60564df0573a26d39eecac1931ee6fa,True,13時間前,2026-06-20 01:28:46,大阪府
「月給最大50万円!?」／焼き鳥店の調理スタッフ／福利厚生充実／未経験歓迎／20~30代活躍中新着,スタッフ,大阪府,月給30万円～50万円,正社員,清掃,求人ボックス,https://xn--pckua2a7gp15o89zb.com/jbn/e6343c04ecead2bf0d040c979a511a1f,True,10時間前,2026-06-20 01:28:46,大阪府
「第2新卒活躍中!」オフィス事務アシスタント／寮社宅制度あり／休暇充実新着,Yts株式会社,大阪府,"月給31万7,000円",正社員,清掃,求人ボックス,https://xn--pckua2a7gp15o89zb.com/jbn/6e6b2f8a61deb8864f7b098c94d11731,True,2時間前,2026-06-20 01:28:46,大阪府
マンション清掃新着,グローバルコミュニティ株式会社,大阪府,"時給1,200円",アルバイト・パート,清掃,求人ボックス,https://xn--pckua2a7gp15o89zb.com/jb/22c6131c2058e404032acedf0d2725da,True,19時間前,2026-06-20 01:28:46,大阪府
「第2新卒活躍中!」営業事務スタッフ／長期休暇「GW夏季年末年始」／研修制度あり新着,株式会社RIOT GROUP,大阪府,"月給29万1,600円",正社員,清掃,求人ボックス,https://xn--pckua2a7gp15o89zb.com/jbn/021cbe5ebd527b2c91b29621dc5d8bb4,True,2時間前,2026-06-20 01:28:46,大阪府
営業事務／未経験OK／長期キャリア形成／土日祝休み／昇給賞与あり新着,JHRconsulting株式会社,大阪府,"月給31万7,600円",正社員,清掃,求人ボックス,https://xn--pckua2a7gp15o89zb.com/jbn/4287f6050514f4e35b09555230b87ebf,True,8時間前,2026-06-20 01:28:46,大阪府
IT企業内事務／未経験OK／長期キャリア形成／第二新卒歓迎／土日祝休み新着,株式会社プロジェクトトリガー,大阪府,月給30万800円,正社員,清掃,求人ボックス,https://xn--pckua2a7gp15o89zb.com/jbn/987073c325b940e0aa08766b57583f51,True,8時間前,2026-06-20 01:28:49,大阪府
「朝の時間を有効活用」が叶う!家庭もプライベートも大切にできる保育士パート新着,上新庄ひなた保育園,大阪府,"時給1,200円～1,400円",アルバイト・パート,清掃,求人ボックス,https://xn--pckua2a7gp15o89zb.com/jb/8d7ba09be1f400e60ca398bc4fae91c3,True,14時間前,2026-06-20 01:28:49,大阪府
事務職／未経験OK／長期キャリア形成／土日祝休み／第二新卒歓迎新着,株式会社enrich technology,大阪府,"月給32万3,300円",正社員,清掃,求人ボックス,https://xn--pckua2a7gp15o89zb.com/jbn/83fb01ae359566066517a7eb3ee7184c,True,8時間前,2026-06-20 01:28:49,大阪府
AI事務アシスタント／未経験OK／長期キャリア形成／年間休日125日以上／土日祝休み新着,株式会社大斗,大阪府,"月給29万9,400円",正社員,清掃,求人ボックス,https://xn--pckua2a7gp15o89zb.com/jbn/5b79a52a0d313fd21e5dd05fdca504ad,True,8時間前,2026-06-20 01:28:49,大阪府
IT企業内事務／未経験OK／長期キャリア形成／月30万以上可／第二新卒歓迎新着,株式会社Meta Sales,大阪府,"月給32万4,400円",正社員,清掃,求人ボックス,https://xn--pckua2a7gp15o89zb.com/jbn/a33aeb15a8f37f9fe038337c2e64419f,True,8時間前,2026-06-20 01:28:49,大阪府
ITサポート事務／未経験OK／長期キャリア形成／20代30代活躍中／研修制度充実新着,株式会社Le Lien,大阪府,"月給29万7,000円",正社員,清掃,求人ボックス,https://xn--pckua2a7gp15o89zb.com/jbn/c882baec0316725e2d6383a9b31ba412,True,8時間前,2026-06-20 01:28:49,大阪府
受付スタッフ／未経験OK／長期キャリア形成／20代30代活躍中／昇給年2回新着,株式会社ELM,大阪府,"月給30万9,100円",正社員,清掃,求人ボックス,https://xn--pckua2a7gp15o89zb.com/jbn/d43ff88b92e49e3ec9b9c6252c24d428,True,8時間前,2026-06-20 01:28:49,大阪府
保育補助新着,有限会社アイエンロール,大阪府,"時給1,450円",派遣社員,派遣,求人ボックス,https://xn--pckua2a7gp15o89zb.com/jb/95622254106f3b4bf9bc8d62a6724d9b,True,19時間前,2026-06-20 01:28:29,大阪府
システム更改とプロジェクトリーダー新着,パーソルクロステクノロジー株式会社,大阪府,"時給3,000円～3,500円",派遣社員,派遣,求人ボックス,https://xn--pckua2a7gp15o89zb.com/jb/d09357bf4ef9983b6d55e42a2fc9e878,True,1時間前,2026-06-20 01:28:29,大阪府
保育士新着,社会福祉法人どんぐり福祉会,大阪府,"時給1,550円",派遣社員,派遣,求人ボックス,https://xn--pckua2a7gp15o89zb.com/jb/fcc28ddcab901f5c0ef856137d12dd3f,True,19時間前,2026-06-20 01:28:29,大阪府
保育士新着,高槻市,大阪府,"時給1,850円",派遣社員,派遣,求人ボックス,https://xn--pckua2a7gp15o89zb.com/jb/482264916d2e0336c5749542f7e162b4,True,19時間前,2026-06-20 01:28:29,大阪府
保育士新着,社会福祉法人恵友会,大阪府,"時給1,350円",派遣社員,派遣,求人ボックス,https://xn--pckua2a7gp15o89zb.com/jb/fcfaffdd4d104f38968874332875864e,True,19時間前,2026-06-20 01:28:30,大阪府
放課後児童支援員新着,株式会社明日葉,大阪府,"時給1,500円",派遣社員,派遣,求人ボックス,https://xn--pckua2a7gp15o89zb.com/jb/90ead4e28295de5b7e33663ae2f246f3,True,19時間前,2026-06-20 01:28:30,大阪府
介護職／ヘルパー／東大阪市三島／ショートステイ／実働8時間／夜勤なし新着,セントスタッフ株式会社,大阪府,"時給1,260円～1,330円",派遣社員,派遣,求人ボックス,https://xn--pckua2a7gp15o89zb.com/jbn/38b34c5c49a1c7782a4c813f0e81fa73,True,11時間前,2026-06-20 01:28:30,大阪府
子育て支援員新着,社会福祉法人心育会,大阪府,"時給1,400円",派遣社員,派遣,求人ボックス,https://xn--pckua2a7gp15o89zb.com/jb/6effc98f3bd9839723e4beb1d303a8f1,True,19時間前,2026-06-20 01:28:34,大阪府
保育補助新着,スバル・トータルプランニング株式会社,大阪府,"時給1,380円",派遣社員,派遣,求人ボックス,https://xn--pckua2a7gp15o89zb.com/jb/01cb25d1db6907065f167ddd69b1cdce,True,19時間前,2026-06-20 01:28:34,大阪府
夜勤専属／カンタンな軽作業／女性スタッフ多数活躍中新着,株式会社ニチギワールド,大阪府,"時給1,390円～1,738円",派遣社員,派遣,求人ボックス,https://xn--pckua2a7gp15o89zb.com/jb/2236b672b7a181f7e2cbb823b4fc9011,True,9時間前,2026-06-20 01:28:34,大阪府
"時給1,400円 以上!事務作業スタッフのお仕事!給与前渡しOK!簡単スタート!週3日以上新着",株式会社ミライル,大阪府,"時給1,400円",派遣社員,派遣,求人ボックス,https://xn--pckua2a7gp15o89zb.com/jb/da32df65e77484c7e2d1c4ef2e10ad4e,True,20時間前,2026-06-20 01:28:37,大阪府
会計入力・一般事務スタッフ新着,株式会社Active,大阪府,"時給1,200円～1,800円",アルバイト・パート,派遣,求人ボックス,https://xn--pckua2a7gp15o89zb.com/jb/0cce18cc32d7b6a19585b2f090852526,True,14時間前,2026-06-20 01:28:37,大阪府
製造スタッフ 部品の研磨と組立て 月収25万以上 地元スタッフ活躍新着,株式会社メイテックキャスト,大阪府,"時給1,600円～",派遣社員,派遣,求人ボックス,https://xn--pckua2a7gp15o89zb.com/jb/e67d8e8aeadc669ddc97983310a4566e,True,14時間前,2026-06-20 01:28:40,大阪府
保育補助新着,株式会社NOZOMI,大阪府,"時給1,380円",派遣社員,派遣,求人ボックス,https://xn--pckua2a7gp15o89zb.com/jb/e664fc0debc5cc80c28c63de1fb1e493,True,19時間前,2026-06-20 01:28:40,大阪府
派遣スタッフのコーディネーター／20代活躍中／未経験・第二新卒／土日祝休み／賞与あり新着,<仕事内容>携帯ショップなどに,大阪府,月給20万円～23万円,正社員,派遣,求人ボックス,https://xn--pckua2a7gp15o89zb.com/jbn/47998d5796e1c69b8cb513f050c9ed95,True,3時間前,2026-06-20 01:28:40,大阪府
保育士新着,社会福祉法人門真福祉会,大阪府,"時給1,500円",派遣社員,派遣,求人ボックス,https://xn--pckua2a7gp15o89zb.com/jb/f9a7fe6bc4b13c3b192b026d62eba56c,True,19時間前,2026-06-20 01:28:40,大阪府
長期 ゆっくり9:30～経験いかせる旅行事務 月24万円↑ 西梅田新着,同じ業務ではたらく人がいる/経験を活かしてスキルアップ/同じ,大阪府,"時給1,600円",派遣社員,派遣,求人ボックス,https://xn--pckua2a7gp15o89zb.com/jb/0b3e8aedcb3cabd393cc868804d59abc,True,9時間前,2026-06-20 01:28:44,大阪府
扶養内OK 証券会社で電話受付と事務新着,ランスタッド株式会社,大阪府,"時給1,400円",派遣社員,派遣,求人ボックス,https://xn--pckua2a7gp15o89zb.com/jb/ade9ddb20b215c2d13b708388a1aee62,True,20時間前,2026-06-20 01:28:44,大阪府
AutoCADオペレーター スク卒歓迎 大手で始める新着,株式会社アットキャド,大阪府,"時給1,500円～1,700円",派遣社員,派遣,求人ボックス,https://xn--pckua2a7gp15o89zb.com/jb/b2f47210ac33eab3b0e3693acb58eb17,True,10時間前,2026-06-20 01:28:44,大阪府
グラフィックデザイナー 食品ラベルやパッケージ制作新着,株式会社フェローズ,大阪府,"時給1,400円",派遣社員,派遣,求人ボックス,https://xn--pckua2a7gp15o89zb.com/jb/049bcc939bfe73848abb758128532291,True,13時間前,2026-06-20 01:28:44,大阪府
営業事務／7月 超大手 40・50代活躍 月24万新着,パーソルテンプスタッフ株式会社,大阪府,"時給1,650円",派遣社員,派遣,求人ボックス,https://xn--pckua2a7gp15o89zb.com/jb/4433207837adf460f94174d91b2016d9,True,15時間前,2026-06-20 01:28:48,大阪府
「「大人気!日勤×土日祝休み!」」防災グッズなどの倉庫内軽作業新着,セブンエージェント株式会社,大阪府,"時給1,300円～",派遣社員,派遣,求人ボックス,https://xn--pckua2a7gp15o89zb.com/jb/7f2ed79ca8e0331c3ffcff6623ca67bb,True,17時間前,2026-06-20 01:28:48,大阪府
経理事務新着,株式会社リクルートスタッフィング,大阪府,"時給1,600円～",派遣社員,派遣,求人ボックス,https://xn--pckua2a7gp15o89zb.com/jb/6bc713a543a0e6a61f8ff3662edf28b6,True,16時間前,2026-06-20 01:28:48,大阪府
保育士新着,宗教法人光聖寺,大阪府,"時給1,600円",派遣社員,派遣,求人ボックス,https://xn--pckua2a7gp15o89zb.com/jb/c802d2a6725f76f9d23c0f41c910148c,True,19時間前,2026-06-20 01:28:51,大阪府
保険関連／損保事務新着,株式会社アソウ・ヒューマニーセンター,大阪府,"時給1,600円",派遣社員,派遣,求人ボックス,https://xn--pckua2a7gp15o89zb.com/jb/a573e50eaea18741460a8ab6dce7d61c,True,21時間前,2026-06-20 01:28:51,大阪府
通販サイト運営会社で給与社保事務新着,ヒューマンリソシア株式会社,大阪府,"時給1,600円",派遣社員,派遣,求人ボックス,https://xn--pckua2a7gp15o89zb.com/jb/e4b2ce9ea58413bf7bad48b4c44bf534,True,6時間前,2026-06-20 01:28:51,大阪府
保育士新着,株式会社LateralKids,大阪府,"時給1,500円",派遣社員,派遣,求人ボックス,https://xn--pckua2a7gp15o89zb.com/jb/df0a802b9a81282d0d18d339e9ad74fc,True,19時間前,2026-06-20 01:28:55,大阪府
保育補助新着,社会福祉法人蓮華会,大阪府,"時給1,550円",派遣社員,派遣,求人ボックス,https://xn--pckua2a7gp15o89zb.com/jb/e0861b09a743cdf4121609473cec07d9,True,19時間前,2026-06-20 01:28:55,大阪府
保育士新着,社会福祉法人小市福祉会,大阪府,"時給1,550円",派遣社員,派遣,求人ボックス,https://xn--pckua2a7gp15o89zb.com/jb/1bf068f2f3337c777da6002a13b33384,True,19時間前,2026-06-20 01:28:58,大阪府
保育士新着,社会福祉法人慈泉福祉会,大阪府,"時給1,430円",派遣社員,派遣,求人ボックス,https://xn--pckua2a7gp15o89zb.com/jb/20d98ce019d69bfd6e3096a8ab4d7d82,True,19時間前,2026-06-20 01:28:58,大阪府
未経験可の歯科衛生士新着,宇治ゆうた矯正歯科,京都府,"時給1,400円～1,800円",アルバイト・パート,歯科,求人ボックス,https://xn--pckua2a7gp15o89zb.com/jb/7344b9b3d5a1de09375b1f13b1c0223b,True,3時間前,2026-06-20 01:28:52,京都府
歯科衛生士／時短正社員求人／月給30万円～／担当制あり／社保・昇給新着,京都十条駅前歯科,京都府,月給30万円～,正社員,歯科,求人ボックス,https://xn--pckua2a7gp15o89zb.com/jb/f5979f4d07a80bd62eba35c6babc6522,True,23時間前,2026-06-20 01:28:52,京都府
歯科衛生士／京都南西病院新着,一般財団法人仁風会,京都府,月給20万円～25万,正社員,歯科,求人ボックス,https://xn--pckua2a7gp15o89zb.com/jb/34fe6ec0f7416dfb479bf3bef5cd2fa5,True,4時間前,2026-06-20 01:28:52,京都府
訪問歯科コーディネーター／訪問歯科コーディネーター新着,株式会社ケア21,京都府,"時給1,122円",アルバイト・パート,歯科,求人ボックス,https://xn--pckua2a7gp15o89zb.com/jb/8b6114885f1a7eadf5ed012f5736d9ed,True,10時間前,2026-06-20 01:28:52,京都府
正看護師／病棟 日勤のみ／西京都病院新着,医療法人京都翔医会,京都府,"月給26万3,000円",正社員,歯科,求人ボックス,https://xn--pckua2a7gp15o89zb.com/jb/f1bff4e5641f609e20747d68eb330014,True,6時間前,2026-06-20 01:28:52,京都府
看護師／訪問看護／一般病院／徒歩5分／月給最大30万円以上可能!入居可能住宅新着,医療法人福冨士会 京都ルネス病院,京都府,"月給22万6,235円",正社員,歯科,求人ボックス,https://xn--pckua2a7gp15o89zb.com/jb/77620ed60ae06fa2babd7228a5a87005,True,14時間前,2026-06-20 01:28:52,京都府
歯科衛生士／訪問／衛生士週1日～OK 実務経験1年以上ある方歓迎新着,京都駅前パール歯科,京都府,"時給1,600円～",アルバイト・パート,歯科,求人ボックス,https://xn--pckua2a7gp15o89zb.com/jb/7ea6b4bc6bf4e674b00fe8668bb08596,True,13時間前,2026-06-20 01:28:52,京都府
歯科衛生士／週2日から相談可能 駅チカ徒歩3分 日曜日・祝日休み!新着,ひきだ歯科医院,京都府,"時給1,600円～",アルバイト・パート,歯科,求人ボックス,https://xn--pckua2a7gp15o89zb.com/jb/63679a94aaf8b81597f937cdd7cf869e,True,13時間前,2026-06-20 01:28:52,京都府
歯科助手新着,ももご歯科,京都府,"時給1,150円～",アルバイト・パート,歯科,求人ボックス,https://xn--pckua2a7gp15o89zb.com/jb/e5c9e4cb036e1bb8308701d61bf96de8,True,20時間前,2026-06-20 01:28:52,京都府
ハンバーグレストランの飲食店スタッフ新着,BOSTON,大阪府,"時給1,300円～1,500円",アルバイト・パート,飲食,求人ボックス,https://xn--pckua2a7gp15o89zb.com/jb/67dd8d15ecba9d61d87b0da84485f0bf,True,19時間前,2026-06-20 01:28:48,大阪府
販売・飲食・サービス／高速料金所スタッフ新着,スタッフ,大阪府,"時給1,500円",,飲食,求人ボックス,https://xn--pckua2a7gp15o89zb.com/jb/52f2df4d2c9cf804d187ba55c2298832,True,18時間前,2026-06-20 01:28:49,大阪府
「彩都」大手物流企業で未経験から挑戦できるフォークリフトスタッフ新着,トランコムEX西日本株式会社,大阪府,月給22万700円,正社員,飲食,求人ボックス,https://xn--pckua2a7gp15o89zb.com/jb/cba015af26bdccdbc28ff83e9cbc7189,True,22時間前,2026-06-20 01:28:49,大阪府
レストラン・専門料理店新着,株式会社H&SKY,大阪府,月給22万円～25万円,正社員,飲食,求人ボックス,https://xn--pckua2a7gp15o89zb.com/jbn/c001497202b83822f32c1f72cd6b360b,True,10時間前,2026-06-20 01:28:49,大阪府
レストラン・専門料理店新着,株式会社DSD,大阪府,月給28万円～35万円,正社員,飲食,求人ボックス,https://xn--pckua2a7gp15o89zb.com/jbn/09447b1cdc16803e92d92ebfeab28e75,True,11時間前,2026-06-20 01:28:53,大阪府
レストラン・専門料理店新着,株式会社アキト,大阪府,月給30万円～40万円,正社員,飲食,求人ボックス,https://xn--pckua2a7gp15o89zb.com/jbn/c54acfd64ab02df0e120819b964f7382,True,11時間前,2026-06-20 01:28:53,大阪府
レストラン・専門料理店新着,株式会社セルビスサービス,大阪府,"月給33万3,000円",正社員,飲食,求人ボックス,https://xn--pckua2a7gp15o89zb.com/jbn/309d8967110554b9715d7bbba88c1341,True,11時間前,2026-06-20 01:28:56,大阪府
レストラン・専門料理店新着,株式会社曲田商店,大阪府,月給20万円～27万円,正社員,飲食,求人ボックス,https://xn--pckua2a7gp15o89zb.com/jbn/70345653ba97dd415e1f2d7a59cedea7,True,8時間前,2026-06-20 01:28:56,大阪府
レストラン・専門料理店新着,株式会社HASSIN,大阪府,月給24万円～35万円,正社員,飲食,求人ボックス,https://xn--pckua2a7gp15o89zb.com/jbn/c299e1753d604c8eb85f3fb432e4b3eb,True,9時間前,2026-06-20 01:28:56,大阪府
レストラン・専門料理店新着,クレバー物産株式会社,大阪府,月給28万円～35万円,正社員,飲食,求人ボックス,https://xn--pckua2a7gp15o89zb.com/jbn/cb066267e822297be4d226903b39661d,True,7時間前,2026-06-20 01:28:59,大阪府
レストラン・専門料理店新着,株式会社エフティー,大阪府,月給30万円～40万円,正社員,飲食,求人ボックス,https://xn--pckua2a7gp15o89zb.com/jbn/567c6a1c21fe019d392e57406bd159ac,True,11時間前,2026-06-20 01:28:59,大阪府
レストラン・専門料理店新着,株式会社Nexthero,大阪府,月給28万円～40万円,正社員,飲食,求人ボックス,https://xn--pckua2a7gp15o89zb.com/jbn/cf1b07f435d2c3d39de27385905d323b,True,10時間前,2026-06-20 01:28:59,大阪府
レストラン・専門料理店新着,株式会社ASH,大阪府,月給25万円～35万円,正社員,飲食,求人ボックス,https://xn--pckua2a7gp15o89zb.com/jbn/d02b7cc80a2c8e5360426062402611c2,True,13時間前,2026-06-20 01:28:59,大阪府
レストラン・専門料理店新着,株式会社ロン,大阪府,月給25万円～38万円,正社員,飲食,求人ボックス,https://xn--pckua2a7gp15o89zb.com/jbn/b4261442f03423aac742c53b908883ea,True,8時間前,2026-06-20 01:29:03,大阪府
レストラン・専門料理店新着,有限会社明大,大阪府,月給27万円～30万円,正社員,飲食,求人ボックス,https://xn--pckua2a7gp15o89zb.com/jbn/f68bb369ab3ec83e68fa97f8d916da87,True,9時間前,2026-06-20 01:29:03,大阪府
レストラン・専門料理店新着,株式会社スリーワイ・エム・ディ,大阪府,月給30万円～35万円,正社員,飲食,求人ボックス,https://xn--pckua2a7gp15o89zb.com/jbn/d40b57a7f4c95e840e8fee871beac114,True,12時間前,2026-06-20 01:29:03,大阪府
レストラン・専門料理店新着,医療法人清心会 八尾こころのホスピタル,大阪府,"月給15万7,000円",正社員,飲食,求人ボックス,https://xn--pckua2a7gp15o89zb.com/jbn/44ab35610a631fb6b2a750738f12fa75,True,10時間前,2026-06-20 01:29:03,大阪府
レストラン・専門料理店新着,サト・アークランドフードサービス株式会社,大阪府,"月給26万2,258円",正社員,飲食,求人ボックス,https://xn--pckua2a7gp15o89zb.com/jbn/9e6499756dbb8159e5bd6a1caa159a2c,True,9時間前,2026-06-20 01:29:07,大阪府
レストラン・専門料理店新着,株式会社ミルフィーユ,大阪府,月給22万円～30万円,正社員,飲食,求人ボックス,https://xn--pckua2a7gp15o89zb.com/jbn/427d03c42cbb9c475b530d3cfccc85ac,True,9時間前,2026-06-20 01:29:07,大阪府
レストラン・専門料理店新着,ロイヤルコントラクトサービス株式会社,大阪府,"月給22万8,000円",正社員,飲食,求人ボックス,https://xn--pckua2a7gp15o89zb.com/jbn/6f332056e312287713dddf166d96e201,True,11時間前,2026-06-20 01:29:07,大阪府
レストラン・専門料理店新着,株式会社ベストプランニング,大阪府,月給22万円～32万円,正社員,飲食,求人ボックス,https://xn--pckua2a7gp15o89zb.com/jbn/347e5d77a430dc82d6090a80ee36f434,True,9時間前,2026-06-20 01:29:10,大阪府
レストラン・専門料理店新着,株式会社ZOO,大阪府,月給24万円～30万円,正社員,飲食,求人ボックス,https://xn--pckua2a7gp15o89zb.com/jbn/791bb86336990e0e593177bc2525525e,True,11時間前,2026-06-20 01:29:10,大阪府
レストラン・専門料理店新着,株式会社フォーシーズ,大阪府,"月給24万4,000円",正社員,飲食,求人ボックス,https://xn--pckua2a7gp15o89zb.com/jbn/e82f25bd5588296cc6be346027e92e6e,True,8時間前,2026-06-20 01:29:10,大阪府
レストラン・専門料理店新着,株式会社ワールドサービス,大阪府,月給28万円～33万円,正社員,飲食,求人ボックス,https://xn--pckua2a7gp15o89zb.com/jbn/013729b80c76a30c44bcd1563efc7935,True,12時間前,2026-06-20 01:29:10,大阪府
レストラン・専門料理店新着,株式会社エイエイエスケータリング,大阪府,月給25万円～35万円,正社員,飲食,求人ボックス,https://xn--pckua2a7gp15o89zb.com/jbn/600e73eb2df564159f35e63dc9494004,True,10時間前,2026-06-20 01:29:12,大阪府
レストラン・専門料理店新着,株式会社ディアーズ・ブレイン,大阪府,月給23万円～32万円,正社員,飲食,求人ボックス,https://xn--pckua2a7gp15o89zb.com/jbn/cda2d35da859e6e4fb7c2c5a920a0da0,True,8時間前,2026-06-20 01:29:12,大阪府
レストラン・専門料理店新着,株式会社橋本屋,大阪府,月給30万円～40万円,正社員,飲食,求人ボックス,https://xn--pckua2a7gp15o89zb.com/jbn/c9e2c7fe3393261c68d335ef4f32a4b9,True,8時間前,2026-06-20 01:29:12,大阪府
"レストラン・専門料理店,レストラン・専門料理店新着",株式会社ZINO,大阪府,月給30万円～36万円,正社員,飲食,求人ボックス,https://xn--pckua2a7gp15o89zb.com/jbn/e098501daa6eb979fd25879388ab1d9e,True,10時間前,2026-06-20 01:29:12,大阪府
丸亀製麺阪南の接客スタッフ／月給23万～30万／大阪府阪南市勤務／賞与あり／インセンあり新着,株式会社トリドールホールディングス,大阪府阪南市勤務／賞与あり／インセンあり,月給23万～30万,正社員,飲食,求人ボックス,https://xn--pckua2a7gp15o89zb.com/jbn/e0859d48a4c30449e8aeadb12f7fcc53,True,13時間前,2026-06-20 01:29:16,大阪府
レストラン・専門料理店新着,株式会社ワンダーテーブル,大阪府,月給24万円～33万円,正社員,飲食,求人ボックス,https://xn--pckua2a7gp15o89zb.com/jbn/1652f1088061bc6aef61e3ce115ae992,True,11時間前,2026-06-20 01:29:16,大阪府
未経験採用枠の施工管理アシスタント／年間休日125日／月給35万円～新着,株式会社ツナグバ,大阪府,月給35万円～,正社員,飲食,求人ボックス,https://xn--pckua2a7gp15o89zb.com/jbn/89a69c789a246ebd27536baf76ca0b2b,True,3時間前,2026-06-20 01:29:16,大阪府
介護職／ヘルパー／夜勤パート／グループホーム／週1〜OK／曜日固定OK新着,社会福祉法人アイリス福祉会 グループホーム かた...,京都府,"日給1万5,000円",アルバイト・パート,介護,求人ボックス,https://xn--pckua2a7gp15o89zb.com/jbn/76bbac2a442018fd3d063a5be5ce2ca7,True,11時間前,2026-06-20 01:29:02,京都府
介護職／ヘルパー／介護付き有料老人ホーム／駅徒歩7分／週4日〜新着,セントスタッフ株式会社,京都府,"時給1,300円～1,450円",派遣社員,介護,求人ボックス,https://xn--pckua2a7gp15o89zb.com/jbn/8c49cf5fcf9d054e0248cca6e77c2113,True,11時間前,2026-06-20 01:29:06,京都府
介護職／ヘルパー／デイサービス／駅徒歩10分／週3日〜／日曜休み新着,医療法人医修会デイサ-ビスセンタ-朝凪,京都府,"時給1,122円～",アルバイト・パート,介護,求人ボックス,https://xn--pckua2a7gp15o89zb.com/jbn/50e0445ba6b55bd1fd74a0c2b36c4462,True,11時間前,2026-06-20 01:29:06,京都府
介護職／ヘルパー／サービス付き高齢者向け住宅新着,株式会社レイクス21,京都府,月給19万円～29万円,正社員,介護,求人ボックス,https://xn--pckua2a7gp15o89zb.com/jbn/2c1c88cc80b3c6a4c8779547e0deb627,True,11時間前,2026-06-20 01:29:10,京都府
介護職／ヘルパー／デイサービス／車通勤可／9:00〜16:30新着,株式会社アクティブ ワンズホームケアセンター,京都府,"時給1,122円～1,500円",アルバイト・パート,介護,求人ボックス,https://xn--pckua2a7gp15o89zb.com/jbn/05e5d278a39b76bd66725b91e78fd35b,True,11時間前,2026-06-20 01:29:13,京都府
介護職／ヘルパー／グループホーム／週3日〜／未経験可／マイカー通勤も可...新着,株式会社よろこび伏見,京都府,"時給1,122円～",アルバイト・パート,介護,求人ボックス,https://xn--pckua2a7gp15o89zb.com/jbn/3eda680ef15ec70dfd7443876433ddc2,True,11時間前,2026-06-20 01:29:16,京都府
介護職／ヘルパー／老人保健施設／年間休日110日／住宅／家族手当完備新着,社会医療法人健康会,京都府,"月給17万5,000円",正社員,介護,求人ボックス,https://xn--pckua2a7gp15o89zb.com/jbn/5dbe122f4317f096f52a9d5d2a3d0e77,True,11時間前,2026-06-20 01:29:16,京都府
介護職／ヘルパー／デイケア／車通勤可／賞与4／5か月新着,特定医療法人桃仁会,京都府,"月給19万9,500円",正社員,介護,求人ボックス,https://xn--pckua2a7gp15o89zb.com/jbn/22fec449a2dd8b07bf6c354a03729269,True,11時間前,2026-06-20 01:29:18,京都府
介護職／ヘルパー／グループホーム／駅徒歩9分／車通勤相談可新着,医療法人健幸会 グループホームさいわい,京都府,"月給17万6,000円",正社員,介護,求人ボックス,https://xn--pckua2a7gp15o89zb.com/jbn/bd6ae4a1742b3c97ba468c3c8e593d46,True,11時間前,2026-06-20 01:29:22,京都府
介護職／ヘルパー／グループホーム／駅近11分／日数／時間相談可能新着,株式会社ケア21,京都府,"時給1,122円～",アルバイト・パート,介護,求人ボックス,https://xn--pckua2a7gp15o89zb.com/jbn/c42857d3cadd5a101231dad1019db73a,True,11時間前,2026-06-20 01:29:26,京都府
介護職／ヘルパー／特別養護老人ホーム／車通勤可／住宅／扶養手当完備新着,医療法人仁恵会,京都府,"月給20万9,500円",正社員,介護,求人ボックス,https://xn--pckua2a7gp15o89zb.com/jbn/5331ee9a977954d14b615b256f2b13b5,True,11時間前,2026-06-20 01:29:26,京都府
介護職／ヘルパー／二条／小規模多機能型居宅介護新着,株式会社ケア21 たのしい家 西ノ京,京都府,"時給1,122円～",アルバイト・パート,介護,求人ボックス,https://xn--pckua2a7gp15o89zb.com/jbn/3f896d753d76b21698b61f22ad07ec81,True,11時間前,2026-06-20 01:29:26,京都府
介護職／ヘルパー／特別養護老人ホーム／駅徒歩圏内／扶養／住宅手当あり新着,社会福祉法人端山園,京都府,"月給19万9,560円",正社員,介護,求人ボックス,https://xn--pckua2a7gp15o89zb.com/jbn/9b60c087ca393d8bb2ebf149ab2e53b1,True,11時間前,2026-06-20 01:29:26,京都府
介護職／ヘルパー／グループホーム／年間休日116日／車通勤OK新着,社会福祉法人京都福祉サービス協会,京都府,"月給18万5,000円",正社員,介護,求人ボックス,https://xn--pckua2a7gp15o89zb.com/jbn/e1edb317c01e87f3efbf2236ed015a87,True,11時間前,2026-06-20 01:29:28,京都府
医療事務募集新着,医療法人くわた整形外科リウマチ科クリニック,京都府,月給23万円～,正社員,医療事務,求人ボックス,https://xn--pckua2a7gp15o89zb.com/jb/0c747530fb64d3a04884e67106852956,True,3時間前,2026-06-20 01:29:09,京都府
医療事務／外来医事／医療法人新生十全会 京都東山老年サナトリウム新着,株式会社メディカル・プラネット,京都府,"時給1,400円",派遣社員,医療事務,求人ボックス,https://xn--pckua2a7gp15o89zb.com/jb/45416c176350f23eea13f22e6a27c38b,True,8時間前,2026-06-20 01:29:09,京都府
医療事務募集新着,堀部眼科,京都府,月給20万円～24万,正社員,医療事務,求人ボックス,https://xn--pckua2a7gp15o89zb.com/jb/304c117c1aa44ff4fccdeef87ae3ba3b,True,4時間前,2026-06-20 01:29:10,京都府
医療事務 原則定時退社／賞与年2回／長期休暇取得も可能新着,医療法人社団蘇生会,京都府,"月給21万7,000円",正社員,医療事務,求人ボックス,https://xn--pckua2a7gp15o89zb.com/jb/d39ee8f117a98b983e58571841d5ce11,True,6時間前,2026-06-20 01:29:10,京都府
受付・医療事務新着,村瀬 脳神経・内科クリニック,京都府,"時給1,300円～",アルバイト・パート,医療事務,求人ボックス,https://xn--pckua2a7gp15o89zb.com/jb/3710bc6e11a6fa7f6b87149cf2fb2eb9,True,3時間前,2026-06-20 01:29:10,京都府
リラクゼーションセラピスト／未経験9割／マッサージ／無料研修あり／高時給／土日祝休みOK新着,ラフィネ イオンモール久御山店,京都府,"月給23万1,000円",正社員,医療事務,求人ボックス,https://xn--pckua2a7gp15o89zb.com/jbn/d059dfce3047890b5ed35cd6871fc1e9,True,18時間前,2026-06-20 01:29:10,京都府
セラピスト／ラフィネグループ／アロマテラピー／ヘッドスパ／ノルマなし／充実した研修制度新着,ラフィネプリュス 京都ポルタ店,京都府,"月給23万1,000円",正社員,医療事務,求人ボックス,https://xn--pckua2a7gp15o89zb.com/jbn/2d31bd8c3a1eab0067ff57ffbbc31d74,True,18時間前,2026-06-20 01:29:13,京都府
マッサージセラピスト／未経験OK／リラクゼーション／エステサロン／ヘッドスパ／20代～30代前半必見新着,REFLE 京都伊勢丹店,京都府,"月給23万1,000円",正社員,医療事務,求人ボックス,https://xn--pckua2a7gp15o89zb.com/jbn/72d2a7053606407dfcadebb0e159f2f1,True,18時間前,2026-06-20 01:29:13,京都府
セラピスト／リラクゼーション／未経験・経験に合わせた無料研修／アロマテラピー／ノルマなし新着,ラフィネプリュス イオンモール京都五条,京都府,"月給23万1,000円",正社員,医療事務,求人ボックス,https://xn--pckua2a7gp15o89zb.com/jbn/512ec36644ac5bba9b15dad964c0fcd2,True,18時間前,2026-06-20 01:29:13,京都府
マッサージセラピスト／未経験OK／リラクゼーション／エステサロン／ヘッドスパ／20代～30代前半必見新着,ラフィネ イオンモール北大路店,京都府,"月給23万1,000円",正社員,医療事務,求人ボックス,https://xn--pckua2a7gp15o89zb.com/jbn/e42a14bbefde02e8845c86eccb734a1d,True,18時間前,2026-06-20 01:29:16,京都府
事務職／介護／病院／車通勤可／7時間勤務／残業ほぼなし新着,セントスタッフ株式会社,京都府,"時給1,180円～",派遣社員,医療事務,求人ボックス,https://xn--pckua2a7gp15o89zb.com/jbn/7e3529c3cfffac72f5cc7942ca24bce8,True,11時間前,2026-06-20 01:29:16,京都府
リラクゼーションサロンのセラピスト／未経験OK／資格なし／アロマセラピー／エステサロン／ヘッドスパ新着,ラフィネ コトチカ四条駅店,京都府,"月給23万1,000円",正社員,医療事務,求人ボックス,https://xn--pckua2a7gp15o89zb.com/jbn/9d6beb92fa50099ca05873d60bd602ef,True,18時間前,2026-06-20 01:29:16,京都府
セラピスト／ラフィネグループ／アロマテラピー／ヘッドスパ／ノルマなし／充実した研修制度新着,ラフィネ イオンモール高の原店,京都府,"月給23万1,000円",正社員,医療事務,求人ボックス,https://xn--pckua2a7gp15o89zb.com/jbn/75f7dcd98013d189fee169812c56fde2,True,18時間前,2026-06-20 01:29:20,京都府
営業事務・20代活躍中・研修制度充実・年間休日125日以上・京都市下京区七条通新着,株式会社Meta Sales,京都府,"月給24万8,900円",正社員,医療事務,求人ボックス,https://xn--pckua2a7gp15o89zb.com/jbn/fd2c847ddaac953b05e5ecbb965f7654,True,8時間前,2026-06-20 01:29:20,京都府
セラピスト／大手ラフィネグループ／シフト制／マッサージリラクゼーション／高時給／インセンティブあり新着,ラフィネ 京都ファミリー店,京都府,"月給23万1,000円",正社員,医療事務,求人ボックス,https://xn--pckua2a7gp15o89zb.com/jbn/aaca5bf9bc6edbda763f07367966431e,True,18時間前,2026-06-20 01:29:22,京都府
受付事務・あたたかい雰囲気の職場・残業少なめ・第二新卒歓迎新着,株式会社Le Lien,京都府,"月給25万7,400円",正社員,医療事務,求人ボックス,https://xn--pckua2a7gp15o89zb.com/jbn/73082fdf43313a4c8da989871ab755a3,True,9時間前,2026-06-20 01:29:22,京都府
アロマセラピスト／未経験OK／エステサロン／業界最大手／マッサージ／独立支援新着,ラフィネ コトチカ御池店,京都府,"月給23万1,000円",正社員,医療事務,求人ボックス,https://xn--pckua2a7gp15o89zb.com/jbn/d728b1cd8ff3c83e9aceee81864857c2,True,18時間前,2026-06-20 01:29:22,京都府
アロマセラピスト／エステサロン／未経験OK／20代～30代女性必見／最大手ラフィネグループ新着,ラフィネ 京都三条店,京都府,"月給23万1,000円",正社員,医療事務,求人ボックス,https://xn--pckua2a7gp15o89zb.com/jbn/1947c4161f99036466b5dd96d73b3f34,True,18時間前,2026-06-20 01:29:25,京都府
マッサージセラピスト／未経験OK／ヘッドスパ／リラクゼーション／エステサロン／アロマテラピー新着,ラフィネ ラクト山科店,京都府,"月給23万1,000円",正社員,医療事務,求人ボックス,https://xn--pckua2a7gp15o89zb.com/jbn/c064b6659bd13a9565d7026ea0747b70,True,18時間前,2026-06-20 01:29:25,京都府
生活相談員／太秦天神川／嵐電天神川／社会福祉士／病院／駅徒歩3分新着,社会医療法人太秦病院,京都府,"月給18万1,350円",正社員,医療事務,求人ボックス,https://xn--pckua2a7gp15o89zb.com/jbn/ec1aa0612a5cf024b0676df20de910b3,True,11時間前,2026-06-20 01:29:28,京都府
「データから価値を生み出す」／データサイエンティスト／月収30万円以上可／未経験OK新着,株式会社SNJAPAN,京都府,月給27万円～34万円,正社員,医療事務,求人ボックス,https://xn--pckua2a7gp15o89zb.com/jbn/921295fab52df15f0014df567546daa4,True,11時間前,2026-06-20 01:29:28,京都府
未経験者大歓迎!つまらない仕事から楽しい仕事にしよう新着,株式会社秀創,京都府,月給22万円～38万円,正社員,医療事務,求人ボックス,https://xn--pckua2a7gp15o89zb.com/jb/b33a1ebf8f54ebd2dd6734347fd2c38f,True,8時間前,2026-06-20 01:29:28,京都府
「違和感に気づく力が活きる」／アプリチェックスタッフ／月収30万円以上可／未経験OK新着,このお仕事の特徴一般,京都府,月給27万円～34万円,正社員,医療事務,求人ボックス,https://xn--pckua2a7gp15o89zb.com/jbn/945872dc681fb1fc38747ebc56f69a1f,True,11時間前,2026-06-20 01:29:28,京都府
「シンプル作業でもしっかり収入」／アプリチェックスタッフ／月収30万円以上可／未経験歓迎／日払いOK新着,このお仕事の特徴一般,京都府,月給27万円～34万円,正社員,医療事務,求人ボックス,https://xn--pckua2a7gp15o89zb.com/jbn/307499ebe14498ce0faa3a9967af1356,True,11時間前,2026-06-20 01:29:30,京都府
「面白さを設計する仕事に挑戦」／ゲームプランナー／月収32万円以上可／未経験OK／昇給制度あり新着,このお仕事の特徴一般,京都府,月給27万円～34万円,正社員,医療事務,求人ボックス,https://xn--pckua2a7gp15o89zb.com/jbn/b60f60f31b5c7e2c437ce80bb5aaef8d,True,11時間前,2026-06-20 01:29:30,京都府
「ゲーム制作に関わる第一歩」／ゲームプログラマー／月収30万円以上可／未経験OK／20〜30代活躍中新着,このお仕事の特徴一般,京都府,月給27万円～34万円,正社員,医療事務,求人ボックス,https://xn--pckua2a7gp15o89zb.com/jbn/dcc1862fd642bced9884c71d473e8bf8,True,11時間前,2026-06-20 01:29:30,京都府
「ゲーム好きがそのまま仕事に!」／ゲームテスター／寮完備／月収30万円以上可／シンプル作業新着,このお仕事の特徴一般,京都府,月給27万円～34万円,正社員,医療事務,求人ボックス,https://xn--pckua2a7gp15o89zb.com/jbn/9c7a28c6576f637dab8fb943b98ba0bf,True,11時間前,2026-06-20 01:29:34,京都府
「面白いを考える仕事、始めませんか?」／ゲームプランナー／月収30万円以上可／未経験OK新着,このお仕事の特徴一般,京都府,月給27万円～34万円,正社員,医療事務,求人ボックス,https://xn--pckua2a7gp15o89zb.com/jbn/2ea04716a2b8836748b6923bf6774350,True,11時間前,2026-06-20 01:29:34,京都府
「データスキルを基礎から習得」／データサイエンティスト／月収30万円以上可／未経験歓迎／教育制度あり新着,このお仕事の特徴一般,京都府,月給27万円～34万円,正社員,医療事務,求人ボックス,https://xn--pckua2a7gp15o89zb.com/jbn/884be92564ec3332b35b4e2186609478,True,11時間前,2026-06-20 01:29:34,京都府
保育士／認可保育園／残業ほぼなし／駅から徒歩7分／認可保育園新着,社会福祉法人花立かがやき会,京都府,"月給19万7,940円",正社員,保育,求人ボックス,https://xn--pckua2a7gp15o89zb.com/jbn/32403ad2db61c6de25d8eeb5b9897da7,True,11時間前,2026-06-20 01:29:19,京都府
保育士／保育教諭／認定こども園／駅ちか／車通勤可／賞与年3回新着,社会福祉法人桜花学園,京都府,"月給19万5,640円",正社員,保育,求人ボックス,https://xn--pckua2a7gp15o89zb.com/jbn/8603e7fdaf82e83cb80f6e129d94ae52,True,11時間前,2026-06-20 01:29:20,京都府
保育士／認可保育園／残業なし／家庭的な乳児保育園／認可保育園新着,社会福祉法人希望福祉会,京都府,"月給17万5,340円",正社員,保育,求人ボックス,https://xn--pckua2a7gp15o89zb.com/jbn/502156d47476ba0fe8cc2b67ca69991a,True,11時間前,2026-06-20 01:29:23,京都府
保育士／認可保育園／駅ちか／賞与昇給あり／早番担当／認可保育園新着,社会福祉法人美樹和会,京都府,"時給1,200円～",アルバイト・パート,保育,求人ボックス,https://xn--pckua2a7gp15o89zb.com/jbn/81e61de54608332a6e2ea6791f54292a,True,11時間前,2026-06-20 01:29:26,京都府
保育士／認可保育園／賞与4／2か月／2018年4月開設／京都駅から徒歩...新着,社会福祉法人大谷感恩会,京都府,月給19万740円,正社員,保育,求人ボックス,https://xn--pckua2a7gp15o89zb.com/jbn/50b020e2c7285e4911368ff04f182ee7,True,11時間前,2026-06-20 01:29:26,京都府
保育士／認定こども園／正社員登用あり／週3日〜可／駅徒歩3分新着,社会福祉法人京都老人福祉協会,京都府,"時給1,140円～1,490円",正社員,保育,求人ボックス,https://xn--pckua2a7gp15o89zb.com/jbn/a44ba1d7b1b21e686d0e36db52782fad,True,11時間前,2026-06-20 01:29:26,京都府
保育士新着,社会福祉法人ゆりかご会,京都府,"時給1,450円",派遣社員,保育,求人ボックス,https://xn--pckua2a7gp15o89zb.com/jb/70729620c9ee5480292bc74ddca39f2d,True,19時間前,2026-06-20 01:29:29,京都府
保育士新着,株式会社真誠,京都府,"時給1,130円～1,150円",アルバイト・パート,保育,求人ボックス,https://xn--pckua2a7gp15o89zb.com/jb/83201c14c755a6fa94f7fb07214b6d77,True,19時間前,2026-06-20 01:29:33,京都府
保育士新着,株式会社明日葉,京都府,"時給1,450円～1,500円",派遣社員,保育,求人ボックス,https://xn--pckua2a7gp15o89zb.com/jb/0bf8f6887ceeead56621e986b8492889,True,19時間前,2026-06-20 01:29:36,京都府
保育士／小規模保育園／定員12名／8:00〜18:00内／週2日〜可新着,セントスタッフ株式会社,京都府,"時給1,300円～1,500円",派遣社員,保育,求人ボックス,https://xn--pckua2a7gp15o89zb.com/jbn/143f0e21a246afed78fcb69952953af5,True,11時間前,2026-06-20 01:29:39,京都府
保育士新着,社会福祉法人醍醐保育園,京都府,"月給20万4,000円",正社員,保育,求人ボックス,https://xn--pckua2a7gp15o89zb.com/jb/5f62261d76ec85c194e1d5e51fdf1589,True,19時間前,2026-06-20 01:29:39,京都府
保育士／認定こども園／賞与3／5か月／年間休日120日／勤続一時金あり新着,社会福祉法人夢工房,京都府,月給23万300円,正社員,保育,求人ボックス,https://xn--pckua2a7gp15o89zb.com/jbn/699a25f0256de5d72e9c84d7a0da654c,True,11時間前,2026-06-20 01:29:39,京都府
保育士／桂／認可保育園／定員120名／フルタイム／週5日勤務新着,社会福祉法人博光福祉会,京都府,"時給1,250円～1,580円",アルバイト・パート,保育,求人ボックス,https://xn--pckua2a7gp15o89zb.com/jbn/e64e896b1bbeb980dd77baed19db7783,True,11時間前,2026-06-20 01:29:39,京都府
保育士／四条／烏丸／認可外保育所／定員65名／週休2日制新着,株式会社HOPPA HOPPAからすま京都ホテル,京都府,"月給20万4,010円",正社員,保育,求人ボックス,https://xn--pckua2a7gp15o89zb.com/jbn/b1ba025115a496ebd25d25d113db73bc,True,11時間前,2026-06-20 01:29:42,京都府
保育士／認可保育園／定員90名／駅近／年間休日120日以上／認可保育園新着,社会福祉法人京都基督教福祉会,京都府,"月給21万4,140円",正社員,保育,求人ボックス,https://xn--pckua2a7gp15o89zb.com/jbn/460960480e4d15d32f4661c9e0562016,True,11時間前,2026-06-20 01:29:42,京都府
保育士新着,社会福祉法人不動園,京都府,"月給21万5,044円",正社員,保育,求人ボックス,https://xn--pckua2a7gp15o89zb.com/jb/ded6068a78430872c17398d16f9b1b2a,True,19時間前,2026-06-20 01:29:45,京都府
上場企業で美容師／業界大手の好待遇／カット専門新着,QBハウスイオンモール高の原,京都府,月給28万円～45万,正社員,美容,求人ボックス,https://xn--pckua2a7gp15o89zb.com/jbn/d0121a200818492baa918105285d6315,True,23時間前,2026-06-20 01:29:32,京都府
「ヘアカットに特化して活躍できる美容師」／急募／有休取得率80%以上新着,QBハウス洛北阪急スクエア,京都府,月給28万円～45万,正社員,美容,求人ボックス,https://xn--pckua2a7gp15o89zb.com/jbn/b7611a8bf999581bbd6a52b28c16735c,True,23時間前,2026-06-20 01:29:33,京都府
業界大手の美容師／ブランク歓迎／上場企業新着,QBハウスイオンモール京都五条,京都府,月給28万円～45万,正社員,美容,求人ボックス,https://xn--pckua2a7gp15o89zb.com/jbn/b183d7cca6e2511568d37347050fe526,True,23時間前,2026-06-20 01:29:35,京都府
「ノルマ・歩合制なし、営業トークは必要なしの美容師募集」／主婦歓迎新着,QBハウスイオンモール北大路,京都府,月給28万円～45万,正社員,美容,求人ボックス,https://xn--pckua2a7gp15o89zb.com/jbn/d53f8157a122e2b6a893c962bdfc0083,True,23時間前,2026-06-20 01:29:35,京都府
美容師／スタイリスト新着,ROSY,京都府,月給23万円～50万円,正社員,美容,求人ボックス,https://xn--pckua2a7gp15o89zb.com/jb/4b6f28f58c019b183d03884a3d877647,True,3時間前,2026-06-20 01:29:38,京都府
美容師新着,株式会社あまた,京都府,月給24万円,正社員,美容,求人ボックス,https://xn--pckua2a7gp15o89zb.com/jb/40e919ab2ad06cd6d46d1f7c32128fda,True,3時間前,2026-06-20 01:29:40,京都府
美容師スタイリスト及びアシスタント／フリンジ新着,株式会社みつまる美容室,京都府,月給20万円～40万円,正社員,美容,求人ボックス,https://xn--pckua2a7gp15o89zb.com/jb/6f77aa7308d3b18cf93b1c10b879346b,True,3時間前,2026-06-20 01:29:40,京都府
美容師新着,sora hair make,京都府,"月給19万5,000円",正社員,美容,求人ボックス,https://xn--pckua2a7gp15o89zb.com/jb/bcbad4afd2eba27b438c79bf34810651,True,3時間前,2026-06-20 01:29:43,京都府
アイリスト募集・駅近5分以内新着,SSIN STUDIO 京都河原町店,京都府,"月給27万2,500円",正社員,美容,求人ボックス,https://xn--pckua2a7gp15o89zb.com/jb/195f3b6a8c8a532968283d88b58cf6de,True,3時間前,2026-06-20 01:29:43,京都府
アイリスト募集・駅近5分以内新着,SSIN STUDIO鳥丸店,京都府,"月給27万2,500円",正社員,美容,求人ボックス,https://xn--pckua2a7gp15o89zb.com/jb/93f1bac134e8fec2c6d52b999a5598ce,True,3時間前,2026-06-20 01:29:46,京都府
アイリスト募集・駅近5分以内新着,SSIN STUDIO 京都店,京都府,"月給27万2,500円",正社員,美容,求人ボックス,https://xn--pckua2a7gp15o89zb.com/jb/0b858fce4e3ae7562ff2856d28b45e36,True,3時間前,2026-06-20 01:29:46,京都府
「まだ間に合う!」未経験採用枠／製造工場での軽作業・カプセルトイ／年間休日125日以上新着,株式会社RIOT,京都府,月給28万円～50万円,正社員,美容,求人ボックス,https://xn--pckua2a7gp15o89zb.com/jbn/c6dfb9ef100333dd1ab7b66d00f6fe1e,True,2時間前,2026-06-20 01:29:46,京都府
20代30代活躍中／未経験から活躍できるエンジニアスタッフ／昇給年2回・賞与年2回新着,アンテリジャンス株式会社,京都府,月給28万円～60万円,正社員,美容,求人ボックス,https://xn--pckua2a7gp15o89zb.com/jbn/58a8a9f190939c58eb8ad33da70f802d,True,3時間前,2026-06-20 01:29:49,京都府
「まだ間に合う!」未経験採用枠／製造工場での軽作業・カプセルトイ／研修充実新着,Yts株式会社,京都府,月給28万円～50万円,正社員,美容,求人ボックス,https://xn--pckua2a7gp15o89zb.com/jbn/2fb72a33e09c2378ff5f95ce44449014,True,3時間前,2026-06-20 01:29:49,京都府
「まだ間に合う!」未経験採用枠／ガチャガチャ製造／年間休日125日以上新着,株式会社小林,京都府,月給28万円～50万円,正社員,美容,求人ボックス,https://xn--pckua2a7gp15o89zb.com/jbn/28e68dba563ccd991db34e972118e275,True,3時間前,2026-06-20 01:29:49,京都府
建設現場作業員 「建設って難しそう…」そんな方もOK!未経験から月給27万円新着,株式会社ダイサン,京都府,月給27万円,正社員,建設,求人ボックス,https://xn--pckua2a7gp15o89zb.com/jb/ec1da44d2d0290178ff3b7dd0aa8eb3d,True,7時間前,2026-06-20 01:29:36,京都府
土日休み&賞与年3回／車通勤OK新着,清水プラス株式会社,京都府,月給21万円～36万円,正社員,建設,求人ボックス,https://xn--pckua2a7gp15o89zb.com/jb/1fbd4490d35ae7ee95099f2b5fa48ead,True,13時間前,2026-06-20 01:29:36,京都府
「残業ほぼなし!」建設機械レンタル会社で未経験から一般事務 長期で安定して働ける新着,UTエージェント株式会社,京都府,"時給1,300円",正社員,建設,求人ボックス,https://xn--pckua2a7gp15o89zb.com/jb/d7b300dba46ac0568aae3b026a18db5d,True,19時間前,2026-06-20 01:29:36,京都府
ミニ家電パーツの組立・梱包／未経験歓迎／単純作業／寮費無料／履歴書不要新着,株式会社Neo Boost人事採用部,京都府,"時給1,520円～1,900円",アルバイト・パート,建設,求人ボックス,https://xn--pckua2a7gp15o89zb.com/jb/30ba5203a96ac40ccde5b50d7814f139,True,22時間前,2026-06-20 01:29:36,京都府
セロハンテープの検品・梱包／未経験OK／寮完備／軽作業／履歴書不要新着,株式会社Neo Boost 人事採用1課,京都府,"時給1,480円～1,850円",アルバイト・パート,建設,求人ボックス,https://xn--pckua2a7gp15o89zb.com/jb/2ed1803ba8adc917ece905a18aa4e121,True,22時間前,2026-06-20 01:29:36,京都府
トレカの検品・梱包／未経験OK／寮完備／シンプル作業／履歴書不要新着,株式会社Neo Boost 人事採用課,京都府,"時給1,480円～1,850円",アルバイト・パート,建設,求人ボックス,https://xn--pckua2a7gp15o89zb.com/jb/713340a54cfe5954a76c9095a19207a9,True,22時間前,2026-06-20 01:29:36,京都府
「京都」1級管工事施工管理／残業ほぼゼロ／土日祝休／創業60年の安定基盤／副業OK新着,非​​公​​開,京都府,年収450万円～600万円,正社員,建設,求人ボックス,https://xn--pckua2a7gp15o89zb.com/jb/2abf6ad560211b6b6a227513cf461011,True,16時間前,2026-06-20 01:29:36,京都府
カップキャンドルの梱包／寮完備／未経験OK／履歴書不要／シンプル作業新着,株式会社KIエージェント人事窓口3課,京都府,"時給1,480円～1,850円",アルバイト・パート,建設,求人ボックス,https://xn--pckua2a7gp15o89zb.com/jb/5f8fdc408c9e12be23f7d1c21204daf4,True,5時間前,2026-06-20 01:29:37,京都府
コスメ用品の梱包／未経験OK／寮完備／工場／軽作業／住み込み新着,株式会社KIエージェント製造部2課,京都府,月給28万円～32万円,正社員,建設,求人ボックス,https://xn--pckua2a7gp15o89zb.com/jb/392e6fe673e9d3254c8b483129463134,True,5時間前,2026-06-20 01:29:37,京都府
コスメ用品の梱包／未経験OK／寮完備／工場／軽作業／住み込み新着,株式会社KIエージェント製造部1課,京都府,月給28万円～32万円,正社員,建設,求人ボックス,https://xn--pckua2a7gp15o89zb.com/jb/0034a2270cf297f0c05e9d0534ee197f,True,5時間前,2026-06-20 01:29:37,京都府
施工管理・工事監理者 設備・電気・空調新着,株式会社第一土木,京都府,年収400万円～850万円,正社員,建設,求人ボックス,https://xn--pckua2a7gp15o89zb.com/jb/3edd1e4e71494efea865697f91a5943c,True,7時間前,2026-06-20 01:29:37,京都府
お掃除シートの検品／未経験歓迎／シンプル作業／寮完備／住み込み新着,株式会社Neo Boost人事採用部,京都府,月給28万円～32万円,正社員,建設,求人ボックス,https://xn--pckua2a7gp15o89zb.com/jb/ae0865ac0c0b4fc13cf3515fe7368667,True,22時間前,2026-06-20 01:29:37,京都府
お掃除シートの検品／未経験歓迎／シンプル作業／寮完備／住み込み新着,株式会社Neo Boost 人事採用1課,京都府,月給28万円～32万円,正社員,建設,求人ボックス,https://xn--pckua2a7gp15o89zb.com/jb/27577bbfcabed9d5b0276243d529b9af,True,22時間前,2026-06-20 01:29:37,京都府
カップキャンドルの梱包／寮完備／未経験OK／履歴書不要／シンプル作業新着,株式会社KIエージェント人事窓口2課,京都府,"時給1,480円～1,850円",アルバイト・パート,建設,求人ボックス,https://xn--pckua2a7gp15o89zb.com/jb/f5d014286221de0b4214245955e05db9,True,5時間前,2026-06-20 01:29:39,京都府
コスメ用品の梱包／未経験OK／寮完備／工場／軽作業／住み込み新着,株式会社KIエージェント第一営業部,京都府,月給28万円～32万円,正社員,建設,求人ボックス,https://xn--pckua2a7gp15o89zb.com/jb/97e0bd5c4f2cead5dc45afef0e0ca6c9,True,5時間前,2026-06-20 01:29:39,京都府
「予約制の送迎ドライバー」週3日勤務で月収40万円以上／未経験OK／20代～50代が活躍中新着,建設,京都府,"月給47万7,000円",正社員,建設,求人ボックス,https://xn--pckua2a7gp15o89zb.com/jbn/d8f103596e004601c5737b19a38c6d6c,True,16時間前,2026-06-20 01:29:39,京都府
役員・著名人の予約送迎ドライバー／普通免許OK・AT限定可／未経験から正社員へ／週3日勤務可新着,未経験OK,京都府,"月給47万7,000円",正社員,建設,求人ボックス,https://xn--pckua2a7gp15o89zb.com/jbn/578902dde072e3f69bfacd650368cf47,True,15時間前,2026-06-20 01:29:39,京都府
週3勤務の予約送迎ドライバー／普通免許OK／未経験から正社員へ／履歴書不要／賞与年2回新着,未経験OK,京都府,"月給47万7,000円",正社員,建設,求人ボックス,https://xn--pckua2a7gp15o89zb.com/jbn/e335897cd69f93bb3b46f2f4c2c07f17,True,16時間前,2026-06-20 01:29:39,京都府
週3勤務の役員送迎ドライバー／普通免許だけで応募OK／予約中心で落ち着いて働ける／賞与年2回新着,未経験OK,京都府,"月給47万7,000円",正社員,建設,求人ボックス,https://xn--pckua2a7gp15o89zb.com/jbn/049ae1ea3a64bb6552f9fb528f59817d,True,16時間前,2026-06-20 01:29:43,京都府
役員・VIP送迎ドライバー／普通免許OK／年収600万円以上も可／履歴書不要／退職金制度あり新着,未経験OK,京都府,"月給47万7,000円",正社員,建設,求人ボックス,https://xn--pckua2a7gp15o89zb.com/jbn/4c69511edb1b803084a6bc0820fa1b10,True,16時間前,2026-06-20 01:29:43,京都府
「予約中心で安心」役員送迎ドライバー／年収600万円以上／未経験歓迎新着,...以下のような経験をお持ちの方は特に歓迎します。・軽貨物ドライバー・ルート配送スタッフ・宅配ドライバー・タクシー運転手・大型トラックドライバー・フォークリフトオペレーター・,京都府,"月給45万7,000円",正社員,建設,求人ボックス,https://xn--pckua2a7gp15o89zb.com/jbn/723283b259b521f2bd518f293d10f69a,True,18時間前,2026-06-20 01:29:43,京都府
「役員運転手」月内採用／夜勤／履歴書不要／月収50万円以上／正社員採用／社会保険完備新着,...以下のような経験をお持ちの方は特に歓迎します。・軽貨物ドライバー・ルート配送スタッフ・宅配ドライバー・タクシー運転手・大型トラックドライバー・フォークリフトオペレーター・,京都府,"月給45万6,500円",正社員,建設,求人ボックス,https://xn--pckua2a7gp15o89zb.com/jbn/152d9293ff4cdb6c6c4eb312d91a7dae,True,18時間前,2026-06-20 01:29:43,京都府
役員運転手「週3勤務」資格取得支援あり／月収40万円以上／安定収入／転職回数不問新着,...以下のような経験をお持ちの方は特に歓迎します。・軽貨物ドライバー・ルート配送スタッフ・宅配ドライバー・タクシー運転手・大型トラックドライバー・フォークリフトオペレーター・,京都府,"月給45万6,000円",正社員,建設,求人ボックス,https://xn--pckua2a7gp15o89zb.com/jbn/0aba43ea9cc55cac23b5608d2142a39b,True,18時間前,2026-06-20 01:29:43,京都府
「高収入」夜勤／役員運転手／定期送迎「月収50万円以上可能／安定収入／賞与年2回」新着,建設・,京都府,"月給45万7,000円",正社員,建設,求人ボックス,https://xn--pckua2a7gp15o89zb.com/jbn/004287356b78ec14294bf4e8015db88f,True,18時間前,2026-06-20 01:29:43,京都府
「週3日勤務で高収入」役員送迎ドライバー／家族手当あり／賞与年2回新着,...以下のような経験をお持ちの方は特に歓迎します。・軽貨物ドライバー・ルート配送スタッフ・宅配ドライバー・タクシー運転手・大型トラックドライバー・フォークリフトオペレーター・,京都府,"月給45万7,000円",正社員,建設,求人ボックス,https://xn--pckua2a7gp15o89zb.com/jbn/c6dbde2ffbdd6ec3bbdf958365c2a465,True,18時間前,2026-06-20 01:29:43,京都府
「月内採用」役員運転手・夜勤／職歴不問／未経験OK／1年目年収600万円以上可／賞与年2回新着,作業,京都府,"月給45万6,500円",正社員,建設,求人ボックス,https://xn--pckua2a7gp15o89zb.com/jbn/9911dbb2538c0cdaed15f756dcd16f7f,True,18時間前,2026-06-20 01:29:43,京都府
夜勤タクシードライバー／未経験スタートOK／年2回のボーナス支給あり／資格取得支援制度あり新着,作業,京都府,"月給45万8,500円",正社員,建設,求人ボックス,https://xn--pckua2a7gp15o89zb.com/jbn/b2d88a8768db0699036270b4f688e7b2,True,18時間前,2026-06-20 01:29:46,京都府
「タレント／芸能」送迎ドライバー／週3勤務／学歴不問／1年目月収50万以上／賞与年2回新着,建設・,京都府,"月給45万6,000円",正社員,建設,求人ボックス,https://xn--pckua2a7gp15o89zb.com/jbn/fd45b5bbfabd61c575505e9f8e3c55c2,True,18時間前,2026-06-20 01:29:46,京都府
「即入社相談可」夜間送迎スタッフ／履歴書不要／安定の正社員雇用新着,作業,京都府,"月給47万7,000円",正社員,建設,求人ボックス,https://xn--pckua2a7gp15o89zb.com/jbn/e5f945903031886a0814f296a481ab65,True,19時間前,2026-06-20 01:29:46,京都府
「普通免許のみOK」役員ドライバー／資格不問・月収50万以上可・賞与年2回新着,...以下のような経験をお持ちの方は特に歓迎します。・軽貨物ドライバー・ルート配送スタッフ・宅配ドライバー・タクシー運転手・大型トラックドライバー・フォークリフトオペレーター・,京都府,"月給47万6,500円",正社員,建設,求人ボックス,https://xn--pckua2a7gp15o89zb.com/jbn/402b3017b1824dbb03c97651bd4eb887,True,19時間前,2026-06-20 01:29:46,京都府
「未経験歓迎」役員専属ドライバー／月収50万円以上可／退職金制度あり新着,...以下のような経験をお持ちの方は特に歓迎します。・軽貨物ドライバー・ルート配送スタッフ・宅配ドライバー・タクシー運転手・大型トラックドライバー・フォークリフトオペレーター・,京都府,"月給47万6,000円",正社員,建設,求人ボックス,https://xn--pckua2a7gp15o89zb.com/jbn/d5122c0b5984704e11df2feff69dccac,True,19時間前,2026-06-20 01:29:46,京都府
「正社員」週3勤務の送迎ドライバー／未経験者活躍中／年収500万円以上可能／土日祝休み取得可新着,建設・,京都府,"月給47万8,500円",正社員,建設,求人ボックス,https://xn--pckua2a7gp15o89zb.com/jbn/29faa79cb83e8eec6ddd9db20afe9f92,True,19時間前,2026-06-20 01:29:46,京都府
役員送迎ドライバー／未経験歓迎／会食・空港送迎中心／年収600万円以上可新着,建設・,京都府,"月給45万7,000円",正社員,建設,求人ボックス,https://xn--pckua2a7gp15o89zb.com/jbn/f2b2fcc6e5f8065676f38a21885d4998,True,19時間前,2026-06-20 01:29:46,京都府
「予約中心だから未経験でも安心」ハイヤードライバー／週3勤務／月収50万円以上可新着,建設・,京都府,"月給47万8,000円",正社員,建設,求人ボックス,https://xn--pckua2a7gp15o89zb.com/jbn/3244a79785ab9c60fa0f5ac304da68a3,True,19時間前,2026-06-20 01:29:48,京都府
「内定までスピーディー」夜勤送迎ドライバー／履歴書不要／未経験OK／月収50万円以上新着,作業,京都府,"月給47万7,000円",正社員,建設,求人ボックス,https://xn--pckua2a7gp15o89zb.com/jbn/194ca75e4268a9f6593c18f1cc8c611e,True,19時間前,2026-06-20 01:29:48,京都府
「1年目から高収入可能」役員運転手／週3勤務／福利厚生充実新着,作業,京都府,"月給47万6,500円",正社員,建設,求人ボックス,https://xn--pckua2a7gp15o89zb.com/jbn/17169630af95b3d7b86f8a2b7519e9ac,True,19時間前,2026-06-20 01:29:48,京都府
「夜勤で稼げる」役員送迎ドライバー／普通免許のみOK／年収600万円以上可／賞与年2回新着,...以下のような経験をお持ちの方は特に歓迎します。・軽貨物ドライバー・ルート配送スタッフ・宅配ドライバー・タクシー運転手・大型トラックドライバー・フォークリフトオペレーター・,京都府,"月給47万6,000円",正社員,建設,求人ボックス,https://xn--pckua2a7gp15o89zb.com/jbn/2f39212aa071cfc1bb1618c90b210711,True,19時間前,2026-06-20 01:29:48,京都府
夜間専属ハイヤードライバー／月収50万円以上可能／賞与年2回／普通免許のみで応募可新着,...以下のような経験をお持ちの方は特に歓迎します。・軽貨物ドライバー・ルート配送スタッフ・宅配ドライバー・タクシー運転手・大型トラックドライバー・フォークリフトオペレーター・,京都府,"月給45万7,000円",正社員,建設,求人ボックス,https://xn--pckua2a7gp15o89zb.com/jbn/defeea73bd2217007a6b30ad5850e75b,True,19時間前,2026-06-20 01:29:48,京都府
「週3日勤務で年収600万円も可能」役員送迎ドライバー／普通免許のみOK／未経験歓迎／賞与年2回新着,建設・,京都府,"月給47万8,000円",正社員,建設,求人ボックス,https://xn--pckua2a7gp15o89zb.com/jbn/e28e05fab5b4328fd6bf50918af43e43,True,19時間前,2026-06-20 01:29:48,京都府
「VIP送迎中心」夜勤ハイヤードライバー／年収600万円以上／賞与年2回新着,建設・,京都府,"月給45万8,500円",正社員,建設,求人ボックス,https://xn--pckua2a7gp15o89zb.com/jbn/12e32d54a06dd031792023fa2558014a,True,18時間前,2026-06-20 01:29:48,京都府
送迎ドライバー／週3勤務／異業種からの転職歓迎新着,建設・,京都府,"月給45万8,000円",正社員,建設,求人ボックス,https://xn--pckua2a7gp15o89zb.com/jbn/d1d0148f0bd4d5621ab06ef678fa436a,True,18時間前,2026-06-20 01:29:52,京都府
「夜勤でしっかり稼ぐ」VIP送迎ドライバー／残業少なめ／正社員採用／賞与あり新着,...以下のような経験をお持ちの方は特に歓迎します。・軽貨物ドライバー・ルート配送スタッフ・宅配ドライバー・タクシー運転手・大型トラックドライバー・フォークリフトオペレーター・,京都府,"月給45万7,000円",正社員,建設,求人ボックス,https://xn--pckua2a7gp15o89zb.com/jbn/3d1d5853d2b57b33506e1c57a24cb14a,True,18時間前,2026-06-20 01:29:52,京都府
「二種免許不要・週3勤務・役員運転手」研修あり／賞与あり／アルファード送迎新着,作業,京都府,"月給47万8,500円",正社員,建設,求人ボックス,https://xn--pckua2a7gp15o89zb.com/jbn/d7737b569d55a539b2623f30baf5628a,True,19時間前,2026-06-20 01:29:52,京都府
VIP専属送迎スタッフ／普通免許のみで応募OK／週3日勤務／賞与あり／高収入実現可能新着,作業,京都府,"月給47万8,000円",正社員,建設,求人ボックス,https://xn--pckua2a7gp15o89zb.com/jbn/423fc3eda353b3bd4d3e6fc3702b5651,True,18時間前,2026-06-20 01:29:52,京都府
パイプ製造新着,建設,京都府,月給29万円～47万円,正社員,建設,求人ボックス,https://xn--pckua2a7gp15o89zb.com/jb/ad2c9517653d130404eac22c9bfd527f,True,4時間前,2026-06-20 01:29:52,京都府
人気の一般事務／土日祝お休みでプライベート充実／残業少な目新着,日本テクニカル株式会社 大阪,京都府,"時給1,400円",派遣社員,事務,求人ボックス,https://xn--pckua2a7gp15o89zb.com/jb/783b7b2eacd14d020fcf253cb65cfd43,True,4時間前,2026-06-20 01:29:48,京都府
一般事務新着,株式会社京和梱包運輸,京都府,"時給1,130円",正社員,事務,求人ボックス,https://xn--pckua2a7gp15o89zb.com/jb/e61e601d937583eeed7945ae9181b785,True,16時間前,2026-06-20 01:29:48,京都府
一般事務／土日祝休／賞与あり／受付事務経験者歓迎／未経験歓迎／総務事務新着,一般事務,京都府,月給28万円～34万円,正社員,事務,求人ボックス,https://xn--pckua2a7gp15o89zb.com/jbn/6e2b09ef183fb9d4e9338ef363b21b14,True,7時間前,2026-06-20 01:29:49,京都府
一般事務／総務事務／土日祝休み／受付事務経験者歓迎／賞与あり新着,一般事務,京都府,月給28万円～34万円,正社員,事務,求人ボックス,https://xn--pckua2a7gp15o89zb.com/jbn/87606d8d472190c60b3632ea35268598,True,7時間前,2026-06-20 01:29:49,京都府
一般事務／学歴不問／推し活応援／ヘルプデスク／ボーナスあり新着,一般事務,京都府,月給28万円～34万円,正社員,事務,求人ボックス,https://xn--pckua2a7gp15o89zb.com/jbn/f1f4de19927aff7564a3f762e0408aac,True,6時間前,2026-06-20 01:29:51,京都府
製造メーカーでの一般事務／20代～40代活躍中／経験者歓迎新着,株式会社ティーエム・テックス,京都府,"時給1,400円～",派遣社員,事務,求人ボックス,https://xn--pckua2a7gp15o89zb.com/jbn/84e12fde71dcf8269053d2817ca645a3,True,19時間前,2026-06-20 01:29:51,京都府
「未経験からオフィスワークデビュー」／一般事務スタッフ／有給取得率90...新着,一般事務,京都府,月給25万円～28万円,正社員,事務,求人ボックス,https://xn--pckua2a7gp15o89zb.com/jbn/89a7cf8c2ee87d1dd9a3f74e8d7b3dd5,True,6時間前,2026-06-20 01:29:55,京都府
事務／受付事務経験者歓迎／土日祝休／チームワーク重視／一般事務新着,一般事務,京都府,月給28万円～34万円,正社員,事務,求人ボックス,https://xn--pckua2a7gp15o89zb.com/jbn/f4596cee14897427155bccc26d48de4d,True,7時間前,2026-06-20 01:29:55,京都府
一般事務／推し活応援／ボーナスあり／土日祝休／学歴不問／ヘルプデスク新着,一般事務,京都府,月給28万円～34万円,正社員,事務,求人ボックス,https://xn--pckua2a7gp15o89zb.com/jbn/ccc70fefc4feb93ec4d7be9c6df805dc,True,6時間前,2026-06-20 01:29:58,京都府
PC入力できればOK!コツコツ進めるオフィスワーク／一般事務スタッフ新着,株式会社LOP,京都府,"月給26万5,400円",正社員,事務,求人ボックス,https://xn--pckua2a7gp15o89zb.com/jbn/da879d06c4db644d74b21339400dad92,True,8時間前,2026-06-20 01:29:58,京都府
「未経験からオフィスワークデビュー」／一般事務スタッフ／年間休日125...新着,一般事務,京都府,月給25万円～28万円,正社員,事務,求人ボックス,https://xn--pckua2a7gp15o89zb.com/jbn/4180c725ddd1ad20e361e1caee1fcb69,True,6時間前,2026-06-20 01:29:58,京都府
一般事務職・完全週休二日制新着,株式会社carina,京都府,月給23万円～28万,正社員,事務,求人ボックス,https://xn--pckua2a7gp15o89zb.com/jb/312b6a7ac4d53c03e26f2b3d76daf4b1,True,7時間前,2026-06-20 01:29:58,京都府
「大手企業でオフィスワークデビュー!」／一般事務／未経験95%新着,一般事務,京都府,"月給25万9,000円",正社員,事務,求人ボックス,https://xn--pckua2a7gp15o89zb.com/jbn/17c76638ba4bc34f2ad67f5d8b3afcfb,True,5時間前,2026-06-20 01:30:00,京都府
「PC入力から始める事務ワーク」／一般事務スタッフ／研修あり／昇給あり新着,一般事務,京都府,月給25万円～28万円,正社員,事務,求人ボックス,https://xn--pckua2a7gp15o89zb.com/jbn/d2566f157e703e0aa1440d233bbea321,True,6時間前,2026-06-20 01:30:00,京都府
一般事務／事務スタッフ／土日休み／学歴不問／PC作業／正社員デビュー新着,一般事務,京都府,月給28万円～34万円,正社員,事務,求人ボックス,https://xn--pckua2a7gp15o89zb.com/jbn/a431ff6f565360b3ba18c46c0e0dfead,True,6時間前,2026-06-20 01:30:03,京都府
「新生活デビュー応援!」未経験採用枠／一般事務／研修充実新着,株式会社小林,京都府,月給25万円～40万円,正社員,事務,求人ボックス,https://xn--pckua2a7gp15o89zb.com/jbn/694c3013107dfde33f0b39f44e57c210,True,2時間前,2026-06-20 01:30:03,京都府
事務／未経験OK／正社員デビュー／WワークOK／一般事務／タイピング新着,一般事務,京都府,月給28万円～34万円,正社員,事務,求人ボックス,https://xn--pckua2a7gp15o89zb.com/jbn/5e8929beaf0368b23e6ad03fe2169d9e,True,7時間前,2026-06-20 01:30:03,京都府
オフィスワークデビュー歓迎／一般事務／未経験歓迎／正社員採用新着,BCC株式会社,京都府,"月給28万3,000円",正社員,事務,求人ボックス,https://xn--pckua2a7gp15o89zb.com/jbn/397e3da0d24f819a2441ae87f4217cd7,True,7時間前,2026-06-20 01:30:03,京都府
「新生活デビュー応援!」未経験採用枠／一般事務／資格取得支援新着,Yts株式会社,京都府,月給25万円～40万円,正社員,事務,求人ボックス,https://xn--pckua2a7gp15o89zb.com/jbn/cf01377aa40f641000ddba5461f6f414,True,2時間前,2026-06-20 01:30:03,京都府
「福利厚生充実の注目求人!」／一般事務／未経験歓迎／完全週休2日制新着,一般事務,京都府,月給25万円～30万円,正社員,事務,求人ボックス,https://xn--pckua2a7gp15o89zb.com/jbn/a09f9054795837346f1b50c11456f2fb,True,4時間前,2026-06-20 01:30:06,京都府
20代から始める安定ワーク／一般事務／オフィスワーク／スピード選考新着,一般事務,京都府,"月給27万5,000円",正社員,事務,求人ボックス,https://xn--pckua2a7gp15o89zb.com/jbn/eae55dcb1e73456c7836246609d22a8f,True,6時間前,2026-06-20 01:30:06,京都府
「27卒・新卒」事務職デビュー応援!PC入力ができればOKの一般事務新着,一般事務,京都府,月給24万円～35万円,正社員,事務,求人ボックス,https://xn--pckua2a7gp15o89zb.com/jbn/2bba045a4b9647724a02a9599e550a13,True,3時間前,2026-06-20 01:30:06,京都府
「土日祝休みで働きやすい!」／一般事務／事務デビュー／完全週休2日制新着,一般事務,京都府,"月給25万5,000円",正社員,事務,求人ボックス,https://xn--pckua2a7gp15o89zb.com/jbn/9aa0107927559b72a560af543b872ce7,True,4時間前,2026-06-20 01:30:10,京都府
「まだ間に合う!」未経験採用枠／一般事務／寮・社宅・家賃補助あり新着,株式会社RIOT,京都府,月給25万円～40万円,正社員,事務,求人ボックス,https://xn--pckua2a7gp15o89zb.com/jbn/d841ace185d9b90ef4aa1991a43dfdd9,True,2時間前,2026-06-20 01:30:10,京都府
「マニュアル通りのカンタン作業」／一般事務／安定収入／残業ほぼ無し新着,株式会社Leap,京都府,月給24万円～30万円,正社員,事務,求人ボックス,https://xn--pckua2a7gp15o89zb.com/jbn/4648a83c570fcce8243410b6e1e7443b,True,18時間前,2026-06-20 01:30:10,京都府
レンタル会社での一般事務／残業なし サポート事務新着,アデコ株式会社,京都府,"時給1,300円～",派遣社員,事務,求人ボックス,https://xn--pckua2a7gp15o89zb.com/jb/0a0ff0737a18f8a4c941f68636cf1296,True,19時間前,2026-06-20 01:30:10,京都府
「転勤なし」／一般事務／若手活躍中／産休・育休あり新着,事務,京都府,"月給22万3,000円",正社員,事務,求人ボックス,https://xn--pckua2a7gp15o89zb.com/jbn/f53fa3f074b20e82a3aa6dedecdbc8b8,True,22時間前,2026-06-20 01:30:13,京都府
「プライベート充実」／一般事務／WEB面接可能／経験者優遇新着,事務,京都府,月給23万円～50万円,正社員,事務,求人ボックス,https://xn--pckua2a7gp15o89zb.com/jbn/289cfc2098dba8687cf68111a5f3a068,True,22時間前,2026-06-20 01:30:13,京都府
「未経験歓迎」／一般事務／学歴不問／コツコツ作業新着,事務,京都府,"月給22万5,000円",正社員,事務,求人ボックス,https://xn--pckua2a7gp15o89zb.com/jbn/66ec8b2bc182feae8ad5bb391ff18df8,True,21時間前,2026-06-20 01:30:13,京都府
経理事務／請求書発行・入金管理・支払業務補助新着,MATE合同会社,京都府,年収300万円～400万円,正社員,経理,求人ボックス,https://xn--pckua2a7gp15o89zb.com/jb/aabbfcddec8c8680e6680072a956da54,True,14時間前,2026-06-20 01:29:53,京都府
「大手企業の数字まわりを支える!」／経理事務／未経験95%／未経験歓迎新着,経理,京都府,"月給25万9,900円",正社員,経理,求人ボックス,https://xn--pckua2a7gp15o89zb.com/jbn/1524d4c5b0820bdfc0a902f4a65f02be,True,5時間前,2026-06-20 01:29:54,京都府
公益財団法人での経理事務／四条烏丸・京都経済センター内のオフィス勤務新着,京都文化交流コンベンションビューロー,京都府,"月給18万5,000円",契約社員,経理,求人ボックス,https://xn--pckua2a7gp15o89zb.com/jb/7eb96306780a39d6ae4fe2b1cb24b2a5,True,13時間前,2026-06-20 01:29:54,京都府
経理・財務 ／ 一般事務・OA事務 ／正社員めざせる 賞与&昇給&退職...新着,パーソルテンプスタッフ株式会社,京都府,"時給1,500円",正社員,経理,求人ボックス,https://xn--pckua2a7gp15o89zb.com/jb/8a3b500cc606a6e709ceeff5839c5773,True,15時間前,2026-06-20 01:29:54,京都府
経理事務新着,株式会社ユース.GF,京都府,"時給1,400円",派遣社員,経理,求人ボックス,https://xn--pckua2a7gp15o89zb.com/jb/565f8ff9104af7434c01d777fb9f316e,True,23時間前,2026-06-20 01:29:56,京都府
スピード選考で早めに働ける／経理サポート事務／オフィスワーク新着,経理,京都府,"月給26万8,000円",正社員,経理,求人ボックス,https://xn--pckua2a7gp15o89zb.com/jbn/476e2fac1b0a47afebdf0b9f969b8275,True,6時間前,2026-06-20 01:29:56,京都府
「数字チェックから始める事務」／経理事務／土日祝休み／残業ほぼなし新着,事務,京都府,"月給25万1,600円",正社員,経理,求人ボックス,https://xn--pckua2a7gp15o89zb.com/jbn/e8165113efa85f2ae99e844c086b6f0c,True,5時間前,2026-06-20 01:29:59,京都府
「数字チェックから始める事務」／経理事務／定時退社多め／オフィスワーク新着,事務,京都府,月給27万円～31万,正社員,経理,求人ボックス,https://xn--pckua2a7gp15o89zb.com/jbn/de682c2f420bc56e617377b0314c5b90,True,5時間前,2026-06-20 01:29:59,京都府
紹介予定派遣／未経験 年休125日／経理・総務事務新着,アデコ株式会社,京都府,"時給1,400円～",派遣社員,経理,求人ボックス,https://xn--pckua2a7gp15o89zb.com/jb/a30632eeaeb78ccc0939ac9c9d480dba,True,19時間前,2026-06-20 01:29:59,京都府
経理事務+ 人事・総務事務新着,株式会社リクルートスタッフィング,京都府,"時給1,550円～",正社員,経理,求人ボックス,https://xn--pckua2a7gp15o89zb.com/jb/dd53ff56c2a06e073dfac70a74168269,True,16時間前,2026-06-20 01:30:03,京都府
経理事務／正社員予定!基本17時10分終業!伝票処理・仕訳入力など新着,株式会社スタッフサービス,京都府,"時給1,400円",正社員,経理,求人ボックス,https://xn--pckua2a7gp15o89zb.com/jb/44dff4359c6be1b2bad526340dfacd92,True,14時間前,2026-06-20 01:30:03,京都府
「ゼロから学べるデータの仕事」／データサイエンティスト／月収30万円以上可／未経験歓迎／教育制度充実新着,株式会社SNJAPAN,京都府,月給27万円～34万円,正社員,経理,求人ボックス,https://xn--pckua2a7gp15o89zb.com/jbn/2e8bcede7e2f19993c551e8532c3e57e,True,11時間前,2026-06-20 01:30:05,京都府
専用ソフトへのデータ入力／経理補助／未経験／土日祝休み／交通費支給／20代～40代活躍中新着,株式会社ティーエム・テックス,京都府,"時給1,300円～",派遣社員,経理,求人ボックス,https://xn--pckua2a7gp15o89zb.com/jbn/5afaaef82231483bae3dfa481bd3376e,True,20時間前,2026-06-20 01:30:05,京都府
金額や項目をチェックして入力するだけ!未経験から始める見積書・請求書のかんたん事務サポート新着,経理,京都府,月給25万円～35万円,正社員,経理,求人ボックス,https://xn--pckua2a7gp15o89zb.com/jbn/4f65954f78a8f67994a0d0308a575aeb,True,6時間前,2026-06-20 01:30:05,京都府
バックオフィス事務／充実サポート／研修制度完備／昇給賞与アリ／マニュアル完備／学歴不問新着,株式会社ホワイトキャリア,京都府,"月給22万5,000円",正社員,経理,求人ボックス,https://xn--pckua2a7gp15o89zb.com/jbn/948634240ff8903e0924275ef30aa5e3,True,22時間前,2026-06-20 01:30:09,京都府
はじめての事務でも安心!ルール通りの作業で月収25〜35万円可新着,経理,京都府,月給25万円～35万円,正社員,経理,求人ボックス,https://xn--pckua2a7gp15o89zb.com/jbn/7ca139a2335720f66952dbb1f9c790cc,True,6時間前,2026-06-20 01:30:09,京都府
「シンプル操作×確認中心の業務」／アプリテスター／寮完備／コツコツ作業／安定収入／20〜30代活躍中新着,このお仕事の特徴一般,京都府,月給27万円～34万円,正社員,経理,求人ボックス,https://xn--pckua2a7gp15o89zb.com/jbn/bfaa2b7381199f93079dfc1d6f633a55,True,11時間前,2026-06-20 01:30:13,京都府
「頼られる存在として活躍」／ITアドバイザー／月収30万円以上可／未経験OK／20〜30代活躍中新着,このお仕事の特徴一般,京都府,月給27万円～34万円,正社員,経理,求人ボックス,https://xn--pckua2a7gp15o89zb.com/jbn/d0d1900e3e2f12395b65525ae85665bb,True,11時間前,2026-06-20 01:30:13,京都府
一般事務スタッフ「正社員」働きやすい職場・育休あり・長く働ける職場・京都市下京区七条通新着,ベンタス株式会社,京都府,"月給26万9,600円",正社員,経理,求人ボックス,https://xn--pckua2a7gp15o89zb.com/jbn/7f5a36f44f57c039cbc3c1d8377318b6,True,9時間前,2026-06-20 01:30:13,京都府
経理担当新着,株式会社笹屋伊織,京都府,月給25万円～30万円,正社員,経理,求人ボックス,https://xn--pckua2a7gp15o89zb.com/jb/482ab577ae4f4ab7895f66a6fb3f4e6e,True,2時間前,2026-06-20 01:30:16,京都府
理学療法士「パート・アルバイト」／そよ風公式新着,株式会社SOYOKAZE,京都府,"時給1,600円",アルバイト・パート,治療家,求人ボックス,https://xn--pckua2a7gp15o89zb.com/jb/80268ae48d63071696d83e5176c584e8,True,23時間前,2026-06-20 01:30:17,京都府
「役員送迎ドライバー」週3日勤務／普通免許で未経験からスタート／月収50万円以上・ボーナス年2回新着,柔道整復師,京都府,"月給47万8,500円",正社員,治療家,求人ボックス,https://xn--pckua2a7gp15o89zb.com/jbn/3f2663016bdc5e0f1fdd34206205f3c1,True,18時間前,2026-06-20 01:30:17,京都府
「タレントやスポーツ選手等の送迎」週3日勤務／未経験OK・月収50万円以上・ボーナス支給あり新着,柔道整復師,京都府,"月給47万6,500円",正社員,治療家,求人ボックス,https://xn--pckua2a7gp15o89zb.com/jbn/255ee71632cf0a5967fdab3a703f09ff,True,15時間前,2026-06-20 01:30:17,京都府
著名人や企業役員の送迎ドライバー「週3日勤務」未経験OK・月収40万円以上／ボーナス支給あり新着,柔道整復師,京都府,"月給47万8,500円",正社員,治療家,求人ボックス,https://xn--pckua2a7gp15o89zb.com/jbn/8391cfb89a348548f989efb868ad882f,True,17時間前,2026-06-20 01:30:17,京都府
「空港への送迎ドライバー」週3日勤務／普通免許で未経験OK／月収50万円以上・賞与2ヶ月分あり新着,柔道整復師,京都府,"月給47万6,000円",正社員,治療家,求人ボックス,https://xn--pckua2a7gp15o89zb.com/jbn/133b414932e541198dd95403d33bb487,True,16時間前,2026-06-20 01:30:17,京都府
経理事務「未経験入社率80%以上」土日祝休み・残業なし・ネイルOK・20代活躍中新着,...土日休み/ネイル自由/服装自由/ハローワーク/補助 【その他概要】<前職例>製造業 工場勤務 ライン作業 生産管理 設備保全 製鋼 溶接/クレーン・玉掛け 金属加工 板金加工 板金塗装 警備員/,京都府,"月給19万8,000円",正社員,治療家,求人ボックス,https://xn--pckua2a7gp15o89zb.com/jbn/c9c0d8d7942deee8302ea1a5095e5bec,True,20時間前,2026-06-20 01:30:17,京都府
タレント・芸能・観光客の送迎ドライバー「週3日勤務」賞与年2回／初年度から月収50万円以上新着,...未経験からでも安心してプロドライバーを目指せる環境です。 【その他特徴】<前職例>製造/工場/ライン作業/生產管理/設備保全/製鋼/溶接クレーン・玉掛/金属加工/板金加工/板金塗装/警備員機械・,京都府,"月給47万7,000円",正社員,治療家,求人ボックス,https://xn--pckua2a7gp15o89zb.com/jbn/cb271fb263344991cb35195fd72622fb,True,16時間前,2026-06-20 01:30:17,京都府
「週3日勤務」普通免許でスタートできる役員送迎ドライバー／週の残り4日はすべてあなたの自由時間新着,...キャリアアップも全面的にバックアップします。 【その他概要】<前職例>製造/工場/ライン作業/生產管理/設備保全/製鋼/溶接クレーン・玉掛/金属加工/板金加工/板金塗装/警備員機械・電気/倉庫内,京都府,"月給47万6,000円",正社員,治療家,求人ボックス,https://xn--pckua2a7gp15o89zb.com/jbn/803d4b9103ef99a232c19c23d85123f9,True,16時間前,2026-06-20 01:30:17,京都府
保育園での看護業務／正・准看護師／働きやすさ抜群／資格必須新着,社会福祉法人大原野児童福祉会 山ノ本こども園,京都府,"時給1,550円～",アルバイト・パート,看護,求人ボックス,https://xn--pckua2a7gp15o89zb.com/jbn/92664704f71d457454c26b830c616de4,True,17時間前,2026-06-20 01:30:07,京都府
病院の看護師／月給298746円~／賞与あり新着,看護師,京都府,月給298746円,正社員,看護,求人ボックス,https://xn--pckua2a7gp15o89zb.com/jb/43c2099d31460ec9f061d4eefc870941,True,19時間前,2026-06-20 01:30:07,京都府
ケアミックス病院での夜勤専従看護業務／正・准看護師／ワークライフバラン...新着,医療法人寿尚会 洛陽病院,京都府,日給3万円～,アルバイト・パート,看護,求人ボックス,https://xn--pckua2a7gp15o89zb.com/jbn/c76762995b09f518fcc52bec8946e362,True,17時間前,2026-06-20 01:30:08,京都府
介護老人保健施設での看護業務／正・准看護師／待遇充実／資格必須新着,医療法人トキワ会 介護老人保健施設リーベン嵯峨野,京都府,"時給1,500円～1,700円",アルバイト・パート,看護,求人ボックス,https://xn--pckua2a7gp15o89zb.com/jbn/28ceacf2c4ac338f10a0580ad2d3366c,True,17時間前,2026-06-20 01:30:08,京都府
病院の看護師／年収3350000円~／日勤のみ／駅チカ新着,看護師,京都府,年収3350000円,正社員,看護,求人ボックス,https://xn--pckua2a7gp15o89zb.com/jb/8349d407a6d5820f98c30d60ab223466,True,19時間前,2026-06-20 01:30:08,京都府
看護師新着,むねやす整形外科クリニック,京都府,"時給2,100円",アルバイト・パート,看護,求人ボックス,https://xn--pckua2a7gp15o89zb.com/jb/97ae099424fe6fce8b9079ec9148325d,True,4時間前,2026-06-20 01:30:11,京都府
訪問看護の看護師／月給350000円~／日勤のみ／駅チカ／残業少なめ新着,看護,京都府,月給350000円,正社員,看護,求人ボックス,https://xn--pckua2a7gp15o89zb.com/jb/8075d4c8e7b1e849c9061a3e8d97dbcd,True,19時間前,2026-06-20 01:30:11,京都府
訪問看護の看護師／年収4000000円~／駅チカ／残業少なめ新着,看護,京都府,年収4000000円,正社員,看護,求人ボックス,https://xn--pckua2a7gp15o89zb.com/jb/5ff71c305a139728291c6e1cb448fccb,True,19時間前,2026-06-20 01:30:13,京都府
一般病院での看護業務／正看護師／プライベート充実／資格必須新着,医療法人松寿会 共和病院,京都府,"時給1,800円～",アルバイト・パート,看護,求人ボックス,https://xn--pckua2a7gp15o89zb.com/jbn/c073e024fd66f222de045bb76d972ca5,True,17時間前,2026-06-20 01:30:13,京都府
介護医療院の看護師／年収4400000円~／賞与あり／駅チカ新着,職種介護医療院の,京都府亀岡市の介護医療院,年収4400000円,正社員,看護,求人ボックス,https://xn--pckua2a7gp15o89zb.com/jb/904ddb4d11b700dbded781ea28e8ab41,True,19時間前,2026-06-20 01:30:17,京都府
病院の看護師／月給309500円新着,職種病院の,京都府,月給309500円,正社員,看護,求人ボックス,https://xn--pckua2a7gp15o89zb.com/jb/28508a4fcf3f7e932de44281a499ba12,True,19時間前,2026-06-20 01:30:17,京都府
訪問看護の看護師／月給300000円~／日勤のみ新着,看護,京都府,月給300000円,正社員,看護,求人ボックス,https://xn--pckua2a7gp15o89zb.com/jb/88764b74ca0cc9bc83ef319ee8c17626,True,19時間前,2026-06-20 01:30:21,京都府
訪問看護の看護師／月給300000円~／日勤のみ／駅チカ新着,訪問,京都府,月給300000円,正社員,看護,求人ボックス,https://xn--pckua2a7gp15o89zb.com/jb/95f308caadfaac7a273a5c2e506fad0b,True,19時間前,2026-06-20 01:30:21,京都府
病院の看護師／月給311000円~／駅チカ新着,職種病院の,京都府,月給311000円,正社員,看護,求人ボックス,https://xn--pckua2a7gp15o89zb.com/jb/75c5242886a2c189e063191450914634,True,19時間前,2026-06-20 01:30:25,京都府
リハビリ特化型のデイサービスでの看護業務／正・准看護師／ワークライフバ...新着,株式会社Pro・vision ポシブル梅小路,京都府,"月給19万7,000円",正社員,看護,求人ボックス,https://xn--pckua2a7gp15o89zb.com/jbn/3922b56f4cae5f0a722a3082d2eea244,True,17時間前,2026-06-20 01:30:28,京都府
訪問看護の看護師／月給350000円~／日勤のみ／駅チカ新着,看護,京都府,月給350000円,正社員,看護,求人ボックス,https://xn--pckua2a7gp15o89zb.com/jb/2d42c4f50c423fe63b62721b2bd99abc,True,19時間前,2026-06-20 01:30:28,京都府
訪問看護ステーションでの看護業務／正看護師／ワークライフバランス充実新着,株式会社Mc&W 訪問看護ステーション一歩,京都府,"月給29万1,666円",正社員,看護,求人ボックス,https://xn--pckua2a7gp15o89zb.com/jbn/417d651726a9076a30bc071636cebab6,True,17時間前,2026-06-20 01:30:31,京都府
訪問看護ステーションでの看護業務／正看護師／ワークライフバランス新着,株式会社TERA 訪問看護ステーション友貴,京都府,"月給27万8,000円",正社員,看護,求人ボックス,https://xn--pckua2a7gp15o89zb.com/jbn/b0690aa39616f25207367031b5de1ca5,True,17時間前,2026-06-20 01:30:34,京都府
病棟看護師のお仕事／20代～40代活躍中／経験不問／休憩室あり新着,株式会社ティーエム・テックス,京都府,"月給22万1,735円",派遣社員,看護,求人ボックス,https://xn--pckua2a7gp15o89zb.com/jbn/77bcaa6aaf95596272be464c27dbb1b9,True,20時間前,2026-06-20 01:30:34,京都府
病院の看護師／年収4000000円~／日勤のみ新着,看護師,京都府,年収4000000円,正社員,看護,求人ボックス,https://xn--pckua2a7gp15o89zb.com/jb/d108f35530daeadf7ba231fe863593bc,True,19時間前,2026-06-20 01:30:34,京都府
「賞与年2回×月収32万〜可能」近距離の大型トラックドライバー新着,司関西株式会社,京都府,月給28万円～32万円,正社員,ドライバー,求人ボックス,https://xn--pckua2a7gp15o89zb.com/jbn/7bc6d58becb229a8242b3ecb03db97d7,True,18時間前,2026-06-20 01:30:21,京都府
ドライバー補助スタッフ新着,株式会社マルカミ物流 京都物流センター,京都府,"時給1,180円",アルバイト・パート,ドライバー,求人ボックス,https://xn--pckua2a7gp15o89zb.com/jb/fdb961bdaaa76e8f6b9320290749a27b,True,3時間前,2026-06-20 01:30:26,京都府
介護タクシー／ドライバー／送迎ドライバー／デイサービス／駅徒歩圏内新着,ウェルフェアー株式会社,京都府,"時給1,122円～",アルバイト・パート,ドライバー,求人ボックス,https://xn--pckua2a7gp15o89zb.com/jbn/63591292fc00fe5e6cc760fb478d7e02,True,11時間前,2026-06-20 01:30:29,京都府
軽貨物ドライバー ️前職より平均年収150万円UP!普通免許で月収手取...新着,ASLE,京都府,"月給35万4,510円",,ドライバー,求人ボックス,https://xn--pckua2a7gp15o89zb.com/jb/2b5166b13cd4f4f8320ec7d978564736,True,7時間前,2026-06-20 01:30:29,京都府
デイサービスのドライバー／デイサービス／週1日～勤務OK／副業新着,デイサービス夢楽 桂,京都府,"時給1,230円～",アルバイト・パート,ドライバー,求人ボックス,https://xn--pckua2a7gp15o89zb.com/jbn/0ec9b197a1cc912e9cccf5a59739f646,True,11時間前,2026-06-20 01:30:31,京都府
介護タクシー／ドライバー／送迎ドライバー／デイサービス／週3日〜新着,株式会社エイチアンドエス,京都府,"時給1,260円～",アルバイト・パート,ドライバー,求人ボックス,https://xn--pckua2a7gp15o89zb.com/jbn/2528b90b36fd4a4dd35283a9bc240d69,True,11時間前,2026-06-20 01:30:34,京都府
デイサービスのドライバー／デイサービス／週1日・2時間～勤務OK新着,デイサービス夢楽 西賀茂,京都府,"時給1,230円～",アルバイト・パート,ドライバー,求人ボックス,https://xn--pckua2a7gp15o89zb.com/jbn/c0618e872f037ab16837f45f9712d5f8,True,11時間前,2026-06-20 01:30:34,京都府
中長距離路線の夜行バスドライバー新着,日本高速バス株式会社,京都府,月給35万円～50万円,正社員,ドライバー,求人ボックス,https://xn--pckua2a7gp15o89zb.com/jb/b290a844975dd74e8c78a8249dcf4d92,True,15時間前,2026-06-20 01:30:38,京都府
介護タクシー／ドライバー／送迎ドライバー／デイサービス／駅徒歩圏内新着,特定非営利活動法人ヒューマン,京都府,"時給1,122円～",アルバイト・パート,ドライバー,求人ボックス,https://xn--pckua2a7gp15o89zb.com/jbn/0cb94ab0efd8660264ffce006a25fd07,True,11時間前,2026-06-20 01:30:38,京都府
日勤固定 住宅用換気扇の組立・検品／日払いOK／電動ドライバーでネジ締...新着,株式会社誰でもファクトリー,京都府,"時給1,450円～",アルバイト・パート,ドライバー,求人ボックス,https://xn--pckua2a7gp15o89zb.com/jb/21af47d3711db62f19daa0789e973522,True,15時間前,2026-06-20 01:30:42,京都府
高級車による観光案内・空港送迎ドライバー／20代活躍中／未経験新着,ドライバー,京都府,月給25万円～30万円,正社員,ドライバー,求人ボックス,https://xn--pckua2a7gp15o89zb.com/jbn/066850ab876e356204231f177339e255,True,4時間前,2026-06-20 01:30:42,京都府
幼稚園送迎ドライバー／シニア活躍中／未経験OK新着,株式会社ジャパン・リリーフ関西,京都府,"月給15万8,000円",契約社員,ドライバー,求人ボックス,https://xn--pckua2a7gp15o89zb.com/jb/e3927d973c5af165613ad52cd87963ae,True,15時間前,2026-06-20 01:30:45,京都府
介護タクシー／ドライバー／送迎ドライバー／デイサービス／駅徒歩7分新着,社会福祉法人京都悠仁福祉会,京都府,"時給1,122円～",アルバイト・パート,ドライバー,求人ボックス,https://xn--pckua2a7gp15o89zb.com/jbn/671cea73b9c8819ef5289ee0132c7d3c,True,11時間前,2026-06-20 01:30:45,京都府
介護タクシー／ドライバー／長岡京市天神／運転士／デイケア／短時間勤務新着,医療法人総心会 長岡京病院,京都府,"時給1,122円～",アルバイト・パート,ドライバー,求人ボックス,https://xn--pckua2a7gp15o89zb.com/jbn/b441a1b42ca10ae6ad660f719fb02f7b,True,11時間前,2026-06-20 01:30:48,京都府
月収60万円の先輩も活躍中! 大型ドライバー 月給30万円～新着,株式会社中野産業,京都府,月給30万円～,正社員,ドライバー,求人ボックス,https://xn--pckua2a7gp15o89zb.com/jb/3ae063b0faa71e681356168530e55caf,True,13時間前,2026-06-20 01:30:48,京都府
風呂イスの製造スタッフ／月給34万円以上／未経験歓迎／寮完備新着,合同会社タカノワーク,京都府,月給34万円,正社員,製造,求人ボックス,https://xn--pckua2a7gp15o89zb.com/jb/ba75fcdaf2b379e35b0482ccb5530f89,True,4時間前,2026-06-20 01:30:37,京都府
「27卒」スケートボードの製造スタッフ・未経験歓迎・土日祝休み「正社員新着,株式会社Meta Sales,京都府,"月給25万1,200円",正社員,製造,求人ボックス,https://xn--pckua2a7gp15o89zb.com/jbn/2d6665b280da9124284afe505a0e4ee2,True,6時間前,2026-06-20 01:30:37,京都府
未経験採用枠「第2新卒活躍中!」ガチャガチャ製造スタッフ／高収入／寮新着,株式会社小林,京都府,"月給32万1,200円",正社員,製造,求人ボックス,https://xn--pckua2a7gp15o89zb.com/jbn/241627ca6e5bbb11c2cb3487b8a86b1b,True,2時間前,2026-06-20 01:30:37,京都府
スナック菓子・お菓子の製造スタッフ・ブランクOK「有給消化率高い新着,株式会社キソシン,京都府,"月給29万4,600円",正社員,製造,求人ボックス,https://xn--pckua2a7gp15o89zb.com/jbn/9b27a301761daf66e34a282ccec66a20,True,2時間前,2026-06-20 01:30:38,京都府
コーヒー・お茶の製造スタッフ「27卒」正社員／未経験歓迎・残業少なめ新着,JHRconsulting株式会社,京都府,"月給25万1,200円",正社員,製造,求人ボックス,https://xn--pckua2a7gp15o89zb.com/jbn/47ec97eeaa11a1668bb2fe0f0e0145fa,True,6時間前,2026-06-20 01:30:38,京都府
未経験採用枠「第2新卒活躍中!」ガチャガチャ製造スタッフ／高収入新着,Yts株式会社,京都府,"月給29万8,100円",正社員,製造,求人ボックス,https://xn--pckua2a7gp15o89zb.com/jbn/eface825fcc957e6e133eb1692e919fe,True,3時間前,2026-06-20 01:30:38,京都府
「27卒」フィギュア製造スタッフ・資格不問「正社員／日勤のみ新着,株式会社alBee,京都府,"月給25万4,400円",正社員,製造,求人ボックス,https://xn--pckua2a7gp15o89zb.com/jbn/2af924371a38887f9aeae785cbbe2c69,True,6時間前,2026-06-20 01:30:38,京都府
光る盤面を作る仕事!／パチンコ台盤面の製造スタッフ／残業月10時間以内新着,製造,京都府,"月給35万7,000円",正社員,製造,求人ボックス,https://xn--pckua2a7gp15o89zb.com/jbn/aa9945bda45e7f934059ce664d46e38b,True,7時間前,2026-06-20 01:30:40,京都府
ボードゲーム・パズル製造スタッフ「27卒」完全週休2日制「正社員新着,株式会社Creer,京都府,"月給25万4,400円",正社員,製造,求人ボックス,https://xn--pckua2a7gp15o89zb.com/jbn/ffeb02c81780d7623eccf43880678f6a,True,6時間前,2026-06-20 01:30:40,京都府
未経験採用枠「第2新卒活躍中!」ガチャガチャ製造スタッフ／高収入／寮新着,株式会社RIOT,京都府,"月給30万6,000円",正社員,製造,求人ボックス,https://xn--pckua2a7gp15o89zb.com/jbn/fd18aacf66c23eadaf7cfc5290ab1be7,True,2時間前,2026-06-20 01:30:40,京都府
カプセルトイ製造スタッフ「27卒」即入寮OK・残業少なめ「正社員新着,ベンタス株式会社,京都府,"月給25万4,400円",正社員,製造,求人ボックス,https://xn--pckua2a7gp15o89zb.com/jbn/752dc13a241a33fd368c15cda4e9ee81,True,6時間前,2026-06-20 01:30:40,京都府
未経験採用枠「第2新卒活躍中!」ガチャガチャ製造スタッフ／高収入／寮新着,AQUARIUS株式会社,京都府,"月給31万4,400円",正社員,製造,求人ボックス,https://xn--pckua2a7gp15o89zb.com/jbn/9ae72f5ab1d20c0d79c52996d8adaabf,True,2時間前,2026-06-20 01:30:43,京都府
アイス・冷菓の製造スタッフ「27卒」未経験歓迎／日勤のみ・交通費全額支...新着,株式会社GUM,京都府,"月給25万4,400円",正社員,製造,求人ボックス,https://xn--pckua2a7gp15o89zb.com/jbn/a4f784dc625a019910cdc0ba05cf61da,True,6時間前,2026-06-20 01:30:43,京都府
未経験採用枠「第2新卒活躍中!」ガチャガチャ製造スタッフ／高収入新着,株式会社RIOT GROUP,京都府,"月給32万1,100円",正社員,製造,求人ボックス,https://xn--pckua2a7gp15o89zb.com/jbn/4b9d132e8e16d094fa6011c17301c499,True,3時間前,2026-06-20 01:30:43,京都府
パチンコ台づくりに挑戦!／パチンコ台盤面の製造スタッフ／寮費無料新着,製造,京都府,"月給35万7,000円",正社員,製造,求人ボックス,https://xn--pckua2a7gp15o89zb.com/jbn/fa0e1cc57d2ed60f8a21a09b80623f9f,True,8時間前,2026-06-20 01:30:45,京都府
製造スタッフ 学歴とか関係ねぇ 20代30代活躍 簡単軽作業·梱包新着,株式会社Brave,京都府,月給32万円～38万円,正社員,製造,求人ボックス,https://xn--pckua2a7gp15o89zb.com/jb/8147453174141ef6f7c43ff34240d889,True,14時間前,2026-06-20 01:30:45,京都府
スナック菓子の製造スタッフ「27卒」正社員・寮・社宅あり・完全週休2日...新着,株式会社大斗,京都府,"月給25万4,400円",正社員,製造,求人ボックス,https://xn--pckua2a7gp15o89zb.com/jbn/cb11d10048881fa546b4ff491413e6cf,True,7時間前,2026-06-20 01:30:45,京都府
食品製造スタッフ「27卒」正社員「未経験歓迎・土日祝休み」／賞与年2回新着,株式会社Le Lien,京都府,"月給25万1,200円",正社員,製造,求人ボックス,https://xn--pckua2a7gp15o89zb.com/jbn/c3a57b57d919cec6d4fbe0f529dae966,True,6時間前,2026-06-20 01:30:48,京都府
通電チェックも担当!／パソコンの製造スタッフ／年間休日125日新着,製造,京都府,"月給38万3,500円",正社員,製造,求人ボックス,https://xn--pckua2a7gp15o89zb.com/jbn/69e3a6f725aab389daac88888b8ad193,True,8時間前,2026-06-20 01:30:48,京都府
カードゲーム製造スタッフ正社員／駅チカ・転職初挑戦歓迎・キャリアアップ...新着,株式会社LOP,京都府,"月給30万6,200円",正社員,製造,求人ボックス,https://xn--pckua2a7gp15o89zb.com/jbn/8308c7954538c5ac8c32cf27aab693eb,True,2時間前,2026-06-20 01:30:48,京都府
お菓子の製造スタッフ新着,平和製菓株式会社,京都府,月給23万円～25万円,正社員,製造,求人ボックス,https://xn--pckua2a7gp15o89zb.com/jb/5075d2be672d3877db2686f66635c330,True,9時間前,2026-06-20 01:30:52,京都府
景品づくりのレア求人!／クレーンゲーム景品の企画製造スタッフ新着,製造,京都府,月給35万500円,正社員,製造,求人ボックス,https://xn--pckua2a7gp15o89zb.com/jbn/74a18d283b2a3f8f5c119d80d114d78e,True,7時間前,2026-06-20 01:30:52,京都府
カップ麺の容器製造・検品スタッフ／30代40代活躍中です 未経験歓迎新着,キャリアネクスト,京都府,月給34万円～,契約社員,製造,求人ボックス,https://xn--pckua2a7gp15o89zb.com/jb/fb8b484dd3aee75da8e50fff2239d23a,True,23時間前,2026-06-20 01:30:52,京都府
カードゲーム業界を支える!／カードゲームグッズの製造スタッフ／学歴不問新着,製造,京都府,月給36万500円,正社員,製造,求人ボックス,https://xn--pckua2a7gp15o89zb.com/jbn/da27bab7f0db1a0d727209ae573513de,True,7時間前,2026-06-20 01:30:56,京都府
パソコン組立に挑戦!／パソコンの製造スタッフ／年間休日121日新着,製造,京都府,"月給38万3,500円",正社員,製造,求人ボックス,https://xn--pckua2a7gp15o89zb.com/jbn/072560129c48e3d3070e36c57ecee761,True,7時間前,2026-06-20 01:30:56,京都府
「27卒」ネイルグッズの製造スタッフ・資格不問「正社員／完全週休2日制新着,株式会社enrich technology,京都府,"月給25万4,400円",正社員,製造,求人ボックス,https://xn--pckua2a7gp15o89zb.com/jbn/0831f944ee2ebe0ebc6fc81103bc3648,True,5時間前,2026-06-20 01:30:56,京都府
ブランクOK／ゲーム関連アクセサリーの製造スタッフ／空調完備／快適職場新着,株式会社アテナスタイル,京都府,月給29万円～,正社員,製造,求人ボックス,https://xn--pckua2a7gp15o89zb.com/jb/dd86d316f3291e19693e55e5231ffe37,True,21時間前,2026-06-20 01:31:00,京都府
製造スタッフ／PC・データ入力／仕分け・シール貼り 小さな部品のカンタ...新着,三笠ヒューマンテクノ株式会社,京都府,"時給1,400円～",派遣社員,製造,求人ボックス,https://xn--pckua2a7gp15o89zb.com/jb/5d687e5d7a9c5f37ce0ea3acf348bc02,True,20時間前,2026-06-20 01:31:00,京都府
住まいサポートありで安心!／保温ランチジャー部品の製造スタッフ新着,製造,京都府,"月給30万5,000円",正社員,製造,求人ボックス,https://xn--pckua2a7gp15o89zb.com/jbn/3f050f4ef565f64c01c6756fea745538,True,8時間前,2026-06-20 01:31:00,京都府
「年間休日たっぷり!」／卓上ファンの製造検査スタッフ／月収32万～新着,製造,京都府,"月給32万9,000円",正社員,製造,求人ボックス,https://xn--pckua2a7gp15o89zb.com/jbn/8a82222e38d7579d3b4bcdb8cc3fd954,True,8時間前,2026-06-20 01:31:03,京都府
「音楽好きにも人気!」／ワイヤレスイヤホンの製造スタッフ／寮完備新着,製造,京都府,月給34万円～45万円,正社員,製造,求人ボックス,https://xn--pckua2a7gp15o89zb.com/jbn/1f5c0221ff20879776f57a3bd36ee156,True,6時間前,2026-06-20 01:31:03,京都府
警備員 未経験歓迎 道路·工事現場の交通警備STAFF新着,株式会社mdセキュリティ,京都府,"日給1万1,120円",アルバイト・パート,警備,求人ボックス,https://xn--pckua2a7gp15o89zb.com/jb/c6742d9792ae22956c8ccaa806916887,True,2時間前,2026-06-20 01:30:34,京都府
施設警備 館内警備、交通誘導警備、警備員／学校新着,株式会社日経サービス,京都府,"月給27万3,000円",正社員,警備,求人ボックス,https://xn--pckua2a7gp15o89zb.com/jb/a9543cabd049e5b60dd779320520c842,True,22時間前,2026-06-20 01:30:34,京都府
「愛知県勤務」交通誘導「今すぐ一人暮らしがしたい」が叶う新着,セキュリティスタッフ株式会社,京都府,"日給9,500円",正社員,警備,求人ボックス,https://xn--pckua2a7gp15o89zb.com/jb/b1499fd24450b94da8b279a5a51f9477,True,1時間前,2026-06-20 01:30:34,京都府
雑踏警備新着,シンシアセキュリティ株式会社,京都府,"日給1万1,000円",アルバイト・パート,警備,求人ボックス,https://xn--pckua2a7gp15o89zb.com/jb/7dd74a05330a1212695194f6021f0a08,True,16時間前,2026-06-20 01:30:34,京都府
ビジネスホテルスタッフ 未経験可新着,ホテルテトラ京都駅前,京都府,月給19万円～25万円,正社員,警備,求人ボックス,https://xn--pckua2a7gp15o89zb.com/jb/1f1bc4a98b7c0d933939353f0d4b53b1,True,1時間前,2026-06-20 01:30:34,京都府
ビジネスホテルでのフロント業務 未経験可新着,ホテルテトラ大津 京都,京都府,月給19万円～25万円,正社員,警備,求人ボックス,https://xn--pckua2a7gp15o89zb.com/jb/35be9e7a3abadfbacde6798805c9b8a9,True,1時間前,2026-06-20 01:30:34,京都府
郵便局の施設警備スタッフ新着,伸和サービス株式会社,京都府,"月給20万4,000円",契約社員,警備,求人ボックス,https://xn--pckua2a7gp15o89zb.com/jb/b3a30b3cd950e4a67aa2f09ffd4cff90,True,1時間前,2026-06-20 01:30:34,京都府
セキュリティシステムを提案する 法人営業 未経験者歓迎新着,ALSOK昇日セキュリティサービス株式会社,京都府,月給22万円～30万円,正社員,警備,求人ボックス,https://xn--pckua2a7gp15o89zb.com/jb/18629fe9d96c07cd416654afa948ddaa,True,18時間前,2026-06-20 01:30:34,京都府
調理・レジ新着,ピザハット西舞鶴福来店,京都府,"時給1,150円～",アルバイト・パート,警備,求人ボックス,https://xn--pckua2a7gp15o89zb.com/jb/50ceea5c12e62222c388982a054357cc,True,13時間前,2026-06-20 01:30:34,京都府
看護の相談するなら株式会社アクアコーポレーション!／まずは相談での応募可新着,株式会社アクアコーポレーション,京都府,"月給36万4,000円",正社員,警備,求人ボックス,https://xn--pckua2a7gp15o89zb.com/jb/041c49b4dbfafd7da946d252194d21cf,True,20時間前,2026-06-20 01:30:34,京都府
ベッドフレームの製造／未経験OK／寮完備／単純作業／履歴書不要新着,株式会社Neo Boost 人事採用1課,京都府,"時給1,500円～1,875円",アルバイト・パート,警備,求人ボックス,https://xn--pckua2a7gp15o89zb.com/jb/9ce9e8e43094b4d3090e39127cb98763,True,22時間前,2026-06-20 01:30:34,京都府
セロハンテープの検品・梱包／未経験OK／寮完備／軽作業／履歴書不要新着,株式会社Neo Boost 人事採用課,京都府,"時給1,480円～1,850円",アルバイト・パート,警備,求人ボックス,https://xn--pckua2a7gp15o89zb.com/jb/1234368cde4f886c539f84097dc155b3,True,22時間前,2026-06-20 01:30:34,京都府
セロハンテープの検品・梱包／未経験OK／寮完備／軽作業／履歴書不要新着,株式会社Neo Boost人事採用部,京都府,"時給1,480円～1,850円",アルバイト・パート,警備,求人ボックス,https://xn--pckua2a7gp15o89zb.com/jb/ce00b0f88a83658d06d60e83602a2d7b,True,22時間前,2026-06-20 01:30:34,京都府
カードゲーム商品の製造／寮完備／未経験OK／単純作業／履歴書不要新着,株式会社KIエージェント人事窓口3課,京都府,"時給1,500円～1,875円",アルバイト・パート,警備,求人ボックス,https://xn--pckua2a7gp15o89zb.com/jb/f1a2c5a7b5d9b78f8dbfd022e342480b,True,5時間前,2026-06-20 01:30:34,京都府
インスタントカメラの組立／寮費無料／未経験OK／単純作業／工場新着,株式会社KIエージェント人事窓口2課,京都府,月給30万円～35万円,正社員,警備,求人ボックス,https://xn--pckua2a7gp15o89zb.com/jb/6a299be25e66364bc249ce454b41a61b,True,5時間前,2026-06-20 01:30:34,京都府
ボタンの仕分け・検品／寮完備／未経験OK／単純作業／履歴書不要新着,株式会社KIエージェント人事窓口1課,京都府,"時給1,480円～1,850円",アルバイト・パート,警備,求人ボックス,https://xn--pckua2a7gp15o89zb.com/jb/60b59e4652258b6ec437e06e0fb41133,True,5時間前,2026-06-20 01:30:34,京都府
アイマスクの仕分け／未経験OK／寮完備／工場／軽作業／住み込み新着,株式会社KIエージェント製造部1課,京都府,"月給28万5,000円",正社員,警備,求人ボックス,https://xn--pckua2a7gp15o89zb.com/jb/239dddf131b86c2ee94fa89617bfba0b,True,5時間前,2026-06-20 01:30:34,京都府
マウスの組立／未経験OK／寮費無料／シンプル作業／履歴書不要新着,株式会社KIエージェント製造部2課,京都府,"時給1,520円～1,900円",アルバイト・パート,警備,求人ボックス,https://xn--pckua2a7gp15o89zb.com/jb/8a778362186fb04f770b6d96bbe82e93,True,5時間前,2026-06-20 01:30:37,京都府
マウスの組立／未経験OK／寮費無料／シンプル作業／履歴書不要新着,株式会社KIエージェント第一営業部,京都府,"時給1,520円～1,900円",アルバイト・パート,警備,求人ボックス,https://xn--pckua2a7gp15o89zb.com/jb/c13cd112283cebb05f1ab1609a834cff,True,5時間前,2026-06-20 01:30:37,京都府
セロハンテープの検品・梱包／未経験OK／寮完備／軽作業／履歴書不要新着,株式会社Neo Boost人事採用2課,京都府,"時給1,480円～1,850円",アルバイト・パート,警備,求人ボックス,https://xn--pckua2a7gp15o89zb.com/jb/463d2dc3498bd929cae65091d13b09ca,True,22時間前,2026-06-20 01:30:37,京都府
「役員送迎ドライバー」週3日勤務／普通免許で未経験からスタート／月収50万円以上・ボーナス年2回新着,警備員,京都府,"月給47万8,500円",正社員,警備,求人ボックス,https://xn--pckua2a7gp15o89zb.com/jbn/deff27c0de39f647e37239c64232467e,True,18時間前,2026-06-20 01:30:37,京都府
「著名人の送迎ドライバー」未経験OK・月収50万円以上／週3日勤務／20代～50代が多数活躍中新着,警備員,京都府,"月給47万8,000円",正社員,警備,求人ボックス,https://xn--pckua2a7gp15o89zb.com/jbn/de9ca47d48b519f09dd8dabf079cedc9,True,15時間前,2026-06-20 01:30:40,京都府
「夜勤」著名人やモデル・タレントの送迎ドライバー／学歴不問・普通免許でOK／資格取得支援あり新着,警備員,京都府,"月給45万6,000円",正社員,警備,求人ボックス,https://xn--pckua2a7gp15o89zb.com/jbn/f2da18e272570a99f6fc0ea09a838047,True,16時間前,2026-06-20 01:30:40,京都府
「VIP送迎中心」夜勤ハイヤードライバー／年収600万円以上／賞与年2回新着,警備員,京都府,"月給45万8,500円",正社員,警備,求人ボックス,https://xn--pckua2a7gp15o89zb.com/jbn/b5e20146f381b7fb3feb726f92c73e2b,True,18時間前,2026-06-20 01:30:44,京都府
役員・VIP送迎ドライバー／普通免許OK／年収600万円以上も可／履歴書不要／退職金制度あり新着,未経験OK,京都府,"月給47万7,000円",正社員,警備,求人ボックス,https://xn--pckua2a7gp15o89zb.com/jbn/386b757ab77974fb976cc449893422fb,True,16時間前,2026-06-20 01:30:44,京都府
送迎ドライバー／週3勤務／異業種からの転職歓迎新着,<年収例>入社1年目/29歳:年収560万円(前職:,京都府,"月給45万8,000円",正社員,警備,求人ボックス,https://xn--pckua2a7gp15o89zb.com/jbn/223f70a25c9595955faa75340618b04f,True,18時間前,2026-06-20 01:30:46,京都府
「週3日勤務で年収600万円も可能」役員送迎ドライバー／普通免許のみOK／未経験歓迎／賞与年2回新着,<年収例>・1年目/29歳:560万円(元,京都府,"月給47万8,000円",正社員,警備,求人ボックス,https://xn--pckua2a7gp15o89zb.com/jbn/bd52e3ad8997180221b0a77b4a21ff71,True,19時間前,2026-06-20 01:30:46,京都府
夜勤タクシードライバー／未経験スタートOK／年2回のボーナス支給あり／資格取得支援制度あり新着,警備員,京都府,"月給45万8,500円",正社員,警備,求人ボックス,https://xn--pckua2a7gp15o89zb.com/jbn/e0340fa7e3262e5d1ef442dcc3fc24d7,True,18時間前,2026-06-20 01:30:46,京都府
VIP専属送迎スタッフ／普通免許のみで応募OK／週3日勤務／賞与あり／高収入実現可能新着,警備,京都府,"月給47万8,000円",正社員,警備,求人ボックス,https://xn--pckua2a7gp15o89zb.com/jbn/4f48221a5c71201c5c299aae7a3e692f,True,18時間前,2026-06-20 01:30:46,京都府
関西エリア限定／マンション管理フロント／財閥系不動産管理会社新着,管理員の労務管理 等 1人当たり担当する物件数は平均8～10棟となります。 物件戸数など規模によります。,京都府,年収450万円～549万円,正社員,警備,求人ボックス,https://xn--pckua2a7gp15o89zb.com/jb/f74302b4b8e8bd57d43904a78d2e291e,True,18時間前,2026-06-20 01:30:56,京都府
ビル清掃スタッフ新着,株式会社共栄薬研,京都府,"時給1,200円～",アルバイト・パート,清掃,求人ボックス,https://xn--pckua2a7gp15o89zb.com/jb/12eb003f171f016abff01e4e4584cd4e,True,15時間前,2026-06-20 01:30:52,京都府
市バスの清掃スタッフ／西賀茂営業所新着,一般社団法人京都市交通局協力会,京都府,"時給1,170円",アルバイト・パート,清掃,求人ボックス,https://xn--pckua2a7gp15o89zb.com/jb/0207ddf2c412919457ec338583b2b3b6,True,9時間前,2026-06-20 01:30:52,京都府
障害者雇用新規オープン 清掃スタッフ 枠新着,株式会社木下の介護 リアンレーヴ京都市原／住宅型...,京都府,"時給1,122円",アルバイト・パート,清掃,求人ボックス,https://xn--pckua2a7gp15o89zb.com/jb/d2efd15e01fdbc130c03280975c191ec,True,22時間前,2026-06-20 01:30:52,京都府
障害者雇用清掃スタッフ新着,株式会社木下の介護 採用窓口,京都府,"時給1,122円",アルバイト・パート,清掃,求人ボックス,https://xn--pckua2a7gp15o89zb.com/jb/e0034c086e49f4938b43e069a3c85ad7,True,1時間前,2026-06-20 01:30:52,京都府
清掃スタッフ／万代 樫原店新着,株式会社万代,京都府,"時給1,190円",アルバイト・パート,清掃,求人ボックス,https://xn--pckua2a7gp15o89zb.com/jb/81c694b0915adc4f0d2653d49f913dfe,True,2時間前,2026-06-20 01:30:52,京都府
清掃スタッフ「パート・アルバイト」／そよ風公式新着,株式会社SOYOKAZE,京都府,"時給1,122円",アルバイト・パート,清掃,求人ボックス,https://xn--pckua2a7gp15o89zb.com/jb/ea10af6682dfac89f50e375efbd4e881,True,23時間前,2026-06-20 01:30:52,京都府
スモールラグジュアリーホテルの清掃スタッフ 週3日から新着,フロントマネジメント株式会社,京都府,"時給1,200円",アルバイト・パート,清掃,求人ボックス,https://xn--pckua2a7gp15o89zb.com/jb/d9e38e8c12f31455a0d7b24b8368be29,True,8時間前,2026-06-20 01:30:52,京都府
清掃スタッフ／ラブホテル新着,ホテルIN THE GREEN,京都府,"時給1,200円～",アルバイト・パート,清掃,求人ボックス,https://xn--pckua2a7gp15o89zb.com/jb/98ce9e1066d82f2e5d257fdb50222db7,True,6時間前,2026-06-20 01:30:53,京都府
清掃員・掃除スタッフ新着,関西ウォッシャー,京都府,"時給1,130円",アルバイト・パート,清掃,求人ボックス,https://xn--pckua2a7gp15o89zb.com/jb/33a4711c000b1b89fce217e230e8d3c3,True,15時間前,2026-06-20 01:30:53,京都府
京都駅近くの芸術大学内日常清掃スタッフ新着,株式会社ワタナベ美装,京都府,"時給1,200円",アルバイト・パート,清掃,求人ボックス,https://xn--pckua2a7gp15o89zb.com/jb/823442c78ed3162e4f15832f659c408f,True,4時間前,2026-06-20 01:30:53,京都府
介護施設での日常清掃新着,株式会社クリーンライフ,京都府,"時給1,200円",アルバイト・パート,清掃,求人ボックス,https://xn--pckua2a7gp15o89zb.com/jb/34aa20072a1c10a8f8ad15e831a7ba74,True,9時間前,2026-06-20 01:30:53,京都府
客室清掃管理責任者新着,ベルバリュー株式会社,京都府,月給24万400円,正社員,清掃,求人ボックス,https://xn--pckua2a7gp15o89zb.com/jb/88d50607e606e43dd8abab2ead6da024,True,3時間前,2026-06-20 01:30:53,京都府
"東福寺駅よりすぐ!簡単なランドリー清掃と機器の管理スタッフ募集! 時給1,150円新着",株式会社T&Pメディトラスト,京都府,"時給1,150円",アルバイト・パート,清掃,求人ボックス,https://xn--pckua2a7gp15o89zb.com/jb/edf456176742354172bf786c4d59b15b,True,10時間前,2026-06-20 01:30:55,京都府
軽作業 京都府乙訓郡大山崎町字円明寺新着,株式会社環業,京都府乙訓郡大山崎町字円明寺,"月給28万4,700円",正社員,清掃,求人ボックス,https://xn--pckua2a7gp15o89zb.com/jb/94a6465b52a996b53ef4db099dcc4ca5,True,9時間前,2026-06-20 01:30:55,京都府
「第2新卒活躍中!」AI活用入力事務スタッフ／20代デビューOK／休暇充実新着,株式会社小林,京都府,月給31万800円,正社員,清掃,求人ボックス,https://xn--pckua2a7gp15o89zb.com/jbn/08fb22720223da9a528a74a60674243f,True,2時間前,2026-06-20 01:30:55,京都府
「月給最大50万円!?」／焼き鳥店の調理スタッフ／福利厚生充実／未経験歓迎／20~30代活躍中新着,スタッフ,京都府,月給30万円～50万円,正社員,清掃,求人ボックス,https://xn--pckua2a7gp15o89zb.com/jbn/fc45c00724a0c976456c682eaee14417,True,10時間前,2026-06-20 01:30:55,京都府
「第2新卒活躍中!」PC入力サポート事務／「今年中に安定を掴むなら今」未経験採用枠新着,株式会社RIOT,京都府,"月給30万2,000円",正社員,清掃,求人ボックス,https://xn--pckua2a7gp15o89zb.com/jbn/8495c77edebfa43136ff6b4ded975421,True,2時間前,2026-06-20 01:30:55,京都府
「第2新卒活躍中!」オフィス一般ワーク／完全週休二日／未経験採用枠新着,AQUARIUS株式会社,京都府,"月給31万2,600円",正社員,清掃,求人ボックス,https://xn--pckua2a7gp15o89zb.com/jbn/d8ae19a26a66b8dd6cf144f332645e71,True,2時間前,2026-06-20 01:30:55,京都府
「第2新卒活躍中!」バックオフィス事務／完全週休二日／20代活躍新着,株式会社RIOT GROUP,京都府,"月給29万6,400円",正社員,清掃,求人ボックス,https://xn--pckua2a7gp15o89zb.com/jbn/a0c573a73035e7a2465b20d481ca9b48,True,2時間前,2026-06-20 01:30:55,京都府
「第2新卒活躍中!」AI活用オフィス事務サポート／残り枠わずか／休暇充実新着,Yts株式会社,京都府,"月給29万9,100円",正社員,清掃,求人ボックス,https://xn--pckua2a7gp15o89zb.com/jbn/abe8b7527b3db094edbdff9e3a464aae,True,2時間前,2026-06-20 01:30:59,京都府
「最短で働けるスピード採用枠」／焼き鳥店の調理スタッフ／即勤務OK／20~30代活躍中新着,スタッフ,京都府,月給28万円～33万円,正社員,清掃,求人ボックス,https://xn--pckua2a7gp15o89zb.com/jbn/58121e15a7c98e7804ca69db5cb81b2b,True,9時間前,2026-06-20 01:30:59,京都府
レストラン・専門料理店新着,ハマムラ株式会社,京都府,"月給23万3,600円",正社員,清掃,求人ボックス,https://xn--pckua2a7gp15o89zb.com/jbn/9d93a9140c809a8cb8d3fbcbcc405677,True,13時間前,2026-06-20 01:30:59,京都府
レストラン・専門料理店新着,株式会社ギャラント,京都府,"月給23万3,000円",正社員,清掃,求人ボックス,https://xn--pckua2a7gp15o89zb.com/jbn/6296727d76a9babd76fefff9bb651756,True,13時間前,2026-06-20 01:30:59,京都府
床下の施工工事スタッフ／月収45万円可／日勤／土日祝休み／50代活躍中新着,ナギ産業株式会社,京都府,"月給22万7,500円",正社員,清掃,求人ボックス,https://xn--pckua2a7gp15o89zb.com/jb/6645c876ca81ab4fc305a864de785a6f,True,15時間前,2026-06-20 01:30:59,京都府
レストラン・専門料理店新着,株式会社力は宿る,京都府,月給27万円～35万円,正社員,清掃,求人ボックス,https://xn--pckua2a7gp15o89zb.com/jbn/885f482b1860284ed4179b98a85d2a37,True,12時間前,2026-06-20 01:30:59,京都府
レストラン・専門料理店新着,株式会社フクナガ,京都府,"月給23万5,000円",正社員,清掃,求人ボックス,https://xn--pckua2a7gp15o89zb.com/jbn/e083ba76b1d1bcb5ec181b780bfa7a2e,True,12時間前,2026-06-20 01:31:02,京都府
レストラン・専門料理店新着,ワールド・ブランズ・コレクション ホテルズ&リゾ...,京都府,月給20万円～30万円,正社員,清掃,求人ボックス,https://xn--pckua2a7gp15o89zb.com/jbn/505802618c43ad19d23a4c345ad0b571,True,12時間前,2026-06-20 01:31:02,京都府
「月給40万円!?」／高級焼肉店のキッチンスタッフ／役職手当あり／昇給制度充実／20~30代活躍中新着,<仕事内容>高級焼肉店のキッチン,京都府,月給40万円,正社員,清掃,求人ボックス,https://xn--pckua2a7gp15o89zb.com/jbn/b698f13c87bce0891904292d998c11ac,True,10時間前,2026-06-20 01:31:02,京都府
「応募後スピーディーにご案内」／居酒屋の調理担当／未経験歓迎／20~30代活躍中新着,ホール業務 接客対応 オーダー受付 レジ対応 キッチン業務 調理業務 盛り付け ドリンク作成 仕込み作業 食材管理,京都府,月給28万円～33万円,正社員,清掃,求人ボックス,https://xn--pckua2a7gp15o89zb.com/jbn/1d5af56b90e2ae8a82111ffb3d0ae07d,True,9時間前,2026-06-20 01:31:02,京都府
レストラン・専門料理店新着,株式会社OOZORA,京都府,"月給19万5,000円",正社員,清掃,求人ボックス,https://xn--pckua2a7gp15o89zb.com/jbn/60147f8a1be5e47a8a0b701d6f4d04f2,True,13時間前,2026-06-20 01:31:02,京都府
レストラン・専門料理店新着,株式会社Ludico,京都府,月給24万円～30万円,正社員,清掃,求人ボックス,https://xn--pckua2a7gp15o89zb.com/jbn/cef7d57cc4b86ede18fb9dfa82bff917,True,12時間前,2026-06-20 01:31:02,京都府
「早期入社で活躍できる環境」／イタリアンレストランの調理スタッフ／昇給あり／20~30代活躍中新着,<仕事内容>イタリアンレストランの調理,京都府,月給28万円～33万円,正社員,清掃,求人ボックス,https://xn--pckua2a7gp15o89zb.com/jbn/a18db99a336f01a10c3993f954803385,True,9時間前,2026-06-20 01:31:02,京都府
「肉の知識や技術を身につけられる」／焼肉店の調理担当／月給30万円可／経験者優遇／賞与あり新着,ホール業務 接客対応 オーダー受付 レジ対応 キッチン業務 調理業務 盛り付け ドリンク作成 仕込み作業 食材管理,京都府,月給30万円,正社員,清掃,求人ボックス,https://xn--pckua2a7gp15o89zb.com/jbn/a6fd228c65eccabba955a420ecab4913,True,10時間前,2026-06-20 01:31:05,京都府
「鉄板を囲む人気店」／もんじゃ焼き店の調理スタッフ／月給30万円可／未経験歓迎／マイカー通勤可新着,スタッフ,京都府,月給30万円,正社員,清掃,求人ボックス,https://xn--pckua2a7gp15o89zb.com/jbn/ba2f312848f884a1804e8487d4fc63b1,True,10時間前,2026-06-20 01:31:05,京都府
「性別問わずスタートしやすい職場」／もんじゃ焼き店の調理担当／未経験歓迎／まかないあり新着,スタッフ,京都府,月給30万円～50万円,正社員,清掃,求人ボックス,https://xn--pckua2a7gp15o89zb.com/jbn/4575a83a7625bcbc34a5509dedc97ebe,True,9時間前,2026-06-20 01:31:05,京都府
大学図書館スタッフ新着,日本アスペクトコア株式会社,京都府,"時給1,200円～",契約社員,清掃,求人ボックス,https://xn--pckua2a7gp15o89zb.com/jb/0b980624c439843193f99edcc8156d43,True,6時間前,2026-06-20 01:31:05,京都府
レストラン・専門料理店新着,株式会社ワイズテーブルコーポレーション,京都府,月給25万円～40万円,正社員,清掃,求人ボックス,https://xn--pckua2a7gp15o89zb.com/jbn/ad631c50e0e69fc663035413a57de25b,True,13時間前,2026-06-20 01:31:05,京都府
「月給35万円可能!」／居酒屋の調理担当／昇給あり／キャリアアップ支援あり／20~30代活躍中新着,ホール業務 接客対応 オーダー受付 レジ対応 キッチン業務 調理業務 盛り付け ドリンク作成 仕込み作業 食材管理,京都府,月給35万円,正社員,清掃,求人ボックス,https://xn--pckua2a7gp15o89zb.com/jbn/ad885b218fca0beab2bf8ed1901c479b,True,10時間前,2026-06-20 01:31:05,京都府
「男女ともに歓迎!技術を学べる環境」／寿司店の調理師／キャリアアップ支援あり／福利厚生充実新着,ホール業務 接客対応 オーダー受付 レジ対応 キッチン業務 調理業務 盛り付け ドリンク作成 仕込み作業 食材管理,京都府,月給30万円～50万円,正社員,清掃,求人ボックス,https://xn--pckua2a7gp15o89zb.com/jbn/99bcdae7b4ecb7eef383d949e8c4cf50,True,9時間前,2026-06-20 01:31:09,京都府
「スピード選考で早く働ける」／ベーカリーのキッチンスタッフ／福利厚生充実／20~30代活躍中新着,スタッフ,京都府,月給28万円～33万円,正社員,清掃,求人ボックス,https://xn--pckua2a7gp15o89zb.com/jbn/5c05902633b83b86b44bf84a744347d7,True,9時間前,2026-06-20 01:31:09,京都府
「即戦力採用強化中」／高級焼肉店のキッチンスタッフ／高収入可能／20~30代活躍中新着,<仕事内容>高級焼肉店のキッチン,京都府,月給28万円～33万円,正社員,清掃,求人ボックス,https://xn--pckua2a7gp15o89zb.com/jbn/9ac00a6044caf39ee46ac871f0eef17b,True,9時間前,2026-06-20 01:31:09,京都府
「年間休日120日以上!自分の時間も大切にできる」／焼き鳥店の調理スタッフ／福利厚生充実新着,ホール業務 接客対応 オーダー受付 レジ対応 キッチン業務 調理業務 盛り付け ドリンク作成 仕込み作業 食材管理,京都府,月給30万円～50万円,正社員,清掃,求人ボックス,https://xn--pckua2a7gp15o89zb.com/jbn/74793c7a13ad43817997525c2ba6f4bf,True,10時間前,2026-06-20 01:31:09,京都府
「男性も女性も活躍中の職場」／フレンチレストランの調理担当／福利厚生充実／交通費支給新着,ホール業務 接客対応 オーダー受付 レジ対応 キッチン業務 調理業務 盛り付け ドリンク作成 仕込み作業 食材管理,京都府,月給30万円～50万円,正社員,清掃,求人ボックス,https://xn--pckua2a7gp15o89zb.com/jbn/3f0daf9b211f91ac7f08f867e25784a2,True,9時間前,2026-06-20 01:31:09,京都府
「焼き場で技術を磨ける環境」／焼き鳥店の調理係／月給30万円可／経験者優遇／独立支援あり新着,ホール業務 接客対応 オーダー受付 レジ対応 キッチン業務 調理業務 盛り付け ドリンク作成 仕込み作業 食材管理,京都府,月給30万円,正社員,清掃,求人ボックス,https://xn--pckua2a7gp15o89zb.com/jbn/5dd2305775b3aded38fca8195cdc467b,True,10時間前,2026-06-20 01:31:09,京都府
「27卒」トレーディングカード品質検査スタッフ「正社員」週休2日制・退職金制度あり／寮完備新着,株式会社Meta Sales,京都府,"月給25万1,200円",正社員,清掃,求人ボックス,https://xn--pckua2a7gp15o89zb.com/jbn/0906d77da6ba8ade47dd464cd38013e1,True,7時間前,2026-06-20 01:31:12,京都府
「男女ともに活躍中の人気ベーカリー」／ベーカリーのキッチンスタッフ／賞与あり／未経験歓迎新着,スタッフ,京都府,月給30万円～50万円,正社員,清掃,求人ボックス,https://xn--pckua2a7gp15o89zb.com/jbn/54f90e8306fba08f163e2fb0e2e60e19,True,9時間前,2026-06-20 01:31:12,京都府
「正社員デビューを応援!未経験から始められる」／焼き鳥店の調理スタッフ／研修制度充実／福利厚生充実新着,ホール業務 接客対応 オーダー受付 レジ対応 キッチン業務 調理業務 盛り付け ドリンク作成 仕込み作業 食材管理,京都府,月給28万円～33万円,正社員,清掃,求人ボックス,https://xn--pckua2a7gp15o89zb.com/jbn/8877c79f8ed9b683ef468ebcee7e3c4b,True,9時間前,2026-06-20 01:31:12,京都府
「男女ともに活躍できる飲食ワーク」／焼き鳥店の調理スタッフ／未経験歓迎／福利厚生充実新着,スタッフ,京都府,月給30万円～50万円,正社員,清掃,求人ボックス,https://xn--pckua2a7gp15o89zb.com/jbn/00457de845061c00e2e8d573bad5b61a,True,9時間前,2026-06-20 01:31:12,京都府
「休日も収入も妥協したくない方へ」／もんじゃ焼き店の調理担当／完全週休2日制／未経験歓迎新着,スタッフ,京都府,月給28万円～33万円,正社員,清掃,求人ボックス,https://xn--pckua2a7gp15o89zb.com/jbn/c81f7e9a02d02ba70e001f06d91a2271,True,9時間前,2026-06-20 01:31:12,京都府
レストラン・専門料理店新着,株式会社KPG HOTEL&RESORT,京都府,"月給32万5,000円",正社員,清掃,求人ボックス,https://xn--pckua2a7gp15o89zb.com/jbn/efa47cf3cc33943367183ebafa8f6a3c,True,10時間前,2026-06-20 01:31:16,京都府
レストラン・専門料理店新着,株式会社圓堂,京都府,月給25万円～35万円,正社員,清掃,求人ボックス,https://xn--pckua2a7gp15o89zb.com/jbn/a36c8be5ffdc1de7c4380c9b55e81e8d,True,9時間前,2026-06-20 01:31:16,京都府
レストラン・専門料理店新着,UDS株式会社,京都府,月給23万円～23万,正社員,清掃,求人ボックス,https://xn--pckua2a7gp15o89zb.com/jbn/9e161240d5c4b477f2601051eba1a151,True,7時間前,2026-06-20 01:31:16,京都府
「男女問わず調理スキルを磨ける」／家系ラーメン店の調理担当／キャリアアップ支援あり／昇給あり新着,ホール業務 接客対応 オーダー受付 レジ対応 キッチン業務 調理業務 盛り付け ドリンク作成 仕込み作業 食材管理,京都府,月給30万円～50万円,正社員,清掃,求人ボックス,https://xn--pckua2a7gp15o89zb.com/jbn/34355dafa28682a4eabe920d1ef93855,True,9時間前,2026-06-20 01:31:16,京都府
シャンプー・ヘアケア製品の充填スタッフ・年間休日125日「正社員／育休取得実績あり」フリーター歓迎新着,株式会社Le Lien,京都府,"月給30万8,900円",正社員,清掃,求人ボックス,https://xn--pckua2a7gp15o89zb.com/jbn/d379a0a952b783822d471f36ad07a48e,True,2時間前,2026-06-20 01:31:16,京都府
溶接スタッフ「27卒」未経験歓迎「産育休取得実績あり／キャリアアップ支援」・資格取得支援新着,株式会社大斗,京都府,"月給25万4,400円",正社員,清掃,求人ボックス,https://xn--pckua2a7gp15o89zb.com/jbn/0c4d0c08503fd8f7a53cccc3e9c48809,True,6時間前,2026-06-20 01:31:19,京都府
レストラン・専門料理店新着,株式会社ディアーズ・ブレイン,京都府,月給23万円～32万円,正社員,清掃,求人ボックス,https://xn--pckua2a7gp15o89zb.com/jbn/f66c70e8e57e72e7011f3d3146fe2eb3,True,8時間前,2026-06-20 01:31:19,京都府
レストラン・専門料理店新着,株式会社パッションギークス,京都府,月給28万円～33万円,正社員,清掃,求人ボックス,https://xn--pckua2a7gp15o89zb.com/jbn/fa12bc8effbbc7b38e9242886e4c2a61,True,12時間前,2026-06-20 01:31:19,京都府
スマートフォン・携帯プランの個人向け販売スタッフ「正社員」ブランク歓迎・完全週休2日制新着,株式会社alBee,京都府,月給32万100円,正社員,清掃,求人ボックス,https://xn--pckua2a7gp15o89zb.com/jbn/ebd6cabd8b41eda6c58bb1befaf092ef,True,6時間前,2026-06-20 01:31:19,京都府
プロテイン・サプリメントの製造スタッフ・ブランクOK／社員食堂あり「正社員・キャリアアップ支援」新着,株式会社キソシン,京都府,"月給29万1,800円",正社員,清掃,求人ボックス,https://xn--pckua2a7gp15o89zb.com/jbn/804a3c80bfa151d5b9add877c87be5cc,True,2時間前,2026-06-20 01:31:19,京都府
レストラン・専門料理店新着,株式会社曲田商店,京都府,月給20万円～27万円,正社員,清掃,求人ボックス,https://xn--pckua2a7gp15o89zb.com/jbn/60c815e5e2b6d00363a06cee65b531b7,True,7時間前,2026-06-20 01:31:19,京都府
レストラン・専門料理店新着,株式会社ベストプランニング,京都府,月給22万円～32万円,正社員,清掃,求人ボックス,https://xn--pckua2a7gp15o89zb.com/jbn/ba3ff5b05075ec7f0d7d94cc05d95e36,True,9時間前,2026-06-20 01:31:19,京都府
居酒屋・BAR新着,株式会社長楽館,京都府,月給24万円～35万円,正社員,清掃,求人ボックス,https://xn--pckua2a7gp15o89zb.com/jbn/9fd4e018ce479383ba4f9b400becd128,True,10時間前,2026-06-20 01:31:19,京都府
介護職／ヘルパー／小規模多機能型居宅介護新着,セントスタッフ株式会社,京都府,"時給1,300円～1,400円",派遣社員,清掃,求人ボックス,https://xn--pckua2a7gp15o89zb.com/jbn/ea0ed4255e41a199a491dcc87867ee35,True,11時間前,2026-06-20 01:31:19,京都府
保育補助新着,社会福祉法人京都社会事業財団,京都府,"時給1,350円～1,400円",派遣社員,派遣,求人ボックス,https://xn--pckua2a7gp15o89zb.com/jb/1822d4c54718dd5cde3052e595d1aa21,True,19時間前,2026-06-20 01:31:05,京都府
保育補助新着,社会福祉法人深草福祉会,京都府,"時給1,350円～1,450円",派遣社員,派遣,求人ボックス,https://xn--pckua2a7gp15o89zb.com/jb/fc7a91da94549d0b19c492cc7f55229c,True,19時間前,2026-06-20 01:31:05,京都府
人材派遣会社のコーディネーター／法人営業／経験不問／土日祝休み／携帯電話貸与／資格支援制度有り新着,株式会社ティーエム・テックス,京都府,月給22万円～28万円,正社員,派遣,求人ボックス,https://xn--pckua2a7gp15o89zb.com/jbn/0d9cfd0bc8b8bf0c98fdeeb9d47f128a,True,20時間前,2026-06-20 01:31:05,京都府
大型産業電池の試作・電気評価新着,パーソルクロステクノロジー株式会社,京都府,"時給1,900円～2,000円",派遣社員,派遣,求人ボックス,https://xn--pckua2a7gp15o89zb.com/jb/794f94b15cc2321ed821a8ff43c5978c,True,1時間前,2026-06-20 01:31:05,京都府
介護職／ヘルパー／住宅型有料老人ホーム／駅徒歩9分／週3日〜／時間固定可新着,セントスタッフ株式会社,京都府,"時給1,350円～1,450円",派遣社員,派遣,求人ボックス,https://xn--pckua2a7gp15o89zb.com/jbn/6e579f54c49a5affc8ef242af2a79df4,True,11時間前,2026-06-20 01:31:05,京都府
日勤・土日祝休み 部品の組立 男女活躍中 直雇用実績あり新着,株式会社ニチギワールド,京都府,"時給1,400円～1,750円",派遣社員,派遣,求人ボックス,https://xn--pckua2a7gp15o89zb.com/jb/87823fdb2a305430dab69f72be048fb8,True,9時間前,2026-06-20 01:31:05,京都府
ホース製造工場での運搬および検査スタッフ新着,株式会社TAMA,京都府,"時給1,580円～",派遣社員,派遣,求人ボックス,https://xn--pckua2a7gp15o89zb.com/jb/0a1c451cbca7085e2c6a9996e0643e63,True,5時間前,2026-06-20 01:31:06,京都府
事務デビュー応援／TELなし コツコツ入力!派遣STAFF活躍中新着,スタッフ,京都府,"時給1,210円",派遣社員,派遣,求人ボックス,https://xn--pckua2a7gp15o89zb.com/jb/268ac3b68c5484d224e9d586d82a4c30,True,9時間前,2026-06-20 01:31:06,京都府
リーチフォークリフトでの入出荷作業「時給1800円／週払いOK」新着,株式会社AsBee,京都府,時給1800円,派遣社員,派遣,求人ボックス,https://xn--pckua2a7gp15o89zb.com/jb/7b2750ca1d8504d0ebdd48018566a516,True,15時間前,2026-06-20 01:31:06,京都府
保育士／認可保育園／定員120名／平日のみ／11時〜19時／遅番固定新着,社会福祉法人保健福祉の会,京都府,"時給1,122円～1,300円",アルバイト・パート,派遣,求人ボックス,https://xn--pckua2a7gp15o89zb.com/jbn/0fd80c03583eb751f05e5a4cbf07a711,True,11時間前,2026-06-20 01:31:06,京都府
保育補助新着,社会福祉法人あゆみ会,京都府,"時給1,300円～1,550円",派遣社員,派遣,求人ボックス,https://xn--pckua2a7gp15o89zb.com/jb/d97fbedfa4c5ddbf206d815571661f1a,True,19時間前,2026-06-20 01:31:06,京都府
プリントシール機の外装デザイン 若い女性向けの可愛いデザイン新着,株式会社フェローズ,京都府,"時給1,500円～1,800円",派遣社員,派遣,求人ボックス,https://xn--pckua2a7gp15o89zb.com/jb/211b03fb8bc5080e86cfdbe1f6825078,True,13時間前,2026-06-20 01:31:06,京都府
保育補助新着,社会福祉法人京都社会福祉協会,京都府,"時給1,200円",派遣社員,派遣,求人ボックス,https://xn--pckua2a7gp15o89zb.com/jb/440057ef2b68eb641547bd3f4ba67963,True,19時間前,2026-06-20 01:31:10,京都府
児童指導員新着,合同会社ELEVAR,京都府,"時給1,500円",派遣社員,派遣,求人ボックス,https://xn--pckua2a7gp15o89zb.com/jb/d0a66ebd5195bac6e37c36b872dab664,True,19時間前,2026-06-20 01:31:10,京都府
保育補助新着,社会福祉法人久我の杜福祉会,京都府,"時給1,500円",派遣社員,派遣,求人ボックス,https://xn--pckua2a7gp15o89zb.com/jb/67c8b10290b5584bb15fc363e51faa22,True,19時間前,2026-06-20 01:31:10,京都府
保育士新着,社会福祉法人大住福祉会,京都府,"時給1,500円～1,600円",派遣社員,派遣,求人ボックス,https://xn--pckua2a7gp15o89zb.com/jb/88c5818398c14097c35993b284d0a237,True,19時間前,2026-06-20 01:31:10,京都府
保育士新着,社会福祉法人かおり福祉会,京都府,"時給1,400円",派遣社員,派遣,求人ボックス,https://xn--pckua2a7gp15o89zb.com/jb/06e5090f83201f8d22c881acbe6af4fd,True,19時間前,2026-06-20 01:31:10,京都府
保育士新着,社会福祉法人乙訓福祉会,京都府,"時給1,500円",派遣社員,派遣,求人ボックス,https://xn--pckua2a7gp15o89zb.com/jb/b2838e4cae9fb4a5e72a670cdd9eee7a,True,19時間前,2026-06-20 01:31:10,京都府
放課後児童支援員新着,社会福祉法人京都市社会福祉協議会,京都府,"時給1,200円",派遣社員,派遣,求人ボックス,https://xn--pckua2a7gp15o89zb.com/jb/2fe6003d71e111c3be5d7c0b9a063b6f,True,19時間前,2026-06-20 01:31:13,京都府
学童保育スタッフ／夏季限定 資格・経験不問 1日5時間～新着,ベルサンテ株式会社,京都府,"時給1,150円～",派遣社員,派遣,求人ボックス,https://xn--pckua2a7gp15o89zb.com/jb/9226757acd9f19d96f44ab80ee6f998c,True,16時間前,2026-06-20 01:31:13,京都府
2交替／土日休み／残業なし／月収28万円以上可／食堂あり／未経験歓迎新着,人材プロオフィス株式会社,京都府,"時給1,580円～",派遣社員,派遣,求人ボックス,https://xn--pckua2a7gp15o89zb.com/jb/b266c24319d69adfd7492ed42f0c272b,True,12時間前,2026-06-20 01:31:13,京都府
リゾートバイト／館内全般業務新着,株式会社ダイブ,京都府,"時給1,300円～",派遣社員,派遣,求人ボックス,https://xn--pckua2a7gp15o89zb.com/jb/72b583b761ccbd1918e8cbb321dcb681,True,20時間前,2026-06-20 01:31:13,京都府
保育補助新着,社会福祉法人京都基督教福祉会,京都府,"時給1,450円～1,550円",派遣社員,派遣,求人ボックス,https://xn--pckua2a7gp15o89zb.com/jb/eeea4ed0d36556ad452be54fbfe091b4,True,19時間前,2026-06-20 01:31:13,京都府
印刷工場での機械オペレーター業務新着,株式会社ウィルオブ・ワーク FO滋賀,京都府,"時給1,280円",派遣社員,派遣,求人ボックス,https://xn--pckua2a7gp15o89zb.com/jb/3d7e76dbb8ea16db56f52c0a0f737908,True,14時間前,2026-06-20 01:31:13,京都府
駅チカ／未経験OK／給与計算チームでのコツコツ事務新着,アデコ株式会社,京都府,"時給1,360円～",派遣社員,派遣,求人ボックス,https://xn--pckua2a7gp15o89zb.com/jb/1ca69670e38c890753f09e5265c0e392,True,19時間前,2026-06-20 01:31:13,京都府
ビジネスホテルのフロントスタッフ新着,株式会社阪急トラベルサポート,京都府,"時給1,500円～1,875円",派遣社員,派遣,求人ボックス,https://xn--pckua2a7gp15o89zb.com/jb/d5a3da3a9db589f4323204212832f962,True,10時間前,2026-06-20 01:31:17,京都府
保育士新着,一般社団法人AMI,京都府,"時給1,450円～1,550円",派遣社員,派遣,求人ボックス,https://xn--pckua2a7gp15o89zb.com/jb/3517c8f4273ebf4a8d59ff13e9d8191e,True,19時間前,2026-06-20 01:31:17,京都府
保育士・幼稚園教諭／時給1500円／16時終業も相談可／週4日〜／大谷保育園／乳児クラス補助新着,ベルサンテスタッフ株式会社,京都府,時給1500円,派遣社員,派遣,求人ボックス,https://xn--pckua2a7gp15o89zb.com/jb/79afcb4ae898fa46eda9428032921310,True,10時間前,2026-06-20 01:31:17,京都府
「コツコツ派必見」中古本などの目視検査新着,セブンエージェント株式会社,京都府,"時給1,400円～",派遣社員,派遣,求人ボックス,https://xn--pckua2a7gp15o89zb.com/jb/a49de3c6a468f8f554c664724771d13c,True,17時間前,2026-06-20 01:31:17,京都府
スクイーズの軽作業H新着,株式会社アルミラ,京都府,"時給1,550円～",派遣社員,派遣,求人ボックス,https://xn--pckua2a7gp15o89zb.com/jb/58b2b06c1144a613746fdc366931abfe,True,13時間前,2026-06-20 01:31:17,京都府
未経験OK コツコツ入力メイン!メーカーで事務のオシゴト新着,株式会社マイナビワークス,京都府,"時給1,350円",派遣社員,派遣,求人ボックス,https://xn--pckua2a7gp15o89zb.com/jb/f9fe7fd2ed4cdf668b4964899eeeb0d5,True,4時間前,2026-06-20 01:31:17,京都府
データエントリー業務 ／ 一般事務・OA事務 ／派遣スタッフ就業中 長期 事務新着,パーソルテンプスタッフ株式会社,京都府,"時給1,300円",派遣社員,派遣,求人ボックス,https://xn--pckua2a7gp15o89zb.com/jb/cd20e43031d11f4b61384d7095995edc,True,20時間前,2026-06-20 01:31:21,京都府
パタンナー／スポーツアパレル CADパターン作成／ワコールグループ／これまでのご経験が活かせます新着,株式会社ワコールキャリアサービス,京都府,"時給1,500円",派遣社員,派遣,求人ボックス,https://xn--pckua2a7gp15o89zb.com/jb/8c3e7dd96c7a956b37bb84254be64ca7,True,4時間前,2026-06-20 01:31:21,京都府
未経験可／研修充実／システムエンジニア新着,ナナイロモバイル株式会社,京都府,月給28万円～50万円,正社員,派遣,求人ボックス,https://xn--pckua2a7gp15o89zb.com/jbn/fa7ed725b0884a975091aa847a89472d,True,2時間前,2026-06-20 01:31:21,京都府
「今からでもOK!新しい環境でリスタート」20代30代の未経験から活躍／モノづくりエンジニア／寮新着,で収入も不安定...,京都府,月給27万円～45万円,正社員,派遣,求人ボックス,https://xn--pckua2a7gp15o89zb.com/jbn/a104fcb5ecf82274a8a90ac06dc9933a,True,3時間前,2026-06-20 01:31:21,京都府
焼肉レストランでのキッチンスタッフ／20代活躍中／未経験・第二新卒／賞与あり／京都市東山区宮川筋新着,未経験OK,京都府,"月給23万2,000円",正社員,派遣,求人ボックス,https://xn--pckua2a7gp15o89zb.com/jbn/e0b3e09d6c60d7bce823076ff6a0dc6b,True,2時間前,2026-06-20 01:31:21,京都府
「今からでもOK!新しい環境でリスタート」製造組み立て／年間休日125日以上新着,で収入も不安定...,京都府,月給27万円～45万円,正社員,派遣,求人ボックス,https://xn--pckua2a7gp15o89zb.com/jbn/eb5ba7d2309dc9b9921d8a563e16ced5,True,2時間前,2026-06-20 01:31:21,京都府
「今からでもOK!新しい環境でリスタート」製造スタッフ／寮・社宅・家賃補助あり新着,で収入も不安定...,京都府,月給27万円～45万円,正社員,派遣,求人ボックス,https://xn--pckua2a7gp15o89zb.com/jbn/074bec225e051014926f1f63446e66ec,True,2時間前,2026-06-20 01:31:21,京都府
「今からでもOK!新しい環境でリスタート」20代30代の未経験から活躍／製造オペレーター新着,で収入も不安定...,京都府,月給27万円～45万円,正社員,派遣,求人ボックス,https://xn--pckua2a7gp15o89zb.com/jbn/1fd4e5fce82fbe6b5e0989b18feccebd,True,3時間前,2026-06-20 01:31:21,京都府
「今からでもOK!新しい環境でリスタート」20代30代の未経験から活躍／モノづくりエンジニア新着,で収入も不安定...,京都府,月給27万円～45万円,正社員,派遣,求人ボックス,https://xn--pckua2a7gp15o89zb.com/jbn/b99d49ae12d05a59dd908d4147964cac,True,4時間前,2026-06-20 01:31:24,京都府
焼肉レストランでのキッチン業務／20代活躍中／未経験・第二新卒／賞与あり／京都市東山区宮川筋新着,未経験OK,京都府,"月給23万2,000円",正社員,派遣,求人ボックス,https://xn--pckua2a7gp15o89zb.com/jbn/2a22da57795e3a0919fedd29ad2b118a,True,3時間前,2026-06-20 01:31:24,京都府
「今からでもOK!新しい環境でリスタート」20代30代の未経験から活躍／製造組み立て新着,で収入も不安定...,京都府,月給27万円～45万円,正社員,派遣,求人ボックス,https://xn--pckua2a7gp15o89zb.com/jbn/c0586a345657fd255dd112ab14342b77,True,3時間前,2026-06-20 01:31:24,京都府
「今からでもOK!新しい環境でリスタート」20代30代の未経験から活躍／製造組み立て／寮・社宅新着,で収入も不安定...,京都府,月給27万円～45万円,正社員,派遣,求人ボックス,https://xn--pckua2a7gp15o89zb.com/jbn/67a6a06bb599169dec17d3ec4330d6e0,True,3時間前,2026-06-20 01:31:24,京都府
産業用ESS企画開発電池エンジニア／20代活躍中／未経験・第二新卒／土日祝休み／賞与あり新着,未経験OK,京都府,"月給44万4,000円",正社員,派遣,求人ボックス,https://xn--pckua2a7gp15o89zb.com/jbn/dda95ec561ebaecc89b5ead8446ef033,True,3時間前,2026-06-20 01:31:24,京都府
美山工場での製造スタッフ／20代活躍中／未経験・第二新卒／賞与あり／南丹市美山町島神田新着,...園部市周辺の家具家電付き借り上げ社宅に入居いただけます(別途規定あり)のどかで落ち着いて暮らせる環境ですが、京都市内まで40分程度の立地なので、休日は京都市内を散策する,京都府,年収382万円～464万円,正社員,派遣,求人ボックス,https://xn--pckua2a7gp15o89zb.com/jbn/6d66d4358bdfd0302ee4a3c056f6d9c2,True,5時間前,2026-06-20 01:31:24,京都府
「今からでもOK!新しい環境でリスタート」製造オペレーター／残業少なめ・年間休日125日以上新着,で収入も不安定...,京都府,月給27万円～45万円,正社員,派遣,求人ボックス,https://xn--pckua2a7gp15o89zb.com/jbn/eaead17d03252adf863d2bcf9792682a,True,3時間前,2026-06-20 01:31:24,京都府
「今からでもOK!新しい環境でリスタート」20代30代の未経験から活躍／製造スタッフ／残業少なめ新着,で収入も不安定...,京都府,月給27万円～45万円,正社員,派遣,求人ボックス,https://xn--pckua2a7gp15o89zb.com/jbn/478e4ef7e9355168378eb2c8a818dc56,True,3時間前,2026-06-20 01:31:28,京都府
「今からでもOK!新しい環境でリスタート」工場スタッフ／年休125日以上・完全週休2日制新着,で収入も不安定...,京都府,月給27万円～45万円,正社員,派遣,求人ボックス,https://xn--pckua2a7gp15o89zb.com/jbn/e4d0c30b8248060575a644c76c952720,True,3時間前,2026-06-20 01:31:28,京都府
流量計製造の生産管理／20代活躍中／未経験・第二新卒／土日祝休み／賞与あり／京田辺市草内当ノ木新着,未経験OK,京都府,"月給22万1,000円",正社員,派遣,求人ボックス,https://xn--pckua2a7gp15o89zb.com/jbn/03cd32fea3b3dacbaf7760da8088aca7,True,5時間前,2026-06-20 01:31:28,京都府
立命館大学×朱雀CP／大学事務／アーカイブ配信業務／直接雇用前提新着,株式会社キャリアパワー,京都府,"時給1,450円",派遣社員,派遣,求人ボックス,https://xn--pckua2a7gp15o89zb.com/jb/a1fe1f715aded6e42a203d2f956a6ef4,True,22時間前,2026-06-20 01:31:28,京都府
保育士／鞍馬口／小規模保育園／土曜日のみ／週1日／扶養内可新着,社会福祉法人ゆりかご福祉会,京都府,"時給1,122円～",アルバイト・パート,派遣,求人ボックス,https://xn--pckua2a7gp15o89zb.com/jbn/eabf76c3e2e72130e0c0f8cb9aff7d46,True,11時間前,2026-06-20 01:31:28,京都府
機械メーカーでの営業事務／20代・30代活躍中!大手機械メーカーで事務サポート新着,株式会社セリオ,京都府,"時給1,600円",派遣社員,派遣,求人ボックス,https://xn--pckua2a7gp15o89zb.com/jb/5ed9eb8dbdd3c84e24eef7935bb76031,True,6時間前,2026-06-20 01:31:28,京都府
リネン類の仕分け作業／未経験歓迎 20〜50代男性活躍中新着,ワタキューセイモア株式会社,京都府,"月給20万9,400円",契約社員,派遣,求人ボックス,https://xn--pckua2a7gp15o89zb.com/jb/57ae78bba50ed514915e84d4aad852b7,True,12時間前,2026-06-20 01:31:28,京都府
半導体LSIレイアウト設計 時給2000円〜新着,株式会社スタッフサービス,京都府,時給2000円,派遣社員,派遣,求人ボックス,https://xn--pckua2a7gp15o89zb.com/jb/b57a0e6859c91960639b28d94028c30e,True,6時間前,2026-06-20 01:31:30,京都府
機械オペレーター 機械オペレーション ／マシン加工オペレーター新着,スタッフ,京都府,"時給1,500円",,派遣,求人ボックス,https://xn--pckua2a7gp15o89zb.com/jb/7777161ab6828f8b348c0b5b007ac9d0,True,15時間前,2026-06-20 01:31:30,京都府
放課後デイサービススタッフ新着,株式会社ホットスタッフ城陽,京都府,"時給1,200円",派遣社員,派遣,求人ボックス,https://xn--pckua2a7gp15o89zb.com/jb/5fdf14b0f5d4ee9f8a7cfe99cb342727,True,7時間前,2026-06-20 01:31:30,京都府
物流会社での営業事務新着,株式会社ホットスタッフ四条,京都府,"時給1,450円～",派遣社員,派遣,求人ボックス,https://xn--pckua2a7gp15o89zb.com/jb/631b10e5eb4d53c95583e6f0e8932803,True,7時間前,2026-06-20 01:31:30,京都府
仕分け・梱包・ピッキング／自動車部品のピッキング新着,スタッフ,京都府,"時給1,350円",,派遣,求人ボックス,https://xn--pckua2a7gp15o89zb.com/jb/086a6cd4cd32deaa21769b0afa87c4d3,True,15時間前,2026-06-20 01:31:30,京都府
物流・配送・軽作業／バンパー搬入整理新着,スタッフ,京都府,"時給1,400円",,派遣,求人ボックス,https://xn--pckua2a7gp15o89zb.com/jb/2eb49d79c2f43e4543c3fc165a36f27c,True,15時間前,2026-06-20 01:31:30,京都府
機械オペレーター 機械オペレーション ／HPLC装置の組立作業新着,スタッフ,京都府,"時給1,550円",,派遣,求人ボックス,https://xn--pckua2a7gp15o89zb.com/jb/c2b2d74aa5f8af16a42bd51b9cc3060e,True,15時間前,2026-06-20 01:31:30,京都府
冷蔵倉庫内で食品のピッキング新着,株式会社ホットスタッフ京都,京都府,"時給1,250円",派遣社員,派遣,求人ボックス,https://xn--pckua2a7gp15o89zb.com/jb/ec0cd5721c04b8f4601a67123654fa87,True,7時間前,2026-06-20 01:31:33,京都府
機械オペレーター 機械オペレーション ／電車装置の組立作業新着,スタッフ,京都府,"時給1,350円",,派遣,求人ボックス,https://xn--pckua2a7gp15o89zb.com/jb/506f44ddd5f6b613b2b3f5590a9e50b7,True,9時間前,2026-06-20 01:31:33,京都府
カンタン軽作業や製造・コツコツ作業・日払いOK新着,株式会社RING,京都府,"月給28万1,000円",派遣社員,派遣,求人ボックス,https://xn--pckua2a7gp15o89zb.com/jbn/cbf2d73f236c4df9090225da901ad890,True,5時間前,2026-06-20 01:31:33,京都府
「“インフラ気になる”でOK!」／インフラエンジニア／月収30万可／未経験歓迎／残業少なめ新着,BCC株式会社,京都府,"月給33万2,000円",正社員,派遣,求人ボックス,https://xn--pckua2a7gp15o89zb.com/jbn/4cac44c33edd65b502f8022481856f50,True,6時間前,2026-06-20 01:31:33,京都府
高収入でしっかり稼げる!／製造・軽作業／20～40代活躍中／経験者歓迎新着,日本マニュファクチャリングサービス株式会社,京都府,"月給29万1,000円",正社員,派遣,求人ボックス,https://xn--pckua2a7gp15o89zb.com/jbn/08744e54a2ae858a49c37f1c73ace199,True,8時間前,2026-06-20 01:31:33,京都府
コツコツ事務でムリなく!ペースに合わせて学べる／一般事務／育休あり／京都市下京区七条通新着,株式会社大斗,京都府,"月給26万6,600円",正社員,派遣,求人ボックス,https://xn--pckua2a7gp15o89zb.com/jbn/9f782e5e6a1ef8f624429f0de0d6e9cf,True,9時間前,2026-06-20 01:31:33,京都府
「いきなり正社員?!」／スマホ電池の梱包／カンタン作業／多彩なキャリア／20〜30代活躍中!新着,三陽工業株式会社,京都府,月給19万円～38万円,正社員,派遣,求人ボックス,https://xn--pckua2a7gp15o89zb.com/jbn/e7873d58557fd4689e9bda79f7db1559,True,10時間前,2026-06-20 01:31:33,京都府
ホール 五条駅ちかく／小規模店舗でお仕事ラクラク／飲食ホールSTAFF新着,株式会社京色,京都府,"時給1,200円～1,500円",アルバイト・パート,飲食,求人ボックス,https://xn--pckua2a7gp15o89zb.com/jb/d4f6e2049a06d9afa85bf3e4e255f3aa,True,2時間前,2026-06-20 01:31:14,京都府
レストラン・専門料理店新着,ASIAMIX株式会社,京都府,"月給29万2,000円",正社員,飲食,求人ボックス,https://xn--pckua2a7gp15o89zb.com/jbn/84b365333fcbb24a66641179bbf7d5ee,True,10時間前,2026-06-20 01:31:14,京都府
レストラン・専門料理店新着,ワールド・ブランズ・コレクション ホテルズ&リゾ...,京都府,月給24万円～27万円,正社員,飲食,求人ボックス,https://xn--pckua2a7gp15o89zb.com/jbn/3ddf4a7d379c58739d386abd744e0d9b,True,12時間前,2026-06-20 01:31:14,京都府
レストラン・専門料理店新着,株式会社ジェイグループホールディングス,京都府,月給30万円～40万円,正社員,飲食,求人ボックス,https://xn--pckua2a7gp15o89zb.com/jbn/27a41068d2762882d6a884c9f2bc7c84,True,11時間前,2026-06-20 01:31:14,京都府
レストラン・専門料理店新着,株式会社クロレランド,京都府,月給25万円～30万円,正社員,飲食,求人ボックス,https://xn--pckua2a7gp15o89zb.com/jbn/1bd899407a849aae1a5221f591312ce4,True,11時間前,2026-06-20 01:31:14,京都府
レストラン・専門料理店新着,株式会社Nexthero,京都府,月給28万円～40万円,正社員,飲食,求人ボックス,https://xn--pckua2a7gp15o89zb.com/jbn/7716bbf5f43f81043780b0a9532730c4,True,10時間前,2026-06-20 01:31:14,京都府
レストラン・専門料理店新着,株式会社健幸プラス,京都府,月給25万円～35万円,正社員,飲食,求人ボックス,https://xn--pckua2a7gp15o89zb.com/jbn/9beff84dbe8a1bacbe3ea5e71566a654,True,13時間前,2026-06-20 01:31:14,京都府
レストラン・専門料理店新着,株式会社魁力屋,京都府,月給23万円～28万,正社員,飲食,求人ボックス,https://xn--pckua2a7gp15o89zb.com/jbn/a9291b895954f8039374526bfeea54e1,True,11時間前,2026-06-20 01:31:14,京都府
レストラン・専門料理店新着,スター食堂株式会社,京都府,"月給25万1,000円",正社員,飲食,求人ボックス,https://xn--pckua2a7gp15o89zb.com/jbn/c04266839063a099fd0129f37ca3af07,True,9時間前,2026-06-20 01:31:14,京都府
レストラン・専門料理店新着,株式会社髙松フード・クリエイト,京都府,月給25万40円,正社員,飲食,求人ボックス,https://xn--pckua2a7gp15o89zb.com/jbn/509729072a93564c571ca67c596d4104,True,13時間前,2026-06-20 01:31:14,京都府
レストラン・専門料理店新着,株式会社イニシエート,京都府,"月給25万2,500円",正社員,飲食,求人ボックス,https://xn--pckua2a7gp15o89zb.com/jbn/f85cbbb9d9c55dba4d36ee62a4d7a2d0,True,11時間前,2026-06-20 01:31:18,京都府
レストラン・専門料理店新着,株式会社曲田商店,京都府,月給20万円～27万円,正社員,飲食,求人ボックス,https://xn--pckua2a7gp15o89zb.com/jbn/fafd90a5bded451750c8456f8085fa14,True,7時間前,2026-06-20 01:31:18,京都府
レストラン・専門料理店新着,宇治開発興業株式会社,京都府,"月給25万7,000円",正社員,飲食,求人ボックス,https://xn--pckua2a7gp15o89zb.com/jbn/f1c7c0472f01505fa96b908d3dcc7643,True,11時間前,2026-06-20 01:31:18,京都府
レストラン・専門料理店新着,株式会社アクトウェスト,京都府,"月給25万8,000円",正社員,飲食,求人ボックス,https://xn--pckua2a7gp15o89zb.com/jbn/648e729557daccc66289d1e35fdbc814,True,10時間前,2026-06-20 01:31:18,京都府
"レストラン・専門料理店,レストラン・専門料理店新着",株式会社すかいらーくホールディングス,京都府,"月給25万5,200円",正社員,飲食,求人ボックス,https://xn--pckua2a7gp15o89zb.com/jbn/300400b5e54c378a86311f48cc4321ad,True,10時間前,2026-06-20 01:31:18,京都府
レストラン・専門料理店新着,有限会社エムジーフーズ,京都府,"月給18万6,000円",正社員,飲食,求人ボックス,https://xn--pckua2a7gp15o89zb.com/jbn/97063f9dc497371c8d4e6a854ff10ab1,True,11時間前,2026-06-20 01:31:20,京都府
レストラン・専門料理店新着,株式会社大志万,京都府,月給25万円～30万円,正社員,飲食,求人ボックス,https://xn--pckua2a7gp15o89zb.com/jbn/186bd78dd637219d2f15312bdd2c7936,True,11時間前,2026-06-20 01:31:20,京都府
レストラン・専門料理店新着,株式会社オンザページ,京都府,月給25万円～38万,正社員,飲食,求人ボックス,https://xn--pckua2a7gp15o89zb.com/jbn/55fd40b172010e73a71d3180fd8086ee,True,10時間前,2026-06-20 01:31:20,京都府
レストラン・専門料理店新着,株式会社ワイズテーブルコーポレーション,京都府,月給25万円～40万円,正社員,飲食,求人ボックス,https://xn--pckua2a7gp15o89zb.com/jbn/971049afa5feb9047d396d6666dc902d,True,11時間前,2026-06-20 01:31:20,京都府
レストラン・専門料理店新着,株式会社しょうざん,京都府,月給23万円～35万円,正社員,飲食,求人ボックス,https://xn--pckua2a7gp15o89zb.com/jbn/5509a7e9aa5c32c2458d6750d89b349c,True,11時間前,2026-06-20 01:31:20,京都府
レストラン・専門料理店新着,株式会社パルプラン,京都府,"月給26万3,000円",正社員,飲食,求人ボックス,https://xn--pckua2a7gp15o89zb.com/jbn/4a2dfa8e3e90b8bfe53dfb1d28211994,True,13時間前,2026-06-20 01:31:20,京都府
株式会社 トリドールホールディングスの接客スタッフ／月給24.9万～30万／京都府京都市勤務新着,株式会社トリドールホールディングス,京都府京都市勤務,月給24,正社員,飲食,求人ボックス,https://xn--pckua2a7gp15o89zb.com/jbn/34db79b5ffda488aede692f5e084862a,True,13時間前,2026-06-20 01:31:23,京都府
レストラン・専門料理店新着,株式会社C&P,京都府,"月給23万5,000円",正社員,飲食,求人ボックス,https://xn--pckua2a7gp15o89zb.com/jbn/2075332ab8519f2561607008cb751ced,True,11時間前,2026-06-20 01:31:23,京都府
レストラン・専門料理店新着,株式会社パッションギークス,京都府,月給28万円～45万円,正社員,飲食,求人ボックス,https://xn--pckua2a7gp15o89zb.com/jbn/cf071c8d56197fb39965574a9812497d,True,11時間前,2026-06-20 01:31:23,京都府
お弁当・お惣菜の製造新着,コメックス株式会社工場」,京都府,"月給19万5,000円",正社員,飲食,求人ボックス,https://xn--pckua2a7gp15o89zb.com/jbn/1d5848f23593715488efc95b9563460c,True,13時間前,2026-06-20 01:31:23,京都府
レストラン・専門料理店新着,株式会社ZUND,京都府,"月給27万5,503円",正社員,飲食,求人ボックス,https://xn--pckua2a7gp15o89zb.com/jbn/b2639fc3e0b3940718e5670ca44d622e,True,10時間前,2026-06-20 01:31:23,京都府
「まだ間に合う!」未経験採用枠／カプセルトイ製造オペレーター／寮・社宅・家賃補助あり新着,株式会社RIOT GROUP,京都府,月給28万円～50万円,正社員,飲食,求人ボックス,https://xn--pckua2a7gp15o89zb.com/jbn/8dafb304eb009be676b456109a7a46b9,True,3時間前,2026-06-20 01:31:26,京都府
「まだ間に合う!」未経験採用枠／製造スタッフ・カプセルトイ／寮・社宅・家賃補助あり新着,株式会社小林,京都府,月給28万円～50万円,正社員,飲食,求人ボックス,https://xn--pckua2a7gp15o89zb.com/jbn/08c5ddfddb0af4f7ae8db81e7f61f379,True,2時間前,2026-06-20 01:31:26,京都府
リラクゼーションセラピスト／ヨガ・ピラティス経験者活躍中!／シフト自由／未経験歓迎新着,ラフィネ イオンモール北大路店,京都府,"時給2,232円～4,068円",,飲食,求人ボックス,https://xn--pckua2a7gp15o89zb.com/jbn/b17789fa6995225f7d4c6ada80f3cceb,True,19時間前,2026-06-20 01:31:26,京都府
リラクゼーションセラピスト／ヨガ・ピラティス経験者活躍中!／シフト自由／未経験歓迎新着,ラフィネプリュス 京都ポルタ店,京都府,"時給2,232円～4,368円",,飲食,求人ボックス,https://xn--pckua2a7gp15o89zb.com/jbn/a73f4be579255e0fa385bcd5c9c556f0,True,19時間前,2026-06-20 01:31:26,京都府
「性別問わずチャレンジしやすい環境」／焼き鳥店のホール／研修制度充実／賞与あり／20~30代活躍中新着,飲食,京都府,月給30万円～50万円,正社員,飲食,求人ボックス,https://xn--pckua2a7gp15o89zb.com/jbn/ea6f2c750ab49068d736b42c3c1289a9,True,9時間前,2026-06-20 01:31:26,京都府
リラクゼーションセラピスト／ヨガ・ピラティス経験者活躍中!／シフト自由／未経験歓迎新着,ラフィネ コトチカ御池店,京都府,"時給2,232円～4,068円",,飲食,求人ボックス,https://xn--pckua2a7gp15o89zb.com/jbn/db9578e8f2c4de9f51baf98c77b71240,True,19時間前,2026-06-20 01:31:26,京都府
「月給40万円!?」／焼き鳥店の調理係／住宅手当あり／交通費全額支給／20~30代活躍中新着,飲食,京都府,月給40万円,正社員,飲食,求人ボックス,https://xn--pckua2a7gp15o89zb.com/jbn/bea948065bb209d56aebd400aa17a1e4,True,10時間前,2026-06-20 01:31:26,京都府
「即入社希望の方を積極採用中」／もんじゃ焼き店の調理担当／まかないあり／20~30代活躍中新着,飲食,京都府,月給28万円～33万円,正社員,飲食,求人ボックス,https://xn--pckua2a7gp15o89zb.com/jbn/01229848d79479932cd4417cd52e4912,True,9時間前,2026-06-20 01:31:26,京都府
「一流の技を基礎から学べる」／フレンチレストランの調理見習い／月給30万円可／賞与あり／社宅あり新着,飲食,京都府,月給30万円,正社員,飲食,求人ボックス,https://xn--pckua2a7gp15o89zb.com/jbn/8e7f8a0e9d834313ec9038de5d68d881,True,10時間前,2026-06-20 01:31:29,京都府
店長・マネージャー候補／キッチン 焼肉酒場の店長候補／完全週休2日制可／福利厚生 待遇抜群新着,モンテステリース有限会社,京都府,月給29万円～40万円,正社員,飲食,求人ボックス,https://xn--pckua2a7gp15o89zb.com/jb/2e35de74d4cde0c9fcfbdc02bb382520,True,2時間前,2026-06-20 01:31:29,京都府
「男女ともに長く活躍できる職場」／イタリアンレストランの調理スタッフ／福利厚生充実／完全週休2日制新着,スタッフ,京都府,月給30万円～50万円,正社員,飲食,求人ボックス,https://xn--pckua2a7gp15o89zb.com/jbn/a8d6f4e7848cfd4f8607100d18c2610c,True,9時間前,2026-06-20 01:31:29,京都府
「採用までの流れがスムーズ」／焼き鳥店の調理係／交通費支給／20~30代活躍中新着,飲食,京都府,月給28万円～33万円,正社員,飲食,求人ボックス,https://xn--pckua2a7gp15o89zb.com/jbn/722895f828e75ebf569a165484cf9cc4,True,9時間前,2026-06-20 01:31:29,京都府
「月給35万円可能!」／もんじゃ焼き店の調理担当／未経験歓迎／まかないあり／20~30代活躍中新着,飲食,京都府,月給35万円,正社員,飲食,求人ボックス,https://xn--pckua2a7gp15o89zb.com/jbn/aa4ad35844ccb2567df661f470887e93,True,10時間前,2026-06-20 01:31:29,京都府
「本格料理を学びながら成長できる」／イタリアンレストランの調理スタッフ／月給30万円可／未経験歓迎新着,飲食,京都府,月給30万円,正社員,飲食,求人ボックス,https://xn--pckua2a7gp15o89zb.com/jbn/f01c45cbef623ec9088f9f01e910e237,True,10時間前,2026-06-20 01:31:33,京都府
「長く安心して続けられる職場環境」／イタリアンレストランの調理スタッフ／福利厚生充実／完全週休2日制新着,作業スタイル(,京都府,月給28万円～33万円,正社員,飲食,求人ボックス,https://xn--pckua2a7gp15o89zb.com/jbn/c2d52ca139644d8490ca3b03fcdc2320,True,9時間前,2026-06-20 01:31:33,京都府
「仕事もプライベートも充実できる環境」／焼き鳥店のホール／年間休日120日以上／未経験歓迎新着,飲食,京都府,月給30万円～50万円,正社員,飲食,求人ボックス,https://xn--pckua2a7gp15o89zb.com/jbn/4608cd3d9addd015cca01b10a5ab592a,True,10時間前,2026-06-20 01:31:33,京都府
「男性・女性ともに働きやすい環境」／イタリアンレストランのホールスタッフ／賞与あり／福利厚生充実新着,スタッフ,京都府,月給30万円～50万円,正社員,飲食,求人ボックス,https://xn--pckua2a7gp15o89zb.com/jbn/c0ba0ad905afd7eb37181e72390dad65,True,9時間前,2026-06-20 01:31:33,京都府
「月給最大50万円!?」／焼肉店のホール担当／未経験歓迎／交通費支給／20~30代活躍中新着,飲食,京都府,月給30万円～50万円,正社員,飲食,求人ボックス,https://xn--pckua2a7gp15o89zb.com/jbn/dbb7b7a0c8fdde8bf5dc838833eafbfd,True,10時間前,2026-06-20 01:31:33,京都府
「月給40万円!?」／イタリアンレストランのホールスタッフ／年間休日110日以上／まかないあり新着,イタリアンレストランのホール,京都府,月給40万円,正社員,飲食,求人ボックス,https://xn--pckua2a7gp15o89zb.com/jbn/b4225afeadc3f98328c26795987c73ee,True,10時間前,2026-06-20 01:31:37,京都府
「男女問わず始めやすい接客ワーク」／焼肉店のホール担当／研修制度充実／福利厚生充実新着,飲食,京都府,月給30万円～50万円,正社員,飲食,求人ボックス,https://xn--pckua2a7gp15o89zb.com/jbn/6987780b162e5ad3a3bfbc0bfbd7d713,True,9時間前,2026-06-20 01:31:37,京都府
「今すぐ働きたい方におすすめ」／ラーメン店のホールスタッフ／未経験歓迎／20~30代活躍中新着,<仕事内容>ラーメン店のホール,京都府,月給28万円～33万円,正社員,飲食,求人ボックス,https://xn--pckua2a7gp15o89zb.com/jbn/f95e1f4f0c735a94ef960b4baf477bc9,True,9時間前,2026-06-20 01:31:37,京都府
「一人前の職人を目指せる環境」／寿司店の調理師／未経験歓迎／キャリアアップ支援あり新着,飲食,京都府,月給30万円～50万円,正社員,飲食,求人ボックス,https://xn--pckua2a7gp15o89zb.com/jbn/749f6cc55e25431151e639dfac923adf,True,9時間前,2026-06-20 01:31:37,京都府
「性別問わず評価される職場環境」／高級焼肉店のキッチンスタッフ／昇給あり／福利厚生充実新着,飲食,京都府,月給30万円～50万円,正社員,飲食,求人ボックス,https://xn--pckua2a7gp15o89zb.com/jbn/10d63ac3e4b6accd846ee09cc049d88e,True,9時間前,2026-06-20 01:31:37,京都府
「未経験から飲食業界にチャレンジできる」／焼き鳥店のホール／正社員採用／賞与あり新着,飲食,京都府,月給28万円～33万円,正社員,飲食,求人ボックス,https://xn--pckua2a7gp15o89zb.com/jbn/1492c892f7b40e7d242cab8b1c1c056d,True,9時間前,2026-06-20 01:31:39,京都府
「早期入社歓迎の人気求人」／焼肉店のホール担当／交通費支給／20~30代活躍中新着,飲食,京都府,月給28万円～33万円,正社員,飲食,求人ボックス,https://xn--pckua2a7gp15o89zb.com/jbn/fa4a89fc0e9c0da376a99fa1d0282cb3,True,9時間前,2026-06-20 01:31:39,京都府
「接客未経験の方も歓迎」／焼肉店のホール担当／研修制度充実／交通費支給新着,スタッフ,京都府,月給28万円～33万円,正社員,飲食,求人ボックス,https://xn--pckua2a7gp15o89zb.com/jbn/9bd88856281f6edf9478c70cf46283ef,True,9時間前,2026-06-20 01:31:39,京都府
「未経験から調理のプロを目指せる」／家系ラーメン店の調理担当／キャリアアップ支援あり／昇給あり新着,飲食,京都府,月給28万円～33万円,正社員,飲食,求人ボックス,https://xn--pckua2a7gp15o89zb.com/jbn/e9088c4f1cb248a4c2e8cfa1e708edd6,True,9時間前,2026-06-20 01:31:39,京都府
「月給35万円可能!」／焼き鳥店のホール／年間休日120日以上／昇給あり／20~30代活躍中新着,<仕事内容>焼き鳥店のホール,京都府,月給35万円,正社員,飲食,求人ボックス,https://xn--pckua2a7gp15o89zb.com/jbn/f951f3bbf7529e8b4073ee37b46a1f53,True,10時間前,2026-06-20 01:31:39,京都府
「未経験から人気ベーカリーで働ける」／ベーカリーのキッチンスタッフ／賞与あり／福利厚生充実新着,飲食,京都府,月給28万円～33万円,正社員,飲食,求人ボックス,https://xn--pckua2a7gp15o89zb.com/jbn/7c87e1bcdeca13c103c499e41494c8f0,True,9時間前,2026-06-20 01:31:39,京都府
介護職／ヘルパー／サービス付き高齢者向け住宅新着,セントスタッフ株式会社,滋賀県,"時給1,250円～1,400円",派遣社員,介護,求人ボックス,https://xn--pckua2a7gp15o89zb.com/jbn/5debc669e6252e45d96db7e758e32452,True,11時間前,2026-06-20 01:31:36,滋賀県
介護職／ヘルパー／おごと温泉／比叡山坂本／サ高住／車通勤可新着,株式会社T.S.I,滋賀県,"月給21万3,600円",正社員,介護,求人ボックス,https://xn--pckua2a7gp15o89zb.com/jbn/76951b83db89406c66d6ad3a688dd45b,True,11時間前,2026-06-20 01:31:37,滋賀県
サービス付き高齢者向け住宅の介護職／介護福祉士／介護士／シフト相談可新着,サービス付き高齢者向け住宅 ナーシングホーム悠ラ...,滋賀県,月給23万円～29万,正社員,介護,求人ボックス,https://xn--pckua2a7gp15o89zb.com/jb/b8e18fbf9ef5b33230660421d025b411,True,41分前,2026-06-20 01:31:43,滋賀県
週3日～ × 日勤のみOK!可能 介護職新着,株式会社ジャストファイン,滋賀県,"時給1,650円",派遣社員,介護,求人ボックス,https://xn--pckua2a7gp15o89zb.com/jb/3f9adbed427d11344d2ad7d2931bb1b6,True,17時間前,2026-06-20 01:31:43,滋賀県
定期巡回 夜勤専従介護職「パート・アルバイト」／そよ風公式新着,株式会社SOYOKAZE,滋賀県,"時給1,280円～1,420円",アルバイト・パート,介護,求人ボックス,https://xn--pckua2a7gp15o89zb.com/jb/639039bcaf52c4dee7191464a243176e,True,23時間前,2026-06-20 01:31:47,滋賀県
介護職／ケアミックス病院新着,医療法人社団美松会 生田病院,滋賀県,"月給17万6,000円",正社員,介護,求人ボックス,https://xn--pckua2a7gp15o89zb.com/jb/ac0b4323eccb984d8a102db50c4639e9,True,23時間前,2026-06-20 01:31:49,滋賀県
エステサロンのセラピスト／未経験OK／高時給スタート／マッサージ／ヘッドスパ／リラクゼーション新着,ラフィネ イオンモール草津店,滋賀県,"時給2,232円～4,068円",,介護,求人ボックス,https://xn--pckua2a7gp15o89zb.com/jbn/9195ba27316849ccbd68c1bf43bb0e81,True,21時間前,2026-06-20 01:31:49,滋賀県
目で見てチェックするだけ!覚えやすい簡単作業／エアコン部品の検査スタッフ／20~30代活躍中新着,三陽工業株式会社,滋賀県,"月給19万5,000円",正社員,介護,求人ボックス,https://xn--pckua2a7gp15o89zb.com/jbn/b4b6234d4e6e106059d2286d6b4441c2,True,10時間前,2026-06-20 01:31:52,滋賀県
介護職員・介護福祉士／特別養護老人ホーム新着,社会福祉法人すみれ厚生会 特別養護老人ホーム山科...,滋賀県,"月給25万8,900円",正社員,介護,求人ボックス,https://xn--pckua2a7gp15o89zb.com/jb/a9bb9b2456bda123d8e97c5893c6237a,True,16時間前,2026-06-20 01:31:55,滋賀県
セラピスト／大手ラフィネグループ／マッサージリラクゼーション／シフト制／高時給／インセンティブあり新着,ラフィネ イオン近江八幡店,滋賀県,"時給2,232円～4,068円",,介護,求人ボックス,https://xn--pckua2a7gp15o89zb.com/jbn/7c847b92ea8bd5ee50c0d80439f10907,True,18時間前,2026-06-20 01:31:58,滋賀県
訪問介護職員／ホームヘルパー／初任者研修保有の方／週1からOK／資格取得支援／社会保険完備新着,ホームケア土屋 滋賀,滋賀県,"時給1,210円～",アルバイト・パート,介護,求人ボックス,https://xn--pckua2a7gp15o89zb.com/jbn/17fc5db706c4f22a9608b7bbf63e6d69,True,23時間前,2026-06-20 01:31:58,滋賀県
看護の相談するなら株式会社アクアコーポレーション!／まずは相談での応募可新着,株式会社アクアコーポレーション,滋賀県,"月給23万4,000円",正社員,介護,求人ボックス,https://xn--pckua2a7gp15o89zb.com/jb/d53129d9253b1ae2e4420e0aa7b1da5c,True,20時間前,2026-06-20 01:32:01,滋賀県
豊郷病院 医療事務作業補助業務新着,株式会社ニチイ学館,滋賀県,"時給1,080円～1,130円",派遣社員,医療事務,求人ボックス,https://xn--pckua2a7gp15o89zb.com/jb/dddc1eae3f134baf44232384b5501f91,True,10時間前,2026-06-20 01:31:36,滋賀県
クリニックの受付・医療事務新着,ひらた医院,滋賀県,"時給1,200円～",アルバイト・パート,医療事務,求人ボックス,https://xn--pckua2a7gp15o89zb.com/jb/b478686ec43f93ca56e1389ef6ff3e60,True,51分前,2026-06-20 01:31:36,滋賀県
エステサロンのセラピスト／未経験OK／ヘッドスパ／マッサージ／リラクゼーション／インセンティブあり新着,ラフィネ イオン近江八幡店,滋賀県,"月給23万1,000円",正社員,医療事務,求人ボックス,https://xn--pckua2a7gp15o89zb.com/jbn/236663ae6641cf4154c8a8a0fe182875,True,18時間前,2026-06-20 01:31:36,滋賀県
マッサージセラピスト／未経験OK／ヘッドスパ／リラクゼーション／エステサロン／アロマテラピー新着,ラフィネ イオンモール草津店,滋賀県,"月給23万1,000円",正社員,医療事務,求人ボックス,https://xn--pckua2a7gp15o89zb.com/jbn/2fdf0bfa5ffee6c1905ab760f0128d23,True,18時間前,2026-06-20 01:31:37,滋賀県
マッサージセラピスト／未経験OK／リラクゼーション／エステサロン／ヘッドスパ／20代～30代前半必見新着,ラフィネ アル・プラザ水口店,滋賀県,"月給23万1,000円",正社員,医療事務,求人ボックス,https://xn--pckua2a7gp15o89zb.com/jbn/7714ebfd54382f17c42f6ab4f6bb260d,True,18時間前,2026-06-20 01:31:37,滋賀県
もくもくPC入力で安心勤務!完全週休2日制／総務事務／育休あり／草津市西渋川1丁目新着,株式会社大斗,滋賀県,"月給26万8,400円",正社員,医療事務,求人ボックス,https://xn--pckua2a7gp15o89zb.com/jbn/6227b63954d128300272019fd140101b,True,8時間前,2026-06-20 01:31:37,滋賀県
コツコツ事務でムリなく!ペースに合わせて学べる／事務アシスタント／育休あり／草津市大路1丁目新着,株式会社Meta Sales,滋賀県,"月給26万6,700円",正社員,医療事務,求人ボックス,https://xn--pckua2a7gp15o89zb.com/jbn/3f15674e05a8ecb04874b63165a38db0,True,8時間前,2026-06-20 01:31:39,滋賀県
営業事務・働きやすい職場・ブランクOK・草津市大路1丁目新着,ベンタス株式会社,滋賀県,月給26万700円,正社員,医療事務,求人ボックス,https://xn--pckua2a7gp15o89zb.com/jbn/0d5bd68e1f5e8ec1fb5b35ab7e64e069,True,9時間前,2026-06-20 01:31:39,滋賀県
エステサロンのセラピスト／未経験OK／ヘッドスパ／マッサージ／リラクゼーション／インセンティブあり新着,ラフィネ フォレオ大津一里山店,滋賀県,"月給23万1,000円",正社員,医療事務,求人ボックス,https://xn--pckua2a7gp15o89zb.com/jbn/a84ee8a7db3bbd5f688461dba5366bcf,True,18時間前,2026-06-20 01:31:39,滋賀県
書類整理でスッキリ!はじめてさんも安心／サポート事務／残業ほぼなし／草津市西渋川1丁目新着,株式会社GUM,滋賀県,月給25万600円,正社員,医療事務,求人ボックス,https://xn--pckua2a7gp15o89zb.com/jbn/0f88e559a9dd90688c1a082879f50fe3,True,9時間前,2026-06-20 01:31:39,滋賀県
営業事務「正社員」働きやすい職場・完全週休2日制・草津市西渋川1丁目新着,株式会社Le Lien,滋賀県,"月給25万6,200円",正社員,医療事務,求人ボックス,https://xn--pckua2a7gp15o89zb.com/jbn/a6e1e7490b6d414652f78bcca77eec1c,True,8時間前,2026-06-20 01:31:44,滋賀県
事務アシスタント・メリハリある働き方・アシスタント業務・復職実績多数・大津市梅林1丁目新着,株式会社LOP,滋賀県,月給26万500円,正社員,医療事務,求人ボックス,https://xn--pckua2a7gp15o89zb.com/jbn/21647726276869093713d3d6f9f54a2c,True,8時間前,2026-06-20 01:31:44,滋賀県
セラピスト／ラフィネグループ／アロマテラピー／ヘッドスパ／ノルマなし／充実した研修制度新着,ラフィネ アル・プラザ草津店,滋賀県,"月給23万1,000円",正社員,医療事務,求人ボックス,https://xn--pckua2a7gp15o89zb.com/jbn/cb8e92ad70708eb11065c956724aeed0,True,18時間前,2026-06-20 01:31:44,滋賀県
リラクゼーションセラピスト／未経験9割／マッサージ／無料研修あり／高時給／土日祝休みOK新着,ラフィネ 西友長浜楽市店,滋賀県,"月給23万1,000円",正社員,医療事務,求人ボックス,https://xn--pckua2a7gp15o89zb.com/jbn/2d41eea9e81734af62b35b3de61e92d2,True,18時間前,2026-06-20 01:31:46,滋賀県
ペットショップのアドバイザー／犬の家 桑名店／週5日からOK／有給休暇／車通勤OK新着,近江八幡店,滋賀県,月給19万円～,正社員,医療事務,求人ボックス,https://xn--pckua2a7gp15o89zb.com/jbn/6ae54a7275c592a7cd58e40dea3d090c,True,17時間前,2026-06-20 01:31:46,滋賀県
「収入重視で選べるIT職」／ITアドバイザー／月収30万円以上可／未経験歓迎／サポート体制あり新着,株式会社SNJAPAN,滋賀県,月給27万円～34万円,正社員,医療事務,求人ボックス,https://xn--pckua2a7gp15o89zb.com/jbn/37f4a99506ae993f00609298ac8d1331,True,12時間前,2026-06-20 01:31:46,滋賀県
「データ分野で高収入を実現」／データサイエンティスト／月収30万円以上可／未経験歓迎／教育制度あり新着,このお仕事の特徴一般,滋賀県,月給27万円～34万円,正社員,医療事務,求人ボックス,https://xn--pckua2a7gp15o89zb.com/jbn/b22b5a99be7a50913cb8ecaf4a79f649,True,11時間前,2026-06-20 01:31:49,滋賀県
「パソコンの基本操作ができれば挑戦OK!」／データサイエンティスト／月収30万円以上可／未経験OK新着,このお仕事の特徴一般,滋賀県,月給27万円～34万円,正社員,医療事務,求人ボックス,https://xn--pckua2a7gp15o89zb.com/jbn/4695dfaf165c3146b464ec2322278607,True,11時間前,2026-06-20 01:31:49,滋賀県
「コツコツ確認するのが得意な方へ」／ゲームテスター／月収30万円以上可／未経験OK新着,このお仕事の特徴一般,滋賀県,月給27万円～34万円,正社員,医療事務,求人ボックス,https://xn--pckua2a7gp15o89zb.com/jbn/602e2d9e0a2b8d9d24beafbae3a06740,True,11時間前,2026-06-20 01:31:49,滋賀県
「経験ゼロからスキルを積み上げる」／アプリテスター／月収30万円以上可／未経験OK／教育体制あり新着,このお仕事の特徴一般,滋賀県,月給27万円～34万円,正社員,医療事務,求人ボックス,https://xn--pckua2a7gp15o89zb.com/jbn/36a5ab83477ea0650a2f4ccb51ea3cb9,True,11時間前,2026-06-20 01:31:52,滋賀県
「シンプル操作×確認中心の業務」／アプリテスター／寮完備／コツコツ作業／安定収入／20〜30代活躍中新着,このお仕事の特徴一般,滋賀県,月給27万円～34万円,正社員,医療事務,求人ボックス,https://xn--pckua2a7gp15o89zb.com/jbn/bd0f73372341329877f88a02611a1c00,True,11時間前,2026-06-20 01:31:52,滋賀県
「安定収入で安心スタート」／アプリテスター／月収30万円以上可／未経験歓迎／教育体制あり新着,このお仕事の特徴一般,滋賀県,月給27万円～34万円,正社員,医療事務,求人ボックス,https://xn--pckua2a7gp15o89zb.com/jbn/e2e4fb4f23d34d18ef39ffc057f67238,True,11時間前,2026-06-20 01:31:54,滋賀県
「ゼロから学べるデータの仕事」／データサイエンティスト／月収30万円以上可／未経験歓迎／教育制度充実新着,このお仕事の特徴一般,滋賀県,月給27万円～34万円,正社員,医療事務,求人ボックス,https://xn--pckua2a7gp15o89zb.com/jbn/0c728f0a180fde9ac54985bfe6704a08,True,11時間前,2026-06-20 01:31:54,滋賀県
「趣味トークで盛り上がる毎日を仕事に」／ゲームテスター／月収30万円以上可／未経験OK新着,このお仕事の特徴一般,滋賀県,月給27万円～34万円,正社員,医療事務,求人ボックス,https://xn--pckua2a7gp15o89zb.com/jbn/f5b05b837209515a53fa7b3583854039,True,11時間前,2026-06-20 01:31:54,滋賀県
「データから価値を生み出す」／データサイエンティスト／月収30万円以上可／未経験OK新着,このお仕事の特徴一般,滋賀県,月給27万円～34万円,正社員,医療事務,求人ボックス,https://xn--pckua2a7gp15o89zb.com/jbn/c4d5602f352db31845171416973c18db,True,11時間前,2026-06-20 01:31:54,滋賀県
「好きな世界観を形にできる!」／ゲームクリエイター／月収30万円以上可／寮完備／20〜30代活躍中新着,このお仕事の特徴一般,滋賀県,月給27万円～34万円,正社員,医療事務,求人ボックス,https://xn--pckua2a7gp15o89zb.com/jbn/a0ccbdce87bc0627738fd61c38f655e2,True,11時間前,2026-06-20 01:31:54,滋賀県
「企画力を活かして安定収入」／ゲームプランナー／月収30万円以上可／未経験歓迎／教育体制あり新着,このお仕事の特徴一般,滋賀県,月給27万円～34万円,正社員,医療事務,求人ボックス,https://xn--pckua2a7gp15o89zb.com/jbn/e560a8b69c89b0af22af7ecb70164b33,True,11時間前,2026-06-20 01:31:57,滋賀県
「ゲーム制作に関わる第一歩」／ゲームプログラマー／月収30万円以上可／未経験OK／20〜30代活躍中新着,このお仕事の特徴一般,滋賀県,月給27万円～34万円,正社員,医療事務,求人ボックス,https://xn--pckua2a7gp15o89zb.com/jbn/00765ac1664edc3e0fa043593aab9565,True,11時間前,2026-06-20 01:31:57,滋賀県
「データスキルを基礎から習得」／データサイエンティスト／月収30万円以上可／未経験歓迎／教育制度あり新着,このお仕事の特徴一般,滋賀県,月給27万円～34万円,正社員,医療事務,求人ボックス,https://xn--pckua2a7gp15o89zb.com/jbn/fbb9865b105202f931b45dab4c3bd7e4,True,11時間前,2026-06-20 01:32:01,滋賀県
「面白いを考える仕事、始めませんか?」／ゲームプランナー／月収30万円以上可／未経験OK新着,このお仕事の特徴一般,滋賀県,月給27万円～34万円,正社員,医療事務,求人ボックス,https://xn--pckua2a7gp15o89zb.com/jbn/efd791abe6561b4914b9022788f7a497,True,11時間前,2026-06-20 01:32:01,滋賀県
「人気アプリの品質を支える仕事!」／アプリチェックスタッフ／月収30万円以上可／シンプル作業新着,このお仕事の特徴一般,滋賀県,月給27万円～34万円,正社員,医療事務,求人ボックス,https://xn--pckua2a7gp15o89zb.com/jbn/2c3193a7f901a956faa3f96f8622e6ad,True,11時間前,2026-06-20 01:32:01,滋賀県
美容師／土日休みもOK!家庭と両立しやすい柔軟シフト新着,LOOP,滋賀県,"時給1,200円～",アルバイト・パート,美容,求人ボックス,https://xn--pckua2a7gp15o89zb.com/jb/d8cbc56a3576f90d65a82f18d70c2326,True,14時間前,2026-06-20 01:32:04,滋賀県
「まだ間に合う!」／未経験からできる製造職「カプセルトイなど」／研修充実新着,株式会社GUM,滋賀県,月給32万円～40万円,正社員,美容,求人ボックス,https://xn--pckua2a7gp15o89zb.com/jbn/4f0df25fa5c47b93aab594f0279113ad,True,3時間前,2026-06-20 01:32:04,滋賀県
「新生活デビュー応援!」未経験採用枠／カプセルトイ製造スタッフ／研修充実新着,AQUARIUS株式会社,滋賀県,月給28万円～50万円,正社員,美容,求人ボックス,https://xn--pckua2a7gp15o89zb.com/jbn/409cd3a5bd116036cbe9d2d6642a4273,True,3時間前,2026-06-20 01:32:04,滋賀県
「新生活デビュー応援!」未経験採用枠／製造スタッフ・カプセルトイ／寮・社宅・家賃補助あり新着,株式会社RIOT GROUP,滋賀県,月給28万円～50万円,正社員,美容,求人ボックス,https://xn--pckua2a7gp15o89zb.com/jbn/ea535f1f0012a026278ff4a06e86f4b1,True,2時間前,2026-06-20 01:32:04,滋賀県
20代30代活躍中／未経験から稼げるインフラエンジニア／昇給年2回・賞与年2回新着,アンテリジャンス・コンサルティング株式会社,滋賀県,月給26万円～50万円,正社員,美容,求人ボックス,https://xn--pckua2a7gp15o89zb.com/jbn/aacb2244a4a2a96bcf32b357ac8e90dd,True,2時間前,2026-06-20 01:32:04,滋賀県
「キャリアチェンジ大歓迎!」／サポート事務／安定収入／残業ほぼ無し／20代活躍中／シンプル作業新着,株式会社Leap,滋賀県,"月給25万1,000円",正社員,美容,求人ボックス,https://xn--pckua2a7gp15o89zb.com/jbn/e9c1631489d5716a7908aa7b2ed50850,True,18時間前,2026-06-20 01:32:04,滋賀県
老舗着物販売店の接客・販売新着,株式会社清水屋呉服店,滋賀県,月給25万円～,正社員,美容,求人ボックス,https://xn--pckua2a7gp15o89zb.com/jb/4a6b132329383bda36b9030f10745326,True,2時間前,2026-06-20 01:32:05,滋賀県
買取営業／残業ほぼなし／完休2日／長期連休OK／未経験歓迎新着,株式会社エンパワー,滋賀県,"月給50万1,000円",正社員,美容,求人ボックス,https://xn--pckua2a7gp15o89zb.com/jb/ddd30bce250ab95eab8dffab4a90c080,True,4時間前,2026-06-20 01:32:05,滋賀県
電話占いカウンセラー／経験者優遇／完全在宅リモート／全国採用／シフト自由／高収入新着,株式会社インスピ,滋賀県,"時給3,600円～7,800円",,美容,求人ボックス,https://xn--pckua2a7gp15o89zb.com/jbn/a1fbe11f879b4a6d19440191612d3263,True,19時間前,2026-06-20 01:32:05,滋賀県
マッサージセラピスト／未経験OK／ヘッドスパ／リラクゼーション／エステサロン／アロマテラピー新着,ラフィネ イオンモール草津店,滋賀県,"月給23万1,000円",正社員,美容,求人ボックス,https://xn--pckua2a7gp15o89zb.com/jbn/c5c83c35eace1d89a5e37787e6bf48a4,True,21時間前,2026-06-20 01:32:05,滋賀県
電話占いカウンセラー／経験者優遇／完全在宅リモート／全国採用／シフト自由／高収入新着,株式会社シエロ,滋賀県,"時給4,800円～9,000円",,美容,求人ボックス,https://xn--pckua2a7gp15o89zb.com/jbn/dc6bd4a3848ff382c3acbc380c21019c,True,19時間前,2026-06-20 01:32:05,滋賀県
マッサージセラピスト／未経験OK／リラクゼーション／エステサロン／ヘッドスパ／20代～30代前半必見新着,ラフィネ アル・プラザ草津店,滋賀県,"月給23万1,000円",正社員,美容,求人ボックス,https://xn--pckua2a7gp15o89zb.com/jbn/6d5697abffdd5e51fe94e98a35c2e021,True,19時間前,2026-06-20 01:32:05,滋賀県
「注文住宅営業」／経験者募集／完全反響／フレックス制／年休120日／完全分業制新着,非​​公​​開,滋賀県,年収404万円～580万円,正社員,美容,求人ボックス,https://xn--pckua2a7gp15o89zb.com/jb/1577c9b71df429448c464ee63c423ebc,True,16時間前,2026-06-20 01:32:08,滋賀県
医療機器のメンテナンス・点検「未経験者歓迎」寮費無料新着,株式会社IGF,滋賀県,"時給1,500円～2,000円",契約社員,美容,求人ボックス,https://xn--pckua2a7gp15o89zb.com/jb/90d212d5799b45c50f0543e86f945184,True,16時間前,2026-06-20 01:32:08,滋賀県
設計 建築新着,株式会社桃栗柿屋,滋賀県,年収560万円～700万円,正社員,美容,求人ボックス,https://xn--pckua2a7gp15o89zb.com/jb/f284472a3ff4902de15bfe875778659c,True,7時間前,2026-06-20 01:32:08,滋賀県
定時ぴったり おじいちゃんおばあちゃんの見守りスタッフ／ブランクOK新着,株式会社ウィルオブ・ワーク,滋賀県,"時給1,400円",派遣社員,美容,求人ボックス,https://xn--pckua2a7gp15o89zb.com/jb/ce4f894f0eccc9a356a4dc732da96709,True,16時間前,2026-06-20 01:32:08,滋賀県
保育士新着,社会福祉法人紫雲会,滋賀県,"時給1,100円～1,200円",アルバイト・パート,保育,求人ボックス,https://xn--pckua2a7gp15o89zb.com/jb/6ee05a3b1abcaeddc5fcd7b1bbe2104c,True,19時間前,2026-06-20 01:31:43,滋賀県
保育士新着,社会福祉法人モンチ優愛会,滋賀県,"月給25万6,000円",正社員,保育,求人ボックス,https://xn--pckua2a7gp15o89zb.com/jb/87e164804884948a493a464b7136a011,True,19時間前,2026-06-20 01:31:43,滋賀県
保育士新着,社会福祉法人恩徳福祉会,滋賀県,"月給23万1,000円",正社員,保育,求人ボックス,https://xn--pckua2a7gp15o89zb.com/jb/e80fd565ca80442d7e116f438ba738c4,True,19時間前,2026-06-20 01:31:43,滋賀県
保育士新着,株式会社東山,滋賀県,"月給23万3,000円",正社員,保育,求人ボックス,https://xn--pckua2a7gp15o89zb.com/jb/ba3c7a62f7a4b834da40e0d18f6a9f73,True,19時間前,2026-06-20 01:31:47,滋賀県
保育士新着,有限会社ボンサンス,滋賀県,"月給20万2,700円",正社員,保育,求人ボックス,https://xn--pckua2a7gp15o89zb.com/jb/b036cfc23ea07975e4ddcdb06d4db806,True,19時間前,2026-06-20 01:31:47,滋賀県
保育士新着,野洲市,滋賀県,"時給1,700円",派遣社員,保育,求人ボックス,https://xn--pckua2a7gp15o89zb.com/jb/f125a08e8a3df8283bc2227849a1268c,True,19時間前,2026-06-20 01:31:47,滋賀県
保育士新着,セイセン合同会社,滋賀県,月給20万円～30万円,正社員,保育,求人ボックス,https://xn--pckua2a7gp15o89zb.com/jb/79cffffe128abd3b06baac813bfc21ce,True,19時間前,2026-06-20 01:31:50,滋賀県
保育士新着,株式会社ナミコス,滋賀県,"月給21万3,000円",正社員,保育,求人ボックス,https://xn--pckua2a7gp15o89zb.com/jb/b5c6e09ab1067b5d59fdc41a5305ba2d,True,19時間前,2026-06-20 01:31:50,滋賀県
保育士新着,社会福祉法人こころざし,滋賀県,"月給23万9,010円",正社員,保育,求人ボックス,https://xn--pckua2a7gp15o89zb.com/jb/197f46dd584150e5ffacad6cfb312318,True,19時間前,2026-06-20 01:31:53,滋賀県
保育士新着,学校法人滋賀カトリック学園,滋賀県,"月給21万8,000円",正社員,保育,求人ボックス,https://xn--pckua2a7gp15o89zb.com/jb/9b27cb496eccedb804895d04bed4c430,True,19時間前,2026-06-20 01:31:56,滋賀県
保育士新着,社会福祉法人三つ和会,滋賀県,"時給1,500円",派遣社員,保育,求人ボックス,https://xn--pckua2a7gp15o89zb.com/jb/79f67f7a963a16d0ff2de4b66a4e1d35,True,19時間前,2026-06-20 01:31:56,滋賀県
保育士新着,株式会社JOYSEED,滋賀県,月給20万円～25万円,正社員,保育,求人ボックス,https://xn--pckua2a7gp15o89zb.com/jb/8c205934d05ed9eff7dfa2c71534b3f5,True,19時間前,2026-06-20 01:31:56,滋賀県
保育士新着,社会福祉法人睦美会,滋賀県,"時給1,450円～1,500円",派遣社員,保育,求人ボックス,https://xn--pckua2a7gp15o89zb.com/jb/b7774bc5fe98b311e30ede42ec1792b7,True,19時間前,2026-06-20 01:31:58,滋賀県
保育士新着,株式会社はな保育,滋賀県,"月給20万2,000円",正社員,保育,求人ボックス,https://xn--pckua2a7gp15o89zb.com/jb/0dca720c50bdc4e85cc5ecc09affd60f,True,19時間前,2026-06-20 01:31:58,滋賀県
保育士新着,株式会社グロースデザイン,滋賀県,月給20万円～26万,正社員,保育,求人ボックス,https://xn--pckua2a7gp15o89zb.com/jb/60d85ec2d138fc901d5999c451c1f3ca,True,19時間前,2026-06-20 01:31:58,滋賀県
保育士新着,社会福祉法人あかつき会,滋賀県,月給19万円～23万,正社員,保育,求人ボックス,https://xn--pckua2a7gp15o89zb.com/jb/2740de8ab6be29cca82b13cc4d7bce6e,True,19時間前,2026-06-20 01:32:02,滋賀県
保育士新着,社会福祉法人千草会,滋賀県,"時給1,400円",派遣社員,保育,求人ボックス,https://xn--pckua2a7gp15o89zb.com/jb/e424ee0df548fa1c2e57c3cbd59c1f77,True,19時間前,2026-06-20 01:32:05,滋賀県
保育士新着,社会福祉法人聖パウロ会,滋賀県,"時給1,200円～1,250円",アルバイト・パート,保育,求人ボックス,https://xn--pckua2a7gp15o89zb.com/jb/d3256a97c0cd155daf8b27b80e9c4747,True,19時間前,2026-06-20 01:32:05,滋賀県
れもんのこ草津保育園 小規模保育園 JR草津駅徒歩7分 保育士フルタイ...新着,檸檬会,滋賀県,"時給1,220円～1,390円",アルバイト・パート,保育,求人ボックス,https://xn--pckua2a7gp15o89zb.com/jb/1c9b39cf49a447267de483f295ca8ce5,True,15時間前,2026-06-20 01:32:10,滋賀県
保育士新着,株式会社まごころ,滋賀県,"時給1,080円～1,100円",アルバイト・パート,保育,求人ボックス,https://xn--pckua2a7gp15o89zb.com/jb/86a185400ffc201255c721c6259ce985,True,19時間前,2026-06-20 01:32:10,滋賀県
保育士新着,プラスティー株式会社,滋賀県,"時給1,500円～1,600円",派遣社員,保育,求人ボックス,https://xn--pckua2a7gp15o89zb.com/jb/d591af22e0970c21ad95360328b35a51,True,19時間前,2026-06-20 01:32:10,滋賀県
土日休み×オフ充実!／製造・軽作業／20～50代活躍中／未経験歓迎／年間休日118日新着,日本マニュファクチャリングサービス株式会社,滋賀県,"月給26万1,000円",正社員,建設,求人ボックス,https://xn--pckua2a7gp15o89zb.com/jbn/007784845c85e6d6e279c6e09e484309,True,8時間前,2026-06-20 01:32:05,滋賀県
ゲームマスター未経験歓迎「正社員／土日祝休み／交通費支給／研修あり」ゲーム好きに最適な職場新着,株式会社GUM,滋賀県,月給26万円～30万円,正社員,建設,求人ボックス,https://xn--pckua2a7gp15o89zb.com/jbn/df1c5ed438aa6d1e2b1a790d82436cdb,True,2時間前,2026-06-20 01:32:05,滋賀県
解体工事作業員／日・祝休み+土曜隔週休み／社宅あり新着,土田建材株式会社,滋賀県,"月給19万8,000円",正社員,建設,求人ボックス,https://xn--pckua2a7gp15o89zb.com/jb/301434f4a578d428116a7f80240229b4,True,14時間前,2026-06-20 01:32:05,滋賀県
コンビニ食品を3tトラックで配送 月9日休み 未経験可 資格取得支援制度あり／rts3新着,名阪急配株式会社,滋賀県,"月給28万1,000円",正社員,建設,求人ボックス,https://xn--pckua2a7gp15o89zb.com/jb/164b0297ec612a8537edf7ed9883b4af,True,1時間前,2026-06-20 01:32:05,滋賀県
ゴム製品の製造／機械操作・梱包・検査新着,株式会社テクノ・サービス,滋賀県,"月給25万4,000円",正社員,建設,求人ボックス,https://xn--pckua2a7gp15o89zb.com/jb/80a47cf5e349fd498b515dcfb30f1e59,True,5時間前,2026-06-20 01:32:05,滋賀県
現場作業員新着,株式会社ダイサン,滋賀県,月給27万円～50万円,正社員,建設,求人ボックス,https://xn--pckua2a7gp15o89zb.com/jb/080983c76e3e8981ae4326c86bb37ce5,True,15時間前,2026-06-20 01:32:05,滋賀県
「高収入×日勤」作業場でモクモク チームで行う船舶エンジンの組立 土日休み!送迎あり新着,UTエージェント株式会社,滋賀県,"月給24万5,000円",正社員,建設,求人ボックス,https://xn--pckua2a7gp15o89zb.com/jb/9dd65f990fc818be8c9fc3cd8b735b4f,True,19時間前,2026-06-20 01:32:05,滋賀県
工事スタッフ／未経験から高収入可能／年末年始休暇12連休／安定の上場企業新着,非​​公​​開,滋賀県,年収350万円～750万円,正社員,建設,求人ボックス,https://xn--pckua2a7gp15o89zb.com/jb/2bc064dbd7cd2f3dfeaac68f5fadfcd7,True,16時間前,2026-06-20 01:32:05,滋賀県
ベッドフレームの製造／未経験OK／寮完備／単純作業／履歴書不要新着,株式会社Neo Boost人事採用1課,滋賀県,"時給1,500円～1,875円",アルバイト・パート,建設,求人ボックス,https://xn--pckua2a7gp15o89zb.com/jb/083e096078c2207d704ff0fd8ccde851,True,22時間前,2026-06-20 01:32:05,滋賀県
セロハンテープの検品・梱包／未経験OK／寮完備／軽作業／履歴書不要新着,株式会社Neo Boost人事採用部,滋賀県,"時給1,480円～1,850円",アルバイト・パート,建設,求人ボックス,https://xn--pckua2a7gp15o89zb.com/jb/5834727bc4597592ff88b40ead67e757,True,22時間前,2026-06-20 01:32:05,滋賀県
セロハンテープの検品・梱包／未経験OK／寮完備／軽作業／履歴書不要新着,株式会社Neo Boost人事採用課,滋賀県,"時給1,480円～1,850円",アルバイト・パート,建設,求人ボックス,https://xn--pckua2a7gp15o89zb.com/jb/064fb3001659c0e01e21cf2a5f12bbdb,True,22時間前,2026-06-20 01:32:05,滋賀県
トレカの検品・梱包／未経験OK／寮完備／シンプル作業／履歴書不要新着,株式会社Neo Boost人事採用2課,滋賀県,"時給1,480円～1,850円",アルバイト・パート,建設,求人ボックス,https://xn--pckua2a7gp15o89zb.com/jb/0f236affc8267b97e7be89ac6965a2b3,True,22時間前,2026-06-20 01:32:05,滋賀県
お掃除シートの検品／未経験歓迎／シンプル作業／寮完備／住み込み新着,株式会社Neo Boost 人事採用課,滋賀県,月給28万円～32万円,正社員,建設,求人ボックス,https://xn--pckua2a7gp15o89zb.com/jb/dab80eb817d92de49df14d1f51601413,True,22時間前,2026-06-20 01:32:05,滋賀県
カップキャンドルの梱包／寮完備／未経験OK／履歴書不要／シンプル作業新着,株式会社KIエージェント 人事窓口3課,滋賀県,"時給1,480円～1,850円",アルバイト・パート,建設,求人ボックス,https://xn--pckua2a7gp15o89zb.com/jb/4f95e994eda2945a0e6b6a72a0870d5f,True,5時間前,2026-06-20 01:32:05,滋賀県
インスタントカメラの組立／寮費無料／未経験OK／単純作業／工場新着,株式会社KIエージェント 採用受付,滋賀県,月給30万円～35万円,正社員,建設,求人ボックス,https://xn--pckua2a7gp15o89zb.com/jb/c7dfddf8505e35d61abcb45bbcbc5aab,True,5時間前,2026-06-20 01:32:05,滋賀県
コスメ用品の梱包／未経験OK／寮完備／工場／軽作業／住み込み新着,株式会社KIエージェント人材開発部,滋賀県,月給28万円～32万円,正社員,建設,求人ボックス,https://xn--pckua2a7gp15o89zb.com/jb/f76221751ed32cae933e7b4556ab6543,True,5時間前,2026-06-20 01:32:05,滋賀県
コスメ用品の梱包／未経験OK／寮完備／工場／軽作業／住み込み新着,株式会社KIエージェント 第三営業部,滋賀県,月給28万円～32万円,正社員,建設,求人ボックス,https://xn--pckua2a7gp15o89zb.com/jb/bfb3571a821b0cdc41b70c8b92a2f667,True,5時間前,2026-06-20 01:32:05,滋賀県
施工管理・工事監理者 建築新着,株式会社片岡工務店,滋賀県,年収600万円～800万円,正社員,建設,求人ボックス,https://xn--pckua2a7gp15o89zb.com/jb/b76a6e51f551d2142d523575ea4fcaf7,True,7時間前,2026-06-20 01:32:05,滋賀県
インスタントカメラの組立／寮費無料／未経験OK／単純作業／工場新着,株式会社KIエージェント 人事窓口2課,滋賀県,月給30万円～35万円,正社員,建設,求人ボックス,https://xn--pckua2a7gp15o89zb.com/jb/92e72158552505393aedc48c6be7c82f,True,5時間前,2026-06-20 01:32:05,滋賀県
インスタントカメラの組立／寮費無料／未経験OK／単純作業／工場新着,株式会社KIエージェント採用部,滋賀県,月給30万円～35万円,正社員,建設,求人ボックス,https://xn--pckua2a7gp15o89zb.com/jb/8ba2ec4f07f659c31e98b704cabc2d9f,True,5時間前,2026-06-20 01:32:05,滋賀県
マウスの組立／未経験OK／寮費無料／シンプル作業／履歴書不要新着,株式会社KIエージェント 人材開発部,滋賀県,"時給1,520円～1,900円",アルバイト・パート,建設,求人ボックス,https://xn--pckua2a7gp15o89zb.com/jb/724648d34a2d4502963ff3b918d2c0d7,True,5時間前,2026-06-20 01:32:05,滋賀県
カップキャンドルの梱包／寮完備／未経験OK／履歴書不要／シンプル作業新着,株式会社KIエージェント人事窓口3課,滋賀県,"時給1,480円～1,850円",アルバイト・パート,建設,求人ボックス,https://xn--pckua2a7gp15o89zb.com/jb/811805895c2d86e3190203616adfc11f,True,5時間前,2026-06-20 01:32:05,滋賀県
コスメ用品の梱包／未経験OK／寮完備／工場／軽作業／住み込み新着,株式会社KIエージェント第三営業部,滋賀県,月給28万円～32万円,正社員,建設,求人ボックス,https://xn--pckua2a7gp15o89zb.com/jb/ebef70188ba3a34b2780525771e7c337,True,5時間前,2026-06-20 01:32:05,滋賀県
収納ボックスの製造／単純作業／寮完備／未経験OK／スピード採用新着,株式会社KIエージェント第二営業部,滋賀県,月給30万円～35万円,正社員,建設,求人ボックス,https://xn--pckua2a7gp15o89zb.com/jb/ae7617aaae95d9af36e3ca7e7dae8607,True,5時間前,2026-06-20 01:32:05,滋賀県
セロハンテープの検品・梱包／未経験OK／寮完備／軽作業／履歴書不要新着,株式会社Neo Boost 人事採用1課,滋賀県,"時給1,480円～1,850円",アルバイト・パート,建設,求人ボックス,https://xn--pckua2a7gp15o89zb.com/jb/871c88a9692f306a0dc4dcdaaf944e49,True,22時間前,2026-06-20 01:32:05,滋賀県
セロハンテープの検品・梱包／未経験OK／寮完備／軽作業／履歴書不要新着,株式会社Neo Boost人事採用2課,滋賀県,"時給1,480円～1,850円",アルバイト・パート,建設,求人ボックス,https://xn--pckua2a7gp15o89zb.com/jb/8397ec28a603ef82810c1c61db9766f1,True,22時間前,2026-06-20 01:32:05,滋賀県
セロハンテープの検品・梱包／未経験OK／寮完備／軽作業／履歴書不要新着,株式会社Neo Boost 人事採用課,滋賀県,"時給1,480円～1,850円",アルバイト・パート,建設,求人ボックス,https://xn--pckua2a7gp15o89zb.com/jb/f0bb7c031cbc558f72fd89a7688b3d79,True,22時間前,2026-06-20 01:32:05,滋賀県
インスタントカメラの組立／寮費無料／未経験OK／単純作業／工場新着,株式会社KIエージェント 採用受付,滋賀県,月給30万円～35万円,正社員,建設,求人ボックス,https://xn--pckua2a7gp15o89zb.com/jb/a7a226f57bbad493f47eb569f0c1b2c1,True,5時間前,2026-06-20 01:32:05,滋賀県
ボタンの仕分け・検品／寮完備／未経験OK／単純作業／履歴書不要新着,株式会社KIエージェント 人事窓口2課,滋賀県,"時給1,480円～1,850円",アルバイト・パート,建設,求人ボックス,https://xn--pckua2a7gp15o89zb.com/jb/2215d96ba0bd1382c81a5fb2e16c8eeb,True,5時間前,2026-06-20 01:32:08,滋賀県
キッチンタイマーの検品／寮完備／未経験OK／軽作業／履歴書不要新着,株式会社KIエージェント 人事窓口3課,滋賀県,"時給1,480円～1,850円",アルバイト・パート,建設,求人ボックス,https://xn--pckua2a7gp15o89zb.com/jb/5f38935e7dd867766f0a80cfce707213,True,5時間前,2026-06-20 01:32:08,滋賀県
マウスの組立／未経験OK／寮費無料／シンプル作業／履歴書不要新着,株式会社KIエージェント 製造部2課,滋賀県,"時給1,520円～1,900円",アルバイト・パート,建設,求人ボックス,https://xn--pckua2a7gp15o89zb.com/jb/45166d78a4417497e66d68e5e552b48b,True,5時間前,2026-06-20 01:32:08,滋賀県
キッチンタイマーの検品／寮完備／未経験OK／軽作業／履歴書不要新着,株式会社KIエージェント採用部,滋賀県,"時給1,480円～1,850円",アルバイト・パート,建設,求人ボックス,https://xn--pckua2a7gp15o89zb.com/jb/eb070e88fc8ec39952b1eb92d17e386b,True,5時間前,2026-06-20 01:32:08,滋賀県
宅配ボックスの組立／未経験OK／寮費無料／シンプル作業／履歴書不要／工場新着,株式会社KIエージェント第二営業部,滋賀県,"時給1,550円～1,938円",アルバイト・パート,建設,求人ボックス,https://xn--pckua2a7gp15o89zb.com/jb/947e7c6667b8ac1d460f117558a77193,True,5時間前,2026-06-20 01:32:08,滋賀県
ベッドフレームの製造／未経験OK／寮完備／単純作業／履歴書不要新着,株式会社Neo Boost人事採用1課,滋賀県,"時給1,500円～1,875円",アルバイト・パート,建設,求人ボックス,https://xn--pckua2a7gp15o89zb.com/jb/26733374db16ff9623413bee2bb00428,True,22時間前,2026-06-20 01:32:08,滋賀県
キッチンタイマーの検品／寮完備／未経験OK／軽作業／履歴書不要新着,株式会社KIエージェント採用受付,滋賀県,"時給1,480円～1,850円",アルバイト・パート,建設,求人ボックス,https://xn--pckua2a7gp15o89zb.com/jb/fd063aef69156df54e97cde740711950,True,5時間前,2026-06-20 01:32:08,滋賀県
コスメ用品の梱包／未経験OK／寮完備／工場／軽作業／住み込み新着,株式会社KIエージェント 第一営業部,滋賀県,月給28万円～32万円,正社員,建設,求人ボックス,https://xn--pckua2a7gp15o89zb.com/jb/10c13588838d6eab8bcd2917b2050f00,True,5時間前,2026-06-20 01:32:08,滋賀県
施工管理・工事監理者 建築新着,株式会社穴吹工務店,滋賀県,"年収605万円～1,086万円",正社員,建設,求人ボックス,https://xn--pckua2a7gp15o89zb.com/jb/b8d0489ea87cd89e16544b05ee895dce,True,7時間前,2026-06-20 01:32:08,滋賀県
パイプ製造新着,建設,滋賀県,月給29万円～47万円,正社員,建設,求人ボックス,https://xn--pckua2a7gp15o89zb.com/jb/e3747dd3c4a00730472137d73176fe00,True,4時間前,2026-06-20 01:32:08,滋賀県
カードゲーム商品の製造／寮完備／未経験OK／単純作業／履歴書不要新着,株式会社KIエージェント採用受付,滋賀県,"時給1,500円～1,875円",アルバイト・パート,建設,求人ボックス,https://xn--pckua2a7gp15o89zb.com/jb/8a092dcff575aa91f0adccd48d65a424,True,5時間前,2026-06-20 01:32:10,滋賀県
アイマスクの仕分け／未経験OK／寮完備／工場／軽作業／住み込み新着,株式会社KIエージェント 製造部2課,滋賀県,"月給28万5,000円",正社員,建設,求人ボックス,https://xn--pckua2a7gp15o89zb.com/jb/27263afaa0eaf51be2b56e6ff5c730fc,True,5時間前,2026-06-20 01:32:10,滋賀県
キッチンタイマーの検品／寮完備／未経験OK／軽作業／履歴書不要新着,株式会社KIエージェント 採用受付,滋賀県,"時給1,480円～1,850円",アルバイト・パート,建設,求人ボックス,https://xn--pckua2a7gp15o89zb.com/jb/21be7bfb77df6cea31a6bc376505f46c,True,5時間前,2026-06-20 01:32:10,滋賀県
アイマスクの仕分け／未経験OK／寮完備／工場／軽作業／住み込み新着,株式会社KIエージェント 第一営業部,滋賀県,"月給28万5,000円",正社員,建設,求人ボックス,https://xn--pckua2a7gp15o89zb.com/jb/0c6178721c20003f1b294c46cdc96814,True,5時間前,2026-06-20 01:32:10,滋賀県
セロハンテープの検品・梱包／未経験OK／寮完備／軽作業／履歴書不要新着,株式会社Neo Boost人事採用1課,滋賀県,"時給1,480円～1,850円",アルバイト・パート,建設,求人ボックス,https://xn--pckua2a7gp15o89zb.com/jb/04a189bead47b028958b2fe391b04f25,True,22時間前,2026-06-20 01:32:10,滋賀県
収納ボックスの製造／単純作業／寮完備／未経験OK／スピード採用新着,株式会社KIエージェント人材開発部,滋賀県,月給30万円～35万円,正社員,建設,求人ボックス,https://xn--pckua2a7gp15o89zb.com/jb/614dcb030b1584c876ca96410d408305,True,5時間前,2026-06-20 01:32:10,滋賀県
ベッドフレームの製造／未経験OK／寮完備／単純作業／履歴書不要新着,株式会社Neo Boost人事採用課,滋賀県,"時給1,500円～1,875円",アルバイト・パート,建設,求人ボックス,https://xn--pckua2a7gp15o89zb.com/jb/45feff58a1fd1b692af0668fe88c87a6,True,22時間前,2026-06-20 01:32:10,滋賀県
ベッドフレームの製造／未経験OK／寮完備／単純作業／履歴書不要新着,株式会社Neo Boost人事採用2課,滋賀県,"時給1,500円～1,875円",アルバイト・パート,建設,求人ボックス,https://xn--pckua2a7gp15o89zb.com/jb/93aed95281cd66c73391d07d9aa1cf7a,True,22時間前,2026-06-20 01:32:13,滋賀県
アイマスクの仕分け／未経験OK／寮完備／工場／軽作業／住み込み新着,株式会社KIエージェント人材開発部,滋賀県,"月給28万5,000円",正社員,建設,求人ボックス,https://xn--pckua2a7gp15o89zb.com/jb/1da9f6456916d58dc3ca77d20230bdb2,True,5時間前,2026-06-20 01:32:13,滋賀県
一般事務スタッフ／時給1400円／土日休み／残業ほぼなし／高槻市新着,お仕事探しmore-cast,滋賀県,時給1400円,アルバイト・パート,事務,求人ボックス,https://xn--pckua2a7gp15o89zb.com/jb/a81ee26cf31456a4dd5b7b3351790dba,True,1時間前,2026-06-20 01:32:12,滋賀県
「はじめての事務職にぴったり」／一般事務スタッフ／年間休日125日以上新着,一般事務,滋賀県,月給25万円～28万円,正社員,事務,求人ボックス,https://xn--pckua2a7gp15o89zb.com/jbn/c580398a52c70dacfd817dcaf7d08b0f,True,6時間前,2026-06-20 01:32:12,滋賀県
一般事務スタッフ・研修制度充実・20代活躍中・草津市大路1丁目新着,株式会社大斗,滋賀県,"月給26万9,300円",正社員,事務,求人ボックス,https://xn--pckua2a7gp15o89zb.com/jbn/1152ecc8004daed7fb612ed3292ac462,True,8時間前,2026-06-20 01:32:12,滋賀県
PC入力できればOK!はじめてさんも安心／一般事務スタッフ／土日祝休み新着,株式会社GUM,滋賀県,"月給24万7,500円",正社員,事務,求人ボックス,https://xn--pckua2a7gp15o89zb.com/jbn/6714d29d3e5fc11603482153bfd6e709,True,9時間前,2026-06-20 01:32:12,滋賀県
一般事務職・完全週休二日制新着,株式会社carina,滋賀県,月給23万円～28万,正社員,事務,求人ボックス,https://xn--pckua2a7gp15o89zb.com/jb/ec623bef3d8c579d42a9795ab6df8c3b,True,7時間前,2026-06-20 01:32:12,滋賀県
「PC入力から始める事務ワーク」／一般事務スタッフ／残業ほぼなし新着,一般事務,滋賀県,月給25万円～28万円,正社員,事務,求人ボックス,https://xn--pckua2a7gp15o89zb.com/jbn/89f9a6b861b01fc84df9004634d888cd,True,6時間前,2026-06-20 01:32:12,滋賀県
「はじめての事務職にぴったり」／一般事務スタッフ／土日祝休み／研修あり新着,一般事務,滋賀県,月給25万円～28万円,正社員,事務,求人ボックス,https://xn--pckua2a7gp15o89zb.com/jbn/fa0ea8e37c9b02c702fab3d9b146fcee,True,6時間前,2026-06-20 01:32:12,滋賀県
「経費精算・勤怠データ入力!」／経理事務／月収27万～35万新着,Courage Path株式会社,滋賀県,月給27万円～35万円,正社員,経理,求人ボックス,https://xn--pckua2a7gp15o89zb.com/jbn/68b76939f3386044d31016e793ae4245,True,6時間前,2026-06-20 01:32:13,滋賀県
経理事務スタッフ／土日祝休み 守山市／税理士事務所で会計・税務の知識が...新着,経理,滋賀県,"時給1,100円～",アルバイト・パート,経理,求人ボックス,https://xn--pckua2a7gp15o89zb.com/jb/d6d85f9a0693f5a924b29cb5850dc742,True,14時間前,2026-06-20 01:32:13,滋賀県
「ゼロから学べるデータの仕事」／データサイエンティスト／月収30万円以上可／未経験歓迎／教育制度充実新着,株式会社SNJAPAN,滋賀県,月給27万円～34万円,正社員,経理,求人ボックス,https://xn--pckua2a7gp15o89zb.com/jbn/b8543d3ba122afe24f1bd96256ef87f9,True,11時間前,2026-06-20 01:32:13,滋賀県
営業事務・簡単なPC操作のみ・ブランクOK・アシスタント業務・草津市大路2丁目新着,株式会社大斗,滋賀県,"月給26万1,800円",正社員,経理,求人ボックス,https://xn--pckua2a7gp15o89zb.com/jbn/e50414e46048a6436bc4b55f2d81fc10,True,8時間前,2026-06-20 01:32:14,滋賀県
20代活躍中!続けやすいメリハリ勤務／総務事務／ブランクOK／草津市大路2丁目新着,株式会社ELM,滋賀県,"月給24万4,900円",正社員,経理,求人ボックス,https://xn--pckua2a7gp15o89zb.com/jbn/042e13db292f251c4521a79368a2e7dc,True,8時間前,2026-06-20 01:32:14,滋賀県
あたたかい職場で長く働く!ペースに合わせて学べる／カンタン事務／復職実績多数／草津市西渋川1丁目新着,JHRconsulting株式会社,滋賀県,"月給25万9,500円",正社員,経理,求人ボックス,https://xn--pckua2a7gp15o89zb.com/jbn/71f3c19c0706337885bb153678c1a884,True,9時間前,2026-06-20 01:32:14,滋賀県
応募者対応や日程調整など簡単作業が中心!未経験から挑戦しやすい採用サポート事務のお仕事新着,経理,滋賀県,月給25万円～35万円,正社員,経理,求人ボックス,https://xn--pckua2a7gp15o89zb.com/jbn/46e276f0b1232369837122c93e4b28d1,True,6時間前,2026-06-20 01:32:16,滋賀県
「しっかり稼げるITデビュー」／ゲームテスター／月収30万円以上可／未経験OK／研修充実新着,このお仕事の特徴一般,滋賀県,月給27万円～34万円,正社員,経理,求人ボックス,https://xn--pckua2a7gp15o89zb.com/jbn/d1b46818bc92643060da44cd6abdaa62,True,11時間前,2026-06-20 01:32:16,滋賀県
「頼られる存在として活躍」／ITアドバイザー／月収30万円以上可／未経験OK／20〜30代活躍中新着,このお仕事の特徴一般,滋賀県,月給27万円～34万円,正社員,経理,求人ボックス,https://xn--pckua2a7gp15o89zb.com/jbn/a0bf30eb0f0b41f14aed35f8dce767eb,True,11時間前,2026-06-20 01:32:16,滋賀県
事務職／充実サポート／駅チカ／有給消化率高め／既卒歓迎／安定収入新着,株式会社ホワイトキャリア,滋賀県,"月給20万5,000円",正社員,経理,求人ボックス,https://xn--pckua2a7gp15o89zb.com/jbn/d540f05151c683ecfaf08ac58f2ed247,True,23時間前,2026-06-20 01:32:16,滋賀県
プライベートも両立しやすい!カンタン作業が中心／事務アシスタント／復職実績多数／草津市大路2丁目新着,株式会社Le Lien,滋賀県,"月給24万4,700円",正社員,経理,求人ボックス,https://xn--pckua2a7gp15o89zb.com/jbn/b356049558a10ded21352d58cc67fe8f,True,8時間前,2026-06-20 01:32:19,滋賀県
「好きな分野で高収入を目指す」／ゲームクリエイター／月収30万円以上可／未経験OK／研修あり新着,このお仕事の特徴一般,滋賀県,月給27万円～34万円,正社員,経理,求人ボックス,https://xn--pckua2a7gp15o89zb.com/jbn/1c10acdb2c161e72769d7cb546c94ddf,True,11時間前,2026-06-20 01:32:22,滋賀県
「ゲーム好きがそのまま仕事に!」／ゲームテスター／寮完備／月収30万円以上可／シンプル作業新着,このお仕事の特徴一般,滋賀県,月給27万円～34万円,正社員,経理,求人ボックス,https://xn--pckua2a7gp15o89zb.com/jbn/1ce874abab75ee0fbec8b6f8c70013e6,True,11時間前,2026-06-20 01:32:22,滋賀県
「違和感に気づく力が活きる」／アプリチェックスタッフ／月収30万円以上可／未経験OK新着,このお仕事の特徴一般,滋賀県,月給27万円～34万円,正社員,経理,求人ボックス,https://xn--pckua2a7gp15o89zb.com/jbn/658a0ae3771022f4ccac258f5c034ca7,True,11時間前,2026-06-20 01:32:24,滋賀県
「学びながらレベルアップできる環境」／ゲームテスター／月収30万円以上可／研修あり／正社員登用あり新着,このお仕事の特徴一般,滋賀県,月給27万円～34万円,正社員,経理,求人ボックス,https://xn--pckua2a7gp15o89zb.com/jbn/ff9d74fb5d5a94ed31953dbb406f6c44,True,11時間前,2026-06-20 01:32:24,滋賀県
「かんたんチェック業務からITデビュー」／アプリチェックスタッフ／月収30万円以上可／未経験歓迎新着,このお仕事の特徴一般,滋賀県,月給27万円～34万円,正社員,経理,求人ボックス,https://xn--pckua2a7gp15o89zb.com/jbn/170dc7f9d98f3e02ccc8e2d4e4ce3c65,True,11時間前,2026-06-20 01:32:24,滋賀県
「コードを学びながら実務デビュー」／ゲームプログラマー／月収30万円以上可／未経験歓迎／育成環境あり新着,このお仕事の特徴一般,滋賀県,月給27万円～34万円,正社員,経理,求人ボックス,https://xn--pckua2a7gp15o89zb.com/jbn/65fd1f67925723e12457dd984df81281,True,11時間前,2026-06-20 01:32:24,滋賀県
出勤は週2～4日&実働4時間～でOK 事務スタッフ新着,株式会社大森商会,滋賀県,"時給1,100円～1,400円",正社員,経理,求人ボックス,https://xn--pckua2a7gp15o89zb.com/jb/743bbe3cfdd573f7287a0e589b923ebe,True,15時間前,2026-06-20 01:32:24,滋賀県
「ゲームの面白さを設計する」／ゲームプランナー／月収30万円以上可／未経験OK／20〜30代活躍中新着,このお仕事の特徴一般,滋賀県,月給27万円～34万円,正社員,経理,求人ボックス,https://xn--pckua2a7gp15o89zb.com/jbn/640ee793be14fdd4259a62e69e46f5a1,True,11時間前,2026-06-20 01:32:24,滋賀県
一般事務職／土日祝休み／20代活躍中新着,合同会社グランドジョブ,滋賀県,月給23万円～30万円,正社員,経理,求人ボックス,https://xn--pckua2a7gp15o89zb.com/jb/a715e96dc6fab3c4a528515ed5e4914d,True,8時間前,2026-06-20 01:32:28,滋賀県
「転勤なし」／OA事務／データ管理／ボーナスあり新着,事務,滋賀県,"月給22万5,000円",正社員,経理,求人ボックス,https://xn--pckua2a7gp15o89zb.com/jbn/4a0c90773e80999160798d57d00ce090,True,21時間前,2026-06-20 01:32:28,滋賀県
「未経験歓迎」／OA事務／学歴不問／採用強化中新着,事務,滋賀県,"月給22万5,000円",正社員,経理,求人ボックス,https://xn--pckua2a7gp15o89zb.com/jbn/91ec7a17abbf1ca25135cc37fb17ce2d,True,21時間前,2026-06-20 01:32:28,滋賀県
「昇給・賞与あり」／営業事務／学歴不問／有給休暇あり新着,事務,滋賀県,"月給21万9,000円",正社員,経理,求人ボックス,https://xn--pckua2a7gp15o89zb.com/jbn/fa85f9966a8560daefb2931bd24834f4,True,21時間前,2026-06-20 01:32:28,滋賀県
「プライベート充実」／データ入力事務／若手活躍中／ボーナスあり新着,事務,滋賀県,月給20万円～50万円,正社員,経理,求人ボックス,https://xn--pckua2a7gp15o89zb.com/jbn/f55b7f229f001f7f5c78ef0e46aeaf65,True,22時間前,2026-06-20 01:32:28,滋賀県
「未経験歓迎」／一般事務／データ管理／コツコツ作業新着,事務,滋賀県,"月給22万5,000円",正社員,経理,求人ボックス,https://xn--pckua2a7gp15o89zb.com/jbn/21d738a6e9ec00853b0d2c1c58e7837d,True,21時間前,2026-06-20 01:32:31,滋賀県
「未経験歓迎」／総務事務／社会保険完備／ネイルOK新着,事務,滋賀県,"月給22万5,000円",正社員,経理,求人ボックス,https://xn--pckua2a7gp15o89zb.com/jbn/723b5be65e731e1e1585e2dfcebb5be7,True,21時間前,2026-06-20 01:32:31,滋賀県
建築・土木・警備・清掃／建築資材の在庫管理新着,事務・,滋賀県,"時給1,450円",,経理,求人ボックス,https://xn--pckua2a7gp15o89zb.com/jb/6af4d7dd3b8929955c8c10768fc868d0,True,8時間前,2026-06-20 01:32:31,滋賀県
事務・データ入力事務「正社員」残業なし・メリハリある働き方新着,JHR株式会社,滋賀県,月給29万円～47万円,正社員,経理,求人ボックス,https://xn--pckua2a7gp15o89zb.com/jb/1c67f8411a013f1ad9adce13a4610345,True,16時間前,2026-06-20 01:32:31,滋賀県
庶務事務・長く働ける職場・あたたかい雰囲気の職場・丁寧な研修あり・草津市大路1丁目新着,株式会社キソシン,滋賀県,"月給25万4,000円",正社員,経理,求人ボックス,https://xn--pckua2a7gp15o89zb.com/jbn/4d9e6598c496abc645122d293001469a,True,8時間前,2026-06-20 01:32:31,滋賀県
"インフラエンジニア 運用／保守でも、年収1,000万円を目指せる新着",株式会社デジタルノマド,滋賀県,月給42万円～140万円,正社員,経理,求人ボックス,https://xn--pckua2a7gp15o89zb.com/jb/5e8be308d7ae2e183b68b2c90558e787,True,22時間前,2026-06-20 01:32:34,滋賀県
「未経験OK」金属製品製造工場での生産管理事務!受注処理・電話対応など 日勤&土日祝休み新着,UTエージェント株式会社,滋賀県,"月給20万4,000円",正社員,経理,求人ボックス,https://xn--pckua2a7gp15o89zb.com/jb/b6521bcf89d4e77d031eeea0b8ea0c14,True,19時間前,2026-06-20 01:32:34,滋賀県
事務スタッフ新着,川相商事株式会社,滋賀県,"時給1,250円～",契約社員,経理,求人ボックス,https://xn--pckua2a7gp15o89zb.com/jb/5bdc0a440ead9673712aa9fb0876a39f,True,18時間前,2026-06-20 01:32:34,滋賀県
2027 新卒採用 財団・社団・団体新着,...地域の店舗・会社の課題解決や経営サポートのお仕事です。 <お仕事内容>主として地域の店舗や会社の経営支援業務 店舗や会社への巡回訪問および窓口相談対応,滋賀県商工会連合会,"月給23万4,320円",正社員,経理,求人ボックス,https://xn--pckua2a7gp15o89zb.com/jb/864fe77461db8f4892802f129fd1d6a6,True,12時間前,2026-06-20 01:32:34,滋賀県
経理事務「未経験入社率80%以上」土日祝休み・残業なし・ネイルOK新着,経理,滋賀県,"月給19万5,000円",正社員,経理,求人ボックス,https://xn--pckua2a7gp15o89zb.com/jbn/707af45bacc5140e2b4f9086f8e7bff7,True,20時間前,2026-06-20 01:32:34,滋賀県
経理事務「未経験から専門スキル」研修充実・土日祝休み・ネイルOK新着,株式会社ネクスト,滋賀県,月給20万円～25万円,正社員,経理,求人ボックス,https://xn--pckua2a7gp15o89zb.com/jbn/de3260e91ac4b8cc32e998cf701e78e0,True,17時間前,2026-06-20 01:32:34,滋賀県
経理事務／未経験歓迎「土日祝休み・電話対応少なめ・ネイルOK」新着,こんな経験をお持ちの方も歓迎,滋賀県,"月給19万8,500円",正社員,経理,求人ボックス,https://xn--pckua2a7gp15o89zb.com/jbn/dd80b4d84e865d7e15eebe0cd73d9300,True,20時間前,2026-06-20 01:32:34,滋賀県
庶務事務・未経験OK「正社員・土日祝休み・年間休日125日・残業なし「20代活躍中」新着,事務,滋賀県,月給20万円～25万円,正社員,経理,求人ボックス,https://xn--pckua2a7gp15o89zb.com/jbn/6c11a24ab8b70df8748221aa404f8dff,True,20時間前,2026-06-20 01:32:34,滋賀県
事務・文字起こし・タイピング「未経験歓迎」残業なし・ネイルOK・服装自由新着,事務,滋賀県,"月給19万9,500円",正社員,経理,求人ボックス,https://xn--pckua2a7gp15o89zb.com/jbn/8fd53de9d1c7ac9064a49ab4a7313be7,True,20時間前,2026-06-20 01:32:37,滋賀県
オフィススタッフ／若手活躍中／福利厚生充実／昇給賞与アリ／マニュアル完備／キャリアアップ可新着,事務,滋賀県,"月給22万2,500円",正社員,経理,求人ボックス,https://xn--pckua2a7gp15o89zb.com/jbn/713542e44606d051ea546227c5b9f930,True,22時間前,2026-06-20 01:32:37,滋賀県
事務職／20代～30代活躍中／研修制度完備／有給消化率高め／ネイル自由／学歴不問新着,事務・,滋賀県,"月給21万1,500円",正社員,経理,求人ボックス,https://xn--pckua2a7gp15o89zb.com/jbn/b2981904d609daeb4c13a559f261e418,True,23時間前,2026-06-20 01:32:37,滋賀県
データ入力・事務／充実サポート／オフィスカジュアル可／昇給賞与アリ／既卒歓迎／学歴不問新着,事務,滋賀県,"月給19万9,500円",正社員,経理,求人ボックス,https://xn--pckua2a7gp15o89zb.com/jbn/c5118730781c59a3c6bbffb0b4a4bc79,True,23時間前,2026-06-20 01:32:37,滋賀県
データ入力・事務／週休完全2日制／研修制度完備／昇給賞与アリ／既卒歓迎／安定収入新着,事務,滋賀県,"月給22万5,500円",正社員,経理,求人ボックス,https://xn--pckua2a7gp15o89zb.com/jbn/66a9a4688c6ed417dbf4e753abe79bcd,True,22時間前,2026-06-20 01:32:37,滋賀県
バックオフィス事務／経験値不問／服装自由／転勤なし／既卒歓迎／学歴不問新着,事務,滋賀県,"月給19万4,500円",正社員,経理,求人ボックス,https://xn--pckua2a7gp15o89zb.com/jbn/8ab26390eeec59a567c11c1783afcb74,True,23時間前,2026-06-20 01:32:37,滋賀県
データ入力・事務／週休完全2日制／駅チカ／髪色自由／マニュアル完備／キャリアアップ可新着,事務,滋賀県,"月給23万5,000円",正社員,経理,求人ボックス,https://xn--pckua2a7gp15o89zb.com/jbn/38a2ede4f10833a4cb417b0c765342fc,True,22時間前,2026-06-20 01:32:37,滋賀県
訪問看護の看護師／月給310000円~／日勤のみ新着,看護,滋賀県,月給310000円,正社員,看護,求人ボックス,https://xn--pckua2a7gp15o89zb.com/jb/62fd5afbbcf83152db29eae2d5f759f8,True,19時間前,2026-06-20 01:32:30,滋賀県
ホスピスの看護師／月給350300円新着,看護師,滋賀県,月給350300円,正社員,看護,求人ボックス,https://xn--pckua2a7gp15o89zb.com/jb/90b212ac4678562f38d9653b38fd39d2,True,19時間前,2026-06-20 01:32:30,滋賀県
介護施設の看護師／月給370000円~／駅チカ／残業少なめ新着,看護師,滋賀県,月給370000円,正社員,看護,求人ボックス,https://xn--pckua2a7gp15o89zb.com/jb/de4bb290dabd965c3cccf7a15fe52eb6,True,19時間前,2026-06-20 01:32:30,滋賀県
訪問看護の看護師／月給313000円~／日勤のみ新着,看護,滋賀県,月給313000円,正社員,看護,求人ボックス,https://xn--pckua2a7gp15o89zb.com/jb/9522516a01e7e08932b242e8b44c2e4f,True,19時間前,2026-06-20 01:32:30,滋賀県
介護予防プランナー・看護師／准看護師募集、年齢不問新着,新堂地域包括支援センター,滋賀県,"時給1,200円～1,250円",アルバイト・パート,看護,求人ボックス,https://xn--pckua2a7gp15o89zb.com/jb/22fcf7260abf99ba945950fd343e1b3c,True,3時間前,2026-06-20 01:32:33,滋賀県
移動負担なしの施設内看護師／サービス付き高齢者向け住宅での勤務新着,株式会社ハピネスTK,滋賀県,月給34万900円,正社員,看護,求人ボックス,https://xn--pckua2a7gp15o89zb.com/jb/66f7ff080f75ed63fc0ba84339390979,True,9時間前,2026-06-20 01:32:33,滋賀県
小児科・内科クリニック 看護師 募集中新着,そうむらファミリークリニック,滋賀県,"時給1,900円～2,200円",アルバイト・パート,看護,求人ボックス,https://xn--pckua2a7gp15o89zb.com/jb/55da33c0f7cde808ea9d852fe576b118,True,14時間前,2026-06-20 01:32:33,滋賀県
訪問看護の看護師／月給300000円~／駅チカ／年休120日新着,看護,滋賀県,月給300000円,正社員,看護,求人ボックス,https://xn--pckua2a7gp15o89zb.com/jb/769332d202ee0fa71069399422c2eb1a,True,19時間前,2026-06-20 01:32:36,滋賀県
訪問看護の看護師／月給300000円~／日勤のみ／駅チカ新着,看護,滋賀県,月給300000円,正社員,看護,求人ボックス,https://xn--pckua2a7gp15o89zb.com/jb/9b13fae0723eddda1bc06514d91617ed,True,19時間前,2026-06-20 01:32:36,滋賀県
デイサービスの看護師／月給310000円~／駅チカ／残業少なめ新着,看護師,滋賀県,月給310000円,正社員,看護,求人ボックス,https://xn--pckua2a7gp15o89zb.com/jb/b746e7009dd1765d8f879ae70b3cdacf,True,19時間前,2026-06-20 01:32:39,滋賀県
住宅型有料老人ホームでの看護業務／看護師／働きやすい環境／資格必須新着,有限会社クオリティーサービス アプリシェイト山科,滋賀県,月給39万円～45万円,正社員,看護,求人ボックス,https://xn--pckua2a7gp15o89zb.com/jbn/f31003c723dab60e94f921624b4eca88,True,17時間前,2026-06-20 01:32:39,滋賀県
正看護師・准看護師／介護・福祉 日勤のみ／盲養護老人ホーム星光の里新着,社会福祉法人湖東会,滋賀県,"月給22万5,000円",正社員,看護,求人ボックス,https://xn--pckua2a7gp15o89zb.com/jb/11b332801f494b5d989074327d7eac94,True,5時間前,2026-06-20 01:32:39,滋賀県
看護師／ケアミックス病院新着,医療法人社団美松会 生田病院,滋賀県,"月給24万3,700円",正社員,看護,求人ボックス,https://xn--pckua2a7gp15o89zb.com/jb/85aad03a78b272cc70e051ed46065198,True,3時間前,2026-06-20 01:32:39,滋賀県
電話占いカウンセラー／経験者優遇／完全在宅リモート／全国採用／シフト自由／高収入新着,株式会社インスピ,滋賀県,"時給3,600円～7,800円",,看護,求人ボックス,https://xn--pckua2a7gp15o89zb.com/jbn/81a7ba9ae70f6885b51e5096daa68182,True,19時間前,2026-06-20 01:32:43,滋賀県
放課後等デイサービスの児童発達支援管理責任者新着,放課後等デイサービスしんば平松,滋賀県,月給26万円～30万円,正社員,看護,求人ボックス,https://xn--pckua2a7gp15o89zb.com/jb/765a6426f4a3ead0142784dbe3c9e6da,True,3時間前,2026-06-20 01:32:53,滋賀県
デイサービス 看護スタッフ新着,株式会社ツクイ,滋賀県,"時給1,527円",アルバイト・パート,看護,求人ボックス,https://xn--pckua2a7gp15o89zb.com/jb/6440f1c55ab5432e0a14a33b4e381e3c,True,1時間前,2026-06-20 01:32:53,滋賀県
コンビニ食品 小型配送ドライバー 未経験可 Wワークにもおすすめ新着,名阪急配株式会社,滋賀県,"時給1,080円",アルバイト・パート,ドライバー,求人ボックス,https://xn--pckua2a7gp15o89zb.com/jb/e7c5b22ed20039463c02f71ff6cd5495,True,1時間前,2026-06-20 01:32:31,滋賀県
「毎日帰れる近距離ルート配送」近距離の大型トラックドライバー／昇給あり新着,司関西株式会社,滋賀県,月給32万円～42万円,正社員,ドライバー,求人ボックス,https://xn--pckua2a7gp15o89zb.com/jbn/53b60af7f30fa1a1dfb12bec5cf41185,True,19時間前,2026-06-20 01:32:32,滋賀県
多賀～彦根区間の送迎ドライバー／普通運転免許があればOK!年齢不問!新着,株式会社タクト,滋賀県,"月給7万5,000円",アルバイト・パート,ドライバー,求人ボックス,https://xn--pckua2a7gp15o89zb.com/jb/f6ba15fb0b65408ce4e23418ed2dc333,True,20時間前,2026-06-20 01:32:32,滋賀県
日勤固定 住宅用換気扇の組立・検品／電動ドライバーでネジ締め新着,株式会社誰でもファクトリー,滋賀県,"時給1,450円～",アルバイト・パート,ドライバー,求人ボックス,https://xn--pckua2a7gp15o89zb.com/jb/7b87d51d5bad295bab53fad0d0a25a43,True,15時間前,2026-06-20 01:32:35,滋賀県
ドライバー／配達／軽作業・物流系 日給保証あり 日払い·前払いOK新着,株式会社MULO,滋賀県,,,ドライバー,求人ボックス,https://xn--pckua2a7gp15o89zb.com/jb/b70665d035a0883eb63cef39c9dbb045,True,14時間前,2026-06-20 01:32:35,滋賀県
学習塾送迎ドライバー／シニア活躍中／未経験OK新着,株式会社ジャパン・リリーフ関西,滋賀県,月給21万200円,契約社員,ドライバー,求人ボックス,https://xn--pckua2a7gp15o89zb.com/jb/bf3cfb976b83b042ec3b490d693c3aad,True,15時間前,2026-06-20 01:32:39,滋賀県
大型ドライバー新着,アートバンライン株式会社所在地:大阪府大阪市中央...,滋賀県,月給40万円～65万円,,ドライバー,求人ボックス,https://xn--pckua2a7gp15o89zb.com/jb/a4f2dc039b4c442b18fc5ae72c3d5dc6,True,10時間前,2026-06-20 01:32:39,滋賀県
ドライバー・運転手、配達・配送・宅配便／直行直帰OK新着,JCSロジスコ株式会社,滋賀県,,,ドライバー,求人ボックス,https://xn--pckua2a7gp15o89zb.com/jb/f98c43f4ab585133f2a4b18694ea9b27,True,2時間前,2026-06-20 01:32:39,滋賀県
送迎ドライバー「パート・アルバイト」／そよ風公式新着,株式会社SOYOKAZE,滋賀県,"時給1,080円",アルバイト・パート,ドライバー,求人ボックス,https://xn--pckua2a7gp15o89zb.com/jb/f916de9d0f4baad16a77317f8435c13b,True,23時間前,2026-06-20 01:32:42,滋賀県
座り仕事・指示書を見ながらドライバーで組立／時給1200円新着,株式会社G&G,滋賀県,時給1200円,派遣社員,ドライバー,求人ボックス,https://xn--pckua2a7gp15o89zb.com/jb/e8ba72066fd24c65d406ab9ccb02673d,True,13時間前,2026-06-20 01:32:42,滋賀県
大型ドライバー／大型トレーラー運転手／関西から静岡までの運行新着,滋賀近交運輸倉庫株式会社,滋賀県,月給38万円～55万円,正社員,ドライバー,求人ボックス,https://xn--pckua2a7gp15o89zb.com/jb/6dd343418e76673dc1788b5bdb9d62b6,True,8時間前,2026-06-20 01:32:46,滋賀県
野菜の配送ドライバー／夕方前に終了のお仕事新着,株式会社ハッピーフィールド,滋賀県,"時給1,500円～",アルバイト・パート,ドライバー,求人ボックス,https://xn--pckua2a7gp15o89zb.com/jb/933a5594c16e386c33be0c6b906627f8,True,14時間前,2026-06-20 01:32:46,滋賀県
送迎ドライバー／ケアミックス病院新着,医療法人社団美松会 生田病院,滋賀県,"時給1,080円",アルバイト・パート,ドライバー,求人ボックス,https://xn--pckua2a7gp15o89zb.com/jb/d5e680c48cb7733efe5a385ac377d937,True,19時間前,2026-06-20 01:32:48,滋賀県
ドライバー・運転手、配達・配送・宅配便新着,株式会社外村物流運輸,滋賀県,月給27万円～30万円,正社員,ドライバー,求人ボックス,https://xn--pckua2a7gp15o89zb.com/jb/ed66a80b6c7e4451b4c2cd0fb89d543f,True,3時間前,2026-06-20 01:32:51,滋賀県
ドライバー・宅配新着,株式会社ドライブトライブ,滋賀県,"日給1万3,600円",アルバイト・パート,ドライバー,求人ボックス,https://xn--pckua2a7gp15o89zb.com/jb/d0cc50995a25fff957ec998fb54d3bda,True,16時間前,2026-06-20 01:32:55,滋賀県
4tドライバー 午前のみのパート募集新着,株式会社西濃集配滋賀,滋賀県,"時給1,500円～1,720円",アルバイト・パート,ドライバー,求人ボックス,https://xn--pckua2a7gp15o89zb.com/jb/aed6a806da9f1c2a37e5cc095d2dcfc1,True,6時間前,2026-06-20 01:32:55,滋賀県
「大手メーカーの商品を街に届ける仕事」／軽貨物ドライバー／安定収入新着,未経験OK,滋賀県,月給30万円～35万円,正社員,ドライバー,求人ボックス,https://xn--pckua2a7gp15o89zb.com/jbn/26e5f474517971186ae7ffce2e3f3d31,True,10時間前,2026-06-20 01:32:59,滋賀県
「運転好きが仕事になるシンプルワーク」／軽貨物ドライバー／車両貸出あり新着,未経験OK,滋賀県,月給30万円～35万円,正社員,ドライバー,求人ボックス,https://xn--pckua2a7gp15o89zb.com/jbn/2dd459ba7957ad1878fafde30afea015,True,9時間前,2026-06-20 01:32:59,滋賀県
「助手席からスタートできる安心環境」／ドライバー補助／未経験スタート多...新着,未経験OK,滋賀県,月給30万円～35万円,正社員,ドライバー,求人ボックス,https://xn--pckua2a7gp15o89zb.com/jbn/3195749b37e5d2024d113bab9cdb4ee0,True,10時間前,2026-06-20 01:32:59,滋賀県
警備員 給与手渡しOK 道路·工事現場の交通警備STAFF新着,株式会社mdセキュリティ,滋賀県,"日給1万1,120円",アルバイト・パート,警備,求人ボックス,https://xn--pckua2a7gp15o89zb.com/jb/ab602684bc99e5c20fab825fac94bef7,True,2時間前,2026-06-20 01:32:40,滋賀県
「愛知県勤務」交通誘導「今すぐ一人暮らしがしたい」が叶う新着,セキュリティスタッフ株式会社,滋賀県,"日給9,500円",正社員,警備,求人ボックス,https://xn--pckua2a7gp15o89zb.com/jb/271483735618171bd5b597a33b137419,True,1時間前,2026-06-20 01:32:40,滋賀県
デリバリー／接客新着,ピザハット東近江店,滋賀県,"時給1,150円～",アルバイト・パート,警備,求人ボックス,https://xn--pckua2a7gp15o89zb.com/jb/0f75cfe82f64aba67f7ceafa96966963,True,13時間前,2026-06-20 01:32:40,滋賀県
ピザデリバリーSTAFF新着,ピザハット彦根店,滋賀県,"時給1,150円～",アルバイト・パート,警備,求人ボックス,https://xn--pckua2a7gp15o89zb.com/jb/dcf653a9333ec9d9c0c9bcf4574b7971,True,13時間前,2026-06-20 01:32:40,滋賀県
仕分け・シール貼り、品出し／工場新着,UTエージェント株式会社,滋賀県,月給20万円～42万,正社員,警備,求人ボックス,https://xn--pckua2a7gp15o89zb.com/jb/cad996cfe297923f2335f23882bde635,True,3時間前,2026-06-20 01:32:40,滋賀県
ベッドフレームの製造／未経験OK／寮完備／単純作業／履歴書不要新着,株式会社Neo Boost 人事採用1課,滋賀県,"時給1,500円～1,875円",アルバイト・パート,警備,求人ボックス,https://xn--pckua2a7gp15o89zb.com/jb/ad227df3b7cf188dc32eaf691a261d54,True,22時間前,2026-06-20 01:32:40,滋賀県
お掃除シートの検品／未経験歓迎／シンプル作業／寮完備／住み込み新着,株式会社Neo Boost人事採用1課,滋賀県,月給28万円～32万円,正社員,警備,求人ボックス,https://xn--pckua2a7gp15o89zb.com/jb/bd0a2caf2d4fac2310af58a1ae8977d2,True,22時間前,2026-06-20 01:32:41,滋賀県
お掃除シートの検品／未経験歓迎／シンプル作業／寮完備／住み込み新着,株式会社Neo Boost人事採用課,滋賀県,月給28万円～32万円,正社員,警備,求人ボックス,https://xn--pckua2a7gp15o89zb.com/jb/ee0a958a713a10e10eb90b3a95e6eb62,True,22時間前,2026-06-20 01:32:41,滋賀県
ベッドフレームの製造／未経験OK／寮完備／単純作業／履歴書不要新着,株式会社Neo Boost 人事採用課,滋賀県,"時給1,500円～1,875円",アルバイト・パート,警備,求人ボックス,https://xn--pckua2a7gp15o89zb.com/jb/b20d0b7e808fd380f94a35eb58a975f2,True,22時間前,2026-06-20 01:32:41,滋賀県
カードゲーム商品の製造／寮完備／未経験OK／単純作業／履歴書不要新着,株式会社KIエージェント 採用受付,滋賀県,"時給1,500円～1,875円",アルバイト・パート,警備,求人ボックス,https://xn--pckua2a7gp15o89zb.com/jb/2e1c55a054ade033bc13a47b2deb206a,True,5時間前,2026-06-20 01:32:41,滋賀県
宅配ボックスの組立／未経験OK／寮費無料／シンプル作業／履歴書不要／工場新着,株式会社KIエージェント 製造部2課,滋賀県,"時給1,550円～1,938円",アルバイト・パート,警備,求人ボックス,https://xn--pckua2a7gp15o89zb.com/jb/103eaf6cfa1deb019781cb47e1e4aa2a,True,5時間前,2026-06-20 01:32:41,滋賀県
収納ボックスの製造／単純作業／寮完備／未経験OK／スピード採用新着,株式会社KIエージェント 第一営業部,滋賀県,月給30万円～35万円,正社員,警備,求人ボックス,https://xn--pckua2a7gp15o89zb.com/jb/d949ad0435fd3c9a5d8d96af08e9efea,True,5時間前,2026-06-20 01:32:41,滋賀県
宅配ボックスの組立／未経験OK／寮費無料／シンプル作業／履歴書不要／工場新着,株式会社KIエージェント人材開発部,滋賀県,"時給1,550円～1,938円",アルバイト・パート,警備,求人ボックス,https://xn--pckua2a7gp15o89zb.com/jb/03ac36d164a01ac1a4415f9e5e741260,True,5時間前,2026-06-20 01:32:48,滋賀県
カプセルトイ製造スタッフ「27卒」正社員「寮・社宅あり・寮費無料」新着,株式会社ELシステム,滋賀県,"月給25万9,800円",正社員,製造,求人ボックス,https://xn--pckua2a7gp15o89zb.com/jbn/2567439c2b5f2285a8bf38a4bfd63b9c,True,5時間前,2026-06-20 01:32:57,滋賀県
スポーツ用品の製造スタッフ「27卒」20代活躍中・車通勤OK「正社員新着,JHRconsulting株式会社,滋賀県,"月給25万4,900円",正社員,製造,求人ボックス,https://xn--pckua2a7gp15o89zb.com/jbn/d29295b70999da2955784c882d8e59bf,True,5時間前,2026-06-20 01:32:57,滋賀県
時計盤の製造スタッフ／月給34万円以上／未経験歓迎／寮完備新着,合同会社タカノワーク,滋賀県,月給34万円,正社員,製造,求人ボックス,https://xn--pckua2a7gp15o89zb.com/jb/08b3f2d3d1dfb97fd59f82428069b916,True,4時間前,2026-06-20 01:32:58,滋賀県
「27卒」寮完備・フィギュア製造スタッフ／交通費全額支給／月給30万以...新着,株式会社alBee,滋賀県,月給30万,正社員,製造,求人ボックス,https://xn--pckua2a7gp15o89zb.com/jbn/f4d606cd619a19f54760e32a87385073,True,7時間前,2026-06-20 01:32:58,滋賀県
「27卒」ペット用品の製造スタッフ正社員／有給消化率高い・20代活躍中新着,株式会社大斗,滋賀県,"月給25万8,300円",正社員,製造,求人ボックス,https://xn--pckua2a7gp15o89zb.com/jbn/c9429d017ae743e79ca933278a09f830,True,5時間前,2026-06-20 01:33:01,滋賀県
キーホルダーの製造スタッフ「27卒」寮完備・残業少なめ「正社員新着,株式会社GUM,滋賀県,月給26万600円,正社員,製造,求人ボックス,https://xn--pckua2a7gp15o89zb.com/jbn/94276fb0e4210c14f82729fbe279c783,True,6時間前,2026-06-20 01:33:01,滋賀県
未経験採用枠「第2新卒活躍中!」ガチャガチャ製造スタッフ／高収入新着,株式会社RIOT GROUP,滋賀県,"月給29万4,100円",正社員,製造,求人ボックス,https://xn--pckua2a7gp15o89zb.com/jbn/a07255c869d2e38fd0538d302783d224,True,2時間前,2026-06-20 01:33:01,滋賀県
コーヒー・お茶の製造スタッフ「27卒」正社員／未経験歓迎・残業少なめ新着,株式会社LOP,滋賀県,"月給25万9,800円",正社員,製造,求人ボックス,https://xn--pckua2a7gp15o89zb.com/jbn/d08f0126260e3fdf670ac81efe7376ce,True,6時間前,2026-06-20 01:33:01,滋賀県
「27卒」アウトドア・キャンプ用品の製造スタッフ・未経験歓迎新着,株式会社キソシン,滋賀県,月給26万600円,正社員,製造,求人ボックス,https://xn--pckua2a7gp15o89zb.com/jbn/7081c0fe98de1bd2091141119a26f5f1,True,6時間前,2026-06-20 01:33:04,滋賀県
食品製造スタッフ「27卒」正社員「未経験歓迎・土日祝休み」／賞与年2回新着,株式会社enrich technology,滋賀県,"月給25万9,800円",正社員,製造,求人ボックス,https://xn--pckua2a7gp15o89zb.com/jbn/f18039c3a7731fcd9a4bb37ba8575286,True,6時間前,2026-06-20 01:33:04,滋賀県
「27卒」スケートボードの製造スタッフ・未経験歓迎・土日祝休み「正社員新着,株式会社プロジェクトトリガー,滋賀県,"月給25万9,800円",正社員,製造,求人ボックス,https://xn--pckua2a7gp15o89zb.com/jbn/0bbdd96b81bfdb0caae9038bd4e3372f,True,6時間前,2026-06-20 01:33:07,滋賀県
「27卒」コスメ・化粧品の製造・充填スタッフ「正社員」20代活躍中新着,株式会社Creer,滋賀県,"月給25万4,900円",正社員,製造,求人ボックス,https://xn--pckua2a7gp15o89zb.com/jbn/1b27d9d070a4eb776682429ad6d838f4,True,5時間前,2026-06-20 01:33:11,滋賀県
塗装スプレーで製品を塗装する製造スタッフ新着,株式会社サウザンドアローズ,滋賀県,月給19万円～24万円,正社員,製造,求人ボックス,https://xn--pckua2a7gp15o89zb.com/jb/6734913e81ed29b6522d9f1db9d4bffb,True,15時間前,2026-06-20 01:33:11,滋賀県
「27卒」ボードゲーム・パズル製造スタッフ・未経験歓迎「正社員新着,株式会社ELM,滋賀県,"月給25万4,900円",正社員,製造,求人ボックス,https://xn--pckua2a7gp15o89zb.com/jbn/465684f719da9369b45aa28998922ea0,True,6時間前,2026-06-20 01:33:13,滋賀県
製造スタッフ 金欠から大逆転 週払いOK 簡単軽作業·仕分けスタッフ新着,株式会社Brave,滋賀県,月給33万円～38万,正社員,製造,求人ボックス,https://xn--pckua2a7gp15o89zb.com/jb/3faa2f9b9169f76a71d730aa30bdc933,True,14時間前,2026-06-20 01:33:13,滋賀県
カップ麺の容器製造・検品スタッフ／30代40代活躍中です 未経験歓迎新着,キャリアネクスト,滋賀県,月給34万円～,契約社員,製造,求人ボックス,https://xn--pckua2a7gp15o89zb.com/jb/f7f262054d745ca1ddeb604cb351d88f,True,23時間前,2026-06-20 01:33:17,滋賀県
未経験採用枠「第2新卒活躍中!」ガチャガチャ製造スタッフ／高収入新着,Yts株式会社,滋賀県,月給31万800円,正社員,製造,求人ボックス,https://xn--pckua2a7gp15o89zb.com/jbn/f6e5b003da04b05cd92679eaf485b6fb,True,3時間前,2026-06-20 01:33:17,滋賀県
最新モデルに関われる!／パソコンの製造スタッフ／年間休日120日新着,製造,滋賀県,"月給36万1,500円",正社員,製造,求人ボックス,https://xn--pckua2a7gp15o89zb.com/jbn/82c2dc1882266d21a486f45f17363a20,True,8時間前,2026-06-20 01:33:21,滋賀県
ボードゲーム製造スタッフ「正社員」土日祝休み・年間休日125日新着,株式会社RIOT,滋賀県,"月給29万8,000円",正社員,製造,求人ボックス,https://xn--pckua2a7gp15o89zb.com/jbn/7097b012e02b85f5d799f8af1d9857c7,True,3時間前,2026-06-20 01:33:21,滋賀県
コレクターズアイテム製造スタッフ／業界未経験から製造のスペシャリストへ新着,AQUARIUS株式会社,滋賀県,月給31万400円,正社員,製造,求人ボックス,https://xn--pckua2a7gp15o89zb.com/jbn/caf31dc6e6ce654ca62175b7217412f0,True,3時間前,2026-06-20 01:33:21,滋賀県
しっかりサポートあり／ゲーム関連アクセサリーの製造Staff新着,株式会社アテナスタイル,滋賀県,月給29万円～,正社員,製造,求人ボックス,https://xn--pckua2a7gp15o89zb.com/jb/77aec2d67e726521a7523f9a1debdcac,True,22時間前,2026-06-20 01:33:21,滋賀県
「27卒」キーホルダーの製造スタッフ・寮・社宅あり「日勤のみ新着,ベンタス株式会社,滋賀県,"月給25万9,800円",正社員,製造,求人ボックス,https://xn--pckua2a7gp15o89zb.com/jbn/be9df6768a6f0caaa5ba2fe7328ebb1c,True,7時間前,2026-06-20 01:33:24,滋賀県
「人気商品の製造スタッフ!」／推し活ペンライトの製造／寮完備寮費無料新着,製造,滋賀県,"月給33万4,000円",正社員,製造,求人ボックス,https://xn--pckua2a7gp15o89zb.com/jbn/ede4c4a991455a7264d22c519eb570be,True,7時間前,2026-06-20 01:33:24,滋賀県
ボードゲーム製造スタッフ「正社員」月給40万以上可・各種手当充実新着,株式会社小林,滋賀県,月給40万,正社員,製造,求人ボックス,https://xn--pckua2a7gp15o89zb.com/jbn/b8974c299fb5f150e13e1f40ae7ee0a5,True,3時間前,2026-06-20 01:33:24,滋賀県
袋詰めチェック中心の軽作業!／カードゲームグッズの製造スタッフ新着,製造,滋賀県,月給36万500円,正社員,製造,求人ボックス,https://xn--pckua2a7gp15o89zb.com/jbn/935b4c8033a427939c96f6c427b6573e,True,8時間前,2026-06-20 01:33:24,滋賀県
施設清掃管理スタッフ／17時退社も可能 約3ヶ月かけてじっくり習得新着,守環総合メンテナンス株式会社,滋賀県,"月給20万5,000円",正社員,清掃,求人ボックス,https://xn--pckua2a7gp15o89zb.com/jb/7c7da9deb06b7101668adf256ea36e77,True,13時間前,2026-06-20 01:33:01,滋賀県
工場内清掃スタッフ／ミドルシニアも活躍中!土日祝休み・時間相談OK新着,株式会社トップ精工,滋賀県,"時給1,800円～",アルバイト・パート,清掃,求人ボックス,https://xn--pckua2a7gp15o89zb.com/jb/c0a3eb92ec4a62cbad6ed4fdfbacb2ba,True,14時間前,2026-06-20 01:33:01,滋賀県
清掃スタッフ 近江八幡市エリアの介護施設 日曜休み新着,株式会社ナショナルメンテナンス,滋賀県,"時給1,250円",アルバイト・パート,清掃,求人ボックス,https://xn--pckua2a7gp15o89zb.com/jb/016d0dc625141f8a05afe087ef4b46b8,True,1時間前,2026-06-20 01:33:01,滋賀県
JRを支える一員に ️月曜のみ ️時間帯自由 ️未経験歓迎新着,株式会社プレイ比良,滋賀県,"時給1,090円～",アルバイト・パート,清掃,求人ボックス,https://xn--pckua2a7gp15o89zb.com/jb/db476e2040ff7de6af539e5bd79592b4,True,7時間前,2026-06-20 01:33:01,滋賀県
清掃新着,富士見産業株式会社,滋賀県,"月給20万5,500円",契約社員,清掃,求人ボックス,https://xn--pckua2a7gp15o89zb.com/jb/ec553bd525173809ca65e2b510a7e808,True,4時間前,2026-06-20 01:33:01,滋賀県
宅急便会社事務棟の清掃新着,株式会社ビケンテクノ,滋賀県,"時給1,400円",アルバイト・パート,清掃,求人ボックス,https://xn--pckua2a7gp15o89zb.com/jb/b47e968d26c5b1cd3acb2f3f2d5bdca1,True,2時間前,2026-06-20 01:33:01,滋賀県
「第2新卒活躍中!」オフィス事務サポート／年間休日125日以上／資格支援あり新着,株式会社小林,滋賀県,"月給30万7,700円",正社員,清掃,求人ボックス,https://xn--pckua2a7gp15o89zb.com/jbn/03b6d150d337384a3e63b972cf6ad907,True,2時間前,2026-06-20 01:33:01,滋賀県
テストコーディネーターアシスタント未経験歓迎「正社員／土日祝休み／交通費支給新着,株式会社alBee,滋賀県,"月給25万5,000円",正社員,清掃,求人ボックス,https://xn--pckua2a7gp15o89zb.com/jbn/963f548c33b4a3f8e383f6b6304f80df,True,3時間前,2026-06-20 01:33:02,滋賀県
「第2新卒活躍中!」オフィスオペレーション補助／土日祝休み／20代活躍中新着,株式会社RIOT GROUP,滋賀県,"月給30万2,400円",正社員,清掃,求人ボックス,https://xn--pckua2a7gp15o89zb.com/jbn/a40f96bdb44b07dc65ae6e0cdb1a2ba6,True,2時間前,2026-06-20 01:33:02,滋賀県
3t車でコンビニ食品配送 未経験可 運転しやすい小型車 重量物なし 5時～11時／rtp3新着,名阪急配株式会社,滋賀県,"時給1,080円",アルバイト・パート,清掃,求人ボックス,https://xn--pckua2a7gp15o89zb.com/jb/2b574033647945fd761c05827fab5ae8,True,1時間前,2026-06-20 01:33:02,滋賀県
「27卒」ガチャガチャ・自動販売機整備スタッフ「シフト相談可・技術手当あり」正社員／寮・社宅あり新着,株式会社LOP,滋賀県,"月給25万7,200円",正社員,清掃,求人ボックス,https://xn--pckua2a7gp15o89zb.com/jbn/a5fc17da71398c41b3e530f303fff41f,True,7時間前,2026-06-20 01:33:02,滋賀県
うなぎやさんの・ホールスタッフ／調理スタッフ／経験者優遇いたします新着,うなぎやみやび,滋賀県,"時給1,080円",アルバイト・パート,清掃,求人ボックス,https://xn--pckua2a7gp15o89zb.com/jb/47984a99a46e2c21ac3203640a0ae1cf,True,5時間前,2026-06-20 01:33:02,滋賀県
コンビニスタッフ新着,ファミリーマート 彦根原町店,滋賀県,"時給1,080円～",アルバイト・パート,清掃,求人ボックス,https://xn--pckua2a7gp15o89zb.com/jb/ff5e52d319501a131ee1f662dbe430dd,True,23時間前,2026-06-20 01:33:02,滋賀県
ガチャガチャ整備スタッフ「27卒」正社員／駅チカ・20代活躍中・社会保険完備・未経験歓迎新着,株式会社Le Lien,滋賀県,"月給25万4,900円",正社員,清掃,求人ボックス,https://xn--pckua2a7gp15o89zb.com/jbn/6978564b91a0af2c8a9b8c1c2564d740,True,6時間前,2026-06-20 01:33:05,滋賀県
トレーディングカード品質検査スタッフ「27卒」寮・社宅あり／残業少なめ／交通費全額支給・未経験歓迎新着,株式会社enrich technology,滋賀県,"月給25万4,900円",正社員,清掃,求人ボックス,https://xn--pckua2a7gp15o89zb.com/jbn/46c7b1011ed7f8642cfc981b035e0eb9,True,5時間前,2026-06-20 01:33:05,滋賀県
ペットショップスタッフ／犬の家 桑名店／従業員持株会制度／ブランクOK／週休2日制新着,近江八幡店,滋賀県,月給19万円～,正社員,清掃,求人ボックス,https://xn--pckua2a7gp15o89zb.com/jbn/a0b97c8ac4fe0d2a1c8f1fca51fccdb4,True,17時間前,2026-06-20 01:33:05,滋賀県
パチンコ店ホールスタッフ新着,株式会社ミレ・コーポレーション,滋賀県,"時給1,300円",派遣社員,清掃,求人ボックス,https://xn--pckua2a7gp15o89zb.com/jb/5d22e3acd444ed855943414813c777ea,True,15時間前,2026-06-20 01:33:05,滋賀県
ホビー・模型部品加工スタッフ「27卒」未経験歓迎「正社員／昇給年1回以上／研修充実」20代活躍中新着,株式会社キソシン,滋賀県,"月給25万9,800円",正社員,清掃,求人ボックス,https://xn--pckua2a7gp15o89zb.com/jbn/9876b1f9fab521673f36dded0c7ae77a,True,6時間前,2026-06-20 01:33:05,滋賀県
漫画・書籍の製本スタッフ「27卒」年間休日125日／日勤のみ／寮完備・未経験歓迎・大津市梅林1丁目新着,株式会社Creer,滋賀県,"月給25万7,200円",正社員,清掃,求人ボックス,https://xn--pckua2a7gp15o89zb.com/jbn/408ddebc914cc405a09680b4adc344cf,True,6時間前,2026-06-20 01:33:05,滋賀県
レストラン・専門料理店新着,株式会社トリドールホールディングス,滋賀県,月給23万円～30万円,正社員,清掃,求人ボックス,https://xn--pckua2a7gp15o89zb.com/jbn/275a225ae9b5f3988b29bef9e2649210,True,13時間前,2026-06-20 01:33:09,滋賀県
「27卒」トレーディングカード品質検査スタッフ「正社員」週休2日制・退職金制度あり／寮完備新着,株式会社プロジェクトトリガー,滋賀県,"月給25万9,800円",正社員,清掃,求人ボックス,https://xn--pckua2a7gp15o89zb.com/jbn/b623fac35e4084eb7621f40480757069,True,7時間前,2026-06-20 01:33:09,滋賀県
レストラン・専門料理店新着,株式会社フクナガ,滋賀県,"月給23万5,000円",正社員,清掃,求人ボックス,https://xn--pckua2a7gp15o89zb.com/jbn/1ac2d9845e07c1123d094f6dc2e96eab,True,12時間前,2026-06-20 01:33:09,滋賀県
レストラン・専門料理店新着,株式会社ひょうたんや,滋賀県,月給22万円～32万円,正社員,清掃,求人ボックス,https://xn--pckua2a7gp15o89zb.com/jbn/48166d2eb33533e142ddc30de44dd639,True,9時間前,2026-06-20 01:33:09,滋賀県
レストラン・専門料理店新着,株式会社グランビスタ ホテル&リゾート,滋賀県,"月給21万5,000円",正社員,清掃,求人ボックス,https://xn--pckua2a7gp15o89zb.com/jbn/1993b11961fea1169df1278cdf747716,True,10時間前,2026-06-20 01:33:11,滋賀県
寮完備×安定収入!／製造・軽作業／20～50代活躍中／経験者歓迎新着,日本マニュファクチャリングサービス株式会社,滋賀県,"月給26万4,000円",正社員,清掃,求人ボックス,https://xn--pckua2a7gp15o89zb.com/jbn/a5bbc732a5d27c1f304dcbcc030c5f4d,True,8時間前,2026-06-20 01:33:11,滋賀県
店舗スタッフ新着,バーガーキング 彦根パリヤ店,滋賀県,"時給1,100円～",アルバイト・パート,清掃,求人ボックス,https://xn--pckua2a7gp15o89zb.com/jb/36db7f8dd95c85cd28b607e645013b2c,True,5時間前,2026-06-20 01:33:11,滋賀県
クリーンルームで小さな電子部品の製造／経験不問／土日祝休み／交通費支給／20代～40代活躍中新着,株式会社ティーエム・テックス,滋賀県,"時給1,400円～1,750円",派遣社員,清掃,求人ボックス,https://xn--pckua2a7gp15o89zb.com/jbn/de24138a5b764006ec2acb267a3a8980,True,20時間前,2026-06-20 01:33:11,滋賀県
レストラン・専門料理店新着,株式会社PLUS Le,滋賀県,月給20万円～23万円,正社員,清掃,求人ボックス,https://xn--pckua2a7gp15o89zb.com/jbn/c396d67098629e98cb3ae5134e4615ad,True,13時間前,2026-06-20 01:33:11,滋賀県
未経験歓迎!普通免許があればOK!自販機補充のルートセールス／滋賀第一新着,サントリービバレッジソリューション株式会社,滋賀県,"月給26万6,783円",正社員,清掃,求人ボックス,https://xn--pckua2a7gp15o89zb.com/jbn/64347ec3f613e45c7770c942fc86e599,True,17時間前,2026-06-20 01:33:11,滋賀県
軽くてやわらかい素材をサッと箱に入れるだけ!シンプル梱包で安心スタート／クッション素材の梱包新着,三陽工業株式会社,滋賀県,月給19万円～39万円,正社員,清掃,求人ボックス,https://xn--pckua2a7gp15o89zb.com/jbn/98e6f10681b7ebac250e690e1ef0ff30,True,10時間前,2026-06-20 01:33:15,滋賀県
「ひとつずつ覚えればOKの簡単作業」／軽作業スタッフ／研修充実／即勤務可／モクモク作業新着,...ドリンク商品の補充・入れ替え  売上金の回収・つり銭チェック  商品ラインナップの確認や在庫管理  自販機まわりの簡単な,滋賀県,月給30万円～35万円,正社員,清掃,求人ボックス,https://xn--pckua2a7gp15o89zb.com/jbn/25fb8eb889834979ea800d7858dd183f,True,10時間前,2026-06-20 01:33:15,滋賀県
うどん店のキッチンスタッフ新着,株式会社熊五郎,滋賀県,月給33万円～45万円,正社員,清掃,求人ボックス,https://xn--pckua2a7gp15o89zb.com/jb/1f2b102ee85e8c0f8c402bb7b0370ffe,True,15時間前,2026-06-20 01:33:15,滋賀県
工場内での製造／未経験OK／月収30万以上／20~30代活躍中新着,スタッフ,滋賀県,"月給34万5,000円",正社員,清掃,求人ボックス,https://xn--pckua2a7gp15o89zb.com/jbn/e718967012ae12a226132037796a25fa,True,8時間前,2026-06-20 01:33:15,滋賀県
「安定環境で長く働ける!」／検査スタッフ／資格不要／モクモク作業／未経験歓迎／20〜30代活躍中新着,スタッフ,滋賀県,月給28万円～33万円,正社員,清掃,求人ボックス,https://xn--pckua2a7gp15o89zb.com/jbn/6ee05938236884fb10257eb7bb35bd45,True,9時間前,2026-06-20 01:33:15,滋賀県
美顔器スタンド部品をセットして確認!コツコツ進める製造ワーク／20～30代活躍中新着,スタッフ,滋賀県,月給30万円～35万円,正社員,清掃,求人ボックス,https://xn--pckua2a7gp15o89zb.com/jbn/85900db9f482fe9ca3b8049bd7f1e97c,True,7時間前,2026-06-20 01:33:18,滋賀県
未経験から歓迎／面接時の履歴書不要／食品製造ライン／寮完備の人気求人／日払い対応新着,スタッフ,滋賀県,月給30万円～39万,正社員,清掃,求人ボックス,https://xn--pckua2a7gp15o89zb.com/jbn/21e5050f8ab5a2d00f469ffe0efaa050,True,4時間前,2026-06-20 01:33:18,滋賀県
チェキ用フィルムケースを確認して梱包!人気アイテムの軽作業／20～30代活躍中新着,スタッフ,滋賀県,月給30万円～35万円,正社員,清掃,求人ボックス,https://xn--pckua2a7gp15o89zb.com/jbn/120aa01182df824f4fbc89bb3a4d52d3,True,7時間前,2026-06-20 01:33:18,滋賀県
日払い対応／食品製造ライン／未経験から歓迎／寮完備の人気求人／面接時の履歴書不要新着,スタッフ,滋賀県,月給30万円～39万,正社員,清掃,求人ボックス,https://xn--pckua2a7gp15o89zb.com/jbn/36eaa27f9f43d4aeda566e91f07cbd02,True,4時間前,2026-06-20 01:33:18,滋賀県
「ひとり時間多めで気楽に働ける」／自動販売機の商品補充のルート配送／普通免許OK／モクモク配送新着,...ドリンク商品の補充・入れ替え  売上金の回収・つり銭チェック  商品ラインナップの確認や在庫管理  自販機まわりの簡単な,滋賀県,月給30万円～35万円,正社員,清掃,求人ボックス,https://xn--pckua2a7gp15o89zb.com/jbn/04962bdd843fa14eb1a3caefd57756ac,True,9時間前,2026-06-20 01:33:21,滋賀県
食品製造のライン作業／未経験者歓迎／人気の寮完備求人／履歴書なしでOK／日払い制度あり新着,スタッフ,滋賀県,月給30万円～39万,正社員,清掃,求人ボックス,https://xn--pckua2a7gp15o89zb.com/jbn/329b225f99129aa730a14df0281f5adb,True,4時間前,2026-06-20 01:33:21,滋賀県
日払い対応／未経験から歓迎／食品製造ライン／寮完備の人気求人／面接時の履歴書不要新着,スタッフ,滋賀県,月給30万円～39万,正社員,清掃,求人ボックス,https://xn--pckua2a7gp15o89zb.com/jbn/c7b208a36cab94ec1e1dc4876120e6e7,True,4時間前,2026-06-20 01:33:21,滋賀県
コンビニスタッフ新着,セブン-イレブン 湖南岩根店,滋賀県,"時給1,080円",アルバイト・パート,清掃,求人ボックス,https://xn--pckua2a7gp15o89zb.com/jb/dcc380ea54398304d8fab76d0ae21748,True,10時間前,2026-06-20 01:33:21,滋賀県
コンビニスタッフ新着,セブン-イレブン 大津石山駅前店,滋賀県,"時給1,080円",アルバイト・パート,清掃,求人ボックス,https://xn--pckua2a7gp15o89zb.com/jb/a8b8117092a6c14712af5583943853df,True,10時間前,2026-06-20 01:33:21,滋賀県
土日祝休み車通勤OK!週3日 主婦パートさん活躍中 未経験ブランク歓迎 残業ほぼなし新着,ワタキューセイモア株式会社,滋賀県,"時給1,100円～",アルバイト・パート,清掃,求人ボックス,https://xn--pckua2a7gp15o89zb.com/jb/32875b2734d759c3f64ddd63b30df70f,True,12時間前,2026-06-20 01:33:21,滋賀県
建築・土木・警備・清掃／工場のメンテナンス清掃新着,清掃,滋賀県,"時給1,300円",,清掃,求人ボックス,https://xn--pckua2a7gp15o89zb.com/jb/587ce875e709385720a655c085111c8c,True,9時間前,2026-06-20 01:33:24,滋賀県
機械オペレーター 機械オペレーション ／食洗器組立と検査新着,日常,滋賀県,"時給1,400円～1,600円",,清掃,求人ボックス,https://xn--pckua2a7gp15o89zb.com/jb/4a6875790aeb56e644772681e8151fb5,True,19時間前,2026-06-20 01:33:24,滋賀県
機械オペレーター 機械オペレーション ／冷蔵庫の組立作業新着,日常,滋賀県,"時給1,200円",,清掃,求人ボックス,https://xn--pckua2a7gp15o89zb.com/jb/304e60ae88aefac5dc5aebf3f3eb99b5,True,12時間前,2026-06-20 01:33:26,滋賀県
軽作業／アルミ缶の製造オペレーター・製造設備メンテナンス／有給取得しやすい／週払いOK新着,日研トータルソーシング株式会社,滋賀県,"時給1,450円～",派遣社員,清掃,求人ボックス,https://xn--pckua2a7gp15o89zb.com/jbn/0adfce7857bae65812a3ee4d9d51c23e,True,21時間前,2026-06-20 01:33:26,滋賀県
「店長・マネージャーを目指せる職場」／店長候補／深夜勤務なし／長期キャリア形成／20~30代活躍中新着,ホール業務 接客対応 オーダー受付 レジ対応 キッチン業務 調理業務 盛り付け ドリンク作成 仕込み作業 食材管理,滋賀県,月給30万円～33万円,正社員,清掃,求人ボックス,https://xn--pckua2a7gp15o89zb.com/jbn/bd799397fb6083a4d3f553817699df87,True,9時間前,2026-06-20 01:33:26,滋賀県
軽作業・物流系 タイパ重視の働き方 20代30代活躍 簡単軽作業·梱包新着,株式会社Brave,滋賀県,月給28万円～,正社員,清掃,求人ボックス,https://xn--pckua2a7gp15o89zb.com/jb/dc0d3e53ccc3bf70a37518784f13f689,True,14時間前,2026-06-20 01:33:26,滋賀県
自動車ヘッドライトの部品製造・検品作業スタッフ／未経験OK!かんたん軽作業 キレイな工場で快適勤務新着,IBS即戦力人財株式会社,滋賀県,"時給1,400円",アルバイト・パート,清掃,求人ボックス,https://xn--pckua2a7gp15o89zb.com/jb/2c606e393dcf4ef9f9d7937b43283857,True,17時間前,2026-06-20 01:33:26,滋賀県
児童クラブの支援員新着,株式会社明日葉 彦根市城西小学校放課後児童クラブ,滋賀県,"時給1,250円",アルバイト・パート,清掃,求人ボックス,https://xn--pckua2a7gp15o89zb.com/jb/dd3c9e66e7d967766ed0eb1dfda5a4bb,True,1時間前,2026-06-20 01:33:26,滋賀県
ホール 近江牛焼肉店スタッフ／草津駅スグ／シフト融通OK／美味無料賄い新着,モンテステリース有限会社,滋賀県,"時給1,100円～1,375円",アルバイト・パート,清掃,求人ボックス,https://xn--pckua2a7gp15o89zb.com/jb/d38fe9aa2f13b6bf6fbd7797df61f0e9,True,2時間前,2026-06-20 01:33:26,滋賀県
保育補助新着,社会福祉法人近江はちまん社会福祉事業協会,滋賀県,"時給1,350円～1,400円",派遣社員,派遣,求人ボックス,https://xn--pckua2a7gp15o89zb.com/jb/a20c55f41c6ac4cbdd7f8ec6be592b98,True,19時間前,2026-06-20 01:33:04,滋賀県
介護職／ヘルパー／おごと温泉／サービス付き高齢者向け住宅新着,セントスタッフ株式会社,滋賀県,"時給1,200円～1,400円",派遣社員,派遣,求人ボックス,https://xn--pckua2a7gp15o89zb.com/jbn/515d4c3dc8d88e144bdee83652f00bf1,True,11時間前,2026-06-20 01:33:04,滋賀県
製造スタッフ 激レア求人 経験不問 機械組立 6／19迄の応募で時給1500円新着,株式会社メイテックキャスト,滋賀県,時給1500円,派遣社員,派遣,求人ボックス,https://xn--pckua2a7gp15o89zb.com/jb/98e0dfa0278d00daab66ad18f504adc5,True,14時間前,2026-06-20 01:33:04,滋賀県
WEB更新やメルマガ作成・チラシやPOPなどのデザイン業務／時短勤務可能・残業なし新着,株式会社フェローズ,滋賀県,"時給1,300円～1,450円",派遣社員,派遣,求人ボックス,https://xn--pckua2a7gp15o89zb.com/jb/46ed54b753547503831eaa3e5d2d9439,True,12時間前,2026-06-20 01:33:04,滋賀県
7月~ 直接雇用の実績あり NO残業 かんたん入力メイン事務新着,スタッフ,滋賀県,"時給1,200円",派遣社員,派遣,求人ボックス,https://xn--pckua2a7gp15o89zb.com/jb/619759e0e1c4cb0162053529a84e1341,True,9時間前,2026-06-20 01:33:04,滋賀県
サンプル作成やデータ入力／コツコツ作業新着,株式会社マイナビワークス,滋賀県,"時給1,400円",派遣社員,派遣,求人ボックス,https://xn--pckua2a7gp15o89zb.com/jb/1e8ed89ce3657c454a32d48474113d63,True,4時間前,2026-06-20 01:33:04,滋賀県
保育補助新着,社会福祉法人草津保育園,滋賀県,"時給1,400円",派遣社員,派遣,求人ボックス,https://xn--pckua2a7gp15o89zb.com/jb/732017f5e20c7de4b1b056bf48070a2c,True,19時間前,2026-06-20 01:33:05,滋賀県
安定収入×福利厚生充実!／製造・軽作業／20～40代活躍中／未経験歓迎新着,日本マニュファクチャリングサービス株式会社,滋賀県,"月給26万9,000円",正社員,派遣,求人ボックス,https://xn--pckua2a7gp15o89zb.com/jbn/3bbb3b5525b982c33237a17de29ca103,True,8時間前,2026-06-20 01:33:05,滋賀県
扶養枠で働く!未経験歓迎 病院での事務補助新着,アデコ株式会社,滋賀県,"時給1,250円～",派遣社員,派遣,求人ボックス,https://xn--pckua2a7gp15o89zb.com/jb/4c1c9f9250a4c49dc84eba0822784df2,True,20時間前,2026-06-20 01:33:05,滋賀県
建材製造工場での塗装機械オペレーター新着,株式会社ウィルオブ・ワーク FO滋賀,滋賀県,"時給1,300円",派遣社員,派遣,求人ボックス,https://xn--pckua2a7gp15o89zb.com/jb/e1d647b1561f5d94292a92c092a52e7e,True,14時間前,2026-06-20 01:33:05,滋賀県
フォークリフトピッキング 日勤のみ 土日祝休み新着,株式会社ナガハ,滋賀県,"時給1,500円",正社員,派遣,求人ボックス,https://xn--pckua2a7gp15o89zb.com/jb/a4de417f2761154698437cf3ca8d7a50,True,15時間前,2026-06-20 01:33:05,滋賀県
検品・検査新着,株式会社D・Cコーポレーション,滋賀県,月給30万円～33万,派遣社員,派遣,求人ボックス,https://xn--pckua2a7gp15o89zb.com/jb/5951df5547a426fddec9e67968bc4535,True,15時間前,2026-06-20 01:33:08,滋賀県
「入寮可」飲料水の梱包新着,セブンエージェント株式会社,滋賀県,"時給1,350円～",派遣社員,派遣,求人ボックス,https://xn--pckua2a7gp15o89zb.com/jb/de99f1fa8691d580d6b55bc77d7abaef,True,17時間前,2026-06-20 01:33:08,滋賀県
一般事務新着,株式会社リクルートスタッフィング,滋賀県,"時給1,300円～",派遣社員,派遣,求人ボックス,https://xn--pckua2a7gp15o89zb.com/jb/94d9e3ca34dfa3cfa9d89a02c3b4f01b,True,16時間前,2026-06-20 01:33:08,滋賀県
「急募!寮完備!未経験OKのカンタン作業」工場内での軽作業スタッフ新着,株式会社アルミラ,滋賀県,"時給1,380円～",アルバイト・パート,派遣,求人ボックス,https://xn--pckua2a7gp15o89zb.com/jb/f99c7ca799195466575f2e0c1c717a0e,True,13時間前,2026-06-20 01:33:08,滋賀県
一般事務・OA事務 ／ 営業事務 ／マイカー通勤OK あんしん長期〇残業なし新着,パーソルテンプスタッフ株式会社,滋賀県,"時給1,500円",派遣社員,派遣,求人ボックス,https://xn--pckua2a7gp15o89zb.com/jb/1088306a4dc6330769b55096f68622a9,True,13時間前,2026-06-20 01:33:08,滋賀県
「まだ間に合う!」／未経験からできる製造職「カプセルトイなど」／研修充実新着,株式会社alBee,滋賀県,月給32万円～40万円,正社員,派遣,求人ボックス,https://xn--pckua2a7gp15o89zb.com/jbn/eb919c8281d855d2136262c38c7c574c,True,3時間前,2026-06-20 01:33:08,滋賀県
リフトによる運搬や倉庫内作業／60代スタッフも活躍中の運搬作業新着,株式会社エイペックス,滋賀県,"時給1,400円～1,750円",派遣社員,派遣,求人ボックス,https://xn--pckua2a7gp15o89zb.com/jb/65a07949623a1be3efd652fed2e89ac3,True,15時間前,2026-06-20 01:33:08,滋賀県
大手企業内で働けます!しかも軽作業!シールを貼ったり仕分けしたりする軽作業新着,株式会社ジョブクルー,滋賀県,"時給1,300円～",派遣社員,派遣,求人ボックス,https://xn--pckua2a7gp15o89zb.com/jb/9ce6625129e2e0c64fb0eac55f56e1f2,True,12時間前,2026-06-20 01:33:08,滋賀県
プレス工程の管理者新着,株式会社ホットスタッフ滋賀,滋賀県,"時給1,300円",正社員,派遣,求人ボックス,https://xn--pckua2a7gp15o89zb.com/jb/8dfff37670b74e428a1f26428ec5fe5d,True,7時間前,2026-06-20 01:33:11,滋賀県
ワコールグループでピッキングなどの軽作業／大量募集新着,株式会社ワコールキャリアサービス,滋賀県,"時給1,250円",派遣社員,派遣,求人ボックス,https://xn--pckua2a7gp15o89zb.com/jb/fe4ed1b1b30b83298f9746997c028f51,True,4時間前,2026-06-20 01:33:11,滋賀県
出張査定ありの車両買取販売スタッフ／20代活躍中／未経験・第二新卒／賞与あり新着,未経験OK,滋賀県,月給25万円～35万円,正社員,派遣,求人ボックス,https://xn--pckua2a7gp15o89zb.com/jbn/c3902e46ed7307e358b69da3ff850ba4,True,3時間前,2026-06-20 01:33:11,滋賀県
空調完備の工場／座りながら組立・ドライバー使用新着,株式会社G&G,滋賀県,"時給1,200円",派遣社員,派遣,求人ボックス,https://xn--pckua2a7gp15o89zb.com/jb/ebd67bd2379d4b38d7baa7ba6382acb8,True,13時間前,2026-06-20 01:33:11,滋賀県
「今からでもOK!新しい環境でリスタート」モノづくりエンジニア／寮・社宅・家賃補助あり新着,で収入も不安定...,滋賀県,月給27万円～45万円,正社員,派遣,求人ボックス,https://xn--pckua2a7gp15o89zb.com/jbn/7a87843f1afa787f549f6e70a84661ac,True,3時間前,2026-06-20 01:33:11,滋賀県
「今からでもOK!新しい環境でリスタート」20代30代の未経験から活躍／製造組み立て／寮・社宅新着,で収入も不安定...,滋賀県,月給27万円～45万円,正社員,派遣,求人ボックス,https://xn--pckua2a7gp15o89zb.com/jbn/16258534c75a69f1d0506fa7a18e1ab7,True,3時間前,2026-06-20 01:33:11,滋賀県
生産管理システムの導入・運用担当／20代活躍中／未経験・第二新卒／賞与あり／湖南市石部口新着,未経験OK,滋賀県,月給20万円～32万円,正社員,派遣,求人ボックス,https://xn--pckua2a7gp15o89zb.com/jbn/419a971f72ced23c53ae5fe3e2d6766d,True,5時間前,2026-06-20 01:33:11,滋賀県
直接雇用の可能性あり 高時給1700円 鋳造に係る作業新着,株式会社テクノサービス,滋賀県,時給1700円,派遣社員,派遣,求人ボックス,https://xn--pckua2a7gp15o89zb.com/jb/334e21d4608e3aa8a77d2c85db301542,True,18時間前,2026-06-20 01:33:13,滋賀県
電子部品の製造補助／月収35万以上 軽作業スタッフ 未経験歓迎!空調完備の快適工場 重量物なし新着,株式会社クリアビジョン,滋賀県,"時給1,500円",派遣社員,派遣,求人ボックス,https://xn--pckua2a7gp15o89zb.com/jb/0764ffd0b15cd3c49d890468153e89c2,True,10時間前,2026-06-20 01:33:13,滋賀県
仕分け・梱包・ピッキング／検査部署のリーダー候補新着,転職サービス Jobuddy,滋賀県,"日給1万1,152円",派遣社員,派遣,求人ボックス,https://xn--pckua2a7gp15o89zb.com/jb/a8b0bcaad55a68f1266fcc7cc0439106,True,11時間前,2026-06-20 01:33:13,滋賀県
高時給 樹脂微粒子の製造・分析新着,株式会社スタッフサービス,滋賀県,"時給1,450円～",派遣社員,派遣,求人ボックス,https://xn--pckua2a7gp15o89zb.com/jb/b7e9cac899c2542533ce7d0de6bab9d3,True,6時間前,2026-06-20 01:33:13,滋賀県
仕分け・梱包・ピッキング／布製品の製造と検査新着,スタッフ,滋賀県,"時給1,400円",,派遣,求人ボックス,https://xn--pckua2a7gp15o89zb.com/jb/b0000ef7fdef26e0c7db5323fe8b728a,True,9時間前,2026-06-20 01:33:17,滋賀県
物流・配送・軽作業／倉庫でのリフト作業新着,<,滋賀県,"時給1,400円",,派遣,求人ボックス,https://xn--pckua2a7gp15o89zb.com/jb/8e18df35a6ce26e36ae379f77078b8cd,True,7時間前,2026-06-20 01:33:17,滋賀県
機械オペレーター 機械オペレーション ／半導体装置の組立作業新着,スタッフ,滋賀県,"時給1,400円",,派遣,求人ボックス,https://xn--pckua2a7gp15o89zb.com/jb/920c56d4ff0490a009e79133a30eb432,True,7時間前,2026-06-20 01:33:17,滋賀県
仕分け・梱包・ピッキング／シール検査の軽作業新着,スタッフ,滋賀県,"時給1,340円",,派遣,求人ボックス,https://xn--pckua2a7gp15o89zb.com/jb/47b81e537831b98e2eb0c8e0c0571b29,True,15時間前,2026-06-20 01:33:17,滋賀県
機械オペレーター 機械オペレーション ／排気測定装置の組立新着,スタッフ,滋賀県,"時給1,300円～1,500円",,派遣,求人ボックス,https://xn--pckua2a7gp15o89zb.com/jb/b86d8c888f9512a9aba06aa71cc26d40,True,15時間前,2026-06-20 01:33:17,滋賀県
物流・配送・軽作業／フォークリフト運搬作業新着,スタッフ,滋賀県,"時給1,500円",,派遣,求人ボックス,https://xn--pckua2a7gp15o89zb.com/jb/5d7c36eca7f1df64dea724087e1f4fe2,True,9時間前,2026-06-20 01:33:17,滋賀県
組立・加工／金属板の研磨作業新着,スタッフ,滋賀県,"時給1,450円",,派遣,求人ボックス,https://xn--pckua2a7gp15o89zb.com/jb/2ff04c16bf88ed37beabf329ef6afe91,True,7時間前,2026-06-20 01:33:17,滋賀県
仕分け・梱包・ピッキング／金属部品の目視検査新着,スタッフ,滋賀県,"時給1,400円",,派遣,求人ボックス,https://xn--pckua2a7gp15o89zb.com/jb/6bec67892c655dee8062ce14b80b131e,True,7時間前,2026-06-20 01:33:17,滋賀県
仕分け・梱包・ピッキング／シールの検査業務新着,スタッフ,滋賀県,"時給1,360円～1,700円",,派遣,求人ボックス,https://xn--pckua2a7gp15o89zb.com/jb/a11d5121ba090d266b8f5b5b8adbf74d,True,7時間前,2026-06-20 01:33:21,滋賀県
かんたん製造スタッフ／日払いも週払いもOK／住み込み歓迎新着,株式会社RING,滋賀県,"月給28万1,000円",派遣社員,派遣,求人ボックス,https://xn--pckua2a7gp15o89zb.com/jbn/fc3f29df46a7ebf0ba65e84b8631863a,True,5時間前,2026-06-20 01:33:21,滋賀県
仕分け・梱包・ピッキング／製品の袋詰め梱包新着,工場勤務が初めての方でも大丈夫!幅広い年代の男女,滋賀県,"時給1,400円～1,600円",,派遣,求人ボックス,https://xn--pckua2a7gp15o89zb.com/jb/592f2b11b6a0ce9227d3bc2af2cf6ded,True,12時間前,2026-06-20 01:33:21,滋賀県
サポート事務・年間休日125日以上・あたたかい雰囲気の職場・大津市梅林1丁目新着,ベンタス株式会社,滋賀県,"月給25万1,900円",正社員,派遣,求人ボックス,https://xn--pckua2a7gp15o89zb.com/jbn/02c852e988fee90feb14f71d80104acc,True,9時間前,2026-06-20 01:33:21,滋賀県
受付事務・育休あり・第二新卒歓迎新着,JHRconsulting株式会社,滋賀県,"月給25万2,300円",正社員,派遣,求人ボックス,https://xn--pckua2a7gp15o89zb.com/jbn/5f8fa900b6b5c201edb56cc41929bb93,True,9時間前,2026-06-20 01:33:21,滋賀県
機械オペレーター 機械オペレーション ／糸の巻き取り作業新着,スタッフ,滋賀県,"時給1,600円",,派遣,求人ボックス,https://xn--pckua2a7gp15o89zb.com/jb/787e3124f590dbae03958945b232db74,True,15時間前,2026-06-20 01:33:21,滋賀県
小さなバネを順番に並べるだけ!覚えやすいルーティン作業／小型バネの梱包／20~30代活躍中新着,三陽工業株式会社,滋賀県,"月給19万5,000円",正社員,派遣,求人ボックス,https://xn--pckua2a7gp15o89zb.com/jbn/e0efd04d9a8e5a09180c28139979fa56,True,10時間前,2026-06-20 01:33:23,滋賀県
金属製品の洗浄や検査 かんたん作業／20代～40代活躍中／経験不問／土日休み／キャリアアップ教育新着,株式会社ティーエム・テックス,滋賀県,"時給1,200円～1,500円",派遣社員,派遣,求人ボックス,https://xn--pckua2a7gp15o89zb.com/jbn/a53a10b0776bad5d4a20265185ea35bd,True,19時間前,2026-06-20 01:33:23,滋賀県
人材コーディネーター／研修あり／フリーターOK／フルフレックス／フルリモート／歩合制新着,合同会社未来共創,滋賀県,年収150万円～600万円,,派遣,求人ボックス,https://xn--pckua2a7gp15o89zb.com/jbn/39f5e11b2ee4cacdfd5bc8f7b080bf53,True,8時間前,2026-06-20 01:33:23,滋賀県
データ入力事務・第二新卒歓迎・20代活躍中・草津市西渋川1丁目新着,株式会社Meta Sales,滋賀県,"月給26万1,100円",正社員,派遣,求人ボックス,https://xn--pckua2a7gp15o89zb.com/jbn/013f6c8279250ccfde349f820343b568,True,8時間前,2026-06-20 01:33:23,滋賀県
製造業／アルミニウム製品の材料投入・製造オペレーター／有給取得しやすい／週払いOK新着,日研トータルソーシング株式会社,滋賀県,"時給1,500円～",派遣社員,派遣,求人ボックス,https://xn--pckua2a7gp15o89zb.com/jbn/a4a50d9811a63f41fe0f4cef90878f9d,True,22時間前,2026-06-20 01:33:26,滋賀県
日勤／フォークリフトでの運搬作業スタッフ新着,株式会社リノスタッフ,滋賀県,"時給1,400円～1,750円",派遣社員,派遣,求人ボックス,https://xn--pckua2a7gp15o89zb.com/jb/17c3f0812de62d31e8edaca7182b7ab4,True,4時間前,2026-06-20 01:33:26,滋賀県
機械の組み立て作業新着,戦力エージェント株式会社,滋賀県,"時給1,610円",派遣社員,派遣,求人ボックス,https://xn--pckua2a7gp15o89zb.com/jb/07c8a7424a025472e7da0b4c94d2934b,True,6時間前,2026-06-20 01:33:26,滋賀県
「タイピングが好きな方歓迎」／データ入力・タイピングスタッフ／服装自由相談OK／土日祝休み新着,「電話少なめで集中できる環境がちょうどいい」女性,滋賀県,"月給26万2,000円",正社員,派遣,求人ボックス,https://xn--pckua2a7gp15o89zb.com/jbn/faa7dba5655c8ab5c1f460aaf4244479,True,6時間前,2026-06-20 01:33:26,滋賀県
寮付き求人を探している方へ!／修正テープケースの製品チェックスタッフ／若手活躍中新着,スタッフ,滋賀県,"月給42万4,000円",正社員,派遣,求人ボックス,https://xn--pckua2a7gp15o89zb.com/jbn/b0135827af4f948467feb2e16403a435,True,8時間前,2026-06-20 01:33:26,滋賀県
スキルより丁寧さ重視!／小型プリンター部品の製造スタッフ／20代活躍中／残業少なめ／組立検査あり新着,スタッフ,滋賀県,"月給38万9,000円",正社員,派遣,求人ボックス,https://xn--pckua2a7gp15o89zb.com/jbn/ec1c0efaf911ba1021165eb6d62ca9e7,True,8時間前,2026-06-20 01:33:26,滋賀県
仕分け・シール貼り／梱包／軽作業・物流系 未経験歓迎 人気カー用品の仕分け·梱包スタッフ新着,Hitotech株式会社,滋賀県,月給27万円～37万,正社員,派遣,求人ボックス,https://xn--pckua2a7gp15o89zb.com/jb/c9b1dcb89207501295c718fc7df0e454,True,14時間前,2026-06-20 01:33:29,滋賀県
家具家電付の1R寮完備してます 即入寮可能 紙製のストローやコップの仕分け ピッキング 梱包新着,株式会社FAT FORWARD,滋賀県,"時給1,370円～",アルバイト・パート,派遣,求人ボックス,https://xn--pckua2a7gp15o89zb.com/jb/a89c48421800ba99d6d6bf325836d275,True,5時間前,2026-06-20 01:33:29,滋賀県
「多賀町」日勤のみ・土日祝休みの工場ワーク!9時半-17時の時短勤務も相談OK!新着,古河電工グループ 古河電工B&L,滋賀県,"時給1,250円～1,625円",派遣社員,派遣,求人ボックス,https://xn--pckua2a7gp15o89zb.com/jb/05d6d82696edf23335a241daae7c41d9,True,20時間前,2026-06-20 01:33:29,滋賀県
歯科衛生士／患者さんを自分の家族だと思って診療しております新着,医療法人村上歯科クリニック,福岡県,"時給1,700円～2,000円",アルバイト・パート,歯科,求人ボックス,https://xn--pckua2a7gp15o89zb.com/jb/e972e916e70d4ebcc7b413365c0e5e16,True,23時間前,2026-06-20 01:33:29,福岡県
社会保険完備の職場で歯科衛生士新着,きらきら歯科 福岡訪問診療所,福岡県,"時給1,800円～",アルバイト・パート,歯科,求人ボックス,https://xn--pckua2a7gp15o89zb.com/jb/a8928c5e5b7fb2d018c4734069465234,True,3時間前,2026-06-20 01:33:29,福岡県
社会保険完備の職場で歯科衛生士新着,医療法人ひなた会 はらまち歯科クリニック,福岡県,月給27万円～37万円,正社員,歯科,求人ボックス,https://xn--pckua2a7gp15o89zb.com/jb/3464e83864c8643995976b6a72ac37ab,True,4時間前,2026-06-20 01:33:29,福岡県
歯科衛生士／週休2.5日制 未経験／ブランク可 昇給／賞与あり新着,医療法人錦秋会,福岡県,月給26万円～,正社員,歯科,求人ボックス,https://xn--pckua2a7gp15o89zb.com/jb/604964cd6336715cf76d0d931ff2deb4,True,23時間前,2026-06-20 01:33:29,福岡県
歯科衛生士／スタッフ間の仲が良く明るく楽しい職場新着,むらかわ歯科クリニック&LIFE SHIFT矯正...,福岡県,月給28万円～36万円,正社員,歯科,求人ボックス,https://xn--pckua2a7gp15o89zb.com/jb/d4237b2814c39d124a932c88b28166b0,True,23時間前,2026-06-20 01:33:29,福岡県
"歯科衛生士／月給 285,000円～365,000円と高水準!新着",きたしろ歯科クリニック,福岡県,"月給28万5,000円",正社員,歯科,求人ボックス,https://xn--pckua2a7gp15o89zb.com/jb/b333aa3947ed58c6c9829a9ac66636fc,True,23時間前,2026-06-20 01:33:29,福岡県
歯科衛生士／友枝歯科・矯正歯科クリニック福岡天神新着,医療法人LOVE&SMILE,福岡県,月給27万500円,正社員,歯科,求人ボックス,https://xn--pckua2a7gp15o89zb.com/jb/953a0b8ac23b91497edf65633062560c,True,4時間前,2026-06-20 01:33:29,福岡県
1～3年目歓迎!教育担当ペア制&半年伴走教育で安心成長。衛生士24名在籍、有給ほぼ100%消化新着,医療法人星樹会,福岡県,"月給24万1,000円",正社員,歯科,求人ボックス,https://xn--pckua2a7gp15o89zb.com/jb/102e3b1ccfd8f9fa1cf2470f11a3dd82,True,14時間前,2026-06-20 01:33:29,福岡県
未経験OK 週5 受付や歯科助手週5日新着,株式会社ミライル,福岡県,"時給1,280円～",派遣社員,歯科,求人ボックス,https://xn--pckua2a7gp15o89zb.com/jb/af380fe05e889b3e87c98ab2a3dd2836,True,20時間前,2026-06-20 01:33:30,福岡県
「残業ほぼなし」その他スタッフ／資格必須／正職員／日勤のみ／介護老人保健施設／社会保障完備新着,介護老人保健施設 あけぼの荘,福岡県,"月給18万4,000円",正社員,歯科,求人ボックス,https://xn--pckua2a7gp15o89zb.com/jb/d0d1cf13411770122bebe24fc14b960a,True,23時間前,2026-06-20 01:33:30,福岡県
医療人材サービスの労務管理担当／20代活躍中／未経験・第二新卒／土日祝休み／賞与あり新着,歯科,福岡県,月給25万円～40万円,正社員,歯科,求人ボックス,https://xn--pckua2a7gp15o89zb.com/jbn/2fad8ed3c9045824c8d56f4ff979fba4,True,4時間前,2026-06-20 01:33:30,福岡県
歯科衛生士!育児時短勤務OK 福利厚生充実!駅チカ徒歩8分 経験者優遇新着,友枝歯科・矯正歯科クリニック平尾,福岡県,月給27万500円,正社員,歯科,求人ボックス,https://xn--pckua2a7gp15o89zb.com/jb/ceb9dcbd7246cbae1bab9c9c39561e36,True,13時間前,2026-06-20 01:33:30,福岡県
飲食店の洗い場スタッフ新着,株式会社ユース.GF,滋賀県,"時給1,200円～1,500円",派遣社員,飲食,求人ボックス,https://xn--pckua2a7gp15o89zb.com/jb/19408489ea96199f5c7ae7e387785691,True,23時間前,2026-06-20 01:33:27,滋賀県
レストラン・専門料理店新着,株式会社Nexthero,滋賀県,月給28万円～40万円,正社員,飲食,求人ボックス,https://xn--pckua2a7gp15o89zb.com/jbn/52b071e9fce1ce267d8518b2680de289,True,10時間前,2026-06-20 01:33:27,滋賀県
"専門料理店,・専門料理店新着",株式会社松屋フーズホールディングス,滋賀県,"月給21万1,000円",正社員,飲食,求人ボックス,https://xn--pckua2a7gp15o89zb.com/jbn/4c3361db98f932c8668598fa9b1264e1,True,10時間前,2026-06-20 01:33:27,滋賀県
レストラン・専門料理店新着,株式会社かふか,滋賀県,"月給19万7,000円",正社員,飲食,求人ボックス,https://xn--pckua2a7gp15o89zb.com/jbn/18c25a7686882dba576d221a83f3213f,True,13時間前,2026-06-20 01:33:27,滋賀県
"レストラン・専門料理店,レストラン・専門料理店新着",株式会社すかいらーくホールディングス,滋賀県,"月給25万5,200円",正社員,飲食,求人ボックス,https://xn--pckua2a7gp15o89zb.com/jbn/a0fd31b6051b16da3a62bf60286a0ab3,True,9時間前,2026-06-20 01:33:27,滋賀県
レストラン・専門料理店新着,株式会社ブロンコビリー,滋賀県,"月給24万6,600円",正社員,飲食,求人ボックス,https://xn--pckua2a7gp15o89zb.com/jbn/db3644c0dca7ce7a474cf4c5a87fbfc5,True,10時間前,2026-06-20 01:33:28,滋賀県
レストラン・専門料理店新着,社会福祉法人びわこ学園,滋賀県,月給17万600円,正社員,飲食,求人ボックス,https://xn--pckua2a7gp15o89zb.com/jbn/df3cff239fb591c08c0bb21460b81463,True,10時間前,2026-06-20 01:33:28,滋賀県
レストラン・専門料理店新着,株式会社ZUND,滋賀県,"月給27万5,503円",正社員,飲食,求人ボックス,https://xn--pckua2a7gp15o89zb.com/jbn/f3e915f6a2bb7cf9f381648cd11bd9e0,True,10時間前,2026-06-20 01:33:28,滋賀県
株式会社 トリドールホールディングスの接客スタッフ／月給24.9万～30万／滋賀県大津市勤務新着,株式会社トリドールホールディングス,滋賀県大津市勤務,月給24,正社員,飲食,求人ボックス,https://xn--pckua2a7gp15o89zb.com/jbn/d602bbd62597accc452efbb47ef0b8a8,True,13時間前,2026-06-20 01:33:28,滋賀県
ラフィネグループのセラピスト／週3~勤務OK／未経験OK／看護介護業界からの転職者多数／ノルマなし新着,ラフィネ フォレオ大津一里山店,滋賀県,"時給2,232円～4,068円",,飲食,求人ボックス,https://xn--pckua2a7gp15o89zb.com/jbn/f38c38324c77c961574f38913020539c,True,19時間前,2026-06-20 01:33:32,滋賀県
ラフィネグループのセラピスト／週3~勤務OK／未経験OK／看護介護業界からの転職者多数／ノルマなし新着,ラフィネ アル・プラザ水口店,滋賀県,"時給2,232円～4,068円",,飲食,求人ボックス,https://xn--pckua2a7gp15o89zb.com/jbn/07d895e8c8f74b57001ea782fc9e4947,True,19時間前,2026-06-20 01:33:32,滋賀県
レストラン・専門料理店新着,株式会社トライアルホールディングス,滋賀県,月給30万円～44万,正社員,飲食,求人ボックス,https://xn--pckua2a7gp15o89zb.com/jbn/f0cc73ad72ac229823dd653772d0e9f4,True,8時間前,2026-06-20 01:33:32,滋賀県
レストラン・専門料理店新着,株式会社リトパコーポレーション,滋賀県,月給22万円～33万円,正社員,飲食,求人ボックス,https://xn--pckua2a7gp15o89zb.com/jbn/d3b811963f0b221d6fe11b61731a9813,True,7時間前,2026-06-20 01:33:32,滋賀県
レストラン・専門料理店新着,株式会社治元,滋賀県,月給24万円～31万,正社員,飲食,求人ボックス,https://xn--pckua2a7gp15o89zb.com/jbn/fe096c8463ebc44d0e818336bd21ccd6,True,12時間前,2026-06-20 01:33:32,滋賀県
レストラン・専門料理店新着,株式会社ヨシックスフーズ,滋賀県,"月給22万5,000円",正社員,飲食,求人ボックス,https://xn--pckua2a7gp15o89zb.com/jbn/2a1671c421dcd27662d1e1a8915fe7e5,True,10時間前,2026-06-20 01:33:35,滋賀県
レストラン・専門料理店新着,株式会社三ツ星レストランシステム,滋賀県,"月給22万5,358円",正社員,飲食,求人ボックス,https://xn--pckua2a7gp15o89zb.com/jbn/f2e83c4bafe4c437c6b549f171184ff6,True,7時間前,2026-06-20 01:33:35,滋賀県
レストラン・専門料理店新着,京阪ホテルズ&リゾーツ株式会社,滋賀県,"月給21万4,000円",契約社員,飲食,求人ボックス,https://xn--pckua2a7gp15o89zb.com/jbn/48ffbe7e19f9241aefd3c71f0329c937,True,13時間前,2026-06-20 01:33:35,滋賀県
レストラン・専門料理店新着,株式会社nadeshico,滋賀県,月給23万円～24万円,正社員,飲食,求人ボックス,https://xn--pckua2a7gp15o89zb.com/jbn/e7d113f8e2e3ff09dbab5dc6bd9163ca,True,13時間前,2026-06-20 01:33:35,滋賀県
データ入力事務・完全週休2日制・メリハリある働き方新着,株式会社Meta Sales,滋賀県,"月給26万8,600円",正社員,飲食,求人ボックス,https://xn--pckua2a7gp15o89zb.com/jbn/941ec4d509dbb91919f21fe5707b8915,True,8時間前,2026-06-20 01:33:35,滋賀県
未経験から稼げるWEBサービスエンジニア／昇給年2回・賞与年2回新着,...有料職業紹介事業許可証:13-ユ-315777 【設立年月】2023年5月12日 【最終更新日】2026/06/20 【<このような方が活躍中>】現在活躍しているメンバーの前職はさまざま。アパレ,滋賀県,月給26万円～50万円,正社員,飲食,求人ボックス,https://xn--pckua2a7gp15o89zb.com/jbn/5fedafb66bdee8851fc93e487129aaee,True,3時間前,2026-06-20 01:33:35,滋賀県
未経験から稼げるインフラエンジニア／昇給年2回・賞与年2回新着,...有料職業紹介事業許可証:13-ユ-315777 【設立年月】2023年5月12日 【最終更新日】2026/06/20 【<このような方が活躍中>】現在活躍しているメンバーの前職はさまざま。アパレ,滋賀県,月給26万円～50万円,正社員,飲食,求人ボックス,https://xn--pckua2a7gp15o89zb.com/jbn/302ec0e9b3aaeb67b6d7b75956c8e74e,True,2時間前,2026-06-20 01:33:35,滋賀県
店長・マネージャー候補 近江牛焼肉店の調理スタッフ／充実した福利厚生／完全週休2日可新着,モンテステリース有限会社,滋賀県,月給29万円～40万円,正社員,飲食,求人ボックス,https://xn--pckua2a7gp15o89zb.com/jb/4930302d6549af89a4f31b1da80ac4ca,True,2時間前,2026-06-20 01:33:38,滋賀県
「事務デビューしたい方へ」／一般事務／安定収入／残業ほぼ無し／20代活躍中／シンプル作業新着,株式会社Leap,滋賀県,"月給25万7,000円",正社員,飲食,求人ボックス,https://xn--pckua2a7gp15o89zb.com/jbn/07f6fa8584988e253a932984c67adc05,True,18時間前,2026-06-20 01:33:38,滋賀県
無資格OK／未経験OK／ボーナス年2回／交通費支給あり／手当充実新着,京都加工蔬菜株式会社,滋賀県,月給23万円～,正社員,飲食,求人ボックス,https://xn--pckua2a7gp15o89zb.com/jb/0cd9d5997fecb0a0b9d9f33d697b1cfc,True,8時間前,2026-06-20 01:33:42,滋賀県
「「夜勤専属×時給1560円×寮費無料×土日祝休み」」美容品などコスメの倉庫内軽作業新着,セブンエージェント株式会社,滋賀県,時給1560円,派遣社員,飲食,求人ボックス,https://xn--pckua2a7gp15o89zb.com/jb/aa49828f75691c6759d9ac8243c46383,True,17時間前,2026-06-20 01:33:42,滋賀県
書類整理だけで始められる!未経験でも月収25〜35万円可の事務スタッフ新着,スタッフ,滋賀県,月給25万円～35万円,正社員,飲食,求人ボックス,https://xn--pckua2a7gp15o89zb.com/jbn/4bdd0fe31e5c92de5e7b564398362068,True,6時間前,2026-06-20 01:33:42,滋賀県
未経験から月収25〜35万円可!コツコツ入力メインの簡単オフィスワーク新着,スタッフ,滋賀県,月給25万円～35万円,正社員,飲食,求人ボックス,https://xn--pckua2a7gp15o89zb.com/jbn/4357a2dacf47344635bb6ab7709923f1,True,6時間前,2026-06-20 01:33:42,滋賀県
未経験でもすぐ慣れる!座って月収25〜35万円のかんたん事務新着,未経験スタートがほとんど元接客・アパレル・,滋賀県,月給25万円～35万円,正社員,飲食,求人ボックス,https://xn--pckua2a7gp15o89zb.com/jbn/c0de22c3fe27668c796a738817037d4c,True,6時間前,2026-06-20 01:33:42,滋賀県
「生活リズムを崩さずに」／ナットの梱包／モクモク作業／未経験OK／20~30代活躍中新着,三陽工業株式会社,滋賀県,月給19万円～35万円,正社員,飲食,求人ボックス,https://xn--pckua2a7gp15o89zb.com/jbn/fe70c7c11e9dcda1e8ab10e7e27e1180,True,10時間前,2026-06-20 01:33:45,滋賀県
前職の経験を考慮して給与決定!600店舗以上から次のステージを選べる正社員採用新着,株式会社ウィルオブ・ワーク,滋賀県,月給23万円～25万円,正社員,飲食,求人ボックス,https://xn--pckua2a7gp15o89zb.com/jb/93555c8cd681e876687eb745263688db,True,14時間前,2026-06-20 01:33:45,滋賀県
ブランクさんも歓迎!丁寧な研修で安心スタート／事務アシスタント／長期安定で働ける新着,株式会社大斗,滋賀県,"月給25万9,200円",正社員,飲食,求人ボックス,https://xn--pckua2a7gp15o89zb.com/jbn/ad5d85856205e0ed105e93d99808c5fe,True,8時間前,2026-06-20 01:33:45,滋賀県
資料をそろえたり備品を並べたりするシンプル作業!未経験でもできる社内イベント準備の事務サポート新着,スタッフ,滋賀県,月給25万円～35万円,正社員,飲食,求人ボックス,https://xn--pckua2a7gp15o89zb.com/jbn/8238e8649b3355006fc68f8390179578,True,6時間前,2026-06-20 01:33:45,滋賀県
「定員残りわずか!」未経験採用枠／動画編集／研修充実新着,Yts株式会社,滋賀県,月給26万円～45万円,正社員,飲食,求人ボックス,https://xn--pckua2a7gp15o89zb.com/jbn/e29bebcc65a57b56e02ef3409c319e51,True,2時間前,2026-06-20 01:33:45,滋賀県
加工マシンオペレーション／午後出勤／男女活躍中／資格取得支援／有給休暇／交通費支給新着,株式会社ティーエム・テックス,滋賀県,"時給1,450円～1,813円",契約社員,飲食,求人ボックス,https://xn--pckua2a7gp15o89zb.com/jbn/0f14f101a59988452c351b5b731b2464,True,20時間前,2026-06-20 01:33:45,滋賀県
元サッカー日本代表が設立! 営業 チームで成長 定着率90%新着,株式会社ASSIST,滋賀県,月給25万円～70万円,正社員,飲食,求人ボックス,https://xn--pckua2a7gp15o89zb.com/jb/75a3e14f48422bfa9c26e6bbaa96268e,True,21時間前,2026-06-20 01:33:48,滋賀県
「好きを仕事に!」未経験採用枠／ゲームテスター／高収入／寮・社宅・家賃補助あり新着,株式会社Light BROTHERS,滋賀県,月給28万円～60万円,正社員,飲食,求人ボックス,https://xn--pckua2a7gp15o89zb.com/jb/faf8647cead18bf09d19965b61d8cbd9,True,16時間前,2026-06-20 01:33:48,滋賀県
仕分け・シール貼り、品出し／工場新着,UTエージェント株式会社,滋賀県,月給20万円～42万,正社員,飲食,求人ボックス,https://xn--pckua2a7gp15o89zb.com/jb/bdf9214929582a9be1232ae5a9fdaad0,True,2時間前,2026-06-20 01:33:48,滋賀県
未経験OK! 事務アシスタント 基本定時 年休125日 研修充実新着,株式会社プログレス,滋賀県,月給30万円～50万円,正社員,飲食,求人ボックス,https://xn--pckua2a7gp15o89zb.com/jb/eec648a255f178514bdc35a40bd7eefa,True,22時間前,2026-06-20 01:33:52,滋賀県
「売り込み」は不要です。お客様の「困った」を助ける 営業新着,株式会社DMS,滋賀県,月給26万円～35万円,正社員,飲食,求人ボックス,https://xn--pckua2a7gp15o89zb.com/jb/5bcf129fa9bd317bbe239855031dc35b,True,21時間前,2026-06-20 01:33:52,滋賀県
店舗スタッフ・責任者候補／現場主導／チーフ平均年収630万円新着,株式会社ロピア,滋賀県,"月給28万4,200円",正社員,飲食,求人ボックス,https://xn--pckua2a7gp15o89zb.com/jb/ac19d5740db6c1ce278a051980f7413c,True,4時間前,2026-06-20 01:33:52,滋賀県
キッチンスタッフ、精肉・青果・鮮魚販売／丸富 直営スーパー新着,株式会社丸富,滋賀県,月給28万円～,正社員,飲食,求人ボックス,https://xn--pckua2a7gp15o89zb.com/jb/94ac9044686f9c5747eb63d5b6fe4af5,True,3時間前,2026-06-20 01:33:52,滋賀県
一組のお客様に式当日まで寄り添う ウェディングプランナー新着,株式会社テイクアンドギヴ・ニーズ,滋賀県,月給28万円～40万円,正社員,飲食,求人ボックス,https://xn--pckua2a7gp15o89zb.com/jb/684dcc464face74488a6ebd4387a3d02,True,22時間前,2026-06-20 01:33:55,滋賀県
餃子の王将瀬田店の店舗スタッフ／月給22.9万～29.3万円／滋賀県大津市勤務／完全週休2日制新着,株式会社王将フードサービス,滋賀県大津市勤務／完全週休2日制,月給22,正社員,飲食,求人ボックス,https://xn--pckua2a7gp15o89zb.com/jbn/dbc8e6fb93636c758c1aef468caa141a,True,12時間前,2026-06-20 01:33:55,滋賀県
ガチャガチャ製造オペレーター／転勤なし／未経験歓迎／車通勤OK／資格取得支援／長期休暇あり新着,株式会社Luminous,滋賀県,"月給26万5,000円",正社員,飲食,求人ボックス,https://xn--pckua2a7gp15o89zb.com/jbn/21137e3fef17ef24b4e85aa0b35f0b1f,True,13時間前,2026-06-20 01:33:55,滋賀県
総合病院での受付などの医療事務業務新着,株式会社エヌジェーシー,福岡県,月給20万円～,正社員,医療事務,求人ボックス,https://xn--pckua2a7gp15o89zb.com/jb/bb4fb8798f3ae61b9dda4d64b6256ca8,True,4時間前,2026-06-20 01:33:33,福岡県
医療介護関連／医療事務新着,株式会社アソウ・ヒューマニーセンター,福岡県,"時給1,300円～1,350円",派遣社員,医療事務,求人ボックス,https://xn--pckua2a7gp15o89zb.com/jb/b0107e5687a96d1b737e400eab023ee2,True,21時間前,2026-06-20 01:33:33,福岡県
医療事務業務 くらて病院新着,株式会社ニチイ学館,福岡県,"時給1,060円～1,110円",アルバイト・パート,医療事務,求人ボックス,https://xn--pckua2a7gp15o89zb.com/jb/30101379845c61c25667912fbc5e3375,True,11時間前,2026-06-20 01:33:33,福岡県
レセプト業務 ／ 医療関係業務／電話対応は少な目 長期 医療事務新着,パーソルテンプスタッフ株式会社,福岡県,"時給1,200円",派遣社員,医療事務,求人ボックス,https://xn--pckua2a7gp15o89zb.com/jb/f4c32e3ba1827dad8898df410158e382,True,13時間前,2026-06-20 01:33:33,福岡県
病院受付・医療事務／日曜日は固定休!早番シフト／未経験OK／車通勤OK新着,パーソルマーケティング株式会社,福岡県,"時給1,400円",派遣社員,医療事務,求人ボックス,https://xn--pckua2a7gp15o89zb.com/jb/4e03de471bc13435447aef1c006eb48a,True,14時間前,2026-06-20 01:33:34,福岡県
クリニックでの医療事務／未経験OK・正社員医療事務／土日休み&賞与4ヶ...新着,株式会社日本教育クリエイト,福岡県,月給17万円～20万円,正社員,医療事務,求人ボックス,https://xn--pckua2a7gp15o89zb.com/jb/cb8852ee14ece81a385b5823f1d0e1ae,True,7時間前,2026-06-20 01:33:34,福岡県
医療事務／正社員登用予定 車通勤OK 残業ほぼなし 業務フォローあり新着,株式会社スタッフサービス,福岡県,"時給1,280円～",正社員,医療事務,求人ボックス,https://xn--pckua2a7gp15o89zb.com/jb/95d9a2b0c28983024a6e3fa6e71a1469,True,13時間前,2026-06-20 01:33:34,福岡県
医療事務募集新着,きのした小児科クリニック,福岡県,"時給1,057円～1,200円",アルバイト・パート,医療事務,求人ボックス,https://xn--pckua2a7gp15o89zb.com/jb/8857ec410fd241b6bc6043e6fd00f219,True,3時間前,2026-06-20 01:33:34,福岡県
NO残業 高1400円／経験活かせる医療事務新着,医療,福岡県,"時給1,400円",派遣社員,医療事務,求人ボックス,https://xn--pckua2a7gp15o89zb.com/jb/42224707ef8581ef32837254f42aea59,True,9時間前,2026-06-20 01:33:34,福岡県
保険請求などの 医療事務スタッフ 経験者歓迎 残業月10H新着,社会医療法人親仁会,福岡県,"月給17万4,500円",正社員,医療事務,求人ボックス,https://xn--pckua2a7gp15o89zb.com/jb/ffce01181f13beac1da96c779447120d,True,10時間前,2026-06-20 01:33:34,福岡県
マッサージセラピスト／未経験OK／リラクゼーション／エステサロン／ヘッドスパ／20代～30代前半必見新着,バダンバルー VIORO店,福岡県,"月給23万1,000円",正社員,医療事務,求人ボックス,https://xn--pckua2a7gp15o89zb.com/jbn/cbfe3640e41cfc882abf7bb1c85f7c77,True,18時間前,2026-06-20 01:33:34,福岡県
リラクゼーションサロンのセラピスト／未経験OK／資格なし／アロマセラピー／エステサロン／ヘッドスパ新着,ラフィネ 博多駅前店,福岡県,"月給23万1,000円",正社員,医療事務,求人ボックス,https://xn--pckua2a7gp15o89zb.com/jbn/62c476d539a17a812e8bff81a9139c79,True,18時間前,2026-06-20 01:33:34,福岡県
アロマセラピスト／未経験OK／エステサロン／業界最大手／マッサージ／独立支援新着,ラフィネプリュス イオンモール福岡店,福岡県,"月給23万1,000円",正社員,医療事務,求人ボックス,https://xn--pckua2a7gp15o89zb.com/jbn/a9f5a7f405404835d312c83b5e0ea4f6,True,18時間前,2026-06-20 01:33:36,福岡県
アロマセラピスト／エステサロン／未経験OK／20代～30代女性必見／最大手ラフィネグループ新着,ラフィネプリュス アミュプラザ小倉店,福岡県,"月給23万1,000円",正社員,医療事務,求人ボックス,https://xn--pckua2a7gp15o89zb.com/jbn/ea190af77dc1a05d780e8326b3ef4cad,True,18時間前,2026-06-20 01:33:36,福岡県
セラピスト／未経験OK／エステサロン／リラクゼーション／インセンティブあり／ノルマなし新着,ラフィネ ONE FUKUOKA BLDG.店,福岡県,"月給23万1,000円",正社員,医療事務,求人ボックス,https://xn--pckua2a7gp15o89zb.com/jbn/2c83f34555d2c4036d81855e0eebd0a8,True,18時間前,2026-06-20 01:33:36,福岡県
リラクゼーションサロンのセラピスト／未経験OK／資格なし／アロマセラピー／エステサロン／ヘッドスパ新着,ラフィネ ザ・モール春日店,福岡県,"月給23万1,000円",正社員,医療事務,求人ボックス,https://xn--pckua2a7gp15o89zb.com/jbn/8dc57542ab453691a0f62b2ff3f40c13,True,18時間前,2026-06-20 01:33:36,福岡県
セラピスト／ラフィネグループ／アロマテラピー／ヘッドスパ／ノルマなし／充実した研修制度新着,フットデザイン ソラリアステージ店,福岡県,"月給23万1,000円",正社員,医療事務,求人ボックス,https://xn--pckua2a7gp15o89zb.com/jbn/17fdec41ba2d5e73da3f7be13f13268b,True,18時間前,2026-06-20 01:33:36,福岡県
セラピスト／リラクゼーション／未経験・経験に合わせた無料研修／アロマテラピー／ノルマなし新着,ラフィネ PRALIVA店,福岡県,"月給23万1,000円",正社員,医療事務,求人ボックス,https://xn--pckua2a7gp15o89zb.com/jbn/1e8084412ad7ef1a28986173be900b00,True,18時間前,2026-06-20 01:33:36,福岡県
マッサージセラピスト／未経験OK／リラクゼーション／エステサロン／ヘッドスパ／20代～30代前半必見新着,ラフィネ 博多バスターミナル店,福岡県,"月給23万1,000円",正社員,医療事務,求人ボックス,https://xn--pckua2a7gp15o89zb.com/jbn/17b0c885cc0c4de5f46e382adc2eea04,True,18時間前,2026-06-20 01:33:39,福岡県
セラピスト／大手ラフィネグループ／シフト制／マッサージリラクゼーション／高時給／インセンティブあり新着,ラフィネ イオンモール香椎浜店,福岡県,"月給23万1,000円",正社員,医療事務,求人ボックス,https://xn--pckua2a7gp15o89zb.com/jbn/fc3bf14b439767b7dba0c4aadac6bc78,True,18時間前,2026-06-20 01:33:39,福岡県
マッサージセラピスト／未経験OK／リラクゼーション／エステサロン／ヘッドスパ／20代～30代前半必見新着,ラフィネ えきマチ1丁目姪浜店,福岡県,"月給23万1,000円",正社員,医療事務,求人ボックス,https://xn--pckua2a7gp15o89zb.com/jbn/501933cea27e17782a7b96205b3a57be,True,18時間前,2026-06-20 01:33:39,福岡県
リラクゼーションサロンのセラピスト／未経験OK／資格なし／アロマセラピー／エステサロン／ヘッドスパ新着,ラフィネ イオンモール福津店,福岡県,"月給23万1,000円",正社員,医療事務,求人ボックス,https://xn--pckua2a7gp15o89zb.com/jbn/b415fc2f3df03957304b1adba4c290c3,True,18時間前,2026-06-20 01:33:39,福岡県
アロマセラピスト／未経験OK／エステサロン／業界最大手／マッサージ／独立支援新着,ラフィネ イオンモール直方店,福岡県,"月給23万1,000円",正社員,医療事務,求人ボックス,https://xn--pckua2a7gp15o89zb.com/jbn/ac833e7e21f2fa5869ef39abe37e38ca,True,18時間前,2026-06-20 01:33:39,福岡県
エステサロンのセラピスト／未経験OK／アロマセラピー／安定収入／マッサージ／ヘッドスパ新着,ラフィネ 福岡パルコ店,福岡県,"月給23万1,000円",正社員,医療事務,求人ボックス,https://xn--pckua2a7gp15o89zb.com/jbn/5809a6ef0e0b2b5947d66c2a92707a9c,True,18時間前,2026-06-20 01:33:39,福岡県
リラクゼーションセラピスト／未経験OK／業界最大手ラフィネグループ／エステティシャン／マッサージ新着,ラフィネ イオンモール大牟田店,福岡県,"月給23万1,000円",正社員,医療事務,求人ボックス,https://xn--pckua2a7gp15o89zb.com/jbn/9f2be71a075f77d705670553f6d492d8,True,18時間前,2026-06-20 01:33:39,福岡県
受付事務・復職実績多数・丁寧な研修あり・福岡市博多区博多駅中央街新着,JHRconsulting株式会社,福岡県,"月給25万9,100円",正社員,医療事務,求人ボックス,https://xn--pckua2a7gp15o89zb.com/jbn/e9e5f8c1a6da36cb6d5626bfaef1158d,True,8時間前,2026-06-20 01:33:43,福岡県
もくもくPC入力で安心勤務!サポート体制バッチリ／事務スタッフ／復職実績多数新着,株式会社enrich technology,福岡県,"月給26万3,600円",正社員,医療事務,求人ボックス,https://xn--pckua2a7gp15o89zb.com/jbn/07be8a385d450188177d0cb4f581832f,True,9時間前,2026-06-20 01:33:43,福岡県
事務職／介護／オープニング／介護事務員さん募集／介護施設／経験者限定新着,セントスタッフ株式会社,福岡県,"時給1,100円～1,200円",派遣社員,医療事務,求人ボックス,https://xn--pckua2a7gp15o89zb.com/jbn/c2fae52e925e1834e58908e9b4897096,True,11時間前,2026-06-20 01:33:43,福岡県
リラクゼーションサロンのセラピスト／未経験OK／資格なし／アロマセラピー／エステサロン／ヘッドスパ新着,ラフィネ イオンモール福岡伊都店,福岡県,"月給23万1,000円",正社員,医療事務,求人ボックス,https://xn--pckua2a7gp15o89zb.com/jbn/5ad734a49ebf6e3f9d0f184dd54a8b59,True,18時間前,2026-06-20 01:33:43,福岡県
リラクゼーションセラピスト／未経験OK／業界最大手ラフィネグループ／エステティシャン／マッサージ新着,ラフィネ サニーサイドモール小倉店,福岡県,"月給23万1,000円",正社員,医療事務,求人ボックス,https://xn--pckua2a7gp15o89zb.com/jbn/01e7b562b46283f5a252f53e77cbccc7,True,18時間前,2026-06-20 01:33:43,福岡県
リラクゼーションセラピスト／未経験9割／マッサージ／無料研修あり／高時給／土日祝休みOK新着,トータルセラピー アミュプラザ博多店,福岡県,"月給23万1,000円",正社員,医療事務,求人ボックス,https://xn--pckua2a7gp15o89zb.com/jbn/44832634006ebdff688469839c286c08,True,18時間前,2026-06-20 01:33:43,福岡県
セラピスト／ラフィネグループ／アロマテラピー／ヘッドスパ／ノルマなし／充実した研修制度新着,ラフィネ 博多マルイ店,福岡県,"月給23万1,000円",正社員,医療事務,求人ボックス,https://xn--pckua2a7gp15o89zb.com/jbn/9ccdf74afb305c5069378bc10c875bd5,True,18時間前,2026-06-20 01:33:43,福岡県
セラピスト／大手ラフィネグループ／シフト制／マッサージリラクゼーション／高時給／インセンティブあり新着,ラフィネ ゆめタウン筑紫野店,福岡県,"月給23万1,000円",正社員,医療事務,求人ボックス,https://xn--pckua2a7gp15o89zb.com/jbn/51cf5122d1ea3cbfafdbed585de0b563,True,18時間前,2026-06-20 01:33:43,福岡県
データ入力事務「正社員」研修制度充実・未経験歓迎・福岡市博多区博多駅中央街新着,株式会社プロジェクトトリガー,福岡県,"月給24万3,200円",正社員,医療事務,求人ボックス,https://xn--pckua2a7gp15o89zb.com/jbn/1c2b95b817a679cdf9cd4e58504061c8,True,8時間前,2026-06-20 01:33:46,福岡県
事務アシスタント・ブランクOK・アシスタント業務新着,株式会社LOP,福岡県,"月給25万4,300円",正社員,医療事務,求人ボックス,https://xn--pckua2a7gp15o89zb.com/jbn/8532637696258ef8781311b51d9c7610,True,8時間前,2026-06-20 01:33:46,福岡県
セラピスト／ラフィネグループ／アロマテラピー／ヘッドスパ／ノルマなし／充実した研修制度新着,ラフィネ 天神地下街店,福岡県,"月給23万1,000円",正社員,医療事務,求人ボックス,https://xn--pckua2a7gp15o89zb.com/jbn/c45d8661032b0aec639dbaa1883fd02d,True,18時間前,2026-06-20 01:33:46,福岡県
リラクゼーションセラピスト／未経験9割／マッサージ／無料研修あり／高時給／土日祝休みOK新着,ラフィネ ゆめタウン大牟田店,福岡県,"月給23万1,000円",正社員,医療事務,求人ボックス,https://xn--pckua2a7gp15o89zb.com/jbn/a2fb8cf03c6cb25f13f161665e14dc39,True,18時間前,2026-06-20 01:33:46,福岡県
マッサージセラピスト／未経験OK／ヘッドスパ／リラクゼーション／エステサロン／アロマテラピー新着,ラフィネ ゆめタウン久留米店,福岡県,"月給23万1,000円",正社員,医療事務,求人ボックス,https://xn--pckua2a7gp15o89zb.com/jbn/0e1757cbb3719684ad7a020204f6e54f,True,18時間前,2026-06-20 01:33:46,福岡県
事務スタッフ・未経験歓迎・PC入力できればOK・アシスタント業務・福岡市博多区博多駅東1丁目新着,株式会社alBee,福岡県,"月給26万5,900円",正社員,医療事務,求人ボックス,https://xn--pckua2a7gp15o89zb.com/jbn/24aa55e145d00358c266dbd1e4154ce0,True,8時間前,2026-06-20 01:33:46,福岡県
リラクゼーションセラピスト／未経験9割／マッサージ／無料研修あり／高時給／土日祝休みOK新着,ラフィネ イオンモール筑紫野店,福岡県,"月給23万1,000円",正社員,医療事務,求人ボックス,https://xn--pckua2a7gp15o89zb.com/jbn/727fc7832fce5713c1455364373019ee,True,18時間前,2026-06-20 01:33:46,福岡県
セラピスト／ラフィネグループ／アロマテラピー／ヘッドスパ／ノルマなし／充実した研修制度新着,ラフィネ イオンモール八幡東店,福岡県,"月給23万1,000円",正社員,医療事務,求人ボックス,https://xn--pckua2a7gp15o89zb.com/jbn/7b085fc64f7f42e6d2fe21bfee039506,True,18時間前,2026-06-20 01:33:50,福岡県
エステサロンのセラピスト／未経験OK／ヘッドスパ／マッサージ／リラクゼーション／インセンティブあり新着,バダンバルー 博多阪急店,福岡県,"月給23万1,000円",正社員,医療事務,求人ボックス,https://xn--pckua2a7gp15o89zb.com/jbn/184762490abc00618af3ce8b21763ac6,True,18時間前,2026-06-20 01:33:50,福岡県
アロマセラピスト／エステサロン／未経験OK／20代～30代女性必見／最大手ラフィネグループ新着,ラフィネ イオン若松ショッピングセンター店,福岡県,"月給23万1,000円",正社員,医療事務,求人ボックス,https://xn--pckua2a7gp15o89zb.com/jbn/c50ca27f38b6eed41328b3068513ad50,True,18時間前,2026-06-20 01:33:50,福岡県
病院 「診療報酬明細書 点検業務」パートスタッフさん募集新着,有限会社医療事務研究会,福岡県,"時給1,060円～1,150円",アルバイト・パート,医療事務,求人ボックス,https://xn--pckua2a7gp15o89zb.com/jb/158ed160d5ef8696d6783f2c343bf821,True,14時間前,2026-06-20 01:33:50,福岡県
リラクゼーションセラピスト／未経験OK／業界最大手ラフィネグループ／エステティシャン／マッサージ新着,ラフィネ ゆめタウン博多店,福岡県,"月給23万1,000円",正社員,医療事務,求人ボックス,https://xn--pckua2a7gp15o89zb.com/jbn/3943ae81d15346f677f8683e468e0769,True,18時間前,2026-06-20 01:33:50,福岡県
マッサージセラピスト／未経験OK／ヘッドスパ／リラクゼーション／エステサロン／アロマテラピー新着,ラフィネ 木の葉モール橋本店,福岡県,"月給23万1,000円",正社員,医療事務,求人ボックス,https://xn--pckua2a7gp15o89zb.com/jbn/064209d19c9f3ef455bec2cfe86cd9cd,True,18時間前,2026-06-20 01:33:50,福岡県
クリニック／薬局向け“レセコン”の インストラクター新着,株式会社アステム,福岡県,月給25万円～,正社員,医療事務,求人ボックス,https://xn--pckua2a7gp15o89zb.com/jb/6f12d74d92405b2fcdf2a0ca81120337,True,15時間前,2026-06-20 01:33:50,福岡県
「パソコンの基本操作ができれば挑戦OK!」／データサイエンティスト／月収30万円以上可／未経験OK新着,株式会社SNJAPAN,福岡県,月給27万円～34万円,正社員,医療事務,求人ボックス,https://xn--pckua2a7gp15o89zb.com/jbn/55b3e5473a23e636f1d36fda438af40c,True,12時間前,2026-06-20 01:33:53,福岡県
事務／営業事務／経理・簿記 事務経験を活かせる 経理·総務·人事補助スタッフ新着,フレックスビジネスサービス株式会社,福岡県,"時給1,300円～",派遣社員,医療事務,求人ボックス,https://xn--pckua2a7gp15o89zb.com/jb/931a40bcb99bf0dc993f4cf01eac7a85,True,2時間前,2026-06-20 01:33:53,福岡県
病院内での軽作業中心の看護助手スタッフ新着,株式会社ルフト・メディカルケア,福岡県,"時給1,080円～",派遣社員,医療事務,求人ボックス,https://xn--pckua2a7gp15o89zb.com/jb/a263c1de15753e9d0beb083e44748b69,True,6時間前,2026-06-20 01:33:53,福岡県
「遊ぶ側から創る側へシフト」／ゲームクリエイター／月収35万円以上可／未経験歓迎／寮完備新着,このお仕事の特徴一般,福岡県,月給27万円～34万円,正社員,医療事務,求人ボックス,https://xn--pckua2a7gp15o89zb.com/jbn/eb5b02b5d0c566379cf80a46ce8b3747,True,11時間前,2026-06-20 01:33:53,福岡県
「ゼロから学べるデータの仕事」／データサイエンティスト／月収30万円以上可／未経験歓迎／教育制度充実新着,このお仕事の特徴一般,福岡県,月給27万円～34万円,正社員,医療事務,求人ボックス,https://xn--pckua2a7gp15o89zb.com/jbn/a3d7770b27daad1ec05e7ad28da94200,True,11時間前,2026-06-20 01:33:53,福岡県
「まずはサポート業務からスタート」／ITアドバイザー／月収30万円以上可／未経験歓迎新着,このお仕事の特徴一般,福岡県,月給27万円～34万円,正社員,医療事務,求人ボックス,https://xn--pckua2a7gp15o89zb.com/jbn/467b22dd1eb2e3746aabd99537c3bf59,True,11時間前,2026-06-20 01:33:53,福岡県
「データ分野で高収入を実現」／データサイエンティスト／月収30万円以上可／未経験歓迎／教育制度あり新着,このお仕事の特徴一般,福岡県,月給27万円～34万円,正社員,医療事務,求人ボックス,https://xn--pckua2a7gp15o89zb.com/jbn/2b3f0da32ba471ed1aae93e467c95e16,True,11時間前,2026-06-20 01:33:53,福岡県
「面白さを設計する仕事に挑戦」／ゲームプランナー／月収32万円以上可／未経験OK／昇給制度あり新着,このお仕事の特徴一般,福岡県,月給27万円～34万円,正社員,医療事務,求人ボックス,https://xn--pckua2a7gp15o89zb.com/jbn/4bb182d713f99ac6be41ac0f0573da61,True,11時間前,2026-06-20 01:33:56,福岡県
「パソコンの基本操作ができれば挑戦OK!」／データサイエンティスト／月収30万円以上可／未経験OK新着,このお仕事の特徴一般,福岡県,月給27万円～34万円,正社員,医療事務,求人ボックス,https://xn--pckua2a7gp15o89zb.com/jbn/2dce6e6a90cfc29eff6da5247ce76911,True,11時間前,2026-06-20 01:33:56,福岡県
「ゲーム制作に関わる第一歩」／ゲームプログラマー／月収30万円以上可／未経験OK／20〜30代活躍中新着,このお仕事の特徴一般,福岡県,月給27万円～34万円,正社員,医療事務,求人ボックス,https://xn--pckua2a7gp15o89zb.com/jbn/55465c302ec5697470b7fab46e22af77,True,11時間前,2026-06-20 01:33:56,福岡県
「ゲーム好きがそのまま仕事に!」／ゲームテスター／寮完備／月収30万円以上可／シンプル作業新着,このお仕事の特徴一般,福岡県,月給27万円～34万円,正社員,医療事務,求人ボックス,https://xn--pckua2a7gp15o89zb.com/jbn/76921737030cce1ede6350452438de66,True,11時間前,2026-06-20 01:33:56,福岡県
「企画力を伸ばしてキャリア形成」／ゲームプランナー／月収30万円以上可／未経験歓迎／教育体制あり新着,このお仕事の特徴一般,福岡県,月給27万円～34万円,正社員,医療事務,求人ボックス,https://xn--pckua2a7gp15o89zb.com/jbn/3db1f438ea62185065e3a43d4e479581,True,11時間前,2026-06-20 01:33:56,福岡県
「最新アプリを誰よりも先に触れる!」／アプリテスター／月収30万円以上可／未経験OK新着,このお仕事の特徴一般,福岡県,月給27万円～34万円,正社員,医療事務,求人ボックス,https://xn--pckua2a7gp15o89zb.com/jbn/0c8c8d6c30f9b969460953e27e305cef,True,11時間前,2026-06-20 01:33:56,福岡県
グッズ購入者向けカスタマーサポート 未経験可新着,AMUSE株式会社,福岡県,"時給1,600円～2,000円",派遣社員,医療事務,求人ボックス,https://xn--pckua2a7gp15o89zb.com/jb/9173129ea96cf04d582317bb08b60c95,True,1時間前,2026-06-20 01:33:56,福岡県
「頼られる存在として活躍」／ITアドバイザー／月収30万円以上可／未経験OK／20〜30代活躍中新着,このお仕事の特徴一般,福岡県,月給27万円～34万円,正社員,医療事務,求人ボックス,https://xn--pckua2a7gp15o89zb.com/jbn/a1af7a5c0493f054363db173bea90479,True,11時間前,2026-06-20 01:33:59,福岡県
「アイデアを形にする側へ踏み出す」／ゲームプログラマー／月収30万円以上可／未経験OK／研修充実新着,このお仕事の特徴一般,福岡県,月給27万円～34万円,正社員,医療事務,求人ボックス,https://xn--pckua2a7gp15o89zb.com/jbn/d8c93d37598f12ae5f2599b7d0df6300,True,11時間前,2026-06-20 01:33:59,福岡県
「好きな世界観を形にできる!」／ゲームクリエイター／月収30万円以上可／寮完備／20〜30代活躍中新着,このお仕事の特徴一般,福岡県,月給27万円～34万円,正社員,医療事務,求人ボックス,https://xn--pckua2a7gp15o89zb.com/jbn/cae2aee6ca1aac31d2d6d5e1cc65abbe,True,11時間前,2026-06-20 01:33:59,福岡県
「かんたんチェック業務からITデビュー」／アプリチェックスタッフ／月収30万円以上可／未経験歓迎新着,このお仕事の特徴一般,福岡県,月給27万円～34万円,正社員,医療事務,求人ボックス,https://xn--pckua2a7gp15o89zb.com/jbn/74b91639270b0676579bf0b6b97424e9,True,11時間前,2026-06-20 01:33:59,福岡県
介護職／ヘルパー／飯塚市綱分／特別養護老人ホーム新着,社会福祉法人庄内福祉会,福岡県,"月給20万5,000円",正社員,介護,求人ボックス,https://xn--pckua2a7gp15o89zb.com/jbn/d24affedd4309571c2c42dbac4fcf55b,True,11時間前,2026-06-20 01:33:33,福岡県
介護職／ヘルパー／デイサービス／日勤のみ／勤務日数相談OK／車通勤可新着,有限会社レオメディカル,福岡県,"時給1,100円～",アルバイト・パート,介護,求人ボックス,https://xn--pckua2a7gp15o89zb.com/jbn/a01aacfe59892b464b9e63a23701dc64,True,11時間前,2026-06-20 01:33:33,福岡県
介護職／ヘルパー／グループホーム／年間休日117日／昇給／賞与あり新着,株式会社さわやか倶楽部,福岡県,"月給17万7,629円",正社員,介護,求人ボックス,https://xn--pckua2a7gp15o89zb.com/jbn/364c40b6e91be91f67e4622312f4df13,True,11時間前,2026-06-20 01:33:37,福岡県
介護職／ヘルパー／デイサービス／WワークOK／シフト制／交通費支給新着,株式会社中井総合ケア,福岡県,"時給1,100円～1,300円",アルバイト・パート,介護,求人ボックス,https://xn--pckua2a7gp15o89zb.com/jbn/42173b7f17588d5fa9f11b650faf7bf8,True,11時間前,2026-06-20 01:33:37,福岡県
介護職／ヘルパー／デイサービス／交通費支給／車通勤可能／週1日〜可新着,株式会社アップルケア アップライフ香椎浜,福岡県,"時給1,100円～1,200円",アルバイト・パート,介護,求人ボックス,https://xn--pckua2a7gp15o89zb.com/jbn/380f8388cbe200600a95af31c7b4b66b,True,11時間前,2026-06-20 01:33:40,福岡県
介護職／ヘルパー／デイサービス／日勤のみ／残業少な目／賞与あり新着,株式会社やってん堂,福岡県,月給17万700円,正社員,介護,求人ボックス,https://xn--pckua2a7gp15o89zb.com/jbn/7b92839263a6cb818ffdf74153c65643,True,11時間前,2026-06-20 01:33:43,福岡県
介護職／ヘルパー／有料老人ホーム／夜勤専従／経験不問／無料駐車場あり新着,株式会社ジョイント,福岡県,"時給1,057円～1,200円",アルバイト・パート,介護,求人ボックス,https://xn--pckua2a7gp15o89zb.com/jbn/0313cd10a7ffdf81312957b02c97124d,True,11時間前,2026-06-20 01:33:47,福岡県
介護職／ヘルパー／グループホーム／シフト制／賞与あり／交通費支給新着,株式会社ケア21 たのしい家空港通り,福岡県,"時給1,057円～",アルバイト・パート,介護,求人ボックス,https://xn--pckua2a7gp15o89zb.com/jbn/12c9c3d5f76fdae021590ee729c32b54,True,11時間前,2026-06-20 01:33:50,福岡県
介護職／ヘルパー／糸島市二丈田中／住宅型有料老人ホーム／駅チカ新着,株式会社ttt,福岡県,"月給21万5,300円",正社員,介護,求人ボックス,https://xn--pckua2a7gp15o89zb.com/jbn/ce84aa0c49ef72b02696138ee3b50b99,True,11時間前,2026-06-20 01:33:50,福岡県
介護職／ヘルパー／大野城市白木原／ケアワーカー／病院／各種社会保険完備新着,医療法人文佑会 原病院,福岡県,"時給1,057円～",アルバイト・パート,介護,求人ボックス,https://xn--pckua2a7gp15o89zb.com/jbn/2d6c46a6be7885c1054ee34afcb99030,True,11時間前,2026-06-20 01:33:50,福岡県
介護職／ヘルパー／特別養護老人ホーム新着,社会福祉法人そよかぜの会,福岡県,"時給1,057円～1,095円",アルバイト・パート,介護,求人ボックス,https://xn--pckua2a7gp15o89zb.com/jbn/250260226f5f7f9c7d52d78879278fe3,True,11時間前,2026-06-20 01:33:53,福岡県
介護職／ヘルパー／デイサービス／日勤のみ／残業少な目／賞与あり新着,JR九州シニアライフサポート株式会社,福岡県,"月給18万2,300円",正社員,介護,求人ボックス,https://xn--pckua2a7gp15o89zb.com/jbn/03441396e143cacdda9111f68c6f934a,True,11時間前,2026-06-20 01:33:57,福岡県
介護職／ヘルパー／グループホーム／賞与あり／昇給あり／週2〜3日新着,株式会社グル-プホ-ムベル・エポック,福岡県,"時給1,057円～",アルバイト・パート,介護,求人ボックス,https://xn--pckua2a7gp15o89zb.com/jbn/93685c12f63365828f5a3c4f7ec8132a,True,11時間前,2026-06-20 01:33:57,福岡県
介護職／ヘルパー／田川市大字夏吉／介護老人保健施設／賞与4／4か月新着,社会福祉法人和光会,福岡県,"月給18万5,000円",正社員,介護,求人ボックス,https://xn--pckua2a7gp15o89zb.com/jbn/b8efaa2620d7bb59af1ba82fbf13c030,True,11時間前,2026-06-20 01:34:00,福岡県
介護職／ヘルパー／福岡市南区的場／介護老人保健施設／日勤のみ新着,医療法人福弘会,福岡県,"月給20万6,000円",正社員,介護,求人ボックス,https://xn--pckua2a7gp15o89zb.com/jbn/97743941f33eab6e45af38493cca3ed1,True,11時間前,2026-06-20 01:34:00,福岡県
介護職／ヘルパー／古賀市今の庄／デイサービス／夜勤なし／交通費支給新着,株式会社シダ,福岡県,"時給1,057円～1,200円",アルバイト・パート,介護,求人ボックス,https://xn--pckua2a7gp15o89zb.com/jbn/6bf2b7e92fcb89e22e57033441681f09,True,11時間前,2026-06-20 01:34:00,福岡県
保育士／認定こども園／駐車場無料／昇給／賞与あり／認定こども園新着,NPO法人ぽっけ,福岡県,"月給21万4,000円",正社員,保育,求人ボックス,https://xn--pckua2a7gp15o89zb.com/jbn/8b37c3d8b30675bb208245c02eab7f42,True,12時間前,2026-06-20 01:33:58,福岡県
保育士／那珂川市中原／企業主導型保育園／駅チカ／車通勤可／賞与昇給あり新着,一般社団法人みなみの風学園,福岡県,"月給20万5,000円",正社員,保育,求人ボックス,https://xn--pckua2a7gp15o89zb.com/jbn/77b2a107f85ea5724b83837bd29dea1f,True,12時間前,2026-06-20 01:33:58,福岡県
保育士／認可保育園／小規模アットホーム／賞与あり／週5日フルタイム新着,社会福祉法人北斗会,福岡県,"時給1,057円～1,200円",アルバイト・パート,保育,求人ボックス,https://xn--pckua2a7gp15o89zb.com/jbn/b81a0d0e31f08ed987635df3ea3edb9e,True,12時間前,2026-06-20 01:33:59,福岡県
保育士／賞与4／45ヶ月分／認可保育園／車通勤可／認可保育園新着,社会福祉法人泰幸会,福岡県,"月給18万4,100円",契約社員,保育,求人ボックス,https://xn--pckua2a7gp15o89zb.com/jbn/407015c362d72956415e2701cac0be05,True,12時間前,2026-06-20 01:34:02,福岡県
保育士／春日市下白水南／週3日以上勤務／駅徒歩圏内／残業ほぼ無し新着,セントスタッフ株式会社,福岡県,"時給1,150円～1,500円",派遣社員,保育,求人ボックス,https://xn--pckua2a7gp15o89zb.com/jbn/745a54467c066eb1d9098bf681975abd,True,12時間前,2026-06-20 01:34:02,福岡県
保育士／企業主導型保育園／車通勤可能／処遇改善手当あり／託児施設あり新着,株式会社CHEEk,福岡県,"時給1,057円～1,300円",アルバイト・パート,保育,求人ボックス,https://xn--pckua2a7gp15o89zb.com/jbn/c06a8e3890a685960494399c5b83e9a2,True,12時間前,2026-06-20 01:34:05,福岡県
保育士／認可保育園／週2日〜OK／平日のみ／賞与／昇給あり新着,社会福祉法人伊��福祉会,福岡県,"日給7,250円～",アルバイト・パート,保育,求人ボックス,https://xn--pckua2a7gp15o89zb.com/jbn/0cd51dd69b4b5e79e88271c98e5771cb,True,12時間前,2026-06-20 01:34:08,福岡県
保育士／宮若市:認可保育園／正社員求人／賞与4／5ヶ月／手当充実新着,社会福祉法人白蓮会,福岡県,"月給18万6,085円",正社員,保育,求人ボックス,https://xn--pckua2a7gp15o89zb.com/jbn/08343395099606027fb464ae3b0d6632,True,12時間前,2026-06-20 01:34:11,福岡県
保育士／認可保育園／シフト制／車通勤可能／残業なし／日祝休み新着,社会福祉法人覚応会,福岡県,"月給22万6,947円",正社員,保育,求人ボックス,https://xn--pckua2a7gp15o89zb.com/jbn/37c3ff932f0f9d4969282dcc7a47a5a6,True,12時間前,2026-06-20 01:34:14,福岡県
保育士／企業主導型保育／交通費支給／週3日〜／実働4時間〜OK新着,ケアユー株式会社 ピノッキオ大橋,福岡県,"時給1,057円～",アルバイト・パート,保育,求人ボックス,https://xn--pckua2a7gp15o89zb.com/jbn/3705f79ef6c11558e4aa2599829035ee,True,12時間前,2026-06-20 01:34:18,福岡県
保育士／幼稚園／賞与あり／正社員登用あり／モノレールより徒歩圏内新着,学校法人浄暁学園,福岡県,月給19万300円,正社員,保育,求人ボックス,https://xn--pckua2a7gp15o89zb.com/jbn/1ec30f6cca717a96351ccb856d38f48e,True,12時間前,2026-06-20 01:34:21,福岡県
保育士／認可保育園／駅近／賞与支給実績あり／シフト制／残業なし新着,社会福祉法人わらべ福祉会,福岡県,"月給18万4,287円",契約社員,保育,求人ボックス,https://xn--pckua2a7gp15o89zb.com/jbn/4de00bb5a0981661087d5bcf6f3a56d4,True,12時間前,2026-06-20 01:34:21,福岡県
保育士／福岡市南区桧原／認可保育園／交通費支給／シフト制／年間休日11...新着,社会福祉法人西花畑会,福岡県,"月給17万7,437円",正社員,保育,求人ボックス,https://xn--pckua2a7gp15o89zb.com/jbn/8dc6de33336404eade7c9eef7120f6f6,True,12時間前,2026-06-20 01:34:25,福岡県
保育士新着,社会福祉法人高章会,福岡県,"時給1,060円～1,400円",アルバイト・パート,保育,求人ボックス,https://xn--pckua2a7gp15o89zb.com/jb/a8fb4045aed520cc2fccee61167222e1,True,19時間前,2026-06-20 01:34:25,福岡県
保育士／企業主導型保育所／交通費支給／通勤便利／昇給／賞与あり新着,株式会社TSUBAKI,福岡県,"月給21万4,000円",正社員,保育,求人ボックス,https://xn--pckua2a7gp15o89zb.com/jbn/beb41783290714f771da6fd5e9a2e7fc,True,12時間前,2026-06-20 01:34:25,福岡県
「歩合制なしで安定した収入が得られる美容師」／地域手当あり新着,QBハウス天神北,福岡県,"月給29万1,000円",正社員,美容,求人ボックス,https://xn--pckua2a7gp15o89zb.com/jbn/bbe7b8d117a922ba02534aa1a022f2f0,True,23時間前,2026-06-20 01:34:01,福岡県
「ヘアカットに特化して活躍できる美容師」／1分単位で残業代も支給新着,QBハウスららぽーと福岡,福岡県,"月給29万1,000円",正社員,美容,求人ボックス,https://xn--pckua2a7gp15o89zb.com/jbn/f7ed0c2bdde02a84b764e0a8eb0f5336,True,23時間前,2026-06-20 01:34:01,福岡県
上場企業で美容師／賞与・昇給あり／カット専門新着,QBハウス小倉魚町,福岡県,"月給29万1,000円",正社員,美容,求人ボックス,https://xn--pckua2a7gp15o89zb.com/jbn/18298e87ada7940414db0b4aed385efe,True,23時間前,2026-06-20 01:34:01,福岡県
美容師／賞与・昇給あり／カット専門新着,QBハウスイオンモール筑紫野,福岡県,"月給29万1,000円",正社員,美容,求人ボックス,https://xn--pckua2a7gp15o89zb.com/jbn/76b7becca7eea11d9b8c8d6900cfc41d,True,23時間前,2026-06-20 01:34:01,福岡県
美容師／賞与・昇給あり／ブランク歓迎新着,QBハウスチャチャタウン小倉,福岡県,"月給29万1,000円",正社員,美容,求人ボックス,https://xn--pckua2a7gp15o89zb.com/jbn/62c12949b271c13bdec9ee5d633577ec,True,23時間前,2026-06-20 01:34:02,福岡県
「ヘアカットに特化して活躍できる美容師」／定年制度なし／1分単位で残業...新着,QBハウス博多バスターミナル,福岡県,"月給29万1,000円",正社員,美容,求人ボックス,https://xn--pckua2a7gp15o89zb.com/jbn/a6a2ae049a31698b02160bd4483b76d1,True,23時間前,2026-06-20 01:34:02,福岡県
「集客業務なし、お客様対応に集中できる環境／美容師」／ノルマ無し新着,QBハウスサンリブきふね,福岡県,"月給29万1,000円",正社員,美容,求人ボックス,https://xn--pckua2a7gp15o89zb.com/jbn/7209ea0fa81cc5e0cce4b7f532c54f09,True,23時間前,2026-06-20 01:34:02,福岡県
「歩合制なしで安定した収入が得られる美容師」／地域手当あり新着,QBハウスイオンモール福津,福岡県,"月給29万1,000円",正社員,美容,求人ボックス,https://xn--pckua2a7gp15o89zb.com/jbn/a69d417ac7f3d9fa55d227520c70c805,True,23時間前,2026-06-20 01:34:06,福岡県
上場企業で美容師／業界大手の好待遇／上場企業新着,QBハウスイオンモール八幡東,福岡県,"月給29万1,000円",正社員,美容,求人ボックス,https://xn--pckua2a7gp15o89zb.com/jbn/d00bef1e870c75b80e7194da4b6d706c,True,23時間前,2026-06-20 01:34:06,福岡県
上場企業で美容師／賞与・昇給あり／ブランク歓迎新着,QBハウスアクロスプラザいとうづ,福岡県,"月給29万1,000円",正社員,美容,求人ボックス,https://xn--pckua2a7gp15o89zb.com/jbn/0ff7b23718c8a0f281e94002a33b82fc,True,23時間前,2026-06-20 01:34:10,福岡県
ブランク歓迎の美容師／しっかり休める／賞与・昇給あり新着,QBハウスイオンモール福岡,福岡県,"月給29万1,000円",正社員,美容,求人ボックス,https://xn--pckua2a7gp15o89zb.com/jbn/1d4951f2704748f0c50393663553d57f,True,23時間前,2026-06-20 01:34:10,福岡県
「集客業務なし、お客様対応に集中できる環境／美容師」／大手で叶う安定収...新着,QBハウスサンリブ折尾,福岡県,"月給29万1,000円",正社員,美容,求人ボックス,https://xn--pckua2a7gp15o89zb.com/jbn/bcc6f69806ab3bc9d179db5844b3c44b,True,23時間前,2026-06-20 01:34:14,福岡県
「ヘアカットに特化して活躍できる美容師」／地域手当あり／有休取得率80...新着,QBハウスマークイズ福岡ももち,福岡県,"月給29万1,000円",正社員,美容,求人ボックス,https://xn--pckua2a7gp15o89zb.com/jbn/66080a8c8ba10e8648252c17ee4f5002,True,23時間前,2026-06-20 01:34:14,福岡県
業界大手の美容師／ブランク歓迎／カット専門新着,QBハウスイオン大野城,福岡県,"月給29万1,000円",正社員,美容,求人ボックス,https://xn--pckua2a7gp15o89zb.com/jbn/2194dff518eff23fc7f041befbff5515,True,23時間前,2026-06-20 01:34:18,福岡県
上場企業で美容師／しっかり休める／業界大手の好待遇新着,QBハウスゆめタウン行橋,福岡県,"月給29万1,000円",正社員,美容,求人ボックス,https://xn--pckua2a7gp15o89zb.com/jbn/7029ac53afad2d2f0b319b60d8ed3878,True,23時間前,2026-06-20 01:34:18,福岡県
「ノルマ・歩合制なし、営業トークは必要なしの美容師募集」／昇給あり新着,QBハウスイオンモール香椎浜,福岡県,"月給29万1,000円",正社員,美容,求人ボックス,https://xn--pckua2a7gp15o89zb.com/jbn/6f72b99b0e16dd77b6b6b417dfb0ddec,True,23時間前,2026-06-20 01:34:21,福岡県
美容師／スタイリスト／モニカ ヘアー新着,株式会社MONICA,福岡県,"時給1,500円",アルバイト・パート,美容,求人ボックス,https://xn--pckua2a7gp15o89zb.com/jb/c56aff6f7e1aa4717b707b7312afaec2,True,10時間前,2026-06-20 01:34:23,福岡県
「まだ間に合う!」／未経験からできる製造職「カプセルトイなど」／年間休日125日以上新着,株式会社GUM,福岡県,月給32万円～40万円,正社員,美容,求人ボックス,https://xn--pckua2a7gp15o89zb.com/jbn/58eaf2c45eed07678cd4821e48210883,True,3時間前,2026-06-20 01:34:23,福岡県
「まだ間に合う!」未経験採用枠／カプセルトイ製造スタッフ／年間休日125日以上新着,Yts株式会社,福岡県,月給28万円～50万円,正社員,美容,求人ボックス,https://xn--pckua2a7gp15o89zb.com/jbn/7f11474ee6f7f7ae640feddf52e09177,True,3時間前,2026-06-20 01:34:27,福岡県
フルリモート／一般事務／高収入／完全週休2日新着,飲食店、,福岡県,月給22万円～30万円,正社員,美容,求人ボックス,https://xn--pckua2a7gp15o89zb.com/jbn/ec761db9d206fbf62f020cb0aa83524d,True,3時間前,2026-06-20 01:34:30,福岡県
リモート勤務／事務／高収入／完全週休2日新着,飲食店、,福岡県,月給22万円～30万円,正社員,美容,求人ボックス,https://xn--pckua2a7gp15o89zb.com/jbn/eb1d855d429be48a30460d3e04bd5c90,True,3時間前,2026-06-20 01:34:30,福岡県
警備員／交通誘導警備／車両誘導 今だけ日当12500円 前払いOK Wワーク歓迎 週1~OK新着,株式会社輪宝,福岡県,日給1万円～,アルバイト・パート,建設,求人ボックス,https://xn--pckua2a7gp15o89zb.com/jb/8e16bd11096f102683458addf81179ff,True,14時間前,2026-06-20 01:34:04,福岡県
施設管理／設備管理／未経験OK／フィットネスジム・温泉無料新着,株式会社シーエイチアイ ホテルセキア,福岡県,月給20万円～27万円,契約社員,建設,求人ボックス,https://xn--pckua2a7gp15o89zb.com/jb/19a950cef0c686ec4954c8617a7a842e,True,3時間前,2026-06-20 01:34:04,福岡県
いちご栽培管理の短期アルバイト新着,北原いちご農園,福岡県,"時給1,100円～",アルバイト・パート,建設,求人ボックス,https://xn--pckua2a7gp15o89zb.com/jb/ffcc1f4a655b5531e4ea06bcea20501d,True,1時間前,2026-06-20 01:34:04,福岡県
製造業務・部品組立・加工業務 自動車業界以外新着,株式会社ウイルテック,福岡県,"時給1,300円～",派遣社員,建設,求人ボックス,https://xn--pckua2a7gp15o89zb.com/jb/5850ba07f2de78983b9f8f7963fb798f,True,16時間前,2026-06-20 01:34:04,福岡県
一般事務・OA事務 ／ データエントリー業務／大手でかんたん現場事務／時給1250円新着,パーソルテンプスタッフ株式会社,福岡県,時給1250円,派遣社員,建設,求人ボックス,https://xn--pckua2a7gp15o89zb.com/jb/91dfdf79c421772b6305b96d166adbb3,True,21時間前,2026-06-20 01:34:04,福岡県
施工管理補助／未経験者歓迎／2年目平均月収30万以上／高定着率／長く幅広く活躍したい方へ新着,非​​公​​開,福岡県,年収350万円～450万円,契約社員,建設,求人ボックス,https://xn--pckua2a7gp15o89zb.com/jb/536ec37138f4276c12936cc410d3a1e6,True,16時間前,2026-06-20 01:34:04,福岡県
ミニ家電パーツの組立・梱包／未経験歓迎／単純作業／寮費無料／履歴書不要新着,株式会社Neo Boost 人事採用部,福岡県,"時給1,520円～1,900円",アルバイト・パート,建設,求人ボックス,https://xn--pckua2a7gp15o89zb.com/jb/99d28cf967c39f30b01913bada6477ff,True,22時間前,2026-06-20 01:34:04,福岡県
キッチンタイマーの検品／寮完備／未経験OK／軽作業／履歴書不要新着,株式会社KIエージェント,福岡県,"時給1,480円～1,850円",アルバイト・パート,建設,求人ボックス,https://xn--pckua2a7gp15o89zb.com/jb/61352cd733542b684e18925f26d74eef,True,5時間前,2026-06-20 01:34:04,福岡県
宅配ボックスの組立／未経験OK／寮費無料／シンプル作業／履歴書不要／工場新着,株式会社KIエージェント製造部2課,福岡県,"時給1,550円～1,938円",アルバイト・パート,建設,求人ボックス,https://xn--pckua2a7gp15o89zb.com/jb/d39df64036ee76d394193545b34d3517,True,5時間前,2026-06-20 01:34:04,福岡県
ベッドフレームの製造／未経験OK／寮完備／単純作業／履歴書不要新着,株式会社Neo Boost 人事採用1課,福岡県,"時給1,500円～1,875円",アルバイト・パート,建設,求人ボックス,https://xn--pckua2a7gp15o89zb.com/jb/0b0251bd10c9a815b2e8e0ae4432be39,True,22時間前,2026-06-20 01:34:04,福岡県
カップキャンドルの梱包／寮完備／未経験OK／履歴書不要／シンプル作業新着,株式会社KIエージェント採用部,福岡県,"時給1,480円～1,850円",アルバイト・パート,建設,求人ボックス,https://xn--pckua2a7gp15o89zb.com/jb/9279c597b7929df7ae88c20c74a52f61,True,5時間前,2026-06-20 01:34:04,福岡県
ボタンの仕分け・検品／寮完備／未経験OK／単純作業／履歴書不要新着,株式会社KIエージェント 人事窓口1課,福岡県,"時給1,480円～1,850円",アルバイト・パート,建設,求人ボックス,https://xn--pckua2a7gp15o89zb.com/jb/705d38de90ff5823266cd3f11126a4d5,True,5時間前,2026-06-20 01:34:04,福岡県
マウスの組立／未経験OK／寮費無料／シンプル作業／履歴書不要新着,株式会社KIエージェント 第二営業部,福岡県,"時給1,520円～1,900円",アルバイト・パート,建設,求人ボックス,https://xn--pckua2a7gp15o89zb.com/jb/2a6bae62cb2fa8dda8186d1d7518d235,True,5時間前,2026-06-20 01:34:04,福岡県
宅配ボックスの組立／未経験OK／寮費無料／シンプル作業／履歴書不要／工場新着,株式会社KIエージェント 第二営業部,福岡県,"時給1,550円～1,938円",アルバイト・パート,建設,求人ボックス,https://xn--pckua2a7gp15o89zb.com/jb/547b8a5745b0b37b4faa78e0b9497d33,True,5時間前,2026-06-20 01:34:08,福岡県
建築・建設・土木作業新着,有限会社ハマムラ,福岡県,月給20万円～30万円,正社員,建設,求人ボックス,https://xn--pckua2a7gp15o89zb.com/jb/17f9c8196097299b0bcea2e533b14e6a,True,1時間前,2026-06-20 01:34:08,福岡県
ゲームマスター未経験歓迎「正社員／土日祝休み／交通費支給／研修あり」ゲーム好きに最適な職場新着,株式会社GUM,福岡県,月給26万円～30万円,正社員,建設,求人ボックス,https://xn--pckua2a7gp15o89zb.com/jbn/05e479450533ad8a4b9fbff0f832f725,True,4時間前,2026-06-20 01:34:08,福岡県
ゲーム業界での品質保証アナリスト募集「未経験歓迎／賞与あり／土日祝休み新着,株式会社alBee,福岡県,"月給23万5,000円",正社員,建設,求人ボックス,https://xn--pckua2a7gp15o89zb.com/jbn/116385d484e309677fa02dab3a9dcbbb,True,4時間前,2026-06-20 01:34:08,福岡県
現場作業員新着,株式会社ダイサン,福岡県,月給27万円～50万円,正社員,建設,求人ボックス,https://xn--pckua2a7gp15o89zb.com/jb/01e0b70ab775f50a3710aeaeb59c71d9,True,15時間前,2026-06-20 01:34:08,福岡県
福岡の街を創り上げる電気設備システム設計・積算技術者新着,株式会社SYSKEN,福岡県,"月給22万4,000円",正社員,建設,求人ボックス,https://xn--pckua2a7gp15o89zb.com/jb/b4235db24d22c822e7d33766dff2094a,True,15時間前,2026-06-20 01:34:08,福岡県
資格なくてもOK!経験があればOK! 給排水設備メンテナンス・施工管理員新着,株式会社花田設備,福岡県,"月給26万5,000円",正社員,建設,求人ボックス,https://xn--pckua2a7gp15o89zb.com/jb/17440eab583f6adcc9c88a801611c28c,True,7時間前,2026-06-20 01:34:12,福岡県
アルミサッシなどの配送、組立スタッフ新着,株式会社サンクス,福岡県,月給23万350円,正社員,建設,求人ボックス,https://xn--pckua2a7gp15o89zb.com/jb/7bdef7fdec9b9892bc29dd8bed70e3ed,True,3時間前,2026-06-20 01:34:12,福岡県
地盤調査スタッフ／寮あり／経験不問新着,株式会社ジャパンクリエイト,福岡県,月給24万円,正社員,建設,求人ボックス,https://xn--pckua2a7gp15o89zb.com/jb/fe09961a60eba9aad8e6aef25d086aa4,True,10時間前,2026-06-20 01:34:12,福岡県
創業100年を迎えられる企業は約0.03%!未経験OKの 施工管理新着,株式会社安井組,福岡県,"月給31万9,412円",正社員,建設,求人ボックス,https://xn--pckua2a7gp15o89zb.com/jb/dd5184eb1dc8d973e11775b9678aac7f,True,9時間前,2026-06-20 01:34:12,福岡県
福利厚生の充実! 営業事務 転勤なし 福岡・熊本エリア新着,九州セキスイ商事インフラテック株式会社,福岡県,"月給17万3,900円",正社員,建設,求人ボックス,https://xn--pckua2a7gp15o89zb.com/jb/0d574c5cf8e8eab84167dad0d4dc6669,True,16時間前,2026-06-20 01:34:12,福岡県
日勤&土日祝休み 年休124日 鉄板のバリ取りなど!長期休暇あり新着,UTエージェント株式会社 西日本第一CU,福岡県,"月給20万8,000円",正社員,建設,求人ボックス,https://xn--pckua2a7gp15o89zb.com/jb/b175f5359aee114abeeef5000151c5ce,True,9時間前,2026-06-20 01:34:15,福岡県
施工管理・工事監理者 建築新着,筑水建設株式会社,福岡県,年収500万円～600万円,正社員,建設,求人ボックス,https://xn--pckua2a7gp15o89zb.com/jb/7f8ec28b9f488b02b3044726a76bf313,True,7時間前,2026-06-20 01:34:15,福岡県
施工管理・工事監理者 建築新着,株式会社穴吹工務店,福岡県,"年収605万円～1,086万円",正社員,建設,求人ボックス,https://xn--pckua2a7gp15o89zb.com/jb/1a63e957e981e0754d69c7a563354a1c,True,7時間前,2026-06-20 01:34:15,福岡県
「予約制の送迎ドライバー」週3日勤務で月収40万円以上／未経験OK／20代～50代が活躍中新着,建設,福岡県,"月給47万7,000円",正社員,建設,求人ボックス,https://xn--pckua2a7gp15o89zb.com/jbn/beb17cdb976c00c4abcff9bdb074d229,True,16時間前,2026-06-20 01:34:15,福岡県
役員・VIP送迎ドライバー／普通免許OK／年収600万円以上も可／履歴書不要／退職金制度あり新着,未経験OK,福岡県,"月給47万7,000円",正社員,建設,求人ボックス,https://xn--pckua2a7gp15o89zb.com/jbn/ee239ab5a4b32cd43cd610dcbcf56368,True,16時間前,2026-06-20 01:34:18,福岡県
役員・著名人の予約送迎ドライバー／普通免許OK・AT限定可／未経験から正社員へ／週3日勤務可新着,未経験OK,福岡県,"月給47万7,000円",正社員,建設,求人ボックス,https://xn--pckua2a7gp15o89zb.com/jbn/94a28d04fe148e0a6a04cee22ee45c3e,True,15時間前,2026-06-20 01:34:18,福岡県
週3勤務の役員送迎ドライバー／普通免許だけで応募OK／予約中心で落ち着いて働ける／賞与年2回新着,未経験OK,福岡県,"月給47万7,000円",正社員,建設,求人ボックス,https://xn--pckua2a7gp15o89zb.com/jbn/f64586d880c343f885cff55e3210ab6e,True,16時間前,2026-06-20 01:34:18,福岡県
週3勤務の予約送迎ドライバー／普通免許OK／未経験から正社員へ／履歴書不要／賞与年2回新着,未経験OK,福岡県,"月給47万7,000円",正社員,建設,求人ボックス,https://xn--pckua2a7gp15o89zb.com/jbn/461655208aa10341c9e3ed61b7b572ce,True,16時間前,2026-06-20 01:34:18,福岡県
土木施工管理新着,住吉工業株式会社,福岡県,月給23万円～26万円,正社員,建設,求人ボックス,https://xn--pckua2a7gp15o89zb.com/jbn/0df75767a10a081acdbd88f60cad9285,True,15時間前,2026-06-20 01:34:18,福岡県
建築施工管理／賞与あり／社会保険／女性活躍新着,建設,福岡県,月給26万円～53万円,正社員,建設,求人ボックス,https://xn--pckua2a7gp15o89zb.com/jbn/f36365a94121f5ad0db148e0c16e72f2,True,20時間前,2026-06-20 01:34:18,福岡県
「予約中心で安心」役員送迎ドライバー／年収600万円以上／未経験歓迎新着,...以下のような経験をお持ちの方は特に歓迎します。・軽貨物ドライバー・ルート配送スタッフ・宅配ドライバー・タクシー運転手・大型トラックドライバー・フォークリフトオペレーター・,福岡県,"月給45万7,000円",正社員,建設,求人ボックス,https://xn--pckua2a7gp15o89zb.com/jbn/99763302ce529a8fbc4726ca98f3ff5e,True,18時間前,2026-06-20 01:34:18,福岡県
「役員運転手」月内採用／夜勤／履歴書不要／月収50万円以上／正社員採用／社会保険完備新着,...以下のような経験をお持ちの方は特に歓迎します。・軽貨物ドライバー・ルート配送スタッフ・宅配ドライバー・タクシー運転手・大型トラックドライバー・フォークリフトオペレーター・,福岡県,"月給45万6,500円",正社員,建設,求人ボックス,https://xn--pckua2a7gp15o89zb.com/jbn/418066e6d9130ee67fc984ff3dda510a,True,18時間前,2026-06-20 01:34:18,福岡県
「VIP送迎中心」夜勤ハイヤードライバー／年収600万円以上／賞与年2回新着,建設・,福岡県,"月給45万8,500円",正社員,建設,求人ボックス,https://xn--pckua2a7gp15o89zb.com/jbn/107c02e4269b9d9a1a3908b403f09a2a,True,18時間前,2026-06-20 01:34:21,福岡県
役員運転手「週3勤務」資格取得支援あり／月収40万円以上／安定収入／転職回数不問新着,...以下のような経験をお持ちの方は特に歓迎します。・軽貨物ドライバー・ルート配送スタッフ・宅配ドライバー・タクシー運転手・大型トラックドライバー・フォークリフトオペレーター・,福岡県,"月給45万6,000円",正社員,建設,求人ボックス,https://xn--pckua2a7gp15o89zb.com/jbn/7d2645cdfae6e198de73b15fc033de9b,True,18時間前,2026-06-20 01:34:21,福岡県
「高収入」夜勤／役員運転手／定期送迎「月収50万円以上可能／安定収入／賞与年2回」新着,建設・,福岡県,"月給45万7,000円",正社員,建設,求人ボックス,https://xn--pckua2a7gp15o89zb.com/jbn/f273531fc7e7205a67e46883146e710c,True,18時間前,2026-06-20 01:34:21,福岡県
送迎ドライバー／週3勤務／異業種からの転職歓迎新着,建設・,福岡県,"月給45万8,000円",正社員,建設,求人ボックス,https://xn--pckua2a7gp15o89zb.com/jbn/64ca7a2d82f60c48e419cc60b6b433b6,True,18時間前,2026-06-20 01:34:21,福岡県
「月内採用」役員運転手・夜勤／職歴不問／未経験OK／1年目年収600万円以上可／賞与年2回新着,作業,福岡県,"月給45万6,500円",正社員,建設,求人ボックス,https://xn--pckua2a7gp15o89zb.com/jbn/089d1ea5c79101e82dbf21f199541751,True,18時間前,2026-06-20 01:34:21,福岡県
「タレント／芸能」送迎ドライバー／週3勤務／学歴不問／1年目月収50万以上／賞与年2回新着,建設・,福岡県,"月給45万6,000円",正社員,建設,求人ボックス,https://xn--pckua2a7gp15o89zb.com/jbn/0929d37f7f5d1cc21c333481620d992b,True,18時間前,2026-06-20 01:34:21,福岡県
夜勤タクシードライバー／未経験スタートOK／年2回のボーナス支給あり／資格取得支援制度あり新着,作業,福岡県,"月給45万8,500円",正社員,建設,求人ボックス,https://xn--pckua2a7gp15o89zb.com/jbn/2fbedb70edeb6474738e64fadbeb95cf,True,18時間前,2026-06-20 01:34:24,福岡県
「夜勤でしっかり稼ぐ」VIP送迎ドライバー／残業少なめ／正社員採用／賞与あり新着,...以下のような経験をお持ちの方は特に歓迎します。・軽貨物ドライバー・ルート配送スタッフ・宅配ドライバー・タクシー運転手・大型トラックドライバー・フォークリフトオペレーター・,福岡県,"月給45万7,000円",正社員,建設,求人ボックス,https://xn--pckua2a7gp15o89zb.com/jbn/c8487f4342c1420a4b95d11b934a23dc,True,18時間前,2026-06-20 01:34:24,福岡県
VIP専属送迎スタッフ／普通免許のみで応募OK／週3日勤務／賞与あり／高収入実現可能新着,作業,福岡県,"月給47万8,000円",正社員,建設,求人ボックス,https://xn--pckua2a7gp15o89zb.com/jbn/1fba9f675af015165c97c16aacafaa8a,True,18時間前,2026-06-20 01:34:24,福岡県
「即入社相談可」夜間送迎スタッフ／履歴書不要／安定の正社員雇用新着,作業,福岡県,"月給47万7,000円",正社員,建設,求人ボックス,https://xn--pckua2a7gp15o89zb.com/jbn/5d0dfe6ea414fb47b59541055bc8abe7,True,19時間前,2026-06-20 01:34:24,福岡県
「正社員」週3勤務の送迎ドライバー／未経験者活躍中／年収500万円以上可能／土日祝休み取得可新着,建設・,福岡県,"月給47万8,500円",正社員,建設,求人ボックス,https://xn--pckua2a7gp15o89zb.com/jbn/da8a1893d0e2ab3a1a295e6dd08b33b4,True,19時間前,2026-06-20 01:34:24,福岡県
「未経験歓迎」役員専属ドライバー／月収50万円以上可／退職金制度あり新着,...以下のような経験をお持ちの方は特に歓迎します。・軽貨物ドライバー・ルート配送スタッフ・宅配ドライバー・タクシー運転手・大型トラックドライバー・フォークリフトオペレーター・,福岡県,"月給47万6,000円",正社員,建設,求人ボックス,https://xn--pckua2a7gp15o89zb.com/jbn/4c35d829b6a97e4ac37829b98be75c43,True,19時間前,2026-06-20 01:34:24,福岡県
役員送迎ドライバー／未経験歓迎／会食・空港送迎中心／年収600万円以上可新着,建設・,福岡県,"月給45万7,000円",正社員,建設,求人ボックス,https://xn--pckua2a7gp15o89zb.com/jbn/4e39e2f2a029bce303fc9c17c3242f2d,True,19時間前,2026-06-20 01:34:29,福岡県
「予約中心だから未経験でも安心」ハイヤードライバー／週3勤務／月収50万円以上可新着,建設・,福岡県,"月給47万8,000円",正社員,建設,求人ボックス,https://xn--pckua2a7gp15o89zb.com/jbn/51443fbf09db1c22399c918087abb537,True,19時間前,2026-06-20 01:34:29,福岡県
「内定までスピーディー」夜勤送迎ドライバー／履歴書不要／未経験OK／月収50万円以上新着,作業,福岡県,"月給47万7,000円",正社員,建設,求人ボックス,https://xn--pckua2a7gp15o89zb.com/jbn/759ad5913d7d336889158e48c2a38600,True,19時間前,2026-06-20 01:34:29,福岡県
「1年目から高収入可能」役員運転手／週3勤務／福利厚生充実新着,作業,福岡県,"月給47万6,500円",正社員,建設,求人ボックス,https://xn--pckua2a7gp15o89zb.com/jbn/29a34249a42f799a949989e49aa22a6f,True,19時間前,2026-06-20 01:34:29,福岡県
「夜勤で稼げる」役員送迎ドライバー／普通免許のみOK／年収600万円以上可／賞与年2回新着,...以下のような経験をお持ちの方は特に歓迎します。・軽貨物ドライバー・ルート配送スタッフ・宅配ドライバー・タクシー運転手・大型トラックドライバー・フォークリフトオペレーター・,福岡県,"月給47万6,000円",正社員,建設,求人ボックス,https://xn--pckua2a7gp15o89zb.com/jbn/2a4e3eb98bcca82fb702305cfb2cf945,True,19時間前,2026-06-20 01:34:29,福岡県
夜間専属ハイヤードライバー／月収50万円以上可能／賞与年2回／普通免許のみで応募可新着,...以下のような経験をお持ちの方は特に歓迎します。・軽貨物ドライバー・ルート配送スタッフ・宅配ドライバー・タクシー運転手・大型トラックドライバー・フォークリフトオペレーター・,福岡県,"月給45万7,000円",正社員,建設,求人ボックス,https://xn--pckua2a7gp15o89zb.com/jbn/8f70509e6215f89844b95577f1a6d07a,True,19時間前,2026-06-20 01:34:29,福岡県
「週3日勤務で年収600万円も可能」役員送迎ドライバー／普通免許のみOK／未経験歓迎／賞与年2回新着,建設・,福岡県,"月給47万8,000円",正社員,建設,求人ボックス,https://xn--pckua2a7gp15o89zb.com/jbn/082a15c1e0173e2491e3ac9ded946429,True,19時間前,2026-06-20 01:34:29,福岡県
「週3日勤務で高収入」役員送迎ドライバー／家族手当あり／賞与年2回新着,...以下のような経験をお持ちの方は特に歓迎します。・軽貨物ドライバー・ルート配送スタッフ・宅配ドライバー・タクシー運転手・大型トラックドライバー・フォークリフトオペレーター・,福岡県,"月給45万7,000円",正社員,建設,求人ボックス,https://xn--pckua2a7gp15o89zb.com/jbn/a1f960295cbbee1b071133c6dfbacab2,True,18時間前,2026-06-20 01:34:32,福岡県
「普通免許のみOK」役員ドライバー／資格不問・月収50万以上可・賞与年2回新着,...以下のような経験をお持ちの方は特に歓迎します。・軽貨物ドライバー・ルート配送スタッフ・宅配ドライバー・タクシー運転手・大型トラックドライバー・フォークリフトオペレーター・,福岡県,"月給47万6,500円",正社員,建設,求人ボックス,https://xn--pckua2a7gp15o89zb.com/jbn/c38cc8255b44fe1b46ced1991179893f,True,19時間前,2026-06-20 01:34:32,福岡県
「二種免許不要・週3勤務・役員運転手」研修あり／賞与あり／アルファード送迎新着,作業,福岡県,"月給47万8,500円",正社員,建設,求人ボックス,https://xn--pckua2a7gp15o89zb.com/jbn/de46066db26f71a10b0fc9f68a04879e,True,19時間前,2026-06-20 01:34:32,福岡県
建築施工管理新着,未経験OK,福岡県,"月給24万1,000円",正社員,建設,求人ボックス,https://xn--pckua2a7gp15o89zb.com/jbn/b3f38fa737e7b0db947b6f63ae48b89c,True,21時間前,2026-06-20 01:34:32,福岡県
品質管理・品質保証新着,第一施設工業株式会社,福岡県,"月給23万5,000円",正社員,建設,求人ボックス,https://xn--pckua2a7gp15o89zb.com/jbn/2519f3d9d801ca88365274971d4931d8,True,16時間前,2026-06-20 01:34:32,福岡県
パイプ製造新着,建設,福岡県,月給29万円～47万円,正社員,建設,求人ボックス,https://xn--pckua2a7gp15o89zb.com/jb/81a732ec6eaeacc280aaa03235972126,True,4時間前,2026-06-20 01:34:32,福岡県
土木施工管理新着,作業,福岡県,"月給24万1,000円",正社員,建設,求人ボックス,https://xn--pckua2a7gp15o89zb.com/jbn/fe090c4608df7725e8efcdfc84d48e5c,True,21時間前,2026-06-20 01:34:32,福岡県
施工サポート業務／建設工事／社会保険完備新着,作業,福岡県,"月給25万5,000円",正社員,建設,求人ボックス,https://xn--pckua2a7gp15o89zb.com/jbn/9201e7413950d978b47da94d004228dd,True,21時間前,2026-06-20 01:34:32,福岡県
葬儀会館の一般事務・互助会営業／20代活躍中／未経験・第二新卒新着,一般事務,福岡県,"月給17万5,000円",正社員,事務,求人ボックス,https://xn--pckua2a7gp15o89zb.com/jbn/d1458f8343f23403cd4dadd16ac0897b,True,5時間前,2026-06-20 01:34:29,福岡県
「PC入力から始める事務ワーク」／一般事務スタッフ／研修あり／昇給あり新着,一般事務,福岡県,月給25万円～28万円,正社員,事務,求人ボックス,https://xn--pckua2a7gp15o89zb.com/jbn/c552272cee7d11de207a253d9a411f47,True,7時間前,2026-06-20 01:34:29,福岡県
一般事務／正社員採用／20代活躍中／事務スタッフ／PC作業新着,一般事務,福岡県,月給28万円～34万円,正社員,事務,求人ボックス,https://xn--pckua2a7gp15o89zb.com/jbn/e662bfa51448b6b25dc1a948ecb9be61,True,6時間前,2026-06-20 01:34:30,福岡県
スポーツ運営企業での一般事務新着,株式会社TNCプロジェクト,福岡県,"時給1,400円",派遣社員,事務,求人ボックス,https://xn--pckua2a7gp15o89zb.com/jb/ec4a692dddf8a6469a5faebda00be330,True,4時間前,2026-06-20 01:34:32,福岡県
事務／ネイル可／未経験歓迎／賞与あり／一般事務新着,一般事務,福岡県,月給28万円～34万円,正社員,事務,求人ボックス,https://xn--pckua2a7gp15o89zb.com/jbn/4ae4be1f782c370b733dbd17a2a10089,True,7時間前,2026-06-20 01:34:32,福岡県
「はじめての事務職にぴったり」／一般事務スタッフ／有給取得率90%新着,一般事務,福岡県,月給25万円～28万円,正社員,事務,求人ボックス,https://xn--pckua2a7gp15o89zb.com/jbn/3853ad68a701eb0e7b79f3eae21fbbfb,True,6時間前,2026-06-20 01:34:32,福岡県
一般事務／土日休み／正社員デビュー／サポート好き歓迎／総務事務新着,一般事務,福岡県,月給28万円～34万円,正社員,事務,求人ボックス,https://xn--pckua2a7gp15o89zb.com/jbn/da9db411cac58eb006e68f53a5a78d59,True,7時間前,2026-06-20 01:34:34,福岡県
葬儀会館の一般事務・互助会業務／20代活躍中／未経験・第二新卒新着,一般事務,福岡県,"月給17万5,000円",正社員,事務,求人ボックス,https://xn--pckua2a7gp15o89zb.com/jbn/cbea2beb23e7125d16b652f6117c9a65,True,5時間前,2026-06-20 01:34:37,福岡県
一般事務／賞与あり／総務事務／正社員採用／タイピング／Wワーク新着,一般事務,福岡県,月給28万円～34万円,正社員,事務,求人ボックス,https://xn--pckua2a7gp15o89zb.com/jbn/df726f2a312059c49affbb4c0cc194c3,True,7時間前,2026-06-20 01:34:37,福岡県
経理事務スタッフ／伝票入力・請求書処理・会計サポート新着,合同会社クリーンマスター,福岡県,年収300万円～400万円,正社員,経理,求人ボックス,https://xn--pckua2a7gp15o89zb.com/jb/ee344dc9a305f4983449bbfb498bee82,True,8時間前,2026-06-20 01:34:35,福岡県
「大手企業の数字まわりを支える!」／経理事務／未経験95%／未経験歓迎新着,経理,福岡県,"月給25万3,900円",正社員,経理,求人ボックス,https://xn--pckua2a7gp15o89zb.com/jbn/791939f6e1959cc5048d7e253cbe43f1,True,6時間前,2026-06-20 01:34:35,福岡県
経理・財務 ／ 総務事務 ／賞与4か月 大手グループ 経理・総務事務新着,パーソルテンプスタッフ株式会社,福岡県,"時給1,270円～1,330円",派遣社員,経理,求人ボックス,https://xn--pckua2a7gp15o89zb.com/jb/033da51e2918b736a66bc479ff80a1ab,True,18時間前,2026-06-20 01:34:35,福岡県
地場食品メーカーで経理事務新着,ヒューマンリソシア株式会社,福岡県,"時給1,300円",派遣社員,経理,求人ボックス,https://xn--pckua2a7gp15o89zb.com/jb/dfcf61bcea4297e67c8924116399dcd2,True,5時間前,2026-06-20 01:34:35,福岡県
簿記知識を活かす／会計事務所で経理事務 残業無&土日祝休み新着,株式会社マイナビワークス,福岡県,"時給1,350円",派遣社員,経理,求人ボックス,https://xn--pckua2a7gp15o89zb.com/jb/beffeef71930f1a5f7a870b529f82d24,True,4時間前,2026-06-20 01:34:35,福岡県
イベント関連／経理事務新着,株式会社アソウ・ヒューマニーセンター,福岡県,"時給1,400円～1,470円",派遣社員,経理,求人ボックス,https://xn--pckua2a7gp15o89zb.com/jb/c2cc11a1da0bdac6270bcb5c235ea795,True,21時間前,2026-06-20 01:34:39,福岡県
経理・財務 ／ 一般事務・OA事務／長期×安定ではたらこう新着,株式会社松本組,福岡県,年収330万円～412万円,正社員,経理,求人ボックス,https://xn--pckua2a7gp15o89zb.com/jb/f0336331319b18bd51be3e34174e4462,True,21時間前,2026-06-20 01:34:39,福岡県
財務・会計・経理／経理事務と庶務業務新着,転職サービス Jobuddy,福岡県,"時給1,450円",,経理,求人ボックス,https://xn--pckua2a7gp15o89zb.com/jb/37a7d3869611b5b2fcf173a17d1d3a65,True,14時間前,2026-06-20 01:34:39,福岡県
「数字チェックから始める事務」／経理事務／有給取得率90%以上新着,事務,福岡県,"月給25万7,000円",正社員,経理,求人ボックス,https://xn--pckua2a7gp15o89zb.com/jbn/fd3808a245d0c14a86cea7c3b0be1fbc,True,5時間前,2026-06-20 01:34:39,福岡県
経理事務新着,社会福祉法人福祉松快園,福岡県,"月給22万5,000円",正社員,経理,求人ボックス,https://xn--pckua2a7gp15o89zb.com/jb/2e6b639ab6b20f9e11f33935bac092bc,True,8時間前,2026-06-20 01:34:39,福岡県
経理事務新着,株式会社リクルートスタッフィング,福岡県,"時給1,350円～",派遣社員,経理,求人ボックス,https://xn--pckua2a7gp15o89zb.com/jb/e1c5b821bbfbe5ee3abd950ba0eb6e9c,True,16時間前,2026-06-20 01:34:39,福岡県
株式会社P&hホールディングス 福岡県北九州市小倉北区の経理事務員新着,経理,福岡県北九州市小倉北区の経理事務員,"月給22万5,000円",正社員,経理,求人ボックス,https://xn--pckua2a7gp15o89zb.com/jb/42e07260c1f551a7af7f879b9a1b3feb,True,23時間前,2026-06-20 01:34:39,福岡県
株式会社 ケントテクニカルサービス 福岡県北九州市小倉北区の経理新着,経理,福岡県北九州市小倉北区の経理,月給18万円～20万円,正社員,経理,求人ボックス,https://xn--pckua2a7gp15o89zb.com/jb/fe4d87af2cc2e7df02f5535b617fffb2,True,23時間前,2026-06-20 01:34:43,福岡県
株式会社 セビア 福岡県北九州市小倉北区の経理事務員／株式会社 セビア新着,事務,福岡県北九州市小倉北区の経理事務員／株式会社,"月給24万1,090円",正社員,経理,求人ボックス,https://xn--pckua2a7gp15o89zb.com/jb/e0a536bc7b3ad3aef9ba7db18ccbdae4,True,23時間前,2026-06-20 01:34:43,福岡県
株式会社 アクセス・ジャパンコーポレーション 福岡県筑後市の総務・経理事務／株式会社 アクセス新着,経理,福岡県筑後市の総務・経理事務／株式会社,月給22万円,正社員,経理,求人ボックス,https://xn--pckua2a7gp15o89zb.com/jb/2bf779a26000b2680090a1fa8bbf040f,True,23時間前,2026-06-20 01:34:43,福岡県
株式会社 ラファアイランド ヘッドオフィス 福岡県北九州市小倉北区の経理事務／株式会社 ラファアイラ...新着,事務,福岡県北九州市小倉北区の経理事務／株式会社,"月給19万5,000円",正社員,経理,求人ボックス,https://xn--pckua2a7gp15o89zb.com/jb/c46c004272b2dbd73a279b27c06632bb,True,23時間前,2026-06-20 01:34:43,福岡県
株式会社リクリエ 福岡県福岡市博多区の経理事務／正／株式会社リクリエ新着,経理,福岡県福岡市博多区の経理事務／正／株式会社リクリエ,月給26万円～35万円,正社員,経理,求人ボックス,https://xn--pckua2a7gp15o89zb.com/jb/54f953b7f9116be2d7c944500b34bfde,True,23時間前,2026-06-20 01:34:43,福岡県
総務・経理・事務新着,株式会社Wabisabi,福岡県,月給15万円～25万円,,経理,求人ボックス,https://xn--pckua2a7gp15o89zb.com/jb/adba3e6827b2dd14ced8db2d0ba4b17a,True,13時間前,2026-06-20 01:34:43,福岡県
「PC入力から始める事務職」／経理サポート事務／学歴不問／駅チカ新着,事務,福岡県,"月給27万4,000円",正社員,経理,求人ボックス,https://xn--pckua2a7gp15o89zb.com/jbn/d80c4e9b0a6589f4f66a23bf6ef61e2f,True,9時間前,2026-06-20 01:34:46,福岡県
「リモート可」未経験採用枠／経理事務／年間休日125日以上新着,未経験OK,福岡県,月給25万円～35万円,正社員,経理,求人ボックス,https://xn--pckua2a7gp15o89zb.com/jbn/427e5596f9111913c5a74e9e97218f54,True,9時間前,2026-06-20 01:34:46,福岡県
数字や日付を入力するシンプル作業が中心!未経験から始める経理サポートの...新着,事務,福岡県,月給25万円～35万円,正社員,経理,求人ボックス,https://xn--pckua2a7gp15o89zb.com/jbn/ab201ffb28542839c33fd349024cd53a,True,6時間前,2026-06-20 01:34:49,福岡県
「マニュアル完備の一般事務」／経理サポート事務／髪色自由／年間休日12...新着,事務,福岡県,月給27万円～29万,正社員,経理,求人ボックス,https://xn--pckua2a7gp15o89zb.com/jbn/e4a3a90cd6856ef2d74ac57debd664e0,True,8時間前,2026-06-20 01:34:49,福岡県
リモート可／未経験可／経理事務／年休125日以上新着,未経験OK,福岡県,月給23万円～50万円,正社員,経理,求人ボックス,https://xn--pckua2a7gp15o89zb.com/jbn/d52646af45e5ac06e80a1c6c61829a91,True,9時間前,2026-06-20 01:34:49,福岡県
「駅チカで通いやすい事務」／経理サポート事務／完全週休2日制新着,事務,福岡県,"月給25万5,000円",正社員,経理,求人ボックス,https://xn--pckua2a7gp15o89zb.com/jbn/6c4c0d9cfe13fd87c289ddf9356348df,True,8時間前,2026-06-20 01:34:51,福岡県
「完全週休2日制の事務職」／経理サポート事務／土日祝休み／年間休日12...新着,事務,福岡県,"月給25万9,000円",正社員,経理,求人ボックス,https://xn--pckua2a7gp15o89zb.com/jbn/dda38fec75e760a5756bd4fcbbf3b5df,True,9時間前,2026-06-20 01:34:51,福岡県
「20代から始めるオフィスワーク」／経理サポート事務／駅チカ新着,事務,福岡県,"月給26万3,000円",正社員,経理,求人ボックス,https://xn--pckua2a7gp15o89zb.com/jbn/46737ea052bf187d21fa5358a91c8486,True,8時間前,2026-06-20 01:34:51,福岡県
「年間休日125日以上の事務」／経理サポート事務／昇給あり新着,事務,福岡県,"月給26万2,000円",正社員,経理,求人ボックス,https://xn--pckua2a7gp15o89zb.com/jbn/d6edbd7f8a49a9a75ed001ceb0c54a68,True,9時間前,2026-06-20 01:34:51,福岡県
「サポート好きにぴったりの事務」／経理サポート事務／未経験歓迎新着,事務,福岡県,"月給26万1,000円",正社員,経理,求人ボックス,https://xn--pckua2a7gp15o89zb.com/jbn/57085ef5844c916d6f9b45f7621d7ce7,True,8時間前,2026-06-20 01:34:51,福岡県
「コツコツ作業中心の事務ワーク」／経理サポート事務／有給取得率90%新着,事務,福岡県,"月給27万3,000円",正社員,経理,求人ボックス,https://xn--pckua2a7gp15o89zb.com/jbn/735a874b442547b2deea06cee480f749,True,8時間前,2026-06-20 01:34:55,福岡県
経理事務／時給1400円 時短勤務OK!平日勤務 駅近!電話応対なし新着,株式会社スタッフサービス,福岡県,時給1400円,派遣社員,経理,求人ボックス,https://xn--pckua2a7gp15o89zb.com/jb/03727d16616e5c8c6c4acbaed57b690f,True,14時間前,2026-06-20 01:34:55,福岡県
物流会社の一般事務／賞与年2回／週休2日制／研修あり／学歴不問新着,司中九州株式会社 小郡ロジセンター,福岡県,"月給14万5,676円",正社員,経理,求人ボックス,https://xn--pckua2a7gp15o89zb.com/jbn/3696a92b84f10da145c6b74d15977f48,True,20時間前,2026-06-20 01:34:55,福岡県
「データスキルを基礎から習得」／データサイエンティスト／月収30万円以上可／未経験歓迎／教育制度あり新着,株式会社SNJAPAN,福岡県,月給27万円～34万円,正社員,経理,求人ボックス,https://xn--pckua2a7gp15o89zb.com/jbn/7110b0bed94a27d9cabeeb5a9eb52568,True,12時間前,2026-06-20 01:34:59,福岡県
オフィスワーク初挑戦歓迎!入力中心で月収25〜35万円可新着,経理,福岡県,月給25万円～35万円,正社員,経理,求人ボックス,https://xn--pckua2a7gp15o89zb.com/jbn/8d6e18c3d6b745c2e3104b7036a13347,True,6時間前,2026-06-20 01:34:59,福岡県
介護職／ヘルパー／介護付有料老人ホーム／ユニットケア／看護師常駐新着,株式会社シニアライフカンパニ,福岡県,"月給18万8,900円",正社員,看護,求人ボックス,https://xn--pckua2a7gp15o89zb.com/jbn/84270c0c9afefeafea4c210da5fe1f02,True,11時間前,2026-06-20 01:34:35,福岡県
介護職／ヘルパー／老健／夜勤専従／駐車場無料／看護師常駐で安心新着,セントスタッフ株式会社,福岡県,日給2万円～2万,派遣社員,看護,求人ボックス,https://xn--pckua2a7gp15o89zb.com/jbn/d8f6940e43af00125667bdc0ff401774,True,11時間前,2026-06-20 01:34:35,福岡県
歯科看護師・歯科アシスタント・社会保険完備の職場で看護師／准看護師新着,天神中央郵便局北オレンジ歯科,福岡県,"月給24万7,000円",正社員,看護,求人ボックス,https://xn--pckua2a7gp15o89zb.com/jb/e7e08dd8ce1e8856d8ee074db2ea2e17,True,3時間前,2026-06-20 01:34:35,福岡県
介護施設の看護師／准看護師新着,有料老人ホームたいよう拾六町館,福岡県,月給24万780円,正社員,看護,求人ボックス,https://xn--pckua2a7gp15o89zb.com/jb/4e3af37cab788e778d452f414a61cd02,True,3時間前,2026-06-20 01:34:35,福岡県
正看護師・社会保険完備の職場で看護師／准看護師新着,訪問看護ステーションととのい和白,福岡県,"月給34万3,000円",正社員,看護,求人ボックス,https://xn--pckua2a7gp15o89zb.com/jb/bb1e1d609c34fe0626656025d3eb2dd5,True,3時間前,2026-06-20 01:34:40,福岡県
介護施設の看護師／准看護師新着,バプテスト老人保健施設,福岡県,"時給1,505円～1,975円",アルバイト・パート,看護,求人ボックス,https://xn--pckua2a7gp15o89zb.com/jb/f0e71e7fd176c1146ada5f80ad99ebaa,True,4時間前,2026-06-20 01:34:40,福岡県
診療所・クリニックの看護師／准看護師新着,しのだ眼科医院,福岡県,"時給1,300円～1,800円",アルバイト・パート,看護,求人ボックス,https://xn--pckua2a7gp15o89zb.com/jb/5cd0beae2f907b890a229f55f07c5f0e,True,4時間前,2026-06-20 01:34:42,福岡県
一般病院での病棟看護業務／看護師／好待遇／資格必須新着,脳神経リハビリ北大路病院,福岡県,"月給26万9,000円",正社員,看護,求人ボックス,https://xn--pckua2a7gp15o89zb.com/jbn/9510eb04463329f2c5a5a5c969572712,True,17時間前,2026-06-20 01:34:42,福岡県
介護付き有料老人ホームの看護師／未経験OK／看護／日勤のみ新着,はぴね福岡野芥,福岡県,"月給25万1,800円",契約社員,看護,求人ボックス,https://xn--pckua2a7gp15o89zb.com/jb/3aa59399f90f8b5163e80d05e508f264,True,23時間前,2026-06-20 01:34:46,福岡県
病棟での看護師新着,株式会社ドリームキャッチャー,福岡県,月給25万545円,正社員,看護,求人ボックス,https://xn--pckua2a7gp15o89zb.com/jb/9200f27e0246d22f1cb277b0f0c81db9,True,18時間前,2026-06-20 01:34:46,福岡県
正看護師・准看護師／外来 日勤のみ新着,北野クリニック,福岡県,月給20万円,正社員,看護,求人ボックス,https://xn--pckua2a7gp15o89zb.com/jb/1eceec5edd4a43c98227625c9f9bd7e9,True,5時間前,2026-06-20 01:34:46,福岡県
正看護師・准看護師／介護・福祉 日勤のみ／特別養護老人ホーム光寿苑新着,社会福祉法人東合川福祉会,福岡県,"月給19万5,000円",正社員,看護,求人ボックス,https://xn--pckua2a7gp15o89zb.com/jb/0e71824ef962b684dc50f2b50dfbfb8b,True,5時間前,2026-06-20 01:34:46,福岡県
正看護師・准看護師／介護・福祉 日勤のみ／すまいるホーム飯塚新着,有限会社コーエイ,福岡県,"時給1,150円",アルバイト・パート,看護,求人ボックス,https://xn--pckua2a7gp15o89zb.com/jb/3567595ad59eead9dd3bd1f7fbf804ea,True,5時間前,2026-06-20 01:34:50,福岡県
看護師／精神科病棟／病院／徒歩5分／無料駐車場あり／賞与はうれしい4ヶ...新着,医療法人済世会,福岡県,"月給19万5,000円",正社員,看護,求人ボックス,https://xn--pckua2a7gp15o89zb.com/jb/00b1117aaec5d809193569566d0e25c0,True,14時間前,2026-06-20 01:34:50,福岡県
正看護師・准看護師／介護・福祉 2交代／ナーシングヴィラ新着,ユーコネクト株式会社,福岡県,"月給25万7,000円",正社員,看護,求人ボックス,https://xn--pckua2a7gp15o89zb.com/jb/3366279826b324305f19abdfadb66305,True,5時間前,2026-06-20 01:34:53,福岡県
正看護師・准看護師／介護・福祉 日勤のみ／ヒーリングハウス水城新着,有限会社福岡ケアサポート,福岡県,"時給1,200円～",アルバイト・パート,看護,求人ボックス,https://xn--pckua2a7gp15o89zb.com/jb/94da9b22314a996b6a0ef41fd1681d17,True,6時間前,2026-06-20 01:34:56,福岡県
正看護師／外来 日勤のみ／にしだ内科内視鏡クリニック新着,医療法人にしだ内科内視鏡クリニック,福岡県,"時給1,300円～1,500円",アルバイト・パート,看護,求人ボックス,https://xn--pckua2a7gp15o89zb.com/jb/82ff6d12278f362af6d27f1b909a8036,True,5時間前,2026-06-20 01:34:56,福岡県
正看護師／日勤のみ／松永病院新着,医療法人西福岡桜十字,福岡県,"月給24万2,000円",正社員,看護,求人ボックス,https://xn--pckua2a7gp15o89zb.com/jb/fe82c8e1ac6e00d0beee4edef190311f,True,6時間前,2026-06-20 01:34:56,福岡県
看護師／介護施設／徒歩8分／17時30分まで／でプライベートも充実新着,ほっとライフ伊都,福岡県,"時給1,200円～1,350円",アルバイト・パート,看護,求人ボックス,https://xn--pckua2a7gp15o89zb.com/jb/4b7297367d6eec357cd03f67bf4e4585,True,14時間前,2026-06-20 01:34:59,福岡県
看護師／有料老人ホーム新着,株式会社ナーシングホーム ナーシングホームすせんじ,福岡県,月給20万円,正社員,看護,求人ボックス,https://xn--pckua2a7gp15o89zb.com/jb/565c94133bf34894661a209a74c22d36,True,4時間前,2026-06-20 01:34:59,福岡県
正看護師・准看護師／介護・福祉 日勤のみ／特別養護老人ホーム誠松園新着,社会福祉法人浄興寺灯明会,福岡県,"月給22万2,000円",正社員,看護,求人ボックス,https://xn--pckua2a7gp15o89zb.com/jb/f2dda7a371d7eb2141d2b68481f4ae31,True,5時間前,2026-06-20 01:34:59,福岡県
病院の准看護師／経験必須／准看護／日勤のみ新着,河野粕屋病院,福岡県,"時給1,500円～",アルバイト・パート,看護,求人ボックス,https://xn--pckua2a7gp15o89zb.com/jb/291c8a90a62d5ca6a6a9d4c90190ab7e,True,23時間前,2026-06-20 01:34:59,福岡県
正看護師・准看護師／外来 日勤のみ／松田知子皮膚科医院新着,看護,福岡県,"時給1,700円",アルバイト・パート,看護,求人ボックス,https://xn--pckua2a7gp15o89zb.com/jb/d6c51f2bf6608a8a9c7ee6766c8a8f7b,True,5時間前,2026-06-20 01:35:02,福岡県
週3日～ × 日勤のみOK!可能 介護職新着,株式会社ジャストファイン,福岡県,"時給1,300円",派遣社員,治療家,求人ボックス,https://xn--pckua2a7gp15o89zb.com/jb/32e787c813654f8731867bf21c5bde38,True,20時間前,2026-06-20 01:34:56,福岡県
「タレントやスポーツ選手等の送迎」週3日勤務／未経験OK・月収50万円以上・ボーナス支給あり新着,柔道整復師,福岡県,"月給47万6,500円",正社員,治療家,求人ボックス,https://xn--pckua2a7gp15o89zb.com/jbn/af076c04d609aa40241161c772797b51,True,15時間前,2026-06-20 01:34:56,福岡県
「空港への送迎ドライバー」週3日勤務／普通免許で未経験OK／月収50万円以上・賞与2ヶ月分あり新着,柔道整復師,福岡県,"月給47万6,000円",正社員,治療家,求人ボックス,https://xn--pckua2a7gp15o89zb.com/jbn/b8dc9de4ba1c72438449338f837ccef1,True,16時間前,2026-06-20 01:34:56,福岡県
経理事務「未経験入社率80%以上」土日祝休み・残業なし・ネイルOK・20代活躍中新着,...土日休み/ネイル自由/服装自由/ハローワーク/補助 【その他概要】<前職例>製造業 工場勤務 ライン作業 生産管理 設備保全 製鋼 溶接/クレーン・玉掛け 金属加工 板金加工 板金塗装 警備員/,福岡県,"月給18万2,000円",正社員,治療家,求人ボックス,https://xn--pckua2a7gp15o89zb.com/jbn/ddb03d31647ad540e6a65e2a3ed2a846,True,20時間前,2026-06-20 01:34:56,福岡県
タレント・芸能・観光客の送迎ドライバー「週3日勤務」賞与年2回／初年度から月収50万円以上新着,...未経験からでも安心してプロドライバーを目指せる環境です。 【その他特徴】<前職例>製造/工場/ライン作業/生產管理/設備保全/製鋼/溶接クレーン・玉掛/金属加工/板金加工/板金塗装/警備員機械・,福岡県,"月給47万7,000円",正社員,治療家,求人ボックス,https://xn--pckua2a7gp15o89zb.com/jbn/e4a5be33e38a9ce4c5599cc017819e8f,True,16時間前,2026-06-20 01:34:56,福岡県
「週3日勤務」普通免許でスタートできる役員送迎ドライバー／週の残り4日はすべてあなたの自由時間新着,...キャリアアップも全面的にバックアップします。 【その他概要】<前職例>製造/工場/ライン作業/生產管理/設備保全/製鋼/溶接クレーン・玉掛/金属加工/板金加工/板金塗装/警備員機械・電気/倉庫内,福岡県,"月給47万6,000円",正社員,治療家,求人ボックス,https://xn--pckua2a7gp15o89zb.com/jbn/ff55482f8c5db7ebf5b501920b0a1611,True,16時間前,2026-06-20 01:34:56,福岡県
タクシー未経験歓迎／南区×年収500万可×研修制度あり×ミドル世代が稼げる環境新着,...数ヶ月間は月給保証あり。未経験でもしっかり稼げる環境です。 「免許がない」「地理に自信がない」そんな不安も安心!会社全体でサポートします。 【<弊社在籍ドライバーの前職一覧>】警備員/板金塗装/,福岡県,月給40万円～55万円,正社員,治療家,求人ボックス,https://xn--pckua2a7gp15o89zb.com/jbn/4a21ba5dda62a6807aa3120fc39a118f,True,22時間前,2026-06-20 01:34:56,福岡県
「愛知県勤務」交通誘導「今すぐ一人暮らしがしたい」が叶う新着,セキュリティスタッフ株式会社,福岡県,"日給9,500円",正社員,警備,求人ボックス,https://xn--pckua2a7gp15o89zb.com/jb/1c794411550db8e31384c4da86848947,True,1時間前,2026-06-20 01:35:06,福岡県
株式会社 フラットアップ 福岡県福岡市東区の営業所管理職補佐／営業所管理職候補／福岡営業所／株式会社新着,警備,福岡県福岡市東区の営業所管理職補佐／営業所管理職候補／福岡営業所／株式会社,月給22万円～35万円,正社員,警備,求人ボックス,https://xn--pckua2a7gp15o89zb.com/jb/fb6c25a5bc59365bae86dccf5e7baf97,True,22時間前,2026-06-20 01:35:07,福岡県
ピザやサラダの調理STAFF新着,ピザハット柳川店,福岡県,"時給1,057円～",アルバイト・パート,警備,求人ボックス,https://xn--pckua2a7gp15o89zb.com/jb/153553c43736084ba02ea099ec428a4e,True,13時間前,2026-06-20 01:35:07,福岡県
デリバリー・接客新着,ピザハット福岡松崎店,福岡県,"時給1,100円～",アルバイト・パート,警備,求人ボックス,https://xn--pckua2a7gp15o89zb.com/jb/827ce5821a81d1ce12de7b7adf3335b6,True,13時間前,2026-06-20 01:35:07,福岡県
店舗STAFF／調理新着,ピザハットメルクス田川店,福岡県,"時給1,057円～",アルバイト・パート,警備,求人ボックス,https://xn--pckua2a7gp15o89zb.com/jb/13f2cdeedb411ea7573641cedaf82ddd,True,13時間前,2026-06-20 01:35:11,福岡県
デリバリーピザの配達スタッフ新着,ピザハットゆめタウン筑紫野店,福岡県,"時給1,100円～",アルバイト・パート,警備,求人ボックス,https://xn--pckua2a7gp15o89zb.com/jb/2c07a79e497d83fffef0e571f4c2a6d0,True,13時間前,2026-06-20 01:35:11,福岡県
デリバリーピザの配達新着,ピザハット筑後前津店,福岡県,"時給1,100円～",アルバイト・パート,警備,求人ボックス,https://xn--pckua2a7gp15o89zb.com/jb/667080db54fa3a5fca8f0e781b61a565,True,13時間前,2026-06-20 01:35:11,福岡県
ピザメイク・接客新着,ピザハット八幡則松店,福岡県,"時給1,057円～",アルバイト・パート,警備,求人ボックス,https://xn--pckua2a7gp15o89zb.com/jb/419658424ffa9aded2c65fcec8ea1373,True,13時間前,2026-06-20 01:35:14,福岡県
バイクでの配達スタッフ新着,ピザハット吉塚パピヨンガーデン店,福岡県,"時給1,100円～",アルバイト・パート,警備,求人ボックス,https://xn--pckua2a7gp15o89zb.com/jb/778c8481de4e6f18337a3b7e3e390813,True,13時間前,2026-06-20 01:35:14,福岡県
商品のデリバリースタッフ新着,ピザハットアクロスプラザ篠栗店,福岡県,"時給1,100円～",アルバイト・パート,警備,求人ボックス,https://xn--pckua2a7gp15o89zb.com/jb/8663f3eccf3ceebd5cf7ab676b7fb4ee,True,13時間前,2026-06-20 01:35:18,福岡県
商品のお届けスタッフ新着,ピザハット甘木旭町店,福岡県,"時給1,100円～",アルバイト・パート,警備,求人ボックス,https://xn--pckua2a7gp15o89zb.com/jb/d1ed93975594fc6b912cc2029fc66968,True,13時間前,2026-06-20 01:35:18,福岡県
保育補助新着,栄美幼稚園,福岡県,"時給1,070円～1,200円",アルバイト・パート,警備,求人ボックス,https://xn--pckua2a7gp15o89zb.com/jb/9d2fa3f30cb01f8aa3d033397ed4ffee,True,14時間前,2026-06-20 01:35:18,福岡県
博多座の劇場内思想スタッフ新着,株式会社明装舎,福岡県,"時給1,390円",アルバイト・パート,警備,求人ボックス,https://xn--pckua2a7gp15o89zb.com/jb/6e0da16fc6e81d9a9d6531712a5d32de,True,3時間前,2026-06-20 01:35:21,福岡県
デリバリー・接客STAFF新着,ピザハットウエストコート姪浜店,福岡県,"時給1,100円～",アルバイト・パート,警備,求人ボックス,https://xn--pckua2a7gp15o89zb.com/jb/1d263c70276e812d42e9a24d599b23bd,True,13時間前,2026-06-20 01:35:21,福岡県
ピザのトッピングSTAFF新着,ピザハット久留米南町店,福岡県,"時給1,057円～",アルバイト・パート,警備,求人ボックス,https://xn--pckua2a7gp15o89zb.com/jb/1aa12845988f44183c0e2f614c82c644,True,13時間前,2026-06-20 01:35:21,福岡県
ピザデリバリーSTAFF新着,ピザハット皿倉テラス店,福岡県,"時給1,100円～",アルバイト・パート,警備,求人ボックス,https://xn--pckua2a7gp15o89zb.com/jb/a2e6c69cd4ef760c0f615ea3560d259e,True,13時間前,2026-06-20 01:35:21,福岡県
未経験歓迎! 2O代3O代の隊員も責任者として活躍中 高速道路規制員 即日面接、当日採用新着,日本規制警備,福岡県,"日給1万4,000円",正社員,警備,求人ボックス,https://xn--pckua2a7gp15o89zb.com/jb/1a9b317db5c199e67c2e304b62f33262,True,7時間前,2026-06-20 01:35:24,福岡県
高級ブランドショップでのデータ入力・精算スタッフ新着,アイング株式会社 レジ受託部 岩田屋H レジ,福岡県,"時給1,150円～1,300円",アルバイト・パート,警備,求人ボックス,https://xn--pckua2a7gp15o89zb.com/jb/f474e9ad9604b5ccf7bdb29ca28641a5,True,14時間前,2026-06-20 01:35:24,福岡県
高級ブランドショップでのデータ入力・精算スタッフ新着,アイング株式会社 レジ受託部 博多ブランドショップ,福岡県,"時給1,150円～1,300円",アルバイト・パート,警備,求人ボックス,https://xn--pckua2a7gp15o89zb.com/jb/925ad413d01bb4e75378b6681ff133c2,True,14時間前,2026-06-20 01:35:24,福岡県
インスタントカメラの組立／寮費無料／未経験OK／単純作業／工場新着,株式会社KIエージェント 人事窓口1課,福岡県,月給30万円～35万円,正社員,警備,求人ボックス,https://xn--pckua2a7gp15o89zb.com/jb/d3b23d2edf64c7d40077a7f67239becc,True,5時間前,2026-06-20 01:35:30,福岡県
コスメ用品の梱包／未経験OK／寮完備／工場／軽作業／住み込み新着,株式会社KIエージェント第一営業部,福岡県,月給28万円～32万円,正社員,警備,求人ボックス,https://xn--pckua2a7gp15o89zb.com/jb/272957862a0983153f01ffa4e14b054c,True,5時間前,2026-06-20 01:35:33,福岡県
「賞与年2回×月収35万〜可能」近距離の大型トラックドライバー新着,司南九州株式会社,福岡県,月給30万円～35万円,正社員,ドライバー,求人ボックス,https://xn--pckua2a7gp15o89zb.com/jbn/93f211966861e1d4a9f6b09ea3d48687,True,19時間前,2026-06-20 01:35:06,福岡県
「毎日帰れる近距離ルート配送」近距離の大型トラックドライバー新着,司中九州株式会社,福岡県,月給32万円～35万円,正社員,ドライバー,求人ボックス,https://xn--pckua2a7gp15o89zb.com/jbn/6b44e25a2c71bb7b3285e3bf5f577407,True,19時間前,2026-06-20 01:35:06,福岡県
「体に無理のない地場ルート配送」中距離の大型トラックドライバー新着,司福岡株式会社,福岡県,"月給27万2,000円",正社員,ドライバー,求人ボックス,https://xn--pckua2a7gp15o89zb.com/jbn/3c24262efa83f741e29f84ee1cede59c,True,19時間前,2026-06-20 01:35:07,福岡県
大型ドライバー／センター間輸送／土・日もしくは希望日休日新着,株式会社国商運輸,福岡県,"月給38万9,000円",正社員,ドライバー,求人ボックス,https://xn--pckua2a7gp15o89zb.com/jb/9791ed17763bc37ad2534651465694e8,True,3時間前,2026-06-20 01:35:10,福岡県
ドライバー／大型ドライバー 力仕事なしで月収50万円も 安心の半年同乗...新着,株式会社フォレスト,福岡県,"日給7,200円～1万円",正社員,ドライバー,求人ボックス,https://xn--pckua2a7gp15o89zb.com/jb/d3f4918db223d886b0c436ee877003c8,True,19時間前,2026-06-20 01:35:12,福岡県
引越・転居運搬ドライバー新着,株式会社ジャック,福岡県,月給24万円～40万円,正社員,ドライバー,求人ボックス,https://xn--pckua2a7gp15o89zb.com/jb/22b643b2a644915106b5db3b3e0745bd,True,1時間前,2026-06-20 01:35:12,福岡県
ものづくりの基礎から学べる!／ドライバービットケースの出荷準備スタッフ新着,ドライバー,福岡県,"月給33万9,000円",正社員,ドライバー,求人ボックス,https://xn--pckua2a7gp15o89zb.com/jbn/6fcc03414e2af48b05d755dd57e1b919,True,8時間前,2026-06-20 01:35:15,福岡県
地場定期便の大型トラックドライバー／地場定期便／賞与あり／資格取得支援新着,司中九州株式会社 古賀ロジセンター,福岡県,月給28万円～38万円,正社員,ドライバー,求人ボックス,https://xn--pckua2a7gp15o89zb.com/jbn/9d4eb843bf2a802f77113ebaf1ec58ba,True,19時間前,2026-06-20 01:35:15,福岡県
「賞与年2回×月収35万〜可能」近距離の大型トラックドライバー新着,司西九州株式会社,福岡県,月給27万円～35万円,正社員,ドライバー,求人ボックス,https://xn--pckua2a7gp15o89zb.com/jbn/68577c29ecea29ab2ef24fa9f094b4d9,True,19時間前,2026-06-20 01:35:15,福岡県
大型センター間配送ドライバー新着,株式会社ジャパン・リリーフ,福岡県,"時給1,800円～",派遣社員,ドライバー,求人ボックス,https://xn--pckua2a7gp15o89zb.com/jb/f7a29ac5d4949abdfd41aaf7de15beba,True,18時間前,2026-06-20 01:35:19,福岡県
大型ドライバー／経験者歓迎／長距離／高定着率／ミドル層活躍／大型連休有新着,フロンタル株式会社,福岡県,月給40万円～50万円,正社員,ドライバー,求人ボックス,https://xn--pckua2a7gp15o89zb.com/jb/87b48c0573edbc6a1aa8b8c8289d91ed,True,11時間前,2026-06-20 01:35:23,福岡県
日勤の中型トラックドライバー新着,株式会社幸栄トランスポート,福岡県,"月給28万8,000円",正社員,ドライバー,求人ボックス,https://xn--pckua2a7gp15o89zb.com/jb/d74bf00332ebf1c158669228fd09a33d,True,12時間前,2026-06-20 01:35:26,福岡県
自動車部品や食料・飲料を運ぶ 4tドライバー新着,株式会社ユニットロード田島,福岡県,"月給21万7,800円",正社員,ドライバー,求人ボックス,https://xn--pckua2a7gp15o89zb.com/jb/8834453c1ebac7517e27052dc6d5820d,True,7時間前,2026-06-20 01:35:26,福岡県
ドライバー・運転手、配達・配送・宅配便／直行直帰OK新着,JCSロジスコ株式会社,福岡県,,,ドライバー,求人ボックス,https://xn--pckua2a7gp15o89zb.com/jb/1f290dbe48cfea575177fe4e58998f54,True,1時間前,2026-06-20 01:35:29,福岡県
トレーラードライバー新着,イーストアジア物流株式会社,福岡県,月給50万円～60万円,正社員,ドライバー,求人ボックス,https://xn--pckua2a7gp15o89zb.com/jb/aa4575fd9967eddec6e52aa995be434d,True,10時間前,2026-06-20 01:35:33,福岡県
時計盤の製造スタッフ／月給34万円以上／未経験歓迎／寮完備新着,合同会社タカノワーク,福岡県,月給34万円,正社員,製造,求人ボックス,https://xn--pckua2a7gp15o89zb.com/jb/270b5fa4c4f8aea8a8259e55b6e4fcc1,True,4時間前,2026-06-20 01:35:12,福岡県
「27卒」スナック菓子・お菓子の製造スタッフ・資格不問「正社員新着,株式会社キソシン,福岡県,"月給26万3,600円",正社員,製造,求人ボックス,https://xn--pckua2a7gp15o89zb.com/jbn/6f00cd41cedaac37a5b8f1450c2a5692,True,5時間前,2026-06-20 01:35:12,福岡県
ネイルグッズの製造スタッフ「27卒」正社員・寮・社宅あり・昇給年1回以...新着,ベンタス株式会社,福岡県,"月給26万3,600円",正社員,製造,求人ボックス,https://xn--pckua2a7gp15o89zb.com/jbn/a897df2f343b4b629803b3091b53c112,True,7時間前,2026-06-20 01:35:12,福岡県
「27卒」カプセルトイ製造スタッフ・「正社員」即入寮可・資格取得支援新着,株式会社LOP,福岡県,"月給26万3,600円",正社員,製造,求人ボックス,https://xn--pckua2a7gp15o89zb.com/jbn/039e2b370fc9bbb9375cf0c0720d278f,True,6時間前,2026-06-20 01:35:13,福岡県
未経験採用枠「第2新卒活躍中!」ガチャガチャ製造スタッフ／高収入／寮新着,AQUARIUS株式会社,福岡県,"月給31万6,600円",正社員,製造,求人ボックス,https://xn--pckua2a7gp15o89zb.com/jbn/c17c817f7823d02c00ee5106c07c4c0a,True,3時間前,2026-06-20 01:35:13,福岡県
キャンプ用品の製造スタッフ「27卒」「有給消化率高い・退職金制度あり」...新着,株式会社Le Lien,福岡県,"月給25万5,800円",正社員,製造,求人ボックス,https://xn--pckua2a7gp15o89zb.com/jbn/255887d5d14fa7df94c9c68dd145a434,True,7時間前,2026-06-20 01:35:13,福岡県
未経験採用枠「第2新卒活躍中!」ガチャガチャ製造スタッフ／高収入／寮新着,Yts株式会社,福岡県,"月給31万2,400円",正社員,製造,求人ボックス,https://xn--pckua2a7gp15o89zb.com/jbn/294db7f7d50b27014d024cacd019525f,True,3時間前,2026-06-20 01:35:16,福岡県
未経験採用枠「第2新卒活躍中!」ガチャガチャ製造スタッフ／高収入／寮新着,株式会社RIOT,福岡県,"月給29万5,800円",正社員,製造,求人ボックス,https://xn--pckua2a7gp15o89zb.com/jbn/56af45d889ae5fb7506da8b4d3679767,True,3時間前,2026-06-20 01:35:16,福岡県
スケートボードの製造スタッフ「27卒」研修充実／即入寮可／寮・社宅あり新着,JHRconsulting株式会社,福岡県,"月給25万5,800円",正社員,製造,求人ボックス,https://xn--pckua2a7gp15o89zb.com/jbn/88e604e47592289230f974f7d7e34a47,True,7時間前,2026-06-20 01:35:16,福岡県
PC好きにおすすめ!／パソコンの製造スタッフ／年間休日139日新着,製造,福岡県,"月給38万1,500円",正社員,製造,求人ボックス,https://xn--pckua2a7gp15o89zb.com/jbn/b02a9086ac595655089cde71598f7c92,True,8時間前,2026-06-20 01:35:19,福岡県
未経験採用枠「第2新卒活躍中!」ガチャガチャ製造スタッフ／高収入新着,株式会社RIOT GROUP,福岡県,"月給31万3,000円",正社員,製造,求人ボックス,https://xn--pckua2a7gp15o89zb.com/jbn/f209c64de038e16321d2e2d9339ebf55,True,3時間前,2026-06-20 01:35:19,福岡県
「27卒」ボードゲーム・パズル製造スタッフ・未経験歓迎「正社員新着,株式会社GUM,福岡県,"月給25万5,800円",正社員,製造,求人ボックス,https://xn--pckua2a7gp15o89zb.com/jbn/6d595de8cbbaa459d66dcd09b02686ce,True,6時間前,2026-06-20 01:35:23,福岡県
「27卒」ボードゲーム・パズル製造スタッフ・資格不問「正社員新着,株式会社Meta Sales,福岡県,"月給25万5,800円",正社員,製造,求人ボックス,https://xn--pckua2a7gp15o89zb.com/jbn/3f818b7b1c1ddbc2a88d1c7891b1ff94,True,7時間前,2026-06-20 01:35:23,福岡県
フィギュア製造スタッフ「27卒」寮・社宅あり／週休2日制・入社祝い金あ...新着,株式会社大斗,福岡県,"月給26万3,600円",正社員,製造,求人ボックス,https://xn--pckua2a7gp15o89zb.com/jbn/4759b94efff9162516c5a48983e5dfe9,True,5時間前,2026-06-20 01:35:23,福岡県
グミの袋の製造スタッフ新着,製造,福岡県,"月給26万9,000円",正社員,製造,求人ボックス,https://xn--pckua2a7gp15o89zb.com/jbn/dcbc3664eee7edffe84bd54154a6f5a0,True,1時間前,2026-06-20 01:35:23,福岡県
カードゲーム業界を支える!／カードゲームグッズの製造スタッフ新着,製造,福岡県,"月給32万8,500円",正社員,製造,求人ボックス,https://xn--pckua2a7gp15o89zb.com/jbn/f14a8f8efdb44503d2a9aab86d3c6696,True,8時間前,2026-06-20 01:35:26,福岡県
貯金が底をつき、働く場所を探している人・男女ともに活躍できる職場環境新着,株式会社オーヴァル,福岡県,"月給36万8,000円",正社員,製造,求人ボックス,https://xn--pckua2a7gp15o89zb.com/jb/f0fe783d755f4c7fe1a12a55adb6bb3f,True,5時間前,2026-06-20 01:35:26,福岡県
キャラクター景品を扱う仕事!／クレーンゲーム景品の企画製造スタッフ新着,製造,福岡県,"月給34万8,500円",正社員,製造,求人ボックス,https://xn--pckua2a7gp15o89zb.com/jbn/77de93f0ea9a3e7ebb25fd1199cede57,True,7時間前,2026-06-20 01:35:29,福岡県
製造スタッフ 金欠から大逆転 週払いOK 簡単軽作業·仕分けスタッフ新着,株式会社Brave,福岡県,月給31万円～39万,正社員,製造,求人ボックス,https://xn--pckua2a7gp15o89zb.com/jb/271a6472c38ad4d63b390d02338a9c56,True,14時間前,2026-06-20 01:35:33,福岡県
盤面パーツを仕上げる仕事!／パチンコ台盤面の製造スタッフ／車通勤OK新着,製造,福岡県,"月給38万5,000円",正社員,製造,求人ボックス,https://xn--pckua2a7gp15o89zb.com/jbn/60f325e1badb06632a9b5b674d01caa8,True,7時間前,2026-06-20 01:35:33,福岡県
キャラクター景品を扱う仕事!人気求人／クレーンゲーム景品の企画製造スタッフ／寮完備／年間休日131日新着,製造,福岡県,"月給34万8,500円",正社員,製造,求人ボックス,https://xn--pckua2a7gp15o89zb.com/jbn/0c9174dc60def69bb64b4f6305029fa9,True,8時間前,2026-06-20 01:35:33,福岡県
ガジェット好き必見!／パソコンの製造スタッフ／年間休日130日新着,製造,福岡県,"月給35万9,500円",正社員,製造,求人ボックス,https://xn--pckua2a7gp15o89zb.com/jbn/02ed223aae646ffd9d3a8847a7d7be8e,True,7時間前,2026-06-20 01:35:33,福岡県
「人気商品の製造スタッフ!」／日焼け止めの製造／寮完備寮費無料新着,製造,福岡県,"月給34万9,000円",正社員,製造,求人ボックス,https://xn--pckua2a7gp15o89zb.com/jbn/012becd3ae5bcbeebe4f38d83001bdba,True,7時間前,2026-06-20 01:35:36,福岡県
未経験採用枠「第2新卒活躍中!」ガチャガチャ製造スタッフ／高収入／寮新着,株式会社小林,福岡県,"月給32万2,000円",正社員,製造,求人ボックス,https://xn--pckua2a7gp15o89zb.com/jbn/7610ffe7164517d51516061199e55dcd,True,3時間前,2026-06-20 01:35:36,福岡県
カップ麺の容器製造・検品スタッフ／30代40代活躍中です 未経験歓迎新着,キャリアネクスト,福岡県,月給34万円～,契約社員,製造,求人ボックス,https://xn--pckua2a7gp15o89zb.com/jb/5842007ec64a707fc1797b52dbe8fab1,True,23時間前,2026-06-20 01:35:39,福岡県
安定収入／ゲーム関連アクセサリーの製造スタッフ／未経験OK／寮完備新着,株式会社アテナスタイル,福岡県,月給29万円～,正社員,製造,求人ボックス,https://xn--pckua2a7gp15o89zb.com/jb/a287d009cae96ae3f85867d79a9054dd,True,22時間前,2026-06-20 01:35:39,福岡県
夜間オフィス清掃スタッフ新着,ALSOKファシリティーズ株式会社,福岡県,"時給1,060円",アルバイト・パート,清掃,求人ボックス,https://xn--pckua2a7gp15o89zb.com/jb/db9cd6f875201ba052b7a8bea6c1c925,True,15時間前,2026-06-20 01:35:37,福岡県
総合病院での清掃スタッフ新着,光栄建物管理株式会社,福岡県,"時給1,100円",アルバイト・パート,清掃,求人ボックス,https://xn--pckua2a7gp15o89zb.com/jb/82f3e82d9adbb95c67ffc2db9004e13e,True,3時間前,2026-06-20 01:35:37,福岡県
大学キャンパス内の清掃スタッフ新着,三洋ビル管理株式会社,福岡県,"時給1,060円",アルバイト・パート,清掃,求人ボックス,https://xn--pckua2a7gp15o89zb.com/jb/8a6551e535e7a74496bbb782d8e9264b,True,6時間前,2026-06-20 01:35:37,福岡県
大牟田天然温泉最高の湯・スパリゾートの清掃スタッフ新着,大牟田天然温泉 最高の湯,福岡県,"時給1,060円～",アルバイト・パート,清掃,求人ボックス,https://xn--pckua2a7gp15o89zb.com/jb/1cca628855315fce65338379857184d6,True,15時間前,2026-06-20 01:35:37,福岡県
美容室内の清掃スタッフ新着,美容プラージュ 中洲川端店,福岡県,"時給1,060円",アルバイト・パート,清掃,求人ボックス,https://xn--pckua2a7gp15o89zb.com/jb/18b4a6735b4b11e9bd4537831f64902b,True,9時間前,2026-06-20 01:35:37,福岡県
賃貸住宅のお掃除スタッフ／清掃新着,日本総合住生活株式会社,福岡県,"時給1,140円～1,170円",アルバイト・パート,清掃,求人ボックス,https://xn--pckua2a7gp15o89zb.com/jb/8652472303eda69eafa8cd41aa19c5b1,True,22時間前,2026-06-20 01:35:37,福岡県
客室清掃スタッフ新着,ホテル YOUME TSUKASA,福岡県,"時給1,130円～1,445円",アルバイト・パート,清掃,求人ボックス,https://xn--pckua2a7gp15o89zb.com/jb/9c7e7e173f5e56f6e488311fb7a5b8ae,True,9時間前,2026-06-20 01:35:37,福岡県
清掃スタッフ新着,株式会社LEOC 日本モーターボート競走会 芦屋...,福岡県,"時給1,200円～1,300円",アルバイト・パート,清掃,求人ボックス,https://xn--pckua2a7gp15o89zb.com/jb/e828543c47bc8ae49168788feb2869cd,True,22時間前,2026-06-20 01:35:37,福岡県
スーパー精肉売場の見切り・作業場清掃スタッフ／ゆめマート柳川新着,株式会社イズミ,福岡県,"時給1,065円",アルバイト・パート,清掃,求人ボックス,https://xn--pckua2a7gp15o89zb.com/jb/c0837b8dbe06350df0dad03f6bb69740,True,3時間前,2026-06-20 01:35:38,福岡県
清掃・配膳スタッフ新着,株式会社クリエイティブスタッフ大和 古賀典礼会館,福岡県,"日給5,000円～1万",,清掃,求人ボックス,https://xn--pckua2a7gp15o89zb.com/jb/b10324f8213d3e4555b31f193b3c5494,True,8時間前,2026-06-20 01:35:38,福岡県
清掃・配膳スタッフ新着,株式会社クリエイティブスタッフ大和 香椎典礼会館,福岡県,"日給5,000円～1万",,清掃,求人ボックス,https://xn--pckua2a7gp15o89zb.com/jb/fddfd1b9e20413d003d267e2c01d74cd,True,8時間前,2026-06-20 01:35:38,福岡県
清掃・配膳スタッフ新着,株式会社クリエイティブスタッフ大和 博多典礼会館,福岡県,"日給5,000円～1万",,清掃,求人ボックス,https://xn--pckua2a7gp15o89zb.com/jb/9da89bdb77da01725a8d78b54ceaf5cd,True,8時間前,2026-06-20 01:35:38,福岡県
企業の保養所の管理清掃スタッフ 週末の客室清掃、ダブルワークOK!新着,株式会社西日本ビル代行,福岡県,"時給1,060円～",アルバイト・パート,清掃,求人ボックス,https://xn--pckua2a7gp15o89zb.com/jb/60494e5a725657b872cb4930ddc4fe9e,True,8時間前,2026-06-20 01:35:38,福岡県
温泉旅館の清掃スタッフ新着,ふかほり邸,福岡県,"時給1,060円",アルバイト・パート,清掃,求人ボックス,https://xn--pckua2a7gp15o89zb.com/jb/2faa40ad5f6af92347760c4160d173b1,True,15時間前,2026-06-20 01:35:38,福岡県
マンションの日常清掃スタッフ新着,株式会社アドバンスサービス,福岡県,"時給1,200円",アルバイト・パート,清掃,求人ボックス,https://xn--pckua2a7gp15o89zb.com/jb/4724299983d6634b31d4850a79cbb4da,True,1時間前,2026-06-20 01:35:41,福岡県
エフコープかすや店内の清掃スタッフ!短時間勤務!未経験者歓迎新着,株式会社ボイス,福岡県,"時給1,305円～",アルバイト・パート,清掃,求人ボックス,https://xn--pckua2a7gp15o89zb.com/jb/a85b1543af98943904995828b8076386,True,13時間前,2026-06-20 01:35:41,福岡県
案内・受付／PC・データ入力／客室清掃 フロントマルチスタッフ新着,株式会社GHP,福岡県,"時給1,057円～1,321円",アルバイト・パート,清掃,求人ボックス,https://xn--pckua2a7gp15o89zb.com/jb/a6e127b2412f2249456ebd115636974f,True,2時間前,2026-06-20 01:35:41,福岡県
"未経験から始められる清掃ワーク! 時給1,300円! 午前の短時間勤務...新着",有限会社浜村商会,福岡県,"時給1,300円",アルバイト・パート,清掃,求人ボックス,https://xn--pckua2a7gp15o89zb.com/jb/403cbf6dc7bd89b1261bcdb2add04486,True,7時間前,2026-06-20 01:35:41,福岡県
ホテルの特別清掃スタッフ新着,株式会社つくし,福岡県,"時給1,060円～",アルバイト・パート,清掃,求人ボックス,https://xn--pckua2a7gp15o89zb.com/jb/826242be7839cb5942951c8dbe2f3bdc,True,3時間前,2026-06-20 01:35:41,福岡県
クリーンサービススタッフ／清掃新着,スーパーセンタートライアル TRIAL 直方店,福岡県,"時給1,057円～",アルバイト・パート,清掃,求人ボックス,https://xn--pckua2a7gp15o89zb.com/jb/4c4da5bee82528dbefea558436caca64,True,22時間前,2026-06-20 01:35:41,福岡県
クリーンサービススタッフ／清掃新着,スーパーセンタートライアル TRIAL 桂川店,福岡県,"時給1,057円～",アルバイト・パート,清掃,求人ボックス,https://xn--pckua2a7gp15o89zb.com/jb/68c8df3849d03de8b2e8d19c0e7e77c3,True,22時間前,2026-06-20 01:35:41,福岡県
クリーンサービススタッフ／清掃新着,スーパーセンタートライアル TRIAL 大牟田店,福岡県,"時給1,057円～",アルバイト・パート,清掃,求人ボックス,https://xn--pckua2a7gp15o89zb.com/jb/d3bfe59de3605f66a886e3be3e38267e,True,22時間前,2026-06-20 01:35:44,福岡県
車両点検・清掃・他軽作業スタッフ新着,タイムズモビリティ株式会社 運営ユニット 運営グ...,福岡県,"時給1,230円～",アルバイト・パート,清掃,求人ボックス,https://xn--pckua2a7gp15o89zb.com/jb/c8cd85c442aabd93d7f2785983dbb410,True,23時間前,2026-06-20 01:35:44,福岡県
クリーンサービススタッフ／清掃新着,TRIALsmart今宿店,福岡県,"時給1,100円～",アルバイト・パート,清掃,求人ボックス,https://xn--pckua2a7gp15o89zb.com/jb/98f31b84622a413fabafd8b0c88c6254,True,22時間前,2026-06-20 01:35:44,福岡県
ショッピングモールの清掃スタッフ新着,株式会社ホットスタッフ久留米,福岡県,"時給1,150円",派遣社員,清掃,求人ボックス,https://xn--pckua2a7gp15o89zb.com/jb/5b34b9bf012c88d67f08e8162a2ba050,True,7時間前,2026-06-20 01:35:44,福岡県
クリーンサービススタッフ／清掃新着,スーパーセンタートライアル TRIAL 上三緒店,福岡県,"時給1,057円～",アルバイト・パート,清掃,求人ボックス,https://xn--pckua2a7gp15o89zb.com/jb/a0cf826b2ad34499fc2aaae8834c942c,True,22時間前,2026-06-20 01:35:44,福岡県
クリーンサービススタッフ／清掃新着,メガセンタートライアル TRIAL 新宮店,福岡県,"時給1,080円～",アルバイト・パート,清掃,求人ボックス,https://xn--pckua2a7gp15o89zb.com/jb/59b6613d89149f123bde274ffe6af26a,True,22時間前,2026-06-20 01:35:44,福岡県
クリーンサービススタッフ／清掃新着,メガセンタートライアル TRIAL 中間店,福岡県,"時給1,057円～",アルバイト・パート,清掃,求人ボックス,https://xn--pckua2a7gp15o89zb.com/jb/38d6e9582bd21ecdc2056327e9e19159,True,22時間前,2026-06-20 01:35:47,福岡県
クリーンサービススタッフ／清掃新着,スーパーセンタートライアル TRIAL 筑後店,福岡県,"時給1,100円～",アルバイト・パート,清掃,求人ボックス,https://xn--pckua2a7gp15o89zb.com/jb/004f6b9e614facd1a8bebf39e78fffa8,True,22時間前,2026-06-20 01:35:47,福岡県
クリーンサービススタッフ／清掃新着,スーパーセンタートライアル福智店,福岡県,"時給1,057円～",アルバイト・パート,清掃,求人ボックス,https://xn--pckua2a7gp15o89zb.com/jb/d1e3c7adee29e68aceef1b5cb398b9bd,True,22時間前,2026-06-20 01:35:47,福岡県
クリーンサービススタッフ／清掃新着,スーパーセンタートライアル TRIAL 久留米上...,福岡県,"時給1,100円～",アルバイト・パート,清掃,求人ボックス,https://xn--pckua2a7gp15o89zb.com/jb/729e307da4b91a85fae50e7d4552f76f,True,22時間前,2026-06-20 01:35:47,福岡県
病院の清掃スタッフ新着,サマンサジャパン,福岡県,"時給1,110円～1,160円",アルバイト・パート,清掃,求人ボックス,https://xn--pckua2a7gp15o89zb.com/jb/05df4fe5201416d4919e4af9f2e301fd,True,14時間前,2026-06-20 01:35:47,福岡県
ビル内清掃／九工大内／未経験歓迎／時給1060円／女性活躍中新着,有限会社クリーンズ,福岡県,時給1060円,アルバイト・パート,清掃,求人ボックス,https://xn--pckua2a7gp15o89zb.com/jb/34dd5405811149e6c1bfa90bd7e30b35,True,21時間前,2026-06-20 01:35:47,福岡県
フィットネスジムの店舗スタッフ新着,エニタイムフィットネス 前原,福岡県,"時給1,110円",アルバイト・パート,清掃,求人ボックス,https://xn--pckua2a7gp15o89zb.com/jb/6f6ea2c85cf2925955a39a4ff2e015f5,True,8時間前,2026-06-20 01:35:51,福岡県
管理員・清掃員新着,株式会社合人社計画研究所,福岡県,"月給7万1,300円",,清掃,求人ボックス,https://xn--pckua2a7gp15o89zb.com/jb/3d0bae43476c4bff3972e0b905e4a018,True,6時間前,2026-06-20 01:35:51,福岡県
高級車の洗車スタッフ新着,株式会社ユース,福岡県,"時給1,300円",派遣社員,清掃,求人ボックス,https://xn--pckua2a7gp15o89zb.com/jb/fe06bab4ada470074d6bc12aa6a6d8c0,True,23時間前,2026-06-20 01:35:51,福岡県
スーパー清掃サポート新着,株式会社夢屋,福岡県,"時給1,100円～",アルバイト・パート,清掃,求人ボックス,https://xn--pckua2a7gp15o89zb.com/jb/4e25877d0b7fa94796fb3c0e866f08ed,True,6時間前,2026-06-20 01:35:51,福岡県
未経験歓迎 週2日～4.5h勤務 博多駅前の綺麗なホテル オープニング募集新着,株式会社ダスメルクリーン,福岡県,"時給1,200円～1,300円",アルバイト・パート,清掃,求人ボックス,https://xn--pckua2a7gp15o89zb.com/jb/9a68bf32d2ebce992e9bc4f70f5a6d63,True,10時間前,2026-06-20 01:35:54,福岡県
「第2新卒活躍中!」事務補助スタッフ／働きやすい環境／年間休日125日以上新着,Yts株式会社,福岡県,月給32万100円,正社員,清掃,求人ボックス,https://xn--pckua2a7gp15o89zb.com/jbn/d1df13af350e4f76715e8bbdc5190f52,True,2時間前,2026-06-20 01:35:54,福岡県
「月給最大50万円!?」／焼き鳥店の調理スタッフ／福利厚生充実／未経験歓迎／20~30代活躍中新着,スタッフ,福岡県,月給28万円～33万円,正社員,清掃,求人ボックス,https://xn--pckua2a7gp15o89zb.com/jbn/ee960f97f696495fcf983f645a1bacc1,True,9時間前,2026-06-20 01:35:54,福岡県
「第2新卒活躍中!」オフィスサポートアシスタント／年間休日125日以上新着,株式会社小林,福岡県,"月給31万6,400円",正社員,清掃,求人ボックス,https://xn--pckua2a7gp15o89zb.com/jbn/29becaa0ba653387099e85f2202e9071,True,2時間前,2026-06-20 01:35:54,福岡県
クリーンスタッフ新着,北九州ふよう株式会社,福岡県,月給18万535円,正社員,清掃,求人ボックス,https://xn--pckua2a7gp15o89zb.com/jb/62d7f50be382da783c475ea18728ecd3,True,2時間前,2026-06-20 01:35:58,福岡県
「第2新卒活躍中!」PC事務アシスタント／年間休日125日以上／若手活躍新着,株式会社RIOT GROUP,福岡県,"月給32万1,500円",正社員,清掃,求人ボックス,https://xn--pckua2a7gp15o89zb.com/jbn/9266c4c26d058b70f01f03879bb19418,True,2時間前,2026-06-20 01:35:58,福岡県
「第2新卒活躍中!」オフィスワークアシスタント／休暇充実／イベント多数新着,AQUARIUS株式会社,福岡県,"月給32万3,500円",正社員,清掃,求人ボックス,https://xn--pckua2a7gp15o89zb.com/jbn/e8f0ce3a059be63357239165498266ba,True,2時間前,2026-06-20 01:35:58,福岡県
工場まわりの草刈り・芝刈り新着,ヒューマンブリッジ株式会社,福岡県,"時給1,126円～1,408円",派遣社員,清掃,求人ボックス,https://xn--pckua2a7gp15o89zb.com/jb/9d0d52bbc19ddd4f42e2f0a49a45b546,True,6時間前,2026-06-20 01:35:58,福岡県
「第2新卒活躍中!」PC事務アシスタント／年間休日125日以上／若手活躍新着,株式会社RIOT,福岡県,"月給31万4,100円",正社員,清掃,求人ボックス,https://xn--pckua2a7gp15o89zb.com/jbn/d52b411ea167cb97ecb750260a059885,True,2時間前,2026-06-20 01:35:58,福岡県
レストラン・専門料理店新着,株式会社アシュラン,福岡県,月給17万円～26万,正社員,清掃,求人ボックス,https://xn--pckua2a7gp15o89zb.com/jbn/2bb05ff6cdad57c0e1bb23d60668107c,True,12時間前,2026-06-20 01:35:58,福岡県
レストラン・専門料理店新着,株式会社タカスイ,福岡県,"月給20万6,000円",正社員,清掃,求人ボックス,https://xn--pckua2a7gp15o89zb.com/jbn/04053120de8e2036a48946cfb8a55477,True,12時間前,2026-06-20 01:35:58,福岡県
輸入車ディーラーで回送と軽作業新着,アイスタッフ株式会社,福岡県,"時給1,300円",派遣社員,清掃,求人ボックス,https://xn--pckua2a7gp15o89zb.com/jb/0f6762c2c2a4c7871783dc1f2858dbd4,True,15時間前,2026-06-20 01:36:02,福岡県
レストラン・専門料理店新着,株式会社サン・ルート,福岡県,月給27万円～40万円,正社員,清掃,求人ボックス,https://xn--pckua2a7gp15o89zb.com/jbn/d9aea7a129001f910d1dd0dee50b920a,True,13時間前,2026-06-20 01:36:02,福岡県
レストラン・専門料理店新着,有限会社プロムナード,福岡県,月給22万円～30万円,正社員,清掃,求人ボックス,https://xn--pckua2a7gp15o89zb.com/jbn/8810f0ccd984200b0e8bb51302d50f96,True,13時間前,2026-06-20 01:36:02,福岡県
ピザの調理スタッフ新着,ピザハット苅田駅前店,福岡県,"時給1,057円～",アルバイト・パート,清掃,求人ボックス,https://xn--pckua2a7gp15o89zb.com/jb/ce97578d4abaad52a4db5ff06b7c2f73,True,13時間前,2026-06-20 01:36:02,福岡県
ガチャガチャ整備スタッフ「27卒」正社員／駅チカ・20代活躍中・社会保険完備・未経験歓迎新着,株式会社enrich technology,福岡県,"月給25万5,800円",正社員,清掃,求人ボックス,https://xn--pckua2a7gp15o89zb.com/jbn/03ac9da96b7ebf05687db71270c8ec62,True,6時間前,2026-06-20 01:36:02,福岡県
「すぐ働いて収入を安定させたい方へ」／寿司店の調理師／福利厚生充実／20~30代活躍中新着,ホール業務 接客対応 オーダー受付 レジ対応 キッチン業務 調理業務 盛り付け ドリンク作成 仕込み作業 食材管理,福岡県,月給30万円～50万円,正社員,清掃,求人ボックス,https://xn--pckua2a7gp15o89zb.com/jbn/9d9b3485dbbc15ad7c66e02a37c460d7,True,10時間前,2026-06-20 01:36:02,福岡県
「応募から内定までスムーズ対応」／焼き鳥店のホール／未経験歓迎／20~30代活躍中新着,スタッフ,福岡県,月給30万円～50万円,正社員,清掃,求人ボックス,https://xn--pckua2a7gp15o89zb.com/jbn/89a8f62da313699eb08dd71bd5b20e7d,True,9時間前,2026-06-20 01:36:05,福岡県
レストラン・専門料理店新着,株式会社平四郎,福岡県,月給17万円～26万円,正社員,清掃,求人ボックス,https://xn--pckua2a7gp15o89zb.com/jbn/09d93c851fcadd740082f115b761f012,True,13時間前,2026-06-20 01:36:05,福岡県
「即入社希望の方を積極採用中」／もんじゃ焼き店の調理担当／まかないあり／20~30代活躍中新着,スタッフ,福岡県,月給30万円～50万円,正社員,清掃,求人ボックス,https://xn--pckua2a7gp15o89zb.com/jbn/ac1e983d3120bcbc20fe720fb0809e3e,True,10時間前,2026-06-20 01:36:05,福岡県
「鉄板を囲む人気店」／もんじゃ焼き店の調理スタッフ／月給30万円可／未経験歓迎／マイカー通勤可新着,スタッフ,福岡県,月給30万円,正社員,清掃,求人ボックス,https://xn--pckua2a7gp15o89zb.com/jbn/e3303bc369c86058284faee774431f12,True,9時間前,2026-06-20 01:36:05,福岡県
保育士新着,社会福祉法人公正福祉会,福岡県,"時給1,450円",派遣社員,派遣,求人ボックス,https://xn--pckua2a7gp15o89zb.com/jb/b5e24fa0ca495432c78aa96739648eef,True,19時間前,2026-06-20 01:35:37,福岡県
保育士新着,社会福祉法人育栄会,福岡県,"時給1,320円～1,500円",派遣社員,派遣,求人ボックス,https://xn--pckua2a7gp15o89zb.com/jb/b8e49c5f9b3e35dfb8f5e35bec71fb23,True,19時間前,2026-06-20 01:35:37,福岡県
子育て支援員新着,社会福祉法人飛鳥会,福岡県,"時給1,350円",派遣社員,派遣,求人ボックス,https://xn--pckua2a7gp15o89zb.com/jb/cad5360d931e6a8dcfd77a695b4c547e,True,19時間前,2026-06-20 01:35:37,福岡県
保育士新着,社会福祉法人花園会,福岡県,"月給21万2,574円",正社員,派遣,求人ボックス,https://xn--pckua2a7gp15o89zb.com/jb/30042592d09f570cc42878993169f985,True,19時間前,2026-06-20 01:35:37,福岡県
保育士新着,社会福祉法人光会,福岡県,"時給1,400円",派遣社員,派遣,求人ボックス,https://xn--pckua2a7gp15o89zb.com/jb/05aa82d642868cebb358f3cf87287c78,True,19時間前,2026-06-20 01:35:37,福岡県
介護職／ヘルパー／福岡市東区箱崎／デイサービス／日勤のみ／駅から徒歩5分新着,セントスタッフ株式会社,福岡県,"時給1,200円～1,500円",派遣社員,派遣,求人ボックス,https://xn--pckua2a7gp15o89zb.com/jbn/8a61344d07b912fccb42338d0b54e799,True,11時間前,2026-06-20 01:35:37,福岡県
携帯ショップ向け派遣コーディネーター／20代活躍中／未経験・第二新卒／土日祝休み／賞与あり新着,<仕事内容>携帯ショップなどに,福岡県,月給20万円～23万円,正社員,派遣,求人ボックス,https://xn--pckua2a7gp15o89zb.com/jbn/c2706606b4e634e2498ac479882e7aac,True,3時間前,2026-06-20 01:35:38,福岡県
介護職／ヘルパー／小倉北区下富野／訪問看護ステーション／リハビリスタッフ／産休代替新着,株式会社IWASAKI,福岡県,"時給1,600円～1,700円",正社員,派遣,求人ボックス,https://xn--pckua2a7gp15o89zb.com/jbn/2d5057812d0bf9b0c3649ac4421b6541,True,11時間前,2026-06-20 01:35:38,福岡県
保育士新着,社会福祉法人福岡市保育協会,福岡県,"時給1,500円",派遣社員,派遣,求人ボックス,https://xn--pckua2a7gp15o89zb.com/jb/65b8a3aefae7c03fc138b026cc9a38d0,True,19時間前,2026-06-20 01:35:38,福岡県
9~17時 事務センターで書類作成新着,スタッフ,福岡県,"時給1,200円～1,350円",派遣社員,派遣,求人ボックス,https://xn--pckua2a7gp15o89zb.com/jb/558df44d8c7031d17bc17cf0583c53b5,True,9時間前,2026-06-20 01:35:38,福岡県
一般事務・OA事務／リフレッシュルーム完備 未経験OKコツコツ事務新着,パーソルテンプスタッフ株式会社,福岡県,"時給1,250円",派遣社員,派遣,求人ボックス,https://xn--pckua2a7gp15o89zb.com/jb/eef18399802a1660763301388d95abbf,True,16時間前,2026-06-20 01:35:38,福岡県
派遣営業・人材コーディネーター／20代活躍中／未経験・第二新卒／土日祝休み／賞与あり新着,スタッフ,福岡県,月給23万円～28万,正社員,派遣,求人ボックス,https://xn--pckua2a7gp15o89zb.com/jbn/cf64eae892cb235ff9e41300297e6f4e,True,2時間前,2026-06-20 01:35:41,福岡県
住宅CADオペレーター 9:30出社&残業なし 修正から新着,株式会社アットキャド,福岡県,"時給1,700円～1,900円",派遣社員,派遣,求人ボックス,https://xn--pckua2a7gp15o89zb.com/jb/061dff7757ee8c39ac382cc78816f38b,True,10時間前,2026-06-20 01:35:41,福岡県
テレマーケティング／人材業界でのインサイドセールス／1400円・土日祝休み新着,マンパワーグループ株式会社,福岡県,"時給1,400円",派遣社員,派遣,求人ボックス,https://xn--pckua2a7gp15o89zb.com/jb/b5f67398c40ce3a27cbc9885f8138734,True,4時間前,2026-06-20 01:35:41,福岡県
派遣の法人営業・人材コーディネーター／20代活躍中／未経験・第二新卒／土日祝休み／賞与あり新着,スタッフ,福岡県,月給23万円～28万,正社員,派遣,求人ボックス,https://xn--pckua2a7gp15o89zb.com/jbn/efe19b1857b528055e5fa25262d62b8c,True,2時間前,2026-06-20 01:35:41,福岡県
保育士新着,社会福祉法人高照福祉会,福岡県,"時給1,350円～1,400円",派遣社員,派遣,求人ボックス,https://xn--pckua2a7gp15o89zb.com/jb/90b017a78a4a547eca78e3c8cc9497c9,True,19時間前,2026-06-20 01:35:41,福岡県
リゾートバイト／調理補助新着,株式会社ダイブ,福岡県,"時給1,200円～",派遣社員,派遣,求人ボックス,https://xn--pckua2a7gp15o89zb.com/jb/6ef687105eb61778bdd14f343702b6e3,True,20時間前,2026-06-20 01:35:45,福岡県
人材サービス企業の営業新着,株式会社フィールドネットワーク,福岡県,月給26万円～,正社員,派遣,求人ボックス,https://xn--pckua2a7gp15o89zb.com/jb/b8407fc928ab20f675b5466a4191f3cb,True,18時間前,2026-06-20 01:35:45,福岡県
未経験OK／倉庫管理／老舗の大手企業新着,キャリアパス株式会社,福岡県,"時給1,300円～1,400円",派遣社員,派遣,求人ボックス,https://xn--pckua2a7gp15o89zb.com/jb/a9d55b221839ebc68a5c4fdfdaa6c640,True,11時間前,2026-06-20 01:35:45,福岡県
"保育士／フルタイム／時給1,500円／クラス補助／桜坂駅より徒歩3分／弊社スタッフ勤務中新着",株式会社アスカ,福岡県,"時給1,500円",派遣社員,派遣,求人ボックス,https://xn--pckua2a7gp15o89zb.com/jb/b4203f734ed9114e3a879928ffa2466f,True,10時間前,2026-06-20 01:35:45,福岡県
安定収入×福利厚生充実!／製造・軽作業／20～40代活躍中／未経験歓迎新着,日本マニュファクチャリングサービス株式会社,福岡県,"月給26万3,000円",正社員,派遣,求人ボックス,https://xn--pckua2a7gp15o89zb.com/jbn/f159b96cc98a5f5c74a7e21ec04e652d,True,8時間前,2026-06-20 01:35:45,福岡県
社員登用の実績あります 高時給1250円 繋ぎ合わせ作業新着,株式会社テクノサービス,福岡県,時給1250円,派遣社員,派遣,求人ボックス,https://xn--pckua2a7gp15o89zb.com/jb/a4b35978a2971c3601b9c7734af9c1fe,True,18時間前,2026-06-20 01:35:45,福岡県
シートベルトの組付とチェック新着,ヒューマンブリッジ株式会社,福岡県,"時給1,088円～1,360円",派遣社員,派遣,求人ボックス,https://xn--pckua2a7gp15o89zb.com/jb/56cab523a4a2a7d38a8f262a218d24e3,True,6時間前,2026-06-20 01:35:45,福岡県
キッチンパネルの製造新着,株式会社アイシ・フュージョン・アソシエイツ,福岡県,"時給1,400円～1,750円",派遣社員,派遣,求人ボックス,https://xn--pckua2a7gp15o89zb.com/jb/b60040bc3812065ad77d0e1b2255de42,True,15時間前,2026-06-20 01:35:49,福岡県
児童指導員新着,社会福祉法人慶和会,福岡県,"時給1,500円",派遣社員,派遣,求人ボックス,https://xn--pckua2a7gp15o89zb.com/jb/c331444721d79a20214ff1ced52ee71e,True,19時間前,2026-06-20 01:35:49,福岡県
短期6／30～7／21!商品券関連事業の相談窓口係 時給1400円新着,株式会社ヒト・コミュニケーションズ,福岡県,時給1400円,アルバイト・パート,派遣,求人ボックス,https://xn--pckua2a7gp15o89zb.com/jb/a0b08c68763b1ffa841d8403dcca9899,True,20時間前,2026-06-20 01:35:49,福岡県
保育士新着,株式会社グロウ,福岡県,"時給1,400円～1,500円",派遣社員,派遣,求人ボックス,https://xn--pckua2a7gp15o89zb.com/jb/2bc2753176574bfe904df597915c8e0e,True,19時間前,2026-06-20 01:35:49,福岡県
平日×日勤のみ×重量物なし 部品の入出庫準備をする軽作業／土日祝休み／普免OK／軽作業新着,株式会社ジャパン・リリーフ,福岡県,"時給1,350円～",派遣社員,派遣,求人ボックス,https://xn--pckua2a7gp15o89zb.com/jbn/496b8bbfbb9aefb12b89419eda7bee99,True,20時間前,2026-06-20 01:35:49,福岡県
保育士新着,社会福祉法人白蓮会,福岡県,"時給1,450円",派遣社員,派遣,求人ボックス,https://xn--pckua2a7gp15o89zb.com/jb/48d5314849b074cb077fb3e63515e395,True,19時間前,2026-06-20 01:35:49,福岡県
「「稼ぎたい方必見!夜勤専属×寮費無料!」」人気のスニーカーの軽作業新着,セブンエージェント株式会社,福岡県,"時給1,560円～",派遣社員,派遣,求人ボックス,https://xn--pckua2a7gp15o89zb.com/jb/081859bc4d963636762fc01661140660,True,17時間前,2026-06-20 01:35:49,福岡県
調理師／調理スタッフ／保育／福岡市西区福重／認定こども園／直接雇用のパート新着,社会福祉法人いづみ会,福岡県,"時給1,057円～",アルバイト・パート,派遣,求人ボックス,https://xn--pckua2a7gp15o89zb.com/jbn/d539dabe1f9b579bf12837fd45ce2e10,True,12時間前,2026-06-20 01:35:53,福岡県
官公庁と関わりあるIT企業での営業事務／未経験OK新着,株式会社TNCプロジェクト,福岡県,"時給1,350円～",派遣社員,派遣,求人ボックス,https://xn--pckua2a7gp15o89zb.com/jb/280d567666ea88238b388b0af202896a,True,4時間前,2026-06-20 01:35:53,福岡県
保育士新着,社会福祉法人秀美会,福岡県,"時給1,500円",派遣社員,派遣,求人ボックス,https://xn--pckua2a7gp15o89zb.com/jb/6116b95e2523eeb0554081ea6bfba79a,True,19時間前,2026-06-20 01:35:53,福岡県
介護職／ヘルパー／福岡市早良区有田／住宅型有料老人ホーム／次郎丸駅から徒歩圏内／手厚い教育体制新着,株式会社D&Mコーポレーション,福岡県,月給24万円～30万,正社員,派遣,求人ボックス,https://xn--pckua2a7gp15o89zb.com/jbn/f0d74fcc90a1ae97332a88f5da6161fb,True,11時間前,2026-06-20 01:35:53,福岡県
7月～／経験を活かす／広告会社でチラシの校正 1400円新着,株式会社マイナビワークス,福岡県,"時給1,400円",派遣社員,派遣,求人ボックス,https://xn--pckua2a7gp15o89zb.com/jb/654d2f4014d9aa1132630a3def5c5863,True,4時間前,2026-06-20 01:35:53,福岡県
「軽作業で高収入GET×日払いOK!」工場での部品検査スタッフ新着,株式会社アルミラ,福岡県,"時給1,480円～",アルバイト・パート,派遣,求人ボックス,https://xn--pckua2a7gp15o89zb.com/jb/47d4044dd610e4247095f0b5fd9087fd,True,13時間前,2026-06-20 01:35:53,福岡県
自動車部品供給スタッフ新着,株式会社ホットスタッフ行橋,福岡県,"時給1,250円～1,563円",正社員,派遣,求人ボックス,https://xn--pckua2a7gp15o89zb.com/jb/eb8a8c72a40e085be34fe88b6c5de590,True,7時間前,2026-06-20 01:35:56,福岡県
AWSエンジニア／資格取得支援／未経験歓迎／研修制度あり／昇給あり／20代活躍中新着,株式会社オープンアップITエンジニア,福岡県,"月給21万4,609円",正社員,派遣,求人ボックス,https://xn--pckua2a7gp15o89zb.com/jbn/6bcc3787626dd444422dcf2515733931,True,21時間前,2026-06-20 01:35:56,福岡県
早朝品出しスタッフ新着,MCCアソシエ マツモトキヨシミーナ天神店,福岡県,"時給1,350円～",アルバイト・パート,派遣,求人ボックス,https://xn--pckua2a7gp15o89zb.com/jb/492908e348259c2caa28ff2ac48d2cdf,True,22時間前,2026-06-20 01:35:56,福岡県
SE・プログラマー／クラウド利用コストガバナンスの整備、維持新着,パーソルクロステクノロジー株式会社,福岡県,"時給3,000円",派遣社員,派遣,求人ボックス,https://xn--pckua2a7gp15o89zb.com/jb/ba81e009d54ab3574f7aee3ccf832db7,True,15時間前,2026-06-20 01:35:56,福岡県
「まだ間に合う!」／未経験からできる製造職「カプセルトイなど」／昇給年2回賞与年2回新着,株式会社GUM,福岡県,月給32万円～40万円,正社員,派遣,求人ボックス,https://xn--pckua2a7gp15o89zb.com/jbn/f6b09afa116e78fd6ebdb064e1a5c149,True,3時間前,2026-06-20 01:35:56,福岡県
朝ゆっくり 研修 服装自由 輸入車のカスタマーサポート業務新着,アデコ株式会社,福岡県,"時給1,400円～",派遣社員,派遣,求人ボックス,https://xn--pckua2a7gp15o89zb.com/jb/fca75f9453863f676642c55057fab8c2,True,19時間前,2026-06-20 01:35:56,福岡県
データ入力／時給1430円 土日祝休み 10時スタート 未経験OK新着,株式会社スタッフサービス,福岡県,時給1430円,派遣社員,派遣,求人ボックス,https://xn--pckua2a7gp15o89zb.com/jb/f304352aa3123c7b4175eebba2464506,True,14時間前,2026-06-20 01:35:56,福岡県
営業事務+ 一般事務新着,株式会社リクルートスタッフィング,福岡県,"時給1,300円～",派遣社員,派遣,求人ボックス,https://xn--pckua2a7gp15o89zb.com/jb/51c7db2ec147d533f453a4542b9a30a3,True,16時間前,2026-06-20 01:36:00,福岡県
早朝品出しスタッフ新着,MCCアソシエ マツモトキヨシ天神地下街店,福岡県,"時給1,350円～",アルバイト・パート,派遣,求人ボックス,https://xn--pckua2a7gp15o89zb.com/jb/06496d1b825ffef4f3ce1351632d07d1,True,22時間前,2026-06-20 01:36:00,福岡県
業界屈指のシェアを誇る会社で「正社員」として活躍 総務人事新着,株式会社ヨロズ,福岡県,月給20万円～27万円,正社員,派遣,求人ボックス,https://xn--pckua2a7gp15o89zb.com/jb/be005e7f69d134b734b8152e7ba2214a,True,16時間前,2026-06-20 01:36:00,福岡県
設備保全・メンテナンス／車設備の点検保守新着,男女比:男性9割/女性1割年齢層:20代、30代、40代の,福岡県,"時給2,000円",,派遣,求人ボックス,https://xn--pckua2a7gp15o89zb.com/jb/be5c7285cab87bf84dc4adf865d7791f,True,8時間前,2026-06-20 01:36:00,福岡県
大手系列企業でのセンター長アシスタント・秘書事務新着,UTエフサス・クリエ株式会社,福岡県,"時給1,250円",派遣社員,派遣,求人ボックス,https://xn--pckua2a7gp15o89zb.com/jb/be4a94c57c2881c11edfc54ae51e7fa0,True,10時間前,2026-06-20 01:36:00,福岡県
「今からでもOK!新しい環境でリスタート」製造スタッフ／年休125日以上・完全週休2日制新着,で収入も不安定...,福岡県,月給27万円～45万円,正社員,派遣,求人ボックス,https://xn--pckua2a7gp15o89zb.com/jbn/b0af96926ce706eb30714cdafca76077,True,3時間前,2026-06-20 01:36:00,福岡県
かに料理・和食の調理・発注業務／20代活躍中／未経験・第二新卒／賞与あり／福岡市南区那の川新着,未経験OK,福岡県,"月給18万5,000円",正社員,派遣,求人ボックス,https://xn--pckua2a7gp15o89zb.com/jbn/0e3edc21544c4185cb8001a43524cc7a,True,2時間前,2026-06-20 01:36:02,福岡県
「今からでもOK!新しい環境でリスタート」製造組み立て／残業少なめ・年間休日125日以上新着,で収入も不安定...,福岡県,月給27万円～45万円,正社員,派遣,求人ボックス,https://xn--pckua2a7gp15o89zb.com/jbn/18ac831152f5116af923a73678ce9506,True,3時間前,2026-06-20 01:36:02,福岡県
住宅展示場での木造住宅営業提案販売／20代活躍中／未経験・第二新卒／賞与あり／福津市日蒔野新着,"...お客様にとって一生のお買い物、お客様との信頼関係を築ける非常にやりがいのあるお仕事です。成果は歩合として還元しており20代で年収1,000万円を超える",福岡県,"月給21万8,000円",正社員,派遣,求人ボックス,https://xn--pckua2a7gp15o89zb.com/jbn/2d39f09b031bdfd7c474f437592eb1bd,True,3時間前,2026-06-20 01:36:02,福岡県
「今からでもOK!新しい環境でリスタート」20代30代の未経験から活躍／製造組み立て新着,で収入も不安定...,福岡県,月給27万円～45万円,正社員,派遣,求人ボックス,https://xn--pckua2a7gp15o89zb.com/jbn/e2e3e89b04b87ed6500f242e6f52c815,True,3時間前,2026-06-20 01:36:02,福岡県
「今からでもOK!新しい環境でリスタート」20代30代の未経験から活躍／製造組み立て／残業少なめ新着,で収入も不安定...,福岡県,月給27万円～45万円,正社員,派遣,求人ボックス,https://xn--pckua2a7gp15o89zb.com/jbn/136b9071c72d48aa53956c32d0742bdc,True,3時間前,2026-06-20 01:36:02,福岡県
半導体ATEテスト開発量産支援技術者／20代活躍中／未経験・第二新卒／土日祝休み／賞与あり新着,...量産試験が円滑に進むよう、日本と台湾の架け橋としての役割を果たします。日本の顧客と現地,福岡県,月給22万円～35万円,正社員,派遣,求人ボックス,https://xn--pckua2a7gp15o89zb.com/jbn/b4001af2c79dbc5dd08ed1a6bd21a007,True,5時間前,2026-06-20 01:36:03,福岡県
デイサービスの介護主任新着,ベストケア株式会社,福岡県,"月給20万4,000円",正社員,派遣,求人ボックス,https://xn--pckua2a7gp15o89zb.com/jb/4500148ea18cc7851be9e56316203211,True,8時間前,2026-06-20 01:36:05,福岡県
テレビ局で記者／未経験OK !／報道番組の制作／テレビ局勤務新着,株式会社フェローズ,福岡県,月給21万円～25万円,派遣社員,派遣,求人ボックス,https://xn--pckua2a7gp15o89zb.com/jb/e689d91e0e67c9497afa3e8ef3990598,True,13時間前,2026-06-20 01:36:05,福岡県
店舗内装設計部長／20代活躍中／未経験・第二新卒／土日祝休み／賞与あり／北九州市八幡西区鷹の巣新着,未経験OK,福岡県,月給35万円～53万円,正社員,派遣,求人ボックス,https://xn--pckua2a7gp15o89zb.com/jbn/ed714710387ea1b1a026d5dc84691bda,True,3時間前,2026-06-20 01:36:05,福岡県
営業 企画新着,株式会社綜合キャリアオプション,福岡県,"時給1,400円",派遣社員,派遣,求人ボックス,https://xn--pckua2a7gp15o89zb.com/jb/f2e0b87e695615ab1a00f68bbf75f67b,True,6時間前,2026-06-20 01:36:05,福岡県
博多駅徒歩3分!水炊きが有名なお店で受付・予約対応 自由シフト新着,株式会社ジャストファイン,福岡県,"時給1,300円",派遣社員,派遣,求人ボックス,https://xn--pckua2a7gp15o89zb.com/jb/0c3c7c8e72726ccf025f17686a8bd4aa,True,21時間前,2026-06-20 01:36:05,福岡県
「久山町」大手物流企業で未経験から始めるリーチリフト作業メインのセンター管理員新着,トランコムEX西日本株式会社,福岡県,"月給25万2,600円",正社員,飲食,求人ボックス,https://xn--pckua2a7gp15o89zb.com/jb/f6ef2c9ed1ad5dca959131ff76de7ddf,True,22時間前,2026-06-20 01:35:42,福岡県
レストラン・専門料理店新着,株式会社プライム福岡,福岡県,月給25万円～40万円,正社員,飲食,求人ボックス,https://xn--pckua2a7gp15o89zb.com/jbn/585dc80dcafd1f157b9ec2939dbbf42a,True,11時間前,2026-06-20 01:35:42,福岡県
レストラン・専門料理店新着,株式会社イーストウッド,福岡県,"月給30万5,910円",正社員,飲食,求人ボックス,https://xn--pckua2a7gp15o89zb.com/jbn/ba02e88e60085b4d8c9198a61544eac9,True,10時間前,2026-06-20 01:35:43,福岡県
レストラン・専門料理店新着,有限会社河太郎,福岡県,月給30万円～50万円,正社員,飲食,求人ボックス,https://xn--pckua2a7gp15o89zb.com/jbn/810baa9c2d666bbc5465ad0fea5d40ea,True,10時間前,2026-06-20 01:35:43,福岡県
レストラン・専門料理店新着,株式会社リーガロイヤルホテル小倉,福岡県,月給18万円～30万円,正社員,飲食,求人ボックス,https://xn--pckua2a7gp15o89zb.com/jbn/e27b9c8cbe01ba1e638435a0699bb4c6,True,10時間前,2026-06-20 01:35:45,福岡県
"レストラン・専門料理店,レストラン・専門料理店新着",株式会社ZINO,福岡県,月給30万円～36万円,正社員,飲食,求人ボックス,https://xn--pckua2a7gp15o89zb.com/jbn/0e70fb7eb08c275561c2ad3bf4411d8b,True,10時間前,2026-06-20 01:35:45,福岡県
レストラン・専門料理店新着,平川商事株式会社,福岡県,月給20万円～33万円,正社員,飲食,求人ボックス,https://xn--pckua2a7gp15o89zb.com/jbn/4b9a7b79b23115e7bd99c6c5c7953c58,True,11時間前,2026-06-20 01:35:49,福岡県
レストラン・専門料理店新着,有限会社ウエルズ,福岡県,月給17万円～20万円,正社員,飲食,求人ボックス,https://xn--pckua2a7gp15o89zb.com/jbn/75cdd84c4f578a0184a772822b2f7e63,True,10時間前,2026-06-20 01:35:53,福岡県
レストラン・専門料理店新着,株式会社甲羅,福岡県,"月給25万5,700円",正社員,飲食,求人ボックス,https://xn--pckua2a7gp15o89zb.com/jbn/5f12d2bc9f123b01e7ecf259aa641dde,True,9時間前,2026-06-20 01:35:53,福岡県
レストラン・専門料理店新着,MISEL株式会社,福岡県,月給25万円～30万円,正社員,飲食,求人ボックス,https://xn--pckua2a7gp15o89zb.com/jbn/0b0dd750a519ae758cfa2d7c71e2e8de,True,8時間前,2026-06-20 01:35:53,福岡県
レストラン・専門料理店新着,株式会社博多石焼大阪屋,福岡県,月給25万円～33万円,正社員,飲食,求人ボックス,https://xn--pckua2a7gp15o89zb.com/jbn/a4780f3c8bd2727d4f989f8ef87a5f28,True,10時間前,2026-06-20 01:35:53,福岡県
未経験採用枠の施工管理アシスタント／年間休日125日／月給35万円～新着,株式会社ツナグバ,福岡県,月給35万円～,正社員,飲食,求人ボックス,https://xn--pckua2a7gp15o89zb.com/jbn/c474bef6e16d0d52b8cc36d64f1124b0,True,3時間前,2026-06-20 01:35:57,福岡県
レストラン・専門料理店新着,有限会社チェーンビジネス・サポート,福岡県,月給20万円～22万円,正社員,飲食,求人ボックス,https://xn--pckua2a7gp15o89zb.com/jbn/b6ff109ab08cdc999cadf66e8b8af9dd,True,9時間前,2026-06-20 01:35:57,福岡県
レストラン・専門料理店新着,株式会社INTAKE,福岡県,月給25万円～40万円,正社員,飲食,求人ボックス,https://xn--pckua2a7gp15o89zb.com/jbn/a87d85ed6b655d1466ac0a5891fd7c80,True,9時間前,2026-06-20 01:35:57,福岡県
レストラン・専門料理店新着,株式会社ポジティブドリームパーソンズ,福岡県,"月給23万3,000円",正社員,飲食,求人ボックス,https://xn--pckua2a7gp15o89zb.com/jbn/d8e89292ba73df550a6207cb0f6654e2,True,9時間前,2026-06-20 01:35:57,福岡県
レストラン・専門料理店新着,株式会社アシュラン,福岡県,月給20万円～25万円,正社員,飲食,求人ボックス,https://xn--pckua2a7gp15o89zb.com/jbn/09c8b26c117c6dda89326e685a580f29,True,11時間前,2026-06-20 01:35:59,福岡県
レストラン・専門料理店新着,株式会社利久,福岡県,"月給20万5,800円",正社員,飲食,求人ボックス,https://xn--pckua2a7gp15o89zb.com/jbn/bc9062291fbfd0f660f6b3a5d256ca6a,True,9時間前,2026-06-20 01:35:59,福岡県
レストラン・専門料理店新着,進電テクノロジー株式会社,福岡県,月給36万円～45万円,正社員,飲食,求人ボックス,https://xn--pckua2a7gp15o89zb.com/jbn/b2919b9e35191c9cacefe282a605d620,True,9時間前,2026-06-20 01:35:59,福岡県
レストラン・専門料理店新着,株式会社ぶんコーポレーション,福岡県,月給20万円～25万円,正社員,飲食,求人ボックス,https://xn--pckua2a7gp15o89zb.com/jbn/9f5c5908d2d81e4a43e542ebf00799ed,True,9時間前,2026-06-20 01:35:59,福岡県
レストラン・専門料理店新着,株式会社オンザページ,福岡県,月給25万円～38万,正社員,飲食,求人ボックス,https://xn--pckua2a7gp15o89zb.com/jbn/914156948a2540408ac6414f019aaf3b,True,7時間前,2026-06-20 01:35:59,福岡県
居酒屋の店舗スタッフ新着,ももや精肉堂 薬院店,福岡県,"時給1,100円",アルバイト・パート,飲食,求人ボックス,https://xn--pckua2a7gp15o89zb.com/jb/16a8b8067028e8bd2b4f4b8542d01883,True,1時間前,2026-06-20 01:36:03,福岡県
レストラン・専門料理店新着,株式会社ディアーズ・ブレイン,福岡県,月給23万円～32万円,正社員,飲食,求人ボックス,https://xn--pckua2a7gp15o89zb.com/jbn/42264e9e39b16e555b0b7d5505698cdb,True,8時間前,2026-06-20 01:36:03,福岡県
完全在宅／未経験可／問い合わせ窓口／年休125日以上新着,...経験不問/未経験者活躍中・第二新卒活躍中資格不問/無資格歓迎・ブランク歓迎・学歴不問ハローワークでお探しの方も歓迎 先輩たちの前職をご紹介! 営業、事務、販売,福岡県,月給24万円～40万円,正社員,飲食,求人ボックス,https://xn--pckua2a7gp15o89zb.com/jbn/7329ea528db73fd80ff3a56a09cef6fe,True,9時間前,2026-06-20 01:36:03,福岡県
「新生活デビュー応援!」未経験採用枠／製造工場での軽作業・カプセルトイ／研修充実新着,AQUARIUS株式会社,福岡県,月給28万円～50万円,正社員,飲食,求人ボックス,https://xn--pckua2a7gp15o89zb.com/jbn/16ce9c662b5a8720adf695c55372f1c3,True,3時間前,2026-06-20 01:36:07,福岡県
完全在宅／未経験可／カスタマーサポート／年休125日以上新着,...経験不問/未経験者活躍中・第二新卒活躍中資格不問/無資格歓迎・ブランク歓迎・学歴不問ハローワークでお探しの方も歓迎 先輩たちの前職をご紹介! 営業、事務、販売,福岡県,"月給23万5,000円",正社員,飲食,求人ボックス,https://xn--pckua2a7gp15o89zb.com/jbn/c0302acabfcd4db33b848dbd7df3c845,True,9時間前,2026-06-20 01:36:07,福岡県
「まだ間に合う!」未経験採用枠／製造スタッフ・カプセルトイ／研修充実新着,株式会社RIOT,福岡県,月給28万円～50万円,正社員,飲食,求人ボックス,https://xn--pckua2a7gp15o89zb.com/jbn/50af3c88bcad301ac3917b319cfb9158,True,2時間前,2026-06-20 01:36:07,福岡県
エステサロンのセラピスト／未経験OK／高時給／マッサージ／ヘッドスパ／リラクゼーション新着,ラフィネ イオンモール福岡伊都店,福岡県,"時給2,232円～4,068円",,飲食,求人ボックス,https://xn--pckua2a7gp15o89zb.com/jbn/3845ad11e7089163d20ae42b359f1463,True,19時間前,2026-06-20 01:36:10,福岡県
エステサロンのセラピスト／リラクゼーション／高時給／マッサージ／未経験OK／資格なし新着,ラフィネ ゆめタウン久留米店,福岡県,"時給2,232円～4,068円",,飲食,求人ボックス,https://xn--pckua2a7gp15o89zb.com/jbn/288d01b9f527d2b1edb4e2680b40b699,True,19時間前,2026-06-20 01:36:10,福岡県
エステサロンのセラピスト／アロマセラピー／マッサージ／ヘッドスパ／未経験OK／リラクゼーション新着,フットデザイン ソラリアステージ店,福岡県,"時給2,490円～4,290円",,飲食,求人ボックス,https://xn--pckua2a7gp15o89zb.com/jbn/41aca4e4dbf6cca1e7289c728903fab9,True,19時間前,2026-06-20 01:36:10,福岡県
