title,company,location,salary,employment_type,industry,source,url,is_new,time_info,scraped_at,prefecture
歯科衛生士新着,一之江歯科,東京都,"時給2,000円～3,000円",アルバイト・パート,歯科,求人ボックス,javascript:void(0);,True,16時間前,2026-10-03 04:45:46,東京都
歯科衛生士／中野駅徒歩4分／月給29.5万円以上可／福利厚生充実新着,桃園通り村上歯科医院,東京都,月給29,正社員,歯科,求人ボックス,https://xn--pckua2a7gp15o89zb.com/jb/eb042b549532c4d429de39bebc11367c,True,2時間前,2026-10-03 04:45:46,東京都
歯科衛生士／突然の有休取得可 徒歩30秒／未経験／ブランクOK新着,医療法人社団明法会,東京都,"時給1,900円～",正社員,歯科,求人ボックス,https://xn--pckua2a7gp15o89zb.com/jb/32f570ee5a5405be9db7a34e606a356d,True,2時間前,2026-10-03 04:45:46,東京都
歯科衛生士／チームワークを大切にし、仕事も休息も一生懸命にしています新着,医療法人社団慶美会 上十条歯科,東京都,"時給2,000円～2,500円",アルバイト・パート,歯科,求人ボックス,https://xn--pckua2a7gp15o89zb.com/jb/a55d89e25b501e0346f17578fafdd563,True,2時間前,2026-10-03 04:45:46,東京都
歯科衛生士／月給32万円～!／週休3日も選択可能!曜日次第で毎週3連休...新着,医療法人社団歯良会,東京都,月給32万円～,正社員,歯科,求人ボックス,https://xn--pckua2a7gp15o89zb.com/jb/c9a80360b561e366cea61b1b9dac99e0,True,2時間前,2026-10-03 04:45:46,東京都
歯科衛生士／平日午後と土日勤務できる方しております新着,医療法人ナイルチドリ,東京都,"時給2,300円～",アルバイト・パート,歯科,求人ボックス,https://xn--pckua2a7gp15o89zb.com/jb/1a8211e4d7abbcfbc83cf2da208030c1,True,2時間前,2026-10-03 04:45:46,東京都
歯科衛生士／銀座駅2分・土日祝休・18時迄／週2日／週3日固定／予防新着,国際ビル歯科,東京都,月給30万円～40万円,正社員,歯科,求人ボックス,https://xn--pckua2a7gp15o89zb.com/jb/5dd7058a8119b7b9593a2a42749bee9a,True,2時間前,2026-10-03 04:45:47,東京都
歯科衛生士 徒歩5分／完全週休2日制／土日祝休み&夏冬は7連休!新着,あづさ歯科,東京都,月給27万円～,正社員,歯科,求人ボックス,https://xn--pckua2a7gp15o89zb.com/jb/e7f5f926893b30c96e8a1836277d24c8,True,2時間前,2026-10-03 04:45:47,東京都
矯正歯科・小児歯科の歯科衛生士新着,おおうち矯正歯科・小児歯科クリニック,東京都,月給28万円～32万円,正社員,歯科,求人ボックス,https://xn--pckua2a7gp15o89zb.com/jb/2e1978fc28d162880475990f4b0f67f7,True,9時間前,2026-10-03 04:45:47,東京都
歯科衛生士募集・交通費支給新着,曳舟アリア歯科,東京都,"時給1,800円～2,000円",アルバイト・パート,歯科,求人ボックス,https://xn--pckua2a7gp15o89zb.com/jb/afc3849f92d0d473e34ce8920424165e,True,6時間前,2026-10-03 04:45:47,東京都
歯科医院での歯科衛生士新着,株式会社トラストグロース 第2営業部,東京都,"時給1,700円～2,000円",アルバイト・パート,歯科,求人ボックス,https://xn--pckua2a7gp15o89zb.com/jb/7008113625278a8993f242a77b91e63b,True,2時間前,2026-10-03 04:45:47,東京都
社会保険完備の職場で歯科衛生士新着,上石神井クオーレ歯科・矯正歯科,東京都,月給30万円～,正社員,歯科,求人ボックス,https://xn--pckua2a7gp15o89zb.com/jb/b7c716496fa17e05f02b5afcf992e9f3,True,7時間前,2026-10-03 04:45:47,東京都
社会保険完備の職場で歯科衛生士新着,すみれ歯科新宿御苑前クリニック,東京都,"時給1,800円～",アルバイト・パート,歯科,求人ボックス,https://xn--pckua2a7gp15o89zb.com/jb/a476438abfb1334a966bdd7333cff084,True,7時間前,2026-10-03 04:45:51,東京都
歯科医院の歯科衛生士新着,あさかわ歯科医院,東京都,"時給1,850円～",アルバイト・パート,歯科,求人ボックス,https://xn--pckua2a7gp15o89zb.com/jb/1b69864f1c72fc76dccb0ed4cce34ab4,True,6時間前,2026-10-03 04:45:51,東京都
社会保険完備の職場で歯科衛生士新着,田無ひだまり矯正歯科,東京都,月給31万円～,正社員,歯科,求人ボックス,https://xn--pckua2a7gp15o89zb.com/jb/bf8f89bdb95ff5120fe6d4c4ad6dd9ae,True,6時間前,2026-10-03 04:45:51,東京都
歯科衛生士／矯正専門／社保完備!自由が丘駅より徒歩1分! 年間休日13...新着,医療法人社団歯正会 矯正・自由が丘歯科室,東京都,月給27万円～40万円,正社員,歯科,求人ボックス,https://xn--pckua2a7gp15o89zb.com/jb/c0a6da86342eaa05623ed1bc123fb211,True,2時間前,2026-10-03 04:45:51,東京都
歯科衛生士／週休2日以上 社保完備 患者担当制 歩合制度有り新着,明大前歯科クリニック,東京都,月給28万円,正社員,歯科,求人ボックス,https://xn--pckua2a7gp15o89zb.com/jb/a56741297a6571a9cd3183e0443ac735,True,2時間前,2026-10-03 04:45:51,東京都
審美歯科に力を入れるクリニックで歯科衛生士新着,すが歯科クリニック曳舟,東京都,"時給2,000円～",アルバイト・パート,歯科,求人ボックス,https://xn--pckua2a7gp15o89zb.com/jb/2fbed4d56627b521492d4484eacaeb08,True,7時間前,2026-10-03 04:45:51,東京都
歯科衛生士／一人ひとりに合わせたペースで無理のないよう仕事を覚えて頂け...新着,吉祥寺ハイジア歯科医院,東京都,"時給1,875円～",アルバイト・パート,歯科,求人ボックス,https://xn--pckua2a7gp15o89zb.com/jb/06cbe18012148d235ee9046c8fb6eff9,True,2時間前,2026-10-03 04:45:51,東京都
社会保険完備の職場で歯科衛生士新着,菊竹歯科医院,東京都,月給30万円～35万円,正社員,歯科,求人ボックス,https://xn--pckua2a7gp15o89zb.com/jb/3ba73b09120dccf2429f31dae946c3ef,True,7時間前,2026-10-03 04:45:55,東京都
歯科衛生士／赤羽駅前デンタルクリニック ビビオ赤羽医院新着,医療法人社団咲愛会,東京都,月給31万円～50万円,正社員,歯科,求人ボックス,https://xn--pckua2a7gp15o89zb.com/jb/3a215ff592f838f681c826ce1c117e3e,True,7時間前,2026-10-03 04:45:55,東京都
歯科衛生士／Oh my teeth 東京昭島矯正歯科新着,一般社団法人OralX,東京都,月給33万円～67万,正社員,歯科,求人ボックス,https://xn--pckua2a7gp15o89zb.com/jb/e98d869de3027236db09261ed6a61e99,True,7時間前,2026-10-03 04:45:55,東京都
歯科衛生士新着,藤野歯科医院,東京都,"時給1,800円～",アルバイト・パート,歯科,求人ボックス,https://xn--pckua2a7gp15o89zb.com/jb/b6261858e719fa49f9590885d90f31ad,True,7時間前,2026-10-03 04:45:55,東京都
歯科衛生士／長田歯科医院新着,歯科衛生士,東京都,"時給1,500円～",アルバイト・パート,歯科,求人ボックス,https://xn--pckua2a7gp15o89zb.com/jb/7b1b8a5939ac3f68b9db20d1cf90dab1,True,7時間前,2026-10-03 04:45:55,東京都
訪問歯科の送迎・配送ドライバー／普通免許でOK新着,医療法人社団緑友会,東京都,月給24万円～,正社員,歯科,求人ボックス,https://xn--pckua2a7gp15o89zb.com/jb/bc31c093562c4581e4acd6cfd28feacd,True,5時間前,2026-10-03 04:45:55,東京都
歯科医師／完全自由診療／希望診療領域で経験を積める／キャリアアップが確実に叶う・非常勤どちらもOK新着,ホワイトエッセンス株式会社,東京都,月給45万円～80万円,正社員,歯科,求人ボックス,https://xn--pckua2a7gp15o89zb.com/jb/aac6e2aa559c1f74857b3bdf69cb5a27,True,2時間前,2026-10-03 04:45:59,東京都
歯科助手／20代～50代まで活躍・時給1700円 LUMINEの審美歯科で歯科助手・受付スタッフ新着,ホワイトホワイト デンタルクリニック,東京都,時給1700円,アルバイト・パート,歯科,求人ボックス,https://xn--pckua2a7gp15o89zb.com/jb/53bb91dd08234999c84089d953176a2e,True,2時間前,2026-10-03 04:45:59,東京都
事務新着,株式会社リクルートスタッフィング,東京都,"時給1,450円～",派遣社員,歯科,求人ボックス,https://xn--pckua2a7gp15o89zb.com/jb/ab3106d9fbe85ba71ca73d6820582a66,True,20時間前,2026-10-03 04:45:59,東京都
受付業務などを行う歯科助手新着,マイクロデンタル,東京都,"月給23万5,000円",正社員,歯科,求人ボックス,https://xn--pckua2a7gp15o89zb.com/jb/d28b5d745e36fc28d65632afba4226b4,True,7時間前,2026-10-03 04:45:59,東京都
受付／月給25万円〜／昇給・賞与あり／北習志野駅徒歩1分／日曜・祝日休み／有休消化率100%新着,医療法人双野会 船橋すずき歯科口腔外科矯正歯科,東京都,月給25万円,正社員,歯科,求人ボックス,https://xn--pckua2a7gp15o89zb.com/jb/f623b92d46aad1c98e5a96cc3dd93da5,True,2時間前,2026-10-03 04:45:59,東京都
歯科医師／将来開業を考えておられる方、歯科医師として成長、スキルアップをしたい方新着,医療法人社団愛敬会加賀歯科クリニック,東京都,月給41万円～120万円,正社員,歯科,求人ボックス,https://xn--pckua2a7gp15o89zb.com/jb/350cc060d019f3913c1d395998cdc856,True,2時間前,2026-10-03 04:45:59,東京都
歯科助手／髪色自由 ネイルOK!未経験、週1日～OK新着,医療法人社団N igrek 石崎歯科医院,東京都,"時給1,400円～2,000円",アルバイト・パート,歯科,求人ボックス,https://xn--pckua2a7gp15o89zb.com/jb/f46d1ce23f38587fd49b8b902a8b34d3,True,2時間前,2026-10-03 04:45:59,東京都
歯科助手／見学OK!未経験・ブランクのある方大歓迎 綺麗なクリニックで一緒に働きませんか新着,ステラデンタルクリニック,東京都,"時給1,280円～1,500円",正社員,歯科,求人ボックス,https://xn--pckua2a7gp15o89zb.com/jb/69c8d3692a57a384fe5688f94a72c43f,True,2時間前,2026-10-03 04:46:02,東京都
歯科助手／ハイレベルな仕事でスキルアップを新着,コーラル歯科,東京都,月給22万円～40万円,正社員,歯科,求人ボックス,https://xn--pckua2a7gp15o89zb.com/jb/727b5508afc244903cd49c987945314f,True,2時間前,2026-10-03 04:46:02,東京都
歯科医師／土日どちらか出勤できる方／高尾駅徒歩1分／地元に愛される安定性×大規模法人の安心感ある環境新着,医療法人進心会,東京都,"日給3万5,000円",アルバイト・パート,歯科,求人ボックス,https://xn--pckua2a7gp15o89zb.com/jb/33ee463fa213284db8b7c7f261363db6,True,2時間前,2026-10-03 04:46:02,東京都
受付／府中駅徒歩5分／歯科受付スタッフ／マニュアル&サポート充実で未経験でも安心!新着,医療法人社団TFUD 多摩府中うめはら歯科,東京都,月給23万円～26万円,正社員,歯科,求人ボックス,https://xn--pckua2a7gp15o89zb.com/jb/3ce4dcb475ada87e0d78cabbbc9d0d89,True,23時間前,2026-10-03 04:46:02,東京都
有料老人ホームでの介護職求人 派遣介護士／日勤帯のみ／日払い・週払い新着,株式会社グッドネクスト,東京都,"時給1,700円",派遣社員,介護,求人ボックス,https://xn--pckua2a7gp15o89zb.com/jb/4f4b7fa3dc752481b19957e026f8bfe8,True,22時間前,2026-10-03 04:45:46,東京都
社会保険完備の職場で介護職／ヘルパー新着,CLASWELL下石神井,東京都,"月給28万6,000円",正社員,介護,求人ボックス,https://xn--pckua2a7gp15o89zb.com/jb/81668f01e20d171bb0ba06a2ddaeb62b,True,7時間前,2026-10-03 04:45:46,東京都
通所介護・デイサービス勤務の介護職／ヘルパー新着,ミモザ葛飾奥戸デイサービス,東京都,"時給1,395円～1,525円",アルバイト・パート,介護,求人ボックス,https://xn--pckua2a7gp15o89zb.com/jb/8e0ae98a6d795163423100d62e5a0cb2,True,7時間前,2026-10-03 04:45:46,東京都
20～40代活躍中／介護職 主フさん多数 ケア施設／週払いOK新着,株式会社マンキャピタル,東京都,"時給1,900円～2,100円",派遣社員,介護,求人ボックス,https://xn--pckua2a7gp15o89zb.com/jb/3375d28f66073aeac78725c803148780,True,13時間前,2026-10-03 04:45:47,東京都
介護職／ヘルパー／ブランクOK新着,株式会社SOYOKAZE,東京都,"時給1,196円～1,246円",アルバイト・パート,介護,求人ボックス,https://xn--pckua2a7gp15o89zb.com/jb/4b62114207291b8ae6b99619ef8fdd38,True,13時間前,2026-10-03 04:45:47,東京都
特養での介護職新着,株式会社ジャパン・リリーフ,東京都,"時給1,600円～",派遣社員,介護,求人ボックス,https://xn--pckua2a7gp15o89zb.com/jbn/b195a999b032e81d5faaefc307f79967,True,17時間前,2026-10-03 04:45:47,東京都
ベネッセグループの介護職／DX化で負担軽減!研修充実／まどか永山新着,株式会社ベネッセスタイルケア,東京都,"時給1,380円～",アルバイト・パート,介護,求人ボックス,https://xn--pckua2a7gp15o89zb.com/jb/427122095030020af9a8395e0cfe7586,True,3時間前,2026-10-03 04:45:51,東京都
未経験・資格なしから始める介護職／直行直帰可／週1・1時間から勤務可能...新着,オハナ・ケアサービス,東京都,"時給1,850円～2,550円",アルバイト・パート,介護,求人ボックス,https://xn--pckua2a7gp15o89zb.com/jbn/9ad798b1934dfcb609138ab7cf3facb7,True,23時間前,2026-10-03 04:45:51,東京都
通所介護・デイサービス勤務の介護職／ヘルパー新着,癒しの里青戸 デイサービスセンター,東京都,"時給1,310円～1,540円",アルバイト・パート,介護,求人ボックス,https://xn--pckua2a7gp15o89zb.com/jb/4e112594bb22328d84d05dc2dcf185a4,True,7時間前,2026-10-03 04:45:51,東京都
夜勤専従介護職員・社会保険完備の職場で介護職／ヘルパー新着,シニアハウスくさばな,東京都,,アルバイト・パート,介護,求人ボックス,https://xn--pckua2a7gp15o89zb.com/jb/05e1fc6a3c426ac8d8fabb51740c83f0,True,7時間前,2026-10-03 04:45:54,東京都
小規模多機能の夜勤専従スタッフ 介護職 介護福祉士新着,ミモザ下柚木,東京都,"日給2万9,250円",アルバイト・パート,介護,求人ボックス,https://xn--pckua2a7gp15o89zb.com/jb/e25cdd50d52344cb6dca0667ad6e7825,True,3時間前,2026-10-03 04:45:54,東京都
ハイヤードライバー「普通免許のみ」／未経験でも高収入／年収600万円以上／タクシードライバー新着,...過去の経歴や特定のスキルは一切不問です。第二新卒の方やフリーターの方、しばらく仕事から離れていたブランクがある方も安心してスタートできる環境を整えています。実際に、カフェ店員、倉庫軽作業、配送ド,東京都,月給45万円～80万円,正社員,介護,求人ボックス,https://xn--pckua2a7gp15o89zb.com/jbn/97be55a181fd9dbab2c5a9b2e9cd97d4,True,9時間前,2026-10-03 04:45:57,東京都
「高収入」配車ドライバー「普通免許のみ」／予約が中心／年収600万円以上／週3出勤新着,...過去の経歴や特定のスキルは一切不問です。第二新卒の方やフリーターの方、しばらく仕事から離れていたブランクがある方も安心してスタートできる環境を整えています。実際に、カフェ店員、倉庫軽作業、配送ド,東京都,月給50万円～80万円,正社員,介護,求人ボックス,https://xn--pckua2a7gp15o89zb.com/jbn/d86316b9d62c31e1841d5cfb26196eaa,True,9時間前,2026-10-03 04:45:57,東京都
ドライバー職「普通免許のみ」／タクシードライバー／年収600万円以上／未経験でも高収入／予約が中心新着,...過去の経歴や特定のスキルは一切不問です。第二新卒の方やフリーターの方、しばらく仕事から離れていたブランクがある方も安心してスタートできる環境を整えています。実際に、カフェ店員、倉庫軽作業、配送ド,東京都,月給50万円～80万円,正社員,介護,求人ボックス,https://xn--pckua2a7gp15o89zb.com/jbn/1df761e180da928885f92c8ded2cb60c,True,10時間前,2026-10-03 04:46:02,東京都
タクシードライバー「普通免許のみ」／年収600万円以上／週3出勤／未経験でも高収入／予約が中心新着,...過去の経歴や特定のスキルは一切不問です。第二新卒の方やフリーターの方、しばらく仕事から離れていたブランクがある方も安心してスタートできる環境を整えています。実際に、カフェ店員、倉庫軽作業、配送ド,東京都,月給45万円～80万円,正社員,介護,求人ボックス,https://xn--pckua2a7gp15o89zb.com/jbn/ab36642df70067bd5fa16b9ae09ebc69,True,10時間前,2026-10-03 04:46:02,東京都
ハイヤードライバー「普通免許のみ」／未経験でも高収入／年収600万円以上／予約が中心新着,...過去の経歴や特定のスキルは一切不問です。第二新卒の方やフリーターの方、しばらく仕事から離れていたブランクがある方も安心してスタートできる環境を整えています。実際に、カフェ店員、倉庫軽作業、配送ド,東京都,月給45万円～80万円,正社員,介護,求人ボックス,https://xn--pckua2a7gp15o89zb.com/jbn/726a1b1ed140be7a3e88b35b8621ad2a,True,10時間前,2026-10-03 04:46:04,東京都
ドライバー職「普通免許のみ」／未経験でも高収入／タクシードライバー／週3出勤／予約が中心新着,...過去の経歴や特定のスキルは一切不問です。第二新卒の方やフリーターの方、しばらく仕事から離れていたブランクがある方も安心してスタートできる環境を整えています。実際に、カフェ店員、倉庫軽作業、配送ド,東京都,月給50万円～80万円,正社員,介護,求人ボックス,https://xn--pckua2a7gp15o89zb.com/jbn/b37be75bddfc592118dba6f63021bc1c,True,10時間前,2026-10-03 04:46:04,東京都
「高収入」ハイヤードライバー「普通免許のみ」／年収600万円以上／タクシードライバー／予約が中心新着,...過去の経歴や特定のスキルは一切不問です。第二新卒の方やフリーターの方、しばらく仕事から離れていたブランクがある方も安心してスタートできる環境を整えています。実際に、カフェ店員、倉庫軽作業、配送ド,東京都,月給45万円～80万円,正社員,介護,求人ボックス,https://xn--pckua2a7gp15o89zb.com/jbn/09752a33a7e45dc4f27759c68de1528a,True,10時間前,2026-10-03 04:46:04,東京都
ドライバー職「普通免許のみ」／週3出勤／未経験でも高収入／タクシードライバー／予約が中心新着,...過去の経歴や特定のスキルは一切不問です。第二新卒の方やフリーターの方、しばらく仕事から離れていたブランクがある方も安心してスタートできる環境を整えています。実際に、カフェ店員、倉庫軽作業、配送ド,東京都,月給50万円～80万円,正社員,介護,求人ボックス,https://xn--pckua2a7gp15o89zb.com/jbn/67f432183b8d6cce95396c64e804b9c2,True,10時間前,2026-10-03 04:46:04,東京都
「高収入」送迎運転手「普通免許のみ」／VIP送迎ドライバー／年収600万円以上／予約が中心新着,...過去の経歴や特定のスキルは一切不問です。第二新卒の方やフリーターの方、しばらく仕事から離れていたブランクがある方も安心してスタートできる環境を整えています。実際に、カフェ店員、倉庫軽作業、配送ド,東京都,月給45万円～80万円,正社員,介護,求人ボックス,https://xn--pckua2a7gp15o89zb.com/jbn/818f131071b539e294b60dc8246d5a37,True,9時間前,2026-10-03 04:46:07,東京都
ハイヤードライバー「普通免許のみ」／予約が中心／年収600万円以上／タクシードライバー新着,...過去の経歴や特定のスキルは一切不問です。第二新卒の方やフリーターの方、しばらく仕事から離れていたブランクがある方も安心してスタートできる環境を整えています。実際に、カフェ店員、倉庫軽作業、配送ド,東京都,月給45万円～80万円,正社員,介護,求人ボックス,https://xn--pckua2a7gp15o89zb.com/jbn/bed5ffa28f4c8350dac9cb5a69f3be3a,True,9時間前,2026-10-03 04:46:07,東京都
「高収入」送迎運転手「普通免許のみ」／ドライバー／VIP送迎ドライバー／予約が中心／キャリアアップ新着,...過去の経歴や特定のスキルは一切不問です。第二新卒の方やフリーターの方、しばらく仕事から離れていたブランクがある方も安心してスタートできる環境を整えています。実際に、カフェ店員、倉庫軽作業、配送ド,東京都,月給45万円～80万円,正社員,介護,求人ボックス,https://xn--pckua2a7gp15o89zb.com/jbn/ec92eb722c8e8f917c11625e542ed8ee,True,9時間前,2026-10-03 04:46:07,東京都
「高収入」配車ドライバー「普通免許のみ」／予約が中心／週3出勤／年収600万円以上新着,介護職,東京都,月給50万円～80万円,正社員,介護,求人ボックス,https://xn--pckua2a7gp15o89zb.com/jbn/7bf1af7b2d11c483e8a58afd1b38f965,True,9時間前,2026-10-03 04:46:07,東京都
ハイヤードライバー「普通免許のみ」／未経験でも高収入／予約が中心／タクシードライバー新着,...過去の経歴や特定のスキルは一切不問です。第二新卒の方やフリーターの方、しばらく仕事から離れていたブランクがある方も安心してスタートできる環境を整えています。実際に、カフェ店員、倉庫軽作業、配送ド,東京都,月給45万円～80万円,正社員,介護,求人ボックス,https://xn--pckua2a7gp15o89zb.com/jbn/d20c2411cd9dd6da30ba62c5cd92c4e2,True,9時間前,2026-10-03 04:46:11,東京都
送迎運転手「普通免許のみ」／ドライバー／予約が中心／未経験でも高収入／年収600万円以上新着,...過去の経歴や特定のスキルは一切不問です。第二新卒の方やフリーターの方、しばらく仕事から離れていたブランクがある方も安心してスタートできる環境を整えています。実際に、カフェ店員、倉庫軽作業、配送ド,東京都,月給45万円～80万円,正社員,介護,求人ボックス,https://xn--pckua2a7gp15o89zb.com/jbn/fe138928a2755d7d323e339010984ad4,True,9時間前,2026-10-03 04:46:11,東京都
タクシー運転手「普通免許のみ」／ドライバー／年収600万円以上／未経験でも高収入／予約が中心新着,...過去の経歴や特定のスキルは一切不問です。第二新卒の方やフリーターの方、しばらく仕事から離れていたブランクがある方も安心してスタートできる環境を整えています。実際に、カフェ店員、倉庫軽作業、配送ド,東京都,月給45万円～80万円,正社員,介護,求人ボックス,https://xn--pckua2a7gp15o89zb.com/jbn/3bc7119fee11210284c4cf03d1bb12c8,True,10時間前,2026-10-03 04:46:11,東京都
「高収入」タクシードライバー「普通免許のみ」／年収600万円以上／予約が中心新着,...過去の経歴や特定のスキルは一切不問です。第二新卒の方やフリーターの方、しばらく仕事から離れていたブランクがある方も安心してスタートできる環境を整えています。実際に、カフェ店員、倉庫軽作業、配送ド,東京都,月給45万円～80万円,正社員,介護,求人ボックス,https://xn--pckua2a7gp15o89zb.com/jbn/0cea98f0bdd74ea17becabca6d058dc9,True,10時間前,2026-10-03 04:46:14,東京都
タクシードライバー「普通免許のみ」／年収600万円以上／未経験でも高収入／予約が中心新着,...過去の経歴や特定のスキルは一切不問です。第二新卒の方やフリーターの方、しばらく仕事から離れていたブランクがある方も安心してスタートできる環境を整えています。実際に、カフェ店員、倉庫軽作業、配送ド,東京都,月給45万円～80万円,正社員,介護,求人ボックス,https://xn--pckua2a7gp15o89zb.com/jbn/4b4662b55fa41ba83f2a3613cbad3699,True,10時間前,2026-10-03 04:46:14,東京都
病院での受付医療事務新着,社会医療法人社団 堀ノ内病院,東京都,"月給18万1,500円",正社員,医療事務,求人ボックス,https://xn--pckua2a7gp15o89zb.com/jb/be7c1745da046343c0e7cd610c65dfb3,True,16時間前,2026-10-03 04:45:46,東京都
医療事務／完全予約制、駅から徒歩3分のメンタルクリニック新着,北山クリニック,東京都,月給24万円～,正社員,医療事務,求人ボックス,https://xn--pckua2a7gp15o89zb.com/jb/b477e73ff607cf2b53842dad13481146,True,23時間前,2026-10-03 04:45:47,東京都
医療事務／未経験・ブランクありOK、半日勤務、完全週休2日制新着,河原クリニック,東京都,"時給1,340円～1,600円",アルバイト・パート,医療事務,求人ボックス,https://xn--pckua2a7gp15o89zb.com/jb/60978fc3820d59de49e121ba5b19b915,True,23時間前,2026-10-03 04:45:47,東京都
関西エリア／年休120日以上／土日祝休／上場企業グループ正社員×医療事務デビュー／面接1回新着,株式会社Progress Group,東京都,"月給18万1,500円",正社員,医療事務,求人ボックス,https://xn--pckua2a7gp15o89zb.com/jb/320395f63ef3461f5cf5d77195999e33,True,11時間前,2026-10-03 04:45:52,東京都
医療事務のお仕事! クリニック／事務／未経験OK・研修充実・月29万～新着,株式会社ディンプル,東京都,月給29万円,正社員,医療事務,求人ボックス,https://xn--pckua2a7gp15o89zb.com/jb/2dc38aa57bc2b8b0546e9beca52d82a5,True,10時間前,2026-10-03 04:45:52,東京都
医療事務募集新着,ゆり眼科クリニック,東京都,"月給23万5,000円",正社員,医療事務,求人ボックス,https://xn--pckua2a7gp15o89zb.com/jb/a8e6369c7667f4412f7f0b9e3be16b4d,True,7時間前,2026-10-03 04:45:56,東京都
医療事務募集新着,鈴木小児科内科医院,東京都,"時給1,280円～1,400円",アルバイト・パート,医療事務,求人ボックス,https://xn--pckua2a7gp15o89zb.com/jb/3a353e4f5d564609419bc4f2b454ac59,True,6時間前,2026-10-03 04:45:56,東京都
医療事務募集新着,ときわ在宅クリニック墨田,東京都,月給24万円～34万円,正社員,医療事務,求人ボックス,https://xn--pckua2a7gp15o89zb.com/jb/fd923c091545416a4064f08d35e3d3fd,True,6時間前,2026-10-03 04:45:59,東京都
医療事務募集新着,医療法人社団和じょう しんむら整形外科クリニック,東京都,月給25万円～30万円,正社員,医療事務,求人ボックス,https://xn--pckua2a7gp15o89zb.com/jb/fa3d2bedf8175c6af7baeae7cfab0586,True,7時間前,2026-10-03 04:46:02,東京都
医療事務／クリニック新着,医療法人社団幸神会 下北沢DOクリニック,東京都,月給22万円,正社員,医療事務,求人ボックス,https://xn--pckua2a7gp15o89zb.com/jb/758fdf871e754a9b12185b5cdce20e6d,True,10時間前,2026-10-03 04:46:02,東京都
医療事務募集新着,医療法人社団大塚耳鼻咽喉科医院,東京都,月給26万円～26万,正社員,医療事務,求人ボックス,https://xn--pckua2a7gp15o89zb.com/jb/2d13dd94f89da00b9a7ab0ae632ee6ed,True,7時間前,2026-10-03 04:46:06,東京都
医療事務／産婦人科新着,医療法人社団静産会 吉祥寺バースクリニック,東京都,月給21万円～,正社員,医療事務,求人ボックス,https://xn--pckua2a7gp15o89zb.com/jb/e80d32244dae26be0fad7d6f5a28a4f8,True,10時間前,2026-10-03 04:46:06,東京都
医療事務募集新着,練馬在宅クリニック,東京都,月給24万円～34万円,正社員,医療事務,求人ボックス,https://xn--pckua2a7gp15o89zb.com/jb/d948c60d0ccf732e96614f5641f0b08d,True,7時間前,2026-10-03 04:46:08,東京都
医療事務／クリニック新着,医療法人社団ときわ 練馬在宅クリニック,東京都,月給24万円～34万円,正社員,医療事務,求人ボックス,https://xn--pckua2a7gp15o89zb.com/jb/6ddc85898a3435e5ab57b700afacbde7,True,10時間前,2026-10-03 04:46:11,東京都
医療事務／クリニック新着,医療法人社団慶雄会 川島整形外科,東京都,月給23万円～25万円,正社員,医療事務,求人ボックス,https://xn--pckua2a7gp15o89zb.com/jb/a0e439d15e484569152b869ac7cfa78d,True,10時間前,2026-10-03 04:46:11,東京都
医療事務／クリニック新着,一之江駅前クリニック,東京都,"時給1,400円",アルバイト・パート,医療事務,求人ボックス,https://xn--pckua2a7gp15o89zb.com/jb/48c2161c97808961952aa83e5c1ae19e,True,9時間前,2026-10-03 04:46:15,東京都
認可保育園で保育のお仕事 派遣保育士／週5日で安定収入!／日払い新着,株式会社グッドネクスト,東京都,"時給1,700円",派遣社員,保育,求人ボックス,https://xn--pckua2a7gp15o89zb.com/jb/551fd4c638cb995a8e1837c17d43e3f9,True,22時間前,2026-10-03 04:46:06,東京都
「主婦・主夫の方も働きやすい」／事業所内保育園の保育士／未経験歓迎新着,保育,東京都,月給27万円～36万円,正社員,保育,求人ボックス,https://xn--pckua2a7gp15o89zb.com/jbn/87f39da7af0dc6d295c0d2513415dd6a,True,16時間前,2026-10-03 04:46:06,東京都
「育児で得た目線を活かせる」／民間学童の保育士／持ち帰り行事なし新着,保育士,東京都,"時給1,300円～1,500円",アルバイト・パート,保育,求人ボックス,https://xn--pckua2a7gp15o89zb.com/jbn/b86da92eb89eb1f6826089579aafc0e0,True,16時間前,2026-10-03 04:46:06,東京都
「メリハリをつけて働ける」／認定こども園の保育士／ICT導入で書類業務...新着,保育,東京都,月給27万円～36万円,正社員,保育,求人ボックス,https://xn--pckua2a7gp15o89zb.com/jbn/52b68bc44ac57e8ae474a51003125a48,True,16時間前,2026-10-03 04:46:06,東京都
「男女ともに活躍中」／小規模保育園の保育士／書類少なめ／研修充実新着,保育,東京都,月給27万円～36万円,正社員,保育,求人ボックス,https://xn--pckua2a7gp15o89zb.com/jbn/2c80fdde4ff723a048387494fa5e939e,True,16時間前,2026-10-03 04:46:07,東京都
「保育の経験を活かして働ける」／認可保育園の保育士／研修充実新着,保育,東京都,月給27万円～36万円,正社員,保育,求人ボックス,https://xn--pckua2a7gp15o89zb.com/jbn/16b11c112eb6c1c3aa5335af4fac066e,True,16時間前,2026-10-03 04:46:07,東京都
「性別を問わず活躍中」／小規模保育園の保育士／書類少なめ／研修充実新着,保育,東京都,"時給1,300円～1,500円",アルバイト・パート,保育,求人ボックス,https://xn--pckua2a7gp15o89zb.com/jbn/f2b502e533ee9495930c4ca8aae62a26,True,16時間前,2026-10-03 04:46:10,東京都
乳児院での保育士・児童指導員新着,社会福祉法人東京恵明学園 東京恵明学園乳児部,東京都,"月給25万7,177円",正社員,保育,求人ボックス,https://xn--pckua2a7gp15o89zb.com/jb/2617729e8d4b4d439568774222eca104,True,18時間前,2026-10-03 04:46:10,東京都
「子育て経験を活かして働ける」／小規模保育園の保育士／一人ひとりに寄り...新着,保育,東京都,月給27万円～36万円,正社員,保育,求人ボックス,https://xn--pckua2a7gp15o89zb.com/jbn/66050cc8a42fbad010fc895c3879038a,True,16時間前,2026-10-03 04:46:14,東京都
「子育てが落ち着いた方も歓迎」／認可保育園の保育士／複数担任制新着,保育,東京都,月給27万円～36万円,正社員,保育,求人ボックス,https://xn--pckua2a7gp15o89zb.com/jbn/6b7e2dfeafc3f918944d0e9145ef4b10,True,16時間前,2026-10-03 04:46:14,東京都
「もう一度、資格を活かしませんか」／認定こども園の保育士／ブランクOK新着,保育士,東京都,"時給1,300円～1,500円",アルバイト・パート,保育,求人ボックス,https://xn--pckua2a7gp15o89zb.com/jbn/69e2de036033f43e8786df3e25cbe27e,True,16時間前,2026-10-03 04:46:14,東京都
「子どもたちの成長を見守る仕事」／保育士／未経験OK／研修充実新着,保育士,東京都,月給27万円～36万円,正社員,保育,求人ボックス,https://xn--pckua2a7gp15o89zb.com/jbn/0fa63a237aa6af8c843fb7bc4d9d9471,True,16時間前,2026-10-03 04:46:16,東京都
「応募から入社までスムーズ」／認定こども園の保育士／未経験歓迎新着,保育士,東京都,月給27万円～36万円,正社員,保育,求人ボックス,https://xn--pckua2a7gp15o89zb.com/jbn/429c9e24b0d966901fcaf35f57643af9,True,16時間前,2026-10-03 04:46:16,東京都
「子どもたちの成長を支える仕事」／事業所内保育園の保育士／未経験歓迎新着,保育,東京都,月給27万円～36万円,正社員,保育,求人ボックス,https://xn--pckua2a7gp15o89zb.com/jbn/2f54d51cb9eafc39ef5b1828b77370e4,True,16時間前,2026-10-03 04:46:16,東京都
「入職までの流れがスムーズ」／認定こども園の保育士／未経験歓迎新着,保育士,東京都,"時給1,300円～1,500円",アルバイト・パート,保育,求人ボックス,https://xn--pckua2a7gp15o89zb.com/jbn/6c8856b386099109b3242c90f9828f8f,True,16時間前,2026-10-03 04:46:20,東京都
「応募から勤務までスムーズ」／認可保育園の保育士／未経験歓迎新着,保育,東京都,月給27万円～36万円,正社員,保育,求人ボックス,https://xn--pckua2a7gp15o89zb.com/jbn/2b4a540c2537d89786589cd871dbd993,True,16時間前,2026-10-03 04:46:20,東京都
「自分の時間を確保しやすい」／小規模保育園の保育士／書類少なめ新着,保育,東京都,"時給1,300円～1,500円",アルバイト・パート,保育,求人ボックス,https://xn--pckua2a7gp15o89zb.com/jbn/e08db264505920422e648e7ebda0cb88,True,16時間前,2026-10-03 04:46:20,東京都
認定こども園の保育士／未経験歓迎／丁寧な研修あり／社会保険完備新着,保育,東京都,月給27万円～36万円,正社員,保育,求人ボックス,https://xn--pckua2a7gp15o89zb.com/jbn/1430add5d9266bbf8507b7b81ea80a86,True,16時間前,2026-10-03 04:46:23,東京都
「応募後スピード選考」／保育士／未経験歓迎／ピアノ苦手OK新着,保育士,東京都,月給27万円～36万円,正社員,保育,求人ボックス,https://xn--pckua2a7gp15o89zb.com/jbn/7a944fb9425c1d16742ece4ba6b8d189,True,16時間前,2026-10-03 04:46:23,東京都
「毎日の成長をそばで見守る」／保育士／未経験OK／研修充実／長期安定新着,保育士,東京都,"時給1,300円～1,500円",アルバイト・パート,保育,求人ボックス,https://xn--pckua2a7gp15o89zb.com/jbn/b5449e28ca90a7b084d714918d86284c,True,16時間前,2026-10-03 04:46:23,東京都
認可保育園の保育士／未経験歓迎／丁寧な研修あり／福利厚生充実／安定勤務新着,保育,東京都,月給27万円～36万円,正社員,保育,求人ボックス,https://xn--pckua2a7gp15o89zb.com/jbn/540a8fdf1dfce48759b140086fd7240f,True,16時間前,2026-10-03 04:46:26,東京都
「男女ともに活躍中」／事業所内保育園の保育士／日勤固定／研修充実新着,保育,東京都,月給27万円～36万円,正社員,保育,求人ボックス,https://xn--pckua2a7gp15o89zb.com/jbn/194ea75c654e0224940cec36f28427bb,True,16時間前,2026-10-03 04:46:26,東京都
「男女ともに活躍中」／認定こども園の保育士／ICT導入で書類業務を削減新着,保育,東京都,月給27万円～36万円,正社員,保育,求人ボックス,https://xn--pckua2a7gp15o89zb.com/jbn/853abff423b274efb08932c01565f1db,True,16時間前,2026-10-03 04:46:29,東京都
「もう一度子どもたちの成長に寄り添う」／認可保育園の保育士新着,保育,東京都,月給27万円～36万円,正社員,保育,求人ボックス,https://xn--pckua2a7gp15o89zb.com/jbn/c84b374192e412dcf16e656ddc6f6d62,True,16時間前,2026-10-03 04:46:33,東京都
事業所内保育園の保育士／未経験歓迎／研修充実／福利厚生充実／長期安定新着,保育,東京都,月給27万円～36万円,正社員,保育,求人ボックス,https://xn--pckua2a7gp15o89zb.com/jbn/7a7f8bab002d87b92d68ae5dcf475fba,True,16時間前,2026-10-03 04:46:33,東京都
美容師／店長／カライング新着,株式会社カライング,東京都,月給24万円～140万円,正社員,美容,求人ボックス,https://xn--pckua2a7gp15o89zb.com/jb/34403bb90f49a536946c052fc498e02e,True,10時間前,2026-10-03 04:46:18,東京都
美容師／スタイリスト／アッシュ 下丸子店新着,株式会社family,東京都,月給26万円,正社員,美容,求人ボックス,https://xn--pckua2a7gp15o89zb.com/jb/7940e920613b3bc09724b9a6616d4bd4,True,9時間前,2026-10-03 04:46:19,東京都
うなじ矯正スタッフ・未経験可の美容師新着,うなじ矯正専門店ミース 新橋店,東京都,月給28万円～,正社員,美容,求人ボックス,https://xn--pckua2a7gp15o89zb.com/jb/ce660ef49adc08770f0fbdb320e2b19e,True,6時間前,2026-10-03 04:46:19,東京都
美容師／スタイリスト／アッシュ 武蔵小金井店新着,株式会社VOGUE,東京都,月給26万円,正社員,美容,求人ボックス,https://xn--pckua2a7gp15o89zb.com/jb/a4f2900198c74b527377b5f8fca6d929,True,9時間前,2026-10-03 04:46:19,東京都
美容師／スタイリスト／リメル 奥沢自由が丘店新着,株式会社Foster,東京都,月給26万円,正社員,美容,求人ボックス,https://xn--pckua2a7gp15o89zb.com/jb/73a89a40fbddf3148064efaa44ec3a4b,True,9時間前,2026-10-03 04:46:22,東京都
美容師／スタイリスト／アッシュ 荻窪店新着,株式会社In sight,東京都,月給26万円,正社員,美容,求人ボックス,https://xn--pckua2a7gp15o89zb.com/jb/100d928c248f10160ac8277b8b87f036,True,9時間前,2026-10-03 04:46:22,東京都
美容師／スタイリスト／アッシュ 桜新町店新着,株式会社seek,東京都,月給26万円,正社員,美容,求人ボックス,https://xn--pckua2a7gp15o89zb.com/jb/62c899417a0c9ba50a178399721bf498,True,8時間前,2026-10-03 04:46:22,東京都
美容師／スタイリスト／アッシュ 日暮里店新着,flair,東京都,月給26万円,正社員,美容,求人ボックス,https://xn--pckua2a7gp15o89zb.com/jb/fdca6ffd50797484df823fb9a49939b9,True,9時間前,2026-10-03 04:46:25,東京都
美容師／アシスタント／アッシュ 八王子みなみ野店新着,株式会社REGALIA,東京都,月給23万円,正社員,美容,求人ボックス,https://xn--pckua2a7gp15o89zb.com/jb/fe5f93a5f96b81ee0a5cc459e2931225,True,8時間前,2026-10-03 04:46:25,東京都
美容師／スタイリスト／バトヘアー 渋谷本店新着,bat hair,東京都,"日給8,000円～2万円",,美容,求人ボックス,https://xn--pckua2a7gp15o89zb.com/jb/ac6b6bba1b855f9a20b0425ae7a249dd,True,9時間前,2026-10-03 04:46:25,東京都
美容師／スタッフ／アイスアウト新着,株式会社OVAL,東京都,月給21万円～36万円,正社員,美容,求人ボックス,https://xn--pckua2a7gp15o89zb.com/jb/adff51f1d06c5e98bd05103413201513,True,9時間前,2026-10-03 04:46:25,東京都
美容師／スタイリスト／アッシュ 日野店新着,株式会社ACE,東京都,月給26万円,正社員,美容,求人ボックス,https://xn--pckua2a7gp15o89zb.com/jb/6b1af6854b3ccd1445d2c3d65397322c,True,8時間前,2026-10-03 04:46:28,東京都
美容師／アシスタント／アッシュ 瑞江店新着,株式会社ACTON,東京都,月給23万円,正社員,美容,求人ボックス,https://xn--pckua2a7gp15o89zb.com/jb/aa0baf90d4023a18afd17dabe655e0bc,True,9時間前,2026-10-03 04:46:31,東京都
美容師／スタイリスト新着,株式会社プロピア,東京都,月給25万円～42万円,正社員,美容,求人ボックス,https://xn--pckua2a7gp15o89zb.com/jb/a3a77c828fc45162785971fd9aa600ed,True,23時間前,2026-10-03 04:46:31,東京都
美容師／アシスタント／アッシュ 吉祥寺店新着,株式会社Dear,東京都,月給23万円,正社員,美容,求人ボックス,https://xn--pckua2a7gp15o89zb.com/jb/b802957493c7fdb1a7f6825b8a33ed39,True,10時間前,2026-10-03 04:46:31,東京都
美容師／アシスタント／ラボヌールヘアー オリビエ 北千住店新着,株式会社ヤマノホールディングス,東京都,"月給23万7,000円",正社員,美容,求人ボックス,https://xn--pckua2a7gp15o89zb.com/jb/1a3752b9da59d7072e0fb55737e5d2fc,True,8時間前,2026-10-03 04:46:35,東京都
美容師／ヘアメイク／ヘッドスパ／ヘアセット スタイリスト／IDÈAL新着,IDEAL,東京都,月給30万円～140万円,正社員,美容,求人ボックス,https://xn--pckua2a7gp15o89zb.com/jb/98219bfd1ba9dab20c4f5dfc16083f5d,True,23時間前,2026-10-03 04:46:39,東京都
美容師／店長／ディッシュ新着,有限会社エルザ,東京都,月給27万円～80万円,正社員,美容,求人ボックス,https://xn--pckua2a7gp15o89zb.com/jb/7acb7558909c4a4fbee9685f9e4acb2b,True,10時間前,2026-10-03 04:46:39,東京都
美容師／アシスタント／リアアンク新着,Mandala屋株式会社,東京都,"月給23万8,000円",正社員,美容,求人ボックス,https://xn--pckua2a7gp15o89zb.com/jb/9f028055a8903b7aebddabbbd9a190dd,True,8時間前,2026-10-03 04:46:42,東京都
美容師／スタイリスト／アッシュ 大泉学園店新着,株式会社MAX,東京都,月給26万円,正社員,美容,求人ボックス,https://xn--pckua2a7gp15o89zb.com/jb/8534c65fc9f97907fbe339971c529748,True,10時間前,2026-10-03 04:46:42,東京都
美容師／スタイリスト／ラス新着,RAS,東京都,,,美容,求人ボックス,https://xn--pckua2a7gp15o89zb.com/jb/838d8c8443534ae9ff537f99a36288f3,True,11時間前,2026-10-03 04:46:42,東京都
美容師／アシスタント／ノラ シンディ新着,株式会社NORA,東京都,"月給22万2,000円",正社員,美容,求人ボックス,https://xn--pckua2a7gp15o89zb.com/jb/e25c246f11606f76100e75f271be3741,True,10時間前,2026-10-03 04:46:45,東京都
美容師／スタイリスト／アイナ新着,株式会社ファクトリー,東京都,"日給8,000円～1万円",,美容,求人ボックス,https://xn--pckua2a7gp15o89zb.com/jb/f1339607e96ee36f61d08b4de68e5729,True,10時間前,2026-10-03 04:46:45,東京都
「予約制のタクシードライバー」週3日勤務で月収40万円以上／未経験OK／20代～50代が活躍中新着,建設,東京都,"月給47万6,000円",正社員,建設,求人ボックス,https://xn--pckua2a7gp15o89zb.com/jbn/1c4926ebb7bade65fae5accdd6481610,True,13時間前,2026-10-03 04:46:18,東京都
著名人・VIPの予約タクシードライバー／普通免許のみOK／未経験から正社員へ／賞与年2回新着,フードデリバリー配達員/宅配便ドライバールート配送ドライバー(飲料・食品)...[年収実績]25歳男性/前職:フードデリバリー配達員入社1年目で年収650万円を達成。,東京都,"月給47万6,000円",正社員,建設,求人ボックス,https://xn--pckua2a7gp15o89zb.com/jbn/1cc0c8b66531f44d4bbd4e3a26ac5cf9,True,9時間前,2026-10-03 04:46:18,東京都
普通免許から始めるタクシードライバー／二種免許取得支援あり／役員・VIP・予約送迎／賞与あり新着,フードデリバリー配達員/宅配便ドライバールート配送ドライバー(飲料・食品)...(前職:フードデリバリー配達員/25歳男性) 福利厚生 ・社会保険完備(厚生年金・健康保険・雇用保険・労災)...,東京都,"月給47万6,000円",正社員,建設,求人ボックス,https://xn--pckua2a7gp15o89zb.com/jbn/dd30b8233ec44f94a42bc2269eb15dd3,True,10時間前,2026-10-03 04:46:18,東京都
夜間予約タクシードライバー／普通免許OK／二種免許は会社負担／月収50万円以上も可／賞与あり新着,フードデリバリー配達員/宅配便ドライバールート配送ドライバー(飲料・食品)長距離大型トラック/中型トラック運転手引越しドライバー/デリバリーサービス倉庫,東京都,"月給40万4,000円",正社員,建設,求人ボックス,https://xn--pckua2a7gp15o89zb.com/jbn/81dd4c997fdb78b2d51da8c0646bcac6,True,9時間前,2026-10-03 04:46:18,東京都
「タクシードライバー」二種免許会社負担／経歴不問／年収600万円以上可／若手世代活躍中新着,...軽貨物配送ドライバーフードデリバリー配達員/宅配便ドライバールート配送ドライバー(飲料・食品)長距離大型トラック/中型トラック運転手引越しドライバー/デリバリーサービス倉庫,東京都,"月給47万6,000円",正社員,建設,求人ボックス,https://xn--pckua2a7gp15o89zb.com/jbn/fba9a3580d64cad01c599e3fd1a900fd,True,9時間前,2026-10-03 04:46:18,東京都
「夜勤・高収入・空港送迎」タクシードライバー／普通免許でOK／賞与あり／年収600万円以上可新着,フードデリバリー配達員/宅配便ドライバールート配送ドライバー(飲料・食品)...<年収例>入社1年目:年収650万円前職:フードデリバリー配達員(25歳男性),東京都,"月給47万6,000円",正社員,建設,求人ボックス,https://xn--pckua2a7gp15o89zb.com/jbn/864da08e7405dd2165bb891ad410f78f,True,9時間前,2026-10-03 04:46:18,東京都
「夜勤・タクシードライバー」二種免不要／企業役員／賞与年2回／20代活躍中／安定収入新着,フードデリバリー配達員/宅配便ドライバールート配送ドライバー(飲料・食品)...<年収例>入社1年目:年収650万円前職:フードデリバリー配達員(25歳男性),東京都,"月給45万6,000円",正社員,建設,求人ボックス,https://xn--pckua2a7gp15o89zb.com/jbn/5378eb0912e7f2a3c420edd7747481e0,True,9時間前,2026-10-03 04:46:19,東京都
「二種免許不要・タクシードライバー」履歴書不要／学歴不問／週3勤務／身体負担少なめ／退職金制度新着,...軽貨物配送ドライバーフードデリバリー配達員/宅配便ドライバールート配送ドライバー(飲料・食品)長距離大型トラック/中型トラック運転手引越しドライバー/デリバリーサービス倉庫,東京都,"月給47万6,000円",正社員,建設,求人ボックス,https://xn--pckua2a7gp15o89zb.com/jbn/b52af75aca6bee43c83e08392b5ab086,True,10時間前,2026-10-03 04:46:19,東京都
「月11日～13日勤務!」タクシードライバー／履歴書不要／空港送迎／社会保険完備／賞与あり新着,フードデリバリー配達員/宅配便ドライバールート配送ドライバー(飲料・食品)...<年収例>入社1年目:年収650万円前職:フードデリバリー配達員(25歳男性),東京都,"月給47万6,000円",正社員,建設,求人ボックス,https://xn--pckua2a7gp15o89zb.com/jbn/c0e0e919472d68519eec4384b1a92e56,True,10時間前,2026-10-03 04:46:19,東京都
夜勤の役員タクシードライバー／空港・会食・VIP送迎あり／普通免許OK／賞与年2回／福利厚生充実新着,...軽貨物配送ドライバーフードデリバリー配達員/宅配便ドライバールート配送ドライバー(飲料・食品)長距離大型トラック/中型トラック運転手引越しドライバー/デリバリーサービス倉庫,東京都,"月給47万6,000円",正社員,建設,求人ボックス,https://xn--pckua2a7gp15o89zb.com/jbn/a624c007525e67eeac76c4bfca8977d9,True,9時間前,2026-10-03 04:46:19,東京都
「週3勤務・芸能人・タレント」タクシードライバー／二種免許不要／賞与年2回／正社員雇用新着,フードデリバリー配達員/宅配便ドライバールート配送ドライバー(飲料・食品)...<年収例>入社1年目:年収650万円前職:フードデリバリー配達員(25歳男性),東京都,"月給47万6,000円",正社員,建設,求人ボックス,https://xn--pckua2a7gp15o89zb.com/jbn/c61499e8bfdb6c2aaa846f649426460c,True,9時間前,2026-10-03 04:46:19,東京都
月11日～13日勤務のタクシードライバー／空港・VIP送迎あり／普通免許OK／履歴書不要／賞与年2回新着,未経験OK,東京都,"月給47万6,000円",正社員,建設,求人ボックス,https://xn--pckua2a7gp15o89zb.com/jbn/79405ad05a12aa59d6f22ab707362a44,True,9時間前,2026-10-03 04:46:19,東京都
「夜勤」タクシードライバー・AT限定OK／接客経験活かせる／賞与年2回／VIP対応／アルファード新着,...軽貨物配送ドライバーフードデリバリー配達員/宅配便ドライバールート配送ドライバー(飲料・食品)長距離大型トラック/中型トラック運転手引越しドライバー/デリバリーサービス倉庫,東京都,"月給47万6,000円",正社員,建設,求人ボックス,https://xn--pckua2a7gp15o89zb.com/jbn/4b11bcfd34b4f5103339a670ad5a1f03,True,9時間前,2026-10-03 04:46:19,東京都
「社会保険完備・福利厚生充実」タクシードライバー／夜勤／学歴不問／ボーナス年2回／空港送迎／会食送迎新着,...軽貨物配送ドライバーフードデリバリー配達員/宅配便ドライバールート配送ドライバー(飲料・食品)長距離大型トラック/中型トラック運転手引越しドライバー/デリバリーサービス倉庫,東京都,"月給47万6,000円",正社員,建設,求人ボックス,https://xn--pckua2a7gp15o89zb.com/jbn/aac24b2be0b4fb72a32d168d6edb0332,True,9時間前,2026-10-03 04:46:19,東京都
「タクシードライバー」二種免不要／週3勤務／安定収入／ボーナス年2回／若手活躍中／安心の正社員雇用新着,...軽貨物配送ドライバーフードデリバリー配達員/宅配便ドライバールート配送ドライバー(飲料・食品)長距離大型トラック/中型トラック運転手引越しドライバー/デリバリーサービス倉庫,東京都,"月給47万6,000円",正社員,建設,求人ボックス,https://xn--pckua2a7gp15o89zb.com/jbn/ae26463c46a1496a1bca915d723e2320,True,9時間前,2026-10-03 04:46:24,東京都
「タクシードライバー」未経験OK／履歴書不要／週3勤務／賞与あり／研修制度充実／社会保険完備新着,...軽貨物配送ドライバーフードデリバリー配達員/宅配便ドライバールート配送ドライバー(飲料・食品)長距離大型トラック/中型トラック運転手引越しドライバー/デリバリーサービス倉庫,東京都,"月給47万6,000円",正社員,建設,求人ボックス,https://xn--pckua2a7gp15o89zb.com/jbn/fa3d9de50a4b9f26cc2982c2ff56be95,True,10時間前,2026-10-03 04:46:24,東京都
「経歴不問・タクシードライバー」未経験歓迎／社会保険完備の正社員雇用／週3勤務／AT限定OK新着,...軽貨物配送ドライバーフードデリバリー配達員/宅配便ドライバールート配送ドライバー(飲料・食品)長距離大型トラック/中型トラック運転手引越しドライバー/デリバリーサービス倉庫,東京都,"月給45万6,000円",正社員,建設,求人ボックス,https://xn--pckua2a7gp15o89zb.com/jbn/ed85be9404aa216a8dae8f2253500407,True,9時間前,2026-10-03 04:46:24,東京都
タクシードライバー／普通免許OK・AT限定可／未経験から正社員へ／週3日勤務可新着,...軽貨物配送ドライバーフードデリバリー配達員/宅配便ドライバールート配送ドライバー(飲料・食品)長距離大型トラック/中型トラック運転手引越しドライバー/デリバリーサービス倉庫,東京都,"月給47万7,000円",正社員,建設,求人ボックス,https://xn--pckua2a7gp15o89zb.com/jbn/cbbec750792998168208cc4518c6b1df,True,10時間前,2026-10-03 04:46:24,東京都
週3勤務のタクシードライバー／普通免許だけで応募OK／予約中心で落ち着いて働ける／賞与年2回新着,...軽貨物配送ドライバーフードデリバリー配達員/宅配便ドライバールート配送ドライバー(飲料・食品)長距離大型トラック/中型トラック運転手引越しドライバー/デリバリーサービス倉庫,東京都,"月給47万7,000円",正社員,建設,求人ボックス,https://xn--pckua2a7gp15o89zb.com/jbn/209c5184117d0e82b12898a077ee0cb7,True,11時間前,2026-10-03 04:46:24,東京都
週3勤務の役員送迎ドライバー／普通免許だけで応募OK／予約中心で落ち着いて働ける／賞与年2回新着,...軽貨物配送ドライバーフードデリバリー配達員/宅配便ドライバールート配送ドライバー(飲料・食品)長距離大型トラック/中型トラック運転手引越しドライバー/デリバリーサービス倉庫,東京都,"月給51万5,000円",正社員,建設,求人ボックス,https://xn--pckua2a7gp15o89zb.com/jbn/5a3ec4f1e4762b0587e2d71999e7f28f,True,15時間前,2026-10-03 04:46:24,東京都
週3勤務の予約送迎ドライバー／普通免許OK／未経験から正社員へ／履歴書不要／賞与年2回新着,...軽貨物配送ドライバーフードデリバリー配達員/宅配便ドライバールート配送ドライバー(飲料・食品)長距離大型トラック/中型トラック運転手引越しドライバー/デリバリーサービス倉庫,東京都,"月給47万7,000円",正社員,建設,求人ボックス,https://xn--pckua2a7gp15o89zb.com/jbn/cf8fa421c1ff1fd6ea1f05b8a4d3de4f,True,15時間前,2026-10-03 04:46:24,東京都
週3勤務のタクシードライバー／普通免許OK／未経験から正社員へ／履歴書不要／賞与年2回新着,...軽貨物配送ドライバーフードデリバリー配達員/宅配便ドライバールート配送ドライバー(飲料・食品)長距離大型トラック/中型トラック運転手引越しドライバー/デリバリーサービス倉庫,東京都,"月給47万7,000円",正社員,建設,求人ボックス,https://xn--pckua2a7gp15o89zb.com/jbn/21b0634e9b88fa19e66919a31f26bd50,True,11時間前,2026-10-03 04:46:24,東京都
タクシードライバー／普通免許OK／年収600万円以上も可／履歴書不要／退職金制度あり新着,...軽貨物配送ドライバーフードデリバリー配達員/宅配便ドライバールート配送ドライバー(飲料・食品)長距離大型トラック/中型トラック運転手引越しドライバー/デリバリーサービス倉庫,東京都,"月給47万7,000円",正社員,建設,求人ボックス,https://xn--pckua2a7gp15o89zb.com/jbn/09ece9fcf8009d144703e2c84bf6ff8c,True,10時間前,2026-10-03 04:46:28,東京都
週3勤務の予約タクシードライバー／普通免許OK／未経験から正社員へ／履歴書不要／賞与年2回新着,...軽貨物配送ドライバーフードデリバリー配達員/宅配便ドライバールート配送ドライバー(飲料・食品)長距離大型トラック/中型トラック運転手引越しドライバー/デリバリーサービス倉庫,東京都,"月給47万6,000円",正社員,建設,求人ボックス,https://xn--pckua2a7gp15o89zb.com/jbn/c09921a4a0a58a1ad9932b99d7fe2bb3,True,9時間前,2026-10-03 04:46:28,東京都
役員・VIPタクシードライバー／普通免許OK／年収600万円以上も可／履歴書不要／退職金制度あり新着,...軽貨物配送ドライバーフードデリバリー配達員/宅配便ドライバールート配送ドライバー(飲料・食品)長距離大型トラック/中型トラック運転手引越しドライバー/デリバリーサービス倉庫,東京都,"月給47万6,000円",正社員,建設,求人ボックス,https://xn--pckua2a7gp15o89zb.com/jbn/6f9bd645db8a310af4154eac98e4a603,True,10時間前,2026-10-03 04:46:28,東京都
夜勤の予約タクシードライバー／企業役員・VIP対応あり／普通免許OK／二種免許取得支援あり新着,フードデリバリー配達員/宅配便ドライバールート配送ドライバー(飲料・食品)...25歳男性・前職フードデリバリー配達員が入社1年目で年収650万円を達成しています。...,東京都,"月給47万6,000円",正社員,建設,求人ボックス,https://xn--pckua2a7gp15o89zb.com/jbn/a3e1bfc0cb04ed8696869e16fb01b188,True,9時間前,2026-10-03 04:46:28,東京都
アルファードでの夜間タクシードライバー／VIP・著名人対応あり／AT限定OK／接客経験を活かせる新着,フードデリバリー配達員/宅配便ドライバールート配送ドライバー(飲料・食品)...外での,東京都,"月給47万6,000円",正社員,建設,求人ボックス,https://xn--pckua2a7gp15o89zb.com/jbn/f2041892ffac20335915c054facac01b,True,10時間前,2026-10-03 04:46:28,東京都
役員・著名人の予約タクシードライバー／普通免許OK・AT限定可／未経験から正社員へ／週3日勤務可新着,...軽貨物配送ドライバーフードデリバリー配達員/宅配便ドライバールート配送ドライバー(飲料・食品)長距離大型トラック/中型トラック運転手引越しドライバー/デリバリーサービス倉庫,東京都,"月給47万6,000円",正社員,建設,求人ボックス,https://xn--pckua2a7gp15o89zb.com/jbn/3c6b426eb93cdf6d89e3ab0ccd6d9e3f,True,9時間前,2026-10-03 04:46:32,東京都
トンネル工事スタッフ 独自工法を支える技術を未経験から学べます新着,N.JETエンジニアリング株式会社,東京都,"月給25万5,000円",正社員,建設,求人ボックス,https://xn--pckua2a7gp15o89zb.com/jb/1cbdf25ffd78bf2c1b1bebcc1bddf980,True,5時間前,2026-10-03 04:46:32,東京都
足場完全反響営業職新着,東海ステップ株式会社,東京都,"月給24万3,100円",正社員,建設,求人ボックス,https://xn--pckua2a7gp15o89zb.com/jb/6bfe60287ea5e0ebe9edc8b22aa26879,True,18時間前,2026-10-03 04:46:32,東京都
施工管理 賞与年2回 年間休日120日 未経験OK新着,株式会社Progress Group,東京都,月給25万円～30万円,正社員,建設,求人ボックス,https://xn--pckua2a7gp15o89zb.com/jb/76177fec8de97f0464dcda5cf14c9e29,True,10時間前,2026-10-03 04:46:32,東京都
技術職／原子力発電所内現地作業員の工程管理新着,株式会社オープンアップネクストエンジニア,東京都,月給22万円～55万円,正社員,建設,求人ボックス,https://xn--pckua2a7gp15o89zb.com/jb/60ae8ca5d14e6891ca91abb0fe41839c,True,5時間前,2026-10-03 04:46:32,東京都
うれしい賞与年2回あり 地域のインフラを守る新着,株式会社丸幸興業,東京都,"日給1万2,000円",正社員,建設,求人ボックス,https://xn--pckua2a7gp15o89zb.com/jb/273b5150e2b0d862848d89af4522c893,True,4時間前,2026-10-03 04:46:32,東京都
施工管理新着,株式会社エール,東京都,"月給24万2,800円",正社員,建設,求人ボックス,https://xn--pckua2a7gp15o89zb.com/jb/23a3253b0d9e9c88ecce084d9605472d,True,21時間前,2026-10-03 04:46:32,東京都
個室寮完備&初月家賃無料／交通誘導スタッフ新着,大真綜合警備保障株式会社,東京都,"日給1万1,360円",アルバイト・パート,建設,求人ボックス,https://xn--pckua2a7gp15o89zb.com/jb/fe4adf721fc4de76e61a68dbdb2fede4,True,13時間前,2026-10-03 04:46:32,東京都
プラント解体工事の施工管理／年間休日125日新着,ベステラ株式会社,東京都,月給22万円～66万,正社員,建設,求人ボックス,https://xn--pckua2a7gp15o89zb.com/jb/c2817ce953507bef8c8c5b8b64a2c9d8,True,2時間前,2026-10-03 04:46:35,東京都
JRや西武鉄道を支える レール作業スタッフ 短時間勤務新着,野木軌道株式会社,東京都,月給24万円～,正社員,建設,求人ボックス,https://xn--pckua2a7gp15o89zb.com/jb/e8a3469ba7cf205ad0f67d03538af43d,True,23時間前,2026-10-03 04:46:35,東京都
電柱工事の現場スタッフ／20代～30代の若手活躍中／未経験でも月30万円可!賞与・昇給年2回新着,株式会社髙好電工,東京都,月給30万円～,正社員,建設,求人ボックス,https://xn--pckua2a7gp15o89zb.com/jb/eb1a47a43d776cc50f2f62ae49d21c34,True,6時間前,2026-10-03 04:46:35,東京都
現場管理 経験者限定 寮完備 全国拠点新着,株式会社GS STAFF,東京都,"月給35万1,500円",派遣社員,建設,求人ボックス,https://xn--pckua2a7gp15o89zb.com/jb/0d5a1376e58a08ed9a92cb4f51a203e4,True,4時間前,2026-10-03 04:46:35,東京都
タクシー運転手「週3勤務」資格取得支援あり／月収40万円以上／安定収入／転職回数不問新着,...以下のような経験をお持ちの方は特に歓迎します。・軽貨物ドライバー・ルート配送スタッフ・宅配ドライバー・タクシー運転手・大型トラックドライバー・フォークリフトオペレーター・,東京都,"月給45万8,900円",正社員,建設,求人ボックス,https://xn--pckua2a7gp15o89zb.com/jbn/c9f226286d6046e2be4d7405dac7d1a9,True,8時間前,2026-10-03 04:46:35,東京都
「高収入」夜勤／タクシー運転手／定期送迎「月収50万円以上可能／安定収入／賞与年2回」新着,建設・,東京都,"月給45万9,300円",正社員,建設,求人ボックス,https://xn--pckua2a7gp15o89zb.com/jbn/52e0d6ba777295e1e135712862c92f53,True,8時間前,2026-10-03 04:46:35,東京都
タクシードライバー／週3勤務／学歴不問／1年目月収50万以上／賞与年2回新着,建設・,東京都,"月給45万8,600円",正社員,建設,求人ボックス,https://xn--pckua2a7gp15o89zb.com/jbn/dcad3e94124239caa17ea8f0e120cee5,True,8時間前,2026-10-03 04:46:35,東京都
夜勤タクシードライバー／未経験スタートOK／年2回のボーナス支給あり／資格取得支援制度あり新着,作業,東京都,"月給47万8,500円",正社員,建設,求人ボックス,https://xn--pckua2a7gp15o89zb.com/jbn/f542e406bcc4f0ede356de00af84c2dc,True,8時間前,2026-10-03 04:46:39,東京都
「夜勤でしっかり稼ぐ」タクシードライバー／残業少なめ／正社員採用／賞与あり新着,...以下のような経験をお持ちの方は特に歓迎します。・軽貨物ドライバー・ルート配送スタッフ・宅配ドライバー・タクシー運転手・大型トラックドライバー・フォークリフトオペレーター・,東京都,"月給47万8,600円",正社員,建設,求人ボックス,https://xn--pckua2a7gp15o89zb.com/jbn/ac1c2838b5cb2cc55f09a2e7c243b0d2,True,8時間前,2026-10-03 04:46:39,東京都
タクシードライバー／未経験歓迎／会食・空港送迎中心／年収600万円以上可新着,建設・,東京都,"月給47万9,300円",正社員,建設,求人ボックス,https://xn--pckua2a7gp15o89zb.com/jbn/8ba249febbccc5fc2dfb7f8d1b911d15,True,9時間前,2026-10-03 04:46:39,東京都
「未経験1年目600万円／定着率90%以上」「週3日勤務／正社員」タクシードライバー新着,建設・,東京都,"月給46万1,400円",正社員,建設,求人ボックス,https://xn--pckua2a7gp15o89zb.com/jbn/cae75cc600890f140d184d03753929b1,True,9時間前,2026-10-03 04:46:39,東京都
「未経験1年目600万円／定着率90%以上」「週3勤務・予約制タクシードライバー」普通免許のみOK新着,建設・,東京都,"月給47万9,200円",正社員,建設,求人ボックス,https://xn--pckua2a7gp15o89zb.com/jbn/04699342c76ccea2731c74bdaaf78def,True,9時間前,2026-10-03 04:46:39,東京都
「転職回数不問」役員タクシードライバー／週3勤務／安定収入／正社員採用新着,...以下のような経験をお持ちの方は特に歓迎します。・軽貨物ドライバー・ルート配送スタッフ・宅配ドライバー・タクシー運転手・大型トラックドライバー・フォークリフトオペレーター・,東京都,"月給47万7,200円",正社員,建設,求人ボックス,https://xn--pckua2a7gp15o89zb.com/jbn/2bd42f247a7dc8b058fbbfad25d8bf8f,True,9時間前,2026-10-03 04:46:39,東京都
「夜勤で稼げる」タクシードライバー／普通免許のみOK／年収600万円以上可／賞与年2回新着,...以下のような経験をお持ちの方は特に歓迎します。・軽貨物ドライバー・ルート配送スタッフ・宅配ドライバー・タクシー運転手・大型トラックドライバー・フォークリフトオペレーター・,東京都,"月給47万7,400円",正社員,建設,求人ボックス,https://xn--pckua2a7gp15o89zb.com/jbn/c301b00a2f152747e08ddad5d3302991,True,9時間前,2026-10-03 04:46:39,東京都
「予約中心だから未経験でも安心」タクシードライバー／週3勤務／月収50万円以上可新着,建設・,東京都,"月給47万6,000円",正社員,建設,求人ボックス,https://xn--pckua2a7gp15o89zb.com/jbn/61990ccbeccfc3022016ca10e356947c,True,9時間前,2026-10-03 04:46:42,東京都
夜間専属タクシードライバー／月収50万円以上可能／賞与年2回／普通免許のみで応募可新着,...以下のような経験をお持ちの方は特に歓迎します。・軽貨物ドライバー・ルート配送スタッフ・宅配ドライバー・タクシー運転手・大型トラックドライバー・フォークリフトオペレーター・,東京都,"月給47万8,100円",正社員,建設,求人ボックス,https://xn--pckua2a7gp15o89zb.com/jbn/87c7bbad1d61a9e8bb2da7a23792cc8e,True,9時間前,2026-10-03 04:46:42,東京都
夜間専属タクシードライバー／週3日勤務OK／異業種出身多数／未経験活躍中／土日祝休みあり新着,...以下のような経験をお持ちの方は特に歓迎します。・軽貨物ドライバー・ルート配送スタッフ・宅配ドライバー・タクシー運転手・大型トラックドライバー・フォークリフトオペレーター・,東京都,"月給47万7,800円",正社員,建設,求人ボックス,https://xn--pckua2a7gp15o89zb.com/jbn/ade8534b8ec47c110dd7280207c00eab,True,9時間前,2026-10-03 04:46:42,東京都
「週3日勤務で高収入」タクシードライバー／家族手当あり／賞与年2回新着,...以下のような経験をお持ちの方は特に歓迎します。・軽貨物ドライバー・ルート配送スタッフ・宅配ドライバー・タクシー運転手・大型トラックドライバー・フォークリフトオペレーター・,東京都,"月給47万6,000円",正社員,建設,求人ボックス,https://xn--pckua2a7gp15o89zb.com/jbn/198e39c76c57608e92d8e3c658fd756d,True,10時間前,2026-10-03 04:46:42,東京都
「普通免許のみOK」タクシードライバー／資格不問・月収50万以上可・賞与年2回新着,...以下のような経験をお持ちの方は特に歓迎します。・軽貨物ドライバー・ルート配送スタッフ・宅配ドライバー・タクシー運転手・大型トラックドライバー・フォークリフトオペレーター・,東京都,"月給47万6,000円",正社員,建設,求人ボックス,https://xn--pckua2a7gp15o89zb.com/jbn/f9a5f58f7fe7cb53896e5310dc243885,True,10時間前,2026-10-03 04:46:42,東京都
タクシードライバー／週3勤務／異業種からの転職歓迎新着,建設・,東京都,"月給47万6,000円",正社員,建設,求人ボックス,https://xn--pckua2a7gp15o89zb.com/jbn/88a65d262dd2a86dc1afd3ab77f4e2ac,True,10時間前,2026-10-03 04:46:42,東京都
タクシードライバー「週3勤務」資格取得支援あり／月収40万円以上／安定収入／転職回数不問新着,...以下のような経験をお持ちの方は特に歓迎します。・軽貨物ドライバー・ルート配送スタッフ・宅配ドライバー・タクシー運転手・大型トラックドライバー・フォークリフトオペレーター・,東京都,"月給47万6,000円",正社員,建設,求人ボックス,https://xn--pckua2a7gp15o89zb.com/jbn/c505b97fe5a66ec55a08f20576eb53ee,True,10時間前,2026-10-03 04:46:45,東京都
芸能関係者のタクシードライバー／未経験歓迎／週3勤務／月収45万円以上／20代～50代活躍中新着,作業,東京都,"月給47万9,200円",正社員,建設,求人ボックス,https://xn--pckua2a7gp15o89zb.com/jbn/0cdf5485f447ccaf81153f4b4f261406,True,10時間前,2026-10-03 04:46:45,東京都
タクシードライバー／普通免許のみで応募OK／週3日勤務／賞与あり／高収入実現可能新着,作業,東京都,"月給51万8,800円",正社員,建設,求人ボックス,https://xn--pckua2a7gp15o89zb.com/jbn/496623d21f685e05591b78c6fee4d9eb,True,10時間前,2026-10-03 04:46:45,東京都
「週3日勤務で年収600万円も可能」タクシードライバー／普通免許のみOK／未経験歓迎／賞与年2回新着,建設・,東京都,"月給51万6,000円",正社員,建設,求人ボックス,https://xn--pckua2a7gp15o89zb.com/jbn/e3f2d62aac99a80b0d4205746750fc8d,True,11時間前,2026-10-03 04:46:45,東京都
現場作業員新着,株式会社ReR 東京事務所,東京都,"日給1万8,000円",アルバイト・パート,建設,求人ボックス,https://xn--pckua2a7gp15o89zb.com/jb/d7959e1533a0f32f07f9e01d3f5e4dc6,True,18時間前,2026-10-03 04:46:45,東京都
"""建設前""の大事な業務／地盤調査員新着",株式会社PresingIC,東京都,月給30万円～,,建設,求人ボックス,https://xn--pckua2a7gp15o89zb.com/jb/2fc559bcfb1e623c340a105c272ed8bb,True,9時間前,2026-10-03 04:46:45,東京都
生コンクリートの品質管理を担当する工場スタッフ／未経験歓迎／日曜休みOK／賞与あり新着,吉田建材株式会社,東京都,"月給24万1,000円",正社員,建設,求人ボックス,https://xn--pckua2a7gp15o89zb.com/jb/55c7c2371b87a517c09e4e187d18895e,True,9時間前,2026-10-03 04:46:45,東京都
「未経験歓迎」タクシードライバー／月収50万円以上可／退職金制度あり新着,...以下のような経験をお持ちの方は特に歓迎します。・軽貨物ドライバー・ルート配送スタッフ・宅配ドライバー・タクシー運転手・大型トラックドライバー・フォークリフトオペレーター・,東京都,"月給47万8,000円",正社員,建設,求人ボックス,https://xn--pckua2a7gp15o89zb.com/jbn/326aebe52c336e4b20cab062e3f0e95d,True,9時間前,2026-10-03 04:46:45,東京都
「高収入」夜勤／タクシー／定期送迎「月収50万円以上可能／安定収入／賞与年2回」新着,建設・,東京都,"月給46万1,500円",正社員,建設,求人ボックス,https://xn--pckua2a7gp15o89zb.com/jbn/e129155077ddc28c193a60e79c05e97d,True,9時間前,2026-10-03 04:46:53,東京都
「二種免許不要・週3勤務・タクシードライバー」研修あり／賞与あり／アルファード送迎新着,作業,東京都,"月給45万6,000円",正社員,建設,求人ボックス,https://xn--pckua2a7gp15o89zb.com/jbn/30c4317d38679648113b4bf282028154,True,9時間前,2026-10-03 04:46:53,東京都
「夜勤でしっかり稼ぐ」VIPタクシードライバー／残業少なめ／正社員採用／賞与あり新着,...以下のような経験をお持ちの方は特に歓迎します。・軽貨物ドライバー・ルート配送スタッフ・宅配ドライバー・タクシー運転手・大型トラックドライバー・フォークリフトオペレーター・,東京都,"月給47万6,000円",正社員,建設,求人ボックス,https://xn--pckua2a7gp15o89zb.com/jbn/2cd8fba7e5d1f3613768079f60ce8d13,True,9時間前,2026-10-03 04:46:53,東京都
「未経験歓迎」専属タクシードライバー／月収50万円以上可／退職金制度あり新着,...以下のような経験をお持ちの方は特に歓迎します。・軽貨物ドライバー・ルート配送スタッフ・宅配ドライバー・タクシー運転手・大型トラックドライバー・フォークリフトオペレーター・,東京都,"月給47万6,000円",正社員,建設,求人ボックス,https://xn--pckua2a7gp15o89zb.com/jbn/b4b30a4350478b6a9c21b84622fc13ee,True,10時間前,2026-10-03 04:46:53,東京都
「内定までスピーディー」夜勤タクシードライバー／履歴書不要／未経験OK／月収50万円以上新着,作業,東京都,"月給47万6,000円",正社員,建設,求人ボックス,https://xn--pckua2a7gp15o89zb.com/jbn/fbd862c148a4420f1693a9742cce2b75,True,10時間前,2026-10-03 04:46:53,東京都
「タクシードライバー」月内採用／夜勤／履歴書不要／月収50万円以上／正社員採用／社会保険完備新着,...以下のような経験をお持ちの方は特に歓迎します。・軽貨物ドライバー・ルート配送スタッフ・宅配ドライバー・タクシー運転手・大型トラックドライバー・フォークリフトオペレーター・,東京都,"月給47万6,000円",正社員,建設,求人ボックス,https://xn--pckua2a7gp15o89zb.com/jbn/735407afe9dea8c2f7c6f38669f738d7,True,10時間前,2026-10-03 04:46:53,東京都
総合職・一般事務／一般事務は9割以上が未経験スタート／高卒以上新着,柳田運輸株式会社 総合窓口,東京都,月給23万円,正社員,事務,求人ボックス,https://xn--pckua2a7gp15o89zb.com/jbn/c81997d7d78b4e9483f303a43f70ef71,True,22時間前,2026-10-03 04:46:37,東京都
一般事務「正社員・月給28万〜」20代活躍中・未経験OK l 研修あり新着,一般事務,東京都,月給28万,正社員,事務,求人ボックス,https://xn--pckua2a7gp15o89zb.com/jbn/e2b50e3860f2c73a5d884cb994eccf85,True,20時間前,2026-10-03 04:46:37,東京都
事務職／一般事務／服装・髪型自由／賞与・昇給あり／未経験歓迎／ネイル新着,事務,東京都,"月給22万5,000円",正社員,事務,求人ボックス,https://xn--pckua2a7gp15o89zb.com/jbn/a7faad3586ae771f8d8a42376ed88d2e,True,6時間前,2026-10-03 04:46:38,東京都
契約更新に関する一般事務新着,株式会社長谷工ジョブクリエイト,東京都,"時給1,800円～",派遣社員,事務,求人ボックス,https://xn--pckua2a7gp15o89zb.com/jb/e161ed544afdfb4204cf45d1f4f8a565,True,21時間前,2026-10-03 04:46:38,東京都
一般事務／土日休み／昇給あり新着,有限会社福島製凾所,東京都,年収330万円,正社員,事務,求人ボックス,https://xn--pckua2a7gp15o89zb.com/jb/0ae430952a44de01fb46a1feeb4d7a38,True,23時間前,2026-10-03 04:46:42,東京都
大手自動車会社での一般事務のお仕事新着,株式会社ジャパン・リリーフ,東京都,"時給1,800円～",派遣社員,事務,求人ボックス,https://xn--pckua2a7gp15o89zb.com/jbn/ea93468d2099d043b019e78996136624,True,17時間前,2026-10-03 04:46:42,東京都
事務職／一般事務／産休・育休取得実績多数／未経験からのスタート歓迎新着,事務,東京都,"月給22万2,500円",正社員,事務,求人ボックス,https://xn--pckua2a7gp15o89zb.com/jbn/125d99eb4c20514e295fa0371f4d34cd,True,6時間前,2026-10-03 04:46:42,東京都
一般事務／土日祝の週休2日制／日勤のみ／残業ほとんどなし／女性活躍中新着,株式会社ダイコウサクシード,東京都,"時給1,370円",派遣社員,事務,求人ボックス,https://xn--pckua2a7gp15o89zb.com/jb/931cb3c5d037f137e872d7f4046283a2,True,6時間前,2026-10-03 04:46:44,東京都
事務職／一般事務／年間休日125日／20代歓迎!／残業ほぼなし／賞与新着,事務,東京都,"月給22万5,000円",正社員,事務,求人ボックス,https://xn--pckua2a7gp15o89zb.com/jbn/2b600d792b20215c566e08a57e760f3b,True,6時間前,2026-10-03 04:46:49,東京都
事務職／一般事務／未経験から安心スタート／家庭と両立できる職場新着,一般事務,東京都,"月給21万5,000円",正社員,事務,求人ボックス,https://xn--pckua2a7gp15o89zb.com/jbn/4cc247413b2668e411f82947b7ee8cfa,True,6時間前,2026-10-03 04:46:49,東京都
一般事務スタッフ／事務派遣新着,株式会社DYMキャリア,東京都,"時給1,800円～2,200円",派遣社員,事務,求人ボックス,https://xn--pckua2a7gp15o89zb.com/jb/9336d7621ded826e3c1342daa7d93a77,True,4時間前,2026-10-03 04:46:52,東京都
一般事務新着,株式会社C-clamp,東京都,月給23万円～30万円,正社員,事務,求人ボックス,https://xn--pckua2a7gp15o89zb.com/jb/ee6c2052fa94899f14eee2fad0fd149c,True,4時間前,2026-10-03 04:46:55,東京都
一般事務職／パソコン業務／未経験OK／土日祝休み／年間休日120日新着,株式会社H.T.F,東京都,月給25万円～,正社員,事務,求人ボックス,https://xn--pckua2a7gp15o89zb.com/jb/db499aa9f1b6e2514f4ad3c1dd3bf63c,True,3時間前,2026-10-03 04:46:59,東京都
市役所での介護保険関連一般事務新着,株式会社日本ビジネスデータープロセシングセンター,東京都,"月給22万2,400円",正社員,事務,求人ボックス,https://xn--pckua2a7gp15o89zb.com/jb/e257e85921d0865d9e5a0dd82d250ff0,True,9時間前,2026-10-03 04:46:59,東京都
安定企業×月給26万円以上基本PCスキルを活かせる一般事務新着,事務,東京都,月給26万円,契約社員,事務,求人ボックス,https://xn--pckua2a7gp15o89zb.com/jb/ada40910a57d701576d50cef585226d5,True,6時間前,2026-10-03 04:47:02,東京都
未経験からステップアップ!／関東で一般事務STAFF新着,株式会社OOQ,東京都,"月給20万5,000円",正社員,事務,求人ボックス,https://xn--pckua2a7gp15o89zb.com/jb/b3e982501fbb8db4e02fec51bfaf9044,True,15時間前,2026-10-03 04:47:02,東京都
一般事務／総務事務／未経験OK／土日祝休み／年間休日120日新着,株式会社アシスト,東京都,月給25万円～,正社員,事務,求人ボックス,https://xn--pckua2a7gp15o89zb.com/jb/da80a2a14e76a0ed3bc1bfff29b37077,True,4時間前,2026-10-03 04:47:06,東京都
「アニメ・ゲーム好き必見!」一般事務／週休2日制／住宅手当あり新着,株式会社SDビジョン,東京都,月給30万円～50万円,正社員,事務,求人ボックス,https://xn--pckua2a7gp15o89zb.com/jbn/11dd4ad21fc0190d9b772c48924084ae,True,20時間前,2026-10-03 04:47:06,東京都
”地方”からの転職者多数／関東で経理事務新着,株式会社OOQ,東京都,"月給20万5,000円",正社員,経理,求人ボックス,https://xn--pckua2a7gp15o89zb.com/jb/d2aa7923f399e4938558e39c20f095d7,True,15時間前,2026-10-03 04:46:47,東京都
経理事務／土日休み／昇給あり新着,有限会社福島製凾所,東京都,月給29万円,正社員,経理,求人ボックス,https://xn--pckua2a7gp15o89zb.com/jb/e4c5e2e9071df769f8bb932a17be186a,True,23時間前,2026-10-03 04:46:47,東京都
千代田区エリア! マンパワーグループ／未経験OKの経理事務新着,株式会社ディンプル,東京都,"月給21万6,000円",正社員,経理,求人ボックス,https://xn--pckua2a7gp15o89zb.com/jb/a60de864612bf5db10e0f256c3543655,True,10時間前,2026-10-03 04:46:47,東京都
経理事務・決算の補助業務新着,株式会社長谷工ジョブクリエイト,東京都,"時給1,800円～",派遣社員,経理,求人ボックス,https://xn--pckua2a7gp15o89zb.com/jb/7db0bcc7ee244f5b4fb3040fdb2efb9e,True,21時間前,2026-10-03 04:46:49,東京都
高単価!交通費別!経理事務案件MT新着,株式会社PresingIC,東京都,"時給1,650円～",,経理,求人ボックス,https://xn--pckua2a7gp15o89zb.com/jb/6faae5ea9823e90c9e450f4da6c457eb,True,10時間前,2026-10-03 04:46:49,東京都
経理事務新着,株式会社リクルートスタッフィング,東京都,"時給1,950円～",派遣社員,経理,求人ボックス,https://xn--pckua2a7gp15o89zb.com/jb/2c0eaed5a1aed3af1a0b43ad9288858f,True,20時間前,2026-10-03 04:46:49,東京都
営業事務、経理事務!リーダー経験歓迎!ご入社実績あり新着,株式会社Progress Group,東京都,月給20万円～25万円,正社員,経理,求人ボックス,https://xn--pckua2a7gp15o89zb.com/jb/960b7d5f290f0330416e868947fed610,True,8時間前,2026-10-03 04:46:49,東京都
20代から始める安定ワーク／経理サポート事務／オフィスワーク新着,経理,東京都,"月給29万3,000円",正社員,経理,求人ボックス,https://xn--pckua2a7gp15o89zb.com/jbn/00d677f267881dbab75098dd90be9089,True,6時間前,2026-10-03 04:46:49,東京都
スピード選考で早めに働ける／経理サポート事務／オフィスワーク新着,経理,東京都,"月給33万8,000円",正社員,経理,求人ボックス,https://xn--pckua2a7gp15o89zb.com/jbn/fb26ad1f0e9debf1722f94222eba9cf3,True,6時間前,2026-10-03 04:46:49,東京都
"不動産会社の事務 経理補助業務／週2,3日 業績のびている若い社長新着",創生綜合会計事務所,東京都,"時給1,800円～",契約社員,経理,求人ボックス,https://xn--pckua2a7gp15o89zb.com/jb/2e228ead2f4c92b556de54409434121c,True,10時間前,2026-10-03 04:46:49,東京都
平日休み／不動産会社で経理に関わる事務業務／無資格OK新着,住友林業ホームサービス株式会社,東京都,"月給22万7,800円",正社員,経理,求人ボックス,https://xn--pckua2a7gp15o89zb.com/jb/62df2f5a3a0b5337eb78b6892190b125,True,2時間前,2026-10-03 04:46:51,東京都
経理事務／基本定時まで 駅直結 買掛金計上業務など!時給2000円新着,株式会社スタッフサービス,東京都,時給2000円,派遣社員,経理,求人ボックス,https://xn--pckua2a7gp15o89zb.com/jb/1b30919e5304fb4781da53aeb4f33342,True,16時間前,2026-10-03 04:46:55,東京都
経理事務サポート新着,マンパワーグループ株式会社,東京都,"時給1,950円",派遣社員,経理,求人ボックス,https://xn--pckua2a7gp15o89zb.com/jb/4c1c9b4b3c89445c310568d3c9c2711f,True,8時間前,2026-10-03 04:46:55,東京都
一般事務・OA事務 ／ 経理・財務／経験を活かせる経理事務新着,パーソルテンプスタッフ株式会社,東京都,"時給1,600円",正社員,経理,求人ボックス,https://xn--pckua2a7gp15o89zb.com/jb/b6909e76f8a262c018521b6bf2690904,True,19時間前,2026-10-03 04:46:57,東京都
共同組合で総務経理事務新着,ヒューマンリソシア株式会社,東京都,"時給1,950円",派遣社員,経理,求人ボックス,https://xn--pckua2a7gp15o89zb.com/jb/74b111b98a30a43daef6eecf26dba90d,True,6時間前,2026-10-03 04:47:00,東京都
経理事務 大手企業勤務・リモート多め 残業月5時間程度!リモート中心新着,株式会社フェローズ,東京都,"時給1,600円～1,700円",派遣社員,経理,求人ボックス,https://xn--pckua2a7gp15o89zb.com/jb/566be6be2315c894383d32276afb6073,True,16時間前,2026-10-03 04:47:00,東京都
経理事務STAFF新着,株式会社トネパーツ,東京都,"時給1,350円～",アルバイト・パート,経理,求人ボックス,https://xn--pckua2a7gp15o89zb.com/jb/51b9a8ea2db0a8ee64f522ec7173ba7b,True,15時間前,2026-10-03 04:47:04,東京都
経理事務／売掛金の管理・決算処理新着,株式会社ジョブコム,東京都,"時給2,150円～2,450円",派遣社員,経理,求人ボックス,https://xn--pckua2a7gp15o89zb.com/jb/bf9b74ed5be44c6169fbb51a233571c9,True,22時間前,2026-10-03 04:47:04,東京都
一般事務・OA事務 ／ 経理・財務／コツコツ進める経理事務 残業なし新着,梶原鉄筋工業株式会社,東京都,年収253万円,契約社員,経理,求人ボックス,https://xn--pckua2a7gp15o89zb.com/jb/d25ed24282259b41fbe0faa4fc4ad0dc,True,15時間前,2026-10-03 04:47:04,東京都
経理業務 ／ 一般事務・OA事務／大手TV局GrではじめてOKコツコツ...新着,株式会社アヴァンティスタッフ,東京都,"時給1,740円",派遣社員,経理,求人ボックス,https://xn--pckua2a7gp15o89zb.com/jb/575ca1e2e01606d4c50a1abf837222ae,True,23時間前,2026-10-03 04:47:04,東京都
化粧品メーカーで経理事務に挑戦新着,経理,東京都,年収263万円～,正社員,経理,求人ボックス,https://xn--pckua2a7gp15o89zb.com/jb/a9a0c11f001c499a77f530926fe0ab0f,True,8時間前,2026-10-03 04:47:04,東京都
経理・会計・財務経験活かせる 経理事務新着,株式会社ヒューマントラスト,東京都,"時給1,900円",派遣社員,経理,求人ボックス,https://xn--pckua2a7gp15o89zb.com/jb/e3e5808c7f446ecba1878360eff37534,True,16時間前,2026-10-03 04:47:07,東京都
経理・財務 ／ 総務事務 ／経理経験を活かしてステップアップ新着,経理・,東京都,年収400万円,正社員,経理,求人ボックス,https://xn--pckua2a7gp15o89zb.com/jb/8289f632e93370aa74ee9235333f8c5c,True,23時間前,2026-10-03 04:47:07,東京都
新着 不動産業界未経験歓迎／大手総合デベロッパーで経理サポート新着,サンライフ・クリエイション株式会社,東京都,"時給1,900円",派遣社員,経理,求人ボックス,https://xn--pckua2a7gp15o89zb.com/jb/25e8d49b2ace599880fc333537a36fc9,True,13時間前,2026-10-03 04:47:11,東京都
経理／財務／時給1800円／経理事務!新着,株式会社ウィルオブ・ワーク,東京都,時給1800円,派遣社員,経理,求人ボックス,https://xn--pckua2a7gp15o89zb.com/jb/9a7a382974eba484c84bc4b3b302ccc8,True,12時間前,2026-10-03 04:47:14,東京都
経理・財務 ／ 総務事務 ／賞与年2回 年間休日120日 総務経理新着,株式会社ハリマライフサポート,東京都,年収480万円～576万円,正社員,経理,求人ボックス,https://xn--pckua2a7gp15o89zb.com/jb/1f1d11fd1d91461cc4bc808261857b2d,True,15時間前,2026-10-03 04:47:14,東京都
特養での看護業務 派遣看護師／紹介予定派遣／週4日～×日勤のみ新着,株式会社グッドネクスト,東京都,"時給2,300円",派遣社員,看護,求人ボックス,https://xn--pckua2a7gp15o89zb.com/jb/c07be4cfcd38bc6f6b1e04c3a231349b,True,22時間前,2026-10-03 04:46:56,東京都
デイサービスの准看護師 金曜のみ 週1日から可 1日4時間 Wワーク可新着,株式会社達富,東京都,"時給2,000円",アルバイト・パート,看護,求人ボックス,https://xn--pckua2a7gp15o89zb.com/jb/e68eb5d140b569da55397d42fac971f8,True,4時間前,2026-10-03 04:46:56,東京都
愛玩動物看護師の資格を活かしたペットショップスタッフ新着,ペットショップCoo&RIKU 東久留米店,東京都,"月給26万2,000円",正社員,看護,求人ボックス,https://xn--pckua2a7gp15o89zb.com/jb/019631048b6ae2e649b08cdce05b929c,True,9時間前,2026-10-03 04:46:57,東京都
介護付き有料老人ホームでの看護師新着,株式会社トラストグロース,東京都,"時給2,200円",派遣社員,看護,求人ボックス,https://xn--pckua2a7gp15o89zb.com/jb/e7c75c06938ca678ddd7ffcc337082c8,True,4時間前,2026-10-03 04:46:57,東京都
デイサービスでの看護師新着,株式会社トラストグロース 第1営業部,東京都,"時給1,707円",アルバイト・パート,看護,求人ボックス,https://xn--pckua2a7gp15o89zb.com/jb/b6deab8cca0429638bc32c8dc535ad78,True,4時間前,2026-10-03 04:46:57,東京都
20～40代活躍中／バイタルチェックなど 大田区勤務 週2日で家庭と両...新着,株式会社マンキャピタル,東京都,"時給2,500円～2,700円",派遣社員,看護,求人ボックス,https://xn--pckua2a7gp15o89zb.com/jb/3acfa4c69294d50b12275d505746bbc0,True,13時間前,2026-10-03 04:47:00,東京都
住宅型有料老人ホームでの夜勤専門看護師・准看護師新着,医療法人社団岩江クリニック,東京都,"日給3万7,000円",アルバイト・パート,看護,求人ボックス,https://xn--pckua2a7gp15o89zb.com/jb/4fd44881e3b2c6f281469cc5ec0c0d0f,True,5時間前,2026-10-03 04:47:00,東京都
デイサービスでの看護師新着,株式会社トラストグロース 第3営業部,東京都,"時給1,600円～",アルバイト・パート,看護,求人ボックス,https://xn--pckua2a7gp15o89zb.com/jb/6024492907ec2e5f8ad94163ce120730,True,3時間前,2026-10-03 04:47:00,東京都
看護師24h常駐／住宅型有料老人ホームの介護職員／医心館経堂新着,株式会社アンビス,東京都,月給36万300円,正社員,看護,求人ボックス,https://xn--pckua2a7gp15o89zb.com/jb/e428b9a2d4a849a1a2bb822aa8cef026,True,13時間前,2026-10-03 04:47:03,東京都
デイサービスの看護師／未経験OK／看護／日勤のみ新着,正和ライフサービス 株式会社／正和クラブ駒沢公園,東京都,"時給1,900円～",アルバイト・パート,看護,求人ボックス,https://xn--pckua2a7gp15o89zb.com/jb/dfcf1cc02dc80d7b5bd938301cce8a85,True,3時間前,2026-10-03 04:47:03,東京都
診療所・クリニックの看護師／准看護師新着,六本木スキンクリニック,東京都,月給30万円～40万円,正社員,看護,求人ボックス,https://xn--pckua2a7gp15o89zb.com/jb/1145474215d6ea8266b4134e5e9c68f4,True,7時間前,2026-10-03 04:47:06,東京都
診療所・クリニックの看護師／准看護師新着,フレイアクリニック上野院,東京都,"月給36万5,000円",契約社員,看護,求人ボックス,https://xn--pckua2a7gp15o89zb.com/jb/106864bba5ab9c3dcdbb116082959c7a,True,7時間前,2026-10-03 04:47:06,東京都
社会保険完備の職場で看護師／准看護師新着,福生ことぶき苑,東京都,"月給28万8,400円",正社員,看護,求人ボックス,https://xn--pckua2a7gp15o89zb.com/jb/d97d26ad9788aa3fdbca75c10ec6e44d,True,7時間前,2026-10-03 04:47:09,東京都
正看護師・准看護師／外来 日勤のみ新着,一般社団法人CDMedical,東京都,月給33万円～38万円,正社員,看護,求人ボックス,https://xn--pckua2a7gp15o89zb.com/jb/e6472f1fede4516943515fdacc685ba0,True,7時間前,2026-10-03 04:47:13,東京都
看護師・社会保険完備の職場で看護師／准看護師新着,認可保育所 パピーナ西荻北保育園,東京都,"月給25万8,900円",正社員,看護,求人ボックス,https://xn--pckua2a7gp15o89zb.com/jb/82554e387357c32d404ede6626f068a0,True,6時間前,2026-10-03 04:47:13,東京都
正看護師・准看護師／介護・福祉 日勤のみ新着,SOMPOケア株式会社,東京都,"月給30万7,000円",正社員,看護,求人ボックス,https://xn--pckua2a7gp15o89zb.com/jb/03ae4fed9f47b77427a6ad53104cdefc,True,7時間前,2026-10-03 04:47:16,東京都
企業主導型保育所での看護師新着,株式会社トラストグロース 第2営業部,東京都,"時給1,280円～1,550円",アルバイト・パート,看護,求人ボックス,https://xn--pckua2a7gp15o89zb.com/jb/ee1d0a20239b7b0968cd149ec4e762e6,True,2時間前,2026-10-03 04:47:21,東京都
訪問入浴正看護師／kyujin新着,セントケア・グループ,東京都,"時給2,910円～3,010円",アルバイト・パート,看護,求人ボックス,https://xn--pckua2a7gp15o89zb.com/jb/ad773aee5d75643e70e36312b95a6d87,True,13時間前,2026-10-03 04:47:21,東京都
診療所・クリニックの看護師／准看護師新着,国領整形外科とリハビリのクリニック,東京都,"時給2,000円",アルバイト・パート,看護,求人ボックス,https://xn--pckua2a7gp15o89zb.com/jb/23206da6be472bab717532877b29e835,True,7時間前,2026-10-03 04:47:21,東京都
看護師・社会保険完備の職場で看護師／准看護師新着,下北沢DOクリニック,東京都,月給32万円～35万円,正社員,看護,求人ボックス,https://xn--pckua2a7gp15o89zb.com/jb/ab703343832c88bbd756b3e8993e0e4a,True,7時間前,2026-10-03 04:47:24,東京都
社会保険完備の職場で看護師／准看護師新着,TIARA MEDICAL & REHA,東京都,月給35万円～40万円,正社員,看護,求人ボックス,https://xn--pckua2a7gp15o89zb.com/jb/0cc616bceb28f65c93104c9aef44f14f,True,6時間前,2026-10-03 04:47:24,東京都
社会保険完備の職場で看護師／准看護師新着,リハデイnoie,東京都,"時給1,750円～1,800円",アルバイト・パート,看護,求人ボックス,https://xn--pckua2a7gp15o89zb.com/jb/03e61138b382b68bfdde928fe53e1ed8,True,7時間前,2026-10-03 04:47:24,東京都
整形外科での柔道整復師新着,株式会社トラストグロース,東京都,月給28万円～,派遣社員,治療家,求人ボックス,https://xn--pckua2a7gp15o89zb.com/jb/f965d8aa53566169408831e08919a5b8,True,4時間前,2026-10-03 04:47:09,東京都
柔道整復師／整形外科で楽しく働きながらスキルアップを新着,武村整形外科クリニック,東京都,月給25万円～30万円,正社員,治療家,求人ボックス,https://xn--pckua2a7gp15o89zb.com/jb/63d2b0f6b0324285cf85eaeac599e884,True,2時間前,2026-10-03 04:47:09,東京都
柔道整復師 残業月10h程度 夏季・年末年始休暇あり 資格があれば経験...新着,医療法人社団真整会 吉村整形外科,東京都,月給22万円～,契約社員,治療家,求人ボックス,https://xn--pckua2a7gp15o89zb.com/jb/f571cdb18ea9c89946493103942ea442,True,4時間前,2026-10-03 04:47:09,東京都
定時17:30 残業ほぼゼロ!1日型デイの柔道整復師新着,株式会社ONE-TO-ONE,東京都,月給30万円～,正社員,治療家,求人ボックス,https://xn--pckua2a7gp15o89zb.com/jb/fdf6e5c127cfc7d346c71317e94dfc5a,True,5時間前,2026-10-03 04:47:09,東京都
柔道整復師新着,株式会社SOYOKAZE ケアプラスホテル瀬田ス...,東京都,"時給1,900円～",アルバイト・パート,治療家,求人ボックス,https://xn--pckua2a7gp15o89zb.com/jb/d628fd536ff893058772fd3c8ab0c600,True,23時間前,2026-10-03 04:47:10,東京都
週3日～ × 日勤のみOK!可能 介護職新着,株式会社ジャストファイン,東京都,"時給1,650円～1,800円",派遣社員,治療家,求人ボックス,https://xn--pckua2a7gp15o89zb.com/jb/76a460bb951d8417ac53a129c2148179,True,10時間前,2026-10-03 04:47:10,東京都
「役員タクシードライバー」週3日勤務／普通免許で未経験からスタート／月収50万円以上・ボーナス年2回新着,柔道整復師,東京都,"月給47万6,000円",正社員,治療家,求人ボックス,https://xn--pckua2a7gp15o89zb.com/jbn/175ac7cd1d0d3cca45836be45df19d38,True,13時間前,2026-10-03 04:47:10,東京都
タクシードライバー週3日勤務／未経験OK・月収50万円以上・ボーナス支給あり新着,柔道整復師,東京都,"月給40万4,500円",正社員,治療家,求人ボックス,https://xn--pckua2a7gp15o89zb.com/jbn/79f51026b236ea03d252b8744f23c446,True,11時間前,2026-10-03 04:47:10,東京都
タクシードライバー／「タレントやスポーツ選手等の送迎」週3日勤務／未経験OK・月収50万円以上新着,柔道整復師,東京都,"月給47万6,000円",正社員,治療家,求人ボックス,https://xn--pckua2a7gp15o89zb.com/jbn/7e29be87a02fbc77ec0901dcdc83bd86,True,13時間前,2026-10-03 04:47:10,東京都
「空港へのタクシードライバー」週3日勤務／普通免許で未経験OK／月収50万円以上・賞与2ヶ月分あり新着,柔道整復師,東京都,"月給47万6,000円",正社員,治療家,求人ボックス,https://xn--pckua2a7gp15o89zb.com/jbn/ebd2cdcd11cfb3f4af889a15435b5cbc,True,13時間前,2026-10-03 04:47:10,東京都
社会保険完備の職場で理学療法士新着,久が原整形外科,東京都,"時給2,000円～3,000円",アルバイト・パート,治療家,求人ボックス,https://xn--pckua2a7gp15o89zb.com/jb/6fcbf560f9f73af7fa1ff5b41069bc99,True,7時間前,2026-10-03 04:47:13,東京都
社会保険完備の職場で鍼灸師新着,Brain Sleep Conditioning...,東京都,月給27万円～36万円,正社員,治療家,求人ボックス,https://xn--pckua2a7gp15o89zb.com/jb/d840f3468eb78d3e4b5a3ab4f05987c0,True,6時間前,2026-10-03 04:47:13,東京都
「タクシードライバー・夜勤」月50万以上可・未経験歓迎／寮・社宅完備／普免のみOK・ボーナスあり新着,柔道整復師,東京都,"月給47万6,000円",正社員,治療家,求人ボックス,https://xn--pckua2a7gp15o89zb.com/jbn/42e8957bb824d455ae1542d962ec2be4,True,10時間前,2026-10-03 04:47:13,東京都
社会保険完備の職場で鍼灸師新着,Brain Sleep Conditioning...,東京都,月給27万円～36万円,正社員,治療家,求人ボックス,https://xn--pckua2a7gp15o89zb.com/jb/11b84a5ca9cdf907e5fd3416b451cd9e,True,6時間前,2026-10-03 04:47:13,東京都
著名人や企業役員のタクシードライバー「週3日勤務」未経験OK・月収40万円以上／ボーナス支給あり新着,柔道整復師,東京都,"月給47万6,000円",正社員,治療家,求人ボックス,https://xn--pckua2a7gp15o89zb.com/jbn/adada4d2724fe546ed55adb2ebe76a06,True,12時間前,2026-10-03 04:47:13,東京都
「タクシードライバー・定期送迎」月収50万以上・未経験歓迎・普通免許のみOK・ボーナスあり新着,柔道整復師,東京都,"月給47万6,000円",正社員,治療家,求人ボックス,https://xn--pckua2a7gp15o89zb.com/jbn/4cbdbb8791643647dae5b5a88e495100,True,10時間前,2026-10-03 04:47:13,東京都
有料老人ホームでの機能訓練士新着,株式会社トラストグロース 第1営業部,東京都,"月給27万3,500円",,治療家,求人ボックス,https://xn--pckua2a7gp15o89zb.com/jb/8c7938aed93a478904072bdf70040a61,True,3時間前,2026-10-03 04:47:17,東京都
年休150日／昇給賞与年2回／住宅手当月5万円／充実の福利厚生／11期連続売上UP新着,株式会社ハウスクル,東京都,月給30万円～,正社員,治療家,求人ボックス,https://xn--pckua2a7gp15o89zb.com/jb/e52ea89cab739d60eddfac40ad0e6e28,True,8時間前,2026-10-03 04:47:17,東京都
整骨院・接骨院にて鍼灸師新着,あいのて整骨院・鍼灸院,東京都,"時給1,280円～1,450円",アルバイト・パート,治療家,求人ボックス,https://xn--pckua2a7gp15o89zb.com/jb/72dffdf2c3cc3bee028c9340f505a0c4,True,7時間前,2026-10-03 04:47:17,東京都
機能回復訓練士／入居者様へのリハビリ業務全般／サニーライフ東大和新着,株式会社川島コーポレーション,東京都,月給25万円～,正社員,治療家,求人ボックス,https://xn--pckua2a7gp15o89zb.com/jb/e5dfcd85e26abfa141ab94072d1fb67b,True,15時間前,2026-10-03 04:47:17,東京都
「著名人・企業タクシードライバー」月収40万以上・未経験歓迎／週3勤務・ボーナスあり新着,柔道整復師,東京都,"月給47万6,000円",正社員,治療家,求人ボックス,https://xn--pckua2a7gp15o89zb.com/jbn/f8198b93bd7bbe9f5d43277870c9127f,True,10時間前,2026-10-03 04:47:17,東京都
「週3日勤務」普通免許でスタートできる役員タクシードライバー／週の残り4日はすべてあなたの自由時間新着,...キャリアアップも全面的にバックアップします。 【その他概要】<前職例>製造/工場/ライン作業/生產管理/設備保全/製鋼/溶接クレーン・玉掛/金属加工/板金加工/板金塗装/警備員機械・電気/倉庫内,東京都,"月給47万6,000円",正社員,治療家,求人ボックス,https://xn--pckua2a7gp15o89zb.com/jbn/8997a838ca086163b1c075378a352652,True,12時間前,2026-10-03 04:47:17,東京都
タレント・芸能・観光客のタクシードライバー「週3日勤務」賞与年2回／初年度から月収50万円以上新着,...未経験からでも安心してプロドライバーを目指せる環境です。 【その他特徴】<前職例>製造/工場/ライン作業/生產管理/設備保全/製鋼/溶接クレーン・玉掛/金属加工/板金加工/板金塗装/警備員機械・,東京都,"月給47万6,000円",正社員,治療家,求人ボックス,https://xn--pckua2a7gp15o89zb.com/jbn/265588dd6e17f3f9bd740f0294adc4ca,True,13時間前,2026-10-03 04:47:17,東京都
「タクシードライバー」月収50万以上・未経験歓迎／週3勤務・普通免許のみOK・ボーナス2回新着,柔道整復師,東京都,"月給47万6,000円",正社員,治療家,求人ボックス,https://xn--pckua2a7gp15o89zb.com/jbn/c222c7281ed83f7507dd48f6393a7e32,True,9時間前,2026-10-03 04:47:17,東京都
スポーツトレーナー・インストラクター新着,かたぎり塾 市ヶ谷店,東京都,,,治療家,求人ボックス,https://xn--pckua2a7gp15o89zb.com/jb/665cf89d82fb048b688a4e2d9cd1e144,True,6時間前,2026-10-03 04:47:21,東京都
家族との時間も大切にできる 社会貢献型の 提案営業 年休126日新着,ガリバー・インターナショナル株式会社,東京都,"月給21万4,000円",正社員,治療家,求人ボックス,https://xn--pckua2a7gp15o89zb.com/jb/97a953e9febbd986fcbfacbb522c8af3,True,23時間前,2026-10-03 04:47:21,東京都
機能訓練指導員／ブランクOK／社会保険完備／交通費支給／RST002520160610%003-3新着,株式会社木下の介護,東京都,"月給27万5,500円",正社員,治療家,求人ボックス,https://xn--pckua2a7gp15o89zb.com/jb/77c6429e45dab5163c369a825f25a965,True,23時間前,2026-10-03 04:47:21,東京都
地中海レストランのホールスタッフ／月9日休み 充実のインセンティブ 月給25.5万～新着,株式会社フードバンク,東京都,月給25,正社員,治療家,求人ボックス,https://xn--pckua2a7gp15o89zb.com/jb/bdfd0ff7660df72edb0c64e6840ce6ef,True,13時間前,2026-10-03 04:47:21,東京都
検体の集荷ドライバ―／40・50代活躍中!未経験OK!医療ルート配送で安定勤務新着,株式会社早川予防衛生研究所,東京都,"時給1,300円～",アルバイト・パート,治療家,求人ボックス,https://xn--pckua2a7gp15o89zb.com/jb/fca139e5e2f5365e16e35c6982d894be,True,13時間前,2026-10-03 04:47:21,東京都
柔道整復師／別邸 はつね西新井新着,合同会社ユーマ・ミューズ,東京都,,正社員,治療家,求人ボックス,https://xn--pckua2a7gp15o89zb.com/jb/a2ccb1f8b782132c9506ff1a4eb9321d,True,14時間前,2026-10-03 04:47:21,東京都
デイサービスでの介護業務／無資格可／介護士／ワークライフバランス新着,楽々ウォークたんぽぽ,東京都,"月給21万1,412円",正社員,治療家,求人ボックス,https://xn--pckua2a7gp15o89zb.com/jbn/becf6a9b7b3aa4c9743fa1f72f91856c,True,23時間前,2026-10-03 04:47:21,東京都
デイサービスでの介護業務／無資格可／介護職／プライベート充実新着,癒湯リハたんぽぽ,東京都,"月給21万1,412円",正社員,治療家,求人ボックス,https://xn--pckua2a7gp15o89zb.com/jbn/6945da4cc96b61e838189df1f226b414,True,23時間前,2026-10-03 04:47:24,東京都
デイサービスでの介護業務／無資格可／介護士／働きやすい環境新着,リビングホームたんぽぽ,東京都,"月給21万1,412円",正社員,治療家,求人ボックス,https://xn--pckua2a7gp15o89zb.com/jbn/bd428aeeb56099f1976af958190752b5,True,23時間前,2026-10-03 04:47:24,東京都
日払い可能!慣れたら月収100万可能 軽貨物の配送ドライバー新着,JCSロジスコ株式会社,東京都,月給45万円～100万円,,ドライバー,求人ボックス,https://xn--pckua2a7gp15o89zb.com/jb/8c4204bc50899089546c082514e98ce8,True,23時間前,2026-10-03 04:47:19,東京都
茨城営業所／4tトラックドライバー／頑張り次第で月給35万円可能新着,株式会社和幸流通サービス,東京都,月給35万円,正社員,ドライバー,求人ボックス,https://xn--pckua2a7gp15o89zb.com/jbn/8511dff7f15be38218d431f07456d898,True,22時間前,2026-10-03 04:47:19,東京都
住宅建材の2t・3tドライバー 土日祝休み 基本残業なし 賞与あり新着,ジーエル運輸株式会社,東京都,月給29万円～35万円,正社員,ドライバー,求人ボックス,https://xn--pckua2a7gp15o89zb.com/jb/18a8f89354ba38e735243eb739390b93,True,4時間前,2026-10-03 04:47:19,東京都
タクシードライバー／週3日勤務「専属運転手」20代~50代活躍中新着,ドライバー,東京都,"月給47万6,000円",正社員,ドライバー,求人ボックス,https://xn--pckua2a7gp15o89zb.com/jbn/f15c798c19d09dd943a2654bedfae603,True,9時間前,2026-10-03 04:47:23,東京都
乗用車の洗車・回送ドライバー新着,株式会社ジャパン・リリーフ,東京都,"時給1,600円～",派遣社員,ドライバー,求人ボックス,https://xn--pckua2a7gp15o89zb.com/jb/7910521832d0e3a5a2d6fde65565aa9e,True,9時間前,2026-10-03 04:47:27,東京都
引越しドライバー／未経験歓迎／日曜休みOK新着,中尾運輸株式会社,東京都,月給27万円～32万円,正社員,ドライバー,求人ボックス,https://xn--pckua2a7gp15o89zb.com/jb/f322cc34f45fd06a6d5c4e3a55d7f6b7,True,9時間前,2026-10-03 04:47:27,東京都
タクシードライバー／未経験歓迎／日曜休みOK／週3から可能新着,中央自動車株式会社,東京都,月給20万円～66万円,正社員,ドライバー,求人ボックス,https://xn--pckua2a7gp15o89zb.com/jb/c0d90cd18a139467bcbefa3bd14c5d30,True,9時間前,2026-10-03 04:47:27,東京都
小型トラックドライバー／未経験歓迎／日曜休みOK／賞与あり新着,ASKUL LOGIST株式会社,東京都,"月給29万3,585円",正社員,ドライバー,求人ボックス,https://xn--pckua2a7gp15o89zb.com/jb/092058229b7167c24ff2c6d557e05eab,True,9時間前,2026-10-03 04:47:31,東京都
タクシードライバー／未経験歓迎／日曜休みOK／週3から可能新着,開成交通株式会社,東京都,月給30万円～60万円,正社員,ドライバー,求人ボックス,https://xn--pckua2a7gp15o89zb.com/jb/d9598754eea5b536af35e045e2149098,True,9時間前,2026-10-03 04:47:35,東京都
タクシードライバー「週3勤務」月収50万以上可／普通免許1年でOK新着,<関連職種>役員運転手/送迎,東京都,"月給47万6,000円",正社員,ドライバー,求人ボックス,https://xn--pckua2a7gp15o89zb.com/jbn/ff02d8e869ad1d1443f5b1503d142db5,True,10時間前,2026-10-03 04:47:35,東京都
「週3日勤務」芸能関係のタクシードライバー／普通免許でOK新着,ドライバー,東京都,"月給47万6,000円",正社員,ドライバー,求人ボックス,https://xn--pckua2a7gp15o89zb.com/jbn/d13dc6993a0dcb7e5b069b8c13d47be6,True,13時間前,2026-10-03 04:47:39,東京都
「VIP・タクシードライバー」1年目で年収600万・週3勤務新着,<仕事内容>企業役員やVIPのお客様を送迎する、落ち着いて取り組める,東京都,"月給47万6,000円",正社員,ドライバー,求人ボックス,https://xn--pckua2a7gp15o89zb.com/jbn/f7177d7dc525ff928954c71aae49f465,True,9時間前,2026-10-03 04:47:39,東京都
GOPREMIUMのドライバー／未経験歓迎／日曜休みOK／週3から可能新着,親切タクシー株式会社,東京都,月給30万円～63万円,正社員,ドライバー,求人ボックス,https://xn--pckua2a7gp15o89zb.com/jb/821df3e3169a0d9bcd4316de1d285150,True,9時間前,2026-10-03 04:47:43,東京都
タクシードライバー「VIP対応・通勤・会食」タクシードライバー未経験O...新着,1VIP,東京都,"月給47万6,000円",正社員,ドライバー,求人ボックス,https://xn--pckua2a7gp15o89zb.com/jbn/82fb4dad3f370003bbe336baca3d58dc,True,10時間前,2026-10-03 04:47:46,東京都
高価品を届けるサービスドライバー／賞与あり新着,池田ピアノ運送株式会社,東京都,月給28万円～34万円,正社員,ドライバー,求人ボックス,https://xn--pckua2a7gp15o89zb.com/jb/d6907ee32d900caf49214cdbb138722b,True,9時間前,2026-10-03 04:47:46,東京都
酒類のルート配送ドライバー／未経験歓迎／日曜休みOK／賞与あり新着,フィット株式会社,東京都,"月給33万9,000円",正社員,ドライバー,求人ボックス,https://xn--pckua2a7gp15o89zb.com/jb/7ba0a93cc96c095872d58d7b3f14e7d3,True,9時間前,2026-10-03 04:47:49,東京都
2tドライバー／経験者優遇／隔週土曜・日祝休み／月給30万円以上新着,高山包装株式会社,東京都,月給30万円,正社員,ドライバー,求人ボックス,https://xn--pckua2a7gp15o89zb.com/jb/cfea6a595674ec72134a84bf5b974058,True,18時間前,2026-10-03 04:47:49,東京都
「愛知県勤務」警備員／待遇に自信あり／引っ越しサポートあり新着,セキュリティスタッフ株式会社,東京都,月給24万円～38万,正社員,警備,求人ボックス,https://xn--pckua2a7gp15o89zb.com/jb/824b1605dc018f8fa8c14628d3ef2b08,True,4時間前,2026-10-03 04:47:27,東京都
警備員／株式会社MSK 東京施設事業部新着,株式会社第二章,東京都,"日給1万5,650円",アルバイト・パート,警備,求人ボックス,https://xn--pckua2a7gp15o89zb.com/jb/7dd103eb7082999ca4409c2b0248b908,True,1時間前,2026-10-03 04:47:27,東京都
ホテルの施設常駐警備員新着,株式会社シミズオクト,東京都,日給2万円～,アルバイト・パート,警備,求人ボックス,https://xn--pckua2a7gp15o89zb.com/jb/0d69337c5964b873a8a31fc7f76283e3,True,9時間前,2026-10-03 04:47:28,東京都
商業施設の警備員 当務 9:00～翌9:00他 現場固定 お笑い芸人を...新着,SPD株式会社,東京都,"日給1万1,380円",アルバイト・パート,警備,求人ボックス,https://xn--pckua2a7gp15o89zb.com/jb/c5def4f6819990e97dec2dd1d8e65910,True,9時間前,2026-10-03 04:47:28,東京都
交通誘導警備員 未経験・ミドル・シニア・女性が活躍中!週2～6日新着,株式会社監理,東京都,日給1万700円,アルバイト・パート,警備,求人ボックス,https://xn--pckua2a7gp15o89zb.com/jb/cb0b4949f72d4e500d77ef805957e536,True,8時間前,2026-10-03 04:47:32,東京都
交通誘導警備、警備員新着,株式会社コアズ,東京都,"日給1万3,600円",契約社員,警備,求人ボックス,https://xn--pckua2a7gp15o89zb.com/jb/995bbc2c38250f2c270168c01021ad4d,True,8時間前,2026-10-03 04:47:32,東京都
入社祝金6万／工事現場での安全警備員／~17時半／残業無・早帰有新着,グリーン警備保障株式会社,東京都,日給1万700円,アルバイト・パート,警備,求人ボックス,https://xn--pckua2a7gp15o89zb.com/jb/99e9139aa5983d84d0df76e573c47b76,True,13時間前,2026-10-03 04:47:32,東京都
田町駅オフィスビルの施設警備員新着,日章警備保障株式会社,東京都,"日給9,900円",アルバイト・パート,警備,求人ボックス,https://xn--pckua2a7gp15o89zb.com/jb/f908511d285b4d8c0503e076cbdc13a1,True,4時間前,2026-10-03 04:47:35,東京都
施設警備、警備員／病院／クリニック新着,高栄警備保障株式会社,東京都,"日給2万7,707円",契約社員,警備,求人ボックス,https://xn--pckua2a7gp15o89zb.com/jb/a62a0e5037a3316220ee74fb26a42d3a,True,8時間前,2026-10-03 04:47:35,東京都
一流ホテルの施設警備員／涼しい室内で座り勤務!資格取得あり新着,アラコム株式会社,東京都,"日給2万4,850円",契約社員,警備,求人ボックス,https://xn--pckua2a7gp15o89zb.com/jb/5d321cb57e5cdf0405ce66314a096068,True,13時間前,2026-10-03 04:47:39,東京都
「異業種からの転職歓迎」タクシードライバー／週3勤務／月収50万以上新着,警備・,東京都,"月給47万6,000円",正社員,警備,求人ボックス,https://xn--pckua2a7gp15o89zb.com/jbn/44b147314d9b808ea435f4ac413fff44,True,10時間前,2026-10-03 04:47:39,東京都
常駐施設警備の隊長候補／当務専属／週3日勤務でも月収29万円以上可能新着,セキュリナ・セキュリティー・サービス株式会社,東京都,"日給2万4,050円",アルバイト・パート,警備,求人ボックス,https://xn--pckua2a7gp15o89zb.com/jb/f22b899d3d83d1dfd88155256492f921,True,12時間前,2026-10-03 04:47:42,東京都
バックオフィススタッフ／若い者歓迎／年間休日120日以上／完全週休2日制／残業少なめ新着,株式会社ホワイトキャリア,東京都,"月給22万5,000円",正社員,警備,求人ボックス,https://xn--pckua2a7gp15o89zb.com/jbn/8f6819ce2e3aa225392a7fff20421db9,True,6時間前,2026-10-03 04:47:47,東京都
「高収入」ドライバー職「普通免許のみ」／年収600万円以上／予約が中心／タクシードライバー新着,...チームワークを大切にしながら現場をまとめるお仕事です。「コツコツ取り組む仕事が好き」「スケジュール通りに進めると達成感がある」という行動力のある方を募集しています。倉庫軽作業、配送ドライバー、,東京都,月給50万円～80万円,正社員,警備,求人ボックス,https://xn--pckua2a7gp15o89zb.com/jbn/822475d0fdb52361770e4dfac6dcbcb7,True,10時間前,2026-10-03 04:47:50,東京都
ハイヤードライバー「普通免許のみ」／年収600万円以上／予約が中心／未経験でも高収入新着,...チームワークを大切にしながら現場をまとめるお仕事です。「コツコツ取り組む仕事が好き」「スケジュール通りに進めると達成感がある」という行動力のある方を募集しています。倉庫軽作業、配送ドライバー、,東京都,月給45万円～80万円,正社員,警備,求人ボックス,https://xn--pckua2a7gp15o89zb.com/jbn/43b481ffddd5621e6aa74df025339d89,True,10時間前,2026-10-03 04:47:53,東京都
未経験者歓迎 賞与年2回新着,株式会社Progress Group,東京都,"月給24万3,000円",正社員,警備,求人ボックス,https://xn--pckua2a7gp15o89zb.com/jb/332e2450b78595cf82ea05acac17ba21,True,10時間前,2026-10-03 04:47:57,東京都
「高収入」ドライバー職「普通免許のみ」／タクシードライバー／週3出勤／年収600万円以上／予約が中心新着,...チームワークを大切にしながら現場をまとめるお仕事です。「コツコツ取り組む仕事が好き」「スケジュール通りに進めると達成感がある」という行動力のある方を募集しています。倉庫軽作業、配送ドライバー、,東京都,月給50万円～80万円,正社員,警備,求人ボックス,https://xn--pckua2a7gp15o89zb.com/jbn/5476ca8eb397a7daeedebf9a183b49c8,True,10時間前,2026-10-03 04:47:57,東京都
製造スタッフ／ブランクOK／無料寮完備／倉庫／かんたん作業／製造新着,株式会社tocca,東京都,月給30万円～34万円,正社員,製造,求人ボックス,https://xn--pckua2a7gp15o89zb.com/jbn/7f6d932b908cc459eaf2db9c6f26d025,True,21時間前,2026-10-03 04:47:40,東京都
「手に職をつけるチャンス!」誕生日パーティーグッズづくりの製造スタッフ新着,製造,東京都,"月給30万2,660円",正社員,製造,求人ボックス,https://xn--pckua2a7gp15o89zb.com/jbn/f082ea7a5f48c15c684aed941df5cac5,True,15時間前,2026-10-03 04:47:41,東京都
「黙々と集中したい方に!」SNS映えスイーツデコの製造スタッフ新着,製造,東京都,"月給31万9,730円",正社員,製造,求人ボックス,https://xn--pckua2a7gp15o89zb.com/jbn/027fbb8039c069f2087bed06c3bf09b5,True,15時間前,2026-10-03 04:47:41,東京都
「フリーターから正社員へ!」レザー小物の製造スタッフ／年間休日130日...新着,製造,東京都,"月給32万1,830円",正社員,製造,求人ボックス,https://xn--pckua2a7gp15o89zb.com/jbn/472344b8dcb5d8a94d6c8f9bebeefea7,True,14時間前,2026-10-03 04:47:41,東京都
「生活を安定させたい方へ!」ゴルフ用品の製造スタッフ／完全週休二日制新着,製造,東京都,"月給30万1,560円",正社員,製造,求人ボックス,https://xn--pckua2a7gp15o89zb.com/jbn/91cf2f632b982a739cab1f4aa3523a0f,True,15時間前,2026-10-03 04:47:41,東京都
「手に職をつけるチャンス!」アートトイの製造スタッフ／完全週休二日制新着,製造,東京都,"月給31万8,590円",正社員,製造,求人ボックス,https://xn--pckua2a7gp15o89zb.com/jbn/448f1da0fc5a7f03a213568f0e3bcc3a,True,14時間前,2026-10-03 04:47:45,東京都
「未経験からグッズ製造へ!」／ゲーム配信用ステッカーの製造スタッフ新着,製造,東京都,"月給35万2,000円",正社員,製造,求人ボックス,https://xn--pckua2a7gp15o89zb.com/jbn/362e1b84448855c476d13956acd12052,True,13時間前,2026-10-03 04:47:46,東京都
「黙々と集中したい方に!」ゲームセンター用ぬいぐるみの製造スタッフ新着,製造,東京都,"月給31万6,220円",正社員,製造,求人ボックス,https://xn--pckua2a7gp15o89zb.com/jbn/9282d924ac544db2341317e72520b5df,True,14時間前,2026-10-03 04:47:46,東京都
「未経験から始める工場ワーク!」モバイルバッテリーづくりの製造スタッフ新着,製造,東京都,"月給30万9,290円",正社員,製造,求人ボックス,https://xn--pckua2a7gp15o89zb.com/jbn/4e2aee80485cd2349dfedb073fe2dd77,True,15時間前,2026-10-03 04:47:46,東京都
「身近な商品を扱う仕事!」3Dプリント雑貨の製造スタッフ／未経験OK新着,製造,東京都,"月給30万4,900円",正社員,製造,求人ボックス,https://xn--pckua2a7gp15o89zb.com/jbn/b3f8abf0df1772b38f6b74b64caeec37,True,15時間前,2026-10-03 04:47:46,東京都
「フリーターから正社員へ!」インテリア雑貨の製造スタッフ／未経験OK新着,製造,東京都,"月給31万9,160円",正社員,製造,求人ボックス,https://xn--pckua2a7gp15o89zb.com/jbn/a0a80eb3ac15f6dda37b01d5c69c50af,True,15時間前,2026-10-03 04:47:49,東京都
「身近な商品を扱う仕事!」ワイヤレスイヤホンづくりの製造スタッフ新着,製造,東京都,"月給30万4,950円",正社員,製造,求人ボックス,https://xn--pckua2a7gp15o89zb.com/jbn/cdc8ba620db42692d897a76b52081f0a,True,14時間前,2026-10-03 04:47:49,東京都
「生活を安定させたい方へ!」電動キックボードづくりの製造スタッフ新着,製造,東京都,"月給31万2,510円",正社員,製造,求人ボックス,https://xn--pckua2a7gp15o89zb.com/jbn/7578a0ae607939a0091f382f73f27039,True,14時間前,2026-10-03 04:47:49,東京都
「フリーターから正社員へ!」3Dプリント雑貨づくりの製造スタッフ新着,製造,東京都,"月給31万9,770円",正社員,製造,求人ボックス,https://xn--pckua2a7gp15o89zb.com/jbn/926c654eaffb6918e0fad231e8dc6b10,True,14時間前,2026-10-03 04:47:53,東京都
「安定収入を目指すなら!」クラフトビールの製造スタッフ／未経験OK新着,製造,東京都,"月給30万2,370円",正社員,製造,求人ボックス,https://xn--pckua2a7gp15o89zb.com/jbn/b1e0259f0217cfdfbcc2225641867ef8,True,15時間前,2026-10-03 04:47:53,東京都
「生活を安定させたい方へ!」同人グッズづくりの製造スタッフ／交通費支給新着,製造,東京都,"月給31万7,080円",正社員,製造,求人ボックス,https://xn--pckua2a7gp15o89zb.com/jbn/689fdbedc57125487408ade565ecc567,True,14時間前,2026-10-03 04:47:53,東京都
「フリーターから正社員へ!」ウェディング小物づくりの製造スタッフ新着,製造,東京都,月給31万470円,正社員,製造,求人ボックス,https://xn--pckua2a7gp15o89zb.com/jbn/0488eeacfdb04aa9499ad68e57fd5bf2,True,14時間前,2026-10-03 04:47:53,東京都
「コツコツ派にぴったり!」プロテインバーの製造スタッフ／年間休日130...新着,製造,東京都,"月給31万8,990円",正社員,製造,求人ボックス,https://xn--pckua2a7gp15o89zb.com/jbn/064f69ea392018627fbeed51ac9dc3ea,True,15時間前,2026-10-03 04:47:57,東京都
「未経験から製造デビュー!」プロテインバーづくりの製造スタッフ新着,製造,東京都,"月給30万3,030円",正社員,製造,求人ボックス,https://xn--pckua2a7gp15o89zb.com/jbn/186aecd23b0ccafa0d78aa6743f73722,True,15時間前,2026-10-03 04:47:57,東京都
「身近な商品を扱う仕事!」自転車パーツづくりの製造スタッフ／未経験OK新着,製造,東京都,"月給31万4,530円",正社員,製造,求人ボックス,https://xn--pckua2a7gp15o89zb.com/jbn/c0e12b26a2935db596581b37879cab32,True,15時間前,2026-10-03 04:48:01,東京都
「未経験95%スタート!」／ゲームセンター景品雑貨の製造スタッフ新着,製造,東京都,"月給36万7,000円",正社員,製造,求人ボックス,https://xn--pckua2a7gp15o89zb.com/jbn/984df758a1b63a7abff8b7345c959f18,True,13時間前,2026-10-03 04:48:05,東京都
「コツコツ派にぴったり!」ハンドクリームづくりの製造スタッフ新着,製造,東京都,"月給30万9,910円",正社員,製造,求人ボックス,https://xn--pckua2a7gp15o89zb.com/jbn/e10b2771546a9f3d500c6ab5f30d8631,True,14時間前,2026-10-03 04:48:05,東京都
「モクモク作業が好きな方へ!」ゲーミングデバイスの製造スタッフ／正社員新着,製造,東京都,"月給30万9,300円",正社員,製造,求人ボックス,https://xn--pckua2a7gp15o89zb.com/jbn/ed88e30ae3c2ea1e8dceadc1dc8e52de,True,14時間前,2026-10-03 04:48:05,東京都
「手に職をつけるチャンス!」キャップ・帽子の製造スタッフ／賞与あり新着,製造,東京都,"月給31万2,930円",正社員,製造,求人ボックス,https://xn--pckua2a7gp15o89zb.com/jbn/56d5378a531aed7336626213caf5136e,True,15時間前,2026-10-03 04:48:08,東京都
「安定収入を目指すなら!」ペット用品づくりの製造スタッフ／年間休日13...新着,製造,東京都,"月給30万7,420円",正社員,製造,求人ボックス,https://xn--pckua2a7gp15o89zb.com/jbn/158b0737ed6ee7b165d28c3054ff1337,True,15時間前,2026-10-03 04:48:12,東京都
「未経験95%スタート!」／ゲーム柄キーボードカバーの製造スタッフ新着,製造,東京都,"月給41万7,000円",正社員,製造,求人ボックス,https://xn--pckua2a7gp15o89zb.com/jbn/61a24f50295a9ff70149f762230d7f47,True,13時間前,2026-10-03 04:48:12,東京都
お餅製造工場スタッフ／スピード採用新着,MY BASE株式会社,東京都,"月給24万4,000円",正社員,製造,求人ボックス,https://xn--pckua2a7gp15o89zb.com/jb/a1e88760602a3c3dc156670d6ac8dfc7,True,13時間前,2026-10-03 04:48:12,東京都
郵便局の館内清掃スタッフ新着,株式会社フェイズ,東京都,"時給1,350円",アルバイト・パート,清掃,求人ボックス,https://xn--pckua2a7gp15o89zb.com/jb/a6608d8fe9396458994b2fe3831e1f25,True,9時間前,2026-10-03 04:47:52,東京都
金融機関の清掃スタッフ新着,株式会社ルーデン・ビルマネジメント,東京都,"時給1,400円",アルバイト・パート,清掃,求人ボックス,https://xn--pckua2a7gp15o89zb.com/jb/f40bd7bc3007f1e13aa1a6532510f04d,True,9時間前,2026-10-03 04:47:52,東京都
分譲マンションの清掃スタッフ新着,新日本管財株式会社,東京都,"時給1,280円",アルバイト・パート,清掃,求人ボックス,https://xn--pckua2a7gp15o89zb.com/jb/093646a97a157fdf1050054edc6037c6,True,9時間前,2026-10-03 04:47:52,東京都
清掃スタッフの代行新着,株式会社CAREER,東京都,"時給1,300円～1,500円",派遣社員,清掃,求人ボックス,https://xn--pckua2a7gp15o89zb.com/jb/d69fb6569f4e0ac8b376ef4aac487026,True,10時間前,2026-10-03 04:47:52,東京都
清掃スタッフ新着,有限会社アールシーサポート,東京都,月給23万円,正社員,清掃,求人ボックス,https://xn--pckua2a7gp15o89zb.com/jb/85095fe197bb998abe3546f7b7581f25,True,18時間前,2026-10-03 04:47:52,東京都
清掃スタッフ新着,社会福祉法人創生会,東京都,"時給1,280円～",アルバイト・パート,清掃,求人ボックス,https://xn--pckua2a7gp15o89zb.com/jb/126013475887a6c1185c229da8fa55a1,True,23時間前,2026-10-03 04:47:52,東京都
平日のみ・フルタイム オフィスビルの清掃スタッフ新着,大星ビルメンテナンス株式会社,東京都,"時給1,350円",アルバイト・パート,清掃,求人ボックス,https://xn--pckua2a7gp15o89zb.com/jb/460f8499d461889b574a6f7f90123779,True,18時間前,2026-10-03 04:47:52,東京都
商業施設の清掃スタッフ新着,イオンディライトコネクト株式会社,東京都,"時給1,350円",アルバイト・パート,清掃,求人ボックス,https://xn--pckua2a7gp15o89zb.com/jb/768bc8f92f88e016442cbddd7c3a1013,True,4時間前,2026-10-03 04:47:53,東京都
インドアゴルフ場の清掃スタッフ／週1日・1時間～OK／未経験歓迎新着,株式会社SMART GOLF,東京都,"時給1,250円～",アルバイト・パート,清掃,求人ボックス,https://xn--pckua2a7gp15o89zb.com/jb/cc822898986ea4e36e4fc14f67a85c2e,True,11時間前,2026-10-03 04:47:53,東京都
病院の清掃スタッフ新着,日本空調サービス株式会社,東京都,"時給1,500円～1,800円",アルバイト・パート,清掃,求人ボックス,https://xn--pckua2a7gp15o89zb.com/jb/0a17826c0fcf9a52ebbd97b2428683a5,True,4時間前,2026-10-03 04:47:53,東京都
賃貸マンションの日常清掃スタッフ新着,株式会社ベルックス,東京都,"時給2,000円",アルバイト・パート,清掃,求人ボックス,https://xn--pckua2a7gp15o89zb.com/jb/d0e5f47a4223b53c429844c72971d09c,True,18時間前,2026-10-03 04:47:53,東京都
定期清掃スタッフ新着,株式会社エムケークリーン,東京都,日給1万円,アルバイト・パート,清掃,求人ボックス,https://xn--pckua2a7gp15o89zb.com/jb/d06da01372f7676274d685e3dc3209c1,True,4時間前,2026-10-03 04:47:53,東京都
館内清掃・リネン洗濯スタッフ新着,株式会社東洋食品 センター管理部,東京都,"時給1,290円",アルバイト・パート,清掃,求人ボックス,https://xn--pckua2a7gp15o89zb.com/jb/74881fec209a16722685fd42ad597cb2,True,18時間前,2026-10-03 04:47:53,東京都
大門駅」コンパクトなビジネスホテルの客室清掃点検スタッフ チェッカー新着,京急EXイン浜松町・大門駅前,東京都,"時給1,350円～1,370円",アルバイト・パート,清掃,求人ボックス,https://xn--pckua2a7gp15o89zb.com/jb/c61e0d903db7ab539100e3e9385f7846,True,23時間前,2026-10-03 04:47:53,東京都
オフィスビルの清掃スタッフ新着,日生株式会社,東京都,"時給1,450円",アルバイト・パート,清掃,求人ボックス,https://xn--pckua2a7gp15o89zb.com/jb/845a8e576defaa1f4c666680bfe7ff75,True,4時間前,2026-10-03 04:47:56,東京都
オフィスの日常清掃スタッフ新着,株式会社白青舎,東京都,"時給1,400円",アルバイト・パート,清掃,求人ボックス,https://xn--pckua2a7gp15o89zb.com/jb/ee9a14020f4ae3d32c3e5102facec3d9,True,4時間前,2026-10-03 04:47:56,東京都
大型イベント施設の清掃管理スタッフ新着,日本不動産管理株式会社,東京都,月給25万円～35万円,正社員,清掃,求人ボックス,https://xn--pckua2a7gp15o89zb.com/jb/b86cbd19e84994eb52e1e9672fae16e4,True,5時間前,2026-10-03 04:47:56,東京都
"時給1,500円の高時給!流通倉庫の共用部清掃スタッフ募集／未経験歓迎新着",アイル・コーポレーション株式会社,東京都,"時給1,500円",アルバイト・パート,清掃,求人ボックス,https://xn--pckua2a7gp15o89zb.com/jb/28b9b828e3052d8cd625b3ddcbb59229,True,13時間前,2026-10-03 04:47:56,東京都
テレビスタジオの清掃スタッフ／フルタイム勤務／駅チカ／特殊清掃なし新着,株式会社トータルメンテナンスジャパン,東京都,月給28万円,アルバイト・パート,清掃,求人ボックス,https://xn--pckua2a7gp15o89zb.com/jb/607b1a3d13f277f6f3555f3a1e76c3f7,True,23時間前,2026-10-03 04:47:56,東京都
オフィスビルの清掃スタッフ新着,株式会社ハリマビステム,東京都,"日給1万3,775円",,清掃,求人ボックス,https://xn--pckua2a7gp15o89zb.com/jb/3076a30fafc585f2d49cc6eff4bce867,True,4時間前,2026-10-03 04:47:56,東京都
自動車販売店の清掃スタッフ募集!近所でサクッと働きたい方・初めてのパー...新着,株式会社片倉キャロンサービス,東京都,"時給1,400円～1,500円",アルバイト・パート,清掃,求人ボックス,https://xn--pckua2a7gp15o89zb.com/jb/11ea92490355aa7050f7dc7da3062c5b,True,13時間前,2026-10-03 04:47:56,東京都
お好きな4時間が選べます! 学校内の清掃スタッフ日中のスキマ時間を有効...新着,日本ビルメンテナンス株式会社,東京都,"時給1,300円",アルバイト・パート,清掃,求人ボックス,https://xn--pckua2a7gp15o89zb.com/jb/df4c3b0ab10c46f390d9d0a62dbda04e,True,13時間前,2026-10-03 04:47:56,東京都
虎ノ門駅周辺 未経験OK!オフィスビルの清掃スタッフ募集 男女活躍中新着,三井不動産ファシリティーズ株式会社,東京都,"時給1,350円",アルバイト・パート,清掃,求人ボックス,https://xn--pckua2a7gp15o89zb.com/jb/31de3d780c18cfdaab42388ece2bfcc9,True,13時間前,2026-10-03 04:48:00,東京都
"南小岩／グランフォレスト南小岩／清掃スタッフ／時給1,290円~新着",スミリンフィルケア株式会社,東京都,"時給1,290円",アルバイト・パート,清掃,求人ボックス,https://xn--pckua2a7gp15o89zb.com/jb/610253bdb25cbd97106efa70cbfe3fbc,True,17時間前,2026-10-03 04:48:00,東京都
オフィスビルの清掃スタッフ／午前中のみ1日4時間程度!60代新着,株式会社ニューオーダー,東京都,"時給1,400円～",アルバイト・パート,清掃,求人ボックス,https://xn--pckua2a7gp15o89zb.com/jb/c57e3c452f1ee8c57eef67500829a6ca,True,7時間前,2026-10-03 04:48:00,東京都
私立学校／用務／清掃スタッフ／常勤職員／スタート日相談可新着,学校法人京華学園,東京都,"月給22万9,000円",正社員,清掃,求人ボックス,https://xn--pckua2a7gp15o89zb.com/jb/437bd8f213dea52e5b4eaba7d60d8c67,True,14時間前,2026-10-03 04:48:00,東京都
未経験者OK 清掃業務スタッフの責任者候補新着,株式会社シービーケー,東京都,"月給23万3,300円",正社員,清掃,求人ボックス,https://xn--pckua2a7gp15o89zb.com/jb/104a9dbb347e4cb550b9368df3350842,True,22時間前,2026-10-03 04:48:00,東京都
多摩センター駅近く! 物流センター清掃スタッフ募集 幅広い年代の方が活...新着,株式会社サービスエース,東京都,"時給1,500円",アルバイト・パート,清掃,求人ボックス,https://xn--pckua2a7gp15o89zb.com/jb/bb248b9f7dca46dc38bc55d222ff5541,True,13時間前,2026-10-03 04:48:00,東京都
清掃スタッフ新着,株式会社芙蓉商会,東京都,"時給1,300円",アルバイト・パート,清掃,求人ボックス,https://xn--pckua2a7gp15o89zb.com/jb/6a0a197dee935295609958f431d46139,True,5時間前,2026-10-03 04:48:00,東京都
研修施設の清掃スタッフ新着,有限会社新栄商工,東京都,"時給1,280円～",アルバイト・パート,清掃,求人ボックス,https://xn--pckua2a7gp15o89zb.com/jb/d39af435f685171b860a1b32ff14b07d,True,5時間前,2026-10-03 04:48:03,東京都
宿泊施設 清掃スタッフ新着,株式会社ビーアライブコーポレーション,東京都,"時給1,280円",アルバイト・パート,清掃,求人ボックス,https://xn--pckua2a7gp15o89zb.com/jb/6c327a9c75a850a09c0659e0be8920db,True,12時間前,2026-10-03 04:48:03,東京都
病院清掃スタッフ新着,株式会社クライズ,東京都,"時給1,300円～",アルバイト・パート,清掃,求人ボックス,https://xn--pckua2a7gp15o89zb.com/jb/78358583349ead6c6a56fe5a44f3c94c,True,10時間前,2026-10-03 04:48:03,東京都
客室清掃スタッフ新着,エコア株式会社,東京都,"時給1,280円～1,330円",アルバイト・パート,清掃,求人ボックス,https://xn--pckua2a7gp15o89zb.com/jb/6658e255fdc2fe1fa4fcd5f2207bbb26,True,13時間前,2026-10-03 04:48:03,東京都
定期清掃スタッフ新着,株式会社ビーラウンド,東京都,"時給1,300円",アルバイト・パート,清掃,求人ボックス,https://xn--pckua2a7gp15o89zb.com/jb/619b268c9e22d2191ae139c1ff3fe171,True,12時間前,2026-10-03 04:48:03,東京都
清掃・洗濯スタッフ・清掃／環境整備新着,リハビリホームくらら砧公園,東京都,"時給1,365円",アルバイト・パート,清掃,求人ボックス,https://xn--pckua2a7gp15o89zb.com/jb/ea48950c316b871f1bf5ace5d8d94a75,True,7時間前,2026-10-03 04:48:03,東京都
マンション共用部の清掃スタッフ新着,株式会社東弘ビルサービス,東京都,"時給1,280円",アルバイト・パート,清掃,求人ボックス,https://xn--pckua2a7gp15o89zb.com/jb/38dc4a0ed3e3050f404455d20edd24c8,True,5時間前,2026-10-03 04:48:03,東京都
商業施設の清掃スタッフ新着,株式会社雄水,東京都,"時給1,500円",アルバイト・パート,清掃,求人ボックス,https://xn--pckua2a7gp15o89zb.com/jb/3ea2eb73d3963ca3d7714e4a0cf997b4,True,5時間前,2026-10-03 04:48:07,東京都
ペットショップの清掃・店舗スタッフ／ペットフォレスト小平店安心の社会保...新着,株式会社犬の家 ペットフォレスト小平店,東京都,月給22万円～30万円,正社員,清掃,求人ボックス,https://xn--pckua2a7gp15o89zb.com/jbn/016c7a9b6fda1e537e02f3c11608a320,True,21時間前,2026-10-03 04:48:07,東京都
マンション共用部の清掃スタッフ新着,近鉄住宅管理株式会社,東京都,"時給1,450円",アルバイト・パート,清掃,求人ボックス,https://xn--pckua2a7gp15o89zb.com/jb/2d0b39755f5b4dd5ed8321856c41ca8c,True,6時間前,2026-10-03 04:48:07,東京都
家事・清掃スタッフ 神宮の杜H新着,スタッフ,東京都,"時給1,230円～",アルバイト・パート,清掃,求人ボックス,https://xn--pckua2a7gp15o89zb.com/jb/2886c759de2384eee5107e9ecc64387a,True,5時間前,2026-10-03 04:48:07,東京都
オフィスビルの清掃スタッフ新着,アイング株式会社 清掃部 プライム神楽坂ビル 清掃,東京都,"時給1,300円～",アルバイト・パート,清掃,求人ボックス,https://xn--pckua2a7gp15o89zb.com/jb/50f543caa2e59aac8e27938ad5c714ed,True,17時間前,2026-10-03 04:48:07,東京都
公立小中学校の清掃・用務スタッフ新着,東日本建物管理株式会社,東京都,"時給1,300円",アルバイト・パート,清掃,求人ボックス,https://xn--pckua2a7gp15o89zb.com/jb/aedf39be10d573d632ae11d5cce0b1f2,True,5時間前,2026-10-03 04:48:07,東京都
清掃スタッフ新着,障がい者採用アニメイト本部 総務,東京都,"時給1,300円",アルバイト・パート,清掃,求人ボックス,https://xn--pckua2a7gp15o89zb.com/jb/6333ba26bad1a30879995af0016b43e2,True,11時間前,2026-10-03 04:48:07,東京都
医療研究所での簡易清掃スタッフ新着,日東グローブシップ・カストディアル・サービス株式...,東京都,"時給1,400円～1,600円",アルバイト・パート,清掃,求人ボックス,https://xn--pckua2a7gp15o89zb.com/jb/d809e6910049868d798bdf6698975f93,True,6時間前,2026-10-03 04:48:11,東京都
学校施設の清掃スタッフ／Wワーク歓迎!30代・40代・50代活躍中新着,スターツファシリティーサービス株式会社,東京都,"時給1,280円～",アルバイト・パート,清掃,求人ボックス,https://xn--pckua2a7gp15o89zb.com/jb/65e9e99e96060c4936e3d154898113da,True,9時間前,2026-10-03 04:48:11,東京都
オフィスビルの清掃スタッフ新着,岡田建設株式会社,東京都,"時給1,400円",アルバイト・パート,清掃,求人ボックス,https://xn--pckua2a7gp15o89zb.com/jb/1b73cb2f58751fa87704f1554b477bdd,True,5時間前,2026-10-03 04:48:11,東京都
NEWoman高輪の清掃スタッフ新着,株式会社ケイミックス 2838 高輪ゲートウェイ,東京都,"時給1,470円",アルバイト・パート,清掃,求人ボックス,https://xn--pckua2a7gp15o89zb.com/jb/5e7958f4cdc5f8ca5023fe3cb3ba1963,True,11時間前,2026-10-03 04:48:11,東京都
清掃スタッフ／未経験OK／ブランクOK／社会保険完備／RST00302...新着,株式会社木下の介護,東京都,"時給1,280円",アルバイト・パート,清掃,求人ボックス,https://xn--pckua2a7gp15o89zb.com/jb/85e63a3a06a6b9797cb11aff58349e3b,True,23時間前,2026-10-03 04:48:11,東京都
マンション共用部などの清掃スタッフ新着,株式会社ジャパン・リリーフ,東京都,"時給1,450円～",派遣社員,清掃,求人ボックス,https://xn--pckua2a7gp15o89zb.com/jbn/ea4d488ef65c65f7779de5ad035a2434,True,21時間前,2026-10-03 04:48:11,東京都
日常清掃 スタッフ 募集新着,株式会社アップ・ライフ,東京都,"時給1,280円～",アルバイト・パート,清掃,求人ボックス,https://xn--pckua2a7gp15o89zb.com/jbn/d5b638aefc8bcef4257370a1faff2cd6,True,21時間前,2026-10-03 04:48:14,東京都
"時給1,500円／朝の短時間で働ける／マンション共用スペースの清掃スタッフ／東京都豊島区千早新着",株式会社TwoSeek,東京都豊島区千早,"時給1,500円",アルバイト・パート,清掃,求人ボックス,https://xn--pckua2a7gp15o89zb.com/jb/14d055a438971f799fb5f1809943d8f3,True,4時間前,2026-10-03 04:48:14,東京都
未経験から3週間で独立!高日給1.5万～2.8万円の新築清掃スタッフ新着,株式会社調和プロダクトサービス,東京都,日給1,,清掃,求人ボックス,https://xn--pckua2a7gp15o89zb.com/jb/17c530a1c0130c29e53b030648f7f4db,True,11時間前,2026-10-03 04:48:14,東京都
社員はみんな未経験からのスタート なので安心の清掃スタッフ新着,株式会社ユースフルワークプランニング,東京都,月給25万円～40万円,正社員,清掃,求人ボックス,https://xn--pckua2a7gp15o89zb.com/jb/25b72433bd93da7dc80cc671899a4cb8,True,4時間前,2026-10-03 04:48:14,東京都
ビルの清掃スタッフ 6時〜8時半新着,東急ビルメンテナンス株式会社,東京都,"時給1,600円",アルバイト・パート,清掃,求人ボックス,https://xn--pckua2a7gp15o89zb.com/jb/6dcdc5a64db9f5d8941475041bdf95f9,True,4時間前,2026-10-03 04:48:14,東京都
夜勤・宿直スタッフ・清掃／環境整備新着,高齢者支援住宅うぐいすの里伊奈,東京都,"時給1,280円～",アルバイト・パート,清掃,求人ボックス,https://xn--pckua2a7gp15o89zb.com/jb/e6c66673c87fb518f0a7cc6a661f4d38,True,7時間前,2026-10-03 04:48:17,東京都
マンションの清掃スタッフ新着,株式会社ビルテクノマイニチ,東京都,"時給1,300円",アルバイト・パート,清掃,求人ボックス,https://xn--pckua2a7gp15o89zb.com/jb/7cd2d3a31195d1ef98d66549b5224ab2,True,4時間前,2026-10-03 04:48:17,東京都
オフィスビルの清掃スタッフ新着,株式会社ファイヴエーカンパニー,東京都,"時給1,400円",アルバイト・パート,清掃,求人ボックス,https://xn--pckua2a7gp15o89zb.com/jb/bd1a787bf3a5e79a911bf027418feea2,True,4時間前,2026-10-03 04:48:17,東京都
オフィス内の清掃スタッフ新着,株式会社アドバンスサービス,東京都,"時給2,000円",アルバイト・パート,清掃,求人ボックス,https://xn--pckua2a7gp15o89zb.com/jb/15a6b27ea31519a2a2c8bc5d755835d4,True,4時間前,2026-10-03 04:48:17,東京都
時給1500円 朝2.5時間の短時間 中高年活躍中!オーケー浅草店内の清掃スタッフ新着,株式会社ボイス,東京都,時給1500円,アルバイト・パート,清掃,求人ボックス,https://xn--pckua2a7gp15o89zb.com/jb/4f4a3e52e33d6cd077a2ab5e9464cdf9,True,10時間前,2026-10-03 04:48:17,東京都
オフィスビルの清掃スタッフ新着,株式会社アコス,東京都,"時給1,400円",アルバイト・パート,清掃,求人ボックス,https://xn--pckua2a7gp15o89zb.com/jb/9bf607859d446e206e1b6c5ff4d0bc4e,True,4時間前,2026-10-03 04:48:17,東京都
スーパーの清掃スタッフ ライフ南千住店 16時～18時30分新着,株式会社TRONC,東京都,"時給1,300円",アルバイト・パート,清掃,求人ボックス,https://xn--pckua2a7gp15o89zb.com/jb/2bd4013ed399cea62e3ccd45dea933f1,True,4時間前,2026-10-03 04:48:17,東京都
短期住み込みリゾートバイトホテルの清掃スタッフ鬼怒川温泉 寮費新着,株式会社ワクトリ,東京都,"時給1,130円～",派遣社員,清掃,求人ボックス,https://xn--pckua2a7gp15o89zb.com/jb/619608d14dc2bae9747c368e1159301c,True,22時間前,2026-10-03 04:48:21,東京都
自転車通勤可能 新宿エリアの民泊清掃スタッフ新着,カソク株式会社,東京都,"時給1,950円～2,500円",,清掃,求人ボックス,https://xn--pckua2a7gp15o89zb.com/jb/e4c197b2beeaa95a32c8914e64583519,True,18時間前,2026-10-03 04:48:21,東京都
清掃スタッフ新着,株式会社ウィルエージェンシー 新宿,東京都,"時給1,700円～",派遣社員,清掃,求人ボックス,https://xn--pckua2a7gp15o89zb.com/jb/d7ff4604a9e45d660d26c48fb927b3cf,True,13時間前,2026-10-03 04:48:21,東京都
オフィスビルの清掃スタッフ新着,株式会社トービ,東京都,"日給1,500円",アルバイト・パート,清掃,求人ボックス,https://xn--pckua2a7gp15o89zb.com/jb/8fca320f474ad467bf6f595b3665ce2c,True,7時間前,2026-10-03 04:48:21,東京都
清掃スタッフ新着,株式会社ウィルエージェンシー IT・CS新宿,東京都,"時給2,100円～",派遣社員,清掃,求人ボックス,https://xn--pckua2a7gp15o89zb.com/jb/605b61b6dda8d1e084af4bcea1cd6536,True,14時間前,2026-10-03 04:48:21,東京都
清掃スタッフ新着,清掃,東京都,"時給1,500円",派遣社員,清掃,求人ボックス,https://xn--pckua2a7gp15o89zb.com/jb/a374a5ab129bc1c201268622947dcdea,True,14時間前,2026-10-03 04:48:21,東京都
軽作業／清掃・洗濯スタッフ 赤羽駅からバス10分新着,マンパワーグループ株式会社,東京都,"時給1,500円",派遣社員,清掃,求人ボックス,https://xn--pckua2a7gp15o89zb.com/jb/644008c926c635e496b623d54782e33d,True,8時間前,2026-10-03 04:48:21,東京都
オフィスビル・マンション清掃スタッフ新着,清掃,東京都,"時給1,300円",アルバイト・パート,清掃,求人ボックス,https://xn--pckua2a7gp15o89zb.com/jb/d006e8381fb6cc3f6679f892a95e5af7,True,4時間前,2026-10-03 04:48:21,東京都
デイサービスでの歯科衛生士新着,株式会社トラストグロース,千葉県,"時給1,550円～",派遣社員,歯科,求人ボックス,https://xn--pckua2a7gp15o89zb.com/jb/5b01a26848e71c4c4a562a929acaaa8f,True,4時間前,2026-10-03 04:48:24,千葉県
社会保険完備の職場で歯科衛生士新着,ユーカリの風デンタルクリニック,千葉県,"時給1,800円～2,500円",アルバイト・パート,歯科,求人ボックス,https://xn--pckua2a7gp15o89zb.com/jb/d2aa6b815eda061d081677765e632e27,True,6時間前,2026-10-03 04:48:24,千葉県
歯科医院での歯科衛生士新着,株式会社トラストグロース 第1営業部,千葉県,月給23万円～,,歯科,求人ボックス,https://xn--pckua2a7gp15o89zb.com/jb/c9c2b975dab5109c18d2825b24fb8de5,True,4時間前,2026-10-03 04:48:24,千葉県
歯科衛生士／院内キッチンでの手作り昼食平日17時半退社。土曜日は14時...新着,柏五味歯科内科リウマチクリニック,千葉県,"時給1,850円",アルバイト・パート,歯科,求人ボックス,https://xn--pckua2a7gp15o89zb.com/jb/b82390505e4c6f385e9b4ca3b1cd1dbc,True,2時間前,2026-10-03 04:48:24,千葉県
歯科衛生士／八千代緑が丘駅TaCファミリー歯科新着,医療法人社団BBスマイル,千葉県,"時給1,600円～",アルバイト・パート,歯科,求人ボックス,https://xn--pckua2a7gp15o89zb.com/jb/46316fc792d5c1ab0f3222a3576ec40e,True,7時間前,2026-10-03 04:48:24,千葉県
歯科衛生士／のぞみ野歯科医院新着,医療法人社団羽立会,千葉県,"月給27万2,000円",正社員,歯科,求人ボックス,https://xn--pckua2a7gp15o89zb.com/jb/fd118594795a78b1988811f50bc1bf64,True,7時間前,2026-10-03 04:48:24,千葉県
訪問歯科診療専門医院の歯科衛生士新着,医療法人社団杏優会 ハート歯科クリニック,千葉県,"時給1,700円～2,500円",アルバイト・パート,歯科,求人ボックス,https://xn--pckua2a7gp15o89zb.com/jb/b2798f97660f44f406f08c7901ac2719,True,22時間前,2026-10-03 04:48:24,千葉県
歯科助手・受付・社会保険完備の職場で歯科助手新着,かつらやま歯科医院,千葉県,月給24万円～,正社員,歯科,求人ボックス,https://xn--pckua2a7gp15o89zb.com/jb/f7e55917c6b28a5bc21c0bea92c02124,True,7時間前,2026-10-03 04:48:24,千葉県
機能訓練指導員・作業療法士募集、年齢不問新着,デイサービストライおてんとさん,千葉県,"時給1,550円～1,700円",アルバイト・パート,歯科,求人ボックス,https://xn--pckua2a7gp15o89zb.com/jb/4252c7ed417a6948a830c59fbc7ac6f2,True,6時間前,2026-10-03 04:48:24,千葉県
歯科助手／東西線沿線!歯科アシスタントのパート新着,医療法人社団広和会,千葉県,"時給1,400円～1,800円",アルバイト・パート,歯科,求人ボックス,https://xn--pckua2a7gp15o89zb.com/jb/68e98e41feaf3d2c706f90d76d2f32d2,True,2時間前,2026-10-03 04:48:25,千葉県
歯科助手／歯科助手 木・土曜勤務可能な方 週2日～ 18時半までの勤務 未経験主夫・学生週末可新着,医療法人社団彩友会,千葉県,"時給1,250円～1,300円",アルバイト・パート,歯科,求人ボックス,https://xn--pckua2a7gp15o89zb.com/jb/5f2e098fa02dca1e77cc60e9fd166e88,True,2時間前,2026-10-03 04:48:25,千葉県
社会保険完備の職場で介護職／ヘルパー新着,館山ケアセンター夢くらぶ,千葉県,"時給1,195円～1,350円",アルバイト・パート,歯科,求人ボックス,https://xn--pckua2a7gp15o89zb.com/jb/d75d00bda8f81f596267311d0c50c4f4,True,7時間前,2026-10-03 04:48:25,千葉県
歯科医師／新浦安駅徒歩7分。100%マイクロスコープを使用できます新着,医療法人社団創世会ITO DENTAL OFFI...,千葉県,月給42万円～,正社員,歯科,求人ボックス,https://xn--pckua2a7gp15o89zb.com/jb/935c991e6a5f94fab2d058c74201fec9,True,2時間前,2026-10-03 04:48:25,千葉県
歯科衛生士／南柏東口クレイン歯科新着,医療法人社団友正会,千葉県,月給27万円～40万円,正社員,歯科,求人ボックス,https://xn--pckua2a7gp15o89zb.com/jb/353050ddb26b862abf57549b5bc6d0db,True,2時間前,2026-10-03 04:48:25,千葉県
歯科衛生士新着,星野歯科医院,千葉県,月給27万円～,正社員,歯科,求人ボックス,https://xn--pckua2a7gp15o89zb.com/jb/4dfed7edcaeccd0e6593f12acc983c84,True,2時間前,2026-10-03 04:48:25,千葉県
歯科衛生士／南流山リーフ歯科クリニック新着,医療法人社団グリーンパーク,千葉県,"月給29万2,000円",正社員,歯科,求人ボックス,https://xn--pckua2a7gp15o89zb.com/jb/7a19e8cfe5deb6f2ee31cc9f5fd2ddea,True,2時間前,2026-10-03 04:48:25,千葉県
データ入力事務／未経験OK「ネイルOK」土日祝休み・残業なし「20代活躍中」新着,歯科衛生士,千葉県,"月給22万4,000円",正社員,歯科,求人ボックス,https://xn--pckua2a7gp15o89zb.com/jbn/c404a1a3d788f78b39602bff9347ed6d,True,22時間前,2026-10-03 04:48:25,千葉県
歯科助手新着,フェイス歯科医院,千葉県,"時給1,250円～1,500円",正社員,歯科,求人ボックス,https://xn--pckua2a7gp15o89zb.com/jb/71413b53be30b522c8d17f33069b0b12,True,2時間前,2026-10-03 04:48:25,千葉県
歯科医師／あおぞら歯科クリニック新船橋新着,医療法人社団爽晴会,千葉県,月給60万円～120万円,正社員,歯科,求人ボックス,https://xn--pckua2a7gp15o89zb.com/jb/300ec992a49ea1de75bd2b1af0d5a1f7,True,6時間前,2026-10-03 04:48:25,千葉県
派遣スタッフのフォロー担当／フルフレックスタイム制／年間休日123日／時短勤務OK新着,株式会社プロスタファウンデーション,東京都,月給24万円～33万円,正社員,派遣,求人ボックス,https://xn--pckua2a7gp15o89zb.com/jb/bf2d1ffcfd47f2b020161f4165ff15a7,True,6時間前,2026-10-03 04:48:01,東京都
洋菓子の販売スタッフ 未経験歓迎／有給取得率85%以上新着,株式会社珠屋櫻山,東京都,"月給22万7,000円",正社員,派遣,求人ボックス,https://xn--pckua2a7gp15o89zb.com/jb/0ccb6b76a2340eb132f91ca7cfd7d96a,True,6時間前,2026-10-03 04:48:01,東京都
医療機器の回路設計新着,パーソルクロステクノロジー株式会社,東京都,"時給2,800円～3,400円",派遣社員,派遣,求人ボックス,https://xn--pckua2a7gp15o89zb.com/jb/9846f48af591bb966810c3a77f700bf9,True,4時間前,2026-10-03 04:48:01,東京都
CADオペレーター新着,株式会社長谷工ジョブクリエイト,東京都,"時給2,200円～",正社員,派遣,求人ボックス,https://xn--pckua2a7gp15o89zb.com/jb/6db9e272e094b90e360d6e2d20452bae,True,21時間前,2026-10-03 04:48:02,東京都
面確条件あり リクルートグループでの派遣営業／リモートワーク可新着,株式会社Progress Group,東京都,"月給29万8,000円",正社員,派遣,求人ボックス,https://xn--pckua2a7gp15o89zb.com/jb/e53250ee893d09dc74e23435e4c1968f,True,10時間前,2026-10-03 04:48:02,東京都
ショールーム受付や事務新着,株式会社ジャパン・リリーフ,東京都,"時給1,800円～",派遣社員,派遣,求人ボックス,https://xn--pckua2a7gp15o89zb.com/jbn/e5b544951c692cbf0ac1413245dfa6e3,True,17時間前,2026-10-03 04:48:05,東京都
事務スタッフ新着,株式会社CAREER,東京都,"時給1,600円",派遣社員,派遣,求人ボックス,https://xn--pckua2a7gp15o89zb.com/jb/2e8be04f852dac681903183ad9a29bee,True,10時間前,2026-10-03 04:48:05,東京都
アクセサリー／アパレル／販売 14日間限定 12／1~31／ジュエリー販売 立川伊勢丹新着,株式会社パコム,東京都,"時給1,600円～",派遣社員,派遣,求人ボックス,https://xn--pckua2a7gp15o89zb.com/jb/ab71f04d8e170ad6cdc4479f3e2ca950,True,17時間前,2026-10-03 04:48:05,東京都
グローバル人材会社での営業職新着,株式会社トップグローバル,東京都,月給25万50円,契約社員,派遣,求人ボックス,https://xn--pckua2a7gp15o89zb.com/jb/d86c1682fab6a0999150742e15e79d96,True,9時間前,2026-10-03 04:48:05,東京都
ホールスタッフ・フロアスタッフ・調理スタッフ新着,CONV,東京都,"時給1,750円～",派遣社員,派遣,求人ボックス,https://xn--pckua2a7gp15o89zb.com/jb/ca11311d5c9a1d0c8e7cbdc9b8f33b6b,True,10時間前,2026-10-03 04:48:05,東京都
在宅週2～3あり／大手メーカーGr×サポ事務 業界未経験歓迎新着,髪・ネイル自由,東京都,"時給1,800円",派遣社員,派遣,求人ボックス,https://xn--pckua2a7gp15o89zb.com/jb/a443d07566859d426b82de948130befe,True,13時間前,2026-10-03 04:48:09,東京都
出口6から徒歩8分!「週4日～OK」お祝い金支給!高時給!車・お住まいに関するサポート受付新着,株式会社TMJ,東京都,"時給1,700円～1,900円",アルバイト・パート,派遣,求人ボックス,https://xn--pckua2a7gp15o89zb.com/jbn/f0abeed0044ce8a4e0827d93b121444c,True,23時間前,2026-10-03 04:48:09,東京都
認可保育所の調理スタッフ 派遣調理師／無資格OK!／日払い・週払い／即日スタートOK新着,株式会社グッドネクスト,東京都,"時給1,400円",派遣社員,派遣,求人ボックス,https://xn--pckua2a7gp15o89zb.com/jb/2ee08ad2c34db93a347baf500cb73906,True,22時間前,2026-10-03 04:48:12,東京都
保育士／保育園／保育園新着,アスカグループ,東京都,"時給1,800円",派遣社員,派遣,求人ボックス,https://xn--pckua2a7gp15o89zb.com/jb/785e69450355e5607a2b8f62f6a0f625,True,23時間前,2026-10-03 04:48:12,東京都
未経験歓迎!お人柄重視 PC基本スキルでOK 専門知識不要 016新着,...専門スキル不要!PC基本スキルでOKの事務のお仕事 当社は、パーソルグループ各社からお預かりした業務を運用する会社です。,東京都,"時給1,300円",アルバイト・パート,派遣,求人ボックス,https://xn--pckua2a7gp15o89zb.com/jb/7f85eb8e117cf843316255742f526543,True,5時間前,2026-10-03 04:48:16,東京都
保険事務／時給1800円／土日祝休み／在宅勤務OK／損害保険募集人資格新着,ENEOSキャリアサポート株式会社,東京都,時給1800円,派遣社員,派遣,求人ボックス,https://xn--pckua2a7gp15o89zb.com/jb/b7c95f1ec803724b7fd7bfe57d01d536,True,12時間前,2026-10-03 04:48:16,東京都
一般事務新着,株式会社リクルートスタッフィング,東京都,"時給1,450円～",派遣社員,派遣,求人ボックス,https://xn--pckua2a7gp15o89zb.com/jb/70e1cd8d6385395a09af829a1ba75c79,True,20時間前,2026-10-03 04:48:19,東京都
特別養護老人ホームでの看護師新着,株式会社トラストグロース,東京都,"時給2,300円",派遣社員,派遣,求人ボックス,https://xn--pckua2a7gp15o89zb.com/jb/cc8033d7e85e28868f4312eff6908bd1,True,4時間前,2026-10-03 04:48:19,東京都
特定保健指導、糖尿病重症化支援等の業務新着,株式会社ドリームキャッチャー,東京都,"時給2,450円",派遣社員,派遣,求人ボックス,https://xn--pckua2a7gp15o89zb.com/jb/754d908ffffe6460605cb5a2dd7d5678,True,9時間前,2026-10-03 04:48:19,東京都
経理／日常業務 社会保険・給与／人事・総務新着,ジャスネットコミュニケーションズ株式会社,東京都,"時給1,800円～",派遣社員,派遣,求人ボックス,https://xn--pckua2a7gp15o89zb.com/jb/69e9d1ac63507a4f331106b46ad622e0,True,10時間前,2026-10-03 04:48:19,東京都
奈良市エリア! 未経験からはじめる事務スタッフ／マンパワーGの安定雇用!土日祝休 賞与有新着,株式会社ディンプル,東京都,"月給19万2,000円",正社員,派遣,求人ボックス,https://xn--pckua2a7gp15o89zb.com/jb/67a46f1958eb225583adc454471de97c,True,10時間前,2026-10-03 04:48:24,東京都
動物・医療領域の人材サービス運営サポート 月給26万円～／年休120日以上新着,株式会社アイ&カラー,東京都,月給26万円～,正社員,派遣,求人ボックス,https://xn--pckua2a7gp15o89zb.com/jb/4ded862eb3fefb92efdea2a90f416c95,True,17時間前,2026-10-03 04:48:24,東京都
洋菓子販売スタッフ「年末年始の短期／未経験OK」新着,クラウドグレイス株式会社,東京都,"時給1,700円～2,125円",派遣社員,派遣,求人ボックス,https://xn--pckua2a7gp15o89zb.com/jb/e576ff7d092c8416e8d0620764436fb4,True,12時間前,2026-10-03 04:48:27,東京都
DTPオペレーター ノベルティ・販促物制作 渋谷駅5分・残業月10h以内新着,株式会社フェローズ,東京都,"時給1,700円～1,750円",派遣社員,派遣,求人ボックス,https://xn--pckua2a7gp15o89zb.com/jb/acd00c7f456919db7e6b36eefbcdc9e1,True,17時間前,2026-10-03 04:48:27,東京都
リゾートバイト／洗い場新着,株式会社ダイブ,東京都,"時給1,290円～",派遣社員,派遣,求人ボックス,https://xn--pckua2a7gp15o89zb.com/jb/0262be55ff70edc49f6869e74c73fc88,True,23時間前,2026-10-03 04:48:27,東京都
一般事務／直接雇用切替実績あり 未経験OK カスタマーサポート@渋谷新着,マンパワーグループ株式会社,東京都,"時給1,700円",派遣社員,派遣,求人ボックス,https://xn--pckua2a7gp15o89zb.com/jb/c442df7aaf083fd88067b9db197c8fa6,True,8時間前,2026-10-03 04:48:30,東京都
PFIやDBO案件等における契約書審査／残業月20h程度／完全土日祝休／月給39万〜新着,水ing株式会社,東京都,月給39万,正社員,派遣,求人ボックス,https://xn--pckua2a7gp15o89zb.com/jb/74a78fcc1483b5b2fd397f5dd854ecb2,True,4時間前,2026-10-03 04:48:30,東京都
データエントリー業務 ／ 一般事務・OA事務／大手グループ 未経験OKの営業事務!@新宿新着,パーソルテンプスタッフ株式会社,東京都,"時給1,800円",派遣社員,派遣,求人ボックス,https://xn--pckua2a7gp15o89zb.com/jb/599407a1157ce1a1e220d4efd8aba0ad,True,18時間前,2026-10-03 04:48:30,東京都
事務員新着,株式会社ワークオール,東京都,"月給25万5,570円",正社員,派遣,求人ボックス,https://xn--pckua2a7gp15o89zb.com/jb/c61ebc48df16b8b7b9531b3655cda886,True,18時間前,2026-10-03 04:48:30,東京都
"時給1,400円～／飲食店ホールスタッフ／週2日～OK新着",株式会社ペゴパ,東京都,"時給1,400円～",アルバイト・パート,飲食,求人ボックス,https://xn--pckua2a7gp15o89zb.com/jb/84469bfde55d21f7031888176d3f970c,True,5時間前,2026-10-03 04:48:15,東京都
回転寿司店の飲食店スタッフ 連休取れます 経験者のみ 週休2日制新着,株式会社共和フーズ,東京都,月給30万円～48万円,正社員,飲食,求人ボックス,https://xn--pckua2a7gp15o89zb.com/jb/ad431d3ccdd96eb18776142ffb8679ad,True,4時間前,2026-10-03 04:48:15,東京都
夜勤あり／人気飲食店の店舗スタッフ／資格経験不要／月給25万新着,ワタミ株式会社,東京都,月給25万,正社員,飲食,求人ボックス,https://xn--pckua2a7gp15o89zb.com/jb/00694289b094e6430353fc3304c07efa,True,3時間前,2026-10-03 04:48:15,東京都
飲食店スタッフ東灯 -TOU TOU新着,マグロマート,東京都,"時給1,300円～",アルバイト・パート,飲食,求人ボックス,https://xn--pckua2a7gp15o89zb.com/jb/190634bb6e048ada090f937998e7c92a,True,15時間前,2026-10-03 04:48:15,東京都
ライブ演奏付きレストランのホールスタッフ／飲食経験者募集／ライブ×料理...新着,株式会社阪神コンテンツリンク,東京都,"時給1,400円～1,750円",アルバイト・パート,飲食,求人ボックス,https://xn--pckua2a7gp15o89zb.com/jb/7a9c81d4a3c8204f5b25b09b3bff8b1d,True,13時間前,2026-10-03 04:48:15,東京都
居酒屋スタッフ／飲食・接客未経験OK／バイトデビュー歓迎／髪色自由新着,ケイズフィールド株式会社,東京都,"時給1,350円～",アルバイト・パート,飲食,求人ボックス,https://xn--pckua2a7gp15o89zb.com/jb/0c1ff73b6076e9b1a527f8dbcdd03fbd,True,13時間前,2026-10-03 04:48:15,東京都
ペットショップの販売・レジスタッフ／ペットフォレスト小平店初めての方もOK／業種・興味アピール系新着,株式会社犬の家 ペットフォレスト小平店,東京都,月給22万円～30万円,正社員,飲食,求人ボックス,https://xn--pckua2a7gp15o89zb.com/jbn/5e685840a6081762190765a013a22fda,True,22時間前,2026-10-03 04:48:15,東京都
完全在宅／未経験可／カスタマーサポート／年休125日以上新着,...経験不問/未経験者活躍中・第二新卒活躍中資格不問/無資格歓迎・ブランク歓迎・学歴不問ハローワークでお探しの方も歓迎 先輩たちの前職をご紹介! 営業、事務、販売,東京都,"月給23万8,300円",正社員,飲食,求人ボックス,https://xn--pckua2a7gp15o89zb.com/jbn/b6b9e57a9a17bfc96a6a149ee614e112,True,10時間前,2026-10-03 04:48:17,東京都
「夜勤・タクシードライバー」急募／月収50万以上・20代活躍中／普通免許でOK新着,飲食,東京都,"月給47万6,000円",正社員,飲食,求人ボックス,https://xn--pckua2a7gp15o89zb.com/jbn/ddd6930f4823dbfeeef596f3b8fcbd26,True,9時間前,2026-10-03 04:48:17,東京都
「アプリ配車タクシードライバー・週3勤務」20代活躍中／月収40万以上／普通免許でOK新着,飲食,東京都,"月給47万6,000円",正社員,飲食,求人ボックス,https://xn--pckua2a7gp15o89zb.com/jbn/94efd6a4683acf00250ac7eee60ac5f6,True,10時間前,2026-10-03 04:48:17,東京都
完全在宅／未経験可／問い合わせ窓口／年休125日以上新着,...経験不問/未経験者活躍中・第二新卒活躍中資格不問/無資格歓迎・ブランク歓迎・学歴不問ハローワークでお探しの方も歓迎 先輩たちの前職をご紹介! 営業、事務、販売,東京都,"月給23万5,900円",正社員,飲食,求人ボックス,https://xn--pckua2a7gp15o89zb.com/jbn/e1b5b46402f5e2ee4692aa73b0e6d894,True,10時間前,2026-10-03 04:48:17,東京都
事務職／営業事務／未経験歓迎／安定企業／賞与・昇給あり／ネイル・ピアス自由新着,20代30代の,東京都,"月給21万3,500円",正社員,飲食,求人ボックス,https://xn--pckua2a7gp15o89zb.com/jbn/15a31ae908c7bc8eca01cc0fe6e885bc,True,6時間前,2026-10-03 04:48:17,東京都
事務職／総務事務／残業なし／服装髪型自由／賞与・昇給あり／ネイル・ピアス自由新着,<活かせる経験> 事務やデータ入力の業務経験 Excelスキル、PCの基本操作充実のスキルサポート体制があるため、アパレル販売、,東京都,"月給22万5,000円",正社員,飲食,求人ボックス,https://xn--pckua2a7gp15o89zb.com/jbn/17b8644873936af8a6a0e80e917878b4,True,6時間前,2026-10-03 04:48:17,東京都
「データ入力／一般事務・バックオフィス」プライベートも仕事も全力で自分らしく!髪色・ネイル新着,株式会社ONE LOOK,東京都,"月給23万5,000円",正社員,飲食,求人ボックス,https://xn--pckua2a7gp15o89zb.com/jbn/cdeeb77ec6f57b7e219f933c315435b4,True,14時間前,2026-10-03 04:48:17,東京都
事務職／営業事務／未経験者歓迎／年間休日120日以上／交通費全額支給／ネイル・ピアスOK新着,20代30代の,東京都,"月給22万4,000円",正社員,飲食,求人ボックス,https://xn--pckua2a7gp15o89zb.com/jbn/24a5d8509bf2a2dcca76d13fcf8b55d6,True,6時間前,2026-10-03 04:48:20,東京都
オフィススタッフ／職種未経験歓迎／年間休日120日以上／完全週休2日制新着,20代30代の,東京都,月給20万円～50万円,正社員,飲食,求人ボックス,https://xn--pckua2a7gp15o89zb.com/jbn/72bbfe0aa25205cd3ea649a076625e7f,True,6時間前,2026-10-03 04:48:20,東京都
事務職／総務事務／ネイル・ピアス自由／年間休日125日以上／在宅あり／未経験者でも安心スタート新着,20代30代の,東京都,"月給22万3,000円",正社員,飲食,求人ボックス,https://xn--pckua2a7gp15o89zb.com/jbn/af1805ffbf7605ab9a0e801f6cd7503a,True,6時間前,2026-10-03 04:48:20,東京都
オフィススタッフ／年間休日120日以上／充実の研修で安心スタート!／福利厚生充実新着,20代30代の,東京都,"月給21万9,000円",正社員,飲食,求人ボックス,https://xn--pckua2a7gp15o89zb.com/jbn/dbe1840dbba6fbbf89699b074f083909,True,6時間前,2026-10-03 04:48:20,東京都
オフィススタッフ／職種未経験歓迎／充実の研修で安心スタート!／教育体制あり新着,20代30代の,東京都,"月給20万5,000円",正社員,飲食,求人ボックス,https://xn--pckua2a7gp15o89zb.com/jbn/631ee8cb4c201ed49a2c220a3924c5fa,True,6時間前,2026-10-03 04:48:20,東京都
オフィススタッフ／充実の研修で安心スタート!／職種未経験歓迎／教育体制あり新着,<活かせる経験> 事務やデータ入力の業務経験 Excelスキル、PCの基本操作充実のスキルサポート体制があるため、アパレル販売、,東京都,"月給21万9,000円",正社員,飲食,求人ボックス,https://xn--pckua2a7gp15o89zb.com/jbn/bdef6db4ded115d6ea465d89fde24f38,True,6時間前,2026-10-03 04:48:20,東京都
オフィススタッフ／年間休日120日以上／職種未経験歓迎／充実の研修で安心スタート新着,20代30代の,東京都,"月給22万4,000円",正社員,飲食,求人ボックス,https://xn--pckua2a7gp15o89zb.com/jbn/20150d74b2b209486b53d4f8e71465e5,True,6時間前,2026-10-03 04:48:24,東京都
事務職／総務事務／20代未経験歓迎／土日祝休み／ピアスOk／ネイルOK新着,スタッフ,東京都,月給20万円～50万円,正社員,飲食,求人ボックス,https://xn--pckua2a7gp15o89zb.com/jbn/da44956e9ddf9ef072611724862913b6,True,6時間前,2026-10-03 04:48:24,東京都
携帯ショップの受付スタッフ／月給28万円／賞与あり／社会保険完備／交通費支給新着,株式会社FFU,東京都,月給28万円,正社員,飲食,求人ボックス,https://xn--pckua2a7gp15o89zb.com/jbn/5e8964ef91d86726e08bc001d05f617e,True,21時間前,2026-10-03 04:48:24,東京都
「夜勤・アプリ配車タクシードライバー」二種免許不要／月収40万以上／未経験歓迎新着,飲食,東京都,"月給40万4,000円",正社員,飲食,求人ボックス,https://xn--pckua2a7gp15o89zb.com/jbn/78670b828134ae0f10b54ac4e7e4de8d,True,10時間前,2026-10-03 04:48:24,東京都
フォークリフト作業／時給1800円～×実働7.5h／土日祝休み／週4日勤務もOK／日・週払いOK新着,株式会社ノース,東京都,時給1800円～,正社員,飲食,求人ボックス,https://xn--pckua2a7gp15o89zb.com/jbn/43b7f2935301d9da5fff0a760ec3603d,True,20時間前,2026-10-03 04:48:24,東京都
データ入力・事務／教育体制あり／福利厚生充実／充実の研修で安心スタート新着,<異業種からの転職者も活躍中!>アパレル販売、,東京都,月給20万500円,正社員,飲食,求人ボックス,https://xn--pckua2a7gp15o89zb.com/jbn/ff1b9ede668bc725e3872909350e21e2,True,8時間前,2026-10-03 04:48:24,東京都
「受付・データ入力スタッフ「OA事務」丁寧な教育体制／完全週休2日制／充実の研修で安心スタート新着,アパレル販売、,東京都,月給21万円～50万円,正社員,飲食,求人ボックス,https://xn--pckua2a7gp15o89zb.com/jbn/e9e3557544baef2c1c47f34ed82304dc,True,6時間前,2026-10-03 04:48:24,東京都
「デスクワーク」／事務スタッフ／完全週休2日制／第二新卒歓迎／充実の研修で安心スタート!／高収入新着,アパレル販売、,東京都,"月給21万9,000円",正社員,飲食,求人ボックス,https://xn--pckua2a7gp15o89zb.com/jbn/c5937a6cc3eac3b654ee00aaf761051a,True,6時間前,2026-10-03 04:48:24,東京都
「事務アシスタント」／充実の研修で安心スタート!／教育体制あり／年間休日120日以上／高収入新着,アパレル販売、,東京都,月給23万円～50万円,正社員,飲食,求人ボックス,https://xn--pckua2a7gp15o89zb.com/jbn/d59d6cff2b52e899cfb19fb3055b4411,True,6時間前,2026-10-03 04:48:28,東京都
事務正社員／充実の研修で安心スタート!／丁寧な教育体制／完全週休2日制／教育体制あり新着,<異業種からの転職者も活躍中!>アパレル販売、,東京都,月給22万500円,正社員,飲食,求人ボックス,https://xn--pckua2a7gp15o89zb.com/jbn/59da7f5a57adac3a60ed3ef05e0f9cf8,True,8時間前,2026-10-03 04:48:28,東京都
「受付・データ入力スタッフ「OA事務」充実の研修で安心スタート!／完全週休2日制／教育体制あり新着,アパレル販売、,東京都,月給23万円～50万円,正社員,飲食,求人ボックス,https://xn--pckua2a7gp15o89zb.com/jbn/67d79d8564d77d403d43549e4f0c5fcc,True,6時間前,2026-10-03 04:48:28,東京都
「事務職」／充実の研修で安心スタート／若い者歓迎／教育体制あり／残業少なめ／サポート業務新着,アパレル販売、,東京都,"月給22万4,000円",正社員,飲食,求人ボックス,https://xn--pckua2a7gp15o89zb.com/jbn/4e2342aee014da8008563e9fcc968621,True,6時間前,2026-10-03 04:48:28,東京都
「オフィスワーク」／事務スタッフ／充実の研修で安心スタート!／完全週休2日制／福利厚生充実新着,アパレル販売、,東京都,"月給22万6,000円",正社員,飲食,求人ボックス,https://xn--pckua2a7gp15o89zb.com/jbn/f07a8b967f4273b732002f0452df9760,True,6時間前,2026-10-03 04:48:28,東京都
データ入力・事務／教育体制あり／土日祝休み／充実の研修で安心スタート新着,20代・30代の若手世代がイキイキと活躍する職場です!接客業、,東京都,"月給22万4,000円",正社員,飲食,求人ボックス,https://xn--pckua2a7gp15o89zb.com/jbn/5e877ee2136133f776878f3706f6f965,True,6時間前,2026-10-03 04:48:28,東京都
「リモート可」未経験採用枠／営業事務／年間休日125日以上新着,スタッフ,東京都,"月給25万1,500円",正社員,飲食,求人ボックス,https://xn--pckua2a7gp15o89zb.com/jbn/c1441d7121ea3b9a1120fe6f5c51785f,True,10時間前,2026-10-03 04:48:28,東京都
「オフィスワーク」／事務スタッフ／充実の研修で安心スタート!／完全週休2日制／教育体制あり新着,前職は美容部員や携帯ショップ店員、,東京都,"月給22万5,000円",正社員,飲食,求人ボックス,https://xn--pckua2a7gp15o89zb.com/jbn/43e27a6ee94b4db7857f794f84596e64,True,6時間前,2026-10-03 04:48:31,東京都
デスクワーク／充実の研修で安心スタート!／完全週休2日制／福利厚生充実新着,<異業種からの転職者も活躍中!>アパレル販売、,東京都,月給23万500円,正社員,飲食,求人ボックス,https://xn--pckua2a7gp15o89zb.com/jbn/8de421589f7bc48abdae6ac7b4e05f50,True,8時間前,2026-10-03 04:48:31,東京都
「事務職」／充実の研修で安心スタート／福利厚生充実／教育体制あり／残業少なめ／サポート業務新着,アパレル販売、,東京都,"月給21万9,000円",正社員,飲食,求人ボックス,https://xn--pckua2a7gp15o89zb.com/jbn/e68e9972f644efcd0f67272c7efcb291,True,6時間前,2026-10-03 04:48:31,東京都
「オフィススタッフ」／充実の研修で安心スタート!／福利厚生充実／年間休日120日以上／残業少なめ新着,アパレル販売、,東京都,"月給22万4,000円",正社員,飲食,求人ボックス,https://xn--pckua2a7gp15o89zb.com/jbn/ba2105f89736821091fa7ea03e89d5c8,True,6時間前,2026-10-03 04:48:31,東京都
事務職／営業事務／残業ほぼなし／産休・育休あり／未経験から安心スタート／ネイル・ピアスOK新着,実際に活躍しているメンバーの前職も、アパレル販売、,東京都,月給20万円～50万円,正社員,飲食,求人ボックス,https://xn--pckua2a7gp15o89zb.com/jbn/dd0c5308b3b85666ecd124bfbaf6f616,True,6時間前,2026-10-03 04:48:31,東京都
オフィススタッフ／年間休日120日以上／完全週休2日制／充実の研修で安心スタート新着,実際に活躍しているメンバーの前職も、アパレル販売、,東京都,月給20万円～50万円,正社員,飲食,求人ボックス,https://xn--pckua2a7gp15o89zb.com/jbn/4702a7f3e3690865e32e6126658d1a43,True,6時間前,2026-10-03 04:48:31,東京都
「デスクワーク」／充実の研修で安心スタート!／マニュアル完備／残業月10時間以下／高収入新着,<前職はさまざま>,東京都,月給23万円～50万円,正社員,飲食,求人ボックス,https://xn--pckua2a7gp15o89zb.com/jbn/23b93ed9e1878a97bc4cb32055f5c30f,True,6時間前,2026-10-03 04:48:31,東京都
「バックオフィススタッフ」／充実の研修で安心スタート!／年間休日120日以上／若い者歓迎／残業少なめ新着,前職は美容部員や携帯ショップ店員、,東京都,"月給22万5,000円",正社員,飲食,求人ボックス,https://xn--pckua2a7gp15o89zb.com/jbn/950def2a7b1c4d6a076c86797be881bf,True,6時間前,2026-10-03 04:48:31,東京都
「事務スタッフ」／福利厚生充実／ブランクOK／充実の研修で安心スタート!／残業少なめ／サポート業務新着,アパレル販売、,東京都,"月給22万5,000円",正社員,飲食,求人ボックス,https://xn--pckua2a7gp15o89zb.com/jbn/ec84daae8bbe878ceaea641d63cd2d09,True,6時間前,2026-10-03 04:48:35,東京都
「事務職」／充実の研修で安心スタート!／福利厚生充実／経験不問／若い者歓迎／残業少なめ新着,スタッフ,東京都,月給23万円～50万円,正社員,飲食,求人ボックス,https://xn--pckua2a7gp15o89zb.com/jbn/6696267a2b4a39d3bbdd2bcae72dbb49,True,6時間前,2026-10-03 04:48:35,東京都
データ入力・事務／教育体制あり／充実の研修で安心スタート!／ブランクOK新着,<異業種からの転職者も活躍中!>アパレル販売、,東京都,月給19万500円,正社員,飲食,求人ボックス,https://xn--pckua2a7gp15o89zb.com/jbn/35b1dd826912ea08d82163557fb5cb6f,True,8時間前,2026-10-03 04:48:35,東京都
「デスクワーク」／充実の研修で安心スタート!／MAX給与50万可能／マニュアル完備新着,<前職はさまざま>,東京都,"月給21万9,000円",正社員,飲食,求人ボックス,https://xn--pckua2a7gp15o89zb.com/jbn/3da008dc7b3be905ca90b8c39970b40d,True,6時間前,2026-10-03 04:48:35,東京都
「バックオフィススタッフ」／財務・事務／充実の研修で安心スタート!／残業月10時間以下／高収入新着,<前職はさまざま>,東京都,"月給22万4,000円",正社員,飲食,求人ボックス,https://xn--pckua2a7gp15o89zb.com/jbn/6c243f813dfb58dbcc56bd8235996cfe,True,6時間前,2026-10-03 04:48:35,東京都
事務正社員／充実の研修で安心スタート!／若手中心／教育体制あり／福利厚生充実新着,<異業種からの転職者も活躍中!>アパレル販売、,東京都,"月給21万5,500円",正社員,飲食,求人ボックス,https://xn--pckua2a7gp15o89zb.com/jbn/cac043b0b55a574b9a41154bb7f32c5e,True,8時間前,2026-10-03 04:48:35,東京都
「データ入力・事務」／教育体制あり／福利厚生充実／充実の研修で安心スタート!／残業少なめ新着,前職は美容部員や携帯ショップ店員、,東京都,"月給22万5,000円",正社員,飲食,求人ボックス,https://xn--pckua2a7gp15o89zb.com/jbn/27287b16748e7a635079b869cff7acda,True,6時間前,2026-10-03 04:48:35,東京都
事務正社員／充実の研修で安心スタート!／丁寧な教育体制／若手中心／完全週休2日制新着,<異業種からの転職者も活躍中!>アパレル販売、,東京都,月給19万500円,正社員,飲食,求人ボックス,https://xn--pckua2a7gp15o89zb.com/jbn/5b46acf834cd8d42e694e6c370f868ba,True,8時間前,2026-10-03 04:48:35,東京都
「受付・データ入力スタッフ「OA事務」丁寧な教育体制／充実の研修で安心スタート!／福利厚生充実新着,アパレル販売、,東京都,月給23万円～50万円,正社員,飲食,求人ボックス,https://xn--pckua2a7gp15o89zb.com/jbn/68c00426b7c9412f29a25718fa3e69e9,True,6時間前,2026-10-03 04:48:39,東京都
事務職／総務事務／ネイル・ピアス自由／育休取得実績あり／20〜30代女性が活躍中／服装髪型自由新着,これまでの学歴や職歴、ブランクは一切問いません。ハローワークで求職中の方も大歓迎です。アパレル販売、,東京都,"月給22万5,000円",正社員,飲食,求人ボックス,https://xn--pckua2a7gp15o89zb.com/jbn/a6a78137c6f9425c87a34897f73b0fbf,True,6時間前,2026-10-03 04:48:39,東京都
「事務職」／充実の研修で安心スタート!／教育体制あり／営業事務／残業月10時間以下／高収入新着,<前職はさまざま>,東京都,月給23万円～50万円,正社員,飲食,求人ボックス,https://xn--pckua2a7gp15o89zb.com/jbn/3689bc6ad870e74ef641554ee704265e,True,6時間前,2026-10-03 04:48:39,東京都
「オフィススタッフ」／充実の研修で安心スタート!／福利厚生充実／職種未経験歓迎／残業少なめ新着,前職は美容部員や携帯ショップ店員、,東京都,"月給21万5,000円",正社員,飲食,求人ボックス,https://xn--pckua2a7gp15o89zb.com/jbn/e7b05f24e621564ff5789072caac94a9,True,6時間前,2026-10-03 04:48:39,東京都
「デスクワーク」／事務スタッフ／完全週休2日制／教育体制あり／充実の研修で安心スタート!／高収入新着,アパレル販売、,東京都,"月給22万4,000円",正社員,飲食,求人ボックス,https://xn--pckua2a7gp15o89zb.com/jbn/48ae2ddd60688a47ec11552f4020ccfb,True,6時間前,2026-10-03 04:48:39,東京都
オフィスワーク／年間休日120日以上／充実の研修で安心スタート!／福利厚生充実新着,<異業種からの転職者も活躍中!>アパレル販売、,東京都,月給21万500円,正社員,飲食,求人ボックス,https://xn--pckua2a7gp15o89zb.com/jbn/1048b5399f2a2223ad159740033a2711,True,8時間前,2026-10-03 04:48:39,東京都
事務職／総務事務／ネイル・ピアス自由／年間休日125日以上／残業ほぼなし／未経験からチャレンジ可能新着,20代・30代の若手世代がイキイキと活躍する職場です!接客業、,東京都,"月給22万4,000円",正社員,飲食,求人ボックス,https://xn--pckua2a7gp15o89zb.com/jbn/d158ab84e5214bf3e5a623205b393d11,True,6時間前,2026-10-03 04:48:39,東京都
事務正社員／充実の研修で安心スタート!／丁寧な教育体制／福利厚生充実／若手中心新着,<異業種からの転職者も活躍中!>アパレル販売、,東京都,月給19万500円,正社員,飲食,求人ボックス,https://xn--pckua2a7gp15o89zb.com/jbn/c6eda629d3fe0fd871612f26ced94e45,True,8時間前,2026-10-03 04:48:39,東京都
データ入力・事務／充実の研修で安心スタート!／ブランクOK／福利厚生充実新着,<異業種からの転職者も活躍中!>アパレル販売、,東京都,"月給21万5,500円",正社員,飲食,求人ボックス,https://xn--pckua2a7gp15o89zb.com/jbn/c872a8dce5649c3dc2ef10014444ac6a,True,8時間前,2026-10-03 04:48:41,東京都
オフィススタッフ／職種未経験歓迎／充実の研修で安心スタート!／若手中心新着,20代・30代の若手世代がイキイキと活躍する職場です!接客業、,東京都,"月給21万5,000円",正社員,飲食,求人ボックス,https://xn--pckua2a7gp15o89zb.com/jbn/e2cd980234db71cb47c98488e3646b44,True,6時間前,2026-10-03 04:48:41,東京都
データ入力・事務／充実の研修で安心スタート!／福利厚生充実／教育体制あり新着,<異業種からの転職者も活躍中!>アパレル販売、,東京都,月給23万500円,正社員,飲食,求人ボックス,https://xn--pckua2a7gp15o89zb.com/jbn/a64adcabd09bf77ca771ad367039f6e2,True,8時間前,2026-10-03 04:48:41,東京都
「事務アシスタント」／20代活躍中／完全週休2日制／年間休日120日以上／高収入新着,前職は美容部員や携帯ショップ店員、,東京都,月給23万円～50万円,正社員,飲食,求人ボックス,https://xn--pckua2a7gp15o89zb.com/jbn/2e8fc5e920c682cfd6a2c5e1dfc178df,True,6時間前,2026-10-03 04:48:41,東京都
事務職／服装・髪型自由／ネイル・ピアスOK／年間休日124日以上／総務事務／残業ほぼなし新着,<歓迎スキル・経験>・PC基本操作/Excelスキル・データ入力業務/事務職の経験スキルサポート体制が整っているため、販売員、,東京都,"月給22万5,000円",正社員,飲食,求人ボックス,https://xn--pckua2a7gp15o89zb.com/jbn/adb0cd5695ba2ebf5ef5e2daa9d5f78d,True,6時間前,2026-10-03 04:48:41,東京都
「バックオフィススタッフ」／未経験でも安心／教育体制あり／充実の研修で安心スタート!／残業少なめ新着,アパレル販売、,東京都,"月給22万6,000円",正社員,飲食,求人ボックス,https://xn--pckua2a7gp15o89zb.com/jbn/c5d4a4eee9ff6f00f54d65ed3b6cc690,True,6時間前,2026-10-03 04:48:41,東京都
「事務アシスタント」／充実の研修で安心スタート!／福利厚生充実／年間休日120日以上／高収入新着,アパレル販売、,東京都,"月給22万3,000円",正社員,飲食,求人ボックス,https://xn--pckua2a7gp15o89zb.com/jbn/91939d0eff2956acfe7a98e434fb693f,True,6時間前,2026-10-03 04:48:41,東京都
「事務職」／充実の研修で安心スタート!／若い者歓迎／経験不問／完全週休2日制／残業少なめ新着,アパレル販売、,東京都,月給23万円～50万円,正社員,飲食,求人ボックス,https://xn--pckua2a7gp15o89zb.com/jbn/e7a1e6846a03491b81acda92de843855,True,6時間前,2026-10-03 04:48:46,東京都
事務正社員／充実の研修で安心スタート!／若手中心／福利厚生充実／未経験OK新着,<異業種からの転職者も活躍中!>アパレル販売、,東京都,月給21万500円,正社員,飲食,求人ボックス,https://xn--pckua2a7gp15o89zb.com/jbn/f31cd5088b2e282ec9307938efec1e36,True,8時間前,2026-10-03 04:48:46,東京都
オフィススタッフ／職種未経験歓迎／若手中心／充実の研修で安心スタート新着,スタッフ,東京都,"月給22万6,000円",正社員,飲食,求人ボックス,https://xn--pckua2a7gp15o89zb.com/jbn/2246a9c2c6a93c5035b50cd113a00baa,True,6時間前,2026-10-03 04:48:46,東京都
オフィススタッフ／年間休日120日以上／完全週休2日制／職種未経験歓迎新着,20代・30代の若手世代がイキイキと活躍する職場です!接客業、,東京都,"月給22万5,000円",正社員,飲食,求人ボックス,https://xn--pckua2a7gp15o89zb.com/jbn/3f8a6af3fede920d58e05cb4c1822836,True,6時間前,2026-10-03 04:48:46,東京都
事務正社員／充実の研修で安心スタート!／若手中心／未経験OK／福利厚生充実新着,<異業種からの転職者も活躍中!>アパレル販売、,東京都,月給22万500円,正社員,飲食,求人ボックス,https://xn--pckua2a7gp15o89zb.com/jbn/9d32568841163e9f3a3062626abcf8b4,True,8時間前,2026-10-03 04:48:46,東京都
「オフィススタッフ」／充実の研修で安心スタート!／職種未経験歓迎／完全週休2日制／残業少なめ新着,アパレル販売、,東京都,"月給22万5,000円",正社員,飲食,求人ボックス,https://xn--pckua2a7gp15o89zb.com/jbn/61a52f80b7130c52c6aca9b20437df3e,True,6時間前,2026-10-03 04:48:46,東京都
事務職／一般事務／年間休日125日／20代歓迎!／残業ほぼなし／賞与・昇給あり新着,20代・30代の若手世代がイキイキと活躍する職場です!接客業、,東京都,"月給22万5,000円",正社員,飲食,求人ボックス,https://xn--pckua2a7gp15o89zb.com/jbn/4aa2b954b20e165b3ce1dad6f39fb8d0,True,6時間前,2026-10-03 04:48:46,東京都
事務正社員／充実の研修で安心スタート!／未経験OK／丁寧な教育体制／教育体制あり新着,<異業種からの転職者も活躍中!>アパレル販売、,東京都,月給23万500円,正社員,飲食,求人ボックス,https://xn--pckua2a7gp15o89zb.com/jbn/73ed804332afa26cb38fac0210562d00,True,8時間前,2026-10-03 04:48:46,東京都
特別養護老人ホームでの介護職 派遣介護士／夜勤のみ／日払い・週払い新着,株式会社グッドネクスト,千葉県,"時給1,700円",派遣社員,介護,求人ボックス,https://xn--pckua2a7gp15o89zb.com/jb/bc273b884be382adbc4a829fa45fdf16,True,22時間前,2026-10-03 04:48:28,千葉県
介護職で正社員に!育児世代も安心の環境新着,株式会社創生事業団,千葉県,月給22万円,正社員,介護,求人ボックス,https://xn--pckua2a7gp15o89zb.com/jb/decba7369e5342c8be07678c256055fb,True,13時間前,2026-10-03 04:48:28,千葉県
週3日～ × 日勤のみOK!可能 介護職新着,株式会社ジャストファイン,千葉県,"時給1,650円～1,800円",派遣社員,介護,求人ボックス,https://xn--pckua2a7gp15o89zb.com/jb/27297751a0860e71abe8e1749afcc4ca,True,11時間前,2026-10-03 04:48:29,千葉県
介護老人保健施設の介護職・ヘルパー／最寄り駅から徒歩10分新着,jobフレンド,千葉県,"月給21万7,000円",正社員,介護,求人ボックス,https://xn--pckua2a7gp15o89zb.com/jb/071bec958c2daa0b12277defda6810ed,True,22時間前,2026-10-03 04:48:29,千葉県
ヘルパー・介護職／老人デイサービスセンター／社会保険完備／福利厚生充実新着,株式会社DYMキャリア,千葉県,"時給1,500円～2,150円",派遣社員,介護,求人ボックス,https://xn--pckua2a7gp15o89zb.com/jb/2c967207271905cd5fae8ed9db23a528,True,20時間前,2026-10-03 04:48:33,千葉県
介護施設の介護職新着,介護,千葉県,"月給27万1,000円",正社員,介護,求人ボックス,https://xn--pckua2a7gp15o89zb.com/jb/1fc807bf52dc50a80e61b41872c7f9e1,True,2時間前,2026-10-03 04:48:36,千葉県
高齢者グループホームの介護職新着,介護,千葉県,"月給26万8,000円",正社員,介護,求人ボックス,https://xn--pckua2a7gp15o89zb.com/jb/d79950228751f201e8c3c3ce37793669,True,2時間前,2026-10-03 04:48:36,千葉県
病院の介護職新着,介護,千葉県,月給26万円～34万円,正社員,介護,求人ボックス,https://xn--pckua2a7gp15o89zb.com/jb/192c3fb153e59378902842e97f0caca0,True,2時間前,2026-10-03 04:48:36,千葉県
医療／福祉施設の介護職新着,介護,千葉県,月給33万円～38万円,正社員,介護,求人ボックス,https://xn--pckua2a7gp15o89zb.com/jb/c466de471b2f209ad2803027b5e8025a,True,2時間前,2026-10-03 04:48:40,千葉県
デイサービスの介護職新着,介護,千葉県,"月給25万1,000円",正社員,介護,求人ボックス,https://xn--pckua2a7gp15o89zb.com/jb/6b8fec1195e5000a66b81208a870779b,True,2時間前,2026-10-03 04:48:40,千葉県
有料老人ホームの介護職新着,介護,千葉県,"月給26万2,000円",正社員,介護,求人ボックス,https://xn--pckua2a7gp15o89zb.com/jb/eced53368b6a4deb36091f36131c1db6,True,2時間前,2026-10-03 04:48:42,千葉県
小規模デイサービスの介護職新着,介護,千葉県,月給25万354円,正社員,介護,求人ボックス,https://xn--pckua2a7gp15o89zb.com/jb/91760c67607311d543469ff8ad2ec425,True,2時間前,2026-10-03 04:48:42,千葉県
住宅型有料老人ホームの介護職新着,介護,千葉県,月給26万円～49万円,正社員,介護,求人ボックス,https://xn--pckua2a7gp15o89zb.com/jb/1eca39c7657b6dd797ae5bc459c543b4,True,2時間前,2026-10-03 04:48:47,千葉県
介護老人保健施設の介護職新着,介護,千葉県,"月給25万1,000円",正社員,介護,求人ボックス,https://xn--pckua2a7gp15o89zb.com/jb/e8d05e9b0b96484c04a4ea895aa3728b,True,2時間前,2026-10-03 04:48:47,千葉県
サービス付き高齢者向け住宅の介護職新着,介護,千葉県,月給30万円～35万円,正社員,介護,求人ボックス,https://xn--pckua2a7gp15o89zb.com/jb/5720ad7e9618467eb930429bad8c491c,True,2時間前,2026-10-03 04:48:50,千葉県
特別養護老人ホームの介護職新着,介護,千葉県,月給25万500円,正社員,介護,求人ボックス,https://xn--pckua2a7gp15o89zb.com/jb/753bfbd4fa817eb834d79ee8e9e46e70,True,2時間前,2026-10-03 04:48:50,千葉県
20～40代活躍中／時間を選べる介護職 家庭と両立できる介護度が低い飯...新着,株式会社マンキャピタル,千葉県,"時給1,900円～2,100円",派遣社員,介護,求人ボックス,https://xn--pckua2a7gp15o89zb.com/jb/b75798d288a1e3a5d9a416880fbb946b,True,13時間前,2026-10-03 04:48:53,千葉県
介護職・ヘルパー／ここち習志野新着,株式会社ベネッセスタイルケア,千葉県,"月給35万2,450円",正社員,介護,求人ボックス,https://xn--pckua2a7gp15o89zb.com/jb/c67a17ddb798c6918d8a73d4a9e8e245,True,11時間前,2026-10-03 04:48:53,千葉県
訪問介護スタッフ／日勤／実務者研修／ヘルパー1級／介護職／介護士新着,ケアリッツ八柱,千葉県,"月給27万5,000円",正社員,介護,求人ボックス,https://xn--pckua2a7gp15o89zb.com/jb/f0e2c51e8dbcd9efe3ae2a7f8921d383,True,4時間前,2026-10-03 04:48:56,千葉県
社会保険完備の職場で介護職／ヘルパー新着,和ぐみヘルパーステーション布佐,千葉県,月給25万円～,正社員,介護,求人ボックス,https://xn--pckua2a7gp15o89zb.com/jb/5204db4349e9f2ef97532bc160cc2781,True,7時間前,2026-10-03 04:48:56,千葉県
訪問介護スタッフ／日勤／実務者研修／ヘルパー1級／介護職／介護士新着,ケアリッツ市川大野,千葉県,"月給27万5,000円",正社員,介護,求人ボックス,https://xn--pckua2a7gp15o89zb.com/jb/bc40e8b24f1c1ada0da32fe1f40b6acc,True,4時間前,2026-10-03 04:48:56,千葉県
クリニックの受付及び医療事務／週2日・3日から勤務OK／駅近クリニック新着,南流山駅前クリニック,千葉県,"時給1,200円",アルバイト・パート,医療事務,求人ボックス,https://xn--pckua2a7gp15o89zb.com/jb/8c5ae5f993de150ab529a5cf3358034e,True,18時間前,2026-10-03 04:48:34,千葉県
医療事務／正／調剤事務スタッフ! 経験者歓迎新着,株式会社アシスト,千葉県,月給23万円～30万円,正社員,医療事務,求人ボックス,https://xn--pckua2a7gp15o89zb.com/jb/bf61aec48a7a21f682bdf3e86d0b7110,True,23時間前,2026-10-03 04:48:34,千葉県
医療事務／クリニック新着,こもりや循環器内科クリニック,千葉県,月給20万円,正社員,医療事務,求人ボックス,https://xn--pckua2a7gp15o89zb.com/jb/f4cb27ef7d377cee03720c7533e102bc,True,10時間前,2026-10-03 04:48:35,千葉県
医療事務／クリニック新着,諏訪の杜整形外科,千葉県,"月給19万8,000円",正社員,医療事務,求人ボックス,https://xn--pckua2a7gp15o89zb.com/jb/207c590b4f6803cb333f8d8896b7a32e,True,10時間前,2026-10-03 04:48:35,千葉県
賞与年2回／医療事務未経験OK／有料老人ホームでの受付・事務新着,株式会社アンビス,千葉県,"月給26万6,700円",正社員,医療事務,求人ボックス,https://xn--pckua2a7gp15o89zb.com/jb/e992965bbcc5fdd25140fd6d250b7576,True,13時間前,2026-10-03 04:48:38,千葉県
医療事務／クリニック新着,株式会社メディカルサポート キッズクリニックおお...,千葉県,"時給1,200円～",アルバイト・パート,医療事務,求人ボックス,https://xn--pckua2a7gp15o89zb.com/jb/2e082c19840ab1355015cbb0b78823f0,True,10時間前,2026-10-03 04:48:38,千葉県
医療事務／クリニック新着,医療法人社団雄渓会 市川コルトンクリニック,千葉県,月給25万円～35万円,正社員,医療事務,求人ボックス,https://xn--pckua2a7gp15o89zb.com/jb/f56297645dd643f60f608423795c0df2,True,9時間前,2026-10-03 04:48:38,千葉県
調剤薬局の 医療事務 残業ほぼなし 月8～10日お休み新着,株式会社ヤスイ,千葉県,月給22万円,正社員,医療事務,求人ボックス,https://xn--pckua2a7gp15o89zb.com/jb/ad5087fd8b57ea73c634cbd743c071ba,True,18時間前,2026-10-03 04:48:42,千葉県
医療事務／療養型病院新着,医療法人社団葵会 千葉・柏リハビリテーション病院,千葉県,"月給14万8,100円",正社員,医療事務,求人ボックス,https://xn--pckua2a7gp15o89zb.com/jb/6d52ff82979fd26e6a43e54975e9ed9c,True,10時間前,2026-10-03 04:48:42,千葉県
医療事務／クリニック新着,医療法人社団恵眼会 滝澤眼科,千葉県,"月給21万6,000円",正社員,医療事務,求人ボックス,https://xn--pckua2a7gp15o89zb.com/jb/3730689ea764d26a9e5ad88c665a67fb,True,10時間前,2026-10-03 04:48:42,千葉県
医療事務／クリニック新着,医療法人社団NCのへクリニック,千葉県,"時給1,200円～",アルバイト・パート,医療事務,求人ボックス,https://xn--pckua2a7gp15o89zb.com/jb/7ae947864021abf6295bd368b3cac2fb,True,10時間前,2026-10-03 04:48:42,千葉県
医療事務／クリニック新着,医療法人社団蒔北会 まきた眼科 木更津院,千葉県,"時給1,195円～",アルバイト・パート,医療事務,求人ボックス,https://xn--pckua2a7gp15o89zb.com/jb/43103c58aab28c0d0a0466cd0b687859,True,9時間前,2026-10-03 04:48:46,千葉県
医療事務・無資格可の医療事務／受付新着,浮谷クリニック,千葉県,"時給1,230円～",アルバイト・パート,医療事務,求人ボックス,https://xn--pckua2a7gp15o89zb.com/jb/333002784c50ff0a7bfe3a4365a3c0ea,True,7時間前,2026-10-03 04:48:46,千葉県
医療関係業務 ／ 受付／制服あり 長期 医療事務 NO残業新着,パーソルテンプスタッフ株式会社,千葉県,"時給1,550円～1,600円",派遣社員,医療事務,求人ボックス,https://xn--pckua2a7gp15o89zb.com/jb/fc477c34a738bf97d6b0218556d2a556,True,18時間前,2026-10-03 04:48:46,千葉県
総合病院 医療事務・レセコン入力新着,マンパワーグループ株式会社,千葉県,"時給1,600円",派遣社員,医療事務,求人ボックス,https://xn--pckua2a7gp15o89zb.com/jb/0443948a9f10b341719a2f6333fc4f62,True,8時間前,2026-10-03 04:48:48,千葉県
医療事務新着,日新眼科,千葉県,月給20万500円,正社員,医療事務,求人ボックス,https://xn--pckua2a7gp15o89zb.com/jb/f6c82a657cdfecfdd1dd53505e791a8e,True,12時間前,2026-10-03 04:48:48,千葉県
医療事務+ 受付・案内業務新着,株式会社リクルートスタッフィング,千葉県,"時給1,500円～",派遣社員,医療事務,求人ボックス,https://xn--pckua2a7gp15o89zb.com/jb/57bab5a77cbef79bd11d660516c4ebf8,True,20時間前,2026-10-03 04:48:48,千葉県
医療事務／一般病院新着,医療法人社団弥生会 旭神経内科リハビリテーション...,千葉県,"月給22万3,450円",正社員,医療事務,求人ボックス,https://xn--pckua2a7gp15o89zb.com/jb/0f0a86af9e795efb1935ca3962f20f83,True,10時間前,2026-10-03 04:48:52,千葉県
クリニックでの受付対応新着,株式会社CAREER,千葉県,"時給1,400円",派遣社員,医療事務,求人ボックス,https://xn--pckua2a7gp15o89zb.com/jb/798c2e159456cf2b1fc201ec17db818d,True,10時間前,2026-10-03 04:48:52,千葉県
事務職／充実の研修で安心スタート!／福利厚生充実／経験不問／完全週休2日制新着,事務・,千葉県,月給21万500円,正社員,医療事務,求人ボックス,https://xn--pckua2a7gp15o89zb.com/jbn/511099edb25a69a3b4611156fc4db13f,True,8時間前,2026-10-03 04:48:52,千葉県
受付・データ入力スタッフ／充実の研修で安心スタート!／若手中心／福利厚生充実新着,事務,千葉県,"月給21万5,500円",正社員,医療事務,求人ボックス,https://xn--pckua2a7gp15o89zb.com/jbn/0a1219486bc9bed62ac1e2ccb65c2e86,True,8時間前,2026-10-03 04:48:55,千葉県
受付・データ入力スタッフ／充実の研修で安心スタート!／若手中心／未経験OK新着,安定した環境で長く働ける,千葉県,"月給21万5,500円",正社員,医療事務,求人ボックス,https://xn--pckua2a7gp15o89zb.com/jbn/3edd8fd471cdb86aea1e91f7bc216669,True,8時間前,2026-10-03 04:48:55,千葉県
事務職／一般事務／30代未経験歓迎／育休取得実績あり／駅近勤務で通勤便利／昇給あり新着,事務,千葉県,"月給22万4,000円",正社員,医療事務,求人ボックス,https://xn--pckua2a7gp15o89zb.com/jbn/c3be256700235764846e7ec41f3843f5,True,6時間前,2026-10-03 04:48:55,千葉県
受付・データ入力スタッフ／充実の研修で安心スタート!／若手中心／完全週休2日制新着,事務・,千葉県,"月給21万5,500円",正社員,医療事務,求人ボックス,https://xn--pckua2a7gp15o89zb.com/jbn/1974b3a4fc59166e1fb1d027cd32b291,True,8時間前,2026-10-03 04:48:55,千葉県
事務職／充実の研修で安心スタート!／若手中心／完全週休2日制／福利厚生充実新着,事務,千葉県,月給19万500円,正社員,医療事務,求人ボックス,https://xn--pckua2a7gp15o89zb.com/jbn/325b5fe202b98436be56cce7b4f68298,True,8時間前,2026-10-03 04:48:55,千葉県
事務職／充実の研修で安心スタート!／福利厚生充実／経験不問／教育体制あり新着,事務,千葉県,"月給22万3,000円",正社員,医療事務,求人ボックス,https://xn--pckua2a7gp15o89zb.com/jbn/4dab7b3733664df2773aa5955aea09fa,True,6時間前,2026-10-03 04:48:58,千葉県
受付・データ入力スタッフ／充実の研修で安心スタート!／未経験OK／若手中心新着,事務・,千葉県,"月給21万5,500円",正社員,医療事務,求人ボックス,https://xn--pckua2a7gp15o89zb.com/jbn/5774d6003f3820ca9abd4193a4d6abb0,True,8時間前,2026-10-03 04:48:58,千葉県
バックオフィススタッフ／未経験でも安心／完全週休2日制／充実の研修で安心スタート新着,安定した環境で長く働ける,千葉県,月給19万500円,正社員,医療事務,求人ボックス,https://xn--pckua2a7gp15o89zb.com/jbn/d5819744486ec480c399557978a83da1,True,8時間前,2026-10-03 04:48:58,千葉県
事務職／充実の研修で安心スタート!／経験不問／完全週休2日制／教育体制あり新着,事務,千葉県,"月給20万5,000円",正社員,医療事務,求人ボックス,https://xn--pckua2a7gp15o89zb.com/jbn/000cd13f3254de592b56665cb42d841d,True,6時間前,2026-10-03 04:49:01,千葉県
事務職／充実の研修で安心スタート!／福利厚生充実／教育体制あり／経験不問新着,事務,千葉県,"月給22万4,000円",正社員,医療事務,求人ボックス,https://xn--pckua2a7gp15o89zb.com/jbn/fe1adf94a251f47a99ebda69c96bebc1,True,6時間前,2026-10-03 04:49:01,千葉県
認可保育所での保育業務／派遣保育士／勤務日相談可／日払い・週払い新着,株式会社グッドネクスト,千葉県,"時給1,700円",派遣社員,保育,求人ボックス,https://xn--pckua2a7gp15o89zb.com/jb/5a9331a3139e501e2139a89fea04b458,True,22時間前,2026-10-03 04:48:49,千葉県
児童発達支援での保育士新着,株式会社クラ・ゼミ コペルプラス四街道教室,千葉県,"月給29万5,000円",正社員,保育,求人ボックス,https://xn--pckua2a7gp15o89zb.com/jb/c7ada355f961b677a40e7dd8a394312d,True,9時間前,2026-10-03 04:48:49,千葉県
「すぐに働き始められます」／民間学童の保育士／未経験歓迎／持ち帰り行事...新着,保育士,千葉県,"時給1,300円～1,500円",アルバイト・パート,保育,求人ボックス,https://xn--pckua2a7gp15o89zb.com/jbn/f814d6f1af22d3157812677935c64bc8,True,16時間前,2026-10-03 04:48:50,千葉県
「性別を問わず活躍中」／保育士／ピアノ苦手OK／未経験歓迎新着,保育士,千葉県,"時給1,300円～1,500円",アルバイト・パート,保育,求人ボックス,https://xn--pckua2a7gp15o89zb.com/jbn/4cc8689f4db6e21ec8a68f8347a70402,True,16時間前,2026-10-03 04:48:50,千葉県
「もう一度保育の仕事を始めたい方に」／事業所内保育園の保育士新着,保育,千葉県,月給27万円～36万円,正社員,保育,求人ボックス,https://xn--pckua2a7gp15o89zb.com/jbn/de847555670fe6c67a65e4220896aafb,True,16時間前,2026-10-03 04:48:50,千葉県
「予定を立てやすい働き方」／認定こども園の保育士／ICT導入で書類業務...新着,保育士,千葉県,"時給1,300円～1,500円",アルバイト・パート,保育,求人ボックス,https://xn--pckua2a7gp15o89zb.com/jbn/e8287040221ba0abec3da539c4be1f25,True,16時間前,2026-10-03 04:48:50,千葉県
「性別を問わず活躍中」／民間学童の保育士／持ち帰り行事なし新着,保育士,千葉県,"時給1,300円～1,500円",アルバイト・パート,保育,求人ボックス,https://xn--pckua2a7gp15o89zb.com/jbn/c330226d857d3a16c267524d52ae3b49,True,16時間前,2026-10-03 04:48:53,千葉県
「離れていた時間は問いません」／認可保育園の保育士／ブランク歓迎新着,保育,千葉県,"時給1,300円～1,500円",アルバイト・パート,保育,求人ボックス,https://xn--pckua2a7gp15o89zb.com/jbn/43e5c475c567a6f09462366d0cc150c7,True,16時間前,2026-10-03 04:48:56,千葉県
認定こども園の保育士／未経験歓迎／丁寧な研修あり／社会保険完備新着,保育士,千葉県,"時給1,300円～1,500円",アルバイト・パート,保育,求人ボックス,https://xn--pckua2a7gp15o89zb.com/jbn/aa18455b3929c5c3b6f7f93331f04fcf,True,16時間前,2026-10-03 04:48:56,千葉県
小規模保育園の保育士／未経験歓迎／研修充実／働きやすい環境新着,保育,千葉県,"時給1,300円～1,500円",アルバイト・パート,保育,求人ボックス,https://xn--pckua2a7gp15o89zb.com/jbn/f166e231b38d3ba13ef604ae3e6757ff,True,16時間前,2026-10-03 04:48:56,千葉県
「息切れせず続けられる職場」／認可保育園の保育士／複数担任制新着,保育,千葉県,"時給1,300円～1,500円",アルバイト・パート,保育,求人ボックス,https://xn--pckua2a7gp15o89zb.com/jbn/bada6a4c230060f0508ea25900878138,True,16時間前,2026-10-03 04:49:00,千葉県
保育士／未経験歓迎／研修充実／サポート体制充実／福利厚生充実新着,保育士,千葉県,月給27万円～36万円,正社員,保育,求人ボックス,https://xn--pckua2a7gp15o89zb.com/jbn/632e79c9b19c6dd7d92c42ed8aff5673,True,16時間前,2026-10-03 04:49:00,千葉県
「子育てが落ち着いた方も歓迎」／認可保育園の保育士／複数担任制新着,保育,千葉県,月給27万円～36万円,正社員,保育,求人ボックス,https://xn--pckua2a7gp15o89zb.com/jbn/319daa73d79b4457a2ac0027558b515e,True,16時間前,2026-10-03 04:49:00,千葉県
「もう一度保育士として活躍したい方に」／認定こども園の保育士新着,保育士,千葉県,月給27万円～36万円,正社員,保育,求人ボックス,https://xn--pckua2a7gp15o89zb.com/jbn/1baeb7f2e368acecaf8a4ab16fe70d71,True,16時間前,2026-10-03 04:49:04,千葉県
「オンとオフを切り替えやすい」／保育士／ピアノ苦手OK／研修充実新着,保育士,千葉県,"時給1,300円～1,500円",アルバイト・パート,保育,求人ボックス,https://xn--pckua2a7gp15o89zb.com/jbn/1902aa6dddbc14ed14a5dd9519228f71,True,16時間前,2026-10-03 04:49:04,千葉県
「もう一度保育の経験を活かして働く」／小規模保育園の保育士新着,保育,千葉県,月給27万円～36万円,正社員,保育,求人ボックス,https://xn--pckua2a7gp15o89zb.com/jbn/89dfc92ce355233ce25e66ff1c341611,True,16時間前,2026-10-03 04:49:08,千葉県
「復帰の不安ごと受け止めます」／小規模保育園の保育士／ブランク歓迎新着,保育,千葉県,"時給1,300円～1,500円",アルバイト・パート,保育,求人ボックス,https://xn--pckua2a7gp15o89zb.com/jbn/7c1a3002cbf1200eb3f86732080ccd97,True,16時間前,2026-10-03 04:49:11,千葉県
「もう一度、資格を活かしませんか」／認定こども園の保育士／ブランクOK新着,保育士,千葉県,"時給1,300円～1,500円",アルバイト・パート,保育,求人ボックス,https://xn--pckua2a7gp15o89zb.com/jbn/a16fca2c57dbce6909f0aff23d4ea11d,True,16時間前,2026-10-03 04:49:14,千葉県
「もう一度子どもたちの成長に寄り添う」／認可保育園の保育士新着,保育,千葉県,月給27万円～36万円,正社員,保育,求人ボックス,https://xn--pckua2a7gp15o89zb.com/jbn/2e7068ea8cd4262104da016f872a09ee,True,16時間前,2026-10-03 04:49:14,千葉県
「子どもの育ちに寄り添う仕事」／事業所内保育園の保育士／未経験歓迎新着,保育,千葉県,"時給1,300円～1,500円",アルバイト・パート,保育,求人ボックス,https://xn--pckua2a7gp15o89zb.com/jbn/0d08c609426d75363573a9e473f4fb86,True,16時間前,2026-10-03 04:49:17,千葉県
「子育て世代も働きやすい環境」／認定こども園の保育士／ICT導入で書類...新着,保育,千葉県,月給27万円～36万円,正社員,保育,求人ボックス,https://xn--pckua2a7gp15o89zb.com/jbn/5c386f2413ac3d99f3f541100cdd4551,True,16時間前,2026-10-03 04:49:17,千葉県
「家庭の予定に合わせやすい」／小規模保育園の保育士／一人ひとりに寄り添...新着,保育,千葉県,"時給1,300円～1,500円",アルバイト・パート,保育,求人ボックス,https://xn--pckua2a7gp15o89zb.com/jbn/7268f19ba8d6addd478f5b2693fae712,True,16時間前,2026-10-03 04:49:17,千葉県
認可保育園の保育士／未経験歓迎／丁寧な研修あり／福利厚生充実／安定勤務新着,保育,千葉県,月給27万円～36万円,正社員,保育,求人ボックス,https://xn--pckua2a7gp15o89zb.com/jbn/ec90f37b32a277ca99dae72f13666bfe,True,16時間前,2026-10-03 04:49:17,千葉県
美容師／アシスタント／アッシュ 南行徳店新着,株式会社ACTON,千葉県,"時給1,280円～1,300円",アルバイト・パート,美容,求人ボックス,https://xn--pckua2a7gp15o89zb.com/jb/2fed96f9f394335818876dfc3180bb92,True,11時間前,2026-10-03 04:49:00,千葉県
ラウル ヘアー デザインのスタイリスト 美容師新着,Laulu Hair Design,千葉県,月給22万円～70万円,正社員,美容,求人ボックス,https://xn--pckua2a7gp15o89zb.com/jb/b601b3c19dea19013feedf339306adc0,True,15時間前,2026-10-03 04:49:01,千葉県
美容師／スタイリスト／アッシュ新着,force,千葉県,"時給1,280円～1,300円",アルバイト・パート,美容,求人ボックス,https://xn--pckua2a7gp15o89zb.com/jb/f6a532dc239e5110c8674954cdac2daa,True,11時間前,2026-10-03 04:49:01,千葉県
美容師／スタイリスト／ヘアジェニー新着,hair Jenny,千葉県,月給24万円～45万円,正社員,美容,求人ボックス,https://xn--pckua2a7gp15o89zb.com/jb/835fc941a2724e06e7d103ffde968137,True,12時間前,2026-10-03 04:49:01,千葉県
ラ ブリエ ナリタコウヅノモリのスタイリスト 美容師新着,La briller 成田公津の杜,千葉県,月給22万円～70万円,正社員,美容,求人ボックス,https://xn--pckua2a7gp15o89zb.com/jb/e5279260da1dbdcbc0655faaf44d9cb0,True,15時間前,2026-10-03 04:49:05,千葉県
スタイリスト・ブランク可の美容師新着,Lino hair & spa,千葉県,月給25万円～,正社員,美容,求人ボックス,https://xn--pckua2a7gp15o89zb.com/jb/fd054be780c4d98945eebf684aba7620,True,6時間前,2026-10-03 04:49:05,千葉県
美容師／スタイリスト／ザパーク新着,株式会社ファクトリー,千葉県,日給1万円～1万,,美容,求人ボックス,https://xn--pckua2a7gp15o89zb.com/jb/df0e33ccd9845ee2355bf3524ec13de5,True,12時間前,2026-10-03 04:49:05,千葉県
ヘアスタイリスト・未経験可の美容師新着,アデランス松戸,千葉県,"時給1,400円～1,600円",アルバイト・パート,美容,求人ボックス,https://xn--pckua2a7gp15o89zb.com/jb/23aa0e6ce847696e057fd5cb57ffeac7,True,7時間前,2026-10-03 04:49:08,千葉県
美容師・理容師／週1日3時間～レギュラーワークまで!主婦・幅広い年代が...新着,株式会社ハクブン,千葉県,"時給1,300円",アルバイト・パート,美容,求人ボックス,https://xn--pckua2a7gp15o89zb.com/jb/0827cc6bff013feb88319457e97ff688,True,21時間前,2026-10-03 04:49:08,千葉県
美容師／店長／ヘアートップス ベイタウン店新着,有限会社トップス,千葉県,月給35万円～45万円,正社員,美容,求人ボックス,https://xn--pckua2a7gp15o89zb.com/jb/003c1596b9bb819f3b4fb21bf0bf80cc,True,11時間前,2026-10-03 04:49:12,千葉県
写真館でのヘアメイク 美容師免許なしOK ヘアメイクに興味がある方歓迎...新着,株式会社らかんスタジオ,千葉県,"時給1,330円～",アルバイト・パート,美容,求人ボックス,https://xn--pckua2a7gp15o89zb.com/jb/850cf49fcdad6e4ab3ff4625e036388a,True,12時間前,2026-10-03 04:49:12,千葉県
販売 ／ コスメ販売 ／美容師さんもおすすめする人気のヘアケアブランド新着,パーソルテンプスタッフ株式会社,千葉県,"時給1,700円",派遣社員,美容,求人ボックス,https://xn--pckua2a7gp15o89zb.com/jb/190d485f8082f1d2bc31fb95e5320909,True,23時間前,2026-10-03 04:49:12,千葉県
未経験から年収1000万も!大手美容整体セラピスト／賞与年2回／完全週休2日／お祝金15万新着,株式会社ブラスト,千葉県,月給26万円～100万円,正社員,美容,求人ボックス,https://xn--pckua2a7gp15o89zb.com/jb/a23787480ea20f49f301b7a697772aa7,True,6時間前,2026-10-03 04:49:12,千葉県
フルリモート／未経験可／データ入力／年休125日以上新着,職種・業界未経験歓迎→大体の方が未経験からスタートしてます! 前職は様々→飲食店、,千葉県,"月給22万7,900円",正社員,美容,求人ボックス,https://xn--pckua2a7gp15o89zb.com/jbn/b46b0f06e6e75194a027b069cec958f0,True,10時間前,2026-10-03 04:49:14,千葉県
フルリモート／事務／未経験OK／月給27万～新着,飲食店、,千葉県,月給27万～,正社員,美容,求人ボックス,https://xn--pckua2a7gp15o89zb.com/jbn/5f6e23c6c21455123cf7e874f0f41520,True,10時間前,2026-10-03 04:49:18,千葉県
フルリモート／未経験可／一般事務／年休125日以上新着,職種・業界未経験歓迎→大体の方が未経験からスタートしてます! 前職は様々→飲食店、,千葉県,"月給23万2,700円",正社員,美容,求人ボックス,https://xn--pckua2a7gp15o89zb.com/jbn/8ce5c78f6eccc593d1b7b6f4e34e5c75,True,9時間前,2026-10-03 04:49:21,千葉県
データ入力・未経験OK「ネイルOK／服装自由」土日休み／残業なし「20代活躍中」新着,...前向きな気持ちで事務職に挑戦したい・仕事/プライベートのメリハリをつけたい・スキルを身につけて長期的に活躍したいー こんな前職の方が入社中ー接客業/販売業/飲食店/保育士/看護師ネイリスト/トリ,千葉県,"月給22万6,500円",正社員,美容,求人ボックス,https://xn--pckua2a7gp15o89zb.com/jbn/df9b453775c4cc28fc75d826715e1afe,True,23時間前,2026-10-03 04:49:21,千葉県
一般事務・未経験OK「ネイルOK・服装自由」土日休み・残業なし・20代活躍中新着,...前向きな気持ちで事務職に挑戦したい・仕事/プライベートのメリハリをつけたい・スキルを身につけて長期的に活躍したいー こんな前職の方が入社中ー接客業/販売業/飲食店/保育士/看護師ネイリスト/トリ,千葉県,"月給22万6,500円",正社員,美容,求人ボックス,https://xn--pckua2a7gp15o89zb.com/jbn/705f8243ee2c29612f9dfc12bc4dbbdd,True,22時間前,2026-10-03 04:49:21,千葉県
在宅勤務／事務／高収入／フレックス出社可新着,飲食店、,千葉県,"月給27万2,800円",正社員,美容,求人ボックス,https://xn--pckua2a7gp15o89zb.com/jbn/47feb174cb00c3ae024c37e86e4c91f6,True,10時間前,2026-10-03 04:49:25,千葉県
フルリモート／一般事務／未経験OK／完全土日休み新着,飲食店、,千葉県,"月給27万2,900円",正社員,美容,求人ボックス,https://xn--pckua2a7gp15o89zb.com/jbn/61f6ff298831921fe7d262eb49a7669d,True,9時間前,2026-10-03 04:49:28,千葉県
完全在宅／一般事務／未経験OK／年間休日123日新着,飲食店、,千葉県,"月給27万3,100円",正社員,美容,求人ボックス,https://xn--pckua2a7gp15o89zb.com/jbn/7441f817bf7fec3afc02f35b2b5ca36a,True,9時間前,2026-10-03 04:49:28,千葉県
フルリモート／データ入力／高収入／完全週休2日新着,飲食店、,千葉県,月給27万200円,正社員,美容,求人ボックス,https://xn--pckua2a7gp15o89zb.com/jbn/aefda8cb2d4dc4fea27ff4d36e81aa9a,True,10時間前,2026-10-03 04:49:28,千葉県
普通免許から始めるタクシードライバー／二種免許取得支援あり／役員・VIP・予約送迎／賞与あり新着,フードデリバリー配達員/宅配便ドライバールート配送ドライバー(飲料・食品)...(前職:フードデリバリー配達員/25歳男性) 福利厚生 ・社会保険完備(厚生年金・健康保険・雇用保険・労災)...,千葉県,"月給47万6,000円",正社員,建設,求人ボックス,https://xn--pckua2a7gp15o89zb.com/jbn/81569ab368d01a1e84576400766571ee,True,9時間前,2026-10-03 04:49:04,千葉県
著名人・VIPの予約タクシードライバー／普通免許のみOK／未経験から正社員へ／賞与年2回新着,フードデリバリー配達員/宅配便ドライバールート配送ドライバー(飲料・食品)...[年収実績]25歳男性/前職:フードデリバリー配達員入社1年目で年収650万円を達成。,千葉県,"月給47万6,000円",正社員,建設,求人ボックス,https://xn--pckua2a7gp15o89zb.com/jbn/0741f8c5460b871c09e661bc32667211,True,9時間前,2026-10-03 04:49:04,千葉県
夜勤の役員タクシードライバー／空港・会食・VIP送迎あり／普通免許OK／賞与年2回／福利厚生充実新着,...軽貨物配送ドライバーフードデリバリー配達員/宅配便ドライバールート配送ドライバー(飲料・食品)長距離大型トラック/中型トラック運転手引越しドライバー/デリバリーサービス倉庫,千葉県,"月給47万6,000円",正社員,建設,求人ボックス,https://xn--pckua2a7gp15o89zb.com/jbn/ed83723a0f7ba6493404816ab66b723f,True,9時間前,2026-10-03 04:49:04,千葉県
アルファードでの夜間タクシードライバー／VIP・著名人対応あり／AT限定OK／接客経験を活かせる新着,フードデリバリー配達員/宅配便ドライバールート配送ドライバー(飲料・食品)...外での,千葉県,"月給47万6,000円",正社員,建設,求人ボックス,https://xn--pckua2a7gp15o89zb.com/jbn/e0be7fb7eaf5908b49729b4ea2064e49,True,10時間前,2026-10-03 04:49:04,千葉県
「月11日～13日勤務!」タクシードライバー／履歴書不要／空港送迎／社会保険完備／賞与あり新着,フードデリバリー配達員/宅配便ドライバールート配送ドライバー(飲料・食品)...<年収例>入社1年目:年収650万円前職:フードデリバリー配達員(25歳男性),千葉県,"月給47万6,000円",正社員,建設,求人ボックス,https://xn--pckua2a7gp15o89zb.com/jbn/9dd31c0522a61fec8e18075ea80dbc34,True,10時間前,2026-10-03 04:49:04,千葉県
「二種免許不要・タクシードライバー」履歴書不要／学歴不問／週3勤務／身体負担少なめ／退職金制度新着,...軽貨物配送ドライバーフードデリバリー配達員/宅配便ドライバールート配送ドライバー(飲料・食品)長距離大型トラック/中型トラック運転手引越しドライバー/デリバリーサービス倉庫,千葉県,"月給47万6,000円",正社員,建設,求人ボックス,https://xn--pckua2a7gp15o89zb.com/jbn/b09000d56f99ef74b9b29bc1eed57c0e,True,10時間前,2026-10-03 04:49:04,千葉県
月11日～13日勤務のタクシードライバー／空港・VIP送迎あり／普通免許OK／履歴書不要／賞与年2回新着,未経験OK,千葉県,"月給47万4,000円",正社員,建設,求人ボックス,https://xn--pckua2a7gp15o89zb.com/jbn/11a4d98052cad930abf6a2d96a42f6b1,True,10時間前,2026-10-03 04:49:04,千葉県
「夜勤・タクシードライバー」二種免不要／企業役員／賞与年2回／20代活躍中／安定収入新着,フードデリバリー配達員/宅配便ドライバールート配送ドライバー(飲料・食品)...<年収例>入社1年目:年収650万円前職:フードデリバリー配達員(25歳男性),千葉県,"月給47万6,000円",正社員,建設,求人ボックス,https://xn--pckua2a7gp15o89zb.com/jbn/8e160d92f7e779495fda303afd3289d4,True,9時間前,2026-10-03 04:49:05,千葉県
「週3勤務・芸能人・タレント」タクシードライバー／二種免許不要／賞与年2回／正社員雇用新着,フードデリバリー配達員/宅配便ドライバールート配送ドライバー(飲料・食品)...<年収例>入社1年目:年収650万円前職:フードデリバリー配達員(25歳男性),千葉県,"月給47万6,000円",正社員,建設,求人ボックス,https://xn--pckua2a7gp15o89zb.com/jbn/0d76252dff2a3bb4d52e271d2b86d8b4,True,10時間前,2026-10-03 04:49:05,千葉県
「夜勤」タクシードライバー・AT限定OK／接客経験活かせる／賞与年2回／VIP対応／アルファード新着,...軽貨物配送ドライバーフードデリバリー配達員/宅配便ドライバールート配送ドライバー(飲料・食品)長距離大型トラック/中型トラック運転手引越しドライバー/デリバリーサービス倉庫,千葉県,"月給47万6,000円",正社員,建設,求人ボックス,https://xn--pckua2a7gp15o89zb.com/jbn/1a170563c47d5ac034a9e669953743e6,True,10時間前,2026-10-03 04:49:05,千葉県
「社会保険完備・福利厚生充実」タクシードライバー／夜勤／学歴不問／ボーナス年2回／空港送迎／会食送迎新着,...軽貨物配送ドライバーフードデリバリー配達員/宅配便ドライバールート配送ドライバー(飲料・食品)長距離大型トラック/中型トラック運転手引越しドライバー/デリバリーサービス倉庫,千葉県,"月給47万6,000円",正社員,建設,求人ボックス,https://xn--pckua2a7gp15o89zb.com/jbn/e2858bf5c0da49fcb21bd685f3c796bd,True,10時間前,2026-10-03 04:49:05,千葉県
「タクシードライバー」二種免許会社負担／経歴不問／年収600万円以上可／若手世代活躍中新着,...軽貨物配送ドライバーフードデリバリー配達員/宅配便ドライバールート配送ドライバー(飲料・食品)長距離大型トラック/中型トラック運転手引越しドライバー/デリバリーサービス倉庫,千葉県,"月給47万6,000円",正社員,建設,求人ボックス,https://xn--pckua2a7gp15o89zb.com/jbn/c0c36e90e4a4c1001baa42d9193a0ef7,True,9時間前,2026-10-03 04:49:05,千葉県
タクシードライバー／普通免許OK／年収600万円以上も可／履歴書不要／退職金制度あり新着,...軽貨物配送ドライバーフードデリバリー配達員/宅配便ドライバールート配送ドライバー(飲料・食品)長距離大型トラック/中型トラック運転手引越しドライバー/デリバリーサービス倉庫,千葉県,"月給47万7,000円",正社員,建設,求人ボックス,https://xn--pckua2a7gp15o89zb.com/jbn/53cb38bebe5b776bd86ab0c518b5467d,True,10時間前,2026-10-03 04:49:05,千葉県
週3勤務のタクシードライバー／普通免許OK／未経験から正社員へ／履歴書不要／賞与年2回新着,...軽貨物配送ドライバーフードデリバリー配達員/宅配便ドライバールート配送ドライバー(飲料・食品)長距離大型トラック/中型トラック運転手引越しドライバー/デリバリーサービス倉庫,千葉県,"月給47万5,000円",正社員,建設,求人ボックス,https://xn--pckua2a7gp15o89zb.com/jbn/ba0ec47908e3d52a05ff1a7556f18365,True,11時間前,2026-10-03 04:49:05,千葉県
週3勤務の予約送迎ドライバー／普通免許OK／未経験から正社員へ／履歴書不要／賞与年2回新着,...軽貨物配送ドライバーフードデリバリー配達員/宅配便ドライバールート配送ドライバー(飲料・食品)長距離大型トラック/中型トラック運転手引越しドライバー/デリバリーサービス倉庫,千葉県,"月給47万7,000円",正社員,建設,求人ボックス,https://xn--pckua2a7gp15o89zb.com/jbn/6549acc7ec7466925f2271fa674df95d,True,15時間前,2026-10-03 04:49:08,千葉県
タクシードライバー／普通免許OK・AT限定可／未経験から正社員へ／週3日勤務可新着,...軽貨物配送ドライバーフードデリバリー配達員/宅配便ドライバールート配送ドライバー(飲料・食品)長距離大型トラック/中型トラック運転手引越しドライバー/デリバリーサービス倉庫,千葉県,"月給47万7,000円",正社員,建設,求人ボックス,https://xn--pckua2a7gp15o89zb.com/jbn/d0ec486802ea68b59bba34cbcfc404a0,True,10時間前,2026-10-03 04:49:08,千葉県
週3勤務のタクシードライバー／普通免許だけで応募OK／予約中心で落ち着いて働ける／賞与年2回新着,...軽貨物配送ドライバーフードデリバリー配達員/宅配便ドライバールート配送ドライバー(飲料・食品)長距離大型トラック/中型トラック運転手引越しドライバー/デリバリーサービス倉庫,千葉県,"月給47万7,000円",正社員,建設,求人ボックス,https://xn--pckua2a7gp15o89zb.com/jbn/787c430c3153649f5a5780ad9e1c72ac,True,11時間前,2026-10-03 04:49:08,千葉県
週3勤務の役員送迎ドライバー／普通免許だけで応募OK／予約中心で落ち着いて働ける／賞与年2回新着,...軽貨物配送ドライバーフードデリバリー配達員/宅配便ドライバールート配送ドライバー(飲料・食品)長距離大型トラック/中型トラック運転手引越しドライバー/デリバリーサービス倉庫,千葉県,"月給47万7,000円",正社員,建設,求人ボックス,https://xn--pckua2a7gp15o89zb.com/jbn/f5d6a449d0336c72d470a99a3605489e,True,15時間前,2026-10-03 04:49:08,千葉県
「夜勤・高収入・空港送迎」タクシードライバー／普通免許でOK／賞与あり／年収600万円以上可新着,フードデリバリー配達員/宅配便ドライバールート配送ドライバー(飲料・食品)...<年収例>入社1年目:年収650万円前職:フードデリバリー配達員(25歳男性),千葉県,"月給47万6,000円",正社員,建設,求人ボックス,https://xn--pckua2a7gp15o89zb.com/jbn/c947d7828ba85d2962ccf96ffa3e3d7f,True,9時間前,2026-10-03 04:49:08,千葉県
「タクシードライバー」二種免不要／週3勤務／安定収入／ボーナス年2回／若手活躍中／安心の正社員雇用新着,...軽貨物配送ドライバーフードデリバリー配達員/宅配便ドライバールート配送ドライバー(飲料・食品)長距離大型トラック/中型トラック運転手引越しドライバー/デリバリーサービス倉庫,千葉県,"月給47万6,000円",正社員,建設,求人ボックス,https://xn--pckua2a7gp15o89zb.com/jbn/a949a18c22e4f685053988944b616739,True,10時間前,2026-10-03 04:49:08,千葉県
週3勤務の予約タクシードライバー／普通免許OK／未経験から正社員へ／履歴書不要／賞与年2回新着,...軽貨物配送ドライバーフードデリバリー配達員/宅配便ドライバールート配送ドライバー(飲料・食品)長距離大型トラック/中型トラック運転手引越しドライバー/デリバリーサービス倉庫,千葉県,"月給47万4,000円",正社員,建設,求人ボックス,https://xn--pckua2a7gp15o89zb.com/jbn/89d20cc398838f7978391dfb32d03aa4,True,10時間前,2026-10-03 04:49:08,千葉県
「タクシードライバー」未経験OK／履歴書不要／週3勤務／賞与あり／研修制度充実／社会保険完備新着,...軽貨物配送ドライバーフードデリバリー配達員/宅配便ドライバールート配送ドライバー(飲料・食品)長距離大型トラック/中型トラック運転手引越しドライバー/デリバリーサービス倉庫,千葉県,"月給47万6,000円",正社員,建設,求人ボックス,https://xn--pckua2a7gp15o89zb.com/jbn/d3c6faf2a5174816786ea4fae09d4c03,True,9時間前,2026-10-03 04:49:08,千葉県
役員・著名人の予約タクシードライバー／普通免許OK・AT限定可／未経験から正社員へ／週3日勤務可新着,...軽貨物配送ドライバーフードデリバリー配達員/宅配便ドライバールート配送ドライバー(飲料・食品)長距離大型トラック/中型トラック運転手引越しドライバー/デリバリーサービス倉庫,千葉県,"月給47万6,000円",正社員,建設,求人ボックス,https://xn--pckua2a7gp15o89zb.com/jbn/407a436b836c675d4e4f18d728c99351,True,9時間前,2026-10-03 04:49:11,千葉県
「経歴不問・タクシードライバー」未経験歓迎／社会保険完備の正社員雇用／週3勤務／AT限定OK新着,...軽貨物配送ドライバーフードデリバリー配達員/宅配便ドライバールート配送ドライバー(飲料・食品)長距離大型トラック/中型トラック運転手引越しドライバー/デリバリーサービス倉庫,千葉県,"月給47万6,000円",正社員,建設,求人ボックス,https://xn--pckua2a7gp15o89zb.com/jbn/ded02e39d75e691f297ce64fafade736,True,9時間前,2026-10-03 04:49:12,千葉県
週3勤務の役員タクシードライバー／普通免許だけで応募OK／予約中心で落ち着いて働ける／賞与年2回新着,...軽貨物配送ドライバーフードデリバリー配達員/宅配便ドライバールート配送ドライバー(飲料・食品)長距離大型トラック/中型トラック運転手引越しドライバー/デリバリーサービス倉庫,千葉県,"月給47万6,000円",正社員,建設,求人ボックス,https://xn--pckua2a7gp15o89zb.com/jbn/240a000f626a1cc25f8cc552ef25d6bf,True,9時間前,2026-10-03 04:49:12,千葉県
役員・VIPタクシードライバー／普通免許OK／年収600万円以上も可／履歴書不要／退職金制度あり新着,...軽貨物配送ドライバーフードデリバリー配達員/宅配便ドライバールート配送ドライバー(飲料・食品)長距離大型トラック/中型トラック運転手引越しドライバー/デリバリーサービス倉庫,千葉県,"月給47万6,000円",正社員,建設,求人ボックス,https://xn--pckua2a7gp15o89zb.com/jbn/3439ab6d2ce47fc4a497566c198f6151,True,9時間前,2026-10-03 04:49:12,千葉県
夜間予約タクシードライバー／普通免許OK／二種免許は会社負担／月収50万円以上も可／賞与あり新着,フードデリバリー配達員/宅配便ドライバールート配送ドライバー(飲料・食品)長距離大型トラック/中型トラック運転手引越しドライバー/デリバリーサービス倉庫,千葉県,"月給47万6,000円",正社員,建設,求人ボックス,https://xn--pckua2a7gp15o89zb.com/jbn/0c301d1bb680544f0d71cd4e4cd2c022,True,9時間前,2026-10-03 04:49:12,千葉県
夜勤の予約タクシードライバー／企業役員・VIP対応あり／普通免許OK／二種免許取得支援あり新着,フードデリバリー配達員/宅配便ドライバールート配送ドライバー(飲料・食品)...25歳男性・前職フードデリバリー配達員が入社1年目で年収650万円を達成しています。...,千葉県,"月給47万6,000円",正社員,建設,求人ボックス,https://xn--pckua2a7gp15o89zb.com/jbn/31db598aaf38c55b008282dbae0e981e,True,9時間前,2026-10-03 04:49:12,千葉県
タクシー運転手「週3勤務」資格取得支援あり／月収40万円以上／安定収入／転職回数不問新着,...以下のような経験をお持ちの方は特に歓迎します。・軽貨物ドライバー・ルート配送スタッフ・宅配ドライバー・タクシー運転手・大型トラックドライバー・フォークリフトオペレーター・,千葉県,"月給47万8,100円",正社員,建設,求人ボックス,https://xn--pckua2a7gp15o89zb.com/jbn/efd5c0f1dd83cee9e0b9349405fc442a,True,8時間前,2026-10-03 04:49:12,千葉県
「高収入」夜勤／タクシー運転手／定期送迎「月収50万円以上可能／安定収入／賞与年2回」新着,建設・,千葉県,"月給47万9,600円",正社員,建設,求人ボックス,https://xn--pckua2a7gp15o89zb.com/jbn/2f4c1580e6983212d2490c9f97138f48,True,8時間前,2026-10-03 04:49:16,千葉県
タクシードライバー／週3勤務／学歴不問／1年目月収50万以上／賞与年2回新着,建設・,千葉県,"月給47万7,500円",正社員,建設,求人ボックス,https://xn--pckua2a7gp15o89zb.com/jbn/c3b5601c49836e20b53fdf0c8d80c42a,True,8時間前,2026-10-03 04:49:16,千葉県
「夜勤でしっかり稼ぐ」タクシードライバー／残業少なめ／正社員採用／賞与あり新着,...以下のような経験をお持ちの方は特に歓迎します。・軽貨物ドライバー・ルート配送スタッフ・宅配ドライバー・タクシー運転手・大型トラックドライバー・フォークリフトオペレーター・,千葉県,"月給47万7,800円",正社員,建設,求人ボックス,https://xn--pckua2a7gp15o89zb.com/jbn/1befeef4f2cdd431b71ff5fba2ab4fb6,True,8時間前,2026-10-03 04:49:16,千葉県
夜勤タクシードライバー／未経験スタートOK／年2回のボーナス支給あり／資格取得支援制度あり新着,作業,千葉県,"月給47万8,500円",正社員,建設,求人ボックス,https://xn--pckua2a7gp15o89zb.com/jbn/2952b20054c1b9fa61cf3ec3a3b0f3f8,True,8時間前,2026-10-03 04:49:16,千葉県
「未経験歓迎」タクシードライバー／月収50万円以上可／退職金制度あり新着,...以下のような経験をお持ちの方は特に歓迎します。・軽貨物ドライバー・ルート配送スタッフ・宅配ドライバー・タクシー運転手・大型トラックドライバー・フォークリフトオペレーター・,千葉県,"月給47万7,800円",正社員,建設,求人ボックス,https://xn--pckua2a7gp15o89zb.com/jbn/b394cc738281a09015693000bbbe9760,True,9時間前,2026-10-03 04:49:16,千葉県
タクシードライバー／未経験歓迎／会食・空港送迎中心／年収600万円以上可新着,建設・,千葉県,"月給47万9,700円",正社員,建設,求人ボックス,https://xn--pckua2a7gp15o89zb.com/jbn/6803e6d84978073d34bf4f594c2ff326,True,9時間前,2026-10-03 04:49:16,千葉県
「未経験1年目600万円／定着率90%以上」「週3勤務・予約制タクシードライバー」普通免許のみOK新着,建設・,千葉県,"月給47万6,500円",正社員,建設,求人ボックス,https://xn--pckua2a7gp15o89zb.com/jbn/2d423ec701dbef12ad1a206a82928629,True,9時間前,2026-10-03 04:49:16,千葉県
芸能関係者のタクシードライバー／未経験歓迎／週3勤務／月収45万円以上／20代～50代活躍中新着,作業,千葉県,"月給47万9,900円",正社員,建設,求人ボックス,https://xn--pckua2a7gp15o89zb.com/jbn/dde958f7c64095066509a0b197079543,True,9時間前,2026-10-03 04:49:19,千葉県
「高収入」夜勤／タクシー／定期送迎「月収50万円以上可能／安定収入／賞与年2回」新着,建設・,千葉県,"月給48万1,400円",正社員,建設,求人ボックス,https://xn--pckua2a7gp15o89zb.com/jbn/43e8c93168634f57f651a5c08fbf0b74,True,9時間前,2026-10-03 04:49:19,千葉県
「夜勤で稼げる」タクシードライバー／普通免許のみOK／年収600万円以上可／賞与年2回新着,...以下のような経験をお持ちの方は特に歓迎します。・軽貨物ドライバー・ルート配送スタッフ・宅配ドライバー・タクシー運転手・大型トラックドライバー・フォークリフトオペレーター・,千葉県,"月給47万7,800円",正社員,建設,求人ボックス,https://xn--pckua2a7gp15o89zb.com/jbn/1260f7a526430807fbdbd7a7eb882db4,True,9時間前,2026-10-03 04:49:19,千葉県
夜間専属タクシードライバー／月収50万円以上可能／賞与年2回／普通免許のみで応募可新着,...以下のような経験をお持ちの方は特に歓迎します。・軽貨物ドライバー・ルート配送スタッフ・宅配ドライバー・タクシー運転手・大型トラックドライバー・フォークリフトオペレーター・,千葉県,"月給47万6,000円",正社員,建設,求人ボックス,https://xn--pckua2a7gp15o89zb.com/jbn/14b1992d5c08502b10a822b48db0f22a,True,9時間前,2026-10-03 04:49:19,千葉県
「内定までスピーディー」夜勤タクシードライバー／履歴書不要／未経験OK／月収50万円以上新着,作業,千葉県,"月給47万6,000円",正社員,建設,求人ボックス,https://xn--pckua2a7gp15o89zb.com/jbn/8e7e4718c123aebfd90241bac44b7ac3,True,9時間前,2026-10-03 04:49:19,千葉県
タクシードライバー「週3勤務」資格取得支援あり／月収40万円以上／安定収入／転職回数不問新着,...以下のような経験をお持ちの方は特に歓迎します。・軽貨物ドライバー・ルート配送スタッフ・宅配ドライバー・タクシー運転手・大型トラックドライバー・フォークリフトオペレーター・,千葉県,"月給47万6,000円",正社員,建設,求人ボックス,https://xn--pckua2a7gp15o89zb.com/jbn/74f66e6fd2a5474b07034e40241668fc,True,9時間前,2026-10-03 04:49:19,千葉県
夜間専属タクシードライバー／週3日勤務OK／異業種出身多数／未経験活躍中／土日祝休みあり新着,...以下のような経験をお持ちの方は特に歓迎します。・軽貨物ドライバー・ルート配送スタッフ・宅配ドライバー・タクシー運転手・大型トラックドライバー・フォークリフトオペレーター・,千葉県,"月給47万9,200円",正社員,建設,求人ボックス,https://xn--pckua2a7gp15o89zb.com/jbn/5fbc4e449d53fc123b2cf217b362833f,True,9時間前,2026-10-03 04:49:23,千葉県
タクシードライバー／普通免許のみで応募OK／週3日勤務／賞与あり／高収入実現可能新着,作業,千葉県,"月給47万6,000円",正社員,建設,求人ボックス,https://xn--pckua2a7gp15o89zb.com/jbn/38e7ca7e93c1f991f40f38745b946a65,True,10時間前,2026-10-03 04:49:23,千葉県
「未経験1年目600万円／定着率90%以上」「週3日勤務／正社員」タクシードライバー新着,建設・,千葉県,"月給47万7,900円",正社員,建設,求人ボックス,https://xn--pckua2a7gp15o89zb.com/jbn/3e2685e9e61c9f90611bf542b666590d,True,10時間前,2026-10-03 04:49:23,千葉県
タクシードライバー／週3勤務／異業種からの転職歓迎新着,建設・,千葉県,"月給47万9,800円",正社員,建設,求人ボックス,https://xn--pckua2a7gp15o89zb.com/jbn/5891f6b5f2f7a1fbaa032a19a67c5c5d,True,10時間前,2026-10-03 04:49:23,千葉県
「VIP送迎中心」夜勤タクシードライバー／年収600万円以上／賞与年2回新着,建設・,千葉県,"月給47万6,000円",正社員,建設,求人ボックス,https://xn--pckua2a7gp15o89zb.com/jbn/459ab6ce764550d200c28782af2d2814,True,10時間前,2026-10-03 04:49:23,千葉県
「予約中心だから未経験でも安心」タクシードライバー／週3勤務／月収50万円以上可新着,建設・,千葉県,"月給47万8,200円",正社員,建設,求人ボックス,https://xn--pckua2a7gp15o89zb.com/jbn/359d08ea623dd4e06e1c19e58eab786c,True,10時間前,2026-10-03 04:49:23,千葉県
「週3日勤務で年収600万円も可能」タクシードライバー／普通免許のみOK／未経験歓迎／賞与年2回新着,建設・,千葉県,"月給47万8,000円",正社員,建設,求人ボックス,https://xn--pckua2a7gp15o89zb.com/jbn/4468d9b4ff14e1f452028d63b42878aa,True,11時間前,2026-10-03 04:49:23,千葉県
直行直帰OK!経験者が選ぶ働きやすい職場 ノ新着,株式会社小出仮設,千葉県,"日給1万6,000円",正社員,建設,求人ボックス,https://xn--pckua2a7gp15o89zb.com/jb/e4fb3a8a160100ce9b09cde4af9c3c61,True,9時間前,2026-10-03 04:49:23,千葉県
「予約中心で安心」タクシードライバー／年収600万円以上／未経験歓迎新着,...以下のような経験をお持ちの方は特に歓迎します。・軽貨物ドライバー・ルート配送スタッフ・宅配ドライバー・タクシー運転手・大型トラックドライバー・フォークリフトオペレーター・,千葉県,"月給47万6,000円",正社員,建設,求人ボックス,https://xn--pckua2a7gp15o89zb.com/jbn/9d404821a068e6586a8d53ff08d6ade5,True,9時間前,2026-10-03 04:49:26,千葉県
「正社員」週3勤務のタクシードライバー／未経験者活躍中／年収500万円以上可能／土日祝休み取得可新着,建設・,千葉県,"月給47万4,000円",正社員,建設,求人ボックス,https://xn--pckua2a7gp15o89zb.com/jbn/9fb1cf65a7d0aa8d88c59f117ce8fa7b,True,10時間前,2026-10-03 04:49:26,千葉県
「週3日勤務で高収入」タクシードライバー／家族手当あり／賞与年2回新着,...以下のような経験をお持ちの方は特に歓迎します。・軽貨物ドライバー・ルート配送スタッフ・宅配ドライバー・タクシー運転手・大型トラックドライバー・フォークリフトオペレーター・,千葉県,"月給47万6,000円",正社員,建設,求人ボックス,https://xn--pckua2a7gp15o89zb.com/jbn/172a5c5dac512f697ce7fbc856330f88,True,10時間前,2026-10-03 04:49:26,千葉県
「1年目から高収入可能」タクシードライバー／週3勤務／福利厚生充実新着,作業,千葉県,"月給47万6,000円",正社員,建設,求人ボックス,https://xn--pckua2a7gp15o89zb.com/jbn/2d9a87e6663b618f308ccf2addd519a1,True,10時間前,2026-10-03 04:49:26,千葉県
現場管理 経験者限定 寮完備 全国拠点新着,株式会社GS STAFF,千葉県,"月給35万1,500円",派遣社員,建設,求人ボックス,https://xn--pckua2a7gp15o89zb.com/jb/4a73147e90330fd8ef286041572da7af,True,4時間前,2026-10-03 04:49:26,千葉県
足場サービスルート営業職新着,東海ステップ株式会社,千葉県,"月給24万3,100円",正社員,建設,求人ボックス,https://xn--pckua2a7gp15o89zb.com/jb/182879ac7839f8997900219f0d49f1a9,True,18時間前,2026-10-03 04:49:26,千葉県
土地のお悩みをもつオーナー様へ土地活用の提案営業新着,大東建託株式会社,千葉県,"月給25万5,000円",正社員,建設,求人ボックス,https://xn--pckua2a7gp15o89zb.com/jb/d8bd8339f90d7d9d061085a019cea1dd,True,21時間前,2026-10-03 04:49:26,千葉県
「月内採用」タクシードライバー・夜勤／職歴不問／未経験OK／1年目年収600万円以上可／賞与年2回新着,作業,千葉県,"月給47万6,000円",正社員,建設,求人ボックス,https://xn--pckua2a7gp15o89zb.com/jbn/b4fe75881366ae0578ca6e6966a923de,True,9時間前,2026-10-03 04:49:30,千葉県
「タレント／芸能」タクシードライバー／週3勤務／学歴不問／1年目月収50万以上／賞与年2回新着,建設・,千葉県,"月給47万6,000円",正社員,建設,求人ボックス,https://xn--pckua2a7gp15o89zb.com/jbn/102a3ab336bf87e88c0a5c1ef398c9f1,True,9時間前,2026-10-03 04:49:30,千葉県
タクシードライバー／「即入社相談可」夜間送迎スタッフ／履歴書不要／安定の正社員雇用新着,作業,千葉県,"月給47万6,000円",正社員,建設,求人ボックス,https://xn--pckua2a7gp15o89zb.com/jbn/7d089b811b296e4c373f80e99bd0bfe6,True,9時間前,2026-10-03 04:49:30,千葉県
「タクシードライバー」月内採用／夜勤／履歴書不要／月収50万円以上／正社員採用／社会保険完備新着,...以下のような経験をお持ちの方は特に歓迎します。・軽貨物ドライバー・ルート配送スタッフ・宅配ドライバー・タクシー運転手・大型トラックドライバー・フォークリフトオペレーター・,千葉県,"月給47万6,000円",正社員,建設,求人ボックス,https://xn--pckua2a7gp15o89zb.com/jbn/fc9fa09a567f497239b999be0555e174,True,9時間前,2026-10-03 04:49:30,千葉県
「二種免許不要・週3勤務・タクシードライバー」研修あり／賞与あり／アルファード送迎新着,作業,千葉県,"月給47万4,000円",正社員,建設,求人ボックス,https://xn--pckua2a7gp15o89zb.com/jbn/048f748720b395f70a078c28b2832c31,True,10時間前,2026-10-03 04:49:30,千葉県
「夜勤でしっかり稼ぐ」VIPタクシードライバー／残業少なめ／正社員採用／賞与あり新着,...以下のような経験をお持ちの方は特に歓迎します。・軽貨物ドライバー・ルート配送スタッフ・宅配ドライバー・タクシー運転手・大型トラックドライバー・フォークリフトオペレーター・,千葉県,"月給47万4,000円",正社員,建設,求人ボックス,https://xn--pckua2a7gp15o89zb.com/jbn/75302e183f258ef90896ccf8a31ad433,True,10時間前,2026-10-03 04:49:30,千葉県
分譲住宅の施工管理職新着,株式会社ホーク・ワン,千葉県,月給26万円,正社員,建設,求人ボックス,https://xn--pckua2a7gp15o89zb.com/jb/c23b54b567243a7e2160c29587891498,True,21時間前,2026-10-03 04:49:30,千葉県
「高収入」夜勤／タクシードライバー／定期送迎「月収50万円以上可能／安定収入／賞与年2回」新着,建設・,千葉県,"月給47万6,000円",正社員,建設,求人ボックス,https://xn--pckua2a7gp15o89zb.com/jbn/5da8fb0a1c969ff3966f15ae9aa56ad9,True,10時間前,2026-10-03 04:49:30,千葉県
「普通免許のみOK」タクシードライバー／資格不問・月収50万以上可・賞与年2回新着,...以下のような経験をお持ちの方は特に歓迎します。・軽貨物ドライバー・ルート配送スタッフ・宅配ドライバー・タクシー運転手・大型トラックドライバー・フォークリフトオペレーター・,千葉県,"月給47万6,000円",正社員,建設,求人ボックス,https://xn--pckua2a7gp15o89zb.com/jbn/5beedbaeb91e4c5134e2cc5c841d0f0c,True,9時間前,2026-10-03 04:49:34,千葉県
「未経験歓迎」専属タクシードライバー／月収50万円以上可／退職金制度あり新着,...以下のような経験をお持ちの方は特に歓迎します。・軽貨物ドライバー・ルート配送スタッフ・宅配ドライバー・タクシー運転手・大型トラックドライバー・フォークリフトオペレーター・,千葉県,"月給47万4,000円",正社員,建設,求人ボックス,https://xn--pckua2a7gp15o89zb.com/jbn/8106aa5c708c94c5f5b22f01197662df,True,10時間前,2026-10-03 04:49:34,千葉県
建設資材を運ぶ大型ユニックドライバー／未経験歓迎新着,レンタルアシスト株式会社,千葉県,"月給28万2,800円",正社員,建設,求人ボックス,https://xn--pckua2a7gp15o89zb.com/jb/2982f633bc063b903a9d8bb3af4efc0c,True,9時間前,2026-10-03 04:49:34,千葉県
杭工事スタッフ 杭工事経験を活かし多彩な現場で技術を発揮新着,エステー工業株式会社,千葉県,月給28万円～37万,正社員,建設,求人ボックス,https://xn--pckua2a7gp15o89zb.com/jb/0f0650f88954f658a77010d362778f39,True,3時間前,2026-10-03 04:49:34,千葉県
未経験OKの内装仕上げ工事作業員!賞与年2回!家賃50%負担の社宅制度あり新着,株式会社UNITE,千葉県,月給25万円～,正社員,建設,求人ボックス,https://xn--pckua2a7gp15o89zb.com/jb/9c52cebc4bd43447b2c1f71ff282e832,True,3時間前,2026-10-03 04:49:34,千葉県
建設資材専門商社での運行管理者／日曜休みOK／賞与あり新着,吉田建材株式会社,千葉県,"月給26万6,000円",正社員,建設,求人ボックス,https://xn--pckua2a7gp15o89zb.com/jb/e45ee6cbb63bb40466b5cce2a5d61ed1,True,9時間前,2026-10-03 04:49:34,千葉県
最大10万円!今だけ入社祝い金毎月2万円支給!入社月より5か月連続でもらえます!月収21万以上!新着,株式会社シーケル,千葉県,"時給1,250円～1,563円",派遣社員,建設,求人ボックス,https://xn--pckua2a7gp15o89zb.com/jb/d9710892569f0c4c76ef817f475d3ee8,True,13時間前,2026-10-03 04:49:34,千葉県
一般事務「正社員・月給28万〜」20代活躍中・未経験OK l 研修あり新着,一般事務,千葉県,月給28万,正社員,事務,求人ボックス,https://xn--pckua2a7gp15o89zb.com/jbn/f6ad188fcf2b3cb5eea09944ad1f0d53,True,20時間前,2026-10-03 04:49:21,千葉県
一般事務「正社員・月給26万〜」20代活躍中・未経験OK l 研修あり新着,一般事務,千葉県,月給26万,正社員,事務,求人ボックス,https://xn--pckua2a7gp15o89zb.com/jbn/30e957066dfc6458bc4e867c0035e865,True,20時間前,2026-10-03 04:49:22,千葉県
一般事務「20代活躍・未経験OK」年休120日以上・残業月5〜10時間新着,一般事務,千葉県,"月給23万9,000円",正社員,事務,求人ボックス,https://xn--pckua2a7gp15o89zb.com/jbn/df041e15bda10d9d445548f307938ffa,True,17時間前,2026-10-03 04:49:22,千葉県
食品を取り扱う物流会社で一般事務新着,株式会社ジャパン・リリーフ,千葉県,"時給1,500円～",派遣社員,事務,求人ボックス,https://xn--pckua2a7gp15o89zb.com/jbn/68aca28294555943ea6e17bf6452d35d,True,17時間前,2026-10-03 04:49:24,千葉県
未経験からステップアップ!／関東で一般事務業務新着,株式会社OOQ,千葉県,"月給20万5,000円",正社員,事務,求人ボックス,https://xn--pckua2a7gp15o89zb.com/jb/2fba0315a90bc1c57871d159cc25fe96,True,15時間前,2026-10-03 04:49:24,千葉県
「アニメ・ゲーム好き必見!」一般事務／未経験歓迎／通勤手当支給新着,株式会社SDビジョン,千葉県,月給30万円～50万円,正社員,事務,求人ボックス,https://xn--pckua2a7gp15o89zb.com/jbn/879add186eaa101285df2a2bf7b49558,True,20時間前,2026-10-03 04:49:24,千葉県
「在宅可」未経験採用枠／一般事務／年間休日125日以上新着,一般事務,千葉県,"月給25万1,100円",正社員,事務,求人ボックス,https://xn--pckua2a7gp15o89zb.com/jbn/0f7df9ee1480361d14e75493793499d3,True,9時間前,2026-10-03 04:49:24,千葉県
在宅可／未経験可／一般事務／年休125日以上新着,一般事務,千葉県,"月給24万4,600円",正社員,事務,求人ボックス,https://xn--pckua2a7gp15o89zb.com/jbn/cf02b12135f1a869b54eda5da5a2ceec,True,10時間前,2026-10-03 04:49:28,千葉県
「正社員デビュー応援」／一般事務／オフィスワーク／未経験歓迎新着,一般事務,千葉県,"月給26万3,000円",正社員,事務,求人ボックス,https://xn--pckua2a7gp15o89zb.com/jbn/0cd085bab914ead7439f2826c16f71c9,True,14時間前,2026-10-03 04:49:32,千葉県
「コツコツ派に人気」／一般事務／オフィスワーク／未経験歓迎新着,一般事務,千葉県,"月給26万9,000円",正社員,事務,求人ボックス,https://xn--pckua2a7gp15o89zb.com/jbn/cd5cd36807866636abaeee937c15783c,True,14時間前,2026-10-03 04:49:32,千葉県
一般事務／データ入力・書類作成からIT企業を支援新着,株式会社01テクノロジーズ,千葉県,年収320万円～400万円,正社員,事務,求人ボックス,https://xn--pckua2a7gp15o89zb.com/jb/4b4f10782c72913cebcdf262d7b7622b,True,9時間前,2026-10-03 04:49:32,千葉県
大手企業の一般事務新着,大日本印刷株式会社,千葉県,"時給1,400円～",アルバイト・パート,事務,求人ボックス,https://xn--pckua2a7gp15o89zb.com/jb/daadf95a8a2dfcdb9e09f32af1f7eee5,True,6時間前,2026-10-03 04:49:36,千葉県
事務職／一般事務／年間休日125日／20代歓迎!／残業ほぼなし／賞与新着,事務・,千葉県,月給21万円～50万円,正社員,事務,求人ボックス,https://xn--pckua2a7gp15o89zb.com/jbn/0a3c93092b21e20e915c1e27a1b2f123,True,6時間前,2026-10-03 04:49:43,千葉県
事務職／一般事務／年間休日125日以上／土日祝休み／未経験者も安心サポ...新着,事務,千葉県,"月給22万3,000円",正社員,事務,求人ボックス,https://xn--pckua2a7gp15o89zb.com/jbn/65a6b8c7a5eae4a88247f0364124a06e,True,6時間前,2026-10-03 04:49:43,千葉県
事務職／一般事務／20代活躍中／交通費全額支給／年間休日125日新着,事務,千葉県,月給20万円～50万円,正社員,事務,求人ボックス,https://xn--pckua2a7gp15o89zb.com/jbn/b851d21c5be9f795218ac12fee264b9d,True,6時間前,2026-10-03 04:49:47,千葉県
事務職／一般事務／駅近／有給休暇あり／20〜30代女性活躍中／社保完備新着,事務,千葉県,月給21万円～50万円,正社員,事務,求人ボックス,https://xn--pckua2a7gp15o89zb.com/jbn/017945c9d650474524f415a09a8688f1,True,6時間前,2026-10-03 04:49:47,千葉県
一般事務「ネイルOK・20代活躍中」未経験歓迎・土日祝休み新着,事務,千葉県,"月給23万9,000円",正社員,事務,求人ボックス,https://xn--pckua2a7gp15o89zb.com/jbn/c161767ab5f197fa73588f9934d49924,True,17時間前,2026-10-03 04:49:50,千葉県
一般事務新着,株式会社リクルートスタッフィング,千葉県,"時給1,600円～",派遣社員,事務,求人ボックス,https://xn--pckua2a7gp15o89zb.com/jb/e0105e7b831ed23e895bae3fa643bc25,True,20時間前,2026-10-03 04:49:50,千葉県
「まだ間に合う!」未経験採用枠／一般事務／研修充実新着,株式会社ライトキャリア,千葉県,月給25万円～40万円,正社員,事務,求人ボックス,https://xn--pckua2a7gp15o89zb.com/jb/93bfd5093f7bccef49957c85fed5e9de,True,19時間前,2026-10-03 04:49:50,千葉県
一般事務新着,パーソルビジネスプロセスデザイン株式会社,千葉県,"時給1,417円～",アルバイト・パート,事務,求人ボックス,https://xn--pckua2a7gp15o89zb.com/jb/dddbaf85358c508b0c2a3de768d9729d,True,2時間前,2026-10-03 04:49:50,千葉県
ゴルフ場の総務経理事務スタッフ新着,株式会社日本ゴルフ倶楽部 ゴールデンクロスカント...,千葉県,"時給1,300円～1,500円",アルバイト・パート,経理,求人ボックス,https://xn--pckua2a7gp15o89zb.com/jb/30f90928df777c783e0897faec462259,True,12時間前,2026-10-03 04:49:30,千葉県
大手で安定して働く／関東で経理事務業務新着,株式会社OOQ,千葉県,"月給20万5,000円",正社員,経理,求人ボックス,https://xn--pckua2a7gp15o89zb.com/jb/0c9c1decc65a832b54c806ab48122855,True,15時間前,2026-10-03 04:49:30,千葉県
経理事務／仕訳・入出金管理から決算補助まで担当新着,株式会社01テクノロジーズ,千葉県,年収320万円～400万円,正社員,経理,求人ボックス,https://xn--pckua2a7gp15o89zb.com/jb/06db7ba6f4a5fff033303b105db75f08,True,10時間前,2026-10-03 04:49:31,千葉県
経理事務新着,株式会社CAREER,千葉県,"時給2,000円",派遣社員,経理,求人ボックス,https://xn--pckua2a7gp15o89zb.com/jb/bf3f4c9132c47678d28db8536494bd9c,True,10時間前,2026-10-03 04:49:31,千葉県
経理事務+ 人事・総務事務新着,株式会社リクルートスタッフィング,千葉県,"時給1,500円～",派遣社員,経理,求人ボックス,https://xn--pckua2a7gp15o89zb.com/jb/4b856b4a3c7d627643e9a875136e2696,True,20時間前,2026-10-03 04:49:31,千葉県
経理・財務 ／ 総務事務 ／経理・総務新着,パーソルテンプスタッフ株式会社,千葉県,"時給1,500円",正社員,経理,求人ボックス,https://xn--pckua2a7gp15o89zb.com/jb/4dda1cadebee87742bf81e82e5938bac,True,23時間前,2026-10-03 04:49:36,千葉県
経理・財務 ／ 一般事務・OA事務／年収~500万円／経理新着,株式会社SHINKOロジ,千葉県,年収430万円～500万円,正社員,経理,求人ボックス,https://xn--pckua2a7gp15o89zb.com/jb/40d63221f56263254c9c190e560339b9,True,23時間前,2026-10-03 04:49:36,千葉県
経理・労務・総務・一般事務新着,一般社団法人浦安市薬剤師会,千葉県,"時給1,250円～",アルバイト・パート,経理,求人ボックス,https://xn--pckua2a7gp15o89zb.com/jb/405a5417e359f5cbece826717172a68e,True,17時間前,2026-10-03 04:49:36,千葉県
経理事務／紹介予定派遣 経理新着,マンパワーグループ株式会社,千葉県,"時給1,600円～1,750円",派遣社員,経理,求人ボックス,https://xn--pckua2a7gp15o89zb.com/jb/12b758c11dc2ffef6ed3d5d9a5abbfd2,True,8時間前,2026-10-03 04:49:39,千葉県
「リモート可」未経験採用枠／経理事務／年間休日125日以上新着,未経験OK,千葉県,"月給25万2,700円",正社員,経理,求人ボックス,https://xn--pckua2a7gp15o89zb.com/jbn/6f90b36013324b43082d5a659fbfba83,True,9時間前,2026-10-03 04:49:39,千葉県
リモート可／未経験可／経理事務／年休125日以上新着,未経験OK,千葉県,"月給23万6,100円",正社員,経理,求人ボックス,https://xn--pckua2a7gp15o89zb.com/jbn/b27d5b0ac9573174a896797c01997f9b,True,9時間前,2026-10-03 04:49:39,千葉県
経理事務／基本17時半終業 請求管理簿作成など 時給1600円新着,株式会社スタッフサービス,千葉県,時給1600円,派遣社員,経理,求人ボックス,https://xn--pckua2a7gp15o89zb.com/jb/245926997c1e05bae5b0285b4c5b0ab8,True,16時間前,2026-10-03 04:49:39,千葉県
千葉市中央区エリアでお仕事したい方に!事務のお仕事! オフィスワークデビュー応援!事務 土日祝休新着,株式会社ディンプル,千葉県,"月給20万1,000円",正社員,経理,求人ボックス,https://xn--pckua2a7gp15o89zb.com/jb/dd029c863585cd93eff02e0615230293,True,10時間前,2026-10-03 04:49:39,千葉県
未経験から始められる簡単データ入力!決まった項目をコツコツ入力するだけのシンプル事務ワーク新着,事務,千葉県,月給26万円～27万,正社員,経理,求人ボックス,https://xn--pckua2a7gp15o89zb.com/jbn/056a90660cb9866166ae63b2096e61ef,True,11時間前,2026-10-03 04:49:39,千葉県
事務職／充実の研修で安心スタート!／福利厚生充実／完全週休2日制／経験不問新着,キャリアの幅も無限大 例えば営業,千葉県,"月給22万4,000円",正社員,経理,求人ボックス,https://xn--pckua2a7gp15o89zb.com/jbn/be46d662e4105cd9eb02aae2666216c0,True,6時間前,2026-10-03 04:49:42,千葉県
電話少なめで安心!コツコツ事務ワークで月収25〜35万円可新着,経理,千葉県,"月給26万7,000円",正社員,経理,求人ボックス,https://xn--pckua2a7gp15o89zb.com/jbn/d6b076546ac19b2138e4905a0771dabf,True,11時間前,2026-10-03 04:49:42,千葉県
「データ入力／一般事務・バックオフィス」プライベートも仕事も全力で自分らしく!髪色・ネイル新着,株式会社ONE LOOK,千葉県,月給22万円～40万円,正社員,経理,求人ボックス,https://xn--pckua2a7gp15o89zb.com/jbn/9d2af6418acfd34f30eb38cad298bbf8,True,14時間前,2026-10-03 04:49:42,千葉県
事務職／総務事務／残業なし／服装髪型自由／賞与・昇給あり／ネイル・ピアス自由新着,事務,千葉県,"月給23万1,000円",正社員,経理,求人ボックス,https://xn--pckua2a7gp15o89zb.com/jbn/04638d779b2ac882738460ee031aafc4,True,6時間前,2026-10-03 04:49:46,千葉県
社内イベントの準備サポート事務!未経験OK・月収25〜35万円可新着,経理,千葉県,"月給25万3,000円",正社員,経理,求人ボックス,https://xn--pckua2a7gp15o89zb.com/jbn/7fc523e03e273379c73788c347d20761,True,11時間前,2026-10-03 04:49:46,千葉県
事務職／充実の研修で安心スタート!／経験不問／完全週休2日制／福利厚生充実新着,事務,千葉県,月給21万円～50万円,正社員,経理,求人ボックス,https://xn--pckua2a7gp15o89zb.com/jbn/0325c56f91f79e02f1d44786c52c729a,True,6時間前,2026-10-03 04:49:49,千葉県
データ入力・事務／教育体制あり／若い者歓迎／マニュアル完備／ブランクOK／残業少なめ新着,株式会社ホワイトキャリア,千葉県,月給20万円～50万円,正社員,経理,求人ボックス,https://xn--pckua2a7gp15o89zb.com/jbn/4a63a56c6cc22b59ab8193f0e8ca0f68,True,6時間前,2026-10-03 04:49:49,千葉県
パソコンの困ったを解決するお仕事!設定変更や初期設定をマニュアル通りに代行／月給26万5600円～新着,このお仕事の特徴一般,千葉県,月給26万5600円,正社員,経理,求人ボックス,https://xn--pckua2a7gp15o89zb.com/jbn/aceebc445cd5a255ffeeb4df41763d6d,True,12時間前,2026-10-03 04:49:53,千葉県
デスクワークメインの庶務アシスタント!年間休日125日以上でプライベートも充実新着,事務,千葉県,"月給26万5,600円",正社員,経理,求人ボックス,https://xn--pckua2a7gp15o89zb.com/jbn/41b209a8238c6e046f6cfc1aca7d9463,True,12時間前,2026-10-03 04:49:53,千葉県
静かな環境でもくもく作業のデータ入力!賞与年2回・昇給年1回で安定して働ける／月給26万8600円～新着,事務,千葉県,月給26万8600円,正社員,経理,求人ボックス,https://xn--pckua2a7gp15o89zb.com/jbn/95f3a3741f0870d5bde9f21367b8de4a,True,12時間前,2026-10-03 04:49:53,千葉県
ブランクの方も歓迎 駅近オフィスでのお仕事新着,株式会社元気グループホールディングス,千葉県,月給25万円,正社員,経理,求人ボックス,https://xn--pckua2a7gp15o89zb.com/jb/4f32ca87386a0aac64ffab0ae6fd2b40,True,10時間前,2026-10-03 04:49:57,千葉県
気配りが活きる書類作成アシスタント!土日祝休み・残業ほぼなしで働きやすい環境／月給26万1200円～新着,事務,千葉県,月給26万1200円,正社員,経理,求人ボックス,https://xn--pckua2a7gp15o89zb.com/jbn/5d513dc283cb265dff0e3494563cdff6,True,12時間前,2026-10-03 04:49:57,千葉県
はじめての事務にぴったりのイベント準備!服装自由・髪型自由のオフィスで自分らしく働ける新着,事務,千葉県,"月給26万5,500円",正社員,経理,求人ボックス,https://xn--pckua2a7gp15o89zb.com/jbn/46bd4ef845a49b8108600531bd454240,True,12時間前,2026-10-03 04:49:57,千葉県
もくもく作業が好きな方へのファイリング事務!賞与年2回・昇給年1回で安定して働ける新着,事務,千葉県,"月給26万5,100円",正社員,経理,求人ボックス,https://xn--pckua2a7gp15o89zb.com/jbn/db755e8811e09f2bbed64c0d369ab8ad,True,12時間前,2026-10-03 04:50:01,千葉県
知識ゼロからスタートできるエンジニア職!自分が関わったものが動く感動を味わえる新着,このお仕事の特徴一般,千葉県,"月給26万7,100円",正社員,経理,求人ボックス,https://xn--pckua2a7gp15o89zb.com/jbn/0bd81dd0fa0530a1fa94be1823a507d5,True,12時間前,2026-10-03 04:50:01,千葉県
特別養護老人ホームでの看護業務 派遣看護師／正准不問／日勤のみ新着,株式会社グッドネクスト,千葉県,"時給2,300円",派遣社員,看護,求人ボックス,https://xn--pckua2a7gp15o89zb.com/jb/733dbdd389aa6b7c483350756eea7d18,True,22時間前,2026-10-03 04:49:39,千葉県
看護師新着,サンライズ茂原,千葉県,"月給28万2,500円",正社員,看護,求人ボックス,https://xn--pckua2a7gp15o89zb.com/jb/cc0f422094876fdac748143001d44cff,True,4時間前,2026-10-03 04:49:39,千葉県
看護師スタッフ新着,青山病院,千葉県,"月給18万3,680円",正社員,看護,求人ボックス,https://xn--pckua2a7gp15o89zb.com/jb/045401809df02f97b0357ee90c3c0f6e,True,4時間前,2026-10-03 04:49:40,千葉県
看護師新着,ジャルダン カトレア いすみ,千葉県,"月給21万4,000円",正社員,看護,求人ボックス,https://xn--pckua2a7gp15o89zb.com/jb/703204409ea2b012e2280e32137e92d6,True,3時間前,2026-10-03 04:49:43,千葉県
クリニック看護師新着,赤枝グループ,千葉県,"月給31万4,672円",正社員,看護,求人ボックス,https://xn--pckua2a7gp15o89zb.com/jb/5ef6804d0eb0867b767571cf3014986a,True,3時間前,2026-10-03 04:49:43,千葉県
看護師・准看護師新着,株式会社トラストグロース,千葉県,"時給2,000円～2,500円",派遣社員,看護,求人ボックス,https://xn--pckua2a7gp15o89zb.com/jb/1e18637d692a3cb0d1ad86864554ed2e,True,4時間前,2026-10-03 04:49:47,千葉県
正看護師／透析 日勤のみ新着,医療法人社団誠馨会,千葉県,"月給30万2,000円",正社員,看護,求人ボックス,https://xn--pckua2a7gp15o89zb.com/jb/37120aba30e406fa2dc5dcf76f6acef9,True,9時間前,2026-10-03 04:49:50,千葉県
インターナショナル保育園の看護師新着,株式会社リトルガーデン リトルガーデンインターナ...,千葉県,月給28万円～33万円,正社員,看護,求人ボックス,https://xn--pckua2a7gp15o89zb.com/jb/c95a98b0239a3f74d2fe0100b69622e8,True,21時間前,2026-10-03 04:49:50,千葉県
病院での看護師新着,株式会社トラストグロース 第1営業部,千葉県,"月給32万5,000円",,看護,求人ボックス,https://xn--pckua2a7gp15o89zb.com/jb/c74cf006c5d2837e00935dadd35dea00,True,4時間前,2026-10-03 04:49:54,千葉県
診療所・クリニックの看護師／准看護師新着,医療法人社団慶成会 千葉西クリニック,千葉県,"月給30万5,000円",正社員,看護,求人ボックス,https://xn--pckua2a7gp15o89zb.com/jb/3221274673ada03340367cae7e25548b,True,7時間前,2026-10-03 04:49:58,千葉県
介護施設の看護師／准看護師新着,住宅型有料老人ホーム アビタシオン君津,千葉県,"月給30万2,500円",正社員,看護,求人ボックス,https://xn--pckua2a7gp15o89zb.com/jb/68ab205d066441fd24469a536faa478a,True,7時間前,2026-10-03 04:49:58,千葉県
診療所・クリニックの看護師／准看護師新着,医療法人誠光会 ひかりクリニック松戸,千葉県,月給31万円～33万円,正社員,看護,求人ボックス,https://xn--pckua2a7gp15o89zb.com/jb/68586bd2506a940850c4fd5958829a72,True,6時間前,2026-10-03 04:50:01,千葉県
正看護師・准看護師／外来 日勤のみ新着,看護,千葉県,月給32万円～35万円,正社員,看護,求人ボックス,https://xn--pckua2a7gp15o89zb.com/jb/b8b3595fa3680f64faf1d5997f0a5f90,True,8時間前,2026-10-03 04:50:05,千葉県
正看護師・准看護師／介護・福祉 2交代新着,看護,千葉県,"月給38万8,000円",正社員,看護,求人ボックス,https://xn--pckua2a7gp15o89zb.com/jb/330f2d69824c27e9d963c45639e9efcd,True,8時間前,2026-10-03 04:50:05,千葉県
看護師／オンコールなし、夜勤なし／サニーライフ西千葉新着,株式会社川島コーポレーション,千葉県,月給25万円,正社員,看護,求人ボックス,https://xn--pckua2a7gp15o89zb.com/jb/e0f181a5e86ba2c56dc6fe7bca61574c,True,15時間前,2026-10-03 04:50:09,千葉県
デイサービスでの柔道整復師新着,株式会社トラストグロース 第1営業部,千葉県,"時給1,400円～1,500円",アルバイト・パート,治療家,求人ボックス,https://xn--pckua2a7gp15o89zb.com/jb/2d76d6ad93b094e2f1f87e2d1eddee5e,True,4時間前,2026-10-03 04:49:53,千葉県
デイサービスでの機能訓練士新着,株式会社トラストグロース,千葉県,"時給2,100円～",派遣社員,治療家,求人ボックス,https://xn--pckua2a7gp15o89zb.com/jb/0391474ebb78ab36af9c7398b0d21595,True,4時間前,2026-10-03 04:49:53,千葉県
「役員タクシードライバー」週3日勤務／普通免許で未経験からスタート／月収50万円以上・ボーナス年2回新着,柔道整復師,千葉県,"月給47万6,000円",正社員,治療家,求人ボックス,https://xn--pckua2a7gp15o89zb.com/jbn/563662986e1ed427f62ac34f9dea3da5,True,12時間前,2026-10-03 04:49:53,千葉県
著名人や企業役員のタクシードライバー「週3日勤務」未経験OK・月収40万円以上／ボーナス支給あり新着,柔道整復師,千葉県,"月給47万6,000円",正社員,治療家,求人ボックス,https://xn--pckua2a7gp15o89zb.com/jbn/5a6a0cb80c65e0adf28e3954ba3913f8,True,12時間前,2026-10-03 04:49:53,千葉県
タクシードライバー週3日勤務／未経験OK・月収50万円以上・ボーナス支給あり新着,柔道整復師,千葉県,"月給47万6,500円",正社員,治療家,求人ボックス,https://xn--pckua2a7gp15o89zb.com/jbn/952cd499b1ea5f1140fa27578d8aa435,True,11時間前,2026-10-03 04:49:53,千葉県
「空港へのタクシードライバー」週3日勤務／普通免許で未経験OK／月収50万円以上・賞与2ヶ月分あり新着,柔道整復師,千葉県,"月給47万6,000円",正社員,治療家,求人ボックス,https://xn--pckua2a7gp15o89zb.com/jbn/d9057c7223f72af7aae6d2d5eb0caced,True,13時間前,2026-10-03 04:49:53,千葉県
タクシードライバー／「タレントやスポーツ選手等の送迎」週3日勤務／未経験OK・月収50万円以上新着,柔道整復師,千葉県,"月給47万4,000円",正社員,治療家,求人ボックス,https://xn--pckua2a7gp15o89zb.com/jbn/e671679971f6e7c74a5a6207d4a70d8e,True,13時間前,2026-10-03 04:49:53,千葉県
「タクシードライバー・夜勤」月50万以上可・未経験歓迎／寮・社宅完備／普免のみOK・ボーナスあり新着,柔道整復師,千葉県,"月給47万6,000円",正社員,治療家,求人ボックス,https://xn--pckua2a7gp15o89zb.com/jbn/7100a893f608fb986521042e9e0fba2e,True,9時間前,2026-10-03 04:49:54,千葉県
「タクシードライバー・定期送迎」月収50万以上・未経験歓迎・普通免許のみOK・ボーナスあり新着,柔道整復師,千葉県,"月給47万6,000円",正社員,治療家,求人ボックス,https://xn--pckua2a7gp15o89zb.com/jbn/6dd008b371bb3fee872f26074feb9e4e,True,9時間前,2026-10-03 04:49:54,千葉県
「著名人・企業タクシードライバー」月収40万以上・未経験歓迎／週3勤務・ボーナスあり新着,柔道整復師,千葉県,"月給47万6,000円",正社員,治療家,求人ボックス,https://xn--pckua2a7gp15o89zb.com/jbn/6c9955dd461a27c6acfe197a4cea3800,True,9時間前,2026-10-03 04:49:54,千葉県
理学療法士／デイサービス・デイケア新着,株式会社cocolabo デイサービスcarel...,千葉県,"月給16万4,000円",正社員,治療家,求人ボックス,https://xn--pckua2a7gp15o89zb.com/jb/411669e86cd3ec007140477dd41065de,True,13時間前,2026-10-03 04:49:54,千葉県
タレント・芸能・観光客のタクシードライバー「週3日勤務」賞与年2回／初年度から月収50万円以上新着,...未経験からでも安心してプロドライバーを目指せる環境です。 【その他特徴】<前職例>製造/工場/ライン作業/生產管理/設備保全/製鋼/溶接クレーン・玉掛/金属加工/板金加工/板金塗装/警備員機械・,千葉県,"月給47万6,000円",正社員,治療家,求人ボックス,https://xn--pckua2a7gp15o89zb.com/jbn/41cd9237a1c3c044050aa8a78d534b41,True,13時間前,2026-10-03 04:49:54,千葉県
理学療法士／デイサービス・デイケア新着,株式会社cocolabo デイサービスcarel...,千葉県,"月給16万4,000円",正社員,治療家,求人ボックス,https://xn--pckua2a7gp15o89zb.com/jb/e0de71c5283234191a69a8f91b53cd79,True,12時間前,2026-10-03 04:49:54,千葉県
「週3日勤務」普通免許でスタートできる役員タクシードライバー／週の残り4日はすべてあなたの自由時間新着,...キャリアアップも全面的にバックアップします。 【その他概要】<前職例>製造/工場/ライン作業/生產管理/設備保全/製鋼/溶接クレーン・玉掛/金属加工/板金加工/板金塗装/警備員機械・電気/倉庫内,千葉県,"月給47万4,000円",正社員,治療家,求人ボックス,https://xn--pckua2a7gp15o89zb.com/jbn/110e22c6aa8559fd993983b16e3d60de,True,13時間前,2026-10-03 04:49:58,千葉県
草加営業所／2t定期便配送ドライバー／中型免許でOK／20代～40代活...新着,株式会社和幸流通サービス,千葉県,月給24万円～30万円,正社員,ドライバー,求人ボックス,https://xn--pckua2a7gp15o89zb.com/jbn/845addeba4c2fbc727d359fbdb98acd3,True,22時間前,2026-10-03 04:50:06,千葉県
「手積み・手降ろしほぼなし」近距離の大型トラックドライバー／研修あり新着,司企業株式会社 野田ロジセンター,千葉県,月給23万円～40万円,正社員,ドライバー,求人ボックス,https://xn--pckua2a7gp15o89zb.com/jbn/d2bd3d2ff7196360784e225138c73654,True,22時間前,2026-10-03 04:50:06,千葉県
タクシードライバー／週3日勤務「専属運転手」20代~50代活躍中新着,ドライバー,千葉県,"月給47万6,000円",正社員,ドライバー,求人ボックス,https://xn--pckua2a7gp15o89zb.com/jbn/220cc86ec11372f28f1103f73e406b3a,True,10時間前,2026-10-03 04:50:12,千葉県
タクシードライバー／「経営者の専属運転手」月収50万以上・週3勤務新着,ドライバー,千葉県,"月給47万6,000円",正社員,ドライバー,求人ボックス,https://xn--pckua2a7gp15o89zb.com/jbn/b75704212efbeea1164119453c213596,True,9時間前,2026-10-03 04:50:12,千葉県
「VIP・タクシードライバー」1年目で年収600万・週3勤務新着,<仕事内容>企業役員やVIPのお客様を送迎する、落ち着いて取り組める,千葉県,"月給47万6,000円",正社員,ドライバー,求人ボックス,https://xn--pckua2a7gp15o89zb.com/jbn/22a7554bb2fd8a50533e3624fecc1357,True,9時間前,2026-10-03 04:50:15,千葉県
引越しドライバー／未経験歓迎／日曜休みOK新着,中尾運輸株式会社,千葉県,月給27万円～32万円,正社員,ドライバー,求人ボックス,https://xn--pckua2a7gp15o89zb.com/jb/12756a8b54ba2f1a74f5aa49923a292b,True,9時間前,2026-10-03 04:50:18,千葉県
15tトラックでの石膏ボード配送ドライバー／手卸しなしで入社1年目から...新着,柳田運輸株式会社,千葉県,月給35万円～50万円,正社員,ドライバー,求人ボックス,https://xn--pckua2a7gp15o89zb.com/jbn/392487858f76d6cee507c1e5b08dbcd0,True,22時間前,2026-10-03 04:50:22,千葉県
10トン配送ドライバー／未経験歓迎／日曜休みOK／賞与あり新着,つるとみ運輸株式会社,千葉県,月給33万円～45万円,正社員,ドライバー,求人ボックス,https://xn--pckua2a7gp15o89zb.com/jb/8eceb91b3ccecae1ac47be1d5a506e0e,True,9時間前,2026-10-03 04:50:26,千葉県
「空港へのタクシードライバー」週3日勤務／普通免許で未経験OK新着,ドライバー,千葉県,"月給47万6,000円",正社員,ドライバー,求人ボックス,https://xn--pckua2a7gp15o89zb.com/jbn/8840ecef1f0dfe0796db3b6c6843cba0,True,12時間前,2026-10-03 04:50:26,千葉県
ドラックストアの店舗配送ドライバー／未経験歓迎新着,株式会社東京アクティー,千葉県,月給31万円～,正社員,ドライバー,求人ボックス,https://xn--pckua2a7gp15o89zb.com/jb/b971a9c58db81505cf8ecd961094135c,True,9時間前,2026-10-03 04:50:29,千葉県
「週3日勤務」芸能関係のタクシードライバー／普通免許でOK新着,ドライバー,千葉県,"月給47万6,000円",正社員,ドライバー,求人ボックス,https://xn--pckua2a7gp15o89zb.com/jbn/20bd3011d243db55e03d81f4fa7da34f,True,13時間前,2026-10-03 04:50:29,千葉県
「夜勤・タクシードライバー」月収50万以上・履歴書不要／普通免許でOK新着,ドライバー,千葉県,"月給47万6,000円",正社員,ドライバー,求人ボックス,https://xn--pckua2a7gp15o89zb.com/jbn/b2bebcdfafa5414bb36749af77e9afda,True,10時間前,2026-10-03 04:50:32,千葉県
引越しドライバー／未経験歓迎／日曜休みOK／賞与あり新着,株式会社サカイ引越センター,千葉県,月給28万円～45万円,正社員,ドライバー,求人ボックス,https://xn--pckua2a7gp15o89zb.com/jb/e78ecf49299cb4e1c9d5b4d8b7c73718,True,9時間前,2026-10-03 04:50:35,千葉県
「異業種からの転職歓迎」タクシードライバー／週3勤務／月収50万以上新着,経験を活かして始められる,千葉県,"月給47万6,000円",正社員,ドライバー,求人ボックス,https://xn--pckua2a7gp15o89zb.com/jbn/153260a8364d9002eb141ded9b02e118,True,10時間前,2026-10-03 04:50:35,千葉県
「愛知県勤務」警備員／待遇に自信あり／引っ越しサポートあり新着,セキュリティスタッフ株式会社,千葉県,月給24万円～38万,正社員,警備,求人ボックス,https://xn--pckua2a7gp15o89zb.com/jb/d147810d507fdf29370409280c9b8e2d,True,4時間前,2026-10-03 04:50:12,千葉県
本社正社員として警備員教育や研修及び指導新着,株式会社スワット,千葉県,月給23万円～25万円,正社員,警備,求人ボックス,https://xn--pckua2a7gp15o89zb.com/jb/f3b850792b93342a28eb5c64148327b9,True,23時間前,2026-10-03 04:50:12,千葉県
警備員／株式会社MSK 施設事業部新着,株式会社第二章,千葉県,"時給1,500円～",アルバイト・パート,警備,求人ボックス,https://xn--pckua2a7gp15o89zb.com/jb/73be92110543616bd61d8a15715e4c4f,True,2時間前,2026-10-03 04:50:13,千葉県
イベント・交通誘導警備員／未経験OK／シフト自己申告制／勤務地多数新着,明成警備保障株式会社,千葉県,日給1万円～1万,アルバイト・パート,警備,求人ボックス,https://xn--pckua2a7gp15o89zb.com/jb/2bba4952d3376b4e8ad5251f91416216,True,6時間前,2026-10-03 04:50:13,千葉県
イベント・交通誘導警備員／週1日から勤務OK／夜勤／週払いOK新着,株式会社Meiseiセキュリティー,千葉県,"日給1万2,000円",アルバイト・パート,警備,求人ボックス,https://xn--pckua2a7gp15o89zb.com/jb/f3ba4813f008c62ef99e0445ce7ac856,True,6時間前,2026-10-03 04:50:16,千葉県
公共施設の常駐警備員新着,ライトコーポレーション合同会社,千葉県,"時給1,195円",契約社員,警備,求人ボックス,https://xn--pckua2a7gp15o89zb.com/jb/7d8429d5eb0a490faf8f4a2413893b6f,True,5時間前,2026-10-03 04:50:16,千葉県
交通誘導の警備員新着,株式会社サンテック,千葉県,日給1万500円,アルバイト・パート,警備,求人ボックス,https://xn--pckua2a7gp15o89zb.com/jb/eff92004200595affde8a92434bc3e77,True,5時間前,2026-10-03 04:50:19,千葉県
スーパーの警備員 日勤 06:00～10:00他 現場固定新着,SPD株式会社,千葉県,"時給1,150円～",アルバイト・パート,警備,求人ボックス,https://xn--pckua2a7gp15o89zb.com/jb/e1a735643fd73d35321c3c324d67d417,True,8時間前,2026-10-03 04:50:19,千葉県
入社祝金6万／工事現場での安全警備員／~17時半／残業無・早帰有新着,グリーン警備保障株式会社,千葉県,日給1万700円,アルバイト・パート,警備,求人ボックス,https://xn--pckua2a7gp15o89zb.com/jb/30bf176c56c528ed01877c0b3c43294c,True,13時間前,2026-10-03 04:50:19,千葉県
西新橋にあるオフィスビルでの施設警備員／立ちと座りのローテーション新着,アラコム株式会社,千葉県,"日給1万2,250円",契約社員,警備,求人ボックス,https://xn--pckua2a7gp15o89zb.com/jb/9f0c5c0ed7649b47c3e616a3234f194b,True,13時間前,2026-10-03 04:50:23,千葉県
デスクワーク／未経験OK／第二新卒歓迎／福利厚生充実／教育体制あり／若手中心新着,株式会社ホワイトキャリア,千葉県,"月給21万9,000円",正社員,警備,求人ボックス,https://xn--pckua2a7gp15o89zb.com/jbn/f38bd05bcc246d4a3774ba77ce08a9bd,True,6時間前,2026-10-03 04:50:27,千葉県
「タクシードライバー」月収50万以上・未経験歓迎／週3勤務・普通免許のみOK・ボーナス2回新着,<前職例>製造/工場/ライン作業/生產管理/設備保全/製鋼/溶接クレーン・玉掛/金属加工/板金加工/板金塗装/,千葉県,"月給47万6,000円",正社員,警備,求人ボックス,https://xn--pckua2a7gp15o89zb.com/jbn/dcedb549bfcd38393516500509d6b1e5,True,9時間前,2026-10-03 04:50:27,千葉県
「著名人のタクシードライバー」未経験OK・月収50万円以上／週3日勤務／20代～50代が多数活躍中新着,警備員,千葉県,"月給47万4,000円",正社員,警備,求人ボックス,https://xn--pckua2a7gp15o89zb.com/jbn/1bbd955ddb327ace015960f9b9486a2f,True,13時間前,2026-10-03 04:50:31,千葉県
「アプリ配車タクシードライバー・週3勤務」20代活躍中／月収40万以上／普通免許でOK新着,警備員,千葉県,"月給47万4,000円",正社員,警備,求人ボックス,https://xn--pckua2a7gp15o89zb.com/jbn/ce435b7df10bc73042381e4f6c0b2a40,True,10時間前,2026-10-03 04:50:31,千葉県
タクシードライバー週3日勤務／未経験OK・月収50万円以上・ボーナス支給あり新着,警備員,千葉県,"月給40万4,500円",正社員,警備,求人ボックス,https://xn--pckua2a7gp15o89zb.com/jbn/0fdbc2cc29d9f9f045589ca6a2c6b10b,True,11時間前,2026-10-03 04:50:35,千葉県
「夜勤・タクシードライバー」急募／月収50万以上・20代活躍中／普通免許でOK新着,警備員,千葉県,"月給47万6,000円",正社員,警備,求人ボックス,https://xn--pckua2a7gp15o89zb.com/jbn/b1dc3751bd8214f941e191aa7eb5e5d5,True,9時間前,2026-10-03 04:50:35,千葉県
タクシードライバー／「タレントやスポーツ選手等の送迎」週3日勤務／未経験OK・月収50万円以上新着,警備員,千葉県,"月給47万6,000円",正社員,警備,求人ボックス,https://xn--pckua2a7gp15o89zb.com/jbn/ed6bc986d3e62b2e86df21bd0a6b5c28,True,13時間前,2026-10-03 04:50:39,千葉県
「夜勤・空港タクシードライバー」月収50万以上・ボーナスあり／普通免許のみOK新着,警備員,千葉県,"月給47万4,000円",正社員,警備,求人ボックス,https://xn--pckua2a7gp15o89zb.com/jbn/7d56e602a07b18a65de422abe7f68d18,True,10時間前,2026-10-03 04:50:42,千葉県
「夜勤・アプリ配車タクシードライバー」二種免許不要／月収40万以上／未経験歓迎新着,警備員,千葉県,"月給47万6,000円",正社員,警備,求人ボックス,https://xn--pckua2a7gp15o89zb.com/jbn/97854042e748c5c21c7ecb19cccabc9f,True,9時間前,2026-10-03 04:50:42,千葉県
「モクモク作業が好きな方へ!」eスポーツ関連グッズづくりの製造スタッフ新着,製造,千葉県,"月給31万1,050円",正社員,製造,求人ボックス,https://xn--pckua2a7gp15o89zb.com/jbn/8c9363a43b54af7558e503dcc32f62dc,True,15時間前,2026-10-03 04:50:15,千葉県
「未経験から製造デビュー!」スイーツデコづくりの製造スタッフ新着,製造,千葉県,"月給31万1,030円",正社員,製造,求人ボックス,https://xn--pckua2a7gp15o89zb.com/jbn/cff6896867f8314b3943ad03ac8f500d,True,14時間前,2026-10-03 04:50:15,千葉県
「モクモク作業が好きな方へ!」スニーカーの製造スタッフ／賞与あり新着,製造,千葉県,"月給30万3,330円",正社員,製造,求人ボックス,https://xn--pckua2a7gp15o89zb.com/jbn/ff4f1244f4b4d68d93db06a391cd5e65,True,14時間前,2026-10-03 04:50:16,千葉県
「未経験95%スタート!」／ゲームイベントノベルティの製造スタッフ新着,製造,千葉県,"月給40万7,000円",正社員,製造,求人ボックス,https://xn--pckua2a7gp15o89zb.com/jbn/d75851ba94a0a028393ac51146dfc9a6,True,13時間前,2026-10-03 04:50:16,千葉県
「コツコツ派にぴったり!」ジオラマ模型の製造スタッフ／年間休日130日...新着,製造,千葉県,"月給31万4,500円",正社員,製造,求人ボックス,https://xn--pckua2a7gp15o89zb.com/jbn/8c3a2f5ffe75f7359dc21228f6090f94,True,14時間前,2026-10-03 04:50:20,千葉県
「黙々と集中したい方に!」ドライフラワーづくりの製造スタッフ新着,製造,千葉県,"月給30万8,200円",正社員,製造,求人ボックス,https://xn--pckua2a7gp15o89zb.com/jbn/bfc512eee145927be19ccf5b87c8c154,True,15時間前,2026-10-03 04:50:20,千葉県
「コツコツ派にぴったり!」猫用おもちゃづくりの製造スタッフ新着,製造,千葉県,"月給31万5,540円",正社員,製造,求人ボックス,https://xn--pckua2a7gp15o89zb.com/jbn/9fa684ca306dfd4af99e307056daf661,True,14時間前,2026-10-03 04:50:20,千葉県
「身近な商品を扱う仕事!」ラバーストラップづくりの製造スタッフ新着,製造,千葉県,"月給30万1,810円",正社員,製造,求人ボックス,https://xn--pckua2a7gp15o89zb.com/jbn/528e30f8310742b119269166698eb2ed,True,14時間前,2026-10-03 04:50:23,千葉県
「フリーターから正社員へ!」バスボムの製造スタッフ／寮完備新着,製造,千葉県,"月給30万7,650円",正社員,製造,求人ボックス,https://xn--pckua2a7gp15o89zb.com/jbn/2eb4cec99264204f931e6d744226cea5,True,14時間前,2026-10-03 04:50:23,千葉県
「正社員デビュー応援!」／キャラクターフィギュアの製造スタッフ新着,製造,千葉県,"月給42万7,000円",正社員,製造,求人ボックス,https://xn--pckua2a7gp15o89zb.com/jbn/abe3868668942ad748006e37b9c8fefc,True,13時間前,2026-10-03 04:50:25,千葉県
「モクモク作業が好きな方へ!」ワイヤレスイヤホンの製造スタッフ／正社員新着,製造,千葉県,"月給31万6,430円",正社員,製造,求人ボックス,https://xn--pckua2a7gp15o89zb.com/jbn/a7f7feb1c8a735787a12dd51bca61708,True,15時間前,2026-10-03 04:50:28,千葉県
「モクモク作業が好きな方へ!」アイドルグッズの製造スタッフ／未経験OK新着,製造,千葉県,"月給31万3,350円",正社員,製造,求人ボックス,https://xn--pckua2a7gp15o89zb.com/jbn/d4a156abb02262391a729a50bae181d3,True,15時間前,2026-10-03 04:50:32,千葉県
「モクモク作業が好きな方へ!」ゲーミングデバイスづくりの製造スタッフ新着,製造,千葉県,"月給31万4,910円",正社員,製造,求人ボックス,https://xn--pckua2a7gp15o89zb.com/jbn/021abbbb43c7f7cfc052e73619af9b74,True,14時間前,2026-10-03 04:50:36,千葉県
「フリーターから正社員へ!」サウナグッズの製造スタッフ／未経験OK新着,製造,千葉県,"月給30万8,600円",正社員,製造,求人ボックス,https://xn--pckua2a7gp15o89zb.com/jbn/584e36da18b6254c1e19821657597f4c,True,15時間前,2026-10-03 04:50:36,千葉県
「安定収入を目指すなら!」プリクラ機パーツ・シール用紙づくりの製造スタッフ／完全週休二日制／正社員新着,製造,千葉県,月給31万350円,正社員,製造,求人ボックス,https://xn--pckua2a7gp15o89zb.com/jbn/05d95f1d44be66e39b362fe3f1e004f6,True,14時間前,2026-10-03 04:50:40,千葉県
「未経験から製造デビュー!」マカロンの製造スタッフ／年間休日130日以...新着,製造,千葉県,"月給30万5,520円",正社員,製造,求人ボックス,https://xn--pckua2a7gp15o89zb.com/jbn/1f6b017ea71e340dc308a4b925a7c276,True,14時間前,2026-10-03 04:50:40,千葉県
「生活を安定させたい方へ!」ペット用品づくりの製造スタッフ／賞与あり新着,製造,千葉県,"月給31万8,420円",正社員,製造,求人ボックス,https://xn--pckua2a7gp15o89zb.com/jbn/384bc7ad5913d62681c5c215cc0906a5,True,15時間前,2026-10-03 04:50:44,千葉県
ゴルフ場クラブハウスの清掃スタッフ新着,株式会社日本ゴルフ倶楽部 ゴールデンクロスカント...,千葉県,"時給1,250円～1,500円",アルバイト・パート,清掃,求人ボックス,https://xn--pckua2a7gp15o89zb.com/jb/daf7c45a732bb7392bf459df828231c5,True,12時間前,2026-10-03 04:50:40,千葉県
ゴルフ場清掃スタッフ／週3日からOK／特殊清掃なし／朝から17時まで新着,株式会社トータルメンテナンスジャパン,千葉県,"時給1,195円",アルバイト・パート,清掃,求人ボックス,https://xn--pckua2a7gp15o89zb.com/jb/51b6fb6cf7137e8b3c5069134bef032a,True,23時間前,2026-10-03 04:50:40,千葉県
清掃スタッフ／短時間勤務／未経験OK新着,三栄メンテナンス株式会社,千葉県,"時給1,350円",アルバイト・パート,清掃,求人ボックス,https://xn--pckua2a7gp15o89zb.com/jb/32a2d279ff385cc0be6e77ad49a3dbb3,True,18時間前,2026-10-03 04:50:40,千葉県
マンションの清掃スタッフ新着,株式会社CAREER,千葉県,"時給1,250円",派遣社員,清掃,求人ボックス,https://xn--pckua2a7gp15o89zb.com/jb/765e97cceb83a5280a181b0487c698b8,True,10時間前,2026-10-03 04:50:40,千葉県
構内設備清掃スタッフ／未経験歓迎／日曜休みOK／賞与あり新着,日豊興産株式会社,千葉県,月給27万円～29万円,正社員,清掃,求人ボックス,https://xn--pckua2a7gp15o89zb.com/jb/7b803a6f0fa03c5717a856d0f10091c3,True,9時間前,2026-10-03 04:50:40,千葉県
公共施設内の清掃スタッフ新着,夢工舎キクチ有限会社,千葉県,"時給1,200円～",アルバイト・パート,清掃,求人ボックス,https://xn--pckua2a7gp15o89zb.com/jb/314e9713a7eb5c123b145ceeac4fe959,True,5時間前,2026-10-03 04:50:40,千葉県
簡単 オフィスビルの清掃スタッフ／早朝2～2.5時間だけ 土日祝休み&...新着,星商株式会社,千葉県,"時給1,200円",アルバイト・パート,清掃,求人ボックス,https://xn--pckua2a7gp15o89zb.com/jb/d8a6a951e08a5683a13dcd176f69920a,True,13時間前,2026-10-03 04:50:40,千葉県
ショッピングモール内の清掃スタッフ／大型ショッピングモール内新着,株式会社ニューオーダー,千葉県,"時給1,195円～",アルバイト・パート,清掃,求人ボックス,https://xn--pckua2a7gp15o89zb.com/jb/16605dc4e0ca1f452c3fbf8a6557d7eb,True,10時間前,2026-10-03 04:50:41,千葉県
時給1200円 年齢不問!勤務時間が選べる 1日2～3h勤務新着,株式会社プロテクス,千葉県,時給1200円,アルバイト・パート,清掃,求人ボックス,https://xn--pckua2a7gp15o89zb.com/jb/aad95334507ba8dbe4c17c53c0b57e05,True,13時間前,2026-10-03 04:50:41,千葉県
オフィスビル内の清掃スタッフ新着,東京綜合管理株式会社,千葉県,"時給1,200円～",アルバイト・パート,清掃,求人ボックス,https://xn--pckua2a7gp15o89zb.com/jb/9a32d32e903feb18a4f81cd1d4813c63,True,6時間前,2026-10-03 04:50:41,千葉県
物流センター内の清掃スタッフスキマ時間を有効活用&簡単モクモク取り組め...新着,日本ビルメンテナンス株式会社,千葉県,"時給1,200円",アルバイト・パート,清掃,求人ボックス,https://xn--pckua2a7gp15o89zb.com/jb/2f1b4f5b64982890cfdfcaa648c204e4,True,13時間前,2026-10-03 04:50:41,千葉県
物流センターの事務内清掃スタッフ募集!未経験歓迎／短時間のコツモク作業新着,アイル・コーポレーション株式会社,千葉県,"時給1,195円",アルバイト・パート,清掃,求人ボックス,https://xn--pckua2a7gp15o89zb.com/jb/e763ebdb79cf8e7cc2ce6ba70224b55e,True,13時間前,2026-10-03 04:50:41,千葉県
倉庫内オフィスの清掃スタッフ 平日午前中のお仕事新着,常陽メンテナンス株式会社,千葉県,"時給1,300円",アルバイト・パート,清掃,求人ボックス,https://xn--pckua2a7gp15o89zb.com/jb/9200260c1623bb6ecf52a4aa3fba278b,True,14時間前,2026-10-03 04:50:41,千葉県
オフィス・一般家庭の清掃スタッフ／週1日～OK新着,ケアサービス行田,千葉県,"時給1,250円～",アルバイト・パート,清掃,求人ボックス,https://xn--pckua2a7gp15o89zb.com/jbn/b414afff68e63f40aaea4543cc5457d0,True,19時間前,2026-10-03 04:50:41,千葉県
プラントの清掃スタッフ／未経験OK／週払いOK／社会保険完備新着,株式会社ドライブトライブ,千葉県,"日給1万1,000円",派遣社員,清掃,求人ボックス,https://xn--pckua2a7gp15o89zb.com/jb/9a7881f873cba4e009edbe61ee6f3d59,True,18時間前,2026-10-03 04:50:43,千葉県
ヨークフーズの清掃スタッフ新着,株式会社ゼネラルサービス,千葉県,"時給1,195円",アルバイト・パート,清掃,求人ボックス,https://xn--pckua2a7gp15o89zb.com/jb/b6f44b32a7ffa76e612a9047c67b28a5,True,5時間前,2026-10-03 04:50:43,千葉県
清掃スタッフ新着,株式会社ボイス,千葉県,"時給1,300円",アルバイト・パート,清掃,求人ボックス,https://xn--pckua2a7gp15o89zb.com/jb/16dcc312e6523142d584da72019bd007,True,13時間前,2026-10-03 04:50:43,千葉県
ショッピングモールの清掃スタッフ新着,アイング株式会社 清掃部 フルルガーデン八千代 ...,千葉県,"時給1,200円～",アルバイト・パート,清掃,求人ボックス,https://xn--pckua2a7gp15o89zb.com/jb/ef38ddbd96a47f165b9546183e364307,True,17時間前,2026-10-03 04:50:43,千葉県
夕方の清掃スタッフ新着,アイング株式会社 清掃部 ユアエルム成田店 清掃,千葉県,"時給1,200円～",アルバイト・パート,清掃,求人ボックス,https://xn--pckua2a7gp15o89zb.com/jb/89711b9ffd873bdc0ac8d4f6b277a07d,True,17時間前,2026-10-03 04:50:43,千葉県
オフィスビルの清掃スタッフ新着,グローブシップ株式会社,千葉県,"時給1,300円",アルバイト・パート,清掃,求人ボックス,https://xn--pckua2a7gp15o89zb.com/jb/bf6f95871592bb9f87af9c7235b3045c,True,11時間前,2026-10-03 04:50:43,千葉県
帝京ちば総合医療センターの清掃スタッフ新着,リジョイスカンパニー 帝京大学ちば総合医療センタ...,千葉県,"時給1,200円～",正社員,清掃,求人ボックス,https://xn--pckua2a7gp15o89zb.com/jb/7c5853c43bc286ed89d67c00503feffa,True,17時間前,2026-10-03 04:50:43,千葉県
館内 清掃スタッフ新着,株式会社スパサンフジ 湯楽の里 松戸店,千葉県,"時給1,200円～",アルバイト・パート,清掃,求人ボックス,https://xn--pckua2a7gp15o89zb.com/jb/ec8a5f70a9a4d20441b3dd37971ad2da,True,17時間前,2026-10-03 04:50:46,千葉県
マンションの清掃スタッフ新着,東急ビルメンテナンス株式会社,千葉県,"時給1,280円",アルバイト・パート,清掃,求人ボックス,https://xn--pckua2a7gp15o89zb.com/jb/2ad443c1cdbba4407d6ccff3bfb577f8,True,4時間前,2026-10-03 04:50:46,千葉県
ホテル大浴場・露天風呂の清掃スタッフ／水質チェックあり・未経験歓迎新着,鴨川グランドホテル,千葉県,"時給1,195円",アルバイト・パート,清掃,求人ボックス,https://xn--pckua2a7gp15o89zb.com/jb/8998125d4be8f9bfad7f869ab6d35e1c,True,5時間前,2026-10-03 04:50:46,千葉県
清掃スタッフ新着,株式会社コスモクリーンサプライ,千葉県,"時給1,500円～",アルバイト・パート,清掃,求人ボックス,https://xn--pckua2a7gp15o89zb.com/jb/3533f26144aab47d9c6359ff4bfa0f33,True,5時間前,2026-10-03 04:50:46,千葉県
日常清掃スタッフ新着,有限会社エス・イー・シー,千葉県,"日給3,600円",アルバイト・パート,清掃,求人ボックス,https://xn--pckua2a7gp15o89zb.com/jb/fc6a42b41fc160fef2d5a83bb7c4ba55,True,5時間前,2026-10-03 04:50:46,千葉県
ホテルの大浴場清掃スタッフ新着,清掃,千葉県,"時給1,240円",アルバイト・パート,清掃,求人ボックス,https://xn--pckua2a7gp15o89zb.com/jb/a7e0496498f526185c29012473a78453,True,12時間前,2026-10-03 04:50:46,千葉県
一般家庭の清掃代行スタッフ／ダスキン 西都賀メリーメイド新着,クリーンスペース株式会社,千葉県,"月給26万5,700円",正社員,清掃,求人ボックス,https://xn--pckua2a7gp15o89zb.com/jb/e564c0cee00358ad5f74d8cb8e53ec96,True,17時間前,2026-10-03 04:50:50,千葉県
学校給食の洗浄・清掃スタッフ新着,株式会社東洋食品PFI管理部,千葉県,"時給1,300円～",アルバイト・パート,清掃,求人ボックス,https://xn--pckua2a7gp15o89zb.com/jb/e8c0da57347e574e59b206f0a88489a7,True,5時間前,2026-10-03 04:50:50,千葉県
開店前のパチンコ店清掃スタッフ新着,株式会社一六商事ホールディングス MGM 芝山店,千葉県,"時給1,250円",アルバイト・パート,清掃,求人ボックス,https://xn--pckua2a7gp15o89zb.com/jb/cec71e9c5abbfcbd117f87b50456b9fd,True,17時間前,2026-10-03 04:50:50,千葉県
開店前のパチンコ店清掃スタッフ新着,株式会社一六商事ホールディングス MGM 八街榎...,千葉県,"時給1,250円",アルバイト・パート,清掃,求人ボックス,https://xn--pckua2a7gp15o89zb.com/jb/775fc08fd7f05702c3632f1a8e646398,True,17時間前,2026-10-03 04:50:50,千葉県
開店前のパチンコ店清掃スタッフ新着,株式会社一六商事ホールディングス MGM 成田店,千葉県,"時給1,250円",アルバイト・パート,清掃,求人ボックス,https://xn--pckua2a7gp15o89zb.com/jb/5de7042439e227d83147b0cfada6eba0,True,17時間前,2026-10-03 04:50:50,千葉県
行政施設内の清掃スタッフ／学歴・年齢不問!火・水・土働ける方歓迎新着,ジャパンファシリティサービス株式会社,千葉県,"時給1,280円～1,300円",アルバイト・パート,清掃,求人ボックス,https://xn--pckua2a7gp15o89zb.com/jb/e8873fa812dd6ad119dd471cd200d74c,True,13時間前,2026-10-03 04:50:50,千葉県
クリニックの日常清掃スタッフ／未経験歓迎 1日4.5h 車新着,東葉ビル管理株式会社,千葉県,"時給1,195円",アルバイト・パート,清掃,求人ボックス,https://xn--pckua2a7gp15o89zb.com/jb/740645da128d2fd9f00895e3e9ae3cc8,True,13時間前,2026-10-03 04:50:50,千葉県
オフィスビルの清掃スタッフ／月・木だけの週2日／12時でお仕事終了新着,株式会社サンセイ,千葉県,"時給1,350円～",アルバイト・パート,清掃,求人ボックス,https://xn--pckua2a7gp15o89zb.com/jb/32cc5e5ec577b46a02d6a1a584abf0cf,True,13時間前,2026-10-03 04:50:50,千葉県
マンションの清掃作業スタッフ／月・木の週2日 西長堀駅2分新着,日本プライムサービス株式会社,千葉県,"時給1,231円",アルバイト・パート,清掃,求人ボックス,https://xn--pckua2a7gp15o89zb.com/jb/5605dd4257977e8c65674421fc0437c9,True,13時間前,2026-10-03 04:50:53,千葉県
清掃員／週3日・曜日固定勤務／未経験歓迎新着,株式会社東進ビルシステム,千葉県,"時給1,200円",アルバイト・パート,清掃,求人ボックス,https://xn--pckua2a7gp15o89zb.com/jb/850683ec82a2a23ab6970bfcadddfa2f,True,12時間前,2026-10-03 04:50:53,千葉県
校舎清掃 駅近5分・シフト自由新着,柏ビル管理株式会社,千葉県,"時給1,200円",アルバイト・パート,清掃,求人ボックス,https://xn--pckua2a7gp15o89zb.com/jb/9190e647e5e4de13aad6d6122c349ead,True,18時間前,2026-10-03 04:50:53,千葉県
ホテルの客室清掃／日中のスキマバイト／週2日からOK新着,株式会社デベロップ,千葉県,"時給1,250円",アルバイト・パート,清掃,求人ボックス,https://xn--pckua2a7gp15o89zb.com/jb/bc3b72542f739f3452b1a8e557307f48,True,6時間前,2026-10-03 04:50:53,千葉県
1日3時間・週3日～!未経験・主婦 歓迎!扶養内やWワークも可能新着,グッドタイムリビング株式会社,千葉県,"時給1,140円",アルバイト・パート,清掃,求人ボックス,https://xn--pckua2a7gp15o89zb.com/jb/28b68e31808e2ca572e23fe67e91bb38,True,6時間前,2026-10-03 04:50:53,千葉県
重い物ナシ&屋内作業です!未経験大歓迎!直行直帰OK新着,株式会社クリィア,千葉県,"日給9,150円",アルバイト・パート,清掃,求人ボックス,https://xn--pckua2a7gp15o89zb.com/jb/b9a8166791a79c7e447a712bac2bc72f,True,13時間前,2026-10-03 04:50:53,千葉県
商品の簡単な清掃と梱包／未経験OK／日勤／休憩室完備／幅広い年代活躍中新着,株式会社スキルプラザ,千葉県,"時給1,500円～1,875円",派遣社員,清掃,求人ボックス,https://xn--pckua2a7gp15o89zb.com/jb/5e423253f1d0f53fa803a79f05aded03,True,12時間前,2026-10-03 04:50:53,千葉県
案内・受付 8月OPEN グランピング·サウナ施設のお仕事／年齢不問新着,株式会社アミナコレクション,千葉県,"時給1,200円～",アルバイト・パート,清掃,求人ボックス,https://xn--pckua2a7gp15o89zb.com/jb/69532b9918ebf3d5f8127d7b14d917f4,True,23時間前,2026-10-03 04:50:56,千葉県
「コンビニ店長候補」 日勤中心 地域限定勤務OK 賞与年2回 コンビニ運営@松戸新着,株式会社ディンプル,千葉県,"月給22万9,000円",正社員,清掃,求人ボックス,https://xn--pckua2a7gp15o89zb.com/jb/019a5715dccc3152529789211eaff16c,True,10時間前,2026-10-03 04:50:56,千葉県
ロピアの精肉コーナーで清掃&在庫補充／17:00からの3時間×週3日～未経験新着,株式会社スーパーバリュー,千葉県,"時給1,140円～",アルバイト・パート,清掃,求人ボックス,https://xn--pckua2a7gp15o89zb.com/jb/3f16099bde132f998ba8111c5daa7cd0,True,7時間前,2026-10-03 04:50:56,千葉県
近所でサクッと働きたい方 初めてのパート大歓迎・年齢不問・未経験&扶養内OK・交通費支給新着,株式会社片倉キャロンサービス,千葉県,"時給1,195円",アルバイト・パート,清掃,求人ボックス,https://xn--pckua2a7gp15o89zb.com/jb/1cee9e10a5d886c5d495a093a73d9094,True,14時間前,2026-10-03 04:50:56,千葉県
芸能関係者のタクシードライバー／未経験歓迎／週3勤務／月収45万円以上／20代～50代活躍中新着,清掃,千葉県,"月給47万9,900円",正社員,清掃,求人ボックス,https://xn--pckua2a7gp15o89zb.com/jbn/82411d0223514204f35257a8e9c88222,True,9時間前,2026-10-03 04:50:56,千葉県
ファミレスのホールスタッフ 店長候補 店長経験不問 年休120日以上 7連休年2回新着,株式会社デニーズジャパン,千葉県,月給23万円～40万円,正社員,清掃,求人ボックス,https://xn--pckua2a7gp15o89zb.com/jb/884c0e2cb6d118e6bebc2c3ebf078715,True,4時間前,2026-10-03 04:50:56,千葉県
串カツ田中のホールキッチンスタッフ新着,株式会社ユニシアホールディングス,千葉県,"月給26万1,000円",正社員,清掃,求人ボックス,https://xn--pckua2a7gp15o89zb.com/jb/7173a42ba3cc26a89cf098d3c07dcdc6,True,4時間前,2026-10-03 04:50:59,千葉県
「決まった時間で働きやすい」／中学校給食の調理師／土日祝休み／福利厚生充実新着,調理室・器具の洗浄・,千葉県,月給25万円～27万円,正社員,清掃,求人ボックス,https://xn--pckua2a7gp15o89zb.com/jbn/54a5d1a52d641e0e10785d2d070cf32b,True,15時間前,2026-10-03 04:50:59,千葉県
ペットショップの開店準備スタッフ新着,ペットショップCoo&RIKU 東船橋店,千葉県,"時給1,200円～",アルバイト・パート,清掃,求人ボックス,https://xn--pckua2a7gp15o89zb.com/jb/8245ba71810eb035a0264beebcc7762c,True,10時間前,2026-10-03 04:50:59,千葉県
「毎日の“おいしい”を支える調理のお仕事」／社員食堂の調理師／子育て応援／駅チカ／賞与あり／主婦歓迎新着,お仕事内容 日替わりメニューの調理対応 食材の下処理や仕込み作業 盛り付け、提供準備 食器の洗浄や厨房内の,千葉県,月給25万円～27万円,正社員,清掃,求人ボックス,https://xn--pckua2a7gp15o89zb.com/jbn/763bd58ab68e0bc92a1cde1523e639e2,True,14時間前,2026-10-03 04:50:59,千葉県
中学校給食の調理師／土日祝休み／残業少なめ／長期安定新着,調理室・器具の洗浄・,千葉県,月給25万円～27万円,正社員,清掃,求人ボックス,https://xn--pckua2a7gp15o89zb.com/jbn/cadebfd3240029833278fe72af02609d,True,15時間前,2026-10-03 04:50:59,千葉県
ペットショップの閉店準備スタッフ新着,ペットショップCoo&RIKU 東金店,千葉県,"時給1,200円～",アルバイト・パート,清掃,求人ボックス,https://xn--pckua2a7gp15o89zb.com/jb/189658c9b61120ac1449d7e54ac7a3c5,True,10時間前,2026-10-03 04:50:59,千葉県
ペットショップの閉店準備スタッフ新着,ペットショップCoo&RIKU 若葉都賀店,千葉県,"時給1,200円～",アルバイト・パート,清掃,求人ボックス,https://xn--pckua2a7gp15o89zb.com/jb/871263d31476dc875c41059818116d69,True,10時間前,2026-10-03 04:50:59,千葉県
「資格を活かして再スタート」／介護施設の調理師／アットホームな職場／駐車場完備／まかないあり新着,お仕事内容 利用者さま向けの食事調理 食材の仕込みや下ごしらえ  盛り付け、配膳準備 食器洗浄や厨房内の,千葉県,月給25万円～27万円,正社員,清掃,求人ボックス,https://xn--pckua2a7gp15o89zb.com/jbn/bac49eca55250ddb02635038ffcc4d6b,True,14時間前,2026-10-03 04:51:02,千葉県
有料老人ホームの介護職・ヘルパー／経験者歓迎／定年65歳／休暇制度充実新着,jobフレンド,千葉県,"月給20万6,600円",正社員,清掃,求人ボックス,https://xn--pckua2a7gp15o89zb.com/jb/fc2f0a960619e8be456b4823332a44f5,True,22時間前,2026-10-03 04:51:02,千葉県
「休日も予定を立てやすい」／中学校給食の調理師／土日祝休み／残業少なめ／主婦歓迎新着,調理室・器具の洗浄・,千葉県,月給25万円～27万円,正社員,清掃,求人ボックス,https://xn--pckua2a7gp15o89zb.com/jbn/aaf64d00da9e1791b1c4440d2d86a99e,True,16時間前,2026-10-03 04:51:02,千葉県
「大手法人で安定勤務!」／福祉施設の調理師／年間休日110日以上／マイカー通勤OK／主婦歓迎新着,食器洗浄や厨房内の,千葉県,月給25万円～27万円,正社員,清掃,求人ボックス,https://xn--pckua2a7gp15o89zb.com/jbn/6cbce0d2f491821a7343d3f6aa99ea84,True,14時間前,2026-10-03 04:51:02,千葉県
ペットショップの開店準備スタッフ新着,ペットショップCoo&RIKU 流山店,千葉県,"時給1,200円～",アルバイト・パート,清掃,求人ボックス,https://xn--pckua2a7gp15o89zb.com/jb/2dc4815d9ee9a09b46681c5470e7fe5f,True,10時間前,2026-10-03 04:51:02,千葉県
「ブランクOK!無理なく再スタート」／中学校給食の調理師／土日祝休み／残業少なめ新着,調理室・器具の洗浄・,千葉県,月給25万円～27万円,正社員,清掃,求人ボックス,https://xn--pckua2a7gp15o89zb.com/jbn/3b25ab910d5e06e516db6f402eee9753,True,16時間前,2026-10-03 04:51:02,千葉県
ペットショップの開店準備スタッフ新着,ペットショップCoo&RIKU フレスポ稲毛店,千葉県,"時給1,200円～",アルバイト・パート,清掃,求人ボックス,https://xn--pckua2a7gp15o89zb.com/jb/6649f61d0e5c5960da0c8977c3f75f6b,True,10時間前,2026-10-03 04:51:05,千葉県
ペットショップの開店準備スタッフ新着,ペットショップCoo&RIKU アクロスモール新...,千葉県,"時給1,200円～",アルバイト・パート,清掃,求人ボックス,https://xn--pckua2a7gp15o89zb.com/jb/8c6ff3b15c8bab535fea1db62a26e48b,True,10時間前,2026-10-03 04:51:05,千葉県
「学生に喜ばれる食事づくり」／小学校給食の調理師／食事補助あり／活気ある職場／働きやすい環境新着,お仕事内容 日替わりメニューの調理 食材の仕込み・下ごしらえ  盛り付けや提供準備 食器の洗浄や厨房内の,千葉県,月給25万円～27万円,正社員,清掃,求人ボックス,https://xn--pckua2a7gp15o89zb.com/jbn/e9ca67ac00192154242493d09e3b72f9,True,14時間前,2026-10-03 04:51:05,千葉県
ペットショップの閉店準備スタッフ新着,ペットショップCoo&RIKU 市原店,千葉県,"時給1,200円～",アルバイト・パート,清掃,求人ボックス,https://xn--pckua2a7gp15o89zb.com/jb/6ad795fa3bb87d9a89a26e85848bcaba,True,10時間前,2026-10-03 04:51:05,千葉県
ペットショップの店舗販売・案内スタッフ新着,ペットショップCoo&RIKU コメリパワー旭店,千葉県,"月給22万8,000円",正社員,清掃,求人ボックス,https://xn--pckua2a7gp15o89zb.com/jb/65c639bd6029298cc148b9762636d920,True,10時間前,2026-10-03 04:51:05,千葉県
「数を確認して仕分ける作業」／クリアファイルの仕分け作業／会話少なめ／学歴不問新着,株式会社Tetote,千葉県,月給36万円～39万円,正社員,清掃,求人ボックス,https://xn--pckua2a7gp15o89zb.com/jbn/a5db1777f6d48657dfad3fa05cb77c30,True,14時間前,2026-10-03 04:51:05,千葉県
ペットショップの開店準備スタッフ新着,ペットショップCoo&RIKU 南柏店,千葉県,"時給1,200円～",アルバイト・パート,清掃,求人ボックス,https://xn--pckua2a7gp15o89zb.com/jb/9a8d6a59464e7db8c8cb53ce2b515a76,True,10時間前,2026-10-03 04:51:05,千葉県
歯科衛生士／スタッフ、患者様を大切にしたいといつも想い診療に当たってい...新着,医療法人掛川歯科医院,埼玉県,"時給1,400円～1,800円",正社員,歯科,求人ボックス,https://xn--pckua2a7gp15o89zb.com/jb/dfc48779065c5582a6bddaaae42098ef,True,2時間前,2026-10-03 04:51:08,埼玉県
社会保険完備の職場で歯科衛生士新着,青山歯科医院,埼玉県,"月給22万5,000円",正社員,歯科,求人ボックス,https://xn--pckua2a7gp15o89zb.com/jb/4f9b20a71ad22f30ea380dd73ba239cf,True,7時間前,2026-10-03 04:51:08,埼玉県
社会保険完備の職場で歯科衛生士新着,久喜総合歯科,埼玉県,月給30万円～33万円,正社員,歯科,求人ボックス,https://xn--pckua2a7gp15o89zb.com/jb/8377929320d833f331d9ac658c06d82a,True,7時間前,2026-10-03 04:51:08,埼玉県
未経験可の歯科助手新着,えもり歯科クリニック,埼玉県,月給21万円～25万円,正社員,歯科,求人ボックス,https://xn--pckua2a7gp15o89zb.com/jb/9978d1fee91cf22fe052d55b465930fe,True,7時間前,2026-10-03 04:51:08,埼玉県
診療所・クリニックの管理栄養士／栄養士新着,さえぐさ歯科クリニック,埼玉県,"時給1,450円～",アルバイト・パート,歯科,求人ボックス,https://xn--pckua2a7gp15o89zb.com/jb/d29296fb913011e1b20467f7871fdac1,True,7時間前,2026-10-03 04:51:08,埼玉県
受付 徒歩3分／未経験歓迎 少人数制で風通し良好／残業ほぼなくプライベートも充実新着,クロスデンタルクリニック,埼玉県,"時給1,200円～1,400円",アルバイト・パート,歯科,求人ボックス,https://xn--pckua2a7gp15o89zb.com/jb/a10004c11af04fda1293ab50f6145a87,True,2時間前,2026-10-03 04:51:08,埼玉県
「看護助手／歯科口腔外科」安定して働ける好環境!私生活も充実!働きながらスキルアップ!新着,株式会社メディカル・プラネット,埼玉県,"時給1,250円",アルバイト・パート,歯科,求人ボックス,https://xn--pckua2a7gp15o89zb.com/jb/9a8e3b5da0df35925c62a8002af71718,True,13時間前,2026-10-03 04:51:09,埼玉県
言語聴覚士／介護老人保健施設新着,IMSグル-プ 医療法人財団明理会 介護老人保健...,埼玉県,"月給19万9,400円",正社員,歯科,求人ボックス,https://xn--pckua2a7gp15o89zb.com/jb/00c4b798910ad98ed6cabb32ca77bbde,True,10時間前,2026-10-03 04:51:09,埼玉県
社会保険完備の職場で歯科助手新着,ふじた歯科医院,埼玉県,"月給21万5,000円",正社員,歯科,求人ボックス,https://xn--pckua2a7gp15o89zb.com/jb/711eb4dc83712d202d311ae3ca0ef340,True,7時間前,2026-10-03 04:51:09,埼玉県
歯科衛生士新着,フェニックス歯科クリニック,埼玉県,"時給1,500円～",正社員,歯科,求人ボックス,https://xn--pckua2a7gp15o89zb.com/jb/f7f3bbed31fa88681f590b0bf999c243,True,3時間前,2026-10-03 04:51:13,埼玉県
データ入力事務／未経験OK「ネイルOK」土日祝休み・残業なし「20代活躍中」新着,歯科衛生士,埼玉県,"月給22万5,000円",正社員,歯科,求人ボックス,https://xn--pckua2a7gp15o89zb.com/jbn/8c863b9637c91df7ad32e5f16a5834b0,True,22時間前,2026-10-03 04:51:13,埼玉県
管理栄養士／常勤／病院・クリニック／浦和美園 埼玉高速鉄道線新着,未経験OK,埼玉県,月給23万円～,正社員,歯科,求人ボックス,https://xn--pckua2a7gp15o89zb.com/jbn/a1e54bcea5e01910fd7a3bee890c984f,True,23時間前,2026-10-03 04:51:13,埼玉県
管理栄養士／常勤／病院・クリニック／春日部 東武伊勢崎線新着,未経験OK,埼玉県,月給23万円～,正社員,歯科,求人ボックス,https://xn--pckua2a7gp15o89zb.com/jbn/44142f34a46ad8e4437f1a3aec584c3e,True,23時間前,2026-10-03 04:51:13,埼玉県
調理師／常勤／介護施設／柳生 東武日光線新着,未経験OK,埼玉県,月給23万円～,正社員,歯科,求人ボックス,https://xn--pckua2a7gp15o89zb.com/jbn/3c3d45272eda3247f33f03e8b14ea7b4,True,23時間前,2026-10-03 04:51:13,埼玉県
調理師／常勤／学童／北浦和 JR京浜東北線新着,未経験OK,埼玉県,月給23万円～24万円,正社員,歯科,求人ボックス,https://xn--pckua2a7gp15o89zb.com/jbn/9e2e92cdd4710adf5f459735e1498ca7,True,23時間前,2026-10-03 04:51:13,埼玉県
アクセサリー／アパレル／販売 柏高島屋 12／1~31·時短／ジュエリー販売新着,株式会社パコム,千葉県,"時給1,600円～",派遣社員,派遣,求人ボックス,https://xn--pckua2a7gp15o89zb.com/jb/3d8852a613c39bf918bbba567c775152,True,17時間前,2026-10-03 04:50:45,千葉県
認可保育所での保育スタッフ 派遣保育士／勤務時間相談可／日払い・週払い、即日スタートOK新着,株式会社グッドネクスト,千葉県,"時給1,700円",派遣社員,派遣,求人ボックス,https://xn--pckua2a7gp15o89zb.com/jb/148fbb39a4fd4c2373425379fa13c476,True,22時間前,2026-10-03 04:50:45,千葉県
保育士／保育園新着,アスカグループ,千葉県,"時給1,500円～1,650円",派遣社員,派遣,求人ボックス,https://xn--pckua2a7gp15o89zb.com/jb/f8d2ba7e0d8a0c242def24ba7c55bdfc,True,23時間前,2026-10-03 04:50:45,千葉県
グループホームでの介護士新着,株式会社トラストグロース,千葉県,"時給1,400円～1,450円",派遣社員,派遣,求人ボックス,https://xn--pckua2a7gp15o89zb.com/jb/4dcddb55440e07eb736c39309955035e,True,4時間前,2026-10-03 04:50:46,千葉県
内勤業務新着,株式会社エクスプレス・エージェント,千葉県,日給1万800円,アルバイト・パート,派遣,求人ボックス,https://xn--pckua2a7gp15o89zb.com/jb/8011ef0dae4282c8630273a3f5552fe1,True,21時間前,2026-10-03 04:50:46,千葉県
人財派遣営業職新着,株式会社トップグローバル,千葉県,月給25万円～28万,契約社員,派遣,求人ボックス,https://xn--pckua2a7gp15o89zb.com/jb/79ee303f8e3d05e507deb63476cb24e3,True,9時間前,2026-10-03 04:50:46,千葉県
コンビニ商品のピッキング新着,株式会社CAREER,千葉県,"時給1,300円～1,625円",派遣社員,派遣,求人ボックス,https://xn--pckua2a7gp15o89zb.com/jb/f56279c50082b7692710938f45a8a0d6,True,10時間前,2026-10-03 04:50:46,千葉県
美容部員／メイクアップアーティスト／コスメ・化粧品販売／未経験歓迎／POLA／ポーラ新着,株式会社iDA,千葉県,"時給1,550円",正社員,派遣,求人ボックス,https://xn--pckua2a7gp15o89zb.com/jb/cc2bbd7ff6bc8b959d6be8f428be4d50,True,10時間前,2026-10-03 04:50:49,千葉県
一般事務／データ入力、電話・来客対応など新着,株式会社スタッフ・アクティオ,千葉県,"時給1,600円",派遣社員,派遣,求人ボックス,https://xn--pckua2a7gp15o89zb.com/jb/d8c85722d7962bfd0a5a0496d7f28b01,True,13時間前,2026-10-03 04:50:49,千葉県
サポート事務職／未経験OK新着,株式会社アクセル,千葉県,"月給23万5,000円",正社員,派遣,求人ボックス,https://xn--pckua2a7gp15o89zb.com/jb/18d4d3fae75f1495fbd51b87ab315081,True,4時間前,2026-10-03 04:50:49,千葉県
軽作業／モクモク…コツコツ PCのリペア業務@市川塩浜新着,マンパワーグループ株式会社,千葉県,"時給1,800円",派遣社員,派遣,求人ボックス,https://xn--pckua2a7gp15o89zb.com/jb/b29844b8196613a9059982d75c7bbb05,True,8時間前,2026-10-03 04:50:53,千葉県
案内・受付 14~23時勤務 週3~OK 勤務初日から一律時給1750円新着,株式会社アークリンク,千葉県,時給1750円,派遣社員,派遣,求人ボックス,https://xn--pckua2a7gp15o89zb.com/jb/ee053b102450aa796c2eb8051ddc5ec0,True,17時間前,2026-10-03 04:50:53,千葉県
木造住宅が得意な住宅メーカーで意匠CADオペレーター新着,株式会社アルファコーポレーション,千葉県,"時給1,650円～1,800円",正社員,派遣,求人ボックス,https://xn--pckua2a7gp15o89zb.com/jb/ef8b09e4263fb3a942e775524f09b821,True,18時間前,2026-10-03 04:50:56,千葉県
リゾートバイト／清掃新着,株式会社ダイブ,千葉県,"時給1,200円～",派遣社員,派遣,求人ボックス,https://xn--pckua2a7gp15o89zb.com/jb/14f9fce0ce215c1cbed3455fbfad7e5e,True,23時間前,2026-10-03 04:50:56,千葉県
「赴任費支給」飲料水のピッキング新着,セブンエージェント株式会社,千葉県,"時給1,450円～",派遣社員,派遣,求人ボックス,https://xn--pckua2a7gp15o89zb.com/jb/aae12ab9ead5066c5b04ecb942799ac8,True,14時間前,2026-10-03 04:50:56,千葉県
大手不動産会社で契約手続き新着,ヒューマンリソシア株式会社,千葉県,"時給1,600円",派遣社員,派遣,求人ボックス,https://xn--pckua2a7gp15o89zb.com/jb/144fbb0802cc7367071570529ede9e44,True,9時間前,2026-10-03 04:50:56,千葉県
一般事務新着,株式会社リクルートスタッフィング,千葉県,"時給1,600円～",派遣社員,派遣,求人ボックス,https://xn--pckua2a7gp15o89zb.com/jb/550378ce55e246fddcf579c744c2bac8,True,20時間前,2026-10-03 04:50:56,千葉県
溶接・塗装／組立・部品加工／製造新着,ランスタッド株式会社,千葉県,"時給1,400円",派遣社員,派遣,求人ボックス,https://xn--pckua2a7gp15o89zb.com/jb/ba6d87c3d7714abc957fc689706e9571,True,23時間前,2026-10-03 04:50:58,千葉県
時給1900円 16時40分まで 未経験OK データ入力など新着,株式会社スタッフサービス,千葉県,時給1900円,派遣社員,派遣,求人ボックス,https://xn--pckua2a7gp15o89zb.com/jb/511cede1fe54826b3639e49ad427406b,True,16時間前,2026-10-03 04:50:58,千葉県
一般事務・OA事務 ／ ファイリング業務 ／期間限定 7名 電話なしOAなし 伝票チェックのおしごと新着,パーソルテンプスタッフ株式会社,千葉県,"時給1,232円",派遣社員,派遣,求人ボックス,https://xn--pckua2a7gp15o89zb.com/jb/8702a911b06d7d30f5c61883966aa052,True,22時間前,2026-10-03 04:51:06,千葉県
金融事務 ／ 一般事務・OA事務／業界未経験かんげい 金融×事務 千葉市内新着,株式会社アヴァンティスタッフ,千葉県,"時給1,550円",派遣社員,派遣,求人ボックス,https://xn--pckua2a7gp15o89zb.com/jb/7203a41c4b0c0fa24822ea3cb0b14cfa,True,22時間前,2026-10-03 04:51:06,千葉県
水の安全を守るメンテナンススタッフ 賞与年2回&正社員登用あり 資格取得支援あり新着,特産エンジニアリング株式会社,千葉県,月給23万円～,正社員,派遣,求人ボックス,https://xn--pckua2a7gp15o89zb.com/jb/6e4db253dd6ee5cbc9bf89220b2bd402,True,12時間前,2026-10-03 04:51:06,千葉県
自動車整備士／日勤新着,日研トータルソーシング株式会社,千葉県,"時給2,400円",派遣社員,派遣,求人ボックス,https://xn--pckua2a7gp15o89zb.com/jb/4ce2cc1ca33db1023e42995374ad821d,True,4時間前,2026-10-03 04:51:06,千葉県
週3日・1日7時間からOK!受付事務スタッフ募集新着,株式会社ハートキャリア,千葉県,"時給1,400円",派遣社員,派遣,求人ボックス,https://xn--pckua2a7gp15o89zb.com/jb/108089cce2fabd91f05dfd0125a7a083,True,6時間前,2026-10-03 04:51:06,千葉県
物流センター／レンタル資材の仕分け フォーク&メンテナンス新着,株式会社アイテック,千葉県,"時給1,700円～",派遣社員,派遣,求人ボックス,https://xn--pckua2a7gp15o89zb.com/jb/7df927b0862e2ff08efb1c4585746b4f,True,6時間前,2026-10-03 04:51:09,千葉県
製造業務 ／ 軽作業 ／未経験OK×重量物なしのカンタン作業／月収例29万新着,パーソルフィールドスタッフ株式会社,千葉県,"時給1,800円",派遣社員,派遣,求人ボックス,https://xn--pckua2a7gp15o89zb.com/jb/3faafb6545ea296c3dcc361e63751c66,True,19時間前,2026-10-03 04:51:09,千葉県
品出し・ピッキング／1ヶ月程度 時給1700円 冬ギフトの数かぞえ オープニング4名新着,株式会社ヒューマントラスト,千葉県,時給1700円,派遣社員,派遣,求人ボックス,https://xn--pckua2a7gp15o89zb.com/jb/75f716cf06bc7b6f0322a49cd447b760,True,17時間前,2026-10-03 04:51:13,千葉県
機械部品のピッキング、その他付随する業務新着,株式会社バイトレ,千葉県,"月給27万7,500円",派遣社員,派遣,求人ボックス,https://xn--pckua2a7gp15o89zb.com/jb/a1115639c47a1ebc08f861845610afc9,True,2時間前,2026-10-03 04:51:13,千葉県
「日勤のみ」配送ドライバー／8:00-17:00／保冷車や2tトラックなどの運転／残業ほぼなし新着,株式会社三基ロジスティクス,千葉県,月給26万円～32万円,正社員,派遣,求人ボックス,https://xn--pckua2a7gp15o89zb.com/jbn/e3995667adc80249ad480f394ba4828a,True,23時間前,2026-10-03 04:51:16,千葉県
現場管理 経験者限定 寮完備 全国拠点新着,株式会社GS STAFF,千葉県,"月給35万1,500円",派遣社員,派遣,求人ボックス,https://xn--pckua2a7gp15o89zb.com/jb/20342aa5cb579280a86081c946cd6280,True,4時間前,2026-10-03 04:51:16,千葉県
大手飲食店の店舗スタッフ 1年目から年収400万円以上新着,株式会社Progress Group,千葉県,"月給22万9,500円",正社員,飲食,求人ボックス,https://xn--pckua2a7gp15o89zb.com/jb/97b4ac5c425ef9974718b8912f9e9ede,True,10時間前,2026-10-03 04:50:48,千葉県
完全在宅／未経験可／問い合わせ窓口／年休125日以上新着,...経験不問/未経験者活躍中・第二新卒活躍中資格不問/無資格歓迎・ブランク歓迎・学歴不問ハローワークでお探しの方も歓迎 先輩たちの前職をご紹介! 営業、事務、販売,千葉県,"月給23万8,600円",正社員,飲食,求人ボックス,https://xn--pckua2a7gp15o89zb.com/jbn/b0b13412280110c9b9f1a9c00f140518,True,10時間前,2026-10-03 04:50:48,千葉県
完全在宅／未経験可／カスタマーサポート／年休125日以上新着,...経験不問/未経験者活躍中・第二新卒活躍中資格不問/無資格歓迎・ブランク歓迎・学歴不問ハローワークでお探しの方も歓迎 先輩たちの前職をご紹介! 営業、事務、販売,千葉県,"月給23万7,200円",正社員,飲食,求人ボックス,https://xn--pckua2a7gp15o89zb.com/jbn/b52df7c1e2fb1c714e926792bb1e794c,True,9時間前,2026-10-03 04:50:48,千葉県
事務職／総務事務／ネイル・ピアス自由／年間休日125日以上／在宅あり／未経験者でも安心スタート新着,20代30代の,千葉県,"月給22万3,000円",正社員,飲食,求人ボックス,https://xn--pckua2a7gp15o89zb.com/jbn/43bf0ef06fdab4c6ff8b45f14f3b7b0f,True,6時間前,2026-10-03 04:50:49,千葉県
事務職／総務事務／年間休日125日以上／未経験OK／駅近オフィス勤務／ネイル・ピアス自由新着,<活かせる経験> 事務やデータ入力の業務経験 Excelスキル、PCの基本操作充実のスキルサポート体制があるため、アパレル販売、,千葉県,"月給22万5,000円",正社員,飲食,求人ボックス,https://xn--pckua2a7gp15o89zb.com/jbn/f8664cd195fe7b112792499e6185028b,True,6時間前,2026-10-03 04:50:49,千葉県
事務職／充実の研修で安心スタート!／若手中心／教育体制あり／完全週休2日制新着,前職が販売員、,千葉県,"月給22万6,000円",正社員,飲食,求人ボックス,https://xn--pckua2a7gp15o89zb.com/jbn/bebe55ea9be1bae6196ed94a19ee3af7,True,6時間前,2026-10-03 04:50:49,千葉県
事務職／充実の研修で安心スタート!／教育体制あり／若手中心／完全週休2日制新着,<活かせる経験> 事務やデータ入力の業務経験 Excelスキル、PCの基本操作充実のスキルサポート体制があるため、アパレル販売、,千葉県,"月給21万9,000円",正社員,飲食,求人ボックス,https://xn--pckua2a7gp15o89zb.com/jbn/8287725ddc8907344e3cddc6f062b9aa,True,6時間前,2026-10-03 04:50:49,千葉県
事務職／充実の研修で安心スタート!／教育体制あり／福利厚生充実新着,<活かせる経験> 事務やデータ入力の業務経験 Excelスキル、PCの基本操作充実のスキルサポート体制があるため、アパレル販売、,千葉県,"月給22万3,000円",正社員,飲食,求人ボックス,https://xn--pckua2a7gp15o89zb.com/jbn/ec56a7513595b5f1a8e6fb13aecef4e7,True,6時間前,2026-10-03 04:50:49,千葉県
接客、調理サポートスタッフ新着,bistroHACHIYA,千葉県,"時給1,200円～1,500円",アルバイト・パート,飲食,求人ボックス,https://xn--pckua2a7gp15o89zb.com/jb/ddc55edc851392e19667e17061961853,True,10時間前,2026-10-03 04:50:49,千葉県
「オフィスワーク」／事務スタッフ／職種未経験歓迎／充実の研修で安心スタート!／福利厚生充実新着,アパレル販売、,千葉県,"月給22万4,000円",正社員,飲食,求人ボックス,https://xn--pckua2a7gp15o89zb.com/jbn/1bb0c29e64878243ccee0d0d61902058,True,6時間前,2026-10-03 04:50:52,千葉県
受付・データ入力スタッフ／充実の研修で安心スタート!／若手中心／教育体制あり新着,<異業種からの転職者も活躍中!>アパレル販売、,千葉県,"月給21万5,500円",正社員,飲食,求人ボックス,https://xn--pckua2a7gp15o89zb.com/jbn/e94ea0dc7e9200941a54e1f1cbcbf3bf,True,8時間前,2026-10-03 04:50:52,千葉県
「オフィスワーク」／事務スタッフ／職種未経験歓迎／福利厚生充実／充実の研修で安心スタート新着,アパレル販売、,千葉県,月給23万円～50万円,正社員,飲食,求人ボックス,https://xn--pckua2a7gp15o89zb.com/jbn/0c63d4bfdf84d800951b776661209070,True,6時間前,2026-10-03 04:50:52,千葉県
中古車販売スタッフ／充実した休暇制度／未経験OK／福利厚生充実／残業ほぼなし／社会保険完備新着,株式会社ジーアフター MEGA千葉北インター店,千葉県,月給33万円～,正社員,飲食,求人ボックス,https://xn--pckua2a7gp15o89zb.com/jbn/c805517a50619060232130f3f562246c,True,23時間前,2026-10-03 04:50:52,千葉県
「事務正社員」／50万円稼げる／充実の研修で安心スタート!／残業月10時間以下／高収入新着,スタッフ,千葉県,"月給21万9,000円",正社員,飲食,求人ボックス,https://xn--pckua2a7gp15o89zb.com/jbn/7ea88ded7bd3c7bb056bf01d0209d454,True,6時間前,2026-10-03 04:50:52,千葉県
「デスクワーク」／事務スタッフ／充実の研修で安心スタート!／福利厚生充実／第二新卒歓迎／高収入新着,前職は美容部員や携帯ショップ店員、,千葉県,"月給21万9,000円",正社員,飲食,求人ボックス,https://xn--pckua2a7gp15o89zb.com/jbn/34c96d472721934a3b403fd59eb277dc,True,6時間前,2026-10-03 04:50:52,千葉県
中古車販売スタッフ／未経験OK／充実した休暇制度／社会保険完備／福利厚生充実／残業ほぼなし新着,株式会社ジーアフター 輸入車事業店,千葉県,月給33万円～,正社員,飲食,求人ボックス,https://xn--pckua2a7gp15o89zb.com/jbn/f769f6837514b9711c5068a1c8231f96,True,23時間前,2026-10-03 04:50:52,千葉県
「オフィスワーク」／事務スタッフ／職種未経験歓迎／年間休日120日以上／充実の研修で安心スタート新着,アパレル販売、,千葉県,"月給22万3,000円",正社員,飲食,求人ボックス,https://xn--pckua2a7gp15o89zb.com/jbn/b33da57953152d55ea81572d23a4fb49,True,6時間前,2026-10-03 04:50:56,千葉県
「事務職」／充実の研修で安心スタート!／若い者歓迎／完全週休2日制／残業少なめ／サポート業務新着,アパレル販売、,千葉県,"月給22万5,000円",正社員,飲食,求人ボックス,https://xn--pckua2a7gp15o89zb.com/jbn/3f15a2f44a9cbf1b6dedb164f9e6302e,True,6時間前,2026-10-03 04:50:56,千葉県
「事務正社員」／充実の研修で安心スタート!／丁寧な教育体制／未経験OK／若い者歓迎／残業少なめ新着,前職は美容部員や携帯ショップ店員、,千葉県,"月給22万5,000円",正社員,飲食,求人ボックス,https://xn--pckua2a7gp15o89zb.com/jbn/618bfcba085a27127570a4882da2202c,True,6時間前,2026-10-03 04:50:56,千葉県
「オフィスワーク」／事務スタッフ／職種未経験歓迎／充実の研修で安心スタート!／完全週休2日制新着,前職は美容部員や携帯ショップ店員、,千葉県,月給23万円～50万円,正社員,飲食,求人ボックス,https://xn--pckua2a7gp15o89zb.com/jbn/9f6529aaff00310ecddb4acb48f449f2,True,6時間前,2026-10-03 04:50:56,千葉県
「データ入力・事務」／ブランクOK／土日祝休み／充実の研修で安心スタート!／残業少なめ／サポート業務新着,アパレル販売、,千葉県,月給20万円～50万円,正社員,飲食,求人ボックス,https://xn--pckua2a7gp15o89zb.com/jbn/5eb81f8a121c4b3ed93c1751e7273067,True,6時間前,2026-10-03 04:50:56,千葉県
「事務正社員」／充実の研修で安心スタート!／50万円稼げる／完全週休2日制／残業月10時間以下新着,スタッフ,千葉県,"月給21万9,000円",正社員,飲食,求人ボックス,https://xn--pckua2a7gp15o89zb.com/jbn/84b39132b8af031f71be2ae76f031dd4,True,6時間前,2026-10-03 04:50:56,千葉県
事務職／充実の研修で安心スタート!／福利厚生充実／経験不問／教育体制あり新着,<異業種からの転職者も活躍中!>アパレル販売、,千葉県,月給20万500円,正社員,飲食,求人ボックス,https://xn--pckua2a7gp15o89zb.com/jbn/4ce97cb54e4575a8d959897380f041f1,True,8時間前,2026-10-03 04:50:56,千葉県
リモート可／未経験可／営業事務／年休125日以上新着,スタッフ,千葉県,"月給24万3,100円",正社員,飲食,求人ボックス,https://xn--pckua2a7gp15o89zb.com/jbn/211b881e0cf85438fab5e3f31e18d004,True,9時間前,2026-10-03 04:50:59,千葉県
「事務正社員」／完全週休2日制／充実の研修で安心スタート!／福利厚生充実／残業少なめ／サポート業務新着,前職は美容部員や携帯ショップ店員、,千葉県,"月給22万5,000円",正社員,飲食,求人ボックス,https://xn--pckua2a7gp15o89zb.com/jbn/05b382055f417ec5442ee2ea0ba2953a,True,6時間前,2026-10-03 04:50:59,千葉県
「リモート可」未経験採用枠／営業事務／年間休日125日以上新着,スタッフ,千葉県,"月給25万5,100円",正社員,飲食,求人ボックス,https://xn--pckua2a7gp15o89zb.com/jbn/0f8b0fd91c00b6229b18d3c84d537af7,True,9時間前,2026-10-03 04:50:59,千葉県
「デスクワーク」／事務スタッフ／充実の研修で安心スタート!／福利厚生充実／完全週休2日制／高収入新着,アパレル販売、,千葉県,月給23万円～50万円,正社員,飲食,求人ボックス,https://xn--pckua2a7gp15o89zb.com/jbn/5a97cd78406f3ac4eb7c0e913202e587,True,6時間前,2026-10-03 04:50:59,千葉県
「事務正社員」／福利厚生充実／充実の研修で安心スタート!／丁寧な教育体制／残業少なめ／サポート業務新着,前職は美容部員や携帯ショップ店員、,千葉県,"月給22万4,000円",正社員,飲食,求人ボックス,https://xn--pckua2a7gp15o89zb.com/jbn/73c31112f129ae0c1c380b19628736fc,True,6時間前,2026-10-03 04:50:59,千葉県
「事務正社員」／充実の研修で安心スタート!／丁寧な教育体制／教育体制あり／完全週休2日制／残業少なめ新着,前職は美容部員や携帯ショップ店員、,千葉県,"月給22万6,000円",正社員,飲食,求人ボックス,https://xn--pckua2a7gp15o89zb.com/jbn/4de2897ce4e2c017ae5c70b5d304b758,True,6時間前,2026-10-03 04:50:59,千葉県
リモート可／未経験可／営業アシスタント／年休125日以上新着,スタッフ,千葉県,"月給23万7,100円",正社員,飲食,求人ボックス,https://xn--pckua2a7gp15o89zb.com/jbn/d0d0faeb4cdc0b55857325d1cb49e46a,True,9時間前,2026-10-03 04:51:02,千葉県
「オフィスワーク」／事務スタッフ／年間休日120日以上／職種未経験歓迎／完全週休2日制／高収入新着,前職は美容部員や携帯ショップ店員、,千葉県,月給23万円～50万円,正社員,飲食,求人ボックス,https://xn--pckua2a7gp15o89zb.com/jbn/a3af3110dd9140aac18238b4bc5104c7,True,6時間前,2026-10-03 04:51:02,千葉県
「オフィスワーク」／事務スタッフ／職種未経験歓迎／若い者歓迎／充実の研修で安心スタート!／高収入新着,前職は美容部員や携帯ショップ店員、,千葉県,"月給22万6,000円",正社員,飲食,求人ボックス,https://xn--pckua2a7gp15o89zb.com/jbn/820c74aa3d9209aaa6ea9c5bc8e2fce5,True,6時間前,2026-10-03 04:51:02,千葉県
事務職／充実の研修で安心スタート!／若手中心／完全週休2日制／経験不問新着,<異業種からの転職者も活躍中!>アパレル販売、,千葉県,月給19万500円,正社員,飲食,求人ボックス,https://xn--pckua2a7gp15o89zb.com/jbn/5f6363b2afa4d17611a1cde0fda4a0ad,True,8時間前,2026-10-03 04:51:02,千葉県
事務職／充実の研修で安心スタート!／若手中心／教育体制あり／福利厚生充実新着,20代・30代の若手世代がイキイキと活躍する職場です!接客業、,千葉県,"月給21万9,000円",正社員,飲食,求人ボックス,https://xn--pckua2a7gp15o89zb.com/jbn/de597796162bf8709e81e444f5ba7551,True,6時間前,2026-10-03 04:51:02,千葉県
「事務正社員」／充実の研修で安心スタート!／残業月10時間以下／完全週休2日制／50万円稼げる新着,スタッフ,千葉県,"月給22万3,000円",正社員,飲食,求人ボックス,https://xn--pckua2a7gp15o89zb.com/jbn/c78d1454dcb65e822ef27fff1bf21f8c,True,6時間前,2026-10-03 04:51:02,千葉県
「事務正社員」／完全週休2日制／残業月10時間以下／充実の研修で安心スタート!／高収入新着,スタッフ,千葉県,"月給20万5,000円",正社員,飲食,求人ボックス,https://xn--pckua2a7gp15o89zb.com/jbn/db447c1cfc21c31546d219df3fc604e1,True,6時間前,2026-10-03 04:51:02,千葉県
「事務スタッフ」／充実の研修で安心スタート!／教育体制あり／福利厚生充実／残業少なめ／サポート業務新着,前職は美容部員や携帯ショップ店員、,千葉県,"月給22万5,000円",正社員,飲食,求人ボックス,https://xn--pckua2a7gp15o89zb.com/jbn/5a770b3c7d4acabe4925cb8a283ef557,True,6時間前,2026-10-03 04:51:05,千葉県
事務職／充実の研修で安心スタート!／教育体制あり／若手中心／福利厚生充実新着,実際に活躍しているメンバーの前職も、アパレル販売、,千葉県,"月給22万3,000円",正社員,飲食,求人ボックス,https://xn--pckua2a7gp15o89zb.com/jbn/3ab94fc2b834d6b476e183095c09985d,True,6時間前,2026-10-03 04:51:05,千葉県
事務職／充実の研修で安心スタート!／若手中心／完全週休2日制／教育体制あり新着,<異業種からの転職者も活躍中!>アパレル販売、,千葉県,月給19万500円,正社員,飲食,求人ボックス,https://xn--pckua2a7gp15o89zb.com/jbn/bdf7c89354a33334ade1d8fafc5e87b4,True,8時間前,2026-10-03 04:51:05,千葉県
「オフィスワーク」／事務スタッフ／職種未経験歓迎／年間休日120日以上／完全週休2日制／高収入新着,前職は美容部員や携帯ショップ店員、,千葉県,"月給22万3,000円",正社員,飲食,求人ボックス,https://xn--pckua2a7gp15o89zb.com/jbn/0d2948a6c6659d26329968e35a71d365,True,6時間前,2026-10-03 04:51:05,千葉県
「オフィスワーク」／事務スタッフ／年間休日120日以上／充実の研修で安心スタート!／完全週休2日制新着,前職は美容部員や携帯ショップ店員、,千葉県,月給23万円～50万円,正社員,飲食,求人ボックス,https://xn--pckua2a7gp15o89zb.com/jbn/9e982853134d9be2315b42c9eba12e70,True,6時間前,2026-10-03 04:51:05,千葉県
「事務正社員」／丁寧な教育体制／充実の研修で安心スタート!／福利厚生充実／残業少なめ／サポート業務新着,前職は美容部員や携帯ショップ店員、,千葉県,"月給22万5,000円",正社員,飲食,求人ボックス,https://xn--pckua2a7gp15o89zb.com/jbn/8c40854a6a434d361d4337af7263e562,True,6時間前,2026-10-03 04:51:05,千葉県
「事務正社員」／充実の研修で安心スタート!／完全週休2日制／教育体制あり／残業少なめ／サポート業務新着,アパレル販売、,千葉県,月給21万円～50万円,正社員,飲食,求人ボックス,https://xn--pckua2a7gp15o89zb.com/jbn/db518aabdbe6c28e077b7eaea46a92ed,True,6時間前,2026-10-03 04:51:05,千葉県
事務職／総務事務／20代未経験歓迎／土日祝休み／ピアスOk／ネイルOK新着,これまでの学歴や職歴、ブランクは一切問いません。ハローワークで求職中の方も大歓迎です。アパレル販売、,千葉県,"月給22万4,000円",正社員,飲食,求人ボックス,https://xn--pckua2a7gp15o89zb.com/jbn/41af60b94b74ab32738d632244731b20,True,6時間前,2026-10-03 04:51:08,千葉県
「受付・データ入力スタッフ「OA事務」丁寧な教育体制／未経験OK／完全週休2日制／高収入新着,前職は美容部員や携帯ショップ店員、,千葉県,月給23万円～50万円,正社員,飲食,求人ボックス,https://xn--pckua2a7gp15o89zb.com/jbn/101ceb55669de9fe0f5cd5fd5fcba041,True,6時間前,2026-10-03 04:51:08,千葉県
事務職／充実の研修で安心スタート!／福利厚生充実／教育体制あり新着,実際に活躍しているメンバーの前職も、アパレル販売、,千葉県,"月給22万6,000円",正社員,飲食,求人ボックス,https://xn--pckua2a7gp15o89zb.com/jbn/8711d31ae1f4069cb09faa350b51f986,True,6時間前,2026-10-03 04:51:08,千葉県
「事務正社員」／丁寧な教育体制／福利厚生充実／充実の研修で安心スタート!／残業少なめ／サポート業務新着,前職は美容部員や携帯ショップ店員、,千葉県,"月給22万4,000円",正社員,飲食,求人ボックス,https://xn--pckua2a7gp15o89zb.com/jbn/402731b7f4e7257f101b2b36053a825e,True,6時間前,2026-10-03 04:51:08,千葉県
「オフィスワーク」／充実の研修で安心スタート!／残業月10時間以下／マニュアル完備新着,<前職はさまざま>,千葉県,月給20万円～50万円,正社員,飲食,求人ボックス,https://xn--pckua2a7gp15o89zb.com/jbn/1d39d190ce8fd85fffe5ab5941cd99b6,True,6時間前,2026-10-03 04:51:08,千葉県
「オフィスワーク」／営業事務／充実の研修で安心スタート!／マニュアル完備／高収入／未経験でも安心新着,スタッフ,千葉県,月給23万円～50万円,正社員,飲食,求人ボックス,https://xn--pckua2a7gp15o89zb.com/jbn/cd0b9df7b6833218f1048badde8c54a0,True,6時間前,2026-10-03 04:51:08,千葉県
「オフィスワーク」／事務スタッフ／年間休日120日以上／充実の研修で安心スタート!／福利厚生充実新着,アパレル販売、,千葉県,月給20万円～50万円,正社員,飲食,求人ボックス,https://xn--pckua2a7gp15o89zb.com/jbn/59195b514570d14a5d5c0668299bfbd6,True,6時間前,2026-10-03 04:51:13,千葉県
「事務正社員」／充実の研修で安心スタート!／丁寧な教育体制／完全週休2日制／福利厚生充実／残業少なめ新着,前職は美容部員や携帯ショップ店員、,千葉県,"月給22万5,000円",正社員,飲食,求人ボックス,https://xn--pckua2a7gp15o89zb.com/jbn/4ebd6a4fc41ee2dc1a7c09b317a84a8b,True,6時間前,2026-10-03 04:51:13,千葉県
「オフィスワーク」／事務スタッフ／年間休日120日以上／充実の研修で安心スタート!／教育体制あり新着,前職は美容部員や携帯ショップ店員、,千葉県,月給20万円～50万円,正社員,飲食,求人ボックス,https://xn--pckua2a7gp15o89zb.com/jbn/b9394e4811aecb5c2454f61bc6d18b0e,True,6時間前,2026-10-03 04:51:13,千葉県
「バックオフィススタッフ」／充実の研修で安心スタート!／年間休日120日以上／残業少なめ新着,前職は美容部員や携帯ショップ店員、,千葉県,"月給22万6,000円",正社員,飲食,求人ボックス,https://xn--pckua2a7gp15o89zb.com/jbn/cd8bfed7baccf09ab746edd025063786,True,6時間前,2026-10-03 04:51:13,千葉県
「デスクワーク」／充実の研修で安心スタート!／残業月10時間以下／MAX給与50万可能／高収入新着,スタッフ,千葉県,月給23万円～50万円,正社員,飲食,求人ボックス,https://xn--pckua2a7gp15o89zb.com/jbn/96fd5c8a62344340031c8e9f4ed73e26,True,6時間前,2026-10-03 04:51:13,千葉県
事務職／充実の研修で安心スタート!／教育体制あり／経験不問／完全週休2日制新着,これまでの学歴や職歴、ブランクは一切問いません。ハローワークで求職中の方も大歓迎です。アパレル販売、,千葉県,月給20万円～50万円,正社員,飲食,求人ボックス,https://xn--pckua2a7gp15o89zb.com/jbn/0a7f812d1a54ad0329f494e8cb82da59,True,6時間前,2026-10-03 04:51:17,千葉県
「オフィスワーク」／事務スタッフ／職種未経験歓迎／充実の研修で安心スタート!／教育体制あり新着,前職は美容部員や携帯ショップ店員、,千葉県,"月給22万4,000円",正社員,飲食,求人ボックス,https://xn--pckua2a7gp15o89zb.com/jbn/2dd81c8518efb889073069df8f2b815b,True,6時間前,2026-10-03 04:51:17,千葉県
事務職／充実の研修で安心スタート!／福利厚生充実／若手中心／教育体制あり新着,<安定して続けられる理由は…> 土日祝休みで生活リズムが整う 残業ほぼなしで自分の時間を確保 人間関係が穏やかで働きやすい<異業種からの転職者も活躍中!>アパレル販売、,千葉県,月給21万500円,正社員,飲食,求人ボックス,https://xn--pckua2a7gp15o89zb.com/jbn/fcde8d5402192290417da09b914c8678,True,8時間前,2026-10-03 04:51:17,千葉県
バックオフィススタッフ／未経験でも安心／教育体制あり／充実の研修で安心スタート新着,<異業種からの転職者も活躍中!>アパレル販売、,千葉県,月給21万500円,正社員,飲食,求人ボックス,https://xn--pckua2a7gp15o89zb.com/jbn/862a2010c163f28cf4ae5f1695f8fc23,True,8時間前,2026-10-03 04:51:17,千葉県
受付・データ入力スタッフ／充実の研修で安心スタート!／若手中心／丁寧な教育体制新着,<安定して続けられる理由は…> 土日祝休みで生活リズムが整う 残業ほぼなしで自分の時間を確保 人間関係が穏やかで働きやすい<異業種からの転職者も活躍中!>アパレル販売、,千葉県,月給21万500円,正社員,飲食,求人ボックス,https://xn--pckua2a7gp15o89zb.com/jbn/4b0968124b2179a36b1461ea23561db4,True,8時間前,2026-10-03 04:51:17,千葉県
介護職／退職金制度／昇給・賞与あり新着,株式会社デジタルヘルス,埼玉県,"月給27万5,000円",正社員,介護,求人ボックス,https://xn--pckua2a7gp15o89zb.com/jb/2730ee2f2a9518dc6ea8fcb13c54f019,True,18時間前,2026-10-03 04:51:16,埼玉県
有料老人ホームの介護職求人 派遣介護士／夜勤専従／日払い・週払い新着,株式会社グッドネクスト,埼玉県,"時給1,700円",派遣社員,介護,求人ボックス,https://xn--pckua2a7gp15o89zb.com/jb/a0c370eabfcbb9e94dae582b0ff7d9aa,True,22時間前,2026-10-03 04:51:16,埼玉県
介護職／kyujin新着,セントケア・グループ,埼玉県,"時給1,220円～1,400円",アルバイト・パート,介護,求人ボックス,https://xn--pckua2a7gp15o89zb.com/jb/c279a991e323dd00849eb2fd8f739bb8,True,13時間前,2026-10-03 04:51:17,埼玉県
【東越谷・越谷駅】ショートステイ介護職（正社員）賞与年3回新着,ケアサポート株式会社,埼玉県,"月給22万3,100円",正社員,介護,求人ボックス,https://xn--pckua2a7gp15o89zb.com/jb/89ecb34763894cd6d260d5e18fc10111,True,17時間前,2026-10-03 04:51:17,埼玉県
日勤メインの介護職 子育て中の方も安心!公休月8日でプライベート充実新着,株式会社創生事業団,埼玉県,月給22万円,正社員,介護,求人ボックス,https://xn--pckua2a7gp15o89zb.com/jb/5a1d87c736597389d0196d8f0cc0e1c7,True,14時間前,2026-10-03 04:51:21,埼玉県
通所介護・デイサービス勤務の介護職／ヘルパー新着,ブルーミングケア新座片山,埼玉県,"時給1,250円～1,630円",アルバイト・パート,介護,求人ボックス,https://xn--pckua2a7gp15o89zb.com/jb/a22df1f3299be972d4942fc62fe3aff2,True,7時間前,2026-10-03 04:51:21,埼玉県
ヘルパー・介護職／施設入所支援／シフト相談可／キャリアアップ／高時給新着,株式会社DYMキャリア,埼玉県,"時給1,380円～2,220円",派遣社員,介護,求人ボックス,https://xn--pckua2a7gp15o89zb.com/jb/3df58b3379635351c6a165e442ced499,True,20時間前,2026-10-03 04:51:23,埼玉県
週3日～ × 日勤のみOK!可能 介護職新着,株式会社ジャストファイン,埼玉県,"時給1,650円～1,800円",派遣社員,介護,求人ボックス,https://xn--pckua2a7gp15o89zb.com/jb/dc045c5aeb984dd1114fa77543c55f72,True,11時間前,2026-10-03 04:51:27,埼玉県
通所介護の介護職・ヘルパー／駅チカ徒歩7分×週2日～OK／家庭的なデイ...新着,jobフレンド,埼玉県,"時給1,350円～1,500円",アルバイト・パート,介護,求人ボックス,https://xn--pckua2a7gp15o89zb.com/jb/ef6b0a5f0dcbccb281ad34c263c5bd23,True,22時間前,2026-10-03 04:51:27,埼玉県
介護職／ヘルパー／駅チカ／車通勤OK／ブランクOK新着,株式会社プエンテ・アエレオ,埼玉県,"時給1,196円～1,296円",アルバイト・パート,介護,求人ボックス,https://xn--pckua2a7gp15o89zb.com/jb/4db8f081acbee61c82cbe18c34a25dc4,True,13時間前,2026-10-03 04:51:29,埼玉県
介護職／ヘルパー／車通勤OK／ブランクOK新着,医療法人社団葵会,埼玉県,"時給1,196円～1,300円",アルバイト・パート,介護,求人ボックス,https://xn--pckua2a7gp15o89zb.com/jb/c448ea37747fd16decb0152eaa35a6a3,True,13時間前,2026-10-03 04:51:29,埼玉県
介護職／ヘルパー／車通勤OK／ブランクOK新着,社会福祉法人むつみ会,埼玉県,"時給1,196円～1,246円",アルバイト・パート,介護,求人ボックス,https://xn--pckua2a7gp15o89zb.com/jb/0b047ad5c9f78a337e9347ae55f96e31,True,13時間前,2026-10-03 04:51:34,埼玉県
介護職／ヘルパー／ブランクOK新着,株式会社エスケアメイト,埼玉県,"時給1,196円～1,246円",アルバイト・パート,介護,求人ボックス,https://xn--pckua2a7gp15o89zb.com/jb/cd06c20385ee751453686c1010d7164c,True,13時間前,2026-10-03 04:51:34,埼玉県
介護職／ヘルパー／介護士資格を活かす 埼玉県行田市の特養で介護業務全般新着,社会福祉法人隼人会,埼玉県行田市の特養で介護業務全般,"時給1,230円～1,365円",アルバイト・パート,介護,求人ボックス,https://xn--pckua2a7gp15o89zb.com/jb/10b7ae189855a6f98bb646cff733e463,True,13時間前,2026-10-03 04:51:37,埼玉県
介護職／ヘルパー／車通勤OK／ブランクOK新着,社会福祉法人岡部福祉会,埼玉県,"時給1,196円～1,296円",アルバイト・パート,介護,求人ボックス,https://xn--pckua2a7gp15o89zb.com/jb/c96bee8c7b46d95673a9f38ade75de4e,True,13時間前,2026-10-03 04:51:37,埼玉県
夜勤専従介護職・社会保険完備の職場で介護職／ヘルパー新着,グループホーム 和み蓮田,埼玉県,"時給1,250円～1,500円",アルバイト・パート,介護,求人ボックス,https://xn--pckua2a7gp15o89zb.com/jb/7dada53b298cd9a07e26269edb508d5f,True,7時間前,2026-10-03 04:51:42,埼玉県
介護職／ヘルパー／車通勤OK／ブランクOK新着,社会福祉法人まごころ会,埼玉県,"時給1,196円～1,246円",アルバイト・パート,介護,求人ボックス,https://xn--pckua2a7gp15o89zb.com/jb/7e94e744219103c609040140f5752c51,True,13時間前,2026-10-03 04:51:46,埼玉県
認可保育園での保育業務 派遣保育士／フリー業務／補助業務／週3日～新着,株式会社グッドネクスト,埼玉県,"時給1,700円",派遣社員,保育,求人ボックス,https://xn--pckua2a7gp15o89zb.com/jb/c52a61e9faa831f976153d6758aebcc7,True,22時間前,2026-10-03 04:51:21,埼玉県
児童発達支援施設の保育士・ブランクOK 週休2日 残業少なめ新着,株式会社ヴェルペンファルマ,埼玉県,"月給21万9,300円",正社員,保育,求人ボックス,https://xn--pckua2a7gp15o89zb.com/jb/9b8ae10acd1b874ca414543828ffa04d,True,4時間前,2026-10-03 04:51:21,埼玉県
保育士／月給25万以上／土日祝休み／ブランク可／職場見学可新着,ひなた保育園,埼玉県,月給25万,正社員,保育,求人ボックス,https://xn--pckua2a7gp15o89zb.com/jb/c17e07f72990a918a07e4e1f5750ff52,True,6時間前,2026-10-03 04:51:22,埼玉県
「子どもたちの成長を支える仕事」／事業所内保育園の保育士／未経験歓迎新着,保育,埼玉県,月給27万円～36万円,正社員,保育,求人ボックス,https://xn--pckua2a7gp15o89zb.com/jbn/af48232ef782b2807c2247bf63d5052f,True,16時間前,2026-10-03 04:51:26,埼玉県
「応募から勤務までスムーズ」／認可保育園の保育士／未経験歓迎新着,保育,埼玉県,月給27万円～36万円,正社員,保育,求人ボックス,https://xn--pckua2a7gp15o89zb.com/jbn/4020a97982469544f85761b735bbc4f0,True,16時間前,2026-10-03 04:51:26,埼玉県
「男女ともに活躍中」／事業所内保育園の保育士／日勤固定／研修充実新着,保育,埼玉県,月給27万円～36万円,正社員,保育,求人ボックス,https://xn--pckua2a7gp15o89zb.com/jbn/fc2506a34c45dd7d96e42c28ad5a82d8,True,16時間前,2026-10-03 04:51:29,埼玉県
「早めに仕事を決めたい方に」／小規模保育園の保育士／未経験歓迎新着,保育,埼玉県,月給27万円～36万円,正社員,保育,求人ボックス,https://xn--pckua2a7gp15o89zb.com/jbn/36646ff2f7a5b47b09f0f177c8029cf9,True,16時間前,2026-10-03 04:51:29,埼玉県
「スピード採用実施中」／事業所内保育園の保育士／未経験歓迎／研修充実新着,保育,埼玉県,月給27万円～36万円,正社員,保育,求人ボックス,https://xn--pckua2a7gp15o89zb.com/jbn/bda01c8b06e7e0a53340c8f45c8ad74e,True,16時間前,2026-10-03 04:51:32,埼玉県
「もう一度保育士として活躍したい方に」／認定こども園の保育士新着,保育,埼玉県,月給27万円～36万円,正社員,保育,求人ボックス,https://xn--pckua2a7gp15o89zb.com/jbn/1f6a4cece494770fa6d2ac405b869e3f,True,16時間前,2026-10-03 04:51:35,埼玉県
「男女ともに活躍中」／認可保育園の保育士／複数担任制／研修制度あり新着,保育,埼玉県,月給27万円～36万円,正社員,保育,求人ボックス,https://xn--pckua2a7gp15o89zb.com/jbn/89815e76188b45f1f983e151db003487,True,16時間前,2026-10-03 04:51:35,埼玉県
「もう一度保育の仕事を始めたい方に」／事業所内保育園の保育士新着,保育,埼玉県,月給27万円～36万円,正社員,保育,求人ボックス,https://xn--pckua2a7gp15o89zb.com/jbn/e1a6c2b05f6f94f13537d19d65087c56,True,16時間前,2026-10-03 04:51:38,埼玉県
「プライベートも大切にできる」／事業所内保育園の保育士／日勤固定新着,保育,埼玉県,月給27万円～36万円,正社員,保育,求人ボックス,https://xn--pckua2a7gp15o89zb.com/jbn/00cb8fafbe4fcda41bfadf934db8b035,True,16時間前,2026-10-03 04:51:41,埼玉県
「応募から入社までスムーズ」／認定こども園の保育士／未経験歓迎新着,保育士,埼玉県,月給27万円～36万円,正社員,保育,求人ボックス,https://xn--pckua2a7gp15o89zb.com/jbn/4393a124fa6df9462c3d9e23c71cbc9e,True,16時間前,2026-10-03 04:51:44,埼玉県
「男女ともに活躍中」／小規模保育園の保育士／書類少なめ／研修充実新着,保育,埼玉県,月給27万円～36万円,正社員,保育,求人ボックス,https://xn--pckua2a7gp15o89zb.com/jbn/e22d0cc98f484993c2901eb8a2fc472a,True,16時間前,2026-10-03 04:51:44,埼玉県
「男女ともに活躍中」／保育士／ピアノ苦手OK／未経験歓迎新着,保育士,埼玉県,月給27万円～36万円,正社員,保育,求人ボックス,https://xn--pckua2a7gp15o89zb.com/jbn/1807e6bebf616ff43cfee403c8ec753f,True,16時間前,2026-10-03 04:51:46,埼玉県
積極採用中!産婦人科クリニックでの医療事務新着,株式会社日本教育クリエイト,埼玉県,"時給1,350円",派遣社員,医療事務,求人ボックス,https://xn--pckua2a7gp15o89zb.com/jbn/390eebd7b2d92bbe3afdc3a95ef29fee,True,22時間前,2026-10-03 04:51:20,埼玉県
クリニックでの医療事務新着,安冨医院,埼玉県,"時給1,200円～1,500円",アルバイト・パート,医療事務,求人ボックス,https://xn--pckua2a7gp15o89zb.com/jb/2f9d20ea89a3e4aa3000b3fe507fb5ce,True,16時間前,2026-10-03 04:51:20,埼玉県
クリニックでの医療事務新着,医療法人いのクリニック,埼玉県,月給21万円～22万円,正社員,医療事務,求人ボックス,https://xn--pckua2a7gp15o89zb.com/jb/06ae5326bbe5a28d13b1d340d6659b57,True,16時間前,2026-10-03 04:51:20,埼玉県
婦人科クリニックでの医療事務新着,よつはレディースクリニック志木,埼玉県,月給20万円,正社員,医療事務,求人ボックス,https://xn--pckua2a7gp15o89zb.com/jb/33bb68b72b2f35f4aa5fce3e470c1702,True,16時間前,2026-10-03 04:51:20,埼玉県
医療事務／笑顔と気配りが活きる、医療事務のお仕事 。人を想う力が活きる...新着,医療法人社団Shin,埼玉県,"月給23万5,000円",正社員,医療事務,求人ボックス,https://xn--pckua2a7gp15o89zb.com/jb/1d123d86645a4bf5eb6b68292dc66032,True,2時間前,2026-10-03 04:51:24,埼玉県
クリニックでの医療事務新着,医療法人HIA なかそねメディカルクリニック,埼玉県,月給20万円,正社員,医療事務,求人ボックス,https://xn--pckua2a7gp15o89zb.com/jb/03be4f7e11fc01c44eea1d1f2cc14294,True,16時間前,2026-10-03 04:51:27,埼玉県
一般病院での医療事務新着,医療法人啓仁会 所沢ロイヤル病院,埼玉県,"月給18万8,600円",正社員,医療事務,求人ボックス,https://xn--pckua2a7gp15o89zb.com/jb/5d8390577d47da47e280c78636e8caa1,True,16時間前,2026-10-03 04:51:27,埼玉県
医療事務／書類確認・データ入力／無資格・未経験もOK新着,医療法人なごみ なごみ診療所,埼玉県,"月給25万2,000円",正社員,医療事務,求人ボックス,https://xn--pckua2a7gp15o89zb.com/jb/3de5f6f2f6e9f7303720dab0055d5b1c,True,6時間前,2026-10-03 04:51:31,埼玉県
病院での医療事務新着,医療法人慈公会 LeMonみんなの病院,埼玉県,"月給20万6,000円",正社員,医療事務,求人ボックス,https://xn--pckua2a7gp15o89zb.com/jb/c8b0bd5649a2be7ebb4e1c1041954f6e,True,16時間前,2026-10-03 04:51:34,埼玉県
クリニックでの医療事務新着,医療法人リウマチ謙恵会 あずまリウマチ内科クリニ...,埼玉県,"時給1,300円",アルバイト・パート,医療事務,求人ボックス,https://xn--pckua2a7gp15o89zb.com/jb/2fc60d714bbe072559d45cf122099e68,True,16時間前,2026-10-03 04:51:34,埼玉県
ショッピングモールのクリニックの医療事務新着,株式会社リーフエージェント,埼玉県,"月給21万4,000円",正社員,医療事務,求人ボックス,https://xn--pckua2a7gp15o89zb.com/jb/5375da3bcd6f87d567efa73ee4c97995,True,10時間前,2026-10-03 04:51:34,埼玉県
医療事務／上尾駅徒歩4分／駅チカ／残業なし／車通勤可新着,まつもと糖尿病クリニック,埼玉県,"時給1,450円",アルバイト・パート,医療事務,求人ボックス,https://xn--pckua2a7gp15o89zb.com/jb/fec8377c5618d149d456f5b559528a50,True,23時間前,2026-10-03 04:51:38,埼玉県
川口市エリア!医療事務のお仕事! クリニック／事務／未経験OK新着,株式会社ディンプル,埼玉県,月給29万円,正社員,医療事務,求人ボックス,https://xn--pckua2a7gp15o89zb.com/jb/0bbeaec3870a38c309e7ececf96736ca,True,10時間前,2026-10-03 04:51:38,埼玉県
総合病院の医療事務新着,社会医療法人壮幸会 行田総合病院,埼玉県,月給21万200円,正社員,医療事務,求人ボックス,https://xn--pckua2a7gp15o89zb.com/jb/4acb21c8773c2797b17a5c12b1f33cf1,True,16時間前,2026-10-03 04:51:38,埼玉県
医療事務新着,医療法人いしい整形外科,埼玉県,"時給1,300円～",アルバイト・パート,医療事務,求人ボックス,https://xn--pckua2a7gp15o89zb.com/jb/fed8c2ca716e83c5a9beca53210309a4,True,8時間前,2026-10-03 04:51:42,埼玉県
医療事務 未経験者OK新着,医療法人七彩,埼玉県,月給25万円,正社員,医療事務,求人ボックス,https://xn--pckua2a7gp15o89zb.com/jb/536bc6e5485f7e945c5b2bc06e6643a6,True,4時間前,2026-10-03 04:51:42,埼玉県
医療事務募集新着,医療法人社団樹悠会 上青木もりクリニック,埼玉県,月給23万円～29万円,正社員,医療事務,求人ボックス,https://xn--pckua2a7gp15o89zb.com/jb/c8776e37c85271207a97aadbf68ea4c2,True,7時間前,2026-10-03 04:51:45,埼玉県
内科クリニックの医療事務スタッフ新着,しばさき内科クリニック,埼玉県,"時給1,200円～1,250円",アルバイト・パート,医療事務,求人ボックス,https://xn--pckua2a7gp15o89zb.com/jb/33130156b41670f97afeb22c445dacd4,True,6時間前,2026-10-03 04:51:45,埼玉県
医療事務／クリニック新着,うわべ内科クリニック,埼玉県,"時給1,200円～",アルバイト・パート,医療事務,求人ボックス,https://xn--pckua2a7gp15o89zb.com/jb/5930313e104462b8b1f00622809d1079,True,10時間前,2026-10-03 04:51:48,埼玉県
医療事務／クリニック新着,越谷レイクタウン北口 門屋内科・呼吸器クリニック,埼玉県,"時給1,250円～",アルバイト・パート,医療事務,求人ボックス,https://xn--pckua2a7gp15o89zb.com/jb/a61bf2ebc4580266fd6bacb0d0c24e02,True,9時間前,2026-10-03 04:51:48,埼玉県
美容師／アシスタント／アッシュ 志木南口店新着,Aim,埼玉県,"時給1,280円～1,300円",アルバイト・パート,美容,求人ボックス,https://xn--pckua2a7gp15o89zb.com/jb/d20dcc2a16b3811a47131a8147bb58bc,True,12時間前,2026-10-03 04:51:50,埼玉県
美容師／アシスタント／アッシュ 大宮店新着,White,埼玉県,"時給1,280円～1,300円",アルバイト・パート,美容,求人ボックス,https://xn--pckua2a7gp15o89zb.com/jb/b9d8214992d4837bc436a21dfc2b2847,True,12時間前,2026-10-03 04:51:50,埼玉県
美容師／アシスタント／アッシュ 西川口店新着,株式会社ACE,埼玉県,"時給1,280円～1,300円",アルバイト・パート,美容,求人ボックス,https://xn--pckua2a7gp15o89zb.com/jb/1975e0af52640ea772b0b77d4ee583d7,True,12時間前,2026-10-03 04:51:51,埼玉県
美容師／スタイリスト／エヌフラクタル 吉川美南店新着,株式会社Nfractal,埼玉県,月給24万円～32万円,正社員,美容,求人ボックス,https://xn--pckua2a7gp15o89zb.com/jb/d9e94d3ec777a532c8a1b1034a4811b5,True,12時間前,2026-10-03 04:51:51,埼玉県
美容師／アシスタント／ラボヌールヘアーリアン 川越店新着,株式会社ヤマノホールディングス,埼玉県,"月給23万7,000円",正社員,美容,求人ボックス,https://xn--pckua2a7gp15o89zb.com/jb/82b0ab516d69e45492d2945f0891ce45,True,12時間前,2026-10-03 04:51:51,埼玉県
ヘアスタイリスト・未経験可の美容師新着,アデランス越谷,埼玉県,"時給1,400円～1,600円",アルバイト・パート,美容,求人ボックス,https://xn--pckua2a7gp15o89zb.com/jb/e6a9ae503ce6969e4deda6f774470a20,True,7時間前,2026-10-03 04:51:51,埼玉県
美容師スタイリスト・ブランク可の美容師新着,Frames南浦和,埼玉県,月給30万円～35万円,正社員,美容,求人ボックス,https://xn--pckua2a7gp15o89zb.com/jb/fd6cc8bc89992fd3ff6c79e4055ebc81,True,7時間前,2026-10-03 04:51:55,埼玉県
美容師・理容師／週1日3時間～レギュラーワークまで!主婦・幅広い年代が...新着,株式会社ハクブン,埼玉県,"時給1,250円",アルバイト・パート,美容,求人ボックス,https://xn--pckua2a7gp15o89zb.com/jb/cb07a6bc66de28fb6a3864a374fa7fbf,True,21時間前,2026-10-03 04:51:55,埼玉県
事務アシスタント／20代活躍中／福利厚生充実／充実の研修で安心スタート新着,実際に、コンビニの店員、倉庫内軽作業、,埼玉県,月給20万500円,正社員,美容,求人ボックス,https://xn--pckua2a7gp15o89zb.com/jbn/a72af24370738f501b48fd3118e8f245,True,8時間前,2026-10-03 04:51:55,埼玉県
事務アシスタント／20代活躍中／30代活躍中／充実の研修で安心スタート新着,実際に、コンビニの店員、倉庫内軽作業、,埼玉県,月給23万500円,正社員,美容,求人ボックス,https://xn--pckua2a7gp15o89zb.com/jbn/6e8b6ed4e389ea8b43ff568963f68b0e,True,8時間前,2026-10-03 04:51:57,埼玉県
事務職／充実の研修で安心スタート／完全週休2日制／教育体制あり新着,実際に、コンビニの店員、倉庫内軽作業、,埼玉県,月給23万500円,正社員,美容,求人ボックス,https://xn--pckua2a7gp15o89zb.com/jbn/1311937edcc1a9c42e56d1ce094ca1bc,True,8時間前,2026-10-03 04:51:57,埼玉県
バックオフィススタッフ／充実の研修で安心スタート!／完全週休2日制／福利厚生充実新着,実際に、コンビニの店員、倉庫内軽作業、,埼玉県,月給23万500円,正社員,美容,求人ボックス,https://xn--pckua2a7gp15o89zb.com/jbn/91858495cfac7308718714275db97f46,True,8時間前,2026-10-03 04:52:00,埼玉県
事務職／充実の研修で安心スタート／教育体制あり／完全週休2日制新着,実際に、コンビニの店員、倉庫内軽作業、,埼玉県,月給23万500円,正社員,美容,求人ボックス,https://xn--pckua2a7gp15o89zb.com/jbn/a409f694becd04e149869878dcdfcfe1,True,8時間前,2026-10-03 04:52:00,埼玉県
フルリモート／未経験可／一般事務／年休125日以上新着,職種・業界未経験歓迎→大体の方が未経験からスタートしてます! 前職は様々→飲食店、,埼玉県,"月給23万5,900円",正社員,美容,求人ボックス,https://xn--pckua2a7gp15o89zb.com/jbn/4704665c41032a6c572e0057376c18c9,True,10時間前,2026-10-03 04:52:04,埼玉県
データ入力・未経験OK「ネイルOK／服装自由」土日休み／残業なし「20代活躍中」新着,...前向きな気持ちで事務職に挑戦したい・仕事/プライベートのメリハリをつけたい・スキルを身につけて長期的に活躍したいー こんな前職の方が入社中ー接客業/販売業/飲食店/保育士/看護師ネイリスト/トリ,埼玉県,"月給22万7,500円",正社員,美容,求人ボックス,https://xn--pckua2a7gp15o89zb.com/jbn/ce1d8847988f4f7a4ac7dc484dff4e10,True,23時間前,2026-10-03 04:52:04,埼玉県
一般事務・未経験OK「ネイルOK・服装自由」土日休み・残業なし・20代活躍中新着,...前向きな気持ちで事務職に挑戦したい・仕事/プライベートのメリハリをつけたい・スキルを身につけて長期的に活躍したいー こんな前職の方が入社中ー接客業/販売業/飲食店/保育士/看護師ネイリスト/トリ,埼玉県,"月給22万7,500円",正社員,美容,求人ボックス,https://xn--pckua2a7gp15o89zb.com/jbn/202fb847e9e916124a813772c9306a67,True,22時間前,2026-10-03 04:52:04,埼玉県
フルリモート／未経験可／データ入力／年休125日以上新着,職種・業界未経験歓迎→大体の方が未経験からスタートしてます! 前職は様々→飲食店、,埼玉県,"月給24万2,800円",正社員,美容,求人ボックス,https://xn--pckua2a7gp15o89zb.com/jbn/8bb3a9eb26401d0b055b6485ed944aaf,True,9時間前,2026-10-03 04:52:08,埼玉県
受付事務 完全週休2日制・服装自由 20代活躍中・未経験歓迎／WEB選考新着,...前向きな気持ちで事務職デビューしたい方・仕事/プライベートのメリハリをつけたい方・スキル/資格を身につけ長期で活躍したい方ー こんな前職の方が入社中ー接客業/販売業/飲食/看護師/保育士/調理師,埼玉県,"月給22万7,500円",正社員,美容,求人ボックス,https://xn--pckua2a7gp15o89zb.com/jbn/7b99a6d102bc6d2b535fbd7c5959147e,True,23時間前,2026-10-03 04:52:08,埼玉県
リモート勤務／一般事務／高収入／完全土日休み新着,飲食店、,埼玉県,"月給27万1,700円",正社員,美容,求人ボックス,https://xn--pckua2a7gp15o89zb.com/jbn/d0b39673ca735b29311109607d012a03,True,9時間前,2026-10-03 04:52:12,埼玉県
在宅勤務／事務／未経験OK／月給27万～新着,飲食店、,埼玉県,月給27万～,正社員,美容,求人ボックス,https://xn--pckua2a7gp15o89zb.com/jbn/0ed94541c75fbf521741985314ad8fc3,True,10時間前,2026-10-03 04:52:12,埼玉県
フルリモート／一般事務／高収入／完全土日休み新着,飲食店、,埼玉県,"月給27万3,000円",正社員,美容,求人ボックス,https://xn--pckua2a7gp15o89zb.com/jbn/9dc771aa8d738b6730b2ff204f9d8c03,True,10時間前,2026-10-03 04:52:12,埼玉県
タクシー乗務員「普通免許のみ」／ドライバー／予約が中心／年収600万円以上／未経験でも高収入新着,...カレンダー通りに休める事務職へ転職したい」「プライベートの時間もしっかり確保しながら働きたい」そんな希望が叶う職場です。ExcelやWordの基本操作ができれば、実務経験がなくても全く問題ありま,埼玉県,月給45万円～80万円,正社員,美容,求人ボックス,https://xn--pckua2a7gp15o89zb.com/jbn/60158b754315d6ae9889250d9123ec1b,True,10時間前,2026-10-03 04:52:12,埼玉県
事務アシスタント／20代活躍中／充実の研修で安心スタート!／教育体制あり新着,...これまでの経歴ではなく、これからの「やってみたい」という気持ちを何よりも重視します。求人票に必須資格の明記はありませんので、どなたでも「不問」として安心してご応募いただけます。実際に、コンビニの,埼玉県,月給23万500円,正社員,美容,求人ボックス,https://xn--pckua2a7gp15o89zb.com/jbn/c94aa36a0e67064fc0ffd86f8da8a8eb,True,8時間前,2026-10-03 04:52:12,埼玉県
リモート勤務／データ入力／未経験OK／月給27万～新着,飲食店、,埼玉県,月給27万～,正社員,美容,求人ボックス,https://xn--pckua2a7gp15o89zb.com/jbn/fcdd82f674e5c8c5792d2aae0ec60b90,True,9時間前,2026-10-03 04:52:15,埼玉県
受付・データ入力スタッフ／若手中心／充実の研修で安心スタート!／福利厚生充実新着,...これまでの経歴ではなく、これからの「やってみたい」という気持ちを何よりも重視します。求人票に必須資格の明記はありませんので、どなたでも「不問」として安心してご応募いただけます。実際に、コンビニの,埼玉県,月給23万500円,正社員,美容,求人ボックス,https://xn--pckua2a7gp15o89zb.com/jbn/95f93c13e95b6773735ab1d37b814d67,True,8時間前,2026-10-03 04:52:15,埼玉県
完全在宅／データ入力／未経験OK／月給27万～新着,飲食店、,埼玉県,月給27万～,正社員,美容,求人ボックス,https://xn--pckua2a7gp15o89zb.com/jbn/d87b6482ee3d28e000f4a41679959efb,True,9時間前,2026-10-03 04:52:15,埼玉県
受付・データ入力スタッフ／充実の研修で安心スタート!／丁寧な教育体制／福利厚生充実新着,...原則定時退社だからお仕事後のプライベートが超充実 ギスギスした雰囲気とは無縁の、何でも相談しやすい環境<元接客・販売スタッフが多数在籍!>コンビニ夜勤、ホテルフロント、居酒屋、アパレル、,埼玉県,月給20万500円,正社員,美容,求人ボックス,https://xn--pckua2a7gp15o89zb.com/jbn/7a8dc43acfc610413e0ecbb876c440e9,True,8時間前,2026-10-03 04:52:18,埼玉県
バックオフィススタッフ／未経験でも安心／充実の研修で安心スタート!／若い者歓迎新着,...原則定時退社だからお仕事後のプライベートが超充実 ギスギスした雰囲気とは無縁の、何でも相談しやすい環境<元接客・販売スタッフが多数在籍!>コンビニ夜勤、ホテルフロント、居酒屋、アパレル、,埼玉県,月給23万500円,正社員,美容,求人ボックス,https://xn--pckua2a7gp15o89zb.com/jbn/5cf74a9bf5d8ccf44920dbf8d5aa1b24,True,8時間前,2026-10-03 04:52:18,埼玉県
事務アシスタント／30代活躍中／充実の研修で安心スタート!／20代活躍中新着,...原則定時退社だからお仕事後のプライベートが超充実 ギスギスした雰囲気とは無縁の、何でも相談しやすい環境<元接客・販売スタッフが多数在籍!>コンビニ夜勤、ホテルフロント、居酒屋、アパレル、,埼玉県,月給21万500円,正社員,美容,求人ボックス,https://xn--pckua2a7gp15o89zb.com/jbn/96aac387bf7582e827c8844f01198f2b,True,8時間前,2026-10-03 04:52:18,埼玉県
完全在宅／データ入力／未経験OK／完全週休2日新着,飲食店、,埼玉県,"月給27万1,600円",正社員,美容,求人ボックス,https://xn--pckua2a7gp15o89zb.com/jbn/e06fec1e754a82b3889382668d9cde7d,True,10時間前,2026-10-03 04:52:18,埼玉県
一般事務スタッフ／資格・経験不問新着,英和運輸倉庫株式会社,埼玉県,"時給1,200円",アルバイト・パート,事務,求人ボックス,https://xn--pckua2a7gp15o89zb.com/jb/0bb3bf85a6a735916632e7e5c02f8d72,True,6時間前,2026-10-03 04:51:51,埼玉県
一般事務「正社員・月給28万〜」20代活躍中・未経験OK l 研修あり新着,一般事務,埼玉県,月給28万,正社員,事務,求人ボックス,https://xn--pckua2a7gp15o89zb.com/jbn/ba7d6355aa2fb77eee84d9255482fa66,True,20時間前,2026-10-03 04:51:51,埼玉県
環境資源リサイクル会社の一般事務 残業なし 月給33万円スタート新着,株式会社冨樫興業,埼玉県,月給33万円,正社員,事務,求人ボックス,https://xn--pckua2a7gp15o89zb.com/jb/9ec0a54b3ee81488b73363d9bf65a7d7,True,4時間前,2026-10-03 04:51:52,埼玉県
建材の入出庫を管理する一般事務新着,株式会社ジャパン・リリーフ,埼玉県,"時給1,450円～",派遣社員,事務,求人ボックス,https://xn--pckua2a7gp15o89zb.com/jbn/3823e118718595ba7ecbde15ceda13bb,True,20時間前,2026-10-03 04:51:52,埼玉県
物流会社の一般事務／データ入力・伝票処理／正社員登用制度あり新着,株式会社山紀,埼玉県,"時給1,200円",正社員,事務,求人ボックス,https://xn--pckua2a7gp15o89zb.com/jb/b9404a12b296997a683e9dc4d5f4226d,True,6時間前,2026-10-03 04:51:52,埼玉県
一般事務／電話応対や書類の整理新着,医療法人なごみ なごみ診療所,埼玉県,"月給22万9,000円",正社員,事務,求人ボックス,https://xn--pckua2a7gp15o89zb.com/jb/9d6fd89eb90c8f5ed55161f89ee53ba1,True,6時間前,2026-10-03 04:51:56,埼玉県
一般事務新着,株式会社C-clamp,埼玉県,月給23万円～30万円,正社員,事務,求人ボックス,https://xn--pckua2a7gp15o89zb.com/jb/d1624933357728f0751ec3cb832efac3,True,4時間前,2026-10-03 04:51:56,埼玉県
物流倉庫での一般事務／前払い制度有新着,株式会社マンキャピタル,埼玉県,"時給1,600円",派遣社員,事務,求人ボックス,https://xn--pckua2a7gp15o89zb.com/jb/12ddbf6c221bff23320887a124b6d0a6,True,6時間前,2026-10-03 04:51:56,埼玉県
正社員デビュー歓迎／関東で一般事務スタッフ新着,株式会社OOQ,埼玉県,"月給20万5,000円",正社員,事務,求人ボックス,https://xn--pckua2a7gp15o89zb.com/jb/6d223939d0a3a1033fd9514bd9d17b5e,True,15時間前,2026-10-03 04:51:58,埼玉県
ペットショップ運営会社の一般事務新着,有限会社大浩商事 三橋オフィス,埼玉県,"時給1,220円～",アルバイト・パート,事務,求人ボックス,https://xn--pckua2a7gp15o89zb.com/jb/39f1816146df54a42aedad8e62c98004,True,10時間前,2026-10-03 04:51:58,埼玉県
データ入力や請求書発行などの一般事務／未経験からスタートOK新着,柳田運輸株式会社,埼玉県,"時給1,200円",アルバイト・パート,事務,求人ボックス,https://xn--pckua2a7gp15o89zb.com/jbn/9d460df4e86e763a43035d41ab54eabf,True,22時間前,2026-10-03 04:52:01,埼玉県
「在宅可」未経験採用枠／一般事務／年間休日125日以上新着,一般事務,埼玉県,月給25万600円,正社員,事務,求人ボックス,https://xn--pckua2a7gp15o89zb.com/jbn/5ec81cb075b5a0d253acb9b271d18e61,True,10時間前,2026-10-03 04:52:01,埼玉県
在宅可／未経験可／一般事務／年休125日以上新着,一般事務,埼玉県,"月給24万6,500円",正社員,事務,求人ボックス,https://xn--pckua2a7gp15o89zb.com/jbn/4e24cd726190c7452a9f04ca029cf463,True,10時間前,2026-10-03 04:52:05,埼玉県
はじめてでも安心の研修あり／一般事務／オフィスワーク新着,一般事務,埼玉県,"月給28万9,000円",正社員,事務,求人ボックス,https://xn--pckua2a7gp15o89zb.com/jbn/ffb70bdf373fcb4631b95f0ee628ed50,True,6時間前,2026-10-03 04:52:09,埼玉県
「新しい仕事に挑戦しやすい」／一般事務／オフィスワーク／未経験歓迎新着,一般事務,埼玉県,月給27万円～31万,正社員,事務,求人ボックス,https://xn--pckua2a7gp15o89zb.com/jbn/5e776f79a5d165c86d68bb02d7c596c0,True,14時間前,2026-10-03 04:52:13,埼玉県
「同世代と働きやすい」／一般事務／オフィスワーク／未経験歓迎新着,一般事務,埼玉県,"月給27万6,000円",正社員,事務,求人ボックス,https://xn--pckua2a7gp15o89zb.com/jbn/e638e6dbb455396461d1bf225f856d1b,True,14時間前,2026-10-03 04:52:17,埼玉県
20代から始める安定ワーク／一般事務／オフィスワーク／研修充実新着,一般事務,埼玉県,"月給34万8,000円",正社員,事務,求人ボックス,https://xn--pckua2a7gp15o89zb.com/jbn/e730bffe3b90ec133ea85b3affdb2e4f,True,6時間前,2026-10-03 04:52:17,埼玉県
一般事務スタッフ／午後のみ／扶養内OK／未経験者大歓迎新着,エフ・ブイ商事株式会社,埼玉県,"時給1,200円～1,400円",アルバイト・パート,事務,求人ボックス,https://xn--pckua2a7gp15o89zb.com/jb/68e7111f799e03666f5ed0e72fbf1803,True,6時間前,2026-10-03 04:52:20,埼玉県
「予約制のタクシードライバー」週3日勤務で月収40万円以上／未経験OK／20代～50代が活躍中新着,建設,埼玉県,"月給47万6,000円",正社員,建設,求人ボックス,https://xn--pckua2a7gp15o89zb.com/jbn/2c02d35a0902c7782e39da4b942000b6,True,13時間前,2026-10-03 04:51:50,埼玉県
普通免許から始めるタクシードライバー／二種免許取得支援あり／役員・VIP・予約送迎／賞与あり新着,フードデリバリー配達員/宅配便ドライバールート配送ドライバー(飲料・食品)...(前職:フードデリバリー配達員/25歳男性) 福利厚生 ・社会保険完備(厚生年金・健康保険・雇用保険・労災)...,埼玉県,"月給51万4,000円",正社員,建設,求人ボックス,https://xn--pckua2a7gp15o89zb.com/jbn/70192e2746bb8d53d3b67cd47e112b7a,True,10時間前,2026-10-03 04:51:50,埼玉県
著名人・VIPの予約タクシードライバー／普通免許のみOK／未経験から正社員へ／賞与年2回新着,フードデリバリー配達員/宅配便ドライバールート配送ドライバー(飲料・食品)...[年収実績]25歳男性/前職:フードデリバリー配達員入社1年目で年収650万円を達成。,埼玉県,"月給47万6,000円",正社員,建設,求人ボックス,https://xn--pckua2a7gp15o89zb.com/jbn/a14b97c8ce6537b5108c6e2fe586672f,True,9時間前,2026-10-03 04:51:50,埼玉県
「夜勤・高収入・空港送迎」タクシードライバー／普通免許でOK／賞与あり／年収600万円以上可新着,フードデリバリー配達員/宅配便ドライバールート配送ドライバー(飲料・食品)...<年収例>入社1年目:年収650万円前職:フードデリバリー配達員(25歳男性),埼玉県,"月給51万4,000円",正社員,建設,求人ボックス,https://xn--pckua2a7gp15o89zb.com/jbn/477aa61155eaa0577efd1e830b7eb4df,True,10時間前,2026-10-03 04:51:50,埼玉県
「タクシードライバー」二種免不要／週3勤務／安定収入／ボーナス年2回／若手活躍中／安心の正社員雇用新着,...軽貨物配送ドライバーフードデリバリー配達員/宅配便ドライバールート配送ドライバー(飲料・食品)長距離大型トラック/中型トラック運転手引越しドライバー/デリバリーサービス倉庫,埼玉県,"月給47万6,000円",正社員,建設,求人ボックス,https://xn--pckua2a7gp15o89zb.com/jbn/2e92c0598472760237e7252b82b4ae0e,True,9時間前,2026-10-03 04:51:50,埼玉県
「タクシードライバー」二種免許会社負担／経歴不問／年収600万円以上可／若手世代活躍中新着,...軽貨物配送ドライバーフードデリバリー配達員/宅配便ドライバールート配送ドライバー(飲料・食品)長距離大型トラック/中型トラック運転手引越しドライバー/デリバリーサービス倉庫,埼玉県,"月給47万6,000円",正社員,建設,求人ボックス,https://xn--pckua2a7gp15o89zb.com/jbn/7dd83611c0dca9c115db11e1c687e72e,True,9時間前,2026-10-03 04:51:50,埼玉県
アルファードでの夜間タクシードライバー／VIP・著名人対応あり／AT限定OK／接客経験を活かせる新着,フードデリバリー配達員/宅配便ドライバールート配送ドライバー(飲料・食品)...外での,埼玉県,"月給47万6,000円",正社員,建設,求人ボックス,https://xn--pckua2a7gp15o89zb.com/jbn/83f195d30ba34a88f26dca4ca563b605,True,9時間前,2026-10-03 04:51:51,埼玉県
「夜勤・タクシードライバー」二種免不要／企業役員／賞与年2回／20代活躍中／安定収入新着,フードデリバリー配達員/宅配便ドライバールート配送ドライバー(飲料・食品)...<年収例>入社1年目:年収650万円前職:フードデリバリー配達員(25歳男性),埼玉県,"月給47万6,000円",正社員,建設,求人ボックス,https://xn--pckua2a7gp15o89zb.com/jbn/a2a1586490d4bdf110ae2d9fa09ff617,True,9時間前,2026-10-03 04:51:51,埼玉県
夜間予約タクシードライバー／普通免許OK／二種免許は会社負担／月収50万円以上も可／賞与あり新着,フードデリバリー配達員/宅配便ドライバールート配送ドライバー(飲料・食品)長距離大型トラック/中型トラック運転手引越しドライバー/デリバリーサービス倉庫,埼玉県,"月給51万4,000円",正社員,建設,求人ボックス,https://xn--pckua2a7gp15o89zb.com/jbn/a2a7dd8a61389fe5a6832b8f5d58e715,True,10時間前,2026-10-03 04:51:51,埼玉県
「社会保険完備・福利厚生充実」タクシードライバー／夜勤／学歴不問／ボーナス年2回／空港送迎／会食送迎新着,...軽貨物配送ドライバーフードデリバリー配達員/宅配便ドライバールート配送ドライバー(飲料・食品)長距離大型トラック/中型トラック運転手引越しドライバー/デリバリーサービス倉庫,埼玉県,"月給51万4,000円",正社員,建設,求人ボックス,https://xn--pckua2a7gp15o89zb.com/jbn/812742b755679b6c8647c043efec7167,True,10時間前,2026-10-03 04:51:51,埼玉県
「二種免許不要・タクシードライバー」履歴書不要／学歴不問／週3勤務／身体負担少なめ／退職金制度新着,...軽貨物配送ドライバーフードデリバリー配達員/宅配便ドライバールート配送ドライバー(飲料・食品)長距離大型トラック/中型トラック運転手引越しドライバー/デリバリーサービス倉庫,埼玉県,"月給51万4,000円",正社員,建設,求人ボックス,https://xn--pckua2a7gp15o89zb.com/jbn/e32c990e6c3bd0d360cbbb6a511a0a89,True,10時間前,2026-10-03 04:51:51,埼玉県
夜勤の役員タクシードライバー／空港・会食・VIP送迎あり／普通免許OK／賞与年2回／福利厚生充実新着,...軽貨物配送ドライバーフードデリバリー配達員/宅配便ドライバールート配送ドライバー(飲料・食品)長距離大型トラック/中型トラック運転手引越しドライバー/デリバリーサービス倉庫,埼玉県,"月給51万4,000円",正社員,建設,求人ボックス,https://xn--pckua2a7gp15o89zb.com/jbn/c3a89cfdd8fd6a64a34827bbdc852626,True,10時間前,2026-10-03 04:51:51,埼玉県
「夜勤」タクシードライバー・AT限定OK／接客経験活かせる／賞与年2回／VIP対応／アルファード新着,...軽貨物配送ドライバーフードデリバリー配達員/宅配便ドライバールート配送ドライバー(飲料・食品)長距離大型トラック/中型トラック運転手引越しドライバー/デリバリーサービス倉庫,埼玉県,"月給47万6,000円",正社員,建設,求人ボックス,https://xn--pckua2a7gp15o89zb.com/jbn/31ebc9bcfec792452ba067bc5d30c278,True,9時間前,2026-10-03 04:51:51,埼玉県
「月11日～13日勤務!」タクシードライバー／履歴書不要／空港送迎／社会保険完備／賞与あり新着,フードデリバリー配達員/宅配便ドライバールート配送ドライバー(飲料・食品)...<年収例>入社1年目:年収650万円前職:フードデリバリー配達員(25歳男性),埼玉県,"月給51万4,000円",正社員,建設,求人ボックス,https://xn--pckua2a7gp15o89zb.com/jbn/cd846287a8b10cc5531e0726b9cd4af4,True,10時間前,2026-10-03 04:51:51,埼玉県
タクシードライバー／普通免許OK・AT限定可／未経験から正社員へ／週3日勤務可新着,...軽貨物配送ドライバーフードデリバリー配達員/宅配便ドライバールート配送ドライバー(飲料・食品)長距離大型トラック/中型トラック運転手引越しドライバー/デリバリーサービス倉庫,埼玉県,"月給47万5,000円",正社員,建設,求人ボックス,https://xn--pckua2a7gp15o89zb.com/jbn/de432a97c3fcb278327f2fe4629a7567,True,10時間前,2026-10-03 04:51:56,埼玉県
週3勤務の予約送迎ドライバー／普通免許OK／未経験から正社員へ／履歴書不要／賞与年2回新着,...軽貨物配送ドライバーフードデリバリー配達員/宅配便ドライバールート配送ドライバー(飲料・食品)長距離大型トラック/中型トラック運転手引越しドライバー/デリバリーサービス倉庫,埼玉県,"月給40万5,000円",正社員,建設,求人ボックス,https://xn--pckua2a7gp15o89zb.com/jbn/5e7df29ee92ec91f29119a2f530c9f4f,True,15時間前,2026-10-03 04:51:56,埼玉県
タクシードライバー／普通免許OK／年収600万円以上も可／履歴書不要／退職金制度あり新着,...軽貨物配送ドライバーフードデリバリー配達員/宅配便ドライバールート配送ドライバー(飲料・食品)長距離大型トラック/中型トラック運転手引越しドライバー/デリバリーサービス倉庫,埼玉県,"月給51万5,000円",正社員,建設,求人ボックス,https://xn--pckua2a7gp15o89zb.com/jbn/0ae91cb96f6e47ab7551225f08c83751,True,10時間前,2026-10-03 04:51:56,埼玉県
「タクシードライバー」未経験OK／履歴書不要／週3勤務／賞与あり／研修制度充実／社会保険完備新着,...軽貨物配送ドライバーフードデリバリー配達員/宅配便ドライバールート配送ドライバー(飲料・食品)長距離大型トラック/中型トラック運転手引越しドライバー/デリバリーサービス倉庫,埼玉県,"月給47万6,000円",正社員,建設,求人ボックス,https://xn--pckua2a7gp15o89zb.com/jbn/3bd5b922aa076a22f6075ab8becc3d3c,True,9時間前,2026-10-03 04:51:56,埼玉県
週3勤務のタクシードライバー／普通免許OK／未経験から正社員へ／履歴書不要／賞与年2回新着,...軽貨物配送ドライバーフードデリバリー配達員/宅配便ドライバールート配送ドライバー(飲料・食品)長距離大型トラック/中型トラック運転手引越しドライバー/デリバリーサービス倉庫,埼玉県,"月給51万5,000円",正社員,建設,求人ボックス,https://xn--pckua2a7gp15o89zb.com/jbn/8d7e91ef0d730cc24d737cda05072b6c,True,11時間前,2026-10-03 04:51:56,埼玉県
週3勤務のタクシードライバー／普通免許だけで応募OK／予約中心で落ち着いて働ける／賞与年2回新着,...軽貨物配送ドライバーフードデリバリー配達員/宅配便ドライバールート配送ドライバー(飲料・食品)長距離大型トラック/中型トラック運転手引越しドライバー/デリバリーサービス倉庫,埼玉県,"月給51万5,000円",正社員,建設,求人ボックス,https://xn--pckua2a7gp15o89zb.com/jbn/506fee06fef93f8171e4d24dc0906e43,True,11時間前,2026-10-03 04:51:56,埼玉県
週3勤務の役員送迎ドライバー／普通免許だけで応募OK／予約中心で落ち着いて働ける／賞与年2回新着,...軽貨物配送ドライバーフードデリバリー配達員/宅配便ドライバールート配送ドライバー(飲料・食品)長距離大型トラック/中型トラック運転手引越しドライバー/デリバリーサービス倉庫,埼玉県,"月給51万5,000円",正社員,建設,求人ボックス,https://xn--pckua2a7gp15o89zb.com/jbn/d5df4673c710ddbd2268a73c9f459faa,True,15時間前,2026-10-03 04:51:56,埼玉県
月11日～13日勤務のタクシードライバー／空港・VIP送迎あり／普通免許OK／履歴書不要／賞与年2回新着,未経験OK,埼玉県,"月給47万6,000円",正社員,建設,求人ボックス,https://xn--pckua2a7gp15o89zb.com/jbn/a9246aa0a7f9995106607ccf9358e275,True,9時間前,2026-10-03 04:51:56,埼玉県
役員・VIPタクシードライバー／普通免許OK／年収600万円以上も可／履歴書不要／退職金制度あり新着,...軽貨物配送ドライバーフードデリバリー配達員/宅配便ドライバールート配送ドライバー(飲料・食品)長距離大型トラック/中型トラック運転手引越しドライバー/デリバリーサービス倉庫,埼玉県,"月給47万6,000円",正社員,建設,求人ボックス,https://xn--pckua2a7gp15o89zb.com/jbn/a5e5912de4b1efa828f2ef2db8939fa7,True,9時間前,2026-10-03 04:52:00,埼玉県
夜勤の予約タクシードライバー／企業役員・VIP対応あり／普通免許OK／二種免許取得支援あり新着,フードデリバリー配達員/宅配便ドライバールート配送ドライバー(飲料・食品)...25歳男性・前職フードデリバリー配達員が入社1年目で年収650万円を達成しています。...,埼玉県,"月給47万6,000円",正社員,建設,求人ボックス,https://xn--pckua2a7gp15o89zb.com/jbn/4c30c46dba2fbcc2b9f7e2ccbd46cda8,True,9時間前,2026-10-03 04:52:00,埼玉県
週3勤務の役員タクシードライバー／普通免許だけで応募OK／予約中心で落ち着いて働ける／賞与年2回新着,...軽貨物配送ドライバーフードデリバリー配達員/宅配便ドライバールート配送ドライバー(飲料・食品)長距離大型トラック/中型トラック運転手引越しドライバー/デリバリーサービス倉庫,埼玉県,"月給47万6,000円",正社員,建設,求人ボックス,https://xn--pckua2a7gp15o89zb.com/jbn/bdff185f9c13ae2095f6a01a7077b73c,True,9時間前,2026-10-03 04:52:00,埼玉県
「週3勤務・芸能人・タレント」タクシードライバー／二種免許不要／賞与年2回／正社員雇用新着,フードデリバリー配達員/宅配便ドライバールート配送ドライバー(飲料・食品)...<年収例>入社1年目:年収650万円前職:フードデリバリー配達員(25歳男性),埼玉県,"月給47万4,000円",正社員,建設,求人ボックス,https://xn--pckua2a7gp15o89zb.com/jbn/753ce953274234088b1f7895b9d8e5e5,True,10時間前,2026-10-03 04:52:00,埼玉県
役員・著名人の予約タクシードライバー／普通免許OK・AT限定可／未経験から正社員へ／週3日勤務可新着,...軽貨物配送ドライバーフードデリバリー配達員/宅配便ドライバールート配送ドライバー(飲料・食品)長距離大型トラック/中型トラック運転手引越しドライバー/デリバリーサービス倉庫,埼玉県,"月給51万4,000円",正社員,建設,求人ボックス,https://xn--pckua2a7gp15o89zb.com/jbn/590e3242c0664ac2ebff10803f4e854f,True,10時間前,2026-10-03 04:52:00,埼玉県
「経歴不問・タクシードライバー」未経験歓迎／社会保険完備の正社員雇用／週3勤務／AT限定OK新着,...軽貨物配送ドライバーフードデリバリー配達員/宅配便ドライバールート配送ドライバー(飲料・食品)長距離大型トラック/中型トラック運転手引越しドライバー/デリバリーサービス倉庫,埼玉県,"月給51万4,000円",正社員,建設,求人ボックス,https://xn--pckua2a7gp15o89zb.com/jbn/5f9dd51ef20f5cd44637e95629170b87,True,10時間前,2026-10-03 04:52:00,埼玉県
週3勤務の予約タクシードライバー／普通免許OK／未経験から正社員へ／履歴書不要／賞与年2回新着,...軽貨物配送ドライバーフードデリバリー配達員/宅配便ドライバールート配送ドライバー(飲料・食品)長距離大型トラック/中型トラック運転手引越しドライバー/デリバリーサービス倉庫,埼玉県,"月給47万6,000円",正社員,建設,求人ボックス,https://xn--pckua2a7gp15o89zb.com/jbn/dba5e4fb573646d83d0910de27bbc4cf,True,9時間前,2026-10-03 04:52:00,埼玉県
建築施工管理新着,八木建設株式会社,埼玉県,月給36万円～53万円,正社員,建設,求人ボックス,https://xn--pckua2a7gp15o89zb.com/jb/95b060f8c2154a043fe28eb06d17871c,True,5時間前,2026-10-03 04:52:03,埼玉県
個室寮完備&初月家賃無料／交通誘導スタッフ新着,大真綜合警備保障株式会社,埼玉県,"日給1万1,360円",アルバイト・パート,建設,求人ボックス,https://xn--pckua2a7gp15o89zb.com/jb/95136e438eabd88722547332601b3cc9,True,13時間前,2026-10-03 04:52:03,埼玉県
月額33万円～スタート!電気・通信インフラを支える 法人営業新着,エヌテック株式会社,埼玉県,年収400万円～600万円,正社員,建設,求人ボックス,https://xn--pckua2a7gp15o89zb.com/jb/d3c1abf0c3b33d572d3b0f10d741d12f,True,22時間前,2026-10-03 04:52:03,埼玉県
タクシー運転手「週3勤務」資格取得支援あり／月収40万円以上／安定収入／転職回数不問新着,...以下のような経験をお持ちの方は特に歓迎します。・軽貨物ドライバー・ルート配送スタッフ・宅配ドライバー・タクシー運転手・大型トラックドライバー・フォークリフトオペレーター・,埼玉県,"月給47万8,500円",正社員,建設,求人ボックス,https://xn--pckua2a7gp15o89zb.com/jbn/06bf826e30982b5820c09292983a2c36,True,8時間前,2026-10-03 04:52:03,埼玉県
「高収入」夜勤／タクシー運転手／定期送迎「月収50万円以上可能／安定収入／賞与年2回」新着,建設・,埼玉県,"月給47万9,900円",正社員,建設,求人ボックス,https://xn--pckua2a7gp15o89zb.com/jbn/fe07d96f452d8d880456b6890f451666,True,8時間前,2026-10-03 04:52:03,埼玉県
タクシードライバー／週3勤務／学歴不問／1年目月収50万以上／賞与年2回新着,建設・,埼玉県,"月給47万7,100円",正社員,建設,求人ボックス,https://xn--pckua2a7gp15o89zb.com/jbn/51d74c37ca6819a79db9634effe7d093,True,8時間前,2026-10-03 04:52:03,埼玉県
夜勤タクシードライバー／未経験スタートOK／年2回のボーナス支給あり／資格取得支援制度あり新着,作業,埼玉県,"月給47万8,500円",正社員,建設,求人ボックス,https://xn--pckua2a7gp15o89zb.com/jbn/26d4d78e04b422576cdfc42fb1b716b7,True,8時間前,2026-10-03 04:52:06,埼玉県
「夜勤でしっかり稼ぐ」タクシードライバー／残業少なめ／正社員採用／賞与あり新着,...以下のような経験をお持ちの方は特に歓迎します。・軽貨物ドライバー・ルート配送スタッフ・宅配ドライバー・タクシー運転手・大型トラックドライバー・フォークリフトオペレーター・,埼玉県,"月給47万9,300円",正社員,建設,求人ボックス,https://xn--pckua2a7gp15o89zb.com/jbn/5f36e4656dbc4ba62e6cbca6240a4a9b,True,8時間前,2026-10-03 04:52:06,埼玉県
「未経験歓迎」タクシードライバー／月収50万円以上可／退職金制度あり新着,...以下のような経験をお持ちの方は特に歓迎します。・軽貨物ドライバー・ルート配送スタッフ・宅配ドライバー・タクシー運転手・大型トラックドライバー・フォークリフトオペレーター・,埼玉県,"月給51万4,900円",正社員,建設,求人ボックス,https://xn--pckua2a7gp15o89zb.com/jbn/b9218c38606f9bcc5004af83d4a37a25,True,9時間前,2026-10-03 04:52:06,埼玉県
タクシードライバー／未経験歓迎／会食・空港送迎中心／年収600万円以上可新着,建設・,埼玉県,月給48万円～67万,正社員,建設,求人ボックス,https://xn--pckua2a7gp15o89zb.com/jbn/1c5453541d19281d44ea88dad2d91605,True,9時間前,2026-10-03 04:52:06,埼玉県
「未経験1年目600万円／定着率90%以上」「週3日勤務／正社員」タクシードライバー新着,建設・,埼玉県,"月給47万6,300円",正社員,建設,求人ボックス,https://xn--pckua2a7gp15o89zb.com/jbn/11e0bbcf58a76cf1acf9ce2651fd396b,True,9時間前,2026-10-03 04:52:06,埼玉県
「高収入」夜勤／タクシー／定期送迎「月収50万円以上可能／安定収入／賞与年2回」新着,建設・,埼玉県,月給48万円～68万,正社員,建設,求人ボックス,https://xn--pckua2a7gp15o89zb.com/jbn/905ddce191efd6c1a8698024b9141a14,True,9時間前,2026-10-03 04:52:06,埼玉県
「週3日勤務で高収入」タクシードライバー／家族手当あり／賞与年2回新着,...以下のような経験をお持ちの方は特に歓迎します。・軽貨物ドライバー・ルート配送スタッフ・宅配ドライバー・タクシー運転手・大型トラックドライバー・フォークリフトオペレーター・,埼玉県,"月給47万6,000円",正社員,建設,求人ボックス,https://xn--pckua2a7gp15o89zb.com/jbn/875dfc9a20eab9c0e325fde13c1f6611,True,9時間前,2026-10-03 04:52:06,埼玉県
「夜勤で稼げる」タクシードライバー／普通免許のみOK／年収600万円以上可／賞与年2回新着,...以下のような経験をお持ちの方は特に歓迎します。・軽貨物ドライバー・ルート配送スタッフ・宅配ドライバー・タクシー運転手・大型トラックドライバー・フォークリフトオペレーター・,埼玉県,"月給47万4,500円",正社員,建設,求人ボックス,https://xn--pckua2a7gp15o89zb.com/jbn/177b55f94abc89599209d0fa38b86f7f,True,9時間前,2026-10-03 04:52:09,埼玉県
「予約中心で安心」タクシードライバー／年収600万円以上／未経験歓迎新着,...以下のような経験をお持ちの方は特に歓迎します。・軽貨物ドライバー・ルート配送スタッフ・宅配ドライバー・タクシー運転手・大型トラックドライバー・フォークリフトオペレーター・,埼玉県,"月給47万6,000円",正社員,建設,求人ボックス,https://xn--pckua2a7gp15o89zb.com/jbn/3db9f024ca67984784b9292d26ea58cd,True,9時間前,2026-10-03 04:52:09,埼玉県
夜間専属タクシードライバー／月収50万円以上可能／賞与年2回／普通免許のみで応募可新着,...以下のような経験をお持ちの方は特に歓迎します。・軽貨物ドライバー・ルート配送スタッフ・宅配ドライバー・タクシー運転手・大型トラックドライバー・フォークリフトオペレーター・,埼玉県,"月給47万7,200円",正社員,建設,求人ボックス,https://xn--pckua2a7gp15o89zb.com/jbn/7cb117705f9c7a8b2c9212d2530a9305,True,9時間前,2026-10-03 04:52:09,埼玉県
夜間専属タクシードライバー／週3日勤務OK／異業種出身多数／未経験活躍中／土日祝休みあり新着,...以下のような経験をお持ちの方は特に歓迎します。・軽貨物ドライバー・ルート配送スタッフ・宅配ドライバー・タクシー運転手・大型トラックドライバー・フォークリフトオペレーター・,埼玉県,"月給47万7,800円",正社員,建設,求人ボックス,https://xn--pckua2a7gp15o89zb.com/jbn/18c97546bdcf3cc227927c536ea41243,True,9時間前,2026-10-03 04:52:09,埼玉県
芸能関係者のタクシードライバー／未経験歓迎／週3勤務／月収45万円以上／20代～50代活躍中新着,作業,埼玉県,月給48万600円,正社員,建設,求人ボックス,https://xn--pckua2a7gp15o89zb.com/jbn/72e498f81bd80cad97d4b2ecebb6fbb7,True,9時間前,2026-10-03 04:52:09,埼玉県
「高収入」夜勤／タクシードライバー／定期送迎「月収50万円以上可能／安定収入／賞与年2回」新着,建設・,埼玉県,"月給51万4,000円",正社員,建設,求人ボックス,https://xn--pckua2a7gp15o89zb.com/jbn/7b4c0c2bfce9dca0d6a1320cf79b97c3,True,10時間前,2026-10-03 04:52:09,埼玉県
タクシードライバー／週3勤務／異業種からの転職歓迎新着,建設・,埼玉県,"月給47万8,300円",正社員,建設,求人ボックス,https://xn--pckua2a7gp15o89zb.com/jbn/83fcc24ec7e56841ba27ecb86f8f5da2,True,10時間前,2026-10-03 04:52:09,埼玉県
「未経験歓迎」専属タクシードライバー／月収50万円以上可／退職金制度あり新着,...以下のような経験をお持ちの方は特に歓迎します。・軽貨物ドライバー・ルート配送スタッフ・宅配ドライバー・タクシー運転手・大型トラックドライバー・フォークリフトオペレーター・,埼玉県,"月給47万4,000円",正社員,建設,求人ボックス,https://xn--pckua2a7gp15o89zb.com/jbn/02fbd3029f2a79dae0136b351550187a,True,10時間前,2026-10-03 04:52:13,埼玉県
「1年目から高収入可能」タクシードライバー／週3勤務／福利厚生充実新着,作業,埼玉県,"月給51万4,000円",正社員,建設,求人ボックス,https://xn--pckua2a7gp15o89zb.com/jbn/9f91cd0ae13682a4086983c22f144ccb,True,10時間前,2026-10-03 04:52:13,埼玉県
「未経験1年目600万円／定着率90%以上」「週3勤務・予約制タクシードライバー」普通免許のみOK新着,建設・,埼玉県,"月給51万6,400円",正社員,建設,求人ボックス,https://xn--pckua2a7gp15o89zb.com/jbn/fb492572a5fdd53e6c2491061bdf40c9,True,10時間前,2026-10-03 04:52:13,埼玉県
「転職回数不問」役員タクシードライバー／週3勤務／安定収入／正社員採用新着,...以下のような経験をお持ちの方は特に歓迎します。・軽貨物ドライバー・ルート配送スタッフ・宅配ドライバー・タクシー運転手・大型トラックドライバー・フォークリフトオペレーター・,埼玉県,"月給51万7,800円",正社員,建設,求人ボックス,https://xn--pckua2a7gp15o89zb.com/jbn/2abdd239d1e61356b234a46841521d26,True,10時間前,2026-10-03 04:52:13,埼玉県
タクシードライバー／普通免許のみで応募OK／週3日勤務／賞与あり／高収入実現可能新着,作業,埼玉県,"月給47万9,800円",正社員,建設,求人ボックス,https://xn--pckua2a7gp15o89zb.com/jbn/79057c8e28db3129f77e5b68d87572e7,True,10時間前,2026-10-03 04:52:13,埼玉県
「予約中心だから未経験でも安心」タクシードライバー／週3勤務／月収50万円以上可新着,建設・,埼玉県,"月給47万8,100円",正社員,建設,求人ボックス,https://xn--pckua2a7gp15o89zb.com/jbn/ebf36f43c113a4383c19bfd7dec5045f,True,11時間前,2026-10-03 04:52:13,埼玉県
「週3日勤務で年収600万円も可能」タクシードライバー／普通免許のみOK／未経験歓迎／賞与年2回新着,建設・,埼玉県,"月給47万8,000円",正社員,建設,求人ボックス,https://xn--pckua2a7gp15o89zb.com/jbn/0ebb3347cac26f2f7be3308b4290bd3f,True,11時間前,2026-10-03 04:52:13,埼玉県
土木施工管理／残業月20h程度／デスクワーク中心／完全／土日祝休／JRトップパートナー新着,株式会社J-BISメンテナンス,埼玉県,"月給35万2,941円",正社員,建設,求人ボックス,https://xn--pckua2a7gp15o89zb.com/jb/2630963016f9850570aaad54a390c694,True,4時間前,2026-10-03 04:52:17,埼玉県
土地のお悩みをもつオーナー様へ土地活用の提案営業新着,大東建託株式会社,埼玉県,"月給25万5,000円",正社員,建設,求人ボックス,https://xn--pckua2a7gp15o89zb.com/jb/acbfd76bc625baa2556569548477bec4,True,21時間前,2026-10-03 04:52:17,埼玉県
1人1台車支給‘ !インセンティブあり サポート体制万全 電気工事作業員新着,有限会社サクラ電気,埼玉県,月給25万円～50万円,正社員,建設,求人ボックス,https://xn--pckua2a7gp15o89zb.com/jb/458c0a9d1a0db30da97d8968cf55fa42,True,11時間前,2026-10-03 04:52:17,埼玉県
「タレント／芸能」タクシードライバー／週3勤務／学歴不問／1年目月収50万以上／賞与年2回新着,建設・,埼玉県,"月給47万6,000円",正社員,建設,求人ボックス,https://xn--pckua2a7gp15o89zb.com/jbn/a9ad36ae82312441a53351f0505e18ed,True,9時間前,2026-10-03 04:52:17,埼玉県
「夜勤でしっかり稼ぐ」VIPタクシードライバー／残業少なめ／正社員採用／賞与あり新着,...以下のような経験をお持ちの方は特に歓迎します。・軽貨物ドライバー・ルート配送スタッフ・宅配ドライバー・タクシー運転手・大型トラックドライバー・フォークリフトオペレーター・,埼玉県,"月給47万6,000円",正社員,建設,求人ボックス,https://xn--pckua2a7gp15o89zb.com/jbn/d9690b8cda00c0048234445cf496721e,True,9時間前,2026-10-03 04:52:17,埼玉県
「タクシードライバー」月内採用／夜勤／履歴書不要／月収50万円以上／正社員採用／社会保険完備新着,...以下のような経験をお持ちの方は特に歓迎します。・軽貨物ドライバー・ルート配送スタッフ・宅配ドライバー・タクシー運転手・大型トラックドライバー・フォークリフトオペレーター・,埼玉県,"月給47万4,000円",正社員,建設,求人ボックス,https://xn--pckua2a7gp15o89zb.com/jbn/3e42e2f571d3233640c7009fcf6de028,True,10時間前,2026-10-03 04:52:17,埼玉県
「月内採用」タクシードライバー・夜勤／職歴不問／未経験OK／1年目年収600万円以上可／賞与年2回新着,作業,埼玉県,"月給51万4,000円",正社員,建設,求人ボックス,https://xn--pckua2a7gp15o89zb.com/jbn/9f5c9e02238eb048842056b574603e7b,True,10時間前,2026-10-03 04:52:17,埼玉県
「正社員」週3勤務のタクシードライバー／未経験者活躍中／年収500万円以上可能／土日祝休み取得可新着,建設・,埼玉県,"月給47万4,000円",正社員,建設,求人ボックス,https://xn--pckua2a7gp15o89zb.com/jbn/411b6ce11c0da504ffa13783c9ee7e09,True,10時間前,2026-10-03 04:52:17,埼玉県
「内定までスピーディー」夜勤タクシードライバー／履歴書不要／未経験OK／月収50万円以上新着,作業,埼玉県,"月給51万4,000円",正社員,建設,求人ボックス,https://xn--pckua2a7gp15o89zb.com/jbn/6e1a860a1008a8f43451ff03737e97d9,True,10時間前,2026-10-03 04:52:21,埼玉県
分譲住宅の施工管理職新着,株式会社ホーク・ワン,埼玉県,月給26万円,正社員,建設,求人ボックス,https://xn--pckua2a7gp15o89zb.com/jb/4d896f2c99a36847eb67168319523297,True,21時間前,2026-10-03 04:52:21,埼玉県
「VIP送迎中心」夜勤タクシードライバー／年収600万円以上／賞与年2回新着,建設・,埼玉県,"月給47万6,000円",正社員,建設,求人ボックス,https://xn--pckua2a7gp15o89zb.com/jbn/b000a2d6293f2e24d03de0a5be6fc685,True,9時間前,2026-10-03 04:52:21,埼玉県
「普通免許のみOK」タクシードライバー／資格不問・月収50万以上可・賞与年2回新着,...以下のような経験をお持ちの方は特に歓迎します。・軽貨物ドライバー・ルート配送スタッフ・宅配ドライバー・タクシー運転手・大型トラックドライバー・フォークリフトオペレーター・,埼玉県,"月給47万6,000円",正社員,建設,求人ボックス,https://xn--pckua2a7gp15o89zb.com/jbn/2081070714d4bcb3b535a0bba53f9acb,True,9時間前,2026-10-03 04:52:21,埼玉県
タクシードライバー「週3勤務」資格取得支援あり／月収40万円以上／安定収入／転職回数不問新着,...以下のような経験をお持ちの方は特に歓迎します。・軽貨物ドライバー・ルート配送スタッフ・宅配ドライバー・タクシー運転手・大型トラックドライバー・フォークリフトオペレーター・,埼玉県,"月給47万6,000円",正社員,建設,求人ボックス,https://xn--pckua2a7gp15o89zb.com/jbn/e2ed8ab47e372a5ea1547fc3ba039352,True,9時間前,2026-10-03 04:52:21,埼玉県
美しい緑を生み出す職人!技術者として一生モノの手に職を造園工事作業員新着,株式会社アップフィールド,埼玉県,月給24万円～35万円,正社員,建設,求人ボックス,https://xn--pckua2a7gp15o89zb.com/jb/d28c78d6c08dbb72de5d503b043e257e,True,9時間前,2026-10-03 04:52:21,埼玉県
柔道整復師急募新着,あゆみ接骨院,埼玉県,月給25万円～40万円,正社員,治療家,求人ボックス,https://xn--pckua2a7gp15o89zb.com/jb/3d5eb76398d05b7ec3998662a5dd4b81,True,3時間前,2026-10-03 04:52:25,埼玉県
「役員タクシードライバー」週3日勤務／普通免許で未経験からスタート／月収50万円以上・ボーナス年2回新着,柔道整復師,埼玉県,"月給47万6,000円",正社員,治療家,求人ボックス,https://xn--pckua2a7gp15o89zb.com/jbn/b63bb1b92fc743a71842a34d49b72a5d,True,12時間前,2026-10-03 04:52:25,埼玉県
タクシードライバー週3日勤務／未経験OK・月収50万円以上・ボーナス支給あり新着,柔道整復師,埼玉県,"月給47万6,500円",正社員,治療家,求人ボックス,https://xn--pckua2a7gp15o89zb.com/jbn/4fe3237b3ceb254782636a2ffd793232,True,11時間前,2026-10-03 04:52:25,埼玉県
「空港へのタクシードライバー」週3日勤務／普通免許で未経験OK／月収50万円以上・賞与2ヶ月分あり新着,柔道整復師,埼玉県,"月給47万6,000円",正社員,治療家,求人ボックス,https://xn--pckua2a7gp15o89zb.com/jbn/406bdb2877a8e215b0d7945bf6f9140a,True,12時間前,2026-10-03 04:52:25,埼玉県
タクシードライバー／「タレントやスポーツ選手等の送迎」週3日勤務／未経験OK・月収50万円以上新着,柔道整復師,埼玉県,"月給47万6,000円",正社員,治療家,求人ボックス,https://xn--pckua2a7gp15o89zb.com/jbn/6e45e0ddc45d2f96cd6d0f52cf9c8d96,True,12時間前,2026-10-03 04:52:25,埼玉県
著名人や企業役員のタクシードライバー「週3日勤務」未経験OK・月収40万円以上／ボーナス支給あり新着,柔道整復師,埼玉県,"月給47万6,000円",正社員,治療家,求人ボックス,https://xn--pckua2a7gp15o89zb.com/jbn/e9f27a9f948d889355f74568a1baee84,True,13時間前,2026-10-03 04:52:25,埼玉県
「タクシードライバー・定期送迎」月収50万以上・未経験歓迎・普通免許のみOK・ボーナスあり新着,柔道整復師,埼玉県,"月給51万4,000円",正社員,治療家,求人ボックス,https://xn--pckua2a7gp15o89zb.com/jbn/e06eed5ca906dafcd0e297cf4ca60b3c,True,10時間前,2026-10-03 04:52:27,埼玉県
「タクシードライバー・夜勤」月50万以上可・未経験歓迎／寮・社宅完備／普免のみOK・ボーナスあり新着,柔道整復師,埼玉県,"月給51万4,000円",正社員,治療家,求人ボックス,https://xn--pckua2a7gp15o89zb.com/jbn/1ac2edc5d2994719259a1ce1c5c11039,True,10時間前,2026-10-03 04:52:27,埼玉県
「タクシードライバー」月収50万以上・未経験歓迎／週3勤務・普通免許のみOK・ボーナス2回新着,柔道整復師,埼玉県,"月給47万4,000円",正社員,治療家,求人ボックス,https://xn--pckua2a7gp15o89zb.com/jbn/d03a175eb1609c487094be434ea1df9f,True,10時間前,2026-10-03 04:52:27,埼玉県
「週3日勤務」普通免許でスタートできる役員タクシードライバー／週の残り4日はすべてあなたの自由時間新着,...キャリアアップも全面的にバックアップします。 【その他概要】<前職例>製造/工場/ライン作業/生產管理/設備保全/製鋼/溶接クレーン・玉掛/金属加工/板金加工/板金塗装/警備員機械・電気/倉庫内,埼玉県,"月給47万6,000円",正社員,治療家,求人ボックス,https://xn--pckua2a7gp15o89zb.com/jbn/04301901f46ee1794f54cac841db8209,True,12時間前,2026-10-03 04:52:27,埼玉県
タレント・芸能・観光客のタクシードライバー「週3日勤務」賞与年2回／初年度から月収50万円以上新着,...未経験からでも安心してプロドライバーを目指せる環境です。 【その他特徴】<前職例>製造/工場/ライン作業/生產管理/設備保全/製鋼/溶接クレーン・玉掛/金属加工/板金加工/板金塗装/警備員機械・,埼玉県,"月給47万6,000円",正社員,治療家,求人ボックス,https://xn--pckua2a7gp15o89zb.com/jbn/2f4cbc8d6b34a0c513aad020ad4e0d55,True,13時間前,2026-10-03 04:52:27,埼玉県
デイサービスでの柔道整復師新着,株式会社トラストグロース 第3営業部,埼玉県,"時給1,800円～",アルバイト・パート,治療家,求人ボックス,https://xn--pckua2a7gp15o89zb.com/jb/53c04529548491ee3d3d866f4d95f812,True,3時間前,2026-10-03 04:52:29,埼玉県
2026年11月6日開院／整形外科／駅徒歩7～8分新着,医療法人彩瑛会,埼玉県,"時給1,700円～",アルバイト・パート,治療家,求人ボックス,https://xn--pckua2a7gp15o89zb.com/jb/cf88528dbe2542ac5378fe9491f1b40a,True,11時間前,2026-10-03 04:52:29,埼玉県
機能訓練指導員新着,株式会社SOYOKAZE 戸田ケアコミュニティそ...,埼玉県,"時給1,550円～1,800円",アルバイト・パート,治療家,求人ボックス,https://xn--pckua2a7gp15o89zb.com/jb/5ec99a107fb16f249af63b2901ed9d05,True,23時間前,2026-10-03 04:52:29,埼玉県
言語聴覚士／駅チカ徒歩3分 2015年新築移転の綺麗な環境 有給消化しやすく残業ほぼなし新着,特定医療法人橘会,埼玉県,"月給23万5,000円",アルバイト・パート,治療家,求人ボックス,https://xn--pckua2a7gp15o89zb.com/jb/7be4d0e4e10f07851bdfd609549e9f63,True,10時間前,2026-10-03 04:52:29,埼玉県
大手で安定して働く／関東で経理・事務スタッフ新着,株式会社OOQ,埼玉県,"月給20万5,000円",正社員,経理,求人ボックス,https://xn--pckua2a7gp15o89zb.com/jb/6cb4a7c54edacfe984ce5e054c8f0360,True,15時間前,2026-10-03 04:52:21,埼玉県
積極採用中!医療グループ本部での経理事務新着,株式会社日本教育クリエイト,埼玉県,"時給1,500円",派遣社員,経理,求人ボックス,https://xn--pckua2a7gp15o89zb.com/jbn/f1a2eda1a34e0e83e93e5fc09cfa3ee3,True,23時間前,2026-10-03 04:52:21,埼玉県
経理・勤怠管理スタッフ・事務／月給30万円以上／AIスキルも身につく成...新着,株式会社パワーセラー,埼玉県,月給30万円,正社員,経理,求人ボックス,https://xn--pckua2a7gp15o89zb.com/jbn/ccdbe2caa2291415b9dd159a163563f4,True,18時間前,2026-10-03 04:52:21,埼玉県
「リモート可」未経験採用枠／経理事務／年間休日125日以上新着,未経験OK,埼玉県,"月給25万2,700円",正社員,経理,求人ボックス,https://xn--pckua2a7gp15o89zb.com/jbn/9052c95ea710656654ce709f6e4efd81,True,9時間前,2026-10-03 04:52:22,埼玉県
リモート可／未経験可／経理事務／年休125日以上新着,未経験OK,埼玉県,"月給24万3,900円",正社員,経理,求人ボックス,https://xn--pckua2a7gp15o89zb.com/jbn/09728b90a43c9b38038bdff99c3d5e2d,True,9時間前,2026-10-03 04:52:26,埼玉県
事務のお仕事! オフィスワークデビュー応援!事務 土日祝休・年休125↑ネイル自由!賞与新着,株式会社ディンプル,埼玉県,"月給20万1,000円",正社員,経理,求人ボックス,https://xn--pckua2a7gp15o89zb.com/jb/3e1de1c3fff76ece9fa7370944859955,True,10時間前,2026-10-03 04:52:26,埼玉県
事務職／総務事務／ネイル・ピアス自由／年間休日125日以上／残業ほぼなし／未経験からチャレンジ可能新着,事務,埼玉県,月給23万円～50万円,正社員,経理,求人ボックス,https://xn--pckua2a7gp15o89zb.com/jbn/4098b662331b12f0e38887fdfe0bc7de,True,6時間前,2026-10-03 04:52:26,埼玉県
事務スタッフ／資格・経験不問／土日祝休み新着,英和運輸倉庫株式会社,埼玉県,"時給1,200円",アルバイト・パート,経理,求人ボックス,https://xn--pckua2a7gp15o89zb.com/jb/332624072ab071aec3a83a86bd1f50ab,True,6時間前,2026-10-03 04:52:29,埼玉県
事務職／総務事務／20代未経験歓迎／土日祝休み／ピアスOk／ネイルOK新着,事務,埼玉県,"月給22万2,500円",正社員,経理,求人ボックス,https://xn--pckua2a7gp15o89zb.com/jbn/7ad81a54ef2ffe031b61209654ca7548,True,6時間前,2026-10-03 04:52:29,埼玉県
システムのチェックや入力が中心で安心!未経験から無理なく始められるITサポート事務のお仕事新着,経理,埼玉県,"月給25万3,000円",正社員,経理,求人ボックス,https://xn--pckua2a7gp15o89zb.com/jbn/d391e6f445e6612672c1bb4259b7a6ad,True,11時間前,2026-10-03 04:52:29,埼玉県
事務職／営業事務／未経験OK／育休取得実績あり／家庭と両立しやすい職場／賞与・昇給あり新着,事務,埼玉県,月給21万円～50万円,正社員,経理,求人ボックス,https://xn--pckua2a7gp15o89zb.com/jbn/ce385273e7c4cbf85ca4398ed70d1679,True,6時間前,2026-10-03 04:52:29,埼玉県
事務職／総務事務／ネイル・ピアス自由／年間休日125日以上／在宅あり／未経験者でも安心スタート新着,事務,埼玉県,月給20万円～50万円,正社員,経理,求人ボックス,https://xn--pckua2a7gp15o89zb.com/jbn/401f00e561e1d5aae512e659d7b60ece,True,6時間前,2026-10-03 04:52:32,埼玉県
在庫を確認して補充するだけの簡単ワーク!未経験でも安心の備品管理・発注サポート事務新着,経理,埼玉県,"月給25万3,000円",正社員,経理,求人ボックス,https://xn--pckua2a7gp15o89zb.com/jbn/15e24d8689528acfe6bd8ff8e6c6b731,True,11時間前,2026-10-03 04:52:32,埼玉県
未経験でもすぐ慣れる!座って月収25〜35万円のかんたん事務新着,経理,埼玉県,"月給26万7,000円",正社員,経理,求人ボックス,https://xn--pckua2a7gp15o89zb.com/jbn/405a8cf4b54a1ec848d7edfd5f8d5c78,True,11時間前,2026-10-03 04:52:34,埼玉県
「データ入力／一般事務・バックオフィス」プライベートも仕事も全力で自分らしく!髪色・ネイル新着,株式会社ONE LOOK,埼玉県,月給22万円～40万円,正社員,経理,求人ボックス,https://xn--pckua2a7gp15o89zb.com/jbn/8fdc41d970d28ac0898cb17229387b0c,True,14時間前,2026-10-03 04:52:34,埼玉県
フォーマットに沿って埋めるだけでOK!難しい作業なしの未経験向け書類作成サポート事務新着,事務,埼玉県,月給26万円～27万,正社員,経理,求人ボックス,https://xn--pckua2a7gp15o89zb.com/jbn/44c04c3a740582c915124bbb6c8f787f,True,11時間前,2026-10-03 04:52:34,埼玉県
事務職／総務事務／残業なし／服装髪型自由／賞与・昇給あり／ネイル・ピアス自由新着,事務,埼玉県,月給21万円～50万円,正社員,経理,求人ボックス,https://xn--pckua2a7gp15o89zb.com/jbn/5c145fdcb766914269ed06220f04691a,True,6時間前,2026-10-03 04:52:37,埼玉県
経理スタッフ新着,株式会社TSビルシステム,埼玉県,月給23万円～32万円,正社員,経理,求人ボックス,https://xn--pckua2a7gp15o89zb.com/jb/92a1014f3d00413ce635b9f61f1ea4ab,True,4時間前,2026-10-03 04:52:37,埼玉県
データ入力・事務／教育体制あり／土日祝休み／マニュアル完備／福利厚生充実／残業少なめ新着,株式会社ホワイトキャリア,埼玉県,"月給22万5,000円",正社員,経理,求人ボックス,https://xn--pckua2a7gp15o89zb.com/jbn/d781c0e350eaa02a94a6ba690a4925ee,True,6時間前,2026-10-03 04:52:41,埼玉県
一般事務新着,株式会社リクルートスタッフィング,埼玉県,"時給1,400円～",派遣社員,経理,求人ボックス,https://xn--pckua2a7gp15o89zb.com/jb/3b1abc54c1edb092e0b4ec5cba65c3d3,True,20時間前,2026-10-03 04:52:41,埼玉県
呉服やファッションアパレル好きな方はぜひ新着,株式会社まるやま東京・埼玉・栃木・群馬エリア,埼玉県,月給20万円～,正社員,経理,求人ボックス,https://xn--pckua2a7gp15o89zb.com/jb/0012b1746225b04a292d125cfa57520c,True,8時間前,2026-10-03 04:52:41,埼玉県
タイピングできればOKのデータ入力スタッフ!駅チカオフィスで通勤ラクラクの好環境新着,事務,埼玉県,"月給26万1,200円",正社員,経理,求人ボックス,https://xn--pckua2a7gp15o89zb.com/jbn/ad0db7aabea259b2667fa70fa11a229d,True,12時間前,2026-10-03 04:52:45,埼玉県
幅広いIT知識が身につくヘルプデスク!直接「助かった」と言ってもらえるポジション新着,このお仕事の特徴一般,埼玉県,"月給26万2,000円",正社員,経理,求人ボックス,https://xn--pckua2a7gp15o89zb.com/jbn/84077cca7eb82fb21cd384ac932075de,True,12時間前,2026-10-03 04:52:45,埼玉県
オフィスを支える書類作成&雑務サポート／月給26万5700円～新着,事務,埼玉県,月給26万5700円,正社員,経理,求人ボックス,https://xn--pckua2a7gp15o89zb.com/jbn/1ebc7e2cc9f54b57cf8b301954f42358,True,12時間前,2026-10-03 04:52:45,埼玉県
書類作成&庶務サポート事務!服装自由・髪型自由のオフィスで自分らしく働ける／月給26万7800円～新着,事務,埼玉県,月給26万7800円,正社員,経理,求人ボックス,https://xn--pckua2a7gp15o89zb.com/jbn/4b027813a34556b51ae825e51fd1de33,True,12時間前,2026-10-03 04:52:48,埼玉県
初めての事務にぴったりの書類整理!賞与年2回・昇給年1回で安定して働ける／月給26万4300円～新着,事務,埼玉県,月給26万4300円,正社員,経理,求人ボックス,https://xn--pckua2a7gp15o89zb.com/jbn/b4781912ed09f66b9867e6ebdc626553,True,12時間前,2026-10-03 04:52:48,埼玉県
丁寧さが活きる書類作成サポート!服装自由・髪型自由のオフィスで自分らしく働ける新着,事務,埼玉県,"月給26万9,400円",正社員,経理,求人ボックス,https://xn--pckua2a7gp15o89zb.com/jbn/d566601bc88bd673a149aafc430bd8b6,True,12時間前,2026-10-03 04:52:48,埼玉県
みんなで盛り上げる社内イベント運営サポート!駅チカオフィスで通勤ラクラクの好環境新着,事務,埼玉県,"月給26万1,000円",正社員,経理,求人ボックス,https://xn--pckua2a7gp15o89zb.com/jbn/2c94e4ff2435aa33e056a62903079c06,True,12時間前,2026-10-03 04:52:48,埼玉県
建築修繕施工管理 手厚い福利厚生と手当充実 年休123日 完全週休2日制新着,株式会社Progress Group,埼玉県,"月給32万5,000円",正社員,経理,求人ボックス,https://xn--pckua2a7gp15o89zb.com/jb/24394a4faa8482be2db59da00219065b,True,10時間前,2026-10-03 04:52:48,埼玉県
多機能型事業所の看護師・准看護師・オープニング新着,株式会社ヴェルペンファルマ,埼玉県,"時給1,400円～1,900円",アルバイト・パート,看護,求人ボックス,https://xn--pckua2a7gp15o89zb.com/jb/9e146fecf6162425e39f9a573db43f66,True,4時間前,2026-10-03 04:52:25,埼玉県
有料老人ホームでの看護職 正准不問／派遣看護師／日払い・週払いOK新着,株式会社グッドネクスト,埼玉県,"時給2,300円",派遣社員,看護,求人ボックス,https://xn--pckua2a7gp15o89zb.com/jb/5fcb53d6ff2d2a67e60e80e45e036455,True,23時間前,2026-10-03 04:52:25,埼玉県
ショッピングモール内のクリニックの看護師新着,株式会社リーフエージェント,埼玉県,月給26万円～31万,正社員,看護,求人ボックス,https://xn--pckua2a7gp15o89zb.com/jb/2d56cd71322a182bb5dd21cb6c902fa7,True,10時間前,2026-10-03 04:52:25,埼玉県
特別養護老人ホームでの看護師新着,株式会社トラストグロース,埼玉県,"時給2,150円～2,250円",派遣社員,看護,求人ボックス,https://xn--pckua2a7gp15o89zb.com/jb/90ee77319fff77e75c9f76aa61a81ae0,True,3時間前,2026-10-03 04:52:26,埼玉県
20～40代活躍中／准看護師・正看護師 川口市の看取り対応がないシニア...新着,株式会社マンキャピタル,埼玉県,"時給2,500円～2,700円",派遣社員,看護,求人ボックス,https://xn--pckua2a7gp15o89zb.com/jb/6f405031e8398c2608bc3a07cd589a40,True,13時間前,2026-10-03 04:52:26,埼玉県
デイサービスでの看護師新着,株式会社トラストグロース 第3営業部,埼玉県,"時給1,600円～1,700円",アルバイト・パート,看護,求人ボックス,https://xn--pckua2a7gp15o89zb.com/jb/335839b62dfeebf879bdb397603a6648,True,3時間前,2026-10-03 04:52:28,埼玉県
正看護師・社会保険完備の職場で看護師／准看護師新着,特別養護老人ホームむさし愛光園,埼玉県,"月給27万2,000円",正社員,看護,求人ボックス,https://xn--pckua2a7gp15o89zb.com/jb/559cd9c6ab63307e2f2f1d2d490daba4,True,7時間前,2026-10-03 04:52:28,埼玉県
介護施設の看護師／准看護師新着,養護老人ホーム尚和園,埼玉県,"時給1,750円～2,010円",アルバイト・パート,看護,求人ボックス,https://xn--pckua2a7gp15o89zb.com/jb/4e82ccea3967d242b3e64a253c137c74,True,7時間前,2026-10-03 04:52:32,埼玉県
訪問入浴の看護師・社会保険完備の職場で看護師／准看護師新着,ハピネスケア株式会社,埼玉県,"時給1,700円～",アルバイト・パート,看護,求人ボックス,https://xn--pckua2a7gp15o89zb.com/jb/4d269d83020f6218db8b3632ca93c818,True,7時間前,2026-10-03 04:52:36,埼玉県
看護師／准看護師募集、年齢不問新着,医療法人娯生会 介護老人保健施設みどうの杜,埼玉県,"時給1,600円～",アルバイト・パート,看護,求人ボックス,https://xn--pckua2a7gp15o89zb.com/jb/c5aa49a10479751d5733bd40130a5569,True,7時間前,2026-10-03 04:52:36,埼玉県
正看護師・准看護師／kyujin新着,セントケア・グループ,埼玉県,"時給1,430円～",アルバイト・パート,看護,求人ボックス,https://xn--pckua2a7gp15o89zb.com/jb/69d2fb529ff0b8ae4eab29bafe6ebaa3,True,13時間前,2026-10-03 04:52:36,埼玉県
障害者支援施設での正・准看護師新着,社会福祉法人皆の郷 川越いもの子作業所,埼玉県,"時給1,470円～",アルバイト・パート,看護,求人ボックス,https://xn--pckua2a7gp15o89zb.com/jb/10905c6ad897e0aeb25cc8e1cf3e6aa9,True,6時間前,2026-10-03 04:52:40,埼玉県
ホスピス施設で看護師／正看護師／のお仕事新着,株式会社Leo Sophia Group,埼玉県,月給30万円～37万,正社員,看護,求人ボックス,https://xn--pckua2a7gp15o89zb.com/jb/16805b24ec2e04265ac9722e71dae7c2,True,15時間前,2026-10-03 04:52:43,埼玉県
夜勤専従スタッフ・社会保険完備の職場で看護師／准看護師新着,ABCリビングさいたま芝原,埼玉県,"月給47万6,600円",正社員,看護,求人ボックス,https://xn--pckua2a7gp15o89zb.com/jb/da68d7abf0c354d9827740a58520c565,True,7時間前,2026-10-03 04:52:46,埼玉県
社会保険完備の職場で看護師／准看護師新着,はなことば春日部,埼玉県,"時給1,520円～2,020円",アルバイト・パート,看護,求人ボックス,https://xn--pckua2a7gp15o89zb.com/jb/9559b9464a543cbd6fcbfc1d356d51f7,True,7時間前,2026-10-03 04:52:46,埼玉県
正看護師・准看護師／介護・福祉 日勤のみ新着,社会福祉法人万正会,埼玉県,月給27万円～32万円,正社員,看護,求人ボックス,https://xn--pckua2a7gp15o89zb.com/jb/52471f2a314a61fbed23fd0914550945,True,8時間前,2026-10-03 04:52:50,埼玉県
正看護師・准看護師／外来 日勤のみ新着,看護師,埼玉県,"月給32万5,000円",正社員,看護,求人ボックス,https://xn--pckua2a7gp15o89zb.com/jb/ad9b96c1849e2137270484e0ba99c6d7,True,8時間前,2026-10-03 04:52:50,埼玉県
訪問看護師新着,株式会社ビオネスト,埼玉県,"時給2,000円～",アルバイト・パート,看護,求人ボックス,https://xn--pckua2a7gp15o89zb.com/jb/4be067391d889b50fee502714f2e3fdb,True,11時間前,2026-10-03 04:52:54,埼玉県
正看護師・社会保険完備の職場で看護師／准看護師新着,ホリィマームクリニックさいたま,埼玉県,"月給32万5,000円",正社員,看護,求人ボックス,https://xn--pckua2a7gp15o89zb.com/jb/d624752d347b379637d3e5fec6051319,True,7時間前,2026-10-03 04:52:54,埼玉県
日払い可能!慣れたら月収100万可能 軽貨物の配送ドライバー新着,JCSロジスコ株式会社,埼玉県,月給45万円～100万円,,ドライバー,求人ボックス,https://xn--pckua2a7gp15o89zb.com/jb/da9df44bb78ed7e95c6f3d8032980d7d,True,23時間前,2026-10-03 04:52:47,埼玉県
茨城営業所／中型配送ドライバー／中型免許でOK／勤勤手当／未経験スター...新着,株式会社和幸流通サービス,埼玉県,"月給29万5,400円",正社員,ドライバー,求人ボックス,https://xn--pckua2a7gp15o89zb.com/jbn/1ec7dc960ba17f4fdd85e7fb40fada80,True,20時間前,2026-10-03 04:52:48,埼玉県
「賞与年2回×毎日帰れる地場便」近距離の大型トラックドライバー新着,司企業株式会社,埼玉県,月給30万円～40万円,正社員,ドライバー,求人ボックス,https://xn--pckua2a7gp15o89zb.com/jbn/77abd881131a751730f7546ba32f19c4,True,22時間前,2026-10-03 04:52:50,埼玉県
「VIP・タクシードライバー」1年目で年収600万・週3勤務新着,<仕事内容>企業役員やVIPのお客様を送迎する、落ち着いて取り組める,埼玉県,"月給51万4,000円",正社員,ドライバー,求人ボックス,https://xn--pckua2a7gp15o89zb.com/jbn/489d8019813d2c6a6b20b63fc4b24a78,True,10時間前,2026-10-03 04:52:50,埼玉県
「賞与年2回×月収40万〜可能」近距離の大型トラックドライバー新着,司企業株式会社 野田ロジセンター,埼玉県,月給23万円～40万円,正社員,ドライバー,求人ボックス,https://xn--pckua2a7gp15o89zb.com/jbn/ab00ad0706f1faa8b05a16ed5ab0aa5e,True,22時間前,2026-10-03 04:52:50,埼玉県
タクシードライバー／週3日勤務「専属運転手」20代~50代活躍中新着,ドライバー,埼玉県,"月給47万6,000円",正社員,ドライバー,求人ボックス,https://xn--pckua2a7gp15o89zb.com/jbn/d70875ecdfbacadbb76c32a5d1c75b36,True,9時間前,2026-10-03 04:52:54,埼玉県
10トン幹線ドライバー／日曜休みOK／賞与あり新着,株式会社ホームカーゴ,埼玉県,"月給27万3,000円",正社員,ドライバー,求人ボックス,https://xn--pckua2a7gp15o89zb.com/jb/714c8cffdcaa690bb7dbfdb96b3d707b,True,9時間前,2026-10-03 04:52:54,埼玉県
「夜勤・タクシードライバー」月収50万以上・履歴書不要／普通免許でOK新着,ドライバー,埼玉県,"月給47万6,000円",正社員,ドライバー,求人ボックス,https://xn--pckua2a7gp15o89zb.com/jbn/023ccb53ca0aaf0ee9df8380287a77de,True,9時間前,2026-10-03 04:52:57,埼玉県
タクシードライバー／「経営者の専属運転手」月収50万以上・週3勤務新着,ドライバー,埼玉県,"月給47万6,000円",正社員,ドライバー,求人ボックス,https://xn--pckua2a7gp15o89zb.com/jbn/3f81518c2e365d8772ad24648ef6dc5a,True,9時間前,2026-10-03 04:53:01,埼玉県
4tドライバー 17時定時・ほぼ残業なし・日勤のみ・長距離なし新着,株式会社冨樫興業,埼玉県,月給32万円～35万円,正社員,ドライバー,求人ボックス,https://xn--pckua2a7gp15o89zb.com/jb/1bf0b7bbba9affd8e1b72f38b613ea55,True,4時間前,2026-10-03 04:53:04,埼玉県
短期で稼げるトラックドライバー／大型・中型・2t／時給1800円新着,有限会社丸松産業,埼玉県,時給1800円,アルバイト・パート,ドライバー,求人ボックス,https://xn--pckua2a7gp15o89zb.com/jb/19903f5dffadb71ed5f0b698c90e430a,True,12時間前,2026-10-03 04:53:04,埼玉県
コンビニ店舗へのルート配送ドライバー／未経験歓迎／日曜休みOK新着,サトランス株式会社,埼玉県,月給33万円～,正社員,ドライバー,求人ボックス,https://xn--pckua2a7gp15o89zb.com/jb/153a46fc255bdae5651bdffbd7fd98fc,True,9時間前,2026-10-03 04:53:08,埼玉県
4tトラックでの外食配送ドライバー／未経験歓迎／日曜休みOK／賞与あり新着,東栄興業株式会社,埼玉県,月給26万円～33万円,契約社員,ドライバー,求人ボックス,https://xn--pckua2a7gp15o89zb.com/jb/c7a0d60eb968aec75b6c6a02f97a7f68,True,9時間前,2026-10-03 04:53:14,埼玉県
タクシードライバー／未経験歓迎／日曜休みOK／週3から可能／賞与あり新着,東界自動車交通株式会社,埼玉県,月給25万円～38万円,正社員,ドライバー,求人ボックス,https://xn--pckua2a7gp15o89zb.com/jb/45aef849a48be1c6b6d962061b0284d0,True,9時間前,2026-10-03 04:53:14,埼玉県
「愛知県勤務」警備員／待遇に自信あり／引っ越しサポートあり新着,セキュリティスタッフ株式会社,埼玉県,月給24万円～38万,正社員,警備,求人ボックス,https://xn--pckua2a7gp15o89zb.com/jb/c5947cae649fd816832c55131be61bc1,True,4時間前,2026-10-03 04:52:51,埼玉県
施設警備、警備員新着,株式会社コアズ,埼玉県,"日給2万5,920円",正社員,警備,求人ボックス,https://xn--pckua2a7gp15o89zb.com/jb/86ebba0a40703fd0ee1989c93e9fc331,True,8時間前,2026-10-03 04:52:51,埼玉県
「異業種からの転職歓迎」タクシードライバー／週3勤務／月収50万以上新着,警備・,埼玉県,"月給47万4,000円",正社員,警備,求人ボックス,https://xn--pckua2a7gp15o89zb.com/jbn/d0882e715f003cc4c1d05f55ace318c3,True,10時間前,2026-10-03 04:52:52,埼玉県
「高収入」送迎運転手「普通免許のみ」／VIP送迎ドライバー／年収600万円以上／予約が中心新着,...チームワークを大切にしながら現場をまとめるお仕事です。「コツコツ取り組む仕事が好き」「スケジュール通りに進めると達成感がある」という行動力のある方を募集しています。倉庫軽作業、配送ドライバー、,埼玉県,月給50万円～80万円,正社員,警備,求人ボックス,https://xn--pckua2a7gp15o89zb.com/jbn/dc2c49307a7f17f510821f4af8819e49,True,10時間前,2026-10-03 04:52:52,埼玉県
タクシー乗務員「普通免許のみ」／年収600万円以上／未経験でも高収入／週3出勤／予約が中心新着,...チームワークを大切にしながら現場をまとめるお仕事です。「コツコツ取り組む仕事が好き」「スケジュール通りに進めると達成感がある」という行動力のある方を募集しています。倉庫軽作業、配送ドライバー、,埼玉県,月給45万円～80万円,正社員,警備,求人ボックス,https://xn--pckua2a7gp15o89zb.com/jbn/71562ebb7417d12c51cff8f8b29a7041,True,10時間前,2026-10-03 04:52:52,埼玉県
中型4tトラックドライバー／時間や業務内容相談新着,株式会社サントス,埼玉県,"月給30万9,166円",正社員,警備,求人ボックス,https://xn--pckua2a7gp15o89zb.com/jb/cfb8715d07352a34be719de5eea3e8f1,True,6時間前,2026-10-03 04:52:59,埼玉県
「著名人のタクシードライバー」未経験OK・月収50万円以上／週3日勤務／20代～50代が多数活躍中新着,警備員,埼玉県,"月給51万4,000円",正社員,警備,求人ボックス,https://xn--pckua2a7gp15o89zb.com/jbn/da55bfd669c0e0b9d4c7396fc6cbf195,True,13時間前,2026-10-03 04:52:59,埼玉県
タクシードライバー週3日勤務／未経験OK・月収50万円以上・ボーナス支給あり新着,警備員,埼玉県,"月給47万6,500円",正社員,警備,求人ボックス,https://xn--pckua2a7gp15o89zb.com/jbn/44ebe4f77e8e69e42ad479d754991828,True,11時間前,2026-10-03 04:53:05,埼玉県
「夜勤・タクシードライバー」急募／月収50万以上・20代活躍中／普通免許でOK新着,警備員,埼玉県,"月給51万4,000円",正社員,警備,求人ボックス,https://xn--pckua2a7gp15o89zb.com/jbn/93460da026791c8c2861a4c9563ecb1f,True,10時間前,2026-10-03 04:53:05,埼玉県
著名人や企業役員のタクシードライバー「週3日勤務」未経験OK・月収40万円以上／ボーナス支給あり新着,警備員,埼玉県,"月給47万6,000円",正社員,警備,求人ボックス,https://xn--pckua2a7gp15o89zb.com/jbn/05b248d4ae40069c5c29fb8ddef18798,True,12時間前,2026-10-03 04:53:09,埼玉県
「アプリ配車タクシードライバー・週3勤務」20代活躍中／月収40万以上／普通免許でOK新着,警備員,埼玉県,"月給51万4,000円",正社員,警備,求人ボックス,https://xn--pckua2a7gp15o89zb.com/jbn/a4dbc380d2e7f1873606483563561dae,True,10時間前,2026-10-03 04:53:11,埼玉県
「夜勤・アプリ配車タクシードライバー」二種免許不要／月収40万以上／未経験歓迎新着,警備員,埼玉県,"月給47万6,000円",正社員,警備,求人ボックス,https://xn--pckua2a7gp15o89zb.com/jbn/ada2ef84fa0785900313fe44a7a76bc4,True,9時間前,2026-10-03 04:53:19,埼玉県
「夜勤・空港タクシードライバー」月収50万以上・ボーナスあり／普通免許のみOK新着,警備員,埼玉県,"月給51万4,000円",正社員,警備,求人ボックス,https://xn--pckua2a7gp15o89zb.com/jbn/e1a7958094818a0066ccc6ccd26777ac,True,10時間前,2026-10-03 04:53:23,埼玉県
製造スタッフ／ブランク歓迎／個室社宅あり／安定ワーク／かんたん作業新着,株式会社tocca,埼玉県,月給30万円～34万円,正社員,製造,求人ボックス,https://xn--pckua2a7gp15o89zb.com/jbn/cbba46979b2bcfd6cb9fde6ae15614df,True,21時間前,2026-10-03 04:52:57,埼玉県
「未経験から始める工場ワーク!」クリアファイルの製造スタッフ新着,製造,埼玉県,"月給30万2,440円",正社員,製造,求人ボックス,https://xn--pckua2a7gp15o89zb.com/jbn/2c7aa157901afa59850e2413c924cf51,True,14時間前,2026-10-03 04:52:57,埼玉県
「黙々と集中したい方に!」アートポスターの製造スタッフ／正社員新着,製造,埼玉県,"月給30万5,980円",正社員,製造,求人ボックス,https://xn--pckua2a7gp15o89zb.com/jbn/b33e142c124ea2e0ab7650e89a604ffd,True,14時間前,2026-10-03 04:52:57,埼玉県
「正社員として長く働く!」／アニメ柄ブックカバーの製造スタッフ新着,製造,埼玉県,"月給41万1,000円",正社員,製造,求人ボックス,https://xn--pckua2a7gp15o89zb.com/jbn/e9a5de827c2a564adce6037d22139c14,True,12時間前,2026-10-03 04:52:58,埼玉県
「身近な商品を扱う仕事!」観葉植物の鉢の製造スタッフ／髪型自由新着,製造,埼玉県,月給31万280円,正社員,製造,求人ボックス,https://xn--pckua2a7gp15o89zb.com/jbn/647161ac975278434664d7435a9a2e5a,True,15時間前,2026-10-03 04:52:58,埼玉県
「生活を安定させたい方へ!」アートポスターづくりの製造スタッフ新着,製造,埼玉県,"月給30万8,030円",正社員,製造,求人ボックス,https://xn--pckua2a7gp15o89zb.com/jbn/8065b3742d92a01013dd171fc6f08224,True,14時間前,2026-10-03 04:53:03,埼玉県
「生活を安定させたい方へ!」香水の製造スタッフ／年間休日130日以上新着,製造,埼玉県,"月給31万3,130円",正社員,製造,求人ボックス,https://xn--pckua2a7gp15o89zb.com/jbn/4c779777c791035d4a63e29293e8c634,True,15時間前,2026-10-03 04:53:07,埼玉県
「安定収入を目指すなら!」ゲーム筐体の製造スタッフ／完全週休二日制新着,製造,埼玉県,"月給31万6,030円",正社員,製造,求人ボックス,https://xn--pckua2a7gp15o89zb.com/jbn/826252425e00f120bcbff72525b8210d,True,14時間前,2026-10-03 04:53:07,埼玉県
「初めての正社員に!」／アニメコラボ菓子箱の製造スタッフ／未経験歓迎新着,製造,埼玉県,"月給43万6,000円",正社員,製造,求人ボックス,https://xn--pckua2a7gp15o89zb.com/jbn/f2b64f6ea0f3bef9e30b718de829e4f1,True,13時間前,2026-10-03 04:53:10,埼玉県
「正社員で安定収入!」／アニメキャラスタンドパネルの製造スタッフ新着,製造,埼玉県,"月給39万1,000円",正社員,製造,求人ボックス,https://xn--pckua2a7gp15o89zb.com/jbn/a1f5043f76e2c63c501b6ebfe9f96f46,True,12時間前,2026-10-03 04:53:14,埼玉県
「コツコツ派にぴったり!」マカロンの製造スタッフ／日払い週払いOK新着,製造,埼玉県,"月給30万5,430円",正社員,製造,求人ボックス,https://xn--pckua2a7gp15o89zb.com/jbn/1ad11f63c523e4a13350bba1831aaec0,True,15時間前,2026-10-03 04:53:17,埼玉県
「モクモク作業が好きな方へ!」アウトドアチェアの製造スタッフ／寮完備新着,製造,埼玉県,月給30万940円,正社員,製造,求人ボックス,https://xn--pckua2a7gp15o89zb.com/jbn/fcf1a40c8047a453361c5136a7eaf812,True,15時間前,2026-10-03 04:53:20,埼玉県
「未経験から始める工場ワーク!」リップグロスづくりの製造スタッフ新着,製造,埼玉県,"月給30万9,760円",正社員,製造,求人ボックス,https://xn--pckua2a7gp15o89zb.com/jbn/3cdf9fa6a66391cc91bc68e94bc496ea,True,15時間前,2026-10-03 04:53:20,埼玉県
「コツコツ派にぴったり!」スキンケア用品づくりの製造スタッフ新着,製造,埼玉県,"月給31万4,090円",正社員,製造,求人ボックス,https://xn--pckua2a7gp15o89zb.com/jbn/1ce748d4d9aac8886bdf8253e989ab94,True,15時間前,2026-10-03 04:53:24,埼玉県
製造スタッフ／土日休み／日勤のみ／無資格・未経験OK／完全週休2日新着,株式会社協和,埼玉県,月給20万円～35万円,正社員,製造,求人ボックス,https://xn--pckua2a7gp15o89zb.com/jb/d61752b3ae09f64705dbad8a67c35ac0,True,12時間前,2026-10-03 04:53:24,埼玉県
「モクモク作業が好きな方へ!」プラモデルの製造スタッフ／年間休日130...新着,製造,埼玉県,"月給31万3,530円",正社員,製造,求人ボックス,https://xn--pckua2a7gp15o89zb.com/jbn/b791599f6327d94336656a4576cdace6,True,14時間前,2026-10-03 04:53:29,埼玉県
「黙々と集中したい方に!」高級チョコレートの製造スタッフ／賞与あり新着,製造,埼玉県,"月給30万9,270円",正社員,製造,求人ボックス,https://xn--pckua2a7gp15o89zb.com/jbn/7f8e6e29e9db4357c00f6884c7c98428,True,14時間前,2026-10-03 04:53:29,埼玉県
公共施設の清掃スタッフ／午後からの短時間パート／未経験歓迎新着,株式会社トータルサービス,埼玉県,"時給1,200円～1,300円",アルバイト・パート,清掃,求人ボックス,https://xn--pckua2a7gp15o89zb.com/jb/40a190c04faf4b23edc2283132bb86f7,True,6時間前,2026-10-03 04:53:19,埼玉県
マンション清掃スタッフ／平日の週3日勤務／午前のみの短時間／扶養内OK新着,アイル・コーポレーション株式会社,埼玉県,"時給1,250円",アルバイト・パート,清掃,求人ボックス,https://xn--pckua2a7gp15o89zb.com/jb/f9925448ef7bd10609edc7d4968be86e,True,23時間前,2026-10-03 04:53:19,埼玉県
工場内の日常清掃スタッフ新着,株式会社godai,埼玉県,"時給1,300円～",派遣社員,清掃,求人ボックス,https://xn--pckua2a7gp15o89zb.com/jb/9c8c82777a4843c078a1e2cb617510a8,True,21時間前,2026-10-03 04:53:19,埼玉県
公共施設の清掃・現場管理スタッフ／未経験歓迎／週休2日／月給25万円新着,株式会社エヌテックサービス,埼玉県,月給25万円,正社員,清掃,求人ボックス,https://xn--pckua2a7gp15o89zb.com/jb/12c57aed8553bcc4c7d10a9e4637a8ae,True,6時間前,2026-10-03 04:53:19,埼玉県
未経験可の大型施設内清掃スタッフ新着,有限会社アールシーサポート,埼玉県,"時給1,250円",アルバイト・パート,清掃,求人ボックス,https://xn--pckua2a7gp15o89zb.com/jb/9b0ed478b57182bc936abd6b9391b7e5,True,18時間前,2026-10-03 04:53:19,埼玉県
工場内の清掃スタッフ新着,株式会社CAREER,埼玉県,"時給1,300円～1,500円",派遣社員,清掃,求人ボックス,https://xn--pckua2a7gp15o89zb.com/jb/d8cb0a23cfdcd4a65febbae597f37919,True,10時間前,2026-10-03 04:53:19,埼玉県
商業施設内の清掃スタッフ新着,南海ビルサービス株式会社,埼玉県,"時給1,200円",アルバイト・パート,清掃,求人ボックス,https://xn--pckua2a7gp15o89zb.com/jb/31501dcca7b8ca51b49557f885db81e1,True,4時間前,2026-10-03 04:53:22,埼玉県
ビルの清掃スタッフ 月・水・金新着,株式会社ビルテクノマイニチ,埼玉県,"時給1,200円",アルバイト・パート,清掃,求人ボックス,https://xn--pckua2a7gp15o89zb.com/jb/14a4f75e44b43e6432fa3faaa03a90cd,True,4時間前,2026-10-03 04:53:22,埼玉県
開店前清掃スタッフ新着,ヤマダユニア株式会社,埼玉県,"時給1,196円～",アルバイト・パート,清掃,求人ボックス,https://xn--pckua2a7gp15o89zb.com/jb/0e83e1b60ee9a102e8c5cc19066309bc,True,18時間前,2026-10-03 04:53:22,埼玉県
急募 スーパーの清掃スタッフ募集! 幅広い世代の女性活躍中新着,株式会社サンテック,埼玉県,"時給1,141円",アルバイト・パート,清掃,求人ボックス,https://xn--pckua2a7gp15o89zb.com/jb/c341d686c56f6cd14875aecc43ef1934,True,13時間前,2026-10-03 04:53:26,埼玉県
積極採用中!大学病院での手術室の環境整備・清掃スタッフ新着,株式会社日本教育クリエイト,埼玉県,"時給1,550円",派遣社員,清掃,求人ボックス,https://xn--pckua2a7gp15o89zb.com/jbn/eec927bb9b2190e6cd5ca6ab00ec374d,True,23時間前,2026-10-03 04:53:26,埼玉県
パチンコ店清掃スタッフ／個室寮完備／残業月平均5時間／履歴書不要新着,株式会社ジャムフレンドクラブエース久慈,埼玉県,"月給20万9,050円",正社員,清掃,求人ボックス,https://xn--pckua2a7gp15o89zb.com/jb/fc3ad0430d5c119ec3099a0e7916cf82,True,6時間前,2026-10-03 04:53:26,埼玉県
清掃スタッフ新着,極東ビル管理株式会社,埼玉県,"時給1,196円",アルバイト・パート,清掃,求人ボックス,https://xn--pckua2a7gp15o89zb.com/jb/4ad83ce77b1f7548e6b76f2700a9e595,True,9時間前,2026-10-03 04:53:26,埼玉県
ペットショップの清掃・店舗スタッフ／ペットフォレスト小平店未経験歓迎新着,株式会社犬の家 ペットフォレスト小平店,埼玉県,月給22万円～30万円,正社員,清掃,求人ボックス,https://xn--pckua2a7gp15o89zb.com/jbn/7816b8dc1c47b1762e50a4c560418dcf,True,22時間前,2026-10-03 04:53:31,埼玉県
清掃スタッフ新着,株式会社ウィルエージェンシー 大宮,埼玉県,"時給1,200円～",アルバイト・パート,清掃,求人ボックス,https://xn--pckua2a7gp15o89zb.com/jb/b3114ef5e2b6e4b0800c66741355ce10,True,14時間前,2026-10-03 04:53:31,埼玉県
清掃スタッフ／さいたま新都心週3×1日4h～近所でサクッと働きたい方女...新着,株式会社片倉キャロンサービス,埼玉県,"時給1,200円～",アルバイト・パート,清掃,求人ボックス,https://xn--pckua2a7gp15o89zb.com/jb/dfc9efb7d59ed6b89e3769d81550ad06,True,9時間前,2026-10-03 04:53:31,埼玉県
商業施設内の清掃スタッフ新着,日生株式会社,埼玉県,"時給1,280円",アルバイト・パート,清掃,求人ボックス,https://xn--pckua2a7gp15o89zb.com/jb/c1445467a4c413d0bcc6df4ca10fc301,True,4時間前,2026-10-03 04:53:31,埼玉県
未経験歓迎!日給1.2万～×早上がりありで効率よく稼げる設備清掃スタッフ、チーム作業で安心新着,株式会社新道,埼玉県,日給1,正社員,清掃,求人ボックス,https://xn--pckua2a7gp15o89zb.com/jb/6ce024f1f93e84ea62bb539f9370394a,True,5時間前,2026-10-03 04:53:31,埼玉県
マンションの清掃スタッフ新着,東急ビルメンテナンス株式会社,埼玉県,"時給1,280円",アルバイト・パート,清掃,求人ボックス,https://xn--pckua2a7gp15o89zb.com/jb/903627b713a10f2ac72c2a6c68754531,True,4時間前,2026-10-03 04:53:34,埼玉県
コンテナホテルの清掃スタッフ／羽生市新着,株式会社クラピス,埼玉県,,,清掃,求人ボックス,https://xn--pckua2a7gp15o89zb.com/jb/5c28b4ce2d3fc26e98baf6fe21020853,True,4時間前,2026-10-03 04:53:34,埼玉県
営繕・公園事務所の清掃スタッフ新着,有限会社武蔵野サービス,埼玉県,"時給1,196円",アルバイト・パート,清掃,求人ボックス,https://xn--pckua2a7gp15o89zb.com/jb/fc92327d6748c42e739ee67c9d7efc71,True,6時間前,2026-10-03 04:53:34,埼玉県
高所作業&定期清掃 両方対応スタッフ新着,株式会社ファインビルケア,埼玉県,"日給1万2,000円",正社員,清掃,求人ボックス,https://xn--pckua2a7gp15o89zb.com/jb/9815b2c4224c6a8b577b80acf6542740,True,5時間前,2026-10-03 04:53:38,埼玉県
病院での清掃スタッフ／高時給1600円／未経験OK新着,株式会社ルフト・メディカルケア,埼玉県,時給1600円,派遣社員,清掃,求人ボックス,https://xn--pckua2a7gp15o89zb.com/jb/520114318b815872708aa2c3843ebaf2,True,13時間前,2026-10-03 04:53:38,埼玉県
学校給食の洗浄・清掃スタッフ新着,株式会社東洋食品PFI管理部,埼玉県,"時給1,300円～",アルバイト・パート,清掃,求人ボックス,https://xn--pckua2a7gp15o89zb.com/jb/01257b44e089dd7984dd6c02a0b6f2c6,True,5時間前,2026-10-03 04:53:38,埼玉県
老人ホームの清掃スタッフ／介護の知識・経験不要!週3日～OKで扶養内勤...新着,株式会社H&amp Nホールディングス,埼玉県,"時給1,200円",アルバイト・パート,清掃,求人ボックス,https://xn--pckua2a7gp15o89zb.com/jb/fa5da166c7a6eac8ac0685cde99d2eab,True,13時間前,2026-10-03 04:53:42,埼玉県
ショールームの清掃スタッフ／20～50代の主婦さん活躍中新着,株式会社クリーン工房,埼玉県,"時給1,196円",アルバイト・パート,清掃,求人ボックス,https://xn--pckua2a7gp15o89zb.com/jb/a60062d6c150d4a2b891786e2d71a364,True,13時間前,2026-10-03 04:53:42,埼玉県
施設内の日常清掃スタッフ／月～金の中で週2日からOK 自分のペースで無...新着,株式会社光幸ビルサービス,埼玉県,"時給1,400円",アルバイト・パート,清掃,求人ボックス,https://xn--pckua2a7gp15o89zb.com/jb/003b514447a7fdbc1244689e93fac7ef,True,13時間前,2026-10-03 04:53:45,埼玉県
パチンコ店の開店前清掃スタッフ／7:45～9:45朝の短時間新着,株式会社和幸,埼玉県,"時給1,200円～",アルバイト・パート,清掃,求人ボックス,https://xn--pckua2a7gp15o89zb.com/jb/59e473a2ba4a91dc70b480b7d768955c,True,13時間前,2026-10-03 04:53:48,埼玉県
アクセサリー／アパレル／販売学生さん 12／1~31／ジュエリー販売新着,株式会社パコム,埼玉県,"時給1,600円～",派遣社員,派遣,求人ボックス,https://xn--pckua2a7gp15o89zb.com/jb/971274e82399677acf20f4cd95b93a86,True,17時間前,2026-10-03 04:53:27,埼玉県
保育園の保育派遣スタッフ求人 派遣保育士／短期OK!お気軽にお問い合わせください新着,株式会社グッドネクスト,埼玉県,"時給1,600円",派遣社員,派遣,求人ボックス,https://xn--pckua2a7gp15o89zb.com/jb/00cf857468b2659284412a5ceba56bcc,True,23時間前,2026-10-03 04:53:27,埼玉県
保育士／保育園新着,アスカグループ,埼玉県,"時給1,600円",派遣社員,派遣,求人ボックス,https://xn--pckua2a7gp15o89zb.com/jb/1126875b9c4684515ba7740fbc77af46,True,23時間前,2026-10-03 04:53:27,埼玉県
名入れ印刷新着,株式会社ヤマトアシスト,埼玉県,"時給1,280円",派遣社員,派遣,求人ボックス,https://xn--pckua2a7gp15o89zb.com/jb/393abb41844fd4e9004b6e0ec6ca8485,True,12時間前,2026-10-03 04:53:27,埼玉県
直接雇用実績あり／土日祝休み OJTあり サポート事務!車OK新着,...基本的なPC入力が可能な方 一般事務経験がある方 Excel:SUM/AVE、Word:文章作成が可能な方 受発注経験ある方歓迎 【特徴】未経験OK/残業なし/残業少なめ(20H以下)/土日休み,埼玉県,"時給1,500円～",派遣社員,派遣,求人ボックス,https://xn--pckua2a7gp15o89zb.com/jb/b023feecf66a8a8e6b5c63eb1938c592,True,13時間前,2026-10-03 04:53:27,埼玉県
大手電気機器メーカーでのピッキング業務～派遣～／週5日×20h～新着,株式会社常陽エンジニアリング,埼玉県,"時給1,350円～",派遣社員,派遣,求人ボックス,https://xn--pckua2a7gp15o89zb.com/jb/0b4b6577a5ebba5c76594c045f98724c,True,8時間前,2026-10-03 04:53:27,埼玉県
内勤業務新着,株式会社エクスプレス・エージェント,埼玉県,日給1万400円,アルバイト・パート,派遣,求人ボックス,https://xn--pckua2a7gp15o89zb.com/jb/8db8f33eb2f68a92a8df598ebc9f9a0e,True,21時間前,2026-10-03 04:53:27,埼玉県
医療消耗品の仕分け作業新着,株式会社CAREER,埼玉県,"時給1,300円～1,500円",派遣社員,派遣,求人ボックス,https://xn--pckua2a7gp15o89zb.com/jb/947a1055e8dfa7d6087eabf009aa8956,True,10時間前,2026-10-03 04:53:28,埼玉県
積極採用中!婦人科クリニックでの医療事務新着,株式会社日本教育クリエイト,埼玉県,"時給1,400円",,派遣,求人ボックス,https://xn--pckua2a7gp15o89zb.com/jbn/ca010c0d0b2eb8eabf21be9cd1e1cf2c,True,23時間前,2026-10-03 04:53:28,埼玉県
テープやフィルムの製造／年間休日122日／土日休み／賞与年2回あり新着,マルアイユニティー株式会社,埼玉県,"月給21万3,000円",正社員,派遣,求人ボックス,https://xn--pckua2a7gp15o89zb.com/jb/2bccbfd20abea4c9bcba88547664b700,True,12時間前,2026-10-03 04:53:28,埼玉県
フォークリフトオペレーター／無資格でもOK／入社後に資格取得可能／日勤新着,G・Mライン株式会社,埼玉県,月給22万円～35万円,正社員,派遣,求人ボックス,https://xn--pckua2a7gp15o89zb.com/jb/2bd4e6b972d6230e0465b7dffb0ccbf1,True,6時間前,2026-10-03 04:53:28,埼玉県
精密板金加工・機械オペレーター／週3日からOK／午前と午後を選べる新着,有限会社平宮,埼玉県,"時給1,280円",正社員,派遣,求人ボックス,https://xn--pckua2a7gp15o89zb.com/jb/d8223f24ff3785f36cc29141c05c2358,True,23時間前,2026-10-03 04:53:28,埼玉県
倉庫でピッキング 雑貨や部品の整理新着,アイコム株式会社,埼玉県,"時給1,240円～1,550円",派遣社員,派遣,求人ボックス,https://xn--pckua2a7gp15o89zb.com/jb/bb7ce7cc47cca340a718312503529bbd,True,10時間前,2026-10-03 04:53:28,埼玉県
介護付き有料老人ホームでの介護士新着,株式会社トラストグロース,埼玉県,"時給1,500円～",派遣社員,派遣,求人ボックス,https://xn--pckua2a7gp15o89zb.com/jb/4c645b5961a724b8c7f24fd7e8942bcb,True,3時間前,2026-10-03 04:53:28,埼玉県
カー用品・自動車電装品の取り付け「日勤／土日休み／週払いOK」新着,有限会社サンワーク,埼玉県,"時給1,500円～1,875円",派遣社員,派遣,求人ボックス,https://xn--pckua2a7gp15o89zb.com/jb/3296547ecb216775bc2cd39ac2b1e81a,True,6時間前,2026-10-03 04:53:28,埼玉県
美容部員／メイクアップアーティスト／コスメ・化粧品販売／未経験歓迎／POLA／ポーラ新着,株式会社iDA,埼玉県,"時給1,550円",正社員,派遣,求人ボックス,https://xn--pckua2a7gp15o89zb.com/jb/ba9cc1a30ab57cc4dd9444f600e7f5d9,True,10時間前,2026-10-03 04:53:31,埼玉県
カウンターフォーク「日勤／土日休み／残業少なめ／上尾駅から無料送迎」新着,株式会社中央サービス,埼玉県,"時給1,450円～1,813円",派遣社員,派遣,求人ボックス,https://xn--pckua2a7gp15o89zb.com/jb/70d3356a87b9fdfbbe1809108a342072,True,6時間前,2026-10-03 04:53:31,埼玉県
プラスチック部品の取付・梱包「社員食堂で食事・ドリンク無料／寮完備」新着,大日工業株式会社,埼玉県,"時給1,300円～1,625円",派遣社員,派遣,求人ボックス,https://xn--pckua2a7gp15o89zb.com/jb/b8c87d353f1985ca627b0a4d612c9804,True,12時間前,2026-10-03 04:53:31,埼玉県
粗大ごみの選別作業員／ほぼ残業なし／賞与年3回／待遇充実の正社員新着,株式会社スガワラ,埼玉県,月給26万円～45万円,正社員,派遣,求人ボックス,https://xn--pckua2a7gp15o89zb.com/jb/e4248262fb12dabb6cfb7eb9e976ac0c,True,18時間前,2026-10-03 04:53:31,埼玉県
フォークリフト作業／要カウンターフォーク経験／日勤7.5h固定×土日祝休み／月収28万円以上可／日新着,株式会社ノース,埼玉県,"時給1,700円～2,125円",派遣社員,派遣,求人ボックス,https://xn--pckua2a7gp15o89zb.com/jbn/c2e43846e5d72bf5c6460e4feb6d0bc4,True,21時間前,2026-10-03 04:53:31,埼玉県
部品の製造／土日休み週休2日／未経験者OK・小作駅より送迎あり新着,株式会社ダイコウサクシード,埼玉県,"時給1,500円～1,875円",派遣社員,派遣,求人ボックス,https://xn--pckua2a7gp15o89zb.com/jb/2bbe6c04694029cb10512c01f6d0a962,True,6時間前,2026-10-03 04:53:31,埼玉県
一般事務・OA事務／大手Gで一般事務 派遣スタッフ活躍中 長期新着,パーソルテンプスタッフ株式会社,埼玉県,"時給1,450円",派遣社員,派遣,求人ボックス,https://xn--pckua2a7gp15o89zb.com/jb/9acde4b9f7368113d90ab8e69b3b4c32,True,20時間前,2026-10-03 04:53:35,埼玉県
大宮駅ビル内のスイーツ販売「短期／駅ナカ／未経験OK／高時給」新着,クラウドグレイス株式会社,埼玉県,"時給1,700円～2,125円",派遣社員,派遣,求人ボックス,https://xn--pckua2a7gp15o89zb.com/jb/a458446440470ab491802aa293f1a684,True,12時間前,2026-10-03 04:53:35,埼玉県
徒歩7分!「週4日～OK」未経験歓迎!WEB画面操作に関するお客様サポート業務新着,株式会社TMJ,埼玉県,"時給1,350円～1,550円",アルバイト・パート,派遣,求人ボックス,https://xn--pckua2a7gp15o89zb.com/jbn/6ee00ac990fdeb62c6252fb9c384a164,True,20時間前,2026-10-03 04:53:35,埼玉県
「日払いOK」シャンプーなどの梱包新着,セブンエージェント株式会社,埼玉県,"時給1,450円～",派遣社員,派遣,求人ボックス,https://xn--pckua2a7gp15o89zb.com/jb/b52cf19d16bdf6b02d960e6e8c216bbd,True,14時間前,2026-10-03 04:53:35,埼玉県
大手自動車メーカーで一般事務新着,ヒューマンリソシア株式会社,埼玉県,"時給1,850円",派遣社員,派遣,求人ボックス,https://xn--pckua2a7gp15o89zb.com/jb/c086e0549fa8ca1220dfd48fef26f088,True,7時間前,2026-10-03 04:53:35,埼玉県
一般事務新着,株式会社リクルートスタッフィング,埼玉県,"時給1,850円～",派遣社員,派遣,求人ボックス,https://xn--pckua2a7gp15o89zb.com/jb/080c2915ae24e94059a533106c357298,True,20時間前,2026-10-03 04:53:35,埼玉県
一般事務／基本17時終業 3月まで データ入力など 未経験可新着,株式会社スタッフサービス,埼玉県,"時給1,300円",派遣社員,派遣,求人ボックス,https://xn--pckua2a7gp15o89zb.com/jb/076b0d04e2a50eda6440738fb98f6fbf,True,18時間前,2026-10-03 04:53:38,埼玉県
CAD操作業務 ／ 一般事務・OA事務／1800円 時短OK!大手ゼネコンでCADオペ&事務新着,株式会社アヴァンティスタッフ,埼玉県,"時給1,800円",派遣社員,派遣,求人ボックス,https://xn--pckua2a7gp15o89zb.com/jb/092aae25841bc2fc71fc3f3ba02eb24c,True,17時間前,2026-10-03 04:53:38,埼玉県
加工補助・プラスチック系の製品加工・加工マシン補助・製造新着,株式会社ヤマトスタッフ,埼玉県,"時給1,650円～2,063円",正社員,派遣,求人ボックス,https://xn--pckua2a7gp15o89zb.com/jb/2426b69252b12f90c4c51d7d7043fe5c,True,6時間前,2026-10-03 04:53:38,埼玉県
手のひらサイズ製品の確認・入力作業新着,大都工産株式会社,埼玉県,"時給1,400円～1,750円",派遣社員,派遣,求人ボックス,https://xn--pckua2a7gp15o89zb.com/jb/dae217c37d0f7482cc5fdf7bbb683233,True,12時間前,2026-10-03 04:53:38,埼玉県
携帯販売スタッフ新着,株式会社ヒト・コミュニケーションズ,埼玉県,"時給1,600円～",契約社員,派遣,求人ボックス,https://xn--pckua2a7gp15o89zb.com/jb/f5567fc135e911a335c050c33e3fa5c0,True,6時間前,2026-10-03 04:53:38,埼玉県
発信オペレーター／大宮／土日祝休／髪色服装自由／駅近5分／確認業務新着,株式会社ウィルオブ・ワーク,埼玉県,"時給1,400円",派遣社員,派遣,求人ボックス,https://xn--pckua2a7gp15o89zb.com/jb/f1faeea4b9ef85d3a4e07cc353844d7d,True,12時間前,2026-10-03 04:53:38,埼玉県
ドライバー・配達・配送／川越 未経験OK!週4～×4hのみ!残業なし 百貨店内でテナントへ商品お届け新着,株式会社ヒューマントラスト,埼玉県,"時給1,450円",派遣社員,派遣,求人ボックス,https://xn--pckua2a7gp15o89zb.com/jb/04c4e69d07c204792dddea12cba9e973,True,17時間前,2026-10-03 04:53:38,埼玉県
検品／倉庫・軽作業新着,ランスタッド株式会社,埼玉県,"時給1,300円",派遣社員,派遣,求人ボックス,https://xn--pckua2a7gp15o89zb.com/jb/d25bc901fd2cd0f019fbf8962ed98214,True,23時間前,2026-10-03 04:53:42,埼玉県
小規模保育園の遅番補助保育士新着,株式会社明日香,埼玉県,"時給1,650円～",派遣社員,派遣,求人ボックス,https://xn--pckua2a7gp15o89zb.com/jb/b330ddc0510b7f5ce872f1fe667c134a,True,15時間前,2026-10-03 04:53:42,埼玉県
月収28万円以上も目指せるアマゾン倉庫の商品管理スタッフ新着,株式会社バイトレ,埼玉県,"月給27万7,500円",派遣社員,派遣,求人ボックス,https://xn--pckua2a7gp15o89zb.com/jb/b8dd984c4aa147780b0336521e34cb27,True,2時間前,2026-10-03 04:53:42,埼玉県
各教科試験問題の校正／大手印刷会社／17時半終業／残業少なめ／南越谷新着,当社,埼玉県,"時給1,630円",派遣社員,派遣,求人ボックス,https://xn--pckua2a7gp15o89zb.com/jb/ee764020e17eb21dd153703e1452ce2e,True,15時間前,2026-10-03 04:53:42,埼玉県
介護職／ヘルパー／土日休み／車通勤OK／ブランクOK新着,医療法人社団協友会,埼玉県,"時給1,196円～1,246円",アルバイト・パート,派遣,求人ボックス,https://xn--pckua2a7gp15o89zb.com/jb/a3bb0939d33b81cfc71f16d6923a769d,True,13時間前,2026-10-03 04:53:42,埼玉県
さいたま市大宮区エリアでお仕事したい方に! 「東京ばな奈」など洋菓子ショップ責任者／未経験!新着,株式会社ディンプル,埼玉県,"月給28万1,250円",正社員,派遣,求人ボックス,https://xn--pckua2a7gp15o89zb.com/jb/0a1e29e026bd585d8d4ba731aaf6d20d,True,10時間前,2026-10-03 04:53:42,埼玉県
無資格&未経験OK ネオキャリアの介護ワーク!週3日～時間選べる 家事との両立も 履歴書不要新着,株式会社ネオキャリア ナイス,埼玉県,"時給1,600円～1,900円",派遣社員,派遣,求人ボックス,https://xn--pckua2a7gp15o89zb.com/jb/8a233d5ae25be169fb9c416f913d0f21,True,14時間前,2026-10-03 04:53:42,埼玉県
制作進行 深夜アニメの現場で成長! 未経験歓迎×残業代全額新着,株式会社フェローズ,埼玉県,"月給21万5,000円",派遣社員,派遣,求人ボックス,https://xn--pckua2a7gp15o89zb.com/jb/0b78a180d9be5bfc6b6ac53e9386a4b7,True,16時間前,2026-10-03 04:53:42,埼玉県
嬉しい土日祝休み!高時給1550円 長期勤務OK 部品の受入、発送準備新着,株式会社テクノサービス,埼玉県,時給1550円,派遣社員,派遣,求人ボックス,https://xn--pckua2a7gp15o89zb.com/jb/05297a48faef2b7195325018a2221afd,True,21時間前,2026-10-03 04:53:45,埼玉県
イベントPR・案内スタッフ新着,株式会社Liv.Design 家計の見直し堂 埼...,埼玉県,"月給23万5,000円",正社員,派遣,求人ボックス,https://xn--pckua2a7gp15o89zb.com/jbn/a58953b351be7681eed1e616066a2e79,True,21時間前,2026-10-03 04:53:45,埼玉県
訪問入浴での介護士新着,株式会社トラストグロース 第3営業部,埼玉県,"時給1,230円～",アルバイト・パート,派遣,求人ボックス,https://xn--pckua2a7gp15o89zb.com/jb/5abf90ab85835c759d5247ea84c8bcc8,True,3時間前,2026-10-03 04:53:45,埼玉県
"「派遣社員」午後出勤&土日祝休みフォークリフトスタッフ／午後勤務×高時給1,500円!新着",Job・Design株式会社,埼玉県,"時給1,500円",派遣社員,派遣,求人ボックス,https://xn--pckua2a7gp15o89zb.com/jb/94eaa106af39d1b40f5147d1befe7fe3,True,22時間前,2026-10-03 04:53:45,埼玉県
金属製品の製造新着,アルバ株式会社,埼玉県,"時給1,500円～",派遣社員,派遣,求人ボックス,https://xn--pckua2a7gp15o89zb.com/jb/24bb8eb4e01dd4bde3e13a40b0e3b091,True,18時間前,2026-10-03 04:53:45,埼玉県
公園遊具の製造・溶接スタッフ新着,株式会社ホットスタッフ白岡,埼玉県,"時給1,400円～",アルバイト・パート,派遣,求人ボックス,https://xn--pckua2a7gp15o89zb.com/jb/f0f4f6d3b07b99cb8ebe77f0505a9c67,True,18時間前,2026-10-03 04:53:45,埼玉県
女性活躍中 管理事務 転勤なし&想定年収480万円／ke新着,株式会社ワールドコーポレーション,埼玉県,"月給27万5,000円",正社員,派遣,求人ボックス,https://xn--pckua2a7gp15o89zb.com/jb/469fe3e033313656d074d1de527646b0,True,3時間前,2026-10-03 04:53:45,埼玉県
小学生用教材のピッキングスタッフ新着,株式会社ホットスタッフ川越,埼玉県,"時給1,280円～",アルバイト・パート,派遣,求人ボックス,https://xn--pckua2a7gp15o89zb.com/jb/13dbcf63373daa8289f7a63c84760918,True,18時間前,2026-10-03 04:53:47,埼玉県
店舗事務員新着,株式会社ノジマ,埼玉県,"時給1,300円～1,500円",アルバイト・パート,派遣,求人ボックス,https://xn--pckua2a7gp15o89zb.com/jb/78b3d9235732aba5d21859c462ee0b7f,True,6時間前,2026-10-03 04:53:47,埼玉県
機械部品のセット・取り出しの機械加工作業新着,戦力エージェント株式会社,埼玉県,"時給1,220円",派遣社員,派遣,求人ボックス,https://xn--pckua2a7gp15o89zb.com/jb/c7cdc700f147a532431f0e1968ae3348,True,9時間前,2026-10-03 04:53:47,埼玉県
総務&メンバーのマネジメント／年間休日125日新着,株式会社キャムコム,埼玉県,月給25万円～30万円,正社員,派遣,求人ボックス,https://xn--pckua2a7gp15o89zb.com/jb/b61c4f60974ac30f314eab4aba4dea7f,True,2時間前,2026-10-03 04:53:47,埼玉県
通信キャリア等の営業事務／土日祝休新着,株式会社BREXA Communications,埼玉県,"月給18万5,000円",正社員,派遣,求人ボックス,https://xn--pckua2a7gp15o89zb.com/jb/3fbdf15ce69c929b7c1dac8a750296b1,True,2時間前,2026-10-03 04:53:47,埼玉県
「くもりを確認するだけのお仕事」／スマホレンズの検査スタッフ／スピード選考／職歴不問／残業ほぼなし新着,三陽工業株式会社,埼玉県,"月給19万5,000円",正社員,派遣,求人ボックス,https://xn--pckua2a7gp15o89zb.com/jbn/4ba1436085c05f5251a08ca662bc17fd,True,14時間前,2026-10-03 04:53:51,埼玉県
リーチやカウンターリフトでの入出庫新着,株式会社ジャパン・リリーフ,埼玉県,"時給1,500円～",派遣社員,派遣,求人ボックス,https://xn--pckua2a7gp15o89zb.com/jbn/52995e21a060a861d3a72b6bc8f15159,True,17時間前,2026-10-03 04:53:51,埼玉県
未経験から始めやすい／ぬいぐるみセットの成形工程／収入アップを目指せる／通勤しやすい職場環境新着,株式会社Vialevo,埼玉県,"時給1,810円",派遣社員,派遣,求人ボックス,https://xn--pckua2a7gp15o89zb.com/jbn/e18a9d9990a48abbd915ddc94fbf52a3,True,18時間前,2026-10-03 04:53:51,埼玉県
小型家電部品の梱包スタッフ／入社日相談可／最短翌日勤務／引っ越しサポートあり／シンプルな工程が中心新着,株式会社リッチ&ビルド,埼玉県,"時給1,790円",派遣社員,派遣,求人ボックス,https://xn--pckua2a7gp15o89zb.com/jbn/847585e32c2c29cf4e58f57d8f637ba5,True,18時間前,2026-10-03 04:53:51,埼玉県
自動車関連製造スタッフ／月収28万円以上可／寮あり新着,株式会社カワデン,埼玉県,"時給1,500円～1,875円",派遣社員,派遣,求人ボックス,https://xn--pckua2a7gp15o89zb.com/jbn/7f8f14b827dbfad7a4e6dccdd8d2c03a,True,21時間前,2026-10-03 04:53:51,埼玉県
「コツコツ検査作業!」樹脂部品の穴あけ加工スタッフ／20代から30代活躍中!／3勤3休新着,株式会社日本ケイテム,埼玉県,"時給1,200円～",アルバイト・パート,派遣,求人ボックス,https://xn--pckua2a7gp15o89zb.com/jbn/2408f87024f3f99aff310e590909ccf7,True,20時間前,2026-10-03 04:53:54,埼玉県
20代～30代活躍中／材料配合検討・物性測定スタッフ／土日祝休み／年間休日126日／賞与年2回新着,株式会社ワールドインテック／東証プライム上場グル...,埼玉県,月給21万円～51万,正社員,派遣,求人ボックス,https://xn--pckua2a7gp15o89zb.com/jbn/85b1bc47e7ab0fbd8d6d2f1a146549b7,True,20時間前,2026-10-03 04:53:54,埼玉県
家電量販店でソフトバンクのスマホ販売スタッフ新着,株式会社サンビレッジ本社,埼玉県,"時給1,600円",派遣社員,派遣,求人ボックス,https://xn--pckua2a7gp15o89zb.com/jbn/315d508a6b24bdf6182fb90abad88aaf,True,15時間前,2026-10-03 04:53:54,埼玉県
"「未経験OK」コンビニの店舗スタッフ／時給1,400円〜1,750円／週3・1日5h～／日払いOK新着",株式会社セレブリックス,埼玉県,"時給1,400円",派遣社員,派遣,求人ボックス,https://xn--pckua2a7gp15o89zb.com/jbn/5f7938dbffb3bf38a46fea4b349163e8,True,23時間前,2026-10-03 04:53:54,埼玉県
プラスチック・紙製品のフォーク移動／週4からOK／週払い満額支給新着,株式会社マンキャピタル,埼玉県,"時給1,500円",派遣社員,派遣,求人ボックス,https://xn--pckua2a7gp15o89zb.com/jb/fb4022e89e3685d05c15cba640d75432,True,6時間前,2026-10-03 04:53:54,埼玉県
歯科衛生士／院内託児所完備!産休復帰率100%／時短勤務も可能でお休み...新着,社団星谷歯科医院,神奈川県,月給28万円～,正社員,歯科,求人ボックス,https://xn--pckua2a7gp15o89zb.com/jb/949eb217c9b90dc0fb05d56669db92c0,True,2時間前,2026-10-03 04:53:51,神奈川県
歯科医院での歯科衛生士新着,株式会社トラストグロース,神奈川県,"時給1,500円～1,800円",派遣社員,歯科,求人ボックス,https://xn--pckua2a7gp15o89zb.com/jb/358533158890b17bbd370ebe89c67eb1,True,2時間前,2026-10-03 04:53:51,神奈川県
社会保険完備の職場で歯科衛生士新着,町田ごうデンタルクリニック,神奈川県,月給29万円～44万円,正社員,歯科,求人ボックス,https://xn--pckua2a7gp15o89zb.com/jb/b96e16a6568394ceaad68c64483bc72e,True,7時間前,2026-10-03 04:53:51,神奈川県
歯科衛生士／WHITE DENTAL OFFICE新着,医療法人社団祥育会,神奈川県,"月給25万5,000円",正社員,歯科,求人ボックス,https://xn--pckua2a7gp15o89zb.com/jb/56509a715241e89523b97bdec8b249a1,True,7時間前,2026-10-03 04:53:52,神奈川県
歯科助手／湘南台西口より徒歩2分 週休2日休み!充実の福利厚生新着,医療法人社団志翔会 つだ歯科矯正歯科,神奈川県,月給24万円～35万円,正社員,歯科,求人ボックス,https://xn--pckua2a7gp15o89zb.com/jb/3864d6464a21feb3aa0753e1b007657f,True,2時間前,2026-10-03 04:53:52,神奈川県
週3日～ × 日勤のみOK!可能 介護職新着,株式会社ジャストファイン,神奈川県,"時給1,650円～1,800円",派遣社員,歯科,求人ボックス,https://xn--pckua2a7gp15o89zb.com/jb/bf17315660c22cb2b6fa1ac94bb860fa,True,10時間前,2026-10-03 04:53:52,神奈川県
受付秘書・歯科助手・社会保険完備の職場で歯科助手新着,藤沢口腔管理株式会社,神奈川県,月給25万円～35万円,正社員,歯科,求人ボックス,https://xn--pckua2a7gp15o89zb.com/jb/82fa8903f7df34c3e3161f1f6a745dce,True,7時間前,2026-10-03 04:53:52,神奈川県
歯科助手／週休2日／日曜日+火曜日／+祝日休み 3連休も。 勤務は18:00まで新着,きうち歯科クリニック,神奈川県,"月給23万5,000円",正社員,歯科,求人ボックス,https://xn--pckua2a7gp15o89zb.com/jb/4569afccf8628cc04fb4065db6d55f20,True,2時間前,2026-10-03 04:53:52,神奈川県
正看護師／病棟 2交代新着,学校法人神奈川歯科大学,神奈川県,年収348万円～,正社員,歯科,求人ボックス,https://xn--pckua2a7gp15o89zb.com/jb/9bedc2a931961af4124c2538253eb713,True,8時間前,2026-10-03 04:53:56,神奈川県
受付業務などを行う歯科助手新着,あざみ野ガーデンズ歯科,神奈川県,"月給23万5,000円",正社員,歯科,求人ボックス,https://xn--pckua2a7gp15o89zb.com/jb/49fdf09a45e13f91eace6ea90ba07c0f,True,7時間前,2026-10-03 04:53:56,神奈川県
社会保険完備の職場で歯科医師新着,スマイレアデンタルクリニック,神奈川県,月給55万円～,正社員,歯科,求人ボックス,https://xn--pckua2a7gp15o89zb.com/jb/5370797bfeab3cd7939f33bb658c7d61,True,7時間前,2026-10-03 04:53:59,神奈川県
医療事務募集新着,歯科佐藤,神奈川県,月給24万円～,正社員,歯科,求人ボックス,https://xn--pckua2a7gp15o89zb.com/jb/8c33864a584448ee91694d6d01c7865e,True,7時間前,2026-10-03 04:53:59,神奈川県
歯科衛生士／中田駅すぐ／週1日～・副業OK／経験浅い方・ブランクある方...新着,KIMI chan・歯科,神奈川県,"時給1,800円～",アルバイト・パート,歯科,求人ボックス,https://xn--pckua2a7gp15o89zb.com/jb/61908261dfc56a2a33e3d0fa11cc1a5e,True,2時間前,2026-10-03 04:53:59,神奈川県
歯科助手／急募!／未経験者も歓迎!働きやすい職場新着,医療法人社団清颯会 プラザ歯科医院,神奈川県,"時給1,600円～1,800円",アルバイト・パート,歯科,求人ボックス,https://xn--pckua2a7gp15o89zb.com/jb/1d8c0f2274da968fe27c7935fe7a172f,True,2時間前,2026-10-03 04:53:59,神奈川県
歯科助手／歯科助手経験者大歓迎!／ブランク・無資格・未経験でも大丈夫!／年齢不問／書類選考なし新着,医療法人社団高輪会,神奈川県,"時給1,279円～",アルバイト・パート,歯科,求人ボックス,https://xn--pckua2a7gp15o89zb.com/jb/069f0afbc2150016f308572694eb53b5,True,2時間前,2026-10-03 04:53:59,神奈川県
歯科助手／業務拡大のため一緒に頑張りましょう新着,医療法人エスティーアドバンス 大和駅前ファミリー...,神奈川県,"時給1,279円～1,400円",アルバイト・パート,歯科,求人ボックス,https://xn--pckua2a7gp15o89zb.com/jb/e489fae66fa2faf0b80bba49fc47d565,True,2時間前,2026-10-03 04:53:59,神奈川県
大手飲食店の店舗スタッフ 1年目から年収400万円以上新着,株式会社Progress Group,埼玉県,"月給22万9,500円",正社員,飲食,求人ボックス,https://xn--pckua2a7gp15o89zb.com/jb/7163137211d2f2fb072cbfe8e93851ee,True,10時間前,2026-10-03 04:53:33,埼玉県
3tトラックでの建築資材の配送ドライバー／長距離運転は基本ナシ／近県中心だから働きやすい新着,柳田運輸株式会社,埼玉県,月給34万円～60万円,正社員,飲食,求人ボックス,https://xn--pckua2a7gp15o89zb.com/jbn/0d4bf6087c5c4995ebf4ba4133606d3e,True,22時間前,2026-10-03 04:53:33,埼玉県
ペットグッズの販売・接客スタッフ／ペットフォレスト小平店安心して長く働ける／給与・昇給・賞与系新着,株式会社犬の家 ペットフォレスト小平店,埼玉県,月給22万円～30万円,正社員,飲食,求人ボックス,https://xn--pckua2a7gp15o89zb.com/jbn/6e79dad511102c2b094b58868018a54e,True,22時間前,2026-10-03 04:53:33,埼玉県
完全在宅／未経験可／問い合わせ窓口／年休125日以上新着,...経験不問/未経験者活躍中・第二新卒活躍中資格不問/無資格歓迎・ブランク歓迎・学歴不問ハローワークでお探しの方も歓迎 先輩たちの前職をご紹介! 営業、事務、販売,埼玉県,"月給25万2,000円",正社員,飲食,求人ボックス,https://xn--pckua2a7gp15o89zb.com/jbn/f89ad9b442ffdc546c25b60110dcdc84,True,10時間前,2026-10-03 04:53:33,埼玉県
完全在宅／未経験可／カスタマーサポート／年休125日以上新着,...経験不問/未経験者活躍中・第二新卒活躍中資格不問/無資格歓迎・ブランク歓迎・学歴不問ハローワークでお探しの方も歓迎 先輩たちの前職をご紹介! 営業、事務、販売,埼玉県,"月給24万3,000円",正社員,飲食,求人ボックス,https://xn--pckua2a7gp15o89zb.com/jbn/48c5ba4b4636e219c0792a8dbcad190a,True,9時間前,2026-10-03 04:53:33,埼玉県
事務職／総務事務／残業なし／服装髪型自由／賞与・昇給あり／ネイル・ピアス自由新着,<活かせる経験> 事務やデータ入力の業務経験 Excelスキル、PCの基本操作充実のスキルサポート体制があるため、アパレル販売、,埼玉県,月給20万円～50万円,正社員,飲食,求人ボックス,https://xn--pckua2a7gp15o89zb.com/jbn/b264478c04f873621f68f8230d4df807,True,6時間前,2026-10-03 04:53:34,埼玉県
事務職／総務事務／ネイル・ピアス自由／育休取得実績あり／20〜30代女性が活躍中／服装髪型自由新着,<活かせる経験> 事務やデータ入力の業務経験 Excelスキル、PCの基本操作充実のスキルサポート体制があるため、アパレル販売、,埼玉県,"月給22万5,000円",正社員,飲食,求人ボックス,https://xn--pckua2a7gp15o89zb.com/jbn/b205dc9851bb77973bfdfe83106b0688,True,6時間前,2026-10-03 04:53:34,埼玉県
バックオフィススタッフ／充実の研修で安心スタート!／完全週休2日制／未経験でも安心新着,<異業種からの転職者も活躍中!>アパレル販売、,埼玉県,月給23万500円,正社員,飲食,求人ボックス,https://xn--pckua2a7gp15o89zb.com/jbn/dc0bca1ab72d9f241de4626dee9c8394,True,8時間前,2026-10-03 04:53:37,埼玉県
バックオフィススタッフ／未経験でも安心／年間休日120日以上／充実の研修で安心スタート新着,<異業種からの転職者も活躍中!>アパレル販売、,埼玉県,月給23万500円,正社員,飲食,求人ボックス,https://xn--pckua2a7gp15o89zb.com/jbn/98bbbdde33239fe9304c883d294cc08c,True,8時間前,2026-10-03 04:53:37,埼玉県
事務職／充実の研修で安心スタート!／経験不問／教育体制あり／福利厚生充実新着,<異業種からの転職者も活躍中!>アパレル販売、,埼玉県,月給21万500円,正社員,飲食,求人ボックス,https://xn--pckua2a7gp15o89zb.com/jbn/611b3346316bf486a551a005e793b52c,True,8時間前,2026-10-03 04:53:37,埼玉県
「リモート可」未経験採用枠／営業事務／年間休日125日以上新着,スタッフ,埼玉県,"月給25万1,000円",正社員,飲食,求人ボックス,https://xn--pckua2a7gp15o89zb.com/jbn/c78375bd65b205632be0188a427cda82,True,10時間前,2026-10-03 04:53:37,埼玉県
「事務アシスタント」／30代活躍中／充実の研修で安心スタート!／福利厚生充実／高収入新着,スタッフ,埼玉県,月給23万円～50万円,正社員,飲食,求人ボックス,https://xn--pckua2a7gp15o89zb.com/jbn/9c749ab256df6f25d81bc591b5a013dc,True,6時間前,2026-10-03 04:53:37,埼玉県
事務アシスタント／20代活躍中／年間休日120日以上／充実の研修で安心スタート新着,<異業種からの転職者も活躍中!>アパレル販売、,埼玉県,月給20万500円,正社員,飲食,求人ボックス,https://xn--pckua2a7gp15o89zb.com/jbn/dfac360eb9662303304683792e8cc858,True,8時間前,2026-10-03 04:53:37,埼玉県
「オフィススタッフ」／充実の研修で安心スタート!／教育体制あり／若い者歓迎／残業少なめ／サポート業務新着,アパレル販売、,埼玉県,"月給22万5,000円",正社員,飲食,求人ボックス,https://xn--pckua2a7gp15o89zb.com/jbn/71dff701739b08aac1b4fdd98b205387,True,6時間前,2026-10-03 04:53:37,埼玉県
リモート可／未経験可／営業アシスタント／年休125日以上新着,スタッフ,埼玉県,月給24万円～40万円,正社員,飲食,求人ボックス,https://xn--pckua2a7gp15o89zb.com/jbn/50baec653cf2600996dd3293cc4ac791,True,9時間前,2026-10-03 04:53:37,埼玉県
「オフィススタッフ」／充実の研修で安心スタート!／完全週休2日制／職種未経験歓迎／残業少なめ新着,スタッフ,埼玉県,"月給21万5,000円",正社員,飲食,求人ボックス,https://xn--pckua2a7gp15o89zb.com/jbn/8db42dc99fff5e4eb693760ea4c63b4f,True,6時間前,2026-10-03 04:53:41,埼玉県
事務アシスタント／30代活躍中／福利厚生充実／充実の研修で安心スタート新着,<異業種からの転職者も活躍中!>アパレル販売、,埼玉県,月給19万500円,正社員,飲食,求人ボックス,https://xn--pckua2a7gp15o89zb.com/jbn/3722d52e7e482aa16b4fe81c237f6936,True,8時間前,2026-10-03 04:53:41,埼玉県
事務職／営業事務／年間休日125日以上／駅近／服装・髪型自由／ネイル・ピアスOK新着,20代・30代の若手世代がイキイキと活躍する職場です!接客業、,埼玉県,月給19万円～50万円,正社員,飲食,求人ボックス,https://xn--pckua2a7gp15o89zb.com/jbn/a504d150890e8c921876d228a851d8d7,True,6時間前,2026-10-03 04:53:41,埼玉県
事務職／営業事務／未経験OK／育休取得実績あり／家庭と両立しやすい職場／賞与・昇給あり新着,これまでの学歴や職歴、ブランクは一切問いません。ハローワークで求職中の方も大歓迎です。アパレル販売、,埼玉県,"月給22万2,500円",正社員,飲食,求人ボックス,https://xn--pckua2a7gp15o89zb.com/jbn/b664c883593c21343d4d36af36f7105e,True,6時間前,2026-10-03 04:53:41,埼玉県
「事務職」／充実の研修で安心スタート!／若い者歓迎／福利厚生充実／教育体制あり／残業少なめ新着,アパレル販売、,埼玉県,月給23万円～50万円,正社員,飲食,求人ボックス,https://xn--pckua2a7gp15o89zb.com/jbn/8b722c270affe9062de2f885e7ccdab2,True,6時間前,2026-10-03 04:53:41,埼玉県
事務職／総務事務／産休・育休取得実績多数／駅近／20代女性活躍中／賞与・昇給あり新着,これまでの学歴や職歴、ブランクは一切問いません。ハローワークで求職中の方も大歓迎です。アパレル販売、,埼玉県,月給23万円～50万円,正社員,飲食,求人ボックス,https://xn--pckua2a7gp15o89zb.com/jbn/c14daaae985679418759e25846bb3fac,True,6時間前,2026-10-03 04:53:43,埼玉県
事務職／充実の研修で安心スタート!／経験不問／若手中心／完全週休2日制新着,<異業種からの転職者も活躍中!>アパレル販売、,埼玉県,月給23万500円,正社員,飲食,求人ボックス,https://xn--pckua2a7gp15o89zb.com/jbn/dd1479c4c67f0db2042f8a11fd9ade7d,True,8時間前,2026-10-03 04:53:43,埼玉県
事務アシスタント／20代活躍中／充実の研修で安心スタート!／福利厚生充実新着,<異業種からの転職者も活躍中!>アパレル販売、,埼玉県,月給23万500円,正社員,飲食,求人ボックス,https://xn--pckua2a7gp15o89zb.com/jbn/099e0c283b6f1a731150f22d895fd632,True,8時間前,2026-10-03 04:53:43,埼玉県
事務アシスタント／20代活躍中／充実の研修で安心スタート!／完全週休2日制新着,<異業種からの転職者も活躍中!>アパレル販売、,埼玉県,月給23万500円,正社員,飲食,求人ボックス,https://xn--pckua2a7gp15o89zb.com/jbn/c3b1ae953094075c12feb61881fa96bc,True,8時間前,2026-10-03 04:53:43,埼玉県
受付・データ入力スタッフ／若手中心／充実の研修で安心スタート!／丁寧な教育体制新着,<異業種からの転職者も活躍中!>アパレル販売、,埼玉県,月給23万500円,正社員,飲食,求人ボックス,https://xn--pckua2a7gp15o89zb.com/jbn/7ec351ae8e91f9855e629d2fcb88131d,True,8時間前,2026-10-03 04:53:43,埼玉県
事務アシスタント／30代活躍中／充実の研修で安心スタート!／教育体制あり新着,<異業種からの転職者も活躍中!>アパレル販売、,埼玉県,月給19万500円,正社員,飲食,求人ボックス,https://xn--pckua2a7gp15o89zb.com/jbn/d7905b8e02045b8d7f6b47d1ce4a9696,True,8時間前,2026-10-03 04:53:43,埼玉県
受付・データ入力スタッフ／若手中心／充実の研修で安心スタート!／教育体制あり新着,<異業種からの転職者も活躍中!>アパレル販売、,埼玉県,月給23万500円,正社員,飲食,求人ボックス,https://xn--pckua2a7gp15o89zb.com/jbn/06cb4e29b99d464749367943a493bc94,True,8時間前,2026-10-03 04:53:43,埼玉県
リモート可／未経験可／営業事務／年休125日以上新着,スタッフ,埼玉県,"月給23万7,100円",正社員,飲食,求人ボックス,https://xn--pckua2a7gp15o89zb.com/jbn/5c2f2e39c7b6aab3dd1b091ade78810c,True,9時間前,2026-10-03 04:53:46,埼玉県
バックオフィススタッフ／充実の研修で安心スタート!／完全週休2日制／若い者歓迎新着,<異業種からの転職者も活躍中!>アパレル販売、,埼玉県,月給23万500円,正社員,飲食,求人ボックス,https://xn--pckua2a7gp15o89zb.com/jbn/c5278be6f1a46d152651eb44529cdb6f,True,8時間前,2026-10-03 04:53:46,埼玉県
受付・データ入力スタッフ／充実の研修で安心スタート!／丁寧な教育体制／未経験OK新着,<異業種からの転職者も活躍中!>アパレル販売、,埼玉県,月給19万500円,正社員,飲食,求人ボックス,https://xn--pckua2a7gp15o89zb.com/jbn/f6298dbd135c60846d23fa2d77eb879e,True,8時間前,2026-10-03 04:53:46,埼玉県
「オフィスワーク」／事務スタッフ／年間休日120日以上／若い者歓迎／充実の研修で安心スタート新着,前職は美容部員や携帯ショップ店員、,埼玉県,月給23万円～50万円,正社員,飲食,求人ボックス,https://xn--pckua2a7gp15o89zb.com/jbn/9ddf51e93eca6f8d456c112de790bed0,True,6時間前,2026-10-03 04:53:46,埼玉県
事務職／充実の研修で安心スタート!／経験不問／福利厚生充実／完全週休2日制新着,<異業種からの転職者も活躍中!>アパレル販売、,埼玉県,月給20万500円,正社員,飲食,求人ボックス,https://xn--pckua2a7gp15o89zb.com/jbn/f14fef2dabbd77109adfc28261511939,True,8時間前,2026-10-03 04:53:46,埼玉県
事務職／充実の研修で安心スタート／完全週休2日制／福利厚生充実新着,<異業種からの転職者も活躍中!>アパレル販売、,埼玉県,月給23万500円,正社員,飲食,求人ボックス,https://xn--pckua2a7gp15o89zb.com/jbn/944203581bcde23d60f0d3946cf9b14e,True,8時間前,2026-10-03 04:53:46,埼玉県
「事務アシスタント」／充実の研修で安心スタート!／完全週休2日制／30代活躍中／高収入新着,飲食,埼玉県,月給20万円～50万円,正社員,飲食,求人ボックス,https://xn--pckua2a7gp15o89zb.com/jbn/4d1b022a5a1dc72b79f1b1fe1186e9d5,True,6時間前,2026-10-03 04:53:49,埼玉県
受付・データ入力スタッフ／丁寧な教育体制／完全週休2日制／福利厚生充実新着,<異業種からの転職者も活躍中!>アパレル販売、,埼玉県,月給23万500円,正社員,飲食,求人ボックス,https://xn--pckua2a7gp15o89zb.com/jbn/af533abc26c5a34d469861c02eb8ccb0,True,8時間前,2026-10-03 04:53:49,埼玉県
「事務アシスタント」／充実の研修で安心スタート!／残業月10時間以下／土日祝休み新着,<前職はさまざま>,埼玉県,月給23万円～50万円,正社員,飲食,求人ボックス,https://xn--pckua2a7gp15o89zb.com/jbn/e0aac92196d42c50747e554a7dcc7eab,True,6時間前,2026-10-03 04:53:49,埼玉県
事務職／充実の研修で安心スタート／福利厚生充実／教育体制あり新着,<異業種からの転職者も活躍中!>アパレル販売、,埼玉県,月給23万500円,正社員,飲食,求人ボックス,https://xn--pckua2a7gp15o89zb.com/jbn/93d5458f9f1008962370a4dfab5f1ae7,True,8時間前,2026-10-03 04:53:49,埼玉県
事務アシスタント／30代活躍中／充実の研修で安心スタート!／完全週休2日制新着,<異業種からの転職者も活躍中!>アパレル販売、,埼玉県,月給19万500円,正社員,飲食,求人ボックス,https://xn--pckua2a7gp15o89zb.com/jbn/2b18ee926c65eb4412a939297dfea9ec,True,8時間前,2026-10-03 04:53:49,埼玉県
事務職／充実の研修で安心スタート!／若手中心／教育体制あり／福利厚生充実新着,<異業種からの転職者も活躍中!>アパレル販売、,埼玉県,月給19万500円,正社員,飲食,求人ボックス,https://xn--pckua2a7gp15o89zb.com/jbn/c5e3cc06514293a0028712c20f79ab1e,True,8時間前,2026-10-03 04:53:49,埼玉県
バックオフィススタッフ／未経験でも安心／年間休日120日以上／若い者歓迎新着,<異業種からの転職者も活躍中!>アパレル販売、,埼玉県,月給23万500円,正社員,飲食,求人ボックス,https://xn--pckua2a7gp15o89zb.com/jbn/7d1d17696ee5dbab076220cddd3100ba,True,8時間前,2026-10-03 04:53:49,埼玉県
積極採用中!大学病院でのリネン管理スタッフ新着,株式会社日本教育クリエイト,埼玉県,"時給1,196円～1,200円",派遣社員,飲食,求人ボックス,https://xn--pckua2a7gp15o89zb.com/jbn/69d4a1c30fc3c03ebe6f1e3d42b8b75a,True,23時間前,2026-10-03 04:53:52,埼玉県
「看護補助スタッフ」未経験・無資格OK／賞与年2回／3ヶ月分／20-50代活躍中新着,東和病院,埼玉県,月給24万円～26万円,正社員,飲食,求人ボックス,https://xn--pckua2a7gp15o89zb.com/jbn/9f94099953d6726c89cea0160761bd07,True,10時間前,2026-10-03 04:53:52,埼玉県
事務アシスタント／20代活躍中／完全週休2日制／充実の研修で安心スタート新着,<異業種からの転職者も活躍中!>アパレル販売、,埼玉県,月給21万500円,正社員,飲食,求人ボックス,https://xn--pckua2a7gp15o89zb.com/jbn/eeccf6377fb39dd6038f0d19d6068f51,True,8時間前,2026-10-03 04:53:52,埼玉県
「事務職」／充実の研修で安心スタート!／経験不問／福利厚生充実／教育体制あり／残業少なめ新着,飲食,埼玉県,月給23万円～50万円,正社員,飲食,求人ボックス,https://xn--pckua2a7gp15o89zb.com/jbn/0b3c3e9aa2f94d02fa285615c383c39e,True,6時間前,2026-10-03 04:53:52,埼玉県
"急募!／宅配より始めやすい!川越市フード配送／日額15,000円保証+歩合新着",五ツ星ロジ株式会社,埼玉県,"日給1万5,000円",アルバイト・パート,飲食,求人ボックス,https://xn--pckua2a7gp15o89zb.com/jbi/c50fad8bfe0ae919160c61b090d72981,True,21時間前,2026-10-03 04:53:52,埼玉県
「介護職員」資格取得支援あり／20-50代活躍中／未経験スタート歓迎／住宅手当・生活手当あり新着,介護老人福祉施設 ベルホーム,埼玉県,月給25万円～28万円,正社員,飲食,求人ボックス,https://xn--pckua2a7gp15o89zb.com/jbn/1971d3040b8d6136bb6f716a5197baee,True,10時間前,2026-10-03 04:53:52,埼玉県
「事務アシスタント」／充実の研修で安心スタート!／残業月10時間以下／MAX給与50万可能新着,スタッフ,埼玉県,月給23万円～50万円,正社員,飲食,求人ボックス,https://xn--pckua2a7gp15o89zb.com/jbn/7e0a00ee76dd0d34bd8a08ae172a5e59,True,6時間前,2026-10-03 04:53:55,埼玉県
「データ入力・事務」／ブランクOK／充実の研修で安心スタート!／若い者歓迎／残業少なめ／サポート業務新着,スタッフ,埼玉県,"月給22万5,000円",正社員,飲食,求人ボックス,https://xn--pckua2a7gp15o89zb.com/jbn/a96e45898a8c1e6e7a756e05db01290b,True,6時間前,2026-10-03 04:53:55,埼玉県
「オフィススタッフ」／充実の研修で安心スタート!／教育体制あり／職種未経験歓迎／残業少なめ新着,飲食,埼玉県,"月給22万5,000円",正社員,飲食,求人ボックス,https://xn--pckua2a7gp15o89zb.com/jbn/b575894d82d59a109562bc7738fa12be,True,6時間前,2026-10-03 04:53:55,埼玉県
「事務職」／充実の研修で安心スタート!／若い者歓迎／福利厚生充実／経験不問／残業少なめ新着,飲食,埼玉県,月給23万円～50万円,正社員,飲食,求人ボックス,https://xn--pckua2a7gp15o89zb.com/jbn/06c422df32e7d500a36205ab72bcde21,True,6時間前,2026-10-03 04:53:55,埼玉県
「オフィススタッフ」／充実の研修で安心スタート!／教育体制あり／福利厚生充実／残業少なめ新着,飲食,埼玉県,"月給22万5,000円",正社員,飲食,求人ボックス,https://xn--pckua2a7gp15o89zb.com/jbn/03ce11f9154b9aa5e64148fda25b2059,True,6時間前,2026-10-03 04:53:55,埼玉県
「研修から安心スタート」／動作検証スタッフ／キャリアアップ支援／スキルアップ可能／完全週休2日制新着,スタッフ,埼玉県,"月給31万1,000円",正社員,飲食,求人ボックス,https://xn--pckua2a7gp15o89zb.com/jbn/166b5649891ab27744751994cb50825d,True,11時間前,2026-10-03 04:53:55,埼玉県
「IT業界デビュー歓迎」／品質管理サポート／賞与あり／土日祝休み／完全週休2日制新着,...難しい知識が不要で、プレイヤー目線が活かせる仕事として選択。 「PCは普段使いレベル。でもIT業界に挑戦したい」と入社した元,埼玉県,月給32万円～38万,正社員,飲食,求人ボックス,https://xn--pckua2a7gp15o89zb.com/jbn/bbc7b29db8ca76b6c7401a628f344fe9,True,11時間前,2026-10-03 04:53:59,埼玉県
「チェック中心で始めやすい」／システムチェックスタッフ／PC基礎からOK／賞与あり新着,スタッフ,埼玉県,"月給32万2,000円",正社員,飲食,求人ボックス,https://xn--pckua2a7gp15o89zb.com/jbn/24ef7e52a10731c9d96e0c53a7ce208a,True,11時間前,2026-10-03 04:53:59,埼玉県
「正社員デビュー応援」／ソフトウェアテスター／有給取得率90%以上／年間休日125日以上新着,...難しい知識が不要で、プレイヤー目線が活かせる仕事として選択。 「PCは普段使いレベル。でもIT業界に挑戦したい」と入社した元,埼玉県,"月給30万4,000円",正社員,飲食,求人ボックス,https://xn--pckua2a7gp15o89zb.com/jbn/67d1f0eeca1d47c42331aece71cf598b,True,11時間前,2026-10-03 04:53:59,埼玉県
「普段のスマホ経験が活かせる」／検証スタッフ／未経験歓迎／人柄重視／キャリアアップ支援新着,スタッフ,埼玉県,"月給31万3,000円",正社員,飲食,求人ボックス,https://xn--pckua2a7gp15o89zb.com/jbn/f97adf6c2141ea2f1201e0e8e48fb080,True,11時間前,2026-10-03 04:53:59,埼玉県
「人気サービスの裏側へ」／品質チェックスタッフ／残業少なめ／未経験歓迎／PC基礎からOK新着,スタッフ,埼玉県,"月給31万8,000円",正社員,飲食,求人ボックス,https://xn--pckua2a7gp15o89zb.com/jbn/e0caa97a9819503e020515ee1a916b42,True,11時間前,2026-10-03 04:53:59,埼玉県
事務職／営業事務／有給休暇あり／20〜30代女性活躍中／賞与・昇給あり／産休あり新着,現在活躍中の先輩たちの前職も、カフェ店員、アパレル販売、軽作業,埼玉県,"月給21万5,000円",正社員,飲食,求人ボックス,https://xn--pckua2a7gp15o89zb.com/jbn/0eb765e096e19fc06dfb68f158df2d9b,True,6時間前,2026-10-03 04:53:59,埼玉県
介護職／夜勤アルバイト／人気の夜勤アルバイト!回数により曜日固定相談O...新着,介護老人保健施設ソフィア横浜,神奈川県,"日給2万6,500円",アルバイト・パート,介護,求人ボックス,https://xn--pckua2a7gp15o89zb.com/jb/4f1fe1264c611503ce1dce64697ce18d,True,18時間前,2026-10-03 04:53:57,神奈川県
老健での介護職求人 派遣介護士／夜勤専従募集!早い者勝ち 短期OK新着,株式会社グッドネクスト,神奈川県,"時給1,500円",派遣社員,介護,求人ボックス,https://xn--pckua2a7gp15o89zb.com/jb/fad6ced614b6675ecdd5cd47574d4200,True,23時間前,2026-10-03 04:53:57,神奈川県
20～30代活躍中／実務者研修修了者必須 未経験OK 横須賀市のデイケアの介護職 研修あり新着,株式会社ゲートフォース,神奈川県,月給20万円～25万円,正社員,介護,求人ボックス,https://xn--pckua2a7gp15o89zb.com/jb/4b71b4fdb64cf7e98c98260499a25d33,True,13時間前,2026-10-03 04:53:57,神奈川県
介護職でプライベートも充実!同世代活躍中の働きやすさ新着,株式会社創生事業団,神奈川県,月給26万円,正社員,介護,求人ボックス,https://xn--pckua2a7gp15o89zb.com/jb/d668b07716329c4431cacde0c038017e,True,14時間前,2026-10-03 04:53:57,神奈川県
上倉田町／夜勤なし!賞与あり!ベネッセの介護職／月収27万円新着,株式会社ベネッセスタイルケア,神奈川県,"月給27万2,363円",契約社員,介護,求人ボックス,https://xn--pckua2a7gp15o89zb.com/jb/24619e6cddc97b23966769ba78ebbb25,True,17時間前,2026-10-03 04:53:57,神奈川県
介護職員／初任者研修／残業ほぼなし／住宅型有料老人ホームの介護職新着,株式会社ヘルシーサービス／ガーデンコート平塚,神奈川県,"月給23万7,990円",正社員,介護,求人ボックス,https://xn--pckua2a7gp15o89zb.com/jb/14674c0c7d7e4f40f3a28e03a55ba8b0,True,4時間前,2026-10-03 04:54:00,神奈川県
介護老人保健施設の介護職・ヘルパー／夜勤のみ／勤務日数検討可能新着,jobフレンド,神奈川県,"時給1,492円～1,621円",アルバイト・パート,介護,求人ボックス,https://xn--pckua2a7gp15o89zb.com/jb/e3ac35d593d6bb8cab548c0dda823efe,True,22時間前,2026-10-03 04:54:04,神奈川県
週3日～ × 日勤のみOK!可能 介護職新着,株式会社ジャストファイン,神奈川県,"時給1,650円～1,800円",派遣社員,介護,求人ボックス,https://xn--pckua2a7gp15o89zb.com/jb/16b9afa8a75aa8b666275029932d91d8,True,10時間前,2026-10-03 04:54:04,神奈川県
ヘルパー・介護職／老人デイサービスセンター／社会保険完備／福利厚生充実新着,株式会社DYMキャリア,神奈川県,"時給1,500円～2,100円",派遣社員,介護,求人ボックス,https://xn--pckua2a7gp15o89zb.com/jb/798aa9e832d9f6ed848468cb69342897,True,20時間前,2026-10-03 04:54:04,神奈川県
デイケアスタッフ・無資格可の介護職／ヘルパー新着,介護老人保健施設ほほえみの郷横浜,神奈川県,"時給1,368円～1,423円",アルバイト・パート,介護,求人ボックス,https://xn--pckua2a7gp15o89zb.com/jb/339b59a9c79a26728bb813880c919512,True,7時間前,2026-10-03 04:54:04,神奈川県
通所介護・デイサービス勤務の介護職／ヘルパー新着,デイサービスふる里,神奈川県,"時給1,539円～1,589円",アルバイト・パート,介護,求人ボックス,https://xn--pckua2a7gp15o89zb.com/jb/207c4fd8ca7ae5833d2a4ff8c9ecdc72,True,7時間前,2026-10-03 04:54:08,神奈川県
介護職／グループホーム新着,グループホームフローレンスケアたかつ,神奈川県,"時給1,439円～",アルバイト・パート,介護,求人ボックス,https://xn--pckua2a7gp15o89zb.com/jb/15014841163c8dbff819bef9b25fb677,True,22時間前,2026-10-03 04:54:08,神奈川県
介護職／7104新着,セントケア神奈川株式会社,神奈川県,"時給1,285円",アルバイト・パート,介護,求人ボックス,https://xn--pckua2a7gp15o89zb.com/jb/02fdca35434828d015a7d6cfc2a408f6,True,13時間前,2026-10-03 04:54:11,神奈川県
無資格可の介護職／ヘルパー新着,グループホーム チェリーホーム,神奈川県,"時給1,279円～1,300円",アルバイト・パート,介護,求人ボックス,https://xn--pckua2a7gp15o89zb.com/jb/c0197b1ff07b00d10e63f5618f4be493,True,7時間前,2026-10-03 04:54:11,神奈川県
社会保険完備の職場で介護職／ヘルパー新着,フォンテーヌ相模原東淵野辺,神奈川県,"時給1,646円～1,796円",アルバイト・パート,介護,求人ボックス,https://xn--pckua2a7gp15o89zb.com/jb/bf5c30e2a44cb1d34ee225abacf4103c,True,7時間前,2026-10-03 04:54:11,神奈川県
ケアアテンダント・介護士・社会保険完備の職場で介護職／ヘルパー新着,グッドタイム リビング センター南,神奈川県,"時給1,770円～1,830円",アルバイト・パート,介護,求人ボックス,https://xn--pckua2a7gp15o89zb.com/jb/b6218b56eee9f91c90f9faa83aafeef2,True,7時間前,2026-10-03 04:54:14,神奈川県
ケアアテンダント／介護職・社会保険完備の職場で介護職／ヘルパー新着,グッドタイム リビング 長津田みなみ台,神奈川県,"時給1,770円～1,830円",アルバイト・パート,介護,求人ボックス,https://xn--pckua2a7gp15o89zb.com/jb/bb526177b012eec4225530f5f2869627,True,7時間前,2026-10-03 04:54:14,神奈川県
介護職／施設見学随時可／年間休日120日以上／賞与年3回新着,医療法人大樹会 介護老人保健施設 ふれあいの桜,神奈川県,"月給26万4,500円",正社員,介護,求人ボックス,https://xn--pckua2a7gp15o89zb.com/jb/65030e7f24888484e968f1968e71272d,True,4時間前,2026-10-03 04:54:17,神奈川県
介護職員・社会保険完備の職場で介護職／ヘルパー新着,看護小規模多機能支え合い,神奈川県,月給24万円～36万円,正社員,介護,求人ボックス,https://xn--pckua2a7gp15o89zb.com/jb/74c2fdfc8f615ae44f97b7d957d2c3be,True,7時間前,2026-10-03 04:54:17,神奈川県
介護職／住宅型有料老人ホーム新着,東山株式会社,神奈川県,"時給1,600円～2,000円",派遣社員,介護,求人ボックス,https://xn--pckua2a7gp15o89zb.com/jb/9fc7868ad37a23cef329a7f55041cc3a,True,23時間前,2026-10-03 04:54:20,神奈川県
介護職／ヘルパー／駅チカ／ブランクOK新着,医療法人愛仁会,神奈川県,"時給1,196円～1,246円",アルバイト・パート,介護,求人ボックス,https://xn--pckua2a7gp15o89zb.com/jb/4e1352cdc72d958509f29a8c469fd571,True,13時間前,2026-10-03 04:54:20,神奈川県
20～40代活躍中／運動のサポートなど 介護職 期間限定 宮前区のケア...新着,株式会社マンキャピタル,神奈川県,"時給1,900円～2,100円",派遣社員,介護,求人ボックス,https://xn--pckua2a7gp15o89zb.com/jb/7f4a0ea8f726c154600d816b0bca65be,True,13時間前,2026-10-03 04:54:25,神奈川県
介護職新着,株式会社リクルートスタッフィング,神奈川県,"時給1,800円～",派遣社員,介護,求人ボックス,https://xn--pckua2a7gp15o89zb.com/jb/fec31902b68ad8a28676cc980caf5b41,True,11時間前,2026-10-03 04:54:25,神奈川県
積極採用中!総合病院での医療事務新着,株式会社日本教育クリエイト,神奈川県,"時給1,400円",派遣社員,医療事務,求人ボックス,https://xn--pckua2a7gp15o89zb.com/jbn/a8b24c97feb25201a6502bfa21d4376e,True,23時間前,2026-10-03 04:54:01,神奈川県
医療事務／クリニック新着,いしずえ整形外科,神奈川県,月給22万円～,正社員,医療事務,求人ボックス,https://xn--pckua2a7gp15o89zb.com/jb/661f03f90988aba479d7f882070eb805,True,10時間前,2026-10-03 04:54:01,神奈川県
医療事務／クリニック新着,医療法人社団早雲会 北条クリニック はしもと,神奈川県,"月給12万5,000円",正社員,医療事務,求人ボックス,https://xn--pckua2a7gp15o89zb.com/jb/9fc401b5922672abc1c0daa4c31d0f3c,True,10時間前,2026-10-03 04:54:01,神奈川県
医療事務／クリニック新着,東戸塚はまゆめ内科,神奈川県,月給22万円,正社員,医療事務,求人ボックス,https://xn--pckua2a7gp15o89zb.com/jb/0678a2452873a27c3c52e5abc7f1ffe9,True,9時間前,2026-10-03 04:54:02,神奈川県
訪問診療アシスタント・社会保険完備の職場で医療事務／受付新着,さがみはらファミリークリニック,神奈川県,"月給23万1,000円",正社員,医療事務,求人ボックス,https://xn--pckua2a7gp15o89zb.com/jb/066a0c6b740bb562fd11ac42ab0eceea,True,7時間前,2026-10-03 04:54:05,神奈川県
医療事務／クリニック新着,医療法人社団はやぶさ みずじゅんクリニック,神奈川県,月給20万円,正社員,医療事務,求人ボックス,https://xn--pckua2a7gp15o89zb.com/jb/707186bb9a107e2bbac2e8ab87918a45,True,10時間前,2026-10-03 04:54:05,神奈川県
医療事務／クリニック新着,みどりクリニック川崎,神奈川県,月給24万円～,,医療事務,求人ボックス,https://xn--pckua2a7gp15o89zb.com/jb/88ec3009ffa83578c34303f5287571e6,True,9時間前,2026-10-03 04:54:05,神奈川県
医療事務 水・日祝休み PC使える方新着,社会福祉法人若竹大寿会,神奈川県,"月給21万5,000円",正社員,医療事務,求人ボックス,https://xn--pckua2a7gp15o89zb.com/jb/66f69c8a7e9a7a86661bf6e4b54a7f92,True,13時間前,2026-10-03 04:54:05,神奈川県
医療事務／クリニック新着,医療法人社団菜愛会 つちはし整形外科リウマチ科,神奈川県,月給21万円～27万円,正社員,医療事務,求人ボックス,https://xn--pckua2a7gp15o89zb.com/jb/c671c761efbc897584fd5b6d09586105,True,9時間前,2026-10-03 04:54:09,神奈川県
医療事務を限定1名で募集新着,株式会社クラスターメディカル,神奈川県,月給25万円～,正社員,医療事務,求人ボックス,https://xn--pckua2a7gp15o89zb.com/jb/2acf6d264ee289341036c0cbf2da1e7b,True,9時間前,2026-10-03 04:54:09,神奈川県
車通勤可能 医療事務経験を活かした事務新着,マンパワーグループ株式会社,神奈川県,"時給1,600円",正社員,医療事務,求人ボックス,https://xn--pckua2a7gp15o89zb.com/jb/dda3f453e4b111de350b6f89a5311417,True,8時間前,2026-10-03 04:54:12,神奈川県
レセプト業務 ／ 医療関係業務／土日祝休み:医療事務 時給1600円新着,パーソルテンプスタッフ株式会社,神奈川県,時給1600円,派遣社員,医療事務,求人ボックス,https://xn--pckua2a7gp15o89zb.com/jb/9ff19fb67ccc3de68448b84aaf684c53,True,23時間前,2026-10-03 04:54:16,神奈川県
11月高時給1700円 医療事務!残業ほぼなし新着,株式会社スタッフサービス,神奈川県,時給1700円,派遣社員,医療事務,求人ボックス,https://xn--pckua2a7gp15o89zb.com/jb/5cda091103543add1b65a5be378ea13b,True,16時間前,2026-10-03 04:54:19,神奈川県
健診事務・社会保険完備の職場で医療事務／受付新着,SMG東京本部健康管理センター,神奈川県,"月給19万5,500円",正社員,医療事務,求人ボックス,https://xn--pckua2a7gp15o89zb.com/jb/6c7fb78da6c7d3a1631633e4d366ae6c,True,7時間前,2026-10-03 04:54:22,神奈川県
医療事務／調剤薬局新着,株式会社フィールドファーマシー 新成堂ヤマト薬局,神奈川県,月給22万円～27万円,正社員,医療事務,求人ボックス,https://xn--pckua2a7gp15o89zb.com/jb/f9c3fce869aa9831ea4bd05835ce901d,True,10時間前,2026-10-03 04:54:22,神奈川県
医療事務／一般病院新着,神奈川歯科大学附属病院,神奈川県,"月給19万7,100円",正社員,医療事務,求人ボックス,https://xn--pckua2a7gp15o89zb.com/jb/5d725f58bfd524b267cbcd0dbbf27099,True,10時間前,2026-10-03 04:54:25,神奈川県
医療事務／公的病院新着,公益社団法人地域医療振興協会 横須賀市立市民病院,神奈川県,"月給24万9,200円",正社員,医療事務,求人ボックス,https://xn--pckua2a7gp15o89zb.com/jb/ee96441911996dddc2c70a21e98da4ac,True,10時間前,2026-10-03 04:54:25,神奈川県
保育園での保育補助 派遣保育士／フリー保育士／遅番勤務／時短勤務もOK新着,株式会社グッドネクスト,神奈川県,"時給1,800円～2,000円",派遣社員,保育,求人ボックス,https://xn--pckua2a7gp15o89zb.com/jb/c9aaaa3ee3c3817cd299d970aa3f1e5a,True,23時間前,2026-10-03 04:54:02,神奈川県
児童発達支援での保育士新着,株式会社クラ・ゼミ コペルプラス小田原教室,神奈川県,月給28万円～,正社員,保育,求人ボックス,https://xn--pckua2a7gp15o89zb.com/jb/3f08b445f236f3777fdc130662f64968,True,9時間前,2026-10-03 04:54:02,神奈川県
保育士／年間休日数120日／土日祝休み 残業ほぼなし 賞与4.58ヶ月...新着,社会福祉法人多摩福祉会 多摩保育園,神奈川県,"月給21万4,300円",正社員,保育,求人ボックス,https://xn--pckua2a7gp15o89zb.com/jb/2678e913a90f8a4d3df50fc589571be6,True,2時間前,2026-10-03 04:54:03,神奈川県
子育て中のスタッフも活躍中!年間休日125日 企業主導型保育園の保育士...新着,株式会社エヌアセット,神奈川県,"月給23万8,000円",正社員,保育,求人ボックス,https://xn--pckua2a7gp15o89zb.com/jb/210533aabf0db192b7cc6a5a756cb35d,True,5時間前,2026-10-03 04:54:06,神奈川県
児童発達支援での保育士新着,株式会社クラ・ゼミ コペルプラス湘南台教室,神奈川県,"月給29万5,000円",正社員,保育,求人ボックス,https://xn--pckua2a7gp15o89zb.com/jb/92b0d4503316e2b0d5b7300f17daa748,True,9時間前,2026-10-03 04:54:10,神奈川県
「男女ともに活躍中」／保育士／ピアノ苦手OK／未経験歓迎新着,保育士,神奈川県,月給27万円～36万円,正社員,保育,求人ボックス,https://xn--pckua2a7gp15o89zb.com/jbn/7c2113a74759dcb2ac651f764219f223,True,16時間前,2026-10-03 04:54:10,神奈川県
「資格をそのまま活かせる職場」／認可保育園の保育士／研修充実新着,保育,神奈川県,"時給1,300円～1,500円",アルバイト・パート,保育,求人ボックス,https://xn--pckua2a7gp15o89zb.com/jbn/62d1bd39a68a45ad282d1a9db61d090e,True,16時間前,2026-10-03 04:54:10,神奈川県
「もう一度保育士として活躍したい方に」／認定こども園の保育士新着,保育士,神奈川県,月給27万円～36万円,正社員,保育,求人ボックス,https://xn--pckua2a7gp15o89zb.com/jbn/d49cc35a03a05f1c1f3885a9b39e72d7,True,16時間前,2026-10-03 04:54:13,神奈川県
「主婦・主夫の方も働きやすい」／事業所内保育園の保育士／未経験歓迎新着,保育,神奈川県,月給27万円～36万円,正社員,保育,求人ボックス,https://xn--pckua2a7gp15o89zb.com/jbn/28c414e78562ab1d87cfc1026937cd53,True,16時間前,2026-10-03 04:54:13,神奈川県
「もう一度子どもたちの成長に寄り添う」／認可保育園の保育士新着,保育,神奈川県,月給27万円～36万円,正社員,保育,求人ボックス,https://xn--pckua2a7gp15o89zb.com/jbn/8042bfa08ec31d398c489178eabef4a8,True,16時間前,2026-10-03 04:54:13,神奈川県
「もう一度保育の仕事を始めたい方に」／事業所内保育園の保育士新着,保育,神奈川県,月給27万円～36万円,正社員,保育,求人ボックス,https://xn--pckua2a7gp15o89zb.com/jbn/16c2be23092dcc5ae691bda37b71b791,True,16時間前,2026-10-03 04:54:18,神奈川県
「性別を問わず活躍中」／認定こども園の保育士／ICT導入で書類業務を削...新着,保育士,神奈川県,"時給1,300円～1,500円",アルバイト・パート,保育,求人ボックス,https://xn--pckua2a7gp15o89zb.com/jbn/e920860b28703b3d43292f471c3f406c,True,16時間前,2026-10-03 04:54:18,神奈川県
「応募後すぐに日程を調整」／認可保育園の保育士／未経験歓迎／複数担任制新着,保育,神奈川県,"時給1,300円～1,500円",アルバイト・パート,保育,求人ボックス,https://xn--pckua2a7gp15o89zb.com/jbn/de8373cdfcb5a41c42e985f47907fb0f,True,16時間前,2026-10-03 04:54:22,神奈川県
「男女ともに活躍中」／小規模保育園の保育士／書類少なめ／研修充実新着,保育,神奈川県,月給27万円～36万円,正社員,保育,求人ボックス,https://xn--pckua2a7gp15o89zb.com/jbn/b7cac3517b72d39b14cc87e41fbad4ca,True,16時間前,2026-10-03 04:54:22,神奈川県
「短い期間で入職できます」／保育士／未経験歓迎／ピアノ苦手OK新着,保育士,神奈川県,"時給1,300円～1,500円",アルバイト・パート,保育,求人ボックス,https://xn--pckua2a7gp15o89zb.com/jbn/c792f504d048d0241e00ff303b669c5e,True,16時間前,2026-10-03 04:54:26,神奈川県
「保育の経験を活かして働ける」／認可保育園の保育士／研修充実新着,保育,神奈川県,月給27万円～36万円,正社員,保育,求人ボックス,https://xn--pckua2a7gp15o89zb.com/jbn/86706489d4b7d55d77999d035e5fe0de,True,16時間前,2026-10-03 04:54:26,神奈川県
「もう一度、現場に戻りたい方へ」／事業所内保育園の保育士／ブランクOK新着,保育,神奈川県,"時給1,300円～1,500円",アルバイト・パート,保育,求人ボックス,https://xn--pckua2a7gp15o89zb.com/jbn/d3428ef10aa03b955ddfe26612bdb1de,True,16時間前,2026-10-03 04:54:29,神奈川県
「毎日の成長をそばで見守る」／保育士／未経験OK／研修充実／長期安定新着,保育士,神奈川県,"時給1,300円～1,500円",アルバイト・パート,保育,求人ボックス,https://xn--pckua2a7gp15o89zb.com/jbn/59439e0b73a1286ee85c80075e5fca36,True,16時間前,2026-10-03 04:54:29,神奈川県
「子育て世代も働きやすい環境」／認定こども園の保育士／ICT導入で書類...新着,保育士,神奈川県,月給27万円～36万円,正社員,保育,求人ボックス,https://xn--pckua2a7gp15o89zb.com/jbn/8131fc83348220099b0a4a316599a5c9,True,16時間前,2026-10-03 04:54:32,神奈川県
美容師／スタイリスト／コレクトイズム新着,有限会社イズム,神奈川県,月給25万580円,正社員,美容,求人ボックス,https://xn--pckua2a7gp15o89zb.com/jb/e523a7469cfd2bffa9190fcfff064846,True,7時間前,2026-10-03 04:54:28,神奈川県
美容師／アシスタント／アッシュ 高津店新着,株式会社I.next,神奈川県,月給23万円,正社員,美容,求人ボックス,https://xn--pckua2a7gp15o89zb.com/jb/dd826ddff177017d1227b32de5e34550,True,7時間前,2026-10-03 04:54:28,神奈川県
美容師／アシスタント／アロット 溝の口店新着,株式会社family,神奈川県,月給23万円,正社員,美容,求人ボックス,https://xn--pckua2a7gp15o89zb.com/jb/e3c7af275fded9503620db5bde7e19bf,True,7時間前,2026-10-03 04:54:28,神奈川県
美容師／アシスタント／ノラ カマクラ新着,株式会社NORA,神奈川県,"月給22万2,000円",正社員,美容,求人ボックス,https://xn--pckua2a7gp15o89zb.com/jb/735c5d3a537f861a79048ee18a3cc2c3,True,7時間前,2026-10-03 04:54:29,神奈川県
美容師／アシスタント／ナチュラル コレット新着,株式会社ケンジ,神奈川県,月給23万円,正社員,美容,求人ボックス,https://xn--pckua2a7gp15o89zb.com/jb/f3d58cda0987bdd1d654ae7a9cecb53a,True,7時間前,2026-10-03 04:54:29,神奈川県
スタイリスト・美容師・研修制度あり新着,CYAN大倉山,神奈川県,月給40万円,,美容,求人ボックス,https://xn--pckua2a7gp15o89zb.com/jb/5ec33327b07ab966b0a55db6f63c8009,True,7時間前,2026-10-03 04:54:29,神奈川県
美容師／アシスタント／アッシュ さがみ野店新着,株式会社arc core,神奈川県,月給23万円,正社員,美容,求人ボックス,https://xn--pckua2a7gp15o89zb.com/jb/b714e1bddc023666804f64314b549651,True,7時間前,2026-10-03 04:54:33,神奈川県
美容師／スタイリスト／アッシュ 保土ヶ谷店新着,株式会社D・C,神奈川県,月給26万円,正社員,美容,求人ボックス,https://xn--pckua2a7gp15o89zb.com/jb/e6b53550bcec091c9dd1169af4b998cc,True,7時間前,2026-10-03 04:54:33,神奈川県
美容師／スタイリスト／アッシュ 鶴ヶ峰1号店新着,株式会社Maxim,神奈川県,月給26万円,正社員,美容,求人ボックス,https://xn--pckua2a7gp15o89zb.com/jb/94b31c614e37e08cb69e55ec8450501f,True,7時間前,2026-10-03 04:54:36,神奈川県
美容師／スタイリスト／アッシュ 武蔵小杉店新着,株式会社integral,神奈川県,月給26万円,正社員,美容,求人ボックス,https://xn--pckua2a7gp15o89zb.com/jb/2e97c4d2f5441c30f4b261ae81d57150,True,7時間前,2026-10-03 04:54:36,神奈川県
美容師／アシスタント／アッシュ たまプラーザ店新着,株式会社Charm,神奈川県,月給23万円,正社員,美容,求人ボックス,https://xn--pckua2a7gp15o89zb.com/jb/922d73c2bd42f7112fa194c3aa5e9ac8,True,7時間前,2026-10-03 04:54:36,神奈川県
美容師／セット面15席未満 地域密着 美容院・美容室・ヘアサロン新着,株式会社エム・エイチ・プリュス,神奈川県,月給26万円～,正社員,美容,求人ボックス,https://xn--pckua2a7gp15o89zb.com/jb/68bd2d8ebd0837c11b75153530e1ee4c,True,8時間前,2026-10-03 04:54:36,神奈川県
オフィスワーク／充実の研修で安心スタート!／年間休日120日以上／完全週休2日制新着,実際に、コンビニの店員、倉庫内軽作業、,神奈川県,月給19万500円,正社員,美容,求人ボックス,https://xn--pckua2a7gp15o89zb.com/jbn/cc052f5622b3228be7194299e74df07f,True,8時間前,2026-10-03 04:54:41,神奈川県
オフィスワーク／充実の研修で安心スタート!／福利厚生充実／年間休日120日以上新着,実際に、コンビニの店員、倉庫内軽作業、,神奈川県,月給20万500円,正社員,美容,求人ボックス,https://xn--pckua2a7gp15o89zb.com/jbn/abad57934b87b6318e685e2f5b317bc4,True,8時間前,2026-10-03 04:54:41,神奈川県
未経験から年収1000万も!大手美容整体セラピスト／賞与年2回／完全週休2日／お祝金15万新着,株式会社ブラスト,神奈川県,月給26万円～100万円,正社員,美容,求人ボックス,https://xn--pckua2a7gp15o89zb.com/jb/6e23685523c6912a4c18ef4d721aae17,True,6時間前,2026-10-03 04:54:41,神奈川県
理美容師・その他美容関連新着,CONV,神奈川県,"月給24万1,150円",正社員,美容,求人ボックス,https://xn--pckua2a7gp15o89zb.com/jb/7e5c8d78dae23f4921ac3c91faf7e48f,True,4時間前,2026-10-03 04:54:41,神奈川県
事務職／充実の研修で安心スタート!／教育体制あり／完全週休2日制／若手中心新着,実際に、コンビニの店員、倉庫内軽作業、,神奈川県,"月給21万5,500円",正社員,美容,求人ボックス,https://xn--pckua2a7gp15o89zb.com/jbn/5cff1e05cd3957df17ab62bae403482d,True,8時間前,2026-10-03 04:54:43,神奈川県
オフィスワーク／充実の研修で安心スタート!／年間休日120日以上／若手中心新着,実際に、コンビニの店員、倉庫内軽作業、,神奈川県,月給19万500円,正社員,美容,求人ボックス,https://xn--pckua2a7gp15o89zb.com/jbn/d341d93a76be31c3cbe038c01f5ad79c,True,8時間前,2026-10-03 04:54:43,神奈川県
フルリモート／未経験可／データ入力／年休125日以上新着,職種・業界未経験歓迎→大体の方が未経験からスタートしてます! 前職は様々→飲食店、,神奈川県,"月給24万7,600円",正社員,美容,求人ボックス,https://xn--pckua2a7gp15o89zb.com/jbn/c84c155d24608d45d668cdc78d5bea38,True,9時間前,2026-10-03 04:54:43,神奈川県
完全在宅／データ入力／高収入／月給27万～新着,飲食店、,神奈川県,月給27万～,正社員,美容,求人ボックス,https://xn--pckua2a7gp15o89zb.com/jbn/f9fc3491c0ac82e78196b2bd22281088,True,10時間前,2026-10-03 04:54:48,神奈川県
完全在宅／事務／未経験OK／完全土日休み新着,飲食店、,神奈川県,月給27万900円,正社員,美容,求人ボックス,https://xn--pckua2a7gp15o89zb.com/jbn/ea8ca74417dc80f647c0c49207ffb018,True,10時間前,2026-10-03 04:54:48,神奈川県
データ入力・未経験OK「ネイルOK／服装自由」土日休み／残業なし「20代活躍中」新着,...前向きな気持ちで事務職に挑戦したい・仕事/プライベートのメリハリをつけたい・スキルを身につけて長期的に活躍したいー こんな前職の方が入社中ー接客業/販売業/飲食店/保育士/看護師ネイリスト/トリ,神奈川県,"月給23万2,500円",正社員,美容,求人ボックス,https://xn--pckua2a7gp15o89zb.com/jbn/37630ce64fa2ec30cc3c2f74eaed6028,True,23時間前,2026-10-03 04:54:48,神奈川県
完全在宅／事務／未経験OK／年間休日123日新着,飲食店、,神奈川県,"月給27万2,700円",正社員,美容,求人ボックス,https://xn--pckua2a7gp15o89zb.com/jbn/45fcfa6baf5457ac5f90d1571038fa3f,True,9時間前,2026-10-03 04:54:48,神奈川県
フルリモート／データ入力／高収入／年間休日123日新着,飲食店、,神奈川県,"月給27万1,100円",正社員,美容,求人ボックス,https://xn--pckua2a7gp15o89zb.com/jbn/51dd00946a16003c78950e729cf04d07,True,10時間前,2026-10-03 04:54:52,神奈川県
フルリモート／未経験可／一般事務／年休125日以上新着,職種・業界未経験歓迎→大体の方が未経験からスタートしてます! 前職は様々→飲食店、,神奈川県,"月給24万5,300円",正社員,美容,求人ボックス,https://xn--pckua2a7gp15o89zb.com/jbn/15605fed2729864ea423d248be93839a,True,9時間前,2026-10-03 04:54:56,神奈川県
完全在宅／データ入力／未経験OK／完全土日休み新着,飲食店、,神奈川県,"月給27万2,900円",正社員,美容,求人ボックス,https://xn--pckua2a7gp15o89zb.com/jbn/e25347b20e74dc263f0e7abe4ed4fbe5,True,9時間前,2026-10-03 04:54:56,神奈川県
完全在宅／事務／未経験OK／完全週休2日新着,飲食店、,神奈川県,"月給27万2,400円",正社員,美容,求人ボックス,https://xn--pckua2a7gp15o89zb.com/jbn/cab7ab2ea0a08da5ed54b1ee0fda0443,True,9時間前,2026-10-03 04:55:00,神奈川県
完全在宅／データ入力／高収入／完全土日休み新着,飲食店、,神奈川県,"月給27万2,900円",正社員,美容,求人ボックス,https://xn--pckua2a7gp15o89zb.com/jbn/1416b7436f470f7f3bc4955141f9a2b3,True,10時間前,2026-10-03 04:55:00,神奈川県
一般事務・未経験OK「ネイルOK・服装自由」土日休み・残業なし・20代活躍中新着,...前向きな気持ちで事務職に挑戦したい・仕事/プライベートのメリハリをつけたい・スキルを身につけて長期的に活躍したいー こんな前職の方が入社中ー接客業/販売業/飲食店/保育士/看護師ネイリスト/トリ,神奈川県,"月給23万2,500円",正社員,美容,求人ボックス,https://xn--pckua2a7gp15o89zb.com/jbn/3973e6ebc6d832e97007c08c33688716,True,22時間前,2026-10-03 04:55:00,神奈川県
受付事務 完全週休2日制・服装自由 20代活躍中・未経験歓迎／WEB選考新着,...前向きな気持ちで事務職デビューしたい方・仕事/プライベートのメリハリをつけたい方・スキル/資格を身につけ長期で活躍したい方ー こんな前職の方が入社中ー接客業/販売業/飲食/看護師/保育士/調理師,神奈川県,"月給23万2,500円",正社員,美容,求人ボックス,https://xn--pckua2a7gp15o89zb.com/jbn/8ab2a963994a8cf949b24aa9b44d943e,True,23時間前,2026-10-03 04:55:00,神奈川県
「予約制のタクシードライバー」週3日勤務で月収40万円以上／未経験OK／20代～50代が活躍中新着,建設,神奈川県,"月給40万4,000円",正社員,建設,求人ボックス,https://xn--pckua2a7gp15o89zb.com/jbn/3ce62bca7a5e328147831a6260abd5d4,True,13時間前,2026-10-03 04:54:34,神奈川県
住宅リフォーム施工スタッフ新着,株式会社ダンネツ,神奈川県,月給25万円～38万円,正社員,建設,求人ボックス,https://xn--pckua2a7gp15o89zb.com/jb/d12b04be3e0eae5e2ed42a18b04d6207,True,4時間前,2026-10-03 04:54:34,神奈川県
著名人・VIPの予約タクシードライバー／普通免許のみOK／未経験から正社員へ／賞与年2回新着,フードデリバリー配達員/宅配便ドライバールート配送ドライバー(飲料・食品)...[年収実績]25歳男性/前職:フードデリバリー配達員入社1年目で年収650万円を達成。,神奈川県,"月給40万4,000円",正社員,建設,求人ボックス,https://xn--pckua2a7gp15o89zb.com/jbn/046631f4f744b01b451d691d60fa15e2,True,10時間前,2026-10-03 04:54:34,神奈川県
「夜勤」タクシードライバー・AT限定OK／接客経験活かせる／賞与年2回／VIP対応／アルファード新着,...軽貨物配送ドライバーフードデリバリー配達員/宅配便ドライバールート配送ドライバー(飲料・食品)長距離大型トラック/中型トラック運転手引越しドライバー/デリバリーサービス倉庫,神奈川県,"月給40万4,000円",正社員,建設,求人ボックス,https://xn--pckua2a7gp15o89zb.com/jbn/882ebf4337326122b36015cb20a7ade1,True,10時間前,2026-10-03 04:54:34,神奈川県
普通免許から始めるタクシードライバー／二種免許取得支援あり／役員・VIP・予約送迎／賞与あり新着,フードデリバリー配達員/宅配便ドライバールート配送ドライバー(飲料・食品)...(前職:フードデリバリー配達員/25歳男性) 福利厚生 ・社会保険完備(厚生年金・健康保険・雇用保険・労災)...,神奈川県,"月給45万6,000円",正社員,建設,求人ボックス,https://xn--pckua2a7gp15o89zb.com/jbn/ae467a24761920d6a387589ae9247b32,True,9時間前,2026-10-03 04:54:34,神奈川県
月11日～13日勤務のタクシードライバー／空港・VIP送迎あり／普通免許OK／履歴書不要／賞与年2回新着,未経験OK,神奈川県,"月給45万6,000円",正社員,建設,求人ボックス,https://xn--pckua2a7gp15o89zb.com/jbn/18dbb53ef2d19167ef2f4e7324b2c7d7,True,9時間前,2026-10-03 04:54:34,神奈川県
「夜勤・高収入・空港送迎」タクシードライバー／普通免許でOK／賞与あり／年収600万円以上可新着,フードデリバリー配達員/宅配便ドライバールート配送ドライバー(飲料・食品)...<年収例>入社1年目:年収650万円前職:フードデリバリー配達員(25歳男性),神奈川県,"月給45万6,000円",正社員,建設,求人ボックス,https://xn--pckua2a7gp15o89zb.com/jbn/92cae6c2cd24e6fb6c3f213663d096b1,True,9時間前,2026-10-03 04:54:34,神奈川県
「社会保険完備・福利厚生充実」タクシードライバー／夜勤／学歴不問／ボーナス年2回／空港送迎／会食送迎新着,...軽貨物配送ドライバーフードデリバリー配達員/宅配便ドライバールート配送ドライバー(飲料・食品)長距離大型トラック/中型トラック運転手引越しドライバー/デリバリーサービス倉庫,神奈川県,"月給40万4,000円",正社員,建設,求人ボックス,https://xn--pckua2a7gp15o89zb.com/jbn/7e9ae8cef690055ea8c66e1d48324853,True,10時間前,2026-10-03 04:54:34,神奈川県
「週3勤務・芸能人・タレント」タクシードライバー／二種免許不要／賞与年2回／正社員雇用新着,フードデリバリー配達員/宅配便ドライバールート配送ドライバー(飲料・食品)...<年収例>入社1年目:年収650万円前職:フードデリバリー配達員(25歳男性),神奈川県,"月給40万4,000円",正社員,建設,求人ボックス,https://xn--pckua2a7gp15o89zb.com/jbn/b267b02525cac2b13ec916dd5069801a,True,10時間前,2026-10-03 04:54:34,神奈川県
「二種免許不要・タクシードライバー」履歴書不要／学歴不問／週3勤務／身体負担少なめ／退職金制度新着,...軽貨物配送ドライバーフードデリバリー配達員/宅配便ドライバールート配送ドライバー(飲料・食品)長距離大型トラック/中型トラック運転手引越しドライバー/デリバリーサービス倉庫,神奈川県,"月給40万4,000円",正社員,建設,求人ボックス,https://xn--pckua2a7gp15o89zb.com/jbn/0f390bd7be5564f4a7d4936ff32d4827,True,10時間前,2026-10-03 04:54:35,神奈川県
「月11日～13日勤務!」タクシードライバー／履歴書不要／空港送迎／社会保険完備／賞与あり新着,フードデリバリー配達員/宅配便ドライバールート配送ドライバー(飲料・食品)...<年収例>入社1年目:年収650万円前職:フードデリバリー配達員(25歳男性),神奈川県,"月給40万4,000円",正社員,建設,求人ボックス,https://xn--pckua2a7gp15o89zb.com/jbn/5dfe5e5c1506a72f2d0744e20b740687,True,10時間前,2026-10-03 04:54:35,神奈川県
「タクシードライバー」二種免不要／週3勤務／安定収入／ボーナス年2回／若手活躍中／安心の正社員雇用新着,...軽貨物配送ドライバーフードデリバリー配達員/宅配便ドライバールート配送ドライバー(飲料・食品)長距離大型トラック/中型トラック運転手引越しドライバー/デリバリーサービス倉庫,神奈川県,"月給40万4,000円",正社員,建設,求人ボックス,https://xn--pckua2a7gp15o89zb.com/jbn/ca39a3d5be937a2e96895a808795a2cb,True,10時間前,2026-10-03 04:54:35,神奈川県
アルファードでの夜間タクシードライバー／VIP・著名人対応あり／AT限定OK／接客経験を活かせる新着,フードデリバリー配達員/宅配便ドライバールート配送ドライバー(飲料・食品)...外での,神奈川県,"月給45万6,000円",正社員,建設,求人ボックス,https://xn--pckua2a7gp15o89zb.com/jbn/46cd3c3746383da8d79bfab4cf68f4d1,True,9時間前,2026-10-03 04:54:35,神奈川県
「タクシードライバー」二種免許会社負担／経歴不問／年収600万円以上可／若手世代活躍中新着,...軽貨物配送ドライバーフードデリバリー配達員/宅配便ドライバールート配送ドライバー(飲料・食品)長距離大型トラック/中型トラック運転手引越しドライバー/デリバリーサービス倉庫,神奈川県,"月給40万4,000円",正社員,建設,求人ボックス,https://xn--pckua2a7gp15o89zb.com/jbn/4ed131ec4d83ada6148231e1f2277390,True,10時間前,2026-10-03 04:54:35,神奈川県
役員・VIPタクシードライバー／普通免許OK／年収600万円以上も可／履歴書不要／退職金制度あり新着,...軽貨物配送ドライバーフードデリバリー配達員/宅配便ドライバールート配送ドライバー(飲料・食品)長距離大型トラック/中型トラック運転手引越しドライバー/デリバリーサービス倉庫,神奈川県,"月給45万6,000円",正社員,建設,求人ボックス,https://xn--pckua2a7gp15o89zb.com/jbn/2c4f513368f8f80c6a6fa2b1de8c2735,True,9時間前,2026-10-03 04:54:35,神奈川県
タクシードライバー／普通免許OK／年収600万円以上も可／履歴書不要／退職金制度あり新着,...軽貨物配送ドライバーフードデリバリー配達員/宅配便ドライバールート配送ドライバー(飲料・食品)長距離大型トラック/中型トラック運転手引越しドライバー/デリバリーサービス倉庫,神奈川県,"月給40万5,000円",正社員,建設,求人ボックス,https://xn--pckua2a7gp15o89zb.com/jbn/bffbbf3b90237daa8d466ea9a2e76a3d,True,10時間前,2026-10-03 04:54:38,神奈川県
週3勤務のタクシードライバー／普通免許だけで応募OK／予約中心で落ち着いて働ける／賞与年2回新着,...軽貨物配送ドライバーフードデリバリー配達員/宅配便ドライバールート配送ドライバー(飲料・食品)長距離大型トラック/中型トラック運転手引越しドライバー/デリバリーサービス倉庫,神奈川県,"月給40万5,000円",正社員,建設,求人ボックス,https://xn--pckua2a7gp15o89zb.com/jbn/edebf6fd571fb5e45323577a974fbc75,True,11時間前,2026-10-03 04:54:38,神奈川県
週3勤務の予約送迎ドライバー／普通免許OK／未経験から正社員へ／履歴書不要／賞与年2回新着,...軽貨物配送ドライバーフードデリバリー配達員/宅配便ドライバールート配送ドライバー(飲料・食品)長距離大型トラック/中型トラック運転手引越しドライバー/デリバリーサービス倉庫,神奈川県,"月給47万5,000円",正社員,建設,求人ボックス,https://xn--pckua2a7gp15o89zb.com/jbn/d3faa0bc1c68292e6a95b10d36d4739d,True,15時間前,2026-10-03 04:54:38,神奈川県
週3勤務の予約タクシードライバー／普通免許OK／未経験から正社員へ／履歴書不要／賞与年2回新着,...軽貨物配送ドライバーフードデリバリー配達員/宅配便ドライバールート配送ドライバー(飲料・食品)長距離大型トラック/中型トラック運転手引越しドライバー/デリバリーサービス倉庫,神奈川県,"月給45万6,000円",正社員,建設,求人ボックス,https://xn--pckua2a7gp15o89zb.com/jbn/34b83a346c1e08f24b7f4a514701724f,True,9時間前,2026-10-03 04:54:38,神奈川県
タクシードライバー／普通免許OK・AT限定可／未経験から正社員へ／週3日勤務可新着,...軽貨物配送ドライバーフードデリバリー配達員/宅配便ドライバールート配送ドライバー(飲料・食品)長距離大型トラック/中型トラック運転手引越しドライバー/デリバリーサービス倉庫,神奈川県,"月給40万5,000円",正社員,建設,求人ボックス,https://xn--pckua2a7gp15o89zb.com/jbn/7a46627c6fd47665c57fa265caacf88f,True,10時間前,2026-10-03 04:54:38,神奈川県
週3勤務のタクシードライバー／普通免許OK／未経験から正社員へ／履歴書不要／賞与年2回新着,...軽貨物配送ドライバーフードデリバリー配達員/宅配便ドライバールート配送ドライバー(飲料・食品)長距離大型トラック/中型トラック運転手引越しドライバー/デリバリーサービス倉庫,神奈川県,"月給40万5,000円",正社員,建設,求人ボックス,https://xn--pckua2a7gp15o89zb.com/jbn/e8b8be9a5d71b1f5937e5a7ffb43db0e,True,11時間前,2026-10-03 04:54:38,神奈川県
週3勤務の役員送迎ドライバー／普通免許だけで応募OK／予約中心で落ち着いて働ける／賞与年2回新着,...軽貨物配送ドライバーフードデリバリー配達員/宅配便ドライバールート配送ドライバー(飲料・食品)長距離大型トラック/中型トラック運転手引越しドライバー/デリバリーサービス倉庫,神奈川県,"月給47万7,000円",正社員,建設,求人ボックス,https://xn--pckua2a7gp15o89zb.com/jbn/2bf4bf993c889054ccdc8b7cc6a734c6,True,15時間前,2026-10-03 04:54:41,神奈川県
夜間予約タクシードライバー／普通免許OK／二種免許は会社負担／月収50万円以上も可／賞与あり新着,フードデリバリー配達員/宅配便ドライバールート配送ドライバー(飲料・食品)長距離大型トラック/中型トラック運転手引越しドライバー/デリバリーサービス倉庫,神奈川県,"月給45万6,000円",正社員,建設,求人ボックス,https://xn--pckua2a7gp15o89zb.com/jbn/cf3ceb27232785feaf7fcb9c840e5c40,True,9時間前,2026-10-03 04:54:41,神奈川県
役員・著名人の予約タクシードライバー／普通免許OK・AT限定可／未経験から正社員へ／週3日勤務可新着,...軽貨物配送ドライバーフードデリバリー配達員/宅配便ドライバールート配送ドライバー(飲料・食品)長距離大型トラック/中型トラック運転手引越しドライバー/デリバリーサービス倉庫,神奈川県,"月給40万4,000円",正社員,建設,求人ボックス,https://xn--pckua2a7gp15o89zb.com/jbn/23f3943837ec48c4b8a99d5714087427,True,10時間前,2026-10-03 04:54:41,神奈川県
「夜勤・タクシードライバー」二種免不要／企業役員／賞与年2回／20代活躍中／安定収入新着,フードデリバリー配達員/宅配便ドライバールート配送ドライバー(飲料・食品)...<年収例>入社1年目:年収650万円前職:フードデリバリー配達員(25歳男性),神奈川県,"月給40万4,000円",正社員,建設,求人ボックス,https://xn--pckua2a7gp15o89zb.com/jbn/15dccc9b42123b84e5b064f584c10891,True,10時間前,2026-10-03 04:54:41,神奈川県
週3勤務の役員タクシードライバー／普通免許だけで応募OK／予約中心で落ち着いて働ける／賞与年2回新着,...軽貨物配送ドライバーフードデリバリー配達員/宅配便ドライバールート配送ドライバー(飲料・食品)長距離大型トラック/中型トラック運転手引越しドライバー/デリバリーサービス倉庫,神奈川県,"月給45万6,000円",正社員,建設,求人ボックス,https://xn--pckua2a7gp15o89zb.com/jbn/7d4301e3277a556435c1afc8883f38c0,True,9時間前,2026-10-03 04:54:41,神奈川県
夜勤の役員タクシードライバー／空港・会食・VIP送迎あり／普通免許OK／賞与年2回／福利厚生充実新着,...軽貨物配送ドライバーフードデリバリー配達員/宅配便ドライバールート配送ドライバー(飲料・食品)長距離大型トラック/中型トラック運転手引越しドライバー/デリバリーサービス倉庫,神奈川県,"月給45万6,000円",正社員,建設,求人ボックス,https://xn--pckua2a7gp15o89zb.com/jbn/e9d2d7b0247845ef4df4dd65224e2abf,True,9時間前,2026-10-03 04:54:41,神奈川県
夜勤の予約タクシードライバー／企業役員・VIP対応あり／普通免許OK／二種免許取得支援あり新着,フードデリバリー配達員/宅配便ドライバールート配送ドライバー(飲料・食品)...25歳男性・前職フードデリバリー配達員が入社1年目で年収650万円を達成しています。...,神奈川県,"月給45万6,000円",正社員,建設,求人ボックス,https://xn--pckua2a7gp15o89zb.com/jbn/63bdd3d40d063ed84b3032a232245d0d,True,9時間前,2026-10-03 04:54:44,神奈川県
「タクシードライバー」未経験OK／履歴書不要／週3勤務／賞与あり／研修制度充実／社会保険完備新着,...軽貨物配送ドライバーフードデリバリー配達員/宅配便ドライバールート配送ドライバー(飲料・食品)長距離大型トラック/中型トラック運転手引越しドライバー/デリバリーサービス倉庫,神奈川県,"月給40万4,000円",正社員,建設,求人ボックス,https://xn--pckua2a7gp15o89zb.com/jbn/0d7654f02df8b92c538f88f4ad662079,True,10時間前,2026-10-03 04:54:44,神奈川県
「経歴不問・タクシードライバー」未経験歓迎／社会保険完備の正社員雇用／週3勤務／AT限定OK新着,...軽貨物配送ドライバーフードデリバリー配達員/宅配便ドライバールート配送ドライバー(飲料・食品)長距離大型トラック/中型トラック運転手引越しドライバー/デリバリーサービス倉庫,神奈川県,"月給40万4,000円",正社員,建設,求人ボックス,https://xn--pckua2a7gp15o89zb.com/jbn/227d55c299ab3f4d07ccf361d1f9d7c0,True,10時間前,2026-10-03 04:54:44,神奈川県
外構工事の現場作業スタッフ新着,株式会社楓外構,神奈川県,月給30万円～50万円,正社員,建設,求人ボックス,https://xn--pckua2a7gp15o89zb.com/jb/6666ac524bee233b0f1fdfa38a343436,True,22時間前,2026-10-03 04:54:44,神奈川県
未経験歓迎!賞与年2回&資格取得支援あり新着,株式会社丸幸興業,神奈川県,"日給1万2,000円",正社員,建設,求人ボックス,https://xn--pckua2a7gp15o89zb.com/jb/bfaa4eba7a1f5dc59a538e038c533f5c,True,4時間前,2026-10-03 04:54:44,神奈川県
個室寮完備&初月家賃無料／交通誘導スタッフ新着,大真綜合警備保障株式会社,神奈川県,"日給1万1,360円",アルバイト・パート,建設,求人ボックス,https://xn--pckua2a7gp15o89zb.com/jb/d08a1344a8d10a5c4a973ea5908ca9ff,True,13時間前,2026-10-03 04:54:44,神奈川県
造園外構工事スタッフ 未経験・スポーツ経験者歓迎／世界も認めた庭づくりの技術が手に入る／原則残業ナシ新着,株式会社岩崎造園,神奈川県,月給23万円～35万円,正社員,建設,求人ボックス,https://xn--pckua2a7gp15o89zb.com/jb/9545b1743ad9535b9be5111c73fa96bd,True,12時間前,2026-10-03 04:54:44,神奈川県
文化財発掘調査の現場進行・施工管理／直行直帰可OK／未経験歓迎／明治創業の安定企業!新着,株式会社斉藤建設,神奈川県,月給27万円～50万円,正社員,建設,求人ボックス,https://xn--pckua2a7gp15o89zb.com/jbn/e3836c47bfa760992bf72d3ca88841f8,True,23時間前,2026-10-03 04:54:49,神奈川県
タクシー運転手「週3勤務」資格取得支援あり／月収40万円以上／安定収入／転職回数不問新着,...以下のような経験をお持ちの方は特に歓迎します。・軽貨物ドライバー・ルート配送スタッフ・宅配ドライバー・タクシー運転手・大型トラックドライバー・フォークリフトオペレーター・,神奈川県,"月給45万7,500円",正社員,建設,求人ボックス,https://xn--pckua2a7gp15o89zb.com/jbn/3a3d90d95311c6cb705299fc1d58017b,True,8時間前,2026-10-03 04:54:49,神奈川県
「高収入」夜勤／タクシー運転手／定期送迎「月収50万円以上可能／安定収入／賞与年2回」新着,建設・,神奈川県,"月給45万9,600円",正社員,建設,求人ボックス,https://xn--pckua2a7gp15o89zb.com/jbn/94f98e3e97b57c701d500d750a22063e,True,8時間前,2026-10-03 04:54:49,神奈川県
タクシードライバー／週3勤務／学歴不問／1年目月収50万以上／賞与年2回新着,建設・,神奈川県,"月給45万6,800円",正社員,建設,求人ボックス,https://xn--pckua2a7gp15o89zb.com/jbn/2e7dc42a795ae3453090cfed3ef153be,True,8時間前,2026-10-03 04:54:49,神奈川県
夜勤タクシードライバー／未経験スタートOK／年2回のボーナス支給あり／資格取得支援制度あり新着,作業,神奈川県,"月給45万8,500円",正社員,建設,求人ボックス,https://xn--pckua2a7gp15o89zb.com/jbn/7cf9c5eb316c63f43acca99259368057,True,8時間前,2026-10-03 04:54:49,神奈川県
「夜勤でしっかり稼ぐ」タクシードライバー／残業少なめ／正社員採用／賞与あり新着,...以下のような経験をお持ちの方は特に歓迎します。・軽貨物ドライバー・ルート配送スタッフ・宅配ドライバー・タクシー運転手・大型トラックドライバー・フォークリフトオペレーター・,神奈川県,"月給45万7,600円",正社員,建設,求人ボックス,https://xn--pckua2a7gp15o89zb.com/jbn/218863c050354a0e5c56243c99e05c6e,True,8時間前,2026-10-03 04:54:49,神奈川県
「未経験歓迎」タクシードライバー／月収50万円以上可／退職金制度あり新着,...以下のような経験をお持ちの方は特に歓迎します。・軽貨物ドライバー・ルート配送スタッフ・宅配ドライバー・タクシー運転手・大型トラックドライバー・フォークリフトオペレーター・,神奈川県,"月給40万5,000円",正社員,建設,求人ボックス,https://xn--pckua2a7gp15o89zb.com/jbn/8883c4ed22e094d2cd2e6df52faebb9c,True,9時間前,2026-10-03 04:54:52,神奈川県
「1年目から高収入可能」タクシー運転手／週3勤務／福利厚生充実新着,作業,神奈川県,月給52万100円,正社員,建設,求人ボックス,https://xn--pckua2a7gp15o89zb.com/jbn/d981a04cfdc7d69a9efa95b2e2d7df6e,True,9時間前,2026-10-03 04:54:52,神奈川県
夜間専属タクシードライバー／週3日勤務OK／異業種出身多数／未経験活躍中／土日祝休みあり新着,...以下のような経験をお持ちの方は特に歓迎します。・軽貨物ドライバー・ルート配送スタッフ・宅配ドライバー・タクシー運転手・大型トラックドライバー・フォークリフトオペレーター・,神奈川県,"月給46万1,500円",正社員,建設,求人ボックス,https://xn--pckua2a7gp15o89zb.com/jbn/f89c6f76e7f5726fcf845e4ea76e56bb,True,9時間前,2026-10-03 04:54:52,神奈川県
「未経験1年目600万円／定着率90%以上」「週3日勤務／正社員」タクシードライバー新着,建設・,神奈川県,月給46万500円,正社員,建設,求人ボックス,https://xn--pckua2a7gp15o89zb.com/jbn/02d26a2ce94c74ce98b32922eb206200,True,9時間前,2026-10-03 04:54:52,神奈川県
芸能関係者のタクシードライバー／未経験歓迎／週3勤務／月収45万円以上／20代～50代活躍中新着,作業,神奈川県,"月給45万9,200円",正社員,建設,求人ボックス,https://xn--pckua2a7gp15o89zb.com/jbn/5e5369fcfbc361c4374a16be345e39e7,True,9時間前,2026-10-03 04:54:52,神奈川県
「夜勤で稼げる」タクシードライバー／普通免許のみOK／年収600万円以上可／賞与年2回新着,...以下のような経験をお持ちの方は特に歓迎します。・軽貨物ドライバー・ルート配送スタッフ・宅配ドライバー・タクシー運転手・大型トラックドライバー・フォークリフトオペレーター・,神奈川県,"月給40万6,700円",正社員,建設,求人ボックス,https://xn--pckua2a7gp15o89zb.com/jbn/6e3d456859481f457b9dec1d0cef1b52,True,9時間前,2026-10-03 04:54:52,神奈川県
「普通免許のみOK」タクシードライバー／資格不問・月収50万以上可・賞与年2回新着,...以下のような経験をお持ちの方は特に歓迎します。・軽貨物ドライバー・ルート配送スタッフ・宅配ドライバー・タクシー運転手・大型トラックドライバー・フォークリフトオペレーター・,神奈川県,"月給45万6,000円",正社員,建設,求人ボックス,https://xn--pckua2a7gp15o89zb.com/jbn/5ffd4aa97642e2a3fd1fc38ad24a70a4,True,9時間前,2026-10-03 04:54:52,神奈川県
「タレント／芸能」タクシードライバー／週3勤務／学歴不問／1年目月収50万以上／賞与年2回新着,建設・,神奈川県,"月給45万6,000円",正社員,建設,求人ボックス,https://xn--pckua2a7gp15o89zb.com/jbn/0b5844c199f3399fa1effd42a8c0d9d1,True,9時間前,2026-10-03 04:54:52,神奈川県
「高収入」夜勤／タクシードライバー／定期送迎「月収50万円以上可能／安定収入／賞与年2回」新着,建設・,神奈川県,"月給45万6,000円",正社員,建設,求人ボックス,https://xn--pckua2a7gp15o89zb.com/jbn/761ca546fdab62abbe22d74ccb5d63d7,True,9時間前,2026-10-03 04:54:55,神奈川県
夜間専属タクシードライバー／月収50万円以上可能／賞与年2回／普通免許のみで応募可新着,...以下のような経験をお持ちの方は特に歓迎します。・軽貨物ドライバー・ルート配送スタッフ・宅配ドライバー・タクシー運転手・大型トラックドライバー・フォークリフトオペレーター・,神奈川県,"月給45万9,700円",正社員,建設,求人ボックス,https://xn--pckua2a7gp15o89zb.com/jbn/cd3fb3108501b291120756cbe864239b,True,9時間前,2026-10-03 04:54:55,神奈川県
「予約中心だから未経験でも安心」タクシードライバー／週3勤務／月収50万円以上可新着,建設・,神奈川県,"月給45万6,000円",正社員,建設,求人ボックス,https://xn--pckua2a7gp15o89zb.com/jbn/143ea5d7806adde4edd611e58c9f2ff5,True,9時間前,2026-10-03 04:54:55,神奈川県
「1年目から高収入可能」タクシードライバー／週3勤務／福利厚生充実新着,作業,神奈川県,"月給45万6,000円",正社員,建設,求人ボックス,https://xn--pckua2a7gp15o89zb.com/jbn/0ff44ba6d80ae43c2113d90361403a1b,True,9時間前,2026-10-03 04:54:55,神奈川県
「転職回数不問」役員タクシードライバー／週3勤務／安定収入／正社員採用新着,...以下のような経験をお持ちの方は特に歓迎します。・軽貨物ドライバー・ルート配送スタッフ・宅配ドライバー・タクシー運転手・大型トラックドライバー・フォークリフトオペレーター・,神奈川県,"月給45万9,900円",正社員,建設,求人ボックス,https://xn--pckua2a7gp15o89zb.com/jbn/a3bc561db5b770a57b819122cf381f8c,True,9時間前,2026-10-03 04:54:55,神奈川県
タクシードライバー／未経験歓迎／会食・空港送迎中心／年収600万円以上可新着,建設・,神奈川県,"月給45万9,700円",正社員,建設,求人ボックス,https://xn--pckua2a7gp15o89zb.com/jbn/7f7d38be335254260be5c946d9904350,True,10時間前,2026-10-03 04:54:55,神奈川県
タクシードライバー／週3勤務／異業種からの転職歓迎新着,建設・,神奈川県,"月給47万9,500円",正社員,建設,求人ボックス,https://xn--pckua2a7gp15o89zb.com/jbn/e8acd14062671a1b0e6247dbac41c2e3,True,10時間前,2026-10-03 04:54:55,神奈川県
タクシードライバー／普通免許のみで応募OK／週3日勤務／賞与あり／高収入実現可能新着,作業,神奈川県,"月給47万8,900円",正社員,建設,求人ボックス,https://xn--pckua2a7gp15o89zb.com/jbn/15aaa09d75acd95e6039e8b0394c09bc,True,10時間前,2026-10-03 04:54:55,神奈川県
「週3日勤務で年収600万円も可能」タクシードライバー／普通免許のみOK／未経験歓迎／賞与年2回新着,建設・,神奈川県,"月給47万6,000円",正社員,建設,求人ボックス,https://xn--pckua2a7gp15o89zb.com/jbn/8eee0e1f0fea8edd425afd9abe840326,True,11時間前,2026-10-03 04:54:58,神奈川県
「未経験1年目600万円／定着率90%以上」「週3勤務・予約制タクシードライバー」普通免許のみOK新着,建設・,神奈川県,"月給45万6,300円",正社員,建設,求人ボックス,https://xn--pckua2a7gp15o89zb.com/jbn/fe79f8fcdd912802d45e95633ba51623,True,12時間前,2026-10-03 04:54:58,神奈川県
現場管理 経験者限定 寮完備 全国拠点新着,株式会社GS STAFF,神奈川県,"月給35万1,500円",派遣社員,建設,求人ボックス,https://xn--pckua2a7gp15o89zb.com/jb/a56c201f86483c4ffa468da27fb5b1ce,True,4時間前,2026-10-03 04:54:58,神奈川県
足場資材の管理・整備・配達新着,東海ステップ株式会社,神奈川県,"月給23万6,900円",正社員,建設,求人ボックス,https://xn--pckua2a7gp15o89zb.com/jb/73f6156169ead8543d35fb05dcfa33b0,True,18時間前,2026-10-03 04:54:58,神奈川県
あなたの想いや考えを形にできる仕事です 未経験から始めるエクステリア工事作業員新着,株式会社松岡建設,神奈川県,"日給1万1,000円",正社員,建設,求人ボックス,https://xn--pckua2a7gp15o89zb.com/jb/1a7e9e2f8f2a5d828ef03a1c68df09b2,True,9時間前,2026-10-03 04:54:58,神奈川県
解体工事でしっかり稼ごう!Instagramで現場公開中新着,株式会社絆⼤建設,神奈川県,"日給1万6,000円",アルバイト・パート,建設,求人ボックス,https://xn--pckua2a7gp15o89zb.com/jb/47676a22dcd0fded6c54d10cdcf73bd4,True,11時間前,2026-10-03 04:54:58,神奈川県
「高収入」夜勤／タクシー／定期送迎「月収50万円以上可能／安定収入／賞与年2回」新着,建設・,神奈川県,"月給45万9,600円",正社員,建設,求人ボックス,https://xn--pckua2a7gp15o89zb.com/jbn/71afdc71a5f4fe3b5f1f018f69f03ef9,True,9時間前,2026-10-03 04:54:58,神奈川県
「タクシードライバー」月内採用／夜勤／履歴書不要／月収50万円以上／正社員採用／社会保険完備新着,...以下のような経験をお持ちの方は特に歓迎します。・軽貨物ドライバー・ルート配送スタッフ・宅配ドライバー・タクシー運転手・大型トラックドライバー・フォークリフトオペレーター・,神奈川県,"月給45万6,000円",正社員,建設,求人ボックス,https://xn--pckua2a7gp15o89zb.com/jbn/2e99198a929a971b6f6dc3710a69cf49,True,9時間前,2026-10-03 04:54:58,神奈川県
タクシードライバー「週3勤務」資格取得支援あり／月収40万円以上／安定収入／転職回数不問新着,...以下のような経験をお持ちの方は特に歓迎します。・軽貨物ドライバー・ルート配送スタッフ・宅配ドライバー・タクシー運転手・大型トラックドライバー・フォークリフトオペレーター・,神奈川県,"月給45万6,000円",正社員,建設,求人ボックス,https://xn--pckua2a7gp15o89zb.com/jbn/1230a20582d1812812f8e539a9c9d41a,True,9時間前,2026-10-03 04:55:02,神奈川県
「週3日勤務で高収入」タクシードライバー／家族手当あり／賞与年2回新着,...以下のような経験をお持ちの方は特に歓迎します。・軽貨物ドライバー・ルート配送スタッフ・宅配ドライバー・タクシー運転手・大型トラックドライバー・フォークリフトオペレーター・,神奈川県,"月給40万4,000円",正社員,建設,求人ボックス,https://xn--pckua2a7gp15o89zb.com/jbn/dca828f0dcd9660ea6982ef27e7b8de5,True,10時間前,2026-10-03 04:55:02,神奈川県
「内定までスピーディー」夜勤タクシードライバー／履歴書不要／未経験OK／月収50万円以上新着,作業,神奈川県,"月給40万4,000円",正社員,建設,求人ボックス,https://xn--pckua2a7gp15o89zb.com/jbn/7028d949944c4cae0ff0057fd0326f46,True,10時間前,2026-10-03 04:55:02,神奈川県
「月内採用」タクシードライバー・夜勤／職歴不問／未経験OK／1年目年収600万円以上可／賞与年2回新着,作業,神奈川県,"月給40万4,000円",正社員,建設,求人ボックス,https://xn--pckua2a7gp15o89zb.com/jbn/9e3f119c86cd9d873c66166ee740ba74,True,10時間前,2026-10-03 04:55:02,神奈川県
管工事作業員 多彩な設備工事を経験し成長できる現場新着,有限会社中嶋設備,神奈川県,月給28万円～45万円,正社員,建設,求人ボックス,https://xn--pckua2a7gp15o89zb.com/jb/15727b86860920ac035d0044b6151b5a,True,3時間前,2026-10-03 04:55:02,神奈川県
分譲住宅の施工管理職新着,株式会社ホーク・ワン,神奈川県,月給26万円,正社員,建設,求人ボックス,https://xn--pckua2a7gp15o89zb.com/jb/dad47dd34e44727d06a041c781186d6d,True,21時間前,2026-10-03 04:55:02,神奈川県
手当・福利厚生充実 賞与年2回 昇給年1回新着,株式会社Progress Group,神奈川県,月給35万円～50万円,正社員,建設,求人ボックス,https://xn--pckua2a7gp15o89zb.com/jb/e2f5e3a0e9610e5b96307f43a7f92974,True,10時間前,2026-10-03 04:55:02,神奈川県
「二種免許不要・週3勤務・タクシードライバー」研修あり／賞与あり／アルファード送迎新着,作業,神奈川県,"月給45万6,000円",正社員,建設,求人ボックス,https://xn--pckua2a7gp15o89zb.com/jbn/d6645556bfe9ea81be7b3069d400c837,True,9時間前,2026-10-03 04:55:02,神奈川県
一般事務「正社員・月給28万〜」20代活躍中・未経験OK l 研修あり新着,一般事務,神奈川県,月給28万,正社員,事務,求人ボックス,https://xn--pckua2a7gp15o89zb.com/jbn/f4b9840124e7f992cbb57a80bfcf4533,True,20時間前,2026-10-03 04:54:35,神奈川県
事務職／一般事務／産休・育休取得実績多数／未経験からのスタート歓迎新着,一般事務,神奈川県,月給20万円～50万円,正社員,事務,求人ボックス,https://xn--pckua2a7gp15o89zb.com/jbn/c4045bc004f9b18ee49f7c2453421f3b,True,6時間前,2026-10-03 04:54:35,神奈川県
仮設資材レンタル・販売会社の一般事務新着,東海ステップ株式会社 神奈川センター,神奈川県,"月給20万4,800円",正社員,事務,求人ボックス,https://xn--pckua2a7gp15o89zb.com/jb/13fac5214127b18976e6bad4d36d3c49,True,18時間前,2026-10-03 04:54:36,神奈川県
事務職／一般事務／未経験から安心スタート／家庭と両立できる職場新着,事務・,神奈川県,"月給22万1,000円",正社員,事務,求人ボックス,https://xn--pckua2a7gp15o89zb.com/jbn/c06b38fbb0d354c3ed85d89fffa14669,True,6時間前,2026-10-03 04:54:36,神奈川県
事務職／一般事務／未経験OK／残業なし／育休制度あり／在宅OK新着,事務,神奈川県,"月給22万5,000円",正社員,事務,求人ボックス,https://xn--pckua2a7gp15o89zb.com/jbn/4fba15c0a693f1440076ac80c6fb5083,True,6時間前,2026-10-03 04:54:39,神奈川県
事務職／一般事務／30代未経験歓迎／育休取得実績あり／駅近勤務で通勤便...新着,事務,神奈川県,"月給21万3,500円",正社員,事務,求人ボックス,https://xn--pckua2a7gp15o89zb.com/jbn/41e652d11d29f0effb564e4646003bcb,True,6時間前,2026-10-03 04:54:43,神奈川県
事務職／一般事務／駅近／有給休暇あり／20〜30代女性活躍中／社保完備新着,営業,神奈川県,月給22万円～50万円,正社員,事務,求人ボックス,https://xn--pckua2a7gp15o89zb.com/jbn/658147c152c83668411e6bd916d70c24,True,6時間前,2026-10-03 04:54:43,神奈川県
物流会社の一般事務／週4日からOK／日勤のみ／シフト自由／制服あり新着,エア・ウォーター物流株式会社,神奈川県,"時給1,290円",アルバイト・パート,事務,求人ボックス,https://xn--pckua2a7gp15o89zb.com/jb/08ada01106b51f469bc6efaec891be9e,True,18時間前,2026-10-03 04:54:47,神奈川県
異業種からの転職者多数／関東で一般事務新着,株式会社OOQ,神奈川県,"月給20万5,000円",正社員,事務,求人ボックス,https://xn--pckua2a7gp15o89zb.com/jb/8395546b6bdbfeda5a7a58eaecac7fc7,True,15時間前,2026-10-03 04:54:47,神奈川県
一般事務スタッフ／時給1600円／土日休み／週払いOK／履歴書不要新着,株式会社プラス・ワン,神奈川県,時給1600円,派遣社員,事務,求人ボックス,https://xn--pckua2a7gp15o89zb.com/jbn/80c125709170991b0afc9d679f96aebc,True,21時間前,2026-10-03 04:54:47,神奈川県
「アニメ・ゲーム好き必見!」一般事務／週休2日／自社制作チームあり新着,株式会社SDビジョン,神奈川県,月給30万円～50万円,正社員,事務,求人ボックス,https://xn--pckua2a7gp15o89zb.com/jbn/182d09e0f195d7c294754acd65c4e7d3,True,20時間前,2026-10-03 04:54:51,神奈川県
「在宅可」未経験採用枠／一般事務／年間休日125日以上新着,一般事務,神奈川県,月給25万400円,正社員,事務,求人ボックス,https://xn--pckua2a7gp15o89zb.com/jbn/a46926614636bee2620843e82ad42fb6,True,10時間前,2026-10-03 04:54:54,神奈川県
在宅可／未経験可／一般事務／年休125日以上新着,一般事務,神奈川県,"月給23万4,300円",正社員,事務,求人ボックス,https://xn--pckua2a7gp15o89zb.com/jbn/a7a5f5857842f3d5c8efcdd543d98a25,True,10時間前,2026-10-03 04:54:57,神奈川県
未経験から正社員デビュー／一般事務／オフィスワーク／土日祝休み相談可新着,一般事務,神奈川県,"月給27万8,000円",正社員,事務,求人ボックス,https://xn--pckua2a7gp15o89zb.com/jbn/ff72c2748f17c7fff1db800ac18c7f34,True,6時間前,2026-10-03 04:54:57,神奈川県
「若手中心の明るい職場」／一般事務／オフィスワーク／未経験歓迎新着,一般事務,神奈川県,"月給27万3,000円",正社員,事務,求人ボックス,https://xn--pckua2a7gp15o89zb.com/jbn/e02a2b9fe62fb1e1ea721917470a86a5,True,14時間前,2026-10-03 04:54:57,神奈川県
自分らしく働ける環境／一般事務／オフィスワーク／土日祝休み相談可新着,一般事務,神奈川県,"月給28万8,000円",正社員,事務,求人ボックス,https://xn--pckua2a7gp15o89zb.com/jbn/49c7313e8af787c7ce47dfb2cdef9f26,True,6時間前,2026-10-03 04:55:00,神奈川県
"総務・一般事務スタッフ／時給1,500円新着",株式会社丸山アーバン,神奈川県,"時給1,500円",アルバイト・パート,事務,求人ボックス,https://xn--pckua2a7gp15o89zb.com/jb/d5deb6829f6668cab6c9c1eccbbd9400,True,9時間前,2026-10-03 04:55:03,神奈川県
物流企業での一般事務新着,リバティー株式会社,神奈川県,"時給1,700円～1,800円",派遣社員,事務,求人ボックス,https://xn--pckua2a7gp15o89zb.com/jb/4ba4efa68a58a7b15f9191caded1d5dc,True,13時間前,2026-10-03 04:55:03,神奈川県
一般事務／年休127日 残業ほぼなし 産育休実績あり／20～30代活躍...新着,プライムケア東京株式会社,神奈川県,"月給20万5,000円",正社員,事務,求人ボックス,https://xn--pckua2a7gp15o89zb.com/jb/d98d32f4b77a7eed55204f34ffc732e5,True,9時間前,2026-10-03 04:55:03,神奈川県
社会保険完備の職場であん摩マッサージ指圧師新着,整体院RUFFREE武蔵小杉院,神奈川県,"月給28万5,000円",正社員,治療家,求人ボックス,https://xn--pckua2a7gp15o89zb.com/jb/2b4fef22ff151a2dd20d13c6740a65e3,True,7時間前,2026-10-03 04:55:07,神奈川県
「役員タクシードライバー」週3日勤務／普通免許で未経験からスタート／月収50万円以上・ボーナス年2回新着,柔道整復師,神奈川県,"月給40万4,000円",正社員,治療家,求人ボックス,https://xn--pckua2a7gp15o89zb.com/jbn/a59a11901107e6f847044803a96f150c,True,13時間前,2026-10-03 04:55:07,神奈川県
タクシードライバー週3日勤務／未経験OK・月収50万円以上・ボーナス支給あり新着,柔道整復師,神奈川県,"月給47万4,500円",正社員,治療家,求人ボックス,https://xn--pckua2a7gp15o89zb.com/jbn/6f1a45056dd03c71fdd20f1f3fc341a2,True,11時間前,2026-10-03 04:55:07,神奈川県
タクシードライバー／「タレントやスポーツ選手等の送迎」週3日勤務／未経験OK・月収50万円以上新着,柔道整復師,神奈川県,"月給40万4,000円",正社員,治療家,求人ボックス,https://xn--pckua2a7gp15o89zb.com/jbn/30b29e12d67557da3e90386c48670766,True,13時間前,2026-10-03 04:55:08,神奈川県
「空港へのタクシードライバー」週3日勤務／普通免許で未経験OK／月収50万円以上・賞与2ヶ月分あり新着,柔道整復師,神奈川県,"月給40万4,000円",正社員,治療家,求人ボックス,https://xn--pckua2a7gp15o89zb.com/jbn/5d8373e46ea645d28fdaa4d80141572f,True,13時間前,2026-10-03 04:55:08,神奈川県
「タクシードライバー・定期送迎」月収50万以上・未経験歓迎・普通免許のみOK・ボーナスあり新着,柔道整復師,神奈川県,"月給45万6,000円",正社員,治療家,求人ボックス,https://xn--pckua2a7gp15o89zb.com/jbn/70c519389a9a36fe76456b4677b9715b,True,9時間前,2026-10-03 04:55:08,神奈川県
「著名人・企業タクシードライバー」月収40万以上・未経験歓迎／週3勤務・ボーナスあり新着,柔道整復師,神奈川県,"月給40万4,000円",正社員,治療家,求人ボックス,https://xn--pckua2a7gp15o89zb.com/jbn/a798185a933d276ceb11bfe21390d308,True,10時間前,2026-10-03 04:55:08,神奈川県
美容鍼を学びたい鍼灸師新着,ZENCE整体 相模大野院,神奈川県,月給25万円～70万円,,治療家,求人ボックス,https://xn--pckua2a7gp15o89zb.com/jb/09352ad6c4fa183fd234cdc9293f9b6a,True,7時間前,2026-10-03 04:55:08,神奈川県
「タクシードライバー・夜勤」月50万以上可・未経験歓迎／寮・社宅完備／普免のみOK・ボーナスあり新着,柔道整復師,神奈川県,"月給45万6,000円",正社員,治療家,求人ボックス,https://xn--pckua2a7gp15o89zb.com/jbn/d48b14d5b8ff63a8bd12591642f74a6d,True,9時間前,2026-10-03 04:55:08,神奈川県
「タクシードライバー」月収50万以上・未経験歓迎／週3勤務・普通免許のみOK・ボーナス2回新着,柔道整復師,神奈川県,"月給45万6,000円",正社員,治療家,求人ボックス,https://xn--pckua2a7gp15o89zb.com/jbn/e9fe45b00b37344ba74b5753f7939ba0,True,9時間前,2026-10-03 04:55:08,神奈川県
タレント・芸能・観光客のタクシードライバー「週3日勤務」賞与年2回／初年度から月収50万円以上新着,...未経験からでも安心してプロドライバーを目指せる環境です。 【その他特徴】<前職例>製造/工場/ライン作業/生產管理/設備保全/製鋼/溶接クレーン・玉掛/金属加工/板金加工/板金塗装/警備員機械・,神奈川県,"月給45万6,000円",正社員,治療家,求人ボックス,https://xn--pckua2a7gp15o89zb.com/jbn/022f08f7caac43c188e74652c100636a,True,12時間前,2026-10-03 04:55:12,神奈川県
機能回復訓練士／入居者様へのリハビリ業務全般／サニーライフ横須賀新着,株式会社川島コーポレーション,神奈川県,月給27万円～,正社員,治療家,求人ボックス,https://xn--pckua2a7gp15o89zb.com/jb/1e6283295c79500408bb2e21957ea8d7,True,15時間前,2026-10-03 04:55:12,神奈川県
看護小規模多機能型居宅介護の機能訓練指導員新着,ミモザ川崎たちばな,神奈川県,月給29万460円,正社員,治療家,求人ボックス,https://xn--pckua2a7gp15o89zb.com/jb/4c7a533600928b50a13d5ba9ed5812c1,True,4時間前,2026-10-03 04:55:12,神奈川県
デイサービスの機能訓練指導員新着,ミモザ白寿庵横浜みなみの丘,神奈川県,"時給1,545円～1,810円",アルバイト・パート,治療家,求人ボックス,https://xn--pckua2a7gp15o89zb.com/jb/cecc1c5dc353ae1b555d9e629447b378,True,4時間前,2026-10-03 04:55:12,神奈川県
デイサービスの機能訓練指導員新着,ミモザ横浜菅田,神奈川県,"時給1,545円～1,810円",アルバイト・パート,治療家,求人ボックス,https://xn--pckua2a7gp15o89zb.com/jb/ce9c6ae46c7dfb02fa9456d2c4d18d07,True,3時間前,2026-10-03 04:55:12,神奈川県
柔道整復師／特別養護老人ホーム都筑の里新着,社会福祉法人中川徳生会,神奈川県,,正社員,治療家,求人ボックス,https://xn--pckua2a7gp15o89zb.com/jb/c8baf7e352314dfc90d5d386a388066f,True,14時間前,2026-10-03 04:55:12,神奈川県
デイサービスでの介護業務全般／介護士／好待遇新着,デイリハセンターひまわり 大和南,神奈川県,"月給24万3,440円",正社員,治療家,求人ボックス,https://xn--pckua2a7gp15o89zb.com/jbn/4077c7ffe1b8c98db6caad0916e04b98,True,22時間前,2026-10-03 04:55:15,神奈川県
引っ越し費用会社負担／関東で経理・事務スタッフ新着,株式会社OOQ,神奈川県,"月給20万5,000円",正社員,経理,求人ボックス,https://xn--pckua2a7gp15o89zb.com/jb/0d3161fad527a08ed0f82766bd2a799e,True,15時間前,2026-10-03 04:55:04,神奈川県
経理事務新着,株式会社リクルートスタッフィング,神奈川県,"時給1,800円～",派遣社員,経理,求人ボックス,https://xn--pckua2a7gp15o89zb.com/jb/5dbafdac648b48f0bd4826fd86c990e5,True,20時間前,2026-10-03 04:55:05,神奈川県
一般事務・OA事務 ／ 経理・財務 ／総務・経理事務 残業なし新着,パーソルテンプスタッフ株式会社,神奈川県,"時給1,400円",派遣社員,経理,求人ボックス,https://xn--pckua2a7gp15o89zb.com/jb/a4c8286feddeb333e9659afa50e61882,True,17時間前,2026-10-03 04:55:05,神奈川県
経理事務 未経験可 髪型髪色自由新着,ミナノワ株式会社,神奈川県,月給27万円,正社員,経理,求人ボックス,https://xn--pckua2a7gp15o89zb.com/jb/679c2ce0d2b905f682dc318a3cf92130,True,4時間前,2026-10-03 04:55:08,神奈川県
経理事務／憧れの大手企業 未経験OK!データの入力など 時給1800円新着,株式会社スタッフサービス,神奈川県,時給1800円,派遣社員,経理,求人ボックス,https://xn--pckua2a7gp15o89zb.com/jb/ae39f4467e42470f4f2df1a8b972c83d,True,16時間前,2026-10-03 04:55:11,神奈川県
「リモート可」未経験採用枠／経理事務／年間休日125日以上新着,未経験OK,神奈川県,月給25万400円,正社員,経理,求人ボックス,https://xn--pckua2a7gp15o89zb.com/jbn/b5b891d42768c758650909a31548ba40,True,10時間前,2026-10-03 04:55:11,神奈川県
リモート可／未経験可／経理事務／年休125日以上新着,未経験OK,神奈川県,"月給24万3,000円",正社員,経理,求人ボックス,https://xn--pckua2a7gp15o89zb.com/jbn/acb8e46300ba386311e9f8ac4d9596d5,True,10時間前,2026-10-03 04:55:11,神奈川県
経理事務／1900円／時給 外資メーカー英文経理新着,マンパワーグループ株式会社,神奈川県,"時給1,900円",派遣社員,経理,求人ボックス,https://xn--pckua2a7gp15o89zb.com/jb/9d1c26868eb6894b8db35fe6a72aa77a,True,8時間前,2026-10-03 04:55:14,神奈川県
横浜市西区エリアでお仕事したい方に!「事務」 オフィスワークデビュー応援!事務 土日祝休新着,株式会社ディンプル,神奈川県,"月給21万6,000円",正社員,経理,求人ボックス,https://xn--pckua2a7gp15o89zb.com/jb/e37945244916fa9a2b32e496fb8b623e,True,10時間前,2026-10-03 04:55:14,神奈川県
経理アシスタント募集!数字の入力メインで月収25〜35万円可新着,事務,神奈川県,月給26万円～27万,正社員,経理,求人ボックス,https://xn--pckua2a7gp15o89zb.com/jbn/56b82a40bee37cd71a253c4d75e856c6,True,11時間前,2026-10-03 04:55:14,神奈川県
事務正社員／充実の研修で安心スタート!／丁寧な教育体制／未経験OK／教育体制あり新着,事務,神奈川県,"月給21万5,000円",正社員,経理,求人ボックス,https://xn--pckua2a7gp15o89zb.com/jbn/e1705ffc71eb145845bcfb7ee4789e9d,True,6時間前,2026-10-03 04:55:18,神奈川県
事務職／営業事務／有給休暇あり／20〜30代女性活躍中／賞与・昇給あり／産休あり新着,事務,神奈川県,"月給22万4,000円",正社員,経理,求人ボックス,https://xn--pckua2a7gp15o89zb.com/jbn/f6d9c37939105d1f99dab7ef38327883,True,6時間前,2026-10-03 04:55:18,神奈川県
未経験でもすぐ慣れる!座って月収25〜35万円のかんたん事務新着,経理,神奈川県,"月給25万3,000円",正社員,経理,求人ボックス,https://xn--pckua2a7gp15o89zb.com/jbn/698d18717bedcaa9b6191b28b1518f63,True,11時間前,2026-10-03 04:55:18,神奈川県
「データ入力／一般事務・バックオフィス」プライベートも仕事も全力で自分らしく!髪色・ネイル新着,株式会社ONE LOOK,神奈川県,月給23万円～40万円,正社員,経理,求人ボックス,https://xn--pckua2a7gp15o89zb.com/jbn/ed25b97492d3f172868824faae9068db,True,14時間前,2026-10-03 04:55:21,神奈川県
正社員採用／完全土日祝休み／経理経験者歓迎新着,マザーエンタテイメント,神奈川県,"月給25万3,000円",正社員,経理,求人ボックス,https://xn--pckua2a7gp15o89zb.com/jb/065383590832e57bb63e737bbbf30b2a,True,3時間前,2026-10-03 04:55:21,神奈川県
接客経験が活きる社内ITサポート!服装自由・髪型自由のオフィスで自分らしく働ける新着,このお仕事の特徴一般,神奈川県,"月給26万7,700円",正社員,経理,求人ボックス,https://xn--pckua2a7gp15o89zb.com/jbn/28f6eb552017573761a289d9fd2f5b3e,True,12時間前,2026-10-03 04:55:21,神奈川県
残業ほぼなしのデータ入力スタッフ!駅チカオフィスで通勤ラクラクの好環境／月給26万6100円～新着,事務,神奈川県,月給26万6100円,正社員,経理,求人ボックス,https://xn--pckua2a7gp15o89zb.com/jbn/8ade312b36df42c0f7f0f0b3a842263f,True,12時間前,2026-10-03 04:55:21,神奈川県
マニュアル完備の社内ヘルプデスク!服装自由・髪型自由のオフィスで自分らしく働ける新着,このお仕事の特徴一般,神奈川県,"月給26万8,300円",正社員,経理,求人ボックス,https://xn--pckua2a7gp15o89zb.com/jbn/8a6286638b74078a704afa8a24aff6d2,True,12時間前,2026-10-03 04:55:24,神奈川県
手に職をつけたい方へのITエンジニア!服装自由・髪型自由のオフィスで自分らしく働ける新着,このお仕事の特徴一般,神奈川県,"月給26万8,700円",正社員,経理,求人ボックス,https://xn--pckua2a7gp15o89zb.com/jbn/ec964655164c866ae4826e5cdb32cf60,True,12時間前,2026-10-03 04:55:24,神奈川県
電話・メール対応メインのヘルプデスク!服装自由・髪型自由のオフィスで自分らしく働ける新着,このお仕事の特徴一般,神奈川県,"月給26万8,000円",正社員,経理,求人ボックス,https://xn--pckua2a7gp15o89zb.com/jbn/90f1be637b43a06d90eefb9c07398d98,True,12時間前,2026-10-03 04:55:28,神奈川県
決まった手順で進める在庫チェック事務!20代・30代の未経験スタートが多数活躍中新着,このお仕事の特徴一般,神奈川県,"月給26万6,500円",正社員,経理,求人ボックス,https://xn--pckua2a7gp15o89zb.com/jbn/1ae3dbf85af910b7c423931982b2551f,True,12時間前,2026-10-03 04:55:28,神奈川県
先輩のサポートから始めるITエンジニア／月給26万2400円～新着,このお仕事の特徴一般,神奈川県,月給26万2400円,正社員,経理,求人ボックス,https://xn--pckua2a7gp15o89zb.com/jbn/31a74bc1d74c45f7322eceae6ecb3eaf,True,12時間前,2026-10-03 04:55:28,神奈川県
幅広いIT知識が身につくヘルプデスク!服装自由・髪型自由のオフィスで自分らしく働ける新着,このお仕事の特徴一般,神奈川県,"月給26万9,200円",正社員,経理,求人ボックス,https://xn--pckua2a7gp15o89zb.com/jbn/64a1340eeb47886a8411d27ca05e6b73,True,12時間前,2026-10-03 04:55:31,神奈川県
覚えることは少なめの庶務サポート事務!服装自由・髪型自由のオフィスで自分らしく働ける新着,事務,神奈川県,"月給26万4,600円",正社員,経理,求人ボックス,https://xn--pckua2a7gp15o89zb.com/jbn/a25e77df1cc0ad6a256d3c46117294cc,True,12時間前,2026-10-03 04:55:31,神奈川県
知識ゼロからスタートできるエンジニア職／月給26万3900円～新着,このお仕事の特徴一般,神奈川県,月給26万3900円,正社員,経理,求人ボックス,https://xn--pckua2a7gp15o89zb.com/jbn/0630785bdefe9d17d7889bf262d244af,True,12時間前,2026-10-03 04:55:31,神奈川県
ゆったりとしたケアハウスの看護師・准看護師 日勤のみ・基本残業なし新着,社会福祉法人白鳳会 フォーシーズンズヴィラそよかぜ,神奈川県,"月給29万7,000円",正社員,看護,求人ボックス,https://xn--pckua2a7gp15o89zb.com/jb/b7b882cf0b6f054b787cd58c38bccd5b,True,4時間前,2026-10-03 04:55:05,神奈川県
特別養護老人ホームでの派遣看護師／週5日／日勤のみ／日払い・週払いOK新着,株式会社グッドネクスト,神奈川県,"時給2,300円",派遣社員,看護,求人ボックス,https://xn--pckua2a7gp15o89zb.com/jb/3515be3ff338ec322e60c801dbbb5130,True,23時間前,2026-10-03 04:55:05,神奈川県
介護付有料老人ホームの看護師／日勤のみ／週5日／ブランク不問新着,花珠の家いせはら,神奈川県,"時給2,010円",アルバイト・パート,看護,求人ボックス,https://xn--pckua2a7gp15o89zb.com/jb/3c467d08ca2e3ad8e2c09c0e51d4e405,True,6時間前,2026-10-03 04:55:06,神奈川県
看護師 年間休日120日以上／賞与年3回／バス停徒歩1分／残業ほぼなし新着,医療法人大樹会 介護老人保健施設 ふれあいの桜,神奈川県,"月給25万1,000円",正社員,看護,求人ボックス,https://xn--pckua2a7gp15o89zb.com/jb/faaef9a59cda4d841318137878977e9e,True,5時間前,2026-10-03 04:55:06,神奈川県
看護師／日勤常勤相談OK／格安の美味しい昼食あり!「中川駅」直結新着,介護老人保健施設ソフィア都筑,神奈川県,"月給34万2,040円",正社員,看護,求人ボックス,https://xn--pckua2a7gp15o89zb.com/jb/db5b4744caf6b6b6d04b7d6bcb222313,True,12時間前,2026-10-03 04:55:06,神奈川県
看護師／短時間夜勤／待機中は自由に過ごせます!／夜間専従パート新着,ベルパーククリニック,神奈川県,"時給1,920円～3,150円",アルバイト・パート,看護,求人ボックス,https://xn--pckua2a7gp15o89zb.com/jb/ff75235bd09fc2a5a347ea65811fa8f0,True,2時間前,2026-10-03 04:55:10,神奈川県
看護師スタッフ新着,赤枝グループ,神奈川県,"月給31万9,319円",正社員,看護,求人ボックス,https://xn--pckua2a7gp15o89zb.com/jb/0e60a9b3431147dbc0a30283bf7d96c8,True,5時間前,2026-10-03 04:55:10,神奈川県
常勤看護師!未経験OK!年間休日126日以上!完全週休2日制新着,合同会社ゆめプロジェクト／精神科特化型訪問看護ス...,神奈川県,"月給26万8,000円",正社員,看護,求人ボックス,https://xn--pckua2a7gp15o89zb.com/jb/e4952719ec53e4b7c820a98b77acbef7,True,3時間前,2026-10-03 04:55:13,神奈川県
看護師／シニア／入職お祝い金あり!栄養満点の昼・夕食は各300円新着,介護老人保健施設ほのぼの 通所リハビリテーション,神奈川県,"時給1,800円～",アルバイト・パート,看護,求人ボックス,https://xn--pckua2a7gp15o89zb.com/jb/f5512275a3198ec774d4b14b4346e47b,True,18時間前,2026-10-03 04:55:13,神奈川県
20～40代活躍中／施設看護師 介護なし 保土ケ谷区の福祉施設新着,株式会社マンキャピタル,神奈川県,"時給2,500円～2,700円",派遣社員,看護,求人ボックス,https://xn--pckua2a7gp15o89zb.com/jb/2010ac8265cdc545fdc4ef928fc0d3c8,True,13時間前,2026-10-03 04:55:17,神奈川県
特別養護老人ホームでの看護師新着,株式会社トラストグロース,神奈川県,"時給2,100円～2,350円",派遣社員,看護,求人ボックス,https://xn--pckua2a7gp15o89zb.com/jb/8300ce7e27c77c8882e2ed23a8f973b2,True,2時間前,2026-10-03 04:55:20,神奈川県
20～30代活躍中／必須 看護師免許 横浜市緑区の病棟看護師新着,株式会社ゲートフォース,神奈川県,月給34万円,正社員,看護,求人ボックス,https://xn--pckua2a7gp15o89zb.com/jb/b40cc09a98ef97a88f502ad32bf0cba0,True,13時間前,2026-10-03 04:55:20,神奈川県
夜勤専従看護職・社会保険完備の職場で看護師／准看護師新着,介護老人保健施設ふるさと,神奈川県,"時給1,967円～2,196円",アルバイト・パート,看護,求人ボックス,https://xn--pckua2a7gp15o89zb.com/jb/00f5e9f3f70f48ba1705b98abb7018fa,True,7時間前,2026-10-03 04:55:20,神奈川県
看護師24h常駐／住宅型有料老人ホームの介護職員／医心館相模大野新着,株式会社アンビス,神奈川県,"月給30万8,300円",正社員,看護,求人ボックス,https://xn--pckua2a7gp15o89zb.com/jb/3ce53a49fc7558abece828d1a7defc6e,True,13時間前,2026-10-03 04:55:24,神奈川県
動物看護師新着,ふくとみ動物病院,神奈川県,"時給1,300円～",アルバイト・パート,看護,求人ボックス,https://xn--pckua2a7gp15o89zb.com/jb/b9a73be3200a4fbec2d11739ed1b618e,True,13時間前,2026-10-03 04:55:26,神奈川県
住宅型有料老人ホームでの看護師新着,株式会社トラストグロース 第3営業部,神奈川県,"時給1,800円",アルバイト・パート,看護,求人ボックス,https://xn--pckua2a7gp15o89zb.com/jb/e85a0e520917bee78cbd32fdfc82ef63,True,3時間前,2026-10-03 04:55:26,神奈川県
正看護師／訪問看護 日勤のみ新着,株式会社シーユーシー・ホスピス,神奈川県,"時給1,900円～2,200円",アルバイト・パート,看護,求人ボックス,https://xn--pckua2a7gp15o89zb.com/jb/eb9847cfd1ca5dee9ebc56fb2f4a4d86,True,9時間前,2026-10-03 04:55:30,神奈川県
サービス付き高齢者向け住宅での看護師新着,株式会社トラストグロース 第2営業部,神奈川県,"時給1,600円～",アルバイト・パート,看護,求人ボックス,https://xn--pckua2a7gp15o89zb.com/jb/c8494cad8ef60a69fd1ddfb40a277587,True,2時間前,2026-10-03 04:55:30,神奈川県
介護施設の看護師／准看護師新着,住宅型有料老人ホーム カーサプラチナ大和,神奈川県,"時給1,788円～",アルバイト・パート,看護,求人ボックス,https://xn--pckua2a7gp15o89zb.com/jb/cf6384c30a9c188c82d7c1ee4f58ab16,True,7時間前,2026-10-03 04:55:30,神奈川県
ケアミックス病院の 看護師 年間休日122日 資格サポート充実新着,医療法人社団医誠会,神奈川県,"月給23万5,000円",正社員,看護,求人ボックス,https://xn--pckua2a7gp15o89zb.com/jb/cf0408d33255547e1fcfe37808d385b8,True,19時間前,2026-10-03 04:55:33,神奈川県
介護施設の看護師／准看護師新着,ミモザ厚木藤苑小規模多機能型居宅介護,神奈川県,"時給1,725円～2,030円",アルバイト・パート,看護,求人ボックス,https://xn--pckua2a7gp15o89zb.com/jb/446b81231911ac6ec5dae8364b24cebc,True,7時間前,2026-10-03 04:55:33,神奈川県
社会保険完備の職場で看護師／准看護師新着,ななつぼし訪問看護ステーション,神奈川県,月給37万円～45万,正社員,看護,求人ボックス,https://xn--pckua2a7gp15o89zb.com/jb/021d6979a98e4d8329c0ee6184c22b9c,True,7時間前,2026-10-03 04:55:33,神奈川県
「愛知県勤務」警備員／待遇に自信あり／引っ越しサポートあり新着,セキュリティスタッフ株式会社,神奈川県,月給24万円～38万,正社員,警備,求人ボックス,https://xn--pckua2a7gp15o89zb.com/jb/68bbb21b09772df4ba30156594fd1904,True,4時間前,2026-10-03 04:55:33,神奈川県
施設警備員／当務で高収入も目指せる／当務・日勤・夜勤のシフトあり新着,セキュリナ・セキュリティー・サービス株式会社,神奈川県,"日給1万1,700円",アルバイト・パート,警備,求人ボックス,https://xn--pckua2a7gp15o89zb.com/jb/7d7ca0ab75486ab64c5d7866cb89d7d0,True,12時間前,2026-10-03 04:55:34,神奈川県
「桜木町駅」官公庁施設の警備員新着,国際ビルサービス株式会社,神奈川県,"月給22万4,779円",正社員,警備,求人ボックス,https://xn--pckua2a7gp15o89zb.com/jb/e35b8b5a0669d15f12845bc94f92cbb8,True,23時間前,2026-10-03 04:55:38,神奈川県
警備員／株式会社MSK 神奈川支社新着,株式会社第二章,神奈川県,日給2万500円,アルバイト・パート,警備,求人ボックス,https://xn--pckua2a7gp15o89zb.com/jb/2bd2aa59fa9e8c9622a0282713627961,True,2時間前,2026-10-03 04:55:38,神奈川県
大学の警備員 当務 09:30～翌09:30他 現場固定 20～50代...新着,SPD株式会社,神奈川県,日給1万455円,アルバイト・パート,警備,求人ボックス,https://xn--pckua2a7gp15o89zb.com/jb/f66d03f0870c81e72ed60c2686fd903f,True,8時間前,2026-10-03 04:55:41,神奈川県
入社祝金6万／工事現場での安全警備員／~17時半／残業無・早帰有新着,グリーン警備保障株式会社,神奈川県,日給1万700円,アルバイト・パート,警備,求人ボックス,https://xn--pckua2a7gp15o89zb.com/jb/9ff1661833b7d949ff5472e3183b522c,True,13時間前,2026-10-03 04:55:44,神奈川県
「異業種からの転職歓迎」タクシードライバー／週3勤務／月収50万以上新着,警備・,神奈川県,"月給45万6,000円",正社員,警備,求人ボックス,https://xn--pckua2a7gp15o89zb.com/jbn/bc7c4c009b4cee32d7637281402fc221,True,9時間前,2026-10-03 04:55:44,神奈川県
駐車場管理スタッフ新着,株式会社パーキングサポートセンター,神奈川県,"時給1,309円～",アルバイト・パート,警備,求人ボックス,https://xn--pckua2a7gp15o89zb.com/jb/5c8c2271924c8013ed57381d77930216,True,10時間前,2026-10-03 04:55:47,神奈川県
中型トラックドライバー4t新着,株式会社サントス,神奈川県,"月給41万4,432円",正社員,警備,求人ボックス,https://xn--pckua2a7gp15o89zb.com/jb/26633b580b1a8b74b05434f8ca66c586,True,6時間前,2026-10-03 04:55:50,神奈川県
「著名人のタクシードライバー」未経験OK・月収50万円以上／週3日勤務／20代～50代が多数活躍中新着,警備員,神奈川県,"月給40万4,000円",正社員,警備,求人ボックス,https://xn--pckua2a7gp15o89zb.com/jbn/ced0ce3445a015f1f8af65f4d4eee4dd,True,13時間前,2026-10-03 04:55:50,神奈川県
タクシードライバー週3日勤務／未経験OK・月収50万円以上・ボーナス支給あり新着,警備員,神奈川県,"月給47万6,500円",正社員,警備,求人ボックス,https://xn--pckua2a7gp15o89zb.com/jbn/c87f151fb299e856c378b6f762f73c33,True,11時間前,2026-10-03 04:55:55,神奈川県
「夜勤・アプリ配車タクシードライバー」二種免許不要／月収40万以上／未経験歓迎新着,警備員,神奈川県,"月給40万4,000円",正社員,警備,求人ボックス,https://xn--pckua2a7gp15o89zb.com/jbn/ed4e584c8dea9d3566ff26680f3d1b37,True,10時間前,2026-10-03 04:55:55,神奈川県
著名人や企業役員のタクシードライバー「週3日勤務」未経験OK・月収40万円以上／ボーナス支給あり新着,警備員,神奈川県,"月給40万4,000円",正社員,警備,求人ボックス,https://xn--pckua2a7gp15o89zb.com/jbn/26b4eaf3b0898d39ae976581269a9475,True,13時間前,2026-10-03 04:55:58,神奈川県
「夜勤・タクシードライバー」急募／月収50万以上・20代活躍中／普通免許でOK新着,警備員,神奈川県,"月給45万6,000円",正社員,警備,求人ボックス,https://xn--pckua2a7gp15o89zb.com/jbn/de5ac0a614933ef1b22db7f3c0a2fe3c,True,9時間前,2026-10-03 04:55:58,神奈川県
日払い可能!小型の配送ドライバー／運べば運ぶほど稼げる 面接1回新着,JCSロジスコ株式会社,神奈川県,月給50万円～100万円,,ドライバー,求人ボックス,https://xn--pckua2a7gp15o89zb.com/jb/c01fdd2c1067d73ffc281ea8d4ec877b,True,23時間前,2026-10-03 04:55:32,神奈川県
飲食店舗の食材の配送ドライバー新着,株式会社ジャパン・リリーフ,神奈川県,"時給1,450円～",派遣社員,ドライバー,求人ボックス,https://xn--pckua2a7gp15o89zb.com/jb/761ea5a619822b0499058fdd3ee26300,True,9時間前,2026-10-03 04:55:32,神奈川県
「日勤のみ×残業少なめ」中距離の大型トラックドライバー／昇給あり新着,司企業株式会社,神奈川県,"月給24万5,000円",正社員,ドライバー,求人ボックス,https://xn--pckua2a7gp15o89zb.com/jbn/f758ae0cbc1263ce93d5f369f6dfc99b,True,22時間前,2026-10-03 04:55:33,神奈川県
タクシードライバー「普通免許のみ」／年収600万円以上／未経験でも高収...新着,タクシー,神奈川県,月給45万円～80万円,正社員,ドライバー,求人ボックス,https://xn--pckua2a7gp15o89zb.com/jbn/04ea1d0b8b3132f2310d568141dc8617,True,10時間前,2026-10-03 04:55:37,神奈川県
タクシードライバー／週3日勤務「専属運転手」20代~50代活躍中新着,ドライバー,神奈川県,"月給45万6,000円",正社員,ドライバー,求人ボックス,https://xn--pckua2a7gp15o89zb.com/jbn/bf8d3405f06b9339e2603c97a73b4c6a,True,9時間前,2026-10-03 04:55:40,神奈川県
「夜勤・タクシードライバー」月収50万以上・履歴書不要／普通免許でOK新着,ドライバー,神奈川県,"月給45万6,000円",正社員,ドライバー,求人ボックス,https://xn--pckua2a7gp15o89zb.com/jbn/8227ae9d01d78d439afef8643dac9430,True,9時間前,2026-10-03 04:55:40,神奈川県
2tトラックでの外食配送ドライバー／未経験歓迎／日曜休みOK／賞与あり新着,東栄興業株式会社,神奈川県,月給32万円～37万円,契約社員,ドライバー,求人ボックス,https://xn--pckua2a7gp15o89zb.com/jb/a3dd188d8a5bafdcc41f56e01544fb3b,True,9時間前,2026-10-03 04:55:40,神奈川県
月収41.8万円保証!ロイヤリティー代無料 大手EC配送ドライバー新着,五ツ星ロジ株式会社,神奈川県,"月給41万8,000円",,ドライバー,求人ボックス,https://xn--pckua2a7gp15o89zb.com/jbi/7c46a8aced779039ee08829d94c8ea0f,True,21時間前,2026-10-03 04:55:44,神奈川県
タクシードライバー／未経験歓迎／日曜休みOK／週3から可能新着,湘葉交通株式会社,神奈川県,月給25万円～46万円,正社員,ドライバー,求人ボックス,https://xn--pckua2a7gp15o89zb.com/jb/3514736b30d0764701a96fa2e708f040,True,9時間前,2026-10-03 04:55:44,神奈川県
タクシードライバー／「経営者の専属運転手」月収50万以上・週3勤務新着,ドライバー,神奈川県,"月給40万4,000円",正社員,ドライバー,求人ボックス,https://xn--pckua2a7gp15o89zb.com/jbn/7d604f3764ce24b3c864f7486e505c1b,True,10時間前,2026-10-03 04:55:44,神奈川県
タクシードライバー「週3勤務」月収50万以上可／普通免許1年でOK新着,<関連職種>役員運転手/送迎,神奈川県,"月給45万6,000円",正社員,ドライバー,求人ボックス,https://xn--pckua2a7gp15o89zb.com/jbn/c08df78957a7ae22b33ccd6124affb4c,True,9時間前,2026-10-03 04:55:44,神奈川県
タクシードライバー「普通免許のみ」／年収600万円以上／未経験でも高収...新着,ドライバー,神奈川県,月給45万円～80万円,正社員,ドライバー,求人ボックス,https://xn--pckua2a7gp15o89zb.com/jbn/3bd66e934caabba9bab5690d45a47227,True,10時間前,2026-10-03 04:55:48,神奈川県
大型トラックでのルート配送ドライバー／未経験歓迎／日曜休みOK新着,株式会社ヤマタネロジスティクス,神奈川県,月給38万円～40万円,正社員,ドライバー,求人ボックス,https://xn--pckua2a7gp15o89zb.com/jb/d7703ca1b613125c40c45f2cd2d0c052,True,9時間前,2026-10-03 04:55:48,神奈川県
日払い可能!慣れたら月収100万可能 軽貨物の配送ドライバー新着,Jルート株式会社,神奈川県,月給45万円～100万円,,ドライバー,求人ボックス,https://xn--pckua2a7gp15o89zb.com/jb/4fd03866cb19a2000042ede9cbbdee8b,True,9時間前,2026-10-03 04:55:48,神奈川県
タクシードライバー／未経験歓迎／週3から可能／賞与あり新着,神奈川都市交通株式会社,神奈川県,月給33万円～70万円,正社員,ドライバー,求人ボックス,https://xn--pckua2a7gp15o89zb.com/jb/09839c078238e39d353e467a099aaaa8,True,9時間前,2026-10-03 04:55:51,神奈川県
タクシードライバー／未経験歓迎／週3から可能新着,ロイヤル交通株式会社,神奈川県,月給23万円～58万円,正社員,ドライバー,求人ボックス,https://xn--pckua2a7gp15o89zb.com/jb/e337bb1b1a947605299bdfe7d5ff4c82,True,9時間前,2026-10-03 04:55:51,神奈川県
「週3日勤務」芸能関係のタクシードライバー／普通免許でOK新着,ドライバー,神奈川県,"月給40万4,000円",正社員,ドライバー,求人ボックス,https://xn--pckua2a7gp15o89zb.com/jbn/b90c25ba8b38fbb751e1c16ebbaf1007,True,13時間前,2026-10-03 04:55:51,神奈川県
タクシードライバー／未経験歓迎／日曜休みOK／週3から可能新着,株式会社JOL ジャパンタクシー,神奈川県,月給19万円～51万円,正社員,ドライバー,求人ボックス,https://xn--pckua2a7gp15o89zb.com/jb/2dc5feb9575b224087f97a739e41dbe4,True,9時間前,2026-10-03 04:55:51,神奈川県
タクシードライバー／未経験歓迎／日曜休みOK／週3から可能新着,株式会社ベストワークジャパン,神奈川県,月給25万円～42万円,正社員,ドライバー,求人ボックス,https://xn--pckua2a7gp15o89zb.com/jb/45d78b729e9923d5c86c8bbf4dfca964,True,9時間前,2026-10-03 04:55:59,神奈川県
引越しドライバー／未経験歓迎／日曜休みOK／賞与あり新着,株式会社サカイ引越センター,神奈川県,月給28万円～45万円,正社員,ドライバー,求人ボックス,https://xn--pckua2a7gp15o89zb.com/jb/bf015dc6fa05a714db12205695be47c5,True,9時間前,2026-10-03 04:55:59,神奈川県
2tドライバー／日曜日と祝日休み／資格活かせます／日勤／長期で働ける新着,株式会社スタートライン相模,神奈川県,月給28万円～35万円,正社員,ドライバー,求人ボックス,https://xn--pckua2a7gp15o89zb.com/jb/381ccb42f95f9128ae741f59472d3302,True,12時間前,2026-10-03 04:56:02,神奈川県
タクシードライバー／未経験歓迎／日曜休みOK／週3から可能新着,逗子菊池タクシー株式会社,神奈川県,月給30万円～50万円,正社員,ドライバー,求人ボックス,https://xn--pckua2a7gp15o89zb.com/jb/b120eece8121de8e1e5e14ee88ffdcfe,True,9時間前,2026-10-03 04:56:05,神奈川県
半導体関連部品の製造スタッフ新着,株式会社ミックコーポレーション,神奈川県,"時給1,600円～2,000円",派遣社員,製造,求人ボックス,https://xn--pckua2a7gp15o89zb.com/jb/55edc432e6ec282fa61b9d27d4a0a80e,True,21時間前,2026-10-03 04:55:36,神奈川県
「手に職をつけるチャンス!」こだわりパンの製造スタッフ／車通勤OK新着,製造,神奈川県,"月給31万2,310円",正社員,製造,求人ボックス,https://xn--pckua2a7gp15o89zb.com/jbn/c3887daaf103d9f3929104f465556a36,True,15時間前,2026-10-03 04:55:36,神奈川県
「正社員として働ける!」／キャラクター入浴剤パッケージの製造スタッフ新着,製造,神奈川県,"月給35万7,000円",正社員,製造,求人ボックス,https://xn--pckua2a7gp15o89zb.com/jbn/9b3dd36da577c61e3d2a35f056171834,True,13時間前,2026-10-03 04:55:37,神奈川県
「未経験でも始めやすい!」／ラバーストラップの製造スタッフ新着,製造,神奈川県,"月給35万3,000円",正社員,製造,求人ボックス,https://xn--pckua2a7gp15o89zb.com/jbn/1a5e3548f64679dd56c19a6417ccd0c1,True,13時間前,2026-10-03 04:55:41,神奈川県
「フリーターから正社員へ!」アロマキャンドルづくりの製造スタッフ新着,製造,神奈川県,"月給30万3,320円",正社員,製造,求人ボックス,https://xn--pckua2a7gp15o89zb.com/jbn/2af994cfb05dad62ec6e5d07b545904c,True,15時間前,2026-10-03 04:55:41,神奈川県
「未経験から始める工場ワーク!」猫用おもちゃの製造スタッフ／賞与あり新着,製造,神奈川県,"月給30万8,260円",正社員,製造,求人ボックス,https://xn--pckua2a7gp15o89zb.com/jbn/b2041aa99d3173c8dfb6a1f30d8bea4e,True,15時間前,2026-10-03 04:55:41,神奈川県
「安定収入を目指すなら!」パチンコ・パチスロ景品づくりの製造スタッフ新着,製造,神奈川県,月給32万590円,正社員,製造,求人ボックス,https://xn--pckua2a7gp15o89zb.com/jbn/d7cf7815feb19117c41e0def515d2fc8,True,15時間前,2026-10-03 04:55:44,神奈川県
「未経験から高収入へ!」／アニメミニ色紙の製造スタッフ／正社員デビュー...新着,製造,神奈川県,"月給35万8,000円",正社員,製造,求人ボックス,https://xn--pckua2a7gp15o89zb.com/jbn/7296a98f1f6d1d30aef90bf54b35ca3b,True,13時間前,2026-10-03 04:55:51,神奈川県
「未経験から製造デビュー!」クリスマスグッズの製造スタッフ／正社員新着,製造,神奈川県,"月給30万6,030円",正社員,製造,求人ボックス,https://xn--pckua2a7gp15o89zb.com/jbn/5b4994e50f16825ea8574a7880f781e1,True,14時間前,2026-10-03 04:55:51,神奈川県
リゾートホテルの客室清掃スタッフ新着,株式会社東海ビルメンテナス,神奈川県,"時給1,300円～",アルバイト・パート,清掃,求人ボックス,https://xn--pckua2a7gp15o89zb.com/jb/67f59071b4968e20513fdd155250d857,True,18時間前,2026-10-03 04:56:04,神奈川県
ゴルフ場の清掃スタッフ／週2日からOK／特殊清掃なし／未経験OK新着,株式会社トータルメンテナンスジャパン,神奈川県,"時給1,279円",アルバイト・パート,清掃,求人ボックス,https://xn--pckua2a7gp15o89zb.com/jb/97207a3d5dd5fe64e827ef64e10a8dfa,True,23時間前,2026-10-03 04:56:04,神奈川県
商業施設の清掃スタッフ新着,株式会社CAREER,神奈川県,"時給1,300円",派遣社員,清掃,求人ボックス,https://xn--pckua2a7gp15o89zb.com/jb/d818d4abbb383ec9b0f9117c4c49261f,True,10時間前,2026-10-03 04:56:04,神奈川県
レストランの清掃STAFF新着,レッドロブスタージャパン株式会社 採用窓口,神奈川県,"時給1,310円～1,360円",アルバイト・パート,清掃,求人ボックス,https://xn--pckua2a7gp15o89zb.com/jb/4bca0198f0ba4a188c74982735a17c38,True,14時間前,2026-10-03 04:56:04,神奈川県
大浴場等共用部の清掃スタッフ新着,株式会社美装フジモト,神奈川県,"時給1,320円～1,600円",アルバイト・パート,清掃,求人ボックス,https://xn--pckua2a7gp15o89zb.com/jb/7ad7998d2fc636b51e705c12b2ed60d5,True,13時間前,2026-10-03 04:56:04,神奈川県
"時給1,500円!朝2時間だけの清掃スタッフ新着",京浜サービス株式会社,神奈川県,"時給1,500円",アルバイト・パート,清掃,求人ボックス,https://xn--pckua2a7gp15o89zb.com/jb/689cc51978991855663f18e85767ed36,True,5時間前,2026-10-03 04:56:05,神奈川県
商業施設の清掃スタッフ新着,株式会社白青舎,神奈川県,"時給1,350円",アルバイト・パート,清掃,求人ボックス,https://xn--pckua2a7gp15o89zb.com/jb/d3c14deb30a9bca46749d34862ec68f2,True,4時間前,2026-10-03 04:56:05,神奈川県
オフィスの日常清掃スタッフ新着,日東グローブシップ・カストディアル・サービス株式...,神奈川県,"時給1,300円～",アルバイト・パート,清掃,求人ボックス,https://xn--pckua2a7gp15o89zb.com/jb/f128e156cf9c8089553dc7313b1e6864,True,6時間前,2026-10-03 04:56:05,神奈川県
オフィス・一般家庭の清掃スタッフ／週1日～OK新着,ケアサービス藤沢,神奈川県,"時給1,300円～",アルバイト・パート,清掃,求人ボックス,https://xn--pckua2a7gp15o89zb.com/jbn/e4b0a7dae6e11a789ac26d00b5932a12,True,19時間前,2026-10-03 04:56:05,神奈川県
事務所ビルの日常清掃スタッフ新着,株式会社湘南管財,神奈川県,"時給1,350円",アルバイト・パート,清掃,求人ボックス,https://xn--pckua2a7gp15o89zb.com/jb/e0d394ebf61d12fdd64adb4e15a9fea2,True,6時間前,2026-10-03 04:56:05,神奈川県
オフィスビルの清掃スタッフ新着,株式会社丸美産業,神奈川県,"時給1,500円",アルバイト・パート,清掃,求人ボックス,https://xn--pckua2a7gp15o89zb.com/jb/dab5fccf38f9597b8e5c16ffa7d99edd,True,6時間前,2026-10-03 04:56:05,神奈川県
マンション共用部の清掃スタッフ新着,株式会社サンエス,神奈川県,"時給1,300円",アルバイト・パート,清掃,求人ボックス,https://xn--pckua2a7gp15o89zb.com/jb/bd1e02756f94e3510151d874b1ff0341,True,5時間前,2026-10-03 04:56:05,神奈川県
官公庁内の清掃スタッフ新着,株式会社クリアー,神奈川県,"時給1,306円",アルバイト・パート,清掃,求人ボックス,https://xn--pckua2a7gp15o89zb.com/jb/4cee50e1565c3a42a79df6726e648797,True,6時間前,2026-10-03 04:56:08,神奈川県
オフィスビルの日常清掃スタッフ新着,株式会社エーワンサービス,神奈川県,"時給1,300円～",アルバイト・パート,清掃,求人ボックス,https://xn--pckua2a7gp15o89zb.com/jb/38d5ca731b103eee97c43cda4dde9d4f,True,6時間前,2026-10-03 04:56:08,神奈川県
オフィスビル清掃スタッフ新着,エス・シー・ビルサービス株式会社,神奈川県,"時給1,350円～",アルバイト・パート,清掃,求人ボックス,https://xn--pckua2a7gp15o89zb.com/jb/996aac8d457b329f3999f9d98e8e1172,True,12時間前,2026-10-03 04:56:08,神奈川県
オフィスビルの清掃スタッフ 夜新着,株式会社エフ・ビー・エム,神奈川県,"時給1,400円",アルバイト・パート,清掃,求人ボックス,https://xn--pckua2a7gp15o89zb.com/jb/74010c7082ee30162ba25cac01040d4a,True,7時間前,2026-10-03 04:56:08,神奈川県
ペットショップの清掃・店舗スタッフ／ペットフォレスト小平店安心の社会保...新着,株式会社犬の家 ペットフォレスト小平店,神奈川県,月給22万円～30万円,正社員,清掃,求人ボックス,https://xn--pckua2a7gp15o89zb.com/jbn/6b1cbc130a7284e5d3c7db3ce814c8c4,True,22時間前,2026-10-03 04:56:08,神奈川県
夜勤のみ×1392円!簡単プラスチック空箱の清掃や検査スタッフ新着,株式会社セントラルサービス,神奈川県,"時給1,392円",派遣社員,清掃,求人ボックス,https://xn--pckua2a7gp15o89zb.com/jb/dd1711742804bcfcebcdc0617d2fa877,True,13時間前,2026-10-03 04:56:08,神奈川県
館内清掃・リネン洗濯スタッフ新着,株式会社東洋食品PFI管理部,神奈川県,"時給1,250円～",アルバイト・パート,清掃,求人ボックス,https://xn--pckua2a7gp15o89zb.com/jb/88c28daf84d2eece6af4ce22e8ff7132,True,5時間前,2026-10-03 04:56:08,神奈川県
スーパーの開店前清掃スタッフ新着,アイング株式会社 清掃部 ヨークマート磯子店 清掃,神奈川県,"時給1,280円～",アルバイト・パート,清掃,求人ボックス,https://xn--pckua2a7gp15o89zb.com/jb/5051e4cc7db7b43b5bf1790908df9a43,True,17時間前,2026-10-03 04:56:11,神奈川県
マンションの清掃スタッフ新着,神奈川清和株式会社,神奈川県,"時給1,300円",アルバイト・パート,清掃,求人ボックス,https://xn--pckua2a7gp15o89zb.com/jb/ecc8fdcd024ca518cb3d0dfcb5d5ffe6,True,6時間前,2026-10-03 04:56:11,神奈川県
特別養護老人ホームの清掃スタッフ新着,特別養護老人ホーム しなの森のさと,神奈川県,"時給1,300円～",派遣社員,清掃,求人ボックス,https://xn--pckua2a7gp15o89zb.com/jb/b0c4c9142f80db83395a099592591336,True,6時間前,2026-10-03 04:56:11,神奈川県
清掃スタッフ／未経験OK／ブランクOK／社会保険完備／RST00302...新着,株式会社木下の介護,神奈川県,"時給1,279円",アルバイト・パート,清掃,求人ボックス,https://xn--pckua2a7gp15o89zb.com/jb/041c29f94baae3dfd1480fe4eb8940c6,True,23時間前,2026-10-03 04:56:11,神奈川県
パチンコ店清掃スタッフ新着,アンダーツリー株式会社 キコーナ 伊勢原店,神奈川県,"時給1,280円",アルバイト・パート,清掃,求人ボックス,https://xn--pckua2a7gp15o89zb.com/jb/84d22279ee837d03ebc23b0f77081d2c,True,11時間前,2026-10-03 04:56:11,神奈川県
パチンコ店清掃スタッフ新着,アンダーツリー株式会社 キコーナ 海老名店,神奈川県,"時給1,280円～1,600円",アルバイト・パート,清掃,求人ボックス,https://xn--pckua2a7gp15o89zb.com/jb/207b82fffb53b463c1ae90f252e63c43,True,11時間前,2026-10-03 04:56:11,神奈川県
ホテル清掃スタッフ新着,株式会社ウエストサイド,神奈川県,"時給1,300円～2,200円",アルバイト・パート,清掃,求人ボックス,https://xn--pckua2a7gp15o89zb.com/jb/702f8b94132ca49b5ff0dd98c9010e2e,True,3時間前,2026-10-03 04:56:13,神奈川県
「新横浜駅」オフィスビルの清掃スタッフ新着,国際ビルサービス株式会社,神奈川県,"時給1,350円～",アルバイト・パート,清掃,求人ボックス,https://xn--pckua2a7gp15o89zb.com/jb/72faddd0276764f779625b23a3d59ead,True,23時間前,2026-10-03 04:56:13,神奈川県
未経験から3週間で独立!高日給1.5万～2.8万円の新築清掃スタッフ新着,株式会社調和プロダクトサービス,神奈川県,日給1,,清掃,求人ボックス,https://xn--pckua2a7gp15o89zb.com/jb/6e52d3a24ae1635e3547132db9c81e77,True,4時間前,2026-10-03 04:56:13,神奈川県
清掃スタッフ新着,新進建設株式会社,神奈川県,"時給1,279円",アルバイト・パート,清掃,求人ボックス,https://xn--pckua2a7gp15o89zb.com/jb/b5d659e76e42c42b5684cd54e2233cfd,True,5時間前,2026-10-03 04:56:13,神奈川県
マンションの清掃スタッフ新着,東急ビルメンテナンス株式会社,神奈川県,"時給1,280円",アルバイト・パート,清掃,求人ボックス,https://xn--pckua2a7gp15o89zb.com/jb/84ed5bd457d62a26b978094c2e29c62e,True,4時間前,2026-10-03 04:56:13,神奈川県
工場内の清掃スタッフ新着,日生株式会社,神奈川県,"時給1,300円",アルバイト・パート,清掃,求人ボックス,https://xn--pckua2a7gp15o89zb.com/jb/9f95da707b9760e25422f56303f5e811,True,4時間前,2026-10-03 04:56:13,神奈川県
病院内の清掃スタッフ新着,医療法人若葉会 川崎田園都市病院,神奈川県,"時給1,330円",アルバイト・パート,清掃,求人ボックス,https://xn--pckua2a7gp15o89zb.com/jb/438a4e7dd63d2ae7eb20eb4a49e82b11,True,5時間前,2026-10-03 04:56:13,神奈川県
マンションの排水管清掃スタッフ新着,有限会社ミズコーポレーション,神奈川県,日給1万円～,アルバイト・パート,清掃,求人ボックス,https://xn--pckua2a7gp15o89zb.com/jb/273e4faf2a857e064877d2dca3aaa2d4,True,6時間前,2026-10-03 04:56:18,神奈川県
清掃スタッフ新着,住友不動産建物サービス株式会社,神奈川県,"時給1,225円～",アルバイト・パート,清掃,求人ボックス,https://xn--pckua2a7gp15o89zb.com/jb/5f803a31351c0c290a8f709054dc5e37,True,18時間前,2026-10-03 04:56:18,神奈川県
浜松町のレストラン清掃スタッフ／キレイなレストランの清掃スタッフ募集!新着,株式会社サンセイ,神奈川県,"時給1,350円～",アルバイト・パート,清掃,求人ボックス,https://xn--pckua2a7gp15o89zb.com/jb/28175666c350d625038ff79f6cc2e72c,True,14時間前,2026-10-03 04:56:18,神奈川県
施設清掃スタッフ／土日のみ／午前中・4時間勤務 原宿駅からのアクセス新着,都市計画サービス株式会社,神奈川県,"時給1,500円",アルバイト・パート,清掃,求人ボックス,https://xn--pckua2a7gp15o89zb.com/jb/ced8d3be669754d8ae6d55a6b6dce8a2,True,14時間前,2026-10-03 04:56:18,神奈川県
清掃新着,株式会社YKB,神奈川県,"時給1,250円～",アルバイト・パート,清掃,求人ボックス,https://xn--pckua2a7gp15o89zb.com/jb/96486c8b52b06591fcdd25c6401fabff,True,14時間前,2026-10-03 04:56:18,神奈川県
10月新規オープン／施設内清掃／週1日から／無資格・未経験可／車通勤可新着,株式会社日本アメニティライフ協会,神奈川県,"時給1,280円",アルバイト・パート,清掃,求人ボックス,https://xn--pckua2a7gp15o89zb.com/jb/b7a934e9afe1f1496cb9ac8425cbdc86,True,12時間前,2026-10-03 04:56:18,神奈川県
平日の午前だけ・駅チカのオフィスビル清掃新着,大星ビルメンテナンス株式会社,神奈川県,"時給1,300円",アルバイト・パート,清掃,求人ボックス,https://xn--pckua2a7gp15o89zb.com/jb/cc265725e8150ed7b99de214fafb71e2,True,23時間前,2026-10-03 04:56:20,神奈川県
土日祝・長期休暇はお休みで家庭と両立 時給1400円!車・バイク通勤OK新着,和光産業株式会社,神奈川県,時給1400円,アルバイト・パート,清掃,求人ボックス,https://xn--pckua2a7gp15o89zb.com/jb/d28edc647c4d1eccdc60fa758e731c2f,True,13時間前,2026-10-03 04:56:20,神奈川県
積極採用中!クリニックでの医療事務新着,株式会社日本教育クリエイト,神奈川県,"時給1,400円～1,500円",派遣社員,清掃,求人ボックス,https://xn--pckua2a7gp15o89zb.com/jbn/77181279d5de59cc8d63b3fffdc8a1e3,True,23時間前,2026-10-03 04:56:20,神奈川県
簡単作業でサクッと稼ぎませんか? 難しい作業は一切ありません新着,章洋建物管理株式会社,神奈川県,"時給1,500円",アルバイト・パート,清掃,求人ボックス,https://xn--pckua2a7gp15o89zb.com/jb/e6a25d8fc52e197ebf45a48b10e22810,True,13時間前,2026-10-03 04:56:20,神奈川県
ホテルの客室清掃責任者候補新着,株式会社サービスBe,神奈川県,"時給1,400円",アルバイト・パート,清掃,求人ボックス,https://xn--pckua2a7gp15o89zb.com/jb/da702be50d7085979718794b0017470b,True,14時間前,2026-10-03 04:56:20,神奈川県
近所でサクッと働きたい方 初めてのパート大歓迎・年齢不問・未経験&扶養内OK・交通費支給新着,株式会社片倉キャロンサービス,神奈川県,"時給1,450円",アルバイト・パート,清掃,求人ボックス,https://xn--pckua2a7gp15o89zb.com/jb/e32cce78e5ad2a7c322af556f0a305ac,True,14時間前,2026-10-03 04:56:23,神奈川県
ファミレスのホールスタッフ 店長候補 店長経験不問 年休120日以上 7連休年2回新着,株式会社デニーズジャパン,神奈川県,月給23万円～40万円,正社員,清掃,求人ボックス,https://xn--pckua2a7gp15o89zb.com/jb/28425d4f437954ce367072784dcd2672,True,4時間前,2026-10-03 04:56:23,神奈川県
生活支援スタッフ 障がい者グループホーム勤務 未経験可 週1回から勤務 髪型髪色自由新着,ミナノワ株式会社,神奈川県,"時給1,432円",アルバイト・パート,清掃,求人ボックス,https://xn--pckua2a7gp15o89zb.com/jb/2cbc382197da9993d9a7b114805319d6,True,4時間前,2026-10-03 04:56:23,神奈川県
体育館の設備保守管理業務／週3日設備スタッフ新着,相模トライアム株式会社,神奈川県,"時給1,310円～1,350円",アルバイト・パート,清掃,求人ボックス,https://xn--pckua2a7gp15o89zb.com/jb/e926797b43bf9557afa686e9c4c1d38e,True,5時間前,2026-10-03 04:56:23,神奈川県
コンビニスタッフ新着,ミニストップ 御殿場新橋店,神奈川県,"時給1,230円",アルバイト・パート,清掃,求人ボックス,https://xn--pckua2a7gp15o89zb.com/jb/2791a4c2c60672a5ef57ae013c8e1d95,True,12時間前,2026-10-03 04:56:23,神奈川県
家事お手伝いスタッフ／週1日、1日3時間～OK新着,ケアサービス相模原,神奈川県,"時給1,300円～",アルバイト・パート,清掃,求人ボックス,https://xn--pckua2a7gp15o89zb.com/jbn/97b6cfd59710175ad89d3e5a7e5468e3,True,19時間前,2026-10-03 04:56:26,神奈川県
未経験歓迎!マンション管理員の代行スタッフ!新着,株式会社キャンテック 町田支所,神奈川県,"時給1,500円",,清掃,求人ボックス,https://xn--pckua2a7gp15o89zb.com/jb/0f1608cdde7a09399e07ec38da6e9585,True,11時間前,2026-10-03 04:56:26,神奈川県
串カツ田中のホールキッチンスタッフ新着,株式会社ユニシアホールディングス,神奈川県,"月給26万1,000円",正社員,清掃,求人ボックス,https://xn--pckua2a7gp15o89zb.com/jb/0488dc58ba9fc6c4625617e541e51535,True,4時間前,2026-10-03 04:56:26,神奈川県
「ケアキャスト」未経験・無資格OK／20-50代活躍中／賞与年2回あり／病院で活躍できるお仕事新着,横浜病院,神奈川県,月給29万円～32万円,正社員,清掃,求人ボックス,https://xn--pckua2a7gp15o89zb.com/jbn/ae3e92e07ed6399cad2d1678bfd8189d,True,10時間前,2026-10-03 04:56:26,神奈川県
ビルの共用部の日常清掃業務新着,株式会社互幸ワークス,神奈川県,"時給1,400円",アルバイト・パート,清掃,求人ボックス,https://xn--pckua2a7gp15o89zb.com/jb/36ec84c716ece19dc81ec45f05bb714e,True,18時間前,2026-10-03 04:56:26,神奈川県
「毎日の“おいしい”を支える調理のお仕事」／社員食堂の調理師／子育て応援／駅チカ／賞与あり／主婦歓迎新着,お仕事内容 日替わりメニューの調理対応 食材の下処理や仕込み作業 盛り付け、提供準備 食器の洗浄や厨房内の,神奈川県,月給25万円～27万円,正社員,清掃,求人ボックス,https://xn--pckua2a7gp15o89zb.com/jbn/4021f426a8a166b617e6c48daaf11882,True,14時間前,2026-10-03 04:56:26,神奈川県
「ブランクOK!無理なく再スタート」／中学校給食の調理師／土日祝休み／残業少なめ新着,調理室・器具の洗浄・,神奈川県,月給25万円～27万円,正社員,清掃,求人ボックス,https://xn--pckua2a7gp15o89zb.com/jbn/b20fca6566e554f00eb5bd4ad3338309,True,16時間前,2026-10-03 04:56:29,神奈川県
「資格を活かして再スタート」／介護施設の調理師／アットホームな職場／駐車場完備／まかないあり新着,お仕事内容 利用者さま向けの食事調理 食材の仕込みや下ごしらえ  盛り付け、配膳準備 食器洗浄や厨房内の,神奈川県,月給25万円～27万円,正社員,清掃,求人ボックス,https://xn--pckua2a7gp15o89zb.com/jbn/79f1c6c94439fd9fd13a07211c4f6280,True,14時間前,2026-10-03 04:56:29,神奈川県
「男女ともに活躍中」／中学校給食の調理師／土日祝休み／長期安定／残業少なめ／20〜30代活躍中新着,調理室・器具の洗浄・,神奈川県,月給25万円～27万円,正社員,清掃,求人ボックス,https://xn--pckua2a7gp15o89zb.com/jbn/c90fcc6a0881c502004929664e69a6b9,True,16時間前,2026-10-03 04:56:29,神奈川県
「子育て世代にやさしい働き方」／学校給食センターの調理師／長期休みあり／福利厚生充実／主婦歓迎新着,食器洗浄や,神奈川県,月給25万円～27万円,正社員,清掃,求人ボックス,https://xn--pckua2a7gp15o89zb.com/jbn/a12ea5f5cbebd424d88a8cc0e54bccfe,True,14時間前,2026-10-03 04:56:29,神奈川県
介護施設の調理師／月収25万円以上可能／賞与年2回／交通費支給／駐車場完備／主婦歓迎新着,お仕事内容 利用者さま向けの食事調理 食材の仕込みや下ごしらえ  盛り付け、配膳準備 食器洗浄や厨房内の,神奈川県,月給25万円～27万円,正社員,清掃,求人ボックス,https://xn--pckua2a7gp15o89zb.com/jbn/ab6f829875893dc763f2fb17635270f6,True,14時間前,2026-10-03 04:56:29,神奈川県
「大手法人で安定勤務!」／福祉施設の調理師／年間休日110日以上／マイカー通勤OK／主婦歓迎新着,食器洗浄や厨房内の,神奈川県,月給25万円～27万円,正社員,清掃,求人ボックス,https://xn--pckua2a7gp15o89zb.com/jbn/d38df36331457a837421dd6e40baadea,True,14時間前,2026-10-03 04:56:29,神奈川県
「学生に喜ばれる食事づくり」／小学校給食の調理師／食事補助あり／活気ある職場／働きやすい環境新着,お仕事内容 日替わりメニューの調理 食材の仕込み・下ごしらえ  盛り付けや提供準備 食器の洗浄や厨房内の,神奈川県,月給25万円～27万円,正社員,清掃,求人ボックス,https://xn--pckua2a7gp15o89zb.com/jbn/a134bf7dc9fb23b1112b23e1c7046a50,True,14時間前,2026-10-03 04:56:29,神奈川県
歯科衛生士新着,医療法人洸明会,愛知県,月給24万円～35万円,正社員,歯科,求人ボックス,https://xn--pckua2a7gp15o89zb.com/jb/f8f5e3dbbaef3b09a2a3610851fde846,True,22時間前,2026-10-03 04:56:32,愛知県
歯科衛生士新着,桜歯科クリニック,愛知県,"時給1,700円～2,000円",アルバイト・パート,歯科,求人ボックス,https://xn--pckua2a7gp15o89zb.com/jb/4bbf4d1d771df8645ef2f311e3892917,True,5時間前,2026-10-03 04:56:32,愛知県
歯科衛生士／年間休日125日／残業ほぼなし／実質完全週休2日制新着,香久山歯科医院,愛知県,月給26万円～30万円,正社員,歯科,求人ボックス,https://xn--pckua2a7gp15o89zb.com/jb/e906415d3b828adf4f7f15c6ecd02eb1,True,4時間前,2026-10-03 04:56:32,愛知県
歯科衛生士新着,加藤歯科医院,愛知県,月給27万円～,正社員,歯科,求人ボックス,https://xn--pckua2a7gp15o89zb.com/jb/31a4be781facf4a88b627c43b9fe82b1,True,7時間前,2026-10-03 04:56:32,愛知県
歯科衛生士新着,成瀬歯科医院,愛知県,"月給29万5,000円",正社員,歯科,求人ボックス,https://xn--pckua2a7gp15o89zb.com/jb/7645e658482d3f658525f4edabf672a4,True,7時間前,2026-10-03 04:56:32,愛知県
歯科衛生士／Oh my teeth 愛知栄矯正歯科新着,一般社団法人OralX,愛知県,月給33万円～67万,正社員,歯科,求人ボックス,https://xn--pckua2a7gp15o89zb.com/jb/e84651c725086ff586ea1a5e9f581ded,True,7時間前,2026-10-03 04:56:32,愛知県
歯科助手・受付・社会保険完備の職場で歯科助手新着,ひろいし歯科クリニック,愛知県,"時給1,200円～1,500円",アルバイト・パート,歯科,求人ボックス,https://xn--pckua2a7gp15o89zb.com/jb/21bff06d2501706f8d2e3e33351942df,True,7時間前,2026-10-03 04:56:32,愛知県
受付業務などを行う歯科助手新着,河合歯科医院,愛知県,"月給21万2,000円",正社員,歯科,求人ボックス,https://xn--pckua2a7gp15o89zb.com/jb/d00afd73273062b93433c0799116d72f,True,7時間前,2026-10-03 04:56:32,愛知県
クリーンスタッフ・社会保険完備の職場で歯科助手新着,みんなの歯医者さん,愛知県,"時給1,400円",アルバイト・パート,歯科,求人ボックス,https://xn--pckua2a7gp15o89zb.com/jb/d6d71c958479e66acf188b56abfbdf81,True,7時間前,2026-10-03 04:56:32,愛知県
医院スタッフ・社会保険完備の職場で医療事務／受付新着,医療法人誠流会 まつば藤城歯科医院,愛知県,月給26万円～30万円,正社員,歯科,求人ボックス,https://xn--pckua2a7gp15o89zb.com/jb/e2d91317758a70bc8a45226cfda1a5a8,True,7時間前,2026-10-03 04:56:32,愛知県
受付業務などを行う歯科助手新着,とだ歯科医院,愛知県,月給21万円～28万円,正社員,歯科,求人ボックス,https://xn--pckua2a7gp15o89zb.com/jb/cbe754dd01a582c6c1c7f30fe2410edd,True,7時間前,2026-10-03 04:56:32,愛知県
歯科助手／週休2日・年間休日140日・シフト制でプライベートも充実 正社員の受付・助手スタッフ新着,阿部歯科,愛知県,月給23万円～,正社員,歯科,求人ボックス,https://xn--pckua2a7gp15o89zb.com/jb/c61f3cd63e130d84d19b0c2b1b3479b8,True,2時間前,2026-10-03 04:56:33,愛知県
受付・社会保険完備の職場で医療事務／受付新着,医療法人誠流会 ウェルネスやわた歯科医院,愛知県,月給26万円～30万円,正社員,歯科,求人ボックス,https://xn--pckua2a7gp15o89zb.com/jb/91978e4ac149bc52064a00da3baf41de,True,7時間前,2026-10-03 04:56:33,愛知県
社会保険完備の職場で歯科医師新着,医療法人良実会 ハピネス歯科おとなこども歯科,愛知県,月給50万円～,正社員,歯科,求人ボックス,https://xn--pckua2a7gp15o89zb.com/jb/2de24f648c254100e91dc11146e079e3,True,7時間前,2026-10-03 04:56:33,愛知県
歯科衛生士／年間休日125日／完全週休2日制／ノルマなし／有給消化率高...新着,歯科,愛知県,月給26万円～30万円,正社員,歯科,求人ボックス,https://xn--pckua2a7gp15o89zb.com/jb/f8bf6d31102b66cb40cd0e8551fbe10c,True,13時間前,2026-10-03 04:56:33,愛知県
歯科衛生士／週3日～／完全週休2日制／扶養内OK／未経験・ブランク歓迎新着,歯科,愛知県,"時給1,600円～2,000円",アルバイト・パート,歯科,求人ボックス,https://xn--pckua2a7gp15o89zb.com/jb/1ec7a339c324b1bfc4cb545a88eb1f7c,True,13時間前,2026-10-03 04:56:33,愛知県
データ入力事務／未経験OK「ネイルOK」土日祝休み・残業なし「20代活躍中」新着,歯科衛生士,愛知県,月給22万円～30万,正社員,歯科,求人ボックス,https://xn--pckua2a7gp15o89zb.com/jbn/d684d95f1e453ab97a0bfffeff8fcd8e,True,22時間前,2026-10-03 04:56:33,愛知県
歯科医師／あかほり歯科医院新着,医療法人帆翔会,愛知県,月給32万円～,正社員,歯科,求人ボックス,https://xn--pckua2a7gp15o89zb.com/jb/9b11272e10076136092187d7db8394cc,True,6時間前,2026-10-03 04:56:33,愛知県
積極採用中!病院での医療事務新着,株式会社日本教育クリエイト,神奈川県,"時給1,321円",,派遣,求人ボックス,https://xn--pckua2a7gp15o89zb.com/jbn/78bd04a11ec40af21d699f11086cc718,True,23時間前,2026-10-03 04:56:09,神奈川県
物流事務／未経験OK／社員食堂あり／1年程度の期間限定求人新着,ENEOSキャリアサポート株式会社,神奈川県,"時給1,750円",派遣社員,派遣,求人ボックス,https://xn--pckua2a7gp15o89zb.com/jb/89fae5771372cd19c617400652635b0c,True,18時間前,2026-10-03 04:56:09,神奈川県
データ入力事務新着,株式会社長谷工ジョブクリエイト,神奈川県,"時給1,800円～",派遣社員,派遣,求人ボックス,https://xn--pckua2a7gp15o89zb.com/jb/1d13106898eca9d42c41d104da079dc8,True,21時間前,2026-10-03 04:56:10,神奈川県
アクセサリー／アパレル／販売 14日間限定 12／1~31／ジュエリー販売 横浜新着,株式会社パコム,神奈川県,"時給1,600円～",派遣社員,派遣,求人ボックス,https://xn--pckua2a7gp15o89zb.com/jb/b1cb4208faebf9d5f1eaf4f24cfb67b4,True,17時間前,2026-10-03 04:56:10,神奈川県
ホールスタッフ・フロアスタッフ・調理スタッフ新着,CONV,神奈川県,"時給1,450円～1,500円",派遣社員,派遣,求人ボックス,https://xn--pckua2a7gp15o89zb.com/jb/7471eea78180fd3acba2bf80493652ad,True,10時間前,2026-10-03 04:56:10,神奈川県
放課後児童支援員／学童新着,アスカグループ,神奈川県,"時給1,450円",派遣社員,派遣,求人ボックス,https://xn--pckua2a7gp15o89zb.com/jb/03e72fb28c8405afaa397a4ebfbfdbef,True,23時間前,2026-10-03 04:56:13,神奈川県
小規模保育園の調理スタッフ／派遣調理師／時短勤務OK!／急募新着,株式会社グッドネクスト,神奈川県,"時給1,500円",派遣社員,派遣,求人ボックス,https://xn--pckua2a7gp15o89zb.com/jb/4c02c0b707ec19c21940d4bcb7ae9285,True,23時間前,2026-10-03 04:56:13,神奈川県
未経験OK 車で巡回の機器点検 社員登用実績あり 土日祝休み新着,...運びや現場作業に抵抗がない方・基本的な報告、連絡、相談ができる方 【特徴】未経験OK/残業少なめ(20H以下)/土日休み/パナソニックグループ/大手・有名企業/,神奈川県,"時給1,700円～",派遣社員,派遣,求人ボックス,https://xn--pckua2a7gp15o89zb.com/jb/4723bcdd90f7a6937658b04ad36cc0ab,True,13時間前,2026-10-03 04:56:17,神奈川県
特別養護老人ホームでの介護士新着,株式会社トラストグロース,神奈川県,"時給1,500円～",派遣社員,派遣,求人ボックス,https://xn--pckua2a7gp15o89zb.com/jb/150c2e641869aef3e8d2880fafc1dd14,True,3時間前,2026-10-03 04:56:17,神奈川県
週1～2回の在宅OK 派遣サービスの 法人営業 年間休日124日新着,UTグループ株式会社,神奈川県,月給32万円～42万円,正社員,派遣,求人ボックス,https://xn--pckua2a7gp15o89zb.com/jb/f5f0030e5fb5de19aa2578d70b4c9484,True,18時間前,2026-10-03 04:56:17,神奈川県
機械部品の検査・出荷スタッフ新着,株式会社フェイス ウィズ,神奈川県,"時給1,600円～",派遣社員,派遣,求人ボックス,https://xn--pckua2a7gp15o89zb.com/jb/0d18421b8f17a69c5d4b9bfbdf294777,True,10時間前,2026-10-03 04:56:17,神奈川県
ペットボトル容器の回収ドライバー新着,株式会社ジャパン・リリーフ,神奈川県,"時給1,600円～",派遣社員,派遣,求人ボックス,https://xn--pckua2a7gp15o89zb.com/jb/ffd7fd3c16cf99ddbfd60e61a28b6866,True,9時間前,2026-10-03 04:56:20,神奈川県
一般事務新着,株式会社リクルートスタッフィング,神奈川県,"時給1,650円～",派遣社員,派遣,求人ボックス,https://xn--pckua2a7gp15o89zb.com/jb/fdc97a9e22e871504169d9fb1ba30900,True,20時間前,2026-10-03 04:56:20,神奈川県
保険会社でデータ仕分けメイン事務新着,ヒューマンリソシア株式会社,神奈川県,"時給1,550円",派遣社員,派遣,求人ボックス,https://xn--pckua2a7gp15o89zb.com/jb/b54a9f15c4e862afe74409821afd3f15,True,7時間前,2026-10-03 04:56:24,神奈川県
「VIP送迎中心」夜勤タクシードライバー／年収600万円以上／賞与年2回新着,社員...,神奈川県,"月給45万6,000円",正社員,派遣,求人ボックス,https://xn--pckua2a7gp15o89zb.com/jbn/abd3abf925f6a4f278166c2d0a23ea58,True,9時間前,2026-10-03 04:56:24,神奈川県
インターネット回線の工事日程調整新着,株式会社CAREER,神奈川県,"時給1,500円～1,600円",派遣社員,派遣,求人ボックス,https://xn--pckua2a7gp15o89zb.com/jb/6865daa79701276723ffa2ee47716187,True,10時間前,2026-10-03 04:56:24,神奈川県
一般事務・OA事務／研修部門でサポート事務 馬車道新着,株式会社アヴァンティスタッフ,神奈川県,"時給1,630円",派遣社員,派遣,求人ボックス,https://xn--pckua2a7gp15o89zb.com/jb/0430b1530c024980f6883c41ffe8239d,True,23時間前,2026-10-03 04:56:28,神奈川県
「高収入×軽作業」インスタント食品のピッキング新着,セブンエージェント株式会社,神奈川県,"時給1,400円～",派遣社員,派遣,求人ボックス,https://xn--pckua2a7gp15o89zb.com/jb/7f8e4f0d98bed3612aaf56bf6def75aa,True,14時間前,2026-10-03 04:56:28,神奈川県
軽作業／20～30代活躍中!駅徒歩・かんたん検査と入力新着,マンパワーグループ株式会社,神奈川県,"時給1,500円",派遣社員,派遣,求人ボックス,https://xn--pckua2a7gp15o89zb.com/jb/942f2a68e582326e474ea4e01c10341e,True,8時間前,2026-10-03 04:56:28,神奈川県
営業事務／大手企業 時給2000円!問い合わせ対応など新着,株式会社スタッフサービス,神奈川県,時給2000円,派遣社員,派遣,求人ボックス,https://xn--pckua2a7gp15o89zb.com/jb/54c3fbc60ed883a632aee73ddb85b288,True,17時間前,2026-10-03 04:56:31,神奈川県
通関業務／時給1750円・残業少・通関士の資格不要新着,パーソルテンプスタッフ株式会社,神奈川県,時給1750円,派遣社員,派遣,求人ボックス,https://xn--pckua2a7gp15o89zb.com/jb/d3adb411c655e53a144305725b52e08e,True,21時間前,2026-10-03 04:56:31,神奈川県
生産技術業務／車載製品の品質保証新着,パーソルクロステクノロジー株式会社,神奈川県,"時給2,500円",派遣社員,派遣,求人ボックス,https://xn--pckua2a7gp15o89zb.com/jb/1d2b845ee5cde8aa715b71f227b8e077,True,21時間前,2026-10-03 04:56:35,神奈川県
ITサポート事務職／働きやすさ重視新着,株式会社ウェルスデザイン,神奈川県,月給26万円～28万円,正社員,派遣,求人ボックス,https://xn--pckua2a7gp15o89zb.com/jbn/254497b00f65c91df44b12234bb9f02f,True,22時間前,2026-10-03 04:56:35,神奈川県
WEB更新×WEBデザイン 大手メーカーグループにてWordPressを用いたサイト更新業務新着,株式会社フェローズ,神奈川県,"時給1,600円～1,800円",派遣社員,派遣,求人ボックス,https://xn--pckua2a7gp15o89zb.com/jb/ad1923f09c13e078dd60538077ab5c89,True,16時間前,2026-10-03 04:56:39,神奈川県
医療・福祉機関での事務+資機材の搬送・運転業務新着,株式会社プロスタッフ,神奈川県,"時給1,600円",派遣社員,派遣,求人ボックス,https://xn--pckua2a7gp15o89zb.com/jb/52bb1d777b6bee5fb4a54a6ad7998986,True,23時間前,2026-10-03 04:56:39,神奈川県
携帯ショップの接客販売クルー新着,株式会社ヒト・コミュニケーションズ,神奈川県,"時給1,700円～",契約社員,派遣,求人ボックス,https://xn--pckua2a7gp15o89zb.com/jb/95a6f95d280a5f5ea54349800bf81c3c,True,6時間前,2026-10-03 04:56:39,神奈川県
回転寿司店の飲食店スタッフ 経験者のみ 週休2日制 希望休制度あり連休...新着,株式会社共和フーズ,神奈川県,月給30万円～48万円,正社員,飲食,求人ボックス,https://xn--pckua2a7gp15o89zb.com/jb/c0d9cc5a2cff5b85aa61565603c994e2,True,4時間前,2026-10-03 04:56:12,神奈川県
夜勤あり／人気飲食店の店舗スタッフ／資格経験不要／月給25万新着,ワタミ株式会社,神奈川県,月給25万,正社員,飲食,求人ボックス,https://xn--pckua2a7gp15o89zb.com/jb/eda9dd6213b332a73a556648247aee08,True,3時間前,2026-10-03 04:56:12,神奈川県
4tトラックでの建築資材の配送ドライバー／長距離運転は基本なし／近県中心で働きやすさ抜群です新着,マルアサ梱包商会有限会社,神奈川県,月給34万円～70万円,正社員,飲食,求人ボックス,https://xn--pckua2a7gp15o89zb.com/jbn/e443a5c2cb5db6c757d2148c7f5b4098,True,22時間前,2026-10-03 04:56:12,神奈川県
完全在宅／未経験可／問い合わせ窓口／年休125日以上新着,...経験不問/未経験者活躍中・第二新卒活躍中資格不問/無資格歓迎・ブランク歓迎・学歴不問ハローワークでお探しの方も歓迎 先輩たちの前職をご紹介! 営業、事務、販売,神奈川県,"月給24万3,800円",正社員,飲食,求人ボックス,https://xn--pckua2a7gp15o89zb.com/jbn/fa6896115e5d76eff7ac419e27e2e45f,True,10時間前,2026-10-03 04:56:12,神奈川県
完全在宅／未経験可／カスタマーサポート／年休125日以上新着,...経験不問/未経験者活躍中・第二新卒活躍中資格不問/無資格歓迎・ブランク歓迎・学歴不問ハローワークでお探しの方も歓迎 先輩たちの前職をご紹介! 営業、事務、販売,神奈川県,月給25万700円,正社員,飲食,求人ボックス,https://xn--pckua2a7gp15o89zb.com/jbn/3a597e60e7eae0bd1c845bf6da9b0860,True,10時間前,2026-10-03 04:56:13,神奈川県
「アプリ配車タクシードライバー・週3勤務」20代活躍中／月収40万以上／普通免許でOK新着,飲食,神奈川県,"月給40万4,000円",正社員,飲食,求人ボックス,https://xn--pckua2a7gp15o89zb.com/jbn/81d9ec0c3f818caa25b0a1b10b5ed99d,True,10時間前,2026-10-03 04:56:13,神奈川県
「データ入力／一般事務・バックオフィス」プライベートも仕事も全力で自分らしく!髪色・ネイル新着,株式会社ONE LOOK,神奈川県,月給23万円～40万円,正社員,飲食,求人ボックス,https://xn--pckua2a7gp15o89zb.com/jbn/dafac359d44b1f13059603d31905b621,True,14時間前,2026-10-03 04:56:13,神奈川県
事務職／一般事務／ネイル・ピアス自由／産休育休あり／ワークライフバランス充実／残業ほぼなし新着,20代30代の,神奈川県,月給21万円～50万円,正社員,飲食,求人ボックス,https://xn--pckua2a7gp15o89zb.com/jbn/5768f256ca3d99f6eeb22c48a7844432,True,6時間前,2026-10-03 04:56:13,神奈川県
事務職／総務事務／未経験スタート歓迎／ネイル・ピアスOK／ワークライフバランス抜群／賞与・昇給あり新着,20代30代の,神奈川県,"月給21万3,500円",正社員,飲食,求人ボックス,https://xn--pckua2a7gp15o89zb.com/jbn/048f8ddeca1fa4742edcc45702aebb48,True,6時間前,2026-10-03 04:56:13,神奈川県
事務職／一般事務／20代活躍中／交通費全額支給／年間休日125日／賞与あり新着,20代30代の,神奈川県,"月給22万5,000円",正社員,飲食,求人ボックス,https://xn--pckua2a7gp15o89zb.com/jbn/9f18159c86a439e3158a58db0f50684c,True,6時間前,2026-10-03 04:56:13,神奈川県
事務職／一般事務／30代未経験歓迎／育休取得実績あり／駅近勤務で通勤便利／昇給あり新着,スタッフ,神奈川県,"月給21万5,000円",正社員,飲食,求人ボックス,https://xn--pckua2a7gp15o89zb.com/jbn/83d285c3b72d9d4727782e913abd41f0,True,6時間前,2026-10-03 04:56:13,神奈川県
携帯ショップの受付スタッフ／月給28万円／賞与あり／社会保険完備／交通費支給新着,株式会社FFU,神奈川県,月給28万円,正社員,飲食,求人ボックス,https://xn--pckua2a7gp15o89zb.com/jbn/7a885d056225eb071290b4de7754398b,True,21時間前,2026-10-03 04:56:17,神奈川県
オフィスワーク／充実の研修で安心スタート!／福利厚生充実／教育体制あり新着,<異業種からの転職者も活躍中!>アパレル販売、,神奈川県,月給21万500円,正社員,飲食,求人ボックス,https://xn--pckua2a7gp15o89zb.com/jbn/218c8c7d45970cdaac4c8bbdfd210150,True,8時間前,2026-10-03 04:56:17,神奈川県
事務職／充実の研修で安心スタート!／教育体制あり／完全週休2日制／経験不問新着,<異業種からの転職者も活躍中!>アパレル販売、,神奈川県,"月給21万5,500円",正社員,飲食,求人ボックス,https://xn--pckua2a7gp15o89zb.com/jbn/02486881fd4f521c3a26f1c26f24d1bb,True,8時間前,2026-10-03 04:56:17,神奈川県
「リモート可」未経験採用枠／営業事務／年間休日125日以上新着,スタッフ,神奈川県,"月給25万1,100円",正社員,飲食,求人ボックス,https://xn--pckua2a7gp15o89zb.com/jbn/014a29d8c680b96f6719942110498657,True,9時間前,2026-10-03 04:56:17,神奈川県
事務職／一般事務／産休・育休取得実績多数／未経験からのスタート歓迎／髪型・髪色自由／賞与・昇給あり新着,<歓迎スキル・経験>・PC基本操作/Excelスキル・データ入力業務/事務職の経験スキルサポート体制が整っているため、販売員、,神奈川県,月給19万円～50万円,正社員,飲食,求人ボックス,https://xn--pckua2a7gp15o89zb.com/jbn/51e00336be7bbc7c7d46ab9752d1bb3a,True,6時間前,2026-10-03 04:56:17,神奈川県
「事務職」／充実の研修で安心スタート!／営業事務／教育体制あり／残業月10時間以下／高収入新着,<前職はさまざま>,神奈川県,月給23万円～50万円,正社員,飲食,求人ボックス,https://xn--pckua2a7gp15o89zb.com/jbn/7b472d7612779f90756ef44910d5838f,True,6時間前,2026-10-03 04:56:17,神奈川県
事務職／営業事務／20代女性活躍中／ワークライフバランス良好／駅近勤務／ネイル・ピアスOK新着,<歓迎スキル・経験>・PC基本操作/Excelスキル・データ入力業務/事務職の経験スキルサポート体制が整っているため、販売員、,神奈川県,"月給21万5,000円",正社員,飲食,求人ボックス,https://xn--pckua2a7gp15o89zb.com/jbn/380ae3fdc6e8963cbf0635f5e045d57d,True,6時間前,2026-10-03 04:56:17,神奈川県
事務職／営業事務／土日祝休み／残業なし／未経験からキャリアをスタート／在宅あり新着,20代・30代の若手世代がイキイキと活躍する職場です!接客業、,神奈川県,"月給22万5,000円",正社員,飲食,求人ボックス,https://xn--pckua2a7gp15o89zb.com/jbn/fbc2885e2867712e5582cdd49f7840b1,True,6時間前,2026-10-03 04:56:21,神奈川県
オフィスワーク／充実の研修で安心スタート!／教育体制あり／職種未経験歓迎新着,<異業種からの転職者も活躍中!>アパレル販売、,神奈川県,"月給21万5,500円",正社員,飲食,求人ボックス,https://xn--pckua2a7gp15o89zb.com/jbn/2b41a854460c14d6eebf85fe5e3ee0bd,True,8時間前,2026-10-03 04:56:21,神奈川県
「事務職」／充実の研修で安心スタート!／若い者歓迎／教育体制あり／福利厚生充実／残業少なめ新着,前職は美容部員や携帯ショップ店員、,神奈川県,月給23万円～50万円,正社員,飲食,求人ボックス,https://xn--pckua2a7gp15o89zb.com/jbn/3eebd19e470ea379434673c6cdeccbb0,True,6時間前,2026-10-03 04:56:21,神奈川県
「オフィススタッフ」／充実の研修で安心スタート!／年間休日120日以上／完全週休2日制／残業少なめ新着,スタッフ,神奈川県,月給20万円～50万円,正社員,飲食,求人ボックス,https://xn--pckua2a7gp15o89zb.com/jbn/259aff42678d6358261b001310be7868,True,6時間前,2026-10-03 04:56:21,神奈川県
事務正社員／充実の研修で安心スタート!／完全週休2日制／丁寧な教育体制新着,<異業種からの転職者も活躍中!>アパレル販売、,神奈川県,月給21万500円,正社員,飲食,求人ボックス,https://xn--pckua2a7gp15o89zb.com/jbn/9207e966801b876a0384100592176eb7,True,8時間前,2026-10-03 04:56:21,神奈川県
オフィスワーク／充実の研修で安心スタート!／職種未経験歓迎／年間休日120日以上新着,<異業種からの転職者も活躍中!>アパレル販売、,神奈川県,月給19万500円,正社員,飲食,求人ボックス,https://xn--pckua2a7gp15o89zb.com/jbn/949e8a6e51372e7159da45f56971829f,True,8時間前,2026-10-03 04:56:21,神奈川県
事務正社員／充実の研修で安心スタート!／丁寧な教育体制／完全週休2日制新着,<安定して続けられる理由は…> 土日祝休みで生活リズムが整う 残業ほぼなしで自分の時間を確保 人間関係が穏やかで働きやすい<異業種からの転職者も活躍中!>アパレル販売、,神奈川県,月給20万500円,正社員,飲食,求人ボックス,https://xn--pckua2a7gp15o89zb.com/jbn/f44f2480da752952ddcb1f71f4ab611c,True,8時間前,2026-10-03 04:56:25,神奈川県
リモート可／未経験可／営業事務／年休125日以上新着,スタッフ,神奈川県,"月給23万8,300円",正社員,飲食,求人ボックス,https://xn--pckua2a7gp15o89zb.com/jbn/07210ad714a7f321bdd32cc0c3ff1d57,True,9時間前,2026-10-03 04:56:25,神奈川県
事務正社員／完全週休2日制／丁寧な教育体制／充実の研修で安心スタート新着,<安定して続けられる理由は…> 土日祝休みで生活リズムが整う 残業ほぼなしで自分の時間を確保 人間関係が穏やかで働きやすい<異業種からの転職者も活躍中!>アパレル販売、,神奈川県,月給19万500円,正社員,飲食,求人ボックス,https://xn--pckua2a7gp15o89zb.com/jbn/f321cb3f17eae4cf38e9507ac9d7219e,True,8時間前,2026-10-03 04:56:25,神奈川県
事務職／充実の研修で安心スタート!／福利厚生充実／完全週休2日制／教育体制あり新着,<異業種からの転職者も活躍中!>アパレル販売、,神奈川県,月給22万500円,正社員,飲食,求人ボックス,https://xn--pckua2a7gp15o89zb.com/jbn/6f4f1a690ef29a058508dbc2c7cd8c9f,True,8時間前,2026-10-03 04:56:25,神奈川県
事務職／一般事務／年間休日125日以上／土日祝休み／未経験者も安心サポート／ネイル・ピアスOK新着,これまでの学歴や職歴、ブランクは一切問いません。ハローワークで求職中の方も大歓迎です。アパレル販売、,神奈川県,月給21万円～50万円,正社員,飲食,求人ボックス,https://xn--pckua2a7gp15o89zb.com/jbn/9716969bced804c9aa00274a6085f424,True,6時間前,2026-10-03 04:56:25,神奈川県
事務職／充実の研修で安心スタート!／教育体制あり／福利厚生充実／経験不問新着,<異業種からの転職者も活躍中!>アパレル販売、,神奈川県,月給21万500円,正社員,飲食,求人ボックス,https://xn--pckua2a7gp15o89zb.com/jbn/5d496925986f52bc69624d13efe1a56a,True,8時間前,2026-10-03 04:56:25,神奈川県
事務職／充実の研修で安心スタート!／教育体制あり／完全週休2日制／福利厚生充実新着,<異業種からの転職者も活躍中!>アパレル販売、,神奈川県,"月給21万5,500円",正社員,飲食,求人ボックス,https://xn--pckua2a7gp15o89zb.com/jbn/2c728d03c8997452bad9ae563f08f0c9,True,8時間前,2026-10-03 04:56:29,神奈川県
事務職／一般事務／駅近／有給休暇あり／20〜30代女性活躍中／社保完備新着,<歓迎スキル・経験>・PC基本操作/Excelスキル・データ入力業務/事務職の経験スキルサポート体制が整っているため、販売員、,神奈川県,"月給22万1,000円",正社員,飲食,求人ボックス,https://xn--pckua2a7gp15o89zb.com/jbn/db87110c80b0a4dba264086eaef54b51,True,6時間前,2026-10-03 04:56:29,神奈川県
「オフィススタッフ」／充実の研修で安心スタート!／教育体制あり／年間休日120日以上／残業少なめ新着,前職は美容部員や携帯ショップ店員、,神奈川県,月給20万円～50万円,正社員,飲食,求人ボックス,https://xn--pckua2a7gp15o89zb.com/jbn/6be25a84f926e6f65d414b36dc6ef386,True,6時間前,2026-10-03 04:56:29,神奈川県
オフィスワーク／充実の研修で安心スタート!／若手中心／年間休日120日以上新着,<安定して続けられる理由は…> 土日祝休みで生活リズムが整う 残業ほぼなしで自分の時間を確保 人間関係が穏やかで働きやすい<異業種からの転職者も活躍中!>アパレル販売、,神奈川県,月給19万500円,正社員,飲食,求人ボックス,https://xn--pckua2a7gp15o89zb.com/jbn/3548354bdd96c35f40e24f80c0d4dc95,True,8時間前,2026-10-03 04:56:29,神奈川県
オフィススタッフ／年間休日120日以上／教育体制あり／充実の研修で安心スタート新着,<安定して続けられる理由は…> 土日祝休みで生活リズムが整う 残業ほぼなしで自分の時間を確保 人間関係が穏やかで働きやすい<異業種からの転職者も活躍中!>アパレル販売、,神奈川県,月給23万500円,正社員,飲食,求人ボックス,https://xn--pckua2a7gp15o89zb.com/jbn/66954e9a44e96aceeb1c470b1df0c206,True,8時間前,2026-10-03 04:56:29,神奈川県
積極採用中!総合病院での看護サポート新着,株式会社日本教育クリエイト,神奈川県,"時給2,000円",派遣社員,飲食,求人ボックス,https://xn--pckua2a7gp15o89zb.com/jbn/9c3e3aca49d4b014fc57b7e4e3934065,True,23時間前,2026-10-03 04:56:29,神奈川県
事務職／一般事務／年間休日125日／20代歓迎!／残業ほぼなし／賞与・昇給あり新着,<歓迎スキル・経験>・PC基本操作/Excelスキル・データ入力業務/事務職の経験スキルサポート体制が整っているため、販売員、,神奈川県,"月給21万3,500円",正社員,飲食,求人ボックス,https://xn--pckua2a7gp15o89zb.com/jbn/c14f6d4060b47ae73f10da7987d16ae9,True,6時間前,2026-10-03 04:56:29,神奈川県
「受付・データ入力スタッフ「OA事務」充実の研修で安心スタート!／未経験OK／教育体制あり新着,飲食,神奈川県,月給23万円～50万円,正社員,飲食,求人ボックス,https://xn--pckua2a7gp15o89zb.com/jbn/80e6f38c20b2cd8fd695be2c837fbe19,True,6時間前,2026-10-03 04:56:29,神奈川県
事務職／充実の研修で安心スタート!／教育体制あり／若手中心／完全週休2日制新着,<異業種からの転職者も活躍中!>アパレル販売、,神奈川県,月給21万500円,正社員,飲食,求人ボックス,https://xn--pckua2a7gp15o89zb.com/jbn/d013353175d394d1875f265be8958605,True,8時間前,2026-10-03 04:56:33,神奈川県
事務正社員／完全週休2日制／充実の研修で安心スタート!／丁寧な教育体制新着,<異業種からの転職者も活躍中!>アパレル販売、,神奈川県,月給21万500円,正社員,飲食,求人ボックス,https://xn--pckua2a7gp15o89zb.com/jbn/2c0034d16fdc974af8e11ac3add720db,True,8時間前,2026-10-03 04:56:33,神奈川県
オフィスワーク／充実の研修で安心スタート!／職種未経験歓迎／教育体制あり新着,<異業種からの転職者も活躍中!>アパレル販売、,神奈川県,月給19万500円,正社員,飲食,求人ボックス,https://xn--pckua2a7gp15o89zb.com/jbn/4295ac3e586dc839d917ad6d12f6304f,True,8時間前,2026-10-03 04:56:33,神奈川県
事務正社員／丁寧な教育体制／充実の研修で安心スタート!／完全週休2日制新着,<異業種からの転職者も活躍中!>アパレル販売、,神奈川県,月給21万500円,正社員,飲食,求人ボックス,https://xn--pckua2a7gp15o89zb.com/jbn/66309837f9deff457a04e1c66343284e,True,8時間前,2026-10-03 04:56:33,神奈川県
「事務職」／充実の研修で安心スタート!／経験不問／若い者歓迎／完全週休2日制／残業少なめ新着,飲食,神奈川県,月給23万円～50万円,正社員,飲食,求人ボックス,https://xn--pckua2a7gp15o89zb.com/jbn/cb80a1c6a41515436f54efc029bf803d,True,6時間前,2026-10-03 04:56:33,神奈川県
"急募!／宅配より始めやすい!横浜市フード配送／日額15,000円保証+歩合新着",五ツ星ロジ株式会社,神奈川県,"日給1万5,000円",アルバイト・パート,飲食,求人ボックス,https://xn--pckua2a7gp15o89zb.com/jbi/a9a1a2dc13322ffee5ac8c36ce19bf81,True,21時間前,2026-10-03 04:56:37,神奈川県
「事務職」／充実の研修で安心スタート／教育体制あり／福利厚生充実／残業少なめ／サポート業務新着,飲食,神奈川県,"月給22万6,000円",正社員,飲食,求人ボックス,https://xn--pckua2a7gp15o89zb.com/jbn/d7f74b75fd92a5b3b2d1e02ab96839bb,True,6時間前,2026-10-03 04:56:37,神奈川県
飲食店向けの冷蔵食品を扱う倉庫内作業スタッフ新着,株式会社ジャパン・リリーフ,神奈川県,"時給1,500円～",派遣社員,飲食,求人ボックス,https://xn--pckua2a7gp15o89zb.com/jb/078a8e9934e4d9a2d330ee7f203019db,True,9時間前,2026-10-03 04:56:37,神奈川県
「細かい気づきが評価される」／マニュアル作成サポート／年間休日125日以上／コツコツ作業／土日祝休み新着,...難しい知識が不要で、プレイヤー目線が活かせる仕事として選択。 「PCは普段使いレベル。でもIT業界に挑戦したい」と入社した元,神奈川県,"月給30万3,000円",正社員,飲食,求人ボックス,https://xn--pckua2a7gp15o89zb.com/jbn/16b325e4f76cfd1ae688fc0019f6a744,True,11時間前,2026-10-03 04:56:37,神奈川県
「研修から安心スタート」／監視オペレーター／キャリアアップ支援／スキルアップ可能／完全週休2日制新着,...難しい知識が不要で、プレイヤー目線が活かせる仕事として選択。 「PCは普段使いレベル。でもIT業界に挑戦したい」と入社した元,神奈川県,月給33万円～40万,正社員,飲食,求人ボックス,https://xn--pckua2a7gp15o89zb.com/jbn/8bf6ff88150535389470908ba31dd364,True,11時間前,2026-10-03 04:56:37,神奈川県
「安定して働ける内勤IT」／動作検証スタッフ／人柄重視／第二新卒歓迎／完全週休2日制新着,スタッフ,神奈川県,"月給31万1,000円",正社員,飲食,求人ボックス,https://xn--pckua2a7gp15o89zb.com/jbn/7e2ff38e709cbebf1bd366f0bb7b4090,True,11時間前,2026-10-03 04:56:37,神奈川県
「手順通り進めるIT業務」／インフラエンジニア／有給取得率90%以上／完全週休2日制新着,...難しい知識が不要で、プレイヤー目線が活かせる仕事として選択。 「PCは普段使いレベル。でもIT業界に挑戦したい」と入社した元,神奈川県,"月給36万1,000円",正社員,飲食,求人ボックス,https://xn--pckua2a7gp15o89zb.com/jbn/502707764bc6212b34d11d7eb2c93459,True,11時間前,2026-10-03 04:56:37,神奈川県
「サポート好きに合う仕事」／アプリ開発／服装自由／若手活躍中／土日祝休み新着,...難しい知識が不要で、プレイヤー目線が活かせる仕事として選択。 「PCは普段使いレベル。でもIT業界に挑戦したい」と入社した元,神奈川県,"月給35万8,000円",正社員,飲食,求人ボックス,https://xn--pckua2a7gp15o89zb.com/jbn/f7dc375b5dd38f35f0505e6b0a2453af,True,11時間前,2026-10-03 04:56:41,神奈川県
「将来につながるITワーク」／システム運用オペレーター／内勤ワーク／PC基礎からOK／若手活躍中新着,...難しい知識が不要で、プレイヤー目線が活かせる仕事として選択。 「PCは普段使いレベル。でもIT業界に挑戦したい」と入社した元,神奈川県,"月給32万7,000円",正社員,飲食,求人ボックス,https://xn--pckua2a7gp15o89zb.com/jbn/c50ba1c82ff3b732afa1ae1c8e2583dd,True,11時間前,2026-10-03 04:56:41,神奈川県
「人気サービスの裏側へ」／ゲームテスター／残業少なめ／未経験歓迎／PC基礎からOK新着,...難しい知識が不要で、プレイヤー目線が活かせる仕事として選択。 「PCは普段使いレベル。でもIT業界に挑戦したい」と入社した元,神奈川県,月給34万円～41万,正社員,飲食,求人ボックス,https://xn--pckua2a7gp15o89zb.com/jbn/4fa0e6a52b937cd406574ca96c47038a,True,11時間前,2026-10-03 04:56:41,神奈川県
「コツコツ確認が得意な方へ」／ITサポート／PC基礎からOK／内勤ワーク／若手活躍中新着,...難しい知識が不要で、プレイヤー目線が活かせる仕事として選択。 「PCは普段使いレベル。でもIT業界に挑戦したい」と入社した元,神奈川県,"月給32万7,000円",正社員,飲食,求人ボックス,https://xn--pckua2a7gp15o89zb.com/jbn/bb52fbfd21cf085d052e4372a1da846b,True,11時間前,2026-10-03 04:56:41,神奈川県
「注目のITサポート求人」／品質管理サポート／人柄重視／福利厚生充実／土日祝休み新着,...難しい知識が不要で、プレイヤー目線が活かせる仕事として選択。 「PCは普段使いレベル。でもIT業界に挑戦したい」と入社した元,神奈川県,月給30万円～36万,正社員,飲食,求人ボックス,https://xn--pckua2a7gp15o89zb.com/jbn/6143c1f9564cef15aa357918dd14b691,True,11時間前,2026-10-03 04:56:41,神奈川県
「サポート好きに合う仕事」／デバッグスタッフ／服装自由／若手活躍中／土日祝休み新着,スタッフ,神奈川県,"月給30万6,000円",正社員,飲食,求人ボックス,https://xn--pckua2a7gp15o89zb.com/jbn/b47e2a0a07f98a87c08d1cfd35a2a2af,True,11時間前,2026-10-03 04:56:43,神奈川県
「正社員デビュー応援」／品質チェックスタッフ／有給取得率90%以上／年間休日125日以上新着,スタッフ,神奈川県,"月給33万8,000円",正社員,飲食,求人ボックス,https://xn--pckua2a7gp15o89zb.com/jbn/b8c807aef52783de8f9ee241d30a76bf,True,11時間前,2026-10-03 04:56:43,神奈川県
「未経験スタート多数」／QAテスター／キャリアアップ支援／研修あり／土日祝休み新着,...難しい知識が不要で、プレイヤー目線が活かせる仕事として選択。 「PCは普段使いレベル。でもIT業界に挑戦したい」と入社した元,神奈川県,"月給32万2,000円",正社員,飲食,求人ボックス,https://xn--pckua2a7gp15o89zb.com/jbn/84aee0d05668eb2d0df4acf1d3f6c7c7,True,11時間前,2026-10-03 04:56:43,神奈川県
「未経験から始める人気ITワーク」／品質管理サポート／年間休日125日以上／正社員デビュー応援新着,...難しい知識が不要で、プレイヤー目線が活かせる仕事として選択。 「PCは普段使いレベル。でもIT業界に挑戦したい」と入社した元,神奈川県,月給32万円～38万,正社員,飲食,求人ボックス,https://xn--pckua2a7gp15o89zb.com/jbn/6acae239d24872efb721f8cc33d30ede,True,11時間前,2026-10-03 04:56:43,神奈川県
「チェック中心で始めやすい」／ソフトウェアテスター／PC基礎からOK／賞与あり／キャリアアップ支援新着,...難しい知識が不要で、プレイヤー目線が活かせる仕事として選択。 「PCは普段使いレベル。でもIT業界に挑戦したい」と入社した元,神奈川県,"月給30万4,000円",正社員,飲食,求人ボックス,https://xn--pckua2a7gp15o89zb.com/jbn/b18394bbcb71512cc282967cab0e155c,True,11時間前,2026-10-03 04:56:43,神奈川県
「手順通り進めるIT業務」／動作確認スタッフ／有給取得率90%以上／完全週休2日制／PC基礎からOK新着,スタッフ,神奈川県,"月給30万9,000円",正社員,飲食,求人ボックス,https://xn--pckua2a7gp15o89zb.com/jbn/21d597702653584e6a67afda60f7d2a2,True,11時間前,2026-10-03 04:56:43,神奈川県
「PC基礎からチャレンジ」／エンジニアアシスタント／賞与あり／完全週休2日制／土日祝休み新着,...難しい知識が不要で、プレイヤー目線が活かせる仕事として選択。 「PCは普段使いレベル。でもIT業界に挑戦したい」と入社した元,神奈川県,"月給31万3,000円",正社員,飲食,求人ボックス,https://xn--pckua2a7gp15o89zb.com/jbn/67aad20bc492d28a2bc841cfad56f5e0,True,11時間前,2026-10-03 04:56:43,神奈川県
調剤薬局での医療事務新着,メグリア調剤薬局 今町店,愛知県,"時給1,231円～1,268円",アルバイト・パート,医療事務,求人ボックス,https://xn--pckua2a7gp15o89zb.com/jb/f99ecbd6d4cb84f05dc117c87181ff01,True,9時間前,2026-10-03 04:56:42,愛知県
調剤薬局での医療事務 調剤補助 未経験可 手厚い研修制度 年間122日...新着,キョーワ薬局株式会社,愛知県,月給21万円～24万円,正社員,医療事務,求人ボックス,https://xn--pckua2a7gp15o89zb.com/jb/739568f459c1298422cdb5af609b49fb,True,4時間前,2026-10-03 04:56:42,愛知県
医療事務／クリニック新着,医療法人芍薬会 灰本クリニック,愛知県,"月給20万5,000円",正社員,医療事務,求人ボックス,https://xn--pckua2a7gp15o89zb.com/jb/6b8c8870a70e1eeea5b635f386f54ae5,True,10時間前,2026-10-03 04:56:43,愛知県
医療事務募集新着,おおの内科,愛知県,月給20万円～28万円,正社員,医療事務,求人ボックス,https://xn--pckua2a7gp15o89zb.com/jb/16378a6f8a7a90deecda574913a085dd,True,7時間前,2026-10-03 04:56:43,愛知県
医療事務／クリニック新着,医療法人士正会 栄エンゼルクリニック,愛知県,月給23万円,正社員,医療事務,求人ボックス,https://xn--pckua2a7gp15o89zb.com/jb/028ec592c09cbb01e7afdfac50586361,True,10時間前,2026-10-03 04:56:43,愛知県
医療事務／クリニック新着,医療法人福田内科,愛知県,月給12万円～13万円,正社員,医療事務,求人ボックス,https://xn--pckua2a7gp15o89zb.com/jb/743aabf275c4a05a9114efb0334558a4,True,10時間前,2026-10-03 04:56:46,愛知県
医療事務／訪問看護ステーション新着,ソフィアメディ訪問看護ステーション名西,愛知県,"月給18万6,669円",正社員,医療事務,求人ボックス,https://xn--pckua2a7gp15o89zb.com/jb/01411fe44c76e16178b12e5967c8c826,True,9時間前,2026-10-03 04:56:46,愛知県
医療事務／クリニック新着,医療法人花レディースクリニック,愛知県,月給18万円～20万円,正社員,医療事務,求人ボックス,https://xn--pckua2a7gp15o89zb.com/jb/aa6f9152a150412bac095e90b1aa4127,True,10時間前,2026-10-03 04:56:46,愛知県
医療事務募集新着,医療法人あいほく 愛北ハートクリニック,愛知県,"月給22万1,600円",正社員,医療事務,求人ボックス,https://xn--pckua2a7gp15o89zb.com/jb/2e6126d478b69bbc9f84275c6c3fac26,True,7時間前,2026-10-03 04:56:48,愛知県
医療事務募集新着,医療法人いとう内科小児科,愛知県,月給22万円～,正社員,医療事務,求人ボックス,https://xn--pckua2a7gp15o89zb.com/jb/ee912340cc30cb9520e11add9ebafd25,True,7時間前,2026-10-03 04:56:48,愛知県
木+日曜休み 未経験歓迎 医療事務+受付 残業少なめ新着,マンパワーグループ株式会社,愛知県,"時給1,450円",派遣社員,医療事務,求人ボックス,https://xn--pckua2a7gp15o89zb.com/jb/432e19379135a7bd3f669a9344cb9137,True,2時間前,2026-10-03 04:56:48,愛知県
紹介予定派遣で正職員 残業・中抜けナシ クリニックで医療事務新着,ヒューマンリソシア株式会社,愛知県,"時給1,450円",派遣社員,医療事務,求人ボックス,https://xn--pckua2a7gp15o89zb.com/jb/b0f427b7531920a98436b40d78d200ae,True,8時間前,2026-10-03 04:56:51,愛知県
医療事務／ケアミックス病院新着,医療法人清水会 相生山病院,愛知県,"月給21万5,200円",正社員,医療事務,求人ボックス,https://xn--pckua2a7gp15o89zb.com/jb/32836656f7da7ebe57f7061d4585d7ad,True,10時間前,2026-10-03 04:56:51,愛知県
大同病院の医療事務／20～40代活躍中新着,医療事務,愛知県,月給17万円,正社員,医療事務,求人ボックス,https://xn--pckua2a7gp15o89zb.com/jb/0e7a37bf7bbe577f7466443af55fba95,True,14時間前,2026-10-03 04:56:55,愛知県
医療事務／調剤薬局新着,株式会社コスモス調剤 コスモス調剤薬局 小牧駅北店,愛知県,"月給19万1,000円",正社員,医療事務,求人ボックス,https://xn--pckua2a7gp15o89zb.com/jb/e4fd4e49a04650e952803d3b82baf97d,True,10時間前,2026-10-03 04:56:55,愛知県
医療事務／調剤薬局新着,株式会社コスモス調剤 コスモス調剤薬局 小牧駅南店,愛知県,"月給19万1,000円",正社員,医療事務,求人ボックス,https://xn--pckua2a7gp15o89zb.com/jb/55687daacc2de22ab26bf495fc8aff78,True,10時間前,2026-10-03 04:56:55,愛知県
医療事務／調剤薬局新着,株式会社コスモス調剤 コスモス調剤薬局 熊之庄店,愛知県,"月給19万1,000円",正社員,医療事務,求人ボックス,https://xn--pckua2a7gp15o89zb.com/jb/cdbe40c5d10fa833082465e1e2accb9f,True,10時間前,2026-10-03 04:56:55,愛知県
医療事務／調剤薬局新着,コスモス調剤薬局 木曽川店,愛知県,"月給19万1,000円",正社員,医療事務,求人ボックス,https://xn--pckua2a7gp15o89zb.com/jb/8f5e79e2346fce5497893422a7fadee0,True,10時間前,2026-10-03 04:56:59,愛知県
一般事務・OA事務 ／ 医療関係業務 ／未経験OKとても心強い環境 長期 残業はナシ 医療事務新着,パーソルテンプスタッフ株式会社,愛知県,"時給1,300円",派遣社員,医療事務,求人ボックス,https://xn--pckua2a7gp15o89zb.com/jb/52202a14aa28bd6983fba39f3b2c63c0,True,18時間前,2026-10-03 04:56:59,愛知県
一般事務メインの医療事務／受付新着,再生医療センター リペアセルクリニック名古屋院,愛知県,月給24万円～,契約社員,医療事務,求人ボックス,https://xn--pckua2a7gp15o89zb.com/jb/2ccbc798f2c4bbf842858d91fa0812ba,True,7時間前,2026-10-03 04:57:02,愛知県
医療事務／クリニック新着,医療法人蓮華会 在宅医療ロータス,愛知県,"時給1,200円～1,500円",アルバイト・パート,医療事務,求人ボックス,https://xn--pckua2a7gp15o89zb.com/jb/a604e0b89548cebad5baf356e9e76959,True,10時間前,2026-10-03 04:57:02,愛知県
医療事務／レセプト経験者 土日祝休み&完全週休2日制!残業も少なめでプ...新着,事務,愛知県,年収240万円～,,医療事務,求人ボックス,https://xn--pckua2a7gp15o89zb.com/jb/c4f23d9783f37d7b680c263504cb888f,True,15時間前,2026-10-03 04:57:04,愛知県
大阪・愛知急募 事務職デビュー大歓迎 土日祝休み 賞与2回新着,株式会社Progress Group,愛知県,月給18万円～20万円,正社員,医療事務,求人ボックス,https://xn--pckua2a7gp15o89zb.com/jb/4f654ed78b083382c6950169bb4b550d,True,11時間前,2026-10-03 04:57:04,愛知県
事務アシスタント／充実の研修で安心スタート!／年間休日120日以上／20代活躍中新着,安定した環境で長く働ける,愛知県,"月給21万5,500円",正社員,医療事務,求人ボックス,https://xn--pckua2a7gp15o89zb.com/jbn/65e0e60343d68664cee7f019f1b67acb,True,8時間前,2026-10-03 04:57:04,愛知県
事務スタッフ／充実の研修で安心スタート!／教育体制あり／若い者歓迎／福利厚生充実新着,安定した環境で長く働ける,愛知県,"月給21万5,500円",正社員,医療事務,求人ボックス,https://xn--pckua2a7gp15o89zb.com/jbn/bd818ebe55360adb68ffd3de87d5be6e,True,8時間前,2026-10-03 04:57:04,愛知県
オフィススタッフ／職種未経験歓迎／完全週休2日制／充実の研修で安心スタート新着,事務・,愛知県,"月給22万7,000円",正社員,医療事務,求人ボックス,https://xn--pckua2a7gp15o89zb.com/jbn/cc11b36e5317bc31e5a98d4ad6152bd0,True,8時間前,2026-10-03 04:57:04,愛知県
バックオフィススタッフ／充実の研修で安心スタート!／若い者歓迎／年間休日120日以上新着,安定した環境で長く働ける,愛知県,"月給21万5,500円",正社員,医療事務,求人ボックス,https://xn--pckua2a7gp15o89zb.com/jbn/36cbb36571559a7147efb8e35e2f229b,True,8時間前,2026-10-03 04:57:08,愛知県
事務アシスタント／充実の研修で安心スタート!／20代活躍中／福利厚生充実新着,事務,愛知県,月給21万500円,正社員,医療事務,求人ボックス,https://xn--pckua2a7gp15o89zb.com/jbn/2f9c97cf4427600c866121ee9de71173,True,8時間前,2026-10-03 04:57:08,愛知県
受付・データ入力スタッフ／丁寧な教育体制／福利厚生充実／充実の研修で安心スタート新着,事務,愛知県,"月給22万7,000円",正社員,医療事務,求人ボックス,https://xn--pckua2a7gp15o89zb.com/jbn/5601cb388f5be6aa5b343c0b0fad5524,True,8時間前,2026-10-03 04:57:08,愛知県
受付・データ入力スタッフ／充実の研修で安心スタート!／教育体制あり／未経験OK新着,...プライベートを大切にしながら、安定した環境で長く働ける,愛知県,月給21万500円,正社員,医療事務,求人ボックス,https://xn--pckua2a7gp15o89zb.com/jbn/b20c0ad10dc57c189413413bbad464cd,True,8時間前,2026-10-03 04:57:08,愛知県
夜勤専従・有料老人ホームの介護職新着,さわやか こうなん館,愛知県,"日給2万1,500円",アルバイト・パート,介護,求人ボックス,https://xn--pckua2a7gp15o89zb.com/jb/36e8a59612835d2090b22a4cd612c642,True,18時間前,2026-10-03 04:56:41,愛知県
仲田／夜勤なし!賞与あり!ベネッセの介護職／月収28万円新着,株式会社ベネッセスタイルケア,愛知県,"月給28万8,488円",契約社員,介護,求人ボックス,https://xn--pckua2a7gp15o89zb.com/jb/580160c59de1b8ba7d1eb612166ba7a8,True,17時間前,2026-10-03 04:56:41,愛知県
有料老人ホームの介護職・ヘルパー／年間休日115日／看護師24時間常駐...新着,jobフレンド,愛知県,月給27万300円,正社員,介護,求人ボックス,https://xn--pckua2a7gp15o89zb.com/jb/414e304bc41bd9e4250433562fd9f1c1,True,22時間前,2026-10-03 04:56:41,愛知県
未経験も手当充実の介護職新着,介護職,愛知県,"月給28万5,000円",正社員,介護,求人ボックス,https://xn--pckua2a7gp15o89zb.com/jb/5a0b8f67a46dab30462776fe0e65328e,True,13時間前,2026-10-03 04:56:42,愛知県
月10日休み・バケーション休暇などお休みいっぱい介護職新着,介護,愛知県,"月給28万5,000円",正社員,介護,求人ボックス,https://xn--pckua2a7gp15o89zb.com/jb/263188d0fd762113ec2e0a8c09efbd9a,True,13時間前,2026-10-03 04:56:46,愛知県
未経験から始めたスタッフも多数活躍中!初任者研修あれば介護職新着,介護職,愛知県,"月給28万5,000円",正社員,介護,求人ボックス,https://xn--pckua2a7gp15o89zb.com/jb/1f2992f4193ac982bee1d4ac2895d33a,True,13時間前,2026-10-03 04:56:46,愛知県
介護職員／週3から可／グループホームの介護職／日勤のみ新着,株式会社ナンブ／グループホーム リズム,愛知県,"時給1,205円～1,530円",アルバイト・パート,介護,求人ボックス,https://xn--pckua2a7gp15o89zb.com/jb/5ad8146d5f02928761189a7759b4045d,True,4時間前,2026-10-03 04:56:46,愛知県
"未経験も想定年収3,800,000円から住宅型有料老人ホーム介護職新着",介護,愛知県,"月給28万5,000円",正社員,介護,求人ボックス,https://xn--pckua2a7gp15o89zb.com/jb/e5fbb0d3c88ac520e2a6237a89ab9c52,True,13時間前,2026-10-03 04:56:49,愛知県
社会保険完備の職場で介護職／ヘルパー新着,看護小規模多機能型居宅介護 安あん堀内,愛知県,"時給1,295円～1,555円",アルバイト・パート,介護,求人ボックス,https://xn--pckua2a7gp15o89zb.com/jb/62619836ae24a72d08aaa8c8107c2ea3,True,7時間前,2026-10-03 04:56:49,愛知県
社会保険完備の職場で介護職／ヘルパー新着,特別養護老人ホーム幸の郷,愛知県,"月給20万1,000円",正社員,介護,求人ボックス,https://xn--pckua2a7gp15o89zb.com/jb/19bf07d126897b47d4ed81a91d84ff8a,True,7時間前,2026-10-03 04:56:49,愛知県
社会保険完備の職場で介護職／ヘルパー新着,トモダチ訪問介護瑞穂店,愛知県,"月給26万2,000円",正社員,介護,求人ボックス,https://xn--pckua2a7gp15o89zb.com/jb/6e49c729b5e1a548903d0f6466a12a37,True,7時間前,2026-10-03 04:56:52,愛知県
介護職新着,介護,愛知県,"時給1,220円～1,350円",アルバイト・パート,介護,求人ボックス,https://xn--pckua2a7gp15o89zb.com/jb/d78e38fe778ed794bc4966361413b56d,True,12時間前,2026-10-03 04:56:52,愛知県
週3日から介護職新着,介護,愛知県,"時給1,200円～1,300円",アルバイト・パート,介護,求人ボックス,https://xn--pckua2a7gp15o89zb.com/jb/f6cf64589decc5e8bc68aa97b52ece36,True,13時間前,2026-10-03 04:56:55,愛知県
週2日から夜勤専従介護職新着,介護,愛知県,"日給2万8,000円",アルバイト・パート,介護,求人ボックス,https://xn--pckua2a7gp15o89zb.com/jb/ab242860a2b891067114ee4c30733527,True,13時間前,2026-10-03 04:56:55,愛知県
夜勤なし働く時間がえらべる初任者研修あれば未経験可の介護職新着,介護,愛知県,"時給1,170円～1,400円",アルバイト・パート,介護,求人ボックス,https://xn--pckua2a7gp15o89zb.com/jb/6280d27efeef4b0673ce63834feb6163,True,12時間前,2026-10-03 04:56:58,愛知県
40代50代からの転職も歓迎・ブランクあってもはじめやすい介護職新着,介護,愛知県,"月給28万5,000円",正社員,介護,求人ボックス,https://xn--pckua2a7gp15o89zb.com/jb/58afe110b5fb1900e2a6d7c5139f9fff,True,13時間前,2026-10-03 04:56:58,愛知県
介護福祉士／介護職員／週2から可／サービス付き高齢者向け住宅の介護職新着,株式会社ナンブ／ハートケアメゾンみなみの風竜美丘,愛知県,"時給1,205円～1,530円",アルバイト・パート,介護,求人ボックス,https://xn--pckua2a7gp15o89zb.com/jb/73911650c96537b94a0dd8acd6de6807,True,4時間前,2026-10-03 04:56:58,愛知県
介護職／ヘルパー／介護士資格を活かす 愛知県岡崎市の特養で食事介助新着,社会福祉法人杏福会,愛知県岡崎市の特養で食事介助,"時給1,230円～1",アルバイト・パート,介護,求人ボックス,https://xn--pckua2a7gp15o89zb.com/jb/bbce692cff830c4ccbcad98115876c93,True,13時間前,2026-10-03 04:57:01,愛知県
訪問介護スタッフ／日勤／初任者研修／ヘルパー2級／介護職／介護士新着,ケアリッツ八事,愛知県,月給27万円～29万円,正社員,介護,求人ボックス,https://xn--pckua2a7gp15o89zb.com/jb/d50ec5969a006c416f5f8263e882cb6c,True,4時間前,2026-10-03 04:57:01,愛知県
社会保険完備の職場で介護職／ヘルパー新着,サービス付き高齢者向け住宅 悠縁,愛知県,"時給1,282円～1,357円",アルバイト・パート,介護,求人ボックス,https://xn--pckua2a7gp15o89zb.com/jb/c086653847e86f2a0ef3338fca9e9bfc,True,7時間前,2026-10-03 04:57:01,愛知県
介護福祉士・社会保険完備の職場で介護職／ヘルパー新着,地域密着型特別養護老人ホームゆとりの郷,愛知県,月給21万円～28万,正社員,介護,求人ボックス,https://xn--pckua2a7gp15o89zb.com/jb/a614c0f1f60fb4d8c8f90ee67877fed7,True,7時間前,2026-10-03 04:57:01,愛知県
未経験可の介護職／ヘルパー新着,ハートケアメゾンみなみの風 竜美丘,愛知県,"時給1,205円～1,530円",アルバイト・パート,介護,求人ボックス,https://xn--pckua2a7gp15o89zb.com/jb/5f76a214bfd8843cead6bcd566947b3e,True,7時間前,2026-10-03 04:57:05,愛知県
社会保険完備の職場で介護職／ヘルパー新着,有料老人ホーム よっこらしょっ青い鳥,愛知県,"月給27万6,800円",正社員,介護,求人ボックス,https://xn--pckua2a7gp15o89zb.com/jb/40ce9b6804b34b41a899dc886a72cfed,True,7時間前,2026-10-03 04:57:05,愛知県
通所介護・デイサービス勤務の介護職／ヘルパー新着,デイサービスはなのき 小牧堀の内,愛知県,月給28万円～35万円,正社員,介護,求人ボックス,https://xn--pckua2a7gp15o89zb.com/jb/be9259b5b70b081d0497e4dc1e7ae6e9,True,7時間前,2026-10-03 04:57:05,愛知県
社会保険完備の職場で介護職／ヘルパー新着,フロンティアの介護 介護付有料老人ホームハイリタ...,愛知県,"月給24万4,000円",正社員,介護,求人ボックス,https://xn--pckua2a7gp15o89zb.com/jb/a115f52cdbcd896eefe0dbef58e1b866,True,7時間前,2026-10-03 04:57:09,愛知県
無資格可の介護職／ヘルパー新着,通所リハビリ ほほえみデイケア,愛知県,"時給1,200円～1,250円",アルバイト・パート,介護,求人ボックス,https://xn--pckua2a7gp15o89zb.com/jb/8f35efa870570bbb161ed9fd73ae5e7e,True,7時間前,2026-10-03 04:57:09,愛知県
通所介護・デイサービス勤務の介護職／ヘルパー新着,サン太陽 デイサービス春日井,愛知県,"時給1,195円～1,400円",アルバイト・パート,介護,求人ボックス,https://xn--pckua2a7gp15o89zb.com/jb/7cce0863045fae92c221c93f76f11115,True,7時間前,2026-10-03 04:57:09,愛知県
遅番の保育士 土曜のみ新着,社会福祉法人松壽会,愛知県,"時給1,500円",アルバイト・パート,保育,求人ボックス,https://xn--pckua2a7gp15o89zb.com/jb/9048829ef09739d56c368e3b56652420,True,4時間前,2026-10-03 04:56:46,愛知県
保育士免許・幼稚園教諭免許 週2から 16時まで勤務 土日休み新着,ときわ食品株式会社,愛知県,"時給1,300円～1,400円",アルバイト・パート,保育,求人ボックス,https://xn--pckua2a7gp15o89zb.com/jb/2dc2d3c1a5e0387cb9ebee30f84686e3,True,4時間前,2026-10-03 04:56:46,愛知県
社会保険完備の職場で保育士新着,はな保育園せんのんじ,愛知県,"時給1,370円～1,520円",アルバイト・パート,保育,求人ボックス,https://xn--pckua2a7gp15o89zb.com/jb/53a82c240306c5c01939bb0ac9904973,True,7時間前,2026-10-03 04:56:47,愛知県
保育士／保育園新着,アスカグループ,愛知県,"時給1,350円",派遣社員,保育,求人ボックス,https://xn--pckua2a7gp15o89zb.com/jb/b94e5d5a8300eb6ba42626a224e520fd,True,23時間前,2026-10-03 04:56:47,愛知県
朝番遅番保育士新着,有限会社NUDE COLOR,愛知県,"時給1,500円",アルバイト・パート,保育,求人ボックス,https://xn--pckua2a7gp15o89zb.com/jb/81a5cc80df4778ecc807e87078f8b9da,True,16時間前,2026-10-03 04:56:50,愛知県
保育士募集・ボーナス・賞与あり新着,うめさと保育園,愛知県,"月給25万4,495円",正社員,保育,求人ボックス,https://xn--pckua2a7gp15o89zb.com/jb/16b3201ed942cb6e280e5d891763c68f,True,7時間前,2026-10-03 04:56:50,愛知県
週1日4時間から・重症心身障がい児の発達をサポートする保育士新着,保育士,愛知県,"時給1,300円～",アルバイト・パート,保育,求人ボックス,https://xn--pckua2a7gp15o89zb.com/jb/fa40383bdcf35c09fd3c0368d3e04221,True,12時間前,2026-10-03 04:56:50,愛知県
未経験も重症心身障がい児の発達をサポートする保育士新着,保育士,愛知県,月給26万円～,正社員,保育,求人ボックス,https://xn--pckua2a7gp15o89zb.com/jb/c600b7febbccee52025eba7863b4ff4d,True,13時間前,2026-10-03 04:56:52,愛知県
重症心身障がい児の保育士新着,保育士,愛知県,年収360万円～,正社員,保育,求人ボックス,https://xn--pckua2a7gp15o89zb.com/jb/b8ad66ccf7cf707aab6198164a4e3922,True,13時間前,2026-10-03 04:56:52,愛知県
保育園からの転職も大歓迎!週1日4時間から・重症心身障がい児の保育士新着,保育士,愛知県,"時給1,300円～",アルバイト・パート,保育,求人ボックス,https://xn--pckua2a7gp15o89zb.com/jb/63aa89bc852268161e29160ea2df5dd6,True,13時間前,2026-10-03 04:56:52,愛知県
8:00～の早番歓迎／持ち帰り業務一切なし!／企業内託児所にて保育士の...新着,株式会社プロサイトスタッフ,愛知県,"時給1,450円～1,813円",派遣社員,保育,求人ボックス,https://xn--pckua2a7gp15o89zb.com/jb/982178d8e4d6b23c0ec9f9df0cc0c2fe,True,14時間前,2026-10-03 04:56:52,愛知県
保育士新着,保育士,愛知県,月給26万円～,正社員,保育,求人ボックス,https://xn--pckua2a7gp15o89zb.com/jb/9ba9806aef2731b01dd2281b747a54ff,True,13時間前,2026-10-03 04:56:56,愛知県
社会保険完備の職場で保育士新着,めばえ保育園,愛知県,"時給1,250円～1,350円",アルバイト・パート,保育,求人ボックス,https://xn--pckua2a7gp15o89zb.com/jb/4abbe2bb04db0b6fb973ee39737d231d,True,7時間前,2026-10-03 04:56:56,愛知県
保育士／愛知県稲沢市／派遣／9:00～17:30シフト／車通勤新着,ベルサンテスタッフ株式会社,愛知県稲沢市／派遣／9:00～17:30シフト／車通勤,"時給1,500円～1,600円",派遣社員,保育,求人ボックス,https://xn--pckua2a7gp15o89zb.com/jb/9d0ad5bf6a15eb55f86cba4b778eaf1e,True,14時間前,2026-10-03 04:56:56,愛知県
保育士／認可保育園／週3～4日／遅番帯／短時間勤務／扶養内新着,セントスタッフ株式会社,愛知県,"時給1,300円～1,500円",派遣社員,保育,求人ボックス,https://xn--pckua2a7gp15o89zb.com/jb/1bd2b34d58ab95139615fe56156b3bed,True,23時間前,2026-10-03 04:57:00,愛知県
美容院の託児所で子供と遊ぶお仕事新着,B's amor 春日井神領店,愛知県,"時給1,195円～",アルバイト・パート,保育,求人ボックス,https://xn--pckua2a7gp15o89zb.com/jb/aaa531c903c8b6036958608af639c04b,True,10時間前,2026-10-03 04:57:00,愛知県
美容院の託児所で保育スタッフ新着,B's amor 尾張旭店,愛知県,"時給1,195円～",アルバイト・パート,保育,求人ボックス,https://xn--pckua2a7gp15o89zb.com/jb/58efd8a6b0286405b59482fb0a3a55ea,True,10時間前,2026-10-03 04:57:00,愛知県
データ入力・未経験OK「ネイルOK／服装自由」土日休み／残業なし「20代活躍中」新着,...<こんな方にぴったり>・前向きな気持ちで事務職に挑戦したい・仕事/プライベートのメリハリをつけたい・スキルを身につけて長期的に活躍したいー こんな前職の方が入社中ー接客業/販売業/飲食店/,愛知県,"月給22万2,500円",正社員,保育,求人ボックス,https://xn--pckua2a7gp15o89zb.com/jbn/eca4f89cbd2f6d7e455e496d61279178,True,23時間前,2026-10-03 04:57:00,愛知県
一般事務・未経験OK「ネイルOK・服装自由」土日休み・残業なし・20代活躍中新着,...<こんな方にぴったり>・前向きな気持ちで事務職に挑戦したい・仕事/プライベートのメリハリをつけたい・スキルを身につけて長期的に活躍したいー こんな前職の方が入社中ー接客業/販売業/飲食店/,愛知県,"月給22万2,500円",正社員,保育,求人ボックス,https://xn--pckua2a7gp15o89zb.com/jbn/7325d2be186447f47c34bb4c89b5fa0a,True,22時間前,2026-10-03 04:57:04,愛知県
受付事務 完全週休2日制・服装自由 20代活躍中・未経験歓迎／WEB選考新着,...前向きな気持ちで事務職デビューしたい方・仕事/プライベートのメリハリをつけたい方・スキル/資格を身につけ長期で活躍したい方ー こんな前職の方が入社中ー接客業/販売業/飲食/看護師/,愛知県,"月給22万2,500円",正社員,保育,求人ボックス,https://xn--pckua2a7gp15o89zb.com/jbn/594750ed02c36c59212668c5b40fbe9a,True,23時間前,2026-10-03 04:57:04,愛知県
デスクワーク／未経験OK／第二新卒歓迎／教育体制あり／完全週休2日制／若手中心新着,株式会社ホワイトキャリア,愛知県,"月給21万9,000円",正社員,保育,求人ボックス,https://xn--pckua2a7gp15o89zb.com/jbn/960b931d1927d03a4b7b1bce30e9d6ed,True,6時間前,2026-10-03 04:57:04,愛知県
ペットショップの接客・品出しスタッフ／経験ゼロから始められる／長く安心して働ける環境／長期勤務新着,株式会社犬の家 豊田店,愛知県,"月給20万6,000円",正社員,保育,求人ボックス,https://xn--pckua2a7gp15o89zb.com/jbn/930ffc828083b5c4ccb85e5501eec1b4,True,22時間前,2026-10-03 04:57:04,愛知県
ペットショップの接客・品出しスタッフ／経験ゼロから始められる／長く安心して働ける環境／長期勤務新着,株式会社犬の家 刈谷店,愛知県,"月給20万6,000円",正社員,保育,求人ボックス,https://xn--pckua2a7gp15o89zb.com/jbn/27dcdca5291c572aadacad721e4dcdb2,True,22時間前,2026-10-03 04:57:06,愛知県
ペットショップの販売・レジスタッフ／安城店毎年昇給のチャンスあり／自分に合った働き方が可能新着,株式会社犬の家 安城店,愛知県,"月給20万6,000円",正社員,保育,求人ボックス,https://xn--pckua2a7gp15o89zb.com/jbn/3b4922a8512328a5b45557cd293c27a1,True,22時間前,2026-10-03 04:57:06,愛知県
准看護師／認可保育園の准看護師新着,社会福祉法人サン・ビジョン,愛知県,"時給1,515円～1,715円",アルバイト・パート,保育,求人ボックス,https://xn--pckua2a7gp15o89zb.com/jb/c7ba29dcf74578a7a0c9a85aefc507ee,True,10時間前,2026-10-03 04:57:06,愛知県
障害者支援に携わりたい生活支援員新着,就労継続支援B型事業所 オレンジ野並,愛知県,"時給1,195円～1,200円",アルバイト・パート,保育,求人ボックス,https://xn--pckua2a7gp15o89zb.com/jb/ae89c98f823f163160d557c37f310082,True,7時間前,2026-10-03 04:57:10,愛知県
一般事務／管理部門・事務職正社員・企業主導型保育園・年間休日120日・NO残業デー導入新着,企業主導型保育園アンド,愛知県,"月給19万5,200円",正社員,保育,求人ボックス,https://xn--pckua2a7gp15o89zb.com/jb/d8ae53cade0ba4772881c765d95e8477,True,7時間前,2026-10-03 04:57:10,愛知県
"看護師／9:00～15:00固定時間／週2～3日／時給1,450円～1,600円／交通費全額支給新着",株式会社アスカ,愛知県,"時給1,450円～1,600円",派遣社員,保育,求人ボックス,https://xn--pckua2a7gp15o89zb.com/jb/5fcfa6a55f3b4d59ef1a18a02e74e2e3,True,12時間前,2026-10-03 04:57:14,愛知県
レセプション・電話応対やサロンの窓口業務新着,B's amor 豊田店,愛知県,月給22万円～,正社員,保育,求人ボックス,https://xn--pckua2a7gp15o89zb.com/jb/89e7eacb7b0a557f3d35f4cf61321e31,True,10時間前,2026-10-03 04:57:14,愛知県
生活支援員・職業指導員・無資格可の生活支援員新着,就労継続支援B型ZORN,愛知県,"時給1,200円～1,500円",アルバイト・パート,保育,求人ボックス,https://xn--pckua2a7gp15o89zb.com/jb/a038fec73ff9544e8271d46c0e55c2d1,True,7時間前,2026-10-03 04:57:14,愛知県
美容師／美容院・美容室・ヘアサロン新着,株式会社デューアソシエ,愛知県,"時給1,195円～",アルバイト・パート,美容,求人ボックス,https://xn--pckua2a7gp15o89zb.com/jb/19d9edd0e385c54bc7375e97d3e83ee0,True,17時間前,2026-10-03 04:57:11,愛知県
美容師／スタッフ／フォレスト ヒル Forest Hill by新着,株式会社Forest Hill,愛知県,月給27万円,正社員,美容,求人ボックス,https://xn--pckua2a7gp15o89zb.com/jb/b658c98b123014394fdfb48f1da5e6fb,True,5時間前,2026-10-03 04:57:12,愛知県
セイスのアシスタント 美容師新着,Seis,愛知県,月給19万円～22万円,正社員,美容,求人ボックス,https://xn--pckua2a7gp15o89zb.com/jb/aa8741bb7998d1f332022b25171ef6e6,True,15時間前,2026-10-03 04:57:16,愛知県
美容師／スタイリスト／ホロル新着,horol hair salon,愛知県,月給30万円～50万円,,美容,求人ボックス,https://xn--pckua2a7gp15o89zb.com/jb/975e803b4ff2c89b2ae8d4d81965c5a5,True,5時間前,2026-10-03 04:57:16,愛知県
美容室のスタイリスト業務新着,B's age 長久手店,愛知県,月給22万円～30万円,正社員,美容,求人ボックス,https://xn--pckua2a7gp15o89zb.com/jb/3d6e33d1c611a17e5e23d81d0f8ed9b7,True,10時間前,2026-10-03 04:57:18,愛知県
美容室でスタイリスト新着,B's amor 日進店,愛知県,月給25万円～50万円,正社員,美容,求人ボックス,https://xn--pckua2a7gp15o89zb.com/jb/5af687f55964acf09f2d225e370bec7c,True,10時間前,2026-10-03 04:57:18,愛知県
美容院でスタイリスト新着,B's amor 半田店,愛知県,月給25万円～35万円,正社員,美容,求人ボックス,https://xn--pckua2a7gp15o89zb.com/jb/32676407a10baa6333a3c979cd8c23e2,True,10時間前,2026-10-03 04:57:22,愛知県
美容室でスタイリスト新着,B's amor 大府店,愛知県,月給25万円～35万円,正社員,美容,求人ボックス,https://xn--pckua2a7gp15o89zb.com/jb/935e86d03d4ddaa8992b6584429b2800,True,10時間前,2026-10-03 04:57:22,愛知県
美容院でスタイリスト新着,B's amor 春日井神領店,愛知県,月給25万円～35万円,正社員,美容,求人ボックス,https://xn--pckua2a7gp15o89zb.com/jb/6d989e337ba9b9a4ec634aa16092ce45,True,10時間前,2026-10-03 04:57:26,愛知県
カットやパーマのスタイリスト新着,B's amor 春日井市民病院前店,愛知県,"時給1,215円～1,500円",アルバイト・パート,美容,求人ボックス,https://xn--pckua2a7gp15o89zb.com/jb/31c53e3e6fc950b4818b35b49ede1a14,True,10時間前,2026-10-03 04:57:26,愛知県
アイリスト・ビューティースタッフ新着,Grand Beauty B’s 半田店,愛知県,月給22万円～,正社員,美容,求人ボックス,https://xn--pckua2a7gp15o89zb.com/jb/671ea5042ebf0538acf6fb5aae5a7a69,True,10時間前,2026-10-03 04:57:26,愛知県
カットやパーマのスタイリスト新着,B's amor 尾張旭店,愛知県,"時給1,215円～1,500円",アルバイト・パート,美容,求人ボックス,https://xn--pckua2a7gp15o89zb.com/jb/a6a48d466cfb24fd377be86499607b2e,True,10時間前,2026-10-03 04:57:29,愛知県
美容室でスタイリスト新着,B's amor 豊田店,愛知県,月給25万円～35万円,正社員,美容,求人ボックス,https://xn--pckua2a7gp15o89zb.com/jb/1146cd86e1bfc61205a202e9481f3a69,True,10時間前,2026-10-03 04:57:29,愛知県
サロンレセプション新着,B’s age 半田店,愛知県,月給22万円～,正社員,美容,求人ボックス,https://xn--pckua2a7gp15o89zb.com/jb/360aa6101d9217ecdd35acc25a904334,True,10時間前,2026-10-03 04:57:29,愛知県
完全在宅／事務／未経験OK／完全週休2日新着,飲食店、,愛知県,"月給22万1,400円",正社員,美容,求人ボックス,https://xn--pckua2a7gp15o89zb.com/jbn/3ef87b8a5172b5bd3bdb4715a1f69728,True,10時間前,2026-10-03 04:57:33,愛知県
フルリモート／データ入力／未経験OK／フレックス出社可新着,飲食店、,愛知県,"月給22万3,000円",正社員,美容,求人ボックス,https://xn--pckua2a7gp15o89zb.com/jbn/ee4ca269273ad7f9378ac56caf0e8827,True,10時間前,2026-10-03 04:57:33,愛知県
一般事務・未経験OK「ネイルOK・服装自由」土日休み・残業なし・20代活躍中新着,...前向きな気持ちで事務職に挑戦したい・仕事/プライベートのメリハリをつけたい・スキルを身につけて長期的に活躍したいー こんな前職の方が入社中ー接客業/販売業/飲食店/保育士/看護師ネイリスト/トリ,愛知県,"月給22万2,500円",正社員,美容,求人ボックス,https://xn--pckua2a7gp15o89zb.com/jbn/6d013617961432280067f7adee0d1847,True,22時間前,2026-10-03 04:57:33,愛知県
フルリモート／一般事務／高収入／年間休日123日新着,飲食店、,愛知県,"月給22万2,900円",正社員,美容,求人ボックス,https://xn--pckua2a7gp15o89zb.com/jbn/9d05f826ab6cacec44961bea64c85479,True,9時間前,2026-10-03 04:57:33,愛知県
フルリモート／事務／未経験OK／月給22万～新着,飲食店、,愛知県,月給22万～,正社員,美容,求人ボックス,https://xn--pckua2a7gp15o89zb.com/jbn/5a4114f7fdf8d1bd9abf223a3f4bb728,True,10時間前,2026-10-03 04:57:36,愛知県
完全在宅／一般事務／高収入／完全土日休み新着,飲食店、,愛知県,月給22万100円,正社員,美容,求人ボックス,https://xn--pckua2a7gp15o89zb.com/jbn/c708b1b83620d3b5c3b8469343c5dc8c,True,10時間前,2026-10-03 04:57:36,愛知県
事務アシスタント／充実の研修で安心スタート!／20代活躍中／年間休日120日以上新着,...原則定時退社だからお仕事後のプライベートが超充実 ギスギスした雰囲気とは無縁の、何でも相談しやすい環境<元接客・販売スタッフが多数在籍!>コンビニ夜勤、ホテルフロント、居酒屋、アパレル、,愛知県,月給21万500円,正社員,美容,求人ボックス,https://xn--pckua2a7gp15o89zb.com/jbn/11674264ad9f404d644a69a232274f7e,True,8時間前,2026-10-03 04:57:40,愛知県
事務アシスタント／充実の研修で安心スタート!／教育体制あり／年間休日120日以上新着,...これまでの経歴ではなく、これからの「やってみたい」という気持ちを何よりも重視します。求人票に必須資格の明記はありませんので、どなたでも「不問」として安心してご応募いただけます。実際に、コンビニの,愛知県,"月給22万7,000円",正社員,美容,求人ボックス,https://xn--pckua2a7gp15o89zb.com/jbn/2dddb6c031574cac01d67ed27ddfa86a,True,8時間前,2026-10-03 04:57:40,愛知県
送迎運転手「普通免許のみ」／年収600万円以上／予約が中心／未経験でも高収入／週3出勤新着,...カレンダー通りに休める事務職へ転職したい」「プライベートの時間もしっかり確保しながら働きたい」そんな希望が叶う職場です。ExcelやWordの基本操作ができれば、実務経験がなくても全く問題ありま,愛知県,月給50万円～80万円,正社員,美容,求人ボックス,https://xn--pckua2a7gp15o89zb.com/jbn/cb72f09bf72dbd420160730f5c6b7a58,True,10時間前,2026-10-03 04:57:40,愛知県
「予約制のタクシードライバー」週3日勤務で月収40万円以上／未経験OK／20代～50代が活躍中新着,建設,愛知県,"月給47万6,000円",正社員,建設,求人ボックス,https://xn--pckua2a7gp15o89zb.com/jbn/5ce85b37ec7e10e878b944c63182ce01,True,13時間前,2026-10-03 04:57:13,愛知県
普通免許から始めるタクシードライバー／二種免許取得支援あり／役員・VIP・予約送迎／賞与あり新着,フードデリバリー配達員/宅配便ドライバールート配送ドライバー(飲料・食品)...(前職:フードデリバリー配達員/25歳男性) 福利厚生 ・社会保険完備(厚生年金・健康保険・雇用保険・労災)...,愛知県,"月給45万6,000円",正社員,建設,求人ボックス,https://xn--pckua2a7gp15o89zb.com/jbn/fb19222f05f7943949ab76a7d16bc26b,True,9時間前,2026-10-03 04:57:13,愛知県
著名人・VIPの予約タクシードライバー／普通免許のみOK／未経験から正社員へ／賞与年2回新着,フードデリバリー配達員/宅配便ドライバールート配送ドライバー(飲料・食品)...[年収実績]25歳男性/前職:フードデリバリー配達員入社1年目で年収650万円を達成。,愛知県,"月給40万4,000円",正社員,建設,求人ボックス,https://xn--pckua2a7gp15o89zb.com/jbn/4a3f7eb3dde359099a8ad795d582cb6c,True,10時間前,2026-10-03 04:57:13,愛知県
「月11日～13日勤務!」タクシードライバー／履歴書不要／空港送迎／社会保険完備／賞与あり新着,フードデリバリー配達員/宅配便ドライバールート配送ドライバー(飲料・食品)...<年収例>入社1年目:年収650万円前職:フードデリバリー配達員(25歳男性),愛知県,"月給47万6,000円",正社員,建設,求人ボックス,https://xn--pckua2a7gp15o89zb.com/jbn/9b8470d8865cb31f66a64e3376f8e64d,True,10時間前,2026-10-03 04:57:13,愛知県
「タクシードライバー」二種免不要／週3勤務／安定収入／ボーナス年2回／若手活躍中／安心の正社員雇用新着,...軽貨物配送ドライバーフードデリバリー配達員/宅配便ドライバールート配送ドライバー(飲料・食品)長距離大型トラック/中型トラック運転手引越しドライバー/デリバリーサービス倉庫,愛知県,"月給45万6,000円",正社員,建設,求人ボックス,https://xn--pckua2a7gp15o89zb.com/jbn/ac88cd2260ffe6b7a9b4e5ddf651e207,True,9時間前,2026-10-03 04:57:13,愛知県
夜間予約タクシードライバー／普通免許OK／二種免許は会社負担／月収50万円以上も可／賞与あり新着,フードデリバリー配達員/宅配便ドライバールート配送ドライバー(飲料・食品)長距離大型トラック/中型トラック運転手引越しドライバー/デリバリーサービス倉庫,愛知県,"月給40万4,000円",正社員,建設,求人ボックス,https://xn--pckua2a7gp15o89zb.com/jbn/68d2c18bf15b37a668ffef10c1f94900,True,10時間前,2026-10-03 04:57:13,愛知県
「週3勤務・芸能人・タレント」タクシードライバー／二種免許不要／賞与年2回／正社員雇用新着,フードデリバリー配達員/宅配便ドライバールート配送ドライバー(飲料・食品)...<年収例>入社1年目:年収650万円前職:フードデリバリー配達員(25歳男性),愛知県,"月給45万6,000円",正社員,建設,求人ボックス,https://xn--pckua2a7gp15o89zb.com/jbn/ea28c631562042f9a53ec81c8b05cba5,True,9時間前,2026-10-03 04:57:14,愛知県
「タクシードライバー」二種免許会社負担／経歴不問／年収600万円以上可／若手世代活躍中新着,...軽貨物配送ドライバーフードデリバリー配達員/宅配便ドライバールート配送ドライバー(飲料・食品)長距離大型トラック/中型トラック運転手引越しドライバー/デリバリーサービス倉庫,愛知県,"月給47万6,000円",正社員,建設,求人ボックス,https://xn--pckua2a7gp15o89zb.com/jbn/f093d10988eb0428fea3ff8b7986b685,True,10時間前,2026-10-03 04:57:14,愛知県
「二種免許不要・タクシードライバー」履歴書不要／学歴不問／週3勤務／身体負担少なめ／退職金制度新着,...軽貨物配送ドライバーフードデリバリー配達員/宅配便ドライバールート配送ドライバー(飲料・食品)長距離大型トラック/中型トラック運転手引越しドライバー/デリバリーサービス倉庫,愛知県,"月給47万6,000円",正社員,建設,求人ボックス,https://xn--pckua2a7gp15o89zb.com/jbn/10cb94e1629803fbfaa53954b4ad9c21,True,10時間前,2026-10-03 04:57:14,愛知県
月11日～13日勤務のタクシードライバー／空港・VIP送迎あり／普通免許OK／履歴書不要／賞与年2回新着,未経験OK,愛知県,"月給45万6,000円",正社員,建設,求人ボックス,https://xn--pckua2a7gp15o89zb.com/jbn/f4164a5dddf817be323a4065427a6b60,True,9時間前,2026-10-03 04:57:14,愛知県
「夜勤・高収入・空港送迎」タクシードライバー／普通免許でOK／賞与あり／年収600万円以上可新着,フードデリバリー配達員/宅配便ドライバールート配送ドライバー(飲料・食品)...<年収例>入社1年目:年収650万円前職:フードデリバリー配達員(25歳男性),愛知県,"月給45万6,000円",正社員,建設,求人ボックス,https://xn--pckua2a7gp15o89zb.com/jbn/d80cc9fd50ca2c98fa2313fa526a8e93,True,9時間前,2026-10-03 04:57:14,愛知県
「夜勤・タクシードライバー」二種免不要／企業役員／賞与年2回／20代活躍中／安定収入新着,フードデリバリー配達員/宅配便ドライバールート配送ドライバー(飲料・食品)...<年収例>入社1年目:年収650万円前職:フードデリバリー配達員(25歳男性),愛知県,"月給47万6,000円",正社員,建設,求人ボックス,https://xn--pckua2a7gp15o89zb.com/jbn/03641b5cc313f868f4a9f14ad81a143e,True,10時間前,2026-10-03 04:57:14,愛知県
「社会保険完備・福利厚生充実」タクシードライバー／夜勤／学歴不問／ボーナス年2回／空港送迎／会食送迎新着,...軽貨物配送ドライバーフードデリバリー配達員/宅配便ドライバールート配送ドライバー(飲料・食品)長距離大型トラック/中型トラック運転手引越しドライバー/デリバリーサービス倉庫,愛知県,"月給45万6,000円",正社員,建設,求人ボックス,https://xn--pckua2a7gp15o89zb.com/jbn/7632c0f0e96777c03e223beb35701802,True,9時間前,2026-10-03 04:57:14,愛知県
夜勤の役員タクシードライバー／空港・会食・VIP送迎あり／普通免許OK／賞与年2回／福利厚生充実新着,...軽貨物配送ドライバーフードデリバリー配達員/宅配便ドライバールート配送ドライバー(飲料・食品)長距離大型トラック/中型トラック運転手引越しドライバー/デリバリーサービス倉庫,愛知県,"月給40万4,000円",正社員,建設,求人ボックス,https://xn--pckua2a7gp15o89zb.com/jbn/6b0ef2906d9ab84abd55ff2131add10d,True,10時間前,2026-10-03 04:57:14,愛知県
アルファードでの夜間タクシードライバー／VIP・著名人対応あり／AT限定OK／接客経験を活かせる新着,フードデリバリー配達員/宅配便ドライバールート配送ドライバー(飲料・食品)...外での,愛知県,"月給45万6,000円",正社員,建設,求人ボックス,https://xn--pckua2a7gp15o89zb.com/jbn/5bae96b484e21dbd77394cd9ee88fe58,True,9時間前,2026-10-03 04:57:17,愛知県
週3勤務のタクシードライバー／普通免許だけで応募OK／予約中心で落ち着いて働ける／賞与年2回新着,...軽貨物配送ドライバーフードデリバリー配達員/宅配便ドライバールート配送ドライバー(飲料・食品)長距離大型トラック/中型トラック運転手引越しドライバー/デリバリーサービス倉庫,愛知県,"月給40万5,000円",正社員,建設,求人ボックス,https://xn--pckua2a7gp15o89zb.com/jbn/64ce76364c116c1f81d3797f50d80165,True,11時間前,2026-10-03 04:57:17,愛知県
「経歴不問・タクシードライバー」未経験歓迎／社会保険完備の正社員雇用／週3勤務／AT限定OK新着,...軽貨物配送ドライバーフードデリバリー配達員/宅配便ドライバールート配送ドライバー(飲料・食品)長距離大型トラック/中型トラック運転手引越しドライバー/デリバリーサービス倉庫,愛知県,"月給45万6,000円",正社員,建設,求人ボックス,https://xn--pckua2a7gp15o89zb.com/jbn/2a55086862b8837506320762600fa4a9,True,9時間前,2026-10-03 04:57:17,愛知県
タクシードライバー／普通免許OK・AT限定可／未経験から正社員へ／週3日勤務可新着,...軽貨物配送ドライバーフードデリバリー配達員/宅配便ドライバールート配送ドライバー(飲料・食品)長距離大型トラック/中型トラック運転手引越しドライバー/デリバリーサービス倉庫,愛知県,"月給47万7,000円",正社員,建設,求人ボックス,https://xn--pckua2a7gp15o89zb.com/jbn/a6b802de36c9d51e23d963a2c338b481,True,10時間前,2026-10-03 04:57:17,愛知県
タクシードライバー／普通免許OK／年収600万円以上も可／履歴書不要／退職金制度あり新着,...軽貨物配送ドライバーフードデリバリー配達員/宅配便ドライバールート配送ドライバー(飲料・食品)長距離大型トラック/中型トラック運転手引越しドライバー/デリバリーサービス倉庫,愛知県,"月給40万5,000円",正社員,建設,求人ボックス,https://xn--pckua2a7gp15o89zb.com/jbn/61953f9252df7ff9a92eee6fc34dca84,True,10時間前,2026-10-03 04:57:17,愛知県
「夜勤」タクシードライバー・AT限定OK／接客経験活かせる／賞与年2回／VIP対応／アルファード新着,...軽貨物配送ドライバーフードデリバリー配達員/宅配便ドライバールート配送ドライバー(飲料・食品)長距離大型トラック/中型トラック運転手引越しドライバー/デリバリーサービス倉庫,愛知県,"月給47万6,000円",正社員,建設,求人ボックス,https://xn--pckua2a7gp15o89zb.com/jbn/b9ea6b145f33119a65960eadb65d3d32,True,10時間前,2026-10-03 04:57:17,愛知県
週3勤務のタクシードライバー／普通免許OK／未経験から正社員へ／履歴書不要／賞与年2回新着,...軽貨物配送ドライバーフードデリバリー配達員/宅配便ドライバールート配送ドライバー(飲料・食品)長距離大型トラック/中型トラック運転手引越しドライバー/デリバリーサービス倉庫,愛知県,"月給47万7,000円",正社員,建設,求人ボックス,https://xn--pckua2a7gp15o89zb.com/jbn/0c868b5d6c834f220ff3716f901a4b16,True,11時間前,2026-10-03 04:57:17,愛知県
役員・VIPタクシードライバー／普通免許OK／年収600万円以上も可／履歴書不要／退職金制度あり新着,...軽貨物配送ドライバーフードデリバリー配達員/宅配便ドライバールート配送ドライバー(飲料・食品)長距離大型トラック/中型トラック運転手引越しドライバー/デリバリーサービス倉庫,愛知県,"月給40万4,000円",正社員,建設,求人ボックス,https://xn--pckua2a7gp15o89zb.com/jbn/b20eb0cc6660483c2f646f6fa9cb8add,True,10時間前,2026-10-03 04:57:20,愛知県
役員・著名人の予約タクシードライバー／普通免許OK・AT限定可／未経験から正社員へ／週3日勤務可新着,...軽貨物配送ドライバーフードデリバリー配達員/宅配便ドライバールート配送ドライバー(飲料・食品)長距離大型トラック/中型トラック運転手引越しドライバー/デリバリーサービス倉庫,愛知県,"月給40万4,000円",正社員,建設,求人ボックス,https://xn--pckua2a7gp15o89zb.com/jbn/b3c688d716c628c0d8b71c6f69be9677,True,10時間前,2026-10-03 04:57:20,愛知県
「タクシードライバー」未経験OK／履歴書不要／週3勤務／賞与あり／研修制度充実／社会保険完備新着,...軽貨物配送ドライバーフードデリバリー配達員/宅配便ドライバールート配送ドライバー(飲料・食品)長距離大型トラック/中型トラック運転手引越しドライバー/デリバリーサービス倉庫,愛知県,"月給45万6,000円",正社員,建設,求人ボックス,https://xn--pckua2a7gp15o89zb.com/jbn/657ccf0eda659c4f4249e03ea176763a,True,9時間前,2026-10-03 04:57:20,愛知県
リサイクル工場のプラント重機オペレーター 長期連休あり 希望休可 資格取得制度あり新着,球磨建設株式会社,愛知県,月給28万円～35万円,正社員,建設,求人ボックス,https://xn--pckua2a7gp15o89zb.com/jb/a2e74b97bd5beebd1c2d35723416c34f,True,4時間前,2026-10-03 04:57:20,愛知県
夜勤の予約タクシードライバー／企業役員・VIP対応あり／普通免許OK／二種免許取得支援あり新着,フードデリバリー配達員/宅配便ドライバールート配送ドライバー(飲料・食品)...25歳男性・前職フードデリバリー配達員が入社1年目で年収650万円を達成しています。...,愛知県,"月給45万6,000円",正社員,建設,求人ボックス,https://xn--pckua2a7gp15o89zb.com/jbn/29f6c9afa15ac67f822a5433bd0b77cb,True,9時間前,2026-10-03 04:57:20,愛知県
週3勤務の予約タクシードライバー／普通免許OK／未経験から正社員へ／履歴書不要／賞与年2回新着,...軽貨物配送ドライバーフードデリバリー配達員/宅配便ドライバールート配送ドライバー(飲料・食品)長距離大型トラック/中型トラック運転手引越しドライバー/デリバリーサービス倉庫,愛知県,"月給45万6,000円",正社員,建設,求人ボックス,https://xn--pckua2a7gp15o89zb.com/jbn/ac863fc77f761428fa1025afc6848a01,True,9時間前,2026-10-03 04:57:20,愛知県
週3勤務の役員タクシードライバー／普通免許だけで応募OK／予約中心で落ち着いて働ける／賞与年2回新着,...軽貨物配送ドライバーフードデリバリー配達員/宅配便ドライバールート配送ドライバー(飲料・食品)長距離大型トラック/中型トラック運転手引越しドライバー/デリバリーサービス倉庫,愛知県,"月給40万4,000円",正社員,建設,求人ボックス,https://xn--pckua2a7gp15o89zb.com/jbn/050b497e06d511ca00dac367e33cc423,True,10時間前,2026-10-03 04:57:20,愛知県
施工管理職／圧倒的な育成力により未経験から専門性の高いキャリアを実現新着,株式会社Progress Group,愛知県,"月給24万5,000円",契約社員,建設,求人ボックス,https://xn--pckua2a7gp15o89zb.com/jb/79740169d83c18cb884c05eb8adf8907,True,9時間前,2026-10-03 04:57:20,愛知県
投資用アパートの施工管理・資格手当新着,フィリックス株式会社,愛知県,月給53万円～56万円,正社員,建設,求人ボックス,https://xn--pckua2a7gp15o89zb.com/jb/82436398b5c537f0a526de5d1069ac46,True,4時間前,2026-10-03 04:57:24,愛知県
建築・土木作業／年休120日・残業ほぼなし／経験を活かして働き方も整う 杭抜き工事の重機オペレーター新着,株式会社WAO,愛知県,月給40万円～,正社員,建設,求人ボックス,https://xn--pckua2a7gp15o89zb.com/jb/76036563cb3adad51b4f40f4342b6d48,True,4時間前,2026-10-03 04:57:24,愛知県
タクシー運転手「週3勤務」資格取得支援あり／月収40万円以上／安定収入／転職回数不問新着,...以下のような経験をお持ちの方は特に歓迎します。・軽貨物ドライバー・ルート配送スタッフ・宅配ドライバー・タクシー運転手・大型トラックドライバー・フォークリフトオペレーター・,愛知県,"月給45万6,700円",正社員,建設,求人ボックス,https://xn--pckua2a7gp15o89zb.com/jbn/508c20a9e123e8e262982a954809edc2,True,8時間前,2026-10-03 04:57:24,愛知県
「高収入」夜勤／タクシー運転手／定期送迎「月収50万円以上可能／安定収入／賞与年2回」新着,建設・,愛知県,"月給45万9,300円",正社員,建設,求人ボックス,https://xn--pckua2a7gp15o89zb.com/jbn/9b67396aeef3f00fa3ccd816d6eb3bc8,True,8時間前,2026-10-03 04:57:24,愛知県
夜勤タクシードライバー／未経験スタートOK／年2回のボーナス支給あり／資格取得支援制度あり新着,作業,愛知県,"月給45万8,500円",正社員,建設,求人ボックス,https://xn--pckua2a7gp15o89zb.com/jbn/d7e3ec71e85f328d4eeccc71b62e2d8f,True,8時間前,2026-10-03 04:57:24,愛知県
「夜勤でしっかり稼ぐ」タクシードライバー／残業少なめ／正社員採用／賞与あり新着,...以下のような経験をお持ちの方は特に歓迎します。・軽貨物ドライバー・ルート配送スタッフ・宅配ドライバー・タクシー運転手・大型トラックドライバー・フォークリフトオペレーター・,愛知県,"月給45万9,000円",正社員,建設,求人ボックス,https://xn--pckua2a7gp15o89zb.com/jbn/6120c3e76c09b3abd893c5d8e13fe4e2,True,8時間前,2026-10-03 04:57:24,愛知県
「未経験歓迎」タクシードライバー／月収50万円以上可／退職金制度あり新着,...以下のような経験をお持ちの方は特に歓迎します。・軽貨物ドライバー・ルート配送スタッフ・宅配ドライバー・タクシー運転手・大型トラックドライバー・フォークリフトオペレーター・,愛知県,"月給47万7,000円",正社員,建設,求人ボックス,https://xn--pckua2a7gp15o89zb.com/jbn/9b0f13c0294fa80868bbe9c80b1a4b0a,True,9時間前,2026-10-03 04:57:24,愛知県
タクシードライバー／未経験歓迎／会食・空港送迎中心／年収600万円以上可新着,建設・,愛知県,"月給45万8,700円",正社員,建設,求人ボックス,https://xn--pckua2a7gp15o89zb.com/jbn/3faed86dbc6c336ee9f0f10ef2aade52,True,9時間前,2026-10-03 04:57:27,愛知県
芸能関係者のタクシードライバー／未経験歓迎／週3勤務／月収45万円以上／20代～50代活躍中新着,作業,愛知県,"月給46万1,900円",正社員,建設,求人ボックス,https://xn--pckua2a7gp15o89zb.com/jbn/deaff7e14fa7372ac364c0148d4ea828,True,9時間前,2026-10-03 04:57:27,愛知県
「高収入」夜勤／タクシー／定期送迎「月収50万円以上可能／安定収入／賞与年2回」新着,建設・,愛知県,"月給45万9,800円",正社員,建設,求人ボックス,https://xn--pckua2a7gp15o89zb.com/jbn/793b89e0c97654cab1bbdf056d0ff833,True,9時間前,2026-10-03 04:57:27,愛知県
夜間専属タクシードライバー／月収50万円以上可能／賞与年2回／普通免許のみで応募可新着,...以下のような経験をお持ちの方は特に歓迎します。・軽貨物ドライバー・ルート配送スタッフ・宅配ドライバー・タクシー運転手・大型トラックドライバー・フォークリフトオペレーター・,愛知県,月給46万円～64万,正社員,建設,求人ボックス,https://xn--pckua2a7gp15o89zb.com/jbn/fc758ae381cae3119f96669d49713544,True,9時間前,2026-10-03 04:57:27,愛知県
「二種免許不要・週3勤務・タクシードライバー」研修あり／賞与あり／アルファード送迎新着,作業,愛知県,"月給45万6,000円",正社員,建設,求人ボックス,https://xn--pckua2a7gp15o89zb.com/jbn/d2fd2261acf9229e10315068dad8c08c,True,9時間前,2026-10-03 04:57:27,愛知県
「未経験1年目600万円／定着率90%以上」「週3日勤務／正社員」タクシードライバー新着,建設・,愛知県,"月給45万8,700円",正社員,建設,求人ボックス,https://xn--pckua2a7gp15o89zb.com/jbn/b3a0a9aacfd52bcc098737de2ffb3d56,True,9時間前,2026-10-03 04:57:27,愛知県
タクシードライバー／週3勤務／学歴不問／1年目月収50万以上／賞与年2回新着,建設・,愛知県,"月給45万8,800円",正社員,建設,求人ボックス,https://xn--pckua2a7gp15o89zb.com/jbn/62623f3246ccd02eccc1213ed7481339,True,9時間前,2026-10-03 04:57:31,愛知県
「未経験1年目600万円／定着率90%以上」「週3勤務・予約制タクシードライバー」普通免許のみOK新着,建設・,愛知県,月給46万200円,正社員,建設,求人ボックス,https://xn--pckua2a7gp15o89zb.com/jbn/38283dfb2eeebeb7713a4df36274395e,True,9時間前,2026-10-03 04:57:31,愛知県
夜間専属タクシードライバー／週3日勤務OK／異業種出身多数／未経験活躍中／土日祝休みあり新着,...以下のような経験をお持ちの方は特に歓迎します。・軽貨物ドライバー・ルート配送スタッフ・宅配ドライバー・タクシー運転手・大型トラックドライバー・フォークリフトオペレーター・,愛知県,"月給45万8,000円",正社員,建設,求人ボックス,https://xn--pckua2a7gp15o89zb.com/jbn/fbc51e07ea1c3dc5d3d924c9f7534d7c,True,9時間前,2026-10-03 04:57:31,愛知県
「タレント／芸能」タクシードライバー／週3勤務／学歴不問／1年目月収50万以上／賞与年2回新着,建設・,愛知県,"月給45万6,000円",正社員,建設,求人ボックス,https://xn--pckua2a7gp15o89zb.com/jbn/537e780e4f14a5854ddf9b5a8a20a13c,True,9時間前,2026-10-03 04:57:31,愛知県
タクシードライバー／週3勤務／異業種からの転職歓迎新着,建設・,愛知県,月給46万円～65万,正社員,建設,求人ボックス,https://xn--pckua2a7gp15o89zb.com/jbn/163ecae51eb330bf0699cb7036fef31b,True,10時間前,2026-10-03 04:57:31,愛知県
「VIP送迎中心」夜勤タクシードライバー／年収600万円以上／賞与年2回新着,建設・,愛知県,"月給47万6,000円",正社員,建設,求人ボックス,https://xn--pckua2a7gp15o89zb.com/jbn/28568beb4734331e6fa70faa26c95b42,True,10時間前,2026-10-03 04:57:31,愛知県
「週3日勤務で年収600万円も可能」タクシードライバー／普通免許のみOK／未経験歓迎／賞与年2回新着,建設・,愛知県,"月給40万4,000円",正社員,建設,求人ボックス,https://xn--pckua2a7gp15o89zb.com/jbn/0defe22d5f3c172aa115879c73a18468,True,10時間前,2026-10-03 04:57:31,愛知県
「転職回数不問」役員タクシードライバー／週3勤務／安定収入／正社員採用新着,...以下のような経験をお持ちの方は特に歓迎します。・軽貨物ドライバー・ルート配送スタッフ・宅配ドライバー・タクシー運転手・大型トラックドライバー・フォークリフトオペレーター・,愛知県,"月給47万8,700円",正社員,建設,求人ボックス,https://xn--pckua2a7gp15o89zb.com/jbn/2bb7be8619487d62dc5638c5ffdedf8f,True,10時間前,2026-10-03 04:57:31,愛知県
「内定までスピーディー」夜勤タクシードライバー／履歴書不要／未経験OK／月収50万円以上新着,作業,愛知県,"月給47万6,000円",正社員,建設,求人ボックス,https://xn--pckua2a7gp15o89zb.com/jbn/47b03723fbb44a3279384e60fb269d88,True,10時間前,2026-10-03 04:57:34,愛知県
「月内採用」タクシードライバー・夜勤／職歴不問／未経験OK／1年目年収600万円以上可／賞与年2回新着,作業,愛知県,"月給47万6,000円",正社員,建設,求人ボックス,https://xn--pckua2a7gp15o89zb.com/jbn/ccf51c99988312db6e143879efff0e7b,True,10時間前,2026-10-03 04:57:34,愛知県
「夜勤で稼げる」タクシードライバー／普通免許のみOK／年収600万円以上可／賞与年2回新着,...以下のような経験をお持ちの方は特に歓迎します。・軽貨物ドライバー・ルート配送スタッフ・宅配ドライバー・タクシー運転手・大型トラックドライバー・フォークリフトオペレーター・,愛知県,月給48万400円,正社員,建設,求人ボックス,https://xn--pckua2a7gp15o89zb.com/jbn/a96b83a2f4a4b987168e90c7fddac7bb,True,10時間前,2026-10-03 04:57:34,愛知県
タクシードライバー／普通免許のみで応募OK／週3日勤務／賞与あり／高収入実現可能新着,作業,愛知県,月給48万500円,正社員,建設,求人ボックス,https://xn--pckua2a7gp15o89zb.com/jbn/f944aced2dd622cd037a484df123649c,True,10時間前,2026-10-03 04:57:34,愛知県
「予約中心だから未経験でも安心」タクシードライバー／週3勤務／月収50万円以上可新着,建設・,愛知県,"月給47万8,100円",正社員,建設,求人ボックス,https://xn--pckua2a7gp15o89zb.com/jbn/e747696588e4a090e7530b919d5ab196,True,10時間前,2026-10-03 04:57:34,愛知県
土地のお悩みをもつオーナー様へ土地活用の提案営業新着,大東建託株式会社,愛知県,"月給25万5,000円",正社員,建設,求人ボックス,https://xn--pckua2a7gp15o89zb.com/jb/1e431ed8f90025a6ebcfc180fae0ba69,True,21時間前,2026-10-03 04:57:34,愛知県
「正社員」週3勤務のタクシードライバー／未経験者活躍中／年収500万円以上可能／土日祝休み取得可新着,建設・,愛知県,"月給45万6,000円",正社員,建設,求人ボックス,https://xn--pckua2a7gp15o89zb.com/jbn/2be24a11b250fa1ca438a506345b0998,True,9時間前,2026-10-03 04:57:34,愛知県
「高収入」夜勤／タクシードライバー／定期送迎「月収50万円以上可能／安定収入／賞与年2回」新着,建設・,愛知県,"月給45万6,000円",正社員,建設,求人ボックス,https://xn--pckua2a7gp15o89zb.com/jbn/15d799048b884f67d48123c4a14e7697,True,9時間前,2026-10-03 04:57:34,愛知県
「予約中心で安心」タクシードライバー／年収600万円以上／未経験歓迎新着,...以下のような経験をお持ちの方は特に歓迎します。・軽貨物ドライバー・ルート配送スタッフ・宅配ドライバー・タクシー運転手・大型トラックドライバー・フォークリフトオペレーター・,愛知県,"月給45万6,000円",正社員,建設,求人ボックス,https://xn--pckua2a7gp15o89zb.com/jbn/f9625d4c3f3e4b865bd15cb7b5ec77e1,True,9時間前,2026-10-03 04:57:37,愛知県
「夜勤でしっかり稼ぐ」VIPタクシードライバー／残業少なめ／正社員採用／賞与あり新着,...以下のような経験をお持ちの方は特に歓迎します。・軽貨物ドライバー・ルート配送スタッフ・宅配ドライバー・タクシー運転手・大型トラックドライバー・フォークリフトオペレーター・,愛知県,"月給45万6,000円",正社員,建設,求人ボックス,https://xn--pckua2a7gp15o89zb.com/jbn/8264fdcf8fcb00f2a07d412431b51714,True,9時間前,2026-10-03 04:57:37,愛知県
「週3日勤務で高収入」タクシードライバー／家族手当あり／賞与年2回新着,...以下のような経験をお持ちの方は特に歓迎します。・軽貨物ドライバー・ルート配送スタッフ・宅配ドライバー・タクシー運転手・大型トラックドライバー・フォークリフトオペレーター・,愛知県,"月給47万6,000円",正社員,建設,求人ボックス,https://xn--pckua2a7gp15o89zb.com/jbn/d9aba6055c2f4732627d455f8c7cd014,True,10時間前,2026-10-03 04:57:37,愛知県
「普通免許のみOK」タクシードライバー／資格不問・月収50万以上可・賞与年2回新着,...以下のような経験をお持ちの方は特に歓迎します。・軽貨物ドライバー・ルート配送スタッフ・宅配ドライバー・タクシー運転手・大型トラックドライバー・フォークリフトオペレーター・,愛知県,"月給47万6,000円",正社員,建設,求人ボックス,https://xn--pckua2a7gp15o89zb.com/jbn/124c40dde72d227f029a3948cde93fd0,True,10時間前,2026-10-03 04:57:37,愛知県
「タクシードライバー」月内採用／夜勤／履歴書不要／月収50万円以上／正社員採用／社会保険完備新着,...以下のような経験をお持ちの方は特に歓迎します。・軽貨物ドライバー・ルート配送スタッフ・宅配ドライバー・タクシー運転手・大型トラックドライバー・フォークリフトオペレーター・,愛知県,"月給40万4,000円",正社員,建設,求人ボックス,https://xn--pckua2a7gp15o89zb.com/jbn/21007bbb1120cd324e28fab65df02c57,True,10時間前,2026-10-03 04:57:37,愛知県
分譲住宅の施工管理職新着,株式会社ホーク・ワン,愛知県,月給26万円,正社員,建設,求人ボックス,https://xn--pckua2a7gp15o89zb.com/jb/b13258ed9377490ba7eed4a64090652e,True,21時間前,2026-10-03 04:57:37,愛知県
タクシードライバー／「即入社相談可」夜間送迎スタッフ／履歴書不要／安定の正社員雇用新着,作業,愛知県,"月給45万6,000円",正社員,建設,求人ボックス,https://xn--pckua2a7gp15o89zb.com/jbn/3f91804437177a2189fe54de42b2ad21,True,9時間前,2026-10-03 04:57:37,愛知県
「未経験歓迎」専属タクシードライバー／月収50万円以上可／退職金制度あり新着,...以下のような経験をお持ちの方は特に歓迎します。・軽貨物ドライバー・ルート配送スタッフ・宅配ドライバー・タクシー運転手・大型トラックドライバー・フォークリフトオペレーター・,愛知県,"月給45万6,000円",正社員,建設,求人ボックス,https://xn--pckua2a7gp15o89zb.com/jbn/4a86f6cb36bfa3543099e213a6e7dc9a,True,9時間前,2026-10-03 04:57:37,愛知県
タクシードライバー「週3勤務」資格取得支援あり／月収40万円以上／安定収入／転職回数不問新着,...以下のような経験をお持ちの方は特に歓迎します。・軽貨物ドライバー・ルート配送スタッフ・宅配ドライバー・タクシー運転手・大型トラックドライバー・フォークリフトオペレーター・,愛知県,"月給40万4,000円",正社員,建設,求人ボックス,https://xn--pckua2a7gp15o89zb.com/jbn/9aac3c945111f78dae0ea3fd4d12783d,True,10時間前,2026-10-03 04:57:40,愛知県
「1年目から高収入可能」タクシードライバー／週3勤務／福利厚生充実新着,作業,愛知県,"月給47万6,000円",正社員,建設,求人ボックス,https://xn--pckua2a7gp15o89zb.com/jbn/7538e5a1f9f80a8325c0cfcd04e1d341,True,10時間前,2026-10-03 04:57:40,愛知県
土木施工管理／残業月20h程度／デスクワーク中心／完全土日祝休／JRトップパートナー新着,株式会社J-BISメンテナンス,愛知県,"月給35万2,941円",正社員,建設,求人ボックス,https://xn--pckua2a7gp15o89zb.com/jb/04f873e0a5968decb8b2f61b9e716bd4,True,4時間前,2026-10-03 04:57:40,愛知県
土木施工管理・住宅手当・家族手当新着,名工建設株式会社,愛知県,"月給36万1,000円",正社員,建設,求人ボックス,https://xn--pckua2a7gp15o89zb.com/jb/f65c576e32320cffe726586f424bed5d,True,4時間前,2026-10-03 04:57:40,愛知県
名古屋市中村区エリアでお仕事したい方に／建築の施工管理／未経験OK／土日祝休／福利厚生充実新着,株式会社ディンプル,愛知県,"月給20万5,000円",正社員,建設,求人ボックス,https://xn--pckua2a7gp15o89zb.com/jb/d51f77dcfe03eedc6d7da6aebf03cdf5,True,10時間前,2026-10-03 04:57:40,愛知県
建設業の事務員経験者の方に朗報 ネイルも髪の毛も可愛く働いてOK新着,株式会社愛光電気,愛知県,月給20万円～25万円,正社員,建設,求人ボックス,https://xn--pckua2a7gp15o89zb.com/jb/b4578115fb42759268c700d2e505d3d4,True,5時間前,2026-10-03 04:57:40,愛知県
土木施工管理／完全土日祝休／年休125日／月給44万〜新着,TSUCHIYA株式会社,愛知県,月給44万,正社員,建設,求人ボックス,https://xn--pckua2a7gp15o89zb.com/jb/cc6ca95ba6598a98ce6527c7e6222085,True,4時間前,2026-10-03 04:57:40,愛知県
一般事務「正社員・月給26万〜」20代活躍中・未経験OK l 研修あり新着,一般事務,愛知県,月給26万,正社員,事務,求人ボックス,https://xn--pckua2a7gp15o89zb.com/jbn/740039f45eea27ec417056e3c8c4dcf6,True,20時間前,2026-10-03 04:57:16,愛知県
事務職／一般事務／駅近／有給休暇あり／20〜30代女性活躍中／社保完備新着,事務,愛知県,"月給22万5,000円",正社員,事務,求人ボックス,https://xn--pckua2a7gp15o89zb.com/jbn/3e07035936548c2a3e053834faa62d95,True,6時間前,2026-10-03 04:57:16,愛知県
一般事務「20代活躍・未経験OK」年休120日以上・残業月5〜10時間新着,一般事務,愛知県,"月給22万3,000円",正社員,事務,求人ボックス,https://xn--pckua2a7gp15o89zb.com/jbn/891d3caf1f258908ee2c8fd6626d18d3,True,17時間前,2026-10-03 04:57:17,愛知県
事務職／一般事務／ネイル・ピアス自由／産休育休あり／ワークライフバラン...新着,事務,愛知県,"月給22万3,000円",正社員,事務,求人ボックス,https://xn--pckua2a7gp15o89zb.com/jbn/8206ea2ae76ef6e68af80179f3ff5031,True,6時間前,2026-10-03 04:57:21,愛知県
大人気の事務職 未経験からオフィスワークデビュー!一般事務募集新着,株式会社シスムエンジニアリング,愛知県,"時給1,400円",正社員,事務,求人ボックス,https://xn--pckua2a7gp15o89zb.com/jb/a58e3024925ca12654e318b76df79af1,True,23時間前,2026-10-03 04:57:25,愛知県
関東配属／大手で正社員デビュー!／一般事務STAFF新着,株式会社OOQ,愛知県,"月給20万5,000円",正社員,事務,求人ボックス,https://xn--pckua2a7gp15o89zb.com/jb/7b8f4d5435ad8f936d1795f55f7dda7d,True,15時間前,2026-10-03 04:57:25,愛知県
「アニメ・ゲーム好き必見!」一般事務／未経験可／昇給・賞与あり新着,株式会社SDビジョン,愛知県,月給30万円～50万円,正社員,事務,求人ボックス,https://xn--pckua2a7gp15o89zb.com/jbn/b2487f96a696c30f6f0ed109e471b4f6,True,20時間前,2026-10-03 04:57:25,愛知県
2025年2月から!期間限定一般事務員募集新着,株式会社Progress Group,愛知県,"時給1,250円～",契約社員,事務,求人ボックス,https://xn--pckua2a7gp15o89zb.com/jb/58c521ce5982a0e9908f5dd93ed3a5ca,True,11時間前,2026-10-03 04:57:28,愛知県
「未経験から安定スタート」／一般事務／オフィスワーク／未経験歓迎新着,一般事務,愛知県,"月給26万4,000円",正社員,事務,求人ボックス,https://xn--pckua2a7gp15o89zb.com/jbn/1957646630a15304c21e4d103bbb61f5,True,15時間前,2026-10-03 04:57:28,愛知県
正社員デビュー応援／一般事務／オフィスワーク／未経験歓迎新着,一般事務,愛知県,"月給25万2,000円",正社員,事務,求人ボックス,https://xn--pckua2a7gp15o89zb.com/jbn/97154d70a64667a6a2e6c1aeb753fb16,True,15時間前,2026-10-03 04:57:28,愛知県
「在宅可」未経験採用枠／一般事務／年間休日125日以上新着,一般事務,愛知県,"月給25万3,200円",正社員,事務,求人ボックス,https://xn--pckua2a7gp15o89zb.com/jbn/bb9798eeee8e7c6ec643b28aaf1c0323,True,9時間前,2026-10-03 04:57:31,愛知県
名古屋市中村区エリアでのお仕事探しなら! 未経験OK!大手企業の一般事務職／土日祝休み 各種手当&賞...新着,株式会社ディンプル,愛知県,"月給19万2,000円",正社員,事務,求人ボックス,https://xn--pckua2a7gp15o89zb.com/jb/cc4822bdfe5e87f814d6cf51a25497e8,True,10時間前,2026-10-03 04:57:31,愛知県
「研修ありで安心デビュー」／一般事務／オフィスワーク／未経験歓迎新着,一般事務,愛知県,"月給26万7,000円",正社員,事務,求人ボックス,https://xn--pckua2a7gp15o89zb.com/jbn/e7ba591e2ee2f938afb2209d540c3efc,True,15時間前,2026-10-03 04:57:34,愛知県
「若手中心の明るい職場」／一般事務／オフィスワーク／未経験歓迎新着,一般事務,愛知県,"月給27万6,000円",正社員,事務,求人ボックス,https://xn--pckua2a7gp15o89zb.com/jbn/fc6c6b5c2413075601efa68250cce3ed,True,15時間前,2026-10-03 04:57:38,愛知県
新生活サポートあり／一般事務／オフィスワーク／未経験歓迎新着,一般事務,愛知県,"月給27万9,000円",正社員,事務,求人ボックス,https://xn--pckua2a7gp15o89zb.com/jbn/aad50f828e5656dfbdaa3d3db4a2ab1a,True,15時間前,2026-10-03 04:57:38,愛知県
期間あり／4月まで 一般事務スタッフ新着,株式会社G&G,愛知県,"時給1,450円",派遣社員,事務,求人ボックス,https://xn--pckua2a7gp15o89zb.com/jb/d1a690952d460941f042d058e157ee86,True,13時間前,2026-10-03 04:57:38,愛知県
一般事務新着,株式会社セイノースタッフサービス,愛知県,"時給1,300円",派遣社員,事務,求人ボックス,https://xn--pckua2a7gp15o89zb.com/jb/8de9d3318a972b4daec89b232d1590eb,True,9時間前,2026-10-03 04:57:42,愛知県
工場の清掃・塗装を行う会社の一般事務 未経験可 完全週休二日制新着,泰成工業株式会社,愛知県,月給17万円～25万円,正社員,事務,求人ボックス,https://xn--pckua2a7gp15o89zb.com/jb/417479b228d270bd201fb1a05ebdb41d,True,4時間前,2026-10-03 04:57:45,愛知県
有料老人ホームの機能訓練指導員新着,さわやか こうなん館,愛知県,月給26万円～34万,正社員,治療家,求人ボックス,https://xn--pckua2a7gp15o89zb.com/jb/c267df7ebefeb764317ba3c0a21406f7,True,18時間前,2026-10-03 04:57:47,愛知県
あん摩マッサージ指圧師新着,リハビリ型デイサービス タートルライフ JR稲沢...,愛知県,"時給1,500円",アルバイト・パート,治療家,求人ボックス,https://xn--pckua2a7gp15o89zb.com/jb/020912c3776140a393c2373de521a0e8,True,4時間前,2026-10-03 04:57:47,愛知県
「役員タクシードライバー」週3日勤務／普通免許で未経験からスタート／月収50万円以上・ボーナス年2回新着,柔道整復師,愛知県,"月給47万6,000円",正社員,治療家,求人ボックス,https://xn--pckua2a7gp15o89zb.com/jbn/d81aec43fc0aaecc2826428c77c2caf3,True,13時間前,2026-10-03 04:57:47,愛知県
タクシードライバー／「タレントやスポーツ選手等の送迎」週3日勤務／未経験OK・月収50万円以上新着,柔道整復師,愛知県,"月給40万4,000円",正社員,治療家,求人ボックス,https://xn--pckua2a7gp15o89zb.com/jbn/27857ede34d985ec8c6d71b251a32b41,True,13時間前,2026-10-03 04:57:47,愛知県
著名人や企業役員のタクシードライバー「週3日勤務」未経験OK・月収40万円以上／ボーナス支給あり新着,柔道整復師,愛知県,"月給45万6,000円",正社員,治療家,求人ボックス,https://xn--pckua2a7gp15o89zb.com/jbn/2c239c8b4a3bd92bbc0d1857e160c2b6,True,12時間前,2026-10-03 04:57:47,愛知県
「タクシードライバー」月収50万以上・未経験歓迎／週3勤務・普通免許のみOK・ボーナス2回新着,柔道整復師,愛知県,"月給45万6,000円",正社員,治療家,求人ボックス,https://xn--pckua2a7gp15o89zb.com/jbn/078b9f6c87ae6dfc3466d4c33fd2dcf6,True,9時間前,2026-10-03 04:57:48,愛知県
「タクシードライバー・定期送迎」月収50万以上・未経験歓迎・普通免許のみOK・ボーナスあり新着,柔道整復師,愛知県,"月給40万4,000円",正社員,治療家,求人ボックス,https://xn--pckua2a7gp15o89zb.com/jbn/e38195d0f59d8b29a1be92a9f3adddb1,True,10時間前,2026-10-03 04:57:48,愛知県
「週3日勤務」普通免許でスタートできる役員タクシードライバー／週の残り4日はすべてあなたの自由時間新着,...キャリアアップも全面的にバックアップします。 【その他概要】<前職例>製造/工場/ライン作業/生產管理/設備保全/製鋼/溶接クレーン・玉掛/金属加工/板金加工/板金塗装/警備員機械・電気/倉庫内,愛知県,"月給45万6,000円",正社員,治療家,求人ボックス,https://xn--pckua2a7gp15o89zb.com/jbn/47c86f5ee0ad57c049bf68e245044ecf,True,12時間前,2026-10-03 04:57:48,愛知県
接骨院の受付・施術アシスタント新着,株式会社HTT,愛知県,"時給1,200円～",正社員,治療家,求人ボックス,https://xn--pckua2a7gp15o89zb.com/jb/65db7a05d0ad68d2d8d2d3a7729dba7f,True,18時間前,2026-10-03 04:57:48,愛知県
タレント・芸能・観光客のタクシードライバー「週3日勤務」賞与年2回／初年度から月収50万円以上新着,...未経験からでも安心してプロドライバーを目指せる環境です。 【その他特徴】<前職例>製造/工場/ライン作業/生產管理/設備保全/製鋼/溶接クレーン・玉掛/金属加工/板金加工/板金塗装/警備員機械・,愛知県,"月給45万6,000円",正社員,治療家,求人ボックス,https://xn--pckua2a7gp15o89zb.com/jbn/2a812a7ae7612a294aad19324408a662,True,12時間前,2026-10-03 04:57:48,愛知県
デイサービスの介護スタッフ新着,株式会社サンエスケアサービス デイサービスセンタ...,愛知県,"月給22万6,000円",正社員,治療家,求人ボックス,https://xn--pckua2a7gp15o89zb.com/jb/b8c5f1f8e4286d02b73dc9ce3f2fcd7c,True,15時間前,2026-10-03 04:57:48,愛知県
看護師新着,医療法人洸明会,愛知県,月給25万円～31万円,正社員,看護,求人ボックス,https://xn--pckua2a7gp15o89zb.com/jb/8277ec38bad9c415ba13d9a7f4227b47,True,22時間前,2026-10-03 04:57:44,愛知県
障がい者支援施設の看護師新着,社会福祉法人名古屋ライトハウス 光和寮,愛知県,"時給1,550円",アルバイト・パート,看護,求人ボックス,https://xn--pckua2a7gp15o89zb.com/jb/7f4eaed8d606a6dac4c423c91f843ba9,True,18時間前,2026-10-03 04:57:44,愛知県
デイサービス 看護師新着,メグリアデイサービスセンター 浄水,愛知県,"時給1,671円～",アルバイト・パート,看護,求人ボックス,https://xn--pckua2a7gp15o89zb.com/jb/b931d2f3e85775b0c9a4fe2a51cb77c8,True,10時間前,2026-10-03 04:57:45,愛知県
看護師新着,住宅型有料老人ホームうららか,愛知県,"時給1,700円～",アルバイト・パート,看護,求人ボックス,https://xn--pckua2a7gp15o89zb.com/jb/7de5416e89ab9b587f3afc3ba4246f72,True,18時間前,2026-10-03 04:57:45,愛知県
看護師／デイサービス／日勤パート新着,デイサービス燈いろ,愛知県,"時給1,200円～1,250円",アルバイト・パート,看護,求人ボックス,https://xn--pckua2a7gp15o89zb.com/jbn/de619f9c5fd387311eae652257749b6b,True,18時間前,2026-10-03 04:57:49,愛知県
地域包括ケア病院の看護師／月収30万500円～42万1500円可新着,北村病院,愛知県,月給30万500円,正社員,看護,求人ボックス,https://xn--pckua2a7gp15o89zb.com/jb/93ae70a999611ac96f4d075775be6408,True,18時間前,2026-10-03 04:57:49,愛知県
眼科クリニックの外来看護師新着,医療法人双樹会,愛知県,"月給25万2,300円",正社員,看護,求人ボックス,https://xn--pckua2a7gp15o89zb.com/jb/326e17693f8d26ffd90885886bf0aee4,True,3時間前,2026-10-03 04:57:49,愛知県
看護師新着,医療法人五一六五 ナゴヤガーデンクリニック,愛知県,"時給1,600円",アルバイト・パート,看護,求人ボックス,https://xn--pckua2a7gp15o89zb.com/jb/def4fdd6d3c728d9da89316cae864644,True,4時間前,2026-10-03 04:57:52,愛知県
看護スタッフ・社会保険完備の職場で看護師／准看護師新着,ゴールドエイジ衣浦,愛知県,"時給1,405円～1,505円",アルバイト・パート,看護,求人ボックス,https://xn--pckua2a7gp15o89zb.com/jb/da7e0db6f9400555c70fc50bc76f402c,True,7時間前,2026-10-03 04:57:52,愛知県
看護師新着,看護師,愛知県,"月給30万6,200円",正社員,看護,求人ボックス,https://xn--pckua2a7gp15o89zb.com/jb/e7000e047915a3ab9f2969a83b9bc1f0,True,13時間前,2026-10-03 04:57:56,愛知県
看護スタッフ・社会保険完備の職場で看護師／准看護師新着,ゴールドエイジ碧南,愛知県,"月給26万2,540円",正社員,看護,求人ボックス,https://xn--pckua2a7gp15o89zb.com/jb/1fc8b81318638afa9b4eceb4833f329a,True,7時間前,2026-10-03 04:57:56,愛知県
社会保険完備の職場で看護師／准看護師新着,デイサービスはなのき 小牧堀の内,愛知県,"時給1,600円～1,800円",アルバイト・パート,看護,求人ボックス,https://xn--pckua2a7gp15o89zb.com/jb/247d5dd2a6e715518d3fbe42e14ffdc6,True,7時間前,2026-10-03 04:58:00,愛知県
診療所・クリニックの看護師／准看護師新着,山田医院,愛知県,"時給1,800円～2,000円",アルバイト・パート,看護,求人ボックス,https://xn--pckua2a7gp15o89zb.com/jb/ed8fdab3c333274524dbcb044a68ef70,True,7時間前,2026-10-03 04:58:00,愛知県
社会保険完備の職場で看護師／准看護師新着,訪問看護ステーションイノベル愛知,愛知県,月給35万890円,正社員,看護,求人ボックス,https://xn--pckua2a7gp15o89zb.com/jb/e401963cdb1b193f94ea059bd06d0e6e,True,7時間前,2026-10-03 04:58:00,愛知県
診療所・クリニックの看護師／准看護師新着,桜花ホームクリニック,愛知県,月給33万円～41万,契約社員,看護,求人ボックス,https://xn--pckua2a7gp15o89zb.com/jb/868063caa19b699c587cc1c7157d3af8,True,7時間前,2026-10-03 04:58:00,愛知県
障がい者デイサービスの看護師新着,社会福祉法人名古屋ライトハウス クリエイト東茶屋,愛知県,"時給1,528円～1,578円",アルバイト・パート,看護,求人ボックス,https://xn--pckua2a7gp15o89zb.com/jb/06675f39247b7cedf0ab75c9c6d31e48,True,18時間前,2026-10-03 04:58:03,愛知県
診療所・クリニックの看護師／准看護師新着,再生医療センター リペアセルクリニック名古屋院,愛知県,"月給32万4,000円",契約社員,看護,求人ボックス,https://xn--pckua2a7gp15o89zb.com/jb/672c95b5b7bba343416110832a2d1523,True,7時間前,2026-10-03 04:58:03,愛知県
日勤のみ・重症心身障がい児の発達をサポートする看護師新着,看護師,愛知県,年収390万円～400万円,正社員,看護,求人ボックス,https://xn--pckua2a7gp15o89zb.com/jb/ab7bf566b5fcd616867b5eece0546ab2,True,13時間前,2026-10-03 04:58:03,愛知県
診療所・クリニックの看護師／准看護師新着,ひだまりこころクリニック 一宮院,愛知県,月給35万円～38万円,正社員,看護,求人ボックス,https://xn--pckua2a7gp15o89zb.com/jb/06818941abb0fe58b31f7d1ef74cf241,True,7時間前,2026-10-03 04:58:07,愛知県
週1日4時間から・重症心身障がい児の発達をサポートする看護師新着,看護師,愛知県,"時給1,500円～1,800円",アルバイト・パート,看護,求人ボックス,https://xn--pckua2a7gp15o89zb.com/jb/98210bd05e820cd157ad48388a69431d,True,13時間前,2026-10-03 04:58:07,愛知県
診療所・クリニックの看護師／准看護師新着,こども元気クリニック,愛知県,"時給1,900円～2,000円",アルバイト・パート,看護,求人ボックス,https://xn--pckua2a7gp15o89zb.com/jb/b15d13964c1fc967abcd13abd666d08f,True,7時間前,2026-10-03 04:58:11,愛知県
社会保険完備の職場で看護師／准看護師新着,ハートフルデイナンブ庄司田,愛知県,月給27万円～35万,正社員,看護,求人ボックス,https://xn--pckua2a7gp15o89zb.com/jb/c99c2b36c065a8c1ec60eee95e029623,True,7時間前,2026-10-03 04:58:11,愛知県
介護施設の看護師／准看護師新着,特別養護老人ホーム 結の郷,愛知県,"月給27万7,000円",正社員,看護,求人ボックス,https://xn--pckua2a7gp15o89zb.com/jb/fa8e02aac5d2016e7fabe33587923316,True,7時間前,2026-10-03 04:58:14,愛知県
正看護師・准看護師／病棟 日勤のみ新着,医療法人いつき会,愛知県,"月給26万2,000円",正社員,看護,求人ボックス,https://xn--pckua2a7gp15o89zb.com/jb/c233ec53d0a8b634cd01818a80803b64,True,9時間前,2026-10-03 04:58:14,愛知県
”地方”からの転職者多数／関東で経理サポート事務新着,株式会社OOQ,愛知県,"月給20万5,000円",正社員,経理,求人ボックス,https://xn--pckua2a7gp15o89zb.com/jb/bdb624c48d4e53ee54154330d1f456c3,True,15時間前,2026-10-03 04:57:43,愛知県
経理事務新着,カーでの,愛知県,"時給1,300円～1,625円",派遣社員,経理,求人ボックス,https://xn--pckua2a7gp15o89zb.com/jb/08d921e8982bf680b26fe1105023eec9,True,18時間前,2026-10-03 04:57:43,愛知県
経理事務 完全土日祝休み・年間休日125日以上／残業少なめ新着,株式会社サンクス,愛知県,月給25万円～,正社員,経理,求人ボックス,https://xn--pckua2a7gp15o89zb.com/jb/ff6853826abb23007154098bd3f997c9,True,5時間前,2026-10-03 04:57:44,愛知県
経理事務／週3日・1日5h～OK／土日祝休み・残業なし／ブランク歓迎の...新着,株式会社興亜通商,愛知県,"時給1,200円～1,800円",アルバイト・パート,経理,求人ボックス,https://xn--pckua2a7gp15o89zb.com/jbn/c52829dcebe23e4c53d5c429d3d3c785,True,20時間前,2026-10-03 04:57:44,愛知県
経理事務+ 一般事務新着,株式会社リクルートスタッフィング,愛知県,"時給1,600円～",派遣社員,経理,求人ボックス,https://xn--pckua2a7gp15o89zb.com/jb/f8d7cad5933ffce8342a5893b84bfd86,True,20時間前,2026-10-03 04:57:44,愛知県
スピード選考で早めに働ける／経理サポート事務／オフィスワーク新着,経理,愛知県,"月給32万5,000円",正社員,経理,求人ボックス,https://xn--pckua2a7gp15o89zb.com/jbn/ae9d180f32d22b662d08a2e8d2139e3a,True,6時間前,2026-10-03 04:57:47,愛知県
経験を活かして活躍! 経理事務 月給26万円～／定時退社99%新着,石井運輸株式会社,愛知県,月給26万円～,正社員,経理,求人ボックス,https://xn--pckua2a7gp15o89zb.com/jb/d954064a4ebc8b25c6dca5b7fdc20437,True,23時間前,2026-10-03 04:57:47,愛知県
経理事務／未経験OK ほぼ17時30分まで 請求書データの入力など新着,株式会社スタッフサービス,愛知県,"月給19万2,000円",正社員,経理,求人ボックス,https://xn--pckua2a7gp15o89zb.com/jb/70cfe93d1a292a36ba84ccf4b1792690,True,16時間前,2026-10-03 04:57:51,愛知県
紹介予定派遣で正社員へ 残業ほぼナシ 化学品商社で経理事務新着,ヒューマンリソシア株式会社,愛知県,"時給1,450円",正社員,経理,求人ボックス,https://xn--pckua2a7gp15o89zb.com/jb/925ff87190d3b1fc7f117651825e675d,True,9時間前,2026-10-03 04:57:51,愛知県
一般事務・OA事務 ／ 経理・財務／週3 質問しやすい!スキル活かせる経理事務@丸の内新着,パーソルテンプスタッフ株式会社,愛知県,"時給1,450円",派遣社員,経理,求人ボックス,https://xn--pckua2a7gp15o89zb.com/jb/75ed24be72a0d88c1bc254296d85214f,True,23時間前,2026-10-03 04:57:51,愛知県
月次決算などの経理事務／月収30万以上／残業少なめ新着,株式会社ジンキャスト,愛知県,"時給1,800円～1,850円",派遣社員,経理,求人ボックス,https://xn--pckua2a7gp15o89zb.com/jb/51643da6cd72fd86f9706b5cd852804b,True,14時間前,2026-10-03 04:57:58,愛知県
一般事務・経理・総務スタッフ／先輩が丁寧にサポート／経理・総務サポート新着,株式会社ワールドサービス刈谷,愛知県,"時給1,550円～",派遣社員,経理,求人ボックス,https://xn--pckua2a7gp15o89zb.com/jbn/6d8c0d76f681ae12a9d5be24c7ddd452,True,23時間前,2026-10-03 04:57:58,愛知県
経理事務／支払い処理・固定資産の管理新着,株式会社ジョブコム,愛知県,"時給1,500円",派遣社員,経理,求人ボックス,https://xn--pckua2a7gp15o89zb.com/jb/c332e6da6733a136825e7e9a9f61930e,True,14時間前,2026-10-03 04:57:58,愛知県
商社で経理事務 駅チカ 電話は社内のみ新着,マンパワーグループ株式会社,愛知県,"時給1,550円",派遣社員,経理,求人ボックス,https://xn--pckua2a7gp15o89zb.com/jb/a505497ac37a873d2d2dca8083e0cd9b,True,2時間前,2026-10-03 04:58:01,愛知県
数字や日付を入力するシンプル作業が中心!未経験から始める経理サポートの...新着,事務,愛知県,月給26万円～28万,正社員,経理,求人ボックス,https://xn--pckua2a7gp15o89zb.com/jbn/b36fec07a14ed100876da87daa348fe6,True,11時間前,2026-10-03 04:58:01,愛知県
経理・財務 ／ 学校事務／人気業界の学校 経理 50代活躍&定年なし新着,学校法人東洋学園,愛知県,"月給18万6,000円",正社員,経理,求人ボックス,https://xn--pckua2a7gp15o89zb.com/jb/f4a832c24fd6d4a6fa197bfd40fcd386,True,19時間前,2026-10-03 04:58:01,愛知県
経理サポート事務新着,株式会社ISO,愛知県,"時給1,400円",派遣社員,経理,求人ボックス,https://xn--pckua2a7gp15o89zb.com/jb/8b0121c921a8114a9f778db20a78392e,True,18時間前,2026-10-03 04:58:06,愛知県
「リモート可」未経験採用枠／経理事務／年間休日125日以上新着,未経験OK,愛知県,月給25万400円,正社員,経理,求人ボックス,https://xn--pckua2a7gp15o89zb.com/jbn/ec6c3b667217c99df392bdae1b55b78d,True,10時間前,2026-10-03 04:58:06,愛知県
経理事務／残業ほぼなし／年間休日120日以上新着,株式会社デージーネット,愛知県,"月給21万8,750円",正社員,経理,求人ボックス,https://xn--pckua2a7gp15o89zb.com/jb/39d18be608ef01e670d188829b9fbb62,True,5時間前,2026-10-03 04:58:06,愛知県
名古屋市中区エリアでのお仕事探しなら! 未経験からはじめる事務スタッフ／マンパワーGの安定雇用!新着,株式会社ディンプル,愛知県,"月給20万1,000円",正社員,経理,求人ボックス,https://xn--pckua2a7gp15o89zb.com/jb/80b033fde19a755049fc21f36f59f6ff,True,10時間前,2026-10-03 04:58:06,愛知県
「経理?まずは入力できればOKです。」ー決まった作業が中心 土日祝休みで簡単作業新着,株式会社ワールドメカニック,愛知県,"月給18万2,400円",正社員,経理,求人ボックス,https://xn--pckua2a7gp15o89zb.com/jb/da3a929e754d5bf23c274a7b0cf9749d,True,4時間前,2026-10-03 04:58:10,愛知県
経理アシスタント募集!数字の入力メインで月収25〜35万円可新着,事務,愛知県,月給26万円～27万,正社員,経理,求人ボックス,https://xn--pckua2a7gp15o89zb.com/jbn/a189985faf468bcea8de3f70e8f610f8,True,11時間前,2026-10-03 04:58:10,愛知県
事務職／営業事務／20代女性活躍中／ワークライフバランス良好／駅近勤務／ネイル・ピアスOK新着,事務,愛知県,"月給22万5,000円",正社員,経理,求人ボックス,https://xn--pckua2a7gp15o89zb.com/jbn/c80181925bb983fe5b5c6d787fb50e58,True,6時間前,2026-10-03 04:58:10,愛知県
オフィスワーク初挑戦歓迎!入力中心で月収25〜35万円可新着,経理,愛知県,"月給25万3,000円",正社員,経理,求人ボックス,https://xn--pckua2a7gp15o89zb.com/jbn/797f9b389526d6a8adee81dd7814c8e4,True,11時間前,2026-10-03 04:58:13,愛知県
事務職／営業事務／20代活躍中／正社員募集／育休制度充実／駅近オフィス新着,事務,愛知県,"月給21万3,500円",正社員,経理,求人ボックス,https://xn--pckua2a7gp15o89zb.com/jbn/a2096ad7a43fb6aa6d2447761562f22d,True,6時間前,2026-10-03 04:58:13,愛知県
事務職／服装・髪型自由／ネイル・ピアスOK／年間休日124日以上／総務事務／残業ほぼなし新着,事務,愛知県,"月給22万1,000円",正社員,経理,求人ボックス,https://xn--pckua2a7gp15o89zb.com/jbn/6f1e4e12fea24ee3db50670d92537b64,True,6時間前,2026-10-03 04:58:13,愛知県
事務職／一般事務／20代活躍中／交通費全額支給／年間休日125日／賞与あり新着,事務,愛知県,"月給22万4,000円",正社員,経理,求人ボックス,https://xn--pckua2a7gp15o89zb.com/jbn/3fcfa3a0cd9e2ba0fea0cb759e02021f,True,6時間前,2026-10-03 04:58:16,愛知県
事務職／総務事務／20代未経験歓迎／土日祝休み／ピアスOk／ネイルOK新着,事務,愛知県,月給20万円～50万円,正社員,経理,求人ボックス,https://xn--pckua2a7gp15o89zb.com/jbn/b91f514edde230c67867bc98ce9d3b7c,True,6時間前,2026-10-03 04:58:16,愛知県
初めてでも安心!フォーマット通りのシンプル事務で月収25〜35万円可新着,経理,愛知県,"月給26万7,000円",正社員,経理,求人ボックス,https://xn--pckua2a7gp15o89zb.com/jbn/cd3a12480846054a6bc18ccc34e3ac98,True,11時間前,2026-10-03 04:58:16,愛知県
入社祝金あり 食品輸送大型ドライバー募集新着,岡崎通運株式会社,愛知県,月給32万円～35万円,正社員,ドライバー,求人ボックス,https://xn--pckua2a7gp15o89zb.com/jb/c107f8652cfb12b69fc18fa416f80739,True,18時間前,2026-10-03 04:58:09,愛知県
「賞与年2回×月収30万〜可能」中距離の大型トラックドライバー新着,司東海株式会社,愛知県,月給27万円～30万円,正社員,ドライバー,求人ボックス,https://xn--pckua2a7gp15o89zb.com/jbn/d907b6ca6bdb071bfb88eaedcc6f6810,True,22時間前,2026-10-03 04:58:09,愛知県
「体に無理のない地場ルート配送」近距離の大型トラックドライバー新着,司企業株式会社,愛知県,"日給1万4,400円",正社員,ドライバー,求人ボックス,https://xn--pckua2a7gp15o89zb.com/jbn/781968aab6b8fb40ba3d8590818f2176,True,22時間前,2026-10-03 04:58:10,愛知県
「賞与年2回×毎日帰れる地場便」近距離の大型トラックドライバー新着,司企業株式会社第二業務室,愛知県,"日給1万7,500円",正社員,ドライバー,求人ボックス,https://xn--pckua2a7gp15o89zb.com/jbn/716aba018466e9a82a4b03558d92fb30,True,22時間前,2026-10-03 04:58:10,愛知県
「VIP・タクシードライバー」1年目で年収600万・週3勤務新着,<仕事内容>企業役員やVIPのお客様を送迎する、落ち着いて取り組める,愛知県,"月給45万6,000円",正社員,ドライバー,求人ボックス,https://xn--pckua2a7gp15o89zb.com/jbn/07faa4d6b965ef6d704b99656c22472b,True,9時間前,2026-10-03 04:58:13,愛知県
タクシードライバー／週3日勤務「専属運転手」20代~50代活躍中新着,ドライバー,愛知県,"月給40万4,000円",正社員,ドライバー,求人ボックス,https://xn--pckua2a7gp15o89zb.com/jbn/938b76b25bf3f5e6dcee72494bbe11df,True,10時間前,2026-10-03 04:58:16,愛知県
タクシードライバー／「経営者の専属運転手」月収50万以上・週3勤務新着,ドライバー,愛知県,"月給45万6,000円",正社員,ドライバー,求人ボックス,https://xn--pckua2a7gp15o89zb.com/jbn/588ac82af9a1f151322c21b7f16f5eb5,True,9時間前,2026-10-03 04:58:19,愛知県
タクシードライバー「週3勤務」月収50万以上可／普通免許1年でOK新着,<関連職種>役員運転手/送迎,愛知県,"月給45万6,000円",正社員,ドライバー,求人ボックス,https://xn--pckua2a7gp15o89zb.com/jbn/870418bbb574cd5a7a1cdcbb958fd64f,True,9時間前,2026-10-03 04:58:23,愛知県
自動車学校の送迎ドライバー新着,株式会社ワークシステムサービス,愛知県,"時給1,350円～",契約社員,ドライバー,求人ボックス,https://xn--pckua2a7gp15o89zb.com/jb/a159fbc9809fa9c2778c1d16da289188,True,21時間前,2026-10-03 04:58:23,愛知県
固定ルート配送の大型4tトラックドライバー／自動車部品の配送／土日休み新着,株式会社エムエス物流,愛知県,月給33万円～36万円,正社員,ドライバー,求人ボックス,https://xn--pckua2a7gp15o89zb.com/jb/e3cdea7d9e294307e007d8577c450259,True,6時間前,2026-10-03 04:58:26,愛知県
車両回送ドライバー新着,ASAP大高店,愛知県,"月給22万7,000円",正社員,ドライバー,求人ボックス,https://xn--pckua2a7gp15o89zb.com/jb/bab8441c685909e0d2054bfc93c1bb4e,True,4時間前,2026-10-03 04:58:26,愛知県
2トントラックでの配送ドライバー／未経験歓迎／日曜休みOK／賞与あり新着,尾西運輸株式会社,愛知県,月給25万円～30万円,正社員,ドライバー,求人ボックス,https://xn--pckua2a7gp15o89zb.com/jb/82b7edcc8a350464221a5c7afb3beeb3,True,10時間前,2026-10-03 04:58:26,愛知県
車両回送ドライバー新着,ASAP41号小牧店,愛知県,"月給22万7,000円",正社員,ドライバー,求人ボックス,https://xn--pckua2a7gp15o89zb.com/jb/3e5a58fccd753aaea52ee31ae56b9bcb,True,4時間前,2026-10-03 04:58:28,愛知県
「空港へのタクシードライバー」週3日勤務／普通免許で未経験OK新着,ドライバー,愛知県,"月給47万6,000円",正社員,ドライバー,求人ボックス,https://xn--pckua2a7gp15o89zb.com/jbn/8114be353e13b07636509d654a92e165,True,13時間前,2026-10-03 04:58:32,愛知県
タクシードライバー／未経験歓迎／日曜休みOK／週3から可能新着,名鉄東部交通株式会社,愛知県,月給30万円～53万円,正社員,ドライバー,求人ボックス,https://xn--pckua2a7gp15o89zb.com/jb/ac6f567db794c468511ac12af8433f00,True,10時間前,2026-10-03 04:58:32,愛知県
「夜勤・タクシードライバー」月収50万以上・履歴書不要／普通免許でOK新着,ドライバー,愛知県,"月給45万6,000円",正社員,ドライバー,求人ボックス,https://xn--pckua2a7gp15o89zb.com/jbn/90e7ca59fea592bc1b89dfa536745df4,True,9時間前,2026-10-03 04:58:32,愛知県
「愛知県勤務」警備員／待遇に自信あり／引っ越しサポートあり新着,セキュリティスタッフ株式会社,愛知県勤務」警備員／待遇に自信あり／引っ越しサポートあり,月給24万円～38万,正社員,警備,求人ボックス,https://xn--pckua2a7gp15o89zb.com/jb/2bd7c7ffa754d6b1cfd76340dcb43a73,True,4時間前,2026-10-03 04:58:18,愛知県
交通警備員 未経験可 週1日～勤務 即日勤務も可新着,株式会社レシーザ,愛知県,"日給1万1,000円",アルバイト・パート,警備,求人ボックス,https://xn--pckua2a7gp15o89zb.com/jb/1a54e6675d3a535df51cb7e8809e1df2,True,4時間前,2026-10-03 04:58:18,愛知県
警備員／株式会社SUNRISE新着,株式会社第二章,愛知県,日給1万円～,アルバイト・パート,警備,求人ボックス,https://xn--pckua2a7gp15o89zb.com/jb/7a142e5a39e3e8bd1d46a09d5957bc78,True,2時間前,2026-10-03 04:58:18,愛知県
「異業種からの転職歓迎」タクシードライバー／週3勤務／月収50万以上新着,警備・,愛知県,"月給40万4,000円",正社員,警備,求人ボックス,https://xn--pckua2a7gp15o89zb.com/jbn/61613b43fa854b8e6694b16668c5cf46,True,10時間前,2026-10-03 04:58:18,愛知県
履歴書なしでOK!国際スポーツ大会選手関係者の入場パス確認のお仕事!9／30応募〆切!単発OK!新着,株式会社ディンプル,愛知県,"時給1,500円～1,875円",契約社員,警備,求人ボックス,https://xn--pckua2a7gp15o89zb.com/jb/e375dddc9bf95d67f396879aadde7751,True,10時間前,2026-10-03 04:58:18,愛知県
「高収入」タクシー乗務員「普通免許のみ」／予約が中心／年収600万円以上／ドライバー新着,...チームワークを大切にしながら現場をまとめるお仕事です。「コツコツ取り組む仕事が好き」「スケジュール通りに進めると達成感がある」という行動力のある方を募集しています。倉庫軽作業、配送ドライバー、,愛知県,月給45万円～80万円,正社員,警備,求人ボックス,https://xn--pckua2a7gp15o89zb.com/jbn/48f90bad732a0ce1580fc31ca74cd972,True,10時間前,2026-10-03 04:58:19,愛知県
送迎運転手「普通免許のみ」／年収600万円以上／ドライバー／未経験でも高収入／予約が中心新着,...チームワークを大切にしながら現場をまとめるお仕事です。「コツコツ取り組む仕事が好き」「スケジュール通りに進めると達成感がある」という行動力のある方を募集しています。倉庫軽作業、配送ドライバー、,愛知県,月給50万円～80万円,正社員,警備,求人ボックス,https://xn--pckua2a7gp15o89zb.com/jbn/be1df2fda42484338fb0689b18426013,True,10時間前,2026-10-03 04:58:19,愛知県
専属ドライバー「普通免許のみ」／年収600万円以上／未経験でも高収入／タクシードライバー／予約が中心新着,...チームワークを大切にしながら現場をまとめるお仕事です。「コツコツ取り組む仕事が好き」「スケジュール通りに進めると達成感がある」という行動力のある方を募集しています。倉庫軽作業、配送ドライバー、,愛知県,月給50万円～80万円,正社員,警備,求人ボックス,https://xn--pckua2a7gp15o89zb.com/jbn/8d6b76b79b665886bf1e55635a37e8a4,True,10時間前,2026-10-03 04:58:19,愛知県
施設常駐警備新着,東亜警備保障株式会社,愛知県,"日給1万2,548円",アルバイト・パート,警備,求人ボックス,https://xn--pckua2a7gp15o89zb.com/jb/1eef51d2015ca306813d766189c3575a,True,10時間前,2026-10-03 04:58:19,愛知県
「著名人のタクシードライバー」未経験OK・月収50万円以上／週3日勤務／20代～50代が多数活躍中新着,警備員,愛知県,"月給45万6,000円",正社員,警備,求人ボックス,https://xn--pckua2a7gp15o89zb.com/jbn/365fc49f7d177655a9cadbffbd653e8c,True,12時間前,2026-10-03 04:58:19,愛知県
日給15.000円「高速道路の安全」を守るセキュリティスタッフ募集新着,ミッドランドガード株式会社名古屋営業所,愛知県,日給15,正社員,警備,求人ボックス,https://xn--pckua2a7gp15o89zb.com/jb/f151f941a2bddf75637e4990deab01ae,True,10時間前,2026-10-03 04:58:19,愛知県
警備スタッフ 寮あり・日払いOK・車レンタルあり新着,ミッドランドガード株式会社,愛知県,"月給25万9,200円",正社員,警備,求人ボックス,https://xn--pckua2a7gp15o89zb.com/jb/677cd7255a8bb195575b134cfb8a5aa6,True,4時間前,2026-10-03 04:58:23,愛知県
「夜勤・アプリ配車タクシードライバー」二種免許不要／月収40万以上／未経験歓迎新着,警備員,愛知県,"月給45万6,000円",正社員,警備,求人ボックス,https://xn--pckua2a7gp15o89zb.com/jbn/d93762f188577b33e544f97ea3fdfe76,True,9時間前,2026-10-03 04:58:23,愛知県
タクシードライバー／「タレントやスポーツ選手等の送迎」週3日勤務／未経験OK・月収50万円以上新着,警備員,愛知県,"月給45万6,000円",正社員,警備,求人ボックス,https://xn--pckua2a7gp15o89zb.com/jbn/b88b5dbf405ead5e1a7cbc0b43292df3,True,12時間前,2026-10-03 04:58:23,愛知県
「アプリ配車タクシードライバー・週3勤務」20代活躍中／月収40万以上／普通免許でOK新着,警備員,愛知県,"月給45万6,000円",正社員,警備,求人ボックス,https://xn--pckua2a7gp15o89zb.com/jbn/e418c72fa7ac31e70bbb33fb946b0092,True,9時間前,2026-10-03 04:58:27,愛知県
「夜勤」著名人やモデル・タレントのタクシードライバー／学歴不問・普通免許でOK／資格取得支援あり新着,警備員,愛知県,"月給40万4,000円",正社員,警備,求人ボックス,https://xn--pckua2a7gp15o89zb.com/jbn/d90e053a47e61945b00f62bdda2ca220,True,13時間前,2026-10-03 04:58:27,愛知県
「夜勤・タクシードライバー」急募／月収50万以上・20代活躍中／普通免許でOK新着,警備員,愛知県,"月給40万4,000円",正社員,警備,求人ボックス,https://xn--pckua2a7gp15o89zb.com/jbn/404457454467cd42c3b1858d29083ca8,True,10時間前,2026-10-03 04:58:27,愛知県
「夜勤・空港タクシードライバー」月収50万以上・ボーナスあり／普通免許のみOK新着,警備員,愛知県,"月給40万4,000円",正社員,警備,求人ボックス,https://xn--pckua2a7gp15o89zb.com/jbn/2402b5a21c548f7484df170ccc8d517c,True,10時間前,2026-10-03 04:58:30,愛知県
「タクシードライバー・夜勤」月50万以上可・未経験歓迎／寮・社宅完備／普免のみOK・ボーナスあり新着,警備員,愛知県,"月給40万4,000円",正社員,警備,求人ボックス,https://xn--pckua2a7gp15o89zb.com/jbn/69a614a885a833eedead36fd26f24580,True,10時間前,2026-10-03 04:58:30,愛知県
「VIP送迎中心」夜勤タクシードライバー／年収600万円以上／賞与年2回新着,1年目/29歳:560万円(元,愛知県,"月給45万6,000円",正社員,警備,求人ボックス,https://xn--pckua2a7gp15o89zb.com/jbn/7967ad7582b3080ea62f80270bf15d8b,True,9時間前,2026-10-03 04:58:34,愛知県
「タクシードライバー・定期送迎」月収50万以上・未経験歓迎・普通免許のみOK・ボーナスあり新着,警備員,愛知県,"月給47万6,000円",正社員,警備,求人ボックス,https://xn--pckua2a7gp15o89zb.com/jbn/f32b86e86b271f4305176e7c20070990,True,10時間前,2026-10-03 04:58:34,愛知県
タクシードライバー／普通免許OK・AT限定可／未経験から正社員へ／週3日勤務可新着,警備員,愛知県,"月給40万5,000円",正社員,警備,求人ボックス,https://xn--pckua2a7gp15o89zb.com/jbn/4f35010005ff10d707ad99c82dc047d8,True,10時間前,2026-10-03 04:58:37,愛知県
週3勤務のタクシードライバー／普通免許だけで応募OK／予約中心で落ち着いて働ける／賞与年2回新着,警備員,愛知県,"月給47万7,000円",正社員,警備,求人ボックス,https://xn--pckua2a7gp15o89zb.com/jbn/98fb5bb71f7946b372e5a256f54cbd23,True,11時間前,2026-10-03 04:58:37,愛知県
「社会保険完備・福利厚生充実」タクシードライバー／夜勤／学歴不問／ボーナス年2回／空港送迎／会食送迎新着,警備員,愛知県,"月給47万6,000円",正社員,警備,求人ボックス,https://xn--pckua2a7gp15o89zb.com/jbn/4d3de0f91318da813c0f8fbe7b53a9eb,True,10時間前,2026-10-03 04:58:37,愛知県
「経歴不問・タクシードライバー」未経験歓迎／社会保険完備の正社員雇用／週3勤務／AT限定OK新着,警備員,愛知県,"月給45万6,000円",正社員,警備,求人ボックス,https://xn--pckua2a7gp15o89zb.com/jbn/26303e7552519c2a895000f0da223c98,True,9時間前,2026-10-03 04:58:39,愛知県
「著名人・企業タクシードライバー」月収40万以上・未経験歓迎／週3勤務・ボーナスあり新着,警備員,愛知県,"月給47万6,000円",正社員,警備,求人ボックス,https://xn--pckua2a7gp15o89zb.com/jbn/695fa27278fc9038ffcc2dd1ecc7387b,True,10時間前,2026-10-03 04:58:39,愛知県
「夜勤」タクシードライバー・AT限定OK／接客経験活かせる／賞与年2回／VIP対応／アルファード新着,警備員,愛知県,"月給47万6,000円",正社員,警備,求人ボックス,https://xn--pckua2a7gp15o89zb.com/jbn/044de09b371150a344d15dce39606eeb,True,10時間前,2026-10-03 04:58:39,愛知県
夜勤タクシードライバー／未経験スタートOK／年2回のボーナス支給あり／資格取得支援制度あり新着,警備員,愛知県,"月給45万8,500円",正社員,警備,求人ボックス,https://xn--pckua2a7gp15o89zb.com/jbn/b79b642615b4131ba5361ad17c16e325,True,8時間前,2026-10-03 04:58:42,愛知県
タクシードライバー／普通免許のみで応募OK／週3日勤務／賞与あり／高収入実現可能新着,警備,愛知県,"月給47万8,000円",正社員,警備,求人ボックス,https://xn--pckua2a7gp15o89zb.com/jbn/64ae08c3d8d9b146937baaf4485badd5,True,10時間前,2026-10-03 04:58:42,愛知県
20代～50代多数活躍中 未経験大歓迎 家族も安心!大手イオングループ企業 地域新着,株式会社白青舎,愛知県,"時給1,300円",アルバイト・パート,警備,求人ボックス,https://xn--pckua2a7gp15o89zb.com/jb/3455eada3883e04e94c124ef040c388f,True,14時間前,2026-10-03 04:58:46,愛知県
接客・販売／楽天モバイルイオンモール大高店／携帯ショップの接客・販売新着,株式会社ウィーポック,愛知県,"月給26万1,000円",正社員,警備,求人ボックス,https://xn--pckua2a7gp15o89zb.com/jb/a92e488f0cbe05a26a9e5af97dfdd5af,True,13時間前,2026-10-03 04:58:46,愛知県
未経験からでもしっかり稼げる 週1日～OKの自由シフトだから自分のペースで無理なく勤務新着,東警株式会社,愛知県,日給1万円,アルバイト・パート,警備,求人ボックス,https://xn--pckua2a7gp15o89zb.com/jb/120fb745a51b36d0cda84258922e9e76,True,13時間前,2026-10-03 04:58:46,愛知県
「安定収入を目指すなら!」猫用おもちゃづくりの製造スタッフ／賞与あり新着,製造,愛知県,"月給30万4,780円",正社員,製造,求人ボックス,https://xn--pckua2a7gp15o89zb.com/jbn/cf241173463de7c878601f869e58a8d7,True,15時間前,2026-10-03 04:58:21,愛知県
「未経験から始める工場ワーク!」パチンコ・パチスロ景品づくりの製造スタッフ／未経験OK／日払い週払い...新着,製造,愛知県,"月給31万1,990円",正社員,製造,求人ボックス,https://xn--pckua2a7gp15o89zb.com/jbn/58cb9fa09c6db21fe36c57023cf9131d,True,15時間前,2026-10-03 04:58:24,愛知県
「正社員デビューに人気!」／キャラクター巾着袋の製造スタッフ新着,製造,愛知県,"月給43万3,000円",正社員,製造,求人ボックス,https://xn--pckua2a7gp15o89zb.com/jbn/bf2d6f086692edf04c4bd3acecd86139,True,13時間前,2026-10-03 04:58:24,愛知県
「未経験でも始めやすい!」／アニメ柄ショルダーストラップの製造スタッフ新着,製造,愛知県,"月給37万3,000円",正社員,製造,求人ボックス,https://xn--pckua2a7gp15o89zb.com/jbn/13d41d96543f7b436b45413b0c9db259,True,13時間前,2026-10-03 04:58:27,愛知県
お餅製造工場スタッフ／スピード採用新着,MY BASE株式会社,愛知県,"月給24万4,000円",正社員,製造,求人ボックス,https://xn--pckua2a7gp15o89zb.com/jb/b8b7400279c5e3bea97b30487631747c,True,13時間前,2026-10-03 04:58:27,愛知県
「未経験スタート応援!」／キャラクターランチボックスの製造スタッフ新着,製造,愛知県,"月給43万8,000円",正社員,製造,求人ボックス,https://xn--pckua2a7gp15o89zb.com/jbn/5ebd14811481155368371fc4d1eced96,True,13時間前,2026-10-03 04:58:30,愛知県
「スピード採用で製造のお仕事へ」／バスグッズの製造スタッフ／冷暖房完備新着,株式会社SNJAPAN,愛知県,"月給30万5,000円",正社員,製造,求人ボックス,https://xn--pckua2a7gp15o89zb.com/jbn/2618e2bb858252ac48a2411830f1be56,True,15時間前,2026-10-03 04:58:30,愛知県
「未経験から高収入へ!」／キャラクターアクセ台紙の製造スタッフ新着,製造,愛知県,"月給41万8,000円",正社員,製造,求人ボックス,https://xn--pckua2a7gp15o89zb.com/jbn/b071b470d2903f534aa8f144150c70f9,True,13時間前,2026-10-03 04:58:33,愛知県
「未経験でも始めやすい!」／ゲーム攻略本カバーの製造スタッフ新着,製造,愛知県,"月給41万3,000円",正社員,製造,求人ボックス,https://xn--pckua2a7gp15o89zb.com/jbn/aa1d6c411ace7522d1a1d754ce7257dd,True,13時間前,2026-10-03 04:58:33,愛知県
「未経験から高収入へ!」／ボードゲーム用キャラ駒の製造スタッフ新着,製造,愛知県,"月給36万8,000円",正社員,製造,求人ボックス,https://xn--pckua2a7gp15o89zb.com/jbn/7a0604f170904a60bdf1bbcf98954447,True,13時間前,2026-10-03 04:58:37,愛知県
「手に職をつけるチャンス!」花火づくりの製造スタッフ／賞与あり新着,製造,愛知県,"月給31万2,530円",正社員,製造,求人ボックス,https://xn--pckua2a7gp15o89zb.com/jbn/b926b7ccecfde1f2abbf038c14ad2952,True,15時間前,2026-10-03 04:58:37,愛知県
「コツコツ検査作業!」道路のブロック製造スタッフ／20代から30代活躍...新着,株式会社日本ケイテム,愛知県,"時給1,200円～",派遣社員,製造,求人ボックス,https://xn--pckua2a7gp15o89zb.com/jbn/71d0f9475572b7a32b5a827289e8e3cc,True,20時間前,2026-10-03 04:58:37,愛知県
「コツコツ派にぴったり!」カメラアクセサリーの製造スタッフ新着,製造,愛知県,"月給30万2,020円",正社員,製造,求人ボックス,https://xn--pckua2a7gp15o89zb.com/jbn/7b5401fc80dbc1a4371a0395c64dee11,True,15時間前,2026-10-03 04:58:41,愛知県
「正社員デビューに人気!」／ゲームソフト用パッケージの製造スタッフ新着,製造,愛知県,"月給39万3,000円",正社員,製造,求人ボックス,https://xn--pckua2a7gp15o89zb.com/jbn/ce98ecb0d32ce3d27e742ee229cd9131,True,13時間前,2026-10-03 04:58:41,愛知県
製造スタッフ／初期費用0円・寮費無料／サンプル作業で安心／20代30代...新着,株式会社tocca,愛知県,月給30万円～34万円,正社員,製造,求人ボックス,https://xn--pckua2a7gp15o89zb.com/jbn/301dcf1813cc61a70cd8c0d82c548baa,True,21時間前,2026-10-03 04:58:44,愛知県
「機械にセットするだけのカンタン作業」／釣具部品の製造スタッフ新着,三陽工業株式会社,愛知県,"月給19万5,000円",正社員,製造,求人ボックス,https://xn--pckua2a7gp15o89zb.com/jbn/8cf60b1a02e46209e4c57d5d9161b322,True,14時間前,2026-10-03 04:58:44,愛知県
「コツコツ派にぴったり!」ハロウィングッズづくりの製造スタッフ新着,製造,愛知県,月給32万720円,正社員,製造,求人ボックス,https://xn--pckua2a7gp15o89zb.com/jbn/31972f02549dcc717480ac27b83b8e33,True,15時間前,2026-10-03 04:58:44,愛知県
「生活を安定させたい方へ!」カメラアクセサリーづくりの製造スタッフ新着,製造,愛知県,"月給31万5,930円",正社員,製造,求人ボックス,https://xn--pckua2a7gp15o89zb.com/jbn/52973297bcdea358ba82c3c8361b5f46,True,15時間前,2026-10-03 04:58:48,愛知県
「安定収入を目指すなら!」ガチャガチャのカプセルトイの製造スタッフ新着,製造,愛知県,"月給31万8,690円",正社員,製造,求人ボックス,https://xn--pckua2a7gp15o89zb.com/jbn/820ff226acf4d4ab51775849e0395c1c,True,15時間前,2026-10-03 04:58:48,愛知県
「正社員デビューに人気!」／アニメコラボマグネットの製造スタッフ新着,製造,愛知県,"月給35万3,000円",正社員,製造,求人ボックス,https://xn--pckua2a7gp15o89zb.com/jbn/3a69e632d00c8aa73b9c1059398f6104,True,13時間前,2026-10-03 04:58:48,愛知県
清掃スタッフ 9時～15時新着,株式会社白青舎,愛知県,"時給1,250円",アルバイト・パート,清掃,求人ボックス,https://xn--pckua2a7gp15o89zb.com/jb/8f5bed40eaa7a5cbcef305c93c883350,True,4時間前,2026-10-03 04:58:38,愛知県
清掃STAFF新着,株式会社日本クリーナー,愛知県,"時給1,200円",アルバイト・パート,清掃,求人ボックス,https://xn--pckua2a7gp15o89zb.com/jb/8c75824b66417419062c781ea46db805,True,13時間前,2026-10-03 04:58:38,愛知県
清掃スタッフ新着,株式会社モリオメンテナンス,愛知県,"時給1,195円",アルバイト・パート,清掃,求人ボックス,https://xn--pckua2a7gp15o89zb.com/jb/c66ad7c982d1473bf7a00e917451f0a2,True,12時間前,2026-10-03 04:58:38,愛知県
環境センター内の清掃スタッフ募集新着,丸徳産業株式会社,愛知県,"時給1,140円",アルバイト・パート,清掃,求人ボックス,https://xn--pckua2a7gp15o89zb.com/jb/4349de7c6da0d9face15c209fe97d115,True,14時間前,2026-10-03 04:58:38,愛知県
清掃スタッフ新着,株式会社ウィルエージェンシー 名古屋,愛知県,"時給1,600円～",アルバイト・パート,清掃,求人ボックス,https://xn--pckua2a7gp15o89zb.com/jb/4eaa911a0671da7f96ead59b1ddf55d6,True,13時間前,2026-10-03 04:58:38,愛知県
ホテルの客室清掃スタッフ新着,大成株式会社,愛知県,"時給1,200円～",アルバイト・パート,清掃,求人ボックス,https://xn--pckua2a7gp15o89zb.com/jb/51283151c16841ddab58f82d5ee36daa,True,6時間前,2026-10-03 04:58:38,愛知県
ペットショップの店舗清掃・お世話スタッフ／アミーゴ神の倉店自分に合った...新着,株式会社犬の家 アミーゴ神の倉店,愛知県,"月給20万6,000円",正社員,清掃,求人ボックス,https://xn--pckua2a7gp15o89zb.com/jbn/a18b004c9e6f75fd60740a8ad15eef42,True,22時間前,2026-10-03 04:58:38,愛知県
ペットショップの店舗清掃・お世話スタッフ／MIO香久山店自分の車で通勤...新着,株式会社犬の家 MIO香久山店,愛知県,"月給20万6,000円",正社員,清掃,求人ボックス,https://xn--pckua2a7gp15o89zb.com/jbn/bba0654046f37509a7df9962e6fed230,True,22時間前,2026-10-03 04:58:38,愛知県
ペットショップの清掃・店舗スタッフ／七宝店しっかり休める週休2日新着,株式会社犬の家 七宝店,愛知県,"月給20万6,000円",正社員,清掃,求人ボックス,https://xn--pckua2a7gp15o89zb.com/jbn/beab8b3fea7f5fc343e22121de722444,True,22時間前,2026-10-03 04:58:39,愛知県
ペットショップの清掃・店舗スタッフ／豊川インター店昇給あり新着,株式会社犬の家 豊川インター店,愛知県,"月給20万6,000円",正社員,清掃,求人ボックス,https://xn--pckua2a7gp15o89zb.com/jbn/85107d96574cf3e376bc02a1f6ec4ed3,True,22時間前,2026-10-03 04:58:39,愛知県
ペットショップの清掃・店舗スタッフ／安城店賞与あり／長く安心して働ける...新着,株式会社犬の家 安城店,愛知県,"月給20万6,000円",正社員,清掃,求人ボックス,https://xn--pckua2a7gp15o89zb.com/jbn/f3e1f696a819cdbad74878c9fb55d787,True,22時間前,2026-10-03 04:58:39,愛知県
71清掃スタッフ新着,株式会社セイエー,愛知県,"時給1,230円",アルバイト・パート,清掃,求人ボックス,https://xn--pckua2a7gp15o89zb.com/jb/e75a8a7d47b8e2be885d17a1f494f1d0,True,22時間前,2026-10-03 04:58:39,愛知県
清掃／環境整備・リネン・清掃・施設保全スタッフ・勤務日数・時間は応相談新着,特別養護老人ホーム みよしの里,愛知県,"時給1,240円～",アルバイト・パート,清掃,求人ボックス,https://xn--pckua2a7gp15o89zb.com/jb/7962a264a9bcabbbfe74cdcbe3756b8b,True,7時間前,2026-10-03 04:58:39,愛知県
調理・清掃スタッフ／年間休日120日／未経験歓迎新着,ナーシングホーム寿々浄水,愛知県,月給21万円～25万,正社員,清掃,求人ボックス,https://xn--pckua2a7gp15o89zb.com/jbn/51f7092e576c45cb23fc28a2c0c89670,True,23時間前,2026-10-03 04:58:39,愛知県
調理・清掃スタッフ／ブランクOK／未経験歓迎新着,ナーシングホーム寿々岡崎,愛知県,"時給1,200円～1,390円",アルバイト・パート,清掃,求人ボックス,https://xn--pckua2a7gp15o89zb.com/jbn/cee09b4e684f22383797878fb1fe6529,True,23時間前,2026-10-03 04:58:39,愛知県
本社ビル内の清掃スタッフ新着,株式会社トーア電子,愛知県,月給18万円～,契約社員,清掃,求人ボックス,https://xn--pckua2a7gp15o89zb.com/jb/0341595f1c81b7367ae2bb2b4ec3e6a6,True,5時間前,2026-10-03 04:58:43,愛知県
クリーンスタッフ・清掃／環境整備新着,エスカ歯科・矯正歯科,愛知県,"時給1,200円～",アルバイト・パート,清掃,求人ボックス,https://xn--pckua2a7gp15o89zb.com/jb/a9ec7c40d69346765f022e8e165bf861,True,7時間前,2026-10-03 04:58:43,愛知県
公共施設の清掃スタッフ／午前のみ勤務新着,株式会社ホットスタッフ刈谷,愛知県,"時給1,140円",アルバイト・パート,清掃,求人ボックス,https://xn--pckua2a7gp15o89zb.com/jb/55fd9f9daa7740cfdec9a2efbe2d050c,True,13時間前,2026-10-03 04:58:43,愛知県
好待遇×16時30分終業×実働6時間40分! 車両清掃スタッフ新着,明宝作業株式会社,愛知県,月給35万円～40万円,正社員,清掃,求人ボックス,https://xn--pckua2a7gp15o89zb.com/jb/f6556085526f62d9f863b66ddaef6c2c,True,19時間前,2026-10-03 04:58:43,愛知県
深夜のみの床清掃スタッフ新着,株式会社セントラルサービスシステム エスパシオナ...,愛知県,"時給1,563円～",アルバイト・パート,清掃,求人ボックス,https://xn--pckua2a7gp15o89zb.com/jb/0da1faacf5da9bb6ec0460694f594161,True,17時間前,2026-10-03 04:58:43,愛知県
社員寮の共用部清掃新着,株式会社豊真メンテナンス,愛知県,"時給1,200円",アルバイト・パート,清掃,求人ボックス,https://xn--pckua2a7gp15o89zb.com/jb/2e4ec8d294b36ad931affecfe067f05f,True,18時間前,2026-10-03 04:58:43,愛知県
レジャーホテルのフロント対応・客室清掃新着,hotel julia,愛知県,"時給1,200円～",アルバイト・パート,清掃,求人ボックス,https://xn--pckua2a7gp15o89zb.com/jb/08ebf510a2882f59a53835866c9c6635,True,10時間前,2026-10-03 04:58:47,愛知県
オフィスビルの清掃 7:00～10:00 平日の週3～4日新着,コニックス株式会社,愛知県,"時給1,280円",アルバイト・パート,清掃,求人ボックス,https://xn--pckua2a7gp15o89zb.com/jb/97916f99d47160290b41cce096557e7e,True,4時間前,2026-10-03 04:58:47,愛知県
美容院内のお掃除スタッフ新着,B's amor 春日井市民病院前店,愛知県,"時給1,195円～",アルバイト・パート,清掃,求人ボックス,https://xn--pckua2a7gp15o89zb.com/jb/fbf767ae052fa89e5549dd231d6ec97e,True,10時間前,2026-10-03 04:58:47,愛知県
夕方の美容室の清掃新着,B's amor 尾張旭店,愛知県,"時給1,195円～",アルバイト・パート,清掃,求人ボックス,https://xn--pckua2a7gp15o89zb.com/jb/b93c3d77b4f939b1b26b714887b36569,True,10時間前,2026-10-03 04:58:47,愛知県
テナント・共有部と事務所内の清掃新着,ユタコロジー株式会社,愛知県,"時給1,195円～1,245円",アルバイト・パート,清掃,求人ボックス,https://xn--pckua2a7gp15o89zb.com/jb/cd1b7ff7b751f0933491f9d57e8d14c4,True,21時間前,2026-10-03 04:58:47,愛知県
美容院内のお掃除スタッフ新着,B's amor 半田店,愛知県,"時給1,195円～",アルバイト・パート,清掃,求人ボックス,https://xn--pckua2a7gp15o89zb.com/jb/c5a619c65499ec21e7cd3c34744ce065,True,10時間前,2026-10-03 04:58:47,愛知県
美容院内のお掃除スタッフ新着,B's amor 春日井神領店,愛知県,"時給1,195円～",アルバイト・パート,清掃,求人ボックス,https://xn--pckua2a7gp15o89zb.com/jb/921d4c87fee4815e238987842fbfbb12,True,10時間前,2026-10-03 04:58:47,愛知県
美容院内のお掃除スタッフ新着,B’s age 半田店,愛知県,"時給1,195円～",アルバイト・パート,清掃,求人ボックス,https://xn--pckua2a7gp15o89zb.com/jb/c883627ef8ff13b2d8eb9f912eb924ac,True,10時間前,2026-10-03 04:58:50,愛知県
公共施設のクリーンスタッフ新着,昭和建物管理株式会社,愛知県,"時給1,200円～",アルバイト・パート,清掃,求人ボックス,https://xn--pckua2a7gp15o89zb.com/jb/3ca1111744b7391bfc85a2cd71a740d4,True,10時間前,2026-10-03 04:58:50,愛知県
介護施設の施設清掃パート／7:00～12:30の午前のみ／週2日程度の勤務／扶養内OK新着,株式会社メンテック,愛知県,"時給1,195円",アルバイト・パート,清掃,求人ボックス,https://xn--pckua2a7gp15o89zb.com/jb/ad252301f1dbe7821096024d1ca0d6f1,True,3時間前,2026-10-03 04:58:50,愛知県
受付アシスタント新着,医療法人洸明会,愛知県,月給20万円～26万円,正社員,清掃,求人ボックス,https://xn--pckua2a7gp15o89zb.com/jb/b8d8928e6b2f88984a0ab41e60debdfe,True,22時間前,2026-10-03 04:58:50,愛知県
デンソー工場内の清掃作業新着,中日コプロ株式会社,愛知県,"時給1,195円",アルバイト・パート,清掃,求人ボックス,https://xn--pckua2a7gp15o89zb.com/jb/c3e77a0aa5df43f40249795ece1a888c,True,12時間前,2026-10-03 04:58:50,愛知県
フィットネスジムの受付・清掃新着,フィットイージー名古屋北店,愛知県,"時給1,195円～",アルバイト・パート,清掃,求人ボックス,https://xn--pckua2a7gp15o89zb.com/jb/acd1e4ec0438a7eaf26a234ebd922020,True,10時間前,2026-10-03 04:58:50,愛知県
特別養護老人ホームの介護職・ヘルパー／各種手当や福利厚生充実／託児所&職員食あり／週休2日制新着,jobフレンド,愛知県,"月給21万5,000円",正社員,清掃,求人ボックス,https://xn--pckua2a7gp15o89zb.com/jb/a1abefa4e8489be9c805bb7c33d42a0e,True,22時間前,2026-10-03 04:58:50,愛知県
地域密着型のコンビニ運営／第二新卒OK 月8～10日休み／月給229000円～新着,株式会社ディンプル,愛知県,月給229000円～,正社員,清掃,求人ボックス,https://xn--pckua2a7gp15o89zb.com/jb/441d84c6b6282589f76ae36d3081292b,True,10時間前,2026-10-03 04:58:54,愛知県
中華料理店昼・夜ホールスタッフのアルバイト・パート大募集新着,台湾料理 味味,愛知県,"時給1,200円～",アルバイト・パート,清掃,求人ボックス,https://xn--pckua2a7gp15o89zb.com/jb/0aee5cd781ef9a8723bd24720f6ff8e7,True,9時間前,2026-10-03 04:58:54,愛知県
芸能関係者のタクシードライバー／未経験歓迎／週3勤務／月収45万円以上／20代～50代活躍中新着,清掃,愛知県,"月給40万7,700円",正社員,清掃,求人ボックス,https://xn--pckua2a7gp15o89zb.com/jbn/2fdaa2236ab46a6165a0e64cedaf6e77,True,10時間前,2026-10-03 04:58:54,愛知県
ファミレスのホールスタッフ 店長候補 店長経験不問 年休120日以上 7連休年2回新着,株式会社デニーズジャパン,愛知県,月給23万円～40万円,正社員,清掃,求人ボックス,https://xn--pckua2a7gp15o89zb.com/jb/5b55221fac3f5490f8777280d86438f5,True,4時間前,2026-10-03 04:58:54,愛知県
串カツ田中のホールキッチンスタッフ新着,株式会社ユニシアホールディングス,愛知県,"月給26万1,000円",正社員,清掃,求人ボックス,https://xn--pckua2a7gp15o89zb.com/jb/9edd6cc02f6f5e944ce1e552c68fa8d7,True,4時間前,2026-10-03 04:58:54,愛知県
未経験歓迎／平日のみ・土日のみ・扶養内も／コツコツ綺麗にするシゴト⏩がちゃぽん南店クリーンスタッフ新着,株式会社立岩,愛知県,"時給1,200円～1,450円",アルバイト・パート,清掃,求人ボックス,https://xn--pckua2a7gp15o89zb.com/jb/33d9bd4019694f1d776d2c69a021bdf4,True,4時間前,2026-10-03 04:58:58,愛知県
ラーメン屋さんの調理補助 夕方から新着,ラーメン銀次郎 大口店,愛知県,"時給1,200円～",アルバイト・パート,清掃,求人ボックス,https://xn--pckua2a7gp15o89zb.com/jb/258bbb275557655963e1268162a5b9a2,True,23時間前,2026-10-03 04:58:58,愛知県
ラーメン店の調理スタッフ新着,ラーメン銀次郎 刈谷知立店,愛知県,"時給1,200円～",アルバイト・パート,清掃,求人ボックス,https://xn--pckua2a7gp15o89zb.com/jb/33231ddc7f92083d6875c2d65b39a6f5,True,23時間前,2026-10-03 04:58:58,愛知県
手洗い洗車や近距離回送新着,株式会社ジャパン・リリーフ,愛知県,"時給1,500円～",派遣社員,清掃,求人ボックス,https://xn--pckua2a7gp15o89zb.com/jbn/7944f19ff3ee817d994c271e5ed982e7,True,18時間前,2026-10-03 04:58:58,愛知県
ラーメン店の調理スタッフ新着,ラーメン銀次郎 名古屋みなと店,愛知県,"時給1,200円～",アルバイト・パート,清掃,求人ボックス,https://xn--pckua2a7gp15o89zb.com/jb/5ee9e23f8e96f37c804e829600e18f27,True,23時間前,2026-10-03 04:58:58,愛知県
介護職員新着,住宅型有料老人ホームうららか,愛知県,"月給23万3,000円",正社員,清掃,求人ボックス,https://xn--pckua2a7gp15o89zb.com/jb/c17671b0041685316e3b1b248b4f818f,True,18時間前,2026-10-03 04:58:58,愛知県
ペットショップ販売・接客スタッフ／ボーナス支給あり／動物が好きな方にピッタリ／週休2日制新着,株式会社犬の家 刈谷店,愛知県,"月給20万6,000円",正社員,清掃,求人ボックス,https://xn--pckua2a7gp15o89zb.com/jbn/8f639490260715864fb1916e0a66b1b5,True,22時間前,2026-10-03 04:59:01,愛知県
社員食堂の調理補助スタッフ新着,トヨタ生活協同組合,愛知県,"時給1,243円～",アルバイト・パート,清掃,求人ボックス,https://xn--pckua2a7gp15o89zb.com/jb/07e81f9aefb4965e3b1ab2f6ea60cc33,True,10時間前,2026-10-03 04:59:01,愛知県
ペットショップ接客スタッフ／長期勤務をしっかりサポート／週休2日制／車通勤OK／自分の車で通勤可能新着,株式会社犬の家 豊田店,愛知県,"月給20万6,000円",正社員,清掃,求人ボックス,https://xn--pckua2a7gp15o89zb.com/jbn/ae96ce3cda3eb04c10520887b88e7768,True,22時間前,2026-10-03 04:59:01,愛知県
ホテルの調理補助新着,株式会社タスク,愛知県,月給22万円～,派遣社員,清掃,求人ボックス,https://xn--pckua2a7gp15o89zb.com/jb/7a0c6a1cb68e996b665f122bdade88ae,True,21時間前,2026-10-03 04:59:01,愛知県
「座ってできるラクラク作業」／クリアファイルの仕分け作業／家具家電付き寮あり／力仕事少なめ新着,株式会社Tetote,愛知県,月給36万円～39万円,正社員,清掃,求人ボックス,https://xn--pckua2a7gp15o89zb.com/jbn/a2fbb58819f6c63dd26d00d6209d418d,True,15時間前,2026-10-03 04:59:01,愛知県
ペットショップの店舗販売・案内スタッフ新着,ペットショップCoo&RIKU 名古屋滝ノ水店,愛知県,"月給22万8,000円",正社員,清掃,求人ボックス,https://xn--pckua2a7gp15o89zb.com/jb/54efb4bf649f706baf0363c86cee8d5a,True,10時間前,2026-10-03 04:59:01,愛知県
ペットショップの店舗販売・案内スタッフ新着,ペットショップCoo&RIKU 半田店,愛知県,"月給22万8,000円",正社員,清掃,求人ボックス,https://xn--pckua2a7gp15o89zb.com/jb/73688521e9778359de2a5af0daf2c77a,True,10時間前,2026-10-03 04:59:01,愛知県
ペットショップの店舗販売・案内スタッフ新着,ペットショップCoo&RIKU 豊橋店,愛知県,"月給22万8,000円",正社員,清掃,求人ボックス,https://xn--pckua2a7gp15o89zb.com/jb/347b8fd92af6ffe0a11a2f18514476ec,True,10時間前,2026-10-03 04:59:04,愛知県
ペットショップの店舗販売・案内スタッフ新着,ペットショップCoo&RIKU 春日井店,愛知県,"月給22万8,000円",正社員,清掃,求人ボックス,https://xn--pckua2a7gp15o89zb.com/jb/a0a27b0060c10247fd2cebdf66da1bae,True,10時間前,2026-10-03 04:59:04,愛知県
ペットショップの店舗販売・案内スタッフ新着,ペットショップCoo&RIKU 東海店,愛知県,"月給22万8,000円",正社員,清掃,求人ボックス,https://xn--pckua2a7gp15o89zb.com/jb/da5a45c31a1649b8c46e3f6a41cfb31a,True,10時間前,2026-10-03 04:59:04,愛知県
タクシー乗務員「普通免許のみ」／予約が中心／未経験でも高収入／年収600万円以上新着,まずは丁寧な運転研修からスタート カーナビを使った運転(道を覚える必要なし) キャッシュレス決済の対応 車内の簡単な,愛知県,月給45万円～80万円,正社員,清掃,求人ボックス,https://xn--pckua2a7gp15o89zb.com/jbn/b57c7e793ec8f2090168627cbd27dbbf,True,10時間前,2026-10-03 04:59:04,愛知県
専属ドライバー「普通免許のみ」／年収600万円以上／予約が中心／未経験でも高収入新着,簡単な車内,愛知県,月給50万円～80万円,正社員,清掃,求人ボックス,https://xn--pckua2a7gp15o89zb.com/jbn/d5a930de9bcf52485bb6bd06ba6822f2,True,10時間前,2026-10-03 04:59:04,愛知県
案内・フロント、ホテル客室清掃・ベッドメイキング新着,プレシャス・ジャパン株式会社,愛知県,月給25万円～,正社員,清掃,求人ボックス,https://xn--pckua2a7gp15o89zb.com/jb/60a77dae39f018bc098a0e748174483f,True,7時間前,2026-10-03 04:59:04,愛知県
ペットショップの店舗販売・案内スタッフ新着,ペットショップCoo&RIKU 岡崎店,愛知県,"月給22万8,000円",正社員,清掃,求人ボックス,https://xn--pckua2a7gp15o89zb.com/jb/4d8f038bf944bf747dc5c8b9510ad16c,True,10時間前,2026-10-03 04:59:04,愛知県
ペットショップの店舗販売・案内スタッフ新着,ペットショップCoo&RIKU 名古屋中川店,愛知県,"月給22万8,000円",正社員,清掃,求人ボックス,https://xn--pckua2a7gp15o89zb.com/jb/e2d7b87811f15dfdc73b9886e081f2e2,True,10時間前,2026-10-03 04:59:07,愛知県
ペットショップの店舗販売・案内スタッフ新着,ペットショップCoo&RIKU 名古屋みなと店,愛知県,"月給22万8,000円",正社員,清掃,求人ボックス,https://xn--pckua2a7gp15o89zb.com/jb/649ec9b2fedb6c64e182096426d2a2a1,True,10時間前,2026-10-03 04:59:07,愛知県
ハイヤー運転手「普通免許のみ」／ドライバー／未経験でも高収入／予約が中心／週3出勤新着,車内の簡単な,愛知県,月給45万円～80万円,正社員,清掃,求人ボックス,https://xn--pckua2a7gp15o89zb.com/jbn/ddd9d621e4c4bc02d756153a72b27d1b,True,10時間前,2026-10-03 04:59:07,愛知県
ペットショップの店舗販売・案内スタッフ新着,ペットショップCoo&RIKU 東海一宮店,愛知県,"月給22万8,000円",正社員,清掃,求人ボックス,https://xn--pckua2a7gp15o89zb.com/jb/bc42047d4d2ec844524b9acd2b12c9be,True,10時間前,2026-10-03 04:59:07,愛知県
ペットショップの店長候補新着,ペットショップCoo&RIKU 豊田店,愛知県,"月給27万8,000円",正社員,清掃,求人ボックス,https://xn--pckua2a7gp15o89zb.com/jb/857739f14eaffdc54f409bd7cc3827e9,True,10時間前,2026-10-03 04:59:07,愛知県
データ入力事務／未経験OK「ネイルOK」土日祝休み・残業なし「20代活躍中」新着,歯科衛生士,岐阜県,"月給21万2,500円",正社員,歯科,求人ボックス,https://xn--pckua2a7gp15o89zb.com/jbn/8fa0d611278a6581bb4752a4212c79f2,True,22時間前,2026-10-03 04:59:11,岐阜県
歯科医師／田中矯正歯科こども歯科新着,医療法人機能美会,岐阜県,月給38万円～120万円,正社員,歯科,求人ボックス,https://xn--pckua2a7gp15o89zb.com/jb/c309874698adbcb3e594d22f4c6c81e4,True,6時間前,2026-10-03 04:59:11,岐阜県
働く人と会社をつなぐサポートのお仕事新着,株式会社3N,愛知県,"時給1,350円",アルバイト・パート,派遣,求人ボックス,https://xn--pckua2a7gp15o89zb.com/jb/825c34a53e76ba4cfee8eb2435b8fba8,True,10時間前,2026-10-03 04:58:49,愛知県
画像検査装置のPCソフトウェア設計新着,パーソルクロステクノロジー株式会社,愛知県,"時給2,600円～2,700円",派遣社員,派遣,求人ボックス,https://xn--pckua2a7gp15o89zb.com/jb/a64c2e93654de26ba62e5fc82e11b6dc,True,4時間前,2026-10-03 04:58:49,愛知県
未経験歓迎 1日3時間～・週2日～OK新着,株式会社ライクル,愛知県,"時給1,200円～",アルバイト・パート,派遣,求人ボックス,https://xn--pckua2a7gp15o89zb.com/jb/cd70d7f6911c0f387c0213d37bad6efa,True,3時間前,2026-10-03 04:58:49,愛知県
自動車部品製造・加工・検査作業／日勤のみ／プライベート充実／前払いOK新着,株式会社ワールドサービス刈谷,愛知県,"時給1,300円～",派遣社員,派遣,求人ボックス,https://xn--pckua2a7gp15o89zb.com/jbn/c1d701e92a7d102a2059a3d3f5f5a81e,True,23時間前,2026-10-03 04:58:49,愛知県
検査・データ入力／年間休日121日／週休2日制／制服貸与あり／転勤なし／賞与あり新着,株式会社グリーンテック,愛知県,"月給20万2,000円",正社員,派遣,求人ボックス,https://xn--pckua2a7gp15o89zb.com/jbn/a78db70cca2ba372d7050ba465201960,True,15時間前,2026-10-03 04:58:50,愛知県
土日休み／人事、労務、経理を幅広く担当いただきます新着,株式会社Progress Group,愛知県,"月給21万6,400円",正社員,派遣,求人ボックス,https://xn--pckua2a7gp15o89zb.com/jb/79e94ef0f756dfad0408375d09e579c4,True,11時間前,2026-10-03 04:58:50,愛知県
豊橋市エリア! 未経験OKの法人営業職／年357万円・転勤なし・直行直帰OK・フレックス新着,株式会社ディンプル,愛知県,"月給24万5,000円",正社員,派遣,求人ボックス,https://xn--pckua2a7gp15o89zb.com/jb/8dd22fda79e4497df738f92e9fbcbcef,True,10時間前,2026-10-03 04:58:50,愛知県
車通勤OK!／事務デビュー歓迎 残業少なめ新着,受託業務,愛知県,"時給1,450円～1,500円",派遣社員,派遣,求人ボックス,https://xn--pckua2a7gp15o89zb.com/jb/40e8c0e32bb9994c13b79f98ba0f3b12,True,13時間前,2026-10-03 04:58:53,愛知県
保育士／放デイ新着,アスカグループ,愛知県,"時給1,450円",派遣社員,派遣,求人ボックス,https://xn--pckua2a7gp15o89zb.com/jb/b14b4e43d7448f297384000a29f6a60f,True,23時間前,2026-10-03 04:58:53,愛知県
内勤スタッフ新着,株式会社エクスプレス・エージェント,愛知県,"時給1,350円",アルバイト・パート,派遣,求人ボックス,https://xn--pckua2a7gp15o89zb.com/jb/4dd74bc3b7f467d1642a641f931407ba,True,22時間前,2026-10-03 04:58:53,愛知県
指示書を確認し自動車部品を包装、ラベルを貼っていく作業新着,戦力エージェント株式会社,愛知県,"時給1,350円～1,687円",派遣社員,派遣,求人ボックス,https://xn--pckua2a7gp15o89zb.com/jb/c67b3cf5bb1015a37a578f0394dd9146,True,23時間前,2026-10-03 04:58:56,愛知県
独立意欲歓迎! 人材営業職 月給35万円～ インセン有新着,株式会社グッドキャスト,愛知県,月給35万円～,正社員,派遣,求人ボックス,https://xn--pckua2a7gp15o89zb.com/jb/8a765f4b8dbec302bc0fbb7be5300d34,True,16時間前,2026-10-03 04:59:00,愛知県
オフィス事務新着,株式会社ウィルエージェンシー 名古屋,愛知県,"時給1,500円～",アルバイト・パート,派遣,求人ボックス,https://xn--pckua2a7gp15o89zb.com/jb/27425bf9691fa1a7f546374bc267dc76,True,13時間前,2026-10-03 04:59:00,愛知県
地元企業で一般事務新着,ヒューマンリソシア株式会社,愛知県,"時給1,500円",派遣社員,派遣,求人ボックス,https://xn--pckua2a7gp15o89zb.com/jb/d5b13d982ee42ce8f6b0f9f37154a3f7,True,6時間前,2026-10-03 04:59:00,愛知県
リゾートバイト／レストランサービス新着,株式会社ダイブ,愛知県,"時給1,210円～",派遣社員,派遣,求人ボックス,https://xn--pckua2a7gp15o89zb.com/jb/d899f0bd400ad46b9c0a595eff63806d,True,23時間前,2026-10-03 04:59:03,愛知県
一般事務・OA事務 ／ データエントリー業務／簡単データ入力 未経験OK!新着,パーソルテンプスタッフ株式会社,愛知県,"時給1,500円",派遣社員,派遣,求人ボックス,https://xn--pckua2a7gp15o89zb.com/jb/42699c9c0b41f6b4ccabeb38337512ac,True,19時間前,2026-10-03 04:59:03,愛知県
29歳以下!年休126日／フレックス制 人材コーディネーター新着,株式会社日本パーソナルビジネス,愛知県,"月給29万4,850円",正社員,派遣,求人ボックス,https://xn--pckua2a7gp15o89zb.com/jb/74bc5ae37cdb65fb1075a38c3fb9dbba,True,23時間前,2026-10-03 04:59:03,愛知県
法人営業／営業 60歳以上 ルート営業·管理新着,...この求人情報は<豊橋商工会議所無料職業紹介所>による職業紹介になります主に、地元東三河地域の総合人材サービスとして、職業紹介・人材,愛知県,月給23万円～28万円,契約社員,派遣,求人ボックス,https://xn--pckua2a7gp15o89zb.com/jb/1494d00f67f84ef97d852c8e5cd674ed,True,17時間前,2026-10-03 04:59:07,愛知県
法人営業／営業 ルート営業·管理新着,...この求人情報は<豊橋商工会議所無料職業紹介所>による職業紹介になります主に、地元東三河地域の総合人材サービスとして、職業紹介・人材,愛知県,月給23万円～33万円,正社員,派遣,求人ボックス,https://xn--pckua2a7gp15o89zb.com/jb/9a4d55e8bbc978c60be2d3b7e424ea94,True,17時間前,2026-10-03 04:59:07,愛知県
「カンタン作業」初めての工場勤務!ピッキングするだけ新着,セブンエージェント株式会社,愛知県,"時給1,450円～",派遣社員,派遣,求人ボックス,https://xn--pckua2a7gp15o89zb.com/jb/2b49875bf07502e1a7c0befc6b68a4e9,True,14時間前,2026-10-03 04:59:07,愛知県
一般事務新着,株式会社リクルートスタッフィング,愛知県,"時給1,600円～",派遣社員,派遣,求人ボックス,https://xn--pckua2a7gp15o89zb.com/jb/0523713c8ce12d9faac3e2f6ac74b887,True,20時間前,2026-10-03 04:59:10,愛知県
11月 未経験OK!トヨタ系商社で営業事務の経験を活かして貿易事務デビュー新着,株式会社トヨタエンタプライズ,愛知県,"時給1,630円",派遣社員,派遣,求人ボックス,https://xn--pckua2a7gp15o89zb.com/jb/965a2d751a7edff80072b67825b7a4ec,True,23時間前,2026-10-03 04:59:10,愛知県
AutoCADオペレーター 大手 事務なしでコツコツ新着,株式会社アットキャド,愛知県,"時給1,850円～2,050円",派遣社員,派遣,求人ボックス,https://xn--pckua2a7gp15o89zb.com/jb/f36ad1b5360114d75c8a176dc8240002,True,14時間前,2026-10-03 04:59:15,愛知県
搬送装置の組立スタッフ新着,株式会社キャリアスタッフ,愛知県,"時給1,470円",派遣社員,派遣,求人ボックス,https://xn--pckua2a7gp15o89zb.com/jb/511ac33b228d60bc6ff8d4ba0bc37c20,True,12時間前,2026-10-03 04:59:15,愛知県
自動車部品溶接塗装スタッフ新着,株式会社ワークジャパン,愛知県,"時給1,650円～",派遣社員,派遣,求人ボックス,https://xn--pckua2a7gp15o89zb.com/jb/1254f3fd1158541d500f656d28d10a6a,True,2時間前,2026-10-03 04:59:19,愛知県
連休取得可能! 回転寿司店の飲食店スタッフ 経験者のみ 週休2日制新着,株式会社共和フーズ,愛知県,月給30万円～48万円,正社員,飲食,求人ボックス,https://xn--pckua2a7gp15o89zb.com/jb/a0a8d4a01ec7c664e57e24f7e7c9114a,True,4時間前,2026-10-03 04:58:51,愛知県
夜勤あり／人気飲食店の店舗スタッフ／資格経験不要／月給25万新着,ワタミ株式会社,愛知県,月給25万,正社員,飲食,求人ボックス,https://xn--pckua2a7gp15o89zb.com/jb/e3e75c5e93865aac5596d3428b76f2ed,True,3時間前,2026-10-03 04:58:51,愛知県
大手飲食店の店舗スタッフ 1年目から年収400万円以上新着,株式会社Progress Group,愛知県,"月給22万9,500円",正社員,飲食,求人ボックス,https://xn--pckua2a7gp15o89zb.com/jb/2cd4422dd75777304de6827bc6bdfef9,True,11時間前,2026-10-03 04:58:51,愛知県
ペットフード・用品の品出しスタッフ／アミーゴ神の倉店長く安心して働ける環境／有給休暇取得可能新着,株式会社犬の家 アミーゴ神の倉店,愛知県,"月給20万6,000円",正社員,飲食,求人ボックス,https://xn--pckua2a7gp15o89zb.com/jbn/45453e0ae09342d178dd7c381f090cfc,True,21時間前,2026-10-03 04:58:51,愛知県
完全在宅／未経験可／問い合わせ窓口／年休125日以上新着,...経験不問/未経験者活躍中・第二新卒活躍中資格不問/無資格歓迎・ブランク歓迎・学歴不問ハローワークでお探しの方も歓迎 先輩たちの前職をご紹介! 営業、事務、販売,愛知県,"月給22万3,800円",正社員,飲食,求人ボックス,https://xn--pckua2a7gp15o89zb.com/jbn/50e462a9a7492f14112cf6b664f037c2,True,10時間前,2026-10-03 04:58:51,愛知県
「夜勤・タクシードライバー」急募／月収50万以上・20代活躍中／普通免許でOK新着,飲食,愛知県,"月給47万6,000円",正社員,飲食,求人ボックス,https://xn--pckua2a7gp15o89zb.com/jbn/f0e7752ad9e9076f044f8880bfe2a1cc,True,10時間前,2026-10-03 04:58:52,愛知県
事務職／営業事務／有給休暇あり／20〜30代女性活躍中／賞与・昇給あり／産休あり新着,<活かせる経験> 事務やデータ入力の業務経験 Excelスキル、PCの基本操作充実のスキルサポート体制があるため、アパレル販売、,愛知県,"月給22万1,000円",正社員,飲食,求人ボックス,https://xn--pckua2a7gp15o89zb.com/jbn/fd4b8e2b36c678b53f57d789ca8bec1f,True,6時間前,2026-10-03 04:58:52,愛知県
「データ入力／一般事務・バックオフィス」プライベートも仕事も全力で自分らしく!髪色・ネイル新着,株式会社ONE LOOK,愛知県,月給20万円～40万円,正社員,飲食,求人ボックス,https://xn--pckua2a7gp15o89zb.com/jbn/681d3d0c399aafc855055130f6c3a6af,True,14時間前,2026-10-03 04:58:52,愛知県
事務職／一般事務／未経験から安心スタート／家庭と両立できる職場／年間休日125日以上／ネイルOK新着,20代30代の,愛知県,"月給22万3,000円",正社員,飲食,求人ボックス,https://xn--pckua2a7gp15o89zb.com/jbn/83c8e6dee4909cab721ec471e032f141,True,6時間前,2026-10-03 04:58:52,愛知県
データ入力・事務／充実の研修で安心スタート!／マニュアル完備／ブランクOK新着,<活かせる経験> 事務やデータ入力の業務経験 Excelスキル、PCの基本操作充実のスキルサポート体制があるため、アパレル販売、,愛知県,月給20万円～50万円,正社員,飲食,求人ボックス,https://xn--pckua2a7gp15o89zb.com/jbn/093c3a0702796acc3371ab3ca0ee7a30,True,6時間前,2026-10-03 04:58:52,愛知県
データ入力・事務／ブランクOK／教育体制あり／充実の研修で安心スタート新着,<活かせる経験> 事務やデータ入力の業務経験 Excelスキル、PCの基本操作充実のスキルサポート体制があるため、アパレル販売、,愛知県,月給20万円～50万円,正社員,飲食,求人ボックス,https://xn--pckua2a7gp15o89zb.com/jbn/8b23c9e33ed06c6ec5130dd86816b409,True,6時間前,2026-10-03 04:58:52,愛知県
事務職／営業事務／残業ほぼなし／産休・育休あり／未経験から安心スタート／ネイル・ピアスOK新着,<活かせる経験> 事務やデータ入力の業務経験 Excelスキル、PCの基本操作充実のスキルサポート体制があるため、アパレル販売、,愛知県,"月給22万7,000円",正社員,飲食,求人ボックス,https://xn--pckua2a7gp15o89zb.com/jbn/1a667148b2ba2a199fcceec72e0dbda7,True,6時間前,2026-10-03 04:58:52,愛知県
事務職／総務事務／残業なし／服装髪型自由／賞与・昇給あり／ネイル・ピアス自由新着,20代30代の,愛知県,"月給22万3,000円",正社員,飲食,求人ボックス,https://xn--pckua2a7gp15o89zb.com/jbn/b9e2e2a1dbe306faa1bc50e59be0d514,True,6時間前,2026-10-03 04:58:52,愛知県
事務職／総務事務／ネイル・ピアス自由／年間休日125日以上／残業ほぼなし／未経験からチャレンジ可能新着,20代30代の,愛知県,月給20万円～50万円,正社員,飲食,求人ボックス,https://xn--pckua2a7gp15o89zb.com/jbn/37eb02340f15f0f2327994ccd5096112,True,6時間前,2026-10-03 04:58:55,愛知県
データ入力・事務／ブランクOK／マニュアル完備／充実の研修で安心スタート新着,スタッフ,愛知県,月給20万円～50万円,正社員,飲食,求人ボックス,https://xn--pckua2a7gp15o89zb.com/jbn/c65c53493eb63fbd38cda3c010d1f4ad,True,6時間前,2026-10-03 04:58:55,愛知県
データ入力・事務／教育体制あり／充実の研修で安心スタート!／マニュアル完備新着,20代30代の,愛知県,月給20万円～50万円,正社員,飲食,求人ボックス,https://xn--pckua2a7gp15o89zb.com/jbn/a87ccf23ce6195309efa85f705747b66,True,6時間前,2026-10-03 04:58:55,愛知県
データ入力・事務／充実の研修で安心スタート!／若い者歓迎／福利厚生充実新着,20代30代の,愛知県,"月給22万6,000円",正社員,飲食,求人ボックス,https://xn--pckua2a7gp15o89zb.com/jbn/118402e6c021b349ed1fdeb03805993a,True,6時間前,2026-10-03 04:58:55,愛知県
データ入力・事務／ブランクOK／充実の研修で安心スタート!／福利厚生充実新着,<活かせる経験> 事務やデータ入力の業務経験 Excelスキル、PCの基本操作充実のスキルサポート体制があるため、アパレル販売、,愛知県,"月給22万4,000円",正社員,飲食,求人ボックス,https://xn--pckua2a7gp15o89zb.com/jbn/b55d14537b2f1cbe469c98828d649144,True,6時間前,2026-10-03 04:58:55,愛知県
データ入力・事務／充実の研修で安心スタート!／マニュアル完備／土日祝休み新着,20代30代の,愛知県,"月給22万3,000円",正社員,飲食,求人ボックス,https://xn--pckua2a7gp15o89zb.com/jbn/6770efda1e4072b0df6ee248b3eb6574,True,6時間前,2026-10-03 04:58:55,愛知県
事務職／一般事務／年間休日125日／20代歓迎!／残業ほぼなし／賞与・昇給あり新着,20代30代の,愛知県,"月給22万4,000円",正社員,飲食,求人ボックス,https://xn--pckua2a7gp15o89zb.com/jbn/d6a18be05ef9ad5f4d39d4f170312874,True,6時間前,2026-10-03 04:58:55,愛知県
「バックオフィススタッフ」／充実の研修で安心スタート!／福利厚生充実／未経験でも安心／残業少なめ新着,アパレル販売、,愛知県,月給20万円～50万円,正社員,飲食,求人ボックス,https://xn--pckua2a7gp15o89zb.com/jbn/921830f4f79af9d72fec7edb7d2c5f7e,True,6時間前,2026-10-03 04:58:59,愛知県
バックオフィススタッフ／充実の研修で安心スタート!／年間休日120日以上新着,<異業種からの転職者も活躍中!>アパレル販売、,愛知県,月給22万500円,正社員,飲食,求人ボックス,https://xn--pckua2a7gp15o89zb.com/jbn/2b05df8b542135f4d7396dda36d8eb07,True,8時間前,2026-10-03 04:58:59,愛知県
「事務スタッフ」／充実の研修で安心スタート!／ブランクOK／マニュアル完備／残業少なめ／サポート業務新着,スタッフ,愛知県,"月給22万6,000円",正社員,飲食,求人ボックス,https://xn--pckua2a7gp15o89zb.com/jbn/40429fee7bf2be888df088a43d1ce182,True,6時間前,2026-10-03 04:58:59,愛知県
「オフィスワーク」／事務スタッフ／充実の研修で安心スタート!／福利厚生充実／職種未経験歓迎新着,アパレル販売、,愛知県,"月給22万6,000円",正社員,飲食,求人ボックス,https://xn--pckua2a7gp15o89zb.com/jbn/8e310b6b5ecc6145b0acab6236647afc,True,6時間前,2026-10-03 04:58:59,愛知県
バックオフィススタッフ／充実の研修で安心スタート!／年間休日120日以上／福利厚生充実新着,<異業種からの転職者も活躍中!>アパレル販売、,愛知県,月給21万500円,正社員,飲食,求人ボックス,https://xn--pckua2a7gp15o89zb.com/jbn/ee724c2a31e6d02d6ca79cff2158f6f7,True,8時間前,2026-10-03 04:58:59,愛知県
「デスクワーク」／営業事務／充実の研修で安心スタート!／残業月10時間以下／高収入／未経験でも安心新着,<前職はさまざま>,愛知県,"月給21万9,000円",正社員,飲食,求人ボックス,https://xn--pckua2a7gp15o89zb.com/jbn/73c33dfa5598c40180f1202003e10991,True,6時間前,2026-10-03 04:58:59,愛知県
バックオフィススタッフ／充実の研修で安心スタート!／未経験でも安心／年間休日120日以上新着,<異業種からの転職者も活躍中!>アパレル販売、,愛知県,月給22万500円,正社員,飲食,求人ボックス,https://xn--pckua2a7gp15o89zb.com/jbn/ebd183c940659fb4d7cc79dcf82e3b15,True,8時間前,2026-10-03 04:58:59,愛知県
「事務スタッフ」／ブランクOK／充実の研修で安心スタート!／福利厚生充実／残業少なめ／サポート業務新着,アパレル販売、,愛知県,"月給22万3,000円",正社員,飲食,求人ボックス,https://xn--pckua2a7gp15o89zb.com/jbn/653d3a4cb4c6df120dc4b4b5473f75b3,True,6時間前,2026-10-03 04:58:59,愛知県
事務スタッフ／充実の研修で安心スタート!／教育体制あり／福利厚生充実／マニュアル完備新着,<異業種からの転職者も活躍中!>アパレル販売、,愛知県,月給22万500円,正社員,飲食,求人ボックス,https://xn--pckua2a7gp15o89zb.com/jbn/7e94f78b12ea213387272427c030c9c1,True,8時間前,2026-10-03 04:59:03,愛知県
「事務スタッフ」／教育体制あり／充実の研修で安心スタート!／ブランクOK／残業少なめ／サポート業務新着,前職は美容部員や携帯ショップ店員、,愛知県,"月給21万9,000円",正社員,飲食,求人ボックス,https://xn--pckua2a7gp15o89zb.com/jbn/c557771c834114cf4c7eb5a417fd712a,True,6時間前,2026-10-03 04:59:03,愛知県
バックオフィススタッフ／充実の研修で安心スタート!／福利厚生充実／年間休日120日以上新着,<異業種からの転職者も活躍中!>アパレル販売、,愛知県,"月給22万7,000円",正社員,飲食,求人ボックス,https://xn--pckua2a7gp15o89zb.com/jbn/70bf55e4949724540e11e1a34fe3bf22,True,8時間前,2026-10-03 04:59:03,愛知県
データ入力・事務／ブランクOK／充実の研修で安心スタート!／マニュアル完備新着,実際に活躍しているメンバーの前職も、アパレル販売、,愛知県,"月給20万5,000円",正社員,飲食,求人ボックス,https://xn--pckua2a7gp15o89zb.com/jbn/ee44e3619f5b2b89f385d12b27f1e567,True,6時間前,2026-10-03 04:59:03,愛知県
「事務スタッフ」／充実の研修で安心スタート!／残業月10時間以下／50万円稼げる／高収入新着,<前職はさまざま>,愛知県,"月給22万3,000円",正社員,飲食,求人ボックス,https://xn--pckua2a7gp15o89zb.com/jbn/68a505a4bbcb27070305f698d8f3a7cf,True,6時間前,2026-10-03 04:59:03,愛知県
受付・データ入力スタッフ／充実の研修で安心スタート!／教育体制あり／福利厚生充実新着,<異業種からの転職者も活躍中!>アパレル販売、,愛知県,月給21万500円,正社員,飲食,求人ボックス,https://xn--pckua2a7gp15o89zb.com/jbn/3bbcad1a38246d41c20ccf210347c5ef,True,8時間前,2026-10-03 04:59:03,愛知県
「デスクワーク」／マニュアル完備／充実の研修で安心スタート!／残業月10時間以下／高収入新着,<前職はさまざま>,愛知県,月給20万円～50万円,正社員,飲食,求人ボックス,https://xn--pckua2a7gp15o89zb.com/jbn/1a9927c4480a277bf177f8fd30cbcf56,True,6時間前,2026-10-03 04:59:03,愛知県
「デスクワーク」／事務スタッフ／未経験OK／充実の研修で安心スタート!／完全週休2日制／高収入新着,前職は美容部員や携帯ショップ店員、,愛知県,"月給21万9,000円",正社員,飲食,求人ボックス,https://xn--pckua2a7gp15o89zb.com/jbn/9acf055dffb1b156f2a9a7c469d356a8,True,6時間前,2026-10-03 04:59:07,愛知県
バックオフィススタッフ／充実の研修で安心スタート!／若い者歓迎／福利厚生充実新着,<異業種からの転職者も活躍中!>アパレル販売、,愛知県,"月給21万5,500円",正社員,飲食,求人ボックス,https://xn--pckua2a7gp15o89zb.com/jbn/b966648205080a2a03aff4fb04ce18e7,True,8時間前,2026-10-03 04:59:07,愛知県
「事務スタッフ」／マニュアル完備／充実の研修で安心スタート!／残業月10時間以下／高収入新着,<前職はさまざま>,愛知県,月給20万円～50万円,正社員,飲食,求人ボックス,https://xn--pckua2a7gp15o89zb.com/jbn/e9888a4e16daa13e3f5416e5a8ac93d7,True,6時間前,2026-10-03 04:59:07,愛知県
「事務スタッフ」／50万円稼げる／充実の研修で安心スタート!／残業月10時間以下／高収入新着,<前職はさまざま>,愛知県,"月給21万9,000円",正社員,飲食,求人ボックス,https://xn--pckua2a7gp15o89zb.com/jbn/751e2edaaf1e2f54eaecbc54d43cc9ee,True,6時間前,2026-10-03 04:59:07,愛知県
「事務スタッフ」／財務・事務／充実の研修で安心スタート!／残業月10時間以下／高収入／未経験でも安心新着,<前職はさまざま>,愛知県,"月給21万9,000円",正社員,飲食,求人ボックス,https://xn--pckua2a7gp15o89zb.com/jbn/00d3517095673af8c09ae0e982b151ec,True,6時間前,2026-10-03 04:59:07,愛知県
「事務スタッフ」／残業月10時間以下／充実の研修で安心スタート!／50万円稼げる／高収入新着,<前職はさまざま>,愛知県,"月給21万5,000円",正社員,飲食,求人ボックス,https://xn--pckua2a7gp15o89zb.com/jbn/b00747503ff70e19ec226fab6c3e9874,True,6時間前,2026-10-03 04:59:07,愛知県
事務職／営業事務／20代女性活躍中／ワークライフバランス良好／駅近勤務／ネイル・ピアスOK新着,スタッフ,愛知県,"月給22万7,000円",正社員,飲食,求人ボックス,https://xn--pckua2a7gp15o89zb.com/jbn/7afa6f8e5022aaeadae7190de839341a,True,6時間前,2026-10-03 04:59:07,愛知県
「事務スタッフ」／充実の研修で安心スタート!／マニュアル完備／残業月10時間以下／高収入新着,スタッフ,愛知県,月給20万円～50万円,正社員,飲食,求人ボックス,https://xn--pckua2a7gp15o89zb.com/jbn/0ecfa29116eaf04f6fb0bc8cc22639e0,True,6時間前,2026-10-03 04:59:10,愛知県
事務アシスタント／充実の研修で安心スタート!／30代活躍中／福利厚生充実新着,<異業種からの転職者も活躍中!>アパレル販売、,愛知県,"月給21万5,500円",正社員,飲食,求人ボックス,https://xn--pckua2a7gp15o89zb.com/jbn/55d636f43e41da7239e176d5cf253b93,True,8時間前,2026-10-03 04:59:10,愛知県
事務スタッフ／充実の研修で安心スタート!／教育体制あり／福利厚生充実／土日祝休み新着,<異業種からの転職者も活躍中!>アパレル販売、,愛知県,月給22万500円,正社員,飲食,求人ボックス,https://xn--pckua2a7gp15o89zb.com/jbn/5e0260aff40b19264ca6945106db9dfa,True,8時間前,2026-10-03 04:59:10,愛知県
事務職／総務事務／未経験スタート歓迎／ネイル・ピアスOK／ワークライフバランス抜群／賞与・昇給あり新着,20代・30代の若手世代がイキイキと活躍する職場です!接客業、,愛知県,月給20万円～50万円,正社員,飲食,求人ボックス,https://xn--pckua2a7gp15o89zb.com/jbn/91711230e010a99edc7095b9383125da,True,6時間前,2026-10-03 04:59:10,愛知県
「受付・データ入力スタッフ「OA事務」丁寧な教育体制／教育体制あり／充実の研修で安心スタート新着,アパレル販売、,愛知県,"月給22万4,000円",正社員,飲食,求人ボックス,https://xn--pckua2a7gp15o89zb.com/jbn/bd9b0839be5f0cf173b9875034ab5749,True,6時間前,2026-10-03 04:59:10,愛知県
「事務スタッフ」／充実の研修で安心スタート!／教育体制あり／ブランクOK／残業少なめ／サポート業務新着,アパレル販売、,愛知県,"月給21万9,000円",正社員,飲食,求人ボックス,https://xn--pckua2a7gp15o89zb.com/jbn/295e1ccde1fa1e0f31c18f1f0bfbff1b,True,6時間前,2026-10-03 04:59:10,愛知県
「バックオフィススタッフ」／充実の研修で安心スタート!／未経験でも安心／若い者歓迎／残業少なめ新着,前職は美容部員や携帯ショップ店員、,愛知県,月給21万円～50万円,正社員,飲食,求人ボックス,https://xn--pckua2a7gp15o89zb.com/jbn/5b8ef449341ba65707abe949a0a8c5bc,True,6時間前,2026-10-03 04:59:10,愛知県
「デスクワーク」／充実の研修で安心スタート!／残業月10時間以下／マニュアル完備新着,<前職はさまざま>,愛知県,"月給22万6,000円",正社員,飲食,求人ボックス,https://xn--pckua2a7gp15o89zb.com/jbn/452f095b517b380fc4c727d8d511b77c,True,6時間前,2026-10-03 04:59:13,愛知県
事務アシスタント／充実の研修で安心スタート!／30代活躍中／教育体制あり新着,<異業種からの転職者も活躍中!>アパレル販売、,愛知県,"月給21万5,500円",正社員,飲食,求人ボックス,https://xn--pckua2a7gp15o89zb.com/jbn/506d71d97d6a39c7fc11f0ed4ccbe21b,True,8時間前,2026-10-03 04:59:13,愛知県
バックオフィススタッフ／充実の研修で安心スタート!／年間休日120日以上／完全週休2日制新着,<異業種からの転職者も活躍中!>アパレル販売、,愛知県,"月給21万5,500円",正社員,飲食,求人ボックス,https://xn--pckua2a7gp15o89zb.com/jbn/8afd2a442380c23e5fe0b9c166a2d2f1,True,8時間前,2026-10-03 04:59:13,愛知県
「オフィスワーク」／事務スタッフ／職種未経験歓迎／完全週休2日制／年間休日120日以上／高収入新着,アパレル販売、,愛知県,"月給22万7,000円",正社員,飲食,求人ボックス,https://xn--pckua2a7gp15o89zb.com/jbn/fb5b39c279088ffb80df199760b2e657,True,6時間前,2026-10-03 04:59:13,愛知県
オフィススタッフ／年間休日120日以上／充実の研修で安心スタート!／教育体制あり新着,<異業種からの転職者も活躍中!>アパレル販売、,愛知県,"月給22万7,000円",正社員,飲食,求人ボックス,https://xn--pckua2a7gp15o89zb.com/jbn/1182be0bcfc23e647301eca208d9ed74,True,8時間前,2026-10-03 04:59:13,愛知県
「事務スタッフ」／ブランクOK／充実の研修で安心スタート!／マニュアル完備／残業少なめ／サポート業務新着,前職は美容部員や携帯ショップ店員、,愛知県,"月給21万9,000円",正社員,飲食,求人ボックス,https://xn--pckua2a7gp15o89zb.com/jbn/dfb3862591ac043b170ed4b33b3a8cd2,True,6時間前,2026-10-03 04:59:13,愛知県
受付・データ入力スタッフ／丁寧な教育体制／未経験OK／充実の研修で安心スタート新着,<異業種からの転職者も活躍中!>アパレル販売、,愛知県,"月給22万7,000円",正社員,飲食,求人ボックス,https://xn--pckua2a7gp15o89zb.com/jbn/3baaa94eb30a63e9e22a2b6d3b4ba9c9,True,8時間前,2026-10-03 04:59:16,愛知県
受付・データ入力スタッフ／丁寧な教育体制／教育体制あり／充実の研修で安心スタート新着,<安定して続けられる理由は…> 土日祝休みで生活リズムが整う 残業ほぼなしで自分の時間を確保 人間関係が穏やかで働きやすい<異業種からの転職者も活躍中!>アパレル販売、,愛知県,"月給22万7,000円",正社員,飲食,求人ボックス,https://xn--pckua2a7gp15o89zb.com/jbn/82a0289f86951051079144b105ff05ea,True,8時間前,2026-10-03 04:59:16,愛知県
データ入力・事務／充実の研修で安心スタート!／土日祝休み／ブランクOK新着,実際に活躍しているメンバーの前職も、アパレル販売、,愛知県,"月給22万3,000円",正社員,飲食,求人ボックス,https://xn--pckua2a7gp15o89zb.com/jbn/61d4445f791966b1ed506e862e807ca6,True,6時間前,2026-10-03 04:59:16,愛知県
「事務スタッフ」／若い者歓迎／充実の研修で安心スタート!／マニュアル完備／残業少なめ／サポート業務新着,前職は美容部員や携帯ショップ店員、,愛知県,"月給22万6,000円",正社員,飲食,求人ボックス,https://xn--pckua2a7gp15o89zb.com/jbn/cb8d397695ed6cafdd56312d7290d054,True,6時間前,2026-10-03 04:59:16,愛知県
「デスクワーク」／事務スタッフ／充実の研修で安心スタート!／第二新卒歓迎／教育体制あり／高収入新着,前職は美容部員や携帯ショップ店員、,愛知県,"月給22万5,000円",正社員,飲食,求人ボックス,https://xn--pckua2a7gp15o89zb.com/jbn/9f61e1eebd7b5d8792a8a2c9733317bc,True,6時間前,2026-10-03 04:59:16,愛知県
「デスクワーク」／事務スタッフ／完全週休2日制／充実の研修で安心スタート!／未経験OK／高収入新着,前職は美容部員や携帯ショップ店員、,愛知県,"月給22万6,000円",正社員,飲食,求人ボックス,https://xn--pckua2a7gp15o89zb.com/jbn/33e7eb21df5674c8c48367adbe17b348,True,6時間前,2026-10-03 04:59:16,愛知県
「バックオフィススタッフ」／充実の研修で安心スタート!／未経験でも安心／年間休日120日以上新着,前職は美容部員や携帯ショップ店員、,愛知県,"月給22万5,000円",正社員,飲食,求人ボックス,https://xn--pckua2a7gp15o89zb.com/jbn/4ba70c88bc9a513a0628b20ed0d6c254,True,6時間前,2026-10-03 04:59:20,愛知県
受付・データ入力スタッフ／丁寧な教育体制／充実の研修で安心スタート!／若手中心新着,<異業種からの転職者も活躍中!>アパレル販売、,愛知県,"月給21万5,500円",正社員,飲食,求人ボックス,https://xn--pckua2a7gp15o89zb.com/jbn/f345a82c61702bd84eb8e985db334a08,True,8時間前,2026-10-03 04:59:20,愛知県
事務職／服装・髪型自由／ネイル・ピアスOK／年間休日124日以上／総務事務／残業ほぼなし新着,実際に活躍しているメンバーの前職も、アパレル販売、,愛知県,月給20万円～50万円,正社員,飲食,求人ボックス,https://xn--pckua2a7gp15o89zb.com/jbn/980c7397fde97d9313f85b39d244ac1e,True,6時間前,2026-10-03 04:59:20,愛知県
「事務アシスタント」／充実の研修で安心スタート!／20代活躍中／30代活躍中／高収入新着,アパレル販売、,愛知県,"月給22万6,000円",正社員,飲食,求人ボックス,https://xn--pckua2a7gp15o89zb.com/jbn/0a1166602c11f3ab1587e15a4154efc1,True,6時間前,2026-10-03 04:59:20,愛知県
受付・データ入力スタッフ／充実の研修で安心スタート!／完全週休2日制／教育体制あり新着,<異業種からの転職者も活躍中!>アパレル販売、,愛知県,"月給21万5,500円",正社員,飲食,求人ボックス,https://xn--pckua2a7gp15o89zb.com/jbn/3715ed2bbf7e8df1b59564f29ae0697d,True,8時間前,2026-10-03 04:59:20,愛知県
「バックオフィススタッフ」／充実の研修で安心スタート!／年間休日120日以上／完全週休2日制新着,前職は美容部員や携帯ショップ店員、,愛知県,"月給22万3,000円",正社員,飲食,求人ボックス,https://xn--pckua2a7gp15o89zb.com/jbn/de01ff43f457da079976806826fc087e,True,6時間前,2026-10-03 04:59:20,愛知県
「事務スタッフ」／教育体制あり／ブランクOK／充実の研修で安心スタート!／残業少なめ／サポート業務新着,前職は美容部員や携帯ショップ店員、,愛知県,月給20万円～50万円,正社員,飲食,求人ボックス,https://xn--pckua2a7gp15o89zb.com/jbn/fce3d44f0ca57868dcf259bb25c8d5cc,True,6時間前,2026-10-03 04:59:20,愛知県
介護職／ジョイフル岐阜駅／未経験可新着,社会福祉法人サン・ビジョン,岐阜県,月給24万円,契約社員,介護,求人ボックス,https://xn--pckua2a7gp15o89zb.com/jb/bd254d01c9800e683bd192ca6556850c,True,10時間前,2026-10-03 04:59:12,岐阜県
有料老人ホームの介護職・ヘルパー／24時間看護師常駐で夜勤も安心新着,jobフレンド,岐阜県,月給20万円～24万円,正社員,介護,求人ボックス,https://xn--pckua2a7gp15o89zb.com/jb/a8abf1af4c9aeae8a149d673c336f051,True,22時間前,2026-10-03 04:59:13,岐阜県
介護職員・地域限定職・社会保険完備の職場で介護職／ヘルパー新着,ナーシングホーム ケアリール大垣,岐阜県,"月給29万5,000円",契約社員,介護,求人ボックス,https://xn--pckua2a7gp15o89zb.com/jb/ec518467ebd1ff028f2424a5802e5f16,True,7時間前,2026-10-03 04:59:13,岐阜県
介護職員・地域連携職・社会保険完備の職場で介護職／ヘルパー新着,ナーシングホーム ケアリール中津川,岐阜県,"月給31万1,000円",契約社員,介護,求人ボックス,https://xn--pckua2a7gp15o89zb.com/jb/6615b2ecca992d6a9f9ca62a3691cc5b,True,7時間前,2026-10-03 04:59:13,岐阜県
介護職員・全国職・社会保険完備の職場で介護職／ヘルパー新着,オルトケアホーム西河渡,岐阜県,月給35万円～,契約社員,介護,求人ボックス,https://xn--pckua2a7gp15o89zb.com/jb/46270436b53ee20ddf99377629af70da,True,7時間前,2026-10-03 04:59:15,岐阜県
社会保険完備の職場で介護職／ヘルパー新着,グループホームあかり各務原苑,岐阜県,"月給21万9,200円",正社員,介護,求人ボックス,https://xn--pckua2a7gp15o89zb.com/jb/4aca17f7d4e2a83bdd1c1f55adf81032,True,7時間前,2026-10-03 04:59:15,岐阜県
介護福祉士・介護職／ヘルパー・歓迎新着,住宅型有料老人ホーム わがんあいご,岐阜県,"時給1,150円～",アルバイト・パート,介護,求人ボックス,https://xn--pckua2a7gp15o89zb.com/jb/38369a988296aa9669361e2afb287a48,True,7時間前,2026-10-03 04:59:15,岐阜県
介護職員・社会保険完備の職場で介護職／ヘルパー新着,レガロ岐南,岐阜県,"時給1,121円～1,500円",アルバイト・パート,介護,求人ボックス,https://xn--pckua2a7gp15o89zb.com/jb/32f397f80055b1c7a66645066af41351,True,7時間前,2026-10-03 04:59:15,岐阜県
ベネッセGの介護職 研修充実新着,株式会社ベネッセスタイルケア,岐阜県,"時給1,380円～",アルバイト・パート,介護,求人ボックス,https://xn--pckua2a7gp15o89zb.com/jb/df44eb6842a667be4d65ec712823cf17,True,10時間前,2026-10-03 04:59:18,岐阜県
少しの興味でもOK 有料老人ホーム 残業少なめ／しっかり稼げる／マイカー通勤OK 介護職・ヘルパー新着,株式会社ベネッセキャリオス,岐阜県,"時給1,450円～1,700円",派遣社員,介護,求人ボックス,https://xn--pckua2a7gp15o89zb.com/jb/5a95bab444d57cda6a39edf45182f214,True,22時間前,2026-10-03 04:59:18,岐阜県
介護職／有料老人ホーム新着,医療法人社団福寿会 コスモス苑,岐阜県,"日給1万1,968円",アルバイト・パート,介護,求人ボックス,https://xn--pckua2a7gp15o89zb.com/jb/9b0e785b18e3d93b7d7a284ac39e4881,True,22時間前,2026-10-03 04:59:18,岐阜県
ブレーキペダルを手に取ってサッと確認!／ブレーキペダルの検査スタッフ／研修あり／未経験OK／GH77新着,三陽工業株式会社,岐阜県,"月給19万5,000円",正社員,介護,求人ボックス,https://xn--pckua2a7gp15o89zb.com/jbn/aabc5ace5266e1dabcf1075d18e4b600,True,14時間前,2026-10-03 04:59:22,岐阜県
定時ピッタリOK・日勤中心 デイサービスでの介護／無資格OK新着,株式会社ウィルオブ・ワーク,岐阜県,"時給1,500円",正社員,介護,求人ボックス,https://xn--pckua2a7gp15o89zb.com/jb/cb98c67ac3523cc4cedf924b7aad6627,True,19時間前,2026-10-03 04:59:22,岐阜県
介護福祉士／シフト自由／バイク通勤OK／資格取得支援／大量募集／長期活躍新着,ホームケア土屋 岐阜,岐阜県,"時給1,780円～1,850円",アルバイト・パート,介護,求人ボックス,https://xn--pckua2a7gp15o89zb.com/jbn/78b5ff0f997a148d1a9de25ebaf2f4f7,True,23時間前,2026-10-03 04:59:22,岐阜県
事務員・介護事務新着,ナーシングホーム ケアリール土岐,岐阜県,"月給22万5,000円",契約社員,介護,求人ボックス,https://xn--pckua2a7gp15o89zb.com/jb/ad9b1ea5d5f92b90d2f59501b2a4c79b,True,7時間前,2026-10-03 04:59:22,岐阜県
無資格&未経験OK ネオキャリアの介護ワーク!週2日～時間選べる 家事との両立も 履歴書不要新着,株式会社ネオキャリア ナイス,岐阜県,"時給1,400円～1,650円",派遣社員,介護,求人ボックス,https://xn--pckua2a7gp15o89zb.com/jb/2467972d89faf5327db6a60f46e40e8d,True,14時間前,2026-10-03 04:59:25,岐阜県
介護職員・ヘルパー／介護付き有料老人ホーム新着,あさひ加納,岐阜県,"時給1,150円～",アルバイト・パート,介護,求人ボックス,https://xn--pckua2a7gp15o89zb.com/jb/ef9497e8cd908dd175a8321e8c823e35,True,7時間前,2026-10-03 04:59:25,岐阜県
倉庫内でレトルト食品の仕分け作業新着,株式会社ジャパン・リリーフ,岐阜県,"時給1,250円～",派遣社員,介護,求人ボックス,https://xn--pckua2a7gp15o89zb.com/jbn/d530890741bc296f9a3c14f0803613c4,True,18時間前,2026-10-03 04:59:25,岐阜県
年収600万円以上可 未経験から始めるクロネコヤマトのセールスドライバー新着,ヤマト運輸株式会社,岐阜県,"月給20万6,070円",正社員,介護,求人ボックス,https://xn--pckua2a7gp15o89zb.com/jb/46d13dded138ed9a6a773244c9d73408,True,4時間前,2026-10-03 04:59:28,岐阜県
調剤薬局勤務の薬剤師新着,たんぽぽ薬局中部国際医療センター店,岐阜県,"月給28万3,000円",正社員,介護,求人ボックス,https://xn--pckua2a7gp15o89zb.com/jb/535ef434d600da8632f9d6340dce58d5,True,7時間前,2026-10-03 04:59:28,岐阜県
無資格可の調理師／調理スタッフ新着,はな保育室たじみ駅前,岐阜県,"時給1,250円～1,300円",アルバイト・パート,介護,求人ボックス,https://xn--pckua2a7gp15o89zb.com/jb/1beea2169dd496e06d443d00b5a8d629,True,7時間前,2026-10-03 04:59:28,岐阜県
CADオペ／オフィス系／工場・製造系 CAMって何 からOK PCで機械の動きを決める仕事新着,ジョブシティ,岐阜県,"時給1,300円～1,625円",派遣社員,介護,求人ボックス,https://xn--pckua2a7gp15o89zb.com/jb/03871dcb2cef386d93d67946fc1790f5,True,17時間前,2026-10-03 04:59:32,岐阜県
通所介護・デイサービス勤務の生活相談員新着,ヒラックス可児,岐阜県,"月給27万9,000円",正社員,介護,求人ボックス,https://xn--pckua2a7gp15o89zb.com/jb/1283b8a4e17e00c016877cd31eb6700d,True,7時間前,2026-10-03 04:59:32,岐阜県
調剤薬局勤務の薬剤師新着,たんぽぽ薬局郡上店,岐阜県,"月給28万3,000円",正社員,介護,求人ボックス,https://xn--pckua2a7gp15o89zb.com/jb/821884e475473a238ccd1784715a42db,True,7時間前,2026-10-03 04:59:32,岐阜県
調剤薬局勤務の薬剤師新着,グリーン薬局久美愛病院前店,岐阜県,"月給28万3,000円",正社員,介護,求人ボックス,https://xn--pckua2a7gp15o89zb.com/jb/5bf22321983ba3a93193f8f1250960e8,True,7時間前,2026-10-03 04:59:32,岐阜県
新卒・ドラッグストアの総合職・店舗運営新着,株式会社クスリのアオキ クスリのアオキ島栄店,岐阜県,月給20万円～28万円,正社員,介護,求人ボックス,https://xn--pckua2a7gp15o89zb.com/jb/8865cce2ad19ca86bd6edef3af41c57b,True,21時間前,2026-10-03 04:59:35,岐阜県
新卒・ドラッグストアの総合職・店舗運営新着,株式会社クスリのアオキ クスリのアオキ土岐肥田店,岐阜県,月給20万円～28万円,正社員,介護,求人ボックス,https://xn--pckua2a7gp15o89zb.com/jb/02f46cbb988dd44711b9b2dae6224a6c,True,21時間前,2026-10-03 04:59:35,岐阜県
新卒・ドラッグストアの総合職・店舗運営新着,株式会社クスリのアオキ クスリのアオキ川島店,岐阜県,月給20万円～28万円,正社員,介護,求人ボックス,https://xn--pckua2a7gp15o89zb.com/jb/40f1006b6b3ea3f137431b28725c482c,True,21時間前,2026-10-03 04:59:35,岐阜県
新卒・ドラッグストアの総合職・店舗運営新着,株式会社クスリのアオキ クスリのアオキ鵜沼東店,岐阜県,月給20万円～28万円,正社員,介護,求人ボックス,https://xn--pckua2a7gp15o89zb.com/jb/fb13957d8d19100a7c784f0df59e7430,True,21時間前,2026-10-03 04:59:35,岐阜県
ドラッグストアの医薬品登録販売者新着,ウエルシア薬局株式会社 ウエルシア岐阜鷺山店,岐阜県,"月給22万9,000円",正社員,介護,求人ボックス,https://xn--pckua2a7gp15o89zb.com/jb/e6918088b3e06889301f2c4c953997cf,True,21時間前,2026-10-03 04:59:38,岐阜県
ドラッグストアの店舗運営・医薬品登録販売者新着,株式会社クスリのアオキ クスリのアオキ小瀬店,岐阜県,"月給20万6,000円",正社員,介護,求人ボックス,https://xn--pckua2a7gp15o89zb.com/jb/d96a54b25d5230224f91e0521f2a7146,True,22時間前,2026-10-03 04:59:38,岐阜県
ドラッグストアの店舗運営・医薬品登録販売者新着,株式会社クスリのアオキ クスリのアオキ中野店,岐阜県,"月給20万6,000円",正社員,介護,求人ボックス,https://xn--pckua2a7gp15o89zb.com/jb/78c9b3fd34e1656ec60b66ec31c4f854,True,22時間前,2026-10-03 04:59:38,岐阜県
ドラッグストアの店舗運営・医薬品登録販売者新着,株式会社クスリのアオキ クスリのアオキ上尻毛店,岐阜県,"月給20万6,000円",正社員,介護,求人ボックス,https://xn--pckua2a7gp15o89zb.com/jb/687e224785b6514ba753184d5fc858c6,True,22時間前,2026-10-03 04:59:38,岐阜県
新卒・ドラッグストアの総合職・店舗運営新着,株式会社クスリのアオキ クスリのアオキ北島店,岐阜県,月給20万円～28万円,正社員,介護,求人ボックス,https://xn--pckua2a7gp15o89zb.com/jb/7b7f7eb038f78e98d1184f5c7b16c729,True,21時間前,2026-10-03 04:59:38,岐阜県
PC・データ入力／事務／医療事務・受付 医療事務デビュー応援新着,ジョブシティ,岐阜県,"時給1,250円～1,563円",派遣社員,医療事務,求人ボックス,https://xn--pckua2a7gp15o89zb.com/jb/362db6e4fe49d7b2d712b52a8e80fa68,True,17時間前,2026-10-03 04:59:23,岐阜県
眼科クリニックの受付・医療事務新着,にしむら眼科,岐阜県,"月給20万5,000円",正社員,医療事務,求人ボックス,https://xn--pckua2a7gp15o89zb.com/jb/9c0ffdc81f1c2a7fc13c7b2ed73f0927,True,11時間前,2026-10-03 04:59:23,岐阜県
医療事務／クリニック新着,医療法人啓幸会 上久保内科クリニック,岐阜県,月給20万円～28万円,正社員,医療事務,求人ボックス,https://xn--pckua2a7gp15o89zb.com/jb/2ad4c95c52eee3abd95c895adc3c42a4,True,10時間前,2026-10-03 04:59:23,岐阜県
医療事務／療養型病院新着,医療法人社団正和会 馬渕病院,岐阜県,月給20万円～28万円,正社員,医療事務,求人ボックス,https://xn--pckua2a7gp15o89zb.com/jb/eb96a37d6615b1252de2f27a5e5d6a91,True,10時間前,2026-10-03 04:59:23,岐阜県
医療事務／一般病院新着,社会医療法人清光会 岐阜清流病院,岐阜県,"月給15万2,000円",正社員,医療事務,求人ボックス,https://xn--pckua2a7gp15o89zb.com/jb/ae767f4bb581868c5e573fb890f26d7b,True,10時間前,2026-10-03 04:59:23,岐阜県
医師の頼れるサポーター募集 未経験OKの病院ワーク 医療事務のお仕事新着,株式会社ベル,岐阜県,"時給1,310円～",派遣社員,医療事務,求人ボックス,https://xn--pckua2a7gp15o89zb.com/jb/5aae5854b3b3565452a3a2189574bada,True,12時間前,2026-10-03 04:59:23,岐阜県
調剤薬局の調剤事務新着,株式会社ライフアート クルーズ薬局岐南店,岐阜県,"月給18万6,100円",正社員,医療事務,求人ボックス,https://xn--pckua2a7gp15o89zb.com/jb/e1379e965f70bcb5a48e24772b59f120,True,21時間前,2026-10-03 04:59:23,岐阜県
週3日〜OK／有料老人ホームの受付・事務／医心館関中央新着,株式会社アンビス,岐阜県,"時給1,230円～",アルバイト・パート,医療事務,求人ボックス,https://xn--pckua2a7gp15o89zb.com/jb/c02b088da381bc69cbd19c261016ca3d,True,13時間前,2026-10-03 04:59:23,岐阜県
処方せん入力・調剤薬局事務スタッフ新着,総合メディカル株式会社 ハロー薬局 福光店,岐阜県,"月給20万5,000円",正社員,医療事務,求人ボックス,https://xn--pckua2a7gp15o89zb.com/jb/216c7a94c50dbc0f2b0ed289130d1f37,True,15時間前,2026-10-03 04:59:23,岐阜県
サービス付き高齢者向け住宅で事務員／正社員の事務員 4週8休制で年間休日115日／残業月平均6時間新着,株式会社ナイスマン,岐阜県,"月給22万5,000円",正社員,医療事務,求人ボックス,https://xn--pckua2a7gp15o89zb.com/jb/cf5350869b453d745b621edde799d9e9,True,9時間前,2026-10-03 04:59:23,岐阜県
ドラッグストアの調剤事務新着,ウエルシア岐阜鷺山店,岐阜県,"時給1,165円",アルバイト・パート,医療事務,求人ボックス,https://xn--pckua2a7gp15o89zb.com/jb/85c658969f7852b14dd7abf54cc2c216,True,20時間前,2026-10-03 04:59:23,岐阜県
ドラックストアで調剤事務／ウエルシアで調剤事務 週4～パソコンが得意なら無資格&未経験OK新着,ウエルシア薬局株式会社,岐阜県,"時給1,165円～",アルバイト・パート,医療事務,求人ボックス,https://xn--pckua2a7gp15o89zb.com/jb/eb4c31f4a9cf338d07dbc3ac0a95c5e1,True,7時間前,2026-10-03 04:59:23,岐阜県
ドラッグストアの調剤事務新着,ウエルシア岐阜加納本石町店,岐阜県,"時給1,165円",アルバイト・パート,医療事務,求人ボックス,https://xn--pckua2a7gp15o89zb.com/jb/c88141af3b7035d4d56d56e171d8455a,True,20時間前,2026-10-03 04:59:26,岐阜県
アパレルブランドのショップスタッフ!600店舗以上から自分にピッタリのブランドを探せる新着,株式会社ウィルオブ・ワーク,岐阜県,月給23万円～25万円,正社員,医療事務,求人ボックス,https://xn--pckua2a7gp15o89zb.com/jb/7e36309576c8d982b274fdd82364e330,True,17時間前,2026-10-03 04:59:26,岐阜県
薬局の事務スタッフ／未経験歓迎／基本定時退社／年休123日新着,株式会社なの花中部,岐阜県,"月給19万1,000円",正社員,医療事務,求人ボックス,https://xn--pckua2a7gp15o89zb.com/jb/7eb05f93e35c85f70e41c34eeaa8ef84,True,7時間前,2026-10-03 04:59:26,岐阜県
カラフルタウン岐阜のインフォメーションスタッフ新着,トヨタエンタプライズ 003,岐阜県,"時給1,400円",アルバイト・パート,医療事務,求人ボックス,https://xn--pckua2a7gp15o89zb.com/jb/b47fbcdac90eef7071b32db74fc297a5,True,11時間前,2026-10-03 04:59:26,岐阜県
「黙々と集中できる軽作業」／マンガの検品・梱包作業／シンプル作業／人柄重視／家具家電付き寮あり新着,株式会社SNJAPAN,岐阜県,月給28万円～31万円,正社員,医療事務,求人ボックス,https://xn--pckua2a7gp15o89zb.com/jbn/a8d2900c89122511bb736b9eac47559d,True,15時間前,2026-10-03 04:59:26,岐阜県
「年間休日125日以上でしっかり休める」／ペンライトストラップの仕分け作業／会話少なめ／学歴不問新着,株式会社Tetote,岐阜県,"月給28万5,000円",正社員,医療事務,求人ボックス,https://xn--pckua2a7gp15o89zb.com/jbn/95eaa28e5deed406c5ff3730f0d83263,True,15時間前,2026-10-03 04:59:26,岐阜県
スマホ周辺アイテムの工場ワーク!／スマホ保護フィルムの加工補助スタッフ／土日休みあり／寮完備新着,社会インフラや,岐阜県,"月給31万6,000円",正社員,医療事務,求人ボックス,https://xn--pckua2a7gp15o89zb.com/jbn/dce26b1e7761929da4b8b6d9a3f69be4,True,11時間前,2026-10-03 04:59:30,岐阜県
調剤事務・未経験歓迎! 調剤事務、調剤補助のお仕事新着,きらら調剤薬局,岐阜県,"月給18万2,500円",正社員,医療事務,求人ボックス,https://xn--pckua2a7gp15o89zb.com/jb/4457605400f160b7d51276587bc45719,True,7時間前,2026-10-03 04:59:30,岐阜県
エミナルクリニックの受付／未経験OK!月25万円 美容施術最大90%オフ新着,株式会社ディンプル,岐阜県,月給25万円,正社員,医療事務,求人ボックス,https://xn--pckua2a7gp15o89zb.com/jb/c9684f912770fa8141ca9f760b12ba0f,True,10時間前,2026-10-03 04:59:33,岐阜県
新卒・ドラッグストアの総合職・店舗運営新着,株式会社クスリのアオキ クスリのアオキ大井店,岐阜県,月給20万円～28万円,正社員,医療事務,求人ボックス,https://xn--pckua2a7gp15o89zb.com/jb/a2cbbd9539c1ae8cf2c5a4be56984e26,True,21時間前,2026-10-03 04:59:36,岐阜県
新卒・ドラッグストアの総合職・店舗運営新着,株式会社クスリのアオキ クスリのアオキ蘇原申子店,岐阜県,月給20万円～28万円,正社員,医療事務,求人ボックス,https://xn--pckua2a7gp15o89zb.com/jb/b7d87718f7a3ce66bf60121ccab462f6,True,21時間前,2026-10-03 04:59:36,岐阜県
新卒・ドラッグストアの総合職・店舗運営新着,株式会社クスリのアオキ クスリのアオキ芋島店,岐阜県,月給20万円～28万円,正社員,医療事務,求人ボックス,https://xn--pckua2a7gp15o89zb.com/jb/196a9f5268039cde3356965fc13c58db,True,21時間前,2026-10-03 04:59:36,岐阜県
軽い部品中心で始めやすい!／電動シェーバー部品の加工補助スタッフ／寮費無料／福利厚生充実新着,医療,岐阜県,"月給44万5,000円",正社員,医療事務,求人ボックス,https://xn--pckua2a7gp15o89zb.com/jbn/f0482e850747483a942696cca6f19085,True,11時間前,2026-10-03 04:59:36,岐阜県
新生活にもなじみやすい製造職!／ケーブル収納ボックスの検品梱包スタッフ／交通費支給／学歴不問新着,社会インフラや,岐阜県,"月給41万2,000円",正社員,医療事務,求人ボックス,https://xn--pckua2a7gp15o89zb.com/jbn/c9f795883543b7e7279c7a7b5892a537,True,11時間前,2026-10-03 04:59:36,岐阜県
自分らしく働ける環境／医療系データ事務／オフィスワーク新着,医療,岐阜県,"月給28万5,000円",正社員,医療事務,求人ボックス,https://xn--pckua2a7gp15o89zb.com/jbn/94f48f8a22609526765fb7dcdf0c75c0,True,6時間前,2026-10-03 04:59:36,岐阜県
新卒・ドラッグストアの総合職・店舗運営新着,株式会社クスリのアオキ クスリのアオキ野一色店,岐阜県,月給20万円～28万円,正社員,医療事務,求人ボックス,https://xn--pckua2a7gp15o89zb.com/jb/c04807941530257566b82d832ca69ac5,True,21時間前,2026-10-03 04:59:36,岐阜県
新卒・ドラッグストアの総合職・店舗運営新着,株式会社クスリのアオキ クスリのアオキ宝町店,岐阜県,月給20万円～28万円,正社員,医療事務,求人ボックス,https://xn--pckua2a7gp15o89zb.com/jb/23a39238e69ffcb3c7c318f3a7d7d0fe,True,21時間前,2026-10-03 04:59:39,岐阜県
新卒・ドラッグストアの総合職・店舗運営新着,株式会社クスリのアオキ クスリのアオキ本今店,岐阜県,月給20万円～28万円,正社員,医療事務,求人ボックス,https://xn--pckua2a7gp15o89zb.com/jb/cd6a971c720df7b20437979e5f2bdbb6,True,21時間前,2026-10-03 04:59:39,岐阜県
新卒・ドラッグストアの総合職・店舗運営新着,株式会社クスリのアオキ クスリのアオキ那加野畑店,岐阜県,月給20万円～28万円,正社員,医療事務,求人ボックス,https://xn--pckua2a7gp15o89zb.com/jb/6e460d60b9d5eb2ea756d40317fe4ee8,True,21時間前,2026-10-03 04:59:39,岐阜県
新卒・ドラッグストアの総合職・店舗運営新着,株式会社クスリのアオキ クスリのアオキ鋳物師屋店,岐阜県,月給20万円～28万円,正社員,医療事務,求人ボックス,https://xn--pckua2a7gp15o89zb.com/jb/95d1a3b9024ea2466081087d17cefd80,True,21時間前,2026-10-03 04:59:39,岐阜県
新卒・ドラッグストアの総合職・店舗運営新着,株式会社クスリのアオキ クスリのアオキ大垣丸の内店,岐阜県,月給20万円～28万円,正社員,医療事務,求人ボックス,https://xn--pckua2a7gp15o89zb.com/jb/814c9d00b6c73c8cbebf6d059cdb9593,True,21時間前,2026-10-03 04:59:39,岐阜県
新卒・ドラッグストアの総合職・店舗運営新着,株式会社クスリのアオキ クスリのアオキ上尻毛店,岐阜県,月給20万円～28万円,正社員,医療事務,求人ボックス,https://xn--pckua2a7gp15o89zb.com/jb/9154edd36b7d747b5b8e6c31979a7986,True,21時間前,2026-10-03 04:59:39,岐阜県
新卒・ドラッグストアの総合職・店舗運営新着,株式会社クスリのアオキ クスリのアオキ広見店,岐阜県,月給20万円～28万円,正社員,医療事務,求人ボックス,https://xn--pckua2a7gp15o89zb.com/jb/68d142852e5fe461881db3cf22b2b4cf,True,21時間前,2026-10-03 04:59:39,岐阜県
新卒・ドラッグストアの総合職・店舗運営新着,株式会社クスリのアオキ クスリのアオキ茜部店,岐阜県,月給20万円～28万円,正社員,医療事務,求人ボックス,https://xn--pckua2a7gp15o89zb.com/jb/af334824e763324568d87bf1c6bbf01b,True,21時間前,2026-10-03 04:59:43,岐阜県
新卒・ドラッグストアの総合職・店舗運営新着,株式会社クスリのアオキ クスリのアオキ下恵土店,岐阜県,月給20万円～28万円,正社員,医療事務,求人ボックス,https://xn--pckua2a7gp15o89zb.com/jb/cec0b23ca82ed7ffdd06d3c756d8398f,True,21時間前,2026-10-03 04:59:43,岐阜県
手に職をつけたい方へ!／医療用検査キット部材のチェック作業スタッフ／学歴不問／寮費無料／小型部品中心新着,医療,岐阜県,"月給39万7,000円",正社員,医療事務,求人ボックス,https://xn--pckua2a7gp15o89zb.com/jbn/98d3bea199374d38266b1a4a410a97d7,True,12時間前,2026-10-03 04:59:43,岐阜県
新卒・ドラッグストアの総合職・店舗運営新着,株式会社クスリのアオキ クスリのアオキ北方中央店,岐阜県,月給20万円～28万円,正社員,医療事務,求人ボックス,https://xn--pckua2a7gp15o89zb.com/jb/d51697fd6a8c977133d7d19c0e61a7dd,True,21時間前,2026-10-03 04:59:43,岐阜県
新卒・ドラッグストアの総合職・店舗運営新着,株式会社クスリのアオキ クスリのアオキ神戸店,岐阜県,月給20万円～28万円,正社員,医療事務,求人ボックス,https://xn--pckua2a7gp15o89zb.com/jb/ba24f6b98ad66c7ab138b1dcae590b18,True,21時間前,2026-10-03 04:59:43,岐阜県
新卒・ドラッグストアの総合職・店舗運営新着,株式会社クスリのアオキ クスリのアオキ鷺山店,岐阜県,月給20万円～28万円,正社員,医療事務,求人ボックス,https://xn--pckua2a7gp15o89zb.com/jb/a7bf5c12e345d75cc671d028d17938e3,True,21時間前,2026-10-03 04:59:43,岐阜県
新卒・ドラッグストアの総合職・店舗運営新着,株式会社クスリのアオキ クスリのアオキ岐阜県庁前店,岐阜県庁前店,月給20万円～28万円,正社員,医療事務,求人ボックス,https://xn--pckua2a7gp15o89zb.com/jb/799e120874711947cd173c3e64a916c0,True,21時間前,2026-10-03 04:59:43,岐阜県
新卒・ドラッグストアの総合職・店舗運営新着,株式会社クスリのアオキ クスリのアオキ岩田店,岐阜県,月給20万円～28万円,正社員,医療事務,求人ボックス,https://xn--pckua2a7gp15o89zb.com/jb/96bc0e8b2cae6f650868c6a1f98da367,True,21時間前,2026-10-03 04:59:45,岐阜県
おうちの買取・リフォーム企画・販売／お引き渡しまでの企画営業職新着,株式会社カチタス 多治見店,岐阜県,年収350万円～550万円,正社員,医療事務,求人ボックス,https://xn--pckua2a7gp15o89zb.com/jb/8e1d0c30a414d1de4a8c2bc785954038,True,21時間前,2026-10-03 04:59:45,岐阜県
おうちの買取・リフォーム企画・販売／お引き渡しまでの企画営業職新着,株式会社カチタス 岐阜店,岐阜県,年収350万円～550万円,正社員,医療事務,求人ボックス,https://xn--pckua2a7gp15o89zb.com/jb/6b0620a4ab0de7dec4e2c62d8b207c34,True,21時間前,2026-10-03 04:59:45,岐阜県
ナースエイド／無資格OK!想定年収318万7100円～413万1740円可／有給休暇取得率80%以上新着,タジミ第一病院,岐阜県,"月給21万2,425円",正社員,医療事務,求人ボックス,https://xn--pckua2a7gp15o89zb.com/jb/4dc3b35f99cf1a7f50534cda3a58a720,True,18時間前,2026-10-03 04:59:45,岐阜県
新卒・ドラッグストアの総合職・店舗運営新着,株式会社クスリのアオキ クスリのアオキ福寿店,岐阜県,月給20万円～28万円,正社員,医療事務,求人ボックス,https://xn--pckua2a7gp15o89zb.com/jb/e38a34e460fae092f065af3c1e33917d,True,21時間前,2026-10-03 04:59:45,岐阜県
美容師／美容院・美容室・ヘアサロン新着,株式会社デューアソシエ,岐阜県,"時給1,121円～",アルバイト・パート,美容,求人ボックス,https://xn--pckua2a7gp15o89zb.com/jb/03c9e04c0b678322e8c88599622d0bc8,True,17時間前,2026-10-03 04:59:42,岐阜県
一般事務・未経験OK「ネイルOK・服装自由」土日休み・残業なし・20代活躍中新着,...前向きな気持ちで事務職に挑戦したい・仕事/プライベートのメリハリをつけたい・スキルを身につけて長期的に活躍したいー こんな前職の方が入社中ー接客業/販売業/飲食店/保育士/看護師ネイリスト/トリ,岐阜県,"月給21万5,000円",正社員,美容,求人ボックス,https://xn--pckua2a7gp15o89zb.com/jbn/c322af28eb9363561c3ce4db1bdecc22,True,22時間前,2026-10-03 04:59:42,岐阜県
データ入力・未経験OK「ネイルOK／服装自由」土日休み／残業なし「20代活躍中」新着,...前向きな気持ちで事務職に挑戦したい・仕事/プライベートのメリハリをつけたい・スキルを身につけて長期的に活躍したいー こんな前職の方が入社中ー接客業/販売業/飲食店/保育士/看護師ネイリスト/トリ,岐阜県,"月給21万5,000円",正社員,美容,求人ボックス,https://xn--pckua2a7gp15o89zb.com/jbn/3021ee04babe240f338792eab73acff0,True,23時間前,2026-10-03 04:59:42,岐阜県
受付事務 完全週休2日制・服装自由 20代活躍中・未経験歓迎／WEB選考新着,...前向きな気持ちで事務職デビューしたい方・仕事/プライベートのメリハリをつけたい方・スキル/資格を身につけ長期で活躍したい方ー こんな前職の方が入社中ー接客業/販売業/飲食/看護師/保育士/調理師,岐阜県,"月給21万5,000円",正社員,美容,求人ボックス,https://xn--pckua2a7gp15o89zb.com/jbn/66347d735acf4bf1cacaa0bcfc38de20,True,22時間前,2026-10-03 04:59:42,岐阜県
アイリスト募集・駅近5分以内新着,LC 岐阜駅前店,岐阜県,月給25万円～45万円,正社員,美容,求人ボックス,https://xn--pckua2a7gp15o89zb.com/jb/f962ca67c92a39e3f88e523df3abe635,True,7時間前,2026-10-03 04:59:42,岐阜県
岐阜市エリアでのお仕事探しなら! クリニック受付／未経験OK・賞与2回・美容施術割引有新着,株式会社ディンプル,岐阜県,月給21万円～25万円,正社員,美容,求人ボックス,https://xn--pckua2a7gp15o89zb.com/jb/0ceebc06ea175fb58bc043ccfedd661b,True,10時間前,2026-10-03 04:59:42,岐阜県
「まだ間に合う!」未経験採用枠／カプセルトイ製造スタッフ／プライベート充実新着,株式会社ライトキャリア,岐阜県,月給28万円～50万円,正社員,美容,求人ボックス,https://xn--pckua2a7gp15o89zb.com/jb/948916536a170c4440f77c9e8f08afaf,True,19時間前,2026-10-03 04:59:42,岐阜県
「まだ間に合う!」未経験採用枠／カプセルトイ製造スタッフ／年間休日125日以上新着,NKY株式会社,岐阜県,月給28万円～50万円,正社員,美容,求人ボックス,https://xn--pckua2a7gp15o89zb.com/jb/f0d76747a2b7d45f00ad04be3a6bbdff,True,19時間前,2026-10-03 04:59:42,岐阜県
アイデザイナー／施術者新着,株式会社REJU,岐阜県,"月給27万7,900円",正社員,美容,求人ボックス,https://xn--pckua2a7gp15o89zb.com/jb/35817a944fc4410302ea4ff99c54d2e9,True,16時間前,2026-10-03 04:59:43,岐阜県
アドバイザー 営業108名中32名が年収1000万以上!実績公開中新着,株式会社TCG,岐阜県,月給30万円,正社員,美容,求人ボックス,https://xn--pckua2a7gp15o89zb.com/jb/bf54bdbed279ae3db0485ca07c6137db,True,3時間前,2026-10-03 04:59:43,岐阜県
20.30代活躍中 おじいちゃんおばあちゃんの見守りスタッフ新着,株式会社ウィルオブ・ワーク,岐阜県,"時給1,500円",派遣社員,美容,求人ボックス,https://xn--pckua2a7gp15o89zb.com/jb/391661fba1433d4a9003939f2fae24b4,True,19時間前,2026-10-03 04:59:43,岐阜県
美容師アシスタント新着,ヴァンカウンシル,岐阜県,"時給1,300円～",アルバイト・パート,美容,求人ボックス,https://xn--pckua2a7gp15o89zb.com/jb/0daaaceb65314e8568382d623e73d22a,True,23時間前,2026-10-03 04:59:43,岐阜県
美容師スタイリスト新着,プレヴィア,岐阜県,"時給1,300円",アルバイト・パート,美容,求人ボックス,https://xn--pckua2a7gp15o89zb.com/jb/ba4363736997dfe7250e01b68465e637,True,23時間前,2026-10-03 04:59:43,岐阜県
美容師アシスタント新着,ビヨンドリンク,岐阜県,"時給1,121円～",アルバイト・パート,美容,求人ボックス,https://xn--pckua2a7gp15o89zb.com/jb/17d86ce362f2ff671dcceb068df9460c,True,23時間前,2026-10-03 04:59:43,岐阜県
データ入力事務・未経験OK「ネイルOK」土日祝休み・残業なし「20代活躍中」新着,...前向きな気持ちで事務職に挑戦したい・仕事/プライベートのメリハリをつけたい・スキルを身につけて長期的に活躍したいー こんな前職の方が入社中ー接客業/販売業/飲食店/保育士/看護師ネイリスト/トリ,岐阜県,"月給21万4,500円",正社員,美容,求人ボックス,https://xn--pckua2a7gp15o89zb.com/jbn/8fb5dd485707bcd635d648ceedcc8f82,True,23時間前,2026-10-03 04:59:43,岐阜県
データ入力事務／未経験OK「ネイルOK」土日祝休み／残業なし「20代女性活躍中」新着,美容師,岐阜県,"月給21万3,500円",正社員,美容,求人ボックス,https://xn--pckua2a7gp15o89zb.com/jbn/5b472109e0d4c734cbfbff5988a6fca8,True,23時間前,2026-10-03 04:59:45,岐阜県
データ入力／20代活躍中・未経験OK／残業なし／賞与あり／オンライン面接新着,...前向きな気持ちで事務職デビューしたい方・仕事/プライベートのメリハリをつけたい方・スキル/資格を身につけ長期で活躍したい方ー こんな前職の方が入社中ー接客業/販売業/飲食/看護師/保育士/調理師,岐阜県,"月給21万6,500円",正社員,美容,求人ボックス,https://xn--pckua2a7gp15o89zb.com/jbn/83a3eff350c9fa9c81d0fc3f7482cedf,True,23時間前,2026-10-03 04:59:45,岐阜県
受付事務「完全週休2日制・残業なし・正社員」20代活躍中・未経験OK／履歴書不要新着,...前向きな気持ちで事務職デビューしたい方・仕事/プライベートのメリハリをつけたい方・スキル/資格を身につけ長期で活躍したい方ー こんな前職の方が入社中ー接客業/販売業/飲食/看護師/保育士/調理師,岐阜県,"月給21万3,500円",正社員,美容,求人ボックス,https://xn--pckua2a7gp15o89zb.com/jbn/5bfb128d890cb249d2346381eedbe574,True,22時間前,2026-10-03 04:59:45,岐阜県
受付事務 土日祝休み・残業なし 未経験OK・20代活躍中／オンライン面接新着,...前向きな気持ちで事務職デビューしたい方・仕事/プライベートのメリハリをつけたい方・スキル/資格を身につけ長期で活躍したい方ー こんな前職の方が入社中ー接客業/販売業/飲食/看護師/保育士/調理師,岐阜県,"月給21万6,500円",正社員,美容,求人ボックス,https://xn--pckua2a7gp15o89zb.com/jbn/82501026618522b9d8c400e335cb3e87,True,21時間前,2026-10-03 04:59:45,岐阜県
土地のお悩みをもつオーナー様へ土地活用の提案営業新着,大東建託株式会社,岐阜県,"月給25万5,000円",正社員,建設,求人ボックス,https://xn--pckua2a7gp15o89zb.com/jb/961e1f8cda7f028d641f41a620adeb65,True,21時間前,2026-10-03 04:59:48,岐阜県
木材加工の機械オペレーター／年間休日120日／年収324から480万円新着,ウッドフューエル土岐株式会社,岐阜県,月給27万円～40万円,正社員,建設,求人ボックス,https://xn--pckua2a7gp15o89zb.com/jb/79cf323547f5a93349a0f0a819dfd7f7,True,6時間前,2026-10-03 04:59:48,岐阜県
左官職人・左官工事スタッフ・千葉県内新着,株式会社トリオ,岐阜県,"日給1万4,000円",正社員,建設,求人ボックス,https://xn--pckua2a7gp15o89zb.com/jb/40babf5021322bef519ec146feeb80b6,True,14時間前,2026-10-03 04:59:48,岐阜県
建築工事のプロジェクト調整担当／ブランクOK／社会保険完備／昇給あり／急募／主婦・主夫歓迎新着,大木建設株式会社,岐阜県,"月給29万5,833円",正社員,建設,求人ボックス,https://xn--pckua2a7gp15o89zb.com/jbn/0ababcc06b391d1851022aa337626f4c,True,23時間前,2026-10-03 04:59:48,岐阜県
公共事業における測量業務全般／ブランクOK／土日祝休みあり／急募／完全週休2日制／昇給あり新着,株式会社興栄コンサルタント,岐阜県,月給22万円～24万円,正社員,建設,求人ボックス,https://xn--pckua2a7gp15o89zb.com/jbn/dc50de9aa8c215c277af473c09db41c4,True,23時間前,2026-10-03 04:59:48,岐阜県
保育士／保育園新着,アスカグループ,岐阜県,"時給1,400円",派遣社員,保育,求人ボックス,https://xn--pckua2a7gp15o89zb.com/jb/2d44e2dbb0a03f7b888a47cf23d2d48b,True,23時間前,2026-10-03 04:59:24,岐阜県
社会保険完備の職場で保育士新着,可児とうのう病院院内保育施設ひまわり保育所,岐阜県,"時給1,250円～1,400円",アルバイト・パート,保育,求人ボックス,https://xn--pckua2a7gp15o89zb.com/jb/a0e4b7b1652f46e9b5686d2a1a7254ce,True,7時間前,2026-10-03 04:59:24,岐阜県
歯科助手兼受付スタッフ・社会保険完備の職場で歯科助手新着,ひかり歯科クリニック,岐阜県,月給19万円～24万円,正社員,保育,求人ボックス,https://xn--pckua2a7gp15o89zb.com/jb/6aedd39411f2e949123ded23fb412b0a,True,7時間前,2026-10-03 04:59:24,岐阜県
オープニングスタッフ!扶養内調理員パート「はな保育室たじみ駅前 」2026.12開園予定新着,はな保育,岐阜県,"時給1,250円～1,300円",アルバイト・パート,保育,求人ボックス,https://xn--pckua2a7gp15o89zb.com/jb/940b357bf77c19c4e9dd5aabb9315b51,True,5時間前,2026-10-03 04:59:24,岐阜県
相談員新着,社会福祉法人サン・ビジョン,岐阜県,"月給24万1,500円",正社員,保育,求人ボックス,https://xn--pckua2a7gp15o89zb.com/jb/796aa8d60f2633859ccc3f767d1fbd9f,True,10時間前,2026-10-03 04:59:25,岐阜県
カンタン事務スタッフ／未経験大歓迎／週3日OK新着,古川製材株式会社,岐阜県,"時給1,150円～1,500円",アルバイト・パート,保育,求人ボックス,https://xn--pckua2a7gp15o89zb.com/jb/03224a37b8e72f44134277352da74f96,True,18時間前,2026-10-03 04:59:25,岐阜県
施設管理者・全国職・介護管理職・介護福祉士歓迎新着,ナーシングホーム ケアリール中津川,岐阜県,月給54万円～,契約社員,保育,求人ボックス,https://xn--pckua2a7gp15o89zb.com/jb/729035f994f844d024876388bbdb8d72,True,7時間前,2026-10-03 04:59:25,岐阜県
介護職員・全国職・社会保険完備の職場で介護職／ヘルパー新着,ナーシングホーム ケアリール大垣,岐阜県,月給35万円～,契約社員,保育,求人ボックス,https://xn--pckua2a7gp15o89zb.com/jb/2a2f2ee90f22d495d30282af230349bf,True,7時間前,2026-10-03 04:59:25,岐阜県
調剤薬局勤務の薬剤師新着,たんぽぽ薬局可児店,岐阜県,"月給28万3,000円",正社員,保育,求人ボックス,https://xn--pckua2a7gp15o89zb.com/jb/1da0d503e3445a12a8fe1d737bb6050b,True,7時間前,2026-10-03 04:59:28,岐阜県
調剤薬局勤務の薬剤師新着,たんぽぽ薬局せせらぎ街道店,岐阜県,"月給28万3,000円",正社員,保育,求人ボックス,https://xn--pckua2a7gp15o89zb.com/jb/90e172e6ff5f81e84ff7de951936910e,True,7時間前,2026-10-03 04:59:28,岐阜県
施設管理者 オープニング募集／年間休日115日／有料老人ホーム／ケアリール中津川新着,株式会社ナイスマン,岐阜県,月給50万円～,正社員,保育,求人ボックス,https://xn--pckua2a7gp15o89zb.com/jb/0b34621022f3fd8cec70678a99cc74df,True,3時間前,2026-10-03 04:59:28,岐阜県
社会保険完備の職場で歯科衛生士新着,杉山歯科医院,岐阜県,"月給24万5,000円",契約社員,保育,求人ボックス,https://xn--pckua2a7gp15o89zb.com/jb/5ad7cd79f67ffcca70abdd5e985f66b2,True,7時間前,2026-10-03 04:59:28,岐阜県
調剤薬局勤務の薬剤師新着,グリーン薬局中央店,岐阜県,"月給28万3,000円",正社員,保育,求人ボックス,https://xn--pckua2a7gp15o89zb.com/jb/fcc56bcbd4cc386184ef1dc901609eec,True,7時間前,2026-10-03 04:59:28,岐阜県
調剤薬局勤務の薬剤師新着,たんぽぽ薬局瑞浪店,岐阜県,"時給2,000円～",アルバイト・パート,保育,求人ボックス,https://xn--pckua2a7gp15o89zb.com/jb/7638486fd64efb9f23e7542980639fe0,True,7時間前,2026-10-03 04:59:31,岐阜県
小規模多機能型居宅介護の介護職・ヘルパー／介護福祉士／年間休日117日／マイカー通勤OK新着,jobフレンド,岐阜県,"月給31万7,000円",正社員,保育,求人ボックス,https://xn--pckua2a7gp15o89zb.com/jb/4b0ab1f6fdf862366288a6ddc3d4f822,True,22時間前,2026-10-03 04:59:31,岐阜県
作業療法士／ケアミックス病院新着,医療法人社団カワムラヤスオメディカルソサエティ ...,岐阜県,月給18万円～21万円,正社員,保育,求人ボックス,https://xn--pckua2a7gp15o89zb.com/jb/0e6b6ebb6fadce87ffb94833bcda7637,True,12時間前,2026-10-03 04:59:31,岐阜県
9月1日オープンの新施設!オープニングスタッフ募集 家庭料理の延長線で始められる新着,株式会社ティー・エフ・ピー,岐阜県,"時給1,250円",アルバイト・パート,保育,求人ボックス,https://xn--pckua2a7gp15o89zb.com/jb/43dd790bb80fa165922ba1a4902ad2cf,True,13時間前,2026-10-03 04:59:31,岐阜県
調理師／調理スタッフ 調理スタッフ／認可保育園／定員60名／午前中のみ／短時間新着,セントスタッフ株式会社,岐阜県,"時給1,200円～1,300円",派遣社員,保育,求人ボックス,https://xn--pckua2a7gp15o89zb.com/jb/802f0b7e553619472679962d6bfe3452,True,23時間前,2026-10-03 04:59:31,岐阜県
初任者研修以上の介護スタッフ／充実の職員数／週休2日で年休113日／入社祝金20～25万円新着,株式会社ケアベルデ,岐阜県,"月給21万7,500円",正社員,保育,求人ボックス,https://xn--pckua2a7gp15o89zb.com/jb/2257f5e3c946130224e7014646632a4e,True,14時間前,2026-10-03 04:59:34,岐阜県
保育士新着,保育士,岐阜県,"月給21万4,400円",正社員,保育,求人ボックス,https://xn--pckua2a7gp15o89zb.com/jb/43257598bdbd3e38e25599a72bf3f41a,True,4時間前,2026-10-03 04:59:34,岐阜県
保育士／企業内保育園・企業主導型新着,保育士,岐阜県,"時給1,400円",派遣社員,保育,求人ボックス,https://xn--pckua2a7gp15o89zb.com/jb/fb135b53d4336d67a5d3271b6ebf490e,True,23時間前,2026-10-03 04:59:34,岐阜県
放課後等デイサービスの保育士／児童発達支援・放課後等デイ／週1日〜新着,児童発達支援・放課後等デイサービス キッズボンド...,岐阜県,"時給1,200円～",アルバイト・パート,保育,求人ボックス,https://xn--pckua2a7gp15o89zb.com/jbn/f50ff040837d81580d24a9fddf614699,True,23時間前,2026-10-03 04:59:34,岐阜県
放課後等デイサービスの保育士／児童発達支援・放課後等デイ／週1日〜新着,児童発達支援・放課後等デイサービス キッズボンド...,岐阜県,"時給1,200円～",アルバイト・パート,保育,求人ボックス,https://xn--pckua2a7gp15o89zb.com/jbn/2cb7c9c594c445f6a603339b7affb4ed,True,23時間前,2026-10-03 04:59:34,岐阜県
放課後等デイサービスの保育士／児童発達支援・放課後等デイ／未経験OK新着,児童発達支援・放課後等デイサービス キッズボンド...,岐阜県,月給20万円～,正社員,保育,求人ボックス,https://xn--pckua2a7gp15o89zb.com/jbn/62cd389f0503aeef075ee88fb46dc559,True,23時間前,2026-10-03 04:59:34,岐阜県
放課後等デイサービスの保育士／岐阜市西改田／児童発達支援・放課後等デイ新着,児童発達支援・放課後等デイサービス キッズボンド...,岐阜県,"時給1,200円～",アルバイト・パート,保育,求人ボックス,https://xn--pckua2a7gp15o89zb.com/jbn/2d998570ba9ea7f5cf6cf6558bb15926,True,23時間前,2026-10-03 04:59:38,岐阜県
保育士／こども園新着,社会福祉法人同朋会 かがしまこども園,岐阜県,"時給1,250円～1,300円",アルバイト・パート,保育,求人ボックス,https://xn--pckua2a7gp15o89zb.com/jb/437f819fd85da22107f8e2a10b6e5f60,True,23時間前,2026-10-03 04:59:38,岐阜県
放課後等デイサービスの保育士／児童発達支援・放課後等デイ／未経験OK新着,児童発達支援・放課後等デイサービス キッズボンド...,岐阜県,月給20万円～,正社員,保育,求人ボックス,https://xn--pckua2a7gp15o89zb.com/jbn/54e52a682556ac1578b9b876c3c670a0,True,23時間前,2026-10-03 04:59:38,岐阜県
放課後等デイサービスの保育士／児童発達支援・放課後等デイ／未経験OK新着,児童発達支援・放課後等デイサービス キッズボンド...,岐阜県,月給20万円～,正社員,保育,求人ボックス,https://xn--pckua2a7gp15o89zb.com/jbn/e5adfdabe97b13f031e2522ef2a25c8e,True,23時間前,2026-10-03 04:59:38,岐阜県
放課後等デイサービスの保育士／児童発達支援・放課後等デイ／週1日〜新着,児童発達支援・放課後等デイサービス キッズボンド...,岐阜県,"時給1,200円～",アルバイト・パート,保育,求人ボックス,https://xn--pckua2a7gp15o89zb.com/jbn/3dda15f5765ad90fe1c0bc90db441ed2,True,23時間前,2026-10-03 04:59:38,岐阜県
放課後等デイサービスの保育士／児童発達支援・放課後等デイ／週1日〜新着,児童発達支援・放課後等デイサービス キッズボンド...,岐阜県,"時給1,200円～",アルバイト・パート,保育,求人ボックス,https://xn--pckua2a7gp15o89zb.com/jbn/0af503bd34f461c076152cba54315f20,True,23時間前,2026-10-03 04:59:42,岐阜県
放課後等デイサービスの保育士／児童発達支援・放課後等デイ／週1日〜新着,児童発達支援・放課後等デイサービス キッズボンド...,岐阜県,"時給1,200円～",アルバイト・パート,保育,求人ボックス,https://xn--pckua2a7gp15o89zb.com/jbn/f61205041a5e9ee799a56eca59d1abb8,True,23時間前,2026-10-03 04:59:42,岐阜県
保育士／放デイ新着,有限会社笹本設備 児童発達支援・放課後等デイサー...,岐阜県,"月給18万5,000円",正社員,保育,求人ボックス,https://xn--pckua2a7gp15o89zb.com/jb/c02c71dc3714b0d328bc26875d2b1de3,True,23時間前,2026-10-03 04:59:42,岐阜県
放課後等デイサービスの保育士／児童発達支援・放課後等デイ／週1日〜新着,児童発達支援・放課後等デイサービス キッズボンド...,岐阜県,"時給1,200円～",アルバイト・パート,保育,求人ボックス,https://xn--pckua2a7gp15o89zb.com/jbn/345c4c16f2cb488a0348b4f18cddb99b,True,23時間前,2026-10-03 04:59:42,岐阜県
保育士／放デイ新着,株式会社ミライへ みらいへのいえ 土田,岐阜県,月給25万円,正社員,保育,求人ボックス,https://xn--pckua2a7gp15o89zb.com/jb/2ca95e538648f983e0c8cd84a4fad1a5,True,23時間前,2026-10-03 04:59:42,岐阜県
放課後等デイサービスの保育士／児童発達支援・放課後等デイ／未経験OK新着,児童発達支援・放課後等デイサービス キッズボンド...,岐阜県,月給20万円～,正社員,保育,求人ボックス,https://xn--pckua2a7gp15o89zb.com/jbn/80e1a3ea65e05b606556e9919cfad5a1,True,23時間前,2026-10-03 04:59:46,岐阜県
保育士／放デイ新着,株式会社ミライへ みらいへのいえ 多治見,岐阜県,月給25万円,正社員,保育,求人ボックス,https://xn--pckua2a7gp15o89zb.com/jb/7b99bc849421fb1b228fbac8345ec5dd,True,23時間前,2026-10-03 04:59:46,岐阜県
保育士／放デイ新着,株式会社ミライへ みらいへのいえ 下恵土,岐阜県,月給25万円,正社員,保育,求人ボックス,https://xn--pckua2a7gp15o89zb.com/jb/e2b4a5f53a6ffb29dc33313b0a2a5620,True,23時間前,2026-10-03 04:59:46,岐阜県
保育士／放デイ新着,株式会社ミライへ みらいへのいえ 美濃川合,岐阜県,月給25万円,正社員,保育,求人ボックス,https://xn--pckua2a7gp15o89zb.com/jb/eb379b28d84e006b3ff9ea951ba229b0,True,23時間前,2026-10-03 04:59:46,岐阜県
保育士／保育園新着,社会福祉法人中島保育園会 中島保育園,岐阜県,"時給1,200円",アルバイト・パート,保育,求人ボックス,https://xn--pckua2a7gp15o89zb.com/jb/51f466bb079620afbba3d6e0ffac3059,True,23時間前,2026-10-03 04:59:46,岐阜県
保育士／放デイ新着,株式会社ミライへ みらいへのいえ 金岡町,岐阜県,月給25万円,正社員,保育,求人ボックス,https://xn--pckua2a7gp15o89zb.com/jb/5758028744abc5d667c4fd8196c33506,True,23時間前,2026-10-03 04:59:46,岐阜県
看護師・准看護師／こども園新着,アスカグループ,岐阜県,"時給1,500円～1,600円",派遣社員,看護,求人ボックス,https://xn--pckua2a7gp15o89zb.com/jb/e9d4e066da0da52416cf36197529cc88,True,23時間前,2026-10-03 04:59:49,岐阜県
正看護師・准看護師／病棟 2交代新着,医療法人社団永寿会,岐阜県,"月給21万4,000円",正社員,看護,求人ボックス,https://xn--pckua2a7gp15o89zb.com/jb/d846d5a9c34ff1931c0cbad49632fb9a,True,9時間前,2026-10-03 04:59:50,岐阜県
看護主任／看護スタッフ・社会保険完備の職場で看護師／准看護師新着,住宅型有料老人ホーム ソエルガーデン大垣,岐阜県,"月給34万7,000円",正社員,看護,求人ボックス,https://xn--pckua2a7gp15o89zb.com/jb/77b3a1b12833d59d291aa0ec6f52303c,True,7時間前,2026-10-03 04:59:50,岐阜県
診療所・クリニックの看護師／准看護師新着,すのまたファミリークリニック,岐阜県,月給24万円～28万円,正社員,看護,求人ボックス,https://xn--pckua2a7gp15o89zb.com/jb/3b9f3ffb1eaa3722999e7360accd2455,True,7時間前,2026-10-03 04:59:53,岐阜県
看護師・全国職・社会保険完備の職場で看護師／准看護師新着,ナーシングホーム ケアリール大垣,岐阜県,月給44万円～,契約社員,看護,求人ボックス,https://xn--pckua2a7gp15o89zb.com/jb/c3d523dbc35117832038cd54fa52558f,True,7時間前,2026-10-03 04:59:56,岐阜県
看護師・地域限定職・社会保険完備の職場で看護師／准看護師新着,ナーシングホーム ケアリール土岐,岐阜県,月給40万円～,契約社員,看護,求人ボックス,https://xn--pckua2a7gp15o89zb.com/jb/2d494f4b27f83778071b1d888a2274ab,True,7時間前,2026-10-03 05:00:00,岐阜県
看護師・全国職・社会保険完備の職場で看護師／准看護師新着,ナーシングホーム ケアリール中津川,岐阜県,月給44万円～,契約社員,看護,求人ボックス,https://xn--pckua2a7gp15o89zb.com/jb/a89fcafe779de574835203fbda033a67,True,7時間前,2026-10-03 05:00:00,岐阜県
正看護師・准看護師／外来 日勤のみ新着,看護,岐阜県,月給30万円～35万円,正社員,看護,求人ボックス,https://xn--pckua2a7gp15o89zb.com/jb/75a33e077594009c9130e364f3baee75,True,7時間前,2026-10-03 05:00:00,岐阜県
正看護師／kyujin新着,セントケア・グループ,岐阜県,"時給1,830円～1,930円",アルバイト・パート,看護,求人ボックス,https://xn--pckua2a7gp15o89zb.com/jb/a03d365e03112be4c385ddd27e0914d2,True,13時間前,2026-10-03 05:00:04,岐阜県
正看護師／人気のデイサービス 9:00～16:00の日勤のみ新着,株式会社スーパーナース,岐阜県,"時給1,600円",派遣社員,看護,求人ボックス,https://xn--pckua2a7gp15o89zb.com/jb/fba8fe07bd71e49cca68b5493ee4c5f7,True,15時間前,2026-10-03 05:00:04,岐阜県
准看護師／有料老人ホーム新着,社会福祉法人サン・ビジョン,岐阜県,"月給24万3,500円",正社員,看護,求人ボックス,https://xn--pckua2a7gp15o89zb.com/jb/324e3bb3ae4c6b52e5d570ae502cf6e2,True,10時間前,2026-10-03 05:00:04,岐阜県
日勤のみのパート看護師／生活リズムに合わせて働けます／週1～OK新着,ほほえみの郷 悠喜園,岐阜県,"時給1,300円～",アルバイト・パート,看護,求人ボックス,https://xn--pckua2a7gp15o89zb.com/jb/57bf85ba57546c85c1d4d11ca832ad75,True,11時間前,2026-10-03 05:00:07,岐阜県
引っ越し費用サポートあり／関東で経理事務業務新着,株式会社OOQ,岐阜県,"月給20万5,000円",正社員,経理,求人ボックス,https://xn--pckua2a7gp15o89zb.com/jb/79373efa0eed4d8521f50fc94ce54685,True,15時間前,2026-10-03 04:59:49,岐阜県
経理事務新着,株式会社リクルートスタッフィング,岐阜県,"時給1,760円～",派遣社員,経理,求人ボックス,https://xn--pckua2a7gp15o89zb.com/jb/0f1ef1a6548f42462d1881205e2dda69,True,20時間前,2026-10-03 04:59:49,岐阜県
経理事務／08:30～17:30／時短勤務可能新着,株式会社BEST JOBs,岐阜県,"時給1,500円～1,875円",派遣社員,経理,求人ボックス,https://xn--pckua2a7gp15o89zb.com/jb/f09843f95784ef18b8d6c6a6c8ed13cb,True,18時間前,2026-10-03 04:59:49,岐阜県
経理・財務 ／ 一般事務・OA事務 ／簿記資格を活かすチャンス新着,パーソルテンプスタッフ株式会社,岐阜県,"時給1,450円",派遣社員,経理,求人ボックス,https://xn--pckua2a7gp15o89zb.com/jb/40ff417496daa2df53d5d9719254744b,True,18時間前,2026-10-03 04:59:49,岐阜県
「岐阜市」フルタイム事務／オフィスワークで通販の舞台裏を支えるお仕事新着,株式会社ベル,岐阜県,"時給1,300円",派遣社員,経理,求人ボックス,https://xn--pckua2a7gp15o89zb.com/jb/d8b3a813dd2dffee687a8c9d201903d5,True,12時間前,2026-10-03 04:59:49,岐阜県
未経験から始める事務スタッフ／マンパワーGの安定雇用!土日祝休 賞与有／月給188000円～新着,株式会社ディンプル,岐阜県,月給188000円～,正社員,経理,求人ボックス,https://xn--pckua2a7gp15o89zb.com/jb/503ec55d92915351c13612b7112b58b2,True,10時間前,2026-10-03 04:59:49,岐阜県
「funtable 」／研修充実／大手人材グループ新着,株式会社Progress Group,岐阜県,月給18万円～20万円,正社員,経理,求人ボックス,https://xn--pckua2a7gp15o89zb.com/jb/ba6319913f6c256a236558478a05725d,True,11時間前,2026-10-03 04:59:49,岐阜県
福利厚生充実の注目求人／経理アシスタント／オフィスワーク／未経験歓迎新着,経理,岐阜県,"月給26万7,000円",正社員,経理,求人ボックス,https://xn--pckua2a7gp15o89zb.com/jbn/73d1ac18ac5a84cc0bf8b2a9e1b8c398,True,15時間前,2026-10-03 04:59:49,岐阜県
一般事務／16時45分終業!鋼材台帳の入力など!未経験でもOK新着,株式会社スタッフサービス,岐阜県,"月給18万4,500円",正社員,経理,求人ボックス,https://xn--pckua2a7gp15o89zb.com/jb/f42af6dc04a1c1513f74c8f9e5a56a93,True,17時間前,2026-10-03 04:59:49,岐阜県
営業事務スタッフ新着,パーソルビジネスプロセスデザイン株式会社,岐阜県,"時給1,306円～",アルバイト・パート,経理,求人ボックス,https://xn--pckua2a7gp15o89zb.com/jb/d73d403b7b669558887124a94035a509,True,2時間前,2026-10-03 04:59:52,岐阜県
決まったフォーマットに沿って情報を入力するだけ!未経験歓迎のコツコツ系データ管理事務新着,事務,岐阜県,"月給25万3,000円",正社員,経理,求人ボックス,https://xn--pckua2a7gp15o89zb.com/jbn/6d4dd490fa0db57ce70cee3a8f901f24,True,11時間前,2026-10-03 04:59:52,岐阜県
高所作業車、クレーン、除雪車などの建設機械を中心とした整備を行う整備士業務をお願いいたします新着,東栄自動車工業株式会社,岐阜県,月給27万円～34万円,正社員,経理,求人ボックス,https://xn--pckua2a7gp15o89zb.com/jb/6f18679660196379ec13629416c577d7,True,7時間前,2026-10-03 04:59:52,岐阜県
ディスカウントストアの店舗販売職新着,大黒天物産株式会社 ラ・ムー中津川店,岐阜県,"月給20万9,000円",正社員,経理,求人ボックス,https://xn--pckua2a7gp15o89zb.com/jb/9b32e4fd257ec4d6a1c776def89f3c9d,True,21時間前,2026-10-03 04:59:56,岐阜県
物流事務新着,濃飛倉庫運輸株式会社,岐阜県,月給25万円～33万円,正社員,経理,求人ボックス,https://xn--pckua2a7gp15o89zb.com/jb/f1731452bc715e42ad4a3c6e48b72d97,True,4時間前,2026-10-03 04:59:56,岐阜県
ディスカウントストアの店舗販売職新着,大黒天物産株式会社 ラ・ムー本巣五反田店,岐阜県,"月給20万9,000円",正社員,経理,求人ボックス,https://xn--pckua2a7gp15o89zb.com/jb/a31b8ae134a6f89959bbb07b61b7905a,True,21時間前,2026-10-03 04:59:56,岐阜県
ディスカウントストアの店舗販売職新着,大黒天物産株式会社 ラ・ムー土岐店,岐阜県,"月給20万9,000円",正社員,経理,求人ボックス,https://xn--pckua2a7gp15o89zb.com/jb/f82d7b5e3712a13d8c8da4cc7c224043,True,21時間前,2026-10-03 04:59:56,岐阜県
ディスカウントストアの店舗販売職新着,大黒天物産株式会社 ラ・ムー大垣店,岐阜県,"月給20万9,000円",正社員,経理,求人ボックス,https://xn--pckua2a7gp15o89zb.com/jb/235925cab23dd127e491c4a012541a59,True,21時間前,2026-10-03 04:59:56,岐阜県
ディスカウントストアの店舗販売職新着,大黒天物産株式会社 ラ・ムー本巣店,岐阜県,"月給20万9,000円",正社員,経理,求人ボックス,https://xn--pckua2a7gp15o89zb.com/jb/d92de7de5694d7e98cdd5d19aeb9feb5,True,21時間前,2026-10-03 04:59:56,岐阜県
「経理事務」正社員・ネイルOK／20代活躍中・未経験歓迎／年間休日12...新着,経理,岐阜県,"月給21万6,500円",正社員,経理,求人ボックス,https://xn--pckua2a7gp15o89zb.com/jbn/b9311e9ad65df7eb5496b0580a5bbd0b,True,22時間前,2026-10-03 04:59:59,岐阜県
経理事務「正社員・ネイルOK・服装自由」20代活躍中・未経験OK l新着,経理,岐阜県,"月給21万5,500円",正社員,経理,求人ボックス,https://xn--pckua2a7gp15o89zb.com/jbn/87b3ea236fbe119aa412b839e1f93e1f,True,20時間前,2026-10-03 04:59:59,岐阜県
OA事務／ピアス・ネイルOK／ワークライフバランス充実／土日祝休み／完全土日休み／第2新卒歓迎新着,事務,岐阜県,月給20万円～40万円,正社員,経理,求人ボックス,https://xn--pckua2a7gp15o89zb.com/jbn/5fbf1ef1c2ac8cf3968271c71cce50aa,True,23時間前,2026-10-03 04:59:59,岐阜県
"「岐阜市」一般事務職／時給1,400円新着",株式会社ベル,岐阜県,"時給1,400円",派遣社員,事務,求人ボックス,https://xn--pckua2a7gp15o89zb.com/jb/a5762329ca92182bb7dad1dd2a7813fe,True,12時間前,2026-10-03 04:59:48,岐阜県
一般事務「20代活躍・未経験OK」年休120日以上・残業月5〜10時間新着,一般事務,岐阜県,"月給21万4,000円",正社員,事務,求人ボックス,https://xn--pckua2a7gp15o89zb.com/jbn/263ddb512992b71c00a0d752874dbcad,True,17時間前,2026-10-03 04:59:48,岐阜県
PC・データ入力／事務／オフィス系 事務デビューにも 文字·数字を入力できればOKの一般事務新着,ジョブシティ,岐阜県,"時給1,300円～1,625円",派遣社員,事務,求人ボックス,https://xn--pckua2a7gp15o89zb.com/jb/db9f735d4e3a05671c7655b0b7c9e57a,True,17時間前,2026-10-03 04:59:48,岐阜県
”今を変えたい”だけでOK!／関東で大手企業での一般事務業務新着,株式会社OOQ,岐阜県,"月給20万5,000円",正社員,事務,求人ボックス,https://xn--pckua2a7gp15o89zb.com/jb/786d2b7e57b7190c761769ae7cab1de5,True,15時間前,2026-10-03 04:59:48,岐阜県
「アニメ・ゲーム好き必見!」一般事務／週休2日／自社制作チームあり新着,株式会社SDビジョン,岐阜県,月給30万円～50万円,正社員,事務,求人ボックス,https://xn--pckua2a7gp15o89zb.com/jbn/781595b4b0f6b447acd09cbdf5c9c227,True,21時間前,2026-10-03 04:59:49,岐阜県
未経験から安定スタート／一般事務／オフィスワーク／未経験歓迎新着,一般事務,岐阜県,"月給25万2,000円",正社員,事務,求人ボックス,https://xn--pckua2a7gp15o89zb.com/jbn/dbeac6c3869b8fddc7f35722ab7e4fee,True,15時間前,2026-10-03 04:59:49,岐阜県
コツコツ派に人気／一般事務／オフィスワーク／未経験歓迎新着,一般事務,岐阜県,"月給27万3,000円",正社員,事務,求人ボックス,https://xn--pckua2a7gp15o89zb.com/jbn/b753d79db838d38195217a65c2875416,True,15時間前,2026-10-03 04:59:49,岐阜県
「未経験から安定スタート」／一般事務／オフィスワーク／未経験歓迎新着,一般事務,岐阜県,"月給26万3,000円",正社員,事務,求人ボックス,https://xn--pckua2a7gp15o89zb.com/jbn/58399d897a591cc4690e85bafff6a5b3,True,15時間前,2026-10-03 04:59:52,岐阜県
はじめてでも安心の研修あり／一般事務／オフィスワーク／新生活サポート新着,一般事務,岐阜県,"月給29万4,000円",正社員,事務,求人ボックス,https://xn--pckua2a7gp15o89zb.com/jbn/71721d12cfa85a5e31acbb2e95ddcdfc,True,6時間前,2026-10-03 04:59:52,岐阜県
一般事務／未経験OK／年休125日新着,ヨコタエンタープライズ 岐阜オフィス,岐阜県,"月給19万2,000円",正社員,事務,求人ボックス,https://xn--pckua2a7gp15o89zb.com/jb/6c9c1d0e3c9e4c63924f26af8ab31126,True,10時間前,2026-10-03 04:59:52,岐阜県
一般事務「ネイルOK・20代活躍中」未経験歓迎・土日祝休み新着,事務,岐阜県,"月給21万4,000円",正社員,事務,求人ボックス,https://xn--pckua2a7gp15o89zb.com/jbn/18e1e6a1713b966aae34cf4a604e7c76,True,17時間前,2026-10-03 04:59:52,岐阜県
岐阜市エリア!未経験OKの事務職のお仕事! 未経験OK!大手企業の一般事務職／土日祝休み新着,株式会社ディンプル,岐阜県,"月給18万4,500円",正社員,事務,求人ボックス,https://xn--pckua2a7gp15o89zb.com/jb/c7b158673d2570a9dff54294c2f102bf,True,10時間前,2026-10-03 04:59:56,岐阜県
一般事務・OA事務 ／ データエントリー業務／人気職種!現場事務 環境新着,パーソルテンプスタッフ株式会社,岐阜県,"時給1,350円",派遣社員,事務,求人ボックス,https://xn--pckua2a7gp15o89zb.com/jb/6c9debb379bba8bba72dc3ee8fef2b17,True,19時間前,2026-10-03 04:59:56,岐阜県
一般事務／月に1回日曜休み!直雇切替実績有 伝票処理など新着,株式会社スタッフサービス,岐阜県,"時給1,300円",派遣社員,事務,求人ボックス,https://xn--pckua2a7gp15o89zb.com/jb/4241537897b8c8fa646c3caf656b59bd,True,17時間前,2026-10-03 04:59:56,岐阜県
一般事務／ハンディキャップのある方の就労サポート／日勤／20～40代活...新着,フジアルテ株式会社,岐阜県,"時給1,500円～",契約社員,事務,求人ボックス,https://xn--pckua2a7gp15o89zb.com/jb/50d25576460e10b44787309581449997,True,10時間前,2026-10-03 04:59:56,岐阜県
営業・企画営業+ 一般事務新着,株式会社リクルートスタッフィング,岐阜県,"時給1,850円～",派遣社員,事務,求人ボックス,https://xn--pckua2a7gp15o89zb.com/jb/a17535db3cb4c44f30060582f06880b0,True,9時間前,2026-10-03 04:59:58,岐阜県
「残り枠わずか!」未経験からできるデータ入力／年間休日120日以上新着,NKY株式会社,岐阜県,月給27万円～40万円,正社員,事務,求人ボックス,https://xn--pckua2a7gp15o89zb.com/jb/50920a0405c73da20634861b0b6c2cdd,True,19時間前,2026-10-03 05:00:01,岐阜県
「まだ間に合う!」未経験採用枠／バックオフィス／資格取得支援新着,株式会社ライトキャリア,岐阜県,月給25万円～40万円,正社員,事務,求人ボックス,https://xn--pckua2a7gp15o89zb.com/jb/56e9067651a2b1e8ecee1ea98cc3149d,True,19時間前,2026-10-03 05:00:01,岐阜県
電子基板づくりを支える製造工程の簡単業務／寮アリ新着,株式会社ヨコタエンタープライズ,岐阜県,"月給22万5,000円",正社員,事務,求人ボックス,https://xn--pckua2a7gp15o89zb.com/jb/64e4e534f3b81deca39bfd3866558e91,True,4時間前,2026-10-03 05:00:01,岐阜県
「人気」ガチャポンの仕分け新着,セブンエージェント株式会社,岐阜県,"時給1,350円～",正社員,事務,求人ボックス,https://xn--pckua2a7gp15o89zb.com/jb/78ceb91a576ae6339c23738edf1c7fc5,True,14時間前,2026-10-03 05:00:01,岐阜県
大手メーカーでの事務／未経験OK・20～30代活躍中新着,株式会社ジンキャスト,岐阜県,"時給1,400円",派遣社員,事務,求人ボックス,https://xn--pckua2a7gp15o89zb.com/jb/b74db7fc9daa9ce3f56963efe859af0d,True,14時間前,2026-10-03 05:00:05,岐阜県
「好きを仕事に!」未経験採用枠／ゲームテスター／高収入／昇給年2回賞与年2回新着,株式会社Light BROTHERS,岐阜県,月給27万円～60万円,正社員,事務,求人ボックス,https://xn--pckua2a7gp15o89zb.com/jb/bea0584d60d94ed6398ee75ab10a0cc2,True,19時間前,2026-10-03 05:00:05,岐阜県
自動車販売の店舗スタッフ／完全反響／年休125日・賞与年4回／未経験からスピード出世可新着,株式会社ネクステージ,岐阜県,月給27万円～58万,正社員,事務,求人ボックス,https://xn--pckua2a7gp15o89zb.com/jb/b56284f044dfc1d5a132455d6e1ac3ad,True,5時間前,2026-10-03 05:00:08,岐阜県
「愛知県勤務」警備員／新生活応援／家具・家電付の社宅完備新着,セキュリティスタッフ株式会社,岐阜県,月給24万円～38万,正社員,警備,求人ボックス,https://xn--pckua2a7gp15o89zb.com/jb/2fcbfb06b2bf6fe2256e78e39625a458,True,4時間前,2026-10-03 05:00:15,岐阜県
駐車場誘導警備員／事業拡大につき大量募集中!安定して現場あり新着,ケイサーチ,岐阜県,"時給1,250円",契約社員,警備,求人ボックス,https://xn--pckua2a7gp15o89zb.com/jb/4a7bbad7a5de7c8c6ac1510a8a514672,True,22時間前,2026-10-03 05:00:15,岐阜県
警備職 未経験可 サポート体制充実新着,株式会社レシーザ,岐阜県,"日給1万1,000円",アルバイト・パート,警備,求人ボックス,https://xn--pckua2a7gp15o89zb.com/jb/4fb4547b75df37a9783aaa52fff856aa,True,4時間前,2026-10-03 05:00:15,岐阜県
警備新着,株式会社第二章,岐阜県,"月給18万4,032円",契約社員,警備,求人ボックス,https://xn--pckua2a7gp15o89zb.com/jb/a4e7572a31d35f2c159d72b60ca9e9bc,True,3時間前,2026-10-03 05:00:15,岐阜県
未経験からでもしっかり稼げる 週1日～OKの自由シフトだから自分のペースで無理なく勤務新着,東警株式会社,岐阜県,日給1万円,アルバイト・パート,警備,求人ボックス,https://xn--pckua2a7gp15o89zb.com/jb/8a8727344b18fa646c2cba69b1687254,True,13時間前,2026-10-03 05:00:15,岐阜県
ネジのピッキング作業 未経験可 日勤新着,株式会社ヨコタエンタープライズ,岐阜県,"月給19万4,000円",正社員,警備,求人ボックス,https://xn--pckua2a7gp15o89zb.com/jb/282ab9bd5360ab6c8d2cbf50c3331121,True,4時間前,2026-10-03 05:00:15,岐阜県
専門職新着,警備員・,岐阜県,"月給25万4,449円",,警備,求人ボックス,https://xn--pckua2a7gp15o89zb.com/jb/461236b44fd5e6ae120ab1cae1e589d3,True,12時間前,2026-10-03 05:00:15,岐阜県
製造スタッフ／未経験OK／月収30万円以上／無料寮あり／モクモク作業新着,株式会社tocca,岐阜県,月給30万円～34万円,正社員,製造,求人ボックス,https://xn--pckua2a7gp15o89zb.com/jbn/d063e5050aabf95502f58b77368ee1f9,True,19時間前,2026-10-03 05:00:19,岐阜県
お餅製造工場スタッフ／スピード採用新着,MY BASE株式会社,岐阜県,"月給24万4,000円",正社員,製造,求人ボックス,https://xn--pckua2a7gp15o89zb.com/jb/103a86d03065cac489eb45e4e4a373a5,True,13時間前,2026-10-03 05:00:20,岐阜県
「コツコツ倉庫ワーク!」ゴム製品の製造スタッフ／20代から30代活躍中...新着,株式会社日本ケイテム,岐阜県,"時給1,200円～",アルバイト・パート,製造,求人ボックス,https://xn--pckua2a7gp15o89zb.com/jbn/034fb3e83c6183040abe93476f27b58c,True,20時間前,2026-10-03 05:00:24,岐阜県
「正社員デビュー応援」／シリコン調理器具の製造スタッフ／モノづくり新着,製造,岐阜県,"月給34万8,000円",正社員,製造,求人ボックス,https://xn--pckua2a7gp15o89zb.com/jbn/93548e925e01646e3b8873019ed85639,True,15時間前,2026-10-03 05:00:24,岐阜県
「手厚い同乗研修あり」中距離の大型トラックドライバー／賞与あり新着,司企業株式会社,岐阜県,"日給1万3,000円",正社員,ドライバー,求人ボックス,https://xn--pckua2a7gp15o89zb.com/jbn/c9ac5ce7bd301f00e59681fd2d9ec0eb,True,21時間前,2026-10-03 05:00:15,岐阜県
「日勤のみ×残業少なめ」長距離の大型トラックドライバー／研修あり新着,司東海株式会社,岐阜県,月給30万円～40万円,正社員,ドライバー,求人ボックス,https://xn--pckua2a7gp15o89zb.com/jbn/0992e90a464d1ebd155a49dc8f5003a8,True,21時間前,2026-10-03 05:00:15,岐阜県
日払い可能!慣れたら月収100万可能 軽貨物の配送ドライバー新着,Jルート株式会社,岐阜県,月給45万円～100万円,,ドライバー,求人ボックス,https://xn--pckua2a7gp15o89zb.com/jb/9f2161aee0611d11915cc93780f444c4,True,10時間前,2026-10-03 05:00:16,岐阜県
車両回送ドライバー新着,ASAP岐阜21号バイパス店,岐阜県,"月給22万7,000円",正社員,ドライバー,求人ボックス,https://xn--pckua2a7gp15o89zb.com/jb/2d72c0254f20c6a26aa5e3a352a1be6e,True,4時間前,2026-10-03 05:00:16,岐阜県
車両回送ドライバー新着,ASAP岐阜東バイパス店,岐阜県,"月給22万7,000円",正社員,ドライバー,求人ボックス,https://xn--pckua2a7gp15o89zb.com/jb/115dc2a7960722f099fd7273588d2cfd,True,4時間前,2026-10-03 05:00:16,岐阜県
日払い可能!小型の配送ドライバー／運べば運ぶほど稼げる 面接1回新着,JCSロジスコ株式会社,岐阜県,月給50万円～100万円,,ドライバー,求人ボックス,https://xn--pckua2a7gp15o89zb.com/jb/000708286e8cecb2fed0eb930cc9cac7,True,11時間前,2026-10-03 05:00:16,岐阜県
タイヤ配送ドライバー1.5t車新着,株式会社ジャパン・リリーフ,岐阜県,"時給1,250円～",派遣社員,ドライバー,求人ボックス,https://xn--pckua2a7gp15o89zb.com/jbn/0fc35d970bf7514cbbec5b70c8be69b5,True,18時間前,2026-10-03 05:00:16,岐阜県
アパレルの中型幹線便ドライバー／衣料品・日用品の幹線輸送／昇給・賞与有新着,株式会社エムエス物流,岐阜県,月給28万円～38万円,正社員,ドライバー,求人ボックス,https://xn--pckua2a7gp15o89zb.com/jb/63350c93845c67f4687e16f6936372e9,True,6時間前,2026-10-03 05:00:19,岐阜県
食品や一般雑貨を運ぶ中型ドライバー 勤務時間や休日の調整可新着,Logic proceed株式会社,岐阜県,月給28万円～48万円,正社員,ドライバー,求人ボックス,https://xn--pckua2a7gp15o89zb.com/jb/ec1860eb786ca2e9863a1c93dee4784f,True,4時間前,2026-10-03 05:00:19,岐阜県
大型ドライバー／長距離／書類選考なしで即面接に進んでいただきますで即面...新着,司企業株式会社 司東海株式会社,岐阜県,月給28万円～40万円,正社員,ドライバー,求人ボックス,https://xn--pckua2a7gp15o89zb.com/jb/f8ac1e58ed4a8770e4d7ae373af56df6,True,17時間前,2026-10-03 05:00:21,岐阜県
地場大型トラックドライバー新着,株式会社ドリームエクスプレス,岐阜県,"月給38万5,000円",正社員,ドライバー,求人ボックス,https://xn--pckua2a7gp15o89zb.com/jb/ae00d4772d66759e5eaa8fd5ecbc2528,True,10時間前,2026-10-03 05:00:21,岐阜県
月収75万円狙える軽貨物ドライバー／シフト自由／20代〜40代の男女活...新着,株式会社Y.T.S.,岐阜県,月給30万円～75万円,,ドライバー,求人ボックス,https://xn--pckua2a7gp15o89zb.com/jbn/a61280eb425ea44cd86fab813719e27e,True,21時間前,2026-10-03 05:00:21,岐阜県
足場資材の配送ドライバー新着,株式会社セイノースタッフサービス,岐阜県,"時給1,600円",派遣社員,ドライバー,求人ボックス,https://xn--pckua2a7gp15o89zb.com/jb/63f9ad2068e250f43e00c729859d74ce,True,11時間前,2026-10-03 05:00:21,岐阜県
2t 3t車にてダンボールの配送ドライバー／週払いOK／社会保険完備新着,株式会社ドライブトライブ,岐阜県,"日給1万2,000円",派遣社員,ドライバー,求人ボックス,https://xn--pckua2a7gp15o89zb.com/jb/c5a38985b766d4c1d20a035901b5cfc7,True,18時間前,2026-10-03 05:00:28,岐阜県
ゴミ回収のルートドライバー／資格経験不要新着,株式会社ひまわり畑,岐阜県,月給21万250円,正社員,ドライバー,求人ボックス,https://xn--pckua2a7gp15o89zb.com/jb/697945160b95c0f79d11714367e4d370,True,2時間前,2026-10-03 05:00:28,岐阜県
寝台車・霊柩車ドライバー新着,株式会社メモリアホールディングス,岐阜県,"時給1,125円～1,200円",アルバイト・パート,ドライバー,求人ボックス,https://xn--pckua2a7gp15o89zb.com/jb/4671de2faafeea1ebafae104af8dbe17,True,10時間前,2026-10-03 05:00:32,岐阜県
昇給・賞与あり 月給33万円～ 体の負担少なめ 地場配送の4t・8tトラックドライバー新着,有限会社森商事,岐阜県,月給33万円～,正社員,ドライバー,求人ボックス,https://xn--pckua2a7gp15o89zb.com/jb/8126160b708080150dd7d92b16c3d1b9,True,10時間前,2026-10-03 05:00:32,岐阜県
ドライバー・運転手、仕分け・シール貼り新着,株式会社ロジクエスト,岐阜県,"月給46万2,000円",正社員,ドライバー,求人ボックス,https://xn--pckua2a7gp15o89zb.com/jb/68d559b3d654d6b7118ded369ac30392,True,6時間前,2026-10-03 05:00:32,岐阜県
通所介護の介護職・ヘルパー／無資格・未経験OK／ドライバーの募集新着,jobフレンド,岐阜県,"時給1,200円",アルバイト・パート,ドライバー,求人ボックス,https://xn--pckua2a7gp15o89zb.com/jb/710dfed30f255d6c854c74b9dab3fc2a,True,22時間前,2026-10-03 05:00:35,岐阜県
製造スタッフ／仕分け・シール貼り／検品 DIY好きならハマるかも 工具を使ってオーダー家具づくり新着,ジョブシティ,岐阜県,"時給1,300円～1,625円",派遣社員,ドライバー,求人ボックス,https://xn--pckua2a7gp15o89zb.com/jb/524e7618f44ccc501aa3fc74019a2609,True,17時間前,2026-10-03 05:00:35,岐阜県
「汚れを確認するだけのお仕事」／レターセットの検品・梱包／スピード選考／女性スタッフ活躍中新着,株式会社Tetote,岐阜県,"月給37万5,000円",正社員,ドライバー,求人ボックス,https://xn--pckua2a7gp15o89zb.com/jbn/1c904007238ca2f0c11e54a71cb074f7,True,15時間前,2026-10-03 05:00:35,岐阜県
未経験から日用品づくりに挑戦!／スープジャー部品の製造オペレーター／交通費支給／学歴不問新着,...手順書に沿って進めるシンプル工程 未経験向けの研修・フォローあり コツコツ確認する作業が多め 作業スピードよりも、正確に続ける姿勢を大切にしています。 異業種からの転職も歓迎/販売・接客・事務・,岐阜県,"月給41万4,000円",正社員,ドライバー,求人ボックス,https://xn--pckua2a7gp15o89zb.com/jbn/e6babf6d6fd71db7366a5806537f3a14,True,12時間前,2026-10-03 05:00:39,岐阜県
「残業少なめで定時に帰れる」／スマートフォンケースの検品作業／安定収入／賞与あり／土日祝休み新着,株式会社SNJAPAN,岐阜県,月給30万円～33万円,正社員,ドライバー,求人ボックス,https://xn--pckua2a7gp15o89zb.com/jbn/9f1fb5c9b878261ce2b946731e306463,True,15時間前,2026-10-03 05:00:39,岐阜県
研修ありで安心の製造サポート!／モバイルストラップの出荷前確認スタッフ／年間休日130日以上新着,...手順書に沿って進めるシンプル工程 未経験向けの研修・フォローあり コツコツ確認する作業が多め 日勤・夜勤・交替勤務など、希望や配属に応じて相談できます。 異業種からの転職も歓迎/販売・接客・事務,岐阜県,"月給45万8,000円",正社員,ドライバー,求人ボックス,https://xn--pckua2a7gp15o89zb.com/jbn/33ddc25d4c65b83bbd4d1b6d90f08cb8,True,12時間前,2026-10-03 05:00:39,岐阜県
チームで進める製造サポート!／スポーツサングラス部品の出荷前検査スタッフ／寮費無料／土日休みあり新着,...マニュアル通りに進めるシンプル工程 先輩スタッフのフォローあり 細かい確認や軽い部品作業が中心 日勤中心で生活リズムを整えやすい職場です。 未経験・異業種からの転職も歓迎/接客・販売・事務・,岐阜県,"月給35万9,000円",正社員,ドライバー,求人ボックス,https://xn--pckua2a7gp15o89zb.com/jbn/2798eb9167ed6a2f5d8d115638a9068c,True,12時間前,2026-10-03 05:00:43,岐阜県
高収入と休日を両立しやすい!／コスメ容器パーツの加工サポート／福利厚生充実／引越しサポートあり新着,...マニュアル通りに進めるシンプル工程 先輩スタッフのフォローあり 細かい確認や軽い部品作業が中心 日勤中心で生活リズムを整えやすい職場です。 未経験・異業種からの転職も歓迎/接客・販売・事務・,岐阜県,月給33万円～39万,正社員,ドライバー,求人ボックス,https://xn--pckua2a7gp15o89zb.com/jbn/0fa37fcfd6faeb4042ce3e32f4c3da7c,True,12時間前,2026-10-03 05:00:43,岐阜県
「清掃」ゴルフ場リネン・館内清掃スタッフ新着,株式会社ベル,岐阜県,"時給1,200円",派遣社員,清掃,求人ボックス,https://xn--pckua2a7gp15o89zb.com/jb/c5dacbd5009b9f282050e3633bea3c93,True,12時間前,2026-10-03 05:00:30,岐阜県
設備管理スタッフ新着,昭和建物管理株式会社,岐阜県,"日給9,000円～1万",正社員,清掃,求人ボックス,https://xn--pckua2a7gp15o89zb.com/jb/1c52223edf79dc00d7af3d30b8f3530e,True,10時間前,2026-10-03 05:00:30,岐阜県
レジ打ち／精肉・青果・鮮魚／店長・マネージャー候補 高時給 夕方から時給1 700円新着,ジョブシティ,岐阜県,時給1,派遣社員,清掃,求人ボックス,https://xn--pckua2a7gp15o89zb.com/jb/a89d5b6eb5ddd495478caabc823b3d8c,True,17時間前,2026-10-03 05:00:30,岐阜県
老舗温泉旅館の館内雑務スタッフ新着,ワークウィーズ株式会社,岐阜県,"時給1,150円～",正社員,清掃,求人ボックス,https://xn--pckua2a7gp15o89zb.com/jb/d1e62daf3e944c564671839d0a84af6a,True,10時間前,2026-10-03 05:00:30,岐阜県
未経験&ブランク大歓迎／子育て世代も活躍中／誰でもできちゃう 覚えやすい清掃⏩がちゃぽん垂井店新着,株式会社立岩,岐阜県,"時給1,160円～1,650円",アルバイト・パート,清掃,求人ボックス,https://xn--pckua2a7gp15o89zb.com/jb/9cab4c8be78ea76369d54e1377b7f68d,True,5時間前,2026-10-03 05:00:30,岐阜県
新車の洗車と清掃作業 未経験可 週5日勤務 運転なし 年3回の10連休 シニア世代におすすめ新着,株式会社東海車輌,岐阜県,"時給1,130円",アルバイト・パート,清掃,求人ボックス,https://xn--pckua2a7gp15o89zb.com/jb/2dd6551e71884d0774bad1fc1bcd16d1,True,4時間前,2026-10-03 05:00:31,岐阜県
串カツ田中のホールキッチンスタッフ新着,株式会社ユニシアホールディングス,岐阜県,"月給26万1,000円",正社員,清掃,求人ボックス,https://xn--pckua2a7gp15o89zb.com/jb/1aab4db7e5074c6693c331bc86eca43c,True,4時間前,2026-10-03 05:00:31,岐阜県
ペットショップの生体管理スタッフ／七宝店週5日からOK／車でラクラク通勤／経験ゼロから始められる新着,株式会社犬の家 七宝店,岐阜県,"月給20万6,000円",正社員,清掃,求人ボックス,https://xn--pckua2a7gp15o89zb.com/jbn/d6a2990c75f181d04cce8c29b109f844,True,22時間前,2026-10-03 05:00:31,岐阜県
ペットショップの店舗販売・案内スタッフ新着,ペットショップCoo&RIKU 各務原店,岐阜県,"月給21万6,000円",正社員,清掃,求人ボックス,https://xn--pckua2a7gp15o89zb.com/jb/d7b2d14dbce683ed236ef279a7dadb71,True,10時間前,2026-10-03 05:00:31,岐阜県
大垣市エリアのお仕事! おたからや／リユースの接客買取／未経験OK・年休123日・賞与3回新着,株式会社ディンプル,岐阜県,月給28万円,正社員,清掃,求人ボックス,https://xn--pckua2a7gp15o89zb.com/jb/1c62655cb4d43f255a2b1a9d5315ee05,True,10時間前,2026-10-03 05:00:31,岐阜県
ペットショップの店長候補新着,ペットショップCoo&RIKU 岐阜店,岐阜県,"月給26万6,000円",正社員,清掃,求人ボックス,https://xn--pckua2a7gp15o89zb.com/jb/249d96b6e995e5394cf92b8d2ff8e037,True,10時間前,2026-10-03 05:00:31,岐阜県
食品スーパーのお惣菜コーナーの清掃・値引き値付け新着,株式会社ヤスサキ グルメ館 森田店,岐阜県,"時給1,112円～",アルバイト・パート,清掃,求人ボックス,https://xn--pckua2a7gp15o89zb.com/jb/654296e695f70f24dbd62fb2991119fe,True,10時間前,2026-10-03 05:00:35,岐阜県
ペットショップの店長候補新着,ペットショップCoo&RIKU 岐南店,岐阜県,"月給26万6,000円",正社員,清掃,求人ボックス,https://xn--pckua2a7gp15o89zb.com/jb/21e742f2befec392835d91fbb8bee510,True,10時間前,2026-10-03 05:00:35,岐阜県
「数を確認して袋に入れるだけ」／ボルトの梱包／女性スタッフ活躍中／未経験OK／ブランクOK新着,三陽工業株式会社,岐阜県,月給19万円～36万円,正社員,清掃,求人ボックス,https://xn--pckua2a7gp15o89zb.com/jbn/8f33913b3679c867cb070adced1b2a3d,True,14時間前,2026-10-03 05:00:35,岐阜県
商業施設内ジムのホスピタリティスタッフ／アクロスプラザ関店／週3日～／午後のみOK／福利厚生充実新着,株式会社Wellness Land,岐阜県,"時給1,300円～1,700円",アルバイト・パート,清掃,求人ボックス,https://xn--pckua2a7gp15o89zb.com/jb/769439ca3d0d3e3ce657a31da639a4f2,True,4時間前,2026-10-03 05:00:35,岐阜県
家電の部品交換メンテナンススタッフ新着,ギグワークスアドバリュー株式会社,岐阜県,日給2万円～,,清掃,求人ボックス,https://xn--pckua2a7gp15o89zb.com/jb/a538e331a8f27ca86b003e9268c91012,True,6時間前,2026-10-03 05:00:38,岐阜県
オープニングスタッフ募集 週5日・平日のみ!オフィス 内での日常清掃のお仕事です新着,株式会社サンライトサービス,岐阜県,"時給1,300円",アルバイト・パート,清掃,求人ボックス,https://xn--pckua2a7gp15o89zb.com/jb/67196aaed8ff811c41673e767e2d5532,True,13時間前,2026-10-03 05:00:38,岐阜県
"有料老人ホームの介護職・ヘルパー／夜勤手当1万2,000円／緑に囲まれた自然豊かな施設です新着",jobフレンド,岐阜県,"月給19万2,500円",正社員,清掃,求人ボックス,https://xn--pckua2a7gp15o89zb.com/jb/71e9ee7b0d9e3f91695a7231e977e225,True,22時間前,2026-10-03 05:00:38,岐阜県
すき家の店舗スタッフ 接客・調理・清掃など新着,すき家,岐阜県,"時給1,180円",アルバイト・パート,清掃,求人ボックス,https://xn--pckua2a7gp15o89zb.com/jb/4b4b233429e66e8e9e71fe15486877b4,True,1時間前,2026-10-03 05:00:38,岐阜県
リゾートバイト／バイキングレストランサービス新着,株式会社ダイブ,岐阜県,"時給1,400円～",派遣社員,清掃,求人ボックス,https://xn--pckua2a7gp15o89zb.com/jb/bf944827979ff4f6b81f23086708eb50,True,23時間前,2026-10-03 05:00:38,岐阜県
スキマバイトより安定して稼げる事務スタッフ新着,古川製材株式会社,岐阜県,"時給1,150円～1,500円",アルバイト・パート,清掃,求人ボックス,https://xn--pckua2a7gp15o89zb.com/jb/e68003d369b5b3c2b18aca1e555c6847,True,18時間前,2026-10-03 05:00:38,岐阜県
社会保険完備の職場で医療事務／受付新着,黒岩内科クリニック,岐阜県,"月給17万5,000円",正社員,清掃,求人ボックス,https://xn--pckua2a7gp15o89zb.com/jb/86964b2c68c304d9333f0afcd70f2fa0,True,7時間前,2026-10-03 05:00:38,岐阜県
デジタルプリンター製造・検品スタッフ／未経験歓迎!コツコツ取り組めるシンプル作業新着,IBS即戦力人財株式会社,岐阜県,"時給1,450円",派遣社員,清掃,求人ボックス,https://xn--pckua2a7gp15o89zb.com/jb/6541664528d1dfd5fc723a1198e2c840,True,14時間前,2026-10-03 05:00:42,岐阜県
医薬品登録販売者新着,株式会社クスリのアオキ クスリのアオキ 六条北店,岐阜県,"時給1,200円～1,430円",アルバイト・パート,清掃,求人ボックス,https://xn--pckua2a7gp15o89zb.com/jb/d79691479b44e05e4744a28265ca961a,True,22時間前,2026-10-03 05:00:42,岐阜県
未経験歓迎 食パンの製造補助 カンタン軽作業新着,株式会社IGF,岐阜県,月給30万円～36万円,正社員,清掃,求人ボックス,https://xn--pckua2a7gp15o89zb.com/jb/61515fbe52f610deb3fdc27c4810a685,True,14時間前,2026-10-03 05:00:42,岐阜県
カーコーティング・内装クリーニング新着,ASAP 土岐多治見店,岐阜県,"月給22万7,000円",正社員,清掃,求人ボックス,https://xn--pckua2a7gp15o89zb.com/jb/29e950b1b8b2b3ea7ade8f1a912f1d31,True,4時間前,2026-10-03 05:00:42,岐阜県
カーコーティング・内装クリーニング新着,ASAP土岐多治見店,岐阜県,"月給25万3,000円",正社員,清掃,求人ボックス,https://xn--pckua2a7gp15o89zb.com/jb/b3f541a10200cb6cb2f67064e95cfdf9,True,4時間前,2026-10-03 05:00:42,岐阜県
医薬品登録販売者新着,株式会社クスリのアオキ クスリのアオキ 北島店,岐阜県,"時給1,200円～1,430円",アルバイト・パート,清掃,求人ボックス,https://xn--pckua2a7gp15o89zb.com/jb/84115b8c01f350dbe00c39f64ef73194,True,22時間前,2026-10-03 05:00:42,岐阜県
医薬品登録販売者新着,株式会社クスリのアオキ クスリのアオキ 今渡店,岐阜県,"時給1,200円～1,430円",アルバイト・パート,清掃,求人ボックス,https://xn--pckua2a7gp15o89zb.com/jb/600ddb45e02e82c0fbeb414b07d78eca,True,22時間前,2026-10-03 05:00:42,岐阜県
医薬品登録販売者新着,株式会社クスリのアオキ クスリのアオキ 土岐肥田店,岐阜県,"時給1,200円～1,430円",アルバイト・パート,清掃,求人ボックス,https://xn--pckua2a7gp15o89zb.com/jb/a51306c9935460cf49e174680be647f2,True,22時間前,2026-10-03 05:00:42,岐阜県
医薬品登録販売者新着,株式会社クスリのアオキ クスリのアオキ 宝町店,岐阜県,"時給1,200円～1,430円",アルバイト・パート,清掃,求人ボックス,https://xn--pckua2a7gp15o89zb.com/jb/b79f7ffb6e26157fe4c723c688ec31d6,True,22時間前,2026-10-03 05:00:45,岐阜県
医薬品登録販売者新着,株式会社クスリのアオキ クスリのアオキ 鋳物師屋店,岐阜県,"時給1,200円～1,430円",アルバイト・パート,清掃,求人ボックス,https://xn--pckua2a7gp15o89zb.com/jb/58b841436d352e5fd0f331d79d10a586,True,22時間前,2026-10-03 05:00:45,岐阜県
医薬品登録販売者新着,株式会社クスリのアオキ クスリのアオキ 上岡本店,岐阜県,"時給1,200円～1,430円",アルバイト・パート,清掃,求人ボックス,https://xn--pckua2a7gp15o89zb.com/jb/725d085435cc44aa87e87a8c13c621b3,True,22時間前,2026-10-03 05:00:45,岐阜県
医薬品登録販売者新着,株式会社クスリのアオキ クスリのアオキ 竹鼻店,岐阜県,"時給1,200円～1,430円",アルバイト・パート,清掃,求人ボックス,https://xn--pckua2a7gp15o89zb.com/jb/fc05958b351dfee42a6dbc5b61c04a19,True,22時間前,2026-10-03 05:00:45,岐阜県
医薬品登録販売者新着,株式会社クスリのアオキ クスリのアオキ 広見店,岐阜県,"時給1,200円～1,430円",アルバイト・パート,清掃,求人ボックス,https://xn--pckua2a7gp15o89zb.com/jb/3280b6264bf6c1e84c9dcdd38f2a80b6,True,22時間前,2026-10-03 05:00:45,岐阜県
調理スタッフ新着,トーカイフーズ株式会社,岐阜県,"時給1,180円～",アルバイト・パート,清掃,求人ボックス,https://xn--pckua2a7gp15o89zb.com/jb/6c757352a79f2ff7d4a958c4368c6af6,True,15時間前,2026-10-03 05:00:45,岐阜県
カーコーティング・内装クリーニング新着,ASAP岐阜21号バイパス店,岐阜県,"月給25万3,000円",正社員,清掃,求人ボックス,https://xn--pckua2a7gp15o89zb.com/jb/dd7a04749f53ab5ec3a4fbd96f9cacb7,True,4時間前,2026-10-03 05:00:45,岐阜県
調理スタッフ・無資格可の調理師／調理スタッフ新着,岐阜マルタマフーズ株式会社 有料老人ホーム ぬく...,岐阜県,"時給1,200円～1,300円",アルバイト・パート,清掃,求人ボックス,https://xn--pckua2a7gp15o89zb.com/jb/30bab5b33807daad14b809c72aabe627,True,7時間前,2026-10-03 05:00:49,岐阜県
医薬品登録販売者新着,株式会社クスリのアオキ クスリのアオキ 岐阜羽島...,岐阜県,"時給1,200円～1,430円",アルバイト・パート,清掃,求人ボックス,https://xn--pckua2a7gp15o89zb.com/jb/0e7f4db36087fb0bc762e56261cf1d56,True,22時間前,2026-10-03 05:00:49,岐阜県
医薬品登録販売者新着,株式会社クスリのアオキ クスリのアオキ 小瀬店,岐阜県,"時給1,200円～1,430円",アルバイト・パート,清掃,求人ボックス,https://xn--pckua2a7gp15o89zb.com/jb/a683c0c3e67ba5d15755634e06dfcbe6,True,22時間前,2026-10-03 05:00:49,岐阜県
医薬品登録販売者新着,株式会社クスリのアオキ クスリのアオキ 北方中央店,岐阜県,"時給1,200円～1,430円",アルバイト・パート,清掃,求人ボックス,https://xn--pckua2a7gp15o89zb.com/jb/f5cde329b9d4b918bf756f88098b071f,True,22時間前,2026-10-03 05:00:49,岐阜県
カーコーティング・内装クリーニング新着,ASAP 大垣店,岐阜県,"月給22万7,000円",正社員,清掃,求人ボックス,https://xn--pckua2a7gp15o89zb.com/jb/a4fc04832ec6ce506d5669091b01804c,True,4時間前,2026-10-03 05:00:49,岐阜県
水道工事士・水回りリフォーム 専門技術が身につく施工スタッフ新着,SkyHunt株式会社,岐阜県,月給26万円～53万,正社員,清掃,求人ボックス,https://xn--pckua2a7gp15o89zb.com/jb/5520edf3f40e68be6ac392b472433bc2,True,5時間前,2026-10-03 05:00:49,岐阜県
カーコーティング・内装クリーニング新着,ASAP岐阜東バイパス店,岐阜県,"月給25万3,000円",正社員,清掃,求人ボックス,https://xn--pckua2a7gp15o89zb.com/jb/ec6e005483a65265a5d6738c069f603c,True,4時間前,2026-10-03 05:00:53,岐阜県
カーコーティング・内装クリーニング新着,ASAP大垣店,岐阜県,"月給25万3,000円",正社員,清掃,求人ボックス,https://xn--pckua2a7gp15o89zb.com/jb/82362079fc9195f62af99301224b06c7,True,4時間前,2026-10-03 05:00:53,岐阜県
カーコーティング・内装クリーニング新着,ASAP 岐阜21号バイパス店,岐阜県,"月給22万7,000円",正社員,清掃,求人ボックス,https://xn--pckua2a7gp15o89zb.com/jb/2d8886bb748eceaa15fb50c37ac76a7b,True,4時間前,2026-10-03 05:00:53,岐阜県
医薬品登録販売者新着,株式会社クスリのアオキ クスリのアオキ 高富店,岐阜県,"時給1,200円～1,430円",アルバイト・パート,清掃,求人ボックス,https://xn--pckua2a7gp15o89zb.com/jb/e2b2667d658b77bcfdf2a93e1e2926d8,True,22時間前,2026-10-03 05:00:53,岐阜県
医薬品登録販売者新着,株式会社クスリのアオキ クスリのアオキ 加納桜道店,岐阜県,"時給1,200円～1,430円",アルバイト・パート,清掃,求人ボックス,https://xn--pckua2a7gp15o89zb.com/jb/b88c1befcec0a03a0e274583e3fc7de7,True,22時間前,2026-10-03 05:00:53,岐阜県
医薬品登録販売者新着,株式会社クスリのアオキ クスリのアオキ 美濃太田店,岐阜県,"時給1,200円～1,430円",アルバイト・パート,清掃,求人ボックス,https://xn--pckua2a7gp15o89zb.com/jb/05b544172a4c5b189fcc669042e1b14d,True,22時間前,2026-10-03 05:00:56,岐阜県
医薬品登録販売者新着,株式会社クスリのアオキ クスリのアオキ 下有知店,岐阜県,"時給1,200円～1,430円",アルバイト・パート,清掃,求人ボックス,https://xn--pckua2a7gp15o89zb.com/jb/b0e32a99a1bd3e3e70f24641dbddcd75,True,22時間前,2026-10-03 05:00:56,岐阜県
受付業務などを行う歯科助手新着,北村歯科医院,岐阜県,"月給20万5,000円",正社員,清掃,求人ボックス,https://xn--pckua2a7gp15o89zb.com/jb/a7c090d0cffa300b78107cb9db76b080,True,7時間前,2026-10-03 05:00:56,岐阜県
医薬品登録販売者新着,株式会社クスリのアオキ クスリのアオキ 茜部店,岐阜県,"時給1,200円～1,430円",アルバイト・パート,清掃,求人ボックス,https://xn--pckua2a7gp15o89zb.com/jb/324da70eb9c257d7eb95fae202f1d1c2,True,22時間前,2026-10-03 05:00:56,岐阜県
医薬品登録販売者新着,株式会社クスリのアオキ クスリのアオキ 笠松長池店,岐阜県,"時給1,200円～1,430円",アルバイト・パート,清掃,求人ボックス,https://xn--pckua2a7gp15o89zb.com/jb/4b3416ec1f62b36d63a26a0a205af8fb,True,22時間前,2026-10-03 05:00:56,岐阜県
医薬品登録販売者新着,株式会社クスリのアオキ クスリのアオキ 大佐野店,岐阜県,"時給1,200円～1,430円",アルバイト・パート,清掃,求人ボックス,https://xn--pckua2a7gp15o89zb.com/jb/f95f0cb6f5bcaef949808429b873351b,True,22時間前,2026-10-03 05:00:56,岐阜県
カーコーティング・内装クリーニング新着,ASAP 岐阜東バイパス店,岐阜県,"月給22万7,000円",正社員,清掃,求人ボックス,https://xn--pckua2a7gp15o89zb.com/jb/3ca42f6173157813791b8012d99d330e,True,4時間前,2026-10-03 05:00:59,岐阜県
医薬品登録販売者新着,株式会社クスリのアオキ クスリのアオキ 皐ケ丘店,岐阜県,"時給1,200円～1,430円",アルバイト・パート,清掃,求人ボックス,https://xn--pckua2a7gp15o89zb.com/jb/88721759bafa75156b57586e9023dd9f,True,22時間前,2026-10-03 05:00:59,岐阜県
医薬品登録販売者新着,株式会社クスリのアオキ クスリのアオキ 三ツ池店,岐阜県,"時給1,200円～1,430円",アルバイト・パート,清掃,求人ボックス,https://xn--pckua2a7gp15o89zb.com/jb/dc43a3b2add1a21a7bf6ec158b719326,True,22時間前,2026-10-03 05:00:59,岐阜県
"岐阜タンメンで店舗スタッフ／1日3時間から始める「飲食」!""岐阜タンメン""の店舗スタッフ 接客新着",株式会社岐阜タンメンBBC,岐阜県,"時給1,200円～1,500円",アルバイト・パート,清掃,求人ボックス,https://xn--pckua2a7gp15o89zb.com/jb/9ac588967199497a0eccb5f79e41c0b6,True,9時間前,2026-10-03 05:00:59,岐阜県
一般事務・OA事務 ／ データエントリー業務／最近人気の現場事務!新着,パーソルテンプスタッフ株式会社,岐阜県,"時給1,500円",派遣社員,清掃,求人ボックス,https://xn--pckua2a7gp15o89zb.com/jb/d554a1f4409d9282f97d19d2f45158e6,True,17時間前,2026-10-03 05:00:59,岐阜県
ショップ販売／ジュエリー販売スタッフ／シンプルで洗練されたデザインを追求新着,エステールホールディングス株式会社,岐阜県,月給21万円～,正社員,清掃,求人ボックス,https://xn--pckua2a7gp15o89zb.com/jb/f04ffe1579666d836b8e6edad4e25ef9,True,23時間前,2026-10-03 05:00:59,岐阜県
リゾートバイト／業務全般／大自然と名湯に癒やされる静かな環境で働きたい方必見 奥飛騨の和風宿!新着,株式会社アルファスタッフ,岐阜県,"時給1,250円",派遣社員,清掃,求人ボックス,https://xn--pckua2a7gp15o89zb.com/jb/cf6dfe51852656800375f972b1dec882,True,19時間前,2026-10-03 05:00:59,岐阜県
データ入力事務／未経験OK「ネイルOK」土日祝休み・残業なし「20代活躍中」新着,歯科衛生士,静岡県,"月給21万2,500円",正社員,歯科,求人ボックス,https://xn--pckua2a7gp15o89zb.com/jbn/bf9da724ed9409b000e1d13c17743417,True,22時間前,2026-10-03 05:01:03,静岡県
人材派遣の営業! 未経験OKの法人営業職／年340万・転勤なし・直行直帰OK・フレックス制新着,株式会社ディンプル,岐阜県,"月給23万5,000円",正社員,派遣,求人ボックス,https://xn--pckua2a7gp15o89zb.com/jb/fec69f62650b7c07af2ec04edbdb73c9,True,10時間前,2026-10-03 05:00:44,岐阜県
検査／検品／工場・製造系 女性活躍中 軽い部品チェックで月収33万円以上も可 土日休み新着,ジョブシティ,岐阜県,"時給1,600円～2,000円",派遣社員,派遣,求人ボックス,https://xn--pckua2a7gp15o89zb.com/jb/3290743bec871015444a19f00d7636bf,True,17時間前,2026-10-03 05:00:44,岐阜県
「入寮可」サバゲー用品のピッキング新着,セブンエージェント株式会社,岐阜県,"時給1,400円～",派遣社員,派遣,求人ボックス,https://xn--pckua2a7gp15o89zb.com/jb/9c8d2d1446a0f57dc076c3e8ef75dc6d,True,14時間前,2026-10-03 05:00:46,岐阜県
営業／18時まで 契約手続き案内など!未経験OK 食堂利用可能新着,株式会社スタッフサービス,岐阜県,"時給1,900円",派遣社員,派遣,求人ボックス,https://xn--pckua2a7gp15o89zb.com/jb/e2a6edb8fa4f1b09dd552c1e7cbd1bc7,True,16時間前,2026-10-03 05:00:46,岐阜県
音声スタッフ 経験者歓迎!週4日勤務 地域番組・配信映像新着,株式会社フェローズ,岐阜県,"時給1,300円～1,400円",派遣社員,派遣,求人ボックス,https://xn--pckua2a7gp15o89zb.com/jb/7e50c8f8bdc34f44e95858aac99cb7f1,True,16時間前,2026-10-03 05:00:46,岐阜県
大手企業内での製品の入出庫・梱包作業／20代～40代活躍中／経験不問／週払い制度／土日休み新着,株式会社ティーエム・テックス,岐阜県,"時給1,200円～",派遣社員,派遣,求人ボックス,https://xn--pckua2a7gp15o89zb.com/jbn/ccb688907e7deb67f620993712864388,True,23時間前,2026-10-03 05:00:49,岐阜県
軽作業／未経験歓迎! 髪色自由 4名募 コツコツ作業新着,マンパワーグループ株式会社,岐阜県,"時給1,500円",派遣社員,派遣,求人ボックス,https://xn--pckua2a7gp15o89zb.com/jb/cba386c5e1785c9f6dd35d0e572c6f4e,True,2時間前,2026-10-03 05:00:49,岐阜県
自動車製造工場でのプレス・マシンオペレーター・塗装・組立／日勤／2交替／立ち作業新着,シーデーピージャパン株式会社,岐阜県,"時給1,900円～2,375円",派遣社員,派遣,求人ボックス,https://xn--pckua2a7gp15o89zb.com/jb/fd4dcb0ea6ff0582f820e777529df24f,True,13時間前,2026-10-03 05:00:49,岐阜県
未経験OK スマホの受付スタッフ 月給26万円～新着,グローバルヒューマンブリッジ,岐阜県,月給26万円～,正社員,派遣,求人ボックス,https://xn--pckua2a7gp15o89zb.com/jb/4acac2ec329e183adad83481d92d9aca,True,18時間前,2026-10-03 05:00:52,岐阜県
無資格&未経験OK ネオキャリアの介護ワーク!週2日～時間選べる 家事との両立も 履歴書不要新着,株式会社ネオキャリア ナイス,岐阜県,"時給1,400円～1,650円",派遣社員,派遣,求人ボックス,https://xn--pckua2a7gp15o89zb.com/jb/171b31d5b49aa227a845194861983ae2,True,14時間前,2026-10-03 05:00:52,岐阜県
高時給1600円 長期勤務OK 未経験者大歓迎 機械オペレーター業務新着,株式会社テクノサービス,岐阜県,時給1600円,派遣社員,派遣,求人ボックス,https://xn--pckua2a7gp15o89zb.com/jb/0f258435b84a9a094f286cc0e06168b2,True,22時間前,2026-10-03 05:00:56,岐阜県
部品のピッキング／空調完備／土日休み／日勤新着,株式会社グロップ,岐阜県,"時給1,400円～1,750円",派遣社員,派遣,求人ボックス,https://xn--pckua2a7gp15o89zb.com/jb/6e0ff2ec630e0388a79da1df80419cae,True,5時間前,2026-10-03 05:00:56,岐阜県
安心環境／基板検査オペレーター新着,株式会社アイルビー,岐阜県,月給25万円～35万円,派遣社員,派遣,求人ボックス,https://xn--pckua2a7gp15o89zb.com/jb/9fd1ad3f8bedaeb00ddeb7f50fc169a9,True,3時間前,2026-10-03 05:00:56,岐阜県
機械加工 金属加工業新着,株式会社ZOLVAS,岐阜県,"時給1,250円",派遣社員,派遣,求人ボックス,https://xn--pckua2a7gp15o89zb.com/jb/098bc2abd7eed9a643bdfabafc129949,True,13時間前,2026-10-03 05:01:00,岐阜県
「派遣」から「正社員」へ!安定のステージにレベルアップ新着,セキュリティスタッフ株式会社,岐阜県,日給1万200円,正社員,派遣,求人ボックス,https://xn--pckua2a7gp15o89zb.com/jb/9917b02af6d17ea7d621343bc538ffb8,True,13時間前,2026-10-03 05:01:00,岐阜県
「SNSで人気の会社で働く!」／ブレーキペダルの製造スタッフ／未経験歓迎／研修あり新着,三陽工業株式会社,岐阜県,"月給19万5,000円",正社員,派遣,求人ボックス,https://xn--pckua2a7gp15o89zb.com/jbn/63745e3381e9bc2c6bd665adf54d4049,True,14時間前,2026-10-03 05:01:00,岐阜県
WEB面接対応／布製エコアイテム仕分作業／面接日を相談できる／若手スタッフ活躍中／新生活応援新着,株式会社Vialevo,岐阜県,"時給1,810円",派遣社員,派遣,求人ボックス,https://xn--pckua2a7gp15o89zb.com/jbn/c5d2e6a2ffdbc90221810d870d1ae42f,True,18時間前,2026-10-03 05:01:02,岐阜県
ポータブル炭酸ガス発生器の点検スタッフ／WEB面接対応／工場勤務が初めてでも応募OK新着,株式会社リッチ&ビルド,岐阜県,"時給1,870円",派遣社員,派遣,求人ボックス,https://xn--pckua2a7gp15o89zb.com/jbn/61b7de5b188a54c555ba58c941c467c7,True,18時間前,2026-10-03 05:01:02,岐阜県
「コツコツ検査作業!」基板を作る機械操作スタッフ／20代から30代活躍中!／空調完備新着,株式会社日本ケイテム,岐阜県,"時給1,500円～",アルバイト・パート,派遣,求人ボックス,https://xn--pckua2a7gp15o89zb.com/jbn/8ff58f8e9b767d9a6c06319897fca431,True,20時間前,2026-10-03 05:01:02,岐阜県
自動車部品の軽作業スタッフ新着,株式会社ジャパン・リリーフ,岐阜県,"時給1,300円～",派遣社員,派遣,求人ボックス,https://xn--pckua2a7gp15o89zb.com/jbn/66a36111ecee60729c9b79ca83bd9e89,True,18時間前,2026-10-03 05:01:07,岐阜県
紙皿の製造・機械オペレーター／検品・梱包・ピッキング／簡単すぎて大人気／寮費無料新着,株式会社FAT FORWARD,岐阜県,"時給1,520円～",アルバイト・パート,派遣,求人ボックス,https://xn--pckua2a7gp15o89zb.com/jb/2402322e9777aeeb27878d0537f3ddde,True,14時間前,2026-10-03 05:01:11,岐阜県
モクモク作業が好きな方へ!／フードコンテナの検査スタッフ／年間休日125日以上／高収入可新着,スタッフ,岐阜県,"月給40万6,000円",正社員,派遣,求人ボックス,https://xn--pckua2a7gp15o89zb.com/jbn/4c2c105d5b24b8d7430ed817d88f96c6,True,12時間前,2026-10-03 05:01:14,岐阜県
「人気サービスの裏側へ」／カスタマーサポート／残業少なめ／未経験歓迎／PC基礎からOK新着,...難しい知識が不要で、プレイヤー目線が活かせる仕事として選択。 「PCは普段使いレベル。でもIT業界に挑戦したい」と入社した元,岐阜県,月給32万円～37万,正社員,飲食,求人ボックス,https://xn--pckua2a7gp15o89zb.com/jbn/4d3c2e9858194328bae172090288d027,True,11時間前,2026-10-03 05:00:48,岐阜県
「将来につながるITワーク」／動作検証スタッフ／服装自由／資格取得支援／賞与あり新着,スタッフ,岐阜県,月給31万円～36万,正社員,飲食,求人ボックス,https://xn--pckua2a7gp15o89zb.com/jbn/e27f9a38522f02b33dcf5a21d44d34ec,True,11時間前,2026-10-03 05:00:48,岐阜県
「正社員デビュー応援」／デバッグスタッフ／賞与あり／完全週休2日制／有給取得率90%以上新着,スタッフ,岐阜県,"月給30万5,000円",正社員,飲食,求人ボックス,https://xn--pckua2a7gp15o89zb.com/jbn/f67dbfd0afb0fdbb327979ed8cd168d1,True,11時間前,2026-10-03 05:00:48,岐阜県
「安定して働ける内勤IT」／アプリ開発／人柄重視／第二新卒歓迎／完全週休2日制新着,...難しい知識が不要で、プレイヤー目線が活かせる仕事として選択。 「PCは普段使いレベル。でもIT業界に挑戦したい」と入社した元,岐阜県,"月給33万1,000円",正社員,飲食,求人ボックス,https://xn--pckua2a7gp15o89zb.com/jbn/b797ee26ec72ec216346b33921c178c9,True,11時間前,2026-10-03 05:00:48,岐阜県
「細かい気づきが評価される」／監視オペレーター／年間休日125日以上／コツコツ作業／土日祝休み新着,...難しい知識が不要で、プレイヤー目線が活かせる仕事として選択。 「PCは普段使いレベル。でもIT業界に挑戦したい」と入社した元,岐阜県,"月給31万8,000円",正社員,飲食,求人ボックス,https://xn--pckua2a7gp15o89zb.com/jbn/68cd1e2f5630a3200f65df821002c718,True,11時間前,2026-10-03 05:00:48,岐阜県
ペットフード・用品の品出しスタッフ／七宝店スキルアップで収入アップ／有給制度あり／初めての方もOK新着,株式会社犬の家 七宝店,岐阜県,"月給20万6,000円",正社員,飲食,求人ボックス,https://xn--pckua2a7gp15o89zb.com/jbn/db039a5a3dacf4af62f80b014f5e09b6,True,22時間前,2026-10-03 05:00:48,岐阜県
「コツコツ確認が得意な方へ」／QAテスター／年間休日125日以上／正社員デビュー応援新着,...難しい知識が不要で、プレイヤー目線が活かせる仕事として選択。 「PCは普段使いレベル。でもIT業界に挑戦したい」と入社した元,岐阜県,月給30万円～37万,正社員,飲食,求人ボックス,https://xn--pckua2a7gp15o89zb.com/jbn/a1ca4cdf7a464b988825b52e47f46825,True,11時間前,2026-10-03 05:00:48,岐阜県
「新しいことに挑戦したい方へ」／インフラエンジニア／内勤ワーク／キャリアアップ支援／資格取得支援新着,...難しい知識が不要で、プレイヤー目線が活かせる仕事として選択。 「PCは普段使いレベル。でもIT業界に挑戦したい」と入社した元,岐阜県,"月給33万5,000円",正社員,飲食,求人ボックス,https://xn--pckua2a7gp15o89zb.com/jbn/5c81d6c5e275ff48956cbe3eb592b30c,True,11時間前,2026-10-03 05:00:49,岐阜県
「未経験スタート多数」／webエンジニア／キャリアアップ支援／研修あり／土日祝休み新着,...難しい知識が不要で、プレイヤー目線が活かせる仕事として選択。 「PCは普段使いレベル。でもIT業界に挑戦したい」と入社した元,岐阜県,"月給33万8,000円",正社員,飲食,求人ボックス,https://xn--pckua2a7gp15o89zb.com/jbn/2294ff9582be34ebf94a358517a0e918,True,11時間前,2026-10-03 05:00:49,岐阜県
「IT業界デビュー歓迎」／マニュアル作成サポート／賞与あり／土日祝休み／完全週休2日制新着,...難しい知識が不要で、プレイヤー目線が活かせる仕事として選択。 「PCは普段使いレベル。でもIT業界に挑戦したい」と入社した元,岐阜県,"月給32万2,000円",正社員,飲食,求人ボックス,https://xn--pckua2a7gp15o89zb.com/jbn/5683ae1ae4831579f763735cf3706a11,True,11時間前,2026-10-03 05:00:49,岐阜県
「普段のスマホ経験が活かせる」／システム運用オペレーター／未経験歓迎／人柄重視／キャリアアップ支援新着,...難しい知識が不要で、プレイヤー目線が活かせる仕事として選択。 「PCは普段使いレベル。でもIT業界に挑戦したい」と入社した元,岐阜県,"月給31万5,000円",正社員,飲食,求人ボックス,https://xn--pckua2a7gp15o89zb.com/jbn/e65752d85c6e6ceb70f567203acb966c,True,11時間前,2026-10-03 05:00:49,岐阜県
「手順通り進めるIT業務」／アプリテスター／有給取得率90%以上／完全週休2日制／PC基礎からOK新着,...難しい知識が不要で、プレイヤー目線が活かせる仕事として選択。 「PCは普段使いレベル。でもIT業界に挑戦したい」と入社した元,岐阜県,"月給32万9,000円",正社員,飲食,求人ボックス,https://xn--pckua2a7gp15o89zb.com/jbn/4e28996983a26c84ec08281efb5ce888,True,11時間前,2026-10-03 05:00:49,岐阜県
「20代から始めやすいIT職」／ソフトウェアテスター／残業少なめ／服装自由／福利厚生充実新着,...難しい知識が不要で、プレイヤー目線が活かせる仕事として選択。 「PCは普段使いレベル。でもIT業界に挑戦したい」と入社した元,岐阜県,"月給30万3,000円",正社員,飲食,求人ボックス,https://xn--pckua2a7gp15o89zb.com/jbn/ce5bd4499c2a6711809440bfc7d57fb3,True,11時間前,2026-10-03 05:00:49,岐阜県
「注目のITサポート求人」／動作確認スタッフ／PC基礎からOK／内勤ワーク／資格取得支援新着,スタッフ,岐阜県,"月給30万7,000円",正社員,飲食,求人ボックス,https://xn--pckua2a7gp15o89zb.com/jbn/acd7651d8db25a1d6e25ec7e394992bf,True,11時間前,2026-10-03 05:00:49,岐阜県
「チェック中心で始めやすい」／データ管理スタッフ／PC基礎からOK／賞与あり／キャリアアップ支援新着,スタッフ,岐阜県,"月給32万4,000円",正社員,飲食,求人ボックス,https://xn--pckua2a7gp15o89zb.com/jbn/de318e1317b0571344dca96ce152d19b,True,11時間前,2026-10-03 05:00:53,岐阜県
「サポート好きに合う仕事」／チェック業務スタッフ／服装自由／若手活躍中／土日祝休み新着,スタッフ,岐阜県,"月給32万6,000円",正社員,飲食,求人ボックス,https://xn--pckua2a7gp15o89zb.com/jbn/56274fb78a55bc63c8449cd63a5e79f8,True,11時間前,2026-10-03 05:00:53,岐阜県
週2～ 日払い&手渡しOK 家庭と両立できる居心地の良さ!20～60代活躍中新着,株式会社二文字屋,岐阜県,"時給1,100円～1,350円",アルバイト・パート,飲食,求人ボックス,https://xn--pckua2a7gp15o89zb.com/jb/958bb5b01b0af4276f3898b81c4ef285,True,13時間前,2026-10-03 05:00:53,岐阜県
「仕事とプライベートを両立!」／液晶パネルの製造スタッフ／未経験歓迎／研修あり新着,三陽工業株式会社,岐阜県,"月給19万5,000円",正社員,飲食,求人ボックス,https://xn--pckua2a7gp15o89zb.com/jbn/ed631d5081a28a3ed7cf1660be7923a0,True,14時間前,2026-10-03 05:00:53,岐阜県
「新生活デビュー応援!」未経験採用枠／製造工場での軽作業・カプセルトイ／プライベート充実新着,株式会社ライトキャリア,岐阜県,月給28万円～50万円,正社員,飲食,求人ボックス,https://xn--pckua2a7gp15o89zb.com/jb/33653e12cc1805e887d83e31c75f78aa,True,19時間前,2026-10-03 05:00:57,岐阜県
"1日3時間から始める「飲食」のお仕事!""岐阜タンメン""の店舗スタッフ 履歴書不要新着",株式会社岐阜タンメンBBC,岐阜県,"時給1,200円～1,500円",アルバイト・パート,飲食,求人ボックス,https://xn--pckua2a7gp15o89zb.com/jb/3302f6c74856a594aaf688c036b52379,True,14時間前,2026-10-03 05:00:57,岐阜県
「AI時代を生きる!」未経験採用枠／バグチェック／高収入／年間休日125日以上新着,株式会社Light BROTHERS,岐阜県,月給33万円～50万円,正社員,飲食,求人ボックス,https://xn--pckua2a7gp15o89zb.com/jb/88a5cfd2e7953adfa84b2ca196e3b9a4,True,19時間前,2026-10-03 05:00:57,岐阜県
まかない無料!土岐アウトレット内／7月オープンのフードコート天丼店スタッフ新着,オイシーズ株式会社,岐阜県,"時給1,150円～1,350円",アルバイト・パート,飲食,求人ボックス,https://xn--pckua2a7gp15o89zb.com/jb/700a2ed3e758ded8597de988c133e68f,True,18時間前,2026-10-03 05:01:00,岐阜県
シフト休／スマホ中心に販売代理店で店舗スタッフ／資格経験不要新着,テレニシ株式会社,岐阜県,月給18万円～30万円,正社員,飲食,求人ボックス,https://xn--pckua2a7gp15o89zb.com/jb/27d410be7f338b2c9ef4b2753edd3fd7,True,3時間前,2026-10-03 05:01:00,岐阜県
「コツコツ派必見」ゲーム機器の検品新着,セブンエージェント株式会社,岐阜県,"時給1,350円～",派遣社員,飲食,求人ボックス,https://xn--pckua2a7gp15o89zb.com/jb/b4752424baf0dbef8609aac24fd1feb5,True,14時間前,2026-10-03 05:01:04,岐阜県
60代・70代活躍中!未経験歓迎のオークション会場の車両警備スタッフ新着,株式会社パーミルセキュリティ,岐阜県,"日給1万4,500円",アルバイト・パート,飲食,求人ボックス,https://xn--pckua2a7gp15o89zb.com/jbn/4f57da134d310ebd4aad584a431167a2,True,16時間前,2026-10-03 05:01:04,岐阜県
「コツコツ派にぴったり!」ウェディング小物を扱う検品スタッフ／完全週休二日制／年間休日130日以上新着,スタッフ,岐阜県,"月給30万7,080円",正社員,飲食,求人ボックス,https://xn--pckua2a7gp15o89zb.com/jbn/2268f84ffe015a1559bec81f735a340e,True,15時間前,2026-10-03 05:01:04,岐阜県
日払い・週払いOK アイドルグッズのピッキング 学歴不問新着,株式会社IGF,岐阜県,月給30万円～35万円,正社員,飲食,求人ボックス,https://xn--pckua2a7gp15o89zb.com/jb/b559a3465054497721ce2cff8efbc062,True,14時間前,2026-10-03 05:01:08,岐阜県
ホールスタッフ・フロアスタッフ・調理スタッフ新着,CONV,岐阜県,月給11万円～,契約社員,飲食,求人ボックス,https://xn--pckua2a7gp15o89zb.com/jb/1b4adb641c7afc111ca8da51d326f89e,True,5時間前,2026-10-03 05:01:08,岐阜県
「身近な商品を扱う仕事!」ゲームグッズを扱う工場ワーク／車通勤OK／未経験OK／寮完備新着,スタッフ,岐阜県,"月給31万3,210円",正社員,飲食,求人ボックス,https://xn--pckua2a7gp15o89zb.com/jbn/861e22038c252e1932e12950a80f00bb,True,15時間前,2026-10-03 05:01:14,岐阜県
ドラッグストアの店舗運営・医薬品登録販売者新着,株式会社クスリのアオキ クスリのアオキ今渡店,岐阜県,"月給20万6,000円",正社員,飲食,求人ボックス,https://xn--pckua2a7gp15o89zb.com/jb/d2eeef5771a367d4f228ba1b6fb36b7a,True,22時間前,2026-10-03 05:01:17,岐阜県
ドラッグストアの店舗運営・医薬品登録販売者新着,株式会社クスリのアオキ クスリのアオキ西郷店,岐阜県,"月給20万6,000円",正社員,飲食,求人ボックス,https://xn--pckua2a7gp15o89zb.com/jb/30612e4f090c710aaf55889a4f8fcb94,True,22時間前,2026-10-03 05:01:17,岐阜県
ドラッグストアの店舗運営・医薬品登録販売者新着,株式会社クスリのアオキ クスリのアオキ東島店,岐阜県,"月給20万6,000円",正社員,飲食,求人ボックス,https://xn--pckua2a7gp15o89zb.com/jb/52ec86400ee766a8e9a792a293733831,True,22時間前,2026-10-03 05:01:17,岐阜県
ドラッグストアの店舗運営・医薬品登録販売者新着,株式会社クスリのアオキ クスリのアオキ茜部店,岐阜県,"月給20万6,000円",正社員,飲食,求人ボックス,https://xn--pckua2a7gp15o89zb.com/jb/c6e71c78547e4cbe896060143b2bf420,True,22時間前,2026-10-03 05:01:17,岐阜県
「フリーターから正社員へ!」ボードゲーム軽作業／箱詰め・仕分けスタッフ／年間休日130日以上新着,スタッフ,岐阜県,"月給30万7,630円",正社員,飲食,求人ボックス,https://xn--pckua2a7gp15o89zb.com/jbn/2b43df35fe12cb38dc3f743918a60f05,True,14時間前,2026-10-03 05:01:17,岐阜県
新卒・ドラッグストアの総合職・店舗運営新着,株式会社クスリのアオキ クスリのアオキ穂積店,岐阜県,月給20万円～28万円,正社員,飲食,求人ボックス,https://xn--pckua2a7gp15o89zb.com/jb/16c72cbec7dfec325ebea5c02f7cab14,True,21時間前,2026-10-03 05:01:21,岐阜県
グループホームの介護職新着,小規模多機能ホーム 花咲み,静岡県,"時給1,154円～1,320円",アルバイト・パート,介護,求人ボックス,https://xn--pckua2a7gp15o89zb.com/jb/50f95278e6f4cd5c80d479e0b1c72e8a,True,18時間前,2026-10-03 05:01:04,静岡県
有料老人ホームの介護職・ヘルパー／介護職員／夜勤のみ／残業ほぼなし新着,jobフレンド,静岡県,"月給25万8,000円",正社員,介護,求人ボックス,https://xn--pckua2a7gp15o89zb.com/jb/cc3e3c9cecb4b2f1a9615059c4769fd5,True,22時間前,2026-10-03 05:01:04,静岡県
グループホームでの介護職新着,小規模多機能ホーム花咲み,静岡県,"月給25万1,500円",正社員,介護,求人ボックス,https://xn--pckua2a7gp15o89zb.com/jb/5b4581fe6da2ebf5e555be355d5671d2,True,18時間前,2026-10-03 05:01:04,静岡県
介護職新着,社会福祉法人大善福祉会 特別養護老人ホーム多喜の園,静岡県,"月給19万9,705円",正社員,介護,求人ボックス,https://xn--pckua2a7gp15o89zb.com/jb/66a01cfcf549dd17dac7306c52ff7bce,True,12時間前,2026-10-03 05:01:05,静岡県
介護職 運動トレーナー新着,元気広場焼津,静岡県,"時給1,200円～1,350円",アルバイト・パート,介護,求人ボックス,https://xn--pckua2a7gp15o89zb.com/jb/2c2e6da7ef49ee4b07d5cba75c18e86c,True,6時間前,2026-10-03 05:01:05,静岡県
介護職 運動トレーナー新着,元気広場桜が丘,静岡県,"時給1,200円～1,350円",アルバイト・パート,介護,求人ボックス,https://xn--pckua2a7gp15o89zb.com/jb/88d102c387758a4440e093f3b5e75ee8,True,6時間前,2026-10-03 05:01:05,静岡県
介護職員・無資格可の介護職／ヘルパー新着,リ・ボン倶楽部池田,静岡県,"時給1,160円～1,230円",アルバイト・パート,介護,求人ボックス,https://xn--pckua2a7gp15o89zb.com/jb/741b21abec4bff748cf515ceee69c845,True,7時間前,2026-10-03 05:01:08,静岡県
介護職／特別養護老人ホーム新着,社会福祉法人岳南厚生会 特別養護老人ホーム高原荘,静岡県,"月給15万9,280円",正社員,介護,求人ボックス,https://xn--pckua2a7gp15o89zb.com/jb/49afb5be6fc72c0cafb553f97e6b7f0e,True,19時間前,2026-10-03 05:01:08,静岡県
介護／無資格OK!浜松東ショートステイそよ風 ショートステイの介護職新着,株式会社SOYOKAZE,静岡県,"時給1,400円",アルバイト・パート,介護,求人ボックス,https://xn--pckua2a7gp15o89zb.com/jb/2ddb6d9b4bd3e46d109805f7c236e3f1,True,19時間前,2026-10-03 05:01:08,静岡県
介護職／グループホーム新着,ソーシャルインクルーホーム袋井久能,静岡県,"日給1万6,530円",アルバイト・パート,介護,求人ボックス,https://xn--pckua2a7gp15o89zb.com/jb/ca881b0323db613b3dae328eda894f97,True,21時間前,2026-10-03 05:01:08,静岡県
小規模多機能の夜勤専従スタッフ 介護職新着,ミモザ島田初倉,静岡県,"日給2万3,420円",アルバイト・パート,介護,求人ボックス,https://xn--pckua2a7gp15o89zb.com/jb/5cea3a375353f8c62c42ea6ca69b7512,True,4時間前,2026-10-03 05:01:11,静岡県
介護職／デイサービス・デイケア新着,社会福祉法人岳南厚生会 デイサービス高原荘,静岡県,"時給1,154円～1,155円",アルバイト・パート,介護,求人ボックス,https://xn--pckua2a7gp15o89zb.com/jb/6fc54216d31a5d02668c2b803f5f6062,True,19時間前,2026-10-03 05:01:11,静岡県
薬剤師新着,介護老人保健施設 風の杜,静岡県,"時給2,000円～2,050円",正社員,介護,求人ボックス,https://xn--pckua2a7gp15o89zb.com/jb/29d068bc16015ba6b997af9b6cc12b3d,True,12時間前,2026-10-03 05:01:11,静岡県
「一歩踏み出すなら今!」／医療機器部品の製造スタッフ／未経験OK／シンプル作業／20~30代活躍中!新着,三陽工業株式会社,静岡県,"月給19万5,000円",正社員,介護,求人ボックス,https://xn--pckua2a7gp15o89zb.com/jbn/500d4233850e869342bbe8c1396ddba0,True,14時間前,2026-10-03 05:01:14,静岡県
フォロー体制有 有料老人ホームでの介護／未経験OK新着,株式会社ウィルオブ・ワーク,静岡県,"時給1,350円",正社員,介護,求人ボックス,https://xn--pckua2a7gp15o89zb.com/jb/0f0ce1db0f135679440df639b105b266,True,19時間前,2026-10-03 05:01:14,静岡県
介護老人保健施設での介護福祉士新着,介護老人保健施設 星のしずく,静岡県,"月給26万2,500円",正社員,介護,求人ボックス,https://xn--pckua2a7gp15o89zb.com/jb/698f15b2c30949268c5e921de3dcab47,True,18時間前,2026-10-03 05:01:14,静岡県
ホームヘルパー新着,ホームケア土屋 静岡,静岡県,"時給1,720円～1,850円",アルバイト・パート,介護,求人ボックス,https://xn--pckua2a7gp15o89zb.com/jb/42b1c15b298ec91451d5a919246c9ec5,True,4時間前,2026-10-03 05:01:14,静岡県
ホテルスタッフ 夜間受付 未経験可新着,ホテルテトラリゾート静岡やいづ,静岡県,"月給21万5,000円",正社員,介護,求人ボックス,https://xn--pckua2a7gp15o89zb.com/jb/f7405defdca046985f50c4fa0415277b,True,4時間前,2026-10-03 05:01:17,静岡県
ミールキットのご案内・配達スタッフ新着,株式会社ヨシケイ浜松,静岡県,"月給21万5,000円",正社員,介護,求人ボックス,https://xn--pckua2a7gp15o89zb.com/jb/7aef8f409ea5aca9d61f96b0e9b6e178,True,18時間前,2026-10-03 05:01:17,静岡県
看護師24h常駐／住宅型有料老人ホームの介護職員／医心館静岡2新着,株式会社アンビス,静岡県,月給28万300円,正社員,介護,求人ボックス,https://xn--pckua2a7gp15o89zb.com/jb/88c09e5df79af4dcd684aad083bb7980,True,13時間前,2026-10-03 05:01:17,静岡県
建築現場作業スタッフ 足場組立 寮有 未経験から手に職を新着,株式会社DAIEI CORPORATION,静岡県,月給30万円～60万円,正社員,介護,求人ボックス,https://xn--pckua2a7gp15o89zb.com/jb/6e29f496789a2ebc1066eca84b0cb2ac,True,4時間前,2026-10-03 05:01:21,静岡県
無資格&未経験OK ネオキャリアの介護ワーク!週2日～時間選べる 家事との両立も 履歴書不要新着,株式会社ネオキャリア ナイス,静岡県,"時給1,300円～1,600円",派遣社員,介護,求人ボックス,https://xn--pckua2a7gp15o89zb.com/jb/61c679ef7df604412d2a04dd69c5d103,True,14時間前,2026-10-03 05:01:21,静岡県
無資格未経験歓迎 日常生活アシスタント週3日 勤務の正職員新着,広域協会,静岡県,"月給33万8,630円",正社員,介護,求人ボックス,https://xn--pckua2a7gp15o89zb.com/jb/6af9ccb425d0c3512c55861c2d0de02e,True,6時間前,2026-10-03 05:01:24,静岡県
フィットネスの接客スタッフ／日祝休みでプライベートも充実／給与UP実施中新着,カーブスグループ,静岡県,"月給21万5,000円",正社員,介護,求人ボックス,https://xn--pckua2a7gp15o89zb.com/jb/4722587bed5633f10f7153314fe74721,True,6時間前,2026-10-03 05:01:24,静岡県
飲食やアパレルの接客経験が活きる!ノルマなし・ブランクOK 上場企業で社員勤務新着,株式会社ツツミ,静岡県,月給23万円～30万円,正社員,介護,求人ボックス,https://xn--pckua2a7gp15o89zb.com/jb/427b4323c095b8b5a581aba7c55cd853,True,12時間前,2026-10-03 05:01:24,静岡県
「データ入力／一般事務・バックオフィス」プライベートも仕事も全力で自分らしく!髪色・ネイル新着,株式会社ONE LOOK,静岡県,"月給21万5,000円",正社員,介護,求人ボックス,https://xn--pckua2a7gp15o89zb.com/jbn/c89c71f43dbb69e4614ccddac3495894,True,14時間前,2026-10-03 05:01:27,静岡県
保険営業新着,株式会社Liv.Design 家計の見直し堂 浜...,静岡県,月給23万円～27万円,正社員,介護,求人ボックス,https://xn--pckua2a7gp15o89zb.com/jbn/352a620a6346a0de11bf934d40710f6e,True,21時間前,2026-10-03 05:01:27,静岡県
機能訓練指導員・社会保険完備の職場で言語聴覚士新着,デイサービス籠上の湯,静岡県,"時給1,570円～2,270円",アルバイト・パート,介護,求人ボックス,https://xn--pckua2a7gp15o89zb.com/jb/011d630e7957b5509c4e00e07bd19c46,True,7時間前,2026-10-03 05:01:27,静岡県
年収600万円以上可 未経験から始めるクロネコヤマトのセールスドライバー新着,ヤマト運輸株式会社,静岡県,"月給21万1,590円",正社員,介護,求人ボックス,https://xn--pckua2a7gp15o89zb.com/jb/c41453181832aa29f8da2aa3ec7baeab,True,9時間前,2026-10-03 05:01:32,静岡県
静岡市葵区エリアでのお仕事探しなら!モバイルアドバイザー! 楽天モバイル／アドバイザー／未経験OK!新着,株式会社ディンプル,静岡県,"月給26万5,500円",正社員,介護,求人ボックス,https://xn--pckua2a7gp15o89zb.com/jb/588e2ebac4f50254260c1dc7d85089cf,True,10時間前,2026-10-03 05:01:32,静岡県
社会保険完備の職場で看護師／准看護師新着,多機能型事業所ステラ,静岡県,"時給1,800円～",アルバイト・パート,介護,求人ボックス,https://xn--pckua2a7gp15o89zb.com/jb/c15d98de61f5f934de71cca464846de5,True,7時間前,2026-10-03 05:01:32,静岡県
介護タクシー／ドライバー募集、年齢不問新着,デイサービスやすらぎ,静岡県,"時給1,174円",アルバイト・パート,介護,求人ボックス,https://xn--pckua2a7gp15o89zb.com/jb/84be125514a61e03857c758a8ebcbbab,True,7時間前,2026-10-03 05:01:32,静岡県
内科クリニックでの医療事務新着,株式会社日本教育クリエイト,静岡県,"時給1,400円",派遣社員,医療事務,求人ボックス,https://xn--pckua2a7gp15o89zb.com/jbn/ac4facbad815dd02f25140ecc7eafeae,True,23時間前,2026-10-03 05:01:18,静岡県
医療事務／療養型病院新着,医療法人社団伊豆七海会 熱海 海の見える病院,静岡県,"月給16万4,300円",正社員,医療事務,求人ボックス,https://xn--pckua2a7gp15o89zb.com/jb/aae09f55ad879291c4bbc485ea2c67c7,True,10時間前,2026-10-03 05:01:18,静岡県
ペットショップの飼育補助スタッフ／アミーゴ浜松和田店シフト制／将来も安心の退職金制度新着,株式会社犬の家 アミーゴ浜松和田店,静岡県,"月給19万9,000円",正社員,医療事務,求人ボックス,https://xn--pckua2a7gp15o89zb.com/jbn/2a3d2ac0f04d6da3447a38bf1ae35652,True,22時間前,2026-10-03 05:01:18,静岡県
ペットショップ接客スタッフ／長期勤務をしっかりサポート／週休2日制／車通勤OK／自分の車で通勤可能新着,株式会社犬の家 プレ葉ウォーク浜北店,静岡県,"月給19万9,000円",正社員,医療事務,求人ボックス,https://xn--pckua2a7gp15o89zb.com/jbn/f4d7bd9c39788aa6ec8420540df97d5a,True,22時間前,2026-10-03 05:01:18,静岡県
ペットショップ販売スタッフ／未経験・応募ハードル系／長期勤務／週休2日制／駐車場利用OK新着,株式会社犬の家 MEGAドン・キホーテ袋井店,静岡県,"月給19万9,000円",正社員,医療事務,求人ボックス,https://xn--pckua2a7gp15o89zb.com/jbn/3032f7daf15b50a181295db8817deb46,True,22時間前,2026-10-03 05:01:18,静岡県
短期・即日勤務・日本郵政グループ企業での一般事務新着,日本郵政コーポレートサービス,静岡県,"時給1,350円～",派遣社員,医療事務,求人ボックス,https://xn--pckua2a7gp15o89zb.com/jb/dfadc125798f9101b05ac5119f122d65,True,18時間前,2026-10-03 05:01:18,静岡県
ドラッグストアの調剤事務新着,ウエルシア静岡沓谷店,静岡県,"時給1,197円",アルバイト・パート,医療事務,求人ボックス,https://xn--pckua2a7gp15o89zb.com/jb/6ef52eaf24e6e297485a0cc5d9431f97,True,20時間前,2026-10-03 05:01:18,静岡県
ドラッグストアの調剤事務新着,ウエルシア薬局静岡エスパティオ店,静岡県,"時給1,197円",アルバイト・パート,医療事務,求人ボックス,https://xn--pckua2a7gp15o89zb.com/jb/4e4fc5a69cd628b6bc4486455fa88918,True,20時間前,2026-10-03 05:01:18,静岡県
ドラッグストアの調剤事務新着,ウエルシア静岡西脇店,静岡県,"時給1,197円",アルバイト・パート,医療事務,求人ボックス,https://xn--pckua2a7gp15o89zb.com/jb/55b292a7d05bf28a8deb1d163151dbfb,True,20時間前,2026-10-03 05:01:19,静岡県
ドラッグストアの調剤事務新着,ウエルシア島田井口店,静岡県,"時給1,197円",アルバイト・パート,医療事務,求人ボックス,https://xn--pckua2a7gp15o89zb.com/jb/0bf20e12f58a282d12ea4de36d8df029,True,20時間前,2026-10-03 05:01:19,静岡県
ドラッグストアの調剤事務新着,ウエルシア静岡あさはた店,静岡県,"時給1,197円",アルバイト・パート,医療事務,求人ボックス,https://xn--pckua2a7gp15o89zb.com/jb/5f64861273a4a548c6aa58b425481e4f,True,20時間前,2026-10-03 05:01:19,静岡県
ドラッグストアの調剤事務新着,ウエルシア伊東宝町店,静岡県,"時給1,197円",アルバイト・パート,医療事務,求人ボックス,https://xn--pckua2a7gp15o89zb.com/jb/46272b92b784084392ae51cfb71821b4,True,20時間前,2026-10-03 05:01:19,静岡県
ドラッグストアの調剤事務新着,ウエルシア熱海中央店,静岡県,"時給1,197円",アルバイト・パート,医療事務,求人ボックス,https://xn--pckua2a7gp15o89zb.com/jb/44b66080c8800ba1d0f557512b9daaf2,True,20時間前,2026-10-03 05:01:19,静岡県
ドラッグストアの調剤事務新着,ウエルシア藤枝藪田店,静岡県,"時給1,197円",アルバイト・パート,医療事務,求人ボックス,https://xn--pckua2a7gp15o89zb.com/jb/75b64ed55fc73d6ee5420e0baa856c72,True,20時間前,2026-10-03 05:01:19,静岡県
ドラッグストアの調剤事務新着,ウエルシア静岡中田店,静岡県,"時給1,197円",アルバイト・パート,医療事務,求人ボックス,https://xn--pckua2a7gp15o89zb.com/jb/f9d3acd30f010d668c3348e757d8a51f,True,20時間前,2026-10-03 05:01:19,静岡県
ドラッグストアの調剤事務新着,ウエルシア裾野深良店,静岡県,"時給1,197円",アルバイト・パート,医療事務,求人ボックス,https://xn--pckua2a7gp15o89zb.com/jb/fa6f4f788a4f7c0ca81a7f418010bc42,True,20時間前,2026-10-03 05:01:22,静岡県
ドラッグストアの調剤事務新着,ウエルシア沼津西沢田店,静岡県,"時給1,197円",アルバイト・パート,医療事務,求人ボックス,https://xn--pckua2a7gp15o89zb.com/jb/83c4174b077954791abb7069f20fbb48,True,20時間前,2026-10-03 05:01:22,静岡県
ドラッグストアの調剤事務新着,ウエルシア函南間宮店,静岡県,"時給1,197円",アルバイト・パート,医療事務,求人ボックス,https://xn--pckua2a7gp15o89zb.com/jb/d4186b3eb1c3bcff839dced626d0c0bc,True,20時間前,2026-10-03 05:01:22,静岡県
ドラッグストアの調剤事務新着,ウエルシア菊川加茂店,静岡県,"時給1,197円",アルバイト・パート,医療事務,求人ボックス,https://xn--pckua2a7gp15o89zb.com/jb/dcd303bcd126dfa6e3a6c7de9d98841e,True,20時間前,2026-10-03 05:01:22,静岡県
ドラックストアで調剤事務／ウエルシアで調剤事務 週4～パソコンが得意なら無資格&未経験OK新着,ウエルシア薬局株式会社,静岡県,"時給1,197円～",アルバイト・パート,医療事務,求人ボックス,https://xn--pckua2a7gp15o89zb.com/jb/1284b9bb48d0cab3000befa4dc3ded1b,True,8時間前,2026-10-03 05:01:22,静岡県
ドラッグストアの調剤事務新着,ウエルシア静岡水道町店,静岡県,"時給1,197円",アルバイト・パート,医療事務,求人ボックス,https://xn--pckua2a7gp15o89zb.com/jb/1e38fbd276681dedfd287ed51084cf0a,True,20時間前,2026-10-03 05:01:22,静岡県
ドラッグストアの調剤事務新着,ウエルシア清水町久米田店,静岡県,"時給1,197円",アルバイト・パート,医療事務,求人ボックス,https://xn--pckua2a7gp15o89zb.com/jb/84d30c8d846fb836ce3bc3f8e0e1fe8f,True,20時間前,2026-10-03 05:01:22,静岡県
ドラッグストアの調剤事務新着,ウエルシア沼津下香貫店,静岡県,"時給1,197円",アルバイト・パート,医療事務,求人ボックス,https://xn--pckua2a7gp15o89zb.com/jb/b1e79b011c71dc777994e4e3d5be32c5,True,20時間前,2026-10-03 05:01:26,静岡県
ドラッグストアの調剤事務新着,ウエルシア静岡北安東店,静岡県,"時給1,197円",アルバイト・パート,医療事務,求人ボックス,https://xn--pckua2a7gp15o89zb.com/jb/c3dd190e4512e23feba71412861ef533,True,20時間前,2026-10-03 05:01:26,静岡県
ドラッグストアの調剤事務新着,ウエルシアラスカ熱海店,静岡県,"時給1,197円",アルバイト・パート,医療事務,求人ボックス,https://xn--pckua2a7gp15o89zb.com/jb/f5549893eb7cd35eb4a6e08e09698344,True,20時間前,2026-10-03 05:01:26,静岡県
ドラッグストアの調剤事務新着,ウエルシア薬局静岡安東店,静岡県,"時給1,197円",アルバイト・パート,医療事務,求人ボックス,https://xn--pckua2a7gp15o89zb.com/jb/f619e2f8ce3fc992ce423ec8abfc208c,True,20時間前,2026-10-03 05:01:26,静岡県
アパレルブランドのショップスタッフ!600店舗以上から自分にピッタリのブランドを探せる新着,株式会社ウィルオブ・ワーク,静岡県,月給23万円～25万円,正社員,医療事務,求人ボックス,https://xn--pckua2a7gp15o89zb.com/jb/d302ceb5b15a3442d103566d94521348,True,17時間前,2026-10-03 05:01:26,静岡県
事務・庶務事務「正社員」定時退社・長く働ける職場／静岡市葵区人宿町1丁目新着,JHR株式会社,静岡県,月給28万円～46万円,正社員,医療事務,求人ボックス,https://xn--pckua2a7gp15o89zb.com/jb/2dabfe051110724153f769f82a0cd355,True,20時間前,2026-10-03 05:01:26,静岡県
「黙々と集中できる軽作業」／ペンライトストラップの仕分け作業／土日祝休み／大手企業新着,株式会社SNJAPAN,静岡県,"月給32万5,000円",正社員,医療事務,求人ボックス,https://xn--pckua2a7gp15o89zb.com/jbn/1b951486a3e4789141db289055fd7ea7,True,15時間前,2026-10-03 05:01:30,静岡県
「会話少なめで作業に集中できる」／タオル・リネン類の検品／人柄重視／福利厚生充実／土日祝休み新着,株式会社Tetote,静岡県,"月給38万5,000円",正社員,医療事務,求人ボックス,https://xn--pckua2a7gp15o89zb.com/jbn/42422db57d0c7015e99d16526cfd7687,True,15時間前,2026-10-03 05:01:30,静岡県
「手順どおりに箱へ詰めるだけ」／医療機器の箱詰め／学歴不問／職歴不問／福利厚生充実新着,三陽工業株式会社,静岡県,"月給19万5,000円",正社員,医療事務,求人ボックス,https://xn--pckua2a7gp15o89zb.com/jbn/acbcf8bb76c10528736dbe1ab004c986,True,14時間前,2026-10-03 05:01:30,静岡県
静岡市葵区エリアでのお仕事探しなら!「美容クリニックの受付カウンセラー」 エミナルクリニックの受付新着,株式会社ディンプル,静岡県,月給25万円,正社員,医療事務,求人ボックス,https://xn--pckua2a7gp15o89zb.com/jb/384a0a48b92a07a53cdcd068beb99482,True,10時間前,2026-10-03 05:01:30,静岡県
新卒・ドラッグストアの総合職・店舗運営新着,株式会社クスリのアオキ クスリのアオキ土方店,静岡県,月給20万円～28万円,正社員,医療事務,求人ボックス,https://xn--pckua2a7gp15o89zb.com/jb/e782037aadb7ecf28dff0097eba0365f,True,21時間前,2026-10-03 05:01:30,静岡県
新卒・ドラッグストアの総合職・店舗運営新着,株式会社クスリのアオキ クスリのアオキ袋井松原店,静岡県,月給20万円～28万円,正社員,医療事務,求人ボックス,https://xn--pckua2a7gp15o89zb.com/jb/08bb53f9a66f32dbc6f2b64bbb8aa70a,True,21時間前,2026-10-03 05:01:33,静岡県
スマホ周辺アイテムの工場ワーク!／ファイルケースの検査スタッフ／土日休みあり／寮完備新着,社会インフラや,静岡県,"月給32万6,000円",正社員,医療事務,求人ボックス,https://xn--pckua2a7gp15o89zb.com/jbn/617c44031a0ec6ad8caaff13f9aacae7,True,12時間前,2026-10-03 05:01:33,静岡県
空調設備の施工・メンテナンス新着,株式会社冷空サービス,静岡県,"時給1,250円～",アルバイト・パート,医療事務,求人ボックス,https://xn--pckua2a7gp15o89zb.com/jb/cb56a2a9928122e95967e230dc5fcad3,True,18時間前,2026-10-03 05:01:33,静岡県
新卒・ドラッグストアの総合職・店舗運営新着,株式会社クスリのアオキ クスリのアオキ相良店,静岡県,月給20万円～28万円,正社員,医療事務,求人ボックス,https://xn--pckua2a7gp15o89zb.com/jb/0bbfdffb9798335dca3f5ee5954acc3e,True,21時間前,2026-10-03 05:01:33,静岡県
新卒・ドラッグストアの総合職・店舗運営新着,株式会社クスリのアオキ クスリのアオキ浅羽店,静岡県,月給20万円～28万円,正社員,医療事務,求人ボックス,https://xn--pckua2a7gp15o89zb.com/jb/22691d7799f0b0a2e05f3a2012fdaf0b,True,21時間前,2026-10-03 05:01:33,静岡県
新卒・ドラッグストアの総合職・店舗運営新着,株式会社クスリのアオキ クスリのアオキ清水町伏見店,静岡県,月給20万円～28万円,正社員,医療事務,求人ボックス,https://xn--pckua2a7gp15o89zb.com/jb/3b9a83b42b71fd6538d291af859dc633,True,21時間前,2026-10-03 05:01:33,静岡県
自分らしく働ける環境／チャット対応事務／オフィスワーク／研修充実新着,事務,静岡県,"月給29万1,000円",正社員,医療事務,求人ボックス,https://xn--pckua2a7gp15o89zb.com/jbn/39a817b9d79170e8022cedcf4f5ad045,True,6時間前,2026-10-03 05:01:38,静岡県
未経験から正社員デビュー／書類チェック事務／オフィスワーク／土日祝休み相談可新着,事務,静岡県,"月給30万1,000円",正社員,医療事務,求人ボックス,https://xn--pckua2a7gp15o89zb.com/jbn/0cb3e122a35ed4dd985eeab710e6b07f,True,6時間前,2026-10-03 05:01:38,静岡県
コツコツ派に人気の仕事／データ入力事務／オフィスワーク／土日祝休み相談可新着,事務,静岡県,"月給33万4,000円",正社員,医療事務,求人ボックス,https://xn--pckua2a7gp15o89zb.com/jbn/ec618fc9e7d45751fa68d8ad9255b6f9,True,6時間前,2026-10-03 05:01:38,静岡県
新卒・ドラッグストアの総合職・店舗運営新着,株式会社クスリのアオキ クスリのアオキ藤枝大東店,静岡県,月給20万円～28万円,正社員,医療事務,求人ボックス,https://xn--pckua2a7gp15o89zb.com/jb/8846c508e4b2d66ba497c066ea055c79,True,21時間前,2026-10-03 05:01:38,静岡県
新卒・ドラッグストアの総合職・店舗運営新着,株式会社クスリのアオキ クスリのアオキ田中町店,静岡県,月給20万円～28万円,正社員,医療事務,求人ボックス,https://xn--pckua2a7gp15o89zb.com/jb/e180c969f525dc6edc549324c7ae81f4,True,21時間前,2026-10-03 05:01:40,静岡県
新卒・ドラッグストアの総合職・店舗運営新着,株式会社クスリのアオキ クスリのアオキ沼津松長店,静岡県,月給20万円～28万円,正社員,医療事務,求人ボックス,https://xn--pckua2a7gp15o89zb.com/jb/ed87a63a2963003584d80545addbe5fd,True,21時間前,2026-10-03 05:01:40,静岡県
新卒・ドラッグストアの総合職・店舗運営新着,株式会社クスリのアオキ クスリのアオキ細江店,静岡県,月給20万円～28万円,正社員,医療事務,求人ボックス,https://xn--pckua2a7gp15o89zb.com/jb/9c9962e355d5fc5c3931a7ae0ee99775,True,21時間前,2026-10-03 05:01:40,静岡県
新卒・ドラッグストアの総合職・店舗運営新着,株式会社クスリのアオキ クスリのアオキ掛川細谷店,静岡県,月給20万円～28万円,正社員,医療事務,求人ボックス,https://xn--pckua2a7gp15o89zb.com/jb/9a66223d2b126084eb8972f29118fbf1,True,21時間前,2026-10-03 05:01:40,静岡県
おうちの買取・リフォーム企画・販売／お引き渡しまでの企画営業職新着,株式会社カチタス 富士店,静岡県,年収350万円～550万円,正社員,医療事務,求人ボックス,https://xn--pckua2a7gp15o89zb.com/jb/9fd7fab4139fd1a220fbb1d55bb9e751,True,21時間前,2026-10-03 05:01:40,静岡県
寮付きで始めやすい工場勤務!／アウトドアマグ部品の加工補助スタッフ／正社員採用／即入寮OK新着,社会インフラや,静岡県,"月給30万8,000円",正社員,医療事務,求人ボックス,https://xn--pckua2a7gp15o89zb.com/jbn/e51ef914d8508ba0e518428c3f5cd1ff,True,12時間前,2026-10-03 05:01:40,静岡県
暮らしに近い製品の製造スタッフ!／折りたたみ傘ケースの加工補助スタッフ／長期休暇あり／20代活躍中新着,社会インフラや,静岡県,"月給44万6,000円",正社員,医療事務,求人ボックス,https://xn--pckua2a7gp15o89zb.com/jbn/1f0a14c1a2335dc2bbd96a1f8491e942,True,12時間前,2026-10-03 05:01:40,静岡県
新卒・ドラッグストアの総合職・店舗運営新着,株式会社クスリのアオキ クスリのアオキ尾野店,静岡県,月給20万円～28万円,正社員,医療事務,求人ボックス,https://xn--pckua2a7gp15o89zb.com/jb/2ad0e0b0d5c253628e70600bdf588e87,True,21時間前,2026-10-03 05:01:44,静岡県
新卒・ドラッグストアの総合職・店舗運営新着,株式会社クスリのアオキ クスリのアオキ五ヶ堀之内店,静岡県,月給20万円～28万円,正社員,医療事務,求人ボックス,https://xn--pckua2a7gp15o89zb.com/jb/42ea5f9d0b2e4df403be21dbbfaf568e,True,21時間前,2026-10-03 05:01:44,静岡県
未経験から正社員デビュー／不動産サポート事務／オフィスワーク／研修充実新着,事務,静岡県,月給34万円～38万円,正社員,医療事務,求人ボックス,https://xn--pckua2a7gp15o89zb.com/jbn/70ff45ac56a9aa80e536f9af112b2204,True,6時間前,2026-10-03 05:01:44,静岡県
月収30万円以上を目指せる／医療系データ事務／オフィスワーク／研修充実新着,医療,静岡県,"月給32万1,000円",正社員,医療事務,求人ボックス,https://xn--pckua2a7gp15o89zb.com/jbn/d9916f218e43e8ccf77952c85721f493,True,6時間前,2026-10-03 05:01:44,静岡県
20代から始める安定ワーク／スケジュール管理事務／オフィスワーク／研修充実新着,事務,静岡県,"月給29万3,000円",正社員,医療事務,求人ボックス,https://xn--pckua2a7gp15o89zb.com/jbn/359803bffa8873351d9969ed5faa038e,True,6時間前,2026-10-03 05:01:44,静岡県
新卒・ドラッグストアの総合職・店舗運営新着,株式会社クスリのアオキ クスリのアオキ浜松北島店,静岡県,月給20万円～28万円,正社員,医療事務,求人ボックス,https://xn--pckua2a7gp15o89zb.com/jb/228ded4b5f0f0bf2d758d121ab784fd5,True,21時間前,2026-10-03 05:01:48,静岡県
新卒・ドラッグストアの総合職・店舗運営新着,株式会社クスリのアオキ クスリのアオキ大東店,静岡県,月給20万円～28万円,正社員,医療事務,求人ボックス,https://xn--pckua2a7gp15o89zb.com/jb/5cc87324ff9fecece86a43264b197e44,True,21時間前,2026-10-03 05:01:48,静岡県
新卒・ドラッグストアの総合職・店舗運営新着,株式会社クスリのアオキ クスリのアオキ清水沼田町店,静岡県,月給20万円～28万円,正社員,医療事務,求人ボックス,https://xn--pckua2a7gp15o89zb.com/jb/f07f63d8723ff6b42a87ee71dc58945a,True,21時間前,2026-10-03 05:01:48,静岡県
おうちの買取・リフォーム企画・販売／お引き渡しまでの企画営業職新着,株式会社カチタス 磐田店,静岡県,年収350万円～550万円,正社員,医療事務,求人ボックス,https://xn--pckua2a7gp15o89zb.com/jb/7e2abf1707082035643eb698edb5653a,True,21時間前,2026-10-03 05:01:48,静岡県
おうちの買取・リフォーム企画・販売／お引き渡しまでの企画営業職新着,株式会社カチタス 沼津店,静岡県,年収350万円～550万円,正社員,医療事務,求人ボックス,https://xn--pckua2a7gp15o89zb.com/jb/66f1991f6a52311a9cbca4c0ae8701ea,True,21時間前,2026-10-03 05:01:48,静岡県
美容師／スタイリスト／ビューティ高田 一番町サロン新着,株式会社A.EN,静岡県,月給23万円～51万,正社員,美容,求人ボックス,https://xn--pckua2a7gp15o89zb.com/jb/863663647b2da59e0d6576bec274371c,True,6時間前,2026-10-03 05:01:34,静岡県
カーサカラー プレハウォークハマキタテンのカラーリスト 美容師新着,CASACOLOR プレ葉ウォーク浜北店,静岡県,"月給23万3,500円",正社員,美容,求人ボックス,https://xn--pckua2a7gp15o89zb.com/jb/8518ed51eafdb34957f9681d278e595d,True,15時間前,2026-10-03 05:01:34,静岡県
カーサカラー ハママツミヤコダテクノテンのカラーリスト 美容師新着,CASACOLOR 浜松都田テクノ店,静岡県,"月給23万3,500円",正社員,美容,求人ボックス,https://xn--pckua2a7gp15o89zb.com/jb/a61658794ae18375c527ea767b8b4fa5,True,15時間前,2026-10-03 05:01:34,静岡県
美容師／アシスタント／シェル新着,合同会社yutoi,静岡県,月給20万円,正社員,美容,求人ボックス,https://xn--pckua2a7gp15o89zb.com/jb/b8a6a87ac1d224f2a7e42c5590b0ecd1,True,6時間前,2026-10-03 05:01:34,静岡県
美容師／美容院・美容室・ヘアサロン新着,株式会社デューアソシエ,静岡県,"時給1,154円～",アルバイト・パート,美容,求人ボックス,https://xn--pckua2a7gp15o89zb.com/jb/ab13cbe2147c2dc7ba4d43ed565882dd,True,17時間前,2026-10-03 05:01:34,静岡県
データ入力・未経験OK「ネイルOK／服装自由」土日休み／残業なし「20代活躍中」新着,...前向きな気持ちで事務職に挑戦したい・仕事/プライベートのメリハリをつけたい・スキルを身につけて長期的に活躍したいー こんな前職の方が入社中ー接客業/販売業/飲食店/保育士/看護師ネイリスト/トリ,静岡県,"月給21万5,000円",正社員,美容,求人ボックス,https://xn--pckua2a7gp15o89zb.com/jbn/9499ae1012711dfcaf4aa35b89aa29b4,True,23時間前,2026-10-03 05:01:34,静岡県
一般事務・未経験OK「ネイルOK・服装自由」土日休み・残業なし・20代活躍中新着,...前向きな気持ちで事務職に挑戦したい・仕事/プライベートのメリハリをつけたい・スキルを身につけて長期的に活躍したいー こんな前職の方が入社中ー接客業/販売業/飲食店/保育士/看護師ネイリスト/トリ,静岡県,"月給21万5,000円",正社員,美容,求人ボックス,https://xn--pckua2a7gp15o89zb.com/jbn/e9e6df77700e2da373e8c1f883f653d7,True,22時間前,2026-10-03 05:01:35,静岡県
受付事務 完全週休2日制・服装自由 20代活躍中・未経験歓迎／WEB選考新着,...前向きな気持ちで事務職デビューしたい方・仕事/プライベートのメリハリをつけたい方・スキル/資格を身につけ長期で活躍したい方ー こんな前職の方が入社中ー接客業/販売業/飲食/看護師/保育士/調理師,静岡県,"月給21万5,000円",正社員,美容,求人ボックス,https://xn--pckua2a7gp15o89zb.com/jbn/932aa8446886c3a8703d7ee5a0255279,True,22時間前,2026-10-03 05:01:35,静岡県
ヘアーサロンのスタイリスト／子育て中スタッフも多数活躍!週1～×1日3時間～OK 扶養内勤務も可能新着,株式会社クラーロ,静岡県,"時給1,200円～",アルバイト・パート,美容,求人ボックス,https://xn--pckua2a7gp15o89zb.com/jb/fa25f4f89d9105941f10be60a0ab5020,True,11時間前,2026-10-03 05:01:35,静岡県
農家の店しんしん店舗スタッフ新着,株式会社アグリミライズ,静岡県,月給20万円～30万円,正社員,美容,求人ボックス,https://xn--pckua2a7gp15o89zb.com/jb/83b0ddb512288943d479630f9dd6ff68,True,18時間前,2026-10-03 05:01:35,静岡県
「新生活デビュー応援!」未経験採用枠／カプセルトイ製造スタッフ／年間休日125日以上新着,NKY株式会社,静岡県,月給28万円～50万円,正社員,美容,求人ボックス,https://xn--pckua2a7gp15o89zb.com/jb/e175574137b3f56643d19499eab535f5,True,19時間前,2026-10-03 05:01:35,静岡県
「まだ間に合う!」未経験採用枠／製造スタッフ・カプセルトイ／年間休日125日以上新着,株式会社ライトキャリア,静岡県,月給28万円～50万円,正社員,美容,求人ボックス,https://xn--pckua2a7gp15o89zb.com/jb/913d9ea2558e27c85171853ae3bb6688,True,19時間前,2026-10-03 05:01:35,静岡県
お休みたっぷり 未経験からムリなく働く 事務 静岡勤務新着,株式会社スタッフサービス,静岡県,"月給18万5,000円",正社員,美容,求人ボックス,https://xn--pckua2a7gp15o89zb.com/jb/93aae7676dcf47f37ef350b99ee16dbd,True,23時間前,2026-10-03 05:01:38,静岡県
カウンターセールス／及び経理業務を除く当社業務全般／auショップ富士柚木新着,株式会社エス・ティー・シー,静岡県,"月給23万7,000円",正社員,美容,求人ボックス,https://xn--pckua2a7gp15o89zb.com/jb/9e3ed6ce15afc03e22804ef789e98b15,True,14時間前,2026-10-03 05:01:38,静岡県
20.30代活躍中 おじいちゃんおばあちゃんの見守りスタッフ新着,株式会社ウィルオブ・ワーク,静岡県,"時給1,350円",派遣社員,美容,求人ボックス,https://xn--pckua2a7gp15o89zb.com/jb/1ca92e3d0a8eae90765e042394dc810d,True,19時間前,2026-10-03 05:01:38,静岡県
ピラティス・ヨガインストラクター 未経験OK 応募者全員面接 30代活躍中新着,株式会社ZEN PLACE,静岡県,"月給27万5,000円",正社員,美容,求人ボックス,https://xn--pckua2a7gp15o89zb.com/jb/82578c29ccd8eb90d9a844ec18b07993,True,17時間前,2026-10-03 05:01:38,静岡県
一般事務「完全週休2日制・服装自由・正社員」20代活躍中・未経験歓迎／WEB選考新着,...前向きな気持ちで事務職デビューしたい方・仕事/プライベートのメリハリをつけたい方・スキル/資格を身につけ長期で活躍したい方ー こんな前職の方が入社中ー接客業/販売業/飲食/看護師/保育士/調理師,静岡県,"月給21万6,000円",正社員,美容,求人ボックス,https://xn--pckua2a7gp15o89zb.com/jbn/715841e98bd1e30d26642fd1da4ae0b8,True,22時間前,2026-10-03 05:01:38,静岡県
受付事務「完全週休2日制・残業なし・正社員」20代活躍中・未経験OK／履歴書不要新着,...前向きな気持ちで事務職デビューしたい方・仕事/プライベートのメリハリをつけたい方・スキル/資格を身につけ長期で活躍したい方ー こんな前職の方が入社中ー接客業/販売業/飲食/看護師/保育士/調理師,静岡県,"月給21万3,500円",正社員,美容,求人ボックス,https://xn--pckua2a7gp15o89zb.com/jbn/278601dc8a53a386f5058e4affeaaf97,True,22時間前,2026-10-03 05:01:38,静岡県
データ入力／20代活躍中・未経験OK／残業なし／賞与あり／オンライン面接新着,...前向きな気持ちで事務職デビューしたい方・仕事/プライベートのメリハリをつけたい方・スキル/資格を身につけ長期で活躍したい方ー こんな前職の方が入社中ー接客業/販売業/飲食/看護師/保育士/調理師,静岡県,"月給21万6,500円",正社員,美容,求人ボックス,https://xn--pckua2a7gp15o89zb.com/jbn/75a2387ddc19f97f433306e6cd41d03f,True,23時間前,2026-10-03 05:01:38,静岡県
一般事務「残業なし・ネイルOK・正社員」未経験歓迎・20代女性活躍中／履歴書不要新着,...前向きな気持ちで事務職デビューしたい方・仕事/プライベートのメリハリをつけたい方・スキル/資格を身につけ長期で活躍したい方ー こんな前職の方が入社中ー接客業/販売業/飲食/看護師/保育士/調理師,静岡県,"月給21万4,900円",正社員,美容,求人ボックス,https://xn--pckua2a7gp15o89zb.com/jbn/71fb4f3bcd0ef33e5a5774effa06f867,True,21時間前,2026-10-03 05:01:41,静岡県
受付事務 土日祝休み・残業なし 未経験OK・20代活躍中／オンライン面接新着,...前向きな気持ちで事務職デビューしたい方・仕事/プライベートのメリハリをつけたい方・スキル/資格を身につけ長期で活躍したい方ー こんな前職の方が入社中ー接客業/販売業/飲食/看護師/保育士/調理師,静岡県,"月給21万6,500円",正社員,美容,求人ボックス,https://xn--pckua2a7gp15o89zb.com/jbn/e54286527d4e08513cac1e511e1da299,True,22時間前,2026-10-03 05:01:41,静岡県
データ入力事務・未経験OK「ネイルOK」土日祝休み・残業なし「20代活躍中」新着,...前向きな気持ちで事務職に挑戦したい・仕事/プライベートのメリハリをつけたい・スキルを身につけて長期的に活躍したいー こんな前職の方が入社中ー接客業/販売業/飲食店/保育士/看護師ネイリスト/トリ,静岡県,"月給21万4,500円",正社員,美容,求人ボックス,https://xn--pckua2a7gp15o89zb.com/jbn/ad82a80a1acccebb648839b277bb52bd,True,23時間前,2026-10-03 05:01:41,静岡県
一般事務 土日祝休み／賞与あり 20代女性活躍中・未経験歓迎／履歴書不要新着,...前向きな気持ちで事務職デビューしたい方・仕事/プライベートのメリハリをつけたい方・スキル/資格を身につけ長期で活躍したい方ー こんな前職の方が入社中ー接客業/販売業/飲食/看護師/保育士/調理師,静岡県,"月給21万3,000円",正社員,美容,求人ボックス,https://xn--pckua2a7gp15o89zb.com/jbn/9d3dbecfa434705741302529bef22a96,True,22時間前,2026-10-03 05:01:41,静岡県
データ入力「土日祝休み・残業なし・服装自由」20代活躍中・未経験OK／履歴書不要新着,...前向きな気持ちで事務職デビューしたい方・仕事/プライベートのメリハリをつけたい方・スキル/資格を身につけ長期で活躍したい方ー こんな前職の方が入社中ー接客業/販売業/飲食/看護師/保育士/調理師,静岡県,"月給21万1,500円",正社員,美容,求人ボックス,https://xn--pckua2a7gp15o89zb.com/jbn/4ae8f622afe6911c7d81cb89c3442c4e,True,22時間前,2026-10-03 05:01:41,静岡県
データ入力事務／未経験OK「ネイルOK」土日祝休み／残業なし「20代女性活躍中」新着,美容師,静岡県,"月給21万3,500円",正社員,美容,求人ボックス,https://xn--pckua2a7gp15o89zb.com/jbn/f2697df5e9f94bc93bbc2d37e0175306,True,23時間前,2026-10-03 05:01:41,静岡県
一般事務／20代女性活躍中・未経験OK／土日祝休み／服装自由／WEB選考新着,...前向きな気持ちで事務職デビューしたい方・仕事/プライベートのメリハリをつけたい方・スキル/資格を身につけ長期で活躍したい方ー こんな前職の方が入社中ー接客業/販売業/飲食/看護師/保育士/調理師,静岡県,"月給21万7,000円",正社員,美容,求人ボックス,https://xn--pckua2a7gp15o89zb.com/jbn/c019c25e998ce3f0f4052b149d2c6538,True,22時間前,2026-10-03 05:01:41,静岡県
データ入力 20代活躍中・未経験歓迎／履歴書不要新着,...前向きな気持ちで事務職デビューしたい方・仕事/プライベートのメリハリをつけたい方・スキル/資格を身につけ長期で活躍したい方ー こんな前職の方が入社中ー接客業/販売業/飲食/看護師/保育士/調理師,静岡県,"月給21万6,000円",正社員,美容,求人ボックス,https://xn--pckua2a7gp15o89zb.com/jbn/89615a81f18ba6f631326ff4c825e0ab,True,22時間前,2026-10-03 05:01:41,静岡県
デジタルライフプランナー サブスク型・地域密着型／年休120日／賞与年2回新着,株式会社ピーシーデポコーポレーション,静岡県,年収368万円～588万円,正社員,美容,求人ボックス,https://xn--pckua2a7gp15o89zb.com/jbn/9ff1f1cb83af65a484f53d990d7693e7,True,19時間前,2026-10-03 05:01:44,静岡県
営業新着,...相談される人間関係作りが大切です) 土地診断 ご成約 収益物件の建設 完成引き渡し・賃貸事業開始 【経験など】先輩たちの前職は、居酒屋やカフェの飲食店スタッフ、アパレルショップ店員、,静岡県,"月給25万5,000円",,美容,求人ボックス,https://xn--pckua2a7gp15o89zb.com/jb/9d2fddae393cb0d858352468061954a7,True,11時間前,2026-10-03 05:01:44,静岡県
児童発達支援の保育士新着,whybes合同会社,静岡県,"月給20万5,000円",正社員,保育,求人ボックス,https://xn--pckua2a7gp15o89zb.com/jb/5d5b4e835b9e9ea23ae5d7cc1f50d075,True,18時間前,2026-10-03 05:01:25,静岡県
賞与4ヶ月分実績・日祝休み／認定こども園の保育士新着,0歳児(生後57日から)～5歳児の,静岡県,"月給18万2,496円",正社員,保育,求人ボックス,https://xn--pckua2a7gp15o89zb.com/jb/d1323d39772f9e4c3acaa1746dbdc4b7,True,13時間前,2026-10-03 05:01:25,静岡県
保育教諭・保育士新着,幼保連携型認定こども園エルフのみらい,静岡県,"時給1,200円～",アルバイト・パート,保育,求人ボックス,https://xn--pckua2a7gp15o89zb.com/jb/0751ee9ae6876a5817c12ed099409eff,True,18時間前,2026-10-03 05:01:25,静岡県
保育士／小規模保育園／こねこのーと保育園新着,一般社団法人みのり,静岡県,"時給1,154円～1,220円",アルバイト・パート,保育,求人ボックス,https://xn--pckua2a7gp15o89zb.com/jb/e28c38b4e02022235f449af85974b889,True,5時間前,2026-10-03 05:01:25,静岡県
保育教諭・保育士新着,幼保連携型認定こども園エルフのゆめ,静岡県,"時給1,200円～",アルバイト・パート,保育,求人ボックス,https://xn--pckua2a7gp15o89zb.com/jb/d3d19bdacb4d561983841b268dbad1d3,True,18時間前,2026-10-03 05:01:25,静岡県
保育士新着,0歳児(生後57日から)～5歳児の,静岡県,"月給18万2,496円",正社員,保育,求人ボックス,https://xn--pckua2a7gp15o89zb.com/jb/25638ff75110c431361f1cf7b1d858b9,True,13時間前,2026-10-03 05:01:25,静岡県
保育士／私立認可保育園／恵明キッズローズビレッジ新着,社会福祉法人静岡恵明学園,静岡県,"時給1,200円～1,300円",アルバイト・パート,保育,求人ボックス,https://xn--pckua2a7gp15o89zb.com/jb/4ec0073d5f4f1d222deb9fefc6b8eb9c,True,5時間前,2026-10-03 05:01:25,静岡県
保育士／小規模保育園／スクルドエンジェル保育園三門園新着,株式会社アシステンツァ,静岡県,月給22万円～26万円,正社員,保育,求人ボックス,https://xn--pckua2a7gp15o89zb.com/jb/f2aada41bb239b153ada387f3dcb4f63,True,4時間前,2026-10-03 05:01:26,静岡県
保育士／小規模保育園／ヒッポ保育園新着,一般社団法人一勉一歩の会,静岡県,月給19万円～22万,正社員,保育,求人ボックス,https://xn--pckua2a7gp15o89zb.com/jb/cd0ab5b2fb0d601d4092108b5ac1dbfc,True,5時間前,2026-10-03 05:01:26,静岡県
保育士／小規模保育園／チャイルドルームリリー 高洲園新着,株式会社すくすくの森,静岡県,"時給1,154円～1,200円",アルバイト・パート,保育,求人ボックス,https://xn--pckua2a7gp15o89zb.com/jb/402236261d92a087996d362e6acc12ec,True,5時間前,2026-10-03 05:01:26,静岡県
保育士／私立認可保育園／みなみさいごうのぞみ保育園新着,社会福祉法人春献美会,静岡県,"月給18万9,672円",正社員,保育,求人ボックス,https://xn--pckua2a7gp15o89zb.com/jb/b2f20e5478cb15371960261a5703bf67,True,6時間前,2026-10-03 05:01:26,静岡県
保育士／放課後等デイサービス／放課後等デイサービス ぽかぽか磐田新着,特定非営利活動法人P・C・S,静岡県,月給20万円～24万円,正社員,保育,求人ボックス,https://xn--pckua2a7gp15o89zb.com/jb/0666d56fca470e58d16628f4b59aef21,True,2時間前,2026-10-03 05:01:26,静岡県
保育士新着,ぬくもりのおうち保育株式会社,静岡県,月給21万円～,正社員,保育,求人ボックス,https://xn--pckua2a7gp15o89zb.com/jb/7af71be869fa45a2f0b3f6930a94f12a,True,17時間前,2026-10-03 05:01:26,静岡県
データ入力・未経験OK「ネイルOK／服装自由」土日休み／残業なし「20代活躍中」新着,...<こんな方にぴったり>・前向きな気持ちで事務職に挑戦したい・仕事/プライベートのメリハリをつけたい・スキルを身につけて長期的に活躍したいー こんな前職の方が入社中ー接客業/販売業/飲食店/,静岡県,"月給21万5,000円",正社員,保育,求人ボックス,https://xn--pckua2a7gp15o89zb.com/jbn/54971b69bdb6f416258124cc974f8dca,True,23時間前,2026-10-03 05:01:29,静岡県
お食事準備やお話相手など障がい者グループホームの世話人 週2日～日勤のみ 副業OK マイカー通勤OK新着,ソーシャルインクルー株式会社,静岡県,"時給1,160円",アルバイト・パート,保育,求人ボックス,https://xn--pckua2a7gp15o89zb.com/jb/8a588311c29434629a90ebb21b774a35,True,13時間前,2026-10-03 05:01:29,静岡県
セキスイハイム東海グループ／インテリア特化／ボーナス年3回新着,セキスイインテリア東海株式会社,静岡県,"月給33万8,000円",正社員,保育,求人ボックス,https://xn--pckua2a7gp15o89zb.com/jb/7e894fdac97bc2c5e11080b6cc511ffe,True,10時間前,2026-10-03 05:01:32,静岡県
有料老人ホームでの夜専介護士新着,株式会社トラストグロース,静岡県,"日給3万8,190円",派遣社員,保育,求人ボックス,https://xn--pckua2a7gp15o89zb.com/jb/75583335704c058d2063049daa540dd6,True,2時間前,2026-10-03 05:01:32,静岡県
キッチンスタッフ／幼稚園・保育園の調理スタッフ 未経験OK 主婦さん活躍中新着,株式会社メフォス,静岡県,"時給1,200円",アルバイト・パート,保育,求人ボックス,https://xn--pckua2a7gp15o89zb.com/jb/815831f05b3c873a5c1c8da9eb1d8473,True,19時間前,2026-10-03 05:01:32,静岡県
介護老人保健施設の介護職・ヘルパー／介護福祉士／賞与3.7ヶ月／残業ほぼナシ／保育室完備新着,jobフレンド,静岡県,"月給20万5,000円",正社員,保育,求人ボックス,https://xn--pckua2a7gp15o89zb.com/jb/c7ef5b64729178491d940beb0b371a45,True,22時間前,2026-10-03 05:01:32,静岡県
言語聴覚士／一般病院新着,公益財団法人伊豆保健医療センター,静岡県,"月給24万4,316円",正社員,保育,求人ボックス,https://xn--pckua2a7gp15o89zb.com/jb/9316e25620e535e8739b11e7df527e34,True,11時間前,2026-10-03 05:01:32,静岡県
認定こども園の保育士／静岡市駿河区八幡／JR静岡駅から徒歩7分新着,認定こども園 八幡おひさまの森こども園,静岡県,"時給1,352円～",アルバイト・パート,保育,求人ボックス,https://xn--pckua2a7gp15o89zb.com/jbn/9e7595ecc8870daa99315d5dab1c739e,True,23時間前,2026-10-03 05:01:36,静岡県
小規模認可園の保育士／静岡市駿河区馬淵／小規模認可保育園／正社員保育士新着,小規模認可保育園 中田おひさまの森保育園,静岡県,"月給23万6,500円",正社員,保育,求人ボックス,https://xn--pckua2a7gp15o89zb.com/jbn/a1c1f5fb62bf7f2eb4ea806da6701ec2,True,23時間前,2026-10-03 05:01:36,静岡県
保育士／公立保育園新着,保育士,静岡県,"時給1,700円～1,800円",派遣社員,保育,求人ボックス,https://xn--pckua2a7gp15o89zb.com/jb/d91f75c1fbaa40fb3e4891e41e802600,True,18時間前,2026-10-03 05:01:39,静岡県
児童指導員／児童発達支援／児童指導員／お子さまの可能性を拡げる支援員になりましょう／未経験OK新着,LITALICOジュニア静岡,静岡県,"月給25万3,400円",正社員,保育,求人ボックス,https://xn--pckua2a7gp15o89zb.com/jbn/ff52b555f74d491c3820109e06c61042,True,23時間前,2026-10-03 05:01:39,静岡県
児童指導員／児童発達支援／児童指導員／お子さまの可能性を拡げる支援員になりましょう／未経験OK新着,LITALICOジュニア東静岡駅前,静岡県,"月給25万3,400円",正社員,保育,求人ボックス,https://xn--pckua2a7gp15o89zb.com/jbn/1e5a2eb49451e56bae050509918648a1,True,23時間前,2026-10-03 05:01:39,静岡県
一般事務／20代女性活躍中・未経験OK／土日祝休み／服装自由／WEB選考新着,...前向きな気持ちで事務職デビューしたい方・仕事/プライベートのメリハリをつけたい方・スキル/資格を身につけ長期で活躍したい方ー こんな前職の方が入社中ー接客業/販売業/飲食/看護師/,静岡県,"月給21万7,000円",正社員,保育,求人ボックス,https://xn--pckua2a7gp15o89zb.com/jbn/e1418fd08b88647df8926e47f753d2f2,True,22時間前,2026-10-03 05:01:44,静岡県
データ入力事務・未経験OK「ネイルOK」土日祝休み・残業なし「20代活躍中」新着,...<こんな方にぴったり>・前向きな気持ちで事務職に挑戦したい・仕事/プライベートのメリハリをつけたい・スキルを身につけて長期的に活躍したいー こんな前職の方が入社中ー接客業/販売業/飲食店/,静岡県,"月給21万4,500円",正社員,保育,求人ボックス,https://xn--pckua2a7gp15o89zb.com/jbn/ae47d7e426e9b5e47591f521252ffb13,True,23時間前,2026-10-03 05:01:44,静岡県
看護業務／病棟／混合／車通勤可／高日給新着,<託児所> どんぐり,静岡県,"日給2万6,000円",アルバイト・パート,保育,求人ボックス,https://xn--pckua2a7gp15o89zb.com/jbn/9e7cd286c8c12b422f7eb4ebae1f40ee,True,23時間前,2026-10-03 05:01:48,静岡県
静岡／工場施設管理／車載用電池の世界トップクラスメーカー新着,施設:事業所内,静岡県,年収580万円～960万円,正社員,保育,求人ボックス,https://xn--pckua2a7gp15o89zb.com/jb/15fd84e9a0e60ecd06906a111a09a693,True,13時間前,2026-10-03 05:01:48,静岡県
建設作業員 自社案件多めの足場施工 経験者 元請け案件多め新着,株式会社DAIEI CORPORATION,静岡県,"月給44万2,000円",正社員,建設,求人ボックス,https://xn--pckua2a7gp15o89zb.com/jb/82de3c8bd5d3fee6f1f0104bf1b2603c,True,4時間前,2026-10-03 05:01:52,静岡県
足場工事提案営業スタッフ新着,東海ステップ株式会社,静岡県,"月給24万3,100円",正社員,建設,求人ボックス,https://xn--pckua2a7gp15o89zb.com/jb/6fbc667e13ce4eaf520c77b065de35f5,True,18時間前,2026-10-03 05:01:52,静岡県
建築施工管理新着,株式会社飯田組,静岡県,月給40万円～45万円,正社員,建設,求人ボックス,https://xn--pckua2a7gp15o89zb.com/jb/5f98e5bc95056f1d6d26c0eb205b159a,True,4時間前,2026-10-03 05:01:52,静岡県
静岡市葵区エリアでお仕事したい方に!「施工管理」／建築の施工管理／未経験OK／土日祝休／福利厚生充実新着,株式会社ディンプル,静岡県,"月給20万5,000円",正社員,建設,求人ボックス,https://xn--pckua2a7gp15o89zb.com/jb/d50d2439b111745542b008e481da5e16,True,10時間前,2026-10-03 05:01:52,静岡県
土地のお悩みをもつオーナー様へ土地活用の提案営業新着,大東建託株式会社,静岡県,"月給25万5,000円",正社員,建設,求人ボックス,https://xn--pckua2a7gp15o89zb.com/jb/7bce84bd40334662e7f1ee8dc11aed16,True,21時間前,2026-10-03 05:01:52,静岡県
足場資材の管理・整備・配達新着,東海ステップ株式会社 小山センター,静岡県,"時給1,180円～1,500円",アルバイト・パート,建設,求人ボックス,https://xn--pckua2a7gp15o89zb.com/jb/9269a336112418d98476cd8781940a32,True,18時間前,2026-10-03 05:01:52,静岡県
一般事務・OA事務 ／ 総務事務 ／事務の経験 浅めOK 一般事務のおしごと新着,パーソルテンプスタッフ株式会社,静岡県,"時給1,350円～",派遣社員,建設,求人ボックス,https://xn--pckua2a7gp15o89zb.com/jb/a7373dc1439a3c56ec8dfd595db2b046,True,18時間前,2026-10-03 05:01:52,静岡県
化学品製造を担う 製造オペレーター／未経験歓迎／静岡勤務新着,株式会社ファインケム,静岡県,月給21万円～,正社員,建設,求人ボックス,https://xn--pckua2a7gp15o89zb.com/jb/74811fe7bbc172de3463d6a7eeabb841,True,18時間前,2026-10-03 05:01:52,静岡県
非常用発電機の保守・点検新着,株式会社スタッフ・アクティオ,静岡県,"月給38万4,000円",派遣社員,建設,求人ボックス,https://xn--pckua2a7gp15o89zb.com/jb/4554a2d13836b10a57acac99fbb5a527,True,13時間前,2026-10-03 05:01:52,静岡県
建設現場の管理業務／完全週休2日制／ブランクOK／年間休日127日／研修あり／昇給あり新着,大岡建設工業株式会社,静岡県,月給28万円～38万円,正社員,建設,求人ボックス,https://xn--pckua2a7gp15o89zb.com/jbn/feb37344c1d047b68f7229b714aebc65,True,23時間前,2026-10-03 05:01:52,静岡県
建設機械の点検・修理／未経験歓迎／賞与7ヶ月実績あり 02504 cir新着,太陽建機レンタル株式会社,静岡県,"月給25万8,000円",正社員,建設,求人ボックス,https://xn--pckua2a7gp15o89zb.com/jbn/0076d1cb1bf2cde989609ffc8089600d,True,22時間前,2026-10-03 05:01:52,静岡県
遠州鉄道 住宅施工管理 「遠鉄ホーム」の住宅施工管理／静岡西部でトップクラスのシェア新着,遠州鉄道株式会社,静岡県,年収440万円～800万円,正社員,建設,求人ボックス,https://xn--pckua2a7gp15o89zb.com/jbn/0580c7fcce54a18a6eb30987d61cfe73,True,19時間前,2026-10-03 05:01:52,静岡県
全国／製造・物流スタッフ 未経験歓迎／派遣型正社員／年休125日・社宅補助あり／人材派遣・人材紹介新着,株式会社ウィルオブ・ワーク,静岡県,年収200万円～,正社員,建設,求人ボックス,https://xn--pckua2a7gp15o89zb.com/jb/3ec9c0956a57477c627d9f4cfab5afbe,True,22時間前,2026-10-03 05:01:52,静岡県
一般事務新着,一般事務,静岡県,"時給1,500円",正社員,事務,求人ボックス,https://xn--pckua2a7gp15o89zb.com/jb/ae08b900a7bd9456d7c380f341beed3b,True,6時間前,2026-10-03 05:02:01,静岡県
一般事務「20代活躍・未経験OK」年休120日以上・残業月5〜10時間新着,一般事務,静岡県,"月給21万4,000円",正社員,事務,求人ボックス,https://xn--pckua2a7gp15o89zb.com/jbn/f484663d90a16a10b10dbdc4924517be,True,17時間前,2026-10-03 05:02:01,静岡県
一般事務スタッフ新着,東海プロテック株式会社,静岡県,"月給21万2,400円",正社員,事務,求人ボックス,https://xn--pckua2a7gp15o89zb.com/jb/54509bb78f85e081ba380edb2b46fc92,True,18時間前,2026-10-03 05:02:01,静岡県
データ入力や受付などの一般事務新着,株式会社ジャパン・リリーフ,静岡県,"時給1,400円～",派遣社員,事務,求人ボックス,https://xn--pckua2a7gp15o89zb.com/jbn/b03867e29787554a0ba7d7c525075365,True,21時間前,2026-10-03 05:02:02,静岡県
自動車メーカーで一般事務新着,フロンティア・ヒューマン,静岡県,"時給1,400円～1,500円",派遣社員,事務,求人ボックス,https://xn--pckua2a7gp15o89zb.com/jb/53440bb274aaba84671bbe946df92375,True,12時間前,2026-10-03 05:02:02,静岡県
一般事務スタッフ新着,アルバ株式会社,静岡県,"時給1,250円～",派遣社員,事務,求人ボックス,https://xn--pckua2a7gp15o89zb.com/jb/bbc4a7d248466080c04cb685c47a1abe,True,18時間前,2026-10-03 05:02:02,静岡県
未経験からステップアップ!／関東で一般事務スタッフ新着,株式会社OOQ,静岡県,"月給20万5,000円",正社員,事務,求人ボックス,https://xn--pckua2a7gp15o89zb.com/jb/8407eb513579260fe451e015d975aa53,True,15時間前,2026-10-03 05:02:02,静岡県
「アニメ・ゲーム好き必見!」一般事務／クリエイター育成／昇給あり新着,株式会社SDビジョン,静岡県,月給30万円～50万円,正社員,事務,求人ボックス,https://xn--pckua2a7gp15o89zb.com/jbn/d0cac6325b2b75092fad6920f70691ff,True,21時間前,2026-10-03 05:02:05,静岡県
「研修ありで安心デビュー」／一般事務／オフィスワーク／未経験歓迎新着,一般事務,静岡県,"月給26万6,000円",正社員,事務,求人ボックス,https://xn--pckua2a7gp15o89zb.com/jbn/51a83943ded38166a150ccc2dade7e0f,True,15時間前,2026-10-03 05:02:05,静岡県
一般事務／管理部門・訪問看護ステーションでの一般事務募集!日勤のみ新着,訪問看護ステーションはな,静岡県,"時給1,200円～",アルバイト・パート,事務,求人ボックス,https://xn--pckua2a7gp15o89zb.com/jb/1a3b23b9f636605f4859b7ad8c3fcef5,True,7時間前,2026-10-03 05:02:08,静岡県
大手メーカーでの一般事務／経費処理・庶務サポート／フレックス制新着,一般事務,静岡県,"時給1,400円～1,500円",派遣社員,事務,求人ボックス,https://xn--pckua2a7gp15o89zb.com/jb/18c3ac61a61628d0ac55e1e30c8538eb,True,16時間前,2026-10-03 05:02:08,静岡県
大手家電メーカー工場の一般事務新着,事務,静岡県,"時給1,300円",派遣社員,事務,求人ボックス,https://xn--pckua2a7gp15o89zb.com/jb/301ac21b18ce43c29fd727cfa4d15132,True,6時間前,2026-10-03 05:02:08,静岡県
一般事務「ネイルOK・20代活躍中」未経験歓迎・土日祝休み新着,事務,静岡県,"月給21万4,000円",正社員,事務,求人ボックス,https://xn--pckua2a7gp15o89zb.com/jbn/07970dfc99abbb9ffb81c9ab4168f33f,True,17時間前,2026-10-03 05:02:12,静岡県
一般事務新着,株式会社リクルートスタッフィング,静岡県,"時給1,400円～",派遣社員,事務,求人ボックス,https://xn--pckua2a7gp15o89zb.com/jb/bc28f6a4bb17fb2532683a0d4d4cd566,True,20時間前,2026-10-03 05:02:12,静岡県
「まだ間に合う!」未経験採用枠／一般事務／年間休日125日以上新着,株式会社ライトキャリア,静岡県,月給25万円～40万円,正社員,事務,求人ボックス,https://xn--pckua2a7gp15o89zb.com/jb/7340fc64eb2ffc0d01a43cf3b5efe2f3,True,19時間前,2026-10-03 05:02:15,静岡県
スーパーでの一般事務スタッフ新着,マックスバリュ富士厚原店,静岡県,"時給1,241円",アルバイト・パート,事務,求人ボックス,https://xn--pckua2a7gp15o89zb.com/jb/619decd3471c51fec5459404125d7ceb,True,18時間前,2026-10-03 05:02:15,静岡県
スーパーでの一般事務スタッフ新着,マックスバリュ函南間宮店,静岡県,"時給1,241円",アルバイト・パート,事務,求人ボックス,https://xn--pckua2a7gp15o89zb.com/jb/f80efacf2960169c36f24d72fb88e24a,True,18時間前,2026-10-03 05:02:15,静岡県
一般事務・OA事務 ／ 総務事務 ／一般事務 残業なし 17時台定時新着,パーソルテンプスタッフ株式会社,静岡県,"時給1,350円～",正社員,事務,求人ボックス,https://xn--pckua2a7gp15o89zb.com/jb/fe120dfb13d4441e598f2e0e59ab569d,True,23時間前,2026-10-03 05:02:15,静岡県
一般事務・OA事務 ／ 営業事務 ／20代・30代活躍!／事務デビュー...新着,赤武株式会社,静岡県,"月給18万5,600円",正社員,事務,求人ボックス,https://xn--pckua2a7gp15o89zb.com/jb/308129fd052d08d8079e7f8d43b502b6,True,17時間前,2026-10-03 05:02:19,静岡県
他オフィスワーク ／ 一般事務・OA事務／事務 グリーンファイル新着,一般事務・,静岡県,年収294万円～392万円,正社員,事務,求人ボックス,https://xn--pckua2a7gp15o89zb.com/jb/15c68741ea4cf272d9e3a24e10fc0313,True,16時間前,2026-10-03 05:02:19,静岡県
受付 ／ 一般事務・OA事務／年収306万 未経験 カーディーラーの受...新着,株式会社CAS フィアット／アバルト浜松,静岡県,年収306万,正社員,事務,求人ボックス,https://xn--pckua2a7gp15o89zb.com/jb/bd155c58828fb22d6924976304fda3fc,True,23時間前,2026-10-03 05:02:19,静岡県
「まだ間に合う!」未経験からできる一般事務／研修充実／寮・社宅新着,株式会社Light BROTHERS,静岡県,月給25万円～40万円,正社員,事務,求人ボックス,https://xn--pckua2a7gp15o89zb.com/jb/9dd5eb60711776213ef462ac1c0ca3f4,True,20時間前,2026-10-03 05:02:22,静岡県
事務・一般事務「正社員」研修あり／土日祝休み・アシスタント業務新着,JHR株式会社,静岡県,月給26万円～44万円,正社員,事務,求人ボックス,https://xn--pckua2a7gp15o89zb.com/jb/cd2ed1e4bd82dee01eedbdad97f2cf8c,True,20時間前,2026-10-03 05:02:22,静岡県
日勤／座り作業／土日祝休／電話対応やデータ入力を行う一般事務新着,TSヒューマンサービス株式会社,静岡県,"時給1,400円",派遣社員,事務,求人ボックス,https://xn--pckua2a7gp15o89zb.com/jb/dc587e9678139608c383d63e2370f673,True,13時間前,2026-10-03 05:02:22,静岡県
「一般事務・データ入力」自分らしく働こう!残業ほぼなし・ネイルOK新着,株式会社STEER,静岡県,"月給21万5,000円",正社員,事務,求人ボックス,https://xn--pckua2a7gp15o89zb.com/jbn/899e6be583690a8f9f26e311f09e489e,True,15時間前,2026-10-03 05:02:25,静岡県
一般事務・未経験OK「ネイルOK・服装自由」土日休み・残業なし新着,事務,静岡県,"月給21万5,000円",正社員,事務,求人ボックス,https://xn--pckua2a7gp15o89zb.com/jbn/4501244bf391f8eb25189530b0af29af,True,22時間前,2026-10-03 05:02:25,静岡県
一般事務の経験者募集／線量のない場所での就業／期間が過ぎた後も新着,株式会社Progress Group,静岡県,"時給1,250円～1,400円",正社員,事務,求人ボックス,https://xn--pckua2a7gp15o89zb.com/jb/9b8a6844b9257f1403471504af931515,True,9時間前,2026-10-03 05:02:25,静岡県
一般事務／時短!16時終業 3月まで 窓口受付業務など 未経験OK新着,株式会社スタッフサービス,静岡県,"時給1,212円～",派遣社員,事務,求人ボックス,https://xn--pckua2a7gp15o89zb.com/jb/915ca1a6a731bedc06709a68b499f4d4,True,17時間前,2026-10-03 05:02:28,静岡県
一般事務／未経験可 電話取次ぎ中心 コツコツ事務 9～17時×残業なし新着,マンパワーグループ株式会社,静岡県,"時給1,400円",派遣社員,事務,求人ボックス,https://xn--pckua2a7gp15o89zb.com/jb/766abf69e6c8ee23e1eaa6f8ba1aba9b,True,2時間前,2026-10-03 05:02:28,静岡県
一般事務／データベース／総合機械メーカー／大手グループ／時短勤務新着,株式会社パソナ,静岡県,"時給1,500円",派遣社員,事務,求人ボックス,https://xn--pckua2a7gp15o89zb.com/jb/2023922cf74691b1213f0af85137fc92,True,22時間前,2026-10-03 05:02:28,静岡県
機能訓練指導員 扶養内勤務OK ️有給取得も推進中 ️週2日～OK新着,株式会社元気広場,静岡県,"時給1,470円～2,070円",アルバイト・パート,治療家,求人ボックス,https://xn--pckua2a7gp15o89zb.com/jb/0ea7dd4764642382ff115b7ffce80596,True,4時間前,2026-10-03 05:02:32,静岡県
認定こども園での看護師新着,幼保連携型認定こども園エルフのゆめ,静岡県,月給23万円～,正社員,看護,求人ボックス,https://xn--pckua2a7gp15o89zb.com/jb/4425470497160f6634cc14baf55e0766,True,18時間前,2026-10-03 05:02:11,静岡県
看護師・准看護師新着,介護老人保健施設 風の杜,静岡県,"月給27万2,000円",正社員,看護,求人ボックス,https://xn--pckua2a7gp15o89zb.com/jb/d8d594c37ec8c67e785861c722b775e2,True,12時間前,2026-10-03 05:02:11,静岡県
正看護師・准看護師／外来 日勤のみ新着,医療法人宝美会,静岡県,"時給1,370円～",アルバイト・パート,看護,求人ボックス,https://xn--pckua2a7gp15o89zb.com/jb/90cfbf6bd7a25d179eccd123a76b4580,True,10時間前,2026-10-03 05:02:15,静岡県
特別養護老人ホームの看護師新着,社会福祉法人大善福祉会 特別養護老人ホーム多喜の園,静岡県,"月給22万5,830円",正社員,看護,求人ボックス,https://xn--pckua2a7gp15o89zb.com/jb/3bc6b95c2b0acef4e6457f56aea6118a,True,12時間前,2026-10-03 05:02:18,静岡県
有料老人ホームでの看護師新着,株式会社トラストグロース,静岡県,"時給1,850円～2,000円",派遣社員,看護,求人ボックス,https://xn--pckua2a7gp15o89zb.com/jb/1ac067b56214bc7b1108ce8429d10873,True,3時間前,2026-10-03 05:02:22,静岡県
診療所・クリニックの看護師／准看護師新着,永田町クリニック,静岡県,月給23万円～26万円,正社員,看護,求人ボックス,https://xn--pckua2a7gp15o89zb.com/jb/4314811beb1a4722e208e90b22a105e3,True,7時間前,2026-10-03 05:02:22,静岡県
看護師新着,社会福祉法人大善福祉会 介護老人保健施設あらたま,静岡県,月給20万円～22万円,正社員,看護,求人ボックス,https://xn--pckua2a7gp15o89zb.com/jb/cf69462c9c83cfbf5c82b895d7436f2f,True,12時間前,2026-10-03 05:02:22,静岡県
"正看護師／透析／紹介予定派遣／時給2,200円／週5日／勤務時間新着",株式会社スーパーナース,静岡県,"時給2,200円",派遣社員,看護,求人ボックス,https://xn--pckua2a7gp15o89zb.com/jb/51a137a307b19cc259789d175cd5134c,True,15時間前,2026-10-03 05:02:27,静岡県
訪問看護師新着,株式会社ビオネスト,静岡県,"時給2,000円～",アルバイト・パート,看護,求人ボックス,https://xn--pckua2a7gp15o89zb.com/jb/6d032df3257b7f04c42c8583e5b01b20,True,11時間前,2026-10-03 05:02:30,静岡県
看護師／特別養護老人ホーム藤乃花新着,社会福祉法人藤花幸寿会,静岡県,"時給1,655円",アルバイト・パート,看護,求人ボックス,https://xn--pckua2a7gp15o89zb.com/jb/b98530a62a91e740d41fca1f57f37e8a,True,11時間前,2026-10-03 05:02:30,静岡県
介護老人保健施設でのケアマネジャー新着,介護老人保健施設 星のしずく,静岡県,"月給23万7,500円",正社員,看護,求人ボックス,https://xn--pckua2a7gp15o89zb.com/jb/dfd8ea3fa7efa3414de230317dc11a2e,True,18時間前,2026-10-03 05:02:33,静岡県
受付事務 完全週休2日制・服装自由 20代活躍中・未経験歓迎／WEB選考新着,...前向きな気持ちで事務職デビューしたい方・仕事/プライベートのメリハリをつけたい方・スキル/資格を身につけ長期で活躍したい方ー こんな前職の方が入社中ー接客業/販売業/飲食/,静岡県,"月給21万5,000円",正社員,看護,求人ボックス,https://xn--pckua2a7gp15o89zb.com/jbn/5b573142f7ca24a7dc7612eb7a62e41b,True,22時間前,2026-10-03 05:02:37,静岡県
外来秘書／週2日～勤務応相談／最寄り駅徒歩10分／車通勤OK&無料駐車場完備新着,浜名病院,静岡県,"時給1,154円",アルバイト・パート,看護,求人ボックス,https://xn--pckua2a7gp15o89zb.com/jb/1eb580f756c79947a926f63758cb5538,True,13時間前,2026-10-03 05:02:39,静岡県
無資格OK 病院での看護アシスタント／経験者即戦力新着,株式会社ウィルオブ・ワーク,静岡県,"時給1,350円",派遣社員,看護,求人ボックス,https://xn--pckua2a7gp15o89zb.com/jb/485cb5440ab7cf0bed90e3b30c4958fe,True,19時間前,2026-10-03 05:02:39,静岡県
介護施設給食運営会社の総務・経理事務新着,株式会社エムズライフ,静岡県,月給20万円～22万円,正社員,経理,求人ボックス,https://xn--pckua2a7gp15o89zb.com/jb/8ce8681da9e2f57b96683ce4138f87ce,True,12時間前,2026-10-03 05:02:05,静岡県
”地方”からの転職歓迎／関東で経理・事務スタッフ新着,株式会社OOQ,静岡県,"月給20万5,000円",正社員,経理,求人ボックス,https://xn--pckua2a7gp15o89zb.com/jb/d41a67cd187bee40164d53bf575a42a4,True,15時間前,2026-10-03 05:02:05,静岡県
自動車部品工場での経理事務新着,ビューテック株式会社 新居工場,静岡県,"時給1,300円～",契約社員,経理,求人ボックス,https://xn--pckua2a7gp15o89zb.com/jb/5ed5f329b89195417123f0e68b446461,True,10時間前,2026-10-03 05:02:05,静岡県
社労士事務所の経理事務スタッフ募集 30～40代子育てしゅふ活躍中新着,事務,静岡県,"時給1,200円～1,300円",アルバイト・パート,経理,求人ボックス,https://xn--pckua2a7gp15o89zb.com/jb/a0684cb33da83f24b64af5e886a0751a,True,13時間前,2026-10-03 05:02:05,静岡県
食品の受発注事務や経理補助のお仕事新着,プロン株式会社,静岡県,"月給20万5,000円",正社員,経理,求人ボックス,https://xn--pckua2a7gp15o89zb.com/jb/9642c1fac2ad1f67d270541cd0fad08c,True,13時間前,2026-10-03 05:02:06,静岡県
オフィスワーク :未経験OK新着,株式会社Progress Group,静岡県,"月給18万4,000円",契約社員,経理,求人ボックス,https://xn--pckua2a7gp15o89zb.com/jb/5a2f243835ad2d22a7addf021571cc7d,True,11時間前,2026-10-03 05:02:06,静岡県
未経験からはじめる事務スタッフ／マンパワーGの安定雇用!土日祝休 賞与有新着,株式会社ディンプル,静岡県,"月給19万4,000円",正社員,経理,求人ボックス,https://xn--pckua2a7gp15o89zb.com/jb/7382c11c482df70d1dd7623c931d60bd,True,10時間前,2026-10-03 05:02:06,静岡県
税務会計スタッフ×経理経験を次の専門性へ 税務の資格新着,経理,静岡県,"月給25万1,000円",正社員,経理,求人ボックス,https://xn--pckua2a7gp15o89zb.com/jb/2fcfa4d718d38024e31c4801bb036d42,True,5時間前,2026-10-03 05:02:09,静岡県
「データ入力／一般事務・バックオフィス」プライベートも仕事も全力で自分らしく!髪色・ネイル新着,株式会社ONE LOOK,静岡県,"月給21万5,000円",正社員,経理,求人ボックス,https://xn--pckua2a7gp15o89zb.com/jbn/0b55fcf95469d3cb5fab1a65a56de8e4,True,14時間前,2026-10-03 05:02:09,静岡県
介護事務・富士山が見える自然に囲まれた施設で一緒に働きませんか?新着,富岳ダイヤモンドライフすその,静岡県,"時給1,163円～1,233円",アルバイト・パート,経理,求人ボックス,https://xn--pckua2a7gp15o89zb.com/jb/67830f8fe73f975a6b452035b2f578d0,True,7時間前,2026-10-03 05:02:09,静岡県
物流会社の内勤営業／ブランクOK／履歴書不要で即面接／賞与年2回新着,司静岡株式会社,静岡県,月給23万円～30万円,正社員,経理,求人ボックス,https://xn--pckua2a7gp15o89zb.com/jbn/69ccd4eca634e439b8c4b8cdf3348884,True,21時間前,2026-10-03 05:02:09,静岡県
営業事務／ピタッと17時まで 未経験でも大丈夫 受発注業務など新着,株式会社スタッフサービス,静岡県,"月給18万5,000円",正社員,経理,求人ボックス,https://xn--pckua2a7gp15o89zb.com/jb/e77bffab28ea11e08d9a6ee5aa3ae348,True,17時間前,2026-10-03 05:02:09,静岡県
事務・人事事務「正社員」PC入力ができればOK／定時退社・PC入力業務新着,JHR株式会社,静岡県,月給25万円～40万円,正社員,経理,求人ボックス,https://xn--pckua2a7gp15o89zb.com/jb/853a151a8f7c67d703a72d6536e3dabd,True,20時間前,2026-10-03 05:02:09,静岡県
「未経験から安定スタート」／経理サポート／オフィスワーク／未経験歓迎新着,事務,静岡県,月給25万円～31万,正社員,経理,求人ボックス,https://xn--pckua2a7gp15o89zb.com/jbn/3d494b75437ea0b37fa0517acef2c347,True,15時間前,2026-10-03 05:02:12,静岡県
「研修ありで安心デビュー」／経理サポート／オフィスワーク／未経験歓迎新着,事務,静岡県,"月給27万5,000円",正社員,経理,求人ボックス,https://xn--pckua2a7gp15o89zb.com/jbn/d99aad01487ef668dbbd98eacbdf33f7,True,15時間前,2026-10-03 05:02:12,静岡県
初めてでも安心!フォーマット通りのシンプル事務で月収25〜35万円可新着,事務,静岡県,"月給26万7,000円",正社員,経理,求人ボックス,https://xn--pckua2a7gp15o89zb.com/jbn/41d2f20e3c816dcebe4d01d0ed89605b,True,11時間前,2026-10-03 05:02:12,静岡県
別荘地の管理事務・運営スタッフ新着,株式会社エンゼルコミュニティ,静岡県,"月給23万3,170円",正社員,経理,求人ボックス,https://xn--pckua2a7gp15o89zb.com/jb/88c53e4e7bb36af45288b52eab6ae54c,True,3時間前,2026-10-03 05:02:12,静岡県
一般事務・OA事務 ／ データエントリー業務 ／浜松マチナカ9時～事務 残業なしピタッと!新着,パーソルテンプスタッフ株式会社,静岡県,"時給1,400円～",派遣社員,経理,求人ボックス,https://xn--pckua2a7gp15o89zb.com/jb/7232c9efcc18c3670556e22deb4c86bb,True,23時間前,2026-10-03 05:02:16,静岡県
「経理事務」正社員・ネイルOK／20代活躍中・未経験歓迎／年間休日12...新着,経理,静岡県,"月給21万6,500円",正社員,経理,求人ボックス,https://xn--pckua2a7gp15o89zb.com/jbn/e9dfc8aae7d810851f075733245bb494,True,22時間前,2026-10-03 05:02:16,静岡県
経理事務「正社員・ネイルOK・服装自由」20代活躍中・未経験OK l新着,経理,静岡県,"月給21万5,500円",正社員,経理,求人ボックス,https://xn--pckua2a7gp15o89zb.com/jbn/7397c4af7d0a097f9ac356baae4d2ec2,True,20時間前,2026-10-03 05:02:16,静岡県
サポート充実「経理サポート事務」／正社員デビュー応援／年休125日以上新着,経理,静岡県,"月給25万5,000円",正社員,経理,求人ボックス,https://xn--pckua2a7gp15o89zb.com/jbn/49fd1bf98638f10389ca673046bcde69,True,23時間前,2026-10-03 05:02:18,静岡県
若手スタッフ活躍中／服装・ネイル自由「経理サポート事務」／研修充実新着,経理,静岡県,"月給25万5,000円",正社員,経理,求人ボックス,https://xn--pckua2a7gp15o89zb.com/jbn/bfcfade47609b5c0f280746c880c6c54,True,23時間前,2026-10-03 05:02:18,静岡県
経理事務／未経験歓迎「土日祝休み・電話対応少なめ・ネイルOK」新着,こんな経験をお持ちの方も歓迎,静岡県,"月給21万4,900円",正社員,経理,求人ボックス,https://xn--pckua2a7gp15o89zb.com/jbn/d4a4fd342b373e2880830c43bbfeefe4,True,22時間前,2026-10-03 05:02:18,静岡県
事務デビュー歓迎／賞与あり「受付事務」／書類整理から担当新着,事務,静岡県,"月給24万6,000円",正社員,経理,求人ボックス,https://xn--pckua2a7gp15o89zb.com/jbn/3a046026aea0c4692608ca19008df655,True,23時間前,2026-10-03 05:02:18,静岡県
PC入力から開始「営業サポート事務」／未経験OK／残業なし新着,事務,静岡県,月給25万円～32万,正社員,経理,求人ボックス,https://xn--pckua2a7gp15o89zb.com/jbn/92e01b50b247314dbf2475acaed393fa,True,23時間前,2026-10-03 05:02:18,静岡県
資料作成も学べる「受付事務」／未経験歓迎／服装・ネイル自由新着,事務,静岡県,"月給24万6,000円",正社員,経理,求人ボックス,https://xn--pckua2a7gp15o89zb.com/jbn/0aa29112a359ab02a97e839a1969eb10,True,23時間前,2026-10-03 05:02:18,静岡県
PC初心者歓迎／定時退社「営業サポート事務」／未経験から始めやすい新着,事務,静岡県,月給25万円～32万,正社員,経理,求人ボックス,https://xn--pckua2a7gp15o89zb.com/jbn/b43de293f4cb0335a0096112b70af394,True,23時間前,2026-10-03 05:02:22,静岡県
一般事務／正社員になろう! 食品企業で事務 土日祝休み 17時定時新着,経理,静岡県,年収343万円～,正社員,経理,求人ボックス,https://xn--pckua2a7gp15o89zb.com/jb/bd8571f9e657e197d602edf22a5bf0b9,True,2時間前,2026-10-03 05:02:22,静岡県
経理／リーダー候補新着,経理,静岡県,年収535万円～793万円,正社員,経理,求人ボックス,https://xn--pckua2a7gp15o89zb.com/jb/83b08f4f3e8875354634b36540845653,True,15時間前,2026-10-03 05:02:22,静岡県
働きやすい環境／新卒採用「経理サポート事務」／研修制度充実新着,新卒・インターン,静岡県,"月給25万5,000円",,経理,求人ボックス,https://xn--pckua2a7gp15o89zb.com/jbn/a3c6e5f1d521e446f1bc6e72609734c5,True,23時間前,2026-10-03 05:02:22,静岡県
新卒採用／研修制度充実「経理サポート事務」／初めての就職を応援新着,新卒・インターン,静岡県,"月給25万5,000円",,経理,求人ボックス,https://xn--pckua2a7gp15o89zb.com/jbn/206770074f29b24810d9838ea98a1b5c,True,23時間前,2026-10-03 05:02:22,静岡県
新卒採用／手順から学べる「経理サポート事務」／同期とスタート／残業なし新着,新卒・インターン,静岡県,"月給25万5,000円",,経理,求人ボックス,https://xn--pckua2a7gp15o89zb.com/jbn/8ffc6a8707667b4239576996ce3a3023,True,23時間前,2026-10-03 05:02:22,静岡県
新卒採用／手順から学べる「経理サポート事務」／社会人デビュー応援新着,新卒・インターン,静岡県,"月給25万5,000円",,経理,求人ボックス,https://xn--pckua2a7gp15o89zb.com/jbn/2431498695ba09830c251a5fc3294e15,True,23時間前,2026-10-03 05:02:22,静岡県
新卒採用／質問しやすい「営業サポート事務」／4月入社／昇給あり新着,新卒・インターン,静岡県,月給25万円～32万,,経理,求人ボックス,https://xn--pckua2a7gp15o89zb.com/jbn/597873ade0adcdff9ecb59d16463585d,True,23時間前,2026-10-03 05:02:26,静岡県
初めてでも安心「受付事務」／新卒採用／定時退社新着,新卒・インターン,静岡県,"月給24万6,000円",,経理,求人ボックス,https://xn--pckua2a7gp15o89zb.com/jbn/955051ed2086a2e14fed93393f470d0d,True,23時間前,2026-10-03 05:02:26,静岡県
基礎研修あり「営業サポート事務」／新卒採用／通いやすい職場新着,新卒・インターン,静岡県,月給25万円～32万,,経理,求人ボックス,https://xn--pckua2a7gp15o89zb.com/jbn/cb67efb66666cdefca39034e4b977671,True,23時間前,2026-10-03 05:02:26,静岡県
新卒採用／仕事の流れから学ぶ「受付事務」／未経験から正社員へ／土日祝休み新着,新卒・インターン,静岡県,"月給24万6,000円",正社員,経理,求人ボックス,https://xn--pckua2a7gp15o89zb.com/jbn/819f7dbda15c82eb452f082c0806571f,True,23時間前,2026-10-03 05:02:26,静岡県
質問しやすい「営業サポート事務」／2027年新卒採用／働きやすい環境新着,新卒・インターン,静岡県,月給25万円～32万,,経理,求人ボックス,https://xn--pckua2a7gp15o89zb.com/jbn/977ff10465a619da6b9dd2ea04b75832,True,23時間前,2026-10-03 05:02:26,静岡県
残業なし／2027年新卒採用「受付事務」／段階的に学べる新着,新卒・インターン,静岡県,"月給24万6,000円",,経理,求人ボックス,https://xn--pckua2a7gp15o89zb.com/jbn/dec94f9b10e0963eaef62a5ce66307ef,True,23時間前,2026-10-03 05:02:26,静岡県
新卒採用／初めてでも安心「受付事務」／学部学科不問／年休125日以上新着,新卒・インターン,静岡県,"月給24万6,000円",,経理,求人ボックス,https://xn--pckua2a7gp15o89zb.com/jbn/de9bdd8930a06df3fae994d1d819ace3,True,23時間前,2026-10-03 05:02:29,静岡県
新卒採用／産休育休あり／社会人デビュー応援「営業サポート事務」／基礎研修あり新着,新卒・インターン,静岡県,月給25万円～32万,,経理,求人ボックス,https://xn--pckua2a7gp15o89zb.com/jbn/8008e8fd24c47c1c3726f9fd3e0ed438,True,23時間前,2026-10-03 05:02:29,静岡県
「愛知県勤務」警備員／新生活応援／家具・家電付の社宅完備新着,セキュリティスタッフ株式会社,静岡県,月給24万円～38万,正社員,警備,求人ボックス,https://xn--pckua2a7gp15o89zb.com/jb/59c3a486cb1bd1e15384ca77216f5385,True,4時間前,2026-10-03 05:02:42,静岡県
交通誘導警備員新着,株式会社AIGアイガード,静岡県,"日給9,600円",アルバイト・パート,警備,求人ボックス,https://xn--pckua2a7gp15o89zb.com/jb/26dfb4fa523ba1c23bd1ccf3a7c7b40b,True,6時間前,2026-10-03 05:02:42,静岡県
軽作業／製造スタッフ新着,UTエージェント株式会社,静岡県,"時給1,400円～",アルバイト・パート,警備,求人ボックス,https://xn--pckua2a7gp15o89zb.com/jb/998e5bc3a002ceb78dd9b3b4442dc86d,True,19時間前,2026-10-03 05:02:42,静岡県
警備新着,株式会社第二章,静岡県,"日給9,300円",アルバイト・パート,警備,求人ボックス,https://xn--pckua2a7gp15o89zb.com/jb/38b33f152ce9aeb5451050049fab99a8,True,3時間前,2026-10-03 05:02:42,静岡県
「レア求人・列車見張り員」列車が来たら仲間に合図!未経験OK&資格取得費は会社負担新着,ケイサーチ,静岡県,"日給1万2,000円",契約社員,警備,求人ボックス,https://xn--pckua2a7gp15o89zb.com/jb/cda8023f0a8fbc6cb10ccc0bda7c1244,True,22時間前,2026-10-03 05:02:42,静岡県
専門職新着,警備員・,静岡県,"月給25万4,449円",,警備,求人ボックス,https://xn--pckua2a7gp15o89zb.com/jb/1f45745230546b8361d2ed2d3862ed88,True,12時間前,2026-10-03 05:02:42,静岡県
「手積み・手降ろしほぼなし」中距離の大型トラックドライバー／賞与あり新着,司静岡株式会社,静岡県,月給35万円～42万円,正社員,ドライバー,求人ボックス,https://xn--pckua2a7gp15o89zb.com/jbn/68da423f0fc43dea2aa2a31db313e3cf,True,22時間前,2026-10-03 05:02:33,静岡県
日払い可能!慣れたら月収100万可能 軽貨物の配送ドライバー新着,Jルート株式会社,静岡県,月給45万円～100万円,,ドライバー,求人ボックス,https://xn--pckua2a7gp15o89zb.com/jb/acbb126f61fa6fb8eff9ea9d4e93bcd2,True,9時間前,2026-10-03 05:02:33,静岡県
日払い可能!慣れたら月収100万可能 軽貨物の配送ドライバー新着,JCSロジスコ株式会社,静岡県,月給45万円～100万円,,ドライバー,求人ボックス,https://xn--pckua2a7gp15o89zb.com/jb/0e1129d9c12b2e4d23c03365ec8bddd6,True,10時間前,2026-10-03 05:02:33,静岡県
建築資材の小型トラック配送ドライバー／自分に合った働き方が選べる新着,柳田運輸株式会社,静岡県,月給34万円～45万円,正社員,ドライバー,求人ボックス,https://xn--pckua2a7gp15o89zb.com/jbn/2595d00ac2e43481078419caf7af198b,True,22時間前,2026-10-03 05:02:33,静岡県
3tドライバー新着,岩品運送有限会社,静岡県,"月給22万5,000円",正社員,ドライバー,求人ボックス,https://xn--pckua2a7gp15o89zb.com/jb/fe4ff364a335379204cde8fe2acbb8bd,True,18時間前,2026-10-03 05:02:33,静岡県
タクシードライバー／未経験歓迎／日曜休みOK／週3から可能新着,伊豆箱根交通株式会社,静岡県,月給25万円～45万円,正社員,ドライバー,求人ボックス,https://xn--pckua2a7gp15o89zb.com/jb/2bed79491c000ccf24ab119c8c8ac26f,True,10時間前,2026-10-03 05:02:36,静岡県
タクシードライバー／未経験歓迎／年2回の賞与あり新着,遠鉄タクシー株式会社,静岡県,月給20万円～70万円,正社員,ドライバー,求人ボックス,https://xn--pckua2a7gp15o89zb.com/jb/c1749c14cc41b917fc55112ee08a7b36,True,10時間前,2026-10-03 05:02:36,静岡県
タクシードライバー／未経験歓迎／週3から可能／年2回の賞与あり新着,静鉄タクシー株式会社,静岡県,月給25万円～40万円,正社員,ドライバー,求人ボックス,https://xn--pckua2a7gp15o89zb.com/jb/4a46f0d3846532fde7cd03a0e6a20e42,True,10時間前,2026-10-03 05:02:40,静岡県
月収40.7万円保証!ロイヤリティー代無料 大手EC配送ドライバー新着,五ツ星ロジ株式会社,静岡県,"月給40万7,000円",,ドライバー,求人ボックス,https://xn--pckua2a7gp15o89zb.com/jbn/fa9c17b9fda8d97464d1792a8ee42dcc,True,21時間前,2026-10-03 05:02:40,静岡県
タクシードライバー／未経験歓迎／日曜休みOK／年3回の賞与あり新着,株式会社しらはた,静岡県,月給18万円～37万円,正社員,ドライバー,求人ボックス,https://xn--pckua2a7gp15o89zb.com/jb/4c1e228a1f608515ef03a5d78937104c,True,10時間前,2026-10-03 05:02:40,静岡県
中型ドライバー／オープニング募集／残業ほぼなし／走行距離300km以内新着,ホンダ運送株式会社,静岡県,月給21万円～23万円,正社員,ドライバー,求人ボックス,https://xn--pckua2a7gp15o89zb.com/jb/21fed35c8569656de3b7782839855aab,True,6時間前,2026-10-03 05:02:43,静岡県
電動ドライバーでの組立新着,アルバ株式会社,静岡県,"時給1,330円～",派遣社員,ドライバー,求人ボックス,https://xn--pckua2a7gp15o89zb.com/jb/4833de6a0f1a56a6c5a09dd1af5012c4,True,18時間前,2026-10-03 05:02:47,静岡県
月収50万円以上も可能!大手物流配送ドライバー／1日100～150個新着,合同会社AXIS,静岡県,月給35万円～60万円,,ドライバー,求人ボックス,https://xn--pckua2a7gp15o89zb.com/jb/80b45b3d033e3811641929485341527b,True,5時間前,2026-10-03 05:02:47,静岡県
"時給1,200円／送迎ドライバー／人工透析の患者送迎／普通1種免許新着",株式会社ジャパンリリーフ送迎サポート,静岡県,"時給1,200円",契約社員,ドライバー,求人ボックス,https://xn--pckua2a7gp15o89zb.com/jb/1a4086b17c251361540e0fa86dee448e,True,22時間前,2026-10-03 05:02:51,静岡県
2t配送ドライバー新着,株式会社アトランス,静岡県,月給26万515円,正社員,ドライバー,求人ボックス,https://xn--pckua2a7gp15o89zb.com/jb/1227a6a52794c6f69cdb6afd93fbb126,True,22時間前,2026-10-03 05:02:51,静岡県
大型トラックドライバー／月給30～40万円／長距離なし・賞与年2回新着,ホイテクノ物流株式会社,静岡県,月給30～40万円,正社員,ドライバー,求人ボックス,https://xn--pckua2a7gp15o89zb.com/jb/5509df2606378561a03e0ba6b42292c3,True,3時間前,2026-10-03 05:02:51,静岡県
成長していきたい方静岡ドライバー新着,株式会社GOLDFIRST,静岡県,"月給37万7,520円",,ドライバー,求人ボックス,https://xn--pckua2a7gp15o89zb.com/jb/c1f3d6186cf76f1861c6c60fdb2b2a54,True,5時間前,2026-10-03 05:02:51,静岡県
輸送 4tトラックドライバー新着,東海プロテック株式会社,静岡県,月給25万円～32万,正社員,ドライバー,求人ボックス,https://xn--pckua2a7gp15o89zb.com/jb/28eedb336416c52e29433e3ec0c2509b,True,18時間前,2026-10-03 05:02:54,静岡県
中型トラックドライバー新着,株式会社サントス,静岡県,"月給34万2,628円",正社員,ドライバー,求人ボックス,https://xn--pckua2a7gp15o89zb.com/jb/47dc20ac72329ba4358e37eb3223edb5,True,7時間前,2026-10-03 05:02:54,静岡県
老舗企業の中型ドライバー／創業以来ずっと黒字経営／年休120日以上新着,タカスエグループ 高末株式会社,静岡県,月給24万円～32万円,正社員,ドライバー,求人ボックス,https://xn--pckua2a7gp15o89zb.com/jb/6cf9eb2593ad52067ae96dc827102883,True,14時間前,2026-10-03 05:02:58,静岡県
浜松東エリアの古紙回収4tドライバー新着,松岡紙業株式会社,静岡県,月給23万円～27万円,正社員,ドライバー,求人ボックス,https://xn--pckua2a7gp15o89zb.com/jb/235d9e9341c197c17033ae6bc0619b30,True,18時間前,2026-10-03 05:02:58,静岡県
大型車にて食品配送ドライバー／未経験OK／週払いOK／社会保険完備新着,株式会社ドライブトライブ,静岡県,"日給1万5,300円",派遣社員,ドライバー,求人ボックス,https://xn--pckua2a7gp15o89zb.com/jb/e9235ff3a0de71806761f0add62b1299,True,18時間前,2026-10-03 05:03:02,静岡県
大型トラックドライバー新着,静岡石油輸送株式会社,静岡県,"月給27万8,000円",正社員,ドライバー,求人ボックス,https://xn--pckua2a7gp15o89zb.com/jb/2aad98ae3820440644a2dc281df3c5f8,True,21時間前,2026-10-03 05:03:02,静岡県
お弁当などの食品容器の製造スタッフ新着,大丸化工株式会社,静岡県,"時給1,200円～1,500円",アルバイト・パート,製造,求人ボックス,https://xn--pckua2a7gp15o89zb.com/jb/9494bf6a56e9fef5993388703371eaa0,True,12時間前,2026-10-03 05:02:46,静岡県
製造事務スタッフ新着,興津螺旋株式会社,静岡県,月給22万円～24万円,正社員,製造,求人ボックス,https://xn--pckua2a7gp15o89zb.com/jb/92b655a738140ef8f4a90830a5f05ce0,True,12時間前,2026-10-03 05:02:46,静岡県
「未経験でも始めやすい!」／キャラクターリュックチャームの製造スタッフ新着,製造,静岡県,"月給36万3,000円",正社員,製造,求人ボックス,https://xn--pckua2a7gp15o89zb.com/jbn/94d980ae2773e2f95daacb7bdf8487bc,True,13時間前,2026-10-03 05:02:47,静岡県
「機械にセットするだけのカンタン作業」／タッチパネルの製造スタッフ新着,三陽工業株式会社,静岡県,月給19万円～38万円,正社員,製造,求人ボックス,https://xn--pckua2a7gp15o89zb.com/jbn/b55c5639f62138e32b0a2b8116657fe5,True,14時間前,2026-10-03 05:02:47,静岡県
お弁当工場での製造スタッフ新着,株式会社デイリーはやしや 富士山工場,静岡県,"時給1,200円",アルバイト・パート,製造,求人ボックス,https://xn--pckua2a7gp15o89zb.com/jb/5f4861ddfa632afb659c3e707407b371,True,12時間前,2026-10-03 05:02:47,静岡県
お餅製造工場スタッフ／スピード採用新着,MY BASE株式会社,静岡県,"月給24万4,000円",正社員,製造,求人ボックス,https://xn--pckua2a7gp15o89zb.com/jb/ff7f3e56c6e8f67ce760b13ce2d65fb9,True,13時間前,2026-10-03 05:02:51,静岡県
「未経験スタート応援!」／プライズフィギュアの製造スタッフ新着,製造,静岡県,"月給42万8,000円",正社員,製造,求人ボックス,https://xn--pckua2a7gp15o89zb.com/jbn/d23d78efbbdbf63458a6cbdbdc67ad13,True,13時間前,2026-10-03 05:02:54,静岡県
「コツコツ派にぴったり!」サブスクボックス同梱グッズの製造スタッフ新着,製造,静岡県,"月給32万1,250円",正社員,製造,求人ボックス,https://xn--pckua2a7gp15o89zb.com/jbn/42e0280df45a4a12d169b90dddafd1d5,True,15時間前,2026-10-03 05:02:54,静岡県
「モクモク作業が好きな方へ!」サステナブル雑貨づくりの製造スタッフ新着,製造,静岡県,"月給30万8,540円",正社員,製造,求人ボックス,https://xn--pckua2a7gp15o89zb.com/jbn/0b4bb8aeacd08e295c8232202114db5e,True,15時間前,2026-10-03 05:02:58,静岡県
ソフトカプセルの製造補助スタッフ新着,アルバ株式会社,静岡県,"時給1,200円～",派遣社員,製造,求人ボックス,https://xn--pckua2a7gp15o89zb.com/jb/01ff4dabde3cacdaa5e2b6b3156be0be,True,18時間前,2026-10-03 05:02:58,静岡県
「コツコツ検査作業!」トイレットペーパーの製造スタッフ／20代から30...新着,株式会社日本ケイテム,静岡県,"時給1,500円～",アルバイト・パート,製造,求人ボックス,https://xn--pckua2a7gp15o89zb.com/jbn/8bf2018d882e348bf88f65ec78f9fdad,True,20時間前,2026-10-03 05:03:01,静岡県
「未経験から始める工場ワーク!」プラモデルづくりの製造スタッフ新着,製造,静岡県,"月給31万2,050円",正社員,製造,求人ボックス,https://xn--pckua2a7gp15o89zb.com/jbn/70aafb6ad26d3a4e18c5e4d371d53c2d,True,15時間前,2026-10-03 05:03:01,静岡県
「未経験スタート応援!」／キャラ柄モバイルバッテリーケースの製造スタッフ／正社員デビュー応援新着,製造,静岡県,"月給38万8,000円",正社員,製造,求人ボックス,https://xn--pckua2a7gp15o89zb.com/jbn/71357030f3656c116c07a5b12edb64ba,True,13時間前,2026-10-03 05:03:01,静岡県
「生活を安定させたい方へ!」プラモデルの製造スタッフ／正社員新着,製造,静岡県,"月給30万6,050円",正社員,製造,求人ボックス,https://xn--pckua2a7gp15o89zb.com/jbn/49dfcd8003138a044e3ddc7e95623a5b,True,15時間前,2026-10-03 05:03:06,静岡県
「コツコツ派にぴったり!」アーケードゲーム筐体パーツの製造スタッフ新着,製造,静岡県,"月給30万7,570円",正社員,製造,求人ボックス,https://xn--pckua2a7gp15o89zb.com/jbn/2c24e99e4bfe99022f1977f780e8f7d9,True,15時間前,2026-10-03 05:03:09,静岡県
「正社員デビューに人気!」／アニメ柄ノートの製造スタッフ／ボーナスあり新着,製造,静岡県,"月給38万3,000円",正社員,製造,求人ボックス,https://xn--pckua2a7gp15o89zb.com/jbn/c350de4d8221811c2ad0485405af2f06,True,13時間前,2026-10-03 05:03:09,静岡県
「フリーターから正社員へ!」ガラス製品づくりの製造スタッフ新着,製造,静岡県,"月給31万6,070円",正社員,製造,求人ボックス,https://xn--pckua2a7gp15o89zb.com/jbn/de35b018753a1282d7114f64ac697ab2,True,15時間前,2026-10-03 05:03:09,静岡県
「福利厚生充実の注目求人」／防犯カメラユニットの製造スタッフ新着,製造,静岡県,月給33万円～41万,正社員,製造,求人ボックス,https://xn--pckua2a7gp15o89zb.com/jbn/de31d1255bd3c84de8d6cf6b831da409,True,15時間前,2026-10-03 05:03:13,静岡県
暮らしに近い製品の製造スタッフ!／ステッカー台紙の検査スタッフ新着,製造,静岡県,"月給36万1,000円",正社員,製造,求人ボックス,https://xn--pckua2a7gp15o89zb.com/jbn/a02b4625815a3796c86f3ca3a5353abe,True,12時間前,2026-10-03 05:03:13,静岡県
「新しい仕事に挑戦しやすい」／宅配ボックス部材の製造スタッフ新着,製造,静岡県,"月給33万9,000円",正社員,製造,求人ボックス,https://xn--pckua2a7gp15o89zb.com/jbn/5e40ada03e9ac99c84be1cbffa2868ff,True,15時間前,2026-10-03 05:03:17,静岡県
ペットショップの清掃・店舗スタッフ／アミーゴ浜松和田店業種新着,株式会社犬の家 アミーゴ浜松和田店,静岡県,"月給19万9,000円",正社員,清掃,求人ボックス,https://xn--pckua2a7gp15o89zb.com/jbn/4bd94088deaea3f07c10b12c249983a6,True,22時間前,2026-10-03 05:03:01,静岡県
ペットショップの店舗清掃・お世話スタッフ／藤枝店動物が好きな方にピッタ...新着,株式会社犬の家 藤枝店,静岡県,"月給19万9,000円",正社員,清掃,求人ボックス,https://xn--pckua2a7gp15o89zb.com/jbn/83ff3e6158449dc0b52d650e67b1eed2,True,22時間前,2026-10-03 05:03:01,静岡県
ホテルのフロントスタッフ新着,ビジネスホテル千楽 有限会社長田松平商店,静岡県,"月給22万2,023円",正社員,清掃,求人ボックス,https://xn--pckua2a7gp15o89zb.com/jb/2e05349c354916e11c527d8f99151181,True,18時間前,2026-10-03 05:03:01,静岡県
ホテルでのフロント業務新着,ホテルラバーズ,静岡県,月給25万円,正社員,清掃,求人ボックス,https://xn--pckua2a7gp15o89zb.com/jb/38628f5288d33df5d3815ae6bc0f3e16,True,12時間前,2026-10-03 05:03:01,静岡県
清掃または卵の検査と送迎ドライバー新着,アルバ株式会社,静岡県,"時給1,200円～",派遣社員,清掃,求人ボックス,https://xn--pckua2a7gp15o89zb.com/jb/d04648f5b52b11d3643e32d47066d02e,True,18時間前,2026-10-03 05:03:01,静岡県
ファミレスのホールスタッフ 店長候補 店長経験不問 年休120日以上 7連休年2回新着,株式会社デニーズジャパン,静岡県,月給23万円～40万円,正社員,清掃,求人ボックス,https://xn--pckua2a7gp15o89zb.com/jb/0090a37e02f7ef418a502c71bd094375,True,4時間前,2026-10-03 05:03:01,静岡県
「体を動かす仕事!」健康食品の製造サポートスタッフ／20代から30代活躍中!／日払いOK新着,株式会社日本ケイテム,静岡県,"時給1,200円～",派遣社員,清掃,求人ボックス,https://xn--pckua2a7gp15o89zb.com/jbn/d05f161237855698a0bf2eb946b8e480,True,20時間前,2026-10-03 05:03:01,静岡県
機械オペレータ／検査新着,フロンティア・ヒューマン,静岡県,"時給1,400円",派遣社員,清掃,求人ボックス,https://xn--pckua2a7gp15o89zb.com/jb/ecbe5c61234eb9552bbfb30a54fc9b8d,True,12時間前,2026-10-03 05:03:01,静岡県
タイヤ・ホイールの取付スタッフ新着,株式会社ホリイ タイヤガーデン駿東,静岡県,月給25万円～,正社員,清掃,求人ボックス,https://xn--pckua2a7gp15o89zb.com/jb/65f2726f74686af4c7a4980944f053fb,True,12時間前,2026-10-03 05:03:01,静岡県
グランピング場スタッフ／支配人候補新着,株式会社nature design80／Memo...,静岡県,月給25万円～,正社員,清掃,求人ボックス,https://xn--pckua2a7gp15o89zb.com/jbn/c364e69663d1be0b4c6491adf70d549d,True,22時間前,2026-10-03 05:03:01,静岡県
ペットショップ販売・接客スタッフ／ボーナス支給あり／動物が好きな方にピッタリ／週休2日制新着,株式会社犬の家 プレ葉ウォーク浜北店,静岡県,"月給19万9,000円",正社員,清掃,求人ボックス,https://xn--pckua2a7gp15o89zb.com/jbn/9aa127c6d690acd75a8879bf423370a6,True,22時間前,2026-10-03 05:03:01,静岡県
ペットショップ販売・接客スタッフ／ボーナス支給あり／動物が好きな方にピッタリ／週休2日制新着,株式会社犬の家 MEGAドン・キホーテ袋井店,静岡県,"月給19万9,000円",正社員,清掃,求人ボックス,https://xn--pckua2a7gp15o89zb.com/jbn/6b45a3e80a1adc7c98830ffbc0181462,True,22時間前,2026-10-03 05:03:01,静岡県
浜松市中央区エリアでのお仕事探しなら!「シュークリーム専門店の販売スタッフ」 シュークリーム専門店新着,株式会社ディンプル,静岡県,"月給21万6,500円",正社員,清掃,求人ボックス,https://xn--pckua2a7gp15o89zb.com/jb/fe69d000a141baabf39390875d684c69,True,10時間前,2026-10-03 05:03:01,静岡県
「賞与ありでモチベーションもアップ」／コーヒーパックの検品・梱包／昇給あり／福利厚生充実新着,株式会社SNJAPAN,静岡県,月給37万円～40万円,正社員,清掃,求人ボックス,https://xn--pckua2a7gp15o89zb.com/jbn/c93a946e3e682e7d87184aef221a6007,True,15時間前,2026-10-03 05:03:05,静岡県
「大手企業で安定して働ける」／ピアスの検品作業／単純作業中心／手のひらサイズ中心／目視確認中心新着,株式会社Tetote,静岡県,"月給37万5,000円",正社員,清掃,求人ボックス,https://xn--pckua2a7gp15o89zb.com/jbn/3574f226190aaa9329d1091d79e87478,True,15時間前,2026-10-03 05:03:05,静岡県
「変形を確認して詰めるだけ」／小型バネの梱包／福利厚生充実／日勤のみ／ブランクOK新着,三陽工業株式会社,静岡県,月給19万円～39万円,正社員,清掃,求人ボックス,https://xn--pckua2a7gp15o89zb.com/jbn/5473a4dff9fb5fdfc9a82e6870da456b,True,14時間前,2026-10-03 05:03:05,静岡県
家電の部品交換メンテナンススタッフ新着,ギグワークスアドバリュー株式会社,静岡県,日給2万円～,,清掃,求人ボックス,https://xn--pckua2a7gp15o89zb.com/jb/2ada73eef2bf6e662852335172b0a76d,True,6時間前,2026-10-03 05:03:05,静岡県
シフト休／和風旅館での内務／資格経験不要新着,株式会社石のWA,静岡県,月給21万円～25万円,正社員,清掃,求人ボックス,https://xn--pckua2a7gp15o89zb.com/jb/5e266b4dc87fb8245e3d9ea9c2cbc324,True,3時間前,2026-10-03 05:03:05,静岡県
設計変更文書作成と変更管理事務新着,株式会社スタッフサービス,静岡県,"時給1,600円～",派遣社員,清掃,求人ボックス,https://xn--pckua2a7gp15o89zb.com/jb/ecce7f49bf3dd88a5ffc63d4faf7b6e6,True,9時間前,2026-10-03 05:03:05,静岡県
障害者支援施設の介護職・ヘルパー／無資格・未経験OK／定年70歳&再雇用制度75歳まで新着,jobフレンド,静岡県,月給25万円～29万,正社員,清掃,求人ボックス,https://xn--pckua2a7gp15o89zb.com/jb/3dc40e6182ef29a77bf6efae0f8ca0bc,True,22時間前,2026-10-03 05:03:05,静岡県
日勤／土日祝休／月44万／リチウムイオン電池の試作・製造・評価新着,TSヒューマンサービス株式会社,静岡県,"時給2,300円",派遣社員,清掃,求人ボックス,https://xn--pckua2a7gp15o89zb.com/jb/d9bec7827863eaafb3ec6d16b9366615,True,13時間前,2026-10-03 05:03:09,静岡県
支援員／障害福祉事業所新着,医療法人新光会 サニープレイスかんなみ,静岡県,"月給14万5,000円",正社員,清掃,求人ボックス,https://xn--pckua2a7gp15o89zb.com/jb/9abfea62af7d2d854f758ccc6d63b48c,True,18時間前,2026-10-03 05:03:09,静岡県
ガソリンスタンドの整備スタッフ新着,株式会社浜崎商店,静岡県,月給28万円～40万円,正社員,清掃,求人ボックス,https://xn--pckua2a7gp15o89zb.com/jb/b3c9c2922796a759713abb2c932a179f,True,5時間前,2026-10-03 05:03:09,静岡県
シフト休／高級旅館のフロントスタッフ／社員寮完備新着,株式会社ホテルはまのゆ,静岡県,月給23万円～26万円,正社員,清掃,求人ボックス,https://xn--pckua2a7gp15o89zb.com/jb/abe6e3815f82f3358c825aedf1366685,True,3時間前,2026-10-03 05:03:09,静岡県
コスメ・化粧品販売／販売・サンプリング／その他／生活の木／食品・コスメ販売 新静岡セノバ新着,株式会社iDA,静岡県,"時給1,500円～1,550円",派遣社員,清掃,求人ボックス,https://xn--pckua2a7gp15o89zb.com/jb/b0beea6e1f8b9af125bde78847f56baf,True,10時間前,2026-10-03 05:03:09,静岡県
リゾートバイト／フロント・ベル新着,株式会社ダイブ,静岡県,"時給1,400円～",派遣社員,清掃,求人ボックス,https://xn--pckua2a7gp15o89zb.com/jb/f720cee5b9571ff548c524e15b8f0833,True,23時間前,2026-10-03 05:03:13,静岡県
シフト休／専門店レストランの店舗スタッフ／東証一部上場企業新着,株式会社グルメ杵屋,静岡県,月給23万円～35万円,正社員,清掃,求人ボックス,https://xn--pckua2a7gp15o89zb.com/jb/0eb280540f632242dce1d74fe3e328ef,True,3時間前,2026-10-03 05:03:13,静岡県
精密な電子部品の組立てとテスト業務スタッフ／未経験歓迎!コツコツ軽作業 キレイな職場で安心スタート新着,IBS即戦力人財株式会社,静岡県,"時給1,500円",派遣社員,清掃,求人ボックス,https://xn--pckua2a7gp15o89zb.com/jb/c27088faa9c5de1c9c6fe4bf26486a58,True,14時間前,2026-10-03 05:03:13,静岡県
重量物ナシ かばんの箱詰め 未経験大歓迎新着,株式会社IGF,静岡県,月給30万円～35万円,正社員,清掃,求人ボックス,https://xn--pckua2a7gp15o89zb.com/jb/fababb66e547511de5730dae29910f65,True,14時間前,2026-10-03 05:03:13,静岡県
商品の査定・買取スタッフ オープニングスタッフ 土日休み 地域密着型店舗の勤務 長期連休あり新着,株式会社Strategy Bank,静岡県,月給30万円～35万円,正社員,清掃,求人ボックス,https://xn--pckua2a7gp15o89zb.com/jb/583914738168428c48b4a6be13039e71,True,4時間前,2026-10-03 05:03:13,静岡県
食品包装容器の品質管理新着,大丸化工株式会社,静岡県,月給20万円～26万円,正社員,清掃,求人ボックス,https://xn--pckua2a7gp15o89zb.com/jb/2de999d9200ea7cf8e6a8a9b94a42a15,True,12時間前,2026-10-03 05:03:13,静岡県
カーコーティング・内装クリーニング新着,ASAP裾野長泉,静岡県,"月給25万3,000円",正社員,清掃,求人ボックス,https://xn--pckua2a7gp15o89zb.com/jb/0586188465c9a9383a41740eca6e7c62,True,4時間前,2026-10-03 05:03:17,静岡県
観光ホテルの設備スタッフ新着,ホテルテトラリゾート静岡やいづ,静岡県,月給19万円～25万円,正社員,清掃,求人ボックス,https://xn--pckua2a7gp15o89zb.com/jb/bd99c460677a9bd3abb2719e91fbdd0f,True,4時間前,2026-10-03 05:03:17,静岡県
温泉施設の設備管理スタッフ新着,さがら子生れ温泉会館,静岡県,月給25万円～50万円,正社員,清掃,求人ボックス,https://xn--pckua2a7gp15o89zb.com/jb/6ce2d7cd7559182599bdbcd5eadbb543,True,18時間前,2026-10-03 05:03:17,静岡県
カーコーティング・内装クリーニング新着,ASAP東静岡,静岡県,"月給25万3,000円",正社員,清掃,求人ボックス,https://xn--pckua2a7gp15o89zb.com/jb/f1357f471e62816c96de1a239356cade,True,4時間前,2026-10-03 05:03:17,静岡県
店舗スタッフ新着,エッグスンシングス JAPAN株式会社,静岡県,"月給23万3,000円",正社員,清掃,求人ボックス,https://xn--pckua2a7gp15o89zb.com/jb/11e62e5139865e9188d48b4c8d181017,True,13時間前,2026-10-03 05:03:17,静岡県
カーコーティング・内装クリーニング新着,ASAP 富士店,静岡県,"月給22万7,000円",正社員,清掃,求人ボックス,https://xn--pckua2a7gp15o89zb.com/jb/29c4742e0494ab14cafd0cc25f845a8c,True,4時間前,2026-10-03 05:03:20,静岡県
生産設備のメンテナンススタッフ新着,株式会社ユニオンパーツ工業 尾野工場,静岡県,月給21万円～27万円,正社員,清掃,求人ボックス,https://xn--pckua2a7gp15o89zb.com/jb/2d9a90622fb4f28d99095321d9aa880e,True,12時間前,2026-10-03 05:03:20,静岡県
カーコーティング・内装クリーニング新着,ASAP富士店,静岡県,"月給25万3,000円",正社員,清掃,求人ボックス,https://xn--pckua2a7gp15o89zb.com/jb/ba9dc959583afeff1365b68190e566fb,True,4時間前,2026-10-03 05:03:20,静岡県
建築現場での足場施工新着,東海ステップ株式会社,静岡県,"月給23万2,500円",正社員,清掃,求人ボックス,https://xn--pckua2a7gp15o89zb.com/jb/6b596984b86cd9b99ae753fd7fb48745,True,18時間前,2026-10-03 05:03:20,静岡県
コンビニの店舗運営新着,セブンイレブン吉田町神戸日の出店,静岡県,月給20万円～,正社員,清掃,求人ボックス,https://xn--pckua2a7gp15o89zb.com/jb/806448b3aeca43caafc4e9feeb336ec7,True,6時間前,2026-10-03 05:03:20,静岡県
カーコーティング・内装クリーニング新着,ASAP 東静岡,静岡県,"月給22万7,000円",正社員,清掃,求人ボックス,https://xn--pckua2a7gp15o89zb.com/jb/c2ad7a59b3b5cace5a3ca22fceaf387f,True,4時間前,2026-10-03 05:03:24,静岡県
施設設備の統括スタッフ新着,株式会社静岡ダイケン,静岡県,月給24万円～27万円,正社員,清掃,求人ボックス,https://xn--pckua2a7gp15o89zb.com/jb/2835d3207d18fbdb5a4f66a018189b1c,True,18時間前,2026-10-03 05:03:24,静岡県
紙製品の操作作業新着,新東海ロジスティクス株式会社,静岡県,"月給22万7,000円",正社員,清掃,求人ボックス,https://xn--pckua2a7gp15o89zb.com/jb/543b63e4ebf0af0932704d6ab9fee286,True,6時間前,2026-10-03 05:03:24,静岡県
介護施設での盛付・洗浄新着,株式会社エムズライフ,静岡県,"月給19万9,000円",正社員,清掃,求人ボックス,https://xn--pckua2a7gp15o89zb.com/jb/ea075af11524b55479bba4ac7c0b99aa,True,12時間前,2026-10-03 05:03:24,静岡県
カーコーティング・内装クリーニング新着,ASAP 裾野長泉,静岡県,"月給22万7,000円",正社員,清掃,求人ボックス,https://xn--pckua2a7gp15o89zb.com/jb/de60e91479f2e30dbd65e6b57a3a6032,True,4時間前,2026-10-03 05:03:24,静岡県
カーコーティング・内装クリーニング新着,ASAP 浜松志都呂,静岡県,"月給22万7,000円",正社員,清掃,求人ボックス,https://xn--pckua2a7gp15o89zb.com/jb/b2d64f9d50c36ebaa629267174494493,True,4時間前,2026-10-03 05:03:24,静岡県
ホールスタッフ・フロアスタッフ・調理スタッフ新着,CONV,静岡県,月給20万円～22万円,正社員,清掃,求人ボックス,https://xn--pckua2a7gp15o89zb.com/jb/5820678dc336bb2197ec422db32c744f,True,10時間前,2026-10-03 05:03:24,静岡県
調理スタッフ新着,社会福祉法人大善福祉会 特別養護老人ホーム多喜の園,静岡県,月給20万976円,正社員,清掃,求人ボックス,https://xn--pckua2a7gp15o89zb.com/jb/242285974d825f7897fbdbc7a74cb9ea,True,12時間前,2026-10-03 05:03:28,静岡県
医薬品の倉庫内作業スタッフ新着,Meiji Seikaファルマリンクス株式会社,静岡県,"月給21万2,000円",正社員,清掃,求人ボックス,https://xn--pckua2a7gp15o89zb.com/jb/83e37c9711675ff0f1febfb26d813bc1,True,12時間前,2026-10-03 05:03:28,静岡県
食品等のプラスチック容器の検査 未経験者積極採用中 土日休み 車通勤可新着,株式会社オーロ,静岡県,"時給1,300円～1,625円",派遣社員,清掃,求人ボックス,https://xn--pckua2a7gp15o89zb.com/jb/ae347b820f99f874487ed990174b7953,True,4時間前,2026-10-03 05:03:28,静岡県
カーコーティング・内装クリーニング新着,ASAP浜松志都呂,静岡県,"月給25万3,000円",正社員,清掃,求人ボックス,https://xn--pckua2a7gp15o89zb.com/jb/fb40741f96273684701668d3a35d4f83,True,4時間前,2026-10-03 05:03:28,静岡県
生産設備のメンテナンススタッフ新着,株式会社ユニオンパーツ工業,静岡県,月給20万円～29万円,正社員,清掃,求人ボックス,https://xn--pckua2a7gp15o89zb.com/jb/51f3856198efe7555aa7ccb9d6704f86,True,18時間前,2026-10-03 05:03:28,静岡県
施設の窓口となるお仕事です 環境プラントの受入業務新着,株式会社タクマテクノス,静岡県,月給21万円～,正社員,清掃,求人ボックス,https://xn--pckua2a7gp15o89zb.com/jb/00040ae2b4256eff8229de819dee0570,True,9時間前,2026-10-03 05:03:28,静岡県
60・70代在籍。未経験から正社員へ／研修と入社後のフォローあり新着,セキュリティスタッフ株式会社,静岡県,日給1万200円,正社員,清掃,求人ボックス,https://xn--pckua2a7gp15o89zb.com/jb/47904d262a1915503ef92e8c7bfe572f,True,13時間前,2026-10-03 05:03:31,静岡県
軽作業 ／ 包装・シール貼付作業員 ／車通勤OK〇長期 はんだ付け作業 17時台定時新着,パーソルテンプスタッフ株式会社,静岡県,"時給1,350円",派遣社員,清掃,求人ボックス,https://xn--pckua2a7gp15o89zb.com/jb/52390252e0858d6c36c94ea4dc1ce604,True,17時間前,2026-10-03 05:03:31,静岡県
未経験者大歓迎!駅チカ!綺麗な職場!完成品の検査業務新着,株式会社テクノサービス,静岡県,"時給1,200円",派遣社員,清掃,求人ボックス,https://xn--pckua2a7gp15o89zb.com/jb/121d57176941be9f2b5f8fb05b19c61c,True,22時間前,2026-10-03 05:03:31,静岡県
リゾートバイト／バイキング／寮がオーシャンビュー!満了率高い人気求人寮費+光熱費無料!新着,株式会社アルファスタッフ,静岡県,"時給1,350円",派遣社員,清掃,求人ボックス,https://xn--pckua2a7gp15o89zb.com/jb/34a00ad760b29efd1165f64ff02c792a,True,19時間前,2026-10-03 05:03:31,静岡県
テレビの接客・販売スタッフ新着,株式会社アイ・ファイン本社,静岡県,"時給1,500円",派遣社員,清掃,求人ボックス,https://xn--pckua2a7gp15o89zb.com/jb/089af7d18e90c7a97d6da5fa5bcbc66c,True,14時間前,2026-10-03 05:03:31,静岡県
平日休み ケーブルの製造新着,フジアルテ株式会社,静岡県,"時給1,700円～",派遣社員,清掃,求人ボックス,https://xn--pckua2a7gp15o89zb.com/jb/deb65779392a4a5bda3e76648245c733,True,2時間前,2026-10-03 05:03:31,静岡県
土日祝休みで時給1300円の包装・検品スタッフ新着,戦力エージェント株式会社,静岡県,時給1300円,派遣社員,派遣,求人ボックス,https://xn--pckua2a7gp15o89zb.com/jb/18451d3126dfb693fc1b5a2dbdc594bb,True,18時間前,2026-10-03 05:03:05,静岡県
給湯器の部品の組み立て・検査新着,株式会社リブラ,静岡県,"時給1,250円～1,563円",派遣社員,派遣,求人ボックス,https://xn--pckua2a7gp15o89zb.com/jb/37841fba7a4dcf207147762958f95325,True,18時間前,2026-10-03 05:03:05,静岡県
人材コーディネーター／賞与3回～新着,株式会社綜合キャリアオプション,静岡県,月給25万円,正社員,派遣,求人ボックス,https://xn--pckua2a7gp15o89zb.com/jb/c54b3e1af32f6c2fcc354a76b9ada802,True,2時間前,2026-10-03 05:03:05,静岡県
オフィス事務新着,株式会社ウィルエージェンシー 静岡,静岡県,"時給1,350円～",アルバイト・パート,派遣,求人ボックス,https://xn--pckua2a7gp15o89zb.com/jb/65327eec3453a579858d1db18ed183e8,True,14時間前,2026-10-03 05:03:05,静岡県
未経験からはじめる事務スタッフ／マンパワーGの安定雇用!土日祝休 賞与有新着,株式会社ディンプル,静岡県,"月給19万4,000円",正社員,派遣,求人ボックス,https://xn--pckua2a7gp15o89zb.com/jb/56001f81031cd7491ae8b797bab3d0f2,True,11時間前,2026-10-03 05:03:05,静岡県
リゾートバイト／バイキングレストランサービス新着,株式会社ダイブ,静岡県,"時給1,300円～",派遣社員,派遣,求人ボックス,https://xn--pckua2a7gp15o89zb.com/jb/7bbdbbc8a0d2901c4efe0b80f8e8270e,True,23時間前,2026-10-03 05:03:09,静岡県
"未経験OK!事務と軽作業が半々 時給1,550円!土日祝休み・年休126日!キレイな開発センター勤務新着",株式会社シスムエンジニアリング,静岡県,"時給1,550円",正社員,派遣,求人ボックス,https://xn--pckua2a7gp15o89zb.com/jb/23ecb99ad1ab20a01307023cd1bb8cd4,True,23時間前,2026-10-03 05:03:09,静岡県
エアコンなどの組立・検査新着,未経験OK&年齢不問 当社,静岡県,"時給1,500円",派遣社員,派遣,求人ボックス,https://xn--pckua2a7gp15o89zb.com/jb/2d581949c9a13651c9f4170c72624a7c,True,6時間前,2026-10-03 05:03:13,静岡県
テレフォンオペレーター+ 一般事務新着,株式会社リクルートスタッフィング,静岡県,"時給1,380円～",派遣社員,派遣,求人ボックス,https://xn--pckua2a7gp15o89zb.com/jb/69ea921b7b24c03b93ceb2cbb6bd122f,True,9時間前,2026-10-03 05:03:13,静岡県
「大人気」ガチャポン景品のピッキング新着,セブンエージェント株式会社,静岡県,"時給1,350円～",派遣社員,派遣,求人ボックス,https://xn--pckua2a7gp15o89zb.com/jb/33e964742e0d0dc05d36888824fb74eb,True,14時間前,2026-10-03 05:03:13,静岡県
軽作業全般新着,CONV,静岡県,"時給1,600円～",正社員,派遣,求人ボックス,https://xn--pckua2a7gp15o89zb.com/jb/c750759b6e8f13cfcabe69766f38f60e,True,5時間前,2026-10-03 05:03:16,静岡県
大手メーカーでフォークリフト入出庫新着,ヒューマンリソシア株式会社,静岡県,"時給1,350円",派遣社員,派遣,求人ボックス,https://xn--pckua2a7gp15o89zb.com/jb/73095cc12031e93081da2195c2aa8b17,True,7時間前,2026-10-03 05:03:16,静岡県
資料作成や電話の取り次ぎなどの事務スタッフ新着,アルバ株式会社,静岡県,"時給1,200円～",派遣社員,派遣,求人ボックス,https://xn--pckua2a7gp15o89zb.com/jb/8dcae2a0b606214c1f9cc799184c1288,True,18時間前,2026-10-03 05:03:16,静岡県
営業アシスタント スポーツ好き必見!商品づくりに関われる仕事新着,株式会社フェローズ,静岡県,"時給1,250円～1,300円",派遣社員,派遣,求人ボックス,https://xn--pckua2a7gp15o89zb.com/jb/54ef238dc35158321a69921a8741c275,True,16時間前,2026-10-03 05:03:21,静岡県
未経験歓迎 携帯ショップでの受付スタッフ／充実の福利厚生／月給26万円～新着,グローバルヒューマンブリッジ,静岡県,月給26万円～,正社員,派遣,求人ボックス,https://xn--pckua2a7gp15o89zb.com/jb/eba560f64fa2a656fb6e67de25badbf8,True,18時間前,2026-10-03 05:03:21,静岡県
一般事務／未経験OK 請求書チェック 電話&残業なし新着,マンパワーグループ株式会社,静岡県,"時給1,450円",派遣社員,派遣,求人ボックス,https://xn--pckua2a7gp15o89zb.com/jb/0f4333281de59865fb054394b475d5a6,True,3時間前,2026-10-03 05:03:21,静岡県
「現場事務所」・「宿舎」の水道・設備管理業務新着,株式会社スタッフ・アクティオ,静岡県,"月給38万4,000円",派遣社員,派遣,求人ボックス,https://xn--pckua2a7gp15o89zb.com/jb/7ed8ce5a3ddf977a0c422e1343ed9d85,True,13時間前,2026-10-03 05:03:21,静岡県
プラモデル等のセット・箱詰め等の業務新着,株式会社バイトレ,静岡県,"月給27万7,500円",派遣社員,派遣,求人ボックス,https://xn--pckua2a7gp15o89zb.com/jb/589ac198a2536a37054cba894dacfeb4,True,2時間前,2026-10-03 05:03:24,静岡県
窓枠組立・梱包スタッフ新着,株式会社ヒューマンコミュニケーションズ,静岡県,"時給1,400円～1,750円",派遣社員,派遣,求人ボックス,https://xn--pckua2a7gp15o89zb.com/jb/732a766c7dd37157615731f2178d7927,True,12時間前,2026-10-03 05:03:24,静岡県
イベントPR・案内スタッフ新着,株式会社Liv.Design 家計の見直し堂 静...,静岡県,月給23万円～27万円,正社員,派遣,求人ボックス,https://xn--pckua2a7gp15o89zb.com/jbn/97cb7565b9d55404dbdb1557f290dd5d,True,21時間前,2026-10-03 05:03:27,静岡県
GIVENCHY／ショップ販売新着,株式会社スタッフブリッジ,静岡県,"時給1,600円",派遣社員,派遣,求人ボックス,https://xn--pckua2a7gp15o89zb.com/jb/9dc113216317f7d65a23c70a6939f7ad,True,9時間前,2026-10-03 05:03:27,静岡県
無資格&未経験OK ネオキャリアの介護ワーク!週2日～時間選べる 家事との両立も 履歴書不要新着,株式会社ネオキャリア ナイス,静岡県,"時給1,300円～1,600円",派遣社員,派遣,求人ボックス,https://xn--pckua2a7gp15o89zb.com/jb/30d6a4c29612677cd80f2f02253ef41a,True,14時間前,2026-10-03 05:03:27,静岡県
検査／組立・部品加工／マシンオペレーター新着,ランスタッド株式会社,静岡県,"時給1,700円～",派遣社員,派遣,求人ボックス,https://xn--pckua2a7gp15o89zb.com/jb/7fd993438bbf65eb8c6c4ca1dad312a9,True,23時間前,2026-10-03 05:03:27,静岡県
イベントPR・案内スタッフ新着,株式会社Liv.Design 家計の見直し堂 浜...,静岡県,月給23万円～27万円,正社員,派遣,求人ボックス,https://xn--pckua2a7gp15o89zb.com/jbn/3c550537bde0e85727c3ead14d9cd1d9,True,21時間前,2026-10-03 05:03:31,静岡県
組立作業スタッフ新着,株式会社イカイインダストリィ,静岡県,"時給1,600円",派遣社員,派遣,求人ボックス,https://xn--pckua2a7gp15o89zb.com/jb/d2711ec14c743729966a3d3d636a4ba5,True,18時間前,2026-10-03 05:03:31,静岡県
有料老人ホームでの介護士新着,株式会社トラストグロース,静岡県,"時給2,010円～2,150円",派遣社員,派遣,求人ボックス,https://xn--pckua2a7gp15o89zb.com/jb/a9653aed70065a6d313759f7ebe0ebca,True,2時間前,2026-10-03 05:03:31,静岡県
即日勤務×日払いOK 福祉施設のサポートスタッフ／ブランクOK新着,株式会社ウィルオブ・ワーク,静岡県,"時給1,350円",派遣社員,派遣,求人ボックス,https://xn--pckua2a7gp15o89zb.com/jb/68d641fa3db99b8e68b7414fa781e30d,True,19時間前,2026-10-03 05:03:35,静岡県
事務・現場作業員のサポート業務新着,株式会社アイ・ブロード,静岡県,"時給1,250円",正社員,派遣,求人ボックス,https://xn--pckua2a7gp15o89zb.com/jb/d906e48c49de6ed6aef1adfb221c85da,True,9時間前,2026-10-03 05:03:35,静岡県
未経験OK／おむつメーカーで製造機械の操作・管理新着,株式会社スタッフサービス,静岡県,"時給1,500円～",派遣社員,派遣,求人ボックス,https://xn--pckua2a7gp15o89zb.com/jb/50e8edb429c0a5af49b4ed0eb760ae4d,True,9時間前,2026-10-03 05:03:35,静岡県
歯科衛生士／吹田駅前／残業ゼロ&祝日振替診療なし／ネイル・ヘアカラー新着,おかもと歯科医院,大阪府,月給26万円～28万円,正社員,歯科,求人ボックス,https://xn--pckua2a7gp15o89zb.com/jb/28de81444f96439b6e983c1221127118,True,2時間前,2026-10-03 05:03:34,大阪府
歯科衛生士／週休2日・3日選択可能／イオンタウン豊中緑丘の歯科医院新着,のぞみ歯科豊中,大阪府,月給30万円～40万円,正社員,歯科,求人ボックス,https://xn--pckua2a7gp15o89zb.com/jb/3aed0c6014860b3d0169494f89c1bb68,True,2時間前,2026-10-03 05:03:34,大阪府
大阪府堺市堺区の歯科衛生士新着,河合歯科医院,大阪府堺市堺区の歯科衛生士,月給30万円,正社員,歯科,求人ボックス,https://xn--pckua2a7gp15o89zb.com/jb/78c45150ca5cc642456ce4046cbd2cd3,True,6時間前,2026-10-03 05:03:34,大阪府
大阪府大阪市住之江区の歯科衛生士新着,ファミリー西田歯科,大阪府大阪市住之江区の歯科衛生士,月給27万円～30万円,正社員,歯科,求人ボックス,https://xn--pckua2a7gp15o89zb.com/jb/538a853cf254dc6776ff4e7462e538bd,True,5時間前,2026-10-03 05:03:34,大阪府
大阪府大阪市浪速区の歯科衛生士／医療法人 米永会新着,医療法人米永会,大阪府大阪市浪速区の歯科衛生士／医療法人,月給27万円～30万円,正社員,歯科,求人ボックス,https://xn--pckua2a7gp15o89zb.com/jb/523b671eee0700ea25eb2ad45740c3d6,True,6時間前,2026-10-03 05:03:34,大阪府
大阪府岸和田市の歯科衛生士／医療法人 千啓会／はっとり歯科クリニック新着,医療法人千啓会,大阪府岸和田市の歯科衛生士／医療法人,月給27万円～32万円,正社員,歯科,求人ボックス,https://xn--pckua2a7gp15o89zb.com/jb/5aa225b95a99419a36a8a055f9aaa24f,True,6時間前,2026-10-03 05:03:35,大阪府
大阪府大阪市北区の歯科衛生士新着,大阪ITRデンタルクリニック,大阪府大阪市北区の歯科衛生士,月給25万円～37万円,正社員,歯科,求人ボックス,https://xn--pckua2a7gp15o89zb.com/jb/39493e31d35239bcc714c8c2db12e4da,True,7時間前,2026-10-03 05:03:35,大阪府
大阪府大阪市東淀川区の歯科衛生士新着,堀田歯科医院,大阪府大阪市東淀川区の歯科衛生士,月給27万円,正社員,歯科,求人ボックス,https://xn--pckua2a7gp15o89zb.com/jb/6b9a95294d5430abc86a5c4722bd37d7,True,7時間前,2026-10-03 05:03:35,大阪府
社会保険完備の職場で歯科衛生士新着,医療法人海龍会 きむ歯科口腔外科医院,大阪府,月給32万円～50万円,正社員,歯科,求人ボックス,https://xn--pckua2a7gp15o89zb.com/jb/466fc3330b2d38384e74e2051cb21a1c,True,7時間前,2026-10-03 05:03:35,大阪府
社会保険完備の職場で歯科衛生士新着,Reina歯科医院,大阪府,月給27万円～,正社員,歯科,求人ボックス,https://xn--pckua2a7gp15o89zb.com/jb/ad0ea6071b2a3567f7d5d0426b12330a,True,7時間前,2026-10-03 05:03:37,大阪府
社会保険完備の職場で歯科衛生士新着,医療法人博愛敬会 あい大人こども歯科クリニック,大阪府,"月給27万5,000円",正社員,歯科,求人ボックス,https://xn--pckua2a7gp15o89zb.com/jb/02c7db47458b7a7532f9b235e9740393,True,7時間前,2026-10-03 05:03:37,大阪府
歯科衛生士 WEB面接OK 18:30診療終了新着,丹治歯科・矯正歯科,大阪府,月給28万円～35万円,正社員,歯科,求人ボックス,https://xn--pckua2a7gp15o89zb.com/jb/5a9d1c0fa4d7fbca6da6650129310da7,True,14時間前,2026-10-03 05:03:37,大阪府
歯科衛生士新着,まもるデンタルクリニック,大阪府,月給30万円～35万円,正社員,歯科,求人ボックス,https://xn--pckua2a7gp15o89zb.com/jb/22c0ea8ba3c050d147fe92db28d38d99,True,14時間前,2026-10-03 05:03:37,大阪府
歯科衛生士／週休2.5日 土日休みOK 住宅手当や引越し手当支給あり新着,おおはし歯科医院,大阪府,月給26万円～33万円,正社員,歯科,求人ボックス,https://xn--pckua2a7gp15o89zb.com/jb/84dfd05c07e746ea1c3b600c90d2dbf2,True,14時間前,2026-10-03 05:03:41,大阪府
歯科衛生士／Oh my teeth 大阪高槻矯正歯科新着,一般社団法人OralX,大阪府,月給33万円～40万円,正社員,歯科,求人ボックス,https://xn--pckua2a7gp15o89zb.com/jb/ddd6f8b1e27aad6106226abebb97f0e6,True,8時間前,2026-10-03 05:03:41,大阪府
歯科衛生士／前職給与以上を保証!ブランクの復職OK!駅チカ徒歩1分新着,医療法人徳糸会 松本歯科医院,大阪府,月給27万円～30万円,正社員,歯科,求人ボックス,https://xn--pckua2a7gp15o89zb.com/jb/b582a2fa0932cdedd5c6d2df408a9009,True,14時間前,2026-10-03 05:03:41,大阪府
年間休日121日／土日休／残業少なめ／初転職や社会人経験が浅い方も歓迎新着,株式会社Progress Group,大阪府,"月給21万7,000円",契約社員,歯科,求人ボックス,https://xn--pckua2a7gp15o89zb.com/jb/024a608605c54e7b373b1b77f54e77be,True,11時間前,2026-10-03 05:03:41,大阪府
有料老人ホームの介護職・ヘルパー／安心の医療連携×充実の福利厚生／成長できる職場環境が魅力新着,jobフレンド,大阪府,"月給25万4,000円",正社員,歯科,求人ボックス,https://xn--pckua2a7gp15o89zb.com/jb/ce9eef89696c5325cf5d89ffa571a9cf,True,22時間前,2026-10-03 05:03:41,大阪府
歯科医師／治療なし・ホワイトニング専門歯科／Dr. 大阪梅田!心斎橋駅からすぐ新着,YCホワイトニング,大阪府,月給40万円～90万円,正社員,歯科,求人ボックス,https://xn--pckua2a7gp15o89zb.com/jb/4ecb7c1fd7e8e25de90bb4ea45384174,True,2時間前,2026-10-03 05:03:41,大阪府
医療事務募集新着,慶生会クリニック大阪,大阪府,月給22万円～24万円,正社員,歯科,求人ボックス,https://xn--pckua2a7gp15o89zb.com/jb/1e28f0b98ddabc31c6f2fc06472de1aa,True,7時間前,2026-10-03 05:03:46,大阪府
医療事務募集新着,カトレア歯科・美容クリニック,大阪府,"月給22万2,000円",正社員,歯科,求人ボックス,https://xn--pckua2a7gp15o89zb.com/jb/62ea7ef9e135a394441ab5e204757fb5,True,7時間前,2026-10-03 05:03:46,大阪府
医療法人 海真会 みずほデンタルクリニック高槻院新着,医療法人海真会 みずほデンタルクリニック高槻院,大阪府,"年収1,200万円",,歯科,求人ボックス,https://xn--pckua2a7gp15o89zb.com/jb/a61b7c208271f50623b80a4c8fb88193,True,15時間前,2026-10-03 05:03:46,大阪府
事務受付・歯科助手／厚生年金あり!ホワイトニング無料特典有新着,医療法人吉田歯科クリニック,大阪府,月給20万円～30万円,正社員,歯科,求人ボックス,https://xn--pckua2a7gp15o89zb.com/jb/85c050d1a3a7430594960c89bf7725ca,True,14時間前,2026-10-03 05:03:46,大阪府
社会保険完備の職場で歯科助手新着,いえいりファミリー歯科,大阪府,月給22万円～,正社員,歯科,求人ボックス,https://xn--pckua2a7gp15o89zb.com/jb/3cba943c2024d902961df52e9d1ce28f,True,7時間前,2026-10-03 05:03:46,大阪府
大阪府堺市堺区の歯科往診のスケジュール管理・サポート事務／医療法人 岸川歯科新着,医療法人岸川歯科,大阪府堺市堺区の歯科往診のスケジュール管理・サポート事務／医療法人,月給25万円～40万円,正社員,歯科,求人ボックス,https://xn--pckua2a7gp15o89zb.com/jb/7cded51fc39604d3cffa93531d794bcb,True,5時間前,2026-10-03 05:03:46,大阪府
大阪府枚方市の歯科助手新着,医療法人歯科 ひがしうら,大阪府枚方市の歯科助手,月給21万円～24万円,正社員,歯科,求人ボックス,https://xn--pckua2a7gp15o89zb.com/jb/d4011c97331ef764309af57a076dcd54,True,6時間前,2026-10-03 05:03:46,大阪府
歯科衛生士／平日17時以降、日曜日2200円～! 私たちと共に頑張って...新着,医療法人優樹馨会,大阪府,"時給2,200円～",正社員,歯科,求人ボックス,https://xn--pckua2a7gp15o89zb.com/jb/049274f3467ee248ba4f5632bcb915e1,True,2時間前,2026-10-03 05:03:46,大阪府
和食飲食店の調理スタッフ 充実した研修制度・浜松市で長く働ける新着,旬 和食 あらたま庵,静岡県,"月給31万3,500円",正社員,飲食,求人ボックス,https://xn--pckua2a7gp15o89zb.com/jb/00969b6c815f2479d57760d9b787690f,True,4時間前,2026-10-03 05:03:20,静岡県
飲食店の調理スタッフ 充実した研修制度で成長できる環境・磐田市で長く働...新着,天竜そばニュー藤屋 みかわ庵,静岡県,"月給31万3,500円",正社員,飲食,求人ボックス,https://xn--pckua2a7gp15o89zb.com/jb/26b1ecf935af8a7cf8d8c6170070c0b7,True,4時間前,2026-10-03 05:03:20,静岡県
ペットショップの生体管理・接客スタッフ／アミーゴ浜松和田店週5日からOK／好きを仕事にできる新着,株式会社犬の家 アミーゴ浜松和田店,静岡県,"月給19万9,000円",正社員,飲食,求人ボックス,https://xn--pckua2a7gp15o89zb.com/jbn/81ef72ced7920259cc1a016d66c319e5,True,22時間前,2026-10-03 05:03:20,静岡県
ペットショップの飼育管理スタッフ／藤枝店退職金制度あり／毎年昇給のチャンスあり／車通勤OK新着,株式会社犬の家 藤枝店,静岡県,"月給19万9,000円",正社員,飲食,求人ボックス,https://xn--pckua2a7gp15o89zb.com/jbn/7a1f26613e30c1662a761de085fb98df,True,22時間前,2026-10-03 05:03:20,静岡県
ペットショップ接客スタッフ／長期勤務をしっかりサポート／週休2日制／車通勤OK／自分の車で通勤可能新着,株式会社犬の家 MEGAドン・キホーテ袋井店,静岡県,"月給19万9,000円",正社員,飲食,求人ボックス,https://xn--pckua2a7gp15o89zb.com/jbn/9f3346ad39b6df400eb93b4a6583642c,True,22時間前,2026-10-03 05:03:20,静岡県
デニーズのホールスタッフ 未経験者 充実の研修体制 年休120日以上 7連休年2回新着,株式会社デニーズジャパン,静岡県,月給23万円～40万円,正社員,飲食,求人ボックス,https://xn--pckua2a7gp15o89zb.com/jb/320a7aa3f674e7d6c4a1cc2e4dd3636e,True,4時間前,2026-10-03 05:03:20,静岡県
吉野家の店長候補／年収400万円以上可新着,株式会社吉野家ホールディングス,静岡県,月給24万900円,正社員,飲食,求人ボックス,https://xn--pckua2a7gp15o89zb.com/jb/937ebc30275a69e20a596fea5a777ea8,True,4時間前,2026-10-03 05:03:21,静岡県
建築資材の配送ドライバー／未経験スタートOK／先輩が丁寧にサポートします新着,柳田運輸株式会社,静岡県,月給34万円～40万円,正社員,飲食,求人ボックス,https://xn--pckua2a7gp15o89zb.com/jbn/220d2d36d9c8edbeaccbb7e38da6b745,True,22時間前,2026-10-03 05:03:21,静岡県
ブライダルジュエリーの販売! アイプリモ／ブライダルジュエリー販売／未経験OK!新着,株式会社ディンプル,静岡県,月給20万円～25万円,正社員,飲食,求人ボックス,https://xn--pckua2a7gp15o89zb.com/jb/a834fe19e9d379072ac31d67b7e7d31f,True,11時間前,2026-10-03 05:03:21,静岡県
「まだ間に合う!」未経験からできる一般事務／研修充実／年間休日125日以上新着,株式会社Light BROTHERS,静岡県,月給25万円～40万円,正社員,飲食,求人ボックス,https://xn--pckua2a7gp15o89zb.com/jb/c010f173d82f00da85de095c00d25e63,True,20時間前,2026-10-03 05:03:21,静岡県
"静岡市／日給8,000円保証+歩合 ロケットナウ配達員募集／ロイヤリティ0円新着",五ツ星ロジ株式会社,静岡県,"月給17万6,000円",,飲食,求人ボックス,https://xn--pckua2a7gp15o89zb.com/jbi/fddd0643ede94c663d20eb2da69d19b1,True,21時間前,2026-10-03 05:03:21,静岡県
「プライベートも大切にできる!」／プラスチックパーツの製造スタッフ／未経験歓迎／シンプル作業新着,三陽工業株式会社,静岡県,月給19万円～37万円,正社員,飲食,求人ボックス,https://xn--pckua2a7gp15o89zb.com/jbn/827508c977b6b4c5f9e687310d805ac1,True,14時間前,2026-10-03 05:03:21,静岡県
食品スーパーフィールでの夕方販売スタッフ新着,フィール フィルタウン店,静岡県,"時給1,154円",アルバイト・パート,飲食,求人ボックス,https://xn--pckua2a7gp15o89zb.com/jb/8e3da4670d73b160422d64ae12ff7043,True,4時間前,2026-10-03 05:03:25,静岡県
求職者への仕事紹介と電話対応／土日祝休新着,株式会社バイトレ,静岡県,"時給1,350円～",契約社員,飲食,求人ボックス,https://xn--pckua2a7gp15o89zb.com/jb/912988db26a2938a03a6766a2780bc51,True,3時間前,2026-10-03 05:03:25,静岡県
"1日3時間から始める「飲食」のお仕事!""岐阜タンメン""の店舗スタッフ 履歴書不要新着",株式会社岐阜タンメンBBC,静岡県,"時給1,200円～1,500円",アルバイト・パート,飲食,求人ボックス,https://xn--pckua2a7gp15o89zb.com/jb/404c72776946cb031541c79df9b6364d,True,14時間前,2026-10-03 05:03:29,静岡県
話題のインテリアショップの販売スタッフ!600店舗以上から自分にピッタリのブランドを探せる新着,株式会社ウィルオブ・ワーク,静岡県,月給23万円～25万円,正社員,飲食,求人ボックス,https://xn--pckua2a7gp15o89zb.com/jb/6ea519d9909d798f8aed4fb16e9ce06a,True,17時間前,2026-10-03 05:03:29,静岡県
「まだ間に合う!」未経験採用枠／製造スタッフ・カプセルトイ／プライベート充実新着,株式会社ライトキャリア,静岡県,月給28万円～50万円,正社員,飲食,求人ボックス,https://xn--pckua2a7gp15o89zb.com/jb/e1270fb928fbabc8d492eb4c861f1a7e,True,19時間前,2026-10-03 05:03:29,静岡県
ザ・サーフ・シーサイド・テラス／結婚式場の受付・コンシェルジュ新着,株式会社ディアーズ・ブレイン,静岡県,"時給1,200円～1,250円",アルバイト・パート,飲食,求人ボックス,https://xn--pckua2a7gp15o89zb.com/jb/a6e39cd381796d8711011398ddf8601e,True,4時間前,2026-10-03 05:03:29,静岡県
まかない&有給休暇／御殿場アウトレットのフードコート天丼店スタッフ新着,オイシーズ株式会社,静岡県,"時給1,300円～1,400円",アルバイト・パート,飲食,求人ボックス,https://xn--pckua2a7gp15o89zb.com/jb/26c103962306c5873283982d9b62f010,True,18時間前,2026-10-03 05:03:29,静岡県
シフト休／ラーメン店での調理・接客／東証一部上場企業新着,株式会社丸千代山岡家,静岡県,月給23万円～36万円,正社員,飲食,求人ボックス,https://xn--pckua2a7gp15o89zb.com/jb/27aa49a71247accf5e9af8ce9a422256,True,3時間前,2026-10-03 05:03:29,静岡県
リゾートバイト／レストランサービス新着,株式会社ダイブ,静岡県,"時給1,400円～",派遣社員,飲食,求人ボックス,https://xn--pckua2a7gp15o89zb.com/jb/fddca4f83cdd3f8ff97a9848399e4cf0,True,23時間前,2026-10-03 05:03:32,静岡県
平均年収600万円!豚山等ラーメン店の 店舗スタッフ 社宅有新着,株式会社ギフト,静岡県,"月給26万9,100円",正社員,飲食,求人ボックス,https://xn--pckua2a7gp15o89zb.com/jb/bde106f3b21a02a367d8a44e48d44798,True,19時間前,2026-10-03 05:03:32,静岡県
すき家の店舗スタッフ 接客・調理・清掃など新着,すき家,静岡県,"時給1,250円",アルバイト・パート,飲食,求人ボックス,https://xn--pckua2a7gp15o89zb.com/jb/5bfe994bb779d8fe0c57b8ad4ff31e57,True,2時間前,2026-10-03 05:03:32,静岡県
ホール係／炭焼きハンバーグレストラン新着,さわやか株式会社,静岡県,"時給1,400円～1,850円",アルバイト・パート,飲食,求人ボックス,https://xn--pckua2a7gp15o89zb.com/jb/749f9b220aabcf48f4e021e9962d06a0,True,5時間前,2026-10-03 05:03:32,静岡県
シフト休／和風旅館でのフロント業務／資格経験不要新着,株式会社石のWA,静岡県,"月給20万7,000円",正社員,飲食,求人ボックス,https://xn--pckua2a7gp15o89zb.com/jb/6c11be5bd15d5aac3535f9aa9f40ed16,True,2時間前,2026-10-03 05:03:32,静岡県
和モダン居酒屋のキッチンスタッフ新着,株式会社オーイズミフーズ,静岡県,"月給28万5,000円",正社員,飲食,求人ボックス,https://xn--pckua2a7gp15o89zb.com/jb/e5b628dcf00792b6fe7cb1131664a275,True,4時間前,2026-10-03 05:03:32,静岡県
U-25限定 未経験歓迎 店舗スタッフ 年休118日 月9～10日休新着,株式会社カワチ薬品,静岡県,"月給24万7,020円",正社員,飲食,求人ボックス,https://xn--pckua2a7gp15o89zb.com/jb/3d793693d1fd7128f8c689c27fd11c26,True,3時間前,2026-10-03 05:03:32,静岡県
事務・人事事務「正社員」定時退社・先輩が丁寧にフォロー新着,JHR株式会社,静岡県,月給25万円～40万円,正社員,飲食,求人ボックス,https://xn--pckua2a7gp15o89zb.com/jb/99edf246c213b6dfb0e297cb8dbce87d,True,20時間前,2026-10-03 05:03:37,静岡県
ゴルフ大会での販売スタッフ新着,株式会社ダイナック 三井住友VISA太平洋マスタ...,静岡県,"時給1,400円～1,500円",アルバイト・パート,飲食,求人ボックス,https://xn--pckua2a7gp15o89zb.com/jb/855eaa4c3c0f20c1df4a7e1d89571367,True,11時間前,2026-10-03 05:03:37,静岡県
「見逃し厳禁!日払いOK」ドラックストア商品の検品新着,セブンエージェント株式会社,静岡県,"時給1,350円～",派遣社員,飲食,求人ボックス,https://xn--pckua2a7gp15o89zb.com/jb/91a505c6460ad552ab4f9044c3f47a89,True,14時間前,2026-10-03 05:03:37,静岡県
ホールスタッフ新着,ラーメンショップ磐田竜洋店,静岡県,"時給1,223円～1,302円",アルバイト・パート,飲食,求人ボックス,https://xn--pckua2a7gp15o89zb.com/jb/b3c7bd491b50887cf54af215794f1b0a,True,6時間前,2026-10-03 05:03:41,静岡県
コールセンターでのオペレーションスタッフ新着,日本ソフト販売株式会社,静岡県,"時給1,200円～",アルバイト・パート,飲食,求人ボックス,https://xn--pckua2a7gp15o89zb.com/jb/eb814fa6fe21334a934f5929d89d7a18,True,18時間前,2026-10-03 05:03:41,静岡県
ドラッグストアの店舗運営・医薬品登録販売者新着,株式会社クスリのアオキ クスリのアオキ藤枝大東店,静岡県,"月給20万6,000円",正社員,飲食,求人ボックス,https://xn--pckua2a7gp15o89zb.com/jb/743eec7668eb65e18fd2e9d30edd723b,True,22時間前,2026-10-03 05:03:41,静岡県
ドラッグストアの店舗運営・医薬品登録販売者新着,株式会社クスリのアオキ クスリのアオキ富士中島店,静岡県,"月給20万6,000円",正社員,飲食,求人ボックス,https://xn--pckua2a7gp15o89zb.com/jb/406b16d26b226652035876d51f68c309,True,22時間前,2026-10-03 05:03:41,静岡県
お菓子屋さんの店内スタッフ新着,おかしのチップス イオンタウン湖西店,静岡県,"時給1,160円",アルバイト・パート,飲食,求人ボックス,https://xn--pckua2a7gp15o89zb.com/jb/8a1aacfc7ea05f5cbef57d0ea935975b,True,12時間前,2026-10-03 05:03:41,静岡県
賃貸マンションの管理事務スタッフ新着,アドバンハウス株式会社 静岡店,静岡県,月給22万円～,正社員,飲食,求人ボックス,https://xn--pckua2a7gp15o89zb.com/jb/73df0dbb6484c863ae77cb9764e09364,True,6時間前,2026-10-03 05:03:45,静岡県
カプセルトイショップの対応スタッフ新着,日管株式会社,静岡県,"時給1,300円",アルバイト・パート,飲食,求人ボックス,https://xn--pckua2a7gp15o89zb.com/jb/5eeb5237e7bc35d3c8d2a63cf92a1eb4,True,6時間前,2026-10-03 05:03:45,静岡県
ラーメン店の店長候補新着,株式会社ギフト 町田商店 富士宮店,静岡県,"月給24万5,000円",正社員,飲食,求人ボックス,https://xn--pckua2a7gp15o89zb.com/jb/3f0c2d97b5d01852ad63cf62791c81cc,True,22時間前,2026-10-03 05:03:45,静岡県
ドラッグストアの鮮魚部門スタッフ新着,株式会社クスリのアオキ クスリのアオキ三園平店,静岡県,"月給19万6,000円",正社員,飲食,求人ボックス,https://xn--pckua2a7gp15o89zb.com/jb/4207d3b727d1a37b48b2e85f8df3aef2,True,22時間前,2026-10-03 05:03:48,静岡県
ドラッグストアの店舗運営・医薬品登録販売者新着,株式会社クスリのアオキ クスリのアオキ田中町店,静岡県,"月給20万6,000円",正社員,飲食,求人ボックス,https://xn--pckua2a7gp15o89zb.com/jb/00fb37d39ebe686f1ed45d81bbef242d,True,22時間前,2026-10-03 05:03:48,静岡県
ドラッグストアの店舗運営・医薬品登録販売者新着,株式会社クスリのアオキ クスリのアオキ清水沼田町店,静岡県,"月給20万6,000円",正社員,飲食,求人ボックス,https://xn--pckua2a7gp15o89zb.com/jb/5ee40a3d1ec9af8f2988a25d9bf91b22,True,22時間前,2026-10-03 05:03:48,静岡県
キッチンスタッフ新着,焼肉飯店 京昌園 ららぽーと沼津店,静岡県,"時給1,200円～1,300円",アルバイト・パート,飲食,求人ボックス,https://xn--pckua2a7gp15o89zb.com/jb/a57f86614ce5ce6904516411a0ccb461,True,18時間前,2026-10-03 05:03:48,静岡県
ワイヤーハーネス製品入出庫・ピッキング・加工検査新着,ユースフル・テンプ株式会社,静岡県,"時給1,300円～",派遣社員,飲食,求人ボックス,https://xn--pckua2a7gp15o89zb.com/jb/b87b0ce98cd221a574f2839fb53fa14d,True,18時間前,2026-10-03 05:03:48,静岡県
和風ダイニングのランチサービススタッフ新着,草薙 茄兵衛,静岡県,"時給1,160円～1,260円",アルバイト・パート,飲食,求人ボックス,https://xn--pckua2a7gp15o89zb.com/jb/7e3d5fab45ddca029703cb3accb035ee,True,18時間前,2026-10-03 05:03:48,静岡県
ラーメン店の店長候補新着,株式会社ギフト 町田商店 御殿場店,静岡県,"月給24万5,000円",正社員,飲食,求人ボックス,https://xn--pckua2a7gp15o89zb.com/jb/d24e44376e59653b7e584575304df6fd,True,22時間前,2026-10-03 05:03:51,静岡県
ドラッグストアの店舗運営・医薬品登録販売者新着,株式会社クスリのアオキ クスリのアオキ浜松北島店,静岡県,"月給20万6,000円",正社員,飲食,求人ボックス,https://xn--pckua2a7gp15o89zb.com/jb/63447f61d8016e4bdcd20a804f542fdf,True,22時間前,2026-10-03 05:03:51,静岡県
ドラッグストアの店舗運営・医薬品登録販売者新着,株式会社クスリのアオキ クスリのアオキ宮原店,静岡県,"月給20万6,000円",正社員,飲食,求人ボックス,https://xn--pckua2a7gp15o89zb.com/jb/22cddf5a4bd07ab09224b3fa599572ba,True,22時間前,2026-10-03 05:03:51,静岡県
ドラッグストアの店舗運営・医薬品登録販売者新着,株式会社クスリのアオキ クスリのアオキ大東店,静岡県,"月給20万6,000円",正社員,飲食,求人ボックス,https://xn--pckua2a7gp15o89zb.com/jb/8f74be062842fb39202134d12c5aa1c9,True,22時間前,2026-10-03 05:03:51,静岡県
和食居酒屋のホールスタッフ新着,おばんざい まるこ,静岡県,"時給1,200円～",アルバイト・パート,飲食,求人ボックス,https://xn--pckua2a7gp15o89zb.com/jb/cf84731846f139cf0db07de3a20b4f2b,True,12時間前,2026-10-03 05:03:51,静岡県
介護職／シニア／Wワークも可能／曜日固定も相談OK／年2回一時金あり!新着,医療福祉生活協同組合おおさか 小規模多機能施設な...,大阪府,"時給1,394円～1,420円",アルバイト・パート,介護,求人ボックス,https://xn--pckua2a7gp15o89zb.com/jb/2b17975b456739c019a3fdef767f9332,True,19時間前,2026-10-03 05:03:38,大阪府
サービス付き高齢者向け住宅での介護職新着,株式会社ドリームキャッチャー,大阪府,"月給29万1,666円",正社員,介護,求人ボックス,https://xn--pckua2a7gp15o89zb.com/jb/58fb8b5c260e0958cc6e961bea33cf4e,True,10時間前,2026-10-03 05:03:38,大阪府
20～30代活躍中／介護福祉士必須 即日勤務OK 寝屋川市駅エリアの介護職／ヘルパー 未経験OK新着,株式会社ゲートフォース,大阪府,月給26万円～29万円,正社員,介護,求人ボックス,https://xn--pckua2a7gp15o89zb.com/jb/4ad8d09c480fa3c56c00892bc8e506d9,True,13時間前,2026-10-03 05:03:39,大阪府
ケアワーカー・介護スタッフ・社会保険完備の職場で介護職／ヘルパー新着,グループホーム ソラスト茨木駅前,大阪府,"時給1,280円～1,330円",アルバイト・パート,介護,求人ボックス,https://xn--pckua2a7gp15o89zb.com/jb/c10e1b7a5fc2726141efe7f6210d2156,True,7時間前,2026-10-03 05:03:42,大阪府
有料老人ホームの介護職・ヘルパー／離職率低く安心の職場環境新着,jobフレンド,大阪府,"月給23万5,000円",正社員,介護,求人ボックス,https://xn--pckua2a7gp15o89zb.com/jb/f7f55875d3c96206e7169ee3bd7b775e,True,22時間前,2026-10-03 05:03:42,大阪府
社会保険完備の職場で介護職／ヘルパー新着,住宅型有料老人ホームハート,大阪府,月給25万円～30万円,正社員,介護,求人ボックス,https://xn--pckua2a7gp15o89zb.com/jb/4bf21c4c4b1788d148f27264791ddd2f,True,7時間前,2026-10-03 05:03:42,大阪府
週3日～ × 日勤のみOK!可能 介護職新着,株式会社ジャストファイン,大阪府,"時給1,500円～1,700円",派遣社員,介護,求人ボックス,https://xn--pckua2a7gp15o89zb.com/jb/8ae29d45c8e2cfc50672f9831f9a200c,True,11時間前,2026-10-03 05:03:45,大阪府
介護職／ヘルパー／介護士資格を活かす 喜志駅近くの特養で介護業務全般新着,社会福祉法人成和会,大阪府,"時給1,231円",アルバイト・パート,介護,求人ボックス,https://xn--pckua2a7gp15o89zb.com/jb/157b181316dfa3d6f0c06faa655ca1e4,True,13時間前,2026-10-03 05:03:45,大阪府
大阪府守口市の介護職／デイサービス／守口／株式会社 エースタイル新着,株式会社エースタイル,大阪府守口市の介護職／デイサービス／守口／株式会社,"月給22万7,000円",正社員,介護,求人ボックス,https://xn--pckua2a7gp15o89zb.com/jb/64e9b370eb73d79a28a12aed3960f402,True,7時間前,2026-10-03 05:03:49,大阪府
大阪府大阪市東住吉区の介護職／社会福祉法人 千歩会 特別養護老人ホーム新着,社会福祉法人千歩会 特別養護老人ホーム せんぽ東...,大阪府大阪市東住吉区の介護職／社会福祉法人,"月給22万8,000円",正社員,介護,求人ボックス,https://xn--pckua2a7gp15o89zb.com/jb/c0fe6d6ac81d2ad3663f5dcc8c45e3f8,True,7時間前,2026-10-03 05:03:49,大阪府
介護職／ヘルパー／ブランクOK新着,株式会社ベイシス,大阪府,"時給1,231円",アルバイト・パート,介護,求人ボックス,https://xn--pckua2a7gp15o89zb.com/jb/7cf1fd3e601445ce03cec7cf1fe3fd4e,True,13時間前,2026-10-03 05:03:53,大阪府
大阪府池田市の介護職／デイサービス／経験不問／35歳未満／社会福祉法人新着,社会福祉法人惠愛会 オレンジ池田,大阪府池田市の介護職／デイサービス／経験不問／35歳未満／社会福祉法人,"月給21万6,000円",正社員,介護,求人ボックス,https://xn--pckua2a7gp15o89zb.com/jb/df039337684ac0e9897103ba890aee78,True,6時間前,2026-10-03 05:03:53,大阪府
大阪府守口市の介護職／サービス付き高齢者向け住宅 ナービス守口平代新着,ALSOKジョイライフ株式会社,大阪府守口市の介護職／サービス付き高齢者向け住宅,"月給26万1,500円",正社員,介護,求人ボックス,https://xn--pckua2a7gp15o89zb.com/jb/3ce64a03ff93fe22608f06f317c249b0,True,7時間前,2026-10-03 05:03:53,大阪府
大阪府茨木市の介護職／グリーンライフ茨木若園／グリーンライフ 株式会社新着,グリーンライフ株式会社,大阪府茨木市の介護職／グリーンライフ茨木若園／グリーンライフ,"月給20万6,000円",正社員,介護,求人ボックス,https://xn--pckua2a7gp15o89zb.com/jb/b2df94f39ccd9aa5b084a77c6b0b8f6d,True,7時間前,2026-10-03 05:03:57,大阪府
大阪府茨木市の春日丘荘「彩の家」／介護職／エリア職／社会福祉法人新着,社会福祉法人大阪府社会福祉事業団,大阪府茨木市の春日丘荘「彩の家」／介護職／エリア職／社会福祉法人,"月給21万9,281円",正社員,介護,求人ボックス,https://xn--pckua2a7gp15o89zb.com/jb/b0cb4576c072423beb0f79561b6eb2a6,True,5時間前,2026-10-03 05:03:57,大阪府
介護職／ヘルパー／介護士資格を活かす 服部川駅近くのグループホームで介...新着,社会福祉法人高安福祉会,大阪府,"時給1,231円",アルバイト・パート,介護,求人ボックス,https://xn--pckua2a7gp15o89zb.com/jb/fc5faf4fe7885f5e7d13bbbfada35362,True,13時間前,2026-10-03 05:04:00,大阪府
大阪府吹田市の介護職／社会福祉法人 藍野福祉会 青藍荘新着,社会福祉法人藍野福祉会 青藍荘,大阪府吹田市の介護職／社会福祉法人,月給21万500円,正社員,介護,求人ボックス,https://xn--pckua2a7gp15o89zb.com/jb/d72a453c557bc2c3b6055fcedb2b4b08,True,7時間前,2026-10-03 05:04:00,大阪府
通所介護・デイサービス勤務の介護職／ヘルパー新着,デイサービス ソラスト東大阪,大阪府,"時給1,280円～1,310円",アルバイト・パート,介護,求人ボックス,https://xn--pckua2a7gp15o89zb.com/jb/be995f5eee835948c96386f1e96c7e76,True,7時間前,2026-10-03 05:04:03,大阪府
ヘルパー・介護職／有料老人ホーム／キャリアアップ／福利厚生充実新着,株式会社DYMキャリア,大阪府,"時給1,350円～2,000円",派遣社員,介護,求人ボックス,https://xn--pckua2a7gp15o89zb.com/jb/616496e9002fffd7c405a9022d8c1540,True,20時間前,2026-10-03 05:04:03,大阪府
大阪府高石市の介護職／11／26泉北就職情報フェア対象新着,サニーウェルネス株式会社,大阪府高石市の介護職／11／26泉北就職情報フェア対象,"月給24万3,000円",正社員,介護,求人ボックス,https://xn--pckua2a7gp15o89zb.com/jb/820e4660395ffecd8fffc08e8ef67faf,True,6時間前,2026-10-03 05:04:06,大阪府
介護職／ヘルパー／介護士資格を活かす 南摂津駅近くの有料老人ホームで介...新着,セフティライフ株式会社,大阪府,"時給1,231円",アルバイト・パート,介護,求人ボックス,https://xn--pckua2a7gp15o89zb.com/jb/cd9e0f90eb1b980ffd0774a455a58afc,True,13時間前,2026-10-03 05:04:06,大阪府
大阪府大東市の介護職／／住道駅徒歩2分／住宅型有料への訪問介護新着,ピーエス・プラス株式会社,大阪府大東市の介護職／／住道駅徒歩2分／住宅型有料への訪問介護,"月給21万7,000円",正社員,介護,求人ボックス,https://xn--pckua2a7gp15o89zb.com/jb/b906575a874768b5428e1b896f275f63,True,6時間前,2026-10-03 05:04:06,大阪府
医療事務／入院担当／病院／医療事務の経験を活かせる／マイカー通勤OK&...新着,医療法人紀陽会 田仲北野田病院,大阪府,"月給24万2,500円",正社員,医療事務,求人ボックス,https://xn--pckua2a7gp15o89zb.com/jb/fbabee5ffab5c9b037d641a9ee8c0cf8,True,19時間前,2026-10-03 05:03:50,大阪府
医療事務／経験者採用!月給23万円～28万円／マイカー通勤可新着,相原病院,大阪府,月給23万円～28万円,正社員,医療事務,求人ボックス,https://xn--pckua2a7gp15o89zb.com/jb/1da6449873387c5af1c57a4e3b328c52,True,19時間前,2026-10-03 05:03:51,大阪府
消化器内科内視鏡クリニック医療事務新着,医療法人山嶺会 石川消化器内科内視鏡クリニック,大阪府,"月給22万5,000円",正社員,医療事務,求人ボックス,https://xn--pckua2a7gp15o89zb.com/jb/ac3c97a83f5071ea0b0de6acbc470146,True,9時間前,2026-10-03 05:03:55,大阪府
医事課／役職者候補／病院／彩都西駅から徒歩6分&マイカー通勤OK／医療事務の経験を活かせる新着,医療法人友紘会 彩都友紘会病院,大阪府,"月給21万8,050円",正社員,医療事務,求人ボックス,https://xn--pckua2a7gp15o89zb.com/jb/c27d68c8ee11cb2660d5e5cff9205020,True,19時間前,2026-10-03 05:03:55,大阪府
大阪府八尾市の医療事務 責任者／医療法人 仁悠会新着,医療法人仁悠会,大阪府八尾市の医療事務,"月給31万6,666円",正社員,医療事務,求人ボックス,https://xn--pckua2a7gp15o89zb.com/jb/aede284a3be7b35f572e3476c399dd43,True,7時間前,2026-10-03 05:03:55,大阪府
訪問診療の医療事務新着,医療法人美喜有会,大阪府,月給25万円～,正社員,医療事務,求人ボックス,https://xn--pckua2a7gp15o89zb.com/jb/c020cd95b0d1ecfd1f2afd1aad345d1e,True,8時間前,2026-10-03 05:03:58,大阪府
大阪府枚方市の医療事務新着,医療法人つなぐ,大阪府枚方市の医療事務,月給25万円～27万,正社員,医療事務,求人ボックス,https://xn--pckua2a7gp15o89zb.com/jb/a54944f939ea9befb2323dd64dd1e85f,True,6時間前,2026-10-03 05:03:58,大阪府
医療事務募集新着,いのうえこどもクリニック,大阪府,"時給1,240円～1,320円",アルバイト・パート,医療事務,求人ボックス,https://xn--pckua2a7gp15o89zb.com/jb/eecd00cfbe943d23e85b943a6372d383,True,7時間前,2026-10-03 05:03:58,大阪府
大阪府摂津市の医療事務 急募新着,医療法人医誠会 摂津医誠会病院,大阪府摂津市の医療事務,月給20万円～22万,正社員,医療事務,求人ボックス,https://xn--pckua2a7gp15o89zb.com/jb/87075334919b9ed887dc80e04166e511,True,6時間前,2026-10-03 05:03:58,大阪府
医療事務／クリニック新着,ハートフルクリニック,大阪府,月給24万円～,正社員,医療事務,求人ボックス,https://xn--pckua2a7gp15o89zb.com/jb/8571c3fc0d956a7f5eb484bac9233a26,True,10時間前,2026-10-03 05:04:02,大阪府
大阪府大阪市淀川区の医療事務新着,革島病院,大阪府大阪市淀川区の医療事務,"月給19万5,000円",正社員,医療事務,求人ボックス,https://xn--pckua2a7gp15o89zb.com/jb/392163dedadc21eacf5f190a71849904,True,7時間前,2026-10-03 05:04:06,大阪府
医療事務募集新着,イワサクリニック,大阪府,"時給1,250円～1,500円",アルバイト・パート,医療事務,求人ボックス,https://xn--pckua2a7gp15o89zb.com/jb/e6e5271c4b406a688adf90f1c2bdc52f,True,7時間前,2026-10-03 05:04:06,大阪府
医療事務／クリニック新着,医療法人髙尾医院,大阪府,"時給1,300円～1,400円",アルバイト・パート,医療事務,求人ボックス,https://xn--pckua2a7gp15o89zb.com/jb/3c2a278dafee7481ce98198af0a8a2e4,True,11時間前,2026-10-03 05:04:06,大阪府
大阪府箕面市の医療事務／医療法人 知照会新着,医療法人知照会,大阪府箕面市の医療事務／医療法人,"月給20万9,000円",正社員,医療事務,求人ボックス,https://xn--pckua2a7gp15o89zb.com/jb/58ec4924e29288851d147fb93a71c2e5,True,5時間前,2026-10-03 05:04:09,大阪府
大阪府泉南郡熊取町の医療事務／永山病院／社会医療法人 三和会 永山病院新着,社会医療法人三和会 永山病院,大阪府泉南郡熊取町の医療事務／永山病院／社会医療法人,"月給20万3,115円",正社員,医療事務,求人ボックス,https://xn--pckua2a7gp15o89zb.com/jb/ad4ae5bf86e411569ac99dc50d09a8ed,True,6時間前,2026-10-03 05:04:09,大阪府
医療事務募集新着,緒方会クリニック,大阪府,"時給1,300円～1,400円",アルバイト・パート,医療事務,求人ボックス,https://xn--pckua2a7gp15o89zb.com/jb/21e478e086fb5fa66b6a986ac3fd295d,True,7時間前,2026-10-03 05:04:09,大阪府
大阪府大阪市住吉区の医療事務／医療法人 こどもクリニック 森新着,医療法人こどもクリニック 森,大阪府大阪市住吉区の医療事務／医療法人,月給23万円,正社員,医療事務,求人ボックス,https://xn--pckua2a7gp15o89zb.com/jb/06c06bd3a3b8401a60de3c3bf2fe603f,True,5時間前,2026-10-03 05:04:09,大阪府
医療事務募集新着,医療法人ロングウッド 前田クリニック,大阪府,"時給1,250円～1,500円",アルバイト・パート,医療事務,求人ボックス,https://xn--pckua2a7gp15o89zb.com/jb/bb2b537efb0187fec9f700803737214f,True,7時間前,2026-10-03 05:04:13,大阪府
大阪府大阪市北区の医療事務新着,大阪梅田医誠会透析クリニック,大阪府大阪市北区の医療事務,月給20万円～22万,正社員,医療事務,求人ボックス,https://xn--pckua2a7gp15o89zb.com/jb/29a19b373cf737c9676b4d83aed8d7be,True,7時間前,2026-10-03 05:04:13,大阪府
医療事務／クリニック新着,医療法人思温会 思温クリニック,大阪府,月給22万円～25万円,正社員,医療事務,求人ボックス,https://xn--pckua2a7gp15o89zb.com/jb/4c14ba3a73e4286e6a361fd3e4b59464,True,10時間前,2026-10-03 05:04:16,大阪府
大阪府茨木市の医療事務／管理職候補新着,医療法人医誠会 茨木医誠会病院,大阪府茨木市の医療事務／管理職候補,月給23万500円,正社員,医療事務,求人ボックス,https://xn--pckua2a7gp15o89zb.com/jb/40630549bfbb104ec6ec2defb6bcce81,True,6時間前,2026-10-03 05:04:16,大阪府
大阪府大阪市西区の医療事務／公益社団法人 日本海員掖済会 大阪掖済会病...新着,公益社団法人日本海員掖済会 大阪掖済会病院,大阪府大阪市西区の医療事務／公益社団法人,"月給21万7,850円",正社員,医療事務,求人ボックス,https://xn--pckua2a7gp15o89zb.com/jb/c639e8876ac77314fc3ad13befe486da,True,6時間前,2026-10-03 05:04:16,大阪府
医療事務／クリニック新着,さいか耳鼻咽喉科,大阪府,"時給1,350円～",アルバイト・パート,医療事務,求人ボックス,https://xn--pckua2a7gp15o89zb.com/jb/108de3b15af301d7d5a26f822c43ce3d,True,10時間前,2026-10-03 05:04:19,大阪府
医療事務／クリニック新着,医療法人翔徳会 まつばら内科・消化器クリニック,大阪府,"時給1,400円～",アルバイト・パート,医療事務,求人ボックス,https://xn--pckua2a7gp15o89zb.com/jb/61d8e800acd8609ff59ae0c7b2a93dc6,True,10時間前,2026-10-03 05:04:19,大阪府
医療事務／クリニック新着,大阪放出駅前しちじょう消化器内科・内視鏡クリニック,大阪府,月給24万円～28万円,正社員,医療事務,求人ボックス,https://xn--pckua2a7gp15o89zb.com/jb/33ffaaae221107b2b70489c445d9e2cf,True,10時間前,2026-10-03 05:04:19,大阪府
保育士／月給30万円～／年間休日125日／残業月5h新着,株式会社eternita Group,大阪府,月給30万円～,正社員,保育,求人ボックス,https://xn--pckua2a7gp15o89zb.com/jb/e537c56791a6e8c882fd660ed69279fd,True,12時間前,2026-10-03 05:03:54,大阪府
保育士資格があればOK!児童発達支援の療育保育士／日曜+シフト休!昇給新着,株式会社T’Sコーポレーション,大阪府,月給25万円～,契約社員,保育,求人ボックス,https://xn--pckua2a7gp15o89zb.com/jb/20daa53d35a090a52bde29ec7934dab4,True,9時間前,2026-10-03 05:03:54,大阪府
放課後等デイサービスでの保育士新着,株式会社Eikyu／放課後等デイサービス,大阪府,月給20万円～25万円,正社員,保育,求人ボックス,https://xn--pckua2a7gp15o89zb.com/jb/910f5dd19f9e99a063403f94f6d36f84,True,18時間前,2026-10-03 05:03:54,大阪府
大阪府堺市西区の保育士・鳳幼児園舎／未経験／株式会社 たあとる新着,株式会社たあとる たあとるほいくえん,大阪府堺市西区の保育士・鳳幼児園舎／未経験／株式会社,"月給21万8,800円",正社員,保育,求人ボックス,https://xn--pckua2a7gp15o89zb.com/jb/bfbbff17fa053ebce370c82e3188c1d6,True,6時間前,2026-10-03 05:03:55,大阪府
大阪府吹田市の保育士／きたせんり愛育保育園／社会福祉法人 恵泉福祉会新着,社会福祉法人恵泉福祉会,大阪府吹田市の保育士／きたせんり愛育保育園／社会福祉法人,"月給25万6,000円",正社員,保育,求人ボックス,https://xn--pckua2a7gp15o89zb.com/jb/832c60c3c23e3e230dead25af16b5167,True,6時間前,2026-10-03 05:03:55,大阪府
一般事務・社会保険完備の職場で保育士新着,ビレッジKids,大阪府,"時給1,300円～1,500円",アルバイト・パート,保育,求人ボックス,https://xn--pckua2a7gp15o89zb.com/jb/5ea39e4ca22f46d9603106cebe1927c2,True,7時間前,2026-10-03 05:03:58,大阪府
大阪府大阪市東成区の保育士／たまつくり新着,MOTION PLUS株式会社,大阪府大阪市東成区の保育士／たまつくり,月給24万円～30万円,正社員,保育,求人ボックス,https://xn--pckua2a7gp15o89zb.com/jb/870373f88187bd18d68f0022b84bc311,True,6時間前,2026-10-03 05:03:58,大阪府
大阪府大阪市阿倍野区の保育士／阿倍野区店新着,特定非営利活動法人みらい えがお,大阪府大阪市阿倍野区の保育士／阿倍野区店,"月給22万8,000円",正社員,保育,求人ボックス,https://xn--pckua2a7gp15o89zb.com/jb/7e0e2d8ec8ecd5ad01d1728ed74d9752,True,7時間前,2026-10-03 05:04:02,大阪府
公立保育士 妙見口駅近く 週4日～OK!職場の雰囲気 16時半までで残...新着,株式会社クレセント,大阪府,"時給1,650円",派遣社員,保育,求人ボックス,https://xn--pckua2a7gp15o89zb.com/jb/d3e3c192ba0a4d503dff99cb33626b87,True,10時間前,2026-10-03 05:04:02,大阪府
大阪府豊中市の保育士／医療法人 島越内科新着,医療法人島越内科,大阪府豊中市の保育士／医療法人,"月給23万9,000円",正社員,保育,求人ボックス,https://xn--pckua2a7gp15o89zb.com/jb/d9e876a26326e89f4c252d297fdee21a,True,6時間前,2026-10-03 05:04:02,大阪府
大阪府東大阪市の保育士／「cocolo児童デイサービス石切」／株式会社新着,株式会社アトラス,大阪府東大阪市の保育士／「cocolo児童デイサービス石切」／株式会社,"月給23万5,000円",正社員,保育,求人ボックス,https://xn--pckua2a7gp15o89zb.com/jb/3ddd2aeb79da3c807f10a0f1830deb19,True,5時間前,2026-10-03 05:04:05,大阪府
大阪府守口市の保育士／Licolala滝井教室新着,株式会社SUNSEAREN,大阪府守口市の保育士／Licolala滝井教室,"月給26万2,059円",正社員,保育,求人ボックス,https://xn--pckua2a7gp15o89zb.com/jb/3b3958b7f250e1dc6b644b27b38b8fce,True,5時間前,2026-10-03 05:04:10,大阪府
大阪府大阪市西淀川区の面接会／保育士／トレジャーキッズひめさと保育園新着,株式会社セリオ,大阪府大阪市西淀川区の面接会／保育士／トレジャーキッズひめさと保育園,"月給21万5,000円",正社員,保育,求人ボックス,https://xn--pckua2a7gp15o89zb.com/jb/a3907b7205ff6c93d56af1a0ebe26a73,True,5時間前,2026-10-03 05:04:10,大阪府
大阪府大阪市中央区の保育士 おひさまルーム本町園大阪支社新着,株式会社ベル企画,大阪府大阪市中央区の保育士,"月給21万5,000円",正社員,保育,求人ボックス,https://xn--pckua2a7gp15o89zb.com/jb/96d1b917f55135d9cb602e13c626cbdd,True,7時間前,2026-10-03 05:04:12,大阪府
保育士募集・ボーナス・賞与あり新着,三和建設企業主導型保育園りんごぐみ,大阪府,"月給21万7,000円",正社員,保育,求人ボックス,https://xn--pckua2a7gp15o89zb.com/jb/d925041849446fde23a22ffd18dd4dbd,True,7時間前,2026-10-03 05:04:16,大阪府
大阪府富田林市の保育教諭、保育士新着,しろがね幼稚園,大阪府富田林市の保育教諭、保育士,"月給22万5,400円",正社員,保育,求人ボックス,https://xn--pckua2a7gp15o89zb.com/jb/883d946e3f5df1bd205c37402edd9b35,True,6時間前,2026-10-03 05:04:16,大阪府
大阪府泉佐野市の保育士／放課後等デイサービス／社会福祉法人 北野福祉会新着,社会福祉法人北野福祉会 北野しもいち彩の里,大阪府泉佐野市の保育士／放課後等デイサービス／社会福祉法人,月給23万円～24万円,正社員,保育,求人ボックス,https://xn--pckua2a7gp15o89zb.com/jb/c1bbbd33b007972acad56461cc875083,True,6時間前,2026-10-03 05:04:20,大阪府
保育士・社会保険完備の職場で保育士新着,ここっと。ohana,大阪府,"時給1,400円～",アルバイト・パート,保育,求人ボックス,https://xn--pckua2a7gp15o89zb.com/jb/f4335261d550217a5b92b4ecffffefc2,True,7時間前,2026-10-03 05:04:20,大阪府
大阪府茨木市の保育士新着,社会福祉法人天王福祉会 てんのう中津保育園,大阪府茨木市の保育士,"月給24万2,620円",正社員,保育,求人ボックス,https://xn--pckua2a7gp15o89zb.com/jb/77bd9081758aa3d7e4a91957b3f1d81d,True,6時間前,2026-10-03 05:04:23,大阪府
大阪府泉北郡忠岡町の保育士／幹部候補／メイフラワー／株式会社新着,株式会社グランドアイビー,大阪府泉北郡忠岡町の保育士／幹部候補／メイフラワー／株式会社,月給42万円～60万円,正社員,保育,求人ボックス,https://xn--pckua2a7gp15o89zb.com/jb/07286699e388a5a62ae0e3d2015e47eb,True,6時間前,2026-10-03 05:04:23,大阪府
カラー専門美容師スタイリスト新着,アイビ株式会社,大阪府,月給23万円～50万円,正社員,美容,求人ボックス,https://xn--pckua2a7gp15o89zb.com/jb/8c540acca8bd93433aa26f987dccd227,True,6時間前,2026-10-03 05:04:09,大阪府
美容師アシスタントスタッフ新着,株式会社diptyMOILA,大阪府,"月給23万1,000円",正社員,美容,求人ボックス,https://xn--pckua2a7gp15o89zb.com/jb/ff252c171920a5a745f94a07d76eb89f,True,6時間前,2026-10-03 05:04:09,大阪府
豊富なカラー剤を扱うサロンの美容師アシスタント新着,有限会社上二美容室,大阪府,"時給1,250円～1,300円",アルバイト・パート,美容,求人ボックス,https://xn--pckua2a7gp15o89zb.com/jb/0ad491194aa0902c4ef31cef0ec2dd7a,True,23時間前,2026-10-03 05:04:09,大阪府
美容師／スタイリスト／ヘアーメイク チョコ新着,株式会社オーソリティ,大阪府,"時給1,231円",アルバイト・パート,美容,求人ボックス,https://xn--pckua2a7gp15o89zb.com/jb/6c1d0d084eacc3d09ee9a82523400017,True,2時間前,2026-10-03 05:04:09,大阪府
美容師／アシスタント／ナチュラルピー バルト 阪急高槻駅前店新着,株式会社Natural.P,大阪府,月給21万円～26万円,正社員,美容,求人ボックス,https://xn--pckua2a7gp15o89zb.com/jb/cd4326e18ae1979351c44119e39acaa8,True,2時間前,2026-10-03 05:04:09,大阪府
美容師／アシスタント／オズドット新着,株式会社オズ,大阪府,月給22万円,正社員,美容,求人ボックス,https://xn--pckua2a7gp15o89zb.com/jb/f404b1298259e74b2c9d4371a8e5573a,True,2時間前,2026-10-03 05:04:10,大阪府
ヘアー サロン ルクのアシスタント 美容師新着,hair salon Luc.,大阪府,"時給1,300円～1,400円",アルバイト・パート,美容,求人ボックス,https://xn--pckua2a7gp15o89zb.com/jb/cbcd5e726c2371337eec2e7a6bda0c10,True,15時間前,2026-10-03 05:04:10,大阪府
美容師／アシスタント／マドゥー新着,Madu,大阪府,"月給21万5,000円",正社員,美容,求人ボックス,https://xn--pckua2a7gp15o89zb.com/jb/89380e67df2b1ce7e4f0bcd25ae0aa93,True,2時間前,2026-10-03 05:04:10,大阪府
大阪府大阪市淀川区の美容師新着,RULA hair,大阪府大阪市淀川区の美容師,月給23万円～28万円,正社員,美容,求人ボックス,https://xn--pckua2a7gp15o89zb.com/jb/6402977239a29ee8f902e6fdf9494d48,True,5時間前,2026-10-03 05:04:10,大阪府
接客・サービス業務 ／ 美容師・理容師／アイブロウイスト 研修があるの...新着,パーソルテンプスタッフ株式会社,大阪府,"時給1,500円～1,550円",派遣社員,美容,求人ボックス,https://xn--pckua2a7gp15o89zb.com/jb/398defb954e86b6b56b31fa11936ce73,True,18時間前,2026-10-03 05:04:10,大阪府
美容師／スタイリスト／ジャドール新着,株式会社TOP UP,大阪府,月給30万円～65万円,正社員,美容,求人ボックス,https://xn--pckua2a7gp15o89zb.com/jb/f868fb689051c509d92e4f414673be3d,True,3時間前,2026-10-03 05:04:10,大阪府
美容師・理容師／手荒れなし、集客ノルマなし、自分の技術を活かせる場所新着,株式会社ハクブン,大阪府,"時給1,240円",アルバイト・パート,美容,求人ボックス,https://xn--pckua2a7gp15o89zb.com/jb/e3aec1d164e0fa9e136d1b666d7f3483,True,21時間前,2026-10-03 05:04:10,大阪府
美容師／スタイリスト／ヘアーズ イン フォルム アーツ新着,ヘアーズインフォルム・アーツ,大阪府,"月給24万1,000円",正社員,美容,求人ボックス,https://xn--pckua2a7gp15o89zb.com/jb/a089e335fb3d9dd8a95f2661afe149de,True,3時間前,2026-10-03 05:04:14,大阪府
デスクワーク／充実の研修で安心スタート!／未経験OK／完全週休2日制／教育体制あり新着,実際に、コンビニの店員、倉庫内軽作業、,大阪府,"月給21万5,500円",正社員,美容,求人ボックス,https://xn--pckua2a7gp15o89zb.com/jbn/aa3c287139eafb1d9452d4212c7e1353,True,8時間前,2026-10-03 05:04:14,大阪府
事務スタッフ／充実の研修で安心スタート!／ブランクOK／マニュアル完備／福利厚生充実新着,実際に、コンビニの店員、倉庫内軽作業、,大阪府,月給20万500円,正社員,美容,求人ボックス,https://xn--pckua2a7gp15o89zb.com/jbn/1c7ab72895eaa1aef9638b8b811c2314,True,8時間前,2026-10-03 05:04:14,大阪府
オフィススタッフ／職種未経験歓迎／充実の研修で安心スタート!／教育体制あり新着,実際に、コンビニの店員、倉庫内軽作業、,大阪府,月給23万500円,正社員,美容,求人ボックス,https://xn--pckua2a7gp15o89zb.com/jbn/f845af4904f73edd153f59e3f3e6583d,True,8時間前,2026-10-03 05:04:14,大阪府
フルリモート／未経験可／データ入力／年休125日以上新着,職種・業界未経験歓迎→大体の方が未経験からスタートしてます! 前職は様々→飲食店、,大阪府,"月給23万6,900円",正社員,美容,求人ボックス,https://xn--pckua2a7gp15o89zb.com/jbn/208fb0bb130de9392b6a31a82193e1d5,True,10時間前,2026-10-03 05:04:14,大阪府
フルリモート／未経験可／一般事務／年休125日以上新着,職種・業界未経験歓迎→大体の方が未経験からスタートしてます! 前職は様々→飲食店、,大阪府,"月給24万4,100円",正社員,美容,求人ボックス,https://xn--pckua2a7gp15o89zb.com/jbn/fdcf5707670a8c0b912a6f8288bc1b3e,True,10時間前,2026-10-03 05:04:14,大阪府
完全在宅／データ入力／未経験OK／月給22万～新着,飲食店、,大阪府,月給22万～,正社員,美容,求人ボックス,https://xn--pckua2a7gp15o89zb.com/jbn/a62c1bfb55f0cae39008a3215f0bf610,True,10時間前,2026-10-03 05:04:14,大阪府
データ入力・未経験OK「ネイルOK／服装自由」土日休み／残業なし「20代活躍中」新着,...前向きな気持ちで事務職に挑戦したい・仕事/プライベートのメリハリをつけたい・スキルを身につけて長期的に活躍したいー こんな前職の方が入社中ー接客業/販売業/飲食店/保育士/看護師ネイリスト/トリ,大阪府,"月給22万7,500円",正社員,美容,求人ボックス,https://xn--pckua2a7gp15o89zb.com/jbn/2691614237777b36b5e56b5c21ea11b7,True,23時間前,2026-10-03 05:04:18,大阪府
完全在宅／事務／未経験OK／完全土日休み新着,飲食店、,大阪府,月給22万800円,正社員,美容,求人ボックス,https://xn--pckua2a7gp15o89zb.com/jbn/dbc6ffd810bca2448794c665deafa62d,True,10時間前,2026-10-03 05:04:18,大阪府
デスクワーク／完全週休2日制／充実の研修で安心スタート!／教育体制あり新着,...これまでの経歴ではなく、これからの「やってみたい」という気持ちを何よりも重視します。求人票に必須資格の明記はありませんので、どなたでも「不問」として安心してご応募いただけます。実際に、コンビニの,大阪府,月給23万500円,正社員,美容,求人ボックス,https://xn--pckua2a7gp15o89zb.com/jbn/6d939657cb1d0af451deb81af15fe76f,True,8時間前,2026-10-03 05:04:18,大阪府
「高収入」専属ドライバー「普通免許のみ」／年収600万円以上／タクシードライバー／予約が中心新着,...カレンダー通りに休める事務職へ転職したい」「プライベートの時間もしっかり確保しながら働きたい」そんな希望が叶う職場です。ExcelやWordの基本操作ができれば、実務経験がなくても全く問題ありま,大阪府,月給50万円～80万円,正社員,美容,求人ボックス,https://xn--pckua2a7gp15o89zb.com/jbn/0a7ede177bc322fa022220b5a4f78421,True,10時間前,2026-10-03 05:04:18,大阪府
一般事務・未経験OK「ネイルOK・服装自由」土日休み・残業なし・20代活躍中新着,...前向きな気持ちで事務職に挑戦したい・仕事/プライベートのメリハリをつけたい・スキルを身につけて長期的に活躍したいー こんな前職の方が入社中ー接客業/販売業/飲食店/保育士/看護師ネイリスト/トリ,大阪府,"月給22万7,500円",正社員,美容,求人ボックス,https://xn--pckua2a7gp15o89zb.com/jbn/595d6c59829daada9d18386334e4eb9b,True,22時間前,2026-10-03 05:04:18,大阪府
リモート勤務／データ入力／未経験OK／年間休日123日新着,飲食店、,大阪府,"月給22万2,400円",正社員,美容,求人ボックス,https://xn--pckua2a7gp15o89zb.com/jbn/89133cd483891cdf3c6b2cdb7c3740f4,True,10時間前,2026-10-03 05:04:18,大阪府
受付事務 完全週休2日制・服装自由 20代活躍中・未経験歓迎／WEB選考新着,...前向きな気持ちで事務職デビューしたい方・仕事/プライベートのメリハリをつけたい方・スキル/資格を身につけ長期で活躍したい方ー こんな前職の方が入社中ー接客業/販売業/飲食/看護師/保育士/調理師,大阪府,"月給22万7,500円",正社員,美容,求人ボックス,https://xn--pckua2a7gp15o89zb.com/jbn/e23a2a52d6753507ab0772f138636300,True,23時間前,2026-10-03 05:04:18,大阪府
オフィスワーク／職種未経験歓迎／年間休日120日以上／教育体制あり／若手中心／残業少なめ新着,株式会社ホワイトキャリア,大阪府,月給23万円～50万円,正社員,美容,求人ボックス,https://xn--pckua2a7gp15o89zb.com/jbn/8999c82b2e58517d49a83df32347d9a7,True,6時間前,2026-10-03 05:04:22,大阪府
完全在宅／データ入力／高収入／フレックス出社可新着,飲食店、,大阪府,"月給22万4,100円",正社員,美容,求人ボックス,https://xn--pckua2a7gp15o89zb.com/jbn/161f441f7c531bd6a6b90229783abfe8,True,10時間前,2026-10-03 05:04:22,大阪府
在宅勤務／データ入力／未経験OK／完全週休2日新着,飲食店、,大阪府,"月給22万3,000円",正社員,美容,求人ボックス,https://xn--pckua2a7gp15o89zb.com/jbn/fcff26be420951a482d7e8b5e011aa27,True,9時間前,2026-10-03 05:04:22,大阪府
完全在宅／データ入力／高収入／完全週休2日新着,飲食店、,大阪府,"月給22万3,600円",正社員,美容,求人ボックス,https://xn--pckua2a7gp15o89zb.com/jbn/e44b78364e74e0cbf9f4d189bec962e7,True,10時間前,2026-10-03 05:04:22,大阪府
完全在宅／事務／高収入／月給22万～新着,飲食店、,大阪府,月給22万～,正社員,美容,求人ボックス,https://xn--pckua2a7gp15o89zb.com/jbn/d8ef240a1793e1bc6be50e51f2c270b2,True,10時間前,2026-10-03 05:04:22,大阪府
完全在宅／データ入力／高収入／月給22万～新着,飲食店、,大阪府,月給22万～,正社員,美容,求人ボックス,https://xn--pckua2a7gp15o89zb.com/jbn/7e6ac7644557a0ce88501147d5ba5afe,True,10時間前,2026-10-03 05:04:22,大阪府
オフィススタッフ／充実の研修で安心スタート!／若手中心／職種未経験歓迎新着,...原則定時退社だからお仕事後のプライベートが超充実 ギスギスした雰囲気とは無縁の、何でも相談しやすい環境<元接客・販売スタッフが多数在籍!>コンビニ夜勤、ホテルフロント、居酒屋、アパレル、,大阪府,月給22万500円,正社員,美容,求人ボックス,https://xn--pckua2a7gp15o89zb.com/jbn/1a51baadad8a7ae935b79710cb60076f,True,8時間前,2026-10-03 05:04:22,大阪府
タクシー運転手「普通免許のみ」／週3出勤／未経験でも高収入／年収600万円以上／予約が中心新着,...カレンダー通りに休める事務職へ転職したい」「プライベートの時間もしっかり確保しながら働きたい」そんな希望が叶う職場です。ExcelやWordの基本操作ができれば、実務経験がなくても全く問題ありま,大阪府,月給45万円～80万円,正社員,美容,求人ボックス,https://xn--pckua2a7gp15o89zb.com/jbn/e407b3382c386b336d09ffa4c672e247,True,10時間前,2026-10-03 05:04:25,大阪府
完全在宅／データ入力／未経験OK／年間休日123日新着,飲食店、,大阪府,"月給22万2,300円",正社員,美容,求人ボックス,https://xn--pckua2a7gp15o89zb.com/jbn/1bb94ddd3ee24e039a2e9d112c777d2d,True,10時間前,2026-10-03 05:04:25,大阪府
オフィススタッフ／充実の研修で安心スタート!／教育体制あり／完全週休2日制新着,...原則定時退社だからお仕事後のプライベートが超充実 ギスギスした雰囲気とは無縁の、何でも相談しやすい環境<元接客・販売スタッフが多数在籍!>コンビニ夜勤、ホテルフロント、居酒屋、アパレル、,大阪府,"月給21万5,500円",正社員,美容,求人ボックス,https://xn--pckua2a7gp15o89zb.com/jbn/b39f2e7de3003018500f58fc10190e58,True,8時間前,2026-10-03 05:04:25,大阪府
事務スタッフ／マニュアル完備／充実の研修で安心スタート!／ブランクOK新着,...これまでの経歴ではなく、これからの「やってみたい」という気持ちを何よりも重視します。求人票に必須資格の明記はありませんので、どなたでも「不問」として安心してご応募いただけます。実際に、コンビニの,大阪府,月給23万500円,正社員,美容,求人ボックス,https://xn--pckua2a7gp15o89zb.com/jbn/23a4339cc402af38ff69654d7ef65fa5,True,8時間前,2026-10-03 05:04:25,大阪府
デスクワーク／充実の研修で安心スタート!／未経験OK／完全週休2日制／第二新卒歓迎新着,...これまでの経歴ではなく、これからの「やってみたい」という気持ちを何よりも重視します。求人票に必須資格の明記はありませんので、どなたでも「不問」として安心してご応募いただけます。実際に、コンビニの,大阪府,月給21万500円,正社員,美容,求人ボックス,https://xn--pckua2a7gp15o89zb.com/jbn/46f0e8d29329b67c9534a6abfd70523d,True,8時間前,2026-10-03 05:04:25,大阪府
事務スタッフ／教育体制あり／マニュアル完備／充実の研修で安心スタート新着,...原則定時退社だからお仕事後のプライベートが超充実 ギスギスした雰囲気とは無縁の、何でも相談しやすい環境<元接客・販売スタッフが多数在籍!>コンビニ夜勤、ホテルフロント、居酒屋、アパレル、,大阪府,月給23万500円,正社員,美容,求人ボックス,https://xn--pckua2a7gp15o89zb.com/jbn/e749aca01a5acc550890f2de64838b5a,True,8時間前,2026-10-03 05:04:25,大阪府
フルリモート／データ入力／高収入／完全週休2日新着,飲食店、,大阪府,"月給22万1,500円",正社員,美容,求人ボックス,https://xn--pckua2a7gp15o89zb.com/jbn/b5d37b94bc1595b2a4f7439c553e4b98,True,10時間前,2026-10-03 05:04:25,大阪府
オフィススタッフ／充実の研修で安心スタート!／職種未経験歓迎／完全週休2日制新着,...これまでの経歴ではなく、これからの「やってみたい」という気持ちを何よりも重視します。求人票に必須資格の明記はありませんので、どなたでも「不問」として安心してご応募いただけます。実際に、コンビニの,大阪府,月給22万500円,正社員,美容,求人ボックス,https://xn--pckua2a7gp15o89zb.com/jbn/664e6d0ea5f044ff54f8bc7c0ba2978a,True,8時間前,2026-10-03 05:04:25,大阪府
リモート勤務／一般事務／未経験OK／年間休日123日新着,飲食店、,大阪府,"月給22万2,700円",正社員,美容,求人ボックス,https://xn--pckua2a7gp15o89zb.com/jbn/3a371314e154ec197d67452cd645abec,True,9時間前,2026-10-03 05:04:25,大阪府
デスクワーク／充実の研修で安心スタート!／未経験OK／第二新卒歓迎／完全週休2日制新着,...原則定時退社だからお仕事後のプライベートが超充実 ギスギスした雰囲気とは無縁の、何でも相談しやすい環境<元接客・販売スタッフが多数在籍!>コンビニ夜勤、ホテルフロント、居酒屋、アパレル、,大阪府,月給19万500円,正社員,美容,求人ボックス,https://xn--pckua2a7gp15o89zb.com/jbn/caf918d4e5612affd782a910c07982ac,True,8時間前,2026-10-03 05:04:27,大阪府
完全在宅／データ入力／未経験OK／フレックス出社可新着,飲食店、,大阪府,"月給22万3,200円",正社員,美容,求人ボックス,https://xn--pckua2a7gp15o89zb.com/jbn/6b5f72a5823431ff7cb07216941be715,True,10時間前,2026-10-03 05:04:27,大阪府
完全在宅／事務／高収入／完全土日休み新着,飲食店、,大阪府,"月給22万4,700円",正社員,美容,求人ボックス,https://xn--pckua2a7gp15o89zb.com/jbn/1835febc6602cd050c68715f30e98a5a,True,10時間前,2026-10-03 05:04:27,大阪府
事務スタッフ／充実の研修で安心スタート!／ブランクOK／教育体制あり／マニュアル完備新着,...原則定時退社だからお仕事後のプライベートが超充実 ギスギスした雰囲気とは無縁の、何でも相談しやすい環境<元接客・販売スタッフが多数在籍!>コンビニ夜勤、ホテルフロント、居酒屋、アパレル、,大阪府,月給20万500円,正社員,美容,求人ボックス,https://xn--pckua2a7gp15o89zb.com/jbn/9397e9d324000da2baba48e71e070652,True,8時間前,2026-10-03 05:04:27,大阪府
オフィススタッフ／充実の研修で安心スタート!／年間休日120日以上／若手中心新着,...これまでの経歴ではなく、これからの「やってみたい」という気持ちを何よりも重視します。求人票に必須資格の明記はありませんので、どなたでも「不問」として安心してご応募いただけます。実際に、コンビニの,大阪府,月給22万500円,正社員,美容,求人ボックス,https://xn--pckua2a7gp15o89zb.com/jbn/c40ac0476dd0e9991f4b8c02a4f9777a,True,8時間前,2026-10-03 05:04:27,大阪府
デスクワーク／充実の研修で安心スタート!／未経験OK／若手中心／教育体制あり新着,...原則定時退社だからお仕事後のプライベートが超充実 ギスギスした雰囲気とは無縁の、何でも相談しやすい環境<元接客・販売スタッフが多数在籍!>コンビニ夜勤、ホテルフロント、居酒屋、アパレル、,大阪府,月給19万500円,正社員,美容,求人ボックス,https://xn--pckua2a7gp15o89zb.com/jbn/7ee4b003270a1b2fcb9742d979154c6a,True,8時間前,2026-10-03 05:04:27,大阪府
デスクワーク／充実の研修で安心スタート!／第二新卒歓迎／若手中心／完全週休2日制新着,...原則定時退社だからお仕事後のプライベートが超充実 ギスギスした雰囲気とは無縁の、何でも相談しやすい環境<元接客・販売スタッフが多数在籍!>コンビニ夜勤、ホテルフロント、居酒屋、アパレル、,大阪府,月給22万500円,正社員,美容,求人ボックス,https://xn--pckua2a7gp15o89zb.com/jbn/9406c9f745299bc6d962f26c3451b34d,True,8時間前,2026-10-03 05:04:27,大阪府
タクシー運転手「普通免許のみ」／年収600万円以上／予約が中心／未経験でも高収入新着,...カレンダー通りに休める事務職へ転職したい」「プライベートの時間もしっかり確保しながら働きたい」そんな希望が叶う職場です。ExcelやWordの基本操作ができれば、実務経験がなくても全く問題ありま,大阪府,月給45万円～80万円,正社員,美容,求人ボックス,https://xn--pckua2a7gp15o89zb.com/jbn/281554dd2b011a38772ff613b64c8ccd,True,10時間前,2026-10-03 05:04:31,大阪府
オフィススタッフ／充実の研修で安心スタート!／年間休日120日以上／完全週休2日制新着,...原則定時退社だからお仕事後のプライベートが超充実 ギスギスした雰囲気とは無縁の、何でも相談しやすい環境<元接客・販売スタッフが多数在籍!>コンビニ夜勤、ホテルフロント、居酒屋、アパレル、,大阪府,月給22万500円,正社員,美容,求人ボックス,https://xn--pckua2a7gp15o89zb.com/jbn/b677a4afa90966018ee593ac4e7e0b1b,True,8時間前,2026-10-03 05:04:31,大阪府
オフィススタッフ／充実の研修で安心スタート!／職種未経験歓迎／福利厚生充実新着,...これまでの経歴ではなく、これからの「やってみたい」という気持ちを何よりも重視します。求人票に必須資格の明記はありませんので、どなたでも「不問」として安心してご応募いただけます。実際に、コンビニの,大阪府,"月給21万5,500円",正社員,美容,求人ボックス,https://xn--pckua2a7gp15o89zb.com/jbn/bf755ae714c1dcbf087aad96574a3312,True,8時間前,2026-10-03 05:04:31,大阪府
デスクワーク／充実の研修で安心スタート!／未経験OK／第二新卒歓迎／若手中心新着,...これまでの経歴ではなく、これからの「やってみたい」という気持ちを何よりも重視します。求人票に必須資格の明記はありませんので、どなたでも「不問」として安心してご応募いただけます。実際に、コンビニの,大阪府,月給21万500円,正社員,美容,求人ボックス,https://xn--pckua2a7gp15o89zb.com/jbn/0159038713dbb09eae12b51ffdf8010e,True,8時間前,2026-10-03 05:04:31,大阪府
「オフィススタッフ」／充実の研修で安心スタート!／財務・事務／50万円稼げる／高収入／未経験でも安心新着,...しっかりサポートするのでご安心ください。 こんな方をお待ちしています・コツコツと丁寧な作業を進めるのが好きな方・新しい知識を吸収する意欲がある方・チームワークを大切にしながら働ける方<先輩たちの,大阪府,"月給22万4,000円",正社員,美容,求人ボックス,https://xn--pckua2a7gp15o89zb.com/jbn/d63d601b8318243325e7f132f9af2f88,True,6時間前,2026-10-03 05:04:31,大阪府
事務スタッフ／充実の研修で安心スタート!／教育体制あり／若い者歓迎／ブランクOK新着,...原則定時退社だからお仕事後のプライベートが超充実 ギスギスした雰囲気とは無縁の、何でも相談しやすい環境<元接客・販売スタッフが多数在籍!>コンビニ夜勤、ホテルフロント、居酒屋、アパレル、,大阪府,"月給21万5,500円",正社員,美容,求人ボックス,https://xn--pckua2a7gp15o89zb.com/jbn/bc601d022bfb9b634a1e61c49a612eb7,True,8時間前,2026-10-03 05:04:31,大阪府
タクシー運転手「普通免許のみ」／未経験でも高収入／予約が中心／ドライバー新着,...カレンダー通りに休める事務職へ転職したい」「プライベートの時間もしっかり確保しながら働きたい」そんな希望が叶う職場です。ExcelやWordの基本操作ができれば、実務経験がなくても全く問題ありま,大阪府,月給45万円～80万円,正社員,美容,求人ボックス,https://xn--pckua2a7gp15o89zb.com/jbn/5b99a0712a30597daf3cb9e4c94e08bb,True,10時間前,2026-10-03 05:04:31,大阪府
デスクワーク／充実の研修で安心スタート!／第二新卒歓迎／若手中心／未経験OK新着,...これまでの経歴ではなく、これからの「やってみたい」という気持ちを何よりも重視します。求人票に必須資格の明記はありませんので、どなたでも「不問」として安心してご応募いただけます。実際に、コンビニの,大阪府,月給22万500円,正社員,美容,求人ボックス,https://xn--pckua2a7gp15o89zb.com/jbn/568190472815cfa6e74317ed544f325b,True,8時間前,2026-10-03 05:04:31,大阪府
デスクワーク／充実の研修で安心スタート!／未経験OK／教育体制あり／第二新卒歓迎新着,...原則定時退社だからお仕事後のプライベートが超充実 ギスギスした雰囲気とは無縁の、何でも相談しやすい環境<元接客・販売スタッフが多数在籍!>コンビニ夜勤、ホテルフロント、居酒屋、アパレル、,大阪府,月給19万500円,正社員,美容,求人ボックス,https://xn--pckua2a7gp15o89zb.com/jbn/08b461993ce165c2d7ff4e8ffcff9267,True,8時間前,2026-10-03 05:04:34,大阪府
タクシー運転手「普通免許のみ」／未経験でも高収入／年収600万円以上／週3出勤／予約が中心新着,...カレンダー通りに休める事務職へ転職したい」「プライベートの時間もしっかり確保しながら働きたい」そんな希望が叶う職場です。ExcelやWordの基本操作ができれば、実務経験がなくても全く問題ありま,大阪府,月給45万円～80万円,正社員,美容,求人ボックス,https://xn--pckua2a7gp15o89zb.com/jbn/929db6efe590675974b9609de5d3f410,True,10時間前,2026-10-03 05:04:34,大阪府
オフィススタッフ／職種未経験歓迎／年間休日120日以上／完全週休2日制新着,...これまでの経歴ではなく、これからの「やってみたい」という気持ちを何よりも重視します。求人票に必須資格の明記はありませんので、どなたでも「不問」として安心してご応募いただけます。実際に、コンビニの,大阪府,月給23万500円,正社員,美容,求人ボックス,https://xn--pckua2a7gp15o89zb.com/jbn/4aa720a24aa57f59e81d938c779dc246,True,8時間前,2026-10-03 05:04:34,大阪府
事務スタッフ／充実の研修で安心スタート!／ブランクOK／福利厚生充実／マニュアル完備新着,...これまでの経歴ではなく、これからの「やってみたい」という気持ちを何よりも重視します。求人票に必須資格の明記はありませんので、どなたでも「不問」として安心してご応募いただけます。実際に、コンビニの,大阪府,月給19万500円,正社員,美容,求人ボックス,https://xn--pckua2a7gp15o89zb.com/jbn/c13e3b996a1f5dc216707a6b119458e4,True,8時間前,2026-10-03 05:04:34,大阪府
事務職／営業事務／未経験歓迎／残業ほぼなし／ネイルOK／髪型自由新着,活躍中の先輩の前職例:雑貨販売、,大阪府,月給23万円～50万円,正社員,美容,求人ボックス,https://xn--pckua2a7gp15o89zb.com/jbn/98519c8b5f7978a283ff78eb8dc7f69b,True,6時間前,2026-10-03 05:04:34,大阪府
オフィススタッフ／充実の研修で安心スタート!／教育体制あり／福利厚生充実新着,...原則定時退社だからお仕事後のプライベートが超充実 ギスギスした雰囲気とは無縁の、何でも相談しやすい環境<元接客・販売スタッフが多数在籍!>コンビニ夜勤、ホテルフロント、居酒屋、アパレル、,大阪府,"月給21万5,500円",正社員,美容,求人ボックス,https://xn--pckua2a7gp15o89zb.com/jbn/6914a218598b8fc8f6069e21fe455d78,True,8時間前,2026-10-03 05:04:34,大阪府
デスクワーク／充実の研修で安心スタート!／第二新卒歓迎／福利厚生充実／未経験OK新着,...原則定時退社だからお仕事後のプライベートが超充実 ギスギスした雰囲気とは無縁の、何でも相談しやすい環境<元接客・販売スタッフが多数在籍!>コンビニ夜勤、ホテルフロント、居酒屋、アパレル、,大阪府,月給22万500円,正社員,美容,求人ボックス,https://xn--pckua2a7gp15o89zb.com/jbn/17b187972941b52c243c685a4677c428,True,8時間前,2026-10-03 05:04:38,大阪府
ハイヤー運転手「普通免許のみ」／予約が中心／未経験でも高収入／年収600万円以上新着,...カレンダー通りに休める事務職へ転職したい」「プライベートの時間もしっかり確保しながら働きたい」そんな希望が叶う職場です。ExcelやWordの基本操作ができれば、実務経験がなくても全く問題ありま,大阪府,月給45万円～80万円,正社員,美容,求人ボックス,https://xn--pckua2a7gp15o89zb.com/jbn/5bde919cd57fdf4f6b75d7ba4d6ee317,True,10時間前,2026-10-03 05:04:38,大阪府
事務職／充実の研修で安心スタート／教育体制あり／福利厚生充実新着,...という意欲を持つ方を求めています。フリーター・既卒・第二新卒の方、ブランクからの復帰を希望する方も安心の研修を用意しています。異業種から転職した20代・30代が活躍中。前職の例:カフェ店員、,大阪府,"月給22万4,000円",正社員,美容,求人ボックス,https://xn--pckua2a7gp15o89zb.com/jbn/2955e227bc7a3955789482c7d7b3fe83,True,6時間前,2026-10-03 05:04:38,大阪府
完全在宅／データ入力／高収入／年間休日123日新着,飲食店、,大阪府,"月給22万3,000円",正社員,美容,求人ボックス,https://xn--pckua2a7gp15o89zb.com/jbn/695dd84efb6732c0e5f67806d6f06352,True,10時間前,2026-10-03 05:04:38,大阪府
オフィススタッフ／充実の研修で安心スタート!／年間休日120日以上／職種未経験歓迎新着,...これまでの経歴ではなく、これからの「やってみたい」という気持ちを何よりも重視します。求人票に必須資格の明記はありませんので、どなたでも「不問」として安心してご応募いただけます。実際に、コンビニの,大阪府,月給22万500円,正社員,美容,求人ボックス,https://xn--pckua2a7gp15o89zb.com/jbn/e5b0c80665ebbac7dff3974a4e3b84b1,True,8時間前,2026-10-03 05:04:38,大阪府
事務職／一般事務／服装・髪型自由／賞与・昇給あり／未経験歓迎／ネイル・ピアスOK新着,...という意欲を持つ方を求めています。フリーター・既卒・第二新卒の方、ブランクからの復帰を希望する方も安心の研修を用意しています。異業種から転職した20代・30代が活躍中。前職の例:カフェ店員、,大阪府,"月給22万4,000円",正社員,美容,求人ボックス,https://xn--pckua2a7gp15o89zb.com/jbn/bb409e5a1472b00e31727208fb18a5c4,True,6時間前,2026-10-03 05:04:38,大阪府
デスクワーク／充実の研修で安心スタート!／未経験OK／福利厚生充実／第二新卒歓迎新着,...これまでの経歴ではなく、これからの「やってみたい」という気持ちを何よりも重視します。求人票に必須資格の明記はありませんので、どなたでも「不問」として安心してご応募いただけます。実際に、コンビニの,大阪府,月給19万500円,正社員,美容,求人ボックス,https://xn--pckua2a7gp15o89zb.com/jbn/f803cb77d6fdb1dfebd7f314c41e25a0,True,8時間前,2026-10-03 05:04:38,大阪府
事務スタッフ／充実の研修で安心スタート!／ブランクOK／土日祝休み／教育体制あり新着,...これまでの経歴ではなく、これからの「やってみたい」という気持ちを何よりも重視します。求人票に必須資格の明記はありませんので、どなたでも「不問」として安心してご応募いただけます。実際に、コンビニの,大阪府,月給19万500円,正社員,美容,求人ボックス,https://xn--pckua2a7gp15o89zb.com/jbn/41de2e3bffd101d72cd9c77fecdbaf06,True,8時間前,2026-10-03 05:04:38,大阪府
衛生管理会社の一般事務 未経験OK 土日祝休み 正社員登用制度あり新着,有限会社大洋防疫研究所,大阪府,"時給1,350円",正社員,事務,求人ボックス,https://xn--pckua2a7gp15o89zb.com/jb/f7a8a282b10f2e5567451683ea62825e,True,4時間前,2026-10-03 05:04:25,大阪府
一般事務「正社員・月給26万〜」20代活躍中・未経験OK l 研修あり新着,一般事務,大阪府,月給26万,正社員,事務,求人ボックス,https://xn--pckua2a7gp15o89zb.com/jbn/65edaa930f917c30108a360d4c663bd3,True,20時間前,2026-10-03 05:04:26,大阪府
事務職／一般事務／服装・髪型自由／賞与・昇給あり／未経験歓迎／ネイル新着,事務,大阪府,"月給22万3,000円",正社員,事務,求人ボックス,https://xn--pckua2a7gp15o89zb.com/jbn/c326bbbeadf023731e2b6058d766fd06,True,6時間前,2026-10-03 05:04:29,大阪府
一般事務「20代活躍・未経験OK」年休120日以上・残業月5〜10時間新着,一般事務,大阪府,"月給23万9,000円",正社員,事務,求人ボックス,https://xn--pckua2a7gp15o89zb.com/jbn/fc16be9c826c5c4a82858015c07f3388,True,17時間前,2026-10-03 05:04:33,大阪府
事務職／一般事務／30代未経験歓迎／育休取得実績あり／駅近勤務で通勤便...新着,一般事務,大阪府,月給20万円～50万円,正社員,事務,求人ボックス,https://xn--pckua2a7gp15o89zb.com/jbn/ca3c5246a4003b6fa360e802246f5ef1,True,6時間前,2026-10-03 05:04:37,大阪府
一般事務新着,株式会社ニシキ,大阪府,月給24万円,正社員,事務,求人ボックス,https://xn--pckua2a7gp15o89zb.com/jb/8a656745b94793c6895510f22ea1c818,True,17時間前,2026-10-03 05:04:37,大阪府
事務職／一般事務／年間休日125日以上／土日祝休み／未経験者も安心サポ...新着,事務,大阪府,"月給21万6,500円",正社員,事務,求人ボックス,https://xn--pckua2a7gp15o89zb.com/jbn/1bb8e088c83163bcc5f53aa464fd2c9c,True,6時間前,2026-10-03 05:04:37,大阪府
事務職／一般事務／ネイル・ピアス自由／産休育休あり／ワークライフバラン...新着,営業,大阪府,"月給22万5,000円",正社員,事務,求人ボックス,https://xn--pckua2a7gp15o89zb.com/jbn/a3e7a59cf0e3fb98a5b75eb4ccb51d9e,True,6時間前,2026-10-03 05:04:39,大阪府
事務職／一般事務／未経験から安心スタート／家庭と両立できる職場新着,事務,大阪府,"月給22万4,000円",正社員,事務,求人ボックス,https://xn--pckua2a7gp15o89zb.com/jbn/587921f118045ff540a949cc29ab6b88,True,6時間前,2026-10-03 05:04:39,大阪府
関東配属／”大手企業”で働く／一般事務業務新着,株式会社OOQ,大阪府,"月給20万5,000円",正社員,事務,求人ボックス,https://xn--pckua2a7gp15o89zb.com/jb/465eabc9741efe786c86457514a8d1f8,True,15時間前,2026-10-03 05:04:42,大阪府
「アニメ・ゲーム好き必見!」一般事務／入社祝い金／フルタイム勤務新着,株式会社SDビジョン,大阪府,月給30万円～50万円,正社員,事務,求人ボックス,https://xn--pckua2a7gp15o89zb.com/jbn/3a9122885303847444ee2da98d38b713,True,20時間前,2026-10-03 05:04:44,大阪府
一般事務／バックオフィス／未経験OK／土日祝休み／年間休日120日新着,関西福祉株式会社,大阪府,月給23万円～,正社員,事務,求人ボックス,https://xn--pckua2a7gp15o89zb.com/jb/db42bf486955d4e0c371dfa3cb1734ef,True,5時間前,2026-10-03 05:04:44,大阪府
9時～14時相談OK／制服貸与・休憩スペースあり／一般事務／日払いOK新着,株式会社ニチギワールド,大阪府,"時給1,500円～1,875円",派遣社員,事務,求人ボックス,https://xn--pckua2a7gp15o89zb.com/jb/b6480abce24dd55dfce9f039da8e4089,True,13時間前,2026-10-03 05:04:48,大阪府
「在宅可」未経験採用枠／一般事務／年間休日125日以上新着,一般事務,大阪府,"月給25万1,600円",正社員,事務,求人ボックス,https://xn--pckua2a7gp15o89zb.com/jbn/b576bbd899fbd190c7e6dbfbdbb48015,True,10時間前,2026-10-03 05:04:52,大阪府
「若手中心の明るい職場」／一般事務／オフィスワーク／未経験歓迎新着,一般事務,大阪府,"月給25万6,000円",正社員,事務,求人ボックス,https://xn--pckua2a7gp15o89zb.com/jbn/eb4a321cd918d122e69c9c1a6d70c484,True,15時間前,2026-10-03 05:04:52,大阪府
在宅可／未経験可／一般事務／年休125日以上新着,一般事務,大阪府,"月給24万5,400円",正社員,事務,求人ボックス,https://xn--pckua2a7gp15o89zb.com/jbn/14f0c874dd4f8f76fd2cd3b72730a955,True,9時間前,2026-10-03 05:04:52,大阪府
大阪府柏原市の土木建設作業員新着,株式会社横野組,大阪府柏原市の土木建設作業員,月給26万円～26万,正社員,建設,求人ボックス,https://xn--pckua2a7gp15o89zb.com/jb/dbfcf7523c09fd2fe36a0e4b716f4764,True,6時間前,2026-10-03 05:04:23,大阪府
大阪府堺市中区の建設作業員／株式会社 徳進工業新着,株式会社徳進工業,大阪府堺市中区の建設作業員／株式会社,月給35万円～40万円,正社員,建設,求人ボックス,https://xn--pckua2a7gp15o89zb.com/jb/67ad2de20c5d822a5a8b748866d9504e,True,6時間前,2026-10-03 05:04:23,大阪府
建設作業員／未経験歓迎／日給1.2万～1.5万新着,有限会社万葉美装,大阪府,日給1,正社員,建設,求人ボックス,https://xn--pckua2a7gp15o89zb.com/jb/5eae4b47f0fc807de57c9928d880eadb,True,10時間前,2026-10-03 05:04:23,大阪府
「予約制のタクシードライバー」週3日勤務で月収40万円以上／未経験OK／20代～50代が活躍中新着,建設,大阪府,"月給45万6,000円",正社員,建設,求人ボックス,https://xn--pckua2a7gp15o89zb.com/jbn/bff8aba6f56c55061c6d69e8ecfa4344,True,12時間前,2026-10-03 05:04:23,大阪府
著名人・VIPの予約タクシードライバー／普通免許のみOK／未経験から正社員へ／賞与年2回新着,フードデリバリー配達員/宅配便ドライバールート配送ドライバー(飲料・食品)...[年収実績]25歳男性/前職:フードデリバリー配達員入社1年目で年収650万円を達成。,大阪府,"月給47万6,000円",正社員,建設,求人ボックス,https://xn--pckua2a7gp15o89zb.com/jbn/e0ae321bb2d22ed48aba9a0b1cbcaf55,True,10時間前,2026-10-03 05:04:23,大阪府
普通免許から始めるタクシードライバー／二種免許取得支援あり／役員・VIP・予約送迎／賞与あり新着,フードデリバリー配達員/宅配便ドライバールート配送ドライバー(飲料・食品)...(前職:フードデリバリー配達員/25歳男性) 福利厚生 ・社会保険完備(厚生年金・健康保険・雇用保険・労災)...,大阪府,"月給47万6,000円",正社員,建設,求人ボックス,https://xn--pckua2a7gp15o89zb.com/jbn/219084b19f353076be666f8d21b14441,True,10時間前,2026-10-03 05:04:23,大阪府
アルファードでの夜間タクシードライバー／VIP・著名人対応あり／AT限定OK／接客経験を活かせる新着,フードデリバリー配達員/宅配便ドライバールート配送ドライバー(飲料・食品)...外での,大阪府,"月給45万6,000円",正社員,建設,求人ボックス,https://xn--pckua2a7gp15o89zb.com/jbn/77d323848a4aaeed31bc00b95a15fe1b,True,9時間前,2026-10-03 05:04:23,大阪府
「夜勤・タクシードライバー」二種免不要／企業役員／賞与年2回／20代活躍中／安定収入新着,フードデリバリー配達員/宅配便ドライバールート配送ドライバー(飲料・食品)...<年収例>入社1年目:年収650万円前職:フードデリバリー配達員(25歳男性),大阪府,"月給45万6,000円",正社員,建設,求人ボックス,https://xn--pckua2a7gp15o89zb.com/jbn/baee6769391d82ee9bd722b7fa1247b2,True,9時間前,2026-10-03 05:04:24,大阪府
月11日～13日勤務のタクシードライバー／空港・VIP送迎あり／普通免許OK／履歴書不要／賞与年2回新着,未経験OK,大阪府,"月給45万6,000円",正社員,建設,求人ボックス,https://xn--pckua2a7gp15o89zb.com/jbn/612b7bb1633bfd586df74de1a809c209,True,9時間前,2026-10-03 05:04:24,大阪府
「タクシードライバー」二種免許会社負担／経歴不問／年収600万円以上可／若手世代活躍中新着,...軽貨物配送ドライバーフードデリバリー配達員/宅配便ドライバールート配送ドライバー(飲料・食品)長距離大型トラック/中型トラック運転手引越しドライバー/デリバリーサービス倉庫,大阪府,"月給45万6,000円",正社員,建設,求人ボックス,https://xn--pckua2a7gp15o89zb.com/jbn/e16cf3f92b364b52bd1c917dbb9d3626,True,9時間前,2026-10-03 05:04:24,大阪府
「夜勤」タクシードライバー・AT限定OK／接客経験活かせる／賞与年2回／VIP対応／アルファード新着,...軽貨物配送ドライバーフードデリバリー配達員/宅配便ドライバールート配送ドライバー(飲料・食品)長距離大型トラック/中型トラック運転手引越しドライバー/デリバリーサービス倉庫,大阪府,"月給45万6,000円",正社員,建設,求人ボックス,https://xn--pckua2a7gp15o89zb.com/jbn/ee27dc55a8bc3d91ee1c56d5daa65b96,True,9時間前,2026-10-03 05:04:24,大阪府
「社会保険完備・福利厚生充実」タクシードライバー／夜勤／学歴不問／ボーナス年2回／空港送迎／会食送迎新着,...軽貨物配送ドライバーフードデリバリー配達員/宅配便ドライバールート配送ドライバー(飲料・食品)長距離大型トラック/中型トラック運転手引越しドライバー/デリバリーサービス倉庫,大阪府,"月給47万6,000円",正社員,建設,求人ボックス,https://xn--pckua2a7gp15o89zb.com/jbn/8529168507dc8abfb04b2b2a6bc716c2,True,10時間前,2026-10-03 05:04:24,大阪府
週3勤務の予約送迎ドライバー／普通免許OK／未経験から正社員へ／履歴書不要／賞与年2回新着,...軽貨物配送ドライバーフードデリバリー配達員/宅配便ドライバールート配送ドライバー(飲料・食品)長距離大型トラック/中型トラック運転手引越しドライバー/デリバリーサービス倉庫,大阪府,"月給40万5,000円",正社員,建設,求人ボックス,https://xn--pckua2a7gp15o89zb.com/jbn/ec86ef53eadc7f7200f722fba2fbcce5,True,15時間前,2026-10-03 05:04:24,大阪府
週3勤務のタクシードライバー／普通免許だけで応募OK／予約中心で落ち着いて働ける／賞与年2回新着,...軽貨物配送ドライバーフードデリバリー配達員/宅配便ドライバールート配送ドライバー(飲料・食品)長距離大型トラック/中型トラック運転手引越しドライバー/デリバリーサービス倉庫,大阪府,"月給47万7,000円",正社員,建設,求人ボックス,https://xn--pckua2a7gp15o89zb.com/jbn/eb1badd7dea75688c137079956a52a2f,True,11時間前,2026-10-03 05:04:27,大阪府
タクシードライバー／普通免許OK／年収600万円以上も可／履歴書不要／退職金制度あり新着,...軽貨物配送ドライバーフードデリバリー配達員/宅配便ドライバールート配送ドライバー(飲料・食品)長距離大型トラック/中型トラック運転手引越しドライバー/デリバリーサービス倉庫,大阪府,"月給47万7,000円",正社員,建設,求人ボックス,https://xn--pckua2a7gp15o89zb.com/jbn/e4e78db48bfeee17e64d836f3cff9c28,True,10時間前,2026-10-03 05:04:27,大阪府
週3勤務の役員送迎ドライバー／普通免許だけで応募OK／予約中心で落ち着いて働ける／賞与年2回新着,...軽貨物配送ドライバーフードデリバリー配達員/宅配便ドライバールート配送ドライバー(飲料・食品)長距離大型トラック/中型トラック運転手引越しドライバー/デリバリーサービス倉庫,大阪府,"月給51万5,000円",正社員,建設,求人ボックス,https://xn--pckua2a7gp15o89zb.com/jbn/dd05084660acbb078d5ab6eea5bb9b04,True,15時間前,2026-10-03 05:04:27,大阪府
「週3勤務・芸能人・タレント」タクシードライバー／二種免許不要／賞与年2回／正社員雇用新着,フードデリバリー配達員/宅配便ドライバールート配送ドライバー(飲料・食品)...<年収例>入社1年目:年収650万円前職:フードデリバリー配達員(25歳男性),大阪府,"月給47万6,000円",正社員,建設,求人ボックス,https://xn--pckua2a7gp15o89zb.com/jbn/41015f48f0c66322cb4fb14dc352bf77,True,10時間前,2026-10-03 05:04:27,大阪府
役員・著名人の予約タクシードライバー／普通免許OK・AT限定可／未経験から正社員へ／週3日勤務可新着,...軽貨物配送ドライバーフードデリバリー配達員/宅配便ドライバールート配送ドライバー(飲料・食品)長距離大型トラック/中型トラック運転手引越しドライバー/デリバリーサービス倉庫,大阪府,"月給47万6,000円",正社員,建設,求人ボックス,https://xn--pckua2a7gp15o89zb.com/jbn/effbe77200ef578936c3fa929014d9c9,True,10時間前,2026-10-03 05:04:27,大阪府
夜勤の予約タクシードライバー／企業役員・VIP対応あり／普通免許OK／二種免許取得支援あり新着,フードデリバリー配達員/宅配便ドライバールート配送ドライバー(飲料・食品)...25歳男性・前職フードデリバリー配達員が入社1年目で年収650万円を達成しています。...,大阪府,"月給45万6,000円",正社員,建設,求人ボックス,https://xn--pckua2a7gp15o89zb.com/jbn/17778211a10e56f4bde6aabf6cfa58e0,True,9時間前,2026-10-03 05:04:27,大阪府
タクシードライバー／普通免許OK・AT限定可／未経験から正社員へ／週3日勤務可新着,...軽貨物配送ドライバーフードデリバリー配達員/宅配便ドライバールート配送ドライバー(飲料・食品)長距離大型トラック/中型トラック運転手引越しドライバー/デリバリーサービス倉庫,大阪府,"月給47万7,000円",正社員,建設,求人ボックス,https://xn--pckua2a7gp15o89zb.com/jbn/e0f788fa5444f5844082eecf9408a158,True,10時間前,2026-10-03 05:04:27,大阪府
役員・VIPタクシードライバー／普通免許OK／年収600万円以上も可／履歴書不要／退職金制度あり新着,...軽貨物配送ドライバーフードデリバリー配達員/宅配便ドライバールート配送ドライバー(飲料・食品)長距離大型トラック/中型トラック運転手引越しドライバー/デリバリーサービス倉庫,大阪府,"月給45万6,000円",正社員,建設,求人ボックス,https://xn--pckua2a7gp15o89zb.com/jbn/cb5683dd17960532870a1201b1cd869c,True,9時間前,2026-10-03 05:04:30,大阪府
夜勤の役員タクシードライバー／空港・会食・VIP送迎あり／普通免許OK／賞与年2回／福利厚生充実新着,...軽貨物配送ドライバーフードデリバリー配達員/宅配便ドライバールート配送ドライバー(飲料・食品)長距離大型トラック/中型トラック運転手引越しドライバー/デリバリーサービス倉庫,大阪府,"月給45万6,000円",正社員,建設,求人ボックス,https://xn--pckua2a7gp15o89zb.com/jbn/a000082577691e4e7cce5cf5d6fec000,True,9時間前,2026-10-03 05:04:30,大阪府
「タクシードライバー」二種免不要／週3勤務／安定収入／ボーナス年2回／若手活躍中／安心の正社員雇用新着,...軽貨物配送ドライバーフードデリバリー配達員/宅配便ドライバールート配送ドライバー(飲料・食品)長距離大型トラック/中型トラック運転手引越しドライバー/デリバリーサービス倉庫,大阪府,"月給47万6,000円",正社員,建設,求人ボックス,https://xn--pckua2a7gp15o89zb.com/jbn/2bbd432d633689d35fd96f30317e9d15,True,10時間前,2026-10-03 05:04:30,大阪府
「二種免許不要・タクシードライバー」履歴書不要／学歴不問／週3勤務／身体負担少なめ／退職金制度新着,...軽貨物配送ドライバーフードデリバリー配達員/宅配便ドライバールート配送ドライバー(飲料・食品)長距離大型トラック/中型トラック運転手引越しドライバー/デリバリーサービス倉庫,大阪府,"月給45万6,000円",正社員,建設,求人ボックス,https://xn--pckua2a7gp15o89zb.com/jbn/3cf032bdbdb09bbb689db48724fd9d68,True,9時間前,2026-10-03 05:04:30,大阪府
週3勤務の予約タクシードライバー／普通免許OK／未経験から正社員へ／履歴書不要／賞与年2回新着,...軽貨物配送ドライバーフードデリバリー配達員/宅配便ドライバールート配送ドライバー(飲料・食品)長距離大型トラック/中型トラック運転手引越しドライバー/デリバリーサービス倉庫,大阪府,"月給47万6,000円",正社員,建設,求人ボックス,https://xn--pckua2a7gp15o89zb.com/jbn/cfa4b46111aae212158fd35a8eca80c0,True,10時間前,2026-10-03 05:04:30,大阪府
「経歴不問・タクシードライバー」未経験歓迎／社会保険完備の正社員雇用／週3勤務／AT限定OK新着,...軽貨物配送ドライバーフードデリバリー配達員/宅配便ドライバールート配送ドライバー(飲料・食品)長距離大型トラック/中型トラック運転手引越しドライバー/デリバリーサービス倉庫,大阪府,"月給47万6,000円",正社員,建設,求人ボックス,https://xn--pckua2a7gp15o89zb.com/jbn/f9354186db9dd25ea062eafb9a917e2b,True,10時間前,2026-10-03 05:04:30,大阪府
「月11日～13日勤務!」タクシードライバー／履歴書不要／空港送迎／社会保険完備／賞与あり新着,フードデリバリー配達員/宅配便ドライバールート配送ドライバー(飲料・食品)...<年収例>入社1年目:年収650万円前職:フードデリバリー配達員(25歳男性),大阪府,"月給45万6,000円",正社員,建設,求人ボックス,https://xn--pckua2a7gp15o89zb.com/jbn/82c68150eeaa0cf74d7a8122a9845a0c,True,9時間前,2026-10-03 05:04:30,大阪府
「夜勤・高収入・空港送迎」タクシードライバー／普通免許でOK／賞与あり／年収600万円以上可新着,フードデリバリー配達員/宅配便ドライバールート配送ドライバー(飲料・食品)...<年収例>入社1年目:年収650万円前職:フードデリバリー配達員(25歳男性),大阪府,"月給47万6,000円",正社員,建設,求人ボックス,https://xn--pckua2a7gp15o89zb.com/jbn/f2deef95e17102616487f57729a1bb2a,True,10時間前,2026-10-03 05:04:33,大阪府
夜間予約タクシードライバー／普通免許OK／二種免許は会社負担／月収50万円以上も可／賞与あり新着,フードデリバリー配達員/宅配便ドライバールート配送ドライバー(飲料・食品)長距離大型トラック/中型トラック運転手引越しドライバー/デリバリーサービス倉庫,大阪府,"月給45万6,000円",正社員,建設,求人ボックス,https://xn--pckua2a7gp15o89zb.com/jbn/12f01a6a91f543ab5ad475392dd42124,True,9時間前,2026-10-03 05:04:33,大阪府
「タクシードライバー」未経験OK／履歴書不要／週3勤務／賞与あり／研修制度充実／社会保険完備新着,...軽貨物配送ドライバーフードデリバリー配達員/宅配便ドライバールート配送ドライバー(飲料・食品)長距離大型トラック/中型トラック運転手引越しドライバー/デリバリーサービス倉庫,大阪府,"月給47万6,000円",正社員,建設,求人ボックス,https://xn--pckua2a7gp15o89zb.com/jbn/c546ea1bcb492f09edbf9d2ebb680797,True,10時間前,2026-10-03 05:04:33,大阪府
週3勤務の役員タクシードライバー／普通免許だけで応募OK／予約中心で落ち着いて働ける／賞与年2回新着,...軽貨物配送ドライバーフードデリバリー配達員/宅配便ドライバールート配送ドライバー(飲料・食品)長距離大型トラック/中型トラック運転手引越しドライバー/デリバリーサービス倉庫,大阪府,"月給45万6,000円",正社員,建設,求人ボックス,https://xn--pckua2a7gp15o89zb.com/jbn/42e6dbace14d99c5f3df29f3a1a6acb8,True,9時間前,2026-10-03 05:04:33,大阪府
施工管理職／圧倒的な育成力により未経験から専門性の高いキャリアを実現新着,株式会社Progress Group,大阪府,"月給24万5,000円",契約社員,建設,求人ボックス,https://xn--pckua2a7gp15o89zb.com/jb/827b770961594e58081f45ef1948316d,True,11時間前,2026-10-03 05:04:33,大阪府
施工管理新着,株式会社エール,大阪府,"月給24万2,800円",正社員,建設,求人ボックス,https://xn--pckua2a7gp15o89zb.com/jb/4da548372944688c80132147b86b1baf,True,22時間前,2026-10-03 05:04:33,大阪府
大阪府和泉市の建物解体作業員 建設機械運転工／有限会社 梶原建設新着,有限会社梶原建設,大阪府和泉市の建物解体作業員,月給30万円～55万円,正社員,建設,求人ボックス,https://xn--pckua2a7gp15o89zb.com/jb/5bbbd38cf7ab5d00998a15844709f021,True,5時間前,2026-10-03 05:04:37,大阪府
大阪府東大阪市のとび・土木作業員／株式会社 フジタ新着,株式会社フジタ,大阪府東大阪市のとび・土木作業員／株式会社,"月給24万2,550円",正社員,建設,求人ボックス,https://xn--pckua2a7gp15o89zb.com/jb/e864571e9515b4d8fb930e3768d04cac,True,7時間前,2026-10-03 05:04:37,大阪府
大手ゼネコン子会社の外構工事の土木施工管理新着,トライアロー株式会社,大阪府,月給35万円～40万円,派遣社員,建設,求人ボックス,https://xn--pckua2a7gp15o89zb.com/jb/5501fd0601f938463ae684a2e2dd8bcb,True,18時間前,2026-10-03 05:04:37,大阪府
大阪府寝屋川市の重機運転工、現場作業員／守金興業 株式会社新着,守金興業株式会社,大阪府寝屋川市の重機運転工、現場作業員／守金興業,"月給24万1,500円",正社員,建設,求人ボックス,https://xn--pckua2a7gp15o89zb.com/jb/a96613cc25bec57394ffa695fee33e16,True,6時間前,2026-10-03 05:04:37,大阪府
大阪府高槻市の現場作業員／建築現場／月給制／株式会社 吉田建装新着,株式会社吉田建装,大阪府高槻市の現場作業員／建築現場／月給制／株式会社,月給24万円～35万円,正社員,建設,求人ボックス,https://xn--pckua2a7gp15o89zb.com/jb/4869d97ca5da589af6fd49898e04507b,True,6時間前,2026-10-03 05:04:37,大阪府
大阪府堺市北区の現場作業員新着,市村組,大阪府堺市北区の現場作業員,"月給20万4,000円",正社員,建設,求人ボックス,https://xn--pckua2a7gp15o89zb.com/jb/09b9d74dd39dc3d3e97798db411df275,True,6時間前,2026-10-03 05:04:37,大阪府
設備施工管理・住宅手当・家賃補助新着,正和工業株式会社,大阪府,月給50万円～70万円,正社員,建設,求人ボックス,https://xn--pckua2a7gp15o89zb.com/jb/1f94e95319511e124b9e114af07c42e3,True,4時間前,2026-10-03 05:04:37,大阪府
タクシー運転手「週3勤務」資格取得支援あり／月収40万円以上／安定収入／転職回数不問新着,...以下のような経験をお持ちの方は特に歓迎します。・軽貨物ドライバー・ルート配送スタッフ・宅配ドライバー・タクシー運転手・大型トラックドライバー・フォークリフトオペレーター・,大阪府,"月給45万6,300円",正社員,建設,求人ボックス,https://xn--pckua2a7gp15o89zb.com/jbn/ea0f103c2e492e5e696fa4e85126b233,True,8時間前,2026-10-03 05:04:40,大阪府
「高収入」夜勤／タクシー運転手／定期送迎「月収50万円以上可能／安定収入／賞与年2回」新着,建設・,大阪府,"月給45万7,200円",正社員,建設,求人ボックス,https://xn--pckua2a7gp15o89zb.com/jbn/5a0c2fdbdd26b7eab6d521209c741339,True,8時間前,2026-10-03 05:04:40,大阪府
タクシードライバー／週3勤務／学歴不問／1年目月収50万以上／賞与年2回新着,建設・,大阪府,"月給45万8,800円",正社員,建設,求人ボックス,https://xn--pckua2a7gp15o89zb.com/jbn/68f5b940fdc915ca21e38a766d1a1090,True,8時間前,2026-10-03 05:04:40,大阪府
夜勤タクシードライバー／未経験スタートOK／年2回のボーナス支給あり／資格取得支援制度あり新着,作業,大阪府,"月給45万8,500円",正社員,建設,求人ボックス,https://xn--pckua2a7gp15o89zb.com/jbn/d60068689ac38f95f6b23f9b44940518,True,8時間前,2026-10-03 05:04:40,大阪府
「夜勤でしっかり稼ぐ」タクシードライバー／残業少なめ／正社員採用／賞与あり新着,...以下のような経験をお持ちの方は特に歓迎します。・軽貨物ドライバー・ルート配送スタッフ・宅配ドライバー・タクシー運転手・大型トラックドライバー・フォークリフトオペレーター・,大阪府,"月給45万9,200円",正社員,建設,求人ボックス,https://xn--pckua2a7gp15o89zb.com/jbn/6469d1cc7a98c74637224fba32502eef,True,8時間前,2026-10-03 05:04:40,大阪府
「未経験歓迎」タクシードライバー／月収50万円以上可／退職金制度あり新着,...以下のような経験をお持ちの方は特に歓迎します。・軽貨物ドライバー・ルート配送スタッフ・宅配ドライバー・タクシー運転手・大型トラックドライバー・フォークリフトオペレーター・,大阪府,"月給47万7,100円",正社員,建設,求人ボックス,https://xn--pckua2a7gp15o89zb.com/jbn/7ee8ea5e8659f3168bebeb886dabaf95,True,9時間前,2026-10-03 05:04:40,大阪府
タクシードライバー／未経験歓迎／会食・空港送迎中心／年収600万円以上可新着,建設・,大阪府,"月給45万9,100円",正社員,建設,求人ボックス,https://xn--pckua2a7gp15o89zb.com/jbn/a82b830c28107a76caeee869be64806d,True,9時間前,2026-10-03 05:04:40,大阪府
「未経験1年目600万円／定着率90%以上」「週3日勤務／正社員」タクシードライバー新着,建設・,大阪府,"月給46万1,100円",正社員,建設,求人ボックス,https://xn--pckua2a7gp15o89zb.com/jbn/4f64c60c40328372020e0f1294b3d1ed,True,9時間前,2026-10-03 05:04:40,大阪府
「未経験1年目600万円／定着率90%以上」「週3勤務・予約制タクシードライバー」普通免許のみOK新着,建設・,大阪府,"月給45万9,700円",正社員,建設,求人ボックス,https://xn--pckua2a7gp15o89zb.com/jbn/2941ed6a2d63a23937a83abb4948c4ca,True,9時間前,2026-10-03 05:04:44,大阪府
「高収入」夜勤／タクシー／定期送迎「月収50万円以上可能／安定収入／賞与年2回」新着,建設・,大阪府,"月給46万1,500円",正社員,建設,求人ボックス,https://xn--pckua2a7gp15o89zb.com/jbn/e6a79a5571d105a0c4aae2654e3024bc,True,9時間前,2026-10-03 05:04:44,大阪府
「夜勤で稼げる」タクシードライバー／普通免許のみOK／年収600万円以上可／賞与年2回新着,...以下のような経験をお持ちの方は特に歓迎します。・軽貨物ドライバー・ルート配送スタッフ・宅配ドライバー・タクシー運転手・大型トラックドライバー・フォークリフトオペレーター・,大阪府,"月給47万6,800円",正社員,建設,求人ボックス,https://xn--pckua2a7gp15o89zb.com/jbn/dbb04d543def7b6878fc329e6f1d7ed2,True,9時間前,2026-10-03 05:04:44,大阪府
夜間専属タクシードライバー／月収50万円以上可能／賞与年2回／普通免許のみで応募可新着,...以下のような経験をお持ちの方は特に歓迎します。・軽貨物ドライバー・ルート配送スタッフ・宅配ドライバー・タクシー運転手・大型トラックドライバー・フォークリフトオペレーター・,大阪府,"月給45万8,600円",正社員,建設,求人ボックス,https://xn--pckua2a7gp15o89zb.com/jbn/fd9cbe188086a6511718dc433e65be01,True,9時間前,2026-10-03 05:04:44,大阪府
芸能関係者のタクシードライバー／未経験歓迎／週3勤務／月収45万円以上／20代～50代活躍中新着,作業,大阪府,"月給45万9,500円",正社員,建設,求人ボックス,https://xn--pckua2a7gp15o89zb.com/jbn/fac9fd8d20a24edf3d263755036e3b37,True,9時間前,2026-10-03 05:04:44,大阪府
「転職回数不問」役員タクシードライバー／週3勤務／安定収入／正社員採用新着,...以下のような経験をお持ちの方は特に歓迎します。・軽貨物ドライバー・ルート配送スタッフ・宅配ドライバー・タクシー運転手・大型トラックドライバー・フォークリフトオペレーター・,大阪府,月給48万600円,正社員,建設,求人ボックス,https://xn--pckua2a7gp15o89zb.com/jbn/914d93d49a289221c1f3d245a312c871,True,10時間前,2026-10-03 05:04:44,大阪府
「タレント／芸能」タクシードライバー／週3勤務／学歴不問／1年目月収50万以上／賞与年2回新着,建設・,大阪府,"月給47万6,000円",正社員,建設,求人ボックス,https://xn--pckua2a7gp15o89zb.com/jbn/b2232f1b82e80bf347828247469e2e75,True,10時間前,2026-10-03 05:04:44,大阪府
タクシードライバー／普通免許のみで応募OK／週3日勤務／賞与あり／高収入実現可能新着,作業,大阪府,"月給47万6,000円",正社員,建設,求人ボックス,https://xn--pckua2a7gp15o89zb.com/jbn/c818ee5943a870794de0eac7db5644d1,True,10時間前,2026-10-03 05:04:44,大阪府
タクシードライバー／週3勤務／異業種からの転職歓迎新着,建設・,大阪府,"月給45万9,600円",正社員,建設,求人ボックス,https://xn--pckua2a7gp15o89zb.com/jbn/8873eea850e2a03b358dfb8827a14a2c,True,10時間前,2026-10-03 05:04:47,大阪府
タクシードライバー「週3勤務」資格取得支援あり／月収40万円以上／安定収入／転職回数不問新着,...以下のような経験をお持ちの方は特に歓迎します。・軽貨物ドライバー・ルート配送スタッフ・宅配ドライバー・タクシー運転手・大型トラックドライバー・フォークリフトオペレーター・,大阪府,"月給47万6,000円",正社員,建設,求人ボックス,https://xn--pckua2a7gp15o89zb.com/jbn/0b24710c8d0fe45375fa0f31fb78b6ff,True,10時間前,2026-10-03 05:04:47,大阪府
「予約中心だから未経験でも安心」タクシードライバー／週3勤務／月収50万円以上可新着,建設・,大阪府,"月給40万9,000円",正社員,建設,求人ボックス,https://xn--pckua2a7gp15o89zb.com/jbn/a6013cc2495d11d564d41f79d05dd331,True,11時間前,2026-10-03 05:04:47,大阪府
「週3日勤務で年収600万円も可能」タクシードライバー／普通免許のみOK／未経験歓迎／賞与年2回新着,建設・,大阪府,"月給40万6,000円",正社員,建設,求人ボックス,https://xn--pckua2a7gp15o89zb.com/jbn/fcdc3b1bd020d86674b005f77a182267,True,11時間前,2026-10-03 05:04:47,大阪府
建築施工管理・土日祝休み・住宅手当・家賃補助・家族手当・資格手当新着,株式会社アイ建設,大阪府,月給40万円～60万円,正社員,建設,求人ボックス,https://xn--pckua2a7gp15o89zb.com/jb/f29a8f9d93839ed660bbd7145735388d,True,4時間前,2026-10-03 05:04:47,大阪府
夜間専属タクシードライバー／週3日勤務OK／異業種出身多数／未経験活躍中／土日祝休みあり新着,...以下のような経験をお持ちの方は特に歓迎します。・軽貨物ドライバー・ルート配送スタッフ・宅配ドライバー・タクシー運転手・大型トラックドライバー・フォークリフトオペレーター・,大阪府,"月給47万7,800円",正社員,建設,求人ボックス,https://xn--pckua2a7gp15o89zb.com/jbn/aff241a25f0c0f7a61813c3f2e163de0,True,13時間前,2026-10-03 05:04:47,大阪府
土地のお悩みをもつオーナー様へ土地活用の提案営業新着,大東建託株式会社,大阪府,"月給25万5,000円",正社員,建設,求人ボックス,https://xn--pckua2a7gp15o89zb.com/jb/4eba023ef98b20fa6bbc692eac6fc790,True,22時間前,2026-10-03 05:04:51,大阪府
「予約中心で安心」タクシードライバー／年収600万円以上／未経験歓迎新着,...以下のような経験をお持ちの方は特に歓迎します。・軽貨物ドライバー・ルート配送スタッフ・宅配ドライバー・タクシー運転手・大型トラックドライバー・フォークリフトオペレーター・,大阪府,"月給45万6,000円",正社員,建設,求人ボックス,https://xn--pckua2a7gp15o89zb.com/jbn/826dec459d76c58abe2743020933618d,True,9時間前,2026-10-03 05:04:51,大阪府
「週3日勤務で高収入」タクシードライバー／家族手当あり／賞与年2回新着,...以下のような経験をお持ちの方は特に歓迎します。・軽貨物ドライバー・ルート配送スタッフ・宅配ドライバー・タクシー運転手・大型トラックドライバー・フォークリフトオペレーター・,大阪府,"月給45万6,000円",正社員,建設,求人ボックス,https://xn--pckua2a7gp15o89zb.com/jbn/ee5de1e0e689012ddfaf698fd8f20efb,True,9時間前,2026-10-03 05:04:51,大阪府
「1年目から高収入可能」タクシードライバー／週3勤務／福利厚生充実新着,作業,大阪府,"月給45万6,000円",正社員,建設,求人ボックス,https://xn--pckua2a7gp15o89zb.com/jbn/95227a8a6dc52db076ff1290730d1cf0,True,9時間前,2026-10-03 05:04:51,大阪府
「未経験歓迎」専属タクシードライバー／月収50万円以上可／退職金制度あり新着,...以下のような経験をお持ちの方は特に歓迎します。・軽貨物ドライバー・ルート配送スタッフ・宅配ドライバー・タクシー運転手・大型トラックドライバー・フォークリフトオペレーター・,大阪府,"月給45万6,000円",正社員,建設,求人ボックス,https://xn--pckua2a7gp15o89zb.com/jbn/74d1ab3f1e20df500f05cbfdf99542fa,True,9時間前,2026-10-03 05:04:51,大阪府
「内定までスピーディー」夜勤タクシードライバー／履歴書不要／未経験OK／月収50万円以上新着,作業,大阪府,"月給45万6,000円",正社員,建設,求人ボックス,https://xn--pckua2a7gp15o89zb.com/jbn/bddf85cc6c4613c16104dbc7a734b1d0,True,9時間前,2026-10-03 05:04:51,大阪府
「月内採用」タクシードライバー・夜勤／職歴不問／未経験OK／1年目年収600万円以上可／賞与年2回新着,作業,大阪府,"月給47万6,000円",正社員,建設,求人ボックス,https://xn--pckua2a7gp15o89zb.com/jbn/d997dda1ac311f11c574399ae716b206,True,10時間前,2026-10-03 05:04:51,大阪府
大阪府大阪市生野区の柔道整復師・あはき師／恵鍼灸整骨院／株式会社新着,株式会社M&N,大阪府大阪市生野区の柔道整復師・あはき師／恵鍼灸整骨院／株式会社,月給25万円～53万円,正社員,治療家,求人ボックス,https://xn--pckua2a7gp15o89zb.com/jb/88384edc6d6efe66e5a94bdb05ad137a,True,7時間前,2026-10-03 05:04:56,大阪府
大阪府守口市の機能訓練指導員／柔道整復師／社会福祉法人 清水福祉会新着,社会福祉法人清水福祉会 特別養護老人ホーム 鶴見...,大阪府守口市の機能訓練指導員／柔道整復師／社会福祉法人,"月給22万3,000円",正社員,治療家,求人ボックス,https://xn--pckua2a7gp15o89zb.com/jb/0766ffb07309d091b1edeb9d280075b1,True,6時間前,2026-10-03 05:04:56,大阪府
大阪府大阪市東成区のデイサービス機能訓練士／柔道整復師・あん摩マッサー...新着,株式会社あいおい介護サービス,大阪府大阪市東成区のデイサービス機能訓練士／柔道整復師・あん摩マッサー...,"月給29万5,000円",正社員,治療家,求人ボックス,https://xn--pckua2a7gp15o89zb.com/jb/2dec06e4a41a3748e70f5c1cededf2b4,True,6時間前,2026-10-03 05:04:56,大阪府
理美容系／医療・介護・福祉系 人気の新規院 柔道整復師／立ち上げ期のコ...新着,Re.M group株式会社,大阪府,月給30万円～50万円,正社員,治療家,求人ボックス,https://xn--pckua2a7gp15o89zb.com/jb/6706dcc1773f1fc8006ada9f03991681,True,17時間前,2026-10-03 05:04:56,大阪府
柔道整復師／四條畷駅徒歩すぐの鍼灸整骨院新着,はなまる鍼灸整骨院,大阪府,"時給1,231円～",アルバイト・パート,治療家,求人ボックス,https://xn--pckua2a7gp15o89zb.com/jb/743f3863e23bc3db77b990b4d6d7be41,True,11時間前,2026-10-03 05:04:56,大阪府
訪問マッサージ担当のあん摩マッサージ指圧師新着,やけの鍼灸整骨院,大阪府,月給26万円～40万円,正社員,治療家,求人ボックス,https://xn--pckua2a7gp15o89zb.com/jb/116e67961d082d2baa1f230f23051849,True,7時間前,2026-10-03 05:04:56,大阪府
「役員タクシードライバー」週3日勤務／普通免許で未経験からスタート／月収50万円以上・ボーナス年2回新着,柔道整復師,大阪府,"月給45万6,000円",正社員,治療家,求人ボックス,https://xn--pckua2a7gp15o89zb.com/jbn/f407cdd631fa2009d4569fffc1879c30,True,12時間前,2026-10-03 05:04:57,大阪府
タクシードライバー／「タレントやスポーツ選手等の送迎」週3日勤務／未経験OK・月収50万円以上新着,柔道整復師,大阪府,"月給47万6,000円",正社員,治療家,求人ボックス,https://xn--pckua2a7gp15o89zb.com/jbn/36ee55cfb430e42cd24781d561f17586,True,13時間前,2026-10-03 05:04:57,大阪府
「空港へのタクシードライバー」週3日勤務／普通免許で未経験OK／月収50万円以上・賞与2ヶ月分あり新着,柔道整復師,大阪府,"月給47万6,000円",正社員,治療家,求人ボックス,https://xn--pckua2a7gp15o89zb.com/jbn/6b0821df0cf67cb65fe1178f9a69f844,True,13時間前,2026-10-03 05:04:57,大阪府
著名人や企業役員のタクシードライバー「週3日勤務」未経験OK・月収40万円以上／ボーナス支給あり新着,柔道整復師,大阪府,"月給45万6,000円",正社員,治療家,求人ボックス,https://xn--pckua2a7gp15o89zb.com/jbn/64989cad3c225cc51f3b7607d3a701c1,True,12時間前,2026-10-03 05:04:57,大阪府
通所介護・デイサービス勤務の介護職／ヘルパー新着,デイサービス あじさい,大阪府,月給23万円～28万円,正社員,治療家,求人ボックス,https://xn--pckua2a7gp15o89zb.com/jb/a26b22b3e8ff160e44860ffc125b16e5,True,7時間前,2026-10-03 05:04:57,大阪府
「タクシードライバー」月収50万以上・未経験歓迎／週3勤務・普通免許のみOK・ボーナス2回新着,柔道整復師,大阪府,"月給47万6,000円",正社員,治療家,求人ボックス,https://xn--pckua2a7gp15o89zb.com/jbn/77a4083a2c518327f11a64c08a8e0146,True,10時間前,2026-10-03 05:04:57,大阪府
「タクシードライバー・夜勤」月50万以上可・未経験歓迎／寮・社宅完備／普免のみOK・ボーナスあり新着,柔道整復師,大阪府,"月給47万6,000円",正社員,治療家,求人ボックス,https://xn--pckua2a7gp15o89zb.com/jbn/1a855e28e74ad8fbbe5376fd519b96db,True,10時間前,2026-10-03 05:04:57,大阪府
タレント・芸能・観光客のタクシードライバー「週3日勤務」賞与年2回／初年度から月収50万円以上新着,...未経験からでも安心してプロドライバーを目指せる環境です。 【その他特徴】<前職例>製造/工場/ライン作業/生產管理/設備保全/製鋼/溶接クレーン・玉掛/金属加工/板金加工/板金塗装/警備員機械・,大阪府,"月給47万6,000円",正社員,治療家,求人ボックス,https://xn--pckua2a7gp15o89zb.com/jbn/6083f6250f0b279d8588d294097788fb,True,13時間前,2026-10-03 05:04:57,大阪府
「タクシードライバー・定期送迎」月収50万以上・未経験歓迎・普通免許のみOK・ボーナスあり新着,柔道整復師,大阪府,"月給45万6,000円",正社員,治療家,求人ボックス,https://xn--pckua2a7gp15o89zb.com/jbn/260ca6466b41f55088550e4d1e24eb7b,True,9時間前,2026-10-03 05:05:00,大阪府
「週3日勤務」普通免許でスタートできる役員タクシードライバー／週の残り4日はすべてあなたの自由時間新着,...キャリアアップも全面的にバックアップします。 【その他概要】<前職例>製造/工場/ライン作業/生產管理/設備保全/製鋼/溶接クレーン・玉掛/金属加工/板金加工/板金塗装/警備員機械・電気/倉庫内,大阪府,"月給47万6,000円",正社員,治療家,求人ボックス,https://xn--pckua2a7gp15o89zb.com/jbn/bc3af433e9f07b9be68d86fe2129ab84,True,13時間前,2026-10-03 05:05:00,大阪府
「著名人・企業タクシードライバー」月収40万以上・未経験歓迎／週3勤務・ボーナスあり新着,柔道整復師,大阪府,"月給45万6,000円",正社員,治療家,求人ボックス,https://xn--pckua2a7gp15o89zb.com/jbn/3d7c29b34a64c7ebe1170c7100d8884a,True,9時間前,2026-10-03 05:05:00,大阪府
介護管理職新着,ベストケア・デイサービスセンター駒川,大阪府,"月給29万9,500円",正社員,治療家,求人ボックス,https://xn--pckua2a7gp15o89zb.com/jb/27ef35c6e439e8b4f1d0b0dba8af2a93,True,22時間前,2026-10-03 05:05:00,大阪府
”地方”からの転職者多数／関東で経理アシスタント事務新着,株式会社OOQ,大阪府,"月給20万5,000円",正社員,経理,求人ボックス,https://xn--pckua2a7gp15o89zb.com/jb/6cfefa3c284435c26f7a0e8cbc949eb6,True,15時間前,2026-10-03 05:04:41,大阪府
経理・事務業務 ネット通販のバックヤード業務新着,株式会社soar,大阪府,"時給1,400円～1,600円",アルバイト・パート,経理,求人ボックス,https://xn--pckua2a7gp15o89zb.com/jb/46b969c3d7db32e343a55744aa8df33f,True,11時間前,2026-10-03 05:04:41,大阪府
東大阪 景観製品メーカーの経理事務新着,北勢工業株式会社,大阪府,"時給1,400円～1,600円",アルバイト・パート,経理,求人ボックス,https://xn--pckua2a7gp15o89zb.com/jb/a6fd54a2c8d6bc7e0e02b54bad23e213,True,18時間前,2026-10-03 05:04:41,大阪府
経理総務全般事務新着,株式会社雨堤商店,大阪府,月給25万円～27万,正社員,経理,求人ボックス,https://xn--pckua2a7gp15o89zb.com/jb/161c7bd64d84e477c1c507df041a3670,True,12時間前,2026-10-03 05:04:41,大阪府
経理事務／未経験OK 一生使えるスキルを身につけよう新着,株式会社テクニカル・ノア,大阪府,年収305万円～380万円,正社員,経理,求人ボックス,https://xn--pckua2a7gp15o89zb.com/jb/7498cfb512bb4ae297b0736bed31f5a5,True,9時間前,2026-10-03 05:04:42,大阪府
未経験OK／高1500円～大手Grで人気こつこつ経理事務 環境新着,経理・,大阪府,"時給1,500円～1,550円",派遣社員,経理,求人ボックス,https://xn--pckua2a7gp15o89zb.com/jb/f10663c959a3bcb86c90d1c64541f8ab,True,13時間前,2026-10-03 05:04:42,大阪府
総務や経理事務／正社員登用実績あり／残業ほぼなし／年間休日120日以上新着,サンワ株式会社,大阪府,"時給1,500円～1,800円",正社員,経理,求人ボックス,https://xn--pckua2a7gp15o89zb.com/jb/d5d4c29b1882c79e9f26181e68d929c7,True,14時間前,2026-10-03 05:04:45,大阪府
大阪府大阪市淀川区の経理事務／万佳 株式会社新着,万佳株式会社,大阪府大阪市淀川区の経理事務／万佳,"月給26万8,000円",正社員,経理,求人ボックス,https://xn--pckua2a7gp15o89zb.com/jb/b10809468953403390b4375070b9763d,True,7時間前,2026-10-03 05:04:45,大阪府
大阪府大阪市中央区の経理事務／急募／大阪本社／不動産管理・宅建士資格必...新着,株式会社アフロ,大阪府大阪市中央区の経理事務／急募／大阪本社／不動産管理・宅建士資格必...,月給22万円～25万円,正社員,経理,求人ボックス,https://xn--pckua2a7gp15o89zb.com/jb/bedc97c978f232e41c12b5e5f7d6e79b,True,5時間前,2026-10-03 05:04:45,大阪府
大阪府大阪市北区の経理事務／大阪新着,株式会社ウェルクリエイト,大阪府大阪市北区の経理事務／大阪,月給25万円,正社員,経理,求人ボックス,https://xn--pckua2a7gp15o89zb.com/jb/f2dd5a876af9eb7a923eaf20f85340cc,True,7時間前,2026-10-03 05:04:45,大阪府
大阪府豊中市の総務経理事務／共栄紙工業 株式会社新着,共栄紙工業株式会社,大阪府豊中市の総務経理事務／共栄紙工業,"月給20万5,000円",正社員,経理,求人ボックス,https://xn--pckua2a7gp15o89zb.com/jb/4393216ef5a6c87a1526a0750ec94462,True,6時間前,2026-10-03 05:04:48,大阪府
大阪府大阪市旭区の経理事務／一般事務／合同会社 都島自動車商会新着,合同会社都島自動車商会,大阪府大阪市旭区の経理事務／一般事務／合同会社,"月給21万5,000円",正社員,経理,求人ボックス,https://xn--pckua2a7gp15o89zb.com/jb/72e3db208694dbfe6f82fe260bb101f2,True,5時間前,2026-10-03 05:04:48,大阪府
経理事務+ 一般事務新着,株式会社リクルートスタッフィング,大阪府,"時給1,800円～",派遣社員,経理,求人ボックス,https://xn--pckua2a7gp15o89zb.com/jb/629321010cd57138b95360917a9d3186,True,20時間前,2026-10-03 05:04:48,大阪府
大阪府大阪市城東区の経理事務 急募／新日本タクシー城東 株式会社新着,新日本タクシー城東株式会社,大阪府大阪市城東区の経理事務,月給20万円～25万円,正社員,経理,求人ボックス,https://xn--pckua2a7gp15o89zb.com/jb/0ab122cfb74a5868c6b6f67571967111,True,5時間前,2026-10-03 05:04:48,大阪府
大阪府泉南市の事務職／経理事務／医療法人 晴心会 野上病院新着,医療法人晴心会 野上病院,大阪府泉南市の事務職／経理事務／医療法人,"月給22万2,929円",正社員,経理,求人ボックス,https://xn--pckua2a7gp15o89zb.com/jb/215165593cbcba097a02394b4bf8dfff,True,5時間前,2026-10-03 05:04:52,大阪府
大阪府大阪市阿倍野区の経理事務一般新着,株式会社ニチダン,大阪府大阪市阿倍野区の経理事務一般,月給24万円～30万円,正社員,経理,求人ボックス,https://xn--pckua2a7gp15o89zb.com/jb/e32a71748b255fe965ccb86a3ba8861d,True,7時間前,2026-10-03 05:04:52,大阪府
大阪府大阪市中央区の営業事務、経理事務新着,株式会社日化工ポリマー,大阪府大阪市中央区の営業事務、経理事務,"月給20万5,000円",正社員,経理,求人ボックス,https://xn--pckua2a7gp15o89zb.com/jb/0758aa5b2ba3deae853c2f2e3cc53437,True,7時間前,2026-10-03 05:04:52,大阪府
人事や経理に関するサポート事務／高槻新着,リバティー株式会社,大阪府,"時給1,550円",派遣社員,経理,求人ボックス,https://xn--pckua2a7gp15o89zb.com/jb/fada1a742c9b48651f0ad7cd2e6a7a5a,True,13時間前,2026-10-03 05:04:54,大阪府
大阪府松原市の総務・経理事務／大阪市近郊／駅チカ／転勤なし／コーマ新着,コーマ株式会社,大阪府松原市の総務・経理事務／大阪市近郊／駅チカ／転勤なし／コーマ,月給23万円～26万円,正社員,経理,求人ボックス,https://xn--pckua2a7gp15o89zb.com/jb/06c3cdd182f98218aa498ae334ce26b5,True,5時間前,2026-10-03 05:04:54,大阪府
大阪府茨木市の総務経理事務／面接会専用新着,かね徳水産株式会社,大阪府茨木市の総務経理事務／面接会専用,"月給23万2,400円",正社員,経理,求人ボックス,https://xn--pckua2a7gp15o89zb.com/jb/5ba12a1e5d27ff5ac755fb56ede02797,True,5時間前,2026-10-03 05:04:54,大阪府
大阪府堺市堺区の経理事務／昭南機工 株式会社新着,昭南機工株式会社,大阪府堺市堺区の経理事務／昭南機工,月給28万円～39万円,正社員,経理,求人ボックス,https://xn--pckua2a7gp15o89zb.com/jb/b7043cd537f225790d0cc6bb371d4082,True,5時間前,2026-10-03 05:04:57,大阪府
大阪府大阪市北区の総務・経理・運営事務／経営者コミュニティ事務局新着,株式会社リードアクション,大阪府大阪市北区の総務・経理・運営事務／経営者コミュニティ事務局,月給25万円～40万円,正社員,経理,求人ボックス,https://xn--pckua2a7gp15o89zb.com/jb/94e07f4eceff1bef2581885480655749,True,6時間前,2026-10-03 05:04:57,大阪府
経理・財務 ／ 一般事務・OA事務／賞与3ヶ月分 手当充実 経理新着,パーソルテンプスタッフ株式会社,大阪府,"時給1,550円",派遣社員,経理,求人ボックス,https://xn--pckua2a7gp15o89zb.com/jb/d27ec3bad616550fa966ae6427110f69,True,16時間前,2026-10-03 05:04:57,大阪府
高時給1500円。経験を活かすチャンス。長期勤務可能。経理事務新着,株式会社テクノサービス,大阪府,時給1500円,派遣社員,経理,求人ボックス,https://xn--pckua2a7gp15o89zb.com/jb/fb6cde6439739e56f169e35c7ad2e868,True,21時間前,2026-10-03 05:05:01,大阪府
経理・財務 ／ 一般事務・OA事務／日次経理経験×簿記3級あればOK新着,経理・,大阪府,年収420万円～560万円,正社員,経理,求人ボックス,https://xn--pckua2a7gp15o89zb.com/jb/b147848db9838db8b6a1bd6973825aaf,True,19時間前,2026-10-03 05:05:01,大阪府
経理事務／ピタッと17時まで!高時給1450円 会計ソフト入力など新着,株式会社スタッフサービス,大阪府,時給1450円,派遣社員,経理,求人ボックス,https://xn--pckua2a7gp15o89zb.com/jb/532f36b8d444590d9bdf0ca8215c0902,True,16時間前,2026-10-03 05:05:05,大阪府
食品メーカー 仕訳・経費確認などの経理事務新着,マンパワーグループ株式会社,大阪府,"時給1,700円",派遣社員,経理,求人ボックス,https://xn--pckua2a7gp15o89zb.com/jb/f55f943bbacf2ddaa91ebb459ad6c8aa,True,2時間前,2026-10-03 05:05:05,大阪府
大阪府大阪市西成区の経理事務／財務・経理選任スタッフ、主任候補新着,社会医療法人山紀会 山本第一病院,大阪府大阪市西成区の経理事務／財務・経理選任スタッフ、主任候補,"月給22万6,400円",正社員,経理,求人ボックス,https://xn--pckua2a7gp15o89zb.com/jb/26c275eb2f3f38dbf7b34d6c36fcd3dc,True,7時間前,2026-10-03 05:05:09,大阪府
輸送会社での総務・経理事務／土日祝休新着,コーラルシッピング株式会社,大阪府,"月給23万9,250円",正社員,経理,求人ボックス,https://xn--pckua2a7gp15o89zb.com/jb/6f7cdddea7fc4ac4e0c1988d2d911c44,True,2時間前,2026-10-03 05:05:09,大阪府
数字や日付を入力するシンプル作業が中心!未経験から始める経理サポートの...新着,事務,大阪府,"月給25万3,000円",正社員,経理,求人ボックス,https://xn--pckua2a7gp15o89zb.com/jbn/14a65e9dc915c9b5fada987247affb93,True,11時間前,2026-10-03 05:05:09,大阪府
経理・財務 ／ 一般事務・OA事務／30代活躍 大阪なんば徒歩5分新着,経理・,大阪府,年収350万円～420万円,正社員,経理,求人ボックス,https://xn--pckua2a7gp15o89zb.com/jb/50bcfca741ee21438281c7b794d93914,True,19時間前,2026-10-03 05:05:09,大阪府
介護施設の看護師／医療行為少なめ オンコールなし&残業なしなど好条件多...新着,株式会社グッドネクスト,大阪府,"時給1,950円～2,700円",派遣社員,看護,求人ボックス,https://xn--pckua2a7gp15o89zb.com/jb/8738be0ca00a496c0125ad02e5de16d0,True,23時間前,2026-10-03 05:04:54,大阪府
看護師／駅チカ／勤務は17:00まで!福利厚生もご用意／入職お祝い金を...新着,藤本病院訪問看護ステーション,大阪府,"月給26万1,700円",正社員,看護,求人ボックス,https://xn--pckua2a7gp15o89zb.com/jb/d42b4255321e7c0f003296a99fefee58,True,13時間前,2026-10-03 05:04:54,大阪府
准看護師／週2日程度&扶養内勤務可／勤務は9:00～17:15新着,みなとデイサービスセンター,大阪府,"時給1,670円～1,750円",アルバイト・パート,看護,求人ボックス,https://xn--pckua2a7gp15o89zb.com/jb/061ab8aba156a3d959c2e17825aa2bfc,True,19時間前,2026-10-03 05:04:55,大阪府
看護正社員 正看護師・日勤のみ／残業ほぼナシ プライベート充実しやすい新着,株式会社メディカルケア飛鳥,大阪府,月給40万円,正社員,看護,求人ボックス,https://xn--pckua2a7gp15o89zb.com/jbn/0244bd787f50c6810cac85f146275b3e,True,23時間前,2026-10-03 05:04:55,大阪府
夜勤専従の看護師募集新着,株式会社MSC,大阪府,"日給2万3,000円",アルバイト・パート,看護,求人ボックス,https://xn--pckua2a7gp15o89zb.com/jb/9eefe10219658071785269d42c927fec,True,3時間前,2026-10-03 05:04:59,大阪府
手術室看護師募集新着,堺平成病院,大阪府,"月給28万7,000円",正社員,看護,求人ボックス,https://xn--pckua2a7gp15o89zb.com/jb/df66f746dfa1dfbccdb58c4ebe59fb10,True,4時間前,2026-10-03 05:04:59,大阪府
看護師新着,整形外科すずきクリニック,大阪府,"時給2,000円～",アルバイト・パート,看護,求人ボックス,https://xn--pckua2a7gp15o89zb.com/jb/218afe881df178be213754dc1dc995a9,True,11時間前,2026-10-03 05:05:03,大阪府
20～30代活躍中／看護師免許必須 泉南市内の看護師 未経験OK新着,株式会社ゲートフォース,大阪府,月給26万円～33万円,正社員,看護,求人ボックス,https://xn--pckua2a7gp15o89zb.com/jb/bff6bf04cff2a6842eb51e86620d8868,True,13時間前,2026-10-03 05:05:08,大阪府
老人ホーム内訪問の正看護師新着,株式会社アークコーポレーション,大阪府,月給33万円～,正社員,看護,求人ボックス,https://xn--pckua2a7gp15o89zb.com/jb/f3d8abaa5a4e27c4326e06efbb0d4a55,True,22時間前,2026-10-03 05:05:08,大阪府
正看護師・准看護師／訪問看護 2交代新着,株式会社スーパー・コート,大阪府,月給37万円,正社員,看護,求人ボックス,https://xn--pckua2a7gp15o89zb.com/jb/942dfdd8ac8333edaecc9292b8c4c43e,True,8時間前,2026-10-03 05:05:08,大阪府
社会保険完備の職場で看護師／准看護師新着,まつとかえでの保育園,大阪府,"時給1,400円～1,950円",アルバイト・パート,看護,求人ボックス,https://xn--pckua2a7gp15o89zb.com/jb/3f4e637b41eae297d2a06a13392125fa,True,7時間前,2026-10-03 05:05:13,大阪府
大阪府大阪市淀川区の看護師、准看護師新着,高田医院 整形外科・内科,大阪府大阪市淀川区の看護師、准看護師,"月給26万8,500円",正社員,看護,求人ボックス,https://xn--pckua2a7gp15o89zb.com/jb/c3928f5bd8911cbb8f189a065f1d5fc2,True,7時間前,2026-10-03 05:05:13,大阪府
社会保険完備の職場で看護師／准看護師新着,訪問看護ステーション ユースフル寝屋川,大阪府,月給33万円～,正社員,看護,求人ボックス,https://xn--pckua2a7gp15o89zb.com/jb/70131f5f6342609e0016b32935bc40e8,True,7時間前,2026-10-03 05:05:16,大阪府
大阪府堺市西区の病棟看護師／医療法人 達瑛会 鳳胃腸病院新着,医療法人達瑛会 鳳胃腸病院,大阪府堺市西区の病棟看護師／医療法人,"月給24万4,500円",正社員,看護,求人ボックス,https://xn--pckua2a7gp15o89zb.com/jb/78296c758a34145a723eb3268953895e,True,5時間前,2026-10-03 05:05:16,大阪府
大阪府大東市の看護師／かんたき大東／一人ひとりに寄り添った看護ケア新着,株式会社ISEIKAI,大阪府大東市の看護師／かんたき大東／一人ひとりに寄り添った看護ケア,"月給23万1,300円",正社員,看護,求人ボックス,https://xn--pckua2a7gp15o89zb.com/jb/87d1d6ec345082983ee02fbf1bce92e0,True,7時間前,2026-10-03 05:05:20,大阪府
正看護師・看護師／准看護師募集、副業OK新着,阪神訪問看護,大阪府,"時給2,000円",アルバイト・パート,看護,求人ボックス,https://xn--pckua2a7gp15o89zb.com/jb/b66b0bb6192cd1511227353626a080f0,True,7時間前,2026-10-03 05:05:23,大阪府
大阪府高石市の看護師／11／26泉北就職情報フェア対象新着,サニーウェルネス株式会社,大阪府高石市の看護師／11／26泉北就職情報フェア対象,月給30万円～35万円,正社員,看護,求人ボックス,https://xn--pckua2a7gp15o89zb.com/jb/238e43492478f719967cfbcc1fcf917e,True,6時間前,2026-10-03 05:05:27,大阪府
日払い可能!小型の配送ドライバー／運べば運ぶほど稼げる 面接1回新着,Jルート株式会社,大阪府,月給50万円～100万円,,ドライバー,求人ボックス,https://xn--pckua2a7gp15o89zb.com/jb/72d5a9db6b50063455995ba9699f6faf,True,6時間前,2026-10-03 05:05:04,大阪府
月収46万以上の高収入!4t車で一般貨物ドライバー兼フォークオペレータ...新着,株式会社ドライブトライブ,大阪府,"日給1万9,420円",派遣社員,ドライバー,求人ボックス,https://xn--pckua2a7gp15o89zb.com/jb/0b5a0527c1f7b076823ad9e0f531d0f3,True,18時間前,2026-10-03 05:05:04,大阪府
企業向け貨物の2tルート配送ドライバー／本日のミッション:最短ルートで...新着,丸大通商株式会社,大阪府,月給25万円～35万円,正社員,ドライバー,求人ボックス,https://xn--pckua2a7gp15o89zb.com/jb/54f6ab0de61885629558ec6b351d9957,True,18時間前,2026-10-03 05:05:05,大阪府
「賞与年2回×月収35万〜可能」近距離の中型トラックドライバー新着,司関西株式会社,大阪府,月給32万円～40万円,正社員,ドライバー,求人ボックス,https://xn--pckua2a7gp15o89zb.com/jbn/c8f4c59fd4b865bf60bba3bd77cdfbbb,True,22時間前,2026-10-03 05:05:10,大阪府
引越しドライバー／未経験歓迎／日曜休みOK新着,中尾運輸株式会社,大阪府,月給27万円～32万円,正社員,ドライバー,求人ボックス,https://xn--pckua2a7gp15o89zb.com/jb/a7bdfd597312c4996de0eaf19ba75a2b,True,10時間前,2026-10-03 05:05:14,大阪府
タクシードライバー／「経営者の専属運転手」月収50万以上・週3勤務新着,ドライバー,大阪府,"月給45万6,000円",正社員,ドライバー,求人ボックス,https://xn--pckua2a7gp15o89zb.com/jbn/f31d1ed64e28c9eab47c2a1b3bd8c314,True,9時間前,2026-10-03 05:05:14,大阪府
10トントラックの長距離配送ドライバー／未経験歓迎／日曜休みOK新着,有限会社ニューテック,大阪府,月給37万円～60万円,正社員,ドライバー,求人ボックス,https://xn--pckua2a7gp15o89zb.com/jb/87bd40412c0b1c9dd856d4e2d5cdc5f0,True,10時間前,2026-10-03 05:05:17,大阪府
タクシードライバー「週3勤務」月収50万以上可／普通免許1年でOK新着,<関連職種>役員運転手/送迎,大阪府,"月給47万6,000円",正社員,ドライバー,求人ボックス,https://xn--pckua2a7gp15o89zb.com/jbn/c406e8cb972a0839170dbbe9f12088d8,True,10時間前,2026-10-03 05:05:17,大阪府
「VIP・タクシードライバー」1年目で年収600万・週3勤務新着,<仕事内容>企業役員やVIPのお客様を送迎する、落ち着いて取り組める,大阪府,"月給47万6,000円",正社員,ドライバー,求人ボックス,https://xn--pckua2a7gp15o89zb.com/jbn/47f97d61c3515b2507886fb1c96622f7,True,10時間前,2026-10-03 05:05:17,大阪府
「夜勤・タクシードライバー」月収50万以上・履歴書不要／普通免許でOK新着,ドライバー,大阪府,"月給47万6,000円",正社員,ドライバー,求人ボックス,https://xn--pckua2a7gp15o89zb.com/jbn/32e8c79bc0540c6c511322a51cb334b5,True,10時間前,2026-10-03 05:05:21,大阪府
「空港へのタクシードライバー」週3日勤務／普通免許で未経験OK新着,ドライバー,大阪府,"月給45万6,000円",正社員,ドライバー,求人ボックス,https://xn--pckua2a7gp15o89zb.com/jbn/0a18cc21fd9f65728a8324adb4eb907b,True,12時間前,2026-10-03 05:05:25,大阪府
タクシードライバー／未経験でも平均月収40万円／週3から可能新着,新東宝タクシー株式会社西堤,大阪府,月給25万円～55万円,正社員,ドライバー,求人ボックス,https://xn--pckua2a7gp15o89zb.com/jb/4679eed2ad9995c75ca762fbec53b91e,True,10時間前,2026-10-03 05:05:25,大阪府
タクシードライバー／未経験歓迎／週3から可能／年2回の賞与あり新着,北港タクシー株式会社,大阪府,月給25万円～50万円,正社員,ドライバー,求人ボックス,https://xn--pckua2a7gp15o89zb.com/jb/bcf1a7d7045de05f8174c627e5c965b7,True,10時間前,2026-10-03 05:05:25,大阪府
タクシードライバー／未経験歓迎／週3から可能／年2回の賞与あり新着,新梅田交通株式会社,大阪府,月給25万円～50万円,正社員,ドライバー,求人ボックス,https://xn--pckua2a7gp15o89zb.com/jb/d99379fe0d6fdffa168de15408de50de,True,10時間前,2026-10-03 05:05:32,大阪府
「正社員」週3勤務のタクシードライバー／未経験者活躍中／年収500万円...新着,ドライバー,大阪府,"月給47万6,000円",正社員,ドライバー,求人ボックス,https://xn--pckua2a7gp15o89zb.com/jbn/1dcb9dfeb94a09560e0a151944bc58c8,True,10時間前,2026-10-03 05:05:32,大阪府
タクシードライバー／未経験歓迎／週3から可能／年2回の賞与あり新着,新泉北タクシー株式会社,大阪府,月給25万円～50万円,正社員,ドライバー,求人ボックス,https://xn--pckua2a7gp15o89zb.com/jb/8d1cb698f54b6b84eb14fdb43bd4a0f3,True,10時間前,2026-10-03 05:05:32,大阪府
タクシードライバー／未経験歓迎／週3から可能／年2回の賞与あり新着,近畿タクシー株式会社,大阪府,月給25万円～50万円,正社員,ドライバー,求人ボックス,https://xn--pckua2a7gp15o89zb.com/jb/11f0d298c90f1c5200bcb523fb557d8c,True,10時間前,2026-10-03 05:05:36,大阪府
タクシードライバー／未経験歓迎／週3から可能／年2回の賞与あり新着,新東宝タクシー株式会社,大阪府,月給25万円～55万円,正社員,ドライバー,求人ボックス,https://xn--pckua2a7gp15o89zb.com/jb/bfb70c5c410e4512d14ba7840b211b4e,True,10時間前,2026-10-03 05:05:39,大阪府
中型トラックでの乳製品配送ドライバー／未経験歓迎／日曜休みOK新着,直販配送株式会社,大阪府,月給24万円～,正社員,ドライバー,求人ボックス,https://xn--pckua2a7gp15o89zb.com/jb/a53eca8b52d20ba9b15b4094f30dfd2e,True,10時間前,2026-10-03 05:05:39,大阪府
2トン車での住宅資材配送ドライバー／未経験歓迎／日曜休みOK新着,株式会社オークラロジ,大阪府,月給23万円～30万円,正社員,ドライバー,求人ボックス,https://xn--pckua2a7gp15o89zb.com/jb/429910a0c3884f35fd7884412ae8da5d,True,10時間前,2026-10-03 05:05:39,大阪府
「愛知県勤務」警備員／新生活応援／家具・家電付の社宅完備新着,セキュリティスタッフ株式会社,大阪府,月給24万円～38万,正社員,警備,求人ボックス,https://xn--pckua2a7gp15o89zb.com/jb/65dd3a1f44810a63d251a58eb18cbf5e,True,4時間前,2026-10-03 05:05:13,大阪府
製油工場の施設警備員新着,株式会社アルゴセキュリティー,大阪府,日給2万180円,正社員,警備,求人ボックス,https://xn--pckua2a7gp15o89zb.com/jb/934cb036a4a012022bf2e9801e4e1227,True,10時間前,2026-10-03 05:05:13,大阪府
常駐警備員／11月開始オープニング募集／当務で稼げる／10時スタート新着,セキュリナ・セキュリティー・サービス株式会社,大阪府,"日給2万1,450円",アルバイト・パート,警備,求人ボックス,https://xn--pckua2a7gp15o89zb.com/jb/f9efa520a0d267680116ba0979d58b6e,True,12時間前,2026-10-03 05:05:13,大阪府
大阪府大阪市西区の交通警備員／夜間／株式会社 アスク新着,株式会社アスク,大阪府大阪市西区の交通警備員／夜間／株式会社,"月給26万7,500円",正社員,警備,求人ボックス,https://xn--pckua2a7gp15o89zb.com/jb/2360b7615cc8d8e6fe9579165bd35222,True,5時間前,2026-10-03 05:05:13,大阪府
商業施設での車両誘導・交通誘導警備員新着,株式会社安全警備,大阪府,"時給1,300円",契約社員,警備,求人ボックス,https://xn--pckua2a7gp15o89zb.com/jb/c1682408ac87ece9d5512b73c0c7017c,True,6時間前,2026-10-03 05:05:13,大阪府
大阪府茨木市の施設警備員近畿事業本部新着,株式会社スリーエス,大阪府茨木市の施設警備員近畿事業本部,"月給21万4,963円",正社員,警備,求人ボックス,https://xn--pckua2a7gp15o89zb.com/jb/5a94c3ca6e7593241bdcbfaed95601cd,True,7時間前,2026-10-03 05:05:13,大阪府
大阪府堺市西区の警備員／安全監視員／株式会社 サン・レインボー新着,株式会社サン・レインボー,大阪府堺市西区の警備員／安全監視員／株式会社,"月給21万2,717円",正社員,警備,求人ボックス,https://xn--pckua2a7gp15o89zb.com/jb/75b9ff06e4411c8d1c18fffa21346a69,True,6時間前,2026-10-03 05:05:13,大阪府
警備員 京都橘大学新着,株式会社日経サービス,大阪府,"月給25万7,930円",正社員,警備,求人ボックス,https://xn--pckua2a7gp15o89zb.com/jb/8b1f7346aae0a7c7d03bcdcdc0929056,True,12時間前,2026-10-03 05:05:13,大阪府
警備員、施設警備新着,国際セーフティー株式会社,大阪府,日給2万927円,正社員,警備,求人ボックス,https://xn--pckua2a7gp15o89zb.com/jb/71e4080860ad700923deb6233bd65938,True,4時間前,2026-10-03 05:05:14,大阪府
「異業種からの転職歓迎」タクシードライバー／週3勤務／月収50万以上新着,警備・,大阪府,"月給45万6,000円",正社員,警備,求人ボックス,https://xn--pckua2a7gp15o89zb.com/jbn/c56c61e34cad03a0ce13964bb08662ac,True,9時間前,2026-10-03 05:05:14,大阪府
専属ドライバー「普通免許のみ」／予約が中心／年収600万円以上／未経験でも高収入新着,...チームワークを大切にしながら現場をまとめるお仕事です。「コツコツ取り組む仕事が好き」「スケジュール通りに進めると達成感がある」という行動力のある方を募集しています。倉庫軽作業、配送ドライバー、,大阪府,月給50万円～80万円,正社員,警備,求人ボックス,https://xn--pckua2a7gp15o89zb.com/jbn/fcf7e44f10ebcac758fa2b83223224bb,True,10時間前,2026-10-03 05:05:14,大阪府
ドライバー職「普通免許のみ」／タクシードライバー／未経験でも高収入／予約が中心／週3出勤新着,...チームワークを大切にしながら現場をまとめるお仕事です。「コツコツ取り組む仕事が好き」「スケジュール通りに進めると達成感がある」という行動力のある方を募集しています。倉庫軽作業、配送ドライバー、,大阪府,月給50万円～80万円,正社員,警備,求人ボックス,https://xn--pckua2a7gp15o89zb.com/jbn/7d385f161a3e0226d8dc26f1807262bb,True,10時間前,2026-10-03 05:05:14,大阪府
デスクワーク／未経験OK／第二新卒歓迎／福利厚生充実／教育体制あり／完全週休2日制新着,株式会社ホワイトキャリア,大阪府,"月給22万5,000円",正社員,警備,求人ボックス,https://xn--pckua2a7gp15o89zb.com/jbn/235e7f2f7eade3164ba1a05429b33d4a,True,6時間前,2026-10-03 05:05:14,大阪府
専属ドライバー「普通免許のみ」／予約が中心／タクシードライバー／未経験でも高収入新着,...チームワークを大切にしながら現場をまとめるお仕事です。「コツコツ取り組む仕事が好き」「スケジュール通りに進めると達成感がある」という行動力のある方を募集しています。倉庫軽作業、配送ドライバー、,大阪府,月給50万円～80万円,正社員,警備,求人ボックス,https://xn--pckua2a7gp15o89zb.com/jbn/26ba543a07742617689e236b697d0c17,True,10時間前,2026-10-03 05:05:14,大阪府
「高収入」タクシー運転手「普通免許のみ」／年収600万円以上／ドライバー／週3出勤／予約が中心新着,...チームワークを大切にしながら現場をまとめるお仕事です。「コツコツ取り組む仕事が好き」「スケジュール通りに進めると達成感がある」という行動力のある方を募集しています。倉庫軽作業、配送ドライバー、,大阪府,月給45万円～80万円,正社員,警備,求人ボックス,https://xn--pckua2a7gp15o89zb.com/jbn/78f712668108b83f873a5027e6f4ae59,True,10時間前,2026-10-03 05:05:14,大阪府
ハイヤー運転手「普通免許のみ」／未経験でも高収入／ドライバー／年収600万円以上／予約が中心新着,未経験OK,大阪府,月給45万円～80万円,正社員,警備,求人ボックス,https://xn--pckua2a7gp15o89zb.com/jbn/5400bb4df04908750e5fe0825ddcf41d,True,10時間前,2026-10-03 05:05:17,大阪府
大阪府箕面市の監視センター 管制員大阪本部新着,セコム株式会社,大阪府箕面市の監視センター,月給27万円～31万,正社員,警備,求人ボックス,https://xn--pckua2a7gp15o89zb.com/jb/d7053899cd4b8b90b7f578d73be486f5,True,7時間前,2026-10-03 05:05:17,大阪府
オフィスビルの外周警備新着,株式会社ケービーエス,大阪府,月給24万円,契約社員,警備,求人ボックス,https://xn--pckua2a7gp15o89zb.com/jb/0d4a07c7dec417e70d6930db8f6e885b,True,12時間前,2026-10-03 05:05:17,大阪府
駐車場誘導警備／未経験OK !入社祝い金最大20万円新着,ケイサーチ,大阪府,"月給22万8,800円",契約社員,警備,求人ボックス,https://xn--pckua2a7gp15o89zb.com/jb/4b940cefc026e398a8baaae93003cf4b,True,22時間前,2026-10-03 05:05:17,大阪府
「著名人のタクシードライバー」未経験OK・月収50万円以上／週3日勤務／20代～50代が多数活躍中新着,警備員,大阪府,"月給45万6,000円",正社員,警備,求人ボックス,https://xn--pckua2a7gp15o89zb.com/jbn/99323b36718b0002382dd072d0be951f,True,13時間前,2026-10-03 05:05:17,大阪府
入所介護福祉士・社会保険完備の職場で介護職／ヘルパー新着,西中老健ヴィーブルジョワ,大阪府,"月給23万8,500円",正社員,警備,求人ボックス,https://xn--pckua2a7gp15o89zb.com/jb/b7b4942c77d2013882714af744e26f3f,True,7時間前,2026-10-03 05:05:17,大阪府
倍野区阿倍野筋エリアの大型商業施設の清掃員急募新着,東急ビルメンテナンス株式会社,大阪府,"時給1,250円",アルバイト・パート,警備,求人ボックス,https://xn--pckua2a7gp15o89zb.com/jb/fa00b7822295b81f3c3c273c02793b6f,True,9時間前,2026-10-03 05:05:20,大阪府
「夜勤・アプリ配車タクシードライバー」二種免許不要／月収40万以上／未経験歓迎新着,警備員,大阪府,"月給45万6,000円",正社員,警備,求人ボックス,https://xn--pckua2a7gp15o89zb.com/jbn/5f01efb68114836cbc19776e04d0a943,True,9時間前,2026-10-03 05:05:20,大阪府
「アプリ配車タクシードライバー・週3勤務」20代活躍中／月収40万以上／普通免許でOK新着,警備員,大阪府,"月給45万6,000円",正社員,警備,求人ボックス,https://xn--pckua2a7gp15o89zb.com/jbn/8f69a81d58ba84eeb434c8728b9bf533,True,9時間前,2026-10-03 05:05:20,大阪府
「夜勤・タクシードライバー」急募／月収50万以上・20代活躍中／普通免許でOK新着,警備員,大阪府,"月給47万6,000円",正社員,警備,求人ボックス,https://xn--pckua2a7gp15o89zb.com/jbn/505b2e8b494e72926c98d5b11d5c0306,True,10時間前,2026-10-03 05:05:20,大阪府
著名人や企業役員のタクシードライバー「週3日勤務」未経験OK・月収40万円以上／ボーナス支給あり新着,警備員,大阪府,"月給47万6,000円",正社員,警備,求人ボックス,https://xn--pckua2a7gp15o89zb.com/jbn/23171ceebe45767f6d3bf77d6252ce03,True,13時間前,2026-10-03 05:05:24,大阪府
「夜勤」著名人やモデル・タレントのタクシードライバー／学歴不問・普通免許でOK／資格取得支援あり新着,警備員,大阪府,"月給47万6,000円",正社員,警備,求人ボックス,https://xn--pckua2a7gp15o89zb.com/jbn/ed4222506d12f37eb379ece7d42058d3,True,13時間前,2026-10-03 05:05:24,大阪府
施設警備スタッフ／学歴不問／未経験歓迎新着,東洋テック株式会社,大阪府,"月給21万3,900円",正社員,警備,求人ボックス,https://xn--pckua2a7gp15o89zb.com/jb/8ac187088a7e9eb738a5d89b485740eb,True,19時間前,2026-10-03 05:05:24,大阪府
「夜勤・空港タクシードライバー」月収50万以上・ボーナスあり／普通免許のみOK新着,警備員,大阪府,"月給47万6,000円",正社員,警備,求人ボックス,https://xn--pckua2a7gp15o89zb.com/jbn/ec5ab9ba35780d83abffbafbc5601170,True,10時間前,2026-10-03 05:05:27,大阪府
「VIP送迎中心」夜勤タクシードライバー／年収600万円以上／賞与年2回新着,1年目/29歳:560万円(元,大阪府,"月給45万6,000円",正社員,警備,求人ボックス,https://xn--pckua2a7gp15o89zb.com/jbn/adbfa4f2a619c46a746ebf63c9fe8cf2,True,9時間前,2026-10-03 05:05:27,大阪府
日勤 07:00～19:00他 現場固定 お笑い芸人を使った動画で研修充実!未経験スタート応援新着,SPD株式会社,大阪府,"日給1万1,400円",アルバイト・パート,警備,求人ボックス,https://xn--pckua2a7gp15o89zb.com/jb/046396bb5c250c3f3d447964f4b91ee3,True,14時間前,2026-10-03 05:05:31,大阪府
週3勤務のタクシードライバー／普通免許だけで応募OK／予約中心で落ち着いて働ける／賞与年2回新着,警備員,大阪府,"月給47万7,000円",正社員,警備,求人ボックス,https://xn--pckua2a7gp15o89zb.com/jbn/9f7316c23b72d3e74acd90515c712573,True,11時間前,2026-10-03 05:05:31,大阪府
週3勤務のタクシードライバー／普通免許OK／未経験から正社員へ／履歴書不要／賞与年2回新着,警備員,大阪府,"月給47万7,000円",正社員,警備,求人ボックス,https://xn--pckua2a7gp15o89zb.com/jbn/98462b7721a189c280e34cd9384a17bd,True,11時間前,2026-10-03 05:05:31,大阪府
タクシードライバー／週3勤務／異業種からの転職歓迎新着,<年収例>入社1年目/29歳:年収560万円(前職:,大阪府,"月給45万8,000円",正社員,警備,求人ボックス,https://xn--pckua2a7gp15o89zb.com/jbn/88077960971508d2923ca897a9958298,True,10時間前,2026-10-03 05:05:38,大阪府
「週3日勤務で年収600万円も可能」タクシードライバー／普通免許のみOK／未経験歓迎／賞与年2回新着,<年収例>・1年目/29歳:560万円(元,大阪府,"月給40万7,400円",正社員,警備,求人ボックス,https://xn--pckua2a7gp15o89zb.com/jbn/84f77ba5684f9eb7db8bf1da823f89c0,True,11時間前,2026-10-03 05:05:38,大阪府
タクシードライバー／普通免許のみで応募OK／週3日勤務／賞与あり／高収入実現可能新着,警備,大阪府,"月給40万6,000円",正社員,警備,求人ボックス,https://xn--pckua2a7gp15o89zb.com/jbn/4f3b355917f945d565e05257407105f0,True,11時間前,2026-10-03 05:05:42,大阪府
「コツコツ派にぴったり!」アロマオイルの製造スタッフ／年間休日130日...新着,製造,大阪府,"月給30万8,890円",正社員,製造,求人ボックス,https://xn--pckua2a7gp15o89zb.com/jbn/044fd667ef583f3c2516b7300a2303c4,True,15時間前,2026-10-03 05:05:32,大阪府
「手に職をつけるチャンス!」サブスクボックス同梱グッズの製造スタッフ新着,製造,大阪府,"月給30万7,170円",正社員,製造,求人ボックス,https://xn--pckua2a7gp15o89zb.com/jbn/bad9785a382dc0dfac9faca0be868516,True,14時間前,2026-10-03 05:05:32,大阪府
「正社員デビュー歓迎!」／クレーンゲーム景品ぬいぐるみの製造スタッフ新着,製造,大阪府,"月給40万9,000円",正社員,製造,求人ボックス,https://xn--pckua2a7gp15o89zb.com/jbn/06ae0bfeff24b5acb2f6066626e161b5,True,13時間前,2026-10-03 05:05:35,大阪府
「未経験から始める工場ワーク!」ゲームグッズづくりの製造スタッフ新着,製造,大阪府,"月給30万9,240円",正社員,製造,求人ボックス,https://xn--pckua2a7gp15o89zb.com/jbn/7e819bae8c7b7d612dcb6b34c08a1f32,True,15時間前,2026-10-03 05:05:35,大阪府
「フリーターから正社員へ!」アニメグッズづくりの製造スタッフ新着,製造,大阪府,"月給31万8,850円",正社員,製造,求人ボックス,https://xn--pckua2a7gp15o89zb.com/jbn/b1acc9d39b81a5c25bdb6ef47eeb453a,True,15時間前,2026-10-03 05:05:37,大阪府
「黙々と集中したい方に!」モバイルバッテリーづくりの製造スタッフ新着,製造,大阪府,"月給30万3,880円",正社員,製造,求人ボックス,https://xn--pckua2a7gp15o89zb.com/jbn/4ae30cde6538837547a055e038ce3f74,True,14時間前,2026-10-03 05:05:37,大阪府
「モクモク作業が好きな方へ!」シールグッズの製造スタッフ／年間休日13...新着,製造,大阪府,"月給30万1,910円",正社員,製造,求人ボックス,https://xn--pckua2a7gp15o89zb.com/jbn/99ef55d217e219ffaca7c991994244f1,True,14時間前,2026-10-03 05:05:41,大阪府
「コツコツ派にぴったり!」カメラアクセサリーづくりの製造スタッフ新着,製造,大阪府,"月給31万3,260円",正社員,製造,求人ボックス,https://xn--pckua2a7gp15o89zb.com/jbn/882a8d14d3b7383e012ffbd42add1886,True,15時間前,2026-10-03 05:05:48,大阪府
「モクモク作業が好きな方へ!」マカロンの製造スタッフ／髪型自由新着,製造,大阪府,"月給31万7,170円",正社員,製造,求人ボックス,https://xn--pckua2a7gp15o89zb.com/jbn/cf1acdfaba0b143c607a539c8024b2dd,True,15時間前,2026-10-03 05:05:52,大阪府
お餅製造工場スタッフ／スピード採用新着,MY BASE株式会社,大阪府,"月給24万4,000円",正社員,製造,求人ボックス,https://xn--pckua2a7gp15o89zb.com/jb/938464e841e396277b0543c06b89f9cc,True,13時間前,2026-10-03 05:05:52,大阪府
「生活を安定させたい方へ!」ペット用品づくりの製造スタッフ／正社員新着,製造,大阪府,月給32万760円,正社員,製造,求人ボックス,https://xn--pckua2a7gp15o89zb.com/jbn/ba982cd70fd5d63db3152aab67433163,True,15時間前,2026-10-03 05:05:52,大阪府
「未経験から始める工場ワーク!」LEDライトグッズづくりの製造スタッフ新着,製造,大阪府,月給31万50円,正社員,製造,求人ボックス,https://xn--pckua2a7gp15o89zb.com/jbn/74e2f7b0bf8ab997a1cc5c591e651322,True,15時間前,2026-10-03 05:05:59,大阪府
「未経験から製造デビュー!」こだわりパンづくりの製造スタッフ新着,製造,大阪府,"月給30万6,440円",正社員,製造,求人ボックス,https://xn--pckua2a7gp15o89zb.com/jbn/befca9d218b6300aca0fb1d8b80d4d12,True,15時間前,2026-10-03 05:05:59,大阪府
関空エアロプラザの清掃スタッフ新着,株式会社ナガキ,大阪府,"時給1,280円～",アルバイト・パート,清掃,求人ボックス,https://xn--pckua2a7gp15o89zb.com/jb/175313d744f8a6532aad8bbb912f7be8,True,18時間前,2026-10-03 05:05:43,大阪府
未経験OK!エアコン清掃スタッフ／エアコン中心にハウスクリーニング全般...新着,有限会社大阪中央サービス,大阪府,"月給30万5,000円",正社員,清掃,求人ボックス,https://xn--pckua2a7gp15o89zb.com/jb/fe5a5b7db11df44042bcd8ef8c425990,True,11時間前,2026-10-03 05:05:43,大阪府
温泉ホテルの清掃スタッフ／安心できる お得になる福利厚生ほとんどの方が新着,アイコニア・ホスピタリティ株式会社,大阪府,"時給1,240円～",アルバイト・パート,清掃,求人ボックス,https://xn--pckua2a7gp15o89zb.com/jb/1aae54d0e5aeeb6ca1ef3ec55da83cc5,True,8時間前,2026-10-03 05:05:43,大阪府
大阪府摂津市の大気環境測定・貯水槽清掃メンテナンススタッフ新着,株式会社アトムテクノサポート,大阪府摂津市の大気環境測定・貯水槽清掃メンテナンススタッフ,月給19万円～22万円,正社員,清掃,求人ボックス,https://xn--pckua2a7gp15o89zb.com/jb/ce35812341075c9f27be9491e55cd338,True,5時間前,2026-10-03 05:05:44,大阪府
ビル清掃スタッフ／大阪上本町駅直結!6:30〜10:30の朝活ワーク商...新着,近鉄ファシリティーズ株式会社,大阪府,"時給1,240円",アルバイト・パート,清掃,求人ボックス,https://xn--pckua2a7gp15o89zb.com/jb/75c51e3a5ebe566b6e63c709f61c6c51,True,7時間前,2026-10-03 05:05:44,大阪府
病院内清掃スタッフ新着,成和サービス株式会社,大阪府,"時給1,240円～",アルバイト・パート,清掃,求人ボックス,https://xn--pckua2a7gp15o89zb.com/jb/800e42548f45327f11dca5253770a59c,True,12時間前,2026-10-03 05:05:44,大阪府
食品工場での清掃スタッフ新着,橋本食糧工業株式会社,大阪府,"時給1,250円～",アルバイト・パート,清掃,求人ボックス,https://xn--pckua2a7gp15o89zb.com/jb/efff6f0915e80197cd09f68aeb47da46,True,18時間前,2026-10-03 05:05:48,大阪府
清掃／設備管理 未経験者歓迎 JR新大阪~千里丘間 駅構内の清掃スタッフ新着,株式会社JR西日本メンテック,大阪府,"月給21万3,600円",契約社員,清掃,求人ボックス,https://xn--pckua2a7gp15o89zb.com/jb/b773042006a8caca83169093f4f2da18,True,17時間前,2026-10-03 05:05:48,大阪府
清掃スタッフ新着,株式会社トータルメンテナンスジャパン,大阪府,"時給1,200円～1,250円",アルバイト・パート,清掃,求人ボックス,https://xn--pckua2a7gp15o89zb.com/jb/175c0b495d8aa016f09aa8206d47ca7f,True,9時間前,2026-10-03 05:05:48,大阪府
工場内の清掃スタッフ新着,松栄株式会社,大阪府,"時給1,231円",アルバイト・パート,清掃,求人ボックス,https://xn--pckua2a7gp15o89zb.com/jb/ad56325ec09b1fdb3ef825823f7b7258,True,6時間前,2026-10-03 05:05:48,大阪府
未経験OK! お洒落自由 簡単&単純作業 清掃スタッフ大募集!新着,株式会社パパママカーズ,大阪府,"時給1,177円～",アルバイト・パート,清掃,求人ボックス,https://xn--pckua2a7gp15o89zb.com/jb/e96764ef120052c4cbbc257041800124,True,11時間前,2026-10-03 05:05:52,大阪府
オフィスビルの清掃スタッフ新着,株式会社ケービーエス,大阪府,"時給1,231円～",アルバイト・パート,清掃,求人ボックス,https://xn--pckua2a7gp15o89zb.com/jb/6a5f8619de091a3320a3df6adb3f7db3,True,8時間前,2026-10-03 05:05:52,大阪府
マンションの清掃スタッフ新着,冨士ファシリティーズ株式会社,大阪府,"時給1,231円",アルバイト・パート,清掃,求人ボックス,https://xn--pckua2a7gp15o89zb.com/jb/2a598fe7aad474edd96b48652696a588,True,4時間前,2026-10-03 05:05:52,大阪府
パチンコ店清掃スタッフ新着,アンダーツリー株式会社 キコーナ 豊中上津島店,大阪府,"時給1,231円～",アルバイト・パート,清掃,求人ボックス,https://xn--pckua2a7gp15o89zb.com/jb/6a6e3448473268cd457387a15218d8ee,True,11時間前,2026-10-03 05:05:52,大阪府
パチンコ店清掃スタッフ新着,アンダーツリー株式会社 キコーナ 守口店,大阪府,"時給1,231円～",アルバイト・パート,清掃,求人ボックス,https://xn--pckua2a7gp15o89zb.com/jb/3db6570a3096dcc9530dd7019cf27009,True,11時間前,2026-10-03 05:05:52,大阪府
学校施設の清掃スタッフ新着,株式会社白青舎,大阪府,"時給1,260円",アルバイト・パート,清掃,求人ボックス,https://xn--pckua2a7gp15o89zb.com/jb/009a1cfb0d995d8e32ead4038c167818,True,4時間前,2026-10-03 05:05:52,大阪府
短期・単発／清掃スタッフ新着,株式会社フルキャスト,大阪府,"時給1,330円",,清掃,求人ボックス,https://xn--pckua2a7gp15o89zb.com/jb/70bff5981150b1b109c1e18c73224231,True,13時間前,2026-10-03 05:05:55,大阪府
清掃スタッフ新着,株式会社サクセス,大阪府,"時給1,231円～",アルバイト・パート,清掃,求人ボックス,https://xn--pckua2a7gp15o89zb.com/jb/42663a03c20cc5036e5ffcdacc9cc4f5,True,14時間前,2026-10-03 05:05:55,大阪府
清掃スタッフ新着,住友不動産建物サービス株式会社,大阪府,"時給1,231円～",アルバイト・パート,清掃,求人ボックス,https://xn--pckua2a7gp15o89zb.com/jb/97b532f198dadc4d0086daf67a868a24,True,18時間前,2026-10-03 05:05:58,大阪府
清掃スタッフ新着,株式会社日経サービス,大阪府,"時給1,260円～",アルバイト・パート,清掃,求人ボックス,https://xn--pckua2a7gp15o89zb.com/jb/1d8171b1d64a3868e876fc12d6361b42,True,2時間前,2026-10-03 05:05:58,大阪府
マンション共用部清掃スタッフ／週3日×短時間／マンション清掃新着,株式会社マルキョウ商事,大阪府,"時給1,231円～",アルバイト・パート,清掃,求人ボックス,https://xn--pckua2a7gp15o89zb.com/jb/a919a4d6e3cff725fad80f6ff0ec3166,True,14時間前,2026-10-03 05:05:58,大阪府
江坂駅近く︕簡単&単純作業 未経験の⽅でもスグに覚えられる︕設備メンテナンス清掃作業新着,株式会社ジャパンクリアランス,大阪府,月給32万円～40万円,正社員,清掃,求人ボックス,https://xn--pckua2a7gp15o89zb.com/jb/2b3da21934f28d636b61a3e8a8aa7d60,True,9時間前,2026-10-03 05:06:02,大阪府
大阪市北区の大型複合施設での清掃／未経験歓迎新着,星光ビル管理株式会社,大阪府,"時給1,400円",アルバイト・パート,清掃,求人ボックス,https://xn--pckua2a7gp15o89zb.com/jb/58d05308eec51c6b2f5d0d2a488f2d69,True,9時間前,2026-10-03 05:06:02,大阪府
清掃新着,株式会社セイノースタッフサービス,大阪府,"時給1,300円",派遣社員,清掃,求人ボックス,https://xn--pckua2a7gp15o89zb.com/jb/de8ac40861820a3bc2cc50bda3b58002,True,9時間前,2026-10-03 05:06:02,大阪府
大阪府枚方市の清掃業務管理／病院・老健施設担当／シニア面接会1／株式会社 三橋商会 東営業所新着,株式会社三橋商会,大阪府枚方市の清掃業務管理／病院・老健施設担当／シニア面接会1／株式会社,月給26万円～32万,正社員,清掃,求人ボックス,https://xn--pckua2a7gp15o89zb.com/jb/a9ac97ee92ca0530a4a111021b2c2f06,True,5時間前,2026-10-03 05:06:06,大阪府
大阪府門真市の販売スタッフ／エクストララージ エックスガール／株式会社 サーズ新着,株式会社サーズ,大阪府門真市の販売スタッフ／エクストララージ,"月給20万1,000円",正社員,清掃,求人ボックス,https://xn--pckua2a7gp15o89zb.com/jb/7f402cb7c2b2b502ad900dae22e53b16,True,7時間前,2026-10-03 05:06:06,大阪府
大阪市中央区エリアでのお仕事探しなら!ラグジュアリースニーカーブランドの店長職のお仕事!新着,株式会社ディンプル,大阪府,年収450万円～550万円,正社員,清掃,求人ボックス,https://xn--pckua2a7gp15o89zb.com/jb/956c1aae8d71d50719f85ff446f73300,True,10時間前,2026-10-03 05:06:10,大阪府
接客サービス新着,株式会社ウィルエージェンシー 梅田,大阪府,"時給1,200円～",アルバイト・パート,清掃,求人ボックス,https://xn--pckua2a7gp15o89zb.com/jb/390e7f1a9ff6c7c03da71f7609012c57,True,13時間前,2026-10-03 05:06:10,大阪府
カイロプラクター／施術者新着,手揉みほぐし R,大阪府,"時給1,231円～1,400円",アルバイト・パート,清掃,求人ボックス,https://xn--pckua2a7gp15o89zb.com/jb/08b25532b990ab536b344305a925f8ad,True,15時間前,2026-10-03 05:06:14,大阪府
清掃／家事代行／ビル管理 土日祝休 日常清掃 朝6時~11時の5時間 週3~ 女性活躍中新着,コスモビル保全株式会社,大阪府,"時給1,235円",アルバイト・パート,清掃,求人ボックス,https://xn--pckua2a7gp15o89zb.com/jb/72a9b4bdc0a8164c3f4baa35882a584e,True,23時間前,2026-10-03 05:06:14,大阪府
普通車の洗車や構内移動staff新着,株式会社ジャパン・リリーフ,大阪府,"時給1,500円～",派遣社員,清掃,求人ボックス,https://xn--pckua2a7gp15o89zb.com/jbn/71dd1cbac0128161b9ade61b301f8186,True,18時間前,2026-10-03 05:06:14,大阪府
スーパーでの店舗スタッフ新着,株式会社ラ・カーヴコーポレーション,大阪府,"月給24万7,000円",正社員,清掃,求人ボックス,https://xn--pckua2a7gp15o89zb.com/jb/1e16cb8dba2610edae1cd6c2db7bb700,True,18時間前,2026-10-03 05:06:14,大阪府
夜勤専属／カンタンな軽作業／女性スタッフ多数活躍中新着,株式会社ニチギワールド,大阪府,"時給1,390円～1,738円",派遣社員,派遣,求人ボックス,https://xn--pckua2a7gp15o89zb.com/jb/a9d94d2bedd3bcf01cc9b9391b8019c7,True,13時間前,2026-10-03 05:05:46,大阪府
関西土日祝休み／ワークライフバランス新着,株式会社Progress Group,大阪府,"月給22万2,000円",正社員,派遣,求人ボックス,https://xn--pckua2a7gp15o89zb.com/jb/8d6db2df9c95fa0937943f4ef10cc6d9,True,9時間前,2026-10-03 05:05:46,大阪府
即日~11月／正社員実績 高~1650円 損保事務／北浜新着,スタッフ,大阪府,"時給1,600円～1,650円",正社員,派遣,求人ボックス,https://xn--pckua2a7gp15o89zb.com/jb/cf70cdbe28e0a6399ffebe22ef58f896,True,13時間前,2026-10-03 05:05:46,大阪府
外国人向け通信機器のカウンター接客 年収365万円～@関空新着,株式会社ディンプル,大阪府,"月給23万3,000円",正社員,派遣,求人ボックス,https://xn--pckua2a7gp15o89zb.com/jb/325f74c457852eaf7a7a67898e8690cd,True,10時間前,2026-10-03 05:05:47,大阪府
燃焼機器メーカーでの電気設計／派遣スタッフ活躍中／残業少なめ／年間休日120日以上新着,サンワ株式会社,大阪府,"時給2,300円～2,500円",正社員,派遣,求人ボックス,https://xn--pckua2a7gp15o89zb.com/jb/44304e6243cef9e034d722ba50337012,True,14時間前,2026-10-03 05:05:47,大阪府
10月オープン／柔道衣のトップブランドで販売／時給1600円新着,パーソルマーケティング株式会社,大阪府,時給1600円,派遣社員,派遣,求人ボックス,https://xn--pckua2a7gp15o89zb.com/jb/114c661c9c911af7106de68b48cbe2ff,True,17時間前,2026-10-03 05:05:47,大阪府
介護スタッフ／希望に合う職場が見つかる 高時給×日払い 私生活に合わせて新着,株式会社グッドネクスト,大阪府,"時給1,700円～2,250円",派遣社員,派遣,求人ボックス,https://xn--pckua2a7gp15o89zb.com/jb/5de5dec8961a0b2f4a1a3d2e7adfbd22,True,23時間前,2026-10-03 05:05:51,大阪府
内勤業務新着,株式会社エクスプレス・エージェント,大阪府,日給1万500円,アルバイト・パート,派遣,求人ボックス,https://xn--pckua2a7gp15o89zb.com/jb/c11b0343a9b2b9939649503d1e8f49b2,True,22時間前,2026-10-03 05:05:51,大阪府
物流系企業での庫内作業新着,株式会社セイノースタッフサービス,大阪府,"月給20万8,500円",正社員,派遣,求人ボックス,https://xn--pckua2a7gp15o89zb.com/jb/1ae82c07b2d03fca0043471bca740594,True,12時間前,2026-10-03 05:05:51,大阪府
IT周りのサポート／業務ツールの開発新着,パーソルクロステクノロジー株式会社,大阪府,"時給2,100円",派遣社員,派遣,求人ボックス,https://xn--pckua2a7gp15o89zb.com/jb/a1374949e6f88ed9150ab44603187a70,True,4時間前,2026-10-03 05:05:55,大阪府
機械CADオペレーター 図面作成／経験ソフト不問／車通勤OK新着,株式会社インターテクノ,大阪府,"時給1,800円～2,000円",派遣社員,派遣,求人ボックス,https://xn--pckua2a7gp15o89zb.com/jb/4361b1429de0b352bf3080b83a08596d,True,14時間前,2026-10-03 05:05:55,大阪府
一般事務／月26万×未経験OK キレイなオフィスで事務 11月開始新着,マンパワーグループ株式会社,大阪府,"時給1,600円",派遣社員,派遣,求人ボックス,https://xn--pckua2a7gp15o89zb.com/jb/eeadc703d4cdf72ffc40bc09287d725c,True,2時間前,2026-10-03 05:05:55,大阪府
化粧品等の検品、ピッキング 平日週3日から好きな日に働けます新着,株式会社スタッフサポート,大阪府,"時給1,240円",派遣社員,派遣,求人ボックス,https://xn--pckua2a7gp15o89zb.com/jb/abb296bb88f0b47621f38be42984c060,True,19時間前,2026-10-03 05:05:58,大阪府
設計業務（建築・土木系） ／ 建築・土木作業関連 ／施工管理にチャレンジ 派遣多数新着,パーソルテンプスタッフ株式会社,大阪府,"時給1,600円～1,700円",派遣社員,派遣,求人ボックス,https://xn--pckua2a7gp15o89zb.com/jb/907fd9c23b262a6b500b43c8661623fd,True,18時間前,2026-10-03 05:05:58,大阪府
化粧品容器の検品・ラベル貼り・箱詰め／20代～40代活躍中／経験不問／週払い制度あり新着,株式会社ティーエム・テックス,大阪府,"時給1,240円～",派遣社員,派遣,求人ボックス,https://xn--pckua2a7gp15o89zb.com/jbn/4170a9bc159a2d446cf80b8fc709c881,True,23時間前,2026-10-03 05:06:02,大阪府
大手調査会社で事務新着,ヒューマンリソシア株式会社,大阪府,"時給1,460円",派遣社員,派遣,求人ボックス,https://xn--pckua2a7gp15o89zb.com/jb/870c24ae8258ffee268417c5ec7b15e9,True,8時間前,2026-10-03 05:06:05,大阪府
法人営業／企画営業／営業事務 残業少なめの人材コーディネーター／土日祝休み／肥後橋新着,株式会社パコム,大阪府,"時給1,300円～1,400円",派遣社員,派遣,求人ボックス,https://xn--pckua2a7gp15o89zb.com/jb/1fbf41094c9620a87e8d066755fd572e,True,17時間前,2026-10-03 05:06:05,大阪府
「即面接可」飲料水の仕分け新着,セブンエージェント株式会社,大阪府,"時給1,450円～",派遣社員,派遣,求人ボックス,https://xn--pckua2a7gp15o89zb.com/jb/00cc26277bbb28238610da7566075da0,True,14時間前,2026-10-03 05:06:05,大阪府
CADオペレーター 大手 土木経験者歓迎 土日祝休み新着,株式会社アットキャド,大阪府,"時給1,700円～1,900円",派遣社員,派遣,求人ボックス,https://xn--pckua2a7gp15o89zb.com/jb/993307f77e82faaf372cf3fc22c7ae82,True,14時間前,2026-10-03 05:06:09,大阪府
一般事務新着,株式会社リクルートスタッフィング,大阪府,"時給1,560円～",派遣社員,派遣,求人ボックス,https://xn--pckua2a7gp15o89zb.com/jb/5466289f74c6104d9790440e0d7a7513,True,20時間前,2026-10-03 05:06:09,大阪府
住み込みリゾートバイト旅館のホールスタッフ城崎温泉 寮費・光熱費無料!期間:2ヶ月～新着,株式会社ワクトリ,大阪府,"時給1,260円～",派遣社員,派遣,求人ボックス,https://xn--pckua2a7gp15o89zb.com/jb/1a8ceb6ad0149038a70c597093ddd8fd,True,22時間前,2026-10-03 05:06:09,大阪府
伝票貼り・仕分けの軽作業／13時〜17時の4時間／週2〜3日からOK／時給1300円／東大阪新着,Motty Japan株式会社,大阪府,時給1300円,派遣社員,派遣,求人ボックス,https://xn--pckua2a7gp15o89zb.com/jbn/a428453b24a8285a054d5be1d0de68b5,True,23時間前,2026-10-03 05:06:09,大阪府
テレフォンオペレーター／ピタッと18時まで 電話業務など!駅直結でアクセス抜群新着,株式会社スタッフサービス,大阪府,"時給1,700円",派遣社員,派遣,求人ボックス,https://xn--pckua2a7gp15o89zb.com/jb/565ead265dcc52dcb6ff2445097c4d60,True,16時間前,2026-10-03 05:06:12,大阪府
ITサポート事務職／働きやすさ重視新着,株式会社ウェルスデザイン,大阪府,月給26万円～28万円,正社員,派遣,求人ボックス,https://xn--pckua2a7gp15o89zb.com/jbn/4ed2a3ff91c9658052a3ae9ee83f11b0,True,22時間前,2026-10-03 05:06:12,大阪府
看護師 資格活かしていつでも好きな時に! Wワーク・副業歓迎!訪問入浴で単発バイト!1日～新着,株式会社ワークステーション,大阪府,"時給1,850円",派遣社員,派遣,求人ボックス,https://xn--pckua2a7gp15o89zb.com/jb/72c050ce1b119cce40b08f0f5d4e7049,True,3時間前,2026-10-03 05:06:16,大阪府
経理・財務／年休126日 経理 17時台定時 土日休み新着,株式会社サンユー都市開発,大阪府,年収370万円～500万円,正社員,派遣,求人ボックス,https://xn--pckua2a7gp15o89zb.com/jb/22777ff611735653218cff70ebd33c72,True,20時間前,2026-10-03 05:06:16,大阪府
「CAR用品店でお客様の案内・レジ・品出し」10代～40代の男女スタッフが活躍中新着,株式会社ケイエムシー,大阪府,"時給1,250円～1,562円",派遣社員,派遣,求人ボックス,https://xn--pckua2a7gp15o89zb.com/jb/552f13aa8c73167074ac6f712c52f1a4,True,13時間前,2026-10-03 05:06:16,大阪府
京都府京都市伏見区の歯科衛生士／医療法人社団 蘇生会 蘇生会総合病院新着,医療法人社団蘇生会 蘇生会総合病院,京都府京都市伏見区の歯科衛生士／医療法人社団,"月給25万2,000円",正社員,歯科,求人ボックス,https://xn--pckua2a7gp15o89zb.com/jb/74e201494ec541457a9848d508477a2d,True,8時間前,2026-10-03 05:06:18,京都府
京都府福知山市の急募／歯科衛生士新着,駅南歯科クリニック,京都府福知山市の急募／歯科衛生士,月給28万円,正社員,歯科,求人ボックス,https://xn--pckua2a7gp15o89zb.com/jb/5abdb6ba9516b2b17b97be06bc32bd32,True,7時間前,2026-10-03 05:06:18,京都府
京都府京都市左京区の歯科衛生士新着,中村歯科医院,京都府京都市左京区の歯科衛生士,月給25万円～40万円,正社員,歯科,求人ボックス,https://xn--pckua2a7gp15o89zb.com/jb/1dcb01fdfdeb3e6f68c4fe3ed7538c13,True,8時間前,2026-10-03 05:06:18,京都府
京都府京都市上京区の歯科衛生士新着,公益社団法人京都保健会 仁和診療所歯科,京都府京都市上京区の歯科衛生士,月給21万700円,正社員,歯科,求人ボックス,https://xn--pckua2a7gp15o89zb.com/jb/370aebbd6f066d8c70c9ce263b961baf,True,8時間前,2026-10-03 05:06:18,京都府
京都府舞鶴市の歯科衛生士新着,くまがい 歯科 クリニック,京都府舞鶴市の歯科衛生士,月給28万円～35万円,正社員,歯科,求人ボックス,https://xn--pckua2a7gp15o89zb.com/jb/13ab0726dd087ebc8012f721707a1b75,True,8時間前,2026-10-03 05:06:18,京都府
京都府京都市下京区の歯科衛生士 18時過ぎ退勤 企業年金 マイカー通勤新着,医療法人健進会 はやし歯科診療所,京都府京都市下京区の歯科衛生士,"月給30万5,000円",正社員,歯科,求人ボックス,https://xn--pckua2a7gp15o89zb.com/jb/c3c63e1df26b96d27bec27bf7321e340,True,8時間前,2026-10-03 05:06:18,京都府
京都府京都市左京区の歯科衛生士新着,かず歯科クリニック,京都府京都市左京区の歯科衛生士,月給26万円～38万円,正社員,歯科,求人ボックス,https://xn--pckua2a7gp15o89zb.com/jb/3d0a3d040d5db968a6cf1daf86dcd6ea,True,8時間前,2026-10-03 05:06:18,京都府
歯科衛生士／17時45分診療終了!早く帰れてしっかり学べる医院新着,ながお歯科クリニック,京都府,月給25万円～32万円,正社員,歯科,求人ボックス,https://xn--pckua2a7gp15o89zb.com/jb/1738ef772c3bd075ebc9b1e8ebb460bb,True,14時間前,2026-10-03 05:06:18,京都府
歯科衛生士／Oh my teeth 京都六地蔵矯正歯科新着,一般社団法人OralX,京都府,月給33万円～40万円,正社員,歯科,求人ボックス,https://xn--pckua2a7gp15o89zb.com/jb/17d632ab3b609ac01b8b984ce111bfc3,True,8時間前,2026-10-03 05:06:18,京都府
データ入力事務／未経験OK「ネイルOK」土日祝休み・残業なし「20代活躍中」新着,歯科衛生士,京都府,"月給21万4,000円",正社員,歯科,求人ボックス,https://xn--pckua2a7gp15o89zb.com/jbn/519b152d6a1e0a71916e73f493c3c7ee,True,22時間前,2026-10-03 05:06:18,京都府
歯科医師／年間休日127日!残業月平均5時間!独立・開業支援があり開業のノウハウが身につけられるので...新着,医療法人社団浦田歯科クリニック,京都府,月給38万円～100万円,正社員,歯科,求人ボックス,https://xn--pckua2a7gp15o89zb.com/jb/ebfa3ae0fcf708499d27c408269e96a0,True,6時間前,2026-10-03 05:06:18,京都府
オフィスビルの設備営繕／東京都心のランドマークを支えるビル管理会社新着,週休2日,京都府,,正社員,歯科,求人ボックス,https://xn--pckua2a7gp15o89zb.com/jb/9d805da07e8d0f759ca7bd83c681948f,True,10時間前,2026-10-03 05:06:18,京都府
夜勤あり／人気飲食店の店舗スタッフ／資格経験不要／月給25万新着,ワタミ株式会社,大阪府,月給25万,正社員,飲食,求人ボックス,https://xn--pckua2a7gp15o89zb.com/jb/a3fa26f32ecd95b1aa9a43dec78c219c,True,3時間前,2026-10-03 05:06:03,大阪府
サラダボウル専門店の店舗スタッフ／飲食経験者なら月給25万円以上も可能...新着,株式会社WithGreen,大阪府,月給25万円,正社員,飲食,求人ボックス,https://xn--pckua2a7gp15o89zb.com/jb/9312e61784df177940cd3fabb9121432,True,11時間前,2026-10-03 05:06:03,大阪府
完全在宅／未経験可／カスタマーサポート／年休125日以上新着,...経験不問/未経験者活躍中・第二新卒活躍中資格不問/無資格歓迎・ブランク歓迎・学歴不問ハローワークでお探しの方も歓迎 先輩たちの前職をご紹介! 営業、事務、販売,大阪府,"月給24万9,500円",正社員,飲食,求人ボックス,https://xn--pckua2a7gp15o89zb.com/jbn/fc1bc9bcef43dcb57dfe538ceeecad11,True,9時間前,2026-10-03 05:06:03,大阪府
完全在宅／未経験可／問い合わせ窓口／年休125日以上新着,...経験不問/未経験者活躍中・第二新卒活躍中資格不問/無資格歓迎・ブランク歓迎・学歴不問ハローワークでお探しの方も歓迎 先輩たちの前職をご紹介! 営業、事務、販売,大阪府,"月給22万8,000円",正社員,飲食,求人ボックス,https://xn--pckua2a7gp15o89zb.com/jbn/b994ef86a528ea48ee6490bbb6a7ec4e,True,10時間前,2026-10-03 05:06:03,大阪府
「データ入力／一般事務・バックオフィス」プライベートも仕事も全力で自分らしく!髪色・ネイル新着,株式会社ONE LOOK,大阪府,"月給22万5,000円",正社員,飲食,求人ボックス,https://xn--pckua2a7gp15o89zb.com/jbn/9b21b20af26caa8e447b16ba8077a3dd,True,14時間前,2026-10-03 05:06:03,大阪府
事務職／一般事務／30代未経験歓迎／育休取得実績あり／駅近勤務で通勤便利／昇給あり新着,<活かせる経験> 事務やデータ入力の業務経験 Excelスキル、PCの基本操作充実のスキルサポート体制があるため、アパレル販売、,大阪府,月給23万円～50万円,正社員,飲食,求人ボックス,https://xn--pckua2a7gp15o89zb.com/jbn/c2061431fd738c0c531dc3f788108d41,True,6時間前,2026-10-03 05:06:04,大阪府
事務職／充実の研修で安心スタート!／経験不問／福利厚生充実／教育体制あり新着,<活かせる経験> 事務やデータ入力の業務経験 Excelスキル、PCの基本操作充実のスキルサポート体制があるため、アパレル販売、,大阪府,"月給22万4,000円",正社員,飲食,求人ボックス,https://xn--pckua2a7gp15o89zb.com/jbn/739f69ee86b5e9c3717fcae203ad4d68,True,6時間前,2026-10-03 05:06:04,大阪府
事務職／充実の研修で安心スタート／福利厚生充実／完全週休2日制新着,20代30代の,大阪府,"月給22万6,000円",正社員,飲食,求人ボックス,https://xn--pckua2a7gp15o89zb.com/jbn/902200b4ab3999325cd4dacb111de78c,True,6時間前,2026-10-03 05:06:04,大阪府
事務職／一般事務／服装・髪型自由／賞与・昇給あり／未経験歓迎／ネイル・ピアスOK新着,20代30代の,大阪府,"月給22万5,000円",正社員,飲食,求人ボックス,https://xn--pckua2a7gp15o89zb.com/jbn/8900ddd57ec259c87cc727ebda865582,True,6時間前,2026-10-03 05:06:04,大阪府
事務職／充実の研修で安心スタート!／経験不問／福利厚生充実／完全週休2日制新着,スタッフ,大阪府,"月給22万3,000円",正社員,飲食,求人ボックス,https://xn--pckua2a7gp15o89zb.com/jbn/10a4724ce0ae5de694e4111178fee0f0,True,6時間前,2026-10-03 05:06:04,大阪府
事務職／営業事務／未経験歓迎／安定企業／賞与・昇給あり／ネイル・ピアス自由新着,<活かせる経験> 事務やデータ入力の業務経験 Excelスキル、PCの基本操作充実のスキルサポート体制があるため、アパレル販売、,大阪府,"月給22万1,000円",正社員,飲食,求人ボックス,https://xn--pckua2a7gp15o89zb.com/jbn/b8dd67d529fc8fb8094b82a86c21343b,True,6時間前,2026-10-03 05:06:04,大阪府
事務職／営業事務／年間休日125日以上／駅近／服装・髪型自由／ネイル・ピアスOK新着,20代30代の,大阪府,月給23万円～50万円,正社員,飲食,求人ボックス,https://xn--pckua2a7gp15o89zb.com/jbn/638d38ebd8054e27c81e01a1c8bc3bbf,True,6時間前,2026-10-03 05:06:04,大阪府
事務職／総務事務／ネイル・ピアス自由／年間休日125日以上／残業ほぼなし／未経験からチャレンジ可能新着,<活かせる経験> 事務やデータ入力の業務経験 Excelスキル、PCの基本操作充実のスキルサポート体制があるため、アパレル販売、,大阪府,"月給22万4,000円",正社員,飲食,求人ボックス,https://xn--pckua2a7gp15o89zb.com/jbn/f854a298e5d8153e3035f3026db48675,True,6時間前,2026-10-03 05:06:08,大阪府
事務職／総務事務／交通費全額支給／土日祝休み／未経験OKで安心サポート／年間休日123日以上新着,<活かせる経験> 事務やデータ入力の業務経験 Excelスキル、PCの基本操作充実のスキルサポート体制があるため、アパレル販売、,大阪府,月給20万円～50万円,正社員,飲食,求人ボックス,https://xn--pckua2a7gp15o89zb.com/jbn/c527a766f12fdb1ab9a1341c80b0a76f,True,6時間前,2026-10-03 05:06:08,大阪府
事務職／総務事務／残業なし／服装髪型自由／賞与・昇給あり／ネイル・ピアス自由新着,<活かせる経験> 事務やデータ入力の業務経験 Excelスキル、PCの基本操作充実のスキルサポート体制があるため、アパレル販売、,大阪府,月給20万円～50万円,正社員,飲食,求人ボックス,https://xn--pckua2a7gp15o89zb.com/jbn/e42ba224ca7eda5dbbd5afb8f882b0bc,True,6時間前,2026-10-03 05:06:08,大阪府
事務職／一般事務／産休・育休取得実績多数／未経験からのスタート歓迎／髪型・髪色自由／賞与・昇給あり新着,<活かせる経験> 事務やデータ入力の業務経験 Excelスキル、PCの基本操作充実のスキルサポート体制があるため、アパレル販売、,大阪府,"月給22万3,000円",正社員,飲食,求人ボックス,https://xn--pckua2a7gp15o89zb.com/jbn/f0dc7b2a8ba4ebc4467513c31042deb3,True,6時間前,2026-10-03 05:06:08,大阪府
ゲームアカウントに関する受信コールセンター新着,ビーウィズ株式会社 HR部,大阪府,"時給1,400円",アルバイト・パート,飲食,求人ボックス,https://xn--pckua2a7gp15o89zb.com/jbn/c9577090a3ae9f7f16dc1d88a4445d32,True,21時間前,2026-10-03 05:06:08,大阪府
オフィススタッフ／職種未経験歓迎／充実の研修で安心スタート!／若手中心新着,<異業種からの転職者も活躍中!>アパレル販売、,大阪府,月給23万500円,正社員,飲食,求人ボックス,https://xn--pckua2a7gp15o89zb.com/jbn/96214b17a8c3c4537c332c38b36b0892,True,8時間前,2026-10-03 05:06:08,大阪府
事務スタッフ／充実の研修で安心スタート!／ブランクOK／教育体制あり／若い者歓迎新着,<異業種からの転職者も活躍中!>アパレル販売、,大阪府,月給23万500円,正社員,飲食,求人ボックス,https://xn--pckua2a7gp15o89zb.com/jbn/712c6d63e4d68a0c95fdc5b0b7aa83fd,True,8時間前,2026-10-03 05:06:11,大阪府
「デスクワーク」／事務スタッフ／充実の研修で安心スタート!／完全週休2日制／若い者歓迎／高収入新着,前職は美容部員や携帯ショップ店員、,大阪府,月給23万円～50万円,正社員,飲食,求人ボックス,https://xn--pckua2a7gp15o89zb.com/jbn/6db60a848fffe6dfc1c7d95fb0c92109,True,6時間前,2026-10-03 05:06:11,大阪府
「事務アシスタント」／充実の研修で安心スタート!／完全週休2日制／20代活躍中／高収入新着,アパレル販売、,大阪府,"月給22万5,000円",正社員,飲食,求人ボックス,https://xn--pckua2a7gp15o89zb.com/jbn/fd46454d1e4d94c50f78636f6acc9ee8,True,6時間前,2026-10-03 05:06:11,大阪府
「事務職」／充実の研修で安心スタート!／経験不問／教育体制あり／福利厚生充実／残業少なめ新着,アパレル販売、,大阪府,月給23万円～50万円,正社員,飲食,求人ボックス,https://xn--pckua2a7gp15o89zb.com/jbn/e269f48c57781ac4b9f64a41a129e132,True,6時間前,2026-10-03 05:06:11,大阪府
「データ入力・事務」／教育体制あり／充実の研修で安心スタート!／マニュアル完備／残業少なめ新着,アパレル販売、,大阪府,"月給20万5,000円",正社員,飲食,求人ボックス,https://xn--pckua2a7gp15o89zb.com/jbn/7d280becd39288878977ed1724bf3f66,True,6時間前,2026-10-03 05:06:11,大阪府
「オフィススタッフ」／充実の研修で安心スタート!／福利厚生充実／教育体制あり／残業少なめ新着,前職は美容部員や携帯ショップ店員、,大阪府,"月給22万3,000円",正社員,飲食,求人ボックス,https://xn--pckua2a7gp15o89zb.com/jbn/8ad65fe523f6f3cb39092927207eb59b,True,6時間前,2026-10-03 05:06:11,大阪府
「受付・データ入力スタッフ」／残業月10時間以下／充実の研修で安心スタート!／営業事務／高収入新着,スタッフ,大阪府,"月給22万4,000円",正社員,飲食,求人ボックス,https://xn--pckua2a7gp15o89zb.com/jbn/b0a0fd44d6272c7a11368dc027501a4b,True,6時間前,2026-10-03 05:06:14,大阪府
データ入力・事務／若い者歓迎／充実の研修で安心スタート!／ブランクOK新着,<異業種からの転職者も活躍中!>アパレル販売、,大阪府,"月給21万5,500円",正社員,飲食,求人ボックス,https://xn--pckua2a7gp15o89zb.com/jbn/d443806fc9f9c443e98cb4f33e098bb7,True,8時間前,2026-10-03 05:06:14,大阪府
「事務アシスタント」／20代活躍中／充実の研修で安心スタート!／年間休日120日以上／高収入新着,アパレル販売、,大阪府,月給23万円～50万円,正社員,飲食,求人ボックス,https://xn--pckua2a7gp15o89zb.com/jbn/db81f4a191797c8a838c53b126061970,True,6時間前,2026-10-03 05:06:14,大阪府
「オフィススタッフ」／職種未経験歓迎／若い者歓迎／充実の研修で安心スタート!／残業少なめ新着,前職は美容部員や携帯ショップ店員、,大阪府,"月給21万9,000円",正社員,飲食,求人ボックス,https://xn--pckua2a7gp15o89zb.com/jbn/c3147b5fc7203b4ba1ae402cac2e668f,True,6時間前,2026-10-03 05:06:14,大阪府
「オフィススタッフ」／充実の研修で安心スタート!／職種未経験歓迎／若い者歓迎／残業少なめ新着,アパレル販売、,大阪府,"月給22万4,000円",正社員,飲食,求人ボックス,https://xn--pckua2a7gp15o89zb.com/jbn/8070e26ab4e407be45d6b560890138c0,True,6時間前,2026-10-03 05:06:14,大阪府
事務職／営業事務／未経験OK／育休取得実績あり／家庭と両立しやすい職場／賞与・昇給あり新着,スタッフ,大阪府,"月給21万5,000円",正社員,飲食,求人ボックス,https://xn--pckua2a7gp15o89zb.com/jbn/51be3c004603181f3cb0b9f35c2b0bd9,True,6時間前,2026-10-03 05:06:14,大阪府
オフィススタッフ／充実の研修で安心スタート!／完全週休2日制／若手中心新着,<異業種からの転職者も活躍中!>アパレル販売、,大阪府,"月給21万5,500円",正社員,飲食,求人ボックス,https://xn--pckua2a7gp15o89zb.com/jbn/c2fdf3122a7b8727ac61a69bad660fd4,True,8時間前,2026-10-03 05:06:14,大阪府
事務スタッフ／充実の研修で安心スタート!／ブランクOK／マニュアル完備／土日祝休み新着,<異業種からの転職者も活躍中!>アパレル販売、,大阪府,月給20万500円,正社員,飲食,求人ボックス,https://xn--pckua2a7gp15o89zb.com/jbn/728466a9580ad62f81508d438cd64642,True,8時間前,2026-10-03 05:06:14,大阪府
「事務職」／充実の研修で安心スタート!／経験不問／完全週休2日制／教育体制あり／残業少なめ新着,アパレル販売、,大阪府,月給23万円～50万円,正社員,飲食,求人ボックス,https://xn--pckua2a7gp15o89zb.com/jbn/4e0b2dd778bc6692ead7419bfa1737da,True,6時間前,2026-10-03 05:06:17,大阪府
「デスクワーク」／残業月10時間以下／充実の研修で安心スタート!／営業事務／高収入／未経験でも安心新着,<前職はさまざま>,大阪府,月給21万円～50万円,正社員,飲食,求人ボックス,https://xn--pckua2a7gp15o89zb.com/jbn/a137c2f74aae56d5a1e0872891fb7c3d,True,6時間前,2026-10-03 05:06:17,大阪府
「受付・データ入力スタッフ「OA事務」丁寧な教育体制／若い者歓迎／充実の研修で安心スタート新着,アパレル販売、,大阪府,月給23万円～50万円,正社員,飲食,求人ボックス,https://xn--pckua2a7gp15o89zb.com/jbn/9312bc69ee06a3c74a061599b34af9d5,True,6時間前,2026-10-03 05:06:17,大阪府
「データ入力・事務」／ブランクOK／教育体制あり／充実の研修で安心スタート!／残業少なめ新着,アパレル販売、,大阪府,"月給22万5,000円",正社員,飲食,求人ボックス,https://xn--pckua2a7gp15o89zb.com/jbn/a0dfa6d891c2816c4cdc32171a032640,True,6時間前,2026-10-03 05:06:17,大阪府
「オフィススタッフ」／充実の研修で安心スタート!／職種未経験歓迎／年間休日120日以上／残業少なめ新着,前職は美容部員や携帯ショップ店員、,大阪府,"月給22万6,000円",正社員,飲食,求人ボックス,https://xn--pckua2a7gp15o89zb.com/jbn/79932d09b5a45da072f139e11cb70eb7,True,6時間前,2026-10-03 05:06:17,大阪府
「オフィスワーク」／事務スタッフ／充実の研修で安心スタート!／教育体制あり／年間休日120日以上新着,アパレル販売、,大阪府,"月給21万9,000円",正社員,飲食,求人ボックス,https://xn--pckua2a7gp15o89zb.com/jbn/9ebb8ccf8681c8fcd36d6a6715884637,True,6時間前,2026-10-03 05:06:17,大阪府
「オフィススタッフ」／充実の研修で安心スタート!／福利厚生充実／完全週休2日制／残業少なめ新着,アパレル販売、,大阪府,"月給21万9,000円",正社員,飲食,求人ボックス,https://xn--pckua2a7gp15o89zb.com/jbn/6f40efca1d1707141af116e7eb9287f7,True,6時間前,2026-10-03 05:06:17,大阪府
事務職／充実の研修で安心スタート／教育体制あり／完全週休2日制新着,<歓迎スキル・経験>・PC基本操作/Excelスキル・データ入力業務/事務職の経験スキルサポート体制が整っているため、販売員、,大阪府,"月給22万3,000円",正社員,飲食,求人ボックス,https://xn--pckua2a7gp15o89zb.com/jbn/cf6981be808c3e63910106bb41bbc7c6,True,6時間前,2026-10-03 05:06:20,大阪府
事務職／充実の研修で安心スタート／完全週休2日制／福利厚生充実新着,これまでの学歴や職歴、ブランクは一切問いません。ハローワークで求職中の方も大歓迎です。アパレル販売、,大阪府,"月給21万9,000円",正社員,飲食,求人ボックス,https://xn--pckua2a7gp15o89zb.com/jbn/fa36be537f5d87fcb09832c5c614476d,True,6時間前,2026-10-03 05:06:20,大阪府
事務職／総務事務／未経験スタート歓迎／ネイル・ピアスOK／ワークライフバランス抜群／賞与・昇給あり新着,スタッフ,大阪府,"月給22万1,000円",正社員,飲食,求人ボックス,https://xn--pckua2a7gp15o89zb.com/jbn/cdc0af7d0731f22ed0db514604491a9c,True,6時間前,2026-10-03 05:06:20,大阪府
オフィススタッフ／充実の研修で安心スタート!／若手中心／年間休日120日以上新着,<異業種からの転職者も活躍中!>アパレル販売、,大阪府,月給21万500円,正社員,飲食,求人ボックス,https://xn--pckua2a7gp15o89zb.com/jbn/556f373a0e4755158d9500e060c27491,True,8時間前,2026-10-03 05:06:20,大阪府
デスクワーク／完全週休2日制／教育体制あり／充実の研修で安心スタート新着,<異業種からの転職者も活躍中!>アパレル販売、,大阪府,月給21万500円,正社員,飲食,求人ボックス,https://xn--pckua2a7gp15o89zb.com/jbn/6350c1d63b496a4834f76ebe6c61082a,True,8時間前,2026-10-03 05:06:20,大阪府
「リモート可」未経験採用枠／営業事務／年間休日125日以上新着,スタッフ,大阪府,月給25万500円,正社員,飲食,求人ボックス,https://xn--pckua2a7gp15o89zb.com/jbn/4b531ad41f129d823ab9608ea42ab130,True,9時間前,2026-10-03 05:06:22,大阪府
事務職／総務事務／20代未経験歓迎／土日祝休み／ピアスOk／ネイルOK新着,<歓迎スキル・経験>・PC基本操作/Excelスキル・データ入力業務/事務職の経験スキルサポート体制が整っているため、販売員、,大阪府,"月給22万4,000円",正社員,飲食,求人ボックス,https://xn--pckua2a7gp15o89zb.com/jbn/539704815c48ea34a3856b5c68766e9c,True,6時間前,2026-10-03 05:06:22,大阪府
「オフィススタッフ」／職種未経験歓迎／年間休日120日以上／福利厚生充実／残業少なめ／サポート業務新着,前職は美容部員や携帯ショップ店員、,大阪府,"月給22万6,000円",正社員,飲食,求人ボックス,https://xn--pckua2a7gp15o89zb.com/jbn/d43f471eb91e6b060b1ee6f866e2e38b,True,6時間前,2026-10-03 05:06:22,大阪府
事務スタッフ／充実の研修で安心スタート!／ブランクOK／教育体制あり／福利厚生充実新着,<異業種からの転職者も活躍中!>アパレル販売、,大阪府,月給23万500円,正社員,飲食,求人ボックス,https://xn--pckua2a7gp15o89zb.com/jbn/3970269007323d8fb403b7ebf11c278d,True,8時間前,2026-10-03 05:06:22,大阪府
「オフィスワーク」／充実の研修で安心スタート!／残業月10時間以下／MAX給与50万可能／高収入新着,スタッフ,大阪府,月給20万円～50万円,正社員,飲食,求人ボックス,https://xn--pckua2a7gp15o89zb.com/jbn/0dff14684cb01cabc07b0be5a740039d,True,6時間前,2026-10-03 05:06:22,大阪府
「バックオフィススタッフ」／残業月10時間以下／マニュアル完備／財務・事務／高収入／未経験でも安心新着,<前職はさまざま>,大阪府,月給20万円～50万円,正社員,飲食,求人ボックス,https://xn--pckua2a7gp15o89zb.com/jbn/f33570c6d9febe55333c7e160ab99e5d,True,6時間前,2026-10-03 05:06:22,大阪府
「オフィススタッフ」／充実の研修で安心スタート!／若い者歓迎／職種未経験歓迎／残業少なめ新着,アパレル販売、,大阪府,"月給22万4,000円",正社員,飲食,求人ボックス,https://xn--pckua2a7gp15o89zb.com/jbn/380fb57e228e1a0a463a69480b8f8e8f,True,6時間前,2026-10-03 05:06:25,大阪府
「オフィススタッフ」／職種未経験歓迎／充実の研修で安心スタート!／年間休日120日以上／残業少なめ新着,前職は美容部員や携帯ショップ店員、,大阪府,"月給22万6,000円",正社員,飲食,求人ボックス,https://xn--pckua2a7gp15o89zb.com/jbn/6219405a623ac4a4dddaa79b4de2ea06,True,6時間前,2026-10-03 05:06:25,大阪府
「オフィススタッフ」／充実の研修で安心スタート!／年間休日120日以上／福利厚生充実／残業少なめ新着,アパレル販売、,大阪府,月給20万円～50万円,正社員,飲食,求人ボックス,https://xn--pckua2a7gp15o89zb.com/jbn/8ccf71cb2b1fd7c3b5f6c4e4c933ad1e,True,6時間前,2026-10-03 05:06:25,大阪府
事務職／充実の研修で安心スタート!／経験不問／教育体制あり／完全週休2日制新着,20代・30代の若手世代がイキイキと活躍する職場です!接客業、,大阪府,月給20万円～50万円,正社員,飲食,求人ボックス,https://xn--pckua2a7gp15o89zb.com/jbn/bd459318c8c709a0ba185db8fde90356,True,6時間前,2026-10-03 05:06:25,大阪府
事務職／一般事務／年間休日125日／20代歓迎!／残業ほぼなし／賞与・昇給あり新着,これまでの学歴や職歴、ブランクは一切問いません。ハローワークで求職中の方も大歓迎です。アパレル販売、,大阪府,"月給22万5,000円",正社員,飲食,求人ボックス,https://xn--pckua2a7gp15o89zb.com/jbn/1d4ab06995474449cb5064867a0b770e,True,6時間前,2026-10-03 05:06:25,大阪府
デスクワーク／充実の研修で安心スタート!／未経験OK／若手中心／完全週休2日制新着,<異業種からの転職者も活躍中!>アパレル販売、,大阪府,月給19万500円,正社員,飲食,求人ボックス,https://xn--pckua2a7gp15o89zb.com/jbn/9cf3e22a64167b3f83b92ee114b78b46,True,8時間前,2026-10-03 05:06:25,大阪府
デスクワーク／充実の研修で安心スタート!／第二新卒歓迎／未経験OK／完全週休2日制新着,<異業種からの転職者も活躍中!>アパレル販売、,大阪府,月給22万500円,正社員,飲食,求人ボックス,https://xn--pckua2a7gp15o89zb.com/jbn/756301b478a5556362224508c75d41e8,True,8時間前,2026-10-03 05:06:25,大阪府
「オフィススタッフ」／充実の研修で安心スタート!／教育体制あり／完全週休2日制／残業少なめ新着,前職は美容部員や携帯ショップ店員、,大阪府,"月給22万6,000円",正社員,飲食,求人ボックス,https://xn--pckua2a7gp15o89zb.com/jbn/5e829392d533b2a2cf43223b649910b1,True,6時間前,2026-10-03 05:06:28,大阪府
事務スタッフ／充実の研修で安心スタート!／教育体制あり／ブランクOK／土日祝休み新着,<異業種からの転職者も活躍中!>アパレル販売、,大阪府,"月給21万5,500円",正社員,飲食,求人ボックス,https://xn--pckua2a7gp15o89zb.com/jbn/6f389c96f47a818cca2b60bd39892249,True,8時間前,2026-10-03 05:06:28,大阪府
「事務スタッフ」／福利厚生充実／充実の研修で安心スタート!／教育体制あり／残業少なめ／サポート業務新着,前職は美容部員や携帯ショップ店員、,大阪府,"月給22万3,000円",正社員,飲食,求人ボックス,https://xn--pckua2a7gp15o89zb.com/jbn/3163bdef777bf72408f3a5ba6853bc4b,True,6時間前,2026-10-03 05:06:28,大阪府
デスクワーク／充実の研修で安心スタート!／未経験OK／福利厚生充実／教育体制あり新着,<異業種からの転職者も活躍中!>アパレル販売、,大阪府,月給19万500円,正社員,飲食,求人ボックス,https://xn--pckua2a7gp15o89zb.com/jbn/fd9c48764981b79e033d0a15e5789302,True,8時間前,2026-10-03 05:06:28,大阪府
「オフィススタッフ」／充実の研修で安心スタート!／年間休日120日以上／若い者歓迎／残業少なめ新着,前職は美容部員や携帯ショップ店員、,大阪府,"月給22万5,000円",正社員,飲食,求人ボックス,https://xn--pckua2a7gp15o89zb.com/jbn/1ffc43813921346410ab8ef67eca708d,True,6時間前,2026-10-03 05:06:28,大阪府
事務職／一般事務／駅近／有給休暇あり／20〜30代女性活躍中／社保完備新着,20代・30代の若手世代がイキイキと活躍する職場です!接客業、,大阪府,"月給22万5,000円",正社員,飲食,求人ボックス,https://xn--pckua2a7gp15o89zb.com/jbn/54e5bf3156c066fc2618bb221c551d1d,True,6時間前,2026-10-03 05:06:28,大阪府
「事務職」／充実の研修で安心スタート!／残業月10時間以下／営業事務／MAX給与50万可能／高収入新着,<前職はさまざま>,大阪府,月給23万円～50万円,正社員,飲食,求人ボックス,https://xn--pckua2a7gp15o89zb.com/jbn/08da7089a735ae67c95bd4e80a203ede,True,6時間前,2026-10-03 05:06:28,大阪府
京都府宇治市の介護職新着,社会福祉法人長安会 特別養護老人ホーム 桃花苑,京都府宇治市の介護職,"月給19万4,480円",正社員,介護,求人ボックス,https://xn--pckua2a7gp15o89zb.com/jb/3d1b7c85c6ac537e80aa959ec599a915,True,8時間前,2026-10-03 05:06:19,京都府
京都府長岡京市の認知症グループホームの介護職／トライアル併用新着,特定非営利活動法人エイチアンドイーグループ グル...,京都府長岡京市の認知症グループホームの介護職／トライアル併用,"月給19万5,000円",正社員,介護,求人ボックス,https://xn--pckua2a7gp15o89zb.com/jb/cdca173bfb81a8fe7f05101c4219391e,True,8時間前,2026-10-03 05:06:19,京都府
京都府京都市伏見区の訪問介護職／トライアル雇用併用新着,ピアサポートアスター,京都府京都市伏見区の訪問介護職／トライアル雇用併用,"月給25万5,000円",正社員,介護,求人ボックス,https://xn--pckua2a7gp15o89zb.com/jb/65855e24ee0d3cbe2cfa8aa03c3c71c3,True,8時間前,2026-10-03 05:06:20,京都府
京都府京都市伏見区の介護職／そせい苑デイサービス／社会福祉法人 永山会新着,社会福祉法人永山会,京都府京都市伏見区の介護職／そせい苑デイサービス／社会福祉法人,"月給19万6,000円",正社員,介護,求人ボックス,https://xn--pckua2a7gp15o89zb.com/jb/45b86956abdf5f0d676166c0dfb5ac68,True,8時間前,2026-10-03 05:06:20,京都府
京都府京都市伏見区の介護職／デイサービス／サービス付き高齢者向け住宅こ...新着,医療法人新生十全会,京都府京都市伏見区の介護職／デイサービス／サービス付き高齢者向け住宅こ...,"月給19万4,320円",正社員,介護,求人ボックス,https://xn--pckua2a7gp15o89zb.com/jb/a37347e8d5ab4247dae2af52cc07932f,True,7時間前,2026-10-03 05:06:25,京都府
京都府京都市左京区の介護職／介護老人保健施設の介護職員／資格有り新着,医療法人稲門会 介護老人保健施設 フェアウインド...,京都府京都市左京区の介護職／介護老人保健施設の介護職員／資格有り,"月給21万4,500円",正社員,介護,求人ボックス,https://xn--pckua2a7gp15o89zb.com/jb/c8433ad97e85d4c2787526eca8a22288,True,8時間前,2026-10-03 05:06:25,京都府
京都府久世郡久御山町の介護職／デイサービス／日勤のみ／賞与3.25ヶ月新着,社会福祉法人弥勒会 特別養護老人ホーム 久御山し...,京都府久世郡久御山町の介護職／デイサービス／日勤のみ／賞与3.25ヶ月,"月給20万9,100円",正社員,介護,求人ボックス,https://xn--pckua2a7gp15o89zb.com/jb/e70c3f14daed071f4502214fec5fcb42,True,7時間前,2026-10-03 05:06:28,京都府
京都府京都市北区の介護職／柊野特別養護老人ホーム／社会福祉法人新着,社会福祉法人柊野福祉会,京都府京都市北区の介護職／柊野特別養護老人ホーム／社会福祉法人,"月給22万9,000円",正社員,介護,求人ボックス,https://xn--pckua2a7gp15o89zb.com/jb/8af948439a3ec1b8fabc085242499d6f,True,8時間前,2026-10-03 05:06:28,京都府
京都府相楽郡南山城村の介護職実務者／正職員／南山城村特別養護老人ホーム...新着,特別養護老人ホーム木の津,京都府相楽郡南山城村の介護職実務者／正職員／南山城村特別養護老人ホーム...,"月給26万5,000円",正社員,介護,求人ボックス,https://xn--pckua2a7gp15o89zb.com/jb/592fd4d45fbcb793a76263dc8f3555da,True,8時間前,2026-10-03 05:06:31,京都府
京都府与謝郡与謝野町の介護職／やすら苑／正職員／社会福祉法人新着,社会福祉法人与謝郡福祉会,京都府与謝郡与謝野町の介護職／やすら苑／正職員／社会福祉法人,"月給22万2,300円",正社員,介護,求人ボックス,https://xn--pckua2a7gp15o89zb.com/jb/dc8ae3d32e7e7336aac3bdfaedf18c29,True,8時間前,2026-10-03 05:06:31,京都府
京都府京都市東山区の急募／介護職／粟田デイサービスセンター新着,社会福祉法人バプテストめぐみ会,京都府京都市東山区の急募／介護職／粟田デイサービスセンター,"月給20万4,480円",正社員,介護,求人ボックス,https://xn--pckua2a7gp15o89zb.com/jb/7ffad6157bdfb962d3045f225d254053,True,8時間前,2026-10-03 05:06:31,京都府
ケアワーカー・介護スタッフ・社会保険完備の職場で介護職／ヘルパー新着,デイサービス ソラスト桂坂,京都府,"月給20万4,600円",正社員,介護,求人ボックス,https://xn--pckua2a7gp15o89zb.com/jb/456c95d04bd17310534e1063d728a9d6,True,7時間前,2026-10-03 05:06:31,京都府
介護職／訪問介護／リホープ／株式会社 シーユーシー・ホスピス新着,株式会社シーユーシー・ホスピス,京都府,"月給23万3,000円",正社員,介護,求人ボックス,https://xn--pckua2a7gp15o89zb.com/jb/4f570c6198f41b98d1adfc00ed4ca5f6,True,8時間前,2026-10-03 05:06:31,京都府
住宅型有料老人ホームの介護職新着,介護,京都府,"月給25万3,400円",正社員,介護,求人ボックス,https://xn--pckua2a7gp15o89zb.com/jb/66e9b17a8b652a497efbd69c4259989c,True,2時間前,2026-10-03 05:06:31,京都府
介護施設の介護職新着,介護,京都府,"月給25万4,300円",正社員,介護,求人ボックス,https://xn--pckua2a7gp15o89zb.com/jb/d4bf6a5bc3935284fac0592cb123e9ce,True,2時間前,2026-10-03 05:06:33,京都府
医療／福祉施設の介護職新着,介護,京都府,"月給28万6,700円",正社員,介護,求人ボックス,https://xn--pckua2a7gp15o89zb.com/jb/a00e3a601c60565e6ee595a7caf8dca9,True,2時間前,2026-10-03 05:06:33,京都府
デイサービスの介護職新着,介護,京都府,"月給27万5,000円",正社員,介護,求人ボックス,https://xn--pckua2a7gp15o89zb.com/jb/5f1a9b90ee1bbf28be9b9d1a57bb4266,True,2時間前,2026-10-03 05:06:33,京都府
夜勤専従の介護職／2027年2月完全新築OPEN!オープニングスタッフ新着,住宅型有料老人ホーム OMO VILLAGE亀岡...,京都府,"日給2万4,000円",アルバイト・パート,介護,求人ボックス,https://xn--pckua2a7gp15o89zb.com/jb/322fa470e7c71a08b4e25f3aa9042aa9,True,14時間前,2026-10-03 05:06:33,京都府
ベネッセグループの介護職／DX化で負担軽減!／アリア京都鴨川御所東新着,株式会社ベネッセスタイルケア,京都府,"時給1,125円～",アルバイト・パート,介護,求人ボックス,https://xn--pckua2a7gp15o89zb.com/jb/bcd25843499a485bea26000d15dba068,True,5時間前,2026-10-03 05:06:37,京都府
地域限定職員・社会保険完備の職場で介護職／ヘルパー新着,ホームヘルプ醍醐,京都府,"月給18万8,050円",契約社員,介護,求人ボックス,https://xn--pckua2a7gp15o89zb.com/jb/7c63421a0355e6473e6a204a78cacb47,True,7時間前,2026-10-03 05:06:37,京都府
介護職／小規模多機能型新着,小規模多機能型居宅介護 ソラストさんきち,京都府,"月給24万1,200円",正社員,介護,求人ボックス,https://xn--pckua2a7gp15o89zb.com/jb/69780770d2d6f55a611d311dc94e6600,True,22時間前,2026-10-03 05:06:42,京都府
介護職新着,株式会社サンガジャパン,京都府,"時給1,275円～1,480円",アルバイト・パート,介護,求人ボックス,https://xn--pckua2a7gp15o89zb.com/jb/c44e835fef35fb32c6ffb79e8504651d,True,17時間前,2026-10-03 05:06:42,京都府
「一歩踏み出すなら今!」／ブレーキペダルの検査スタッフ／未経験歓迎／20~30代活躍中!新着,三陽工業株式会社,京都府,月給19万円～36万円,正社員,介護,求人ボックス,https://xn--pckua2a7gp15o89zb.com/jbn/2bdcfc7bb87a8d894072d71053b2da73,True,14時間前,2026-10-03 05:06:44,京都府
補助中心でOK デイサービスのケアワーカー新着,株式会社ウィルオブ・ワーク,京都府,"時給1,400円",派遣社員,介護,求人ボックス,https://xn--pckua2a7gp15o89zb.com/jb/169c39ee5f67497d3e17436dd37aaba8,True,19時間前,2026-10-03 05:06:44,京都府
介護福祉士新着,ホームケア土屋 京滋,京都府,"時給1,780円～1,850円",アルバイト・パート,介護,求人ボックス,https://xn--pckua2a7gp15o89zb.com/jb/dce748075b621fcf9d3172ca5e56044a,True,4時間前,2026-10-03 05:06:44,京都府
タレント・芸能・観光客のタクシードライバー「週3日勤務」賞与年2回／初年度から月収50万円以上新着,介護職,京都府,"月給47万6,000円",正社員,介護,求人ボックス,https://xn--pckua2a7gp15o89zb.com/jbn/1e77e73ac7ddebe354870ccbc56f25de,True,13時間前,2026-10-03 05:06:49,京都府
京都府京都市西京区の介護福祉士／老健新着,医療法人啓友会 介護老人保健施設 洛西けいゆうの里,京都府京都市西京区の介護福祉士／老健,"月給20万3,000円",正社員,介護,求人ボックス,https://xn--pckua2a7gp15o89zb.com/jb/c258561d3182e2cac15b463d47fdd174,True,8時間前,2026-10-03 05:06:49,京都府
介護施設のケアマネジャー新着,介護,京都府,"月給25万1,850円",正社員,介護,求人ボックス,https://xn--pckua2a7gp15o89zb.com/jb/4867c7dfe5c009bca589d4b93123fafb,True,2時間前,2026-10-03 05:06:49,京都府
寿司酒場のキッチン補助スタッフ新着,株式会社JOU JOU すし酒場さしす 京都ヨド...,京都府,月給26万円～,正社員,介護,求人ボックス,https://xn--pckua2a7gp15o89zb.com/jb/ae746594a40f7a09d8a92b5978d3b291,True,22時間前,2026-10-03 05:06:49,京都府
交通費支給あり!未経験OK!医療事務新着,御所東にしかわクリニック,京都府,"時給1,130円～1,300円",アルバイト・パート,医療事務,求人ボックス,https://xn--pckua2a7gp15o89zb.com/jb/a26c68eae985d3e2972a9e9685156491,True,4時間前,2026-10-03 05:06:21,京都府
京都府京都市下京区の医療事務／レセプト経験者／医療法人 社団愛友会新着,医療法人社団愛友会 明石病院,京都府京都市下京区の医療事務／レセプト経験者／医療法人,月給19万550円,正社員,医療事務,求人ボックス,https://xn--pckua2a7gp15o89zb.com/jb/b75e5f2c4f60cc69b35a5f88cdcf1046,True,8時間前,2026-10-03 05:06:21,京都府
京都府京都市左京区の医療事務／株式会社 HDケアアシスト新着,株式会社HDケアアシスト,京都府京都市左京区の医療事務／株式会社,"月給19万4,000円",正社員,医療事務,求人ボックス,https://xn--pckua2a7gp15o89zb.com/jb/f98d9da9f125f7aabf572f693d38f385,True,8時間前,2026-10-03 05:06:21,京都府
京都府舞鶴市の医療事務 将来の管理職候補新着,医療法人医誠会 東舞鶴医誠会病院,京都府舞鶴市の医療事務,"月給22万5,500円",正社員,医療事務,求人ボックス,https://xn--pckua2a7gp15o89zb.com/jb/55e443962e746ddf9730c8768b1c7ca5,True,8時間前,2026-10-03 05:06:21,京都府
京都府京都市下京区の医療事務／株式会社 大西調剤薬局新着,株式会社大西調剤薬局,京都府京都市下京区の医療事務／株式会社,"月給19万3,000円",正社員,医療事務,求人ボックス,https://xn--pckua2a7gp15o89zb.com/jb/621467853dc3b50e2bceb51ec81c86eb,True,8時間前,2026-10-03 05:06:22,京都府
医療事務／精神科病院新着,医療法人福知会 もみじヶ丘病院,京都府,"月給17万1,620円",正社員,医療事務,求人ボックス,https://xn--pckua2a7gp15o89zb.com/jb/e311a971249e1394fd30f3f44401a26f,True,11時間前,2026-10-03 05:06:22,京都府
事務職／総務事務／交通費全額支給／土日祝休み／未経験OKで安心サポート／年間休日123日以上新着,事務,京都府,"月給22万2,500円",正社員,医療事務,求人ボックス,https://xn--pckua2a7gp15o89zb.com/jbn/452031ccff56e389ba4480ab28e89c02,True,6時間前,2026-10-03 05:06:22,京都府
ペットショップ接客スタッフ／長期勤務をしっかりサポート／週休2日制／車通勤OK／自分の車で通勤可能新着,株式会社犬の家 精華店,京都府,"月給20万3,000円",正社員,医療事務,求人ボックス,https://xn--pckua2a7gp15o89zb.com/jbn/3be480fc95b01c9925371128226dbf22,True,22時間前,2026-10-03 05:06:26,京都府
京都府与謝郡与謝野町の健康診断事業の事務／一般社団法人 京都微生物研究所新着,一般社団法人京都微生物研究所,京都府与謝郡与謝野町の健康診断事業の事務／一般社団法人,"月給20万5,090円",正社員,医療事務,求人ボックス,https://xn--pckua2a7gp15o89zb.com/jb/36a284f8547b9db843aa5120432d16df,True,8時間前,2026-10-03 05:06:26,京都府
未経験から始めるITエンジニア!研修3ヶ月&手順書ありでゼロからデビューできる新着,このお仕事の特徴一般,京都府,月給26万200円,正社員,医療事務,求人ボックス,https://xn--pckua2a7gp15o89zb.com/jbn/d742ab09ce4fbe2e5856d951a9c09cf0,True,12時間前,2026-10-03 05:06:26,京都府
PC入力メインのやさしい事務ワーク!年間休日125日以上でプライベートも充実／月給26万6200円～新着,事務,京都府,月給26万6200円,正社員,医療事務,求人ボックス,https://xn--pckua2a7gp15o89zb.com/jbn/3266e5ad132adeb7180127cceffc4fc4,True,12時間前,2026-10-03 05:06:26,京都府
手に職をつけたい方へのITエンジニア!研修3ヶ月&手順書ありでゼロからデビューできる新着,このお仕事の特徴一般,京都府,"月給26万1,100円",正社員,医療事務,求人ボックス,https://xn--pckua2a7gp15o89zb.com/jbn/0343670d279784c2fe4bb554e771b52d,True,12時間前,2026-10-03 05:06:26,京都府
在庫表に入力するだけのシンプル業務!完全週休2日制でオンとオフをしっかり切り替え新着,このお仕事の特徴一般,京都府,"月給26万9,200円",正社員,医療事務,求人ボックス,https://xn--pckua2a7gp15o89zb.com/jbn/a33d4d73a9e9531fa113370272275598,True,12時間前,2026-10-03 05:06:29,京都府
資格取得支援ありのITエンジニア!研修3ヶ月&手順書ありでゼロからデビューできる新着,このお仕事の特徴一般,京都府,"月給26万2,600円",正社員,医療事務,求人ボックス,https://xn--pckua2a7gp15o89zb.com/jbn/3fdd07468ffc536a509377944a002558,True,12時間前,2026-10-03 05:06:29,京都府
コツコツ進める書類管理のオフィスワーク!土日祝休み・残業ほぼなしで働きやすい環境新着,事務,京都府,"月給26万8,900円",正社員,医療事務,求人ボックス,https://xn--pckua2a7gp15o89zb.com/jbn/2fabee143ea91828c628d093ef11231f,True,12時間前,2026-10-03 05:06:29,京都府
数字を扱うのが好きな方歓迎の事務ワーク!年間休日125日以上でプライベートも充実新着,このお仕事の特徴一般,京都府,月給26万400円,正社員,医療事務,求人ボックス,https://xn--pckua2a7gp15o89zb.com/jbn/3cee6a03b2c7c946a989dcc239570e7f,True,12時間前,2026-10-03 05:06:29,京都府
専門知識は不要のIT事務スタッフ!データ入力・書類作成メインのやさしいオフィスワーク新着,事務,京都府,月給26万600円,正社員,医療事務,求人ボックス,https://xn--pckua2a7gp15o89zb.com/jbn/a4ce71c2e7bc3a30d53404dfda80bcf7,True,12時間前,2026-10-03 05:06:32,京都府
PC入力メインのやさしい事務ワーク!未経験スタートを応援する研修制度あり／月給26万2900円～新着,事務,京都府,月給26万2900円,正社員,医療事務,求人ボックス,https://xn--pckua2a7gp15o89zb.com/jbn/b687c37c0380a8b5db93a6e1df5a0151,True,12時間前,2026-10-03 05:06:32,京都府
コツコツ進める社内イベントの裏方業務!未経験スタートを応援する研修制度あり／月給26万3100円～新着,事務,京都府,月給26万3100円,正社員,医療事務,求人ボックス,https://xn--pckua2a7gp15o89zb.com/jbn/258738c57cf695813c19a9817b535d85,True,12時間前,2026-10-03 05:06:32,京都府
はじめての事務にぴったりのイベント準備!年間休日125日以上でプライベートも充実新着,事務,京都府,"月給26万8,600円",正社員,医療事務,求人ボックス,https://xn--pckua2a7gp15o89zb.com/jbn/c37d5e9c6d4b5b87ffb0115e50656c33,True,12時間前,2026-10-03 05:06:36,京都府
コツコツ入力するだけのシンプルデータ入力!土日祝休み・残業ほぼなしで働きやすい環境新着,事務,京都府,"月給26万5,600円",正社員,医療事務,求人ボックス,https://xn--pckua2a7gp15o89zb.com/jbn/75c5ba81dc6e50ad2c6f2970a80fa67a,True,12時間前,2026-10-03 05:06:36,京都府
覚えることは少なめの庶務サポート事務!「ありがとう」を直接もらえる縁の下の力持ち新着,事務,京都府,"月給26万8,700円",正社員,医療事務,求人ボックス,https://xn--pckua2a7gp15o89zb.com/jbn/92e92f10e31dc4c024e7e94c43371094,True,12時間前,2026-10-03 05:06:36,京都府
京都府南丹市の事務職／医事課／医療法人社団 菫会 園部病院新着,医療法人社団菫会 園部病院,京都府南丹市の事務職／医事課／医療法人社団,"月給19万6,000円",正社員,医療事務,求人ボックス,https://xn--pckua2a7gp15o89zb.com/jb/370507898516fea1fc96cd928a829307,True,8時間前,2026-10-03 05:06:36,京都府
気配りが活きる社内イベント運営!年間休日125日以上でプライベートも充実／月給26万3600円～新着,事務,京都府,月給26万3600円,正社員,医療事務,求人ボックス,https://xn--pckua2a7gp15o89zb.com/jbn/81b5ecdbfd169b45f17b5344a917f298,True,12時間前,2026-10-03 05:06:40,京都府
書類作成&庶務サポート事務!年間休日125日以上でプライベートも充実／月給26万4200円～新着,事務,京都府,月給26万4200円,正社員,医療事務,求人ボックス,https://xn--pckua2a7gp15o89zb.com/jbn/242713a665826d6283a3ede9170604d2,True,12時間前,2026-10-03 05:06:40,京都府
コツコツ進めるIT企業のサポート事務／月給26万9900円～新着,事務,京都府,月給26万9900円,正社員,医療事務,求人ボックス,https://xn--pckua2a7gp15o89zb.com/jbn/dfa7519737eed8c7a62d27c946ea3ed2,True,12時間前,2026-10-03 05:06:42,京都府
人と話すのが好きな方歓迎のヘルプデスク!未経験から始められる社内ITサポート業務／月給26万円～新着,このお仕事の特徴一般,京都府,月給26万円～,正社員,医療事務,求人ボックス,https://xn--pckua2a7gp15o89zb.com/jbn/e5a860fb72df3241b97233f95de211f9,True,12時間前,2026-10-03 05:06:42,京都府
もくもく作業が好きな方へのファイリング事務!土日祝休み・残業ほぼなしで働きやすい環境新着,事務,京都府,"月給26万6,100円",正社員,医療事務,求人ボックス,https://xn--pckua2a7gp15o89zb.com/jbn/62e8adeb9dc62e123cde4ace265a53ed,True,12時間前,2026-10-03 05:06:42,京都府
見本どおりに進める書類作成スタッフ!年間休日125日以上でプライベートも充実／月給26万4600円～新着,事務,京都府,月給26万4600円,正社員,医療事務,求人ボックス,https://xn--pckua2a7gp15o89zb.com/jbn/e0241a894fffb34dc2732c0b13668235,True,12時間前,2026-10-03 05:06:46,京都府
電卓不要でシステム入力メインの事務!土日祝休み・残業ほぼなしで働きやすい環境／月給26万8500円～新着,このお仕事の特徴一般,京都府,月給26万8500円,正社員,医療事務,求人ボックス,https://xn--pckua2a7gp15o89zb.com/jbn/8883627d4e88ad8139c25069bb30c89b,True,12時間前,2026-10-03 05:06:46,京都府
静かな環境でもくもく作業のデータ入力!土日祝休み・残業ほぼなしで働きやすい環境新着,事務,京都府,"月給26万8,100円",正社員,医療事務,求人ボックス,https://xn--pckua2a7gp15o89zb.com/jbn/24db5f098263d206057a8a08020c59fb,True,12時間前,2026-10-03 05:06:46,京都府
整理整頓が得意な方歓迎のファイリング業務!年間休日125日以上でプライベートも充実新着,事務,京都府,"月給26万7,500円",正社員,医療事務,求人ボックス,https://xn--pckua2a7gp15o89zb.com/jbn/0f2d012886cc25a8c1b397c573a33623,True,12時間前,2026-10-03 05:06:46,京都府
オフィス備品の在庫チェック&発注サポート事務／月給26万4400円～新着,このお仕事の特徴一般,京都府,月給26万4400円,正社員,医療事務,求人ボックス,https://xn--pckua2a7gp15o89zb.com/jbn/51c6e6254a42cbacfe5af9575330d09b,True,12時間前,2026-10-03 05:06:46,京都府
落ち着いた環境で進める書類作成&庶務!「ありがとう」を直接もらえる縁の下の力持ち新着,事務,京都府,"月給26万8,000円",正社員,医療事務,求人ボックス,https://xn--pckua2a7gp15o89zb.com/jbn/d1a688d9f167c74efb9df559de41a86e,True,12時間前,2026-10-03 05:06:50,京都府
パソコンの困ったを解決するお仕事!よくある質問と回答例があるから初日から安心／月給26万9200円～新着,このお仕事の特徴一般,京都府,月給26万9200円,正社員,医療事務,求人ボックス,https://xn--pckua2a7gp15o89zb.com/jbn/22d0ae141c1e1af69216075baabc32e6,True,12時間前,2026-10-03 05:06:50,京都府
オフィス備品の在庫チェック&発注サポート事務／月給26万7700円～新着,このお仕事の特徴一般,京都府,月給26万7700円,正社員,医療事務,求人ボックス,https://xn--pckua2a7gp15o89zb.com/jbn/e24609a11bd89ae9d74dbad4bcfe08d4,True,12時間前,2026-10-03 05:06:50,京都府
落ち着いた環境で進める書類作成&庶務!研修とマニュアルがあるから初日から安心／月給26万5600円～新着,事務,京都府,月給26万5600円,正社員,医療事務,求人ボックス,https://xn--pckua2a7gp15o89zb.com/jbn/e0bd8086940ca44953677868e5376a5c,True,12時間前,2026-10-03 05:06:50,京都府
京都府京都市伏見区の放課後等デイサービス支援員／保育士／一般社団法人新着,一般社団法人三つ撚り,京都府京都市伏見区の放課後等デイサービス支援員／保育士／一般社団法人,月給21万円～25万円,正社員,保育,求人ボックス,https://xn--pckua2a7gp15o89zb.com/jb/e7bc764e013458514ef7e01c2264fcee,True,8時間前,2026-10-03 05:06:31,京都府
送迎業務なし持ち帰り仕事なし・週2日から保育士新着,保育士,京都府,"時給1,200円～1,500円",アルバイト・パート,保育,求人ボックス,https://xn--pckua2a7gp15o89zb.com/jb/0c5da50d2e2eaee964a687ef32e134ee,True,14時間前,2026-10-03 05:06:31,京都府
京都府長岡京市の保育士／児童指導員／放課後等デイサービス ドラセナ新着,株式会社MORE,京都府長岡京市の保育士／児童指導員／放課後等デイサービス,月給21万円,正社員,保育,求人ボックス,https://xn--pckua2a7gp15o89zb.com/jb/d655d32a5911733cf1bdd52984f9f77a,True,8時間前,2026-10-03 05:06:31,京都府
週2日から・午前のみ!2歳から年少まで・子どもたちの保育士新着,保育士,京都府,"時給1,200円～1,500円",アルバイト・パート,保育,求人ボックス,https://xn--pckua2a7gp15o89zb.com/jb/3a88ae1e02c958c52bf7c5720640974a,True,14時間前,2026-10-03 05:06:31,京都府
保育士新着,保育士,京都府,"時給1,200円～1,500円",アルバイト・パート,保育,求人ボックス,https://xn--pckua2a7gp15o89zb.com/jb/4b8271350249db76baefd531effe823b,True,13時間前,2026-10-03 05:06:31,京都府
京都府京都市左京区の保育士／学校法人 雲母学園新着,学校法人雲母学園,京都府京都市左京区の保育士／学校法人,"月給23万7,380円",正社員,保育,求人ボックス,https://xn--pckua2a7gp15o89zb.com/jb/99dd508a9daeb08b8a09b7e389e97f15,True,8時間前,2026-10-03 05:06:32,京都府
京都府京都市伏見区の保育士／株式会社 グランディール新着,株式会社グランディール,京都府京都市伏見区の保育士／株式会社,"月給20万5,000円",正社員,保育,求人ボックス,https://xn--pckua2a7gp15o89zb.com/jb/24ef11ab600cf4bd56f05500a8553731,True,8時間前,2026-10-03 05:06:32,京都府
京都府京都市伏見区の保育士／株式会社 SHOTEC新着,株式会社SHOTEC,京都府京都市伏見区の保育士／株式会社,月給25万円～28万円,正社員,保育,求人ボックス,https://xn--pckua2a7gp15o89zb.com/jb/39bf0a0ad61a8f56c25ca362ea1c654a,True,8時間前,2026-10-03 05:06:32,京都府
京都府京都市西京区の保育士／重心型放課後等デイサービス ぽっけのなか新着,株式会社グリッド,京都府京都市西京区の保育士／重心型放課後等デイサービス,"月給22万1,000円",正社員,保育,求人ボックス,https://xn--pckua2a7gp15o89zb.com/jb/981879ff9b7101a67a595ca9752415bb,True,8時間前,2026-10-03 05:06:32,京都府
週1日・土曜午前のみ!2歳児から年少まで・子どもたちの保育士新着,保育士,京都府,"時給1,200円～1,500円",アルバイト・パート,保育,求人ボックス,https://xn--pckua2a7gp15o89zb.com/jb/949eeb6008878598e70f228f8de3e9c2,True,13時間前,2026-10-03 05:06:32,京都府
保育士募集・ボーナス・賞与あり新着,大谷園林こども園,京都府,"月給20万5,000円",正社員,保育,求人ボックス,https://xn--pckua2a7gp15o89zb.com/jb/3517a09065cf3c3a1e229219e59d9869,True,7時間前,2026-10-03 05:06:32,京都府
京都府京都市右京区の保育士／小規模保育園／あいりす山ノ内保育園新着,グローイング株式会社,京都府京都市右京区の保育士／小規模保育園／あいりす山ノ内保育園,月給24万円～28万円,正社員,保育,求人ボックス,https://xn--pckua2a7gp15o89zb.com/jb/a5dbab9706cea5d4c1e2ee4fe5271e79,True,8時間前,2026-10-03 05:06:32,京都府
児童発達支援事業所の保育士新着,保育士,京都府,"時給1,200円～1,500円",アルバイト・パート,保育,求人ボックス,https://xn--pckua2a7gp15o89zb.com/jb/a7d778c286d5c8011ada0be76b959c57,True,13時間前,2026-10-03 05:06:32,京都府
子育て世代活躍中!週2日から短時間勤務できる保育士新着,保育士,京都府,"時給1,200円～1,500円",アルバイト・パート,保育,求人ボックス,https://xn--pckua2a7gp15o89zb.com/jb/14a34e015515990af8b7a5de55af5c82,True,13時間前,2026-10-03 05:06:36,京都府
京都府八幡市の保育士／合同会社 Little by Little新着,合同会社Little by Little,京都府八幡市の保育士／合同会社,月給22万円～28万,正社員,保育,求人ボックス,https://xn--pckua2a7gp15o89zb.com/jb/90bc532dc050d76950e6e234c757035c,True,8時間前,2026-10-03 05:06:36,京都府
週3回1日4時間から相談できる子連れ出勤可の保育士新着,保育,京都府,"時給1,200円～1,500円",アルバイト・パート,保育,求人ボックス,https://xn--pckua2a7gp15o89zb.com/jb/d8430aa50cc3f82bb394187c7a5da1a4,True,13時間前,2026-10-03 05:06:36,京都府
少人数だからしっかり寄り添える土日祝休みで1日4時間から保育士新着,保育,京都府,"時給1,200円～1,500円",アルバイト・パート,保育,求人ボックス,https://xn--pckua2a7gp15o89zb.com/jb/0a1463854dc7da081387675f60ab3d77,True,13時間前,2026-10-03 05:06:36,京都府
土日祝休み8時からもしくは18時まで勤務できる方歓迎の保育士新着,保育,京都府,"時給1,200円～1,500円",アルバイト・パート,保育,求人ボックス,https://xn--pckua2a7gp15o89zb.com/jb/111ace3c0becbfa663f3c0c8c7dd608b,True,13時間前,2026-10-03 05:06:36,京都府
京都府京都市右京区の保育士／フレックス制×少人数支援の放課後デイ新着,株式会社IDEA Kyoto,京都府京都市右京区の保育士／フレックス制×少人数支援の放課後デイ,"月給22万5,000円",正社員,保育,求人ボックス,https://xn--pckua2a7gp15o89zb.com/jb/c26cde0b8b46a8d94cba317bad05fe58,True,8時間前,2026-10-03 05:06:36,京都府
保育士・幼稚園教諭／No.33018 短時間 9～13時／週3日新着,ベルサンテスタッフ株式会社,京都府,"時給1,250円～",派遣社員,保育,求人ボックス,https://xn--pckua2a7gp15o89zb.com/jb/6b60f4ae10a2c7799a0aa61ca01d9108,True,14時間前,2026-10-03 05:06:36,京都府
保育士 仲良しな職場で乳児とふれあう楽しい日々新着,株式会社ウィルオブ・ワーク,京都府,"時給1,400円～1,500円",派遣社員,保育,求人ボックス,https://xn--pckua2a7gp15o89zb.com/jb/0eaecbc301166d140c10ced3468ac714,True,12時間前,2026-10-03 05:06:39,京都府
データ入力・未経験OK「ネイルOK／服装自由」土日休み／残業なし「20代活躍中」新着,...<こんな方にぴったり>・前向きな気持ちで事務職に挑戦したい・仕事/プライベートのメリハリをつけたい・スキルを身につけて長期的に活躍したいー こんな前職の方が入社中ー接客業/販売業/飲食店/,京都府,"月給21万6,500円",正社員,保育,求人ボックス,https://xn--pckua2a7gp15o89zb.com/jbn/43bdd19eaa71c896d73dbcbccc205290,True,23時間前,2026-10-03 05:06:39,京都府
一般事務・未経験OK「ネイルOK・服装自由」土日休み・残業なし・20代活躍中新着,...<こんな方にぴったり>・前向きな気持ちで事務職に挑戦したい・仕事/プライベートのメリハリをつけたい・スキルを身につけて長期的に活躍したいー こんな前職の方が入社中ー接客業/販売業/飲食店/,京都府,"月給21万6,500円",正社員,保育,求人ボックス,https://xn--pckua2a7gp15o89zb.com/jbn/11339796658286a25a590c7f1f464a29,True,22時間前,2026-10-03 05:06:39,京都府
受付事務 完全週休2日制・服装自由 20代活躍中・未経験歓迎／WEB選考新着,...前向きな気持ちで事務職デビューしたい方・仕事/プライベートのメリハリをつけたい方・スキル/資格を身につけ長期で活躍したい方ー こんな前職の方が入社中ー接客業/販売業/飲食/看護師/,京都府,"月給21万6,500円",正社員,保育,求人ボックス,https://xn--pckua2a7gp15o89zb.com/jbn/337253d466efc12c7257bde13c8d71c9,True,23時間前,2026-10-03 05:06:39,京都府
受付・データ入力スタッフ／丁寧な教育体制／未経験OK／若手中心／教育体制あり／残業少なめ新着,株式会社ホワイトキャリア,京都府,月給21万円～50万円,正社員,保育,求人ボックス,https://xn--pckua2a7gp15o89zb.com/jbn/cee23d9940280fe38edc137a1a571151,True,6時間前,2026-10-03 05:06:39,京都府
京都府京都市右京区の保育教諭新着,社会福祉法人向上社 幼保連携型認定こども園 向上...,京都府京都市右京区の保育教諭,"月給20万8,640円",正社員,保育,求人ボックス,https://xn--pckua2a7gp15o89zb.com/jb/6ca2654055bb3ea50bfac29189514cc6,True,8時間前,2026-10-03 05:06:43,京都府
放課後等デイサービスの児童指導員／指導員新着,放課後等デイサービス 花咲み,京都府,"時給1,350円～1,600円",アルバイト・パート,保育,求人ボックス,https://xn--pckua2a7gp15o89zb.com/jb/f91ed15ea50e23af5c3a325f201a588c,True,7時間前,2026-10-03 05:06:43,京都府
京都府京都市西京区の歯科助手・受付新着,どうとう矯正歯科クリニック,京都府京都市西京区の歯科助手・受付,"月給21万5,000円",正社員,保育,求人ボックス,https://xn--pckua2a7gp15o89zb.com/jb/091fb9fe477fdaf96460983af0511b28,True,8時間前,2026-10-03 05:06:43,京都府
車通勤OK／ブランクOK新着,合同会社プラスジャパン,京都府,"時給1,180円～1,200円",アルバイト・パート,保育,求人ボックス,https://xn--pckua2a7gp15o89zb.com/jb/d6c434b478155a659c067b801cbc4b56,True,13時間前,2026-10-03 05:06:43,京都府
近所で働きたい方に 自転車通勤手当あり!週2日から未就学児の児童指導員新着,保育士,京都府,"時給1,200円～1,500円",アルバイト・パート,保育,求人ボックス,https://xn--pckua2a7gp15o89zb.com/jb/5defd1af4a6488fd0f4720ba660b3cf2,True,13時間前,2026-10-03 05:06:43,京都府
粘土やキネティックサンドなど感覚遊びを未就学児と一緒に!発達支援スタッフ新着,保育士,京都府,"時給1,200円～1,500円",アルバイト・パート,保育,求人ボックス,https://xn--pckua2a7gp15o89zb.com/jb/2882105d3cb7e75bf01bdf1b9fc17d41,True,13時間前,2026-10-03 05:06:43,京都府
週1日・土曜午前のみ!2歳から年少の子どもたちの発達支援スタッフ新着,保育士,京都府,"時給1,200円～1,500円",アルバイト・パート,保育,求人ボックス,https://xn--pckua2a7gp15o89zb.com/jb/1ed73d13759c143b8e995cd94d756ee1,True,13時間前,2026-10-03 05:06:43,京都府
児童発達支援事業所の児童指導員新着,保育士,京都府,"時給1,200円～1,500円",アルバイト・パート,保育,求人ボックス,https://xn--pckua2a7gp15o89zb.com/jb/01cdb32c7f36fc2e800d39b59cacaba6,True,13時間前,2026-10-03 05:06:43,京都府
年齢不問 50代60代も歓迎!週2日から未就学児の支援員新着,保育士,京都府,"時給1,200円～1,500円",アルバイト・パート,保育,求人ボックス,https://xn--pckua2a7gp15o89zb.com/jb/69b0b594eeec62969509edb923163119,True,13時間前,2026-10-03 05:06:46,京都府
児童指導員新着,保育士,京都府,"時給1,200円～1,500円",アルバイト・パート,保育,求人ボックス,https://xn--pckua2a7gp15o89zb.com/jb/ff54d416e4dc3402394e573922d5a823,True,13時間前,2026-10-03 05:06:46,京都府
未就学児の療育を支える児童指導員新着,保育士,京都府,"時給1,200円～1,500円",アルバイト・パート,保育,求人ボックス,https://xn--pckua2a7gp15o89zb.com/jb/ca4104c95f76cac40139fe52abbb6d3b,True,13時間前,2026-10-03 05:06:46,京都府
週2日から未就学児と遊びながら成長を支える児童指導員新着,保育士,京都府,"時給1,200円～1,500円",アルバイト・パート,保育,求人ボックス,https://xn--pckua2a7gp15o89zb.com/jb/45119df0f5538f4a65f928de5fcf4f72,True,14時間前,2026-10-03 05:06:46,京都府
実働短めフルタイム!子どもたちの発達をサポートする児童指導員新着,保育士,京都府,"月給17万6,800円",アルバイト・パート,保育,求人ボックス,https://xn--pckua2a7gp15o89zb.com/jb/436296ac09339ef7f99f2315ab940973,True,13時間前,2026-10-03 05:06:46,京都府
週2日から・午前のみ!2歳から年少の子どもたち4名の発達支援スタッフ新着,保育士,京都府,"時給1,200円～1,500円",アルバイト・パート,保育,求人ボックス,https://xn--pckua2a7gp15o89zb.com/jb/d61b38b2474118ddf17de6cfe6c7af85,True,14時間前,2026-10-03 05:06:46,京都府
ロープブランコやボルダリングなど・未就学児と一緒に楽しみながら発達支援サポーター新着,保育士,京都府,"時給1,200円～1,500円",アルバイト・パート,保育,求人ボックス,https://xn--pckua2a7gp15o89zb.com/jb/7d7f082412ed3c2b5b8a45d13ef33115,True,13時間前,2026-10-03 05:06:51,京都府
子育て世代活躍中!週2日から未就学児の発達支援スタッフ新着,保育士,京都府,"時給1,200円～1,500円",アルバイト・パート,保育,求人ボックス,https://xn--pckua2a7gp15o89zb.com/jb/8676f55cff14e04f0f9d9595dceb74f5,True,14時間前,2026-10-03 05:06:51,京都府
接客・販売／ドコモショップ福知山店新着,株式会社大嶋カーサービス,京都府,"月給24万5,000円",正社員,保育,求人ボックス,https://xn--pckua2a7gp15o89zb.com/jb/a61d1526085e91f3680317171e5406e3,True,14時間前,2026-10-03 05:06:51,京都府
お休みたっぷり 未経験からムリなく働く 事務 滋賀・京都勤務新着,株式会社スタッフサービス,京都府,"月給18万9,000円",正社員,保育,求人ボックス,https://xn--pckua2a7gp15o89zb.com/jb/f1dcb276ddb5193c3ac1e50bc852729a,True,23時間前,2026-10-03 05:06:51,京都府
お食事準備やお話相手など障がい者グループホームの世話人 週2日～日勤のみ 副業OK マイカー通勤OK新着,ソーシャルインクルー株式会社,京都府,"時給1,250円",アルバイト・パート,保育,求人ボックス,https://xn--pckua2a7gp15o89zb.com/jb/b5fd1e6d45a84130c9c92c5c29cb10a4,True,13時間前,2026-10-03 05:06:51,京都府
接客・販売／auショップ大手筋新着,株式会社アクセスブリッジ,京都府,"月給24万5,000円",正社員,保育,求人ボックス,https://xn--pckua2a7gp15o89zb.com/jb/2d6b3f37638992335576dce9e9c2dfad,True,13時間前,2026-10-03 05:06:51,京都府
事務 未経験歓迎 最大年休130日 残業ほぼなし 5連休OK 産育休実績あり新着,株式会社ジョブズコンストラクション,京都府,月給23万円～30万円,正社員,保育,求人ボックス,https://xn--pckua2a7gp15o89zb.com/jb/1dec8e8b6731acce33a7d70ad7075e3c,True,17時間前,2026-10-03 05:06:51,京都府
社会人経験3年未満の方 売るより面白い”買う営業”に挑戦 未経験歓迎 住宅用地の目利き力が武器に新着,株式会社Progress Group,京都府,月給25万円～40万円,契約社員,保育,求人ボックス,https://xn--pckua2a7gp15o89zb.com/jb/743747498021ad5566431c6c637faf66,True,9時間前,2026-10-03 05:06:55,京都府
医療・介護・福祉・保育・栄養士新着,株式会社ウィルエージェンシー メディカル京都,京都府,"時給1,600円～",派遣社員,保育,求人ボックス,https://xn--pckua2a7gp15o89zb.com/jb/b781c4adb3102d42567cc9783a057a4f,True,11時間前,2026-10-03 05:06:55,京都府
特別養護老人ホームでの介護士新着,株式会社トラストグロース,京都府,"時給1,400円～",派遣社員,保育,求人ボックス,https://xn--pckua2a7gp15o89zb.com/jb/0343066d9ea89290b2d460414aa9a69e,True,2時間前,2026-10-03 05:06:55,京都府
京都府宇治市の栄養士／あさひ保育園／エリア正社員／株式会社 魚国総本社 京都支社新着,株式会社魚国総本社,京都府宇治市の栄養士／あさひ保育園／エリア正社員／株式会社,"月給21万6,000円",正社員,保育,求人ボックス,https://xn--pckua2a7gp15o89zb.com/jb/a27f7fe6481e1362164a66b5f7c794e9,True,8時間前,2026-10-03 05:06:55,京都府
京都府福知山市の介護スタッフ 未経験OK 夜勤2名体制 見学のみOK／社会福祉法人 五十鈴会新着,社会福祉法人五十鈴会,京都府福知山市の介護スタッフ,"月給19万5,000円",正社員,保育,求人ボックス,https://xn--pckua2a7gp15o89zb.com/jb/1fdd754cac472898dc2dc88b55cc2c08,True,8時間前,2026-10-03 05:06:55,京都府
調理師／12月～入職可／9時～OK／時給1550円～／土日祝お休み／1日100食程度新着,株式会社アスカ,京都府,時給1550円～,派遣社員,保育,求人ボックス,https://xn--pckua2a7gp15o89zb.com/jb/98cb629b02727b04094927906669191a,True,13時間前,2026-10-03 05:06:58,京都府
地域包括支援センターの介護支援専門員／駅チカ／「今出川駅」より徒歩8分／賞与3.5ヶ月／日勤のみ新着,jobフレンド,京都府,月給21万円～21万,正社員,保育,求人ボックス,https://xn--pckua2a7gp15o89zb.com/jb/7c8f14c025410cd9c628e9415761a111,True,22時間前,2026-10-03 05:06:58,京都府
栄養士 育休復帰者多数!仕事も家庭も大切にできる環境新着,株式会社テスティパル,京都府,月給21万円～29万円,正社員,保育,求人ボックス,https://xn--pckua2a7gp15o89zb.com/jb/deb2ab7b0ed901d8ec5788f53c4b34da,True,18時間前,2026-10-03 05:06:58,京都府
京都府京都市下京区の看護師／日勤常勤／病棟勤務／医療法人 社団愛友会 明石病院新着,医療法人社団愛友会 明石病院,京都府京都市下京区の看護師／日勤常勤／病棟勤務／医療法人,"月給22万5,910円",正社員,保育,求人ボックス,https://xn--pckua2a7gp15o89zb.com/jb/e4ed4a6f0da34668644af4dc776cf13b,True,8時間前,2026-10-03 05:06:58,京都府
管理栄養士／病院・クリニック新着,洛西ニュータウン病院,京都府,"月給21万8,000円",契約社員,保育,求人ボックス,https://xn--pckua2a7gp15o89zb.com/jb/1dbd53e9600d9eb824d0243ce009d9e7,True,14時間前,2026-10-03 05:06:58,京都府
2027 新卒採用 福祉サービス新着,社会福祉法人アイリス福祉会,京都府,"月給21万8,100円",正社員,保育,求人ボックス,https://xn--pckua2a7gp15o89zb.com/jb/cc26596f8b24a461994c1a90386fa040,True,16時間前,2026-10-03 05:06:58,京都府
保育士／12時～18時など時間固定OK／週4日～／駅チカ／定員95名の...新着,社会福祉法人うぐいす会,京都府,"時給1,200円～1,250円",アルバイト・パート,保育,求人ボックス,https://xn--pckua2a7gp15o89zb.com/jb/748286c1296e0978dd2e1ed86ba62a28,True,13時間前,2026-10-03 05:06:58,京都府
保育士／2027年4月～／賞与4ヶ月以上!／住宅手当あり／複数担任新着,社会福祉法人樫原ふじ福祉会,京都府,"月給20万5,500円",正社員,保育,求人ボックス,https://xn--pckua2a7gp15o89zb.com/jb/edb0117c21f91a14f6d95ac5c5be81ac,True,13時間前,2026-10-03 05:07:02,京都府
児童指導員／児童発達支援／児童指導員／お子さまの可能性を拡げる支援員になりましょう／未経験OK新着,LITALICOジュニア三条,京都府,"月給25万3,400円",正社員,保育,求人ボックス,https://xn--pckua2a7gp15o89zb.com/jbn/f0d38c316637dc8c80b4b3cbda3bc978,True,23時間前,2026-10-03 05:07:02,京都府
データ入力事務／未経験OK「ネイルOK」土日祝休み／残業なし「20代女性活躍中」新着,保育士,京都府,"月給21万5,000円",正社員,保育,求人ボックス,https://xn--pckua2a7gp15o89zb.com/jbn/0af8cd3e4da39bba3415b41fc7d2fb6a,True,23時間前,2026-10-03 05:07:02,京都府
データ入力事務・未経験OK「ネイルOK」土日祝休み・残業なし「20代活躍中」新着,...<こんな方にぴったり>・前向きな気持ちで事務職に挑戦したい・仕事/プライベートのメリハリをつけたい・スキルを身につけて長期的に活躍したいー こんな前職の方が入社中ー接客業/販売業/飲食店/,京都府,"月給21万6,000円",正社員,保育,求人ボックス,https://xn--pckua2a7gp15o89zb.com/jbn/74790e9b121d32254d3f8d7d2f89604e,True,23時間前,2026-10-03 05:07:02,京都府
受付事務 土日祝休み・残業なし 未経験OK・20代活躍中／オンライン面接新着,...前向きな気持ちで事務職デビューしたい方・仕事/プライベートのメリハリをつけたい方・スキル/資格を身につけ長期で活躍したい方ー こんな前職の方が入社中ー接客業/販売業/飲食/看護師/,京都府,"月給21万8,000円",正社員,保育,求人ボックス,https://xn--pckua2a7gp15o89zb.com/jbn/b02450160395b56d8a7875cd902d3e4a,True,22時間前,2026-10-03 05:07:02,京都府
データ入力／20代活躍中・未経験OK／残業なし／賞与あり／オンライン面接新着,...前向きな気持ちで事務職デビューしたい方・仕事/プライベートのメリハリをつけたい方・スキル/資格を身につけ長期で活躍したい方ー こんな前職の方が入社中ー接客業/販売業/飲食/看護師/,京都府,"月給21万8,000円",正社員,保育,求人ボックス,https://xn--pckua2a7gp15o89zb.com/jbn/b7fd7345c0ec60ba011a714360429c6c,True,23時間前,2026-10-03 05:07:02,京都府
京都府京田辺市の美容師／emu／松井山手／急募／hairSCOEUR新着,株式会社エスクール,京都府京田辺市の美容師／emu／松井山手／急募／hairSCOEUR,月給22万円～24万円,正社員,美容,求人ボックス,https://xn--pckua2a7gp15o89zb.com/jb/9d0f0269cd2c3c2a939cb5f91e456f32,True,8時間前,2026-10-03 05:06:52,京都府
美容師／アシスタント／ナチュラルピー 東向日店新着,株式会社Natural.P,京都府,月給21万円～26万円,正社員,美容,求人ボックス,https://xn--pckua2a7gp15o89zb.com/jb/88a80c686df19fb99e741133261def5f,True,3時間前,2026-10-03 05:06:52,京都府
京都府京都市山科区の美容師スタイリスト／sala山科アイムインターナシ...新着,有限会社ギャザーアンドギャザー,京都府京都市山科区の美容師スタイリスト／sala山科アイムインターナシ...,月給24万円,正社員,美容,求人ボックス,https://xn--pckua2a7gp15o89zb.com/jb/619a30e7eb48d9f082982c129a6cf3d1,True,8時間前,2026-10-03 05:06:52,京都府
京都府京都市中京区の美容師スタイリスト／sala三条新着,有限会社アイムインターナショナル,京都府京都市中京区の美容師スタイリスト／sala三条,月給24万円,正社員,美容,求人ボックス,https://xn--pckua2a7gp15o89zb.com/jb/ec879a86891225c30b254d0ea3deffb4,True,8時間前,2026-10-03 05:06:52,京都府
京都府綾部市の美容師アシスタント／セーダ店／株式会社 みつまる美容室新着,株式会社みつまる美容室,京都府綾部市の美容師アシスタント／セーダ店／株式会社,月給20万円～22万円,正社員,美容,求人ボックス,https://xn--pckua2a7gp15o89zb.com/jb/a7faf35aa539de0cd8684e5f49afc150,True,8時間前,2026-10-03 05:06:52,京都府
京都府京都市西京区の美容師・スタイリスト／SALONS 阪急桂駅前店新着,株式会社イーサロングループ,京都府京都市西京区の美容師・スタイリスト／SALONS,月給24万円～26万,正社員,美容,求人ボックス,https://xn--pckua2a7gp15o89zb.com/jb/b5d4020bdda36d76862678c6e0f7a6b9,True,8時間前,2026-10-03 05:06:52,京都府
美容師／病院や介護施設新着,株式会社央進,京都府,"時給1,230円～1,830円",アルバイト・パート,美容,求人ボックス,https://xn--pckua2a7gp15o89zb.com/jb/c15fcdcfac292415e884cb023304090e,True,12時間前,2026-10-03 05:06:52,京都府
アイリスト新着,beauty salon SOL BLARE,京都府,"時給1,200円～",,美容,求人ボックス,https://xn--pckua2a7gp15o89zb.com/jb/7eda77af072535fdd3b291ccfdc0687a,True,9時間前,2026-10-03 05:06:53,京都府
受付事務 完全週休2日制・服装自由 20代活躍中・未経験歓迎／WEB選考新着,...前向きな気持ちで事務職デビューしたい方・仕事/プライベートのメリハリをつけたい方・スキル/資格を身につけ長期で活躍したい方ー こんな前職の方が入社中ー接客業/販売業/飲食/看護師/保育士/調理師,京都府,"月給21万6,500円",正社員,美容,求人ボックス,https://xn--pckua2a7gp15o89zb.com/jbn/924b637e6ae474c8eb1236f5e04206f6,True,23時間前,2026-10-03 05:06:53,京都府
オフィスワーク／職種未経験歓迎／教育体制あり／完全週休2日制／年間休日120日以上／残業少なめ新着,株式会社ホワイトキャリア,京都府,"月給22万4,000円",正社員,美容,求人ボックス,https://xn--pckua2a7gp15o89zb.com/jbn/a4483194232125e7148efb538d619eef,True,6時間前,2026-10-03 05:06:53,京都府
事務職／総務事務／ネイル・ピアス自由／年間休日125日以上／残業ほぼなし／未経験からチャレンジ可能新着,...という意欲を持つ方を求めています。フリーター・既卒・第二新卒の方、ブランクからの復帰を希望する方も安心の研修を用意しています。異業種から転職した20代・30代が活躍中。前職の例:カフェ店員、,京都府,月給20万円～50万円,正社員,美容,求人ボックス,https://xn--pckua2a7gp15o89zb.com/jbn/ce3cd946f7e94116167c31752fd4a9fb,True,6時間前,2026-10-03 05:06:56,京都府
「データ入力・事務」／充実の研修で安心スタート!／50万円稼げる／残業月10時間以下／教育体制あり新着,...しっかりサポートするのでご安心ください。 こんな方をお待ちしています・コツコツと丁寧な作業を進めるのが好きな方・新しい知識を吸収する意欲がある方・チームワークを大切にしながら働ける方<先輩たちの,京都府,"月給21万5,000円",正社員,美容,求人ボックス,https://xn--pckua2a7gp15o89zb.com/jbn/1b709b823e0d049f5815e942c7a75060,True,6時間前,2026-10-03 05:06:56,京都府
京都市中京区エリア! クリニック受付／未経験OK・賞与2回・美容施術割引有新着,株式会社ディンプル,京都府,月給21万円～25万円,正社員,美容,求人ボックス,https://xn--pckua2a7gp15o89zb.com/jb/75a98507ba3f3926c980cb95fb7e9ebf,True,11時間前,2026-10-03 05:06:56,京都府
京都府福知山市のスタイリスト新着,hair produce SOULS,京都府福知山市のスタイリスト,月給26万円～45万円,正社員,美容,求人ボックス,https://xn--pckua2a7gp15o89zb.com/jb/8bfb7453f3f274b71ab14b00f7f38f07,True,8時間前,2026-10-03 05:06:56,京都府
ヘアアクセサリーブランドにて接客販売とその他付帯業務新着,株式会社インター・ベル,京都府,年収250万円～350万円,正社員,美容,求人ボックス,https://xn--pckua2a7gp15o89zb.com/jb/027585d838803a90877857a89b2bbc20,True,10時間前,2026-10-03 05:06:56,京都府
アイデザイナー／スタッフ新着,株式会社Michel Design,京都府,月給23万円～25万,正社員,美容,求人ボックス,https://xn--pckua2a7gp15o89zb.com/jb/f097d0bea4ff06673399afa0483b9358,True,15時間前,2026-10-03 05:07:00,京都府
「新生活デビュー応援!」未経験採用枠／製造工場での軽作業・カプセルトイ／年間休日125日以上新着,NKY株式会社,京都府,月給28万円～50万円,正社員,美容,求人ボックス,https://xn--pckua2a7gp15o89zb.com/jb/9957acb1e8629f9a59be6e9a770331b4,True,19時間前,2026-10-03 05:07:00,京都府
「まだ間に合う!」未経験採用枠／製造スタッフ・カプセルトイ／寮・社宅・家賃補助あり新着,株式会社ライトキャリア,京都府,月給28万円～50万円,正社員,美容,求人ボックス,https://xn--pckua2a7gp15o89zb.com/jb/5b3b97cfd31b799cdbbb87e1ea177d64,True,19時間前,2026-10-03 05:07:00,京都府
フィットネスジム受付・運営 オープニング 完休2日 残業少 賞与年3回／otsg新着,FIDIA SOLUTIONS株式会社,京都府,月給29万円,正社員,美容,求人ボックス,https://xn--pckua2a7gp15o89zb.com/jb/8d7f026755288f1d7b6538615634ef67,True,17時間前,2026-10-03 05:07:00,京都府
定時ぴったり おじいちゃんおばあちゃんの見守りスタッフ／経験者即戦力新着,株式会社ウィルオブ・ワーク,京都府,"時給1,400円",派遣社員,美容,求人ボックス,https://xn--pckua2a7gp15o89zb.com/jb/86dc9cd7f287ea8743033db4e17d7fcc,True,19時間前,2026-10-03 05:07:02,京都府
京都府京都市上京区の看護師／消化器内科の外来診察 週5日勤務新着,うつぼや町クリニック,京都府京都市上京区の看護師／消化器内科の外来診察,月給27万円～30万円,正社員,美容,求人ボックス,https://xn--pckua2a7gp15o89zb.com/jb/d1a790b9c4cf7eb9d1684dbdd3d7e1db,True,8時間前,2026-10-03 05:07:02,京都府
データ入力事務・未経験OK「ネイルOK」土日祝休み・残業なし「20代活躍中」新着,...前向きな気持ちで事務職に挑戦したい・仕事/プライベートのメリハリをつけたい・スキルを身につけて長期的に活躍したいー こんな前職の方が入社中ー接客業/販売業/飲食店/保育士/看護師ネイリスト/トリ,京都府,"月給21万6,000円",正社員,美容,求人ボックス,https://xn--pckua2a7gp15o89zb.com/jbn/1836d9536d0e41c8c34053be6a8d830f,True,23時間前,2026-10-03 05:07:02,京都府
データ入力事務／未経験OK「ネイルOK」土日祝休み／残業なし「20代女性活躍中」新着,美容師,京都府,"月給21万5,000円",正社員,美容,求人ボックス,https://xn--pckua2a7gp15o89zb.com/jbn/76304e42603ee691da0294d286ffbd2d,True,23時間前,2026-10-03 05:07:02,京都府
データ入力／20代活躍中・未経験OK／残業なし／賞与あり／オンライン面接新着,...前向きな気持ちで事務職デビューしたい方・仕事/プライベートのメリハリをつけたい方・スキル/資格を身につけ長期で活躍したい方ー こんな前職の方が入社中ー接客業/販売業/飲食/看護師/保育士/調理師,京都府,"月給21万8,000円",正社員,美容,求人ボックス,https://xn--pckua2a7gp15o89zb.com/jbn/9fb31eb2e641069dba8b3742faafa750,True,23時間前,2026-10-03 05:07:02,京都府
受付事務 土日祝休み・残業なし 未経験OK・20代活躍中／オンライン面接新着,...前向きな気持ちで事務職デビューしたい方・仕事/プライベートのメリハリをつけたい方・スキル/資格を身につけ長期で活躍したい方ー こんな前職の方が入社中ー接客業/販売業/飲食/看護師/保育士/調理師,京都府,"月給21万8,000円",正社員,美容,求人ボックス,https://xn--pckua2a7gp15o89zb.com/jbn/05e13cfd46c9ecab160372c67cf91393,True,22時間前,2026-10-03 05:07:02,京都府
受付事務「完全週休2日制・残業なし・正社員」20代活躍中・未経験OK／履歴書不要新着,...前向きな気持ちで事務職デビューしたい方・仕事/プライベートのメリハリをつけたい方・スキル/資格を身につけ長期で活躍したい方ー こんな前職の方が入社中ー接客業/販売業/飲食/看護師/保育士/調理師,京都府,"月給21万5,000円",正社員,美容,求人ボックス,https://xn--pckua2a7gp15o89zb.com/jbn/d3fd7c5fd6396083a420bbb419ab761d,True,22時間前,2026-10-03 05:07:05,京都府
一般事務「完全週休2日制・服装自由・正社員」20代活躍中・未経験歓迎／WEB選考新着,...前向きな気持ちで事務職デビューしたい方・仕事/プライベートのメリハリをつけたい方・スキル/資格を身につけ長期で活躍したい方ー こんな前職の方が入社中ー接客業/販売業/飲食/看護師/保育士/調理師,京都府,"月給21万7,500円",正社員,美容,求人ボックス,https://xn--pckua2a7gp15o89zb.com/jbn/56052525d4fde6f6108408580ef58a80,True,22時間前,2026-10-03 05:07:05,京都府
一般事務 土日祝休み／賞与あり 20代女性活躍中・未経験歓迎／履歴書不要新着,...前向きな気持ちで事務職デビューしたい方・仕事/プライベートのメリハリをつけたい方・スキル/資格を身につけ長期で活躍したい方ー こんな前職の方が入社中ー接客業/販売業/飲食/看護師/保育士/調理師,京都府,"月給21万4,500円",正社員,美容,求人ボックス,https://xn--pckua2a7gp15o89zb.com/jbn/4bd7747cdd289bbc0ede4147d3748570,True,22時間前,2026-10-03 05:07:05,京都府
データ入力 20代活躍中・未経験歓迎／履歴書不要新着,...前向きな気持ちで事務職デビューしたい方・仕事/プライベートのメリハリをつけたい方・スキル/資格を身につけ長期で活躍したい方ー こんな前職の方が入社中ー接客業/販売業/飲食/看護師/保育士/調理師,京都府,"月給21万7,500円",正社員,美容,求人ボックス,https://xn--pckua2a7gp15o89zb.com/jbn/fbfea58366b86289c6fcc372b7eb3eb8,True,22時間前,2026-10-03 05:07:05,京都府
一般事務／20代女性活躍中・未経験OK／土日祝休み／服装自由／WEB選考新着,...前向きな気持ちで事務職デビューしたい方・仕事/プライベートのメリハリをつけたい方・スキル/資格を身につけ長期で活躍したい方ー こんな前職の方が入社中ー接客業/販売業/飲食/看護師/保育士/調理師,京都府,"月給21万8,500円",正社員,美容,求人ボックス,https://xn--pckua2a7gp15o89zb.com/jbn/d81449c2459ddb93f04b3bc67a30e6be,True,22時間前,2026-10-03 05:07:05,京都府
オフィスワーク／経験値不問／福利厚生充実／転勤なし／マニュアル完備／学歴不問新着,美容師,京都府,月給21万円～50万円,正社員,美容,求人ボックス,https://xn--pckua2a7gp15o89zb.com/jbn/3fd04d49163780b8d78779b1c907f56a,True,23時間前,2026-10-03 05:07:08,京都府
営業サポート事務「人を支えるのが好きな方へ」／残業少なめ・土日休み。未経験から事務スキルが身に付く新着,...完全な未経験の方を対象とした採用を行っています。私たちが求めているのは、過去の経歴ではなく「これからこの仕事を通じて成長していきたい」という前向きな行動力です。現在活躍しているスタッフの前職も、,京都府,月給21万円～50万円,正社員,美容,求人ボックス,https://xn--pckua2a7gp15o89zb.com/jbn/bbdc4c7b7002d5d47d1bd8c1346d7c87,True,23時間前,2026-10-03 05:07:08,京都府
バックオフィス事務／残業ほぼゼロ／オフィスカジュアル可／昇給賞与アリ／既卒歓迎／キャリアアップ可新着,アパレル店員、,京都府,月給21万円～50万円,正社員,美容,求人ボックス,https://xn--pckua2a7gp15o89zb.com/jbn/6e2ad8a9e792c7a9cd7e6310799ffd80,True,23時間前,2026-10-03 05:07:08,京都府
オフィスワーク／未経験歓迎／服装自由／昇給賞与アリ／マニュアル完備／学歴不問新着,美容師,京都府,月給21万円～50万円,正社員,美容,求人ボックス,https://xn--pckua2a7gp15o89zb.com/jbn/a6603de9c432c60905bb324abcdb2fe9,True,23時間前,2026-10-03 05:07:08,京都府
「予約制のタクシードライバー」週3日勤務で月収40万円以上／未経験OK／20代～50代が活躍中新着,建設,京都府,"月給45万6,000円",正社員,建設,求人ボックス,https://xn--pckua2a7gp15o89zb.com/jbn/3ac6dd6a29dbbd85f3d663d6e8898705,True,13時間前,2026-10-03 05:06:54,京都府
著名人・VIPの予約タクシードライバー／普通免許のみOK／未経験から正社員へ／賞与年2回新着,フードデリバリー配達員/宅配便ドライバールート配送ドライバー(飲料・食品)...[年収実績]25歳男性/前職:フードデリバリー配達員入社1年目で年収650万円を達成。,京都府,"月給47万6,000円",正社員,建設,求人ボックス,https://xn--pckua2a7gp15o89zb.com/jbn/21c38f0b65fc49929467bae016d243bd,True,10時間前,2026-10-03 05:06:54,京都府
4t中距離ドライバー新着,宇治丸工運送株式会社,京都府,月給32万円～40万円,正社員,建設,求人ボックス,https://xn--pckua2a7gp15o89zb.com/jb/63c08c191ae596e563054be8751d8d50,True,13時間前,2026-10-03 05:06:54,京都府
夜勤の役員タクシードライバー／空港・会食・VIP送迎あり／普通免許OK／賞与年2回／福利厚生充実新着,...軽貨物配送ドライバーフードデリバリー配達員/宅配便ドライバールート配送ドライバー(飲料・食品)長距離大型トラック/中型トラック運転手引越しドライバー/デリバリーサービス倉庫,京都府,"月給47万6,000円",正社員,建設,求人ボックス,https://xn--pckua2a7gp15o89zb.com/jbn/43a18b1a901e6a3f1ba9957287af9dd7,True,10時間前,2026-10-03 05:06:54,京都府
普通免許から始めるタクシードライバー／二種免許取得支援あり／役員・VIP・予約送迎／賞与あり新着,フードデリバリー配達員/宅配便ドライバールート配送ドライバー(飲料・食品)...(前職:フードデリバリー配達員/25歳男性) 福利厚生 ・社会保険完備(厚生年金・健康保険・雇用保険・労災)...,京都府,"月給47万6,000円",正社員,建設,求人ボックス,https://xn--pckua2a7gp15o89zb.com/jbn/eebe8ff455c0518886ed22b54bb95bca,True,10時間前,2026-10-03 05:06:54,京都府
「タクシードライバー」二種免不要／週3勤務／安定収入／ボーナス年2回／若手活躍中／安心の正社員雇用新着,...軽貨物配送ドライバーフードデリバリー配達員/宅配便ドライバールート配送ドライバー(飲料・食品)長距離大型トラック/中型トラック運転手引越しドライバー/デリバリーサービス倉庫,京都府,"月給45万6,000円",正社員,建設,求人ボックス,https://xn--pckua2a7gp15o89zb.com/jbn/3756ea1b87bd719f87aeb52d5b0669bc,True,9時間前,2026-10-03 05:06:54,京都府
アルファードでの夜間タクシードライバー／VIP・著名人対応あり／AT限定OK／接客経験を活かせる新着,フードデリバリー配達員/宅配便ドライバールート配送ドライバー(飲料・食品)...外での,京都府,"月給47万6,000円",正社員,建設,求人ボックス,https://xn--pckua2a7gp15o89zb.com/jbn/0c24e422d8b6d1cbd85f17d58f8b622c,True,10時間前,2026-10-03 05:06:54,京都府
月11日～13日勤務のタクシードライバー／空港・VIP送迎あり／普通免許OK／履歴書不要／賞与年2回新着,未経験OK,京都府,"月給47万6,000円",正社員,建設,求人ボックス,https://xn--pckua2a7gp15o89zb.com/jbn/d9744ddfd4a728e7a06c4ec703bc62aa,True,10時間前,2026-10-03 05:06:54,京都府
「月11日～13日勤務!」タクシードライバー／履歴書不要／空港送迎／社会保険完備／賞与あり新着,フードデリバリー配達員/宅配便ドライバールート配送ドライバー(飲料・食品)...<年収例>入社1年目:年収650万円前職:フードデリバリー配達員(25歳男性),京都府,"月給45万6,000円",正社員,建設,求人ボックス,https://xn--pckua2a7gp15o89zb.com/jbn/0e7f59c5d532cd8ec6300101e77d4d60,True,9時間前,2026-10-03 05:06:54,京都府
「二種免許不要・タクシードライバー」履歴書不要／学歴不問／週3勤務／身体負担少なめ／退職金制度新着,...軽貨物配送ドライバーフードデリバリー配達員/宅配便ドライバールート配送ドライバー(飲料・食品)長距離大型トラック/中型トラック運転手引越しドライバー/デリバリーサービス倉庫,京都府,"月給45万6,000円",正社員,建設,求人ボックス,https://xn--pckua2a7gp15o89zb.com/jbn/f99d1885f61261d502d5fd4b533efb1c,True,9時間前,2026-10-03 05:06:54,京都府
「週3勤務・芸能人・タレント」タクシードライバー／二種免許不要／賞与年2回／正社員雇用新着,フードデリバリー配達員/宅配便ドライバールート配送ドライバー(飲料・食品)...<年収例>入社1年目:年収650万円前職:フードデリバリー配達員(25歳男性),京都府,"月給45万6,000円",正社員,建設,求人ボックス,https://xn--pckua2a7gp15o89zb.com/jbn/72c630b2206bfbf424f5b49b730fa26b,True,9時間前,2026-10-03 05:06:54,京都府
「夜勤・タクシードライバー」二種免不要／企業役員／賞与年2回／20代活躍中／安定収入新着,フードデリバリー配達員/宅配便ドライバールート配送ドライバー(飲料・食品)...<年収例>入社1年目:年収650万円前職:フードデリバリー配達員(25歳男性),京都府,"月給45万6,000円",正社員,建設,求人ボックス,https://xn--pckua2a7gp15o89zb.com/jbn/a227cc88eba2280a11b9357abadce61a,True,9時間前,2026-10-03 05:06:54,京都府
タクシードライバー／普通免許OK・AT限定可／未経験から正社員へ／週3日勤務可新着,...軽貨物配送ドライバーフードデリバリー配達員/宅配便ドライバールート配送ドライバー(飲料・食品)長距離大型トラック/中型トラック運転手引越しドライバー/デリバリーサービス倉庫,京都府,"月給47万7,000円",正社員,建設,求人ボックス,https://xn--pckua2a7gp15o89zb.com/jbn/0c814fe28e747166d31f1f6a908bd357,True,10時間前,2026-10-03 05:06:54,京都府
週3勤務のタクシードライバー／普通免許だけで応募OK／予約中心で落ち着いて働ける／賞与年2回新着,...軽貨物配送ドライバーフードデリバリー配達員/宅配便ドライバールート配送ドライバー(飲料・食品)長距離大型トラック/中型トラック運転手引越しドライバー/デリバリーサービス倉庫,京都府,"月給47万7,000円",正社員,建設,求人ボックス,https://xn--pckua2a7gp15o89zb.com/jbn/8ca525c5d99d7f75ed1928fa939cce6f,True,11時間前,2026-10-03 05:06:58,京都府
週3勤務のタクシードライバー／普通免許OK／未経験から正社員へ／履歴書不要／賞与年2回新着,...軽貨物配送ドライバーフードデリバリー配達員/宅配便ドライバールート配送ドライバー(飲料・食品)長距離大型トラック/中型トラック運転手引越しドライバー/デリバリーサービス倉庫,京都府,"月給47万7,000円",正社員,建設,求人ボックス,https://xn--pckua2a7gp15o89zb.com/jbn/0e6ab75ac12ef6aa27a39a881388295f,True,11時間前,2026-10-03 05:06:58,京都府
夜勤の予約タクシードライバー／企業役員・VIP対応あり／普通免許OK／二種免許取得支援あり新着,フードデリバリー配達員/宅配便ドライバールート配送ドライバー(飲料・食品)...25歳男性・前職フードデリバリー配達員が入社1年目で年収650万円を達成しています。...,京都府,"月給47万6,000円",正社員,建設,求人ボックス,https://xn--pckua2a7gp15o89zb.com/jbn/cc5dec0bfbba6477e9f88e99ee660210,True,10時間前,2026-10-03 05:06:58,京都府
タクシードライバー／普通免許OK／年収600万円以上も可／履歴書不要／退職金制度あり新着,...軽貨物配送ドライバーフードデリバリー配達員/宅配便ドライバールート配送ドライバー(飲料・食品)長距離大型トラック/中型トラック運転手引越しドライバー/デリバリーサービス倉庫,京都府,"月給47万7,000円",正社員,建設,求人ボックス,https://xn--pckua2a7gp15o89zb.com/jbn/710e16ae343103b7d5b5d48a74089cb3,True,10時間前,2026-10-03 05:06:58,京都府
週3勤務の役員タクシードライバー／普通免許だけで応募OK／予約中心で落ち着いて働ける／賞与年2回新着,...軽貨物配送ドライバーフードデリバリー配達員/宅配便ドライバールート配送ドライバー(飲料・食品)長距離大型トラック/中型トラック運転手引越しドライバー/デリバリーサービス倉庫,京都府,"月給47万6,000円",正社員,建設,求人ボックス,https://xn--pckua2a7gp15o89zb.com/jbn/f0366925e36de222516e01fb29e2d947,True,10時間前,2026-10-03 05:06:58,京都府
「夜勤」タクシードライバー・AT限定OK／接客経験活かせる／賞与年2回／VIP対応／アルファード新着,...軽貨物配送ドライバーフードデリバリー配達員/宅配便ドライバールート配送ドライバー(飲料・食品)長距離大型トラック/中型トラック運転手引越しドライバー/デリバリーサービス倉庫,京都府,"月給45万6,000円",正社員,建設,求人ボックス,https://xn--pckua2a7gp15o89zb.com/jbn/5dadf59f360f04327d47ade3d5050032,True,9時間前,2026-10-03 05:06:58,京都府
「夜勤・高収入・空港送迎」タクシードライバー／普通免許でOK／賞与あり／年収600万円以上可新着,フードデリバリー配達員/宅配便ドライバールート配送ドライバー(飲料・食品)...<年収例>入社1年目:年収650万円前職:フードデリバリー配達員(25歳男性),京都府,"月給45万6,000円",正社員,建設,求人ボックス,https://xn--pckua2a7gp15o89zb.com/jbn/cc4a61a965e0bfe7e3a80583ddc0cdd6,True,9時間前,2026-10-03 05:06:58,京都府
「社会保険完備・福利厚生充実」タクシードライバー／夜勤／学歴不問／ボーナス年2回／空港送迎／会食送迎新着,...軽貨物配送ドライバーフードデリバリー配達員/宅配便ドライバールート配送ドライバー(飲料・食品)長距離大型トラック/中型トラック運転手引越しドライバー/デリバリーサービス倉庫,京都府,"月給45万6,000円",正社員,建設,求人ボックス,https://xn--pckua2a7gp15o89zb.com/jbn/59b812cd79ccb3fb18a20e562a1b8c95,True,9時間前,2026-10-03 05:07:01,京都府
夜間予約タクシードライバー／普通免許OK／二種免許は会社負担／月収50万円以上も可／賞与あり新着,フードデリバリー配達員/宅配便ドライバールート配送ドライバー(飲料・食品)長距離大型トラック/中型トラック運転手引越しドライバー/デリバリーサービス倉庫,京都府,"月給47万6,000円",正社員,建設,求人ボックス,https://xn--pckua2a7gp15o89zb.com/jbn/0130a6b2969f3749531d310850dfa5b0,True,10時間前,2026-10-03 05:07:01,京都府
「経歴不問・タクシードライバー」未経験歓迎／社会保険完備の正社員雇用／週3勤務／AT限定OK新着,...軽貨物配送ドライバーフードデリバリー配達員/宅配便ドライバールート配送ドライバー(飲料・食品)長距離大型トラック/中型トラック運転手引越しドライバー/デリバリーサービス倉庫,京都府,"月給45万6,000円",正社員,建設,求人ボックス,https://xn--pckua2a7gp15o89zb.com/jbn/20fe0219343144ac5415fa93e8090350,True,9時間前,2026-10-03 05:07:01,京都府
「タクシードライバー」未経験OK／履歴書不要／週3勤務／賞与あり／研修制度充実／社会保険完備新着,...軽貨物配送ドライバーフードデリバリー配達員/宅配便ドライバールート配送ドライバー(飲料・食品)長距離大型トラック/中型トラック運転手引越しドライバー/デリバリーサービス倉庫,京都府,"月給45万6,000円",正社員,建設,求人ボックス,https://xn--pckua2a7gp15o89zb.com/jbn/f1e6061e323959cfec0d57091b42e17a,True,9時間前,2026-10-03 05:07:01,京都府
週3勤務の予約タクシードライバー／普通免許OK／未経験から正社員へ／履歴書不要／賞与年2回新着,...軽貨物配送ドライバーフードデリバリー配達員/宅配便ドライバールート配送ドライバー(飲料・食品)長距離大型トラック/中型トラック運転手引越しドライバー/デリバリーサービス倉庫,京都府,"月給45万6,000円",正社員,建設,求人ボックス,https://xn--pckua2a7gp15o89zb.com/jbn/b044d527d014a7a6cc4a08202da595af,True,9時間前,2026-10-03 05:07:01,京都府
役員・VIPタクシードライバー／普通免許OK／年収600万円以上も可／履歴書不要／退職金制度あり新着,...軽貨物配送ドライバーフードデリバリー配達員/宅配便ドライバールート配送ドライバー(飲料・食品)長距離大型トラック/中型トラック運転手引越しドライバー/デリバリーサービス倉庫,京都府,"月給47万6,000円",正社員,建設,求人ボックス,https://xn--pckua2a7gp15o89zb.com/jbn/ebd96e6b709cac3c1764aef578b9c096,True,10時間前,2026-10-03 05:07:01,京都府
「タクシードライバー」二種免許会社負担／経歴不問／年収600万円以上可／若手世代活躍中新着,...軽貨物配送ドライバーフードデリバリー配達員/宅配便ドライバールート配送ドライバー(飲料・食品)長距離大型トラック/中型トラック運転手引越しドライバー/デリバリーサービス倉庫,京都府,"月給45万6,000円",正社員,建設,求人ボックス,https://xn--pckua2a7gp15o89zb.com/jbn/fe16c54c8b141c4b3f34368c711b8c6a,True,9時間前,2026-10-03 05:07:01,京都府
役員・著名人の予約タクシードライバー／普通免許OK・AT限定可／未経験から正社員へ／週3日勤務可新着,...軽貨物配送ドライバーフードデリバリー配達員/宅配便ドライバールート配送ドライバー(飲料・食品)長距離大型トラック/中型トラック運転手引越しドライバー/デリバリーサービス倉庫,京都府,"月給47万6,000円",正社員,建設,求人ボックス,https://xn--pckua2a7gp15o89zb.com/jbn/5d0a13d0d7ce38b23b8b2f3bfb44094f,True,10時間前,2026-10-03 05:07:04,京都府
京都府京都市南区の舗装作業員／株式会社 聖道新着,株式会社聖道,京都府京都市南区の舗装作業員／株式会社,"月給25万9,200円",正社員,建設,求人ボックス,https://xn--pckua2a7gp15o89zb.com/jb/e807bf9bf827819d890406d21828c085,True,8時間前,2026-10-03 05:07:04,京都府
京都府京丹後市の現場作業員 年間休日113日 未経験の方歓迎します／西角建設 株式会社新着,西角建設株式会社,京都府京丹後市の現場作業員,月給20万円～30万円,正社員,建設,求人ボックス,https://xn--pckua2a7gp15o89zb.com/jb/4bf49738d63aa26c2dc3a107525fbea6,True,8時間前,2026-10-03 05:07:04,京都府
京都府亀岡市の現場作業員／株式会社 山村建設新着,株式会社山村建設,京都府亀岡市の現場作業員／株式会社,月給30万円～50万円,正社員,建設,求人ボックス,https://xn--pckua2a7gp15o89zb.com/jb/e6b7518da60e741b7821a1c29a6680ea,True,8時間前,2026-10-03 05:07:04,京都府
タクシー運転手「週3勤務」資格取得支援あり／月収40万円以上／安定収入／転職回数不問新着,...以下のような経験をお持ちの方は特に歓迎します。・軽貨物ドライバー・ルート配送スタッフ・宅配ドライバー・タクシー運転手・大型トラックドライバー・フォークリフトオペレーター・,京都府,"月給45万7,900円",正社員,建設,求人ボックス,https://xn--pckua2a7gp15o89zb.com/jbn/48e57c7f680fd5ccc939793918542a22,True,8時間前,2026-10-03 05:07:04,京都府
「高収入」夜勤／タクシー運転手／定期送迎「月収50万円以上可能／安定収入／賞与年2回」新着,建設・,京都府,"月給45万8,800円",正社員,建設,求人ボックス,https://xn--pckua2a7gp15o89zb.com/jbn/ac44b57614e177e08df396992d315b03,True,8時間前,2026-10-03 05:07:04,京都府
タクシードライバー／週3勤務／学歴不問／1年目月収50万以上／賞与年2回新着,建設・,京都府,"月給45万6,500円",正社員,建設,求人ボックス,https://xn--pckua2a7gp15o89zb.com/jbn/8d3fac0f0dc9eaccac50a173b558be26,True,8時間前,2026-10-03 05:07:08,京都府
夜勤タクシードライバー／未経験スタートOK／年2回のボーナス支給あり／資格取得支援制度あり新着,作業,京都府,"月給45万8,500円",正社員,建設,求人ボックス,https://xn--pckua2a7gp15o89zb.com/jbn/8603b5ba41ff23049766ceb746918a1f,True,8時間前,2026-10-03 05:07:08,京都府
「夜勤でしっかり稼ぐ」タクシードライバー／残業少なめ／正社員採用／賞与あり新着,...以下のような経験をお持ちの方は特に歓迎します。・軽貨物ドライバー・ルート配送スタッフ・宅配ドライバー・タクシー運転手・大型トラックドライバー・フォークリフトオペレーター・,京都府,"月給45万7,200円",正社員,建設,求人ボックス,https://xn--pckua2a7gp15o89zb.com/jbn/5f482b08ade67ac396f59ff4d2f01e0d,True,8時間前,2026-10-03 05:07:08,京都府
「未経験歓迎」タクシードライバー／月収50万円以上可／退職金制度あり新着,...以下のような経験をお持ちの方は特に歓迎します。・軽貨物ドライバー・ルート配送スタッフ・宅配ドライバー・タクシー運転手・大型トラックドライバー・フォークリフトオペレーター・,京都府,"月給47万7,600円",正社員,建設,求人ボックス,https://xn--pckua2a7gp15o89zb.com/jbn/6ef96e45588816c6c7abc0a155b5dadc,True,9時間前,2026-10-03 05:07:08,京都府
タクシードライバー／未経験歓迎／会食・空港送迎中心／年収600万円以上可新着,建設・,京都府,"月給45万9,800円",正社員,建設,求人ボックス,https://xn--pckua2a7gp15o89zb.com/jbn/9a29c3b389512533eb63be9b3d7d5077,True,9時間前,2026-10-03 05:07:08,京都府
夜間専属タクシードライバー／週3日勤務OK／異業種出身多数／未経験活躍中／土日祝休みあり新着,...以下のような経験をお持ちの方は特に歓迎します。・軽貨物ドライバー・ルート配送スタッフ・宅配ドライバー・タクシー運転手・大型トラックドライバー・フォークリフトオペレーター・,京都府,"月給45万8,100円",正社員,建設,求人ボックス,https://xn--pckua2a7gp15o89zb.com/jbn/54ecc3cde28edd78c1e9e062c49a3210,True,9時間前,2026-10-03 05:07:08,京都府
「高収入」夜勤／タクシー／定期送迎「月収50万円以上可能／安定収入／賞与年2回」新着,建設・,京都府,月給46万800円,正社員,建設,求人ボックス,https://xn--pckua2a7gp15o89zb.com/jbn/b691c6087ef1dd8fd376b4f268f41ecc,True,9時間前,2026-10-03 05:07:08,京都府
「夜勤で稼げる」タクシードライバー／普通免許のみOK／年収600万円以上可／賞与年2回新着,...以下のような経験をお持ちの方は特に歓迎します。・軽貨物ドライバー・ルート配送スタッフ・宅配ドライバー・タクシー運転手・大型トラックドライバー・フォークリフトオペレーター・,京都府,"月給47万8,500円",正社員,建設,求人ボックス,https://xn--pckua2a7gp15o89zb.com/jbn/371f5a6d97521b2d4b651e2d3c455be8,True,9時間前,2026-10-03 05:07:08,京都府
「転職回数不問」役員タクシードライバー／週3勤務／安定収入／正社員採用新着,...以下のような経験をお持ちの方は特に歓迎します。・軽貨物ドライバー・ルート配送スタッフ・宅配ドライバー・タクシー運転手・大型トラックドライバー・フォークリフトオペレーター・,京都府,"月給46万1,300円",正社員,建設,求人ボックス,https://xn--pckua2a7gp15o89zb.com/jbn/a5f5666bd7d54766b11f1cb0c838eb19,True,9時間前,2026-10-03 05:07:12,京都府
「未経験1年目600万円／定着率90%以上」「週3勤務・予約制タクシードライバー」普通免許のみOK新着,建設・,京都府,"月給47万9,000円",正社員,建設,求人ボックス,https://xn--pckua2a7gp15o89zb.com/jbn/c362f7f4e9d66e50fa34e584ffa4db95,True,10時間前,2026-10-03 05:07:12,京都府
タクシードライバー／週3勤務／異業種からの転職歓迎新着,建設・,京都府,月給46万円～64万,正社員,建設,求人ボックス,https://xn--pckua2a7gp15o89zb.com/jbn/9c65efe68bfecf0202a45056eecfb05d,True,10時間前,2026-10-03 05:07:12,京都府
タクシードライバー／普通免許のみで応募OK／週3日勤務／賞与あり／高収入実現可能新着,作業,京都府,"月給47万8,000円",正社員,建設,求人ボックス,https://xn--pckua2a7gp15o89zb.com/jbn/75405c00aa19b075440d788e91e6dac5,True,10時間前,2026-10-03 05:07:12,京都府
「予約中心だから未経験でも安心」タクシードライバー／週3勤務／月収50万円以上可新着,建設・,京都府,月給48万300円,正社員,建設,求人ボックス,https://xn--pckua2a7gp15o89zb.com/jbn/b2e824fdccf3987eb034ed504d248ccf,True,11時間前,2026-10-03 05:07:12,京都府
「週3日勤務で年収600万円も可能」タクシードライバー／普通免許のみOK／未経験歓迎／賞与年2回新着,建設・,京都府,"月給47万8,000円",正社員,建設,求人ボックス,https://xn--pckua2a7gp15o89zb.com/jbn/fa2a5ba370fd4dc7f1af0f582a08a541,True,11時間前,2026-10-03 05:07:12,京都府
「未経験1年目600万円／定着率90%以上」「週3日勤務／正社員」タクシードライバー新着,建設・,京都府,"月給47万8,900円",正社員,建設,求人ボックス,https://xn--pckua2a7gp15o89zb.com/jbn/ffcfc5a12f6ac6a1eb84563120f98b2c,True,13時間前,2026-10-03 05:07:12,京都府
芸能関係者のタクシードライバー／未経験歓迎／週3勤務／月収45万円以上／20代～50代活躍中新着,作業,京都府,"月給47万8,200円",正社員,建設,求人ボックス,https://xn--pckua2a7gp15o89zb.com/jbn/163fc561f513ad117f8dbbfef2fb13aa,True,13時間前,2026-10-03 05:07:12,京都府
「内定までスピーディー」夜勤タクシードライバー／履歴書不要／未経験OK／月収50万円以上新着,作業,京都府,"月給45万6,000円",正社員,建設,求人ボックス,https://xn--pckua2a7gp15o89zb.com/jbn/34a326bee9a44aeca57f667cfbeddd6d,True,9時間前,2026-10-03 05:07:17,京都府
「高収入」夜勤／タクシードライバー／定期送迎「月収50万円以上可能／安定収入／賞与年2回」新着,建設・,京都府,"月給47万6,000円",正社員,建設,求人ボックス,https://xn--pckua2a7gp15o89zb.com/jbn/e0252f22d834c12e014d30bc6d982e31,True,10時間前,2026-10-03 05:07:17,京都府
「タクシードライバー」月内採用／夜勤／履歴書不要／月収50万円以上／正社員採用／社会保険完備新着,...以下のような経験をお持ちの方は特に歓迎します。・軽貨物ドライバー・ルート配送スタッフ・宅配ドライバー・タクシー運転手・大型トラックドライバー・フォークリフトオペレーター・,京都府,"月給47万6,000円",正社員,建設,求人ボックス,https://xn--pckua2a7gp15o89zb.com/jbn/71677ad022a72926797cbf6d42ae6e1d,True,10時間前,2026-10-03 05:07:17,京都府
「普通免許のみOK」タクシードライバー／資格不問・月収50万以上可・賞与年2回新着,...以下のような経験をお持ちの方は特に歓迎します。・軽貨物ドライバー・ルート配送スタッフ・宅配ドライバー・タクシー運転手・大型トラックドライバー・フォークリフトオペレーター・,京都府,"月給47万6,000円",正社員,建設,求人ボックス,https://xn--pckua2a7gp15o89zb.com/jbn/259a8f6270edca33d9994383d082d56c,True,10時間前,2026-10-03 05:07:17,京都府
「夜勤でしっかり稼ぐ」VIPタクシードライバー／残業少なめ／正社員採用／賞与あり新着,...以下のような経験をお持ちの方は特に歓迎します。・軽貨物ドライバー・ルート配送スタッフ・宅配ドライバー・タクシー運転手・大型トラックドライバー・フォークリフトオペレーター・,京都府,"月給47万6,000円",正社員,建設,求人ボックス,https://xn--pckua2a7gp15o89zb.com/jbn/c76952ccb461b8aac14f09f9c9218214,True,10時間前,2026-10-03 05:07:17,京都府
事務スタッフ新着,KEC cleans株式会社,京都府,"時給1,500円",アルバイト・パート,建設,求人ボックス,https://xn--pckua2a7gp15o89zb.com/jb/4a5810f4956c5359e94b33271f9e09a8,True,18時間前,2026-10-03 05:07:17,京都府
土地のお悩みをもつオーナー様へ土地活用の提案営業新着,大東建託株式会社,京都府,"月給25万5,000円",正社員,建設,求人ボックス,https://xn--pckua2a7gp15o89zb.com/jb/cba1ba196fc51bb96cbc73c164bc8ec8,True,22時間前,2026-10-03 05:07:20,京都府
「二種免許不要・週3勤務・タクシードライバー」研修あり／賞与あり／アルファード送迎新着,作業,京都府,"月給45万6,000円",正社員,建設,求人ボックス,https://xn--pckua2a7gp15o89zb.com/jbn/1019eb45811422d4a060efc6ced57995,True,9時間前,2026-10-03 05:07:20,京都府
「未経験歓迎」専属タクシードライバー／月収50万円以上可／退職金制度あり新着,...以下のような経験をお持ちの方は特に歓迎します。・軽貨物ドライバー・ルート配送スタッフ・宅配ドライバー・タクシー運転手・大型トラックドライバー・フォークリフトオペレーター・,京都府,"月給45万6,000円",正社員,建設,求人ボックス,https://xn--pckua2a7gp15o89zb.com/jbn/f018bb0f5e941df1899c4b81fd2f9c84,True,9時間前,2026-10-03 05:07:20,京都府
「週3日勤務で高収入」タクシードライバー／家族手当あり／賞与年2回新着,...以下のような経験をお持ちの方は特に歓迎します。・軽貨物ドライバー・ルート配送スタッフ・宅配ドライバー・タクシー運転手・大型トラックドライバー・フォークリフトオペレーター・,京都府,"月給45万6,000円",正社員,建設,求人ボックス,https://xn--pckua2a7gp15o89zb.com/jbn/a63d6ce5b0243be73af5053a9d53adc2,True,9時間前,2026-10-03 05:07:20,京都府
「1年目から高収入可能」タクシードライバー／週3勤務／福利厚生充実新着,作業,京都府,"月給47万6,000円",正社員,建設,求人ボックス,https://xn--pckua2a7gp15o89zb.com/jbn/0abe562f6789b3057046f98b82e1a6f0,True,10時間前,2026-10-03 05:07:20,京都府
「VIP送迎中心」夜勤タクシードライバー／年収600万円以上／賞与年2回新着,建設・,京都府,"月給47万6,000円",正社員,建設,求人ボックス,https://xn--pckua2a7gp15o89zb.com/jbn/52db445255a9491783b2b25d9a80c34f,True,10時間前,2026-10-03 05:07:20,京都府
タクシードライバー／「即入社相談可」夜間送迎スタッフ／履歴書不要／安定の正社員雇用新着,作業,京都府,"月給45万6,000円",正社員,建設,求人ボックス,https://xn--pckua2a7gp15o89zb.com/jbn/d42906ae250749808a6f4fcfd85776fc,True,9時間前,2026-10-03 05:07:23,京都府
「月内採用」タクシードライバー・夜勤／職歴不問／未経験OK／1年目年収600万円以上可／賞与年2回新着,作業,京都府,"月給47万6,000円",正社員,建設,求人ボックス,https://xn--pckua2a7gp15o89zb.com/jbn/447a03fd6f9a337d7552e445d0680cd6,True,10時間前,2026-10-03 05:07:23,京都府
タクシードライバー「週3勤務」資格取得支援あり／月収40万円以上／安定収入／転職回数不問新着,...以下のような経験をお持ちの方は特に歓迎します。・軽貨物ドライバー・ルート配送スタッフ・宅配ドライバー・タクシー運転手・大型トラックドライバー・フォークリフトオペレーター・,京都府,"月給45万6,000円",正社員,建設,求人ボックス,https://xn--pckua2a7gp15o89zb.com/jbn/248eeb929febae1586d69c1b14794776,True,9時間前,2026-10-03 05:07:23,京都府
エレベーターの設置・据付スタッフ新着,茨木工業株式会社,京都府,月給25万円,正社員,建設,求人ボックス,https://xn--pckua2a7gp15o89zb.com/jb/32b1cf296856460a7be8517421eb0afa,True,19時間前,2026-10-03 05:07:23,京都府
京都府舞鶴市の土木施工管理技術者／西口工業 株式会社新着,西口工業株式会社,京都府舞鶴市の土木施工管理技術者／西口工業,"月給37万3,000円",正社員,建設,求人ボックス,https://xn--pckua2a7gp15o89zb.com/jb/708a3feaa5e1d61301ae17d7902e3279,True,8時間前,2026-10-03 05:07:23,京都府
フォーク・台車で運搬作業 高時給1600円!基本残業なし!日勤&土日祝休み新着,UTエージェント株式会社,京都府,時給1600円,正社員,建設,求人ボックス,https://xn--pckua2a7gp15o89zb.com/jb/a8e20a7b8ffcd1ed4cc5fbbc587f9583,True,13時間前,2026-10-03 05:07:23,京都府
一般事務「20代活躍・未経験OK」年休120日以上・残業月5〜10時間新着,一般事務,京都府,"月給21万7,000円",正社員,事務,求人ボックス,https://xn--pckua2a7gp15o89zb.com/jbn/3acd72111cc2fb562339d88e472092ed,True,17時間前,2026-10-03 05:07:05,京都府
未経験OK・学歴不問!／日祝+シフトによる休み／一般事務／地域に根差し...新着,江守石油株式会社,京都府,月給21万円～23万円,正社員,事務,求人ボックス,https://xn--pckua2a7gp15o89zb.com/jb/3f662007d5142d29005c1e32d7f4cff9,True,3時間前,2026-10-03 05:07:06,京都府
未経験からキャリアアップ!／関東で一般事務STAFF新着,株式会社OOQ,京都府,"月給20万5,000円",正社員,事務,求人ボックス,https://xn--pckua2a7gp15o89zb.com/jb/58ac2e9017563f3de3f0aa62b8f180de,True,15時間前,2026-10-03 05:07:09,京都府
一般事務新着,株式会社C-clamp,京都府,月給23万円～30万円,正社員,事務,求人ボックス,https://xn--pckua2a7gp15o89zb.com/jb/30c6f9810ae39d3db4976dccce216d3c,True,4時間前,2026-10-03 05:07:12,京都府
一般事務・軽作業補助／20代～40代活躍中／経験不問／仮払い制度あり新着,株式会社ティーエム・テックス,京都府,"時給1,350円～",派遣社員,事務,求人ボックス,https://xn--pckua2a7gp15o89zb.com/jbn/0f5018c821ae103267cdde663513ad52,True,23時間前,2026-10-03 05:07:14,京都府
「未経験から安定スタート」／一般事務／オフィスワーク／未経験歓迎新着,一般事務,京都府,"月給26万5,000円",正社員,事務,求人ボックス,https://xn--pckua2a7gp15o89zb.com/jbn/4e2e04fc2096fe794e498f34467b3332,True,15時間前,2026-10-03 05:07:17,京都府
「未経験OKの事務職」 未経験OK!大手企業の一般事務職／土日祝休み新着,株式会社ディンプル,京都府,"月給18万9,000円",正社員,事務,求人ボックス,https://xn--pckua2a7gp15o89zb.com/jb/16743c4377feeb18c8ddd07df4e1f758,True,11時間前,2026-10-03 05:07:17,京都府
即日Start／高1500円 就業時間相談OK! 一般事務新着,一般事務・,京都府,"時給1,500円",派遣社員,事務,求人ボックス,https://xn--pckua2a7gp15o89zb.com/jb/0ae7ae9dd940237bc9acf96dfd01b57e,True,13時間前,2026-10-03 05:07:17,京都府
事務職／一般事務／20代活躍中／交通費全額支給／年間休日125日新着,事務,京都府,月給21万円～50万円,正社員,事務,求人ボックス,https://xn--pckua2a7gp15o89zb.com/jbn/3f139bf5ca37d19af9c254d01d5b7c78,True,6時間前,2026-10-03 05:07:17,京都府
事務職／一般事務／駅近／有給休暇あり／20〜30代女性活躍中／社保完備新着,事務,京都府,月給20万円～50万円,正社員,事務,求人ボックス,https://xn--pckua2a7gp15o89zb.com/jbn/d1ed4fa1f7f75f2f3b58187d86e02a07,True,6時間前,2026-10-03 05:07:21,京都府
事務職／一般事務／30代未経験歓迎／育休取得実績あり／駅近勤務で通勤便...新着,事務,京都府,"月給22万1,000円",正社員,事務,求人ボックス,https://xn--pckua2a7gp15o89zb.com/jbn/a885897028e92b02e37a610f1ad2f08b,True,6時間前,2026-10-03 05:07:24,京都府
事務職／一般事務／服装・髪型自由／賞与・昇給あり／未経験歓迎／ネイル新着,事務,京都府,"月給22万1,000円",正社員,事務,求人ボックス,https://xn--pckua2a7gp15o89zb.com/jbn/4f6e272d6d13067bcf4b1929b47f7363,True,6時間前,2026-10-03 05:07:24,京都府
事務職／一般事務／未経験OK／残業なし／育休制度あり／在宅OK新着,事務,京都府,"月給22万1,000円",正社員,事務,求人ボックス,https://xn--pckua2a7gp15o89zb.com/jbn/da3a2628110cba7df3ae3850e87a13c6,True,6時間前,2026-10-03 05:07:27,京都府
京都府綾部市の本社一般事務・受付スタッフ／株式会社 メトロ新着,株式会社メトロ・ビジネスマネジメント,京都府綾部市の本社一般事務・受付スタッフ／株式会社,"月給22万4,700円",正社員,事務,求人ボックス,https://xn--pckua2a7gp15o89zb.com/jb/0f57f380414a823a31bdd3bda03ba652,True,8時間前,2026-10-03 05:07:30,京都府
京都府南丹市の鍼灸・柔道整復・あんまマッサージ指圧師／八木／ト／株式会社 按幸堂新着,株式会社按幸堂,京都府南丹市の鍼灸・柔道整復・あんまマッサージ指圧師／八木／ト／株式会社,月給25万円～40万円,正社員,治療家,求人ボックス,https://xn--pckua2a7gp15o89zb.com/jb/a48e96065052b5e94644cc07c7146dce,True,8時間前,2026-10-03 05:07:35,京都府
京都府京都市伏見区の機能訓練指導員／そせい苑デイサービス／社会福祉法人 永山会新着,社会福祉法人永山会,京都府京都市伏見区の機能訓練指導員／そせい苑デイサービス／社会福祉法人,"月給20万7,000円",正社員,治療家,求人ボックス,https://xn--pckua2a7gp15o89zb.com/jb/45dcb7d40435b342a85e0e54c0210bf7,True,8時間前,2026-10-03 05:07:35,京都府
「タクシードライバー・定期送迎」月収50万以上・未経験歓迎・普通免許のみOK・ボーナスあり新着,柔道整復師,京都府,"月給47万6,000円",正社員,治療家,求人ボックス,https://xn--pckua2a7gp15o89zb.com/jbn/b6fb16b0da26208aff7b2646a59a2ba1,True,10時間前,2026-10-03 05:07:35,京都府
「タクシードライバー・夜勤」月50万以上可・未経験歓迎／寮・社宅完備／普免のみOK・ボーナスあり新着,柔道整復師,京都府,"月給47万6,000円",正社員,治療家,求人ボックス,https://xn--pckua2a7gp15o89zb.com/jbn/05ec00ec00a2cff724382dba58ea0ddb,True,10時間前,2026-10-03 05:07:35,京都府
「著名人・企業タクシードライバー」月収40万以上・未経験歓迎／週3勤務・ボーナスあり新着,柔道整復師,京都府,"月給45万6,000円",正社員,治療家,求人ボックス,https://xn--pckua2a7gp15o89zb.com/jbn/89a1e3d611c87e4aa4f88635cdc97109,True,9時間前,2026-10-03 05:07:35,京都府
「タクシードライバー」月収50万以上・未経験歓迎／週3勤務・普通免許のみOK・ボーナス2回新着,柔道整復師,京都府,"月給47万6,000円",正社員,治療家,求人ボックス,https://xn--pckua2a7gp15o89zb.com/jbn/4b224ff278a9e7914714bba76f948ef9,True,10時間前,2026-10-03 05:07:35,京都府
著名人や企業役員のタクシードライバー「週3日勤務」未経験OK・月収40万円以上／ボーナス支給あり新着,柔道整復師,京都府,"月給45万6,000円",正社員,治療家,求人ボックス,https://xn--pckua2a7gp15o89zb.com/jbn/0326a48fdf4dd72ebc3823d00e849ef2,True,13時間前,2026-10-03 05:07:35,京都府
「週3日勤務」普通免許でスタートできる役員タクシードライバー／週の残り4日はすべてあなたの自由時間新着,...キャリアアップも全面的にバックアップします。 【その他概要】<前職例>製造/工場/ライン作業/生產管理/設備保全/製鋼/溶接クレーン・玉掛/金属加工/板金加工/板金塗装/警備員機械・電気/倉庫内,京都府,"月給47万6,000円",正社員,治療家,求人ボックス,https://xn--pckua2a7gp15o89zb.com/jbn/b7d151e8f93cf246deec8330d3f9a053,True,13時間前,2026-10-03 05:07:35,京都府
有料老人ホームの准看護師新着,株式会社はぴねすさぽーと,京都府,"時給1,530円～",アルバイト・パート,看護,求人ボックス,https://xn--pckua2a7gp15o89zb.com/jb/83f3de041e5b058482a68b86f0487493,True,6時間前,2026-10-03 05:07:28,京都府
介護施設の看護師／医療行為少なめ オンコールなし&残業なしなど好条件多...新着,株式会社グッドネクスト,京都府,"時給1,950円～2,700円",派遣社員,看護,求人ボックス,https://xn--pckua2a7gp15o89zb.com/jb/78659a5ca7623fe0de5fc995cccddbf6,True,23時間前,2026-10-03 05:07:29,京都府
介護施設の看護師／准看護師新着,住宅型有料老人ホーム アルファリビング京都北山,京都府,"月給35万3,600円",正社員,看護,求人ボックス,https://xn--pckua2a7gp15o89zb.com/jb/a3c83826e29b221a4dfc92608e200504,True,7時間前,2026-10-03 05:07:32,京都府
京都府京都市伏見区の看護師／医療法人 新生十全会 なごみの里病院新着,医療法人新生十全会 なごみの里病院,京都府京都市伏見区の看護師／医療法人,"月給26万4,500円",正社員,看護,求人ボックス,https://xn--pckua2a7gp15o89zb.com/jb/3899e0dffdabcedb9ef2c379196e6929,True,8時間前,2026-10-03 05:07:35,京都府
京都府宇治市の急 募／看護師・准看護師新着,社会福祉法人長安会 特別養護老人ホーム 桃花苑,京都府宇治市の急,"月給24万4,160円",正社員,看護,求人ボックス,https://xn--pckua2a7gp15o89zb.com/jb/7e1e65f5db1daeb7b5883c20edd3f120,True,8時間前,2026-10-03 05:07:35,京都府
看護師新着,看護師,京都府,"時給1,500円～2,000円",アルバイト・パート,看護,求人ボックス,https://xn--pckua2a7gp15o89zb.com/jb/067f4e886f141869bb15c12f2f56777f,True,13時間前,2026-10-03 05:07:37,京都府
京都府福知山市の看護師／特養／福祉施設の経験が無くても大丈夫です新着,社会福祉法人希望の丘福祉会,京都府福知山市の看護師／特養／福祉施設の経験が無くても大丈夫です,"月給23万4,000円",正社員,看護,求人ボックス,https://xn--pckua2a7gp15o89zb.com/jb/33bde0bd85279b61494edfb4ca57246b,True,8時間前,2026-10-03 05:07:37,京都府
京都府京都市伏見区の看護師／そせい苑／社会福祉法人 永山会新着,社会福祉法人永山会,京都府京都市伏見区の看護師／そせい苑／社会福祉法人,"月給24万7,000円",正社員,看護,求人ボックス,https://xn--pckua2a7gp15o89zb.com/jb/817a1d1a78c4ec915777ca05630998fe,True,8時間前,2026-10-03 05:07:37,京都府
京都府京都市上京区の看護師／病棟／医療法人 相馬病院新着,医療法人相馬病院,京都府京都市上京区の看護師／病棟／医療法人,"月給24万2,000円",正社員,看護,求人ボックス,https://xn--pckua2a7gp15o89zb.com/jb/7a76e3b575cb95332a9011949ee4c921,True,8時間前,2026-10-03 05:07:40,京都府
京都府舞鶴市の看護師／大浦・朝来・志楽地域包括支援センター新着,社会福祉法人大樹会,京都府舞鶴市の看護師／大浦・朝来・志楽地域包括支援センター,"月給25万5,200円",正社員,看護,求人ボックス,https://xn--pckua2a7gp15o89zb.com/jb/b58239ada18110ede689be248294eb7d,True,8時間前,2026-10-03 05:07:40,京都府
京都府京都市東山区の日勤 看護師／夢眠ひがしやま／株式会社 夢眠ホーム新着,株式会社夢眠ホーム,京都府京都市東山区の日勤,"月給32万5,500円",正社員,看護,求人ボックス,https://xn--pckua2a7gp15o89zb.com/jb/32ff068ec81d1b18d46d828d9b91d3a9,True,8時間前,2026-10-03 05:07:40,京都府
京都府相楽郡南山城村の正看護師／正職員／南山城村特別養護老人ホーム木の...新着,特別養護老人ホーム木の津,京都府相楽郡南山城村の正看護師／正職員／南山城村特別養護老人ホーム木の...,"月給33万5,000円",正社員,看護,求人ボックス,https://xn--pckua2a7gp15o89zb.com/jb/587c50c9b429fc961a71ec982e70393d,True,8時間前,2026-10-03 05:07:43,京都府
社会保険完備の職場で看護師／准看護師新着,リヤンド・京都伏見,京都府,"月給27万8,000円",正社員,看護,求人ボックス,https://xn--pckua2a7gp15o89zb.com/jb/a2459eed788c17a133eed84aa3b36be3,True,7時間前,2026-10-03 05:07:45,京都府
京都府京都市伏見区の正看護師／介護付有料老人ホーム・羽束師新着,メディカルケア御所ノ内株式会社,京都府京都市伏見区の正看護師／介護付有料老人ホーム・羽束師,"月給24万8,110円",正社員,看護,求人ボックス,https://xn--pckua2a7gp15o89zb.com/jb/6eb78b6cb059e36af9a6b27710338e6b,True,8時間前,2026-10-03 05:07:45,京都府
"時給2,000円もめざせる夜勤なし土日祝休み定員13人の小規模保育園看護師新着",看護師,京都府,"時給2,000円",アルバイト・パート,看護,求人ボックス,https://xn--pckua2a7gp15o89zb.com/jb/90d380aa7acb1031edab540c0ffbd769,True,13時間前,2026-10-03 05:07:48,京都府
京都府京都市下京区の看護師／慢性期～回復期／常勤新着,社会医療法人健康会 京都南病院,京都府京都市下京区の看護師／慢性期～回復期／常勤,"月給21万4,100円",正社員,看護,求人ボックス,https://xn--pckua2a7gp15o89zb.com/jb/f3dd0c0a7a6ffe0c88df10f11bdee010,True,8時間前,2026-10-03 05:07:52,京都府
病院クリニックからの転職歓迎ブランクや未経験可の看護師新着,看護師,京都府,"時給1,500円～2,000円",アルバイト・パート,看護,求人ボックス,https://xn--pckua2a7gp15o89zb.com/jb/ce14c6ef52bd9b5064547fe61a792826,True,13時間前,2026-10-03 05:07:52,京都府
”地方”からの転職歓迎／関東で経理事務業務新着,株式会社OOQ,京都府,"月給20万5,000円",正社員,経理,求人ボックス,https://xn--pckua2a7gp15o89zb.com/jb/bb9522660b7e16c12fea44c04b0056b7,True,15時間前,2026-10-03 05:07:26,京都府
京都府京都市右京区の経理事務／京都西院新着,株式会社ウェルクリエイト,京都府京都市右京区の経理事務／京都西院,月給25万円,正社員,経理,求人ボックス,https://xn--pckua2a7gp15o89zb.com/jb/067c4dc2383a90323ec5944f72703660,True,8時間前,2026-10-03 05:07:27,京都府
大手機械メーカーで経理事務／週3日～OK／17時退社／残業相談OK新着,サンワ株式会社,京都府,"時給1,450円～1,550円",派遣社員,経理,求人ボックス,https://xn--pckua2a7gp15o89zb.com/jb/844a0b4961edc3164e374ab4942e82b1,True,14時間前,2026-10-03 05:07:27,京都府
京都府与謝郡与謝野町の経理事務、税理士業務補助／土日祝休み新着,有限会社山井会計センター,京都府与謝郡与謝野町の経理事務、税理士業務補助／土日祝休み,月給19万円～25万円,正社員,経理,求人ボックス,https://xn--pckua2a7gp15o89zb.com/jb/f11862c2b16afa7dcf00453fc7d0945d,True,8時間前,2026-10-03 05:07:27,京都府
京都府京都市伏見区の事務職／経理／社会福祉法人 浩照会新着,社会福祉法人浩照会,京都府京都市伏見区の事務職／経理／社会福祉法人,"月給20万4,715円",正社員,経理,求人ボックス,https://xn--pckua2a7gp15o89zb.com/jb/f26b4babc587c6bc447db5bc7c1fdf38,True,8時間前,2026-10-03 05:07:27,京都府
京都府京都市伏見区の一般事務及び経理事務／三洋警備保障 株式会社新着,三洋警備保障株式会社,京都府京都市伏見区の一般事務及び経理事務／三洋警備保障,"時給1,250円～1,500円",アルバイト,経理,求人ボックス,https://xn--pckua2a7gp15o89zb.com/jb/7a7e46f880c6fefda7cc68a3637f6d4e,True,8時間前,2026-10-03 05:07:31,京都府
経理事務／在宅週1～2日OK 土日祝休み×経理サポート 残業なし新着,マンパワーグループ株式会社,京都府,"時給1,450円",派遣社員,経理,求人ボックス,https://xn--pckua2a7gp15o89zb.com/jb/bd261a8b510b538164d70e3844f92093,True,3時間前,2026-10-03 05:07:31,京都府
経理・財務 ／ 一般事務・OA事務 ／アナログ少し・仕訳中心でモクモク...新着,パーソルテンプスタッフ株式会社,京都府,"時給1,600円",派遣社員,経理,求人ボックス,https://xn--pckua2a7gp15o89zb.com/jb/b732db7c4113d60e754c2e9eebb46d30,True,19時間前,2026-10-03 05:07:31,京都府
経理事務／18時帰り!売上入力など!電話ナシ!12月まで新着,株式会社スタッフサービス,京都府,"時給1,400円～1,550円",派遣社員,経理,求人ボックス,https://xn--pckua2a7gp15o89zb.com/jb/7693b9cc6d372b9137427f637008c7f4,True,16時間前,2026-10-03 05:07:35,京都府
京都市下京区エリアのお仕事!「事務スタッフ」 未経験からはじめる事務スタッフ新着,株式会社ディンプル,京都府,"月給19万8,000円",正社員,経理,求人ボックス,https://xn--pckua2a7gp15o89zb.com/jb/9a850bb337ee3316c7af1d46914ce3db,True,11時間前,2026-10-03 05:07:35,京都府
金額や項目をチェックして入力するだけ!未経験から始める見積書・請求書のかんたん事務サポート新着,経理,京都府,"月給25万3,000円",正社員,経理,求人ボックス,https://xn--pckua2a7gp15o89zb.com/jbn/cb02feb37c642912e43fb2a432024b2e,True,11時間前,2026-10-03 05:07:38,京都府
事務職／営業事務／未経験OK／育休取得実績あり／家庭と両立しやすい職場／賞与・昇給あり新着,事務,京都府,月給21万円～50万円,正社員,経理,求人ボックス,https://xn--pckua2a7gp15o89zb.com/jbn/b7d29adfaf727ca6bad1de121074d616,True,6時間前,2026-10-03 05:07:38,京都府
はじめての事務でも安心!ルール通りの作業で月収25〜35万円可新着,事務,京都府,月給26万円～27万,正社員,経理,求人ボックス,https://xn--pckua2a7gp15o89zb.com/jbn/435511c36b872d9b4a0bb22b83c9441f,True,11時間前,2026-10-03 05:07:41,京都府
「データ入力／一般事務・バックオフィス」プライベートも仕事も全力で自分らしく!髪色・ネイル新着,株式会社ONE LOOK,京都府,月給21万円～40万円,正社員,経理,求人ボックス,https://xn--pckua2a7gp15o89zb.com/jbn/a4b6d53fbdc991af2cb693375275f42b,True,14時間前,2026-10-03 05:07:41,京都府
事務職／充実の研修で安心スタート!／教育体制あり／福利厚生充実／若手中心新着,事務,京都府,"月給22万1,000円",正社員,経理,求人ボックス,https://xn--pckua2a7gp15o89zb.com/jbn/e8a12841ccb5e1c15e3f1341f70b08ba,True,6時間前,2026-10-03 05:07:41,京都府
データ入力・事務／充実の研修で安心スタート!／ブランクOK／土日祝休み新着,事務,京都府,"月給22万1,000円",正社員,経理,求人ボックス,https://xn--pckua2a7gp15o89zb.com/jbn/6bf70b35279c5d853508ed9170064938,True,6時間前,2026-10-03 05:07:41,京都府
事務職／一般事務／未経験から安心スタート／家庭と両立できる職場／年間休日125日以上／ネイルOK新着,事務,京都府,月給21万円～50万円,正社員,経理,求人ボックス,https://xn--pckua2a7gp15o89zb.com/jbn/ab9d185723085e62a20ad21a9a33d8c1,True,6時間前,2026-10-03 05:07:45,京都府
データ入力・事務／ブランクOK／マニュアル完備／若い者歓迎／福利厚生充実／残業少なめ新着,株式会社ホワイトキャリア,京都府,月給21万円～50万円,正社員,経理,求人ボックス,https://xn--pckua2a7gp15o89zb.com/jbn/a699484914266a982ab3dabf6b36e2f9,True,6時間前,2026-10-03 05:07:45,京都府
未経験OK／完全週休2日制／転勤なし／安定と安心を両方得られる新着,CENTURY21株式会社ハウスイノベーション,京都府,月給25万円～38万円,正社員,経理,求人ボックス,https://xn--pckua2a7gp15o89zb.com/jb/f922f6d0dad51a6941586310e6dedfcb,True,11時間前,2026-10-03 05:07:45,京都府
事務サポートスタッフ新着,税理士法人キーストーン,京都府,"時給1,200円",アルバイト・パート,経理,求人ボックス,https://xn--pckua2a7gp15o89zb.com/jb/c5d0cd42e37942ae11cc9350e161f180,True,7時間前,2026-10-03 05:07:49,京都府
10t車にて食品の配送ドライバーDR:MF137-01-EG新着,株式会社ドライブトライブ,京都府,"日給2万1,600円",派遣社員,ドライバー,求人ボックス,https://xn--pckua2a7gp15o89zb.com/jb/4cce723eedcd8f859c10944b24776de0,True,18時間前,2026-10-03 05:07:38,京都府
「賞与年2回×月収35万〜可能」長距離の大型トラックドライバー新着,司関西株式会社,京都府,月給28万円～35万円,正社員,ドライバー,求人ボックス,https://xn--pckua2a7gp15o89zb.com/jbn/4c3b52a6b764bb345143a74c8e1e3738,True,22時間前,2026-10-03 05:07:39,京都府
タクシードライバー／「経営者の専属運転手」月収50万以上・週3勤務新着,ドライバー,京都府,"月給47万6,000円",正社員,ドライバー,求人ボックス,https://xn--pckua2a7gp15o89zb.com/jbn/3a23af803dcb3f9365ab8cc4f0cf3096,True,10時間前,2026-10-03 05:07:42,京都府
「VIP・タクシードライバー」1年目で年収600万・週3勤務新着,<仕事内容>企業役員やVIPのお客様を送迎する、落ち着いて取り組める,京都府,"月給45万6,000円",正社員,ドライバー,求人ボックス,https://xn--pckua2a7gp15o89zb.com/jbn/c475adc44b9452c5209ca5862bc07d2e,True,9時間前,2026-10-03 05:07:47,京都府
「空港へのタクシードライバー」週3日勤務／普通免許で未経験OK新着,ドライバー,京都府,"月給47万6,000円",正社員,ドライバー,求人ボックス,https://xn--pckua2a7gp15o89zb.com/jbn/fdab14fbf1496d97af3b10fee9057408,True,13時間前,2026-10-03 05:07:47,京都府
大型トレーラーでの配送ドライバー／日曜休みOK新着,株式会社オークラロジ,京都府,月給45万円～48万円,正社員,ドライバー,求人ボックス,https://xn--pckua2a7gp15o89zb.com/jb/efcd5168e72c999f4c11effd56bdd484,True,10時間前,2026-10-03 05:07:50,京都府
タクシードライバー／未経験でも平均月収40万円／日曜休みOK新着,都タクシー株式会社,京都府,月給20万円～90万円,正社員,ドライバー,求人ボックス,https://xn--pckua2a7gp15o89zb.com/jb/301589c226444dc7013036d2cd2b0b7a,True,10時間前,2026-10-03 05:07:55,京都府
「異業種からの転職歓迎」タクシードライバー／週3勤務／月収50万以上新着,経験を活かして始められる,京都府,"月給47万6,000円",正社員,ドライバー,求人ボックス,https://xn--pckua2a7gp15o89zb.com/jbn/0d60ab9d45e6e57fa51542fdefd15c7d,True,10時間前,2026-10-03 05:07:55,京都府
タクシードライバー／未経験でも平均月収40万円／日曜休みOK新着,西都交通株式会社,京都府,月給20万円～90万円,正社員,ドライバー,求人ボックス,https://xn--pckua2a7gp15o89zb.com/jb/efbe67682c936585ed06d862cd497873,True,10時間前,2026-10-03 05:07:55,京都府
タクシードライバー「週3勤務」月収50万以上可／普通免許1年でOK新着,<関連職種>役員運転手/送迎,京都府,"月給45万6,000円",正社員,ドライバー,求人ボックス,https://xn--pckua2a7gp15o89zb.com/jbn/4df0bed906bfceecf69756efd17fd547,True,9時間前,2026-10-03 05:07:58,京都府
「夜勤・タクシードライバー」急募／月収50万以上・20代活躍中新着,ドライバー,京都府,"月給47万6,000円",正社員,ドライバー,求人ボックス,https://xn--pckua2a7gp15o89zb.com/jbn/c0381139c9f65bbcc6f85e9270ce5e58,True,10時間前,2026-10-03 05:07:58,京都府
引越しドライバー／日曜休みOK／賞与あり新着,株式会社ハート引越センター,京都府,"月給32万5,000円",正社員,ドライバー,求人ボックス,https://xn--pckua2a7gp15o89zb.com/jb/399436170800796e479c67874cf91ab0,True,10時間前,2026-10-03 05:07:58,京都府
「予約対応」タクシードライバー／夜間メイン・月収50万円・未経験入社9...新着,ドライバー,京都府,"月給45万6,000円",正社員,ドライバー,求人ボックス,https://xn--pckua2a7gp15o89zb.com/jbn/003d5779760988fcdd67b2d418f3425b,True,9時間前,2026-10-03 05:08:04,京都府
タクシードライバー／未経験歓迎／日曜休みOK／週3から可能新着,高速タクシー株式会社,京都府,月給20万円～90万円,正社員,ドライバー,求人ボックス,https://xn--pckua2a7gp15o89zb.com/jb/3847110e8f11c214894177690f92adbf,True,10時間前,2026-10-03 05:08:08,京都府
「愛知県勤務」警備員／新生活応援／家具・家電付の社宅完備新着,セキュリティスタッフ株式会社,京都府,月給24万円～38万,正社員,警備,求人ボックス,https://xn--pckua2a7gp15o89zb.com/jb/9199561d9fee79ed321b1e701d09881c,True,4時間前,2026-10-03 05:07:55,京都府
受付・データ入力スタッフ／丁寧な教育体制／若手中心／福利厚生充実／完全週休2日制／残業少なめ新着,株式会社ホワイトキャリア,京都府,月給21万円～50万円,正社員,警備,求人ボックス,https://xn--pckua2a7gp15o89zb.com/jbn/dcd6f02c13786dcb1e5ff78700366942,True,6時間前,2026-10-03 05:07:55,京都府
「タクシードライバー」月収50万以上・未経験歓迎／週3勤務・普通免許のみOK・ボーナス2回新着,<前職例>製造/工場/ライン作業/生產管理/設備保全/製鋼/溶接クレーン・玉掛/金属加工/板金加工/板金塗装/,京都府,"月給45万6,000円",正社員,警備,求人ボックス,https://xn--pckua2a7gp15o89zb.com/jbn/d70210bdd8a4f72056b1f73cf5da1f6e,True,9時間前,2026-10-03 05:07:55,京都府
「著名人のタクシードライバー」未経験OK・月収50万円以上／週3日勤務／20代～50代が多数活躍中新着,警備員,京都府,"月給45万6,000円",正社員,警備,求人ボックス,https://xn--pckua2a7gp15o89zb.com/jbn/cc9ed5ce8e2cf13b4726eb04d4a88fc9,True,12時間前,2026-10-03 05:07:55,京都府
「夜勤・アプリ配車タクシードライバー」二種免許不要／月収40万以上／未経験歓迎新着,警備員,京都府,"月給45万6,000円",正社員,警備,求人ボックス,https://xn--pckua2a7gp15o89zb.com/jbn/4cbe8d7a7562cf0e6473f44bf726e7e1,True,9時間前,2026-10-03 05:07:56,京都府
タクシードライバー／「タレントやスポーツ選手等の送迎」週3日勤務／未経験OK・月収50万円以上新着,警備員,京都府,"月給45万6,000円",正社員,警備,求人ボックス,https://xn--pckua2a7gp15o89zb.com/jbn/25d9e96abb093f2d4801044252859291,True,12時間前,2026-10-03 05:07:56,京都府
「夜勤」著名人やモデル・タレントのタクシードライバー／学歴不問・普通免許でOK／資格取得支援あり新着,警備員,京都府,"月給47万6,000円",正社員,警備,求人ボックス,https://xn--pckua2a7gp15o89zb.com/jbn/9d112bdbc13e06f148878516699b1cac,True,13時間前,2026-10-03 05:07:59,京都府
「夜勤・空港タクシードライバー」月収50万以上・ボーナスあり／普通免許のみOK新着,警備員,京都府,"月給47万6,000円",正社員,警備,求人ボックス,https://xn--pckua2a7gp15o89zb.com/jbn/3d013d313574e9b95ecc098c1de4eb70,True,10時間前,2026-10-03 05:07:59,京都府
タクシードライバー／普通免許OK・AT限定可／未経験から正社員へ／週3日勤務可新着,警備員,京都府,"月給47万7,000円",正社員,警備,求人ボックス,https://xn--pckua2a7gp15o89zb.com/jbn/c1df1b18eea551472e5b859900467d58,True,10時間前,2026-10-03 05:08:02,京都府
週3勤務のタクシードライバー／普通免許だけで応募OK／予約中心で落ち着いて働ける／賞与年2回新着,警備員,京都府,"月給47万7,000円",正社員,警備,求人ボックス,https://xn--pckua2a7gp15o89zb.com/jbn/d60f07ae40181bedf8b2cfb02b4e4622,True,11時間前,2026-10-03 05:08:05,京都府
「アプリ配車タクシードライバー・週3勤務」20代活躍中／月収40万以上／普通免許でOK新着,警備員,京都府,"月給47万6,000円",正社員,警備,求人ボックス,https://xn--pckua2a7gp15o89zb.com/jbn/8fb2ffec44b8f8c6c7952fc4037c2553,True,10時間前,2026-10-03 05:08:05,京都府
「週3日勤務で年収600万円も可能」タクシードライバー／普通免許のみOK／未経験歓迎／賞与年2回新着,<年収例>・1年目/29歳:560万円(元,京都府,月給48万100円,正社員,警備,求人ボックス,https://xn--pckua2a7gp15o89zb.com/jbn/58f6efb7882fcca084de9afc2e6a916f,True,11時間前,2026-10-03 05:08:08,京都府
「正社員」週3勤務のタクシードライバー／未経験者活躍中／年収500万円以上可能／土日祝休み取得可新着,入社1年目/29歳:年収560万円(前職:,京都府,"月給47万6,000円",正社員,警備,求人ボックス,https://xn--pckua2a7gp15o89zb.com/jbn/b095537fac21ee5aa5fb55ad1c3bfded,True,10時間前,2026-10-03 05:08:11,京都府
芸能関係者のタクシードライバー／未経験歓迎／週3勤務／月収45万円以上／20代～50代活躍中新着,1年目/29歳:560万円(元,京都府,"月給47万8,800円",正社員,警備,求人ボックス,https://xn--pckua2a7gp15o89zb.com/jbn/f78d0eac4c230f3fb7b8269ab4254618,True,13時間前,2026-10-03 05:08:11,京都府
週3勤務の予約タクシードライバー／普通免許OK／未経験から正社員へ／履歴書不要／賞与年2回新着,警備員,京都府,"月給47万6,000円",正社員,警備,求人ボックス,https://xn--pckua2a7gp15o89zb.com/jbn/431940d86bcf36687353b20c072d6a88,True,10時間前,2026-10-03 05:08:11,京都府
役員・著名人の予約タクシードライバー／普通免許OK・AT限定可／未経験から正社員へ／週3日勤務可新着,警備員,京都府,"月給47万6,000円",正社員,警備,求人ボックス,https://xn--pckua2a7gp15o89zb.com/jbn/0dfb092b7caad070870db1c2b3722c20,True,10時間前,2026-10-03 05:08:14,京都府
20代～50代多数活躍中 未経験大歓迎 家族も安心!大手イオングループ企業 地域新着,株式会社白青舎,京都府,"時給1,130円",アルバイト・パート,警備,求人ボックス,https://xn--pckua2a7gp15o89zb.com/jb/1b882c6c1d5312a747fc25e9df36e703,True,14時間前,2026-10-03 05:08:14,京都府
未経験歓迎! プログラマー 全員面接OK新着,CLINKS株式会社,京都府,月給22万円～,正社員,警備,求人ボックス,https://xn--pckua2a7gp15o89zb.com/jb/5e509f59e9a2426f5def6e180db49afc,True,3時間前,2026-10-03 05:08:14,京都府
夜間専属タクシードライバー／月収50万円以上可能／賞与年2回／普通免許のみで応募可新着,...以下のような経験をお持ちの方は特に歓迎します。・軽貨物ドライバー・ルート配送スタッフ・宅配ドライバー・タクシー運転手・大型トラックドライバー・フォークリフトオペレーター・建設・土木作業員・,京都府,"月給45万8,900円",正社員,警備,求人ボックス,https://xn--pckua2a7gp15o89zb.com/jbn/bebb4fd4cbe870ff7c562cbeaeaa1cac,True,9時間前,2026-10-03 05:08:21,京都府
京都府京都市伏見区の清掃サービススタッフ／株式会社 ダスキン伏見新着,株式会社ダスキン伏見,京都府京都市伏見区の清掃サービススタッフ／株式会社,"月給23万1,000円",正社員,清掃,求人ボックス,https://xn--pckua2a7gp15o89zb.com/jb/0166253d9ce22ef4d410ce3666caabe3,True,8時間前,2026-10-03 05:08:11,京都府
分譲マンションでの清掃スタッフ新着,株式会社ライフライン,京都府,"時給1,130円～",アルバイト・パート,清掃,求人ボックス,https://xn--pckua2a7gp15o89zb.com/jb/37824f2acef7acb9941ba1718099c848,True,12時間前,2026-10-03 05:08:11,京都府
未経験OK!清掃サービススタッフ／日祝休みでプライベートも充実新着,有限会社大阪中央サービス,京都府,"月給30万5,000円",正社員,清掃,求人ボックス,https://xn--pckua2a7gp15o89zb.com/jb/3e27a172fcab1f96f1bc66a3c76a2f8d,True,9時間前,2026-10-03 05:08:11,京都府
スモールラグジュアリーホテルの清掃スタッフ 週3日から新着,フロントマネジメント株式会社,京都府,"時給1,200円",アルバイト・パート,清掃,求人ボックス,https://xn--pckua2a7gp15o89zb.com/jb/a36bd214f3df424b8f262281bc5d945b,True,5時間前,2026-10-03 05:08:11,京都府
深夜のみの厨房清掃スタッフ新着,株式会社セントラルサービスシステム 京都市東山区...,京都府,"時給1,525円～",アルバイト・パート,清掃,求人ボックス,https://xn--pckua2a7gp15o89zb.com/jb/80d0456bf7cbe37a682755a92cc0c4df,True,17時間前,2026-10-03 05:08:11,京都府
ホテル清掃の現場責任者・エリア管理／月給25万円／賞与年2回／未経験OK・ニセコ勤務新着,プログレ株式会社,京都府,月給25万円,正社員,清掃,求人ボックス,https://xn--pckua2a7gp15o89zb.com/jb/2a7e62181526bb0cae660ad578029c00,True,19時間前,2026-10-03 05:08:11,京都府
清掃員／朝のみの短時間勤務／扶養内・WワークOK／土日祝休み新着,キョウワプロテック株式会社,京都府,"時給1,180円～1,230円",アルバイト・パート,清掃,求人ボックス,https://xn--pckua2a7gp15o89zb.com/jb/a3b101e2316f868bcdc0012a1ea162d9,True,18時間前,2026-10-03 05:08:12,京都府
烏丸 四条 ホテル清掃新着,株式会社西武観光企画,京都府,"時給1,200円～1,300円",アルバイト・パート,清掃,求人ボックス,https://xn--pckua2a7gp15o89zb.com/jb/73e42a3be6fc5f949680c2f36993071a,True,11時間前,2026-10-03 05:08:12,京都府
京都府京都市下京区のテナントビルやマンションの清掃・巡回 シフト制新着,日本プライムサービス株式会社,京都府京都市下京区のテナントビルやマンションの清掃・巡回,月給27万円～29万円,正社員,清掃,求人ボックス,https://xn--pckua2a7gp15o89zb.com/jb/5aa4b4685e307f3c4d6b3385c374eb77,True,8時間前,2026-10-03 05:08:12,京都府
オープニングスタッフ大／四条駅すぐ／烏丸駅すぐ／オフィスビルの日常清掃／1人現場新着,株式会社H・S・Tビルメンテナンス事業部,京都府,"時給1,250円～",アルバイト・パート,清掃,求人ボックス,https://xn--pckua2a7gp15o89zb.com/jb/3b1940b845043cc5c4bdc05229ae1363,True,9時間前,2026-10-03 05:08:12,京都府
ディーラーでの車の拭き上げ作業員新着,株式会社ジャパン・リリーフ,京都府,"時給1,350円～",派遣社員,清掃,求人ボックス,https://xn--pckua2a7gp15o89zb.com/jbn/a701ae19acf31cfd8740268444d1756e,True,18時間前,2026-10-03 05:08:12,京都府
串カツ田中のホールキッチンスタッフ新着,株式会社ユニシアホールディングス,京都府,"月給26万1,000円",正社員,清掃,求人ボックス,https://xn--pckua2a7gp15o89zb.com/jb/1367e039d19cc30b7aeded84305d26f7,True,4時間前,2026-10-03 05:08:15,京都府
ペットショップの店舗スタッフ／ワークライフバランス重視／定期昇給制度あり／週5日からOK新着,株式会社犬の家 精華店,京都府,"月給20万3,000円",正社員,清掃,求人ボックス,https://xn--pckua2a7gp15o89zb.com/jbn/98f29316f148fddaf4c9850fb10fb1d8,True,22時間前,2026-10-03 05:08:15,京都府
送迎ドライバー／月給36万円〜新着,スマイルライフ,京都府,月給36万円,正社員,清掃,求人ボックス,https://xn--pckua2a7gp15o89zb.com/jbn/68903ea49babf1bc0fcc1f3d8d22a425,True,14時間前,2026-10-03 05:08:15,京都府
京都市下京区エリアでお仕事したい方に!美容部員のお仕事! COVERMARK／美容部員／完全未経験可新着,株式会社ディンプル,京都府,"月給21万8,000円",正社員,清掃,求人ボックス,https://xn--pckua2a7gp15o89zb.com/jb/8dfc5f39144e541681877110efa6aef5,True,11時間前,2026-10-03 05:08:15,京都府
「賞与ありでモチベーションもアップ」／100円ショップ商品の仕分け／日勤のみ／高収入／大手企業新着,株式会社SNJAPAN,京都府,月給33万円～36万円,正社員,清掃,求人ボックス,https://xn--pckua2a7gp15o89zb.com/jbn/ab27c9f2234999e464b29bf1de712293,True,15時間前,2026-10-03 05:08:15,京都府
「スピード採用で製造のお仕事へ」／住宅用建材の製造スタッフ／残業少なめ／経験不問／大手企業新着,三陽工業株式会社,京都府,月給19万円～36万,正社員,清掃,求人ボックス,https://xn--pckua2a7gp15o89zb.com/jbn/c0899ba2d39eae9dbd417aaa8c233611,True,14時間前,2026-10-03 05:08:20,京都府
京都府京都市中京区のホテルフロント／コンフォートイン京都四条烏丸／株式会社 グリーンズ新着,株式会社グリーンズ,京都府京都市中京区のホテルフロント／コンフォートイン京都四条烏丸／株式会社,"月給24万8,800円",正社員,清掃,求人ボックス,https://xn--pckua2a7gp15o89zb.com/jb/dafaa18dd70251739e9052b217720ad3,True,8時間前,2026-10-03 05:08:20,京都府
ベーカリーレストランでのキッチンスタッフ新着,株式会社進々堂,京都府,"時給1,150円",アルバイト・パート,清掃,求人ボックス,https://xn--pckua2a7gp15o89zb.com/jb/08b1967c2c3c79ce07941f0979e278ef,True,13時間前,2026-10-03 05:08:20,京都府
家電の部品交換メンテナンススタッフ新着,ギグワークスアドバリュー株式会社,京都府,"日給2万2,000円",,清掃,求人ボックス,https://xn--pckua2a7gp15o89zb.com/jb/2af358cda1a6585b7a68525b56b5c9dd,True,6時間前,2026-10-03 05:08:20,京都府
ビルメンテナンス会社での現場管理・労務人事管理新着,双葉メンテナンス工業株式会社,京都府,月給24万円～26万円,正社員,清掃,求人ボックス,https://xn--pckua2a7gp15o89zb.com/jb/08ac0f7991609a16518c8795648a2fba,True,2時間前,2026-10-03 05:08:20,京都府
シフト休／スーパーの青果担当／資格経験不要／転勤なし新着,フレンド・フーズ有限会社,京都府,月給22万960円,正社員,清掃,求人ボックス,https://xn--pckua2a7gp15o89zb.com/jb/f4ac5af522f973955f45a5ec1f614747,True,3時間前,2026-10-03 05:08:20,京都府
京都府久世郡久御山町のイオンモール久御山店／ジュエリーアドバイザー／菅田 株式会社／KANDA新着,菅田株式会社,京都府久世郡久御山町のイオンモール久御山店／ジュエリーアドバイザー／菅田,月給21万円～26万円,正社員,清掃,求人ボックス,https://xn--pckua2a7gp15o89zb.com/jb/d912e21ba1b0e30e85a7da57032042cd,True,8時間前,2026-10-03 05:08:22,京都府
制御機器のハードウェア設計業務新着,株式会社スタッフサービス,京都府,"時給1,800円～",派遣社員,清掃,求人ボックス,https://xn--pckua2a7gp15o89zb.com/jb/45592277dc9c8f436d3a37616a2aa19d,True,9時間前,2026-10-03 05:08:22,京都府
京都府京都市左京区のカフェスタッフ・キッチンスタッフ／下鴨日和新着,株式会社CTC,京都府京都市左京区のカフェスタッフ・キッチンスタッフ／下鴨日和,月給23万円～28万円,正社員,清掃,求人ボックス,https://xn--pckua2a7gp15o89zb.com/jb/d0c708e8776bf1127f90d0693553e564,True,8時間前,2026-10-03 05:08:22,京都府
京都府京都市伏見区のふれあいかたおか薬局／薬局スタッフ／株式会社 近畿予防医学研究所新着,株式会社近畿予防医学研究所,京都府京都市伏見区のふれあいかたおか薬局／薬局スタッフ／株式会社,月給19万570円,正社員,清掃,求人ボックス,https://xn--pckua2a7gp15o89zb.com/jb/6c8f947c9bd5028eb6b5f18d2860bbe5,True,8時間前,2026-10-03 05:08:22,京都府
京都府与謝郡与謝野町の調理師／橋立観光 株式会社新着,橋立観光株式会社,京都府与謝郡与謝野町の調理師／橋立観光,月給23万円～30万円,正社員,清掃,求人ボックス,https://xn--pckua2a7gp15o89zb.com/jb/aded6e378ae98467f1253fef56a29044,True,8時間前,2026-10-03 05:08:22,京都府
京都府八幡市のコンビニスタッフ／深夜勤務新着,セブンーイレブン八幡源氏垣外店,京都府八幡市のコンビニスタッフ／深夜勤務,"月給22万2,156円",正社員,清掃,求人ボックス,https://xn--pckua2a7gp15o89zb.com/jb/914ff696fa02f3adc122426cd6a8b52f,True,7時間前,2026-10-03 05:08:22,京都府
京都府京都市南区の重機オペレーター土木作業スタッフ／福田建設工業 株式会社新着,福田建設工業株式会社,京都府京都市南区の重機オペレーター土木作業スタッフ／福田建設工業,月給33万円～50万円,正社員,清掃,求人ボックス,https://xn--pckua2a7gp15o89zb.com/jb/9d56153791e836ccdbb88fbc2b0762d4,True,8時間前,2026-10-03 05:08:22,京都府
京都府京都市北区の調理スタッフ／レガロア加茂別邸／株式会社 はぴねすさぽーと新着,株式会社はぴねすさぽーと,京都府京都市北区の調理スタッフ／レガロア加茂別邸／株式会社,"月給21万2,000円",正社員,清掃,求人ボックス,https://xn--pckua2a7gp15o89zb.com/jb/2708001912147a445f8add378728a998,True,8時間前,2026-10-03 05:08:26,京都府
すき家の店舗スタッフ 接客・調理・清掃など新着,すき家,京都府,"時給1,230円",アルバイト・パート,清掃,求人ボックス,https://xn--pckua2a7gp15o89zb.com/jb/6374b3a1a1e41db0055831cbe8a547b5,True,1時間前,2026-10-03 05:08:26,京都府
未経験から月収24万円以上可能!復職を考えている方にもピッタリ新着,株式会社ルフト・メディカルケア,京都府,"時給1,671円",派遣社員,清掃,求人ボックス,https://xn--pckua2a7gp15o89zb.com/jb/fda883ff06fe123a46dae1239729f6ba,True,13時間前,2026-10-03 05:08:26,京都府
京都府綾部市の酪農スタッフ／年間休日151日／有限会社 BIG TREE FARM新着,有限会社BIG TREE FARM,京都府綾部市の酪農スタッフ／年間休日151日／有限会社,"月給16万8,350円",正社員,清掃,求人ボックス,https://xn--pckua2a7gp15o89zb.com/jb/248cf4bb07850d6d2fc31e1bb71af122,True,8時間前,2026-10-03 05:08:26,京都府
定時ピッタリOK・日勤中心 デイサービスでの介護新着,株式会社ウィルオブ・ワーク,京都府,"時給1,400円",派遣社員,清掃,求人ボックス,https://xn--pckua2a7gp15o89zb.com/jb/201adbc9e82a3ae2b5893655f74af28a,True,19時間前,2026-10-03 05:08:26,京都府
今がチャンス!ココで人生変えてみませんか 店舗運営スタッフ新着,京都かつりき,京都府,月給25万円～,正社員,清掃,求人ボックス,https://xn--pckua2a7gp15o89zb.com/jb/fb7663b1508147c254d694cb597d686a,True,18時間前,2026-10-03 05:08:26,京都府
シフト休／専門店レストランの店舗スタッフ／東証一部上場企業新着,株式会社グルメ杵屋,京都府,月給23万円～35万円,正社員,清掃,求人ボックス,https://xn--pckua2a7gp15o89zb.com/jb/62d9adc7e3b86040e6a8a750ea9901b8,True,3時間前,2026-10-03 05:08:30,京都府
デジタルプリンター製造・検品スタッフ／未経験歓迎!コツコツ取り組めるシンプル作業新着,IBS即戦力人財株式会社,京都府,"時給1,450円",派遣社員,清掃,求人ボックス,https://xn--pckua2a7gp15o89zb.com/jb/fe460b17c3854aab131e81f465067335,True,14時間前,2026-10-03 05:08:34,京都府
小型トラックドライバー／賞与あり新着,サントリービバレッジソリューション株式会社,京都府,"月給29万2,424円",正社員,清掃,求人ボックス,https://xn--pckua2a7gp15o89zb.com/jb/4e8e2520abd6fd6c84197998279bc1aa,True,10時間前,2026-10-03 05:08:38,京都府
医薬品登録販売者新着,株式会社クスリのアオキ クスリのアオキ 男山店,京都府,"時給1,200円～1,380円",アルバイト・パート,清掃,求人ボックス,https://xn--pckua2a7gp15o89zb.com/jb/c084042e908cb0e07c0dedd924713493,True,22時間前,2026-10-03 05:08:38,京都府
お弁当の仕分け もくもく軽作業 日払い・週払いOK新着,株式会社IGF,京都府,月給30万円～36万円,正社員,清掃,求人ボックス,https://xn--pckua2a7gp15o89zb.com/jb/aa0080b849b50f2f3026f3135b536900,True,14時間前,2026-10-03 05:08:41,京都府
「夜勤専属・タクシードライバー」未経験OK／月収40万以上・賞与年2回／二種免許取得は全額会社負担新着,洗車や車内,京都府,"月給45万6,000円",正社員,清掃,求人ボックス,https://xn--pckua2a7gp15o89zb.com/jbn/454cb1e1c5163d416a842edfde7ca4c3,True,12時間前,2026-10-03 05:08:41,京都府
居酒屋の料理長候補／年収700万円超も可能新着,株式会社DDグループ,京都府,月給30万円～40万円,正社員,清掃,求人ボックス,https://xn--pckua2a7gp15o89zb.com/jb/4bab3ed109ade8bbed6cbaf474d047cc,True,4時間前,2026-10-03 05:08:41,京都府
フェイシャルエステティシャン・無資格可のエステティシャン／セラピスト新着,小顔矯正専門店BUPURA 四条烏丸店,京都府,月給23万円～32万円,正社員,清掃,求人ボックス,https://xn--pckua2a7gp15o89zb.com/jb/19e272ad1026b08f967f145b6a632cca,True,7時間前,2026-10-03 05:08:41,京都府
「モクモク軽作業!」チョコレートの製造スタッフ／20代から30代活躍中...新着,株式会社日本ケイテム,京都府,"時給1,200円～",アルバイト・パート,製造,求人ボックス,https://xn--pckua2a7gp15o89zb.com/jbn/99f8dc4371894ff5c80d32229b7b009b,True,20時間前,2026-10-03 05:08:00,京都府
「未経験から手に職を!」／キャラクタークリアファイルの製造スタッフ新着,製造,京都府,"月給35万4,000円",正社員,製造,求人ボックス,https://xn--pckua2a7gp15o89zb.com/jbn/51b67c0fc015f8d9433781c5c590f44e,True,13時間前,2026-10-03 05:08:00,京都府
お餅製造工場スタッフ／スピード採用新着,MY BASE株式会社,京都府,"月給24万4,000円",正社員,製造,求人ボックス,https://xn--pckua2a7gp15o89zb.com/jb/ef602cc1d4896d500b945d0a97d42f5d,True,13時間前,2026-10-03 05:08:00,京都府
「正社員デビュー歓迎!」／キャラクターコースターの製造スタッフ新着,製造,京都府,"月給35万9,000円",正社員,製造,求人ボックス,https://xn--pckua2a7gp15o89zb.com/jbn/750ddd72e86b9b791a912393b5927f86,True,13時間前,2026-10-03 05:08:01,京都府
「未経験から製造デビュー!」ドライフラワーづくりの製造スタッフ新着,製造,京都府,"月給30万5,420円",正社員,製造,求人ボックス,https://xn--pckua2a7gp15o89zb.com/jbn/38dae3ac69808594bd8263bcb9ca1e75,True,14時間前,2026-10-03 05:08:01,京都府
「未経験スタート応援!」／ゲームコラボノベルティ袋の製造スタッフ新着,製造,京都府,"月給35万8,000円",正社員,製造,求人ボックス,https://xn--pckua2a7gp15o89zb.com/jbn/ac688a9cca847ed5ba9fcfabf31f62cd,True,13時間前,2026-10-03 05:08:13,京都府
「正社員デビュー応援!」／ぬいぐるみキーホルダーの製造スタッフ新着,製造,京都府,"月給42万4,000円",正社員,製造,求人ボックス,https://xn--pckua2a7gp15o89zb.com/jbn/0741f98e561b6640862b149beae6345f,True,13時間前,2026-10-03 05:08:18,京都府
「身近な商品を扱う仕事!」猫用おもちゃづくりの製造スタッフ新着,製造,京都府,"月給31万1,370円",正社員,製造,求人ボックス,https://xn--pckua2a7gp15o89zb.com/jbn/515790695b0ce653e7661f7f13f34456,True,14時間前,2026-10-03 05:08:22,京都府
「福利厚生充実で安心して働ける」／タッチパネルの製造スタッフ新着,三陽工業株式会社,京都府,"月給19万5,000円",正社員,製造,求人ボックス,https://xn--pckua2a7gp15o89zb.com/jbn/99838e5a20f80d8e44057e313924cf69,True,14時間前,2026-10-03 05:08:26,京都府
「福利厚生充実の注目求人」／ワイヤレス充電スタンドの製造スタッフ新着,製造,京都府,"月給33万2,000円",正社員,製造,求人ボックス,https://xn--pckua2a7gp15o89zb.com/jbn/64ac46b98d36a8598f3f7e5c7ea71cbf,True,15時間前,2026-10-03 05:08:32,京都府
寮付きで始めやすい工場勤務!／宅配ボックスキー部品の製造スタッフ新着,製造,京都府,"月給45万7,000円",正社員,製造,求人ボックス,https://xn--pckua2a7gp15o89zb.com/jbn/8876cedaddabe87ea1e362f99a9583ce,True,12時間前,2026-10-03 05:08:34,京都府
「福利厚生充実の注目求人」／電動キックボード部品の製造スタッフ新着,製造,京都府,"月給33万9,000円",正社員,製造,求人ボックス,https://xn--pckua2a7gp15o89zb.com/jbn/15acfc39c5ec5fb53d44d51d83a9c653,True,15時間前,2026-10-03 05:08:34,京都府
「正社員デビュー応援」／車載USBソケットの製造スタッフ／モノづくり新着,製造,京都府,"月給35万4,000円",正社員,製造,求人ボックス,https://xn--pckua2a7gp15o89zb.com/jbn/9ead09480e0dc037cb31776ea5fe0f60,True,15時間前,2026-10-03 05:08:38,京都府
「新しい仕事に挑戦しやすい」／防犯カメラユニットの製造スタッフ新着,製造,京都府,"月給35万5,000円",正社員,製造,求人ボックス,https://xn--pckua2a7gp15o89zb.com/jbn/53f163822a26de3216a12719eb1dc737,True,15時間前,2026-10-03 05:08:38,京都府
高収入も目指せる製造スタッフ!／粘着ローラーケースの出荷前確認スタッフ新着,製造,京都府,"月給35万4,000円",正社員,製造,求人ボックス,https://xn--pckua2a7gp15o89zb.com/jbn/cbd2709684babe9d97e3d0163152e4ab,True,12時間前,2026-10-03 05:08:38,京都府
正社員デビューを応援／ヘッドホンスタンド部品の製造スタッフ／モノづくり新着,製造,京都府,月給31万円～39万,正社員,製造,求人ボックス,https://xn--pckua2a7gp15o89zb.com/jbn/c3fdf0890976ea4edf5f2b00f36c0a97,True,15時間前,2026-10-03 05:08:41,京都府
20代30代に人気の製品づくり!／ランドリー収納ケースの製造スタッフ新着,製造,京都府,月給33万円～36万,正社員,製造,求人ボックス,https://xn--pckua2a7gp15o89zb.com/jbn/592a6db78b2307553c2874e5511f301d,True,12時間前,2026-10-03 05:08:41,京都府
安定企業で製造スタッフ募集!／スマートフォンカメラユニットの製造補助新着,製造,京都府,"月給40万9,000円",正社員,製造,求人ボックス,https://xn--pckua2a7gp15o89zb.com/jbn/dc2d7c6812dab44964c40274c0a39704,True,12時間前,2026-10-03 05:08:41,京都府
暮らしに近い製品の製造スタッフ!／スマホケースの部品セットスタッフ新着,製造,京都府,"月給38万5,000円",正社員,製造,求人ボックス,https://xn--pckua2a7gp15o89zb.com/jbn/00f45d5668b39b55ce8001cc0019fdbc,True,12時間前,2026-10-03 05:08:41,京都府
滋賀県大津市の歯科衛生士／原則、週休3日制の正社員です新着,えいこう歯科医院,滋賀県大津市の歯科衛生士／原則、週休3日制の正社員です,月給30万円～35万円,正社員,歯科,求人ボックス,https://xn--pckua2a7gp15o89zb.com/jb/18d3eda112f223a68ce9dd2a096116b2,True,9時間前,2026-10-03 05:08:45,滋賀県
滋賀県甲賀市の歯科衛生士新着,富山歯科医院,滋賀県甲賀市の歯科衛生士,月給23万円～25万円,正社員,歯科,求人ボックス,https://xn--pckua2a7gp15o89zb.com/jb/bd8b08c757649cf02d2773e226eb1f56,True,9時間前,2026-10-03 05:08:45,滋賀県
滋賀県大津市の歯科衛生士新着,瀬田唐橋たなか歯科医院,滋賀県大津市の歯科衛生士,"月給25万5,000円",正社員,歯科,求人ボックス,https://xn--pckua2a7gp15o89zb.com/jb/4b982c655477d4585b0cdf3733c8515c,True,9時間前,2026-10-03 05:08:45,滋賀県
滋賀県大津市の歯科衛生士新着,ブランチ大津京デンタルクリニック,滋賀県大津市の歯科衛生士,月給28万円～34万円,正社員,歯科,求人ボックス,https://xn--pckua2a7gp15o89zb.com/jb/2106de53f19a68ad17cb0fc517fa2249,True,9時間前,2026-10-03 05:08:45,滋賀県
滋賀県大津市の歯科衛生士新着,医療法人わらい ワラワラデンタルクリニック,滋賀県大津市の歯科衛生士,月給27万円,正社員,歯科,求人ボックス,https://xn--pckua2a7gp15o89zb.com/jb/12d5d8bca68ce32ff7ab934f1bcdaa9e,True,9時間前,2026-10-03 05:08:45,滋賀県
滋賀県大津市の歯科衛生士／うかい歯科・矯正歯科新着,医療法人博天堂,滋賀県大津市の歯科衛生士／うかい歯科・矯正歯科,月給27万円～33万円,正社員,歯科,求人ボックス,https://xn--pckua2a7gp15o89zb.com/jb/da37c7646b739bd87a6d203a221e6749,True,9時間前,2026-10-03 05:08:45,滋賀県
滋賀県甲賀市の歯科衛生士新着,樹歯科医院,滋賀県甲賀市の歯科衛生士,"月給27万8,000円",正社員,歯科,求人ボックス,https://xn--pckua2a7gp15o89zb.com/jb/f00426b903d9ab05b868c107d16a4d11,True,9時間前,2026-10-03 05:08:45,滋賀県
滋賀県高島市の歯科衛生士新着,林歯科医院,滋賀県高島市の歯科衛生士,"月給24万3,000円",正社員,歯科,求人ボックス,https://xn--pckua2a7gp15o89zb.com/jb/32457e75b4e4a1c617de26b5267cf641,True,9時間前,2026-10-03 05:08:45,滋賀県
滋賀県米原市の歯科衛生士／訪問ケア未経験者歓迎／医療法人 悠悠会新着,医療法人悠悠会 いそクリニック,滋賀県米原市の歯科衛生士／訪問ケア未経験者歓迎／医療法人,"月給28万1,000円",正社員,歯科,求人ボックス,https://xn--pckua2a7gp15o89zb.com/jb/abaef13ebf2201662ac12e20c046bc99,True,9時間前,2026-10-03 05:08:45,滋賀県
歯科衛生士／ながはま祇園歯科新着,医療法人ユナイテッド,滋賀県,月給24万円～,正社員,歯科,求人ボックス,https://xn--pckua2a7gp15o89zb.com/jb/973883cea3f27faa1f8f1dcd367c8dfb,True,8時間前,2026-10-03 05:08:45,滋賀県
受付・事務・アシスタント・社会保険完備の職場で歯科助手新着,医療法人志明会 あしだ歯科医院,滋賀県,月給22万円～23万円,正社員,歯科,求人ボックス,https://xn--pckua2a7gp15o89zb.com/jb/c3786968c845e3e524ccbd89e9a5a196,True,7時間前,2026-10-03 05:08:45,滋賀県
データ入力事務／未経験OK「ネイルOK」土日祝休み・残業なし「20代活躍中」新着,歯科衛生士,滋賀県,"月給20万9,500円",正社員,歯科,求人ボックス,https://xn--pckua2a7gp15o89zb.com/jbn/939deb34529b25bc2f8cc6ab08103224,True,22時間前,2026-10-03 05:08:45,滋賀県
滋賀／オフィスビルの設備営繕／東京都心のランドマークを支えるビル管理会社新着,シフト制,滋賀県,,正社員,歯科,求人ボックス,https://xn--pckua2a7gp15o89zb.com/jb/8b4db8810f8197d87bec6c87b8f2e600,True,10時間前,2026-10-03 05:08:45,滋賀県
日勤・土日祝休み 部品の組立 男女活躍中 直雇用実績あり新着,株式会社ニチギワールド,京都府,"時給1,400円～1,750円",派遣社員,派遣,求人ボックス,https://xn--pckua2a7gp15o89zb.com/jb/03065099dc19de3ab06308d11ee06b47,True,13時間前,2026-10-03 05:08:25,京都府
京都市下京区エリアでのお仕事探しなら! 未経験OKの法人営業職／年357万円・転勤なし・直行直帰OK新着,株式会社ディンプル,京都府,"月給24万5,000円",正社員,派遣,求人ボックス,https://xn--pckua2a7gp15o89zb.com/jb/69e2cfde6c2c44f451754869d10ebbf6,True,11時間前,2026-10-03 05:08:25,京都府
派遣スタッフ受け入れの人事アシスタント／土日祝休新着,株式会社キャムテック,京都府,"月給27万5,000円",正社員,派遣,求人ボックス,https://xn--pckua2a7gp15o89zb.com/jb/9148d0318c7cb02ddd0f96c09f81dbdd,True,3時間前,2026-10-03 05:08:25,京都府
FA装置の機械設計補助／賞与制度あり／残業少なめ／社員食堂あり新着,サンワ株式会社,京都府,"時給1,750円～1,850円",派遣社員,派遣,求人ボックス,https://xn--pckua2a7gp15o89zb.com/jb/0eef5efdc4751e1b1422c7d2f60a6465,True,14時間前,2026-10-03 05:08:26,京都府
財団法人×検査サポート／時短5h勤務 残業ナシ 長期 1400新着,...同業務の方も複数いらっしゃるので安心! 【実務経験】未経験可  業界未経験OK PC入力操作が可能な方 【特徴】未経験OK/残業なし/残業少なめ(20H以下)/複数名募集/土日休み/,京都府,"時給1,400円",派遣社員,派遣,求人ボックス,https://xn--pckua2a7gp15o89zb.com/jb/d16621ec7f2fe4937a86a28e313bf484,True,13時間前,2026-10-03 05:08:29,京都府
内勤コーディネーター新着,株式会社エクスプレス・エージェント,京都府,"時給1,400円～1,750円",アルバイト・パート,派遣,求人ボックス,https://xn--pckua2a7gp15o89zb.com/jb/d7ffd093e630e0d673d6263305cb4ec6,True,22時間前,2026-10-03 05:08:29,京都府
介護スタッフ／希望に合う職場が見つかる 高時給×日払い 私生活に合わせて新着,株式会社グッドネクスト,京都府,"時給1,700円～2,250円",派遣社員,派遣,求人ボックス,https://xn--pckua2a7gp15o89zb.com/jb/7904336329eb61977d91df6a03bf8160,True,23時間前,2026-10-03 05:08:32,京都府
一般事務・OA事務 ／ 営業事務 ／長岡京駅直結 食堂あり 長期 事務サポート新着,パーソルテンプスタッフ株式会社,京都府,"時給1,430円",派遣社員,派遣,求人ボックス,https://xn--pckua2a7gp15o89zb.com/jb/aa307230ef8a8d2742a11373a5e4c689,True,21時間前,2026-10-03 05:08:32,京都府
リゾートバイト／その他リゾートバイト新着,株式会社ダイブ,京都府,"時給1,200円～",派遣社員,派遣,求人ボックス,https://xn--pckua2a7gp15o89zb.com/jb/e7ab454607cdcd53851ce747616d63b3,True,23時間前,2026-10-03 05:08:32,京都府
ディーラー店での車両回送や受付業務新着,株式会社ジャパン・リリーフ,京都府,"時給1,500円～",派遣社員,派遣,求人ボックス,https://xn--pckua2a7gp15o89zb.com/jbn/5cdff8c917f1f5f899959807bb5afb90,True,18時間前,2026-10-03 05:08:36,京都府
NC旋盤を使用する部品の製造／20代～40代活躍中／経験不問／土日祝お休み／キャリアアップ教育新着,株式会社ティーエム・テックス,京都府,"時給1,500円～",派遣社員,派遣,求人ボックス,https://xn--pckua2a7gp15o89zb.com/jbn/1c87dffc4a9c52cab5cb89a4afb016f4,True,23時間前,2026-10-03 05:08:36,京都府
学校事務+ 一般事務新着,株式会社リクルートスタッフィング,京都府,"時給1,400円～",派遣社員,派遣,求人ボックス,https://xn--pckua2a7gp15o89zb.com/jb/ee1d087781be14432e8425297842f830,True,20時間前,2026-10-03 05:08:36,京都府
旅行会社で事務サポート新着,ヒューマンリソシア株式会社,京都府,"時給1,500円",派遣社員,派遣,求人ボックス,https://xn--pckua2a7gp15o89zb.com/jb/c1e7cc4913544ef5997cc0ca43874eef,True,7時間前,2026-10-03 05:08:40,京都府
「20代から40代活躍の軽作業」飲料水などのピッキング新着,セブンエージェント株式会社,京都府,"時給1,400円～",派遣社員,派遣,求人ボックス,https://xn--pckua2a7gp15o89zb.com/jb/fbc7e34ce35a7265889c250ac44d0c25,True,14時間前,2026-10-03 05:08:40,京都府
一般事務／電話ナシ 18時退社!12月まで!勤怠データ管理など新着,株式会社スタッフサービス,京都府,"時給1,400円～1,450円",派遣社員,派遣,求人ボックス,https://xn--pckua2a7gp15o89zb.com/jb/c9ca312502a610b8a3598998b1d2186d,True,17時間前,2026-10-03 05:08:40,京都府
グラフィックデザイナー プリ機業界トップシェア企業でデザイン制作新着,株式会社フェローズ,京都府,"時給1,500円～1,800円",派遣社員,派遣,求人ボックス,https://xn--pckua2a7gp15o89zb.com/jb/3ba8d81726775dceed0d1337aae33a02,True,16時間前,2026-10-03 05:08:44,京都府
京都四条店／ラグジュアリー時計販売スタッフ募集／高時給1600～1650円+交通費新着,株式会社ワコールキャリアサービス,京都府,時給1600～1650円,派遣社員,派遣,求人ボックス,https://xn--pckua2a7gp15o89zb.com/jb/96004e55f5db32c564eaa4b86ba4c059,True,8時間前,2026-10-03 05:08:44,京都府
9時始業×残業少×年間休日120日以上 半導体装置部品の受入検査新着,...コツコツ好きにオススメ プライベートとの両立もしやすい 残業ちょっと,京都府,"時給1,400円",派遣社員,派遣,求人ボックス,https://xn--pckua2a7gp15o89zb.com/jb/80e329c9482f0eb2a1f0b3e8b3a64185,True,13時間前,2026-10-03 05:08:48,京都府
一般事務／食品工場での事務業務新着,株式会社ウィルオブ・ワーク,京都府,"時給1,480円",派遣社員,派遣,求人ボックス,https://xn--pckua2a7gp15o89zb.com/jb/2247cfd1688d08849e19fa23e23eab7e,True,12時間前,2026-10-03 05:08:52,京都府
無資格&未経験OK ネオキャリアの介護ワーク!週2日～時間選べる 家事との両立も 履歴書不要新着,株式会社ネオキャリア ナイス,京都府,"時給1,450円～1,600円",派遣社員,派遣,求人ボックス,https://xn--pckua2a7gp15o89zb.com/jb/94df4f60aade3e66c0a96b6b6fead2ca,True,14時間前,2026-10-03 05:08:52,京都府
イベントPR・案内スタッフ新着,株式会社Liv.Design 家計の見直し堂 京...,京都府,"月給23万3,000円",正社員,派遣,求人ボックス,https://xn--pckua2a7gp15o89zb.com/jbn/237a58b4b68fd32a3d96229a1a9e2409,True,21時間前,2026-10-03 05:08:52,京都府
一般事務新着,株式会社セイノースタッフサービス,京都府,"時給1,300円",派遣社員,派遣,求人ボックス,https://xn--pckua2a7gp15o89zb.com/jb/c772a9557949f2dffc3943b657582ec1,True,12時間前,2026-10-03 05:08:56,京都府
ホテルのフロントスタッフ新着,株式会社阪急トラベルサポート,京都府,"時給1,450円～1,813円",派遣社員,派遣,求人ボックス,https://xn--pckua2a7gp15o89zb.com/jb/45887fca2b24c219d8175c5038033301,True,14時間前,2026-10-03 05:08:56,京都府
連休取得OK! 回転寿司店の飲食店スタッフ 経験者のみ 週休2日制新着,株式会社共和フーズ,京都府,月給30万円～48万円,正社員,飲食,求人ボックス,https://xn--pckua2a7gp15o89zb.com/jb/5bc8bf958dffb4ce3645fdf3eee38cdc,True,4時間前,2026-10-03 05:08:44,京都府
事務職／充実の研修で安心スタート!／教育体制あり／完全週休2日制／福利厚生充実新着,<活かせる経験> 事務やデータ入力の業務経験 Excelスキル、PCの基本操作充実のスキルサポート体制があるため、アパレル販売、,京都府,月給21万円～50万円,正社員,飲食,求人ボックス,https://xn--pckua2a7gp15o89zb.com/jbn/ff19d3542787a37c73dfbd6f466661a4,True,6時間前,2026-10-03 05:08:44,京都府
「アプリ配車タクシードライバー・週3勤務」20代活躍中／月収40万以上／普通免許でOK新着,飲食,京都府,"月給45万6,000円",正社員,飲食,求人ボックス,https://xn--pckua2a7gp15o89zb.com/jbn/767093e7b23571c8cfa5ca5132d70231,True,9時間前,2026-10-03 05:08:44,京都府
データ入力・事務／充実の研修で安心スタート!／ブランクOK／マニュアル完備新着,20代30代の,京都府,月給20万円～50万円,正社員,飲食,求人ボックス,https://xn--pckua2a7gp15o89zb.com/jbn/9a92ff63e6c8be5aa61654ccd0611969,True,6時間前,2026-10-03 05:08:44,京都府
事務職／一般事務／未経験OK／残業なし／育休制度あり／在宅OK新着,20代30代の,京都府,"月給21万5,000円",正社員,飲食,求人ボックス,https://xn--pckua2a7gp15o89zb.com/jbn/9d2afb69bc54789ec6abf88924643b64,True,6時間前,2026-10-03 05:08:45,京都府
事務職／一般事務／30代未経験歓迎／育休取得実績あり／駅近勤務で通勤便利／昇給あり新着,20代30代の,京都府,"月給22万1,000円",正社員,飲食,求人ボックス,https://xn--pckua2a7gp15o89zb.com/jbn/50902cf4acbfb3139c26a16dd8d1fc5f,True,6時間前,2026-10-03 05:08:45,京都府
「事務正社員」／充実の研修で安心スタート!／財務・事務／50万円稼げる／残業月10時間以下／高収入新着,スタッフ,京都府,月給20万円～50万円,正社員,飲食,求人ボックス,https://xn--pckua2a7gp15o89zb.com/jbn/09629a2916d1d89e6e2a2589d9e8d2c6,True,6時間前,2026-10-03 05:08:45,京都府
「オフィスワーク」／事務スタッフ／職種未経験歓迎／完全週休2日制／充実の研修で安心スタート新着,前職は美容部員や携帯ショップ店員、,京都府,"月給22万1,000円",正社員,飲食,求人ボックス,https://xn--pckua2a7gp15o89zb.com/jbn/ef02feea8202b93b88cb4a19b0fb9a3a,True,6時間前,2026-10-03 05:08:45,京都府
データ入力・事務／充実の研修で安心スタート!／教育体制あり／ブランクOK新着,<歓迎スキル・経験>・PC基本操作/Excelスキル・データ入力業務/事務職の経験スキルサポート体制が整っているため、販売員、,京都府,"月給21万9,000円",正社員,飲食,求人ボックス,https://xn--pckua2a7gp15o89zb.com/jbn/e1374bec2dbf21e365dc4a51714fdc7e,True,6時間前,2026-10-03 05:08:48,京都府
「事務職」／充実の研修で安心スタート!／福利厚生充実／若い者歓迎／残業少なめ／サポート業務新着,前職は美容部員や携帯ショップ店員、,京都府,月給21万円～50万円,正社員,飲食,求人ボックス,https://xn--pckua2a7gp15o89zb.com/jbn/07a3149b718309888f01cf98f5cc57aa,True,6時間前,2026-10-03 05:08:48,京都府
「データ入力・事務」／教育体制あり／充実の研修で安心スタート!／若い者歓迎／残業少なめ／サポート業務新着,アパレル販売、,京都府,"月給22万1,000円",正社員,飲食,求人ボックス,https://xn--pckua2a7gp15o89zb.com/jbn/262e724c5d77b8e0cc73e05efb5066c7,True,6時間前,2026-10-03 05:08:48,京都府
「オフィスワーク」／事務スタッフ／職種未経験歓迎／教育体制あり／充実の研修で安心スタート新着,前職は美容部員や携帯ショップ店員、,京都府,"月給22万1,000円",正社員,飲食,求人ボックス,https://xn--pckua2a7gp15o89zb.com/jbn/766e3a05bedda03d343936a65380e0c7,True,6時間前,2026-10-03 05:08:48,京都府
「受付・データ入力スタッフ」／充実の研修で安心スタート!／土日祝休み／営業事務／高収入新着,<前職はさまざま>,京都府,月給21万円～50万円,正社員,飲食,求人ボックス,https://xn--pckua2a7gp15o89zb.com/jbn/dcd6942bd2f238f71623919bd63ede46,True,6時間前,2026-10-03 05:08:48,京都府
事務職／総務事務／20代未経験歓迎／土日祝休み／ピアスOk／ネイルOK新着,20代・30代の若手世代がイキイキと活躍する職場です!接客業、,京都府,月給21万円～50万円,正社員,飲食,求人ボックス,https://xn--pckua2a7gp15o89zb.com/jbn/6538a59af8b9abb2b9b328732b2a233a,True,6時間前,2026-10-03 05:08:48,京都府
「事務正社員」／福利厚生充実／完全週休2日制／充実の研修で安心スタート!／残業少なめ／サポート業務新着,前職は美容部員や携帯ショップ店員、,京都府,"月給22万1,000円",正社員,飲食,求人ボックス,https://xn--pckua2a7gp15o89zb.com/jbn/86d1c0e47db9ee4fbe2d3c43bae72948,True,6時間前,2026-10-03 05:08:48,京都府
事務職／営業事務／未経験歓迎／安定企業／賞与・昇給あり／ネイル・ピアス自由新着,<歓迎スキル・経験>・PC基本操作/Excelスキル・データ入力業務/事務職の経験スキルサポート体制が整っているため、販売員、,京都府,"月給22万1,000円",正社員,飲食,求人ボックス,https://xn--pckua2a7gp15o89zb.com/jbn/b462b1ec22345c7a0de6f9867793f2d7,True,6時間前,2026-10-03 05:08:53,京都府
「事務正社員」／充実の研修で安心スタート!／丁寧な教育体制／若い者歓迎／福利厚生充実／残業少なめ新着,前職は美容部員や携帯ショップ店員、,京都府,月給20万円～50万円,正社員,飲食,求人ボックス,https://xn--pckua2a7gp15o89zb.com/jbn/394d245494251027f857af922d948e53,True,6時間前,2026-10-03 05:08:53,京都府
「事務スタッフ」／充実の研修で安心スタート!／ブランクOK／福利厚生充実／残業少なめ／サポート業務新着,前職は美容部員や携帯ショップ店員、,京都府,"月給22万1,000円",正社員,飲食,求人ボックス,https://xn--pckua2a7gp15o89zb.com/jbn/008bf2e1d96defea3a8e2c19e37e47b6,True,6時間前,2026-10-03 05:08:53,京都府
事務職／一般事務／服装・髪型自由／賞与・昇給あり／未経験歓迎／ネイル・ピアスOK新着,これまでの学歴や職歴、ブランクは一切問いません。ハローワークで求職中の方も大歓迎です。アパレル販売、,京都府,"月給22万2,500円",正社員,飲食,求人ボックス,https://xn--pckua2a7gp15o89zb.com/jbn/8dbf6461bcad5182967cec713434190c,True,6時間前,2026-10-03 05:08:53,京都府
事務職／総務事務／ネイル・ピアス自由／年間休日125日以上／残業ほぼなし／未経験からチャレンジ可能新着,20代・30代の若手世代がイキイキと活躍する職場です!接客業、,京都府,"月給22万1,000円",正社員,飲食,求人ボックス,https://xn--pckua2a7gp15o89zb.com/jbn/4d97f165dab6e8cda5199b93a40149c3,True,6時間前,2026-10-03 05:08:53,京都府
「事務正社員」／充実の研修で安心スタート!／丁寧な教育体制／教育体制あり／若い者歓迎／残業少なめ新着,前職は美容部員や携帯ショップ店員、,京都府,月給20万円～50万円,正社員,飲食,求人ボックス,https://xn--pckua2a7gp15o89zb.com/jbn/4d92c960acc94e7d80612f37c7296af1,True,6時間前,2026-10-03 05:08:53,京都府
「事務職」／残業月10時間以下／充実の研修で安心スタート!／営業事務／MAX給与50万可能／高収入新着,<前職はさまざま>,京都府,月給21万円～50万円,正社員,飲食,求人ボックス,https://xn--pckua2a7gp15o89zb.com/jbn/6634fc0391378e0c66c77138921ed087,True,6時間前,2026-10-03 05:08:53,京都府
「事務正社員」／完全週休2日制／福利厚生充実／充実の研修で安心スタート!／残業少なめ／サポート業務新着,前職は美容部員や携帯ショップ店員、,京都府,"月給22万1,000円",正社員,飲食,求人ボックス,https://xn--pckua2a7gp15o89zb.com/jbn/84c555124a39a55fdf21b413d225ab79,True,6時間前,2026-10-03 05:08:58,京都府
データ入力・事務／充実の研修で安心スタート!／ブランクOK／若い者歓迎新着,<歓迎スキル・経験>・PC基本操作/Excelスキル・データ入力業務/事務職の経験スキルサポート体制が整っているため、販売員、,京都府,月給20万円～50万円,正社員,飲食,求人ボックス,https://xn--pckua2a7gp15o89zb.com/jbn/b1fb4851f4a383bb56653eea2f3a815c,True,6時間前,2026-10-03 05:08:58,京都府
事務職／充実の研修で安心スタート!／教育体制あり／完全週休2日制／若手中心新着,これまでの学歴や職歴、ブランクは一切問いません。ハローワークで求職中の方も大歓迎です。アパレル販売、,京都府,"月給21万5,000円",正社員,飲食,求人ボックス,https://xn--pckua2a7gp15o89zb.com/jbn/33593b9dc409aa2b93402640ca5c0763,True,6時間前,2026-10-03 05:08:58,京都府
「事務職」／充実の研修で安心スタート／完全週休2日制／経験不問／残業少なめ／サポート業務新着,飲食,京都府,月給21万円～50万円,正社員,飲食,求人ボックス,https://xn--pckua2a7gp15o89zb.com/jbn/f510b35923671827708658752689aba0,True,6時間前,2026-10-03 05:08:58,京都府
「受付・データ入力スタッフ「OA事務」充実の研修で安心スタート!／若い者歓迎／未経験OK／高収入新着,スタッフ,京都府,月給21万円～50万円,正社員,飲食,求人ボックス,https://xn--pckua2a7gp15o89zb.com/jbn/24c06e8503f0053f35d39ad3ef2b6ffa,True,6時間前,2026-10-03 05:08:58,京都府
「受付・データ入力スタッフ「OA事務」充実の研修で安心スタート!／完全週休2日制／高収入新着,飲食,京都府,月給21万円～50万円,正社員,飲食,求人ボックス,https://xn--pckua2a7gp15o89zb.com/jbn/be478965432016b8c05304ce249a1bc2,True,6時間前,2026-10-03 05:08:58,京都府
"急募!／宅配より始めやすい!京都府フード配送／日額15,000円保証+歩合新着",五ツ星ロジ株式会社,"京都府フード配送／日額15,000円保証+歩合","日給1万5,000円",アルバイト・パート,飲食,求人ボックス,https://xn--pckua2a7gp15o89zb.com/jbi/1d35a50613d07cce8aa0bd9f90770b3a,True,21時間前,2026-10-03 05:09:01,京都府
「受付・データ入力スタッフ「OA事務」充実の研修で安心スタート!／丁寧な教育体制／若い者歓迎新着,飲食,京都府,月給21万円～50万円,正社員,飲食,求人ボックス,https://xn--pckua2a7gp15o89zb.com/jbn/fc8c2b15f665d19874d45e2a6637a75d,True,6時間前,2026-10-03 05:09:01,京都府
「事務正社員」／財務・事務／充実の研修で安心スタート!／残業月10時間以下／高収入／未経験でも安心新着,飲食,京都府,"月給22万1,000円",正社員,飲食,求人ボックス,https://xn--pckua2a7gp15o89zb.com/jbn/53403836a14153993ee45b85d039089f,True,6時間前,2026-10-03 05:09:01,京都府
「研修から安心スタート」／テストスタッフ／キャリアアップ支援／スキルアップ可能／完全週休2日制新着,スタッフ,京都府,"月給33万5,000円",正社員,飲食,求人ボックス,https://xn--pckua2a7gp15o89zb.com/jbn/070227c3d4e01d67aba80ca7c0f28f38,True,11時間前,2026-10-03 05:09:01,京都府
「未経験スタート多数」／アプリ開発／キャリアアップ支援／研修あり／土日祝休み新着,...難しい知識が不要で、プレイヤー目線が活かせる仕事として選択。 「PCは普段使いレベル。でもIT業界に挑戦したい」と入社した元,京都府,"月給34万2,000円",正社員,飲食,求人ボックス,https://xn--pckua2a7gp15o89zb.com/jbn/4db3db94ff7d476c88e94b5ed7c684b9,True,11時間前,2026-10-03 05:09:01,京都府
「細かい気づきが評価される」／品質管理サポート／年間休日125日以上／コツコツ作業／土日祝休み新着,...難しい知識が不要で、プレイヤー目線が活かせる仕事として選択。 「PCは普段使いレベル。でもIT業界に挑戦したい」と入社した元,京都府,"月給33万9,000円",正社員,飲食,求人ボックス,https://xn--pckua2a7gp15o89zb.com/jbn/a7bc96c678a2a400e54918c15090a210,True,11時間前,2026-10-03 05:09:01,京都府
事務職／営業事務／有給休暇あり／20〜30代女性活躍中／賞与・昇給あり／産休あり新着,現在活躍中の先輩たちの前職も、カフェ店員、アパレル販売、軽作業,京都府,月給21万円～50万円,正社員,飲食,求人ボックス,https://xn--pckua2a7gp15o89zb.com/jbn/305b99749732808a026649f36888ad70,True,6時間前,2026-10-03 05:09:04,京都府
「新しいことに挑戦したい方へ」／アプリテスター／内勤ワーク／キャリアアップ支援／資格取得支援新着,...難しい知識が不要で、プレイヤー目線が活かせる仕事として選択。 「PCは普段使いレベル。でもIT業界に挑戦したい」と入社した元,京都府,"月給30万9,000円",正社員,飲食,求人ボックス,https://xn--pckua2a7gp15o89zb.com/jbn/7ee8860380c288e7b00ba94933123ae0,True,11時間前,2026-10-03 05:09:04,京都府
「普段のスマホ経験が活かせる」／品質チェックスタッフ／未経験歓迎／人柄重視／キャリアアップ支援新着,スタッフ,京都府,"月給33万7,000円",正社員,飲食,求人ボックス,https://xn--pckua2a7gp15o89zb.com/jbn/47b9cd5214091f0827c6e0aa1c11ada3,True,11時間前,2026-10-03 05:09:04,京都府
「正社員デビュー応援」／動作確認スタッフ／有給取得率90%以上／年間休日125日以上新着,スタッフ,京都府,"月給32万8,000円",正社員,飲食,求人ボックス,https://xn--pckua2a7gp15o89zb.com/jbn/41c85244fc1f6c7cca2f11fc4c05ca78,True,11時間前,2026-10-03 05:09:04,京都府
「事務スタッフ」／充実の研修で安心スタート!／財務・事務／50万円稼げる／高収入／未経験でも安心新着,飲食,京都府,"月給22万1,000円",正社員,飲食,求人ボックス,https://xn--pckua2a7gp15o89zb.com/jbn/8e500528f7a3862dc125fd56009b1a7b,True,6時間前,2026-10-03 05:09:04,京都府
「データ入力・事務」／教育体制あり／充実の研修で安心スタート!／残業月10時間以下／高収入新着,<こんな前職の先輩がいます>,京都府,月給21万円～50万円,正社員,飲食,求人ボックス,https://xn--pckua2a7gp15o89zb.com/jbn/e7f6481a7a6b945a48fb2a9105405ea5,True,6時間前,2026-10-03 05:09:04,京都府
「人気サービスの裏側へ」／システムチェックスタッフ／残業少なめ／未経験歓迎／PC基礎からOK新着,スタッフ,京都府,"月給30万2,000円",正社員,飲食,求人ボックス,https://xn--pckua2a7gp15o89zb.com/jbn/11d957cfdd2d0aa8154de775fe505396,True,11時間前,2026-10-03 05:09:07,京都府
「事務正社員」／充実の研修で安心スタート!／残業月10時間以下／財務・事務／50万円稼げる／高収入新着,飲食,京都府,"月給22万1,000円",正社員,飲食,求人ボックス,https://xn--pckua2a7gp15o89zb.com/jbn/cf3e6c96b637ee2af21c048db1b4ed5b,True,6時間前,2026-10-03 05:09:07,京都府
「20代から始めやすいIT職」／デバッグスタッフ／服装自由／資格取得支援／完全週休2日制新着,スタッフ,京都府,"月給32万6,000円",正社員,飲食,求人ボックス,https://xn--pckua2a7gp15o89zb.com/jbn/8d31c364ad2949aab5eb6caa98df96c7,True,11時間前,2026-10-03 05:09:07,京都府
「アプリやゲーム好き歓迎」／ゲームテスター／残業少なめ／服装自由／キャリアアップ支援新着,...難しい知識が不要で、プレイヤー目線が活かせる仕事として選択。 「PCは普段使いレベル。でもIT業界に挑戦したい」と入社した元,京都府,"月給31万9,000円",正社員,飲食,求人ボックス,https://xn--pckua2a7gp15o89zb.com/jbn/34eb8b2395a43250784e891c6d485f8a,True,11時間前,2026-10-03 05:09:07,京都府
「IT業界デビュー歓迎」／エンジニアアシスタント／賞与あり／土日祝休み／完全週休2日制新着,...難しい知識が不要で、プレイヤー目線が活かせる仕事として選択。 「PCは普段使いレベル。でもIT業界に挑戦したい」と入社した元,京都府,月給33万円～39万,正社員,飲食,求人ボックス,https://xn--pckua2a7gp15o89zb.com/jbn/4bee54b4e59c300de50c48d1cbaef050,True,11時間前,2026-10-03 05:09:07,京都府
ペットショップ販売・接客スタッフ／ボーナス支給あり／動物が好きな方にピッタリ／週休2日制新着,株式会社犬の家 精華店,京都府,"月給20万3,000円",正社員,飲食,求人ボックス,https://xn--pckua2a7gp15o89zb.com/jbn/441f07557a81f927d41f00f7cadd1b9b,True,22時間前,2026-10-03 05:09:07,京都府
「コツコツ確認が得意な方へ」／ソフトウェアテスター／PC基礎からOK／内勤ワーク／若手活躍中新着,...難しい知識が不要で、プレイヤー目線が活かせる仕事として選択。 「PCは普段使いレベル。でもIT業界に挑戦したい」と入社した元,京都府,"月給32万3,000円",正社員,飲食,求人ボックス,https://xn--pckua2a7gp15o89zb.com/jbn/d51bca68f55b42546fab23057c41a8e3,True,11時間前,2026-10-03 05:09:11,京都府
「未経験から始める人気ITワーク」／webエンジニア／年間休日125日以上／正社員デビュー応援新着,...難しい知識が不要で、プレイヤー目線が活かせる仕事として選択。 「PCは普段使いレベル。でもIT業界に挑戦したい」と入社した元,京都府,月給35万円～44万円,正社員,飲食,求人ボックス,https://xn--pckua2a7gp15o89zb.com/jbn/c0e4cef686a67a9cde36cb6896d930e6,True,11時間前,2026-10-03 05:09:11,京都府
「好きなことをITの仕事に」／インフラエンジニア／未経験歓迎／残業少なめ／PC基礎からOK新着,...難しい知識が不要で、プレイヤー目線が活かせる仕事として選択。 「PCは普段使いレベル。でもIT業界に挑戦したい」と入社した元,京都府,"月給34万6,000円",正社員,飲食,求人ボックス,https://xn--pckua2a7gp15o89zb.com/jbn/f24c9e1acd23d4f3f5129425f9b34cbb,True,11時間前,2026-10-03 05:09:11,京都府
「PC基礎からチャレンジ」／QAテスター／賞与あり／完全週休2日制／土日祝休み新着,...難しい知識が不要で、プレイヤー目線が活かせる仕事として選択。 「PCは普段使いレベル。でもIT業界に挑戦したい」と入社した元,京都府,"月給32万1,000円",正社員,飲食,求人ボックス,https://xn--pckua2a7gp15o89zb.com/jbn/f1884fcc14dedcf66f928a8b082890eb,True,11時間前,2026-10-03 05:09:11,京都府
「将来につながるITワーク」／検証スタッフ／内勤ワーク／PC基礎からOK／若手活躍中新着,スタッフ,京都府,"月給33万2,000円",正社員,飲食,求人ボックス,https://xn--pckua2a7gp15o89zb.com/jbn/6017e10a2e3e700da7aeef1e07ac732b,True,11時間前,2026-10-03 05:09:11,京都府
京都府京都市下京区の調理スタッフ補助／株式会社 ネクスト・ブレイン新着,株式会社ネクスト・ブレイン,京都府京都市下京区の調理スタッフ補助／株式会社,月給27万円～35万円,正社員,飲食,求人ボックス,https://xn--pckua2a7gp15o89zb.com/jb/7942a730ff9f966b2668cc93b98c2069,True,8時間前,2026-10-03 05:09:11,京都府
京都府城陽市のホールスタッフ・調理補助／城陽長池店／株式会社 F&S新着,株式会社F&S,京都府城陽市のホールスタッフ・調理補助／城陽長池店／株式会社,"月給20万5,000円",正社員,飲食,求人ボックス,https://xn--pckua2a7gp15o89zb.com/jb/c0b695626aa2bc7edc526b8aa620ca59,True,8時間前,2026-10-03 05:09:11,京都府
タクシードライバー／AT限定OK／1年目から高収入も可／ノルマなし／賞与あり新着,飲食,京都府,"月給47万6,500円",正社員,飲食,求人ボックス,https://xn--pckua2a7gp15o89zb.com/jbn/0647b8b721bd9bcaaf73c2f5a434a99c,True,11時間前,2026-10-03 05:09:13,京都府
京都府京都市下京区の人気店のため飲食店の料理人・厨房スタッフ／株式会社 アルケミスト新着,株式会社アルケミスト,京都府京都市下京区の人気店のため飲食店の料理人・厨房スタッフ／株式会社,月給32万円～38万円,正社員,飲食,求人ボックス,https://xn--pckua2a7gp15o89zb.com/jb/f5303ade78cbdf498bda1dbc5d3118d4,True,8時間前,2026-10-03 05:09:13,京都府
「芸能人・タレント・タクシードライバー」AT限定OK／週3勤務／予約制／安定収入／社会保険完備新着,飲食,京都府,"月給45万6,000円",正社員,飲食,求人ボックス,https://xn--pckua2a7gp15o89zb.com/jbn/729da40a917c55ccf95cebb9c2cb05e4,True,9時間前,2026-10-03 05:09:13,京都府
京都府福知山市のレストランホールスタッフ／株式会社 福知山ア-クホテル新着,株式会社福知山ア-クホテル,京都府福知山市のレストランホールスタッフ／株式会社,月給23万円,正社員,飲食,求人ボックス,https://xn--pckua2a7gp15o89zb.com/jb/ebe9161c1dbd96977ec5e06a690b6f37,True,8時間前,2026-10-03 05:09:13,京都府
京都府京都市中京区のキッチンスタッフ／京都河原町店新着,株式会社おすすめ屋,京都府京都市中京区のキッチンスタッフ／京都河原町店,月給27万円～33万円,正社員,飲食,求人ボックス,https://xn--pckua2a7gp15o89zb.com/jb/4f17021b02ec23560a1f8749e230d271,True,8時間前,2026-10-03 05:09:13,京都府
介護職／グループホーム新着,ソーシャルインクルーホーム彦根中藪町,滋賀県,"月給17万5,000円",正社員,介護,求人ボックス,https://xn--pckua2a7gp15o89zb.com/jb/69907d52a967ab3a99e8b2e2e5a795d7,True,21時間前,2026-10-03 05:08:46,滋賀県
小規模多機能型居宅介護の介護職・ヘルパー／介護福祉士募集／週休二日制新着,jobフレンド,滋賀県,"月給20万5,830円",正社員,介護,求人ボックス,https://xn--pckua2a7gp15o89zb.com/jb/41f590af299e78ac84f5ed9f78d734e1,True,22時間前,2026-10-03 05:08:46,滋賀県
20～40代活躍中／サービス付き高齢者向け住宅の介護職／週払いOK!新着,株式会社なかむら企画／WORK介護しが,滋賀県,"時給1,362円～1,702円",派遣社員,介護,求人ボックス,https://xn--pckua2a7gp15o89zb.com/jb/6e76bdeb20088e085b34293609165bee,True,13時間前,2026-10-03 05:08:46,滋賀県
滋賀県甲賀市の老人ホームの介護職・有資格／職場見学可／HH甲賀新着,株式会社ハピネライフ一光,滋賀県甲賀市の老人ホームの介護職・有資格／職場見学可／HH甲賀,"月給20万9,000円",正社員,介護,求人ボックス,https://xn--pckua2a7gp15o89zb.com/jb/de252b2c745dedb104806b839c4796b2,True,9時間前,2026-10-03 05:08:46,滋賀県
「TikTokで見たことある会社!」／電動アシスト付き自転車の部品の製造／未経験OK／モクモク作業新着,三陽工業株式会社,滋賀県,"月給19万5,000円",正社員,介護,求人ボックス,https://xn--pckua2a7gp15o89zb.com/jbn/52ba3600d604fcf5313a2e609583991e,True,14時間前,2026-10-03 05:08:46,滋賀県
社会福祉士を活かせる生活相談員新着,特別養護老人ホーム茜の郷,滋賀県,"月給20万1,525円",正社員,介護,求人ボックス,https://xn--pckua2a7gp15o89zb.com/jb/9a81c770889438a282a6cd5f7dd11ef4,True,7時間前,2026-10-03 05:08:48,滋賀県
補助中心でOK 特養のケアワーカー新着,株式会社ウィルオブ・ワーク,滋賀県,"時給1,400円",派遣社員,介護,求人ボックス,https://xn--pckua2a7gp15o89zb.com/jb/b008eaf027fbdb443029e558d7d09648,True,19時間前,2026-10-03 05:08:48,滋賀県
介護スタッフ・未経験・無資格新着,ホームケア土屋 滋賀,滋賀県,"時給1,700円～1,850円",アルバイト・パート,介護,求人ボックス,https://xn--pckua2a7gp15o89zb.com/jb/5ae2c5ab38593cf94a803cb7cd0bdc51,True,4時間前,2026-10-03 05:08:48,滋賀県
看護師24h常駐／住宅型有料老人ホームの介護職員／医心館南草津新着,株式会社アンビス,滋賀県,月給28万300円,正社員,介護,求人ボックス,https://xn--pckua2a7gp15o89zb.com/jb/17dd12af102b70759a9da0a57d0b0a40,True,14時間前,2026-10-03 05:08:48,滋賀県
未経験も週1日から施設または在宅支援で利用者様の生活をサポートする訪問介護スタッフ新着,施設と在宅の両面から生活をサポートする,滋賀県,"時給1,136円～1,200円",アルバイト・パート,介護,求人ボックス,https://xn--pckua2a7gp15o89zb.com/jb/b9f130904aa274e8b42c727db5276372,True,14時間前,2026-10-03 05:08:48,滋賀県
障害者グループホーム・在宅ヘルパー新着,施設と在宅の両面から生活をサポートする,滋賀県,"時給1,136円～1,200円",アルバイト・パート,介護,求人ボックス,https://xn--pckua2a7gp15o89zb.com/jb/c82e56b6267104f37cfcdebcebb92970,True,14時間前,2026-10-03 05:08:48,滋賀県
未経験も週1日からWワークもしやすい施設内支援と在宅支援の介護スタッフ新着,施設と在宅の両面から生活をサポートする,滋賀県,"時給1,136円～1,200円",アルバイト・パート,介護,求人ボックス,https://xn--pckua2a7gp15o89zb.com/jb/b77e77af95f4d9b220f7af257d9c053f,True,14時間前,2026-10-03 05:08:48,滋賀県
フィットネスの接客スタッフ／日祝休みでプライベートも充実／給与UP実施中新着,カーブスグループ,滋賀県,月給23万54円,正社員,介護,求人ボックス,https://xn--pckua2a7gp15o89zb.com/jb/bc740f480c0fa1729eab4a14dc2d39cc,True,7時間前,2026-10-03 05:08:52,滋賀県
「データ入力／一般事務・バックオフィス」プライベートも仕事も全力で自分らしく!髪色・ネイル新着,株式会社ONE LOOK,滋賀県,月給20万円～40万円,正社員,介護,求人ボックス,https://xn--pckua2a7gp15o89zb.com/jbn/3e69b3e67e53d45f3e871441acafa01e,True,14時間前,2026-10-03 05:08:52,滋賀県
技術職／空調機器向け電子制御装置の実験評価新着,株式会社オープンアップネクストエンジニア,滋賀県,月給28万円～35万円,正社員,介護,求人ボックス,https://xn--pckua2a7gp15o89zb.com/jb/4d0332c6d6b101b90409163dbdf45e9c,True,5時間前,2026-10-03 05:08:52,滋賀県
年収600万円以上可 未経験から始めるクロネコヤマトのセールスドライバー新着,ヤマト運輸株式会社,滋賀県,"月給21万1,590円",正社員,介護,求人ボックス,https://xn--pckua2a7gp15o89zb.com/jb/a3fdb595e3d6abca1c1d40b4b084d9e7,True,4時間前,2026-10-03 05:08:52,滋賀県
新卒・ドラッグストアの総合職・店舗運営新着,株式会社クスリのアオキ クスリのアオキ彦根駅前店,滋賀県,月給20万円～28万円,正社員,介護,求人ボックス,https://xn--pckua2a7gp15o89zb.com/jb/b3592afb1b5d18d2781b349104cacb55,True,22時間前,2026-10-03 05:08:52,滋賀県
新卒・ドラッグストアの総合職・店舗運営新着,株式会社クスリのアオキ クスリのアオキ近江店,滋賀県,月給20万円～28万円,正社員,介護,求人ボックス,https://xn--pckua2a7gp15o89zb.com/jb/e3b374057968321149d4c5fcae39eaca,True,22時間前,2026-10-03 05:08:52,滋賀県
ドラッグストアの医薬品登録販売者新着,ウエルシア薬局株式会社 ウエルシア大津平津,滋賀県,"月給22万9,000円",正社員,介護,求人ボックス,https://xn--pckua2a7gp15o89zb.com/jb/7797742bb4f0ed0430adc293ba8838cd,True,22時間前,2026-10-03 05:08:52,滋賀県
ドラッグストアの医薬品登録販売者新着,ウエルシア薬局株式会社 ウエルシア東近江八日市店,滋賀県,"月給22万9,000円",正社員,介護,求人ボックス,https://xn--pckua2a7gp15o89zb.com/jb/23d7adf3a1ee41d6bfd05820364ffe16,True,22時間前,2026-10-03 05:08:52,滋賀県
ドラッグストアの店舗運営・医薬品登録販売者新着,株式会社クスリのアオキ クスリのアオキ目川店,滋賀県,"月給20万6,000円",正社員,介護,求人ボックス,https://xn--pckua2a7gp15o89zb.com/jb/e318dfc7b185276be37bff7dfdeff333,True,22時間前,2026-10-03 05:08:56,滋賀県
ドラッグストアの店舗運営・医薬品登録販売者新着,株式会社クスリのアオキ クスリのアオキ水口店,滋賀県,"月給20万6,000円",正社員,介護,求人ボックス,https://xn--pckua2a7gp15o89zb.com/jb/73c0b7e6c45540ba7ef9f5bdc1bd8c71,True,22時間前,2026-10-03 05:08:56,滋賀県
新卒・ドラッグストアの総合職・店舗運営新着,株式会社クスリのアオキ クスリのアオキ西今店,滋賀県,月給20万円～28万円,正社員,介護,求人ボックス,https://xn--pckua2a7gp15o89zb.com/jb/211f122dcfb2de766ad55c52f042afd8,True,22時間前,2026-10-03 05:08:56,滋賀県
新卒・ドラッグストアの総合職・店舗運営新着,株式会社クスリのアオキ クスリのアオキ秦荘店,滋賀県,月給20万円～28万円,正社員,介護,求人ボックス,https://xn--pckua2a7gp15o89zb.com/jb/eb8bd31035136b70e9569220532ea839,True,22時間前,2026-10-03 05:08:56,滋賀県
ディスカウントストアの生鮮売場責任者候補新着,株式会社ドン・キホーテ MEGAドン・キホーテ ...,滋賀県,"月給26万1,000円",正社員,介護,求人ボックス,https://xn--pckua2a7gp15o89zb.com/jb/773b528a36a51499bbb33939026537d3,True,22時間前,2026-10-03 05:08:56,滋賀県
ドラッグストアの医薬品登録販売者新着,ウエルシア薬局株式会社 ウエルシア野洲市三宅店,滋賀県,"月給22万9,000円",正社員,介護,求人ボックス,https://xn--pckua2a7gp15o89zb.com/jb/ea704b6667e8e228c4e118c880543a3a,True,22時間前,2026-10-03 05:08:56,滋賀県
ドラッグストアの医薬品登録販売者新着,ウエルシア薬局株式会社 ウエルシア大津木の岡店,滋賀県,"月給22万9,000円",正社員,介護,求人ボックス,https://xn--pckua2a7gp15o89zb.com/jb/6536b4c428dc31845c8b6a3544fff064,True,22時間前,2026-10-03 05:09:00,滋賀県
ドラッグストアの店舗運営・医薬品登録販売者新着,株式会社クスリのアオキ クスリのアオキ草津野村店,滋賀県,"月給20万6,000円",正社員,介護,求人ボックス,https://xn--pckua2a7gp15o89zb.com/jb/0682b56f0d70d7f4b5b111ed481f3826,True,22時間前,2026-10-03 05:09:00,滋賀県
ドラッグストアの精肉担当スタッフ新着,株式会社クスリのアオキ クスリのアオキTOKUY...,滋賀県,"月給19万6,000円",正社員,介護,求人ボックス,https://xn--pckua2a7gp15o89zb.com/jb/11f4b9fb53ace849344f8b81d8569cb2,True,22時間前,2026-10-03 05:09:00,滋賀県
ドラッグストアの店舗運営・医薬品登録販売者新着,株式会社クスリのアオキ クスリのアオキ清水店,滋賀県,"月給20万6,000円",正社員,介護,求人ボックス,https://xn--pckua2a7gp15o89zb.com/jb/448b5d6452317186fcb910007be535f2,True,22時間前,2026-10-03 05:09:00,滋賀県
ドラッグストアの店舗運営・医薬品登録販売者新着,株式会社クスリのアオキ クスリのアオキ五個荘店,滋賀県,"月給20万6,000円",正社員,介護,求人ボックス,https://xn--pckua2a7gp15o89zb.com/jb/bbdcb1f8ca16c3691b1016f54b0073e3,True,22時間前,2026-10-03 05:09:00,滋賀県
ドラッグストアの店舗運営・医薬品登録販売者新着,株式会社クスリのアオキ クスリのアオキ岡町店,滋賀県,"月給20万6,000円",正社員,介護,求人ボックス,https://xn--pckua2a7gp15o89zb.com/jb/37f3a12ba557a40cf63066594e861d5d,True,22時間前,2026-10-03 05:09:00,滋賀県
ドラッグストアの店舗運営・医薬品登録販売者新着,株式会社クスリのアオキ クスリのアオキ浅井店,滋賀県,"月給20万6,000円",正社員,介護,求人ボックス,https://xn--pckua2a7gp15o89zb.com/jb/455b8c6684b6daef7e35e6176394d8c1,True,22時間前,2026-10-03 05:09:00,滋賀県
タクシードライバー／未経験歓迎／日曜休みOK新着,滋賀ヤサカ自動車株式会社,滋賀県,月給22万円～50万円,正社員,介護,求人ボックス,https://xn--pckua2a7gp15o89zb.com/jb/fe47efae1e03b1cc52b7ce7560e4994b,True,10時間前,2026-10-03 05:09:03,滋賀県
新卒・ドラッグストアの総合職・店舗運営新着,株式会社クスリのアオキ クスリのアオキ日野店,滋賀県,月給20万円～28万円,正社員,介護,求人ボックス,https://xn--pckua2a7gp15o89zb.com/jb/414d7bfeaccfe9f8966ab25ea263adf7,True,22時間前,2026-10-03 05:09:03,滋賀県
新卒・ドラッグストアの総合職・店舗運営新着,株式会社クスリのアオキ クスリのアオキ平方店,滋賀県,月給20万円～28万円,正社員,介護,求人ボックス,https://xn--pckua2a7gp15o89zb.com/jb/872e214b77609967a9d88b0598467fa9,True,22時間前,2026-10-03 05:09:03,滋賀県
新卒・ドラッグストアの総合職・店舗運営新着,株式会社クスリのアオキ クスリのアオキ東近江幸町店,滋賀県,月給20万円～28万円,正社員,介護,求人ボックス,https://xn--pckua2a7gp15o89zb.com/jb/4241745fbfe8651c72c172a62af935fc,True,22時間前,2026-10-03 05:09:03,滋賀県
新卒・ドラッグストアの総合職・店舗運営新着,株式会社クスリのアオキ クスリのアオキ唐崎店,滋賀県,月給20万円～28万円,正社員,介護,求人ボックス,https://xn--pckua2a7gp15o89zb.com/jb/49b303614aa515f860189494e228b90e,True,22時間前,2026-10-03 05:09:03,滋賀県
新卒・ドラッグストアの総合職・店舗運営新着,株式会社クスリのアオキ クスリのアオキ大津京店,滋賀県,月給20万円～28万円,正社員,介護,求人ボックス,https://xn--pckua2a7gp15o89zb.com/jb/89b8dde1df70e272000b7736ae06c7fb,True,22時間前,2026-10-03 05:09:03,滋賀県
新卒・ドラッグストアの総合職・店舗運営新着,株式会社クスリのアオキ クスリのアオキ川田店,滋賀県,月給20万円～28万円,正社員,介護,求人ボックス,https://xn--pckua2a7gp15o89zb.com/jb/f0ef666710e70eeb0459e2c1b4a143f6,True,22時間前,2026-10-03 05:09:03,滋賀県
新卒・ドラッグストアの総合職・店舗運営新着,株式会社クスリのアオキ クスリのアオキ三雲店,滋賀県,月給20万円～28万円,正社員,介護,求人ボックス,https://xn--pckua2a7gp15o89zb.com/jb/f36f885db2201299a6c98ef1f4faaa72,True,22時間前,2026-10-03 05:09:07,滋賀県
ドラッグストアの医薬品登録販売者新着,ウエルシア薬局株式会社 ウエルシア大津唐崎店,滋賀県,"月給22万9,000円",正社員,介護,求人ボックス,https://xn--pckua2a7gp15o89zb.com/jb/89ffb68fbf7fa6c6aa975aaa4866607a,True,22時間前,2026-10-03 05:09:07,滋賀県
ドラッグストアの医薬品登録販売者新着,ウエルシア薬局株式会社 ウエルシア高島新旭店,滋賀県,"月給22万9,000円",正社員,介護,求人ボックス,https://xn--pckua2a7gp15o89zb.com/jb/4eb9793651363c0f5a3da57fecee83ae,True,22時間前,2026-10-03 05:09:07,滋賀県
ドラッグストアの医薬品登録販売者新着,ウエルシア薬局株式会社 ウエルシア近江八幡多賀町店,滋賀県,"月給22万9,000円",正社員,介護,求人ボックス,https://xn--pckua2a7gp15o89zb.com/jb/7833c272cb7c37118bd134c48dbc243e,True,22時間前,2026-10-03 05:09:07,滋賀県
ドラッグストアの医薬品登録販売者新着,ウエルシア薬局株式会社 ウエルシア大津堅田店,滋賀県,"月給22万9,000円",正社員,介護,求人ボックス,https://xn--pckua2a7gp15o89zb.com/jb/b82a42e29daf0b0d4239860053fef906,True,22時間前,2026-10-03 05:09:07,滋賀県
ドラッグストアの医薬品登録販売者新着,ウエルシア薬局株式会社 ウエルシア甲賀水口貴生川店,滋賀県,"月給22万9,000円",正社員,介護,求人ボックス,https://xn--pckua2a7gp15o89zb.com/jb/939f822bf2e099c5440d2f6e42158435,True,22時間前,2026-10-03 05:09:07,滋賀県
ドラッグストアの店舗運営・医薬品登録販売者新着,株式会社クスリのアオキ クスリのアオキ東沖野店,滋賀県,"月給20万6,000円",正社員,介護,求人ボックス,https://xn--pckua2a7gp15o89zb.com/jb/cbca47164b4090a9f2052f183a16637c,True,22時間前,2026-10-03 05:09:07,滋賀県
ドラッグストアの店舗運営・医薬品登録販売者新着,株式会社クスリのアオキ クスリのアオキ比叡辻店,滋賀県,"月給20万6,000円",正社員,介護,求人ボックス,https://xn--pckua2a7gp15o89zb.com/jb/59532d9645a6ed2d7c53115f9501f741,True,22時間前,2026-10-03 05:09:11,滋賀県
ドラッグストアの店舗運営・医薬品登録販売者新着,株式会社クスリのアオキ クスリのアオキ野洲店,滋賀県,"月給20万6,000円",正社員,介護,求人ボックス,https://xn--pckua2a7gp15o89zb.com/jb/4d4e990cf8406cfad721a2925e649b63,True,22時間前,2026-10-03 05:09:11,滋賀県
ドラッグストアの店舗運営・医薬品登録販売者新着,株式会社クスリのアオキ クスリのアオキ虎姫店,滋賀県,"月給20万6,000円",正社員,介護,求人ボックス,https://xn--pckua2a7gp15o89zb.com/jb/84904b0cf20b493d872b10c3c7ba4ab4,True,22時間前,2026-10-03 05:09:11,滋賀県
タクシードライバー／未経験歓迎／日曜休みOK新着,琵琶湖タクシー株式会社,滋賀県,月給20万円～45万円,正社員,介護,求人ボックス,https://xn--pckua2a7gp15o89zb.com/jb/7d44f35f59ce23168f62f61696e96f6f,True,10時間前,2026-10-03 05:09:11,滋賀県
新卒・ドラッグストアの総合職・店舗運営新着,株式会社クスリのアオキ クスリのアオキ土山店,滋賀県,月給20万円～28万円,正社員,介護,求人ボックス,https://xn--pckua2a7gp15o89zb.com/jb/2d3c543d2f3cd54acb013e151e7c98d0,True,22時間前,2026-10-03 05:09:11,滋賀県
ドラッグストアの医薬品登録販売者新着,ウエルシア薬局株式会社 ウエルシア東近江沖野店,滋賀県,"月給22万9,000円",正社員,介護,求人ボックス,https://xn--pckua2a7gp15o89zb.com/jb/11e63b19f29da33e32b16ef44eaee83a,True,22時間前,2026-10-03 05:09:11,滋賀県
ドラッグストアの店舗運営・医薬品登録販売者新着,株式会社クスリのアオキ クスリのアオキ安土店,滋賀県,"月給20万6,000円",正社員,介護,求人ボックス,https://xn--pckua2a7gp15o89zb.com/jb/671aff02bcf9678fd918e8a26ba0ac26,True,22時間前,2026-10-03 05:09:11,滋賀県
保育士／正職員／れもんのこ安土保育園 残業月平均5時間以下 実技試験ナシ 小規模保育園新着,檸檬会,滋賀県,"月給22万3,000円",正社員,介護,求人ボックス,https://xn--pckua2a7gp15o89zb.com/jb/2dba4dff3f66936556fd4143963aa16f,True,10時間前,2026-10-03 05:09:11,滋賀県
ドラッグストアの医薬品登録販売者新着,ウエルシア薬局株式会社 ウエルシア滋賀草津町店,滋賀県,"月給22万9,000円",正社員,介護,求人ボックス,https://xn--pckua2a7gp15o89zb.com/jb/8415ad5b73d83bb271f88301d492596e,True,22時間前,2026-10-03 05:09:15,滋賀県
ドラッグストアの医薬品登録販売者新着,ウエルシア薬局株式会社 ウエルシア近江八幡若宮店,滋賀県,"月給22万9,000円",正社員,介護,求人ボックス,https://xn--pckua2a7gp15o89zb.com/jb/4f7298e4d619daf458b205e8496114b0,True,22時間前,2026-10-03 05:09:15,滋賀県
ドラッグストアの医薬品登録販売者新着,ウエルシア薬局株式会社 ウエルシア野洲小篠原店,滋賀県,"月給22万9,000円",正社員,介護,求人ボックス,https://xn--pckua2a7gp15o89zb.com/jb/7374a7a03ba64367963406f2eff09295,True,22時間前,2026-10-03 05:09:15,滋賀県
ドラッグストアの鮮魚部門スタッフ新着,株式会社クスリのアオキ クスリのアオキ大津唐崎店,滋賀県,"月給19万6,000円",正社員,介護,求人ボックス,https://xn--pckua2a7gp15o89zb.com/jb/2be97be4c797b80e7b79f23e9b085b8a,True,22時間前,2026-10-03 05:09:15,滋賀県
ドラッグストアの店舗運営・医薬品登録販売者新着,株式会社クスリのアオキ クスリのアオキ長浜加納店,滋賀県,"月給20万6,000円",正社員,介護,求人ボックス,https://xn--pckua2a7gp15o89zb.com/jb/2cf5f176e46ed9527690b83b790473ff,True,22時間前,2026-10-03 05:09:15,滋賀県
タクシードライバー／未経験歓迎／週3から可能／年3回の賞与あり新着,彦根タクシー株式会社,滋賀県,月給16万680円,正社員,介護,求人ボックス,https://xn--pckua2a7gp15o89zb.com/jb/dccd75414c8a215a26ee19e3b69b034c,True,10時間前,2026-10-03 05:09:15,滋賀県
タクシードライバー／未経験歓迎／日曜休みOK／年3回の賞与あり新着,滋賀タクシー株式会社,滋賀県,月給20万円～41万円,正社員,介護,求人ボックス,https://xn--pckua2a7gp15o89zb.com/jb/728abf276b72b4f32e059adeb8e23fd4,True,10時間前,2026-10-03 05:09:15,滋賀県
社会保険完備の職場で生活支援員新着,住倉草津作業所,滋賀県,"時給1,140円",契約社員,介護,求人ボックス,https://xn--pckua2a7gp15o89zb.com/jb/76066fea6364749b4c104b056fdeb3f7,True,7時間前,2026-10-03 05:09:18,滋賀県
新卒・ドラッグストアの総合職・店舗運営新着,株式会社クスリのアオキ クスリのアオキ雄琴店,滋賀県,月給20万円～28万円,正社員,介護,求人ボックス,https://xn--pckua2a7gp15o89zb.com/jb/fe4df9d73078d2ae59d00051981fb93b,True,22時間前,2026-10-03 05:09:18,滋賀県
新卒・ドラッグストアの総合職・店舗運営新着,株式会社クスリのアオキ クスリのアオキ石山寺店,滋賀県,月給20万円～28万円,正社員,介護,求人ボックス,https://xn--pckua2a7gp15o89zb.com/jb/5ca2c00c3506f41f8d737bfcbbec0527,True,22時間前,2026-10-03 05:09:18,滋賀県
新卒・ドラッグストアの総合職・店舗運営新着,株式会社クスリのアオキ クスリのアオキ甲賀店,滋賀県,月給20万円～28万円,正社員,介護,求人ボックス,https://xn--pckua2a7gp15o89zb.com/jb/fa506cb47413a36c68339a07f1c6313d,True,22時間前,2026-10-03 05:09:18,滋賀県
ドラッグストアの医薬品登録販売者新着,ウエルシア薬局株式会社 ウエルシア東近江市子殿店,滋賀県,"月給22万9,000円",正社員,介護,求人ボックス,https://xn--pckua2a7gp15o89zb.com/jb/007725a1e3d0761f31b0337915c68ceb,True,22時間前,2026-10-03 05:09:18,滋賀県
ドラッグストアの店舗運営・医薬品登録販売者新着,株式会社クスリのアオキ クスリのアオキ本堅田店,滋賀県,"月給20万6,000円",正社員,介護,求人ボックス,https://xn--pckua2a7gp15o89zb.com/jb/5ee174157a93ab539270bad9607f770d,True,22時間前,2026-10-03 05:09:18,滋賀県
ドラッグストアの精肉担当スタッフ新着,株式会社クスリのアオキ クスリのアオキ大津堅田店,滋賀県,"月給19万6,000円",正社員,介護,求人ボックス,https://xn--pckua2a7gp15o89zb.com/jb/e3bc4cef82c40ebcd1369c3cc59b9f44,True,22時間前,2026-10-03 05:09:18,滋賀県
滋賀県東近江市の医療事務 および 医師事務作業補助／医療法人社団新着,医療法人社団小串医院,滋賀県東近江市の医療事務,"月給18万1,000円",正社員,医療事務,求人ボックス,https://xn--pckua2a7gp15o89zb.com/jb/7a1b7587afe0e948f12f18e8ffea5415,True,9時間前,2026-10-03 05:08:59,滋賀県
滋賀県野洲市の医療事務兼 リハビリ助手／医療法人 遠田整形外科新着,医療法人遠田整形外科,滋賀県野洲市の医療事務兼,"月給18万5,000円",正社員,医療事務,求人ボックス,https://xn--pckua2a7gp15o89zb.com/jb/94678f80a8bc3b25bac1b4c33e44d3ec,True,9時間前,2026-10-03 05:08:59,滋賀県
20～40代活躍中／医療事務／資格不問／「月給18万円〜」ブランクOK新着,株式会社なかむら企画／WORK介護しが,滋賀県,月給18万円,正社員,医療事務,求人ボックス,https://xn--pckua2a7gp15o89zb.com/jb/ad9a63d0aefae05908c43e8f9db5857c,True,13時間前,2026-10-03 05:08:59,滋賀県
ペットショップの品出し・販売スタッフ／近江八幡店未経験歓迎／ワークライフバランス重視新着,株式会社犬の家 近江八幡店,滋賀県,"月給19万6,000円",正社員,医療事務,求人ボックス,https://xn--pckua2a7gp15o89zb.com/jbn/c93732853a400091adda445e3cad2477,True,22時間前,2026-10-03 05:08:59,滋賀県
滋賀県大津市の事務職／アルク大津稲津新着,株式会社ALKU,滋賀県大津市の事務職／アルク大津稲津,"月給23万6,000円",正社員,医療事務,求人ボックス,https://xn--pckua2a7gp15o89zb.com/jb/3b9a0a6885c399debd079410a94d6fe8,True,9時間前,2026-10-03 05:08:59,滋賀県
ウエルシアで調剤事務 パソコンが得意なら無資格&未経験OK・有資格者歓迎・しゅふに理解あり!新着,ウエルシア薬局株式会社,滋賀県,"時給1,180円",アルバイト・パート,医療事務,求人ボックス,https://xn--pckua2a7gp15o89zb.com/jb/cce74a2952d73a5648f79190617327b5,True,14時間前,2026-10-03 05:08:59,滋賀県
アパレルブランドのショップスタッフ!600店舗以上から自分にピッタリのブランドを探せる新着,株式会社ウィルオブ・ワーク,滋賀県,月給23万円～25万円,正社員,医療事務,求人ボックス,https://xn--pckua2a7gp15o89zb.com/jb/e318a8adf089330c15cee764fafc9138,True,17時間前,2026-10-03 05:08:59,滋賀県
事務・データ入力事務「正社員」残業なし・メリハリある働き方／大津市梅林1丁目新着,JHR株式会社,滋賀県,月給25万円～43万円,正社員,医療事務,求人ボックス,https://xn--pckua2a7gp15o89zb.com/jb/d537552a8730253a73462e85e9eae99b,True,20時間前,2026-10-03 05:08:59,滋賀県
「年間休日125日以上でしっかり休める」／スマートフォンケースの検品作業／月給30万円以上新着,株式会社SNJAPAN,滋賀県,月給30万円,正社員,医療事務,求人ボックス,https://xn--pckua2a7gp15o89zb.com/jbn/969815b5c52db4c77f3e3a64c62034a7,True,15時間前,2026-10-03 05:08:59,滋賀県
医療用スコープ組立／未経験歓迎／研修制度充実／社会保険完備／交通費支給SG251新着,三陽工業株式会社,滋賀県,"月給19万5,000円",正社員,医療事務,求人ボックス,https://xn--pckua2a7gp15o89zb.com/jbn/7486dee323fc0a5d8e63bbf123ca9c45,True,14時間前,2026-10-03 05:08:59,滋賀県
「事務スキルを活かす!」薬の検査・データ入力スタッフ／20代から30代活躍中!／日払いOK新着,株式会社日本ケイテム,滋賀県,"時給1,500円～",アルバイト・パート,医療事務,求人ボックス,https://xn--pckua2a7gp15o89zb.com/jbn/7d6bed43ff379e1486450c761d894705,True,21時間前,2026-10-03 05:08:59,滋賀県
彦根市エリアでのお仕事探しなら! エミナルクリニックの受付／未経験OK!月25万円新着,株式会社ディンプル,滋賀県,月給25万円,正社員,医療事務,求人ボックス,https://xn--pckua2a7gp15o89zb.com/jb/74d2c38fc7393d1113fb7dad31c22b4c,True,11時間前,2026-10-03 05:09:03,滋賀県
新卒・ドラッグストアの総合職・店舗運営新着,株式会社クスリのアオキ クスリのアオキ岡町店,滋賀県,月給20万円～28万円,正社員,医療事務,求人ボックス,https://xn--pckua2a7gp15o89zb.com/jb/0c844daabb117cd4e9bdba47cd73e99b,True,22時間前,2026-10-03 05:09:07,滋賀県
新生活にもなじみやすい製造職!／手帳カバー部品の仕上げスタッフ／即入寮OK／ボーナスあり新着,社会インフラや,滋賀県,"月給36万3,000円",正社員,医療事務,求人ボックス,https://xn--pckua2a7gp15o89zb.com/jbn/08d5943eb8ab38f2d015382e26a16297,True,12時間前,2026-10-03 05:09:07,滋賀県
新卒・ドラッグストアの総合職・店舗運営新着,株式会社クスリのアオキ クスリのアオキ野洲店,滋賀県,月給20万円～28万円,正社員,医療事務,求人ボックス,https://xn--pckua2a7gp15o89zb.com/jb/693f07d0104bd0ac5fdec6386a6e160a,True,22時間前,2026-10-03 05:09:07,滋賀県
新卒・ドラッグストアの総合職・店舗運営新着,株式会社クスリのアオキ クスリのアオキ長浜加納店,滋賀県,月給20万円～28万円,正社員,医療事務,求人ボックス,https://xn--pckua2a7gp15o89zb.com/jb/9e3d1243c5f095b02e0eb7393dbe59f5,True,22時間前,2026-10-03 05:09:09,滋賀県
新卒・ドラッグストアの総合職・店舗運営新着,株式会社クスリのアオキ クスリのアオキ草津野村店,滋賀県,月給20万円～28万円,正社員,医療事務,求人ボックス,https://xn--pckua2a7gp15o89zb.com/jb/f3b28802003d806aeaad3e4d9f72b764,True,22時間前,2026-10-03 05:09:09,滋賀県
新卒・ドラッグストアの総合職・店舗運営新着,株式会社クスリのアオキ クスリのアオキ五個荘店,滋賀県,月給20万円～28万円,正社員,医療事務,求人ボックス,https://xn--pckua2a7gp15o89zb.com/jb/52ec5c7fa82e1e63abc6bb8e3f6602a7,True,22時間前,2026-10-03 05:09:11,滋賀県
おうちの買取・リフォーム企画・販売／お引き渡しまでの企画営業職新着,株式会社カチタス 彦根店,滋賀県,年収350万円～550万円,正社員,医療事務,求人ボックス,https://xn--pckua2a7gp15o89zb.com/jb/3580ff65e0b271edcda45e11e8511552,True,22時間前,2026-10-03 05:09:11,滋賀県
経理事務スタッフ／残業ナシ／子育て両立／右肩上がりの成長企業で経理スキルを体得新着,株式会社八代製作所,滋賀県,月給18万円～25万円,正社員,医療事務,求人ボックス,https://xn--pckua2a7gp15o89zb.com/jb/152116a49bd360dd8da8a0b5f989f32b,True,3時間前,2026-10-03 05:09:11,滋賀県
新卒・ドラッグストアの総合職・店舗運営新着,株式会社クスリのアオキ クスリのアオキ本堅田店,滋賀県,月給20万円～28万円,正社員,医療事務,求人ボックス,https://xn--pckua2a7gp15o89zb.com/jb/3d95c9719be21683bcb4c62d70c29b63,True,22時間前,2026-10-03 05:09:11,滋賀県
新卒・ドラッグストアの総合職・店舗運営新着,株式会社クスリのアオキ クスリのアオキ比叡辻店,滋賀県,月給20万円～28万円,正社員,医療事務,求人ボックス,https://xn--pckua2a7gp15o89zb.com/jb/45231884db578036df3c791d76a1963e,True,22時間前,2026-10-03 05:09:11,滋賀県
新卒・ドラッグストアの総合職・店舗運営新着,株式会社クスリのアオキ クスリのアオキ水口店,滋賀県,月給20万円～28万円,正社員,医療事務,求人ボックス,https://xn--pckua2a7gp15o89zb.com/jb/304b5132e0673c12b1fcaf48abc9ab76,True,22時間前,2026-10-03 05:09:15,滋賀県
新卒・ドラッグストアの総合職・店舗運営新着,株式会社クスリのアオキ クスリのアオキ近江八幡白...,滋賀県,月給20万円～28万円,正社員,医療事務,求人ボックス,https://xn--pckua2a7gp15o89zb.com/jb/efd3fbde46e9e76c8ba38119d63469be,True,22時間前,2026-10-03 05:09:15,滋賀県
新卒・ドラッグストアの総合職・店舗運営新着,株式会社クスリのアオキ クスリのアオキ宮司店,滋賀県,月給20万円～28万円,正社員,医療事務,求人ボックス,https://xn--pckua2a7gp15o89zb.com/jb/8891f0ea7bcebe6a7a21039b203c7c57,True,22時間前,2026-10-03 05:09:15,滋賀県
新卒・ドラッグストアの総合職・店舗運営新着,株式会社クスリのアオキ クスリのアオキ霊仙寺店,滋賀県,月給20万円～28万円,正社員,医療事務,求人ボックス,https://xn--pckua2a7gp15o89zb.com/jb/76a74dc7816ff9f4e37d0e24eecf82d6,True,22時間前,2026-10-03 05:09:15,滋賀県
新卒・ドラッグストアの総合職・店舗運営新着,株式会社クスリのアオキ クスリのアオキ草津下物店,滋賀県,月給20万円～28万円,正社員,医療事務,求人ボックス,https://xn--pckua2a7gp15o89zb.com/jb/ffc7f3787bd05efe40e746f8918fb5c4,True,22時間前,2026-10-03 05:09:15,滋賀県
新卒・ドラッグストアの総合職・店舗運営新着,株式会社クスリのアオキ クスリのアオキ際川店,滋賀県,月給20万円～28万円,正社員,医療事務,求人ボックス,https://xn--pckua2a7gp15o89zb.com/jb/c18440f554bef6947b1bbd4913b6688a,True,22時間前,2026-10-03 05:09:20,滋賀県
新卒・ドラッグストアの総合職・店舗運営新着,株式会社クスリのアオキ クスリのアオキ虎姫店,滋賀県,月給20万円～28万円,正社員,医療事務,求人ボックス,https://xn--pckua2a7gp15o89zb.com/jb/d047f9eec0fb3f3514c97ae04bad52bc,True,22時間前,2026-10-03 05:09:20,滋賀県
新卒・ドラッグストアの総合職・店舗運営新着,株式会社クスリのアオキ クスリのアオキ湖東店,滋賀県,月給20万円～28万円,正社員,医療事務,求人ボックス,https://xn--pckua2a7gp15o89zb.com/jb/e1e94db9fbe78cbc2e99bef3a7eec566,True,22時間前,2026-10-03 05:09:20,滋賀県
おうちの買取・リフォーム企画・販売／お引き渡しまでの企画営業職新着,株式会社カチタス 草津店,滋賀県,年収350万円～550万円,正社員,医療事務,求人ボックス,https://xn--pckua2a7gp15o89zb.com/jb/be5e8850cf0a67bfa66c8b2dee91a104,True,22時間前,2026-10-03 05:09:20,滋賀県
新卒・ドラッグストアの総合職・店舗運営新着,株式会社クスリのアオキ クスリのアオキ目川店,滋賀県,月給20万円～28万円,正社員,医療事務,求人ボックス,https://xn--pckua2a7gp15o89zb.com/jb/62b08164539d6ed76cf7cb7ea066a4d1,True,22時間前,2026-10-03 05:09:20,滋賀県
新卒・ドラッグストアの総合職・店舗運営新着,株式会社クスリのアオキ クスリのアオキ浅井店,滋賀県,月給20万円～28万円,正社員,医療事務,求人ボックス,https://xn--pckua2a7gp15o89zb.com/jb/c26046fa088518b407b9cf9ca0a11aa9,True,22時間前,2026-10-03 05:09:20,滋賀県
新卒・ドラッグストアの総合職・店舗運営新着,株式会社クスリのアオキ クスリのアオキ清水店,滋賀県,月給20万円～28万円,正社員,医療事務,求人ボックス,https://xn--pckua2a7gp15o89zb.com/jb/acefa5cf2389558f6c0f88322461a09a,True,22時間前,2026-10-03 05:09:20,滋賀県
残業ほぼなし!週休2日制!資格手当あり! 施工管理新着,有限会社竜王興産,滋賀県,月給25万円～,正社員,建設,求人ボックス,https://xn--pckua2a7gp15o89zb.com/jb/76b4374d82dda5ccba5b8ea922262564,True,16時間前,2026-10-03 05:09:24,滋賀県
土地のお悩みをもつオーナー様へ土地活用の提案営業新着,大東建託株式会社,滋賀県,"月給25万5,000円",正社員,建設,求人ボックス,https://xn--pckua2a7gp15o89zb.com/jb/324649d0841556dd5ea8d3c80589b39e,True,22時間前,2026-10-03 05:09:24,滋賀県
滋賀県東近江市の斎場業務員／富士建設工業 株式会社新着,富士建設工業株式会社,滋賀県東近江市の斎場業務員／富士建設工業,月給20万円～22万円,正社員,建設,求人ボックス,https://xn--pckua2a7gp15o89zb.com/jb/f820e6a8a35281a1f790bb5da4447938,True,9時間前,2026-10-03 05:09:24,滋賀県
滋賀県大津市の土木作業員新着,江川建設株式会社,滋賀県大津市の土木作業員,月給22万円～33万円,正社員,建設,求人ボックス,https://xn--pckua2a7gp15o89zb.com/jb/a54cfdcce371c6aced9d83cfd816fe3f,True,9時間前,2026-10-03 05:09:24,滋賀県
不動産・建設系の建築設計・施工管理新着,株式会社ハウスドゥ・ジャパン,滋賀県,"年収500万円～1,000万円",正社員,建設,求人ボックス,https://xn--pckua2a7gp15o89zb.com/jb/37ad981e730fdbc93bbfd1cf639db050,True,14時間前,2026-10-03 05:09:24,滋賀県
未経験OK!製造スタッフ／日勤のみ／成長企業で管理職に／国家資格の取得支援あり新着,株式会社八代製作所,滋賀県,月給22万円～35万円,正社員,建設,求人ボックス,https://xn--pckua2a7gp15o89zb.com/jb/992c50ed196b1065a17975d6716f5a57,True,4時間前,2026-10-03 05:09:24,滋賀県
カラー専門スタイリスト美容師新着,アイビ株式会社,滋賀県,"時給1,215円～3,000円",アルバイト・パート,美容,求人ボックス,https://xn--pckua2a7gp15o89zb.com/jb/526a8eef7078465105e646bed7bd8436,True,7時間前,2026-10-03 05:09:21,滋賀県
滋賀県大津市の美容師アシスタント／ソル新着,有限会社アイムインターナショナル,滋賀県大津市の美容師アシスタント／ソル,月給22万円,正社員,美容,求人ボックス,https://xn--pckua2a7gp15o89zb.com/jb/b24f5d3711a07b67a5228a766c3a1e57,True,9時間前,2026-10-03 05:09:21,滋賀県
滋賀県草津市の美容師スタイリスト／salaかがやき通りアイムインターナ...新着,有限会社イマジン,滋賀県草津市の美容師スタイリスト／salaかがやき通りアイムインターナ...,月給24万円,正社員,美容,求人ボックス,https://xn--pckua2a7gp15o89zb.com/jb/5d68d7ed8db8129f2028c1b38393c051,True,9時間前,2026-10-03 05:09:21,滋賀県
滋賀県近江八幡市の美容師スタイリスト／sala近江八幡アイムインターナ...新着,有限会社ギャザーアンドギャザー,滋賀県近江八幡市の美容師スタイリスト／sala近江八幡アイムインターナ...,月給24万円,正社員,美容,求人ボックス,https://xn--pckua2a7gp15o89zb.com/jb/b7132ca513c7d7af4a549040a25ccdbd,True,9時間前,2026-10-03 05:09:21,滋賀県
接客・サービス業務 ／ 美容師・理容師／アイブロウイスト 研修があるの...新着,パーソルテンプスタッフ株式会社,滋賀県,"時給1,500円～1,550円",派遣社員,美容,求人ボックス,https://xn--pckua2a7gp15o89zb.com/jb/ca8e1cdf63e8512b4b849dfb3c1bd555,True,18時間前,2026-10-03 05:09:21,滋賀県
一般事務・未経験OK「ネイルOK・服装自由」土日休み・残業なし・20代活躍中新着,...前向きな気持ちで事務職に挑戦したい・仕事/プライベートのメリハリをつけたい・スキルを身につけて長期的に活躍したいー こんな前職の方が入社中ー接客業/販売業/飲食店/保育士/看護師ネイリスト/トリ,滋賀県,"月給21万2,000円",正社員,美容,求人ボックス,https://xn--pckua2a7gp15o89zb.com/jbn/246f74757535a2dacf4359f926dbcd9a,True,22時間前,2026-10-03 05:09:21,滋賀県
データ入力・未経験OK「ネイルOK／服装自由」土日休み／残業なし「20代活躍中」新着,...前向きな気持ちで事務職に挑戦したい・仕事/プライベートのメリハリをつけたい・スキルを身につけて長期的に活躍したいー こんな前職の方が入社中ー接客業/販売業/飲食店/保育士/看護師ネイリスト/トリ,滋賀県,"月給21万2,000円",正社員,美容,求人ボックス,https://xn--pckua2a7gp15o89zb.com/jbn/60c92ab16a497fd7f80ff9cf3c54f417,True,23時間前,2026-10-03 05:09:21,滋賀県
受付事務 完全週休2日制・服装自由 20代活躍中・未経験歓迎／WEB選考新着,...前向きな気持ちで事務職デビューしたい方・仕事/プライベートのメリハリをつけたい方・スキル/資格を身につけ長期で活躍したい方ー こんな前職の方が入社中ー接客業/販売業/飲食/看護師/保育士/調理師,滋賀県,"月給21万2,000円",正社員,美容,求人ボックス,https://xn--pckua2a7gp15o89zb.com/jbn/49beb3d483635620dd026459ef579137,True,23時間前,2026-10-03 05:09:22,滋賀県
草津市エリアのお仕事!「クリニック受付」 クリニック受付／未経験OK・賞与2回・美容施術割引有新着,株式会社ディンプル,滋賀県,月給21万円～25万円,正社員,美容,求人ボックス,https://xn--pckua2a7gp15o89zb.com/jb/a6ee2b85a26844dd791dc31b2084c731,True,11時間前,2026-10-03 05:09:22,滋賀県
滋賀県草津市の理容師／スタイリスト:草津店／1706-2新着,株式会社カットツイン,滋賀県草津市の理容師／スタイリスト:草津店／1706-2,"月給27万9,650円",正社員,美容,求人ボックス,https://xn--pckua2a7gp15o89zb.com/jb/bbcf57026211200905329bd4f6b7a99d,True,9時間前,2026-10-03 05:09:22,滋賀県
美容院・ヘアサロン勤務新着,fanfare,滋賀県,月給23万円～,正社員,美容,求人ボックス,https://xn--pckua2a7gp15o89zb.com/jb/9dd259f165ab30730fa6b17acdbf1b63,True,7時間前,2026-10-03 05:09:22,滋賀県
「新生活デビュー応援!」未経験採用枠／製造スタッフ・カプセルトイ／研修充実新着,NKY株式会社,滋賀県,月給28万円～50万円,正社員,美容,求人ボックス,https://xn--pckua2a7gp15o89zb.com/jb/67a5ea371c9fdd70863098c346c4757c,True,19時間前,2026-10-03 05:09:22,滋賀県
「新生活デビュー応援!」未経験採用枠／製造スタッフ・カプセルトイ／寮・社宅・家賃補助あり新着,株式会社ライトキャリア,滋賀県,月給28万円～50万円,正社員,美容,求人ボックス,https://xn--pckua2a7gp15o89zb.com/jb/e7579ea4091b12b6570c85cacd434c58,True,20時間前,2026-10-03 05:09:22,滋賀県
20.30代活躍中 おじいちゃんおばあちゃんの見守りスタッフ新着,株式会社ウィルオブ・ワーク,滋賀県,"時給1,400円",派遣社員,美容,求人ボックス,https://xn--pckua2a7gp15o89zb.com/jb/f70d591c3d9b5db4552ea92135258c27,True,19時間前,2026-10-03 05:09:26,滋賀県
データ入力事務／未経験OK「ネイルOK」土日祝休み／残業なし「20代女性活躍中」新着,美容師,滋賀県,月給21万500円,正社員,美容,求人ボックス,https://xn--pckua2a7gp15o89zb.com/jbn/3b0f6280d3adca622615ebf2c5a588af,True,23時間前,2026-10-03 05:09:26,滋賀県
データ入力事務・未経験OK「ネイルOK」土日祝休み・残業なし「20代活躍中」新着,...前向きな気持ちで事務職に挑戦したい・仕事/プライベートのメリハリをつけたい・スキルを身につけて長期的に活躍したいー こんな前職の方が入社中ー接客業/販売業/飲食店/保育士/看護師ネイリスト/トリ,滋賀県,"月給21万1,500円",正社員,美容,求人ボックス,https://xn--pckua2a7gp15o89zb.com/jbn/1cc965d84af75426ff58e41c4b5e9e73,True,23時間前,2026-10-03 05:09:26,滋賀県
受付事務 土日祝休み・残業なし 未経験OK・20代活躍中／オンライン面接新着,...前向きな気持ちで事務職デビューしたい方・仕事/プライベートのメリハリをつけたい方・スキル/資格を身につけ長期で活躍したい方ー こんな前職の方が入社中ー接客業/販売業/飲食/看護師/保育士/調理師,滋賀県,"月給21万3,500円",正社員,美容,求人ボックス,https://xn--pckua2a7gp15o89zb.com/jbn/68650d0f0ef2c7ff26d812bfcf73cf58,True,22時間前,2026-10-03 05:09:26,滋賀県
受付事務「完全週休2日制・残業なし・正社員」20代活躍中・未経験OK／履歴書不要新着,...前向きな気持ちで事務職デビューしたい方・仕事/プライベートのメリハリをつけたい方・スキル/資格を身につけ長期で活躍したい方ー こんな前職の方が入社中ー接客業/販売業/飲食/看護師/保育士/調理師,滋賀県,月給21万500円,正社員,美容,求人ボックス,https://xn--pckua2a7gp15o89zb.com/jbn/232b1d5c3629448f1fcbce22e42011a8,True,23時間前,2026-10-03 05:09:29,滋賀県
データ入力／20代活躍中・未経験OK／残業なし／賞与あり／オンライン面接新着,...前向きな気持ちで事務職デビューしたい方・仕事/プライベートのメリハリをつけたい方・スキル/資格を身につけ長期で活躍したい方ー こんな前職の方が入社中ー接客業/販売業/飲食/看護師/保育士/調理師,滋賀県,"月給21万3,500円",正社員,美容,求人ボックス,https://xn--pckua2a7gp15o89zb.com/jbn/1b13332b23aafb0140a909853aa91a27,True,23時間前,2026-10-03 05:09:29,滋賀県
データ入力 20代活躍中・未経験歓迎／履歴書不要新着,...前向きな気持ちで事務職デビューしたい方・仕事/プライベートのメリハリをつけたい方・スキル/資格を身につけ長期で活躍したい方ー こんな前職の方が入社中ー接客業/販売業/飲食/看護師/保育士/調理師,滋賀県,"月給21万3,000円",正社員,美容,求人ボックス,https://xn--pckua2a7gp15o89zb.com/jbn/c95b29b6abdd1423ba09cbd67043f728,True,21時間前,2026-10-03 05:09:29,滋賀県
データ入力「土日祝休み・残業なし・服装自由」20代活躍中・未経験OK／履歴書不要新着,...前向きな気持ちで事務職デビューしたい方・仕事/プライベートのメリハリをつけたい方・スキル/資格を身につけ長期で活躍したい方ー こんな前職の方が入社中ー接客業/販売業/飲食/看護師/保育士/調理師,滋賀県,"月給20万8,500円",正社員,美容,求人ボックス,https://xn--pckua2a7gp15o89zb.com/jbn/531f124a4f7bc239da66e09c656f5d6d,True,22時間前,2026-10-03 05:09:29,滋賀県
一般事務 土日祝休み／賞与あり 20代女性活躍中・未経験歓迎／履歴書不要新着,...前向きな気持ちで事務職デビューしたい方・仕事/プライベートのメリハリをつけたい方・スキル/資格を身につけ長期で活躍したい方ー こんな前職の方が入社中ー接客業/販売業/飲食/看護師/保育士/調理師,滋賀県,月給21万円～29万,正社員,美容,求人ボックス,https://xn--pckua2a7gp15o89zb.com/jbn/a28d106b839c5a2f895248dd4148ea30,True,22時間前,2026-10-03 05:09:29,滋賀県
一般事務／20代女性活躍中・未経験OK／土日祝休み／服装自由／WEB選考新着,...前向きな気持ちで事務職デビューしたい方・仕事/プライベートのメリハリをつけたい方・スキル/資格を身につけ長期で活躍したい方ー こんな前職の方が入社中ー接客業/販売業/飲食/看護師/保育士/調理師,滋賀県,"月給21万4,000円",正社員,美容,求人ボックス,https://xn--pckua2a7gp15o89zb.com/jbn/ac071d9333c5018071eb6767f3e36ed4,True,22時間前,2026-10-03 05:09:29,滋賀県
一般事務「残業なし・ネイルOK・正社員」未経験歓迎・20代女性活躍中／履歴書不要新着,...前向きな気持ちで事務職デビューしたい方・仕事/プライベートのメリハリをつけたい方・スキル/資格を身につけ長期で活躍したい方ー こんな前職の方が入社中ー接客業/販売業/飲食/看護師/保育士/調理師,滋賀県,"月給21万1,900円",正社員,美容,求人ボックス,https://xn--pckua2a7gp15o89zb.com/jbn/7622107acea83bd70eca67ad485d0bb9,True,21時間前,2026-10-03 05:09:32,滋賀県
一般事務「完全週休2日制・服装自由・正社員」20代活躍中・未経験歓迎／WEB選考新着,...前向きな気持ちで事務職デビューしたい方・仕事/プライベートのメリハリをつけたい方・スキル/資格を身につけ長期で活躍したい方ー こんな前職の方が入社中ー接客業/販売業/飲食/看護師/保育士/調理師,滋賀県,"月給21万3,000円",正社員,美容,求人ボックス,https://xn--pckua2a7gp15o89zb.com/jbn/792304aa0f190c131725873befd84c59,True,22時間前,2026-10-03 05:09:32,滋賀県
営業新着,...相談される人間関係作りが大切です) 土地診断 ご成約 収益物件の建設 完成引き渡し・賃貸事業開始 【経験など】先輩たちの前職は、居酒屋やカフェの飲食店スタッフ、アパレルショップ店員、,滋賀県,"月給25万5,000円",,美容,求人ボックス,https://xn--pckua2a7gp15o89zb.com/jb/27026378a5313051d55eb03c23ec81a6,True,11時間前,2026-10-03 05:09:32,滋賀県
院内保育所の保育士新着,株式会社M・I・E,滋賀県,"時給1,400円～1,450円",アルバイト・パート,保育,求人ボックス,https://xn--pckua2a7gp15o89zb.com/jb/7024af58791845bc86c90418cff2b869,True,6時間前,2026-10-03 05:09:16,滋賀県
滋賀県米原市の保育士／正職員・米原保育園／社会福祉法人 大樹会新着,社会福祉法人大樹会,滋賀県米原市の保育士／正職員・米原保育園／社会福祉法人,"月給21万3,500円",正社員,保育,求人ボックス,https://xn--pckua2a7gp15o89zb.com/jb/dffbf643a8c4e56dc9596d4687394ee5,True,9時間前,2026-10-03 05:09:16,滋賀県
滋賀県甲賀市の保育士／なないろ保育園／特定非営利活動法人 天翔会新着,特定非営利活動法人天翔会,滋賀県甲賀市の保育士／なないろ保育園／特定非営利活動法人,"月給20万7,646円",正社員,保育,求人ボックス,https://xn--pckua2a7gp15o89zb.com/jb/f1c633611b0bcbc291a67ee852a35c0a,True,8時間前,2026-10-03 05:09:16,滋賀県
滋賀県東近江市の保育士／医療法人 恒仁会 近江温泉病院新着,医療法人恒仁会 近江温泉病院,滋賀県東近江市の保育士／医療法人,"月給20万8,100円",正社員,保育,求人ボックス,https://xn--pckua2a7gp15o89zb.com/jb/ede97461697a10750e6970a3e0d27f13,True,9時間前,2026-10-03 05:09:16,滋賀県
滋賀県湖南市の保育士／三雲くじら保育園新着,社会福祉法人くじら,滋賀県湖南市の保育士／三雲くじら保育園,"月給22万9,200円",正社員,保育,求人ボックス,https://xn--pckua2a7gp15o89zb.com/jb/adb7d1feab34007bedbfd51f5a4b645d,True,9時間前,2026-10-03 05:09:16,滋賀県
保育士／週1日～OK／マイカー通勤OK／駐車場あり／時給1550円～新着,株式会社アスカ,滋賀県,時給1550円～,派遣社員,保育,求人ボックス,https://xn--pckua2a7gp15o89zb.com/jb/d2b3e8ea3c56cfedf713bb7a36e95d7e,True,13時間前,2026-10-03 05:09:16,滋賀県
滋賀県近江八幡市の 見学歓迎 病院内保育所／少人数保育新着,アートチャイルドケア株式会社,滋賀県近江八幡市の,"月給24万1,000円",正社員,保育,求人ボックス,https://xn--pckua2a7gp15o89zb.com/jb/d0d38f09db18abdf05bc3dbf6fefd35a,True,9時間前,2026-10-03 05:09:17,滋賀県
障害者支援施設の介護職・ヘルパー／日勤のみ／週2日～OK／ダブルワークOK／自立支援サポート／無資格新着,jobフレンド,滋賀県,"時給1,220円",アルバイト・パート,保育,求人ボックス,https://xn--pckua2a7gp15o89zb.com/jb/aa46e59871e58563cce99080d4804661,True,22時間前,2026-10-03 05:09:17,滋賀県
20～40代活躍中／病院の看護／「月給23万円〜」東近江市の病院で病棟看護師 院内保育所あり新着,株式会社なかむら企画／WORK介護しが,滋賀県,月給23万円,正社員,保育,求人ボックス,https://xn--pckua2a7gp15o89zb.com/jb/99c8b67831aa177430ab6a00f61600ff,True,13時間前,2026-10-03 05:09:17,滋賀県
お食事準備やお話相手など障がい者グループホームの世話人 週2日～日勤のみ 副業OK マイカー通勤OK新着,ソーシャルインクルー株式会社,滋賀県,"時給1,220円",アルバイト・パート,保育,求人ボックス,https://xn--pckua2a7gp15o89zb.com/jb/a7d4a83f5a7b3f0aabcb9760101cd46f,True,13時間前,2026-10-03 05:09:20,滋賀県
滋賀勤務／火水休／社会人経験3年未満の方／売るより面白い買う営業に挑戦新着,株式会社Progress Group,滋賀県,月給25万円～40万円,契約社員,保育,求人ボックス,https://xn--pckua2a7gp15o89zb.com/jb/86967d2438dbe27cf1ee0001c4422b07,True,11時間前,2026-10-03 05:09:20,滋賀県
家庭料理の延長線で始められる!週3日～OK新着,株式会社ティー・エフ・ピー,滋賀県,"時給1,300円",アルバイト・パート,保育,求人ボックス,https://xn--pckua2a7gp15o89zb.com/jb/625fa609cd8eda6b028ab97d23042d94,True,13時間前,2026-10-03 05:09:20,滋賀県
調理師／調理スタッフ／調理師資格を活かす 近江八幡市東横関町の保育園で調理・食事提供 ブランクOK新着,社会福祉法人近江はちまん社会福祉事業協会,滋賀県,"月給24万4,700円",契約社員,保育,求人ボックス,https://xn--pckua2a7gp15o89zb.com/jb/1e3333562f7e7921bd9d667fcd3d9be1,True,14時間前,2026-10-03 05:09:23,滋賀県
滋賀県大津市のケアワーカー／介護福祉士／社会福祉法人 志賀福祉会 真野しょうぶ苑新着,社会福祉法人志賀福祉会 真野しょうぶ苑,滋賀県大津市のケアワーカー／介護福祉士／社会福祉法人,"月給20万5,000円",正社員,保育,求人ボックス,https://xn--pckua2a7gp15o89zb.com/jb/f5f7d2e18e8d0d864a36c0670a198c72,True,9時間前,2026-10-03 05:09:23,滋賀県
滋賀県大津市の副施設長／リールホーム大津坂本／株式会社 リールステージ新着,株式会社リールステージ,滋賀県大津市の副施設長／リールホーム大津坂本／株式会社,"月給35万9,000円",正社員,保育,求人ボックス,https://xn--pckua2a7gp15o89zb.com/jb/10032ef48531b054f63917028f86b76a,True,9時間前,2026-10-03 05:09:23,滋賀県
2027 新卒採用 医療機関新着,一般社団法人水口病院,滋賀県,"月給20万1,200円",正社員,保育,求人ボックス,https://xn--pckua2a7gp15o89zb.com/jb/a7b811ddf5b3f12efdc09ab25b20b2e4,True,16時間前,2026-10-03 05:09:23,滋賀県
認可保育園の保育士／保育経験者も多数活躍／落ち着いた環境で安心スタート新着,ほっぺるランド堅田,滋賀県,"時給1,100円～1,200円",アルバイト・パート,保育,求人ボックス,https://xn--pckua2a7gp15o89zb.com/jbn/b11b9756933b6a95705587192dcfa1a9,True,23時間前,2026-10-03 05:09:26,滋賀県
保育士／年間休日124日 一人ひとりに寄り添った保育 駐車場無料新着,特定非営利活動法人スポキッズ,滋賀県,"月給21万4,000円",正社員,保育,求人ボックス,https://xn--pckua2a7gp15o89zb.com/jb/a41ea5be94866b7115f2ac376b3ed262,True,11時間前,2026-10-03 05:09:26,滋賀県
保育士／年間休日111日以上 2021年4月開園 無料駐車場完備新着,社会福祉法人京慈会 草津コペル保育園,滋賀県,"月給20万1,900円",正社員,保育,求人ボックス,https://xn--pckua2a7gp15o89zb.com/jb/94d2326a053f892055a9656938e69897,True,10時間前,2026-10-03 05:09:26,滋賀県
保育士／宿舎借上げ制度 新卒・未経験者も歓迎 残業少なめ マイカー通勤...新着,社会福祉法人つくし会 たんぽぽ保育園,滋賀県,"月給23万6,000円",正社員,保育,求人ボックス,https://xn--pckua2a7gp15o89zb.com/jb/420368c56f0a8766bf0e0a5343c24433,True,10時間前,2026-10-03 05:09:26,滋賀県
保育士／扶養内OK 9:00～14:00 駅近 定員19名の小規模保育...新着,一般社団法人青空,滋賀県,"時給1,200円～",アルバイト・パート,保育,求人ボックス,https://xn--pckua2a7gp15o89zb.com/jb/e87e1e88722c8c53880e4c17fb13345a,True,10時間前,2026-10-03 05:09:26,滋賀県
保育士／住宅手当あり 賞与4ヵ月 複数担任制のこども園新着,学校法人滋賀カトリック学園,滋賀県,月給21万円～24万円,正社員,保育,求人ボックス,https://xn--pckua2a7gp15o89zb.com/jb/3e49276520016072a8f4456502b34cf1,True,10時間前,2026-10-03 05:09:26,滋賀県
保育士／JR栗東駅東口から徒歩3分 定員19名の小規模保育園で正社員新着,TAMランド 栗東駅前園,滋賀県,"月給22万6,500円",正社員,保育,求人ボックス,https://xn--pckua2a7gp15o89zb.com/jb/739e4c7e62315feb4c35cff18510a38b,True,10時間前,2026-10-03 05:09:26,滋賀県
保育士／定員19名の小規模／マイカー通勤OK／駐車場有／家庭的な雰囲気新着,株式会社まごころ,滋賀県,"月給22万7,500円",正社員,保育,求人ボックス,https://xn--pckua2a7gp15o89zb.com/jb/a7895662755b1734cd3ac3631052cd2a,True,13時間前,2026-10-03 05:09:28,滋賀県
データ入力事務／未経験OK「ネイルOK」土日祝休み／残業なし「20代女性活躍中」新着,保育士,滋賀県,月給21万500円,正社員,保育,求人ボックス,https://xn--pckua2a7gp15o89zb.com/jbn/b8c4ee96c805d8740891f1f1e49840e1,True,23時間前,2026-10-03 05:09:28,滋賀県
保育園での栄養士・調理士業務／栄養士・調理士／福利厚生充実新着,ニチイキッズ栗東中沢保育園,滋賀県,"月給16万9,000円",正社員,保育,求人ボックス,https://xn--pckua2a7gp15o89zb.com/jbn/555d87f865ce9b27eb0cca0b39b2ab7f,True,23時間前,2026-10-03 05:09:31,滋賀県
一般事務「20代活躍・未経験OK」年休120日以上・残業月5〜10時間新着,一般事務,滋賀県,"月給21万2,000円",正社員,事務,求人ボックス,https://xn--pckua2a7gp15o89zb.com/jbn/6fa58b17b4720c2a308ff5e910d73215,True,17時間前,2026-10-03 05:09:25,滋賀県
未経験からステップアップ!／関東で一般事務STAFF新着,株式会社OOQ,滋賀県,"月給20万5,000円",正社員,事務,求人ボックス,https://xn--pckua2a7gp15o89zb.com/jb/f05c1d265546ba38ee1f03ce349ec592,True,15時間前,2026-10-03 05:09:25,滋賀県
コツコツ派に人気／一般事務／オフィスワーク／未経験歓迎新着,一般事務,滋賀県,"月給27万4,000円",正社員,事務,求人ボックス,https://xn--pckua2a7gp15o89zb.com/jbn/c05cd672bba064dc632374b61ecec489,True,15時間前,2026-10-03 05:09:25,滋賀県
一般事務職 現場の社員さんや職人さんをオフィスからサポート!新着,株式会社林田工業所,滋賀県,月給20万円～25万円,正社員,事務,求人ボックス,https://xn--pckua2a7gp15o89zb.com/jb/7660b90c98e56f5b69a75721b6bb67e6,True,11時間前,2026-10-03 05:09:29,滋賀県
一般事務「ネイルOK・20代活躍中」未経験歓迎・土日祝休み新着,事務,滋賀県,"月給21万2,000円",正社員,事務,求人ボックス,https://xn--pckua2a7gp15o89zb.com/jbn/83dbf3f04ce8bae78fca8ca367019db8,True,17時間前,2026-10-03 05:09:29,滋賀県
滋賀県大津市の一般事務／株式会社 騰達商事新着,株式会社騰達商事,滋賀県大津市の一般事務／株式会社,月給23万円～35万円,正社員,事務,求人ボックス,https://xn--pckua2a7gp15o89zb.com/jb/c5c07ab7055dfb322d5b6c3bd410c8ae,True,9時間前,2026-10-03 05:09:29,滋賀県
物流会社の一般事務／社会保険完備／履歴書不要で即面接／賞与年2回新着,司関西株式会社,滋賀県,"時給1,100円～",アルバイト・パート,事務,求人ボックス,https://xn--pckua2a7gp15o89zb.com/jbn/ab7f31e885c7fd08141480e2a14dee44,True,21時間前,2026-10-03 05:09:29,滋賀県
12月 TEL少／データ入力多めの一般事務／高時給1450円新着,一般事務・,滋賀県,時給1450円,派遣社員,事務,求人ボックス,https://xn--pckua2a7gp15o89zb.com/jb/ee5f950f7a6e7c55b07fdb8a09fdf936,True,13時間前,2026-10-03 05:09:32,滋賀県
草津市エリア!未経験OKの事務職! 未経験OK!大手企業の一般事務職新着,株式会社ディンプル,滋賀県,"月給18万2,000円",正社員,事務,求人ボックス,https://xn--pckua2a7gp15o89zb.com/jb/b9bcdff02122889dde08b89e3879a1ef,True,11時間前,2026-10-03 05:09:35,滋賀県
滋賀県彦根市の一般事務／株式会社 HOKUTO 21新着,株式会社HOKUTO 21,滋賀県彦根市の一般事務／株式会社,月給16万円,正社員,事務,求人ボックス,https://xn--pckua2a7gp15o89zb.com/jb/e94f12f221c17bf61f7910e92eb6e46c,True,9時間前,2026-10-03 05:09:39,滋賀県
滋賀県高島市の一般事務／福井トナミ運輸 株式会社新着,福井トナミ運輸株式会社,滋賀県高島市の一般事務／福井トナミ運輸,"月給18万6,520円",正社員,事務,求人ボックス,https://xn--pckua2a7gp15o89zb.com/jb/013194f6b742954a3e5232a2b99ffeff,True,9時間前,2026-10-03 05:09:43,滋賀県
「まだ間に合う!」未経験採用枠／一般事務／寮・社宅・家賃補助あり新着,株式会社ライトキャリア,滋賀県,月給25万円～40万円,正社員,事務,求人ボックス,https://xn--pckua2a7gp15o89zb.com/jb/15b4084409b6121c63b332a9aef62b4c,True,20時間前,2026-10-03 05:09:43,滋賀県
一般事務・OA事務 ／ データエントリー業務 ／OJTあり新着,パーソルテンプスタッフ株式会社,滋賀県,"時給1,450円",派遣社員,事務,求人ボックス,https://xn--pckua2a7gp15o89zb.com/jb/53217c6a4a959d8068647a1b410bdfea,True,17時間前,2026-10-03 05:09:43,滋賀県
一般事務／服装自由 ネイルもOK!電話ほぼなし コツコツ事務新着,マンパワーグループ株式会社,滋賀県,"時給1,300円",派遣社員,事務,求人ボックス,https://xn--pckua2a7gp15o89zb.com/jb/92b2e4f1b3be65c2b802f1cb7aa46c7e,True,3時間前,2026-10-03 05:09:46,滋賀県
一般企業／一般事務／データ入力／伝票作成／自動車通勤新着,株式会社キャリアパワー,滋賀県,"時給1,500円",派遣社員,事務,求人ボックス,https://xn--pckua2a7gp15o89zb.com/jb/17a18d566c8b1be2e50e2842321db4a6,True,2時間前,2026-10-03 05:09:46,滋賀県
「まだ間に合う!」未経験からできる一般事務／研修充実／寮・社宅新着,株式会社Light BROTHERS,滋賀県,月給25万円～40万円,正社員,事務,求人ボックス,https://xn--pckua2a7gp15o89zb.com/jb/3fff9ad76b8a145e76c5e3abced8b816,True,20時間前,2026-10-03 05:09:50,滋賀県
事務・一般事務「正社員」研修あり／土日祝休み・アシスタント業務新着,JHR株式会社,滋賀県,月給22万円～40万円,正社員,事務,求人ボックス,https://xn--pckua2a7gp15o89zb.com/jb/28d45cebb8603a1b9d1f7b161d964f4c,True,20時間前,2026-10-03 05:09:50,滋賀県
「一般事務・データ入力」自分らしく働こう!残業ほぼなし・ネイルOK新着,株式会社STEER,滋賀県,月給20万円～40万円,正社員,事務,求人ボックス,https://xn--pckua2a7gp15o89zb.com/jbn/eab98c54a68e031177052872c5b73fe3,True,15時間前,2026-10-03 05:09:50,滋賀県
一般事務 7341新着,株式会社エンジョイント,滋賀県,"時給1,200円～1,400円",派遣社員,事務,求人ボックス,https://xn--pckua2a7gp15o89zb.com/jb/4b0927cdd690453c48c50ff4f0e01faf,True,17時間前,2026-10-03 05:09:54,滋賀県
就業開始は9時半朝ゆっくりできる一般事務のお仕事新着,株式会社ジャパン・リリーフ,滋賀県,"時給1,250円～",派遣社員,事務,求人ボックス,https://xn--pckua2a7gp15o89zb.com/jbn/80e5d6690512f9ac9d6b987daae8c7c1,True,18時間前,2026-10-03 05:09:54,滋賀県
滋賀県湖南市の鍼灸・柔道整復・あんまマッサージ指圧師／甲賀市他／ト／株式会社 按幸堂新着,株式会社按幸堂,滋賀県湖南市の鍼灸・柔道整復・あんまマッサージ指圧師／甲賀市他／ト／株式会社,月給25万円～40万円,正社員,治療家,求人ボックス,https://xn--pckua2a7gp15o89zb.com/jb/f806df7034a502c6b7fda4563dbcdec7,True,9時間前,2026-10-03 05:09:56,滋賀県
外来看護師／土日祝休み／年間休日124日／保育所完備新着,医療法人恒仁会 近江温泉病院,滋賀県,"時給1,460円～1,920円",アルバイト・パート,看護,求人ボックス,https://xn--pckua2a7gp15o89zb.com/jb/7df6fc224a06b7d9f0660f2df46a7127,True,3時間前,2026-10-03 05:09:48,滋賀県
20～40代活躍中／看護師／訪問看護／経験不問／大津市の訪問看護ステー...新着,株式会社なかむら企画／WORK介護しが,滋賀県,月給25万円～27万円,正社員,看護,求人ボックス,https://xn--pckua2a7gp15o89zb.com/jb/0116ba8c93b66dadfee99270baec2d3e,True,13時間前,2026-10-03 05:09:48,滋賀県
滋賀県長浜市の看護師／株式会社 ケアリー ナーシングホーム新着,株式会社ケアリー ナーシングホーム ケアリー長浜...,滋賀県長浜市の看護師／株式会社,月給26万円～34万円,正社員,看護,求人ボックス,https://xn--pckua2a7gp15o89zb.com/jb/ac2305ac72e69fb6df82a0f3eeea1870,True,9時間前,2026-10-03 05:09:48,滋賀県
滋賀県長浜市の看護師／養護老人ホームながはま／社会福祉法人 グロー新着,社会福祉法人グロー,滋賀県長浜市の看護師／養護老人ホームながはま／社会福祉法人,"月給22万1,000円",正社員,看護,求人ボックス,https://xn--pckua2a7gp15o89zb.com/jb/473e515e2b457b42e7c6a56a85a2233a,True,9時間前,2026-10-03 05:09:48,滋賀県
滋賀県大津市の看護師／入退院支援／医療法人 幸生会 琵琶湖中央リハビリ...新着,医療法人幸生会 琵琶湖中央リハビリテーション病院,滋賀県大津市の看護師／入退院支援／医療法人,"月給23万3,200円",正社員,看護,求人ボックス,https://xn--pckua2a7gp15o89zb.com/jb/38dab63577730d5a2c8c331f50047418,True,9時間前,2026-10-03 05:09:48,滋賀県
滋賀県東近江市の管理者看護師／ナーシングホームまごころ／株式会社新着,株式会社まごころ,滋賀県東近江市の管理者看護師／ナーシングホームまごころ／株式会社,月給32万円～52万円,正社員,看護,求人ボックス,https://xn--pckua2a7gp15o89zb.com/jb/298bba5f2456d729f731a35f6be9264c,True,9時間前,2026-10-03 05:09:49,滋賀県
滋賀県大津市の看護師／訪問看護ステーション／社有車にて訪問／合同会社新着,合同会社さくらんぼ,滋賀県大津市の看護師／訪問看護ステーション／社有車にて訪問／合同会社,"月給30万8,000円",正社員,看護,求人ボックス,https://xn--pckua2a7gp15o89zb.com/jb/3073d8374522bd77b614857eefd4b723,True,9時間前,2026-10-03 05:09:49,滋賀県
滋賀県大津市の常勤看護職員／アシタバ・南天／社会福祉法人 近江笑生会新着,社会福祉法人近江笑生会,滋賀県大津市の常勤看護職員／アシタバ・南天／社会福祉法人,月給24万円～27万円,正社員,看護,求人ボックス,https://xn--pckua2a7gp15o89zb.com/jb/477215140855cc6cc1834fc0534675e1,True,9時間前,2026-10-03 05:09:49,滋賀県
無資格OK 病院での看護アシスタント新着,株式会社ウィルオブ・ワーク,滋賀県,"時給1,400円",派遣社員,看護,求人ボックス,https://xn--pckua2a7gp15o89zb.com/jb/7df9e5d20930833e2e26c93fe325b98e,True,19時間前,2026-10-03 05:09:51,滋賀県
ワンちゃん・ネコちゃんたちのお世話や接客のお仕事新着,ペットショップCoo&RIKU 滋賀草津店,滋賀県,"時給1,190円～",アルバイト・パート,看護,求人ボックス,https://xn--pckua2a7gp15o89zb.com/jb/630e0994a3bc6ba68c69ddd463268c78,True,10時間前,2026-10-03 05:09:51,滋賀県
ワンちゃん・ネコちゃんたちのお世話や接客のお仕事新着,ペットショップCoo&RIKU 東近江店,滋賀県,"時給1,190円～",アルバイト・パート,看護,求人ボックス,https://xn--pckua2a7gp15o89zb.com/jb/4cf183f6b9c04be1007b6967d93b75b2,True,10時間前,2026-10-03 05:09:51,滋賀県
ワンちゃん・ネコちゃんたちのお世話や接客のお仕事新着,ペットショップCoo&RIKU 長浜店,滋賀県,"時給1,190円～",アルバイト・パート,看護,求人ボックス,https://xn--pckua2a7gp15o89zb.com/jb/edec9740aad52adc6d4b9db3c6e9338d,True,10時間前,2026-10-03 05:09:51,滋賀県
訪問介護の介護職・ヘルパー／退職金制度&再雇用制度あり／家族手当支給／マイカー通勤可能／賞与あり新着,jobフレンド,滋賀県,月給19万円～24万円,正社員,看護,求人ボックス,https://xn--pckua2a7gp15o89zb.com/jb/d741f439155080500d5dad290b7ab8e0,True,22時間前,2026-10-03 05:09:51,滋賀県
滋賀県草津市の介護職員／介護福祉士新着,社会福祉法人恩賜財団 滋賀県済生会在宅支援センター,滋賀県草津市の介護職員／介護福祉士,"月給24万5,300円",正社員,看護,求人ボックス,https://xn--pckua2a7gp15o89zb.com/jb/2a34cf1ffa9f5c0c8592fc9072fc060a,True,9時間前,2026-10-03 05:09:51,滋賀県
滋賀県愛知郡愛荘町の老人ホームの施設長／管理者／職場見学可／HH愛荘／株式会社 ハピネライフ一光新着,株式会社ハピネライフ一光,滋賀県愛知郡愛荘町の老人ホームの施設長／管理者／職場見学可／HH愛荘／株式会社,"月給28万5,714円",正社員,看護,求人ボックス,https://xn--pckua2a7gp15o89zb.com/jb/8e914d5d94db791d559771557020828b,True,9時間前,2026-10-03 05:09:51,滋賀県
支援員／障害福祉事業所新着,社会福祉法人瑠璃光会 障害者支援施設るりこう園,滋賀県,"月給19万9,100円",正社員,看護,求人ボックス,https://xn--pckua2a7gp15o89zb.com/jb/b508f77e90c832bbe21926c8db84c90f,True,18時間前,2026-10-03 05:09:54,滋賀県
介護付きホームの看護スタッフ 日勤新着,ミモザ湘南平塚,滋賀県,"月給35万2,960円",正社員,看護,求人ボックス,https://xn--pckua2a7gp15o89zb.com/jb/21467f8e0c262a652071c489dd0144e1,True,4時間前,2026-10-03 05:09:54,滋賀県
住宅手当など各種手当が充実 訪問看護ステーションにて看護師新着,株式会社ミライリハ,滋賀県,"月給23万5,000円",正社員,看護,求人ボックス,https://xn--pckua2a7gp15o89zb.com/jb/1df6b53a93c096e8eb6b5f077dab0fdd,True,17時間前,2026-10-03 05:09:54,滋賀県
法人内保育あり!訪問看護ステーションでの看護師新着,社会福祉法人ひだまり,滋賀県,月給20万円～31万円,正社員,看護,求人ボックス,https://xn--pckua2a7gp15o89zb.com/jb/44b923f76e1575ccc79129e7e0efd305,True,17時間前,2026-10-03 05:09:54,滋賀県
看護師、普通自動車免許一種／草津市内を訪問 訪問看護ステーションにて看...新着,株式会社湖楓,滋賀県,"月給31万3,000円",正社員,看護,求人ボックス,https://xn--pckua2a7gp15o89zb.com/jb/81f726e112a4822e34cfa6109f8c8158,True,17時間前,2026-10-03 05:09:58,滋賀県
看護師新着,NSリヤンド株式会社,滋賀県,"時給1,500円～",アルバイト・パート,看護,求人ボックス,https://xn--pckua2a7gp15o89zb.com/jb/51c9ac444d8fa556bf70a665b09c5d04,True,20時間前,2026-10-03 05:09:58,滋賀県
看護業務／ショートステイ／夜勤のみ／高時給新着,株式会社スーパーナース,滋賀県,"時給2,100円～",派遣社員,看護,求人ボックス,https://xn--pckua2a7gp15o89zb.com/jbn/ab121326e0533213cba6f8fbff32400b,True,23時間前,2026-10-03 05:09:58,滋賀県
看護業務／特別養護老人ホーム／日勤のみ／短期新着,看護,滋賀県,"時給1,900円～",,看護,求人ボックス,https://xn--pckua2a7gp15o89zb.com/jbn/1782fec36a2fd6c8eee9eaa95bca6967,True,23時間前,2026-10-03 05:09:58,滋賀県
配食サービスの盛付け・配膳作業／経験不問／仮払い制度あり／シフト制新着,株式会社ワールドプラン,滋賀県,"時給1,100円～",派遣社員,看護,求人ボックス,https://xn--pckua2a7gp15o89zb.com/jbn/1814e698dcb35ea4a5d63500fedb8231,True,23時間前,2026-10-03 05:10:01,滋賀県
データ入力／20代活躍中・未経験OK／残業なし／賞与あり／オンライン面接新着,...前向きな気持ちで事務職デビューしたい方・仕事/プライベートのメリハリをつけたい方・スキル/資格を身につけ長期で活躍したい方ー こんな前職の方が入社中ー接客業/販売業/飲食/,滋賀県,"月給21万3,500円",正社員,看護,求人ボックス,https://xn--pckua2a7gp15o89zb.com/jbn/41d54cbdbc70524d1b532ccf55850940,True,23時間前,2026-10-03 05:10:01,滋賀県
一般事務「完全週休2日制・服装自由・正社員」20代活躍中・未経験歓迎／WEB選考新着,...前向きな気持ちで事務職デビューしたい方・仕事/プライベートのメリハリをつけたい方・スキル/資格を身につけ長期で活躍したい方ー こんな前職の方が入社中ー接客業/販売業/飲食/,滋賀県,"月給21万3,000円",正社員,看護,求人ボックス,https://xn--pckua2a7gp15o89zb.com/jbn/5e9a6818916fdd3e4aefc6f965f17a52,True,22時間前,2026-10-03 05:10:01,滋賀県
看護業務／クリニック・診療所／駅近／日勤のみ新着,...車通勤可能で駐車場代もかかりません! <・・・業務詳細・・・>(雇入れ直後)クリニック・診療所 クリニックでの外来業務・採血・処置・注射・点滴など(変更の範囲)変更なし 【対象となる方】<必要資,滋賀県,"時給2,000円～",アルバイト・パート,看護,求人ボックス,https://xn--pckua2a7gp15o89zb.com/jbn/8bc8cb0e72e1530d8dc73e828dec22c0,True,23時間前,2026-10-03 05:10:05,滋賀県
看護業務／訪問看護／駅近／日勤のみ／短期新着,看護,滋賀県,"時給2,100円～",,看護,求人ボックス,https://xn--pckua2a7gp15o89zb.com/jbn/740e126c7f64969a2e126828ec438636,True,23時間前,2026-10-03 05:10:05,滋賀県
看護業務／デイサービス／日勤のみ／高時給新着,...介護職との連携(食事・入浴介助の見守りなど)・送迎時の体調確認や移動時の見守り・ご家族・ケアマネジャーへの健康報告・機能訓練補助、感染予防の実施・指導(変更の範囲)変更なし 【対象となる方】<必,滋賀県,"時給1,700円～",,看護,求人ボックス,https://xn--pckua2a7gp15o89zb.com/jbn/fe2bee847dabbdd1a590c247c8d5fc3f,True,23時間前,2026-10-03 05:10:05,滋賀県
看護業務／病棟／療養／駅近／2交替／短期新着,看護師,滋賀県,"時給2,200円～",,看護,求人ボックス,https://xn--pckua2a7gp15o89zb.com/jbn/d02adc203be8ffb075467790e58c7f6b,True,23時間前,2026-10-03 05:10:05,滋賀県
”地方”からの転職者多数／関東で経理・事務スタッフ新着,株式会社OOQ,滋賀県,"月給20万5,000円",正社員,経理,求人ボックス,https://xn--pckua2a7gp15o89zb.com/jb/71b4630fca3bae6836635453c2c0c89f,True,15時間前,2026-10-03 05:09:48,滋賀県
滋賀県大津市の経理・総務事務／浜大津新着,株式会社ウェルクリエイト,滋賀県大津市の経理・総務事務／浜大津,月給21万円～25万,正社員,経理,求人ボックス,https://xn--pckua2a7gp15o89zb.com/jb/465bcb6147160d8ac29055b03a40a61b,True,9時間前,2026-10-03 05:09:48,滋賀県
経理・財務 ／ 一般事務・OA事務 ／ピカピカofficeでコツコツ経理事務新着,パーソルテンプスタッフ株式会社,滋賀県,"時給1,600円",派遣社員,経理,求人ボックス,https://xn--pckua2a7gp15o89zb.com/jb/982a0463b5a285ec656cd4debf3f9831,True,21時間前,2026-10-03 05:09:48,滋賀県
経理事務／17時まで時短OK／少しの経験でOK／経理サポート 車OK新着,マンパワーグループ株式会社,滋賀県,"時給1,450円",派遣社員,経理,求人ボックス,https://xn--pckua2a7gp15o89zb.com/jb/9cc79ac761426b0e0b0aa11dc313bd41,True,2時間前,2026-10-03 05:09:48,滋賀県
10時～15時／週2～3日勤務／土日祝休み／経験を活かせる／経理新着,株式会社nadeshico,滋賀県,"時給1,140円～",アルバイト・パート,経理,求人ボックス,https://xn--pckua2a7gp15o89zb.com/jb/9ef5b68f37f53fd32c6ca9bcdfa6e3b5,True,4時間前,2026-10-03 05:09:48,滋賀県
オフィスワーク :未経験歓迎新着,株式会社Progress Group,滋賀県,"月給18万4,000円",契約社員,経理,求人ボックス,https://xn--pckua2a7gp15o89zb.com/jb/61485515f1dbd474cb0e2e70b39426f8,True,10時間前,2026-10-03 05:09:49,滋賀県
未経験からはじめる事務スタッフ／マンパワーGの安定雇用!土日祝休 賞与有／月給191000円新着,株式会社ディンプル,滋賀県,月給191000円,正社員,経理,求人ボックス,https://xn--pckua2a7gp15o89zb.com/jb/7897060f56e1a8b952d6968945f9777f,True,11時間前,2026-10-03 05:09:49,滋賀県
応募者対応や日程調整など簡単作業が中心!未経験から挑戦しやすい採用サポート事務のお仕事新着,経理,滋賀県,"月給26万7,000円",正社員,経理,求人ボックス,https://xn--pckua2a7gp15o89zb.com/jbn/d0fe86d3b6321a12c1b77320e3d9ab7b,True,11時間前,2026-10-03 05:09:49,滋賀県
データ入力・事務／充実の研修で安心スタート!／教育体制あり／土日祝休み新着,事務,滋賀県,"月給21万6,500円",正社員,経理,求人ボックス,https://xn--pckua2a7gp15o89zb.com/jbn/e57763ef23458b1f41a04d17535b0597,True,6時間前,2026-10-03 05:09:49,滋賀県
即日Start／社員化実績あり 学校で事務サポート 時給1350円新着,経理・,滋賀県,時給1350円,派遣社員,経理,求人ボックス,https://xn--pckua2a7gp15o89zb.com/jb/1bf7aca547f8507e2e00a47523ac039f,True,13時間前,2026-10-03 05:09:52,滋賀県
"経理・会計データ入力スタッフ／時給1,500円～／土日祝休み／経験を活かせる税理士法人の事務新着",経理・,滋賀県,"時給1,500円～",アルバイト・パート,経理,求人ボックス,https://xn--pckua2a7gp15o89zb.com/jb/ca2585e8e1b3da4f6b879691e266af88,True,4時間前,2026-10-03 05:09:52,滋賀県
事務正社員／丁寧な教育体制／福利厚生充実／若手中心／未経験OK／完全週休2日制新着,株式会社ホワイトキャリア,滋賀県,"月給22万5,000円",正社員,経理,求人ボックス,https://xn--pckua2a7gp15o89zb.com/jbn/a233b0e3aedaeb553b3727c097e26348,True,6時間前,2026-10-03 05:09:52,滋賀県
一般事務／土日休み／日勤専属／車通勤／長期新着,株式会社グロップ,滋賀県,月給25万円,派遣社員,経理,求人ボックス,https://xn--pckua2a7gp15o89zb.com/jb/6a4b0e3611fc54f35b0ce250cdba8a28,True,5時間前,2026-10-03 05:09:52,滋賀県
未経験から人気の事務職へ!PCの基本入力ができればOK!土日祝休み&1日4時間以内の短時間もできます新着,夏原工業株式会社 BP事業室,滋賀県,"時給1,200円～",派遣社員,経理,求人ボックス,https://xn--pckua2a7gp15o89zb.com/jb/689659de32b2e7aa4425b1877b56e78f,True,23時間前,2026-10-03 05:09:52,滋賀県
滋賀県彦根市の事務職員／正職員・法人総務／管理者候補／主任／社会福祉法人 大樹会新着,社会福祉法人大樹会,滋賀県彦根市の事務職員／正職員・法人総務／管理者候補／主任／社会福祉法人,"月給20万2,500円",正社員,経理,求人ボックス,https://xn--pckua2a7gp15o89zb.com/jb/4f88e70189fa1820e8faf3dce3a78e1b,True,9時間前,2026-10-03 05:09:52,滋賀県
仕訳入力などの日常経理メイン／決算対応なし／18時ぴた新着,株式会社ジンキャスト,滋賀県,"時給1,600円～1,650円",派遣社員,経理,求人ボックス,https://xn--pckua2a7gp15o89zb.com/jb/5e906192fca2d69e5d66fbf26f1a2263,True,14時間前,2026-10-03 05:09:55,滋賀県
事務・人事事務／データ入力・経験に自信がなくてもOK新着,JHR株式会社,滋賀県,月給25万円～40万円,正社員,経理,求人ボックス,https://xn--pckua2a7gp15o89zb.com/jb/8910b9235f4f79d3a2cef585196b04c8,True,20時間前,2026-10-03 05:09:55,滋賀県
「事務正社員」／充実の研修で安心スタート!／完全週休2日制／50万円稼げる／残業月10時間以下新着,事務,滋賀県,"月給21万6,500円",正社員,経理,求人ボックス,https://xn--pckua2a7gp15o89zb.com/jbn/81951e9fbe70ebe7f00f170d193b381a,True,6時間前,2026-10-03 05:09:55,滋賀県
「事務正社員」／残業月10時間以下／充実の研修で安心スタート!／50万円稼げる／財務・事務／高収入新着,事務,滋賀県,"月給21万6,500円",正社員,経理,求人ボックス,https://xn--pckua2a7gp15o89zb.com/jbn/4e84ae6bd0942adb97082b8937bc1f2e,True,6時間前,2026-10-03 05:09:55,滋賀県
初めてでも安心!フォーマット通りのシンプル事務で月収25〜35万円可新着,事務,滋賀県,月給26万円～27万,正社員,経理,求人ボックス,https://xn--pckua2a7gp15o89zb.com/jbn/15da800c1591a87e3b1c18b3c37ffda6,True,11時間前,2026-10-03 05:09:55,滋賀県
「事務アシスタント」／残業月10時間以下／充実の研修で安心スタート!／MAX給与50万可能／高収入新着,事務,滋賀県,"月給21万6,500円",正社員,経理,求人ボックス,https://xn--pckua2a7gp15o89zb.com/jbn/37259d2067a47825a49a1f9c9dfbbd69,True,6時間前,2026-10-03 05:09:55,滋賀県
「事務職」／残業月10時間以下／充実の研修で安心スタート!／MAX給与50万可能／営業事務／高収入新着,事務,滋賀県,"月給21万6,500円",正社員,経理,求人ボックス,https://xn--pckua2a7gp15o89zb.com/jbn/231f14ec2276aa96642c5bed679b516a,True,6時間前,2026-10-03 05:09:58,滋賀県
オペレーション 施設管理 スタッフ新着,パーソルビジネスプロセスデザイン株式会社,滋賀県,"時給1,319円～",アルバイト・パート,経理,求人ボックス,https://xn--pckua2a7gp15o89zb.com/jb/6ef2f61aed977ad7f2b6d75bc6bea9e2,True,2時間前,2026-10-03 05:09:58,滋賀県
人と地域を結ぶ JA職員 賞与実績4.35ヶ月分 年間休日122日新着,レーク滋賀農業協同組合,滋賀県,月給18万円～24万,正社員,経理,求人ボックス,https://xn--pckua2a7gp15o89zb.com/jb/a593017b6830c0530bc7240e3e992c9e,True,23時間前,2026-10-03 05:09:58,滋賀県
ディスカウントストアの店舗販売職新着,大黒天物産株式会社 ラ・ムー豊郷店,滋賀県,"月給20万9,000円",正社員,経理,求人ボックス,https://xn--pckua2a7gp15o89zb.com/jb/2f23ef9ac60b72f72e37f553cfa0fc06,True,22時間前,2026-10-03 05:09:58,滋賀県
ディスカウントストアの店舗販売職新着,大黒天物産株式会社 ラ・ムー守山店,滋賀県,"月給20万9,000円",正社員,経理,求人ボックス,https://xn--pckua2a7gp15o89zb.com/jb/df38efab40b003bf62d0ad4a2744990a,True,22時間前,2026-10-03 05:09:58,滋賀県
ディスカウントストアの店舗販売職新着,大黒天物産株式会社 ラ・ムー彦根平田店,滋賀県,"月給20万9,000円",正社員,経理,求人ボックス,https://xn--pckua2a7gp15o89zb.com/jb/c06957b446fccd1ef853dc5501395e6f,True,22時間前,2026-10-03 05:09:58,滋賀県
ディスカウントストアの店舗販売職新着,大黒天物産株式会社 ラ・ムー近江八幡店,滋賀県,"月給20万9,000円",正社員,経理,求人ボックス,https://xn--pckua2a7gp15o89zb.com/jb/5b4c18bc259cc67481c7949f536238df,True,22時間前,2026-10-03 05:10:01,滋賀県
ディスカウントストアの店舗販売職新着,大黒天物産株式会社 ラ・ムー草津店,滋賀県,"月給20万9,000円",正社員,経理,求人ボックス,https://xn--pckua2a7gp15o89zb.com/jb/479889ca102a23b58114e5ae8ee7cc46,True,22時間前,2026-10-03 05:10:01,滋賀県
ディスカウントストアの店舗販売職新着,大黒天物産株式会社 ラ・ムー雄琴店,滋賀県,"月給20万9,000円",正社員,経理,求人ボックス,https://xn--pckua2a7gp15o89zb.com/jb/af95c564001dafd6b6636d44dcc31033,True,22時間前,2026-10-03 05:10:01,滋賀県
ディスカウントストアの店舗販売職新着,大黒天物産株式会社 ラ・ムー瀬田店,滋賀県,"月給20万9,000円",正社員,経理,求人ボックス,https://xn--pckua2a7gp15o89zb.com/jb/d681195e5472b91c7bdd5373787b85a4,True,22時間前,2026-10-03 05:10:01,滋賀県
ディスカウントストアの店舗販売職新着,大黒天物産株式会社 ラ・ムー長浜店,滋賀県,"月給20万9,000円",正社員,経理,求人ボックス,https://xn--pckua2a7gp15o89zb.com/jb/263755371d310ebeae1b001b0e72d64d,True,22時間前,2026-10-03 05:10:01,滋賀県
ディスカウントストアの店舗販売職新着,大黒天物産株式会社 ラ・ムー湖南店,滋賀県,"月給20万9,000円",正社員,経理,求人ボックス,https://xn--pckua2a7gp15o89zb.com/jb/9dcc52a4c1040d422cd82406cfb4a11c,True,22時間前,2026-10-03 05:10:01,滋賀県
ディスカウントストアの店舗販売職新着,大黒天物産株式会社 ラ・ムー愛荘店,滋賀県,"月給20万9,000円",正社員,経理,求人ボックス,https://xn--pckua2a7gp15o89zb.com/jb/799bd6e8ad53eafbddecd4025d3703a7,True,22時間前,2026-10-03 05:10:01,滋賀県
「経理事務」正社員・ネイルOK／20代活躍中・未経験歓迎／年間休日12...新着,経理,滋賀県,"月給21万3,500円",正社員,経理,求人ボックス,https://xn--pckua2a7gp15o89zb.com/jbn/da3874a33fd28463341976710107af23,True,23時間前,2026-10-03 05:10:04,滋賀県
経理事務「正社員・ネイルOK・服装自由」20代活躍中・未経験OK l新着,経理,滋賀県,"月給21万2,500円",正社員,経理,求人ボックス,https://xn--pckua2a7gp15o89zb.com/jbn/e00212e98502272bef8e2294c57a1b7f,True,21時間前,2026-10-03 05:10:04,滋賀県
経理事務／未経験歓迎「土日祝休み・電話対応少なめ・ネイルOK」新着,こんな経験をお持ちの方も歓迎,滋賀県,"月給21万1,900円",正社員,経理,求人ボックス,https://xn--pckua2a7gp15o89zb.com/jbn/e70c62e77b640277ee945b50a6fd5d35,True,22時間前,2026-10-03 05:10:04,滋賀県
データ入力事務／充実の研修で安心スタート!／採用強化中／未経験でも安心新着,<求める人物像>・オンオフのメリハリをつけて働きたい・イチから,滋賀県,月給19万500円,正社員,経理,求人ボックス,https://xn--pckua2a7gp15o89zb.com/jbn/b5597c122cee6324ef78d2c4a7423cfc,True,23時間前,2026-10-03 05:10:04,滋賀県
データ入力新着,事務,滋賀県,"月給17万6,000円",,経理,求人ボックス,https://xn--pckua2a7gp15o89zb.com/jb/fcf57f1099469af82981195cdcd7034f,True,12時間前,2026-10-03 05:10:04,滋賀県
オフィスワーク／週休完全2日制／服装自由／昇給賞与アリ／マニュアル完備／安定収入新着,事務,滋賀県,月給23万円～50万円,正社員,経理,求人ボックス,https://xn--pckua2a7gp15o89zb.com/jbn/a356413b7240ef7ecd622d1ffa5080da,True,23時間前,2026-10-03 05:10:04,滋賀県
「販売職からの転職組が8割」／立ち仕事の疲れとは無縁。冷暖房完備のオフィスで腰を据えて働く一般事務新着,事務,滋賀県,月給23万円～50万円,正社員,経理,求人ボックス,https://xn--pckua2a7gp15o89zb.com/jbn/d2372c0cba4f40c7dfc6d2a6bfdf5ee4,True,23時間前,2026-10-03 05:10:04,滋賀県
IT事務のお仕事はデータ入力からスタート／研修あり／土日祝休み／年休120日以上新着,事務,滋賀県,月給25万円～50万円,正社員,経理,求人ボックス,https://xn--pckua2a7gp15o89zb.com/jbn/aab6228a30b705ba023ed1e2617db1ab,True,17時間前,2026-10-03 05:10:08,滋賀県
データ入力から始まるIT事務／研修あり／土日祝休み／年間休日120日以上／未経験8割超新着,事務,滋賀県,月給25万円～50万円,正社員,経理,求人ボックス,https://xn--pckua2a7gp15o89zb.com/jbn/73cd2c388c2998e49b83cf3df86ea8ad,True,17時間前,2026-10-03 05:10:08,滋賀県
データ入力から始めるIT事務／土日祝休み／年間休日120日以上新着,事務,滋賀県,月給25万円～50万円,正社員,経理,求人ボックス,https://xn--pckua2a7gp15o89zb.com/jbn/16ca1634a0370c9539f67d67258ccebb,True,17時間前,2026-10-03 05:10:08,滋賀県
未経験スタート8割超のIT事務／データ入力から／土日祝休み／年間休日120日以上新着,事務,滋賀県,月給25万円～50万円,正社員,経理,求人ボックス,https://xn--pckua2a7gp15o89zb.com/jbn/317cb4754007d0f43b96c4af8fb0628b,True,17時間前,2026-10-03 05:10:08,滋賀県
データ入力から始められるIT事務／充実の研修／土日祝休み／年間休日120日以上新着,事務,滋賀県,月給25万円～50万円,正社員,経理,求人ボックス,https://xn--pckua2a7gp15o89zb.com/jbn/2f0584a8c1f26fd3e3ef86f17be265a1,True,17時間前,2026-10-03 05:10:08,滋賀県
新しい一歩はデータ入力から!研修ありのIT事務／土日祝休み／年間休日120日以上新着,事務,滋賀県,月給25万円～50万円,正社員,経理,求人ボックス,https://xn--pckua2a7gp15o89zb.com/jbn/0ddab1ae56747b6c30bda925bbd549e1,True,17時間前,2026-10-03 05:10:08,滋賀県
研修あり／データ入力から始めるIT事務／土日祝休み／年間休日120日以上新着,事務,滋賀県,月給25万円～50万円,正社員,経理,求人ボックス,https://xn--pckua2a7gp15o89zb.com/jbn/3e8e4512d21c9f3dd92b0ebb4c926221,True,17時間前,2026-10-03 05:10:08,滋賀県
未経験でも安心!データ入力から始めるIT事務／研修あり／土日祝休み／年間休日120日以上新着,事務,滋賀県,月給25万円～50万円,正社員,経理,求人ボックス,https://xn--pckua2a7gp15o89zb.com/jbn/ab693e291002063f5142ed16f420bfe7,True,17時間前,2026-10-03 05:10:11,滋賀県
土日祝休み&年間休日120日以上／研修ありのIT事務／データ入力からスタート新着,事務,滋賀県,月給25万円～50万円,正社員,経理,求人ボックス,https://xn--pckua2a7gp15o89zb.com/jbn/6e1f77db88d1a1e5591b56a53844161d,True,17時間前,2026-10-03 05:10:11,滋賀県
「ITに関わりたい」を叶える、データ入力からのIT事務／研修あり／土日祝休み／年間休日120日以上新着,事務,滋賀県,月給25万円～50万円,正社員,経理,求人ボックス,https://xn--pckua2a7gp15o89zb.com/jbn/4cd823d533c6f07db4ae332a87a62323,True,17時間前,2026-10-03 05:10:11,滋賀県
「毎日帰れる近距離ルート配送」近距離の大型トラックドライバー／昇給あり新着,司関西株式会社,滋賀県,月給32万円～42万円,正社員,ドライバー,求人ボックス,https://xn--pckua2a7gp15o89zb.com/jbn/c32531fe03e7ad968f4752fc3d22334f,True,22時間前,2026-10-03 05:09:57,滋賀県
月収38.5万円保証!ロイヤリティー代無料 大手EC配送ドライバー新着,五ツ星ロジ株式会社,滋賀県,"月給38万5,000円",,ドライバー,求人ボックス,https://xn--pckua2a7gp15o89zb.com/jbi/a588e33f6e4131e3d3636d33311b5954,True,21時間前,2026-10-03 05:09:57,滋賀県
"「大型ドライバー」高時給1,600円!滋賀県内の近距離配送新着",株式会社リンクアップ,滋賀県内の近距離配送,"時給1,600円",派遣社員,ドライバー,求人ボックス,https://xn--pckua2a7gp15o89zb.com/jb/ac7bfa69ec685d9a380e3bfeae77ad45,True,23時間前,2026-10-03 05:09:57,滋賀県
"入社祝い金30,000円／月給210,200円／送迎ドライバー新着",株式会社ジャパンリリーフ送迎サポート,滋賀県,"月給210,200円",契約社員,ドライバー,求人ボックス,https://xn--pckua2a7gp15o89zb.com/jb/60993904d8a9d231dd0232fe3ee3de28,True,22時間前,2026-10-03 05:09:58,滋賀県
長浜～犬上郡間の送迎ドライバー／普通運転免許でOK!年齢不問!新着,株式会社プラスト,滋賀県,"時給1,150円～",アルバイト・パート,ドライバー,求人ボックス,https://xn--pckua2a7gp15o89zb.com/jb/fc028a3ae8db2aa5cb23f98afd6dfc8f,True,23時間前,2026-10-03 05:09:58,滋賀県
長距離大型ウイング車ドライバー 滋賀新着,株式会社イーテック物流,滋賀県,月給43万円～50万円,正社員,ドライバー,求人ボックス,https://xn--pckua2a7gp15o89zb.com/jb/2cad83a857996c65bcc1e9e1462e3cc5,True,3時間前,2026-10-03 05:09:58,滋賀県
食品の店舗配送ドライバー新着,株式会社ジャパン・リリーフ,滋賀県,"時給1,500円～",派遣社員,ドライバー,求人ボックス,https://xn--pckua2a7gp15o89zb.com/jbn/ddaa91a79cebddd8c3d994d956e2e75e,True,18時間前,2026-10-03 05:09:58,滋賀県
産業廃棄物の収集運搬ドライバー新着,近畿環境保全株式会社,滋賀県,"時給1,200円～",アルバイト・パート,ドライバー,求人ボックス,https://xn--pckua2a7gp15o89zb.com/jb/c9edff201806ebc614ccd356e55221f0,True,13時間前,2026-10-03 05:09:58,滋賀県
滋賀県守山市の4tトラックドライバー／守山営業所／株式会社 山上運輸新着,株式会社山上運輸,滋賀県守山市の4tトラックドライバー／守山営業所／株式会社,月給35万円～45万円,正社員,ドライバー,求人ボックス,https://xn--pckua2a7gp15o89zb.com/jb/d6572948b48a0ac1cf457a19427db85c,True,9時間前,2026-10-03 05:10:02,滋賀県
年収600万円以上可 未経験から始めるクロネコヤマトのセールスドライバー新着,ヤマト運輸株式会社,滋賀県,"月給21万1,590円",正社員,ドライバー,求人ボックス,https://xn--pckua2a7gp15o89zb.com/jb/f11ea9562163362eb229db8f0e05e998,True,5時間前,2026-10-03 05:10:02,滋賀県
滋賀県長浜市の大型トラックドライバー新着,鈴木産業株式会社,滋賀県長浜市の大型トラックドライバー,月給30万円～35万円,正社員,ドライバー,求人ボックス,https://xn--pckua2a7gp15o89zb.com/jb/7726ec8cccf51cce88de5d755625aa83,True,9時間前,2026-10-03 05:10:02,滋賀県
大型車にてレトルト食品の配送 集荷ドライバー／未経験OK／週払いOK新着,株式会社ドライブトライブ,滋賀県,"日給1万5,600円",派遣社員,ドライバー,求人ボックス,https://xn--pckua2a7gp15o89zb.com/jb/c21fb1e0ed7c36f2eb32bf87337a3e3f,True,19時間前,2026-10-03 05:10:02,滋賀県
トヨタ一次請けの大型トラックドライバー新着,名古屋東部陸運株式会社,滋賀県,月給31万円～45万円,正社員,ドライバー,求人ボックス,https://xn--pckua2a7gp15o89zb.com/jb/f18a48dd8d1dda7fd28e2f0f9099e4af,True,3時間前,2026-10-03 05:10:02,滋賀県
滋賀県甲賀市の大型ドライバー／水口工場／巖本金属 株式会社新着,巖本金属株式会社,滋賀県甲賀市の大型ドライバー／水口工場／巖本金属,月給27万円～45万円,正社員,ドライバー,求人ボックス,https://xn--pckua2a7gp15o89zb.com/jb/822271eca5b1867333b0fdedac09754d,True,9時間前,2026-10-03 05:10:02,滋賀県
滋賀県大津市の4tトラックドライバー／中型／株式会社 京都井口組新着,株式会社京都井口組,滋賀県大津市の4tトラックドライバー／中型／株式会社,月給32万円～40万円,正社員,ドライバー,求人ボックス,https://xn--pckua2a7gp15o89zb.com/jb/336112ad6e4b8cb643ad7afc7221c882,True,9時間前,2026-10-03 05:10:02,滋賀県
長距離大型トラックドライバー 10t新着,桜花運輸株式会社,滋賀県,月給36万円～,正社員,ドライバー,求人ボックス,https://xn--pckua2a7gp15o89zb.com/jb/9f0c031076992cf13e0c1b2b510da633,True,8時間前,2026-10-03 05:10:02,滋賀県
未経験歓迎!ドライバーを使用して部品の組立・検査・機械操作新着,フジアルテ株式会社,滋賀県,"時給1,250円～",派遣社員,ドライバー,求人ボックス,https://xn--pckua2a7gp15o89zb.com/jb/8935d22245bf6129e9ef5b16f97039ee,True,3時間前,2026-10-03 05:10:05,滋賀県
専門技術を持った馬運車ドライバー新着,東海馬匹輸送株式会社,滋賀県,年収550万円～650万円,正社員,ドライバー,求人ボックス,https://xn--pckua2a7gp15o89zb.com/jb/6db2a4bc862a3e0edff6860794a3d14e,True,13時間前,2026-10-03 05:10:05,滋賀県
シフォンケーキの店舗配送ドライバー／朝・夜の短時間／Wワーク歓迎新着,お弁当仕出し 一汁三菜 守山店,滋賀県,"時給1,103円～",アルバイト・パート,ドライバー,求人ボックス,https://xn--pckua2a7gp15o89zb.com/jbn/7cd051b7b0a1d84e0157551733ab5546,True,18時間前,2026-10-03 05:10:05,滋賀県
20～40代活躍中／介護施設の送迎ドライバー／週払い可 近江八幡市のデ...新着,株式会社なかむら企画／WORK介護しが,滋賀県,"時給1,200円",派遣社員,ドライバー,求人ボックス,https://xn--pckua2a7gp15o89zb.com/jb/d9818a6592cfd6578488a733e17b9636,True,13時間前,2026-10-03 05:10:05,滋賀県
配送スタッフ／一般貨物のフリー便／手積み手降ろしなし新着,株式会社ヨコタエンタープライズ,滋賀県,月給36万円～38万円,正社員,ドライバー,求人ボックス,https://xn--pckua2a7gp15o89zb.com/jb/722ff8a1d1473766fbb397262b661d40,True,7時間前,2026-10-03 05:10:05,滋賀県
「モクモク軽作業!」機械の組み立てスタッフ／20代から30代活躍中!／資格取得支援あり新着,株式会社日本ケイテム,滋賀県,"時給1,200円～",派遣社員,ドライバー,求人ボックス,https://xn--pckua2a7gp15o89zb.com/jbn/cf26ed7625c4f1444c3bf4fdfd1b4e3f,True,20時間前,2026-10-03 05:10:05,滋賀県
社内スタッフの送迎運転手／日曜は固定でお休み／朝のみの短時間新着,近江コネクト株式会社,滋賀県,"時給1,300円",アルバイト・パート,ドライバー,求人ボックス,https://xn--pckua2a7gp15o89zb.com/jb/72234c6f51d795ca42a9faa52dd28539,True,12時間前,2026-10-03 05:10:05,滋賀県
軽作業全般新着,CONV,滋賀県,"月給24万5,000円",正社員,ドライバー,求人ボックス,https://xn--pckua2a7gp15o89zb.com/jb/91a1f7b6aced918c1c6f7645b8b0af36,True,5時間前,2026-10-03 05:10:08,滋賀県
経験不問!毎日帰れる日帰り運行で家族と過ごす時間もしっかり確保新着,株式会社NEW LIFE,滋賀県,月給30万円～36万円,正社員,ドライバー,求人ボックス,https://xn--pckua2a7gp15o89zb.com/jb/d385dd4da8fd00e57434ea5df59b91a8,True,11時間前,2026-10-03 05:10:08,滋賀県
事務正社員／丁寧な教育体制／未経験OK／教育体制あり／福利厚生充実／若手中心新着,株式会社ホワイトキャリア,滋賀県,"月給22万4,000円",正社員,ドライバー,求人ボックス,https://xn--pckua2a7gp15o89zb.com/jbn/e4a8d1e03b59adbff0368027d4d68a23,True,6時間前,2026-10-03 05:10:08,滋賀県
新生活にもなじみやすい製造職!／折りたたみチェア金具の検品梱包スタッフ／若手活躍中新着,...手順書に沿って進めるシンプル工程 未経験向けの研修・フォローあり コツコツ確認する作業が多め 精密部品を扱うため、落ち着いて確認する作業が多めです。 異業種からの転職も歓迎/販売・接客・事務・軽,滋賀県,"月給40万1,000円",正社員,ドライバー,求人ボックス,https://xn--pckua2a7gp15o89zb.com/jbn/d13c822524fbc63138996214caa7aa98,True,12時間前,2026-10-03 05:10:08,滋賀県
長く働ける安定ワーク!／電車内表示器パーツの仕上げスタッフ／月収40万以上可／年間休日125日以上新着,...マニュアル通りに進めるシンプル工程 先輩スタッフのフォローあり 細かい確認や軽い部品作業が中心 日勤中心で生活リズムを整えやすい職場です。 未経験・異業種からの転職も歓迎/接客・販売・事務・,滋賀県,"月給41万5,000円",正社員,ドライバー,求人ボックス,https://xn--pckua2a7gp15o89zb.com/jbn/eb3b0cd79a6a5ecd49745f4238b2b383,True,12時間前,2026-10-03 05:10:11,滋賀県
人気メーカー系の製造サポート!／光ファイバー接続部品の製造オペレーター／社宅相談可／高収入可新着,...マニュアル通りに進めるシンプル工程 先輩スタッフのフォローあり 細かい確認や軽い部品作業が中心 配属工程により検査・組立・梱包を分担します。 未経験・異業種からの転職も歓迎/接客・販売・事務・,滋賀県,"月給34万5,000円",正社員,ドライバー,求人ボックス,https://xn--pckua2a7gp15o89zb.com/jbn/ab4e8f716559d755f12069dd385b95dc,True,12時間前,2026-10-03 05:10:11,滋賀県
「しっかり稼げて月給30万円以上も」／サングラスケースの検品・箱詰め／単純作業中心／力仕事少なめ新着,株式会社Tetote,滋賀県,月給30万円,正社員,ドライバー,求人ボックス,https://xn--pckua2a7gp15o89zb.com/jbn/e209ff932693d9e77b9bcf51778787f8,True,15時間前,2026-10-03 05:10:11,滋賀県
軽い部品中心で始めやすい!／ゲームカードケースの加工補助スタッフ／月収40万以上可／残業少なめ新着,...手順書に沿って進めるシンプル工程 未経験向けの研修・フォローあり コツコツ確認する作業が多め 精密部品を扱うため、落ち着いて確認する作業が多めです。 異業種からの転職も歓迎/販売・接客・事務・軽,滋賀県,"月給37万4,000円",正社員,ドライバー,求人ボックス,https://xn--pckua2a7gp15o89zb.com/jbn/e6960effe56869a01b88bece9ee7028d,True,12時間前,2026-10-03 05:10:11,滋賀県
男女問わず活躍できる製造職!／蓄電池ケース部品の組立スタッフ／若手活躍中／長期休暇あり新着,...マニュアル通りに進めるシンプル工程 先輩スタッフのフォローあり 細かい確認や軽い部品作業が中心 日勤中心で生活リズムを整えやすい職場です。 未経験・異業種からの転職も歓迎/接客・販売・事務・,滋賀県,"月給38万6,000円",正社員,ドライバー,求人ボックス,https://xn--pckua2a7gp15o89zb.com/jbn/735c5a965820fc2ad89c9438a7abf5bc,True,12時間前,2026-10-03 05:10:15,滋賀県
趣味の商品づくりに携われる!／ヨガブロックの部品セットスタッフ／福利厚生充実／長期休暇あり新着,...手順書に沿って進めるシンプル工程 未経験向けの研修・フォローあり コツコツ確認する作業が多め 組立から検査、梱包まで工程を分けて担当します。 異業種からの転職も歓迎/販売・接客・事務・軽作業・,滋賀県,月給35万円～42万,正社員,ドライバー,求人ボックス,https://xn--pckua2a7gp15o89zb.com/jbn/4121d851000b6700a22b79fe8bbcc1a5,True,12時間前,2026-10-03 05:10:15,滋賀県
毎日使うものを支える工場勤務!／携帯ゲーム機カバーの出荷前確認スタッフ／20代活躍中新着,...手順書に沿って進めるシンプル工程 未経験向けの研修・フォローあり コツコツ確認する作業が多め 組立から検査、梱包まで工程を分けて担当します。 異業種からの転職も歓迎/販売・接客・事務・軽作業・,滋賀県,"月給35万6,000円",正社員,ドライバー,求人ボックス,https://xn--pckua2a7gp15o89zb.com/jbn/a3e1799f3225f0513a08071c1c8d925b,True,12時間前,2026-10-03 05:10:15,滋賀県
スキルより丁寧さ重視!／小型プリンター部品の製造スタッフ／20代活躍中／残業少なめ／組立検査あり新着,...マニュアル通りに進めるシンプル工程 先輩スタッフのフォローあり 細かい確認や軽い部品作業が中心 日勤中心で生活リズムを整えやすい職場です。 未経験・異業種からの転職も歓迎/接客・販売・事務・,滋賀県,"月給38万9,000円",正社員,ドライバー,求人ボックス,https://xn--pckua2a7gp15o89zb.com/jbn/911dcf99b5e739af8dce8eec88058569,True,12時間前,2026-10-03 05:10:15,滋賀県
「ものづくりの技術が身につく」／住宅用建材の製造スタッフ／残業ほぼなし／社宅あり／単純作業中心新着,三陽工業株式会社,滋賀県,月給19万円～37万円,正社員,ドライバー,求人ボックス,https://xn--pckua2a7gp15o89zb.com/jbn/9bc26e3bd83cc77cbac980475ef812b6,True,14時間前,2026-10-03 05:10:18,滋賀県
安定企業で製造スタッフ募集!／半導体搬送トレーの組付けスタッフ／福利厚生充実／引越しサポートあり新着,...マニュアル通りに進めるシンプル工程 先輩スタッフのフォローあり 細かい確認や軽い部品作業が中心 配属工程により検査・組立・梱包を分担します。 未経験・異業種からの転職も歓迎/接客・販売・事務・,滋賀県,"月給35万5,000円",正社員,ドライバー,求人ボックス,https://xn--pckua2a7gp15o89zb.com/jbn/4289aebb2dc94bd9ce1d9e48958bdf10,True,12時間前,2026-10-03 05:10:18,滋賀県
身近なアイテムを作る製造ワーク!／ボールペン替え芯ケースの部品セットスタッフ／研修充実／未経験歓迎新着,...手順書に沿って進めるシンプル工程 未経験向けの研修・フォローあり コツコツ確認する作業が多め 作業スピードよりも、正確に続ける姿勢を大切にしています。 異業種からの転職も歓迎/販売・接客・事務・,滋賀県,"月給34万9,000円",正社員,ドライバー,求人ボックス,https://xn--pckua2a7gp15o89zb.com/jbn/6b9b89334d73b5bb2118cbd578be392c,True,12時間前,2026-10-03 05:10:18,滋賀県
未経験から日用品づくりに挑戦!／自転車スマホホルダーの検品梱包スタッフ／年間休日135日以上新着,...手順書に沿って進めるシンプル工程 未経験向けの研修・フォローあり コツコツ確認する作業が多め 精密部品を扱うため、落ち着いて確認する作業が多めです。 異業種からの転職も歓迎/販売・接客・事務・軽,滋賀県,月給39万円～44万,正社員,ドライバー,求人ボックス,https://xn--pckua2a7gp15o89zb.com/jbn/e8ed6b851adcab0494acacbec333b3bd,True,12時間前,2026-10-03 05:10:21,滋賀県
新生活にもなじみやすい製造職!／自転車ドリンクホルダーの組立スタッフ／学歴不問／若手活躍中／検品あり新着,...手順書に沿って進めるシンプル工程 未経験向けの研修・フォローあり コツコツ確認する作業が多め 組立から検査、梱包まで工程を分けて担当します。 異業種からの転職も歓迎/販売・接客・事務・軽作業・,滋賀県,月給35万円～38万,正社員,ドライバー,求人ボックス,https://xn--pckua2a7gp15o89zb.com/jbn/ba7a5315c2f26883cd662a353093b193,True,12時間前,2026-10-03 05:10:21,滋賀県
軽作業スタッフ／ブランクOK／月収30万円以上／ゲーム機の組立／自分のペースで／製造新着,株式会社MONOLITH,滋賀県,月給30万円～34万円,正社員,ドライバー,求人ボックス,https://xn--pckua2a7gp15o89zb.com/jbn/a8329a97bfa487ae05428641913375ff,True,23時間前,2026-10-03 05:10:21,滋賀県
住まいも仕事もまとめて安心!／食品包装フィルム部材の製造補助／未経験歓迎／学歴不問／出荷前チェック新着,...マニュアル通りに進めるシンプル工程 先輩スタッフのフォローあり 細かい確認や軽い部品作業が中心 配属工程により検査・組立・梱包を分担します。 未経験・異業種からの転職も歓迎/接客・販売・事務・,滋賀県,"月給36万1,000円",正社員,ドライバー,求人ボックス,https://xn--pckua2a7gp15o89zb.com/jbn/1d3c9ad948789342bb43335503cc56c2,True,12時間前,2026-10-03 05:10:21,滋賀県
身近なアイテムを作る製造ワーク!／エコバッグ持ち手部品の製造スタッフ／未経験歓迎新着,...手順書に沿って進めるシンプル工程 未経験向けの研修・フォローあり コツコツ確認する作業が多め 組立から検査、梱包まで工程を分けて担当します。 異業種からの転職も歓迎/販売・接客・事務・軽作業・,滋賀県,"月給43万3,000円",正社員,ドライバー,求人ボックス,https://xn--pckua2a7gp15o89zb.com/jbn/bc38afcef9b00a2ea41314aa576197e4,True,12時間前,2026-10-03 05:10:25,滋賀県
人気製品に関われるチャンス!／決済端末ボタン部品の部品製造スタッフ／交通費支給／月収45万以上可新着,...マニュアル通りに進めるシンプル工程 先輩スタッフのフォローあり 細かい確認や軽い部品作業が中心 日勤中心で生活リズムを整えやすい職場です。 未経験・異業種からの転職も歓迎/接客・販売・事務・,滋賀県,"月給32万7,000円",正社員,ドライバー,求人ボックス,https://xn--pckua2a7gp15o89zb.com/jbn/f13cc5c3b7a6ac1c1371ed74ddb57ebd,True,12時間前,2026-10-03 05:10:25,滋賀県
新しい仕事に挑戦したい方へ!／5Gアンテナ部品の製造補助／月収45万以上可／年間休日130日以上新着,...マニュアル通りに進めるシンプル工程 先輩スタッフのフォローあり 細かい確認や軽い部品作業が中心 日勤中心で生活リズムを整えやすい職場です。 未経験・異業種からの転職も歓迎/接客・販売・事務・,滋賀県,"月給41万2,000円",正社員,ドライバー,求人ボックス,https://xn--pckua2a7gp15o89zb.com/jbn/c246198b7f4c0a56eb4bc3aa57dae94d,True,12時間前,2026-10-03 05:10:25,滋賀県
ものづくり好きにぴったり!／電子基板コネクタの仕上げスタッフ／残業少なめ／研修充実／出荷前チェック新着,...マニュアル通りに進めるシンプル工程 先輩スタッフのフォローあり 細かい確認や軽い部品作業が中心 日勤中心で生活リズムを整えやすい職場です。 未経験・異業種からの転職も歓迎/接客・販売・事務・,滋賀県,"月給32万4,000円",正社員,ドライバー,求人ボックス,https://xn--pckua2a7gp15o89zb.com/jbn/4b49ff046756c8f1e6d9885869ef5eb1,True,12時間前,2026-10-03 05:10:25,滋賀県
モクモク集中できる製造ワーク!／交通系ICリーダー部品の組立スタッフ／学歴不問／寮費無料新着,...マニュアル通りに進めるシンプル工程 先輩スタッフのフォローあり 細かい確認や軽い部品作業が中心 配属工程により検査・組立・梱包を分担します。 未経験・異業種からの転職も歓迎/接客・販売・事務・,滋賀県,"月給34万8,000円",正社員,ドライバー,求人ボックス,https://xn--pckua2a7gp15o89zb.com/jbn/2de12c618eaebc38616e5cf0b9839945,True,12時間前,2026-10-03 05:10:25,滋賀県
長く働ける安定ワーク!／業務用ラベルプリンターの組立スタッフ／入社後研修あり／交通費支給新着,...マニュアル通りに進めるシンプル工程 先輩スタッフのフォローあり 細かい確認や軽い部品作業が中心 日勤中心で生活リズムを整えやすい職場です。 未経験・異業種からの転職も歓迎/接客・販売・事務・,滋賀県,"月給34万3,000円",正社員,ドライバー,求人ボックス,https://xn--pckua2a7gp15o89zb.com/jbn/fcc0b6878637d819570b62bf9fd70aa5,True,12時間前,2026-10-03 05:10:25,滋賀県
「愛知県勤務」警備員／新生活応援／家具・家電付の社宅完備新着,セキュリティスタッフ株式会社,滋賀県,月給24万円～38万,正社員,警備,求人ボックス,https://xn--pckua2a7gp15o89zb.com/jb/e65e6371307564b80f32d72f6417971a,True,4時間前,2026-10-03 05:10:22,滋賀県
事務アシスタント／20代活躍中／30代活躍中／完全週休2日制／福利厚生充実／残業少なめ新着,株式会社ホワイトキャリア,滋賀県,月給23万円～50万円,正社員,警備,求人ボックス,https://xn--pckua2a7gp15o89zb.com/jbn/2f17d058ee3f9a73d144d29ecb5c4970,True,6時間前,2026-10-03 05:10:22,滋賀県
滋賀県野洲市の警備／施設／に関する営業／株式会社 すぎた新着,株式会社すぎた,滋賀県野洲市の警備／施設／に関する営業／株式会社,月給18万円～23万円,正社員,警備,求人ボックス,https://xn--pckua2a7gp15o89zb.com/jb/b29eb38bed6b17826f01ba4deca25bec,True,9時間前,2026-10-03 05:10:22,滋賀県
滋賀県高島市の事務員／株式会社 現代警備 安曇川営業所新着,株式会社現代警備,滋賀県高島市の事務員／株式会社,"月給19万5,000円",正社員,警備,求人ボックス,https://xn--pckua2a7gp15o89zb.com/jb/7da944a9ec609a0b45a9f4e6d9293498,True,9時間前,2026-10-03 05:10:22,滋賀県
水道メーター検針／水道メーター検針スタッフ／未経験大歓迎!マイペースに作業新着,株式会社アウトソーシングトータルサポート,滋賀県,"時給1,200円～3,000円",アルバイト・パート,警備,求人ボックス,https://xn--pckua2a7gp15o89zb.com/jb/8dca2d285bb0b0ab0a2366425762dcbe,True,11時間前,2026-10-03 05:10:22,滋賀県
滋賀県栗東市の工場内作業／梱包ライン／滋賀双葉ビル整備 株式会社新着,滋賀双葉ビル整備株式会社,滋賀県栗東市の工場内作業／梱包ライン／滋賀双葉ビル整備,"月給18万8,600円",正社員,警備,求人ボックス,https://xn--pckua2a7gp15o89zb.com/jb/e67c021e42d7caea68e7de09a5093d0e,True,9時間前,2026-10-03 05:10:22,滋賀県
お餅製造工場スタッフ／スピード採用新着,MY BASE株式会社,滋賀県,"月給24万4,000円",正社員,製造,求人ボックス,https://xn--pckua2a7gp15o89zb.com/jb/ceb18cc6a34b185df268e0c6e51d1e84,True,13時間前,2026-10-03 05:10:29,滋賀県
「未経験から始める工場ワーク!」3Dプリント雑貨の製造スタッフ新着,製造,滋賀県,"月給30万5,120円",正社員,製造,求人ボックス,https://xn--pckua2a7gp15o89zb.com/jbn/c4c2cd33551f6dfa03809e20c0c55188,True,15時間前,2026-10-03 05:10:29,滋賀県
「モクモク軽作業!」アルミパウダーの製造スタッフ／20代から30代活躍...新着,株式会社日本ケイテム,滋賀県,"時給1,500円～",アルバイト・パート,製造,求人ボックス,https://xn--pckua2a7gp15o89zb.com/jbn/b75ce8d144c5e0156cc0c7f9d0eb4811,True,20時間前,2026-10-03 05:10:34,滋賀県
「生活を安定させたい方へ!」スマホケースづくりの製造スタッフ新着,製造,滋賀県,"月給30万9,650円",正社員,製造,求人ボックス,https://xn--pckua2a7gp15o89zb.com/jbn/a263a8b3e4c4a957aec9fb725e5a5075,True,15時間前,2026-10-03 05:10:34,滋賀県
パン粉を造っている会社で製造スタッフ 3交替勤務 土日休み新着,株式会社ナガハ,滋賀県,"時給1,400円",派遣社員,製造,求人ボックス,https://xn--pckua2a7gp15o89zb.com/jb/b069b753023d625ad9f35b407662ab0e,True,13時間前,2026-10-03 05:10:37,滋賀県
「手に職をつけるチャンス!」ハンドメイド雑貨づくりの製造スタッフ新着,製造,滋賀県,"月給30万5,790円",正社員,製造,求人ボックス,https://xn--pckua2a7gp15o89zb.com/jbn/ba394aed836d39550328f08bd7b29f52,True,15時間前,2026-10-03 05:10:40,滋賀県
製造スタッフ／ブランク歓迎／個室社宅あり／安定ワーク／かんたん作業新着,株式会社tocca,滋賀県,月給30万円～34万円,正社員,製造,求人ボックス,https://xn--pckua2a7gp15o89zb.com/jbn/8b3f43cd1dda3cc3db2d77dc67fa5e23,True,21時間前,2026-10-03 05:10:44,滋賀県
コーヒーの製造スタッフ／男性活躍中／未経験OK／高時給新着,近江コネクト株式会社,滋賀県,"時給1,800円",派遣社員,製造,求人ボックス,https://xn--pckua2a7gp15o89zb.com/jb/ad8f4b395970dd0d8779f8d92f7fc3c7,True,12時間前,2026-10-03 05:10:44,滋賀県
暮らしに近い製品の製造スタッフ!／折りたたみ傘ケースの加工補助スタッフ新着,製造,滋賀県,"月給42万6,000円",正社員,製造,求人ボックス,https://xn--pckua2a7gp15o89zb.com/jbn/7c4ecfb19ff314eb05d894319b564e4d,True,12時間前,2026-10-03 05:10:46,滋賀県
滋賀県日野町製造スタッフ新着,山田ダンボール株式会社,滋賀県日野町製造スタッフ,"月給18万6,000円",正社員,製造,求人ボックス,https://xn--pckua2a7gp15o89zb.com/jb/533b2e77ef1cd7eb82f6a0e33b6b5914,True,11時間前,2026-10-03 05:10:46,滋賀県
"河瀬駅近く」高時給1,650円!月36万円以上可!土日祝休み&年休124日!自動車部品製造スタッフ大...新着",夏原工業株式会社 BP事業室,滋賀県,"時給1,650円",派遣社員,製造,求人ボックス,https://xn--pckua2a7gp15o89zb.com/jb/f014fd6a8aa066c1e420fe5189499aa8,True,23時間前,2026-10-03 05:10:49,滋賀県
「正社員デビュー応援」／電動工具ケースの製造スタッフ／モノづくり新着,製造,滋賀県,月給34万円～39万,正社員,製造,求人ボックス,https://xn--pckua2a7gp15o89zb.com/jbn/d0bcac016a7f30108bcf6b65ff8cd8ee,True,15時間前,2026-10-03 05:10:49,滋賀県
長く働ける安定ワーク!／太陽光パネル端子部品の部品製造スタッフ新着,製造,滋賀県,"月給31万9,000円",正社員,製造,求人ボックス,https://xn--pckua2a7gp15o89zb.com/jbn/e9af591bbecf52ef500dc10260f56302,True,12時間前,2026-10-03 05:10:53,滋賀県
「新しい仕事に挑戦しやすい」／スマート家電リモコンの製造スタッフ新着,製造,滋賀県,"月給34万8,000円",正社員,製造,求人ボックス,https://xn--pckua2a7gp15o89zb.com/jbn/151c30c33b3d91d194712e59b91ad024,True,15時間前,2026-10-03 05:10:56,滋賀県
正社員デビューを応援／ドリンクホルダー用トレーの製造スタッフ新着,製造,滋賀県,"月給33万4,000円",正社員,製造,求人ボックス,https://xn--pckua2a7gp15o89zb.com/jbn/3b0edbb8f137d07c01aecba62d4ecf63,True,15時間前,2026-10-03 05:10:56,滋賀県
20代30代に人気の製品づくり!／キャンプランタン部品の製造スタッフ新着,製造,滋賀県,月給43万円～48万,正社員,製造,求人ボックス,https://xn--pckua2a7gp15o89zb.com/jbn/4ca1430bbef71c3443225344486f1e6b,True,12時間前,2026-10-03 05:10:56,滋賀県
「丁寧さを活かせる!」建築資材の検品・清掃スタッフ／20代から30代活...新着,株式会社日本ケイテム,滋賀県,"時給1,200円～",アルバイト・パート,清掃,求人ボックス,https://xn--pckua2a7gp15o89zb.com/jbn/9e827b5b578c4fdeeb05f0c03081efc8,True,20時間前,2026-10-03 05:10:29,滋賀県
"工場内清掃スタッフ／時給1,800円～／賞与あり／ミドルシニアも活躍中新着",株式会社トップ精工,滋賀県,"時給1,800円～",アルバイト・パート,清掃,求人ボックス,https://xn--pckua2a7gp15o89zb.com/jb/a429cd2994fda8d5df689a07d6991632,True,4時間前,2026-10-03 05:10:30,滋賀県
ペットショップの清掃・店舗スタッフ／近江八幡店頑張りに応じて昇給新着,株式会社犬の家 近江八幡店,滋賀県,"月給19万6,000円",正社員,清掃,求人ボックス,https://xn--pckua2a7gp15o89zb.com/jbn/5cd7cc5bf50cc3f9b1b04b03ec8ac4d6,True,22時間前,2026-10-03 05:10:30,滋賀県
水処理設備の清掃・点検スタッフ／未経験OK／月給24万円～／土日休み新着,守山環整株式会社,滋賀県,月給24万円～,正社員,清掃,求人ボックス,https://xn--pckua2a7gp15o89zb.com/jb/43062f8cbbda86f58afe976e6fa21293,True,4時間前,2026-10-03 05:10:30,滋賀県
事業所の清掃スタッフ新着,株式会社ナショナルメンテナンス,滋賀県,"時給1,150円～1,200円",アルバイト・パート,清掃,求人ボックス,https://xn--pckua2a7gp15o89zb.com/jb/72e9344fd519989bef29c404b5ef1c00,True,5時間前,2026-10-03 05:10:30,滋賀県
滋賀県彦根市のクリーンスタッフ／ブリヂストン彦根工場／高宮産業 有限会社新着,高宮産業有限会社,滋賀県彦根市のクリーンスタッフ／ブリヂストン彦根工場／高宮産業,"月給19万8,720円",正社員,清掃,求人ボックス,https://xn--pckua2a7gp15o89zb.com/jb/ea1af17acb63a4d7cefddf9627659879,True,9時間前,2026-10-03 05:10:30,滋賀県
大手企業内厨房での調理補助新着,株式会社魚国総本社,滋賀県,"時給1,150円～",アルバイト・パート,清掃,求人ボックス,https://xn--pckua2a7gp15o89zb.com/jb/76cae0b8d150659dde6e71c9ca71c225,True,14時間前,2026-10-03 05:10:30,滋賀県
ペットショップの店長候補新着,ペットショップCoo&RIKU 長浜店,滋賀県,"月給26万8,000円",正社員,清掃,求人ボックス,https://xn--pckua2a7gp15o89zb.com/jb/fa28e6c4f2121543f26e069bd3dd9406,True,10時間前,2026-10-03 05:10:30,滋賀県
「ふんわり素材を包む軽作業」／クッション素材の梱包／未経験歓迎／軽作業中心／福利厚生充実SG295新着,三陽工業株式会社,滋賀県,月給19万円～40万円,正社員,清掃,求人ボックス,https://xn--pckua2a7gp15o89zb.com/jbn/ca30fea03c80f36a6ba8a6978a898c12,True,14時間前,2026-10-03 05:10:30,滋賀県
ペットショップの店長候補新着,ペットショップCoo&RIKU 東近江店,滋賀県,"月給26万8,000円",正社員,清掃,求人ボックス,https://xn--pckua2a7gp15o89zb.com/jb/7488076283c84b68c5f58ec8fd78e1a3,True,10時間前,2026-10-03 05:10:30,滋賀県
滋賀県近江八幡市のホテルフロント／コンフォートイン近江八幡／株式会社 グリーンズ新着,株式会社グリーンズ,滋賀県近江八幡市のホテルフロント／コンフォートイン近江八幡／株式会社,"月給24万8,800円",正社員,清掃,求人ボックス,https://xn--pckua2a7gp15o89zb.com/jb/97188954392366e9751adae5dab8a181,True,9時間前,2026-10-03 05:10:30,滋賀県
ペットショップの店長候補新着,ペットショップCoo&RIKU 滋賀草津店,滋賀県,"月給26万8,000円",正社員,清掃,求人ボックス,https://xn--pckua2a7gp15o89zb.com/jb/623b18e3de366eb91422359509267cdf,True,10時間前,2026-10-03 05:10:30,滋賀県
商業施設内での清掃業務新着,綾羽株式会社,滋賀県,"時給1,140円～",アルバイト・パート,清掃,求人ボックス,https://xn--pckua2a7gp15o89zb.com/jb/dbe3db6aa811fcb2b777d337f97f3ddc,True,13時間前,2026-10-03 05:10:34,滋賀県
家電の部品交換メンテナンススタッフ新着,ギグワークスアドバリュー株式会社,滋賀県,日給2万円～,,清掃,求人ボックス,https://xn--pckua2a7gp15o89zb.com/jb/0d820b01417474fc7633903d102a9467,True,7時間前,2026-10-03 05:10:34,滋賀県
20～40代活躍中／病院の看護アシスタント業務／経験不問／週払い可新着,株式会社なかむら企画／WORK介護しが,滋賀県,"時給1,320円～1,420円",派遣社員,清掃,求人ボックス,https://xn--pckua2a7gp15o89zb.com/jb/4c974b197b23173b4d6f0b74100c22ea,True,13時間前,2026-10-03 05:10:34,滋賀県
滋賀県長浜市の設備管理／急募2名／株式会社 太平エンジニアリング 名古屋支店新着,株式会社太平エンジニアリング,滋賀県長浜市の設備管理／急募2名／株式会社,月給24万円～29万円,正社員,清掃,求人ボックス,https://xn--pckua2a7gp15o89zb.com/jb/b9f9dd4c98256cf86fba64ae8a582986,True,9時間前,2026-10-03 05:10:34,滋賀県
滋賀県高島市の調理と接客新着,美松,滋賀県高島市の調理と接客,月給30万円～60万円,正社員,清掃,求人ボックス,https://xn--pckua2a7gp15o89zb.com/jb/7b2c67d3043e304227ba3ee7a2329ff3,True,9時間前,2026-10-03 05:10:34,滋賀県
滋賀県甲賀市のゴルフ場・コースメンテナンス／スタッフ／滋賀ゴルフ倶楽部新着,パシフィックゴルフマネージメント株式会社,滋賀県甲賀市のゴルフ場・コースメンテナンス／スタッフ／滋賀ゴルフ倶楽部,月給20万円～30万,正社員,清掃,求人ボックス,https://xn--pckua2a7gp15o89zb.com/jb/e9c7cf4fbdd33348b0ec2e518047289e,True,9時間前,2026-10-03 05:10:38,滋賀県
滋賀県米原市の受付・歯科助手新着,松原歯科医院,滋賀県米原市の受付・歯科助手,月給20万円,正社員,清掃,求人ボックス,https://xn--pckua2a7gp15o89zb.com/jb/f69ce2b8cdfc342f395678ce687e20d0,True,9時間前,2026-10-03 05:10:38,滋賀県
滋賀県甲賀市の歯科助手受付／18時退勤可能!子育て中のスタッフ活躍中新着,ひまわり歯科クリニック,滋賀県甲賀市の歯科助手受付／18時退勤可能!子育て中のスタッフ活躍中,月給21万円～22万円,正社員,清掃,求人ボックス,https://xn--pckua2a7gp15o89zb.com/jb/fa0c876eb8c80ecac2b29351a4a40903,True,9時間前,2026-10-03 05:10:38,滋賀県
滋賀県近江八幡市の牧場飼育スタッフ／千成亭ファーム／株式会社 千成亭ファーム新着,株式会社千成亭ファーム,滋賀県近江八幡市の牧場飼育スタッフ／千成亭ファーム／株式会社,月給20万円～25万円,正社員,清掃,求人ボックス,https://xn--pckua2a7gp15o89zb.com/jb/869b96fc6819f8902e7062036e7887fe,True,9時間前,2026-10-03 05:10:38,滋賀県
滋賀県甲賀市のグループホームの世話人／グループホームあぽろん甲賀／森大建地産 株式会社新着,森大建地産株式会社,滋賀県甲賀市のグループホームの世話人／グループホームあぽろん甲賀／森大建地産,月給22万円～40万円,正社員,清掃,求人ボックス,https://xn--pckua2a7gp15o89zb.com/jb/5937ba412dac9c0a611df99f9c12f78d,True,9時間前,2026-10-03 05:10:38,滋賀県
葬祭事業所での事務員新着,株式会社守山葬祭,滋賀県,"時給1,150円～",アルバイト・パート,清掃,求人ボックス,https://xn--pckua2a7gp15o89zb.com/jb/059d19c5400834e0ba0c34fc7217ab74,True,6時間前,2026-10-03 05:10:38,滋賀県
60代活躍中の看護・介護ケアスタッフ新着,株式会社ウィルオブ・ワーク,滋賀県,"時給1,400円",派遣社員,清掃,求人ボックス,https://xn--pckua2a7gp15o89zb.com/jb/e5edc4eee584c22cebce01eca8d7b31b,True,19時間前,2026-10-03 05:10:38,滋賀県
すき家の店舗スタッフ 接客・調理・清掃など新着,すき家,滋賀県,"時給1,200円",アルバイト・パート,清掃,求人ボックス,https://xn--pckua2a7gp15o89zb.com/jb/3c0571230f81def25f44be5db9e6e0f4,True,2時間前,2026-10-03 05:10:41,滋賀県
滋賀県彦根市の接客スタッフ／オーギヤ彦根店／株式会社 大木家新着,株式会社大木家,滋賀県彦根市の接客スタッフ／オーギヤ彦根店／株式会社,"月給28万2,700円",正社員,清掃,求人ボックス,https://xn--pckua2a7gp15o89zb.com/jb/daec8ba13d5699ddc86cc9f94d3f2f61,True,9時間前,2026-10-03 05:10:41,滋賀県
滋賀県大津市の害虫駆除・衛生管理スタッフ／ダスキンターミニックス事業／株式会社 ダスキン湖南新着,株式会社ダスキン湖南,滋賀県大津市の害虫駆除・衛生管理スタッフ／ダスキンターミニックス事業／株式会社,"月給22万5,580円",正社員,清掃,求人ボックス,https://xn--pckua2a7gp15o89zb.com/jb/e853e919f052ab93f05ec3ccb6a57887,True,9時間前,2026-10-03 05:10:41,滋賀県
滋賀県守山市の児童指導員／チャイルドサポートもりやま新着,株式会社PrimaS,滋賀県守山市の児童指導員／チャイルドサポートもりやま,"月給22万5,000円",正社員,清掃,求人ボックス,https://xn--pckua2a7gp15o89zb.com/jb/a637caaacc496c5c5fdefcc556fb8bd4,True,9時間前,2026-10-03 05:10:41,滋賀県
カーコーティング・内装クリーニング新着,ASAP草津店,滋賀県,"月給25万3,000円",正社員,清掃,求人ボックス,https://xn--pckua2a7gp15o89zb.com/jb/0a906500fa708bbe256d995bb264a6f0,True,4時間前,2026-10-03 05:10:41,滋賀県
木箱の製作・梱包業務／年間休日115日・完全週休2日制／昇給年1回・賞与年2回／長期休暇あり新着,株式会社二ホンパッケージ,滋賀県,月給19万円～27万円,正社員,清掃,求人ボックス,https://xn--pckua2a7gp15o89zb.com/jb/f7685072e0d94d2a616e486582d473c9,True,5時間前,2026-10-03 05:10:41,滋賀県
デジタルプリンター製造・検品スタッフ／未経験歓迎!コツコツ取り組めるシンプル作業新着,IBS即戦力人財株式会社,滋賀県,"時給1,450円",派遣社員,清掃,求人ボックス,https://xn--pckua2a7gp15o89zb.com/jb/d792e872a21e6e9bfd54432ff5a39b25,True,14時間前,2026-10-03 05:10:41,滋賀県
未経験歓迎 食パンの製造補助 カンタン軽作業新着,株式会社IGF,滋賀県,月給30万円～36万円,正社員,清掃,求人ボックス,https://xn--pckua2a7gp15o89zb.com/jb/6fa546e989bb295f9afb5d6536e8330e,True,14時間前,2026-10-03 05:10:41,滋賀県
回転寿司店の飲食店スタッフ 経験者のみ 週休2日制 希望休制度あり 連休取得OK新着,株式会社共和フーズ,滋賀県,月給30万円～48万円,正社員,清掃,求人ボックス,https://xn--pckua2a7gp15o89zb.com/jb/850714a575386e930ef20ac4d6108c1b,True,4時間前,2026-10-03 05:10:46,滋賀県
カーコーティング・内装クリーニング新着,ASAP 東近江,滋賀県,"月給22万7,000円",正社員,清掃,求人ボックス,https://xn--pckua2a7gp15o89zb.com/jb/db7adc67c4ae69589f6a21f983b0b610,True,4時間前,2026-10-03 05:10:46,滋賀県
ガッツリ稼ぎたい方歓迎!柔軟シフトで働ける居酒屋スタッフ募集新着,株式会社nadeshico,滋賀県,"時給1,140円～",アルバイト・パート,清掃,求人ボックス,https://xn--pckua2a7gp15o89zb.com/jb/58facf45c65f4e2a8c0c5bf805691330,True,5時間前,2026-10-03 05:10:46,滋賀県
店舗スタッフ新着,エッグスンシングス JAPAN株式会社,滋賀県,"月給23万3,000円",正社員,清掃,求人ボックス,https://xn--pckua2a7gp15o89zb.com/jb/10b6799bc142581225c42e4c76dcb02f,True,13時間前,2026-10-03 05:10:46,滋賀県
カーコーティング・内装クリーニング新着,ASAP東近江,滋賀県,"月給25万3,000円",正社員,清掃,求人ボックス,https://xn--pckua2a7gp15o89zb.com/jb/15501864cf95d413c8d8d4dd3e46ec30,True,4時間前,2026-10-03 05:10:46,滋賀県
カーコーティング・内装クリーニング新着,ASAP 彦根店,滋賀県,"月給22万7,000円",正社員,清掃,求人ボックス,https://xn--pckua2a7gp15o89zb.com/jb/0a89857861832d0f8ef62f691ad36f66,True,4時間前,2026-10-03 05:10:46,滋賀県
滋賀県大津市の弊社契約先医療機関にて検査補助スタッフ募集!業界・職種経験不問!医療に関わるお仕事新着,株式会社ビー・エム・エル,滋賀県大津市の弊社契約先医療機関にて検査補助スタッフ募集!業界・職種経験不問!医療に関わるお仕事,"月給17万4,960円",契約社員,清掃,求人ボックス,https://xn--pckua2a7gp15o89zb.com/jb/eba8f4ac54c46f9536be5e29590f3d65,True,10時間前,2026-10-03 05:10:49,滋賀県
大手飲食店の店舗スタッフ 1年目から年収400万円以上新着,株式会社Progress Group,滋賀県,"月給22万9,500円",正社員,清掃,求人ボックス,https://xn--pckua2a7gp15o89zb.com/jb/409a66b144c6c6d144844a04013f8ae4,True,11時間前,2026-10-03 05:10:49,滋賀県
週3日・1日4時間～OK!扶養内勤務OK!子犬たちのお世話スタッフ募集 動物好きの方にオススメ!新着,犬の家 滋賀パピーセンター,滋賀県,"時給1,140円",アルバイト・パート,清掃,求人ボックス,https://xn--pckua2a7gp15o89zb.com/jb/aad6461daae0b297f23a473416f169aa,True,23時間前,2026-10-03 05:10:49,滋賀県
歯科衛生士／平日17-19時勤務or土曜日勤務できる方 まずは見学だけでも歓迎 お問い合わせお気軽に新着,大津京しらはせ歯科,滋賀県,"時給1,500円～2,000円",アルバイト・パート,清掃,求人ボックス,https://xn--pckua2a7gp15o89zb.com/jb/d4b632713133226d76874138bab509dd,True,2時間前,2026-10-03 05:10:49,滋賀県
カーコーティング・内装クリーニング新着,ASAP彦根店,滋賀県,"月給25万3,000円",正社員,清掃,求人ボックス,https://xn--pckua2a7gp15o89zb.com/jb/161c2dbeae96799e7e0491ace1d9a7f2,True,4時間前,2026-10-03 05:10:49,滋賀県
かんたん補助作業!整備士サポート／未経験OK／難しい作業ナシで安心／整備士へステップアップ可新着,武田オートサービス株式会社,滋賀県,"月給23万5,000円",正社員,清掃,求人ボックス,https://xn--pckua2a7gp15o89zb.com/jb/b40543d7175b17aaf290d22abadddd19,True,5時間前,2026-10-03 05:10:49,滋賀県
リサイクル品仕分けの軽作業新着,株式会社湖南リサイクルセンター,滋賀県,"時給1,160円",アルバイト・パート,清掃,求人ボックス,https://xn--pckua2a7gp15o89zb.com/jb/5d826d1ca9b0f89fc74a221cbb925fba,True,13時間前,2026-10-03 05:10:49,滋賀県
リサイクルセンターでの管理・運営スタッフ新着,株式会社湖南リサイクルセンター,滋賀県,月給26万円,正社員,清掃,求人ボックス,https://xn--pckua2a7gp15o89zb.com/jb/306623a59ec4a574b7c9c3823f637fe9,True,13時間前,2026-10-03 05:10:53,滋賀県
ミスタードーナツ運営スタッフ／新店舗オープニング／未経験OK／月給23万～／賞与年3回／年休120日新着,株式会社ダスキン岸和田,滋賀県,月給23万～,正社員,清掃,求人ボックス,https://xn--pckua2a7gp15o89zb.com/jb/66cad726cf55c3102a606c60f5a9b3fe,True,3時間前,2026-10-03 05:10:53,滋賀県
販売・接客・売り場担当新着,CONV,滋賀県,"月給19万6,000円",正社員,清掃,求人ボックス,https://xn--pckua2a7gp15o89zb.com/jb/958f273ab181fdfb422cceffdfbb9c86,True,5時間前,2026-10-03 05:10:53,滋賀県
アクセサリーを引き取る買取スタッフ新着,株式会社01,滋賀県,月給23万円～40万円,正社員,清掃,求人ボックス,https://xn--pckua2a7gp15o89zb.com/jb/a488f48c18a1a0b359b8133f70faa01f,True,3時間前,2026-10-03 05:10:53,滋賀県
カーコーティング・内装クリーニング新着,ASAP 草津店,滋賀県,"月給22万7,000円",正社員,清掃,求人ボックス,https://xn--pckua2a7gp15o89zb.com/jb/21e04c030d752052f0c0b054fa1494d2,True,4時間前,2026-10-03 05:10:53,滋賀県
無資格可の生活支援員新着,ソーシャルインクルーホーム彦根中藪町,滋賀県,月給24万円～28万,正社員,清掃,求人ボックス,https://xn--pckua2a7gp15o89zb.com/jb/e8de7a7fb26bea9065003a1c540cc61e,True,7時間前,2026-10-03 05:10:53,滋賀県
草津市エリアでお仕事したい方に! おたからや／ブランド品買取／残業禁止／未経験OK／髪色自由新着,株式会社ディンプル,滋賀県,月給35万円,正社員,清掃,求人ボックス,https://xn--pckua2a7gp15o89zb.com/jb/3316b8d93eff186a03d4fcc6a1a6f7c1,True,11時間前,2026-10-03 05:10:53,滋賀県
液晶ガラス製造の品質保証スタッフ新着,株式会社FMC,滋賀県,"時給1,600円",派遣社員,清掃,求人ボックス,https://xn--pckua2a7gp15o89zb.com/jb/d41e5d9507a55bf0c96ad205e52fd3ae,True,19時間前,2026-10-03 05:10:56,滋賀県
ドラッグストアの精肉担当スタッフ新着,株式会社クスリのアオキ クスリのアオキ大津瀬田店,滋賀県,"月給19万6,000円",正社員,清掃,求人ボックス,https://xn--pckua2a7gp15o89zb.com/jb/dde6d1c2460bfdb460fb6037dd28e4d0,True,22時間前,2026-10-03 05:10:56,滋賀県
キッチン・ホールスタッフ新着,株式会社丸亀製麺,滋賀県,"時給1,250円～",アルバイト・パート,清掃,求人ボックス,https://xn--pckua2a7gp15o89zb.com/jb/3f581b26e55162ea2ae8b69a0ea4530a,True,13時間前,2026-10-03 05:10:56,滋賀県
プラスチック製品製造／派遣プラスチック製品製造／2交替 未経験OK!経験者優遇 日払いOK!新着,株式会社BREXA Next,滋賀県,"月給22万7,100円",派遣社員,清掃,求人ボックス,https://xn--pckua2a7gp15o89zb.com/jb/aa864bd7f3360fef2c56d09fd13695c2,True,7時間前,2026-10-03 05:10:56,滋賀県
工具や機械に触ったことがなくてもOK!／工場内軽作業スタッフ／手に職つける／未経験活躍新着,株式会社ライトキャリア,滋賀県,月給30万円～60万円,正社員,清掃,求人ボックス,https://xn--pckua2a7gp15o89zb.com/jb/6f22325a7fca8635f20f8092d8bdb8ff,True,20時間前,2026-10-03 05:11:00,滋賀県
介護付きホームの介護スタッフ新着,ミモザ湘南平塚,滋賀県,"時給1,395円～1,525円",アルバイト・パート,清掃,求人ボックス,https://xn--pckua2a7gp15o89zb.com/jb/8cbcf365a57d16d94bc070de29f3a864,True,4時間前,2026-10-03 05:11:00,滋賀県
紹介・ 人材系の製造オペレーター新着,...粉材料Max25kg程度・完成した粉末スープをフレコンバックに充填する作業・ミキサー、製造窯の洗浄、製造フロアの,滋賀県,年収325万円～453万円,正社員,清掃,求人ボックス,https://xn--pckua2a7gp15o89zb.com/jb/13e13a0618243b6f6ae9a5e7c38e6913,True,14時間前,2026-10-03 05:11:00,滋賀県
時給1500円／滋賀県栗東市のスーパーで精肉スタッフ／1日4h新着,パーソルマーケティング株式会社,滋賀県栗東市のスーパーで精肉スタッフ／1日4h,時給1500円,派遣社員,清掃,求人ボックス,https://xn--pckua2a7gp15o89zb.com/jb/8589c56e503c9fb11174ae24835b7b2c,True,17時間前,2026-10-03 05:11:00,滋賀県
砂を型枠に詰めるお仕事新着,株式会社日本コンコードシステム,滋賀県,"時給1,600円～2,000円",派遣社員,清掃,求人ボックス,https://xn--pckua2a7gp15o89zb.com/jb/c7ec72025c2b067b22dd10ac0a5f08ed,True,18時間前,2026-10-03 05:11:00,滋賀県
高時給1600円／長期 大手メーカーで事務サポート新着,大手・有名企業/,滋賀県,時給1600円,派遣社員,派遣,求人ボックス,https://xn--pckua2a7gp15o89zb.com/jb/b78310c6f5c4e0c7eb3ca168a9fa9e11,True,13時間前,2026-10-03 05:10:37,滋賀県
20～40代活躍中／特別養護老人ホームでの介護／週払い可 前払いOK／車通勤OK／ブランクOK新着,株式会社なかむら企画／WORK介護しが,滋賀県,"時給1,320円",派遣社員,派遣,求人ボックス,https://xn--pckua2a7gp15o89zb.com/jb/f657bc9afae93ffb637a03f2d809910b,True,13時間前,2026-10-03 05:10:38,滋賀県
地元密着の派遣会社だから安心!STAFF定着率バツグン!他社には無い当社だけの福利厚生が充実していま...新着,株式会社リンクアップ,滋賀県,"時給1,400円～1,600円",派遣社員,派遣,求人ボックス,https://xn--pckua2a7gp15o89zb.com/jb/adb575a03fc3352bc4b68062bf93026d,True,23時間前,2026-10-03 05:10:38,滋賀県
一般事務・OA事務 ／ 営業事務 ／車OK 長期 事務サポート 残業少なめ〇17時台定時新着,パーソルテンプスタッフ株式会社,滋賀県,"時給1,400円",派遣社員,派遣,求人ボックス,https://xn--pckua2a7gp15o89zb.com/jb/14f18345d8b298794af45401066ef86a,True,17時間前,2026-10-03 05:10:40,滋賀県
「スピード入寮OK」飲料水のピッキング新着,セブンエージェント株式会社,滋賀県,"時給1,350円～",派遣社員,派遣,求人ボックス,https://xn--pckua2a7gp15o89zb.com/jb/f1541f72ed5891c3cfea72f82af1da76,True,14時間前,2026-10-03 05:10:44,滋賀県
設計／産業機械／ギアポンプの2D設計補助新着,パーソルクロステクノロジー株式会社,滋賀県,"時給2,500円",派遣社員,派遣,求人ボックス,https://xn--pckua2a7gp15o89zb.com/jb/1e0f6c891807f93f9e086d54fffddb42,True,16時間前,2026-10-03 05:10:44,滋賀県
一般事務新着,株式会社リクルートスタッフィング,滋賀県,"時給1,500円～",派遣社員,派遣,求人ボックス,https://xn--pckua2a7gp15o89zb.com/jb/8e3d28145f629213f7113f6a428b6df3,True,20時間前,2026-10-03 05:10:44,滋賀県
エアコン部品の検品スタッフ新着,株式会社イープラネット,滋賀県,"時給1,400円～2,000円",派遣社員,派遣,求人ボックス,https://xn--pckua2a7gp15o89zb.com/jb/de9c2c98b370a267f6067a3f35a697dc,True,18時間前,2026-10-03 05:10:48,滋賀県
安定メーカーでの事務スタッフ新着,東レエンタープライズ株式会社,滋賀県,"時給1,500円",派遣社員,派遣,求人ボックス,https://xn--pckua2a7gp15o89zb.com/jb/e0d1bdca9da1bf7cf8d37c2895ab3e24,True,10時間前,2026-10-03 05:10:48,滋賀県
仕分け・ピッキング・梱包／製造／検品／倉庫・軽作業新着,ランスタッド株式会社,滋賀県,"時給1,300円",派遣社員,派遣,求人ボックス,https://xn--pckua2a7gp15o89zb.com/jb/382d1528a44a83c8ddfe90b64743eaaf,True,23時間前,2026-10-03 05:10:48,滋賀県
「年間休日125日以上でしっかり休める」／スマホスタンドの検品作業／月給30万円以上／シンプル作業新着,株式会社Tetote,滋賀県,月給30万円,正社員,派遣,求人ボックス,https://xn--pckua2a7gp15o89zb.com/jbn/3f08a8886dd4edcfd86aa390e2a07fa9,True,15時間前,2026-10-03 05:10:51,滋賀県
簡単作業。長期就業OK 製品のシール貼り新着,株式会社テクノサービス,滋賀県,"時給1,150円",派遣社員,派遣,求人ボックス,https://xn--pckua2a7gp15o89zb.com/jb/fb71f5935e416edb0d02301af538f2f6,True,22時間前,2026-10-03 05:10:51,滋賀県
紹介・ 人材系の法人営業 新規開拓営業新着,仕事詳細:<顧客先>滋賀県内を中心とした顧客への営業がメインとなります。<営業活動例>・クライアントと業務内容・,滋賀県,年収354万円～419万円,正社員,派遣,求人ボックス,https://xn--pckua2a7gp15o89zb.com/jb/fb07406c405e7762799dc64153920bdb,True,14時間前,2026-10-03 05:10:51,滋賀県
即日勤務×日払いOK 福祉施設のサポートスタッフ／未経験OK新着,株式会社ウィルオブ・ワーク,滋賀県,"時給1,400円",派遣社員,派遣,求人ボックス,https://xn--pckua2a7gp15o89zb.com/jb/2b9813a10bd00f82b48b82f35bc43402,True,19時間前,2026-10-03 05:10:51,滋賀県
毎年恒例 人気の年末までの短期バイト!未経験OK!週4日～勤務日数はご相談ください新着,株式会社イーエムアール,滋賀県,"時給1,350円～",派遣社員,派遣,求人ボックス,https://xn--pckua2a7gp15o89zb.com/jb/2fd1bfbda9c1128cb371d672c449be9a,True,23時間前,2026-10-03 05:10:55,滋賀県
飲料の製造オペレーター／製造補助／2交替／車通勤新着,株式会社グロップ,滋賀県,"時給1,550円～1,938円",派遣社員,派遣,求人ボックス,https://xn--pckua2a7gp15o89zb.com/jb/f044ef19cd2c8991a0d1e8926dc6ad5e,True,5時間前,2026-10-03 05:10:55,滋賀県
残業ほぼナシ／環境設備の保全・運転管理業務新着,株式会社スタッフサービス,滋賀県,"時給1,700円～",派遣社員,派遣,求人ボックス,https://xn--pckua2a7gp15o89zb.com/jb/6f13ad5a21fdc190130c82c7f49e6d63,True,9時間前,2026-10-03 05:10:55,滋賀県
短時間の介護スタッフ新着,株式会社なかむら企画,滋賀県,"時給1,350円",派遣社員,派遣,求人ボックス,https://xn--pckua2a7gp15o89zb.com/jb/2733d74b8457cf122a56fa348b6006ab,True,14時間前,2026-10-03 05:10:57,滋賀県
「大手メーカーで安定勤務!」／ブレーキペダルの製造スタッフ／未経験歓迎／福利厚生充実新着,三陽工業株式会社,滋賀県,月給19万円～36万円,正社員,派遣,求人ボックス,https://xn--pckua2a7gp15o89zb.com/jbn/7c5834106aa480decf9a91e59877cccc,True,14時間前,2026-10-03 05:10:57,滋賀県
覚えやすい作業が中心／スケートシューズ成形工程／若手スタッフ活躍中／ワンルーム寮を用意新着,株式会社Vialevo,滋賀県,"時給1,930円",派遣社員,派遣,求人ボックス,https://xn--pckua2a7gp15o89zb.com/jbn/4f98b58e44a72aac1136673f7c33c63b,True,18時間前,2026-10-03 05:10:57,滋賀県
キッチンスケールの箱詰めスタッフ／マイカー通勤OK／長期勤務歓迎／モクモク作業が好きな方歓迎新着,株式会社リッチ&ビルド,滋賀県,"時給1,760円",派遣社員,派遣,求人ボックス,https://xn--pckua2a7gp15o89zb.com/jbn/9f7606c35eceaeabf54dbd2f66e3c2bb,True,18時間前,2026-10-03 05:11:00,滋賀県
「モクモク軽作業!」油圧ポンプの部品加工・組立スタッフ／20代から30代活躍中!／資格取得支援あり新着,株式会社日本ケイテム,滋賀県,"時給1,200円～",アルバイト・パート,派遣,求人ボックス,https://xn--pckua2a7gp15o89zb.com/jbn/726f7eeace2cb4472e2d621cbbd34eb0,True,20時間前,2026-10-03 05:11:00,滋賀県
老人ホームでの調理スタッフ新着,株式会社ホットスタッフ滋賀,滋賀県,"時給1,450円",派遣社員,派遣,求人ボックス,https://xn--pckua2a7gp15o89zb.com/jb/c5451f5ab4e6fb0c0d5f86ce4708a55e,True,11時間前,2026-10-03 05:11:00,滋賀県
細長い部品を切る機械作業／20代～40代活躍中／経験不問／キャリアアップ教育／仮払い制度あり新着,株式会社ティーエム・テックス,滋賀県,"時給1,400円～1,750円",派遣社員,派遣,求人ボックス,https://xn--pckua2a7gp15o89zb.com/jbn/e9ebda1884ceef9f3c6f4a4e50621728,True,23時間前,2026-10-03 05:11:00,滋賀県
ダイハツでの工場内作業スタッフ／夢には、才能より先に「資金」がいる新着,ダイハツ工業株式会社,滋賀県,"日給1万1,900円",契約社員,派遣,求人ボックス,https://xn--pckua2a7gp15o89zb.com/jbn/9ac57d6fefd0a3b47763f1984180cac2,True,19時間前,2026-10-03 05:11:03,滋賀県
ホールスタッフ・フロアスタッフ・調理スタッフ新着,CONV,滋賀県,"時給1,300円～",派遣社員,派遣,求人ボックス,https://xn--pckua2a7gp15o89zb.com/jb/2e664f8cd5d76d133cec532445439bad,True,11時間前,2026-10-03 05:11:03,滋賀県
歯科医院での歯科衛生士 - 常勤新着,医療法人徳治会 MOTOKI DENTAL CL...,福岡県,月給24万円～40万円,正社員,歯科,求人ボックス,https://xn--pckua2a7gp15o89zb.com/jb/f54951adc3d351ac351cb4a4f37e3abb,True,10時間前,2026-10-03 05:11:03,福岡県
社会保険完備の職場で歯科衛生士新着,白木原歯科,福岡県,"月給25万2,500円",正社員,歯科,求人ボックス,https://xn--pckua2a7gp15o89zb.com/jb/3fec34eb39de790800c3de446669d6f1,True,7時間前,2026-10-03 05:11:03,福岡県
歯科衛生士／よつば歯科クリニック 姪浜院新着,医療法人一翠会,福岡県,月給28万円～40万円,正社員,歯科,求人ボックス,https://xn--pckua2a7gp15o89zb.com/jb/15825f0e408fb0f32b9caf3d7ef6592c,True,8時間前,2026-10-03 05:11:03,福岡県
歯科衛生士／わに歯科医院新着,医療法人仁水会,福岡県,"時給1,300円～",アルバイト・パート,歯科,求人ボックス,https://xn--pckua2a7gp15o89zb.com/jb/85ee9ae88cdce652792c997bbb4bb1b9,True,8時間前,2026-10-03 05:11:03,福岡県
歯科助手／博多駅徒歩10分／月給25万～ 残業ほぼなし 年間休日120日以上 ネイル髪色自由新着,医療法人新心会,福岡県,月給25万～,正社員,歯科,求人ボックス,https://xn--pckua2a7gp15o89zb.com/jb/b3ae69785e304fb71ee096221edc6c62,True,2時間前,2026-10-03 05:11:03,福岡県
「器具の滅菌作業」正社員で安定収入GET 資格を活かして稼げるお仕事新着,医療法人岸歯科医院,福岡県,月給25万円,正社員,歯科,求人ボックス,https://xn--pckua2a7gp15o89zb.com/jb/584a3c18bc847637ca27df3557837b14,True,13時間前,2026-10-03 05:11:03,福岡県
福岡／オフィスビルの設備営繕／東京都心のランドマークを支えるビル管理会社新着,駅チカ,福岡県,,正社員,歯科,求人ボックス,https://xn--pckua2a7gp15o89zb.com/jb/521d4b05b16399b4e91113a789344917,True,10時間前,2026-10-03 05:11:03,福岡県
「事務職」／充実の研修で安心スタート!／若い者歓迎／完全週休2日制／経験不問／残業少なめ新着,前職は美容部員や携帯ショップ店員、,滋賀県,"月給21万6,500円",正社員,飲食,求人ボックス,https://xn--pckua2a7gp15o89zb.com/jbn/9602797314d4aee93580bcbac575eeae,True,6時間前,2026-10-03 05:11:00,滋賀県
イベント支援も充実!未経験OKの設計開発エンジニア／住宅補助・引っ越し費用など補助あり新着,トランスブート株式会社,滋賀県,"月給26万4,000円",正社員,飲食,求人ボックス,https://xn--pckua2a7gp15o89zb.com/jb/c24fca25ee039ef8e5fbd1217c841753,True,9時間前,2026-10-03 05:11:00,滋賀県
ペットグッズの販売・接客スタッフ／近江八幡店未経験から活躍可能／ペット好きな方歓迎／休日新着,株式会社犬の家 近江八幡店,滋賀県,"月給19万6,000円",正社員,飲食,求人ボックス,https://xn--pckua2a7gp15o89zb.com/jbn/3a295a4f4755b473d0447545283f2e08,True,22時間前,2026-10-03 05:11:00,滋賀県
データ入力・事務／充実の研修で安心スタート!／教育体制あり／マニュアル完備新着,現在活躍中の先輩たちの前職も、カフェ店員、アパレル販売、軽作業,滋賀県,"月給21万6,500円",正社員,飲食,求人ボックス,https://xn--pckua2a7gp15o89zb.com/jbn/99fc7d9ce1727462ab50a8e4d12c9df3,True,6時間前,2026-10-03 05:11:00,滋賀県
ファミレス・レストラン 調理スタッフ新着,株式会社WORLDs,滋賀県,月給30万円,正社員,飲食,求人ボックス,https://xn--pckua2a7gp15o89zb.com/jb/2aa35bcae592aa513edb8d0e7828b07c,True,18時間前,2026-10-03 05:11:01,滋賀県
「まだ間に合う!」未経験からできる一般事務／研修充実／寮・社宅・家賃補助あり新着,株式会社Light BROTHERS,滋賀県,月給25万円～40万円,正社員,飲食,求人ボックス,https://xn--pckua2a7gp15o89zb.com/jb/b9180d993f1bea97b6ad18643a69a3e5,True,20時間前,2026-10-03 05:11:01,滋賀県
「コツコツ確認するシンプル検査」／ヘリコプター部品の検査／モクモク作業／未経験歓迎新着,三陽工業株式会社,滋賀県,"月給19万5,000円",正社員,飲食,求人ボックス,https://xn--pckua2a7gp15o89zb.com/jbn/9f6c84221c4533759206e30b9bb3186a,True,14時間前,2026-10-03 05:11:01,滋賀県
大人気コスメショップの販売スタッフ!600店舗以上から自分にピッタリのブランドを探せる新着,株式会社ウィルオブ・ワーク,滋賀県,月給23万円～25万円,正社員,飲食,求人ボックス,https://xn--pckua2a7gp15o89zb.com/jb/b46ba903f7be4e775e66c696f101a92c,True,17時間前,2026-10-03 05:11:05,滋賀県
滋賀県守山市の介護施設の調理師／ここあ守山／月平均10～12日休み／株式会社 近畿予防医学研究所新着,株式会社近畿予防医学研究所,滋賀県守山市の介護施設の調理師／ここあ守山／月平均10～12日休み／株式会社,月給21万円～30万,正社員,飲食,求人ボックス,https://xn--pckua2a7gp15o89zb.com/jb/e8bb192abb4a7ee953c731c69bbc4f37,True,9時間前,2026-10-03 05:11:05,滋賀県
和モダン居酒屋のホールスタッフ新着,株式会社オーイズミフーズ,滋賀県,"月給28万5,000円",正社員,飲食,求人ボックス,https://xn--pckua2a7gp15o89zb.com/jb/763ef87d13f429b7ab1a3ef051362156,True,5時間前,2026-10-03 05:11:09,滋賀県
「寮費0円」スニーカーの検査新着,セブンエージェント株式会社,滋賀県,"時給1,350円～",派遣社員,飲食,求人ボックス,https://xn--pckua2a7gp15o89zb.com/jb/036feb0f1f30baf81012e8623cd945fe,True,14時間前,2026-10-03 05:11:09,滋賀県
洋服のピッキング・週休2日制・寮付き 未経験歓迎新着,株式会社IGF,滋賀県,"月給31万3,000円",正社員,飲食,求人ボックス,https://xn--pckua2a7gp15o89zb.com/jb/0d697731da2e524118a25cbfad273553,True,14時間前,2026-10-03 05:11:09,滋賀県
二輪用アルミリムの製造スタッフ／未経験OK・OJT研修あり／年間休日115日／賞与年2回新着,株式会社エキセルリム,滋賀県,"月給20万5,000円",正社員,飲食,求人ボックス,https://xn--pckua2a7gp15o89zb.com/jb/988c0dde19fa2bb9e4b4e19f7f009718,True,5時間前,2026-10-03 05:11:09,滋賀県
ホール／キッチン パンの香りで癒されるCafe お休みは希望通り ホール／キッチン新着,株式会社バサラダイニング,滋賀県,"時給1,140円～",アルバイト・パート,飲食,求人ボックス,https://xn--pckua2a7gp15o89zb.com/jb/844ea6e5df3e0950f1aafe7aa8434937,True,17時間前,2026-10-03 05:11:11,滋賀県
「身近な商品を扱う仕事!」推し活応援グッズを扱う工場ワーク／寮完備／年間休日130日以上／未経験OK新着,スタッフ,滋賀県,"月給30万6,540円",正社員,飲食,求人ボックス,https://xn--pckua2a7gp15o89zb.com/jbn/d91d9924804dbd258c84b498e1b58b60,True,15時間前,2026-10-03 05:11:11,滋賀県
「手に職をつけるチャンス!」UFOキャッチャー景品軽作業／箱詰め・仕分けスタッフ／未経験OK新着,スタッフ,滋賀県,"月給31万8,350円",正社員,飲食,求人ボックス,https://xn--pckua2a7gp15o89zb.com/jbn/06db15386e4f2b028cf1f0afa9cb406a,True,15時間前,2026-10-03 05:11:15,滋賀県
今だけ 第二新卒限定／応援手当50万円支給!／未経験OK／年2回賞与新着,株式会社サクラサクセス,滋賀県,月給28万円～31万,正社員,飲食,求人ボックス,https://xn--pckua2a7gp15o89zb.com/jb/d358f4d3e3a7ac58837e50201a9f9a20,True,9時間前,2026-10-03 05:11:18,滋賀県
キッチンスタッフ新着,エッグスンシングス JAPAN株式会社,滋賀県,"月給23万3,000円",正社員,飲食,求人ボックス,https://xn--pckua2a7gp15o89zb.com/jb/fdfb748a6139bbcfe4361d42039509ed,True,13時間前,2026-10-03 05:11:24,滋賀県
「身近な商品を扱う仕事!」ジオラマ模型軽作業／箱詰め・仕分けスタッフ／年間休日130日以上／寮完備新着,スタッフ,滋賀県,"月給30万9,510円",正社員,飲食,求人ボックス,https://xn--pckua2a7gp15o89zb.com/jbn/99b72b216c84c04426c34777ca602f8c,True,15時間前,2026-10-03 05:11:24,滋賀県
デイサービスでの介護職新着,株式会社あいあい,福岡県,"時給1,114円",アルバイト・パート,介護,求人ボックス,https://xn--pckua2a7gp15o89zb.com/jb/4317e8602026733ad691071204ff246b,True,10時間前,2026-10-03 05:11:07,福岡県
グループホームの介護職・ヘルパー／週末限定／未経験歓迎／安心OJTで始...新着,jobフレンド,福岡県,"時給1,200円～1,700円",アルバイト・パート,介護,求人ボックス,https://xn--pckua2a7gp15o89zb.com/jb/cceb4e141edc3222bce5436c5b3340d7,True,22時間前,2026-10-03 05:11:07,福岡県
介護職・ヘルパー／デイサービス折尾すずらん新着,社会福祉法人すみれ会,福岡県,"時給1,300円～",正社員,介護,求人ボックス,https://xn--pckua2a7gp15o89zb.com/jb/1b8d5be648acdc0564ea4b35e90a99f6,True,10時間前,2026-10-03 05:11:07,福岡県
介護職／有料老人ホーム新着,シューペルブリアン株式会社 住宅型有料老人ホーム...,福岡県,"時給1,300円～1,400円",アルバイト・パート,介護,求人ボックス,https://xn--pckua2a7gp15o89zb.com/jb/95bd98d12d78334591f3cf4c2665ff3f,True,20時間前,2026-10-03 05:11:08,福岡県
介護職／デイサービス・デイケア新着,シューペルブリアン株式会社 デイサービスやまびこ...,福岡県,"月給16万3,500円",正社員,介護,求人ボックス,https://xn--pckua2a7gp15o89zb.com/jb/c54e7c3ccc3dd298333a8229280dd566,True,23時間前,2026-10-03 05:11:08,福岡県
介護職／サ高住新着,シューペルブリアン株式会社 サービス付き高齢者向...,福岡県,"時給1,300円～1,400円",アルバイト・パート,介護,求人ボックス,https://xn--pckua2a7gp15o89zb.com/jb/f989059df093e0e81499832e506b08da,True,22時間前,2026-10-03 05:11:08,福岡県
介護職新着,株式会社あき デイサービスあずき&ベリー,福岡県,"時給1,114円～",アルバイト・パート,介護,求人ボックス,https://xn--pckua2a7gp15o89zb.com/jb/cf3d23367e5bbc3a062354dcadc38647,True,18時間前,2026-10-03 05:11:11,福岡県
介護職／ヘルパー新着,株式会社パラディ 住宅型有料老人ホーム和花,福岡県,"月給15万5,000円",正社員,介護,求人ボックス,https://xn--pckua2a7gp15o89zb.com/jb/1d8663d806976e9f0ce4f3ef6845bc7d,True,22時間前,2026-10-03 05:11:11,福岡県
介護職員・社会保険完備の職場で介護職／ヘルパー新着,こがケアアベニュー宮ノ陣,福岡県,"月給19万8,000円",正社員,介護,求人ボックス,https://xn--pckua2a7gp15o89zb.com/jb/3ed4b221851812bad39e765147cea02f,True,7時間前,2026-10-03 05:11:14,福岡県
ベネッセGの介護職 研修充実／メディカル・リハビリホームグランダ博多新着,株式会社ベネッセスタイルケア,福岡県,"時給1,060円～",アルバイト・パート,介護,求人ボックス,https://xn--pckua2a7gp15o89zb.com/jb/200055020b940c553c3122839664f876,True,4時間前,2026-10-03 05:11:14,福岡県
介護士・社会保険完備の職場で介護職／ヘルパー新着,株式会社あったかいご,福岡県,"月給29万5,000円",正社員,介護,求人ボックス,https://xn--pckua2a7gp15o89zb.com/jb/0469be4b1094a59826ec8b56e922e1be,True,7時間前,2026-10-03 05:11:14,福岡県
訪問介護スタッフ／日勤／実務者研修／ヘルパー1級／介護職／介護士新着,ケアリッツ福岡中央,福岡県,"月給27万5,000円",正社員,介護,求人ボックス,https://xn--pckua2a7gp15o89zb.com/jb/bd9096b3622818f7edeeb6c7ae6a9e85,True,4時間前,2026-10-03 05:11:14,福岡県
週3日～ × 日勤のみOK!可能 介護職新着,株式会社ジャストファイン,福岡県,"時給1,300円～1,550円",派遣社員,介護,求人ボックス,https://xn--pckua2a7gp15o89zb.com/jb/064496fca14f6e9e2388d662d1388814,True,11時間前,2026-10-03 05:11:17,福岡県
介護職／有料老人ホーム新着,株式会社セガン 有料老人ホームげんき,福岡県,"月給18万8,000円",正社員,介護,求人ボックス,https://xn--pckua2a7gp15o89zb.com/jb/b2fa4a8f1d2f2e236805778816024df9,True,19時間前,2026-10-03 05:11:17,福岡県
介護職／有料老人ホーム新着,株式会社颯真 有料老人ホームCOCOSIA大平,福岡県,"月給20万8,500円",正社員,介護,求人ボックス,https://xn--pckua2a7gp15o89zb.com/jb/b5b62ff7b6af0dff50caa3777f9b8e5a,True,22時間前,2026-10-03 05:11:17,福岡県
介護職／グループホーム新着,ソーシャルインクルーホーム大野城大城,福岡県,"日給1万6,103円",アルバイト・パート,介護,求人ボックス,https://xn--pckua2a7gp15o89zb.com/jb/e036ee53bf8f18f0f898ee890dce3186,True,23時間前,2026-10-03 05:11:22,福岡県
介護職／有料老人ホーム新着,株式会社ライフソリューション 住宅型有料老人ホー...,福岡県,"時給1,114円",アルバイト・パート,介護,求人ボックス,https://xn--pckua2a7gp15o89zb.com/jb/675bb447b283e6b2aa3c810223a1eb7f,True,23時間前,2026-10-03 05:11:22,福岡県
介護職／グループホーム新着,株式会社モナトリエ グループホームモンテラッセ,福岡県,日給2万円～2万,アルバイト・パート,介護,求人ボックス,https://xn--pckua2a7gp15o89zb.com/jb/076c12115596c6dce4cedd3ccdcf8f38,True,23時間前,2026-10-03 05:11:22,福岡県
介護職／サ高住新着,株式会社ライフソリューション すまいるほーむ小笹,福岡県,"時給1,114円",アルバイト・パート,介護,求人ボックス,https://xn--pckua2a7gp15o89zb.com/jb/a8b5f82af538d31f589b26601707561d,True,22時間前,2026-10-03 05:11:25,福岡県
介護職／特別養護老人ホーム新着,社会福祉法人新宮偕同園 特別養護老人ホーム新宮偕...,福岡県,"時給1,140円～",アルバイト・パート,介護,求人ボックス,https://xn--pckua2a7gp15o89zb.com/jb/564b372a027af5df63661b3e0b3c2329,True,23時間前,2026-10-03 05:11:25,福岡県
介護職／デイサービス・デイケア新着,株式会社末広福祉会 デイサービスフラワーガーデン,福岡県,"時給1,120円～1,200円",アルバイト・パート,介護,求人ボックス,https://xn--pckua2a7gp15o89zb.com/jb/79372edd66bd6ffb8cd230756af298ff,True,21時間前,2026-10-03 05:11:29,福岡県
介護職／サ高住新着,株式会社ウェルフォース サービス付高齢者向け住宅...,福岡県,"時給1,150円",アルバイト・パート,介護,求人ボックス,https://xn--pckua2a7gp15o89zb.com/jb/3bdbdd69709b2072d638547f9a0bc477,True,20時間前,2026-10-03 05:11:29,福岡県
介護職／デイサービス・デイケア新着,株式会社ライフソリューション すまいるらいふ上山門,福岡県,"時給1,142円～1,341円",アルバイト・パート,介護,求人ボックス,https://xn--pckua2a7gp15o89zb.com/jb/7dac624e92f33d7f04171bb75bbc5198,True,22時間前,2026-10-03 05:11:29,福岡県
デジタルカメラレンズの製造／モクモク作業／未経験OK／20~30代活躍中!新着,三陽工業株式会社,福岡県,月給19万円～36万円,正社員,介護,求人ボックス,https://xn--pckua2a7gp15o89zb.com/jbn/17181a590b76e45efba1bf1a88fe8490,True,14時間前,2026-10-03 05:11:29,福岡県
「公式」介護スタッフ／介護福祉士／PDハウス有田新着,株式会社サンウェルズ／PDハウス有田,福岡県,"月給29万1,000円",正社員,介護,求人ボックス,https://xn--pckua2a7gp15o89zb.com/jb/4d803ec0068410d4e7dc6d58f8191722,True,5時間前,2026-10-03 05:11:29,福岡県
「公式」介護スタッフ／PDハウス野芥新着,株式会社サンウェルズ／PDハウス野芥,福岡県,"月給28万1,000円",正社員,介護,求人ボックス,https://xn--pckua2a7gp15o89zb.com/jb/32569693ceae730cfe3d13bcd389620f,True,5時間前,2026-10-03 05:11:34,福岡県
フォロー体制有 有料老人ホームでの介護新着,株式会社ウィルオブ・ワーク,福岡県,"時給1,350円",正社員,介護,求人ボックス,https://xn--pckua2a7gp15o89zb.com/jb/743969405dad0d7df7bd04b8c0a9beb6,True,19時間前,2026-10-03 05:11:34,福岡県
住宅型老人ホームでの夜勤専従新着,株式会社ドリームキャッチャー,福岡県,"日給2万2,000円",アルバイト・パート,介護,求人ボックス,https://xn--pckua2a7gp15o89zb.com/jb/950c5a3028c69db1e1304d38ceadc39c,True,10時間前,2026-10-03 05:11:34,福岡県
夜勤専従・生活支援員・世話人・無資格可の生活支援員新着,グループホームten原,福岡県,"時給1,114円～1,200円",アルバイト・パート,介護,求人ボックス,https://xn--pckua2a7gp15o89zb.com/jb/85f78ef8a2a4f83982e6177b5356f8da,True,7時間前,2026-10-03 05:11:38,福岡県
夜勤専従・世話人・無資格可の生活支援員新着,グループホームten 別府,福岡県,"時給1,114円～1,196円",アルバイト・パート,介護,求人ボックス,https://xn--pckua2a7gp15o89zb.com/jb/d0bdaeb242a0cf0e680ee2a7b051ab5d,True,7時間前,2026-10-03 05:11:38,福岡県
医療事務 経験者限定求人 2倍の人員配置で残業無し 子育て中の方を応援新着,まつもと整形外科,福岡県,月給20万200円,正社員,医療事務,求人ボックス,https://xn--pckua2a7gp15o89zb.com/jb/b57c23e5930f6cca7982c5628ed1bc3a,True,12時間前,2026-10-03 05:11:18,福岡県
皮膚科クリニックの医療事務新着,もりた皮ふ科・アレルギー科クリニック,福岡県,月給20万円～28万円,正社員,医療事務,求人ボックス,https://xn--pckua2a7gp15o89zb.com/jbn/3e8eb4d5a332f3e0251d7eec2a0171ae,True,23時間前,2026-10-03 05:11:18,福岡県
医療事務×広報サポート新着,医療事務,福岡県,"月給19万4,070円",正社員,医療事務,求人ボックス,https://xn--pckua2a7gp15o89zb.com/jb/5ac11cb30a79dc19595a5a91476ff45c,True,13時間前,2026-10-03 05:11:18,福岡県
社会保険完備の職場で医療事務／受付新着,有限会社エヌホー なかしま内科・糖尿病・腎クリニ...,福岡県,"月給17万5,000円",正社員,医療事務,求人ボックス,https://xn--pckua2a7gp15o89zb.com/jb/086720333c2040d4e46142e8ddbcd46f,True,7時間前,2026-10-03 05:11:18,福岡県
医療事務募集新着,スマイルケア訪問看護ステーション粕屋,福岡県,"時給1,200円",アルバイト・パート,医療事務,求人ボックス,https://xn--pckua2a7gp15o89zb.com/jb/49249dd8ac38a6ab20bad11e922be333,True,7時間前,2026-10-03 05:11:19,福岡県
医療事務／クリニック新着,医療法人白土医院,福岡県,月給19万円～20万円,正社員,医療事務,求人ボックス,https://xn--pckua2a7gp15o89zb.com/jb/65c59e204fc4342a0e5910448e7d553e,True,10時間前,2026-10-03 05:11:19,福岡県
医療事務／クリニック新着,医療法人かきうち小児科,福岡県,月給18万円～19万,正社員,医療事務,求人ボックス,https://xn--pckua2a7gp15o89zb.com/jb/6aced224787dac005de6e1a98c55cfbc,True,10時間前,2026-10-03 05:11:19,福岡県
医療事務／ケアミックス病院新着,医療法人清明会 やよいがおか鹿毛病院,福岡県,"月給15万2,080円",正社員,医療事務,求人ボックス,https://xn--pckua2a7gp15o89zb.com/jb/2c9971ea77d5c7b32b6a111762c3c58c,True,10時間前,2026-10-03 05:11:19,福岡県
医療事務募集新着,かきうち小児科,福岡県,"月給21万8,800円",正社員,医療事務,求人ボックス,https://xn--pckua2a7gp15o89zb.com/jb/67fbec8a46bced395ac08cafa3f88246,True,7時間前,2026-10-03 05:11:19,福岡県
事務員・社会保険完備の職場で医療事務／受付新着,障害者支援施設 志摩学園,福岡県,"月給23万4,001円",正社員,医療事務,求人ボックス,https://xn--pckua2a7gp15o89zb.com/jb/9ccd6fecd6084025852199f8de73fd95,True,7時間前,2026-10-03 05:11:19,福岡県
医療事務募集新着,アーク鍼灸整骨院 姪浜院,福岡県,"時給1,114円～1,500円",アルバイト・パート,医療事務,求人ボックス,https://xn--pckua2a7gp15o89zb.com/jb/a20a1015029a1c9538a8d556c878d883,True,7時間前,2026-10-03 05:11:22,福岡県
医療事務／平日休みあり 駅近!フォローあり 指導も丁寧 未経験OK新着,株式会社スタッフサービス,福岡県,"時給1,300円～",派遣社員,医療事務,求人ボックス,https://xn--pckua2a7gp15o89zb.com/jb/d6ecc15ec0eb72e9315a7ed91412731e,True,16時間前,2026-10-03 05:11:22,福岡県
訪問診療クリニックでの事務サポート新着,一般社団法人プラタナス／すずかけ訪問診療クリニック,福岡県,月給24万円～,正社員,医療事務,求人ボックス,https://xn--pckua2a7gp15o89zb.com/jb/0b9faa23e88f27132768e9b1d8562c69,True,19時間前,2026-10-03 05:11:22,福岡県
ペットショップの接客・販売スタッフ／初めての仕事でも安心／福利厚生／週5日からOK新着,株式会社犬の家 シュロアモール筑紫野店,福岡県,"月給19万2,000円",正社員,医療事務,求人ボックス,https://xn--pckua2a7gp15o89zb.com/jbn/174fceb6b2307bdc84d922abfa9a37a8,True,22時間前,2026-10-03 05:11:22,福岡県
未経験者も歓迎!「産業医科大学病院 総合受付 事務スタッフ募集」土日祝日お休み新着,有限会社医療事務研究会,福岡県,"月給17万3,000円",正社員,医療事務,求人ボックス,https://xn--pckua2a7gp15o89zb.com/jb/a806d91e4781f67d9c6b55281d8d7db8,True,4時間前,2026-10-03 05:11:22,福岡県
調剤薬局受付業務・配送業務新着,株式会社のぞみメディカル 有限会社のぞみメディクス,福岡県,月給18万円,正社員,医療事務,求人ボックス,https://xn--pckua2a7gp15o89zb.com/jb/76c2a564e1efbeebccb67c895716b1b3,True,22時間前,2026-10-03 05:11:22,福岡県
コールセンター管理者 予約日調整の窓口新着,AMUSE株式会社,福岡県,"時給1,900円～2,375円",派遣社員,医療事務,求人ボックス,https://xn--pckua2a7gp15o89zb.com/jb/3b8aa153077721299f8886b7088a4a26,True,4時間前,2026-10-03 05:11:22,福岡県
ウエルシアで調剤事務 実務経験&有資格者歓迎 PC得意な方 ブランクOK!しゅふに理解あり!新着,ウエルシア薬局株式会社,福岡県,"時給1,157円",アルバイト・パート,医療事務,求人ボックス,https://xn--pckua2a7gp15o89zb.com/jb/290280d8286ab9e1a0bb5a51717d9ade,True,14時間前,2026-10-03 05:11:25,福岡県
外来診療受付スタッフ／社会医療法人陽明会 小波瀬病院新着,株式会社メディカル・プラネット,福岡県,"時給1,114円～",派遣社員,医療事務,求人ボックス,https://xn--pckua2a7gp15o89zb.com/jb/f9a57915eb92001aa776e357248c97e4,True,12時間前,2026-10-03 05:11:25,福岡県
アパレルブランドのショップスタッフ!600店舗以上から自分にピッタリのブランドを探せる新着,株式会社ウィルオブ・ワーク,福岡県,月給23万円～25万円,正社員,医療事務,求人ボックス,https://xn--pckua2a7gp15o89zb.com/jb/2815a0d893797e91aec9fc48ffd666b0,True,17時間前,2026-10-03 05:11:25,福岡県
事務・受付事務「正社員」PC入力ができればOK／定時退社・PC入力業務新着,JHR株式会社,福岡県,月給28万円～46万円,正社員,医療事務,求人ボックス,https://xn--pckua2a7gp15o89zb.com/jb/fa10652b3285ea576b32c7637eb828fd,True,20時間前,2026-10-03 05:11:25,福岡県
未経験OK!地下鉄室見駅上にある薬局での薬局事務、調剤補助新着,株式会社ウィズダム,福岡県,月給17万円～30万円,正社員,医療事務,求人ボックス,https://xn--pckua2a7gp15o89zb.com/jb/612504b45a60c32e38b01edfcf0ddb08,True,19時間前,2026-10-03 05:11:25,福岡県
「数を確認してパッケージするだけ」／ノベルティグッズの検品・パッケージ／職歴不問／人柄重視新着,株式会社SNJAPAN,福岡県,月給36万円～39万円,正社員,医療事務,求人ボックス,https://xn--pckua2a7gp15o89zb.com/jbn/26ec5de99581679e7e8e0f9469c9ab3f,True,15時間前,2026-10-03 05:11:28,福岡県
「数を確認するだけの検品作業」／スマートフォンケースの検品作業／職歴不問／空調完備新着,株式会社Tetote,福岡県,月給30万円～33万円,正社員,医療事務,求人ボックス,https://xn--pckua2a7gp15o89zb.com/jbn/9fb0cbde3798de5a15105cbfd831bf3a,True,15時間前,2026-10-03 05:11:28,福岡県
20代から始める安定ワーク／契約書管理事務／オフィスワーク／研修充実新着,事務,福岡県,"月給28万6,000円",正社員,医療事務,求人ボックス,https://xn--pckua2a7gp15o89zb.com/jbn/19f7cd776acc7c87448fe3d4f64f63b1,True,6時間前,2026-10-03 05:11:28,福岡県
ごみの運搬・選別作業新着,ヒューマンブリッジ株式会社,福岡県,"時給1,400円～1,750円",派遣社員,医療事務,求人ボックス,https://xn--pckua2a7gp15o89zb.com/jb/ddad72dfbbfc1e29b4f4c992456082eb,True,10時間前,2026-10-03 05:11:28,福岡県
エミナルクリニックの受付／未経験OK!月25万円 美容施術最大90%オフ新着,株式会社ディンプル,福岡県,月給25万円,正社員,医療事務,求人ボックス,https://xn--pckua2a7gp15o89zb.com/jb/f650ec1a6ad378ab9933e82242213f0b,True,11時間前,2026-10-03 05:11:28,福岡県
調剤薬局事務／西鉄津福駅徒歩5分、完全週休2日制、ブランクありOK新着,株式会社まちのくすり屋さん,福岡県,月給18万円～26万円,正社員,医療事務,求人ボックス,https://xn--pckua2a7gp15o89zb.com/jb/93def50803803c496a672ff35f61c8ed,True,2時間前,2026-10-03 05:11:28,福岡県
はじめてでも安心の研修あり／購買事務／オフィスワーク／スピード選考新着,事務,福岡県,"月給31万8,000円",正社員,医療事務,求人ボックス,https://xn--pckua2a7gp15o89zb.com/jbn/73ea84abc76497f15d0a13f953f86fa0,True,6時間前,2026-10-03 05:11:31,福岡県
軽い部品中心で始めやすい!／ゲームカードケースの加工補助スタッフ／年間休日125日以上／高収入可新着,社会インフラや,福岡県,"月給45万4,000円",正社員,医療事務,求人ボックス,https://xn--pckua2a7gp15o89zb.com/jbn/04c30a18dd71c8107e86b69c4800db5c,True,12時間前,2026-10-03 05:11:31,福岡県
経理スタッフ・一般事務／管理部門新着,株式会社シーズ・ワン,福岡県,"時給1,120円～1,400円",アルバイト・パート,医療事務,求人ボックス,https://xn--pckua2a7gp15o89zb.com/jb/f79de76c09c3a58b5907b4143b2c3df5,True,7時間前,2026-10-03 05:11:31,福岡県
自分らしく働ける環境／医療系データ事務／オフィスワーク／土日祝休み相談可新着,医療,福岡県,"月給33万7,000円",正社員,医療事務,求人ボックス,https://xn--pckua2a7gp15o89zb.com/jbn/79db255d022b79add53b6ba02fb533a4,True,6時間前,2026-10-03 05:11:31,福岡県
キャリアチェンジ歓迎／郵送物対応事務／オフィスワーク／土日祝休み相談可新着,事務,福岡県,"月給30万5,000円",正社員,医療事務,求人ボックス,https://xn--pckua2a7gp15o89zb.com/jbn/716fb3c2982964f67e79870d1bc7e41c,True,6時間前,2026-10-03 05:11:31,福岡県
タクシー会社の運行管理者新着,清流タクシー有限会社,福岡県,月給23万円～30万円,正社員,医療事務,求人ボックス,https://xn--pckua2a7gp15o89zb.com/jb/8f708da170e4214a45906eaec376dda9,True,10時間前,2026-10-03 05:11:34,福岡県
土日祝休み相談OK／研修サポート事務／オフィスワーク／土日祝休み相談可新着,事務,福岡県,月給30万円～36万円,正社員,医療事務,求人ボックス,https://xn--pckua2a7gp15o89zb.com/jbn/6aebf358b8898cb3073c1cbb1cb77a90,True,6時間前,2026-10-03 05:11:34,福岡県
住宅型有料老人ホームでの事務業務新着,株式会社あいあい,福岡県,"時給1,114円",アルバイト・パート,医療事務,求人ボックス,https://xn--pckua2a7gp15o89zb.com/jb/ec4cf777717c191391a7dc7b6078ce2a,True,10時間前,2026-10-03 05:11:34,福岡県
20代30代に人気の製品づくり!／クリアポーチの部品セットスタッフ／週休2日制／寮費無料新着,社会インフラや,福岡県,"月給42万6,000円",正社員,医療事務,求人ボックス,https://xn--pckua2a7gp15o89zb.com/jbn/c8f170d10b531f26fcfc3efac664d678,True,12時間前,2026-10-03 05:11:34,福岡県
土日祝休み 介護保険に関わる事務業務新着,株式会社日本ビジネスデータープロセシングセンター,福岡県,"時給1,140円～",アルバイト・パート,医療事務,求人ボックス,https://xn--pckua2a7gp15o89zb.com/jb/c7e4f88dd40382965a45c318efe16164,True,4時間前,2026-10-03 05:11:37,福岡県
介護用品レンタル会社の一般事務スタッフ新着,フランスベッド株式会社,福岡県,"時給1,200円",アルバイト・パート,医療事務,求人ボックス,https://xn--pckua2a7gp15o89zb.com/jb/e3008a563e367805723348786a18a5fd,True,18時間前,2026-10-03 05:11:37,福岡県
福利厚生充実 昇給年1回 賞与年2回 手当充実新着,株式会社Progress Group,福岡県,"月給34万8,000円",正社員,医療事務,求人ボックス,https://xn--pckua2a7gp15o89zb.com/jb/dc061924b337381a1ea3c0006ecd03e2,True,9時間前,2026-10-03 05:11:37,福岡県
おうちの買取・リフォーム企画・販売／お引き渡しまでの企画営業職新着,株式会社カチタス 飯塚店,福岡県,年収350万円～550万円,正社員,医療事務,求人ボックス,https://xn--pckua2a7gp15o89zb.com/jb/8704766b537ca57a05c3eae85fbef05e,True,22時間前,2026-10-03 05:11:37,福岡県
月収30万円以上を目指せる／総務アシスタント事務／オフィスワーク／研修充実新着,事務,福岡県,"月給28万3,000円",正社員,医療事務,求人ボックス,https://xn--pckua2a7gp15o89zb.com/jbn/c568631823a3ea378327a3bf5ce92aed,True,6時間前,2026-10-03 05:11:37,福岡県
コツコツ派に人気の仕事／営業サポート事務／オフィスワーク／研修充実新着,事務,福岡県,"月給28万5,000円",正社員,医療事務,求人ボックス,https://xn--pckua2a7gp15o89zb.com/jbn/a186c7e75cdb55a71734d7689c7bef5a,True,6時間前,2026-10-03 05:11:37,福岡県
毎日使うものを支える工場勤務!／携帯ゲーム機カバーの出荷前確認スタッフ／即入寮OK／ボーナスあり新着,社会インフラや,福岡県,"月給43万6,000円",正社員,医療事務,求人ボックス,https://xn--pckua2a7gp15o89zb.com/jbn/5537882343b43f64164cfb3c814f7e8d,True,12時間前,2026-10-03 05:11:41,福岡県
新生活にもなじみやすい製造職!／収納ボックスキャスターの組立スタッフ／月収45万以上可／土日休みあり新着,社会インフラや,福岡県,月給33万円～36万,正社員,医療事務,求人ボックス,https://xn--pckua2a7gp15o89zb.com/jbn/b25497c9087a48f9696aacbc25c349fc,True,12時間前,2026-10-03 05:11:41,福岡県
おうちの買取・リフォーム企画・販売／お引き渡しまでの企画営業職新着,株式会社カチタス 大牟田店,福岡県,年収350万円～550万円,正社員,医療事務,求人ボックス,https://xn--pckua2a7gp15o89zb.com/jb/54093ee9c8171560a799f6c0b720438a,True,22時間前,2026-10-03 05:11:41,福岡県
スマホ周辺アイテムの工場ワーク!／スマホ保護フィルムの加工補助スタッフ／正社員採用／即入寮OK新着,社会インフラや,福岡県,"月給35万6,000円",正社員,医療事務,求人ボックス,https://xn--pckua2a7gp15o89zb.com/jbn/036adb68953c72943ebecfcd5e735485,True,12時間前,2026-10-03 05:11:41,福岡県
おうちの買取・リフォーム企画・販売／お引き渡しまでの企画営業職新着,株式会社カチタス 北九州店,福岡県,年収350万円～550万円,正社員,医療事務,求人ボックス,https://xn--pckua2a7gp15o89zb.com/jb/8fd753b8a5aff9061c79790cde94655b,True,22時間前,2026-10-03 05:11:41,福岡県
おうちの買取・リフォーム企画・販売／お引き渡しまでの企画営業職新着,株式会社カチタス 久留米店,福岡県,年収350万円～550万円,正社員,医療事務,求人ボックス,https://xn--pckua2a7gp15o89zb.com/jb/df19902f43820f0c87ee4359450772d4,True,22時間前,2026-10-03 05:11:41,福岡県
スピード選考で早めに働ける／スケジュール管理事務／オフィスワーク／研修充実新着,事務,福岡県,"月給32万4,000円",正社員,医療事務,求人ボックス,https://xn--pckua2a7gp15o89zb.com/jbn/2e8c4a0d6de1722870b27d473ac94007,True,6時間前,2026-10-03 05:11:41,福岡県
調剤事務／店舗運営スタッフ・調剤事務新着,Cycle Pharmacy,福岡県,"月給20万9,828円",正社員,医療事務,求人ボックス,https://xn--pckua2a7gp15o89zb.com/jb/c62dfb5b87c823e492bf0b839d937a3e,True,7時間前,2026-10-03 05:11:41,福岡県
自分らしく働ける環境／一般事務／オフィスワーク新着,事務,福岡県,"月給28万7,000円",正社員,医療事務,求人ボックス,https://xn--pckua2a7gp15o89zb.com/jbn/721f20b4c3d0903c611c45e657e88d57,True,6時間前,2026-10-03 05:11:46,福岡県
調剤薬局の薬剤師新着,グロウトレイル株式会社,福岡県,"月給31万5,000円",正社員,医療事務,求人ボックス,https://xn--pckua2a7gp15o89zb.com/jb/31570cd9d6b00511dfaab9b385ad92b6,True,18時間前,2026-10-03 05:11:46,福岡県
おうちの買取・リフォーム企画・販売／お引き渡しまでの企画営業職新着,株式会社カチタス 福岡東店,福岡県,年収350万円～550万円,正社員,医療事務,求人ボックス,https://xn--pckua2a7gp15o89zb.com/jb/64eab1ca7ecda4132629634c9b748a85,True,22時間前,2026-10-03 05:11:46,福岡県
一般事務・OA事務 ／ 人事 ／安定の医療法人／年休124日新着,医療法人社団仁明会,福岡県,年収327万円～387万円,正社員,医療事務,求人ボックス,https://xn--pckua2a7gp15o89zb.com/jb/18fe5ef0c3501da61c91a2826293a1e5,True,19時間前,2026-10-03 05:11:46,福岡県
製品検査修理 ／ 一般事務・OA事務 ／駅チカ5分 あんしん長期 事務×外出もあり新着,パーソルテンプスタッフ株式会社,福岡県,"時給1,500円～1,600円",派遣社員,医療事務,求人ボックス,https://xn--pckua2a7gp15o89zb.com/jb/cfa290a923ead3459ee348fade66bb17,True,15時間前,2026-10-03 05:11:46,福岡県
午後から 放課後等デイサービスの保育士スタッフ新着,株式会社希成,福岡県,"時給1,500円～",アルバイト・パート,保育,求人ボックス,https://xn--pckua2a7gp15o89zb.com/jb/c9ea7717d4c3ba66ddd7722e400da823,True,13時間前,2026-10-03 05:11:30,福岡県
併設保育園の保育士新着,ヒューマンブリッジ株式会社,福岡県,月給22万円～,正社員,保育,求人ボックス,https://xn--pckua2a7gp15o89zb.com/jb/e4e92db611296d5d01eeab898a6ff0c5,True,10時間前,2026-10-03 05:11:31,福岡県
書類作成なしピアノが弾けない方も歓迎16時半までに退勤できる保育士新着,保育,福岡県,"時給1,100円～1,300円",アルバイト・パート,保育,求人ボックス,https://xn--pckua2a7gp15o89zb.com/jb/0023c0a45f5d5ab5ca5d780acb3b520d,True,12時間前,2026-10-03 05:11:31,福岡県
放課後等デイサービス支援員・保育士募集・ボーナス・賞与あり新着,Root.久留米,福岡県,"時給1,160円～1,220円",アルバイト・パート,保育,求人ボックス,https://xn--pckua2a7gp15o89zb.com/jb/c03b1e883d8189c6d0522d6d09008071,True,7時間前,2026-10-03 05:11:34,福岡県
保育士募集・ボーナス・賞与あり新着,放課後等デイサービスcolor樋井川教室,福岡県,月給24万800円,正社員,保育,求人ボックス,https://xn--pckua2a7gp15o89zb.com/jb/f56d8af29d401cccf9c1245a7b34a79c,True,7時間前,2026-10-03 05:11:34,福岡県
主担任のサポートからスタート未経験ブランクも歓迎の保育士新着,保育,福岡県,"時給1,100円～1,300円",アルバイト・パート,保育,求人ボックス,https://xn--pckua2a7gp15o89zb.com/jb/9ec3dc08950c147984457a3776c48f93,True,12時間前,2026-10-03 05:11:34,福岡県
放課後等デイサービス支援員・保育士募集・ボーナス・賞与あり新着,Root.柳川,福岡県,"時給1,160円～1,220円",アルバイト・パート,保育,求人ボックス,https://xn--pckua2a7gp15o89zb.com/jb/c2ee3d061237163dfc7b2959aa354a42,True,7時間前,2026-10-03 05:11:34,福岡県
保育士新着,保育,福岡県,"時給1,100円～1,300円",アルバイト・パート,保育,求人ボックス,https://xn--pckua2a7gp15o89zb.com/jb/4664dbd552e0bc79c09b1d6d1a4636f8,True,13時間前,2026-10-03 05:11:38,福岡県
保育士募集・ボーナス・賞与あり新着,COMPASS下到津,福岡県,"月給21万5,000円",契約社員,保育,求人ボックス,https://xn--pckua2a7gp15o89zb.com/jb/983c33872fcf83e5b20e5e35a5df9c5e,True,7時間前,2026-10-03 05:11:38,福岡県
カムラックグループでの保育士／「IT×福祉」で福岡を代表する企業!新着,株式会社カムラック,福岡県,月給23万円～30万円,正社員,保育,求人ボックス,https://xn--pckua2a7gp15o89zb.com/jb/6cdefe0a1d832570b563ee3a620235ed,True,11時間前,2026-10-03 05:11:41,福岡県
保育園からの転職も歓迎!手厚い配置で子どもたち一人ひとりに寄り添う保育士新着,保育,福岡県,"月給21万5,000円",正社員,保育,求人ボックス,https://xn--pckua2a7gp15o89zb.com/jb/1cf2b0e390bbb4642bd65f12c5fd081a,True,13時間前,2026-10-03 05:11:41,福岡県
放課後等デイサービス支援員・保育士募集・ボーナス・賞与あり新着,Root.みやき,福岡県,"時給1,140円～1,200円",アルバイト・パート,保育,求人ボックス,https://xn--pckua2a7gp15o89zb.com/jb/6616fb0598b55e35031f3d1b0f0cbcbc,True,7時間前,2026-10-03 05:11:45,福岡県
保育士／企業内保育園・企業主導型／四季の色保育園 博多園新着,株式会社ten,福岡県,"時給1,148円～1,236円",アルバイト・パート,保育,求人ボックス,https://xn--pckua2a7gp15o89zb.com/jb/b053571fa5d235688db2f29ec1230049,True,4時間前,2026-10-03 05:11:45,福岡県
昇給／賞与年2回あり! 成長企業で安定勤務可能!放課後等デイサービススタッフでの保育士新着,有限会社スマイル・グット,福岡県,月給25万円～,正社員,保育,求人ボックス,https://xn--pckua2a7gp15o89zb.com/jb/93ef84ecc612dc8c5399d503dd0622c0,True,4時間前,2026-10-03 05:11:48,福岡県
保育士／急募 時給1500円／即日～／小規模／保育補助／勤務条件相談O...新着,株式会社アスカ,福岡県,時給1500円,派遣社員,保育,求人ボックス,https://xn--pckua2a7gp15o89zb.com/jb/652d79c9f8288d4693b8bbbeb2b9db75,True,13時間前,2026-10-03 05:11:51,福岡県
保育士 中・小規模園で乳児の見守り新着,株式会社ウィルオブ・ワーク,福岡県,"時給1,500円",派遣社員,保育,求人ボックス,https://xn--pckua2a7gp15o89zb.com/jb/7c9b085fad361a4060a670aa6d90a6de,True,12時間前,2026-10-03 05:11:54,福岡県
保育士／高額求人・賞与4.50ヶ月／年間休日111日 子ども主体の保育...新着,横手つばさ保育園,福岡県,月給22万700円,正社員,保育,求人ボックス,https://xn--pckua2a7gp15o89zb.com/jb/eeb4a770357b4c3b221d2f04bd12efff,True,23時間前,2026-10-03 05:11:57,福岡県
データ入力・未経験OK「ネイルOK／服装自由」土日休み／残業なし「20代活躍中」新着,...<こんな方にぴったり>・前向きな気持ちで事務職に挑戦したい・仕事/プライベートのメリハリをつけたい・スキルを身につけて長期的に活躍したいー こんな前職の方が入社中ー接客業/販売業/飲食店/,福岡県,"月給20万7,000円",正社員,保育,求人ボックス,https://xn--pckua2a7gp15o89zb.com/jbn/08f1bb46f6799b72f5204cde5de424f8,True,23時間前,2026-10-03 05:11:57,福岡県
一般事務・未経験OK「ネイルOK・服装自由」土日休み・残業なし・20代活躍中新着,...前向きな気持ちで事務職に挑戦したい・仕事/プライベートのメリハリをつけたい・スキルを身につけて長期的に活躍したいー こんな前職の方が入社中ー接客業/販売業/飲食店/保育士/看護師ネイリスト/トリ,福岡県,"月給20万7,000円",正社員,美容,求人ボックス,https://xn--pckua2a7gp15o89zb.com/jbn/d93286b376c5369b62616c315b02db5e,True,22時間前,2026-10-03 05:11:42,福岡県
受付事務 完全週休2日制・服装自由 20代活躍中・未経験歓迎／WEB選考新着,...前向きな気持ちで事務職デビューしたい方・仕事/プライベートのメリハリをつけたい方・スキル/資格を身につけ長期で活躍したい方ー こんな前職の方が入社中ー接客業/販売業/飲食/看護師/保育士/調理師,福岡県,"月給20万7,000円",正社員,美容,求人ボックス,https://xn--pckua2a7gp15o89zb.com/jbn/dc03be1a632818cfe35e1ae1acd6f0e0,True,23時間前,2026-10-03 05:11:42,福岡県
インストラクター・トレーナー／施術者／RICHE.coco新着,株式会社riche beauty,福岡県,"月給27万2,000円",正社員,美容,求人ボックス,https://xn--pckua2a7gp15o89zb.com/jb/b17504ce16cd363233979c66839be536,True,13時間前,2026-10-03 05:11:42,福岡県
「新生活デビュー応援!」未経験採用枠／製造工場での軽作業・カプセルトイ／研修充実新着,NKY株式会社,福岡県,月給28万円～50万円,正社員,美容,求人ボックス,https://xn--pckua2a7gp15o89zb.com/jb/54498416998c5778eb16835bbe1c8bc5,True,19時間前,2026-10-03 05:11:42,福岡県
「まだ間に合う!」未経験採用枠／ガチャガチャ製造／プライベート充実新着,株式会社ライトキャリア,福岡県,月給28万円～50万円,正社員,美容,求人ボックス,https://xn--pckua2a7gp15o89zb.com/jb/fc4c06cd6b7e6f8dadd5465e0e50a989,True,20時間前,2026-10-03 05:11:42,福岡県
お休みたっぷり 未経験からムリなく働く 事務 福岡勤務新着,株式会社スタッフサービス,福岡県,"月給17万8,500円",正社員,美容,求人ボックス,https://xn--pckua2a7gp15o89zb.com/jb/36de4ad2f8dc958bbc166e890b9190d6,True,23時間前,2026-10-03 05:11:42,福岡県
訪問看護師「福岡南」新着,未経験OK,福岡県,"月給28万8,760円",正社員,美容,求人ボックス,https://xn--pckua2a7gp15o89zb.com/jb/2261358a21f4f8e9d3fcf9d86d44480c,True,13時間前,2026-10-03 05:11:43,福岡県
美容・エステサロン勤務新着,リンパマッサージ NATURAL 久留米店,福岡県,"時給1,130円～",アルバイト・パート,美容,求人ボックス,https://xn--pckua2a7gp15o89zb.com/jb/a01a88a3f8430c944d5e6a47e4dfa223,True,7時間前,2026-10-03 05:11:43,福岡県
定時ぴったり おじいちゃんおばあちゃんの見守りスタッフ／未経験OK新着,株式会社ウィルオブ・ワーク,福岡県,"時給1,300円",派遣社員,美容,求人ボックス,https://xn--pckua2a7gp15o89zb.com/jb/a7a75a17281793c2dd56910644a9c2b0,True,19時間前,2026-10-03 05:11:43,福岡県
准看護師／クリニック／こがじゅんこクリニック新着,医療法人大顕会 こがじゅんこクリニック,福岡県,"月給21万2,000円",,美容,求人ボックス,https://xn--pckua2a7gp15o89zb.com/jb/ede688a42eab840c5126039c0a916ed5,True,21時間前,2026-10-03 05:11:43,福岡県
データ入力事務・未経験OK「ネイルOK」土日祝休み・残業なし「20代活躍中」新着,...前向きな気持ちで事務職に挑戦したい・仕事/プライベートのメリハリをつけたい・スキルを身につけて長期的に活躍したいー こんな前職の方が入社中ー接客業/販売業/飲食店/保育士/看護師ネイリスト/トリ,福岡県,"月給20万6,500円",正社員,美容,求人ボックス,https://xn--pckua2a7gp15o89zb.com/jbn/e088404ff711838aff35c08931b3c7d0,True,23時間前,2026-10-03 05:11:46,福岡県
データ入力事務／未経験OK「ネイルOK」土日祝休み／残業なし「20代女性活躍中」新着,美容師,福岡県,"月給20万5,500円",正社員,美容,求人ボックス,https://xn--pckua2a7gp15o89zb.com/jbn/0290ef9eca9432f8a131125423ee3176,True,23時間前,2026-10-03 05:11:46,福岡県
データ入力「土日祝休み・残業なし・服装自由」20代活躍中・未経験OK／履歴書不要新着,...前向きな気持ちで事務職デビューしたい方・仕事/プライベートのメリハリをつけたい方・スキル/資格を身につけ長期で活躍したい方ー こんな前職の方が入社中ー接客業/販売業/飲食/看護師/保育士/調理師,福岡県,"月給20万3,500円",正社員,美容,求人ボックス,https://xn--pckua2a7gp15o89zb.com/jbn/7e0147ad0e364c50b2a03cef88f15f57,True,22時間前,2026-10-03 05:11:46,福岡県
受付事務「完全週休2日制・残業なし・正社員」20代活躍中・未経験OK／履歴書不要新着,...前向きな気持ちで事務職デビューしたい方・仕事/プライベートのメリハリをつけたい方・スキル/資格を身につけ長期で活躍したい方ー こんな前職の方が入社中ー接客業/販売業/飲食/看護師/保育士/調理師,福岡県,"月給20万5,500円",正社員,美容,求人ボックス,https://xn--pckua2a7gp15o89zb.com/jbn/a123fe981ab0673f2c87d92def83777e,True,23時間前,2026-10-03 05:11:46,福岡県
一般事務 土日祝休み／賞与あり 20代女性活躍中・未経験歓迎／履歴書不要新着,...前向きな気持ちで事務職デビューしたい方・仕事/プライベートのメリハリをつけたい方・スキル/資格を身につけ長期で活躍したい方ー こんな前職の方が入社中ー接客業/販売業/飲食/看護師/保育士/調理師,福岡県,"月給20万5,000円",正社員,美容,求人ボックス,https://xn--pckua2a7gp15o89zb.com/jbn/67ba9595ffdd051af7091c5142af2dcd,True,22時間前,2026-10-03 05:11:46,福岡県
一般事務／20代女性活躍中・未経験OK／土日祝休み／服装自由／WEB選考新着,...前向きな気持ちで事務職デビューしたい方・仕事/プライベートのメリハリをつけたい方・スキル/資格を身につけ長期で活躍したい方ー こんな前職の方が入社中ー接客業/販売業/飲食/看護師/保育士/調理師,福岡県,"月給20万9,000円",正社員,美容,求人ボックス,https://xn--pckua2a7gp15o89zb.com/jbn/97399bb10c5859b75bf64152bc4e15e0,True,21時間前,2026-10-03 05:11:46,福岡県
一般事務「残業なし・ネイルOK・正社員」未経験歓迎・20代女性活躍中／履歴書不要新着,...前向きな気持ちで事務職デビューしたい方・仕事/プライベートのメリハリをつけたい方・スキル/資格を身につけ長期で活躍したい方ー こんな前職の方が入社中ー接客業/販売業/飲食/看護師/保育士/調理師,福岡県,"月給20万6,900円",正社員,美容,求人ボックス,https://xn--pckua2a7gp15o89zb.com/jbn/2329938f09b5cef05d4188fd145a35e6,True,22時間前,2026-10-03 05:11:46,福岡県
一般事務「完全週休2日制・服装自由・正社員」20代活躍中・未経験歓迎／WEB選考新着,...前向きな気持ちで事務職デビューしたい方・仕事/プライベートのメリハリをつけたい方・スキル/資格を身につけ長期で活躍したい方ー こんな前職の方が入社中ー接客業/販売業/飲食/看護師/保育士/調理師,福岡県,"月給20万8,000円",正社員,美容,求人ボックス,https://xn--pckua2a7gp15o89zb.com/jbn/d8d451ff11c5c7f54283c95a3c4e02de,True,22時間前,2026-10-03 05:11:50,福岡県
データ入力 20代活躍中・未経験歓迎／履歴書不要新着,...前向きな気持ちで事務職デビューしたい方・仕事/プライベートのメリハリをつけたい方・スキル/資格を身につけ長期で活躍したい方ー こんな前職の方が入社中ー接客業/販売業/飲食/看護師/保育士/調理師,福岡県,"月給20万8,000円",正社員,美容,求人ボックス,https://xn--pckua2a7gp15o89zb.com/jbn/3c1b4b1113d0f08d2391f231b45b4610,True,22時間前,2026-10-03 05:11:50,福岡県
OA事務／充実の研修で安心スタート!／経験者優遇／週休2日制／若手活躍中新着,「土日休みの友達と予定を合わせたい」そんなきっかけでのご応募も大歓迎です!第二新卒・既卒の方、フリーターからの社会人デビューも応援します。アパレル・カフェ・,福岡県,月給20万500円,正社員,美容,求人ボックス,https://xn--pckua2a7gp15o89zb.com/jbn/fafd2189f006ea5988b8c46fd77b7698,True,23時間前,2026-10-03 05:11:50,福岡県
受付事務 土日祝休み・残業なし 未経験OK・20代活躍中／オンライン面接新着,...前向きな気持ちで事務職デビューしたい方・仕事/プライベートのメリハリをつけたい方・スキル/資格を身につけ長期で活躍したい方ー こんな前職の方が入社中ー接客業/販売業/飲食/看護師/保育士/調理師,福岡県,"月給20万8,500円",正社員,美容,求人ボックス,https://xn--pckua2a7gp15o89zb.com/jbn/7d8810c467ebbc32efa89e28979b7060,True,22時間前,2026-10-03 05:11:50,福岡県
営業事務／年間休日125日／手厚いフォロー／充実の研修で安心スタート新着,「土日休みの友達と予定を合わせたい」そんなきっかけでのご応募も大歓迎です!第二新卒・既卒の方、フリーターからの社会人デビューも応援します。アパレル・カフェ・,福岡県,月給20万500円,正社員,美容,求人ボックス,https://xn--pckua2a7gp15o89zb.com/jbn/d9e234af8a19517aad6c957ef57f4892,True,23時間前,2026-10-03 05:11:50,福岡県
データ入力／20代活躍中・未経験OK／残業なし／賞与あり／オンライン面接新着,...前向きな気持ちで事務職デビューしたい方・仕事/プライベートのメリハリをつけたい方・スキル/資格を身につけ長期で活躍したい方ー こんな前職の方が入社中ー接客業/販売業/飲食/看護師/保育士/調理師,福岡県,"月給20万8,500円",正社員,美容,求人ボックス,https://xn--pckua2a7gp15o89zb.com/jbn/eef237e6d87a0de2e6037c98fe182fc9,True,23時間前,2026-10-03 05:11:50,福岡県
一般事務／充実の研修で安心スタート!／土日祝休み／シフト制／手厚いフォロー新着,...原則定時退社だからお仕事後のプライベートが超充実 ギスギスした雰囲気とは無縁の、何でも相談しやすい環境<元接客・販売スタッフが多数在籍!>コンビニ夜勤、ホテルフロント、居酒屋、アパレル、,福岡県,月給20万500円,正社員,美容,求人ボックス,https://xn--pckua2a7gp15o89zb.com/jbn/f2d0260382f603aee92bfaf163a0de17,True,23時間前,2026-10-03 05:11:50,福岡県
OA事務／駅徒歩5分／未経験でも安心／高収入／週休2日制／マニュアル完備新着,「土日休みの友達と予定を合わせたい」そんなきっかけでのご応募も大歓迎です!第二新卒・既卒の方、フリーターからの社会人デビューも応援します。アパレル・カフェ・,福岡県,月給20万500円,正社員,美容,求人ボックス,https://xn--pckua2a7gp15o89zb.com/jbn/cd2e941018c3a7b679423e9089a5a384,True,23時間前,2026-10-03 05:11:50,福岡県
一般事務／充実の研修で安心スタート!／未経験でも安心／残業はほぼゼロ／学歴不問新着,...原則定時退社だからお仕事後のプライベートが超充実 ギスギスした雰囲気とは無縁の、何でも相談しやすい環境<元接客・販売スタッフが多数在籍!>コンビニ夜勤、ホテルフロント、居酒屋、アパレル、,福岡県,月給20万500円,正社員,美容,求人ボックス,https://xn--pckua2a7gp15o89zb.com/jbn/7ac9f831d2bd8e66ba94db998ec94314,True,23時間前,2026-10-03 05:11:52,福岡県
事務・受付スタッフ／充実の研修で安心スタート!／未経験でも安心／社会保険完備／土日祝休み新着,「土日休みの友達と予定を合わせたい」そんなきっかけでのご応募も大歓迎です!第二新卒・既卒の方、フリーターからの社会人デビューも応援します。アパレル・カフェ・,福岡県,月給20万500円,正社員,美容,求人ボックス,https://xn--pckua2a7gp15o89zb.com/jbn/e982fcd63429e122c45728f258a811ee,True,23時間前,2026-10-03 05:11:52,福岡県
一般事務／充実の研修で安心スタート!／土日祝休み／ブランクOK／コツコツ作業新着,「土日休みの友達と予定を合わせたい」そんなきっかけでのご応募も大歓迎です!第二新卒・既卒の方、フリーターからの社会人デビューも応援します。アパレル・カフェ・,福岡県,月給20万500円,正社員,美容,求人ボックス,https://xn--pckua2a7gp15o89zb.com/jbn/d866d93398202825d28fef1e46e64ea3,True,23時間前,2026-10-03 05:11:52,福岡県
コールセンター／採用初転勤なし&対面接客一切なし 異業種からの転職歓迎!コールセンタースタッフ新着,オススメPoint2アパレル・飲食・接客業・,福岡県,"月給22万9,700円",正社員,美容,求人ボックス,https://xn--pckua2a7gp15o89zb.com/jb/4d581169b0889f4b060173ac8a909ce9,True,13時間前,2026-10-03 05:11:52,福岡県
整体師／カラダファクトリー博多マルイ店新着,株式会社ファクトリージャパングループ,福岡県,"月給20万1,500円",正社員,美容,求人ボックス,https://xn--pckua2a7gp15o89zb.com/jb/359eb42c79bd8b6c8ff70c0feb7f1c70,True,16時間前,2026-10-03 05:11:52,福岡県
残業少なめ 介護老人保健施設にて看護師新着,医療法人恵真会,福岡県,"月給20万6,000円",正社員,美容,求人ボックス,https://xn--pckua2a7gp15o89zb.com/jb/5c0aed8b68e179f1035abdda5d8c5ea0,True,17時間前,2026-10-03 05:11:52,福岡県
年間休日127日 発毛治療の総合クリニックにて看護師／正看／日勤常勤新着,医療法人社団ウェルエイジング,福岡県,月給30万円～,正社員,美容,求人ボックス,https://xn--pckua2a7gp15o89zb.com/jb/0e7003b90511a70ff883c410246d0b5e,True,17時間前,2026-10-03 05:11:52,福岡県
施工管理職／圧倒的な育成力により未経験から専門性の高いキャリアを実現新着,株式会社Progress Group,福岡県,"月給23万5,000円",契約社員,建設,求人ボックス,https://xn--pckua2a7gp15o89zb.com/jb/f90f21f2ef0a679bf1517a8969b41126,True,10時間前,2026-10-03 05:11:49,福岡県
資材商社建設部門の現場作業員新着,林金物株式会社,福岡県,日給1万円～,正社員,建設,求人ボックス,https://xn--pckua2a7gp15o89zb.com/jb/d0c9bdbac4a2ddbf038ecfdeec8010d7,True,19時間前,2026-10-03 05:11:49,福岡県
土木工事の施工管理／月給30万～新着,株式会社ティーティーエス企画,福岡県,月給30万～,正社員,建設,求人ボックス,https://xn--pckua2a7gp15o89zb.com/jb/beea9afda9436e19c2f87440e20ee702,True,3時間前,2026-10-03 05:11:49,福岡県
タクシードライバー／週3勤務／異業種からの転職歓迎新着,建設・,福岡県,"月給46万1,000円",正社員,建設,求人ボックス,https://xn--pckua2a7gp15o89zb.com/jbn/98b3991d78b754cc569d65b0f04bcbe0,True,10時間前,2026-10-03 05:11:49,福岡県
タクシードライバー／普通免許のみで応募OK／週3日勤務／賞与あり／高収入実現可能新着,作業,福岡県,"月給47万8,600円",正社員,建設,求人ボックス,https://xn--pckua2a7gp15o89zb.com/jbn/55d0334b5dba2576dedbdee1eafd97d0,True,10時間前,2026-10-03 05:11:49,福岡県
「予約中心だから未経験でも安心」タクシードライバー／週3勤務／月収50万円以上可新着,建設・,福岡県,"月給47万8,000円",正社員,建設,求人ボックス,https://xn--pckua2a7gp15o89zb.com/jbn/53a8111c79068246b832495ee59138e9,True,11時間前,2026-10-03 05:11:49,福岡県
「週3日勤務で年収600万円も可能」タクシードライバー／普通免許のみOK／未経験歓迎／賞与年2回新着,建設・,福岡県,"月給47万9,000円",正社員,建設,求人ボックス,https://xn--pckua2a7gp15o89zb.com/jbn/2bb0da02b405c568bc2087c75a394be5,True,11時間前,2026-10-03 05:11:49,福岡県
土地のお悩みをもつオーナー様へ土地活用の提案営業新着,大東建託株式会社,福岡県,"月給25万5,000円",正社員,建設,求人ボックス,https://xn--pckua2a7gp15o89zb.com/jb/799202e8c6243401cd80d52d8cf1b142,True,22時間前,2026-10-03 05:11:49,福岡県
建築の施工管理／未経験OK／土日祝休／福利厚生充実新着,株式会社ディンプル,福岡県,"月給20万5,000円",正社員,建設,求人ボックス,https://xn--pckua2a7gp15o89zb.com/jb/ff9e88d657b2776b04e43dcb9f7301a2,True,11時間前,2026-10-03 05:11:49,福岡県
建築施工管理・住宅手当・家賃補助新着,正和工業株式会社,福岡県,月給50万円～70万円,正社員,建設,求人ボックス,https://xn--pckua2a7gp15o89zb.com/jb/2ff31502d5b2e9baca62791a2fc547db,True,4時間前,2026-10-03 05:11:50,福岡県
設備管理・保守・点検、清掃員・掃除／福岡県那珂川市松木1丁目136新着,すみき～る株式会社,福岡県那珂川市松木1丁目136,月給20万円～,正社員,建設,求人ボックス,https://xn--pckua2a7gp15o89zb.com/jb/71350368a7d1eeb03298efe2812f9f3c,True,3時間前,2026-10-03 05:11:50,福岡県
"営業職／建設現場に欠かせない“仮設資材”を提案!売上高1,000億円超の業界トップクラス企業新着",日建リース工業株式会社,福岡県,年収360万円～500万円,正社員,建設,求人ボックス,https://xn--pckua2a7gp15o89zb.com/jb/c339cbccaf51c9f6b8d39524db0703d3,True,15時間前,2026-10-03 05:11:50,福岡県
スタッフ管理／正新着,株式会社ミロク企画,福岡県,月給33万円,正社員,建設,求人ボックス,https://xn--pckua2a7gp15o89zb.com/jb/2fcd4b789b9e74ff2fd29d94a4868f0e,True,17時間前,2026-10-03 05:11:50,福岡県
国内外の街づくりを支える 建築施工管理 年休125日新着,株式会社ナカノフドー建設,福岡県,"月給31万3,000円",正社員,建設,求人ボックス,https://xn--pckua2a7gp15o89zb.com/jb/cbb175399294b2899cd13d25b25fbc1a,True,18時間前,2026-10-03 05:11:50,福岡県
筑後 土木施工管理 賞与年3回／直行直帰OK／経験者歓迎新着,株式会社宝栄工業,福岡県,月給30万円～50万円,正社員,建設,求人ボックス,https://xn--pckua2a7gp15o89zb.com/jb/6db077e8e49527a70bc3928065348fc0,True,21時間前,2026-10-03 05:11:50,福岡県
オフィス事務新着,未経験OK,福岡県,月給23万円～,,建設,求人ボックス,https://xn--pckua2a7gp15o89zb.com/jb/383356c0ac4546bca3b0abe5d559af1a,True,12時間前,2026-10-03 05:11:50,福岡県
原子力発電所における施工管理業務新着,三菱電機株式会社,福岡県,"年収470万円～1,000万円",正社員,建設,求人ボックス,https://xn--pckua2a7gp15o89zb.com/jb/e1931869c36e9e4f4652a7282c751d37,True,12時間前,2026-10-03 05:11:54,福岡県
建設プロジェクトのサポート事務／工事が予定通りに進んでいるかスケジュールを確認!PCデータ入力など新着,株式会社エイジェック,福岡県,月給25万円～32万円,正社員,建設,求人ボックス,https://xn--pckua2a7gp15o89zb.com/jbn/09b246e1bf710aab99a3344a1ae7f486,True,22時間前,2026-10-03 05:11:54,福岡県
建築専門技術職 コンクリート／鉄骨／土質・杭／まちづくりに強い大手ゼネコン新着,株式会社フジタ,福岡県,"年収500万円～1,000万円",正社員,建設,求人ボックス,https://xn--pckua2a7gp15o89zb.com/jb/114baff919741659b9ab8b0411eeac4f,True,18時間前,2026-10-03 05:11:54,福岡県
解体工事施工管理職 プラント中心／プライム／年休125日／残業10H／完全未経験歓迎／不動産仲介新着,"社会保険:健康保険,厚生年金保険,雇用保険,労災保険諸手当 :通勤,家族,資格,特地勤務,社員紹介手当,交通費支給制度:従業員持株会...",福岡県,年収400万円～450万円,正社員,建設,求人ボックス,https://xn--pckua2a7gp15o89zb.com/jb/5c7cab190d73cd19e06a21f4c564c362,True,17時間前,2026-10-03 05:11:54,福岡県
一般事務「20代活躍・未経験OK」年休120日以上・残業月5〜10時間新着,一般事務,福岡県,"月給21万3,000円",正社員,事務,求人ボックス,https://xn--pckua2a7gp15o89zb.com/jbn/9dad1465803478fb1f47005ccd83ed60,True,17時間前,2026-10-03 05:12:00,福岡県
一般事務「正社員・月給26万〜」20代活躍中・未経験OK l 研修あり新着,一般事務,福岡県,月給26万,正社員,事務,求人ボックス,https://xn--pckua2a7gp15o89zb.com/jbn/514010332135fb2872e5a6a4642e5748,True,20時間前,2026-10-03 05:12:00,福岡県
異業種からの転職者多数／関東で一般事務スタッフ新着,株式会社OOQ,福岡県,"月給20万5,000円",正社員,事務,求人ボックス,https://xn--pckua2a7gp15o89zb.com/jb/fdee52d77e7fbe05dba24d43a618e185,True,15時間前,2026-10-03 05:12:01,福岡県
「アニメ・ゲーム好き必見!」一般事務／週休2日制／クリエイター研修新着,株式会社SDビジョン,福岡県,月給30万円～50万円,正社員,事務,求人ボックス,https://xn--pckua2a7gp15o89zb.com/jbn/0d1213e57941564b9341a1ba89fe3f4f,True,20時間前,2026-10-03 05:12:01,福岡県
急募 一般事務 未経験歓迎 賞与年2回 土日祝休み新着,株式会社Progress Group,福岡県,月給17万円～20万円,正社員,事務,求人ボックス,https://xn--pckua2a7gp15o89zb.com/jb/a6e109a18e06c9840aa6bb438c2d592e,True,10時間前,2026-10-03 05:12:01,福岡県
「未経験から安定スタート」／一般事務／オフィスワーク／未経験歓迎新着,一般事務,福岡県,"月給25万2,000円",正社員,事務,求人ボックス,https://xn--pckua2a7gp15o89zb.com/jbn/ffb7eddf9f6a4c90d37e42b00bef6aaa,True,15時間前,2026-10-03 05:12:04,福岡県
新生活サポートあり／一般事務／オフィスワーク／未経験歓迎新着,一般事務,福岡県,"月給27万9,000円",正社員,事務,求人ボックス,https://xn--pckua2a7gp15o89zb.com/jbn/d81c49a714f13f2efdea115326e6258f,True,15時間前,2026-10-03 05:12:08,福岡県
「残業少なめで続けやすい」／一般事務／オフィスワーク／未経験歓迎新着,一般事務,福岡県,"月給27万1,000円",正社員,事務,求人ボックス,https://xn--pckua2a7gp15o89zb.com/jbn/8ef5e5029c9929d06f25d1631952ee5c,True,15時間前,2026-10-03 05:12:08,福岡県
福岡市中央区エリアでお仕事したい方に!「未経験OKの事務職」 未経験OK!大手企業の一般事務職新着,株式会社ディンプル,福岡県,"月給17万8,500円",正社員,事務,求人ボックス,https://xn--pckua2a7gp15o89zb.com/jb/f9d39861b05eedbff107be69c3d538f7,True,11時間前,2026-10-03 05:12:11,福岡県
未経験から安定スタート／一般事務／オフィスワーク／未経験歓迎新着,一般事務,福岡県,"月給26万9,000円",正社員,事務,求人ボックス,https://xn--pckua2a7gp15o89zb.com/jbn/d5311fdb225c0d43d5bf004b4710b47f,True,15時間前,2026-10-03 05:12:11,福岡県
コツコツ派に人気／一般事務／オフィスワーク／未経験歓迎新着,一般事務,福岡県,月給26万円～29万円,正社員,事務,求人ボックス,https://xn--pckua2a7gp15o89zb.com/jbn/20abaec343f1d9d874869b6dd9184abf,True,15時間前,2026-10-03 05:12:15,福岡県
来客対応と一般事務新着,株式会社ホットスタッフ北九州,福岡県,"時給1,400円",派遣社員,事務,求人ボックス,https://xn--pckua2a7gp15o89zb.com/jb/b60ee56ef230ffb652554556405f1123,True,11時間前,2026-10-03 05:12:15,福岡県
一般事務新着,株式会社リクルートスタッフィング,福岡県,"時給1,300円～",派遣社員,事務,求人ボックス,https://xn--pckua2a7gp15o89zb.com/jb/4dbce8346e102ae3fed6f023274758aa,True,20時間前,2026-10-03 05:12:19,福岡県
物流サービス会社での一般事務新着,スミリンビジネスサービス株式会社,福岡県,"時給1,300円",派遣社員,事務,求人ボックス,https://xn--pckua2a7gp15o89zb.com/jb/9e286dbe84a41096607892107859b4e0,True,15時間前,2026-10-03 05:12:19,福岡県
一般事務「ネイルOK・20代活躍中」未経験歓迎・土日祝休み新着,事務,福岡県,"月給21万3,000円",正社員,事務,求人ボックス,https://xn--pckua2a7gp15o89zb.com/jbn/7ccab3f6d8128f85d30d94a432bc1ac3,True,17時間前,2026-10-03 05:12:25,福岡県
休日急患センター内「一般事務スタッフ」募集新着,有限会社医療事務研究会,福岡県,月給17万円～18万円,正社員,事務,求人ボックス,https://xn--pckua2a7gp15o89zb.com/jb/ae66c02d03293979300ed8733090d2dc,True,3時間前,2026-10-03 05:12:25,福岡県
一般事務・アシスタント新着,CONV,福岡県,"時給1,300円～1,625円",派遣社員,事務,求人ボックス,https://xn--pckua2a7gp15o89zb.com/jb/3f3c8b706e36cb9dad4f32ddf5b96406,True,5時間前,2026-10-03 05:12:29,福岡県
工場内一般事務／派遣工場内一般事務／日勤 未経験OK!経験者優遇新着,株式会社BREXA Next,福岡県,"時給1,300円",正社員,事務,求人ボックス,https://xn--pckua2a7gp15o89zb.com/jb/437494f888e5777f6798d6f2f18de046,True,7時間前,2026-10-03 05:12:29,福岡県
「まだ間に合う!」未経験採用枠／一般事務／資格取得支援新着,株式会社ライトキャリア,福岡県,月給25万円～40万円,正社員,事務,求人ボックス,https://xn--pckua2a7gp15o89zb.com/jb/69778b09e54134b72dc775bab73f40f3,True,20時間前,2026-10-03 05:12:29,福岡県
デイサービスでの柔道整復師新着,株式会社あいあい,福岡県,月給23万円,正社員,治療家,求人ボックス,https://xn--pckua2a7gp15o89zb.com/jb/db47e2ffcefbea4a72e191731ff10649,True,10時間前,2026-10-03 05:12:33,福岡県
整体師、セラピスト新着,株式会社TBCC,福岡県,月給22万円～40万円,正社員,治療家,求人ボックス,https://xn--pckua2a7gp15o89zb.com/jb/63078a07ea689ab6c7f6a8a3ca51faa8,True,10時間前,2026-10-03 05:12:33,福岡県
デイサービスでの機能訓練指導員新着,デイサービスセンターあいあい高木,福岡県,"時給1,300円",アルバイト・パート,治療家,求人ボックス,https://xn--pckua2a7gp15o89zb.com/jb/a8ae00d4e049ec808b94144e56291a69,True,10時間前,2026-10-03 05:12:33,福岡県
精神科の訪問看護師・夜勤なし・残業少なめ・ブランクOK新着,サービス付き高齢者向け住宅 夢叶,福岡県,"月給26万2,000円",正社員,看護,求人ボックス,https://xn--pckua2a7gp15o89zb.com/jb/03664494534a5ad63e57764f0f0069e3,True,5時間前,2026-10-03 05:12:12,福岡県
訪看事務所の精神科看護師・障がい者支援新着,株式会社ケアラボ,福岡県,"時給3,300円～",アルバイト・パート,看護,求人ボックス,https://xn--pckua2a7gp15o89zb.com/jb/9f2846e660f6aed8852a57c80c0ef520,True,4時間前,2026-10-03 05:12:12,福岡県
デイサービスでの看護師・准看護師新着,株式会社あいあい,福岡県,"時給1,114円",アルバイト・パート,看護,求人ボックス,https://xn--pckua2a7gp15o89zb.com/jb/397cdffaf030aa213e79c71a7cb4f738,True,10時間前,2026-10-03 05:12:16,福岡県
医療型療養病院での准看護師新着,医療法人広川病院,福岡県,"月給19万5,000円",正社員,看護,求人ボックス,https://xn--pckua2a7gp15o89zb.com/jb/bbddb7013c86dac1ebedbc48b605a792,True,13時間前,2026-10-03 05:12:16,福岡県
訪問診療クリニックでの訪問看護師新着,一般社団法人プラタナス／すずかけ訪問診療クリニック,福岡県,月給30万円～,正社員,看護,求人ボックス,https://xn--pckua2a7gp15o89zb.com/jb/7d8170bab6cc8fd715c0f0990947a9ca,True,13時間前,2026-10-03 05:12:21,福岡県
介護付有料老人ホームでの看護師業務新着,株式会社ドリームキャッチャー,福岡県,"時給1,750円～",正社員,看護,求人ボックス,https://xn--pckua2a7gp15o89zb.com/jb/e0c3c553d8e330d7e5250e5f3f74924d,True,22時間前,2026-10-03 05:12:21,福岡県
診療所・クリニックの看護師／准看護師新着,福岡赤坂大腸と胃の内視鏡クリニック,福岡県,月給24万円～35万円,正社員,看護,求人ボックス,https://xn--pckua2a7gp15o89zb.com/jb/8e36f7c56ae31fa9ea688729835ca27a,True,7時間前,2026-10-03 05:12:21,福岡県
社会保険完備の職場で看護師／准看護師新着,小文字の杜,福岡県,"月給21万1,600円",正社員,看護,求人ボックス,https://xn--pckua2a7gp15o89zb.com/jb/b87560745c8a1200e4f6e6228c607026,True,7時間前,2026-10-03 05:12:24,福岡県
正看護師／外来 日勤のみ新着,医療法人社団瑞月会,福岡県,"月給19万7,000円",正社員,看護,求人ボックス,https://xn--pckua2a7gp15o89zb.com/jb/6a0bed1a99020e277f1ead79e97ad196,True,10時間前,2026-10-03 05:12:28,福岡県
正看護師／透析 日勤のみ新着,社会医療法人喜悦会,福岡県,月給20万円～25万,正社員,看護,求人ボックス,https://xn--pckua2a7gp15o89zb.com/jb/ad02b6cf0d0651185d7e319a0631093f,True,9時間前,2026-10-03 05:12:28,福岡県
看護師24h常駐／住宅型有料老人ホームの介護職員／医心館六本松新着,株式会社アンビス,福岡県,"月給26万1,600円",正社員,看護,求人ボックス,https://xn--pckua2a7gp15o89zb.com/jb/c2acc46704f3503ba2ae42d21b203791,True,14時間前,2026-10-03 05:12:31,福岡県
正看護師／訪問看護 日勤のみ新着,株式会社ツクイ,福岡県,"月給29万1,000円",正社員,看護,求人ボックス,https://xn--pckua2a7gp15o89zb.com/jb/9db8e3a1fea96429b0a4ea78c04347e5,True,10時間前,2026-10-03 05:12:34,福岡県
正看護師・准看護師／病棟 夜勤のみ新着,医療法人日新会,福岡県,日給2万円～,アルバイト・パート,看護,求人ボックス,https://xn--pckua2a7gp15o89zb.com/jb/04a5e7f224b9a9fb92bc417238b101e5,True,9時間前,2026-10-03 05:12:37,福岡県
看護師／准看護師募集、年齢不問新着,虹の家,福岡県,"時給1,300円～1,600円",アルバイト・パート,看護,求人ボックス,https://xn--pckua2a7gp15o89zb.com/jb/fcdb9f06161320bdef91fe5b4e3a2b8d,True,7時間前,2026-10-03 05:12:37,福岡県
正看護師・社会保険完備の職場で看護師／准看護師新着,あかり訪問看護ステーション,福岡県,"月給29万3,000円",正社員,看護,求人ボックス,https://xn--pckua2a7gp15o89zb.com/jb/462da69089a7051e5460389f4f1205a9,True,7時間前,2026-10-03 05:12:37,福岡県
引っ越し費用サポートあり／関東で経理サポート事務新着,株式会社OOQ,福岡県,"月給20万5,000円",正社員,経理,求人ボックス,https://xn--pckua2a7gp15o89zb.com/jb/4771505c0c83a719d89952a282f87de0,True,15時間前,2026-10-03 05:12:09,福岡県
会計事務／経理事務経験1年／月次仕訳入力、試算表作成の経験／必須新着,エンプロ株式会社,福岡県,"時給1,550円",アルバイト・パート,経理,求人ボックス,https://xn--pckua2a7gp15o89zb.com/jb/df84836fd783f5aaa796f025a26a25bb,True,16時間前,2026-10-03 05:12:09,福岡県
シフト休／不動産事業における財務・経理事務業務／月給30万～新着,株式会社アンサー倶楽部,福岡県,月給30万～,正社員,経理,求人ボックス,https://xn--pckua2a7gp15o89zb.com/jb/6bc890295f4ee9508a93b4a41934b3a3,True,3時間前,2026-10-03 05:12:09,福岡県
経理事務新着,藤榮電氣工事株式会社,福岡県,"月給26万2,300円",正社員,経理,求人ボックス,https://xn--pckua2a7gp15o89zb.com/jb/c167dbe518f12f05d937a1ef8e0674fc,True,6時間前,2026-10-03 05:12:09,福岡県
営業事務及び経理事務新着,野田電機株式会社,福岡県,"月給23万3,000円",正社員,経理,求人ボックス,https://xn--pckua2a7gp15o89zb.com/jb/696bc7c6f146a2244d58138b533b7d0a,True,6時間前,2026-10-03 05:12:09,福岡県
前払いで即お給料GET 「オフィスでの経理事務」お仕事スタートからしっ...新着,株式会社スターワーク,福岡県,"時給1,300円～1,625円",アルバイト・パート,経理,求人ボックス,https://xn--pckua2a7gp15o89zb.com/jb/e10ef106805eab4a790523ddc101b70c,True,13時間前,2026-10-03 05:12:09,福岡県
経理事務+ 一般事務新着,株式会社リクルートスタッフィング,福岡県,"時給1,370円～",派遣社員,経理,求人ボックス,https://xn--pckua2a7gp15o89zb.com/jb/c31aa6e210caa3647a11224c81ce12ea,True,20時間前,2026-10-03 05:12:10,福岡県
一般事務・OA事務 ／ 経理・財務 ／高時給1400円以上新着,パーソルテンプスタッフ株式会社,福岡県,時給1400円,派遣社員,経理,求人ボックス,https://xn--pckua2a7gp15o89zb.com/jb/e37b3d4ac25eff8c73629a6584bb63c5,True,16時間前,2026-10-03 05:12:10,福岡県
経理・財務 ／ 人事 ／本部経理・総務事務 残業少なめ 土日祝休み新着,株式会社SICホールディングス,福岡県,月給23万円～27万円,正社員,経理,求人ボックス,https://xn--pckua2a7gp15o89zb.com/jb/8577bd1efdcbed08138c0a5f0cd7991b,True,15時間前,2026-10-03 05:12:10,福岡県
一般事務・OA事務 ／ 経理・財務 ／赤坂エリア 官公庁事務新着,事務・,福岡県,"時給1,200円",,経理,求人ボックス,https://xn--pckua2a7gp15o89zb.com/jb/1e4b5b05d7c034ac2e78ee3600463a79,True,23時間前,2026-10-03 05:12:10,福岡県
オフィスワーク :未経験歓迎新着,株式会社Progress Group,福岡県,"月給17万5,000円",契約社員,経理,求人ボックス,https://xn--pckua2a7gp15o89zb.com/jb/f17b63ca477f2e4cdd29234161c3afa0,True,9時間前,2026-10-03 05:12:10,福岡県
システムのチェックや入力が中心で安心!未経験から無理なく始められるITサポート事務のお仕事新着,経理,福岡県,"月給25万3,000円",正社員,経理,求人ボックス,https://xn--pckua2a7gp15o89zb.com/jbn/cd461f9bff256ead4d0fd5a2d18ceb10,True,11時間前,2026-10-03 05:12:10,福岡県
オフィスワーク初挑戦歓迎!入力中心で月収25〜35万円可新着,事務,福岡県,月給26万円～27万,正社員,経理,求人ボックス,https://xn--pckua2a7gp15o89zb.com/jbn/08165a86bc7b0e29ad406814e27ced7d,True,11時間前,2026-10-03 05:12:12,福岡県
営業事務スタッフ新着,株式会社トリアイナ,福岡県,月給22万円～25万円,正社員,経理,求人ボックス,https://xn--pckua2a7gp15o89zb.com/jb/4538c3f1011eb78bb14d6c22d38c2986,True,10時間前,2026-10-03 05:12:12,福岡県
コールセンターリーダー業務 予約日調整の窓口新着,AMUSE株式会社,福岡県,"時給1,700円～2,125円",派遣社員,経理,求人ボックス,https://xn--pckua2a7gp15o89zb.com/jb/87286799f12556a06d78043dac25025b,True,4時間前,2026-10-03 05:12:12,福岡県
月給23万円スタートも可!資格手当 3万円 あり 事務系総合職新着,株式会社クレ・コーポレーション,福岡県,月給23万円,正社員,経理,求人ボックス,https://xn--pckua2a7gp15o89zb.com/jb/a86e12257faa7876b7c347b002107ae6,True,23時間前,2026-10-03 05:12:12,福岡県
事務職 未経験歓迎 男性活躍中 完休2日 年休122日新着,九州信用漁業協同組合連合会,福岡県,"月給18万5,000円",正社員,経理,求人ボックス,https://xn--pckua2a7gp15o89zb.com/jb/fa4a090ee302cda21e3251bb252ed871,True,22時間前,2026-10-03 05:12:12,福岡県
物流会社の通関事務／ブランクOK／未経験OK／社会保険完備新着,司企業株式会社 福岡国際通関事務所,福岡県,"時給1,300円～1,600円",アルバイト・パート,経理,求人ボックス,https://xn--pckua2a7gp15o89zb.com/jbn/8c07955010bac8fab59462b9fa9181de,True,22時間前,2026-10-03 05:12:12,福岡県
福利厚生充実の注目求人／経理アシスタント／オフィスワーク／未経験歓迎新着,経理,福岡県,"月給26万8,000円",正社員,経理,求人ボックス,https://xn--pckua2a7gp15o89zb.com/jbn/c80ac18f1ad8f35d281bbc667254f6b8,True,15時間前,2026-10-03 05:12:12,福岡県
ケーキ作りパティシエ新着,andFan.inc,福岡県,年収420万円～600万円,正社員,経理,求人ボックス,https://xn--pckua2a7gp15o89zb.com/jb/cc5a3798de95dc00944e3baceeac4225,True,11時間前,2026-10-03 05:12:16,福岡県
未経験歓迎 AI／Excel研修あり 賞与年2回 年休130日 残業5H以下／1JIM新着,株式会社free mova,福岡県,月給23万円～28万円,正社員,経理,求人ボックス,https://xn--pckua2a7gp15o89zb.com/jb/fa2aa793d4ac9af031fc58403a619579,True,11時間前,2026-10-03 05:12:16,福岡県
物流会社の内勤業務／履歴書不要で即面接／社会保険完備／学歴不問新着,司南九州株式会社,福岡県,月給28万円～34万円,正社員,経理,求人ボックス,https://xn--pckua2a7gp15o89zb.com/jbn/555cc5cdab96cc2916cb6b2c685f11f8,True,23時間前,2026-10-03 05:12:16,福岡県
未経験から安定スタート／経理アシスタント／オフィスワーク／未経験歓迎新着,経理,福岡県,"月給25万8,000円",正社員,経理,求人ボックス,https://xn--pckua2a7gp15o89zb.com/jbn/86fa2c1e259126800e1252e2eba500c7,True,15時間前,2026-10-03 05:12:16,福岡県
事務・庶務事務「正社員」定時退社・長く働ける職場新着,JHR株式会社,福岡県,月給28万円～46万円,正社員,経理,求人ボックス,https://xn--pckua2a7gp15o89zb.com/jb/8ad696228f7095c6f6b81b5c52aa9a96,True,20時間前,2026-10-03 05:12:16,福岡県
「まだ間に合う!」未経験からできる一般事務／研修充実／寮・社宅・家賃補助あり新着,株式会社Light BROTHERS,福岡県,月給25万円～40万円,正社員,経理,求人ボックス,https://xn--pckua2a7gp15o89zb.com/jb/e6e1be9d7f99820e81e537c04d185536,True,20時間前,2026-10-03 05:12:16,福岡県
営業事務スタッフ新着,パーソルビジネスプロセスデザイン株式会社,福岡県,"時給1,186円～",アルバイト・パート,経理,求人ボックス,https://xn--pckua2a7gp15o89zb.com/jb/62ad86b67d50a938de58c283772980ea,True,2時間前,2026-10-03 05:12:19,福岡県
経理アシスタント募集!数字の入力メインで月収25〜35万円可新着,事務,福岡県,"月給26万7,000円",正社員,経理,求人ボックス,https://xn--pckua2a7gp15o89zb.com/jbn/87af8c3cc63985210faf97a5f20331f7,True,11時間前,2026-10-03 05:12:19,福岡県
「未経験から安定スタート」／経理サポート／オフィスワーク／未経験歓迎新着,事務,福岡県,月給27万円～30万,正社員,経理,求人ボックス,https://xn--pckua2a7gp15o89zb.com/jbn/81af18bf582b84df6eee925bf37d6a31,True,15時間前,2026-10-03 05:12:19,福岡県
「若手中心の明るい職場」／経理サポート／オフィスワーク／未経験歓迎新着,事務,福岡県,"月給25万1,000円",正社員,経理,求人ボックス,https://xn--pckua2a7gp15o89zb.com/jbn/3e69dffd67f44a19fd3cabcb29403ae2,True,15時間前,2026-10-03 05:12:19,福岡県
業界未経験歓迎 介護老人保健施設の事務長新着,医療法人信和会,福岡県,"月給34万2,000円",正社員,経理,求人ボックス,https://xn--pckua2a7gp15o89zb.com/jb/e4a9cdc892c71fc7f893b61a19ffeb85,True,21時間前,2026-10-03 05:12:19,福岡県
freee等の知識が活きる!企業のバックオフィス効率化アドバイザー／完全土日休み・フレックス新着,株式会社EBOL,福岡県,月給25万円～,正社員,経理,求人ボックス,https://xn--pckua2a7gp15o89zb.com/jb/20610555949954cc09391a19fb4d1f9a,True,10時間前,2026-10-03 05:12:23,福岡県
事務員／保育園／10:00～14:00など!土日祝お休み／保育園での勤務経験がある方大歓迎 南区清水新着,株式会社アスカ,福岡県,"時給1,200円",派遣社員,経理,求人ボックス,https://xn--pckua2a7gp15o89zb.com/jb/19d31da35fdeb6301b9feb76e435e823,True,13時間前,2026-10-03 05:12:23,福岡県
ディスカウントストアの店舗販売職新着,大黒天物産株式会社 ラ・ムー西牟田店,福岡県,"月給20万9,000円",正社員,経理,求人ボックス,https://xn--pckua2a7gp15o89zb.com/jb/eb366d6ee03ca579a3be400e9eab44d9,True,22時間前,2026-10-03 05:12:23,福岡県
ディスカウントストアの店舗販売職新着,大黒天物産株式会社 ラ・ムーみやま店,福岡県,"月給20万9,000円",正社員,経理,求人ボックス,https://xn--pckua2a7gp15o89zb.com/jb/8fd0db15e71052e136d94107ec4e987b,True,22時間前,2026-10-03 05:12:23,福岡県
ディスカウントストアの店舗販売職新着,大黒天物産株式会社 ラ・ムー田川店,福岡県,"月給20万9,000円",正社員,経理,求人ボックス,https://xn--pckua2a7gp15o89zb.com/jb/08eb6511e54b3a666bb77b57b41407cd,True,22時間前,2026-10-03 05:12:23,福岡県
ディスカウントストアの店舗販売職新着,大黒天物産株式会社 ラ・ムー羽山台店,福岡県,"月給20万9,000円",正社員,経理,求人ボックス,https://xn--pckua2a7gp15o89zb.com/jb/86446e3ec3fbcb10629cdd89da09d185,True,22時間前,2026-10-03 05:12:23,福岡県
ディスカウントストアの店舗販売職新着,大黒天物産株式会社 ラ・ムー久留米東店,福岡県,"月給20万9,000円",正社員,経理,求人ボックス,https://xn--pckua2a7gp15o89zb.com/jb/d7da2626819bcd1235487b6ed8818695,True,22時間前,2026-10-03 05:12:23,福岡県
ディスカウントストアの店舗販売職新着,大黒天物産株式会社 ラ・ムー行橋東店,福岡県,"月給20万9,000円",正社員,経理,求人ボックス,https://xn--pckua2a7gp15o89zb.com/jb/4fdea71d415a3db01bf9349de6a7121a,True,22時間前,2026-10-03 05:12:23,福岡県
ディスカウントストアの店舗販売職新着,大黒天物産株式会社 ラ・ムー田主丸店,福岡県,"月給20万9,000円",正社員,経理,求人ボックス,https://xn--pckua2a7gp15o89zb.com/jb/c2ed9979f6d38bff1975a81b5e280a71,True,22時間前,2026-10-03 05:12:26,福岡県
ラーメン龍の家のキッチン・ホール新着,ラーメン 龍の家 上津店,福岡県,月給27万円～,正社員,経理,求人ボックス,https://xn--pckua2a7gp15o89zb.com/jb/aa80b9aa44665c81c15a1f9011ecf5c8,True,23時間前,2026-10-03 05:12:26,福岡県
ディスカウントストアの店舗販売職新着,大黒天物産株式会社 ラ・ムー若松店,福岡県,"月給20万9,000円",正社員,経理,求人ボックス,https://xn--pckua2a7gp15o89zb.com/jb/04fa6187d3be90e752ae04074ff9be31,True,22時間前,2026-10-03 05:12:26,福岡県
ディスカウントストアの店舗販売職新着,大黒天物産株式会社 ラ・ムー小倉沼店,福岡県,"月給20万9,000円",正社員,経理,求人ボックス,https://xn--pckua2a7gp15o89zb.com/jb/a97f3ac0783b3528f0ff17f850b43a89,True,22時間前,2026-10-03 05:12:26,福岡県
ディスカウントストアの店舗販売職新着,大黒天物産株式会社 ラ・ムー大牟田店,福岡県,"月給20万9,000円",正社員,経理,求人ボックス,https://xn--pckua2a7gp15o89zb.com/jb/e1b45053d470e8e241372c56908c9c04,True,22時間前,2026-10-03 05:12:26,福岡県
ディスカウントストアの店舗販売職新着,大黒天物産株式会社 ラ・ムー久留米西店,福岡県,"月給20万9,000円",正社員,経理,求人ボックス,https://xn--pckua2a7gp15o89zb.com/jb/663ad8dbaff355f338c0fe3a6fbcd669,True,22時間前,2026-10-03 05:12:30,福岡県
ディスカウントストアの店舗販売職新着,大黒天物産株式会社 ラ・ムー苅田店,福岡県,"月給20万9,000円",正社員,経理,求人ボックス,https://xn--pckua2a7gp15o89zb.com/jb/f043eb132b265debac0a184c362389c2,True,22時間前,2026-10-03 05:12:30,福岡県
ディスカウントストアの店舗販売職新着,大黒天物産株式会社 ラ・ムー水巻店,福岡県,"月給20万9,000円",正社員,経理,求人ボックス,https://xn--pckua2a7gp15o89zb.com/jb/22bd8f60b9feb905fe2476fc680a1506,True,22時間前,2026-10-03 05:12:30,福岡県
飲食店運営会社での事務新着,あお季ホールディング株式会社,福岡県,"時給1,100円",アルバイト・パート,経理,求人ボックス,https://xn--pckua2a7gp15o89zb.com/jb/468e7ea0f880b9bf191ef9d97af872da,True,22時間前,2026-10-03 05:12:30,福岡県
営業事務新着,事務,福岡県,年収260万円～360万円,正社員,経理,求人ボックス,https://xn--pckua2a7gp15o89zb.com/jb/c462528a52d457dcfc1e343c31bf9829,True,6時間前,2026-10-03 05:12:33,福岡県
「データ入力／一般事務・バックオフィス」プライベートも仕事も全力で自分らしく!髪色・ネイル新着,株式会社ONE LOOK,福岡県,月給21万円～40万円,正社員,経理,求人ボックス,https://xn--pckua2a7gp15o89zb.com/jbn/55f11f3466dcf8c3f411c22f59dbd7d5,True,14時間前,2026-10-03 05:12:33,福岡県
未経験スタート多数!顧客データ入力メインの事務で月収25〜35万円可新着,事務,福岡県,月給26万円～27万,正社員,経理,求人ボックス,https://xn--pckua2a7gp15o89zb.com/jbn/3874f8bad6c9461c9d7074ef194a563f,True,11時間前,2026-10-03 05:12:33,福岡県
一般事務／社員登用予定 転勤なし 指導も丁寧!未経験OK データ入力新着,株式会社スタッフサービス,福岡県,"時給1,500円～",派遣社員,経理,求人ボックス,https://xn--pckua2a7gp15o89zb.com/jb/7ba5db57b935981686651038d654cbd8,True,17時間前,2026-10-03 05:12:33,福岡県
「経理事務」正社員・ネイルOK／20代活躍中・未経験歓迎／年間休日12...新着,経理,福岡県,"月給20万8,500円",正社員,経理,求人ボックス,https://xn--pckua2a7gp15o89zb.com/jbn/95e84ab7cd48902f67324f343c654ed6,True,23時間前,2026-10-03 05:12:33,福岡県
着物を扱う企業での経理事務サポート新着,西日本エリートスタッフ株式会社 佐賀オフィス,福岡県,"時給1,100円～",派遣社員,経理,求人ボックス,https://xn--pckua2a7gp15o89zb.com/jb/bd4ab16d88fd701d273b6d6e40851d70,True,15時間前,2026-10-03 05:12:37,福岡県
経理事務「正社員・ネイルOK・服装自由」20代活躍中・未経験OK l新着,経理,福岡県,"月給20万7,500円",正社員,経理,求人ボックス,https://xn--pckua2a7gp15o89zb.com/jbn/03e337ab583f69f9a7b91dff3c498efd,True,21時間前,2026-10-03 05:12:37,福岡県
経理事務／未経験歓迎「土日祝休み・電話対応少なめ・ネイルOK」新着,こんな経験をお持ちの方も歓迎,福岡県,"月給20万6,900円",正社員,経理,求人ボックス,https://xn--pckua2a7gp15o89zb.com/jbn/8e48d3b2960e08ebc4aaa375fc0c40c3,True,22時間前,2026-10-03 05:12:37,福岡県
経理・人事 IT事務サポート業務新着,株式会社テクノスマイル,福岡県,"月給21万9,300円",正社員,経理,求人ボックス,https://xn--pckua2a7gp15o89zb.com/jb/4458af4244bb5a181dc497b0b7ee9404,True,15時間前,2026-10-03 05:12:37,福岡県
障がい者雇用「」一般事務／食品メーカー／正社員登用あり／フレックス制度あり／駅チカ新着,株式会社久原本家グループ本社,福岡県,"月給17万7,576円",正社員,経理,求人ボックス,https://xn--pckua2a7gp15o89zb.com/jbn/5f54061f885c1b94234224cb9cfa3cd1,True,23時間前,2026-10-03 05:12:37,福岡県
総務事務／充実の研修で安心スタート!／未経験でも安心／ブランクOK／ネイルOK新着,<求める人物像>・オンオフのメリハリをつけて働きたい・イチから,福岡県,月給20万500円,正社員,経理,求人ボックス,https://xn--pckua2a7gp15o89zb.com/jbn/6c2d9de632d56848060868d59c0e1e8f,True,23時間前,2026-10-03 05:12:37,福岡県
営業サポート事務／駅徒歩5分／マニュアル完備／事務正社員／オシャレ自由新着,書類作成や,福岡県,月給20万500円,正社員,経理,求人ボックス,https://xn--pckua2a7gp15o89zb.com/jbn/e4dbe822705d724837f5d188da8d7cf9,True,23時間前,2026-10-03 05:12:37,福岡県
「愛知県勤務」警備員／新生活応援／家具・家電付の社宅完備新着,セキュリティスタッフ株式会社,福岡県,月給24万円～38万,正社員,警備,求人ボックス,https://xn--pckua2a7gp15o89zb.com/jb/92592c1224697979bcb7e43ab42462b3,True,4時間前,2026-10-03 05:12:40,福岡県
警備員／東海警備保障株式会社新着,株式会社第二章,福岡県,"日給1万1,000円",アルバイト・パート,警備,求人ボックス,https://xn--pckua2a7gp15o89zb.com/jb/790d3d1b70e1b017138830feeef0dc48,True,2時間前,2026-10-03 05:12:40,福岡県
新規作成 交通誘導警備員新着,有限会社セキュリティスタッフ,福岡県,"日給9,500円～1万",アルバイト・パート,警備,求人ボックス,https://xn--pckua2a7gp15o89zb.com/jb/f434e3fa9d4bf16c738c194acb745943,True,17時間前,2026-10-03 05:12:40,福岡県
イベント警備／交通誘導警備／警備員 入社祝い金10万 交通費全額支給新着,株式会社ダイナスティ,福岡県,"日給1万1,500円",アルバイト・パート,警備,求人ボックス,https://xn--pckua2a7gp15o89zb.com/jb/c5b157a8497f09d3922503c766fd135c,True,23時間前,2026-10-03 05:12:40,福岡県
天神エリアの夜間交通誘導警備員 夜勤で効率よく安定して稼ぎたい方必見!新着,株式会社タカイ,福岡県,"日給1万3,070円",アルバイト・パート,警備,求人ボックス,https://xn--pckua2a7gp15o89zb.com/jb/c6fa15b6293e7f26e80964f560231408,True,11時間前,2026-10-03 05:12:40,福岡県
内勤スタッフ新着,アルファ綜合サービス株式会社,福岡県,"月給23万5,000円",正社員,警備,求人ボックス,https://xn--pckua2a7gp15o89zb.com/jb/457676846226f5523f29a4c6fd859253,True,23時間前,2026-10-03 05:12:40,福岡県
6時～11時・週2日～／スーパーの早朝レジ・品出しスタッフ新着,イオン九州株式会社,福岡県,"時給1,150円～",アルバイト・パート,警備,求人ボックス,https://xn--pckua2a7gp15o89zb.com/jb/bc2fedb99179330ee9962faf0616d9f0,True,19時間前,2026-10-03 05:12:40,福岡県
「週3日勤務で年収600万円も可能」タクシードライバー／普通免許のみOK／未経験歓迎／賞与年2回新着,<年収例>・1年目/29歳:560万円(元,福岡県,月給48万400円,正社員,警備,求人ボックス,https://xn--pckua2a7gp15o89zb.com/jbn/42c2292d13aaad27d0955544b18ddbe3,True,11時間前,2026-10-03 05:12:40,福岡県
駅近のマンション管理人兼コンシェルジュ募集!夏季休暇・年末年始休暇あり新着,株式会社クオリティライフ・コンシェルジュ,福岡県,"時給1,300円",アルバイト・パート,警備,求人ボックス,https://xn--pckua2a7gp15o89zb.com/jb/380903780935f4b8dbfccc5fa879c73e,True,13時間前,2026-10-03 05:12:40,福岡県
福岡市博多区エリアでお仕事したい方に!履歴書なしでOK!警備サービスのご案内のお仕事! 土日祝休み新着,株式会社ディンプル,福岡県,"月給24万5,000円",契約社員,警備,求人ボックス,https://xn--pckua2a7gp15o89zb.com/jb/3a41baf81aac5247cd59aa8634623213,True,11時間前,2026-10-03 05:12:40,福岡県
病院の時間外受付業務スタッフ新着,株式会社あんしんCo.Ltd.,福岡県,"時給1,114円～",契約社員,警備,求人ボックス,https://xn--pckua2a7gp15o89zb.com/jb/b4896ac9f1f5b23ccf3dd3a3b842ed21,True,10時間前,2026-10-03 05:12:40,福岡県
天拝山～原田新着,ユナイト株式会社,福岡県,日給1万円～1万,アルバイト・パート,警備,求人ボックス,https://xn--pckua2a7gp15o89zb.com/jb/74a8019c2059278551c98822221cbd46,True,3時間前,2026-10-03 05:12:40,福岡県
交通誘導員／日勤!月収25万以上可!原付バイク持ち必見!祝金最大15万円あり!新着,シンカセキュリティ株式会社,福岡県,"日給9,900円～",アルバイト・パート,警備,求人ボックス,https://xn--pckua2a7gp15o89zb.com/jb/c3ff48ce77955101a5842cb80bff75c3,True,8時間前,2026-10-03 05:12:40,福岡県
未経験歓迎!家庭用モップ、マットなど スタッフ募集新着,株式会社ヒルン,福岡県,"時給1,065円",アルバイト・パート,警備,求人ボックス,https://xn--pckua2a7gp15o89zb.com/jb/b13f0c751618b84061ae03afe1adbba3,True,14時間前,2026-10-03 05:12:41,福岡県
ビル設備管理／安定基盤とワークライフバランスが魅力!大手デベロッパーG会社～プライム上場新着,警備・,福岡県,年収390万円～550万円,正社員,警備,求人ボックス,https://xn--pckua2a7gp15o89zb.com/jb/ac8f35a9d756ffc644a19c1263cb3578,True,13時間前,2026-10-03 05:12:41,福岡県
「体に無理のない地場ルート配送」近距離の中型ユニックドライバー新着,司南九州株式会社,福岡県,月給28万円～32万円,正社員,ドライバー,求人ボックス,https://xn--pckua2a7gp15o89zb.com/jbn/af8ee669e6e46841cb19fda708ce26e0,True,22時間前,2026-10-03 05:12:34,福岡県
「賞与年2回×月収38万〜可能」中距離の大型トラックドライバー新着,司福岡株式会社,福岡県,"月給27万2,000円",正社員,ドライバー,求人ボックス,https://xn--pckua2a7gp15o89zb.com/jbn/66fe2b2ae67ed21a8d3178cddf7fd06d,True,22時間前,2026-10-03 05:12:35,福岡県
「賞与年2回×毎日帰れる地場便」近距離の大型トラックドライバー新着,司中九州株式会社,福岡県,月給32万円～35万円,正社員,ドライバー,求人ボックス,https://xn--pckua2a7gp15o89zb.com/jbn/e775da28dbe34946e4df47e912aeb2f0,True,22時間前,2026-10-03 05:12:35,福岡県
「手積み・手降ろしほぼなし」長距離の大型トラックドライバー／無事故手当新着,司西九州株式会社 若宮インター出張所,福岡県,月給40万円～45万円,正社員,ドライバー,求人ボックス,https://xn--pckua2a7gp15o89zb.com/jbn/150895505e8a3336581057960d11cacc,True,22時間前,2026-10-03 05:12:38,福岡県
タクシードライバー／未経験歓迎／日曜休みOK／週3から可能新着,西日本自動車株式会社,福岡県,月給16万円～63万円,正社員,ドライバー,求人ボックス,https://xn--pckua2a7gp15o89zb.com/jb/1f2f60f9598ae32041275f38f3ac407b,True,10時間前,2026-10-03 05:12:38,福岡県
タクシードライバー／未経験歓迎／日曜休みOK／週3から可能新着,日新交通株式会社,福岡県,月給16万円～63万円,正社員,ドライバー,求人ボックス,https://xn--pckua2a7gp15o89zb.com/jb/0f14120032288034a571a2202a4fa681,True,10時間前,2026-10-03 05:12:38,福岡県
タクシードライバー／未経験歓迎／日曜休みOK／週3から可能新着,有限会社三愛タクシー,福岡県,月給30万円～50万円,正社員,ドライバー,求人ボックス,https://xn--pckua2a7gp15o89zb.com/jb/00433e6e3e60957ddcf89f8b7c9ad0cc,True,10時間前,2026-10-03 05:12:38,福岡県
月収37.4万円保証!ロイヤリティー代無料 大手EC配送ドライバー新着,五ツ星ロジ株式会社,福岡県,"月給37万4,000円",,ドライバー,求人ボックス,https://xn--pckua2a7gp15o89zb.com/jbi/f8965b8b6cfa7759e349505bec1de02a,True,21時間前,2026-10-03 05:12:42,福岡県
タクシードライバー／未経験歓迎／日曜休みOK／週3から可能新着,東部タクシー株式会社,福岡県,月給16万円～63万円,正社員,ドライバー,求人ボックス,https://xn--pckua2a7gp15o89zb.com/jb/44cd73d6ac43efc4637a880b836bced3,True,10時間前,2026-10-03 05:12:42,福岡県
タクシードライバー／未経験でも平均月収47万円／日曜休みOK新着,株式会社ニッシン,福岡県,月給16万円～63万円,正社員,ドライバー,求人ボックス,https://xn--pckua2a7gp15o89zb.com/jb/7efcb497e97ee5a3cd491efb0a13b081,True,10時間前,2026-10-03 05:12:45,福岡県
タクシードライバー／未経験歓迎／日曜休みOK／週3から可能新着,有限会社さくらタクシー,福岡県,月給20万円～48万円,正社員,ドライバー,求人ボックス,https://xn--pckua2a7gp15o89zb.com/jb/8817d11377fa753a4f53dd2fa8df6e8b,True,10時間前,2026-10-03 05:12:47,福岡県
タクシードライバー／未経験歓迎／日曜休みOK／週3から可能新着,二日市交通株式会社,福岡県,月給25万円～54万円,正社員,ドライバー,求人ボックス,https://xn--pckua2a7gp15o89zb.com/jb/1a5ed13f12f8e3e04276e8d41601934c,True,10時間前,2026-10-03 05:12:47,福岡県
タクシードライバー／未経験歓迎／日曜休みOK／週3から可能新着,南部タクシー有限会社,福岡県,月給18万円～33万円,正社員,ドライバー,求人ボックス,https://xn--pckua2a7gp15o89zb.com/jb/36c278ce51afc1041a3f4973fff509ce,True,10時間前,2026-10-03 05:12:50,福岡県
タクシードライバー／未経験でも平均月収54万円／日曜休みOK新着,株式会社ラッキー1,福岡県,月給25万円～65万円,正社員,ドライバー,求人ボックス,https://xn--pckua2a7gp15o89zb.com/jb/7745d3a7f7f9c715342b2d36c46fe20a,True,10時間前,2026-10-03 05:12:53,福岡県
タクシードライバー／未経験歓迎／日曜休みOK／週3から可能新着,ラッキー自動車株式会社,福岡県,月給25万円～65万円,正社員,ドライバー,求人ボックス,https://xn--pckua2a7gp15o89zb.com/jb/962297140f6d20b58facb3c04a2b3a5e,True,10時間前,2026-10-03 05:12:56,福岡県
引越しドライバー／日曜休みOK／賞与あり新着,株式会社ハート引越センター,福岡県,"月給30万8,000円",正社員,ドライバー,求人ボックス,https://xn--pckua2a7gp15o89zb.com/jb/108f23f7e63795cf6904777facc6d3bf,True,10時間前,2026-10-03 05:12:56,福岡県
タクシードライバー／未経験歓迎／日曜休みOK／週3から可能新着,板付交通株式会社,福岡県,月給25万円～46万円,正社員,ドライバー,求人ボックス,https://xn--pckua2a7gp15o89zb.com/jb/aba755607de392d80bea60c67be4c58f,True,10時間前,2026-10-03 05:13:00,福岡県
タクシードライバー／未経験歓迎／日曜休みOK／週3から可能新着,株式会社シティタクシー,福岡県,月給25万円～54万円,正社員,ドライバー,求人ボックス,https://xn--pckua2a7gp15o89zb.com/jb/1fd0a1b7d2c78e8bb0b9e914e903eadd,True,10時間前,2026-10-03 05:13:00,福岡県
タクシードライバー／未経験歓迎／日曜休みOK／週3から可能新着,九州交通株式会社,福岡県,月給20万円～46万円,正社員,ドライバー,求人ボックス,https://xn--pckua2a7gp15o89zb.com/jb/8fb9a18a3b378f7bfc5dfa60cc77f55d,True,10時間前,2026-10-03 05:13:00,福岡県
お餅製造工場スタッフ／スピード採用新着,MY BASE株式会社,福岡県,"月給24万4,000円",正社員,製造,求人ボックス,https://xn--pckua2a7gp15o89zb.com/jb/14199b933c561cbc58d9dc550fbf2456,True,14時間前,2026-10-03 05:12:41,福岡県
「コツコツ検査作業!」食肉加工・製造スタッフ／20代から30代活躍中!新着,株式会社日本ケイテム,福岡県,"時給1,200円～",アルバイト・パート,製造,求人ボックス,https://xn--pckua2a7gp15o89zb.com/jbn/4cacb6366dddd018da890f248638889a,True,20時間前,2026-10-03 05:12:41,福岡県
「コツコツ派にぴったり!」サステナブル雑貨づくりの製造スタッフ新着,製造,福岡県,"月給30万7,710円",正社員,製造,求人ボックス,https://xn--pckua2a7gp15o89zb.com/jbn/d388eac2710d0c4849772b140d7433e4,True,15時間前,2026-10-03 05:12:42,福岡県
「機械にセットするだけのカンタン作業」／シリコン部材の製造スタッフ新着,三陽工業株式会社,福岡県,月給19万円～38万,正社員,製造,求人ボックス,https://xn--pckua2a7gp15o89zb.com/jbn/5a7a6ff8e82b6cb342c08a53e0a77b17,True,14時間前,2026-10-03 05:12:42,福岡県
「未経験から製造デビュー!」マカロンづくりの製造スタッフ／正社員新着,製造,福岡県,"月給30万5,860円",正社員,製造,求人ボックス,https://xn--pckua2a7gp15o89zb.com/jbn/55ee6bf7b9fab436ecd6ebd1d20776b0,True,15時間前,2026-10-03 05:12:46,福岡県
「未経験から始める工場ワーク!」スイーツデコづくりの製造スタッフ新着,製造,福岡県,"月給31万2,470円",正社員,製造,求人ボックス,https://xn--pckua2a7gp15o89zb.com/jbn/22b58699e15c3e2f335775d9998a123e,True,15時間前,2026-10-03 05:12:46,福岡県
「機械にセットするだけのカンタン作業」／バスグッズの製造スタッフ新着,株式会社SNJAPAN,福岡県,"月給38万5,000円",正社員,製造,求人ボックス,https://xn--pckua2a7gp15o89zb.com/jbn/a0036504317b8534f1beed131d26a2f5,True,16時間前,2026-10-03 05:12:46,福岡県
製造スタッフ／月給30万～／個室社宅あり／コツコツ作業／製造／工場新着,株式会社tocca,福岡県,月給30万～,正社員,製造,求人ボックス,https://xn--pckua2a7gp15o89zb.com/jbn/5be32d0bf86e0371b4996367b84c7c87,True,22時間前,2026-10-03 05:12:48,福岡県
暮らしに近い製品の製造スタッフ!／スマホケースの部品セットスタッフ新着,製造,福岡県,"月給30万5,000円",正社員,製造,求人ボックス,https://xn--pckua2a7gp15o89zb.com/jbn/2eb3ccb5aa3e8205a23521fa993fd9c1,True,12時間前,2026-10-03 05:12:51,福岡県
「同世代と働きやすい」／LEDルームライトの製造スタッフ／モノづくり新着,製造,福岡県,"月給33万2,000円",正社員,製造,求人ボックス,https://xn--pckua2a7gp15o89zb.com/jbn/aa88193f4ecec2d74414f89be73c366c,True,15時間前,2026-10-03 05:12:54,福岡県
「正社員デビュー応援」／ベビー用食器の製造スタッフ／モノづくり新着,製造,福岡県,"月給34万7,000円",正社員,製造,求人ボックス,https://xn--pckua2a7gp15o89zb.com/jbn/5ef262277d482746417d5eda735fd6a5,True,15時間前,2026-10-03 05:12:54,福岡県
「正社員デビュー応援」／ホテルアメニティ容器の製造スタッフ／モノづくり新着,製造,福岡県,"月給35万4,000円",正社員,製造,求人ボックス,https://xn--pckua2a7gp15o89zb.com/jbn/07dcd50fa7900b4007c1ad0c1ef7344d,True,15時間前,2026-10-03 05:12:54,福岡県
「同世代と働きやすい」／コーヒーメーカー部品の製造スタッフ／モノづくり新着,製造,福岡県,月給36万円～39万,正社員,製造,求人ボックス,https://xn--pckua2a7gp15o89zb.com/jbn/e22b660c30ae4bac745438f2d13ca583,True,15時間前,2026-10-03 05:12:58,福岡県
「新しい仕事に挑戦しやすい」／保存容器フタの製造スタッフ／モノづくり新着,製造,福岡県,"月給34万5,000円",正社員,製造,求人ボックス,https://xn--pckua2a7gp15o89zb.com/jbn/3c4199aff6b22be8cdcf31be9500001c,True,15時間前,2026-10-03 05:12:58,福岡県
「完成品を確認するシンプル作業」／バスグッズの製造スタッフ／冷暖房完備新着,株式会社Tetote,福岡県,"月給30万5,000円",正社員,製造,求人ボックス,https://xn--pckua2a7gp15o89zb.com/jbn/d8350825afc6d565bc1e4bcf27da39ed,True,15時間前,2026-10-03 05:13:02,福岡県
高収入も目指せる製造スタッフ!／ゲーミングヘッドセットの組立スタッフ新着,製造,福岡県,"月給42万6,000円",正社員,製造,求人ボックス,https://xn--pckua2a7gp15o89zb.com/jbn/8e825293cf50bb4d05d9599733ad512d,True,12時間前,2026-10-03 05:13:04,福岡県
「新しい仕事に挑戦しやすい」／電気ケトル部品の製造スタッフ／モノづくり新着,製造,福岡県,"月給33万8,000円",正社員,製造,求人ボックス,https://xn--pckua2a7gp15o89zb.com/jbn/69e521be2549346e039bbe09a62778cc,True,15時間前,2026-10-03 05:13:04,福岡県
「同世代と働きやすい」／アウトドアチェア部品の製造スタッフ／モノづくり新着,製造,福岡県,"月給35万3,000円",正社員,製造,求人ボックス,https://xn--pckua2a7gp15o89zb.com/jbn/27f19395d7bfd1e14d9c4098b6438a5c,True,15時間前,2026-10-03 05:13:07,福岡県
「新しい仕事に挑戦しやすい」／コンタクトレンズケースの製造スタッフ新着,製造,福岡県,"月給34万8,000円",正社員,製造,求人ボックス,https://xn--pckua2a7gp15o89zb.com/jbn/2e89b1d8f07327780a8221fe6af84189,True,15時間前,2026-10-03 05:13:07,福岡県
飲食店の清掃スタッフ新着,炉端 あお季 小倉本店,福岡県,"時給1,100円",アルバイト・パート,清掃,求人ボックス,https://xn--pckua2a7gp15o89zb.com/jb/745aa172cf5aab382b29c88cad7792c7,True,22時間前,2026-10-03 05:13:01,福岡県
清掃／サービスのお仕事!地元でのお仕事探しならお任せください!工場内の清掃スタッフ／昼から出勤新着,丸徳産業株式会社,福岡県,"時給1,200円",アルバイト・パート,清掃,求人ボックス,https://xn--pckua2a7gp15o89zb.com/jb/66e8ced8dcfb1ca36bb19af512088b5e,True,13時間前,2026-10-03 05:13:01,福岡県
清掃スタッフ募集 未経験者でも研修があるから安心新着,株式会社ヒルン,福岡県,"時給1,065円",アルバイト・パート,清掃,求人ボックス,https://xn--pckua2a7gp15o89zb.com/jb/b6aad8df95fc97d8347bd5837432d5a9,True,14時間前,2026-10-03 05:13:01,福岡県
老人ホームの居室の清掃・衛生管理スタッフ新着,株式会社あいあい,福岡県,"時給1,114円",アルバイト・パート,清掃,求人ボックス,https://xn--pckua2a7gp15o89zb.com/jb/7f1ce50afb58ab1941ef9c444358f662,True,10時間前,2026-10-03 05:13:01,福岡県
清掃／環境整備・日勤のみ・週5日程度の勤務も相談OK!無資格新着,特別養護老人ホーム グランヴィラ大平,福岡県,"時給1,114円～1,150円",アルバイト・パート,清掃,求人ボックス,https://xn--pckua2a7gp15o89zb.com/jb/e35d6b59cd98729d2fefaab5cf482fd5,True,7時間前,2026-10-03 05:13:01,福岡県
プラントの清掃作業スタッフ／未経験OK／週払いOK／学歴不問新着,株式会社ドライブトライブ,福岡県,"日給1万1,200円",派遣社員,清掃,求人ボックス,https://xn--pckua2a7gp15o89zb.com/jb/d95c7aec62b986d904e0daf4c8920138,True,19時間前,2026-10-03 05:13:02,福岡県
前払いで即お給料GET 「ホテルの清掃スタッフ」 高時給好待遇のお仕事...新着,株式会社スターワーク,福岡県,"時給1,250円～1,563円",アルバイト・パート,清掃,求人ボックス,https://xn--pckua2a7gp15o89zb.com/jb/986bfae54d7a5705484232b0ae20a4b1,True,13時間前,2026-10-03 05:13:02,福岡県
工場内でのパトロール・清掃スタッフ募集新着,トライズネクスト株式会社,福岡県,"時給1,500円～1,875円",派遣社員,清掃,求人ボックス,https://xn--pckua2a7gp15o89zb.com/jb/f4ba9a409ff4b7e9ef455a7c4bdbf5ae,True,19時間前,2026-10-03 05:13:02,福岡県
デパートの清掃スタッフ／午前のみ勤務新着,株式会社ホットスタッフ中津,福岡県,"時給1,050円",アルバイト・パート,清掃,求人ボックス,https://xn--pckua2a7gp15o89zb.com/jb/c1ff22ceac18fed692615cbb13888dbe,True,13時間前,2026-10-03 05:13:02,福岡県
ホテル客室清掃スタッフ新着,株式会社セントラルサービスシステム グランド・ハ...,福岡県,"時給1,150円～",アルバイト・パート,清掃,求人ボックス,https://xn--pckua2a7gp15o89zb.com/jb/540788b4f4af30b438181d6f4b528839,True,17時間前,2026-10-03 05:13:02,福岡県
清掃スタッフ新着,メッカXP,福岡県,"時給1,120円～1,400円",アルバイト・パート,清掃,求人ボックス,https://xn--pckua2a7gp15o89zb.com/jb/7ff952bb599050150dbb0820e0f06f4e,True,10時間前,2026-10-03 05:13:02,福岡県
スーパーの夜間清掃スタッフ新着,有限会社マツウラ ラ・ムー久留米東店,福岡県,"時給1,400円",アルバイト・パート,清掃,求人ボックス,https://xn--pckua2a7gp15o89zb.com/jb/9f47203297c48b67e48ba6a69e0ff864,True,17時間前,2026-10-03 05:13:02,福岡県
カノビアーノ福岡／結婚式場の清掃新着,株式会社ディアーズ・ブレイン,福岡県,"時給1,100円～",アルバイト・パート,清掃,求人ボックス,https://xn--pckua2a7gp15o89zb.com/jb/281fdacf4f6eb05ecc61e220034dae11,True,5時間前,2026-10-03 05:13:06,福岡県
ゴルフ場施設内の清掃員新着,芥屋ゴルフ倶楽部,福岡県,"時給1,130円",アルバイト・パート,清掃,求人ボックス,https://xn--pckua2a7gp15o89zb.com/jb/44360f9e40827b55567b1232788bdfa6,True,6時間前,2026-10-03 05:13:06,福岡県
マンション清掃新着,株式会社夢屋,福岡県,"時給1,120円～",アルバイト・パート,清掃,求人ボックス,https://xn--pckua2a7gp15o89zb.com/jb/6d463d99591e65d63154b9f33987fba9,True,10時間前,2026-10-03 05:13:06,福岡県
「伊都の湯どころ」で清掃・施設管理業務 車・自転車通勤可新着,セトル株式会社,福岡県,月給23万円～25万円,契約社員,清掃,求人ボックス,https://xn--pckua2a7gp15o89zb.com/jb/7cf1262b8829146f2998793fc8fe07a1,True,13時間前,2026-10-03 05:13:06,福岡県
AT限定可・土日祝休み新着,株式会社M’s food,福岡県,月給29万円～52万円,正社員,清掃,求人ボックス,https://xn--pckua2a7gp15o89zb.com/jb/b6e313bb0f470b19d0735a4cce9a0d21,True,5時間前,2026-10-03 05:13:06,福岡県
16～22時／スーパーの夜間レジ・品出し売場スタッフ新着,イオン九州株式会社,福岡県,"時給1,150円～",アルバイト・パート,清掃,求人ボックス,https://xn--pckua2a7gp15o89zb.com/jb/44bdf1bafa4f81aaef7544072afccc02,True,19時間前,2026-10-03 05:13:06,福岡県
セレモニー会場 スタッフ募集 県内各所に会場あり マイカーOK新着,オフィス オール,福岡県,"時給1,100円～4,000円",,清掃,求人ボックス,https://xn--pckua2a7gp15o89zb.com/jb/d54d7b420551e89f2b484b1ce22552af,True,14時間前,2026-10-03 05:13:09,福岡県
浄水施設の設備チェック／未経験歓迎・賞与年2回新着,株式会社朝日エンジニアリング,福岡県,月給20万円～23万円,正社員,清掃,求人ボックス,https://xn--pckua2a7gp15o89zb.com/jbn/a0777e5f088d61fc7f3de5a17b3d51f6,True,21時間前,2026-10-03 05:13:09,福岡県
日常生活サポートスタッフ ショートステイ勤務 未経験可 研修充実 髪型・髪色・ネイル自由新着,ミナノワ株式会社,福岡県,"月給24万2,000円",正社員,清掃,求人ボックス,https://xn--pckua2a7gp15o89zb.com/jb/17f7833527ccfc1086165cd454d7479d,True,4時間前,2026-10-03 05:13:09,福岡県
ペットショップの商品ブース担当新着,ペットショップCoo&RIKU ゆめタウン飯塚店,福岡県,"時給1,170円～",アルバイト・パート,清掃,求人ボックス,https://xn--pckua2a7gp15o89zb.com/jb/b2c8c5946e221b80582dd793780138fb,True,10時間前,2026-10-03 05:13:09,福岡県
障害者支援施設の介護職・ヘルパー／支援員／定年70歳&再雇用75歳まで／マイカー通勤OK新着,jobフレンド,福岡県,月給24万円～28万,正社員,清掃,求人ボックス,https://xn--pckua2a7gp15o89zb.com/jb/42052b712be9c82c33e1e2b30d4629e6,True,22時間前,2026-10-03 05:13:09,福岡県
惣菜・スイーツ販売／レジ打ち／販売 未経験OK 久世福商店での商品の陳列·レジ·販売スタッフ新着,株式会社イートスタイル,福岡県,"時給1,130円～",アルバイト・パート,清掃,求人ボックス,https://xn--pckua2a7gp15o89zb.com/jb/6210b14a9ed10f4d88b2d8755f68380a,True,18時間前,2026-10-03 05:13:09,福岡県
家電メンテナンス・点検スタッフ新着,AMUSE株式会社,福岡県,"日給1万5,000円",派遣社員,清掃,求人ボックス,https://xn--pckua2a7gp15o89zb.com/jb/933a4ffb9f74a5cfa05153dc526a6709,True,4時間前,2026-10-03 05:13:13,福岡県
大衆酒場での料理長候補新着,株式会社JOU JOU 天神大ホール 今泉店,福岡県,月給33万円～,正社員,清掃,求人ボックス,https://xn--pckua2a7gp15o89zb.com/jb/11090d5f90fa5a1385c5eb9675685d80,True,22時間前,2026-10-03 05:13:13,福岡県
受付業務などを行う歯科助手新着,たんぽぽ歯科医院 しげおかゆうこオフィス,福岡県,月給20万円～22万円,正社員,清掃,求人ボックス,https://xn--pckua2a7gp15o89zb.com/jb/4720c111caa0f8f5fcccba59a2da2298,True,7時間前,2026-10-03 05:13:13,福岡県
「手積み・手降ろしほぼなし」フォークリフト・倉庫管理業務スタッフ／ブランクOK／年間休日107日新着,司中九州株式会社 福岡アイランドロジセンター,福岡県,"月給22万8,664円",正社員,清掃,求人ボックス,https://xn--pckua2a7gp15o89zb.com/jbn/82ba832dbf5965a48d26654b79d8ab97,True,22時間前,2026-10-03 05:13:13,福岡県
コインロッカーの清掃・点検・お客様対応スタッフ新着,株式会社西鉄ステーションサービス,福岡県,"時給1,114円～",契約社員,清掃,求人ボックス,https://xn--pckua2a7gp15o89zb.com/jb/ac95b4491e0e1e157f65642695718948,True,13時間前,2026-10-03 05:13:13,福岡県
ペットショップ販売・接客スタッフ／ボーナス支給あり／動物が好きな方にピッタリ／週休2日制新着,株式会社犬の家 シュロアモール筑紫野店,福岡県,"月給19万2,000円",正社員,清掃,求人ボックス,https://xn--pckua2a7gp15o89zb.com/jbn/ec9f85400e7f8fec74496b9719ab977a,True,22時間前,2026-10-03 05:13:13,福岡県
調理スタッフ／介護付き有料老人ホーム／車通勤OK／残業なし新着,株式会社サフィールケア,福岡県,"時給1,120円",アルバイト・パート,清掃,求人ボックス,https://xn--pckua2a7gp15o89zb.com/jb/50c943fe0c626763414cf43cf4ff9c7f,True,5時間前,2026-10-03 05:13:16,福岡県
ペットショップの開店準備スタッフ新着,ペットショップCoo&RIKU 福岡西店,福岡県,"時給1,120円～",アルバイト・パート,清掃,求人ボックス,https://xn--pckua2a7gp15o89zb.com/jb/f7c0fdbebc17076cf1be83e4977f2a39,True,10時間前,2026-10-03 05:13:16,福岡県
ペットショップの閉店準備スタッフ新着,ペットショップCoo&RIKU 福岡東店,福岡県,"時給1,120円～",アルバイト・パート,清掃,求人ボックス,https://xn--pckua2a7gp15o89zb.com/jb/f667ec83731ab72c163c995d60dada15,True,10時間前,2026-10-03 05:13:16,福岡県
「冷暖房完備で一年中快適」／マンガの検品・梱包作業／賞与あり／職歴不問／福利厚生充実新着,株式会社Tetote,福岡県,月給28万円～31万円,正社員,清掃,求人ボックス,https://xn--pckua2a7gp15o89zb.com/jbn/35f51e65d1004a0b0f739dd139e50a0f,True,15時間前,2026-10-03 05:13:16,福岡県
「表示を確認して詰めるだけ」／医療機器の箱詰め／安定収入／経験不問／空調完備新着,三陽工業株式会社,福岡県,"月給19万5,000円",正社員,清掃,求人ボックス,https://xn--pckua2a7gp15o89zb.com/jbn/9c0d086f45c30e56a1aa20e11acfbd8e,True,14時間前,2026-10-03 05:13:16,福岡県
「賞与ありでモチベーションもアップ」／コーヒーパックの検品・梱包／安定収入／手のひらサイズ中心新着,株式会社SNJAPAN,福岡県,月給31万円～34万円,正社員,清掃,求人ボックス,https://xn--pckua2a7gp15o89zb.com/jbn/729e28fd5fd6fa64c57d3bbb2bae2a57,True,15時間前,2026-10-03 05:13:16,福岡県
18時からの勤務!ドラッグストアの販売スタッフ新着,株式会社ドラッグイレブン,福岡県,"時給1,164円～1,393円",アルバイト・パート,清掃,求人ボックス,https://xn--pckua2a7gp15o89zb.com/jb/0672d0c52014ed9de56d6857a31da3ed,True,19時間前,2026-10-03 05:13:16,福岡県
居酒屋の調理補助STAFF／一伍屋大名店／週3～勤務OK／22時～翌2時／1食100円のまかない付き新着,株式会社F.AG／一伍屋,福岡県,"時給1,393円～1,500円",アルバイト・パート,清掃,求人ボックス,https://xn--pckua2a7gp15o89zb.com/jb/1bae5582056d1890e3bfc8742366feaf,True,11時間前,2026-10-03 05:13:20,福岡県
家電の部品交換メンテナンススタッフ新着,ギグワークスアドバリュー株式会社,福岡県,日給2万円～,,清掃,求人ボックス,https://xn--pckua2a7gp15o89zb.com/jb/1fab21ddceb4103d55ac55452ab044b0,True,7時間前,2026-10-03 05:13:20,福岡県
リゾートバイト／裏方全般新着,株式会社ダイブ,福岡県,"時給1,100円～",派遣社員,清掃,求人ボックス,https://xn--pckua2a7gp15o89zb.com/jb/6990f0137e8cb82f5f666ddb33c9e864,True,23時間前,2026-10-03 05:13:20,福岡県
すき家の店舗スタッフ 接客・調理・清掃など新着,すき家,福岡県,"時給1,130円",アルバイト・パート,清掃,求人ボックス,https://xn--pckua2a7gp15o89zb.com/jb/4f11a771a48d56560b0d294de725e93f,True,2時間前,2026-10-03 05:13:20,福岡県
フォロー体制有 有料老人ホームでの介護／高時給新着,株式会社ウィルオブ・ワーク,福岡県,"時給1,350円",派遣社員,清掃,求人ボックス,https://xn--pckua2a7gp15o89zb.com/jb/4ee9a2713df1d634d1824f46a5f28474,True,19時間前,2026-10-03 05:13:20,福岡県
ジュエリー・ファッション雑貨等の販売新着,ウノヒューマンライズ株式会社,福岡県,"時給1,300円～1,400円",派遣社員,清掃,求人ボックス,https://xn--pckua2a7gp15o89zb.com/jb/77e2dbb74a3ecee4e4d01d1e81db5c71,True,14時間前,2026-10-03 05:13:24,福岡県
数字入力メインのデータ入力新着,株式会社ホットスタッフ飯塚,福岡県,"時給1,210円",派遣社員,清掃,求人ボックス,https://xn--pckua2a7gp15o89zb.com/jb/365c7065fdeac7452a0793aae482e0fa,True,11時間前,2026-10-03 05:13:24,福岡県
調理補助・パート平原小学校店で調理補助 マイカー通勤OK・30～60代しゅふ活躍中新着,ハーベスト株式会社,福岡県,"時給1,120円～1,220円",アルバイト・パート,清掃,求人ボックス,https://xn--pckua2a7gp15o89zb.com/jb/f83cf68a8ea1138a95db468b7b1a88a4,True,7時間前,2026-10-03 05:13:24,福岡県
シフト休／専門店レストランの店舗スタッフ／東証一部上場企業新着,株式会社グルメ杵屋,福岡県,月給23万円～35万円,正社員,清掃,求人ボックス,https://xn--pckua2a7gp15o89zb.com/jb/071d241fd3aca7eaff33a8992a085c0e,True,3時間前,2026-10-03 05:13:24,福岡県
「マニュアル完備のカンタン倉庫作業」物流倉庫の作業スタッフ／社会保険完備／土日祝休み／賞与年2回新着,司中九州株式会社 古賀ロジセンター,福岡県,月給25万円～32万円,正社員,清掃,求人ボックス,https://xn--pckua2a7gp15o89zb.com/jbn/b7cf8ff25b77ace0dff304d3147fffbb,True,22時間前,2026-10-03 05:13:24,福岡県
「マニュアル完備のカンタン倉庫作業」フォークリフト・倉庫作業スタッフ／未経験歓迎／社会保険完備新着,司南九州株式会社,福岡県,"月給21万5,000円",正社員,清掃,求人ボックス,https://xn--pckua2a7gp15o89zb.com/jbn/d2fd4df4241fc1a309d63adc14e5722f,True,22時間前,2026-10-03 05:13:24,福岡県
在庫管理や積み込みの作業スタッフ／未経験歓迎／日曜休みOK／賞与あり新着,日豊興産株式会社,福岡県,"月給22万2,000円",正社員,清掃,求人ボックス,https://xn--pckua2a7gp15o89zb.com/jb/b7ad4ed18e4929b6201fb9727c7277ae,True,10時間前,2026-10-03 05:13:28,福岡県
福岡市中央区エリアでのお仕事探しなら!ブランド品の買取営業! おたからや／ブランド品買取新着,株式会社ディンプル,福岡県,月給35万円,正社員,清掃,求人ボックス,https://xn--pckua2a7gp15o89zb.com/jb/70bad3ae53a9961288282acf46e138bf,True,11時間前,2026-10-03 05:13:28,福岡県
デジタルプリンター製造・検品スタッフ／未経験歓迎!コツコツ取り組めるシンプル作業新着,IBS即戦力人財株式会社,福岡県,"時給1,450円",派遣社員,清掃,求人ボックス,https://xn--pckua2a7gp15o89zb.com/jb/6afdac5953e4b121fa2d25ff6e670e22,True,14時間前,2026-10-03 05:13:28,福岡県
重量物ナシ かばんの箱詰め 未経験大歓迎新着,株式会社IGF,福岡県,月給30万円～35万円,正社員,清掃,求人ボックス,https://xn--pckua2a7gp15o89zb.com/jb/845badfe77f2c61302b5c841e27d9c41,True,14時間前,2026-10-03 05:13:31,福岡県
カーコーティング・内装クリーニング新着,ASAP筑後,福岡県,"月給25万3,000円",正社員,清掃,求人ボックス,https://xn--pckua2a7gp15o89zb.com/jb/000c0d88dce988434583f6d13c3ecb83,True,4時間前,2026-10-03 05:13:31,福岡県
カーコーティング・内装クリーニング新着,ASAP新宮店,福岡県,"月給25万3,000円",正社員,清掃,求人ボックス,https://xn--pckua2a7gp15o89zb.com/jb/aedead8295946121f2750b7c03388bc0,True,4時間前,2026-10-03 05:13:31,福岡県
カーコーティング・内装クリーニング新着,ASAP 八幡西店,福岡県,"月給22万7,000円",正社員,清掃,求人ボックス,https://xn--pckua2a7gp15o89zb.com/jb/0598286b032e1504a57a785404b61bf5,True,4時間前,2026-10-03 05:13:31,福岡県
客室清掃／家事代行／清掃 主フ活躍中 週1~OK 浮羽のホテル清掃 ぐんぐん昇給あり新着,株式会社ダスメルクリーン,福岡県,"時給1,120円～1,300円",アルバイト・パート,清掃,求人ボックス,https://xn--pckua2a7gp15o89zb.com/jb/ca597925e4e02732b2fa0a3b4fb4b80d,True,18時間前,2026-10-03 05:13:31,福岡県
月～土の週6日勤務／マンションの管理員新着,株式会社創建サービス福岡,福岡県,"時給1,120円",アルバイト・パート,清掃,求人ボックス,https://xn--pckua2a7gp15o89zb.com/jb/18799024f3aea778f8c54176a576e88d,True,19時間前,2026-10-03 05:13:31,福岡県
未経験歓迎 福岡・北九州 簡単な仕分け・ピッキング・組み立て作業新着,株式会社Progress Group,福岡県,"月給21万5,000円",正社員,清掃,求人ボックス,https://xn--pckua2a7gp15o89zb.com/jb/717ca30246f883650125d9c3e4cb7a8c,True,10時間前,2026-10-03 05:13:31,福岡県
長期／機械オペレーター／時給1250円から1563円新着,株式会社ファーストリンク,福岡県,時給1250円,派遣社員,派遣,求人ボックス,https://xn--pckua2a7gp15o89zb.com/jb/385a76d75e761736278b107dcb90ceb6,True,12時間前,2026-10-03 05:13:03,福岡県
11月開始／時給1400円／調査 未経験OK 土日祝休み新着,スタッフ,福岡県,時給1400円,派遣社員,派遣,求人ボックス,https://xn--pckua2a7gp15o89zb.com/jb/cff607be4cdeb67c84f9b69aa89e9b73,True,13時間前,2026-10-03 05:13:03,福岡県
生産管理新着,CONV,福岡県,"時給1,250円～1,563円",派遣社員,派遣,求人ボックス,https://xn--pckua2a7gp15o89zb.com/jb/dff6ca9f4d9dc659a373799f8e78309d,True,5時間前,2026-10-03 05:13:04,福岡県
交通分野・都市計画分野の調査・分析／年間休日124日／土日祝休新着,株式会社Progress Group,福岡県,"月給23万4,000円",正社員,派遣,求人ボックス,https://xn--pckua2a7gp15o89zb.com/jb/fd4ba2a9737c75eea3196f7c9a1fe85a,True,11時間前,2026-10-03 05:13:04,福岡県
未経験歓迎!／お問い合わせメール・チャット対応／電話無し新着,キャリアパス株式会社,福岡県,"時給1,350円",派遣社員,派遣,求人ボックス,https://xn--pckua2a7gp15o89zb.com/jb/136e372582af2a143c7e26bf5f60a045,True,14時間前,2026-10-03 05:13:04,福岡県
リゾートバイト／調理補助新着,株式会社ダイブ,福岡県,"時給1,200円～",派遣社員,派遣,求人ボックス,https://xn--pckua2a7gp15o89zb.com/jb/de67e99e2d6017d31685796074e1e52a,True,23時間前,2026-10-03 05:13:04,福岡県
福岡市中央区エリアでのお仕事探しなら!事務スタッフのお仕事! 未経験からはじめる事務スタッフ新着,株式会社ディンプル,福岡県,"月給18万7,000円",正社員,派遣,求人ボックス,https://xn--pckua2a7gp15o89zb.com/jb/9c9316b8fd9af794bb249c1b74c3a875,True,11時間前,2026-10-03 05:13:04,福岡県
一般事務新着,株式会社リクルートスタッフィング,福岡県,"時給1,250円～",派遣社員,派遣,求人ボックス,https://xn--pckua2a7gp15o89zb.com/jb/f6af436325a65556d934eb13aaa04920,True,20時間前,2026-10-03 05:13:07,福岡県
ウエディング／ホテルニューオータニ博多でウェディング・宴会装花制作スタッフ新着,株式会社コパン,福岡県,"時給1,300円～",派遣社員,派遣,求人ボックス,https://xn--pckua2a7gp15o89zb.com/jb/8d5e0d2bb3d630ff00b0d6ccd53550dc,True,14時間前,2026-10-03 05:13:07,福岡県
大手空調設備会社で営業事務新着,ヒューマンリソシア株式会社,福岡県,"時給1,300円",派遣社員,派遣,求人ボックス,https://xn--pckua2a7gp15o89zb.com/jb/677b273dbce5d4bc336fff3bbeecbc37,True,9時間前,2026-10-03 05:13:12,福岡県
「軽作業スタッフ」カードの検品新着,セブンエージェント株式会社,福岡県,"時給1,450円～",派遣社員,派遣,求人ボックス,https://xn--pckua2a7gp15o89zb.com/jb/282c3bd8d2a177648cc7689c6e9c8f95,True,14時間前,2026-10-03 05:13:12,福岡県
一般事務・OA事務 ／ 総務事務 ／あんしん長期 事務・総務サポート 残業なし新着,パーソルテンプスタッフ株式会社,福岡県,"時給1,250円",派遣社員,派遣,求人ボックス,https://xn--pckua2a7gp15o89zb.com/jb/55a475456a7242f9ff36cd0679d47c7c,True,18時間前,2026-10-03 05:13:14,福岡県
電気料金の改定に関するお問い合わせ業務新着,株式会社ジャストファイン,福岡県,"時給1,600円",アルバイト・パート,派遣,求人ボックス,https://xn--pckua2a7gp15o89zb.com/jb/d166fa08f88aa70abf19592c9a69da54,True,11時間前,2026-10-03 05:13:14,福岡県
電気料金請求に関する入力・チェック事務新着,キューアンドエー株式会社,福岡県,"時給1,330円",派遣社員,派遣,求人ボックス,https://xn--pckua2a7gp15o89zb.com/jb/dd52a4c9357706d796639b26cf854a28,True,15時間前,2026-10-03 05:13:14,福岡県
電気設備施工×TfasCADオペレーター 紹介予定派遣新着,株式会社アットキャド,福岡県,"時給1,600円～1,800円",正社員,派遣,求人ボックス,https://xn--pckua2a7gp15o89zb.com/jb/9a51ca9ecc6e592b6928a07a27bafbaf,True,14時間前,2026-10-03 05:13:14,福岡県
アパレル／コスメ／未経験OK 週5日アパレル販売／天神駅チカで働こう!新着,株式会社ウィルオブ・ワーク,福岡県,"時給1,300円～1,450円",派遣社員,派遣,求人ボックス,https://xn--pckua2a7gp15o89zb.com/jb/54eaa99fa40b45d3fcd788ede4466caf,True,12時間前,2026-10-03 05:13:18,福岡県
一般事務／平日休みあり 派遣スタッフ活躍中 未経験OK!データ更新など新着,株式会社スタッフサービス,福岡県,"時給1,300円～",派遣社員,派遣,求人ボックス,https://xn--pckua2a7gp15o89zb.com/jb/0af7e1eaaf95cb909e2bd5e1a58aa1cb,True,17時間前,2026-10-03 05:13:18,福岡県
大手生命保険会社のコールセンター／土日祝休み／未経験歓迎／給料前払いあり新着,株式会社ベルシステム24,福岡県,"時給1,300円～",アルバイト・パート,派遣,求人ボックス,https://xn--pckua2a7gp15o89zb.com/jb/7cf247b895619c6bf022718f0e121c62,True,12時間前,2026-10-03 05:13:18,福岡県
グラフィックデザイナー 生協カタログ制作 残業月20h以内新着,株式会社フェローズ,福岡県,"時給1,300円～1,400円",派遣社員,派遣,求人ボックス,https://xn--pckua2a7gp15o89zb.com/jb/736b977fbc8d7d4d5ba954308459c5e0,True,17時間前,2026-10-03 05:13:21,福岡県
無資格&未経験OK ネオキャリアの介護ワーク!週3日～時間選べる 家事との両立も 履歴書不要新着,株式会社ネオキャリア ナイス,福岡県,"時給1,300円～1,500円",派遣社員,派遣,求人ボックス,https://xn--pckua2a7gp15o89zb.com/jb/10903d781d20f4431789b0dd97acb25a,True,14時間前,2026-10-03 05:13:21,福岡県
イベントPR・案内スタッフ新着,株式会社Liv.Design 家計の見直し堂 福...,福岡県,"月給22万7,000円",正社員,派遣,求人ボックス,https://xn--pckua2a7gp15o89zb.com/jbn/fade61d4b4e4f5af98069b5b32331ba8,True,21時間前,2026-10-03 05:13:25,福岡県
電話受付／取次ぎ新着,株式会社CAREER,福岡県,"時給1,300円",派遣社員,派遣,求人ボックス,https://xn--pckua2a7gp15o89zb.com/jb/ab4b6d1415819f4f437ba600e72d54b2,True,10時間前,2026-10-03 05:13:25,福岡県
インセンティブ支給あり／コツモク軽作業／高時給1450円 日払い新着,株式会社ワールドスタッフィング,福岡県,時給1450円,派遣社員,派遣,求人ボックス,https://xn--pckua2a7gp15o89zb.com/jb/4eaba5b9fa1d40740c872ba37f2aee63,True,14時間前,2026-10-03 05:13:25,福岡県
モーター製造スタッフ新着,株式会社ティーエムビジョン,福岡県,"時給1,450円～1,813円",正社員,派遣,求人ボックス,https://xn--pckua2a7gp15o89zb.com/jb/eaeda770e5d8bc55cfcbcda72976deae,True,14時間前,2026-10-03 05:13:28,福岡県
工場内でカウンターリフトオペレーター新着,株式会社ホットスタッフ行橋,福岡県,"時給1,250円～",アルバイト・パート,派遣,求人ボックス,https://xn--pckua2a7gp15o89zb.com/jb/c5b9efdf8314401ed2cdc824a2e9ae3e,True,19時間前,2026-10-03 05:13:28,福岡県
通信キャリア等の営業事務／土日祝休新着,株式会社BREXA Communications,福岡県,"月給18万5,000円",正社員,派遣,求人ボックス,https://xn--pckua2a7gp15o89zb.com/jb/fe1d4629f61e44f252524098b96a796a,True,3時間前,2026-10-03 05:13:31,福岡県
区役所内のコンシェルジュ新着,株式会社ホットスタッフ小倉,福岡県,"時給1,120円",派遣社員,派遣,求人ボックス,https://xn--pckua2a7gp15o89zb.com/jb/ebf7d8ce03aadd38661d2d4c0c815d95,True,11時間前,2026-10-03 05:13:31,福岡県
飲食店キッチンスタッフ新着,焼きとり あお季 大名店,福岡県,"月給26万6,000円",正社員,飲食,求人ボックス,https://xn--pckua2a7gp15o89zb.com/jb/df7144c174d22f8513425b1e2e3ee13c,True,22時間前,2026-10-03 05:13:11,福岡県
夜勤あり／人気飲食店の店舗スタッフ／資格経験不要／月給25万新着,ワタミ株式会社,福岡県,月給25万,正社員,飲食,求人ボックス,https://xn--pckua2a7gp15o89zb.com/jb/4678e90f6f418247864a71740c1b09d9,True,3時間前,2026-10-03 05:13:11,福岡県
飲食店のホールスタッフ新着,釜炊きおむすび うめぼし,福岡県,"時給1,100円",アルバイト・パート,飲食,求人ボックス,https://xn--pckua2a7gp15o89zb.com/jb/9a7f27d5de05523bc58d5dec16b2ff40,True,22時間前,2026-10-03 05:13:11,福岡県
飲食店のキッチンスタッフ新着,炉端 あお季 竪町店,福岡県,"時給1,250円～1,500円",アルバイト・パート,飲食,求人ボックス,https://xn--pckua2a7gp15o89zb.com/jb/b1973b043bdc3bd1b97bd6f7d7d1def7,True,22時間前,2026-10-03 05:13:11,福岡県
甘い香りの洋菓子工場スタッフ・8835新着,株式会社TOMIYO JOB,福岡県,"時給1,350円～1,687円",派遣社員,飲食,求人ボックス,https://xn--pckua2a7gp15o89zb.com/jb/50b99b86f435930bcf38eeb06a38e62a,True,19時間前,2026-10-03 05:13:11,福岡県
「PC基礎からチャレンジ」／テクニカルサポート／未経験歓迎／残業少なめ／スキルアップ可能新着,...難しい知識が不要で、プレイヤー目線が活かせる仕事として選択。 「PCは普段使いレベル。でもIT業界に挑戦したい」と入社した元,福岡県,"月給32万5,000円",正社員,飲食,求人ボックス,https://xn--pckua2a7gp15o89zb.com/jbn/e05f302e5c25e9973cbc1585b04fb72f,True,12時間前,2026-10-03 05:13:12,福岡県
「アプリやゲーム好き歓迎」／ヘルプデスク／キャリアアップ支援／研修あり／残業少なめ新着,...難しい知識が不要で、プレイヤー目線が活かせる仕事として選択。 「PCは普段使いレベル。でもIT業界に挑戦したい」と入社した元,福岡県,"月給30万8,000円",正社員,飲食,求人ボックス,https://xn--pckua2a7gp15o89zb.com/jbn/dbe31dc508f40cbf8415fa80d0a14a2e,True,12時間前,2026-10-03 05:13:12,福岡県
"急募!／宅配より始めやすい!福岡市博多区フードデリバリー／日額15,000円保証+歩合新着",五ツ星ロジ株式会社,福岡県,"日給1万5,000円",アルバイト・パート,飲食,求人ボックス,https://xn--pckua2a7gp15o89zb.com/jbi/383a62c25856aefa77ca56f84455b9f6,True,21時間前,2026-10-03 05:13:12,福岡県
「コツコツ確認が得意な方へ」／運用サポート／年間休日125日以上／正社員デビュー応援新着,...難しい知識が不要で、プレイヤー目線が活かせる仕事として選択。 「PCは普段使いレベル。でもIT業界に挑戦したい」と入社した元,福岡県,"月給32万8,000円",正社員,飲食,求人ボックス,https://xn--pckua2a7gp15o89zb.com/jbn/da7ec9af66b56b9d79ac84bb245bb628,True,12時間前,2026-10-03 05:13:12,福岡県
「サポート好きに合う仕事」／検証スタッフ／残業少なめ／未経験歓迎／第二新卒歓迎新着,スタッフ,福岡県,"月給33万2,000円",正社員,飲食,求人ボックス,https://xn--pckua2a7gp15o89zb.com/jbn/9f55ffe425d1f39f4795b43200783f4e,True,12時間前,2026-10-03 05:13:12,福岡県
ペットショップの接客・品出しスタッフ／経験ゼロから始められる／長く安心して働ける環境／長期勤務新着,株式会社犬の家 シュロアモール筑紫野店,福岡県,"月給19万2,000円",正社員,飲食,求人ボックス,https://xn--pckua2a7gp15o89zb.com/jbn/9a76ff79fb26934e566b9871e30e723e,True,22時間前,2026-10-03 05:13:12,福岡県
「手順通り進めるIT業務」／テストスタッフ／賞与あり／土日祝休み／年間休日125日以上新着,スタッフ,福岡県,"月給33万4,000円",正社員,飲食,求人ボックス,https://xn--pckua2a7gp15o89zb.com/jbn/c0be339bbebd479a1855eb1d7d4fb9fd,True,12時間前,2026-10-03 05:13:12,福岡県
「安定して働ける内勤IT」／品質チェックスタッフ／PC基礎からOK／賞与あり／若手活躍中新着,スタッフ,福岡県,"月給33万6,000円",正社員,飲食,求人ボックス,https://xn--pckua2a7gp15o89zb.com/jbn/023cb10840596aa1535935e631f63b36,True,12時間前,2026-10-03 05:13:15,福岡県
「新しいことに挑戦したい方へ」／品質管理サポート／服装自由／若手活躍中／内勤ワーク新着,...難しい知識が不要で、プレイヤー目線が活かせる仕事として選択。 「PCは普段使いレベル。でもIT業界に挑戦したい」と入社した元,福岡県,"月給33万8,000円",正社員,飲食,求人ボックス,https://xn--pckua2a7gp15o89zb.com/jbn/f202ef32d109a8b4b8fbced038052007,True,12時間前,2026-10-03 05:13:15,福岡県
「ドコモショップ伊都」地元で正社員就業／年間休日124日／昇給・ 賞与あり／携帯ショップでの接客新着,スタッフ,福岡県,"月給20万5,000円",正社員,飲食,求人ボックス,https://xn--pckua2a7gp15o89zb.com/jb/1407d2f8f8fefeaacf39a4f5bbc3c65e,True,10時間前,2026-10-03 05:13:15,福岡県
「20代から始めやすいIT職」／システム運用オペレーター／残業少なめ／服装自由／福利厚生充実新着,...難しい知識が不要で、プレイヤー目線が活かせる仕事として選択。 「PCは普段使いレベル。でもIT業界に挑戦したい」と入社した元,福岡県,"月給33万1,000円",正社員,飲食,求人ボックス,https://xn--pckua2a7gp15o89zb.com/jbn/eb24b27c030b22450c0930ac3f749fbc,True,12時間前,2026-10-03 05:13:15,福岡県
「未経験スタート多数」／システムチェックスタッフ／有給取得率90%以上／完全週休2日制／土日祝休み新着,スタッフ,福岡県,"月給30万1,000円",正社員,飲食,求人ボックス,https://xn--pckua2a7gp15o89zb.com/jbn/cf122ee75a4f3a4441b42c3a7b25ea80,True,12時間前,2026-10-03 05:13:15,福岡県
「未経験から始める人気ITワーク」／ITサポート／内勤ワーク／キャリアアップ支援／コツコツ作業新着,...難しい知識が不要で、プレイヤー目線が活かせる仕事として選択。 「PCは普段使いレベル。でもIT業界に挑戦したい」と入社した元,福岡県,"月給30万5,000円",正社員,飲食,求人ボックス,https://xn--pckua2a7gp15o89zb.com/jbn/d1d6a74822751fdff274705ba60019c0,True,12時間前,2026-10-03 05:13:15,福岡県
「好きなことをITの仕事に」／エンジニアアシスタント／人柄重視／第二新卒歓迎／服装自由新着,...難しい知識が不要で、プレイヤー目線が活かせる仕事として選択。 「PCは普段使いレベル。でもIT業界に挑戦したい」と入社した元,福岡県,"月給31万6,000円",正社員,飲食,求人ボックス,https://xn--pckua2a7gp15o89zb.com/jbn/a5a3e5fe962c6d16068e10f7b8d17bdd,True,12時間前,2026-10-03 05:13:15,福岡県
「チェック中心で始めやすい」／動作検証スタッフ／年間休日125日以上／コツコツ作業／PC基礎からOK新着,スタッフ,福岡県,"月給32万9,000円",正社員,飲食,求人ボックス,https://xn--pckua2a7gp15o89zb.com/jbn/78b6d2d059927e122c1347510cbb9a50,True,12時間前,2026-10-03 05:13:19,福岡県
ホールStaff／22時～翌2時／一伍屋大名店／週2日～OK／絶品100円まかないあり新着,株式会社F.AG／一伍屋,福岡県,"時給1,393円～1,687円",アルバイト・パート,飲食,求人ボックス,https://xn--pckua2a7gp15o89zb.com/jb/4914466afa1b6e3ac7f5835532fdb727,True,10時間前,2026-10-03 05:13:19,福岡県
「ドコモショップ前原」地元で正社員就業／年間休日124日／昇給・ 賞与あり／携帯ショップでの接客新着,スタッフ,福岡県,"月給20万5,000円",正社員,飲食,求人ボックス,https://xn--pckua2a7gp15o89zb.com/jb/7b8aea73485f7346b138ecde7b5d3331,True,10時間前,2026-10-03 05:13:19,福岡県
後払い決済サービスのお問い合わせ対応新着,ビーウィズ株式会社 HR部,福岡県,"時給1,500円",アルバイト・パート,飲食,求人ボックス,https://xn--pckua2a7gp15o89zb.com/jbn/f8c5e52f44d0320b54c6d5cd3e124baf,True,21時間前,2026-10-03 05:13:19,福岡県
韓国料理屋でのキッチン・ホール業務新着,ファジョン食堂 小倉店,福岡県,月給28万円～50万円,正社員,飲食,求人ボックス,https://xn--pckua2a7gp15o89zb.com/jb/1b87b92e523dd811ea3a0ac5b618519d,True,22時間前,2026-10-03 05:13:19,福岡県
シフト休み／社宅あり／豊富なキャリア選択／パチンコのホール業務新着,株式会社Progress Group,福岡県,"月給25万5,000円",正社員,飲食,求人ボックス,https://xn--pckua2a7gp15o89zb.com/jb/195282d95faeef1c3592c69705b3ebe9,True,10時間前,2026-10-03 05:13:19,福岡県
赤坂／1800円／土日祝休／フードデリバリーの案内新着,株式会社ウィルオブ・ワーク,福岡県,"時給1,800円～",派遣社員,飲食,求人ボックス,https://xn--pckua2a7gp15o89zb.com/jb/1d30c68a0c01dbb9155ed78eedaa10b6,True,13時間前,2026-10-03 05:13:19,福岡県
事務スタッフ 未経験OK「月給26万〜・ネイルOK」20代活躍中新着,スタッフ,福岡県,月給26万,正社員,飲食,求人ボックス,https://xn--pckua2a7gp15o89zb.com/jbn/8790b090a719d5b8370409719241d458,True,20時間前,2026-10-03 05:13:22,福岡県
「まだ間に合う!」未経験からできる一般事務／研修充実／年間休日125日以上新着,株式会社Light BROTHERS,福岡県,月給25万円～40万円,正社員,飲食,求人ボックス,https://xn--pckua2a7gp15o89zb.com/jb/e693ccce0af2744f2c8ff0fd778479c3,True,20時間前,2026-10-03 05:13:22,福岡県
「定着率92.6%の安定企業で働く!」／ブレーキペダルの製造スタッフ／研修あり／20~30代活躍中!新着,三陽工業株式会社,福岡県,月給19万円～36万,正社員,飲食,求人ボックス,https://xn--pckua2a7gp15o89zb.com/jbn/05e366d49fe895941bbfc2f1196b8fb6,True,14時間前,2026-10-03 05:13:22,福岡県
タクシードライバー／普通免許のみで応募OK／週3日勤務／賞与あり／高収入実現可能新着,飲食,福岡県,"月給47万8,000円",正社員,飲食,求人ボックス,https://xn--pckua2a7gp15o89zb.com/jbn/c6f0c249dd6780eafa710b43d2d4be77,True,11時間前,2026-10-03 05:13:22,福岡県
保険営業新着,株式会社Liv.Design 家計の見直し堂 福...,福岡県,"月給22万7,000円",正社員,飲食,求人ボックス,https://xn--pckua2a7gp15o89zb.com/jbn/d1ee01fb7f6d850696b0ed75806088ca,True,21時間前,2026-10-03 05:13:22,福岡県
飲食やアパレルの接客経験が活きる!ノルマなし・ブランクOK 上場企業で社員勤務新着,株式会社ツツミ,福岡県,月給21万円～30万円,契約社員,飲食,求人ボックス,https://xn--pckua2a7gp15o89zb.com/jb/19969820c35dcba108c39d289a2a365b,True,12時間前,2026-10-03 05:13:22,福岡県
学生食堂の店長候補新着,株式会社ヤマコウ,福岡県,月給25万円～28万円,正社員,飲食,求人ボックス,https://xn--pckua2a7gp15o89zb.com/jb/96a067eca46dd50489b8d56c58eb0fea,True,10時間前,2026-10-03 05:13:22,福岡県
「土日祝ホール・学生」和食レストランのホールスタッフ新着,株式会社シーエス・プレナー,福岡県,"時給1,150円～1,300円",アルバイト・パート,飲食,求人ボックス,https://xn--pckua2a7gp15o89zb.com/jb/61ab563dfd96ace920dbfb6254b0f00d,True,19時間前,2026-10-03 05:13:25,福岡県
Zone8の販売スタッフ・フロアリーダー新着,Zone8,福岡県,月給30万円～50万円,正社員,飲食,求人ボックス,https://xn--pckua2a7gp15o89zb.com/jb/8768033c127d513417ea0250c378756c,True,14時間前,2026-10-03 05:13:25,福岡県
シフト休／有名アイスの接客&運営／資格経験不要新着,イズミ・フード・サービス株式会社,福岡県,月給21万円～27万円,正社員,飲食,求人ボックス,https://xn--pckua2a7gp15o89zb.com/jb/1493c92464caa456828d60c11623b500,True,3時間前,2026-10-03 05:13:25,福岡県
まかない無料!フードコート内天丼店夜間カウンタースタッフ新着,オイシーズ株式会社,福岡県,"時給1,150円～1,250円",アルバイト・パート,飲食,求人ボックス,https://xn--pckua2a7gp15o89zb.com/jb/af6f206ab8a92586e052ff4d4a683241,True,19時間前,2026-10-03 05:13:25,福岡県
西海岸風結婚式場の食器洗い場スタッフ新着,ディライト株式会社,福岡県,"時給1,200円～1,600円",アルバイト・パート,飲食,求人ボックス,https://xn--pckua2a7gp15o89zb.com/jb/92e254013f08b8f2d380ca026e32d961,True,19時間前,2026-10-03 05:13:28,福岡県
美容部員／メイクアップアーティスト／コスメ・化粧品販売／髪色自由!新着,株式会社iDA,福岡県,"時給1,450円～1,575円",派遣社員,飲食,求人ボックス,https://xn--pckua2a7gp15o89zb.com/jb/9353281cfa6fae9162cea5408e5be3d2,True,10時間前,2026-10-03 05:13:28,福岡県
生活雑貨の接客・販売STAFF新着,株式会社ICL,福岡県,"時給1,100円～1,300円",アルバイト・パート,飲食,求人ボックス,https://xn--pckua2a7gp15o89zb.com/jb/6e6cb4c3ab5aae625cc4aa4a525d8170,True,9時間前,2026-10-03 05:13:28,福岡県
バーのキッチン／月9日休みで年休107日新着,株式会社DDグループ,福岡県,"月給31万2,000円",正社員,飲食,求人ボックス,https://xn--pckua2a7gp15o89zb.com/jb/c199885fc0f413e244c7d590871eddb1,True,5時間前,2026-10-03 05:13:28,福岡県
シフト休／ラーメン店での調理・接客／東証一部上場企業新着,株式会社丸千代山岡家,福岡県,月給23万円～36万円,正社員,飲食,求人ボックス,https://xn--pckua2a7gp15o89zb.com/jb/3203b92a53291ef8b4e76392a73df692,True,3時間前,2026-10-03 05:13:28,福岡県
半導体装置の組立／土日祝休み・年休125日・賞与年2回新着,株式会社マイスティア,福岡県,月給19万円～38万円,正社員,飲食,求人ボックス,https://xn--pckua2a7gp15o89zb.com/jb/82b9cdfb903adfa29fbf1085c186255d,True,4時間前,2026-10-03 05:13:28,福岡県
因幡うどんで夕方からのカウンタースタッフ新着,株式会社力の源ホールディングス,福岡県,"時給1,150円",アルバイト・パート,飲食,求人ボックス,https://xn--pckua2a7gp15o89zb.com/jb/6235dbd6896204b6909a99a709e153d9,True,19時間前,2026-10-03 05:13:32,福岡県
ゴルフ場レストランのホール・調理補助スタッフ新着,伊都ゴルフ倶楽部,福岡県,"時給1,130円～",アルバイト・パート,飲食,求人ボックス,https://xn--pckua2a7gp15o89zb.com/jb/4b5c2fccb87497370891b2db4169f8a5,True,6時間前,2026-10-03 05:13:32,福岡県
和モダン居酒屋のキッチンスタッフ新着,株式会社オーイズミフーズ,福岡県,"月給28万8,000円",正社員,飲食,求人ボックス,https://xn--pckua2a7gp15o89zb.com/jb/1245996431233b808cd0f524e954d9d4,True,5時間前,2026-10-03 05:13:32,福岡県
博多駅～徒歩8分!人材育成×チーム運営!大手決済アプリのお客様対応窓口の育成担当新着,株式会社TMJ,福岡県,"月給23万8,000円",正社員,飲食,求人ボックス,https://xn--pckua2a7gp15o89zb.com/jbn/f067307869e2785dde2e8661e9d1fb2f,True,22時間前,2026-10-03 05:13:32,福岡県
福岡市中央区エリアのお仕事!洋菓子ブランドの店舗責任者のお仕事! シュガーバターの木など店舗責任者新着,株式会社ディンプル,福岡県,月給25万円～34万,正社員,飲食,求人ボックス,https://xn--pckua2a7gp15o89zb.com/jb/94ed7b4b9a4cc68110ddc9078e267f02,True,11時間前,2026-10-03 05:13:32,福岡県
ホールスタッフ・フロアスタッフ・調理スタッフ新着,CONV,福岡県,"時給1,450円～",派遣社員,飲食,求人ボックス,https://xn--pckua2a7gp15o89zb.com/jb/b04722289d780855014f41eed57fd585,True,11時間前,2026-10-03 05:13:32,福岡県
高時給1250円のかんたん木材の軽作業新着,株式会社ファーストリンク,福岡県,時給1250円,派遣社員,飲食,求人ボックス,https://xn--pckua2a7gp15o89zb.com/jb/add9ab2e6bf340144da9fda1a272a096,True,12時間前,2026-10-03 05:13:35,福岡県
「見逃し厳禁!寮費無料」ゲームセンターの景品などの仕分け新着,セブンエージェント株式会社,福岡県,"時給1,350円～",派遣社員,飲食,求人ボックス,https://xn--pckua2a7gp15o89zb.com/jb/d878dfdcc2eafb96e0a377b369de2b65,True,14時間前,2026-10-03 05:13:35,福岡県
日払い・週払いOK アイドルグッズのピッキング 学歴不問新着,株式会社IGF,福岡県,月給30万円～35万円,正社員,飲食,求人ボックス,https://xn--pckua2a7gp15o89zb.com/jb/92517a67c7c1c21fbe381a00396969c1,True,14時間前,2026-10-03 05:13:35,福岡県
着実にスキルアップできる環境／関東で営業アシスタントスタッフ新着,株式会社OOQ,福岡県,"月給20万5,000円",正社員,飲食,求人ボックス,https://xn--pckua2a7gp15o89zb.com/jb/74bb52687ff211ff755889f3ce73dab2,True,15時間前,2026-10-03 05:13:35,福岡県
6～11時の4時間短時間／スーパーの早朝品出し・レジスタッフ新着,イオン九州株式会社,福岡県,"時給1,150円～",アルバイト・パート,飲食,求人ボックス,https://xn--pckua2a7gp15o89zb.com/jb/785bef8e9b723d38a9b29ed3ef1b617a,True,19時間前,2026-10-03 05:13:35,福岡県
保育所・保育園・で働きたい管理栄養士／栄養士新着,福岡千早保育園ちょうちょ,福岡県,"月給21万4,200円",正社員,飲食,求人ボックス,https://xn--pckua2a7gp15o89zb.com/jb/073b5457b5a65066897c5142267a9e90,True,7時間前,2026-10-03 05:13:35,福岡県
店舗スタッフ 未経験歓迎／定着率90%／店長平均年収696万／年3回賞与／年2回5連休あり新着,株式会社あきんどスシロー,福岡県,月給27万円～44万,正社員,飲食,求人ボックス,https://xn--pckua2a7gp15o89zb.com/jb/50a4115f2d8cfd9b2ff240517ab8d3a2,True,10時間前,2026-10-03 05:13:39,福岡県
ホール ガッツリ働きたい方歓迎 パートやアルバイトも賞与年2回新着,株式会社釜揚げ牧のうどん,福岡県,"時給1,150円～",アルバイト・パート,飲食,求人ボックス,https://xn--pckua2a7gp15o89zb.com/jb/24afb127aaf1553aa0ab1dd197fd27ea,True,23時間前,2026-10-03 05:13:39,福岡県
スマホケースの装飾パーツ取り付け／急募／車通勤OK／キャリアアップ／経験者優遇／プライベート充実新着,周辺環境も充実!・徒歩圏内にスーパー・コンビニ・,福岡県,"月給29万3,000円",正社員,飲食,求人ボックス,https://xn--pckua2a7gp15o89zb.com/jbn/d8035f9e3af82eaf8cc80916b5c72d2b,True,13時間前,2026-10-03 05:13:39,福岡県
限定パッケージ商品の組付け作業／急募／プライベート充実／経験者優遇／車通勤OK／福利厚生充実新着,周辺環境も充実!・徒歩圏内にスーパー・コンビニ・,福岡県,"月給28万5,000円",正社員,飲食,求人ボックス,https://xn--pckua2a7gp15o89zb.com/jbn/387ec86613d5c09e9bb0ac6ac75d307c,True,13時間前,2026-10-03 05:13:39,福岡県
