title,company,location,salary,employment_type,industry,source,url,is_new,time_info,scraped_at,prefecture
社会保険完備の職場で歯科衛生士新着,赤羽台ファースト歯科,東京都,"時給1,500円～",アルバイト・パート,歯科,求人ボックス,javascript:void(0);,True,12時間前,2026-09-19 04:04:33,東京都
歯科衛生士／12月開業オープニング／歯科衛生士／非常勤／衛生士業務に専...新着,糀谷こもれび歯医者,東京都,"時給1,800円～2,500円",アルバイト・パート,歯科,求人ボックス,https://xn--pckua2a7gp15o89zb.com/jb/f4cba0eba06555e65ad02234ef91b58c,True,1時間前,2026-09-19 04:04:33,東京都
歯科衛生士／代々木公園駅0分／平日18:30終業 完全週休2日制新着,秋山歯科医院,東京都,年収420万円～480万円,正社員,歯科,求人ボックス,https://xn--pckua2a7gp15o89zb.com/jb/f6a6dd73b50f0d524416d378be26eede,True,1時間前,2026-09-19 04:04:33,東京都
歯科衛生士／駅近、高田馬場駅徒歩2分／18時まで&残業なし 土日祝休み新着,医療法人社団恒航会 細谷歯科,東京都,月給27万円～,正社員,歯科,求人ボックス,https://xn--pckua2a7gp15o89zb.com/jb/53e731b50b289fa65432c0bb48c689da,True,1時間前,2026-09-19 04:04:33,東京都
歯科衛生士 徒歩2分／完全週休2日制／残業ほぼなし 昇給／賞与あり新着,医療法人社団東杏会 山王グランドビル歯科,東京都,月給29万円～,正社員,歯科,求人ボックス,https://xn--pckua2a7gp15o89zb.com/jb/cb0157365f901c3a409d23ee630d933d,True,1時間前,2026-09-19 04:04:33,東京都
歯科衛生士／矯正専門歯科での勤務経験者32万円以上 田町駅5分新着,ルフレ矯正歯科クリニック,東京都,月給32万円～38万円,正社員,歯科,求人ボックス,https://xn--pckua2a7gp15o89zb.com/jb/a4d21442fad359e5d3459a15c3b29d11,True,1時間前,2026-09-19 04:04:34,東京都
歯科衛生士／赤羽から5分／池袋から15分の好立地 最寄り駅から徒歩2分...新着,医療法人Win-Win だいご歯科クリニック,東京都,月給28万円～35万円,正社員,歯科,求人ボックス,https://xn--pckua2a7gp15o89zb.com/jb/80ca12ca9c3a9c1148c47b3779ffd3f8,True,1時間前,2026-09-19 04:04:34,東京都
歯科衛生士／矯正歯科専門クリニックの歯科衛生士／土曜・日曜の勤務新着,文京ながはま矯正歯科,東京都,"時給2,000円～3,000円",アルバイト・パート,歯科,求人ボックス,https://xn--pckua2a7gp15o89zb.com/jb/0ddd34f57a031214e9600debc6dae387,True,1時間前,2026-09-19 04:04:34,東京都
歯科衛生士／週休2日or3日選択可／週労働時間短く土曜日の診療15:0...新着,神宮外苑かさはら歯科,東京都,月給28万円～,正社員,歯科,求人ボックス,https://xn--pckua2a7gp15o89zb.com/jb/3e95028380f79dc1cf3bb20552a6000a,True,1時間前,2026-09-19 04:04:34,東京都
社会保険完備の職場で歯科衛生士新着,医療法人社団幸望会 ハーモニー歯科,東京都,"時給1,800円～",アルバイト・パート,歯科,求人ボックス,https://xn--pckua2a7gp15o89zb.com/jb/0f9cf5fd541dfd91febf7b6666021f43,True,6時間前,2026-09-19 04:04:34,東京都
社会保険完備の職場で歯科衛生士新着,安寿歯科 本院,東京都,月給30万円～35万円,正社員,歯科,求人ボックス,https://xn--pckua2a7gp15o89zb.com/jb/b4d8860a6dbe9f9d368946548438f03f,True,6時間前,2026-09-19 04:04:34,東京都
社会保険完備の職場で歯科衛生士新着,赤羽台ファースト歯科,東京都,"時給1,500円～",アルバイト・パート,歯科,求人ボックス,https://xn--pckua2a7gp15o89zb.com/jb/3f8b6f4e4996bd998a31a8cf7c2f49ca,True,6時間前,2026-09-19 04:04:36,東京都
審美歯科に力を入れるクリニックで歯科衛生士新着,こぶしデンタルクリニック,東京都,"時給1,800円～",アルバイト・パート,歯科,求人ボックス,https://xn--pckua2a7gp15o89zb.com/jb/7ca9b27b14d5b64412d991a798868e5d,True,6時間前,2026-09-19 04:04:36,東京都
歯科衛生士 徒歩5分／2027年2月オープン 週休3日 年休150日!新着,立川フィル矯正歯科,東京都,"月給28万5,000円",正社員,歯科,求人ボックス,https://xn--pckua2a7gp15o89zb.com/jb/d14954acc5b5292b3483ecf47657b287,True,1時間前,2026-09-19 04:04:36,東京都
歯科衛生士／全ユニット個室!しっかり患者様を診ていける!サロンのような...新着,ゆうかデンタルクリニック,東京都,"月給31万5,000円",正社員,歯科,求人ボックス,https://xn--pckua2a7gp15o89zb.com/jb/61b0bd8b99dea66c1372ac52c141749b,True,1時間前,2026-09-19 04:04:36,東京都
歯科衛生士／葛飾区青戸／完全週休2日制 昇給・賞与+期末手当あり新着,なかばやし歯科,東京都,"月給30万4,000円",正社員,歯科,求人ボックス,https://xn--pckua2a7gp15o89zb.com/jb/88bb088786be233fb2d2a6b3e428aed6,True,1時間前,2026-09-19 04:04:36,東京都
歯科衛生士／未経験・新卒OK／年間休日125日／新卒30万新着,医療法人社団佳希会 みやた小児歯科・矯正歯科,東京都,月給32万円～40万円,正社員,歯科,求人ボックス,https://xn--pckua2a7gp15o89zb.com/jb/7ff740f9a102db4e4966e3fef61d487b,True,1時間前,2026-09-19 04:04:39,東京都
歯科衛生士／完全週休2日・祝日振替なし／抜群のチームワークでもう一度衛...新着,医療法人社団Well being ピア・デンタル...,東京都,月給29万円～34万円,正社員,歯科,求人ボックス,https://xn--pckua2a7gp15o89zb.com/jb/5f18bd4e2684317e751bbeac7f580276,True,1時間前,2026-09-19 04:04:39,東京都
社会保険完備の職場で歯科衛生士新着,花矯正歯科 大井町,東京都,月給29万円～,正社員,歯科,求人ボックス,https://xn--pckua2a7gp15o89zb.com/jb/ee5d8dc113a712bc1a0698acc10b22e8,True,6時間前,2026-09-19 04:04:43,東京都
歯科衛生士／予防重視の診療で人気の歯科医院 ブランクもOK新着,斉藤歯科医院,東京都,月給25万円～30万円,正社員,歯科,求人ボックス,https://xn--pckua2a7gp15o89zb.com/jb/3f7fe958747e24f347e8c22b22fa0864,True,1時間前,2026-09-19 04:04:43,東京都
歯科衛生士／土日祝日休み、社保完備、残業一切ありません新着,寺西歯科医院,東京都,"日給11万5,000円",正社員,歯科,求人ボックス,https://xn--pckua2a7gp15o89zb.com/jb/5d8162df8358a41e7daab284a073d2b6,True,1時間前,2026-09-19 04:04:43,東京都
歯科衛生士／銀座6丁目のぶデジタル歯科新着,医療法人社団歯整会,東京都,"月給33万2,500円",正社員,歯科,求人ボックス,https://xn--pckua2a7gp15o89zb.com/jb/142174c25743f5cf5e2538ce7551d013,True,3時間前,2026-09-19 04:04:43,東京都
歯科衛生士／オカダ歯科クリニック新着,医療法人社団美樹歯会,東京都,"時給1,750円～",アルバイト・パート,歯科,求人ボックス,https://xn--pckua2a7gp15o89zb.com/jb/91e9ba5094d9bb9a6d45b91946d906e2,True,3時間前,2026-09-19 04:04:43,東京都
歯科衛生士／自費率70%／新卒28万～+残業代2万以上／経験者なら月給...新着,鶴見つむぎ歯科・矯正歯科,東京都,月給28万円～40万円,正社員,歯科,求人ボックス,https://xn--pckua2a7gp15o89zb.com/jb/f212d276169adbad3f848f14712ed37d,True,1時間前,2026-09-19 04:04:43,東京都
歯科衛生士／青葉台辻デンタルクリニック+Kids新着,医療法人社団崇敬会,東京都,月給26万円～,正社員,歯科,求人ボックス,https://xn--pckua2a7gp15o89zb.com/jb/a456053e42e13135cb9ffb45eab18694,True,7時間前,2026-09-19 04:04:46,東京都
審美歯科に力を入れるクリニックで歯科医師新着,西東京歯科医院 本院,東京都,"日給2万5,000円",アルバイト・パート,歯科,求人ボックス,https://xn--pckua2a7gp15o89zb.com/jb/b36b1452a0793f081f7acc7290973c60,True,6時間前,2026-09-19 04:04:46,東京都
医療事務募集新着,かわせ歯科医院,東京都,"月給24万5,000円",契約社員,歯科,求人ボックス,https://xn--pckua2a7gp15o89zb.com/jb/d0251c35952e5f177fadbf0b87d0816b,True,6時間前,2026-09-19 04:04:46,東京都
歯科助手／池上線洗足池駅徒歩5分、完全週休2日制／水曜日、日曜祝日／、未経験・ブランクありOK新着,森嶋歯科医院,東京都,"時給1,300円",アルバイト・パート,歯科,求人ボックス,https://xn--pckua2a7gp15o89zb.com/jb/e8987e82bc16fd055e6d755a208bff9b,True,1時間前,2026-09-19 04:04:46,東京都
年間休日120日以上!営業書類作成やアポ取得／時間外の電話対応なし／完全週休2日新着,デンプロ株式会社,東京都,月給20万円～35万円,正社員,歯科,求人ボックス,https://xn--pckua2a7gp15o89zb.com/jb/9dcc7ce9a52dfcc3af5a6205158abc91,True,4時間前,2026-09-19 04:04:46,東京都
管理栄養士／チームワークを重視した働きやすい職場新着,山の手デンタルオフィス田町三田,東京都,月給28万円～,正社員,歯科,求人ボックス,https://xn--pckua2a7gp15o89zb.com/jb/ce319304634a8751eba606e433af3771,True,1時間前,2026-09-19 04:04:46,東京都
通所介護・デイサービス勤務の介護職／ヘルパー新着,GENKINEXT葛飾小菅,東京都,"月給25万5,300円",正社員,介護,求人ボックス,https://xn--pckua2a7gp15o89zb.com/jb/0d131fef11f8a2fc769d7b5dbc57ad55,True,6時間前,2026-09-19 04:04:33,東京都
介護職／有料老人ホーム新着,昭島ケアパークそよ風,東京都,"時給1,480円",アルバイト・パート,介護,求人ボックス,https://xn--pckua2a7gp15o89zb.com/jb/1a1e1da861f15ed28900fe1c53c1dfca,True,2時間前,2026-09-19 04:04:34,東京都
介護職／デイサービス・デイケア新着,社会福祉法人聖風会 デイサービスセンターあすか,東京都,"時給1,583円～",アルバイト・パート,介護,求人ボックス,https://xn--pckua2a7gp15o89zb.com/jb/80ef0950531a33413f39257c53b6ffe2,True,2時間前,2026-09-19 04:04:34,東京都
介護職／デイサービス・デイケア新着,社会福祉法人聖風会 デイサービスセンターはなはた,東京都,"時給1,583円～",アルバイト・パート,介護,求人ボックス,https://xn--pckua2a7gp15o89zb.com/jb/d545c3b4c3dbc3a6107d0b18909557d6,True,1時間前,2026-09-19 04:04:37,東京都
介護職／特別養護老人ホーム新着,社会福祉法人聖風会 特別養護老人ホーム花畑あすか苑,東京都,"時給1,583円～",アルバイト・パート,介護,求人ボックス,https://xn--pckua2a7gp15o89zb.com/jb/3c0e8e1f714facaba0ada1feb3905a21,True,1時間前,2026-09-19 04:04:37,東京都
介護職／有料老人ホーム新着,ホスピス対応型住宅 リベル板橋西台,東京都,年収450万円～510万円,正社員,介護,求人ボックス,https://xn--pckua2a7gp15o89zb.com/jb/0d021ed9764652ec1dacc3b6a42dc692,True,1時間前,2026-09-19 04:04:41,東京都
介護職／訪問介護新着,ユースタイルケア 東京 重度訪問介護,東京都,月給40万円～45万円,正社員,介護,求人ボックス,https://xn--pckua2a7gp15o89zb.com/jb/366a3df03210acff0d96643d05f84925,True,1時間前,2026-09-19 04:04:43,東京都
介護職／特別養護老人ホーム新着,社会福祉法人聖風会 特別養護老人ホーム足立新生苑,東京都,"時給1,583円～",アルバイト・パート,介護,求人ボックス,https://xn--pckua2a7gp15o89zb.com/jb/d7d8864cb23305c4fab111f38133e163,True,2時間前,2026-09-19 04:04:46,東京都
登録ヘルパー・社会保険完備の職場で介護職／ヘルパー新着,そんぽの家S 保谷駅前,東京都,"時給1,620円～1,988円",アルバイト・パート,介護,求人ボックス,https://xn--pckua2a7gp15o89zb.com/jb/135a6c2f175def15f7abb8af3146e77d,True,6時間前,2026-09-19 04:04:50,東京都
社会保険完備の職場で介護職／ヘルパー新着,そんぽの家S 東墨田,東京都,月給21万300円,正社員,介護,求人ボックス,https://xn--pckua2a7gp15o89zb.com/jb/40b83f9454d531fbe67c312703348068,True,6時間前,2026-09-19 04:04:50,東京都
社会保険完備の職場で介護職／ヘルパー新着,SOMPOケア 堀ノ内 訪問介護,東京都,月給21万300円,正社員,介護,求人ボックス,https://xn--pckua2a7gp15o89zb.com/jb/88a90668a21ec0372673ed11eca2e843,True,6時間前,2026-09-19 04:04:50,東京都
社会保険完備の職場で介護職／ヘルパー新着,あかしあの里,東京都,"時給1,280円～",アルバイト・パート,介護,求人ボックス,https://xn--pckua2a7gp15o89zb.com/jb/7806b4d926e7579f5cd9bb3762a8489c,True,6時間前,2026-09-19 04:04:53,東京都
社会保険完備の職場で介護職／ヘルパー新着,SOMPOケア 中十条 訪問介護,東京都,月給21万300円,正社員,介護,求人ボックス,https://xn--pckua2a7gp15o89zb.com/jb/443fdbc221db0f56dea206e96cd13a9c,True,6時間前,2026-09-19 04:04:56,東京都
社会保険完備の職場で介護職／ヘルパー新着,そんぽの家 狛江,東京都,"時給1,350円～1,480円",アルバイト・パート,介護,求人ボックス,https://xn--pckua2a7gp15o89zb.com/jb/c9b3b2aa4efea34de2df1e390913e9de,True,6時間前,2026-09-19 04:04:56,東京都
小規模多機能の夜勤専従スタッフ 介護職 無資格新着,ミモザ三田,東京都,"日給2万2,500円",アルバイト・パート,介護,求人ボックス,https://xn--pckua2a7gp15o89zb.com/jb/ad1d7ca01183c7a067ebf34d49b097f8,True,4時間前,2026-09-19 04:05:00,東京都
介護職／有料老人ホーム新着,練馬谷原ケアパークそよ風,東京都,"時給1,280円～1,300円",アルバイト・パート,介護,求人ボックス,https://xn--pckua2a7gp15o89zb.com/jb/962198a127f0e26007733fdb1af94883,True,2時間前,2026-09-19 04:05:00,東京都
クリニックでの医療事務／受付・レセプト新着,医療法人社団育心会 国分寺なみき内科クリニック,東京都,"時給1,400円",アルバイト・パート,医療事務,求人ボックス,https://xn--pckua2a7gp15o89zb.com/jb/2d0a39e17a65e11926911d3d2cd48684,True,18時間前,2026-09-19 04:04:33,東京都
医療事務／40歳以上の方が活躍中新着,調布レディースクリニック,東京都,"時給1,450円～1,600円",アルバイト・パート,医療事務,求人ボックス,https://xn--pckua2a7gp15o89zb.com/jb/f1a3df437f20502d87872344b882e58b,True,1時間前,2026-09-19 04:04:33,東京都
クリニックでの医療事務／受付・レセプト新着,医療法人社団誠医会 世田谷等々力駅前内科・内視鏡...,東京都,月給25万円,正社員,医療事務,求人ボックス,https://xn--pckua2a7gp15o89zb.com/jb/6ed5eb0d6567915b7fdf79c2ef9714bb,True,18時間前,2026-09-19 04:04:33,東京都
病院での医療事務／受付・レセプト新着,医療法人社団碧水会 長谷川病院,東京都,"月給25万4,500円",正社員,医療事務,求人ボックス,https://xn--pckua2a7gp15o89zb.com/jb/32279041de9683bf8767e124cf501a4c,True,18時間前,2026-09-19 04:04:34,東京都
眼科クリニックでの医療事務／受付・レセプト新着,医療法人社団アイル 南大田アイクリニック,東京都,"時給1,300円～1,600円",アルバイト・パート,医療事務,求人ボックス,https://xn--pckua2a7gp15o89zb.com/jb/1641cd8855681b5deb4b60bc254727a7,True,18時間前,2026-09-19 04:04:34,東京都
医療事務募集新着,西新井大腸肛門科,東京都,"月給25万1,000円",正社員,医療事務,求人ボックス,https://xn--pckua2a7gp15o89zb.com/jb/f396e174d3a38df3bc2404b468f70471,True,6時間前,2026-09-19 04:04:38,東京都
病院での医療事務／受付新着,医療法人社団芙蓉会 ふよう病院,東京都,"月給19万6,000円",正社員,医療事務,求人ボックス,https://xn--pckua2a7gp15o89zb.com/jb/2f940d69ca4635f18d7b4c90ebf09415,True,18時間前,2026-09-19 04:04:38,東京都
医療事務募集新着,柿の木坂内科皮膚科クリニック,東京都,"時給1,400円～1,600円",アルバイト・パート,医療事務,求人ボックス,https://xn--pckua2a7gp15o89zb.com/jb/c199784096e9da65801d360b40908fc9,True,6時間前,2026-09-19 04:04:38,東京都
医療事務／未経験歓迎新着,医療法人社団関川会 関川病院,東京都,"月給20万5,000円",正社員,医療事務,求人ボックス,https://xn--pckua2a7gp15o89zb.com/jb/3278d7a6131ad751f8d505c5051a122b,True,8時間前,2026-09-19 04:04:38,東京都
一般事務／管理部門・医療事務・法人本部スタッフ／主任候補／医療事務経験...新着,医療法人社団憲幸会本部事務所,東京都,月給24万円～36万円,正社員,医療事務,求人ボックス,https://xn--pckua2a7gp15o89zb.com/jb/ccf0dd0a9cc2331bdacaacdd931a9e6a,True,6時間前,2026-09-19 04:04:42,東京都
整形外科クリニックでの医療事務／受付・レセプト新着,医療法人社団慶晃会 雨宮整形外科,東京都,"月給21万7,422円",正社員,医療事務,求人ボックス,https://xn--pckua2a7gp15o89zb.com/jb/91654308b5d91b5a048899e52b4e1d4f,True,18時間前,2026-09-19 04:04:42,東京都
整形外科クリニックでの医療事務／受付・会計新着,医療法人社団岡本整形外科,東京都,月給22万円～24万円,正社員,医療事務,求人ボックス,https://xn--pckua2a7gp15o89zb.com/jb/75d5b1bbec472723c0b07d0f137041b9,True,18時間前,2026-09-19 04:04:42,東京都
医療事務講座の講師新着,学校法人三幸学園グループ 三幸医療カレッジ,東京都,"時給1,500円～2,000円",アルバイト・パート,医療事務,求人ボックス,https://xn--pckua2a7gp15o89zb.com/jb/e76290f5fc3a04ae05df3f67ed142e55,True,18時間前,2026-09-19 04:04:45,東京都
医療事務・受付兼看護助手・無資格可の看護助手新着,あおよこ眼科,東京都,"時給1,400円～1,500円",アルバイト・パート,医療事務,求人ボックス,https://xn--pckua2a7gp15o89zb.com/jb/00344835578c2142578b066dd1923d23,True,6時間前,2026-09-19 04:04:45,東京都
医療事務 徒歩3分／2026年12月1日開院予定 週休2日制新着,風花メディカルマネジメント株式会社,東京都,月給21万円～30万円,正社員,医療事務,求人ボックス,https://xn--pckua2a7gp15o89zb.com/jb/1a5e72b2a6765b38527ed8a8a3934b96,True,1時間前,2026-09-19 04:04:45,東京都
医療事務新着,医療,東京都健康長寿医療センター,"時給1,310円～",契約社員,医療事務,求人ボックス,https://xn--pckua2a7gp15o89zb.com/jb/fe41d25a08a3ce433e0b3e6487aadc76,True,21時間前,2026-09-19 04:04:45,東京都
訪問診療クリニックでの医療事務／レセプト・データ入力新着,医療法人社団さんりつ会 そうわ八王子クリニック,東京都,"月給26万6,667円",正社員,医療事務,求人ボックス,https://xn--pckua2a7gp15o89zb.com/jb/20bd7e90182d20bd63f7401a0b1610ba,True,18時間前,2026-09-19 04:04:48,東京都
クリニックでの医療事務／受付・レセプト新着,医療法人多摩双泉会 四谷医院,東京都,月給22万円～24万円,正社員,医療事務,求人ボックス,https://xn--pckua2a7gp15o89zb.com/jb/9885d1c1d05eb84d7acb3b365ba2dbb0,True,18時間前,2026-09-19 04:04:48,東京都
クリニックでの医療事務／受付・会計新着,医療法人社団あおば つばめ医科歯科クリニック,東京都,"時給1,300円～1,500円",アルバイト・パート,医療事務,求人ボックス,https://xn--pckua2a7gp15o89zb.com/jb/7d09af28183881e01c816ff39f891f85,True,18時間前,2026-09-19 04:04:48,東京都
医療事務新着,東京城南整形外科,東京都,"時給1,800円～",派遣社員,医療事務,求人ボックス,https://xn--pckua2a7gp15o89zb.com/jb/7c3b00ee6732436742ee03d630282603,True,21時間前,2026-09-19 04:04:48,東京都
医療事務募集新着,医療法人社団おくむら医院,東京都,"時給1,350円～",アルバイト・パート,医療事務,求人ボックス,https://xn--pckua2a7gp15o89zb.com/jb/e2c40ea211a815d2203980e14280746a,True,6時間前,2026-09-19 04:04:52,東京都
医療法人社団 城東桐和会 タムス松江病院での医療事務募集新着,タムスグループ,東京都,"時給1,226円～",アルバイト・パート,医療事務,求人ボックス,https://xn--pckua2a7gp15o89zb.com/jb/45fd438733ab94fdd72c1b174ca1335b,True,23時間前,2026-09-19 04:04:52,東京都
クリニックでの医療事務／受付・レセプト新着,医療法人社団五良会 竹内内科小児科医院,東京都,"時給1,450円",アルバイト・パート,医療事務,求人ボックス,https://xn--pckua2a7gp15o89zb.com/jb/8eff0a53d6e5cc8f8b8d7b7f039d7a17,True,18時間前,2026-09-19 04:04:52,東京都
医療事務新着,東京医科大学病院,東京都,"時給1,400円～",派遣社員,医療事務,求人ボックス,https://xn--pckua2a7gp15o89zb.com/jb/999594fdd15e94d0b48d37387a0928e0,True,21時間前,2026-09-19 04:04:56,東京都
クリニックでの医療事務／受付・レセプト新着,医療法人社団晃輝会 井の頭通りこう門科胃腸科,東京都,"時給1,300円～1,500円",アルバイト・パート,医療事務,求人ボックス,https://xn--pckua2a7gp15o89zb.com/jb/993c9f6ea96328e3eaeaca9c451a5c9a,True,18時間前,2026-09-19 04:04:56,東京都
医療事務募集新着,田村クリニック 在宅ケア相談室,東京都,"月給22万7,500円",正社員,医療事務,求人ボックス,https://xn--pckua2a7gp15o89zb.com/jb/d90eac7aa1488c983296fc127b2990e1,True,6時間前,2026-09-19 04:04:56,東京都
医療事務／世田谷区のクリニック／前払いok!／シニア活躍!派遣のお仕事新着,レジオール,東京都,"時給1,250円～1,500円",派遣社員,医療事務,求人ボックス,https://xn--pckua2a7gp15o89zb.com/jb/7666d734b7819aee54179bffb39af17b,True,23時間前,2026-09-19 04:04:56,東京都
クリニックでの医療事務／受付・レセプト新着,医療法人社団常壽会 高石内科胃腸科,東京都,"時給1,250円～1,450円",アルバイト・パート,医療事務,求人ボックス,https://xn--pckua2a7gp15o89zb.com/jb/2337a215c650d98e7b1c31c083d1e56b,True,18時間前,2026-09-19 04:04:59,東京都
美容クリニックでの受付・医療事務／受付・レセプト新着,医療法人社団真正美会 東京八丁堀皮膚科・形成外科,東京都,月給24万円～25万円,正社員,医療事務,求人ボックス,https://xn--pckua2a7gp15o89zb.com/jb/14b959a305772b19c9f7375690289aa4,True,18時間前,2026-09-19 04:04:59,東京都
医療事務募集新着,ひのとよだ心のクリニック,東京都,月給22万円～,正社員,医療事務,求人ボックス,https://xn--pckua2a7gp15o89zb.com/jb/2957103883865e2dce7b4bad411e80fe,True,6時間前,2026-09-19 04:04:59,東京都
医療事務募集新着,船山内科診療所,東京都,月給25万円～,正社員,医療事務,求人ボックス,https://xn--pckua2a7gp15o89zb.com/jb/6f4e825658c213d2fa74f1b6908f6088,True,6時間前,2026-09-19 04:04:59,東京都
北区エリア!「医療事務」 クリニック／事務／未経験OK・研修充実新着,株式会社ディンプル,東京都,月給29万円,正社員,医療事務,求人ボックス,https://xn--pckua2a7gp15o89zb.com/jb/d3b8314894affe110a5031c0566184d4,True,9時間前,2026-09-19 04:05:03,東京都
医療事務募集新着,高輪ゲートウェイ駅前整形外科クリニック,東京都,"時給2,000円～3,000円",アルバイト・パート,医療事務,求人ボックス,https://xn--pckua2a7gp15o89zb.com/jb/4b934a853fe6b672d37d921affa0afb4,True,6時間前,2026-09-19 04:05:03,東京都
クリニックでの医療事務／受付・会計新着,医療法人社団RIC RICメンタルクリニック三軒...,東京都,月給21万円～24万円,正社員,医療事務,求人ボックス,https://xn--pckua2a7gp15o89zb.com/jb/efd4017e97f4a45976e86cda9d64d69d,True,18時間前,2026-09-19 04:05:03,東京都
三鷹市の保育士／0歳児もちたいな…そんな方大歓迎新着,グッドネクスト,東京都,"時給1,700円",派遣社員,保育,求人ボックス,https://xn--pckua2a7gp15o89zb.com/jb/32153d03f4d3c83bb2b309fc7b2dd2a9,True,23時間前,2026-09-19 04:04:50,東京都
パート保育士／13時～18時にて勤務ができる方大歓迎新着,株式会社ee link,東京都,"時給1,700円～2,000円",派遣社員,保育,求人ボックス,https://xn--pckua2a7gp15o89zb.com/jb/16e92c37b62afe094761e5f948e915e1,True,23時間前,2026-09-19 04:04:50,東京都
保育士新着,明日葉保育園 西片園,東京都,"時給1,440円～1,540円",アルバイト・パート,保育,求人ボックス,https://xn--pckua2a7gp15o89zb.com/jb/182f6dc127cfcc625ad2c41aa0cc8902,True,3時間前,2026-09-19 04:04:50,東京都
保育士新着,明日葉保育園,東京都,"月給29万5,000円",正社員,保育,求人ボックス,https://xn--pckua2a7gp15o89zb.com/jb/d6852d0e757913be6907a2d7e8f0fdc1,True,3時間前,2026-09-19 04:04:51,東京都
保育士新着,合同会社KUJIRA,東京都,"時給1,300円～",アルバイト・パート,保育,求人ボックス,https://xn--pckua2a7gp15o89zb.com/jb/581e9a7b9f2ada019c3d38bb83d6f62e,True,21時間前,2026-09-19 04:04:53,東京都
保育士新着,株式会社グッドネクスト,東京都,"時給1,650円",派遣社員,保育,求人ボックス,https://xn--pckua2a7gp15o89zb.com/jb/a07bbaae6232588152ff43e53254c88c,True,18時間前,2026-09-19 04:04:57,東京都
保育士新着,明日葉保育園 相生園,東京都,"時給1,440円～1,540円",アルバイト・パート,保育,求人ボックス,https://xn--pckua2a7gp15o89zb.com/jb/c78f1e5e4c8329ee63b88e7264b4e053,True,3時間前,2026-09-19 04:04:57,東京都
社会保険完備の職場で保育士新着,春日町第三保育園,東京都,"時給1,510円～1,590円",アルバイト・パート,保育,求人ボックス,https://xn--pckua2a7gp15o89zb.com/jb/559091bdb95ba0cc819282e6d4baecd5,True,6時間前,2026-09-19 04:05:00,東京都
保育士募集・ボーナス・賞与あり新着,自立支援教室 そら・ふねの門 Junior 武蔵...,東京都,月給30万円～,正社員,保育,求人ボックス,https://xn--pckua2a7gp15o89zb.com/jb/a0d1c0b146fb5899eb410a76d1cdadc1,True,6時間前,2026-09-19 04:05:00,東京都
保育士募集・ボーナス・賞与あり新着,第四コスモ保育園,東京都,"月給26万5,485円",正社員,保育,求人ボックス,https://xn--pckua2a7gp15o89zb.com/jb/5bcf096838d439e76638cd67c3d20091,True,6時間前,2026-09-19 04:05:03,東京都
社会保険完備の職場で保育士新着,MIWA木場公園保育園,東京都,"時給1,360円～1,570円",アルバイト・パート,保育,求人ボックス,https://xn--pckua2a7gp15o89zb.com/jb/a2fa05f184b41ec3e91633b8fabb5d48,True,6時間前,2026-09-19 04:05:03,東京都
「応募後スピード選考」／保育士／未経験歓迎／ピアノ苦手OK新着,保育士,東京都,月給27万円～36万円,正社員,保育,求人ボックス,https://xn--pckua2a7gp15o89zb.com/jbn/45ad6e4fe31343713950dc14baccb011,True,15時間前,2026-09-19 04:05:03,東京都
「仕事と私生活を両立しやすい」／保育士／ピアノ苦手OK／研修充実新着,保育士,東京都,月給27万円～36万円,正社員,保育,求人ボックス,https://xn--pckua2a7gp15o89zb.com/jbn/5656e8754b886829d29e7417e3c7bd41,True,15時間前,2026-09-19 04:05:03,東京都
常勤保育士新着,子育てひろば西片,東京都,"月給23万4,586円",正社員,保育,求人ボックス,https://xn--pckua2a7gp15o89zb.com/jb/05c69ee0776b12628a770206c720ba95,True,3時間前,2026-09-19 04:05:07,東京都
社会保険完備の職場で保育士新着,sakura保育園,東京都,"時給1,280円～",アルバイト・パート,保育,求人ボックス,https://xn--pckua2a7gp15o89zb.com/jb/07789e6f793012d2ac2503a2e2100550,True,6時間前,2026-09-19 04:05:11,東京都
「放課後の時間を一緒につくる」／民間学童の保育士／未経験OK新着,保育士,東京都,"時給1,300円～1,500円",アルバイト・パート,保育,求人ボックス,https://xn--pckua2a7gp15o89zb.com/jbn/7277122920f86a9c7ecf91743966afe9,True,15時間前,2026-09-19 04:05:15,東京都
「毎日の成長をそばで見守る」／保育士／未経験OK／研修充実／長期安定新着,保育士,東京都,"時給1,300円～1,500円",アルバイト・パート,保育,求人ボックス,https://xn--pckua2a7gp15o89zb.com/jbn/d336909c2696bf037c200745d71b7361,True,15時間前,2026-09-19 04:05:15,東京都
「応募から入社までスムーズ」／認定こども園の保育士／未経験歓迎新着,保育,東京都,月給27万円～36万円,正社員,保育,求人ボックス,https://xn--pckua2a7gp15o89zb.com/jbn/9876756156b034c35b55da5b07840711,True,15時間前,2026-09-19 04:05:15,東京都
「性別を問わず活躍中」／小規模保育園の保育士／書類少なめ／研修充実新着,保育,東京都,"時給1,300円～1,500円",アルバイト・パート,保育,求人ボックス,https://xn--pckua2a7gp15o89zb.com/jbn/18c49cea8a259101726df07848a2649c,True,15時間前,2026-09-19 04:05:15,東京都
事業所内保育園の保育士／未経験歓迎／研修充実／福利厚生充実／長期安定新着,保育,東京都,月給27万円～36万円,正社員,保育,求人ボックス,https://xn--pckua2a7gp15o89zb.com/jbn/69d6fdeb04cd641e84af8ce65430ab4c,True,15時間前,2026-09-19 04:05:15,東京都
「自分の時間を確保しやすい」／小規模保育園の保育士／書類少なめ新着,保育,東京都,"時給1,300円～1,500円",アルバイト・パート,保育,求人ボックス,https://xn--pckua2a7gp15o89zb.com/jbn/b03926f1ff08bf5a6561c4ab2d5753ce,True,15時間前,2026-09-19 04:05:18,東京都
保育士／これまでの経験を、次の保育のチカラに 園を越えて活躍するエリア...新着,株式会社あしたばマインド,東京都,月給34万円～38万,正社員,保育,求人ボックス,https://xn--pckua2a7gp15o89zb.com/jb/67da530d47af861eb91476468af11129,True,8時間前,2026-09-19 04:05:18,東京都
「男女ともに活躍中」／保育士／ピアノ苦手OK／未経験歓迎新着,保育士,東京都,月給27万円～36万円,正社員,保育,求人ボックス,https://xn--pckua2a7gp15o89zb.com/jbn/c1668e78d42a3c0b60949b47c904d4fd,True,15時間前,2026-09-19 04:05:18,東京都
カット専門の美容師・理容師／賞与・昇給あり／ブランク歓迎新着,QBハウスアリオ北砂,東京都,月給30万円～47万,正社員,美容,求人ボックス,https://xn--pckua2a7gp15o89zb.com/jbn/3d51800f87ca6affc3b2089fb1d65c31,True,23時間前,2026-09-19 04:05:03,東京都
髪質改善特化型サロンの美容師スタイリスト募集新着,株式会社CHL／sins,東京都,月給26万円～70万円,正社員,美容,求人ボックス,https://xn--pckua2a7gp15o89zb.com/jb/0fd42cdb5a84d520a4d27aaa120c02ed,True,10時間前,2026-09-19 04:05:03,東京都
上場企業で美容師・理容師／ブランク歓迎／上場企業新着,QBHOUSE／ロジスカットスクール東京校,東京都,月給25万500円,正社員,美容,求人ボックス,https://xn--pckua2a7gp15o89zb.com/jbn/3f0a09d0cecfcc9a84c7489e8876d009,True,23時間前,2026-09-19 04:05:04,東京都
ブランク歓迎の美容師・理容師／賞与・昇給あり／上場企業新着,QBハウス西友大森,東京都,月給25万500円,正社員,美容,求人ボックス,https://xn--pckua2a7gp15o89zb.com/jbn/57d8d4b0730ad440dbfd9da3a4c5ca3e,True,23時間前,2026-09-19 04:05:08,東京都
美容師／アシスタント／Sog新着,株式会社Social good,東京都,月給21万円～24万円,正社員,美容,求人ボックス,https://xn--pckua2a7gp15o89zb.com/jb/91b0741c39f9a1f1804c4884dfc283bf,True,23時間前,2026-09-19 04:05:08,東京都
美容師／事務・受付・オフィスワーク新着,アルファ医療福祉美容専門学校,東京都,月給25万円～54万円,契約社員,美容,求人ボックス,https://xn--pckua2a7gp15o89zb.com/jb/b07be424311aea5950199b324f27229f,True,10時間前,2026-09-19 04:05:08,東京都
美容師／スタイリスト／メゾン 銀座店新着,株式会社Jocy,東京都,"月給26万5,000円",正社員,美容,求人ボックス,https://xn--pckua2a7gp15o89zb.com/jb/beecbbf60b99ef37e51b15236a526455,True,9時間前,2026-09-19 04:05:11,東京都
美容師／スタイリスト／レックス アオヤマ新着,株式会社REXARTE,東京都,月給25万円～30万円,,美容,求人ボックス,https://xn--pckua2a7gp15o89zb.com/jb/b124c7b8a781d75d2d36f1f2eee6f715,True,9時間前,2026-09-19 04:05:11,東京都
美容師／ヘアセット スタイリスト／WILLOW'S新着,株式会社Celaris,東京都,月給25万円～43万円,正社員,美容,求人ボックス,https://xn--pckua2a7gp15o89zb.com/jb/5cd6388f8ddad180abbbf1af9e5ca472,True,23時間前,2026-09-19 04:05:14,東京都
美容師／ヘッドスパ／ヘアセット アシスタント／Le rond新着,株式会社ボルメックス,東京都,月給23万円～25万円,正社員,美容,求人ボックス,https://xn--pckua2a7gp15o89zb.com/jb/7a03fef520c14f8d2be47b2e59f5e548,True,20時間前,2026-09-19 04:05:17,東京都
美容師／ブライダル／ヘアメイク／着付け／ヘッドスパ アシスタント新着,サクセス株式会社,東京都,月給23万円,正社員,美容,求人ボックス,https://xn--pckua2a7gp15o89zb.com/jb/d1655c840bbe67b793ee75d96a9dd875,True,16時間前,2026-09-19 04:05:17,東京都
美容師／スタイリスト新着,美容室FRERE,東京都,月給24万円～30万円,正社員,美容,求人ボックス,https://xn--pckua2a7gp15o89zb.com/jb/bb441060ee63e87e657c8cb660289543,True,23時間前,2026-09-19 04:05:20,東京都
美容師／ヘアメイク／着付け／ヘッドスパ／ヘアセット スタイリスト新着,VALOR,東京都,月給30万円～60万円,正社員,美容,求人ボックス,https://xn--pckua2a7gp15o89zb.com/jb/0e7d40b70a6130887639959c5643b458,True,16時間前,2026-09-19 04:05:20,東京都
美容師／アシスタント／ネロ フタコタマガワ新着,NERO株式会社,東京都,"月給23万7,000円",正社員,美容,求人ボックス,https://xn--pckua2a7gp15o89zb.com/jb/ef65ae0dc287bdb26a09d7d29b9af262,True,10時間前,2026-09-19 04:05:23,東京都
美容師／ヘアメイク／雑誌撮影／ヘッドスパ／ヘアセット スタイリスト新着,合同会社2nd,東京都,月給27万円～40万円,正社員,美容,求人ボックス,https://xn--pckua2a7gp15o89zb.com/jb/89fae8112409c4280d0323ed2602342b,True,23時間前,2026-09-19 04:05:26,東京都
美容師／ヘアメイク／着付け／ヘッドスパ／ヘアセット スタイリスト新着,株式会社happy-sprout,東京都,月給30万円～80万円,正社員,美容,求人ボックス,https://xn--pckua2a7gp15o89zb.com/jb/58e97ff7fc5eb88ca35bfe2711f59233,True,21時間前,2026-09-19 04:05:31,東京都
土間・左官／年間休日130日／土日祝休み／長期休暇あり／年2回賞与あり／年1回昇給あり新着,株式会社ジェイワン,東京都,月給27万円～,正社員,建設,求人ボックス,https://xn--pckua2a7gp15o89zb.com/jbn/746121a9a1b794cbae437bc58cf37bc2,True,20時間前,2026-09-19 04:05:08,東京都
「予約制のタクシードライバー」週3日勤務で月収40万円以上／未経験OK／20代～50代が活躍中新着,建設,東京都,"月給47万6,000円",正社員,建設,求人ボックス,https://xn--pckua2a7gp15o89zb.com/jbn/47224b5ed246c8f960a483cd9032570b,True,12時間前,2026-09-19 04:05:08,東京都
普通免許から始めるタクシードライバー／二種免許取得支援あり／役員・VIP・予約送迎／賞与あり新着,フードデリバリー配達員/宅配便ドライバールート配送ドライバー(飲料・食品)...(前職:フードデリバリー配達員/25歳男性) 福利厚生 ・社会保険完備(厚生年金・健康保険・雇用保険・労災)...,東京都,"月給47万6,000円",正社員,建設,求人ボックス,https://xn--pckua2a7gp15o89zb.com/jbn/c742eb6a5bdeb651963f685c8e0bc326,True,9時間前,2026-09-19 04:05:08,東京都
著名人・VIPの予約タクシードライバー／普通免許のみOK／未経験から正社員へ／賞与年2回新着,フードデリバリー配達員/宅配便ドライバールート配送ドライバー(飲料・食品)...[年収実績]25歳男性/前職:フードデリバリー配達員入社1年目で年収650万円を達成。,東京都,"月給47万6,000円",正社員,建設,求人ボックス,https://xn--pckua2a7gp15o89zb.com/jbn/2641e41c0ebc68f49385791f61d44522,True,8時間前,2026-09-19 04:05:08,東京都
月11日～13日勤務のタクシードライバー／空港・VIP送迎あり／普通免許OK／履歴書不要／賞与年2回新着,未経験OK,東京都,"月給47万6,000円",正社員,建設,求人ボックス,https://xn--pckua2a7gp15o89zb.com/jbn/4efb1ee2fb7b0da522caae48ea519a89,True,8時間前,2026-09-19 04:05:08,東京都
「二種免許不要・タクシードライバー」履歴書不要／学歴不問／週3勤務／身体負担少なめ／退職金制度新着,...軽貨物配送ドライバーフードデリバリー配達員/宅配便ドライバールート配送ドライバー(飲料・食品)長距離大型トラック/中型トラック運転手引越しドライバー/デリバリーサービス倉庫,東京都,"月給47万6,000円",正社員,建設,求人ボックス,https://xn--pckua2a7gp15o89zb.com/jbn/a79e00f7f22b8d05ee616e4d5c297323,True,9時間前,2026-09-19 04:05:08,東京都
「タクシードライバー」二種免不要／週3勤務／安定収入／ボーナス年2回／若手活躍中／安心の正社員雇用新着,...軽貨物配送ドライバーフードデリバリー配達員/宅配便ドライバールート配送ドライバー(飲料・食品)長距離大型トラック/中型トラック運転手引越しドライバー/デリバリーサービス倉庫,東京都,"月給45万6,000円",正社員,建設,求人ボックス,https://xn--pckua2a7gp15o89zb.com/jbn/69ad1b427e859907cd16283575691f8c,True,8時間前,2026-09-19 04:05:08,東京都
夜間予約タクシードライバー／普通免許OK／二種免許は会社負担／月収50万円以上も可／賞与あり新着,フードデリバリー配達員/宅配便ドライバールート配送ドライバー(飲料・食品)長距離大型トラック/中型トラック運転手引越しドライバー/デリバリーサービス倉庫,東京都,"月給47万6,000円",正社員,建設,求人ボックス,https://xn--pckua2a7gp15o89zb.com/jbn/04ae794b4361899d6f8ef851fedd9364,True,9時間前,2026-09-19 04:05:08,東京都
夜勤の役員タクシードライバー／空港・会食・VIP送迎あり／普通免許OK／賞与年2回／福利厚生充実新着,...軽貨物配送ドライバーフードデリバリー配達員/宅配便ドライバールート配送ドライバー(飲料・食品)長距離大型トラック/中型トラック運転手引越しドライバー/デリバリーサービス倉庫,東京都,"月給47万6,000円",正社員,建設,求人ボックス,https://xn--pckua2a7gp15o89zb.com/jbn/96ed726fc935147ebecab891e0674143,True,9時間前,2026-09-19 04:05:09,東京都
「夜勤」タクシードライバー・AT限定OK／接客経験活かせる／賞与年2回／VIP対応／アルファード新着,...軽貨物配送ドライバーフードデリバリー配達員/宅配便ドライバールート配送ドライバー(飲料・食品)長距離大型トラック/中型トラック運転手引越しドライバー/デリバリーサービス倉庫,東京都,"月給47万6,000円",正社員,建設,求人ボックス,https://xn--pckua2a7gp15o89zb.com/jbn/e5074c0a6fb4feb7b6d9617c92b711dd,True,8時間前,2026-09-19 04:05:09,東京都
「夜勤・高収入・空港送迎」タクシードライバー／普通免許でOK／賞与あり／年収600万円以上可新着,フードデリバリー配達員/宅配便ドライバールート配送ドライバー(飲料・食品)...<年収例>入社1年目:年収650万円前職:フードデリバリー配達員(25歳男性),東京都,"月給45万6,000円",正社員,建設,求人ボックス,https://xn--pckua2a7gp15o89zb.com/jbn/9a23341985843529db255bb02f0f8f29,True,8時間前,2026-09-19 04:05:09,東京都
「夜勤・タクシードライバー」二種免不要／企業役員／賞与年2回／20代活躍中／安定収入新着,フードデリバリー配達員/宅配便ドライバールート配送ドライバー(飲料・食品)...<年収例>入社1年目:年収650万円前職:フードデリバリー配達員(25歳男性),東京都,"月給45万6,000円",正社員,建設,求人ボックス,https://xn--pckua2a7gp15o89zb.com/jbn/586a373cc9857fee8937ab5b006ffc11,True,8時間前,2026-09-19 04:05:09,東京都
タクシードライバー／普通免許OK／年収600万円以上も可／履歴書不要／退職金制度あり新着,...軽貨物配送ドライバーフードデリバリー配達員/宅配便ドライバールート配送ドライバー(飲料・食品)長距離大型トラック/中型トラック運転手引越しドライバー/デリバリーサービス倉庫,東京都,"月給47万7,000円",正社員,建設,求人ボックス,https://xn--pckua2a7gp15o89zb.com/jbn/ce71c8c45ac0676993202c8187079cf6,True,10時間前,2026-09-19 04:05:09,東京都
週3勤務のタクシードライバー／普通免許だけで応募OK／予約中心で落ち着いて働ける／賞与年2回新着,...軽貨物配送ドライバーフードデリバリー配達員/宅配便ドライバールート配送ドライバー(飲料・食品)長距離大型トラック/中型トラック運転手引越しドライバー/デリバリーサービス倉庫,東京都,"月給47万7,000円",正社員,建設,求人ボックス,https://xn--pckua2a7gp15o89zb.com/jbn/69b86c653038b94144563bc70c4b9816,True,10時間前,2026-09-19 04:05:09,東京都
週3勤務のタクシードライバー／普通免許OK／未経験から正社員へ／履歴書不要／賞与年2回新着,...軽貨物配送ドライバーフードデリバリー配達員/宅配便ドライバールート配送ドライバー(飲料・食品)長距離大型トラック/中型トラック運転手引越しドライバー/デリバリーサービス倉庫,東京都,"月給47万7,000円",正社員,建設,求人ボックス,https://xn--pckua2a7gp15o89zb.com/jbn/08767179b1bce5841017d2c912e0f46e,True,10時間前,2026-09-19 04:05:09,東京都
「週3勤務・芸能人・タレント」タクシードライバー／二種免許不要／賞与年2回／正社員雇用新着,フードデリバリー配達員/宅配便ドライバールート配送ドライバー(飲料・食品)...<年収例>入社1年目:年収650万円前職:フードデリバリー配達員(25歳男性),東京都,"月給47万6,000円",正社員,建設,求人ボックス,https://xn--pckua2a7gp15o89zb.com/jbn/26dd4e2841b37b857ad0358903519a58,True,9時間前,2026-09-19 04:05:09,東京都
「月11日～13日勤務!」タクシードライバー／履歴書不要／空港送迎／社会保険完備／賞与あり新着,フードデリバリー配達員/宅配便ドライバールート配送ドライバー(飲料・食品)...<年収例>入社1年目:年収650万円前職:フードデリバリー配達員(25歳男性),東京都,"月給47万6,000円",正社員,建設,求人ボックス,https://xn--pckua2a7gp15o89zb.com/jbn/9a642693e3a6da9ea4ad5c11e8d28dac,True,8時間前,2026-09-19 04:05:13,東京都
「タクシードライバー」二種免許会社負担／経歴不問／年収600万円以上可／若手世代活躍中新着,...軽貨物配送ドライバーフードデリバリー配達員/宅配便ドライバールート配送ドライバー(飲料・食品)長距離大型トラック/中型トラック運転手引越しドライバー/デリバリーサービス倉庫,東京都,"月給47万6,000円",正社員,建設,求人ボックス,https://xn--pckua2a7gp15o89zb.com/jbn/51be52f7ff6274eee7169d180777e814,True,9時間前,2026-09-19 04:05:13,東京都
「タクシードライバー」未経験OK／履歴書不要／週3勤務／賞与あり／研修制度充実／社会保険完備新着,...軽貨物配送ドライバーフードデリバリー配達員/宅配便ドライバールート配送ドライバー(飲料・食品)長距離大型トラック/中型トラック運転手引越しドライバー/デリバリーサービス倉庫,東京都,"月給47万6,000円",正社員,建設,求人ボックス,https://xn--pckua2a7gp15o89zb.com/jbn/417bedbec8157970ccb1db750665e3e9,True,9時間前,2026-09-19 04:05:13,東京都
タクシードライバー／普通免許OK・AT限定可／未経験から正社員へ／週3日勤務可新着,...軽貨物配送ドライバーフードデリバリー配達員/宅配便ドライバールート配送ドライバー(飲料・食品)長距離大型トラック/中型トラック運転手引越しドライバー/デリバリーサービス倉庫,東京都,"月給40万5,000円",正社員,建設,求人ボックス,https://xn--pckua2a7gp15o89zb.com/jbn/89972087bab49813ba83b663383f846e,True,9時間前,2026-09-19 04:05:13,東京都
「経歴不問・タクシードライバー」未経験歓迎／社会保険完備の正社員雇用／週3勤務／AT限定OK新着,...軽貨物配送ドライバーフードデリバリー配達員/宅配便ドライバールート配送ドライバー(飲料・食品)長距離大型トラック/中型トラック運転手引越しドライバー/デリバリーサービス倉庫,東京都,"月給45万6,000円",正社員,建設,求人ボックス,https://xn--pckua2a7gp15o89zb.com/jbn/d7543c8f92bf7de1583cfb152c9f53c7,True,8時間前,2026-09-19 04:05:13,東京都
「社会保険完備・福利厚生充実」タクシードライバー／夜勤／学歴不問／ボーナス年2回／空港送迎／会食送迎新着,...軽貨物配送ドライバーフードデリバリー配達員/宅配便ドライバールート配送ドライバー(飲料・食品)長距離大型トラック/中型トラック運転手引越しドライバー/デリバリーサービス倉庫,東京都,"月給47万6,000円",正社員,建設,求人ボックス,https://xn--pckua2a7gp15o89zb.com/jbn/77f46d759a01d052589d379c01949321,True,9時間前,2026-09-19 04:05:13,東京都
週3勤務の予約タクシードライバー／普通免許OK／未経験から正社員へ／履歴書不要／賞与年2回新着,...軽貨物配送ドライバーフードデリバリー配達員/宅配便ドライバールート配送ドライバー(飲料・食品)長距離大型トラック/中型トラック運転手引越しドライバー/デリバリーサービス倉庫,東京都,"月給47万6,000円",正社員,建設,求人ボックス,https://xn--pckua2a7gp15o89zb.com/jbn/58fa6ef38bad2b81b9bcf6cc01753ee9,True,8時間前,2026-09-19 04:05:16,東京都
役員・著名人の予約タクシードライバー／普通免許OK・AT限定可／未経験から正社員へ／週3日勤務可新着,...軽貨物配送ドライバーフードデリバリー配達員/宅配便ドライバールート配送ドライバー(飲料・食品)長距離大型トラック/中型トラック運転手引越しドライバー/デリバリーサービス倉庫,東京都,"月給47万6,000円",正社員,建設,求人ボックス,https://xn--pckua2a7gp15o89zb.com/jbn/65bfd1012116f074eb85723c8227bb6c,True,9時間前,2026-09-19 04:05:16,東京都
役員・VIPタクシードライバー／普通免許OK／年収600万円以上も可／履歴書不要／退職金制度あり新着,...軽貨物配送ドライバーフードデリバリー配達員/宅配便ドライバールート配送ドライバー(飲料・食品)長距離大型トラック/中型トラック運転手引越しドライバー/デリバリーサービス倉庫,東京都,"月給47万6,000円",正社員,建設,求人ボックス,https://xn--pckua2a7gp15o89zb.com/jbn/e57179620f37d413993ac82634a3dca8,True,9時間前,2026-09-19 04:05:16,東京都
アルファードでの夜間タクシードライバー／VIP・著名人対応あり／AT限定OK／接客経験を活かせる新着,フードデリバリー配達員/宅配便ドライバールート配送ドライバー(飲料・食品)...外での,東京都,"月給47万6,000円",正社員,建設,求人ボックス,https://xn--pckua2a7gp15o89zb.com/jbn/2a20e4c78f848384e7db6b899e9b4b0e,True,8時間前,2026-09-19 04:05:16,東京都
週3勤務の役員タクシードライバー／普通免許だけで応募OK／予約中心で落ち着いて働ける／賞与年2回新着,...軽貨物配送ドライバーフードデリバリー配達員/宅配便ドライバールート配送ドライバー(飲料・食品)長距離大型トラック/中型トラック運転手引越しドライバー/デリバリーサービス倉庫,東京都,"月給47万6,000円",正社員,建設,求人ボックス,https://xn--pckua2a7gp15o89zb.com/jbn/59c979ce7deccf78fe36bb17f9c8a6aa,True,9時間前,2026-09-19 04:05:16,東京都
夜勤の予約タクシードライバー／企業役員・VIP対応あり／普通免許OK／二種免許取得支援あり新着,フードデリバリー配達員/宅配便ドライバールート配送ドライバー(飲料・食品)...25歳男性・前職フードデリバリー配達員が入社1年目で年収650万円を達成しています。...,東京都,"月給47万6,000円",正社員,建設,求人ボックス,https://xn--pckua2a7gp15o89zb.com/jbn/7b51cd819ab67c43927912d30a55ebda,True,8時間前,2026-09-19 04:05:16,東京都
トンネル工事スタッフ 公共インフラを支える使命感ある仕事新着,N.JETエンジニアリング株式会社,東京都,月給24万円～37万,正社員,建設,求人ボックス,https://xn--pckua2a7gp15o89zb.com/jb/2674e322825d826c9a6dcb2bb6b164bc,True,9時間前,2026-09-19 04:05:16,東京都
投資用アパートの施工管理・土日祝休み・住宅手当・資格手当新着,フィリックス株式会社,東京都,月給24万円～50万円,正社員,建設,求人ボックス,https://xn--pckua2a7gp15o89zb.com/jb/cfc68052ed0197a0c56849ba75c2612c,True,3時間前,2026-09-19 04:05:16,東京都
建設会社での一般事務／システム上で工事書類のチェック・入力など・9-16勤務新着,株式会社スタッフ・アクティオ,東京都,"時給1,800円",派遣社員,建設,求人ボックス,https://xn--pckua2a7gp15o89zb.com/jb/7e7cb36d773bb55a5e237cd6581297e8,True,12時間前,2026-09-19 04:05:20,東京都
空調衛生設備施工管理／設備施工管理／改修工事 資格不問新着,株式会社コプロコンストラクション,東京都,"月給29万1,460円",派遣社員,建設,求人ボックス,https://xn--pckua2a7gp15o89zb.com/jb/0e64a130e115f9aa73ca69fc96f4b049,True,15時間前,2026-09-19 04:05:20,東京都
電気施工管理 未経験歓迎／補助で終わらないキャリア はじめはカンタン作業から新着,株式会社サンエレクト,東京都,月給25万円～,正社員,建設,求人ボックス,https://xn--pckua2a7gp15o89zb.com/jb/6322eb69222a5e835e743541374f6aae,True,9時間前,2026-09-19 04:05:20,東京都
「高収入」夜勤／タクシー運転手／定期送迎「月収50万円以上可能／安定収入／賞与年2回」新着,建設・,東京都,"月給45万7,000円",正社員,建設,求人ボックス,https://xn--pckua2a7gp15o89zb.com/jbn/7deefda00317d329ca662bb8d4cd43c1,True,8時間前,2026-09-19 04:05:20,東京都
「高収入」夜勤／タクシー／定期送迎「月収50万円以上可能／安定収入／賞与年2回」新着,建設・,東京都,月給46万300円,正社員,建設,求人ボックス,https://xn--pckua2a7gp15o89zb.com/jbn/7035caa24ab19fbda3d0e17d9604d65e,True,8時間前,2026-09-19 04:05:20,東京都
タクシー運転手「週3勤務」資格取得支援あり／月収40万円以上／安定収入／転職回数不問新着,...以下のような経験をお持ちの方は特に歓迎します。・軽貨物ドライバー・ルート配送スタッフ・宅配ドライバー・タクシー運転手・大型トラックドライバー・フォークリフトオペレーター・,東京都,"月給47万9,600円",正社員,建設,求人ボックス,https://xn--pckua2a7gp15o89zb.com/jbn/cd75a02f6ea67faf42d24793fa5c6e2d,True,8時間前,2026-09-19 04:05:20,東京都
「夜勤でしっかり稼ぐ」タクシードライバー／残業少なめ／正社員採用／賞与あり新着,...以下のような経験をお持ちの方は特に歓迎します。・軽貨物ドライバー・ルート配送スタッフ・宅配ドライバー・タクシー運転手・大型トラックドライバー・フォークリフトオペレーター・,東京都,"月給45万8,400円",正社員,建設,求人ボックス,https://xn--pckua2a7gp15o89zb.com/jbn/78ed34ed995b3f8eceb0a70949bbf017,True,8時間前,2026-09-19 04:05:20,東京都
タクシードライバー／週3勤務／学歴不問／1年目月収50万以上／賞与年2回新着,建設・,東京都,"月給47万9,700円",正社員,建設,求人ボックス,https://xn--pckua2a7gp15o89zb.com/jbn/83912a0914e088b72e2201b8e66643bc,True,8時間前,2026-09-19 04:05:24,東京都
タクシードライバー／未経験歓迎／会食・空港送迎中心／年収600万円以上可新着,建設・,東京都,"月給47万7,500円",正社員,建設,求人ボックス,https://xn--pckua2a7gp15o89zb.com/jbn/4144e0d5c7a26d19390ac17c2ef7385c,True,9時間前,2026-09-19 04:05:24,東京都
「未経験歓迎」タクシードライバー／月収50万円以上可／退職金制度あり新着,...以下のような経験をお持ちの方は特に歓迎します。・軽貨物ドライバー・ルート配送スタッフ・宅配ドライバー・タクシー運転手・大型トラックドライバー・フォークリフトオペレーター・,東京都,"月給47万8,300円",正社員,建設,求人ボックス,https://xn--pckua2a7gp15o89zb.com/jbn/0acd11612ec4b09e0bf19dec653093d0,True,9時間前,2026-09-19 04:05:24,東京都
タクシードライバー「週3勤務」資格取得支援あり／月収40万円以上／安定収入／転職回数不問新着,...以下のような経験をお持ちの方は特に歓迎します。・軽貨物ドライバー・ルート配送スタッフ・宅配ドライバー・タクシー運転手・大型トラックドライバー・フォークリフトオペレーター・,東京都,"月給47万6,000円",正社員,建設,求人ボックス,https://xn--pckua2a7gp15o89zb.com/jbn/f3e94dab5c26ccd5c8f9cd79771a2de3,True,9時間前,2026-09-19 04:05:24,東京都
タクシードライバー／週3勤務／異業種からの転職歓迎新着,建設・,東京都,"月給47万6,000円",正社員,建設,求人ボックス,https://xn--pckua2a7gp15o89zb.com/jbn/f1571bfeab9db05509f22037236902c0,True,9時間前,2026-09-19 04:05:24,東京都
「内定までスピーディー」夜勤タクシードライバー／履歴書不要／未経験OK／月収50万円以上新着,作業,東京都,"月給47万6,000円",正社員,建設,求人ボックス,https://xn--pckua2a7gp15o89zb.com/jbn/ad229f432f016fb637c234c5e125fe63,True,9時間前,2026-09-19 04:05:24,東京都
「VIP送迎中心」夜勤タクシードライバー／年収600万円以上／賞与年2回新着,建設・,東京都,"月給47万6,000円",正社員,建設,求人ボックス,https://xn--pckua2a7gp15o89zb.com/jbn/6aba1e65c8dd7dcf7acde0a5883f2d56,True,9時間前,2026-09-19 04:05:24,東京都
夜間専属タクシードライバー／月収50万円以上可能／賞与年2回／普通免許のみで応募可新着,...以下のような経験をお持ちの方は特に歓迎します。・軽貨物ドライバー・ルート配送スタッフ・宅配ドライバー・タクシー運転手・大型トラックドライバー・フォークリフトオペレーター・,東京都,"月給47万7,700円",正社員,建設,求人ボックス,https://xn--pckua2a7gp15o89zb.com/jbn/d8ba22b39fba6f6a0e0254bad1015f8a,True,9時間前,2026-09-19 04:05:24,東京都
「夜勤で稼げる」タクシードライバー／普通免許のみOK／年収600万円以上可／賞与年2回新着,...以下のような経験をお持ちの方は特に歓迎します。・軽貨物ドライバー・ルート配送スタッフ・宅配ドライバー・タクシー運転手・大型トラックドライバー・フォークリフトオペレーター・,東京都,"月給47万9,400円",正社員,建設,求人ボックス,https://xn--pckua2a7gp15o89zb.com/jbn/bfaa54eba4979ec588ecf5bc84fa7a75,True,9時間前,2026-09-19 04:05:27,東京都
タクシードライバー／普通免許のみで応募OK／週3日勤務／賞与あり／高収入実現可能新着,作業,東京都,"月給51万6,000円",正社員,建設,求人ボックス,https://xn--pckua2a7gp15o89zb.com/jbn/51db7b4d7210e6c13ba5e432d52101ff,True,10時間前,2026-09-19 04:05:27,東京都
「予約中心だから未経験でも安心」タクシードライバー／週3勤務／月収50万円以上可新着,建設・,東京都,"月給51万6,000円",正社員,建設,求人ボックス,https://xn--pckua2a7gp15o89zb.com/jbn/a84d8a72f8e4de6aeb0210c0c5b5a5f1,True,10時間前,2026-09-19 04:05:27,東京都
「週3日勤務で年収600万円も可能」タクシードライバー／普通免許のみOK／未経験歓迎／賞与年2回新着,建設・,東京都,"月給51万6,000円",正社員,建設,求人ボックス,https://xn--pckua2a7gp15o89zb.com/jbn/72f34ad6679ce47cc38005fcb6a0a15f,True,10時間前,2026-09-19 04:05:27,東京都
管工事作業員／人との協力を大切にする設備工事の仕事新着,有限会社中嶋設備,東京都,月給28万円～45万円,正社員,建設,求人ボックス,https://xn--pckua2a7gp15o89zb.com/jb/dbbcfd819428b0c53398f23deb9806df,True,3時間前,2026-09-19 04:05:27,東京都
「未経験1年目600万円／定着率90%以上」「週3勤務・予約制タクシードライバー」普通免許のみOK新着,建設・,東京都,"月給45万7,200円",正社員,建設,求人ボックス,https://xn--pckua2a7gp15o89zb.com/jbn/a68f57f942e2b2f2e72dcc367eb69761,True,11時間前,2026-09-19 04:05:27,東京都
「未経験1年目600万円／定着率90%以上」「週3日勤務／正社員」タクシードライバー新着,建設・,東京都,"月給45万8,900円",正社員,建設,求人ボックス,https://xn--pckua2a7gp15o89zb.com/jbn/a5c0c5649e39927da6eaed8378872ee9,True,11時間前,2026-09-19 04:05:27,東京都
夜間専属タクシードライバー／週3日勤務OK／異業種出身多数／未経験活躍中／土日祝休みあり新着,...以下のような経験をお持ちの方は特に歓迎します。・軽貨物ドライバー・ルート配送スタッフ・宅配ドライバー・タクシー運転手・大型トラックドライバー・フォークリフトオペレーター・,東京都,"月給47万7,800円",正社員,建設,求人ボックス,https://xn--pckua2a7gp15o89zb.com/jbn/a818b7ea9aa26bddbd804489c41ee931,True,11時間前,2026-09-19 04:05:30,東京都
工事スタッフ 未経験可 土日休み新着,有限会社愛協,東京都,月給34万円～44万円,正社員,建設,求人ボックス,https://xn--pckua2a7gp15o89zb.com/jb/1c4793cce6ada748edf49fcbdc08df94,True,3時間前,2026-09-19 04:05:30,東京都
内装工事の解体作業員 未経験OK・残業ほぼなし・長期休暇あり新着,株式会社ジー・エス,東京都,月給29万円～40万円,正社員,建設,求人ボックス,https://xn--pckua2a7gp15o89zb.com/jb/ce7f357cc79f8f3391b319540ec93d91,True,3時間前,2026-09-19 04:05:30,東京都
現場管理 経験者限定 寮完備 全国拠点新着,株式会社GS STAFF,東京都,"月給35万1,500円",派遣社員,建設,求人ボックス,https://xn--pckua2a7gp15o89zb.com/jb/d7143e090983e8044fa2f97cecd3afd7,True,3時間前,2026-09-19 04:05:30,東京都
現場作業員 柔軟な働き方で建設業にチャレンジしませんか新着,有限会社鈴英,東京都,"日給1万6,000円",正社員,建設,求人ボックス,https://xn--pckua2a7gp15o89zb.com/jb/73d2fce6a962bb2a390f9060c8ef79ee,True,4時間前,2026-09-19 04:05:30,東京都
電気工事施工管理 高速道路設備を支える管理スタッフ新着,株式会社ヤマスズ,東京都,月給25万円～45万円,正社員,建設,求人ボックス,https://xn--pckua2a7gp15o89zb.com/jb/69c8ce08f62ce0714028d9bdd649bbe6,True,9時間前,2026-09-19 04:05:30,東京都
夜勤タクシードライバー／未経験スタートOK／年2回のボーナス支給あり／資格取得支援制度あり新着,作業,東京都,"月給47万6,000円",正社員,建設,求人ボックス,https://xn--pckua2a7gp15o89zb.com/jbn/703a964ce31c8ddff27a14bf87d5b06b,True,9時間前,2026-09-19 04:05:30,東京都
「正社員」週3勤務のタクシードライバー／未経験者活躍中／年収500万円以上可能／土日祝休み取得可新着,建設・,東京都,"月給47万6,000円",正社員,建設,求人ボックス,https://xn--pckua2a7gp15o89zb.com/jbn/a230f33d343de2476c1d0504ec74e50f,True,9時間前,2026-09-19 04:05:30,東京都
タクシードライバー／「即入社相談可」夜間送迎スタッフ／履歴書不要／安定の正社員雇用新着,作業,東京都,"月給47万6,000円",正社員,建設,求人ボックス,https://xn--pckua2a7gp15o89zb.com/jbn/368c60e850901f651a76166433bdc247,True,9時間前,2026-09-19 04:05:33,東京都
「二種免許不要・週3勤務・タクシードライバー」研修あり／賞与あり／アルファード送迎新着,作業,東京都,"月給47万6,000円",正社員,建設,求人ボックス,https://xn--pckua2a7gp15o89zb.com/jbn/868cbc61707c604653967d2ec6a5a67f,True,9時間前,2026-09-19 04:05:33,東京都
「転職回数不問」役員タクシードライバー／週3勤務／安定収入／正社員採用新着,...以下のような経験をお持ちの方は特に歓迎します。・軽貨物ドライバー・ルート配送スタッフ・宅配ドライバー・タクシー運転手・大型トラックドライバー・フォークリフトオペレーター・,東京都,"月給47万7,100円",正社員,建設,求人ボックス,https://xn--pckua2a7gp15o89zb.com/jbn/b0f1bb23290253d067122a6cc555c2ed,True,11時間前,2026-09-19 04:05:33,東京都
芸能関係者のタクシードライバー／未経験歓迎／週3勤務／月収45万円以上／20代～50代活躍中新着,作業,東京都,"月給45万7,500円",正社員,建設,求人ボックス,https://xn--pckua2a7gp15o89zb.com/jbn/c319f6fe9e49b225f622d2299adef36b,True,12時間前,2026-09-19 04:05:33,東京都
建築CADオペレーター新着,株式会社ワット・コンサルティング,東京都,"月給20万2,500円",正社員,建設,求人ボックス,https://xn--pckua2a7gp15o89zb.com/jb/759a33de73e88a7e36042fe93a22f928,True,17時間前,2026-09-19 04:05:33,東京都
構造物の解体工事作業員新着,株式会社リバイブ,東京都,"日給1万2,000円",正社員,建設,求人ボックス,https://xn--pckua2a7gp15o89zb.com/jb/8d240402f51aed260785402bbf8935e6,True,9時間前,2026-09-19 04:05:36,東京都
「タレント／芸能」タクシードライバー／週3勤務／学歴不問／1年目月収50万以上／賞与年2回新着,建設・,東京都,"月給47万6,000円",正社員,建設,求人ボックス,https://xn--pckua2a7gp15o89zb.com/jbn/6e86ec9302330df970f6e78969718302,True,8時間前,2026-09-19 04:05:36,東京都
「高収入」夜勤／タクシードライバー／定期送迎「月収50万円以上可能／安定収入／賞与年2回」新着,建設・,東京都,"月給47万6,000円",正社員,建設,求人ボックス,https://xn--pckua2a7gp15o89zb.com/jbn/9a8a2e20e0f25e59418ee7bf4b84590e,True,8時間前,2026-09-19 04:05:36,東京都
「タクシードライバー」月内採用／夜勤／履歴書不要／月収50万円以上／正社員採用／社会保険完備新着,...以下のような経験をお持ちの方は特に歓迎します。・軽貨物ドライバー・ルート配送スタッフ・宅配ドライバー・タクシー運転手・大型トラックドライバー・フォークリフトオペレーター・,東京都,"月給47万6,000円",正社員,建設,求人ボックス,https://xn--pckua2a7gp15o89zb.com/jbn/b276a1d25db89e64466882d0db57a1a6,True,9時間前,2026-09-19 04:05:36,東京都
設備管理／オフィスビル／メイン／、データセンター、／学校、商業施設、複合施設、美術館新着,鹿島建物総合管理株式会社,東京都,月給21万円～30万円,正社員,建設,求人ボックス,https://xn--pckua2a7gp15o89zb.com/jb/1f886901135457d2974fc405fadb39fb,True,7時間前,2026-09-19 04:05:36,東京都
「施工管理」／建築の施工管理／未経験OK／土日祝休／福利厚生充実新着,株式会社ディンプル,東京都,"月給20万5,000円",正社員,建設,求人ボックス,https://xn--pckua2a7gp15o89zb.com/jb/dac683e4fe6a230670d2a45f9c8fb8ce,True,10時間前,2026-09-19 04:05:36,東京都
BIMコーディネーター／現場作業・夜間対応なし!／案件全体の品質・進捗管理中心新着,株式会社キャディアン,東京都,月給21万円～45万円,正社員,建設,求人ボックス,https://xn--pckua2a7gp15o89zb.com/jb/70022d31e9d1a756c97fa9d52290ea67,True,10時間前,2026-09-19 04:05:36,東京都
一般事務／土日祝休み／東京都台東区上野新着,株式会社アイ・ケイ・アイ,東京都台東区上野,"時給1,800円～",派遣社員,事務,求人ボックス,https://xn--pckua2a7gp15o89zb.com/jb/e752165edfbe0c14a119ee1bef08fec0,True,5時間前,2026-09-19 04:05:21,東京都
一般事務・営業事務スタッフ新着,株式会社マクロニクス,東京都,月給26万円～,正社員,事務,求人ボックス,https://xn--pckua2a7gp15o89zb.com/jb/2b05554f41fbc0b0f50a1177c5d3b767,True,9時間前,2026-09-19 04:05:22,東京都
一般事務新着,株式会社フジヤマ,東京都,"月給23万5,000円",正社員,事務,求人ボックス,https://xn--pckua2a7gp15o89zb.com/jb/397696908fd8eb9afb5003f692735869,True,7時間前,2026-09-19 04:05:27,東京都
一般事務／土日休み／昇給あり新着,有限会社福島製凾所,東京都,年収330万円,正社員,事務,求人ボックス,https://xn--pckua2a7gp15o89zb.com/jb/41e1ed77ccdbf08cb02cf0e2916a2aa6,True,23時間前,2026-09-19 04:05:27,東京都
病院での一般事務／データ入力・書類作成新着,医療法人社団芙蓉会 ふよう病院,東京都,月給20万円～25万円,正社員,事務,求人ボックス,https://xn--pckua2a7gp15o89zb.com/jb/abd0718380175eabde4b4670b1c86a91,True,18時間前,2026-09-19 04:05:30,東京都
事務職／一般事務／服装・髪型自由／賞与・昇給あり／未経験歓迎／ネイル新着,事務,東京都,"月給22万5,000円",正社員,事務,求人ボックス,https://xn--pckua2a7gp15o89zb.com/jbn/c99837e48d09eb571421cf84ca9d0cf4,True,5時間前,2026-09-19 04:05:30,東京都
事務職／一般事務／産休・育休取得実績多数／未経験からのスタート歓迎新着,事務,東京都,月給23万円～50万円,正社員,事務,求人ボックス,https://xn--pckua2a7gp15o89zb.com/jbn/e688e4939dc623d95b9071ed48455a9d,True,5時間前,2026-09-19 04:05:33,東京都
軽作業スタッフ／一般事務／リモート面接OK／土日祝休み新着,日研トータルソーシング株式会社,東京都,"時給1,630円～",派遣社員,事務,求人ボックス,https://xn--pckua2a7gp15o89zb.com/jbn/3011804abc96612bd68b005319efe785,True,22時間前,2026-09-19 04:05:33,東京都
常駐型の一般事務スタッフ新着,株式会社ゼロイン,東京都,"月給25万9,410円",正社員,事務,求人ボックス,https://xn--pckua2a7gp15o89zb.com/jb/e4edc1b4bc1b7601e549b9fae2b2fed6,True,9時間前,2026-09-19 04:05:33,東京都
「座って事務デビュー!」／一般事務／寮相談可／未経験OK／正社員採用新着,一般事務,東京都,"月給25万5,000円",正社員,事務,求人ボックス,https://xn--pckua2a7gp15o89zb.com/jbn/4e673c58489330227aa9384116769a5b,True,11時間前,2026-09-19 04:05:33,東京都
事務職／一般事務／年間休日125日／20代歓迎!／残業ほぼなし／賞与新着,事務,東京都,"月給22万5,000円",正社員,事務,求人ボックス,https://xn--pckua2a7gp15o89zb.com/jbn/07d9109e09d799fc810f74a5f5285ba5,True,5時間前,2026-09-19 04:05:37,東京都
一般事務スタッフ／事務派遣／江東区青海新着,株式会社DYMキャリア,東京都,"時給1,760円",派遣社員,事務,求人ボックス,https://xn--pckua2a7gp15o89zb.com/jb/b5da0d662a9b39a531ff59258a4727b9,True,3時間前,2026-09-19 04:05:41,東京都
「はじめての事務デビュー!」／一般事務／空調完備／研修あり新着,一般事務,東京都,"月給28万5,000円",正社員,事務,求人ボックス,https://xn--pckua2a7gp15o89zb.com/jbn/c9088adad40d934b2c00eeebfe5008d6,True,11時間前,2026-09-19 04:05:41,東京都
「座って事務デビュー!」／一般事務／学歴不問／寮相談可／nO.433新着,一般事務,東京都,"月給28万9,000円",正社員,事務,求人ボックス,https://xn--pckua2a7gp15o89zb.com/jbn/4f182e802b7c2c805ecb786dc48115e2,True,10時間前,2026-09-19 04:05:41,東京都
「20代から事務デビュー!」／一般事務／交通費支給／入社日相談OK新着,一般事務,東京都,月給29万円～30万円,正社員,事務,求人ボックス,https://xn--pckua2a7gp15o89zb.com/jbn/348495eeb7a9ec28fb4256c3e56d2cfa,True,11時間前,2026-09-19 04:05:44,東京都
「オフィスワークデビュー!」／一般事務／寮相談可／高収入／nO.143新着,一般事務,東京都,月給27万円～29万,正社員,事務,求人ボックス,https://xn--pckua2a7gp15o89zb.com/jbn/c361140842c4ea1ce78274b48114d5d0,True,10時間前,2026-09-19 04:05:44,東京都
老舗ガス会社での一般事務新着,アサヒガス株式会社,東京都,"時給1,300円～",アルバイト・パート,事務,求人ボックス,https://xn--pckua2a7gp15o89zb.com/jb/433e5e012b15540f9c4c226703f772f3,True,7時間前,2026-09-19 04:05:47,東京都
一般事務スタッフ／幅広い業務に関わりスキルアップできるバックオフィスサ...新着,株式会社壱,東京都,月給23万円～,正社員,事務,求人ボックス,https://xn--pckua2a7gp15o89zb.com/jb/eb116e84e0e0dc63471453d3b2c6b1a8,True,16時間前,2026-09-19 04:05:47,東京都
「座って事務デビュー!」／一般事務／週休2日制／正社員採用／正社員採用新着,一般事務,東京都,"月給26万5,000円",正社員,事務,求人ボックス,https://xn--pckua2a7gp15o89zb.com/jbn/a95d93c5edb0d9a71ff3ebcc39ef82ba,True,11時間前,2026-09-19 04:05:52,東京都
経理事務STAFF新着,アクアジャパン株式会社,東京都,"月給24万5,000円",派遣社員,経理,求人ボックス,https://xn--pckua2a7gp15o89zb.com/jbi/f920fe08eb1c88cac694b178c72fcaa1,True,22時間前,2026-09-19 04:05:34,東京都
"経理事務／時給1,900円／週3日／残業ほぼなし／神保町駅徒歩3分新着",株式会社ニューキャリア,東京都,"時給1,900円",派遣社員,経理,求人ボックス,https://xn--pckua2a7gp15o89zb.com/jbi/a95b84a3415d572214a61c71b9a38127,True,21時間前,2026-09-19 04:05:34,東京都
"正社員前提 時給2,100円～ 大手特許事務所の経理事務新着",株式会社小田急プラネット,東京都,"時給2,100円～",正社員,経理,求人ボックス,https://xn--pckua2a7gp15o89zb.com/jb/fe276e66aebdc2d8c3d7b82a6fe95d35,True,18時間前,2026-09-19 04:05:35,東京都
経理事務急募 日商簿記2級があれば実務経験は不問 年間休日125日新着,株式会社アエラス,東京都,月給40万円～48万円,正社員,経理,求人ボックス,https://xn--pckua2a7gp15o89zb.com/jb/740eef0f572344a5432b531dd4ef5351,True,5時間前,2026-09-19 04:05:35,東京都
「未経験OKの経理事務職」 マンパワーグループ／未経験OKの経理事務新着,株式会社ディンプル,東京都,"月給21万6,000円",正社員,経理,求人ボックス,https://xn--pckua2a7gp15o89zb.com/jb/ba45072363eb0d90f013d5980ca36d18,True,10時間前,2026-09-19 04:05:35,東京都
「早めに仕事を決めたい方に」／経理事務／未経験歓迎／サポート体制充実新着,経理,東京都,月給27万円～33万円,正社員,経理,求人ボックス,https://xn--pckua2a7gp15o89zb.com/jbn/2250e3d0249f57c7121657eddc9e3942,True,13時間前,2026-09-19 04:05:35,東京都
「未経験からバックオフィスに挑戦」／経理事務／丁寧な研修あり／長期安定新着,経理,東京都,月給25万円～30万円,正社員,経理,求人ボックス,https://xn--pckua2a7gp15o89zb.com/jbn/37c7a50b5259f32f5476c6ff18eeeb5d,True,15時間前,2026-09-19 04:05:37,東京都
都内オフィスで働く 経理事務スタッフ募集新着,株式会社KOYO,東京都,"時給1,800円～2,000円",,経理,求人ボックス,https://xn--pckua2a7gp15o89zb.com/jb/2791f8b6eb7cb6edf1905442ae9fe9c7,True,10時間前,2026-09-19 04:05:37,東京都
「月給30万円以上も可能な事務職」／経理事務／未経験OK／サポート体制...新着,経理,東京都,月給30万円,正社員,経理,求人ボックス,https://xn--pckua2a7gp15o89zb.com/jbn/565f59f5e065241635c6ea1b5503364f,True,15時間前,2026-09-19 04:05:37,東京都
「数字を入力するだけ!」／経理事務／未経験OK／丁寧な研修あり新着,経理,東京都,月給25万円～30万円,正社員,経理,求人ボックス,https://xn--pckua2a7gp15o89zb.com/jbn/2529766822558815c6df0d60d276f340,True,15時間前,2026-09-19 04:05:42,東京都
経理事務新着,ヒロエンジニアリング株式会社,東京都,"時給1,280円～1,500円",アルバイト・パート,経理,求人ボックス,https://xn--pckua2a7gp15o89zb.com/jb/f5e06b4349706a4feab0129583e3a3c5,True,8時間前,2026-09-19 04:05:42,東京都
「月給30万円も実現可能」／経理事務／未経験歓迎／サポート体制充実新着,経理,東京都,月給30万円,正社員,経理,求人ボックス,https://xn--pckua2a7gp15o89zb.com/jbn/3381633c0a4bbe37ae4959f1c718927c,True,15時間前,2026-09-19 04:05:42,東京都
「事務職デビューをスムーズに」／経理事務／未経験OK／安定勤務新着,経理,東京都,月給25万円～30万円,正社員,経理,求人ボックス,https://xn--pckua2a7gp15o89zb.com/jbn/eaaffe7da0368ef2892179dc46d0d805,True,15時間前,2026-09-19 04:05:46,東京都
事務員／経理事務／未経験歓迎／リモート面接OK新着,日研トータルソーシング株式会社,東京都,"時給1,550円～",派遣社員,経理,求人ボックス,https://xn--pckua2a7gp15o89zb.com/jbn/772739b42276f6bb17bd7f0c2525e702,True,22時間前,2026-09-19 04:05:50,東京都
「大手企業の数字まわりを支える!」／経理事務／未経験95%／未経験歓迎新着,経理,東京都,月給27万円～30万,正社員,経理,求人ボックス,https://xn--pckua2a7gp15o89zb.com/jbn/618265c98475b3d03c7486ec85404923,True,8時間前,2026-09-19 04:05:50,東京都
「応募から勤務までスムーズに進みます」／経理事務／スピード選考新着,経理,東京都,月給27万円～33万円,正社員,経理,求人ボックス,https://xn--pckua2a7gp15o89zb.com/jbn/1344f4acd99d61781665b08f0533158d,True,13時間前,2026-09-19 04:05:54,東京都
「自分の時間も、ちゃんと守れる働き方」／経理事務／土日祝休み新着,経理,東京都,月給25万円～30万円,正社員,経理,求人ボックス,https://xn--pckua2a7gp15o89zb.com/jbn/dbaee49f6089ddc188b1bda7c343e4ee,True,13時間前,2026-09-19 04:05:54,東京都
「大手企業の数字まわりを支える!」／経理事務／9時半出社／未経験OK新着,株式会社One's Will「4116」,東京都,月給23万円～,正社員,経理,求人ボックス,https://xn--pckua2a7gp15o89zb.com/jbn/919f935894d41fb4439f96493e31d581,True,19時間前,2026-09-19 04:05:54,東京都
「大手企業の数字まわりを支える!」／経理事務／9時半出社／未経験OK新着,株式会社One's Will「3861」,東京都,月給23万円～,正社員,経理,求人ボックス,https://xn--pckua2a7gp15o89zb.com/jbn/aa527087ad532bd839f980a8bced30fe,True,19時間前,2026-09-19 04:05:54,東京都
「今だけ採用!大手企業の経理サポート」／経理事務／9時半出社新着,株式会社One's Will「3594」,東京都,月給23万円～,正社員,経理,求人ボックス,https://xn--pckua2a7gp15o89zb.com/jbn/5adc85b46718baebdf503f0d3bedff01,True,19時間前,2026-09-19 04:05:57,東京都
「大手企業の数字まわりを支える!」／経理事務／9時半出社／未経験OK新着,株式会社One's Will「3943」,東京都,月給23万円～,正社員,経理,求人ボックス,https://xn--pckua2a7gp15o89zb.com/jbn/fda405466e3840531a87e2c38f9b85e5,True,19時間前,2026-09-19 04:05:57,東京都
「大手企業の数字まわりを支える!」／経理事務／9時半出社／未経験OK新着,株式会社One's Will「3417」,東京都,月給22万円～,正社員,経理,求人ボックス,https://xn--pckua2a7gp15o89zb.com/jbn/5676810f7e9a8e8865a6d5930816e945,True,20時間前,2026-09-19 04:05:57,東京都
「今だけ採用!大手企業の経理サポート」／経理事務／9時半出社新着,株式会社One's Will「3508」,東京都,月給23万円～,正社員,経理,求人ボックス,https://xn--pckua2a7gp15o89zb.com/jbn/83a701a0a44253e9b1d416bf5f3ca32e,True,19時間前,2026-09-19 04:06:00,東京都
「大手企業の数字まわりを支える!」／経理事務／9時半出社／未経験OK新着,株式会社One's Will「3779」,東京都,月給23万円～,正社員,経理,求人ボックス,https://xn--pckua2a7gp15o89zb.com/jbn/e8216c343d121fd93d5b05e5cf5b3e25,True,18時間前,2026-09-19 04:06:00,東京都
「今だけ採用!大手企業の経理サポート」／経理事務／9時半出社新着,株式会社One's Will「4152」,東京都,月給23万円～,正社員,経理,求人ボックス,https://xn--pckua2a7gp15o89zb.com/jbn/13b3d30d9ab477006ba576d3aab3aabc,True,19時間前,2026-09-19 04:06:00,東京都
「今だけ採用!大手企業の経理サポート」／経理事務／9時半出社新着,株式会社One's Will「3681」,東京都,月給23万円～,正社員,経理,求人ボックス,https://xn--pckua2a7gp15o89zb.com/jbn/af7fb855a8e7593a0ddcc55d477e8b5b,True,19時間前,2026-09-19 04:06:04,東京都
「大手企業の数字まわりを支える!」／経理事務／9時半出社／未経験OK新着,株式会社One's Will「3406」,東京都,月給22万円～,正社員,経理,求人ボックス,https://xn--pckua2a7gp15o89zb.com/jbn/2bedc2cb5496bfd1fdeb8bcccb4df2a3,True,20時間前,2026-09-19 04:06:04,東京都
「大手企業の数字まわりを支える!」／経理事務／9時半出社／未経験OK新着,株式会社One's Will「4220」,東京都,月給23万円～,正社員,経理,求人ボックス,https://xn--pckua2a7gp15o89zb.com/jbn/8b9b800702608bb965f0e4262d45c00c,True,19時間前,2026-09-19 04:06:04,東京都
産婦人科クリニック看護師／夜勤専従 産科未経験歓迎 週1回～新着,鶴川台ウィメンズクリニック,東京都,日給3万円～,アルバイト・パート,看護,求人ボックス,https://xn--pckua2a7gp15o89zb.com/jb/649be06dd985b36d8a22ddab3e911f16,True,6時間前,2026-09-19 04:05:39,東京都
荒川区の看護師／特養での看護業務 派遣看護師／正准不問／週5日新着,グッドネクスト,東京都,"時給2,400円",派遣社員,看護,求人ボックス,https://xn--pckua2a7gp15o89zb.com/jb/9d453f3776f6a9aa74e28e9084c57ce1,True,23時間前,2026-09-19 04:05:39,東京都
看護師資格を活かせる 保育士と協力して子どもを支えるお仕事新着,リアシス株式会社,東京都,月給27万円～31万円,正社員,看護,求人ボックス,https://xn--pckua2a7gp15o89zb.com/jb/48575d2dc3e02ee7dc50dcaad29166ee,True,8時間前,2026-09-19 04:05:39,東京都
診療所・クリニックの看護師／准看護師新着,芝浦スリーワンクリニック,東京都,"時給2,000円～",アルバイト・パート,看護,求人ボックス,https://xn--pckua2a7gp15o89zb.com/jb/808338763d9e3cbec0368da06b9277db,True,6時間前,2026-09-19 04:05:40,東京都
暮らしのそばで安心を支える施設看護／住宅型有料老人ホームの看護師新着,株式会社レガート,東京都,月給30万円～,正社員,看護,求人ボックス,https://xn--pckua2a7gp15o89zb.com/jb/75350d0408eee22bdb674d6de705d099,True,6時間前,2026-09-19 04:05:40,東京都
障害者支援施設の看護師／夜勤なし／土日休み／年間休日122日新着,社会福祉法人萌の会,東京都,月給29万円～43万,正社員,看護,求人ボックス,https://xn--pckua2a7gp15o89zb.com/jb/66dc5787dd8acedd95767aab2320a0f1,True,11時間前,2026-09-19 04:05:44,東京都
クリニックの看護師・社会保険完備の職場で看護師／准看護師新着,浅草橋レディースクリニック,東京都,月給35万円～,正社員,看護,求人ボックス,https://xn--pckua2a7gp15o89zb.com/jb/67e539a1aaaa3d20c0d99b5b3d2c0243,True,6時間前,2026-09-19 04:05:44,東京都
認可保育園の看護師新着,明日葉保育園 蓮根園,東京都,"月給27万1,000円",正社員,看護,求人ボックス,https://xn--pckua2a7gp15o89zb.com/jb/026b5220948f15c0f4ae2e52ac5e286a,True,3時間前,2026-09-19 04:05:47,東京都
診療所・クリニックの看護師／准看護師新着,下北沢駅前きみじま消化器内科・内視鏡・肛門外科ク...,東京都,月給30万円～35万円,正社員,看護,求人ボックス,https://xn--pckua2a7gp15o89zb.com/jb/9690d80fcb5fc8f678ce048c7e6e488d,True,6時間前,2026-09-19 04:05:51,東京都
看護師・社会保険完備の職場で看護師／准看護師新着,八木医院,東京都,"時給2,300円",アルバイト・パート,看護,求人ボックス,https://xn--pckua2a7gp15o89zb.com/jb/1ad98a6fcad56a20b49f1756298ba962,True,6時間前,2026-09-19 04:05:51,東京都
看護師／准看護師募集、年齢不問新着,デイサービスめいゆう,東京都,"時給1,800円",アルバイト・パート,看護,求人ボックス,https://xn--pckua2a7gp15o89zb.com/jb/dd8cfd2836b8793413492b1cea6cfbb9,True,6時間前,2026-09-19 04:05:56,東京都
介護付きホームの看護師新着,レジオール,東京都,"時給2,240円～2,375円",派遣社員,看護,求人ボックス,https://xn--pckua2a7gp15o89zb.com/jb/9ee81bb495e0f89d039c6fd046d2b9ef,True,23時間前,2026-09-19 04:05:56,東京都
デイサービスの看護師新着,看護師,東京都,"時給1,830円～",アルバイト・パート,看護,求人ボックス,https://xn--pckua2a7gp15o89zb.com/jb/0339889e72d9f2e36e4bc188d663df5a,True,9時間前,2026-09-19 04:05:56,東京都
看護師新着,株式会社グッドネクスト,東京都,"時給2,400円～",派遣社員,看護,求人ボックス,https://xn--pckua2a7gp15o89zb.com/jb/f4f792fdc86f17751889fc16df26620b,True,7時間前,2026-09-19 04:05:59,東京都
クリニックの看護師・社会保険完備の職場で看護師／准看護師新着,新小岩ARTクリニック,東京都,月給32万円,正社員,看護,求人ボックス,https://xn--pckua2a7gp15o89zb.com/jb/e9cc78b22b77ee8dcc7d648101d79bfc,True,6時間前,2026-09-19 04:06:03,東京都
社会保険完備の職場で看護師／准看護師新着,機能回復リハセンター南砂,東京都,"時給1,800円",アルバイト・パート,看護,求人ボックス,https://xn--pckua2a7gp15o89zb.com/jb/4d830f52a9f77d3dc8262bacf4f657b1,True,6時間前,2026-09-19 04:06:03,東京都
ホスピスホームの看護師新着,看護師,東京都,"時給1,925円～",アルバイト・パート,看護,求人ボックス,https://xn--pckua2a7gp15o89zb.com/jb/6b7f8a1be92c0d587f0d0d4c025b6332,True,9時間前,2026-09-19 04:06:06,東京都
社会保険完備の職場で看護師／准看護師新着,ターミナル・緩和ケア訪問看護 タイヘイ,東京都,"月給30万3,840円",正社員,看護,求人ボックス,https://xn--pckua2a7gp15o89zb.com/jb/d0dd062b4f1227a2bb8589cffdce6ec5,True,6時間前,2026-09-19 04:06:11,東京都
医療法人社団 城東桐和会 タムス松江病院での看護師 募集新着,タムスグループ,東京都,"時給1,557円～1,989円",アルバイト・パート,看護,求人ボックス,https://xn--pckua2a7gp15o89zb.com/jb/bec7945cbe9b58e4aec8465e8b960682,True,23時間前,2026-09-19 04:06:11,東京都
柔道整復師新着,創生会グループ,東京都,"時給1,600円～2,000円",アルバイト・パート,治療家,求人ボックス,https://xn--pckua2a7gp15o89zb.com/jb/d4b2e0900f2b04262672bbaeb62924f8,True,8時間前,2026-09-19 04:05:54,東京都
社会保険完備の職場で柔道整復師新着,GENKINEXT 足立竹ノ塚,東京都,"時給1,400円～1,450円",アルバイト・パート,治療家,求人ボックス,https://xn--pckua2a7gp15o89zb.com/jb/bd6ac80a99c502d594ab84bbec41126c,True,6時間前,2026-09-19 04:05:54,東京都
柔道整復師「正規フルタイム社員」／そよ風公式新着,株式会社SOYOKAZE,東京都,月給28万円～33万円,契約社員,治療家,求人ボックス,https://xn--pckua2a7gp15o89zb.com/jb/1a5e51782a1b438dc1571522f85d443b,True,2時間前,2026-09-19 04:05:54,東京都
柔道整復師／オイルマッサージ 施術者／アークヒルズスパ新着,株式会社エーワン東京,東京都,,,治療家,求人ボックス,https://xn--pckua2a7gp15o89zb.com/jb/0b186b309d97509c3d57921760e316fe,True,22時間前,2026-09-19 04:05:54,東京都
柔道整復師／ボディケア／骨盤矯正／トリガーポイント／スポーツトレーナー新着,リジョブエージェント,東京都,月給26万円～60万円,正社員,治療家,求人ボックス,https://xn--pckua2a7gp15o89zb.com/jb/2e124bc5de696d82cb73711b91f89e2b,True,18時間前,2026-09-19 04:05:54,東京都
「役員タクシードライバー」週3日勤務／普通免許で未経験からスタート／月収50万円以上・ボーナス年2回新着,柔道整復師,東京都,"月給47万6,000円",正社員,治療家,求人ボックス,https://xn--pckua2a7gp15o89zb.com/jbn/a62f1c8954a3614d0eaed03dad2191db,True,11時間前,2026-09-19 04:05:54,東京都
タクシードライバー週3日勤務／未経験OK・月収50万円以上・ボーナス支給あり新着,柔道整復師,東京都,"月給47万4,500円",正社員,治療家,求人ボックス,https://xn--pckua2a7gp15o89zb.com/jbn/053aef0a605cc6420a51dbdad55a5d99,True,10時間前,2026-09-19 04:05:54,東京都
タクシードライバー／「タレントやスポーツ選手等の送迎」週3日勤務／未経験OK・月収50万円以上新着,柔道整復師,東京都,"月給47万6,000円",正社員,治療家,求人ボックス,https://xn--pckua2a7gp15o89zb.com/jbn/04f9f39b4fc0d1e888371a376e517707,True,12時間前,2026-09-19 04:05:54,東京都
著名人や企業役員のタクシードライバー「週3日勤務」未経験OK・月収40万円以上／ボーナス支給あり新着,柔道整復師,東京都,"月給47万6,000円",正社員,治療家,求人ボックス,https://xn--pckua2a7gp15o89zb.com/jbn/6cc82c2325f96a035e09e64731f2255c,True,11時間前,2026-09-19 04:05:54,東京都
「空港へのタクシードライバー」週3日勤務／普通免許で未経験OK／月収50万円以上・賞与2ヶ月分あり新着,柔道整復師,東京都,"月給47万6,000円",正社員,治療家,求人ボックス,https://xn--pckua2a7gp15o89zb.com/jbn/4c66660ab4f5fa727adb9720ba7314be,True,11時間前,2026-09-19 04:05:54,東京都
年間休日150日／土日祝休／高還元インセンティブ／昇給年2回／11期連続売上UP新着,株式会社ハウスクル,東京都,月給35万円～,正社員,治療家,求人ボックス,https://xn--pckua2a7gp15o89zb.com/jb/c744d00a7711f4ce6c1e83f5621a65b2,True,2時間前,2026-09-19 04:05:54,東京都
「タクシードライバー・定期送迎」月収50万以上・未経験歓迎・普通免許のみOK・ボーナスあり新着,柔道整復師,東京都,"月給47万6,000円",正社員,治療家,求人ボックス,https://xn--pckua2a7gp15o89zb.com/jbn/a11339a13d9c88105027c4cb39424836,True,9時間前,2026-09-19 04:05:54,東京都
「タクシードライバー」月収50万以上・未経験歓迎／週3勤務・普通免許のみOK・ボーナス2回新着,柔道整復師,東京都,"月給47万6,000円",正社員,治療家,求人ボックス,https://xn--pckua2a7gp15o89zb.com/jbn/5a3c0a6099bef8be73ec5bc4fd84fa03,True,8時間前,2026-09-19 04:05:54,東京都
「タクシードライバー・夜勤」月50万以上可・未経験歓迎／寮・社宅完備／普免のみOK・ボーナスあり新着,柔道整復師,東京都,"月給47万6,000円",正社員,治療家,求人ボックス,https://xn--pckua2a7gp15o89zb.com/jbn/4cc68d465a35a15b71477a5fc98f313a,True,8時間前,2026-09-19 04:05:55,東京都
訪問マッサージ／あん摩マッサージ指圧師／国家資格必須／高齢者に寄り添う在宅ケア新着,柔道整復師,東京都,月給25万円～41万,正社員,治療家,求人ボックス,https://xn--pckua2a7gp15o89zb.com/jb/b61b5269083a8dcf062098a9fd2f4a18,True,22時間前,2026-09-19 04:05:55,東京都
「週3日勤務」普通免許でスタートできる役員タクシードライバー／週の残り4日はすべてあなたの自由時間新着,...キャリアアップも全面的にバックアップします。 【その他概要】<前職例>製造/工場/ライン作業/生產管理/設備保全/製鋼/溶接クレーン・玉掛/金属加工/板金加工/板金塗装/警備員機械・電気/倉庫内,東京都,"月給47万6,000円",正社員,治療家,求人ボックス,https://xn--pckua2a7gp15o89zb.com/jbn/3004ca8baf02734519fb76f8c9e69f29,True,12時間前,2026-09-19 04:05:55,東京都
タレント・芸能・観光客のタクシードライバー「週3日勤務」賞与年2回／初年度から月収50万円以上新着,...未経験からでも安心してプロドライバーを目指せる環境です。 【その他特徴】<前職例>製造/工場/ライン作業/生產管理/設備保全/製鋼/溶接クレーン・玉掛/金属加工/板金加工/板金塗装/警備員機械・,東京都,"月給47万6,000円",正社員,治療家,求人ボックス,https://xn--pckua2a7gp15o89zb.com/jbn/6c0f03408e68262f06585ea8da29e9a3,True,12時間前,2026-09-19 04:05:55,東京都
ピラティストレーナー新着,株式会社nobitel,東京都,月給24万円～,正社員,治療家,求人ボックス,https://xn--pckua2a7gp15o89zb.com/jb/031a66b9d76459241d8959c6e36948c1,True,9時間前,2026-09-19 04:05:55,東京都
施設長 無資格可 リハビリデイサービス新着,Recode book葛西,東京都,"月給33万1,910円",正社員,治療家,求人ボックス,https://xn--pckua2a7gp15o89zb.com/jb/ec7461001bbf88934954c6d04a247ef5,True,3時間前,2026-09-19 04:05:55,東京都
整体師／ボディケア 施術者新着,Re.Ra.Ku 尾山台店,東京都,月給20万円～28万円,正社員,治療家,求人ボックス,https://xn--pckua2a7gp15o89zb.com/jb/189b28328778d3ebf1b3373bb33ca2ac,True,23時間前,2026-09-19 04:05:55,東京都
機能訓練指導員新着,ツクイ小平花小金井,東京都,"時給1,597円～1,627円",アルバイト・パート,治療家,求人ボックス,https://xn--pckua2a7gp15o89zb.com/jb/2ecd148d18936bc88bc94fa0bbbfb741,True,23時間前,2026-09-19 04:05:55,東京都
機能訓練指導員新着,ツクイ小平仲町,東京都,"時給1,597円～1,627円",アルバイト・パート,治療家,求人ボックス,https://xn--pckua2a7gp15o89zb.com/jb/c393b4ceb6306622745f5810c024358e,True,23時間前,2026-09-19 04:05:55,東京都
機能訓練指導員新着,ツクイ秋津,東京都,"時給1,597円～1,627円",アルバイト・パート,治療家,求人ボックス,https://xn--pckua2a7gp15o89zb.com/jb/0322fec6b1e2ca7e1859a5e3261e3006,True,23時間前,2026-09-19 04:05:55,東京都
機能訓練指導員新着,ツクイ府中西原町,東京都,"時給1,597円～1,657円",アルバイト・パート,治療家,求人ボックス,https://xn--pckua2a7gp15o89zb.com/jb/32a1a1becfff34f58891e661508e2c40,True,23時間前,2026-09-19 04:05:55,東京都
機能訓練指導員新着,ツクイ八王子片倉,東京都,"時給1,597円～1,627円",アルバイト・パート,治療家,求人ボックス,https://xn--pckua2a7gp15o89zb.com/jb/c3fa2d7410ece0e58ea0813fe4c15b27,True,23時間前,2026-09-19 04:05:55,東京都
機能訓練指導員新着,ツクイ大田西六郷,東京都,"時給1,677円～1,907円",アルバイト・パート,治療家,求人ボックス,https://xn--pckua2a7gp15o89zb.com/jb/9df125eae57cf50d08845a8a3bb93b7d,True,23時間前,2026-09-19 04:05:55,東京都
機能訓練指導員新着,ツクイ大田中馬込,東京都,"時給1,677円～1,957円",アルバイト・パート,治療家,求人ボックス,https://xn--pckua2a7gp15o89zb.com/jb/88d2599e211659993bbc32418b28ff39,True,23時間前,2026-09-19 04:05:55,東京都
機能訓練指導員新着,ツクイ・デイサービス高ヶ坂,東京都,"時給1,597円～1,627円",アルバイト・パート,治療家,求人ボックス,https://xn--pckua2a7gp15o89zb.com/jb/0e698d198132a1dcad51f6fc66388b28,True,23時間前,2026-09-19 04:05:55,東京都
鍼灸師／ボディケア／美容鍼灸／スポーツ外傷 スタッフ／田町駅前治療院新着,株式会社GiS,東京都,"時給1,350円～1,400円",アルバイト・パート,治療家,求人ボックス,https://xn--pckua2a7gp15o89zb.com/jb/3905911e2f6bd1af0a7726153884a1a2,True,23時間前,2026-09-19 04:05:55,東京都
柔道整復師／リハビリセンター・あゆむ新着,有限会社ケアフレンド,東京都,,正社員,治療家,求人ボックス,https://xn--pckua2a7gp15o89zb.com/jb/49e51acd593c074165988257857a8251,True,14時間前,2026-09-19 04:05:58,東京都
柔道整復師／特別養護老人ホームブルーポピー新着,社会福祉法人四葉晃耀会,東京都,,正社員,治療家,求人ボックス,https://xn--pckua2a7gp15o89zb.com/jb/2756e12fffc7e76403b9c17ddc195ccd,True,13時間前,2026-09-19 04:05:58,東京都
デイサービスでの介護業務／無資格可／介護士／働きやすい環境新着,リビングホームたんぽぽ,東京都,"月給21万1,412円",正社員,治療家,求人ボックス,https://xn--pckua2a7gp15o89zb.com/jbn/50d29e13084d954a1135c26f36023875,True,20時間前,2026-09-19 04:05:58,東京都
デイサービスでの介護業務／無資格可／介護職／プライベート充実新着,癒湯リハたんぽぽ,東京都,"月給21万1,412円",正社員,治療家,求人ボックス,https://xn--pckua2a7gp15o89zb.com/jbn/e820e0d72569ec4ac9194c552017ee48,True,21時間前,2026-09-19 04:05:58,東京都
デイサービスでの介護業務／無資格可／介護士／ワークライフバランス新着,楽々ウォークたんぽぽ,東京都,"月給21万1,412円",正社員,治療家,求人ボックス,https://xn--pckua2a7gp15o89zb.com/jbn/939b9a3367238cac7d3f9d4802f8fe2b,True,21時間前,2026-09-19 04:05:58,東京都
医師／毎週木曜／午前／外来のみ／1回6万円／専門医新着,固定報酬6万円,東京都,,アルバイト・パート,治療家,求人ボックス,https://xn--pckua2a7gp15o89zb.com/jb/1077328baeaa1115af39c136ea432b88,True,10時間前,2026-09-19 04:05:58,東京都
一般外来新着,固定報酬5万円,東京都,,アルバイト・パート,治療家,求人ボックス,https://xn--pckua2a7gp15o89zb.com/jb/05e8c48be119e88b9d79303db0f7ee4e,True,12時間前,2026-09-19 04:05:58,東京都
医師／院長新着,"夜間当直:無しオンコール:無し休日:日曜,祝日,指定非勤務日休暇:有給休暇(法令通り),年末年始休暇(1週間程度),夏季休暇(3日程度) 業務詳細  <勤務内容>外来",東京都,"年収2,400万円～",正社員,治療家,求人ボックス,https://xn--pckua2a7gp15o89zb.com/jb/f38bbad890f778cc629dd00e86c4a922,True,10時間前,2026-09-19 04:05:58,東京都
理学療法士／2026年9月移転リニューアルオープン 週1日4時間～&扶養内・子育てとの両立も新着,医療法人社団奥山会,東京都,"時給1,500円～2,500円",アルバイト・パート,治療家,求人ボックス,https://xn--pckua2a7gp15o89zb.com/jb/024ffaa99230f91c0eb1d4b083122b81,True,21時間前,2026-09-19 04:05:58,東京都
非常勤 医師／整形外科／診療所・クリニック新着,...担当コマ数:週6～10コマ(1診制)・外来患者数:一般整形、リハ診療あわせて 1コマ30名程度/コマ・割合:一般整形 約3割、リハビリ 約7割・主な疾患 :脳卒中(脳梗塞、脳出血)の後遺症への対,東京都,日給5万円～6万円,アルバイト・パート,治療家,求人ボックス,https://xn--pckua2a7gp15o89zb.com/jb/e50e7cf81699376b1d3e73a3b2985561,True,4時間前,2026-09-19 04:05:58,東京都
定期／日勤／整形外科、リハビリテーション科新着,固定報酬5万円,東京都,,アルバイト・パート,治療家,求人ボックス,https://xn--pckua2a7gp15o89zb.com/jb/4b48dc7e90dcb80cf288fe434fab7532,True,16時間前,2026-09-19 04:05:58,東京都
介護支援専門員・ケアマネージャー／居宅介護支援事業所新着,柔道整復師,東京都,"月給19万5,000円",正社員,治療家,求人ボックス,https://xn--pckua2a7gp15o89zb.com/jb/bd526b1770bbf881e574ce9841440dc6,True,22時間前,2026-09-19 04:05:58,東京都
東京／不動産管理受託営業／年休150日・土日祝・転勤無／500～700万円／総合不動産会社新着,柔道整復師,東京都,年収500万円～700万円,正社員,治療家,求人ボックス,https://xn--pckua2a7gp15o89zb.com/jb/51f74b1bde12f2054805453f3caeb17e,True,9時間前,2026-09-19 04:05:58,東京都
介護支援専門員・ケアマネージャー／特別養護老人ホーム新着,柔道整復師,東京都,"月給24万9,300円",正社員,治療家,求人ボックス,https://xn--pckua2a7gp15o89zb.com/jb/bc4ba5328ad7860166b7cb97316752c3,True,22時間前,2026-09-19 04:05:58,東京都
日払い可能!小型の配送ドライバー／運べば運ぶほど稼げる 面接1回新着,Jルート株式会社,東京都,月給50万円～100万円,,ドライバー,求人ボックス,https://xn--pckua2a7gp15o89zb.com/jb/4f34853c87050b111213f1fbc46df18a,True,5時間前,2026-09-19 04:06:07,東京都
日給上乗せキャンペーンあり／配送ドライバー／月収50万以上新着,ネクスリンク株式会社,東京都,"月給53万9,000円",,ドライバー,求人ボックス,https://xn--pckua2a7gp15o89zb.com/jbn/1f5252da9dd62666f82aa48388ab7641,True,21時間前,2026-09-19 04:06:08,東京都
まだ間に合う!日給上乗せあり!業務委託ドライバー／高日給／転勤なし新着,ネクスリンク株式会社 採用窓口,東京都,"日給2万3,449円",,ドライバー,求人ボックス,https://xn--pckua2a7gp15o89zb.com/jbn/f2aecd3ea5877a0c35404533ac761369,True,21時間前,2026-09-19 04:06:11,東京都
草加営業所／2t定期便配送ドライバー／賞与年2回／ルート固定だから効率...新着,株式会社和幸流通サービス,東京都,月給24万円～30万円,正社員,ドライバー,求人ボックス,https://xn--pckua2a7gp15o89zb.com/jbn/249c0db42988498d18742ea44cb60097,True,23時間前,2026-09-19 04:06:11,東京都
午後から勤務のコンビニエンスストアへの中型配送ドライバー新着,株式会社エムズライン,東京都,"時給1,700円～2,125円",派遣社員,ドライバー,求人ボックス,https://xn--pckua2a7gp15o89zb.com/jbn/c873602406123281957ed87d334d80e4,True,22時間前,2026-09-19 04:06:14,東京都
小型トラックドライバー／電設資材の配送／土日祝休み／昇給・賞与有り新着,株式会社セーフティ・プロ,東京都,月給28万円,正社員,ドライバー,求人ボックス,https://xn--pckua2a7gp15o89zb.com/jb/63751b8c4d3c3849425ae0e617287439,True,23時間前,2026-09-19 04:06:14,東京都
パートセールスドライバー新着,ヤマト運輸株式会社,東京都,"時給1,700円",アルバイト・パート,ドライバー,求人ボックス,https://xn--pckua2a7gp15o89zb.com/jb/ce839fe281d6dd2d6ed1ca90523f9263,True,8時間前,2026-09-19 04:06:14,東京都
「夜勤・タクシードライバー」月収50万以上・履歴書不要／普通免許でOK新着,ドライバー,東京都,"月給47万6,000円",正社員,ドライバー,求人ボックス,https://xn--pckua2a7gp15o89zb.com/jbn/7080020b451cca4a3148fc3f4d282472,True,8時間前,2026-09-19 04:06:14,東京都
タクシードライバー「週3勤務」月収50万以上可／普通免許1年でOK新着,<関連職種>役員運転手/送迎,東京都,"月給47万6,000円",正社員,ドライバー,求人ボックス,https://xn--pckua2a7gp15o89zb.com/jbn/2fe37c79073986df193979fb36dfdc46,True,9時間前,2026-09-19 04:06:17,東京都
型枠材の4tドライバー 入社祝い金10万円支給・基本残業なし・夜勤なし新着,株式会社新見工務店,東京都,月給35万円～55万円,正社員,ドライバー,求人ボックス,https://xn--pckua2a7gp15o89zb.com/jb/49b3afa28d6129a9d389e6470ab344fc,True,3時間前,2026-09-19 04:06:21,東京都
「正社員」週3勤務のタクシードライバー／未経験者活躍中／年収500万円...新着,ドライバー,東京都,"月給47万6,000円",正社員,ドライバー,求人ボックス,https://xn--pckua2a7gp15o89zb.com/jbn/b9a96637cd26748aa75fdedd78185a3a,True,9時間前,2026-09-19 04:06:21,東京都
大手通販サイトの飲料配送ドライバー／未経験・ブランクOK／働き方の相談...新着,株式会社ジーズ,東京都,"日給1万9,300円",,ドライバー,求人ボックス,https://xn--pckua2a7gp15o89zb.com/jbn/d192436757fdae8b9c066b8a19b54ee4,True,23時間前,2026-09-19 04:06:24,東京都
日払い可能!小型の配送ドライバー／運べば運ぶほど稼げる 面接1回新着,JCSロジスコ株式会社,東京都,月給50万円～100万円,,ドライバー,求人ボックス,https://xn--pckua2a7gp15o89zb.com/jb/237b79ba5f698d4a5d26c548614411d6,True,9時間前,2026-09-19 04:06:28,東京都
「異業種からの転職歓迎」タクシードライバー／週3勤務／月収50万以上新着,経験を活かして始められる,東京都,"月給47万6,000円",正社員,ドライバー,求人ボックス,https://xn--pckua2a7gp15o89zb.com/jbn/8153871d0697995adb29ebdf804bd439,True,9時間前,2026-09-19 04:06:28,東京都
タクシードライバー「アプリ送迎メイン・月収50万可・賞与3回・残業なし新着,アプリ予約TAXI,東京都,"月給47万6,000円",正社員,ドライバー,求人ボックス,https://xn--pckua2a7gp15o89zb.com/jbn/70fe32e80009b5c9ec50b5ebc50565a9,True,9時間前,2026-09-19 04:06:31,東京都
GOアプリ配車対応のタクシードライバー／未経験歓迎／1年間給与保証新着,日本交通株式会社,東京都,"月給20万9,040円",正社員,ドライバー,求人ボックス,https://xn--pckua2a7gp15o89zb.com/jbn/9e485213959f5ae590298b2478409349,True,13時間前,2026-09-19 04:06:31,東京都
既存顧客の課題解決・担当エリアのドライバー管理新着,株式会社みつばモビリティ,東京都,月給25万円,正社員,ドライバー,求人ボックス,https://xn--pckua2a7gp15o89zb.com/jb/6407de1597e7c1c9568d613c74451d99,True,3時間前,2026-09-19 04:06:35,東京都
製造スタッフ／車・航空機製造／ライン作業 エンジン部品の製造 高収入新着,株式会社AKATSUKI,東京都,"月給38万6,000円",正社員,製造,求人ボックス,https://xn--pckua2a7gp15o89zb.com/jb/6e722cf8cbb1afe3b46c2ac7569d170b,True,4時間前,2026-09-19 04:06:16,東京都
製造スタッフ／ブランクOK／無料寮完備／倉庫／かんたん作業／製造新着,株式会社tocca,東京都,月給30万円～34万円,正社員,製造,求人ボックス,https://xn--pckua2a7gp15o89zb.com/jbn/af3debf5752cb63b1991bcf6e2bfbc45,True,23時間前,2026-09-19 04:06:16,東京都
「正社員で安定勤務!」／キャラクタードリンクラベルの製造スタッフ新着,製造,東京都,"月給43万7,000円",正社員,製造,求人ボックス,https://xn--pckua2a7gp15o89zb.com/jbn/af32a468476f8d3f109550ecb615d3bb,True,12時間前,2026-09-19 04:06:17,東京都
「未経験からグッズ製造へ!」／ゲーム配信用ステッカーの製造スタッフ新着,製造,東京都,"月給35万2,000円",正社員,製造,求人ボックス,https://xn--pckua2a7gp15o89zb.com/jbn/0201ae422eec96a52d972ab4acfa9dfc,True,12時間前,2026-09-19 04:06:21,東京都
食品工場での惣菜・ドレッシング製造スタッフ／未経験スタート多数新着,株式会社イカイプロダクト,東京都,"時給1,297円～1,622円",派遣社員,製造,求人ボックス,https://xn--pckua2a7gp15o89zb.com/jbn/7cb93a1c0702016331886c80d71f567d,True,20時間前,2026-09-19 04:06:21,東京都
「未経験から新生活へ!」／キャラクター下敷きの製造スタッフ新着,製造,東京都,"月給41万2,000円",正社員,製造,求人ボックス,https://xn--pckua2a7gp15o89zb.com/jbn/a7ade7313100c31bfd39b807945d4115,True,12時間前,2026-09-19 04:06:25,東京都
「未経験95%スタート!」／ゲーム柄キーボードカバーの製造スタッフ新着,製造,東京都,"月給41万7,000円",正社員,製造,求人ボックス,https://xn--pckua2a7gp15o89zb.com/jbn/4e7d73c7eb821c5b5d1206175e2d091a,True,12時間前,2026-09-19 04:06:25,東京都
「未経験からグッズ製造へ!」／キャラクターアクリルブロックの製造スタッフ／未経験歓迎新着,製造,東京都,"月給39万2,000円",正社員,製造,求人ボックス,https://xn--pckua2a7gp15o89zb.com/jbn/6a4932bd4ea8d9cf3420f5d833a80253,True,12時間前,2026-09-19 04:06:29,東京都
「未経験から新生活へ!」／キャラクター腕時計ベルトの製造スタッフ新着,製造,東京都,"月給37万2,000円",正社員,製造,求人ボックス,https://xn--pckua2a7gp15o89zb.com/jbn/ea832d445918e3bf7915970b1527dde3,True,12時間前,2026-09-19 04:06:29,東京都
「未経験95%スタート!」／ゲームセンター景品雑貨の製造スタッフ新着,製造,東京都,"月給36万7,000円",正社員,製造,求人ボックス,https://xn--pckua2a7gp15o89zb.com/jbn/0ea89129eef38b775d7d30f9a6dbc943,True,12時間前,2026-09-19 04:06:29,東京都
「はじめての製造正社員!」／カプセル入りアニメグッズの製造スタッフ新着,製造,東京都,"月給39万7,000円",正社員,製造,求人ボックス,https://xn--pckua2a7gp15o89zb.com/jbn/aaf18457bcc31a53c391a805debf7d96,True,12時間前,2026-09-19 04:06:32,東京都
「未経験95%スタート!」／キャラクターカトラリーの製造スタッフ新着,製造,東京都,"月給37万7,000円",正社員,製造,求人ボックス,https://xn--pckua2a7gp15o89zb.com/jbn/ca3d3076041dece50f2596d99352e50d,True,12時間前,2026-09-19 04:06:32,東京都
車・航空機製造／検査／製造スタッフ 即日入社 寮費無料／自動車エンジン...新着,ジョブストア株式会社,東京都,月給29万円～38万円,正社員,製造,求人ボックス,https://xn--pckua2a7gp15o89zb.com/jb/88ef154c4709c583a082d54b44b616e3,True,4時間前,2026-09-19 04:06:32,東京都
「天体望遠鏡の製造」新人スタッフ在籍／二交代・夜勤あり／Wi-Fiつき...新着,AspiRove株式会社,東京都,月給32万円,正社員,製造,求人ボックス,https://xn--pckua2a7gp15o89zb.com/jb/52e655f5e3f69359aa877400aefc8253,True,22時間前,2026-09-19 04:06:36,東京都
「未経験からグッズ製造へ!」／アニメ柄トートバッグの製造スタッフ新着,製造,東京都,"月給43万2,000円",正社員,製造,求人ボックス,https://xn--pckua2a7gp15o89zb.com/jbn/e0392c1bf2b20fd47ce80c64b2c4d9fe,True,12時間前,2026-09-19 04:06:36,東京都
製品を一つずつ丁寧に仕上げる!／製造スタッフ／未経験歓迎・研修あり新着,製造,東京都,月給27万円～33万円,正社員,製造,求人ボックス,https://xn--pckua2a7gp15o89zb.com/jbn/ac14c8a8d72b858d5320d707a6b1080c,True,14時間前,2026-09-19 04:06:36,東京都
製造スタッフ／工場・製造系 ア 機能式ベッドの組み立て／寮完備／高収入新着,株式会社STREAK,東京都,"時給1,550円～1,950円",アルバイト・パート,製造,求人ボックス,https://xn--pckua2a7gp15o89zb.com/jb/50601ca2ade56fc25ca1d3c07111f786,True,4時間前,2026-09-19 04:06:36,東京都
「香りに囲まれて働ける!」／ルームフレグランスの製造スタッフ／研修あり新着,株式会社Tetote,東京都,月給27万円～34万円,正社員,製造,求人ボックス,https://xn--pckua2a7gp15o89zb.com/jbn/16b8dbc4a7043c1090f73d0a9ec9cac4,True,16時間前,2026-09-19 04:06:40,東京都
「安定して働ける環境あり!」／製造スタッフ／寮費無料／コツコツ作業新着,株式会社SNJAPAN,東京都,月給27万円～34万円,正社員,製造,求人ボックス,https://xn--pckua2a7gp15o89zb.com/jbn/6ba347c986fe0a11c96846e0a2ea3ad6,True,16時間前,2026-09-19 04:06:45,東京都
暮らしに近い製品の製造スタッフ!／うちわケース部品の工場内サポート新着,製造,東京都,"月給34万8,000円",正社員,製造,求人ボックス,https://xn--pckua2a7gp15o89zb.com/jbn/d2362087814cd17c8292b9eb48839fbf,True,10時間前,2026-09-19 04:06:45,東京都
資格不要／プラスチックケースの製造Staff／未経験OK／軽作業新着,株式会社アテナスタイル,東京都,"月給29万4,000円",正社員,製造,求人ボックス,https://xn--pckua2a7gp15o89zb.com/jb/be96b407dc7c76b66723b7cbcd3bbe8e,True,4時間前,2026-09-19 04:06:45,東京都
「未経験から安定した仕事を」／製造スタッフ／高収入／福利厚生充実新着,製造,東京都,月給27万円～33万円,正社員,製造,求人ボックス,https://xn--pckua2a7gp15o89zb.com/jbn/376342c56f43ceb7070d87f0145255e0,True,14時間前,2026-09-19 04:06:49,東京都
「コツコツ検査作業!」自動車の内装パーツ製造スタッフ／20代から30代...新着,株式会社日本ケイテム,東京都,"時給1,500円～",アルバイト・パート,製造,求人ボックス,https://xn--pckua2a7gp15o89zb.com/jbn/ed23c88cc624e315ae87a688f284e6aa,True,19時間前,2026-09-19 04:06:49,東京都
駅直結型複合ビルの施設清掃スタッフ 未経験・ブランク可 主婦新着,株式会社Keishin,東京都,"時給1,300円～1,450円",アルバイト・パート,清掃,求人ボックス,https://xn--pckua2a7gp15o89zb.com/jb/5e23c23a78c5f7f71a6bf2e881170412,True,3時間前,2026-09-19 04:06:32,東京都
清掃スタッフ新着,有限会社アールシーサポート,東京都,月給23万円,正社員,清掃,求人ボックス,https://xn--pckua2a7gp15o89zb.com/jb/e3ab38b22142feb71e28c93ce4282330,True,17時間前,2026-09-19 04:06:32,東京都
民泊清掃スタッフ新着,八翔ビル管理株式会社,東京都,"時給1,500円～",アルバイト・パート,清掃,求人ボックス,https://xn--pckua2a7gp15o89zb.com/jb/2224aa733f6586b22a2dd9d436597a8a,True,20時間前,2026-09-19 04:06:32,東京都
清掃スタッフ／上野駅チカの商業施設新着,株式会社アメニティコーポレーション,東京都,"時給1,350円",アルバイト・パート,清掃,求人ボックス,https://xn--pckua2a7gp15o89zb.com/jb/0f8c2ff5d1804ea0dc594faa4af6aa4b,True,8時間前,2026-09-19 04:06:32,東京都
オフィスビル日常清掃スタッフ新着,株式会社豊栄美装,東京都,"時給1,500円",アルバイト・パート,清掃,求人ボックス,https://xn--pckua2a7gp15o89zb.com/jb/3cc45bf8464ef591f8a75e7151975a95,True,19時間前,2026-09-19 04:06:32,東京都
カフェ&菓子工房の日常清掃オープニングスタッフ新着,桑都ビル管理株式会社,東京都,"時給1,300円",アルバイト・パート,清掃,求人ボックス,https://xn--pckua2a7gp15o89zb.com/jb/204c7e5af185761eb470cdbd505287b1,True,9時間前,2026-09-19 04:06:32,東京都
清掃スタッフの代行!日払い制度あり!履歴書不要!カンタン応募!新着,株式会社CAREER,東京都,"時給1,300円～1,500円",派遣社員,清掃,求人ボックス,https://xn--pckua2a7gp15o89zb.com/jb/d24e814473485f79b66a3464947148e4,True,9時間前,2026-09-19 04:06:36,東京都
サービス付き高齢者向け住宅の清掃スタッフ新着,株式会社馬渕商事,東京都,"時給1,300円～",アルバイト・パート,清掃,求人ボックス,https://xn--pckua2a7gp15o89zb.com/jb/6b372a61437ba76644a878233453c6b1,True,14時間前,2026-09-19 04:06:36,東京都
マンション清掃スタッフ新着,株式会社クリーンテック,東京都,"時給1,300円",アルバイト・パート,清掃,求人ボックス,https://xn--pckua2a7gp15o89zb.com/jb/45d239c0a8273b4305b08dd83aec631b,True,23時間前,2026-09-19 04:06:36,東京都
オフィスビル清掃スタッフ新着,アドホック建物株式会社,東京都,"時給1,600円",アルバイト・パート,清掃,求人ボックス,https://xn--pckua2a7gp15o89zb.com/jb/2b8417188d46bc3264768cd2c9d5c9f2,True,4時間前,2026-09-19 04:06:36,東京都
マンション清掃スタッフ新着,日東ビルサービス株式会社,東京都,"時給1,300円～1,400円",アルバイト・パート,清掃,求人ボックス,https://xn--pckua2a7gp15o89zb.com/jb/91dadd26389b573c15606d7401a010e6,True,7時間前,2026-09-19 04:06:40,東京都
点検作業／病院内での病棟フロア清掃スタッフ／未経験歓迎／リモート面接O...新着,日研トータルソーシング株式会社,東京都,"時給1,350円～",派遣社員,清掃,求人ボックス,https://xn--pckua2a7gp15o89zb.com/jbn/a4c49d3c8af6eacdb8f762648c7b951c,True,23時間前,2026-09-19 04:06:40,東京都
清掃スタッフ・清掃／環境整備新着,八王子北部病院,東京都,"時給1,280円～",アルバイト・パート,清掃,求人ボックス,https://xn--pckua2a7gp15o89zb.com/jb/e325b5d8cd582b5ee70d53369f0e0423,True,6時間前,2026-09-19 04:06:43,東京都
施設の清掃スタッフ／火・木・土曜日の週3日勤務／実働4時間／未経験歓迎新着,株式会社クリーン工房,東京都,"時給1,280円～1,350円",アルバイト・パート,清掃,求人ボックス,https://xn--pckua2a7gp15o89zb.com/jb/c06d56d6c09d7b873915c59f6db637c4,True,11時間前,2026-09-19 04:06:43,東京都
マンションの清掃スタッフ新着,シンコーファシリティーズ株式会社,東京都,"時給1,280円",アルバイト・パート,清掃,求人ボックス,https://xn--pckua2a7gp15o89zb.com/jb/dd0f21bbd780008104a174cebb76e8e3,True,23時間前,2026-09-19 04:06:46,東京都
室内軽作業／ネイル・ピアス・派手髪OK／清掃補助スタッフ／経験も資格も新着,株式会社水研舎,東京都,"日給9,000円～",アルバイト・パート,清掃,求人ボックス,https://xn--pckua2a7gp15o89zb.com/jbn/04bdfc42800bd941a3dffb36bea0e5a3,True,18時間前,2026-09-19 04:06:50,東京都
清掃スタッフ新着,株式会社大興,東京都,"時給1,400円～",アルバイト・パート,清掃,求人ボックス,https://xn--pckua2a7gp15o89zb.com/jb/8f90d97482d7faa32a5947e83a4d85a9,True,18時間前,2026-09-19 04:06:50,東京都
パチンコ店の清掃スタッフ 笹塚駅徒歩2分 週2日・1日4h～OK!新着,株式会社ビーエムアドバンス,東京都,"時給1,300円",アルバイト・パート,清掃,求人ボックス,https://xn--pckua2a7gp15o89zb.com/jb/7aa0776ebb71c647d6247f529a584a96,True,4時間前,2026-09-19 04:06:50,東京都
オフィスの日常清掃スタッフ新着,株式会社アーネスト,東京都,"時給1,226円～",アルバイト・パート,清掃,求人ボックス,https://xn--pckua2a7gp15o89zb.com/jb/6ce7e0203d1b00d43127c70eb6ecd8d8,True,8時間前,2026-09-19 04:06:50,東京都
清掃スタッフ新着,日本管財株式会社 現場人事管理室,東京都,"月給22万5,000円",正社員,清掃,求人ボックス,https://xn--pckua2a7gp15o89zb.com/jb/52ae6bfb62578b5d4ea407fbfe2d6af9,True,10時間前,2026-09-19 04:06:53,東京都
清掃スタッフ／神奈川県内の定期清掃スタッフ新着,ザイマックスグループ,東京都,"日給1万1,497円",アルバイト・パート,清掃,求人ボックス,https://xn--pckua2a7gp15o89zb.com/jb/5ba2e728dafcd576f2fa51fc4ad9a5b7,True,5時間前,2026-09-19 04:06:53,東京都
清掃スタッフ 港区元麻布エリアのマンション新着,東急ビルメンテナンス株式会社,東京都,"時給1,500円",アルバイト・パート,清掃,求人ボックス,https://xn--pckua2a7gp15o89zb.com/jb/711ea82fd7373ebf86db01e845fdadba,True,3時間前,2026-09-19 04:06:53,東京都
大学内の清掃スタッフ新着,東京ビジネスサービス 株式会社 営業五部,東京都,"時給1,280円",アルバイト・パート,清掃,求人ボックス,https://xn--pckua2a7gp15o89zb.com/jb/ca9a68e4531c1d625e4c7ea9d8e0f86e,True,5時間前,2026-09-19 04:06:56,東京都
マンション清掃スタッフ新着,東葉ビル管理株式会社,東京都,"時給1,300円",アルバイト・パート,清掃,求人ボックス,https://xn--pckua2a7gp15o89zb.com/jb/5e8b661d12082a117e3e095c56785183,True,7時間前,2026-09-19 04:06:56,東京都
オフィスビルの清掃スタッフ新着,南信ビルサービス株式会社,東京都,"日給3,680円",アルバイト・パート,清掃,求人ボックス,https://xn--pckua2a7gp15o89zb.com/jb/85ff1246d0096addd45ce690bc4cad09,True,11時間前,2026-09-19 04:06:56,東京都
大田区大森 週2日からOK 平日の午前・短時間 オフィスビル清掃スタッフ新着,大星ビルメンテナンス株式会社,東京都,"時給1,300円～1,500円",アルバイト・パート,清掃,求人ボックス,https://xn--pckua2a7gp15o89zb.com/jb/48d403e15e2e56390a648e63b37ec956,True,17時間前,2026-09-19 04:06:59,東京都
清掃スタッフ「パート・アルバイト」／そよ風公式新着,株式会社SOYOKAZE,東京都,"時給1,280円",アルバイト・パート,清掃,求人ボックス,https://xn--pckua2a7gp15o89zb.com/jb/351c56efb9d6f199341f5e3303530ad2,True,2時間前,2026-09-19 04:06:59,東京都
歯科衛生士／ブランクのある方でも安心／未経験でもご指導いたします新着,土井歯科医院,千葉県,"時給1,700円～",アルバイト・パート,歯科,求人ボックス,https://xn--pckua2a7gp15o89zb.com/jb/3a3f7ccd31021023ea9f8202431b1ee3,True,1時間前,2026-09-19 04:07:03,千葉県
社会保険完備の職場で歯科衛生士新着,ほんだ歯科医院,千葉県,"時給2,000円～2,100円",アルバイト・パート,歯科,求人ボックス,https://xn--pckua2a7gp15o89zb.com/jb/abb476abeb56d16df6379952d746d3d7,True,6時間前,2026-09-19 04:07:03,千葉県
社会保険完備の職場で歯科衛生士新着,医療法人社団慎雅 いとう歯科クリニック,千葉県,"月給26万5,000円",正社員,歯科,求人ボックス,https://xn--pckua2a7gp15o89zb.com/jb/2f9439d788bbf2e7263c88422d06e5c1,True,6時間前,2026-09-19 04:07:03,千葉県
社会保険完備の職場で歯科衛生士新着,東松戸駅前歯科医院,千葉県,月給27万円～29万円,正社員,歯科,求人ボックス,https://xn--pckua2a7gp15o89zb.com/jb/c8cb05042724a5d5f182b7c61c380b44,True,6時間前,2026-09-19 04:07:03,千葉県
社会保険完備の職場で歯科衛生士新着,おいかわ歯科医院,千葉県,"月給27万5,000円",正社員,歯科,求人ボックス,https://xn--pckua2a7gp15o89zb.com/jb/d459c23ffb9fc919740c14d1ab733894,True,6時間前,2026-09-19 04:07:03,千葉県
歯科衛生士／2023年5月新規開院!予防、矯正歯科にチカラをいれたクリ...新着,柏の葉かみやま歯科・矯正歯科,千葉県,"時給2,000円～",アルバイト・パート,歯科,求人ボックス,https://xn--pckua2a7gp15o89zb.com/jb/441cb5f945416a7d18d13befb0228d1d,True,1時間前,2026-09-19 04:07:03,千葉県
社会保険完備の職場で歯科衛生士新着,歯科いとう成田,千葉県,"月給26万5,000円",正社員,歯科,求人ボックス,https://xn--pckua2a7gp15o89zb.com/jb/3065e2933aa3d00b294f3a0f0a7e4167,True,6時間前,2026-09-19 04:07:03,千葉県
歯科衛生士／休診日は毎週「月曜・日曜」の2連休 祝日振替もなしで年間休...新着,K&#039 sファミリー歯科,千葉県,月給27万円～,正社員,歯科,求人ボックス,https://xn--pckua2a7gp15o89zb.com/jb/d43ee4e2ec22c96dc2ea37b7daac2335,True,1時間前,2026-09-19 04:07:03,千葉県
歯科衛生士新着,伊東歯科医院,千葉県,"月給21万5,000円",正社員,歯科,求人ボックス,https://xn--pckua2a7gp15o89zb.com/jb/35bcc89a225f651f6fdcd6b67570d0ca,True,1時間前,2026-09-19 04:07:03,千葉県
歯科衛生士新着,佐倉市役所,千葉県,"月給27万3,327円",正社員,歯科,求人ボックス,https://xn--pckua2a7gp15o89zb.com/jb/a813c0fe537b6d25c34bdf097be12e13,True,12時間前,2026-09-19 04:07:03,千葉県
社会保険完備の職場で管理栄養士／栄養士新着,みつはし歯科・矯正歯科,千葉県,"月給24万2,000円",正社員,歯科,求人ボックス,https://xn--pckua2a7gp15o89zb.com/jb/c191bd921a8b6fe38fcf1b92f09f665f,True,6時間前,2026-09-19 04:07:03,千葉県
歯科医師・歯科医師募集、年齢不問新着,松戸デンタルクリニック,千葉県,"時給4,000円～8,000円",アルバイト・パート,歯科,求人ボックス,https://xn--pckua2a7gp15o89zb.com/jb/8448afb20347eec677d5538e8973d685,True,6時間前,2026-09-19 04:07:03,千葉県
訪問歯科コーディネーター 未経験OK 賞与年3回 残業ほぼナシ 直行直帰OK新着,株式会社ハーモニー21,千葉県,月給23万円～30万円,正社員,歯科,求人ボックス,https://xn--pckua2a7gp15o89zb.com/jb/b9846b7faf736258fe5032d4236266a9,True,16時間前,2026-09-19 04:07:03,千葉県
松戸駅徒歩3分の歯科医院の歯科助手／年間休日130日／20代・30代活躍中／無資格・未経験OK新着,医療法人社団松戸しいの木歯科医院,千葉県,"月給22万5,000円",正社員,歯科,求人ボックス,https://xn--pckua2a7gp15o89zb.com/jb/58a7c7158ae794685da6718a20d27af5,True,13時間前,2026-09-19 04:07:03,千葉県
歯科衛生士／勤務日数など相談可能 マイカー通勤OK!優しく丁寧な対応が...新着,よしい歯科医院,千葉県,"時給2,000円～",アルバイト・パート,歯科,求人ボックス,https://xn--pckua2a7gp15o89zb.com/jb/cc031c2f487d5b353480ef7ee42cc842,True,16時間前,2026-09-19 04:07:03,千葉県
歯科衛生士／未経験・ブランクOK 社内研修制度あり マイカー新着,鶴沢歯科クリニック,千葉県,"時給1,600円～",アルバイト・パート,歯科,求人ボックス,https://xn--pckua2a7gp15o89zb.com/jb/cb0817ef09a72754f9b2a801d9de6a8e,True,16時間前,2026-09-19 04:07:03,千葉県
ツールの新規開発／保守／運用等新着,パーソルクロステクノロジー株式会社,東京都,"時給2,200円～2,300円",派遣社員,派遣,求人ボックス,https://xn--pckua2a7gp15o89zb.com/jb/842ec35cdf7555c10912e47d346dc005,True,3時間前,2026-09-19 04:06:40,東京都
履歴書無し!自宅からサクッとカンタンWEB応募!時給1600円!日払い制度あり!新着,株式会社CAREER,東京都,時給1600円,派遣社員,派遣,求人ボックス,https://xn--pckua2a7gp15o89zb.com/jb/9324e2c83233193396d31a6709577d49,True,9時間前,2026-09-19 04:06:40,東京都
介護スタッフ／特別養護老人ホームで勤務!20代～30代活躍中／無資格スタート応援!夜勤のみ新着,株式会社ベネッセキャリオス,東京都,"時給1,875円",派遣社員,派遣,求人ボックス,https://xn--pckua2a7gp15o89zb.com/jbn/7cec9d9edda32dfc182f1ef483cf3189,True,20時間前,2026-09-19 04:06:41,東京都
軽作業／プラント管理および受付管理業務／土日休み／リモート面接OK／足立区小台新着,日研トータルソーシング株式会社,東京都,"時給1,700円～",派遣社員,派遣,求人ボックス,https://xn--pckua2a7gp15o89zb.com/jbn/d241dd0b9fd756c5f428eaefcc921f4f,True,22時間前,2026-09-19 04:06:41,東京都
派遣会社スタッフの各種証明書作成事務／短期11月末まで／土日祝休み／時短勤務新着,株式会社ベルシステム24,東京都,"時給1,500円",アルバイト・パート,派遣,求人ボックス,https://xn--pckua2a7gp15o89zb.com/jb/7f30020fa3d95fb138756fbe6212be58,True,22時間前,2026-09-19 04:06:45,東京都
大手関連債権回収・債権管理サービスのテレオペ 10月スタート 経験必須!江戸川橋駅周辺!新着,株式会社アヴァンティスタッフ,東京都,"時給1,680円",派遣社員,派遣,求人ボックス,https://xn--pckua2a7gp15o89zb.com/jb/d08af460b3d59b04317ba8b4cc3e9388,True,16時間前,2026-09-19 04:06:45,東京都
介護職・ヘルパー／練馬区の有料老人ホーム／週2～可!前払いok!／シニア活躍!派遣のお仕事新着,レジオール,東京都,"時給1,875円～",派遣社員,派遣,求人ボックス,https://xn--pckua2a7gp15o89zb.com/jb/61270ce8fb4e973cdc39938e2fa9ff9b,True,23時間前,2026-09-19 04:06:45,東京都
高1900円 大手ハウスメーカーでアテンド&事務新着,...住宅・建築業界で働く/残業なし/残業少なめ(20H以下)/シフト制/大手・有名企業/20代活躍中/30代活躍中/,東京都,"時給1,900円",派遣社員,派遣,求人ボックス,https://xn--pckua2a7gp15o89zb.com/jb/5569d54ffead1a03b53016ec2ce0d52e,True,12時間前,2026-09-19 04:06:47,東京都
派遣会社のスタッフ支援・フォロー担当新着,株式会社バックスグループ カスタマーサービス部,東京都,"時給1,700円",契約社員,派遣,求人ボックス,https://xn--pckua2a7gp15o89zb.com/jbn/ee19450a4cf9a5569c91f859f62f121b,True,18時間前,2026-09-19 04:06:47,東京都
「「大人気!日勤×土日祝休み!」」ボードゲームなどの倉庫内軽作業新着,セブンエージェント株式会社,東京都,"時給1,300円～",派遣社員,派遣,求人ボックス,https://xn--pckua2a7gp15o89zb.com/jb/17f3d444d0062a23e4d5a469157d5fe0,True,19時間前,2026-09-19 04:06:47,東京都
目黒区の調理師／認可保育所の調理スタッフ 派遣調理師／週5日で安定収入／日払い・週払い新着,グッドネクスト,東京都,"時給1,500円",派遣社員,派遣,求人ボックス,https://xn--pckua2a7gp15o89zb.com/jb/c1aa2ed5c63666beffabd7d0bde02869,True,23時間前,2026-09-19 04:06:47,東京都
介護士新着,株式会社グッドネクスト,東京都,"時給1,700円～",派遣社員,派遣,求人ボックス,https://xn--pckua2a7gp15o89zb.com/jb/2bd09b041f44fe956a690ff16bd2b2e4,True,18時間前,2026-09-19 04:06:50,東京都
人事事務スタッフ／人事事務スタッフ@中央区晴海 20～40代の男女スタッフ活躍中新着,株式会社ミライル,東京都,"時給1,800円",派遣社員,派遣,求人ボックス,https://xn--pckua2a7gp15o89zb.com/jb/f9a9dab1089a5a68958614b4e0a2f17d,True,15時間前,2026-09-19 04:06:50,東京都
一般事務新着,株式会社リクルートスタッフィング,東京都,"時給1,650円～",派遣社員,派遣,求人ボックス,https://xn--pckua2a7gp15o89zb.com/jb/fcfe0c88853cb3f0ead37e5161e036b6,True,19時間前,2026-09-19 04:06:50,東京都
月の半分在宅可 大手有名グループ商社で貿易事務新着,アデコ株式会社,東京都,"時給1,800円～",派遣社員,派遣,求人ボックス,https://xn--pckua2a7gp15o89zb.com/jb/34239720a9a5480dcb7f621fb4736827,True,2時間前,2026-09-19 04:06:54,東京都
火災保険の見積書作成などの事務新着,旭化成アミダス株式会社,東京都,"時給1,800円",派遣社員,派遣,求人ボックス,https://xn--pckua2a7gp15o89zb.com/jb/ccaa940a067afb160c3f64835fe850f4,True,15時間前,2026-09-19 04:06:54,東京都
投資信託に関するコールセンタースタッフ新着,株式会社セゾンパーソナルプラス,東京都,"時給2,000円",派遣社員,派遣,求人ボックス,https://xn--pckua2a7gp15o89zb.com/jb/1ae3eea49102c10f9ef5aa750f035352,True,19時間前,2026-09-19 04:06:54,東京都
テレビ業界で働いてみたいっていう未経験の人を募集します／正社員登用あり新着,株式会社インパクト,東京都,月給21万円～30万円,正社員,派遣,求人ボックス,https://xn--pckua2a7gp15o89zb.com/jbn/00949592d3193db05c575ae4d608e496,True,23時間前,2026-09-19 04:06:56,東京都
週3日勤務で夕方のみのオフィスビル内日常清掃／扶養内・WワークOK新着,株式会社サンワックス,東京都,"時給1,400円",アルバイト・パート,派遣,求人ボックス,https://xn--pckua2a7gp15o89zb.com/jb/95a854d1d199450598f0aeb67f25520d,True,11時間前,2026-09-19 04:06:56,東京都
奈良市エリア!「事務STAFF」 未経験からはじめる事務STAFF／マンパワーGの安定雇用!土日祝休新着,株式会社ディンプル,東京都,"月給19万2,000円",正社員,派遣,求人ボックス,https://xn--pckua2a7gp15o89zb.com/jb/b84a9d7f6a61a16fafab27d7b101d4a1,True,10時間前,2026-09-19 04:06:56,東京都
DTPオペレーター ノベルティ・販促物制作 渋谷駅5分・残業月10h以内新着,株式会社フェローズ,東京都,"時給1,700円～1,750円",派遣社員,派遣,求人ボックス,https://xn--pckua2a7gp15o89zb.com/jb/d69e2e6adbf48e726b2e80829b84d97a,True,14時間前,2026-09-19 04:07:01,東京都
リゾートバイト／バイキングレストランサービス新着,株式会社ダイブ,東京都,"時給1,300円～",派遣社員,派遣,求人ボックス,https://xn--pckua2a7gp15o89zb.com/jb/f05281d09394e5d917db36fd4e1c117b,True,22時間前,2026-09-19 04:07:01,東京都
⼈事労務職／幅広い人事業務にチャレンジ／年休125日／賞与年2回／ワークライフバランス新着,株式会社オークコーポレーション,東京都,"月給24万7,540円",正社員,派遣,求人ボックス,https://xn--pckua2a7gp15o89zb.com/jb/b7312286bcbb1e3ac9a8835b004ed842,True,10時間前,2026-09-19 04:07:01,東京都
一般事務・OA事務 ／ 営業事務／事務未経験OK 長期 事務サポート 残業なし新着,パーソルテンプスタッフ株式会社,東京都,"時給1,700円",派遣社員,派遣,求人ボックス,https://xn--pckua2a7gp15o89zb.com/jb/53ce27c781d4bb5708e4f9de37a9ad27,True,18時間前,2026-09-19 04:07:05,東京都
人材コーディネーター／新宿駅徒歩3分／年間休日126日／土日祝休み／賞与年3回／フレックス制度あり新着,株式会社日本パーソナルビジネス,東京都,"月給29万1,100円",正社員,派遣,求人ボックス,https://xn--pckua2a7gp15o89zb.com/jb/d008c845eb69b499540a33f918f51803,True,9時間前,2026-09-19 04:07:05,東京都
200／2-01／200／2-01dummmymmmmmmmmy／オープニング大募集新着,東西株式会社,東京都,月給26万円,正社員,派遣,求人ボックス,https://xn--pckua2a7gp15o89zb.com/jb/ce1f538321eb21c15a714258069d7838,True,10時間前,2026-09-19 04:07:08,東京都
大手建設コンサルでCADオペ新着,ヒューマンリソシア株式会社,東京都,"時給2,000円",派遣社員,派遣,求人ボックス,https://xn--pckua2a7gp15o89zb.com/jb/4abab5872deac95e55f0415ee91f2b48,True,6時間前,2026-09-19 04:07:08,東京都
デニーズの店舗スタッフ 飲食経験者 年休120日以上 7連休年2回新着,株式会社デニーズジャパン,東京都,月給23万円～40万円,正社員,飲食,求人ボックス,https://xn--pckua2a7gp15o89zb.com/jb/ef62945395d6ce18eb4179000d3c67ae,True,3時間前,2026-09-19 04:06:53,東京都
食品販売 ／ 接客・サービス業務／10時～19時 時給1700円新着,パーソルテンプスタッフ株式会社,東京都,時給1700円,派遣社員,飲食,求人ボックス,https://xn--pckua2a7gp15o89zb.com/jb/4f26e1d7a40f258b8ebedb45f3e87990,True,16時間前,2026-09-19 04:06:53,東京都
レストラン・専門料理店／シフト制／週休2日制／主婦・主夫歓迎新着,株式会社NEXT STAGE,東京都,月給35万円～50万円,正社員,飲食,求人ボックス,https://xn--pckua2a7gp15o89zb.com/jbn/27054623091c662b41a05efa78805552,True,12時間前,2026-09-19 04:06:53,東京都
レストラン・専門料理店新着,株式会社稲田屋本店,東京都,月給25万円～33万円,正社員,飲食,求人ボックス,https://xn--pckua2a7gp15o89zb.com/jbn/909b003b3b0a9d00aafa105e12af8988,True,13時間前,2026-09-19 04:06:53,東京都
レストラン・専門料理店新着,株式会社エー・ピーホールディングス,東京都,月給28万円～40万円,正社員,飲食,求人ボックス,https://xn--pckua2a7gp15o89zb.com/jbn/3bc6ef792e1c757aa3a389c178a0de42,True,12時間前,2026-09-19 04:06:53,東京都
レストラン・専門料理店／賞与あり／学歴不問／週休2日制新着,ヴィラズジャパン株式会社,東京都,月給28万円～32万円,正社員,飲食,求人ボックス,https://xn--pckua2a7gp15o89zb.com/jbn/14b4ce3d114c351cc2f40d3ca780a773,True,12時間前,2026-09-19 04:06:53,東京都
レストラン・専門料理店新着,株式会社越後屋,東京都,月給28万円～50万円,正社員,飲食,求人ボックス,https://xn--pckua2a7gp15o89zb.com/jbn/5b1114c190005bde869830bec1c5580b,True,13時間前,2026-09-19 04:06:54,東京都
レストラン・専門料理店新着,株式会社ワルツ,東京都,"月給25万5,000円",正社員,飲食,求人ボックス,https://xn--pckua2a7gp15o89zb.com/jbn/36bbc8881c18d7844ee4f7a7c9b6e0d8,True,12時間前,2026-09-19 04:06:54,東京都
レストラン・専門料理店新着,株式会社スプラウトインベストメント,東京都,"月給26万2,000円",正社員,飲食,求人ボックス,https://xn--pckua2a7gp15o89zb.com/jbn/1a5b03132ca286901659fc60ce69c490,True,12時間前,2026-09-19 04:06:54,東京都
レストラン・専門料理店新着,株式会社凪スピリッツジャパン,東京都,月給30万円～38万円,正社員,飲食,求人ボックス,https://xn--pckua2a7gp15o89zb.com/jbn/73043a3e62531a582f0be9e1c5093a07,True,13時間前,2026-09-19 04:06:54,東京都
レストラン・専門料理店新着,株式会社ストロングスタイル,東京都,月給32万円～35万円,正社員,飲食,求人ボックス,https://xn--pckua2a7gp15o89zb.com/jbn/9338183854239ca5ce480b8cbd20f86b,True,13時間前,2026-09-19 04:06:54,東京都
レストラン・専門料理店新着,株式会社シティビルサービス,東京都,月給23万円～30万円,正社員,飲食,求人ボックス,https://xn--pckua2a7gp15o89zb.com/jbn/30b1a1669b4d58396e03014a73ef2e8b,True,13時間前,2026-09-19 04:06:54,東京都
レストラン・専門料理店新着,株式会社EIGHT,東京都,月給39万円～45万円,正社員,飲食,求人ボックス,https://xn--pckua2a7gp15o89zb.com/jbn/3542743d44f9a1ad0efcb1eddb700d9b,True,13時間前,2026-09-19 04:06:54,東京都
レストラン・専門料理店新着,株式会社魚金,東京都,月給28万円～35万円,正社員,飲食,求人ボックス,https://xn--pckua2a7gp15o89zb.com/jbn/160117cde4a47ec9f56eec8a1635f675,True,13時間前,2026-09-19 04:06:54,東京都
レストラン・専門料理店新着,株式会社イデア,東京都,月給28万円～40万円,正社員,飲食,求人ボックス,https://xn--pckua2a7gp15o89zb.com/jbn/bab206a328f9f1f8520eb5692e97536d,True,13時間前,2026-09-19 04:06:59,東京都
レストラン・専門料理店新着,俺の株式会社,東京都,月給30万円～42万,正社員,飲食,求人ボックス,https://xn--pckua2a7gp15o89zb.com/jbn/4880a3088f07f97f1a3be6eea7437b41,True,12時間前,2026-09-19 04:06:59,東京都
レストラン・専門料理店新着,株式会社エピエリ,東京都,月給25万円～35万円,正社員,飲食,求人ボックス,https://xn--pckua2a7gp15o89zb.com/jbn/f07eb1a5e9dd63688c5fd5134aba05a7,True,13時間前,2026-09-19 04:06:59,東京都
レストラン・専門料理店新着,株式会社東京豚饅,東京都,月給28万円～33万円,正社員,飲食,求人ボックス,https://xn--pckua2a7gp15o89zb.com/jbn/ab912b17bb636c84f15ab5a74a97c51c,True,13時間前,2026-09-19 04:06:59,東京都
レストラン・専門料理店新着,株式会社ビーケー・ジャパン,東京都,"月給24万3,000円",正社員,飲食,求人ボックス,https://xn--pckua2a7gp15o89zb.com/jbn/ba9c4861cc7e57c3123602e0c236c12f,True,13時間前,2026-09-19 04:06:59,東京都
レストラン・専門料理店新着,株式会社帝国ホテルエンタープライズ,東京都,"月給27万5,500円",契約社員,飲食,求人ボックス,https://xn--pckua2a7gp15o89zb.com/jbn/7886075929f358de36ad775cec03cb3a,True,12時間前,2026-09-19 04:06:59,東京都
レストラン・専門料理店新着,株式会社プロダクトオブタイム,東京都,月給28万円～33万円,正社員,飲食,求人ボックス,https://xn--pckua2a7gp15o89zb.com/jbn/5bb8fffd304b9b9445781c999145f76c,True,13時間前,2026-09-19 04:06:59,東京都
レストラン・専門料理店新着,株式会社EVERYFOOD,東京都,月給21万円～27万円,正社員,飲食,求人ボックス,https://xn--pckua2a7gp15o89zb.com/jbn/d55b37f9a9aa77dcd50a2dc95d1850cf,True,12時間前,2026-09-19 04:06:59,東京都
レストラン・専門料理店新着,株式会社ハロー,東京都,月給23万円～25万円,正社員,飲食,求人ボックス,https://xn--pckua2a7gp15o89zb.com/jbn/7303d52950f21094a86d76ceadd6bedb,True,13時間前,2026-09-19 04:07:03,東京都
レストラン・専門料理店新着,Captain In Japan株式会社,東京都,月給32万円～38万円,正社員,飲食,求人ボックス,https://xn--pckua2a7gp15o89zb.com/jbn/a60cf2ecae7ecc379ab9add4d8a4c9a0,True,13時間前,2026-09-19 04:07:03,東京都
レストラン・専門料理店新着,株式会社ジリオン,東京都,月給30万円～40万円,正社員,飲食,求人ボックス,https://xn--pckua2a7gp15o89zb.com/jbn/fe8bf7babe4fa09c12fa4f17d4903a6d,True,13時間前,2026-09-19 04:07:03,東京都
レストラン・専門料理店新着,株式会社クロスピレーション,東京都,月給30万円～38万円,正社員,飲食,求人ボックス,https://xn--pckua2a7gp15o89zb.com/jbn/7971f78cecc2a552d6cccb7f224ab7c3,True,13時間前,2026-09-19 04:07:03,東京都
レストラン・専門料理店新着,株式会社LADUREE JAPON,東京都,月給29万円～35万円,正社員,飲食,求人ボックス,https://xn--pckua2a7gp15o89zb.com/jbn/fdfb9d7a0a6cd4ca472ef22e87b89fbb,True,13時間前,2026-09-19 04:07:03,東京都
レストラン・専門料理店新着,株式会社ポジティブドリームパーソンズ,東京都,"月給27万3,460円",正社員,飲食,求人ボックス,https://xn--pckua2a7gp15o89zb.com/jbn/cc2d38a466f498f08d93fb3d7b643b93,True,13時間前,2026-09-19 04:07:03,東京都
レストラン・専門料理店新着,株式会社吉むすび,東京都,月給29万円～35万円,正社員,飲食,求人ボックス,https://xn--pckua2a7gp15o89zb.com/jbn/0fa8753512415b61a5d1e7c9fd51bef0,True,13時間前,2026-09-19 04:07:06,東京都
レストラン・専門料理店新着,株式会社エルドラド,東京都,月給30万円～42万円,正社員,飲食,求人ボックス,https://xn--pckua2a7gp15o89zb.com/jbn/d7f1efb69f1f860d53b59aeee8c124d3,True,12時間前,2026-09-19 04:07:06,東京都
レストラン・専門料理店新着,株式会社ノムノ,東京都,月給35万円～40万円,正社員,飲食,求人ボックス,https://xn--pckua2a7gp15o89zb.com/jbn/616c30053c84af19a91ab4e36aef66b5,True,13時間前,2026-09-19 04:07:06,東京都
レストラン・専門料理店新着,株式会社ガーデン,東京都,月給25万円～32万,正社員,飲食,求人ボックス,https://xn--pckua2a7gp15o89zb.com/jbn/6971cc3b3bb52c2db938599055f9eb6f,True,12時間前,2026-09-19 04:07:06,東京都
レストラン・専門料理店新着,株式会社FTGフーズ,東京都,"月給31万9,000円",正社員,飲食,求人ボックス,https://xn--pckua2a7gp15o89zb.com/jbn/83cbe27edc786724782636c06b9cd6bb,True,13時間前,2026-09-19 04:07:06,東京都
レストラン・専門料理店新着,株式会社オーイズミフーズ,東京都,月給30万円～43万円,正社員,飲食,求人ボックス,https://xn--pckua2a7gp15o89zb.com/jbn/7b3c65575acdc667178c7aaf1456cb16,True,13時間前,2026-09-19 04:07:06,東京都
レストラン・専門料理店新着,株式会社WIVI,東京都,月給32万円,正社員,飲食,求人ボックス,https://xn--pckua2a7gp15o89zb.com/jbn/65548fb512ced4548d02bd6e531062e9,True,12時間前,2026-09-19 04:07:10,東京都
レストラン・専門料理店新着,株式会社BBC,東京都,月給40万円～60万円,正社員,飲食,求人ボックス,https://xn--pckua2a7gp15o89zb.com/jbn/2ea41a715874d76b5d0024add8338c8e,True,12時間前,2026-09-19 04:07:10,東京都
レストラン・専門料理店新着,株式会社JIN DIN ROU,東京都,月給38万円～40万円,正社員,飲食,求人ボックス,https://xn--pckua2a7gp15o89zb.com/jbn/62c26651536f1442fc5711df3dd92c9f,True,12時間前,2026-09-19 04:07:14,東京都
レストラン・専門料理店新着,株式会社レストラン京王,東京都,月給24万円～30万円,正社員,飲食,求人ボックス,https://xn--pckua2a7gp15o89zb.com/jbn/6f40e91c8312e3c2b5d221b53e7e7b9a,True,13時間前,2026-09-19 04:07:14,東京都
レストラン・専門料理店新着,株式会社聖林公司,東京都,"月給21万5,000円",正社員,飲食,求人ボックス,https://xn--pckua2a7gp15o89zb.com/jbn/4d9eafefb1415bc8093acfe1db7ad453,True,13時間前,2026-09-19 04:07:14,東京都
レストラン・専門料理店新着,株式会社ヒューマンウェブ,東京都,"月給37万7,922円",正社員,飲食,求人ボックス,https://xn--pckua2a7gp15o89zb.com/jbn/ed6c2ba17b52064f321fc9c31c29e272,True,12時間前,2026-09-19 04:07:14,東京都
レストラン・専門料理店／社会保険完備／ブランクOK／賞与あり新着,株式会社フクナガ,東京都,"月給23万5,000円",正社員,飲食,求人ボックス,https://xn--pckua2a7gp15o89zb.com/jbn/c523945ccace57575ca500dcd00a46c5,True,13時間前,2026-09-19 04:07:14,東京都
精肉部門サブチーフ／フリーター歓迎／ブランクOK／経験者優遇新着,株式会社スーパーバリュー,東京都,"月給28万5,000円",正社員,飲食,求人ボックス,https://xn--pckua2a7gp15o89zb.com/jbn/645a521dbec7dc16ad7b4072d7ef4b72,True,13時間前,2026-09-19 04:07:14,東京都
レストラン・専門料理店新着,オリックス・ホテルマネジメント株式会社,東京都,月給25万円～35万円,正社員,飲食,求人ボックス,https://xn--pckua2a7gp15o89zb.com/jbn/29f1628e90ac8972630ebf3a34e4e6b5,True,13時間前,2026-09-19 04:07:14,東京都
レストラン・専門料理店新着,株式会社一家ダイニングプロジェクト,東京都,月給25万円～33万,正社員,飲食,求人ボックス,https://xn--pckua2a7gp15o89zb.com/jbn/68f3480c6168f33be0b361c3394bf35a,True,13時間前,2026-09-19 04:07:18,東京都
レストラン・専門料理店新着,株式会社ドリームリンク,東京都,"月給28万5,000円",正社員,飲食,求人ボックス,https://xn--pckua2a7gp15o89zb.com/jbn/4258e6c88b35e98c5d463b03afde44a1,True,13時間前,2026-09-19 04:07:18,東京都
レストラン・専門料理店新着,株式会社フレスコ関東,東京都,月給30万円～37万円,正社員,飲食,求人ボックス,https://xn--pckua2a7gp15o89zb.com/jbn/a4b3809d900f804d4860557a9234add9,True,13時間前,2026-09-19 04:07:18,東京都
レストラン・専門料理店新着,株式会社エスエルディー,東京都,月給32万円～40万円,正社員,飲食,求人ボックス,https://xn--pckua2a7gp15o89zb.com/jbn/55a4396583a2def52b1353777e3714d0,True,12時間前,2026-09-19 04:07:18,東京都
レストラン・専門料理店新着,株式会社ジェイグループホールディングス,東京都,月給29万円～35万円,正社員,飲食,求人ボックス,https://xn--pckua2a7gp15o89zb.com/jbn/c2ebbef43ddf5250b12013f9d57b1957,True,13時間前,2026-09-19 04:07:18,東京都
レストラン・専門料理店新着,株式会社山の上ホテル,東京都,月給22万円～32万円,正社員,飲食,求人ボックス,https://xn--pckua2a7gp15o89zb.com/jbn/45011f8819d49d4faacac31e475b303f,True,13時間前,2026-09-19 04:07:22,東京都
レストラン・専門料理店新着,株式会社Ego,東京都,月給25万円～33万円,正社員,飲食,求人ボックス,https://xn--pckua2a7gp15o89zb.com/jbn/fe3f6ae41a638698fffbf21baada05af,True,13時間前,2026-09-19 04:07:22,東京都
レストラン・専門料理店新着,株式会社サイプレス,東京都,月給35万円～45万円,正社員,飲食,求人ボックス,https://xn--pckua2a7gp15o89zb.com/jbn/7f70a45cf1d1abb7d7160131fbb9102f,True,12時間前,2026-09-19 04:07:22,東京都
レストラン・専門料理店新着,株式会社Ego,東京都,月給25万円～33万円,正社員,飲食,求人ボックス,https://xn--pckua2a7gp15o89zb.com/jbn/20ec2957f93fc593242a7e5fb5df46ad,True,13時間前,2026-09-19 04:07:25,東京都
レストラン・専門料理店新着,株式会社利久,東京都,月給25万円～35万円,正社員,飲食,求人ボックス,https://xn--pckua2a7gp15o89zb.com/jbn/45cd2b746634cfc84cc28b62c8b3f29a,True,12時間前,2026-09-19 04:07:25,東京都
レストラン・専門料理店新着,株式会社FTG Company,東京都,月給25万円～29万円,正社員,飲食,求人ボックス,https://xn--pckua2a7gp15o89zb.com/jbn/21e2818b154bcdd02bf3d96230eaea89,True,12時間前,2026-09-19 04:07:25,東京都
レストラン・専門料理店新着,株式会社サイプレス,東京都,月給35万円～45万円,正社員,飲食,求人ボックス,https://xn--pckua2a7gp15o89zb.com/jbn/9ada95a5e40b9c4252b70d6774453325,True,12時間前,2026-09-19 04:07:25,東京都
レストラン・専門料理店新着,株式会社U-MORE,東京都,月給35万円～40万円,正社員,飲食,求人ボックス,https://xn--pckua2a7gp15o89zb.com/jbn/27839fbeaadeabd2fe5e96df25edd1b1,True,13時間前,2026-09-19 04:07:25,東京都
レストラン・専門料理店新着,株式会社ジュネストリー,東京都,月給30万円～45万円,正社員,飲食,求人ボックス,https://xn--pckua2a7gp15o89zb.com/jbn/7c924e386d4e3f7257318d576b6c3d78,True,13時間前,2026-09-19 04:07:25,東京都
レストラン・専門料理店新着,株式会社THE CREAM OF THE CRO...,東京都,月給25万円～30万円,正社員,飲食,求人ボックス,https://xn--pckua2a7gp15o89zb.com/jbn/173586832863f17f273e467ed9ccb89d,True,13時間前,2026-09-19 04:07:25,東京都
レストラン・専門料理店新着,株式会社Suage Japan,東京都,月給35万円～40万円,正社員,飲食,求人ボックス,https://xn--pckua2a7gp15o89zb.com/jbn/afcb65732ead88fee60c1a58dd589523,True,13時間前,2026-09-19 04:07:25,東京都
介護職・ヘルパー／特別養護老人ホームで勤務!20代～30代活躍中新着,株式会社ベネッセキャリオス,千葉県,"時給1,600円",派遣社員,介護,求人ボックス,https://xn--pckua2a7gp15o89zb.com/jbn/620d5c7cda9a5dd94ce80e2e07bd6119,True,20時間前,2026-09-19 04:07:07,千葉県
グループホームでの介護職／年間休日117日以上／福利厚生が充実新着,株式会社レガート,千葉県,月給28万円～,正社員,介護,求人ボックス,https://xn--pckua2a7gp15o89zb.com/jb/ad1ad38d768fbcde06acb7fcb4b9b8e8,True,6時間前,2026-09-19 04:07:07,千葉県
介護職・ホームヘルパー／駅チカ!高時給!2シフトOK!週3日以上新着,株式会社ee link,千葉県,"時給1,600円～1,800円",派遣社員,介護,求人ボックス,https://xn--pckua2a7gp15o89zb.com/jb/d2ee4d493243210de91da57d985baf9a,True,23時間前,2026-09-19 04:07:11,千葉県
夜勤専従の介護職・ヘルパー／市川市の有料老人ホーム／前払いok!新着,レジオール,千葉県,"日給3万3,150円",派遣社員,介護,求人ボックス,https://xn--pckua2a7gp15o89zb.com/jb/6a068cdb6289730749585bed9b7cbd59,True,23時間前,2026-09-19 04:07:13,千葉県
介護職／定員5名のグループホームでの介護業務／未経験・ブランクOK新着,合同会社NEXT,千葉県,"時給1,200円～1,260円",正社員,介護,求人ボックス,https://xn--pckua2a7gp15o89zb.com/jb/d819ea034ba99ff8b08872a6a5b2c9d2,True,23時間前,2026-09-19 04:07:13,千葉県
デイサービスの介護職新着,介護,千葉県,"時給1,400円～",アルバイト・パート,介護,求人ボックス,https://xn--pckua2a7gp15o89zb.com/jb/18429d9bbcbadc81e5457bcc87ff31e9,True,9時間前,2026-09-19 04:07:17,千葉県
習志野市の介護士／有料老人ホームでの介護職求人 派遣介護士新着,グッドネクスト,千葉県,"時給1,700円",派遣社員,介護,求人ボックス,https://xn--pckua2a7gp15o89zb.com/jb/460b20486ab3cbd2c85e2ad82f625c22,True,23時間前,2026-09-19 04:07:17,千葉県
訪問介護スタッフ・社会保険完備の職場で介護職／ヘルパー新着,ニチイメゾン西千葉,千葉県,"月給27万1,000円",正社員,介護,求人ボックス,https://xn--pckua2a7gp15o89zb.com/jb/df82d8eefe41b495a54d40e94bebe647,True,6時間前,2026-09-19 04:07:21,千葉県
ショートステイ 夜勤専従介護職「パート・アルバイト」／そよ風公式新着,株式会社SOYOKAZE,千葉県,"時給1,420円～1,520円",アルバイト・パート,介護,求人ボックス,https://xn--pckua2a7gp15o89zb.com/jb/e4aedbfcad3c144f6924dc55258be641,True,2時間前,2026-09-19 04:07:25,千葉県
介護職／サ高住新着,八千代ケアコミュニティそよ風,千葉県,"時給1,420円～1,520円",アルバイト・パート,介護,求人ボックス,https://xn--pckua2a7gp15o89zb.com/jb/1a6fb9d02a0851d531e6f5d847f1c1f8,True,1時間前,2026-09-19 04:07:25,千葉県
介護職新着,創生会グループ,千葉県,"日給2万3,800円",アルバイト・パート,介護,求人ボックス,https://xn--pckua2a7gp15o89zb.com/jb/263fc5fb101c3cf4cdef143e9112ceef,True,8時間前,2026-09-19 04:07:25,千葉県
通所介護・デイサービス勤務の介護職／ヘルパー新着,デイサービスcarelabo西千葉,千葉県,"時給1,140円～",アルバイト・パート,介護,求人ボックス,https://xn--pckua2a7gp15o89zb.com/jb/c99ed0f658f83b819abcf909c3a4377d,True,6時間前,2026-09-19 04:07:30,千葉県
社会保険完備の職場で介護職／ヘルパー新着,住宅型有料老人ホーム 夢眠もばら,千葉県,"月給31万7,100円",正社員,介護,求人ボックス,https://xn--pckua2a7gp15o89zb.com/jb/716a9418ca71e4803bd303451dd590c7,True,6時間前,2026-09-19 04:07:30,千葉県
「初任者研修」介護職「訪問介護」／時給1800円～2638円／週1日新着,ポピンズVIPケアサービス,千葉県,時給1800円～2638円,,介護,求人ボックス,https://xn--pckua2a7gp15o89zb.com/jbn/1f7c5b42e32b1b0760e293dce34f4f69,True,23時間前,2026-09-19 04:07:34,千葉県
ヘルパー・介護職／老人デイサービスセンター／サポート充実／シフト相談可新着,株式会社DYMキャリア,千葉県,"時給1,500円～2,150円",派遣社員,介護,求人ボックス,https://xn--pckua2a7gp15o89zb.com/jb/439a381295dab4a80d5014e0751261fa,True,19時間前,2026-09-19 04:07:38,千葉県
介護職 資格必須／給与アップ ゆっくり休んで昼からお仕事!マンツーマン...新着,株式会社木下の介護,千葉県,"時給1,331円",アルバイト・パート,介護,求人ボックス,https://xn--pckua2a7gp15o89zb.com/jb/61180a9986e14e84dc4ae93f262c00ff,True,20時間前,2026-09-19 04:07:38,千葉県
千葉市若葉区の保育士／保育園で保育のお仕事 派遣保育士／担任必須新着,グッドネクスト,千葉県,"時給1,600円",派遣社員,保育,求人ボックス,https://xn--pckua2a7gp15o89zb.com/jb/f6966db45b3d610edc13c6cbeb4e6889,True,23時間前,2026-09-19 04:07:27,千葉県
保育補助／ママさん保育士活躍中!急なお休みも相談OK新着,株式会社ee link,千葉県,"時給1,600円～1,800円",派遣社員,保育,求人ボックス,https://xn--pckua2a7gp15o89zb.com/jb/4b24f2cf1402b7d854f683cfbab4cd2a,True,23時間前,2026-09-19 04:07:27,千葉県
院内保育所の保育士新着,下志津病院,千葉県,"時給1,260円～1,410円",アルバイト・パート,保育,求人ボックス,https://xn--pckua2a7gp15o89zb.com/jbn/731910b97c65dc25c5679eaf06765732,True,18時間前,2026-09-19 04:07:28,千葉県
社会保険完備の職場で保育士新着,学校法人SEiRYO学園 保育ステーション ハミ...,千葉県,月給22万500円,正社員,保育,求人ボックス,https://xn--pckua2a7gp15o89zb.com/jb/5ca36779148de7da683362d5b2217a8a,True,6時間前,2026-09-19 04:07:28,千葉県
"時給1,360円～／週3日～／8時～15時／土日祝歓迎／保育士新着",SOUキッズケア株式会社,千葉県,"時給1,360円～",アルバイト・パート,保育,求人ボックス,https://xn--pckua2a7gp15o89zb.com/jb/2c41aed85ddddcea9efa613c6c398329,True,3時間前,2026-09-19 04:07:32,千葉県
認定保育ルームの保育士新着,株式会社リトルガーデン リトルガーデンインターナ...,千葉県,"時給1,200円～1,500円",アルバイト・パート,保育,求人ボックス,https://xn--pckua2a7gp15o89zb.com/jb/8223d8f16407a710eff3ca4d874fcb85,True,10時間前,2026-09-19 04:07:36,千葉県
保育士募集・ボーナス・賞与あり新着,あそびのてんさい五香東保育園,千葉県,"月給26万4,800円",正社員,保育,求人ボックス,https://xn--pckua2a7gp15o89zb.com/jb/f7414e358e210e225bda565d97545462,True,6時間前,2026-09-19 04:07:40,千葉県
社会保険完備の職場で保育士新着,グローバルキッズパーク袖ヶ浦店,千葉県,"月給29万5,000円",正社員,保育,求人ボックス,https://xn--pckua2a7gp15o89zb.com/jb/4d1043577f54880591e38ebe01b89876,True,6時間前,2026-09-19 04:07:40,千葉県
「もう一度保育の仕事を始めたい方に」／事業所内保育園の保育士新着,保育,千葉県,月給27万円～36万円,正社員,保育,求人ボックス,https://xn--pckua2a7gp15o89zb.com/jbn/49c8f594e2b90d2770647e678d229229,True,15時間前,2026-09-19 04:07:44,千葉県
社会保険完備の職場で保育士新着,グローバルキッズパーク作新台店,千葉県,"月給29万5,000円",正社員,保育,求人ボックス,https://xn--pckua2a7gp15o89zb.com/jb/7e1d398dbe70ecbe4026e79353e2391a,True,6時間前,2026-09-19 04:07:46,千葉県
インターナショナル保育園の保育士新着,株式会社リトルガーデン リトルガーデンインターナ...,千葉県,月給28万円～35万円,正社員,保育,求人ボックス,https://xn--pckua2a7gp15o89zb.com/jb/753a5307002c6c280c2457149f1b5ca3,True,10時間前,2026-09-19 04:07:46,千葉県
「家庭の予定に合わせやすい」／小規模保育園の保育士／一人ひとりに寄り添...新着,保育,千葉県,"時給1,300円～1,500円",アルバイト・パート,保育,求人ボックス,https://xn--pckua2a7gp15o89zb.com/jbn/96b1e1408bdeca8fa626f8bb854a9f02,True,15時間前,2026-09-19 04:07:50,千葉県
事務兼保育士・保育士募集・ボーナス・賞与あり新着,株式会社アイエムオー ミルキーホームみどり園,千葉県,"月給26万2,800円",正社員,保育,求人ボックス,https://xn--pckua2a7gp15o89zb.com/jb/3ca98bcf56a5abe7c8629f76941b8282,True,6時間前,2026-09-19 04:07:53,千葉県
「保育に戻る一歩を後押しします」／保育士／ブランクOK／サポート体制充...新着,保育士,千葉県,"時給1,300円～1,500円",アルバイト・パート,保育,求人ボックス,https://xn--pckua2a7gp15o89zb.com/jbn/19c4de75c50eb815553aa9505777b535,True,15時間前,2026-09-19 04:07:53,千葉県
認定こども園の保育士／未経験歓迎／丁寧な研修あり／社会保険完備新着,保育士,千葉県,"時給1,300円～1,500円",アルバイト・パート,保育,求人ボックス,https://xn--pckua2a7gp15o89zb.com/jbn/60fb2997292ee50c9ead0014dee3dd48,True,15時間前,2026-09-19 04:07:56,千葉県
パース ナガレヤマハツイシテンのスタイリスト 美容師新着,PARS int 流山初石店,千葉県,月給26万円～50万円,正社員,美容,求人ボックス,https://xn--pckua2a7gp15o89zb.com/jb/a05eec062805b0a1f0aa94cb08ffcf8a,True,13時間前,2026-09-19 04:07:29,千葉県
パース マツドヒガシグチテンのアシスタント 美容師新着,PARS 松戸東口店,千葉県,月給21万円～23万円,正社員,美容,求人ボックス,https://xn--pckua2a7gp15o89zb.com/jb/fbdf6188d9cfa50ed54e606c118c66a9,True,13時間前,2026-09-19 04:07:29,千葉県
ティコ ヘア スパ アイのスタイリスト 美容師新着,tico@ hair spa eye,千葉県,月給26万円～50万円,正社員,美容,求人ボックス,https://xn--pckua2a7gp15o89zb.com/jb/eeed1b02422d6c21508a0a81d4f911f3,True,13時間前,2026-09-19 04:07:30,千葉県
パース ビス マツドニシグチテンのアシスタント 美容師新着,PARS bis 松戸西口店,千葉県,月給21万円～23万円,正社員,美容,求人ボックス,https://xn--pckua2a7gp15o89zb.com/jb/91cc9d28ee029c4d9763e1fe81f64e1f,True,13時間前,2026-09-19 04:07:34,千葉県
美容師／ヘッドスパ／ヘアセット アシスタント新着,有限会社バンブーインターナショナル,千葉県,月給25万円～40万円,正社員,美容,求人ボックス,https://xn--pckua2a7gp15o89zb.com/jb/5302a0751c40c4a3637c2404dfd2dda5,True,8時間前,2026-09-19 04:07:38,千葉県
レギュラースタイリスト新着,HAIR SALON Best千葉旭店,千葉県,"時給1,200円～1,600円",アルバイト・パート,美容,求人ボックス,https://xn--pckua2a7gp15o89zb.com/jb/f085c6e90b861a0db2b099f6e633eb2e,True,7時間前,2026-09-19 04:07:38,千葉県
レギュラースタイリスト新着,HAIR SALON Best 千葉旭飯岡店,千葉県,"時給1,200円～1,600円",アルバイト・パート,美容,求人ボックス,https://xn--pckua2a7gp15o89zb.com/jb/cd65b0474ae7ce7aa1a5a5dc033cadf9,True,7時間前,2026-09-19 04:07:40,千葉県
アイリスト募集・駅近5分以内新着,リリーアイラッシュ,千葉県,年収600万円,,美容,求人ボックス,https://xn--pckua2a7gp15o89zb.com/jb/53ff40479b64c6685ca36e9c523bb917,True,6時間前,2026-09-19 04:07:40,千葉県
フルリモート／未経験可／データ入力／年休125日以上新着,職種・業界未経験歓迎→大体の方が未経験からスタートしてます! 前職は様々→飲食店、,千葉県,"月給23万2,600円",正社員,美容,求人ボックス,https://xn--pckua2a7gp15o89zb.com/jbn/a01f22aebad0e18436c319ed6d4d3f17,True,12時間前,2026-09-19 04:07:44,千葉県
フルリモート／未経験可／一般事務／年休125日以上新着,職種・業界未経験歓迎→大体の方が未経験からスタートしてます! 前職は様々→飲食店、,千葉県,"月給23万2,700円",正社員,美容,求人ボックス,https://xn--pckua2a7gp15o89zb.com/jbn/29c45882c79bd2fc6d3d85cc86ba7a95,True,8時間前,2026-09-19 04:07:44,千葉県
フルリモート／事務／高収入／フレックス出社可新着,飲食店、,千葉県,"月給27万2,800円",正社員,美容,求人ボックス,https://xn--pckua2a7gp15o89zb.com/jbn/52d4721ca54b538382f1fc3c1c49fb3e,True,13時間前,2026-09-19 04:07:44,千葉県
フルリモート／データ入力／未経験OK／月給27万～新着,飲食店、,千葉県,月給27万～,正社員,美容,求人ボックス,https://xn--pckua2a7gp15o89zb.com/jbn/23d2d10c7184710cddb61b9bd4b77a27,True,13時間前,2026-09-19 04:07:44,千葉県
在宅勤務／データ入力／高収入／完全土日休み新着,飲食店、,千葉県,"月給27万2,300円",正社員,美容,求人ボックス,https://xn--pckua2a7gp15o89zb.com/jbn/7246f3ece2a79250c3d75932e8e28199,True,12時間前,2026-09-19 04:07:47,千葉県
完全在宅／一般事務／高収入／年間休日123日新着,飲食店、,千葉県,月給27万700円,正社員,美容,求人ボックス,https://xn--pckua2a7gp15o89zb.com/jbn/fc67297cd4f0c287ad3868aa036b0d78,True,12時間前,2026-09-19 04:07:47,千葉県
在宅勤務／一般事務／未経験OK／年間休日123日新着,飲食店、,千葉県,"月給27万2,800円",正社員,美容,求人ボックス,https://xn--pckua2a7gp15o89zb.com/jbn/feac35f0a84410b31ea52d3ae261e3c8,True,12時間前,2026-09-19 04:07:47,千葉県
フルリモート／データ入力／高収入／完全週休2日新着,飲食店、,千葉県,"月給27万1,300円",正社員,美容,求人ボックス,https://xn--pckua2a7gp15o89zb.com/jbn/2f023fc0b4f126f0501a7978c13d9690,True,13時間前,2026-09-19 04:07:50,千葉県
リモート勤務／データ入力／高収入／完全週休2日新着,飲食店、,千葉県,月給27万円～35万円,正社員,美容,求人ボックス,https://xn--pckua2a7gp15o89zb.com/jbn/680033a0f8d9e33bd996710441e0cf46,True,13時間前,2026-09-19 04:07:53,千葉県
フルリモート／一般事務／未経験OK／完全土日休み新着,飲食店、,千葉県,"月給27万2,900円",正社員,美容,求人ボックス,https://xn--pckua2a7gp15o89zb.com/jbn/f0129e5521fe5c78c7504339b2980765,True,12時間前,2026-09-19 04:07:53,千葉県
在宅勤務／一般事務／未経験OK／月給27万～新着,飲食店、,千葉県,月給27万～,正社員,美容,求人ボックス,https://xn--pckua2a7gp15o89zb.com/jbn/2b97c204a4c142c83d0498b55ac84545,True,13時間前,2026-09-19 04:07:57,千葉県
事務職／充実の研修で安心スタート!／福利厚生充実／教育体制あり新着,...これまでの経歴ではなく、これからの「やってみたい」という気持ちを何よりも重視します。求人票に必須資格の明記はありませんので、どなたでも「不問」として安心してご応募いただけます。実際に、コンビニの,千葉県,月給19万500円,正社員,美容,求人ボックス,https://xn--pckua2a7gp15o89zb.com/jbn/fdb6144be735fdd16ee44ef1e5d00ddb,True,7時間前,2026-09-19 04:07:57,千葉県
土間・左官／年間休日130日／土日祝休み／長期休暇あり／年2回賞与あり／年1回昇給あり新着,株式会社ジェイワン,千葉県,月給27万円～,正社員,建設,求人ボックス,https://xn--pckua2a7gp15o89zb.com/jbn/2dd5d3e1272cee7ce40939dd309fb0e7,True,20時間前,2026-09-19 04:07:42,千葉県
「予約制のタクシードライバー」週3日勤務で月収40万円以上／未経験OK／20代～50代が活躍中新着,建設,千葉県,"月給47万6,000円",正社員,建設,求人ボックス,https://xn--pckua2a7gp15o89zb.com/jbn/7aea6d7d5c096b296c749e20fb625149,True,12時間前,2026-09-19 04:07:42,千葉県
著名人・VIPの予約タクシードライバー／普通免許のみOK／未経験から正社員へ／賞与年2回新着,フードデリバリー配達員/宅配便ドライバールート配送ドライバー(飲料・食品)...[年収実績]25歳男性/前職:フードデリバリー配達員入社1年目で年収650万円を達成。,千葉県,"月給47万4,000円",正社員,建設,求人ボックス,https://xn--pckua2a7gp15o89zb.com/jbn/c1d9025c7d0eb9d7bbc5c655b35a7feb,True,9時間前,2026-09-19 04:07:42,千葉県
普通免許から始めるタクシードライバー／二種免許取得支援あり／役員・VIP・予約送迎／賞与あり新着,フードデリバリー配達員/宅配便ドライバールート配送ドライバー(飲料・食品)...(前職:フードデリバリー配達員/25歳男性) 福利厚生 ・社会保険完備(厚生年金・健康保険・雇用保険・労災)...,千葉県,"月給47万4,000円",正社員,建設,求人ボックス,https://xn--pckua2a7gp15o89zb.com/jbn/7fad4d9998cf8d32eded5b4066dae8a4,True,9時間前,2026-09-19 04:07:42,千葉県
「社会保険完備・福利厚生充実」タクシードライバー／夜勤／学歴不問／ボーナス年2回／空港送迎／会食送迎新着,...軽貨物配送ドライバーフードデリバリー配達員/宅配便ドライバールート配送ドライバー(飲料・食品)長距離大型トラック/中型トラック運転手引越しドライバー/デリバリーサービス倉庫,千葉県,"月給47万6,000円",正社員,建設,求人ボックス,https://xn--pckua2a7gp15o89zb.com/jbn/6061e734db3adb280ea249479c956511,True,9時間前,2026-09-19 04:07:42,千葉県
夜間予約タクシードライバー／普通免許OK／二種免許は会社負担／月収50万円以上も可／賞与あり新着,フードデリバリー配達員/宅配便ドライバールート配送ドライバー(飲料・食品)長距離大型トラック/中型トラック運転手引越しドライバー/デリバリーサービス倉庫,千葉県,"月給47万6,000円",正社員,建設,求人ボックス,https://xn--pckua2a7gp15o89zb.com/jbn/bbf67f8d91c93aa7123192bb3ef7d506,True,8時間前,2026-09-19 04:07:42,千葉県
「タクシードライバー」二種免許会社負担／経歴不問／年収600万円以上可／若手世代活躍中新着,...軽貨物配送ドライバーフードデリバリー配達員/宅配便ドライバールート配送ドライバー(飲料・食品)長距離大型トラック/中型トラック運転手引越しドライバー/デリバリーサービス倉庫,千葉県,"月給47万6,000円",正社員,建設,求人ボックス,https://xn--pckua2a7gp15o89zb.com/jbn/c6321c186aa85c10a81bd7f4cfe22d2b,True,9時間前,2026-09-19 04:07:43,千葉県
「夜勤」タクシードライバー・AT限定OK／接客経験活かせる／賞与年2回／VIP対応／アルファード新着,...軽貨物配送ドライバーフードデリバリー配達員/宅配便ドライバールート配送ドライバー(飲料・食品)長距離大型トラック/中型トラック運転手引越しドライバー/デリバリーサービス倉庫,千葉県,"月給47万4,000円",正社員,建設,求人ボックス,https://xn--pckua2a7gp15o89zb.com/jbn/6b1e6597b01e2a80104431caf3a53642,True,9時間前,2026-09-19 04:07:43,千葉県
「タクシードライバー」二種免不要／週3勤務／安定収入／ボーナス年2回／若手活躍中／安心の正社員雇用新着,...軽貨物配送ドライバーフードデリバリー配達員/宅配便ドライバールート配送ドライバー(飲料・食品)長距離大型トラック/中型トラック運転手引越しドライバー/デリバリーサービス倉庫,千葉県,"月給47万6,000円",正社員,建設,求人ボックス,https://xn--pckua2a7gp15o89zb.com/jbn/d1d3bed6b22f13f3e251a095c9cf24f7,True,9時間前,2026-09-19 04:07:43,千葉県
「月11日～13日勤務!」タクシードライバー／履歴書不要／空港送迎／社会保険完備／賞与あり新着,フードデリバリー配達員/宅配便ドライバールート配送ドライバー(飲料・食品)...<年収例>入社1年目:年収650万円前職:フードデリバリー配達員(25歳男性),千葉県,"月給47万6,000円",正社員,建設,求人ボックス,https://xn--pckua2a7gp15o89zb.com/jbn/7975f09ffe9a412bdc33bc623f2611f1,True,9時間前,2026-09-19 04:07:43,千葉県
夜勤の役員タクシードライバー／空港・会食・VIP送迎あり／普通免許OK／賞与年2回／福利厚生充実新着,...軽貨物配送ドライバーフードデリバリー配達員/宅配便ドライバールート配送ドライバー(飲料・食品)長距離大型トラック/中型トラック運転手引越しドライバー/デリバリーサービス倉庫,千葉県,"月給47万6,000円",正社員,建設,求人ボックス,https://xn--pckua2a7gp15o89zb.com/jbn/5561a08564b48e59cb2fff271f134906,True,9時間前,2026-09-19 04:07:43,千葉県
「夜勤・高収入・空港送迎」タクシードライバー／普通免許でOK／賞与あり／年収600万円以上可新着,フードデリバリー配達員/宅配便ドライバールート配送ドライバー(飲料・食品)...<年収例>入社1年目:年収650万円前職:フードデリバリー配達員(25歳男性),千葉県,"月給47万6,000円",正社員,建設,求人ボックス,https://xn--pckua2a7gp15o89zb.com/jbn/629fe1d3c9765476723e75b38ad14dae,True,9時間前,2026-09-19 04:07:43,千葉県
アルファードでの夜間タクシードライバー／VIP・著名人対応あり／AT限定OK／接客経験を活かせる新着,フードデリバリー配達員/宅配便ドライバールート配送ドライバー(飲料・食品)...外での,千葉県,"月給47万6,000円",正社員,建設,求人ボックス,https://xn--pckua2a7gp15o89zb.com/jbn/5617293de4eb0ca8da38b47ab944b737,True,8時間前,2026-09-19 04:07:43,千葉県
月11日～13日勤務のタクシードライバー／空港・VIP送迎あり／普通免許OK／履歴書不要／賞与年2回新着,未経験OK,千葉県,"月給47万6,000円",正社員,建設,求人ボックス,https://xn--pckua2a7gp15o89zb.com/jbn/c752f8781b85879efdbbcf2e88e8a78f,True,9時間前,2026-09-19 04:07:46,千葉県
「タクシードライバー」未経験OK／履歴書不要／週3勤務／賞与あり／研修制度充実／社会保険完備新着,...軽貨物配送ドライバーフードデリバリー配達員/宅配便ドライバールート配送ドライバー(飲料・食品)長距離大型トラック/中型トラック運転手引越しドライバー/デリバリーサービス倉庫,千葉県,"月給47万6,000円",正社員,建設,求人ボックス,https://xn--pckua2a7gp15o89zb.com/jbn/788bfffa89f18bd9c88d95865fff9626,True,8時間前,2026-09-19 04:07:46,千葉県
週3勤務のタクシードライバー／普通免許だけで応募OK／予約中心で落ち着いて働ける／賞与年2回新着,...軽貨物配送ドライバーフードデリバリー配達員/宅配便ドライバールート配送ドライバー(飲料・食品)長距離大型トラック/中型トラック運転手引越しドライバー/デリバリーサービス倉庫,千葉県,"月給47万7,000円",正社員,建設,求人ボックス,https://xn--pckua2a7gp15o89zb.com/jbn/1b635511461b574ffe97a0ab16163b0e,True,10時間前,2026-09-19 04:07:46,千葉県
週3勤務のタクシードライバー／普通免許OK／未経験から正社員へ／履歴書不要／賞与年2回新着,...軽貨物配送ドライバーフードデリバリー配達員/宅配便ドライバールート配送ドライバー(飲料・食品)長距離大型トラック/中型トラック運転手引越しドライバー/デリバリーサービス倉庫,千葉県,"月給47万5,000円",正社員,建設,求人ボックス,https://xn--pckua2a7gp15o89zb.com/jbn/962a86fbb6abe35937f2964944c42466,True,10時間前,2026-09-19 04:07:46,千葉県
「週3勤務・芸能人・タレント」タクシードライバー／二種免許不要／賞与年2回／正社員雇用新着,フードデリバリー配達員/宅配便ドライバールート配送ドライバー(飲料・食品)...<年収例>入社1年目:年収650万円前職:フードデリバリー配達員(25歳男性),千葉県,"月給47万6,000円",正社員,建設,求人ボックス,https://xn--pckua2a7gp15o89zb.com/jbn/db7795d5e219e8733cb547263384a059,True,9時間前,2026-09-19 04:07:46,千葉県
夜勤の予約タクシードライバー／企業役員・VIP対応あり／普通免許OK／二種免許取得支援あり新着,フードデリバリー配達員/宅配便ドライバールート配送ドライバー(飲料・食品)...25歳男性・前職フードデリバリー配達員が入社1年目で年収650万円を達成しています。...,千葉県,"月給47万6,000円",正社員,建設,求人ボックス,https://xn--pckua2a7gp15o89zb.com/jbn/c044856290e42b95879bdd4399234fce,True,9時間前,2026-09-19 04:07:46,千葉県
タクシードライバー／普通免許OK・AT限定可／未経験から正社員へ／週3日勤務可新着,...軽貨物配送ドライバーフードデリバリー配達員/宅配便ドライバールート配送ドライバー(飲料・食品)長距離大型トラック/中型トラック運転手引越しドライバー/デリバリーサービス倉庫,千葉県,"月給47万7,000円",正社員,建設,求人ボックス,https://xn--pckua2a7gp15o89zb.com/jbn/8e9d2e4b0fc1d408aa7f56379f34565e,True,9時間前,2026-09-19 04:07:46,千葉県
タクシードライバー／普通免許OK／年収600万円以上も可／履歴書不要／退職金制度あり新着,...軽貨物配送ドライバーフードデリバリー配達員/宅配便ドライバールート配送ドライバー(飲料・食品)長距離大型トラック/中型トラック運転手引越しドライバー/デリバリーサービス倉庫,千葉県,"月給47万7,000円",正社員,建設,求人ボックス,https://xn--pckua2a7gp15o89zb.com/jbn/fb50e0255bac1fccc5cc8469c780128e,True,10時間前,2026-09-19 04:07:50,千葉県
役員・VIPタクシードライバー／普通免許OK／年収600万円以上も可／履歴書不要／退職金制度あり新着,...軽貨物配送ドライバーフードデリバリー配達員/宅配便ドライバールート配送ドライバー(飲料・食品)長距離大型トラック/中型トラック運転手引越しドライバー/デリバリーサービス倉庫,千葉県,"月給47万4,000円",正社員,建設,求人ボックス,https://xn--pckua2a7gp15o89zb.com/jbn/cdf795961c4a8d027306073ad2cbdbfe,True,9時間前,2026-09-19 04:07:50,千葉県
週3勤務の役員タクシードライバー／普通免許だけで応募OK／予約中心で落ち着いて働ける／賞与年2回新着,...軽貨物配送ドライバーフードデリバリー配達員/宅配便ドライバールート配送ドライバー(飲料・食品)長距離大型トラック/中型トラック運転手引越しドライバー/デリバリーサービス倉庫,千葉県,"月給47万4,000円",正社員,建設,求人ボックス,https://xn--pckua2a7gp15o89zb.com/jbn/a1c528e853705d4ff2e841007eb0ba3c,True,9時間前,2026-09-19 04:07:50,千葉県
「二種免許不要・タクシードライバー」履歴書不要／学歴不問／週3勤務／身体負担少なめ／退職金制度新着,...軽貨物配送ドライバーフードデリバリー配達員/宅配便ドライバールート配送ドライバー(飲料・食品)長距離大型トラック/中型トラック運転手引越しドライバー/デリバリーサービス倉庫,千葉県,"月給47万6,000円",正社員,建設,求人ボックス,https://xn--pckua2a7gp15o89zb.com/jbn/98920b5101915aa826645a45a961cdf8,True,9時間前,2026-09-19 04:07:50,千葉県
週3勤務の予約タクシードライバー／普通免許OK／未経験から正社員へ／履歴書不要／賞与年2回新着,...軽貨物配送ドライバーフードデリバリー配達員/宅配便ドライバールート配送ドライバー(飲料・食品)長距離大型トラック/中型トラック運転手引越しドライバー/デリバリーサービス倉庫,千葉県,"月給47万4,000円",正社員,建設,求人ボックス,https://xn--pckua2a7gp15o89zb.com/jbn/7f56fa5aa36dff33c58c95952a93796e,True,9時間前,2026-09-19 04:07:50,千葉県
「夜勤・タクシードライバー」二種免不要／企業役員／賞与年2回／20代活躍中／安定収入新着,フードデリバリー配達員/宅配便ドライバールート配送ドライバー(飲料・食品)...<年収例>入社1年目:年収650万円前職:フードデリバリー配達員(25歳男性),千葉県,"月給47万6,000円",正社員,建設,求人ボックス,https://xn--pckua2a7gp15o89zb.com/jbn/96c2e64f0e761a1d11705e42458eeb8a,True,9時間前,2026-09-19 04:07:50,千葉県
「経歴不問・タクシードライバー」未経験歓迎／社会保険完備の正社員雇用／週3勤務／AT限定OK新着,...軽貨物配送ドライバーフードデリバリー配達員/宅配便ドライバールート配送ドライバー(飲料・食品)長距離大型トラック/中型トラック運転手引越しドライバー/デリバリーサービス倉庫,千葉県,"月給47万6,000円",正社員,建設,求人ボックス,https://xn--pckua2a7gp15o89zb.com/jbn/696696178eeb7ec49d642f711243a93f,True,9時間前,2026-09-19 04:07:50,千葉県
役員・著名人の予約タクシードライバー／普通免許OK・AT限定可／未経験から正社員へ／週3日勤務可新着,...軽貨物配送ドライバーフードデリバリー配達員/宅配便ドライバールート配送ドライバー(飲料・食品)長距離大型トラック/中型トラック運転手引越しドライバー/デリバリーサービス倉庫,千葉県,"月給47万6,000円",正社員,建設,求人ボックス,https://xn--pckua2a7gp15o89zb.com/jbn/b1e6abf9201256d668ecf64db98e2ae8,True,8時間前,2026-09-19 04:07:50,千葉県
排水管の現場作業 未経験可 一から手に職をつけられる新着,有限会社愛協,千葉県,"日給1万8,000円",正社員,建設,求人ボックス,https://xn--pckua2a7gp15o89zb.com/jb/805f7dbf4cfb698ca89a3ce84604d341,True,3時間前,2026-09-19 04:07:50,千葉県
未経験OK／マンツーマンで丁寧にサポート／安心して成長できる送電線・変電所工事の施工管理新着,中林建設株式会社,千葉県,"月給27万6,735円",正社員,建設,求人ボックス,https://xn--pckua2a7gp15o89zb.com/jb/98b5d2532a959b1999f2d950967da984,True,9時間前,2026-09-19 04:07:54,千葉県
大型特殊車両の整備士／土日祝休み／賞与4ヶ月分／経験浅めOK新着,モリタース車輌工業株式会社,千葉県,月給24万円～32万円,正社員,建設,求人ボックス,https://xn--pckua2a7gp15o89zb.com/jb/ee5f8e539dbf2607eb0b669c2b23e930,True,11時間前,2026-09-19 04:07:54,千葉県
「高収入」夜勤／タクシー運転手／定期送迎「月収50万円以上可能／安定収入／賞与年2回」新着,建設・,千葉県,月給48万300円,正社員,建設,求人ボックス,https://xn--pckua2a7gp15o89zb.com/jbn/037856148b2c9945cd3e03bf67d2dd67,True,8時間前,2026-09-19 04:07:54,千葉県
「高収入」夜勤／タクシー／定期送迎「月収50万円以上可能／安定収入／賞与年2回」新着,建設・,千葉県,"月給48万1,300円",正社員,建設,求人ボックス,https://xn--pckua2a7gp15o89zb.com/jbn/d206d75d6c2f652ed2207c4b08fbd9f8,True,8時間前,2026-09-19 04:07:54,千葉県
タクシー運転手「週3勤務」資格取得支援あり／月収40万円以上／安定収入／転職回数不問新着,...以下のような経験をお持ちの方は特に歓迎します。・軽貨物ドライバー・ルート配送スタッフ・宅配ドライバー・タクシー運転手・大型トラックドライバー・フォークリフトオペレーター・,千葉県,"月給48万1,000円",正社員,建設,求人ボックス,https://xn--pckua2a7gp15o89zb.com/jbn/46105059e75ab5161a72eeb76d400c8a,True,8時間前,2026-09-19 04:07:54,千葉県
タクシードライバー／「即入社相談可」夜間送迎スタッフ／履歴書不要／安定の正社員雇用新着,作業,千葉県,"月給47万6,000円",正社員,建設,求人ボックス,https://xn--pckua2a7gp15o89zb.com/jbn/cdb4ac06bfe7d3744181128b44fb4f2f,True,8時間前,2026-09-19 04:07:54,千葉県
「夜勤でしっかり稼ぐ」タクシードライバー／残業少なめ／正社員採用／賞与あり新着,...以下のような経験をお持ちの方は特に歓迎します。・軽貨物ドライバー・ルート配送スタッフ・宅配ドライバー・タクシー運転手・大型トラックドライバー・フォークリフトオペレーター・,千葉県,"月給47万9,800円",正社員,建設,求人ボックス,https://xn--pckua2a7gp15o89zb.com/jbn/b0003dc6f59858aa401cb2326333f286,True,8時間前,2026-09-19 04:07:54,千葉県
「内定までスピーディー」夜勤タクシードライバー／履歴書不要／未経験OK／月収50万円以上新着,作業,千葉県,"月給47万6,000円",正社員,建設,求人ボックス,https://xn--pckua2a7gp15o89zb.com/jbn/1b721b4f081bd0e0fe0355d52875d960,True,9時間前,2026-09-19 04:07:59,千葉県
タクシードライバー／未経験歓迎／会食・空港送迎中心／年収600万円以上可新着,建設・,千葉県,"月給47万9,700円",正社員,建設,求人ボックス,https://xn--pckua2a7gp15o89zb.com/jbn/775449d615597b6af3116e8e5b2ce9fd,True,9時間前,2026-09-19 04:07:59,千葉県
「未経験歓迎」タクシードライバー／月収50万円以上可／退職金制度あり新着,...以下のような経験をお持ちの方は特に歓迎します。・軽貨物ドライバー・ルート配送スタッフ・宅配ドライバー・タクシー運転手・大型トラックドライバー・フォークリフトオペレーター・,千葉県,月給48万500円,正社員,建設,求人ボックス,https://xn--pckua2a7gp15o89zb.com/jbn/19b4c151e9fa31de08de0e351f126fcc,True,9時間前,2026-09-19 04:07:59,千葉県
タクシードライバー／週3勤務／異業種からの転職歓迎新着,建設・,千葉県,"月給47万4,000円",正社員,建設,求人ボックス,https://xn--pckua2a7gp15o89zb.com/jbn/932180e9d440add4694928f8dc42c0f1,True,9時間前,2026-09-19 04:07:59,千葉県
「予約中心だから未経験でも安心」タクシードライバー／週3勤務／月収50万円以上可新着,建設・,千葉県,"月給47万4,000円",正社員,建設,求人ボックス,https://xn--pckua2a7gp15o89zb.com/jbn/e30f2b834a4887283feebb92e3a2dfca,True,9時間前,2026-09-19 04:07:59,千葉県
夜勤タクシードライバー／未経験スタートOK／年2回のボーナス支給あり／資格取得支援制度あり新着,作業,千葉県,"月給47万6,000円",正社員,建設,求人ボックス,https://xn--pckua2a7gp15o89zb.com/jbn/f202fc2c0155c80a45f10f0f208c4f09,True,9時間前,2026-09-19 04:07:59,千葉県
夜間専属タクシードライバー／月収50万円以上可能／賞与年2回／普通免許のみで応募可新着,...以下のような経験をお持ちの方は特に歓迎します。・軽貨物ドライバー・ルート配送スタッフ・宅配ドライバー・タクシー運転手・大型トラックドライバー・フォークリフトオペレーター・,千葉県,"月給48万5,500円",正社員,建設,求人ボックス,https://xn--pckua2a7gp15o89zb.com/jbn/cb07bae01c4d63eceee97abe635a8152,True,9時間前,2026-09-19 04:07:59,千葉県
「夜勤で稼げる」タクシードライバー／普通免許のみOK／年収600万円以上可／賞与年2回新着,...以下のような経験をお持ちの方は特に歓迎します。・軽貨物ドライバー・ルート配送スタッフ・宅配ドライバー・タクシー運転手・大型トラックドライバー・フォークリフトオペレーター・,千葉県,"月給47万9,800円",正社員,建設,求人ボックス,https://xn--pckua2a7gp15o89zb.com/jbn/57c6e1c3a8a728b98b668a5f2c2d9c71,True,9時間前,2026-09-19 04:08:02,千葉県
タクシードライバー／普通免許のみで応募OK／週3日勤務／賞与あり／高収入実現可能新着,作業,千葉県,"月給47万8,000円",正社員,建設,求人ボックス,https://xn--pckua2a7gp15o89zb.com/jbn/249aadad8bb638e9da29e9f3c7a1c4d9,True,10時間前,2026-09-19 04:08:02,千葉県
「週3日勤務で年収600万円も可能」タクシードライバー／普通免許のみOK／未経験歓迎／賞与年2回新着,建設・,千葉県,"月給47万8,000円",正社員,建設,求人ボックス,https://xn--pckua2a7gp15o89zb.com/jbn/850bc4684ce34c8bcc1653adad1c1de7,True,10時間前,2026-09-19 04:08:02,千葉県
「未経験1年目600万円／定着率90%以上」「週3勤務・予約制タクシードライバー」普通免許のみOK新着,建設・,千葉県,"月給47万6,900円",正社員,建設,求人ボックス,https://xn--pckua2a7gp15o89zb.com/jbn/1c050e0163e2ba414774d7e06f869677,True,11時間前,2026-09-19 04:08:02,千葉県
現場管理 経験者限定 寮完備 全国拠点新着,株式会社GS STAFF,千葉県,"月給35万1,500円",派遣社員,建設,求人ボックス,https://xn--pckua2a7gp15o89zb.com/jb/5230bb9a2949633717b070365a8ced94,True,3時間前,2026-09-19 04:08:02,千葉県
「転職回数不問」役員タクシードライバー／週3勤務／安定収入／正社員採用新着,...以下のような経験をお持ちの方は特に歓迎します。・軽貨物ドライバー・ルート配送スタッフ・宅配ドライバー・タクシー運転手・大型トラックドライバー・フォークリフトオペレーター・,千葉県,"月給47万7,600円",正社員,建設,求人ボックス,https://xn--pckua2a7gp15o89zb.com/jbn/7015a35f9fd38e35cb873022509fef4c,True,11時間前,2026-09-19 04:08:02,千葉県
芸能関係者のタクシードライバー／未経験歓迎／週3勤務／月収45万円以上／20代～50代活躍中新着,作業,千葉県,"月給47万7,200円",正社員,建設,求人ボックス,https://xn--pckua2a7gp15o89zb.com/jbn/fc0bdb7248fa4a37e584b51f30aa95c9,True,11時間前,2026-09-19 04:08:06,千葉県
夜間専属タクシードライバー／週3日勤務OK／異業種出身多数／未経験活躍中／土日祝休みあり新着,...以下のような経験をお持ちの方は特に歓迎します。・軽貨物ドライバー・ルート配送スタッフ・宅配ドライバー・タクシー運転手・大型トラックドライバー・フォークリフトオペレーター・,千葉県,"月給47万8,000円",正社員,建設,求人ボックス,https://xn--pckua2a7gp15o89zb.com/jbn/c5e151bdafe1902e34b21624d8dd4b9f,True,12時間前,2026-09-19 04:08:06,千葉県
「未経験1年目600万円／定着率90%以上」「週3日勤務／正社員」タクシードライバー新着,建設・,千葉県,"月給47万6,200円",正社員,建設,求人ボックス,https://xn--pckua2a7gp15o89zb.com/jbn/ea0caf014ab764119459931ebebcc48d,True,12時間前,2026-09-19 04:08:06,千葉県
「1年目から高収入可能」タクシードライバー／週3勤務／福利厚生充実新着,作業,千葉県,"月給47万6,000円",正社員,建設,求人ボックス,https://xn--pckua2a7gp15o89zb.com/jbn/f01314c38799233cc51119ca8f3be6e1,True,8時間前,2026-09-19 04:08:06,千葉県
「正社員」週3勤務のタクシードライバー／未経験者活躍中／年収500万円以上可能／土日祝休み取得可新着,建設・,千葉県,"月給47万6,000円",正社員,建設,求人ボックス,https://xn--pckua2a7gp15o89zb.com/jbn/51d8cbd6bd640c1ed19211227cf378bd,True,8時間前,2026-09-19 04:08:06,千葉県
タクシードライバー「週3勤務」資格取得支援あり／月収40万円以上／安定収入／転職回数不問新着,...以下のような経験をお持ちの方は特に歓迎します。・軽貨物ドライバー・ルート配送スタッフ・宅配ドライバー・タクシー運転手・大型トラックドライバー・フォークリフトオペレーター・,千葉県,"月給47万6,000円",正社員,建設,求人ボックス,https://xn--pckua2a7gp15o89zb.com/jbn/4283b0a12f9233c9dabf4b524f539247,True,8時間前,2026-09-19 04:08:06,千葉県
「月内採用」タクシードライバー・夜勤／職歴不問／未経験OK／1年目年収600万円以上可／賞与年2回新着,作業,千葉県,"月給47万4,000円",正社員,建設,求人ボックス,https://xn--pckua2a7gp15o89zb.com/jbn/e37615834d91bc8f4cbf5966cd4d04d1,True,9時間前,2026-09-19 04:08:09,千葉県
「夜勤でしっかり稼ぐ」VIPタクシードライバー／残業少なめ／正社員採用／賞与あり新着,...以下のような経験をお持ちの方は特に歓迎します。・軽貨物ドライバー・ルート配送スタッフ・宅配ドライバー・タクシー運転手・大型トラックドライバー・フォークリフトオペレーター・,千葉県,"月給47万4,000円",正社員,建設,求人ボックス,https://xn--pckua2a7gp15o89zb.com/jbn/29df3fae4b6bac080ed73dcd099d8b20,True,9時間前,2026-09-19 04:08:09,千葉県
足場スタッフ 足場仮設工事会社 実務経験2年必須 長期休暇あり 資格取得支援や独立支援あり新着,株式会社フジムラ仮設,千葉県,"日給1万5,000円",正社員,建設,求人ボックス,https://xn--pckua2a7gp15o89zb.com/jb/2d8cd4cc6b9351cb5841b28d9fee3438,True,3時間前,2026-09-19 04:08:09,千葉県
建設会社の営業事務新着,株式会社アベルコ,千葉県,月給21万円～25万,正社員,建設,求人ボックス,https://xn--pckua2a7gp15o89zb.com/jb/e4f24cc29fe1c67fd988b79575701f00,True,9時間前,2026-09-19 04:08:09,千葉県
「二種免許不要・週3勤務・タクシードライバー」研修あり／賞与あり／アルファード送迎新着,作業,千葉県,"月給47万6,000円",正社員,建設,求人ボックス,https://xn--pckua2a7gp15o89zb.com/jbn/fef28d33fc894bcbcf2c5d2eade874c4,True,8時間前,2026-09-19 04:08:09,千葉県
「タレント／芸能」タクシードライバー／週3勤務／学歴不問／1年目月収50万以上／賞与年2回新着,建設・,千葉県,"月給47万4,000円",正社員,建設,求人ボックス,https://xn--pckua2a7gp15o89zb.com/jbn/033d3adfec670030b87daf4c79ee7689,True,9時間前,2026-09-19 04:08:09,千葉県
「VIP送迎中心」夜勤タクシードライバー／年収600万円以上／賞与年2回新着,建設・,千葉県,"月給47万4,000円",正社員,建設,求人ボックス,https://xn--pckua2a7gp15o89zb.com/jbn/9c391e068351aae068d9f7f3cd1277e8,True,9時間前,2026-09-19 04:08:09,千葉県
日勤の工場内仕分け作業スタッフ／未経験OK／シンプル作業／長期休暇有新着,株式会社ジーアール,千葉県,月給25万円,正社員,建設,求人ボックス,https://xn--pckua2a7gp15o89zb.com/jb/2769923e4781fc837e3ee3007a99a235,True,5時間前,2026-09-19 04:08:13,千葉県
「タクシードライバー」月内採用／夜勤／履歴書不要／月収50万円以上／正社員採用／社会保険完備新着,...以下のような経験をお持ちの方は特に歓迎します。・軽貨物ドライバー・ルート配送スタッフ・宅配ドライバー・タクシー運転手・大型トラックドライバー・フォークリフトオペレーター・,千葉県,"月給47万6,000円",正社員,建設,求人ボックス,https://xn--pckua2a7gp15o89zb.com/jbn/7ad0ae8d97c65edc53b3c6e6dcba0ec0,True,9時間前,2026-09-19 04:08:13,千葉県
施工管理アシスタント新着,株式会社レバキャリ,千葉県,年収350万円～,正社員,建設,求人ボックス,https://xn--pckua2a7gp15o89zb.com/jb/ca6370ad358fe27caac8adbd707ea025,True,7時間前,2026-09-19 04:08:13,千葉県
フォークリフト・玉掛け新着,株式会社ウィルエージェンシー 船橋,千葉県,"時給1,500円～",派遣社員,建設,求人ボックス,https://xn--pckua2a7gp15o89zb.com/jb/ecbf5eddbe1a52a48d24cc49371dd2ac,True,11時間前,2026-09-19 04:08:13,千葉県
警備員／株式会社リース新着,株式会社第二章,千葉県,日給1万840円,アルバイト・パート,建設,求人ボックス,https://xn--pckua2a7gp15o89zb.com/jb/44a0932736da1733cd0e8bd13b3611e0,True,50分前,2026-09-19 04:08:13,千葉県
未経験OK 施工管理 賞与6カ月分 年休120日 若手積極採用中新着,藤友工業株式会社,千葉県,"月給30万6,800円",正社員,建設,求人ボックス,https://xn--pckua2a7gp15o89zb.com/jb/bbd96881f655c7fbfca2a021a6cd8293,True,1時間前,2026-09-19 04:08:13,千葉県
一般事務スタッフ／データ入力や伝票整理／残業ほぼなし・定時退社推奨新着,中央コントロールサービス株式会社,千葉県,月給23万円,正社員,事務,求人ボックス,https://xn--pckua2a7gp15o89zb.com/jb/77cb22a97fb4ade1c5d87155f8069b15,True,5時間前,2026-09-19 04:07:59,千葉県
一般事務／現場事務新着,三徳運輸株式会社,千葉県,月給20万円～,正社員,事務,求人ボックス,https://xn--pckua2a7gp15o89zb.com/jb/770b81d4a672c9bc4657ec4d9b2d8668,True,8時間前,2026-09-19 04:08:00,千葉県
「座って事務デビュー!」／一般事務／高収入／正社員採用／nO.61新着,一般事務,千葉県,"月給26万4,000円",正社員,事務,求人ボックス,https://xn--pckua2a7gp15o89zb.com/jbn/5466fd91ff809915b574de04db31e63e,True,10時間前,2026-09-19 04:08:00,千葉県
一般事務／管理部門新着,大江戸浦安クリニック,千葉県,"月給20万8,000円",正社員,事務,求人ボックス,https://xn--pckua2a7gp15o89zb.com/jb/2cb2ddf7a78b6548278c273b7d72dc5c,True,6時間前,2026-09-19 04:08:04,千葉県
「はじめての事務デビュー!」／一般事務／賞与あり／空調完備／高収入新着,一般事務,千葉県,"月給25万7,000円",正社員,事務,求人ボックス,https://xn--pckua2a7gp15o89zb.com/jbn/99b4b02b8cfd18137fc5e65eb0ce4570,True,10時間前,2026-09-19 04:08:07,千葉県
「オフィスワークデビュー!」／一般事務／高収入／正社員採用新着,一般事務,千葉県,"月給25万5,000円",正社員,事務,求人ボックス,https://xn--pckua2a7gp15o89zb.com/jbn/548ca664481de221ef666076e8ba6be8,True,11時間前,2026-09-19 04:08:11,千葉県
「20代から事務デビュー!」／一般事務／賞与あり／20代活躍中新着,一般事務,千葉県,"月給28万5,000円",正社員,事務,求人ボックス,https://xn--pckua2a7gp15o89zb.com/jbn/6a2a75785366c6b5ca899303a3c7aff1,True,11時間前,2026-09-19 04:08:15,千葉県
一般事務／未経験OK／正社員募集／土日祝休み新着,株式会社クロヒジ,千葉県,"時給1,300円",正社員,事務,求人ボックス,https://xn--pckua2a7gp15o89zb.com/jb/1905fe37021ed20fbf050acda5ab8b25,True,23時間前,2026-09-19 04:08:15,千葉県
「座って事務デビュー!」／一般事務／WEB面接相談OK／正社員採用新着,一般事務,千葉県,"月給27万9,000円",正社員,事務,求人ボックス,https://xn--pckua2a7gp15o89zb.com/jbn/bd72a38a68aebd8ca43891826b3e645d,True,10時間前,2026-09-19 04:08:18,千葉県
「20代から事務デビュー!」／一般事務／研修あり／20代活躍中新着,一般事務,千葉県,"月給27万1,000円",正社員,事務,求人ボックス,https://xn--pckua2a7gp15o89zb.com/jbn/4499096f2e83a06c1b593df0d30a564a,True,11時間前,2026-09-19 04:08:18,千葉県
一般事務スタッフ／パソコン入力等／未経験可／社員登用有／服装・髪型自由新着,株式会社ジーアール,千葉県,"時給1,140円",正社員,事務,求人ボックス,https://xn--pckua2a7gp15o89zb.com/jb/d80b1188bece91a5fb2e778cb157eab4,True,5時間前,2026-09-19 04:08:21,千葉県
「はじめての事務デビュー!」／一般事務／入社日相談OK／20代活躍中新着,一般事務,千葉県,"月給29万1,000円",正社員,事務,求人ボックス,https://xn--pckua2a7gp15o89zb.com/jbn/be0376fe226acb71088daec1069cfa26,True,10時間前,2026-09-19 04:08:21,千葉県
「20代から事務デビュー!」／一般事務／交通費支給／空調完備新着,一般事務,千葉県,"月給29万2,000円",正社員,事務,求人ボックス,https://xn--pckua2a7gp15o89zb.com/jbn/b23f6ce9417cf351f847f0a3daecda12,True,10時間前,2026-09-19 04:08:24,千葉県
「座って事務デビュー!」／一般事務／WEB面接相談OK／週休2日制新着,一般事務,千葉県,"月給25万6,000円",正社員,事務,求人ボックス,https://xn--pckua2a7gp15o89zb.com/jbn/6ebb2f93835f3c2eb7a4a2dbd4d3934c,True,11時間前,2026-09-19 04:08:26,千葉県
「長期的に活躍できる事務ワーク」／一般事務／未経験から可／研修しっかり新着,一般事務,千葉県,月給25万円～30万円,正社員,事務,求人ボックス,https://xn--pckua2a7gp15o89zb.com/jbn/8410be2a738fc07ebc267174f94c45f1,True,13時間前,2026-09-19 04:08:26,千葉県
在宅可／未経験可／一般事務／年休125日以上新着,一般事務,千葉県,月給24万100円,正社員,事務,求人ボックス,https://xn--pckua2a7gp15o89zb.com/jbn/2dffc72790abfafa6bd5882216d74fa3,True,13時間前,2026-09-19 04:08:26,千葉県
一般事務・経理サポート新着,株式会社アイテック,千葉県,"時給1,500円",派遣社員,経理,求人ボックス,https://xn--pckua2a7gp15o89zb.com/jb/e9d903ae0b399c509db5bdf3f8538827,True,19時間前,2026-09-19 04:08:01,千葉県
「20代・30代の仲間が活躍中!」／経理事務／未経験OK／サポート体制...新着,経理,千葉県,月給25万円～30万円,正社員,経理,求人ボックス,https://xn--pckua2a7gp15o89zb.com/jbn/8fa960cd0e8b58a8bf25cd845c3a7cde,True,13時間前,2026-09-19 04:08:01,千葉県
「数字を入力するだけ!」／経理事務／未経験OK／丁寧な研修あり新着,経理,千葉県,月給25万円～30万円,正社員,経理,求人ボックス,https://xn--pckua2a7gp15o89zb.com/jbn/792e965cc9df886bd0aa6e61303a6937,True,15時間前,2026-09-19 04:08:01,千葉県
はじめてさんも安心の事務スタッフ／経理事務／未経験から可／サポート手厚...新着,経理,千葉県,月給27万円～33万円,正社員,経理,求人ボックス,https://xn--pckua2a7gp15o89zb.com/jbn/54515f1c5e7444108bc3eeb057b4281a,True,12時間前,2026-09-19 04:08:01,千葉県
経理事務／未経験歓迎／サポート体制充実／長期安定／福利厚生充実新着,経理,千葉県,月給25万円～30万円,正社員,経理,求人ボックス,https://xn--pckua2a7gp15o89zb.com/jbn/fc36c1f6742319e31e49a3f6394f40f3,True,15時間前,2026-09-19 04:08:01,千葉県
数字や日付を入力するシンプル作業が中心!未経験から始める経理サポートの...新着,事務,千葉県,月給26万円～27万,正社員,経理,求人ボックス,https://xn--pckua2a7gp15o89zb.com/jbn/62b1474dab44b0aa1cd44b179048c90a,True,10時間前,2026-09-19 04:08:02,千葉県
「20代・30代のスタッフが多数活躍中」／経理事務／20~30代活躍中新着,経理,千葉県,月給25万円～30万円,正社員,経理,求人ボックス,https://xn--pckua2a7gp15o89zb.com/jbn/6b767892ed8fa960ec349f9284387dd8,True,13時間前,2026-09-19 04:08:05,千葉県
「やることシンプル、だから覚えやすい」／経理事務／未経験歓迎新着,経理,千葉県,月給27万円～33万円,正社員,経理,求人ボックス,https://xn--pckua2a7gp15o89zb.com/jbn/3541ee08d7d4210db7c0f1145b18233b,True,13時間前,2026-09-19 04:08:05,千葉県
「未経験からバックオフィスに挑戦」／経理事務／丁寧な研修あり／長期安定新着,経理,千葉県,月給25万円～30万円,正社員,経理,求人ボックス,https://xn--pckua2a7gp15o89zb.com/jbn/78e243c0fb0da5fca01c0f007ae51e5a,True,15時間前,2026-09-19 04:08:05,千葉県
「今だけ採用!大手企業の経理サポート」／経理事務／9時半出社新着,株式会社One's Will「3441」,千葉県,月給22万円～,正社員,経理,求人ボックス,https://xn--pckua2a7gp15o89zb.com/jbn/3a9b3b8ea77a5437225fb0420d14cace,True,20時間前,2026-09-19 04:08:08,千葉県
「コツコツ取り組めるオフィスワーク」／経理事務／未経験OK新着,経理,千葉県,月給27万円～33万円,正社員,経理,求人ボックス,https://xn--pckua2a7gp15o89zb.com/jbn/527ec805781f4a839a5d9bead71258be,True,13時間前,2026-09-19 04:08:08,千葉県
「大手企業の数字まわりを支える!」／経理事務／9時半出社／未経験OK新着,株式会社One's Will「3325」,千葉県,月給22万円～,正社員,経理,求人ボックス,https://xn--pckua2a7gp15o89zb.com/jbn/d01fb12ed301521e8a8f0dd4f913200a,True,20時間前,2026-09-19 04:08:08,千葉県
「今だけ採用!大手企業の経理サポート」／経理事務／9時半出社新着,株式会社One's Will「3454」,千葉県,月給22万円～,正社員,経理,求人ボックス,https://xn--pckua2a7gp15o89zb.com/jbn/af246d1a3919a75260c43957efa964eb,True,20時間前,2026-09-19 04:08:12,千葉県
「大手企業の数字まわりを支える!」／経理事務／9時半出社／未経験OK新着,株式会社One's Will「3621」,千葉県,月給23万円～,正社員,経理,求人ボックス,https://xn--pckua2a7gp15o89zb.com/jbn/88edecb9191556bfbf504a3833bf235b,True,19時間前,2026-09-19 04:08:12,千葉県
「大手企業の数字まわりを支える!」／経理事務／9時半出社／未経験OK新着,株式会社One's Will「3557」,千葉県,月給23万円～,正社員,経理,求人ボックス,https://xn--pckua2a7gp15o89zb.com/jbn/e5a4abac5c2771ab8ade6d73af1a07ef,True,19時間前,2026-09-19 04:08:12,千葉県
「大手企業の数字まわりを支える!」／経理事務／9時半出社／未経験OK新着,株式会社One's Will「3482」,千葉県,月給22万円～,正社員,経理,求人ボックス,https://xn--pckua2a7gp15o89zb.com/jbn/dd2f390d53de5d87b067474883fb0b8c,True,20時間前,2026-09-19 04:08:16,千葉県
「今だけ採用!大手企業の経理サポート」／経理事務／9時半出社新着,株式会社One's Will「3355」,千葉県,月給22万円～,正社員,経理,求人ボックス,https://xn--pckua2a7gp15o89zb.com/jbn/5dde0c5bf32b3b152e890e026cf17d9d,True,20時間前,2026-09-19 04:08:18,千葉県
「今だけ採用!大手企業の経理サポート」／経理事務／9時半出社新着,株式会社One's Will「3571」,千葉県,月給23万円～,正社員,経理,求人ボックス,https://xn--pckua2a7gp15o89zb.com/jbn/8702535300b3b6748591d5e953f76f37,True,19時間前,2026-09-19 04:08:18,千葉県
「大手企業の数字まわりを支える!」／経理事務／9時半出社／未経験OK新着,株式会社One's Will「3341」,千葉県,月給22万円～,正社員,経理,求人ボックス,https://xn--pckua2a7gp15o89zb.com/jbn/b018b89de74aa59cc945081eb19de9df,True,20時間前,2026-09-19 04:08:21,千葉県
「今だけ採用!大手企業の経理サポート」／経理事務／9時半出社新着,株式会社One's Will「3581」,千葉県,月給23万円～,正社員,経理,求人ボックス,https://xn--pckua2a7gp15o89zb.com/jbn/d6aefce6693f090689dbb4f28df1895d,True,19時間前,2026-09-19 04:08:21,千葉県
「今だけ採用!大手企業の経理サポート」／経理事務／9時半出社新着,株式会社One's Will「3286」,千葉県,月給22万円～,正社員,経理,求人ボックス,https://xn--pckua2a7gp15o89zb.com/jbn/395dc7869f3477f9e83e57c6b328fb51,True,20時間前,2026-09-19 04:08:25,千葉県
「今だけ採用!大手企業の経理サポート」／経理事務／9時半出社新着,株式会社One's Will「3381」,千葉県,月給22万円～,正社員,経理,求人ボックス,https://xn--pckua2a7gp15o89zb.com/jbn/a27087488b8a613265461a0089ae34c8,True,20時間前,2026-09-19 04:08:25,千葉県
「大手企業の数字まわりを支える!」／経理事務／9時半出社／未経験OK新着,株式会社One's Will「3264」,千葉県,月給22万円～,正社員,経理,求人ボックス,https://xn--pckua2a7gp15o89zb.com/jbn/9bd6bb3e117f8fd1f14789a3b887c626,True,20時間前,2026-09-19 04:08:25,千葉県
「大手企業の数字まわりを支える!」／経理事務／9時半出社／未経験OK新着,株式会社One's Will「3888」,千葉県,月給23万円～,正社員,経理,求人ボックス,https://xn--pckua2a7gp15o89zb.com/jbn/bc39fcb5261444e95e4fd1bf64ca7a00,True,19時間前,2026-09-19 04:08:28,千葉県
「今だけ採用!大手企業の経理サポート」／経理事務／9時半出社新着,株式会社One's Will「3431」,千葉県,月給22万円～,正社員,経理,求人ボックス,https://xn--pckua2a7gp15o89zb.com/jbn/2eb9c266bf1bc60bce5a593f359513d8,True,20時間前,2026-09-19 04:08:28,千葉県
「今だけ採用!大手企業の経理サポート」／経理事務／9時半出社新着,株式会社One's Will「3297」,千葉県,月給22万円～,正社員,経理,求人ボックス,https://xn--pckua2a7gp15o89zb.com/jbn/f8e3412f624a432a2eac903b28cd2a2c,True,20時間前,2026-09-19 04:08:28,千葉県
市川市の看護師／有料老人ホームでの看護業務 派遣看護師／日勤のみ新着,グッドネクスト,千葉県,"時給2,300円",派遣社員,看護,求人ボックス,https://xn--pckua2a7gp15o89zb.com/jb/b9ef6c971991370fa9a474eb71590a3d,True,23時間前,2026-09-19 04:08:18,千葉県
暮らしのそばで安心を支える施設看護／住宅型有料老人ホームの看護師新着,株式会社レガート,千葉県,月給30万円～,正社員,看護,求人ボックス,https://xn--pckua2a7gp15o89zb.com/jb/1f74d54d786c26df57c48bad37629c99,True,6時間前,2026-09-19 04:08:18,千葉県
デイケア看護師新着,株式会社アングル,千葉県,月給28万円～,正社員,看護,求人ボックス,https://xn--pckua2a7gp15o89zb.com/jb/98382856c8921a0d0e3b2dac44a0cb8f,True,4時間前,2026-09-19 04:08:18,千葉県
有料老人ホームでの看護師新着,レジオール,千葉県,"時給2,240円～2,310円",派遣社員,看護,求人ボックス,https://xn--pckua2a7gp15o89zb.com/jb/a23de9ad89ea97162a84df6b96389690,True,23時間前,2026-09-19 04:08:22,千葉県
看護師新着,ジャルダン カトレア いすみ,千葉県,"月給21万4,000円",正社員,看護,求人ボックス,https://xn--pckua2a7gp15o89zb.com/jb/1d9481a3805c4e024ac115bc343b5268,True,4時間前,2026-09-19 04:08:22,千葉県
看護師准看護師新着,青山病院,千葉県,"月給18万3,680円",正社員,看護,求人ボックス,https://xn--pckua2a7gp15o89zb.com/jb/ef6b2ee09aad3c1b6529de5148268d96,True,2時間前,2026-09-19 04:08:26,千葉県
看護師新着,株式会社グッドネクスト,千葉県,"時給2,400円～",派遣社員,看護,求人ボックス,https://xn--pckua2a7gp15o89zb.com/jb/75b44a521a592786a7269066f99e5967,True,7時間前,2026-09-19 04:08:29,千葉県
有料老人ホームの看護師新着,株式会社アスモ介護サービス,千葉県,"月給28万6,000円",正社員,看護,求人ボックス,https://xn--pckua2a7gp15o89zb.com/jb/4aacbc1279f396878814f3faffe0c6aa,True,17時間前,2026-09-19 04:08:29,千葉県
介護付有料老人ホームの看護師新着,看護師,千葉県,"月給28万7,000円",正社員,看護,求人ボックス,https://xn--pckua2a7gp15o89zb.com/jb/748837e9b7019f1724425c7a478344d4,True,9時間前,2026-09-19 04:08:29,千葉県
社会保険完備の職場で看護師／准看護師新着,慶櫻ゆりのき保育園,千葉県,"月給21万5,000円",正社員,看護,求人ボックス,https://xn--pckua2a7gp15o89zb.com/jb/1d531df61f97e8aa4a12b894a691f952,True,6時間前,2026-09-19 04:08:32,千葉県
訪問看護師新着,赤枝グループ,千葉県,"月給31万4,672円",正社員,看護,求人ボックス,https://xn--pckua2a7gp15o89zb.com/jb/1c9cfd5eb96a3f0c550d78837bb1a22b,True,10時間前,2026-09-19 04:08:35,千葉県
介護施設の看護師／准看護師新着,SOMPOケア ラヴィーレ千葉椿森,千葉県,"月給24万9,000円",正社員,看護,求人ボックス,https://xn--pckua2a7gp15o89zb.com/jb/9eaa6d654203bd855c66335af574098d,True,6時間前,2026-09-19 04:08:35,千葉県
社会保険完備の職場で看護師／准看護師新着,Nestおおたかの森保育園,千葉県,"月給23万8,500円",正社員,看護,求人ボックス,https://xn--pckua2a7gp15o89zb.com/jb/63d060091c85275499bf2f1e63685b3d,True,6時間前,2026-09-19 04:08:35,千葉県
社会保険完備の職場で看護師／准看護師新着,Nest本八幡保育園,千葉県,"月給23万6,300円",正社員,看護,求人ボックス,https://xn--pckua2a7gp15o89zb.com/jb/1b0346bdf7e62213369c5c1a184cb434,True,6時間前,2026-09-19 04:08:38,千葉県
診療所・クリニックの看護師／准看護師新着,せきぐち整形外科,千葉県,月給28万円～35万円,正社員,看護,求人ボックス,https://xn--pckua2a7gp15o89zb.com/jb/03839989a8b0f20bede18cb317b85638,True,6時間前,2026-09-19 04:08:38,千葉県
准看護師／夜勤回数応相談／24時間対応の託児所完備新着,医療法人甲辰会 海保病院,千葉県,"月給30万5,000円",正社員,看護,求人ボックス,https://xn--pckua2a7gp15o89zb.com/jb/f6661d16e165563f97cb5a52b6721fcf,True,11時間前,2026-09-19 04:08:42,千葉県
看護職・社会保険完備の職場で看護師／准看護師新着,SOU訪問看護ステーション東船橋,千葉県,"月給34万8,500円",正社員,看護,求人ボックス,https://xn--pckua2a7gp15o89zb.com/jb/7fff18a1d9f1fc1b2a13c01f34cd400e,True,6時間前,2026-09-19 04:08:46,千葉県
診療所・クリニックの看護師／准看護師新着,五井クリニック,千葉県,"月給19万5,000円",正社員,看護,求人ボックス,https://xn--pckua2a7gp15o89zb.com/jb/7d479056c6162691eef9600593ea1d36,True,6時間前,2026-09-19 04:08:46,千葉県
正看護師／私立認可保育園／フロンティアキッズ市川新着,株式会社フューチャーフロンティアーズ,千葉県,月給26万円～33万円,正社員,看護,求人ボックス,https://xn--pckua2a7gp15o89zb.com/jb/57863ec018e40e2fb7ab711e1074204b,True,3時間前,2026-09-19 04:08:46,千葉県
看護師／有料老人ホーム新着,アスモ介護サービス西船橋,千葉県,月給20万円,正社員,看護,求人ボックス,https://xn--pckua2a7gp15o89zb.com/jb/1da3cacedd759f054b36ec0300c11b93,True,6時間前,2026-09-19 04:08:46,千葉県
柔道整復師新着,創生会グループ,千葉県,"時給1,600円～2,000円",アルバイト・パート,治療家,求人ボックス,https://xn--pckua2a7gp15o89zb.com/jb/9cef2d8b8e189e2c11531bda4dee2973,True,8時間前,2026-09-19 04:08:34,千葉県
柔道整復師「パート・アルバイト」／そよ風公式新着,株式会社SOYOKAZE,千葉県,"時給1,400円～1,500円",アルバイト・パート,治療家,求人ボックス,https://xn--pckua2a7gp15o89zb.com/jb/fda369c00d8fc1af9fa96d3e9ea00e1c,True,2時間前,2026-09-19 04:08:34,千葉県
柔道整復師／ボディケア／スポーツ外傷／骨盤矯正／スポーツトレーナー新着,リジョブエージェント,千葉県,月給25万円～28万円,正社員,治療家,求人ボックス,https://xn--pckua2a7gp15o89zb.com/jb/9f5bf58e3a92950cfdf19d6f857261eb,True,8時間前,2026-09-19 04:08:34,千葉県
「役員タクシードライバー」週3日勤務／普通免許で未経験からスタート／月収50万円以上・ボーナス年2回新着,柔道整復師,千葉県,"月給47万6,000円",正社員,治療家,求人ボックス,https://xn--pckua2a7gp15o89zb.com/jbn/700232c43d1101de0fc23427afd92ecc,True,12時間前,2026-09-19 04:08:34,千葉県
タクシードライバー週3日勤務／未経験OK・月収50万円以上・ボーナス支給あり新着,柔道整復師,千葉県,"月給47万6,500円",正社員,治療家,求人ボックス,https://xn--pckua2a7gp15o89zb.com/jbn/95f40d31dea9acbf067fb320d79e0c17,True,10時間前,2026-09-19 04:08:34,千葉県
「空港へのタクシードライバー」週3日勤務／普通免許で未経験OK／月収50万円以上・賞与2ヶ月分あり新着,柔道整復師,千葉県,"月給47万6,000円",正社員,治療家,求人ボックス,https://xn--pckua2a7gp15o89zb.com/jbn/b679ebe5d95faf49826fd5cbcb2e0603,True,12時間前,2026-09-19 04:08:34,千葉県
タクシードライバー／「タレントやスポーツ選手等の送迎」週3日勤務／未経験OK・月収50万円以上新着,柔道整復師,千葉県,"月給47万4,000円",正社員,治療家,求人ボックス,https://xn--pckua2a7gp15o89zb.com/jbn/662efbc8d42834d6c89c3bd8f8b546ad,True,12時間前,2026-09-19 04:08:34,千葉県
著名人や企業役員のタクシードライバー「週3日勤務」未経験OK・月収40万円以上／ボーナス支給あり新着,柔道整復師,千葉県,"月給47万6,000円",正社員,治療家,求人ボックス,https://xn--pckua2a7gp15o89zb.com/jbn/334a7942790fcee6e659043a9c0a1359,True,11時間前,2026-09-19 04:08:34,千葉県
「タクシードライバー」月収50万以上・未経験歓迎／週3勤務・普通免許のみOK・ボーナス2回新着,柔道整復師,千葉県,"月給47万6,000円",正社員,治療家,求人ボックス,https://xn--pckua2a7gp15o89zb.com/jbn/8ab6d7b931811ed7b218103a4131dc2b,True,8時間前,2026-09-19 04:08:34,千葉県
「タクシードライバー・夜勤」月50万以上可・未経験歓迎／寮・社宅完備／普免のみOK・ボーナスあり新着,柔道整復師,千葉県,"月給47万6,000円",正社員,治療家,求人ボックス,https://xn--pckua2a7gp15o89zb.com/jbn/d5855b30d888d2b416b6f2fa12153661,True,9時間前,2026-09-19 04:08:34,千葉県
「タクシードライバー・定期送迎」月収50万以上・未経験歓迎・普通免許のみOK・ボーナスあり新着,柔道整復師,千葉県,"月給47万6,000円",正社員,治療家,求人ボックス,https://xn--pckua2a7gp15o89zb.com/jbn/fb1176a389e952eaf1c5ffc58f18158f,True,8時間前,2026-09-19 04:08:34,千葉県
機能回復訓練士／入居者様へのリハビリ業務全般／サニーライフ木更津新着,株式会社川島コーポレーション,千葉県,月給25万円～,正社員,治療家,求人ボックス,https://xn--pckua2a7gp15o89zb.com/jb/2595e349f38016d3708f4f571b4c77d6,True,14時間前,2026-09-19 04:08:34,千葉県
「週3日勤務」普通免許でスタートできる役員タクシードライバー／週の残り4日はすべてあなたの自由時間新着,...キャリアアップも全面的にバックアップします。 【その他概要】<前職例>製造/工場/ライン作業/生產管理/設備保全/製鋼/溶接クレーン・玉掛/金属加工/板金加工/板金塗装/警備員機械・電気/倉庫内,千葉県,"月給47万4,000円",正社員,治療家,求人ボックス,https://xn--pckua2a7gp15o89zb.com/jbn/acf6f4a26268e4926dc33d21566fbdb8,True,12時間前,2026-09-19 04:08:34,千葉県
タレント・芸能・観光客のタクシードライバー「週3日勤務」賞与年2回／初年度から月収50万円以上新着,...未経験からでも安心してプロドライバーを目指せる環境です。 【その他特徴】<前職例>製造/工場/ライン作業/生產管理/設備保全/製鋼/溶接クレーン・玉掛/金属加工/板金加工/板金塗装/警備員機械・,千葉県,"月給47万6,000円",正社員,治療家,求人ボックス,https://xn--pckua2a7gp15o89zb.com/jbn/48118effdd978b36ee3f64c1b622ff96,True,11時間前,2026-09-19 04:08:34,千葉県
機能訓練指導員／アットホームなデイサービス求人です!／研修制度あり／福利厚生充実新着,...あなたのスキルアップとキャリア形成を会社全体で応援します。 業務内容の変更範囲:会社の定める業務範囲 【対象となる方】<応募必須条件> 機能訓練指導員としての任用資格(PT・OT・,千葉県,月給27万円～29万円,正社員,治療家,求人ボックス,https://xn--pckua2a7gp15o89zb.com/jb/0fd545b13b62d57eb3b664b1cd5c9f2e,True,23時間前,2026-09-19 04:08:34,千葉県
介護支援専門員・ケアマネージャー／有料老人ホーム新着,柔道整復師,千葉県,"月給25万5,000円",正社員,治療家,求人ボックス,https://xn--pckua2a7gp15o89zb.com/jb/2940acdbb4bcee2c044150c962494e54,True,23時間前,2026-09-19 04:08:34,千葉県
草加営業所／ルート配送ドライバー／経験不問／20代～40代活躍中新着,株式会社和幸流通サービス,千葉県,月給26万円～35万円,正社員,ドライバー,求人ボックス,https://xn--pckua2a7gp15o89zb.com/jbn/ed04edaabca4f9ce955a907c562273ce,True,23時間前,2026-09-19 04:08:32,千葉県
「賞与年2回×毎日帰れる地場便」近距離の大型トラックドライバー新着,司企業株式会社 野田ロジセンター,千葉県,月給23万円～40万円,正社員,ドライバー,求人ボックス,https://xn--pckua2a7gp15o89zb.com/jbn/6c0b7a1d30e75537e9a975413157bb5f,True,23時間前,2026-09-19 04:08:33,千葉県
日払い可能!小型の配送ドライバー／運べば運ぶほど稼げる 面接1回新着,Jルート株式会社,千葉県,月給50万円～100万円,,ドライバー,求人ボックス,https://xn--pckua2a7gp15o89zb.com/jb/9f3dfde95784acb6b9e34f7ca449b856,True,8時間前,2026-09-19 04:08:33,千葉県
日払い可能!小型の配送ドライバー／運べば運ぶほど稼げる 面接1回新着,JCSロジスコ株式会社,千葉県,月給50万円～100万円,,ドライバー,求人ボックス,https://xn--pckua2a7gp15o89zb.com/jb/a553ddc493292253cbfde13d2032994a,True,9時間前,2026-09-19 04:08:36,千葉県
タクシードライバー／「経営者の専属運転手」月収50万以上・週3勤務新着,ドライバー,千葉県,"月給47万6,000円",正社員,ドライバー,求人ボックス,https://xn--pckua2a7gp15o89zb.com/jbn/ea56bf46e2a54a5f85755d2c1c00a857,True,9時間前,2026-09-19 04:08:40,千葉県
「夜勤・タクシードライバー」月収50万以上・履歴書不要／普通免許でOK新着,ドライバー,千葉県,"月給47万6,000円",正社員,ドライバー,求人ボックス,https://xn--pckua2a7gp15o89zb.com/jbn/0ae35f18b33e19a906508eab09c4a4a7,True,8時間前,2026-09-19 04:08:43,千葉県
タクシードライバー「週3勤務」月収50万以上可／普通免許1年でOK新着,<関連職種>役員運転手/送迎,千葉県,"月給47万4,000円",正社員,ドライバー,求人ボックス,https://xn--pckua2a7gp15o89zb.com/jbn/fba6850f51a5fc0d84ad4b83dbc89b92,True,9時間前,2026-09-19 04:08:43,千葉県
「空港へのタクシードライバー」週3日勤務／普通免許で未経験OK新着,ドライバー,千葉県,"月給47万4,000円",正社員,ドライバー,求人ボックス,https://xn--pckua2a7gp15o89zb.com/jbn/cd9a7f3bbc23812d427ea5f4e25c8bc8,True,12時間前,2026-09-19 04:08:47,千葉県
「異業種からの転職歓迎」タクシードライバー／週3勤務／月収50万以上新着,経験を活かして始められる,千葉県,"月給47万6,000円",正社員,ドライバー,求人ボックス,https://xn--pckua2a7gp15o89zb.com/jbn/922d9c5d52b36abaa45093668ac64ae1,True,8時間前,2026-09-19 04:08:50,千葉県
「夜勤・高収入・空港送迎」タクシードライバー／普通免許でOK／賞与あり新着,ドライバー,千葉県,"月給47万6,000円",正社員,ドライバー,求人ボックス,https://xn--pckua2a7gp15o89zb.com/jbn/93287c062a1feb6f770449d8caac88b5,True,9時間前,2026-09-19 04:08:52,千葉県
夜勤の役員・VIPタクシードライバー／月収40万円以上も可／賞与年2回新着,ドライバー,千葉県,"月給47万6,000円",正社員,ドライバー,求人ボックス,https://xn--pckua2a7gp15o89zb.com/jbn/f8306a0409f20b3da48efe95f341de08,True,9時間前,2026-09-19 04:08:52,千葉県
警備員／第一警備保障株式会社 松戸支社新着,株式会社第二章,千葉県,"日給1万3,500円",アルバイト・パート,警備,求人ボックス,https://xn--pckua2a7gp15o89zb.com/jb/c96e11c31191e7661df0e12bad5dcae7,True,1時間前,2026-09-19 04:08:50,千葉県
警備員新着,SPD株式会社,千葉県,"日給1万8,976円",アルバイト・パート,警備,求人ボックス,https://xn--pckua2a7gp15o89zb.com/jb/fb8f59dde781fe8a8ba76fc5e7b0493a,True,11時間前,2026-09-19 04:08:50,千葉県
日給1万9000円／公共機関の施設警備員 休憩あり!仮眠あり!新着,株式会社MSK,千葉県,日給1万9000円,アルバイト・パート,警備,求人ボックス,https://xn--pckua2a7gp15o89zb.com/jb/fa893bec1880979c0492042a8ef78175,True,4時間前,2026-09-19 04:08:51,千葉県
大手警備会社の常駐警備員／長期のリフレッシュ休暇あり／未経験OK新着,株式会社日本パーソナルビジネス,千葉県,"月給25万5,000円",正社員,警備,求人ボックス,https://xn--pckua2a7gp15o89zb.com/jb/626c22ef99c15cd5bfad472f9fd4e1df,True,9時間前,2026-09-19 04:08:51,千葉県
「愛知県勤務」交通誘導／待遇に自信あり／引っ越しサポートあり・日払い週払い可新着,セキュリティスタッフ株式会社,千葉県,月給24万円～26万円,正社員,警備,求人ボックス,https://xn--pckua2a7gp15o89zb.com/jb/1fe1327b847d194792d8aac8f32fa292,True,3時間前,2026-09-19 04:08:51,千葉県
駅直結商業ビルの警備スタッフ新着,ティ・オーオー株式会社,千葉県,日給2万800円,正社員,警備,求人ボックス,https://xn--pckua2a7gp15o89zb.com/jb/edbfe0efba742308d042e3cc1facfc25,True,7時間前,2026-09-19 04:08:55,千葉県
「異業種からの転職歓迎」タクシードライバー／週3勤務／月収50万以上新着,警備・,千葉県,"月給47万6,000円",正社員,警備,求人ボックス,https://xn--pckua2a7gp15o89zb.com/jbn/fdc3ad89a73ade0b0f016a2386933043,True,9時間前,2026-09-19 04:08:58,千葉県
成田空港内の施設警備／経験不問新着,株式会社KSP・EAST,千葉県,日給1万800円,契約社員,警備,求人ボックス,https://xn--pckua2a7gp15o89zb.com/jb/061c488a5c437afd8ceab1b250b67672,True,5時間前,2026-09-19 04:08:58,千葉県
デスクワーク／未経験OK／第二新卒歓迎／福利厚生充実／若手中心／完全週休2日制新着,株式会社ホワイトキャリア,千葉県,月給23万円～50万円,正社員,警備,求人ボックス,https://xn--pckua2a7gp15o89zb.com/jbn/c1fd3738f0b5e12388c4eae8e2d3f653,True,5時間前,2026-09-19 04:09:01,千葉県
訪問介護スタッフ・社会保険完備の職場で介護職／ヘルパー新着,ニチイメゾン西千葉,千葉県,"時給1,250円～1,330円",アルバイト・パート,警備,求人ボックス,https://xn--pckua2a7gp15o89zb.com/jb/47d9ab0fd364efd1e7ef41b102ed3e6e,True,6時間前,2026-09-19 04:09:01,千葉県
「著名人のタクシードライバー」未経験OK・月収50万円以上／週3日勤務／20代～50代が多数活躍中新着,警備員,千葉県,"月給47万6,000円",正社員,警備,求人ボックス,https://xn--pckua2a7gp15o89zb.com/jbn/bfb93d32f341c6df6a7f3cf82951ffc6,True,11時間前,2026-09-19 04:09:05,千葉県
「夜勤・アプリ配車タクシードライバー」二種免許不要／月収40万以上／未経験歓迎新着,警備員,千葉県,"月給47万6,000円",正社員,警備,求人ボックス,https://xn--pckua2a7gp15o89zb.com/jbn/6ab2ce3417271c264f62c43ff3411bdd,True,9時間前,2026-09-19 04:09:05,千葉県
タクシードライバー週3日勤務／未経験OK・月収50万円以上・ボーナス支給あり新着,警備員,千葉県,"月給51万4,500円",正社員,警備,求人ボックス,https://xn--pckua2a7gp15o89zb.com/jbn/e978996e48d6a5daace8a27ec14704fa,True,10時間前,2026-09-19 04:09:09,千葉県
「アプリ配車タクシードライバー・週3勤務」20代活躍中／月収40万以上／普通免許でOK新着,警備員,千葉県,"月給47万6,000円",正社員,警備,求人ボックス,https://xn--pckua2a7gp15o89zb.com/jbn/9833303e69bf958645352a03d7b72f19,True,8時間前,2026-09-19 04:09:12,千葉県
ホームセンター駐車場での車両誘導／未経験者も始めやすい警備新着,株式会社トライ,千葉県,"日給9,560円",アルバイト・パート,警備,求人ボックス,https://xn--pckua2a7gp15o89zb.com/jb/26e8b7c5fe4ae3366446366118a5769e,True,5時間前,2026-09-19 04:09:14,千葉県
製造スタッフ／車・航空機製造／ライン作業 エンジン部品の製造 高収入新着,株式会社AKATSUKI,千葉県,"月給38万6,000円",正社員,製造,求人ボックス,https://xn--pckua2a7gp15o89zb.com/jb/fb3adb1206ef2cd96ae6e619b3842c7b,True,4時間前,2026-09-19 04:08:51,千葉県
「未経験から正社員へ!」／ゲーム柄イヤホンケースの製造スタッフ新着,製造,千葉県,"月給38万7,000円",正社員,製造,求人ボックス,https://xn--pckua2a7gp15o89zb.com/jbn/3b46275b7b528508c02fcec708ac8816,True,12時間前,2026-09-19 04:08:51,千葉県
「未経験からグッズ製造へ!」／キャラクターシール帳の製造スタッフ新着,製造,千葉県,"月給38万2,000円",正社員,製造,求人ボックス,https://xn--pckua2a7gp15o89zb.com/jbn/fa126c712eaea4b3a789d389117eb654,True,12時間前,2026-09-19 04:08:51,千葉県
「未経験からグッズ製造へ!」／ライブグッズ用ポーチの製造スタッフ新着,製造,千葉県,"月給42万2,000円",正社員,製造,求人ボックス,https://xn--pckua2a7gp15o89zb.com/jbn/9bd40a4608cec63f43120712c4d6feb5,True,12時間前,2026-09-19 04:08:52,千葉県
「初めての正社員に!」／アニメ柄缶ケースの製造スタッフ／未経験歓迎新着,製造,千葉県,"月給35万6,000円",正社員,製造,求人ボックス,https://xn--pckua2a7gp15o89zb.com/jbn/91ff4cdf8ca0995b6a76999a2feabdcd,True,12時間前,2026-09-19 04:08:52,千葉県
カメラ用レンズの工場内検品スタッフ／製造／社会人デビューOK新着,株式会社tocca,千葉県,月給30万円～34万円,正社員,製造,求人ボックス,https://xn--pckua2a7gp15o89zb.com/jbn/d394d2efc3d0ccc6fc40bc47abf7d6c4,True,23時間前,2026-09-19 04:08:52,千葉県
「未経験から新生活へ!」／キャラクターエコバッグの製造スタッフ新着,製造,千葉県,"月給36万2,000円",正社員,製造,求人ボックス,https://xn--pckua2a7gp15o89zb.com/jbn/0cdfda23c22ef5e030d5d87824d9e196,True,12時間前,2026-09-19 04:08:52,千葉県
「未経験95%スタート!」／キャラクターステッカーの製造スタッフ新着,製造,千葉県,"月給35万7,000円",正社員,製造,求人ボックス,https://xn--pckua2a7gp15o89zb.com/jbn/630a1be731cdf9269bec4ef1195d0ace,True,12時間前,2026-09-19 04:08:52,千葉県
車・航空機製造／検査／製造スタッフ 即日入社 寮費無料／自動車エンジン...新着,ジョブストア株式会社,千葉県,月給29万円～38万円,正社員,製造,求人ボックス,https://xn--pckua2a7gp15o89zb.com/jb/822ef7abd91ffe4356ce2b9f7db01d9a,True,4時間前,2026-09-19 04:08:57,千葉県
「正社員デビュー応援!」／キャラクターフィギュアの製造スタッフ新着,製造,千葉県,"月給42万7,000円",正社員,製造,求人ボックス,https://xn--pckua2a7gp15o89zb.com/jbn/da19e1c6b77982db0cfbe6e5fa473ce2,True,12時間前,2026-09-19 04:08:57,千葉県
「コツコツ検査作業!」溶解炉のパーツ製造スタッフ／20代から30代活躍...新着,株式会社日本ケイテム,千葉県,"時給1,500円～",アルバイト・パート,製造,求人ボックス,https://xn--pckua2a7gp15o89zb.com/jbn/9cb80ab86706c6289ebad81c40b8cbf9,True,20時間前,2026-09-19 04:08:57,千葉県
「未経験から新生活へ!」／アクリルキーホルダーの製造スタッフ新着,製造,千葉県,"月給35万2,000円",正社員,製造,求人ボックス,https://xn--pckua2a7gp15o89zb.com/jbn/7678f526092fc64c8c031bdcbcd74a2c,True,12時間前,2026-09-19 04:08:57,千葉県
「未経験から新生活へ!」／ゲームキャラキーホルダーの製造スタッフ新着,製造,千葉県,"月給40万2,000円",正社員,製造,求人ボックス,https://xn--pckua2a7gp15o89zb.com/jbn/9cf7dde3d80dd80f9b705ca066912625,True,12時間前,2026-09-19 04:09:01,千葉県
「未経験95%スタート!」／ゲームイベントノベルティの製造スタッフ新着,製造,千葉県,"月給40万7,000円",正社員,製造,求人ボックス,https://xn--pckua2a7gp15o89zb.com/jbn/10da987c46af77f82855f9dfdd9ba29d,True,12時間前,2026-09-19 04:09:01,千葉県
「スピード採用実施中」／製造スタッフ／WEB面接対応／未経験歓迎新着,製造,千葉県,月給27万円～33万円,正社員,製造,求人ボックス,https://xn--pckua2a7gp15o89zb.com/jbn/fee5afe44563ec7ae4180ff1987abd9d,True,14時間前,2026-09-19 04:09:01,千葉県
「自動車ゴム部品の製造」同世代スタッフ在籍／二交代・夜勤あり新着,AspiRove株式会社,千葉県,月給32万円,正社員,製造,求人ボックス,https://xn--pckua2a7gp15o89zb.com/jb/465d34543ac245dd4dce51005490cdc4,True,22時間前,2026-09-19 04:09:04,千葉県
「若手中心の明るい職場」／オフィスチェア部品の製造スタッフ／モノづくり新着,製造,千葉県,"月給35万2,000円",正社員,製造,求人ボックス,https://xn--pckua2a7gp15o89zb.com/jbn/94d54dfd23999d6c8dfca8a91db5e0f4,True,13時間前,2026-09-19 04:09:07,千葉県
安定収入／プラスチックケースの製造スタッフ／未経験OK／寮完備新着,株式会社アテナスタイル,千葉県,"月給29万4,000円",正社員,製造,求人ボックス,https://xn--pckua2a7gp15o89zb.com/jb/f898534588cab1e473b9cf5969838964,True,4時間前,2026-09-19 04:09:07,千葉県
製造スタッフ／工場・製造系 契 水槽用フィルターの組立·未経験OK新着,株式会社STREAK,千葉県,"時給1,540円～1,800円",契約社員,製造,求人ボックス,https://xn--pckua2a7gp15o89zb.com/jb/77d9004818ca071f17fd4e7be8e3f838,True,4時間前,2026-09-19 04:09:11,千葉県
「安定して働ける環境あり!」／製造スタッフ／寮費無料／コツコツ作業新着,株式会社SNJAPAN,千葉県,月給27万円～34万円,正社員,製造,求人ボックス,https://xn--pckua2a7gp15o89zb.com/jbn/7b81629389445bec0be9e124776f2356,True,16時間前,2026-09-19 04:09:11,千葉県
「未経験から安定した仕事を」／製造スタッフ／高収入／福利厚生充実新着,製造,千葉県,月給27万円～33万円,正社員,製造,求人ボックス,https://xn--pckua2a7gp15o89zb.com/jbn/b3bef5758679d1d80e69e7027e73173e,True,14時間前,2026-09-19 04:09:11,千葉県
「住み込みで安定ワーク!」／釣り竿の製造スタッフ／即日勤務OK新着,株式会社Tetote,千葉県,"月給27万3,000円",正社員,製造,求人ボックス,https://xn--pckua2a7gp15o89zb.com/jbn/f494d5d3587c5d5f06c06704e8ca2077,True,12時間前,2026-09-19 04:09:15,千葉県
ETCの製造・軽作業スタッフ新着,ライフウェル合同会社,千葉県,"月給27万5,000円",正社員,製造,求人ボックス,https://xn--pckua2a7gp15o89zb.com/jb/9b8af23524980dc4d2229c62bc07e5be,True,8時間前,2026-09-19 04:09:15,千葉県
「若手中心の明るい職場」／ドライブレコーダー部品の製造スタッフ新着,製造,千葉県,"月給33万1,000円",正社員,製造,求人ボックス,https://xn--pckua2a7gp15o89zb.com/jbn/8ced628b526762b934e0ef838dcedaad,True,13時間前,2026-09-19 04:09:15,千葉県
「仕事もプライベートも充実!」／製造スタッフ／未経験歓迎／土日休み新着,製造,千葉県,月給27万円～33万円,正社員,製造,求人ボックス,https://xn--pckua2a7gp15o89zb.com/jbn/d90090133c99d73dfbebc5455b585af6,True,14時間前,2026-09-19 04:09:19,千葉県
「未経験から安定スタート」／住宅用スマートキーの製造スタッフ新着,製造,千葉県,月給33万円～48万,正社員,製造,求人ボックス,https://xn--pckua2a7gp15o89zb.com/jbn/841f2a0ad1da0c5ee9a2d0f97df41d32,True,13時間前,2026-09-19 04:09:19,千葉県
安定企業で製造スタッフ募集!／小型プリンター部品の仕上げスタッフ新着,製造,千葉県,"月給43万9,000円",正社員,製造,求人ボックス,https://xn--pckua2a7gp15o89zb.com/jbn/20fdb3ff76b63404ea524dd0cab49d72,True,10時間前,2026-09-19 04:09:22,千葉県
コツコツ作業で安定収入／電動歯ブラシ部品の製造スタッフ／生活サポート充...新着,製造,千葉県,"月給36万1,000円",正社員,製造,求人ボックス,https://xn--pckua2a7gp15o89zb.com/jbn/b58cb5331a4d190d17af43ef7db50bd8,True,9時間前,2026-09-19 04:09:22,千葉県
ETCの製造・軽作業スタッフ新着,縁建託株式会社,千葉県,"月給27万5,000円",正社員,製造,求人ボックス,https://xn--pckua2a7gp15o89zb.com/jb/e197746829f59b353c0cda03d1df0b0d,True,9時間前,2026-09-19 04:09:22,千葉県
清掃スタッフ新着,東葉ビル管理株式会社,千葉県,"時給1,250円",アルバイト・パート,清掃,求人ボックス,https://xn--pckua2a7gp15o89zb.com/jb/753470d8e2bfcaa61cb7e55a401bea56,True,7時間前,2026-09-19 04:09:03,千葉県
ゴルフ場清掃スタッフ／週2日から5日勤務／8時から17時まで新着,株式会社トータルメンテナンスジャパン,千葉県,"時給1,200円",アルバイト・パート,清掃,求人ボックス,https://xn--pckua2a7gp15o89zb.com/jb/b827c23ba9e1ea6c2111a78c6636c0a0,True,11時間前,2026-09-19 04:09:03,千葉県
週3OKの清掃STAFFをお任せ!髪色髪型自由!個性を活かして働ける新着,株式会社プロテクス／PT,千葉県,"時給1,150円",アルバイト・パート,清掃,求人ボックス,https://xn--pckua2a7gp15o89zb.com/jb/764782a329189f22cc031fe30753f4f5,True,22時間前,2026-09-19 04:09:03,千葉県
清掃スタッフ／浄化槽の清掃／経験不問／安定した業界新着,中央コントロールサービス株式会社,千葉県,月給28万円～35万円,正社員,清掃,求人ボックス,https://xn--pckua2a7gp15o89zb.com/jb/9b5bf083e6d39839bae6f97c90cd7c02,True,5時間前,2026-09-19 04:09:03,千葉県
商業施設の清掃スタッフ新着,株式会社白青舎,千葉県,月給22万円,,清掃,求人ボックス,https://xn--pckua2a7gp15o89zb.com/jb/b42afc9e25cf7338b473843ec46b00ff,True,3時間前,2026-09-19 04:09:03,千葉県
清掃スタッフ新着,株式会社クリーンジャパン,千葉県,"時給1,200円",アルバイト・パート,清掃,求人ボックス,https://xn--pckua2a7gp15o89zb.com/jb/b651886648b55d02e57b25395d412fc3,True,11時間前,2026-09-19 04:09:03,千葉県
プラントの清掃スタッフ／未経験OK／週払いOK／社会保険完備新着,株式会社ドライブトライブ,千葉県,"日給1万1,000円",派遣社員,清掃,求人ボックス,https://xn--pckua2a7gp15o89zb.com/jb/9ed211f5d2ca8641535afaab953ea1bd,True,18時間前,2026-09-19 04:09:03,千葉県
「マンションの清掃スタッフ」履歴書不要!カンタン応募!日払いOK!新着,株式会社CAREER,千葉県,"時給1,250円",派遣社員,清掃,求人ボックス,https://xn--pckua2a7gp15o89zb.com/jb/7c28698bcae0d4380d5f4468147e6452,True,9時間前,2026-09-19 04:09:04,千葉県
施設内の清掃スタッフ新着,アイング株式会社 清掃部 アルティーリ千葉練習場...,千葉県,"時給1,450円～",アルバイト・パート,清掃,求人ボックス,https://xn--pckua2a7gp15o89zb.com/jb/e0d457ed82a79f6922c3354a549210df,True,16時間前,2026-09-19 04:09:04,千葉県
開店前パチンコ店清掃スタッフ新着,株式会社日本ヒュウマップ ヒュウマップクリーンサ...,千葉県,"時給1,140円～",アルバイト・パート,清掃,求人ボックス,https://xn--pckua2a7gp15o89zb.com/jb/2a3360ebf17d6d9d33cc2eaecba4a2d4,True,2時間前,2026-09-19 04:09:04,千葉県
浦安市にあるアミューズメント施設の深夜清掃スタッフ新着,グローブシップ株式会社,千葉県,月給21万円～,正社員,清掃,求人ボックス,https://xn--pckua2a7gp15o89zb.com/jb/9a452986c80ff1a00447b43f4440d0de,True,16時間前,2026-09-19 04:09:04,千葉県
開店前パチンコ店清掃スタッフ新着,株式会社日本ヒュウマップ ヒュウマップクリーンサ...,千葉県,"時給1,140円～",アルバイト・パート,清掃,求人ボックス,https://xn--pckua2a7gp15o89zb.com/jb/77e9bfd2757cc75f673a8b2f900524bf,True,2時間前,2026-09-19 04:09:04,千葉県
パチンコ店清掃スタッフ新着,株式会社日本ヒュウマップ ヒュウマップクリーンサ...,千葉県,"時給1,300円～",アルバイト・パート,清掃,求人ボックス,https://xn--pckua2a7gp15o89zb.com/jb/4c9de6fbb812361462a299bda79a6d2f,True,16時間前,2026-09-19 04:09:04,千葉県
館内 清掃スタッフ新着,株式会社スパサンフジ 湯楽の里 松戸店,千葉県,"時給1,170円～",アルバイト・パート,清掃,求人ボックス,https://xn--pckua2a7gp15o89zb.com/jb/4cd86952dda034fb7963ccf5a611d1c0,True,16時間前,2026-09-19 04:09:04,千葉県
マンションの清掃スタッフ新着,株式会社ハリマビステム,千葉県,"時給1,195円",アルバイト・パート,清掃,求人ボックス,https://xn--pckua2a7gp15o89zb.com/jb/bad35c7eaa1eeeb9741f46cd872eb86c,True,3時間前,2026-09-19 04:09:07,千葉県
3階建て老人保健施設での日常清掃スタッフ／1日8h勤務／週2日新着,藤海ビルサービス株式会社,千葉県,"時給1,195円",アルバイト・パート,清掃,求人ボックス,https://xn--pckua2a7gp15o89zb.com/jb/473bc737db2ae2d318559d668914e890,True,18時間前,2026-09-19 04:09:07,千葉県
清掃・調理補助スタッフ・無資格可の調理師／調理スタッフ新着,住宅型有料老人ホーム「医心館 北習志野」,千葉県,"時給1,200円～",アルバイト・パート,清掃,求人ボックス,https://xn--pckua2a7gp15o89zb.com/jb/36e8e34da20536ac2db7c6e74bd1bf5e,True,6時間前,2026-09-19 04:09:07,千葉県
物流センター内清掃スタッフ新着,株式会社ジャレック,千葉県,"時給1,200円",アルバイト・パート,清掃,求人ボックス,https://xn--pckua2a7gp15o89zb.com/jb/c370b256ee7a7a79d9f4522f36c49c8b,True,19時間前,2026-09-19 04:09:07,千葉県
清掃・調理補助スタッフ・無資格可の調理師／調理スタッフ新着,住宅型有料老人ホーム「医心館成田」,千葉県,"時給1,200円～",アルバイト・パート,清掃,求人ボックス,https://xn--pckua2a7gp15o89zb.com/jb/c4aada2bb7dceb6060d1b9075f5e6c1e,True,6時間前,2026-09-19 04:09:07,千葉県
清掃スタッフ新着,株式会社コスモクリーンサプライ,千葉県,"時給1,500円～",アルバイト・パート,清掃,求人ボックス,https://xn--pckua2a7gp15o89zb.com/jb/6bae5a758205efda12478cbbe479cdb5,True,5時間前,2026-09-19 04:09:07,千葉県
学校給食の洗浄・清掃スタッフ新着,株式会社東洋食品PFI管理部,千葉県,"時給1,200円～",アルバイト・パート,清掃,求人ボックス,https://xn--pckua2a7gp15o89zb.com/jb/dca9c6e2efd1eb48f14835fc8ab11b5b,True,4時間前,2026-09-19 04:09:07,千葉県
ホテルの清掃スタッフ 60代活躍 転勤なし 月10日休み 昼食代支給新着,株式会社マイスターエンジニアリング,千葉県,年収288万円～336万円,契約社員,清掃,求人ボックス,https://xn--pckua2a7gp15o89zb.com/jb/eaa0944c03181cca48628ac08fbd07b2,True,8時間前,2026-09-19 04:09:07,千葉県
マンション清掃スタッフ新着,日警保安グループ 株式会社アイシス,千葉県,"時給1,200円～",アルバイト・パート,清掃,求人ボックス,https://xn--pckua2a7gp15o89zb.com/jb/0857f2f70619d6692341f64780783f04,True,10時間前,2026-09-19 04:09:10,千葉県
「住み込み」クルーズ船清掃スタッフ／国内外を巡るレアバイト／短期OK新着,株式会社GROW AGENCY,千葉県,"時給1,500円～1,875円",アルバイト・パート,清掃,求人ボックス,https://xn--pckua2a7gp15o89zb.com/jb/81585170b1adcefc4fb7ad2fd7049d93,True,8時間前,2026-09-19 04:09:10,千葉県
医療器材管理・清掃／紹介予定派遣新着,株式会社テクノ・サービス,千葉県,"時給1,300円～",派遣社員,清掃,求人ボックス,https://xn--pckua2a7gp15o89zb.com/jbn/81dbb6f438589b9cf716898e498d1ff6,True,20時間前,2026-09-19 04:09:10,千葉県
校舎清掃 駅近5分・シフト自由新着,柏ビル管理株式会社,千葉県,"時給1,150円",アルバイト・パート,清掃,求人ボックス,https://xn--pckua2a7gp15o89zb.com/jb/3e6f0e666ca42fafec6ac29d57d3b938,True,5時間前,2026-09-19 04:09:10,千葉県
リゾート内ホテルの共用部清掃新着,株式会社シービーエス,千葉県,"時給1,330円",アルバイト・パート,清掃,求人ボックス,https://xn--pckua2a7gp15o89zb.com/jb/1052759ec3f917305644396183a90e16,True,8時間前,2026-09-19 04:09:10,千葉県
北総病院内の日常清掃新着,株式会社セブンエイト,千葉県,"時給1,300円",アルバイト・パート,清掃,求人ボックス,https://xn--pckua2a7gp15o89zb.com/jb/661a657bc56d29fd79b670ae880fe6cf,True,7時間前,2026-09-19 04:09:10,千葉県
「諭吉そば」店長として店舗を任されるチャンス新着,株式会社ディッジ,千葉県,月給30万円～35万円,契約社員,清掃,求人ボックス,https://xn--pckua2a7gp15o89zb.com/jb/3ce300c9f7ef5e3ba616ac8100dc2d08,True,10時間前,2026-09-19 04:09:10,千葉県
管理員・清掃員新着,株式会社合人社計画研究所,千葉県,"月給10万1,000円",,清掃,求人ボックス,https://xn--pckua2a7gp15o89zb.com/jb/4f794fc4530d2ccc1cf383a414c2d469,True,8時間前,2026-09-19 04:09:10,千葉県
ホテル館内清掃／アートホテル成田新着,アイコニア・ホスピタリティ株式会社,千葉県,"時給1,200円",アルバイト・パート,清掃,求人ボックス,https://xn--pckua2a7gp15o89zb.com/jb/22eb39bd627b8cf9cdcf989a3a3080f2,True,5時間前,2026-09-19 04:09:13,千葉県
マンション清掃新着,株式会社アメニティコーポレーション,千葉県,"時給1,140円",アルバイト・パート,清掃,求人ボックス,https://xn--pckua2a7gp15o89zb.com/jb/15f271e27ca1d7aeb07120b247688372,True,19時間前,2026-09-19 04:09:13,千葉県
松戸市エリア! 日勤中心 地域限定勤務OK 賞与年2回 コンビニ運営@松戸新着,株式会社ディンプル,千葉県,"月給22万9,000円",正社員,清掃,求人ボックス,https://xn--pckua2a7gp15o89zb.com/jb/7d260185fc6a90f8d8fa272b66c807c0,True,10時間前,2026-09-19 04:09:13,千葉県
社会保険完備の職場で歯科衛生士新着,ファミールデンタルクリニック,千葉県,"時給1,700円～2,500円",アルバイト・パート,清掃,求人ボックス,https://xn--pckua2a7gp15o89zb.com/jb/12589ba051bd8f760c6903ceb2444165,True,6時間前,2026-09-19 04:09:14,千葉県
介護スタッフ新着,創生会グループ,千葉県,"日給2万3,800円",アルバイト・パート,清掃,求人ボックス,https://xn--pckua2a7gp15o89zb.com/jb/cc2f6146edec00bd49673a2e2b9d2aa2,True,8時間前,2026-09-19 04:09:14,千葉県
芸能関係者のタクシードライバー／未経験歓迎／週3勤務／月収45万円以上／20代～50代活躍中新着,清掃,千葉県,"月給47万7,100円",正社員,清掃,求人ボックス,https://xn--pckua2a7gp15o89zb.com/jbn/b2e487bcb8bc364c66558cbebafb777b,True,12時間前,2026-09-19 04:09:14,千葉県
ホールスタッフ、キッチンスタッフ新着,株式会社rings,千葉県,"時給1,250円～",アルバイト・パート,清掃,求人ボックス,https://xn--pckua2a7gp15o89zb.com/jb/271b23e5e2cfcd01fd03a015e85a914d,True,23時間前,2026-09-19 04:09:16,千葉県
レストラン・専門料理店／週休2日制／経験者優遇／賞与あり新着,株式会社こがね,千葉県,月給24万円～28万円,正社員,清掃,求人ボックス,https://xn--pckua2a7gp15o89zb.com/jbn/410898026e9d9a2a72b525c95c899c09,True,12時間前,2026-09-19 04:09:16,千葉県
ゲームセンタースタッフで接客・商品補充新着,namco 流山おおたかの森S・C店,千葉県,"時給1,250円～",アルバイト・パート,清掃,求人ボックス,https://xn--pckua2a7gp15o89zb.com/jb/6854d159f4d6d6de4dbcebfc8e408897,True,9時間前,2026-09-19 04:09:16,千葉県
レストラン・専門料理店／週休2日制／賞与あり／フリーター歓迎新着,株式会社肉の大山,千葉県,月給25万円～30万円,正社員,清掃,求人ボックス,https://xn--pckua2a7gp15o89zb.com/jbn/9cf92b7214216284989665464e6bad89,True,13時間前,2026-09-19 04:09:16,千葉県
スタッフ管理 マネジメント力を身に着ける／チームで成果創出／フォロー体制新着,エスティーメンテナンス株式会社,千葉県,年収400万円～500万円,正社員,清掃,求人ボックス,https://xn--pckua2a7gp15o89zb.com/jb/a37eaf98e605c546612f68c1a0a6852d,True,7時間前,2026-09-19 04:09:16,千葉県
20代活躍中／ホールスタッフ 上場企業・全国500店舗を展開する大手飲食企業新着,...調理業務を中心とした各種業務をお任せいたします。<仕事内容>・キッチン内で仕込み、盛り付け、調理・料理と飲み物の配膳、片付け(バッシング)、ホール内の,千葉県,年収300万円～400万円,正社員,清掃,求人ボックス,https://xn--pckua2a7gp15o89zb.com/jbn/586c8747d7231905a37c496c708cb6b9,True,18時間前,2026-09-19 04:09:19,千葉県
免許不要／駐車場スタッフ クイックパーキング松戸駅前新着,株式会社パーキングサポートセンター,千葉県,"時給1,230円～",アルバイト・パート,清掃,求人ボックス,https://xn--pckua2a7gp15o89zb.com/jb/5a700bbd3efc98a11c17466f689fda7e,True,8時間前,2026-09-19 04:09:19,千葉県
ビルメンテナンス・設備管理のルート営業／ノルマなし・新規開拓なし新着,東京美装興業株式会社,千葉県,月給23万円,正社員,清掃,求人ボックス,https://xn--pckua2a7gp15o89zb.com/jb/ca82498a661ccf7233a66f73548ebd41,True,13時間前,2026-09-19 04:09:19,千葉県
土日祝休みでオンオフしっかり／建築現場の施工スタッフ／サポート業務／未経験OK新着,株式会社ジェイワン,千葉県,"月給25万3,100円",正社員,清掃,求人ボックス,https://xn--pckua2a7gp15o89zb.com/jbn/3b202f44a604a40087384efa1e11b8e4,True,20時間前,2026-09-19 04:09:19,千葉県
ホテル内のメンテナンス軽作業スタッフ／浦安新着,株式会社ヤエスビーエム,千葉県,"時給1,500円",アルバイト・パート,清掃,求人ボックス,https://xn--pckua2a7gp15o89zb.com/jb/29094bfda57762af5cf171e5d4c517e7,True,7時間前,2026-09-19 04:09:19,千葉県
家具・インテリアなどの生活雑貨販売新着,株式会社バックスグループ,千葉県,"時給1,700円",アルバイト・パート,清掃,求人ボックス,https://xn--pckua2a7gp15o89zb.com/jbn/2250ec187741b6ea06ce6c73579c7740,True,18時間前,2026-09-19 04:09:19,千葉県
青果スタッフ／加工・袋詰め・値付け・品出し・清掃など新着,オリンピック 行徳店,千葉県,"時給1,195円",アルバイト・パート,清掃,求人ボックス,https://xn--pckua2a7gp15o89zb.com/jb/2bc2e79e684e1c3c6d82248971c1a63c,True,8時間前,2026-09-19 04:09:22,千葉県
英語力を活かす国際線空港ラウンジスタッフ新着,株式会社阪急トラベルサポート,千葉県,"時給1,500円",派遣社員,清掃,求人ボックス,https://xn--pckua2a7gp15o89zb.com/jb/00bf27a970086e3b5717f69f92f53fb7,True,13時間前,2026-09-19 04:09:22,千葉県
せんべい・和菓子の販売スタッフ新着,西原商会 グループ,千葉県,"時給1,250円",アルバイト・パート,清掃,求人ボックス,https://xn--pckua2a7gp15o89zb.com/jb/e8f7729a46ebeb85c2aa8afff2a9c657,True,18時間前,2026-09-19 04:09:22,千葉県
「毎日の“おいしい”を支える調理のお仕事」／社員食堂の調理師／子育て応援／駅チカ／賞与あり／主婦歓迎新着,お仕事内容 日替わりメニューの調理対応 食材の下処理や仕込み作業 盛り付け、提供準備 食器の洗浄や厨房内の,千葉県,月給25万円～27万円,正社員,清掃,求人ボックス,https://xn--pckua2a7gp15o89zb.com/jbn/8486e7cf4515d4de2338576fcd04e44a,True,13時間前,2026-09-19 04:09:22,千葉県
木更津アウトレット ベビー子供服販売スタッフ募集新着,株式会社ウィルオブ・ワーク,千葉県,"時給1,285円～1,450円",正社員,清掃,求人ボックス,https://xn--pckua2a7gp15o89zb.com/jb/416e0c4bda46822b532a0dea87a7df02,True,22時間前,2026-09-19 04:09:22,千葉県
「資格を活かして再スタート」／介護施設の調理師／アットホームな職場／駐車場完備／まかないあり新着,お仕事内容 利用者さま向けの食事調理 食材の仕込みや下ごしらえ  盛り付け、配膳準備 食器洗浄や厨房内の,千葉県,月給25万円～27万円,正社員,清掃,求人ボックス,https://xn--pckua2a7gp15o89zb.com/jbn/01cfeed422638adbdccb374ce529ccab,True,13時間前,2026-09-19 04:09:22,千葉県
レストラン・専門料理店新着,株式会社バンデロール,千葉県,月給22万円～35万円,正社員,清掃,求人ボックス,https://xn--pckua2a7gp15o89zb.com/jbn/8b49dac1415788a01a54929d42029b15,True,13時間前,2026-09-19 04:09:22,千葉県
調理補助スタッフ新着,株式会社コージン,千葉県,"時給1,200円～1,500円",アルバイト・パート,清掃,求人ボックス,https://xn--pckua2a7gp15o89zb.com/jb/ce41bf1a2467ee6e4be0a5d2927a757f,True,18時間前,2026-09-19 04:09:24,千葉県
「共用部のごみ回収作業」日払い制度OK!未経験でも安心!履歴書不要のWEB登録!時給1500円～新着,株式会社アドミック／T19788H派,千葉県,時給1500円～,派遣社員,清掃,求人ボックス,https://xn--pckua2a7gp15o89zb.com/jb/cb4312087e4d3223202b04a4bbb5d9fa,True,22時間前,2026-09-19 04:09:24,千葉県
レストラン・専門料理店新着,株式会社福水,千葉県,月給24万円～28万円,正社員,清掃,求人ボックス,https://xn--pckua2a7gp15o89zb.com/jbn/a08de0da96a200e1f09610d3a1f1ee9d,True,13時間前,2026-09-19 04:09:24,千葉県
「大手法人で安定勤務!」／福祉施設の調理師／年間休日110日以上／マイカー通勤OK／主婦歓迎新着,食器洗浄や厨房内の,千葉県,月給25万円～27万円,正社員,清掃,求人ボックス,https://xn--pckua2a7gp15o89zb.com/jbn/efc4b118022fa97efd7cb8365c10bc88,True,13時間前,2026-09-19 04:09:24,千葉県
「子育て世代にやさしい働き方」／学校給食センターの調理師／長期休みあり／福利厚生充実／主婦歓迎新着,食器洗浄や,千葉県,月給25万円～27万円,正社員,清掃,求人ボックス,https://xn--pckua2a7gp15o89zb.com/jbn/002da112036bcc6aa71c743ae34dddef,True,13時間前,2026-09-19 04:09:24,千葉県
"買取スタッフ／平均年収1,200万／残業月平均3.3時間／有給取得率85.7%／未経験歓迎新着",株式会社Reivy,千葉県,月給40万円～45万円,正社員,清掃,求人ボックス,https://xn--pckua2a7gp15o89zb.com/jbn/c2ce5db74640671836ca381fc97d8d43,True,22時間前,2026-09-19 04:09:24,千葉県
数値を確認!座学研修ありで始めやすい見守り業務／機械モニタリングスタッフ／経験不問新着,株式会社Tetote,千葉県,月給27万円～34万円,正社員,清掃,求人ボックス,https://xn--pckua2a7gp15o89zb.com/jbn/4986b32a64d25ebdb66cdb677784b284,True,16時間前,2026-09-19 04:09:24,千葉県
ゲームセンタースタッフで接客・商品補充新着,namco シェラトントーキョーベイ店,千葉県,"時給1,220円～",アルバイト・パート,清掃,求人ボックス,https://xn--pckua2a7gp15o89zb.com/jb/1d2c1ac8aba405cfea9444cd8ea1fa41,True,9時間前,2026-09-19 04:09:24,千葉県
介護施設の調理師／月収25万円以上可能／賞与年2回／交通費支給／駐車場完備／主婦歓迎新着,お仕事内容 利用者さま向けの食事調理 食材の仕込みや下ごしらえ  盛り付け、配膳準備 食器洗浄や厨房内の,千葉県,月給25万円～27万円,正社員,清掃,求人ボックス,https://xn--pckua2a7gp15o89zb.com/jbn/97ebf4fdb51ddbcaf11a96b207ff4715,True,13時間前,2026-09-19 04:09:29,千葉県
「学生に喜ばれる食事づくり」／小学校給食の調理師／食事補助あり／活気ある職場／働きやすい環境新着,お仕事内容 日替わりメニューの調理 食材の仕込み・下ごしらえ  盛り付けや提供準備 食器の洗浄や厨房内の,千葉県,月給25万円～27万円,正社員,清掃,求人ボックス,https://xn--pckua2a7gp15o89zb.com/jbn/f687780ba4ff2412b4d42b8383042e72,True,13時間前,2026-09-19 04:09:29,千葉県
ゲームセンタースタッフで接客・商品補充新着,namco イオンモール船橋店,千葉県,"時給1,220円～",アルバイト・パート,清掃,求人ボックス,https://xn--pckua2a7gp15o89zb.com/jb/73d790d24a8cd9ac00084d658ced0638,True,9時間前,2026-09-19 04:09:29,千葉県
レストラン・専門料理店新着,ワタミ株式会社,千葉県,月給35万100円,正社員,清掃,求人ボックス,https://xn--pckua2a7gp15o89zb.com/jbn/08b77158f72118a2a70c7b5c75c89f79,True,13時間前,2026-09-19 04:09:29,千葉県
歯科衛生士パート／未経験OK・経験者は優遇／週1日からOK・日数応相談新着,医療法人社団桜会 さくらガーデンクリニック,埼玉県,"時給1,650円～1,900円",アルバイト・パート,歯科,求人ボックス,https://xn--pckua2a7gp15o89zb.com/jb/ace0fd76789c01ac0c0c4140f9fd753a,True,5時間前,2026-09-19 04:09:33,埼玉県
歯科衛生士／ネイル髪色タトゥー自由／週休3日／歯科衛生士として「ちゃん...新着,医療法人社団世隼会,埼玉県,月給27万円～50万円,正社員,歯科,求人ボックス,https://xn--pckua2a7gp15o89zb.com/jb/d1d297f67e409773cbdd1c0f0b31f819,True,1時間前,2026-09-19 04:09:33,埼玉県
歯科衛生士／日曜固定で月6万円可／歯科衛生士パート／日祝勤務で月7.5...新着,医療法人IDC アイリス歯科・矯正歯科,埼玉県,"時給2,000円～",アルバイト・パート,歯科,求人ボックス,https://xn--pckua2a7gp15o89zb.com/jb/03cb1ee891bc19eca9570f84a02b1a5a,True,1時間前,2026-09-19 04:09:33,埼玉県
歯科衛生士／社保完備! 年間休日120日以上 有給取得率100%! 木新着,おはなデンタルクリニック,埼玉県,月給22万円～31万円,正社員,歯科,求人ボックス,https://xn--pckua2a7gp15o89zb.com/jb/cadfd200b0fe74f7f76b011ba3527dd2,True,1時間前,2026-09-19 04:09:33,埼玉県
社会保険完備の職場で歯科衛生士新着,ホワイト歯科よの,埼玉県,月給26万円～28万円,正社員,歯科,求人ボックス,https://xn--pckua2a7gp15o89zb.com/jb/4cb5563c828ba4542e4bec2ffb38c1b5,True,6時間前,2026-09-19 04:09:33,埼玉県
社会保険完備の職場で歯科衛生士新着,あおぞら歯科クリニック東鷲宮,埼玉県,月給25万円～35万円,正社員,歯科,求人ボックス,https://xn--pckua2a7gp15o89zb.com/jb/36169fd1e6b81d993685bee5cff4a5af,True,6時間前,2026-09-19 04:09:33,埼玉県
歯科衛生士／週休3日勤務も選択可能／患者さんと向き合える落ち着いた医院新着,医療法人社団康神会,埼玉県,"月給28万5,000円",正社員,歯科,求人ボックス,https://xn--pckua2a7gp15o89zb.com/jb/cc9b65a23b5c404e082e6cac60546c2c,True,1時間前,2026-09-19 04:09:33,埼玉県
歯科衛生士／有給消化率100%／週休3日可能!18時以降&土日は手当支...新着,医療法人社団康真会 はまわき歯科,埼玉県,月給33万円～,正社員,歯科,求人ボックス,https://xn--pckua2a7gp15o89zb.com/jb/4c32abb351a84e587ae183d43b4dc58a,True,1時間前,2026-09-19 04:09:33,埼玉県
歯科衛生士／車通勤可 電動アシスト自転車支給 週休2日+祝日新着,松本歯科医院,埼玉県,"時給2,000円～",アルバイト・パート,歯科,求人ボックス,https://xn--pckua2a7gp15o89zb.com/jb/f3b0b5073ade81bfd7c3f7a0ae965b54,True,1時間前,2026-09-19 04:09:33,埼玉県
歯科衛生士新着,新座きりん歯科クリニック,埼玉県,"時給1,600円～",アルバイト・パート,歯科,求人ボックス,https://xn--pckua2a7gp15o89zb.com/jb/7dbcc48218301c7ab1c9ecfa477e8ae7,True,1時間前,2026-09-19 04:09:33,埼玉県
歯科衛生士新着,鶴瀬あおぞら歯科クリニック,埼玉県,月給26万円～,正社員,歯科,求人ボックス,https://xn--pckua2a7gp15o89zb.com/jb/8b16bd5d4ef445b8145c6579372cf536,True,1時間前,2026-09-19 04:09:33,埼玉県
歯科助手／髪色ネイル自由／基本定時退社／未経験OK／人と接することが好きな方にピッタリ新着,医療法人社団誓栄会,埼玉県,月給25万円～35万円,正社員,歯科,求人ボックス,https://xn--pckua2a7gp15o89zb.com/jb/ca47b42eaaed253f972daf90d95be00a,True,1時間前,2026-09-19 04:09:33,埼玉県
歯科口腔外科での看護助手新着,学校法人自治医科大学 自治医科大学附属さいたま医...,埼玉県,"時給1,250円～",アルバイト・パート,歯科,求人ボックス,https://xn--pckua2a7gp15o89zb.com/jb/e1a037e47c217ec25e749a814030bdc6,True,21時間前,2026-09-19 04:09:33,埼玉県
事務スタッフ・社会保険完備の職場で医療事務／受付新着,あいゆう歯科和光第二診療所,埼玉県,"時給1,500円",アルバイト・パート,歯科,求人ボックス,https://xn--pckua2a7gp15o89zb.com/jb/72281b88a4a84cee9b42b47e9ec8fb83,True,6時間前,2026-09-19 04:09:33,埼玉県
医療事務募集新着,やぐち歯科医院,埼玉県,"時給1,220円～1,500円",アルバイト・パート,歯科,求人ボックス,https://xn--pckua2a7gp15o89zb.com/jb/13b2604d7bf26fe8bbb07ae70aab84cc,True,6時間前,2026-09-19 04:09:33,埼玉県
看護助手／有床クリニック新着,医療法人社団翔洋会 辻内科循環器科歯科クリニック,埼玉県,"月給16万3,000円",正社員,歯科,求人ボックス,https://xn--pckua2a7gp15o89zb.com/jb/a804b10ac746b3f18f9e974f200ff9b7,True,5時間前,2026-09-19 04:09:33,埼玉県
介護職／精神科病院新着,医療法人福島会 彩北病院,埼玉県,"月給18万1,000円",正社員,歯科,求人ボックス,https://xn--pckua2a7gp15o89zb.com/jb/fe10e49094610edc1661d32d6ddce328,True,1時間前,2026-09-19 04:09:33,埼玉県
社会保険完備の職場で歯科医師新着,戸田ファースト歯科,埼玉県,"時給4,500円～1",アルバイト・パート,歯科,求人ボックス,https://xn--pckua2a7gp15o89zb.com/jb/57ed29f3115abe121ec8037de6d842af,True,6時間前,2026-09-19 04:09:33,埼玉県
歯科衛生士／医療法人社団ユニオルソ歯科衛生士募集中新着,荻島歯科医院,埼玉県,月給25万円～40万円,正社員,歯科,求人ボックス,https://xn--pckua2a7gp15o89zb.com/jb/602b46d03894056dc36f918840b736ab,True,14時間前,2026-09-19 04:09:33,埼玉県
歯科衛生士住宅手当あり 賞与は年2回で3.80ヶ月分!マイカー通勤OK新着,大宮共立病院,埼玉県,"月給20万5,000円",正社員,歯科,求人ボックス,https://xn--pckua2a7gp15o89zb.com/jb/88228b88e0ab8a4c88d6c67bef02cfd4,True,16時間前,2026-09-19 04:09:33,埼玉県
歯科衛生士／年間休日127日 残業月2時間程度 託児施設あり!新着,中村歯科医院,埼玉県,"月給25万7,000円",正社員,歯科,求人ボックス,https://xn--pckua2a7gp15o89zb.com/jb/80e1fa54f85512634006007cd428c1db,True,16時間前,2026-09-19 04:09:33,埼玉県
歯科衛生士／18時終業&残業ほぼなし 年間休日120日 マイカー通勤O...新着,しみず歯科クリニック,埼玉県,月給23万円～28万円,正社員,歯科,求人ボックス,https://xn--pckua2a7gp15o89zb.com/jb/1faa51f3f8953e64accba4f4aa50da67,True,16時間前,2026-09-19 04:09:33,埼玉県
歯科衛生士／髪色自由&ネイルOK 駅チカ徒歩8分!完全週休2日制新着,おおつ歯科・矯正歯科,埼玉県,月給26万円～40万円,正社員,歯科,求人ボックス,https://xn--pckua2a7gp15o89zb.com/jb/4696c798bfb57f605e88e223f53b0384,True,16時間前,2026-09-19 04:09:33,埼玉県
未経験OK 建築部品の製造新着,株式会社アイ・ケイ・アイ,千葉県,"時給1,450円～1,813円",派遣社員,派遣,求人ボックス,https://xn--pckua2a7gp15o89zb.com/jb/5b20ce2cb306f8f61fd3d55dc2e8092a,True,5時間前,2026-09-19 04:09:21,千葉県
発泡スチロール箱の検品作業など／給与即払いOK新着,株式会社テクノ・サービス,千葉県,"時給1,300円～",派遣社員,派遣,求人ボックス,https://xn--pckua2a7gp15o89zb.com/jbn/fc496a0dd50f848378f9df75cc828c33,True,20時間前,2026-09-19 04:09:21,千葉県
多古町／倉庫内で商品の検品・出荷・梱包作業新着,株式会社Powerz,千葉県,"時給1,300円",派遣社員,派遣,求人ボックス,https://xn--pckua2a7gp15o89zb.com/jb/d7002c4e853cab6bee63a523b2acdf23,True,12時間前,2026-09-19 04:09:21,千葉県
介護スタッフ／特別養護老人ホームで勤務!20代～30代活躍中／無資格スタート応援!日勤のみ新着,株式会社ベネッセキャリオス,千葉県,"時給1,500円",派遣社員,派遣,求人ボックス,https://xn--pckua2a7gp15o89zb.com/jbn/bd729c80bcdbb4b67ab907785aceefb6,True,20時間前,2026-09-19 04:09:21,千葉県
夜勤専従の介護福祉士／船橋市の有料老人ホーム／週2～可!前払いok!／シニア活躍!派遣のお仕事新着,レジオール,千葉県,日給3万円～3万,派遣社員,派遣,求人ボックス,https://xn--pckua2a7gp15o89zb.com/jb/64c699315df206e74be9f0cd3dff5b1e,True,23時間前,2026-09-19 04:09:21,千葉県
千葉市稲毛区の看護師／有料老人ホームの看護スタッフ 派遣看護師／週5日／日払い・週払いOK新着,グッドネクスト,千葉県,"時給2,300円",派遣社員,派遣,求人ボックス,https://xn--pckua2a7gp15o89zb.com/jb/6104382fc645e741a971a03c96d82307,True,23時間前,2026-09-19 04:09:21,千葉県
嬉しい週4日 時給1700円／経理業務サポート新着,...業界未経験OK! PC基本操作が可能な方 数字を扱う業務、一般事務経験ある方 【特徴】未経験OK/残業なし/残業少なめ(20H以下)/土日休み/シフト制/,千葉県,時給1700円,派遣社員,派遣,求人ボックス,https://xn--pckua2a7gp15o89zb.com/jb/891619968147774cbceaba5a2e98b78e,True,12時間前,2026-09-19 04:09:21,千葉県
コンビニ商品のピッキング!日払いあり!即お給料GET!履歴書不要!カンタン応募!新着,株式会社CAREER,千葉県,"時給1,300円～1,625円",派遣社員,派遣,求人ボックス,https://xn--pckua2a7gp15o89zb.com/jb/210d6123e73455034b34e197258e5a1c,True,9時間前,2026-09-19 04:09:22,千葉県
内勤スタッフ新着,株式会社エクスプレス・エージェント,千葉県,"時給1,300円",アルバイト・パート,派遣,求人ボックス,https://xn--pckua2a7gp15o89zb.com/jb/23123bfa79f4dd9f06b976417ca95261,True,21時間前,2026-09-19 04:09:22,千葉県
接客・マネジメント経験を活かす「カウンターマネージャー」／成田空港勤務／年収600万円～新着,事業 派13-313812有料職業紹介事業 13-ユ-310321 【おすすめキーワード!】店舗統括/現場責任者/チームリーダー/,千葉県,年収600万円～,正社員,派遣,求人ボックス,https://xn--pckua2a7gp15o89zb.com/jbn/cc6c06ab61ea7a0836e7cd96db73c6c7,True,19時間前,2026-09-19 04:09:22,千葉県
児童発達支援管理責任者／放課後等デイサービス／幕張幼稚舎新着,株式会社アスカ,千葉県,"時給2,000円～2,550円",派遣社員,派遣,求人ボックス,https://xn--pckua2a7gp15o89zb.com/jb/f326a77ae89eb09c05de7db268316af2,True,3時間前,2026-09-19 04:09:22,千葉県
経営企画 経理／管理会計／月次決算業務新着,ジャスネットコミュニケーションズ株式会社,千葉県,"時給1,950円～2,270円",派遣社員,派遣,求人ボックス,https://xn--pckua2a7gp15o89zb.com/jb/49dc13a2ecdc1997e062eee071bdb892,True,9時間前,2026-09-19 04:09:22,千葉県
土日祝休み／プレハブ小屋の簡単なメンテナンス・クリーニング新着,株式会社ジェイビーコントラクト,千葉県,"時給1,650円",正社員,派遣,求人ボックス,https://xn--pckua2a7gp15o89zb.com/jb/33f05b8059d613f6d24d0fe1acbc5474,True,11時間前,2026-09-19 04:09:22,千葉県
「VIP送迎中心」夜勤タクシードライバー／年収600万円以上／賞与年2回新着,社員...,千葉県,"月給47万6,000円",正社員,派遣,求人ボックス,https://xn--pckua2a7gp15o89zb.com/jbn/b6a5a15d5df304c3e1116c804d3e5aef,True,8時間前,2026-09-19 04:09:22,千葉県
食品工場で資材供給・フォークリフト運転／日勤or夜勤選べる／土日休み／月給制新着,キャリアリンクファクトリー株式会社,千葉県,月給24万円～35万円,派遣社員,派遣,求人ボックス,https://xn--pckua2a7gp15o89zb.com/jbn/9e7801236ea4fd6a9010cca917abd800,True,22時間前,2026-09-19 04:09:26,千葉県
大手企業Gで事務サポート新着,ヒューマンリソシア株式会社,千葉県,"時給1,750円",派遣社員,派遣,求人ボックス,https://xn--pckua2a7gp15o89zb.com/jb/1802478b045f31c5058443c203da6dd3,True,7時間前,2026-09-19 04:09:26,千葉県
"軽作業!安定した環境で新たなスタート!高時給で収入アップ!時給 1,625円 ～ 2,031円新着",株式会社コンシェルテック,千葉県,"時給1,625円～2,031円",派遣社員,派遣,求人ボックス,https://xn--pckua2a7gp15o89zb.com/jb/13869b5fba92da560962b08757838a69,True,22時間前,2026-09-19 04:09:26,千葉県
「寮費は不要」キッチン用品の検査新着,セブンエージェント株式会社,千葉県,"時給1,350円～",派遣社員,派遣,求人ボックス,https://xn--pckua2a7gp15o89zb.com/jb/c79b1c141a7d57f725a28741d4b21811,True,19時間前,2026-09-19 04:09:26,千葉県
ローラー整備のお手伝い新着,ヒューマンブリッジ株式会社,千葉県,"時給1,650円～2,063円",派遣社員,派遣,求人ボックス,https://xn--pckua2a7gp15o89zb.com/jb/8613dd86d75293aea8903fb1597497f5,True,9時間前,2026-09-19 04:09:26,千葉県
アウトドアグッズの軽作業スタッフ新着,株式会社アルミラ,千葉県,"時給1,550円～",アルバイト・パート,派遣,求人ボックス,https://xn--pckua2a7gp15o89zb.com/jb/0123271d21481dcbb08fa5361e52fe9e,True,17時間前,2026-09-19 04:09:26,千葉県
小規模多機能型居宅介護の副施設長新着,スタッフ,千葉県,"月給31万9,000円",正社員,派遣,求人ボックス,https://xn--pckua2a7gp15o89zb.com/jb/ed1f902fb023b284663f4e6b3d2d3515,True,9時間前,2026-09-19 04:09:26,千葉県
時給1750円 製造補助!未経験OK&平日のみ×車通勤可能新着,株式会社ウィルオブ・ワーク FO千葉,千葉県,時給1750円,派遣社員,派遣,求人ボックス,https://xn--pckua2a7gp15o89zb.com/jb/39f221fcc27ed8e2f287723fc5b1364f,True,16時間前,2026-09-19 04:09:30,千葉県
ケアスタッフのお仕事／2シフトOK!週3日～入れる方大歓迎新着,株式会社ee link,千葉県,"時給1,600円～1,800円",派遣社員,派遣,求人ボックス,https://xn--pckua2a7gp15o89zb.com/jb/51542d66fe84147dd905b394f83cb763,True,23時間前,2026-09-19 04:09:30,千葉県
金融事務 ／ 貿易補助業務 ／9-17時残業なし 千葉市内新着,株式会社アヴァンティスタッフ,千葉県,"時給1,600円～1,650円",派遣社員,派遣,求人ボックス,https://xn--pckua2a7gp15o89zb.com/jb/336c2b20ebd5bc49f8a95be21bdaaa64,True,20時間前,2026-09-19 04:09:30,千葉県
物流・倉庫業務／土日祝お休み マイカー通勤OK 医療関連品の出荷業務新着,パーソルテンプスタッフ株式会社,千葉県,"時給1,550円",派遣社員,派遣,求人ボックス,https://xn--pckua2a7gp15o89zb.com/jb/b3411679e6fbce7f100e49f1b9505933,True,20時間前,2026-09-19 04:09:30,千葉県
基本18時まで 書類整理や仕分け 未経験OK!電話対応なし新着,株式会社スタッフサービス,千葉県,"時給1,300円",派遣社員,派遣,求人ボックス,https://xn--pckua2a7gp15o89zb.com/jb/f0fef0488ad37757096bcc9236cf46a3,True,16時間前,2026-09-19 04:09:30,千葉県
人事・総務事務新着,株式会社リクルートスタッフィング,千葉県,"時給1,650円～",派遣社員,派遣,求人ボックス,https://xn--pckua2a7gp15o89zb.com/jb/519e2ab08828f6f75982255492fbbfea,True,20時間前,2026-09-19 04:09:30,千葉県
テレマーケティング／オフィスワーク未経験OK受電業務新着,マンパワーグループ株式会社,千葉県,"時給1,650円",派遣社員,派遣,求人ボックス,https://xn--pckua2a7gp15o89zb.com/jb/db2387ca4466ffae1cb2d5d9922202af,True,7時間前,2026-09-19 04:09:30,千葉県
チョコレートの分析・品質評価 食品メーカー商品開発部門新着,株式会社RDサポート,千葉県,"時給1,600円",派遣社員,派遣,求人ボックス,https://xn--pckua2a7gp15o89zb.com/jb/22a713df32f5117679ba30f3da7f9e0d,True,7時間前,2026-09-19 04:09:34,千葉県
月収21万円 組立・加工・プレス・20-40代活躍中新着,株式会社BREXA Next,千葉県,"時給1,350円～",派遣社員,派遣,求人ボックス,https://xn--pckua2a7gp15o89zb.com/jb/b68f8e725cd35d7793346cb9168c7e25,True,4時間前,2026-09-19 04:09:34,千葉県
アパレル／コスメ／THE NORTH FACE 幕張でアパレル販売新着,株式会社ウィルオブ・ワーク,千葉県,"時給1,370円～1,400円",派遣社員,派遣,求人ボックス,https://xn--pckua2a7gp15o89zb.com/jb/11858621a25397b6ee76daa9f3ac1afc,True,12時間前,2026-09-19 04:09:34,千葉県
カレンダー等商業印刷物刷本の断裁機オペレーター／時給1700円／残業で稼ぐ／北国分新着,スタッフ,千葉県,時給1700円,派遣社員,派遣,求人ボックス,https://xn--pckua2a7gp15o89zb.com/jb/541e331f5fb1611992b6d76ece6cfe0a,True,14時間前,2026-09-19 04:09:34,千葉県
データ入力メインの一般事務新着,株式会社スタッフ・アクティオ,千葉県,"時給1,450円",派遣社員,派遣,求人ボックス,https://xn--pckua2a7gp15o89zb.com/jb/c2781063fe64a0e388fd484fcada05dc,True,12時間前,2026-09-19 04:09:34,千葉県
物流倉庫でカウンターフォークを使用した入出庫やピッキング新着,戦力エージェント株式会社,千葉県,"時給1,650円",派遣社員,派遣,求人ボックス,https://xn--pckua2a7gp15o89zb.com/jb/99db7c52c374bca5ea6337bce1a59436,True,8時間前,2026-09-19 04:09:37,千葉県
スマホで面談完結 IT事務 想定月収40万円／kg新着,株式会社ワールドコーポレーション,千葉県,"月給27万5,000円",正社員,派遣,求人ボックス,https://xn--pckua2a7gp15o89zb.com/jb/65aa2fc0c419382469a1620f90e8a362,True,1時間前,2026-09-19 04:09:37,千葉県
製造スタッフ新着,日本マニュファクチャリングサービス株式会社,千葉県,"時給1,330円～",正社員,派遣,求人ボックス,https://xn--pckua2a7gp15o89zb.com/jb/2679aa22db538979e858e39b4175f383,True,11時間前,2026-09-19 04:09:37,千葉県
食品工場での開発補助事務スタッフ新着,株式会社ホットスタッフ成田,千葉県,"時給1,300円～1,625円",派遣社員,派遣,求人ボックス,https://xn--pckua2a7gp15o89zb.com/jb/6143e44235a3614f86e328502594aa66,True,10時間前,2026-09-19 04:09:37,千葉県
時給1255円・週4日～／倉庫で衣類のピッキング・軽作業新着,株式会社G&G,千葉県,時給1255円,派遣社員,派遣,求人ボックス,https://xn--pckua2a7gp15o89zb.com/jb/a4d8dc6920282b6cc126459088a74dc2,True,15時間前,2026-09-19 04:09:37,千葉県
「リモートOK!」未経験採用枠／ITエンジニア／高収入／完全週休2日制新着,株式会社DYMキャリア,千葉県,月給21万円～30万円,正社員,派遣,求人ボックス,https://xn--pckua2a7gp15o89zb.com/jbn/234d04a5b32f827a827460e7f21124dd,True,9時間前,2026-09-19 04:09:37,千葉県
経験必須!CADオペレーター／年休125日!経験を活かしてさらにステップアップ!30代40代活躍中新着,日研トータルソーシング株式会社,千葉県,"時給1,800円～2,300円",派遣社員,派遣,求人ボックス,https://xn--pckua2a7gp15o89zb.com/jbn/61fe8a7b36e6bcbabe706e098d2c3834,True,15時間前,2026-09-19 04:09:40,千葉県
接客・事務スタッフ／未経験歓迎／働きながら創作活動も続けられる／年休129日／残業少なめ／髪色新着,株式会社エクシードジャパン,千葉県,月給22万円～,正社員,派遣,求人ボックス,https://xn--pckua2a7gp15o89zb.com/jbn/0c82a8e4141133c246fd769ab57860de,True,18時間前,2026-09-19 04:09:40,千葉県
木材再加工オペレーター／現場経験を活かして働ける／日勤のみ／車・バイク通勤OK新着,株式会社イカイプロダクト,千葉県,"時給1,196円～1,495円",派遣社員,派遣,求人ボックス,https://xn--pckua2a7gp15o89zb.com/jbn/db6bfa4515cb553011d7c0cb837367ee,True,19時間前,2026-09-19 04:09:40,千葉県
大手ゼネコンの現場で腕を磨ける／建築現場の職人見習い／サポート業務／未経験歓迎／年間休日130日新着,株式会社ジェイワン,千葉県,"月給25万3,100円",正社員,派遣,求人ボックス,https://xn--pckua2a7gp15o89zb.com/jbn/d88b56afe2fa35f57d093c9e7d82e8bf,True,20時間前,2026-09-19 04:09:40,千葉県
「成長できる環境」施工管理スタッフ／社宅ありで新生活スタート／安定した建設業界で働く新着,株式会社オネスティ・キャスト,千葉県,月給25万円～35万円,正社員,派遣,求人ボックス,https://xn--pckua2a7gp15o89zb.com/jbn/a696ae08c01a045a49d0ac103d18c38a,True,22時間前,2026-09-19 04:09:40,千葉県
研磨パッドの加工業務／寮完備／3交替／車通勤／京都で働こう／千葉市花見川区から京都へ新着,株式会社グロップ 京都オフィス,千葉県,"時給1,700円～2,125円",派遣社員,派遣,求人ボックス,https://xn--pckua2a7gp15o89zb.com/jbn/7e35fa078ebf1c1a5865d7d341e1bb9a,True,23時間前,2026-09-19 04:09:40,千葉県
「モクモク軽作業!」スチールコンテナの溶接作業スタッフ／20代から30代活躍中!／交通費支給新着,株式会社日本ケイテム,千葉県,"時給1,500円～",アルバイト・パート,派遣,求人ボックス,https://xn--pckua2a7gp15o89zb.com/jbn/61be2bfb82d62ad2363058f06143c3c0,True,18時間前,2026-09-19 04:09:40,千葉県
ウォーターサーバーの検品スタッフ新着,株式会社ホットスタッフ千葉,千葉県,"時給1,340円",派遣社員,派遣,求人ボックス,https://xn--pckua2a7gp15o89zb.com/jb/5a256f3ae200ca7b98a951210d9bcd89,True,10時間前,2026-09-19 04:09:40,千葉県
コミュ力不要のカンタン作業／軽作業・工場／住み込み歓迎／日払い、週払い可新着,株式会社F・C 採用部,千葉県,月給28万円～32万円,派遣社員,派遣,求人ボックス,https://xn--pckua2a7gp15o89zb.com/jb/26f8f0a9cd9eade81a8afe8c5f6c51db,True,8時間前,2026-09-19 04:09:43,千葉県
お歳暮ギフトのデパート包装staff新着,ベイスタッフ株式会社,千葉県,"時給1,250円～",派遣社員,派遣,求人ボックス,https://xn--pckua2a7gp15o89zb.com/jb/20af23a98fccee5ac14cad17c96db22a,True,9時間前,2026-09-19 04:09:43,千葉県
調理補助スタッフ新着,株式会社GOODSMILE,千葉県,"時給1,500円",派遣社員,派遣,求人ボックス,https://xn--pckua2a7gp15o89zb.com/jb/6104dd01f645d8a75287c0bfdfbf6c10,True,9時間前,2026-09-19 04:09:43,千葉県
フルリモート／営業アシスタント／想定年収330万～／社宅手当あり新着,13-ユ-317120労働者,千葉県,"月給27万4,300円",正社員,派遣,求人ボックス,https://xn--pckua2a7gp15o89zb.com/jbn/faedac3ec3352472b919fb79e8b3857f,True,8時間前,2026-09-19 04:09:43,千葉県
完全在宅／データ入力・営業事務／月給27万～／社宅手当あり新着,13-ユ-317120労働者,千葉県,月給27万～,正社員,派遣,求人ボックス,https://xn--pckua2a7gp15o89zb.com/jbn/c06886316d90d1d42ea6dc5671d9603e,True,8時間前,2026-09-19 04:09:46,千葉県
著名人・役員のタクシードライバー／月収50万円も可／営業経験を活かせる／安定収入／長期勤務新着,スタッフ,千葉県,"月給47万6,000円",正社員,派遣,求人ボックス,https://xn--pckua2a7gp15o89zb.com/jbn/6596c92ebe520d6aca04abed0ecd611f,True,8時間前,2026-09-19 04:09:46,千葉県
完全在宅／未経験可／カスタマーサポート／年休125日以上新着,先輩たちの前職をご紹介! 営業、事務、販売,千葉県,"月給22万4,400円",正社員,派遣,求人ボックス,https://xn--pckua2a7gp15o89zb.com/jbn/d6e30b8c6d71a72b7a0e429b34758c8f,True,8時間前,2026-09-19 04:09:46,千葉県
「リモート可」未経験採用枠／営業事務／年間休日125日以上新着,スタッフ,千葉県,"月給25万2,100円",正社員,派遣,求人ボックス,https://xn--pckua2a7gp15o89zb.com/jbn/be0bfd67b268bb4801a974632c6d4dbe,True,8時間前,2026-09-19 04:09:46,千葉県
「リモート可」未経験採用枠／経理事務／年間休日125日以上新着,こんな前職の先輩が在籍! アパレル販売、携帯電話販売、保険の営業、介護,千葉県,"月給25万3,900円",正社員,派遣,求人ボックス,https://xn--pckua2a7gp15o89zb.com/jbn/8b0719ae1ce28fc2069cbb3597fca567,True,8時間前,2026-09-19 04:09:46,千葉県
「在宅可」未経験採用枠／総務事務／年間休日125日以上新着,こんな前職の先輩が在籍! アパレル販売、携帯電話販売、保険の営業、介護,千葉県,"月給25万3,300円",正社員,派遣,求人ボックス,https://xn--pckua2a7gp15o89zb.com/jbn/c73ba0d14702e3fd06e9e56d61e73c9f,True,9時間前,2026-09-19 04:09:49,千葉県
リモート可／未経験可／営業アシスタント／年休125日以上新着,スタッフ,千葉県,"月給23万9,000円",正社員,派遣,求人ボックス,https://xn--pckua2a7gp15o89zb.com/jbn/c6b3e821c8aabe1eb74f2a13fd86727c,True,9時間前,2026-09-19 04:09:49,千葉県
リモート可／未経験可／経理事務／年休125日以上新着,こんな前職の先輩が在籍! アパレル販売、携帯電話販売、保険の営業、介護,千葉県,"月給24万4,700円",正社員,派遣,求人ボックス,https://xn--pckua2a7gp15o89zb.com/jbn/2d94e636b996718be57d3ee0f8840b6d,True,9時間前,2026-09-19 04:09:49,千葉県
デニーズのキッチンスタッフ 飲食経験者 年休120日以上 7連休年2回新着,株式会社デニーズジャパン,千葉県,月給23万円～40万円,正社員,飲食,求人ボックス,https://xn--pckua2a7gp15o89zb.com/jb/e2563b91350586da70a8d3e9f4148f2f,True,3時間前,2026-09-19 04:09:27,千葉県
飲食店スタッフ／週2日から勤務OK／未経験OK／食券制で初心者も安心新着,D'station株式会社,千葉県,"時給1,150円～1,250円",アルバイト・パート,飲食,求人ボックス,https://xn--pckua2a7gp15o89zb.com/jb/e7c5e604caff7953fbb4140353b4576c,True,11時間前,2026-09-19 04:09:27,千葉県
レストラン・専門料理店新着,日本レストランシステム株式会社,千葉県,"月給23万7,000円",正社員,飲食,求人ボックス,https://xn--pckua2a7gp15o89zb.com/jbn/93cccce91250a18c8c977daa8f6fcbf2,True,12時間前,2026-09-19 04:09:27,千葉県
レストラン・専門料理店新着,アイコニア・ホスピタリティ株式会社,千葉県,月給21万円～30万円,正社員,飲食,求人ボックス,https://xn--pckua2a7gp15o89zb.com/jbn/52603dd4c7483e681dce88bd4e00ee18,True,13時間前,2026-09-19 04:09:27,千葉県
レストラン・専門料理店新着,株式会社利久,千葉県,"月給20万5,800円",正社員,飲食,求人ボックス,https://xn--pckua2a7gp15o89zb.com/jbn/f695e6b561afd8ea9b4d8719299d59c6,True,12時間前,2026-09-19 04:09:27,千葉県
レストラン・専門料理店新着,株式会社バンデロール,千葉県,月給22万円～35万円,正社員,飲食,求人ボックス,https://xn--pckua2a7gp15o89zb.com/jbn/3ea0a9259d4affcbb90b4d4d653614b7,True,13時間前,2026-09-19 04:09:28,千葉県
レストラン・専門料理店新着,株式会社第一興商,千葉県,"月給24万6,000円",正社員,飲食,求人ボックス,https://xn--pckua2a7gp15o89zb.com/jbn/22eb7618b686072cbd5034024a24fe0c,True,13時間前,2026-09-19 04:09:28,千葉県
レストラン・専門料理店新着,株式会社ビーケー・ジャパン,千葉県,"月給24万3,000円",正社員,飲食,求人ボックス,https://xn--pckua2a7gp15o89zb.com/jbn/87cce57beb09a09224f4380310911205,True,12時間前,2026-09-19 04:09:28,千葉県
レストラン・専門料理店新着,株式会社ユニマットドギーズアイランド,千葉県,月給33万円～45万円,正社員,飲食,求人ボックス,https://xn--pckua2a7gp15o89zb.com/jbn/3f0e5c9a4ca1031a64ab2cdd985d6177,True,13時間前,2026-09-19 04:09:28,千葉県
レストラン・専門料理店新着,有限会社プリマール,千葉県,月給25万円～30万円,正社員,飲食,求人ボックス,https://xn--pckua2a7gp15o89zb.com/jbn/4ed9447a209b098e7b4f4b683b0bbc2c,True,13時間前,2026-09-19 04:09:28,千葉県
レストラン・専門料理店新着,K-FOODS株式会社,千葉県,"月給22万4,947円",正社員,飲食,求人ボックス,https://xn--pckua2a7gp15o89zb.com/jbn/3f3b671cead85e8125f19ccf8c3af512,True,13時間前,2026-09-19 04:09:28,千葉県
レストラン・専門料理店／週休2日制／経験者歓迎／学歴不問新着,株式会社肉の大山,千葉県,月給30万円～35万円,正社員,飲食,求人ボックス,https://xn--pckua2a7gp15o89zb.com/jbn/584ed7f1a4bc1d4aad8a71e3f91ac96c,True,13時間前,2026-09-19 04:09:28,千葉県
レストラン・専門料理店新着,株式会社マッシュフードラボ,千葉県,月給24万円～35万円,正社員,飲食,求人ボックス,https://xn--pckua2a7gp15o89zb.com/jbn/e7f28d4a50025589eec005db26d8d448,True,13時間前,2026-09-19 04:09:28,千葉県
レストラン・専門料理店新着,株式会社エー・ピーホールディングス,千葉県,月給28万円～40万円,正社員,飲食,求人ボックス,https://xn--pckua2a7gp15o89zb.com/jbn/c4d2cb26a336ba943df4d63a7f0446f8,True,13時間前,2026-09-19 04:09:31,千葉県
レストラン・専門料理店新着,社会福祉法人慶美会,千葉県,"月給18万4,000円",正社員,飲食,求人ボックス,https://xn--pckua2a7gp15o89zb.com/jbn/29b8d5d6192a4b2a5cb98b24fb15e9ba,True,13時間前,2026-09-19 04:09:31,千葉県
レストラン・専門料理店新着,株式会社プレジィール,千葉県,月給32万円～42万円,正社員,飲食,求人ボックス,https://xn--pckua2a7gp15o89zb.com/jbn/5c26a6ae28cb402d657ad1ccfd2a07ee,True,13時間前,2026-09-19 04:09:31,千葉県
レストラン・専門料理店新着,株式会社そら,千葉県,月給30万円,正社員,飲食,求人ボックス,https://xn--pckua2a7gp15o89zb.com/jbn/ac558f2aceed98af6172cb232c10d9f7,True,13時間前,2026-09-19 04:09:31,千葉県
レストラン・専門料理店新着,三本珈琲株式会社,千葉県,月給22万円～30万円,正社員,飲食,求人ボックス,https://xn--pckua2a7gp15o89zb.com/jbn/1644b653a7ce17d613cb279d41b5f0f0,True,13時間前,2026-09-19 04:09:31,千葉県
レストラン・専門料理店新着,株式会社ツーワン,千葉県,"月給24万5,000円",正社員,飲食,求人ボックス,https://xn--pckua2a7gp15o89zb.com/jbn/f23b1e27fc67dda010252660a3d8e124,True,13時間前,2026-09-19 04:09:31,千葉県
レストラン・専門料理店新着,株式会社一丁,千葉県,月給28万円～35万円,正社員,飲食,求人ボックス,https://xn--pckua2a7gp15o89zb.com/jbn/5256534a7621dbfa5d834bbaf9ba199d,True,13時間前,2026-09-19 04:09:33,千葉県
完全在宅／未経験可／問い合わせ窓口／年休125日以上新着,...経験不問/未経験者活躍中・第二新卒活躍中資格不問/無資格歓迎・ブランク歓迎・学歴不問ハローワークでお探しの方も歓迎 先輩たちの前職をご紹介! 営業、事務、販売,千葉県,"月給24万1,700円",正社員,飲食,求人ボックス,https://xn--pckua2a7gp15o89zb.com/jbn/4ff8d5f9105f1c313fe2fd4beadfeac2,True,8時間前,2026-09-19 04:09:33,千葉県
レストラン・専門料理店新着,株式会社力の源カンパニー,千葉県,"月給36万1,400円",正社員,飲食,求人ボックス,https://xn--pckua2a7gp15o89zb.com/jbn/b5a05495c4e2e4461d3e4e9c0780db47,True,13時間前,2026-09-19 04:09:33,千葉県
「夜勤・タクシードライバー」急募／月収50万以上・20代活躍中／普通免許でOK新着,飲食,千葉県,"月給47万6,000円",正社員,飲食,求人ボックス,https://xn--pckua2a7gp15o89zb.com/jbn/a83ed48cfdcac3260c3d7a22d52d31ec,True,9時間前,2026-09-19 04:09:33,千葉県
レストラン・専門料理店新着,スターツホテル開発株式会社,千葉県,月給23万円～35万円,正社員,飲食,求人ボックス,https://xn--pckua2a7gp15o89zb.com/jbn/cabd3f8a7c1bab118ca7e978330927c2,True,12時間前,2026-09-19 04:09:33,千葉県
「未経験からゲーム業界に挑戦!」／ゲームデバッガー／ゲームをプレイして不具合を確認新着,株式会社Tetote,千葉県,月給27万円～34万円,正社員,飲食,求人ボックス,https://xn--pckua2a7gp15o89zb.com/jbn/9b33184fb6e8eaced8c87c2a4224b960,True,14時間前,2026-09-19 04:09:38,千葉県
「応募から勤務までスムーズ!」／ゲームデバッガー／WEB面接対応／未経験歓迎／賞与あり新着,前職経験はさまざま!営業、事務、販売,千葉県,月給27万円～34万円,正社員,飲食,求人ボックス,https://xn--pckua2a7gp15o89zb.com/jbn/982a061038fba9b3cf54eaf17a629c07,True,14時間前,2026-09-19 04:09:38,千葉県
事務職／総務事務／ネイル・ピアス自由／年間休日125日以上／在宅あり／未経験者でも安心スタート新着,20代30代の,千葉県,"月給22万3,000円",正社員,飲食,求人ボックス,https://xn--pckua2a7gp15o89zb.com/jbn/805e201d936dcfe2008dd65598bff9df,True,5時間前,2026-09-19 04:09:38,千葉県
事務職／充実の研修で安心スタート!／教育体制あり／福利厚生充実新着,<活かせる経験> 事務やデータ入力の業務経験 Excelスキル、PCの基本操作充実のスキルサポート体制があるため、アパレル販売、,千葉県,"月給22万3,000円",正社員,飲食,求人ボックス,https://xn--pckua2a7gp15o89zb.com/jbn/317790409b511c2b79265eda82b3d0ff,True,5時間前,2026-09-19 04:09:38,千葉県
事務職／充実の研修で安心スタート!／教育体制あり／若手中心／完全週休2日制新着,<活かせる経験> 事務やデータ入力の業務経験 Excelスキル、PCの基本操作充実のスキルサポート体制があるため、アパレル販売、,千葉県,"月給21万9,000円",正社員,飲食,求人ボックス,https://xn--pckua2a7gp15o89zb.com/jbn/b4ed740d832ecdb6e09137c8c1d1e49a,True,5時間前,2026-09-19 04:09:38,千葉県
事務職／充実の研修で安心スタート!／若手中心／教育体制あり／完全週休2日制新着,前職が販売員、,千葉県,"月給22万6,000円",正社員,飲食,求人ボックス,https://xn--pckua2a7gp15o89zb.com/jbn/65feb26a70ca186324e8dad4503ec7b8,True,5時間前,2026-09-19 04:09:38,千葉県
「未経験からAI分野へキャリアチェンジ!」／AIエンジニア／最新技術を学べる／スキルアップを目指せる新着,前職経験はさまざま!営業、事務、販売,千葉県,月給27万円～34万円,正社員,飲食,求人ボックス,https://xn--pckua2a7gp15o89zb.com/jbn/fc6e3aec49b2b2841bee5a51e6840cfd,True,14時間前,2026-09-19 04:09:41,千葉県
「事務職」／充実の研修で安心スタート!／若い者歓迎／完全週休2日制／残業少なめ／サポート業務新着,アパレル販売、,千葉県,"月給22万5,000円",正社員,飲食,求人ボックス,https://xn--pckua2a7gp15o89zb.com/jbn/193795326949981745ce35119311c9a6,True,5時間前,2026-09-19 04:09:41,千葉県
「バックオフィススタッフ」／充実の研修で安心スタート!／年間休日120日以上／残業少なめ新着,前職は美容部員や携帯ショップ店員、,千葉県,"月給22万6,000円",正社員,飲食,求人ボックス,https://xn--pckua2a7gp15o89zb.com/jbn/f3adf11488208c61ae8bf8064ecedffa,True,5時間前,2026-09-19 04:09:41,千葉県
「オフィスワーク」／事務スタッフ／職種未経験歓迎／福利厚生充実／充実の研修で安心スタート新着,アパレル販売、,千葉県,月給23万円～50万円,正社員,飲食,求人ボックス,https://xn--pckua2a7gp15o89zb.com/jbn/f7aa62d89682c9a100e548c2c919d2b2,True,5時間前,2026-09-19 04:09:41,千葉県
「オフィスワーク」／事務スタッフ／職種未経験歓迎／充実の研修で安心スタート!／完全週休2日制新着,前職は美容部員や携帯ショップ店員、,千葉県,月給23万円～50万円,正社員,飲食,求人ボックス,https://xn--pckua2a7gp15o89zb.com/jbn/03118c49367ced8afb25e6ed61fd7383,True,5時間前,2026-09-19 04:09:44,千葉県
給食スタッフ／キッチン／フード系 子ども達の笑顔がやりがい こども園での給食調理新着,株式会社アイコーメディカル,千葉県,"時給1,210円～",アルバイト・パート,飲食,求人ボックス,https://xn--pckua2a7gp15o89zb.com/jb/e3a99fa6f130e178fd8a5ecb974be9bf,True,22時間前,2026-09-19 04:09:44,千葉県
中古車販売スタッフ／20代・30代活躍中／福利厚生充実／充実した休暇制度／社会保険完備／残業ほぼなし新着,株式会社ジーアフター MEGA千葉北インター店,千葉県,年収396万円～,正社員,飲食,求人ボックス,https://xn--pckua2a7gp15o89zb.com/jbn/a66bc934f068ef0ee4a6f5c1c658680a,True,23時間前,2026-09-19 04:09:44,千葉県
「事務正社員」／充実の研修で安心スタート!／残業月10時間以下／完全週休2日制／50万円稼げる新着,スタッフ,千葉県,"月給22万3,000円",正社員,飲食,求人ボックス,https://xn--pckua2a7gp15o89zb.com/jbn/3411a491e4dd0dc36ed0ab02776efb9d,True,5時間前,2026-09-19 04:09:44,千葉県
「オフィスワーク」／営業事務／充実の研修で安心スタート!／マニュアル完備／高収入／未経験でも安心新着,スタッフ,千葉県,月給23万円～50万円,正社員,飲食,求人ボックス,https://xn--pckua2a7gp15o89zb.com/jbn/09ee9e3945839e8091027809b58d2ccf,True,5時間前,2026-09-19 04:09:44,千葉県
受付・データ入力スタッフ／充実の研修で安心スタート!／若手中心／教育体制あり新着,<異業種からの転職者も活躍中!>アパレル販売、,千葉県,"月給21万5,500円",正社員,飲食,求人ボックス,https://xn--pckua2a7gp15o89zb.com/jbn/f99a95d9287f05b47a0a2a8eac35ac88,True,7時間前,2026-09-19 04:09:47,千葉県
「オフィスワーク」／事務スタッフ／職種未経験歓迎／充実の研修で安心スタート!／福利厚生充実新着,アパレル販売、,千葉県,"月給22万4,000円",正社員,飲食,求人ボックス,https://xn--pckua2a7gp15o89zb.com/jbn/57a32fa19e8e92013049b8406ce7260c,True,5時間前,2026-09-19 04:09:47,千葉県
リモート可／未経験可／営業事務／年休125日以上新着,スタッフ,千葉県,"月給24万1,000円",正社員,飲食,求人ボックス,https://xn--pckua2a7gp15o89zb.com/jbn/dc34158f786208a320242304b5ebe5df,True,13時間前,2026-09-19 04:09:47,千葉県
「事務正社員」／充実の研修で安心スタート!／50万円稼げる／完全週休2日制／残業月10時間以下新着,スタッフ,千葉県,"月給21万9,000円",正社員,飲食,求人ボックス,https://xn--pckua2a7gp15o89zb.com/jbn/5ff23ab053ae99178f1768134893ad1b,True,5時間前,2026-09-19 04:09:47,千葉県
「事務正社員」／丁寧な教育体制／充実の研修で安心スタート!／福利厚生充実／残業少なめ／サポート業務新着,前職は美容部員や携帯ショップ店員、,千葉県,"月給22万5,000円",正社員,飲食,求人ボックス,https://xn--pckua2a7gp15o89zb.com/jbn/2ad4138728607558259a6fed2d0b1062,True,5時間前,2026-09-19 04:09:47,千葉県
「オフィスワーク」／事務スタッフ／年間休日120日以上／充実の研修で安心スタート!／教育体制あり新着,前職は美容部員や携帯ショップ店員、,千葉県,月給20万円～50万円,正社員,飲食,求人ボックス,https://xn--pckua2a7gp15o89zb.com/jbn/a74c8d956d2a3dca9bcec7fd140341e4,True,5時間前,2026-09-19 04:09:47,千葉県
「オフィスワーク」／事務スタッフ／年間休日120日以上／充実の研修で安心スタート!／福利厚生充実新着,アパレル販売、,千葉県,月給20万円～50万円,正社員,飲食,求人ボックス,https://xn--pckua2a7gp15o89zb.com/jbn/e57ed4702971747354f3e2f6570be50e,True,5時間前,2026-09-19 04:09:49,千葉県
「事務正社員」／完全週休2日制／残業月10時間以下／充実の研修で安心スタート!／高収入新着,スタッフ,千葉県,"月給20万5,000円",正社員,飲食,求人ボックス,https://xn--pckua2a7gp15o89zb.com/jbn/6cd01d3a1d2537c210ca8e1c25b52c9f,True,5時間前,2026-09-19 04:09:49,千葉県
事務職／充実の研修で安心スタート!／福利厚生充実／教育体制あり新着,実際に活躍しているメンバーの前職も、アパレル販売、,千葉県,"月給22万6,000円",正社員,飲食,求人ボックス,https://xn--pckua2a7gp15o89zb.com/jbn/5536688688d9cc45b27cfeeecc0a3c15,True,5時間前,2026-09-19 04:09:49,千葉県
事務 正社員／未経験大歓迎／土日祝休み／年間休日125日／20代女性活躍中／おしゃれOK新着,マンパワーグループ株式会社,千葉県,"月給20万1,000円",正社員,飲食,求人ボックス,https://xn--pckua2a7gp15o89zb.com/jbn/2d175c65b4c6ce876d9248efd34aaafa,True,20時間前,2026-09-19 04:09:49,千葉県
「オフィスワーク」／事務スタッフ／年間休日120日以上／充実の研修で安心スタート!／完全週休2日制新着,前職は美容部員や携帯ショップ店員、,千葉県,月給23万円～50万円,正社員,飲食,求人ボックス,https://xn--pckua2a7gp15o89zb.com/jbn/5994bb67575d071664e3a612cde740e6,True,5時間前,2026-09-19 04:09:49,千葉県
「事務正社員」／充実の研修で安心スタート!／丁寧な教育体制／未経験OK／若い者歓迎／残業少なめ新着,前職は美容部員や携帯ショップ店員、,千葉県,"月給22万5,000円",正社員,飲食,求人ボックス,https://xn--pckua2a7gp15o89zb.com/jbn/901d43f6bf4c2e15427a411589a72003,True,5時間前,2026-09-19 04:09:49,千葉県
「事務スタッフ」／充実の研修で安心スタート!／教育体制あり／福利厚生充実／残業少なめ／サポート業務新着,前職は美容部員や携帯ショップ店員、,千葉県,"月給22万5,000円",正社員,飲食,求人ボックス,https://xn--pckua2a7gp15o89zb.com/jbn/ad04325ad3c9a8951dc58073ee189e4f,True,5時間前,2026-09-19 04:09:52,千葉県
事務職／一般事務／年間休日125日以上／土日祝休み／未経験者も安心サポート／ネイル・ピアスOK新着,これまでの学歴や職歴、ブランクは一切問いません。ハローワークで求職中の方も大歓迎です。アパレル販売、,千葉県,"月給22万3,000円",正社員,飲食,求人ボックス,https://xn--pckua2a7gp15o89zb.com/jbn/d23ce4a1f603c73a1967d1661296d5bf,True,5時間前,2026-09-19 04:09:52,千葉県
事務職／充実の研修で安心スタート!／若手中心／完全週休2日制／経験不問新着,<異業種からの転職者も活躍中!>アパレル販売、,千葉県,月給19万500円,正社員,飲食,求人ボックス,https://xn--pckua2a7gp15o89zb.com/jbn/99323b92b04c2633f19cf987bb7f6ccd,True,7時間前,2026-09-19 04:09:52,千葉県
事務職／充実の研修で安心スタート!／福利厚生充実／経験不問／教育体制あり新着,<異業種からの転職者も活躍中!>アパレル販売、,千葉県,月給20万500円,正社員,飲食,求人ボックス,https://xn--pckua2a7gp15o89zb.com/jbn/5e529a8b568a07f50ea6caa0721d35e0,True,7時間前,2026-09-19 04:09:52,千葉県
事務職／総務事務／20代未経験歓迎／土日祝休み／ピアスOk／ネイルOK新着,これまでの学歴や職歴、ブランクは一切問いません。ハローワークで求職中の方も大歓迎です。アパレル販売、,千葉県,"月給22万4,000円",正社員,飲食,求人ボックス,https://xn--pckua2a7gp15o89zb.com/jbn/6940581e0e1788318568a3c1840bc712,True,5時間前,2026-09-19 04:09:52,千葉県
「デスクワーク」／事務スタッフ／充実の研修で安心スタート!／福利厚生充実／完全週休2日制／高収入新着,アパレル販売、,千葉県,月給23万円～50万円,正社員,飲食,求人ボックス,https://xn--pckua2a7gp15o89zb.com/jbn/22423c4971cf6c963028d54a21a454f4,True,5時間前,2026-09-19 04:09:52,千葉県
事務職／充実の研修で安心スタート!／教育体制あり／経験不問／完全週休2日制新着,これまでの学歴や職歴、ブランクは一切問いません。ハローワークで求職中の方も大歓迎です。アパレル販売、,千葉県,月給20万円～50万円,正社員,飲食,求人ボックス,https://xn--pckua2a7gp15o89zb.com/jbn/bfcfa12702d643acaf09b1d43ba144ca,True,5時間前,2026-09-19 04:09:52,千葉県
グループホームでの介護職／年間休日117日以上／福利厚生が充実新着,株式会社レガート,埼玉県,月給28万円～,正社員,介護,求人ボックス,https://xn--pckua2a7gp15o89zb.com/jb/81579abc12bd985ca0ce8a40e9780a11,True,6時間前,2026-09-19 04:09:36,埼玉県
介護職・ヘルパー／有料老人ホームで勤務!20代～30代活躍中／日勤のみ新着,株式会社ベネッセキャリオス,埼玉県,"時給1,600円",派遣社員,介護,求人ボックス,https://xn--pckua2a7gp15o89zb.com/jbn/58d724b39f4fc1ffb729615baf04162d,True,20時間前,2026-09-19 04:09:36,埼玉県
介護職・ホームヘルパー／高時給!2シフトOK!週3日以上!急募新着,株式会社ee link,埼玉県,"時給1,600円～1,800円",派遣社員,介護,求人ボックス,https://xn--pckua2a7gp15o89zb.com/jb/a5215f93ae713be246c44e46529adcba,True,23時間前,2026-09-19 04:09:37,埼玉県
デイサービスの介護職新着,介護,埼玉県,"時給1,400円～",アルバイト・パート,介護,求人ボックス,https://xn--pckua2a7gp15o89zb.com/jb/9b1b90af856ebacc917ce2dfeb741c0b,True,9時間前,2026-09-19 04:09:40,埼玉県
草加市の介護士／有料老人ホームの介護職求人 派遣介護士／夜勤専従新着,グッドネクスト,埼玉県,"時給1,700円",派遣社員,介護,求人ボックス,https://xn--pckua2a7gp15o89zb.com/jb/84cd332bc8afdcd8d6ec2438b9f6fa52,True,23時間前,2026-09-19 04:09:44,埼玉県
予防介護スタッフ・社会保険完備の職場で介護職／ヘルパー新着,GENKINEXTふじみ野苗間,埼玉県,"月給23万8,100円",正社員,介護,求人ボックス,https://xn--pckua2a7gp15o89zb.com/jb/75474b27b2d6f771b549f50b7c2163aa,True,6時間前,2026-09-19 04:09:48,埼玉県
動物ケアサポート／介護職／髪型・髪色自由／2024年オープンの動物ユニ...新着,特別養護老人ホーム 福寿の里,埼玉県,"月給24万9,000円",正社員,介護,求人ボックス,https://xn--pckua2a7gp15o89zb.com/jb/b9594de8f97feb55b8ddfd6f4db5a7ee,True,18時間前,2026-09-19 04:09:48,埼玉県
無資格OK!新座ケアセンターそよ風 居宅介護支援の訪問介護職新着,株式会社SOYOKAZE,埼玉県,"時給1,550円",アルバイト・パート,介護,求人ボックス,https://xn--pckua2a7gp15o89zb.com/jb/53cf2da46744921ba99abfeb53bcefe7,True,12時間前,2026-09-19 04:09:52,埼玉県
お給料は日払いで即GET グループホーム介護職 週休2日制新着,株式会社Alsis,埼玉県,"時給1,550円",派遣社員,介護,求人ボックス,https://xn--pckua2a7gp15o89zb.com/jb/5efeb72a037d22c4187c96b96f39e184,True,23時間前,2026-09-19 04:09:52,埼玉県
介護職新着,創生会グループ,埼玉県,"時給1,320円",アルバイト・パート,介護,求人ボックス,https://xn--pckua2a7gp15o89zb.com/jb/d58769af0fdd343ef14dcab3e8cd64b3,True,8時間前,2026-09-19 04:09:52,埼玉県
ヘルパー・介護職／施設入所支援／シフト相談可／キャリアアップ／高時給新着,株式会社DYMキャリア,埼玉県,"時給1,380円～2,250円",派遣社員,介護,求人ボックス,https://xn--pckua2a7gp15o89zb.com/jb/4a69166a925cbd6383c567d8b13385e0,True,19時間前,2026-09-19 04:09:52,埼玉県
介護が初めての方も歓迎!住宅型有料老人ホーム・デイサービスでの介護職ス...新着,優和の里 藤岡／神川／児玉／本館／給食センター,埼玉県,"時給1,300円～1,500円",アルバイト・パート,介護,求人ボックス,https://xn--pckua2a7gp15o89zb.com/jb/9fc32d7fb5656effbe1e792cb8c13f0b,True,4時間前,2026-09-19 04:09:55,埼玉県
「介護福祉士」訪問介護職／時給2050円～2638円／シフト自由新着,ポピンズVIPケアサービス,埼玉県,時給2050円～2638円,,介護,求人ボックス,https://xn--pckua2a7gp15o89zb.com/jbn/ba1820c669705730cc867bdbaeb03161,True,23時間前,2026-09-19 04:09:55,埼玉県
介護職新着,株式会社リクルートスタッフィング,埼玉県,"時給1,800円～",派遣社員,介護,求人ボックス,https://xn--pckua2a7gp15o89zb.com/jb/aaa37223bb45d30279982493b2f13f40,True,10時間前,2026-09-19 04:09:59,埼玉県
介護職新着,社会福祉法人櫻友会 特別養護老人ホーム グレース...,埼玉県,"月給23万6,800円",正社員,介護,求人ボックス,https://xn--pckua2a7gp15o89zb.com/jb/d71f5cbfa6722e0043173b9a9c82ddea,True,12時間前,2026-09-19 04:10:03,埼玉県
介護職／有料老人ホーム新着,株式会社夢眠ホーム 住宅型有料老人ホーム夢眠みはし,埼玉県,"月給21万5,000円",正社員,介護,求人ボックス,https://xn--pckua2a7gp15o89zb.com/jb/83673a2f90c2ec190f38a96999c3febb,True,1時間前,2026-09-19 04:10:06,埼玉県
介護職／グループホームの介護スタッフ新着,株式会社ケア21,埼玉県,"月給24万2,330円",正社員,介護,求人ボックス,https://xn--pckua2a7gp15o89zb.com/jb/a48a34d6324b7cc72e82a1ffd7efd383,True,12時間前,2026-09-19 04:10:06,埼玉県
産婦人科クリニックでの医療事務新着,医療法人社団昌静会 さやま産婦人科,埼玉県,"時給1,200円",アルバイト・パート,医療事務,求人ボックス,https://xn--pckua2a7gp15o89zb.com/jb/48e1121c640601f0a7bee873f49058a9,True,21時間前,2026-09-19 04:09:53,埼玉県
クリニックでの医療事務新着,医療法人社団三友会 彩のクリニック,埼玉県,月給22万円～27万,正社員,医療事務,求人ボックス,https://xn--pckua2a7gp15o89zb.com/jb/df31567fbd664033f0e583dbb95d9f5b,True,9時間前,2026-09-19 04:09:53,埼玉県
婦人科クリニックでの医療事務新着,よつはレディースクリニック志木,埼玉県,"時給1,300円～1,600円",アルバイト・パート,医療事務,求人ボックス,https://xn--pckua2a7gp15o89zb.com/jb/ec15567b913f0473b5a5e1d85e3e7baa,True,21時間前,2026-09-19 04:09:53,埼玉県
クリニックでの医療事務新着,医療法人中山クリニック,埼玉県,"時給1,250円～1,400円",アルバイト・パート,医療事務,求人ボックス,https://xn--pckua2a7gp15o89zb.com/jb/443335d7bef86426fc15ceb768dffe77,True,21時間前,2026-09-19 04:09:53,埼玉県
診療所での医療事務新着,ボッシュ健康保険組合 ボッシュ健康保険組合診療所,埼玉県,"時給1,600円～",派遣社員,医療事務,求人ボックス,https://xn--pckua2a7gp15o89zb.com/jb/7b7431a8f300260b3c03ba46b70e31de,True,21時間前,2026-09-19 04:09:53,埼玉県
眼科クリニックでの医療事務新着,医療法人社団豊栄会 岩槻いまい眼科,埼玉県,"月給19万7,000円",正社員,医療事務,求人ボックス,https://xn--pckua2a7gp15o89zb.com/jb/14ae91bbfa5d7c69d6a55b8718314116,True,21時間前,2026-09-19 04:09:53,埼玉県
医療事務募集新着,ふじみ野 KAI 整形外科,埼玉県,"時給1,150円～",アルバイト・パート,医療事務,求人ボックス,https://xn--pckua2a7gp15o89zb.com/jb/a1e9739992596b02a425207c0c083b33,True,6時間前,2026-09-19 04:09:55,埼玉県
メンタルクリニックでの医療事務新着,医療法人弘心会 メンタルクリニックむさしのもり,埼玉県,"時給1,200円～1,300円",アルバイト・パート,医療事務,求人ボックス,https://xn--pckua2a7gp15o89zb.com/jb/b6318a29e81397e16d7feb42f42a0c53,True,21時間前,2026-09-19 04:09:55,埼玉県
医療事務募集新着,渡辺クリニック,埼玉県,月給22万円～25万円,正社員,医療事務,求人ボックス,https://xn--pckua2a7gp15o89zb.com/jb/411f459c72c2b0f292338cc3e2a8cc9f,True,6時間前,2026-09-19 04:09:55,埼玉県
事務員・無資格可の医療事務／受付新着,くまがや在宅クリニック,埼玉県,"時給1,300円",アルバイト・パート,医療事務,求人ボックス,https://xn--pckua2a7gp15o89zb.com/jb/8a4ccf7feb6dcd2026162cacb1361b55,True,6時間前,2026-09-19 04:09:55,埼玉県
医療事務新着,創生会グループ,埼玉県,"時給1,300円",アルバイト・パート,医療事務,求人ボックス,https://xn--pckua2a7gp15o89zb.com/jb/d26f1b44e40bd7503ca71151f6993238,True,8時間前,2026-09-19 04:09:55,埼玉県
無資格可の医療事務／受付新着,みなみ草加クリニック,埼玉県,"時給1,196円～",アルバイト・パート,医療事務,求人ボックス,https://xn--pckua2a7gp15o89zb.com/jb/1af24263c45b4073c795c59f4e3bb434,True,6時間前,2026-09-19 04:09:55,埼玉県
医療事務・受付 スタッフにもやさしい薬局に システム化で考えすぎない調...新着,ウエルシア薬局株式会社,埼玉県,"時給1,241円～1,261円",アルバイト・パート,医療事務,求人ボックス,https://xn--pckua2a7gp15o89zb.com/jb/4bdc9cdd6ee710dfe4331c90c56eb2f4,True,4時間前,2026-09-19 04:09:55,埼玉県
医療事務・受付 スタッフにもやさしい薬局に システム化で考えすぎない調...新着,ウエルシア薬局株式会社,埼玉県,"時給1,241円～1,261円",アルバイト・パート,医療事務,求人ボックス,https://xn--pckua2a7gp15o89zb.com/jb/025a39778ac0dc5a5b76f57b14cd3a77,True,4時間前,2026-09-19 04:09:58,埼玉県
医療事務／療養型病院新着,医療法人本庄福島病院 本庄福島病院,埼玉県,"時給1,200円～1,250円",アルバイト・パート,医療事務,求人ボックス,https://xn--pckua2a7gp15o89zb.com/jb/50ad9ab248181f852debada68f831a39,True,23時間前,2026-09-19 04:09:58,埼玉県
医療事務+ 一般事務新着,株式会社リクルートスタッフィング,埼玉県,"時給1,600円～",派遣社員,医療事務,求人ボックス,https://xn--pckua2a7gp15o89zb.com/jb/578a4f74504282ab677cb2466c20aa88,True,19時間前,2026-09-19 04:09:58,埼玉県
医療事務募集新着,平山クリニック,埼玉県,"時給1,200円～",アルバイト・パート,医療事務,求人ボックス,https://xn--pckua2a7gp15o89zb.com/jb/b5b2e28d572b94d3a35fcc68cdca55a0,True,6時間前,2026-09-19 04:09:58,埼玉県
医療事務募集新着,株式会社メディカルサポート キッズクリニックラム...,埼玉県,"月給22万5,000円",正社員,医療事務,求人ボックス,https://xn--pckua2a7gp15o89zb.com/jb/86e4967cfa7bd4385d11df03afe32eee,True,6時間前,2026-09-19 04:09:58,埼玉県
未経験から医療事務 週4～OK! @ふじみ野新着,マンパワーグループ株式会社,埼玉県,"時給1,750円",派遣社員,医療事務,求人ボックス,https://xn--pckua2a7gp15o89zb.com/jb/9ae3c2ca56322f3ac3fe3b766ae5ce6f,True,8時間前,2026-09-19 04:09:58,埼玉県
レセプト業務 ／ 医療関係業務／医療事務経験を活かす 週4日～×時間相...新着,医療法人橘会,埼玉県,年収242万円～263万円,契約社員,医療事務,求人ボックス,https://xn--pckua2a7gp15o89zb.com/jb/ffd0d5e8cf3baf332f1e64ecb66ee864,True,23時間前,2026-09-19 04:09:58,埼玉県
医療事務／管理職新着,医療法人愛應会 騎西病院,埼玉県,月給21万円～28万,正社員,医療事務,求人ボックス,https://xn--pckua2a7gp15o89zb.com/jb/356573f98832ef5162008d433ab8335f,True,14時間前,2026-09-19 04:09:58,埼玉県
医療事務／未経験・ブランクある方歓迎!賞与は年3回支給新着,医療法人社団仁桜会 飯能駅前耳鼻咽喉科,埼玉県,月給23万円～,正社員,医療事務,求人ボックス,https://xn--pckua2a7gp15o89zb.com/jb/25772d903a3a16326b999ce880cbedb5,True,16時間前,2026-09-19 04:10:01,埼玉県
医療事務／調剤薬局新着,よつば薬局,埼玉県,"月給15万8,000円",正社員,医療事務,求人ボックス,https://xn--pckua2a7gp15o89zb.com/jb/24257a20620ef4ddf367ae95f1cc5af7,True,22時間前,2026-09-19 04:10:01,埼玉県
医療事務／調剤薬局新着,有限会社さつきメディカル さつき薬局 入間店,埼玉県,"時給1,200円",正社員,医療事務,求人ボックス,https://xn--pckua2a7gp15o89zb.com/jb/dba199f3c5433ec481b331143564a48b,True,22時間前,2026-09-19 04:10:01,埼玉県
クリニック／事務／未経験OK・研修充実・月29万～新着,株式会社ディンプル,埼玉県,月給29万円,正社員,医療事務,求人ボックス,https://xn--pckua2a7gp15o89zb.com/jb/99a3dd4b1ddec52b64989c96974936d8,True,10時間前,2026-09-19 04:10:01,埼玉県
クリニックの受付事務／完全週休2日・残業ほぼなし／昇給・賞与有新着,医療法人社団桜会 さくらガーデンクリニック,埼玉県,"月給19万6,000円",正社員,医療事務,求人ボックス,https://xn--pckua2a7gp15o89zb.com/jb/48210b0e835ffc7b4e246186d10307f6,True,5時間前,2026-09-19 04:10:05,埼玉県
バックオフィススタッフ／充実の研修で安心スタート!／教育体制あり／若い者歓迎新着,安定した環境で長く働ける,埼玉県,月給23万500円,正社員,医療事務,求人ボックス,https://xn--pckua2a7gp15o89zb.com/jbn/81791c6113372ca43059951d676d89b5,True,7時間前,2026-09-19 04:10:05,埼玉県
バックオフィススタッフ／未経験でも安心／福利厚生充実／充実の研修で安心スタート新着,事務,埼玉県,月給21万500円,正社員,医療事務,求人ボックス,https://xn--pckua2a7gp15o89zb.com/jbn/754aed049678c19721d94cae162b26e1,True,7時間前,2026-09-19 04:10:05,埼玉県
受付・データ入力スタッフ／若手中心／充実の研修で安心スタート!／完全週休2日制新着,...プライベートを大切にしながら、安定した環境で長く働ける,埼玉県,月給23万500円,正社員,医療事務,求人ボックス,https://xn--pckua2a7gp15o89zb.com/jbn/fc73c14a3d4742551d9600ff02d7f2b0,True,7時間前,2026-09-19 04:10:05,埼玉県
受付・データ入力スタッフ／若手中心／充実の研修で安心スタート!／未経験OK新着,事務,埼玉県,月給23万500円,正社員,医療事務,求人ボックス,https://xn--pckua2a7gp15o89zb.com/jbn/8252991cc6b23d9791038dfc59a083f0,True,7時間前,2026-09-19 04:10:05,埼玉県
事務職／充実の研修で安心スタート!／経験不問／完全週休2日制／福利厚生充実新着,事務,埼玉県,月給21万500円,正社員,医療事務,求人ボックス,https://xn--pckua2a7gp15o89zb.com/jbn/dcbbb72411b551857d988811e3d8970c,True,7時間前,2026-09-19 04:10:05,埼玉県
事務アシスタント／30代活躍中／教育体制あり／充実の研修で安心スタート新着,...プライベートを大切にしながら、安定した環境で長く働ける,埼玉県,月給19万500円,正社員,医療事務,求人ボックス,https://xn--pckua2a7gp15o89zb.com/jbn/82a8ef10d73ce3a60faedf6be008798d,True,7時間前,2026-09-19 04:10:08,埼玉県
バックオフィススタッフ／充実の研修で安心スタート!／福利厚生充実／若い者歓迎新着,事務・,埼玉県,月給23万500円,正社員,医療事務,求人ボックス,https://xn--pckua2a7gp15o89zb.com/jbn/590596b39d120be68a4f516254e3527b,True,7時間前,2026-09-19 04:10:08,埼玉県
事務アシスタント／20代活躍中／充実の研修で安心スタート!／年間休日120日以上新着,...プライベートを大切にしながら、安定した環境で長く働ける,埼玉県,月給23万500円,正社員,医療事務,求人ボックス,https://xn--pckua2a7gp15o89zb.com/jbn/dde4a54f110266a57b92ed2ccccbfb59,True,7時間前,2026-09-19 04:10:08,埼玉県
バックオフィススタッフ／未経験でも安心／若い者歓迎／充実の研修で安心スタート新着,...プライベートを大切にしながら、安定した環境で長く働ける,埼玉県,月給20万500円,正社員,医療事務,求人ボックス,https://xn--pckua2a7gp15o89zb.com/jbn/c1659d73bacfa3290836a3a35cb8bf42,True,7時間前,2026-09-19 04:10:08,埼玉県
事務職／充実の研修で安心スタート／教育体制あり／福利厚生充実新着,事務,埼玉県,月給23万500円,正社員,医療事務,求人ボックス,https://xn--pckua2a7gp15o89zb.com/jbn/bd94f2f19c04a96d637c98a45cc5ce53,True,7時間前,2026-09-19 04:10:10,埼玉県
バックオフィススタッフ／未経験でも安心／充実の研修で安心スタート!／教育体制あり新着,...プライベートを大切にしながら、安定した環境で長く働ける,埼玉県,月給23万500円,正社員,医療事務,求人ボックス,https://xn--pckua2a7gp15o89zb.com/jbn/2946d49c46536e19c5f1bb6e4ad0c7aa,True,7時間前,2026-09-19 04:10:10,埼玉県
事務職／充実の研修で安心スタート!／経験不問／完全週休2日制／若手中心新着,事務,埼玉県,月給21万500円,正社員,医療事務,求人ボックス,https://xn--pckua2a7gp15o89zb.com/jbn/4bac20ff11966cf7d6dd3dd7a9630e0c,True,7時間前,2026-09-19 04:10:10,埼玉県
バックオフィススタッフ／充実の研修で安心スタート!／教育体制あり／未経験でも安心新着,...プライベートを大切にしながら、安定した環境で長く働ける,埼玉県,月給23万500円,正社員,医療事務,求人ボックス,https://xn--pckua2a7gp15o89zb.com/jbn/2fa7e0cb46d25eabfe97ce325cbfb5e3,True,7時間前,2026-09-19 04:10:10,埼玉県
バックオフィススタッフ／充実の研修で安心スタート!／完全週休2日制／教育体制あり新着,事務,埼玉県,月給23万500円,正社員,医療事務,求人ボックス,https://xn--pckua2a7gp15o89zb.com/jbn/d2e1716b73dac8d6046a7743af8b9e1f,True,7時間前,2026-09-19 04:10:10,埼玉県
事務職／充実の研修で安心スタート!／若手中心／福利厚生充実／教育体制あり新着,事務,埼玉県,月給19万500円,正社員,医療事務,求人ボックス,https://xn--pckua2a7gp15o89zb.com/jbn/61d8fa47b4ad41880f8f347100ff3965,True,7時間前,2026-09-19 04:10:10,埼玉県
バックオフィススタッフ／充実の研修で安心スタート!／福利厚生充実／完全週休2日制新着,安定した環境で長く働ける,埼玉県,月給23万500円,正社員,医療事務,求人ボックス,https://xn--pckua2a7gp15o89zb.com/jbn/6e4fc8ff57b3c60ab92058bb7b766894,True,7時間前,2026-09-19 04:10:13,埼玉県
事務アシスタント／20代活躍中／教育体制あり／充実の研修で安心スタート新着,事務,埼玉県,月給21万500円,正社員,医療事務,求人ボックス,https://xn--pckua2a7gp15o89zb.com/jbn/cf1bd59aa0ff99219dd576e9cc5c3da4,True,7時間前,2026-09-19 04:10:13,埼玉県
事務職／充実の研修で安心スタート／福利厚生充実／完全週休2日制新着,事務・,埼玉県,月給23万500円,正社員,医療事務,求人ボックス,https://xn--pckua2a7gp15o89zb.com/jbn/e9dda90cbbeb9622662ed9359b3c5e79,True,7時間前,2026-09-19 04:10:13,埼玉県
バックオフィススタッフ／未経験でも安心／年間休日120日以上／教育体制あり新着,...プライベートを大切にしながら、安定した環境で長く働ける,埼玉県,月給23万500円,正社員,医療事務,求人ボックス,https://xn--pckua2a7gp15o89zb.com/jbn/31726d35516be6b257649ca85d64da73,True,7時間前,2026-09-19 04:10:13,埼玉県
バックオフィススタッフ／未経験でも安心／充実の研修で安心スタート!／福利厚生充実新着,事務,埼玉県,月給23万500円,正社員,医療事務,求人ボックス,https://xn--pckua2a7gp15o89zb.com/jbn/d7ff7e1f96f05b8851232472d29fc1aa,True,7時間前,2026-09-19 04:10:13,埼玉県
バックオフィススタッフ／未経験でも安心／年間休日120日以上／福利厚生充実新着,...プライベートを大切にしながら、安定した環境で長く働ける,埼玉県,月給23万500円,正社員,医療事務,求人ボックス,https://xn--pckua2a7gp15o89zb.com/jbn/56028147070834951840f98ba77a0203,True,7時間前,2026-09-19 04:10:17,埼玉県
事務アシスタント／30代活躍中／完全週休2日制／充実の研修で安心スタート新着,安定した環境で長く働ける,埼玉県,月給19万500円,正社員,医療事務,求人ボックス,https://xn--pckua2a7gp15o89zb.com/jbn/8a5d7e1c7e3f74bd3cd52024f5359d06,True,7時間前,2026-09-19 04:10:17,埼玉県
受付・データ入力スタッフ／丁寧な教育体制／完全週休2日制／充実の研修で安心スタート新着,事務・,埼玉県,月給23万500円,正社員,医療事務,求人ボックス,https://xn--pckua2a7gp15o89zb.com/jbn/e8fd4e843e81bb1a060f20b4fa140cb7,True,7時間前,2026-09-19 04:10:17,埼玉県
事務職／営業事務／土日祝休み／残業なし／未経験からキャリアをスタート／在宅あり新着,事務,埼玉県,"月給22万5,000円",正社員,医療事務,求人ボックス,https://xn--pckua2a7gp15o89zb.com/jbn/85b40f8d0f7942723c0d67612b6fcdb3,True,5時間前,2026-09-19 04:10:17,埼玉県
「今だけ募集!大手企業の事務アシスタント」／事務アシスタント／9時半出社／未経験OK／完全週休2日制新着,株式会社One's Will「3433」,埼玉県,月給22万円～,正社員,医療事務,求人ボックス,https://xn--pckua2a7gp15o89zb.com/jbn/d6d4855af2eb3cfb81a2c74c9dad85a7,True,20時間前,2026-09-19 04:10:17,埼玉県
病院での地域連携事務員新着,医療法人社団東光会 戸田中央産院 地域医療連携課,埼玉県,月給20万419円,正社員,医療事務,求人ボックス,https://xn--pckua2a7gp15o89zb.com/jb/bbb5d8e183039a9fb862162f052b5a84,True,21時間前,2026-09-19 04:10:17,埼玉県
大学病院での入退院受付事務新着,埼玉医科大学病院 入退院窓口,埼玉県,"時給1,196円",正社員,医療事務,求人ボックス,https://xn--pckua2a7gp15o89zb.com/jb/906f1bea2bffb4ce3dc8035cd13c9f94,True,21時間前,2026-09-19 04:10:17,埼玉県
病院での病棟サポートスタッフ新着,医療法人弘心会 武蔵の森病院,埼玉県,"月給19万8,000円",正社員,医療事務,求人ボックス,https://xn--pckua2a7gp15o89zb.com/jb/1ce8d72244564035f88883e83c15eab4,True,21時間前,2026-09-19 04:10:21,埼玉県
川越市の保育士／認可保育園で保育のお仕事 派遣保育士／日払い・週払いOK お気軽にお問合せください新着,グッドネクスト,埼玉県,"時給1,600円",派遣社員,医療事務,求人ボックス,https://xn--pckua2a7gp15o89zb.com/jb/552da4f9fecdd60cfb40af2dc74b0fe1,True,23時間前,2026-09-19 04:10:21,埼玉県
介護士／越谷市の特養／履歴書不要新着,株式会社ee link,埼玉県,"時給1,500円",アルバイト・パート,医療事務,求人ボックス,https://xn--pckua2a7gp15o89zb.com/jb/8a9603d87cf3e2f6bd44015ff4201511,True,23時間前,2026-09-19 04:10:21,埼玉県
事務スキル・PCスキル活かせます 子育てなどからの仕事復帰を応援新着,株式会社ルフト・メディカルケア,埼玉県,"時給1,350円",派遣社員,医療事務,求人ボックス,https://xn--pckua2a7gp15o89zb.com/jb/cab62f3d06d3d5b725c7ad69a7de60b6,True,12時間前,2026-09-19 04:10:21,埼玉県
「20代・30代の若手が中心に活躍中!」／ITアドバイザー／未経験OK／長期安定／20〜30代活躍中新着,株式会社Tetote,埼玉県,月給27万円～34万円,正社員,医療事務,求人ボックス,https://xn--pckua2a7gp15o89zb.com/jbn/58d4d8a7949c7d946b4dc95f4d3275c7,True,16時間前,2026-09-19 04:10:21,埼玉県
「仕事も私生活も充実させやすい」／AIエンジニア／残業少なめ／福利厚生充実／長期安定新着,株式会社SNJAPAN,埼玉県,月給27万円～34万円,正社員,医療事務,求人ボックス,https://xn--pckua2a7gp15o89zb.com/jbn/f2a4f5b45d924e700fd20c16401ee220,True,16時間前,2026-09-19 04:10:21,埼玉県
正看護師・社会保険完備の職場で看護師／准看護師新着,099訪問看護ステーション所沢,埼玉県,"時給1,700円～2,000円",アルバイト・パート,医療事務,求人ボックス,https://xn--pckua2a7gp15o89zb.com/jb/922a7a5a49aab093b238b70cc3e2d84f,True,6時間前,2026-09-19 04:10:21,埼玉県
幅広いIT知識が身につくヘルプデスク!直接「助かった」と言ってもらえるポジション新着,このお仕事の特徴一般,埼玉県,"月給26万2,000円",正社員,医療事務,求人ボックス,https://xn--pckua2a7gp15o89zb.com/jbn/5112eb7b893fdf1bb8792cf843a5b5ef,True,11時間前,2026-09-19 04:10:21,埼玉県
深谷市の保育士／認可保育園で保育のお仕事 派遣保育士／フリー業務新着,グッドネクスト,埼玉県,"時給1,600円",派遣社員,保育,求人ボックス,https://xn--pckua2a7gp15o89zb.com/jb/1d0d5fb27bfe18cdaba9b9c1849618a9,True,23時間前,2026-09-19 04:09:57,埼玉県
保育士／20代～60代まで活躍中!働き方の相談しやすい園新着,株式会社ee link,埼玉県,"時給1,700円～1,800円",派遣社員,保育,求人ボックス,https://xn--pckua2a7gp15o89zb.com/jb/62209967016e1fe3ab3468dcbef7b321,True,23時間前,2026-09-19 04:09:57,埼玉県
保育士／歯科業界 未経験OK 院内託児／車通勤OK 有給消化良好新着,おおなり歯科クリニック,埼玉県,月給22万円～30万円,正社員,保育,求人ボックス,https://xn--pckua2a7gp15o89zb.com/jb/d9f9a70244aa513078b8b60149f995e8,True,1時間前,2026-09-19 04:09:58,埼玉県
保育士募集・ボーナス・賞与あり新着,かばさん保育園 東川口園,埼玉県,"月給22万5,000円",正社員,保育,求人ボックス,https://xn--pckua2a7gp15o89zb.com/jb/8c685daa3ce3c059081fb617067672b6,True,6時間前,2026-09-19 04:10:01,埼玉県
「男女ともに活躍中」／認可保育園の保育士／複数担任制／研修制度あり新着,保育,埼玉県,月給27万円～36万円,正社員,保育,求人ボックス,https://xn--pckua2a7gp15o89zb.com/jbn/c3be391f9c062d571080d0ca6f35df56,True,15時間前,2026-09-19 04:10:01,埼玉県
「主婦・主夫の方も働きやすい」／事業所内保育園の保育士／未経験歓迎新着,保育,埼玉県,月給27万円～36万円,正社員,保育,求人ボックス,https://xn--pckua2a7gp15o89zb.com/jbn/29ad0e40fd6955b18e8be62b4734b612,True,15時間前,2026-09-19 04:10:05,埼玉県
「もう一度子どもたちの成長に寄り添う」／認可保育園の保育士新着,保育,埼玉県,月給27万円～36万円,正社員,保育,求人ボックス,https://xn--pckua2a7gp15o89zb.com/jbn/2934137a980b8e9d2b4b5e4eae99895e,True,15時間前,2026-09-19 04:10:10,埼玉県
「子育てが落ち着いた方も歓迎」／認可保育園の保育士／複数担任制新着,保育,埼玉県,月給27万円～36万円,正社員,保育,求人ボックス,https://xn--pckua2a7gp15o89zb.com/jbn/be8485eeca324a7cff221902246640ce,True,15時間前,2026-09-19 04:10:10,埼玉県
保育士募集・ボーナス・賞与あり新着,はぴねすくらぶ川越,埼玉県,月給20万円～28万円,正社員,保育,求人ボックス,https://xn--pckua2a7gp15o89zb.com/jb/d30e5bb774c74afc70ba8d5fa0f9c5f4,True,6時間前,2026-09-19 04:10:13,埼玉県
「早めに仕事を決めたい方に」／小規模保育園の保育士／未経験歓迎新着,保育,埼玉県,月給27万円～36万円,正社員,保育,求人ボックス,https://xn--pckua2a7gp15o89zb.com/jbn/7d515c35300909f7c558c9668b894031,True,15時間前,2026-09-19 04:10:13,埼玉県
「幅広い保育経験が身につく」／認定こども園の保育士／未経験OK新着,保育,埼玉県,月給27万円～36万円,正社員,保育,求人ボックス,https://xn--pckua2a7gp15o89zb.com/jbn/dca15f5a54da74eca42f548e561854db,True,15時間前,2026-09-19 04:10:16,埼玉県
「スピード採用実施中」／民間学童の保育士／未経験歓迎／持ち帰り行事なし新着,保育士,埼玉県,月給27万円～36万円,正社員,保育,求人ボックス,https://xn--pckua2a7gp15o89zb.com/jbn/cff1611eb3adac19062145d64ae2f30a,True,15時間前,2026-09-19 04:10:22,埼玉県
「もう一度保育の仕事を始めたい方に」／事業所内保育園の保育士新着,保育,埼玉県,月給27万円～36万円,正社員,保育,求人ボックス,https://xn--pckua2a7gp15o89zb.com/jbn/8f64626b48edcb39cd2a9c8ca1423100,True,15時間前,2026-09-19 04:10:22,埼玉県
「男女ともに活躍中」／民間学童の保育士／持ち帰り行事なし／福利厚生充実新着,保育士,埼玉県,月給27万円～36万円,正社員,保育,求人ボックス,https://xn--pckua2a7gp15o89zb.com/jbn/f432d755659d648f75387eac111b78d4,True,15時間前,2026-09-19 04:10:27,埼玉県
「男女ともに活躍中」／認定こども園の保育士／ICT導入で書類業務を削減新着,保育士,埼玉県,月給27万円～36万円,正社員,保育,求人ボックス,https://xn--pckua2a7gp15o89zb.com/jbn/e43d92ce360f5ef6f28de2f6277ef3dd,True,15時間前,2026-09-19 04:10:27,埼玉県
カット専門の美容師・理容師／ブランク歓迎／カット専門新着,QBHOUSE／ロジスカットスクール東京校,埼玉県,月給25万500円,正社員,美容,求人ボックス,https://xn--pckua2a7gp15o89zb.com/jbn/98b2f333a71714ad7217113b29d60681,True,23時間前,2026-09-19 04:10:09,埼玉県
美容師アシスタント。シャンプー・カラー・パーマ等の施術補助から接客新着,mee株式会社,埼玉県,月給24万円～25万円,正社員,美容,求人ボックス,https://xn--pckua2a7gp15o89zb.com/jb/739f9cc3d826717e9b7b2beab30e80da,True,6時間前,2026-09-19 04:10:09,埼玉県
販売・／美容師新着,NAO-ART株式会社,埼玉県,"月給21万7,000円",正社員,美容,求人ボックス,https://xn--pckua2a7gp15o89zb.com/jb/e6cd1746d9a465b11c40f92a3d6256f2,True,10時間前,2026-09-19 04:10:09,埼玉県
美容師／店長／LUCELISS新着,株式会社ルチェリス,埼玉県,月給25万円～35万円,正社員,美容,求人ボックス,https://xn--pckua2a7gp15o89zb.com/jb/835710db20e557f294dc674673366662,True,7時間前,2026-09-19 04:10:09,埼玉県
美容師／ヘアメイク／ヘッドスパ／ヘアセット スタイリスト／FLORA新着,SYNRA GROUP株式会社,埼玉県,"月給26万9,300円",正社員,美容,求人ボックス,https://xn--pckua2a7gp15o89zb.com/jb/b34ca121cca13c618479d3cd8f0df91b,True,5時間前,2026-09-19 04:10:09,埼玉県
設備管理／建築・土木／リフォーム・内装 元美容師も活躍中／3人チームで...新着,株式会社フローリード,埼玉県,月給28万円～45万円,正社員,美容,求人ボックス,https://xn--pckua2a7gp15o89zb.com/jb/14748b30a050b7e85d622febf9040ea1,True,10時間前,2026-09-19 04:10:09,埼玉県
溶接 入社祝金5万 元美容師 営業も活躍中 髪色自由 金属製品製造新着,有限会社足羽工業,埼玉県,"月給25万3,000円",正社員,美容,求人ボックス,https://xn--pckua2a7gp15o89zb.com/jb/8126dbd75315a689d722e1886c60d70e,True,4時間前,2026-09-19 04:10:09,埼玉県
レギュラースタイリスト新着,HAIR SALON Best 埼玉妻沼店,埼玉県,"時給1,250円～1,600円",アルバイト・パート,美容,求人ボックス,https://xn--pckua2a7gp15o89zb.com/jb/4a1f1873b208f520661c0778ca90e171,True,7時間前,2026-09-19 04:10:09,埼玉県
事務アシスタント／20代活躍中／福利厚生充実／充実の研修で安心スタート新着,実際に、コンビニの店員、倉庫内軽作業、,埼玉県,月給20万500円,正社員,美容,求人ボックス,https://xn--pckua2a7gp15o89zb.com/jbn/3d59e8b2f97d0353b48e1b9f0fd0a1b8,True,7時間前,2026-09-19 04:10:09,埼玉県
事務職／充実の研修で安心スタート／完全週休2日制／教育体制あり新着,実際に、コンビニの店員、倉庫内軽作業、,埼玉県,月給23万500円,正社員,美容,求人ボックス,https://xn--pckua2a7gp15o89zb.com/jbn/66aa05d98fd2aa332ccb149939d7dc02,True,7時間前,2026-09-19 04:10:09,埼玉県
バックオフィススタッフ／充実の研修で安心スタート!／完全週休2日制／福利厚生充実新着,実際に、コンビニの店員、倉庫内軽作業、,埼玉県,月給23万500円,正社員,美容,求人ボックス,https://xn--pckua2a7gp15o89zb.com/jbn/f33728755369ea0e8bcbee070036277a,True,7時間前,2026-09-19 04:10:09,埼玉県
事務アシスタント／20代活躍中／30代活躍中／充実の研修で安心スタート新着,実際に、コンビニの店員、倉庫内軽作業、,埼玉県,月給23万500円,正社員,美容,求人ボックス,https://xn--pckua2a7gp15o89zb.com/jbn/8243a84eda74861c780ad8a5c5fc6eec,True,7時間前,2026-09-19 04:10:09,埼玉県
事務職／充実の研修で安心スタート／教育体制あり／完全週休2日制新着,実際に、コンビニの店員、倉庫内軽作業、,埼玉県,月給23万500円,正社員,美容,求人ボックス,https://xn--pckua2a7gp15o89zb.com/jbn/edc9ca18f450470de27f3a493bd8d1bc,True,7時間前,2026-09-19 04:10:09,埼玉県
フルリモート／未経験可／データ入力／年休125日以上新着,職種・業界未経験歓迎→大体の方が未経験からスタートしてます! 前職は様々→飲食店、,埼玉県,"月給22万7,800円",正社員,美容,求人ボックス,https://xn--pckua2a7gp15o89zb.com/jbn/b4ad49bc3a311da2104ea4da76c08809,True,9時間前,2026-09-19 04:10:09,埼玉県
フルリモート／未経験可／一般事務／年休125日以上新着,職種・業界未経験歓迎→大体の方が未経験からスタートしてます! 前職は様々→飲食店、,埼玉県,"月給23万8,400円",正社員,美容,求人ボックス,https://xn--pckua2a7gp15o89zb.com/jbn/7c50ced96798778d58405cf2b5001b98,True,8時間前,2026-09-19 04:10:09,埼玉県
美容院・ヘアサロン勤務新着,See by DECO,埼玉県,"時給1,200円～",アルバイト・パート,美容,求人ボックス,https://xn--pckua2a7gp15o89zb.com/jb/40c002e8820a2dc33b2c5a072e1e78ce,True,6時間前,2026-09-19 04:10:09,埼玉県
アイリスト募集・駅近5分以内新着,Lien eyelash &beauty,埼玉県,"時給1,200円～1,400円",アルバイト・パート,美容,求人ボックス,https://xn--pckua2a7gp15o89zb.com/jb/d4311320c9b0d93479ef609a6b5c6447,True,6時間前,2026-09-19 04:10:10,埼玉県
在宅勤務／一般事務／高収入／完全週休2日新着,飲食店、,埼玉県,"月給27万3,700円",正社員,美容,求人ボックス,https://xn--pckua2a7gp15o89zb.com/jbn/79db390c4924145c7e5486d8e57b9a7f,True,8時間前,2026-09-19 04:10:10,埼玉県
フルリモート／一般事務／未経験OK／年間休日123日新着,飲食店、,埼玉県,月給27万円～35万円,正社員,美容,求人ボックス,https://xn--pckua2a7gp15o89zb.com/jbn/f509a80b72bf62035e25f92dfefaeac7,True,13時間前,2026-09-19 04:10:10,埼玉県
リモート勤務／事務／未経験OK／完全土日休み新着,飲食店、,埼玉県,月給27万円～35万円,正社員,美容,求人ボックス,https://xn--pckua2a7gp15o89zb.com/jbn/c4083523d91a16de0745ad5637d19a67,True,13時間前,2026-09-19 04:10:10,埼玉県
リモート勤務／データ入力／未経験OK／月給27万～新着,飲食店、,埼玉県,月給27万～,正社員,美容,求人ボックス,https://xn--pckua2a7gp15o89zb.com/jbn/e5db641afbb7877e24afeff013f3a802,True,12時間前,2026-09-19 04:10:10,埼玉県
完全在宅／データ入力／未経験OK／月給27万～新着,飲食店、,埼玉県,月給27万～,正社員,美容,求人ボックス,https://xn--pckua2a7gp15o89zb.com/jbn/e8f9ecad22a9f9a5e871ebc64c08f01b,True,8時間前,2026-09-19 04:10:10,埼玉県
リモート勤務／事務／高収入／完全週休2日新着,飲食店、,埼玉県,"月給27万2,300円",正社員,美容,求人ボックス,https://xn--pckua2a7gp15o89zb.com/jbn/76daffbdab3c322c9d09233119adaa36,True,9時間前,2026-09-19 04:10:10,埼玉県
在宅勤務／事務／未経験OK／月給27万～新着,飲食店、,埼玉県,月給27万～,正社員,美容,求人ボックス,https://xn--pckua2a7gp15o89zb.com/jbn/4345234f4a0d85cb83067e2ff839057d,True,13時間前,2026-09-19 04:10:10,埼玉県
ネイルサロン勤務新着,Felicebeauty 越谷店,埼玉県,"時給1,200円～1,650円",アルバイト・パート,美容,求人ボックス,https://xn--pckua2a7gp15o89zb.com/jb/dd60903b26544c962ee5b5dc61998edd,True,6時間前,2026-09-19 04:10:10,埼玉県
送迎運転手「普通免許のみ」／VIP送迎ドライバー／未経験でも高収入／ドライバー／予約が中心新着,...カレンダー通りに休める事務職へ転職したい」「プライベートの時間もしっかり確保しながら働きたい」そんな希望が叶う職場です。ExcelやWordの基本操作ができれば、実務経験がなくても全く問題ありま,埼玉県,月給50万円～80万円,正社員,美容,求人ボックス,https://xn--pckua2a7gp15o89zb.com/jbn/21d4b691414a24d1a1f281a09ce4bce9,True,9時間前,2026-09-19 04:10:10,埼玉県
フルリモート／一般事務／高収入／完全土日休み新着,飲食店、,埼玉県,"月給27万2,200円",正社員,美容,求人ボックス,https://xn--pckua2a7gp15o89zb.com/jbn/e77f36858ec91ccbc2b15e955565d584,True,12時間前,2026-09-19 04:10:10,埼玉県
事務アシスタント／充実の研修で安心スタート!／完全週休2日制／教育体制あり新着,...原則定時退社だからお仕事後のプライベートが超充実 ギスギスした雰囲気とは無縁の、何でも相談しやすい環境<元接客・販売スタッフが多数在籍!>コンビニ夜勤、ホテルフロント、居酒屋、アパレル、,埼玉県,月給23万500円,正社員,美容,求人ボックス,https://xn--pckua2a7gp15o89zb.com/jbn/035ec5849c14f37612457c0c6c64e6c2,True,7時間前,2026-09-19 04:10:10,埼玉県
事務職／充実の研修で安心スタート／完全週休2日制／福利厚生充実新着,...これまでの経歴ではなく、これからの「やってみたい」という気持ちを何よりも重視します。求人票に必須資格の明記はありませんので、どなたでも「不問」として安心してご応募いただけます。実際に、コンビニの,埼玉県,月給23万500円,正社員,美容,求人ボックス,https://xn--pckua2a7gp15o89zb.com/jbn/113c2728bf7790232844104ea45b7ccf,True,7時間前,2026-09-19 04:10:10,埼玉県
事務職／充実の研修で安心スタート!／若手中心／福利厚生充実／完全週休2日制新着,...原則定時退社だからお仕事後のプライベートが超充実 ギスギスした雰囲気とは無縁の、何でも相談しやすい環境<元接客・販売スタッフが多数在籍!>コンビニ夜勤、ホテルフロント、居酒屋、アパレル、,埼玉県,月給19万500円,正社員,美容,求人ボックス,https://xn--pckua2a7gp15o89zb.com/jbn/7d4c567547e5298219ff8f59a76c1e12,True,7時間前,2026-09-19 04:10:10,埼玉県
「高収入」配車ドライバー「普通免許のみ」／タクシードライバー／年収600万円以上／週3出勤新着,...カレンダー通りに休める事務職へ転職したい」「プライベートの時間もしっかり確保しながら働きたい」そんな希望が叶う職場です。ExcelやWordの基本操作ができれば、実務経験がなくても全く問題ありま,埼玉県,月給50万円～80万円,正社員,美容,求人ボックス,https://xn--pckua2a7gp15o89zb.com/jbn/36115d5a6b46b0aa71c5ca1a328499b8,True,9時間前,2026-09-19 04:10:13,埼玉県
事務職／充実の研修で安心スタート!／経験不問／完全週休2日制／教育体制あり新着,...原則定時退社だからお仕事後のプライベートが超充実 ギスギスした雰囲気とは無縁の、何でも相談しやすい環境<元接客・販売スタッフが多数在籍!>コンビニ夜勤、ホテルフロント、居酒屋、アパレル、,埼玉県,月給19万500円,正社員,美容,求人ボックス,https://xn--pckua2a7gp15o89zb.com/jbn/bec27011ab5e2d34b5788fd02ca1ad58,True,7時間前,2026-09-19 04:10:13,埼玉県
リモート勤務／一般事務／高収入／完全土日休み新着,飲食店、,埼玉県,"月給27万3,200円",正社員,美容,求人ボックス,https://xn--pckua2a7gp15o89zb.com/jbn/95b5286b98e3e254cbd740cd211142fb,True,8時間前,2026-09-19 04:10:13,埼玉県
配車ドライバー「普通免許のみ」／予約が中心／タクシードライバー／未経験でも高収入新着,...カレンダー通りに休める事務職へ転職したい」「プライベートの時間もしっかり確保しながら働きたい」そんな希望が叶う職場です。ExcelやWordの基本操作ができれば、実務経験がなくても全く問題ありま,埼玉県,月給50万円～80万円,正社員,美容,求人ボックス,https://xn--pckua2a7gp15o89zb.com/jbn/c151b8490fba62c937b84f05c42fceec,True,9時間前,2026-09-19 04:10:13,埼玉県
事務職／充実の研修で安心スタート／福利厚生充実／教育体制あり新着,...これまでの経歴ではなく、これからの「やってみたい」という気持ちを何よりも重視します。求人票に必須資格の明記はありませんので、どなたでも「不問」として安心してご応募いただけます。実際に、コンビニの,埼玉県,月給23万500円,正社員,美容,求人ボックス,https://xn--pckua2a7gp15o89zb.com/jbn/9d391c77299bbd7588b591955034f5b7,True,7時間前,2026-09-19 04:10:13,埼玉県
送迎運転手「普通免許のみ」／VIP送迎ドライバー／ドライバー／未経験でも高収入／予約が中心新着,...カレンダー通りに休める事務職へ転職したい」「プライベートの時間もしっかり確保しながら働きたい」そんな希望が叶う職場です。ExcelやWordの基本操作ができれば、実務経験がなくても全く問題ありま,埼玉県,月給45万円～80万円,正社員,美容,求人ボックス,https://xn--pckua2a7gp15o89zb.com/jbn/14a89dfa7ea073b5823c1eb34bee3333,True,9時間前,2026-09-19 04:10:13,埼玉県
受付・データ入力スタッフ／充実の研修で安心スタート!／丁寧な教育体制／福利厚生充実新着,...原則定時退社だからお仕事後のプライベートが超充実 ギスギスした雰囲気とは無縁の、何でも相談しやすい環境<元接客・販売スタッフが多数在籍!>コンビニ夜勤、ホテルフロント、居酒屋、アパレル、,埼玉県,月給20万500円,正社員,美容,求人ボックス,https://xn--pckua2a7gp15o89zb.com/jbn/140f07fa40ced79cd756e698008ee2c6,True,7時間前,2026-09-19 04:10:13,埼玉県
バックオフィススタッフ／充実の研修で安心スタート!／教育体制あり／福利厚生充実新着,...原則定時退社だからお仕事後のプライベートが超充実 ギスギスした雰囲気とは無縁の、何でも相談しやすい環境<元接客・販売スタッフが多数在籍!>コンビニ夜勤、ホテルフロント、居酒屋、アパレル、,埼玉県,月給23万500円,正社員,美容,求人ボックス,https://xn--pckua2a7gp15o89zb.com/jbn/233dd116344bcd1819d9df8d548d7a00,True,7時間前,2026-09-19 04:10:13,埼玉県
送迎運転手「普通免許のみ」／ドライバー／予約が中心／未経験でも高収入／年収600万円以上新着,...カレンダー通りに休める事務職へ転職したい」「プライベートの時間もしっかり確保しながら働きたい」そんな希望が叶う職場です。ExcelやWordの基本操作ができれば、実務経験がなくても全く問題ありま,埼玉県,月給50万円～80万円,正社員,美容,求人ボックス,https://xn--pckua2a7gp15o89zb.com/jbn/d1820d0da3e72c14e5f5fe9d609ff7ed,True,9時間前,2026-09-19 04:10:13,埼玉県
事務アシスタント／30代活躍中／充実の研修で安心スタート!／完全週休2日制新着,...これまでの経歴ではなく、これからの「やってみたい」という気持ちを何よりも重視します。求人票に必須資格の明記はありませんので、どなたでも「不問」として安心してご応募いただけます。実際に、コンビニの,埼玉県,月給19万500円,正社員,美容,求人ボックス,https://xn--pckua2a7gp15o89zb.com/jbn/09c5c33e7e3184ebf9439bc18db80e78,True,7時間前,2026-09-19 04:10:13,埼玉県
事務アシスタント／20代活躍中／完全週休2日制／充実の研修で安心スタート新着,...これまでの経歴ではなく、これからの「やってみたい」という気持ちを何よりも重視します。求人票に必須資格の明記はありませんので、どなたでも「不問」として安心してご応募いただけます。実際に、コンビニの,埼玉県,月給21万500円,正社員,美容,求人ボックス,https://xn--pckua2a7gp15o89zb.com/jbn/9fada50f9304565a6b834835a46ce0f4,True,7時間前,2026-09-19 04:10:13,埼玉県
事務アシスタント／20代活躍中／充実の研修で安心スタート!／教育体制あり新着,...これまでの経歴ではなく、これからの「やってみたい」という気持ちを何よりも重視します。求人票に必須資格の明記はありませんので、どなたでも「不問」として安心してご応募いただけます。実際に、コンビニの,埼玉県,月給23万500円,正社員,美容,求人ボックス,https://xn--pckua2a7gp15o89zb.com/jbn/2e57355f5293832ab66707a554c26a99,True,7時間前,2026-09-19 04:10:13,埼玉県
バックオフィススタッフ／未経験でも安心／充実の研修で安心スタート!／若い者歓迎新着,...原則定時退社だからお仕事後のプライベートが超充実 ギスギスした雰囲気とは無縁の、何でも相談しやすい環境<元接客・販売スタッフが多数在籍!>コンビニ夜勤、ホテルフロント、居酒屋、アパレル、,埼玉県,月給23万500円,正社員,美容,求人ボックス,https://xn--pckua2a7gp15o89zb.com/jbn/6bd7f739009b4a826e4db36947d9fe1b,True,7時間前,2026-09-19 04:10:13,埼玉県
受付・データ入力スタッフ／若手中心／丁寧な教育体制／充実の研修で安心スタート新着,...原則定時退社だからお仕事後のプライベートが超充実 ギスギスした雰囲気とは無縁の、何でも相談しやすい環境<元接客・販売スタッフが多数在籍!>コンビニ夜勤、ホテルフロント、居酒屋、アパレル、,埼玉県,月給23万500円,正社員,美容,求人ボックス,https://xn--pckua2a7gp15o89zb.com/jbn/d0b33c38db061eca8f7ebd2bd7d46219,True,7時間前,2026-09-19 04:10:13,埼玉県
タクシー乗務員「普通免許のみ」／ドライバー／予約が中心／年収600万円以上／未経験でも高収入新着,...カレンダー通りに休める事務職へ転職したい」「プライベートの時間もしっかり確保しながら働きたい」そんな希望が叶う職場です。ExcelやWordの基本操作ができれば、実務経験がなくても全く問題ありま,埼玉県,月給45万円～80万円,正社員,美容,求人ボックス,https://xn--pckua2a7gp15o89zb.com/jbn/4ecf51486dfdff8833ff6b20b4d187a9,True,9時間前,2026-09-19 04:10:13,埼玉県
事務アシスタント／30代活躍中／充実の研修で安心スタート!／20代活躍中新着,...原則定時退社だからお仕事後のプライベートが超充実 ギスギスした雰囲気とは無縁の、何でも相談しやすい環境<元接客・販売スタッフが多数在籍!>コンビニ夜勤、ホテルフロント、居酒屋、アパレル、,埼玉県,月給21万500円,正社員,美容,求人ボックス,https://xn--pckua2a7gp15o89zb.com/jbn/b6feb03435c082e02526e08252f18978,True,7時間前,2026-09-19 04:10:16,埼玉県
「事務アシスタント」／MAX給与50万可能／土日祝休み／充実の研修で安心スタート!／高収入新着,...しっかりサポートするのでご安心ください。 こんな方をお待ちしています・コツコツと丁寧な作業を進めるのが好きな方・新しい知識を吸収する意欲がある方・チームワークを大切にしながら働ける方<先輩たちの,埼玉県,月給20万円～50万円,正社員,美容,求人ボックス,https://xn--pckua2a7gp15o89zb.com/jbn/6e7a306e0f4db07a12b100d1f5dced22,True,5時間前,2026-09-19 04:10:16,埼玉県
事務職／充実の研修で安心スタート!／経験不問／福利厚生充実／教育体制あり新着,...これまでの経歴ではなく、これからの「やってみたい」という気持ちを何よりも重視します。求人票に必須資格の明記はありませんので、どなたでも「不問」として安心してご応募いただけます。実際に、コンビニの,埼玉県,月給20万500円,正社員,美容,求人ボックス,https://xn--pckua2a7gp15o89zb.com/jbn/98003231d54f9d96bf2b6dc5b9f0689f,True,7時間前,2026-09-19 04:10:16,埼玉県
バックオフィススタッフ／未経験でも安心／充実の研修で安心スタート!／年間休日120日以上新着,...原則定時退社だからお仕事後のプライベートが超充実 ギスギスした雰囲気とは無縁の、何でも相談しやすい環境<元接客・販売スタッフが多数在籍!>コンビニ夜勤、ホテルフロント、居酒屋、アパレル、,埼玉県,月給23万500円,正社員,美容,求人ボックス,https://xn--pckua2a7gp15o89zb.com/jbn/4b4a328712ba9a69f7831cc6a9e4618d,True,7時間前,2026-09-19 04:10:16,埼玉県
事務職／充実の研修で安心スタート!／経験不問／福利厚生充実／完全週休2日制新着,...これまでの経歴ではなく、これからの「やってみたい」という気持ちを何よりも重視します。求人票に必須資格の明記はありませんので、どなたでも「不問」として安心してご応募いただけます。実際に、コンビニの,埼玉県,月給20万500円,正社員,美容,求人ボックス,https://xn--pckua2a7gp15o89zb.com/jbn/8b0c9ea916587ccc637dcbd1c937c15d,True,7時間前,2026-09-19 04:10:16,埼玉県
受付・データ入力スタッフ／充実の研修で安心スタート!／丁寧な教育体制／教育体制あり新着,...原則定時退社だからお仕事後のプライベートが超充実 ギスギスした雰囲気とは無縁の、何でも相談しやすい環境<元接客・販売スタッフが多数在籍!>コンビニ夜勤、ホテルフロント、居酒屋、アパレル、,埼玉県,月給20万500円,正社員,美容,求人ボックス,https://xn--pckua2a7gp15o89zb.com/jbn/4c218c8e4e5470825d18d749700ff185,True,7時間前,2026-09-19 04:10:16,埼玉県
事務アシスタント／30代活躍中／充実の研修で安心スタート!／年間休日120日以上新着,...原則定時退社だからお仕事後のプライベートが超充実 ギスギスした雰囲気とは無縁の、何でも相談しやすい環境<元接客・販売スタッフが多数在籍!>コンビニ夜勤、ホテルフロント、居酒屋、アパレル、,埼玉県,月給21万500円,正社員,美容,求人ボックス,https://xn--pckua2a7gp15o89zb.com/jbn/87c4cf0f0b5df0e7e52f4bd8d6c8a405,True,7時間前,2026-09-19 04:10:16,埼玉県
事務アシスタント／充実の研修で安心スタート!／完全週休2日制／福利厚生充実新着,...これまでの経歴ではなく、これからの「やってみたい」という気持ちを何よりも重視します。求人票に必須資格の明記はありませんので、どなたでも「不問」として安心してご応募いただけます。実際に、コンビニの,埼玉県,月給23万500円,正社員,美容,求人ボックス,https://xn--pckua2a7gp15o89zb.com/jbn/c2d92525b14f426d7ceddcb6ee7a33ad,True,7時間前,2026-09-19 04:10:16,埼玉県
事務アシスタント／20代活躍中／充実の研修で安心スタート!／30代活躍中新着,...原則定時退社だからお仕事後のプライベートが超充実 ギスギスした雰囲気とは無縁の、何でも相談しやすい環境<元接客・販売スタッフが多数在籍!>コンビニ夜勤、ホテルフロント、居酒屋、アパレル、,埼玉県,月給23万500円,正社員,美容,求人ボックス,https://xn--pckua2a7gp15o89zb.com/jbn/3acc4849b71e2ac6661df8857536087c,True,7時間前,2026-09-19 04:10:16,埼玉県
事務職／総務事務／産休・育休取得実績多数／駅近／20代女性活躍中／賞与・昇給あり新着,...という意欲を持つ方を求めています。フリーター・既卒・第二新卒の方、ブランクからの復帰を希望する方も安心の研修を用意しています。異業種から転職した20代・30代が活躍中。前職の例:カフェ店員、,埼玉県,月給20万円～50万円,正社員,美容,求人ボックス,https://xn--pckua2a7gp15o89zb.com/jbn/e252aa1c69db63fd4ae516e5a119b2fa,True,5時間前,2026-09-19 04:10:16,埼玉県
ヘアカラースタッフ新着,株式会社Fast Beauty,埼玉県,月給24万円～40万円,正社員,美容,求人ボックス,https://xn--pckua2a7gp15o89zb.com/jb/5f8c21eb461855ef562aa63528b35069,True,9時間前,2026-09-19 04:10:16,埼玉県
「データ入力・事務」／充実の研修で安心スタート!／教育体制あり／残業月10時間以下／50万円稼げる新着,...しっかりサポートするのでご安心ください。 こんな方をお待ちしています・コツコツと丁寧な作業を進めるのが好きな方・新しい知識を吸収する意欲がある方・チームワークを大切にしながら働ける方<先輩たちの,埼玉県,"月給22万5,000円",正社員,美容,求人ボックス,https://xn--pckua2a7gp15o89zb.com/jbn/65a6bc8f81d08002cbf20a9240e3d64d,True,5時間前,2026-09-19 04:10:16,埼玉県
「オフィススタッフ」／50万円稼げる／充実の研修で安心スタート!／財務・事務／高収入／未経験でも安心新着,...しっかりサポートするのでご安心ください。 こんな方をお待ちしています・コツコツと丁寧な作業を進めるのが好きな方・新しい知識を吸収する意欲がある方・チームワークを大切にしながら働ける方<先輩たちの,埼玉県,"月給22万5,000円",正社員,美容,求人ボックス,https://xn--pckua2a7gp15o89zb.com/jbn/89314129df9ac6e0282dbfd47b375d8d,True,5時間前,2026-09-19 04:10:16,埼玉県
「クリニック受付」 クリニック受付／未経験OK・想定年収368万～・美容施術割引有新着,株式会社ディンプル,埼玉県,月給23万円～25万円,正社員,美容,求人ボックス,https://xn--pckua2a7gp15o89zb.com/jb/e03a84735991f3b6af382d61aca00d24,True,10時間前,2026-09-19 04:10:20,埼玉県
アシスタント新着,株式会社フレイムス,埼玉県,月給26万円,正社員,美容,求人ボックス,https://xn--pckua2a7gp15o89zb.com/jb/0f9fbec732c7a5e6ec7bb99b7e0e912d,True,6時間前,2026-09-19 04:10:20,埼玉県
アイリスト／まつげパーマ／アイラッシュ 施術者新着,株式会社RiZeStage,埼玉県,月給23万円～32万円,正社員,美容,求人ボックス,https://xn--pckua2a7gp15o89zb.com/jb/fd87cd4d194020bea789cac5fb3de0a3,True,7時間前,2026-09-19 04:10:20,埼玉県
アイリスト／まつげパーマ／アイラッシュ 施術者新着,OMAME株式会社,埼玉県,月給24万円～50万円,正社員,美容,求人ボックス,https://xn--pckua2a7gp15o89zb.com/jb/91c41682ac465e66a9ceff72a8e18891,True,5時間前,2026-09-19 04:10:20,埼玉県
スタイリスト／Grow-llenge minanoba新着,株式会社Grow-llenge,埼玉県,月給21万円～25万円,正社員,美容,求人ボックス,https://xn--pckua2a7gp15o89zb.com/jb/6f80b3515fe07daf02b351c1628f9c2b,True,7時間前,2026-09-19 04:10:20,埼玉県
事務 正社員／未経験大歓迎／土日祝休み／年間休日125日／20代女性活躍中／おしゃれOK新着,マンパワーグループ株式会社,埼玉県,"月給20万1,000円",正社員,美容,求人ボックス,https://xn--pckua2a7gp15o89zb.com/jbn/ad3ce2b17f326bd17503a7640710e505,True,18時間前,2026-09-19 04:10:20,埼玉県
ブランド買取／未経験OK／週休2日／年間休日121日／昇給制度あり／交通費支給新着,株式会社Lazy Bacchus,埼玉県,月給25万円,正社員,美容,求人ボックス,https://xn--pckua2a7gp15o89zb.com/jb/d8be9f4249235f29390e2cd9e566956d,True,4時間前,2026-09-19 04:10:20,埼玉県
アイデザイナー／スタッフ新着,Chic+,埼玉県,"時給1,200円～1,900円",正社員,美容,求人ボックス,https://xn--pckua2a7gp15o89zb.com/jb/3e2da06796afa02dff125399d7ef8576,True,18時間前,2026-09-19 04:10:20,埼玉県
軽作業 ／ 製品検査修理 ／未経験OK!40・50代活躍中 マイペース&丁寧に組立新着,パーソルテンプスタッフ株式会社,埼玉県,"時給1,500円",派遣社員,美容,求人ボックス,https://xn--pckua2a7gp15o89zb.com/jb/3ec7455f73101f25c56118beb3525b83,True,19時間前,2026-09-19 04:10:20,埼玉県
接客スタッフ／事務・受付／簡単な運動サポート新着,株式会社カーブスジャパン,埼玉県,"月給24万2,000円",正社員,美容,求人ボックス,https://xn--pckua2a7gp15o89zb.com/jb/47badea7d436c0dcf49c32b624374314,True,5時間前,2026-09-19 04:10:20,埼玉県
ドラッグストアのビューティアドバイザー／ウエルシア古河中田店新着,ウエルシア薬局株式会社,埼玉県,"時給1,174円～1,194円",アルバイト・パート,美容,求人ボックス,https://xn--pckua2a7gp15o89zb.com/jb/da0116b4a93f434b35f5638d3d6fff59,True,5時間前,2026-09-19 04:10:20,埼玉県
未経験からウェディング業界へ + ドレスコーディネーター新着,株式会社フォーシスアンドカンパニー,埼玉県,"月給24万3,400円",正社員,美容,求人ボックス,https://xn--pckua2a7gp15o89zb.com/jb/146ba7c2fb7475cf3a3b741424af310b,True,1時間前,2026-09-19 04:10:20,埼玉県
運転メイン! レッカー隊員 未経験入社90% 月給30万円以上新着,株式会社桝本レッカー,埼玉県,月給30万円,正社員,美容,求人ボックス,https://xn--pckua2a7gp15o89zb.com/jb/ba321d063293573aa50b0976715faa4b,True,2時間前,2026-09-19 04:10:20,埼玉県
フルリモート全国採用の電話占いカウンセラー／安心の大手サイト／20代後半から50代活躍中／経験者優遇新着,株式会社シエロ,埼玉県,月給10万円～70万円,,美容,求人ボックス,https://xn--pckua2a7gp15o89zb.com/jbn/6918773312ad03f1d2986c9dda572a45,True,23時間前,2026-09-19 04:10:20,埼玉県
「実務者研修」訪問介護スタッフ／時給1900円～2638円／未経験歓迎／シフト自由新着,ポピンズVIPケアサービス,埼玉県,時給1900円～2638円,,美容,求人ボックス,https://xn--pckua2a7gp15o89zb.com/jbn/2c69add36053f0bd5f9f66b1de1ecd0b,True,23時間前,2026-09-19 04:10:20,埼玉県
オペ室正看護師・社会保険完備の職場で看護師／准看護師新着,白岡中央総合病院,埼玉県,"月給23万1,700円",正社員,美容,求人ボックス,https://xn--pckua2a7gp15o89zb.com/jb/64552947e94ce5966e868100baf1dbd6,True,6時間前,2026-09-19 04:10:20,埼玉県
診療所・クリニックの看護師／准看護師新着,湘南美容クリニック南越谷院,埼玉県,月給35万円～40万円,契約社員,美容,求人ボックス,https://xn--pckua2a7gp15o89zb.com/jb/f3e1a56ae25243ecea3f6083ef3537a9,True,6時間前,2026-09-19 04:10:23,埼玉県
外来／内視鏡室正看護師・社会保険完備の職場で看護師／准看護師新着,白岡中央総合病院,埼玉県,"月給23万1,700円",正社員,美容,求人ボックス,https://xn--pckua2a7gp15o89zb.com/jb/ab193ca4ffca7adbe5a11e89d1760951,True,6時間前,2026-09-19 04:10:23,埼玉県
整骨院・接骨院にて鍼灸師新着,陽だまり整骨院,埼玉県,月給30万円～,,美容,求人ボックス,https://xn--pckua2a7gp15o89zb.com/jb/3e8efbf58d2ae4f8b6e3e1aedc9208dc,True,6時間前,2026-09-19 04:10:23,埼玉県
診療所・クリニックの看護師／准看護師新着,せんげん台駅前皮ふ科,埼玉県,月給29万円～35万円,正社員,美容,求人ボックス,https://xn--pckua2a7gp15o89zb.com/jb/e52169a8914f93dad6465c3c2e571d56,True,6時間前,2026-09-19 04:10:23,埼玉県
鍼灸師／ボディケア／美容鍼灸／骨盤矯正／トリガーポイント 施術者／NAORU鍼灸整体 西川口院新着,リジョブエージェント,埼玉県,月給26万円～60万円,正社員,美容,求人ボックス,https://xn--pckua2a7gp15o89zb.com/jb/beb098d2fe06ccd1475217f55bf86935,True,5時間前,2026-09-19 04:10:23,埼玉県
定時ぴったり おじいちゃんおばあちゃんの見守りスタッフ／経験者即戦力新着,株式会社ウィルオブ・ワーク,埼玉県,"時給1,400円",派遣社員,美容,求人ボックス,https://xn--pckua2a7gp15o89zb.com/jb/ab8450712e0757db71573da2c56e02b9,True,19時間前,2026-09-19 04:10:23,埼玉県
オープニング募集／豚汁定食専門店のホール・キッチン新着,アークランドサービスホールディングス株式会社 ご...,埼玉県,"時給1,300円～1,625円",アルバイト・パート,美容,求人ボックス,https://xn--pckua2a7gp15o89zb.com/jb/4c5153358bfadd944e3ca5403bb5fc38,True,10時間前,2026-09-19 04:10:23,埼玉県
「土日祝休み」／総務事務／データ管理／経験者優遇「正社員」新着,...特別な経験や資格は必要ありません。あなたの「変わりたい」気持ちを大切にします  こんな変化を実感できます[前]不規則な休みで友人と予定が合わない…[後]固定休みで自分の時間を満喫!カフェ店員、,埼玉県,"月給21万5,500円",正社員,美容,求人ボックス,https://xn--pckua2a7gp15o89zb.com/jbn/e0d48e3ad76eeaf5c4f12305bc684d2a,True,23時間前,2026-09-19 04:10:23,埼玉県
「転勤なし」／一般事務／研修充実／産休・育休あり「正社員」新着,...原則定時退社だからお仕事後のプライベートが超充実 ギスギスした雰囲気とは無縁の、何でも相談しやすい環境<元接客・販売スタッフが多数在籍!>コンビニ夜勤、ホテルフロント、居酒屋、アパレル、,埼玉県,"月給21万5,500円",正社員,美容,求人ボックス,https://xn--pckua2a7gp15o89zb.com/jbn/2f9503bce44eab6bf87867aec3c3c5cf,True,23時間前,2026-09-19 04:10:23,埼玉県
「年間休日125日以上」／ITサポート事務／ブランクOK／有給休暇あり「正社員」新着,...チームメンバーのサポートにやりがいを感じる ワークライフバランスを整えたい接客・販売・飲食などのサービス業からオフィスワークへ切り替えたい方に最適!PCに触れる機会が少なかった元アパレルスタッフ,埼玉県,"月給21万5,500円",正社員,美容,求人ボックス,https://xn--pckua2a7gp15o89zb.com/jbn/081f836ab721c4f31291ce1163b3b113,True,23時間前,2026-09-19 04:10:23,埼玉県
デジタルライフプランナー 日常のデジタルの悩みを解決／サブスク型・地域密着型／年休120日新着,株式会社ピーシーデポコーポレーション,埼玉県,年収368万円～588万円,正社員,美容,求人ボックス,https://xn--pckua2a7gp15o89zb.com/jbn/6e1dab6e70ba492172c38edfc6ff3d43,True,19時間前,2026-09-19 04:10:23,埼玉県
事務職／一般事務／服装・髪型自由／賞与・昇給あり／未経験歓迎／ネイル・ピアスOK新着,美容師,埼玉県,"月給22万6,000円",正社員,美容,求人ボックス,https://xn--pckua2a7gp15o89zb.com/jbn/7e21e6ac053e762f4faaadccdfae7de1,True,22時間前,2026-09-19 04:10:23,埼玉県
データ入力・事務／充実サポート／服装自由／転勤なし／既卒歓迎／安定収入新着,美容師,埼玉県,"月給22万6,000円",正社員,美容,求人ボックス,https://xn--pckua2a7gp15o89zb.com/jbn/c22eb6aad8906c4b1016a6302caacbed,True,23時間前,2026-09-19 04:10:23,埼玉県
「福利厚生充実」／営業事務／若手活躍中／高給与「正社員」新着,...原則定時退社だからお仕事後のプライベートが超充実 ギスギスした雰囲気とは無縁の、何でも相談しやすい環境<元接客・販売スタッフが多数在籍!>コンビニ夜勤、ホテルフロント、居酒屋、アパレル、,埼玉県,"月給21万5,500円",正社員,美容,求人ボックス,https://xn--pckua2a7gp15o89zb.com/jbn/1bd7b74c045d0c54796c0e9fbc615515,True,23時間前,2026-09-19 04:10:23,埼玉県
受付・データ入力スタッフ／未経験歓迎／駅チカ／髪色自由／既卒歓迎／安定収入新着,「夜勤が多くて体力が持たない」「シフト制で休日の予定が立てづらい」当社の店舗受付スタッフなら、完全週休2日制で残業も月平均10時間以内と少なめです!アパレル店員、,埼玉県,"月給22万6,000円",正社員,美容,求人ボックス,https://xn--pckua2a7gp15o89zb.com/jbn/96125d50fedaf12ccec8197cfab3b3d0,True,23時間前,2026-09-19 04:10:23,埼玉県
データ入力・事務／充実サポート／服装自由／髪色自由／既卒歓迎／キャリアアップ可新着,美容師,埼玉県,"月給21万9,000円",正社員,美容,求人ボックス,https://xn--pckua2a7gp15o89zb.com/jbn/a8b52cd373817be1194eb1bda2f83b82,True,23時間前,2026-09-19 04:10:23,埼玉県
アイリスト／経験者・未経験新着,サクラブロウ大宮駅前店,埼玉県,月給26万円～,正社員,美容,求人ボックス,https://xn--pckua2a7gp15o89zb.com/jb/6010fbe6bf0265b723068962f3a270df,True,20時間前,2026-09-19 04:10:27,埼玉県
アイリスト／経験者新着,パリジェンヌ・マツエク専門店 リラ大宮店,埼玉県,"月給32万3,000円",正社員,美容,求人ボックス,https://xn--pckua2a7gp15o89zb.com/jb/6af8f2d3d2da54db97b6ce9443eed464,True,20時間前,2026-09-19 04:10:27,埼玉県
アイリスト／経験者・未経験新着,ケイトステージラッシュ熊谷店,埼玉県,月給24万円～,正社員,美容,求人ボックス,https://xn--pckua2a7gp15o89zb.com/jb/07c4b0876579344944dda2f3bfcd22bf,True,20時間前,2026-09-19 04:10:27,埼玉県
アイリスト／経験者・未経験新着,ブロウメゾントウキョウ 大宮店,埼玉県,月給25万円～,正社員,美容,求人ボックス,https://xn--pckua2a7gp15o89zb.com/jb/380a61b63b3e4324a57c8478d8b2bcd3,True,20時間前,2026-09-19 04:10:27,埼玉県
アイリスト／経験者・未経験新着,ユニブロウ熊谷店,埼玉県,月給24万円～,正社員,美容,求人ボックス,https://xn--pckua2a7gp15o89zb.com/jb/12ae00093f95e460cdd7cbe5ce13fd62,True,20時間前,2026-09-19 04:10:27,埼玉県
営業新着,...相談される人間関係作りが大切です) 土地診断 ご成約 収益物件の建設 完成引き渡し・賃貸事業開始 【経験など】先輩たちの前職は、居酒屋やカフェの飲食店スタッフ、アパレルショップ店員、,埼玉県,"月給25万5,000円",,美容,求人ボックス,https://xn--pckua2a7gp15o89zb.com/jb/d08518282ca07eea491502cc428015e6,True,8時間前,2026-09-19 04:10:27,埼玉県
介護付き有料老人ホームでの介護業務／初任者研修以上／介護士／好待遇／KGS6新着,有料老人ホーム ロイヤルレジデンス浦和,埼玉県,"月給25万6,000円",正社員,美容,求人ボックス,https://xn--pckua2a7gp15o89zb.com/jbn/40ca37abb67b68b5c0a92b03e7305144,True,21時間前,2026-09-19 04:10:27,埼玉県
保育士／社会保険完備／交通費支給／シフト自由新着,西大宮病院保育室,埼玉県,"時給1,200円～1,400円",アルバイト・パート,美容,求人ボックス,https://xn--pckua2a7gp15o89zb.com/jbn/2fb8b8d9271e5b08582664ce6c6a3f71,True,23時間前,2026-09-19 04:10:27,埼玉県
調理師／常勤／介護施設／北戸田 JR埼京線新着,社割の利用可能(外食部門のスイーツや飲食店・,埼玉県,月給23万円～24万,正社員,美容,求人ボックス,https://xn--pckua2a7gp15o89zb.com/jbn/946d20f4b0ea7602cb7616f3816d992c,True,23時間前,2026-09-19 04:10:27,埼玉県
看護業務／クリニック・診療所／駅近／日勤のみ新着,一般社団法人翔慶会 ディオクリニック大宮院,埼玉県,"月給36万5,000円",正社員,美容,求人ボックス,https://xn--pckua2a7gp15o89zb.com/jbn/53070efba47241630345b2e7f7e8c005,True,21時間前,2026-09-19 04:10:27,埼玉県
看護業務／クリニック・診療所／日勤のみ／高時給新着,美容,埼玉県,"時給2,000円～",アルバイト・パート,美容,求人ボックス,https://xn--pckua2a7gp15o89zb.com/jbn/ede716ab649255661c63e3b7d46ff36b,True,21時間前,2026-09-19 04:10:27,埼玉県
管理栄養士／常勤／病院・クリニック JR埼京線新着,病院,埼玉県,月給23万円～40万円,正社員,美容,求人ボックス,https://xn--pckua2a7gp15o89zb.com/jbn/7465b9e19445f59b2c6b5f4e8ee33992,True,23時間前,2026-09-19 04:10:27,埼玉県
川口樹モール院 整体師×正社員新着,株式会社AMS,埼玉県,月給27万円～40万円,正社員,美容,求人ボックス,https://xn--pckua2a7gp15o89zb.com/jb/53ac27a80e7b64ecbe73dbebbf288b41,True,12時間前,2026-09-19 04:10:27,埼玉県
非常勤医師／皮膚科 形成外科／クリニック新着,美容,埼玉県,時給1,アルバイト・パート,美容,求人ボックス,https://xn--pckua2a7gp15o89zb.com/jb/79c997932f76d8361ec396ba51cb41d6,True,23時間前,2026-09-19 04:10:27,埼玉県
杭工事の建設作業員／安心企業で永く働きませんか新着,中林建設株式会社,埼玉県,月給24万円～48万円,正社員,建設,求人ボックス,https://xn--pckua2a7gp15o89zb.com/jb/cad80a980cdfee8e74fda1278c2f7a2e,True,10時間前,2026-09-19 04:10:24,埼玉県
土間・左官／年間休日130日／土日祝休み／長期休暇あり／年2回賞与あり／年1回昇給あり新着,株式会社ジェイワン,埼玉県,月給27万円～,正社員,建設,求人ボックス,https://xn--pckua2a7gp15o89zb.com/jbn/bb637c798adae5d7c143d74b9939a278,True,20時間前,2026-09-19 04:10:24,埼玉県
「予約制のタクシードライバー」週3日勤務で月収40万円以上／未経験OK／20代～50代が活躍中新着,建設,埼玉県,"月給47万6,000円",正社員,建設,求人ボックス,https://xn--pckua2a7gp15o89zb.com/jbn/4b91cf94aa17bb6798734d106f3563ce,True,11時間前,2026-09-19 04:10:24,埼玉県
著名人・VIPの予約タクシードライバー／普通免許のみOK／未経験から正社員へ／賞与年2回新着,フードデリバリー配達員/宅配便ドライバールート配送ドライバー(飲料・食品)...[年収実績]25歳男性/前職:フードデリバリー配達員入社1年目で年収650万円を達成。,埼玉県,"月給47万6,000円",正社員,建設,求人ボックス,https://xn--pckua2a7gp15o89zb.com/jbn/46d930a779f0063630005802920eb3fe,True,8時間前,2026-09-19 04:10:24,埼玉県
普通免許から始めるタクシードライバー／二種免許取得支援あり／役員・VIP・予約送迎／賞与あり新着,フードデリバリー配達員/宅配便ドライバールート配送ドライバー(飲料・食品)...(前職:フードデリバリー配達員/25歳男性) 福利厚生 ・社会保険完備(厚生年金・健康保険・雇用保険・労災)...,埼玉県,"月給51万4,000円",正社員,建設,求人ボックス,https://xn--pckua2a7gp15o89zb.com/jbn/ac1562449a7742e7a6f869d644003059,True,9時間前,2026-09-19 04:10:24,埼玉県
「二種免許不要・タクシードライバー」履歴書不要／学歴不問／週3勤務／身体負担少なめ／退職金制度新着,...軽貨物配送ドライバーフードデリバリー配達員/宅配便ドライバールート配送ドライバー(飲料・食品)長距離大型トラック/中型トラック運転手引越しドライバー/デリバリーサービス倉庫,埼玉県,"月給47万6,000円",正社員,建設,求人ボックス,https://xn--pckua2a7gp15o89zb.com/jbn/d1a345b1b219048ccafd242c6cbf8ae6,True,9時間前,2026-09-19 04:10:24,埼玉県
「夜勤・高収入・空港送迎」タクシードライバー／普通免許でOK／賞与あり／年収600万円以上可新着,フードデリバリー配達員/宅配便ドライバールート配送ドライバー(飲料・食品)...<年収例>入社1年目:年収650万円前職:フードデリバリー配達員(25歳男性),埼玉県,"月給51万4,000円",正社員,建設,求人ボックス,https://xn--pckua2a7gp15o89zb.com/jbn/64e814c1e9056a062e3053b6b05e6e0e,True,9時間前,2026-09-19 04:10:25,埼玉県
月11日～13日勤務のタクシードライバー／空港・VIP送迎あり／普通免許OK／履歴書不要／賞与年2回新着,未経験OK,埼玉県,"月給47万6,000円",正社員,建設,求人ボックス,https://xn--pckua2a7gp15o89zb.com/jbn/26bb6443835ca873101dcc1add4546db,True,8時間前,2026-09-19 04:10:25,埼玉県
夜間予約タクシードライバー／普通免許OK／二種免許は会社負担／月収50万円以上も可／賞与あり新着,フードデリバリー配達員/宅配便ドライバールート配送ドライバー(飲料・食品)長距離大型トラック/中型トラック運転手引越しドライバー/デリバリーサービス倉庫,埼玉県,"月給51万4,000円",正社員,建設,求人ボックス,https://xn--pckua2a7gp15o89zb.com/jbn/c123fcebf8b59ee468696c56b25e27bb,True,9時間前,2026-09-19 04:10:25,埼玉県
「夜勤・タクシードライバー」二種免不要／企業役員／賞与年2回／20代活躍中／安定収入新着,フードデリバリー配達員/宅配便ドライバールート配送ドライバー(飲料・食品)...<年収例>入社1年目:年収650万円前職:フードデリバリー配達員(25歳男性),埼玉県,"月給47万6,000円",正社員,建設,求人ボックス,https://xn--pckua2a7gp15o89zb.com/jbn/12d9b2ac8713d78954b3a648fcbbffcd,True,9時間前,2026-09-19 04:10:25,埼玉県
「夜勤」タクシードライバー・AT限定OK／接客経験活かせる／賞与年2回／VIP対応／アルファード新着,...軽貨物配送ドライバーフードデリバリー配達員/宅配便ドライバールート配送ドライバー(飲料・食品)長距離大型トラック/中型トラック運転手引越しドライバー/デリバリーサービス倉庫,埼玉県,"月給47万6,000円",正社員,建設,求人ボックス,https://xn--pckua2a7gp15o89zb.com/jbn/fcb73d03e8fdfad6d8102cf67c0906c9,True,9時間前,2026-09-19 04:10:25,埼玉県
「月11日～13日勤務!」タクシードライバー／履歴書不要／空港送迎／社会保険完備／賞与あり新着,フードデリバリー配達員/宅配便ドライバールート配送ドライバー(飲料・食品)...<年収例>入社1年目:年収650万円前職:フードデリバリー配達員(25歳男性),埼玉県,"月給47万6,000円",正社員,建設,求人ボックス,https://xn--pckua2a7gp15o89zb.com/jbn/eec409f8416a0a002635cbcb3e47eda1,True,9時間前,2026-09-19 04:10:25,埼玉県
「週3勤務・芸能人・タレント」タクシードライバー／二種免許不要／賞与年2回／正社員雇用新着,フードデリバリー配達員/宅配便ドライバールート配送ドライバー(飲料・食品)...<年収例>入社1年目:年収650万円前職:フードデリバリー配達員(25歳男性),埼玉県,"月給51万4,000円",正社員,建設,求人ボックス,https://xn--pckua2a7gp15o89zb.com/jbn/150da71226a5499e9c03bd4a0a7530d5,True,9時間前,2026-09-19 04:10:25,埼玉県
アルファードでの夜間タクシードライバー／VIP・著名人対応あり／AT限定OK／接客経験を活かせる新着,フードデリバリー配達員/宅配便ドライバールート配送ドライバー(飲料・食品)...外での,埼玉県,"月給51万4,000円",正社員,建設,求人ボックス,https://xn--pckua2a7gp15o89zb.com/jbn/7eee51452e2afd5ba73dec56ddc39d6d,True,9時間前,2026-09-19 04:10:25,埼玉県
「タクシードライバー」二種免許会社負担／経歴不問／年収600万円以上可／若手世代活躍中新着,...軽貨物配送ドライバーフードデリバリー配達員/宅配便ドライバールート配送ドライバー(飲料・食品)長距離大型トラック/中型トラック運転手引越しドライバー/デリバリーサービス倉庫,埼玉県,"月給51万4,000円",正社員,建設,求人ボックス,https://xn--pckua2a7gp15o89zb.com/jbn/04e5d70896fe72f0d0c78115afa36cf8,True,9時間前,2026-09-19 04:10:28,埼玉県
「社会保険完備・福利厚生充実」タクシードライバー／夜勤／学歴不問／ボーナス年2回／空港送迎／会食送迎新着,...軽貨物配送ドライバーフードデリバリー配達員/宅配便ドライバールート配送ドライバー(飲料・食品)長距離大型トラック/中型トラック運転手引越しドライバー/デリバリーサービス倉庫,埼玉県,"月給51万4,000円",正社員,建設,求人ボックス,https://xn--pckua2a7gp15o89zb.com/jbn/bd593214ae5fad637375dfd8e81498e8,True,9時間前,2026-09-19 04:10:28,埼玉県
「タクシードライバー」二種免不要／週3勤務／安定収入／ボーナス年2回／若手活躍中／安心の正社員雇用新着,...軽貨物配送ドライバーフードデリバリー配達員/宅配便ドライバールート配送ドライバー(飲料・食品)長距離大型トラック/中型トラック運転手引越しドライバー/デリバリーサービス倉庫,埼玉県,"月給47万6,000円",正社員,建設,求人ボックス,https://xn--pckua2a7gp15o89zb.com/jbn/4395aab3fd4138f65517c4496115216a,True,9時間前,2026-09-19 04:10:28,埼玉県
週3勤務のタクシードライバー／普通免許だけで応募OK／予約中心で落ち着いて働ける／賞与年2回新着,...軽貨物配送ドライバーフードデリバリー配達員/宅配便ドライバールート配送ドライバー(飲料・食品)長距離大型トラック/中型トラック運転手引越しドライバー/デリバリーサービス倉庫,埼玉県,"月給51万5,000円",正社員,建設,求人ボックス,https://xn--pckua2a7gp15o89zb.com/jbn/820ae5d4d3badb30c15d0224daab96b6,True,10時間前,2026-09-19 04:10:28,埼玉県
週3勤務のタクシードライバー／普通免許OK／未経験から正社員へ／履歴書不要／賞与年2回新着,...軽貨物配送ドライバーフードデリバリー配達員/宅配便ドライバールート配送ドライバー(飲料・食品)長距離大型トラック/中型トラック運転手引越しドライバー/デリバリーサービス倉庫,埼玉県,"月給51万5,000円",正社員,建設,求人ボックス,https://xn--pckua2a7gp15o89zb.com/jbn/940ae7529a035dc2a2f33fe966ac3ac6,True,10時間前,2026-09-19 04:10:28,埼玉県
タクシードライバー／普通免許OK・AT限定可／未経験から正社員へ／週3日勤務可新着,...軽貨物配送ドライバーフードデリバリー配達員/宅配便ドライバールート配送ドライバー(飲料・食品)長距離大型トラック/中型トラック運転手引越しドライバー/デリバリーサービス倉庫,埼玉県,"月給47万5,000円",正社員,建設,求人ボックス,https://xn--pckua2a7gp15o89zb.com/jbn/a87a1a6df33b833c08714a3dcc626af1,True,9時間前,2026-09-19 04:10:28,埼玉県
タクシードライバー／普通免許OK／年収600万円以上も可／履歴書不要／退職金制度あり新着,...軽貨物配送ドライバーフードデリバリー配達員/宅配便ドライバールート配送ドライバー(飲料・食品)長距離大型トラック/中型トラック運転手引越しドライバー/デリバリーサービス倉庫,埼玉県,"月給47万5,000円",正社員,建設,求人ボックス,https://xn--pckua2a7gp15o89zb.com/jbn/22d77ec75db96f70bd1c4dd51d0f5bbe,True,10時間前,2026-09-19 04:10:30,埼玉県
夜勤の役員タクシードライバー／空港・会食・VIP送迎あり／普通免許OK／賞与年2回／福利厚生充実新着,...軽貨物配送ドライバーフードデリバリー配達員/宅配便ドライバールート配送ドライバー(飲料・食品)長距離大型トラック/中型トラック運転手引越しドライバー/デリバリーサービス倉庫,埼玉県,"月給51万4,000円",正社員,建設,求人ボックス,https://xn--pckua2a7gp15o89zb.com/jbn/438ff27bc979816b397eaddd8646208c,True,9時間前,2026-09-19 04:10:30,埼玉県
週3勤務の役員タクシードライバー／普通免許だけで応募OK／予約中心で落ち着いて働ける／賞与年2回新着,...軽貨物配送ドライバーフードデリバリー配達員/宅配便ドライバールート配送ドライバー(飲料・食品)長距離大型トラック/中型トラック運転手引越しドライバー/デリバリーサービス倉庫,埼玉県,"月給47万6,000円",正社員,建設,求人ボックス,https://xn--pckua2a7gp15o89zb.com/jbn/b0cecec5e7cff0838cbde3fb9cd97469,True,8時間前,2026-09-19 04:10:30,埼玉県
夜勤の予約タクシードライバー／企業役員・VIP対応あり／普通免許OK／二種免許取得支援あり新着,フードデリバリー配達員/宅配便ドライバールート配送ドライバー(飲料・食品)...25歳男性・前職フードデリバリー配達員が入社1年目で年収650万円を達成しています。...,埼玉県,"月給51万4,000円",正社員,建設,求人ボックス,https://xn--pckua2a7gp15o89zb.com/jbn/30df55003eff10d0932ce8c66fe8a473,True,9時間前,2026-09-19 04:10:30,埼玉県
役員・著名人の予約タクシードライバー／普通免許OK・AT限定可／未経験から正社員へ／週3日勤務可新着,...軽貨物配送ドライバーフードデリバリー配達員/宅配便ドライバールート配送ドライバー(飲料・食品)長距離大型トラック/中型トラック運転手引越しドライバー/デリバリーサービス倉庫,埼玉県,"月給51万4,000円",正社員,建設,求人ボックス,https://xn--pckua2a7gp15o89zb.com/jbn/261331d6111401964d322dc5adc0923d,True,9時間前,2026-09-19 04:10:30,埼玉県
「タクシードライバー」未経験OK／履歴書不要／週3勤務／賞与あり／研修制度充実／社会保険完備新着,...軽貨物配送ドライバーフードデリバリー配達員/宅配便ドライバールート配送ドライバー(飲料・食品)長距離大型トラック/中型トラック運転手引越しドライバー/デリバリーサービス倉庫,埼玉県,"月給51万4,000円",正社員,建設,求人ボックス,https://xn--pckua2a7gp15o89zb.com/jbn/2af7790bb94ff8da02b36b38141c1358,True,9時間前,2026-09-19 04:10:30,埼玉県
役員・VIPタクシードライバー／普通免許OK／年収600万円以上も可／履歴書不要／退職金制度あり新着,...軽貨物配送ドライバーフードデリバリー配達員/宅配便ドライバールート配送ドライバー(飲料・食品)長距離大型トラック/中型トラック運転手引越しドライバー/デリバリーサービス倉庫,埼玉県,"月給51万4,000円",正社員,建設,求人ボックス,https://xn--pckua2a7gp15o89zb.com/jbn/354f51e8f1ccffc09febe2e2db50a14c,True,9時間前,2026-09-19 04:10:35,埼玉県
「経歴不問・タクシードライバー」未経験歓迎／社会保険完備の正社員雇用／週3勤務／AT限定OK新着,...軽貨物配送ドライバーフードデリバリー配達員/宅配便ドライバールート配送ドライバー(飲料・食品)長距離大型トラック/中型トラック運転手引越しドライバー/デリバリーサービス倉庫,埼玉県,"月給47万6,000円",正社員,建設,求人ボックス,https://xn--pckua2a7gp15o89zb.com/jbn/e64ffdfe46a8fa6a851797743a4bbbc2,True,8時間前,2026-09-19 04:10:35,埼玉県
水回りインフラの工事スタッフ 福利厚生充実 未経験可新着,有限会社愛協,埼玉県,月給34万円～44万円,正社員,建設,求人ボックス,https://xn--pckua2a7gp15o89zb.com/jb/a3d59fb50350669e32a839f464b5ed76,True,3時間前,2026-09-19 04:10:35,埼玉県
建設業のデータ入力などのスタッフ新着,株式会社ホットスタッフ所沢,埼玉県,"時給1,500円",派遣社員,建設,求人ボックス,https://xn--pckua2a7gp15o89zb.com/jb/037d8451365dcfe03626cf87c75c3a1b,True,10時間前,2026-09-19 04:10:35,埼玉県
土木施工管理／改修工事 未経験OK新着,株式会社コプロコンストラクション,埼玉県,"月給29万1,460円",派遣社員,建設,求人ボックス,https://xn--pckua2a7gp15o89zb.com/jb/50f2863d7aed14b1c7481592895405b5,True,15時間前,2026-09-19 04:10:35,埼玉県
電気メンテナンス 未経験歓迎の設備メンテナンス職新着,株式会社ヤマスズ,埼玉県,月給25万円～45万円,正社員,建設,求人ボックス,https://xn--pckua2a7gp15o89zb.com/jb/8b6aa2302697281345524df9dc37c5e7,True,9時間前,2026-09-19 04:10:35,埼玉県
「高収入」夜勤／タクシー運転手／定期送迎「月収50万円以上可能／安定収入／賞与年2回」新着,建設・,埼玉県,"月給47万7,000円",正社員,建設,求人ボックス,https://xn--pckua2a7gp15o89zb.com/jbn/7019c88e44a16a21520cfb783f9a993f,True,8時間前,2026-09-19 04:10:35,埼玉県
「高収入」夜勤／タクシー／定期送迎「月収50万円以上可能／安定収入／賞与年2回」新着,建設・,埼玉県,"月給47万9,400円",正社員,建設,求人ボックス,https://xn--pckua2a7gp15o89zb.com/jbn/400090829ca105e0e9f375a2e604bfae,True,8時間前,2026-09-19 04:10:38,埼玉県
「内定までスピーディー」夜勤タクシードライバー／履歴書不要／未経験OK／月収50万円以上新着,作業,埼玉県,"月給47万6,000円",正社員,建設,求人ボックス,https://xn--pckua2a7gp15o89zb.com/jbn/dbed225f012b5633aabc336d571ea663,True,8時間前,2026-09-19 04:10:38,埼玉県
「二種免許不要・週3勤務・タクシードライバー」研修あり／賞与あり／アルファード送迎新着,作業,埼玉県,"月給47万6,000円",正社員,建設,求人ボックス,https://xn--pckua2a7gp15o89zb.com/jbn/d67e73d96daf2ed644641cfee36e33ec,True,8時間前,2026-09-19 04:10:38,埼玉県
「夜勤でしっかり稼ぐ」タクシードライバー／残業少なめ／正社員採用／賞与あり新着,...以下のような経験をお持ちの方は特に歓迎します。・軽貨物ドライバー・ルート配送スタッフ・宅配ドライバー・タクシー運転手・大型トラックドライバー・フォークリフトオペレーター・,埼玉県,"月給47万7,000円",正社員,建設,求人ボックス,https://xn--pckua2a7gp15o89zb.com/jbn/689bc5726de302fd50f3c76d989a0caf,True,9時間前,2026-09-19 04:10:38,埼玉県
タクシードライバー／週3勤務／学歴不問／1年目月収50万以上／賞与年2回新着,建設・,埼玉県,"月給47万8,100円",正社員,建設,求人ボックス,https://xn--pckua2a7gp15o89zb.com/jbn/466d421dfa86e296e9e2651144046174,True,9時間前,2026-09-19 04:10:38,埼玉県
タクシードライバー／未経験歓迎／会食・空港送迎中心／年収600万円以上可新着,建設・,埼玉県,"月給47万9,900円",正社員,建設,求人ボックス,https://xn--pckua2a7gp15o89zb.com/jbn/837f07e70c88f6cdc88f8cda40ce2dda,True,9時間前,2026-09-19 04:10:38,埼玉県
「未経験歓迎」タクシードライバー／月収50万円以上可／退職金制度あり新着,...以下のような経験をお持ちの方は特に歓迎します。・軽貨物ドライバー・ルート配送スタッフ・宅配ドライバー・タクシー運転手・大型トラックドライバー・フォークリフトオペレーター・,埼玉県,"月給47万7,600円",正社員,建設,求人ボックス,https://xn--pckua2a7gp15o89zb.com/jbn/0fb4d1907a74a846d1085af71f0dc46a,True,9時間前,2026-09-19 04:10:38,埼玉県
タクシードライバー／週3勤務／異業種からの転職歓迎新着,建設・,埼玉県,"月給47万8,000円",正社員,建設,求人ボックス,https://xn--pckua2a7gp15o89zb.com/jbn/3e46f943c44463f0bbd0ba3234382b20,True,9時間前,2026-09-19 04:10:43,埼玉県
「タクシードライバー」月内採用／夜勤／履歴書不要／月収50万円以上／正社員採用／社会保険完備新着,...以下のような経験をお持ちの方は特に歓迎します。・軽貨物ドライバー・ルート配送スタッフ・宅配ドライバー・タクシー運転手・大型トラックドライバー・フォークリフトオペレーター・,埼玉県,"月給47万4,000円",正社員,建設,求人ボックス,https://xn--pckua2a7gp15o89zb.com/jbn/4eec125b712e12091a2eedc95911f97d,True,9時間前,2026-09-19 04:10:43,埼玉県
「タレント／芸能」タクシードライバー／週3勤務／学歴不問／1年目月収50万以上／賞与年2回新着,建設・,埼玉県,"月給47万4,000円",正社員,建設,求人ボックス,https://xn--pckua2a7gp15o89zb.com/jbn/5db55d82c58528de8985835ced524491,True,9時間前,2026-09-19 04:10:43,埼玉県
「夜勤で稼げる」タクシードライバー／普通免許のみOK／年収600万円以上可／賞与年2回新着,...以下のような経験をお持ちの方は特に歓迎します。・軽貨物ドライバー・ルート配送スタッフ・宅配ドライバー・タクシー運転手・大型トラックドライバー・フォークリフトオペレーター・,埼玉県,"月給51万6,400円",正社員,建設,求人ボックス,https://xn--pckua2a7gp15o89zb.com/jbn/f6e21241605646a18845b74a788e5589,True,9時間前,2026-09-19 04:10:43,埼玉県
タクシードライバー／普通免許のみで応募OK／週3日勤務／賞与あり／高収入実現可能新着,作業,埼玉県,"月給47万8,000円",正社員,建設,求人ボックス,https://xn--pckua2a7gp15o89zb.com/jbn/6e7bd5caffb97218e56b3697e384ccb6,True,10時間前,2026-09-19 04:10:43,埼玉県
「予約中心だから未経験でも安心」タクシードライバー／週3勤務／月収50万円以上可新着,建設・,埼玉県,"月給47万8,000円",正社員,建設,求人ボックス,https://xn--pckua2a7gp15o89zb.com/jbn/5e6ab28e049ca94125376564ecafa522,True,10時間前,2026-09-19 04:10:43,埼玉県
「週3日勤務で年収600万円も可能」タクシードライバー／普通免許のみOK／未経験歓迎／賞与年2回新着,建設・,埼玉県,"月給47万8,000円",正社員,建設,求人ボックス,https://xn--pckua2a7gp15o89zb.com/jbn/cb4d5ca2852e451ee05c40b1ca4a2d13,True,10時間前,2026-09-19 04:10:43,埼玉県
施工計画の立案など 土木施工管理業務 福利厚生充実 土日祝休み新着,マルタケ株式会社,埼玉県,"年収800万円～1,200万円",正社員,建設,求人ボックス,https://xn--pckua2a7gp15o89zb.com/jb/29f0e0c751974d4c925465d95529c947,True,3時間前,2026-09-19 04:10:45,埼玉県
夜間専属タクシードライバー／週3日勤務OK／異業種出身多数／未経験活躍中／土日祝休みあり新着,...以下のような経験をお持ちの方は特に歓迎します。・軽貨物ドライバー・ルート配送スタッフ・宅配ドライバー・タクシー運転手・大型トラックドライバー・フォークリフトオペレーター・,埼玉県,"月給47万7,900円",正社員,建設,求人ボックス,https://xn--pckua2a7gp15o89zb.com/jbn/04450c4d05713803ecb99a58eaaf831c,True,11時間前,2026-09-19 04:10:45,埼玉県
芸能関係者のタクシードライバー／未経験歓迎／週3勤務／月収45万円以上／20代～50代活躍中新着,作業,埼玉県,"月給47万7,700円",正社員,建設,求人ボックス,https://xn--pckua2a7gp15o89zb.com/jbn/1014a7ebba6a3925a890dda71937eace,True,12時間前,2026-09-19 04:10:45,埼玉県
「未経験1年目600万円／定着率90%以上」「週3日勤務／正社員」タクシードライバー新着,建設・,埼玉県,"月給47万6,900円",正社員,建設,求人ボックス,https://xn--pckua2a7gp15o89zb.com/jbn/bead384e77b8e9d07bce68e08a2e86d0,True,12時間前,2026-09-19 04:10:45,埼玉県
「未経験1年目600万円／定着率90%以上」「週3勤務・予約制タクシードライバー」普通免許のみOK新着,建設・,埼玉県,"月給47万8,900円",正社員,建設,求人ボックス,https://xn--pckua2a7gp15o89zb.com/jbn/bc845c44a3dca9ee016fba058f357f0e,True,12時間前,2026-09-19 04:10:45,埼玉県
「転職回数不問」役員タクシードライバー／週3勤務／安定収入／正社員採用新着,...以下のような経験をお持ちの方は特に歓迎します。・軽貨物ドライバー・ルート配送スタッフ・宅配ドライバー・タクシー運転手・大型トラックドライバー・フォークリフトオペレーター・,埼玉県,"月給47万4,400円",正社員,建設,求人ボックス,https://xn--pckua2a7gp15o89zb.com/jbn/66575ff3b8fbf4275f46c0f090f1aea6,True,12時間前,2026-09-19 04:10:45,埼玉県
タクシー運転手「週3勤務」資格取得支援あり／月収40万円以上／安定収入／転職回数不問新着,...以下のような経験をお持ちの方は特に歓迎します。・軽貨物ドライバー・ルート配送スタッフ・宅配ドライバー・タクシー運転手・大型トラックドライバー・フォークリフトオペレーター・,埼玉県,"月給47万8,700円",正社員,建設,求人ボックス,https://xn--pckua2a7gp15o89zb.com/jbn/89517f070d3bc3b4ffc104cde190dc07,True,8時間前,2026-09-19 04:10:45,埼玉県
「VIP送迎中心」夜勤タクシードライバー／年収600万円以上／賞与年2回新着,建設・,埼玉県,"月給47万6,000円",正社員,建設,求人ボックス,https://xn--pckua2a7gp15o89zb.com/jbn/54264d4cef162da1e600288ed9691f5b,True,8時間前,2026-09-19 04:10:50,埼玉県
タクシードライバー「週3勤務」資格取得支援あり／月収40万円以上／安定収入／転職回数不問新着,...以下のような経験をお持ちの方は特に歓迎します。・軽貨物ドライバー・ルート配送スタッフ・宅配ドライバー・タクシー運転手・大型トラックドライバー・フォークリフトオペレーター・,埼玉県,"月給47万6,000円",正社員,建設,求人ボックス,https://xn--pckua2a7gp15o89zb.com/jbn/0ee4a35d4be691c0fadcd989aa68125a,True,9時間前,2026-09-19 04:10:50,埼玉県
「1年目から高収入可能」タクシードライバー／週3勤務／福利厚生充実新着,作業,埼玉県,"月給51万4,000円",正社員,建設,求人ボックス,https://xn--pckua2a7gp15o89zb.com/jbn/578cf54b69dd76d53f1ade8be5b04864,True,9時間前,2026-09-19 04:10:50,埼玉県
「正社員」週3勤務のタクシードライバー／未経験者活躍中／年収500万円以上可能／土日祝休み取得可新着,建設・,埼玉県,"月給47万4,000円",正社員,建設,求人ボックス,https://xn--pckua2a7gp15o89zb.com/jbn/53d7717e8ea4b2f89c3d0644b020069f,True,9時間前,2026-09-19 04:10:50,埼玉県
「高収入」夜勤／タクシードライバー／定期送迎「月収50万円以上可能／安定収入／賞与年2回」新着,建設・,埼玉県,"月給51万4,000円",正社員,建設,求人ボックス,https://xn--pckua2a7gp15o89zb.com/jbn/22eace0f04b20c189a8c0abb99b1251b,True,9時間前,2026-09-19 04:10:50,埼玉県
夜勤タクシードライバー／未経験スタートOK／年2回のボーナス支給あり／資格取得支援制度あり新着,作業,埼玉県,"月給51万4,000円",正社員,建設,求人ボックス,https://xn--pckua2a7gp15o89zb.com/jbn/bb54345f3e0770a5a7fad5cc6b052f11,True,9時間前,2026-09-19 04:10:50,埼玉県
インフラのメンテナンス作業員・未経験可・土日祝休み・フリーター応援・髪型・髪色自由・若手多数新着,尾島興業株式会社,埼玉県,月給30万円～48万円,正社員,建設,求人ボックス,https://xn--pckua2a7gp15o89zb.com/jb/dbccbf420d9ab663512c2d34c5d6e740,True,3時間前,2026-09-19 04:10:52,埼玉県
タクシードライバー／「即入社相談可」夜間送迎スタッフ／履歴書不要／安定の正社員雇用新着,作業,埼玉県,"月給47万6,000円",正社員,建設,求人ボックス,https://xn--pckua2a7gp15o89zb.com/jbn/e290a079293b1be96c137e8ea7823c6f,True,8時間前,2026-09-19 04:10:52,埼玉県
「夜勤でしっかり稼ぐ」VIPタクシードライバー／残業少なめ／正社員採用／賞与あり新着,...以下のような経験をお持ちの方は特に歓迎します。・軽貨物ドライバー・ルート配送スタッフ・宅配ドライバー・タクシー運転手・大型トラックドライバー・フォークリフトオペレーター・,埼玉県,"月給47万6,000円",正社員,建設,求人ボックス,https://xn--pckua2a7gp15o89zb.com/jbn/8299a4fb4dff04322f3c96689fbf5601,True,9時間前,2026-09-19 04:10:52,埼玉県
「月内採用」タクシードライバー・夜勤／職歴不問／未経験OK／1年目年収600万円以上可／賞与年2回新着,作業,埼玉県,"月給47万6,000円",正社員,建設,求人ボックス,https://xn--pckua2a7gp15o89zb.com/jbn/1f61fff7b7286c6d8c6d5581c2df1896,True,9時間前,2026-09-19 04:10:52,埼玉県
重機オペレーター／汚泥の積込移動／直行直帰可／入社祝金20万円支給新着,株式会社SKクリーンシステム,埼玉県,"日給1万8,000円",正社員,建設,求人ボックス,https://xn--pckua2a7gp15o89zb.com/jb/81b476412b33f7b8f7c366bbadb2d43f,True,23時間前,2026-09-19 04:10:52,埼玉県
商品の梱包・出荷作業／土日祝休み／ミニ賞与年2回有／車通勤可新着,株式会社フルプラ,埼玉県,"時給1,300円",アルバイト・パート,建設,求人ボックス,https://xn--pckua2a7gp15o89zb.com/jb/79c4acda59f8e2226e128e6143b018ef,True,5時間前,2026-09-19 04:10:52,埼玉県
リサイクルセンター内の一般事務新着,株式会社ウィズアップスタッフ,埼玉県,"時給1,400円",派遣社員,事務,求人ボックス,https://xn--pckua2a7gp15o89zb.com/jb/17a05a6e551dbc6b1a4b95ce9fca2479,True,23時間前,2026-09-19 04:10:29,埼玉県
一般事務・生コン製造会社 残業少なめ 賞与年3回 隔週土日祝休新着,小﨑工業株式会社,埼玉県,月給21万円～26万,正社員,事務,求人ボックス,https://xn--pckua2a7gp15o89zb.com/jb/49ef692e7efb0bb4fb7f5090c28b66f4,True,3時間前,2026-09-19 04:10:30,埼玉県
物流倉庫での一般事務+軽作業新着,戦力エージェント株式会社,埼玉県,"時給1,350円",派遣社員,事務,求人ボックス,https://xn--pckua2a7gp15o89zb.com/jb/02e354814e8a46cfbe0c9c9b27f070f9,True,8時間前,2026-09-19 04:10:34,埼玉県
「オフィスワークデビュー!」／一般事務／正社員採用／学歴不問／学歴不問新着,一般事務,埼玉県,"月給27万8,000円",正社員,事務,求人ボックス,https://xn--pckua2a7gp15o89zb.com/jbn/e870c0fbe0d2096767da68097492e366,True,11時間前,2026-09-19 04:10:38,埼玉県
「オフィスワークデビュー!」／一般事務／学歴不問／寮相談可新着,一般事務,埼玉県,"月給27万1,000円",正社員,事務,求人ボックス,https://xn--pckua2a7gp15o89zb.com/jbn/2886b906c79a5a63573ac7c15ee6e8e7,True,11時間前,2026-09-19 04:10:41,埼玉県
「座って事務デビュー!」／一般事務／週休2日制／学歴不問／nO.136...新着,一般事務,埼玉県,"月給26万7,000円",正社員,事務,求人ボックス,https://xn--pckua2a7gp15o89zb.com/jbn/3e9f6595b71056bcd175b996a52e486c,True,11時間前,2026-09-19 04:10:45,埼玉県
「20代から事務デビュー!」／一般事務／20代活躍中／空調完備新着,一般事務,埼玉県,"月給27万3,000円",正社員,事務,求人ボックス,https://xn--pckua2a7gp15o89zb.com/jbn/c9732768f1d273a71c06ebea792a8a2c,True,11時間前,2026-09-19 04:10:49,埼玉県
「はじめての事務デビュー!」／一般事務／研修あり／交通費支給新着,一般事務,埼玉県,"月給25万3,000円",正社員,事務,求人ボックス,https://xn--pckua2a7gp15o89zb.com/jbn/7896f8c3ddff19f8ef0ce906beffb442,True,11時間前,2026-09-19 04:10:53,埼玉県
「20代から事務デビュー!」／一般事務／20代活躍中／研修あり新着,一般事務,埼玉県,"月給26万2,000円",正社員,事務,求人ボックス,https://xn--pckua2a7gp15o89zb.com/jbn/7bdbc4daec7fed9d4cd1f685326f9af6,True,11時間前,2026-09-19 04:10:53,埼玉県
「オフィスワークデビュー!」／一般事務／未経験OK／高収入／寮相談可新着,一般事務,埼玉県,"月給26万6,000円",正社員,事務,求人ボックス,https://xn--pckua2a7gp15o89zb.com/jbn/02eff109bde444887709763bde44529e,True,11時間前,2026-09-19 04:10:57,埼玉県
「20代から事務デビュー!」／一般事務／交通費支給／研修あり新着,一般事務,埼玉県,"月給28万8,000円",正社員,事務,求人ボックス,https://xn--pckua2a7gp15o89zb.com/jbn/d6cca2846d540e012915f9bf11b85fb7,True,11時間前,2026-09-19 04:11:00,埼玉県
「大手企業でオフィスワークデビュー!」／一般事務／未経験95%新着,一般事務,埼玉県,"月給26万2,000円",正社員,事務,求人ボックス,https://xn--pckua2a7gp15o89zb.com/jbn/4891235970661935ed18edcab33966b3,True,8時間前,2026-09-19 04:11:00,埼玉県
経理事務新着,株式会社松堀不動産,埼玉県,月給24万円～,正社員,経理,求人ボックス,https://xn--pckua2a7gp15o89zb.com/jb/b0fcbe67a37eace39ed09ef522f7f1ae,True,8時間前,2026-09-19 04:10:44,埼玉県
「数字を扱う仕事に挑戦」／経理事務／未経験歓迎／丁寧な研修あり新着,経理,埼玉県,月給27万円～33万円,正社員,経理,求人ボックス,https://xn--pckua2a7gp15o89zb.com/jbn/61e57c5940b7c648d8db13cccbd548c6,True,13時間前,2026-09-19 04:10:44,埼玉県
「月給30万円も実現可能」／経理事務／未経験歓迎／研修充実新着,経理,埼玉県,月給30万円,正社員,経理,求人ボックス,https://xn--pckua2a7gp15o89zb.com/jbn/d02d70d3fc874e9a7c315c15979e04d6,True,13時間前,2026-09-19 04:10:44,埼玉県
「事務職デビューをスムーズに」／経理事務／未経験OK／安定勤務新着,経理,埼玉県,月給25万円～30万円,正社員,経理,求人ボックス,https://xn--pckua2a7gp15o89zb.com/jbn/7073b91240271e05fde46981a33a755c,True,15時間前,2026-09-19 04:10:45,埼玉県
「無理なく続けられる事務のポジション」／経理事務／未経験OK新着,経理,埼玉県,月給27万円～33万円,正社員,経理,求人ボックス,https://xn--pckua2a7gp15o89zb.com/jbn/606ede6151183399d5edc15974537a95,True,12時間前,2026-09-19 04:10:45,埼玉県
「早めに仕事を決めたい方に」／経理事務／未経験OK／サポート体制充実新着,経理,埼玉県,月給25万円～30万円,正社員,経理,求人ボックス,https://xn--pckua2a7gp15o89zb.com/jbn/f3c2235effd1a19e831413c166942446,True,12時間前,2026-09-19 04:10:45,埼玉県
「月給30万円も実現可能」／経理事務／未経験歓迎／サポート体制充実新着,経理,埼玉県,月給30万円,正社員,経理,求人ボックス,https://xn--pckua2a7gp15o89zb.com/jbn/b8e4b1c2204258974feb85fb8a376533,True,15時間前,2026-09-19 04:10:48,埼玉県
「未経験からバックオフィスに挑戦」／経理事務／丁寧な研修あり／長期安定新着,経理,埼玉県,月給25万円～30万円,正社員,経理,求人ボックス,https://xn--pckua2a7gp15o89zb.com/jbn/1d3cba13fe457f9b2759910aba70fd54,True,15時間前,2026-09-19 04:10:51,埼玉県
「経理データを確認するだけ!」／経理事務／未経験歓迎／サポート体制充実新着,経理,埼玉県,月給27万円～33万円,正社員,経理,求人ボックス,https://xn--pckua2a7gp15o89zb.com/jbn/16f591d0469a69ec53e9ee3478730bcc,True,13時間前,2026-09-19 04:10:51,埼玉県
「はじめての事務、ここから始めよう」／経理事務／未経験歓迎／研修つき新着,事務,埼玉県,月給27万円～33万円,正社員,経理,求人ボックス,https://xn--pckua2a7gp15o89zb.com/jbn/e16cf579752879c17c34cb73c9eb354a,True,13時間前,2026-09-19 04:10:51,埼玉県
経理事務／未経験歓迎／サポート体制充実／長期安定／福利厚生充実新着,経理,埼玉県,月給25万円～30万円,正社員,経理,求人ボックス,https://xn--pckua2a7gp15o89zb.com/jbn/d1baf4b40d5bc8e0e5e9b7380a87f493,True,15時間前,2026-09-19 04:10:51,埼玉県
「コツコツ派に向いた、静かなオフィスワーク」／経理事務／未経験OK新着,経理,埼玉県,月給27万円～33万円,正社員,経理,求人ボックス,https://xn--pckua2a7gp15o89zb.com/jbn/14dfc998ad1d3e8ce53de05a943e8dac,True,13時間前,2026-09-19 04:10:55,埼玉県
「今だけ採用!大手企業の経理サポート」／経理事務／9時半出社新着,株式会社One's Will「4187」,埼玉県,月給23万円～,正社員,経理,求人ボックス,https://xn--pckua2a7gp15o89zb.com/jbn/b6c6e73743ecb1ee6f3197d29f244b94,True,19時間前,2026-09-19 04:10:59,埼玉県
「大手企業の数字まわりを支える!」／経理事務／9時半出社／未経験OK新着,株式会社One's Will「3533」,埼玉県,月給23万円～,正社員,経理,求人ボックス,https://xn--pckua2a7gp15o89zb.com/jbn/61d2af515129371cb8a8eecad1a3f08c,True,20時間前,2026-09-19 04:10:59,埼玉県
土日祝休みでメリハリばっちり／経理サポート事務／福利厚生充実新着,経理,埼玉県,"月給31万4,000円",正社員,経理,求人ボックス,https://xn--pckua2a7gp15o89zb.com/jbn/530aae7f4a7d27c2c09e0610217955a8,True,9時間前,2026-09-19 04:11:01,埼玉県
同期と一緒にスタートしやすい／経理サポート事務／高収入を目指せる新着,経理,埼玉県,"月給25万2,000円",正社員,経理,求人ボックス,https://xn--pckua2a7gp15o89zb.com/jbn/dd146e4e5f4260bd03a9464db757ce2b,True,9時間前,2026-09-19 04:11:01,埼玉県
私服OKのきれいな職場で働く／経理サポート事務／生活サポート充実新着,経理,埼玉県,"月給27万7,000円",正社員,経理,求人ボックス,https://xn--pckua2a7gp15o89zb.com/jbn/5cc54f9a9ab7784ee6c2681951141f27,True,9時間前,2026-09-19 04:11:01,埼玉県
経理事務+ 一般事務新着,株式会社リクルートスタッフィング,埼玉県,"時給1,750円～",派遣社員,経理,求人ボックス,https://xn--pckua2a7gp15o89zb.com/jb/76774a7761521283d7f885b20bdb021d,True,20時間前,2026-09-19 04:11:04,埼玉県
「ネイルもおしゃれも楽しめる!」食品・カフェ関連企業の経理サポート事務新着,経理,埼玉県,月給25万円～29万,正社員,経理,求人ボックス,https://xn--pckua2a7gp15o89zb.com/jbn/0026e9726c4697088dfe9d894c78b494,True,9時間前,2026-09-19 04:11:04,埼玉県
「大手企業で数字入力中心のかんたん経理」／経理事務／9時半出社新着,株式会社One's Will「4086」,埼玉県,月給23万円～,正社員,経理,求人ボックス,https://xn--pckua2a7gp15o89zb.com/jbn/7ee3758db5e6aed0b84fb0d30e9d42cb,True,19時間前,2026-09-19 04:11:04,埼玉県
「大手企業で数字入力中心のかんたん経理」／経理事務／9時半出社新着,株式会社One's Will「3363」,埼玉県,月給22万円～,正社員,経理,求人ボックス,https://xn--pckua2a7gp15o89zb.com/jbn/beeb308420e703da631c72cfe5a44ac6,True,20時間前,2026-09-19 04:11:04,埼玉県
「数字入力がメインのゆったり事務」／経理事務／9時半出社／未経験OK新着,株式会社One's Will「3304」,埼玉県,月給22万円～,正社員,経理,求人ボックス,https://xn--pckua2a7gp15o89zb.com/jbn/6d8be7c289828ad75827a03f17387a04,True,20時間前,2026-09-19 04:11:04,埼玉県
「人を支える仕事がしたい方へ!」旅行・レジャー関連企業の経理サポート事...新着,経理,埼玉県,"月給25万4,000円",正社員,経理,求人ボックス,https://xn--pckua2a7gp15o89zb.com/jbn/ae7f30eeaa32d86cc32e2ba2da14f498,True,9時間前,2026-09-19 04:11:08,埼玉県
「コツコツ派が活躍できる!」アパレル・ファッション企業の経理サポート事...新着,経理,埼玉県,"月給26万8,000円",正社員,経理,求人ボックス,https://xn--pckua2a7gp15o89zb.com/jbn/acdf6b70dea3d589aeb5b6ca3896349b,True,9時間前,2026-09-19 04:11:08,埼玉県
「大手企業で数字入力中心のかんたん経理」／経理事務／9時半出社新着,株式会社One's Will「3658」,埼玉県,月給23万円～,正社員,経理,求人ボックス,https://xn--pckua2a7gp15o89zb.com/jbn/b89d501e842d4ad8451681198db30af3,True,19時間前,2026-09-19 04:11:08,埼玉県
「入力・チェック中心で始めやすい!」旅行・レジャー関連企業の経理サポー...新着,経理,埼玉県,"月給26万2,000円",正社員,経理,求人ボックス,https://xn--pckua2a7gp15o89zb.com/jbn/eb532d43f3819ddb65ccd7e9638268e3,True,9時間前,2026-09-19 04:11:08,埼玉県
「ネイルもおしゃれも楽しめる!」住宅・インテリア関連企業の経理サポート...新着,経理,埼玉県,"月給25万7,000円",正社員,経理,求人ボックス,https://xn--pckua2a7gp15o89zb.com/jbn/a3ef3414547b68de7de24f6635e1bd8a,True,9時間前,2026-09-19 04:11:11,埼玉県
「残業少なめで定時後も充実!」旅行・レジャー関連企業の経理サポート事務新着,経理,埼玉県,月給26万円～29万,正社員,経理,求人ボックス,https://xn--pckua2a7gp15o89zb.com/jbn/418a599706abc886ef06db3d0c168ddc,True,8時間前,2026-09-19 04:11:11,埼玉県
「正社員で安定した毎日へ!」教育・研修サービス企業の経理サポート事務新着,経理,埼玉県,"月給25万7,000円",正社員,経理,求人ボックス,https://xn--pckua2a7gp15o89zb.com/jbn/0ebbdb94f1fc4e5306da51afd1a2a0cc,True,9時間前,2026-09-19 04:11:11,埼玉県
リハビリ特化型デイサービスの柔道整復師／ご利用者様の補助など／土日休み新着,株式会社エス・クリーニング,埼玉県,"月給28万9,000円",正社員,治療家,求人ボックス,https://xn--pckua2a7gp15o89zb.com/jb/a3e26c82ed60c90e7adda54fd8e6bfc4,True,11時間前,2026-09-19 04:11:03,埼玉県
柔道整復師／スポーツ外傷／骨盤矯正 施術者／深谷たいよう鍼灸・接骨院新着,株式会社キュアクオリティ,埼玉県,"月給27万5,000円",正社員,治療家,求人ボックス,https://xn--pckua2a7gp15o89zb.com/jb/a846f413e6f27a02e22d5dda09d0d9fc,True,4時間前,2026-09-19 04:11:03,埼玉県
柔道整復師／ボディケア／スポーツ外傷／骨盤矯正／トリガーポイント新着,株式会社コスモポリタンメディカル,埼玉県,"月給26万5,000円",正社員,治療家,求人ボックス,https://xn--pckua2a7gp15o89zb.com/jb/4c56833411cba47c59f66fbd52a84d2f,True,5時間前,2026-09-19 04:11:03,埼玉県
柔道整復師「正規フルタイム社員」／そよ風公式新着,株式会社SOYOKAZE,埼玉県,月給22万円～28万円,契約社員,治療家,求人ボックス,https://xn--pckua2a7gp15o89zb.com/jb/43d3ffc3e51bb248c8309eb0ea78771e,True,2時間前,2026-09-19 04:11:03,埼玉県
柔道整復師／ボディケア／骨盤矯正／トリガーポイント／スポーツトレーナー新着,リジョブエージェント,埼玉県,月給26万円～60万円,正社員,治療家,求人ボックス,https://xn--pckua2a7gp15o89zb.com/jb/d66e985a470757a332eb8a36a0bc1738,True,5時間前,2026-09-19 04:11:03,埼玉県
柔道整復師／特別養護老人ホーム新着,社会福祉法人湖聖会 特別養護老人ホーム ラスール...,埼玉県,"月給22万3,000円",正社員,治療家,求人ボックス,https://xn--pckua2a7gp15o89zb.com/jb/188c8d190cf0bac0327ac8fdca7257e1,True,21時間前,2026-09-19 04:11:03,埼玉県
「役員タクシードライバー」週3日勤務／普通免許で未経験からスタート／月収50万円以上・ボーナス年2回新着,柔道整復師,埼玉県,"月給51万4,000円",正社員,治療家,求人ボックス,https://xn--pckua2a7gp15o89zb.com/jbn/55489019a98880171d00a8df5a236b77,True,12時間前,2026-09-19 04:11:03,埼玉県
タクシードライバー週3日勤務／未経験OK・月収50万円以上・ボーナス支給あり新着,柔道整復師,埼玉県,"月給47万6,500円",正社員,治療家,求人ボックス,https://xn--pckua2a7gp15o89zb.com/jbn/2231c25dfff1c421ed6d0b21261661d1,True,10時間前,2026-09-19 04:11:03,埼玉県
著名人や企業役員のタクシードライバー「週3日勤務」未経験OK・月収40万円以上／ボーナス支給あり新着,柔道整復師,埼玉県,"月給47万6,000円",正社員,治療家,求人ボックス,https://xn--pckua2a7gp15o89zb.com/jbn/e32f65bce922b88b88f175a1ad819797,True,12時間前,2026-09-19 04:11:03,埼玉県
タクシードライバー／「タレントやスポーツ選手等の送迎」週3日勤務／未経験OK・月収50万円以上新着,柔道整復師,埼玉県,"月給51万4,000円",正社員,治療家,求人ボックス,https://xn--pckua2a7gp15o89zb.com/jbn/ae91f8caf647523e70080e71a9708b06,True,12時間前,2026-09-19 04:11:03,埼玉県
「空港へのタクシードライバー」週3日勤務／普通免許で未経験OK／月収50万円以上・賞与2ヶ月分あり新着,柔道整復師,埼玉県,"月給51万4,000円",正社員,治療家,求人ボックス,https://xn--pckua2a7gp15o89zb.com/jbn/9ece901a83e1941615ea4808c9e141f1,True,12時間前,2026-09-19 04:11:03,埼玉県
「タクシードライバー」月収50万以上・未経験歓迎／週3勤務・普通免許のみOK・ボーナス2回新着,柔道整復師,埼玉県,"月給51万4,000円",正社員,治療家,求人ボックス,https://xn--pckua2a7gp15o89zb.com/jbn/c494c0b695831909fadd16798dd99d52,True,9時間前,2026-09-19 04:11:03,埼玉県
「タクシードライバー・夜勤」月50万以上可・未経験歓迎／寮・社宅完備／普免のみOK・ボーナスあり新着,柔道整復師,埼玉県,"月給47万6,000円",正社員,治療家,求人ボックス,https://xn--pckua2a7gp15o89zb.com/jbn/e7ba8537f9acaeb08dc5d7be73900625,True,8時間前,2026-09-19 04:11:03,埼玉県
「タクシードライバー・定期送迎」月収50万以上・未経験歓迎・普通免許のみOK・ボーナスあり新着,柔道整復師,埼玉県,"月給47万6,000円",正社員,治療家,求人ボックス,https://xn--pckua2a7gp15o89zb.com/jbn/25ff924c6162e4d0176905cb0ce9de7b,True,9時間前,2026-09-19 04:11:03,埼玉県
「週3日勤務」普通免許でスタートできる役員タクシードライバー／週の残り4日はすべてあなたの自由時間新着,...キャリアアップも全面的にバックアップします。 【その他概要】<前職例>製造/工場/ライン作業/生產管理/設備保全/製鋼/溶接クレーン・玉掛/金属加工/板金加工/板金塗装/警備員機械・電気/倉庫内,埼玉県,"月給47万6,000円",正社員,治療家,求人ボックス,https://xn--pckua2a7gp15o89zb.com/jbn/982c670b069a8a0d1f045e8c7725bf66,True,12時間前,2026-09-19 04:11:03,埼玉県
タレント・芸能・観光客のタクシードライバー「週3日勤務」賞与年2回／初年度から月収50万円以上新着,...未経験からでも安心してプロドライバーを目指せる環境です。 【その他特徴】<前職例>製造/工場/ライン作業/生產管理/設備保全/製鋼/溶接クレーン・玉掛/金属加工/板金加工/板金塗装/警備員機械・,埼玉県,"月給47万6,000円",正社員,治療家,求人ボックス,https://xn--pckua2a7gp15o89zb.com/jbn/c0a2aeb7427217bd888a1cfbb35e9693,True,12時間前,2026-09-19 04:11:07,埼玉県
柔道整復師・社会保険完備の職場で柔道整復師新着,やましろ接骨院・鍼灸院 やましろ整体院トトノエル,埼玉県,"時給1,300円～1,800円",アルバイト・パート,治療家,求人ボックス,https://xn--pckua2a7gp15o89zb.com/jb/c12c4c2c24796b7d4e5e1abd466e6473,True,6時間前,2026-09-19 04:11:07,埼玉県
整骨院・接骨院にて柔道整復師新着,やましろ接骨院・鍼灸院 physicalmana...,埼玉県,"時給1,300円～1,800円",アルバイト・パート,治療家,求人ボックス,https://xn--pckua2a7gp15o89zb.com/jb/8710342b3eddc5ec44a5a4a2a0ce5564,True,6時間前,2026-09-19 04:11:07,埼玉県
柔道整復師新着,創生会グループ,埼玉県,"時給1,600円～2,000円",アルバイト・パート,治療家,求人ボックス,https://xn--pckua2a7gp15o89zb.com/jb/38b60fcfb00b94ecbe1cba6573d04db6,True,8時間前,2026-09-19 04:11:07,埼玉県
介護支援専門員・ケアマネージャー／居宅介護支援事業所新着,未経験OK,埼玉県,月給25万円～,正社員,治療家,求人ボックス,https://xn--pckua2a7gp15o89zb.com/jb/7dff1ac0d85199a840c545a645a7c883,True,23時間前,2026-09-19 04:11:07,埼玉県
介護支援専門員・ケアマネージャー／有料老人ホーム新着,柔道整復師,埼玉県,"月給26万3,500円",正社員,治療家,求人ボックス,https://xn--pckua2a7gp15o89zb.com/jb/f00484f622598850358c05b892221f54,True,23時間前,2026-09-19 04:11:07,埼玉県
介護支援専門員・ケアマネージャー／グループホーム新着,柔道整復師,埼玉県,月給22万円～27万円,契約社員,治療家,求人ボックス,https://xn--pckua2a7gp15o89zb.com/jb/72064fb300b5bb808b6517d2d2c22c9e,True,23時間前,2026-09-19 04:11:07,埼玉県
久喜市の看護師／特別養護老人ホームでの看護スタッフ／派遣看護師新着,グッドネクスト,埼玉県,"時給2,400円",派遣社員,看護,求人ボックス,https://xn--pckua2a7gp15o89zb.com/jb/a119699b08cccd65d7b6c9ab00e90101,True,23時間前,2026-09-19 04:10:56,埼玉県
日勤のみの正看護師新着,イリーゼ八潮,埼玉県,"月給31万2,000円",正社員,看護,求人ボックス,https://xn--pckua2a7gp15o89zb.com/jb/d51d221fd87214c53d4e8e58db08a7b6,True,9時間前,2026-09-19 04:10:56,埼玉県
デイサービスの看護師／週2日から・短時間OK／子連れ勤務可新着,株式会社3’s peace,埼玉県,"時給1,300円～1,800円",アルバイト・パート,看護,求人ボックス,https://xn--pckua2a7gp15o89zb.com/jb/d155ae308b4e14a1ba6a897f5ab806e6,True,23時間前,2026-09-19 04:10:57,埼玉県
暮らしのそばで安心を支える施設看護／住宅型有料老人ホームの看護師新着,株式会社レガート,埼玉県,月給30万円～,正社員,看護,求人ボックス,https://xn--pckua2a7gp15o89zb.com/jb/9919d26e9e77a9144522bb79c6709b46,True,6時間前,2026-09-19 04:10:57,埼玉県
障がい者グループホームでの「看護師」業務／月2勤務／1勤務実働2時間程...新着,株式会社Grace訪問看護ステーションブロッサム,埼玉県,"時給2,500円",アルバイト・パート,看護,求人ボックス,https://xn--pckua2a7gp15o89zb.com/jb/e48d7a42775070e208c3d29e43d0f52c,True,8時間前,2026-09-19 04:10:57,埼玉県
看護師・社会保険完備の職場で看護師／准看護師新着,晴れるや訪問看護ステーション,埼玉県,"時給1,800円～",アルバイト・パート,看護,求人ボックス,https://xn--pckua2a7gp15o89zb.com/jb/a6815a944b92f88bb61698dea0a6d1ea,True,6時間前,2026-09-19 04:11:01,埼玉県
訪問入浴勤務看護師・社会保険完備の職場で看護師／准看護師新着,ふくしのまち西入間,埼玉県,"時給1,550円",アルバイト・パート,看護,求人ボックス,https://xn--pckua2a7gp15o89zb.com/jb/54c703574006c284083bae82291fcff7,True,6時間前,2026-09-19 04:11:01,埼玉県
保育園の看護師／土日祝休み／4時間の短時間／残業なし／シニア活躍中新着,こびとの森保育園,埼玉県,"時給1,700円",アルバイト・パート,看護,求人ボックス,https://xn--pckua2a7gp15o89zb.com/jb/9b41597881db56282911d4b673f9c179,True,5時間前,2026-09-19 04:11:01,埼玉県
看護師のアシスタントとして活躍しませんか新着,有限会社仁,埼玉県,日給2万円～,アルバイト・パート,看護,求人ボックス,https://xn--pckua2a7gp15o89zb.com/jb/de51466e11600ab1b489a473edfb6249,True,2時間前,2026-09-19 04:11:04,埼玉県
診療所・クリニックの看護師／准看護師新着,湘南美容クリニック浦和院,埼玉県,月給35万円～40万円,契約社員,看護,求人ボックス,https://xn--pckua2a7gp15o89zb.com/jb/7f0766e3d2773e2908fd89ac39828f26,True,6時間前,2026-09-19 04:11:07,埼玉県
看護師／非常勤新着,グッドタイム リビング 埼玉蓮田,埼玉県,"時給1,712円",アルバイト・パート,看護,求人ボックス,https://xn--pckua2a7gp15o89zb.com/jb/57d8f9d0c0c854b3a209f719e8746092,True,20時間前,2026-09-19 04:11:14,埼玉県
夜勤専従看護師・看護師／准看護師・ボーナス・賞与あり新着,ショートステイ あすなろふじみ野,埼玉県,"日給3万4,000円",アルバイト・パート,看護,求人ボックス,https://xn--pckua2a7gp15o89zb.com/jb/66cd14ebc3275d704b188ee548d6545d,True,6時間前,2026-09-19 04:11:18,埼玉県
介護施設の看護師／准看護師新着,SOMPOケア ラヴィーレ大宮弐番館,埼玉県,"月給24万9,000円",正社員,看護,求人ボックス,https://xn--pckua2a7gp15o89zb.com/jb/b917170e8127bfa3975470c54dd7f711,True,6時間前,2026-09-19 04:11:18,埼玉県
看護師／准看護師募集、年齢不問新着,放課後等デイサービスすくすくすてっぷ朝霞店,埼玉県,"時給1,500円～",アルバイト・パート,看護,求人ボックス,https://xn--pckua2a7gp15o89zb.com/jb/8fe8918badef42cddb510f40b8d66954,True,6時間前,2026-09-19 04:11:23,埼玉県
正看護師・社会保険完備の職場で看護師／准看護師新着,SOMPOケア 久喜 訪問看護,埼玉県,"時給1,815円～1,985円",アルバイト・パート,看護,求人ボックス,https://xn--pckua2a7gp15o89zb.com/jb/f69370682d8a3fc85a24067943118ce3,True,6時間前,2026-09-19 04:11:25,埼玉県
介護施設の看護師／准看護師新着,SOMPOケア ラヴィーレ八潮,埼玉県,"月給24万4,800円",正社員,看護,求人ボックス,https://xn--pckua2a7gp15o89zb.com/jb/7296558961dd804241e59cedc539b94f,True,6時間前,2026-09-19 04:11:25,埼玉県
草加営業所／ルート配送ドライバー／頑張り次第で月給35万円可能新着,株式会社和幸流通サービス,埼玉県,月給35万円,正社員,ドライバー,求人ボックス,https://xn--pckua2a7gp15o89zb.com/jbn/c9bac17f85c3f24ab76ecff57dcae189,True,23時間前,2026-09-19 04:11:14,埼玉県
小型トラックドライバー／電設資材の配送／土日祝休み／昇給・賞与有り新着,株式会社セーフティ・プロ,埼玉県,月給25万円,正社員,ドライバー,求人ボックス,https://xn--pckua2a7gp15o89zb.com/jb/eccee948cbb4b24567b5264286210d0f,True,11時間前,2026-09-19 04:11:14,埼玉県
クリニック送迎ドライバー「中高年・シニア活躍中」新着,イメディカ株式会社,埼玉県,"時給1,200円～1,500円",アルバイト・パート,ドライバー,求人ボックス,https://xn--pckua2a7gp15o89zb.com/jb/c2b36ede2d300b19ee7b09bdfc2a307d,True,5時間前,2026-09-19 04:11:15,埼玉県
タクシードライバー「週3勤務」月収50万以上可／普通免許1年でOK新着,<関連職種>役員運転手/送迎,埼玉県,"月給51万4,000円",正社員,ドライバー,求人ボックス,https://xn--pckua2a7gp15o89zb.com/jbn/431df46a323b4ea1075b26bf10c372f2,True,9時間前,2026-09-19 04:11:18,埼玉県
日払い可能!小型の配送ドライバー／運べば運ぶほど稼げる 面接1回新着,Jルート株式会社,埼玉県,月給50万円～100万円,,ドライバー,求人ボックス,https://xn--pckua2a7gp15o89zb.com/jb/1c1a6ec4b5ec73bf0d6a7049cbd1dcf4,True,8時間前,2026-09-19 04:11:23,埼玉県
「週3日勤務」芸能関係のタクシードライバー／普通免許でOK新着,ドライバー,埼玉県,"月給51万4,000円",正社員,ドライバー,求人ボックス,https://xn--pckua2a7gp15o89zb.com/jbn/9099d6dbe7c15bfcb3a962c1f73fa8dc,True,12時間前,2026-09-19 04:11:27,埼玉県
日払い可能!小型の配送ドライバー／運べば運ぶほど稼げる 面接1回新着,JCSロジスコ株式会社,埼玉県,月給50万円～100万円,,ドライバー,求人ボックス,https://xn--pckua2a7gp15o89zb.com/jb/e7e1c94140719ff12ec69a75aca6af02,True,10時間前,2026-09-19 04:11:34,埼玉県
タクシードライバー／「経営者の専属運転手」月収50万以上・週3勤務新着,ドライバー,埼玉県,"月給51万4,000円",正社員,ドライバー,求人ボックス,https://xn--pckua2a7gp15o89zb.com/jbn/48ce7ed7c3412a1f2b2d43ed15ffc46d,True,9時間前,2026-09-19 04:11:34,埼玉県
「異業種からの転職歓迎」タクシードライバー／週3勤務／月収50万以上新着,経験を活かして始められる,埼玉県,"月給51万4,000円",正社員,ドライバー,求人ボックス,https://xn--pckua2a7gp15o89zb.com/jbn/9f32eb921ae124220278c839dcb6cfe8,True,9時間前,2026-09-19 04:11:41,埼玉県
「夜勤・タクシードライバー」月収50万以上・履歴書不要／普通免許でOK新着,ドライバー,埼玉県,"月給51万4,000円",正社員,ドライバー,求人ボックス,https://xn--pckua2a7gp15o89zb.com/jbn/85b207c50c05ade262f8727a6c693627,True,9時間前,2026-09-19 04:11:44,埼玉県
「愛知県勤務」交通誘導／待遇に自信あり／引っ越しサポートあり・日払い週払い可新着,セキュリティスタッフ株式会社,埼玉県,"日給9,500円",正社員,警備,求人ボックス,https://xn--pckua2a7gp15o89zb.com/jb/fc7f0367605241591181b2f50c7ce9c2,True,3時間前,2026-09-19 04:11:24,埼玉県
警備スタッフ新着,アイル・コーポレーション株式会社,埼玉県,"時給1,500円～1,875円",契約社員,警備,求人ボックス,https://xn--pckua2a7gp15o89zb.com/jb/9257beeb9d7a551b735f6a73e0f0edb9,True,5時間前,2026-09-19 04:11:25,埼玉県
「異業種からの転職歓迎」タクシードライバー／週3勤務／月収50万以上新着,警備・,埼玉県,"月給47万6,000円",正社員,警備,求人ボックス,https://xn--pckua2a7gp15o89zb.com/jbn/24465e2521d3988da16732ee18b723b5,True,9時間前,2026-09-19 04:11:25,埼玉県
業務管理・欠員の代行／日勤／週休2日新着,株式会社TSビルシステム,埼玉県,"日給1万3,000円",正社員,警備,求人ボックス,https://xn--pckua2a7gp15o89zb.com/jb/52b552276f14aab61d7875bad4c57ecd,True,5時間前,2026-09-19 04:11:29,埼玉県
タクシー乗務員「普通免許のみ」／年収600万円以上／未経験でも高収入／週3出勤／予約が中心新着,...チームワークを大切にしながら現場をまとめるお仕事です。「コツコツ取り組む仕事が好き」「スケジュール通りに進めると達成感がある」という行動力のある方を募集しています。倉庫軽作業、配送ドライバー、,埼玉県,月給45万円～80万円,正社員,警備,求人ボックス,https://xn--pckua2a7gp15o89zb.com/jbn/97fc82a36767f9dd69874d81d10fc339,True,9時間前,2026-09-19 04:11:29,埼玉県
「高収入」送迎運転手「普通免許のみ」／VIP送迎ドライバー／年収600万円以上／予約が中心新着,...チームワークを大切にしながら現場をまとめるお仕事です。「コツコツ取り組む仕事が好き」「スケジュール通りに進めると達成感がある」という行動力のある方を募集しています。倉庫軽作業、配送ドライバー、,埼玉県,月給50万円～80万円,正社員,警備,求人ボックス,https://xn--pckua2a7gp15o89zb.com/jbn/1a9ba34037bfe5d48b3c9f3fedf04380,True,9時間前,2026-09-19 04:11:33,埼玉県
「著名人のタクシードライバー」未経験OK・月収50万円以上／週3日勤務／20代～50代が多数活躍中新着,警備員,埼玉県,"月給47万6,000円",正社員,警備,求人ボックス,https://xn--pckua2a7gp15o89zb.com/jbn/4979bc9a24f752a41e200abee8b7b27f,True,11時間前,2026-09-19 04:11:37,埼玉県
タクシードライバー／「タレントやスポーツ選手等の送迎」週3日勤務／未経験OK・月収50万円以上新着,警備員,埼玉県,"月給51万4,000円",正社員,警備,求人ボックス,https://xn--pckua2a7gp15o89zb.com/jbn/f23ce89ab09594384dd430c36ff77755,True,12時間前,2026-09-19 04:11:44,埼玉県
「アプリ配車タクシードライバー・週3勤務」20代活躍中／月収40万以上／普通免許でOK新着,警備員,埼玉県,"月給47万6,000円",正社員,警備,求人ボックス,https://xn--pckua2a7gp15o89zb.com/jbn/fb3d649d5986b7b3091eddf4420288ef,True,9時間前,2026-09-19 04:11:50,埼玉県
「夜勤・アプリ配車タクシードライバー」二種免許不要／月収40万以上／未経験歓迎新着,警備員,埼玉県,"月給47万4,000円",正社員,警備,求人ボックス,https://xn--pckua2a7gp15o89zb.com/jbn/f52aae9912f95152a4c6908d5c9e4dc2,True,9時間前,2026-09-19 04:11:50,埼玉県
「夜勤・空港タクシードライバー」月収50万以上・ボーナスあり／普通免許のみOK新着,警備員,埼玉県,"月給51万4,000円",正社員,警備,求人ボックス,https://xn--pckua2a7gp15o89zb.com/jbn/67ccf04966e35213635e080207da1289,True,9時間前,2026-09-19 04:11:53,埼玉県
製造スタッフ新着,株式会社東都ラバーインダストリー,埼玉県,月給25万円～30万円,正社員,製造,求人ボックス,https://xn--pckua2a7gp15o89zb.com/jb/31be7f3f2126b06ef9024dc1f1ed061a,True,3時間前,2026-09-19 04:11:30,埼玉県
製造スタッフ／ブランクOK／無料寮完備／倉庫／かんたん作業／製造新着,株式会社tocca,埼玉県,月給30万円～34万円,正社員,製造,求人ボックス,https://xn--pckua2a7gp15o89zb.com/jbn/26d0b7b5d7af423c2c90f3ab23e02b5c,True,19時間前,2026-09-19 04:11:32,埼玉県
製造スタッフ／車・航空機製造／ライン作業 エンジン部品の製造 高収入新着,株式会社AKATSUKI,埼玉県,"月給38万6,000円",正社員,製造,求人ボックス,https://xn--pckua2a7gp15o89zb.com/jb/113f21d5eaea41feb6b62d40288a717b,True,5時間前,2026-09-19 04:11:32,埼玉県
「未経験OKの工場ワーク!」／キャラクターグラスの製造スタッフ新着,製造,埼玉県,"月給37万6,000円",正社員,製造,求人ボックス,https://xn--pckua2a7gp15o89zb.com/jbn/af25f4d886e3fded6ba62e450236e3cf,True,12時間前,2026-09-19 04:11:32,埼玉県
製造スタッフ／機械操作と検品・梱包／時給1600円／未経験OK新着,株式会社D&Dキャリアスタッフ,埼玉県,時給1600円,派遣社員,製造,求人ボックス,https://xn--pckua2a7gp15o89zb.com/jb/54054adfadb0f9aabec3f0ef4a998297,True,22時間前,2026-09-19 04:11:32,埼玉県
旋盤加工の教育・製造スタッフ／旋盤加工の経験を活かして働ける新着,株式会社イカイプロダクト,埼玉県,"時給2,600円～3,250円",派遣社員,製造,求人ボックス,https://xn--pckua2a7gp15o89zb.com/jbn/4b3b780b6b1c69dd30d64f02a864b354,True,20時間前,2026-09-19 04:11:32,埼玉県
「正社員として長く働く!」／アニメ柄ブックカバーの製造スタッフ新着,製造,埼玉県,"月給41万1,000円",正社員,製造,求人ボックス,https://xn--pckua2a7gp15o89zb.com/jbn/282b46aaf3d46f8c19d951b860169f55,True,12時間前,2026-09-19 04:11:32,埼玉県
「未経験OKの工場ワーク!」／アニメ映画特典カードの製造スタッフ新着,製造,埼玉県,"月給36万6,000円",正社員,製造,求人ボックス,https://xn--pckua2a7gp15o89zb.com/jbn/ead57c26c687064bf5609ebc5f151e29,True,12時間前,2026-09-19 04:11:36,埼玉県
梱包資材／段ボール／の製造スタッフ新着,モスト技研株式会社 埼玉工場,埼玉県,月給22万円～28万円,正社員,製造,求人ボックス,https://xn--pckua2a7gp15o89zb.com/jb/8f0b99b78119495edfb3d4dd91a0b76b,True,18時間前,2026-09-19 04:11:36,埼玉県
「正社員で安定収入!」／アニメキャラスタンドパネルの製造スタッフ新着,製造,埼玉県,"月給39万1,000円",正社員,製造,求人ボックス,https://xn--pckua2a7gp15o89zb.com/jbn/4a4e44b0bd8d6e78562e301e08834462,True,12時間前,2026-09-19 04:11:41,埼玉県
「初めての正社員に!」／アニメコラボ菓子箱の製造スタッフ／未経験歓迎新着,製造,埼玉県,"月給43万6,000円",正社員,製造,求人ボックス,https://xn--pckua2a7gp15o89zb.com/jbn/4498305082b7a6e50cd364c0014986b3,True,12時間前,2026-09-19 04:11:41,埼玉県
「正社員として長く働く!」／カードゲーム用カウンターの製造スタッフ新着,製造,埼玉県,"月給37万1,000円",正社員,製造,求人ボックス,https://xn--pckua2a7gp15o89zb.com/jbn/d5c9ddc063bbc0b16d4a0e0d65eed425,True,12時間前,2026-09-19 04:11:41,埼玉県
「正社員として長く働く!」／ゲームイベント缶ケースの製造スタッフ新着,製造,埼玉県,"月給42万1,000円",正社員,製造,求人ボックス,https://xn--pckua2a7gp15o89zb.com/jbn/5d5f9e03b109cfa4127d66f0316ee6f1,True,12時間前,2026-09-19 04:11:41,埼玉県
「正社員で安定収入!」／キャラクタータンブラーの製造スタッフ新着,製造,埼玉県,"月給43万1,000円",正社員,製造,求人ボックス,https://xn--pckua2a7gp15o89zb.com/jbn/1ce38aec521a5c45bf42bb35cb4036e6,True,12時間前,2026-09-19 04:11:41,埼玉県
「正社員で安定収入!」／キャラクター卓上カレンダーの製造スタッフ新着,製造,埼玉県,"月給35万1,000円",正社員,製造,求人ボックス,https://xn--pckua2a7gp15o89zb.com/jbn/b66f0eea547978b69aeb5d211a664215,True,12時間前,2026-09-19 04:11:44,埼玉県
車・航空機製造／検査／製造スタッフ 即日入社 寮費無料／自動車エンジン...新着,ジョブストア株式会社,埼玉県,月給29万円～38万円,正社員,製造,求人ボックス,https://xn--pckua2a7gp15o89zb.com/jb/3b44bcbe539f07a59e1da74319b67a44,True,4時間前,2026-09-19 04:11:44,埼玉県
「EVモーターの製造」若手スタッフ多数／二交代・夜勤あり／無料社宅あり新着,AspiRove株式会社,埼玉県,月給34万円,正社員,製造,求人ボックス,https://xn--pckua2a7gp15o89zb.com/jb/b7bd74f013e7c8c7ec63186d8d223e06,True,22時間前,2026-09-19 04:11:47,埼玉県
「丁寧さを活かせる!」お土産用お菓子の製造スタッフ／20代から30代活...新着,株式会社日本ケイテム,埼玉県,"時給1,200円～",アルバイト・パート,製造,求人ボックス,https://xn--pckua2a7gp15o89zb.com/jbn/e178a09d05cbb7b552a1f2c275962a74,True,20時間前,2026-09-19 04:11:50,埼玉県
「初めての正社員に!」／ゲームキャラクリアポーチの製造スタッフ新着,製造,埼玉県,"月給39万6,000円",正社員,製造,求人ボックス,https://xn--pckua2a7gp15o89zb.com/jbn/d2973e1297ddfc9cf37567f4bc8a0559,True,12時間前,2026-09-19 04:11:50,埼玉県
「高収入を目指せる!」／製造スタッフ／未経験歓迎／安定収入新着,製造,埼玉県,月給27万円～33万円,正社員,製造,求人ボックス,https://xn--pckua2a7gp15o89zb.com/jbn/f53730f2bfae06f121382ba0cc585c18,True,14時間前,2026-09-19 04:11:50,埼玉県
製造スタッフ／未経験者OK／週休2日制／年間休日122日／昇給年1回新着,株式会社Lazy Bacchus,埼玉県,月給20万円,正社員,製造,求人ボックス,https://xn--pckua2a7gp15o89zb.com/jb/78980c9ae22932b83c4b9913c66aa0fc,True,4時間前,2026-09-19 04:11:57,埼玉県
「電子機器の製造スタッフ」家賃タダの寮完備／見本通りにやるだけ新着,製造,埼玉県,月給30万円～34万円,正社員,製造,求人ボックス,https://xn--pckua2a7gp15o89zb.com/jbn/db33e453b13e1fbd24a1da27a14790e2,True,16時間前,2026-09-19 04:12:01,埼玉県
「電子機器の製造スタッフ」家賃タダの寮完備／お手本通りで安心新着,製造,埼玉県,月給30万円～34万円,正社員,製造,求人ボックス,https://xn--pckua2a7gp15o89zb.com/jbn/b6b795f1dff423fca0f36ff32eabcaf1,True,16時間前,2026-09-19 04:12:01,埼玉県
モクモク作業が好きな方へ!／ショルダーベルト金具の製造スタッフ新着,製造,埼玉県,"月給44万2,000円",正社員,製造,求人ボックス,https://xn--pckua2a7gp15o89zb.com/jbn/a7af8eb6b30c544d3a9fa6efbf82c2cb,True,10時間前,2026-09-19 04:12:01,埼玉県
「落ち着いた環境で進められる作業」／製造スタッフ／経験不問／週末休み新着,製造,埼玉県,月給27万円～33万円,正社員,製造,求人ボックス,https://xn--pckua2a7gp15o89zb.com/jbn/054b7f5ff5d736ae09f88a8f952afc85,True,12時間前,2026-09-19 04:12:01,埼玉県
「男女ともに活躍中」／製造スタッフ／未経験歓迎／月給30万円可能新着,製造,埼玉県,月給30万円,正社員,製造,求人ボックス,https://xn--pckua2a7gp15o89zb.com/jbn/b8fb380985377f3fa4ef0609456842ea,True,14時間前,2026-09-19 04:12:01,埼玉県
「研修ありで安心デビュー」／電動歯ブラシヘッドの製造スタッフ新着,製造,埼玉県,"月給34万5,000円",正社員,製造,求人ボックス,https://xn--pckua2a7gp15o89zb.com/jbn/416ba7ac0010da386b60c769171b91f3,True,13時間前,2026-09-19 04:12:01,埼玉県
病院施設の清掃スタッフ新着,有限会社戸口工業,埼玉県,"時給1,300円",アルバイト・パート,清掃,求人ボックス,https://xn--pckua2a7gp15o89zb.com/jb/a26d59ae8a479525fcc29c663198bf7f,True,17時間前,2026-09-19 04:11:48,埼玉県
体育館の清掃スタッフ／週2日から勤務可／お昼までの短時間／女性活躍中新着,アイル・コーポレーション株式会社,埼玉県,"時給1,196円",アルバイト・パート,清掃,求人ボックス,https://xn--pckua2a7gp15o89zb.com/jb/26987f048ba434258fbcf74494942c4b,True,17時間前,2026-09-19 04:11:48,埼玉県
日常清掃スタッフ／公共施設／扶養内勤務可／年齢不問／未経験OK新着,株式会社エヌテックサービス,埼玉県,"時給1,196円",アルバイト・パート,清掃,求人ボックス,https://xn--pckua2a7gp15o89zb.com/jb/85ddca320d9411509bfc19100c4ed648,True,5時間前,2026-09-19 04:11:48,埼玉県
空調清掃スタッフ新着,八翔ビル管理株式会社,埼玉県,"日給1万1,000円",アルバイト・パート,清掃,求人ボックス,https://xn--pckua2a7gp15o89zb.com/jb/4e1f5fde68db1eba8843e99bcedc1ccb,True,20時間前,2026-09-19 04:11:48,埼玉県
清掃スタッフ新着,Olympic武蔵浦和店,埼玉県,"時給1,300円",アルバイト・パート,清掃,求人ボックス,https://xn--pckua2a7gp15o89zb.com/jb/ebba079cca2cab47bd9c9a967036a5df,True,8時間前,2026-09-19 04:11:48,埼玉県
未経験可の大型施設内清掃スタッフ新着,有限会社アールシーサポート,埼玉県,"時給1,250円",アルバイト・パート,清掃,求人ボックス,https://xn--pckua2a7gp15o89zb.com/jb/1d94d392de69f87d6628d167ef70e6eb,True,17時間前,2026-09-19 04:11:48,埼玉県
企業内清掃スタッフ／午前のみ／週3日勤務新着,株式会社アゼル,埼玉県,"時給1,300円",アルバイト・パート,清掃,求人ボックス,https://xn--pckua2a7gp15o89zb.com/jb/4e53770da01e6e55e8edbcae48d5f6d0,True,11時間前,2026-09-19 04:11:48,埼玉県
ビル内の日常清掃スタッフ／未経験歓迎新着,埼玉美装株式会社,埼玉県,"時給1,150円",アルバイト・パート,清掃,求人ボックス,https://xn--pckua2a7gp15o89zb.com/jb/aa3592f7a09751eb6a3681acec624e50,True,5時間前,2026-09-19 04:11:48,埼玉県
ビル清掃スタッフ新着,株式会社ビルテクノマイニチ,埼玉県,"時給1,200円",アルバイト・パート,清掃,求人ボックス,https://xn--pckua2a7gp15o89zb.com/jb/a28e70c0328f5d5553e9779aacddf0e1,True,20時間前,2026-09-19 04:11:48,埼玉県
深夜のファミレス巡回清掃スタッフ新着,すかいらーくD&M所沢市・東村山市エリア,埼玉県,"時給1,533円～",アルバイト・パート,清掃,求人ボックス,https://xn--pckua2a7gp15o89zb.com/jb/c7c7c94892f831d4f16b3913dc520667,True,10時間前,2026-09-19 04:11:48,埼玉県
老舗うなぎ屋での清掃スタッフ／週3日～／未経験者歓迎新着,有限会社萬店／うらわのうなぎ 萬店,埼玉県,"時給1,175円～",アルバイト・パート,清掃,求人ボックス,https://xn--pckua2a7gp15o89zb.com/jb/647e7ea06f16c2fdd590c1be2d33cbf3,True,10時間前,2026-09-19 04:11:48,埼玉県
清掃スタッフ／ダスキンヘルスケア 丸山記念総合病院新着,株式会社ダスキンヘルスケア,埼玉県,"時給1,196円",アルバイト・パート,清掃,求人ボックス,https://xn--pckua2a7gp15o89zb.com/jb/1b874983a8d5b25441475bb2500becca,True,37分前,2026-09-19 04:11:48,埼玉県
清掃スタッフ「パート・アルバイト」／そよ風公式新着,株式会社SOYOKAZE,埼玉県,"時給1,141円",アルバイト・パート,清掃,求人ボックス,https://xn--pckua2a7gp15o89zb.com/jb/e7b984c52326ef38de4f2a0c0a2e9b6f,True,2時間前,2026-09-19 04:11:48,埼玉県
スーパーの清掃スタッフ／ベルク 古河中田店新着,株式会社ベルク,埼玉県,"時給1,160円",アルバイト・パート,清掃,求人ボックス,https://xn--pckua2a7gp15o89zb.com/jb/c6243d54799cb2495279789466e05712,True,5時間前,2026-09-19 04:11:51,埼玉県
清掃スタッフ／シニア活躍中!2026年4月OPEN!オープニングスタッ...新着,ADEKAライフクリエイト株式会社,埼玉県,"時給1,196円～",アルバイト・パート,清掃,求人ボックス,https://xn--pckua2a7gp15o89zb.com/jb/d029accd953d0dd9ea60db6c5e592a8f,True,7時間前,2026-09-19 04:11:51,埼玉県
公共施設の清掃スタッフ新着,綜合ビルメンテナンス 株式会社ショービ,埼玉県,"時給1,196円",アルバイト・パート,清掃,求人ボックス,https://xn--pckua2a7gp15o89zb.com/jb/b49dbb34c6f4e9289273113744dd352b,True,5時間前,2026-09-19 04:11:51,埼玉県
清掃スタッフ新着,株式会社ウィルエージェンシー 大宮,埼玉県,"時給1,200円～",アルバイト・パート,清掃,求人ボックス,https://xn--pckua2a7gp15o89zb.com/jb/c777c1cb7f4e9f266d2b6ac6e4b3cacc,True,12時間前,2026-09-19 04:11:51,埼玉県
「工場内の清掃スタッフ」履歴書不要のカンタンWEB応募!日払いOK!新着,株式会社CAREER,埼玉県,"時給1,300円～1,500円",派遣社員,清掃,求人ボックス,https://xn--pckua2a7gp15o89zb.com/jb/b3159ba61e3d5b5ad2075592841c9edf,True,9時間前,2026-09-19 04:11:51,埼玉県
看護専門学校内清掃スタッフ／東武ビルマネジメント／獨協医科大学附属看護...新着,東武ビルマネジメント株式会社,埼玉県,"時給1,200円",アルバイト・パート,清掃,求人ボックス,https://xn--pckua2a7gp15o89zb.com/jb/1f885ffb1a1cc9c8f813bc830b8e0e50,True,5時間前,2026-09-19 04:11:51,埼玉県
ペットショップの清掃・店舗スタッフ／ペットフォレスト小平店未経験歓迎新着,株式会社犬の家 ペットフォレスト小平店,埼玉県,月給22万円～30万円,正社員,清掃,求人ボックス,https://xn--pckua2a7gp15o89zb.com/jbn/f9ce14bd5f40f78da966fd8f7e786405,True,21時間前,2026-09-19 04:11:51,埼玉県
マンションの清掃スタッフ新着,東急ビルメンテナンス株式会社,埼玉県,"時給1,280円",アルバイト・パート,清掃,求人ボックス,https://xn--pckua2a7gp15o89zb.com/jb/ac5d848b2f6eef066de4780d7ab1d9cd,True,3時間前,2026-09-19 04:11:51,埼玉県
スーパーの清掃スタッフ新着,アイング株式会社 清掃部 イトーヨーカドー大宮宮...,埼玉県,"時給1,145円～",アルバイト・パート,清掃,求人ボックス,https://xn--pckua2a7gp15o89zb.com/jb/205ca9f63fa346e41d0f085980c12e06,True,16時間前,2026-09-19 04:11:55,埼玉県
排水管洗浄・定期清掃スタッフ新着,美-ing株式会社,埼玉県,月給25万円～30万円,正社員,清掃,求人ボックス,https://xn--pckua2a7gp15o89zb.com/jb/6af77b35751a0f8ef502557d1a661392,True,10時間前,2026-09-19 04:11:55,埼玉県
館内清掃・リネン洗濯スタッフ新着,株式会社東洋食品PFI管理部,埼玉県,"時給1,150円～",アルバイト・パート,清掃,求人ボックス,https://xn--pckua2a7gp15o89zb.com/jb/77335bf9a84fa1f11dd579366e2c163a,True,4時間前,2026-09-19 04:11:55,埼玉県
マンション共用部等の清掃スタッフ新着,東葉ビル管理株式会社,埼玉県,"時給1,350円",アルバイト・パート,清掃,求人ボックス,https://xn--pckua2a7gp15o89zb.com/jb/637019056add4eca96d3c9289d87ae77,True,7時間前,2026-09-19 04:11:55,埼玉県
清掃スタッフ・清掃／環境整備新着,有料老人ホームはなあかり,埼玉県,"時給1,200円～",アルバイト・パート,清掃,求人ボックス,https://xn--pckua2a7gp15o89zb.com/jb/2470c5e8ba2ae79fbf2feb4b511162a7,True,6時間前,2026-09-19 04:11:55,埼玉県
マンションの管理員・清掃スタッフ新着,南海ビルサービス株式会社,埼玉県,"時給1,300円",アルバイト・パート,清掃,求人ボックス,https://xn--pckua2a7gp15o89zb.com/jb/93990ee6d0f249891d4af19911f09e83,True,3時間前,2026-09-19 04:11:55,埼玉県
ホテルのルーム清掃スタッフ新着,株式会社太平 ホテルエルアンドエル草加,埼玉県,"時給1,196円～1,545円",アルバイト・パート,清掃,求人ボックス,https://xn--pckua2a7gp15o89zb.com/jb/f40c6171481ceab59575c0a04705ef3d,True,10時間前,2026-09-19 04:11:58,埼玉県
清掃員・掃除スタッフ新着,株式会社ダスキンヘルスケア 丸山記念総合病院,埼玉県,"時給1,196円",アルバイト・パート,清掃,求人ボックス,https://xn--pckua2a7gp15o89zb.com/jb/df5fbb8ac49a81b5d2b0e6ffc684621b,True,14時間前,2026-09-19 04:11:58,埼玉県
「住み込み」クルーズ船清掃スタッフ／国内外を巡るレアバイト／短期OK新着,株式会社GROW AGENCY,埼玉県,"時給1,500円～1,875円",アルバイト・パート,清掃,求人ボックス,https://xn--pckua2a7gp15o89zb.com/jb/ce39716774abc527e209c8785d8550b0,True,8時間前,2026-09-19 04:11:58,埼玉県
清掃スタッフ／幅広い年代の方が活躍中／未経験&ブランクOK新着,株式会社グッドジョブ,埼玉県,"時給1,300円～",アルバイト・パート,清掃,求人ボックス,https://xn--pckua2a7gp15o89zb.com/jb/71e02943a854d03c49edd6fa269d754a,True,13時間前,2026-09-19 04:11:58,埼玉県
病院内外の清掃スタッフ／週1出勤OK!ライフスタイルに合わせて働けます新着,日本環境マネジメント株式会社,埼玉県,"時給1,180円",アルバイト・パート,清掃,求人ボックス,https://xn--pckua2a7gp15o89zb.com/jb/c15d8cdbc940252ad3e0946a863fafce,True,13時間前,2026-09-19 04:11:58,埼玉県
浦和区高砂での日常清掃／週3日／未経験歓迎／浦和駅徒歩10分新着,極東ビル管理株式会社,埼玉県,"時給1,300円",アルバイト・パート,清掃,求人ボックス,https://xn--pckua2a7gp15o89zb.com/jb/1e8fd80c529c1169f0ef1d79a5879138,True,5時間前,2026-09-19 04:11:58,埼玉県
マンション管理員新着,中浦和サニーコート,埼玉県,"時給1,400円",アルバイト・パート,清掃,求人ボックス,https://xn--pckua2a7gp15o89zb.com/jb/5129cec79e783c5c2203d5d77d00a375,True,5時間前,2026-09-19 04:11:58,埼玉県
屋内温水プール監視員 フルタイム新着,株式会社サンアメニティ,埼玉県,月給24万円～28万円,契約社員,清掃,求人ボックス,https://xn--pckua2a7gp15o89zb.com/jb/d97a7ac547da55576e4a756508a75dd7,True,9時間前,2026-09-19 04:11:58,埼玉県
クリニックの日常清掃／志木駅徒歩5分クリニックの日常清掃!7:00～10:00・週3日勤務火木土!新着,大栄管理株式会社,埼玉県,"時給1,141円～",アルバイト・パート,清掃,求人ボックス,https://xn--pckua2a7gp15o89zb.com/jb/63de9ff22bd586a0d8bb318004deb31e,True,9時間前,2026-09-19 04:12:01,埼玉県
ケアセンター内清掃／未経験者大歓迎／週3日〜、扶養内勤務OK新着,株式会社テクノ・サービス,埼玉県,"時給1,300円～",派遣社員,清掃,求人ボックス,https://xn--pckua2a7gp15o89zb.com/jbn/8df436d0eb7c00243db8b659498e8e1b,True,19時間前,2026-09-19 04:12:01,埼玉県
社会保険完備の職場で歯科衛生士新着,たけべ歯科,埼玉県,月給30万円～,正社員,清掃,求人ボックス,https://xn--pckua2a7gp15o89zb.com/jb/636f17fb5ec0854726b88366d2400fa6,True,6時間前,2026-09-19 04:12:01,埼玉県
見守りスタッフ 障がい者グループホーム勤務 夜勤専属 未経験可 週1回から勤務 髪型髪色自由新着,ミナノワ株式会社,埼玉県,"時給1,206円",アルバイト・パート,清掃,求人ボックス,https://xn--pckua2a7gp15o89zb.com/jb/2d3bfa0da9c76d4bf7aa32e8a0c76345,True,3時間前,2026-09-19 04:12:01,埼玉県
介護職新着,創生会グループ,埼玉県,日給3万円,アルバイト・パート,清掃,求人ボックス,https://xn--pckua2a7gp15o89zb.com/jb/f611b94be5185ce583d22d0c8c83d5ca,True,8時間前,2026-09-19 04:12:01,埼玉県
レストラン・専門料理店／主婦・主夫歓迎／まかない・食事補助あり／社会保険完備新着,株式会社C・B・H,埼玉県,月給22万円～30万円,正社員,清掃,求人ボックス,https://xn--pckua2a7gp15o89zb.com/jbn/000cc1cddf493c564275820d13ed49dc,True,13時間前,2026-09-19 04:12:04,埼玉県
レストラン・専門料理店／学歴不問／主婦・主夫歓迎／経験者活躍中新着,株式会社ビーケー・ジャパン,埼玉県,"月給24万3,000円",正社員,清掃,求人ボックス,https://xn--pckua2a7gp15o89zb.com/jbn/e96d010674d8819f8e6d66af46d11c49,True,13時間前,2026-09-19 04:12:04,埼玉県
レストラン・専門料理店／社会保険完備／週休2日制／経験不問新着,株式会社コーフク,埼玉県,月給25万円～34万円,正社員,清掃,求人ボックス,https://xn--pckua2a7gp15o89zb.com/jbn/aa60765141a4a53e041cfecdca3f5649,True,12時間前,2026-09-19 04:12:04,埼玉県
病院で日常清掃のお仕事新着,株式会社サン・クリーンサービス,埼玉県,"時給1,150円",アルバイト・パート,清掃,求人ボックス,https://xn--pckua2a7gp15o89zb.com/jb/6e1b8e4e8d52bfbc9ac0d5d35efdfdaa,True,18時間前,2026-09-19 04:12:04,埼玉県
ビルメンテナンス・設備管理のルート営業／ノルマなし・新規開拓なし新着,東京美装興業株式会社,埼玉県,月給23万円,正社員,清掃,求人ボックス,https://xn--pckua2a7gp15o89zb.com/jb/77a3823aff5a2f5e48f8535eeb33fa56,True,13時間前,2026-09-19 04:12:04,埼玉県
幅広い技術が身につく現場です／建築現場の内装スタッフ／サポート業務／未経験OK／年間休日130日新着,株式会社ジェイワン,埼玉県,"月給25万3,100円",正社員,清掃,求人ボックス,https://xn--pckua2a7gp15o89zb.com/jbn/aded954c38575a0635861631bb7d938a,True,20時間前,2026-09-19 04:12:04,埼玉県
20代活躍中／ホールスタッフ 上場企業・全国500店舗を展開する大手飲食企業新着,...調理業務を中心とした各種業務をお任せいたします。<仕事内容>・キッチン内で仕込み、盛り付け、調理・料理と飲み物の配膳、片付け(バッシング)、ホール内の,埼玉県,年収300万円～400万円,正社員,清掃,求人ボックス,https://xn--pckua2a7gp15o89zb.com/jbn/5b384df0d55cfee3a3d2fb94b2db4284,True,19時間前,2026-09-19 04:12:04,埼玉県
イオンモール浦和美園 子供服販売スタッフ募集新着,株式会社ウィルオブ・ワーク,埼玉県,"時給1,290円～1,450円",派遣社員,清掃,求人ボックス,https://xn--pckua2a7gp15o89zb.com/jb/93a7eb19990d7a600ade02a7f8be0abb,True,22時間前,2026-09-19 04:12:08,埼玉県
「看護補助スタッフ」髪色自由／社会保険完備／20-50代活躍中／退職金制度あり新着,東和病院,埼玉県,月給24万円～26万円,正社員,清掃,求人ボックス,https://xn--pckua2a7gp15o89zb.com/jbn/ebab30def4fde05ebce16c65c2a00f84,True,9時間前,2026-09-19 04:12:08,埼玉県
レストラン・専門料理店／社会保険完備／フリーター歓迎／経験不問新着,株式会社トリドールホールディングス,埼玉県,月給23万円～30万円,正社員,清掃,求人ボックス,https://xn--pckua2a7gp15o89zb.com/jbn/fd5213f2290c951e8e078601d84d939c,True,12時間前,2026-09-19 04:12:08,埼玉県
介護施設の調理師／月収25万円以上可能／賞与年2回／交通費支給／駐車場完備／主婦歓迎新着,お仕事内容 利用者さま向けの食事調理 食材の仕込みや下ごしらえ  盛り付け、配膳準備 食器洗浄や厨房内の,埼玉県,月給25万円～27万円,正社員,清掃,求人ボックス,https://xn--pckua2a7gp15o89zb.com/jbn/2bc63b910ee828d4f94d308021544e39,True,13時間前,2026-09-19 04:12:08,埼玉県
「子育て世代にやさしい働き方」／学校給食センターの調理師／長期休みあり／福利厚生充実／主婦歓迎新着,食器洗浄や,埼玉県,月給25万円～27万円,正社員,清掃,求人ボックス,https://xn--pckua2a7gp15o89zb.com/jbn/c264373687e1e4b68bb8077a2c7c39f2,True,13時間前,2026-09-19 04:12:08,埼玉県
「資格を活かして再スタート」／介護施設の調理師／アットホームな職場／駐車場完備／まかないあり新着,お仕事内容 利用者さま向けの食事調理 食材の仕込みや下ごしらえ  盛り付け、配膳準備 食器洗浄や厨房内の,埼玉県,月給25万円～27万円,正社員,清掃,求人ボックス,https://xn--pckua2a7gp15o89zb.com/jbn/e01c884bca5a7b2d081beb9f1398b2bb,True,13時間前,2026-09-19 04:12:08,埼玉県
「学生に喜ばれる食事づくり」／小学校給食の調理師／食事補助あり／活気ある職場／働きやすい環境新着,お仕事内容 日替わりメニューの調理 食材の仕込み・下ごしらえ  盛り付けや提供準備 食器の洗浄や厨房内の,埼玉県,月給25万円～27万円,正社員,清掃,求人ボックス,https://xn--pckua2a7gp15o89zb.com/jbn/7f7ca48ffbd2d0350949a3f63b4a1539,True,13時間前,2026-09-19 04:12:11,埼玉県
「毎日の“おいしい”を支える調理のお仕事」／社員食堂の調理師／子育て応援／駅チカ／賞与あり／主婦歓迎新着,お仕事内容 日替わりメニューの調理対応 食材の下処理や仕込み作業 盛り付け、提供準備 食器の洗浄や厨房内の,埼玉県,月給25万円～27万円,正社員,清掃,求人ボックス,https://xn--pckua2a7gp15o89zb.com/jbn/6db1b9322d08abf755126200b622492f,True,13時間前,2026-09-19 04:12:11,埼玉県
レストラン・専門料理店／シフト制／週休2日制／ブランクOK新着,ワタミ株式会社,埼玉県,"月給21万5,000円",正社員,清掃,求人ボックス,https://xn--pckua2a7gp15o89zb.com/jbn/56b371a7ea21056e0037f7f9fa817755,True,13時間前,2026-09-19 04:12:11,埼玉県
「大手法人で安定勤務!」／福祉施設の調理師／年間休日110日以上／マイカー通勤OK／主婦歓迎新着,食器洗浄や厨房内の,埼玉県,月給25万円～27万円,正社員,清掃,求人ボックス,https://xn--pckua2a7gp15o89zb.com/jbn/d86608fab7566a86264be02fadb4346c,True,13時間前,2026-09-19 04:12:11,埼玉県
レストラン・専門料理店新着,株式会社ギフト,埼玉県,"月給23万3,700円",正社員,清掃,求人ボックス,https://xn--pckua2a7gp15o89zb.com/jbn/f5b98b6d1b5019bb44bfecc7cc39d732,True,13時間前,2026-09-19 04:12:11,埼玉県
お弁当・お惣菜の製造／シフト自由／ブランクOK／昇給あり新着,コメックス株式会社 「白岡工場」,埼玉県,"月給19万5,000円",正社員,清掃,求人ボックス,https://xn--pckua2a7gp15o89zb.com/jbn/929638adbfd15d3b5b60abbe76f054a3,True,13時間前,2026-09-19 04:12:11,埼玉県
20代～40代活躍中／シャンプーやリンスなどの製造補助／日払い・週払い有り／空調完備／土日祝休み新着,トランコムSC株式会社,埼玉県,"時給1,500円～1,875円",派遣社員,清掃,求人ボックス,https://xn--pckua2a7gp15o89zb.com/jbn/4149b424cb75f4b08de54212708d95a6,True,23時間前,2026-09-19 04:12:11,埼玉県
タクシー乗務員「普通免許のみ」／ドライバー／未経験でも高収入／予約が中心／年収600万円以上新着,車内を清潔に保つための簡単,埼玉県,月給45万円～80万円,正社員,清掃,求人ボックス,https://xn--pckua2a7gp15o89zb.com/jbn/5498881df7fbb211cd209628df14dfb8,True,9時間前,2026-09-19 04:12:14,埼玉県
「トレンド商品に関われる!」／韓国コスメの検品スタッフ／履歴書不要／軽作業／未経験OK新着,株式会社SNJAPAN,埼玉県,月給27万円～34万円,正社員,清掃,求人ボックス,https://xn--pckua2a7gp15o89zb.com/jbn/1677872e50f5f46b2e93088b5819343b,True,16時間前,2026-09-19 04:12:14,埼玉県
学童保育指導員新着,特定非営利法人スマイルキッズ,埼玉県,"時給1,250円～",アルバイト・パート,清掃,求人ボックス,https://xn--pckua2a7gp15o89zb.com/jb/0da3967743ddd0e6342b5586a68555f8,True,7時間前,2026-09-19 04:12:14,埼玉県
ゲームセンタースタッフで接客・商品補充新着,namco イオンモール北戸田店,埼玉県,"時給1,300円～",アルバイト・パート,清掃,求人ボックス,https://xn--pckua2a7gp15o89zb.com/jb/250c112cceceb02cbf296ee166378679,True,21時間前,2026-09-19 04:12:14,埼玉県
「やさしい素材に触れる仕事!」／ルームウェアの製造スタッフ／即勤務OK／シンプル作業／フリーター歓迎新着,株式会社Tetote,埼玉県,月給27万円～34万円,正社員,清掃,求人ボックス,https://xn--pckua2a7gp15o89zb.com/jbn/8be6c2aa4b8961936b8161c588e4940e,True,16時間前,2026-09-19 04:12:14,埼玉県
お子様向け施設スタッフ新着,クレヨンしんちゃん オラの あそべるゆめぱ～く富...,埼玉県,"時給1,250円～",契約社員,清掃,求人ボックス,https://xn--pckua2a7gp15o89zb.com/jb/21502f4cdebf2b8f3eb5129d76df6229,True,21時間前,2026-09-19 04:12:14,埼玉県
建設機械・レンタカー等の整備・点検／KN09新着,株式会社カナモト,埼玉県,月給25万370円,契約社員,清掃,求人ボックス,https://xn--pckua2a7gp15o89zb.com/jbn/cfafd1a72c663d021e048f490ff7d51a,True,18時間前,2026-09-19 04:12:14,埼玉県
歯科衛生士／診療時間18時まで 新卒・第二新卒歓迎・研修制度があるので...新着,医療法人健成会,神奈川県,月給27万円～,正社員,歯科,求人ボックス,https://xn--pckua2a7gp15o89zb.com/jb/a2f76fcb589b46eb09f77c375da6fdb8,True,2時間前,2026-09-19 04:12:18,神奈川県
歯科衛生士／マイカー通勤可／完全週休2日制 18時15分終業新着,医療法人社団安藤歯科医院,神奈川県,月給30万円～,正社員,歯科,求人ボックス,https://xn--pckua2a7gp15o89zb.com/jb/61196929d678e1a929e43bbe82175486,True,2時間前,2026-09-19 04:12:18,神奈川県
歯科衛生士新着,古屋歯科医院,神奈川県,月給27万円～,正社員,歯科,求人ボックス,https://xn--pckua2a7gp15o89zb.com/jb/c9c01e3afb3d0ad43851364f45f3f53c,True,18時間前,2026-09-19 04:12:18,神奈川県
歯科衛生士／完全週休3日や短時間正社員も可能 待遇には自信があります新着,サザンクロス歯科クリニック,神奈川県,月給28万円～40万円,正社員,歯科,求人ボックス,https://xn--pckua2a7gp15o89zb.com/jb/83d9f8880b7ff7c42fbf8f24a5f710c7,True,2時間前,2026-09-19 04:12:18,神奈川県
社会保険完備の職場で歯科衛生士新着,医療法人社団同優会 関原デンタルオフィス,神奈川県,月給28万円～40万円,正社員,歯科,求人ボックス,https://xn--pckua2a7gp15o89zb.com/jb/c377fa68524c930272090a4d6df718a5,True,6時間前,2026-09-19 04:12:18,神奈川県
社会保険完備の職場で歯科衛生士新着,福富歯科クリニック,神奈川県,月給30万円～,正社員,歯科,求人ボックス,https://xn--pckua2a7gp15o89zb.com/jb/7a6c4c5709fb3bee928bf0bb52703b38,True,6時間前,2026-09-19 04:12:18,神奈川県
歯科衛生士新着,えんどう矯正歯科クリニック,神奈川県,月給27万円～,正社員,歯科,求人ボックス,https://xn--pckua2a7gp15o89zb.com/jb/1864925fff2e0fd262e8b385fe707913,True,2時間前,2026-09-19 04:12:18,神奈川県
9月採用募集開始!大学病院での医師の事務サポート新着,株式会社日本教育クリエイト,神奈川県,"月給20万4,600円",派遣社員,歯科,求人ボックス,https://xn--pckua2a7gp15o89zb.com/jbn/f77c443786714614eefc17fd70e0b4b8,True,20時間前,2026-09-19 04:12:19,神奈川県
社会保険完備の職場で管理栄養士／栄養士新着,医療法人社団志翔会 リーフおとなこども歯科湘南台,神奈川県,月給26万円～35万円,正社員,歯科,求人ボックス,https://xn--pckua2a7gp15o89zb.com/jb/47700e885bea10f212fdf05421dcc5d0,True,6時間前,2026-09-19 04:12:19,神奈川県
レセプト業務 ／ 一般事務・OA事務／あんしん長期 レセプト業務 残業なし新着,パーソルテンプスタッフ株式会社,神奈川県,"時給1,700円～1,750円",派遣社員,歯科,求人ボックス,https://xn--pckua2a7gp15o89zb.com/jb/2df9098d556e1ec919fc7d14703a4dd6,True,16時間前,2026-09-19 04:12:19,神奈川県
介護付き有料老人ホームの看護師／ライブラリ相模大野南新着,株式会社リビングプラットフォーム,神奈川県,月給31万円～32万円,正社員,歯科,求人ボックス,https://xn--pckua2a7gp15o89zb.com/jb/391ea0845571d1e8d23e9da4c4f3077a,True,5時間前,2026-09-19 04:12:19,神奈川県
歯科助手／17:00終業なのに週休2.5日制／土曜PM休み／祝日の振替なし／歯科未経験歓迎新着,医療法人慈愛会 大久保歯科医院,神奈川県,月給25万円～,正社員,歯科,求人ボックス,https://xn--pckua2a7gp15o89zb.com/jb/97ff34581e8e4bf19448d575aa5c147d,True,1時間前,2026-09-19 04:12:19,神奈川県
歯科衛生士／地域に密着したのんびりとした雰囲気新着,西門歯科医院,神奈川県,"時給1,800円～",アルバイト・パート,歯科,求人ボックス,https://xn--pckua2a7gp15o89zb.com/jb/b3deeeca6d2a8ec39a1cad00166dcb4d,True,2時間前,2026-09-19 04:12:19,神奈川県
未経験OK 機械のボタン押し作業新着,株式会社アイ・ケイ・アイ,埼玉県,"時給1,490円",派遣社員,派遣,求人ボックス,https://xn--pckua2a7gp15o89zb.com/jb/3b5b69b61a2cc5284eafbf763c94ceca,True,6時間前,2026-09-19 04:11:57,埼玉県
白岡市の保育士／保育園の保育派遣スタッフ求人 派遣保育士／短期OK!お気軽にお問い合わせください新着,グッドネクスト,埼玉県,"時給1,600円",派遣社員,派遣,求人ボックス,https://xn--pckua2a7gp15o89zb.com/jb/2978a1e959dd5b9b68c2492e9ad990a4,True,23時間前,2026-09-19 04:11:57,埼玉県
ピッキング・出荷新着,株式会社ヤマトアシスト,埼玉県,"時給1,450円～1,813円",派遣社員,派遣,求人ボックス,https://xn--pckua2a7gp15o89zb.com/jb/47a4925b390ef8106d25825b548ae58b,True,17時間前,2026-09-19 04:11:57,埼玉県
介護スタッフ／グループホームで勤務!20代～30代活躍中／無資格スタート応援!日勤のみ新着,株式会社ベネッセキャリオス,埼玉県,"時給1,500円",派遣社員,派遣,求人ボックス,https://xn--pckua2a7gp15o89zb.com/jbn/3384b2216a9a5a9615903c20050b9386,True,21時間前,2026-09-19 04:11:57,埼玉県
製造・梱包・出庫・ラベル張り・投入新着,株式会社スキルプラザ,埼玉県,"時給1,500円～1,875円",派遣社員,派遣,求人ボックス,https://xn--pckua2a7gp15o89zb.com/jb/75f57327bf7979320d48799c72dc27e2,True,11時間前,2026-09-19 04:11:57,埼玉県
「応募から勤務までスムーズに進みます」／派遣コーディネーター／スピード選考／未経験OK／即日応募歓迎新着,コーディネーター/「そろそろ動きたい」その気持ちに、スピードで応えます,埼玉県,月給27万円～33万円,正社員,派遣,求人ボックス,https://xn--pckua2a7gp15o89zb.com/jbn/c87ee1f8dcdf6a2f0265ca3dc6d51051,True,12時間前,2026-09-19 04:11:57,埼玉県
オフィスでの営業事務新着,株式会社グロップジョイ 桶川オフィス,埼玉県,"時給1,500円～1,875円",アルバイト・パート,派遣,求人ボックス,https://xn--pckua2a7gp15o89zb.com/jb/9a1421f55b2e15bc9f15e1bcc7004cde,True,9時間前,2026-09-19 04:11:57,埼玉県
「ガッツリ稼ぎたい方へ」／派遣コーディネーター／月給30万円可能／未経験歓迎／インセンティブあり新着,コーディネーター|月給30万円も目指せます  お任せすること・,埼玉県,月給30万円,正社員,派遣,求人ボックス,https://xn--pckua2a7gp15o89zb.com/jbn/dcceefce2bdadde1243c395900d546dd,True,12時間前,2026-09-19 04:11:57,埼玉県
内勤スタッフ新着,株式会社エクスプレス・エージェント,埼玉県,"時給1,300円～1,600円",アルバイト・パート,派遣,求人ボックス,https://xn--pckua2a7gp15o89zb.com/jb/1808ca72634b4f0a0d663c36d12d17b0,True,21時間前,2026-09-19 04:11:58,埼玉県
「「夜勤専属だからしっかり稼げる!時給1560円」」フィギュアの倉庫内軽作業新着,セブンエージェント株式会社,埼玉県,時給1560円,派遣社員,派遣,求人ボックス,https://xn--pckua2a7gp15o89zb.com/jb/3407e666508dc9be7b18c802931156a1,True,19時間前,2026-09-19 04:11:58,埼玉県
「無理なく続けられる人気ワーク!」／派遣コーディネーター／残業少なめ／未経験歓迎／長期安定新着,コーディネーター  登録,埼玉県,月給25万円～30万円,正社員,派遣,求人ボックス,https://xn--pckua2a7gp15o89zb.com/jbn/febafab3cc8d33b1696d5c3ecdf89100,True,12時間前,2026-09-19 04:11:58,埼玉県
ハウスメーカーでCADオペ&事務新着,旭化成アミダス株式会社,埼玉県,"時給1,700円",派遣社員,派遣,求人ボックス,https://xn--pckua2a7gp15o89zb.com/jb/14bcc2a819604f6aef11f7c92927cbb6,True,15時間前,2026-09-19 04:11:58,埼玉県
日払いで即金GET!履歴書無し!自宅からサクッとカンタンWEB応募!医療消耗品の仕分け作業!新着,株式会社CAREER,埼玉県,"時給1,300円～1,500円",派遣社員,派遣,求人ボックス,https://xn--pckua2a7gp15o89zb.com/jb/4545ab6f57e1118272ccd88004b56260,True,9時間前,2026-09-19 04:11:58,埼玉県
建設機械の組み立て新着,株式会社グロップジョイ,埼玉県,"時給1,500円",派遣社員,派遣,求人ボックス,https://xn--pckua2a7gp15o89zb.com/jb/aa4fea49d88a9dc0b5d74b39022ba511,True,4時間前,2026-09-19 04:11:58,埼玉県
「信頼関係を築きながら働けるポジション」／派遣コーディネーター／残業少なめ／経験不問／長く働ける新着,コーディネーター  登録,埼玉県,月給27万円～33万円,正社員,派遣,求人ボックス,https://xn--pckua2a7gp15o89zb.com/jbn/6e06cf636dba83152890ff940578ba58,True,12時間前,2026-09-19 04:11:58,埼玉県
土日祝休み×日勤の運搬スタッフ／プライベート充実 経験や資格を活かせるお仕事 週払い可能新着,Job・Design株式会社,埼玉県,"時給1,555円",派遣社員,派遣,求人ボックス,https://xn--pckua2a7gp15o89zb.com/jb/a633ef76886393d81b9c4ddaa0213c22,True,16時間前,2026-09-19 04:11:58,埼玉県
"時給1,300円～!／日払いOK／交通費支給新着",株式会社リンクスタッフグループ,埼玉県,"時給1,300円～",アルバイト・パート,派遣,求人ボックス,https://xn--pckua2a7gp15o89zb.com/jb/123e7c28dc69df3b4b9bbe547588cf22,True,10時間前,2026-09-19 04:12:02,埼玉県
保育園のフリー保育士新着,株式会社明日香,埼玉県,"時給1,700円～1,800円",派遣社員,派遣,求人ボックス,https://xn--pckua2a7gp15o89zb.com/jb/4993c32631e67c310b75c66de3f44af7,True,8時間前,2026-09-19 04:12:02,埼玉県
テープやフィルムの製造／年間休日122日／土日休み／賞与年2回あり新着,マルアイユニティー株式会社,埼玉県,"月給21万3,000円",正社員,派遣,求人ボックス,https://xn--pckua2a7gp15o89zb.com/jb/d0e2bdd47fd17533ef99aac1bc9a3a14,True,11時間前,2026-09-19 04:12:02,埼玉県
一般事務／経験少なめOK 火水休み 残業なしカンタン事務新着,マンパワーグループ株式会社,埼玉県,"時給1,750円",派遣社員,派遣,求人ボックス,https://xn--pckua2a7gp15o89zb.com/jb/2cccc6c78cdd0175456483ae3f74b1fa,True,7時間前,2026-09-19 04:12:02,埼玉県
大手バイクメーカーで一般事務新着,ヒューマンリソシア株式会社,埼玉県,"時給1,800円",派遣社員,派遣,求人ボックス,https://xn--pckua2a7gp15o89zb.com/jb/2ed23214ce0ca571f4639551de20e89d,True,7時間前,2026-09-19 04:12:02,埼玉県
「VIP送迎中心」夜勤タクシードライバー／年収600万円以上／賞与年2回新着,社員...,埼玉県,"月給51万4,000円",正社員,派遣,求人ボックス,https://xn--pckua2a7gp15o89zb.com/jbn/1714fad9e1b0c59f9c1d0487e2ad4e26,True,9時間前,2026-09-19 04:12:06,埼玉県
物流センターでのネット通販商品のフォークリフト作業新着,ベイスタッフ株式会社,埼玉県,"時給1,500円～",派遣社員,派遣,求人ボックス,https://xn--pckua2a7gp15o89zb.com/jb/c5e5ed320219442e0fbadf9ad7ad6bf6,True,9時間前,2026-09-19 04:12:06,埼玉県
土日祝休み 武蔵浦和駅チカの食品加工!未経験OK新着,株式会社ウィルオブ・ワーク FO大宮営業,埼玉県,"時給1,310円",派遣社員,派遣,求人ボックス,https://xn--pckua2a7gp15o89zb.com/jb/59968847bb427a15b142fedf533ecdef,True,16時間前,2026-09-19 04:12:06,埼玉県
チルド食品類の検品・出荷作業新着,株式会社ジーエスピー 京葉センター,埼玉県,"時給1,380円",派遣社員,派遣,求人ボックス,https://xn--pckua2a7gp15o89zb.com/jb/2c02d5960c81e9c10e45d93c1cbb1441,True,12時間前,2026-09-19 04:12:06,埼玉県
メンテナンス作業／自動車整備士／高時給／リモート面接OK新着,日研トータルソーシング株式会社,埼玉県,"時給2,160円～",派遣社員,派遣,求人ボックス,https://xn--pckua2a7gp15o89zb.com/jbn/91d2cf21460b848d2b7b5923acc35f8f,True,23時間前,2026-09-19 04:12:06,埼玉県
製品の梱包や出荷準備作業／週払い全額支給新着,株式会社マンキャピタル,埼玉県,"時給1,650円",正社員,派遣,求人ボックス,https://xn--pckua2a7gp15o89zb.com/jb/476f87469ad441204aaedc58654f9636,True,5時間前,2026-09-19 04:12:06,埼玉県
シフトが選べる／日収1万以上／新設のキレイな物流センターで施設内も充実新着,アールシースタッフ株式会社,埼玉県,"時給1,400円",派遣社員,派遣,求人ボックス,https://xn--pckua2a7gp15o89zb.com/jb/d5391be466d2b9e6a869a05b44eb5f7f,True,12時間前,2026-09-19 04:12:06,埼玉県
半導体の組立／土日祝休み／残業ナシ／日勤専属／未経験OK／安定の月給制新着,キャリアリンクファクトリー株式会社,埼玉県,"月給23万8,000円",派遣社員,派遣,求人ボックス,https://xn--pckua2a7gp15o89zb.com/jbn/8b7758bd8f38d738eeca3908a2949ea7,True,23時間前,2026-09-19 04:12:11,埼玉県
テレフォンオペレーター+ 一般事務新着,株式会社リクルートスタッフィング,埼玉県,"時給1,450円～",派遣社員,派遣,求人ボックス,https://xn--pckua2a7gp15o89zb.com/jb/98795b226352c55612f3a0ecbd3798c9,True,19時間前,2026-09-19 04:12:11,埼玉県
グループホームのスタッフ／即日可能!週3日以上入れる方大歓迎新着,株式会社ee link,埼玉県,"時給1,600円～1,800円",派遣社員,派遣,求人ボックス,https://xn--pckua2a7gp15o89zb.com/jb/bbe0360e3a5cf1937df780903663a08a,True,23時間前,2026-09-19 04:12:11,埼玉県
アパレル／アクセサリー／レジ打ち 鏡を見るのが もっと好きになる 履歴書不要／日払いOK／昇給有新着,株式会社I・PARTNERS,埼玉県,"時給1,300円～1,600円",派遣社員,派遣,求人ボックス,https://xn--pckua2a7gp15o89zb.com/jb/1770807adf7c8bae13fb38f911724cd4,True,22時間前,2026-09-19 04:12:11,埼玉県
しっかり稼げる!キッチン用品・生活雑貨などの軽作業新着,株式会社アルミラ,埼玉県,"時給1,460円～",アルバイト・パート,派遣,求人ボックス,https://xn--pckua2a7gp15o89zb.com/jb/0b29553708de58bd37e3742519342f6e,True,17時間前,2026-09-19 04:12:11,埼玉県
一般事務・OA事務 ／ データエントリー業務／レア 電話ナシ 人気の事務センター 長期×安定新着,パーソルテンプスタッフ株式会社,埼玉県,"時給1,300円",派遣社員,派遣,求人ボックス,https://xn--pckua2a7gp15o89zb.com/jb/72097e191307db937b383380f3808bf3,True,22時間前,2026-09-19 04:12:11,埼玉県
施設向け食品の中型車配送ドライバー新着,株式会社エムズライン,埼玉県,"時給1,900円～2,375円",派遣社員,派遣,求人ボックス,https://xn--pckua2a7gp15o89zb.com/jbn/151533eb8136e1c306ede3ea041e2eda,True,22時間前,2026-09-19 04:12:11,埼玉県
データ入力／定時まで 未経験OK 高時給!1700円 システム入力など新着,株式会社スタッフサービス,埼玉県,"時給1,700円",派遣社員,派遣,求人ボックス,https://xn--pckua2a7gp15o89zb.com/jb/ba0d5490897ad58c924c1dd907994109,True,16時間前,2026-09-19 04:12:15,埼玉県
寮完備・月収27万円 製紙系工場での機械操作・製造オペレーター 交替制・20-40代活躍中新着,株式会社イカイアウトソーシング,埼玉県,"時給1,330円～",派遣社員,派遣,求人ボックス,https://xn--pckua2a7gp15o89zb.com/jb/3e76e7f675d12156c7b5e94f44a7af15,True,4時間前,2026-09-19 04:12:15,埼玉県
損保事務 ／ 金融事務／所沢エリア 入力中心&電話少なめ事務新着,株式会社アヴァンティスタッフ,埼玉県,"時給1,600円",派遣社員,派遣,求人ボックス,https://xn--pckua2a7gp15o89zb.com/jb/da30bbb9f812795c3c57a9ab3d0032f1,True,15時間前,2026-09-19 04:12:15,埼玉県
月収29万円 軽作業・ピッキング・20-40代活躍中新着,株式会社BREXA Next,埼玉県,"時給1,450円～",派遣社員,派遣,求人ボックス,https://xn--pckua2a7gp15o89zb.com/jb/3d5c0eb4e587047dd0b775b2cfbb5e87,True,4時間前,2026-09-19 04:12:15,埼玉県
仕分け・ピッキング・梱包新着,ランスタッド株式会社,埼玉県,"時給1,337円",派遣社員,派遣,求人ボックス,https://xn--pckua2a7gp15o89zb.com/jb/7ab51e8ef8790fc0b4b7dba78472f43a,True,23時間前,2026-09-19 04:12:15,埼玉県
一般事務・OA事務／官公庁関連 未経験OK 完全週休2日!専門知識不要 北与野駅すぐ新着,株式会社ヒューマントラスト,埼玉県,"時給1,500円",派遣社員,派遣,求人ボックス,https://xn--pckua2a7gp15o89zb.com/jb/735d03c2ea7f05ee3f22cd70bdec17eb,True,16時間前,2026-09-19 04:12:15,埼玉県
「東京ばな奈」など洋菓子ショップ責任者／未経験!年450万↑年休新着,株式会社ディンプル,埼玉県,"月給28万1,250円",正社員,派遣,求人ボックス,https://xn--pckua2a7gp15o89zb.com/jb/cde8792b74aa119af20bcf23ec1bb80d,True,10時間前,2026-09-19 04:12:15,埼玉県
アパレル／コスメ／アパレル販売スタッフ 週5日勤務／残業少なめ新着,株式会社ウィルオブ・ワーク,埼玉県,"時給1,380円～1,400円",派遣社員,派遣,求人ボックス,https://xn--pckua2a7gp15o89zb.com/jb/3a72bf86ccc5e25ce45ee01f37577131,True,12時間前,2026-09-19 04:12:19,埼玉県
制作進行 深夜アニメの現場で成長! 未経験歓迎×残業代全額新着,株式会社フェローズ,埼玉県,"月給21万5,000円",派遣社員,派遣,求人ボックス,https://xn--pckua2a7gp15o89zb.com/jb/a0deb126342ec043959e34bc5355ed4f,True,15時間前,2026-09-19 04:12:19,埼玉県
「月給30万円を目指せる!」／派遣コーディネーター／未経験歓迎／スタッフサポート／長期安定新着,コーディネーター|マッチングと就業サポート>  <お仕事内容>・企業からのお仕事依頼の受付 ・条件に合う登録,埼玉県,月給30万円,正社員,派遣,求人ボックス,https://xn--pckua2a7gp15o89zb.com/jbn/f4b5ea9679eb8c1e8d8927873ceb3d50,True,12時間前,2026-09-19 04:12:19,埼玉県
デイサービスの介護助手新着,株式会社ホットスタッフ伊勢崎,埼玉県,"時給1,300円",派遣社員,派遣,求人ボックス,https://xn--pckua2a7gp15o89zb.com/jb/c1100dadc4d741a9de74d4422c853b37,True,10時間前,2026-09-19 04:12:19,埼玉県
ピッキング新着,株式会社ウィルエージェンシー 大宮,埼玉県,"時給1,402円～",派遣社員,派遣,求人ボックス,https://xn--pckua2a7gp15o89zb.com/jb/dcaa3a2df5b42dc577bfcda8e4fc1c03,True,12時間前,2026-09-19 04:12:19,埼玉県
「メリハリをつけて働けます」／派遣コーディネーター／土日祝休み／残業少なめ／未経験OK新着,コーディネーター/ 休日はしっかり取れます 残業を前提にした働き方ではありません 予定が立てやすい勤務体系  一日の流れ <受注>企業から依頼を受ける  <選定>条件に合う,埼玉県,月給25万円～30万円,正社員,派遣,求人ボックス,https://xn--pckua2a7gp15o89zb.com/jbn/0c82498a13130318dd2f91faa526445a,True,12時間前,2026-09-19 04:12:19,埼玉県
"「今だけ時給UP&インセンティブあり!最大換算時給1,938円」Amazon新座×軽作業新着",株式会社ワールドスタッフィング,埼玉県,"時給1,938円",派遣社員,派遣,求人ボックス,https://xn--pckua2a7gp15o89zb.com/jb/dc3c07ccbe68b4a17d2f68cc6d486cf6,True,13時間前,2026-09-19 04:12:21,埼玉県
美容部員／メイクアップアーティスト／コスメ・化粧品販売／1週間限定／ロアザオイル／フレグランス販売新着,株式会社iDA,埼玉県,"時給1,600円",派遣社員,派遣,求人ボックス,https://xn--pckua2a7gp15o89zb.com/jb/89e92c8aa6b0246172c43216ebbac8fd,True,9時間前,2026-09-19 04:12:21,埼玉県
所沢エリア／17時定時で残業少なめ 経験いかせる営業事務新着,受託業務,埼玉県,"時給1,600円",派遣社員,派遣,求人ボックス,https://xn--pckua2a7gp15o89zb.com/jb/36e25196f1446c54856ff76343d91e42,True,12時間前,2026-09-19 04:12:21,埼玉県
加工スタッフ新着,日本マニュファクチャリングサービス株式会社,埼玉県,月給22万円～,正社員,派遣,求人ボックス,https://xn--pckua2a7gp15o89zb.com/jb/4a74469b10b9bb447b3bfc81f13c29a2,True,22時間前,2026-09-19 04:12:21,埼玉県
完成品のキズや形状の検査スタッフ新着,株式会社ホットスタッフ所沢,埼玉県,"時給1,440円",派遣社員,派遣,求人ボックス,https://xn--pckua2a7gp15o89zb.com/jb/b44e7694c693d04fc75417847b5c9a6a,True,10時間前,2026-09-19 04:12:21,埼玉県
週3以上の出勤でOK・時給1600円ヘルパー新着,株式会社シグマスタッフ,埼玉県,時給1600円,派遣社員,派遣,求人ボックス,https://xn--pckua2a7gp15o89zb.com/jb/f234127d45008393b9a303a9b34eb2d7,True,15時間前,2026-09-19 04:12:21,埼玉県
学校給食の調理補助スタッフ新着,株式会社ホットスタッフ川越,埼玉県,"時給2,000円",派遣社員,派遣,求人ボックス,https://xn--pckua2a7gp15o89zb.com/jb/8f02a04641daf62fcee86a7661d794b4,True,10時間前,2026-09-19 04:12:25,埼玉県
「リモートOK!」未経験採用枠／ヘルプデスク／高収入／資格取得支援あり新着,株式会社DYMキャリア,埼玉県,月給21万円～30万円,正社員,派遣,求人ボックス,https://xn--pckua2a7gp15o89zb.com/jbn/15490aad29e221d5cb0117063c5a1b51,True,8時間前,2026-09-19 04:12:25,埼玉県
「無理なく働いて毎日を充実!」／ワイパーの製造スタッフ／未経験歓迎／シンプル作業新着,三陽工業株式会社,埼玉県,"月給19万5,000円",正社員,派遣,求人ボックス,https://xn--pckua2a7gp15o89zb.com/jbn/3c035adf78c920fdff140c6daf86118c,True,13時間前,2026-09-19 04:12:25,埼玉県
「モクモク軽作業!」ケーブル製造・運搬スタッフ／20代から30代活躍中!／交通費支給新着,株式会社日本ケイテム,埼玉県,"時給1,500円～",アルバイト・パート,派遣,求人ボックス,https://xn--pckua2a7gp15o89zb.com/jbn/60754907046608622c92f09dff6816f7,True,19時間前,2026-09-19 04:12:25,埼玉県
入出荷・ピッキング作業／空調完備で快適／高時給1400円新着,株式会社テクノ・サービス,埼玉県,時給1400円,派遣社員,派遣,求人ボックス,https://xn--pckua2a7gp15o89zb.com/jbn/9c5066972c8850ab039f9fda63ac34e7,True,19時間前,2026-09-19 04:12:25,埼玉県
リーチとカウンターフォーク／レトルトカレー工場／運搬／月26万新着,株式会社イカイプロダクト,埼玉県,"時給1,450円～1,813円",派遣社員,派遣,求人ボックス,https://xn--pckua2a7gp15o89zb.com/jbn/3b6b61bdac4269e6c1c36f396f9536d1,True,20時間前,2026-09-19 04:12:25,埼玉県
土間・左官／年間休日130日／土日祝休み／長期休暇あり／年2回賞与あり／年1回昇給あり新着,株式会社ジェイワン,埼玉県,月給27万円～,正社員,派遣,求人ボックス,https://xn--pckua2a7gp15o89zb.com/jbn/9444cf93756a789d9cfa573797a1d3ec,True,20時間前,2026-09-19 04:12:25,埼玉県
ずんどう屋 店舗マネージャー新着,株式会社ZUND,埼玉県,月給45万円～49万円,正社員,派遣,求人ボックス,https://xn--pckua2a7gp15o89zb.com/jbn/37f93702fc867ad617f6fc57b9c8013f,True,22時間前,2026-09-19 04:12:29,埼玉県
研磨パッドの加工業務／寮完備／3交替／車通勤／京都で働こう／さいたま市浦和区から京都へ新着,株式会社グロップ 京都オフィス,埼玉県,"時給1,700円～2,125円",派遣社員,派遣,求人ボックス,https://xn--pckua2a7gp15o89zb.com/jbn/31eec3e979332ed15d8c424cf896ab50,True,23時間前,2026-09-19 04:12:29,埼玉県
就労サポートスタッフ新着,株式会社ホットスタッフ白岡,埼玉県,"時給1,400円～1,750円",派遣社員,派遣,求人ボックス,https://xn--pckua2a7gp15o89zb.com/jb/ce9763f855acde123ae711c68789f490,True,10時間前,2026-09-19 04:12:29,埼玉県
接客・事務スタッフ／未経験歓迎／働きながら創作活動も続けられる／年休129日／残業少なめ／髪色新着,株式会社エクシードジャパン,埼玉県,月給22万円～,正社員,派遣,求人ボックス,https://xn--pckua2a7gp15o89zb.com/jbn/23f0c98c9012a1905317380a1c41daf0,True,18時間前,2026-09-19 04:12:29,埼玉県
カー用品店でのピット業務新着,株式会社ホットスタッフ熊谷,埼玉県,"時給1,550円",派遣社員,派遣,求人ボックス,https://xn--pckua2a7gp15o89zb.com/jb/d87ca5d2926596284770ea1fdfd0b923,True,10時間前,2026-09-19 04:12:29,埼玉県
土木施工管理 水害対策工事 週休2日制新着,マルタケ株式会社,埼玉県,月給40万円～60万円,派遣社員,派遣,求人ボックス,https://xn--pckua2a7gp15o89zb.com/jb/ea9d58e88ec7fa0fffbbf0640be5befd,True,3時間前,2026-09-19 04:12:29,埼玉県
デニーズの店舗スタッフ 飲食経験者 年休120日以上 7連休年2回新着,株式会社デニーズジャパン,埼玉県,月給23万円～40万円,正社員,飲食,求人ボックス,https://xn--pckua2a7gp15o89zb.com/jb/9db80cd1d5896c609533401239624b0b,True,4時間前,2026-09-19 04:12:05,埼玉県
レストラン・専門料理店新着,株式会社ガーデン,埼玉県,月給25万円～32万,正社員,飲食,求人ボックス,https://xn--pckua2a7gp15o89zb.com/jbn/ca7c2a85695a736ba7fca9558717b273,True,12時間前,2026-09-19 04:12:05,埼玉県
レストラン・専門料理店新着,日本レストランシステム株式会社,埼玉県,"月給23万7,000円",正社員,飲食,求人ボックス,https://xn--pckua2a7gp15o89zb.com/jbn/07d965f04690e710f58cdafc206d2db4,True,12時間前,2026-09-19 04:12:05,埼玉県
レストラン・専門料理店／ブランクOK／社会保険完備／主婦・主夫歓迎新着,株式会社コーフク,埼玉県,月給38万円～42万円,正社員,飲食,求人ボックス,https://xn--pckua2a7gp15o89zb.com/jbn/f54694e6fd7a0442887c1775250186d4,True,12時間前,2026-09-19 04:12:05,埼玉県
レストラン・専門料理店新着,株式会社ビーケー・ジャパン,埼玉県,"月給24万3,000円",正社員,飲食,求人ボックス,https://xn--pckua2a7gp15o89zb.com/jbn/56157d67eb7c09b7b23f7b4dd2388ddb,True,13時間前,2026-09-19 04:12:05,埼玉県
レストラン・専門料理店新着,株式会社ギフト,埼玉県,"月給23万3,700円",正社員,飲食,求人ボックス,https://xn--pckua2a7gp15o89zb.com/jbn/dd9f0060a436321d26d80da50079eefb,True,13時間前,2026-09-19 04:12:05,埼玉県
レストラン・専門料理店新着,株式会社力の源カンパニー,埼玉県,"月給36万1,400円",正社員,飲食,求人ボックス,https://xn--pckua2a7gp15o89zb.com/jbn/31fedcf822be838877c5fff81a4df026,True,13時間前,2026-09-19 04:12:06,埼玉県
"レストラン・専門料理店,レストラン・専門料理店新着",株式会社エー・ピーホールディングス,埼玉県,月給35万円～50万円,正社員,飲食,求人ボックス,https://xn--pckua2a7gp15o89zb.com/jbn/6e8b1a222d7a60d1525848fe45b17c8f,True,13時間前,2026-09-19 04:12:06,埼玉県
レストラン・専門料理店新着,株式会社JCM,埼玉県,月給30万円～35万円,正社員,飲食,求人ボックス,https://xn--pckua2a7gp15o89zb.com/jbn/c49e6f6bef9fefa7508a764c2cd5609d,True,13時間前,2026-09-19 04:12:06,埼玉県
レストラン・専門料理店新着,株式会社大泉工場,埼玉県,月給25万円～30万円,正社員,飲食,求人ボックス,https://xn--pckua2a7gp15o89zb.com/jbn/e15f4cf0d814c380f1f319f4c351b667,True,13時間前,2026-09-19 04:12:06,埼玉県
レストラン・専門料理店新着,株式会社C・B・H,埼玉県,月給22万円～30万円,正社員,飲食,求人ボックス,https://xn--pckua2a7gp15o89zb.com/jbn/6372058c2e25f0be05ab0d269a733428,True,13時間前,2026-09-19 04:12:06,埼玉県
レストラン・専門料理店新着,ジャパンフードマネジメント株式会社,埼玉県,"月給27万2,000円",正社員,飲食,求人ボックス,https://xn--pckua2a7gp15o89zb.com/jbn/e8370d296fa5f24d0fd2b0cfcc1a2ad2,True,13時間前,2026-09-19 04:12:11,埼玉県
レストラン・専門料理店新着,株式会社T-NET,埼玉県,月給26万円～35万円,正社員,飲食,求人ボックス,https://xn--pckua2a7gp15o89zb.com/jbn/6ed30fc5941940a164fffd2f2bb55e79,True,13時間前,2026-09-19 04:12:11,埼玉県
レストラン・専門料理店新着,株式会社吉むすび,埼玉県,月給29万円～35万円,正社員,飲食,求人ボックス,https://xn--pckua2a7gp15o89zb.com/jbn/be85d01065277ee91910f400cefaf631,True,13時間前,2026-09-19 04:12:11,埼玉県
レストラン・専門料理店新着,有限会社プリマール,埼玉県,月給28万円～32万円,正社員,飲食,求人ボックス,https://xn--pckua2a7gp15o89zb.com/jbn/d036b2dae72bf232ff35078c3da304e6,True,13時間前,2026-09-19 04:12:11,埼玉県
レストラン・専門料理店新着,株式会社トリドールホールディングス,埼玉県,"月給24万9,000円",正社員,飲食,求人ボックス,https://xn--pckua2a7gp15o89zb.com/jbn/0d60fbd5f374fbd47d00fb49c762e804,True,12時間前,2026-09-19 04:12:11,埼玉県
完全在宅／未経験可／問い合わせ窓口／年休125日以上新着,...経験不問/未経験者活躍中・第二新卒活躍中資格不問/無資格歓迎・ブランク歓迎・学歴不問ハローワークでお探しの方も歓迎 先輩たちの前職をご紹介! 営業、事務、販売,埼玉県,"月給24万4,000円",正社員,飲食,求人ボックス,https://xn--pckua2a7gp15o89zb.com/jbn/b1131f993ad8d21ef52645953fce0564,True,13時間前,2026-09-19 04:12:11,埼玉県
レストラン・専門料理店新着,株式会社オーイズミフーズ,埼玉県,"月給27万3,000円",正社員,飲食,求人ボックス,https://xn--pckua2a7gp15o89zb.com/jbn/e30a92cfc45d6af34169a028bf85fcee,True,13時間前,2026-09-19 04:12:11,埼玉県
完全在宅／未経験可／カスタマーサポート／年休125日以上新着,...経験不問/未経験者活躍中・第二新卒活躍中資格不問/無資格歓迎・ブランク歓迎・学歴不問ハローワークでお探しの方も歓迎 先輩たちの前職をご紹介! 営業、事務、販売,埼玉県,"月給22万6,300円",正社員,飲食,求人ボックス,https://xn--pckua2a7gp15o89zb.com/jbn/b74471d2b8ed92bca93d5b7d87ac2f65,True,13時間前,2026-09-19 04:12:11,埼玉県
アプリ開発エンジニア／自分らしい働き方を叶えやすい／残業少なめ／福利厚生充実／長期安定新着,株式会社SNJAPAN,埼玉県,月給27万円～34万円,正社員,飲食,求人ボックス,https://xn--pckua2a7gp15o89zb.com/jbn/c83efad6bbcb6c765f138074424cb10c,True,14時間前,2026-09-19 04:12:15,埼玉県
レストラン・専門料理店新着,株式会社TSDpresents,埼玉県,月給30万円～42万,正社員,飲食,求人ボックス,https://xn--pckua2a7gp15o89zb.com/jbn/3bc84c9a5bcbc7b837e67ee776a4f1d9,True,13時間前,2026-09-19 04:12:15,埼玉県
ペットショップのレジ・接客スタッフ／ペットフォレスト小平店給与アップのチャンスあり新着,株式会社犬の家 ペットフォレスト小平店,埼玉県,月給22万円～30万円,正社員,飲食,求人ボックス,https://xn--pckua2a7gp15o89zb.com/jbn/d179afd530293a2e8640d678bc0e7e5f,True,21時間前,2026-09-19 04:12:15,埼玉県
「夜勤・タクシードライバー」急募／月収50万以上・20代活躍中／普通免許でOK新着,飲食,埼玉県,"月給47万6,000円",正社員,飲食,求人ボックス,https://xn--pckua2a7gp15o89zb.com/jbn/0f08070bb9882005a1fdec6c9e911c5e,True,8時間前,2026-09-19 04:12:15,埼玉県
レストラン・専門料理店新着,株式会社利久,埼玉県,月給25万円～35万円,正社員,飲食,求人ボックス,https://xn--pckua2a7gp15o89zb.com/jbn/128bdc9ebe27dbc1a67f429eb2235a47,True,13時間前,2026-09-19 04:12:15,埼玉県
レストラン・専門料理店新着,ドリームガーデンズ株式会社,埼玉県,月給25万円～27万円,正社員,飲食,求人ボックス,https://xn--pckua2a7gp15o89zb.com/jbn/8871f3673800cb5bb3d5bfb6619f8cd6,True,12時間前,2026-09-19 04:12:15,埼玉県
事務職／総務事務／ネイル・ピアス自由／年間休日125日以上／在宅あり／未経験者でも安心スタート新着,前職が販売員、,埼玉県,月給20万円～50万円,正社員,飲食,求人ボックス,https://xn--pckua2a7gp15o89zb.com/jbn/995531f09668f99bd6a3eab2a3427cb7,True,5時間前,2026-09-19 04:12:19,埼玉県
事務職／総務事務／残業なし／服装髪型自由／賞与・昇給あり／ネイル・ピアス自由新着,<活かせる経験> 事務やデータ入力の業務経験 Excelスキル、PCの基本操作充実のスキルサポート体制があるため、アパレル販売、,埼玉県,月給20万円～50万円,正社員,飲食,求人ボックス,https://xn--pckua2a7gp15o89zb.com/jbn/faf26c9fa423802782952d284cd383e1,True,5時間前,2026-09-19 04:12:19,埼玉県
事務職／総務事務／ネイル・ピアス自由／育休取得実績あり／20〜30代女性が活躍中／服装髪型自由新着,<活かせる経験> 事務やデータ入力の業務経験 Excelスキル、PCの基本操作充実のスキルサポート体制があるため、アパレル販売、,埼玉県,"月給22万5,000円",正社員,飲食,求人ボックス,https://xn--pckua2a7gp15o89zb.com/jbn/6e75e1d674545fac4db94c2ccd18d1a2,True,5時間前,2026-09-19 04:12:19,埼玉県
「未経験からゲーム業界に挑戦!」／ゲームデバッガー／ゲームをプレイして不具合を確認新着,前職経験はさまざま!営業、事務、販売,埼玉県,月給27万円～34万円,正社員,飲食,求人ボックス,https://xn--pckua2a7gp15o89zb.com/jbn/d99c45b217ba243094c730ab36712feb,True,14時間前,2026-09-19 04:12:19,埼玉県
バックオフィススタッフ／充実の研修で安心スタート!／完全週休2日制／未経験でも安心新着,<異業種からの転職者も活躍中!>アパレル販売、,埼玉県,月給23万500円,正社員,飲食,求人ボックス,https://xn--pckua2a7gp15o89zb.com/jbn/80d1819715200902f279b645f021a95b,True,7時間前,2026-09-19 04:12:19,埼玉県
"ブランド査定スタッフ／平均年収1,200万／残業月平均3.3時間／有給取得率85.7%／ブランクOK新着",株式会社Reivy,埼玉県,月給40万円～45万円,正社員,飲食,求人ボックス,https://xn--pckua2a7gp15o89zb.com/jbn/f378f9094e8893d5b74a15f5c66bde3c,True,23時間前,2026-09-19 04:12:19,埼玉県
事務職／充実の研修で安心スタート!／経験不問／教育体制あり／福利厚生充実新着,<異業種からの転職者も活躍中!>アパレル販売、,埼玉県,月給21万500円,正社員,飲食,求人ボックス,https://xn--pckua2a7gp15o89zb.com/jbn/48916fc3404e9c7984aad188ed7807e3,True,7時間前,2026-09-19 04:12:23,埼玉県
「リモート可」未経験採用枠／営業事務／年間休日125日以上新着,スタッフ,埼玉県,"月給25万1,800円",正社員,飲食,求人ボックス,https://xn--pckua2a7gp15o89zb.com/jbn/92abb1f596639c9a6cf21cad8df5a70b,True,9時間前,2026-09-19 04:12:23,埼玉県
事務アシスタント／30代活躍中／充実の研修で安心スタート!／教育体制あり新着,<異業種からの転職者も活躍中!>アパレル販売、,埼玉県,月給19万500円,正社員,飲食,求人ボックス,https://xn--pckua2a7gp15o89zb.com/jbn/dd5fc1fe6f329dfcc0691e84e96bc4a1,True,7時間前,2026-09-19 04:12:23,埼玉県
リモート可／未経験可／営業アシスタント／年休125日以上新着,スタッフ,埼玉県,"月給23万4,000円",正社員,飲食,求人ボックス,https://xn--pckua2a7gp15o89zb.com/jbn/b9b956eb3805e283318a68984a182cf2,True,8時間前,2026-09-19 04:12:23,埼玉県
「事務職」／充実の研修で安心スタート!／若い者歓迎／福利厚生充実／教育体制あり／残業少なめ新着,アパレル販売、,埼玉県,月給23万円～50万円,正社員,飲食,求人ボックス,https://xn--pckua2a7gp15o89zb.com/jbn/89f683ea04e518f6841af4478e2899ad,True,5時間前,2026-09-19 04:12:23,埼玉県
給食スタッフ／キッチン／フード系 16時半まで うれしい食事補助あり 保育園での給食調理新着,株式会社アイコーメディカル,埼玉県,"時給1,220円～",アルバイト・パート,飲食,求人ボックス,https://xn--pckua2a7gp15o89zb.com/jb/874774df12986721bddd453c9e1eba59,True,23時間前,2026-09-19 04:12:23,埼玉県
「オフィススタッフ」／充実の研修で安心スタート!／完全週休2日制／職種未経験歓迎／残業少なめ新着,スタッフ,埼玉県,"月給21万5,000円",正社員,飲食,求人ボックス,https://xn--pckua2a7gp15o89zb.com/jbn/4b12e09cd1b9e669c0f383a4f2dc0650,True,5時間前,2026-09-19 04:12:26,埼玉県
リモート可／未経験可／営業事務／年休125日以上新着,スタッフ,埼玉県,"月給23万4,500円",正社員,飲食,求人ボックス,https://xn--pckua2a7gp15o89zb.com/jbn/14e36a8bd052b1ac492b8c94b7afb0c6,True,9時間前,2026-09-19 04:12:26,埼玉県
事務職／営業事務／未経験OK／育休取得実績あり／家庭と両立しやすい職場／賞与・昇給あり新着,これまでの学歴や職歴、ブランクは一切問いません。ハローワークで求職中の方も大歓迎です。アパレル販売、,埼玉県,"月給22万5,000円",正社員,飲食,求人ボックス,https://xn--pckua2a7gp15o89zb.com/jbn/8d64789fba6c3d4f84c665b390e6c187,True,5時間前,2026-09-19 04:12:26,埼玉県
「事務アシスタント」／30代活躍中／充実の研修で安心スタート!／福利厚生充実／高収入新着,スタッフ,埼玉県,月給23万円～50万円,正社員,飲食,求人ボックス,https://xn--pckua2a7gp15o89zb.com/jbn/6fcf192742c5204c6a52e7ef5317a60e,True,5時間前,2026-09-19 04:12:26,埼玉県
バックオフィススタッフ／充実の研修で安心スタート!／完全週休2日制／若い者歓迎新着,<異業種からの転職者も活躍中!>アパレル販売、,埼玉県,月給23万500円,正社員,飲食,求人ボックス,https://xn--pckua2a7gp15o89zb.com/jbn/2025d3f264c42dea423d5ae6d8620033,True,7時間前,2026-09-19 04:12:26,埼玉県
「オフィスワーク」／事務スタッフ／年間休日120日以上／若い者歓迎／充実の研修で安心スタート新着,前職は美容部員や携帯ショップ店員、,埼玉県,月給23万円～50万円,正社員,飲食,求人ボックス,https://xn--pckua2a7gp15o89zb.com/jbn/2d1106826ea95fd76d12bfc2a95f77d6,True,5時間前,2026-09-19 04:12:26,埼玉県
事務アシスタント／30代活躍中／福利厚生充実／充実の研修で安心スタート新着,<異業種からの転職者も活躍中!>アパレル販売、,埼玉県,月給19万500円,正社員,飲食,求人ボックス,https://xn--pckua2a7gp15o89zb.com/jbn/8eefab586f78cb756d3dbc58d732c175,True,7時間前,2026-09-19 04:12:26,埼玉県
受付・データ入力スタッフ／充実の研修で安心スタート!／丁寧な教育体制／未経験OK新着,<異業種からの転職者も活躍中!>アパレル販売、,埼玉県,月給19万500円,正社員,飲食,求人ボックス,https://xn--pckua2a7gp15o89zb.com/jbn/d072e59943c43a514276efba0ad25af1,True,7時間前,2026-09-19 04:12:29,埼玉県
事務職／充実の研修で安心スタート!／経験不問／若手中心／完全週休2日制新着,<異業種からの転職者も活躍中!>アパレル販売、,埼玉県,月給23万500円,正社員,飲食,求人ボックス,https://xn--pckua2a7gp15o89zb.com/jbn/6c674724c6917fd2c0a2a871038ff278,True,7時間前,2026-09-19 04:12:29,埼玉県
バックオフィススタッフ／未経験でも安心／年間休日120日以上／充実の研修で安心スタート新着,<異業種からの転職者も活躍中!>アパレル販売、,埼玉県,月給23万500円,正社員,飲食,求人ボックス,https://xn--pckua2a7gp15o89zb.com/jbn/d621e8119e84ea6f5bfd9a2b6db675d3,True,7時間前,2026-09-19 04:12:29,埼玉県
事務アシスタント／20代活躍中／年間休日120日以上／充実の研修で安心スタート新着,<異業種からの転職者も活躍中!>アパレル販売、,埼玉県,月給20万500円,正社員,飲食,求人ボックス,https://xn--pckua2a7gp15o89zb.com/jbn/212e89f2cb10a42629ee78c557a0c52a,True,7時間前,2026-09-19 04:12:29,埼玉県
事務アシスタント／20代活躍中／充実の研修で安心スタート!／福利厚生充実新着,<異業種からの転職者も活躍中!>アパレル販売、,埼玉県,月給23万500円,正社員,飲食,求人ボックス,https://xn--pckua2a7gp15o89zb.com/jbn/2ce2b4f84b65956eef266e567d893377,True,7時間前,2026-09-19 04:12:29,埼玉県
事務アシスタント／20代活躍中／充実の研修で安心スタート!／完全週休2日制新着,<異業種からの転職者も活躍中!>アパレル販売、,埼玉県,月給23万500円,正社員,飲食,求人ボックス,https://xn--pckua2a7gp15o89zb.com/jbn/00674f766575903dd45a72fb0963f30a,True,7時間前,2026-09-19 04:12:29,埼玉県
受付・データ入力スタッフ／若手中心／充実の研修で安心スタート!／教育体制あり新着,<異業種からの転職者も活躍中!>アパレル販売、,埼玉県,月給23万500円,正社員,飲食,求人ボックス,https://xn--pckua2a7gp15o89zb.com/jbn/fcb5bb920de1a54f0168acb1449a4441,True,7時間前,2026-09-19 04:12:29,埼玉県
事務職／充実の研修で安心スタート!／若手中心／教育体制あり／福利厚生充実新着,<異業種からの転職者も活躍中!>アパレル販売、,埼玉県,月給19万500円,正社員,飲食,求人ボックス,https://xn--pckua2a7gp15o89zb.com/jbn/0578b8b21637d434cf7e7d3c248e3f69,True,7時間前,2026-09-19 04:12:32,埼玉県
「事務アシスタント」／充実の研修で安心スタート!／残業月10時間以下／土日祝休み新着,<前職はさまざま>,埼玉県,月給23万円～50万円,正社員,飲食,求人ボックス,https://xn--pckua2a7gp15o89zb.com/jbn/50af86c96d3944bd5cbdc969549be35b,True,5時間前,2026-09-19 04:12:32,埼玉県
「オフィススタッフ」／充実の研修で安心スタート!／教育体制あり／若い者歓迎／残業少なめ／サポート業務新着,アパレル販売、,埼玉県,"月給22万5,000円",正社員,飲食,求人ボックス,https://xn--pckua2a7gp15o89zb.com/jbn/6f25e803ac33be43798224528442178e,True,5時間前,2026-09-19 04:12:32,埼玉県
受付・データ入力スタッフ／若手中心／充実の研修で安心スタート!／丁寧な教育体制新着,<異業種からの転職者も活躍中!>アパレル販売、,埼玉県,月給23万500円,正社員,飲食,求人ボックス,https://xn--pckua2a7gp15o89zb.com/jbn/d15567c66677c10c138276e3aa8b1dec,True,7時間前,2026-09-19 04:12:32,埼玉県
事務職／総務事務／20代未経験歓迎／土日祝休み／ピアスOk／ネイルOK新着,<歓迎スキル・経験>・PC基本操作/Excelスキル・データ入力業務/事務職の経験スキルサポート体制が整っているため、販売員、,埼玉県,"月給22万4,000円",正社員,飲食,求人ボックス,https://xn--pckua2a7gp15o89zb.com/jbn/4af9c598cb489a7ae9f878336cff19a6,True,5時間前,2026-09-19 04:12:32,埼玉県
事務職／営業事務／年間休日125日以上／駅近／服装・髪型自由／ネイル・ピアスOK新着,20代・30代の若手世代がイキイキと活躍する職場です!接客業、,埼玉県,月給19万円～50万円,正社員,飲食,求人ボックス,https://xn--pckua2a7gp15o89zb.com/jbn/be618f82335559ff5328fea7065f9d90,True,5時間前,2026-09-19 04:12:36,埼玉県
「オフィススタッフ」／充実の研修で安心スタート!／教育体制あり／福利厚生充実／残業少なめ新着,飲食,埼玉県,"月給22万5,000円",正社員,飲食,求人ボックス,https://xn--pckua2a7gp15o89zb.com/jbn/da7541bc0ed0dffc91f7ab477aea3003,True,5時間前,2026-09-19 04:12:36,埼玉県
「データ入力・事務」／ブランクOK／充実の研修で安心スタート!／若い者歓迎／残業少なめ／サポート業務新着,スタッフ,埼玉県,"月給22万5,000円",正社員,飲食,求人ボックス,https://xn--pckua2a7gp15o89zb.com/jbn/1d51324639e0a55a3bc520be59cc7f6c,True,5時間前,2026-09-19 04:12:36,埼玉県
受付・データ入力スタッフ／丁寧な教育体制／完全週休2日制／福利厚生充実新着,<異業種からの転職者も活躍中!>アパレル販売、,埼玉県,月給23万500円,正社員,飲食,求人ボックス,https://xn--pckua2a7gp15o89zb.com/jbn/853f9dbbecbc798d21d52d627cdf1339,True,7時間前,2026-09-19 04:12:36,埼玉県
事務職／総務事務／産休・育休取得実績多数／駅近／20代女性活躍中／賞与・昇給あり新着,これまでの学歴や職歴、ブランクは一切問いません。ハローワークで求職中の方も大歓迎です。アパレル販売、,埼玉県,月給23万円～50万円,正社員,飲食,求人ボックス,https://xn--pckua2a7gp15o89zb.com/jbn/e3e3883d8d857b7ecc3ab59b19533e2d,True,5時間前,2026-09-19 04:12:36,埼玉県
介護職・ヘルパー／小規模多機能型居宅介護で勤務!20代～30代活躍中新着,株式会社ベネッセキャリオス,神奈川県,"時給1,600円",派遣社員,介護,求人ボックス,https://xn--pckua2a7gp15o89zb.com/jbn/23a5f4499081f934d97b8372ff520ba2,True,21時間前,2026-09-19 04:12:22,神奈川県
グループホームでの介護職／年間休日117日以上／福利厚生が充実新着,株式会社レガート,神奈川県,月給28万円～,正社員,介護,求人ボックス,https://xn--pckua2a7gp15o89zb.com/jb/e952123ce5cb05fa519d30ec84855409,True,6時間前,2026-09-19 04:12:22,神奈川県
介護職新着,創生会グループ,神奈川県,"時給1,400円",アルバイト・パート,介護,求人ボックス,https://xn--pckua2a7gp15o89zb.com/jb/843566917c51b547c67ebd80015a358a,True,8時間前,2026-09-19 04:12:23,神奈川県
介護職／入所新着,社会福祉法人湘南愛心会 介護老人保健施設かまくら,神奈川県,"月給19万5,568円",正社員,介護,求人ボックス,https://xn--pckua2a7gp15o89zb.com/jb/def7e71aa3303cea6def5e7359e95b67,True,8時間前,2026-09-19 04:12:23,神奈川県
介護職・ホームヘルパー／マイカー通勤可能。2シフトOK!週3日以上!新着,株式会社ee link,神奈川県,"時給1,600円～1,800円",派遣社員,介護,求人ボックス,https://xn--pckua2a7gp15o89zb.com/jb/6cb93039fb4eea7c7fc04a16ac325081,True,23時間前,2026-09-19 04:12:27,神奈川県
社会保険完備の職場で介護職／ヘルパー新着,ヒューマンケアメゾン鎌倉かじわらの里,神奈川県,"月給25万7,300円",契約社員,介護,求人ボックス,https://xn--pckua2a7gp15o89zb.com/jb/f06252043918ea9c98e5fa5d96442f1d,True,6時間前,2026-09-19 04:12:27,神奈川県
社会保険完備の職場で介護職／ヘルパー新着,リアンレーヴ川崎幸,神奈川県,"時給1,436円～1,546円",アルバイト・パート,介護,求人ボックス,https://xn--pckua2a7gp15o89zb.com/jb/1db5c739c02bc1d476238c879153b4b7,True,6時間前,2026-09-19 04:12:30,神奈川県
介護職／母体は医療法人!寸志支給／入職祝い金制度あり!資格取得支援もご...新着,グループホームソフィアとつか,神奈川県,"時給1,350円～1,571円",アルバイト・パート,介護,求人ボックス,https://xn--pckua2a7gp15o89zb.com/jb/6e51cb933677f4ec20c93ac754a277c0,True,18時間前,2026-09-19 04:12:33,神奈川県
デイサービスの介護職新着,介護,神奈川県,"時給1,480円～",アルバイト・パート,介護,求人ボックス,https://xn--pckua2a7gp15o89zb.com/jb/53d15e12a9c59c317a420ed795afcd22,True,9時間前,2026-09-19 04:12:33,神奈川県
デイサービスの介護職新着,株式会社やまねメディカル かがやきデイサービス宮...,神奈川県,"月給27万4,000円",正社員,介護,求人ボックス,https://xn--pckua2a7gp15o89zb.com/jb/3e25ac90e727ccb1c15af8727d9328f9,True,10時間前,2026-09-19 04:12:38,神奈川県
小田原市の介護士／ショートステイの介護職求人 派遣介護士／週5日・遅番新着,グッドネクスト,神奈川県,"時給1,700円",派遣社員,介護,求人ボックス,https://xn--pckua2a7gp15o89zb.com/jb/0f67ee08329739c4c74674b4b7eea5a6,True,23時間前,2026-09-19 04:12:41,神奈川県
介護老人保健施設の介護職新着,レジオール,神奈川県,"時給1,680円～1,750円",派遣社員,介護,求人ボックス,https://xn--pckua2a7gp15o89zb.com/jb/408dcaf58ac45a32fff9da462138c087,True,23時間前,2026-09-19 04:12:41,神奈川県
デイサービスケアワーカー・社会保険完備の職場で介護職／ヘルパー新着,特別養護老人ホーム甘露苑,神奈川県,"時給1,325円～1,425円",アルバイト・パート,介護,求人ボックス,https://xn--pckua2a7gp15o89zb.com/jb/3b194403e257efaf40714d10ff8dd1fe,True,6時間前,2026-09-19 04:12:44,神奈川県
介護職／実働7H／週休2日制／手当て充実新着,特定医療法人社団研精会 デンマークINN小田原,神奈川県,"月給28万2,000円",正社員,介護,求人ボックス,https://xn--pckua2a7gp15o89zb.com/jb/0d37747b1c609cfaf9f35184c26ae537,True,5時間前,2026-09-19 04:12:44,神奈川県
介護職／リフレッシュ休暇最大7日／髪型や髪色自由／栄養満点の食事は38...新着,介護老人保健施設ソフィア横浜,神奈川県,"月給23万5,890円",正社員,介護,求人ボックス,https://xn--pckua2a7gp15o89zb.com/jb/784460ef1632beeb98808256106fd09e,True,18時間前,2026-09-19 04:12:48,神奈川県
ヘルパー・介護職／老人デイサービスセンター／社会保険完備／福利厚生充実新着,株式会社DYMキャリア,神奈川県,"時給1,500円～2,100円",派遣社員,介護,求人ボックス,https://xn--pckua2a7gp15o89zb.com/jb/95c3f5c94f0daa843b83e673d510b0ba,True,19時間前,2026-09-19 04:12:48,神奈川県
定期巡回 夜勤専従介護職「パート・アルバイト」／そよ風公式新着,株式会社SOYOKAZE,神奈川県,"時給1,520円～1,570円",アルバイト・パート,介護,求人ボックス,https://xn--pckua2a7gp15o89zb.com/jb/e79e00b34b93e66946345995687d26d3,True,2時間前,2026-09-19 04:12:48,神奈川県
通所介護・デイサービス勤務の介護職／ヘルパー新着,運動特化形デイサービスOneStep,神奈川県,"時給1,400円～",アルバイト・パート,介護,求人ボックス,https://xn--pckua2a7gp15o89zb.com/jb/a8d118fc6947324c4850dc0cefe6a46c,True,6時間前,2026-09-19 04:12:52,神奈川県
「実務者研修」訪問介護職／時給1900円～2638円／未経験大歓迎新着,ポピンズVIPケアサービス,神奈川県,時給1900円～2638円,,介護,求人ボックス,https://xn--pckua2a7gp15o89zb.com/jbn/540733e46a9ae2f4bf2d3107e58ae2f9,True,23時間前,2026-09-19 04:12:52,神奈川県
内科クリニックでの受付医療事務新着,株式会社日本教育クリエイト,神奈川県,"時給1,500円～1,550円",派遣社員,医療事務,求人ボックス,https://xn--pckua2a7gp15o89zb.com/jbn/a9f2da69cdad1eb9a0bd7c1ce05196e6,True,20時間前,2026-09-19 04:12:31,神奈川県
医療事務新着,医療法人社団山本メディカルセンター,神奈川県,月給20万円～24万円,正社員,医療事務,求人ボックス,https://xn--pckua2a7gp15o89zb.com/jb/b63fb4fada010176caa5c48854cb3b55,True,18時間前,2026-09-19 04:12:31,神奈川県
医療事務募集新着,かたの整形外科クリニック,神奈川県,月給21万円～,正社員,医療事務,求人ボックス,https://xn--pckua2a7gp15o89zb.com/jb/fc7f40ccd735425213b0469aa94acf98,True,6時間前,2026-09-19 04:12:32,神奈川県
医療事務・総務補助・医療事務／受付・ボーナス・賞与あり新着,宮前平内科クリニック,神奈川県,月給23万円～,正社員,医療事務,求人ボックス,https://xn--pckua2a7gp15o89zb.com/jb/10b2162fceb87da6aeddc3a41e531529,True,6時間前,2026-09-19 04:12:32,神奈川県
医療事務募集新着,逗子脳神経外科クリニック,神奈川県,"月給21万7,430円",正社員,医療事務,求人ボックス,https://xn--pckua2a7gp15o89zb.com/jb/e1f3987766e3b50d3d6fc09db5e80822,True,6時間前,2026-09-19 04:12:32,神奈川県
横須賀市民病院での医療事務全般／株式会社ニチイ学館 藤沢支店新着,ごきんじょぶ よこすか,神奈川県,"月給20万8,760円",正社員,医療事務,求人ボックス,https://xn--pckua2a7gp15o89zb.com/jb/18ac60b849522c3fe8b69dbab1cde7b6,True,5時間前,2026-09-19 04:12:32,神奈川県
医療事務／経験者募集!急性期病院での医療事務／助け合って業務出来る雰囲...新着,医療法人一成会たちばな台病院,神奈川県,月給21万円～,正社員,医療事務,求人ボックス,https://xn--pckua2a7gp15o89zb.com/jb/2a12e0ba44f1e5e799ebdc5f90a42d79,True,15時間前,2026-09-19 04:12:36,神奈川県
医療事務新着,株式会社リクルートスタッフィング,神奈川県,"時給1,800円～",派遣社員,医療事務,求人ボックス,https://xn--pckua2a7gp15o89zb.com/jb/9d661b1e3303914e462fd099a95eca81,True,19時間前,2026-09-19 04:12:36,神奈川県
レセプト業務 ／ 医療関係業務 ／残業ほぼなし×16:45定時 3名体制でサポート充実 医療事務新着,パーソルテンプスタッフ株式会社,神奈川県,"時給1,500円",派遣社員,医療事務,求人ボックス,https://xn--pckua2a7gp15o89zb.com/jb/fcad9ca2b04261fc64a8d3d7e3803e06,True,19時間前,2026-09-19 04:12:41,神奈川県
医療事務新着,医療法人社団博奉会 相模ヶ丘病院,神奈川県,"月給19万4,500円",正社員,医療事務,求人ボックス,https://xn--pckua2a7gp15o89zb.com/jb/26ea9f9fab084de220daca9364145a06,True,15時間前,2026-09-19 04:12:41,神奈川県
医療事務新着,医療法人社団謙翠会 小田原マタニティクリニック,神奈川県,月給23万円～30万円,正社員,医療事務,求人ボックス,https://xn--pckua2a7gp15o89zb.com/jb/311ba967c6fda2f95f8781e0bd933ee6,True,15時間前,2026-09-19 04:12:41,神奈川県
医療事務募集新着,かとう内科クリニック,神奈川県,月給20万円～21万円,正社員,医療事務,求人ボックス,https://xn--pckua2a7gp15o89zb.com/jb/59f03a722d4818351e6cd0db7df4056b,True,6時間前,2026-09-19 04:12:41,神奈川県
医療事務／クリニック新着,医療法人社団博陽会 おおたけ眼科 古淵第2医院,神奈川県,"月給17万6,500円",正社員,医療事務,求人ボックス,https://xn--pckua2a7gp15o89zb.com/jb/ab820735987dc05b066926f2618641c0,True,22時間前,2026-09-19 04:12:43,神奈川県
医療事務／調剤薬局新着,そうごう薬局 SOCOLA日吉店,神奈川県,月給17万円,正社員,医療事務,求人ボックス,https://xn--pckua2a7gp15o89zb.com/jb/5f428f128084fbf5991072cf331707ec,True,22時間前,2026-09-19 04:12:43,神奈川県
医療事務／調剤薬局新着,株式会社フィールドファーマシー ファイン薬局川崎店,神奈川県,月給22万円～27万円,正社員,医療事務,求人ボックス,https://xn--pckua2a7gp15o89zb.com/jb/5a75ca7d3a92ade7ee4514ebed2822b1,True,22時間前,2026-09-19 04:12:46,神奈川県
社会貢献を重視する成長企業! 医療事務新着,指定訪問看護 アットリハ梶が谷 株式会社AT,神奈川県,月給20万247円,正社員,医療事務,求人ボックス,https://xn--pckua2a7gp15o89zb.com/jb/dbad871816a61ea13d6e892d8c7ebd48,True,23時間前,2026-09-19 04:12:46,神奈川県
事務受付兼看護補助スタッフ・無資格可の看護助手新着,よしかわ耳鼻咽喉科,神奈川県,月給22万円～23万円,正社員,医療事務,求人ボックス,https://xn--pckua2a7gp15o89zb.com/jb/61eff4084022e36ed8c8f6aab54742b7,True,6時間前,2026-09-19 04:12:46,神奈川県
メディカルケアスタッフ・調剤事務新着,ファーマライズ薬局 山手町店,神奈川県,"月給20万7,400円",正社員,医療事務,求人ボックス,https://xn--pckua2a7gp15o89zb.com/jb/5fcbf78e1498fa55ae788069e933c65c,True,6時間前,2026-09-19 04:12:50,神奈川県
事務職／充実の研修で安心スタート!／教育体制あり／完全週休2日制新着,安定した環境で長く働ける,神奈川県,月給22万500円,正社員,医療事務,求人ボックス,https://xn--pckua2a7gp15o89zb.com/jbn/094b260431c7b771a0446cf94319020e,True,7時間前,2026-09-19 04:12:54,神奈川県
訪問看護事務スタッフ・一般事務／管理部門新着,村田会湘南訪問看護ステーション,神奈川県,"月給21万6,000円",正社員,医療事務,求人ボックス,https://xn--pckua2a7gp15o89zb.com/jb/545fbe0a9efbc93e6103ba929ce84ad9,True,6時間前,2026-09-19 04:12:58,神奈川県
事務正社員／充実の研修で安心スタート!／丁寧な教育体制／若手中心／未経験OK新着,安定した環境で長く働ける,神奈川県,月給19万500円,正社員,医療事務,求人ボックス,https://xn--pckua2a7gp15o89zb.com/jbn/6c064dcb537b37c3b7dda133e9ab0a8b,True,7時間前,2026-09-19 04:13:01,神奈川県
事務職／充実の研修で安心スタート!／教育体制あり／経験不問／完全週休2日制新着,安定した環境で長く働ける,神奈川県,月給22万500円,正社員,医療事務,求人ボックス,https://xn--pckua2a7gp15o89zb.com/jbn/8dbe01a4ecbf5851f7f1d7c2bfe14e27,True,7時間前,2026-09-19 04:13:01,神奈川県
横浜市神奈川区の保育士／認可保育所での保育業務 派遣保育士新着,グッドネクスト,神奈川県,"時給1,700円",派遣社員,保育,求人ボックス,https://xn--pckua2a7gp15o89zb.com/jb/af46f8ca248a77e7040c8f3631e55a79,True,23時間前,2026-09-19 04:12:40,神奈川県
保育士／ママさん保育士活躍中!急なお休みも相談OK新着,株式会社ee link,神奈川県,"時給1,800円～",派遣社員,保育,求人ボックス,https://xn--pckua2a7gp15o89zb.com/jb/ee64eb76bb597e3b5c02321c8ed6af51,True,23時間前,2026-09-19 04:12:40,神奈川県
保育士 小規模認可保育園 未経験・ブランクOK 仕事に慣れるまで丁寧に...新着,株式会社ファースト 社会福祉事業すこやか,神奈川県,"時給1,300円～",アルバイト・パート,保育,求人ボックス,https://xn--pckua2a7gp15o89zb.com/jb/b8d5b0aa41de876a5de694c36f371744,True,5時間前,2026-09-19 04:12:40,神奈川県
保育士新着,明日葉保育園 鶴見園,神奈川県,"時給1,440円～1,540円",アルバイト・パート,保育,求人ボックス,https://xn--pckua2a7gp15o89zb.com/jb/1f3f17962c8fca9be8d1cd334bc40d21,True,4時間前,2026-09-19 04:12:41,神奈川県
保育士／横浜市内の認可保育園新着,明日葉保育園,神奈川県,"月給26万5,000円",正社員,保育,求人ボックス,https://xn--pckua2a7gp15o89zb.com/jb/9b6f37fe096c3b252e68159fa3b872b1,True,4時間前,2026-09-19 04:12:41,神奈川県
保育士新着,明日葉保育園 鷺沼園,神奈川県,"時給1,440円～1,540円",アルバイト・パート,保育,求人ボックス,https://xn--pckua2a7gp15o89zb.com/jb/3bd85d3190806f6e07c669e2a5e66860,True,4時間前,2026-09-19 04:12:41,神奈川県
保育士新着,株式会社あしたばマインド,神奈川県,"時給1,440円～1,540円",アルバイト・パート,保育,求人ボックス,https://xn--pckua2a7gp15o89zb.com/jb/8c5efe573461dacd73d32a3d2c8bb956,True,4時間前,2026-09-19 04:12:44,神奈川県
保育士新着,明日葉保育園 宮崎台園,神奈川県,"時給1,440円～1,540円",アルバイト・パート,保育,求人ボックス,https://xn--pckua2a7gp15o89zb.com/jb/910f819f4ef58827e70ae763812fec28,True,4時間前,2026-09-19 04:12:44,神奈川県
保育士新着,明日葉保育園 大倉山園,神奈川県,"時給1,440円～1,540円",アルバイト・パート,保育,求人ボックス,https://xn--pckua2a7gp15o89zb.com/jb/ebe88ec359d3a914b23876d3c3898c9e,True,4時間前,2026-09-19 04:12:47,神奈川県
保育士新着,明日葉保育園 武蔵新城園,神奈川県,"時給1,440円～1,540円",アルバイト・パート,保育,求人ボックス,https://xn--pckua2a7gp15o89zb.com/jb/ac8a3d83e857c0f647b1c10bc29226fe,True,4時間前,2026-09-19 04:12:47,神奈川県
保育士新着,明日葉保育園 元住吉園,神奈川県,"時給1,440円～1,540円",アルバイト・パート,保育,求人ボックス,https://xn--pckua2a7gp15o89zb.com/jb/2534df8dbf84dbf789e913404f5dd1f7,True,4時間前,2026-09-19 04:12:47,神奈川県
保育士新着,株式会社グッドネクスト,神奈川県,"時給1,650円～",派遣社員,保育,求人ボックス,https://xn--pckua2a7gp15o89zb.com/jb/c169b0099ca1d3b75d16ca4b2c4a6786,True,7時間前,2026-09-19 04:12:50,神奈川県
保育士新着,明日葉保育園 第三戸塚園,神奈川県,"時給1,440円～1,540円",アルバイト・パート,保育,求人ボックス,https://xn--pckua2a7gp15o89zb.com/jb/863e2a5eabad80d26b43e4552bb952a6,True,4時間前,2026-09-19 04:12:50,神奈川県
「性別を問わず活躍中」／事業所内保育園の保育士／日勤固定／研修充実新着,保育,神奈川県,"時給1,300円～1,500円",アルバイト・パート,保育,求人ボックス,https://xn--pckua2a7gp15o89zb.com/jbn/87a4b01d13407f051bf87fcd52cb1981,True,15時間前,2026-09-19 04:12:50,神奈川県
「もう一度保育の仕事に戻りたい方へ」／保育士／ブランクOK新着,保育士,神奈川県,月給27万円～36万円,正社員,保育,求人ボックス,https://xn--pckua2a7gp15o89zb.com/jbn/3235011106c6f05a086e39074d7afd22,True,15時間前,2026-09-19 04:12:50,神奈川県
「性別を問わず活躍中」／保育士／ピアノ苦手OK／未経験歓迎新着,保育士,神奈川県,"時給1,300円～1,500円",アルバイト・パート,保育,求人ボックス,https://xn--pckua2a7gp15o89zb.com/jbn/ce33f3ce410aad25571900ce9f595fa6,True,15時間前,2026-09-19 04:12:54,神奈川県
「主婦・主夫の方も働きやすい」／事業所内保育園の保育士／未経験歓迎新着,保育,神奈川県,月給27万円～36万円,正社員,保育,求人ボックス,https://xn--pckua2a7gp15o89zb.com/jbn/f2f063f8a60fd684fe744564a6d4bada,True,15時間前,2026-09-19 04:12:54,神奈川県
「短い期間で入職できます」／保育士／未経験歓迎／ピアノ苦手OK新着,保育士,神奈川県,"時給1,300円～1,500円",アルバイト・パート,保育,求人ボックス,https://xn--pckua2a7gp15o89zb.com/jbn/307e35549e69bd4a7e656e8a7c2465fa,True,15時間前,2026-09-19 04:12:54,神奈川県
「男女ともに活躍中」／認定こども園の保育士／ICT導入で書類業務を削減新着,保育士,神奈川県,月給27万円～36万円,正社員,保育,求人ボックス,https://xn--pckua2a7gp15o89zb.com/jbn/a8573f2c8c78ca8ee8ac86ebce3fb182,True,15時間前,2026-09-19 04:12:54,神奈川県
「男女ともに活躍中」／保育士／ピアノ苦手OK／未経験歓迎新着,保育士,神奈川県,月給27万円～36万円,正社員,保育,求人ボックス,https://xn--pckua2a7gp15o89zb.com/jbn/8c402814b790e582b5fcfaed4e9dcf53,True,15時間前,2026-09-19 04:12:57,神奈川県
「暮らしの時間も守れる働き方」／事業所内保育園の保育士／日勤固定新着,保育,神奈川県,"時給1,300円～1,500円",アルバイト・パート,保育,求人ボックス,https://xn--pckua2a7gp15o89zb.com/jbn/95c6b98226825df3188b09aa8cded493,True,15時間前,2026-09-19 04:13:01,神奈川県
「もう一度保育の仕事を始めたい方に」／事業所内保育園の保育士新着,保育,神奈川県,月給27万円～36万円,正社員,保育,求人ボックス,https://xn--pckua2a7gp15o89zb.com/jbn/95777d17e8a6c6b96a094b0273fb14df,True,15時間前,2026-09-19 04:13:01,神奈川県
保育教諭・未経験可の保育士新着,二宮めぐみ幼稚園,神奈川県,"時給1,300円～",アルバイト・パート,保育,求人ボックス,https://xn--pckua2a7gp15o89zb.com/jb/9789d219981a5449c8ed65f8fd80e55e,True,6時間前,2026-09-19 04:13:01,神奈川県
「保育の経験を活かして働ける」／認可保育園の保育士／研修充実新着,保育,神奈川県,月給27万円～36万円,正社員,保育,求人ボックス,https://xn--pckua2a7gp15o89zb.com/jbn/5b091b8f108efd99d714d19d10760d0e,True,15時間前,2026-09-19 04:13:05,神奈川県
「男女ともに活躍中」／認可保育園の保育士／複数担任制／研修制度あり新着,保育,神奈川県,月給27万円～36万円,正社員,保育,求人ボックス,https://xn--pckua2a7gp15o89zb.com/jbn/d9edbf96dffb2fa638db717a82b9ff6a,True,15時間前,2026-09-19 04:13:05,神奈川県
「毎日の成長をそばで見守る」／保育士／未経験OK／研修充実／長期安定新着,保育士,神奈川県,"時給1,300円～1,500円",アルバイト・パート,保育,求人ボックス,https://xn--pckua2a7gp15o89zb.com/jbn/5b2bd9f90c7622f002caad7b8e891764,True,15時間前,2026-09-19 04:13:05,神奈川県
社会保険完備の職場で保育士新着,ぶれあ保育園・小倉,神奈川県,"時給1,350円～",アルバイト・パート,保育,求人ボックス,https://xn--pckua2a7gp15o89zb.com/jb/eabda4cd0be97585affa64dfd7ef5652,True,6時間前,2026-09-19 04:13:08,神奈川県
「子育て世代も働きやすい環境」／認定こども園の保育士／ICT導入で書類...新着,保育士,神奈川県,月給27万円～36万円,正社員,保育,求人ボックス,https://xn--pckua2a7gp15o89zb.com/jbn/72a9d44825668eaf86cde1d7a17b5131,True,15時間前,2026-09-19 04:13:08,神奈川県
「子育てが落ち着いた方も歓迎」／認可保育園の保育士／複数担任制新着,保育,神奈川県,月給27万円～36万円,正社員,保育,求人ボックス,https://xn--pckua2a7gp15o89zb.com/jbn/8546b2247dc480062ba3c63a8430b0dd,True,15時間前,2026-09-19 04:13:08,神奈川県
「男女ともに活躍中」／小規模保育園の保育士／書類少なめ／研修充実新着,保育,神奈川県,月給27万円～36万円,正社員,保育,求人ボックス,https://xn--pckua2a7gp15o89zb.com/jbn/ff470879f136f1a8cfe885e9f03596ed,True,15時間前,2026-09-19 04:13:08,神奈川県
「休みが読める職場です」／民間学童の保育士／持ち帰り行事なし新着,保育士,神奈川県,"時給1,300円～1,500円",アルバイト・パート,保育,求人ボックス,https://xn--pckua2a7gp15o89zb.com/jbn/f355f48360fc0e9571880f9dcf900ba7,True,15時間前,2026-09-19 04:13:08,神奈川県
上場企業で美容師・理容師／しっかり休める／カット専門新着,QBHOUSE／ロジスカットスクール東京校,神奈川県,月給25万500円,正社員,美容,求人ボックス,https://xn--pckua2a7gp15o89zb.com/jbn/11eb6305711032557694f371d1c3200d,True,23時間前,2026-09-19 04:12:56,神奈川県
美容師／ヘアメイク／ヘッドスパ／ヘアセット アシスタント／grain新着,株式会社CANVAS,神奈川県,"月給23万5,000円",正社員,美容,求人ボックス,https://xn--pckua2a7gp15o89zb.com/jb/1491f2f0d235bb2044b677b50e985db9,True,12時間前,2026-09-19 04:12:56,神奈川県
美容師／ヘッドスパ／ヘアセット アシスタント新着,リジョブエージェント,神奈川県,月給20万円,正社員,美容,求人ボックス,https://xn--pckua2a7gp15o89zb.com/jb/0ba3c89a858f6c80bae9690717043f2d,True,11時間前,2026-09-19 04:12:56,神奈川県
美容師新着,株式会社ルミナストーン,神奈川県,月給26万円～45万円,正社員,美容,求人ボックス,https://xn--pckua2a7gp15o89zb.com/jb/3c747ab72c9716b1284c50ccdb950464,True,11時間前,2026-09-19 04:12:56,神奈川県
オフィスワーク／充実の研修で安心スタート!／年間休日120日以上／若手中心新着,実際に、コンビニの店員、倉庫内軽作業、,神奈川県,月給19万500円,正社員,美容,求人ボックス,https://xn--pckua2a7gp15o89zb.com/jbn/d0a574cfe42b06a6901bb0b7fa84777c,True,8時間前,2026-09-19 04:12:56,神奈川県
オフィスワーク／充実の研修で安心スタート!／年間休日120日以上／完全週休2日制新着,実際に、コンビニの店員、倉庫内軽作業、,神奈川県,月給19万500円,正社員,美容,求人ボックス,https://xn--pckua2a7gp15o89zb.com/jbn/d097a333e66764fc1e501f7627103054,True,7時間前,2026-09-19 04:12:56,神奈川県
事務職／充実の研修で安心スタート!／教育体制あり／完全週休2日制／若手中心新着,実際に、コンビニの店員、倉庫内軽作業、,神奈川県,"月給21万5,500円",正社員,美容,求人ボックス,https://xn--pckua2a7gp15o89zb.com/jbn/9fd98fc9d5c63a6ecbc736ca12cdcf12,True,7時間前,2026-09-19 04:12:56,神奈川県
オフィスワーク／充実の研修で安心スタート!／福利厚生充実／年間休日120日以上新着,実際に、コンビニの店員、倉庫内軽作業、,神奈川県,月給20万500円,正社員,美容,求人ボックス,https://xn--pckua2a7gp15o89zb.com/jbn/7ff53e186421cb8996b39e55debb1186,True,7時間前,2026-09-19 04:12:56,神奈川県
フルリモート／未経験可／データ入力／年休125日以上新着,職種・業界未経験歓迎→大体の方が未経験からスタートしてます! 前職は様々→飲食店、,神奈川県,"月給24万4,200円",正社員,美容,求人ボックス,https://xn--pckua2a7gp15o89zb.com/jbn/b6708af2182288f7241ec4112a6dc131,True,12時間前,2026-09-19 04:12:56,神奈川県
フルリモート／未経験可／一般事務／年休125日以上新着,職種・業界未経験歓迎→大体の方が未経験からスタートしてます! 前職は様々→飲食店、,神奈川県,"月給25万2,100円",正社員,美容,求人ボックス,https://xn--pckua2a7gp15o89zb.com/jbn/6563d6321b93eef48c16f6dfa3a69b34,True,8時間前,2026-09-19 04:12:56,神奈川県
フルリモート／データ入力／高収入／年間休日123日新着,飲食店、,神奈川県,月給27万400円,正社員,美容,求人ボックス,https://xn--pckua2a7gp15o89zb.com/jbn/828a50042b8872682bb6465a392829f9,True,13時間前,2026-09-19 04:12:56,神奈川県
リモート勤務／一般事務／未経験OK／完全週休2日新着,飲食店、,神奈川県,"月給27万3,900円",正社員,美容,求人ボックス,https://xn--pckua2a7gp15o89zb.com/jbn/7637c90e130366bf3d20c76bafebbc47,True,9時間前,2026-09-19 04:12:56,神奈川県
完全在宅／事務／高収入／フレックス出社可新着,飲食店、,神奈川県,月給27万700円,正社員,美容,求人ボックス,https://xn--pckua2a7gp15o89zb.com/jbn/cd2e5b1d863ae42ac00c78b027f6a654,True,9時間前,2026-09-19 04:12:56,神奈川県
完全在宅／一般事務／高収入／完全土日休み新着,飲食店、,神奈川県,"月給27万3,600円",正社員,美容,求人ボックス,https://xn--pckua2a7gp15o89zb.com/jbn/f0cde2f1014fc8daa78b2b2d1800a15a,True,8時間前,2026-09-19 04:12:56,神奈川県
フルリモート／事務／高収入／月給27万～新着,飲食店、,神奈川県,月給27万～,正社員,美容,求人ボックス,https://xn--pckua2a7gp15o89zb.com/jbn/93030fcc575ec8966c57e86bfde03c43,True,13時間前,2026-09-19 04:12:56,神奈川県
フルリモート／一般事務／未経験OK／フレックス出社可新着,飲食店、,神奈川県,月給27万200円,正社員,美容,求人ボックス,https://xn--pckua2a7gp15o89zb.com/jbn/97df761bd881f027589438445654b5c6,True,9時間前,2026-09-19 04:12:56,神奈川県
リモート勤務／一般事務／高収入／月給27万～新着,飲食店、,神奈川県,月給27万～,正社員,美容,求人ボックス,https://xn--pckua2a7gp15o89zb.com/jbn/bd7a14859d86dceec284f0e9d16832a9,True,8時間前,2026-09-19 04:12:57,神奈川県
完全在宅／事務／未経験OK／年間休日123日新着,飲食店、,神奈川県,"月給27万2,200円",正社員,美容,求人ボックス,https://xn--pckua2a7gp15o89zb.com/jbn/915aa3f54c749bfe6d2c8ff24269ff41,True,8時間前,2026-09-19 04:12:57,神奈川県
完全在宅／データ入力／高収入／完全土日休み新着,飲食店、,神奈川県,"月給27万1,000円",正社員,美容,求人ボックス,https://xn--pckua2a7gp15o89zb.com/jbn/ef4261691c5a61478938f81e1e23a150,True,13時間前,2026-09-19 04:12:57,神奈川県
完全在宅／データ入力／高収入／月給27万～新着,飲食店、,神奈川県,月給27万～,正社員,美容,求人ボックス,https://xn--pckua2a7gp15o89zb.com/jbn/4e49010dceaf6821db8d27079dd6ed40,True,13時間前,2026-09-19 04:12:57,神奈川県
フルリモート／データ入力／未経験OK／完全土日休み新着,飲食店、,神奈川県,"月給27万1,700円",正社員,美容,求人ボックス,https://xn--pckua2a7gp15o89zb.com/jbn/cbf44b9d45ff6c2f7dd5e0a5156bfdbc,True,13時間前,2026-09-19 04:12:57,神奈川県
完全在宅／一般事務／未経験OK／完全土日休み新着,飲食店、,神奈川県,"月給27万1,900円",正社員,美容,求人ボックス,https://xn--pckua2a7gp15o89zb.com/jbn/8b02241ae6f93a69c47d170892b3549a,True,9時間前,2026-09-19 04:12:57,神奈川県
完全在宅／一般事務／高収入／月給27万～新着,飲食店、,神奈川県,月給27万～,正社員,美容,求人ボックス,https://xn--pckua2a7gp15o89zb.com/jbn/5ccb4d18f48a98d9b4aac68fabdb5592,True,12時間前,2026-09-19 04:12:57,神奈川県
フルリモート／データ入力／高収入／完全週休2日新着,飲食店、,神奈川県,月給27万700円,正社員,美容,求人ボックス,https://xn--pckua2a7gp15o89zb.com/jbn/85ae12b8b6678f3d4c1581c3dc14ee12,True,13時間前,2026-09-19 04:12:57,神奈川県
フルリモート／データ入力／未経験OK／フレックス出社可新着,飲食店、,神奈川県,月給27万円～35万円,正社員,美容,求人ボックス,https://xn--pckua2a7gp15o89zb.com/jbn/c0e11c620234e6f99355c2b7dee87b02,True,13時間前,2026-09-19 04:12:57,神奈川県
在宅勤務／データ入力／未経験OK／年間休日123日新着,飲食店、,神奈川県,月給27万900円,正社員,美容,求人ボックス,https://xn--pckua2a7gp15o89zb.com/jbn/054ba13b96469c46d761de0f04dbac43,True,8時間前,2026-09-19 04:12:57,神奈川県
フルリモート／データ入力／高収入／完全土日休み新着,飲食店、,神奈川県,月給27万900円,正社員,美容,求人ボックス,https://xn--pckua2a7gp15o89zb.com/jbn/a0f1bad6f38fc232218614a29999b6df,True,12時間前,2026-09-19 04:12:57,神奈川県
フルリモート／データ入力／未経験OK／完全週休2日新着,飲食店、,神奈川県,"月給27万2,900円",正社員,美容,求人ボックス,https://xn--pckua2a7gp15o89zb.com/jbn/89676c6f20d4d44e8417ebd4e73ab963,True,12時間前,2026-09-19 04:12:57,神奈川県
オフィスワーク／充実の研修で安心スタート!／職種未経験歓迎／教育体制あり新着,...これまでの経歴ではなく、これからの「やってみたい」という気持ちを何よりも重視します。求人票に必須資格の明記はありませんので、どなたでも「不問」として安心してご応募いただけます。実際に、コンビニの,神奈川県,月給19万500円,正社員,美容,求人ボックス,https://xn--pckua2a7gp15o89zb.com/jbn/08a1d23ca225065762e17d5bf01199e9,True,8時間前,2026-09-19 04:12:57,神奈川県
完全在宅／データ入力／未経験OK／完全土日休み新着,飲食店、,神奈川県,"月給27万2,000円",正社員,美容,求人ボックス,https://xn--pckua2a7gp15o89zb.com/jbn/d2bf27156b55e4ac7696763197b40ef7,True,12時間前,2026-09-19 04:12:57,神奈川県
完全在宅／事務／高収入／月給27万～新着,飲食店、,神奈川県,月給27万～,正社員,美容,求人ボックス,https://xn--pckua2a7gp15o89zb.com/jbn/b0f3b3484d9b7d524d6b564c6b128d07,True,12時間前,2026-09-19 04:12:57,神奈川県
完全在宅／一般事務／未経験OK／年間休日123日新着,飲食店、,神奈川県,"月給27万2,700円",正社員,美容,求人ボックス,https://xn--pckua2a7gp15o89zb.com/jbn/774faa6b2cb5c5df4e0c4ec84ec04504,True,9時間前,2026-09-19 04:12:57,神奈川県
完全在宅／事務／未経験OK／完全土日休み新着,飲食店、,神奈川県,月給27万500円,正社員,美容,求人ボックス,https://xn--pckua2a7gp15o89zb.com/jbn/d9b45db7955f491f3cdb4336db84dc34,True,9時間前,2026-09-19 04:13:01,神奈川県
完全在宅／一般事務／高収入／フレックス出社可新着,飲食店、,神奈川県,"月給27万1,600円",正社員,美容,求人ボックス,https://xn--pckua2a7gp15o89zb.com/jbn/96af62ad8ab89de19e17b627f5cf4d94,True,12時間前,2026-09-19 04:13:01,神奈川県
完全在宅／一般事務／未経験OK／フレックス出社可新着,飲食店、,神奈川県,月給27万円～35万円,正社員,美容,求人ボックス,https://xn--pckua2a7gp15o89zb.com/jbn/08941633b19fe28abe7eb3e06ffb6bb5,True,13時間前,2026-09-19 04:13:01,神奈川県
オフィスワーク／充実の研修で安心スタート!／職種未経験歓迎／福利厚生充実新着,...原則定時退社だからお仕事後のプライベートが超充実 ギスギスした雰囲気とは無縁の、何でも相談しやすい環境<元接客・販売スタッフが多数在籍!>コンビニ夜勤、ホテルフロント、居酒屋、アパレル、,神奈川県,月給19万500円,正社員,美容,求人ボックス,https://xn--pckua2a7gp15o89zb.com/jbn/60f9c9e7d918a3605561d04cc01f9b87,True,8時間前,2026-09-19 04:13:01,神奈川県
事務職／充実の研修で安心スタート!／教育体制あり／経験不問／福利厚生充実新着,...原則定時退社だからお仕事後のプライベートが超充実 ギスギスした雰囲気とは無縁の、何でも相談しやすい環境<元接客・販売スタッフが多数在籍!>コンビニ夜勤、ホテルフロント、居酒屋、アパレル、,神奈川県,月給22万500円,正社員,美容,求人ボックス,https://xn--pckua2a7gp15o89zb.com/jbn/5b279a81fd48e517b7ea905a03e68f75,True,7時間前,2026-09-19 04:13:01,神奈川県
オフィスワーク／充実の研修で安心スタート!／年間休日120日以上／教育体制あり新着,...原則定時退社だからお仕事後のプライベートが超充実 ギスギスした雰囲気とは無縁の、何でも相談しやすい環境<元接客・販売スタッフが多数在籍!>コンビニ夜勤、ホテルフロント、居酒屋、アパレル、,神奈川県,月給19万500円,正社員,美容,求人ボックス,https://xn--pckua2a7gp15o89zb.com/jbn/840ec80548230e0c26022235ff8f44a4,True,8時間前,2026-09-19 04:13:01,神奈川県
オフィススタッフ／年間休日120日以上／完全週休2日制／職種未経験歓迎新着,...原則定時退社だからお仕事後のプライベートが超充実 ギスギスした雰囲気とは無縁の、何でも相談しやすい環境<元接客・販売スタッフが多数在籍!>コンビニ夜勤、ホテルフロント、居酒屋、アパレル、,神奈川県,月給20万500円,正社員,美容,求人ボックス,https://xn--pckua2a7gp15o89zb.com/jbn/be76f1925bdb90afd5be177fe029fb97,True,7時間前,2026-09-19 04:13:01,神奈川県
事務職／充実の研修で安心スタート!／教育体制あり／福利厚生充実新着,...原則定時退社だからお仕事後のプライベートが超充実 ギスギスした雰囲気とは無縁の、何でも相談しやすい環境<元接客・販売スタッフが多数在籍!>コンビニ夜勤、ホテルフロント、居酒屋、アパレル、,神奈川県,月給22万500円,正社員,美容,求人ボックス,https://xn--pckua2a7gp15o89zb.com/jbn/db35667178b10a148a4ba37e424c3776,True,7時間前,2026-09-19 04:13:01,神奈川県
ハイヤードライバー「普通免許のみ」／未経験でも高収入／タクシードライバー／予約が中心／キャリアアップ新着,...カレンダー通りに休める事務職へ転職したい」「プライベートの時間もしっかり確保しながら働きたい」そんな希望が叶う職場です。ExcelやWordの基本操作ができれば、実務経験がなくても全く問題ありま,神奈川県,月給45万円～80万円,正社員,美容,求人ボックス,https://xn--pckua2a7gp15o89zb.com/jbn/caa6478ecaffd629ea54bdb99a220893,True,9時間前,2026-09-19 04:13:01,神奈川県
完全在宅／事務／未経験OK／完全週休2日新着,飲食店、,神奈川県,月給27万円～35万円,正社員,美容,求人ボックス,https://xn--pckua2a7gp15o89zb.com/jbn/1ef737882615fdd17c7f2a5ac95497bb,True,13時間前,2026-09-19 04:13:01,神奈川県
まつげ・アイラッシュサロン勤務新着,White Camellia 川崎店,神奈川県,月給28万円～50万円,正社員,美容,求人ボックス,https://xn--pckua2a7gp15o89zb.com/jb/392e68e9b309c0fbfb25eda203031ba7,True,6時間前,2026-09-19 04:13:01,神奈川県
事務職／一般事務／服装・髪型自由／賞与・昇給あり／未経験歓迎／ネイル・ピアスOK新着,...という意欲を持つ方を求めています。フリーター・既卒・第二新卒の方、ブランクからの復帰を希望する方も安心の研修を用意しています。異業種から転職した20代・30代が活躍中。前職の例:カフェ店員、,神奈川県,月給19万円～50万円,正社員,美容,求人ボックス,https://xn--pckua2a7gp15o89zb.com/jbn/50bc2a0f81dc88d3c1b669eff31432f0,True,5時間前,2026-09-19 04:13:01,神奈川県
事務正社員／充実の研修で安心スタート!／完全週休2日制／丁寧な教育体制新着,...これまでの経歴ではなく、これからの「やってみたい」という気持ちを何よりも重視します。求人票に必須資格の明記はありませんので、どなたでも「不問」として安心してご応募いただけます。実際に、コンビニの,神奈川県,月給21万500円,正社員,美容,求人ボックス,https://xn--pckua2a7gp15o89zb.com/jbn/ab2d5176af8f015e874f3be77835cb9f,True,7時間前,2026-09-19 04:13:01,神奈川県
オフィススタッフ／年間休日120日以上／福利厚生充実／充実の研修で安心スタート新着,...これまでの経歴ではなく、これからの「やってみたい」という気持ちを何よりも重視します。求人票に必須資格の明記はありませんので、どなたでも「不問」として安心してご応募いただけます。実際に、コンビニの,神奈川県,月給23万500円,正社員,美容,求人ボックス,https://xn--pckua2a7gp15o89zb.com/jbn/515f43f103defa8bf97a1d6e9faea99f,True,7時間前,2026-09-19 04:13:01,神奈川県
アイリスト募集・駅近5分以内新着,REMIA 戸塚,神奈川県,"月給24万5,000円",正社員,美容,求人ボックス,https://xn--pckua2a7gp15o89zb.com/jb/0e247ef1b28f52aadbc2a267f43ad6e2,True,6時間前,2026-09-19 04:13:01,神奈川県
オフィスワーク／充実の研修で安心スタート!／年間休日120日以上／福利厚生充実新着,...これまでの経歴ではなく、これからの「やってみたい」という気持ちを何よりも重視します。求人票に必須資格の明記はありませんので、どなたでも「不問」として安心してご応募いただけます。実際に、コンビニの,神奈川県,月給19万500円,正社員,美容,求人ボックス,https://xn--pckua2a7gp15o89zb.com/jbn/6efa1d56196830a329391acb96afdb71,True,8時間前,2026-09-19 04:13:04,神奈川県
事務職／充実の研修で安心スタート!／教育体制あり／完全週休2日制／福利厚生充実新着,...これまでの経歴ではなく、これからの「やってみたい」という気持ちを何よりも重視します。求人票に必須資格の明記はありませんので、どなたでも「不問」として安心してご応募いただけます。実際に、コンビニの,神奈川県,"月給21万5,500円",正社員,美容,求人ボックス,https://xn--pckua2a7gp15o89zb.com/jbn/4229e0b09bb6144238f09a281a8bed8f,True,7時間前,2026-09-19 04:13:04,神奈川県
事務職／充実の研修で安心スタート!／福利厚生充実／完全週休2日制／教育体制あり新着,...これまでの経歴ではなく、これからの「やってみたい」という気持ちを何よりも重視します。求人票に必須資格の明記はありませんので、どなたでも「不問」として安心してご応募いただけます。実際に、コンビニの,神奈川県,月給22万500円,正社員,美容,求人ボックス,https://xn--pckua2a7gp15o89zb.com/jbn/ea8c9f9be694b038f23c162511bfafaa,True,7時間前,2026-09-19 04:13:04,神奈川県
事務職／充実の研修で安心スタート!／教育体制あり／若手中心／完全週休2日制新着,...これまでの経歴ではなく、これからの「やってみたい」という気持ちを何よりも重視します。求人票に必須資格の明記はありませんので、どなたでも「不問」として安心してご応募いただけます。実際に、コンビニの,神奈川県,月給21万500円,正社員,美容,求人ボックス,https://xn--pckua2a7gp15o89zb.com/jbn/bda16a7c432a67d3d546b9446e736716,True,7時間前,2026-09-19 04:13:04,神奈川県
事務正社員／充実の研修で安心スタート!／丁寧な教育体制／福利厚生充実／若手中心新着,...という意欲を持つ方を求めています。フリーター・既卒・第二新卒の方、ブランクからの復帰を希望する方も安心の研修を用意しています。異業種から転職した20代・30代が活躍中。前職の例:カフェ店員、,神奈川県,"月給22万5,000円",正社員,美容,求人ボックス,https://xn--pckua2a7gp15o89zb.com/jbn/e16bcd143d22cba43ca7a6b2239d4b53,True,5時間前,2026-09-19 04:13:04,神奈川県
アイリスト／まつげパーマ 施術者新着,株式会社Bamboo grass,神奈川県,月給24万円～60万円,正社員,美容,求人ボックス,https://xn--pckua2a7gp15o89zb.com/jb/81c1182a098f586e1b589a9aa8e9c681,True,11時間前,2026-09-19 04:13:04,神奈川県
事務正社員／丁寧な教育体制／充実の研修で安心スタート!／完全週休2日制新着,...これまでの経歴ではなく、これからの「やってみたい」という気持ちを何よりも重視します。求人票に必須資格の明記はありませんので、どなたでも「不問」として安心してご応募いただけます。実際に、コンビニの,神奈川県,月給21万500円,正社員,美容,求人ボックス,https://xn--pckua2a7gp15o89zb.com/jbn/f32aadec814901594e16c97a551dd59a,True,7時間前,2026-09-19 04:13:04,神奈川県
オフィススタッフ／年間休日120日以上／職種未経験歓迎／完全週休2日制新着,...原則定時退社だからお仕事後のプライベートが超充実 ギスギスした雰囲気とは無縁の、何でも相談しやすい環境<元接客・販売スタッフが多数在籍!>コンビニ夜勤、ホテルフロント、居酒屋、アパレル、,神奈川県,月給23万500円,正社員,美容,求人ボックス,https://xn--pckua2a7gp15o89zb.com/jbn/32bbc34c23524149100fea902cb73b7c,True,7時間前,2026-09-19 04:13:04,神奈川県
ヘアカラースタッフ新着,株式会社Fast Beauty,神奈川県,月給26万円～40万円,正社員,美容,求人ボックス,https://xn--pckua2a7gp15o89zb.com/jb/6eece49e3b6acdb2692bd43084ae759b,True,9時間前,2026-09-19 04:13:04,神奈川県
アイブロウリスト／カウンセラー／メンズアイブロウサロン ロレインHomme横浜新着,合同会社LaBeau,神奈川県,月給24万円～48万円,正社員,美容,求人ボックス,https://xn--pckua2a7gp15o89zb.com/jb/77ad647e8fa9b398896f169c5eaf0b79,True,11時間前,2026-09-19 04:13:04,神奈川県
アイデザイナー／施術者新着,株式会社トラスト,神奈川県,"月給23万6,050円",正社員,美容,求人ボックス,https://xn--pckua2a7gp15o89zb.com/jb/552eb93c811b960c13350f3bbbc3a3ef,True,16時間前,2026-09-19 04:13:04,神奈川県
横浜市西区エリアでお仕事をお探しの方に!「クリニック受付」 クリニック受付／未経験OK新着,株式会社ディンプル,神奈川県,月給23万円～25万円,正社員,美容,求人ボックス,https://xn--pckua2a7gp15o89zb.com/jb/e3b3e6335659bb4a730c5f1fa261937f,True,10時間前,2026-09-19 04:13:04,神奈川県
ネイリスト／ジェルネイル 施術者／Jimbaran新着,株式会社タケヒロ,神奈川県,月給22万円～40万円,正社員,美容,求人ボックス,https://xn--pckua2a7gp15o89zb.com/jb/7d75019653fde9c382b9a8b992b10d17,True,13時間前,2026-09-19 04:13:04,神奈川県
アイリスト／まつげパーマ／まつげエクステ 新卒新着,株式会社ALICE,神奈川県,月給35万円～50万円,正社員,美容,求人ボックス,https://xn--pckua2a7gp15o89zb.com/jb/8d5d793c09cb832f0d727cd5e4c6ac82,True,10時間前,2026-09-19 04:13:04,神奈川県
理容師新着,株式会社サンビ商会,神奈川県,"時給1,250円～",正社員,美容,求人ボックス,https://xn--pckua2a7gp15o89zb.com/jb/38f01768152d43ff8e7f4dd1dec8b780,True,9時間前,2026-09-19 04:13:04,神奈川県
アイリスト／まつげパーマ／アイラッシュ／まつげエクステ 施術者新着,WHITE EYE,神奈川県,月給24万円～60万円,正社員,美容,求人ボックス,https://xn--pckua2a7gp15o89zb.com/jb/c288d6ae3cb4c3988ef8a9dd47b5516a,True,14時間前,2026-09-19 04:13:04,神奈川県
営業職／未経験大歓迎／週休2日制／年間休日121日／昇給年1回／交通費全額支給新着,株式会社Lazy Bacchus,神奈川県,月給25万円,正社員,美容,求人ボックス,https://xn--pckua2a7gp15o89zb.com/jb/618e35842dcce6a1542b4da384c4abb9,True,4時間前,2026-09-19 04:13:07,神奈川県
事務 正社員／未経験大歓迎／土日祝休み／年間休日125日／20代女性活躍中／おしゃれOK新着,マンパワーグループ株式会社,神奈川県,"月給21万6,000円",正社員,美容,求人ボックス,https://xn--pckua2a7gp15o89zb.com/jbn/0c356fe7fd5a179118c5b363129cd2b9,True,18時間前,2026-09-19 04:13:07,神奈川県
ココラッシュ マルイファミリーミゾノクチのアイリスト新着,COCOLASH マルイファミリー溝口,神奈川県,月給22万円～40万円,正社員,美容,求人ボックス,https://xn--pckua2a7gp15o89zb.com/jb/1e993b3e68690726947a2268dc3511da,True,13時間前,2026-09-19 04:13:07,神奈川県
ココラッシュ ヒヨシテンのアイリスト新着,COCOLASH 日吉店,神奈川県,月給22万円～40万円,正社員,美容,求人ボックス,https://xn--pckua2a7gp15o89zb.com/jb/78d33afc591da2601da770632f622752,True,13時間前,2026-09-19 04:13:07,神奈川県
ココラッシュ サクラギチョウテンのアイリスト新着,COCOLASH 桜木町店,神奈川県,月給22万円～40万円,正社員,美容,求人ボックス,https://xn--pckua2a7gp15o89zb.com/jb/b23c1428c50a81c6f1368dd0e938d8c6,True,13時間前,2026-09-19 04:13:07,神奈川県
受付 ／ ホテル接客・客室乗務員 ／ブライダル業界で接客&一般事務&横浜新着,パーソルテンプスタッフ株式会社,神奈川県,"時給1,600円",派遣社員,美容,求人ボックス,https://xn--pckua2a7gp15o89zb.com/jb/9c2c62b34e1b19aec5aafe90d74d5f1f,True,23時間前,2026-09-19 04:13:07,神奈川県
店舗スタッフ ホール・キッチン 月9日休・時短社員制度あり新着,株式会社アクアプランネット,神奈川県,月給22万円～50万円,正社員,美容,求人ボックス,https://xn--pckua2a7gp15o89zb.com/jb/26dd67558326f21aa3eb5d3c4cb5fbd0,True,1時間前,2026-09-19 04:13:07,神奈川県
ココラッシュ オオフナテンのアイリスト新着,COCOLASH 大船店,神奈川県,月給22万円～40万円,正社員,美容,求人ボックス,https://xn--pckua2a7gp15o89zb.com/jb/f0325cd8946e62e74a960d49296fe815,True,13時間前,2026-09-19 04:13:07,神奈川県
アイリスト／まつげパーマ／アイラッシュ／まつげエクステ 新卒／Liyone橋本新着,株式会社フレイムス,神奈川県,"月給22万5,000円",正社員,美容,求人ボックス,https://xn--pckua2a7gp15o89zb.com/jb/218321514776feb9eae12d97e7166a01,True,12時間前,2026-09-19 04:13:07,神奈川県
銀のさら 西湘店／宅配寿司「銀のさら」の社員新着,株式会社ソーシエ,神奈川県,"月給28万1,331円",正社員,美容,求人ボックス,https://xn--pckua2a7gp15o89zb.com/jb/8a176873069cec24a7dc2e981e4bc0b4,True,10時間前,2026-09-19 04:13:07,神奈川県
アイデザイナー・アイブロウリスト新着,ファッション人材リンク株式会社,神奈川県,"月給27万3,000円",正社員,美容,求人ボックス,https://xn--pckua2a7gp15o89zb.com/jb/4ce675fb9dd2fdd1e88ca7274864a5e9,True,13時間前,2026-09-19 04:13:07,神奈川県
薬局の受付事務 年休126日／女性活躍／面接1回・正社員採用／研修充実新着,総合メディカル株式会社,神奈川県,年収297万円～329万円,正社員,美容,求人ボックス,https://xn--pckua2a7gp15o89zb.com/jb/5f9d061147111de74498b2dc96fefca9,True,8時間前,2026-09-19 04:13:07,神奈川県
賃貸仲介／100%反響の賃貸仲介営業!未経験歓迎! 平均月収48万円のルームアドバイザー新着,エーアイアールグループ アットスタイル渋谷本店,神奈川県,月給28万円～,正社員,美容,求人ボックス,https://xn--pckua2a7gp15o89zb.com/jb/52e0f4cb5ceeb75901d396a3eb688f19,True,6時間前,2026-09-19 04:13:07,神奈川県
「ノルマ・歩合制なし、営業トークは必要なしの理容師募集」／元訪問美容スタッフ活躍中新着,QBハウスミューザ川崎,神奈川県,月給25万500円,正社員,美容,求人ボックス,https://xn--pckua2a7gp15o89zb.com/jbn/cd96b2690b7fc9d71461486b38db08de,True,23時間前,2026-09-19 04:13:09,神奈川県
「歩合制なし・安定した収入が得られる理容師／床屋」／有休取得率80%以上／元訪問美容スタッフ活躍中新着,QBハウス万葉の湯小田原,神奈川県,月給25万500円,正社員,美容,求人ボックス,https://xn--pckua2a7gp15o89zb.com/jbn/14aa2c6a539a3923615766525778994a,True,23時間前,2026-09-19 04:13:09,神奈川県
社会保険完備の職場で鍼灸師新着,訪問はり灸治療院 チームサポ,神奈川県,月給32万円～,正社員,美容,求人ボックス,https://xn--pckua2a7gp15o89zb.com/jb/9e8f4c19f0a3b47ac36a3320e9ae88a5,True,6時間前,2026-09-19 04:13:09,神奈川県
診療所・クリニックの看護師／准看護師新着,Y.CLINIC,神奈川県,"月給33万5,000円",正社員,美容,求人ボックス,https://xn--pckua2a7gp15o89zb.com/jb/abbd5173e1215ac1ff7d970bdbf33f1c,True,6時間前,2026-09-19 04:13:09,神奈川県
診療所・クリニックの看護師／准看護師新着,あらおクリニック 青葉台皮膚科・形成外科,神奈川県,月給31万円～36万円,契約社員,美容,求人ボックス,https://xn--pckua2a7gp15o89zb.com/jb/bd5af15e4a9103c18f581bc12b6943b5,True,6時間前,2026-09-19 04:13:09,神奈川県
定時ぴったり おじいちゃんおばあちゃんの見守りスタッフ／無資格OK新着,株式会社ウィルオブ・ワーク,神奈川県,"時給1,500円",派遣社員,美容,求人ボックス,https://xn--pckua2a7gp15o89zb.com/jb/548e1c974db75f0babcf5456fa0c6595,True,19時間前,2026-09-19 04:13:09,神奈川県
正看護師・准看護師／介護・福祉 日勤のみ新着,SOMPOケア株式会社,神奈川県,月給33万円,正社員,美容,求人ボックス,https://xn--pckua2a7gp15o89zb.com/jb/921d20dd57e73efd7cd9ce492f4a582e,True,7時間前,2026-09-19 04:13:09,神奈川県
ピラティストレーナー新着,株式会社nobitel,神奈川県,月給24万円～,正社員,美容,求人ボックス,https://xn--pckua2a7gp15o89zb.com/jb/8253cc7a3ff5d08deeae101b1839e5b3,True,12時間前,2026-09-19 04:13:09,神奈川県
美容師アシスタント／HAIR STUDIO IWASAKI新着,ヘアーサロンイワサキ,神奈川県,"時給1,280円～1,400円",アルバイト・パート,美容,求人ボックス,https://xn--pckua2a7gp15o89zb.com/jb/66abff2a9506307d9ee1d0d9056ff990,True,5時間前,2026-09-19 04:13:09,神奈川県
スタイリスト経験3年以上／スタイリスト新着,B-sutudio,神奈川県,"時給1,300円",アルバイト・パート,美容,求人ボックス,https://xn--pckua2a7gp15o89zb.com/jb/b39f744684898b5bd47edc9c63ac6eb8,True,12時間前,2026-09-19 04:13:09,神奈川県
美容室の受付新着,HAIR & MAKE EARTH 菊名店,神奈川県,"時給1,230円～",アルバイト・パート,美容,求人ボックス,https://xn--pckua2a7gp15o89zb.com/jb/b34e712a24ca3a45f58a89f6b371ae92,True,15時間前,2026-09-19 04:13:09,神奈川県
新規オープンのクリニック 美容看護師 募集! 週2日～OK新着,医療法人社団こころみ,神奈川県,"時給1,800円～2,000円",アルバイト・パート,美容,求人ボックス,https://xn--pckua2a7gp15o89zb.com/jb/6876227e39a0b15e64b29ce6a7ccff4d,True,3時間前,2026-09-19 04:13:09,神奈川県
週1日から勤務可／看護師募集2300円以上／20代から50代活躍中!婦人科クリニック駅から徒歩1分新着,育愛会レディースクリニック,神奈川県,"時給2,300円～2,500円",アルバイト・パート,美容,求人ボックス,https://xn--pckua2a7gp15o89zb.com/jb/8ea6a0d38d2a6316138de836c4396e2b,True,8時間前,2026-09-19 04:13:09,神奈川県
"看護師・准看護師／クリニック／駅徒歩5分以内, 日勤のみ可新着",美容,神奈川県,"時給2,000円",アルバイト・パート,美容,求人ボックス,https://xn--pckua2a7gp15o89zb.com/jb/98fdcb45d8c1c469fe2a9ef4074e231f,True,12時間前,2026-09-19 04:13:09,神奈川県
営業事務／充実の研修で安心スタート!／WEB面接可能／ブランクOK／事務正社員新着,「土日休みの友達と予定を合わせたい」そんなきっかけでのご応募も大歓迎です!第二新卒・既卒の方、フリーターからの社会人デビューも応援します。アパレル・カフェ・,神奈川県,月給22万500円,正社員,美容,求人ボックス,https://xn--pckua2a7gp15o89zb.com/jbn/49b1f5feb195c92074e8c20203dfc768,True,23時間前,2026-09-19 04:13:12,神奈川県
デジタルライフプランナー 日常のデジタルの悩みを解決／年休120日／賞与年2回新着,株式会社ピーシーデポコーポレーション,神奈川県,年収368万円～588万円,正社員,美容,求人ボックス,https://xn--pckua2a7gp15o89zb.com/jbn/ef17eb8ea3a4dca5f3f77ed7fe488928,True,19時間前,2026-09-19 04:13:12,神奈川県
OA事務／駅チカ／マニュアル完備／未経験でも安心／オシャレ自由／社会保険完備新着,...原則定時退社だからお仕事後のプライベートが超充実 ギスギスした雰囲気とは無縁の、何でも相談しやすい環境<元接客・販売スタッフが多数在籍!>コンビニ夜勤、ホテルフロント、居酒屋、アパレル、,神奈川県,月給22万500円,正社員,美容,求人ボックス,https://xn--pckua2a7gp15o89zb.com/jbn/69e704650c97e51f871d87042eeef8f0,True,23時間前,2026-09-19 04:13:12,神奈川県
バックオフィス事務／未経験歓迎／オフィスカジュアル可／昇給賞与アリ／既卒歓迎／安定収入新着,美容師,神奈川県,"月給22万4,000円",正社員,美容,求人ボックス,https://xn--pckua2a7gp15o89zb.com/jbn/b9ac20b6c1547780a2b7e144cad0da36,True,23時間前,2026-09-19 04:13:12,神奈川県
アイリスト／経験者新着,アイラッシュサロンチーク 横浜西口店,神奈川県,月給32万円,,美容,求人ボックス,https://xn--pckua2a7gp15o89zb.com/jb/5cf19d51489e83a97410ad0db2d87c3b,True,20時間前,2026-09-19 04:13:12,神奈川県
アイリスト／経験者・未経験新着,ローレルユー横浜店,神奈川県,月給25万円～60万円,正社員,美容,求人ボックス,https://xn--pckua2a7gp15o89zb.com/jb/06b612697f16c2baefbd5b943ca72a36,True,20時間前,2026-09-19 04:13:12,神奈川県
アイリスト／経験者・未経験新着,モストアイズ 溝の口店,神奈川県,月給27万円～50万円,正社員,美容,求人ボックス,https://xn--pckua2a7gp15o89zb.com/jb/581560b147667ac317d45b6df9f424c2,True,20時間前,2026-09-19 04:13:12,神奈川県
アイリスト／経験者・未経験新着,モストアイズ 川崎店,神奈川県,月給27万円～50万円,正社員,美容,求人ボックス,https://xn--pckua2a7gp15o89zb.com/jb/3f397326477be5e89ee58947d8e66ad5,True,20時間前,2026-09-19 04:13:12,神奈川県
営業新着,...相談される人間関係作りが大切です) 土地診断 ご成約 収益物件の建設 完成引き渡し・賃貸事業開始 【経験など】先輩たちの前職は、居酒屋やカフェの飲食店スタッフ、アパレルショップ店員、,神奈川県,"月給25万5,000円",,美容,求人ボックス,https://xn--pckua2a7gp15o89zb.com/jb/19c3a2e8aade0eef47d7b7555a7ee995,True,8時間前,2026-09-19 04:13:12,神奈川県
医師／美容皮膚科／週3日1000万円~の高水準報酬／レーザー・ヒアルロン酸など手技充実新着,<勤務内容>,神奈川県,"年収1,000万円～1,200万円",正社員,美容,求人ボックス,https://xn--pckua2a7gp15o89zb.com/jb/543a7c1af97c813eaef99837a9af8ccf,True,8時間前,2026-09-19 04:13:12,神奈川県
医師／横浜市金沢区×美容皮膚科／1000万～1200万／外来／当直なし／オンコールなし新着,美容,神奈川県,"年収1,000万円～1,200万円",正社員,美容,求人ボックス,https://xn--pckua2a7gp15o89zb.com/jb/a85707f25b48e265cde27946ccdfbdc9,True,8時間前,2026-09-19 04:13:12,神奈川県
看護業務／介護老人保健施設／日勤のみ／高時給新着,医療法人社団美里会 宮沢の里はなもも苑,神奈川県,"時給1,800円～1,900円",アルバイト・パート,美容,求人ボックス,https://xn--pckua2a7gp15o89zb.com/jbn/ebb857a4b03ffde605a403a3b1b77aab,True,21時間前,2026-09-19 04:13:12,神奈川県
看護業務／クリニック・診療所／駅近／日勤のみ新着,医療法人博仁会 ハマノ産婦人科,神奈川県,"時給1,750円～",アルバイト・パート,美容,求人ボックス,https://xn--pckua2a7gp15o89zb.com/jbn/1e32c188a9bba025b777a00a76733e75,True,21時間前,2026-09-19 04:13:12,神奈川県
看護業務／クリニック・診療所／駅近／日勤のみ新着,...クリニックでの看護業務、及び付随する業務全般を担当いただきます!・採血・注射など<補足情報>看護師:2～3名体制外来患者数:1日40～80名程度カルテ管理:電子診療科目:内科 循環器内科 心臓血,神奈川県,"時給1,800円～",アルバイト・パート,美容,求人ボックス,https://xn--pckua2a7gp15o89zb.com/jbn/538adcef0bd792b0b7f820a8fdce8ceb,True,21時間前,2026-09-19 04:13:12,神奈川県
電力事業の建設作業員／未経験大歓迎新着,中林建設株式会社,神奈川県,月給24万円～48万円,正社員,建設,求人ボックス,https://xn--pckua2a7gp15o89zb.com/jb/3b039612bf556790ef0814b544d4c195,True,10時間前,2026-09-19 04:13:05,神奈川県
土間・左官／未経験から床づくりのプロに／職人さんが直接伝授／完全週休2日制／空調服も貸与／賞与年2回新着,株式会社ジェイワン,神奈川県,"月給25万3,100円",正社員,建設,求人ボックス,https://xn--pckua2a7gp15o89zb.com/jbn/c69bafb65b51894d58e5c6b288f33565,True,20時間前,2026-09-19 04:13:05,神奈川県
「予約制のタクシードライバー」週3日勤務で月収40万円以上／未経験OK／20代～50代が活躍中新着,建設,神奈川県,"月給45万6,000円",正社員,建設,求人ボックス,https://xn--pckua2a7gp15o89zb.com/jbn/a9b08e5fffbed664ecbf8a864893c766,True,11時間前,2026-09-19 04:13:05,神奈川県
設備インフラエンジニアリング 年収や休日を自分次第で調整できる自由な会社で働きませんか新着,エージーティー株式会社,神奈川県,月給24万円～65万円,正社員,建設,求人ボックス,https://xn--pckua2a7gp15o89zb.com/jb/36a742bcdb7d27a32c16cdf1d59bc875,True,10時間前,2026-09-19 04:13:05,神奈川県
著名人・VIPの予約タクシードライバー／普通免許のみOK／未経験から正社員へ／賞与年2回新着,フードデリバリー配達員/宅配便ドライバールート配送ドライバー(飲料・食品)...[年収実績]25歳男性/前職:フードデリバリー配達員入社1年目で年収650万円を達成。,神奈川県,"月給45万6,000円",正社員,建設,求人ボックス,https://xn--pckua2a7gp15o89zb.com/jbn/a830234254c326e553a6aba0a207c551,True,8時間前,2026-09-19 04:13:05,神奈川県
普通免許から始めるタクシードライバー／二種免許取得支援あり／役員・VIP・予約送迎／賞与あり新着,フードデリバリー配達員/宅配便ドライバールート配送ドライバー(飲料・食品)...(前職:フードデリバリー配達員/25歳男性) 福利厚生 ・社会保険完備(厚生年金・健康保険・雇用保険・労災)...,神奈川県,"月給45万6,000円",正社員,建設,求人ボックス,https://xn--pckua2a7gp15o89zb.com/jbn/e9c428046536c787b15bc4af3ffaac7c,True,9時間前,2026-09-19 04:13:05,神奈川県
夜間予約タクシードライバー／普通免許OK／二種免許は会社負担／月収50万円以上も可／賞与あり新着,フードデリバリー配達員/宅配便ドライバールート配送ドライバー(飲料・食品)長距離大型トラック/中型トラック運転手引越しドライバー/デリバリーサービス倉庫,神奈川県,"月給45万6,000円",正社員,建設,求人ボックス,https://xn--pckua2a7gp15o89zb.com/jbn/7e7cbaddf42ae9dbdef36429547c23e6,True,8時間前,2026-09-19 04:13:05,神奈川県
夜勤の役員タクシードライバー／空港・会食・VIP送迎あり／普通免許OK／賞与年2回／福利厚生充実新着,...軽貨物配送ドライバーフードデリバリー配達員/宅配便ドライバールート配送ドライバー(飲料・食品)長距離大型トラック/中型トラック運転手引越しドライバー/デリバリーサービス倉庫,神奈川県,"月給45万6,000円",正社員,建設,求人ボックス,https://xn--pckua2a7gp15o89zb.com/jbn/02d20e6db56f31454a0877d96af26cd6,True,9時間前,2026-09-19 04:13:05,神奈川県
「週3勤務・芸能人・タレント」タクシードライバー／二種免許不要／賞与年2回／正社員雇用新着,フードデリバリー配達員/宅配便ドライバールート配送ドライバー(飲料・食品)...<年収例>入社1年目:年収650万円前職:フードデリバリー配達員(25歳男性),神奈川県,"月給45万6,000円",正社員,建設,求人ボックス,https://xn--pckua2a7gp15o89zb.com/jbn/2b0b7781d58fb9a143bdfde9885c8e55,True,9時間前,2026-09-19 04:13:06,神奈川県
「社会保険完備・福利厚生充実」タクシードライバー／夜勤／学歴不問／ボーナス年2回／空港送迎／会食送迎新着,...軽貨物配送ドライバーフードデリバリー配達員/宅配便ドライバールート配送ドライバー(飲料・食品)長距離大型トラック/中型トラック運転手引越しドライバー/デリバリーサービス倉庫,神奈川県,"月給40万4,000円",正社員,建設,求人ボックス,https://xn--pckua2a7gp15o89zb.com/jbn/0d822bb6f555ebbbf020aab9a1b794c3,True,9時間前,2026-09-19 04:13:06,神奈川県
アルファードでの夜間タクシードライバー／VIP・著名人対応あり／AT限定OK／接客経験を活かせる新着,フードデリバリー配達員/宅配便ドライバールート配送ドライバー(飲料・食品)...外での,神奈川県,"月給40万4,000円",正社員,建設,求人ボックス,https://xn--pckua2a7gp15o89zb.com/jbn/83b59bf7c6955f9ac35cc1ea6d36dc8d,True,9時間前,2026-09-19 04:13:06,神奈川県
「タクシードライバー」二種免許会社負担／経歴不問／年収600万円以上可／若手世代活躍中新着,...軽貨物配送ドライバーフードデリバリー配達員/宅配便ドライバールート配送ドライバー(飲料・食品)長距離大型トラック/中型トラック運転手引越しドライバー/デリバリーサービス倉庫,神奈川県,"月給40万4,000円",正社員,建設,求人ボックス,https://xn--pckua2a7gp15o89zb.com/jbn/2957f1b41c9ce57ac26ffa8e4c6c1b67,True,9時間前,2026-09-19 04:13:06,神奈川県
月11日～13日勤務のタクシードライバー／空港・VIP送迎あり／普通免許OK／履歴書不要／賞与年2回新着,未経験OK,神奈川県,"月給45万6,000円",正社員,建設,求人ボックス,https://xn--pckua2a7gp15o89zb.com/jbn/d4f82627766ff9548493456299968ee5,True,8時間前,2026-09-19 04:13:06,神奈川県
「夜勤・高収入・空港送迎」タクシードライバー／普通免許でOK／賞与あり／年収600万円以上可新着,フードデリバリー配達員/宅配便ドライバールート配送ドライバー(飲料・食品)...<年収例>入社1年目:年収650万円前職:フードデリバリー配達員(25歳男性),神奈川県,"月給40万4,000円",正社員,建設,求人ボックス,https://xn--pckua2a7gp15o89zb.com/jbn/b5ac05130075252ef2f558c7187b4791,True,9時間前,2026-09-19 04:13:09,神奈川県
タクシードライバー／普通免許OK／年収600万円以上も可／履歴書不要／退職金制度あり新着,...軽貨物配送ドライバーフードデリバリー配達員/宅配便ドライバールート配送ドライバー(飲料・食品)長距離大型トラック/中型トラック運転手引越しドライバー/デリバリーサービス倉庫,神奈川県,"月給40万5,000円",正社員,建設,求人ボックス,https://xn--pckua2a7gp15o89zb.com/jbn/a4f04dd300c534c94f38ccdc5d5b7821,True,10時間前,2026-09-19 04:13:09,神奈川県
タクシードライバー／普通免許OK・AT限定可／未経験から正社員へ／週3日勤務可新着,...軽貨物配送ドライバーフードデリバリー配達員/宅配便ドライバールート配送ドライバー(飲料・食品)長距離大型トラック/中型トラック運転手引越しドライバー/デリバリーサービス倉庫,神奈川県,"月給40万5,000円",正社員,建設,求人ボックス,https://xn--pckua2a7gp15o89zb.com/jbn/b519a259771ed06b90bc2be26f5d48c7,True,9時間前,2026-09-19 04:13:09,神奈川県
週3勤務のタクシードライバー／普通免許だけで応募OK／予約中心で落ち着いて働ける／賞与年2回新着,...軽貨物配送ドライバーフードデリバリー配達員/宅配便ドライバールート配送ドライバー(飲料・食品)長距離大型トラック/中型トラック運転手引越しドライバー/デリバリーサービス倉庫,神奈川県,"月給40万5,000円",正社員,建設,求人ボックス,https://xn--pckua2a7gp15o89zb.com/jbn/2f7b410658ce8ff44a9713f9cfa4ca97,True,10時間前,2026-09-19 04:13:09,神奈川県
「夜勤・タクシードライバー」二種免不要／企業役員／賞与年2回／20代活躍中／安定収入新着,フードデリバリー配達員/宅配便ドライバールート配送ドライバー(飲料・食品)...<年収例>入社1年目:年収650万円前職:フードデリバリー配達員(25歳男性),神奈川県,"月給40万4,000円",正社員,建設,求人ボックス,https://xn--pckua2a7gp15o89zb.com/jbn/9e5c6fa93b82f37163a579c248a74421,True,9時間前,2026-09-19 04:13:09,神奈川県
週3勤務のタクシードライバー／普通免許OK／未経験から正社員へ／履歴書不要／賞与年2回新着,...軽貨物配送ドライバーフードデリバリー配達員/宅配便ドライバールート配送ドライバー(飲料・食品)長距離大型トラック/中型トラック運転手引越しドライバー/デリバリーサービス倉庫,神奈川県,"月給40万5,000円",正社員,建設,求人ボックス,https://xn--pckua2a7gp15o89zb.com/jbn/488e9140f1c5318b6169a226b405c781,True,10時間前,2026-09-19 04:13:09,神奈川県
役員・VIPタクシードライバー／普通免許OK／年収600万円以上も可／履歴書不要／退職金制度あり新着,...軽貨物配送ドライバーフードデリバリー配達員/宅配便ドライバールート配送ドライバー(飲料・食品)長距離大型トラック/中型トラック運転手引越しドライバー/デリバリーサービス倉庫,神奈川県,"月給40万4,000円",正社員,建設,求人ボックス,https://xn--pckua2a7gp15o89zb.com/jbn/a07c123a51d2e0e354d36c2c5253fb26,True,9時間前,2026-09-19 04:13:09,神奈川県
「月11日～13日勤務!」タクシードライバー／履歴書不要／空港送迎／社会保険完備／賞与あり新着,フードデリバリー配達員/宅配便ドライバールート配送ドライバー(飲料・食品)...<年収例>入社1年目:年収650万円前職:フードデリバリー配達員(25歳男性),神奈川県,"月給40万4,000円",正社員,建設,求人ボックス,https://xn--pckua2a7gp15o89zb.com/jbn/88c61bab96e8acb6e3b6baf10cbc6102,True,9時間前,2026-09-19 04:13:09,神奈川県
「タクシードライバー」二種免不要／週3勤務／安定収入／ボーナス年2回／若手活躍中／安心の正社員雇用新着,...軽貨物配送ドライバーフードデリバリー配達員/宅配便ドライバールート配送ドライバー(飲料・食品)長距離大型トラック/中型トラック運転手引越しドライバー/デリバリーサービス倉庫,神奈川県,"月給40万4,000円",正社員,建設,求人ボックス,https://xn--pckua2a7gp15o89zb.com/jbn/3db329bb1fdcfcd6352c532f36f080ad,True,9時間前,2026-09-19 04:13:13,神奈川県
夜勤の予約タクシードライバー／企業役員・VIP対応あり／普通免許OK／二種免許取得支援あり新着,フードデリバリー配達員/宅配便ドライバールート配送ドライバー(飲料・食品)...25歳男性・前職フードデリバリー配達員が入社1年目で年収650万円を達成しています。...,神奈川県,"月給45万6,000円",正社員,建設,求人ボックス,https://xn--pckua2a7gp15o89zb.com/jbn/0d1545b04d798ddc6acbc754185969ab,True,9時間前,2026-09-19 04:13:13,神奈川県
週3勤務の役員タクシードライバー／普通免許だけで応募OK／予約中心で落ち着いて働ける／賞与年2回新着,...軽貨物配送ドライバーフードデリバリー配達員/宅配便ドライバールート配送ドライバー(飲料・食品)長距離大型トラック/中型トラック運転手引越しドライバー/デリバリーサービス倉庫,神奈川県,"月給40万4,000円",正社員,建設,求人ボックス,https://xn--pckua2a7gp15o89zb.com/jbn/2ff935c5cdfd0505ed5a9a949d344810,True,9時間前,2026-09-19 04:13:13,神奈川県
「夜勤」タクシードライバー・AT限定OK／接客経験活かせる／賞与年2回／VIP対応／アルファード新着,...軽貨物配送ドライバーフードデリバリー配達員/宅配便ドライバールート配送ドライバー(飲料・食品)長距離大型トラック/中型トラック運転手引越しドライバー/デリバリーサービス倉庫,神奈川県,"月給40万4,000円",正社員,建設,求人ボックス,https://xn--pckua2a7gp15o89zb.com/jbn/bf8532f2024e196a8730f8cb572ccb4d,True,9時間前,2026-09-19 04:13:13,神奈川県
役員・著名人の予約タクシードライバー／普通免許OK・AT限定可／未経験から正社員へ／週3日勤務可新着,...軽貨物配送ドライバーフードデリバリー配達員/宅配便ドライバールート配送ドライバー(飲料・食品)長距離大型トラック/中型トラック運転手引越しドライバー/デリバリーサービス倉庫,神奈川県,"月給45万6,000円",正社員,建設,求人ボックス,https://xn--pckua2a7gp15o89zb.com/jbn/6e626d9c158279e44e36fa0488550a68,True,9時間前,2026-09-19 04:13:13,神奈川県
「経歴不問・タクシードライバー」未経験歓迎／社会保険完備の正社員雇用／週3勤務／AT限定OK新着,...軽貨物配送ドライバーフードデリバリー配達員/宅配便ドライバールート配送ドライバー(飲料・食品)長距離大型トラック/中型トラック運転手引越しドライバー/デリバリーサービス倉庫,神奈川県,"月給40万4,000円",正社員,建設,求人ボックス,https://xn--pckua2a7gp15o89zb.com/jbn/442abbe25e489b996b37c0da31ef74cf,True,9時間前,2026-09-19 04:13:13,神奈川県
週3勤務の予約タクシードライバー／普通免許OK／未経験から正社員へ／履歴書不要／賞与年2回新着,...軽貨物配送ドライバーフードデリバリー配達員/宅配便ドライバールート配送ドライバー(飲料・食品)長距離大型トラック/中型トラック運転手引越しドライバー/デリバリーサービス倉庫,神奈川県,"月給40万4,000円",正社員,建設,求人ボックス,https://xn--pckua2a7gp15o89zb.com/jbn/674496731f9d1427d4a4fd6e55d258fb,True,9時間前,2026-09-19 04:13:13,神奈川県
「タクシードライバー」未経験OK／履歴書不要／週3勤務／賞与あり／研修制度充実／社会保険完備新着,...軽貨物配送ドライバーフードデリバリー配達員/宅配便ドライバールート配送ドライバー(飲料・食品)長距離大型トラック/中型トラック運転手引越しドライバー/デリバリーサービス倉庫,神奈川県,"月給40万4,000円",正社員,建設,求人ボックス,https://xn--pckua2a7gp15o89zb.com/jbn/f2f5622fb91327fdf71db470c8c7d43e,True,9時間前,2026-09-19 04:13:13,神奈川県
空調衛生設備施工管理／設備施工管理／RC造新築工事 未経験OK新着,株式会社コプロコンストラクション,神奈川県,"月給29万1,460円",派遣社員,建設,求人ボックス,https://xn--pckua2a7gp15o89zb.com/jb/cc4b147f6604cf146a84134cd7f5ab85,True,16時間前,2026-09-19 04:13:16,神奈川県
未経験OK 環境工事会社の事務・土日祝休み 17:00終業でほぼ残業なし新着,令和環境株式会社,神奈川県,月給22万円～25万円,正社員,建設,求人ボックス,https://xn--pckua2a7gp15o89zb.com/jb/6eadefe282ce271ebe03acee7d041b9a,True,4時間前,2026-09-19 04:13:16,神奈川県
「1年目から高収入可能」タクシー運転手／週3勤務／福利厚生充実新着,作業,神奈川県,"月給51万6,400円",正社員,建設,求人ボックス,https://xn--pckua2a7gp15o89zb.com/jbn/677675f35ce1591887dabc858af5df4f,True,8時間前,2026-09-19 04:13:16,神奈川県
「高収入」夜勤／タクシー運転手／定期送迎「月収50万円以上可能／安定収入／賞与年2回」新着,建設・,神奈川県,"月給45万7,000円",正社員,建設,求人ボックス,https://xn--pckua2a7gp15o89zb.com/jbn/020923c0df81006a4a92fbe828bf993d,True,8時間前,2026-09-19 04:13:16,神奈川県
タクシー運転手「週3勤務」資格取得支援あり／月収40万円以上／安定収入／転職回数不問新着,...以下のような経験をお持ちの方は特に歓迎します。・軽貨物ドライバー・ルート配送スタッフ・宅配ドライバー・タクシー運転手・大型トラックドライバー・フォークリフトオペレーター・,神奈川県,"月給45万9,600円",正社員,建設,求人ボックス,https://xn--pckua2a7gp15o89zb.com/jbn/846bbedb750185bc942491a2b2b01efc,True,8時間前,2026-09-19 04:13:16,神奈川県
「夜勤でしっかり稼ぐ」VIPタクシードライバー／残業少なめ／正社員採用／賞与あり新着,...以下のような経験をお持ちの方は特に歓迎します。・軽貨物ドライバー・ルート配送スタッフ・宅配ドライバー・タクシー運転手・大型トラックドライバー・フォークリフトオペレーター・,神奈川県,"月給45万6,000円",正社員,建設,求人ボックス,https://xn--pckua2a7gp15o89zb.com/jbn/400397077c3bf3ad28690e881303d2a8,True,8時間前,2026-09-19 04:13:16,神奈川県
「夜勤でしっかり稼ぐ」タクシードライバー／残業少なめ／正社員採用／賞与あり新着,...以下のような経験をお持ちの方は特に歓迎します。・軽貨物ドライバー・ルート配送スタッフ・宅配ドライバー・タクシー運転手・大型トラックドライバー・フォークリフトオペレーター・,神奈川県,"月給45万7,700円",正社員,建設,求人ボックス,https://xn--pckua2a7gp15o89zb.com/jbn/6feb08b54ee95da1ced19eed396af199,True,8時間前,2026-09-19 04:13:19,神奈川県
タクシードライバー／週3勤務／学歴不問／1年目月収50万以上／賞与年2回新着,建設・,神奈川県,月給46万400円,正社員,建設,求人ボックス,https://xn--pckua2a7gp15o89zb.com/jbn/df8dc247190ad3d373b111bc0aae75be,True,9時間前,2026-09-19 04:13:19,神奈川県
タクシードライバー／「即入社相談可」夜間送迎スタッフ／履歴書不要／安定の正社員雇用新着,作業,神奈川県,"月給45万6,000円",正社員,建設,求人ボックス,https://xn--pckua2a7gp15o89zb.com/jbn/42eb25bf939c6a8ff8a6e001265e83f1,True,9時間前,2026-09-19 04:13:19,神奈川県
タクシードライバー／未経験歓迎／会食・空港送迎中心／年収600万円以上可新着,建設・,神奈川県,"月給45万9,800円",正社員,建設,求人ボックス,https://xn--pckua2a7gp15o89zb.com/jbn/0d0ae00268da79d43efe2a351276c785,True,9時間前,2026-09-19 04:13:19,神奈川県
「未経験歓迎」タクシードライバー／月収50万円以上可／退職金制度あり新着,...以下のような経験をお持ちの方は特に歓迎します。・軽貨物ドライバー・ルート配送スタッフ・宅配ドライバー・タクシー運転手・大型トラックドライバー・フォークリフトオペレーター・,神奈川県,"月給40万8,000円",正社員,建設,求人ボックス,https://xn--pckua2a7gp15o89zb.com/jbn/37421261ced1ff3fc94358a5e94ac191,True,9時間前,2026-09-19 04:13:19,神奈川県
「1年目から高収入可能」タクシードライバー／週3勤務／福利厚生充実新着,作業,神奈川県,"月給40万4,000円",正社員,建設,求人ボックス,https://xn--pckua2a7gp15o89zb.com/jbn/9905ec24b6db640873238d92863989eb,True,9時間前,2026-09-19 04:13:19,神奈川県
夜間専属タクシードライバー／月収50万円以上可能／賞与年2回／普通免許のみで応募可新着,...以下のような経験をお持ちの方は特に歓迎します。・軽貨物ドライバー・ルート配送スタッフ・宅配ドライバー・タクシー運転手・大型トラックドライバー・フォークリフトオペレーター・,神奈川県,"月給45万7,700円",正社員,建設,求人ボックス,https://xn--pckua2a7gp15o89zb.com/jbn/280b7879e02a9141e65f9022d3c292c7,True,9時間前,2026-09-19 04:13:19,神奈川県
「予約中心だから未経験でも安心」タクシードライバー／週3勤務／月収50万円以上可新着,建設・,神奈川県,"月給40万4,000円",正社員,建設,求人ボックス,https://xn--pckua2a7gp15o89zb.com/jbn/f36c8688afcfb425df4b5930a480af08,True,9時間前,2026-09-19 04:13:22,神奈川県
「夜勤で稼げる」タクシードライバー／普通免許のみOK／年収600万円以上可／賞与年2回新着,...以下のような経験をお持ちの方は特に歓迎します。・軽貨物ドライバー・ルート配送スタッフ・宅配ドライバー・タクシー運転手・大型トラックドライバー・フォークリフトオペレーター・,神奈川県,"月給40万7,000円",正社員,建設,求人ボックス,https://xn--pckua2a7gp15o89zb.com/jbn/74a283e7801b8e937de5382e3e8619c2,True,9時間前,2026-09-19 04:13:22,神奈川県
タクシードライバー／週3勤務／異業種からの転職歓迎新着,建設・,神奈川県,"月給47万8,000円",正社員,建設,求人ボックス,https://xn--pckua2a7gp15o89zb.com/jbn/6d2a912c66ca63b868bf8bc3db636509,True,9時間前,2026-09-19 04:13:22,神奈川県
タクシードライバー／普通免許のみで応募OK／週3日勤務／賞与あり／高収入実現可能新着,作業,神奈川県,"月給47万6,000円",正社員,建設,求人ボックス,https://xn--pckua2a7gp15o89zb.com/jbn/132300444db799d8ea547fbb2ce76857,True,10時間前,2026-09-19 04:13:22,神奈川県
「週3日勤務で年収600万円も可能」タクシードライバー／普通免許のみOK／未経験歓迎／賞与年2回新着,建設・,神奈川県,"月給47万6,000円",正社員,建設,求人ボックス,https://xn--pckua2a7gp15o89zb.com/jbn/aa5f7ee4b48f9136bdbb4743317cc4ec,True,10時間前,2026-09-19 04:13:22,神奈川県
「未経験1年目600万円／定着率90%以上」「週3日勤務／正社員」タクシードライバー新着,建設・,神奈川県,"月給45万6,800円",正社員,建設,求人ボックス,https://xn--pckua2a7gp15o89zb.com/jbn/14296061613591913bbd3ebad98800ea,True,11時間前,2026-09-19 04:13:22,神奈川県
「転職回数不問」役員タクシードライバー／週3勤務／安定収入／正社員採用新着,...以下のような経験をお持ちの方は特に歓迎します。・軽貨物ドライバー・ルート配送スタッフ・宅配ドライバー・タクシー運転手・大型トラックドライバー・フォークリフトオペレーター・,神奈川県,"月給45万6,100円",正社員,建設,求人ボックス,https://xn--pckua2a7gp15o89zb.com/jbn/445340789da9e8565963162b33ec8a8c,True,11時間前,2026-09-19 04:13:22,神奈川県
現場管理 経験者限定 寮完備 全国拠点新着,株式会社GS STAFF,神奈川県,"月給35万1,500円",派遣社員,建設,求人ボックス,https://xn--pckua2a7gp15o89zb.com/jb/1cf0362a5456e543b6378b56d730531b,True,3時間前,2026-09-19 04:13:25,神奈川県
空調設備の施工スタッフ 基本残業なし 未経験OK 資格取得支援あり新着,株式会社プラスワイシステム,神奈川県,月給30万円～40万円,正社員,建設,求人ボックス,https://xn--pckua2a7gp15o89zb.com/jb/7cf0b8b2bf4b176390ed82e41659df7f,True,3時間前,2026-09-19 04:13:25,神奈川県
芸能関係者のタクシードライバー／未経験歓迎／週3勤務／月収45万円以上／20代～50代活躍中新着,作業,神奈川県,"月給40万6,100円",正社員,建設,求人ボックス,https://xn--pckua2a7gp15o89zb.com/jbn/c3cc86ebf4ba4752fa99f0d7ef0f366f,True,12時間前,2026-09-19 04:13:25,神奈川県
夜間専属タクシードライバー／週3日勤務OK／異業種出身多数／未経験活躍中／土日祝休みあり新着,...以下のような経験をお持ちの方は特に歓迎します。・軽貨物ドライバー・ルート配送スタッフ・宅配ドライバー・タクシー運転手・大型トラックドライバー・フォークリフトオペレーター・,神奈川県,"月給40万4,700円",正社員,建設,求人ボックス,https://xn--pckua2a7gp15o89zb.com/jbn/1262d07d799aceb297ec400d799d799e,True,12時間前,2026-09-19 04:13:25,神奈川県
電気メンテナンス 未経験歓迎の設備メンテナンス職新着,株式会社ヤマスズ,神奈川県,月給25万円～45万円,正社員,建設,求人ボックス,https://xn--pckua2a7gp15o89zb.com/jb/323b7510448756cd0fd7ad69cb384d40,True,9時間前,2026-09-19 04:13:25,神奈川県
「高収入」夜勤／タクシー／定期送迎「月収50万円以上可能／安定収入／賞与年2回」新着,建設・,神奈川県,"月給46万1,700円",正社員,建設,求人ボックス,https://xn--pckua2a7gp15o89zb.com/jbn/93b7b33f0c014cfd01680b2db3408352,True,8時間前,2026-09-19 04:13:25,神奈川県
「VIP送迎中心」夜勤タクシードライバー／年収600万円以上／賞与年2回新着,建設・,神奈川県,"月給45万6,000円",正社員,建設,求人ボックス,https://xn--pckua2a7gp15o89zb.com/jbn/479db9088e64ae1b8ad846e378336417,True,8時間前,2026-09-19 04:13:28,神奈川県
「内定までスピーディー」夜勤タクシードライバー／履歴書不要／未経験OK／月収50万円以上新着,作業,神奈川県,"月給45万6,000円",正社員,建設,求人ボックス,https://xn--pckua2a7gp15o89zb.com/jbn/c77fb08696557ae384891b9b61617f89,True,9時間前,2026-09-19 04:13:28,神奈川県
「タレント／芸能」タクシードライバー／週3勤務／学歴不問／1年目月収50万以上／賞与年2回新着,建設・,神奈川県,"月給40万4,000円",正社員,建設,求人ボックス,https://xn--pckua2a7gp15o89zb.com/jbn/0dbdee21f426c8f2e7bd6e1592ede452,True,9時間前,2026-09-19 04:13:28,神奈川県
現場作業員 公共インフラを支えるやりがいある土木スタッフ新着,株式会社佐野建設,神奈川県,月給33万円～70万円,正社員,建設,求人ボックス,https://xn--pckua2a7gp15o89zb.com/jb/5d62dfd56a9a4a68dbf6c8f6c594d427,True,3時間前,2026-09-19 04:13:28,神奈川県
「未経験1年目600万円／定着率90%以上」「週3勤務・予約制タクシードライバー」普通免許のみOK新着,建設・,神奈川県,"月給45万6,100円",正社員,建設,求人ボックス,https://xn--pckua2a7gp15o89zb.com/jbn/3b066e377659523312b402c471b32173,True,11時間前,2026-09-19 04:13:28,神奈川県
購買積算新着,瀬戸建設,神奈川県,月給25万円～32万円,正社員,建設,求人ボックス,https://xn--pckua2a7gp15o89zb.com/jb/321d79b1211632445481b16f1e0ac273,True,7時間前,2026-09-19 04:13:28,神奈川県
現場作業員 経歴不問 努力をしっかり評価新着,重田建設企業株式会社,神奈川県,"日給1万6,000円",正社員,建設,求人ボックス,https://xn--pckua2a7gp15o89zb.com/jb/c4393f843bc7c2ff9a9cbeb0443d1ebc,True,9時間前,2026-09-19 04:13:28,神奈川県
「タクシードライバー」月内採用／夜勤／履歴書不要／月収50万円以上／正社員採用／社会保険完備新着,...以下のような経験をお持ちの方は特に歓迎します。・軽貨物ドライバー・ルート配送スタッフ・宅配ドライバー・タクシー運転手・大型トラックドライバー・フォークリフトオペレーター・,神奈川県,"月給45万6,000円",正社員,建設,求人ボックス,https://xn--pckua2a7gp15o89zb.com/jbn/6582b2a85f2a8ce9e542ff4fe0e28229,True,9時間前,2026-09-19 04:13:31,神奈川県
「高収入」夜勤／タクシードライバー／定期送迎「月収50万円以上可能／安定収入／賞与年2回」新着,建設・,神奈川県,"月給40万4,000円",正社員,建設,求人ボックス,https://xn--pckua2a7gp15o89zb.com/jbn/ce8690c4dd30d4e23e8001c22aee8b79,True,9時間前,2026-09-19 04:13:31,神奈川県
管工事作業員 未経験歓迎／管工事作業員事の技術を一から学べます新着,有限会社中嶋設備,神奈川県,月給28万円～45万円,正社員,建設,求人ボックス,https://xn--pckua2a7gp15o89zb.com/jb/a176f6a40b9a3285f2f801bd1058d8d9,True,3時間前,2026-09-19 04:13:31,神奈川県
通信インフラ工事スタッフ新着,株式会社リンクトゥモロー,神奈川県,月給23万円～35万円,派遣社員,建設,求人ボックス,https://xn--pckua2a7gp15o89zb.com/jb/4430ea64bad4d87c390009b237c09006,True,19時間前,2026-09-19 04:13:31,神奈川県
大型特殊車両の整備／1日5時間から・週3日から／作業着洗濯は会社負担新着,モリタース車輌工業株式会社,神奈川県,"時給1,300円～1,500円",アルバイト・パート,建設,求人ボックス,https://xn--pckua2a7gp15o89zb.com/jb/a438e577a1e42f7b9d08bd4f455f8104,True,11時間前,2026-09-19 04:13:31,神奈川県
「月内採用」タクシードライバー・夜勤／職歴不問／未経験OK／1年目年収600万円以上可／賞与年2回新着,作業,神奈川県,"月給40万4,000円",正社員,建設,求人ボックス,https://xn--pckua2a7gp15o89zb.com/jbn/179a379eb6c89fa9520b3af92928f937,True,9時間前,2026-09-19 04:13:31,神奈川県
総合病院での一般事務新着,株式会社日本教育クリエイト,神奈川県,"月給20万4,700円",派遣社員,事務,求人ボックス,https://xn--pckua2a7gp15o89zb.com/jbn/f949d52db0056db6dd5ffaf130cd99b7,True,20時間前,2026-09-19 04:13:12,神奈川県
事務職／一般事務／駅近／有給休暇あり／20〜30代女性活躍中／社保完備新着,営業,神奈川県,月給22万円～50万円,正社員,事務,求人ボックス,https://xn--pckua2a7gp15o89zb.com/jbn/c3b0a62036c13710306e30cbe507f4e1,True,5時間前,2026-09-19 04:13:12,神奈川県
運送会社での一般事務スタッフ新着,ダイセーエブリー二十四株式会社 厚木ハブセンター,神奈川県,"時給1,300円～",アルバイト・パート,事務,求人ボックス,https://xn--pckua2a7gp15o89zb.com/jb/8fb81f10e6a964c2c24b8c06311fef34,True,9時間前,2026-09-19 04:13:12,神奈川県
事務職／一般事務／産休・育休取得実績多数／未経験からのスタート歓迎新着,一般事務,神奈川県,月給20万円～50万円,正社員,事務,求人ボックス,https://xn--pckua2a7gp15o89zb.com/jbn/2c200859532935cc2df6956633679b10,True,5時間前,2026-09-19 04:13:16,神奈川県
ホイールメーカーの一般事務／未経験可／年休125日／男性活躍中新着,株式会社レーシングサービスワタナベ,神奈川県,"月給30万7,500円",正社員,事務,求人ボックス,https://xn--pckua2a7gp15o89zb.com/jb/5d222a0109d3b9ba649ec554ec051dfb,True,23時間前,2026-09-19 04:13:20,神奈川県
「20代から事務デビュー!」／一般事務／20代活躍中／入社日相談OK新着,一般事務,神奈川県,"月給28万4,000円",正社員,事務,求人ボックス,https://xn--pckua2a7gp15o89zb.com/jbn/5b88b3419c7c1c48dd89b718d10011c1,True,10時間前,2026-09-19 04:13:23,神奈川県
事務職／一般事務／未経験OK／残業なし／育休制度あり／在宅OK新着,事務,神奈川県,"月給22万5,000円",正社員,事務,求人ボックス,https://xn--pckua2a7gp15o89zb.com/jbn/047fef91f87c7fd2e8d4f5307212cf5b,True,5時間前,2026-09-19 04:13:23,神奈川県
「はじめての事務デビュー!」／一般事務／賞与あり／交通費支給新着,一般事務,神奈川県,"月給28万4,000円",正社員,事務,求人ボックス,https://xn--pckua2a7gp15o89zb.com/jbn/2749c1b2abf21c95658b61458a8de889,True,11時間前,2026-09-19 04:13:26,神奈川県
「20代から事務デビュー!」／一般事務／入社日相談OK／スピード選考新着,一般事務,神奈川県,"月給25万4,000円",正社員,事務,求人ボックス,https://xn--pckua2a7gp15o89zb.com/jbn/97ec943b8f14a3f4cf23edc2746e78fa,True,10時間前,2026-09-19 04:13:30,神奈川県
事務職／一般事務／30代未経験歓迎／育休取得実績あり／駅近勤務で通勤便...新着,一般事務,神奈川県,"月給21万5,000円",正社員,事務,求人ボックス,https://xn--pckua2a7gp15o89zb.com/jbn/6235b2fb02bbaa0f4c1152b2e7749dda,True,5時間前,2026-09-19 04:13:33,神奈川県
「座って事務デビュー!」／一般事務／未経験OK／高収入／学歴不問新着,一般事務,神奈川県,"月給28万7,000円",正社員,事務,求人ボックス,https://xn--pckua2a7gp15o89zb.com/jbn/b98929102443f368d17a7b180097f7ac,True,11時間前,2026-09-19 04:13:36,神奈川県
事務 一般事務 月給25万円~賞与年2回／日曜固定休み／車通勤可新着,有限会社昇領,神奈川県,月給25万円,正社員,事務,求人ボックス,https://xn--pckua2a7gp15o89zb.com/jb/cf0cc64fd0d5c9ae543b87c9fc79b007,True,4時間前,2026-09-19 04:13:36,神奈川県
「座って事務デビュー!」／一般事務／WEB面接相談OK／学歴不問新着,一般事務,神奈川県,"月給26万9,000円",正社員,事務,求人ボックス,https://xn--pckua2a7gp15o89zb.com/jbn/baaf6796cb04a3c7eb58c119001f9a8f,True,11時間前,2026-09-19 04:13:40,神奈川県
「20代から事務デビュー!」／一般事務／賞与あり／スピード選考新着,一般事務,神奈川県,"月給27万6,000円",正社員,事務,求人ボックス,https://xn--pckua2a7gp15o89zb.com/jbn/dbdf70d63e721d13bc2168d3f156f042,True,11時間前,2026-09-19 04:13:40,神奈川県
事務員／一般事務／土日休み／リモート面接OK新着,日研トータルソーシング株式会社,神奈川県,"時給1,550円～",派遣社員,事務,求人ボックス,https://xn--pckua2a7gp15o89zb.com/jbn/305607e54352c8927b8a36b061fb6136,True,22時間前,2026-09-19 04:13:40,神奈川県
「丁寧なサポートで始めるオフィスワーク」／経理事務／経験不問新着,経理,神奈川県,月給25万円～30万円,正社員,経理,求人ボックス,https://xn--pckua2a7gp15o89zb.com/jbn/1f2a71d38509ff14d820389c5b1460b7,True,12時間前,2026-09-19 04:13:29,神奈川県
「月給30万円も実現可能」／経理事務／未経験歓迎／サポート体制充実新着,経理,神奈川県,月給30万円,正社員,経理,求人ボックス,https://xn--pckua2a7gp15o89zb.com/jbn/b5c0a4c2d2129287d37bf7ecc949b37a,True,15時間前,2026-09-19 04:13:29,神奈川県
「事務職デビューをスムーズに」／経理事務／未経験OK／安定勤務新着,経理,神奈川県,月給25万円～30万円,正社員,経理,求人ボックス,https://xn--pckua2a7gp15o89zb.com/jbn/6fbee7e93994ce6b80a7fc2a69b1ce8a,True,15時間前,2026-09-19 04:13:29,神奈川県
経理事務／未経験歓迎／サポート体制充実／長期安定／福利厚生充実新着,経理,神奈川県,月給25万円～30万円,正社員,経理,求人ボックス,https://xn--pckua2a7gp15o89zb.com/jbn/b9e06eb0d2d198f078865083ba774946,True,15時間前,2026-09-19 04:13:29,神奈川県
「月給30万円以上も可能な事務職」／経理事務／未経験OK／サポート体制...新着,経理,神奈川県,月給30万円,正社員,経理,求人ボックス,https://xn--pckua2a7gp15o89zb.com/jbn/4cb3a6cc2c8e012fc77be995658325f9,True,15時間前,2026-09-19 04:13:30,神奈川県
「未経験からバックオフィスに挑戦」／経理事務／丁寧な研修あり／長期安定新着,経理,神奈川県,月給25万円～30万円,正社員,経理,求人ボックス,https://xn--pckua2a7gp15o89zb.com/jbn/a56486ec1fe1842886408e983fa863bd,True,15時間前,2026-09-19 04:13:34,神奈川県
「長期的に活躍できる事務ワーク」／経理事務／経験不問／サポート体制充実新着,経理,神奈川県,月給25万円～30万円,正社員,経理,求人ボックス,https://xn--pckua2a7gp15o89zb.com/jbn/38dd3eb02168d77e877e85723f893428,True,13時間前,2026-09-19 04:13:34,神奈川県
「大手企業の数字まわりを支える!」／経理事務／未経験95%／未経験歓迎新着,経理,神奈川県,"月給25万9,900円",正社員,経理,求人ボックス,https://xn--pckua2a7gp15o89zb.com/jbn/924d4e4c2a8ecf86673a391bd6b185fc,True,8時間前,2026-09-19 04:13:37,神奈川県
「わからないことは、すぐ聞ける環境です」／経理事務／未経験歓迎新着,経理,神奈川県,月給25万円～30万円,正社員,経理,求人ボックス,https://xn--pckua2a7gp15o89zb.com/jbn/f90200bde0fbba29f57880480d8bae0b,True,12時間前,2026-09-19 04:13:44,神奈川県
「大手企業の数字まわりを支える!」／経理事務／9時半出社／未経験OK新着,株式会社One's Will「4079」,神奈川県,月給23万円～,正社員,経理,求人ボックス,https://xn--pckua2a7gp15o89zb.com/jbn/96c4b954d24df0adc64753f3a2320dfe,True,19時間前,2026-09-19 04:13:44,神奈川県
「大手企業の数字まわりを支える!」／経理事務／9時半出社／未経験OK新着,株式会社One's Will「3978」,神奈川県,月給23万円～,正社員,経理,求人ボックス,https://xn--pckua2a7gp15o89zb.com/jbn/42378ca787c0fcde8497b22afb56a902,True,19時間前,2026-09-19 04:13:47,神奈川県
「今だけ採用!大手企業の経理サポート」／経理事務／9時半出社新着,株式会社One's Will「4028」,神奈川県,月給23万円～,正社員,経理,求人ボックス,https://xn--pckua2a7gp15o89zb.com/jbn/c8374f96a05dd35cf52a2a6cd5f5388d,True,19時間前,2026-09-19 04:13:47,神奈川県
「今だけ採用!大手企業の経理サポート」／経理事務／9時半出社新着,株式会社One's Will「3916」,神奈川県,月給23万円～,正社員,経理,求人ボックス,https://xn--pckua2a7gp15o89zb.com/jbn/0f4850a33e7f82480e231807d91bc078,True,19時間前,2026-09-19 04:13:47,神奈川県
「今だけ採用!大手企業の経理サポート」／経理事務／9時半出社新着,株式会社One's Will「3750」,神奈川県,月給23万円～,正社員,経理,求人ボックス,https://xn--pckua2a7gp15o89zb.com/jbn/346049e4af6a253b5f587e426dea7f8e,True,18時間前,2026-09-19 04:13:51,神奈川県
「今だけ採用!大手企業の経理サポート」／経理事務／9時半出社新着,株式会社One's Will「4009」,神奈川県,月給23万円～,正社員,経理,求人ボックス,https://xn--pckua2a7gp15o89zb.com/jbn/d59a355e92d61cf8d2ea391aab2f1d10,True,19時間前,2026-09-19 04:13:51,神奈川県
「大手企業の数字まわりを支える!」／経理事務／9時半出社／未経験OK新着,株式会社One's Will「3721」,神奈川県,月給23万円～,正社員,経理,求人ボックス,https://xn--pckua2a7gp15o89zb.com/jbn/26ed48949780b3acc3807c0b47dba991,True,19時間前,2026-09-19 04:13:51,神奈川県
「大手企業の数字まわりを支える!」／経理事務／9時半出社／未経験OK新着,株式会社One's Will「3608」,神奈川県,月給23万円～,正社員,経理,求人ボックス,https://xn--pckua2a7gp15o89zb.com/jbn/c1be2627a390abf0e3ba13b3b921b538,True,19時間前,2026-09-19 04:13:51,神奈川県
「大手企業の数字まわりを支える!」／経理事務／9時半出社／未経験OK新着,株式会社One's Will「3311」,神奈川県,月給22万円～,正社員,経理,求人ボックス,https://xn--pckua2a7gp15o89zb.com/jbn/a25d4e4cf7484a44947249fba7b7c8d5,True,20時間前,2026-09-19 04:13:54,神奈川県
「今だけ採用!大手企業の経理サポート」／経理事務／9時半出社新着,株式会社One's Will「3821」,神奈川県,月給23万円～,正社員,経理,求人ボックス,https://xn--pckua2a7gp15o89zb.com/jbn/72e6ff74bcea1f8ceffdad1d458effb2,True,18時間前,2026-09-19 04:13:54,神奈川県
土日祝休みでメリハリばっちり／経理サポート事務／安定収入を目指せる新着,経理,神奈川県,"月給25万8,000円",正社員,経理,求人ボックス,https://xn--pckua2a7gp15o89zb.com/jbn/674f56e8e09284333f448aec86645c87,True,9時間前,2026-09-19 04:13:56,神奈川県
コツコツ派にぴったり／経理サポート事務／正社員で安定勤務／No.549新着,経理,神奈川県,"月給29万7,000円",正社員,経理,求人ボックス,https://xn--pckua2a7gp15o89zb.com/jbn/af1d2f285b5cf7149778f88840f347a3,True,9時間前,2026-09-19 04:13:56,神奈川県
柔道整復師「正規フルタイム社員」／そよ風公式新着,株式会社SOYOKAZE,神奈川県,月給23万円～30万円,契約社員,治療家,求人ボックス,https://xn--pckua2a7gp15o89zb.com/jb/96b749f2b2682895bbbc54897f1bdcd2,True,2時間前,2026-09-19 04:13:43,神奈川県
柔道整復師／ボディケア／骨盤矯正／トリガーポイント／スポーツトレーナー新着,リジョブエージェント,神奈川県,月給26万円～60万円,正社員,治療家,求人ボックス,https://xn--pckua2a7gp15o89zb.com/jb/36e9b16597b2faaeaf5c7c2db3369bdc,True,11時間前,2026-09-19 04:13:43,神奈川県
「役員タクシードライバー」週3日勤務／普通免許で未経験からスタート／月収50万円以上・ボーナス年2回新着,柔道整復師,神奈川県,"月給40万4,000円",正社員,治療家,求人ボックス,https://xn--pckua2a7gp15o89zb.com/jbn/b5b7fd5867a2075c7126a1246c263e9c,True,12時間前,2026-09-19 04:13:43,神奈川県
タクシードライバー週3日勤務／未経験OK・月収50万円以上・ボーナス支給あり新着,柔道整復師,神奈川県,"月給47万6,500円",正社員,治療家,求人ボックス,https://xn--pckua2a7gp15o89zb.com/jbn/2c789fae0e3b1d3a3aae77a3aecda6a4,True,10時間前,2026-09-19 04:13:43,神奈川県
著名人や企業役員のタクシードライバー「週3日勤務」未経験OK・月収40万円以上／ボーナス支給あり新着,柔道整復師,神奈川県,"月給45万6,000円",正社員,治療家,求人ボックス,https://xn--pckua2a7gp15o89zb.com/jbn/6b365fcd7c9e7fc7a84aea27948849aa,True,12時間前,2026-09-19 04:13:43,神奈川県
「空港へのタクシードライバー」週3日勤務／普通免許で未経験OK／月収50万円以上・賞与2ヶ月分あり新着,柔道整復師,神奈川県,"月給40万4,000円",正社員,治療家,求人ボックス,https://xn--pckua2a7gp15o89zb.com/jbn/775a72310bc9644bde9391c8f5bee75a,True,12時間前,2026-09-19 04:13:43,神奈川県
タクシードライバー／「タレントやスポーツ選手等の送迎」週3日勤務／未経験OK・月収50万円以上新着,柔道整復師,神奈川県,"月給40万4,000円",正社員,治療家,求人ボックス,https://xn--pckua2a7gp15o89zb.com/jbn/d62ec3e612e67d4ecc2235eef973d37d,True,12時間前,2026-09-19 04:13:43,神奈川県
通所介護・デイサービス勤務の理学療法士新着,ムーブメントプロ茅ヶ崎,神奈川県,月給27万円～30万円,正社員,治療家,求人ボックス,https://xn--pckua2a7gp15o89zb.com/jb/866a3701cf93fac8eaefdce43dd6d589,True,6時間前,2026-09-19 04:13:43,神奈川県
「タクシードライバー」月収50万以上・未経験歓迎／週3勤務・普通免許のみOK・ボーナス2回新着,柔道整復師,神奈川県,"月給45万6,000円",正社員,治療家,求人ボックス,https://xn--pckua2a7gp15o89zb.com/jbn/956095f8c9a9ee3578191f22f92721e8,True,9時間前,2026-09-19 04:13:43,神奈川県
訪問マッサージ／あん摩マッサージ指圧師／国家資格必須／高齢者に寄り添う在宅ケア新着,柔道整復師,神奈川県,月給25万円～41万,正社員,治療家,求人ボックス,https://xn--pckua2a7gp15o89zb.com/jb/6554a0ff08c9e1268dff471a572939d3,True,23時間前,2026-09-19 04:13:43,神奈川県
「タクシードライバー・夜勤」月50万以上可・未経験歓迎／寮・社宅完備／普免のみOK・ボーナスあり新着,柔道整復師,神奈川県,"月給40万4,000円",正社員,治療家,求人ボックス,https://xn--pckua2a7gp15o89zb.com/jbn/4f0c65cc76403562203622b2b5ed7ca8,True,9時間前,2026-09-19 04:13:43,神奈川県
「タクシードライバー・定期送迎」月収50万以上・未経験歓迎・普通免許のみOK・ボーナスあり新着,柔道整復師,神奈川県,"月給40万4,000円",正社員,治療家,求人ボックス,https://xn--pckua2a7gp15o89zb.com/jbn/637b321bce92285a75e47bf4f2bc49e3,True,9時間前,2026-09-19 04:13:43,神奈川県
タレント・芸能・観光客のタクシードライバー「週3日勤務」賞与年2回／初年度から月収50万円以上新着,...未経験からでも安心してプロドライバーを目指せる環境です。 【その他特徴】<前職例>製造/工場/ライン作業/生產管理/設備保全/製鋼/溶接クレーン・玉掛/金属加工/板金加工/板金塗装/警備員機械・,神奈川県,"月給45万6,000円",正社員,治療家,求人ボックス,https://xn--pckua2a7gp15o89zb.com/jbn/2a4f8cb5ae17f80f9c4ae62c4ff584f7,True,12時間前,2026-09-19 04:13:43,神奈川県
「週3日勤務」普通免許でスタートできる役員タクシードライバー／週の残り4日はすべてあなたの自由時間新着,...キャリアアップも全面的にバックアップします。 【その他概要】<前職例>製造/工場/ライン作業/生產管理/設備保全/製鋼/溶接クレーン・玉掛/金属加工/板金加工/板金塗装/警備員機械・電気/倉庫内,神奈川県,"月給45万6,000円",正社員,治療家,求人ボックス,https://xn--pckua2a7gp15o89zb.com/jbn/ece4fbb21fdc133e3c91f59cd7944ab8,True,11時間前,2026-09-19 04:13:43,神奈川県
看護小規模多機能型居宅介護の機能訓練指導員新着,ミモザ川崎たちばな,神奈川県,月給29万460円,正社員,治療家,求人ボックス,https://xn--pckua2a7gp15o89zb.com/jb/76c0e1320e9a80dd3d40dc6a2f82a504,True,4時間前,2026-09-19 04:13:44,神奈川県
柔道整復師新着,創生会グループ,神奈川県,"時給1,600円～2,000円",アルバイト・パート,治療家,求人ボックス,https://xn--pckua2a7gp15o89zb.com/jb/52292b237c8df380ac8c489fa3e12ca9,True,8時間前,2026-09-19 04:13:44,神奈川県
整骨院・接骨院にて柔道整復師新着,にこゆり整骨院 中野島院,神奈川県,"時給1,279円～",アルバイト・パート,治療家,求人ボックス,https://xn--pckua2a7gp15o89zb.com/jb/40173795f53c72b7a330c84a9fe3f973,True,6時間前,2026-09-19 04:13:44,神奈川県
週1日～3日でOK!生活伴走型デイサービスの柔道整復師／あん摩マッサー...新着,株式会社NGU／生活維持向上倶楽部シリーズ,神奈川県,"時給1,350円～1,600円",アルバイト・パート,治療家,求人ボックス,https://xn--pckua2a7gp15o89zb.com/jb/2e5b55fbe84f2b44f1bc99dcdd5fad7c,True,10時間前,2026-09-19 04:13:44,神奈川県
社会保険完備の職場で柔道整復師新着,アイ・メディカルフィットネス新百合ヶ丘,神奈川県,"時給1,600円～2,000円",アルバイト・パート,治療家,求人ボックス,https://xn--pckua2a7gp15o89zb.com/jb/04f1753c6ef6eeb9d5e187574f0175ba,True,6時間前,2026-09-19 04:13:44,神奈川県
リハビリ型デイサービスの柔道整復師新着,エフィラグループ株式会社,神奈川県,"時給1,740円",アルバイト・パート,治療家,求人ボックス,https://xn--pckua2a7gp15o89zb.com/jb/743ac8a761c41a8d38fa79f879455092,True,12時間前,2026-09-19 04:13:44,神奈川県
整体師 シニア可 週1日から可新着,株式会社サプリームリンク,神奈川県,"時給1,225円～1,531円",アルバイト・パート,治療家,求人ボックス,https://xn--pckua2a7gp15o89zb.com/jb/3a558699986aa2232d87214cda4218ba,True,3時間前,2026-09-19 04:13:44,神奈川県
ケアスタッフ新着,グッドタイムホーム・鷺沼,神奈川県,"時給1,600円",アルバイト・パート,治療家,求人ボックス,https://xn--pckua2a7gp15o89zb.com/jb/670a367300261199ba66dfc94be625e5,True,13時間前,2026-09-19 04:13:44,神奈川県
ケアスタッフ新着,創生園 青葉,神奈川県,"時給1,390円",アルバイト・パート,治療家,求人ボックス,https://xn--pckua2a7gp15o89zb.com/jb/b05450b1da3c7f8966943e5003bb7fc7,True,14時間前,2026-09-19 04:13:44,神奈川県
ケアスタッフ新着,たまプラーザ倶楽部,神奈川県,"時給1,250円",アルバイト・パート,治療家,求人ボックス,https://xn--pckua2a7gp15o89zb.com/jb/cf706f6ea1ecf8cfb85fbabbc23953ad,True,13時間前,2026-09-19 04:13:44,神奈川県
デイサービスの機能訓練指導員新着,ミモザ白寿庵大倉山,神奈川県,"時給1,545円～1,810円",アルバイト・パート,治療家,求人ボックス,https://xn--pckua2a7gp15o89zb.com/jb/7fc012084f36e2b6c6d9c0f7239b0f17,True,4時間前,2026-09-19 04:13:44,神奈川県
訪問介護ヘルパー新着,ライフコート横須賀武山II,神奈川県,"時給1,473円～1,600円",アルバイト・パート,治療家,求人ボックス,https://xn--pckua2a7gp15o89zb.com/jb/d84b93e37a46c5fd2669cc71bed5bb44,True,13時間前,2026-09-19 04:13:44,神奈川県
ケアスタッフ新着,グッドタイムホーム・川崎大師,神奈川県,"時給1,600円",アルバイト・パート,治療家,求人ボックス,https://xn--pckua2a7gp15o89zb.com/jb/bc39bd4ae72d37d66a29ca0ae2fa7855,True,13時間前,2026-09-19 04:13:44,神奈川県
ケアスタッフ新着,グッドタイムナーシングホーム・荏田,神奈川県,"時給1,420円～1,600円",アルバイト・パート,治療家,求人ボックス,https://xn--pckua2a7gp15o89zb.com/jb/043081afe131e713c306fa2cf38fd888,True,14時間前,2026-09-19 04:13:44,神奈川県
ケアスタッフ新着,デイサービス喜楽家・鎌倉,神奈川県,"時給1,373円～1,600円",アルバイト・パート,治療家,求人ボックス,https://xn--pckua2a7gp15o89zb.com/jb/890d5625219ff5fbfffa8c4be17324af,True,15時間前,2026-09-19 04:13:44,神奈川県
ケアスタッフ新着,グッドタイムナーシングホーム・川崎大師弐番館,神奈川県,"時給1,600円",アルバイト・パート,治療家,求人ボックス,https://xn--pckua2a7gp15o89zb.com/jb/dbcf886947a1d5cfc49f55406051cbeb,True,13時間前,2026-09-19 04:13:46,神奈川県
ケアスタッフ新着,グッドタイムホーム・生田,神奈川県,"時給1,600円",アルバイト・パート,治療家,求人ボックス,https://xn--pckua2a7gp15o89zb.com/jb/b392502da92c9e284851d5557036e6db,True,13時間前,2026-09-19 04:13:46,神奈川県
ケアスタッフ新着,グッドタイムホーム・さくら台,神奈川県,"時給1,600円",アルバイト・パート,治療家,求人ボックス,https://xn--pckua2a7gp15o89zb.com/jb/5453b0b32bb8277757caf04276c1ca81,True,14時間前,2026-09-19 04:13:46,神奈川県
訪問介護ヘルパー新着,グッドタイムホーム・茅ヶ崎,神奈川県,"時給1,420円～1,600円",アルバイト・パート,治療家,求人ボックス,https://xn--pckua2a7gp15o89zb.com/jb/a7f16a7d50427d48357e47ca38deec74,True,13時間前,2026-09-19 04:13:46,神奈川県
訪問介護ヘルパー新着,ライフコート湘南野比さくらんぼ,神奈川県,"時給1,373円～1,600円",アルバイト・パート,治療家,求人ボックス,https://xn--pckua2a7gp15o89zb.com/jb/7b2c2a048890a2357d5b7973341c5c7e,True,13時間前,2026-09-19 04:13:46,神奈川県
ケアスタッフ新着,グッドタイムホーム・川崎,神奈川県,"時給1,600円",アルバイト・パート,治療家,求人ボックス,https://xn--pckua2a7gp15o89zb.com/jb/63212eb055a4a800bac56ef707a6ac2d,True,13時間前,2026-09-19 04:13:46,神奈川県
訪問介護ヘルパー新着,ライフコート三浦海岸,神奈川県,"時給1,373円～1,600円",アルバイト・パート,治療家,求人ボックス,https://xn--pckua2a7gp15o89zb.com/jb/0530eae35540065cac829bcc3dca73d0,True,14時間前,2026-09-19 04:13:46,神奈川県
ケアスタッフ新着,グッドタイムナーシングホーム・美しが丘,神奈川県,"時給1,420円",アルバイト・パート,治療家,求人ボックス,https://xn--pckua2a7gp15o89zb.com/jb/61e4b6584a6f0a120600ae17bdfd27a8,True,14時間前,2026-09-19 04:13:46,神奈川県
ケアスタッフ新着,グッドタイムホーム・十日市場,神奈川県,"時給1,600円",アルバイト・パート,治療家,求人ボックス,https://xn--pckua2a7gp15o89zb.com/jb/d665c624ea5f9c7e9788d72f22867b27,True,14時間前,2026-09-19 04:13:46,神奈川県
ケアスタッフ新着,鎌倉幸寿苑,神奈川県,"時給1,300円",アルバイト・パート,治療家,求人ボックス,https://xn--pckua2a7gp15o89zb.com/jb/9059145ec39a15c3c849f2017cfb66fe,True,13時間前,2026-09-19 04:13:46,神奈川県
ケアスタッフ新着,グッドタイムホーム・港南中央,神奈川県,"時給1,600円",アルバイト・パート,治療家,求人ボックス,https://xn--pckua2a7gp15o89zb.com/jb/86ed4bd4bfffcfe84a3bd226aea01f18,True,13時間前,2026-09-19 04:13:46,神奈川県
ケアスタッフ新着,グッドタイムホーム・青葉田奈,神奈川県,"時給1,420円～1,600円",アルバイト・パート,治療家,求人ボックス,https://xn--pckua2a7gp15o89zb.com/jb/e5204ad88a8efeb60ac71a3ec4f07c76,True,13時間前,2026-09-19 04:13:46,神奈川県
ケアスタッフ新着,グッドタイムナーシングホーム・保土ヶ谷,神奈川県,"時給1,420円～1,600円",アルバイト・パート,治療家,求人ボックス,https://xn--pckua2a7gp15o89zb.com/jb/c9bfece7b29ae1bd60e7db0582ad44a7,True,13時間前,2026-09-19 04:13:46,神奈川県
セラピスト新着,りらくる セン北駅前プレミアヨコハマ店,神奈川県,月給55万円～60万円,アルバイト・パート,治療家,求人ボックス,https://xn--pckua2a7gp15o89zb.com/jb/4460457ddd78cb72f5892c3c36db8a91,True,13時間前,2026-09-19 04:13:46,神奈川県
セラピスト新着,りらくる 片平店,神奈川県,月給55万円～60万円,アルバイト・パート,治療家,求人ボックス,https://xn--pckua2a7gp15o89zb.com/jb/89028fd40a409fcb2cdbf50ffbdfc79d,True,13時間前,2026-09-19 04:13:46,神奈川県
セラピスト新着,りらくる 相模原上溝店,神奈川県,月給55万円～60万円,アルバイト・パート,治療家,求人ボックス,https://xn--pckua2a7gp15o89zb.com/jb/56c57aa59ef99ef9d5619822cb6a7ebe,True,13時間前,2026-09-19 04:13:46,神奈川県
セラピスト新着,りらくる 厚木山際店,神奈川県,月給55万円～60万円,アルバイト・パート,治療家,求人ボックス,https://xn--pckua2a7gp15o89zb.com/jb/45b095b6e404b3fb2286dcc614d8b52f,True,14時間前,2026-09-19 04:13:49,神奈川県
セラピスト新着,りらくる 伊勢佐木モール店,神奈川県,月給55万円～60万円,アルバイト・パート,治療家,求人ボックス,https://xn--pckua2a7gp15o89zb.com/jb/94b83f61933d93803e2b24cf7fbf7ef1,True,14時間前,2026-09-19 04:13:49,神奈川県
セラピスト新着,りらくる 野比店,神奈川県,月給55万円～60万円,アルバイト・パート,治療家,求人ボックス,https://xn--pckua2a7gp15o89zb.com/jb/70ee5a51527229420ad20889ce07434b,True,14時間前,2026-09-19 04:13:49,神奈川県
セラピスト新着,りらくる 長津田店,神奈川県,月給55万円～60万円,アルバイト・パート,治療家,求人ボックス,https://xn--pckua2a7gp15o89zb.com/jb/8bc951096b33eb44748c296d0120d006,True,14時間前,2026-09-19 04:13:49,神奈川県
セラピスト新着,りらくる 横浜中山店,神奈川県,月給55万円～60万円,アルバイト・パート,治療家,求人ボックス,https://xn--pckua2a7gp15o89zb.com/jb/7d4b473cb0359109abffc772d04bc794,True,14時間前,2026-09-19 04:13:49,神奈川県
柔道整復師／ヒラックス藤崎新着,株式会社シュペルテ,神奈川県,,正社員,治療家,求人ボックス,https://xn--pckua2a7gp15o89zb.com/jb/2c8623ba189cb1fb1027f3db07cc35e9,True,14時間前,2026-09-19 04:13:49,神奈川県
デイサービスでの介護業務全般／介護士／好待遇新着,デイリハセンターひまわり 大和南,神奈川県,"月給24万3,440円",正社員,治療家,求人ボックス,https://xn--pckua2a7gp15o89zb.com/jbn/5ecf458e41fca11e46914751c5562a97,True,20時間前,2026-09-19 04:13:49,神奈川県
介護支援専門員・ケアマネージャー／グループホーム新着,柔道整復師,神奈川県,"月給26万9,100円",正社員,治療家,求人ボックス,https://xn--pckua2a7gp15o89zb.com/jb/682380fc7419d7eb07be52a65cad1627,True,23時間前,2026-09-19 04:13:49,神奈川県
介護支援専門員・ケアマネージャー／有料老人ホーム新着,柔道整復師,神奈川県,月給27万円～35万円,正社員,治療家,求人ボックス,https://xn--pckua2a7gp15o89zb.com/jb/6c36f9720231467c7f031999b1517ec7,True,23時間前,2026-09-19 04:13:49,神奈川県
平塚市の看護師／有料老人ホームでの看護業務 週5日・夜勤なし新着,グッドネクスト,神奈川県,"時給2,300円",派遣社員,看護,求人ボックス,https://xn--pckua2a7gp15o89zb.com/jb/d463b5e6780e6a69436dac1ff5829167,True,23時間前,2026-09-19 04:13:34,神奈川県
看護師／産休代替派遣新着,株式会社メディケア・キャリアサポート,神奈川県,"時給2,500円～",派遣社員,看護,求人ボックス,https://xn--pckua2a7gp15o89zb.com/jb/fa2cab59ac3416cda4701cc89699285a,True,18時間前,2026-09-19 04:13:34,神奈川県
看護師新着,特別養護老人ホーム 湘南けやきの郷,神奈川県,月給28万円～,正社員,看護,求人ボックス,https://xn--pckua2a7gp15o89zb.com/jb/063aae56ef4af8842fafa03fe45ceb75,True,12時間前,2026-09-19 04:13:34,神奈川県
看護師・准看護師新着,医療法人財団青山会 福井記念病院,神奈川県,"月給25万7,120円",正社員,看護,求人ボックス,https://xn--pckua2a7gp15o89zb.com/jb/581b11992ada6375d2421d7f90fef070,True,18時間前,2026-09-19 04:13:35,神奈川県
看護師／夜勤アルバイト／1夜勤3万円～3万4000円／土曜日入りや日曜...新着,介護老人保健施設恵の杜,神奈川県,日給3万円～3万,アルバイト・パート,看護,求人ボックス,https://xn--pckua2a7gp15o89zb.com/jb/6207b0ac77afbf3cd2383bac1e8a5b51,True,18時間前,2026-09-19 04:13:35,神奈川県
デイサービスの看護師新着,アビリティーズ・ケアネット株式会社,神奈川県,"時給1,700円～1,750円",アルバイト・パート,看護,求人ボックス,https://xn--pckua2a7gp15o89zb.com/jb/3368b7f9fc2c63c67e0be3fa7576c745,True,20時間前,2026-09-19 04:13:38,神奈川県
看護師新着,医療法人感謝の郷 ありがとうみんなファミリークリ...,神奈川県,"時給1,850円～",アルバイト・パート,看護,求人ボックス,https://xn--pckua2a7gp15o89zb.com/jb/6ef51584718021decddf4f024f783747,True,12時間前,2026-09-19 04:13:42,神奈川県
グループホームの看護師／週2日から／土日のみOK／無資格・未経験可新着,花物語いどがや,神奈川県,"時給2,010円",アルバイト・パート,看護,求人ボックス,https://xn--pckua2a7gp15o89zb.com/jb/3f100965b06f73c9766b0723da470339,True,5時間前,2026-09-19 04:13:45,神奈川県
暮らしのそばで安心を支える施設看護／住宅型有料老人ホームの看護師新着,株式会社レガート,神奈川県,月給30万円～,正社員,看護,求人ボックス,https://xn--pckua2a7gp15o89zb.com/jb/41533d0c5b90876adbcf5e72d690d94f,True,6時間前,2026-09-19 04:13:49,神奈川県
小規模施設の日勤看護師新着,特定非営利活動法人一期一会,神奈川県,"時給1,700円～",アルバイト・パート,看護,求人ボックス,https://xn--pckua2a7gp15o89zb.com/jb/7b4cfb428f4192ce6f3bb72d8f98d492,True,12時間前,2026-09-19 04:13:53,神奈川県
社会保険完備の職場で看護師／准看護師新着,アトリエハウス,神奈川県,月給30万円～,契約社員,看護,求人ボックス,https://xn--pckua2a7gp15o89zb.com/jb/e8a0f503cd5a961f4a3509e5080ea76d,True,6時間前,2026-09-19 04:13:57,神奈川県
看護師／准看護師／バイタルチェック中心／夜勤無し新着,看護,神奈川県,"時給2,300円～2,800円",派遣社員,看護,求人ボックス,https://xn--pckua2a7gp15o89zb.com/jb/3a4a2740e48e2fbda7e98b7c5bb544ac,True,11時間前,2026-09-19 04:13:57,神奈川県
認可保育園の看護師新着,明日葉保育園 鷺沼園,神奈川県,"月給28万1,000円",正社員,看護,求人ボックス,https://xn--pckua2a7gp15o89zb.com/jb/93a417a016ec9d80699229ef4a59dffb,True,4時間前,2026-09-19 04:13:57,神奈川県
看護師新着,介護付有料老人ホーム 油壺マリーナヒルズ,神奈川県,"時給1,700円～2,000円",アルバイト・パート,看護,求人ボックス,https://xn--pckua2a7gp15o89zb.com/jb/54bad1b27554917a50011bbf3e93a12d,True,18時間前,2026-09-19 04:13:57,神奈川県
診療所・クリニックの看護師／准看護師新着,平塚整形外科リウマチ科,神奈川県,"時給2,000円～",アルバイト・パート,看護,求人ボックス,https://xn--pckua2a7gp15o89zb.com/jb/d2e1b04eb1d60f3fb80aebeeaf0e0ccc,True,6時間前,2026-09-19 04:14:00,神奈川県
社会保険完備の職場で看護師／准看護師新着,一から百まで堂,神奈川県,月給30万円～,契約社員,看護,求人ボックス,https://xn--pckua2a7gp15o89zb.com/jb/33461f0b34c668841dee9cbb198c7df1,True,6時間前,2026-09-19 04:14:00,神奈川県
デイサービス看護師新着,横浜市篠原地域ケアプラザ,神奈川県,"時給1,800円",アルバイト・パート,看護,求人ボックス,https://xn--pckua2a7gp15o89zb.com/jb/89ad4148c6d6f80369a2c7e4e5ae96ee,True,7時間前,2026-09-19 04:14:03,神奈川県
期間限定!今だけ日給上乗せ!配送ドライバー／転勤なし／経験不問新着,ネクスリンク株式会社 採用窓口,神奈川県,"日給2万3,449円",,ドライバー,求人ボックス,https://xn--pckua2a7gp15o89zb.com/jbn/1ac4dd0add28f4fee233a09eca935ec1,True,21時間前,2026-09-19 04:14:00,神奈川県
配送ドライバー／週払い可能／AT限定可／車両レンタル有り／未経験歓迎!新着,ネクスリンク株式会社,神奈川県,"日給2万3,449円",,ドライバー,求人ボックス,https://xn--pckua2a7gp15o89zb.com/jbn/5245ae7c1f01935fb2ffce701b312dc2,True,21時間前,2026-09-19 04:14:00,神奈川県
タクシードライバー「普通免許のみ」／年収600万円以上／未経験でも高収...新着,タクシー,神奈川県,月給45万円～80万円,正社員,ドライバー,求人ボックス,https://xn--pckua2a7gp15o89zb.com/jbn/d56ab2805d06d5c8fc496b89f681e2eb,True,9時間前,2026-09-19 04:14:00,神奈川県
タクシードライバー「普通免許のみ」／予約が中心／未経験でも高収入新着,ドライバー,神奈川県,月給45万円～80万円,正社員,ドライバー,求人ボックス,https://xn--pckua2a7gp15o89zb.com/jbn/efcf11ec831fb800b02ab08e874e5ae6,True,9時間前,2026-09-19 04:14:02,神奈川県
タクシードライバー「普通免許のみ」／年収600万円以上／未経験でも高収...新着,ドライバー,神奈川県,月給45万円～80万円,正社員,ドライバー,求人ボックス,https://xn--pckua2a7gp15o89zb.com/jbn/9f9ba034354d89edaf19ca11c8a1372f,True,9時間前,2026-09-19 04:14:05,神奈川県
「高収入」タクシードライバー「普通免許のみ」／予約が中心／年収600万...新着,ドライバー,神奈川県,月給45万円～80万円,正社員,ドライバー,求人ボックス,https://xn--pckua2a7gp15o89zb.com/jbn/555a78242d1354bf9aa25906e792b02f,True,9時間前,2026-09-19 04:14:09,神奈川県
日払い可能!小型の配送ドライバー／運べば運ぶほど稼げる 面接1回新着,JCSロジスコ株式会社,神奈川県,月給50万円～100万円,,ドライバー,求人ボックス,https://xn--pckua2a7gp15o89zb.com/jb/eae0d602d602b2449386bd4967d677c2,True,8時間前,2026-09-19 04:14:09,神奈川県
日払い可能!慣れたら月収100万可能 軽貨物の配送ドライバー新着,Jルート株式会社,神奈川県,月給45万円～100万円,,ドライバー,求人ボックス,https://xn--pckua2a7gp15o89zb.com/jb/ac596272b19de128b63e7129a61fb3c0,True,8時間前,2026-09-19 04:14:12,神奈川県
「週3日勤務」芸能関係のタクシードライバー／普通免許でOK新着,ドライバー,神奈川県,"月給45万6,000円",正社員,ドライバー,求人ボックス,https://xn--pckua2a7gp15o89zb.com/jbn/bb9a6abf58ed30daabda243058a59bfa,True,11時間前,2026-09-19 04:14:12,神奈川県
タクシードライバー「普通免許のみ」／未経験でも高収入／年収600万円以...新着,ドライバー,神奈川県,月給45万円～80万円,正社員,ドライバー,求人ボックス,https://xn--pckua2a7gp15o89zb.com/jbn/bde071ddb8a7d5e7c682059020e4ee60,True,9時間前,2026-09-19 04:14:17,神奈川県
幼稚園バスドライバー新着,平尾わかば幼稚園,神奈川県,月給17万円,契約社員,ドライバー,求人ボックス,https://xn--pckua2a7gp15o89zb.com/jb/a08f14ec3f130badd2eade6095692a15,True,12時間前,2026-09-19 04:14:21,神奈川県
タクシードライバー「VIP対応・通勤・会食」タクシードライバー未経験O...新着,1VIP,神奈川県,"月給45万6,000円",正社員,ドライバー,求人ボックス,https://xn--pckua2a7gp15o89zb.com/jbn/84ea65790b828fdaff400a03195fcb2e,True,9時間前,2026-09-19 04:14:27,神奈川県
タクシードライバー「週3勤務」月収50万以上可／普通免許1年でOK新着,<関連職種>役員運転手/送迎,神奈川県,"月給45万6,000円",正社員,ドライバー,求人ボックス,https://xn--pckua2a7gp15o89zb.com/jbn/d36c9ba212042658ff4e77a59bc3e532,True,9時間前,2026-09-19 04:14:27,神奈川県
「役員タクシードライバー」月収40万円以上／賞与2回／幅広い年代が活躍...新着,ドライバー,神奈川県,"月給45万6,000円",正社員,ドライバー,求人ボックス,https://xn--pckua2a7gp15o89zb.com/jbn/9d1d11f3091d751b9fb2a912e389a0c0,True,8時間前,2026-09-19 04:14:30,神奈川県
オフィスビルの施設警備員 「上大岡」駅直結 月収26万円も可新着,京急サービス株式会社,神奈川県,"時給1,226円～1,533円",契約社員,警備,求人ボックス,https://xn--pckua2a7gp15o89zb.com/jb/f69fed94917715f5b8a49a43ee45377d,True,6時間前,2026-09-19 04:14:06,神奈川県
施設常駐警備員／契約期間:6ヶ月／更新有新着,株式会社特別警備保障,神奈川県,"時給1,267円～",契約社員,警備,求人ボックス,https://xn--pckua2a7gp15o89zb.com/jb/3af3ae6bba1639940d241d5cf835ce89,True,7時間前,2026-09-19 04:14:06,神奈川県
警備員新着,SPD株式会社,神奈川県,日給2万912円,アルバイト・パート,警備,求人ボックス,https://xn--pckua2a7gp15o89zb.com/jb/35823d056d973103cf76ab4b1507dba4,True,11時間前,2026-09-19 04:14:07,神奈川県
警備員／株式会社藤木興業新着,株式会社第二章,神奈川県,日給1万500円,アルバイト・パート,警備,求人ボックス,https://xn--pckua2a7gp15o89zb.com/jb/78c416ff12f36b3d6578d218ab383c4b,True,1時間前,2026-09-19 04:14:07,神奈川県
「愛知県勤務」交通誘導／待遇に自信あり／引っ越しサポートあり・日払い週払い可新着,セキュリティスタッフ株式会社,神奈川県,"日給9,500円",正社員,警備,求人ボックス,https://xn--pckua2a7gp15o89zb.com/jb/d0adb4d1911bb45b93c1a85e5a99c161,True,3時間前,2026-09-19 04:14:07,神奈川県
製造工場の施設警備／オープニング／車通勤OK／未経験者大歓迎／仮眠有新着,共和サービス警備保障株式会社,神奈川県,"時給1,320円",アルバイト・パート,警備,求人ボックス,https://xn--pckua2a7gp15o89zb.com/jb/7d35dcd8faab464d67425b3fd508462d,True,6時間前,2026-09-19 04:14:10,神奈川県
金融施設の巡回警備スタッフ／正社員の平均年収450万・平均賞与60万以上／男女活躍中／キレイな寮新着,ALSOK東京株式会社,神奈川県,"月給22万2,000円",正社員,警備,求人ボックス,https://xn--pckua2a7gp15o89zb.com/jb/df6e12038c43b8294e1d6a1eff8254c8,True,3時間前,2026-09-19 04:14:10,神奈川県
「異業種からの転職歓迎」タクシードライバー／週3勤務／月収50万以上新着,警備・,神奈川県,"月給40万4,000円",正社員,警備,求人ボックス,https://xn--pckua2a7gp15o89zb.com/jbn/7aba3874d27ee2669497392187a44c34,True,9時間前,2026-09-19 04:14:10,神奈川県
JRAウインズ新横浜／セキュリティスタッフ／館内新着,競馬セキュリティサービス株式会社／JRAウインズ...,神奈川県,"時給1,500円～",アルバイト・パート,警備,求人ボックス,https://xn--pckua2a7gp15o89zb.com/jb/b5fcc98b6d37307c9c753a7352f56590,True,8時間前,2026-09-19 04:14:13,神奈川県
新日給改定 エリア最高水準の高日給 案件豊富でしっかり稼げる!交通費全額支給新着,サンエス警備保障株式会社,神奈川県,"日給1万4,000円",アルバイト・パート,警備,求人ボックス,https://xn--pckua2a7gp15o89zb.com/jb/be6c4939c39133e7ac941b8b379a2974,True,4時間前,2026-09-19 04:14:17,神奈川県
団地内の巡回警備スタッフ／日曜・指定の祝日のみ／未経験歓迎／年齢不問新着,有限会社ライフ・サポート,神奈川県,"時給1,400円",アルバイト・パート,警備,求人ボックス,https://xn--pckua2a7gp15o89zb.com/jb/6013ad5fd39917a005df8fd53b593ddf,True,12時間前,2026-09-19 04:14:17,神奈川県
「著名人のタクシードライバー」未経験OK・月収50万円以上／週3日勤務／20代～50代が多数活躍中新着,警備員,神奈川県,"月給40万4,000円",正社員,警備,求人ボックス,https://xn--pckua2a7gp15o89zb.com/jbn/af15c1d2cf2ee22a84842114e78af0b5,True,12時間前,2026-09-19 04:14:21,神奈川県
タクシードライバー週3日勤務／未経験OK・月収50万円以上・ボーナス支給あり新着,警備員,神奈川県,"月給47万4,500円",正社員,警備,求人ボックス,https://xn--pckua2a7gp15o89zb.com/jbn/3c227d313ebd2ec52b3a5ac6aebe6d35,True,10時間前,2026-09-19 04:14:25,神奈川県
著名人や企業役員のタクシードライバー「週3日勤務」未経験OK・月収40万円以上／ボーナス支給あり新着,警備員,神奈川県,"月給40万4,000円",正社員,警備,求人ボックス,https://xn--pckua2a7gp15o89zb.com/jbn/a60b8658242c85425d25395f646d3b7d,True,12時間前,2026-09-19 04:14:25,神奈川県
「夜勤・アプリ配車タクシードライバー」二種免許不要／月収40万以上／未経験歓迎新着,警備員,神奈川県,"月給45万6,000円",正社員,警備,求人ボックス,https://xn--pckua2a7gp15o89zb.com/jbn/da73818c337909d6112be9d266f4da65,True,8時間前,2026-09-19 04:14:28,神奈川県
「アプリ配車タクシードライバー・週3勤務」20代活躍中／月収40万以上／普通免許でOK新着,警備員,神奈川県,"月給40万4,000円",正社員,警備,求人ボックス,https://xn--pckua2a7gp15o89zb.com/jbn/7c03a88b269ae4f12d38cf279eccbc73,True,9時間前,2026-09-19 04:14:32,神奈川県
日払いあり!週1～OK! 個室寮完備新着,東亜警備保障株式会社,神奈川県,"日給1万5,500円",アルバイト・パート,警備,求人ボックス,https://xn--pckua2a7gp15o89zb.com/jb/05710e6531776ddb3e56c998d0bf22a9,True,3時間前,2026-09-19 04:14:35,神奈川県
製造スタッフ／経験・学歴不問／大手企業で安心して働ける／残業少なめ新着,株式会社イカイプロダクト,神奈川県,"時給1,450円～1,813円",派遣社員,製造,求人ボックス,https://xn--pckua2a7gp15o89zb.com/jbn/c9e95869add8ab9d4003b6ead8bfdcdb,True,20時間前,2026-09-19 04:14:07,神奈川県
製造スタッフ／車・航空機製造／ライン作業 エンジン部品の製造 高収入新着,株式会社AKATSUKI,神奈川県,"月給38万6,000円",正社員,製造,求人ボックス,https://xn--pckua2a7gp15o89zb.com/jb/1591f93be9eb2023090ac7a93eb8488c,True,5時間前,2026-09-19 04:14:07,神奈川県
「“鉄の大工”という生き方。未経験歓迎の製造スタッフ新着,池田鉄工株式会社,神奈川県,月給26万円～33万円,正社員,製造,求人ボックス,https://xn--pckua2a7gp15o89zb.com/jb/5d140969213deb03a84b820ad0d7b139,True,3時間前,2026-09-19 04:14:07,神奈川県
ドリップコーヒーの製造スタッフ／箱詰め／夏季休暇あり／交代勤OK新着,株式会社tocca,神奈川県,月給30万円～34万円,正社員,製造,求人ボックス,https://xn--pckua2a7gp15o89zb.com/jbn/07df86e50f1e19e6632f2b8b245b5907,True,22時間前,2026-09-19 04:14:08,神奈川県
「電子機器の製造スタッフ」家賃タダの寮完備／見本通りにやるだけ新着,株式会社MONOLITH,神奈川県,月給30万円～34万円,正社員,製造,求人ボックス,https://xn--pckua2a7gp15o89zb.com/jbn/f953f1377b7acce29ffb4493247347e2,True,15時間前,2026-09-19 04:14:08,神奈川県
「未経験でも始めやすい!」／ゲームカードケースの製造スタッフ新着,製造,神奈川県,"月給40万3,000円",正社員,製造,求人ボックス,https://xn--pckua2a7gp15o89zb.com/jbn/360e80d8bd4c35d231189c6d3146071a,True,12時間前,2026-09-19 04:14:13,神奈川県
「未経験でも始めやすい!」／ラバーストラップの製造スタッフ新着,製造,神奈川県,"月給35万3,000円",正社員,製造,求人ボックス,https://xn--pckua2a7gp15o89zb.com/jbn/3bf543203afce8899ae8bcce607f498d,True,12時間前,2026-09-19 04:14:13,神奈川県
「正社員として働ける!」／キャラクター入浴剤パッケージの製造スタッフ新着,製造,神奈川県,"月給35万7,000円",正社員,製造,求人ボックス,https://xn--pckua2a7gp15o89zb.com/jbn/bc6485bce5fa4b9de63848acac5d678f,True,12時間前,2026-09-19 04:14:16,神奈川県
「正社員デビューに人気!」／ミニぬいぐるみの製造スタッフ／正社員デビュ...新着,製造,神奈川県,"月給42万3,000円",正社員,製造,求人ボックス,https://xn--pckua2a7gp15o89zb.com/jbn/db22e4903ed57288b1d607dad4c2be29,True,12時間前,2026-09-19 04:14:16,神奈川県
「未経験から高収入へ!」／アニメミニ色紙の製造スタッフ／正社員デビュー...新着,製造,神奈川県,"月給35万8,000円",正社員,製造,求人ボックス,https://xn--pckua2a7gp15o89zb.com/jbn/7e8580ca51cd04d84fb91f6def84b1a1,True,12時間前,2026-09-19 04:14:16,神奈川県
「コツコツ検査作業!」ブレーキパッドの製造スタッフ／20代から30代活...新着,株式会社日本ケイテム,神奈川県,"時給1,500円～",派遣社員,製造,求人ボックス,https://xn--pckua2a7gp15o89zb.com/jbn/d9eeb46cee9c91ee96f56587225f2ef3,True,19時間前,2026-09-19 04:14:21,神奈川県
車・航空機製造／検査／製造スタッフ 即日入社 寮費無料／自動車エンジン...新着,ジョブストア株式会社,神奈川県,月給29万円～38万円,正社員,製造,求人ボックス,https://xn--pckua2a7gp15o89zb.com/jb/8de938ea6c277d858f1f552bee64083b,True,4時間前,2026-09-19 04:14:21,神奈川県
「仕事もプライベートも充実!」／製造スタッフ／未経験歓迎／土日休み新着,製造,神奈川県,月給27万円～33万円,正社員,製造,求人ボックス,https://xn--pckua2a7gp15o89zb.com/jbn/78185cc7d97536d7f04a62e39f51d07d,True,14時間前,2026-09-19 04:14:21,神奈川県
製造スタッフ／工場・製造系 ア 機能式ベッドの組み立て未経験OK新着,株式会社STREAK,神奈川県,"時給1,550円～1,950円",アルバイト・パート,製造,求人ボックス,https://xn--pckua2a7gp15o89zb.com/jb/c2f7884b5c63e0b838f5f9f9011cebcd,True,5時間前,2026-09-19 04:14:24,神奈川県
「天体望遠鏡の製造」若手スタッフ多数／二交代・夜勤あり／Wi-Fiつき...新着,AspiRove株式会社,神奈川県,月給35万円,正社員,製造,求人ボックス,https://xn--pckua2a7gp15o89zb.com/jb/3b3669945c256b59234684063114e9ee,True,22時間前,2026-09-19 04:14:24,神奈川県
「高収入を目指せる!」／製造スタッフ／未経験歓迎／安定収入新着,製造,神奈川県,月給27万円～33万円,正社員,製造,求人ボックス,https://xn--pckua2a7gp15o89zb.com/jbn/491795a3f10401f45a10e1f95d0d22f8,True,14時間前,2026-09-19 04:14:24,神奈川県
製造スタッフ／検査／機械メンテ 退寮まってくれない 私たちにお任せ新着,株式会社Live.,神奈川県,"時給2,000円～2,500円",アルバイト・パート,製造,求人ボックス,https://xn--pckua2a7gp15o89zb.com/jb/7a6c889f187c26ce02483b3b78d0900d,True,4時間前,2026-09-19 04:14:27,神奈川県
製造スタッフ／研修充実／交通費支給／残業手当あり／社会保険完備新着,製造,神奈川県,月給27万円～33万円,正社員,製造,求人ボックス,https://xn--pckua2a7gp15o89zb.com/jbn/0b8aab127d1682b7fab27e5f2f0368ab,True,14時間前,2026-09-19 04:14:27,神奈川県
安定収入／プラスチックケースの製造スタッフ／未経験OK／寮完備新着,株式会社アテナスタイル,神奈川県,"月給29万4,000円",正社員,製造,求人ボックス,https://xn--pckua2a7gp15o89zb.com/jb/e5295a2379b3f22a2b84ef45fbc5f51e,True,4時間前,2026-09-19 04:14:27,神奈川県
「福利厚生充実の注目求人」／ドライブレコーダー部品の製造スタッフ新着,製造,神奈川県,月給34万円～48万,正社員,製造,求人ボックス,https://xn--pckua2a7gp15o89zb.com/jbn/0335ddf6e0ffae928b42da06b7566082,True,13時間前,2026-09-19 04:14:31,神奈川県
「モノづくりに挑戦できる仕事」／製造スタッフ／未経験歓迎／研修制度あり新着,製造,神奈川県,月給27万円～33万円,正社員,製造,求人ボックス,https://xn--pckua2a7gp15o89zb.com/jbn/88f586a79a5d6a02d54b1e875dc43ed6,True,12時間前,2026-09-19 04:14:31,神奈川県
「リラックス系商品を扱う!」／バスグッズの製造スタッフ／即勤務OK新着,株式会社SNJAPAN,神奈川県,月給27万円～34万円,正社員,製造,求人ボックス,https://xn--pckua2a7gp15o89zb.com/jbn/177ed2e0d162bf0d07ed53f429159ca0,True,16時間前,2026-09-19 04:14:31,神奈川県
「新しい仕事に挑戦しやすい」／車載USBソケットの製造スタッフ新着,製造,神奈川県,"月給33万2,000円",正社員,製造,求人ボックス,https://xn--pckua2a7gp15o89zb.com/jbn/f7ea47833b75121cd0818710c4f03732,True,13時間前,2026-09-19 04:14:34,神奈川県
「男女ともに活躍中」／製造スタッフ／未経験歓迎／月給30万円可能新着,製造,神奈川県,月給30万円,正社員,製造,求人ボックス,https://xn--pckua2a7gp15o89zb.com/jbn/70da32d2169ebf56860245a51d5a8ec5,True,14時間前,2026-09-19 04:14:34,神奈川県
「月給30万円可能!」／製造スタッフ／未経験歓迎／安定収入新着,製造,神奈川県,月給30万円,正社員,製造,求人ボックス,https://xn--pckua2a7gp15o89zb.com/jbn/64a0fd54308dbf91b8b5101d135be7a9,True,13時間前,2026-09-19 04:14:36,神奈川県
「福利厚生充実の注目求人」／スマート家電リモコンの製造スタッフ新着,製造,神奈川県,"月給35万7,000円",正社員,製造,求人ボックス,https://xn--pckua2a7gp15o89zb.com/jbn/4a178a895860c4e968715e64f282a0b6,True,13時間前,2026-09-19 04:14:36,神奈川県
「残業少なめで続けやすい」／電動歯ブラシヘッドの製造スタッフ新着,製造,神奈川県,"月給33万4,000円",正社員,製造,求人ボックス,https://xn--pckua2a7gp15o89zb.com/jbn/a44938750e198979e604881161395c58,True,13時間前,2026-09-19 04:14:36,神奈川県
安心・安定の京急グループ 主婦活躍中の清掃スタッフ／未経験新着,京急サービス株式会社,神奈川県,"時給1,230円",契約社員,清掃,求人ボックス,https://xn--pckua2a7gp15o89zb.com/jb/17a066e99bdc5ad6f9affc3bb70cddc0,True,6時間前,2026-09-19 04:14:34,神奈川県
結婚式場の清掃スタッフ／週休2日制／残業ほぼなし／センター南駅徒歩2分新着,アイル・コーポレーション株式会社,神奈川県,"月給23万3,000円",契約社員,清掃,求人ボックス,https://xn--pckua2a7gp15o89zb.com/jb/27141ff159fa7febc0540fcc8ef77f29,True,6時間前,2026-09-19 04:14:34,神奈川県
清掃スタッフ新着,相鉄企業株式会社,神奈川県,"時給1,300円",アルバイト・パート,清掃,求人ボックス,https://xn--pckua2a7gp15o89zb.com/jb/86260abcd1e13d1207078c3621fcadc5,True,20時間前,2026-09-19 04:14:34,神奈川県
民泊清掃スタッフ新着,八翔ビル管理株式会社,神奈川県,"時給1,500円～",アルバイト・パート,清掃,求人ボックス,https://xn--pckua2a7gp15o89zb.com/jb/8b294580857369a53259bbedfe497342,True,20時間前,2026-09-19 04:14:34,神奈川県
清掃スタッフ新着,Olympic鶴見店,神奈川県,"時給1,300円",アルバイト・パート,清掃,求人ボックス,https://xn--pckua2a7gp15o89zb.com/jb/fc66c32c85f619f2e12be08f94ee12f2,True,8時間前,2026-09-19 04:14:34,神奈川県
オフィスビル内の清掃業務スタッフ新着,株式会社シービーエス,神奈川県,"時給1,300円",アルバイト・パート,清掃,求人ボックス,https://xn--pckua2a7gp15o89zb.com/jb/df0f407d2b597e1668166e7f1872eadc,True,8時間前,2026-09-19 04:14:35,神奈川県
最短1日勤務OK!お給料は日払いで即GET!履歴書や来社は不要!新着,テイケイワークス東京株式会社,神奈川県,"時給1,282円",アルバイト・パート,清掃,求人ボックス,https://xn--pckua2a7gp15o89zb.com/jb/c5138c6acc300b2168a1d8d262056272,True,10時間前,2026-09-19 04:14:35,神奈川県
直行直帰が多め／横浜市内を巡る応援清掃スタッフ／未経験歓迎新着,国際ビルサービス株式会社,神奈川県,"月給22万4,236円",正社員,清掃,求人ボックス,https://xn--pckua2a7gp15o89zb.com/jb/cc4aeb05ab45b6e1b6b8d4ade8dde647,True,22時間前,2026-09-19 04:14:35,神奈川県
自動車の車内清掃スタッフ新着,有限会社クライス,神奈川県,"時給1,279円",アルバイト・パート,清掃,求人ボックス,https://xn--pckua2a7gp15o89zb.com/jb/ea71ca0edf2d98f0266f5ea59b0852c1,True,16時間前,2026-09-19 04:14:35,神奈川県
工場内の共用部・食堂清掃スタッフ新着,株式会社センシアリンク,神奈川県,"時給1,280円",アルバイト・パート,清掃,求人ボックス,https://xn--pckua2a7gp15o89zb.com/jb/88c605f96af890de77a504d3425474bc,True,5時間前,2026-09-19 04:14:35,神奈川県
園内の清掃スタッフ新着,株式会社美装フジモト,神奈川県,"時給1,240円～",アルバイト・パート,清掃,求人ボックス,https://xn--pckua2a7gp15o89zb.com/jb/1a82bd577a627b4bd462f15cf0faa67a,True,13時間前,2026-09-19 04:14:35,神奈川県
清掃スタッフ 横浜市青葉区あざみ野駅エリアの高齢者施設新着,東急ビルメンテナンス株式会社,神奈川県,"時給1,300円",,清掃,求人ボックス,https://xn--pckua2a7gp15o89zb.com/jb/26650df02372b08cdbb2e52baf1ef0ba,True,3時間前,2026-09-19 04:14:35,神奈川県
施設清掃スタッフ新着,太陽技研株式会社,神奈川県,"時給1,230円～",アルバイト・パート,清掃,求人ボックス,https://xn--pckua2a7gp15o89zb.com/jb/9e7f92506390e69f7653840ca104ddb4,True,11時間前,2026-09-19 04:14:38,神奈川県
清掃スタッフ／未経験OK／週3日〜OK／当麻新着,京浜クリーンナップ興業株式会社,神奈川県,"時給1,330円～",アルバイト・パート,清掃,求人ボックス,https://xn--pckua2a7gp15o89zb.com/jb/970296e3a2ccd5fb2adf3844d1371a7e,True,12時間前,2026-09-19 04:14:38,神奈川県
日常清掃スタッフ／扶養内勤務可／シニア層歓迎／淵野辺新着,株式会社美備,神奈川県,"時給1,310円～",アルバイト・パート,清掃,求人ボックス,https://xn--pckua2a7gp15o89zb.com/jb/cd1eecf1425bb68d7038de420a8bdde9,True,12時間前,2026-09-19 04:14:38,神奈川県
マンションの清掃スタッフ新着,南信ビルサービス株式会社,神奈川県,"時給1,279円",アルバイト・パート,清掃,求人ボックス,https://xn--pckua2a7gp15o89zb.com/jb/99ba9cfdac29f42e06541ab4938b8fbc,True,9時間前,2026-09-19 04:14:38,神奈川県
病院内の清掃スタッフ新着,株式会社ボイス,神奈川県,"時給1,385円",アルバイト・パート,清掃,求人ボックス,https://xn--pckua2a7gp15o89zb.com/jb/2ab8b9017b99326fed675f0e49756ba6,True,20時間前,2026-09-19 04:14:38,神奈川県
ホテルの客室清掃スタッフ／扶養内勤務可／相生新着,ホテル ザ・ウェーブ,神奈川県,,アルバイト・パート,清掃,求人ボックス,https://xn--pckua2a7gp15o89zb.com/jb/0f739a35e17c5fb3e366c8df876036c4,True,12時間前,2026-09-19 04:14:38,神奈川県
ビル清掃スタッフ新着,株式会社ルナビルメンテナンス,神奈川県,日給1万円～,アルバイト・パート,清掃,求人ボックス,https://xn--pckua2a7gp15o89zb.com/jb/a904c07106b67a15cef3b8f9906d47ba,True,11時間前,2026-09-19 04:14:41,神奈川県
清掃スタッフ新着,株式会社アーネスト,神奈川県,"時給1,300円",アルバイト・パート,清掃,求人ボックス,https://xn--pckua2a7gp15o89zb.com/jb/52768d01525fc7655a6ad3067e850de5,True,9時間前,2026-09-19 04:14:41,神奈川県
清掃スタッフ新着,株式会社トーヨーテクノ,神奈川県,"時給1,400円",アルバイト・パート,清掃,求人ボックス,https://xn--pckua2a7gp15o89zb.com/jb/8d935389abaca667dfb677d373eac0f6,True,16時間前,2026-09-19 04:14:41,神奈川県
商業施設の清掃スタッフ!日払いで即金GET!履歴書無し!自宅からサクッ...新着,株式会社CAREER,神奈川県,"時給1,300円",派遣社員,清掃,求人ボックス,https://xn--pckua2a7gp15o89zb.com/jb/aa82fc8eca5258c58b1da76d2a17a2c1,True,9時間前,2026-09-19 04:14:41,神奈川県
清掃スタッフ新着,ライフ 大口店,神奈川県,"時給1,305円",アルバイト・パート,清掃,求人ボックス,https://xn--pckua2a7gp15o89zb.com/jb/d5e633286c83aba9f94235c75876295e,True,13時間前,2026-09-19 04:14:41,神奈川県
官公庁内の清掃スタッフ新着,株式会社クリアー,神奈川県,"時給1,306円",アルバイト・パート,清掃,求人ボックス,https://xn--pckua2a7gp15o89zb.com/jb/2110c6ff1f1c5a67cdd8a020152d6b2e,True,5時間前,2026-09-19 04:14:41,神奈川県
柔軟なシフト制 学生さんも歓迎! 清掃スタッフ新着,バンダイナムコ Cross Store 横浜,神奈川県,"時給1,350円",アルバイト・パート,清掃,求人ボックス,https://xn--pckua2a7gp15o89zb.com/jb/b468c96110b94f46e6a723f65830103d,True,4時間前,2026-09-19 04:14:41,神奈川県
清掃スタッフ新着,ライフ さいか屋藤沢店,神奈川県,"時給1,305円",アルバイト・パート,清掃,求人ボックス,https://xn--pckua2a7gp15o89zb.com/jb/20bc2da4893c965ec0902ce56556760a,True,14時間前,2026-09-19 04:14:43,神奈川県
清掃スタッフ新着,ライフ 鶴見下野谷町店,神奈川県,"時給1,305円",アルバイト・パート,清掃,求人ボックス,https://xn--pckua2a7gp15o89zb.com/jb/0b2c23a5c4bfb9a2392cc25889c1568d,True,13時間前,2026-09-19 04:14:43,神奈川県
清掃スタッフ新着,ライフ 大倉山店,神奈川県,"時給1,235円",アルバイト・パート,清掃,求人ボックス,https://xn--pckua2a7gp15o89zb.com/jb/d4fc44472f3d9d856e9c7114645f9ef6,True,13時間前,2026-09-19 04:14:43,神奈川県
コインランドリーの清掃スタッフ新着,株式会社リビングセンター,神奈川県,"時給1,230円～",アルバイト・パート,清掃,求人ボックス,https://xn--pckua2a7gp15o89zb.com/jb/de24d8f365c824e06d6ba727356a2a2d,True,5時間前,2026-09-19 04:14:43,神奈川県
清掃STAFF新着,株式会社タカチホ産業,神奈川県,"時給1,400円～",アルバイト・パート,清掃,求人ボックス,https://xn--pckua2a7gp15o89zb.com/jb/a6c7f6264d61cc940108d3133e58b073,True,13時間前,2026-09-19 04:14:43,神奈川県
館内清掃・リネン洗濯スタッフ新着,株式会社東洋食品PFI管理部,神奈川県,"時給1,250円～",アルバイト・パート,清掃,求人ボックス,https://xn--pckua2a7gp15o89zb.com/jb/6e58b7b22fd816807a4721cff363de91,True,4時間前,2026-09-19 04:14:43,神奈川県
ペットショップの清掃・店舗スタッフ／ペットフォレスト小平店安心の社会保...新着,株式会社犬の家 ペットフォレスト小平店,神奈川県,月給22万円～30万円,正社員,清掃,求人ボックス,https://xn--pckua2a7gp15o89zb.com/jbn/9b5ced2aad8e848cdc5edefc8fed3090,True,21時間前,2026-09-19 04:14:43,神奈川県
マンション共有部の清掃スタッフ新着,アイング株式会社 清掃部 パークスクエア長津田フ...,神奈川県,"時給1,280円～",アルバイト・パート,清掃,求人ボックス,https://xn--pckua2a7gp15o89zb.com/jb/480dacefe7172a80dee55160a2cc9654,True,17時間前,2026-09-19 04:14:46,神奈川県
清掃スタッフ新着,アイング株式会社 清掃部 東百合丘の教育施設 清掃,神奈川県,"時給1,280円～",アルバイト・パート,清掃,求人ボックス,https://xn--pckua2a7gp15o89zb.com/jb/19ecbbfcfded786a2b8e842ad2b7a576,True,17時間前,2026-09-19 04:14:46,神奈川県
平面駐車場の巡回・清掃スタッフ／タイムズサービス株式会社 タイムズステ...新着,パーク24,神奈川県,"時給1,280円～",アルバイト・パート,清掃,求人ボックス,https://xn--pckua2a7gp15o89zb.com/jb/12cd78e6afd82db8ab90c4ab7367d89e,True,5時間前,2026-09-19 04:14:46,神奈川県
データーセンター内の清掃スタッフ新着,株式会社東海ビルメンテナス,神奈川県,"時給1,600円～",アルバイト・パート,清掃,求人ボックス,https://xn--pckua2a7gp15o89zb.com/jb/c9385635b0cb3167320390a4f22cf3a2,True,5時間前,2026-09-19 04:14:46,神奈川県
商業施設の清掃スタッフ新着,清掃,神奈川県,"時給1,300円",アルバイト・パート,清掃,求人ボックス,https://xn--pckua2a7gp15o89zb.com/jb/ae9c1c02ae1e6a60ae5017da9065a9c3,True,11時間前,2026-09-19 04:14:46,神奈川県
マンションの日常清掃スタッフ新着,株式会社ハリマビステム,神奈川県,"時給1,400円",アルバイト・パート,清掃,求人ボックス,https://xn--pckua2a7gp15o89zb.com/jb/40f90ad002894040ca385566c07a1670,True,8時間前,2026-09-19 04:14:46,神奈川県
イオンスタイル戸塚店の清掃スタッフ新着,イオンディライトコネクト株式会社,神奈川県,"時給1,280円",アルバイト・パート,清掃,求人ボックス,https://xn--pckua2a7gp15o89zb.com/jb/962c1ce3ac5c0290006eecdfb67d6149,True,3時間前,2026-09-19 04:14:46,神奈川県
未経験から3週間で独立!高日給1.5万～2.8万円の新築清掃スタッフ新着,株式会社調和プロダクトサービス,神奈川県,日給1,,清掃,求人ボックス,https://xn--pckua2a7gp15o89zb.com/jb/13b5e7cea303c31b4eb78b2701f91428,True,3時間前,2026-09-19 04:14:49,神奈川県
10／5～6・8～11 スポーツ大会トイレ清掃スタッフ新着,株式会社ムーヴ 関東,神奈川県,"日給1万1,000円",アルバイト・パート,清掃,求人ボックス,https://xn--pckua2a7gp15o89zb.com/jb/949206625a9c208595903d3b1a71dab3,True,22時間前,2026-09-19 04:14:49,神奈川県
「共有部などの清掃スタッフ」嬉しい日払い・週払いOK!未経験歓迎!新着,株式会社アドミック／Y20066H派,神奈川県,"時給1,500円～",派遣社員,清掃,求人ボックス,https://xn--pckua2a7gp15o89zb.com/jb/41e2732e79c5b07bd4fc8c0319cb2d72,True,22時間前,2026-09-19 04:14:49,神奈川県
「窓拭き／清掃スタッフ」急な出費にも安心!日払いOK!未経験でも安心!新着,株式会社アドミック／Y20484H派,神奈川県,"時給1,500円～",派遣社員,清掃,求人ボックス,https://xn--pckua2a7gp15o89zb.com/jb/56b59667d3f483c7b198edf0854c4ae6,True,22時間前,2026-09-19 04:14:49,神奈川県
「清掃スタッフ」急な出費にも安心!日払いOK!未経験OK!履歴書不要の...新着,株式会社アドミック／Y20067H派,神奈川県,"時給1,500円～",派遣社員,清掃,求人ボックス,https://xn--pckua2a7gp15o89zb.com/jb/dcf3b1e8099db044620e76888f7e41d9,True,22時間前,2026-09-19 04:14:49,神奈川県
火・木のみ勤務!午後3時間の短時間清掃スタッフ募集新着,京浜サービス株式会社,神奈川県,"時給1,300円",アルバイト・パート,清掃,求人ボックス,https://xn--pckua2a7gp15o89zb.com/jb/3780b6697b765e944a76449bb3b91187,True,3時間前,2026-09-19 04:14:49,神奈川県
空港の維持清掃スタッフ／夜間運転手 未経験歓迎／年休125日新着,日本ロード・メンテナンス株式会社,神奈川県,"月給35万6,000円",正社員,清掃,求人ボックス,https://xn--pckua2a7gp15o89zb.com/jb/bc4c300ade066dcad02f343459ced3ba,True,3時間前,2026-09-19 04:14:49,神奈川県
マンションの日常清掃スタッフ新着,かもめビルサービス株式会社,神奈川県,"時給1,280円～",アルバイト・パート,清掃,求人ボックス,https://xn--pckua2a7gp15o89zb.com/jb/f85b24026ecf89fbaefa03ec01460597,True,8時間前,2026-09-19 04:14:49,神奈川県
ホテル清掃スタッフ新着,株式会社ウエストサイド,神奈川県,"時給1,230円～2,200円",アルバイト・パート,清掃,求人ボックス,https://xn--pckua2a7gp15o89zb.com/jb/56d285f7a5f722539256dcd2919b7ba7,True,10時間前,2026-09-19 04:14:52,神奈川県
清掃スタッフ・清掃／環境整備新着,喜美の森 仲町台,神奈川県,"時給1,280円～1,350円",アルバイト・パート,清掃,求人ボックス,https://xn--pckua2a7gp15o89zb.com/jb/572fa433228a1403bfd7b861bade9ca0,True,6時間前,2026-09-19 04:14:52,神奈川県
「清掃スタッフ」急な出費にも安心!日払いOK!未経験OK!履歴書も来社...新着,株式会社アドミック／Y20330SH派,神奈川県,"時給1,700円～",派遣社員,清掃,求人ボックス,https://xn--pckua2a7gp15o89zb.com/jb/b59a8f261323871e7a8efbd480429aa4,True,22時間前,2026-09-19 04:14:52,神奈川県
「床の清掃スタッフ」急な出費にも安心!日払いOK!未経験歓迎!新着,株式会社アドミック／Y18360H派,神奈川県,"時給1,500円～",派遣社員,清掃,求人ボックス,https://xn--pckua2a7gp15o89zb.com/jb/e3dfc403d65ddd545006fd603cc4a202,True,22時間前,2026-09-19 04:14:52,神奈川県
クリーンスタッフ・清掃／環境整備新着,SOMPOケア ラヴィーレ町田小山,神奈川県,"時給1,290円～1,340円",アルバイト・パート,清掃,求人ボックス,https://xn--pckua2a7gp15o89zb.com/jb/f5ff804610f77baf3df37a59871296b2,True,6時間前,2026-09-19 04:14:52,神奈川県
清掃スタッフ新着,バンダイナムコ Cross Store 横浜 清掃,神奈川県,"時給1,350円～",契約社員,清掃,求人ボックス,https://xn--pckua2a7gp15o89zb.com/jb/9517c3b7995d1d58daa81a2455977fb5,True,21時間前,2026-09-19 04:14:52,神奈川県
清掃スタッフ新着,リアンレーヴはるひ野,神奈川県,"時給1,225円",アルバイト・パート,清掃,求人ボックス,https://xn--pckua2a7gp15o89zb.com/jb/1b90ae0b2a43aef345bd043cd883cc0b,True,14時間前,2026-09-19 04:14:52,神奈川県
団地の清掃スタッフ新着,日本総合住生活株式会社,神奈川県,"時給1,320円～",アルバイト・パート,清掃,求人ボックス,https://xn--pckua2a7gp15o89zb.com/jb/da8ea373f450d45442d3bed69807591f,True,14時間前,2026-09-19 04:14:56,神奈川県
横浜駅から徒歩圏の自動車学校の朝の清掃スタッフ新着,ワンダフルクリーン 横浜駅からスグの自動車学校の...,神奈川県,"時給1,280円～",アルバイト・パート,清掃,求人ボックス,https://xn--pckua2a7gp15o89zb.com/jb/2ab8f6afa297a8431b11866a0bda93ea,True,10時間前,2026-09-19 04:14:56,神奈川県
「住み込み」クルーズ船清掃スタッフ／国内外を巡るレアバイト／短期OK新着,株式会社GROW AGENCY,神奈川県,"時給1,500円～1,875円",アルバイト・パート,清掃,求人ボックス,https://xn--pckua2a7gp15o89zb.com/jb/1782f0cc07744ceb339ccc72c189b79c,True,8時間前,2026-09-19 04:14:56,神奈川県
オフィスビルの清掃スタッフ／朝の短時間でサクッと 初めて&未経験OK新着,株式会社シンオーサービス,神奈川県,"時給1,300円",アルバイト・パート,清掃,求人ボックス,https://xn--pckua2a7gp15o89zb.com/jb/87a3c74b388e36d0f61474a20f6114d4,True,13時間前,2026-09-19 04:14:56,神奈川県
保養所内清掃スタッフ新着,グリーンホスピタリティフードサービス株式会社,神奈川県,"時給1,225円～",アルバイト・パート,清掃,求人ボックス,https://xn--pckua2a7gp15o89zb.com/jb/3731efc4ec77861ee956fd878f1cf993,True,14時間前,2026-09-19 04:14:56,神奈川県
ホテルメッツ横浜での客室清掃スタッフ／「おかえり」の時間に間に合う!新着,メトロポリタンサービス株式会社,神奈川県,"時給1,310円",アルバイト・パート,清掃,求人ボックス,https://xn--pckua2a7gp15o89zb.com/jb/867f779a1ff2935c200c50421436455a,True,13時間前,2026-09-19 04:14:56,神奈川県
清掃管理責任者／マネージャー／、ビルクリーニングスタッフ新着,株式会社アオイ,神奈川県,月給25万円,正社員,清掃,求人ボックス,https://xn--pckua2a7gp15o89zb.com/jb/4a3d0cfbdd9563ed27eb4dee5c32c4d2,True,7時間前,2026-09-19 04:14:56,神奈川県
病院内の日常清掃／女性活躍中／日勤／短時間勤務新着,株式会社ビル・メン,神奈川県,"時給1,280円",アルバイト・パート,清掃,求人ボックス,https://xn--pckua2a7gp15o89zb.com/jb/8c7f6b7bc5a04215601a0985c4581ece,True,23時間前,2026-09-19 04:14:59,神奈川県
有料老人ホーム内清掃業務新着,株式会社清光社,神奈川県,"時給1,230円",アルバイト・パート,清掃,求人ボックス,https://xn--pckua2a7gp15o89zb.com/jb/6ad8dbb1ffed734e662d036d20fda8d6,True,8時間前,2026-09-19 04:14:59,神奈川県
施設保守業務新着,戦力エージェント株式会社,神奈川県,"時給1,700円",正社員,清掃,求人ボックス,https://xn--pckua2a7gp15o89zb.com/jb/98483bbb7b2e004b04313ffcbd03a5ae,True,8時間前,2026-09-19 04:14:59,神奈川県
設備清掃新着,太南工業株式会社,神奈川県,"日給1万1,000円",正社員,清掃,求人ボックス,https://xn--pckua2a7gp15o89zb.com/jb/25c46a49b806a48742897a8a350a3bd2,True,18時間前,2026-09-19 04:14:59,神奈川県
管理員・清掃員新着,株式会社合人社計画研究所,神奈川県,"月給7万2,400円",,清掃,求人ボックス,https://xn--pckua2a7gp15o89zb.com/jb/b750cbe71a801ee3d919e4e22d8df36b,True,8時間前,2026-09-19 04:14:59,神奈川県
ガソリンスタンドスタッフ新着,エナジースタッフ中日本株式会社,神奈川県,"日給4,875円",アルバイト・パート,清掃,求人ボックス,https://xn--pckua2a7gp15o89zb.com/jb/06284007b7dca704fc8f5776e09a9f7d,True,21時間前,2026-09-19 04:14:59,神奈川県
ゴルフ場芝生管理／ゴルフ場コースのグリーンなどの各所でプレーに最適な環境をキープするための維持管理作...新着,チェックメイトカントリークラブ 株式会社市川造園...,神奈川県,月給26万円～31万円,正社員,清掃,求人ボックス,https://xn--pckua2a7gp15o89zb.com/jb/cfb31d618c342ad8cdf5ea4ed90d246e,True,18時間前,2026-09-19 04:14:59,神奈川県
事務所内清掃／未経験者歓迎／朝の短時間／清新新着,相模トライアム株式会社,神奈川県,"時給1,280円",アルバイト・パート,清掃,求人ボックス,https://xn--pckua2a7gp15o89zb.com/jb/e8c5387f59a74257561bc5ccb858ea56,True,12時間前,2026-09-19 04:14:59,神奈川県
社会保険完備の職場で歯科衛生士新着,とうはら歯科医院,愛知県,"月給26万3,500円",正社員,歯科,求人ボックス,https://xn--pckua2a7gp15o89zb.com/jb/8d7aae5e24557f01704d05619526dba9,True,7時間前,2026-09-19 04:15:02,愛知県
歯科衛生士／完全週休2日制 年休126日!昇給／賞与あり 未経験新着,やまざき歯科クリニック,愛知県,月給27万円～35万円,正社員,歯科,求人ボックス,https://xn--pckua2a7gp15o89zb.com/jb/9350bbd30aa65bcf9c8e0b9162784f75,True,2時間前,2026-09-19 04:15:02,愛知県
歯科衛生士／月給31万円～・年間休日120日以上／未経験・ブランク可新着,医療法人る・ぷてぃ・らぱん柊みみはなのどクリニック,愛知県,月給31万円～,正社員,歯科,求人ボックス,https://xn--pckua2a7gp15o89zb.com/jb/34857eb559867aed245550fda236c473,True,2時間前,2026-09-19 04:15:02,愛知県
社会保険完備の職場で歯科衛生士新着,いまはし歯科クリニック,愛知県,"月給28万3,800円",正社員,歯科,求人ボックス,https://xn--pckua2a7gp15o89zb.com/jb/1b9adebcad588daa4ceec7e349d74ea6,True,7時間前,2026-09-19 04:15:02,愛知県
歯科衛生士／月給30万円～／歯科衛生士さん急募!安心のサポート体制で新...新着,医療法人えがお アイル矯正歯科,愛知県,月給30万円～,正社員,歯科,求人ボックス,https://xn--pckua2a7gp15o89zb.com/jb/24079c576908a9de11aa5ad595351622,True,2時間前,2026-09-19 04:15:02,愛知県
歯科衛生士／社保完備／各種マニュアル完備／能力給、昇給、賞与あり!経験新着,すみや歯科クリニック,愛知県,月給25万円～35万円,正社員,歯科,求人ボックス,https://xn--pckua2a7gp15o89zb.com/jb/96a245c2bb2c86622effa1eccc6b6507,True,2時間前,2026-09-19 04:15:02,愛知県
社会保険完備の職場で歯科衛生士新着,馬渕歯科医院,愛知県,"月給28万5,000円",正社員,歯科,求人ボックス,https://xn--pckua2a7gp15o89zb.com/jb/719702cb04eb681de54b49e7ed7c6bbf,True,7時間前,2026-09-19 04:15:02,愛知県
歯科衛生士／‘‘通いたくなる歯医者さん‘‘を一緒につくりましょう新着,いちはら歯科,愛知県,月給30万円～,正社員,歯科,求人ボックス,https://xn--pckua2a7gp15o89zb.com/jb/99d904588321f81783e7f8a9eee042ff,True,2時間前,2026-09-19 04:15:02,愛知県
総合病院での地域医療連携事務新着,株式会社日本教育クリエイト,神奈川県,"時給1,400円",,派遣,求人ボックス,https://xn--pckua2a7gp15o89zb.com/jbn/32a15f9a16df1207518aed67680d9030,True,20時間前,2026-09-19 04:14:38,神奈川県
設計事務所の派遣事業部で営業職新着,株式会社アルファコーポレーション,神奈川県,"月給25万5,000円",正社員,派遣,求人ボックス,https://xn--pckua2a7gp15o89zb.com/jb/a9c506f5a9c6d6d4c7736b1da5ece230,True,6時間前,2026-09-19 04:14:38,神奈川県
金融機関の銀行事務 10月スタート 経験必須!新横浜駅周辺! ルーティン中心!金融×事務センター新着,株式会社アヴァンティスタッフ,神奈川県,"時給1,650円",派遣社員,派遣,求人ボックス,https://xn--pckua2a7gp15o89zb.com/jb/0b775e1d473fdfdf1544220c9c03ad02,True,16時間前,2026-09-19 04:14:38,神奈川県
町田市の保育士／認可保育園の保育スタッフ 派遣保育士／時短勤務／日払い・週払い、短期OK新着,グッドネクスト,神奈川県,"時給1,600円",派遣社員,派遣,求人ボックス,https://xn--pckua2a7gp15o89zb.com/jb/aaea2284a3b004b1dc7b3b96e38e4538,True,23時間前,2026-09-19 04:14:38,神奈川県
製造スタッフ／ライン作業／工場・製造系 人気の相模原市でのお仕事 重機の組立作業 土日休み／週払い新着,株式会社プラス・ワン,神奈川県,"時給1,350円～1,688円",派遣社員,派遣,求人ボックス,https://xn--pckua2a7gp15o89zb.com/jb/172b4077497d597be64c6c8c8116a71b,True,16時間前,2026-09-19 04:14:38,神奈川県
残業ほぼなし 医療系知識は不要!機器の発送など新着,...PC基本操作(入力・保存操作等)可能な方 【特徴】未経験OK/残業なし/残業少なめ(20H以下)/土日休み/,神奈川県,"時給1,650円",派遣社員,派遣,求人ボックス,https://xn--pckua2a7gp15o89zb.com/jb/473a4ee11d5d0d9c53f955a21859fa8f,True,12時間前,2026-09-19 04:14:38,神奈川県
物流倉庫のバックオフィス・営業補助／月収31万円以上可／週払い可／夜勤新着,株式会社東陽ワーク,神奈川県,"時給1,400円",契約社員,派遣,求人ボックス,https://xn--pckua2a7gp15o89zb.com/jb/eb1aaa29d1700810ac6121ec54b20208,True,5時間前,2026-09-19 04:14:38,神奈川県
製造スタッフ／梱包／仕分け・シール貼り 未経験OK 商品出荷のためのテープ巻きやキャップ付け 車OK新着,株式会社カインズサービス,神奈川県,"時給1,600円",派遣社員,派遣,求人ボックス,https://xn--pckua2a7gp15o89zb.com/jb/c159565adb0e76937e2fe0178fc7be6e,True,23時間前,2026-09-19 04:14:39,神奈川県
「「人気のカンタン軽作業×日勤のみ」」ペット用品などの倉庫内軽作業新着,セブンエージェント株式会社,神奈川県,"時給1,300円～",派遣社員,派遣,求人ボックス,https://xn--pckua2a7gp15o89zb.com/jb/8517d820825785cb85961f4c95eec6bd,True,19時間前,2026-09-19 04:14:39,神奈川県
一般事務新着,株式会社リクルートスタッフィング,神奈川県,"時給1,550円～",派遣社員,派遣,求人ボックス,https://xn--pckua2a7gp15o89zb.com/jb/a92d142d4ea8732e89857380dc6e6390,True,19時間前,2026-09-19 04:14:39,神奈川県
電子部品の組立・検査スタッフ／電子部品の組立・検査スタッフ@藤沢市遠藤新着,株式会社ミライル,神奈川県,"時給1,500円",派遣社員,派遣,求人ボックス,https://xn--pckua2a7gp15o89zb.com/jb/0fd68a78414352920d30b0c13b813662,True,15時間前,2026-09-19 04:14:39,神奈川県
同世代の仲間と一緒に成長しよう／派遣コーディネーター／残業すくなめ／未経験の方歓迎／長く働ける新着,コーディネーター  登録,神奈川県,月給27万円～33万円,正社員,派遣,求人ボックス,https://xn--pckua2a7gp15o89zb.com/jbn/c4ff9452d6af579e60fd9422d93cf01e,True,12時間前,2026-09-19 04:14:39,神奈川県
未経験歓迎の人材営業／月給27.5万円～・年休125日・土日祝休み・転勤なし／横浜鶴見新着,、職業紹介、外国人,神奈川県,月給27,正社員,派遣,求人ボックス,https://xn--pckua2a7gp15o89zb.com/jb/369f22eb98532ed850970a1eba2bd215,True,14時間前,2026-09-19 04:14:39,神奈川県
月収28万円 物流倉庫での軽作業・ピッキング 日勤・20-40代活躍中新着,UTエージェント株式会社,神奈川県,月給22万円～,派遣社員,派遣,求人ボックス,https://xn--pckua2a7gp15o89zb.com/jb/df971c2af72eb1b0d4f32734f2e2e643,True,4時間前,2026-09-19 04:14:39,神奈川県
CADは未経験OK@湘南台 大手メーカーで事務とCAD操作新着,ヒューマンリソシア株式会社,神奈川県,"時給1,450円",派遣社員,派遣,求人ボックス,https://xn--pckua2a7gp15o89zb.com/jb/d0634ce7d5947aaba3f1b86f6564300c,True,9時間前,2026-09-19 04:14:44,神奈川県
介護スタッフ／有料老人ホームで勤務!20代～30代活躍中／無資格スタート応援!夜勤のみ新着,株式会社ベネッセキャリオス,神奈川県,"時給1,875円",派遣社員,派遣,求人ボックス,https://xn--pckua2a7gp15o89zb.com/jbn/7c390936b7fc0ad46bc911a6fea531dc,True,21時間前,2026-09-19 04:14:44,神奈川県
メンテナンス作業／自動車整備士／高時給／リモート面接OK／大和市上和田新着,日研トータルソーシング株式会社,神奈川県,"時給2,450円～",派遣社員,派遣,求人ボックス,https://xn--pckua2a7gp15o89zb.com/jbn/5daf0e112bba7450c44eb251639f1071,True,23時間前,2026-09-19 04:14:44,神奈川県
営業事務 ／ 総務事務 ／服装・髪ネイル自由 未経験OK!コツコツ事務新着,パーソルテンプスタッフ株式会社,神奈川県,"時給1,750円",派遣社員,派遣,求人ボックス,https://xn--pckua2a7gp15o89zb.com/jb/170770101ffdd3d3c1ae0c14833995e2,True,15時間前,2026-09-19 04:14:44,神奈川県
システム開発／病院内電子カルテシステムの開発、運用保守新着,マンパワーグループ株式会社,神奈川県,"時給3,000円",派遣社員,派遣,求人ボックス,https://xn--pckua2a7gp15o89zb.com/jb/2c7562cf81d1adc0708952c7c44d82b3,True,7時間前,2026-09-19 04:14:44,神奈川県
住宅性能評価の審査業務新着,旭化成アミダス株式会社,神奈川県,"時給1,800円",派遣社員,派遣,求人ボックス,https://xn--pckua2a7gp15o89zb.com/jb/f68c6ddd98d13c06ed8e1ecf4d146519,True,15時間前,2026-09-19 04:14:47,神奈川県
履歴書無し!自宅からサクッとカンタンWEB応募!時給1300円!日払いOK!新着,株式会社CAREER,神奈川県,時給1300円,派遣社員,派遣,求人ボックス,https://xn--pckua2a7gp15o89zb.com/jb/a97b00acaaf72c3cd617da6bbf9feab7,True,9時間前,2026-09-19 04:14:47,神奈川県
引越しサポートあり ボーナス年2回 ネパール語と日本語の通訳、スタッフ採用新着,キャリアリンクファクトリー株式会社,神奈川県,年収350万円～450万円,契約社員,派遣,求人ボックス,https://xn--pckua2a7gp15o89zb.com/jb/bd7c35d78d57650b4c8bdf5710da81ff,True,13時間前,2026-09-19 04:14:47,神奈川県
アパレル／アクセサリー／レジ打ち 鏡を見るのが もっと好きになる 履歴書不要／日払いOK／昇給有新着,株式会社I・PARTNERS,神奈川県,"時給1,300円～1,600円",派遣社員,派遣,求人ボックス,https://xn--pckua2a7gp15o89zb.com/jb/bf5f85bb6a3aef8a10949a14cc3cdb5c,True,23時間前,2026-09-19 04:14:47,神奈川県
工場での部品検査スタッフ新着,株式会社アルミラ,神奈川県,"時給1,460円～",アルバイト・パート,派遣,求人ボックス,https://xn--pckua2a7gp15o89zb.com/jb/f300791e01f92059664def73105a9a3f,True,17時間前,2026-09-19 04:14:47,神奈川県
20代～40代活躍中／自動車用金属部品の完成品目視検査／昇給あり／出勤手当／食堂完備新着,トランコムSC株式会社,神奈川県,"時給1,560円～1,950円",派遣社員,派遣,求人ボックス,https://xn--pckua2a7gp15o89zb.com/jbn/bcc188d1752bd2433b2c9c97b397b624,True,23時間前,2026-09-19 04:14:47,神奈川県
サ高住の介護スタッフ 週3～可!前払いok!／シニア活躍!派遣のお仕事新着,レジオール,神奈川県,"時給1,580円～1,650円",派遣社員,派遣,求人ボックス,https://xn--pckua2a7gp15o89zb.com/jb/5cb938469855886704b7eb454859403e,True,23時間前,2026-09-19 04:14:47,神奈川県
未経験OKの 事務スタッフ 残業ほぼなし・有給取得率100%新着,株式会社エークラス,神奈川県,月給22万円～35万円,正社員,派遣,求人ボックス,https://xn--pckua2a7gp15o89zb.com/jb/e32a22110832fd1096dc642a7e0ff7ec,True,1時間前,2026-09-19 04:14:51,神奈川県
大手企業G 経理事務 車通勤OK新着,株式会社スタッフサービス,神奈川県,"時給1,600円～1,700円",派遣社員,派遣,求人ボックス,https://xn--pckua2a7gp15o89zb.com/jb/cd347866a223ed23d0646c881ab539bf,True,16時間前,2026-09-19 04:14:51,神奈川県
月収21万円 検査・検品・20-40代活躍中新着,株式会社BREXA Next,神奈川県,"時給1,250円～",派遣社員,派遣,求人ボックス,https://xn--pckua2a7gp15o89zb.com/jb/272d6d6082c76b873973a9aa39ae34f8,True,4時間前,2026-09-19 04:14:51,神奈川県
建設機械の清掃・部品交換・メンテナンス新着,株式会社スタッフ・アクティオ,神奈川県,"時給1,500円",派遣社員,派遣,求人ボックス,https://xn--pckua2a7gp15o89zb.com/jb/29b679cca0dfaf1becbd67af785f53ba,True,12時間前,2026-09-19 04:14:51,神奈川県
販売staff新着,株式会社ウィルオブ・ワーク SAFR,神奈川県,"時給1,420円～1,500円",派遣社員,派遣,求人ボックス,https://xn--pckua2a7gp15o89zb.com/jb/c97573883f6cf55bb9d6afefeaba8a59,True,14時間前,2026-09-19 04:14:51,神奈川県
4名募集!未経験OKの病院受付 残業なし新着,ランスタッド株式会社,神奈川県,"時給1,500円",派遣社員,派遣,求人ボックス,https://xn--pckua2a7gp15o89zb.com/jb/015819b1b4c1d400928eed1fe49ece5c,True,23時間前,2026-09-19 04:14:51,神奈川県
電子カルテに関する業務サポート新着,株式会社ウィルオブ・ワーク,神奈川県,"時給1,700円～",派遣社員,派遣,求人ボックス,https://xn--pckua2a7gp15o89zb.com/jb/7707da6094f99fa8ced7fec370fad5e8,True,12時間前,2026-09-19 04:14:54,神奈川県
大手物流倉庫の軽作業スタッフ新着,株式会社プロキャスト,神奈川県,"時給1,300円～1,625円",派遣社員,派遣,求人ボックス,https://xn--pckua2a7gp15o89zb.com/jb/6ab2c3501e3da4f6e9304266b345900d,True,18時間前,2026-09-19 04:14:54,神奈川県
携帯電話の販売スタッフ新着,株式会社バックスグループ 営業3グループ,神奈川県,"時給1,800円",契約社員,派遣,求人ボックス,https://xn--pckua2a7gp15o89zb.com/jbn/26e2a18354956b2006dff5d9f7d05a71,True,18時間前,2026-09-19 04:14:54,神奈川県
事務スタッフ新着,株式会社アーデントスタッフ,神奈川県,"時給1,400円",派遣社員,派遣,求人ボックス,https://xn--pckua2a7gp15o89zb.com/jb/0d03857b8f8022e9d1efabc4ffcf8eb3,True,13時間前,2026-09-19 04:14:54,神奈川県
ファイリング業務 ／ 軽作業／書類のスキャニング作業 17時開始 7名で安心新着,パーソルフィールドスタッフ株式会社,神奈川県,"時給1,500円",派遣社員,派遣,求人ボックス,https://xn--pckua2a7gp15o89zb.com/jb/5730998d5d8224c7528288f7f8cf8020,True,14時間前,2026-09-19 04:14:54,神奈川県
「初めての方も安心してスタート!」／派遣コーディネーター／経験不問／サポート業務／20～30代活躍中新着,コーディネーターのオシゴト  未経験からスタート歓迎|はたらく人と職場をつなぐお仕事...条件に合う登録,神奈川県,月給25万円～30万円,正社員,派遣,求人ボックス,https://xn--pckua2a7gp15o89zb.com/jbn/fad9605eb585b7206feb0b38232a1fc6,True,13時間前,2026-09-19 04:14:54,神奈川県
横浜市西区エリアでお仕事したいあなたに!「洋菓子ブランドの店舗責任者」新着,株式会社ディンプル,神奈川県,"月給28万1,250円",正社員,派遣,求人ボックス,https://xn--pckua2a7gp15o89zb.com/jb/7791758151057260169718f70b747801,True,10時間前,2026-09-19 04:14:54,神奈川県
寮完備・月収24.5万円 半導体工場での検査・検品 交替制・20-40代活躍中新着,日本マニュファクチャリングサービス株式会社,神奈川県,"月給21万2,000円",派遣社員,派遣,求人ボックス,https://xn--pckua2a7gp15o89zb.com/jb/64c689f9eb7b86acdcef92302cc24608,True,4時間前,2026-09-19 04:14:57,神奈川県
ケアスタッフ新着,株式会社ee link わく&わーく,神奈川県,"時給1,700円～",派遣社員,派遣,求人ボックス,https://xn--pckua2a7gp15o89zb.com/jb/3d8af8dbfb879b738dea9a5b1ac6a6b9,True,13時間前,2026-09-19 04:14:57,神奈川県
生活サポート新着,株式会社ウィルオブ・ワーク CW,神奈川県,"時給1,900円～",派遣社員,派遣,求人ボックス,https://xn--pckua2a7gp15o89zb.com/jb/59641323df5d6b8a6e6992287d164750,True,14時間前,2026-09-19 04:14:57,神奈川県
カンタン警備 日払い&現金手渡しあり!特別手当あり!WEB面接可新着,シンテイトラスト株式会社,神奈川県,日給1万400円,アルバイト・パート,派遣,求人ボックス,https://xn--pckua2a7gp15o89zb.com/jb/9cbbbc7d58d8f385e13bb4912688fc3b,True,12時間前,2026-09-19 04:14:57,神奈川県
既存顧客中心の人材コーディネーター フレックス・土日祝休・残業20h新着,セントラルエンジニアリング株式会社,神奈川県,年収400万円～500万円,正社員,派遣,求人ボックス,https://xn--pckua2a7gp15o89zb.com/jb/c783d1c08a3732387385a69d9ca025ed,True,7時間前,2026-09-19 04:14:57,神奈川県
新型エンジン・部品の組立・検査新着,シーデーピージャパン株式会社,神奈川県,"時給1,800円～2,250円",派遣社員,派遣,求人ボックス,https://xn--pckua2a7gp15o89zb.com/jb/a662820d57266763c72c99b8e2854263,True,14時間前,2026-09-19 04:14:57,神奈川県
商品の仕分けスタッフ新着,株式会社グロップ,神奈川県,"時給1,350円",派遣社員,派遣,求人ボックス,https://xn--pckua2a7gp15o89zb.com/jb/38365d76bbaad94db8d3231b71028c30,True,4時間前,2026-09-19 04:14:57,神奈川県
保育士／私立認可保育園／藤沢西保育園新着,株式会社アスカ,神奈川県,"時給1,650円～1,700円",派遣社員,派遣,求人ボックス,https://xn--pckua2a7gp15o89zb.com/jb/225bc5f3fdfceb29b35c1bd17abc80a1,True,3時間前,2026-09-19 04:15:00,神奈川県
期間限定 週2日～ 10.11月 白エビ煎餅の販売@横浜高島屋新着,株式会社センチュリーアンドカンパニー,神奈川県,"時給1,500円",派遣社員,派遣,求人ボックス,https://xn--pckua2a7gp15o89zb.com/jb/a201b6c0239fa488de89412d247e5cba,True,11時間前,2026-09-19 04:15:00,神奈川県
未経験歓迎の人材コーディネーター／月給27.5万円～・年休125日・土日祝休み・転勤なし／厚木新着,スタッフ,神奈川県,月給27,正社員,派遣,求人ボックス,https://xn--pckua2a7gp15o89zb.com/jb/a83da0d32baef444690d2f701178b088,True,14時間前,2026-09-19 04:15:00,神奈川県
自動車部品の組立スタッフ新着,PEO2.0型就業プラットフォーム 株式会社エヌ...,神奈川県,"時給1,400円",派遣社員,派遣,求人ボックス,https://xn--pckua2a7gp15o89zb.com/jb/360a957bd9da24b28420e4c54c50887b,True,21時間前,2026-09-19 04:15:00,神奈川県
自動車メンテナンススタッフ／株式会社JEVIC 東日本事業所新着,株式会社チェングロウス,神奈川県,"時給1,700円～2,100円",派遣社員,派遣,求人ボックス,https://xn--pckua2a7gp15o89zb.com/jb/ca43a5368435bc6d0fdd2c063a6b5eb1,True,5時間前,2026-09-19 04:15:00,神奈川県
一般事務新着,株式会社ウィルエージェンシー IT・CS横浜,神奈川県,月給23万円～,契約社員,派遣,求人ボックス,https://xn--pckua2a7gp15o89zb.com/jb/077a4031459dbb974dc46b8a252e66b1,True,12時間前,2026-09-19 04:15:03,神奈川県
大手メーカー・物流担当会社での入出庫・フォーク作業新着,株式会社プロスタッフ,神奈川県,"時給1,600円",派遣社員,派遣,求人ボックス,https://xn--pckua2a7gp15o89zb.com/jb/59b10b16da8b8c935ee37d415678942b,True,22時間前,2026-09-19 04:15:03,神奈川県
「リモートOK!」未経験採用枠／ヘルプデスク／高収入／資格取得支援あり新着,株式会社DYMキャリア,神奈川県,月給21万円～30万円,正社員,派遣,求人ボックス,https://xn--pckua2a7gp15o89zb.com/jbn/1dfaa66b82bdbe95d8b1af698a4b3d98,True,8時間前,2026-09-19 04:15:03,神奈川県
TikTokで見たことある会社!／金属部品のマシンオペレーター／未経験歓迎／20~30代活躍中新着,三陽工業株式会社,神奈川県,月給28万円～35万円,正社員,派遣,求人ボックス,https://xn--pckua2a7gp15o89zb.com/jbn/49a2758c54cede9e9d3d9d3016c28cb6,True,11時間前,2026-09-19 04:15:03,神奈川県
接客・事務スタッフ／未経験歓迎／働きながら創作活動も続けられる／年休129日／残業少なめ／髪色新着,株式会社エクシードジャパン,神奈川県,月給22万円～,正社員,派遣,求人ボックス,https://xn--pckua2a7gp15o89zb.com/jbn/8975818dd68c13ac24902fc7188e6d46,True,18時間前,2026-09-19 04:15:03,神奈川県
「コツコツ検査作業!」手のひらサイズの素材加工スタッフ／20代から30代活躍中!／寮費無料新着,株式会社日本ケイテム,神奈川県,"時給1,500円～",アルバイト・パート,派遣,求人ボックス,https://xn--pckua2a7gp15o89zb.com/jbn/188281bae0fef95f12b9f1516de4c2da,True,19時間前,2026-09-19 04:15:03,神奈川県
電子機器のデータ消去やキッティング作業など／私服勤務新着,株式会社テクノ・サービス,神奈川県,"時給1,400円～",派遣社員,派遣,求人ボックス,https://xn--pckua2a7gp15o89zb.com/jbn/61b50e5c6d512452b81a3ab5d0602ff0,True,19時間前,2026-09-19 04:15:03,神奈川県
製造・機械オペレーター／資格は必要ナシ／未経験の方もスタートしやすいお仕事／安心のサポート体制／日勤新着,株式会社イカイプロダクト,神奈川県,"時給1,500円～1,875円",派遣社員,派遣,求人ボックス,https://xn--pckua2a7gp15o89zb.com/jbn/830c611dc55cf01d00dcac45bd3f408d,True,19時間前,2026-09-19 04:15:06,神奈川県
年間休日130日でしっかり休める／建築現場の内装スタッフ／サポート業務／未経験OK新着,株式会社ジェイワン,神奈川県,"月給25万3,100円",正社員,派遣,求人ボックス,https://xn--pckua2a7gp15o89zb.com/jbn/d158c370095881f5486cad674efb0b91,True,20時間前,2026-09-19 04:15:06,神奈川県
研磨パッドの加工業務／寮完備／3交替／車通勤／京都で働こう／南足柄市から京都へ新着,株式会社グロップ 京都オフィス,神奈川県,"時給1,700円～2,125円",派遣社員,派遣,求人ボックス,https://xn--pckua2a7gp15o89zb.com/jbn/ab9af95f3118ff0e83850ff628918fa6,True,23時間前,2026-09-19 04:15:06,神奈川県
建設プロジェクトサポート／20〜30代活躍中／安定した建設業界で働く／月給25万円以上新着,株式会社オネスティ・キャスト,神奈川県,月給25万円,正社員,派遣,求人ボックス,https://xn--pckua2a7gp15o89zb.com/jbn/ddc1539f2205770943dda12647fad7dd,True,22時間前,2026-09-19 04:15:06,神奈川県
組立／車両パーツの組立スタッフ／20代～30代活躍中／日勤新着,株式会社コンシェルテック,神奈川県,"時給1,400円～",派遣社員,派遣,求人ボックス,https://xn--pckua2a7gp15o89zb.com/jb/fe29979ac0cee8a20d77c3e2b6610cda,True,23時間前,2026-09-19 04:15:06,神奈川県
50～60代活躍／時給1700円にアップ／空調完備の職場で電気配線のお仕事新着,株式会社アソート・ワーク,神奈川県,時給1700円,派遣社員,派遣,求人ボックス,https://xn--pckua2a7gp15o89zb.com/jbn/dacca26b710756f739c6fd0f0f2d15f7,True,23時間前,2026-09-19 04:15:06,神奈川県
建築工事の施工管理 経験を活かせる 週休2日制新着,マルタケ株式会社,神奈川県,月給48万円～70万円,派遣社員,派遣,求人ボックス,https://xn--pckua2a7gp15o89zb.com/jb/7f01507b339b540569fd268abc02d77e,True,3時間前,2026-09-19 04:15:06,神奈川県
飲食運営サポートスタッフ新着,有限会社ゼネラル産業,神奈川県,月給30万円～,正社員,飲食,求人ボックス,https://xn--pckua2a7gp15o89zb.com/jb/c53fad6d38b80b6be817486c25376764,True,18時間前,2026-09-19 04:14:40,神奈川県
デニーズの店舗スタッフ 飲食経験者 年休120日以上 7連休年2回新着,株式会社デニーズジャパン,神奈川県,月給23万円～40万円,正社員,飲食,求人ボックス,https://xn--pckua2a7gp15o89zb.com/jb/777787ef9b382746d24fa6fd59c218ef,True,4時間前,2026-09-19 04:14:40,神奈川県
10／8 飲食フェス会場設営スタッフ新着,株式会社ムーヴ 関東,神奈川県,"日給1万2,000円",アルバイト・パート,飲食,求人ボックス,https://xn--pckua2a7gp15o89zb.com/jb/e2a5379d46a1335ce8f0f8e59f9b0587,True,22時間前,2026-09-19 04:14:40,神奈川県
レストラン・専門料理店新着,株式会社マエザワフーズ,神奈川県,月給33万円～35万円,正社員,飲食,求人ボックス,https://xn--pckua2a7gp15o89zb.com/jbn/28e5e363a573dbf1282d399c3facfecc,True,13時間前,2026-09-19 04:14:40,神奈川県
レストラン・専門料理店新着,リゾートトラスト株式会社,神奈川県,"月給25万6,400円",正社員,飲食,求人ボックス,https://xn--pckua2a7gp15o89zb.com/jbn/67f9c6e8f3d1287c878f356c837fe4a8,True,12時間前,2026-09-19 04:14:40,神奈川県
レストラン・専門料理店新着,オリックス・ホテルマネジメント株式会社,神奈川県,月給23万円～30万円,正社員,飲食,求人ボックス,https://xn--pckua2a7gp15o89zb.com/jbn/dc942443fbabce907dd3b5dd63027c1b,True,13時間前,2026-09-19 04:14:40,神奈川県
レストラン・専門料理店新着,株式会社エー・ピーホールディングス,神奈川県,月給28万円～35万円,正社員,飲食,求人ボックス,https://xn--pckua2a7gp15o89zb.com/jbn/52d8aa64220827888209df5f88ad9585,True,13時間前,2026-09-19 04:14:41,神奈川県
レストラン・専門料理店新着,株式会社スプラウトインベストメント,神奈川県,"月給26万2,000円",正社員,飲食,求人ボックス,https://xn--pckua2a7gp15o89zb.com/jbn/5ba5d73c9ee2e1861ea2b01ffa0c6ed6,True,13時間前,2026-09-19 04:14:41,神奈川県
レストラン・専門料理店新着,株式会社オーイズミフーズ,神奈川県,"月給28万8,000円",正社員,飲食,求人ボックス,https://xn--pckua2a7gp15o89zb.com/jbn/819b91893e881354388c12645a8ea979,True,12時間前,2026-09-19 04:14:41,神奈川県
レストラン・専門料理店新着,AFURI株式会社,神奈川県,月給30万円～40万円,正社員,飲食,求人ボックス,https://xn--pckua2a7gp15o89zb.com/jbn/dca423cdfd08b86ab46c5cbf22d3e081,True,13時間前,2026-09-19 04:14:41,神奈川県
"レストラン・専門料理店,レストラン・専門料理店新着",株式会社シオ井,神奈川県,"月給27万5,000円",正社員,飲食,求人ボックス,https://xn--pckua2a7gp15o89zb.com/jbn/fadc2d94db44551e4f9428b4b01df0a3,True,13時間前,2026-09-19 04:14:41,神奈川県
レストラン・専門料理店新着,日本レストランシステム株式会社,神奈川県,"月給23万7,000円",正社員,飲食,求人ボックス,https://xn--pckua2a7gp15o89zb.com/jbn/68f186859cf4136ca773640fca9a8a13,True,12時間前,2026-09-19 04:14:41,神奈川県
レストラン・専門料理店／賞与あり／フリーター歓迎／経験不問新着,株式会社フクシマ商事,神奈川県,月給23万円～34万円,正社員,飲食,求人ボックス,https://xn--pckua2a7gp15o89zb.com/jbn/4e225bd39aa0579c6bde32cc10734b9a,True,13時間前,2026-09-19 04:14:45,神奈川県
レストラン・専門料理店新着,株式会社ノア企画,神奈川県,月給30万円～35万円,正社員,飲食,求人ボックス,https://xn--pckua2a7gp15o89zb.com/jbn/7a5468dea2e4c590fcea33dc8b6ff10f,True,13時間前,2026-09-19 04:14:45,神奈川県
レストラン・専門料理店新着,株式会社熊魚菴たん熊北店,神奈川県,月給25万円～45万円,正社員,飲食,求人ボックス,https://xn--pckua2a7gp15o89zb.com/jbn/babee4e01b88a2af2bccda3cc3a7e022,True,12時間前,2026-09-19 04:14:45,神奈川県
レストラン・専門料理店新着,株式会社ビーケー・ジャパン,神奈川県,月給31万円～40万,正社員,飲食,求人ボックス,https://xn--pckua2a7gp15o89zb.com/jbn/4a839bb892cc5d2987701161b421f594,True,12時間前,2026-09-19 04:14:45,神奈川県
レストラン・専門料理店新着,飲食,神奈川県,月給25万円～27万,正社員,飲食,求人ボックス,https://xn--pckua2a7gp15o89zb.com/jbn/1387ee09e5fe3097683ed94d9bcdf8ce,True,13時間前,2026-09-19 04:14:45,神奈川県
レストラン・専門料理店新着,株式会社利久,神奈川県,月給25万円～35万円,正社員,飲食,求人ボックス,https://xn--pckua2a7gp15o89zb.com/jbn/f7ceda43e198f31bbfe6041a1ec394ea,True,12時間前,2026-09-19 04:14:45,神奈川県
レストラン・専門料理店新着,株式会社重慶飯店,神奈川県,月給33万円～38万円,正社員,飲食,求人ボックス,https://xn--pckua2a7gp15o89zb.com/jbn/7ccb707be02d774e52fe22a1f6497514,True,13時間前,2026-09-19 04:14:45,神奈川県
レストラン・専門料理店新着,K-FOODS株式会社,神奈川県,"月給24万4,303円",正社員,飲食,求人ボックス,https://xn--pckua2a7gp15o89zb.com/jbn/fb799085001415b94772fa70cac4e92c,True,13時間前,2026-09-19 04:14:48,神奈川県
レストラン・専門料理店新着,片岡物産株式会社,神奈川県,月給23万円～25万円,正社員,飲食,求人ボックス,https://xn--pckua2a7gp15o89zb.com/jbn/c78c0db41a122caa8c2f70142cfd8c12,True,12時間前,2026-09-19 04:14:48,神奈川県
レストラン・専門料理店新着,有限会社鳥伊勢,神奈川県,月給30万円～40万円,正社員,飲食,求人ボックス,https://xn--pckua2a7gp15o89zb.com/jbn/600cf71866ac7add45f6fe9a58be6d5f,True,12時間前,2026-09-19 04:14:48,神奈川県
レストラン・専門料理店新着,株式会社ジュネストリー,神奈川県,月給30万円～45万円,正社員,飲食,求人ボックス,https://xn--pckua2a7gp15o89zb.com/jbn/445b000cf229242066d7ae19a93b9128,True,13時間前,2026-09-19 04:14:48,神奈川県
レストラン・専門料理店新着,有限会社快飛,神奈川県,月給26万円～30万円,正社員,飲食,求人ボックス,https://xn--pckua2a7gp15o89zb.com/jbn/effa4b12aceffa5e8064973d774def1e,True,13時間前,2026-09-19 04:14:48,神奈川県
レストラン・専門料理店新着,株式会社荒井屋,神奈川県,月給25万円～28万円,正社員,飲食,求人ボックス,https://xn--pckua2a7gp15o89zb.com/jbn/b557962a6f265a43e95e075b45e3054b,True,13時間前,2026-09-19 04:14:48,神奈川県
レストラン・専門料理店新着,株式会社力の源カンパニー,神奈川県,"月給36万1,400円",正社員,飲食,求人ボックス,https://xn--pckua2a7gp15o89zb.com/jbn/4da4ae94af20e6e4d04667886bb4a345,True,13時間前,2026-09-19 04:14:51,神奈川県
レストラン・専門料理店新着,株式会社ガーデン,神奈川県,月給25万円～32万,正社員,飲食,求人ボックス,https://xn--pckua2a7gp15o89zb.com/jbn/7b542719eaf7f3c582cd57c1e3f9f846,True,12時間前,2026-09-19 04:14:51,神奈川県
レストラン・専門料理店新着,スターツホテル開発株式会社,神奈川県,月給23万円～35万円,正社員,飲食,求人ボックス,https://xn--pckua2a7gp15o89zb.com/jbn/e322db1a13c2d61c4cef523da90fee19,True,12時間前,2026-09-19 04:14:51,神奈川県
レストラン・専門料理店新着,株式会社Daiyu,神奈川県,"月給26万3,000円",正社員,飲食,求人ボックス,https://xn--pckua2a7gp15o89zb.com/jbn/3380bcd0f13089a9cd9288a997e48726,True,13時間前,2026-09-19 04:14:51,神奈川県
レストラン・専門料理店新着,S.H.N株式会社,神奈川県,月給36万円～45万円,正社員,飲食,求人ボックス,https://xn--pckua2a7gp15o89zb.com/jbn/fe5fef6235b40f41730f2a0a2528f264,True,13時間前,2026-09-19 04:14:51,神奈川県
レストラン・専門料理店新着,有限会社エバーグリーン,神奈川県,月給27万200円,正社員,飲食,求人ボックス,https://xn--pckua2a7gp15o89zb.com/jbn/e81a127293d4a48208f64486e300a598,True,12時間前,2026-09-19 04:14:51,神奈川県
レストラン・専門料理店新着,株式会社人形町今半,神奈川県,月給21万円～30万円,契約社員,飲食,求人ボックス,https://xn--pckua2a7gp15o89zb.com/jbn/4d4490dda0ed28b4846f70f271459c8f,True,13時間前,2026-09-19 04:14:51,神奈川県
レストラン・専門料理店新着,株式会社ブリスナル,神奈川県,月給30万円～40万円,正社員,飲食,求人ボックス,https://xn--pckua2a7gp15o89zb.com/jbn/f276c5fdd02ad399f6782079cce63c42,True,13時間前,2026-09-19 04:14:55,神奈川県
食品製造管理者／経験不問／主婦・主夫歓迎／フリーター歓迎新着,DeRieFoods株式会社相模原工場,神奈川県,月給22万円～36万円,正社員,飲食,求人ボックス,https://xn--pckua2a7gp15o89zb.com/jbn/a3024ebd81be77ecc9929df27653e3b6,True,13時間前,2026-09-19 04:14:55,神奈川県
レストラン・専門料理店新着,株式会社KPG HOTEL&RESORT,神奈川県,月給42万円～50万円,正社員,飲食,求人ボックス,https://xn--pckua2a7gp15o89zb.com/jbn/379f90cdb94cd1918b09fad95088480c,True,13時間前,2026-09-19 04:14:55,神奈川県
レストラン・専門料理店新着,インターナショナル青和株式会社,神奈川県,月給25万円～35万円,正社員,飲食,求人ボックス,https://xn--pckua2a7gp15o89zb.com/jbn/fd437e388a5034bb6608781ab1741e30,True,12時間前,2026-09-19 04:14:55,神奈川県
レストラン・専門料理店新着,株式会社アントワークス,神奈川県,月給34万円～49万円,正社員,飲食,求人ボックス,https://xn--pckua2a7gp15o89zb.com/jbn/c4bd8b02aa6a7eed1c74b5a307c3d78e,True,12時間前,2026-09-19 04:14:55,神奈川県
レストラン・専門料理店新着,シマダハウス株式会社,神奈川県,月給40万円～50万円,正社員,飲食,求人ボックス,https://xn--pckua2a7gp15o89zb.com/jbn/fdc6621d17e0fcba1e397f20cd6ae2c6,True,13時間前,2026-09-19 04:14:55,神奈川県
レストラン・専門料理店新着,株式会社東京豚饅,神奈川県,月給28万円～33万円,正社員,飲食,求人ボックス,https://xn--pckua2a7gp15o89zb.com/jbn/551a90f449407aee3966cde6bc575523,True,13時間前,2026-09-19 04:14:58,神奈川県
レストラン・専門料理店新着,株式会社カリオカ,神奈川県,月給25万円～35万円,契約社員,飲食,求人ボックス,https://xn--pckua2a7gp15o89zb.com/jbn/b65687d4ee91d6c2ea69992386648acf,True,13時間前,2026-09-19 04:14:58,神奈川県
レストラン・専門料理店新着,株式会社プレジィール,神奈川県,月給32万円～42万円,正社員,飲食,求人ボックス,https://xn--pckua2a7gp15o89zb.com/jbn/4567ad4164439bb4828af58e5d1734a6,True,13時間前,2026-09-19 04:14:58,神奈川県
レストラン・専門料理店新着,株式会社オールドリバー,神奈川県,"月給23万2,210円",正社員,飲食,求人ボックス,https://xn--pckua2a7gp15o89zb.com/jbn/1ae25617cdc5e7d1c7505092c9c2b3bb,True,13時間前,2026-09-19 04:14:58,神奈川県
レストラン・専門料理店新着,株式会社WOKINI,神奈川県,月給33万円～38万円,正社員,飲食,求人ボックス,https://xn--pckua2a7gp15o89zb.com/jbn/73632258d7c54ce822d3ce2cbc414a8c,True,13時間前,2026-09-19 04:14:58,神奈川県
完全在宅／未経験可／問い合わせ窓口／年休125日以上新着,...経験不問/未経験者活躍中・第二新卒活躍中資格不問/無資格歓迎・ブランク歓迎・学歴不問ハローワークでお探しの方も歓迎 先輩たちの前職をご紹介! 営業、事務、販売,神奈川県,"月給24万2,300円",正社員,飲食,求人ボックス,https://xn--pckua2a7gp15o89zb.com/jbn/fd685a56b7815a9fad32105dea84d665,True,12時間前,2026-09-19 04:14:58,神奈川県
ペットショップのレジ・接客スタッフ／ペットフォレスト小平店有給休暇取得可能／駐車場利用OK新着,株式会社犬の家 ペットフォレスト小平店,神奈川県,月給22万円～30万円,正社員,飲食,求人ボックス,https://xn--pckua2a7gp15o89zb.com/jbn/0bf1db97ceb13da96c88ed87aaed505e,True,21時間前,2026-09-19 04:15:02,神奈川県
完全在宅／未経験可／カスタマーサポート／年休125日以上新着,...経験不問/未経験者活躍中・第二新卒活躍中資格不問/無資格歓迎・ブランク歓迎・学歴不問ハローワークでお探しの方も歓迎 先輩たちの前職をご紹介! 営業、事務、販売,神奈川県,"月給23万8,700円",正社員,飲食,求人ボックス,https://xn--pckua2a7gp15o89zb.com/jbn/42ee51baa0bad30b79f16768d6de9b49,True,8時間前,2026-09-19 04:15:02,神奈川県
「夜勤・タクシードライバー」急募／月収50万以上・20代活躍中／普通免許でOK新着,飲食,神奈川県,"月給45万6,000円",正社員,飲食,求人ボックス,https://xn--pckua2a7gp15o89zb.com/jbn/7a178ad93f22befee401052e18a275da,True,8時間前,2026-09-19 04:15:02,神奈川県
レストラン・専門料理店新着,株式会社スペースリゾート,神奈川県,月給30万円～45万円,正社員,飲食,求人ボックス,https://xn--pckua2a7gp15o89zb.com/jbn/dbc4faa139cb5149c8522f539e148ee4,True,13時間前,2026-09-19 04:15:02,神奈川県
事務職／一般事務／20代活躍中／交通費全額支給／年間休日125日／賞与あり新着,<活かせる経験> 事務やデータ入力の業務経験 Excelスキル、PCの基本操作充実のスキルサポート体制があるため、アパレル販売、,神奈川県,月給21万円～50万円,正社員,飲食,求人ボックス,https://xn--pckua2a7gp15o89zb.com/jbn/e3f4c26d0cb3f0d09005f2b3655007f7,True,5時間前,2026-09-19 04:15:02,神奈川県
「女性も男性も専門スキルを身につけやすい」／AIエンジニア／未経験歓迎／資格取得支援あり／長期安定新着,株式会社SNJAPAN,神奈川県,月給27万円～34万円,正社員,飲食,求人ボックス,https://xn--pckua2a7gp15o89zb.com/jbn/571d8f714cd6eb811377d9808f477d36,True,13時間前,2026-09-19 04:15:02,神奈川県
事務職／一般事務／ネイル・ピアス自由／産休育休あり／ワークライフバランス充実／残業ほぼなし新着,20代30代の,神奈川県,月給21万円～50万円,正社員,飲食,求人ボックス,https://xn--pckua2a7gp15o89zb.com/jbn/d2a25148a331c6d287620c6c7fcbd248,True,6時間前,2026-09-19 04:15:05,神奈川県
事務職／総務事務／未経験スタート歓迎／ネイル・ピアスOK／ワークライフバランス抜群／賞与・昇給あり新着,20代30代の,神奈川県,"月給22万5,000円",正社員,飲食,求人ボックス,https://xn--pckua2a7gp15o89zb.com/jbn/004b15af53e30dccbb68d1473f67c02e,True,5時間前,2026-09-19 04:15:05,神奈川県
ずんどう屋 店舗マネージャー新着,株式会社ZUND,神奈川県,月給45万円～49万円,正社員,飲食,求人ボックス,https://xn--pckua2a7gp15o89zb.com/jbn/d69d75b912e220ee6230b20435f5291d,True,22時間前,2026-09-19 04:15:05,神奈川県
"店舗型バイヤー／平均年収1,200万／残業月平均3.3時間／有給取得率85.7%／未経験歓迎新着",株式会社Reivy,神奈川県,月給45万円～60万円,正社員,飲食,求人ボックス,https://xn--pckua2a7gp15o89zb.com/jbn/ad5ff479dfb148515935c3abba708e49,True,22時間前,2026-09-19 04:15:05,神奈川県
オフィスワーク／充実の研修で安心スタート!／福利厚生充実／教育体制あり新着,<異業種からの転職者も活躍中!>アパレル販売、,神奈川県,月給21万500円,正社員,飲食,求人ボックス,https://xn--pckua2a7gp15o89zb.com/jbn/0ad9d522a34dedc4a2f1924dad96fb20,True,8時間前,2026-09-19 04:15:09,神奈川県
「リモート可」未経験採用枠／営業事務／年間休日125日以上新着,スタッフ,神奈川県,"月給25万3,000円",正社員,飲食,求人ボックス,https://xn--pckua2a7gp15o89zb.com/jbn/c9b789cd249f04a5e72435c465f34cc3,True,8時間前,2026-09-19 04:15:09,神奈川県
リモート可／未経験可／営業事務／年休125日以上新着,スタッフ,神奈川県,"月給23万9,500円",正社員,飲食,求人ボックス,https://xn--pckua2a7gp15o89zb.com/jbn/482eb4e0dfac37f877b4d4a4b72e4aa0,True,8時間前,2026-09-19 04:15:09,神奈川県
事務職／一般事務／年間休日125日以上／土日祝休み／未経験者も安心サポート／ネイル・ピアスOK新着,これまでの学歴や職歴、ブランクは一切問いません。ハローワークで求職中の方も大歓迎です。アパレル販売、,神奈川県,月給21万円～50万円,正社員,飲食,求人ボックス,https://xn--pckua2a7gp15o89zb.com/jbn/426d10cc57e4a5a29b23a634a7bd5d16,True,6時間前,2026-09-19 04:15:09,神奈川県
事務職／営業事務／20代女性活躍中／ワークライフバランス良好／駅近勤務／ネイル・ピアスOK新着,<歓迎スキル・経験>・PC基本操作/Excelスキル・データ入力業務/事務職の経験スキルサポート体制が整っているため、販売員、,神奈川県,"月給21万5,000円",正社員,飲食,求人ボックス,https://xn--pckua2a7gp15o89zb.com/jbn/0788c1c9302ab430ce0558694ff2ef4f,True,5時間前,2026-09-19 04:15:09,神奈川県
事務職／営業事務／土日祝休み／残業なし／未経験からキャリアをスタート／在宅あり新着,20代・30代の若手世代がイキイキと活躍する職場です!接客業、,神奈川県,"月給22万5,000円",正社員,飲食,求人ボックス,https://xn--pckua2a7gp15o89zb.com/jbn/cfcc05816cf3389bf15f886f9c938873,True,5時間前,2026-09-19 04:15:09,神奈川県
事務職／営業事務／有給休暇あり／20〜30代女性活躍中／賞与・昇給あり／産休あり新着,<歓迎スキル・経験>・PC基本操作/Excelスキル・データ入力業務/事務職の経験スキルサポート体制が整っているため、販売員、,神奈川県,"月給22万4,000円",正社員,飲食,求人ボックス,https://xn--pckua2a7gp15o89zb.com/jbn/ff6acd24c52834281708c769da20a442,True,5時間前,2026-09-19 04:15:09,神奈川県
介護職・ヘルパー／有料老人ホームで勤務!20代～30代活躍中／日勤のみ新着,株式会社ベネッセキャリオス,愛知県,"時給1,550円",派遣社員,介護,求人ボックス,https://xn--pckua2a7gp15o89zb.com/jbn/2ba66f018b6985eae911a197cf64d719,True,21時間前,2026-09-19 04:15:04,愛知県
グループホームでの介護職／年間休日117日以上／福利厚生が充実新着,株式会社レガート,愛知県,月給28万円～,正社員,介護,求人ボックス,https://xn--pckua2a7gp15o89zb.com/jb/e638b74c98713c1bc7d9dd45c991b649,True,6時間前,2026-09-19 04:15:04,愛知県
デイサービスの介護職新着,介護,愛知県,"月給23万1,000円",正社員,介護,求人ボックス,https://xn--pckua2a7gp15o89zb.com/jb/bdd04c9f6d692f3c6742f4d798156bd1,True,9時間前,2026-09-19 04:15:04,愛知県
"未経験も想定年収3,800,000円から住宅型有料老人ホーム介護職新着",介護,愛知県,"月給28万5,000円",正社員,介護,求人ボックス,https://xn--pckua2a7gp15o89zb.com/jb/e42d36208a465198117b60bde13e85d6,True,13時間前,2026-09-19 04:15:04,愛知県
月10日休み・バケーション休暇などお休みいっぱい介護職新着,介護,愛知県,"月給28万5,000円",正社員,介護,求人ボックス,https://xn--pckua2a7gp15o89zb.com/jb/3d7ec4676378c961300a6c4b10022198,True,13時間前,2026-09-19 04:15:05,愛知県
未経験から始めたスタッフも多数活躍中!初任者研修あれば介護職新着,介護職,愛知県,"月給28万5,000円",正社員,介護,求人ボックス,https://xn--pckua2a7gp15o89zb.com/jb/84454926687c18d0e9b2dd563e0254b2,True,13時間前,2026-09-19 04:15:05,愛知県
未経験も手当充実の介護職新着,介護職,愛知県,"月給28万5,000円",正社員,介護,求人ボックス,https://xn--pckua2a7gp15o89zb.com/jb/5c22a2e67ce480a611d4f8e16c5c948a,True,13時間前,2026-09-19 04:15:05,愛知県
介護職スタッフ／無資格OK／未経験歓迎／資格取得支援／会社費用負担新着,社会福祉法人紫水会 オーネスト名西,愛知県,"時給1,210円～1,240円",アルバイト・パート,介護,求人ボックス,https://xn--pckua2a7gp15o89zb.com/jb/4194fc416b49b0b24b6118397f80f6a1,True,2時間前,2026-09-19 04:15:05,愛知県
週2日から夜勤専従介護職新着,介護,愛知県,"日給2万8,000円",アルバイト・パート,介護,求人ボックス,https://xn--pckua2a7gp15o89zb.com/jb/42256d04eaa5b4fe00986f9f3ade5e2c,True,13時間前,2026-09-19 04:15:08,愛知県
週3日から介護職新着,介護,愛知県,"時給1,200円～1,300円",アルバイト・パート,介護,求人ボックス,https://xn--pckua2a7gp15o89zb.com/jb/488e1ac26648f85542b588919ae48306,True,13時間前,2026-09-19 04:15:12,愛知県
40代50代からの転職も歓迎・ブランクあってもはじめやすい介護職新着,介護,愛知県,"月給28万5,000円",正社員,介護,求人ボックス,https://xn--pckua2a7gp15o89zb.com/jb/41f0aa05ec0849905725a92d157454e4,True,13時間前,2026-09-19 04:15:12,愛知県
日勤のみデイサービスでの介護職新着,株式会社八重洲ライフ,愛知県,"時給1,380円～1,480円",,介護,求人ボックス,https://xn--pckua2a7gp15o89zb.com/jb/4bb57cd87add5d6d2753799c82baa218,True,10時間前,2026-09-19 04:15:15,愛知県
訪問介護スタッフ／日勤／介護福祉士／介護職／介護士／介護スタッフ新着,ケアリッツ八事,愛知県,"月給28万5,000円",正社員,介護,求人ボックス,https://xn--pckua2a7gp15o89zb.com/jb/8d5456079bce718989f8ce49c9f4d08b,True,3時間前,2026-09-19 04:15:15,愛知県
社会保険完備の職場で介護職／ヘルパー新着,小規模多機能型居宅介護 エクセレント鶴舞,愛知県,"月給26万9,000円",正社員,介護,求人ボックス,https://xn--pckua2a7gp15o89zb.com/jb/df922d29f202157d948d48917c325a70,True,6時間前,2026-09-19 04:15:15,愛知県
通所介護・デイサービス勤務の介護職／ヘルパー新着,脳活デイサービス メドックガーデンビレッジ緒川,愛知県,"時給1,150円～1,330円",アルバイト・パート,介護,求人ボックス,https://xn--pckua2a7gp15o89zb.com/jb/e65f68e1f815f212e2339b53aad5532e,True,6時間前,2026-09-19 04:15:15,愛知県
社会保険完備の職場で介護職／ヘルパー新着,きずなの里ひがし,愛知県,月給23万円～,正社員,介護,求人ボックス,https://xn--pckua2a7gp15o89zb.com/jb/0eee1aba999f3a30e86633adc86b13d7,True,7時間前,2026-09-19 04:15:19,愛知県
登録ヘルパー・社会保険完備の職場で介護職／ヘルパー新着,愛モアヘルパー,愛知県,"時給1,400円～1,800円",アルバイト・パート,介護,求人ボックス,https://xn--pckua2a7gp15o89zb.com/jb/19077d5d90064cbb97946071edfbb9ad,True,6時間前,2026-09-19 04:15:19,愛知県
社会保険完備の職場で介護職／ヘルパー新着,そんぽの家S 瑞穂公園,愛知県,"時給2,160円～2,240円",アルバイト・パート,介護,求人ボックス,https://xn--pckua2a7gp15o89zb.com/jb/292d575ab0681918a6531d5d58b3858a,True,6時間前,2026-09-19 04:15:19,愛知県
訪問介護スタッフ／日勤／実務者研修／ヘルパー1級／介護職／介護士新着,ケアリッツ尾頭橋,愛知県,"月給27万5,000円",正社員,介護,求人ボックス,https://xn--pckua2a7gp15o89zb.com/jb/6e773b1ad3fa38788490adae2c7fb6da,True,3時間前,2026-09-19 04:15:19,愛知県
社会保険完備の職場で介護職／ヘルパー新着,SOMPOケア ラヴィーレレジデンス徳川園,愛知県,"時給2,160円～2,240円",アルバイト・パート,介護,求人ボックス,https://xn--pckua2a7gp15o89zb.com/jb/f28f8448bfe535c551a996362547829c,True,6時間前,2026-09-19 04:15:23,愛知県
社会保険完備の職場で介護職／ヘルパー新着,まどか名城公園,愛知県,"月給28万8,488円",契約社員,介護,求人ボックス,https://xn--pckua2a7gp15o89zb.com/jb/f9315c36beb19401c23d826e187f819f,True,6時間前,2026-09-19 04:15:23,愛知県
社会保険完備の職場で介護職／ヘルパー新着,まどか池下,愛知県,"月給28万8,488円",契約社員,介護,求人ボックス,https://xn--pckua2a7gp15o89zb.com/jb/3d70ff14cb495a30b595d6b4660d1573,True,6時間前,2026-09-19 04:15:23,愛知県
ケアクルー・介護職員・社会保険完備の職場で介護職／ヘルパー新着,ツクイ松山南江戸グループホーム,愛知県,"月給19万1,500円",正社員,介護,求人ボックス,https://xn--pckua2a7gp15o89zb.com/jb/ea270a0d6ad86f3b8269e0cd7bef11bd,True,6時間前,2026-09-19 04:15:23,愛知県
介護スタッフ・社会保険完備の職場で介護職／ヘルパー新着,グループホーム 高坂苑,愛知県,"時給1,215円～1,590円",アルバイト・パート,介護,求人ボックス,https://xn--pckua2a7gp15o89zb.com/jb/d932b50866c89888b1cd522785d8546b,True,6時間前,2026-09-19 04:15:27,愛知県
訪問介護の介護職新着,介護・,愛知県,"月給21万1,000円",正社員,介護,求人ボックス,https://xn--pckua2a7gp15o89zb.com/jb/7fb39dcd78deae2568de108684089471,True,9時間前,2026-09-19 04:15:27,愛知県
介護職／有料老人ホームの介護スタッフ新着,株式会社ケア21,愛知県,"時給1,290円～1,389円",アルバイト・パート,介護,求人ボックス,https://xn--pckua2a7gp15o89zb.com/jb/b8f73d6fc3b0abb5cd94bcb01d2af05c,True,12時間前,2026-09-19 04:15:27,愛知県
介護職／ヘルパー 介護職／夜勤専従／住宅型有料老人ホーム／月9回～新着,セントスタッフ株式会社,愛知県,"日給2万5,000円",派遣社員,介護,求人ボックス,https://xn--pckua2a7gp15o89zb.com/jb/2259ea293b11ac5bd6e3f8273286bccc,True,1時間前,2026-09-19 04:15:31,愛知県
介護職／ヘルパー／介護士資格を活かす 名古屋市天白区の有料老人ホームで...新着,株式会社メディカルライフ,愛知県,"月給20万8,000円",正社員,介護,求人ボックス,https://xn--pckua2a7gp15o89zb.com/jb/cf596e94cae010026e1ac5804c438e42,True,13時間前,2026-09-19 04:15:31,愛知県
ショートステイ 夜勤専従介護職「パート・アルバイト」／そよ風公式新着,株式会社SOYOKAZE,愛知県,"時給1,520円～1,620円",アルバイト・パート,介護,求人ボックス,https://xn--pckua2a7gp15o89zb.com/jb/c8034d176aa9d4a307314e4f72d2f8d6,True,2時間前,2026-09-19 04:15:34,愛知県
介護職／特別養護老人ホーム新着,社会福祉法人和進奉仕会 特別養護老人ホーム 守山...,愛知県,月給16万円～21万,正社員,介護,求人ボックス,https://xn--pckua2a7gp15o89zb.com/jb/219ef464b91bdc8afe2a2d5cc1a78b0a,True,1時間前,2026-09-19 04:15:34,愛知県
調剤薬局での医療事務 調剤補助 未経験可 手厚い研修制度 年間122日...新着,キョーワ薬局株式会社,愛知県,月給21万円～24万円,正社員,医療事務,求人ボックス,https://xn--pckua2a7gp15o89zb.com/jb/7bb55e8105ad78bc3ba253277ce6953e,True,3時間前,2026-09-19 04:15:09,愛知県
小児科の医療事務／経験を活かして家庭と両立しながら働けます!新着,あだちこどもクリニック,愛知県,"時給1,200円～1,700円",アルバイト・パート,医療事務,求人ボックス,https://xn--pckua2a7gp15o89zb.com/jb/97ef38f2589ac4a26069e7df8119db1a,True,9時間前,2026-09-19 04:15:09,愛知県
医療事務募集新着,訪問マッサージまごころ治療院,愛知県,月給22万円～26万円,正社員,医療事務,求人ボックス,https://xn--pckua2a7gp15o89zb.com/jb/e862a7744a10a0f081ac4f6b3c77da8b,True,6時間前,2026-09-19 04:15:10,愛知県
医療事務 受付・クラーク新着,医療法人正進会 丸善クリニック,愛知県,"月給18万6,000円",正社員,医療事務,求人ボックス,https://xn--pckua2a7gp15o89zb.com/jb/2cf36402f984cf21bed901c85795b813,True,53分前,2026-09-19 04:15:10,愛知県
医療事務 受付・クラーク／尾関医院新着,株式会社日本教育クリエイト,愛知県,月給16万円～20万円,派遣社員,医療事務,求人ボックス,https://xn--pckua2a7gp15o89zb.com/jb/3362bd93cae01e643979939daea7c534,True,54分前,2026-09-19 04:15:10,愛知県
医療事務・受付 スタッフにもやさしい薬局に システム化で考えすぎない調...新着,ウエルシア薬局株式会社,愛知県,"時給1,240円～1,340円",アルバイト・パート,医療事務,求人ボックス,https://xn--pckua2a7gp15o89zb.com/jb/2b4aeb69c9837ee1d4884d334e81864a,True,4時間前,2026-09-19 04:15:10,愛知県
医療事務／クリニック新着,医療法人藤和会 藤田外科,愛知県,"時給1,250円～",アルバイト・パート,医療事務,求人ボックス,https://xn--pckua2a7gp15o89zb.com/jb/3da0111f642e16b941240b02e1e73cfd,True,22時間前,2026-09-19 04:15:14,愛知県
医療事務／クリニック新着,医療法人桃姫メディカルにしやま形成外科皮フ科クリ...,愛知県,"時給1,300円～",アルバイト・パート,医療事務,求人ボックス,https://xn--pckua2a7gp15o89zb.com/jb/b2713ffbdb08376bfb7c4cb4fbfcc1d7,True,22時間前,2026-09-19 04:15:14,愛知県
一般事務+ 医療事務新着,株式会社リクルートスタッフィング,愛知県,"時給1,520円～",派遣社員,医療事務,求人ボックス,https://xn--pckua2a7gp15o89zb.com/jb/9efc202778b3dd8f134832f03b14e043,True,19時間前,2026-09-19 04:15:14,愛知県
一般事務／介護事務・医療事務新着,医療法人偕行会,愛知県,"時給1,160円～",アルバイト・パート,医療事務,求人ボックス,https://xn--pckua2a7gp15o89zb.com/jb/de6bc1ef4d25ae90dd9f3cce0fb39e4d,True,3時間前,2026-09-19 04:15:14,愛知県
医学部附属病院で医療事務新着,ヒューマンリソシア株式会社,愛知県,"時給1,500円",派遣社員,医療事務,求人ボックス,https://xn--pckua2a7gp15o89zb.com/jb/c22ae69b2a5dfc9a994137248a038008,True,8時間前,2026-09-19 04:15:17,愛知県
相談支援専門員補助事務員・社会保険完備の職場で医療事務／受付新着,相談支援事業所ライフデザイン,愛知県,"時給1,200円～1,300円",アルバイト・パート,医療事務,求人ボックス,https://xn--pckua2a7gp15o89zb.com/jb/8afe7a2cc98a95ec37cc79d638ab42f4,True,6時間前,2026-09-19 04:15:17,愛知県
診療情報管理士・社会保険完備の職場で医療事務／受付新着,株式会社日本ビジネスデータープロセシングセンター...,愛知県,"月給21万5,000円",正社員,医療事務,求人ボックス,https://xn--pckua2a7gp15o89zb.com/jb/bf41bbe6cca2ea9249ff2bd746ab6ef0,True,6時間前,2026-09-19 04:15:17,愛知県
医療関係業務 ／ 一般事務・OA事務 ／駅チカ5分〇長期 医療事務新着,パーソルテンプスタッフ株式会社,愛知県,"時給1,400円",派遣社員,医療事務,求人ボックス,https://xn--pckua2a7gp15o89zb.com/jb/9a22b9b83f244810428321419a4a213c,True,16時間前,2026-09-19 04:15:21,愛知県
医療事務新着,おだいじに訪問看護リハビリステーション中村,愛知県,"月給19万4,400円",正社員,医療事務,求人ボックス,https://xn--pckua2a7gp15o89zb.com/jb/7b8ce3b7fb4fa4c298724c9209de5ea5,True,3時間前,2026-09-19 04:15:21,愛知県
管理栄養士／経験を活かす方も、これから目指す方も。 糖尿病クリニックで充実したキャリアを新着,糖尿病・甲状腺 加木屋たけうち内科,愛知県,"月給22万2,000円",正社員,医療事務,求人ボックス,https://xn--pckua2a7gp15o89zb.com/jb/63e6d0802c73029b0944a8cd568157d2,True,6時間前,2026-09-19 04:15:21,愛知県
調剤事務・調剤薬局事務正社員・ 急募!賞与あり 複数店舗勤務できる方新着,調剤薬局さくらんぼ,愛知県,月給21万円～22万円,正社員,医療事務,求人ボックス,https://xn--pckua2a7gp15o89zb.com/jb/2f72abe44db604f6607612df3e97712e,True,6時間前,2026-09-19 04:15:21,愛知県
バックオフィススタッフ／充実の研修で安心スタート!／若い者歓迎／年間休日120日以上新着,安定した環境で長く働ける,愛知県,"月給21万5,500円",正社員,医療事務,求人ボックス,https://xn--pckua2a7gp15o89zb.com/jbn/813976ad85e0ec4f8a9e55ce876942b1,True,7時間前,2026-09-19 04:15:24,愛知県
事務アシスタント／充実の研修で安心スタート!／30代活躍中／完全週休2日制新着,事務,愛知県,"月給21万5,500円",正社員,医療事務,求人ボックス,https://xn--pckua2a7gp15o89zb.com/jbn/f315cc0a45d2b7cd0f16def4449b7bf1,True,7時間前,2026-09-19 04:15:24,愛知県
事務スタッフ／充実の研修で安心スタート!／教育体制あり／若い者歓迎／福利厚生充実新着,安定した環境で長く働ける,愛知県,"月給21万5,500円",正社員,医療事務,求人ボックス,https://xn--pckua2a7gp15o89zb.com/jbn/df08a29cc17de14248740df7b0306d32,True,7時間前,2026-09-19 04:15:24,愛知県
バックオフィススタッフ／充実の研修で安心スタート!／若い者歓迎／完全週休2日制新着,事務,愛知県,"月給21万5,500円",正社員,医療事務,求人ボックス,https://xn--pckua2a7gp15o89zb.com/jbn/4fdf1aae9c9fcccbef8801ecbc2f58a0,True,7時間前,2026-09-19 04:15:24,愛知県
事務アシスタント／充実の研修で安心スタート!／年間休日120日以上／20代活躍中新着,安定した環境で長く働ける,愛知県,"月給21万5,500円",正社員,医療事務,求人ボックス,https://xn--pckua2a7gp15o89zb.com/jbn/8a068f5f434034f57f2490520b15d650,True,7時間前,2026-09-19 04:15:24,愛知県
ペットショップの接客・品出しスタッフ／経験ゼロから始められる／長く安心して働ける環境／長期勤務新着,株式会社犬の家 刈谷店,愛知県,"月給20万6,000円",正社員,医療事務,求人ボックス,https://xn--pckua2a7gp15o89zb.com/jbn/91ea3de249a4936a5a965461cdafce99,True,21時間前,2026-09-19 04:15:28,愛知県
バックオフィススタッフ／充実の研修で安心スタート!／年間休日120日以上／未経験でも安心新着,事務,愛知県,月給21万500円,正社員,医療事務,求人ボックス,https://xn--pckua2a7gp15o89zb.com/jbn/83cb4e8f22a73994e9eca0f3417d40a6,True,7時間前,2026-09-19 04:15:28,愛知県
バックオフィススタッフ／充実の研修で安心スタート!／若い者歓迎／教育体制あり新着,事務,愛知県,"月給21万5,500円",正社員,医療事務,求人ボックス,https://xn--pckua2a7gp15o89zb.com/jbn/7686aa21435684260aa48edbb9cfa91b,True,7時間前,2026-09-19 04:15:32,愛知県
事務スタッフ／充実の研修で安心スタート!／教育体制あり／福利厚生充実／若い者歓迎新着,安定した環境で長く働ける,愛知県,月給22万500円,正社員,医療事務,求人ボックス,https://xn--pckua2a7gp15o89zb.com/jbn/6cc9a56ba1801a8630323dae91b74e35,True,7時間前,2026-09-19 04:15:32,愛知県
事務アシスタント／充実の研修で安心スタート!／福利厚生充実／教育体制あり新着,...プライベートを大切にしながら、安定した環境で長く働ける,愛知県,月給23万500円,正社員,医療事務,求人ボックス,https://xn--pckua2a7gp15o89zb.com/jbn/21e83f596e3aadd4f0ee233713a7827d,True,7時間前,2026-09-19 04:15:32,愛知県
事務アシスタント／充実の研修で安心スタート!／年間休日120日以上／完全週休2日制新着,事務,愛知県,月給23万500円,正社員,医療事務,求人ボックス,https://xn--pckua2a7gp15o89zb.com/jbn/da15ac28073c31366b92ef1b24e8545f,True,7時間前,2026-09-19 04:15:32,愛知県
バックオフィススタッフ／充実の研修で安心スタート!／年間休日120日以上／教育体制あり新着,事務・,愛知県,"月給21万5,500円",正社員,医療事務,求人ボックス,https://xn--pckua2a7gp15o89zb.com/jbn/2a75fc5df9445239836abd7a1dd8e51b,True,7時間前,2026-09-19 04:15:32,愛知県
測定・データ入力オペレーター／社会保険完備／未経験OK／転勤なし／年間休日121日新着,株式会社グリーンテック,愛知県,"月給20万2,000円",正社員,医療事務,求人ボックス,https://xn--pckua2a7gp15o89zb.com/jbn/0b192a3150d90bd878f12de24b26ed69,True,15時間前,2026-09-19 04:15:36,愛知県
事務職／一般事務／ネイル・ピアス自由／産休育休あり／ワークライフバランス充実／残業ほぼなし新着,事務,愛知県,"月給22万4,000円",正社員,医療事務,求人ボックス,https://xn--pckua2a7gp15o89zb.com/jbn/421fd3e34904f86d0658e0a1889dfeef,True,5時間前,2026-09-19 04:15:36,愛知県
ペットショップの販売・レジスタッフ／安城店毎年昇給のチャンスあり／自分に合った働き方が可能新着,株式会社犬の家 安城店,愛知県,"月給20万6,000円",正社員,医療事務,求人ボックス,https://xn--pckua2a7gp15o89zb.com/jbn/fb4714c951835d0de7c28cc5a5ab49fe,True,21時間前,2026-09-19 04:15:36,愛知県
受付・データ入力スタッフ／丁寧な教育体制／福利厚生充実／充実の研修で安心スタート新着,事務,愛知県,月給23万500円,正社員,医療事務,求人ボックス,https://xn--pckua2a7gp15o89zb.com/jbn/95bb0b8c311eac963d586e4cc8e6ffef,True,7時間前,2026-09-19 04:15:41,愛知県
事務アシスタント／充実の研修で安心スタート!／年間休日120日以上／福利厚生充実新着,事務,愛知県,"月給21万5,500円",正社員,医療事務,求人ボックス,https://xn--pckua2a7gp15o89zb.com/jbn/7c83bb84050b15898889ab9320024157,True,7時間前,2026-09-19 04:15:41,愛知県
産後ケアホテルの保育士 日勤のみ 副業可 週1日から可新着,株式会社ロイヤルポルテ,愛知県,"時給1,200円～1,500円",アルバイト・パート,保育,求人ボックス,https://xn--pckua2a7gp15o89zb.com/jb/f7115b3cb0ac6ebd7874ca20b8705952,True,3時間前,2026-09-19 04:15:13,愛知県
保育士新着,病児保育はあとキッズ,愛知県,"時給1,390円～1,520円",アルバイト・パート,保育,求人ボックス,https://xn--pckua2a7gp15o89zb.com/jb/1964148afc05f699d5dd4089cd44a899,True,3時間前,2026-09-19 04:15:13,愛知県
保育士新着,児童発達支援&放課後等デイサービスくろーばー,愛知県,"時給1,140円～1,300円",アルバイト・パート,保育,求人ボックス,https://xn--pckua2a7gp15o89zb.com/jb/f206ff29bffaefc34c98723dd74839e6,True,3時間前,2026-09-19 04:15:13,愛知県
保育士新着,障害児通所支援事業所 JIN KIDS,愛知県,"時給1,200円～1,270円",アルバイト・パート,保育,求人ボックス,https://xn--pckua2a7gp15o89zb.com/jb/03edc00684830394aa7b8783e69a61e6,True,3時間前,2026-09-19 04:15:13,愛知県
保育士／2024年11月開院 歯科で活躍する保育士 宿題ありません新着,熱田コトノハ歯科,愛知県,月給21万円～31万円,正社員,保育,求人ボックス,https://xn--pckua2a7gp15o89zb.com/jb/daec6dfaa156de81e481ae4f453a8d58,True,1時間前,2026-09-19 04:15:13,愛知県
保育士新着,らもーれこども教室 元八事,愛知県,"時給1,380円",アルバイト・パート,保育,求人ボックス,https://xn--pckua2a7gp15o89zb.com/jb/d8548302fe07e841509f71719ac016aa,True,3時間前,2026-09-19 04:15:13,愛知県
保育士新着,朝倉保育園,愛知県,"時給1,400円～1,562円",アルバイト・パート,保育,求人ボックス,https://xn--pckua2a7gp15o89zb.com/jb/fee87ae441bae445223f297cc7bab587,True,3時間前,2026-09-19 04:15:13,愛知県
保育士新着,しらほ東部保育園,愛知県,"時給1,250円",アルバイト・パート,保育,求人ボックス,https://xn--pckua2a7gp15o89zb.com/jb/8bef2c495930a396522cf59afff5bcb9,True,3時間前,2026-09-19 04:15:13,愛知県
保育士新着,10にんといろ,愛知県,"時給1,500円",アルバイト・パート,保育,求人ボックス,https://xn--pckua2a7gp15o89zb.com/jb/728f5271d11c4eee5bd725df921278a1,True,3時間前,2026-09-19 04:15:13,愛知県
保育士新着,スクルドエンジェル保育室みなと園,愛知県,"時給1,140円～1,370円",アルバイト・パート,保育,求人ボックス,https://xn--pckua2a7gp15o89zb.com/jb/e99dcbe63e105cd47eca3d0051889b21,True,3時間前,2026-09-19 04:15:13,愛知県
児童発達支援施設での保育士 完全週休2日制新着,マルタケ株式会社,愛知県,月給23万円～35万円,正社員,保育,求人ボックス,https://xn--pckua2a7gp15o89zb.com/jb/b0dc7842998ec1339879174635547296,True,3時間前,2026-09-19 04:15:17,愛知県
保育士新着,キッズ神山保育所,愛知県,"時給1,231円～1,331円",アルバイト・パート,保育,求人ボックス,https://xn--pckua2a7gp15o89zb.com/jb/53facbbff7958c2e5c846f369fa6a241,True,3時間前,2026-09-19 04:15:17,愛知県
放課後等デイサービスの保育士新着,ケンリハスポーツキッズ植田,愛知県,"月給25万1,000円",正社員,保育,求人ボックス,https://xn--pckua2a7gp15o89zb.com/jb/322f0a762468f1941b5b4507dd68b25d,True,4時間前,2026-09-19 04:15:17,愛知県
保育士新着,JIN KIDS sakurai,愛知県,"時給1,200円～1,270円",アルバイト・パート,保育,求人ボックス,https://xn--pckua2a7gp15o89zb.com/jb/c696d0d2688bcb0d85b9322075507e1f,True,3時間前,2026-09-19 04:15:17,愛知県
保育士新着,キラキラスター保育園,愛知県,"時給1,500円",アルバイト・パート,保育,求人ボックス,https://xn--pckua2a7gp15o89zb.com/jb/deb16ab8fdf5ab1a42f06a0d8a366156,True,3時間前,2026-09-19 04:15:21,愛知県
保育士新着,らもーれこども教室 守山,愛知県,"時給1,380円",正社員,保育,求人ボックス,https://xn--pckua2a7gp15o89zb.com/jb/cf97374a93db4d4d391c616df4d264f2,True,3時間前,2026-09-19 04:15:24,愛知県
保育士新着,和光こども園,愛知県,"時給1,200円～1,400円",アルバイト・パート,保育,求人ボックス,https://xn--pckua2a7gp15o89zb.com/jb/4feb64a98fe0e532abd729e463e656ca,True,3時間前,2026-09-19 04:15:24,愛知県
保育士新着,こどもプラス 日岡教室,愛知県,"時給1,300円～1,500円",アルバイト・パート,保育,求人ボックス,https://xn--pckua2a7gp15o89zb.com/jb/fe85dedefa9bb6c06fac16850fa7fff6,True,3時間前,2026-09-19 04:15:24,愛知県
保育士新着,アスクあじま保育園,愛知県,"時給1,400円",アルバイト・パート,保育,求人ボックス,https://xn--pckua2a7gp15o89zb.com/jb/6bd0c4738485fa83894d330e6306e8c4,True,3時間前,2026-09-19 04:15:27,愛知県
保育士新着,スクルドエンジェル保育室たかばり園,愛知県,"時給1,140円～1,370円",アルバイト・パート,保育,求人ボックス,https://xn--pckua2a7gp15o89zb.com/jb/ff6dbfc0d1d4aea173dc74ee1f2bbe81,True,3時間前,2026-09-19 04:15:27,愛知県
保育士新着,豊岡保育園,愛知県,"時給1,350円～1,500円",アルバイト・パート,保育,求人ボックス,https://xn--pckua2a7gp15o89zb.com/jb/c3863cf05abdfbb97a97b7629d02b3d0,True,3時間前,2026-09-19 04:15:30,愛知県
保育士新着,重症心身多機能型デイサービス すまいるず,愛知県,"時給1,300円～1,700円",アルバイト・パート,保育,求人ボックス,https://xn--pckua2a7gp15o89zb.com/jb/77b7ec3ffa63987d531148df2f5009ca,True,3時間前,2026-09-19 04:15:30,愛知県
保育士新着,らもーれこども教室 徳重,愛知県,"時給1,380円",アルバイト・パート,保育,求人ボックス,https://xn--pckua2a7gp15o89zb.com/jb/e09e17fb9e3f401c1bf354bab6148b06,True,3時間前,2026-09-19 04:15:30,愛知県
保育士新着,千音寺すみれこども園,愛知県,"時給1,150円～1,250円",アルバイト・パート,保育,求人ボックス,https://xn--pckua2a7gp15o89zb.com/jb/a395aed13283ac814829cd31b5c51743,True,3時間前,2026-09-19 04:15:34,愛知県
保育士新着,篠原保育園,愛知県,"時給1,200円",アルバイト・パート,保育,求人ボックス,https://xn--pckua2a7gp15o89zb.com/jb/9b8955333cce5190e597e2ee48c91b94,True,3時間前,2026-09-19 04:15:34,愛知県
保育士新着,株式会社エージェント,愛知県,"時給1,800円",アルバイト・パート,保育,求人ボックス,https://xn--pckua2a7gp15o89zb.com/jb/75c41ee9ded529960f1043cbe20c5e57,True,3時間前,2026-09-19 04:15:34,愛知県
保育士新着,やっさん家,愛知県,"時給1,300円",アルバイト・パート,保育,求人ボックス,https://xn--pckua2a7gp15o89zb.com/jb/6c8a1e96a21cac5434f7629b6b4451d1,True,3時間前,2026-09-19 04:15:38,愛知県
保育士新着,こぱんはうすさくら 岡崎井田教室,愛知県,"時給1,200円",アルバイト・パート,保育,求人ボックス,https://xn--pckua2a7gp15o89zb.com/jb/b875e8bb928ed78d1771b654ec083411,True,3時間前,2026-09-19 04:15:38,愛知県
保育士新着,児童発達支援・放課後等デイサービス ジョイス,愛知県,"時給1,400円",正社員,保育,求人ボックス,https://xn--pckua2a7gp15o89zb.com/jb/eea8357861ecf9ae6538d333dfbbdc3b,True,3時間前,2026-09-19 04:15:38,愛知県
保育士新着,社会福祉法人知多学園 北中根こども園,愛知県,"時給1,310円～1,610円",アルバイト・パート,保育,求人ボックス,https://xn--pckua2a7gp15o89zb.com/jb/5223e7aff25da770a785945792a6d02c,True,3時間前,2026-09-19 04:15:38,愛知県
保育士新着,スター・キッズ星ヶ丘,愛知県,"時給1,250円",アルバイト・パート,保育,求人ボックス,https://xn--pckua2a7gp15o89zb.com/jb/fafd94f374f5835e38c562c562a258f2,True,3時間前,2026-09-19 04:15:38,愛知県
保育士新着,放課後等デイサービスシュシュ,愛知県,"時給1,300円～1,400円",アルバイト・パート,保育,求人ボックス,https://xn--pckua2a7gp15o89zb.com/jb/80a79a99aaf93aeefb68a4e66c9e7833,True,3時間前,2026-09-19 04:15:38,愛知県
保育士新着,ことみのり園,愛知県,"時給1,200円～1,400円",アルバイト・パート,保育,求人ボックス,https://xn--pckua2a7gp15o89zb.com/jb/b2b6b86b02295f52c1a6ac8445e51a2a,True,3時間前,2026-09-19 04:15:38,愛知県
児童発達支援施設の保育士新着,ケンリハスポーツキッズ大曽根,愛知県,"月給25万1,000円",正社員,保育,求人ボックス,https://xn--pckua2a7gp15o89zb.com/jb/4b9f885f588af943f53f7608b031fb56,True,4時間前,2026-09-19 04:15:41,愛知県
保育士新着,放課後等デイサービス わんぱくクラブ2,愛知県,"時給1,500円",アルバイト・パート,保育,求人ボックス,https://xn--pckua2a7gp15o89zb.com/jb/50e79a4d3273537d6dc63e5b065c5e6b,True,3時間前,2026-09-19 04:15:41,愛知県
保育士新着,アスク東谷保育園,愛知県,"時給1,400円",アルバイト・パート,保育,求人ボックス,https://xn--pckua2a7gp15o89zb.com/jb/b6d4d0cb61381f61458b43d55aaa962e,True,3時間前,2026-09-19 04:15:41,愛知県
保育士新着,中部労災病院たんぽぽ,愛知県,"時給1,250円",アルバイト・パート,保育,求人ボックス,https://xn--pckua2a7gp15o89zb.com/jb/6a95c1ff608501c2c56cdefb8520a6ec,True,3時間前,2026-09-19 04:15:41,愛知県
保育士新着,船方保育園,愛知県,"時給1,140円",アルバイト・パート,保育,求人ボックス,https://xn--pckua2a7gp15o89zb.com/jb/9381f095c76741ad9e012fc9e7c36bfe,True,3時間前,2026-09-19 04:15:41,愛知県
保育士新着,ハピネス中村校,愛知県,"時給1,200円～1,500円",正社員,保育,求人ボックス,https://xn--pckua2a7gp15o89zb.com/jb/8a41cd9e5f66a9fad01ee463e0b5ade1,True,3時間前,2026-09-19 04:15:41,愛知県
美容師・理容師／ブランク歓迎／カット専門新着,QBHOUSE／ロジスカットスクール名古屋校,愛知県,"月給23万3,000円",正社員,美容,求人ボックス,https://xn--pckua2a7gp15o89zb.com/jbn/c0708ffa7cc2a471db6d1a0edbb0b3d1,True,23時間前,2026-09-19 04:15:39,愛知県
未経験可の美容師新着,うなじ矯正専門店ミース 豊田店,愛知県,"時給1,300円～",アルバイト・パート,美容,求人ボックス,https://xn--pckua2a7gp15o89zb.com/jb/801591afddedd4793d7cedd1942b595b,True,6時間前,2026-09-19 04:15:39,愛知県
美容師／理容師新着,有限会社サンキューカット東海,愛知県,"時給1,220円～",アルバイト・パート,美容,求人ボックス,https://xn--pckua2a7gp15o89zb.com/jb/c00083307835e0ddaed1ae6c51108cd9,True,9時間前,2026-09-19 04:15:44,愛知県
美容師／アシスタント／MAISON by e.m.a新着,株式会社lien,愛知県,月給23万円～25万円,正社員,美容,求人ボックス,https://xn--pckua2a7gp15o89zb.com/jb/272ac201b22974d10e8db3269e7dd56c,True,2時間前,2026-09-19 04:15:46,愛知県
美容師／ヘアメイク／ヘアセット ヘアメイクアーティスト／CLAVIS新着,株式会社Uplight,愛知県,"月給20万5,000円",正社員,美容,求人ボックス,https://xn--pckua2a7gp15o89zb.com/jb/7ec3a4a7f442a7a0599372375eb8797a,True,3時間前,2026-09-19 04:15:50,愛知県
美容師／アシスタント／シュープ プラス 尾張一宮駅前ビル アスティ一宮...新着,有限会社IBC,愛知県,月給21万円,正社員,美容,求人ボックス,https://xn--pckua2a7gp15o89zb.com/jb/a52ff20d1d5d3344ba4b943850280dcd,True,6時間前,2026-09-19 04:15:50,愛知県
美容師／アシスタント／モイコ新着,moikor.,愛知県,"時給1,300円～1,500円",アルバイト・パート,美容,求人ボックス,https://xn--pckua2a7gp15o89zb.com/jb/671ab97ca5217d96b9085b1e77255f6a,True,6時間前,2026-09-19 04:15:50,愛知県
美容師／ヘッドスパ／ヘアセット スタイリスト新着,株式会社lit.,愛知県,月給30万円～60万円,正社員,美容,求人ボックス,https://xn--pckua2a7gp15o89zb.com/jb/5a1096baee685ba87c93f2cc402e90e1,True,4時間前,2026-09-19 04:15:54,愛知県
美容師／スタッフ／アス 本山店新着,株式会社usエンターテイメント,愛知県,"月給17万2,500円",正社員,美容,求人ボックス,https://xn--pckua2a7gp15o89zb.com/jb/f5063aeed5567926d024921d78728a2e,True,6時間前,2026-09-19 04:15:54,愛知県
美容師／ヘッドスパ／ヘアセット 店長／RrSALON TOYOTA新着,株式会社sky,愛知県,月給21万円～100万円,正社員,美容,求人ボックス,https://xn--pckua2a7gp15o89zb.com/jb/6df6b01cb55032b5cf38ce1418a01e17,True,2時間前,2026-09-19 04:15:54,愛知県
無理なく長く働ける研修あり接客デビュー応援  豊田新着,株式会社GRIVE 愛知,愛知県,"時給1,500円～",契約社員,美容,求人ボックス,https://xn--pckua2a7gp15o89zb.com/jb/63dfcf38dfae1215679426df6dc9b677,True,18時間前,2026-09-19 04:15:54,愛知県
フルリモート／一般事務／高収入／完全土日休み新着,飲食店、,愛知県,月給22万900円,正社員,美容,求人ボックス,https://xn--pckua2a7gp15o89zb.com/jbn/21e6228ab749aeb2a39c91978a485639,True,13時間前,2026-09-19 04:15:58,愛知県
フルリモート／一般事務／高収入／年間休日123日新着,飲食店、,愛知県,月給22万100円,正社員,美容,求人ボックス,https://xn--pckua2a7gp15o89zb.com/jbn/e786c04d1528a1924201e61f707bdf6a,True,13時間前,2026-09-19 04:15:58,愛知県
フルリモート／事務／未経験OK／月給22万～新着,飲食店、,愛知県,月給22万～,正社員,美容,求人ボックス,https://xn--pckua2a7gp15o89zb.com/jbn/5b9f387423bc44f4bc026bf3784175e1,True,13時間前,2026-09-19 04:15:58,愛知県
「高収入」送迎運転手「普通免許のみ」／ドライバー／年収600万円以上／VIP送迎ドライバー新着,...カレンダー通りに休める事務職へ転職したい」「プライベートの時間もしっかり確保しながら働きたい」そんな希望が叶う職場です。ExcelやWordの基本操作ができれば、実務経験がなくても全く問題ありま,愛知県,月給45万円～80万円,正社員,美容,求人ボックス,https://xn--pckua2a7gp15o89zb.com/jbn/c6c08f2feb15b4e07913ef13a6652d00,True,9時間前,2026-09-19 04:16:01,愛知県
完全在宅／一般事務／高収入／完全土日休み新着,飲食店、,愛知県,月給22万円～30万円,正社員,美容,求人ボックス,https://xn--pckua2a7gp15o89zb.com/jbn/f79cdc5b82c08bce26e3524e3e53e7ea,True,13時間前,2026-09-19 04:16:04,愛知県
完全在宅／一般事務／未経験OK／完全週休2日新着,飲食店、,愛知県,"月給22万2,800円",正社員,美容,求人ボックス,https://xn--pckua2a7gp15o89zb.com/jbn/89c2715507f90834344d6907582e25f3,True,13時間前,2026-09-19 04:16:07,愛知県
バックオフィススタッフ／充実の研修で安心スタート!／未経験でも安心／教育体制あり新着,...これまでの経歴ではなく、これからの「やってみたい」という気持ちを何よりも重視します。求人票に必須資格の明記はありませんので、どなたでも「不問」として安心してご応募いただけます。実際に、コンビニの,愛知県,月給21万500円,正社員,美容,求人ボックス,https://xn--pckua2a7gp15o89zb.com/jbn/89692bea9a3a61e2442d033014d2737e,True,7時間前,2026-09-19 04:16:07,愛知県
建設作業員 工事現場を支える作業スタッフ!安定企業で勤務新着,伊藤組建設株式会社,愛知県,月給20万円～40万円,正社員,建設,求人ボックス,https://xn--pckua2a7gp15o89zb.com/jb/ec9bf7e5349a18cdbf6c8fd88731f6f6,True,4時間前,2026-09-19 04:15:44,愛知県
「予約制のタクシードライバー」週3日勤務で月収40万円以上／未経験OK／20代～50代が活躍中新着,建設,愛知県,"月給40万4,000円",正社員,建設,求人ボックス,https://xn--pckua2a7gp15o89zb.com/jbn/847234035d25f2db00e1366da0056d4d,True,12時間前,2026-09-19 04:15:44,愛知県
著名人・VIPの予約タクシードライバー／普通免許のみOK／未経験から正社員へ／賞与年2回新着,フードデリバリー配達員/宅配便ドライバールート配送ドライバー(飲料・食品)...[年収実績]25歳男性/前職:フードデリバリー配達員入社1年目で年収650万円を達成。,愛知県,"月給45万6,000円",正社員,建設,求人ボックス,https://xn--pckua2a7gp15o89zb.com/jbn/9a5e41ecde264f09946fe5e63a02f1a6,True,9時間前,2026-09-19 04:15:44,愛知県
普通免許から始めるタクシードライバー／二種免許取得支援あり／役員・VIP・予約送迎／賞与あり新着,フードデリバリー配達員/宅配便ドライバールート配送ドライバー(飲料・食品)...(前職:フードデリバリー配達員/25歳男性) 福利厚生 ・社会保険完備(厚生年金・健康保険・雇用保険・労災)...,愛知県,"月給40万4,000円",正社員,建設,求人ボックス,https://xn--pckua2a7gp15o89zb.com/jbn/dceceeb7f988cfd95f7109357e1b8c83,True,9時間前,2026-09-19 04:15:44,愛知県
アルファードでの夜間タクシードライバー／VIP・著名人対応あり／AT限定OK／接客経験を活かせる新着,フードデリバリー配達員/宅配便ドライバールート配送ドライバー(飲料・食品)...外での,愛知県,"月給45万6,000円",正社員,建設,求人ボックス,https://xn--pckua2a7gp15o89zb.com/jbn/4905cbfbbdbf26c53bfbabb5cd38ce3e,True,8時間前,2026-09-19 04:15:44,愛知県
「夜勤・タクシードライバー」二種免不要／企業役員／賞与年2回／20代活躍中／安定収入新着,フードデリバリー配達員/宅配便ドライバールート配送ドライバー(飲料・食品)...<年収例>入社1年目:年収650万円前職:フードデリバリー配達員(25歳男性),愛知県,"月給45万6,000円",正社員,建設,求人ボックス,https://xn--pckua2a7gp15o89zb.com/jbn/28ae0289403271b8c1edd4ec34c6c9ee,True,9時間前,2026-09-19 04:15:44,愛知県
「タクシードライバー」二種免不要／週3勤務／安定収入／ボーナス年2回／若手活躍中／安心の正社員雇用新着,...軽貨物配送ドライバーフードデリバリー配達員/宅配便ドライバールート配送ドライバー(飲料・食品)長距離大型トラック/中型トラック運転手引越しドライバー/デリバリーサービス倉庫,愛知県,"月給47万6,000円",正社員,建設,求人ボックス,https://xn--pckua2a7gp15o89zb.com/jbn/9896beb23734d9bad5779a6a51a3d08e,True,9時間前,2026-09-19 04:15:45,愛知県
「夜勤・高収入・空港送迎」タクシードライバー／普通免許でOK／賞与あり／年収600万円以上可新着,フードデリバリー配達員/宅配便ドライバールート配送ドライバー(飲料・食品)...<年収例>入社1年目:年収650万円前職:フードデリバリー配達員(25歳男性),愛知県,"月給45万6,000円",正社員,建設,求人ボックス,https://xn--pckua2a7gp15o89zb.com/jbn/e7e08716395b4cb861f09e1e136cfa3d,True,9時間前,2026-09-19 04:15:45,愛知県
夜間予約タクシードライバー／普通免許OK／二種免許は会社負担／月収50万円以上も可／賞与あり新着,フードデリバリー配達員/宅配便ドライバールート配送ドライバー(飲料・食品)長距離大型トラック/中型トラック運転手引越しドライバー/デリバリーサービス倉庫,愛知県,"月給45万6,000円",正社員,建設,求人ボックス,https://xn--pckua2a7gp15o89zb.com/jbn/ec0f3a1a927b91210dba93755b48c026,True,8時間前,2026-09-19 04:15:45,愛知県
「二種免許不要・タクシードライバー」履歴書不要／学歴不問／週3勤務／身体負担少なめ／退職金制度新着,...軽貨物配送ドライバーフードデリバリー配達員/宅配便ドライバールート配送ドライバー(飲料・食品)長距離大型トラック/中型トラック運転手引越しドライバー/デリバリーサービス倉庫,愛知県,"月給47万6,000円",正社員,建設,求人ボックス,https://xn--pckua2a7gp15o89zb.com/jbn/330ecb05d59f22659cade7582989d3ce,True,9時間前,2026-09-19 04:15:45,愛知県
月11日～13日勤務のタクシードライバー／空港・VIP送迎あり／普通免許OK／履歴書不要／賞与年2回新着,未経験OK,愛知県,"月給40万4,000円",正社員,建設,求人ボックス,https://xn--pckua2a7gp15o89zb.com/jbn/7fd86bd4300e41289adb5162d1879fe2,True,9時間前,2026-09-19 04:15:45,愛知県
送迎ドライバー新着,FSK株式会社,愛知県,"時給1,450円",アルバイト・パート,建設,求人ボックス,https://xn--pckua2a7gp15o89zb.com/jb/f28ab7ea144d5608516b69ee94655c0c,True,22時間前,2026-09-19 04:15:45,愛知県
「夜勤」タクシードライバー・AT限定OK／接客経験活かせる／賞与年2回／VIP対応／アルファード新着,...軽貨物配送ドライバーフードデリバリー配達員/宅配便ドライバールート配送ドライバー(飲料・食品)長距離大型トラック/中型トラック運転手引越しドライバー/デリバリーサービス倉庫,愛知県,"月給47万6,000円",正社員,建設,求人ボックス,https://xn--pckua2a7gp15o89zb.com/jbn/83e1fefe248e084dfe98346047c8133d,True,9時間前,2026-09-19 04:15:45,愛知県
夜勤の役員タクシードライバー／空港・会食・VIP送迎あり／普通免許OK／賞与年2回／福利厚生充実新着,...軽貨物配送ドライバーフードデリバリー配達員/宅配便ドライバールート配送ドライバー(飲料・食品)長距離大型トラック/中型トラック運転手引越しドライバー/デリバリーサービス倉庫,愛知県,"月給45万6,000円",正社員,建設,求人ボックス,https://xn--pckua2a7gp15o89zb.com/jbn/77e9df2695817e27c397e806d6497807,True,8時間前,2026-09-19 04:15:48,愛知県
「月11日～13日勤務!」タクシードライバー／履歴書不要／空港送迎／社会保険完備／賞与あり新着,フードデリバリー配達員/宅配便ドライバールート配送ドライバー(飲料・食品)...<年収例>入社1年目:年収650万円前職:フードデリバリー配達員(25歳男性),愛知県,"月給45万6,000円",正社員,建設,求人ボックス,https://xn--pckua2a7gp15o89zb.com/jbn/94baec419cdf9bad3fcdcd15cb972ba2,True,9時間前,2026-09-19 04:15:48,愛知県
タクシードライバー／普通免許OK・AT限定可／未経験から正社員へ／週3日勤務可新着,...軽貨物配送ドライバーフードデリバリー配達員/宅配便ドライバールート配送ドライバー(飲料・食品)長距離大型トラック/中型トラック運転手引越しドライバー/デリバリーサービス倉庫,愛知県,"月給47万7,000円",正社員,建設,求人ボックス,https://xn--pckua2a7gp15o89zb.com/jbn/9bae491b8441285d2ae12b0b7dead739,True,9時間前,2026-09-19 04:15:48,愛知県
タクシードライバー／普通免許OK／年収600万円以上も可／履歴書不要／退職金制度あり新着,...軽貨物配送ドライバーフードデリバリー配達員/宅配便ドライバールート配送ドライバー(飲料・食品)長距離大型トラック/中型トラック運転手引越しドライバー/デリバリーサービス倉庫,愛知県,"月給47万7,000円",正社員,建設,求人ボックス,https://xn--pckua2a7gp15o89zb.com/jbn/fd839a8cfefde9511a190982f47f7741,True,10時間前,2026-09-19 04:15:48,愛知県
週3勤務のタクシードライバー／普通免許だけで応募OK／予約中心で落ち着いて働ける／賞与年2回新着,...軽貨物配送ドライバーフードデリバリー配達員/宅配便ドライバールート配送ドライバー(飲料・食品)長距離大型トラック/中型トラック運転手引越しドライバー/デリバリーサービス倉庫,愛知県,"月給47万7,000円",正社員,建設,求人ボックス,https://xn--pckua2a7gp15o89zb.com/jbn/81e6161ca8679f32d710d3b0b933673e,True,10時間前,2026-09-19 04:15:48,愛知県
週3勤務のタクシードライバー／普通免許OK／未経験から正社員へ／履歴書不要／賞与年2回新着,...軽貨物配送ドライバーフードデリバリー配達員/宅配便ドライバールート配送ドライバー(飲料・食品)長距離大型トラック/中型トラック運転手引越しドライバー/デリバリーサービス倉庫,愛知県,"月給40万5,000円",正社員,建設,求人ボックス,https://xn--pckua2a7gp15o89zb.com/jbn/7fbfb0ef4372256e4f6dfe9314e1caee,True,10時間前,2026-09-19 04:15:48,愛知県
「タクシードライバー」二種免許会社負担／経歴不問／年収600万円以上可／若手世代活躍中新着,...軽貨物配送ドライバーフードデリバリー配達員/宅配便ドライバールート配送ドライバー(飲料・食品)長距離大型トラック/中型トラック運転手引越しドライバー/デリバリーサービス倉庫,愛知県,"月給45万6,000円",正社員,建設,求人ボックス,https://xn--pckua2a7gp15o89zb.com/jbn/324c78f47967f61665aafc435e91ca30,True,8時間前,2026-09-19 04:15:51,愛知県
「タクシードライバー」未経験OK／履歴書不要／週3勤務／賞与あり／研修制度充実／社会保険完備新着,...軽貨物配送ドライバーフードデリバリー配達員/宅配便ドライバールート配送ドライバー(飲料・食品)長距離大型トラック/中型トラック運転手引越しドライバー/デリバリーサービス倉庫,愛知県,"月給45万6,000円",正社員,建設,求人ボックス,https://xn--pckua2a7gp15o89zb.com/jbn/76eedfaadd91ad30ac5bb13619297a65,True,9時間前,2026-09-19 04:15:51,愛知県
週3勤務の役員タクシードライバー／普通免許だけで応募OK／予約中心で落ち着いて働ける／賞与年2回新着,...軽貨物配送ドライバーフードデリバリー配達員/宅配便ドライバールート配送ドライバー(飲料・食品)長距離大型トラック/中型トラック運転手引越しドライバー/デリバリーサービス倉庫,愛知県,"月給40万4,000円",正社員,建設,求人ボックス,https://xn--pckua2a7gp15o89zb.com/jbn/f5a23ccbd028884a064c6735342c0645,True,9時間前,2026-09-19 04:15:51,愛知県
建設会社での営業アシスタント 未経験可 年休127日 プライベートと両立できる環境新着,東海信和株式会社,愛知県,"月給17万8,560円",正社員,建設,求人ボックス,https://xn--pckua2a7gp15o89zb.com/jb/ad15895fd6c96122fc208924b10d411b,True,4時間前,2026-09-19 04:15:51,愛知県
「経歴不問・タクシードライバー」未経験歓迎／社会保険完備の正社員雇用／週3勤務／AT限定OK新着,...軽貨物配送ドライバーフードデリバリー配達員/宅配便ドライバールート配送ドライバー(飲料・食品)長距離大型トラック/中型トラック運転手引越しドライバー/デリバリーサービス倉庫,愛知県,"月給47万6,000円",正社員,建設,求人ボックス,https://xn--pckua2a7gp15o89zb.com/jbn/3fefdc11be3bcce3a965c4cfd58d63ec,True,9時間前,2026-09-19 04:15:51,愛知県
役員・VIPタクシードライバー／普通免許OK／年収600万円以上も可／履歴書不要／退職金制度あり新着,...軽貨物配送ドライバーフードデリバリー配達員/宅配便ドライバールート配送ドライバー(飲料・食品)長距離大型トラック/中型トラック運転手引越しドライバー/デリバリーサービス倉庫,愛知県,"月給45万6,000円",正社員,建設,求人ボックス,https://xn--pckua2a7gp15o89zb.com/jbn/c6d84daa81e21ed83c4ea912b12ddf76,True,8時間前,2026-09-19 04:15:51,愛知県
週3勤務の予約タクシードライバー／普通免許OK／未経験から正社員へ／履歴書不要／賞与年2回新着,...軽貨物配送ドライバーフードデリバリー配達員/宅配便ドライバールート配送ドライバー(飲料・食品)長距離大型トラック/中型トラック運転手引越しドライバー/デリバリーサービス倉庫,愛知県,"月給45万6,000円",正社員,建設,求人ボックス,https://xn--pckua2a7gp15o89zb.com/jbn/6fea3c837bb704992baa7415fd8bf2bd,True,8時間前,2026-09-19 04:15:51,愛知県
役員・著名人の予約タクシードライバー／普通免許OK・AT限定可／未経験から正社員へ／週3日勤務可新着,...軽貨物配送ドライバーフードデリバリー配達員/宅配便ドライバールート配送ドライバー(飲料・食品)長距離大型トラック/中型トラック運転手引越しドライバー/デリバリーサービス倉庫,愛知県,"月給45万6,000円",正社員,建設,求人ボックス,https://xn--pckua2a7gp15o89zb.com/jbn/5eba50921d10ec4cd71895406a1def79,True,9時間前,2026-09-19 04:15:51,愛知県
「社会保険完備・福利厚生充実」タクシードライバー／夜勤／学歴不問／ボーナス年2回／空港送迎／会食送迎新着,...軽貨物配送ドライバーフードデリバリー配達員/宅配便ドライバールート配送ドライバー(飲料・食品)長距離大型トラック/中型トラック運転手引越しドライバー/デリバリーサービス倉庫,愛知県,"月給45万6,000円",正社員,建設,求人ボックス,https://xn--pckua2a7gp15o89zb.com/jbn/b17dbb967cea251de2944acb92e8a2a6,True,9時間前,2026-09-19 04:15:54,愛知県
夜勤の予約タクシードライバー／企業役員・VIP対応あり／普通免許OK／二種免許取得支援あり新着,フードデリバリー配達員/宅配便ドライバールート配送ドライバー(飲料・食品)...25歳男性・前職フードデリバリー配達員が入社1年目で年収650万円を達成しています。...,愛知県,"月給40万4,000円",正社員,建設,求人ボックス,https://xn--pckua2a7gp15o89zb.com/jbn/7003f5d7f13ddb194a17e51d58cd2ef6,True,9時間前,2026-09-19 04:15:54,愛知県
「週3勤務・芸能人・タレント」タクシードライバー／二種免許不要／賞与年2回／正社員雇用新着,フードデリバリー配達員/宅配便ドライバールート配送ドライバー(飲料・食品)...<年収例>入社1年目:年収650万円前職:フードデリバリー配達員(25歳男性),愛知県,"月給47万6,000円",正社員,建設,求人ボックス,https://xn--pckua2a7gp15o89zb.com/jbn/2ccd4d7b5408b773e0f993c13cacd519,True,9時間前,2026-09-19 04:15:54,愛知県
施工管理スタッフ新着,株式会社ユタカプラス,愛知県,月給26万円～,契約社員,建設,求人ボックス,https://xn--pckua2a7gp15o89zb.com/jb/338fd19e10e668736dfb8da76472e8a1,True,9時間前,2026-09-19 04:15:54,愛知県
土木施工管理／RC造新築工事 未経験OK新着,株式会社コプロコンストラクション,愛知県,"月給27万1,180円",派遣社員,建設,求人ボックス,https://xn--pckua2a7gp15o89zb.com/jb/6c45ea2f68463dce0e05381d5f000f1e,True,16時間前,2026-09-19 04:15:54,愛知県
日給2.2万円 夜間道路清掃員 未経験でも積極採用中新着,フジ建設株式会社,愛知県,日給2,アルバイト・パート,建設,求人ボックス,https://xn--pckua2a7gp15o89zb.com/jb/01a9f028d713aaedeacb5286fcfbb537,True,12時間前,2026-09-19 04:15:54,愛知県
現場経験を活かしてキャリアアップしませんか?／現場監督未経験OK／年収396万～600万円新着,株式会社エム・ユー,愛知県,年収396万～600万円,正社員,建設,求人ボックス,https://xn--pckua2a7gp15o89zb.com/jbn/14f13cf9019e40a9b1b08cc5e266f9d5,True,14時間前,2026-09-19 04:15:54,愛知県
現場代理人 大規模な施設や物流倉庫等の建設工事の管理業務 1級施工管理技士や現場代理人経験必須新着,株式会社永賢組,愛知県,"年収800万円～1,200万円",正社員,建設,求人ボックス,https://xn--pckua2a7gp15o89zb.com/jb/63fda48de9b97055ab474176b116c302,True,3時間前,2026-09-19 04:15:54,愛知県
「高収入」夜勤／タクシー運転手／定期送迎「月収50万円以上可能／安定収入／賞与年2回」新着,建設・,愛知県,"月給45万7,000円",正社員,建設,求人ボックス,https://xn--pckua2a7gp15o89zb.com/jbn/eca918fa835c9e29fb66bc70a72fd62b,True,8時間前,2026-09-19 04:15:58,愛知県
「高収入」夜勤／タクシー／定期送迎「月収50万円以上可能／安定収入／賞与年2回」新着,建設・,愛知県,"月給45万9,600円",正社員,建設,求人ボックス,https://xn--pckua2a7gp15o89zb.com/jbn/f415b5340c1d0ee47e87c24a6ff6631e,True,8時間前,2026-09-19 04:15:58,愛知県
タクシー運転手「週3勤務」資格取得支援あり／月収40万円以上／安定収入／転職回数不問新着,...以下のような経験をお持ちの方は特に歓迎します。・軽貨物ドライバー・ルート配送スタッフ・宅配ドライバー・タクシー運転手・大型トラックドライバー・フォークリフトオペレーター・,愛知県,"月給45万8,100円",正社員,建設,求人ボックス,https://xn--pckua2a7gp15o89zb.com/jbn/eb8c536fa41f36372311d495d39ed1a5,True,8時間前,2026-09-19 04:15:58,愛知県
タクシードライバー／「即入社相談可」夜間送迎スタッフ／履歴書不要／安定の正社員雇用新着,作業,愛知県,"月給45万6,000円",正社員,建設,求人ボックス,https://xn--pckua2a7gp15o89zb.com/jbn/381da1a10e202a7430e9adcf0a6ffdd5,True,8時間前,2026-09-19 04:15:58,愛知県
「月内採用」タクシードライバー・夜勤／職歴不問／未経験OK／1年目年収600万円以上可／賞与年2回新着,作業,愛知県,"月給45万6,000円",正社員,建設,求人ボックス,https://xn--pckua2a7gp15o89zb.com/jbn/9034eab59c96a42f1d90362c217e4968,True,8時間前,2026-09-19 04:15:58,愛知県
「予約中心だから未経験でも安心」タクシードライバー／週3勤務／月収50万円以上可新着,建設・,愛知県,"月給45万6,000円",正社員,建設,求人ボックス,https://xn--pckua2a7gp15o89zb.com/jbn/9e6f2c07748b86a1237d0b24b3d92b67,True,8時間前,2026-09-19 04:15:58,愛知県
「夜勤でしっかり稼ぐ」タクシードライバー／残業少なめ／正社員採用／賞与あり新着,...以下のような経験をお持ちの方は特に歓迎します。・軽貨物ドライバー・ルート配送スタッフ・宅配ドライバー・タクシー運転手・大型トラックドライバー・フォークリフトオペレーター・,愛知県,"月給45万7,000円",正社員,建設,求人ボックス,https://xn--pckua2a7gp15o89zb.com/jbn/9703613435a42ab5b5ff74f763f4cf27,True,8時間前,2026-09-19 04:15:58,愛知県
タクシードライバー／週3勤務／学歴不問／1年目月収50万以上／賞与年2回新着,建設・,愛知県,月給46万200円,正社員,建設,求人ボックス,https://xn--pckua2a7gp15o89zb.com/jbn/10e933651158f6d74dd1f127dacd366f,True,9時間前,2026-09-19 04:15:58,愛知県
「高収入」夜勤／タクシードライバー／定期送迎「月収50万円以上可能／安定収入／賞与年2回」新着,建設・,愛知県,"月給45万6,000円",正社員,建設,求人ボックス,https://xn--pckua2a7gp15o89zb.com/jbn/ca5eea4a9b8520e8070501e0c03b6427,True,9時間前,2026-09-19 04:16:01,愛知県
タクシードライバー／未経験歓迎／会食・空港送迎中心／年収600万円以上可新着,建設・,愛知県,"月給45万9,500円",正社員,建設,求人ボックス,https://xn--pckua2a7gp15o89zb.com/jbn/4c41e2731ca4d3a96928520ede25034a,True,9時間前,2026-09-19 04:16:01,愛知県
「未経験歓迎」タクシードライバー／月収50万円以上可／退職金制度あり新着,...以下のような経験をお持ちの方は特に歓迎します。・軽貨物ドライバー・ルート配送スタッフ・宅配ドライバー・タクシー運転手・大型トラックドライバー・フォークリフトオペレーター・,愛知県,"月給47万9,400円",正社員,建設,求人ボックス,https://xn--pckua2a7gp15o89zb.com/jbn/c2056d762dcb7458e323d86c8fae608f,True,9時間前,2026-09-19 04:16:01,愛知県
「内定までスピーディー」夜勤タクシードライバー／履歴書不要／未経験OK／月収50万円以上新着,作業,愛知県,"月給47万6,000円",正社員,建設,求人ボックス,https://xn--pckua2a7gp15o89zb.com/jbn/88f42f136e5615e9e7d9945031c0bc3b,True,9時間前,2026-09-19 04:16:01,愛知県
タクシードライバー／週3勤務／異業種からの転職歓迎新着,建設・,愛知県,"月給45万8,000円",正社員,建設,求人ボックス,https://xn--pckua2a7gp15o89zb.com/jbn/ce16471d8feeb2b9f62f7321ba5e1038,True,9時間前,2026-09-19 04:16:01,愛知県
夜間専属タクシードライバー／月収50万円以上可能／賞与年2回／普通免許のみで応募可新着,...以下のような経験をお持ちの方は特に歓迎します。・軽貨物ドライバー・ルート配送スタッフ・宅配ドライバー・タクシー運転手・大型トラックドライバー・フォークリフトオペレーター・,愛知県,月給46万600円,正社員,建設,求人ボックス,https://xn--pckua2a7gp15o89zb.com/jbn/b266307aac2ae7b60a2c4485cc6e91ba,True,9時間前,2026-09-19 04:16:01,愛知県
「夜勤で稼げる」タクシードライバー／普通免許のみOK／年収600万円以上可／賞与年2回新着,...以下のような経験をお持ちの方は特に歓迎します。・軽貨物ドライバー・ルート配送スタッフ・宅配ドライバー・タクシー運転手・大型トラックドライバー・フォークリフトオペレーター・,愛知県,"月給47万8,100円",正社員,建設,求人ボックス,https://xn--pckua2a7gp15o89zb.com/jbn/87434c6c7ff98d309628cfe95b418791,True,9時間前,2026-09-19 04:16:01,愛知県
タクシードライバー／普通免許のみで応募OK／週3日勤務／賞与あり／高収入実現可能新着,作業,愛知県,"月給47万8,000円",正社員,建設,求人ボックス,https://xn--pckua2a7gp15o89zb.com/jbn/e07eccc332e89c39bdc974ee4d57ab25,True,9時間前,2026-09-19 04:16:05,愛知県
「週3日勤務で年収600万円も可能」タクシードライバー／普通免許のみOK／未経験歓迎／賞与年2回新着,建設・,愛知県,"月給47万8,000円",正社員,建設,求人ボックス,https://xn--pckua2a7gp15o89zb.com/jbn/3aa8451e61b54242e67ce68f79fd9731,True,10時間前,2026-09-19 04:16:05,愛知県
経験者:月収30万円～ 残業ほぼなし! サッシ取付け作業員新着,株式会社樋川工業,愛知県,"日給1万2,000円",正社員,建設,求人ボックス,https://xn--pckua2a7gp15o89zb.com/jb/a06145277cf3c2f00764530ec9007dd6,True,2時間前,2026-09-19 04:16:05,愛知県
芸能関係者のタクシードライバー／未経験歓迎／週3勤務／月収45万円以上／20代～50代活躍中新着,作業,愛知県,"月給45万6,100円",正社員,建設,求人ボックス,https://xn--pckua2a7gp15o89zb.com/jbn/8b4868282de2a2460f716e4dfe0e2311,True,11時間前,2026-09-19 04:16:05,愛知県
「未経験1年目600万円／定着率90%以上」「週3勤務・予約制タクシードライバー」普通免許のみOK新着,建設・,愛知県,"月給45万9,000円",正社員,建設,求人ボックス,https://xn--pckua2a7gp15o89zb.com/jbn/354354f6b376713d0b4444d65c820fa0,True,11時間前,2026-09-19 04:16:05,愛知県
「転職回数不問」役員タクシードライバー／週3勤務／安定収入／正社員採用新着,...以下のような経験をお持ちの方は特に歓迎します。・軽貨物ドライバー・ルート配送スタッフ・宅配ドライバー・タクシー運転手・大型トラックドライバー・フォークリフトオペレーター・,愛知県,"月給45万8,300円",正社員,建設,求人ボックス,https://xn--pckua2a7gp15o89zb.com/jbn/e5eecad6eacedd2bfa61f4743cd619f7,True,11時間前,2026-09-19 04:16:05,愛知県
メンテナンススタッフ 国産車をはじめ外国車も取り扱う販売店 経験者のみ 土日祝も希望休可新着,株式会社プルーヴ,愛知県,月給30万円～40万円,正社員,建設,求人ボックス,https://xn--pckua2a7gp15o89zb.com/jb/f844db6bf74dd1982d451fba8bd78cbe,True,3時間前,2026-09-19 04:16:10,愛知県
上下水道工事の土木施工管理者 未経験可 週休2日制 手厚いサポートあり新着,マルタケ株式会社,愛知県,月給28万円～35万円,派遣社員,建設,求人ボックス,https://xn--pckua2a7gp15o89zb.com/jb/44fd6ca09d5b4de95a949cc1b77d95ee,True,3時間前,2026-09-19 04:16:10,愛知県
土木施工管理 工事現場の施工管理 経験者 週休2日制 転勤ナシ新着,株式会社永賢組-07,愛知県,"年収550万円～1,000万円",正社員,建設,求人ボックス,https://xn--pckua2a7gp15o89zb.com/jb/40e7df8fc23df66e00b51ba1ec4c3793,True,4時間前,2026-09-19 04:16:10,愛知県
「未経験1年目600万円／定着率90%以上」「週3日勤務／正社員」タクシードライバー新着,建設・,愛知県,"月給47万6,600円",正社員,建設,求人ボックス,https://xn--pckua2a7gp15o89zb.com/jbn/14e61a9650705761b7e345758d601a2d,True,12時間前,2026-09-19 04:16:10,愛知県
夜間専属タクシードライバー／週3日勤務OK／異業種出身多数／未経験活躍中／土日祝休みあり新着,...以下のような経験をお持ちの方は特に歓迎します。・軽貨物ドライバー・ルート配送スタッフ・宅配ドライバー・タクシー運転手・大型トラックドライバー・フォークリフトオペレーター・,愛知県,"月給47万7,600円",正社員,建設,求人ボックス,https://xn--pckua2a7gp15o89zb.com/jbn/2fd0862d746512104828a0e8d5acbbc9,True,12時間前,2026-09-19 04:16:10,愛知県
夜勤タクシードライバー／未経験スタートOK／年2回のボーナス支給あり／資格取得支援制度あり新着,作業,愛知県,"月給45万6,000円",正社員,建設,求人ボックス,https://xn--pckua2a7gp15o89zb.com/jbn/5353d2e7702d5d9a41b19c2d6a4eeaeb,True,9時間前,2026-09-19 04:16:10,愛知県
「タクシードライバー」月内採用／夜勤／履歴書不要／月収50万円以上／正社員採用／社会保険完備新着,...以下のような経験をお持ちの方は特に歓迎します。・軽貨物ドライバー・ルート配送スタッフ・宅配ドライバー・タクシー運転手・大型トラックドライバー・フォークリフトオペレーター・,愛知県,"月給47万6,000円",正社員,建設,求人ボックス,https://xn--pckua2a7gp15o89zb.com/jbn/f0ef5f6d1f8a338a2ab252dad5f023ab,True,9時間前,2026-09-19 04:16:13,愛知県
「VIP送迎中心」夜勤タクシードライバー／年収600万円以上／賞与年2回新着,建設・,愛知県,"月給47万6,000円",正社員,建設,求人ボックス,https://xn--pckua2a7gp15o89zb.com/jbn/51e52e1c496d253fa3d8adce118f6ebf,True,9時間前,2026-09-19 04:16:13,愛知県
「正社員」週3勤務のタクシードライバー／未経験者活躍中／年収500万円以上可能／土日祝休み取得可新着,建設・,愛知県,"月給47万6,000円",正社員,建設,求人ボックス,https://xn--pckua2a7gp15o89zb.com/jbn/e7e767c8dfcd877730bb2c95401c82fb,True,9時間前,2026-09-19 04:16:13,愛知県
警備職 未経験可 サポート体制充実新着,株式会社レシーザ,愛知県,"日給1万1,000円",アルバイト・パート,建設,求人ボックス,https://xn--pckua2a7gp15o89zb.com/jb/45fd964bafb8956d174cb366373baa86,True,3時間前,2026-09-19 04:16:13,愛知県
タクシードライバー「週3勤務」資格取得支援あり／月収40万円以上／安定収入／転職回数不問新着,...以下のような経験をお持ちの方は特に歓迎します。・軽貨物ドライバー・ルート配送スタッフ・宅配ドライバー・タクシー運転手・大型トラックドライバー・フォークリフトオペレーター・,愛知県,"月給45万6,000円",正社員,建設,求人ボックス,https://xn--pckua2a7gp15o89zb.com/jbn/66a8e49db3692d4e9dadb63d42d1a088,True,9時間前,2026-09-19 04:16:13,愛知県
有給消化100%日払OK経験者歓迎の塗装職人新着,日置興業株式会社,愛知県,月給20万円,正社員,建設,求人ボックス,https://xn--pckua2a7gp15o89zb.com/jb/36ba1545d729028f0813a06380756657,True,3時間前,2026-09-19 04:16:13,愛知県
事務職／一般事務／ネイル・ピアス自由／産休育休あり／ワークライフバラン...新着,事務,愛知県,"月給22万3,000円",正社員,事務,求人ボックス,https://xn--pckua2a7gp15o89zb.com/jbn/d9ad3f5367dc495c41d4781898740223,True,5時間前,2026-09-19 04:15:45,愛知県
事務職／一般事務／駅近／有給休暇あり／20〜30代女性活躍中／社保完備新着,事務,愛知県,"月給22万5,000円",正社員,事務,求人ボックス,https://xn--pckua2a7gp15o89zb.com/jbn/88e468e585aab3b89315d04e39dc4efd,True,5時間前,2026-09-19 04:15:46,愛知県
未経験からオフィスワークデビュー!一般事務募集 土日祝休み新着,株式会社シスムエンジニアリング,愛知県,"時給1,350円",正社員,事務,求人ボックス,https://xn--pckua2a7gp15o89zb.com/jb/d829fdd83ba388a631c8314db979fe86,True,17時間前,2026-09-19 04:15:46,愛知県
「座って事務デビュー!」／一般事務／学歴不問／未経験OK／WEB面接相...新着,一般事務,愛知県,"月給28万9,000円",正社員,事務,求人ボックス,https://xn--pckua2a7gp15o89zb.com/jbn/cfa9dbed7bc0c40d26111ab89dba232b,True,11時間前,2026-09-19 04:15:46,愛知県
「座って事務デビュー!」／一般事務／寮相談可／WEB面接相談OK新着,一般事務,愛知県,"月給28万1,000円",正社員,事務,求人ボックス,https://xn--pckua2a7gp15o89zb.com/jbn/7fb5ae33eb1699b646b17d71dc5d13ec,True,10時間前,2026-09-19 04:15:49,愛知県
「大手企業でオフィスワークデビュー!」／一般事務／未経験95%新着,一般事務,愛知県,"月給25万6,000円",正社員,事務,求人ボックス,https://xn--pckua2a7gp15o89zb.com/jbn/0f7c63ee6427b132f17f66cdab21b895,True,8時間前,2026-09-19 04:15:53,愛知県
一般事務新着,株式会社C-clamp,愛知県,月給23万円～30万円,正社員,事務,求人ボックス,https://xn--pckua2a7gp15o89zb.com/jb/97fa25a588ef6fee6bcf2f3738547472,True,4時間前,2026-09-19 04:15:56,愛知県
「座って事務デビュー!」／一般事務／週休2日制／寮相談可／未経験OK新着,一般事務,愛知県,"月給26万3,000円",正社員,事務,求人ボックス,https://xn--pckua2a7gp15o89zb.com/jbn/2fcd755525173524fa59ba3402acd7de,True,11時間前,2026-09-19 04:16:00,愛知県
「落ち着いた環境で始めるオフィスワーク」／一般事務／経験不問／研修充実新着,一般事務,愛知県,月給27万円～33万円,正社員,事務,求人ボックス,https://xn--pckua2a7gp15o89zb.com/jbn/a2730498f977a28d7f67dba267a48495,True,13時間前,2026-09-19 04:16:00,愛知県
事務員／一般事務／未経験歓迎／リモート面接OK新着,日研トータルソーシング株式会社,愛知県,"時給1,400円～",派遣社員,事務,求人ボックス,https://xn--pckua2a7gp15o89zb.com/jbn/57824a7dcae54d87a6264170c35fc0cc,True,23時間前,2026-09-19 04:16:00,愛知県
「在宅可」未経験採用枠／一般事務／年間休日125日以上新着,一般事務,愛知県,"月給25万2,100円",正社員,事務,求人ボックス,https://xn--pckua2a7gp15o89zb.com/jbn/736c9f91f78151eddb3da4e067ee56c0,True,9時間前,2026-09-19 04:16:00,愛知県
20代活躍中!はじめてのオフィスワーク／一般事務／待遇面も安心新着,一般事務,愛知県,"月給28万6,000円",正社員,事務,求人ボックス,https://xn--pckua2a7gp15o89zb.com/jbn/7d2c323a706221ecbca528863304023d,True,8時間前,2026-09-19 04:16:03,愛知県
未経験からオフィスデビュー／一般事務／高収入を目指せる／No.672新着,一般事務,愛知県,"月給25万7,000円",正社員,事務,求人ボックス,https://xn--pckua2a7gp15o89zb.com/jbn/0646bcc1be6fa51b289a8d6f45f85f25,True,9時間前,2026-09-19 04:16:03,愛知県
「一つずつ覚えられる事務アシスタント」／一般事務／未経験OK新着,一般事務,愛知県,月給27万円～33万円,正社員,事務,求人ボックス,https://xn--pckua2a7gp15o89zb.com/jbn/94efffe307c8aa33580710b4557c3b19,True,13時間前,2026-09-19 04:16:07,愛知県
正社員デビュー応援／一般事務／オフィスワーク／未経験歓迎新着,一般事務,愛知県,"月給25万2,000円",正社員,事務,求人ボックス,https://xn--pckua2a7gp15o89zb.com/jbn/1f36d16c6256498d4e5f965ff6a3d3e6,True,14時間前,2026-09-19 04:16:07,愛知県
「研修ありで安心デビュー」／一般事務／オフィスワーク／未経験歓迎新着,一般事務,愛知県,"月給26万7,000円",正社員,事務,求人ボックス,https://xn--pckua2a7gp15o89zb.com/jbn/995d588301d0d918f1c2955581042614,True,14時間前,2026-09-19 04:16:10,愛知県
「未経験から人気の事務職へ!」旅行・レジャー関連企業の一般事務新着,一般事務,愛知県,"月給25万9,000円",正社員,事務,求人ボックス,https://xn--pckua2a7gp15o89zb.com/jbn/3c5acdf32f883819daaa66ba3fe96345,True,9時間前,2026-09-19 04:16:10,愛知県
「未経験から安定スタート」／一般事務／オフィスワーク／未経験歓迎新着,一般事務,愛知県,"月給26万4,000円",正社員,事務,求人ボックス,https://xn--pckua2a7gp15o89zb.com/jbn/20a04a5876b7afa5515afce852e193a8,True,14時間前,2026-09-19 04:16:13,愛知県
柔道整復師／ボディケア／スポーツ外傷／骨盤矯正／ヘッドスパ 施術者新着,合同会社BoneTech,愛知県,月給28万円～80万円,正社員,治療家,求人ボックス,https://xn--pckua2a7gp15o89zb.com/jb/ab8996794fd4091a4af84455e452ed58,True,4時間前,2026-09-19 04:16:17,愛知県
柔道整復師／フェイシャル／ボディケア／骨盤矯正 店長／J'sメディカル...新着,株式会社ジェーアンビシャス,愛知県,"月給25万4,400円",正社員,治療家,求人ボックス,https://xn--pckua2a7gp15o89zb.com/jb/be2c337083783cd0b3532318381507ec,True,2時間前,2026-09-19 04:16:17,愛知県
あん摩マッサージ指圧師新着,リハビリ型デイサービス タートルライフ JR稲沢...,愛知県,月給25万円,正社員,治療家,求人ボックス,https://xn--pckua2a7gp15o89zb.com/jb/348c6776623f543ac967616952bbec1f,True,3時間前,2026-09-19 04:16:17,愛知県
「役員タクシードライバー」週3日勤務／普通免許で未経験からスタート／月収50万円以上・ボーナス年2回新着,柔道整復師,愛知県,"月給47万6,000円",正社員,治療家,求人ボックス,https://xn--pckua2a7gp15o89zb.com/jbn/f3e8c2822b7b959b6b84570c2900f434,True,12時間前,2026-09-19 04:16:17,愛知県
タクシードライバー／「タレントやスポーツ選手等の送迎」週3日勤務／未経験OK・月収50万円以上新着,柔道整復師,愛知県,"月給40万4,000円",正社員,治療家,求人ボックス,https://xn--pckua2a7gp15o89zb.com/jbn/a11dc78dd2e3ee986dfa43ce9c6fcfc9,True,12時間前,2026-09-19 04:16:17,愛知県
「空港へのタクシードライバー」週3日勤務／普通免許で未経験OK／月収50万円以上・賞与2ヶ月分あり新着,柔道整復師,愛知県,"月給45万6,000円",正社員,治療家,求人ボックス,https://xn--pckua2a7gp15o89zb.com/jbn/2b81530c67e44cf18ec1fc5368e5be55,True,11時間前,2026-09-19 04:16:17,愛知県
著名人や企業役員のタクシードライバー「週3日勤務」未経験OK・月収40万円以上／ボーナス支給あり新着,柔道整復師,愛知県,"月給40万4,000円",正社員,治療家,求人ボックス,https://xn--pckua2a7gp15o89zb.com/jbn/f218509244f58351d27e9d8548795cad,True,12時間前,2026-09-19 04:16:18,愛知県
「タクシードライバー」月収50万以上・未経験歓迎／週3勤務・普通免許のみOK・ボーナス2回新着,柔道整復師,愛知県,"月給45万6,000円",正社員,治療家,求人ボックス,https://xn--pckua2a7gp15o89zb.com/jbn/89a78c68c955d6e5f439534e32846089,True,8時間前,2026-09-19 04:16:18,愛知県
「タクシードライバー・夜勤」月50万以上可・未経験歓迎／寮・社宅完備／普免のみOK・ボーナスあり新着,柔道整復師,愛知県,"月給45万6,000円",正社員,治療家,求人ボックス,https://xn--pckua2a7gp15o89zb.com/jbn/53d8c0fffcddd92f7508ab586b2e4446,True,8時間前,2026-09-19 04:16:18,愛知県
タレント・芸能・観光客のタクシードライバー「週3日勤務」賞与年2回／初年度から月収50万円以上新着,...未経験からでも安心してプロドライバーを目指せる環境です。 【その他特徴】<前職例>製造/工場/ライン作業/生產管理/設備保全/製鋼/溶接クレーン・玉掛/金属加工/板金加工/板金塗装/警備員機械・,愛知県,"月給45万6,000円",正社員,治療家,求人ボックス,https://xn--pckua2a7gp15o89zb.com/jbn/844a7ec4afacd91b5e382ea15e6d6510,True,11時間前,2026-09-19 04:16:18,愛知県
「週3日勤務」普通免許でスタートできる役員タクシードライバー／週の残り4日はすべてあなたの自由時間新着,...キャリアアップも全面的にバックアップします。 【その他概要】<前職例>製造/工場/ライン作業/生產管理/設備保全/製鋼/溶接クレーン・玉掛/金属加工/板金加工/板金塗装/警備員機械・電気/倉庫内,愛知県,"月給47万6,000円",正社員,治療家,求人ボックス,https://xn--pckua2a7gp15o89zb.com/jbn/5d9e8acdd65ec034d27362c0ca3f64ee,True,12時間前,2026-09-19 04:16:18,愛知県
機能訓練指導員「パート・アルバイト」／そよ風公式新着,株式会社SOYOKAZE,愛知県,"時給1,600円～1,800円",アルバイト・パート,治療家,求人ボックス,https://xn--pckua2a7gp15o89zb.com/jb/aecb008fb9c1d0206dafa9223e1dd642,True,2時間前,2026-09-19 04:16:22,愛知県
スポーツインストラクター新着,株式会社nobitel,愛知県,"時給1,231円～",アルバイト・パート,治療家,求人ボックス,https://xn--pckua2a7gp15o89zb.com/jb/55922ba45158990d7b30722cba975969,True,47分前,2026-09-19 04:16:22,愛知県
経理事務スタッフ 税務会計事務所勤務 完全週休2日制 柔軟な勤務体系新着,株式会社ハーモネット,愛知県,"時給1,400円～1,500円",派遣社員,経理,求人ボックス,https://xn--pckua2a7gp15o89zb.com/jb/b6b969084d3c5b623de0811d9ea5858c,True,3時間前,2026-09-19 04:16:12,愛知県
「丁寧なサポートで始めるオフィスワーク」／経理事務／経験不問新着,経理,愛知県,月給27万円～33万円,正社員,経理,求人ボックス,https://xn--pckua2a7gp15o89zb.com/jbn/47bd0c9c8ad5ee0f9beca2f512261a59,True,12時間前,2026-09-19 04:16:12,愛知県
「月給30万円以上も可能な事務職」／経理事務／未経験OK／サポート体制...新着,経理,愛知県,月給30万円,正社員,経理,求人ボックス,https://xn--pckua2a7gp15o89zb.com/jbn/e3d7b24f6e2f5548b46e9449ae62c351,True,15時間前,2026-09-19 04:16:12,愛知県
経理事務／東山公園駅徒歩1分／賞与3.5ヶ月実績!業界経験不問新着,医療法人順秀会,愛知県,月給20万円～32万円,正社員,経理,求人ボックス,https://xn--pckua2a7gp15o89zb.com/jb/7980e8d23e7c93ccf246c89e90328d4a,True,12時間前,2026-09-19 04:16:12,愛知県
「未経験からバックオフィスに挑戦」／経理事務／丁寧な研修あり／長期安定新着,経理,愛知県,月給25万円～30万円,正社員,経理,求人ボックス,https://xn--pckua2a7gp15o89zb.com/jbn/6c6645f943961fde760e7e403a4b75e3,True,15時間前,2026-09-19 04:16:12,愛知県
経理事務／未経験歓迎／サポート体制充実／長期安定／福利厚生充実新着,経理,愛知県,月給25万円～30万円,正社員,経理,求人ボックス,https://xn--pckua2a7gp15o89zb.com/jbn/5ca0024d249f83f52100a64107fc576b,True,15時間前,2026-09-19 04:16:17,愛知県
「月給30万円も実現可能」／経理事務／未経験歓迎／サポート体制充実新着,経理,愛知県,月給30万円,正社員,経理,求人ボックス,https://xn--pckua2a7gp15o89zb.com/jbn/8426bafc3b0456dba5fa1322a44508c0,True,15時間前,2026-09-19 04:16:17,愛知県
「事務職デビューをスムーズに」／経理事務／未経験OK／安定勤務新着,経理,愛知県,月給25万円～30万円,正社員,経理,求人ボックス,https://xn--pckua2a7gp15o89zb.com/jbn/2593e4594e2ade768774b3e0263b4568,True,15時間前,2026-09-19 04:16:17,愛知県
「数字を入力するだけ!」／経理事務／未経験OK／丁寧な研修あり新着,経理,愛知県,月給25万円～30万円,正社員,経理,求人ボックス,https://xn--pckua2a7gp15o89zb.com/jbn/7e1018d5c804e4d4ff947cc111ad14df,True,15時間前,2026-09-19 04:16:19,愛知県
「長期的に活躍できる事務ワーク」／経理事務／経験不問／サポート体制あり新着,経理,愛知県,月給25万円～30万円,正社員,経理,求人ボックス,https://xn--pckua2a7gp15o89zb.com/jbn/d929b355572518637e1bdfed3a07aaab,True,12時間前,2026-09-19 04:16:19,愛知県
「大手企業の数字まわりを支える!」／経理事務／未経験95%／未経験歓迎新着,経理,愛知県,"月給25万6,900円",正社員,経理,求人ボックス,https://xn--pckua2a7gp15o89zb.com/jbn/27e48eb3cb2be7b3de3750d9061c74c6,True,8時間前,2026-09-19 04:16:19,愛知県
「落ち着いた環境で長く働ける事務職」／経理事務／未経験OK／安定基盤新着,事務,愛知県,月給25万円～30万円,正社員,経理,求人ボックス,https://xn--pckua2a7gp15o89zb.com/jbn/5220f464c543144136d246bd08485a78,True,12時間前,2026-09-19 04:16:19,愛知県
「マニュアル完備で始めやすい事務」／経理事務／未経験OK／マニュアル完...新着,経理,愛知県,月給27万円～33万円,正社員,経理,求人ボックス,https://xn--pckua2a7gp15o89zb.com/jbn/aee5ab5737ed845f4749e63cf7c3edae,True,12時間前,2026-09-19 04:16:23,愛知県
「丁寧なサポートで始めるオフィスワーク」／経理事務／未経験から可新着,経理,愛知県,月給25万円～30万円,正社員,経理,求人ボックス,https://xn--pckua2a7gp15o89zb.com/jbn/2bcaf208ff0600f3c5fc3f6f7459d943,True,12時間前,2026-09-19 04:16:23,愛知県
「腰を据えて働きたい方へ」／経理事務／未経験歓迎／長期安定新着,経理,愛知県,月給27万円～33万円,正社員,経理,求人ボックス,https://xn--pckua2a7gp15o89zb.com/jbn/2e87c75113f3bdc9185e88f892df595d,True,12時間前,2026-09-19 04:16:23,愛知県
「丁寧なサポートで始めるオフィスワーク」／経理事務／未経験歓迎新着,経理,愛知県,月給25万円～30万円,正社員,経理,求人ボックス,https://xn--pckua2a7gp15o89zb.com/jbn/41fa7f7afb6fea131db6742739d4287c,True,12時間前,2026-09-19 04:16:23,愛知県
経理事務+ 一般事務新着,株式会社リクルートスタッフィング,愛知県,"時給1,750円～",派遣社員,経理,求人ボックス,https://xn--pckua2a7gp15o89zb.com/jb/c77354836dbe352647efca024237677a,True,19時間前,2026-09-19 04:16:23,愛知県
「バイク専門店の経理事務」高時給／時間が選べる週4日～OK未経験スター...新着,ジェイ・ネクスト株式会社／NS-02 3N260...,愛知県,"時給1,400円～",派遣社員,経理,求人ボックス,https://xn--pckua2a7gp15o89zb.com/jb/18bba3cafc9f6b88d6e3ea78ade13759,True,22時間前,2026-09-19 04:16:23,愛知県
スピード選考で早めに働ける／経理サポート事務／オフィスワーク新着,経理,愛知県,"月給32万5,000円",正社員,経理,求人ボックス,https://xn--pckua2a7gp15o89zb.com/jbn/5f8dac3e824db34d353c71ba52561d29,True,5時間前,2026-09-19 04:16:27,愛知県
ネイルOKで自分らしく働ける／経理サポート事務／未経験から安定スタート新着,経理,愛知県,"月給31万3,000円",正社員,経理,求人ボックス,https://xn--pckua2a7gp15o89zb.com/jbn/39757802615c115e73573fbc72ea1cec,True,9時間前,2026-09-19 04:16:27,愛知県
扶養内で会計事務デビュー!経理経験+簿記3級ある方の募集!新着,エンプロ株式会社,愛知県,"時給1,600円",アルバイト・パート,経理,求人ボックス,https://xn--pckua2a7gp15o89zb.com/jb/dbd472b16f7fe8bc16a3b021bd82f031,True,16時間前,2026-09-19 04:16:27,愛知県
PC入力から始める安心ワーク／経理サポート事務／高収入を目指せる新着,経理,愛知県,"月給28万2,000円",正社員,経理,求人ボックス,https://xn--pckua2a7gp15o89zb.com/jbn/3c325f74584e5e4d17c65ba5c2e3b586,True,9時間前,2026-09-19 04:16:27,愛知県
経理事務スタッフ新着,株式会社ホットスタッフ豊田,愛知県,"時給1,450円",派遣社員,経理,求人ボックス,https://xn--pckua2a7gp15o89zb.com/jb/146569a3aa66871bf25b96cbe2df3a67,True,10時間前,2026-09-19 04:16:31,愛知県
同期と一緒にスタートしやすい／経理サポート事務／長く安定して働ける新着,経理,愛知県,"月給31万5,000円",正社員,経理,求人ボックス,https://xn--pckua2a7gp15o89zb.com/jbn/9f47eee39f4ff2eb7ed2de8fb6d78571,True,9時間前,2026-09-19 04:16:31,愛知県
「オフィスワークへキャリアチェンジ!」ゲーム・エンタメ企業の経理サポー...新着,経理,愛知県,"月給26万2,000円",正社員,経理,求人ボックス,https://xn--pckua2a7gp15o89zb.com/jbn/7c05f3656ae063a05dbdd3a8059bbd8e,True,9時間前,2026-09-19 04:16:34,愛知県
「服装自由度の高いオフィスワーク!」住宅・インテリア関連企業の経理サポ...新着,経理,愛知県,"月給26万9,000円",正社員,経理,求人ボックス,https://xn--pckua2a7gp15o89zb.com/jbn/3e8c4b61b1e39b2a2c23e4a09a063b73,True,8時間前,2026-09-19 04:16:34,愛知県
経理業務／経理事務 月収30万円↑&残業少なめで収入と働きやすさを両立新着,株式会社アヴァンティスタッフ,愛知県,"時給1,800円",派遣社員,経理,求人ボックス,https://xn--pckua2a7gp15o89zb.com/jb/89940556f0fb958ad1f9b06cb5cd075d,True,23時間前,2026-09-19 04:16:36,愛知県
大手グループで経理事務新着,マンパワーグループ株式会社,愛知県,"時給1,500円",派遣社員,経理,求人ボックス,https://xn--pckua2a7gp15o89zb.com/jb/782816f80e49ffe759fe8b26a646c136,True,7時間前,2026-09-19 04:16:36,愛知県
メーカーで経理事務新着,ヒューマンリソシア株式会社,愛知県,"時給1,600円",派遣社員,経理,求人ボックス,https://xn--pckua2a7gp15o89zb.com/jb/92a18211fa88465db938030c76efee76,True,8時間前,2026-09-19 04:16:40,愛知県
仕訳入力などの経理事務／第二新卒OK・土日祝休み新着,株式会社ジンキャスト,愛知県,月給20万円～25万円,正社員,経理,求人ボックス,https://xn--pckua2a7gp15o89zb.com/jb/a20cfb286d220b6f18a4e1b39ce13c07,True,13時間前,2026-09-19 04:16:40,愛知県
経理・財務 ／ 一般事務・OA事務／週2在宅あり!本社経理新着,パーソルテンプスタッフ株式会社,愛知県,"時給1,600円",派遣社員,経理,求人ボックス,https://xn--pckua2a7gp15o89zb.com/jb/1d2e9d2d2d42231bf02c04c9d076c883,True,17時間前,2026-09-19 04:16:40,愛知県
一般事務・経理・総務スタッフ／先輩が丁寧にサポート／経理・総務サポート新着,株式会社ワールドサービス刈谷,愛知県,"時給1,550円～",派遣社員,経理,求人ボックス,https://xn--pckua2a7gp15o89zb.com/jbn/2d150130fe2bd5e640613a1d145833b2,True,23時間前,2026-09-19 04:16:40,愛知県
「外来看護師・正社員」年間休日120日以上! 週休2.5日制 賞与新着,医療法人沿志会,愛知県,"月給27万1,300円",正社員,看護,求人ボックス,https://xn--pckua2a7gp15o89zb.com/jb/e2b9ed092da62d54d5d0c0a0948afb79,True,6時間前,2026-09-19 04:16:16,愛知県
リハビリクリニックの准看護師 ブランク可 日勤のみ 未経験可新着,医療法人ACT,愛知県,"月給22万5,000円",正社員,看護,求人ボックス,https://xn--pckua2a7gp15o89zb.com/jb/8bd2fa4e9058058ea51430b4babf6246,True,4時間前,2026-09-19 04:16:16,愛知県
暮らしのそばで安心を支える施設看護／住宅型有料老人ホームの看護師新着,株式会社レガート,愛知県,月給30万円～,正社員,看護,求人ボックス,https://xn--pckua2a7gp15o89zb.com/jb/ab5aa544b54622736b572e1b228d199a,True,6時間前,2026-09-19 04:16:17,愛知県
デイサービスの看護師新着,看護師,愛知県,"時給1,650円～",アルバイト・パート,看護,求人ボックス,https://xn--pckua2a7gp15o89zb.com/jb/0220d1f7aa147618e6624eaf1fdeee16,True,9時間前,2026-09-19 04:16:17,愛知県
社会保険完備の職場で看護師／准看護師新着,訪問看護なかひら よもぎ台,愛知県,月給32万円～,正社員,看護,求人ボックス,https://xn--pckua2a7gp15o89zb.com/jb/4c89d4c736f79e68aa8cfdfd10ad0998,True,6時間前,2026-09-19 04:16:17,愛知県
障がい者グループホームでの「看護師」業務／月2勤務／1勤務実働2時間程...新着,株式会社Grace訪問看護ステーションブロッサム,愛知県,"時給2,500円",アルバイト・パート,看護,求人ボックス,https://xn--pckua2a7gp15o89zb.com/jb/220e1966d4a31cb7eb489e8ceb3af6c7,True,8時間前,2026-09-19 04:16:21,愛知県
診療所・クリニックの看護師／准看護師新着,栄メンタルクリニック,愛知県,"時給1,750円～",アルバイト・パート,看護,求人ボックス,https://xn--pckua2a7gp15o89zb.com/jb/3bb18671678d0151a670c451054f79c4,True,6時間前,2026-09-19 04:16:21,愛知県
看護スタッフ・社会保険完備の職場で看護師／准看護師新着,あすなろデイサービス,愛知県,"時給1,400円～1,450円",アルバイト・パート,看護,求人ボックス,https://xn--pckua2a7gp15o89zb.com/jb/4872c7fc3e2e94c953965732340f9870,True,6時間前,2026-09-19 04:16:26,愛知県
訪問看護師 完全週休2日制 ブランク可新着,株式会社メディカル・ライフアップ,愛知県,月給35万円～46万,正社員,看護,求人ボックス,https://xn--pckua2a7gp15o89zb.com/jb/46ad710a87cc7c606d5e6c4d5b342019,True,4時間前,2026-09-19 04:16:26,愛知県
社会保険完備の職場で看護師／准看護師新着,アイシア吹上,愛知県,"時給1,614円～1,714円",アルバイト・パート,看護,求人ボックス,https://xn--pckua2a7gp15o89zb.com/jb/764f1f379ad1cb1b7ebffc525237794f,True,6時間前,2026-09-19 04:16:30,愛知県
訪問看護師 住宅型有料老人ホーム新着,有限会社フタバメイト,愛知県,"月給34万5,000円",正社員,看護,求人ボックス,https://xn--pckua2a7gp15o89zb.com/jb/1bef53c6e7bcc1dfddaa5881a36a8772,True,3時間前,2026-09-19 04:16:30,愛知県
看護師新着,訪問看護ピーチ,愛知県,月給40万円～,正社員,看護,求人ボックス,https://xn--pckua2a7gp15o89zb.com/jb/c3c8f959bcde34a30baaffc120d92282,True,12時間前,2026-09-19 04:16:30,愛知県
施設内の訪問看護師・社会保険完備の職場で看護師／准看護師新着,スマイルケアハウス,愛知県,月給35万円～50万円,正社員,看護,求人ボックス,https://xn--pckua2a7gp15o89zb.com/jb/6bd91c42ab53c35aedefd3e29fa91c45,True,6時間前,2026-09-19 04:16:33,愛知県
介護施設の看護師／准看護師新着,そんぽの家 神沢,愛知県,"月給25万8,300円",正社員,看護,求人ボックス,https://xn--pckua2a7gp15o89zb.com/jb/8aa27b94b7665a8c9cc9348b536448af,True,6時間前,2026-09-19 04:16:33,愛知県
デイサービス看護師・社会保険完備の職場で看護師／准看護師新着,一宮西病院,愛知県,"時給1,400円",アルバイト・パート,看護,求人ボックス,https://xn--pckua2a7gp15o89zb.com/jb/f7e9edf6821d5b46f65800df6288041c,True,6時間前,2026-09-19 04:16:35,愛知県
診療所・クリニックの看護師／准看護師新着,千田クリニック,愛知県,"時給1,650円～1,750円",アルバイト・パート,看護,求人ボックス,https://xn--pckua2a7gp15o89zb.com/jb/afeaaec1fc1f55dad2e301700042bb80,True,6時間前,2026-09-19 04:16:35,愛知県
ベビーシッター・看護師／准看護師募集、年齢不問新着,オフィス・パレット株式会社,愛知県,"時給1,200円～1,250円",アルバイト・パート,看護,求人ボックス,https://xn--pckua2a7gp15o89zb.com/jb/1ce1c0ffc05e5f645c20e5d9aed38c3d,True,6時間前,2026-09-19 04:16:38,愛知県
社会保険完備の職場で看護師／准看護師新着,そんぽの家 星崎,愛知県,"月給25万8,300円",正社員,看護,求人ボックス,https://xn--pckua2a7gp15o89zb.com/jb/9a1a53eba66226f323d83ee9690f3a1a,True,7時間前,2026-09-19 04:16:38,愛知県
准看護師／老人保健施設ケア・サポート新茶屋新着,医療法人偕行会,愛知県,"時給1,150円～1,410円",アルバイト・パート,看護,求人ボックス,https://xn--pckua2a7gp15o89zb.com/jb/2acf7d11b8968e6abd4e879174f445e7,True,5時間前,2026-09-19 04:16:41,愛知県
短時間看護師／正看護師必須／健康管理／身体介助ほぼなし／週2日～新着,社会福祉法人紫水会 オーネスト名西,愛知県,"時給1,430円～1,730円",アルバイト・パート,看護,求人ボックス,https://xn--pckua2a7gp15o89zb.com/jb/611e440c5e110adf8a405e1c53e2284f,True,2時間前,2026-09-19 04:16:41,愛知県
看護師パート／1日6h&週3日程度／土日祝休み／時給1570円～167...新着,社会福祉法人豊田市福祉事業団,愛知県,時給1570円～167,アルバイト・パート,看護,求人ボックス,https://xn--pckua2a7gp15o89zb.com/jb/cdcc81f13c2c4e72b8a31649eee7f15c,True,2時間前,2026-09-19 04:16:41,愛知県
正看護師・准看護師／病棟 日勤のみ新着,医療法人福友会,愛知県,"時給1,600円～",アルバイト・パート,看護,求人ボックス,https://xn--pckua2a7gp15o89zb.com/jb/fe7cc79908e3acb5eb9bef6e213cb1a2,True,7時間前,2026-09-19 04:16:41,愛知県
デイサービスの看護師・准看護師新着,株式会社フォーリーフ デイサービス ケ・セラ・セラ,愛知県,"時給1,600円～1,800円",アルバイト・パート,看護,求人ボックス,https://xn--pckua2a7gp15o89zb.com/jb/021cbab3106676b25346ba4f4fdec17e,True,18時間前,2026-09-19 04:16:44,愛知県
「毎日帰れる近距離ルート配送」近距離の大型トラックドライバー新着,司東海株式会社,愛知県,月給27万円～30万円,正社員,ドライバー,求人ボックス,https://xn--pckua2a7gp15o89zb.com/jbn/c66e8ac160fc658a26e448f027bb253a,True,23時間前,2026-09-19 04:16:39,愛知県
「賞与年2回×毎日帰れる地場便」近距離の大型トラックドライバー新着,司企業株式会社第二業務室,愛知県,"日給1万7,500円",正社員,ドライバー,求人ボックス,https://xn--pckua2a7gp15o89zb.com/jbn/a8cfaacfa2ed09a7c90a9d6a3be9f69b,True,23時間前,2026-09-19 04:16:40,愛知県
タクシードライバー「週3勤務」月収50万以上可／普通免許1年でOK新着,<関連職種>役員運転手/送迎,愛知県,"月給40万4,000円",正社員,ドライバー,求人ボックス,https://xn--pckua2a7gp15o89zb.com/jbn/280b5c898329fd60d17336df90364a74,True,9時間前,2026-09-19 04:16:40,愛知県
タクシードライバー／「経営者の専属運転手」月収50万以上・週3勤務新着,ドライバー,愛知県,"月給40万4,000円",正社員,ドライバー,求人ボックス,https://xn--pckua2a7gp15o89zb.com/jbn/f16212f4c5ad2f86c360a8cb6e94602a,True,9時間前,2026-09-19 04:16:43,愛知県
日払い可能!小型の配送ドライバー／運べば運ぶほど稼げる 面接1回新着,Jルート株式会社,愛知県,月給50万円～100万円,,ドライバー,求人ボックス,https://xn--pckua2a7gp15o89zb.com/jb/e3e52eda01ab9c41e0e22604a090bb7c,True,9時間前,2026-09-19 04:16:43,愛知県
大型トラックドライバー新着,朝日急配株式会社,愛知県,月給32万円～43万円,正社員,ドライバー,求人ボックス,https://xn--pckua2a7gp15o89zb.com/jb/5f65cf1257cd0b7817da67a6f6c4e09c,True,18時間前,2026-09-19 04:16:45,愛知県
軽自動車での固定配送ドライバー新着,有限会社富士物流,愛知県,月給25万円～,,ドライバー,求人ボックス,https://xn--pckua2a7gp15o89zb.com/jb/54029dbdc8143196211563f684192ebb,True,18時間前,2026-09-19 04:16:45,愛知県
「夜勤・タクシードライバー」月収50万以上・履歴書不要／普通免許でOK新着,ドライバー,愛知県,"月給40万4,000円",正社員,ドライバー,求人ボックス,https://xn--pckua2a7gp15o89zb.com/jbn/4d0ebd4e6230aecf8fe28efbec45a9f9,True,9時間前,2026-09-19 04:16:48,愛知県
「異業種からの転職歓迎」タクシードライバー／週3勤務／月収50万以上新着,経験を活かして始められる,愛知県,"月給45万6,000円",正社員,ドライバー,求人ボックス,https://xn--pckua2a7gp15o89zb.com/jbn/4e20b532238c1df423cf12f8e7634601,True,9時間前,2026-09-19 04:16:52,愛知県
日払い可能!慣れたら月収100万可能 軽貨物の配送ドライバー新着,JCSロジスコ株式会社,愛知県,月給45万円～100万円,,ドライバー,求人ボックス,https://xn--pckua2a7gp15o89zb.com/jb/a44f91f0e57553d530a8e5b9205eaffd,True,10時間前,2026-09-19 04:16:55,愛知県
タクシードライバー「VIP対応・通勤・会食」タクシードライバー未経験O...新着,1VIP,愛知県,"月給40万4,000円",正社員,ドライバー,求人ボックス,https://xn--pckua2a7gp15o89zb.com/jbn/64fadb5c121f3cf20b81480af589dcb5,True,9時間前,2026-09-19 04:16:59,愛知県
「週3日勤務」芸能関係のタクシードライバー／普通免許でOK新着,ドライバー,愛知県,"月給47万6,000円",正社員,ドライバー,求人ボックス,https://xn--pckua2a7gp15o89zb.com/jbn/4de1a72ac323fae10b0f3ab15b87237a,True,12時間前,2026-09-19 04:17:03,愛知県
警備員新着,ジャパンガード株式会社,愛知県,"日給1万1,000円",正社員,警備,求人ボックス,https://xn--pckua2a7gp15o89zb.com/jb/09cad7209fdefb1298787e301002467b,True,12時間前,2026-09-19 04:16:44,愛知県
「愛知県勤務」交通誘導／待遇に自信あり／引っ越しサポートあり・日払い週払い可新着,セキュリティスタッフ株式会社,愛知県勤務」交通誘導／待遇に自信あり／引っ越しサポートあり・日払い週払い可,月給24万円～26万円,正社員,警備,求人ボックス,https://xn--pckua2a7gp15o89zb.com/jb/acf78e3f67929a7241d365698cd7a490,True,3時間前,2026-09-19 04:16:44,愛知県
名古屋港エリアの公共大型レジャー施設の警備スタッフ新着,インターナショナルガード株式会社,愛知県,"日給1万9,000円",アルバイト・パート,警備,求人ボックス,https://xn--pckua2a7gp15o89zb.com/jb/847b0339c64de3945caa0ba2dc632bec,True,21時間前,2026-09-19 04:16:44,愛知県
名古屋市千種区エリアでお仕事したいあなたに!履歴書不要!「国際スポーツ大会選手関係者の入場パス確認」...新着,株式会社ディンプル,愛知県,"時給1,500円～1,875円",契約社員,警備,求人ボックス,https://xn--pckua2a7gp15o89zb.com/jb/5e128bab418f9db610a2cb5c9aacceca,True,10時間前,2026-09-19 04:16:44,愛知県
送迎運転手「普通免許のみ」／年収600万円以上／ドライバー／未経験でも高収入／予約が中心新着,...チームワークを大切にしながら現場をまとめるお仕事です。「コツコツ取り組む仕事が好き」「スケジュール通りに進めると達成感がある」という行動力のある方を募集しています。倉庫軽作業、配送ドライバー、,愛知県,月給50万円～80万円,正社員,警備,求人ボックス,https://xn--pckua2a7gp15o89zb.com/jbn/140bba4ace0f297245bbff8df82a6d44,True,9時間前,2026-09-19 04:16:45,愛知県
専属ドライバー「普通免許のみ」／年収600万円以上／未経験でも高収入／タクシードライバー／予約が中心新着,...チームワークを大切にしながら現場をまとめるお仕事です。「コツコツ取り組む仕事が好き」「スケジュール通りに進めると達成感がある」という行動力のある方を募集しています。倉庫軽作業、配送ドライバー、,愛知県,月給50万円～80万円,正社員,警備,求人ボックス,https://xn--pckua2a7gp15o89zb.com/jbn/55ce5459df46157da90d8d441fc36471,True,9時間前,2026-09-19 04:16:45,愛知県
「高収入」タクシー乗務員「普通免許のみ」／予約が中心／年収600万円以上／ドライバー新着,...チームワークを大切にしながら現場をまとめるお仕事です。「コツコツ取り組む仕事が好き」「スケジュール通りに進めると達成感がある」という行動力のある方を募集しています。倉庫軽作業、配送ドライバー、,愛知県,月給45万円～80万円,正社員,警備,求人ボックス,https://xn--pckua2a7gp15o89zb.com/jbn/84a2ba2fdc7ecf966bc52e30c0a1ad89,True,9時間前,2026-09-19 04:16:45,愛知県
街の交通誘導アシスタント 直行直帰可新着,高春株式会社,愛知県,日給1万円～1万,アルバイト・パート,警備,求人ボックス,https://xn--pckua2a7gp15o89zb.com/jb/d2b52a6ecf1534329f75c07c3e9cd227,True,4時間前,2026-09-19 04:16:45,愛知県
「著名人のタクシードライバー」未経験OK・月収50万円以上／週3日勤務／20代～50代が多数活躍中新着,警備員,愛知県,"月給40万4,000円",正社員,警備,求人ボックス,https://xn--pckua2a7gp15o89zb.com/jbn/0f6b698a17bfeb879a556549b14625c6,True,12時間前,2026-09-19 04:16:45,愛知県
「夜勤・タクシードライバー」急募／月収50万以上・20代活躍中／普通免許でOK新着,警備員,愛知県,"月給45万6,000円",正社員,警備,求人ボックス,https://xn--pckua2a7gp15o89zb.com/jbn/ec50faa311ce7e8a2a07f1544fa510ce,True,8時間前,2026-09-19 04:16:48,愛知県
「夜勤・アプリ配車タクシードライバー」二種免許不要／月収40万以上／未経験歓迎新着,警備員,愛知県,"月給47万6,000円",正社員,警備,求人ボックス,https://xn--pckua2a7gp15o89zb.com/jbn/779a67a87b2d91f8ad977dd91b42df00,True,9時間前,2026-09-19 04:16:48,愛知県
「夜勤・空港タクシードライバー」月収50万以上・ボーナスあり／普通免許のみOK新着,警備員,愛知県,"月給45万6,000円",正社員,警備,求人ボックス,https://xn--pckua2a7gp15o89zb.com/jbn/01300442f81e4a9512a526e5cb998058,True,8時間前,2026-09-19 04:16:48,愛知県
「アプリ配車タクシードライバー・週3勤務」20代活躍中／月収40万以上／普通免許でOK新着,警備員,愛知県,"月給45万6,000円",正社員,警備,求人ボックス,https://xn--pckua2a7gp15o89zb.com/jbn/6557c72e7a44846c85fb06568dbc365d,True,8時間前,2026-09-19 04:16:51,愛知県
タクシードライバー／「経営者の専属運転手」月収50万以上・週3勤務／普通免許のみOK新着,警備員,愛知県,"月給45万6,000円",正社員,警備,求人ボックス,https://xn--pckua2a7gp15o89zb.com/jbn/a2f7f01e2685d6f47f06da7e16df280e,True,9時間前,2026-09-19 04:16:51,愛知県
「タクシードライバー・定期送迎」月収50万以上・未経験歓迎・普通免許のみOK・ボーナスあり新着,警備員,愛知県,"月給40万4,000円",正社員,警備,求人ボックス,https://xn--pckua2a7gp15o89zb.com/jbn/81b9bfa42acf71bcb13743da6476cd76,True,9時間前,2026-09-19 04:16:51,愛知県
「夜勤」著名人やモデル・タレントのタクシードライバー／学歴不問・普通免許でOK／資格取得支援あり新着,警備員,愛知県,"月給40万4,000円",正社員,警備,求人ボックス,https://xn--pckua2a7gp15o89zb.com/jbn/b78e25a3a32f9e8839f5b3c0d4dd1ce5,True,12時間前,2026-09-19 04:16:51,愛知県
アルファードでの夜間タクシードライバー／VIP・著名人対応あり／AT限定OK／接客経験を活かせる新着,警備員,愛知県,"月給40万4,000円",正社員,警備,求人ボックス,https://xn--pckua2a7gp15o89zb.com/jbn/a3b35e7a8d22db3f1b359446853e551d,True,9時間前,2026-09-19 04:16:54,愛知県
普通免許から始めるタクシードライバー／二種免許取得支援あり／役員・VIP・予約送迎／賞与あり新着,フードデリバリー配達員/宅配便ドライバールート配送ドライバー(飲料・食品)...(前職:フードデリバリー配達員/25歳男性) 福利厚生 ・社会保険完備(厚生年金・健康保険・雇用保険・労災)...,愛知県,"月給45万6,000円",正社員,警備,求人ボックス,https://xn--pckua2a7gp15o89zb.com/jbn/f71d5d65ae8ad40796bf54af196b928c,True,9時間前,2026-09-19 04:16:54,愛知県
「タクシードライバー」二種免不要／週3勤務／安定収入／ボーナス年2回／若手活躍中／安心の正社員雇用新着,警備員,愛知県,"月給45万6,000円",正社員,警備,求人ボックス,https://xn--pckua2a7gp15o89zb.com/jbn/fd610ca6ae491ab936146636af23881d,True,9時間前,2026-09-19 04:16:54,愛知県
週3勤務のタクシードライバー／普通免許だけで応募OK／予約中心で落ち着いて働ける／賞与年2回新着,警備員,愛知県,"月給47万7,000円",正社員,警備,求人ボックス,https://xn--pckua2a7gp15o89zb.com/jbn/b018504f75cf7fe4a0cef1283f42857a,True,10時間前,2026-09-19 04:17:01,愛知県
週3勤務のタクシードライバー／普通免許OK／未経験から正社員へ／履歴書不要／賞与年2回新着,警備員,愛知県,"月給47万7,000円",正社員,警備,求人ボックス,https://xn--pckua2a7gp15o89zb.com/jbn/95c2c8e52ee995baaeb15896e4d3b71a,True,10時間前,2026-09-19 04:17:01,愛知県
「週3日勤務」普通免許でスタートできる役員タクシードライバー／週の残り4日はすべてあなたの自由時間新着,...二種免許取得費用は全額会社負担!キャリアアップも全面的にバックアップします。 【その他概要】<前職例>製造/工場/ライン作業/生產管理/設備保全/製鋼/溶接クレーン・玉掛/金属加工/板金加工/板,愛知県,"月給45万6,000円",正社員,警備,求人ボックス,https://xn--pckua2a7gp15o89zb.com/jbn/4c58d30c6472f940b32b721b0e7bc93d,True,11時間前,2026-09-19 04:17:05,愛知県
役員・VIPタクシードライバー／普通免許OK／年収600万円以上も可／履歴書不要／退職金制度あり新着,警備員,愛知県,"月給40万4,000円",正社員,警備,求人ボックス,https://xn--pckua2a7gp15o89zb.com/jbn/b5e24268637829456bc4518b97b2d792,True,9時間前,2026-09-19 04:17:05,愛知県
「社会保険完備・福利厚生充実」タクシードライバー／夜勤／学歴不問／ボーナス年2回／空港送迎／会食送迎新着,警備員,愛知県,"月給45万6,000円",正社員,警備,求人ボックス,https://xn--pckua2a7gp15o89zb.com/jbn/388a90f21365ef199cf608774f4dcdaa,True,8時間前,2026-09-19 04:17:08,愛知県
寮完備・月収30万円 電子部品系工場での検査・検品 日勤・20-40代活躍中新着,株式会社ニッコー,愛知県,"時給1,450円～",正社員,警備,求人ボックス,https://xn--pckua2a7gp15o89zb.com/jb/4e2a17b12dc9c3b38df4119707f1482c,True,4時間前,2026-09-19 04:17:12,愛知県
顧客と現場をつなぐ営業×人材コーディネーター 基本土日祝休 年休120日新着,東三警備株式会社,愛知県,年収300万円～420万円,正社員,警備,求人ボックス,https://xn--pckua2a7gp15o89zb.com/jb/e01d64c85bcf23a3add3b7aff9b6f545,True,7時間前,2026-09-19 04:17:12,愛知県
一般事務・OA事務 ／ データエントリー業務 ／即開始できる新着,パーソルテンプスタッフ株式会社,愛知県,"時給1,600円",派遣社員,警備,求人ボックス,https://xn--pckua2a7gp15o89zb.com/jb/18aeed043017eecd7bfdf1b7ffb2013b,True,13時間前,2026-09-19 04:17:12,愛知県
店舗販売用のパン製造スタッフ 完全週休二日制・履歴書不要新着,Mr.BUFFET,愛知県,"月給27万5,000円",正社員,製造,求人ボックス,https://xn--pckua2a7gp15o89zb.com/jb/f68f60bba6a0409be874e8929bd9e1ac,True,3時間前,2026-09-19 04:16:48,愛知県
製造スタッフ／車・航空機製造／ライン作業 エンジン部品の製造 高収入新着,株式会社AKATSUKI,愛知県,"月給38万6,000円",正社員,製造,求人ボックス,https://xn--pckua2a7gp15o89zb.com/jb/211aded08af99417b92d78ab9a83eb33,True,5時間前,2026-09-19 04:16:48,愛知県
「正社員デビューに人気!」／ゲームソフト用パッケージの製造スタッフ新着,製造,愛知県,"月給39万3,000円",正社員,製造,求人ボックス,https://xn--pckua2a7gp15o89zb.com/jbn/0617a426a20db6861f05e73dcc8aff74,True,12時間前,2026-09-19 04:16:49,愛知県
「正社員デビューに人気!」／キャラクター巾着袋の製造スタッフ新着,製造,愛知県,"月給43万3,000円",正社員,製造,求人ボックス,https://xn--pckua2a7gp15o89zb.com/jbn/5c58b6a0da0a0d28b73a68dd512c2c0d,True,12時間前,2026-09-19 04:16:52,愛知県
「未経験スタート応援!」／デフォルメフィギュアの製造スタッフ新着,製造,愛知県,"月給39万8,000円",正社員,製造,求人ボックス,https://xn--pckua2a7gp15o89zb.com/jbn/0a5ebbf8a609b07701a57f731990f9a4,True,12時間前,2026-09-19 04:16:52,愛知県
「未経験でも始めやすい!」／ゲーム攻略本カバーの製造スタッフ新着,製造,愛知県,"月給41万3,000円",正社員,製造,求人ボックス,https://xn--pckua2a7gp15o89zb.com/jbn/833083f3b4c81df8dd7e5716f9a350b3,True,12時間前,2026-09-19 04:16:55,愛知県
「正社員デビューに人気!」／アニメコラボマグネットの製造スタッフ新着,製造,愛知県,"月給35万3,000円",正社員,製造,求人ボックス,https://xn--pckua2a7gp15o89zb.com/jbn/c1d508a22c262dbb3be67d2bb2e90bbe,True,12時間前,2026-09-19 04:16:55,愛知県
「未経験スタート応援!」／キャラクターランチボックスの製造スタッフ新着,製造,愛知県,"月給43万8,000円",正社員,製造,求人ボックス,https://xn--pckua2a7gp15o89zb.com/jbn/e58853096e0b3224c8c30ce2979038a8,True,12時間前,2026-09-19 04:16:55,愛知県
「未経験から高収入へ!」／ボードゲーム用キャラ駒の製造スタッフ新着,製造,愛知県,"月給36万8,000円",正社員,製造,求人ボックス,https://xn--pckua2a7gp15o89zb.com/jbn/d8e61ac0a393ed683dc90b9c8ac74bb1,True,12時間前,2026-09-19 04:16:58,愛知県
「丁寧さを活かせる!」ガーゼの製造スタッフ／20代から30代活躍中!新着,株式会社日本ケイテム,愛知県,"時給1,200円～",派遣社員,製造,求人ボックス,https://xn--pckua2a7gp15o89zb.com/jbn/e3da7ac194f6901bdaf39565abdfdb2d,True,19時間前,2026-09-19 04:16:58,愛知県
「未経験から高収入へ!」／ゲームキャラカードの製造スタッフ／未経験歓迎新着,製造,愛知県,"月給37万8,000円",正社員,製造,求人ボックス,https://xn--pckua2a7gp15o89zb.com/jbn/12ac11166e441d12483a49b2687f3701,True,12時間前,2026-09-19 04:16:58,愛知県
車・航空機製造／検査／製造スタッフ 即入寮OKで寮費無料 ハイブリット...新着,ジョブストア株式会社,愛知県,月給29万円～38万円,正社員,製造,求人ボックス,https://xn--pckua2a7gp15o89zb.com/jb/ac4a48943e628e3014f734a56b01b275,True,5時間前,2026-09-19 04:17:02,愛知県
「未経験から高収入へ!」／キャラクターアクセ台紙の製造スタッフ新着,製造,愛知県,"月給41万8,000円",正社員,製造,求人ボックス,https://xn--pckua2a7gp15o89zb.com/jbn/cc393ff234160a37e0d5879dcd64c66d,True,12時間前,2026-09-19 04:17:02,愛知県
「未経験でも始めやすい!」／アニメ柄ショルダーストラップの製造スタッフ新着,製造,愛知県,"月給37万3,000円",正社員,製造,求人ボックス,https://xn--pckua2a7gp15o89zb.com/jbn/a44b0eccdd179c954cbec6fa75e34dfa,True,12時間前,2026-09-19 04:17:02,愛知県
製造スタッフ／未経験可／完全週休二日制／年間休日125日／昇給あり新着,株式会社Lazy Bacchus,愛知県,月給21万円,正社員,製造,求人ボックス,https://xn--pckua2a7gp15o89zb.com/jb/d5a24ebf767d24445d02eca2ecbafbab,True,4時間前,2026-09-19 04:17:05,愛知県
製造スタッフ／初期費用0円・寮費無料／サンプル作業で安心／20代30代...新着,株式会社tocca,愛知県,月給30万円～34万円,正社員,製造,求人ボックス,https://xn--pckua2a7gp15o89zb.com/jbn/8c24f3e91903a2b24be536154e246212,True,23時間前,2026-09-19 04:17:05,愛知県
「未経験から安定した仕事を」／製造スタッフ／高収入／福利厚生充実新着,製造,愛知県,月給27万円～33万円,正社員,製造,求人ボックス,https://xn--pckua2a7gp15o89zb.com/jbn/c780bce83f76c6209a3bdaa3463d1673,True,14時間前,2026-09-19 04:17:05,愛知県
「天体望遠鏡の製造」若手スタッフ多数／二交代・夜勤あり／Wi-Fiつき...新着,AspiRove株式会社,愛知県,月給30万円,正社員,製造,求人ボックス,https://xn--pckua2a7gp15o89zb.com/jb/7cee8fdd5f3f0e1fcd29958c3458fc29,True,22時間前,2026-09-19 04:17:05,愛知県
製造スタッフ／工場・製造系 ア 機能式ベッドの組み立て未経験OK新着,株式会社STREAK,愛知県,"時給1,550円～1,950円",アルバイト・パート,製造,求人ボックス,https://xn--pckua2a7gp15o89zb.com/jb/7fdccba3eec5f0fdbd736d63d3f1938b,True,5時間前,2026-09-19 04:17:05,愛知県
「男女ともに活躍中」／製造スタッフ／未経験歓迎／月給30万円可能新着,製造,愛知県,月給30万円,正社員,製造,求人ボックス,https://xn--pckua2a7gp15o89zb.com/jbn/c4089e356230fbab03074a68439a54e5,True,14時間前,2026-09-19 04:17:09,愛知県
製造スタッフ／検査／仕分け・シール貼り 製造補助 土日祝はお休み新着,ヒカリ企画,愛知県,"時給1,400円～",契約社員,製造,求人ボックス,https://xn--pckua2a7gp15o89zb.com/jb/cc0d22e6409e0e66991d30c5e725b790,True,5時間前,2026-09-19 04:17:09,愛知県
プラスチックケースの製造スタッフ／寮完備／長期勤務OK新着,株式会社アテナスタイル,愛知県,"月給29万4,000円",正社員,製造,求人ボックス,https://xn--pckua2a7gp15o89zb.com/jb/2543a5501dbe09e35945f969435f6e2d,True,4時間前,2026-09-19 04:17:09,愛知県
「リラックス系商品を扱う!」／バスグッズの製造スタッフ／即勤務OK新着,株式会社SNJAPAN,愛知県,月給27万円～34万円,正社員,製造,求人ボックス,https://xn--pckua2a7gp15o89zb.com/jbn/94ea7c5af3e3424a08535fc2e32cca13,True,16時間前,2026-09-19 04:17:09,愛知県
製品を一つずつ丁寧に仕上げる!／製造スタッフ／未経験歓迎・研修あり新着,製造,愛知県,月給27万円～33万円,正社員,製造,求人ボックス,https://xn--pckua2a7gp15o89zb.com/jbn/c7a42e0ebdc4e8b6d4ee95064c529933,True,14時間前,2026-09-19 04:17:12,愛知県
未経験さん歓迎のシンプルワーク／製造スタッフ／未経験スタート歓迎新着,製造,愛知県,月給27万円～33万円,正社員,製造,求人ボックス,https://xn--pckua2a7gp15o89zb.com/jbn/2a3dde9a33f403f1d244b923932e774f,True,13時間前,2026-09-19 04:17:12,愛知県
「若手メンバーが中心に活躍中!」／製造スタッフ／未経験歓迎／研修充実新着,製造,愛知県,月給25万円～30万円,正社員,製造,求人ボックス,https://xn--pckua2a7gp15o89zb.com/jbn/87787272bbf22f3c3959885a719f8860,True,13時間前,2026-09-19 04:17:12,愛知県
「福利厚生充実の注目求人」／LEDルームライトの製造スタッフ新着,製造,愛知県,"月給34万4,000円",正社員,製造,求人ボックス,https://xn--pckua2a7gp15o89zb.com/jbn/13213d05af2edf7ed51d493ccc35dbd0,True,14時間前,2026-09-19 04:17:16,愛知県
「新生活応援付きで安心就業!」／ゲーム機の製造スタッフ／月収33万円以...新着,株式会社Tetote,愛知県,月給27万円～34万円,正社員,製造,求人ボックス,https://xn--pckua2a7gp15o89zb.com/jbn/10f45e4acad51a5b1a412f88b6b2efd5,True,16時間前,2026-09-19 04:17:16,愛知県
ラグジュアリーホテルの客室清掃スタッフ新着,大成株式会社,愛知県,"時給1,250円",アルバイト・パート,清掃,求人ボックス,https://xn--pckua2a7gp15o89zb.com/jb/26fe3e14306bc6940c259aecb178b4fd,True,12時間前,2026-09-19 04:17:10,愛知県
パチンコ店の夜間清掃スタッフ新着,株式会社遊都,愛知県,"時給1,425円",アルバイト・パート,清掃,求人ボックス,https://xn--pckua2a7gp15o89zb.com/jb/21f5d8380b30d931c9b651ee4b299ca2,True,13時間前,2026-09-19 04:17:10,愛知県
有脇保育園清掃スタッフ新着,一冨士フードサービス株式会社,愛知県,"時給1,195円～",アルバイト・パート,清掃,求人ボックス,https://xn--pckua2a7gp15o89zb.com/jb/4541d48497b997769043a5e3b5e0fd4a,True,18時間前,2026-09-19 04:17:10,愛知県
ショッピング施設の清掃スタッフ新着,株式会社白青舎,愛知県,"時給1,300円",アルバイト・パート,清掃,求人ボックス,https://xn--pckua2a7gp15o89zb.com/jb/8f7c6dc68fc47635402c33d72baa62a9,True,3時間前,2026-09-19 04:17:10,愛知県
清掃業務スタッフ 食品工場や製造 飲食業 週休2日制 資格取得支援制度新着,マルタケ株式会社,愛知県,月給21万円,派遣社員,清掃,求人ボックス,https://xn--pckua2a7gp15o89zb.com/jb/617cec800b1caf778843081ad92841e1,True,3時間前,2026-09-19 04:17:10,愛知県
新築ビルの事務所清掃スタッフ新着,株式会社トラスト,愛知県,"時給1,200円",アルバイト・パート,清掃,求人ボックス,https://xn--pckua2a7gp15o89zb.com/jb/9fd0b85e7c2ba9a1d68ac1205ab60f26,True,18時間前,2026-09-19 04:17:10,愛知県
病院施設の清掃スタッフ新着,株式会社アディクション,愛知県,"時給1,200円",アルバイト・パート,清掃,求人ボックス,https://xn--pckua2a7gp15o89zb.com/jb/ac2743a24abbfd52bc5e2eac5b843979,True,23時間前,2026-09-19 04:17:10,愛知県
マンションの清掃スタッフ新着,株式会社A-one,愛知県,"時給1,200円",アルバイト・パート,清掃,求人ボックス,https://xn--pckua2a7gp15o89zb.com/jb/b8351b6af371f912c4dba4e01387338f,True,3時間前,2026-09-19 04:17:10,愛知県
スーパーの清掃スタッフ新着,フランテ ロゼ 八事,愛知県,"時給1,195円～",アルバイト・パート,清掃,求人ボックス,https://xn--pckua2a7gp15o89zb.com/jb/2298b3745eca56ad2344ad3f24345f98,True,21時間前,2026-09-19 04:17:11,愛知県
清掃／図書館の清掃スタッフ新着,株式会社ホットスタッフ刈谷,愛知県,"時給1,140円～",アルバイト・パート,清掃,求人ボックス,https://xn--pckua2a7gp15o89zb.com/jb/c52c1d5abcd3ae9353b9c0021cdcd1a4,True,23時間前,2026-09-19 04:17:11,愛知県
分譲マンションの共用部清掃スタッフ新着,株式会社スタッフ東海,愛知県,"時給1,140円",アルバイト・パート,清掃,求人ボックス,https://xn--pckua2a7gp15o89zb.com/jb/29f068e818b6e0bd0b3b5b95bd3a7622,True,6時間前,2026-09-19 04:17:11,愛知県
パチンコ店清掃スタッフ／早番・遅番選べる短時間／週2日～OK新着,有限会社アクシム,愛知県,"時給1,250円",アルバイト・パート,清掃,求人ボックス,https://xn--pckua2a7gp15o89zb.com/jb/87369a4ba2b868b8f9c3cf99005fc685,True,2時間前,2026-09-19 04:17:11,愛知県
工場内の清掃スタッフ／週2日!12時半～16時半の短時間勤務!新着,株式会社三清社,愛知県,"時給1,250円",アルバイト・パート,清掃,求人ボックス,https://xn--pckua2a7gp15o89zb.com/jbn/ca7341e57a30151f89b45ef76d48360b,True,19時間前,2026-09-19 04:17:11,愛知県
清掃スタッフ新着,株式会社ウィルエージェンシー 名古屋,愛知県,"時給1,600円～",アルバイト・パート,清掃,求人ボックス,https://xn--pckua2a7gp15o89zb.com/jb/f43c7116088e7b1f316067d3dcdad00b,True,13時間前,2026-09-19 04:17:11,愛知県
病室内のテレビや冷蔵庫などの清掃スタッフ新着,株式会社パースジャパン,愛知県,"時給1,250円～",アルバイト・パート,清掃,求人ボックス,https://xn--pckua2a7gp15o89zb.com/jb/fa14b6620c3eaa5f8c96ecf80253a12b,True,19時間前,2026-09-19 04:17:11,愛知県
清掃スタッフ新着,namco イオンモールナゴヤドーム前店,愛知県,"時給1,200円～",アルバイト・パート,清掃,求人ボックス,https://xn--pckua2a7gp15o89zb.com/jb/5e19a3258b46a8b87d9f7ebdc07a4bb8,True,21時間前,2026-09-19 04:17:15,愛知県
ペットショップの店舗清掃・お世話スタッフ／アミーゴ神の倉店安心の社会保...新着,株式会社犬の家 アミーゴ神の倉店,愛知県,"月給20万6,000円",正社員,清掃,求人ボックス,https://xn--pckua2a7gp15o89zb.com/jbn/187e99b3ea0ef410b1d0285537a00f98,True,21時間前,2026-09-19 04:17:15,愛知県
ペットショップの清掃・店舗スタッフ／MIO香久山店自分の車で通勤可能新着,株式会社犬の家 MIO香久山店,愛知県,"月給20万6,000円",正社員,清掃,求人ボックス,https://xn--pckua2a7gp15o89zb.com/jbn/cded98b422436aa8f564d2bd3fb2a817,True,21時間前,2026-09-19 04:17:15,愛知県
イオンモール東浦内の清掃スタッフ／清掃新着,株式会社ボイス,愛知県,"時給1,300円",アルバイト・パート,清掃,求人ボックス,https://xn--pckua2a7gp15o89zb.com/jb/a4fff30d79730ea4e93694416963087d,True,23時間前,2026-09-19 04:17:15,愛知県
ペットショップの清掃・店舗スタッフ／安城店賞与あり／長く安心して働ける...新着,株式会社犬の家 安城店,愛知県,"月給20万6,000円",正社員,清掃,求人ボックス,https://xn--pckua2a7gp15o89zb.com/jbn/0e0eb32671b283323390e5ec45e1bd42,True,21時間前,2026-09-19 04:17:15,愛知県
ペットショップの店舗清掃・お世話スタッフ／豊川インター店長期勤務をしっ...新着,株式会社犬の家 豊川インター店,愛知県,"月給20万6,000円",正社員,清掃,求人ボックス,https://xn--pckua2a7gp15o89zb.com/jbn/99b22eb0834d616a85f5307a5de2eeda,True,21時間前,2026-09-19 04:17:15,愛知県
ペットショップの清掃・店舗スタッフ／七宝店休日・勤務スタイル系新着,株式会社犬の家 七宝店,愛知県,"月給20万6,000円",正社員,清掃,求人ボックス,https://xn--pckua2a7gp15o89zb.com/jbn/8ea259f90504e4487d3729a6ab00518e,True,21時間前,2026-09-19 04:17:18,愛知県
清掃スタッフ新着,株式会社ウィルエージェンシー 四日市,愛知県,"時給1,150円～",アルバイト・パート,清掃,求人ボックス,https://xn--pckua2a7gp15o89zb.com/jb/d35980ec03e3642a28de00aadd209e44,True,11時間前,2026-09-19 04:17:18,愛知県
道路清掃スタッフ／夜間作業 未経験OK／完全週休2日制新着,日本ロード・メンテナンス株式会社,愛知県,月給30万700円,正社員,清掃,求人ボックス,https://xn--pckua2a7gp15o89zb.com/jb/b6e4ada414c06d62ecd59a118b1e5b58,True,4時間前,2026-09-19 04:17:18,愛知県
「大学手術室の清掃スタッフ」高時給／シフトが選べる／フルタイム勤務OK新着,ジェイ・ネクスト株式会社／NS-34 3N260...,愛知県,"時給1,230円～",派遣社員,清掃,求人ボックス,https://xn--pckua2a7gp15o89zb.com/jb/7f141c05e9244c3e616ec9c3b86f2370,True,22時間前,2026-09-19 04:17:18,愛知県
ショッピングモールの清掃スタッフ 早朝新着,イオンディライトコネクト株式会社,愛知県,"時給1,195円",アルバイト・パート,清掃,求人ボックス,https://xn--pckua2a7gp15o89zb.com/jb/e69d9de89bec50e468a577c26a58da92,True,3時間前,2026-09-19 04:17:18,愛知県
「総合病院の清掃スタッフ」長期歓迎／サクッと時短勤務／土日祝休み新着,ジェイ・ネクスト株式会社／NS-35 3N260...,愛知県,"時給1,250円～",派遣社員,清掃,求人ボックス,https://xn--pckua2a7gp15o89zb.com/jb/4914a7479b16f970f08745f913170861,True,22時間前,2026-09-19 04:17:18,愛知県
クルーズ船清掃スタッフ／旅費・宿泊費無料&国内外航行あり新着,株式会社GROW AGENCY,愛知県,"時給1,500円～1,875円",アルバイト・パート,清掃,求人ボックス,https://xn--pckua2a7gp15o89zb.com/jb/348472f8bed46f864078064b1c21c174,True,8時間前,2026-09-19 04:17:18,愛知県
「短期OK」クルーズ船清掃スタッフ／住み込み・国内外を旅しながら高収入新着,株式会社GROW AGENCY,愛知県,"時給1,500円～1,875円",アルバイト・パート,清掃,求人ボックス,https://xn--pckua2a7gp15o89zb.com/jb/7a712f654fe7d72dffcea69f8ea549eb,True,8時間前,2026-09-19 04:17:22,愛知県
キッチン 選べる3職種 未経験大歓迎 1日4h~OK 車通勤OK新着,株式会社サンセイコーポレーション,愛知県,"時給1,250円～",アルバイト・パート,清掃,求人ボックス,https://xn--pckua2a7gp15o89zb.com/jb/505a3bb384bdd7aad12bbf6a7336f96f,True,17時間前,2026-09-19 04:17:22,愛知県
清掃現場の欠員代務対応新着,エス・シー・ビルサービス株式会社,愛知県,"時給1,350円",アルバイト・パート,清掃,求人ボックス,https://xn--pckua2a7gp15o89zb.com/jb/99b437918612663c7ad549766378ff2f,True,18時間前,2026-09-19 04:17:22,愛知県
創作和食料理店でのホールスタッフ新着,株式会社センス,愛知県,月給34万円～38万円,正社員,清掃,求人ボックス,https://xn--pckua2a7gp15o89zb.com/jb/dfe1b081d5cb0c0020d7ed0d29b30e31,True,23時間前,2026-09-19 04:17:22,愛知県
販売接客スタッフ新着,ヒマラヤ アピタタウン稲沢,愛知県,"時給1,195円～",アルバイト・パート,清掃,求人ボックス,https://xn--pckua2a7gp15o89zb.com/jb/b48b7a970c9217542e81952bc19e6327,True,18時間前,2026-09-19 04:17:22,愛知県
黒長兵衛 イオンモール岡崎／店舗ホールスタッフ新着,際コーポレーション,愛知県,"月給25万9,000円",正社員,清掃,求人ボックス,https://xn--pckua2a7gp15o89zb.com/jb/0db1c2e5e88590a3b5f4b3399c9e0a84,True,8時間前,2026-09-19 04:17:22,愛知県
名古屋市中区エリア!「コンビニ店長候補」 地域密着型のコンビニ運営／第二新卒OK 月8～10日休み新着,株式会社ディンプル,愛知県,"月給22万9,000円",正社員,清掃,求人ボックス,https://xn--pckua2a7gp15o89zb.com/jb/a23933c069b9e8b200fb28eaab8fe077,True,10時間前,2026-09-19 04:17:22,愛知県
2027年春オープン／ホテルフロントスタッフ／名古屋新着,株式会社オンザページ,愛知県,"月給26万2,000円",正社員,清掃,求人ボックス,https://xn--pckua2a7gp15o89zb.com/jb/1f33e4624af98e7f0fbb182f42b3c013,True,12時間前,2026-09-19 04:17:25,愛知県
ビール工場での検査業務 未経験可 三交代制新着,株式会社ヨコタエンタープライズ,愛知県,"月給21万2,550円",正社員,清掃,求人ボックス,https://xn--pckua2a7gp15o89zb.com/jb/e35b380770e08e28811fd39313db7e10,True,3時間前,2026-09-19 04:17:25,愛知県
入居者サポートスタッフ グループホームで清掃作業や夜間巡視 日曜日のみ 未経験可 他の曜日も勤務可新着,特定非営利活動法人タンポポ,愛知県,"日給7,840円",アルバイト・パート,清掃,求人ボックス,https://xn--pckua2a7gp15o89zb.com/jb/3eae15625692e651281a5e5a0a639920,True,3時間前,2026-09-19 04:17:25,愛知県
掃除が苦手な方でも、フォロー体制万全なので大丈夫!家庭と両立したい方にもピッタリ新着,株式会社ダスキン,愛知県,"時給1,300円",アルバイト・パート,清掃,求人ボックス,https://xn--pckua2a7gp15o89zb.com/jb/d411281b50b137e3e74d8db644c33ac2,True,12時間前,2026-09-19 04:17:25,愛知県
レストラン・専門料理店／週休2日制／社会保険完備／昇給あり新着,株式会社ディ・エー・アイ,愛知県,"月給27万3,300円",正社員,清掃,求人ボックス,https://xn--pckua2a7gp15o89zb.com/jbn/a8f6c40244b19b4b321dc6f9340ac134,True,13時間前,2026-09-19 04:17:25,愛知県
保育士新着,児童発達支援 mico mico+ 桜井校,愛知県,"時給1,200円～1,550円",アルバイト・パート,清掃,求人ボックス,https://xn--pckua2a7gp15o89zb.com/jb/9112e3d735fb472c589a7d2e3c364f99,True,3時間前,2026-09-19 04:17:25,愛知県
保育士新着,mico mico+刈谷校,愛知県,"時給1,200円～1,550円",アルバイト・パート,清掃,求人ボックス,https://xn--pckua2a7gp15o89zb.com/jb/68d46a86bbc84497136e67212cb8dd6f,True,3時間前,2026-09-19 04:17:29,愛知県
レストラン・専門料理店／昇給あり／経験不問／まかない・食事補助あり新着,株式会社ニイミ,愛知県,"月給20万6,000円",正社員,清掃,求人ボックス,https://xn--pckua2a7gp15o89zb.com/jbn/5a1012cfa73516f0d5fe12cfef657b20,True,12時間前,2026-09-19 04:17:29,愛知県
レストラン・専門料理店／シフト制／ブランクOK／賞与あり新着,アイコニア・ホスピタリティ株式会社,愛知県,月給20万円～30万円,正社員,清掃,求人ボックス,https://xn--pckua2a7gp15o89zb.com/jbn/aa838e4b887879e1b958523a2e637835,True,13時間前,2026-09-19 04:17:29,愛知県
レストラン・専門料理店／社会保険完備／主婦・主夫歓迎／学歴不問新着,株式会社アークリッチ,愛知県,月給20万円～30万円,正社員,清掃,求人ボックス,https://xn--pckua2a7gp15o89zb.com/jbn/eaf7681c5948bb4e41f8bd47a10172f2,True,13時間前,2026-09-19 04:17:29,愛知県
物流倉庫内作業スタッフ 経験者優遇 週休2日制 資格取得支援補助制度あり 無料駐車場あり新着,株式会社カネヨシ,愛知県,月給25万600円,正社員,清掃,求人ボックス,https://xn--pckua2a7gp15o89zb.com/jb/46b5426550c66f4cb4192282457e76a8,True,4時間前,2026-09-19 04:17:29,愛知県
20代活躍中／ホールスタッフ 上場企業・全国500店舗を展開する大手飲食企業新着,...調理業務を中心とした各種業務をお任せいたします。<仕事内容>・キッチン内で仕込み、盛り付け、調理・料理と飲み物の配膳、片付け(バッシング)、ホール内の,愛知県,年収300万円～400万円,正社員,清掃,求人ボックス,https://xn--pckua2a7gp15o89zb.com/jbn/0b7809819944fbfdec12eaf31b042592,True,19時間前,2026-09-19 04:17:29,愛知県
コンビニスタッフ新着,ファミリーマート 安城更生病院店,愛知県,"時給1,140円～",アルバイト・パート,清掃,求人ボックス,https://xn--pckua2a7gp15o89zb.com/jb/01b5fdd4747647aa974d387d8b26e29a,True,7時間前,2026-09-19 04:17:29,愛知県
レストラン・専門料理店／まかない・食事補助あり／経験者歓迎／ブランクOK新着,株式会社ソレイユ,愛知県,月給24万円～30万円,正社員,清掃,求人ボックス,https://xn--pckua2a7gp15o89zb.com/jbn/2c454a06314ee63c3d1a13de55d3c02f,True,13時間前,2026-09-19 04:17:29,愛知県
保育士新着,児童発達支援 mico mico 安城校,愛知県,"時給1,200円～1,550円",アルバイト・パート,清掃,求人ボックス,https://xn--pckua2a7gp15o89zb.com/jb/8f6a5e9477aecdcc3c5e09b295f41817,True,3時間前,2026-09-19 04:17:32,愛知県
パチンコ店内のホール、カウンタースタッフ新着,スタッフ,愛知県,"時給1,300円～1,625円",派遣社員,清掃,求人ボックス,https://xn--pckua2a7gp15o89zb.com/jb/20c8d8f6e8f75c456b5a0dfd1cf60c36,True,12時間前,2026-09-19 04:17:32,愛知県
無資格可の調理師／調理スタッフ新着,ナーシングホームいきいき細野,愛知県,"時給1,195円～1,395円",アルバイト・パート,清掃,求人ボックス,https://xn--pckua2a7gp15o89zb.com/jb/477005a28215c62cf1c7b98a351456d1,True,6時間前,2026-09-19 04:17:32,愛知県
ペットショップ販売・接客スタッフ／ボーナス支給あり／動物が好きな方にピッタリ／週休2日制新着,株式会社犬の家 豊田店,愛知県,"月給20万6,000円",正社員,清掃,求人ボックス,https://xn--pckua2a7gp15o89zb.com/jbn/c5cf5a4fb3122868756a094ec5a807c1,True,21時間前,2026-09-19 04:17:32,愛知県
パチンコ店のホールスタッフ新着,株式会社ホットスタッフ蟹江,愛知県,"時給1,400円",派遣社員,清掃,求人ボックス,https://xn--pckua2a7gp15o89zb.com/jb/a114d126ee53bc64c3462e397ee92cf6,True,10時間前,2026-09-19 04:17:32,愛知県
ペットショップの店舗スタッフ／ワークライフバランス重視／定期昇給制度あり／週5日からOK新着,株式会社犬の家 刈谷店,愛知県,"月給20万6,000円",正社員,清掃,求人ボックス,https://xn--pckua2a7gp15o89zb.com/jbn/aa4609a10dfa3855de1511f56077a1f7,True,21時間前,2026-09-19 04:17:32,愛知県
幼稚園教諭新着,青木幼稚園,愛知県,"時給1,200円",アルバイト・パート,清掃,求人ボックス,https://xn--pckua2a7gp15o89zb.com/jb/9fec6b322d6ff41b6e345b7db80a3f30,True,3時間前,2026-09-19 04:17:32,愛知県
レストラン・専門料理店／フリーター歓迎／ブランクOK／シフト自由新着,株式会社トリドールホールディングス,愛知県,月給23万円～30万円,正社員,清掃,求人ボックス,https://xn--pckua2a7gp15o89zb.com/jbn/8d6afda333e78237ce0534b342b4c7da,True,13時間前,2026-09-19 04:17:32,愛知県
レストラン・専門料理店新着,スガキコシステムズ株式会社,愛知県,月給23万円～29万円,正社員,清掃,求人ボックス,https://xn--pckua2a7gp15o89zb.com/jbn/8a4cddb7f70016ca130d45d166886123,True,12時間前,2026-09-19 04:17:35,愛知県
バックブランドエースの新規販売スタッフ新着,株式会社バックスグループ カスタマーサービス部,愛知県,"時給1,500円",アルバイト・パート,清掃,求人ボックス,https://xn--pckua2a7gp15o89zb.com/jbn/a32ee9e691c6caffbc367634f40fbb51,True,18時間前,2026-09-19 04:17:35,愛知県
レストラン・専門料理店新着,株式会社木曽路,愛知県,月給30万円～33万,契約社員,清掃,求人ボックス,https://xn--pckua2a7gp15o89zb.com/jbn/58144ba59497fb5053812368fb656699,True,13時間前,2026-09-19 04:17:35,愛知県
レストラン・専門料理店新着,株式会社フレッシュネス,愛知県,月給35万円,正社員,清掃,求人ボックス,https://xn--pckua2a7gp15o89zb.com/jbn/88a0e68293f88780e7681f50aeaca88c,True,12時間前,2026-09-19 04:17:35,愛知県
"高級品鑑定スタッフ／平均年収1,200万／残業月平均3.3時間／有給取得率85.7%／ブランクOK新着",株式会社Reivy,愛知県,月給40万円～45万円,正社員,清掃,求人ボックス,https://xn--pckua2a7gp15o89zb.com/jbn/442e884b63ec19626293eb661fa7c7c9,True,23時間前,2026-09-19 04:17:35,愛知県
レストラン・専門料理店新着,株式会社プライムウィル,愛知県,"月給23万5,420円",正社員,清掃,求人ボックス,https://xn--pckua2a7gp15o89zb.com/jbn/bd7d7e836b2772826187df99f8acf6b2,True,13時間前,2026-09-19 04:17:35,愛知県
レストラン・専門料理店新着,株式会社ベスト・モア,愛知県,月給35万円～40万円,正社員,清掃,求人ボックス,https://xn--pckua2a7gp15o89zb.com/jbn/9836da8b1292a2c6f884e78e015378a0,True,13時間前,2026-09-19 04:17:35,愛知県
ゲームセンタースタッフで接客・商品補充新着,namco 太鼓の達人毎日おまつりだドン!イオン...,愛知県,"時給1,200円～",アルバイト・パート,清掃,求人ボックス,https://xn--pckua2a7gp15o89zb.com/jb/2237da8f295092407e7f921a1da23c02,True,21時間前,2026-09-19 04:17:35,愛知県
正社員登用あり・安定収入 キャラクター専門店スタッフ新着,THE GUNDAM BASE SATELLIT...,愛知県,"時給1,200円",正社員,清掃,求人ボックス,https://xn--pckua2a7gp15o89zb.com/jb/1c6274dd1b357b652f515af42a073ebe,True,4時間前,2026-09-19 04:17:37,愛知県
レストラン・専門料理店新着,ワタミ株式会社,愛知県,月給35万100円,正社員,清掃,求人ボックス,https://xn--pckua2a7gp15o89zb.com/jbn/d9c8552b9b40cd26d9a3f871d10c579f,True,13時間前,2026-09-19 04:17:37,愛知県
レストラン・専門料理店新着,株式会社ZUND,愛知県,月給45万円～49万円,正社員,清掃,求人ボックス,https://xn--pckua2a7gp15o89zb.com/jbn/23698068207d0ecc0db102bfdff075f2,True,13時間前,2026-09-19 04:17:37,愛知県
サクッと始めてすぐ慣れる!負担少なめのシンプル作業中心／軽作業スタッフ／資格不要新着,株式会社Tetote,愛知県,月給27万円～34万円,正社員,清掃,求人ボックス,https://xn--pckua2a7gp15o89zb.com/jbn/f5fddceee6116e9bcd1b94a2f5e1e4ae,True,16時間前,2026-09-19 04:17:37,愛知県
裏方で経験を積める バックヤードスタッフ新着,バンダイナムコ Cross Store 名古屋,愛知県,"時給1,300円",アルバイト・パート,清掃,求人ボックス,https://xn--pckua2a7gp15o89zb.com/jb/fb62e5216a929d3bf6710325f0ca2ce3,True,4時間前,2026-09-19 04:17:37,愛知県
看護師／内視鏡／ケアミックス型病院／週5日以上でご相談 正看護師・准看護師 内視鏡介助新着,医療法人香徳会 関中央病院,岐阜県,"時給1,265円～1,365円",アルバイト・パート,歯科,求人ボックス,https://xn--pckua2a7gp15o89zb.com/jb/3a1a8ec833023d589602f7405c59c678,True,17時間前,2026-09-19 04:17:41,岐阜県
歯科衛生士完全週休2日制&年間休日129日!17時終業!駅チカ徒歩6分新着,元町デンタルクリニック,岐阜県,月給28万円～,正社員,歯科,求人ボックス,https://xn--pckua2a7gp15o89zb.com/jb/eb889b43c407527f8747c94792b521c8,True,16時間前,2026-09-19 04:17:41,岐阜県
歯科衛生士／年間休日117日&日勤のみ 「食べる喜び」を支えながら新着,特別養護老人ホーム ナーシングケア寺田,岐阜県,"月給21万3,000円",正社員,歯科,求人ボックス,https://xn--pckua2a7gp15o89zb.com/jb/fe6cc0b56eef177836925df3cf0a0e63,True,16時間前,2026-09-19 04:17:41,岐阜県
歯科衛生士／訪問歯科週1日から相談可能 未経験・ブランクOK新着,西岐阜デンタルクリニック,岐阜県,"時給1,300円～1,800円",アルバイト・パート,歯科,求人ボックス,https://xn--pckua2a7gp15o89zb.com/jb/2971b87959dda606931e58e2eaae8785,True,16時間前,2026-09-19 04:17:41,岐阜県
スタッフの悩み・困りごとに寄り添う工場の管理者募集 面接1回 土日休・9連休3回・年収390万～新着,株式会社ニッコー,愛知県,"月給28万5,000円",正社員,派遣,求人ボックス,https://xn--pckua2a7gp15o89zb.com/jb/dfc1b278f7e5f332623b6b0761abe564,True,18時間前,2026-09-19 04:17:17,愛知県
シフト休 定時退社 !感謝の声がやりがい 未経験歓迎 マニュアル完備で安心新着,株式会社コンシェルテック,愛知県,月給22万円～35万円,正社員,派遣,求人ボックス,https://xn--pckua2a7gp15o89zb.com/jb/1365a29b28bd026d817c9e98f1922f51,True,22時間前,2026-09-19 04:17:17,愛知県
受注事務スタッフ／スピード採用／スピード勤務／事務キャリア／就業後サポート充実／前払いOK新着,株式会社ワールドサービス刈谷,愛知県,"時給1,300円～",派遣社員,派遣,求人ボックス,https://xn--pckua2a7gp15o89zb.com/jbn/587b5fb12bbd70eba17ccb7df9c496e5,True,23時間前,2026-09-19 04:17:17,愛知県
派遣スタッフのフォロー・就業サポート新着,株式会社バックスグループ カスタマーサービス部,愛知県,"時給1,600円",契約社員,派遣,求人ボックス,https://xn--pckua2a7gp15o89zb.com/jbn/d779e98ca0f9fd511ddd0953bc30b335,True,18時間前,2026-09-19 04:17:17,愛知県
飲食店向けの物流ドライバー 普通免許AT限定可 未経験可 第二新卒可 週休2日 長期休暇 車新着,株式会社ハーモネット,愛知県,"時給1,500円～1,600円",正社員,派遣,求人ボックス,https://xn--pckua2a7gp15o89zb.com/jb/f72d2370d9d1707be22dfcdeda8aceb0,True,3時間前,2026-09-19 04:17:17,愛知県
検査・データ入力／年間休日121日／週休2日制／転勤なし／賞与あり／制服貸与あり新着,株式会社グリーンテック,愛知県,"月給20万2,000円",正社員,派遣,求人ボックス,https://xn--pckua2a7gp15o89zb.com/jbn/da8f3cd32f9dc3d568f9ad8fd6482872,True,14時間前,2026-09-19 04:17:17,愛知県
未経験OKの法人営業職／年357万円・転勤なし・直行直帰OK・フレックス新着,株式会社ディンプル,愛知県,"月給24万5,000円",正社員,派遣,求人ボックス,https://xn--pckua2a7gp15o89zb.com/jb/d0eca0c41456ecf7f2c956faad0cb2c8,True,10時間前,2026-09-19 04:17:17,愛知県
名古屋募集!未経験歓迎「キャリアコンサルタント募集」土日祝休み／年休126日／有休取得率90%新着,株式会社日本パーソナルビジネス,愛知県,"月給27万6,100円",正社員,派遣,求人ボックス,https://xn--pckua2a7gp15o89zb.com/jb/57e22602ee6080d3b55e9cce91802980,True,9時間前,2026-09-19 04:17:17,愛知県
長期 人気の食品業界 サポート事務 17時半定時↑新着,スタッフ,愛知県,"時給1,500円",派遣社員,派遣,求人ボックス,https://xn--pckua2a7gp15o89zb.com/jb/5c89a411ab2fe435996506810f2f8c16,True,12時間前,2026-09-19 04:17:17,愛知県
「「未経験歓迎×日払いOK×日勤専属」」倉庫内でスニーカーの軽作業新着,セブンエージェント株式会社,愛知県,"時給1,300円～",派遣社員,派遣,求人ボックス,https://xn--pckua2a7gp15o89zb.com/jb/ab3dd01a131d6b2bd89a94ccb805ee70,True,19時間前,2026-09-19 04:17:18,愛知県
人材サービスの法人営業兼コーディネーター 未経験も可 土日祝休み 年休125日 インセンティブあり新着,株式会社GS STAFF,愛知県,"月給30万4,150円",正社員,派遣,求人ボックス,https://xn--pckua2a7gp15o89zb.com/jb/968f400aaa395ed4fdeafd9eb208bef5,True,3時間前,2026-09-19 04:17:18,愛知県
不動産の人事・総務 10月スタート 職種未経験歓迎!上前津駅周辺! 総務事務新着,株式会社アヴァンティスタッフ,愛知県,"時給1,600円",派遣社員,派遣,求人ボックス,https://xn--pckua2a7gp15o89zb.com/jb/17f89e84a9a6fdbd78303f466a9486db,True,16時間前,2026-09-19 04:17:18,愛知県
一般事務新着,株式会社リクルートスタッフィング,愛知県,"時給1,400円～",派遣社員,派遣,求人ボックス,https://xn--pckua2a7gp15o89zb.com/jb/ac8bd0bd1df7ea6d3a058ce2e7f1ff38,True,19時間前,2026-09-19 04:17:18,愛知県
内勤スタッフ新着,株式会社エクスプレス・エージェント,愛知県,"時給1,350円",アルバイト・パート,派遣,求人ボックス,https://xn--pckua2a7gp15o89zb.com/jb/003687dad6636838038f904ad39457ff,True,21時間前,2026-09-19 04:17:18,愛知県
倉庫内ピッキングスタッフ新着,株式会社ホットスタッフ豊田,愛知県,"時給1,300円",派遣社員,派遣,求人ボックス,https://xn--pckua2a7gp15o89zb.com/jb/59a14c296dddd51bba0971f0bf044ba7,True,10時間前,2026-09-19 04:17:18,愛知県
CADオペレーター新着,株式会社flippers採用センター,愛知県,"時給1,600円～",派遣社員,派遣,求人ボックス,https://xn--pckua2a7gp15o89zb.com/jb/43edbed5ec1cb908b0d1abcaeff7e2bc,True,12時間前,2026-09-19 04:17:21,愛知県
一般事務・OA事務 ／ データエントリー業務 ／26万↑同業務6名もいる PC入力できればOK!新着,パーソルテンプスタッフ株式会社,愛知県,"時給1,550円",派遣社員,派遣,求人ボックス,https://xn--pckua2a7gp15o89zb.com/jb/54499171b8d06370b737f945b43d74eb,True,20時間前,2026-09-19 04:17:21,愛知県
組立・加工・プレス／自動車・部品・バイク・20-40代活躍中新着,株式会社ウイルテック,愛知県,"時給1,450円～",派遣社員,派遣,求人ボックス,https://xn--pckua2a7gp15o89zb.com/jb/8407ceb2e3cc55c1257312c348387a50,True,4時間前,2026-09-19 04:17:21,愛知県
オフィス事務新着,株式会社ウィルエージェンシー 名古屋,愛知県,"時給1,500円～",アルバイト・パート,派遣,求人ボックス,https://xn--pckua2a7gp15o89zb.com/jb/e28b076beddba01413808e85d14a79ff,True,13時間前,2026-09-19 04:17:21,愛知県
介護スタッフ／有料老人ホームで勤務!20代～30代活躍中／無資格スタート応援!日勤のみ新着,株式会社ベネッセキャリオス,愛知県,"時給1,450円",派遣社員,派遣,求人ボックス,https://xn--pckua2a7gp15o89zb.com/jbn/e509875db308f4c50ac138a455885050,True,21時間前,2026-09-19 04:17:21,愛知県
リゾートバイト／レストランサービス新着,株式会社ダイブ,愛知県,"時給1,330円～",派遣社員,派遣,求人ボックス,https://xn--pckua2a7gp15o89zb.com/jb/675e94def6b69a8b4c860c91c2ce545c,True,22時間前,2026-09-19 04:17:21,愛知県
一般事務／有名美容機器メーカーで発注など 残業なし新着,マンパワーグループ株式会社,愛知県,"時給1,600円",派遣社員,派遣,求人ボックス,https://xn--pckua2a7gp15o89zb.com/jb/afb385bef397ba9ae679562faa037e05,True,7時間前,2026-09-19 04:17:24,愛知県
ものづくり／クルマ用変速機の組立・加工・チェック／土日休み／未経験歓迎／田原市緑が浜新着,日研トータルソーシング株式会社,愛知県,月給27万円～,正社員,派遣,求人ボックス,https://xn--pckua2a7gp15o89zb.com/jbn/26d20c7463c50d550aea42d4a280f15c,True,22時間前,2026-09-19 04:17:24,愛知県
建築施工管理経験者 土日祝休 ワークライフバランス充実新着,マルタケ株式会社,愛知県,月給40万円～65万円,派遣社員,派遣,求人ボックス,https://xn--pckua2a7gp15o89zb.com/jb/ece3bf55c60953a3d78e0c543a202fd6,True,3時間前,2026-09-19 04:17:24,愛知県
医学系大学で事務とピッキングなど作業新着,ヒューマンリソシア株式会社,愛知県,"時給1,250円",派遣社員,派遣,求人ボックス,https://xn--pckua2a7gp15o89zb.com/jb/40e3c0b3db964143c6d28f55651bab91,True,8時間前,2026-09-19 04:17:24,愛知県
装置・部品の組立／土日休み／未経験OK／毎月安定収入の月給制／大手電機メーカー新着,キャリアリンクファクトリー株式会社,愛知県,月給22万円～32万,派遣社員,派遣,求人ボックス,https://xn--pckua2a7gp15o89zb.com/jbn/a30d7fd3a9724e5b9f2bfa536de1209f,True,23時間前,2026-09-19 04:17:24,愛知県
一般事務／伝票受付・ハンコ押し・検査新着,株式会社ジョブコム,愛知県,"時給1,500円",派遣社員,派遣,求人ボックス,https://xn--pckua2a7gp15o89zb.com/jb/b49c509a6c7835fb6cd710a4f035ee31,True,13時間前,2026-09-19 04:17:24,愛知県
住宅型有料老人ホームでの看護業務全般新着,株式会社トラストグロース西日本,愛知県,"時給2,100円～2,200円",派遣社員,派遣,求人ボックス,https://xn--pckua2a7gp15o89zb.com/jb/67119a1ecf8b9234725e66fd07269243,True,9時間前,2026-09-19 04:17:24,愛知県
サポート充実で貯金もできる!収納雑貨の梱包新着,株式会社アルミラ,愛知県,"時給1,450円～",アルバイト・パート,派遣,求人ボックス,https://xn--pckua2a7gp15o89zb.com/jb/66f70170b5417781763239006003dba3,True,17時間前,2026-09-19 04:17:29,愛知県
一般事務／未経験OK・残業少ほぼなし!OA事務 17時終業新着,株式会社スタッフサービス,愛知県,"時給1,500円～",派遣社員,派遣,求人ボックス,https://xn--pckua2a7gp15o89zb.com/jb/b41713e5e8cc7607d3eb7c1a5cf0f6cf,True,17時間前,2026-09-19 04:17:29,愛知県
住宅CADオペレーター 大手 駅チカ5分新着,株式会社アットキャド,愛知県,"時給1,800円～2,000円",派遣社員,派遣,求人ボックス,https://xn--pckua2a7gp15o89zb.com/jb/73314ffdc33ef2e92722f84b74aa67dd,True,13時間前,2026-09-19 04:17:29,愛知県
CAD操作／医療機器のCADオペレーション新着,パーソルクロステクノロジー株式会社,愛知県,"時給1,500円",派遣社員,派遣,求人ボックス,https://xn--pckua2a7gp15o89zb.com/jb/c92f5e19349112f82e14d9a37cee5c9b,True,14時間前,2026-09-19 04:17:29,愛知県
通販商品のピッキングスタッフ新着,株式会社プロキャスト,愛知県,"時給1,600円",派遣社員,派遣,求人ボックス,https://xn--pckua2a7gp15o89zb.com/jb/791e5b778b50d279620194cd549c4e38,True,18時間前,2026-09-19 04:17:29,愛知県
11月 トヨタ自動車で車両需給の調整サポート@1670円／名駅ミッドランド新着,株式会社トヨタエンタプライズ,愛知県,"時給1,670円",派遣社員,派遣,求人ボックス,https://xn--pckua2a7gp15o89zb.com/jb/a72d1a2a788cb947c46635522b0bad3b,True,23時間前,2026-09-19 04:17:29,愛知県
寮無料・月収29万円 電子部品系工場での検査・検品 交替制・20-40代活躍中新着,株式会社BREXA Next,愛知県,"時給1,400円～",派遣社員,派遣,求人ボックス,https://xn--pckua2a7gp15o89zb.com/jb/ea5ae2b918682a20b41c6bcf4c7b45c6,True,4時間前,2026-09-19 04:17:32,愛知県
ラーメン店スタッフ新着,株式会社横綱,愛知県,"時給1,140円～",アルバイト・パート,派遣,求人ボックス,https://xn--pckua2a7gp15o89zb.com/jb/72b9f4477d307a64a2c533e91fb35843,True,9時間前,2026-09-19 04:17:32,愛知県
伝票作成などの事務／30～40代活躍中・17:30ぴた新着,株式会社ジンキャスト,愛知県,"時給1,400円～1,450円",派遣社員,派遣,求人ボックス,https://xn--pckua2a7gp15o89zb.com/jb/4cc9e259c627c6ca97416fadb3496147,True,13時間前,2026-09-19 04:17:32,愛知県
フードメゾン岡崎・POSレジ専任staff新着,株式会社センチュリーアンドカンパニー,愛知県,"時給1,250円",アルバイト・パート,派遣,求人ボックス,https://xn--pckua2a7gp15o89zb.com/jb/14b46cb836ebec87f5ec1a8283c1c4d4,True,9時間前,2026-09-19 04:17:32,愛知県
ハーネスの検査スタッフ新着,株式会社ホットスタッフ豊橋,愛知県,"時給1,250円",派遣社員,派遣,求人ボックス,https://xn--pckua2a7gp15o89zb.com/jb/a39ab37d995b55f5bca4fdf6a12e1d42,True,10時間前,2026-09-19 04:17:32,愛知県
アパレル／コスメ／研修あり 百貨店コスメ販売!駅チカ×残業少なめ新着,株式会社ウィルオブ・ワーク,愛知県,"時給1,400円",派遣社員,派遣,求人ボックス,https://xn--pckua2a7gp15o89zb.com/jb/2c688f7fc83d9bedf85015c26327daee,True,11時間前,2026-09-19 04:17:35,愛知県
メーカーで営業事務新着,リバティー株式会社,愛知県,"時給1,600円",派遣社員,派遣,求人ボックス,https://xn--pckua2a7gp15o89zb.com/jb/38d4e866800adb1211e3d23867d517f3,True,13時間前,2026-09-19 04:17:35,愛知県
特別養護老人ホームの介護スタッフ新着,躍進株式会社,愛知県,"時給1,400円～",派遣社員,派遣,求人ボックス,https://xn--pckua2a7gp15o89zb.com/jb/c055f57900c2b5225ff69a48727570d4,True,12時間前,2026-09-19 04:17:35,愛知県
テロッパー／テレビ局で働く Illustrator使用／未経験OK・研修あり新着,株式会社フェローズ,愛知県,"時給1,300円",派遣社員,派遣,求人ボックス,https://xn--pckua2a7gp15o89zb.com/jb/72e7da3b9f6e795886bc1e680d43190d,True,16時間前,2026-09-19 04:17:35,愛知県
人と話すのが好きなら向いてます!／派遣コーディネーター／カンタン業務／はじめての方歓迎／長く働ける新着,コーディネーター募集/<お仕事、ざっくり紹介!>・企業からのお仕事依頼の受付 ・条件に合う登録,愛知県,月給27万円～33万円,正社員,派遣,求人ボックス,https://xn--pckua2a7gp15o89zb.com/jbn/981ad18b8d11b04b8151777db7f0b982,True,12時間前,2026-09-19 04:17:35,愛知県
リーダーが狙える 機械オペレーター 初年度年収500万円も可新着,八形工業株式会社,愛知県,月給25万円～,正社員,派遣,求人ボックス,https://xn--pckua2a7gp15o89zb.com/jb/96c9c99867e5fc5986baa4e683b811b8,True,1時間前,2026-09-19 04:17:35,愛知県
髪色自由・ネイルOK 未経験からできる事務のお仕事新着,<,愛知県,"時給1,350円～1,625円",派遣社員,派遣,求人ボックス,https://xn--pckua2a7gp15o89zb.com/jb/980e121d3454a7f2aa80421f58cacc0d,True,23時間前,2026-09-19 04:17:35,愛知県
保健施設での介護スタッフ新着,まずは,愛知県,"時給1,400円～",正社員,派遣,求人ボックス,https://xn--pckua2a7gp15o89zb.com/jb/36f9cc58764467938e5e3fd1793f09f7,True,18時間前,2026-09-19 04:17:38,愛知県
検品／仕分け・ピッキング・梱包／倉庫・軽作業新着,ランスタッド株式会社,愛知県,"時給1,400円",派遣社員,派遣,求人ボックス,https://xn--pckua2a7gp15o89zb.com/jb/904ebd87006c34279a176d8ab8034253,True,23時間前,2026-09-19 04:17:38,愛知県
車用金属部品の目視検査スタッフ新着,株式会社ホットスタッフ蟹江,愛知県,"時給1,400円",派遣社員,派遣,求人ボックス,https://xn--pckua2a7gp15o89zb.com/jb/edb3fae5270688b78d4a6dbaf696fea9,True,10時間前,2026-09-19 04:17:38,愛知県
コツコツ作業が好きな方歓迎!梱包・出荷スタッフ／未経験OK新着,メルコヒューマンポート株式会社,愛知県,"時給1,550円",派遣社員,派遣,求人ボックス,https://xn--pckua2a7gp15o89zb.com/jb/2a0d16b561941a375a70210af15d914e,True,13時間前,2026-09-19 04:17:38,愛知県
岡崎市／週末メインの託児スタッフ きれいな住宅ショールームで楽しくお仕事新着,株式会社ベル,愛知県,"時給1,300円",派遣社員,派遣,求人ボックス,https://xn--pckua2a7gp15o89zb.com/jb/094386597278497f6dc74f4ef2f332ff,True,12時間前,2026-09-19 04:17:38,愛知県
工場・軽作業系／検査／三菱自動車工業／検査／月収39万円!生活家電付きの寮完備!日払いOK新着,株式会社アスタリスク,愛知県,"時給2,100円～2,625円",派遣社員,派遣,求人ボックス,https://xn--pckua2a7gp15o89zb.com/jb/761aa14a6af01dab90e954760d2f3022,True,10時間前,2026-09-19 04:17:38,愛知県
手のひらサイズ部品の仕分け／倉庫内軽作業／日勤新着,株式会社グロップ,愛知県,"時給1,500円～1,875円",派遣社員,派遣,求人ボックス,https://xn--pckua2a7gp15o89zb.com/jb/9ebd42cb31193daa663b8674b0128318,True,4時間前,2026-09-19 04:17:41,愛知県
組み立てスタッフ新着,日本マニュファクチャリングサービス株式会社,愛知県,"時給1,300円～",正社員,派遣,求人ボックス,https://xn--pckua2a7gp15o89zb.com/jb/741ef9c8940ad978a1630b540286e683,True,9時間前,2026-09-19 04:17:41,愛知県
保育士／愛西市／永和駅／0歳担当／保育補助／急な休みも理解あり新着,ベルサンテスタッフ株式会社,愛知県,"時給1,480円～1,550円",派遣社員,派遣,求人ボックス,https://xn--pckua2a7gp15o89zb.com/jb/4c756d9f3302b1e83e344a0d06d6d78d,True,13時間前,2026-09-19 04:17:41,愛知県
生産管理・生産事務・工程管理／フード・飲料新着,株式会社プレジィール,愛知県,月給25万円～40万円,正社員,派遣,求人ボックス,https://xn--pckua2a7gp15o89zb.com/jb/8d341e7afc857789d062ed49ac0f1da7,True,5時間前,2026-09-19 04:17:41,愛知県
自動車メンテナンススタッフ／株式会社JEVIC 中部日本事業所新着,株式会社チェングロウス,愛知県,"時給1,700円～2,400円",派遣社員,派遣,求人ボックス,https://xn--pckua2a7gp15o89zb.com/jb/5c2107fbdf869cfa74deb35b06b586d1,True,5時間前,2026-09-19 04:17:41,愛知県
一般事務／短期1～2ヶ月 倉庫スタッフ募集 働いた分がすぐ手に入る!嬉しい週払い&高時給新着,株式会社ホームロジスティクス,愛知県,"時給1,380円",アルバイト・パート,派遣,求人ボックス,https://xn--pckua2a7gp15o89zb.com/jb/8fc59c3dbfe0beef2edffb1c2a6c3756,True,16時間前,2026-09-19 04:17:44,愛知県
倉庫内での部品集め・梱包作業新着,株式会社ビートップスタッフ,愛知県,"時給1,350円",派遣社員,派遣,求人ボックス,https://xn--pckua2a7gp15o89zb.com/jb/dd5be57864c756257fe1229349b70e76,True,13時間前,2026-09-19 04:17:44,愛知県
「SNSで人気の会社で働く!」／ブレーキペダルの製造スタッフ／未経験歓迎／研修あり新着,三陽工業株式会社,愛知県,"月給19万5,000円",正社員,派遣,求人ボックス,https://xn--pckua2a7gp15o89zb.com/jbn/95a349b04088ddae047d0d9c72902f3d,True,13時間前,2026-09-19 04:17:44,愛知県
バイクのスポンジ部品の検査・梱包新着,株式会社ホットスタッフ岡崎南,愛知県,"時給1,200円",派遣社員,派遣,求人ボックス,https://xn--pckua2a7gp15o89zb.com/jb/29addb51a0ae1f6cb4231578e41b9a4a,True,10時間前,2026-09-19 04:17:44,愛知県
「日払いOK寮費無料!」部品の加工・検査スタッフ／20代から30代活躍中!／大手メーカー新着,株式会社日本ケイテム,愛知県,"時給1,500円～",アルバイト・パート,派遣,求人ボックス,https://xn--pckua2a7gp15o89zb.com/jbn/64c40920878d329dd7f3156082d7cf1d,True,19時間前,2026-09-19 04:17:44,愛知県
工場内での保全業務／高時給1700円／正社員登用の実績あり新着,株式会社テクノ・サービス,愛知県,時給1700円,正社員,派遣,求人ボックス,https://xn--pckua2a7gp15o89zb.com/jbn/6aa39e00bfffa65e5b870f71003930c9,True,19時間前,2026-09-19 04:17:44,愛知県
樹脂部品の機械オペレーター新着,株式会社ホットスタッフ小牧,愛知県,"時給1,300円",派遣社員,派遣,求人ボックス,https://xn--pckua2a7gp15o89zb.com/jb/2a17dd4e579025ea1cd243deaf831af5,True,10時間前,2026-09-19 04:17:44,愛知県
回転寿司店の飲食店スタッフ 経験者のみ 週休2日制 希望休制度あり新着,株式会社共和フーズ,愛知県,月給30万円～48万円,正社員,飲食,求人ボックス,https://xn--pckua2a7gp15o89zb.com/jb/333a65eea0688d80db0bce46286acfcd,True,3時間前,2026-09-19 04:17:19,愛知県
デニーズのキッチンスタッフ 飲食経験者 年休120日以上 7連休年2回新着,株式会社デニーズジャパン,愛知県,月給23万円～40万円,正社員,飲食,求人ボックス,https://xn--pckua2a7gp15o89zb.com/jb/01ee2de11477e66fa6b9dad28ae31fcc,True,4時間前,2026-09-19 04:17:19,愛知県
ホール／キッチン／イベント系 未経験OK 飲食店 正社員スタッフ大募集新着,株式会社モダン装美,愛知県,月給25万円～,正社員,飲食,求人ボックス,https://xn--pckua2a7gp15o89zb.com/jb/b6ca32b9375173f6c3f91a396f9ac036,True,17時間前,2026-09-19 04:17:19,愛知県
レストラン・専門料理店新着,株式会社アメーバホールディングス,愛知県,月給20万円～25万円,正社員,飲食,求人ボックス,https://xn--pckua2a7gp15o89zb.com/jbn/7c0ec0290abff51f639d6116488e12d8,True,12時間前,2026-09-19 04:17:19,愛知県
レストラン・専門料理店新着,株式会社Uliveto,愛知県,月給27万円～34万円,正社員,飲食,求人ボックス,https://xn--pckua2a7gp15o89zb.com/jbn/0d5f5f3a1eb842a4e838727a18c5e641,True,12時間前,2026-09-19 04:17:19,愛知県
レストラン・専門料理店新着,株式会社海栄館,愛知県,"月給41万5,000円",正社員,飲食,求人ボックス,https://xn--pckua2a7gp15o89zb.com/jbn/256cdc6dfeaf06a56a01e65ff3f05e54,True,13時間前,2026-09-19 04:17:19,愛知県
レストラン・専門料理店新着,株式会社甲羅,愛知県,"月給25万5,700円",正社員,飲食,求人ボックス,https://xn--pckua2a7gp15o89zb.com/jbn/4d8f867b833cce1d7928f0e6da39b134,True,13時間前,2026-09-19 04:17:20,愛知県
レストラン・専門料理店新着,株式会社ジェイグループホールディングス,愛知県,月給30万円～40万円,正社員,飲食,求人ボックス,https://xn--pckua2a7gp15o89zb.com/jbn/f4f73e503505433d881855d31efebeae,True,13時間前,2026-09-19 04:17:20,愛知県
レストラン・専門料理店新着,リゾートトラスト株式会社,愛知県,"月給25万6,400円",正社員,飲食,求人ボックス,https://xn--pckua2a7gp15o89zb.com/jbn/7e2ce65572dd621c5f8a866bde8799ad,True,13時間前,2026-09-19 04:17:20,愛知県
レストラン・専門料理店新着,株式会社フーズネット,愛知県,"月給22万6,000円",正社員,飲食,求人ボックス,https://xn--pckua2a7gp15o89zb.com/jbn/cf1bdf8b029957066941690f5e9cc47b,True,13時間前,2026-09-19 04:17:20,愛知県
レストラン・専門料理店新着,株式会社ビーケー・ジャパン,愛知県,"月給24万3,000円",正社員,飲食,求人ボックス,https://xn--pckua2a7gp15o89zb.com/jbn/ef327d559431afcd6a27941a919d0434,True,13時間前,2026-09-19 04:17:20,愛知県
レストラン・専門料理店新着,株式会社Serge源's,愛知県,月給28万円～35万円,正社員,飲食,求人ボックス,https://xn--pckua2a7gp15o89zb.com/jbn/58d6798ae6824ddfaf0b75e53bfae6a2,True,12時間前,2026-09-19 04:17:20,愛知県
レストラン・専門料理店新着,K-FOODS株式会社,愛知県,"月給22万4,947円",正社員,飲食,求人ボックス,https://xn--pckua2a7gp15o89zb.com/jbn/7ceb68c71146f09dbb06b298149ff6bd,True,13時間前,2026-09-19 04:17:20,愛知県
レストラン・専門料理店新着,株式会社ナカシロ,愛知県,"月給22万7,500円",正社員,飲食,求人ボックス,https://xn--pckua2a7gp15o89zb.com/jbn/a3769ff4fa9b4f2db00ca304c7c93b65,True,13時間前,2026-09-19 04:17:23,愛知県
レストラン・専門料理店新着,株式会社KAJIKEN,愛知県,月給22万円～35万円,正社員,飲食,求人ボックス,https://xn--pckua2a7gp15o89zb.com/jbn/38a3c3db9a1d1819de5f1bfcf7024454,True,13時間前,2026-09-19 04:17:23,愛知県
レストラン・専門料理店新着,株式会社ベスト・モア,愛知県,月給35万円～40万円,正社員,飲食,求人ボックス,https://xn--pckua2a7gp15o89zb.com/jbn/d9995e04c9e3923635f972cde3b8df2d,True,13時間前,2026-09-19 04:17:23,愛知県
レストラン・専門料理店新着,有限会社リード,愛知県,月給24万円～37万円,正社員,飲食,求人ボックス,https://xn--pckua2a7gp15o89zb.com/jbn/2695490fb0ce7e37c740a3d199d97e5a,True,13時間前,2026-09-19 04:17:23,愛知県
レストラン・専門料理店新着,株式会社アントワークス,愛知県,月給34万円～49万円,正社員,飲食,求人ボックス,https://xn--pckua2a7gp15o89zb.com/jbn/f2df1f0addeae7b9c23afa5caa7fcefe,True,12時間前,2026-09-19 04:17:23,愛知県
レストラン・専門料理店新着,株式会社ミツオ,愛知県,月給22万円～27万円,契約社員,飲食,求人ボックス,https://xn--pckua2a7gp15o89zb.com/jbn/2e9526f3cfb8f5cb3ea40c37875601b9,True,13時間前,2026-09-19 04:17:23,愛知県
レストラン・専門料理店新着,株式会社ひらまつ,愛知県,"月給29万1,000円",正社員,飲食,求人ボックス,https://xn--pckua2a7gp15o89zb.com/jbn/22c3f2502f718087b88fc4df35396f21,True,12時間前,2026-09-19 04:17:23,愛知県
レストラン・専門料理店新着,株式会社物語コーポレーション,愛知県,月給28万円～42万円,正社員,飲食,求人ボックス,https://xn--pckua2a7gp15o89zb.com/jbn/0f92ae9ccc7ab631572b347356c09fb0,True,12時間前,2026-09-19 04:17:23,愛知県
レストラン・専門料理店／社会保険完備／シフト制／ブランクOK新着,アイコニア・ホスピタリティ株式会社,愛知県,月給25万円～35万円,正社員,飲食,求人ボックス,https://xn--pckua2a7gp15o89zb.com/jbn/b3e9bc5c78eb807a3b8f65224748b226,True,13時間前,2026-09-19 04:17:26,愛知県
レストラン・専門料理店新着,株式会社ファイブレシピ,愛知県,月給24万円～28万円,正社員,飲食,求人ボックス,https://xn--pckua2a7gp15o89zb.com/jbn/fa50069e2fe117f615e788ccc390a40d,True,12時間前,2026-09-19 04:17:26,愛知県
レストラン・専門料理店新着,ベーグジャパン株式会社,愛知県,月給21万円～50万円,正社員,飲食,求人ボックス,https://xn--pckua2a7gp15o89zb.com/jbn/cae8eb9775fe7db55d021bb275ba65ed,True,13時間前,2026-09-19 04:17:26,愛知県
レストラン・専門料理店新着,株式会社大庄,愛知県,月給24万円～30万,正社員,飲食,求人ボックス,https://xn--pckua2a7gp15o89zb.com/jbn/12d86aad3d527318b6a3933718073753,True,12時間前,2026-09-19 04:17:26,愛知県
レストラン・専門料理店新着,日本ピザハット株式会社,愛知県,"月給20万6,300円",正社員,飲食,求人ボックス,https://xn--pckua2a7gp15o89zb.com/jbn/6adb7c58d196d4e3bef36c89ef214916,True,13時間前,2026-09-19 04:17:26,愛知県
レストラン・専門料理店新着,株式会社光,愛知県,月給35万円～37万円,正社員,飲食,求人ボックス,https://xn--pckua2a7gp15o89zb.com/jbn/484f2abfde9467bb2474a812bbae3ffa,True,13時間前,2026-09-19 04:17:26,愛知県
レストラン・専門料理店新着,株式会社シュゼット・ホールディングス,愛知県,"月給21万6,100円",正社員,飲食,求人ボックス,https://xn--pckua2a7gp15o89zb.com/jbn/b6a57b404ec2fa303a3578e4772a8dd3,True,13時間前,2026-09-19 04:17:26,愛知県
レストラン・専門料理店新着,株式会社名鉄インプレス,愛知県,月給27万円～30万円,正社員,飲食,求人ボックス,https://xn--pckua2a7gp15o89zb.com/jbn/eb33c9de6c80d7016d352d194bd6af0a,True,13時間前,2026-09-19 04:17:30,愛知県
レストラン・専門料理店新着,アイコーサービス株式会社,愛知県,"月給18万8,000円",正社員,飲食,求人ボックス,https://xn--pckua2a7gp15o89zb.com/jbn/4d04bc7b21f3f8d606ce8a7438db506a,True,12時間前,2026-09-19 04:17:30,愛知県
レストラン・専門料理店新着,有限会社エイ・アンド・ティー,愛知県,月給25万円,正社員,飲食,求人ボックス,https://xn--pckua2a7gp15o89zb.com/jbn/5c1393c42824ed36a8d6f82677802415,True,13時間前,2026-09-19 04:17:30,愛知県
レストラン・専門料理店新着,株式会社ペッパーフードサービス,愛知県,月給30万円～35万円,正社員,飲食,求人ボックス,https://xn--pckua2a7gp15o89zb.com/jbn/32172a2c3f04e6b9eb8d568ef3dad3eb,True,13時間前,2026-09-19 04:17:30,愛知県
レストラン・専門料理店新着,株式会社ピューターズ,愛知県,"月給27万9,500円",正社員,飲食,求人ボックス,https://xn--pckua2a7gp15o89zb.com/jbn/d5eca5f089379c0f196486ff448b34b0,True,13時間前,2026-09-19 04:17:30,愛知県
レストラン・専門料理店新着,株式会社銀座おのでら,愛知県,月給28万円～40万円,正社員,飲食,求人ボックス,https://xn--pckua2a7gp15o89zb.com/jbn/46a0aa12036064064e5ae425c0974d84,True,13時間前,2026-09-19 04:17:30,愛知県
ペットショップの飼育補助スタッフ／アミーゴ神の倉店通勤・勤務環境系／賞与あり／通勤の負担をサポート新着,株式会社犬の家 アミーゴ神の倉店,愛知県,"月給20万6,000円",正社員,飲食,求人ボックス,https://xn--pckua2a7gp15o89zb.com/jbn/460c0663ad87ebb784abf8cf0946d90c,True,21時間前,2026-09-19 04:17:30,愛知県
完全在宅／未経験可／問い合わせ窓口／年休125日以上新着,...経験不問/未経験者活躍中・第二新卒活躍中資格不問/無資格歓迎・ブランク歓迎・学歴不問ハローワークでお探しの方も歓迎 先輩たちの前職をご紹介! 営業、事務、販売,愛知県,"月給22万4,900円",正社員,飲食,求人ボックス,https://xn--pckua2a7gp15o89zb.com/jbn/9e8987c65b21bd8232e1839f75d94d9a,True,12時間前,2026-09-19 04:17:33,愛知県
事務職／営業事務／残業ほぼなし／産休・育休あり／未経験から安心スタート／ネイル・ピアスOK新着,20代30代の,愛知県,"月給22万2,000円",正社員,飲食,求人ボックス,https://xn--pckua2a7gp15o89zb.com/jbn/80e89bbd83cd31b6bd8df1dfc41ae1e4,True,5時間前,2026-09-19 04:17:33,愛知県
「AIや最新技術に興味がある方におすすめ」／AIエンジニア／未経験歓迎／資格取得支援あり新着,株式会社SNJAPAN,愛知県,月給27万円～34万円,正社員,飲食,求人ボックス,https://xn--pckua2a7gp15o89zb.com/jbn/537aec6349dfbffd89e5c6d8a0d435a0,True,13時間前,2026-09-19 04:17:33,愛知県
事務職／営業事務／有給休暇あり／20〜30代女性活躍中／賞与・昇給あり／産休あり新着,<活かせる経験> 事務やデータ入力の業務経験 Excelスキル、PCの基本操作充実のスキルサポート体制があるため、アパレル販売、,愛知県,"月給22万5,000円",正社員,飲食,求人ボックス,https://xn--pckua2a7gp15o89zb.com/jbn/de22860ef1db09884a694a966615f779,True,6時間前,2026-09-19 04:17:33,愛知県
データ入力・事務／ブランクOK／充実の研修で安心スタート!／福利厚生充実新着,<活かせる経験> 事務やデータ入力の業務経験 Excelスキル、PCの基本操作充実のスキルサポート体制があるため、アパレル販売、,愛知県,"月給22万4,000円",正社員,飲食,求人ボックス,https://xn--pckua2a7gp15o89zb.com/jbn/e4bef0ecbefc8cee64e888a3b474d1a6,True,5時間前,2026-09-19 04:17:33,愛知県
事務職／総務事務／残業なし／服装髪型自由／賞与・昇給あり／ネイル・ピアス自由新着,20代30代の,愛知県,"月給22万3,000円",正社員,飲食,求人ボックス,https://xn--pckua2a7gp15o89zb.com/jbn/1cb174e8026bc5718791ac633f23518a,True,5時間前,2026-09-19 04:17:33,愛知県
データ入力・事務／充実の研修で安心スタート!／マニュアル完備／ブランクOK新着,<活かせる経験> 事務やデータ入力の業務経験 Excelスキル、PCの基本操作充実のスキルサポート体制があるため、アパレル販売、,愛知県,月給20万円～50万円,正社員,飲食,求人ボックス,https://xn--pckua2a7gp15o89zb.com/jbn/8036804adb8a348fe72081c8e27509ef,True,5時間前,2026-09-19 04:17:37,愛知県
データ入力・事務／充実の研修で安心スタート!／若い者歓迎／福利厚生充実新着,20代30代の,愛知県,"月給22万6,000円",正社員,飲食,求人ボックス,https://xn--pckua2a7gp15o89zb.com/jbn/dc9bbbecfe67d6beb944a6f91920fb25,True,5時間前,2026-09-19 04:17:37,愛知県
「ゲーム好きな方にぴったり!」／人気ゲームのテストプレイ／未経験歓迎／研修制度充実新着,株式会社Tetote,愛知県,月給27万円～34万円,正社員,飲食,求人ボックス,https://xn--pckua2a7gp15o89zb.com/jbn/9e1cc8bc170c79e33400d7a18009ef80,True,14時間前,2026-09-19 04:17:37,愛知県
ずんどう屋 店舗マネージャー新着,株式会社ZUND,愛知県,月給45万円～49万円,正社員,飲食,求人ボックス,https://xn--pckua2a7gp15o89zb.com/jbn/774a525b9b458c8374e5e6b25a67a296,True,22時間前,2026-09-19 04:17:37,愛知県
事務職／一般事務／未経験から安心スタート／家庭と両立できる職場／年間休日125日以上／ネイルOK新着,20代30代の,愛知県,"月給22万3,000円",正社員,飲食,求人ボックス,https://xn--pckua2a7gp15o89zb.com/jbn/07c42488f817911dcc5049a1271ce3f3,True,5時間前,2026-09-19 04:17:37,愛知県
事務職／一般事務／年間休日125日／20代歓迎!／残業ほぼなし／賞与・昇給あり新着,20代30代の,愛知県,"月給22万4,000円",正社員,飲食,求人ボックス,https://xn--pckua2a7gp15o89zb.com/jbn/1d9818e67705f5113165c67e8669e221,True,5時間前,2026-09-19 04:17:41,愛知県
飲食経験1年以上 老舗居酒屋の調理スタッフ 店舗拡大予定 キャリアップ可新着,株式会社たから屋グループ,愛知県,月給27万円～45万円,正社員,飲食,求人ボックス,https://xn--pckua2a7gp15o89zb.com/jb/a21200b627a4e244af1e3e366ef90dda,True,4時間前,2026-09-19 04:17:41,愛知県
レストラン・専門料理店新着,株式会社サーラホテル&レストランズ,愛知県,"月給22万5,000円",正社員,飲食,求人ボックス,https://xn--pckua2a7gp15o89zb.com/jbn/c9a59f4332a0cfd1dcc95c98138c12d4,True,13時間前,2026-09-19 04:17:41,愛知県
データ入力・事務／ブランクOK／マニュアル完備／充実の研修で安心スタート新着,スタッフ,愛知県,月給20万円～50万円,正社員,飲食,求人ボックス,https://xn--pckua2a7gp15o89zb.com/jbn/30b168176b115d910041d63f13a08b36,True,5時間前,2026-09-19 04:17:41,愛知県
データ入力・事務／教育体制あり／充実の研修で安心スタート!／マニュアル完備新着,20代30代の,愛知県,月給20万円～50万円,正社員,飲食,求人ボックス,https://xn--pckua2a7gp15o89zb.com/jbn/f5758bda6f783cf47ad22d10426bca79,True,5時間前,2026-09-19 04:17:41,愛知県
事務スタッフ／充実の研修で安心スタート!／教育体制あり／福利厚生充実／マニュアル完備新着,<異業種からの転職者も活躍中!>アパレル販売、,愛知県,月給22万500円,正社員,飲食,求人ボックス,https://xn--pckua2a7gp15o89zb.com/jbn/1f6819ea368349ef0f4278bac735f545,True,7時間前,2026-09-19 04:17:44,愛知県
受付・データ入力スタッフ／充実の研修で安心スタート!／完全週休2日制／丁寧な教育体制新着,<異業種からの転職者も活躍中!>アパレル販売、,愛知県,月給21万500円,正社員,飲食,求人ボックス,https://xn--pckua2a7gp15o89zb.com/jbn/30a75497cbed38bba1dd4b9672cd40d9,True,7時間前,2026-09-19 04:17:44,愛知県
「事務スタッフ」／ブランクOK／充実の研修で安心スタート!／福利厚生充実／残業少なめ／サポート業務新着,アパレル販売、,愛知県,"月給22万3,000円",正社員,飲食,求人ボックス,https://xn--pckua2a7gp15o89zb.com/jbn/d1a21d06554b000d797de7faba940c73,True,5時間前,2026-09-19 04:17:44,愛知県
給食スタッフ／キッチン／フード系 15時まで 子供たちの笑顔がやりがい こども園での給食調理新着,株式会社アイコーメディカル,愛知県,"時給1,210円～",アルバイト・パート,飲食,求人ボックス,https://xn--pckua2a7gp15o89zb.com/jb/0eeb52558e0dd214b52273e0166052f1,True,23時間前,2026-09-19 04:17:44,愛知県
「バックオフィススタッフ」／充実の研修で安心スタート!／福利厚生充実／未経験でも安心／残業少なめ新着,アパレル販売、,愛知県,月給20万円～50万円,正社員,飲食,求人ボックス,https://xn--pckua2a7gp15o89zb.com/jbn/67226133c436c66281761f96bf41d337,True,5時間前,2026-09-19 04:17:44,愛知県
「デスクワーク」／事務スタッフ／完全週休2日制／充実の研修で安心スタート!／未経験OK／高収入新着,前職は美容部員や携帯ショップ店員、,愛知県,"月給22万6,000円",正社員,飲食,求人ボックス,https://xn--pckua2a7gp15o89zb.com/jbn/1135232aa759d434304e10406435d166,True,5時間前,2026-09-19 04:17:44,愛知県
「デスクワーク」／事務スタッフ／未経験OK／充実の研修で安心スタート!／完全週休2日制／高収入新着,前職は美容部員や携帯ショップ店員、,愛知県,"月給21万9,000円",正社員,飲食,求人ボックス,https://xn--pckua2a7gp15o89zb.com/jbn/531cee10b41e8cc434bc85c784f23a74,True,6時間前,2026-09-19 04:17:47,愛知県
「バックオフィススタッフ」／充実の研修で安心スタート!／年間休日120日以上／福利厚生充実新着,スタッフ,愛知県,"月給20万5,000円",正社員,飲食,求人ボックス,https://xn--pckua2a7gp15o89zb.com/jbn/a024cee24b1f106bc807369396ab086a,True,5時間前,2026-09-19 04:17:47,愛知県
データ入力・事務／ブランクOK／充実の研修で安心スタート!／マニュアル完備新着,実際に活躍しているメンバーの前職も、アパレル販売、,愛知県,"月給20万5,000円",正社員,飲食,求人ボックス,https://xn--pckua2a7gp15o89zb.com/jbn/efa59cb8cac1d2a985240972a9d1125d,True,5時間前,2026-09-19 04:17:47,愛知県
「デスクワーク」／MAX給与50万可能／充実の研修で安心スタート!／残業月10時間以下／高収入新着,<前職はさまざま>,愛知県,月給20万円～50万円,正社員,飲食,求人ボックス,https://xn--pckua2a7gp15o89zb.com/jbn/4bb1abf1d70269eba1203ac23b576721,True,6時間前,2026-09-19 04:17:47,愛知県
バックオフィススタッフ／充実の研修で安心スタート!／年間休日120日以上／福利厚生充実新着,<異業種からの転職者も活躍中!>アパレル販売、,愛知県,月給21万500円,正社員,飲食,求人ボックス,https://xn--pckua2a7gp15o89zb.com/jbn/6b462725c0a94283277a1cb8dfe7a963,True,7時間前,2026-09-19 04:17:47,愛知県
「オフィスワーク」／事務スタッフ／職種未経験歓迎／完全週休2日制／年間休日120日以上／高収入新着,アパレル販売、,愛知県,月給23万円～50万円,正社員,飲食,求人ボックス,https://xn--pckua2a7gp15o89zb.com/jbn/97ad44c6a32b3879b4048988550ca680,True,6時間前,2026-09-19 04:17:47,愛知県
データ入力・事務／充実の研修で安心スタート!／福利厚生充実／教育体制あり新着,実際に活躍しているメンバーの前職も、アパレル販売、,愛知県,"月給21万9,000円",正社員,飲食,求人ボックス,https://xn--pckua2a7gp15o89zb.com/jbn/3662d02d0de3e4bc773a47a4355fd47b,True,5時間前,2026-09-19 04:17:47,愛知県
保育士 仲良しな職場で乳児とふれあう楽しい日々新着,株式会社ウィルオブ・ワーク,岐阜県,"時給1,300円",派遣社員,保育,求人ボックス,https://xn--pckua2a7gp15o89zb.com/jb/05d94ae5f3be0073c29ae8f52e2e97e2,True,11時間前,2026-09-19 04:17:51,岐阜県
保育士／土日祝休み 1日3時間から相談OK!ブランク歓迎の認可保育園で...新着,茜部保育園,岐阜県,"時給1,330円～",アルバイト・パート,保育,求人ボックス,https://xn--pckua2a7gp15o89zb.com/jb/d79ed10f44447006a184120a76bc6bb7,True,22時間前,2026-09-19 04:17:51,岐阜県
保育士 幼稚園教諭 保育教諭／マイカー通勤可能・駐車場無料新着,姫こども園,岐阜県,"月給21万6,200円",正社員,保育,求人ボックス,https://xn--pckua2a7gp15o89zb.com/jb/451c495bf5979200cbc1115c605f7f48,True,22時間前,2026-09-19 04:17:51,岐阜県
「美濃市」午前のみOK!午後のみOK!／保育園での保育業務または保育アシスタント新着,株式会社ベル,岐阜県,"時給1,300円",派遣社員,保育,求人ボックス,https://xn--pckua2a7gp15o89zb.com/jb/89197754608ef516b6e7722110b9e1c7,True,12時間前,2026-09-19 04:17:51,岐阜県
放課後等デイサービスの指導員新着,株式会社ラディアント,岐阜県,"月給19万4,000円",正社員,保育,求人ボックス,https://xn--pckua2a7gp15o89zb.com/jb/77bdd9f7f347f3828368e929a170dc4e,True,3時間前,2026-09-19 04:17:51,岐阜県
事務 正社員／未経験大歓迎／土日祝休み／年間休日125日／20代女性活躍中／おしゃれOK新着,マンパワーグループ株式会社,岐阜県,"月給18万8,000円",正社員,保育,求人ボックス,https://xn--pckua2a7gp15o89zb.com/jbn/c7c0a5cedc098969c625e895aa9038c5,True,18時間前,2026-09-19 04:17:51,岐阜県
児童指導員 ブランク、資格があって未経験もOK新着,株式会社海鵬,岐阜県,"時給1,400円～2,200円",アルバイト・パート,保育,求人ボックス,https://xn--pckua2a7gp15o89zb.com/jb/0f1db877263c1ec36c3bc1723252e9ff,True,11時間前,2026-09-19 04:17:51,岐阜県
職業指導員 障がいを持つ方の作業支援 1日5時間 週4日から可新着,ウィンキャリア株式会社,岐阜県,"時給1,150円",アルバイト・パート,保育,求人ボックス,https://xn--pckua2a7gp15o89zb.com/jb/57fdaf9f2630e2ec5d77c05966c7de97,True,3時間前,2026-09-19 04:17:51,岐阜県
未経験からインストラクターへ 月給25万円～・賞与年2回 年末年始は14連休あり キッズスポーツ教室新着,株式会社J-PRoach,岐阜県,月給25万円～,正社員,保育,求人ボックス,https://xn--pckua2a7gp15o89zb.com/jb/244ec95f2bb94fcb46b069766432d693,True,9時間前,2026-09-19 04:17:51,岐阜県
社会保険完備の職場で歯科衛生士新着,医療法人山内歯科多治見おとなこども矯正,岐阜県,"時給1,800円～2,500円",アルバイト・パート,保育,求人ボックス,https://xn--pckua2a7gp15o89zb.com/jb/e8f8b59b124d9061d11dd27cc12210ca,True,7時間前,2026-09-19 04:17:51,岐阜県
相談員新着,社会福祉法人サン・ビジョン,岐阜県,"月給24万1,500円",正社員,保育,求人ボックス,https://xn--pckua2a7gp15o89zb.com/jb/4d30cdca08ac94f84c001d7a6a91034b,True,10時間前,2026-09-19 04:17:51,岐阜県
U-25限定 niko and.などの アパレル販売 第二新卒新着,株式会社アダストリア,岐阜県,"月給24万5,000円",正社員,保育,求人ボックス,https://xn--pckua2a7gp15o89zb.com/jb/745d7715f430a03323cd5fa2ae1d8558,True,1時間前,2026-09-19 04:17:51,岐阜県
社会保険完備の職場で生活相談員新着,介護付有料老人ホームウィステリア,岐阜県,"月給21万5,000円",正社員,保育,求人ボックス,https://xn--pckua2a7gp15o89zb.com/jb/81c4ca0a52f09030adc9f279b8d14d62,True,6時間前,2026-09-19 04:17:51,岐阜県
有料老人ホームでの施設長／オープニングスタッフ 正社員の施設管理者 年間休日115日!新着,株式会社ナイスマン,岐阜県,月給50万円～,正社員,保育,求人ボックス,https://xn--pckua2a7gp15o89zb.com/jb/112f9f0f07b5c81ae540f85f8cf23fca,True,7時間前,2026-09-19 04:17:51,岐阜県
介護福祉士／介護老人保健施設新着,医療法人社団瑞鳳会 介護老人保健施設 ハートケア...,岐阜県,月給16万円～17万円,正社員,保育,求人ボックス,https://xn--pckua2a7gp15o89zb.com/jb/4b6aa95a6580686a12db8bd6c5a0e736,True,3時間前,2026-09-19 04:17:51,岐阜県
介護福祉士／特別養護老人ホーム新着,特別養護老人ホーム ハートステージ鳳,岐阜県,"月給15万4,000円",正社員,保育,求人ボックス,https://xn--pckua2a7gp15o89zb.com/jb/9da9739709c66586c1dd0179fb53b8bb,True,3時間前,2026-09-19 04:17:51,岐阜県
理学療法士／訪問看護／ナーシングホーム／月給最大30万円以上可能!子育て応援新着,花の木訪問看護ステーション,岐阜県,月給26万700円,正社員,保育,求人ボックス,https://xn--pckua2a7gp15o89zb.com/jb/574b493701c76a69d28605412617aeb4,True,17時間前,2026-09-19 04:17:51,岐阜県
介護福祉士／特別養護老人ホーム新着,社会福祉法人萱垣会 特別養護老人ホーム延暦寺広済寮,岐阜県,"月給19万2,550円",正社員,保育,求人ボックス,https://xn--pckua2a7gp15o89zb.com/jb/4a71944842c55f9d6c15a39eecfa1e7d,True,4時間前,2026-09-19 04:17:51,岐阜県
栄養士／認定こども園／大野こども園新着,社会福祉法人擁童協会,岐阜県,"時給1,080円～1,280円",アルバイト・パート,保育,求人ボックス,https://xn--pckua2a7gp15o89zb.com/jb/d2885bdd2b0379b7d34b977cb68b2bbd,True,22時間前,2026-09-19 04:17:51,岐阜県
住み込みリゾートバイト スキー場のカフェ・ラウンジスタッフ新着,株式会社ワクトリ,岐阜県,"時給1,200円～",派遣社員,保育,求人ボックス,https://xn--pckua2a7gp15o89zb.com/jb/3750e03a0fc8f93f58aa9eb0e65544ac,True,5時間前,2026-09-19 04:17:51,岐阜県
プライベートサロンの美容師新着,add.,岐阜県,"時給1,200円～2,000円",アルバイト・パート,美容,求人ボックス,https://xn--pckua2a7gp15o89zb.com/jb/475bf8163ecd723b1dfc3855d56b4349,True,22時間前,2026-09-19 04:17:55,岐阜県
美容師／スタッフ／ノエマ新着,エピクス株式会社,岐阜県,月給27万円,正社員,美容,求人ボックス,https://xn--pckua2a7gp15o89zb.com/jb/ccd333c8e6e1418635986766e9aba340,True,7時間前,2026-09-19 04:17:55,岐阜県
無理なく長く働ける研修あり接客デビュー応援  可児新着,株式会社GRIVE 愛知,岐阜県,"時給1,500円～",契約社員,美容,求人ボックス,https://xn--pckua2a7gp15o89zb.com/jb/eec3bc8ca0fba9513f4fa2b7ccbd81d8,True,18時間前,2026-09-19 04:17:55,岐阜県
「クリニック受付」 クリニック受付／未経験OK・賞与2回・美容施術割引有新着,株式会社ディンプル,岐阜県,月給21万円～25万円,正社員,美容,求人ボックス,https://xn--pckua2a7gp15o89zb.com/jb/5c1bd2cb7b5d7497f572a5bf8ad0dfde,True,10時間前,2026-09-19 04:17:55,岐阜県
社会保険完備の職場で看護師／准看護師新着,ソフィアメディ訪問看護ステーション大垣北,岐阜県,"時給1,850円～2,050円",アルバイト・パート,美容,求人ボックス,https://xn--pckua2a7gp15o89zb.com/jb/ed7b7e17478e91a94fc3642ffe3254d8,True,6時間前,2026-09-19 04:17:55,岐阜県
社会保険完備の職場で看護師／准看護師新着,ソフィアメディ訪問看護ステーション大垣,岐阜県,"時給1,850円～2,050円",アルバイト・パート,美容,求人ボックス,https://xn--pckua2a7gp15o89zb.com/jb/3bbde2b2bb3850b673e802c2ff8e8b8f,True,6時間前,2026-09-19 04:17:55,岐阜県
20.30代活躍中 おじいちゃんおばあちゃんの見守りスタッフ新着,株式会社ウィルオブ・ワーク,岐阜県,"時給1,500円",派遣社員,美容,求人ボックス,https://xn--pckua2a7gp15o89zb.com/jb/bf6ad08a8be4de61f7aa1599db7205a8,True,19時間前,2026-09-19 04:17:55,岐阜県
営業新着,...相談される人間関係作りが大切です) 土地診断 ご成約 収益物件の建設 完成引き渡し・賃貸事業開始 【経験など】先輩たちの前職は、居酒屋やカフェの飲食店スタッフ、アパレルショップ店員、,岐阜県,"月給25万5,000円",,美容,求人ボックス,https://xn--pckua2a7gp15o89zb.com/jb/c7c04268483a874e676f1e781bdc5442,True,8時間前,2026-09-19 04:17:55,岐阜県
一般事務新着,トライアロー株式会社,岐阜県,"時給1,400円～",契約社員,建設,求人ボックス,https://xn--pckua2a7gp15o89zb.com/jb/00f2f9c1355e8332242244481b687d09,True,18時間前,2026-09-19 04:17:56,岐阜県
ものづくりスタッフ 溶接に特化した専門企業 未経験も可 毎週ノー残デーあり 資格取得をサポート新着,小島工業株式会社,岐阜県,月給25万円～40万円,正社員,建設,求人ボックス,https://xn--pckua2a7gp15o89zb.com/jb/bd58c7b77e842182b6cf0c15876ec264,True,3時間前,2026-09-19 04:17:56,岐阜県
空調衛生設備施工管理／設備施工管理／S造新築工事 大手勤務新着,株式会社コプロコンストラクション,岐阜県,"月給27万1,180円",派遣社員,建設,求人ボックス,https://xn--pckua2a7gp15o89zb.com/jb/124770b84b68cd70abbc13ac77532d26,True,16時間前,2026-09-19 04:17:56,岐阜県
国道の現場作業員新着,日本ハイウエイ・サービス株式会社,岐阜県,月給25万円～40万円,正社員,建設,求人ボックス,https://xn--pckua2a7gp15o89zb.com/jb/1dc1a08926eae2e15ea8d95aa206daec,True,21時間前,2026-09-19 04:17:56,岐阜県
資格経験不要!資格取得支援あり 手に職つけて長く働ける!U・Iターン歓迎 引越手当支給新着,株式会社コンシェルテック,岐阜県,月給20万円～30万円,正社員,建設,求人ボックス,https://xn--pckua2a7gp15o89zb.com/jb/94f7d9e70e7bedb511dd24ff3397d4c6,True,22時間前,2026-09-19 04:17:56,岐阜県
建設現場の法人営業・管理スタッフ新着,丸門建設株式会社,岐阜県,月給30万円～,正社員,建設,求人ボックス,https://xn--pckua2a7gp15o89zb.com/jb/d8cf9c1410818f526580735e37b7daaf,True,12時間前,2026-09-19 04:17:56,岐阜県
総合職／売上高10兆円超え、イオングループで多彩なキャリア!年間休日125日／選考はすべてWEB新着,イオンビッグ株式会社,岐阜県,年収300万円～400万円,正社員,建設,求人ボックス,https://xn--pckua2a7gp15o89zb.com/jb/f60c2eec207377d6d655897cbbefa515,True,14時間前,2026-09-19 04:17:56,岐阜県
大手建設会社の事務所における一般事務／車通勤OK／土日休み／社員食堂あり／休憩スペースあり新着,他になく柔軟な雇用形態にて従業員のモチベーションアップとレベルアップができる環境が整っています。...,岐阜県,"時給1,500円",派遣社員,建設,求人ボックス,https://xn--pckua2a7gp15o89zb.com/jb/c404d19651c36b6c5608de3b53ed59fa,True,3時間前,2026-09-19 04:17:56,岐阜県
建築施工管理業務新着,株式会社建設キャリア,岐阜県,月給30万円～65万円,派遣社員,建設,求人ボックス,https://xn--pckua2a7gp15o89zb.com/jb/bdef21c7c925ae8c6ba56ec91d4ee52f,True,9時間前,2026-09-19 04:17:56,岐阜県
医療事務・受付／PC・データ入力／受付 長期希望の方歓迎 キレイな調剤...新着,ジョブシティ,岐阜県,"時給1,350円～1,688円",派遣社員,医療事務,求人ボックス,https://xn--pckua2a7gp15o89zb.com/jb/6f4e1bf647f9ecc3e411dbb2a57f07ab,True,23時間前,2026-09-19 04:17:47,岐阜県
賞与年2回／医療事務未経験OK／有料老人ホームでの受付・事務新着,株式会社アンビス,岐阜県,"月給24万6,000円",正社員,医療事務,求人ボックス,https://xn--pckua2a7gp15o89zb.com/jb/45b30fc1392873b433ecf32b75be0ab9,True,13時間前,2026-09-19 04:17:47,岐阜県
医療事務／療養型病院新着,高井病院,岐阜県,"時給1,130円",アルバイト・パート,医療事務,求人ボックス,https://xn--pckua2a7gp15o89zb.com/jb/12c21e77a50544bf0dddabb7e3536607,True,22時間前,2026-09-19 04:17:48,岐阜県
医療事務募集新着,新美クリニック,岐阜県,"時給1,121円～1,200円",アルバイト・パート,医療事務,求人ボックス,https://xn--pckua2a7gp15o89zb.com/jb/b0455ac28391843eeac3b8ccc08094a4,True,6時間前,2026-09-19 04:17:48,岐阜県
医師の頼れるサポーター募集 未経験OKの病院ワーク 医療事務のお仕事新着,株式会社ベル,岐阜県,"時給1,310円～",派遣社員,医療事務,求人ボックス,https://xn--pckua2a7gp15o89zb.com/jb/f3146af56cfd0c6ad42242819c8bffd0,True,12時間前,2026-09-19 04:17:48,岐阜県
「20代・30代の若手が活躍中!」／Webエンジニア／未経験OK／長期安定／20〜30代活躍中新着,株式会社Tetote,岐阜県,月給27万円～34万円,正社員,医療事務,求人ボックス,https://xn--pckua2a7gp15o89zb.com/jbn/fa8d505aa564795cf7763ee1dfed0e17,True,16時間前,2026-09-19 04:17:52,岐阜県
「引っ越し先の心配はいりません」／ゲームプログラマー／未経験OK／研修制度充実／20~30代活躍中新着,株式会社SNJAPAN,岐阜県,月給27万円～34万円,正社員,医療事務,求人ボックス,https://xn--pckua2a7gp15o89zb.com/jbn/df23d8c1994081c482d87507dfb21a19,True,15時間前,2026-09-19 04:17:55,岐阜県
「未経験からAIエンジニアを目指せる!」／AIエンジニア／AIシステムの動作を確認新着,このお仕事の特徴一般,岐阜県,月給27万円～34万円,正社員,医療事務,求人ボックス,https://xn--pckua2a7gp15o89zb.com/jbn/2f2ff260b5a8ea05c6a327e1d883bb69,True,16時間前,2026-09-19 04:17:55,岐阜県
「急ぎの転職にも対応します」ITアドバイザー／未経験OK／研修充実／福利厚生充実／20~30代活躍中新着,このお仕事の特徴一般,岐阜県,月給27万円～34万円,正社員,医療事務,求人ボックス,https://xn--pckua2a7gp15o89zb.com/jbn/7aa0399f2a91e10d521831ec6fb175b9,True,14時間前,2026-09-19 04:17:55,岐阜県
「話題のゲームをいち早く試してみたい方へ」／人気ゲームのテストプレイ／未経験OK／サポート体制充実新着,このお仕事の特徴一般,岐阜県,月給27万円～34万円,正社員,医療事務,求人ボックス,https://xn--pckua2a7gp15o89zb.com/jbn/962903a20d28cf70fc9096bed3f200c1,True,16時間前,2026-09-19 04:17:55,岐阜県
「遊ぶ側から支える側へ」ゲームテスター／未経験OK／研修あり／20~30代活躍中新着,このお仕事の特徴一般,岐阜県,月給27万円～34万円,正社員,医療事務,求人ボックス,https://xn--pckua2a7gp15o89zb.com/jbn/4dd8995c879868921b19b41552e893c7,True,14時間前,2026-09-19 04:17:57,岐阜県
「月収30万円を狙える!」／ゲームクリエイター／未経験OK／ゲームの画面や素材をコツコツ仕上げる新着,このお仕事の特徴一般,岐阜県,月給27万円～34万円,正社員,医療事務,求人ボックス,https://xn--pckua2a7gp15o89zb.com/jbn/1a9aa6f83671501333500d74d80e6421,True,16時間前,2026-09-19 04:17:57,岐阜県
「未経験から人気タイトルに関われる!」／人気ゲームのテストプレイ／福利厚生充実／長期休暇あり新着,このお仕事の特徴一般,岐阜県,月給27万円～34万円,正社員,医療事務,求人ボックス,https://xn--pckua2a7gp15o89zb.com/jbn/326aec6eb1b9320e23fd3d2473fb8a0a,True,16時間前,2026-09-19 04:17:57,岐阜県
ゲームクリエイター／未経験歓迎／制作サポート業務／残業少なめ／年間休日120日以上新着,このお仕事の特徴一般,岐阜県,月給27万円～34万円,正社員,医療事務,求人ボックス,https://xn--pckua2a7gp15o89zb.com/jbn/bee1ec0653e5fc0f9112345822f2a2a5,True,14時間前,2026-09-19 04:18:00,岐阜県
「ゲーム開発に関わりたい方歓迎」／ゲームテストエンジニア／未経験OK／研修充実／20〜30代活躍中新着,このお仕事の特徴一般,岐阜県,月給27万円～34万円,正社員,医療事務,求人ボックス,https://xn--pckua2a7gp15o89zb.com/jbn/6d60ebc8934acce01f2583d35515c3f0,True,14時間前,2026-09-19 04:18:00,岐阜県
「同世代の仲間と一緒に成長できる!」／ITエンジニア／未経験OK／研修制度充実／20〜30代活躍中新着,このお仕事の特徴一般,岐阜県,月給27万円～34万円,正社員,医療事務,求人ボックス,https://xn--pckua2a7gp15o89zb.com/jbn/c2ff70d8124dadee4881141ede0cd878,True,14時間前,2026-09-19 04:18:03,岐阜県
「男性・女性スタッフが幅広く活躍中!」／アプリ開発エンジニア／未経験歓迎／研修制度充実／長期安定新着,このお仕事の特徴一般,岐阜県,月給27万円～34万円,正社員,医療事務,求人ボックス,https://xn--pckua2a7gp15o89zb.com/jbn/4d9f11bb18599ebbdefdc605e2751ea6,True,14時間前,2026-09-19 04:18:03,岐阜県
「入社までの待ち時間が短い」ゲームプログラマー／未経験OK／研修充実／安定企業勤務新着,このお仕事の特徴一般,岐阜県,月給27万円～34万円,正社員,医療事務,求人ボックス,https://xn--pckua2a7gp15o89zb.com/jbn/a155932184a8ddc21b371afbf1799dd1,True,11時間前,2026-09-19 04:18:07,岐阜県
「応募後スムーズにキャリアスタート!」／データサイエンティスト／スピード選考／未経験OK新着,このお仕事の特徴一般,岐阜県,月給27万円～34万円,正社員,医療事務,求人ボックス,https://xn--pckua2a7gp15o89zb.com/jbn/84392d282868382f1621da6f9b2c326e,True,16時間前,2026-09-19 04:18:07,岐阜県
「若手から開発スキルを身につける!」／アプリ開発エンジニア／未経験歓迎／福利厚生充実新着,このお仕事の特徴一般,岐阜県,月給27万円～34万円,正社員,医療事務,求人ボックス,https://xn--pckua2a7gp15o89zb.com/jbn/39c13bbb3968a606e7e5898eaceba58e,True,16時間前,2026-09-19 04:18:11,岐阜県
「ゲーム好きの目が活きる仕事」ゲームテスター／未経験OK／研修充実／かんたんチェック作業新着,このお仕事の特徴一般,岐阜県,月給27万円～34万円,正社員,医療事務,求人ボックス,https://xn--pckua2a7gp15o89zb.com/jbn/6ff878a5a41aae8a7c714fed14116417,True,14時間前,2026-09-19 04:18:11,岐阜県
「同世代の仲間と専門知識を身につける!」／データサイエンティスト／未経験OK／研修充実新着,このお仕事の特徴一般,岐阜県,月給27万円～34万円,正社員,医療事務,求人ボックス,https://xn--pckua2a7gp15o89zb.com/jbn/dc409f817afc3ad04b8aa9f96778f842,True,16時間前,2026-09-19 04:18:11,岐阜県
「面白さを組み立てる仕事」ゲームプランナー／未経験OK／研修充実業務／キャリアアップ可新着,このお仕事の特徴一般,岐阜県,月給27万円～34万円,正社員,医療事務,求人ボックス,https://xn--pckua2a7gp15o89zb.com/jbn/5640fdebfaeef36ed0253e695a583ed5,True,10時間前,2026-09-19 04:18:14,岐阜県
「性別を問わずゲーム開発に挑戦!」／ゲームプログラマー／未経験歓迎／資格取得支援あり／長期安定新着,このお仕事の特徴一般,岐阜県,月給27万円～34万円,正社員,医療事務,求人ボックス,https://xn--pckua2a7gp15o89zb.com/jbn/39b58a2e82d0981eee828e06e900f84e,True,16時間前,2026-09-19 04:18:14,岐阜県
介護職／ジョイフル岐阜駅／未経験可新着,社会福祉法人サン・ビジョン,岐阜県,月給24万円,契約社員,介護,求人ボックス,https://xn--pckua2a7gp15o89zb.com/jb/900dcd55578f271573cd693eb7b8a1f1,True,10時間前,2026-09-19 04:17:42,岐阜県
介護職／ショートステイ新着,ハートフロア松岡,岐阜県,月給23万円,正社員,介護,求人ボックス,https://xn--pckua2a7gp15o89zb.com/jb/50a1e990dd8e73f9f5789e415e314a60,True,47分前,2026-09-19 04:17:42,岐阜県
介護職／介護老人保健施設新着,医療法人社団仙寿会 介護老人保健施設 仙寿苑,岐阜県,"時給1,121円",アルバイト・パート,介護,求人ボックス,https://xn--pckua2a7gp15o89zb.com/jb/f6d96020e0e377fcb5d60b4f49281622,True,1時間前,2026-09-19 04:17:44,岐阜県
ショートステイ 夜勤専従介護職「パート・アルバイト」／そよ風公式新着,株式会社SOYOKAZE,岐阜県,"時給1,520円～1,670円",アルバイト・パート,介護,求人ボックス,https://xn--pckua2a7gp15o89zb.com/jb/1b98e08409cbf6e5a8b5640e308b09d5,True,2時間前,2026-09-19 04:17:44,岐阜県
「ペダル部品をカチッと組み付けるだけ!」／電動アシスト付き自転車の部品の製造／未経験OK新着,三陽工業株式会社,岐阜県,月給19万円～38万,正社員,介護,求人ボックス,https://xn--pckua2a7gp15o89zb.com/jbn/235d72e1546437a08423953a27891629,True,13時間前,2026-09-19 04:17:48,岐阜県
おじいちゃんおばあちゃんの生活支援スタッフ／高時給新着,株式会社ウィルオブ・ワーク,岐阜県,"時給1,500円",正社員,介護,求人ボックス,https://xn--pckua2a7gp15o89zb.com/jb/a25f6b6052558477d69f4ee1e67bab9f,True,19時間前,2026-09-19 04:17:52,岐阜県
ホームヘルパー／シフト自由／シフト制／大量募集／資格取得支援／長期活躍新着,ホームケア土屋 岐阜,岐阜県,"時給1,720円～1,850円",アルバイト・パート,介護,求人ボックス,https://xn--pckua2a7gp15o89zb.com/jbn/3769201895040de6de3f69447e41057b,True,23時間前,2026-09-19 04:17:52,岐阜県
サービス付き高齢者向け住宅の給食スタッフ新着,株式会社やまねメディカル かがやきレジデンス 岐...,岐阜県,"時給1,130円",正社員,介護,求人ボックス,https://xn--pckua2a7gp15o89zb.com/jb/de6edfb2f0f4a9f13bd368d231b72ce6,True,10時間前,2026-09-19 04:17:52,岐阜県
吉野家の店長候補／年収400万円以上可新着,株式会社吉野家ホールディングス,岐阜県,月給24万900円,正社員,介護,求人ボックス,https://xn--pckua2a7gp15o89zb.com/jb/2f8b64482dc4bf525faf680c50d9f0ff,True,4時間前,2026-09-19 04:17:55,岐阜県
人材派遣会社の法人営業新着,トーテック株式会社,岐阜県,月給27万円,正社員,介護,求人ボックス,https://xn--pckua2a7gp15o89zb.com/jb/93ec542ffb2ff7f007c0263c9a4040b7,True,12時間前,2026-09-19 04:17:59,岐阜県
レストラン・専門料理店新着,株式会社アルペン,岐阜県,月給26万円～31万,契約社員,介護,求人ボックス,https://xn--pckua2a7gp15o89zb.com/jbn/22e30d7a0f9d5ee7735ef71dbbe2b19c,True,12時間前,2026-09-19 04:17:59,岐阜県
看護職員 整形外科・内科・リハビリ科新着,医療法人社団瑞鳳会,岐阜県,"月給29万5,000円",正社員,介護,求人ボックス,https://xn--pckua2a7gp15o89zb.com/jb/fdf5b35e4a8f3b428e89c3759866d7a4,True,3時間前,2026-09-19 04:18:02,岐阜県
障害者支援施設に携わりたいサービス管理責任者新着,医療法人明萌会 障がい福祉部門,岐阜県,"月給20万6,000円",正社員,介護,求人ボックス,https://xn--pckua2a7gp15o89zb.com/jb/453f2fabf759f46f61fee249092fa6f1,True,6時間前,2026-09-19 04:18:02,岐阜県
送迎業務中心の介護タクシー／ドライバー新着,障害者支援施設 生活の家 桜美寮,岐阜県,"時給1,150円～",アルバイト・パート,介護,求人ボックス,https://xn--pckua2a7gp15o89zb.com/jb/c128acda3bf3a104da01da959ad647d3,True,6時間前,2026-09-19 04:18:02,岐阜県
正看護師・社会保険完備の職場で看護師／准看護師新着,ゴールドテラス羽島,岐阜県,"月給32万8,930円",正社員,介護,求人ボックス,https://xn--pckua2a7gp15o89zb.com/jb/900fd952d752cb1d66d257347d898de8,True,6時間前,2026-09-19 04:18:06,岐阜県
技術職／電子部品の薄膜装置オペレーター新着,株式会社オープンアップネクストエンジニア,岐阜県,月給22万円～55万円,正社員,介護,求人ボックス,https://xn--pckua2a7gp15o89zb.com/jb/4c078e4a9f48f60085d968f9e95d71bb,True,4時間前,2026-09-19 04:18:06,岐阜県
コツコツ派に向いている製造職!／リップケース部品の工場内サポート／寮完備／正社員採用新着,介護,岐阜県,月給38万円～42万,正社員,介護,求人ボックス,https://xn--pckua2a7gp15o89zb.com/jbn/13b2e795825a7eaace7bebd472996459,True,11時間前,2026-09-19 04:18:11,岐阜県
営業／学びのきっかけづくりが、その子の将来を大きく変える。他社では経験できないやりがいを未経験から新着,株式会社フーレイ,岐阜県,年収360万円～650万円,正社員,介護,求人ボックス,https://xn--pckua2a7gp15o89zb.com/jb/2e8a57608f84474b9daa4273271df274,True,15時間前,2026-09-19 04:18:14,岐阜県
全国／業界未経験OK EV 電気自動車 直営ストアの販売アドバイザー／インセンティブ充実新着,介護,岐阜県,年収400万円～800万円,正社員,介護,求人ボックス,https://xn--pckua2a7gp15o89zb.com/jb/98dca36eb8fb64548d93d9bc2b653e68,True,14時間前,2026-09-19 04:18:14,岐阜県
看護師新着,社会医療法人蘇西厚生会 松波総合病院,岐阜県,月給25万500円,正社員,介護,求人ボックス,https://xn--pckua2a7gp15o89zb.com/jb/c164e093704619f560380929fe271919,True,57分前,2026-09-19 04:18:14,岐阜県
最大180日サポートの 物流サポート事務 豊富な制度が使用可／kg新着,株式会社ワールドコーポレーション,岐阜県,"月給27万5,000円",正社員,介護,求人ボックス,https://xn--pckua2a7gp15o89zb.com/jb/3d47f2b1e28774fa3cdceb941c4f1b0e,True,1時間前,2026-09-19 04:18:14,岐阜県
"「岐阜市」一般事務職／時給1,400円新着",株式会社ベル,岐阜県,"時給1,400円",派遣社員,事務,求人ボックス,https://xn--pckua2a7gp15o89zb.com/jb/f832b904a0f38da7b14f29a411763544,True,12時間前,2026-09-19 04:17:57,岐阜県
15時までの短時間事務のお仕事／データ入力などの一般事務新着,株式会社エイペックス,岐阜県,"時給1,300円～1,625円",派遣社員,事務,求人ボックス,https://xn--pckua2a7gp15o89zb.com/jb/7ef00e32d143665fc74e0d19c9ccb2c2,True,18時間前,2026-09-19 04:17:57,岐阜県
「未経験OK」三菱電機で一般事務／土日祝休み&年間休日130日以上新着,メルコヒューマンポート株式会社,岐阜県,"時給1,320円",派遣社員,事務,求人ボックス,https://xn--pckua2a7gp15o89zb.com/jb/3f3c963870623ae03177e8df9dc976af,True,23時間前,2026-09-19 04:17:58,岐阜県
「大手企業でオフィスワークデビュー!」／一般事務／未経験95%新着,一般事務,岐阜県,"月給25万7,500円",正社員,事務,求人ボックス,https://xn--pckua2a7gp15o89zb.com/jbn/8b4548de22c002174e69ff3e5179993c,True,9時間前,2026-09-19 04:17:58,岐阜県
未経験からオフィスデビュー／一般事務／未経験から安定スタート新着,一般事務,岐阜県,"月給27万8,000円",正社員,事務,求人ボックス,https://xn--pckua2a7gp15o89zb.com/jbn/acc18ef7334f3f0a6e4219c80af048d6,True,9時間前,2026-09-19 04:17:58,岐阜県
同期と一緒にスタートしやすい／一般事務／福利厚生充実／No.580新着,一般事務,岐阜県,"月給29万6,000円",正社員,事務,求人ボックス,https://xn--pckua2a7gp15o89zb.com/jbn/aa2a556e3ebabf2f6d464bbc36a6ff3f,True,9時間前,2026-09-19 04:18:01,岐阜県
「未経験から安定スタート」／一般事務／オフィスワーク／未経験歓迎新着,一般事務,岐阜県,"月給26万3,000円",正社員,事務,求人ボックス,https://xn--pckua2a7gp15o89zb.com/jbn/18816b9e375407722e6677dce4950695,True,14時間前,2026-09-19 04:18:03,岐阜県
コツコツ派に人気／一般事務／オフィスワーク／未経験歓迎新着,一般事務,岐阜県,"月給27万3,000円",正社員,事務,求人ボックス,https://xn--pckua2a7gp15o89zb.com/jbn/11a6a1b20169275f3d204edb9625b8c1,True,14時間前,2026-09-19 04:18:03,岐阜県
未経験から安定スタート／一般事務／オフィスワーク／未経験歓迎新着,一般事務,岐阜県,"月給25万2,000円",正社員,事務,求人ボックス,https://xn--pckua2a7gp15o89zb.com/jbn/3b663df9c1c103fb560d1d3889c78511,True,14時間前,2026-09-19 04:18:07,岐阜県
製造メーカーでの一般事務 事務職 未経験可 日勤新着,株式会社ヨコタエンタープライズ,岐阜県,"時給1,250円",派遣社員,事務,求人ボックス,https://xn--pckua2a7gp15o89zb.com/jb/1cbb02ec3003e3e3334e837384f75ba1,True,3時間前,2026-09-19 04:18:07,岐阜県
岐阜市エリアでのお仕事! 未経験OK!大手企業の一般事務職／土日祝休み新着,株式会社ディンプル,岐阜県,"月給17万8,500円",正社員,事務,求人ボックス,https://xn--pckua2a7gp15o89zb.com/jb/b3284feab51cc2b76489ee56285adb16,True,10時間前,2026-09-19 04:18:07,岐阜県
事務／PC・データ入力／オフィス系 さかい珈琲などを展開する安定企業 未経験OKの一般事務新着,株式会社J・ART,岐阜県,月給22万円～,正社員,事務,求人ボックス,https://xn--pckua2a7gp15o89zb.com/jb/e1aa806b4df5134d451b6f8ba9380d72,True,17時間前,2026-09-19 04:18:11,岐阜県
一般事務・OA事務 ／ データエントリー業務／入力できればOK新着,パーソルテンプスタッフ株式会社,岐阜県,"時給1,300円",派遣社員,事務,求人ボックス,https://xn--pckua2a7gp15o89zb.com/jb/f13e21e6407485e915eacbf759aa0156,True,23時間前,2026-09-19 04:18:11,岐阜県
受付 ／ 一般事務・OA事務／公共サービスを支える総合窓口スタッフ新着,一般事務・,岐阜県,"時給1,300円～1,350円",,事務,求人ボックス,https://xn--pckua2a7gp15o89zb.com/jb/d96e37eb3ef9d7248e63699bd17aec82,True,19時間前,2026-09-19 04:18:15,岐阜県
一般事務業務新着,事務,岐阜県,"時給1,400円",派遣社員,事務,求人ボックス,https://xn--pckua2a7gp15o89zb.com/jb/8e40f57312ed45b19c25bb11f4eaff60,True,12時間前,2026-09-19 04:18:19,岐阜県
一般事務職、データ入力／事務所新着,株式会社バンダイナムコアミューズメント,岐阜県,"時給1,300円～",契約社員,事務,求人ボックス,https://xn--pckua2a7gp15o89zb.com/jb/000d8ddf671e5b35dd640dbce4a505c4,True,5時間前,2026-09-19 04:18:19,岐阜県
一般事務／ハンディキャップのある方の就労サポート／日勤／20～40代活...新着,フジアルテ株式会社,岐阜県,"時給1,500円～",契約社員,事務,求人ボックス,https://xn--pckua2a7gp15o89zb.com/jb/bb23353ad70951c631f55e3786f3984f,True,10時間前,2026-09-19 04:18:19,岐阜県
化学メーカーでの一般事務業務新着,株式会社ウィルオブ・ワーク,岐阜県,"時給1,700円",派遣社員,事務,求人ボックス,https://xn--pckua2a7gp15o89zb.com/jb/d41c5b6311a4fb7a1b28131299dbde9a,True,15時間前,2026-09-19 04:18:22,岐阜県
一般事務新着,株式会社リクルートスタッフィング,岐阜県,"時給1,380円～",派遣社員,事務,求人ボックス,https://xn--pckua2a7gp15o89zb.com/jb/2fe7f3915b4a251f3064899342d68ddf,True,19時間前,2026-09-19 04:18:22,岐阜県
「未経験から始めやすいスピード採用!」／Webエンジニア／スピード選考／研修充実／昇給制度あり新着,株式会社SNJAPAN,岐阜県,月給27万円～34万円,正社員,事務,求人ボックス,https://xn--pckua2a7gp15o89zb.com/jbn/f24e8bb7e5ab4f1769c3af158f82fc1d,True,14時間前,2026-09-19 04:18:22,岐阜県
「好きなことが技術に変わる」／ゲームプログラマー／寮費無料／研修あり／未経験歓迎／20〜30代活躍中新着,株式会社Tetote,岐阜県,月給27万円～34万円,正社員,事務,求人ボックス,https://xn--pckua2a7gp15o89zb.com/jbn/2c216681d1430ed182153b1cdaf075cf,True,15時間前,2026-09-19 04:18:26,岐阜県
「好きがスキルに変わる仕事!」／ゲームプログラマー／寮費無料／研修あり／未経験歓迎新着,このお仕事の特徴,岐阜県,月給27万円～34万円,正社員,事務,求人ボックス,https://xn--pckua2a7gp15o89zb.com/jbn/6f50e6e2d54528d8b5a6bd1f6bc6cd46,True,14時間前,2026-09-19 04:18:26,岐阜県
「男女問わずゲーム好きが活躍できる環境」／ゲームデバッガー／未経験歓迎／サポート体制充実／安定勤務新着,このお仕事の特徴,岐阜県,月給27万円～34万円,正社員,事務,求人ボックス,https://xn--pckua2a7gp15o89zb.com/jbn/67c105fa3fcfc28f19dca4b15b2645ce,True,14時間前,2026-09-19 04:18:26,岐阜県
「好きな世界観を形にできる!」／ゲームクリエイター／月収30万円以上可／寮完備／20〜30代活躍中新着,このお仕事の特徴,岐阜県,月給27万円～34万円,正社員,事務,求人ボックス,https://xn--pckua2a7gp15o89zb.com/jbn/44fdff8dbf0b3cd8e3825f4a9f2c54ab,True,14時間前,2026-09-19 04:18:26,岐阜県
看護師／デイサービス・デイケア新着,コンパスウォーク岐阜中央,岐阜県,月給27万円～,正社員,治療家,求人ボックス,https://xn--pckua2a7gp15o89zb.com/jb/39d6ff344973f9405cc059889dccaa80,True,7時間前,2026-09-19 04:18:30,岐阜県
夕方4時間のみの駐車場警備員／日給7000円新着,株式会社ダイヤモンド警備,岐阜県,日給7000円,アルバイト・パート,警備,求人ボックス,https://xn--pckua2a7gp15o89zb.com/jb/cd225603adb05ce7d14fa6d218e19bf8,True,2時間前,2026-09-19 04:18:33,岐阜県
「愛知県勤務」交通誘導／待遇に自信あり／引っ越しサポートあり・日払い週払い可新着,セキュリティスタッフ株式会社,岐阜県,"日給9,500円",正社員,警備,求人ボックス,https://xn--pckua2a7gp15o89zb.com/jb/08c439b1c9dc1fb69756a3e997d30172,True,3時間前,2026-09-19 04:18:33,岐阜県
モレラ岐阜の施設警備スタッフ／フルタイム新着,株式会社セキュリティコンシェルジュ,岐阜県,"時給1,250円",契約社員,警備,求人ボックス,https://xn--pckua2a7gp15o89zb.com/jb/986867ebbea822fe5c47adc94983e5d6,True,7時間前,2026-09-19 04:18:33,岐阜県
イベントの警備 オープニングスタッフ 未経験可 履歴書不要新着,株式会社レシーザ,岐阜県,"日給1万1,000円",アルバイト・パート,警備,求人ボックス,https://xn--pckua2a7gp15o89zb.com/jb/473b5bf91c353f1b62098a1ac28653db,True,3時間前,2026-09-19 04:18:33,岐阜県
クリーンスタッフ新着,昭和建物管理株式会社,岐阜県,"時給1,121円",アルバイト・パート,警備,求人ボックス,https://xn--pckua2a7gp15o89zb.com/jb/409f31660cef83d3cf68a37f46180f3c,True,17時間前,2026-09-19 04:18:33,岐阜県
積極採用中 日本の真ん中で始める交通誘導員 給与10日払い可／シフト融通新着,NSPセントラル株式会社,岐阜県,"日給9,000円",アルバイト・パート,警備,求人ボックス,https://xn--pckua2a7gp15o89zb.com/jb/25fb63dc95442aa4b8fa83093a5a102f,True,4時間前,2026-09-19 04:18:33,岐阜県
自動車部品の検査 未経験可 二交代制新着,株式会社ヨコタエンタープライズ,岐阜県,"月給21万3,000円",正社員,警備,求人ボックス,https://xn--pckua2a7gp15o89zb.com/jb/8da6ed5faa86af1065a578a6d939fa26,True,3時間前,2026-09-19 04:18:33,岐阜県
専門職新着,警備員・,岐阜県,"月給25万4,449円",,警備,求人ボックス,https://xn--pckua2a7gp15o89zb.com/jb/10abcc87d4030a31e6aed7e33a7900b8,True,10時間前,2026-09-19 04:18:33,岐阜県
「大手企業の数字まわりを支える!」／経理事務／未経験95%／未経験歓迎新着,経理,岐阜県,"月給25万2,400円",正社員,経理,求人ボックス,https://xn--pckua2a7gp15o89zb.com/jbn/a64a4de63d5d1a61b78bcf9cc21aa541,True,9時間前,2026-09-19 04:18:17,岐阜県
「PC入力ができれば応募OK!」コスメ・美容関連企業の経理サポート事務新着,経理,岐阜県,"月給25万7,000円",正社員,経理,求人ボックス,https://xn--pckua2a7gp15o89zb.com/jbn/0a0924895ce1c7d48da9232f7ab14aa0,True,9時間前,2026-09-19 04:18:17,岐阜県
コツコツ派に人気の仕事／経理サポート事務／オフィスワーク／研修充実新着,経理,岐阜県,月給32万円～38万,正社員,経理,求人ボックス,https://xn--pckua2a7gp15o89zb.com/jbn/19f7fe9a2ca83766068e36ce30de1b38,True,5時間前,2026-09-19 04:18:18,岐阜県
経理・財務 ／ データエントリー業務／経理系の経験者、資格がある方必見です 時給1600円!経理事務新着,パーソルテンプスタッフ株式会社,岐阜県,時給1600円,派遣社員,経理,求人ボックス,https://xn--pckua2a7gp15o89zb.com/jb/4d30d44b49c728e76be68efb0423b8f2,True,23時間前,2026-09-19 04:18:18,岐阜県
「岐阜市」フルタイム事務／オフィスワークで通販の舞台裏を支えるお仕事新着,株式会社ベル,岐阜県,"時給1,300円",派遣社員,経理,求人ボックス,https://xn--pckua2a7gp15o89zb.com/jb/e1c905bc959f3b03ae2f8a1228f021dd,True,12時間前,2026-09-19 04:18:18,岐阜県
未経験から始められる簡単データ入力!決まった項目をコツコツ入力するだけのシンプル事務ワーク新着,事務,岐阜県,月給26万円～27万,正社員,経理,求人ボックス,https://xn--pckua2a7gp15o89zb.com/jbn/d8858d0e22e7540bb096b6c01110621c,True,10時間前,2026-09-19 04:18:21,岐阜県
オフィスワーク初挑戦歓迎!入力中心で月収25〜35万円可新着,経理,岐阜県,"月給26万7,000円",正社員,経理,求人ボックス,https://xn--pckua2a7gp15o89zb.com/jbn/f7d4377c598826fafdc0c0849dd80263,True,10時間前,2026-09-19 04:18:21,岐阜県
「ゲームの裏側を支える仕事がしたい方におすすめ」／ゲームデバッガー／未経験歓迎／サポート体制充実新着,株式会社SNJAPAN,岐阜県,月給27万円～34万円,正社員,経理,求人ボックス,https://xn--pckua2a7gp15o89zb.com/jbn/0362261c7cc9bb3d8855c339ef3b680e,True,16時間前,2026-09-19 04:18:25,岐阜県
「好きな分野で高収入を目指す」／ゲームクリエイター／月収30万円以上可／未経験OK／研修あり新着,このお仕事の特徴一般,岐阜県,月給27万円～34万円,正社員,経理,求人ボックス,https://xn--pckua2a7gp15o89zb.com/jbn/6f3e8129db983aed1660af5c5d4b94d6,True,14時間前,2026-09-19 04:18:29,岐阜県
「入社までの待ち時間が短い」ゲームプログラマー／未経験OK／研修充実／安定企業勤務新着,このお仕事の特徴一般,岐阜県,月給27万円～34万円,正社員,経理,求人ボックス,https://xn--pckua2a7gp15o89zb.com/jbn/baa35629ca941da6f3d697a902bd88eb,True,14時間前,2026-09-19 04:18:33,岐阜県
「制作を後ろから支える企画補助」ゲームプランナー／未経験OK／研修あり／企画業務／20~30代活躍中新着,このお仕事の特徴一般,岐阜県,月給27万円～34万円,正社員,経理,求人ボックス,https://xn--pckua2a7gp15o89zb.com/jbn/957a0a550406b534f3798aa463d81f15,True,11時間前,2026-09-19 04:18:36,岐阜県
「ゼロからゲーム開発を学べる!」／ゲームテストエンジニア／未経験歓迎／研修制度充実新着,このお仕事の特徴一般,岐阜県,月給27万円～34万円,正社員,経理,求人ボックス,https://xn--pckua2a7gp15o89zb.com/jbn/9fcf53627dca9d57637313547d0fb99f,True,16時間前,2026-09-19 04:18:36,岐阜県
「まずは動作の確認作業から」アプリテスター／未経験OK／研修あり／チェック中心／20~30代活躍中新着,このお仕事の特徴一般,岐阜県,月給27万円～34万円,正社員,経理,求人ボックス,https://xn--pckua2a7gp15o89zb.com/jbn/12df96627b8b82df4abeda56f0c3c3ad,True,10時間前,2026-09-19 04:18:40,岐阜県
「企画力を伸ばしてキャリア形成」／ゲームプランナー／月収30万円以上可／未経験歓迎／教育体制あり新着,このお仕事の特徴一般,岐阜県,月給27万円～34万円,正社員,経理,求人ボックス,https://xn--pckua2a7gp15o89zb.com/jbn/1539b607e24bbee7c4843b8b829f29df,True,14時間前,2026-09-19 04:18:44,岐阜県
「分析の基礎から教わりたい方へ」データサイエンティスト／未経験相談OK／研修あり／20~30代活躍中新着,このお仕事の特徴一般,岐阜県,月給27万円～34万円,正社員,経理,求人ボックス,https://xn--pckua2a7gp15o89zb.com/jbn/d8b6fe6f3dbd9dfdc3e8ef4ba782c26e,True,10時間前,2026-09-19 04:18:44,岐阜県
「性別に関わらず評価される職場」ITアドバイザー／未経験OK／研修あり／20~30代活躍中新着,このお仕事の特徴一般,岐阜県,月給27万円～34万円,正社員,経理,求人ボックス,https://xn--pckua2a7gp15o89zb.com/jbn/6fd9f43e24bce17efe51bc640ed7cb4e,True,10時間前,2026-09-19 04:18:47,岐阜県
「動き出すなら今がちょうどいい」ゲームクリエイター／未経験OK／研修充実／長期安定新着,このお仕事の特徴一般,岐阜県,月給27万円～34万円,正社員,経理,求人ボックス,https://xn--pckua2a7gp15o89zb.com/jbn/2a3c800e9b5f6108c72dfddee0814eab,True,14時間前,2026-09-19 04:18:47,岐阜県
「日勤のみ×残業少なめ」中距離の中型トラックドライバー／昇給あり新着,司東海株式会社,岐阜県,月給20万円～30万円,正社員,ドライバー,求人ボックス,https://xn--pckua2a7gp15o89zb.com/jbn/29de8f25ba1f7a68ca9f977092dbf5ef,True,23時間前,2026-09-19 04:18:31,岐阜県
大型車にて産業廃棄物の回収ドライバー新着,株式会社ドライブトライブ,岐阜県,"日給1万6,500円",アルバイト・パート,ドライバー,求人ボックス,https://xn--pckua2a7gp15o89zb.com/jb/728c9cc7b96877d361d114b42ec4e15f,True,18時間前,2026-09-19 04:18:31,岐阜県
観光バスドライバー新着,株式会社まちノベイト,岐阜県,"日給1万3,000円",アルバイト・パート,ドライバー,求人ボックス,https://xn--pckua2a7gp15o89zb.com/jb/c348b4e81cacb790f17441426ea2a4f2,True,12時間前,2026-09-19 04:18:31,岐阜県
18:00~／バスドライバーさん送り出し事務新着,コミタクモビリティサービス株式会社,岐阜県,"時給1,200円～1,500円",アルバイト・パート,ドライバー,求人ボックス,https://xn--pckua2a7gp15o89zb.com/jb/d5411da8f3fff71b769e32f4a7742d83,True,9時間前,2026-09-19 04:18:32,岐阜県
未経験OK／中型ドライバー／平均月収33万／近距離／日勤／資格取得支援新着,株式会社レーベン,岐阜県,月給28万円～38万円,正社員,ドライバー,求人ボックス,https://xn--pckua2a7gp15o89zb.com/jb/0956fb86a2fded1787a62fa12349d8df,True,13時間前,2026-09-19 04:18:32,岐阜県
工場内の電動カートドライバー!月収25万円以上可!第一種普通自動車免許...新着,iシティラボ株式会社,岐阜県,月給25万円～,契約社員,ドライバー,求人ボックス,https://xn--pckua2a7gp15o89zb.com/jb/959554f0c89016e2d484d3ec54014a4a,True,4時間前,2026-09-19 04:18:32,岐阜県
送迎ドライバー「パート・アルバイト」／そよ風公式新着,株式会社SOYOKAZE,岐阜県,"時給1,200円～1,300円",アルバイト・パート,ドライバー,求人ボックス,https://xn--pckua2a7gp15o89zb.com/jb/a5f5f0c997caa99ea9752800378a98f0,True,2時間前,2026-09-19 04:18:35,岐阜県
軽四ドライバー 宅配ドライバー新着,佐川急便株式会社,岐阜県,"時給1,100円",アルバイト・パート,ドライバー,求人ボックス,https://xn--pckua2a7gp15o89zb.com/jb/f254524ab4231a2388d741d38491db91,True,18時間前,2026-09-19 04:18:35,岐阜県
企業送迎バスドライバー／送迎ドライバー新着,株式会社みつばモビリティ,岐阜県,"時給1,500円",アルバイト・パート,ドライバー,求人ボックス,https://xn--pckua2a7gp15o89zb.com/jb/7e3ac9ae77b76dac35ea9efb2bd264c5,True,23時間前,2026-09-19 04:18:35,岐阜県
"完全歩合制の回送ドライバー／1台平均3,000円!運転するだけのシンプ...新着",株式会社メビウス21 岐阜サテライト,岐阜県,,,ドライバー,求人ボックス,https://xn--pckua2a7gp15o89zb.com/jbn/4ee22a69f199223aae2a4040fc457a91,True,22時間前,2026-09-19 04:18:37,岐阜県
グリコ100%出資グループ会社で拠点間輸送・4tルートドライバー新着,関西フローズン株式会社,岐阜県,"時給1,550円",アルバイト・パート,ドライバー,求人ボックス,https://xn--pckua2a7gp15o89zb.com/jb/d9536d62b88d46a85305b5dbfd2a7b4a,True,18時間前,2026-09-19 04:18:37,岐阜県
月収28万円可 フードプロセッサーの組立・動作確認／日勤固定／寮完備／日払いOK・土日祝休み新着,株式会社セカンドスロープ,岐阜県,"時給1,600円～",アルバイト・パート,ドライバー,求人ボックス,https://xn--pckua2a7gp15o89zb.com/jb/3ad2ef81ac7763c78741715587d83739,True,23時間前,2026-09-19 04:18:42,岐阜県
修学旅行バス運転手新着,名阪近鉄バス株式会社,岐阜県,月給26万円～36万円,正社員,ドライバー,求人ボックス,https://xn--pckua2a7gp15o89zb.com/jb/4c2ed3a46ba3dbb56d6bb23ff8be0fe3,True,12時間前,2026-09-19 04:18:42,岐阜県
検査業務／給与即払いOK・かる〜い部品のもくもく組み立て新着,株式会社テクノ・サービス,岐阜県,"時給1,300円～",派遣社員,ドライバー,求人ボックス,https://xn--pckua2a7gp15o89zb.com/jbn/ce2d3a43931146c75221c7afc99d6b33,True,20時間前,2026-09-19 04:18:42,岐阜県
月収20万円 検査・検品・20-40代活躍中新着,株式会社BREXA Next,岐阜県,"時給1,100円～",派遣社員,ドライバー,求人ボックス,https://xn--pckua2a7gp15o89zb.com/jb/baecd11d907d48261c2f28d686d761c0,True,4時間前,2026-09-19 04:18:44,岐阜県
資格経験不要／産休育休取得実績あり!地域に貢献できるやりがい わきあいあいの職場新着,株式会社コンシェルテック,岐阜県,月給21万250円,正社員,ドライバー,求人ボックス,https://xn--pckua2a7gp15o89zb.com/jb/213891a5eb7220d79083cab6315cb923,True,22時間前,2026-09-19 04:18:44,岐阜県
羽島市／「一人ひとつの持ち場」スマートロックの組立・検査スタッフ／日勤のみ／土日祝休み新着,株式会社サジェスト,岐阜県,"月給29万7,000円",正社員,ドライバー,求人ボックス,https://xn--pckua2a7gp15o89zb.com/jb/89b5cf8606b187c3158413bd2a08a209,True,7時間前,2026-09-19 04:18:44,岐阜県
「落ち着いた環境で働ける!」／北欧雑貨の検品スタッフ／寮完備／モクモク作業／フリーター歓迎新着,株式会社Tetote,岐阜県,月給27万円～34万円,正社員,ドライバー,求人ボックス,https://xn--pckua2a7gp15o89zb.com/jbn/fdb1694baad59f3ab865793dbde2fe9a,True,16時間前,2026-09-19 04:18:44,岐阜県
「スピード採用で即スタート!」／ワイヤレス充電器の検品・梱包／寮費無料／軽作業中心／未経験OK新着,株式会社SNJAPAN,岐阜県,月給27万円～34万円,正社員,ドライバー,求人ボックス,https://xn--pckua2a7gp15o89zb.com/jbn/e2c24ab96272107207341da64d101593,True,16時間前,2026-09-19 04:18:47,岐阜県
製造スタッフ／カーナビやエアバッグの組立・仕分け／未経験歓迎／リモート面接OK／中津川市苗木新着,日研トータルソーシング株式会社,岐阜県,"時給1,150円～",派遣社員,ドライバー,求人ボックス,https://xn--pckua2a7gp15o89zb.com/jbn/0a0314feaf2abdfd79178b0d46bf0f2d,True,22時間前,2026-09-19 04:18:47,岐阜県
月収23万円 機械系工場での軽作業・ピッキング 日勤・20-40代活躍中新着,UTエージェント株式会社,岐阜県,"時給1,400円～",派遣社員,ドライバー,求人ボックス,https://xn--pckua2a7gp15o89zb.com/jb/ffa07b2562261fc3591fa73021241437,True,4時間前,2026-09-19 04:18:51,岐阜県
シンプル作業中心で始めやすい!／ヘルメット内装パッドの製造オペレーター／交通費支給／月収45万以上可新着,...マニュアル通りに進めるシンプル工程 先輩スタッフのフォローあり 細かい確認や軽い部品作業が中心 日勤中心で生活リズムを整えやすい職場です。 未経験・異業種からの転職も歓迎/接客・販売・事務・,岐阜県,"月給42万8,000円",正社員,ドライバー,求人ボックス,https://xn--pckua2a7gp15o89zb.com/jbn/c02098ffcf566a2e4305ce54d9f0f3c1,True,11時間前,2026-09-19 04:18:51,岐阜県
モクモク作業が好きな方へ!／電動ミル部品の部品セットスタッフ／高収入可／交通費支給／出荷前チェック新着,...手順書に沿って進めるシンプル工程 未経験向けの研修・フォローあり コツコツ確認する作業が多め 日勤・夜勤・交替勤務など、希望や配属に応じて相談できます。 異業種からの転職も歓迎/販売・接客・事務,岐阜県,"月給34万1,000円",正社員,ドライバー,求人ボックス,https://xn--pckua2a7gp15o89zb.com/jbn/08f6624ccf3df8ec4b5e2a7c8d595916,True,11時間前,2026-09-19 04:18:51,岐阜県
未経験からものづくりデビュー!／香水ボトル金具の仕上げスタッフ／残業少なめ／研修充実／マニュアル完備新着,...マニュアル通りに進めるシンプル工程 先輩スタッフのフォローあり 細かい確認や軽い部品作業が中心 配属工程により検査・組立・梱包を分担します。 未経験・異業種からの転職も歓迎/接客・販売・事務・,岐阜県,"月給34万8,000円",正社員,ドライバー,求人ボックス,https://xn--pckua2a7gp15o89zb.com/jbn/96dc34d9c971a069df82b399ad0a85f4,True,11時間前,2026-09-19 04:18:55,岐阜県
人気製品に関われるチャンス!／ゲーミングキーボードキーの部品製造スタッフ／福利厚生充実新着,...マニュアル通りに進めるシンプル工程 先輩スタッフのフォローあり 細かい確認や軽い部品作業が中心 配属工程により検査・組立・梱包を分担します。 未経験・異業種からの転職も歓迎/接客・販売・事務・,岐阜県,"月給30万9,000円",正社員,ドライバー,求人ボックス,https://xn--pckua2a7gp15o89zb.com/jbn/984eaf39dd0286edf276f317e73f600d,True,11時間前,2026-09-19 04:18:55,岐阜県
若手活躍中のシンプル工場ワーク!／ハンディファンの仕上げスタッフ／学歴不問／若手活躍中／モクモク作業新着,...手順書に沿って進めるシンプル工程 未経験向けの研修・フォローあり コツコツ確認する作業が多め 日勤・夜勤・交替勤務など、希望や配属に応じて相談できます。 異業種からの転職も歓迎/販売・接客・事務,岐阜県,"月給30万3,000円",正社員,ドライバー,求人ボックス,https://xn--pckua2a7gp15o89zb.com/jbn/373f208d0cbc37fa12715379024a1ddb,True,11時間前,2026-09-19 04:18:59,岐阜県
推し活や趣味を支えるものづくり!／ワイヤレス充電スタンドの組立スタッフ／福利厚生充実／長期休暇あり新着,...手順書に沿って進めるシンプル工程 未経験向けの研修・フォローあり コツコツ確認する作業が多め 組立から検査、梱包まで工程を分けて担当します。 異業種からの転職も歓迎/販売・接客・事務・軽作業・,岐阜県,"月給35万6,000円",正社員,ドライバー,求人ボックス,https://xn--pckua2a7gp15o89zb.com/jbn/fb6680506924fc9832ff8e642d8b87e0,True,11時間前,2026-09-19 04:18:59,岐阜県
推し活や趣味を支えるものづくり!／キャップ用アジャスターの組立スタッフ／学歴不問／若手活躍中新着,...手順書に沿って進めるシンプル工程 未経験向けの研修・フォローあり コツコツ確認する作業が多め 組立から検査、梱包まで工程を分けて担当します。 異業種からの転職も歓迎/販売・接客・事務・軽作業・,岐阜県,"月給39万8,000円",正社員,ドライバー,求人ボックス,https://xn--pckua2a7gp15o89zb.com/jbn/549909ac43791906036f43f36dd1f318,True,11時間前,2026-09-19 04:18:59,岐阜県
安定企業で製造スタッフ募集!／工場ロボットアーム部品の組付けスタッフ／未経験歓迎／学歴不問新着,...マニュアル通りに進めるシンプル工程 先輩スタッフのフォローあり 細かい確認や軽い部品作業が中心 日勤中心で生活リズムを整えやすい職場です。 未経験・異業種からの転職も歓迎/接客・販売・事務・,岐阜県,"月給33万7,000円",正社員,ドライバー,求人ボックス,https://xn--pckua2a7gp15o89zb.com/jbn/312a2d432bca35fdb60fa9235f864d68,True,11時間前,2026-09-19 04:18:59,岐阜県
製造スタッフ／車・航空機製造／ライン作業 エンジン部品の製造 高収入新着,株式会社AKATSUKI,岐阜県,"月給38万6,000円",正社員,製造,求人ボックス,https://xn--pckua2a7gp15o89zb.com/jb/0bab0ed58125e4f334909a25f29aec75,True,5時間前,2026-09-19 04:18:37,岐阜県
製造スタッフ／未経験OK／月収30万円以上／無料寮あり／モクモク作業新着,株式会社tocca,岐阜県,月給30万円～34万円,正社員,製造,求人ボックス,https://xn--pckua2a7gp15o89zb.com/jbn/8719b6b7a2ac082967a09fa4f7504782,True,19時間前,2026-09-19 04:18:38,岐阜県
「コツコツ倉庫ワーク!」ゴム製品の製造スタッフ／20代から30代活躍中...新着,株式会社日本ケイテム,岐阜県,"時給1,200円～",派遣社員,製造,求人ボックス,https://xn--pckua2a7gp15o89zb.com/jbn/d27054180601ba493913a574e7043976,True,19時間前,2026-09-19 04:18:38,岐阜県
製造スタッフ／工場・製造系 ア 機能式ベッドの組み立て 寮完備新着,株式会社STREAK,岐阜県,"時給1,550円～1,950円",アルバイト・パート,製造,求人ボックス,https://xn--pckua2a7gp15o89zb.com/jb/b5ce5627a898e77a182e9041c15d94f3,True,5時間前,2026-09-19 04:18:42,岐阜県
「防犯カメラの製造」未経験スタッフ在籍／二交代・夜勤あり／遠方向け寮あ...新着,AspiRove株式会社,岐阜県,月給31万円,正社員,製造,求人ボックス,https://xn--pckua2a7gp15o89zb.com/jb/215b7cc4f5e33382984f30d189e13ddc,True,22時間前,2026-09-19 04:18:42,岐阜県
「新しい仕事に挑戦しやすい」／化粧品ポンプ容器の製造スタッフ新着,製造,岐阜県,"月給35万6,000円",正社員,製造,求人ボックス,https://xn--pckua2a7gp15o89zb.com/jbn/77a8df9b82010508b2beb7bbd9fc99e4,True,14時間前,2026-09-19 04:18:49,岐阜県
「福利厚生充実の注目求人」／電気ケトル部品の製造スタッフ／モノづくり新着,製造,岐阜県,月給35万円～43万,正社員,製造,求人ボックス,https://xn--pckua2a7gp15o89zb.com/jbn/52ca1141c269bbd4a2d91f49f4b98a43,True,14時間前,2026-09-19 04:18:53,岐阜県
「正社員デビュー応援」／アウトドアチェア部品の製造スタッフ／モノづくり新着,製造,岐阜県,"月給33万4,000円",正社員,製造,求人ボックス,https://xn--pckua2a7gp15o89zb.com/jbn/3e11705ff058443aa356e07fc6eb181f,True,14時間前,2026-09-19 04:18:53,岐阜県
「正社員デビュー応援」／美容家電アタッチメントの製造スタッフ新着,製造,岐阜県,"月給35万5,000円",正社員,製造,求人ボックス,https://xn--pckua2a7gp15o89zb.com/jbn/e4d01e8c578b2a81973513c64f58b87b,True,14時間前,2026-09-19 04:18:53,岐阜県
「自分らしく続けやすい製造ワーク」／バスグッズの製造スタッフ新着,株式会社SNJAPAN,岐阜県,月給27万円～34万円,正社員,製造,求人ボックス,https://xn--pckua2a7gp15o89zb.com/jbn/0ee7a2d0ca4d932a829d91a7164b794d,True,15時間前,2026-09-19 04:18:56,岐阜県
生活雑貨の製造サポートスタッフ／工場軽作業・製造補助・品質管理新着,製造,岐阜県,"時給1,488円～1,788円",アルバイト・パート,製造,求人ボックス,https://xn--pckua2a7gp15o89zb.com/jb/0fce05ef20029fb308a60c1beec1295f,True,7時間前,2026-09-19 04:18:56,岐阜県
「正社員デビュー応援」／シリコン調理器具の製造スタッフ／モノづくり新着,製造,岐阜県,"月給34万8,000円",正社員,製造,求人ボックス,https://xn--pckua2a7gp15o89zb.com/jbn/511b3bfdd279c1e1e260bec4a6c79ea0,True,14時間前,2026-09-19 04:18:56,岐阜県
「住み込みで安定ワーク!」／釣り竿の製造スタッフ／即日勤務OK新着,株式会社Tetote,岐阜県,"月給27万3,000円",正社員,製造,求人ボックス,https://xn--pckua2a7gp15o89zb.com/jbn/e4ac783f4bb94f51579f65f00353daa5,True,11時間前,2026-09-19 04:18:59,岐阜県
ETCの製造・軽作業スタッフ新着,ライフウェル合同会社,岐阜県,"月給27万5,000円",正社員,製造,求人ボックス,https://xn--pckua2a7gp15o89zb.com/jb/9d4760e86d3bcfe5e11a891f21780c79,True,10時間前,2026-09-19 04:18:59,岐阜県
研修ありで安心スタート／タンブラー部品の製造スタッフ／生活サポート充実新着,製造,岐阜県,"月給38万9,000円",正社員,製造,求人ボックス,https://xn--pckua2a7gp15o89zb.com/jbn/a1f280ec383ad32d1ccf0958b3901bfe,True,9時間前,2026-09-19 04:18:59,岐阜県
「コツコツ作業が、暮らしを支える製品になる。」小型空気清浄機の製造スタッフ／ji.659新着,製造,岐阜県,"月給29万9,000円",正社員,製造,求人ボックス,https://xn--pckua2a7gp15o89zb.com/jbn/2692d73083354cb4cb6058064d51290c,True,14時間前,2026-09-19 04:19:02,岐阜県
長く働ける安定ワーク!／アクリルスタンド部材の製造スタッフ新着,製造,岐阜県,"月給31万9,000円",正社員,製造,求人ボックス,https://xn--pckua2a7gp15o89zb.com/jbn/228c97b323cca6dc18f3b624186d1030,True,11時間前,2026-09-19 04:19:06,岐阜県
スピード選考OKの製造ワーク／電動歯ブラシ部品の製造スタッフ新着,製造,岐阜県,"月給38万5,000円",正社員,製造,求人ボックス,https://xn--pckua2a7gp15o89zb.com/jbn/00b62e3160127267d609306973763db1,True,10時間前,2026-09-19 04:19:06,岐阜県
「福利厚生充実の注目求人」／フェイスローラー部品の製造スタッフ新着,製造,岐阜県,"月給33万3,000円",正社員,製造,求人ボックス,https://xn--pckua2a7gp15o89zb.com/jbn/e2b6a874fec057d867b4f8ad28c4e7d4,True,14時間前,2026-09-19 04:19:09,岐阜県
ETCの製造・軽作業スタッフ新着,株式会社ファイアワークス,岐阜県,"月給27万5,000円",正社員,製造,求人ボックス,https://xn--pckua2a7gp15o89zb.com/jb/e6c9c3250686201112d8975e717eff04,True,10時間前,2026-09-19 04:19:09,岐阜県
寮ありで新生活も始めやすい／アクセサリーパーツの製造スタッフ新着,製造,岐阜県,"月給32万8,000円",正社員,製造,求人ボックス,https://xn--pckua2a7gp15o89zb.com/jbn/f84c5763f512577ab25e8b999ed35e6b,True,9時間前,2026-09-19 04:19:09,岐阜県
「新しい仕事に挑戦しやすい」／水筒キャップの製造スタッフ／モノづくり新着,製造,岐阜県,"月給34万2,000円",正社員,製造,求人ボックス,https://xn--pckua2a7gp15o89zb.com/jbn/3cc465a910351bab1a863a420858dcd0,True,14時間前,2026-09-19 04:19:09,岐阜県
ビルの日常清掃STAFF新着,有限会社ユウワ,岐阜県,"時給1,100円",アルバイト・パート,清掃,求人ボックス,https://xn--pckua2a7gp15o89zb.com/jb/d8c8ac61a743e03a9e696a22eafe0a20,True,6時間前,2026-09-19 04:18:50,岐阜県
「清掃」ゴルフ場リネン・館内清掃スタッフ新着,株式会社ベル,岐阜県,"時給1,200円",派遣社員,清掃,求人ボックス,https://xn--pckua2a7gp15o89zb.com/jb/8a68813636f5c9cfeb38efe4e49a3945,True,12時間前,2026-09-19 04:18:50,岐阜県
ホームセンター内の清掃スタッフ／清掃新着,株式会社ボイス,岐阜県,"時給1,255円",アルバイト・パート,清掃,求人ボックス,https://xn--pckua2a7gp15o89zb.com/jb/f9552b5b7a2c83dad5378b911d5aba77,True,23時間前,2026-09-19 04:18:50,岐阜県
未経験スタートOKの清掃スタッフ／手術室の清掃／午後から勤務!新着,株式会社ティ・アシスト,岐阜県,"時給1,300円",アルバイト・パート,清掃,求人ボックス,https://xn--pckua2a7gp15o89zb.com/jb/0de7e1000f50f72999f9fb68fbf39c9b,True,4時間前,2026-09-19 04:18:50,岐阜県
岐阜県図書館の清掃スタッフ新着,株式会社ナショナルメンテナンス,岐阜県図書館の清掃スタッフ,"時給1,150円",アルバイト・パート,清掃,求人ボックス,https://xn--pckua2a7gp15o89zb.com/jb/69afd41add15d53047f50ef185a5024d,True,3時間前,2026-09-19 04:18:50,岐阜県
クルーズ船清掃スタッフ／旅費・宿泊費無料&国内外航行あり新着,株式会社GROW AGENCY,岐阜県,"時給1,500円～1,875円",アルバイト・パート,清掃,求人ボックス,https://xn--pckua2a7gp15o89zb.com/jb/7cd2b7ab962d1c252cff01b65aec3a98,True,8時間前,2026-09-19 04:18:50,岐阜県
アイスクリーム店での接客、レジ業務／時給1350円・空調完備新着,株式会社テクノ・サービス,岐阜県,時給1350円,派遣社員,清掃,求人ボックス,https://xn--pckua2a7gp15o89zb.com/jbn/f883fe16b698596a0be4fc54cbbc4a47,True,20時間前,2026-09-19 04:18:50,岐阜県
紅虎餃子房 イオンモール各務原インター／店舗ホールスタッフ新着,際コーポレーション,岐阜県,"月給25万9,000円",正社員,清掃,求人ボックス,https://xn--pckua2a7gp15o89zb.com/jb/b15352171ca1b9495cc7a78dbe9ed465,True,11時間前,2026-09-19 04:18:51,岐阜県
老舗温泉旅館の館内雑務スタッフ新着,ワークウィーズ株式会社,岐阜県,"時給1,150円～",正社員,清掃,求人ボックス,https://xn--pckua2a7gp15o89zb.com/jb/73521f5a979ef7c6108f9db5538754fe,True,9時間前,2026-09-19 04:18:51,岐阜県
未経験OKのスキー場レストランスタッフ／12〜3月限定・寮費無料・リフト券あり新着,株式会社ベクトル伸和,岐阜県,"時給1,365円～",派遣社員,清掃,求人ボックス,https://xn--pckua2a7gp15o89zb.com/jbn/1eb404ddaaa2bfbe950ba2362131b17c,True,16時間前,2026-09-19 04:18:51,岐阜県
レストラン・専門料理店／主婦・主夫歓迎／学歴不問／社会保険完備新着,株式会社EVERYFOOD,岐阜県,月給20万円～28万円,契約社員,清掃,求人ボックス,https://xn--pckua2a7gp15o89zb.com/jbn/07a49d7d2452a42aabac6f44354d5e66,True,13時間前,2026-09-19 04:18:51,岐阜県
レストラン・専門料理店／フリーター歓迎／週休2日制／賞与あり新着,株式会社ディ・エー・アイ,岐阜県,"月給27万3,300円",正社員,清掃,求人ボックス,https://xn--pckua2a7gp15o89zb.com/jbn/660a08cddfd27508313042013ff39ac1,True,13時間前,2026-09-19 04:18:51,岐阜県
ペットショップの品出し・販売スタッフ／七宝店長期勤務をしっかりサポート／年1回給与見直しあり新着,株式会社犬の家 七宝店,岐阜県,"月給20万6,000円",正社員,清掃,求人ボックス,https://xn--pckua2a7gp15o89zb.com/jbn/beb031748715acf072db0570ab997912,True,21時間前,2026-09-19 04:18:51,岐阜県
レストラン・専門料理店新着,株式会社ZUND,岐阜県,"月給27万5,503円",正社員,清掃,求人ボックス,https://xn--pckua2a7gp15o89zb.com/jbn/d2b1cf5c2245017e7eb9efcaa1f75e54,True,13時間前,2026-09-19 04:18:55,岐阜県
レストラン・専門料理店／まかない・食事補助あり／経験者歓迎／フリーター歓迎新着,株式会社ITMオフィス,岐阜県,月給18万円～25万円,正社員,清掃,求人ボックス,https://xn--pckua2a7gp15o89zb.com/jbn/e82d7229d8c9d4a93404d6ee7dcc3298,True,13時間前,2026-09-19 04:18:55,岐阜県
ゲームセンタースタッフで接客・商品補充新着,namco イオンモール各務原インター店,岐阜県,"時給1,300円～",アルバイト・パート,清掃,求人ボックス,https://xn--pckua2a7gp15o89zb.com/jb/635fdf98c8e6f577783139c00a299fa5,True,9時間前,2026-09-19 04:18:55,岐阜県
設備管理／自動車整備士／清掃 11月~12月の短期 タイヤ交換補助 土日のみ 平日のみOK新着,株式会社平手石油店,岐阜県,"時給1,130円～",アルバイト・パート,清掃,求人ボックス,https://xn--pckua2a7gp15o89zb.com/jb/208ed11abe6a6661ca616d6a35d2be7c,True,5時間前,2026-09-19 04:18:55,岐阜県
"店舗型バイヤー／平均年収1,200万／残業月平均3.3時間／有給取得率85.7%／週休2日制新着",株式会社Reivy,岐阜県,月給35万円～45万円,正社員,清掃,求人ボックス,https://xn--pckua2a7gp15o89zb.com/jbn/38c9dcb167613e3c6ee9cbaef122ce6e,True,22時間前,2026-09-19 04:18:55,岐阜県
ゲームセンタースタッフで接客・商品補充新着,namco モレラ岐阜店,岐阜県,"時給1,100円～",アルバイト・パート,清掃,求人ボックス,https://xn--pckua2a7gp15o89zb.com/jb/ec68f58e22e06e55b91420d7460a9be2,True,21時間前,2026-09-19 04:18:55,岐阜県
「リユース買取販売」 おたからや／リユースの接客買取／未経験OK・年休123日・賞与3回新着,株式会社ディンプル,岐阜県,月給28万円,正社員,清掃,求人ボックス,https://xn--pckua2a7gp15o89zb.com/jb/342c4962cee237a7f3b752de5394752a,True,10時間前,2026-09-19 04:18:59,岐阜県
雑貨・衣料品の販売・接客スタッフ新着,シャンブル 薮田店,岐阜県,"時給1,300円",アルバイト・パート,清掃,求人ボックス,https://xn--pckua2a7gp15o89zb.com/jb/11279176b2505c3a70853608a55b7ad2,True,19時間前,2026-09-19 04:18:59,岐阜県
「安定して働ける環境あり!」／製造スタッフ／寮費無料／コツコツ作業／未経験歓迎／20〜30代活躍中新着,株式会社SNJAPAN,岐阜県,月給27万円～34万円,正社員,清掃,求人ボックス,https://xn--pckua2a7gp15o89zb.com/jbn/3f52fa1093f380060d4874ac8507af0a,True,16時間前,2026-09-19 04:18:59,岐阜県
レストラン・専門料理店新着,株式会社ピアーサーティー東海,岐阜県,月給25万500円,正社員,清掃,求人ボックス,https://xn--pckua2a7gp15o89zb.com/jbn/96b6faec0fd72b27da8cd43da384293c,True,13時間前,2026-09-19 04:18:59,岐阜県
社会保険完備の職場で保育士新着,ニチイキッズ美濃加茂保育園,岐阜県,"時給1,134円～1,234円",アルバイト・パート,清掃,求人ボックス,https://xn--pckua2a7gp15o89zb.com/jb/4de9edb99d5fb38170abea599fa7c5e8,True,6時間前,2026-09-19 04:18:59,岐阜県
上場企業で理容師／ブランク歓迎／上場企業新着,QBハウスイオンモール各務原インター,岐阜県,"月給27万1,000円",正社員,清掃,求人ボックス,https://xn--pckua2a7gp15o89zb.com/jbn/e23bdfabc269838479fb2064b67969ea,True,23時間前,2026-09-19 04:18:59,岐阜県
障がい者支援事業所での軽作業補助スタッフ 未経験可 週3日～新着,株式会社アスウィル,岐阜県,"時給1,065円",アルバイト・パート,清掃,求人ボックス,https://xn--pckua2a7gp15o89zb.com/jb/a0cdb3f2ea1144a18417e5ea6cebab3d,True,4時間前,2026-09-19 04:19:03,岐阜県
飛行機部品の機械操作スタッフ新着,株式会社ホットスタッフ可児,岐阜県,"時給1,300円",派遣社員,清掃,求人ボックス,https://xn--pckua2a7gp15o89zb.com/jb/61a13d6e1de715887c8c8a06cba49ef3,True,10時間前,2026-09-19 04:19:03,岐阜県
未経験OK セラミック製品のプレス・検査業務新着,株式会社スタッフサービス,岐阜県,"時給1,500円～",派遣社員,清掃,求人ボックス,https://xn--pckua2a7gp15o89zb.com/jb/bfa294d050ea4bd34f88a1fb084f1e10,True,8時間前,2026-09-19 04:19:03,岐阜県
定時ピッタリOK・日勤中心 デイサービスでの介護／無資格OK新着,株式会社ウィルオブ・ワーク,岐阜県,"時給1,500円",派遣社員,清掃,求人ボックス,https://xn--pckua2a7gp15o89zb.com/jb/b114c70aa2fc3c0a173df3b43950df9d,True,19時間前,2026-09-19 04:19:03,岐阜県
グループホーム 夜勤専従介護職「パート・アルバイト」／そよ風公式新着,株式会社SOYOKAZE,岐阜県,"時給1,420円～1,570円",アルバイト・パート,清掃,求人ボックス,https://xn--pckua2a7gp15o89zb.com/jb/10e7e0d1afe00b381c5cafaabc8de751,True,2時間前,2026-09-19 04:19:03,岐阜県
リゾートバイト／その他リゾートバイト新着,株式会社ダイブ,岐阜県,"時給1,300円～",派遣社員,清掃,求人ボックス,https://xn--pckua2a7gp15o89zb.com/jb/13a932e7deabc0dae644d4618b619beb,True,23時間前,2026-09-19 04:19:03,岐阜県
有料老人ホームで介護職員夜勤あり／オープニングスタッフ 正社員の介護職員夜勤あり 夜勤あり新着,株式会社ナイスマン,岐阜県,"月給31万1,000円",正社員,清掃,求人ボックス,https://xn--pckua2a7gp15o89zb.com/jb/30e7b759b0a66744474f7d7d03199375,True,7時間前,2026-09-19 04:19:07,岐阜県
即日入寮可能 寮費無料 月収37万円以上を狙える食品工場の製造・サポート業務新着,株式会社JIN,岐阜県,"時給1,500円～1,900円",アルバイト・パート,清掃,求人ボックス,https://xn--pckua2a7gp15o89zb.com/jb/26231ce91a5cebf3ffa252dfc0d99720,True,8時間前,2026-09-19 04:19:07,岐阜県
軽作業／半導体製造装置の研磨剤製造における研磨業務／土日休み／残業月20時間未満新着,日研トータルソーシング株式会社,岐阜県,"時給1,700円～",派遣社員,清掃,求人ボックス,https://xn--pckua2a7gp15o89zb.com/jbn/b8b286991e6c9d7dc5f68204e36126bb,True,22時間前,2026-09-19 04:19:07,岐阜県
化粧水ボトルの機械オペレータースタッフ／プラスチック工場／社宅無料／交通費全額支給新着,株式会社G.M corporation,岐阜県,"時給1,650円～",アルバイト・パート,清掃,求人ボックス,https://xn--pckua2a7gp15o89zb.com/jb/5427ea8e0a9fbbdc438d1ab5b49e6383,True,13時間前,2026-09-19 04:19:07,岐阜県
コンビニスタッフ新着,ファミリーマート 可児下切北店,岐阜県,"時給1,121円～",アルバイト・パート,清掃,求人ボックス,https://xn--pckua2a7gp15o89zb.com/jb/badcf5621bf033723da89ca5ed6afaf5,True,7時間前,2026-09-19 04:19:07,岐阜県
松屋フーズの夜勤スタッフ新着,株式会社松屋フーズ,岐阜県,"時給1,500円",アルバイト・パート,清掃,求人ボックス,https://xn--pckua2a7gp15o89zb.com/jb/3b10abad9f89841624980a8329810b01,True,16時間前,2026-09-19 04:19:11,岐阜県
ゲーム・アニメ・キャラクター好きな学生さん大歓迎 ゲームセンタースタッフ新着,namcoモレラ岐阜店,岐阜県,"時給1,100円",アルバイト・パート,清掃,求人ボックス,https://xn--pckua2a7gp15o89zb.com/jb/f799c8430f09a689a2087a87c8adc53a,True,4時間前,2026-09-19 04:19:11,岐阜県
自然派コスメ製造・検品スタッフ／未経験歓迎!人気のコスメ製造 コツコツ作業で安定勤務新着,IBS即戦力人財株式会社,岐阜県,"時給1,400円",派遣社員,清掃,求人ボックス,https://xn--pckua2a7gp15o89zb.com/jb/20cc987d262a20ff470938b3d3067672,True,20時間前,2026-09-19 04:19:11,岐阜県
ゴルフ場のコースメンテナンス業務新着,多治見北ゴルフ倶楽部,岐阜県,"時給1,130円～1,500円",アルバイト・パート,清掃,求人ボックス,https://xn--pckua2a7gp15o89zb.com/jb/d76ef324ff62678976c995c9aff6d48e,True,9時間前,2026-09-19 04:19:11,岐阜県
ゲーム・アニメ・キャラクター好きな学生さん大歓迎 ゲームセンタースタッフ新着,namcoイオンモール各務原インター店,岐阜県,"時給1,300円",アルバイト・パート,清掃,求人ボックス,https://xn--pckua2a7gp15o89zb.com/jb/d93b413eb8166d8f3076ec3eb8e6fc86,True,4時間前,2026-09-19 04:19:11,岐阜県
シフト休 年収400万円～!アイデア発揮 未経験から店長候補へ新着,株式会社コンシェルテック,岐阜県,"月給24万7,500円",正社員,清掃,求人ボックス,https://xn--pckua2a7gp15o89zb.com/jb/dbdb2e14775af0f90d86948e0cc2dc58,True,22時間前,2026-09-19 04:19:11,岐阜県
トレンド発信基地で働く! 物販施設スタッフ新着,namcoイオンモール各務原インター店 オフィシ...,岐阜県,"時給1,300円",契約社員,清掃,求人ボックス,https://xn--pckua2a7gp15o89zb.com/jb/984ab2e823c24c38544f0c8dc41e6588,True,4時間前,2026-09-19 04:19:14,岐阜県
タイヤ・ホイール販売店のサポート作業新着,株式会社クラフト,岐阜県,"時給1,150円～",アルバイト・パート,清掃,求人ボックス,https://xn--pckua2a7gp15o89zb.com/jb/e850ca715eab21f4d42d2f867b92ed48,True,10時間前,2026-09-19 04:19:14,岐阜県
マネージャー 管理職候補 大物案件にも対応 溶接生産管理 年商10億 経験者のみ新着,小島工業株式会社,岐阜県,月給35万円～60万円,正社員,清掃,求人ボックス,https://xn--pckua2a7gp15o89zb.com/jb/97f8393d5617e4f2c2d7f900446a559e,True,3時間前,2026-09-19 04:19:14,岐阜県
13時～18時 カフェのランチタイムスタッフ新着,ドトールコーヒーショップ 養老サービスエリア下り店,岐阜県,"時給1,065円～",アルバイト・パート,清掃,求人ボックス,https://xn--pckua2a7gp15o89zb.com/jb/dfebaceb2d97c75cd2b594c2ad2a8683,True,6時間前,2026-09-19 04:19:14,岐阜県
レストランのキッチン・ホール新着,株式会社丸明 飛騨高山店,岐阜県,"時給1,500円～1,700円",アルバイト・パート,清掃,求人ボックス,https://xn--pckua2a7gp15o89zb.com/jb/b9e681e3e77fdb9872505711ef08fe26,True,12時間前,2026-09-19 04:19:14,岐阜県
旅館での仲居業務 M1043／人気のリゾートバイト／和のおもてなしのお仕事新着,株式会社JR西日本キャリア,岐阜県,"時給1,350円",派遣社員,清掃,求人ボックス,https://xn--pckua2a7gp15o89zb.com/jbn/8da05bd3aab4d5d8b4bf6964911711e5,True,23時間前,2026-09-19 04:19:18,岐阜県
調理・調理補助新着,メーキュー株式会社,岐阜県,"時給1,200円～1,250円",アルバイト・パート,清掃,求人ボックス,https://xn--pckua2a7gp15o89zb.com/jb/7231b50bb6f05c0837e724cac89c7631,True,18時間前,2026-09-19 04:19:18,岐阜県
金型保全メンテナンス新着,株式会社ヨコヤマ精工,岐阜県,月給23万円～28万,正社員,清掃,求人ボックス,https://xn--pckua2a7gp15o89zb.com/jb/751d8c3b500cec10132c409619ebe6e8,True,6時間前,2026-09-19 04:19:18,岐阜県
学童クラブの補助員／資格なし未経験OK こどもと向き合う温かな時間を一緒に 週2日～ 学生さんOK新着,株式会社明日葉,岐阜県,"時給1,100円",アルバイト・パート,清掃,求人ボックス,https://xn--pckua2a7gp15o89zb.com/jb/8c28a7af03ce61f7490b25244ab46bb3,True,9時間前,2026-09-19 04:19:18,岐阜県
西濃運輸グループで大型トラックの回送・洗車スタッフ／岐阜日野自動車 本巣支店新着,西濃運輸,岐阜県,月給23万円～25万円,契約社員,清掃,求人ボックス,https://xn--pckua2a7gp15o89zb.com/jb/e70a32fed25e64f811372ce117e99b34,True,5時間前,2026-09-19 04:19:18,岐阜県
赴任費用サポートあり・集中して作業・梱包・ラベル貼付新着,gulou ap岐阜県恵那市,岐阜県恵那市,"時給1,400円～1,750円",アルバイト・パート,清掃,求人ボックス,https://xn--pckua2a7gp15o89zb.com/jb/b9739f396f5f5bf4e143074a9a1c9ba4,True,13時間前,2026-09-19 04:19:21,岐阜県
寮費無料の待遇あり・未経験歓迎・ラベル貼り・検品新着,gulou ap岐阜県大垣市,岐阜県大垣市,"時給1,400円～1,750円",アルバイト・パート,清掃,求人ボックス,https://xn--pckua2a7gp15o89zb.com/jb/52f8c05304962af4488937d0c6c9641e,True,13時間前,2026-09-19 04:19:21,岐阜県
西松屋店舗スタッフ／レジ・品出し新着,株式会社西松屋チェーン イオンモール土岐店,岐阜県,"時給1,200円",アルバイト・パート,清掃,求人ボックス,https://xn--pckua2a7gp15o89zb.com/jb/8080f8c420a2fb8c9a837d125b23a2fe,True,23時間前,2026-09-19 04:19:21,岐阜県
赴任費用サポートあり・集中して作業・梱包・ラベル貼付新着,gulou ap岐阜県各務原市,岐阜県各務原市,"時給1,400円～1,750円",アルバイト・パート,清掃,求人ボックス,https://xn--pckua2a7gp15o89zb.com/jb/76cadce9a1aa45c907ca93ceebdccc31,True,13時間前,2026-09-19 04:19:21,岐阜県
赴任費用サポートあり・集中して作業・梱包・ラベル貼付新着,gulou ap岐阜県美濃加茂市,岐阜県美濃加茂市,"時給1,400円～1,750円",アルバイト・パート,清掃,求人ボックス,https://xn--pckua2a7gp15o89zb.com/jb/8941be5e3a96cee5786c88654431d4ec,True,13時間前,2026-09-19 04:19:21,岐阜県
赴任費用サポートあり・集中して作業・梱包・ラベル貼付新着,gulou ap岐阜県岐阜市,岐阜県岐阜市,"時給1,400円～1,750円",アルバイト・パート,清掃,求人ボックス,https://xn--pckua2a7gp15o89zb.com/jb/595be9823ea39b96fbb8e5612f38595f,True,13時間前,2026-09-19 04:19:21,岐阜県
客室清掃・ベッドメイク／ホテルルートイン可児 客室清掃新着,ルートインジャパン株式会社,岐阜県,"時給1,070円",アルバイト・パート,清掃,求人ボックス,https://xn--pckua2a7gp15o89zb.com/jb/6cfca27103260b26a80a9b2f5c5be207,True,16時間前,2026-09-19 04:19:21,岐阜県
歯科衛生士新着,医療法人社団藤誠会 近藤歯科医院,静岡県,"月給23万7,000円",正社員,歯科,求人ボックス,https://xn--pckua2a7gp15o89zb.com/jb/d1338ee1b159c030da2bbaa46ce162b1,True,12時間前,2026-09-19 04:19:24,静岡県
歯科医師／正社員登用制度あり!無理なく働ける週1日勤務～OK!新着,Nデンタルオフィス ホワイトエッセンス静岡,静岡県,日給3万円～,正社員,歯科,求人ボックス,https://xn--pckua2a7gp15o89zb.com/jb/b0d3a92a70c90ff1ea1c259c8d9ae59b,True,5時間前,2026-09-19 04:19:24,静岡県
防衛機器関連の設計補助新着,パーソルクロステクノロジー株式会社,岐阜県,"時給1,800円～2,000円",派遣社員,派遣,求人ボックス,https://xn--pckua2a7gp15o89zb.com/jb/1862aa8c8fc5ba4230506776f6603c29,True,4時間前,2026-09-19 04:19:02,岐阜県
岐阜市エリアでお仕事したいあなたに! 未経験OKの法人営業職／年340万・転勤なし・直行直帰OK新着,株式会社ディンプル,岐阜県,"月給23万5,000円",正社員,派遣,求人ボックス,https://xn--pckua2a7gp15o89zb.com/jb/18f26cef3d9f3022792ffa0dd2708140,True,10時間前,2026-09-19 04:19:02,岐阜県
自動車用エンジン部品の軽作業員新着,株式会社ホットスタッフ岐阜,岐阜県,"時給1,160円",派遣社員,派遣,求人ボックス,https://xn--pckua2a7gp15o89zb.com/jb/9e44564fe12fd8e9d790894edd7b6515,True,10時間前,2026-09-19 04:19:02,岐阜県
夜勤ありの交替勤務でガッチリ稼ごうベルトコンベア部品の製造／20代～40代活躍中／交通費支給新着,株式会社ティーエム・テックス,岐阜県,"時給1,600円～2,000円",派遣社員,派遣,求人ボックス,https://xn--pckua2a7gp15o89zb.com/jbn/1e398848146d49b8a94b6919ea9260a0,True,23時間前,2026-09-19 04:19:02,岐阜県
介護スタッフ／デイサービスで勤務!20代～30代活躍中／無資格スタート応援!日勤のみ新着,株式会社ベネッセキャリオス,岐阜県,"時給1,450円",派遣社員,派遣,求人ボックス,https://xn--pckua2a7gp15o89zb.com/jbn/005f81299bd53b5d176df719ce6d5502,True,21時間前,2026-09-19 04:19:02,岐阜県
未経験OKのスキー場リフト係／寮費無料・残業ほぼなし・無料リフト券あり新着,株式会社ベクトル伸和,岐阜県,"時給1,230円～",正社員,派遣,求人ボックス,https://xn--pckua2a7gp15o89zb.com/jbn/0ec157f7ed8462bc2938a56bb50862f1,True,16時間前,2026-09-19 04:19:03,岐阜県
「見逃し厳禁」酒類飲料の梱包新着,セブンエージェント株式会社,岐阜県,"時給1,400円～",派遣社員,派遣,求人ボックス,https://xn--pckua2a7gp15o89zb.com/jb/f352bb4313413643e4eefb6ed60d0f49,True,19時間前,2026-09-19 04:19:03,岐阜県
加工・組立・検査業務／直接雇用の可能性あり／高時給1500円新着,株式会社テクノ・サービス,岐阜県,時給1500円,派遣社員,派遣,求人ボックス,https://xn--pckua2a7gp15o89zb.com/jbn/5ef1e1c06a9853783e03df307e692d0a,True,19時間前,2026-09-19 04:19:03,岐阜県
"新しいキャリアをここから!高時給スタート!スタッフ管理!時給 1,875円 ～ 2,343円新着",株式会社コンシェルテック,岐阜県,"時給1,875円～2,343円",派遣社員,派遣,求人ボックス,https://xn--pckua2a7gp15o89zb.com/jb/860f56124a2c132c1a1d6f12a4c5cf4a,True,22時間前,2026-09-19 04:19:03,岐阜県
モクモク作業好き必見!スポーツバッグなどの梱包作業新着,株式会社アルミラ,岐阜県,"時給1,470円～",アルバイト・パート,派遣,求人ボックス,https://xn--pckua2a7gp15o89zb.com/jb/26d5a1e887be2a9d1d8cecd8837eebb1,True,17時間前,2026-09-19 04:19:03,岐阜県
寮完備・月収25万円 自動車系工場での検査・検品 日勤・20-40代活躍中新着,株式会社BREXA Next,岐阜県,"時給1,244円～",派遣社員,派遣,求人ボックス,https://xn--pckua2a7gp15o89zb.com/jb/8cd25c2ed713868e8a3c51cbcbbfac47,True,4時間前,2026-09-19 04:19:07,岐阜県
一般事務・OA事務 ／ データエントリー業務／未経験OK／開始日相談OK 年休124日 17時台定時新着,パーソルテンプスタッフ株式会社,岐阜県,"時給1,400円",派遣社員,派遣,求人ボックス,https://xn--pckua2a7gp15o89zb.com/jb/6c121c21a95e012191865953eeac8b3a,True,18時間前,2026-09-19 04:19:07,岐阜県
接客って意外と楽しいプライベートも大切にスマホ販売スタッフ未経験OK 大垣新着,株式会社GRIVE 愛知,岐阜県,"時給1,500円～",アルバイト・パート,派遣,求人ボックス,https://xn--pckua2a7gp15o89zb.com/jb/9852ea9db35d67168784c3917ef7da6c,True,18時間前,2026-09-19 04:19:07,岐阜県
音声スタッフ 経験者歓迎!週4日勤務 地域番組・配信映像新着,株式会社フェローズ,岐阜県,"時給1,300円～1,400円",派遣社員,派遣,求人ボックス,https://xn--pckua2a7gp15o89zb.com/jb/79ec3347da2a4feaaf5461da00f008bf,True,16時間前,2026-09-19 04:19:07,岐阜県
現場管理 経験者限定 寮完備 全国拠点新着,株式会社GS STAFF,岐阜県,"月給35万1,500円",派遣社員,派遣,求人ボックス,https://xn--pckua2a7gp15o89zb.com/jb/0f2a7d044ad4599f0227bebb1b0ea890,True,3時間前,2026-09-19 04:19:07,岐阜県
納豆を機械から取り出すお仕事新着,株式会社ウィルオブ・ワーク,岐阜県,"時給1,300円",派遣社員,派遣,求人ボックス,https://xn--pckua2a7gp15o89zb.com/jb/edb52b785390a37d491d6348bd96f314,True,15時間前,2026-09-19 04:19:07,岐阜県
金属部品の検査スタッフ新着,株式会社ホットスタッフ恵那,岐阜県,"時給1,200円～1,500円",派遣社員,派遣,求人ボックス,https://xn--pckua2a7gp15o89zb.com/jb/dc89513ab429dd15d80e7f34bd62cff5,True,10時間前,2026-09-19 04:19:07,岐阜県
人材支援スタッフ新着,株式会社タクト経済研究所,岐阜県,年収420万円～500万円,正社員,派遣,求人ボックス,https://xn--pckua2a7gp15o89zb.com/jb/a065dddaf5388a39c78af4ad9e00a62f,True,8時間前,2026-09-19 04:19:10,岐阜県
アパレル商品のピッキング新着,株式会社ホットスタッフ大垣,岐阜県,"時給1,190円",派遣社員,派遣,求人ボックス,https://xn--pckua2a7gp15o89zb.com/jb/6cf6701a65404914d7f549ea7a0ce967,True,10時間前,2026-09-19 04:19:10,岐阜県
検査／自動車部品製造の請負現場管理／2交替／20～40代活躍中新着,フジアルテ株式会社,岐阜県,月給23万円～,正社員,派遣,求人ボックス,https://xn--pckua2a7gp15o89zb.com/jb/c2289c31646cbd0bdc8983ea8676f771,True,15時間前,2026-09-19 04:19:10,岐阜県
産業機械メーカーにて工作機械アフターサービス新着,株式会社スタッフサービス,岐阜県,"時給1,500円～",派遣社員,派遣,求人ボックス,https://xn--pckua2a7gp15o89zb.com/jb/bd491edc1283a8db3ddb0f49a2d4c60c,True,8時間前,2026-09-19 04:19:10,岐阜県
「え、いきなり正社員!?」／スマホタッチセンサーの製造スタッフ／未経験OK／20~30代活躍中!新着,三陽工業株式会社,岐阜県,月給19万円～35万円,正社員,派遣,求人ボックス,https://xn--pckua2a7gp15o89zb.com/jbn/b4cf1bfaf44e5553e26d709fe2ce6794,True,13時間前,2026-09-19 04:19:13,岐阜県
「日払いOK寮費無料!」電子部品の機械加工スタッフ／20代から30代活躍中!／残業ほぼなし新着,株式会社日本ケイテム,岐阜県,"時給1,200円～",アルバイト・パート,派遣,求人ボックス,https://xn--pckua2a7gp15o89zb.com/jbn/d98d538acd33195aa47c00a6637375a5,True,19時間前,2026-09-19 04:19:13,岐阜県
製造業／半導体用研磨剤の製造／残業月20時間未満／リモート面接OK新着,日研トータルソーシング株式会社,岐阜県,"時給1,500円～",派遣社員,派遣,求人ボックス,https://xn--pckua2a7gp15o89zb.com/jbn/3340a6aecb23a76b6d121d5101273044,True,23時間前,2026-09-19 04:19:13,岐阜県
ずんどう屋 店舗マネージャー新着,株式会社ZUND,岐阜県,月給45万円～49万円,正社員,派遣,求人ボックス,https://xn--pckua2a7gp15o89zb.com/jbn/c6df26f4c40ab7e3c460afef10b96626,True,22時間前,2026-09-19 04:19:13,岐阜県
コミュ力不要のカンタン作業／軽作業・工場／住み込み歓迎／日払い、週払い可新着,株式会社F・C 採用部,岐阜県,月給28万円～32万円,派遣社員,派遣,求人ボックス,https://xn--pckua2a7gp15o89zb.com/jb/75316a63c50769ec0e35242f34e19d65,True,8時間前,2026-09-19 04:19:13,岐阜県
グラスファイバー製品の原料投入新着,株式会社ホットスタッフ各務原,岐阜県,"時給1,500円",派遣社員,派遣,求人ボックス,https://xn--pckua2a7gp15o89zb.com/jb/38b43755c2b8c49749c4cb7d6ab18ba9,True,10時間前,2026-09-19 04:19:13,岐阜県
「細かい気づきが評価される」／監視オペレーター／年間休日125日以上／コツコツ作業／土日祝休み新着,事業(派27-302361)有料職業紹介事業(27-ユ-302045),岐阜県,"月給31万8,000円",正社員,派遣,求人ボックス,https://xn--pckua2a7gp15o89zb.com/jbn/186a9a678583840dee90e20de352b8a5,True,11時間前,2026-09-19 04:19:17,岐阜県
「手順通り進めるIT業務」／アプリテスター／有給取得率90%以上／完全週休2日制／PC基礎からOK新着,事業(派27-302361)有料職業紹介事業(27-ユ-302045),岐阜県,"月給32万9,000円",正社員,派遣,求人ボックス,https://xn--pckua2a7gp15o89zb.com/jbn/70afce9ce2f4ed3eb062a85186521898,True,11時間前,2026-09-19 04:19:17,岐阜県
「PC基礎からチャレンジ」／監視オペレーター／人柄重視／第二新卒歓迎／スキルアップ可能新着,事業(派27-302361)有料職業紹介事業(27-ユ-302045)...「コツコツ進める作業が得意」と活躍している元事務・販売,岐阜県,"月給31万5,000円",正社員,派遣,求人ボックス,https://xn--pckua2a7gp15o89zb.com/jbn/fd93b0f1ae8b92c235b2f83cee6be303,True,11時間前,2026-09-19 04:19:21,岐阜県
「アプリやゲーム好き歓迎」／システム運用オペレーター／有給取得率90%以上／完全週休2日制新着,事業(派27-302361)有料職業紹介事業(27-ユ-302045)...「コツコツ進める作業が得意」と活躍している元事務・販売,岐阜県,"月給31万2,000円",正社員,派遣,求人ボックス,https://xn--pckua2a7gp15o89zb.com/jbn/33798d24d2d8ef59df58855b085789aa,True,11時間前,2026-09-19 04:19:21,岐阜県
「コツコツ確認が得意な方へ」／QAテスター／年間休日125日以上／正社員デビュー応援新着,事業(派27-302361)有料職業紹介事業(27-ユ-302045),岐阜県,月給30万円～37万,正社員,派遣,求人ボックス,https://xn--pckua2a7gp15o89zb.com/jbn/780c0d0ef6e64f6212352c1940b0ae77,True,11時間前,2026-09-19 04:19:21,岐阜県
身近なアイテムを作る製造ワーク!／ミニ空気清浄機の検査スタッフ／年間休日135日以上新着,スタッフ,岐阜県,"月給34万3,000円",正社員,派遣,求人ボックス,https://xn--pckua2a7gp15o89zb.com/jbn/8546aa59464ad4c8f66e7bb844aa112b,True,11時間前,2026-09-19 04:19:24,岐阜県
若手活躍中のシンプル工場ワーク!／シリコン保存バッグの出荷前確認スタッフ／即入寮OK／ボーナスあり新着,スタッフ,岐阜県,"月給34万3,000円",正社員,派遣,求人ボックス,https://xn--pckua2a7gp15o89zb.com/jbn/125d434324cfe34f8537de7462ff618d,True,11時間前,2026-09-19 04:19:24,岐阜県
小型部品中心で始めやすい!／電子体温計パーツの製造オペレーター／月収40万以上可新着,スタッフ,岐阜県,"月給31万4,000円",正社員,派遣,求人ボックス,https://xn--pckua2a7gp15o89zb.com/jbn/23da824336f4264416b46e44f8746a36,True,11時間前,2026-09-19 04:19:24,岐阜県
「細かい気づきが評価される」／アプリ開発／人柄重視／福利厚生充実／正社員デビュー応援新着,事業(派27-302361)有料職業紹介事業(27-ユ-302045)...「コツコツ進める作業が得意」と活躍している元事務・販売,岐阜県,"月給37万4,000円",正社員,派遣,求人ボックス,https://xn--pckua2a7gp15o89zb.com/jbn/44db4fec37478e66889d005dc32034a2,True,11時間前,2026-09-19 04:19:27,岐阜県
「正社員デビュー応援」／ITサポート／残業少なめ／服装自由／有給取得率90%以上新着,事業(派27-302361)有料職業紹介事業(27-ユ-302045)...「コツコツ進める作業が得意」と活躍している元事務・販売,岐阜県,"月給30万3,000円",正社員,派遣,求人ボックス,https://xn--pckua2a7gp15o89zb.com/jbn/477771cb717765dbda1744a158036eb7,True,11時間前,2026-09-19 04:19:27,岐阜県
「未経験スタート多数」／チェック業務スタッフ／服装自由／若手活躍中／土日祝休み新着,スタッフ,岐阜県,"月給32万2,000円",正社員,派遣,求人ボックス,https://xn--pckua2a7gp15o89zb.com/jbn/863509e3cb8dadd3a54a50daa53dece8,True,11時間前,2026-09-19 04:19:27,岐阜県
「20代から始めやすいIT職」／マニュアル作成サポート／キャリアアップ支援／研修あり／福利厚生充実新着,事業(派27-302361)有料職業紹介事業(27-ユ-302045)...「コツコツ進める作業が得意」と活躍している元事務・販売,岐阜県,"月給33万6,000円",正社員,派遣,求人ボックス,https://xn--pckua2a7gp15o89zb.com/jbn/512d447d16b7a5412753990e5e896309,True,11時間前,2026-09-19 04:19:27,岐阜県
「未経験から始める人気ITワーク」／運用サポート／服装自由／若手活躍中／コツコツ作業新着,事業(派27-302361)有料職業紹介事業(27-ユ-302045)...「コツコツ進める作業が得意」と活躍している元事務・販売,岐阜県,"月給35万4,000円",正社員,派遣,求人ボックス,https://xn--pckua2a7gp15o89zb.com/jbn/dc43a7c519898d4e73ebcd7ddc5cbb6b,True,11時間前,2026-09-19 04:19:27,岐阜県
「好きなことをITの仕事に」／テクニカルサポート／PC基礎からOK／賞与あり／服装自由新着,事業(派27-302361)有料職業紹介事業(27-ユ-302045)...「コツコツ進める作業が得意」と活躍している元事務・販売,岐阜県,"月給35万2,000円",正社員,派遣,求人ボックス,https://xn--pckua2a7gp15o89zb.com/jbn/8367b95430e3357dbc64f7ea831650f4,True,11時間前,2026-09-19 04:19:29,岐阜県
「未経験スタート多数」／ヘルプデスク／賞与あり／土日祝休み／土日祝休み新着,事業(派27-302361)有料職業紹介事業(27-ユ-302045)...「コツコツ進める作業が得意」と活躍している元事務・販売,岐阜県,"月給32万2,000円",正社員,派遣,求人ボックス,https://xn--pckua2a7gp15o89zb.com/jbn/d8d50d6eec4def38c8cc5856a20850d5,True,11時間前,2026-09-19 04:19:29,岐阜県
「安定して働ける内勤IT」／エンジニアアシスタント／年間休日125日以上／コツコツ作業／若手活躍中新着,事業(派27-302361)有料職業紹介事業(27-ユ-302045)...「コツコツ進める作業が得意」と活躍している元事務・販売,岐阜県,"月給34万3,000円",正社員,派遣,求人ボックス,https://xn--pckua2a7gp15o89zb.com/jbn/3b755a09d918f9931a41dc9894acf99d,True,11時間前,2026-09-19 04:19:29,岐阜県
建築施工管理 現場作業の手配など あなたの経験をしっかり評価新着,マルタケ株式会社,岐阜県,月給42万円～70万円,派遣社員,派遣,求人ボックス,https://xn--pckua2a7gp15o89zb.com/jb/f1ce4edd447a1ade212d58c4485c9730,True,3時間前,2026-09-19 04:19:29,岐阜県
軽い日用品のピッキング新着,株式会社セイノースタッフサービス,岐阜県,"時給1,150円",派遣社員,派遣,求人ボックス,https://xn--pckua2a7gp15o89zb.com/jb/c2c57d1d60e0c2aebd38958cb675ee2a,True,18時間前,2026-09-19 04:19:29,岐阜県
「イオンモール土岐」インフォメーション受付新着,株式会社センチュリーアンドカンパニー,岐阜県,"時給1,500円",アルバイト・パート,派遣,求人ボックス,https://xn--pckua2a7gp15o89zb.com/jb/8d70a84ee73781b8f280ba6c92034672,True,9時間前,2026-09-19 04:19:29,岐阜県
レストラン・専門料理店新着,株式会社魁力屋,岐阜県,月給23万円～28万,正社員,飲食,求人ボックス,https://xn--pckua2a7gp15o89zb.com/jbn/dc4386e8b6deb66e2daabff8a63d29dd,True,13時間前,2026-09-19 04:19:13,岐阜県
レストラン・専門料理店新着,株式会社ビーケー・ジャパン,岐阜県,月給31万円～40万,正社員,飲食,求人ボックス,https://xn--pckua2a7gp15o89zb.com/jbn/6a581d47e9d4aaca76c1381ef9d398c6,True,13時間前,2026-09-19 04:19:13,岐阜県
レストラン・専門料理店新着,株式会社マッシュフードラボ,岐阜県,月給24万円～35万円,正社員,飲食,求人ボックス,https://xn--pckua2a7gp15o89zb.com/jbn/b86075a3036cb125046a415849e2bb65,True,13時間前,2026-09-19 04:19:13,岐阜県
レストラン・専門料理店新着,株式会社サイプレス,岐阜県,月給28万円～40万円,正社員,飲食,求人ボックス,https://xn--pckua2a7gp15o89zb.com/jbn/6c7c5d414fd5a02129f2f8ff1086b2ed,True,13時間前,2026-09-19 04:19:13,岐阜県
「男女問わずゲーム好きが活躍できる環境」／ゲームデバッガー／未経験歓迎／サポート体制充実／安定勤務新着,株式会社Tetote,岐阜県,月給27万円～34万円,正社員,飲食,求人ボックス,https://xn--pckua2a7gp15o89zb.com/jbn/eb98995dbb3243e34bb925c6b91835dc,True,14時間前,2026-09-19 04:19:13,岐阜県
「未経験から始めやすいスピード採用!」／Webエンジニア／スピード選考／研修充実／昇給制度あり新着,株式会社SNJAPAN,岐阜県,月給27万円～34万円,正社員,飲食,求人ボックス,https://xn--pckua2a7gp15o89zb.com/jbn/09c6cf7db053c160ed8d53a9de28ed3f,True,14時間前,2026-09-19 04:19:14,岐阜県
"店舗型バイヤー／平均年収1,200万／残業月平均3.3時間／有給取得率85.7%／未経験歓迎新着",株式会社Reivy,岐阜県,月給35万円～45万円,正社員,飲食,求人ボックス,https://xn--pckua2a7gp15o89zb.com/jbn/0007a1cb2be74ee8ba412a7a6f995d92,True,22時間前,2026-09-19 04:19:14,岐阜県
レストラン・専門料理店新着,株式会社ファイブレシピ,岐阜県,月給28万円～38万,正社員,飲食,求人ボックス,https://xn--pckua2a7gp15o89zb.com/jbn/8741d8979ee03f10cd4b4c5b1a506e5a,True,12時間前,2026-09-19 04:19:14,岐阜県
レストラン・専門料理店新着,株式会社レインズインターナショナル,岐阜県,月給27万円～35万円,正社員,飲食,求人ボックス,https://xn--pckua2a7gp15o89zb.com/jbn/4fbc29869485de4ccd1457527e27625d,True,13時間前,2026-09-19 04:19:14,岐阜県
レストラン・専門料理店新着,株式会社トリドールホールディングス,岐阜県,"月給24万9,000円",正社員,飲食,求人ボックス,https://xn--pckua2a7gp15o89zb.com/jbn/44fa000bdbcb69ec842dd14bd9798225,True,13時間前,2026-09-19 04:19:17,岐阜県
レストラン・専門料理店新着,株式会社ギフト,岐阜県,"月給26万8,000円",正社員,飲食,求人ボックス,https://xn--pckua2a7gp15o89zb.com/jbn/47926b725ee7270da1abe883b3ea732f,True,13時間前,2026-09-19 04:19:17,岐阜県
レストラン・専門料理店／フリーター歓迎／経験者歓迎／主婦・主夫歓迎新着,千代田観光株式会社,岐阜県,月給18万円～25万円,正社員,飲食,求人ボックス,https://xn--pckua2a7gp15o89zb.com/jbn/3b06666b3ba7534da34f7dbf4c5d9aad,True,13時間前,2026-09-19 04:19:17,岐阜県
「研修から安心スタート」／運用サポート／キャリアアップ支援／スキルアップ可能／完全週休2日制新着,...難しい知識が不要で、プレイヤー目線が活かせる仕事として選択。 「PCは普段使いレベル。でもIT業界に挑戦したい」と入社した元,岐阜県,"月給31万2,000円",正社員,飲食,求人ボックス,https://xn--pckua2a7gp15o89zb.com/jbn/f0428147f1fc45deef2c630287eade5e,True,11時間前,2026-09-19 04:19:17,岐阜県
レストラン・専門料理店新着,株式会社浜木綿,岐阜県,月給28万円～35万円,正社員,飲食,求人ボックス,https://xn--pckua2a7gp15o89zb.com/jbn/eaa2879c15270b0812e77da3171dc25f,True,13時間前,2026-09-19 04:19:21,岐阜県
「サポート好きに合う仕事」／チェック業務スタッフ／服装自由／若手活躍中／土日祝休み新着,スタッフ,岐阜県,"月給32万6,000円",正社員,飲食,求人ボックス,https://xn--pckua2a7gp15o89zb.com/jbn/cec8fba369aefb48da07f0602f683822,True,11時間前,2026-09-19 04:19:21,岐阜県
「チェック中心で始めやすい」／データ管理スタッフ／PC基礎からOK／賞与あり／キャリアアップ支援新着,スタッフ,岐阜県,"月給32万4,000円",正社員,飲食,求人ボックス,https://xn--pckua2a7gp15o89zb.com/jbn/016188b91b7e48b0dfff24d2077c4ac6,True,11時間前,2026-09-19 04:19:21,岐阜県
ペットフード・用品の品出しスタッフ／七宝店スキルアップで収入アップ／有給制度あり／初めての方もOK新着,株式会社犬の家 七宝店,岐阜県,"月給20万6,000円",正社員,飲食,求人ボックス,https://xn--pckua2a7gp15o89zb.com/jbn/e1a1c56cd8125fbfc2c6656025751986,True,21時間前,2026-09-19 04:19:21,岐阜県
「20代から始めやすいIT職」／ソフトウェアテスター／残業少なめ／服装自由／福利厚生充実新着,...難しい知識が不要で、プレイヤー目線が活かせる仕事として選択。 「PCは普段使いレベル。でもIT業界に挑戦したい」と入社した元,岐阜県,"月給30万3,000円",正社員,飲食,求人ボックス,https://xn--pckua2a7gp15o89zb.com/jbn/ec121eb81bcac0a217267b06198c76b4,True,11時間前,2026-09-19 04:19:21,岐阜県
「普段のスマホ経験が活かせる」／システム運用オペレーター／未経験歓迎／人柄重視／キャリアアップ支援新着,...難しい知識が不要で、プレイヤー目線が活かせる仕事として選択。 「PCは普段使いレベル。でもIT業界に挑戦したい」と入社した元,岐阜県,"月給31万5,000円",正社員,飲食,求人ボックス,https://xn--pckua2a7gp15o89zb.com/jbn/98a7cdd25517899c853e557b6fd8d2b9,True,11時間前,2026-09-19 04:19:23,岐阜県
「将来につながるITワーク」／動作検証スタッフ／服装自由／資格取得支援／賞与あり新着,スタッフ,岐阜県,月給31万円～36万,正社員,飲食,求人ボックス,https://xn--pckua2a7gp15o89zb.com/jbn/c2b41c663232c4577bdfcc80b340ff30,True,11時間前,2026-09-19 04:19:23,岐阜県
レストラン・専門料理店新着,株式会社リトパコーポレーション,岐阜県,月給22万円～33万円,正社員,飲食,求人ボックス,https://xn--pckua2a7gp15o89zb.com/jbn/11774e75eb943a6b754079854220da57,True,13時間前,2026-09-19 04:19:23,岐阜県
吉野家の店長候補／年収400万円以上可新着,株式会社吉野家ホールディングス,岐阜県,月給24万900円,正社員,飲食,求人ボックス,https://xn--pckua2a7gp15o89zb.com/jb/2e59a85896ae0829219cd73e2a8a9b75,True,4時間前,2026-09-19 04:19:23,岐阜県
「新しいことに挑戦したい方へ」／インフラエンジニア／内勤ワーク／キャリアアップ支援／資格取得支援新着,...難しい知識が不要で、プレイヤー目線が活かせる仕事として選択。 「PCは普段使いレベル。でもIT業界に挑戦したい」と入社した元,岐阜県,"月給33万5,000円",正社員,飲食,求人ボックス,https://xn--pckua2a7gp15o89zb.com/jbn/80e2b880bbe7b2eb5a552964dff61300,True,11時間前,2026-09-19 04:19:23,岐阜県
「未経験スタート多数」／webエンジニア／キャリアアップ支援／研修あり／土日祝休み新着,...難しい知識が不要で、プレイヤー目線が活かせる仕事として選択。 「PCは普段使いレベル。でもIT業界に挑戦したい」と入社した元,岐阜県,"月給33万8,000円",正社員,飲食,求人ボックス,https://xn--pckua2a7gp15o89zb.com/jbn/0aa0ed68282bbe232e73884614936c9b,True,11時間前,2026-09-19 04:19:23,岐阜県
「IT業界デビュー歓迎」／マニュアル作成サポート／賞与あり／土日祝休み／完全週休2日制新着,...難しい知識が不要で、プレイヤー目線が活かせる仕事として選択。 「PCは普段使いレベル。でもIT業界に挑戦したい」と入社した元,岐阜県,"月給32万2,000円",正社員,飲食,求人ボックス,https://xn--pckua2a7gp15o89zb.com/jbn/53f53b40ead99fb9a01ef1ba327b6ebd,True,11時間前,2026-09-19 04:19:23,岐阜県
8月スタート 調理補助のお仕事新着,株式会社ベル,岐阜県,"時給1,300円",派遣社員,飲食,求人ボックス,https://xn--pckua2a7gp15o89zb.com/jb/c3108248d57e765ffb9d11293777d631,True,12時間前,2026-09-19 04:19:26,岐阜県
シフト休 東証一部上場企業／未経験歓迎!接客・調理でリーダーシップを発揮新着,株式会社コンシェルテック,岐阜県,月給23万円～35万円,正社員,飲食,求人ボックス,https://xn--pckua2a7gp15o89zb.com/jb/6c33ab1556ba2628e241fe6b53ea950a,True,22時間前,2026-09-19 04:19:26,岐阜県
「IT業界の事務デビュー!」／IT事務／高収入／週休2日制／nO.71新着,スタッフ,岐阜県,月給28万円～30万円,正社員,飲食,求人ボックス,https://xn--pckua2a7gp15o89zb.com/jbn/13afa03b52bb0edd387689eb394b31a4,True,10時間前,2026-09-19 04:19:26,岐阜県
「「人気のカンタン軽作業×夜勤専属」」サバゲー用品などの倉庫内軽作業新着,セブンエージェント株式会社,岐阜県,"時給1,560円～",派遣社員,飲食,求人ボックス,https://xn--pckua2a7gp15o89zb.com/jb/4f96afd1e9e5277a7d8747ae08c0dde3,True,19時間前,2026-09-19 04:19:26,岐阜県
「きれいに並ぶと、意外と気持ちいい。」通販商品の発送準備／経験・学歴不問／ji.645新着,スタッフ,岐阜県,"月給26万5,000円",正社員,飲食,求人ボックス,https://xn--pckua2a7gp15o89zb.com/jbn/c3b94ed368818e0a2607980bd2d2053f,True,14時間前,2026-09-19 04:19:29,岐阜県
決済関連の小型機器製造／未経験OK新着,ライフウェル合同会社,岐阜県,"月給27万5,000円",正社員,飲食,求人ボックス,https://xn--pckua2a7gp15o89zb.com/jb/dd3a8c6b865b8e793fddbe316f0a2988,True,9時間前,2026-09-19 04:19:29,岐阜県
「きれいに並ぶと、意外と気持ちいい。」フェイスパックの箱詰め／経験・学歴不問／ji.676新着,スタッフ,岐阜県,"月給29万6,000円",正社員,飲食,求人ボックス,https://xn--pckua2a7gp15o89zb.com/jbn/09b8cecba9897b031543e78d3c6756f2,True,14時間前,2026-09-19 04:19:29,岐阜県
「毎日見かけるあの商品を、自分の手で。」ゲーミングマウスづくり／経験不問／ji.669新着,スタッフ,岐阜県,"月給30万9,000円",正社員,飲食,求人ボックス,https://xn--pckua2a7gp15o89zb.com/jbn/7d4121f5eef86bc3093f2fad2d15f4e8,True,14時間前,2026-09-19 04:19:29,岐阜県
「きれいに並ぶと、意外と気持ちいい。」飲料のラベル確認／経験・学歴不問／ji.685新着,スタッフ,岐阜県,"月給30万5,000円",正社員,飲食,求人ボックス,https://xn--pckua2a7gp15o89zb.com/jbn/7f4b8677faa732a241d9d984a0511d80,True,14時間前,2026-09-19 04:19:29,岐阜県
揖斐郡大野町／「即入寮OK・寮費0円」業務用冷蔵庫部品の組立・検査／日払いあり／赴任旅費支給新着,株式会社サジェスト,岐阜県,"月給29万3,000円",正社員,飲食,求人ボックス,https://xn--pckua2a7gp15o89zb.com/jb/80d4759eb8e9746151a35ebb14194c66,True,7時間前,2026-09-19 04:19:29,岐阜県
「毎日見かけるあの商品を、自分の手で。」モバイルバッテリーづくり／経験不問／ji.678新着,スタッフ,岐阜県,"月給31万8,000円",正社員,飲食,求人ボックス,https://xn--pckua2a7gp15o89zb.com/jbn/f05112920cb5d641b548ba33520fd9bb,True,14時間前,2026-09-19 04:19:33,岐阜県
「きれいに並ぶと、意外と気持ちいい。」ぬいぐるみの検品／経験・学歴不問／ji.656新着,スタッフ,岐阜県,"月給27万6,000円",正社員,飲食,求人ボックス,https://xn--pckua2a7gp15o89zb.com/jbn/a8d99d839acbcf923086f633b6ffa55d,True,14時間前,2026-09-19 04:19:33,岐阜県
「きれいに並ぶと、意外と気持ちいい。」コスメ容器の検品／経験・学歴不問／ji.675新着,スタッフ,岐阜県,"月給29万5,000円",正社員,飲食,求人ボックス,https://xn--pckua2a7gp15o89zb.com/jbn/f1e332b7296ef42a77dedcf3805a3e88,True,14時間前,2026-09-19 04:19:33,岐阜県
「定着率92.6%の安定企業で働く!」／医療用測定器の検査スタッフ／未経験歓迎／研修あり新着,三陽工業株式会社,岐阜県,月給19万円～37万円,正社員,飲食,求人ボックス,https://xn--pckua2a7gp15o89zb.com/jbn/3896ac2b73f22b240e38bb2743923d97,True,13時間前,2026-09-19 04:19:33,岐阜県
「コツコツ作業が、暮らしを支える製品になる。」浄水フィルターの製造スタッフ／ji.658新着,スタッフ,岐阜県,"月給29万8,000円",正社員,飲食,求人ボックス,https://xn--pckua2a7gp15o89zb.com/jbn/4c6a36efd1ec911e20505b0e82e3410b,True,14時間前,2026-09-19 04:19:33,岐阜県
「毎日見かけるあの商品を、自分の手で。」ワイヤレスイヤホンづくり／経験不問／ji.668新着,スタッフ,岐阜県,"月給30万8,000円",正社員,飲食,求人ボックス,https://xn--pckua2a7gp15o89zb.com/jbn/09e9058b7fc90c7580ff59de6ac4b574,True,14時間前,2026-09-19 04:19:33,岐阜県
「きれいに並ぶと、意外と気持ちいい。」カプセルトイの袋詰め／経験・学歴不問／ji.655新着,スタッフ,岐阜県,"月給27万5,000円",正社員,飲食,求人ボックス,https://xn--pckua2a7gp15o89zb.com/jbn/31c0ec6b229a99f05e97f5e7884ba97b,True,14時間前,2026-09-19 04:19:36,岐阜県
「きれいに並ぶと、意外と気持ちいい。」フィギュアの箱詰め／経験・学歴不問／ji.646新着,スタッフ,岐阜県,"月給26万6,000円",正社員,飲食,求人ボックス,https://xn--pckua2a7gp15o89zb.com/jbn/4600330833159cf3e9d62d7d3dbc42f8,True,14時間前,2026-09-19 04:19:36,岐阜県
「コツコツ作業が、暮らしを支える製品になる。」電動歯ブラシの製造スタッフ／ji.650新着,スタッフ,岐阜県,月給29万円～37万,正社員,飲食,求人ボックス,https://xn--pckua2a7gp15o89zb.com/jbn/49b98753412cf6c6b8cb1be799e1a64e,True,14時間前,2026-09-19 04:19:36,岐阜県
「毎日見かけるあの商品を、自分の手で。」スマートウォッチづくり／経験不問／ji.670新着,スタッフ,岐阜県,月給31万円～39万,正社員,飲食,求人ボックス,https://xn--pckua2a7gp15o89zb.com/jbn/60b7a6741e2d823e9d59879360d243a2,True,14時間前,2026-09-19 04:19:36,岐阜県
「毎日見かけるあの商品を、自分の手で。」小型スピーカーづくり／経験不問／ji.679新着,スタッフ,岐阜県,"月給31万9,000円",正社員,飲食,求人ボックス,https://xn--pckua2a7gp15o89zb.com/jbn/01f930f09f2ceddd133cc6512e3908c1,True,14時間前,2026-09-19 04:19:36,岐阜県
「コツコツ作業が、暮らしを支える製品になる。」検査キットの製造スタッフ／ji.649新着,スタッフ,岐阜県,"月給28万9,000円",正社員,飲食,求人ボックス,https://xn--pckua2a7gp15o89zb.com/jbn/34ba767661307b567aa182a0cc245e56,True,14時間前,2026-09-19 04:19:36,岐阜県
「座って入力ワークデビュー!」／データ入力／スピード選考／交通費支給／研修あり／募集枠860新着,スタッフ,岐阜県,月給27万円～30万円,正社員,飲食,求人ボックス,https://xn--pckua2a7gp15o89zb.com/jbn/6c7430d30571b649ac9e3d26ab11a318,True,11時間前,2026-09-19 04:19:36,岐阜県
「きれいに並ぶと、意外と気持ちいい。」焼き菓子の包装／経験・学歴不問／ji.686新着,スタッフ,岐阜県,"月給30万6,000円",正社員,飲食,求人ボックス,https://xn--pckua2a7gp15o89zb.com/jbn/0a4db4ae707579fcde66fc899901264a,True,14時間前,2026-09-19 04:19:36,岐阜県
「きれいに並ぶと、意外と気持ちいい。」イヤホンの付属品セット／経験・学歴不問／ji.665新着,スタッフ,岐阜県,"月給28万5,000円",正社員,飲食,求人ボックス,https://xn--pckua2a7gp15o89zb.com/jbn/beb9dfb879d82cfdba0ee8320c03a721,True,14時間前,2026-09-19 04:19:38,岐阜県
「コツコツ作業が、暮らしを支える製品になる。」ロボット掃除機部品の製造スタッフ／ji.660新着,スタッフ,岐阜県,月給30万円～38万,正社員,飲食,求人ボックス,https://xn--pckua2a7gp15o89zb.com/jbn/bf53a55e03051845b9baf6b8632bedd1,True,14時間前,2026-09-19 04:19:38,岐阜県
決済関連の小型機器製造／未経験OK新着,縁建託株式会社,岐阜県,"月給27万5,000円",正社員,飲食,求人ボックス,https://xn--pckua2a7gp15o89zb.com/jb/56f21df35c483dd84d290987e6dbc429,True,9時間前,2026-09-19 04:19:38,岐阜県
「きれいに並ぶと、意外と気持ちいい。」アクリルグッズの仕分け／経験・学歴不問／ji.657新着,スタッフ,岐阜県,"月給27万7,000円",正社員,飲食,求人ボックス,https://xn--pckua2a7gp15o89zb.com/jbn/3f26017a595503224e6ff9efcd5ad703,True,14時間前,2026-09-19 04:19:38,岐阜県
「コツコツ作業が、暮らしを支える製品になる。」医療用マスクの製造スタッフ／ji.648新着,スタッフ,岐阜県,"月給28万8,000円",正社員,飲食,求人ボックス,https://xn--pckua2a7gp15o89zb.com/jbn/a73fcc6c1711df7e774f8113daa74628,True,14時間前,2026-09-19 04:19:38,岐阜県
「きれいに並ぶと、意外と気持ちいい。」冷凍スイーツの仕分け／経験・学歴不問／ji.677新着,スタッフ,岐阜県,"月給29万7,000円",正社員,飲食,求人ボックス,https://xn--pckua2a7gp15o89zb.com/jbn/61daf5e6538d4ab3e6adba50c16dd78f,True,14時間前,2026-09-19 04:19:38,岐阜県
「未経験からゲーム業界デビュー!」／ゲームテスター／月収30万〜50万／未経験歓迎／育成枠採用新着,スタッフ,岐阜県,"月給31万5,000円",正社員,飲食,求人ボックス,https://xn--pckua2a7gp15o89zb.com/jbn/d107b0817c967f84b607d211cd766330,True,15時間前,2026-09-19 04:19:38,岐阜県
「きれいに並ぶと、意外と気持ちいい。」ケーブルの袋詰め／経験・学歴不問／ji.666新着,スタッフ,岐阜県,"月給28万6,000円",正社員,飲食,求人ボックス,https://xn--pckua2a7gp15o89zb.com/jbn/b54034ce638fff038012d6eb227a762e,True,14時間前,2026-09-19 04:19:38,岐阜県
港区の保育士／認可保育園で保育のお仕事 派遣保育士／高時給新着,グッドネクスト,静岡県,"時給1,750円",派遣社員,保育,求人ボックス,https://xn--pckua2a7gp15o89zb.com/jb/85abfa185babf129874de0879486c599,True,23時間前,2026-09-19 04:19:41,静岡県
保育士新着,株式会社アイエーイー,静岡県,"時給1,401円",派遣社員,保育,求人ボックス,https://xn--pckua2a7gp15o89zb.com/jb/db037db12801d432f9b84b05d2438f82,True,8時間前,2026-09-19 04:19:41,静岡県
放課後等デイサービスの保育士新着,放課後等デイサービス あろ,静岡県,"月給19万8,000円",正社員,保育,求人ボックス,https://xn--pckua2a7gp15o89zb.com/jb/22d901b9a728a0596231aaa4d15c74cb,True,18時間前,2026-09-19 04:19:41,静岡県
保育士／小規模保育園／ゆうなのき保育園新着,株式会社ゾーンアーキテクトスタジオ,静岡県,"時給1,200円",アルバイト・パート,保育,求人ボックス,https://xn--pckua2a7gp15o89zb.com/jb/7d37f1c4ae47580d2be678b2b64dc7a7,True,3時間前,2026-09-19 04:19:42,静岡県
保育士／認定こども園／幼保連携型認定こども園 みどりのもり都田新着,株式会社アスカ,静岡県,"時給1,500円",派遣社員,保育,求人ボックス,https://xn--pckua2a7gp15o89zb.com/jb/2903d76c33a56e00baf70bf655e51e38,True,3時間前,2026-09-19 04:19:45,静岡県
3時間～始める、ちょうどいい働き方 放課後等デイサービス／保育士新着,株式会社ノースゲイト,静岡県,"時給1,250円～1,400円",アルバイト・パート,保育,求人ボックス,https://xn--pckua2a7gp15o89zb.com/jb/26539c1ab72543d7c0d330c7295f6989,True,10時間前,2026-09-19 04:19:45,静岡県
保育士／磐田市立総合病院 こすもす保育園新着,ライクキッズ株式会社,静岡県,"時給1,150円～1,300円",アルバイト・パート,保育,求人ボックス,https://xn--pckua2a7gp15o89zb.com/jb/4257e916db58eba14ad5b9f8820f9d8d,True,11時間前,2026-09-19 04:19:48,静岡県
グループホームでの介護職／年間休日117日以上／福利厚生が充実新着,株式会社レガート,静岡県,月給28万円～,正社員,介護,求人ボックス,https://xn--pckua2a7gp15o89zb.com/jb/91ea542c99cc9cbdcbbba2ff9fb44b91,True,6時間前,2026-09-19 04:19:25,静岡県
介護職・ホームヘルパー／フルタイムにて入れる方大歓迎新着,株式会社ee link,静岡県,"時給1,600円～1,800円",派遣社員,介護,求人ボックス,https://xn--pckua2a7gp15o89zb.com/jb/f4ce36af129bf9ccb25b0711ea7865a5,True,23時間前,2026-09-19 04:19:25,静岡県
20-50代活躍中!／バス会社の送迎バスドライバー／未経験OK新着,介護,静岡県磐田市のバス会社,"時給1,250円～",正社員,介護,求人ボックス,https://xn--pckua2a7gp15o89zb.com/jb/2714d39bf4ef5a3fac7d035acc925afb,True,21時間前,2026-09-19 04:19:26,静岡県
通所介護・デイサービス勤務の介護職／ヘルパー新着,デイサービスセンターからふる沼津,静岡県,"時給1,250円～1,400円",アルバイト・パート,介護,求人ボックス,https://xn--pckua2a7gp15o89zb.com/jb/d4e9c84069eda954e2234dec3777a841,True,6時間前,2026-09-19 04:19:30,静岡県
ショートステイ 入浴専従介護職「パート・アルバイト」／そよ風公式新着,株式会社SOYOKAZE,静岡県,"時給1,360円～1,460円",アルバイト・パート,介護,求人ボックス,https://xn--pckua2a7gp15o89zb.com/jb/b52cafe21de7443c4a1e6bc265a79f04,True,2時間前,2026-09-19 04:19:30,静岡県
通所介護・デイサービス勤務の介護職／ヘルパー新着,デイサービス アビリティ佐鳴台,静岡県,"時給1,097円～1,250円",アルバイト・パート,介護,求人ボックス,https://xn--pckua2a7gp15o89zb.com/jb/888617fe628c83b8fce48f4b1556beac,True,7時間前,2026-09-19 04:19:30,静岡県
社会保険完備の職場で介護職／ヘルパー新着,多機能ホームかたくりの里,静岡県,月給25万円～27万円,正社員,介護,求人ボックス,https://xn--pckua2a7gp15o89zb.com/jb/dc8f2d0c6eeda937c3093371f1931982,True,7時間前,2026-09-19 04:19:34,静岡県
社会保険完備の職場で介護職／ヘルパー新着,そんぽの家 富士宮,静岡県,"月給18万7,000円",正社員,介護,求人ボックス,https://xn--pckua2a7gp15o89zb.com/jb/c7048c8938bc40e4ecbb7e3e8e6c9f40,True,7時間前,2026-09-19 04:19:34,静岡県
無資格可の介護職／ヘルパー新着,介護老人保健施設博寿園 通所リハビリテーション,静岡県,"時給1,160円",アルバイト・パート,介護,求人ボックス,https://xn--pckua2a7gp15o89zb.com/jb/10acd225ca3ae05b044a099348399920,True,7時間前,2026-09-19 04:19:34,静岡県
社会保険完備の職場で介護職／ヘルパー新着,そんぽの家 浜松,静岡県,"月給18万7,000円",正社員,介護,求人ボックス,https://xn--pckua2a7gp15o89zb.com/jb/12806d7a739ff0c5f9af0b0b6107ef10,True,7時間前,2026-09-19 04:19:37,静岡県
小規模多機能の夜勤専従スタッフ 介護職新着,ミモザ島田初倉,静岡県,"日給2万3,220円",アルバイト・パート,介護,求人ボックス,https://xn--pckua2a7gp15o89zb.com/jb/5850213bd879582ff5399af0bc74fef1,True,4時間前,2026-09-19 04:19:37,静岡県
グループホームの夜勤専従スタッフ 介護職 実務者研修新着,ミモザ島田神座,静岡県,"日給2万7,200円",アルバイト・パート,介護,求人ボックス,https://xn--pckua2a7gp15o89zb.com/jb/3e424d7858baf0b15bec9f055b94a287,True,4時間前,2026-09-19 04:19:41,静岡県
介護職／ショートステイ新着,浜松東ショートステイそよ風,静岡県,"時給1,400円～1,500円",アルバイト・パート,介護,求人ボックス,https://xn--pckua2a7gp15o89zb.com/jb/fbd867928760cefefa0db4ba621418c5,True,2時間前,2026-09-19 04:19:41,静岡県
介護職／特別養護老人ホーム第二白寿園新着,株式会社Going,静岡県,"時給1,400円～1,600円",派遣社員,介護,求人ボックス,https://xn--pckua2a7gp15o89zb.com/jb/4e4c21901090b4c7190e6ffc0f913dd6,True,11時間前,2026-09-19 04:19:44,静岡県
デイサービスセンターの介護新着,社会福祉法人天竜厚生会 しんぱらの家デイサービス...,静岡県,"月給19万1,900円",正社員,介護,求人ボックス,https://xn--pckua2a7gp15o89zb.com/jb/e34487e1eae62238993d6c7daadf310d,True,12時間前,2026-09-19 04:19:44,静岡県
施設内での介護サービス新着,株式会社アイエーイー,静岡県,"時給1,200円",派遣社員,介護,求人ボックス,https://xn--pckua2a7gp15o89zb.com/jb/60aacafa72242e04ad8809f56d27b27b,True,8時間前,2026-09-19 04:19:48,静岡県
「男女ともに活躍中」／デジタルカメラレンズの製造／モクモク作業／未経験歓迎／20~30代活躍中!新着,三陽工業株式会社,静岡県,月給19万円～36万円,正社員,介護,求人ボックス,https://xn--pckua2a7gp15o89zb.com/jbn/c3b97b48b4e37206186db362d32c88e2,True,13時間前,2026-09-19 04:19:48,静岡県
デイサービスの介護スタッフ新着,ぽっかぽか・熱海館1号館,静岡県,"時給1,220円～1,380円",アルバイト・パート,介護,求人ボックス,https://xn--pckua2a7gp15o89zb.com/jb/c9da0ff453a0510a604624055715503c,True,12時間前,2026-09-19 04:19:52,静岡県
旅リハ・日常ケアの介護スタッフ新着,ぽっかぽか・熱海館2号館,静岡県,"月給19万1,400円",正社員,介護,求人ボックス,https://xn--pckua2a7gp15o89zb.com/jb/230f5d7188fa58113b285d25c9432868,True,12時間前,2026-09-19 04:19:52,静岡県
フォロー体制有 有料老人ホームでの介護新着,株式会社ウィルオブ・ワーク,静岡県,"時給1,350円",正社員,介護,求人ボックス,https://xn--pckua2a7gp15o89zb.com/jb/e808baec2b63beea7a285a2d37a0d681,True,19時間前,2026-09-19 04:19:52,静岡県
デイサービスの送迎ドライバー新着,医療法人社団凜和会 フォレスタデイ藤枝小石川,静岡県,"時給1,150円",アルバイト・パート,介護,求人ボックス,https://xn--pckua2a7gp15o89zb.com/jb/d57dabae611f93aa8d872627beca4151,True,18時間前,2026-09-19 04:19:55,静岡県
訪問介護職員／深夜はたらく・夜勤／シフト制／残業なし／大量募集／長期活躍新着,ホームケア土屋 静岡,静岡県,"時給1,210円～1,350円",アルバイト・パート,介護,求人ボックス,https://xn--pckua2a7gp15o89zb.com/jbn/a549a05f53f5bfb38f38e2f680b2660d,True,23時間前,2026-09-19 04:19:55,静岡県
ホテルスタッフ 夜間受付 未経験可新着,ホテルテトラリゾート静岡やいづ,静岡県,"月給21万5,000円",正社員,介護,求人ボックス,https://xn--pckua2a7gp15o89zb.com/jb/1e329365ea1c6cb6b72e2dd5c98cd420,True,4時間前,2026-09-19 04:19:55,静岡県
有料での生活サポート及び介護業務全般新着,株式会社トラストグロース西日本,静岡県,"時給1,400円～",派遣社員,介護,求人ボックス,https://xn--pckua2a7gp15o89zb.com/jb/44a3d89b1f7cefbe98cd47965aff615c,True,9時間前,2026-09-19 04:19:55,静岡県
朝・夕送迎ドライバー 普通免許OK新着,医療法人社団凜和会 フォレスタデイ藤枝高洲,静岡県,"時給1,150円",アルバイト・パート,介護,求人ボックス,https://xn--pckua2a7gp15o89zb.com/jb/c7fa7a09cb4e066b6f6fdb7085ce71b2,True,18時間前,2026-09-19 04:19:56,静岡県
世界の車づくりを支える 技術系総合職 8割が未経験スタート新着,マルスン株式会社,静岡県,"月給21万4,000円",正社員,建設,求人ボックス,https://xn--pckua2a7gp15o89zb.com/jb/a24b01e6389b6d6fa7c0a1f9111253e4,True,49分前,2026-09-19 04:20:00,静岡県
解体工事の現場サポートスタッフ新着,株式会社菅野工業,静岡県,"日給1万1,000円",アルバイト・パート,建設,求人ボックス,https://xn--pckua2a7gp15o89zb.com/jb/9fe4012c2a30e1b913a1d778b53024a6,True,6時間前,2026-09-19 04:20:00,静岡県
土木インフラ工事の施工管理新着,管理事業有限会社,静岡県,月給32万円～42万円,正社員,建設,求人ボックス,https://xn--pckua2a7gp15o89zb.com/jb/ffae0c7eedd96e742907c41e827d0cf4,True,18時間前,2026-09-19 04:20:00,静岡県
建築施工管理 配筋写真の撮影・管理など 土日祝休み 手厚いサポートあり新着,マルタケ株式会社,静岡県,月給35万円～60万円,派遣社員,建設,求人ボックス,https://xn--pckua2a7gp15o89zb.com/jb/b8b67b1d5f7fd881054611c97db333f1,True,3時間前,2026-09-19 04:20:00,静岡県
職人新着,株式会社アスカ技建,静岡県,月給30万円～,正社員,建設,求人ボックス,https://xn--pckua2a7gp15o89zb.com/jb/6b443e8899e0d37f7f0ec4993e51cd7d,True,12時間前,2026-09-19 04:20:00,静岡県
静岡市葵区エリアでお仕事をお探しの方に!施工管理のお仕事／建築の施工管理／未経験OK／土日祝休新着,株式会社ディンプル,静岡県,"月給20万5,000円",正社員,建設,求人ボックス,https://xn--pckua2a7gp15o89zb.com/jb/5f9195a60bd18ced1f07c0ce81cc3b61,True,10時間前,2026-09-19 04:20:00,静岡県
東京都品川区勤務・大工・リノベーション 前職給与保証新着,株式会社メガステップ,静岡県,月給35万円～50万円,正社員,建設,求人ボックス,https://xn--pckua2a7gp15o89zb.com/jb/5a4d1ced0141db06160e39e88dac2cb7,True,3時間前,2026-09-19 04:20:00,静岡県
花火の製造スタッフ新着,株式会社神戸煙火工場,静岡県,"月給22万6,000円",正社員,建設,求人ボックス,https://xn--pckua2a7gp15o89zb.com/jb/6bfa5d5913fce0f0ae25ae8fedba810c,True,22時間前,2026-09-19 04:20:00,静岡県
眼科医院での医療事務新着,株式会社アイエーイー,静岡県,"時給1,300円",派遣社員,医療事務,求人ボックス,https://xn--pckua2a7gp15o89zb.com/jb/8a9e2d5f803ef3006b9b22fef5db89e2,True,8時間前,2026-09-19 04:19:33,静岡県
9月採用募集開始!内科クリニックでの医療事務新着,株式会社日本教育クリエイト,静岡県,"時給1,400円",派遣社員,医療事務,求人ボックス,https://xn--pckua2a7gp15o89zb.com/jbn/edcd56db98037170141881173c54653f,True,21時間前,2026-09-19 04:19:33,静岡県
医療事務・受付 スタッフにもやさしい薬局に システム化で考えすぎない調...新着,ウエルシア薬局株式会社,静岡県,"時給1,197円～1,217円",アルバイト・パート,医療事務,求人ボックス,https://xn--pckua2a7gp15o89zb.com/jb/c7320b9fc9eab1600e0e05a6db1ad966,True,5時間前,2026-09-19 04:19:34,静岡県
天竜区渡ケ島／未経験OKの受付・医療事務スタッフ／土日祝休み新着,医療事務,静岡県,"時給1,360円～1,400円",派遣社員,医療事務,求人ボックス,https://xn--pckua2a7gp15o89zb.com/jb/28ce8d9fb91fa78042f37897619dfaef,True,16時間前,2026-09-19 04:19:34,静岡県
医療事務／調剤薬局新着,株式会社ベストシステム 馬郡薬局,静岡県,"時給1,200円～1,300円",アルバイト・パート,医療事務,求人ボックス,https://xn--pckua2a7gp15o89zb.com/jb/611ae960e5044146eaeec3469caf68f7,True,22時間前,2026-09-19 04:19:38,静岡県
整形外科・外科医院の受付新着,和田整形外科・外科医院,静岡県,"月給17万8,400円",正社員,医療事務,求人ボックス,https://xn--pckua2a7gp15o89zb.com/jb/fc624567e01ed17a3a86ff6973161c9d,True,18時間前,2026-09-19 04:19:38,静岡県
社会保険完備の職場で看護師／准看護師新着,ソフィアメディ訪問看護ステーション浜松西,静岡県,"時給1,850円～2,050円",アルバイト・パート,医療事務,求人ボックス,https://xn--pckua2a7gp15o89zb.com/jb/745588aea9647204f904db2ff59539a7,True,6時間前,2026-09-19 04:19:38,静岡県
ペットショップ接客スタッフ／長期勤務をしっかりサポート／週休2日制／車通勤OK／自分の車で通勤可能新着,株式会社犬の家 プレ葉ウォーク浜北店,静岡県,"月給19万9,000円",正社員,医療事務,求人ボックス,https://xn--pckua2a7gp15o89zb.com/jbn/5d82ee632c8fe166f8cdd9b96c0f9af4,True,21時間前,2026-09-19 04:19:41,静岡県
ペットショップ販売スタッフ／未経験・応募ハードル系／長期勤務／週休2日制／駐車場利用OK新着,株式会社犬の家 MEGAドン・キホーテ袋井店,静岡県,"月給19万9,000円",正社員,医療事務,求人ボックス,https://xn--pckua2a7gp15o89zb.com/jbn/e7921109e2654247bc10fcaf37120425,True,21時間前,2026-09-19 04:19:41,静岡県
ペットショップの飼育補助スタッフ／アミーゴ浜松和田店シフト制／将来も安心の退職金制度新着,株式会社犬の家 アミーゴ浜松和田店,静岡県,"月給19万9,000円",正社員,医療事務,求人ボックス,https://xn--pckua2a7gp15o89zb.com/jbn/7b3fed678d6db0344803af93243cd7fb,True,21時間前,2026-09-19 04:19:45,静岡県
「未経験からゲームの品質を支える!」／ゲームデバッガー／完全週休2日制／昇給あり／20〜30代活躍中新着,株式会社SNJAPAN,静岡県,月給27万円～34万円,正社員,医療事務,求人ボックス,https://xn--pckua2a7gp15o89zb.com/jbn/5f466acc4820f084e49bbccff6684649,True,16時間前,2026-09-19 04:19:45,静岡県
「遊ぶ側から支える側へ」ゲームテスター／未経験OK／研修あり／20~30代活躍中新着,株式会社Tetote,静岡県,"月給27万7,000円",正社員,医療事務,求人ボックス,https://xn--pckua2a7gp15o89zb.com/jbn/ae5668480ea338dafd07658b3c292411,True,12時間前,2026-09-19 04:19:47,静岡県
「ゼロからゲーム開発を学べる!」／ゲームテストエンジニア／未経験歓迎／研修制度充実新着,このお仕事の特徴一般,静岡県,月給27万円～34万円,正社員,医療事務,求人ボックス,https://xn--pckua2a7gp15o89zb.com/jbn/7d6cdc1095f4d9b0e276d17696dea081,True,16時間前,2026-09-19 04:19:51,静岡県
「腰を据えられる場所を探す方へ」ITアドバイザー／未経験OK／研修あり／福利厚生充実／安定企業新着,このお仕事の特徴一般,静岡県,月給27万円～34万円,正社員,医療事務,求人ボックス,https://xn--pckua2a7gp15o89zb.com/jbn/a49ae9fdb07971d23b2476dee4f7f0d9,True,10時間前,2026-09-19 04:19:51,静岡県
「未経験から人気タイトルに関われる!」／人気ゲームのテストプレイ／福利厚生充実／長期休暇あり新着,このお仕事の特徴一般,静岡県,月給27万円～34万円,正社員,医療事務,求人ボックス,https://xn--pckua2a7gp15o89zb.com/jbn/c7e459ac3c88c2ac59d21f757ec3683c,True,16時間前,2026-09-19 04:19:54,静岡県
アプリ開発エンジニア／長く安心して働き続けやすい／残業少なめ／福利厚生充実／長期安定新着,このお仕事の特徴一般,静岡県,月給27万円～34万円,正社員,医療事務,求人ボックス,https://xn--pckua2a7gp15o89zb.com/jbn/c1e13d1cd8f9153acc4ecca6fe966db4,True,16時間前,2026-09-19 04:19:58,静岡県
「最短でお仕事スタート!」／ゲームデバッガー／スピード選考／未経験OK／年間休日120日以上新着,このお仕事の特徴一般,静岡県,月給27万円～34万円,正社員,医療事務,求人ボックス,https://xn--pckua2a7gp15o89zb.com/jbn/b8515a6201b77d0fb1e210027cff5b3c,True,16時間前,2026-09-19 04:19:58,静岡県
「未経験からITスキルを身につける!」／ITエンジニア／交通費支給／キャリアアップ可能新着,このお仕事の特徴一般,静岡県,月給27万円～34万円,正社員,医療事務,求人ボックス,https://xn--pckua2a7gp15o89zb.com/jbn/9614e3c4862534ff3b3e178fc23dfe35,True,16時間前,2026-09-19 04:19:58,静岡県
「詳しくなくても入口に立てます」ITアドバイザー／未経験OK／研修あり／20~30代活躍中新着,このお仕事の特徴一般,静岡県,月給27万円～34万円,正社員,医療事務,求人ボックス,https://xn--pckua2a7gp15o89zb.com/jbn/2d3b4bb8168370406449674cc0470ab7,True,11時間前,2026-09-19 04:20:02,静岡県
業界大手の美容師・理容師／賞与・昇給あり／ブランク歓迎新着,QBハウスアスティ静岡,静岡県,月給30万円～41万,正社員,美容,求人ボックス,https://xn--pckua2a7gp15o89zb.com/jbn/5f9e6e8a637ac10e79a032670971d54f,True,23時間前,2026-09-19 04:19:50,静岡県
ブランク歓迎の美容師・理容師／しっかり休める／賞与・昇給あり新着,QBハウスマックスバリュ熱海,静岡県,月給30万円～41万,正社員,美容,求人ボックス,https://xn--pckua2a7gp15o89zb.com/jbn/6523dc7ffea17e753b751cd4183bdbac,True,23時間前,2026-09-19 04:19:50,静岡県
美容師／スタッフ／ピンズ新着,株式会社Blanco,静岡県,月給21万円,正社員,美容,求人ボックス,https://xn--pckua2a7gp15o89zb.com/jb/04f465c31e891abfd8cf5667536e5c21,True,7時間前,2026-09-19 04:19:50,静岡県
美容師／スタイリスト／コフル新着,株式会社COFUL,静岡県,"時給1,350円～1,700円",正社員,美容,求人ボックス,https://xn--pckua2a7gp15o89zb.com/jb/476287a206f3007ee8d65363a4126b9d,True,7時間前,2026-09-19 04:19:50,静岡県
フェイシャルスタッフ新着,パリエボーテ浜松,静岡県,月給23万円～50万円,正社員,美容,求人ボックス,https://xn--pckua2a7gp15o89zb.com/jb/644b0222188cb0d7e00a4cb64a8ea3d1,True,12時間前,2026-09-19 04:19:50,静岡県
事務 正社員／未経験大歓迎／土日祝休み／年間休日125日／20代女性活躍中／おしゃれOK新着,マンパワーグループ株式会社,静岡県,"月給19万4,000円",正社員,美容,求人ボックス,https://xn--pckua2a7gp15o89zb.com/jbn/42b67ceaff3de0ca17fa917f2edfe89b,True,18時間前,2026-09-19 04:19:50,静岡県
ヘアカラースタッフ新着,株式会社Fast Beauty,静岡県,"時給1,190円～",アルバイト・パート,美容,求人ボックス,https://xn--pckua2a7gp15o89zb.com/jb/2472e0ae8dd00d8a68c7170106242ddf,True,9時間前,2026-09-19 04:19:50,静岡県
税理士補助・巡回監査スタッフ 賞与年3回 年間休日120日新着,株式会社中村経営情報センター,静岡県,月給24万円～35万円,正社員,美容,求人ボックス,https://xn--pckua2a7gp15o89zb.com/jb/81a43058b36179a96fc3140b89f55c7c,True,49分前,2026-09-19 04:19:50,静岡県
未経験 法人営業新着,日本セーフティー株式会社,静岡県,年収420万円～550万円,正社員,美容,求人ボックス,https://xn--pckua2a7gp15o89zb.com/jb/0971965e4d4aea1f302b803e7a675de8,True,7時間前,2026-09-19 04:19:50,静岡県
印刷オペレーター 未経験歓迎／年休128日・土日祝休・転勤無新着,テイケイ・ビジネスフオーム株式会社,静岡県,"月給19万3,000円",正社員,美容,求人ボックス,https://xn--pckua2a7gp15o89zb.com/jb/f5ef6e69de06f2db98be4349ba7be75a,True,1時間前,2026-09-19 04:19:50,静岡県
フルリモート全国採用の電話占いカウンセラー／人気占いサイト／20代後半から50代活躍中／経験者優遇新着,株式会社スピカ,静岡県,月給10万円～50万円,,美容,求人ボックス,https://xn--pckua2a7gp15o89zb.com/jbn/8f077755e3d8193411dd95a9a31ff96c,True,23時間前,2026-09-19 04:19:50,静岡県
フルリモート全国採用の電話占いカウンセラー／恋愛特化／20代後半から50代活躍中／経験者優遇新着,株式会社ピクシィ,静岡県,月給10万円～50万円,,美容,求人ボックス,https://xn--pckua2a7gp15o89zb.com/jbn/3a45e84ea56d426d436fad8a19ecdbe0,True,23時間前,2026-09-19 04:19:50,静岡県
浜松市中央区エリアでお仕事したいあなたに!「美容クリニックの受付カウンセラー」新着,株式会社ディンプル,静岡県,月給25万円,正社員,美容,求人ボックス,https://xn--pckua2a7gp15o89zb.com/jb/e4dd85e71222f62e3326eb8744419404,True,10時間前,2026-09-19 04:19:50,静岡県
スキマ時間に! デイサービスの看護スタッフ新着,株式会社ノースゲイト,静岡県,"時給1,800円～2,000円",アルバイト・パート,美容,求人ボックス,https://xn--pckua2a7gp15o89zb.com/jb/81e4d91d1faed6a26ef2e12d27b075ee,True,8時間前,2026-09-19 04:19:50,静岡県
20.30代活躍中 おじいちゃんおばあちゃんの見守りスタッフ新着,株式会社ウィルオブ・ワーク,静岡県,"時給1,350円",派遣社員,美容,求人ボックス,https://xn--pckua2a7gp15o89zb.com/jb/0554dc239502c5bc262dbeff4f4240b7,True,19時間前,2026-09-19 04:19:51,静岡県
正看護師／外来 日勤のみ新着,美容,静岡県,月給18万円～28万円,正社員,美容,求人ボックス,https://xn--pckua2a7gp15o89zb.com/jb/d13a0ec8fd210c1e539a6f1a60154f13,True,7時間前,2026-09-19 04:19:51,静岡県
デジタルライフプランナー 日常のデジタルの悩みを解決／サブスク型・地域密着型／年休120日新着,株式会社ピーシーデポコーポレーション,静岡県,年収368万円～588万円,正社員,美容,求人ボックス,https://xn--pckua2a7gp15o89zb.com/jbn/6c5c194cd0a300f10269a30e2c7fa00a,True,19時間前,2026-09-19 04:19:51,静岡県
アイリスト／経験者・未経験新着,パリジェンヌ・マツエク専門店 リラ三島店,静岡県,月給30万円～,正社員,美容,求人ボックス,https://xn--pckua2a7gp15o89zb.com/jb/ce7e8b1d37363bcc10a34ceea40e4f82,True,19時間前,2026-09-19 04:19:51,静岡県
アイリスト／経験者・未経験新着,ルモワ三島店,静岡県,月給30万円～,正社員,美容,求人ボックス,https://xn--pckua2a7gp15o89zb.com/jb/9583137dbe134a4a367368ee579ed5b0,True,19時間前,2026-09-19 04:19:51,静岡県
営業新着,...相談される人間関係作りが大切です) 土地診断 ご成約 収益物件の建設 完成引き渡し・賃貸事業開始 【経験など】先輩たちの前職は、居酒屋やカフェの飲食店スタッフ、アパレルショップ店員、,静岡県,"月給25万5,000円",,美容,求人ボックス,https://xn--pckua2a7gp15o89zb.com/jb/f269f35128515f0873c959ce1ad6c077,True,8時間前,2026-09-19 04:19:51,静岡県
人気の一般事務・管理サポート新着,株式会社アイエーイー,静岡県,"時給1,450円",派遣社員,事務,求人ボックス,https://xn--pckua2a7gp15o89zb.com/jb/ad4133c9526543fa0707b1dd3f76569a,True,18時間前,2026-09-19 04:20:01,静岡県
一般事務スタッフ新着,株式会社サスエ前田魚店,静岡県,"時給1,160円～",アルバイト・パート,事務,求人ボックス,https://xn--pckua2a7gp15o89zb.com/jb/bde98238077ca1c5d3854c48210b6fec,True,6時間前,2026-09-19 04:20:01,静岡県
「20代から事務デビュー!」／一般事務／20代活躍中／交通費支給新着,一般事務,静岡県,"月給29万3,000円",正社員,事務,求人ボックス,https://xn--pckua2a7gp15o89zb.com/jbn/68b952940670295f91f9bb0e68088810,True,11時間前,2026-09-19 04:20:01,静岡県
「座って事務デビュー!」／一般事務／週休2日制／WEB面接相談OK新着,一般事務,静岡県,"月給27万7,000円",正社員,事務,求人ボックス,https://xn--pckua2a7gp15o89zb.com/jbn/cf9544492f04b527e519f9e6c6d6717e,True,11時間前,2026-09-19 04:20:02,静岡県
「大手企業でオフィスワークデビュー!」／一般事務／未経験95%新着,一般事務,静岡県,"月給25万1,500円",正社員,事務,求人ボックス,https://xn--pckua2a7gp15o89zb.com/jbn/ba6d2a9574e50b6d083a492b8f69dccf,True,8時間前,2026-09-19 04:20:02,静岡県
「立ち仕事から、座って進めるオフィスワークへ。」一般事務／学歴不問新着,一般事務,静岡県,"月給29万3,000円",正社員,事務,求人ボックス,https://xn--pckua2a7gp15o89zb.com/jbn/befd1171d6bd92e91aaf354d9eaebba5,True,14時間前,2026-09-19 04:20:05,静岡県
福利厚生充実の注目求人／一般事務／オフィスワーク／未経験歓迎新着,一般事務,静岡県,"月給26万4,000円",正社員,事務,求人ボックス,https://xn--pckua2a7gp15o89zb.com/jbn/bb383ac498ce45d6528d7815157fbd22,True,14時間前,2026-09-19 04:20:10,静岡県
「スマホ応募で新しい一歩!」住宅・インテリア関連企業の一般事務新着,一般事務,静岡県,"月給25万3,000円",正社員,事務,求人ボックス,https://xn--pckua2a7gp15o89zb.com/jbn/17d06f1eea7883d3015824826a0bec15,True,8時間前,2026-09-19 04:20:10,静岡県
原状回復工事を支える一般事務新着,株式会社NEP,静岡県,月給20万円～35万円,正社員,事務,求人ボックス,https://xn--pckua2a7gp15o89zb.com/jb/713414ffdb255c9195c8f30fa73519d4,True,18時間前,2026-09-19 04:20:12,静岡県
物流会社の一般事務スタッフ新着,株式会社SPS,静岡県,"時給1,400円～",派遣社員,事務,求人ボックス,https://xn--pckua2a7gp15o89zb.com/jb/567f80b2038b40cd3ffc29c4bdf8e9ec,True,18時間前,2026-09-19 04:20:16,静岡県
学校での一般事務・窓口補助新着,株式会社ティージェイエス,静岡県,"時給1,280円～",派遣社員,事務,求人ボックス,https://xn--pckua2a7gp15o89zb.com/jb/10cc8fa0e77df2cc68eb403575ad92a3,True,18時間前,2026-09-19 04:20:16,静岡県
一般事務・SNS運用スタッフ新着,株式会社あさふじ厨＇s,静岡県,"時給1,100円",正社員,事務,求人ボックス,https://xn--pckua2a7gp15o89zb.com/jb/70e8f6540d1ae974e6523c8d49be8e72,True,18時間前,2026-09-19 04:20:19,静岡県
食品メーカーの一般事務新着,青空製パン株式会社,静岡県,月給19万円～22万円,正社員,事務,求人ボックス,https://xn--pckua2a7gp15o89zb.com/jb/bd9ca62d6a422f32effc5d975c803504,True,6時間前,2026-09-19 04:20:19,静岡県
一般事務・OA事務 ／ データエントリー業務／定時17時×残業なし新着,パーソルテンプスタッフ株式会社,静岡県,"時給1,400円",派遣社員,事務,求人ボックス,https://xn--pckua2a7gp15o89zb.com/jb/540ebec10f9c959919111eec10629bcd,True,23時間前,2026-09-19 04:20:24,静岡県
不動産会社の一般事務新着,株式会社ホットスタッフ藤枝,静岡県,"時給1,300円～",派遣社員,事務,求人ボックス,https://xn--pckua2a7gp15o89zb.com/jb/56cb7f75c6317dfadaa3cc46141adf1e,True,10時間前,2026-09-19 04:20:24,静岡県
オフィスワーク・事務 一般事務新着,佐川急便株式会社,静岡県,"時給1,150円",アルバイト・パート,事務,求人ボックス,https://xn--pckua2a7gp15o89zb.com/jb/0b25250bbf32daca69bd8bd054ef27e8,True,18時間前,2026-09-19 04:20:28,静岡県
一般事務・OA事務 ／ 営業事務 ／未経験・第二新卒歓迎 地元安定商社...新着,赤武株式会社,静岡県,年収278万円～292万円,正社員,事務,求人ボックス,https://xn--pckua2a7gp15o89zb.com/jb/5a00ac85d2c25a8b268e914d106abdc3,True,23時間前,2026-09-19 04:20:28,静岡県
一般事務／受発注データ管理@メーカー 時短新着,マンパワーグループ株式会社,静岡県,"時給1,450円",派遣社員,事務,求人ボックス,https://xn--pckua2a7gp15o89zb.com/jb/9ba1e99c6e07d392bd19cfef1c83095d,True,7時間前,2026-09-19 04:20:32,静岡県
紹介予定派遣で正社員 未経験OK 地元建設会社で一般事務新着,ヒューマンリソシア株式会社,静岡県,"時給1,400円",正社員,事務,求人ボックス,https://xn--pckua2a7gp15o89zb.com/jb/b4757b54be26dcc7c673338079f08c70,True,6時間前,2026-09-19 04:20:32,静岡県
理学療法士 PT／クリニック・診療所新着,ばすぎ整形外科クリニック,静岡県,"月給22万5,000円",正社員,治療家,求人ボックス,https://xn--pckua2a7gp15o89zb.com/jb/c346f78f80f3a99af19972c6d6307b42,True,9時間前,2026-09-19 04:20:35,静岡県
就労移行支援事業所での経理事務新着,株式会社イルミナ,静岡県,"時給1,200円～1,400円",アルバイト・パート,経理,求人ボックス,https://xn--pckua2a7gp15o89zb.com/jbi/7dbed598df1b132fd0f84233b628e5d9,True,23時間前,2026-09-19 04:20:05,静岡県
システム入力の経理事務新着,株式会社アイエーイー,静岡県,"時給1,400円",派遣社員,経理,求人ボックス,https://xn--pckua2a7gp15o89zb.com/jb/6493d3de39a55fa2e017f51bbb807ce1,True,8時間前,2026-09-19 04:20:05,静岡県
「大手企業の数字まわりを支える!」／経理事務／未経験95%／未経験歓迎新着,経理,静岡県,"月給26万1,400円",正社員,経理,求人ボックス,https://xn--pckua2a7gp15o89zb.com/jbn/6850eb6edd1afcf27451e7d6e59e7432,True,8時間前,2026-09-19 04:20:06,静岡県
未経験からオフィスデビュー／経理サポート事務／安定収入を目指せる新着,経理,静岡県,"月給25万4,000円",正社員,経理,求人ボックス,https://xn--pckua2a7gp15o89zb.com/jbn/b5a81db3b052712c6d85e0327a8b256b,True,9時間前,2026-09-19 04:20:06,静岡県
「未経験でもできることから!」広告・メディア企業の経理サポート事務新着,経理,静岡県,"月給26万3,000円",正社員,経理,求人ボックス,https://xn--pckua2a7gp15o89zb.com/jbn/13c5faf05d113fa7cee6ede229c47bcd,True,9時間前,2026-09-19 04:20:06,静岡県
「コツコツ派が活躍できる!」ヘルスケア関連企業の経理サポート事務新着,経理,静岡県,"月給25万7,000円",正社員,経理,求人ボックス,https://xn--pckua2a7gp15o89zb.com/jbn/4b797de4dbb1c6f22c16f6ed7832535a,True,8時間前,2026-09-19 04:20:06,静岡県
土日祝休み相談OK／経理サポート事務／オフィスワーク／研修充実新着,経理,静岡県,"月給27万1,000円",正社員,経理,求人ボックス,https://xn--pckua2a7gp15o89zb.com/jbn/9d09df893ee7288662529a4bfdc333ae,True,5時間前,2026-09-19 04:20:10,静岡県
一般事務・OA事務 ／ 経理・財務／長期 残業なし 16時台定時〇新着,パーソルテンプスタッフ株式会社,静岡県,"時給1,380円",派遣社員,経理,求人ボックス,https://xn--pckua2a7gp15o89zb.com/jb/bd86970da0dc0e239f71d6f9e96c19b7,True,13時間前,2026-09-19 04:20:10,静岡県
数字や日付を入力するシンプル作業が中心!未経験から始める経理サポートの...新着,経理,静岡県,"月給25万3,000円",正社員,経理,求人ボックス,https://xn--pckua2a7gp15o89zb.com/jbn/911de22dc1cbc2b7e818aa3c1a23717e,True,10時間前,2026-09-19 04:20:10,静岡県
経理・財務 ／ 一般事務・OA事務／年収352万 簿記資格で経理未経験...新着,株式会社井出組,静岡県,年収352万,契約社員,経理,求人ボックス,https://xn--pckua2a7gp15o89zb.com/jb/1d70ddeb03672f6494992d763fbaead8,True,15時間前,2026-09-19 04:20:10,静岡県
人事・総務事務+ 経理事務新着,株式会社リクルートスタッフィング,静岡県,"時給1,500円～",正社員,経理,求人ボックス,https://xn--pckua2a7gp15o89zb.com/jb/14a2cceb1d96e2efb6dc969b40c003b8,True,19時間前,2026-09-19 04:20:10,静岡県
浜松市中央区エリアでお仕事したいあなたに! 未経験からはじめる事務スタッフ／マンパワーGの安定雇用!新着,株式会社ディンプル,静岡県,"月給19万4,000円",正社員,経理,求人ボックス,https://xn--pckua2a7gp15o89zb.com/jb/4d7c83d55ca08a6ee21c3c4edb864c6f,True,10時間前,2026-09-19 04:20:13,静岡県
「ゲームづくりの入口に立つ」／ゲームプログラマー／月収30万円以上可／未経験OK／20〜30代活躍中新着,株式会社Tetote,静岡県,月給27万円～34万円,正社員,経理,求人ボックス,https://xn--pckua2a7gp15o89zb.com/jbn/7da75d7fa25827726883510c2150cf38,True,15時間前,2026-09-19 04:20:13,静岡県
かんたんな書類作成とサポート業務のみ!未経験から始められる庶務・事務の安定オフィスワーク新着,事務,静岡県,月給26万円～27万,正社員,経理,求人ボックス,https://xn--pckua2a7gp15o89zb.com/jbn/0885e86b569eb098297ae69cb26d9db9,True,10時間前,2026-09-19 04:20:17,静岡県
未経験でもすぐ慣れる!座って月収25〜35万円のかんたん事務新着,経理,静岡県,"月給26万7,000円",正社員,経理,求人ボックス,https://xn--pckua2a7gp15o89zb.com/jbn/144bf2e8ee85dcc24cc2f9db5b83fdeb,True,10時間前,2026-09-19 04:20:17,静岡県
「じっくり確かめる作業が得意な方へ」／ゲームテスター／月収30万円以上可／未経験OK新着,株式会社SNJAPAN,静岡県,月給27万円～34万円,正社員,経理,求人ボックス,https://xn--pckua2a7gp15o89zb.com/jbn/20c857ca9376830f627b8da6d3659f75,True,15時間前,2026-09-19 04:20:17,静岡県
税務会計スタッフ×経理経験を次の専門性へ 税務の資格新着,経理,静岡県,"月給25万1,000円",正社員,経理,求人ボックス,https://xn--pckua2a7gp15o89zb.com/jb/a654364335a4d29882f7a52d1d1465b5,True,3時間前,2026-09-19 04:20:21,静岡県
「しっかり稼げるITデビュー」／ゲームテスター／月収30万円以上可／未経験OK／研修充実新着,このお仕事の特徴一般,静岡県,月給27万円～34万円,正社員,経理,求人ボックス,https://xn--pckua2a7gp15o89zb.com/jbn/be27e60bb363ca63b5d6638dd05bcd3d,True,14時間前,2026-09-19 04:20:21,静岡県
「ゲーム制作に関わる第一歩」／ゲームプログラマー／月収30万円以上可／未経験OK／20〜30代活躍中新着,このお仕事の特徴一般,静岡県,月給27万円～34万円,正社員,経理,求人ボックス,https://xn--pckua2a7gp15o89zb.com/jbn/96e714ffca65c3a775b55a8dc00d00c7,True,13時間前,2026-09-19 04:20:21,静岡県
「“30万円スタート”でゲーム業界へ飛び込める」／未経験歓迎のゲームテスター／コツコツチェック作業新着,このお仕事の特徴一般,静岡県,月給27万円～34万円,正社員,経理,求人ボックス,https://xn--pckua2a7gp15o89zb.com/jbn/4617b292ae6a7c9e64ee42395b1395de,True,14時間前,2026-09-19 04:20:21,静岡県
「コツコツ確認するのが得意な方へ」／ゲームテスター／月収30万円以上可／未経験OK新着,このお仕事の特徴一般,静岡県,月給27万円～34万円,正社員,経理,求人ボックス,https://xn--pckua2a7gp15o89zb.com/jbn/ce1ce6f518c32a1bfbb4cfa7dd2533e5,True,13時間前,2026-09-19 04:20:21,静岡県
「オンオフを切り替えて働きやすい」／ゲームテストエンジニア／土日祝休み／長期勤務歓迎／未経験OK新着,このお仕事の特徴一般,静岡県,月給27万円～34万円,正社員,経理,求人ボックス,https://xn--pckua2a7gp15o89zb.com/jbn/d8db54430bfa448ffde4956782d68e0f,True,16時間前,2026-09-19 04:20:34,静岡県
「稼ぎながら技術を身につける」ゲームプログラマー／未経験OK／研修あり／高収入求人／成長環境新着,このお仕事の特徴一般,静岡県,月給27万円～34万円,正社員,経理,求人ボックス,https://xn--pckua2a7gp15o89zb.com/jbn/8c2016840489ddbcbe8132d717e09af6,True,11時間前,2026-09-19 04:20:34,静岡県
旅リハサポートの正看護師新着,ぽっかぽか・熱海館1号館,静岡県,"月給34万7,400円",正社員,看護,求人ボックス,https://xn--pckua2a7gp15o89zb.com/jb/8261bc640767e67377ee8614bb94a418,True,12時間前,2026-09-19 04:20:08,静岡県
訪問看護師新着,つどいのおか訪問看護ステーション,静岡県,"月給24万5,000円",正社員,看護,求人ボックス,https://xn--pckua2a7gp15o89zb.com/jb/95693ea2d7987b2763a276840cdcbc8d,True,6時間前,2026-09-19 04:20:08,静岡県
介護付き有料老人ホームの看護師新着,つどいのおか介護付き有料老人ホーム,静岡県,月給23万円～30万円,正社員,看護,求人ボックス,https://xn--pckua2a7gp15o89zb.com/jb/6d13d3b8adeba27a18398442f592cacd,True,6時間前,2026-09-19 04:20:09,静岡県
クリニックの正看護師新着,医療法人社団律昌会さくら醫院,静岡県,月給40万円～45万円,正社員,看護,求人ボックス,https://xn--pckua2a7gp15o89zb.com/jb/26e02addc82cc63580a0053ed6e85222,True,23時間前,2026-09-19 04:20:12,静岡県
准看護師／有料老人ホーム新着,介護付き有料老人ホーム 夢無限 いずながおか,静岡県,"月給17万4,000円",正社員,看護,求人ボックス,https://xn--pckua2a7gp15o89zb.com/jb/76793616283f5172fa7ac6af3cc5532c,True,6時間前,2026-09-19 04:20:16,静岡県
看護師／地域連携／月給最大40万円可能!／18時00分まで新着,NSリヤンド株式会社 リヤンド 絆 浜松東,静岡県,"月給33万1,430円",正社員,看護,求人ボックス,https://xn--pckua2a7gp15o89zb.com/jb/997066122cd16bd741f36e3d9aa68834,True,17時間前,2026-09-19 04:20:20,静岡県
看護師／病院／年間休日121日／でプライベートも充実 子育て応援新着,医療法人社団盛翔会,静岡県,"月給21万7,948円",正社員,看護,求人ボックス,https://xn--pckua2a7gp15o89zb.com/jb/31b01cb994e434088a825b53147590db,True,17時間前,2026-09-19 04:20:24,静岡県
看護師／介護施設／月給最大30万円以上可能!／年間休日122日新着,ケアセンターひまわり,静岡県,"月給28万7,500円",正社員,看護,求人ボックス,https://xn--pckua2a7gp15o89zb.com/jb/48c1b7f87087b0394480460aead93c49,True,17時間前,2026-09-19 04:20:28,静岡県
常勤医師新着,一般社団法人訪問診療ネットワーク 医療法人社団鷹...,静岡県,"年収2,424万円～",正社員,看護,求人ボックス,https://xn--pckua2a7gp15o89zb.com/jb/bb3d0bc87cce419e13f0bdbe80524725,True,4時間前,2026-09-19 04:20:28,静岡県
整形外科での看護助手スタッフ新着,和田整形外科・外科医院,静岡県,"月給17万8,400円",正社員,看護,求人ボックス,https://xn--pckua2a7gp15o89zb.com/jb/2799375b97f026870822b0068c354a85,True,18時間前,2026-09-19 04:20:28,静岡県
デイサービスの生活支援・介護スタッフ新着,医療法人社団凜和会 フォレスタデイ藤枝小石川,静岡県,"時給1,150円～1,800円",アルバイト・パート,看護,求人ボックス,https://xn--pckua2a7gp15o89zb.com/jb/9f3e0e8977c371c2c0058c4e859cc89f,True,18時間前,2026-09-19 04:20:31,静岡県
サービス提供責任者・介護福祉士歓迎新着,住宅型有料老人ホーム「医心館静岡」,静岡県,"月給33万1,300円",正社員,看護,求人ボックス,https://xn--pckua2a7gp15o89zb.com/jb/c7d0095c7494abd4015d34776a11392b,True,6時間前,2026-09-19 04:20:35,静岡県
就労移行支援事業所での生活支援員新着,株式会社イルミナ,静岡県,"時給1,200円～1,400円",アルバイト・パート,看護,求人ボックス,https://xn--pckua2a7gp15o89zb.com/jbi/c2c09ee8b630dc291d7e80576391fa05,True,23時間前,2026-09-19 04:20:35,静岡県
フルリモート全国採用の電話占いカウンセラー／人気占いサイト／20代後半から50代活躍中／経験者優遇新着,株式会社スピカ,静岡県,月給10万円～50万円,,看護,求人ボックス,https://xn--pckua2a7gp15o89zb.com/jbn/642d653681eadcd1f0259303332092a9,True,23時間前,2026-09-19 04:20:37,静岡県
フルリモート全国採用の電話占いカウンセラー／恋愛特化／20代後半から50代活躍中／経験者優遇新着,株式会社ピクシィ,静岡県,月給10万円～50万円,,看護,求人ボックス,https://xn--pckua2a7gp15o89zb.com/jbn/337e36c403e6b6549b71c56b6ecaa21f,True,23時間前,2026-09-19 04:20:37,静岡県
医療事務募集新着,医療法人社団葵会 葵東クリニック,静岡県,"月給22万5,072円",正社員,看護,求人ボックス,https://xn--pckua2a7gp15o89zb.com/jb/d536edc39e90698c0c4f418790ec2453,True,6時間前,2026-09-19 04:20:37,静岡県
交通誘導警備員新着,株式会社はま警,静岡県,"時給1,500円",アルバイト・パート,警備,求人ボックス,https://xn--pckua2a7gp15o89zb.com/jb/53bd90bac468d6e9f0d516d844cea90d,True,12時間前,2026-09-19 04:20:36,静岡県
年末までの工事現場の交通誘導・警備員新着,株式会社サンエーガード,静岡県,"日給9,500円～1万",アルバイト・パート,警備,求人ボックス,https://xn--pckua2a7gp15o89zb.com/jb/f2db37859d47537865a4daf201b1db5c,True,18時間前,2026-09-19 04:20:36,静岡県
「愛知県勤務」交通誘導／待遇に自信あり／引っ越しサポートあり・日払い週払い可新着,セキュリティスタッフ株式会社,静岡県,"日給9,500円",正社員,警備,求人ボックス,https://xn--pckua2a7gp15o89zb.com/jb/440fadeee797bd258b0a0f55a2c89909,True,3時間前,2026-09-19 04:20:36,静岡県
警備職／残業少なめ／夜勤なし／資格取得支援新着,株式会社トゥー・ワンプロモーション,静岡県,年収320万円～500万円,正社員,警備,求人ボックス,https://xn--pckua2a7gp15o89zb.com/jb/77496ac38f8f392dcd7ab48ea6c7732e,True,8時間前,2026-09-19 04:20:36,静岡県
セルフガソリンスタンド監視員新着,エナジースタッフ中日本株式会社,静岡県,"日給1万2,210円",アルバイト・パート,警備,求人ボックス,https://xn--pckua2a7gp15o89zb.com/jb/a0363f416200df204817cea2b4ff403a,True,21時間前,2026-09-19 04:20:36,静岡県
飲料水の工場での検査業務 品質管理 日勤のみ 週休2日制 シフト制 車通勤可新着,株式会社オーロ,静岡県,"時給1,350円",派遣社員,警備,求人ボックス,https://xn--pckua2a7gp15o89zb.com/jb/9b3c1c63ad790526c0c45a316aec234a,True,4時間前,2026-09-19 04:20:36,静岡県
工場などでの交通誘導員新着,株式会社ピースガード,静岡県,"時給1,260円",アルバイト・パート,警備,求人ボックス,https://xn--pckua2a7gp15o89zb.com/jb/fd0172683c51dd96769170f795a681a0,True,12時間前,2026-09-19 04:20:38,静岡県
お惣菜屋さんで製造・販売／eashion静岡パルシェ店新着,カネ美食品株式会社,静岡県,"時給1,200円～",アルバイト・パート,警備,求人ボックス,https://xn--pckua2a7gp15o89zb.com/jb/576690a0a9a2d46af8926e3a41a82c31,True,5時間前,2026-09-19 04:20:38,静岡県
高速道路上での固定規制の監視業務／シンコーハイウェイサービス 静岡営業所新着,株式会社シンコーハイウェイサービス,静岡県,"日給2万2,420円",アルバイト・パート,警備,求人ボックス,https://xn--pckua2a7gp15o89zb.com/jb/ddeb4068422987808f8ea926bba0fbaa,True,5時間前,2026-09-19 04:20:38,静岡県
未経験OK 週3日程度の勤務新着,株式会社ボイス,静岡県,"時給1,255円",アルバイト・パート,警備,求人ボックス,https://xn--pckua2a7gp15o89zb.com/jb/e1f175433859ea4d91b22dce27fcdc6a,True,13時間前,2026-09-19 04:20:38,静岡県
専門職新着,警備員・,静岡県,"月給25万4,449円",,警備,求人ボックス,https://xn--pckua2a7gp15o89zb.com/jb/46849ff1e9a7b11d3a77c858fbc0bb65,True,10時間前,2026-09-19 04:20:38,静岡県
日払い可能!慣れたら月収100万可能 軽貨物の配送ドライバー新着,Jルート株式会社,静岡県,月給45万円～100万円,,ドライバー,求人ボックス,https://xn--pckua2a7gp15o89zb.com/jb/c435f9624357068a4c3bb4aeb6f4aea6,True,9時間前,2026-09-19 04:20:36,静岡県
日払い可能!慣れたら月収100万可能 軽貨物の配送ドライバー新着,JCSロジスコ株式会社,静岡県,月給45万円～100万円,,ドライバー,求人ボックス,https://xn--pckua2a7gp15o89zb.com/jb/0450f482e9f68aa1b538f2ab8739271b,True,10時間前,2026-09-19 04:20:36,静岡県
「手厚い同乗研修あり」中距離定期便・フリー便の大型ドライバー新着,司静岡株式会社,静岡県,月給35万円～45万円,正社員,ドライバー,求人ボックス,https://xn--pckua2a7gp15o89zb.com/jbn/6292661c9f7f0de46fa0873f3fb43872,True,23時間前,2026-09-19 04:20:36,静岡県
大型トラックドライバー新着,株式会社OkaSyo,静岡県,"月給34万7,200円",正社員,ドライバー,求人ボックス,https://xn--pckua2a7gp15o89zb.com/jb/712c4c59307a307bf1b88c13a1a9ea30,True,6時間前,2026-09-19 04:20:37,静岡県
廃棄物収集の中型・大型ドライバー新着,株式会社太洋社,静岡県,月給30万円～,正社員,ドライバー,求人ボックス,https://xn--pckua2a7gp15o89zb.com/jb/523a406cd753ed8651aac0d49d5fc646,True,12時間前,2026-09-19 04:20:39,静岡県
大型ドライバー新着,株式会社イトー急行,静岡県,月給25万円～30万円,正社員,ドライバー,求人ボックス,https://xn--pckua2a7gp15o89zb.com/jb/192ccb03c8f43626211ce3be41b5aa3f,True,18時間前,2026-09-19 04:20:39,静岡県
未経験歓迎!年収500万円以上狙える配送ドライバー!片手で持てる荷物が...新着,株式会社From・RAG,静岡県,"月給35万4,510円",,ドライバー,求人ボックス,https://xn--pckua2a7gp15o89zb.com/jb/c6cd838f13b5b785969faa5652e039c0,True,10時間前,2026-09-19 04:20:42,静岡県
タクシードライバー新着,株式会社CSA TAXI,静岡県,"月給23万4,000円",正社員,ドライバー,求人ボックス,https://xn--pckua2a7gp15o89zb.com/jb/3e3f9f7b7996629ec499ed6b740c92e2,True,12時間前,2026-09-19 04:20:42,静岡県
近距離10t大型ドライバー／賞与年3回／永年手当あり／こども手当あり新着,豊岡協同輸送有限会社,静岡県,月給35万円,正社員,ドライバー,求人ボックス,https://xn--pckua2a7gp15o89zb.com/jbn/2c68cff2e0f0d42b8dcb7af99908d5bd,True,23時間前,2026-09-19 04:20:42,静岡県
10t大型ウイング車ドライバー新着,岩品運送有限会社,静岡県,月給35万円～40万円,正社員,ドライバー,求人ボックス,https://xn--pckua2a7gp15o89zb.com/jb/4d3769ba88705f2fe3a09da2454369c8,True,12時間前,2026-09-19 04:20:42,静岡県
4tルート配送ドライバー／寮完備／週休2日／シフト自己申告制新着,株式会社ケイアイロジ,静岡県,"日給1万3,800円",正社員,ドライバー,求人ボックス,https://xn--pckua2a7gp15o89zb.com/jb/3c17779ccbb88541e0ecb668bc04d1dd,True,6時間前,2026-09-19 04:20:46,静岡県
引越ドライバー新着,サカイ引越センター,静岡県,月給25万円～40万円,正社員,ドライバー,求人ボックス,https://xn--pckua2a7gp15o89zb.com/jb/d4f36eafffcf928f98222ebefa388ce8,True,12時間前,2026-09-19 04:20:46,静岡県
2tトラックドライバー／入社祝い金最大10万円／土日祝休み／日勤新着,ダイシン物流株式会社,静岡県,"月給25万9,000円",正社員,ドライバー,求人ボックス,https://xn--pckua2a7gp15o89zb.com/jb/45a49784277cdcfc111c6b1007ebda2c,True,6時間前,2026-09-19 04:20:46,静岡県
"時給1,100円／送迎ドライバー／人工透析患者の送迎／普通1種免許新着",株式会社ジャパンリリーフ送迎サポート,静岡県,"時給1,100円",契約社員,ドライバー,求人ボックス,https://xn--pckua2a7gp15o89zb.com/jb/bc57c57daf53288e750ffae78969e36c,True,22時間前,2026-09-19 04:20:46,静岡県
トレーラードライバー／日勤地場／積卸なし／完全週休2日／土日祝休み新着,浜松運送株式会社,静岡県,月給32万円～37万円,正社員,ドライバー,求人ボックス,https://xn--pckua2a7gp15o89zb.com/jb/04a4b7af1911026375c548728af4e14a,True,13時間前,2026-09-19 04:20:49,静岡県
10t大型ドライバー新着,株式会社駒井商事,静岡県,月給19万80円,正社員,ドライバー,求人ボックス,https://xn--pckua2a7gp15o89zb.com/jb/de1ae2c31f2d7596f5a5e99ca17e3d90,True,12時間前,2026-09-19 04:20:49,静岡県
タクシードライバー／趣味も家族も優先できる働き方／普通免許OK新着,浜松タクシー株式会社,静岡県,月給20万円～50万円,正社員,ドライバー,求人ボックス,https://xn--pckua2a7gp15o89zb.com/jbn/3db9a651ebf9143f18dc0142043173eb,True,19時間前,2026-09-19 04:20:49,静岡県
廃棄物収集車ドライバー新着,株式会社山本エコロジーサービス,静岡県,"月給25万5,000円",正社員,ドライバー,求人ボックス,https://xn--pckua2a7gp15o89zb.com/jb/444c3b42b383d01675e8ad9aa1db2c52,True,12時間前,2026-09-19 04:20:49,静岡県
小型荷物の配送ドライバー大募集中 嬉しいシフト制でプライベートも大事に...新着,クイックギア,静岡県,"月給41万2,500円",正社員,ドライバー,求人ボックス,https://xn--pckua2a7gp15o89zb.com/jb/6f094f6769444ddd0d2a05d88c87dba6,True,11時間前,2026-09-19 04:20:49,静岡県
輸送ドライバー!運べば運ぶだけ収入UP キャリアアップも可能新着,株式会社クローバーリンク,静岡県,月給35万210円,,ドライバー,求人ボックス,https://xn--pckua2a7gp15o89zb.com/jb/429dbc40cb0fa5ca95cf55fb354e2e1d,True,8時間前,2026-09-19 04:20:51,静岡県
大型ドライバー新着,光ロジエクスプレス株式会社,静岡県,月給46万円～50万円,,ドライバー,求人ボックス,https://xn--pckua2a7gp15o89zb.com/jb/f0d785196b30a0b5a9f42b0c2e3a5f83,True,13時間前,2026-09-19 04:20:51,静岡県
4t固定ルート配送ドライバー新着,株式会社AOI,静岡県,月給24万円～30万円,正社員,ドライバー,求人ボックス,https://xn--pckua2a7gp15o89zb.com/jb/7ad850d97642f3a46b06172287266357,True,6時間前,2026-09-19 04:20:51,静岡県
青果や鮮魚の配送2t車ドライバー／週払いOK／社会保険完備／交通費支給新着,株式会社ドライブトライブ,静岡県,"日給1万5,460円",派遣社員,ドライバー,求人ボックス,https://xn--pckua2a7gp15o89zb.com/jb/fb231ddc0f9c43f2f6fdba569438f0d1,True,18時間前,2026-09-19 04:20:51,静岡県
軽作業 ／ 製造業務 ／電動ドライバー使用経験を活かせる!組立新着,パーソルテンプスタッフ株式会社,静岡県,"時給1,400円",派遣社員,ドライバー,求人ボックス,https://xn--pckua2a7gp15o89zb.com/jb/d7d7293125e842ad8b002dfb3c2572b4,True,19時間前,2026-09-19 04:20:55,静岡県
出荷管理・県内4tドライバー新着,ダイワ・オールインワン株式会社,静岡県,"月給21万3,000円",正社員,ドライバー,求人ボックス,https://xn--pckua2a7gp15o89zb.com/jb/92feb2bd02962a6b3741d9e07aee4ec1,True,6時間前,2026-09-19 04:20:55,静岡県
ドライバー セールスドライバー新着,佐川急便株式会社,静岡県,"月給24万1,000円",正社員,ドライバー,求人ボックス,https://xn--pckua2a7gp15o89zb.com/jb/bd55814b0524e9cd74dbf78b58258955,True,18時間前,2026-09-19 04:20:55,静岡県
専門商社での近距離配送ドライバー新着,株式会社鈴木勇商店,静岡県,月給25万円～30万円,正社員,ドライバー,求人ボックス,https://xn--pckua2a7gp15o89zb.com/jb/a1785649c450383b1937e339a1dac9c4,True,6時間前,2026-09-19 04:20:55,静岡県
市内ごみ回収ドライバー新着,株式会社袋井清掃,静岡県,月給29万円～32万円,正社員,ドライバー,求人ボックス,https://xn--pckua2a7gp15o89zb.com/jb/fa3303751a701095b701fd9e07b7230b,True,12時間前,2026-09-19 04:20:58,静岡県
福祉用具の配送ドライバー新着,パラマウントケアサービス株式会社,静岡県,月給21万円,契約社員,ドライバー,求人ボックス,https://xn--pckua2a7gp15o89zb.com/jb/70a94d1b58279908562c7b5ba57b3f6f,True,13時間前,2026-09-19 04:20:58,静岡県
伊豆の国市内ゴミ回収・運搬ドライバー新着,有限会社長岡環境サービス,静岡県,日給1万400円,正社員,ドライバー,求人ボックス,https://xn--pckua2a7gp15o89zb.com/jb/5b970d3c3288c62b14c1e7f928ed5947,True,12時間前,2026-09-19 04:20:58,静岡県
大型ウイング車ドライバー／月37~40万円・賞与年2回・大手安定企業新着,鈴与カーゴネット株式会社,静岡県,月給37万円～40万円,正社員,ドライバー,求人ボックス,https://xn--pckua2a7gp15o89zb.com/jb/30f8828d40604d52cd90a9ed3051f8a3,True,3時間前,2026-09-19 04:20:58,静岡県
"完全歩合制の回送ドライバー／1台平均3,000円!運転するだけのシンプ...新着",株式会社メビウス21,静岡県,,,ドライバー,求人ボックス,https://xn--pckua2a7gp15o89zb.com/jbn/55c4d55e3fb3a33e97b3df6a1c6eefa5,True,22時間前,2026-09-19 04:21:02,静岡県
無料サンプル配達・回収ドライバー新着,株式会社ニシムラネットワークサービス,静岡県,月給20万円,正社員,ドライバー,求人ボックス,https://xn--pckua2a7gp15o89zb.com/jb/23ac1d951d4f02ce3fa58ec6c44e572b,True,7時間前,2026-09-19 04:21:02,静岡県
お弁当工場での製造スタッフ新着,株式会社デイリーはやしや 富士山工場,静岡県,"時給1,150円",アルバイト・パート,製造,求人ボックス,https://xn--pckua2a7gp15o89zb.com/jb/c7baf78d03ed16ea800f58de65979c0d,True,12時間前,2026-09-19 04:20:40,静岡県
製造スタッフ／車・航空機製造／ライン作業 エンジン部品の製造 高収入新着,株式会社AKATSUKI,静岡県,"月給38万6,000円",正社員,製造,求人ボックス,https://xn--pckua2a7gp15o89zb.com/jb/6bfc350feda1bba522d3708692e38e3c,True,5時間前,2026-09-19 04:20:41,静岡県
化学製品の製造補助スタッフ新着,株式会社ワークス,静岡県,"時給1,400円～1,750円",正社員,製造,求人ボックス,https://xn--pckua2a7gp15o89zb.com/jb/a52a76f7f40e8ddf2222e0e6c1844828,True,23時間前,2026-09-19 04:20:41,静岡県
「未経験スタート応援!」／キャラ柄モバイルバッテリーケースの製造スタッフ／正社員デビュー応援新着,製造,静岡県,"月給38万8,000円",正社員,製造,求人ボックス,https://xn--pckua2a7gp15o89zb.com/jbn/e69ad9f4fff3a8c7e64284c1608982c1,True,12時間前,2026-09-19 04:20:44,静岡県
「未経験スタート応援!」／プライズフィギュアの製造スタッフ新着,製造,静岡県,"月給42万8,000円",正社員,製造,求人ボックス,https://xn--pckua2a7gp15o89zb.com/jbn/8d85099bac5be1091895944d11c1f8a0,True,12時間前,2026-09-19 04:20:47,静岡県
製造スタッフ／月給30万円／シンプルワーク／即日入寮可／製造新着,株式会社tocca,静岡県,月給30万円,正社員,製造,求人ボックス,https://xn--pckua2a7gp15o89zb.com/jbn/b434effb9624d3eb1afc6ce03724403e,True,22時間前,2026-09-19 04:20:47,静岡県
「コツコツ検査作業!」ティッシュの製造スタッフ／20代から30代活躍中...新着,株式会社日本ケイテム,静岡県,"時給1,500円～",アルバイト・パート,製造,求人ボックス,https://xn--pckua2a7gp15o89zb.com/jbn/3b49837e023812f25f41a341bf36aef8,True,19時間前,2026-09-19 04:20:50,静岡県
「未経験でも始めやすい!」／キャラクターリュックチャームの製造スタッフ新着,製造,静岡県,"月給36万3,000円",正社員,製造,求人ボックス,https://xn--pckua2a7gp15o89zb.com/jbn/e07835208309c5fd2ac5840abf5c50ce,True,12時間前,2026-09-19 04:20:52,静岡県
バイク部品の製造スタッフ新着,株式会社フルクラム,静岡県,"時給1,500円",派遣社員,製造,求人ボックス,https://xn--pckua2a7gp15o89zb.com/jb/089e189de588d83d89607d7839850802,True,18時間前,2026-09-19 04:20:56,静岡県
「未経験から高収入へ!」／アニメショップ販売グッズの製造スタッフ新着,製造,静岡県,"月給40万8,000円",正社員,製造,求人ボックス,https://xn--pckua2a7gp15o89zb.com/jbn/a6f58f8f04eb0838a3c440bfdc891a62,True,13時間前,2026-09-19 04:20:56,静岡県
和菓子の製造スタッフ新着,株式会社アイエーイー,静岡県,"時給1,350円",派遣社員,製造,求人ボックス,https://xn--pckua2a7gp15o89zb.com/jb/558e8a0f328c60df826a0721e4954e17,True,8時間前,2026-09-19 04:20:56,静岡県
お茶の製造・出荷スタッフ新着,仲村製茶株式会社,静岡県,月給25万円,正社員,製造,求人ボックス,https://xn--pckua2a7gp15o89zb.com/jb/59505982f2b82e49a421e9306a19b1a5,True,6時間前,2026-09-19 04:20:56,静岡県
製造スタッフ／工場・製造系 ア 機能式ベッドの組み立て／WEB面談OK新着,株式会社STREAK,静岡県,"時給1,550円～1,950円",アルバイト・パート,製造,求人ボックス,https://xn--pckua2a7gp15o89zb.com/jb/0c3c0e134d61f87261e69b17441a4dc3,True,5時間前,2026-09-19 04:20:56,静岡県
「EVモーターの製造」20代スタッフ多数／二交代・夜勤あり新着,AspiRove株式会社,静岡県,月給35万円,正社員,製造,求人ボックス,https://xn--pckua2a7gp15o89zb.com/jb/6a9b520b388d467b8ac141388cd12145,True,22時間前,2026-09-19 04:21:00,静岡県
「安定して働ける環境あり!」／製造スタッフ／寮費無料／コツコツ作業新着,株式会社SNJAPAN,静岡県,月給27万円～34万円,正社員,製造,求人ボックス,https://xn--pckua2a7gp15o89zb.com/jbn/15230d462f66aa33f52a84a5c0000075,True,16時間前,2026-09-19 04:21:03,静岡県
「福利厚生充実の注目求人」／スマート家電リモコンの製造スタッフ新着,製造,静岡県,"月給35万4,000円",正社員,製造,求人ボックス,https://xn--pckua2a7gp15o89zb.com/jbn/ab401261a89272c6d55e1043931634b4,True,14時間前,2026-09-19 04:21:03,静岡県
プラスチックケースの製造スタッフ／土日休み／長期安定新着,株式会社アテナスタイル,静岡県,"月給29万4,000円",正社員,製造,求人ボックス,https://xn--pckua2a7gp15o89zb.com/jb/9d4d42b44c03cb0a8eab143cbcd12c38,True,5時間前,2026-09-19 04:21:07,静岡県
ペットショップの清掃・店舗スタッフ／アミーゴ浜松和田店業種新着,株式会社犬の家 アミーゴ浜松和田店,静岡県,"月給19万9,000円",正社員,清掃,求人ボックス,https://xn--pckua2a7gp15o89zb.com/jbn/63736c5decf1a01ead0f24d863863c52,True,21時間前,2026-09-19 04:20:54,静岡県
ペットショップの清掃・店舗スタッフ／藤枝店交通費支給／スキルアップで収...新着,株式会社犬の家 藤枝店,静岡県,"月給19万9,000円",正社員,清掃,求人ボックス,https://xn--pckua2a7gp15o89zb.com/jbn/ff09f5abcaabf86f419ee14ad69c2dfa,True,21時間前,2026-09-19 04:20:54,静岡県
施設内の清掃スタッフ新着,株式会社ホットスタッフ沼津,静岡県,"時給1,250円",派遣社員,清掃,求人ボックス,https://xn--pckua2a7gp15o89zb.com/jb/7edc7274e51680249ebdb54b24913fd8,True,10時間前,2026-09-19 04:20:54,静岡県
月・水の週2回&16時まで!大手の新設工場で清掃スタッフ新着,旭化成アミダス株式会社,静岡県,"時給1,265円",派遣社員,清掃,求人ボックス,https://xn--pckua2a7gp15o89zb.com/jb/4ee98e62d8404e122b83ec055e92a7b0,True,15時間前,2026-09-19 04:20:54,静岡県
高速道路サービスエリアの清掃管理／転勤なし／未経験歓迎／土日祝休み新着,日本ロード・メンテナンス株式会社,静岡県,"月給25万5,000円",正社員,清掃,求人ボックス,https://xn--pckua2a7gp15o89zb.com/jb/1de8584ce99f538532a59b665d4edb1c,True,5時間前,2026-09-19 04:20:54,静岡県
未経験OK!簡単ナッツの製造のお仕事新着,株式会社アイエーイー,静岡県,"時給1,212円",派遣社員,清掃,求人ボックス,https://xn--pckua2a7gp15o89zb.com/jb/4043684c478101d273f7ac25fc8cb1c7,True,18時間前,2026-09-19 04:20:55,静岡県
紅虎餃子房 UNY coure クオーレ静岡／店舗ホールスタッフ新着,際コーポレーション,静岡県,"月給25万9,000円",正社員,清掃,求人ボックス,https://xn--pckua2a7gp15o89zb.com/jb/1ec1e1001852ceb2507dfc0519c8342a,True,8時間前,2026-09-19 04:20:55,静岡県
月収23万円 食品系工場での検査・検品・20-40代活躍中新着,株式会社イカイアウトソーシング,静岡県,"時給1,350円～",派遣社員,清掃,求人ボックス,https://xn--pckua2a7gp15o89zb.com/jb/5dfba931c617801315a4666aa9bedef4,True,4時間前,2026-09-19 04:20:55,静岡県
レストラン・専門料理店／主婦・主夫歓迎／社会保険完備／フリーター歓迎新着,株式会社ジー・ディー・エス,静岡県,月給23万円～33万円,正社員,清掃,求人ボックス,https://xn--pckua2a7gp15o89zb.com/jbn/792eecb6929d5a4a71359ca0b8cc8ce5,True,13時間前,2026-09-19 04:20:55,静岡県
レストラン・専門料理店／シフト自由／社会保険完備新着,オリックス・ホテルマネジメント株式会社,静岡県,月給25万円～40万円,正社員,清掃,求人ボックス,https://xn--pckua2a7gp15o89zb.com/jbn/ed60e7a42ba02d8fe05e4b7bbb910965,True,12時間前,2026-09-19 04:20:55,静岡県
「リゾートマンションの清掃」履歴書不要のカンタンWEB応募!日払いあり!即お給料GET!新着,株式会社CAREER,静岡県,"時給1,300円",派遣社員,清掃,求人ボックス,https://xn--pckua2a7gp15o89zb.com/jb/93d5c455911a32032d760382f9d3ebc1,True,10時間前,2026-09-19 04:20:59,静岡県
20代活躍中／ホールスタッフ 上場企業・全国500店舗を展開する大手飲食企業新着,...調理業務を中心とした各種業務をお任せいたします。<仕事内容>・キッチン内で仕込み、盛り付け、調理・料理と飲み物の配膳、片付け(バッシング)、ホール内の,静岡県,年収300万円～400万円,正社員,清掃,求人ボックス,https://xn--pckua2a7gp15o89zb.com/jbn/943804e2244d3e86abb7a94b45a92962,True,19時間前,2026-09-19 04:20:59,静岡県
リゾートホテルの夕食キッチンスタッフ新着,サンダンス・リゾート 伊豆高原ANNEX,静岡県,月給23万円～,正社員,清掃,求人ボックス,https://xn--pckua2a7gp15o89zb.com/jb/40eaf539276cacfee7f34adec4654607,True,18時間前,2026-09-19 04:20:59,静岡県
ペットショップの接客・販売スタッフ／初めての仕事でも安心／福利厚生／週5日からOK新着,株式会社犬の家 MEGAドン・キホーテ袋井店,静岡県,"月給19万9,000円",正社員,清掃,求人ボックス,https://xn--pckua2a7gp15o89zb.com/jbn/2d5867309f3e413fb9745e4f752582cb,True,21時間前,2026-09-19 04:20:59,静岡県
ペットショップの店舗スタッフ／ワークライフバランス重視／定期昇給制度あり／週5日からOK新着,株式会社犬の家 プレ葉ウォーク浜北店,静岡県,"月給19万9,000円",正社員,清掃,求人ボックス,https://xn--pckua2a7gp15o89zb.com/jbn/a36fb8846e9f62a6bd8b76e689177c46,True,21時間前,2026-09-19 04:20:59,静岡県
デニムアパレルブランドでドアマン対応新着,株式会社ee link わく&わーく,静岡県,"時給1,700円～1,900円",派遣社員,清掃,求人ボックス,https://xn--pckua2a7gp15o89zb.com/jb/98f48a6149a85df5d73af06d82bbe67f,True,4時間前,2026-09-19 04:20:59,静岡県
"買取スタッフ／平均年収1,200万／残業月平均3.3時間／有給取得率85.7%／ブランクOK新着",株式会社Reivy,静岡県,月給40万円～45万円,正社員,清掃,求人ボックス,https://xn--pckua2a7gp15o89zb.com/jbn/bebdc8add97f03399f25e2bca2012cea,True,23時間前,2026-09-19 04:20:59,静岡県
水処理設備の管理・点検スタッフ新着,管理事業有限会社,静岡県,月給26万円～38万円,正社員,清掃,求人ボックス,https://xn--pckua2a7gp15o89zb.com/jb/6c04a5d937345e7791c31b3e9377a9fa,True,18時間前,2026-09-19 04:21:03,静岡県
サクッと始めてすぐ慣れる!負担少なめのシンプル作業中心／軽作業スタッフ／資格不要新着,株式会社Tetote,静岡県,月給27万円～34万円,正社員,清掃,求人ボックス,https://xn--pckua2a7gp15o89zb.com/jbn/4ed0f9222101f16c4b6d3d039a3f8afa,True,16時間前,2026-09-19 04:21:03,静岡県
ゲームセンタースタッフで接客・商品補充新着,namco プレ葉ウォーク浜北店,静岡県,"時給1,200円～",契約社員,清掃,求人ボックス,https://xn--pckua2a7gp15o89zb.com/jb/8c83fa3fe9eb4e468070a529ed2cadf6,True,21時間前,2026-09-19 04:21:03,静岡県
沼津市エリアでのお仕事!「販売スタッフ」 高級時計・ジュエリーの販売／未経験OK／老舗企業／賞与あり新着,株式会社ディンプル,静岡県,"月給21万2,500円",正社員,清掃,求人ボックス,https://xn--pckua2a7gp15o89zb.com/jb/fd8be2456bc570a4bf4dd45a5b79a8ac,True,10時間前,2026-09-19 04:21:03,静岡県
施設の運転管理／各種手当・昇給・賞与あり新着,テスコ株式会社,静岡県,月給20万円～25万円,正社員,清掃,求人ボックス,https://xn--pckua2a7gp15o89zb.com/jb/ccc5dc8e0bbf77a44eb702c3b23211bf,True,23時間前,2026-09-19 04:21:03,静岡県
レストラン・専門料理店新着,株式会社バンデロール,静岡県,月給22万円～35万円,正社員,清掃,求人ボックス,https://xn--pckua2a7gp15o89zb.com/jbn/01c999571e538b000acb9d0c1b4b251b,True,13時間前,2026-09-19 04:21:07,静岡県
工場の見学ガイドおよび受付スタッフ新着,三菱電機ライフサービス株式会社静岡支店,静岡県,月給20万500円,契約社員,清掃,求人ボックス,https://xn--pckua2a7gp15o89zb.com/jb/43ad69f700f028687e11a7fc7329a99b,True,19時間前,2026-09-19 04:21:07,静岡県
シフト休 資格経験不要!未経験や初心者の方も大歓迎!寮付き&マイカー通勤OK×転勤なし新着,株式会社コンシェルテック,静岡県,月給21万円～25万円,正社員,清掃,求人ボックス,https://xn--pckua2a7gp15o89zb.com/jb/c2b408e969babf6a4b961e84b77294a1,True,22時間前,2026-09-19 04:21:07,静岡県
特別養護老人ホーム内での調理補助業務全般新着,株式会社トラストグロース西日本,静岡県,"時給1,200円～1,250円",派遣社員,清掃,求人ボックス,https://xn--pckua2a7gp15o89zb.com/jb/ffabf6f7b2a1d3cc8767662cab5ad5dd,True,9時間前,2026-09-19 04:21:07,静岡県
旅館での仲居業務 M1006／人気のリゾートバイト／車を使って働きます!まかない無料新着,株式会社JR西日本キャリア,静岡県,"時給1,350円",派遣社員,清掃,求人ボックス,https://xn--pckua2a7gp15o89zb.com/jbn/3a97b2e48b9630e125f58c5bccd285c0,True,23時間前,2026-09-19 04:21:07,静岡県
ゲームセンタースタッフで接客・商品補充新着,namco ららぽーと磐田店,静岡県,"時給1,250円～",契約社員,清掃,求人ボックス,https://xn--pckua2a7gp15o89zb.com/jb/10a8289d47666baff075635bb4e4959f,True,21時間前,2026-09-19 04:21:07,静岡県
ブランク歓迎の美容師・理容師／ブランク歓迎／上場企業新着,QBハウスマックスバリュ熱海,静岡県,月給30万円～41万,正社員,清掃,求人ボックス,https://xn--pckua2a7gp15o89zb.com/jbn/309b491f080cea2f7eaafc629a303fee,True,23時間前,2026-09-19 04:21:07,静岡県
残業なしの美容師・理容師／ブランク歓迎／カット専門新着,QBハウスアスティ静岡,静岡県,月給30万円～41万,正社員,清掃,求人ボックス,https://xn--pckua2a7gp15o89zb.com/jbn/12e511592b6a5e154857c118dace6461,True,23時間前,2026-09-19 04:21:11,静岡県
おにぎり工場でのコンテナ洗浄新着,株式会社ホットスタッフ静岡,静岡県,"時給1,300円～",派遣社員,清掃,求人ボックス,https://xn--pckua2a7gp15o89zb.com/jb/2c2871d7fbbe408a5883e12f1a7a7d13,True,10時間前,2026-09-19 04:21:11,静岡県
調理スタッフ「正社員」／そよ風公式新着,株式会社SOYOKAZE,静岡県,"月給21万3,000円",正社員,清掃,求人ボックス,https://xn--pckua2a7gp15o89zb.com/jb/648d7cd4fa1bdd831189d26b3566e918,True,2時間前,2026-09-19 04:21:11,静岡県
月収37万円以上 寮費無料 即日入寮できる食品工場の製造・サポート業務新着,株式会社JIN,静岡県,"月給30万4,500円",正社員,清掃,求人ボックス,https://xn--pckua2a7gp15o89zb.com/jb/84a15eb0eba087efa027e257b4777e96,True,8時間前,2026-09-19 04:21:15,静岡県
月収24万円 自動車系工場での軽作業・ピッキング 日勤・20-40代活躍中新着,株式会社イカイコントラクト,静岡県,"時給1,300円～",派遣社員,清掃,求人ボックス,https://xn--pckua2a7gp15o89zb.com/jb/a765acb41d5cb28d923cab4c02d16ce3,True,4時間前,2026-09-19 04:21:15,静岡県
自然派コスメ製造・検品スタッフ／未経験歓迎!人気のコスメ製造 コツコツ作業で安定勤務新着,IBS即戦力人財株式会社,静岡県,"時給1,400円",派遣社員,清掃,求人ボックス,https://xn--pckua2a7gp15o89zb.com/jb/254f90c0d0aa743dba0a0e1305bf1113,True,20時間前,2026-09-19 04:21:15,静岡県
グランピング・キャンプ場でのOUTDOOR事業責任者候補新着,株式会社時之栖,静岡県,"月給29万1,000円",正社員,清掃,求人ボックス,https://xn--pckua2a7gp15o89zb.com/jb/4bcb885b4d795412961d71fe9c8223c2,True,23時間前,2026-09-19 04:21:15,静岡県
ホテル内メンテナンススタッフ新着,ホテルテトラリゾート静岡やいづ,静岡県,月給19万円～25万円,正社員,清掃,求人ボックス,https://xn--pckua2a7gp15o89zb.com/jb/3d57268f91b9d8ff0be6e40364430b76,True,4時間前,2026-09-19 04:21:15,静岡県
ゲーム好きが活躍できる! ゲームセンタースタッフ新着,namcoプレ葉ウォーク浜北店,静岡県,"時給1,200円",契約社員,清掃,求人ボックス,https://xn--pckua2a7gp15o89zb.com/jb/d83bc216cbc3cd8ee6c90e0fd4a065e0,True,4時間前,2026-09-19 04:21:19,静岡県
リゾート施設の支配人・マネージャー候補新着,株式会社オーイズミダイニング,静岡県,月給35万円～,正社員,清掃,求人ボックス,https://xn--pckua2a7gp15o89zb.com/jb/b31b10b0bfc4c603e0e37e275368af35,True,7時間前,2026-09-19 04:21:19,静岡県
寮完備・月収22万円 自動車系工場での検査・検品 交替制・20-40代活躍中新着,株式会社BREXA Next,静岡県,"時給1,250円～",派遣社員,清掃,求人ボックス,https://xn--pckua2a7gp15o89zb.com/jb/82563739a6f2ff31d5d18c7831849d0a,True,4時間前,2026-09-19 04:21:19,静岡県
設備管理／清掃／検査 短期ケーブル確認 沖縄で働ける新着,ヒカリ企画,静岡県,"日給1万5,000円",契約社員,清掃,求人ボックス,https://xn--pckua2a7gp15o89zb.com/jb/96d58ffee7949886f5c7cdfa31fcf53b,True,5時間前,2026-09-19 04:21:19,静岡県
香辛料の原料投入スタッフ新着,UTエージェント株式会社 中部第二CU,静岡県,月給21万円～,正社員,清掃,求人ボックス,https://xn--pckua2a7gp15o89zb.com/jb/dca81f13803b0ae528dd3cee0dceff73,True,18時間前,2026-09-19 04:21:19,静岡県
高齢者向けシェアハウスの訪問介護新着,有限会社桔梗ホームズ,静岡県,月給25万円～30万円,正社員,清掃,求人ボックス,https://xn--pckua2a7gp15o89zb.com/jb/006612fa2787273157f48f71619a8167,True,23時間前,2026-09-19 04:21:19,静岡県
ウェディングプランナー新着,サンタ・アムール エテルニテ,静岡県,月給25万円～30万円,正社員,清掃,求人ボックス,https://xn--pckua2a7gp15o89zb.com/jb/35d0dd086b801ac862a1353b6738d7b4,True,12時間前,2026-09-19 04:21:19,静岡県
ものづくり／炭素繊維の製造オペレーター／未経験歓迎／リモート面接OK新着,日研トータルソーシング株式会社,静岡県,"月給23万9,000円",正社員,清掃,求人ボックス,https://xn--pckua2a7gp15o89zb.com/jbn/fac01bc0cbec01de994d1201fbfde1e7,True,23時間前,2026-09-19 04:21:23,静岡県
製造・組立／未経験OK／週休2日制／年間休日125日／昇給随時／交通費一部支給新着,株式会社Lazy Bacchus,静岡県,月給26万円,正社員,清掃,求人ボックス,https://xn--pckua2a7gp15o89zb.com/jb/0e945b3e65adfe66937320309030a188,True,4時間前,2026-09-19 04:21:23,静岡県
接客経験を活かせる! ゲームセンタースタッフ新着,namcoららぽーと磐田店,静岡県,"時給1,250円",契約社員,清掃,求人ボックス,https://xn--pckua2a7gp15o89zb.com/jb/a6d20935bfba0be9987f478427453ea3,True,4時間前,2026-09-19 04:21:23,静岡県
浜松市渚園の植栽管理業務新着,東海ビル管理株式会社,静岡県,月給20万円,正社員,清掃,求人ボックス,https://xn--pckua2a7gp15o89zb.com/jb/374c739aa4bfa8ebaf202ce080ad3f4d,True,12時間前,2026-09-19 04:21:23,静岡県
産業廃棄物・スクラップの収集運搬処理スタッフ募集新着,矢岸総業株式会社,静岡県,月給26万円～31万円,正社員,清掃,求人ボックス,https://xn--pckua2a7gp15o89zb.com/jb/a34bcec514e199c4d24a6da25bd71daf,True,9時間前,2026-09-19 04:21:23,静岡県
環境インフラ企業の事務スタッフ新着,株式会社袋井清掃,静岡県,"月給22万2,000円",正社員,清掃,求人ボックス,https://xn--pckua2a7gp15o89zb.com/jb/0419334b7aa8a1ebd84b7d8c30276099,True,12時間前,2026-09-19 04:21:26,静岡県
改修工事を担当する建築施工管理 未経験可 即日勤務可新着,マルタケ株式会社,静岡県,月給32万円～50万円,派遣社員,清掃,求人ボックス,https://xn--pckua2a7gp15o89zb.com/jb/0eafbaa3cc5c31a3728f6a04fd30adf9,True,4時間前,2026-09-19 04:21:26,静岡県
美容・エステサロン勤務新着,韓国肌管理Belle 浜松店,静岡県,月給24万円～50万円,正社員,清掃,求人ボックス,https://xn--pckua2a7gp15o89zb.com/jb/29d058b02b1548b10dd41d863410533d,True,6時間前,2026-09-19 04:21:26,静岡県
ホテルラウンジでのホールスタッフ新着,株式会社アークリンク,静岡県,"時給1,300円～2,000円",派遣社員,清掃,求人ボックス,https://xn--pckua2a7gp15o89zb.com/jb/3fbe9c40409e079ae3d93f42a136e798,True,8時間前,2026-09-19 04:21:26,静岡県
医薬品の倉庫内作業スタッフ新着,都輸送株式会社静岡営業所,静岡県,"月給21万2,000円",正社員,清掃,求人ボックス,https://xn--pckua2a7gp15o89zb.com/jb/6349cfddcadf5ff7ee6ed9053fae2bca,True,23時間前,2026-09-19 04:21:26,静岡県
寝具やインテリア用品の接客・販売／未経験・ブランク有／資格取得支援有新着,西川株式会社,静岡県,月給22万円,契約社員,清掃,求人ボックス,https://xn--pckua2a7gp15o89zb.com/jb/9ae1d7c3e71564e51281c528c60bfea9,True,12時間前,2026-09-19 04:21:26,静岡県
月給30万円～!「AIに奪われない、“価値を運ぶ仕事”。」 ミル挽き珈琲の自販機補充スタッフ新着,トーヨーベンディング株式会社,静岡県,月給30万円～,正社員,清掃,求人ボックス,https://xn--pckua2a7gp15o89zb.com/jb/7e8196d77fcc721489ef08850f221012,True,4時間前,2026-09-19 04:21:26,静岡県
歯科衛生士／新入社員定着率93%／いつかは審美歯科。未経験者活躍中!新着,一般社団法人OralX,大阪府,月給30万円～40万円,正社員,歯科,求人ボックス,https://xn--pckua2a7gp15o89zb.com/jb/a77b4308d6bf97267b12b6f7fab022b6,True,2時間前,2026-09-19 04:21:29,大阪府
歯科衛生士・ボーナス・賞与あり新着,Nao歯科・矯正歯科,大阪府,月給26万円～35万円,正社員,歯科,求人ボックス,https://xn--pckua2a7gp15o89zb.com/jb/d85e511d7aada5b62916a97335ba19a6,True,7時間前,2026-09-19 04:21:29,大阪府
大阪府貝塚市の歯科衛生士新着,つばめファミリー歯科,大阪府貝塚市の歯科衛生士,月給22万円～45万円,正社員,歯科,求人ボックス,https://xn--pckua2a7gp15o89zb.com/jb/40a2eb9fb1cea7d4577e19959c38c5be,True,5時間前,2026-09-19 04:21:29,大阪府
大阪府高槻市の歯科衛生士新着,まつむらファミリー歯科,大阪府高槻市の歯科衛生士,月給26万円～31万円,正社員,歯科,求人ボックス,https://xn--pckua2a7gp15o89zb.com/jb/194e24ee54ab144866905048b2c9094c,True,3時間前,2026-09-19 04:21:29,大阪府
大阪府大阪市東淀川区の歯科衛生士 急 募新着,かえこ歯科医院,大阪府大阪市東淀川区の歯科衛生士,月給24万円～28万円,正社員,歯科,求人ボックス,https://xn--pckua2a7gp15o89zb.com/jb/7b236e27505a52f5c5e93efa6f7c8771,True,4時間前,2026-09-19 04:21:29,大阪府
大阪府茨木市の歯科衛生士新着,ゴトウデンタル クリニック,大阪府茨木市の歯科衛生士,月給30万円～33万円,正社員,歯科,求人ボックス,https://xn--pckua2a7gp15o89zb.com/jb/ebe76af3cb312d29d6cc8bf80653fe9b,True,4時間前,2026-09-19 04:21:30,大阪府
大阪府枚方市の歯科衛生士／フルタイム新着,医療法人誠洸会 枚方北山歯科,大阪府枚方市の歯科衛生士／フルタイム,月給28万円～33万円,正社員,歯科,求人ボックス,https://xn--pckua2a7gp15o89zb.com/jb/71d0cd57a8f6ca83ef91a933c89d201d,True,4時間前,2026-09-19 04:21:30,大阪府
大阪府茨木市の歯科衛生士新着,福島歯科,大阪府茨木市の歯科衛生士,"時給1,600円～1,800円",,歯科,求人ボックス,https://xn--pckua2a7gp15o89zb.com/jb/ff25c77ab5a8a05dde33e2564ec789c6,True,5時間前,2026-09-19 04:21:30,大阪府
大阪府東大阪市の歯科衛生士／駅近／医療法人 布川矯正歯科新着,医療法人布川矯正歯科,大阪府東大阪市の歯科衛生士／駅近／医療法人,月給22万円,正社員,歯科,求人ボックス,https://xn--pckua2a7gp15o89zb.com/jb/ba78291c32fe8fa45537f7c7f5ff221b,True,4時間前,2026-09-19 04:21:30,大阪府
大阪府豊中市の歯科衛生士新着,高尾歯科医院,大阪府豊中市の歯科衛生士,月給26万円～33万円,正社員,歯科,求人ボックス,https://xn--pckua2a7gp15o89zb.com/jb/07267e73539b598aece6dd1d89237164,True,5時間前,2026-09-19 04:21:30,大阪府
大阪府堺市堺区の歯科衛生士／訪問／医療法人 岸川歯科新着,医療法人岸川歯科,大阪府堺市堺区の歯科衛生士／訪問／医療法人,"月給31万5,000円",正社員,歯科,求人ボックス,https://xn--pckua2a7gp15o89zb.com/jb/d79f6cf7df52ed1c1ff203077f7a1ccc,True,5時間前,2026-09-19 04:21:30,大阪府
大阪府枚方市の歯科衛生士／副業可／シニア世代・ブランク歓迎新着,ながた歯科医院,大阪府枚方市の歯科衛生士／副業可／シニア世代・ブランク歓迎,"時給1,700円",,歯科,求人ボックス,https://xn--pckua2a7gp15o89zb.com/jb/59b0243a38b8e9909d55ad1acc28c40f,True,3時間前,2026-09-19 04:21:33,大阪府
歯科衛生士／土日祝休み!残業ほぼナシ新着,香川花園歯科医院,大阪府,月給24万円～30万円,正社員,歯科,求人ボックス,https://xn--pckua2a7gp15o89zb.com/jb/f8dc940d4344966bdbdf21e32e60069e,True,13時間前,2026-09-19 04:21:33,大阪府
歯科衛生士／週休2.5日 土日休みOK 住宅手当や引越し手当支給あり新着,おおはし歯科医院,大阪府,月給26万円～33万円,正社員,歯科,求人ボックス,https://xn--pckua2a7gp15o89zb.com/jb/144fb8a4c566ca1879de6571ecf90d06,True,13時間前,2026-09-19 04:21:33,大阪府
歯科衛生士／前職給与以上を保証!ブランクの復職OK!駅チカ徒歩1分新着,医療法人徳糸会 松本歯科医院,大阪府,月給27万円～30万円,正社員,歯科,求人ボックス,https://xn--pckua2a7gp15o89zb.com/jb/297962fc4f56bc5f8342d702c51e6827,True,13時間前,2026-09-19 04:21:33,大阪府
歯科助手 徒歩8分／完全週休2日制 社保 ネイル・髪型自由 マニュアル完備で新人新着,フジデンタルクリニック,大阪府,月給21万円～,正社員,歯科,求人ボックス,https://xn--pckua2a7gp15o89zb.com/jb/0c7776a3f1b572209c05f6868e0a6ce4,True,1時間前,2026-09-19 04:21:33,大阪府
訪問歯科コーディネーター／訪問歯科コーディネーター新着,株式会社ケア21,大阪府,月給26万円,正社員,歯科,求人ボックス,https://xn--pckua2a7gp15o89zb.com/jb/6487ad5c402e1a3344ccadefe1a2f21a,True,13時間前,2026-09-19 04:21:33,大阪府
手のひら大のアルミ自動車部品の取り付けや検査新着,株式会社アイエーイー,静岡県,"時給1,250円～",派遣社員,派遣,求人ボックス,https://xn--pckua2a7gp15o89zb.com/jb/f0f99180bac20f427dc42f5001b23bc4,True,18時間前,2026-09-19 04:21:06,静岡県
採用・営業サポートスタッフ新着,株式会社フルクラム,静岡県,"月給21万4,000円",正社員,派遣,求人ボックス,https://xn--pckua2a7gp15o89zb.com/jb/6f2454ecbcaba2bb3587285e43f12d9e,True,6時間前,2026-09-19 04:21:06,静岡県
事務アシスタント／土日祝休み新着,株式会社シーエーティー,静岡県,"時給1,160円",アルバイト・パート,派遣,求人ボックス,https://xn--pckua2a7gp15o89zb.com/jb/f3441c775b23455130c1367f5aa3c4e6,True,12時間前,2026-09-19 04:21:06,静岡県
自動車ランプ部品の検査・洗浄新着,株式会社ホットスタッフ静岡,静岡県,"時給1,300円～",派遣社員,派遣,求人ボックス,https://xn--pckua2a7gp15o89zb.com/jb/2956b62d930841fa3b68c0db503aa07c,True,10時間前,2026-09-19 04:21:06,静岡県
自動車部品の運搬スタッフ新着,株式会社ホットスタッフ浜松,静岡県,"時給1,500円～1,875円",派遣社員,派遣,求人ボックス,https://xn--pckua2a7gp15o89zb.com/jb/2fb0fc08c4e1291d4ce5a203d4372ad4,True,10時間前,2026-09-19 04:21:06,静岡県
クランプフォークリフト員新着,戦力エージェント株式会社,静岡県,"時給1,900円～2,375円",派遣社員,派遣,求人ボックス,https://xn--pckua2a7gp15o89zb.com/jb/8e873059bf37b70bd4e0fb91b36b94ff,True,12時間前,2026-09-19 04:21:06,静岡県
安定メーカー勤務／年休120日／歯ブラシの製造スタッフ新着,ヤマトエスロン株式会社 静岡工場,静岡県,"月給27万5,000円",正社員,派遣,求人ボックス,https://xn--pckua2a7gp15o89zb.com/jb/d046bb89ca9c19fa48ae0b58fe3a8f90,True,18時間前,2026-09-19 04:21:06,静岡県
資材の運搬スタッフ 未経験者積極採用中 冷暖房完備 簡易クリーンルーム 日勤 土日休み 車通勤可新着,株式会社オーロ,静岡県,"時給1,300円",派遣社員,派遣,求人ボックス,https://xn--pckua2a7gp15o89zb.com/jb/384e60a861e13867b7efbafdadb3126b,True,3時間前,2026-09-19 04:21:07,静岡県
サプリメントの成形と計量作業新着,株式会社エフティーイー,静岡県,"時給1,400円～",派遣社員,派遣,求人ボックス,https://xn--pckua2a7gp15o89zb.com/jb/2728216d46495815ce4af459c5249ecb,True,19時間前,2026-09-19 04:21:07,静岡県
電子機器メーカーでの軽作業 車通勤OK新着,マンパワーグループ株式会社,静岡県,"時給1,500円",派遣社員,派遣,求人ボックス,https://xn--pckua2a7gp15o89zb.com/jb/0983f01ce28b1175d6c3f6eaf9355971,True,7時間前,2026-09-19 04:21:07,静岡県
オフィス事務新着,株式会社ウィルエージェンシー 静岡,静岡県,"時給1,350円～",アルバイト・パート,派遣,求人ボックス,https://xn--pckua2a7gp15o89zb.com/jb/dc5d85523eba73ade8af91758efe7d44,True,14時間前,2026-09-19 04:21:07,静岡県
メンテナンス作業／自動車整備士／高時給／リモート面接OK新着,日研トータルソーシング株式会社,静岡県,"時給2,050円～",派遣社員,派遣,求人ボックス,https://xn--pckua2a7gp15o89zb.com/jbn/69c515b019ff312fef2de693a9fcd464,True,23時間前,2026-09-19 04:21:07,静岡県
リゾートバイト／フロント・ベル新着,株式会社ダイブ,静岡県,"時給1,200円～",派遣社員,派遣,求人ボックス,https://xn--pckua2a7gp15o89zb.com/jb/274c96f06b2a9aaae20e9524f94c52cd,True,22時間前,2026-09-19 04:21:12,静岡県
金属部品のバリ取り／直接雇用の可能性あり／高時給／長期可能／未経験OK新着,株式会社テクノ・サービス,静岡県,"時給1,400円～",派遣社員,派遣,求人ボックス,https://xn--pckua2a7gp15o89zb.com/jbn/d286bd4aab524fac37ed64af5dd7f8b8,True,20時間前,2026-09-19 04:21:12,静岡県
一般事務新着,株式会社リクルートスタッフィング,静岡県,"時給1,450円～",派遣社員,派遣,求人ボックス,https://xn--pckua2a7gp15o89zb.com/jb/f9ada19022308fb26939256a1944dc02,True,19時間前,2026-09-19 04:21:12,静岡県
未経験歓迎!アルミパイプを磨いて仕上げる製造スタッフ新着,株式会社ウィルオブ・ワーク FO浜松,静岡県,"時給1,600円～2,000円",派遣社員,派遣,求人ボックス,https://xn--pckua2a7gp15o89zb.com/jb/d906422446c79228f05f4695da92797c,True,17時間前,2026-09-19 04:21:12,静岡県
「「夜勤のみ!時給1560円×土日祝休み」」人気のスニーカーの軽作業新着,セブンエージェント株式会社,静岡県,時給1560円,派遣社員,派遣,求人ボックス,https://xn--pckua2a7gp15o89zb.com/jb/f3194559320e2404f61396f82f02cd96,True,19時間前,2026-09-19 04:21:12,静岡県
介護スタッフ／有料老人ホームで勤務!20代～30代活躍中／無資格スタート応援!夜勤のみ新着,株式会社ベネッセキャリオス,静岡県,"時給1,813円",派遣社員,派遣,求人ボックス,https://xn--pckua2a7gp15o89zb.com/jbn/36ae78dbb01d6ff0a60eaea9801ea9d5,True,21時間前,2026-09-19 04:21:12,静岡県
分析業務／フレックス制度・在宅勤務あり新着,旭化成アミダス株式会社,静岡県,"時給1,600円",正社員,派遣,求人ボックス,https://xn--pckua2a7gp15o89zb.com/jb/8f60c0714921cb51491028f32da11816,True,15時間前,2026-09-19 04:21:15,静岡県
寮完備・月収24万円 自動車系工場での組立・加工・プレス 日勤・20-40代活躍中新着,株式会社イカイコントラクト,静岡県,"時給1,300円～",派遣社員,派遣,求人ボックス,https://xn--pckua2a7gp15o89zb.com/jb/105fdb6942260ec5d570e5a45492a53c,True,4時間前,2026-09-19 04:21:15,静岡県
20代～40代活躍中／有名ブランド小物商品の梱包作業／年間休日130日／長期休みあり／未経験OK新着,トランコムSC株式会社,静岡県,"時給1,400円～1,750円",派遣社員,派遣,求人ボックス,https://xn--pckua2a7gp15o89zb.com/jbn/7fefa6c647bef5b5b5e2046630e0f69c,True,23時間前,2026-09-19 04:21:15,静岡県
「モクモク軽作業!高時給で生活支援あり!」釣りグッズのシール貼りスタッフ新着,株式会社アルミラ,静岡県,"時給1,470円～",アルバイト・パート,派遣,求人ボックス,https://xn--pckua2a7gp15o89zb.com/jb/16b5b16b430bb7a41eadadb7fa941fa2,True,17時間前,2026-09-19 04:21:15,静岡県
総務事務／17時15分終業!入退社に関する処理など 未経験でもOK新着,株式会社スタッフサービス,静岡県,"時給1,500円",派遣社員,派遣,求人ボックス,https://xn--pckua2a7gp15o89zb.com/jb/8f0c9e54fd1f94f26a56e156dd4cb2ff,True,16時間前,2026-09-19 04:21:15,静岡県
寮完備・月収28万円 機械系工場での検査・検品 日勤・20-40代活躍中新着,株式会社BREXA Next,静岡県,"時給1,300円～",派遣社員,派遣,求人ボックス,https://xn--pckua2a7gp15o89zb.com/jb/0d9abb1036baca3b49c077fd71269853,True,4時間前,2026-09-19 04:21:15,静岡県
一般事務・OA事務 ／ データエントリー業務／未経験OK!働きやすいと評判企業 藤枝新着,パーソルテンプスタッフ株式会社,静岡県,"時給1,350円～1,400円",派遣社員,派遣,求人ボックス,https://xn--pckua2a7gp15o89zb.com/jb/3632dc61e58817085d1ee682a9ab7f1c,True,23時間前,2026-09-19 04:21:18,静岡県
資格経験不要／誰でもチャレンジOK!グローバルに活躍する製品づくりに関われる新着,株式会社コンシェルテック,静岡県,月給20万円～27万円,正社員,派遣,求人ボックス,https://xn--pckua2a7gp15o89zb.com/jb/432881ea4b2ecd8eb1b92cbbed47f0be,True,22時間前,2026-09-19 04:21:18,静岡県
営業アシスタント スポーツ好き必見!商品づくりに関われる仕事新着,株式会社フェローズ,静岡県,"時給1,250円～1,300円",派遣社員,派遣,求人ボックス,https://xn--pckua2a7gp15o89zb.com/jb/0d194f7e43ed4d9c153a8f8bce010791,True,16時間前,2026-09-19 04:21:18,静岡県
家電量販店／スマホ販売スタッフ／平日休み新着,株式会社GRIVE,静岡県,"時給1,500円～1,700円",契約社員,派遣,求人ボックス,https://xn--pckua2a7gp15o89zb.com/jb/63964cd0e38875d7e099e5fc6d03bf2a,True,18時間前,2026-09-19 04:21:18,静岡県
ソーセージ製造スタッフ新着,株式会社ウィルオブ・ワーク,静岡県,"時給1,350円",派遣社員,派遣,求人ボックス,https://xn--pckua2a7gp15o89zb.com/jb/99912f9e859e9945f3da4d77a070c852,True,15時間前,2026-09-19 04:21:18,静岡県
現場管理 経験者限定 寮完備 全国拠点新着,株式会社GS STAFF,静岡県,"月給35万1,500円",派遣社員,派遣,求人ボックス,https://xn--pckua2a7gp15o89zb.com/jb/478455ce3ab6e16f8b40d161a1b7731b,True,3時間前,2026-09-19 04:21:21,静岡県
リゾートバイト／清掃／希少な裏方業務 ミドル世代スタッフも活躍中!1日5時間で無理なく働けます新着,株式会社スタッフエージェント,静岡県・熱海のホテル,"時給1,300円",派遣社員,派遣,求人ボックス,https://xn--pckua2a7gp15o89zb.com/jb/c40381411a89dc361974bf96614f8944,True,5時間前,2026-09-19 04:21:21,静岡県
車部品の検査スタッフ新着,株式会社ホットスタッフ袋井,静岡県,"時給1,500円～1,875円",派遣社員,派遣,求人ボックス,https://xn--pckua2a7gp15o89zb.com/jb/9de8a22162dc070c67cd3212c0768a75,True,10時間前,2026-09-19 04:21:21,静岡県
物流倉庫内でのピッキングスタッフ新着,株式会社ワークス,静岡県,"時給1,300円～1,625円",正社員,派遣,求人ボックス,https://xn--pckua2a7gp15o89zb.com/jb/d9733e86d0cd341b8e437fc78840d45b,True,23時間前,2026-09-19 04:21:21,静岡県
夕方からのピッキング作業スタッフ新着,作業はシンプルなので、未経験の方でも安心してスタートできます。先輩,静岡県,"時給1,300円～1,625円",派遣社員,派遣,求人ボックス,https://xn--pckua2a7gp15o89zb.com/jb/4688976faafaa2ad43af5bff4d616457,True,12時間前,2026-09-19 04:21:21,静岡県
片手で持てる製品の検品・仕分けスタッフ新着,静岡支店,静岡県,"時給1,200円～",派遣社員,派遣,求人ボックス,https://xn--pckua2a7gp15o89zb.com/jb/2204b59f782a711929a4b387035ac6b8,True,12時間前,2026-09-19 04:21:21,静岡県
マグロの加工スタッフ新着,株式会社ホットスタッフ藤枝,静岡県,"時給1,320円～",派遣社員,派遣,求人ボックス,https://xn--pckua2a7gp15o89zb.com/jb/a35a8f6095e8f51aea410ff1b331b172,True,10時間前,2026-09-19 04:21:25,静岡県
自動車用ばねの製造・日勤のみ&空調あり新着,株式会社テクノサービス,静岡県,"時給1,300円",派遣社員,派遣,求人ボックス,https://xn--pckua2a7gp15o89zb.com/jb/8c418593000bbc328efd4f82044301ee,True,21時間前,2026-09-19 04:21:25,静岡県
製品の動作チェックスタッフ新着,株式会社ホットスタッフ沼津,静岡県,"時給1,300円",派遣社員,派遣,求人ボックス,https://xn--pckua2a7gp15o89zb.com/jb/4fd29377df422c3efbcd605d099000f1,True,10時間前,2026-09-19 04:21:25,静岡県
機械オペレーター新着,株式会社ホットスタッフ富士,静岡県,"時給1,230円～",派遣社員,派遣,求人ボックス,https://xn--pckua2a7gp15o89zb.com/jb/0720f7e64bc2429b5a71675776afeedd,True,10時間前,2026-09-19 04:21:25,静岡県
「仕事終わりの時間も楽しめる!」／医療機器部品の製造スタッフ／未経験OK／コツコツ作業新着,三陽工業株式会社,静岡県,月給19万円～36万円,正社員,派遣,求人ボックス,https://xn--pckua2a7gp15o89zb.com/jbn/2f914f5dd2e58d905f2acf3a7b47f21b,True,13時間前,2026-09-19 04:21:25,静岡県
卵焼き製品の検査・包装スタッフ／未経験スタートOK／シンプル・モクモク作業／幅広い世代活躍中新着,株式会社イカイプロダクト,静岡県,"時給1,200円～1,500円",派遣社員,派遣,求人ボックス,https://xn--pckua2a7gp15o89zb.com/jbn/0cb7a89ec3b8658daf8dcea9ac633687,True,20時間前,2026-09-19 04:21:28,静岡県
9月採用募集開始!クリニックでの医療事務新着,株式会社日本教育クリエイト,静岡県,"時給1,321円",派遣社員,派遣,求人ボックス,https://xn--pckua2a7gp15o89zb.com/jbn/1d603d239d832bddd12f11926236f989,True,21時間前,2026-09-19 04:21:28,静岡県
ホテルでのレストランサービススタッフ M1021／人気のリゾートバイト／寮費無料新着,株式会社JR西日本キャリア,静岡県,"時給1,450円",派遣社員,派遣,求人ボックス,https://xn--pckua2a7gp15o89zb.com/jbn/21a2dba3d9f9987c110ac99d5783976e,True,23時間前,2026-09-19 04:21:28,静岡県
現場での解体工事スタッフ新着,株式会社菅野工業,静岡県,"日給1万1,000円",正社員,派遣,求人ボックス,https://xn--pckua2a7gp15o89zb.com/jb/77355a5e6b3b67ddddbb08ca5d6e0a62,True,6時間前,2026-09-19 04:21:28,静岡県
スーパーバイザー 40・50代活躍新着,アデコ株式会社,静岡県,年収430万円～600万円,正社員,派遣,求人ボックス,https://xn--pckua2a7gp15o89zb.com/jb/ce751badd78bdb4889506bb0ef5f46b8,True,7時間前,2026-09-19 04:21:28,静岡県
コツコツ派に向いている製造職!／サングラスケースの工場内サポート／年間休日130日以上新着,スタッフ,静岡県,"月給30万2,000円",正社員,派遣,求人ボックス,https://xn--pckua2a7gp15o89zb.com/jbn/8ee9ceff2859d0acc46e7fd40e9c6223,True,11時間前,2026-09-19 04:21:28,静岡県
研修ありで安心スタート!／太陽光パネル端子部品の加工サポート／土日休みあり／即入寮OK／コツコツ作業新着,スタッフ,静岡県,"月給41万9,000円",正社員,派遣,求人ボックス,https://xn--pckua2a7gp15o89zb.com/jbn/c2f3f5797522aa39ba2e10a6865b1e92,True,11時間前,2026-09-19 04:21:32,静岡県
スキルより丁寧さ重視!／電子メモパッド部品のライン作業スタッフ／寮完備／週休2日制／品質確認あり新着,スタッフ,静岡県,"月給35万9,000円",正社員,派遣,求人ボックス,https://xn--pckua2a7gp15o89zb.com/jbn/6647892116f3bd2149df5c8c99e99bcc,True,11時間前,2026-09-19 04:21:32,静岡県
技術で信頼を築く建築施工管理 あなたの経験をしっかり評価新着,マルタケ株式会社,静岡県,月給42万円～80万円,派遣社員,派遣,求人ボックス,https://xn--pckua2a7gp15o89zb.com/jb/abb05237fa35f30fb7e8dd52dccbb4e1,True,3時間前,2026-09-19 04:21:32,静岡県
ヨーグルトカップの検品・箱詰め新着,ユースフル・テンプ株式会社,静岡県,"時給1,500円",派遣社員,派遣,求人ボックス,https://xn--pckua2a7gp15o89zb.com/jb/98efb0fe3e746eb3efb56fb465764c4b,True,18時間前,2026-09-19 04:21:32,静岡県
飲料 原料の仕分け・チェック新着,アルムヒューマン東海株式会社,静岡県,"時給1,350円～1,688円",派遣社員,派遣,求人ボックス,https://xn--pckua2a7gp15o89zb.com/jb/7bcc2936513d39701cf219feff0c2b81,True,18時間前,2026-09-19 04:21:32,静岡県
自動車用アルミ部品の検査スタッフ新着,UTエージェント株式会社 中部第二CU,静岡県,月給24万円～,正社員,派遣,求人ボックス,https://xn--pckua2a7gp15o89zb.com/jb/bbf982883ad186b7443e8c145bdcca57,True,18時間前,2026-09-19 04:21:35,静岡県
「半導体工場の部品入出庫スタッフ」高時給／簡単モクモク作業／資格が活かせる新着,ジェイ・ネクスト株式会社／OK-07 1K260...,静岡県,"時給1,500円～",派遣社員,派遣,求人ボックス,https://xn--pckua2a7gp15o89zb.com/jb/9944736ba292142787ff613a17b0f8a5,True,23時間前,2026-09-19 04:21:35,静岡県
17時スタート固定 空調部品の組立・検査／土日休み新着,株式会社ズームアップ,静岡県,"時給1,370円～",派遣社員,派遣,求人ボックス,https://xn--pckua2a7gp15o89zb.com/jb/4e2f932494f32c15a20af853d4301e6e,True,12時間前,2026-09-19 04:21:35,静岡県
身近なアイテムを作る製造ワーク!／ボールペン替え芯ケースの部品セットスタッフ／若手活躍中新着,スタッフ,静岡県,"月給36万9,000円",正社員,派遣,求人ボックス,https://xn--pckua2a7gp15o89zb.com/jbn/0b370eb251cb07f45a63bd3ab706d799,True,11時間前,2026-09-19 04:21:35,静岡県
20代30代に人気の製品づくり!／アクリルキーホルダーの製造スタッフ／即入寮OK／ボーナスあり新着,スタッフ,静岡県,月給39万円～44万,正社員,派遣,求人ボックス,https://xn--pckua2a7gp15o89zb.com/jbn/4826c9cde695d724c6035b9a0e482d57,True,11時間前,2026-09-19 04:21:35,静岡県
寮付きで始めやすい工場勤務!／レインシューズ中敷きの製造スタッフ／寮完備／正社員採用／組立あり新着,スタッフ,静岡県,"月給42万8,000円",正社員,派遣,求人ボックス,https://xn--pckua2a7gp15o89zb.com/jbn/933f6ddd9d321e3a5f4c27f5f3730acc,True,11時間前,2026-09-19 04:21:35,静岡県
デニーズの店舗スタッフ 飲食経験者 年休120日以上 7連休年2回新着,株式会社デニーズジャパン,静岡県,月給23万円～40万円,正社員,飲食,求人ボックス,https://xn--pckua2a7gp15o89zb.com/jb/6b3ddf611466fb6c64bf6a8a784b6a32,True,4時間前,2026-09-19 04:21:11,静岡県
レストラン・専門料理店新着,NSライフ株式会社,静岡県,"月給20万5,000円",正社員,飲食,求人ボックス,https://xn--pckua2a7gp15o89zb.com/jbn/624545d29942e883457c1c580ea1eaa1,True,12時間前,2026-09-19 04:21:11,静岡県
レストラン・専門料理店新着,株式会社AQUA GREEN,静岡県,"月給23万5,000円",正社員,飲食,求人ボックス,https://xn--pckua2a7gp15o89zb.com/jbn/f50a55895fe8e223dbc43beed38438c9,True,13時間前,2026-09-19 04:21:11,静岡県
レストラン・専門料理店新着,株式会社なすび,静岡県,月給28万円～35万円,正社員,飲食,求人ボックス,https://xn--pckua2a7gp15o89zb.com/jbn/a97c14bf278fa5e3bc49e9c7dffd05d0,True,12時間前,2026-09-19 04:21:11,静岡県
レストラン・専門料理店新着,東急リゾーツ&ステイ株式会社,静岡県,"月給16万9,600円",正社員,飲食,求人ボックス,https://xn--pckua2a7gp15o89zb.com/jbn/ab89c3ec7934ef7e97fc6ab8144b31fd,True,13時間前,2026-09-19 04:21:11,静岡県
レストラン・専門料理店／経験不問／ブランクOK／まかない・食事補助あり新着,株式会社東豊,静岡県,月給25万円～40万円,正社員,飲食,求人ボックス,https://xn--pckua2a7gp15o89zb.com/jbn/8964f847c37060e1a64692d1b1a068c3,True,12時間前,2026-09-19 04:21:11,静岡県
レストラン・専門料理店新着,株式会社ビーケー・ジャパン,静岡県,月給31万円～40万,正社員,飲食,求人ボックス,https://xn--pckua2a7gp15o89zb.com/jbn/d927fed0291e15bbb013bdaeb7d0583c,True,13時間前,2026-09-19 04:21:11,静岡県
レストラン・専門料理店新着,株式会社UMITO,静岡県,月給32万円～40万円,正社員,飲食,求人ボックス,https://xn--pckua2a7gp15o89zb.com/jbn/00ef57f525b348a24f055218fb8b63b6,True,13時間前,2026-09-19 04:21:11,静岡県
レストラン・専門料理店新着,株式会社ペッパーフードサービス,静岡県,月給30万円,正社員,飲食,求人ボックス,https://xn--pckua2a7gp15o89zb.com/jbn/23edb6e84aac9bc6c0b9ea6c6d0f4f6a,True,13時間前,2026-09-19 04:21:12,静岡県
レストラン・専門料理店新着,株式会社KPG HOTEL&RESORT,静岡県,月給42万円～50万円,正社員,飲食,求人ボックス,https://xn--pckua2a7gp15o89zb.com/jbn/c71d7c652419557e72dac7d50323ac72,True,13時間前,2026-09-19 04:21:12,静岡県
ペット用品店のレジ・販売スタッフ／アミーゴ浜松和田店長期勤務をしっかりサポート／プライベートも充実新着,株式会社犬の家 アミーゴ浜松和田店,静岡県,"月給19万9,000円",正社員,飲食,求人ボックス,https://xn--pckua2a7gp15o89zb.com/jbn/c601a4c0dd6bd71b2bd27ab4c4ac98ec,True,21時間前,2026-09-19 04:21:12,静岡県
レストラン・専門料理店新着,株式会社アントワークス,静岡県,月給34万円～49万円,正社員,飲食,求人ボックス,https://xn--pckua2a7gp15o89zb.com/jbn/41be83bcb943c0792706707193ed8524,True,12時間前,2026-09-19 04:21:12,静岡県
レストラン・専門料理店新着,株式会社マッシュフードラボ,静岡県,月給23万円～35万円,正社員,飲食,求人ボックス,https://xn--pckua2a7gp15o89zb.com/jbn/188d829d568a76d0e1ef3d6a1f7251d6,True,13時間前,2026-09-19 04:21:12,静岡県
レストラン・専門料理店新着,株式会社名鉄ミライート,静岡県,月給25万円～28万円,正社員,飲食,求人ボックス,https://xn--pckua2a7gp15o89zb.com/jbn/1e0aefa97421b7a3cba84e9b277c4982,True,13時間前,2026-09-19 04:21:12,静岡県
「女性も男性も専門スキルを身につけやすい」／AIエンジニア／未経験歓迎／資格取得支援あり／長期安定新着,前職経験はさまざま!営業、事務、販売,静岡県,月給27万円～34万円,正社員,飲食,求人ボックス,https://xn--pckua2a7gp15o89zb.com/jbn/c52250702eef5b71c4af69ce4e0df03f,True,14時間前,2026-09-19 04:21:16,静岡県
「フレッシュな仲間と専門スキルを磨ける!」／AIエンジニア／未経験歓迎／研修充実／20〜30代活躍中新着,前職経験はさまざま!営業、事務、販売,静岡県,月給27万円～34万円,正社員,飲食,求人ボックス,https://xn--pckua2a7gp15o89zb.com/jbn/e46fdac5b4232b58862fc4ea5fb509e1,True,14時間前,2026-09-19 04:21:16,静岡県
会員制ホテルの朝食スタッフ新着,サンダンス・リゾート 熱海,静岡県,"時給1,250円",アルバイト・パート,飲食,求人ボックス,https://xn--pckua2a7gp15o89zb.com/jb/bf358a3ad8e81b1b926ebb12d74741a2,True,12時間前,2026-09-19 04:21:16,静岡県
給食スタッフ／キッチン／フード系 週3日~OK 最大14時半まで 食事補助あり 幼稚園で給食調理新着,株式会社アイコーメディカル,静岡県,"時給1,170円～",アルバイト・パート,飲食,求人ボックス,https://xn--pckua2a7gp15o89zb.com/jb/905d7de64fd05474f58d2cfa57c7c86c,True,23時間前,2026-09-19 04:21:16,静岡県
ラーメン店のオープニングスタッフ・土日祝のホール・調理補助新着,麺処 煌-akari,静岡県,"時給1,300円～1,354円",正社員,飲食,求人ボックス,https://xn--pckua2a7gp15o89zb.com/jb/ae20680e2a3383d48ab7dadca04ddc4b,True,18時間前,2026-09-19 04:21:16,静岡県
「スピード採用実施中!」／人気ゲームのテストプレイ／WEB面接対応／未経験歓迎／福利厚生充実新着,株式会社SNJAPAN,静岡県,月給27万円～34万円,正社員,飲食,求人ボックス,https://xn--pckua2a7gp15o89zb.com/jbn/bc39f4599c9c483b86aa18560c81c487,True,14時間前,2026-09-19 04:21:16,静岡県
シフト休 資格経験不要／女性スタッフ多数在籍!シフト制でプライベートも確保新着,株式会社コンシェルテック,静岡県,"月給24万4,000円",正社員,飲食,求人ボックス,https://xn--pckua2a7gp15o89zb.com/jb/3409bd051efe5dec5f332f0af1d45d06,True,22時間前,2026-09-19 04:21:19,静岡県
人気ゲームのテストプレイ／未経験OK／研修充実／福利厚生充実／長期安定新着,前職経験はさまざま!営業、事務、受付、販売,静岡県,月給27万円～34万円,正社員,飲食,求人ボックス,https://xn--pckua2a7gp15o89zb.com/jbn/ba22d53aa712c90b20e9e79b973cc328,True,14時間前,2026-09-19 04:21:19,静岡県
Webエンジニア／プライベートも充実させやすい／土日祝休み／長期勤務歓迎／未経験OK新着,前職経験はさまざま!営業、事務、受付、販売,静岡県,月給27万円～34万円,正社員,飲食,求人ボックス,https://xn--pckua2a7gp15o89zb.com/jbn/500b5e148c2be81dcdaeafa251a6ddea,True,14時間前,2026-09-19 04:21:19,静岡県
レストラン・専門料理店／経験者歓迎／週休2日制／学歴不問新着,おいしい約束株式会社,静岡県,月給23万円～30万,正社員,飲食,求人ボックス,https://xn--pckua2a7gp15o89zb.com/jbn/a2f4d78ef902228243911fc18721901c,True,13時間前,2026-09-19 04:21:19,静岡県
レストラン・専門料理店新着,株式会社Dress,静岡県,"月給19万5,000円",正社員,飲食,求人ボックス,https://xn--pckua2a7gp15o89zb.com/jbn/89b07f2a8e6691b76a0961b3e89a3312,True,12時間前,2026-09-19 04:21:19,静岡県
ペットショップの飼育管理スタッフ／藤枝店退職金制度あり／毎年昇給のチャンスあり／車通勤OK新着,株式会社犬の家 藤枝店,静岡県,"月給19万9,000円",正社員,飲食,求人ボックス,https://xn--pckua2a7gp15o89zb.com/jbn/7c512f6bbea82d4b5f2165c908e84df4,True,21時間前,2026-09-19 04:21:19,静岡県
ペットショップ接客スタッフ／長期勤務をしっかりサポート／週休2日制／車通勤OK／自分の車で通勤可能新着,株式会社犬の家 MEGAドン・キホーテ袋井店,静岡県,"月給19万9,000円",正社員,飲食,求人ボックス,https://xn--pckua2a7gp15o89zb.com/jbn/b684db843991e5916e0251046a0a56d4,True,21時間前,2026-09-19 04:21:23,静岡県
レストラン・専門料理店新着,株式会社ギフト,静岡県,"月給26万8,000円",正社員,飲食,求人ボックス,https://xn--pckua2a7gp15o89zb.com/jbn/97cf1c8aebbdf4d8ba50e957dcb3b1f4,True,13時間前,2026-09-19 04:21:23,静岡県
レストラン・専門料理店新着,ワタミ株式会社,静岡県,"月給25万4,000円",正社員,飲食,求人ボックス,https://xn--pckua2a7gp15o89zb.com/jbn/3e3d07827e00cfd31b4b93d497061774,True,13時間前,2026-09-19 04:21:23,静岡県
レストラン・専門料理店新着,株式会社レインズインターナショナル,静岡県,月給27万円～35万円,正社員,飲食,求人ボックス,https://xn--pckua2a7gp15o89zb.com/jbn/cd1aab50b9de1634ca1b17efd58ff6fa,True,13時間前,2026-09-19 04:21:23,静岡県
レストラン・専門料理店新着,株式会社トリドールホールディングス,静岡県,"月給24万9,000円",正社員,飲食,求人ボックス,https://xn--pckua2a7gp15o89zb.com/jbn/d864b7987f491e02b918fad577f5e7df,True,13時間前,2026-09-19 04:21:23,静岡県
レストラン・専門料理店新着,株式会社浜木綿,静岡県,月給28万円～35万円,正社員,飲食,求人ボックス,https://xn--pckua2a7gp15o89zb.com/jbn/b4fc577835dda612c9de8646b18d769b,True,13時間前,2026-09-19 04:21:23,静岡県
吉野家の店長候補／年収400万円以上可新着,株式会社吉野家ホールディングス,静岡県,月給24万900円,正社員,飲食,求人ボックス,https://xn--pckua2a7gp15o89zb.com/jb/b715f770cd64d7692b6ad40b36c91a0d,True,4時間前,2026-09-19 04:21:27,静岡県
ペットショップ販売・接客スタッフ／ボーナス支給あり／動物が好きな方にピッタリ／週休2日制新着,株式会社犬の家 プレ葉ウォーク浜北店,静岡県,"月給19万9,000円",正社員,飲食,求人ボックス,https://xn--pckua2a7gp15o89zb.com/jbn/59dad35752fd184cce302d536ef8b47f,True,21時間前,2026-09-19 04:21:27,静岡県
鮨店のホールスタッフ新着,沼津魚がし鮨 三島駅北口店,静岡県,"時給1,154円～",アルバイト・パート,飲食,求人ボックス,https://xn--pckua2a7gp15o89zb.com/jb/4d60a994cfef37f4be4dcea9d0730bbe,True,6時間前,2026-09-19 04:21:27,静岡県
百貨店で働く和菓子製造・販売スタッフ新着,御座候 静岡松坂屋店,静岡県,"月給22万5,354円",正社員,飲食,求人ボックス,https://xn--pckua2a7gp15o89zb.com/jb/1674c44c68dcc5654c067bd880abceff,True,6時間前,2026-09-19 04:21:27,静岡県
麻辣湯専門店の店舗スタッフ新着,株式会社MS.HOT,静岡県,月給25万円～40万円,正社員,飲食,求人ボックス,https://xn--pckua2a7gp15o89zb.com/jb/5367aded51de52967bc00c0839dfaee2,True,16時間前,2026-09-19 04:21:27,静岡県
お寿司屋さんのホールスタッフ新着,沼津魚がし鮨 流れ鮨 藤枝店,静岡県,"時給1,154円～",アルバイト・パート,飲食,求人ボックス,https://xn--pckua2a7gp15o89zb.com/jb/edd306b5963473d10570c6278644db5e,True,6時間前,2026-09-19 04:21:27,静岡県
お寿司屋さんのホールスタッフ新着,沼津魚がし鮨 江戸前鮨 沼津店,静岡県,"時給1,154円～1,200円",アルバイト・パート,飲食,求人ボックス,https://xn--pckua2a7gp15o89zb.com/jb/6b8a6feb55fbdedfd430e668b1cf2011,True,6時間前,2026-09-19 04:21:27,静岡県
今話題のフードデリバリー配達員募集新着,株式会社まあちゃん,静岡県,,,飲食,求人ボックス,https://xn--pckua2a7gp15o89zb.com/jbn/0fd8fae37f5a5c46bb9a2c4287d1335c,True,19時間前,2026-09-19 04:21:31,静岡県
お寿司屋さんのホールスタッフ新着,二代目魚がし 御殿場店,静岡県,"時給1,200円",アルバイト・パート,飲食,求人ボックス,https://xn--pckua2a7gp15o89zb.com/jb/0a130bac8dc38a5c781fedf753be58fa,True,6時間前,2026-09-19 04:21:31,静岡県
お寿司屋さんのホールスタッフ新着,沼津魚がし鮨 流れ鮨 浜松市野店,静岡県,"時給1,154円～1,200円",アルバイト・パート,飲食,求人ボックス,https://xn--pckua2a7gp15o89zb.com/jb/b17e50b9741be2f9b4debb0b98ed8f57,True,6時間前,2026-09-19 04:21:31,静岡県
お寿司屋さんのホールスタッフ新着,沼津魚がし鮨 函南店,静岡県,"時給1,154円～1,200円",アルバイト・パート,飲食,求人ボックス,https://xn--pckua2a7gp15o89zb.com/jb/43f09953b0ee71170584fa672d638f8f,True,6時間前,2026-09-19 04:21:31,静岡県
介護施設の厨房新着,アモーレ駅南,静岡県,"時給1,154円～",アルバイト・パート,飲食,求人ボックス,https://xn--pckua2a7gp15o89zb.com/jb/dd0d4d7c80a18adc3cbb8d3da5ab1047,True,18時間前,2026-09-19 04:21:31,静岡県
「採用サポートデビュー!」／人事事務／研修あり／入社日相談OK／nO.803新着,スタッフ,静岡県,"月給28万7,000円",正社員,飲食,求人ボックス,https://xn--pckua2a7gp15o89zb.com/jbn/456760c0beaec0938b2a2ec72293a52e,True,11時間前,2026-09-19 04:21:31,静岡県
お寿司屋さんのホールスタッフ新着,沼津魚がし鮨 流れ鮨 沼津片浜店,静岡県,"時給1,154円～",アルバイト・パート,飲食,求人ボックス,https://xn--pckua2a7gp15o89zb.com/jb/4b2939de29fc2cece34f201675e8d176,True,6時間前,2026-09-19 04:21:35,静岡県
お寿司屋さんのホールスタッフ新着,沼津魚がし鮨 流れ鮨 御殿場店,静岡県,"時給1,250円～1,300円",アルバイト・パート,飲食,求人ボックス,https://xn--pckua2a7gp15o89zb.com/jb/6fb387662a2b19b766cae38b7d8402e0,True,6時間前,2026-09-19 04:21:35,静岡県
「PCサポート事務デビュー!」／IT事務／入社日相談OK／賞与あり／nO.783新着,スタッフ,静岡県,"月給28万8,000円",正社員,飲食,求人ボックス,https://xn--pckua2a7gp15o89zb.com/jbn/74e94fc96e166e30068381a32626b3d7,True,11時間前,2026-09-19 04:21:35,静岡県
テイクアウト中心のオープニングスタッフ新着,魔法のケーキ屋さん ぷるみえーる,静岡県,"時給1,250円～1,400円",アルバイト・パート,飲食,求人ボックス,https://xn--pckua2a7gp15o89zb.com/jb/84248d2c065bc0058e617c3440adb0ff,True,23時間前,2026-09-19 04:21:35,静岡県
お寿司屋さんのホールスタッフ新着,沼津魚がし鮨 流れ鮨 下土狩店,静岡県,"時給1,154円～",アルバイト・パート,飲食,求人ボックス,https://xn--pckua2a7gp15o89zb.com/jb/011cced45228fdf17e78177aca7a384c,True,6時間前,2026-09-19 04:21:35,静岡県
リゾートホテルの夕食盛付け・洗い場スタッフ新着,サンダンス・リゾート 伊豆高原ANNEX,静岡県,"時給1,300円",アルバイト・パート,飲食,求人ボックス,https://xn--pckua2a7gp15o89zb.com/jb/3f94cb8f9e9f1b0c73a23f8874536465,True,18時間前,2026-09-19 04:21:37,静岡県
20代～40代活躍中／小物製品の梱包作業／未経験者大歓迎／資格スキル不問／福利厚生充実／高時給新着,トランコムSC株式会社,静岡県,"時給1,450円～1,813円",派遣社員,飲食,求人ボックス,https://xn--pckua2a7gp15o89zb.com/jbn/a5df3a744cecee9d903ea5f684a3e990,True,23時間前,2026-09-19 04:21:37,静岡県
「応募者対応デビュー!」／人事事務／寮相談可／学歴不問／nO.291新着,スタッフ,静岡県,"月給26万3,000円",正社員,飲食,求人ボックス,https://xn--pckua2a7gp15o89zb.com/jbn/dbe12d4c722249e4b281d159db024ac3,True,10時間前,2026-09-19 04:21:37,静岡県
食品スーパーフィールのパン屋さんスタッフ新着,フィール 高丘店,静岡県,"時給1,154円～1,254円",アルバイト・パート,飲食,求人ボックス,https://xn--pckua2a7gp15o89zb.com/jb/07da4dae6cf54509f1616b21f96c5125,True,3時間前,2026-09-19 04:21:37,静岡県
「きれいに並ぶと、意外と気持ちいい。」サプリメントの箱詰め／経験・学歴不問／ji.695新着,スタッフ,静岡県,"月給31万5,000円",正社員,飲食,求人ボックス,https://xn--pckua2a7gp15o89zb.com/jbn/4e58e623a67c81671908b4ac7a4d43da,True,14時間前,2026-09-19 04:21:40,静岡県
「毎日見かけるあの商品を、自分の手で。」コンパクトミラーづくり／経験不問／ji.720新着,スタッフ,静岡県,"月給28万9,000円",正社員,飲食,求人ボックス,https://xn--pckua2a7gp15o89zb.com/jbn/d166e1d82a77cc5a3bedec836a6f3809,True,14時間前,2026-09-19 04:21:40,静岡県
食品スーパーフィールのパン屋さんスタッフ新着,フィール 初生店,静岡県,"時給1,154円～1,254円",アルバイト・パート,飲食,求人ボックス,https://xn--pckua2a7gp15o89zb.com/jb/0faaa0c509a75c2516db75c0e51df1f1,True,3時間前,2026-09-19 04:21:40,静岡県
「毎日見かけるあの商品を、自分の手で。」ヘアオイルづくり／経験不問／ji.709新着,スタッフ,静岡県,"月給34万9,000円",正社員,飲食,求人ボックス,https://xn--pckua2a7gp15o89zb.com/jbn/1978927c945e2f5ad1187f32682fbc55,True,14時間前,2026-09-19 04:21:40,静岡県
「まだ間に合う!」未経験からできる一般事務／研修充実／年間休日125日以上新着,株式会社Light BROTHERS,静岡県,月給25万円～40万円,正社員,飲食,求人ボックス,https://xn--pckua2a7gp15o89zb.com/jb/106318904864ddf97693a936678efe98,True,19時間前,2026-09-19 04:21:40,静岡県
御前崎市／「即入寮OK・寮費0円」業務用冷蔵庫部品の組立・検査／日払いあり／赴任旅費支給新着,株式会社サジェスト,静岡県,"月給29万3,000円",正社員,飲食,求人ボックス,https://xn--pckua2a7gp15o89zb.com/jb/8b483ccc316536d765e67777d919a484,True,7時間前,2026-09-19 04:21:40,静岡県
決済関連の小型機器製造／未経験OK新着,株式会社ファイアワークス,静岡県,"月給27万5,000円",正社員,飲食,求人ボックス,https://xn--pckua2a7gp15o89zb.com/jb/a94c6f5e796409abc81ca7ef3b34a921,True,9時間前,2026-09-19 04:21:40,静岡県
介護職／未経験OK／季節イベント・レク運営／昇給あり新着,株式会社ピー・アイ・エス ほのか寺方,大阪府,月給19万円～25万円,正社員,介護,求人ボックス,https://xn--pckua2a7gp15o89zb.com/jbn/4a7b95ac7cfdd8ab496ed8e645c474d8,True,12時間前,2026-09-19 04:21:36,大阪府
介護職・ヘルパー／特別養護老人ホームで勤務!20代～30代活躍中新着,株式会社ベネッセキャリオス,大阪府,"時給1,550円",派遣社員,介護,求人ボックス,https://xn--pckua2a7gp15o89zb.com/jbn/b7daf01fab3de0ca3dd5997866ab6909,True,21時間前,2026-09-19 04:21:36,大阪府
グループホームでの介護職／年間休日117日以上／福利厚生が充実新着,株式会社レガート,大阪府,月給28万円～,正社員,介護,求人ボックス,https://xn--pckua2a7gp15o89zb.com/jb/31a7d752a1ae54c4e6db6f70ce3f8309,True,6時間前,2026-09-19 04:21:36,大阪府
20-50代活躍中!／有料老人ホームの介護職／未経験からスタート可能新着,介護職,大阪府,月給19万円～25万円,正社員,介護,求人ボックス,https://xn--pckua2a7gp15o89zb.com/jb/af1c8941b44b93f5ef52b39a50062a53,True,21時間前,2026-09-19 04:21:36,大阪府
20-50代活躍中!／有料老人ホームの介護職／研修・サポート体制あり!新着,介護職,大阪府,月給19万円～25万円,正社員,介護,求人ボックス,https://xn--pckua2a7gp15o89zb.com/jb/157560da82118399b6073146c6ca0355,True,21時間前,2026-09-19 04:21:37,大阪府
20-50代活躍中!／グループホームの介護職／未経験からスタート可能新着,介護職,大阪府,"時給1,324円～1,350円",アルバイト・パート,介護,求人ボックス,https://xn--pckua2a7gp15o89zb.com/jb/3877aa69961a5869afd4e62ce391c9a1,True,21時間前,2026-09-19 04:21:37,大阪府
介護職／残業少なめ／食事介助・服薬サポート／賞与あり／未経験者歓迎新着,株式会社シニアスタイル シニアスタイル西宮北口,大阪府,"時給1,260円～1,375円",アルバイト・パート,介護,求人ボックス,https://xn--pckua2a7gp15o89zb.com/jbn/3dca6a8e1c1a4f1336a6a25ff4c08e42,True,12時間前,2026-09-19 04:21:37,大阪府
介護職／未経験OK・残業ほぼなし／状態に合わせた生活ケア／賞与あり新着,株式会社エメラルドの郷 プレタ門真五月田町,大阪府,"月給30万4,000円",正社員,介護,求人ボックス,https://xn--pckua2a7gp15o89zb.com/jbn/17d9d12bb8336f360648f6dfd9f5cdb1,True,12時間前,2026-09-19 04:21:41,大阪府
20-50代活躍中!／介護付き有料老人ホームの介護職／利用者さまにじっ...新着,介護,大阪府,"月給23万9,800円",正社員,介護,求人ボックス,https://xn--pckua2a7gp15o89zb.com/jb/11f303a0714a245ffcef47bcb401db99,True,21時間前,2026-09-19 04:21:41,大阪府
20-50代活躍中!／特別養護老人ホームの介護職／働きやすさを大切にし...新着,介護職,大阪府,月給21万333円,正社員,介護,求人ボックス,https://xn--pckua2a7gp15o89zb.com/jb/d26c74a1931c2a45566e8183f51b67a3,True,21時間前,2026-09-19 04:21:45,大阪府
20-50代活躍中!／サービス付き高齢者向け住宅の介護職／サ高住で一人...新着,介護・,大阪府,月給24万円～27万円,正社員,介護,求人ボックス,https://xn--pckua2a7gp15o89zb.com/jb/2dcfc1680f84629c0960fb574bc6f036,True,21時間前,2026-09-19 04:21:45,大阪府
20-50代活躍中!／サービス付き高齢者向け住宅の介護職／未経験からス...新着,介護職,大阪府,"時給1,260円～1,375円",アルバイト・パート,介護,求人ボックス,https://xn--pckua2a7gp15o89zb.com/jb/9827b4dc2830822d376a7be2b396de5d,True,21時間前,2026-09-19 04:21:48,大阪府
20-50代活躍中!／グループホームの介護職／資格を活かして新しい一歩...新着,介護職,大阪府,"時給1,260円～1,375円",アルバイト・パート,介護,求人ボックス,https://xn--pckua2a7gp15o89zb.com/jb/4aa8b3c4245aa8e3709f8cd239b7f090,True,21時間前,2026-09-19 04:21:48,大阪府
20-50代活躍中!／有料老人ホームの介護職／未経験からスタート可能新着,介護職,大阪府,"月給30万4,000円",正社員,介護,求人ボックス,https://xn--pckua2a7gp15o89zb.com/jb/ad20f38edad55ea8c97c358a9a58a617,True,21時間前,2026-09-19 04:21:48,大阪府
介護職／賞与年2回／残業少なめ／車通勤OK／未経験から始められる新着,介護職,大阪府,"月給23万9,800円",正社員,介護,求人ボックス,https://xn--pckua2a7gp15o89zb.com/jbn/fa6f3f4e65873efc77b59d036227f30e,True,12時間前,2026-09-19 04:21:48,大阪府
介護職／起床・就寝時の介助／ブランクOK／交通費全額支給／日勤勤務新着,株式会社クオレ グループホーム花しょうぶ,大阪府,"時給1,324円～1,350円",アルバイト・パート,介護,求人ボックス,https://xn--pckua2a7gp15o89zb.com/jbn/334f8f19d2ca84b93e53e6f9ab2de13b,True,12時間前,2026-09-19 04:21:51,大阪府
20-50代活躍中!／グループホームの介護職／研修・サポート体制あり新着,介護職,大阪府,"月給23万9,800円",正社員,介護,求人ボックス,https://xn--pckua2a7gp15o89zb.com/jb/fd6de3b595ebd9615c0f6e7a20646752,True,21時間前,2026-09-19 04:21:51,大阪府
20-50代活躍中!／住宅型有料老人ホームの介護職／残業ほぼなし!新着,介護職,大阪府,"月給26万5,500円",契約社員,介護,求人ボックス,https://xn--pckua2a7gp15o89zb.com/jb/2432215f6175264ffaaf1381dc7f4568,True,21時間前,2026-09-19 04:21:51,大阪府
デイサービスの介護職／入浴介助中心新着,アビリティーズ・ケアネット株式会社,大阪府,"時給1,320円～1,420円",アルバイト・パート,介護,求人ボックス,https://xn--pckua2a7gp15o89zb.com/jb/9770418c2186ecd999ef81f93f4a727b,True,20時間前,2026-09-19 04:21:55,大阪府
20-50代活躍中!／デイサービスの介護職／資格を活かして新しい一歩を新着,介護職,大阪府,"月給24万3,000円",正社員,介護,求人ボックス,https://xn--pckua2a7gp15o89zb.com/jb/22ae951cadbf45f955e69b8e94c82a1b,True,21時間前,2026-09-19 04:21:55,大阪府
介護職／未経験OK・日勤のみOK／ご家族との連携・相談／残業ほぼなし新着,社会福祉法人慶生会 瑞光苑デイサービスセンター,大阪府,"月給24万3,000円",正社員,介護,求人ボックス,https://xn--pckua2a7gp15o89zb.com/jbn/eb0e3cdde5bbe66ab8ff77f14b59c118,True,11時間前,2026-09-19 04:21:55,大阪府
20-50代活躍中!／住宅型有料老人ホームの介護職／研修・サポート体制...新着,介護職,大阪府,"月給25万5,000円",契約社員,介護,求人ボックス,https://xn--pckua2a7gp15o89zb.com/jb/43267e8b58c5a3b89bd7b0da5c5c5d03,True,21時間前,2026-09-19 04:21:58,大阪府
20-50代活躍中!／サービス付き高齢者向け住宅の介護職／利用者さまの...新着,介護・,大阪府,"月給23万1,000円",正社員,介護,求人ボックス,https://xn--pckua2a7gp15o89zb.com/jb/dcbf03595bb3434c3d37b68c09f2bfd8,True,21時間前,2026-09-19 04:21:58,大阪府
20-50代活躍中!／介護老人保健施設の介護職／研修・サポート体制あり新着,介護,大阪府,"月給16万5,000円",正社員,介護,求人ボックス,https://xn--pckua2a7gp15o89zb.com/jb/65490c7152c66f6027f2cd66bda8242a,True,21時間前,2026-09-19 04:21:58,大阪府
20-50代活躍中!／介護付き有料老人ホームの介護職／研修新着,介護,大阪府,"時給1,220円～1,335円",アルバイト・パート,介護,求人ボックス,https://xn--pckua2a7gp15o89zb.com/jb/6e8c7020252f6c3fc7aed421f71d46c7,True,21時間前,2026-09-19 04:21:58,大阪府
20-50代活躍中!／高齢者向け住宅の介護職／未経験からスタート可能新着,介護職,大阪府東大阪市の高齢者向け住宅,"月給23万2,000円",正社員,介護,求人ボックス,https://xn--pckua2a7gp15o89zb.com/jb/95ed4cdeb64d6f801e72d2c8b578cb94,True,21時間前,2026-09-19 04:22:01,大阪府
介護職／週休2日制／未経験から始めやすい／賞与あり／体調確認新着,アソーク株式会社 住宅型有料老人ホーム ランドマ...,大阪府,"月給25万5,000円",契約社員,介護,求人ボックス,https://xn--pckua2a7gp15o89zb.com/jbn/f5b5bee03fe9c066d7ddde6b5b82abd3,True,11時間前,2026-09-19 04:22:01,大阪府
20-50代活躍中!／住宅型有料老人ホームの介護職／ケアにしっかり向き...新着,介護,大阪府,"月給22万2,000円",正社員,介護,求人ボックス,https://xn--pckua2a7gp15o89zb.com/jb/54447dd858a324d8e9e69430ba4119f2,True,21時間前,2026-09-19 04:22:01,大阪府
20-50代活躍中!／特別養護老人ホームの介護職／利用者さまの“その人...新着,介護,大阪府,"月給19万7,736円",正社員,介護,求人ボックス,https://xn--pckua2a7gp15o89zb.com/jb/78af227e6b07036b2ae66752dd96bd42,True,21時間前,2026-09-19 04:22:01,大阪府
20-50代活躍中!／訪問介護の介護職／働きやすさを大切にしたい方へ新着,介護,大阪府,"月給25万1,000円",正社員,介護,求人ボックス,https://xn--pckua2a7gp15o89zb.com/jb/d1659954763e8a3ebc52bade54950c4d,True,21時間前,2026-09-19 04:22:05,大阪府
20-50代活躍中!／特別養護老人ホームの介護職／残業ほぼなし新着,介護,大阪府,"月給19万7,736円",正社員,介護,求人ボックス,https://xn--pckua2a7gp15o89zb.com/jb/89855b5da078c87273367d5c79f8e43d,True,21時間前,2026-09-19 04:22:05,大阪府
認定こども園の保育士新着,社会福祉法人八尾隣保館,大阪府,"月給22万4,500円",正社員,保育,求人ボックス,https://xn--pckua2a7gp15o89zb.com/jb/602d04a3762ee5151bfb5d8774edd371,True,12時間前,2026-09-19 04:21:43,大阪府
豊中市の保育士／認可保育園での派遣保育士／保育補助・フリー業務／週5日新着,グッドネクスト,大阪府,"時給1,500円",派遣社員,保育,求人ボックス,https://xn--pckua2a7gp15o89zb.com/jb/11928e46a6b54d5198c7c7b2564376a9,True,23時間前,2026-09-19 04:21:43,大阪府
保育士新着,スクルドエンジェル保育園 池田駅前園,大阪府,"時給1,300円～1,330円",アルバイト・パート,保育,求人ボックス,https://xn--pckua2a7gp15o89zb.com/jb/25fa8511d7fc6e2e04ff34d9041da7ed,True,4時間前,2026-09-19 04:21:44,大阪府
保育士新着,アートチャイルドケア東淀川,大阪府,"時給1,280円～1,920円",アルバイト・パート,保育,求人ボックス,https://xn--pckua2a7gp15o89zb.com/jb/c384396accbf85712a70e70d2fefc90c,True,4時間前,2026-09-19 04:21:44,大阪府
保育士新着,ヤクルト高槻東保育所,大阪府,"時給1,177円",アルバイト・パート,保育,求人ボックス,https://xn--pckua2a7gp15o89zb.com/jb/e397a19c276a71474dc6e280e17ed17a,True,4時間前,2026-09-19 04:21:47,大阪府
保育士新着,ヤクルト桜ノ宮保育所,大阪府,"時給1,177円",アルバイト・パート,保育,求人ボックス,https://xn--pckua2a7gp15o89zb.com/jb/ba461abed934d4e66b72515fd004c3e9,True,4時間前,2026-09-19 04:21:47,大阪府
保育士新着,ユメミ,大阪府,"時給1,500円～1,700円",アルバイト・パート,保育,求人ボックス,https://xn--pckua2a7gp15o89zb.com/jb/e202d0be810fab99d3c899df3c63bd99,True,4時間前,2026-09-19 04:21:50,大阪府
保育士新着,きらら保育所,大阪府,"時給1,230円",アルバイト・パート,保育,求人ボックス,https://xn--pckua2a7gp15o89zb.com/jb/edb4b9ff18c31ffe54fc0b95fca3ee76,True,4時間前,2026-09-19 04:21:50,大阪府
保育士新着,ゆめ中央保育園,大阪府,"時給1,340円",正社員,保育,求人ボックス,https://xn--pckua2a7gp15o89zb.com/jb/d6f42126278a67175c575295d3ae73a1,True,4時間前,2026-09-19 04:21:50,大阪府
保育士新着,道明寺どろんこ保育園,大阪府,"時給1,330円～1,930円",アルバイト・パート,保育,求人ボックス,https://xn--pckua2a7gp15o89zb.com/jb/b73fd007f19096f5905d3f601695cf5f,True,4時間前,2026-09-19 04:21:53,大阪府
保育士新着,音楽&リズム あなたが宝モノ 貝塚王子教室,大阪府,"時給1,300円～1,733円",アルバイト・パート,保育,求人ボックス,https://xn--pckua2a7gp15o89zb.com/jb/776c3c48f315e157026f4c5a99f9e5f9,True,4時間前,2026-09-19 04:21:57,大阪府
保育士新着,西大阪保育園,大阪府,"時給1,300円～1,450円",アルバイト・パート,保育,求人ボックス,https://xn--pckua2a7gp15o89zb.com/jb/3115f05f3ed44fd311d13bcd93f931a4,True,4時間前,2026-09-19 04:22:03,大阪府
保育士新着,かいせいプチ保育園 小野原園,大阪府,"時給1,270円",アルバイト・パート,保育,求人ボックス,https://xn--pckua2a7gp15o89zb.com/jb/0686b4af02c2252722c2ce5e9e0eb922,True,4時間前,2026-09-19 04:22:03,大阪府
保育士新着,あいある保育園,大阪府,"時給1,280円～1,500円",アルバイト・パート,保育,求人ボックス,https://xn--pckua2a7gp15o89zb.com/jb/f84875208833955abb09d4e56755edc6,True,4時間前,2026-09-19 04:22:03,大阪府
保育士新着,大阪愛徳幼稚園,大阪府,"時給1,400円",アルバイト・パート,保育,求人ボックス,https://xn--pckua2a7gp15o89zb.com/jb/bd1d8580e9264546464cde9e3145f35d,True,4時間前,2026-09-19 04:22:06,大阪府
保育士新着,パルス薬局,大阪府,"時給1,600円",正社員,保育,求人ボックス,https://xn--pckua2a7gp15o89zb.com/jb/54dfe18767328a6c43c59b684408ad20,True,4時間前,2026-09-19 04:22:06,大阪府
保育士新着,児童発達支援・放課後等デイサービスちえのわ 西三荘,大阪府,"時給1,310円",アルバイト・パート,保育,求人ボックス,https://xn--pckua2a7gp15o89zb.com/jb/b0fccff7991da613e991323378559767,True,4時間前,2026-09-19 04:22:06,大阪府
保育士新着,児童発達支援・放課後等デイサービス chouch...,大阪府,"時給1,500円",アルバイト・パート,保育,求人ボックス,https://xn--pckua2a7gp15o89zb.com/jb/d3813dfe8c853a5fcbb596cefe35babf,True,4時間前,2026-09-19 04:22:09,大阪府
保育士新着,ひかり保育園,大阪府,"時給1,177円",アルバイト・パート,保育,求人ボックス,https://xn--pckua2a7gp15o89zb.com/jb/ee6a4ffe1434b7c3a5afdc2721af2b21,True,4時間前,2026-09-19 04:22:09,大阪府
医療事務新着,社会医療法人蒼生会 蒼生病院,大阪府,"月給21万4,500円",正社員,医療事務,求人ボックス,https://xn--pckua2a7gp15o89zb.com/jb/cbd9be18a6c3869379d9a1b8390ea831,True,21時間前,2026-09-19 04:21:39,大阪府
診療をサポートする医療事務スタッフ新着,医療法人晴朗会,大阪府,月給21万円～23万円,正社員,医療事務,求人ボックス,https://xn--pckua2a7gp15o89zb.com/jb/b2a33bc3f45c789a4e5aec1460c842c2,True,22時間前,2026-09-19 04:21:39,大阪府
医療事務募集新着,医療法人秀明会 杉浦こころのクリニック,大阪府,"時給1,300円～",アルバイト・パート,医療事務,求人ボックス,https://xn--pckua2a7gp15o89zb.com/jb/75308c67fe02c98639afc29869833f73,True,7時間前,2026-09-19 04:21:40,大阪府
受付・医療事務新着,石井クリニック,大阪府,"時給1,200円",アルバイト・パート,医療事務,求人ボックス,https://xn--pckua2a7gp15o89zb.com/jb/53548ee6305e33223fc852280db5d7a2,True,18時間前,2026-09-19 04:21:40,大阪府
医療事務／受付・社会保険完備の職場で医療事務／受付新着,江坂まつおか眼科,大阪府,"時給1,300円～1,600円",正社員,医療事務,求人ボックス,https://xn--pckua2a7gp15o89zb.com/jb/f9cf7b20f5c813616c142f8c30da9c93,True,6時間前,2026-09-19 04:21:44,大阪府
医療事務・検査補助・無資格可の医療事務／受付新着,鉄砲町アイクリニック,大阪府,"時給1,300円～",アルバイト・パート,医療事務,求人ボックス,https://xn--pckua2a7gp15o89zb.com/jb/f8fed45da0076162f225bd808666f6e7,True,6時間前,2026-09-19 04:21:44,大阪府
医療事務募集新着,塚本眼科クリニック,大阪府,月給23万円～25万円,正社員,医療事務,求人ボックス,https://xn--pckua2a7gp15o89zb.com/jb/59f86b5ae37e6625122bd359fcb47c00,True,6時間前,2026-09-19 04:21:44,大阪府
医療事務・社会保険完備の職場で医療事務／受付新着,とりい内科クリニック,大阪府,月給20万円～,正社員,医療事務,求人ボックス,https://xn--pckua2a7gp15o89zb.com/jb/0c914dda7698480c196218bdf7511ed2,True,6時間前,2026-09-19 04:21:44,大阪府
医療事務 受付・クラーク新着,松下診療所,大阪府,"時給1,240円～1,340円",アルバイト・パート,医療事務,求人ボックス,https://xn--pckua2a7gp15o89zb.com/jb/df42781ffce556cbd4f27e979f9ea0ef,True,1時間前,2026-09-19 04:21:47,大阪府
医療事務／スギ薬局 天王寺駅前店新着,株式会社スギ薬局,大阪府,"時給1,200円～1,265円",アルバイト・パート,医療事務,求人ボックス,https://xn--pckua2a7gp15o89zb.com/jb/7eb12c5626d1304a66193f4f770815cc,True,5時間前,2026-09-19 04:21:47,大阪府
医療事務 受付・クラーク新着,貴生病院,大阪府,"月給21万5,000円",正社員,医療事務,求人ボックス,https://xn--pckua2a7gp15o89zb.com/jb/a0fc4af7fc712aa6f75015b6c0ddc68b,True,1時間前,2026-09-19 04:21:51,大阪府
大阪府大阪市中央区の医療事務／医療法人 栗山クリニック新着,医療法人栗山クリニック,大阪府大阪市中央区の医療事務／医療法人,月給23万円～26万円,正社員,医療事務,求人ボックス,https://xn--pckua2a7gp15o89zb.com/jb/2cb7f92f2cb93196dbf6daec9d2fb1a4,True,4時間前,2026-09-19 04:21:54,大阪府
大阪府大阪市旭区の医療事務・訪問診療同行スタッフ新着,医療法人ぼちぼち会 おく内科・在宅クリニック,大阪府大阪市旭区の医療事務・訪問診療同行スタッフ,"月給21万9,000円",正社員,医療事務,求人ボックス,https://xn--pckua2a7gp15o89zb.com/jb/8e7a7ea0d2a3041739b834b3f447d56d,True,3時間前,2026-09-19 04:21:54,大阪府
大阪府大阪市北区の医療事務部門 主任新着,医療法人一樹会 大阪ニューアートクリニック,大阪府大阪市北区の医療事務部門,月給30万円,正社員,医療事務,求人ボックス,https://xn--pckua2a7gp15o89zb.com/jb/6083aa5a85cd073bc3b879149d33567f,True,4時間前,2026-09-19 04:21:54,大阪府
医療事務／クリニック新着,医療法人彰樹会 坂谷クリニック,大阪府,"時給1,300円～1,310円",アルバイト・パート,医療事務,求人ボックス,https://xn--pckua2a7gp15o89zb.com/jb/53d808f5ee7fa860d35b18e0ca8e5605,True,22時間前,2026-09-19 04:21:57,大阪府
大阪府大阪市淀川区の皮膚科・美容皮膚科・皮膚外科での医療事務新着,アン皮膚科クリニック,大阪府大阪市淀川区の皮膚科・美容皮膚科・皮膚外科での医療事務,"時給1,250円",,医療事務,求人ボックス,https://xn--pckua2a7gp15o89zb.com/jb/85a8317bec20af6b75be86ec04a164e7,True,5時間前,2026-09-19 04:22:00,大阪府
大阪府和泉市の介護・医療事務／有限会社 第一ケアサービス新着,有限会社第一ケアサービス,大阪府和泉市の介護・医療事務／有限会社,月給22万円～25万円,正社員,医療事務,求人ボックス,https://xn--pckua2a7gp15o89zb.com/jb/e8a4cdfa41382c1f7a9c7cf51b2c3397,True,3時間前,2026-09-19 04:22:00,大阪府
大阪府和泉市の医療事務新着,医療法人佑拓会 いずみクリニック,大阪府和泉市の医療事務,"月給20万2,500円",正社員,医療事務,求人ボックス,https://xn--pckua2a7gp15o89zb.com/jb/49f73ca5dc3015ec11d3e9a6e29c3537,True,3時間前,2026-09-19 04:22:00,大阪府
大阪府泉北郡忠岡町の医療事務新着,中川クリニック,大阪府泉北郡忠岡町の医療事務,"時給1,250円",,医療事務,求人ボックス,https://xn--pckua2a7gp15o89zb.com/jb/8e672ab986987b98f36db12312bfdb49,True,4時間前,2026-09-19 04:22:00,大阪府
大阪府東大阪市の医療事務新着,ほかり皮ふ・形成外科クリニック,大阪府東大阪市の医療事務,月給22万円,正社員,医療事務,求人ボックス,https://xn--pckua2a7gp15o89zb.com/jb/2c8930353dfff27019ce5dd455a51ddd,True,5時間前,2026-09-19 04:22:00,大阪府
大阪府堺市堺区の医療事務／みなとファミリークリニック／医療法人新着,医療法人若草ファミリークリニック,大阪府堺市堺区の医療事務／みなとファミリークリニック／医療法人,"月給20万1,900円",正社員,医療事務,求人ボックス,https://xn--pckua2a7gp15o89zb.com/jb/98f14a5562dceb34673293fe3970a89b,True,5時間前,2026-09-19 04:22:00,大阪府
大阪府大阪市平野区の医療事務・受付／医療法人 山内診療所新着,医療法人山内診療所,大阪府大阪市平野区の医療事務・受付／医療法人,"時給1,250円～1,400円",,医療事務,求人ボックス,https://xn--pckua2a7gp15o89zb.com/jb/989819d67e5200d69b7f77c375e7dcd3,True,4時間前,2026-09-19 04:22:05,大阪府
大阪府大阪市住吉区の医療事務／医療法人 こどもクリニック 森新着,医療法人こどもクリニック 森,大阪府大阪市住吉区の医療事務／医療法人,"時給1,400円～1,600円",,医療事務,求人ボックス,https://xn--pckua2a7gp15o89zb.com/jb/27eb3c15ae460dd72409a1a7080397b2,True,4時間前,2026-09-19 04:22:05,大阪府
医療事務+ 受付・案内業務新着,株式会社リクルートスタッフィング,大阪府,"時給1,410円～",派遣社員,医療事務,求人ボックス,https://xn--pckua2a7gp15o89zb.com/jb/a8129cf66f0a962dfbb22e07fd7108bd,True,19時間前,2026-09-19 04:22:05,大阪府
大阪府大阪市淀川区の受付、医療事務／医療法人 緒方会／緒方会クリニック新着,医療法人緒方会,大阪府大阪市淀川区の受付、医療事務／医療法人,"時給1,300円～1,400円",アルバイト,医療事務,求人ボックス,https://xn--pckua2a7gp15o89zb.com/jb/0d882dc03f7b040f7ea6598b988c79cc,True,5時間前,2026-09-19 04:22:05,大阪府
大阪府和泉市の医療事務・受付新着,かんばらクリニック,大阪府和泉市の医療事務・受付,"時給1,250円～1,300円",アルバイト,医療事務,求人ボックス,https://xn--pckua2a7gp15o89zb.com/jb/e56943765c1e49c7379c1a2b302e1afc,True,4時間前,2026-09-19 04:22:08,大阪府
レセプト経験いかせる!総合病院で医療事務新着,マンパワーグループ株式会社,大阪府,"時給1,500円",派遣社員,医療事務,求人ボックス,https://xn--pckua2a7gp15o89zb.com/jb/eebd07e324418cef2aecd7ca2ab427e1,True,7時間前,2026-09-19 04:22:08,大阪府
総合病院で医療事務新着,ヒューマンリソシア株式会社,大阪府,"時給1,300円",派遣社員,医療事務,求人ボックス,https://xn--pckua2a7gp15o89zb.com/jb/7070668d1d7e2c0089b51004663735b2,True,8時間前,2026-09-19 04:22:08,大阪府
美容師スタッフ新着,アイビ株式会社,大阪府,"時給1,215円～3,000円",アルバイト・パート,美容,求人ボックス,https://xn--pckua2a7gp15o89zb.com/jb/c8b39e99b81d34e0acbb028a549b8859,True,6時間前,2026-09-19 04:22:08,大阪府
カット専門の美容師・理容師／しっかり休める／カット専門新着,QBHOUSE／ロジスカットスクール大阪校,大阪府,月給24万円～,正社員,美容,求人ボックス,https://xn--pckua2a7gp15o89zb.com/jbn/a0ed9f818f1706dd1b42aae6a38a8e39,True,23時間前,2026-09-19 04:22:08,大阪府
未経験可の美容師新着,うなじ矯正専門店ミース 高槻店,大阪府,"時給1,300円～",アルバイト・パート,美容,求人ボックス,https://xn--pckua2a7gp15o89zb.com/jb/43460f78f18407f404aa4edf9b0c7f87,True,6時間前,2026-09-19 04:22:09,大阪府
美容師アシスタント／美容プラージュ新着,PLAGEグループ,大阪府,"時給1,250円",アルバイト・パート,美容,求人ボックス,https://xn--pckua2a7gp15o89zb.com/jb/63982e13d82433875b16db53ee80c8c8,True,5時間前,2026-09-19 04:22:13,大阪府
大阪府大阪市阿倍野区の美容師／技術者・福祉施設への訪問理美容サービスス...新着,きれい館株式会社,大阪府大阪市阿倍野区の美容師／技術者・福祉施設への訪問理美容サービスス...,月給25万円～30万円,正社員,美容,求人ボックス,https://xn--pckua2a7gp15o89zb.com/jb/de64b20a674c7063ca9b7b4c5e838482,True,3時間前,2026-09-19 04:22:17,大阪府
美容師／アシスタント／グランツ新着,株式会社Lucia,大阪府,"時給1,300円",アルバイト・パート,美容,求人ボックス,https://xn--pckua2a7gp15o89zb.com/jb/663dc149c9fff0a25146053b8b580685,True,4時間前,2026-09-19 04:22:20,大阪府
大阪府和泉市の美容師スタイリスト・アシスタント新着,ビヨウシツトリコ,大阪府和泉市の美容師スタイリスト・アシスタント,"時給1,231円～1,500円",アルバイト,美容,求人ボックス,https://xn--pckua2a7gp15o89zb.com/jb/ff2a9a5e5e0abaa5c27e3ed8bc58de7b,True,5時間前,2026-09-19 04:22:23,大阪府
大阪府大阪市淀川区の美容師スタイリスト／1日5h程度・週2日～OK!新着,ジョイ・ボックス,大阪府大阪市淀川区の美容師スタイリスト／1日5h程度・週2日～OK!,"時給1,250円～1,500円",パート,美容,求人ボックス,https://xn--pckua2a7gp15o89zb.com/jb/6a9d8849f586cc8a7e6c6eda0ff67930,True,4時間前,2026-09-19 04:22:26,大阪府
美容師／スタッフ／スロウ新着,Slow,大阪府,月給23万円～45万円,正社員,美容,求人ボックス,https://xn--pckua2a7gp15o89zb.com/jb/36aeef2d82ab872a7f5cc1029011dc8b,True,4時間前,2026-09-19 04:22:26,大阪府
レギュラースタイリスト新着,HAIR SALON Best 大阪徳庵店,大阪府,"時給1,300円～1,600円",アルバイト・パート,美容,求人ボックス,https://xn--pckua2a7gp15o89zb.com/jb/bd04d8aa8fe8aa3bc9ff710b59a975e4,True,7時間前,2026-09-19 04:22:30,大阪府
カットスタイリスト新着,HAIR SALON Best 大阪枚方藤阪店,大阪府,"時給1,240円～1,600円",アルバイト・パート,美容,求人ボックス,https://xn--pckua2a7gp15o89zb.com/jb/6c17d27bccaa248616ed7bbaa3dbe437,True,7時間前,2026-09-19 04:22:30,大阪府
事務スタッフ／充実の研修で安心スタート!／ブランクOK／マニュアル完備／福利厚生充実新着,実際に、コンビニの店員、倉庫内軽作業、,大阪府,月給20万500円,正社員,美容,求人ボックス,https://xn--pckua2a7gp15o89zb.com/jbn/5f4119bf951e36960023a56b09b75401,True,7時間前,2026-09-19 04:22:30,大阪府
デスクワーク／充実の研修で安心スタート!／未経験OK／完全週休2日制／教育体制あり新着,実際に、コンビニの店員、倉庫内軽作業、,大阪府,"月給21万5,500円",正社員,美容,求人ボックス,https://xn--pckua2a7gp15o89zb.com/jbn/780953af4cd04fcc276a703eb9b50863,True,8時間前,2026-09-19 04:22:30,大阪府
オフィススタッフ／職種未経験歓迎／充実の研修で安心スタート!／教育体制あり新着,実際に、コンビニの店員、倉庫内軽作業、,大阪府,月給23万500円,正社員,美容,求人ボックス,https://xn--pckua2a7gp15o89zb.com/jbn/5767e4c30b13daa0bd064b053fba8bfb,True,7時間前,2026-09-19 04:22:34,大阪府
フルリモート／未経験可／一般事務／年休125日以上新着,職種・業界未経験歓迎→大体の方が未経験からスタートしてます! 前職は様々→飲食店、,大阪府,"月給22万7,000円",正社員,美容,求人ボックス,https://xn--pckua2a7gp15o89zb.com/jbn/004a621f2551fc392caede5695f08629,True,12時間前,2026-09-19 04:22:37,大阪府
フルリモート／未経験可／データ入力／年休125日以上新着,職種・業界未経験歓迎→大体の方が未経験からスタートしてます! 前職は様々→飲食店、,大阪府,"月給24万2,400円",正社員,美容,求人ボックス,https://xn--pckua2a7gp15o89zb.com/jbn/dc1fbef99ca429dc5b7c55821bb32faa,True,13時間前,2026-09-19 04:22:37,大阪府
完全在宅／データ入力／未経験OK／月給22万～新着,飲食店、,大阪府,月給22万～,正社員,美容,求人ボックス,https://xn--pckua2a7gp15o89zb.com/jbn/5bb7bc64a6ee0a9b52c08de62fca73df,True,8時間前,2026-09-19 04:22:37,大阪府
住宅型サ高住・施設の窓口対応や一般事務、人事・総務のサポート新着,株式会社Any くおん東大阪 ～空音～,大阪府,"時給1,180円～1,300円",アルバイト・パート,事務,求人ボックス,https://xn--pckua2a7gp15o89zb.com/jb/782c82f91f5d6290d54effa87d4dd693,True,21時間前,2026-09-19 04:22:12,大阪府
事務職／一般事務／服装・髪型自由／賞与・昇給あり／未経験歓迎／ネイル新着,事務,大阪府,"月給22万3,000円",正社員,事務,求人ボックス,https://xn--pckua2a7gp15o89zb.com/jbn/8dae028ea2f0a107de98c9962f72f050,True,6時間前,2026-09-19 04:22:12,大阪府
一般事務新着,株式会社ドリームフーズ,大阪府,"月給23万4,300円",正社員,事務,求人ボックス,https://xn--pckua2a7gp15o89zb.com/jb/09ee9d8cc5253449c9777e6dc08efd14,True,18時間前,2026-09-19 04:22:13,大阪府
事務職／一般事務／未経験から安心スタート／家庭と両立できる職場新着,事務,大阪府,"月給22万4,000円",正社員,事務,求人ボックス,https://xn--pckua2a7gp15o89zb.com/jbn/78c9bf86d71657dfedb7e4f1b8d2357a,True,5時間前,2026-09-19 04:22:17,大阪府
一般事務業務／収入重視の方にもおすすめの時給1400円案件新着,株式会社テクノ・サービス,大阪府,時給1400円,派遣社員,事務,求人ボックス,https://xn--pckua2a7gp15o89zb.com/jbn/a10c5506b0138cfafbff1b4edb5602dd,True,20時間前,2026-09-19 04:22:17,大阪府
「はじめての事務デビュー!」／一般事務／入社日相談OK／賞与あり新着,一般事務,大阪府,"月給26万2,000円",正社員,事務,求人ボックス,https://xn--pckua2a7gp15o89zb.com/jbn/343420ceb5abbea9c25d030da766b8e9,True,11時間前,2026-09-19 04:22:20,大阪府
事務職／一般事務／30代未経験歓迎／育休取得実績あり／駅近勤務で通勤便...新着,一般事務,大阪府,月給20万円～50万円,正社員,事務,求人ボックス,https://xn--pckua2a7gp15o89zb.com/jbn/dd2686de8a553e226828ada4f4cfadb3,True,6時間前,2026-09-19 04:22:23,大阪府
「20代から事務デビュー!」／一般事務／20代活躍中／入社日相談OK新着,一般事務,大阪府,"月給29万3,000円",正社員,事務,求人ボックス,https://xn--pckua2a7gp15o89zb.com/jbn/a2dab91be0b057309593be5c1f9c73a8,True,11時間前,2026-09-19 04:22:23,大阪府
「20代から事務デビュー!」／一般事務／20代活躍中／交通費支給新着,一般事務,大阪府,"月給27万6,000円",正社員,事務,求人ボックス,https://xn--pckua2a7gp15o89zb.com/jbn/b68395559347bb71080782a75e2357f0,True,11時間前,2026-09-19 04:22:23,大阪府
事務職／一般事務／ネイル・ピアス自由／産休育休あり／ワークライフバラン...新着,営業,大阪府,"月給22万5,000円",正社員,事務,求人ボックス,https://xn--pckua2a7gp15o89zb.com/jbn/6a318b5ad71faf547b574dcd027a7420,True,5時間前,2026-09-19 04:22:27,大阪府
「座って事務デビュー!」／一般事務／正社員採用／学歴不問／nO.510新着,一般事務,大阪府,"月給26万7,000円",正社員,事務,求人ボックス,https://xn--pckua2a7gp15o89zb.com/jbn/246918f71f145702517ad6df0359e496,True,11時間前,2026-09-19 04:22:27,大阪府
障がい者施設での一般事務スタッフ「リガイア針中野」新着,職種:障がい者施設での,大阪府,"時給1,240円",アルバイト・パート,事務,求人ボックス,https://xn--pckua2a7gp15o89zb.com/jb/ab0ca673140d705b286dbcafeed8437b,True,12時間前,2026-09-19 04:22:33,大阪府
一般事務新着,レモンガス 株式会社オクジ,大阪府,"時給1,280円",アルバイト・パート,事務,求人ボックス,https://xn--pckua2a7gp15o89zb.com/jb/4fa2cb62c8abde7b4239061ea7536dcf,True,18時間前,2026-09-19 04:22:33,大阪府
「オフィスワークデビュー!」／一般事務／寮相談可／週休2日制／寮相談可新着,一般事務,大阪府,"月給27万4,000円",正社員,事務,求人ボックス,https://xn--pckua2a7gp15o89zb.com/jbn/74557c3583f9e7771630b0702ef2e5fb,True,11時間前,2026-09-19 04:22:37,大阪府
「大手企業でオフィスワークデビュー!」／一般事務／未経験95%新着,一般事務,大阪府,"月給25万3,000円",正社員,事務,求人ボックス,https://xn--pckua2a7gp15o89zb.com/jbn/0cf55650891160645081c51a372e2c1e,True,8時間前,2026-09-19 04:22:37,大阪府
「座って事務デビュー!」／一般事務／寮相談可／未経験OK／nO.582新着,一般事務,大阪府,"月給25万7,000円",正社員,事務,求人ボックス,https://xn--pckua2a7gp15o89zb.com/jbn/5db34113d97ebb55e0a025814a5f6e56,True,11時間前,2026-09-19 04:22:41,大阪府
大正区×重機オペレーター×資格を取って即単価UP新着,渥美建設株式会社,大阪府,"日給1万5,000円",アルバイト・パート,建設,求人ボックス,https://xn--pckua2a7gp15o89zb.com/jb/58c2c716503f3689500811f025463a94,True,10時間前,2026-09-19 04:22:12,大阪府
「予約制のタクシードライバー」週3日勤務で月収40万円以上／未経験OK／20代～50代が活躍中新着,建設,大阪府,"月給47万6,000円",正社員,建設,求人ボックス,https://xn--pckua2a7gp15o89zb.com/jbn/7655a1ff3f1ee58f868f1ea8afe4054a,True,12時間前,2026-09-19 04:22:12,大阪府
「夜勤・タクシードライバー」二種免不要／企業役員／賞与年2回／20代活躍中／安定収入新着,フードデリバリー配達員/宅配便ドライバールート配送ドライバー(飲料・食品)...<年収例>入社1年目:年収650万円前職:フードデリバリー配達員(25歳男性),大阪府,"月給47万6,000円",正社員,建設,求人ボックス,https://xn--pckua2a7gp15o89zb.com/jbn/4c12118fb9dc85013669a3faa270875e,True,9時間前,2026-09-19 04:22:12,大阪府
「タクシードライバー」二種免許会社負担／経歴不問／年収600万円以上可／若手世代活躍中新着,...軽貨物配送ドライバーフードデリバリー配達員/宅配便ドライバールート配送ドライバー(飲料・食品)長距離大型トラック/中型トラック運転手引越しドライバー/デリバリーサービス倉庫,大阪府,"月給47万6,000円",正社員,建設,求人ボックス,https://xn--pckua2a7gp15o89zb.com/jbn/3892452f492f4cfb0515bc71e12a3f3e,True,9時間前,2026-09-19 04:22:12,大阪府
夜間予約タクシードライバー／普通免許OK／二種免許は会社負担／月収50万円以上も可／賞与あり新着,フードデリバリー配達員/宅配便ドライバールート配送ドライバー(飲料・食品)長距離大型トラック/中型トラック運転手引越しドライバー/デリバリーサービス倉庫,大阪府,"月給47万6,000円",正社員,建設,求人ボックス,https://xn--pckua2a7gp15o89zb.com/jbn/26c142ab27582468e9e709faeecac8b3,True,9時間前,2026-09-19 04:22:12,大阪府
著名人・VIPの予約タクシードライバー／普通免許のみOK／未経験から正社員へ／賞与年2回新着,フードデリバリー配達員/宅配便ドライバールート配送ドライバー(飲料・食品)...[年収実績]25歳男性/前職:フードデリバリー配達員入社1年目で年収650万円を達成。,大阪府,"月給45万6,000円",正社員,建設,求人ボックス,https://xn--pckua2a7gp15o89zb.com/jbn/e7a6e3b5cde37bc34178f1f6b9494b56,True,9時間前,2026-09-19 04:22:12,大阪府
「夜勤」タクシードライバー・AT限定OK／接客経験活かせる／賞与年2回／VIP対応／アルファード新着,...軽貨物配送ドライバーフードデリバリー配達員/宅配便ドライバールート配送ドライバー(飲料・食品)長距離大型トラック/中型トラック運転手引越しドライバー/デリバリーサービス倉庫,大阪府,"月給47万6,000円",正社員,建設,求人ボックス,https://xn--pckua2a7gp15o89zb.com/jbn/27d6a6fb84a5eff1251aec541b17101e,True,9時間前,2026-09-19 04:22:12,大阪府
月11日～13日勤務のタクシードライバー／空港・VIP送迎あり／普通免許OK／履歴書不要／賞与年2回新着,未経験OK,大阪府,"月給47万6,000円",正社員,建設,求人ボックス,https://xn--pckua2a7gp15o89zb.com/jbn/990314e893c46068eb9cf75c5206df4b,True,9時間前,2026-09-19 04:22:13,大阪府
普通免許から始めるタクシードライバー／二種免許取得支援あり／役員・VIP・予約送迎／賞与あり新着,フードデリバリー配達員/宅配便ドライバールート配送ドライバー(飲料・食品)...(前職:フードデリバリー配達員/25歳男性) 福利厚生 ・社会保険完備(厚生年金・健康保険・雇用保険・労災)...,大阪府,"月給45万6,000円",正社員,建設,求人ボックス,https://xn--pckua2a7gp15o89zb.com/jbn/0a4df2f97fb7438e13fc5057c6c0ee49,True,9時間前,2026-09-19 04:22:13,大阪府
夜勤の役員タクシードライバー／空港・会食・VIP送迎あり／普通免許OK／賞与年2回／福利厚生充実新着,...軽貨物配送ドライバーフードデリバリー配達員/宅配便ドライバールート配送ドライバー(飲料・食品)長距離大型トラック/中型トラック運転手引越しドライバー/デリバリーサービス倉庫,大阪府,"月給45万6,000円",正社員,建設,求人ボックス,https://xn--pckua2a7gp15o89zb.com/jbn/962419e25dc5ee7182362a08c117dbaf,True,9時間前,2026-09-19 04:22:13,大阪府
「月11日～13日勤務!」タクシードライバー／履歴書不要／空港送迎／社会保険完備／賞与あり新着,フードデリバリー配達員/宅配便ドライバールート配送ドライバー(飲料・食品)...<年収例>入社1年目:年収650万円前職:フードデリバリー配達員(25歳男性),大阪府,"月給47万6,000円",正社員,建設,求人ボックス,https://xn--pckua2a7gp15o89zb.com/jbn/bddbe6ffe3fd912d6616d5565a8cd4fa,True,9時間前,2026-09-19 04:22:13,大阪府
アルファードでの夜間タクシードライバー／VIP・著名人対応あり／AT限定OK／接客経験を活かせる新着,フードデリバリー配達員/宅配便ドライバールート配送ドライバー(飲料・食品)...外での,大阪府,"月給45万6,000円",正社員,建設,求人ボックス,https://xn--pckua2a7gp15o89zb.com/jbn/1d53dcaf64a4cc54d03a1d74e1c49109,True,8時間前,2026-09-19 04:22:13,大阪府
タクシードライバー／普通免許OK・AT限定可／未経験から正社員へ／週3日勤務可新着,...軽貨物配送ドライバーフードデリバリー配達員/宅配便ドライバールート配送ドライバー(飲料・食品)長距離大型トラック/中型トラック運転手引越しドライバー/デリバリーサービス倉庫,大阪府,"月給47万7,000円",正社員,建設,求人ボックス,https://xn--pckua2a7gp15o89zb.com/jbn/4dfa0c4e28f8f299c80772ee3b28bbfe,True,9時間前,2026-09-19 04:22:13,大阪府
タクシードライバー／普通免許OK／年収600万円以上も可／履歴書不要／退職金制度あり新着,...軽貨物配送ドライバーフードデリバリー配達員/宅配便ドライバールート配送ドライバー(飲料・食品)長距離大型トラック/中型トラック運転手引越しドライバー/デリバリーサービス倉庫,大阪府,"月給47万7,000円",正社員,建設,求人ボックス,https://xn--pckua2a7gp15o89zb.com/jbn/523ebc7177e3a0e6c2438eda3c2196be,True,10時間前,2026-09-19 04:22:13,大阪府
「週3勤務・芸能人・タレント」タクシードライバー／二種免許不要／賞与年2回／正社員雇用新着,フードデリバリー配達員/宅配便ドライバールート配送ドライバー(飲料・食品)...<年収例>入社1年目:年収650万円前職:フードデリバリー配達員(25歳男性),大阪府,"月給45万6,000円",正社員,建設,求人ボックス,https://xn--pckua2a7gp15o89zb.com/jbn/426d64ece21faff931bb46157227b314,True,9時間前,2026-09-19 04:22:17,大阪府
夜勤の予約タクシードライバー／企業役員・VIP対応あり／普通免許OK／二種免許取得支援あり新着,フードデリバリー配達員/宅配便ドライバールート配送ドライバー(飲料・食品)...25歳男性・前職フードデリバリー配達員が入社1年目で年収650万円を達成しています。...,大阪府,"月給45万6,000円",正社員,建設,求人ボックス,https://xn--pckua2a7gp15o89zb.com/jbn/85579adf6b0f7c1ca1356bf3b2877909,True,9時間前,2026-09-19 04:22:17,大阪府
週3勤務のタクシードライバー／普通免許OK／未経験から正社員へ／履歴書不要／賞与年2回新着,...軽貨物配送ドライバーフードデリバリー配達員/宅配便ドライバールート配送ドライバー(飲料・食品)長距離大型トラック/中型トラック運転手引越しドライバー/デリバリーサービス倉庫,大阪府,"月給47万7,000円",正社員,建設,求人ボックス,https://xn--pckua2a7gp15o89zb.com/jbn/91c53137c88b020b87f2b037e6f021ed,True,10時間前,2026-09-19 04:22:17,大阪府
週3勤務のタクシードライバー／普通免許だけで応募OK／予約中心で落ち着いて働ける／賞与年2回新着,...軽貨物配送ドライバーフードデリバリー配達員/宅配便ドライバールート配送ドライバー(飲料・食品)長距離大型トラック/中型トラック運転手引越しドライバー/デリバリーサービス倉庫,大阪府,"月給47万7,000円",正社員,建設,求人ボックス,https://xn--pckua2a7gp15o89zb.com/jbn/ae6b3b497b563e76a33b5073847b6e28,True,10時間前,2026-09-19 04:22:17,大阪府
役員・VIPタクシードライバー／普通免許OK／年収600万円以上も可／履歴書不要／退職金制度あり新着,...軽貨物配送ドライバーフードデリバリー配達員/宅配便ドライバールート配送ドライバー(飲料・食品)長距離大型トラック/中型トラック運転手引越しドライバー/デリバリーサービス倉庫,大阪府,"月給45万6,000円",正社員,建設,求人ボックス,https://xn--pckua2a7gp15o89zb.com/jbn/2fe87b7db29eb3e2b1a69c0b03022066,True,8時間前,2026-09-19 04:22:17,大阪府
「二種免許不要・タクシードライバー」履歴書不要／学歴不問／週3勤務／身体負担少なめ／退職金制度新着,...軽貨物配送ドライバーフードデリバリー配達員/宅配便ドライバールート配送ドライバー(飲料・食品)長距離大型トラック/中型トラック運転手引越しドライバー/デリバリーサービス倉庫,大阪府,"月給47万6,000円",正社員,建設,求人ボックス,https://xn--pckua2a7gp15o89zb.com/jbn/04ce21de672facc9c0fa07d6be064f1d,True,9時間前,2026-09-19 04:22:17,大阪府
「タクシードライバー」未経験OK／履歴書不要／週3勤務／賞与あり／研修制度充実／社会保険完備新着,...軽貨物配送ドライバーフードデリバリー配達員/宅配便ドライバールート配送ドライバー(飲料・食品)長距離大型トラック/中型トラック運転手引越しドライバー/デリバリーサービス倉庫,大阪府,"月給47万6,000円",正社員,建設,求人ボックス,https://xn--pckua2a7gp15o89zb.com/jbn/337d9328105ca61e891df61337ea3c19,True,9時間前,2026-09-19 04:22:20,大阪府
週3勤務の予約タクシードライバー／普通免許OK／未経験から正社員へ／履歴書不要／賞与年2回新着,...軽貨物配送ドライバーフードデリバリー配達員/宅配便ドライバールート配送ドライバー(飲料・食品)長距離大型トラック/中型トラック運転手引越しドライバー/デリバリーサービス倉庫,大阪府,"月給47万6,000円",正社員,建設,求人ボックス,https://xn--pckua2a7gp15o89zb.com/jbn/a2ae135a783b022dd58fed8a8c4830ec,True,9時間前,2026-09-19 04:22:20,大阪府
「タクシードライバー」二種免不要／週3勤務／安定収入／ボーナス年2回／若手活躍中／安心の正社員雇用新着,...軽貨物配送ドライバーフードデリバリー配達員/宅配便ドライバールート配送ドライバー(飲料・食品)長距離大型トラック/中型トラック運転手引越しドライバー/デリバリーサービス倉庫,大阪府,"月給47万6,000円",正社員,建設,求人ボックス,https://xn--pckua2a7gp15o89zb.com/jbn/2f4ef6743e59d02eaf45d395826125e3,True,9時間前,2026-09-19 04:22:20,大阪府
「夜勤・高収入・空港送迎」タクシードライバー／普通免許でOK／賞与あり／年収600万円以上可新着,フードデリバリー配達員/宅配便ドライバールート配送ドライバー(飲料・食品)...<年収例>入社1年目:年収650万円前職:フードデリバリー配達員(25歳男性),大阪府,"月給45万6,000円",正社員,建設,求人ボックス,https://xn--pckua2a7gp15o89zb.com/jbn/07a98f3967564a14171589147d6917ad,True,9時間前,2026-09-19 04:22:20,大阪府
「経歴不問・タクシードライバー」未経験歓迎／社会保険完備の正社員雇用／週3勤務／AT限定OK新着,...軽貨物配送ドライバーフードデリバリー配達員/宅配便ドライバールート配送ドライバー(飲料・食品)長距離大型トラック/中型トラック運転手引越しドライバー/デリバリーサービス倉庫,大阪府,"月給47万6,000円",正社員,建設,求人ボックス,https://xn--pckua2a7gp15o89zb.com/jbn/877c50e424291ed3373a87fdf0a5375d,True,9時間前,2026-09-19 04:22:20,大阪府
週3勤務の役員タクシードライバー／普通免許だけで応募OK／予約中心で落ち着いて働ける／賞与年2回新着,...軽貨物配送ドライバーフードデリバリー配達員/宅配便ドライバールート配送ドライバー(飲料・食品)長距離大型トラック/中型トラック運転手引越しドライバー/デリバリーサービス倉庫,大阪府,"月給45万6,000円",正社員,建設,求人ボックス,https://xn--pckua2a7gp15o89zb.com/jbn/099f51778687cb0955168e6f2b6e9208,True,9時間前,2026-09-19 04:22:20,大阪府
役員・著名人の予約タクシードライバー／普通免許OK・AT限定可／未経験から正社員へ／週3日勤務可新着,...軽貨物配送ドライバーフードデリバリー配達員/宅配便ドライバールート配送ドライバー(飲料・食品)長距離大型トラック/中型トラック運転手引越しドライバー/デリバリーサービス倉庫,大阪府,"月給45万6,000円",正社員,建設,求人ボックス,https://xn--pckua2a7gp15o89zb.com/jbn/94be35f1969bd1b37490358552857e1e,True,8時間前,2026-09-19 04:22:20,大阪府
大阪府大阪市旭区の解体作業員 急募／株式会社 東伸新着,株式会社東伸,大阪府大阪市旭区の解体作業員,"月給23万7,600円",正社員,建設,求人ボックス,https://xn--pckua2a7gp15o89zb.com/jb/e3d0a08852d5ab943e3814a7aa96b520,True,5時間前,2026-09-19 04:22:24,大阪府
大阪府堺市中区の土木作業員／照建 株式会社新着,照建株式会社,大阪府堺市中区の土木作業員／照建,月給25万円～45万円,正社員,建設,求人ボックス,https://xn--pckua2a7gp15o89zb.com/jb/407e585baffd4e756e4ee42d733343b5,True,4時間前,2026-09-19 04:22:24,大阪府
大阪府枚方市の建設現場作業員／株式会社 コンストラクトエトウ新着,株式会社コンストラクトエトウ,大阪府枚方市の建設現場作業員／株式会社,"月給30万1,600円",正社員,建設,求人ボックス,https://xn--pckua2a7gp15o89zb.com/jb/40bdf4e294b02813ea31f918238d77d8,True,5時間前,2026-09-19 04:22:24,大阪府
大阪府寝屋川市の住宅基礎工事作業員／株式会社 雅新着,株式会社雅,大阪府寝屋川市の住宅基礎工事作業員／株式会社,月給25万950円,正社員,建設,求人ボックス,https://xn--pckua2a7gp15o89zb.com/jb/fa5f299d8dada54658dceeb6dc829b40,True,5時間前,2026-09-19 04:22:24,大阪府
電気施工管理 資格を活かす新着,株式会社コプロコンストラクション,大阪府,"月給27万9,290円",派遣社員,建設,求人ボックス,https://xn--pckua2a7gp15o89zb.com/jb/6aa93c2c6355062d9e653a57e5554b40,True,16時間前,2026-09-19 04:22:24,大阪府
仕分け・梱包作業員／20代～40代活躍中／時給1600円～／土日休み／鍵付きロッカーあり新着,株式会社ティーエム・テックス,大阪府,時給1600円～,派遣社員,建設,求人ボックス,https://xn--pckua2a7gp15o89zb.com/jbn/22c9fb20c8cca6756c2427baa846075c,True,23時間前,2026-09-19 04:22:24,大阪府
「高収入」夜勤／タクシー運転手／定期送迎「月収50万円以上可能／安定収入／賞与年2回」新着,建設・,大阪府,"月給45万7,000円",正社員,建設,求人ボックス,https://xn--pckua2a7gp15o89zb.com/jbn/1844631d7a62769a1503af8d0771b127,True,8時間前,2026-09-19 04:22:24,大阪府
「高収入」夜勤／タクシー／定期送迎「月収50万円以上可能／安定収入／賞与年2回」新着,建設・,大阪府,"月給46万2,700円",正社員,建設,求人ボックス,https://xn--pckua2a7gp15o89zb.com/jbn/19c7537922a0c3b6a960b40dae7b1f38,True,8時間前,2026-09-19 04:22:28,大阪府
タクシー運転手「週3勤務」資格取得支援あり／月収40万円以上／安定収入／転職回数不問新着,...以下のような経験をお持ちの方は特に歓迎します。・軽貨物ドライバー・ルート配送スタッフ・宅配ドライバー・タクシー運転手・大型トラックドライバー・フォークリフトオペレーター・,大阪府,"月給45万8,100円",正社員,建設,求人ボックス,https://xn--pckua2a7gp15o89zb.com/jbn/0d1dda67dc81e8a9403518e6dcafabd8,True,8時間前,2026-09-19 04:22:28,大阪府
タクシードライバー／週3勤務／異業種からの転職歓迎新着,建設・,大阪府,"月給45万6,000円",正社員,建設,求人ボックス,https://xn--pckua2a7gp15o89zb.com/jbn/f3985160952d4e775807b23718603c5b,True,8時間前,2026-09-19 04:22:28,大阪府
「夜勤でしっかり稼ぐ」タクシードライバー／残業少なめ／正社員採用／賞与あり新着,...以下のような経験をお持ちの方は特に歓迎します。・軽貨物ドライバー・ルート配送スタッフ・宅配ドライバー・タクシー運転手・大型トラックドライバー・フォークリフトオペレーター・,大阪府,"月給45万7,000円",正社員,建設,求人ボックス,https://xn--pckua2a7gp15o89zb.com/jbn/c75a37a2c4a6891ca43cb9dd5d09bd17,True,8時間前,2026-09-19 04:22:28,大阪府
タクシードライバー／週3勤務／学歴不問／1年目月収50万以上／賞与年2回新着,建設・,大阪府,"月給45万8,200円",正社員,建設,求人ボックス,https://xn--pckua2a7gp15o89zb.com/jbn/1e6d429bbc2958af0d1f67b403cae0dd,True,9時間前,2026-09-19 04:22:28,大阪府
「内定までスピーディー」夜勤タクシードライバー／履歴書不要／未経験OK／月収50万円以上新着,作業,大阪府,"月給45万6,000円",正社員,建設,求人ボックス,https://xn--pckua2a7gp15o89zb.com/jbn/57c8e1e56f1b0d4ab64159ad782f9de7,True,9時間前,2026-09-19 04:22:28,大阪府
タクシードライバー／未経験歓迎／会食・空港送迎中心／年収600万円以上可新着,建設・,大阪府,"月給45万7,000円",正社員,建設,求人ボックス,https://xn--pckua2a7gp15o89zb.com/jbn/83f4f006d4d9f9dce96a075115be812e,True,9時間前,2026-09-19 04:22:28,大阪府
「未経験歓迎」タクシードライバー／月収50万円以上可／退職金制度あり新着,...以下のような経験をお持ちの方は特に歓迎します。・軽貨物ドライバー・ルート配送スタッフ・宅配ドライバー・タクシー運転手・大型トラックドライバー・フォークリフトオペレーター・,大阪府,"月給47万8,900円",正社員,建設,求人ボックス,https://xn--pckua2a7gp15o89zb.com/jbn/58ee53a8eb9ef31847d6cb840e46c3be,True,9時間前,2026-09-19 04:22:31,大阪府
夜間専属タクシードライバー／月収50万円以上可能／賞与年2回／普通免許のみで応募可新着,...以下のような経験をお持ちの方は特に歓迎します。・軽貨物ドライバー・ルート配送スタッフ・宅配ドライバー・タクシー運転手・大型トラックドライバー・フォークリフトオペレーター・,大阪府,"月給47万6,000円",正社員,建設,求人ボックス,https://xn--pckua2a7gp15o89zb.com/jbn/2e683d1508d2f41a41487a169a2d59af,True,9時間前,2026-09-19 04:22:31,大阪府
「高収入」夜勤／タクシードライバー／定期送迎「月収50万円以上可能／安定収入／賞与年2回」新着,建設・,大阪府,"月給47万6,000円",正社員,建設,求人ボックス,https://xn--pckua2a7gp15o89zb.com/jbn/725fab4c6d133decd2d2e99850cc6cfa,True,9時間前,2026-09-19 04:22:31,大阪府
「夜勤で稼げる」タクシードライバー／普通免許のみOK／年収600万円以上可／賞与年2回新着,...以下のような経験をお持ちの方は特に歓迎します。・軽貨物ドライバー・ルート配送スタッフ・宅配ドライバー・タクシー運転手・大型トラックドライバー・フォークリフトオペレーター・,大阪府,"月給47万8,900円",正社員,建設,求人ボックス,https://xn--pckua2a7gp15o89zb.com/jbn/4add24af76df302d1f5deaba073f7ad2,True,9時間前,2026-09-19 04:22:31,大阪府
タクシードライバー／普通免許のみで応募OK／週3日勤務／賞与あり／高収入実現可能新着,作業,大阪府,"月給40万6,000円",正社員,建設,求人ボックス,https://xn--pckua2a7gp15o89zb.com/jbn/e64291015eba7d444918d5aa3b3d08b9,True,10時間前,2026-09-19 04:22:31,大阪府
「予約中心だから未経験でも安心」タクシードライバー／週3勤務／月収50万円以上可新着,建設・,大阪府,"月給40万6,000円",正社員,建設,求人ボックス,https://xn--pckua2a7gp15o89zb.com/jbn/c86821ebf13adadbbd49b2f19ad81b6e,True,10時間前,2026-09-19 04:22:31,大阪府
「週3日勤務で年収600万円も可能」タクシードライバー／普通免許のみOK／未経験歓迎／賞与年2回新着,建設・,大阪府,"月給40万6,000円",正社員,建設,求人ボックス,https://xn--pckua2a7gp15o89zb.com/jbn/16b461e592ab10650c692abec822d307,True,10時間前,2026-09-19 04:22:31,大阪府
「転職回数不問」役員タクシードライバー／週3勤務／安定収入／正社員採用新着,...以下のような経験をお持ちの方は特に歓迎します。・軽貨物ドライバー・ルート配送スタッフ・宅配ドライバー・タクシー運転手・大型トラックドライバー・フォークリフトオペレーター・,大阪府,"月給45万9,000円",正社員,建設,求人ボックス,https://xn--pckua2a7gp15o89zb.com/jbn/de98bd30d5b09c4c2467515ac2797941,True,11時間前,2026-09-19 04:22:34,大阪府
芸能関係者のタクシードライバー／未経験歓迎／週3勤務／月収45万円以上／20代～50代活躍中新着,作業,大阪府,"月給45万8,300円",正社員,建設,求人ボックス,https://xn--pckua2a7gp15o89zb.com/jbn/707ce65356dee2028c74ae10f558a4c3,True,11時間前,2026-09-19 04:22:34,大阪府
機械や設備に関する土木施工管理 福利厚生充実 土日祝休み新着,マルタケ株式会社,大阪府,月給42万円～80万円,正社員,建設,求人ボックス,https://xn--pckua2a7gp15o89zb.com/jb/a3cfb392b7e5449cb09d5914ce588db9,True,3時間前,2026-09-19 04:22:34,大阪府
「未経験1年目600万円／定着率90%以上」「週3勤務・予約制タクシードライバー」普通免許のみOK新着,建設・,大阪府,"月給45万7,800円",正社員,建設,求人ボックス,https://xn--pckua2a7gp15o89zb.com/jbn/3b12a59be61a8989fa4edc8ef1724f11,True,12時間前,2026-09-19 04:22:34,大阪府
夜間専属タクシードライバー／週3日勤務OK／異業種出身多数／未経験活躍中／土日祝休みあり新着,...以下のような経験をお持ちの方は特に歓迎します。・軽貨物ドライバー・ルート配送スタッフ・宅配ドライバー・タクシー運転手・大型トラックドライバー・フォークリフトオペレーター・,大阪府,"月給47万8,100円",正社員,建設,求人ボックス,https://xn--pckua2a7gp15o89zb.com/jbn/649efe8e1785fd4326e188bf6c064b39,True,12時間前,2026-09-19 04:22:34,大阪府
一般事務／建設デベロッパーで家賃データの入力やカンタン事務新着,株式会社セリオ,大阪府,月給23万円～33万円,正社員,建設,求人ボックス,https://xn--pckua2a7gp15o89zb.com/jb/eb7f02f45b74981c035153069e8078be,True,23時間前,2026-09-19 04:22:34,大阪府
「タクシードライバー」月内採用／夜勤／履歴書不要／月収50万円以上／正社員採用／社会保険完備新着,...以下のような経験をお持ちの方は特に歓迎します。・軽貨物ドライバー・ルート配送スタッフ・宅配ドライバー・タクシー運転手・大型トラックドライバー・フォークリフトオペレーター・,大阪府,"月給45万6,000円",正社員,建設,求人ボックス,https://xn--pckua2a7gp15o89zb.com/jbn/c1d7b749c6f44488729857b7a8fae20f,True,8時間前,2026-09-19 04:22:34,大阪府
タクシードライバー／「即入社相談可」夜間送迎スタッフ／履歴書不要／安定の正社員雇用新着,作業,大阪府,"月給47万6,000円",正社員,建設,求人ボックス,https://xn--pckua2a7gp15o89zb.com/jbn/c6046e774d104cc8d1c30be718b000a7,True,9時間前,2026-09-19 04:22:34,大阪府
夜勤タクシードライバー／未経験スタートOK／年2回のボーナス支給あり／資格取得支援制度あり新着,作業,大阪府,"月給47万6,000円",正社員,建設,求人ボックス,https://xn--pckua2a7gp15o89zb.com/jbn/ae00c1dc49b5103df01f1ea9e28fc7c6,True,9時間前,2026-09-19 04:22:38,大阪府
「未経験1年目600万円／定着率90%以上」「週3日勤務／正社員」タクシードライバー新着,建設・,大阪府,"月給45万7,300円",正社員,建設,求人ボックス,https://xn--pckua2a7gp15o89zb.com/jbn/ef359e2bb7590ac298f56afee94a1b04,True,11時間前,2026-09-19 04:22:38,大阪府
タクシードライバー「週3勤務」資格取得支援あり／月収40万円以上／安定収入／転職回数不問新着,...以下のような経験をお持ちの方は特に歓迎します。・軽貨物ドライバー・ルート配送スタッフ・宅配ドライバー・タクシー運転手・大型トラックドライバー・フォークリフトオペレーター・,大阪府,"月給45万6,000円",正社員,建設,求人ボックス,https://xn--pckua2a7gp15o89zb.com/jbn/71c88b2de85b151338b4312f86b94298,True,9時間前,2026-09-19 04:22:38,大阪府
「月内採用」タクシードライバー・夜勤／職歴不問／未経験OK／1年目年収600万円以上可／賞与年2回新着,作業,大阪府,"月給47万6,000円",正社員,建設,求人ボックス,https://xn--pckua2a7gp15o89zb.com/jbn/73384acc73c0cd952fda92de4bdaca3e,True,9時間前,2026-09-19 04:22:38,大阪府
「正社員」週3勤務のタクシードライバー／未経験者活躍中／年収500万円以上可能／土日祝休み取得可新着,建設・,大阪府,"月給47万6,000円",正社員,建設,求人ボックス,https://xn--pckua2a7gp15o89zb.com/jbn/fe623e610420367e7951715402254fac,True,9時間前,2026-09-19 04:22:38,大阪府
解体工事の現場管理新着,明亜興業株式会社,大阪府,月給28万円～49万円,正社員,建設,求人ボックス,https://xn--pckua2a7gp15o89zb.com/jb/d25dc3cfb209f98094d8acedb7f337c9,True,18時間前,2026-09-19 04:22:38,大阪府
「施工管理」／建築の施工管理／未経験OK／土日祝休／福利厚生充実新着,株式会社ディンプル,大阪府,"月給20万5,000円",正社員,建設,求人ボックス,https://xn--pckua2a7gp15o89zb.com/jb/56c56bb8b80b28040055885a47328d80,True,10時間前,2026-09-19 04:22:42,大阪府
「1年目から高収入可能」タクシードライバー／週3勤務／福利厚生充実新着,作業,大阪府,"月給45万6,000円",正社員,建設,求人ボックス,https://xn--pckua2a7gp15o89zb.com/jbn/f2d61f56f4ed8332329b737039228f7a,True,8時間前,2026-09-19 04:22:42,大阪府
「VIP送迎中心」夜勤タクシードライバー／年収600万円以上／賞与年2回新着,建設・,大阪府,"月給45万6,000円",正社員,建設,求人ボックス,https://xn--pckua2a7gp15o89zb.com/jbn/5b5994a6db3bbcd34ad13de03563ec86,True,9時間前,2026-09-19 04:22:42,大阪府
「タレント／芸能」タクシードライバー／週3勤務／学歴不問／1年目月収50万以上／賞与年2回新着,建設・,大阪府,"月給47万6,000円",正社員,建設,求人ボックス,https://xn--pckua2a7gp15o89zb.com/jbn/3213891cf988b1bfe171445f0c6b0613,True,9時間前,2026-09-19 04:22:42,大阪府
電気施工管理／完全土日祝休／上場企業／長期休暇あり新着,株式会社鈴鹿,大阪府,"月給23万8,636円",正社員,建設,求人ボックス,https://xn--pckua2a7gp15o89zb.com/jb/5ac5ce7627ff846754a9c7f5814e0d27,True,4時間前,2026-09-19 04:22:42,大阪府
リサイクル施設の施設管理員新着,株式会社朝日エンジニアリング,大阪府,月給23万円～29万円,正社員,建設,求人ボックス,https://xn--pckua2a7gp15o89zb.com/jb/dda3d609693824a3306c96d57552f73a,True,7時間前,2026-09-19 04:22:42,大阪府
電気工事施工管理 経験不問・一生役立つ技術を身につける仕事新着,株式会社金沢電気設備,大阪府,"月給28万8,730円",正社員,建設,求人ボックス,https://xn--pckua2a7gp15o89zb.com/jb/362e06f36c6ee8ce03988b502104c52a,True,9時間前,2026-09-19 04:22:42,大阪府
整骨院・接骨院にて柔道整復師新着,株式会社メイジメディカルグループ,大阪府,"時給1,300円～1,700円",アルバイト・パート,治療家,求人ボックス,https://xn--pckua2a7gp15o89zb.com/jb/897a725f4ac4b1ae00e9a1c49d47bbee,True,7時間前,2026-09-19 04:22:44,大阪府
社会保険完備の職場で柔道整復師新着,ひろゴンの実家,大阪府,"月給22万4,000円",正社員,治療家,求人ボックス,https://xn--pckua2a7gp15o89zb.com/jb/00cccf0520648a5a69f1e28ab938ec0d,True,6時間前,2026-09-19 04:22:44,大阪府
柔道整復師新着,社会福祉法人三養福祉会,大阪府,月給25万円～27万円,正社員,治療家,求人ボックス,https://xn--pckua2a7gp15o89zb.com/jb/6763e9cd6773b56b541af5260de082fd,True,13時間前,2026-09-19 04:22:44,大阪府
"機能訓練指導員／看護師・PT等歓迎／時給1,700～2,000円／週1日・3h～OK／日曜固定休新着",株式会社あかつき,大阪府,"時給1,700～2,000円",アルバイト・パート,治療家,求人ボックス,https://xn--pckua2a7gp15o89zb.com/jb/4d258aa10178325ab61281b8f0e973e4,True,11時間前,2026-09-19 04:22:44,大阪府
大阪府大阪市港区の機能訓練指導員／株式会社 ADLガイダンス新着,株式会社ADLガイダンス,大阪府大阪市港区の機能訓練指導員／株式会社,"月給25万6,000円",正社員,治療家,求人ボックス,https://xn--pckua2a7gp15o89zb.com/jb/27fe275b2b2396b6d814682afda2f90d,True,5時間前,2026-09-19 04:22:44,大阪府
「役員タクシードライバー」週3日勤務／普通免許で未経験からスタート／月収50万円以上・ボーナス年2回新着,柔道整復師,大阪府,"月給45万6,000円",正社員,治療家,求人ボックス,https://xn--pckua2a7gp15o89zb.com/jbn/c277cbc6ef370eb18eff0a89e198d2f2,True,12時間前,2026-09-19 04:22:44,大阪府
「空港へのタクシードライバー」週3日勤務／普通免許で未経験OK／月収50万円以上・賞与2ヶ月分あり新着,柔道整復師,大阪府,"月給47万6,000円",正社員,治療家,求人ボックス,https://xn--pckua2a7gp15o89zb.com/jbn/dc0b1886a8cbc45c67efba88adb53d4a,True,12時間前,2026-09-19 04:22:44,大阪府
著名人や企業役員のタクシードライバー「週3日勤務」未経験OK・月収40万円以上／ボーナス支給あり新着,柔道整復師,大阪府,"月給47万6,000円",正社員,治療家,求人ボックス,https://xn--pckua2a7gp15o89zb.com/jbn/4422a4beb4476f695acd8338702f3c8a,True,12時間前,2026-09-19 04:22:44,大阪府
大阪府大阪市都島区の整体師新着,毛馬鍼灸整骨院,大阪府大阪市都島区の整体師,"時給1,250円～1,400円",アルバイト,治療家,求人ボックス,https://xn--pckua2a7gp15o89zb.com/jb/32d2fe49d53bf2d93320b5ddabb030f5,True,4時間前,2026-09-19 04:22:44,大阪府
「タクシードライバー」月収50万以上・未経験歓迎／週3勤務・普通免許のみOK・ボーナス2回新着,柔道整復師,大阪府,"月給45万6,000円",正社員,治療家,求人ボックス,https://xn--pckua2a7gp15o89zb.com/jbn/472429476315e28f602a8968210eea1f,True,8時間前,2026-09-19 04:22:44,大阪府
「タクシードライバー・夜勤」月50万以上可・未経験歓迎／寮・社宅完備／普免のみOK・ボーナスあり新着,柔道整復師,大阪府,"月給45万6,000円",正社員,治療家,求人ボックス,https://xn--pckua2a7gp15o89zb.com/jbn/bf8959a2057b0b98e20214254092654c,True,8時間前,2026-09-19 04:22:44,大阪府
タクシードライバー／「タレントやスポーツ選手等の送迎」週3日勤務／未経験OK・月収50万円以上新着,柔道整復師,大阪府,"月給45万6,000円",正社員,治療家,求人ボックス,https://xn--pckua2a7gp15o89zb.com/jbn/091fecbb988ba762f1bb6df87089b80e,True,12時間前,2026-09-19 04:22:44,大阪府
「タクシードライバー・定期送迎」月収50万以上・未経験歓迎・普通免許のみOK・ボーナスあり新着,柔道整復師,大阪府,"月給45万6,000円",正社員,治療家,求人ボックス,https://xn--pckua2a7gp15o89zb.com/jbn/fe9be86f6bfe159039637fe5297ff598,True,9時間前,2026-09-19 04:22:44,大阪府
大阪府大阪市城東区のデイ機能訓練指導員／GENKI NEXT大阪関目／株式会社 介護NEXT新着,株式会社介護NEXT,大阪府大阪市城東区のデイ機能訓練指導員／GENKI,"時給1,400円～1,450円",アルバイト,治療家,求人ボックス,https://xn--pckua2a7gp15o89zb.com/jb/a8fdd2ad3035751eed1f864cc609709b,True,5時間前,2026-09-19 04:22:44,大阪府
「週3日勤務」普通免許でスタートできる役員タクシードライバー／週の残り4日はすべてあなたの自由時間新着,...キャリアアップも全面的にバックアップします。 【その他概要】<前職例>製造/工場/ライン作業/生產管理/設備保全/製鋼/溶接クレーン・玉掛/金属加工/板金加工/板金塗装/警備員機械・電気/倉庫内,大阪府,"月給45万6,000円",正社員,治療家,求人ボックス,https://xn--pckua2a7gp15o89zb.com/jbn/3666b11a6d6dfd705fc3a114ece3c53f,True,12時間前,2026-09-19 04:22:44,大阪府
タレント・芸能・観光客のタクシードライバー「週3日勤務」賞与年2回／初年度から月収50万円以上新着,...未経験からでも安心してプロドライバーを目指せる環境です。 【その他特徴】<前職例>製造/工場/ライン作業/生產管理/設備保全/製鋼/溶接クレーン・玉掛/金属加工/板金加工/板金塗装/警備員機械・,大阪府,"月給45万6,000円",正社員,治療家,求人ボックス,https://xn--pckua2a7gp15o89zb.com/jbn/2d059a3ae39901f1b4ccc42901203e94,True,11時間前,2026-09-19 04:22:44,大阪府
機能訓練指導員新着,KTCスマイルケア株式会社,大阪府,月給25万円～35万円,正社員,治療家,求人ボックス,https://xn--pckua2a7gp15o89zb.com/jb/324f9cdda719c24260d6429f6fc146f1,True,9時間前,2026-09-19 04:22:45,大阪府
ピラティストレーナー新着,株式会社nobitel,大阪府,月給23万円～,正社員,治療家,求人ボックス,https://xn--pckua2a7gp15o89zb.com/jb/051c4ed3860db12274e090c673bbd606,True,15時間前,2026-09-19 04:22:45,大阪府
大阪府枚方市の清掃業務／副業可／合同会社 Limaリンパサロン新着,合同会社Limaリンパサロン,大阪府枚方市の清掃業務／副業可／合同会社,"時給1,250円～1,500円",,治療家,求人ボックス,https://xn--pckua2a7gp15o89zb.com/jb/4f98d99f248f17409f36218ece064162,True,3時間前,2026-09-19 04:22:45,大阪府
機能訓練指導員／介護付有料老人ホーム新着,グリーンライフ守口,大阪府,"時給1,700円～1,900円",アルバイト・パート,治療家,求人ボックス,https://xn--pckua2a7gp15o89zb.com/jb/1a244db69c5c368b76e9e649d2af46b0,True,20時間前,2026-09-19 04:22:45,大阪府
看護師／デイサービス／週3日〜／1日4時間／土日休み／残業ほぼなし新着,株式会社HealingWalk,大阪府,"時給1,600円～1,900円",アルバイト・パート,治療家,求人ボックス,https://xn--pckua2a7gp15o89zb.com/jbn/e91e87fecac1714d275c0fcb6f6bcf3d,True,20時間前,2026-09-19 04:22:45,大阪府
介護支援専門員・ケアマネージャー／有料老人ホーム新着,柔道整復師,大阪府,"月給25万5,000円",正社員,治療家,求人ボックス,https://xn--pckua2a7gp15o89zb.com/jb/3fc83078b37cf8db6da75c6de5976da7,True,23時間前,2026-09-19 04:22:45,大阪府
"データ入力事務／経理事務未経験大歓迎／時給1,400円〜1,500円新着",株式会社大協,大阪府,"時給1,400円",派遣社員,経理,求人ボックス,https://xn--pckua2a7gp15o89zb.com/jbn/73b28a9a1385844067e9245f347c325a,True,23時間前,2026-09-19 04:22:40,大阪府
経理事務新着,株式会社アイビックス関西,大阪府,"時給1,235円",アルバイト・パート,経理,求人ボックス,https://xn--pckua2a7gp15o89zb.com/jb/53cdf664de1886b3aca9250c46e2fe19,True,21時間前,2026-09-19 04:22:40,大阪府
経理事務スタッフ新着,株式会社岸田総合事務所,大阪府,"時給1,300円～1,500円",アルバイト・パート,経理,求人ボックス,https://xn--pckua2a7gp15o89zb.com/jb/2eeadaf23bd491224bfb9d17564b5fa8,True,19時間前,2026-09-19 04:22:40,大阪府
経理事務／未経験歓迎／サポート体制充実／長期安定／福利厚生充実新着,経理,大阪府,月給25万円～30万円,正社員,経理,求人ボックス,https://xn--pckua2a7gp15o89zb.com/jbn/1501e73966d37b2df32b670e81222fa7,True,15時間前,2026-09-19 04:22:41,大阪府
総務・人事・経理事務新着,株式会社Any,大阪府,"月給21万5,000円",正社員,経理,求人ボックス,https://xn--pckua2a7gp15o89zb.com/jb/e287be241a7ab883aee82448470129c8,True,21時間前,2026-09-19 04:22:41,大阪府
「事務職デビューをスムーズに」／経理事務／未経験OK／安定勤務新着,経理,大阪府,月給25万円～30万円,正社員,経理,求人ボックス,https://xn--pckua2a7gp15o89zb.com/jbn/c3f0fbef53e5eb20d0348101e326c32e,True,15時間前,2026-09-19 04:22:41,大阪府
「未経験からバックオフィスに挑戦」／経理事務／丁寧な研修あり／長期安定新着,経理,大阪府,月給25万円～30万円,正社員,経理,求人ボックス,https://xn--pckua2a7gp15o89zb.com/jbn/7b9ca10a8672e0ca9d7a890d4191ac0f,True,16時間前,2026-09-19 04:22:41,大阪府
ムリなく続く、あなたのペースで事務／経理事務／未経験の方歓迎新着,経理,大阪府,月給27万円～33万円,正社員,経理,求人ボックス,https://xn--pckua2a7gp15o89zb.com/jbn/748238a5041ab9221c950456346131d2,True,12時間前,2026-09-19 04:22:45,大阪府
「月給30万円以上も可能な事務職」／経理事務／未経験OK／サポート体制...新着,経理,大阪府,月給30万円,正社員,経理,求人ボックス,https://xn--pckua2a7gp15o89zb.com/jbn/42a354fe16d562a19055295ed18f89f0,True,16時間前,2026-09-19 04:22:45,大阪府
経理事務スタッフ／保育園を支えるお仕事 経験者優遇新着,上新庄ひなた保育園,大阪府,"時給1,180円～1,300円",アルバイト・パート,経理,求人ボックス,https://xn--pckua2a7gp15o89zb.com/jb/105fe4ea6bfbc7b41e8bb49cfeb76ffe,True,11時間前,2026-09-19 04:22:48,大阪府
「大手企業の数字まわりを支える!」／経理事務／未経験95%／未経験歓迎新着,経理,大阪府,"月給26万8,900円",正社員,経理,求人ボックス,https://xn--pckua2a7gp15o89zb.com/jbn/b6d9881c1a76e9b8779eb38ac10fae98,True,8時間前,2026-09-19 04:22:48,大阪府
「コツコツ取り組めるオフィスワーク」／経理事務／未経験OK新着,経理,大阪府,月給27万円～33万円,正社員,経理,求人ボックス,https://xn--pckua2a7gp15o89zb.com/jbn/5efe837816cb4577eb82d2ca819b305b,True,13時間前,2026-09-19 04:22:53,大阪府
「メリハリをつけて働ける事務職」／経理事務／年間休日120日以上新着,事務,大阪府,月給25万円～30万円,正社員,経理,求人ボックス,https://xn--pckua2a7gp15o89zb.com/jbn/0d7f933b5d05b8d2a8c18012b109af0b,True,12時間前,2026-09-19 04:22:53,大阪府
大阪府大阪市西区の経理・総務事務員／年間休日125日／駅近新着,株式会社櫂総合プランニング,大阪府大阪市西区の経理・総務事務員／年間休日125日／駅近,月給23万円～27万円,正社員,経理,求人ボックス,https://xn--pckua2a7gp15o89zb.com/jb/4da196003a3df740da9e7257825c5204,True,4時間前,2026-09-19 04:22:53,大阪府
大阪府大阪市中央区の経理事務新着,株式会社兵庫宝不動産,大阪府大阪市中央区の経理事務,月給25万円,正社員,経理,求人ボックス,https://xn--pckua2a7gp15o89zb.com/jb/228febf357d2ec6732cd91b3f94f478f,True,5時間前,2026-09-19 04:22:57,大阪府
大阪府堺市中区の経理事務スタッフ／株式会社 シフト新着,株式会社シフト,大阪府堺市中区の経理事務スタッフ／株式会社,"月給24万2,219円",正社員,経理,求人ボックス,https://xn--pckua2a7gp15o89zb.com/jb/437c0250e0089c08de5fb599dfac8ee5,True,4時間前,2026-09-19 04:22:57,大阪府
大阪府東大阪市の営業事務及び簡単な経理事務／株式会社 地球環境技術研究...新着,株式会社地球環境技術研究所,大阪府東大阪市の営業事務及び簡単な経理事務／株式会社,"時給1,250円～1,500円",アルバイト,経理,求人ボックス,https://xn--pckua2a7gp15o89zb.com/jb/f09e9cda855c3aa49819334fb54d1a1f,True,5時間前,2026-09-19 04:22:57,大阪府
土日祝休みでメリハリばっちり／経理サポート事務／待遇面も安心新着,経理,大阪府,月給31万円～33万,正社員,経理,求人ボックス,https://xn--pckua2a7gp15o89zb.com/jbn/6f421b8b7f9e2a30ba122e1f555b643f,True,9時間前,2026-09-19 04:22:59,大阪府
経理事務+ 一般事務新着,株式会社リクルートスタッフィング,大阪府,"時給1,800円～",派遣社員,経理,求人ボックス,https://xn--pckua2a7gp15o89zb.com/jb/98b51e870fa9c15b536a62ed4bb2917c,True,19時間前,2026-09-19 04:22:59,大阪府
「土日祝休みで自分時間も充実!」コスメ・美容関連企業の経理サポート事務新着,経理,大阪府,"月給26万5,000円",正社員,経理,求人ボックス,https://xn--pckua2a7gp15o89zb.com/jbn/ff7995b8403d5119e33d11e66b982387,True,9時間前,2026-09-19 04:22:59,大阪府
「好きな業界を事務で支える!」ヘルスケア関連企業の経理サポート事務新着,経理,大阪府,"月給26万6,000円",正社員,経理,求人ボックス,https://xn--pckua2a7gp15o89zb.com/jbn/17a7f1eca90baf95adc03e5b1a5da113,True,9時間前,2026-09-19 04:22:59,大阪府
大阪府大阪市中央区の経理事務／有限会社 三邦ホールディングス新着,有限会社三邦ホールディングス,大阪府大阪市中央区の経理事務／有限会社,"月給23万3,300円",正社員,経理,求人ボックス,https://xn--pckua2a7gp15o89zb.com/jb/17d1019a53d0866d9811d3af399c8f04,True,3時間前,2026-09-19 04:22:59,大阪府
PC入力から始める安心ワーク／経理サポート事務／高収入を目指せる新着,経理,大阪府,"月給25万2,000円",正社員,経理,求人ボックス,https://xn--pckua2a7gp15o89zb.com/jbn/95d87017ee3ba4abfa1cd65acdaac6d6,True,9時間前,2026-09-19 04:23:02,大阪府
大阪府大阪市旭区の一般事務業務／経理・総務関連／株式会社 三草二木新着,株式会社三草二木,大阪府大阪市旭区の一般事務業務／経理・総務関連／株式会社,"時給1,300円",アルバイト,経理,求人ボックス,https://xn--pckua2a7gp15o89zb.com/jb/0785a9e87e9db238b7f5f6d8c0613736,True,5時間前,2026-09-19 04:23:02,大阪府
大阪府大阪市中央区の会計 経理事務新着,藤本龍税理士事務所,大阪府大阪市中央区の会計,月給30万円～40万円,正社員,経理,求人ボックス,https://xn--pckua2a7gp15o89zb.com/jb/60546fb00cbe83c1238aae9fbdaacbb9,True,4時間前,2026-09-19 04:23:02,大阪府
大阪府大阪市中央区の経理事務新着,HOUKOU株式会社,大阪府大阪市中央区の経理事務,月給20万円～35万円,正社員,経理,求人ボックス,https://xn--pckua2a7gp15o89zb.com/jb/3596b1c33fb171360866a3b3f0e9e328,True,4時間前,2026-09-19 04:23:02,大阪府
大阪府大阪市住之江区の経理事務／経験者／年間休日125日／16:30ま...新着,株式会社中越黒鉛工業所,大阪府大阪市住之江区の経理事務／経験者／年間休日125日／16:30ま...,月給27万円～29万円,正社員,経理,求人ボックス,https://xn--pckua2a7gp15o89zb.com/jb/f902984f9f68a68cd72b9c134e793589,True,4時間前,2026-09-19 04:23:05,大阪府
大阪府堺市美原区の経理事務／和伸工業 株式会社新着,和伸工業株式会社,大阪府堺市美原区の経理事務／和伸工業,"月給21万5,000円",正社員,経理,求人ボックス,https://xn--pckua2a7gp15o89zb.com/jb/adf508e84d8d9052181a65aa9e2068ef,True,4時間前,2026-09-19 04:23:05,大阪府
データ入力メインの経理サポート事務新着,ランスタッド株式会社,大阪府,"時給1,450円",派遣社員,経理,求人ボックス,https://xn--pckua2a7gp15o89zb.com/jb/df9fa42823577fc434ee9bf3b1dcf292,True,23時間前,2026-09-19 04:23:05,大阪府
大阪府四條畷市の財務・経理・総務事務／オーエフ工業 株式会社新着,オーエフ工業株式会社,大阪府四條畷市の財務・経理・総務事務／オーエフ工業,月給22万200円,正社員,経理,求人ボックス,https://xn--pckua2a7gp15o89zb.com/jb/90fce5090cde7629f7e72202eba9dc56,True,5時間前,2026-09-19 04:23:05,大阪府
経理・財務 ／ 一般事務・OA事務／年収350万↑退職金制度アリ 未経験から始められる経理事務新着,パーソルテンプスタッフ株式会社,大阪府,"時給1,600円",派遣社員,経理,求人ボックス,https://xn--pckua2a7gp15o89zb.com/jb/53116332675735f855022d1a5de6986a,True,23時間前,2026-09-19 04:23:08,大阪府
10月／未経験OK 経理サポ事務／経験積めるオシゴト 土日祝休み新着,事務・,大阪府,"時給1,500円",派遣社員,経理,求人ボックス,https://xn--pckua2a7gp15o89zb.com/jb/c25b5bc4fa61764e30a3b9b7b8c09501,True,12時間前,2026-09-19 04:23:08,大阪府
経理事務／17時半まで 支払請求書のチェックなど!未経験OK新着,株式会社スタッフサービス,大阪府,"月給19万7,000円",正社員,経理,求人ボックス,https://xn--pckua2a7gp15o89zb.com/jb/d7f503c61e4871f5b17ea6d19de6d720,True,17時間前,2026-09-19 04:23:08,大阪府
未経験OK 商社で経理事務 駅チカ新着,マンパワーグループ株式会社,大阪府,"時給1,680円",派遣社員,経理,求人ボックス,https://xn--pckua2a7gp15o89zb.com/jb/f544cf0deacc652a5e29848b8b37a3e2,True,7時間前,2026-09-19 04:23:08,大阪府
大阪市平野区の看護師／介護老人保健施設での看護業務／派遣看護師新着,グッドネクスト,大阪府,"時給2,300円",派遣社員,看護,求人ボックス,https://xn--pckua2a7gp15o89zb.com/jb/166126bb9ff3904bb0127823f866f509,True,23時間前,2026-09-19 04:22:44,大阪府
准看護師／車 バイク通勤OK／交通費あり／日中勤務のみ相談可新着,医療法人大泉会 介護老人保健施設だいせん,大阪府,"時給1,500円～1,600円",アルバイト・パート,看護,求人ボックス,https://xn--pckua2a7gp15o89zb.com/jbn/fcb945352399911fcca3b34eb082f72b,True,11時間前,2026-09-19 04:22:45,大阪府
急性期病院の病棟での看護師新着,株式会社ドリームキャッチャー,大阪府,"月給27万9,125円",正社員,看護,求人ボックス,https://xn--pckua2a7gp15o89zb.com/jb/18f144a4d95b7d20fd8922bc28c40e56,True,21時間前,2026-09-19 04:22:48,大阪府
暮らしのそばで安心を支える施設看護／住宅型有料老人ホームの看護師新着,株式会社レガート,大阪府,月給30万円～,正社員,看護,求人ボックス,https://xn--pckua2a7gp15o89zb.com/jb/9f289bf7488af4fe60a0a47fbad48427,True,7時間前,2026-09-19 04:22:48,大阪府
施設内訪問看護の管理看護師新着,株式会社Any 訪問看護ステーション エニタイム,大阪府,"月給36万8,000円",正社員,看護,求人ボックス,https://xn--pckua2a7gp15o89zb.com/jb/588d913c999913309cab0e9e7f9bec13,True,21時間前,2026-09-19 04:22:48,大阪府
デイサービスの看護師新着,看護師,大阪府,"月給24万8,000円",正社員,看護,求人ボックス,https://xn--pckua2a7gp15o89zb.com/jb/1e64bfbd38d75a73cae020638a909900,True,9時間前,2026-09-19 04:22:48,大阪府
20-50代活躍中!／病院の看護師／准看護師／病院で新しい一歩を新着,看護師,大阪府,"月給19万7,736円",正社員,看護,求人ボックス,https://xn--pckua2a7gp15o89zb.com/jb/58bfc91ce23bfd500294e01dd4891e94,True,21時間前,2026-09-19 04:22:52,大阪府
20-50代活躍中!／特別養護老人ホームの看護師／准看護師新着,看護師・,大阪府,月給24万円～35万,正社員,看護,求人ボックス,https://xn--pckua2a7gp15o89zb.com/jb/30faaf1dfdfd9382dfd91c8c9cb0519f,True,21時間前,2026-09-19 04:22:52,大阪府
20-50代活躍中!／住宅型有料老人ホームの看護師／准看護師新着,看護師,大阪府,月給33万円～,正社員,看護,求人ボックス,https://xn--pckua2a7gp15o89zb.com/jb/9af3bbe7a00458f645680256eee90936,True,21時間前,2026-09-19 04:23:01,大阪府
20-50代活躍中!／有料老人ホームの看護職／毎日の支援が誰かの安心につながる／看護師・准看護師とし...新着,看護,大阪府,月給28万円～,正社員,看護,求人ボックス,https://xn--pckua2a7gp15o89zb.com/jb/be7616d50558bddcabd77f798e487ba0,True,21時間前,2026-09-19 04:23:01,大阪府
正看護師新着,なかみち内科クリニック,大阪府,"時給1,980円～",アルバイト・パート,看護,求人ボックス,https://xn--pckua2a7gp15o89zb.com/jb/6d9944277aaa3997a1700e657280b828,True,19時間前,2026-09-19 04:23:05,大阪府
20-50代活躍中!／訪問看護の訪問正看護師／未経験からスタート可能新着,看護,大阪府,月給35万円～,正社員,看護,求人ボックス,https://xn--pckua2a7gp15o89zb.com/jb/5c17dfb4137879561326ad0b901c3580,True,21時間前,2026-09-19 04:23:08,大阪府
救急・内視鏡クリニックの看護師／金曜・土曜の週2日勤務／午前診のみ新着,医療法人恵幸会,大阪府,"時給1,970円～",アルバイト・パート,看護,求人ボックス,https://xn--pckua2a7gp15o89zb.com/jb/e4b11a230b16877ffe71965ade02eb10,True,12時間前,2026-09-19 04:23:12,大阪府
デイサービスの看護師・准看護師スタッフ新着,セカンドハウス東京堂,大阪府,月給24万円～30万,正社員,看護,求人ボックス,https://xn--pckua2a7gp15o89zb.com/jb/3d441da5e468a62591b12071ce326c7d,True,12時間前,2026-09-19 04:23:15,大阪府
20-50代活躍中!／デイサービスの看護師／准看護師／残業ほぼなし新着,看護師・,大阪府,月給25万円～30万円,正社員,看護,求人ボックス,https://xn--pckua2a7gp15o89zb.com/jb/e6b0a1704a98fb8f8d3a6c433fcb4115,True,21時間前,2026-09-19 04:23:15,大阪府
訪問正看護師／昇給あり／週1日勤務可能／日中勤務のみ相談可新着,株式会社Any エニタイムガーデン岸和田,大阪府,"時給1,700円～",アルバイト・パート,看護,求人ボックス,https://xn--pckua2a7gp15o89zb.com/jbn/dde8545d542a0cd37b5c731e8595db83,True,12時間前,2026-09-19 04:23:15,大阪府
「手積み・手降ろしほぼなし」近距離の大型トラックドライバー／男性活躍新着,司関西株式会社,大阪府,月給37万円～42万円,正社員,ドライバー,求人ボックス,https://xn--pckua2a7gp15o89zb.com/jbn/809fc041b47ba6fecacd230893871407,True,23時間前,2026-09-19 04:23:01,大阪府
「日給4万円可能」軽バンでの軽貨物ドライバー／週5日／7:30～21:...新着,JCSロジスコ株式会社,大阪府,日給4万円,,ドライバー,求人ボックス,https://xn--pckua2a7gp15o89zb.com/jbn/a386c305d63ce3a3ea4f4f039c071282,True,21時間前,2026-09-19 04:23:01,大阪府
タクシードライバー「週3勤務」月収50万以上可／普通免許1年でOK新着,<関連職種>役員運転手/送迎,大阪府,"月給45万6,000円",正社員,ドライバー,求人ボックス,https://xn--pckua2a7gp15o89zb.com/jbn/2f6e13c3b0e7f57b7d4f7afc4ec60676,True,9時間前,2026-09-19 04:23:01,大阪府
タクシードライバー／「経営者の専属運転手」月収50万以上・週3勤務新着,ドライバー,大阪府,"月給45万6,000円",正社員,ドライバー,求人ボックス,https://xn--pckua2a7gp15o89zb.com/jbn/6ffbc934faf567bba53740fe994140e4,True,8時間前,2026-09-19 04:23:02,大阪府
「夜勤・タクシードライバー」月収50万以上・履歴書不要／普通免許でOK新着,ドライバー,大阪府,"月給47万6,000円",正社員,ドライバー,求人ボックス,https://xn--pckua2a7gp15o89zb.com/jbn/8cd64021dabc39b2fd37fbceb492b5c3,True,9時間前,2026-09-19 04:23:02,大阪府
4t平ボディドライバー新着,ながめ運送株式会社,大阪府,月給25万円～30万円,正社員,ドライバー,求人ボックス,https://xn--pckua2a7gp15o89zb.com/jb/0f345f1fde166ad14c9fee32f7f12565,True,18時間前,2026-09-19 04:23:05,大阪府
菓子パン配送の4tドライバー コンビニ配送 工場間配送 未経験可新着,ダイセーエブリー二十四株式会社,大阪府,"月給29万5,409円",正社員,ドライバー,求人ボックス,https://xn--pckua2a7gp15o89zb.com/jb/d69046542a16bf1e448429efdcc1b861,True,4時間前,2026-09-19 04:23:05,大阪府
タクシードライバー「VIP対応・通勤・会食」タクシードライバー未経験O...新着,1VIP,大阪府,"月給45万6,000円",正社員,ドライバー,求人ボックス,https://xn--pckua2a7gp15o89zb.com/jbn/75e9b75e02a03d8903c1a4e2a71f421c,True,9時間前,2026-09-19 04:23:08,大阪府
「週3日勤務」芸能関係のタクシードライバー／普通免許でOK新着,ドライバー,大阪府,"月給47万6,000円",正社員,ドライバー,求人ボックス,https://xn--pckua2a7gp15o89zb.com/jbn/a655352a2e2a149c3bd01288773eb0e5,True,12時間前,2026-09-19 04:23:11,大阪府
「予約対応」タクシードライバー／夜間メイン・月収50万円・未経験入社9...新着,ドライバー,大阪府,"月給45万6,000円",正社員,ドライバー,求人ボックス,https://xn--pckua2a7gp15o89zb.com/jbn/18e4c3a010bdeb6f71f4812e48937069,True,9時間前,2026-09-19 04:23:11,大阪府
タクシードライバー／普通免許OK・AT限定可／未経験から正社員へ新着,<前職例>軽貨物配送,大阪府,"月給47万7,000円",正社員,ドライバー,求人ボックス,https://xn--pckua2a7gp15o89zb.com/jbn/e6c271c03617df089beb1ef01d74f709,True,9時間前,2026-09-19 04:23:15,大阪府
夜間メインの予約タクシードライバー／未経験入社多数／月収50万円以上も...新着,ドライバー,大阪府,"月給47万6,000円",正社員,ドライバー,求人ボックス,https://xn--pckua2a7gp15o89zb.com/jbn/5e7c5acf280b079d71dbeee8dbaf82f3,True,9時間前,2026-09-19 04:23:21,大阪府
タクシードライバー／キャリアチェンジ歓迎／月収40万〜50万円も可新着,ドライバー,大阪府,"月給45万6,500円",正社員,ドライバー,求人ボックス,https://xn--pckua2a7gp15o89zb.com/jbn/fa3e1e9950b5ac1d990431822c84dd9a,True,10時間前,2026-09-19 04:23:21,大阪府
「大阪に引越したい方必見!」2tトラックドライバー／退職金制度／泊まり新着,株式会社HKクリエーション,大阪府,"月給28万2,240円",契約社員,ドライバー,求人ボックス,https://xn--pckua2a7gp15o89zb.com/jbn/ab80040813dbaf6d68b18c72248aaf31,True,23時間前,2026-09-19 04:23:25,大阪府
菓子パン配送のトラックドライバー コンビニ配送 工場間配送 未経験可新着,ダイセーエブリー二十四株式会社,大阪府,"月給29万5,409円",正社員,ドライバー,求人ボックス,https://xn--pckua2a7gp15o89zb.com/jb/a529723893939843536e733ac276b1ee,True,4時間前,2026-09-19 04:23:29,大阪府
病院の警備スタッフ 警備員指導教育責任者新着,株式会社ベル,大阪府,"日給2万3,510円",アルバイト・パート,警備,求人ボックス,https://xn--pckua2a7gp15o89zb.com/jb/0f6ceed7e7f36cf27e4b11e6de30eb6e,True,4時間前,2026-09-19 04:23:11,大阪府
大阪府大阪市淀川区の入社祝い金有／工場での施設警備員新着,協和警備保障株式会社,大阪府大阪市淀川区の入社祝い金有／工場での施設警備員,"月給20万2,616円",正社員,警備,求人ボックス,https://xn--pckua2a7gp15o89zb.com/jb/5f3793ab21d630dbf5c77ea99e25f396,True,3時間前,2026-09-19 04:23:11,大阪府
大阪府堺市中区の警備員 急募新着,守警備保障株式会社,大阪府堺市中区の警備員,"月給19万6,015円",正社員,警備,求人ボックス,https://xn--pckua2a7gp15o89zb.com/jb/4fd7be9047d2b97d3f4357a2bc096a43,True,5時間前,2026-09-19 04:23:11,大阪府
大阪府岸和田市の施設常駐警備員／株式会社 クロスサービス新着,株式会社クロスサービス,大阪府岸和田市の施設常駐警備員／株式会社,"月給21万2,963円",正社員,警備,求人ボックス,https://xn--pckua2a7gp15o89zb.com/jb/bfb6ef84b07016360705e18a6c4b8b74,True,5時間前,2026-09-19 04:23:11,大阪府
大阪府茨木市の大学の施設常駐警備員新着,日本キャット株式会社,大阪府茨木市の大学の施設常駐警備員,月給24万円～,正社員,警備,求人ボックス,https://xn--pckua2a7gp15o89zb.com/jb/81125181b382d2fd574c3beedf6ed61b,True,18時間前,2026-09-19 04:23:11,大阪府
大阪府堺市美原区の警備員／株式会社 フジテクト新着,株式会社フジテクト,大阪府堺市美原区の警備員／株式会社,"月給21万9,450円",正社員,警備,求人ボックス,https://xn--pckua2a7gp15o89zb.com/jb/3f97cd4331fba842a59d7beee7c6a08d,True,4時間前,2026-09-19 04:23:11,大阪府
大阪府大阪市中央区の警備員／心斎橋／株式会社 クローバー・アドヴァンス新着,株式会社クローバー・アドヴァンス,大阪府大阪市中央区の警備員／心斎橋／株式会社,"時給1,200円",アルバイト,警備,求人ボックス,https://xn--pckua2a7gp15o89zb.com/jb/cbd0ec57b9b69ac9cf71b77c627aa250,True,3時間前,2026-09-19 04:23:11,大阪府
大阪府泉大津市の警備員／泉大津 山水／新日本機動警備 株式会社新着,新日本機動警備株式会社,大阪府泉大津市の警備員／泉大津,"時給1,231円",アルバイト,警備,求人ボックス,https://xn--pckua2a7gp15o89zb.com/jb/54b9e3e6ba42f9383597ea984895ecfe,True,3時間前,2026-09-19 04:23:11,大阪府
大阪府寝屋川市の警備員／寝屋川支店／シニア世代の方も歓迎!／副業可新着,株式会社エコエネ オレンジ警備,大阪府寝屋川市の警備員／寝屋川支店／シニア世代の方も歓迎!／副業可,"時給1,250円～1,562円",アルバイト,警備,求人ボックス,https://xn--pckua2a7gp15o89zb.com/jb/d675581115732cf820e7c188f801164f,True,3時間前,2026-09-19 04:23:12,大阪府
大阪府交野市の夜間施設警備員／株式会社 連邦警備保障新着,株式会社連邦警備保障,大阪府交野市の夜間施設警備員／株式会社,"時給1,177円～1,200円",,警備,求人ボックス,https://xn--pckua2a7gp15o89zb.com/jb/8162494e0ec0df6df970b925468fad0c,True,5時間前,2026-09-19 04:23:12,大阪府
警備員新着,株式会社アドバンス-SC,大阪府,"時給1,200円～1,300円",正社員,警備,求人ボックス,https://xn--pckua2a7gp15o89zb.com/jb/88585f14ed20af1085b6547743dec331,True,6時間前,2026-09-19 04:23:12,大阪府
未経験OK!交通誘導警備員 週2日以上でOK新着,株式会社井元緑地建設,大阪府,"時給1,370円～1,870円",アルバイト・パート,警備,求人ボックス,https://xn--pckua2a7gp15o89zb.com/jb/872a3b3ba1d4222306e56f1f965f6b57,True,9時間前,2026-09-19 04:23:12,大阪府
警備員のシフト管理スタッフ／営業経験歓迎 警備員を支える内勤業務新着,株式会社ビープロテックセキュリティー,大阪府,月給26万90円,正社員,警備,求人ボックス,https://xn--pckua2a7gp15o89zb.com/jb/c05d180cce66e65e8005ba5f4136364b,True,13時間前,2026-09-19 04:23:12,大阪府
「愛知県勤務」交通誘導／待遇に自信あり／引っ越しサポートあり・日払い週払い可新着,セキュリティスタッフ株式会社,大阪府,"日給9,500円",正社員,警備,求人ボックス,https://xn--pckua2a7gp15o89zb.com/jb/4915216558e349a4187abd854ca174b3,True,3時間前,2026-09-19 04:23:12,大阪府
「異業種からの転職歓迎」タクシードライバー／週3勤務／月収50万以上新着,警備・,大阪府,"月給45万6,000円",正社員,警備,求人ボックス,https://xn--pckua2a7gp15o89zb.com/jbn/ac54f23607d4b93fc811f0f65015dd7b,True,8時間前,2026-09-19 04:23:16,大阪府
「高収入」タクシー運転手「普通免許のみ」／年収600万円以上／ドライバー／週3出勤／予約が中心新着,...チームワークを大切にしながら現場をまとめるお仕事です。「コツコツ取り組む仕事が好き」「スケジュール通りに進めると達成感がある」という行動力のある方を募集しています。倉庫軽作業、配送ドライバー、,大阪府,月給45万円～80万円,正社員,警備,求人ボックス,https://xn--pckua2a7gp15o89zb.com/jbn/56f922453bf3359cbf1356174bb3ced6,True,9時間前,2026-09-19 04:23:16,大阪府
専属ドライバー「普通免許のみ」／予約が中心／年収600万円以上／未経験でも高収入新着,...チームワークを大切にしながら現場をまとめるお仕事です。「コツコツ取り組む仕事が好き」「スケジュール通りに進めると達成感がある」という行動力のある方を募集しています。倉庫軽作業、配送ドライバー、,大阪府,月給50万円～80万円,正社員,警備,求人ボックス,https://xn--pckua2a7gp15o89zb.com/jbn/6d0e7fe98850f4a594527873b54e058e,True,9時間前,2026-09-19 04:23:16,大阪府
事務スタッフ／ブランクOK／若い者歓迎／福利厚生充実／教育体制あり／マニュアル完備新着,株式会社ホワイトキャリア,大阪府,"月給22万3,000円",正社員,警備,求人ボックス,https://xn--pckua2a7gp15o89zb.com/jbn/5d95e8eb055cd34b418602fb027f7085,True,5時間前,2026-09-19 04:23:16,大阪府
専属ドライバー「普通免許のみ」／予約が中心／タクシードライバー／未経験でも高収入新着,...チームワークを大切にしながら現場をまとめるお仕事です。「コツコツ取り組む仕事が好き」「スケジュール通りに進めると達成感がある」という行動力のある方を募集しています。倉庫軽作業、配送ドライバー、,大阪府,月給50万円～80万円,正社員,警備,求人ボックス,https://xn--pckua2a7gp15o89zb.com/jbn/8008f53410f0be76cbfdf0c23e5e2ff5,True,9時間前,2026-09-19 04:23:16,大阪府
ハイヤー運転手「普通免許のみ」／未経験でも高収入／ドライバー／年収600万円以上／予約が中心新着,未経験OK,大阪府,月給45万円～80万円,正社員,警備,求人ボックス,https://xn--pckua2a7gp15o89zb.com/jbn/3fb236a6d9dedfc602227d188da47cc1,True,9時間前,2026-09-19 04:23:16,大阪府
ドライバー職「普通免許のみ」／タクシードライバー／未経験でも高収入／予約が中心／週3出勤新着,...チームワークを大切にしながら現場をまとめるお仕事です。「コツコツ取り組む仕事が好き」「スケジュール通りに進めると達成感がある」という行動力のある方を募集しています。倉庫軽作業、配送ドライバー、,大阪府,月給50万円～80万円,正社員,警備,求人ボックス,https://xn--pckua2a7gp15o89zb.com/jbn/9f83c8186067e2684b2d3cd20eafdc15,True,9時間前,2026-09-19 04:23:16,大阪府
イズミヤ今福店の駐輪場整理新着,プラスワン株式会社本社,大阪府,"日給9,416円",アルバイト・パート,警備,求人ボックス,https://xn--pckua2a7gp15o89zb.com/jb/8329c8040a13a09981c2017de6f901d9,True,18時間前,2026-09-19 04:23:19,大阪府
「タクシードライバー」月収50万以上・未経験歓迎／週3勤務・普通免許のみOK・ボーナス2回新着,<前職例>製造/工場/ライン作業/生產管理/設備保全/製鋼/溶接クレーン・玉掛/金属加工/板金加工/板金塗装/,大阪府,"月給47万6,000円",正社員,警備,求人ボックス,https://xn--pckua2a7gp15o89zb.com/jbn/fb34eed495a9076f75fd398b42857af5,True,9時間前,2026-09-19 04:23:19,大阪府
大阪府大阪市淀川区の警備本部社員 急募／株式会社 武 警新着,株式会社武 警,大阪府大阪市淀川区の警備本部社員,"月給28万2,100円",正社員,警備,求人ボックス,https://xn--pckua2a7gp15o89zb.com/jb/44dc93b873ab9dd81e3d8f8b52b88b99,True,4時間前,2026-09-19 04:23:19,大阪府
「役員タクシードライバー」週3日勤務／普通免許で未経験からスタート／月収50万円以上・ボーナス年2回新着,警備員,大阪府,"月給45万6,000円",正社員,警備,求人ボックス,https://xn--pckua2a7gp15o89zb.com/jbn/e1d6ce4d1b05b928b64a12b6e18dc885,True,11時間前,2026-09-19 04:23:19,大阪府
「著名人のタクシードライバー」未経験OK・月収50万円以上／週3日勤務／20代～50代が多数活躍中新着,警備員,大阪府,"月給45万6,000円",正社員,警備,求人ボックス,https://xn--pckua2a7gp15o89zb.com/jbn/6b95b3583db115a0cfc5e5b8d5720bca,True,11時間前,2026-09-19 04:23:19,大阪府
ゴルフクラブハウスの清掃スタッフ 未経験可 副業・Wワーク可新着,株式会社エスアンドジー,大阪府,"時給1,250円",アルバイト・パート,警備,求人ボックス,https://xn--pckua2a7gp15o89zb.com/jb/11957013bf44e67e3be3ab40e2cd9d3c,True,4時間前,2026-09-19 04:23:19,大阪府
施設警備スタッフ新着,プラスワン株式会社 採用窓口,大阪府,"日給9,416円",アルバイト・パート,警備,求人ボックス,https://xn--pckua2a7gp15o89zb.com/jb/02e54e6a614533d0ff0d013548bbdb80,True,7時間前,2026-09-19 04:23:19,大阪府
「夜勤・タクシードライバー」急募／月収50万以上・20代活躍中／普通免許でOK新着,警備員,大阪府,"月給47万6,000円",正社員,警備,求人ボックス,https://xn--pckua2a7gp15o89zb.com/jbn/9ba5bb1baad7654f60aa0262ae076ab7,True,9時間前,2026-09-19 04:23:22,大阪府
「夜勤」著名人やモデル・タレントのタクシードライバー／学歴不問・普通免許でOK／資格取得支援あり新着,警備員,大阪府,"月給45万6,000円",正社員,警備,求人ボックス,https://xn--pckua2a7gp15o89zb.com/jbn/1e990ffd59db62fbce7f11857670847e,True,12時間前,2026-09-19 04:23:22,大阪府
「夜勤・空港タクシードライバー」月収50万以上・ボーナスあり／普通免許のみOK新着,警備員,大阪府,"月給45万6,000円",正社員,警備,求人ボックス,https://xn--pckua2a7gp15o89zb.com/jbn/e1a40d78281ff8906c23e22fd812f340,True,8時間前,2026-09-19 04:23:27,大阪府
「週3日勤務」普通免許でスタートできる役員タクシードライバー／週の残り4日はすべてあなたの自由時間新着,...二種免許取得費用は全額会社負担!キャリアアップも全面的にバックアップします。 【その他概要】<前職例>製造/工場/ライン作業/生產管理/設備保全/製鋼/溶接クレーン・玉掛/金属加工/板金加工/板,大阪府,"月給45万6,000円",正社員,警備,求人ボックス,https://xn--pckua2a7gp15o89zb.com/jbn/53860ad451cc609d1bb16bf97bdf8605,True,11時間前,2026-09-19 04:23:29,大阪府
タレント・芸能・観光客のタクシードライバー「週3日勤務」賞与年2回／初年度から月収50万円以上新着,...業務に必要な二種免許の取得費用は会社が全額負担!未経験からでも安心してプロドライバーを目指せる環境です。 【その他特徴】<前職例>製造/工場/ライン作業/生產管理/設備保全/製鋼/溶接クレーン・,大阪府,"月給47万6,000円",正社員,警備,求人ボックス,https://xn--pckua2a7gp15o89zb.com/jbn/da8d23645396c42960335294783d7e3d,True,12時間前,2026-09-19 04:23:32,大阪府
タクシードライバー／週3勤務／異業種からの転職歓迎新着,<年収例>入社1年目/29歳:年収560万円(前職:,大阪府,"月給45万8,000円",正社員,警備,求人ボックス,https://xn--pckua2a7gp15o89zb.com/jbn/092090bdd5199529d9f2e83defc34ed9,True,9時間前,2026-09-19 04:23:35,大阪府
「週3日勤務で年収600万円も可能」タクシードライバー／普通免許のみOK／未経験歓迎／賞与年2回新着,<年収例>・1年目/29歳:560万円(元,大阪府,"月給40万6,000円",正社員,警備,求人ボックス,https://xn--pckua2a7gp15o89zb.com/jbn/ec3120b35b6443abc19a0937658f84c8,True,10時間前,2026-09-19 04:23:35,大阪府
芸能関係者のタクシードライバー／未経験歓迎／週3勤務／月収45万円以上／20代～50代活躍中新着,1年目/29歳:560万円(元,大阪府,"月給45万8,500円",正社員,警備,求人ボックス,https://xn--pckua2a7gp15o89zb.com/jbn/6769880b9ec983c3e6ad31d2a4764992,True,12時間前,2026-09-19 04:23:40,大阪府
製造スタッフ／車・航空機製造／ライン作業 エンジン部品の製造 高収入新着,株式会社AKATSUKI,大阪府,"月給38万6,000円",正社員,製造,求人ボックス,https://xn--pckua2a7gp15o89zb.com/jb/0930f2e107296b2959fbb3fbe6686412,True,5時間前,2026-09-19 04:23:19,大阪府
金型製造スタッフ新着,茨木ナミテイ株式会社,大阪府,月給21万円～33万円,正社員,製造,求人ボックス,https://xn--pckua2a7gp15o89zb.com/jb/45669373faabcd1119af02f3dcf70f13,True,18時間前,2026-09-19 04:23:19,大阪府
「フリーターから正社員へ!」／ゲームキャラフィギュアの製造スタッフ新着,製造,大阪府,"月給42万9,000円",正社員,製造,求人ボックス,https://xn--pckua2a7gp15o89zb.com/jbn/ab5785469590db3884b7a813d1d468d5,True,13時間前,2026-09-19 04:23:20,大阪府
製造スタッフ新着,八翔ビル管理株式会社,大阪府,月給26万円～,正社員,製造,求人ボックス,https://xn--pckua2a7gp15o89zb.com/jb/e8304f94a9c62a74843c487b8fe08a64,True,20時間前,2026-09-19 04:23:20,大阪府
「フリーターから正社員へ!」／アニメ柄PCケースの製造スタッフ新着,製造,大阪府,"月給38万9,000円",正社員,製造,求人ボックス,https://xn--pckua2a7gp15o89zb.com/jbn/251f98d12035d4b4ab29bf0f8ae9e257,True,13時間前,2026-09-19 04:23:20,大阪府
食料品製造／製造スタッフ／工場・製造系 製造スタッフ募集 基本新着,株式会社YKベーキングカンパニー東淀工場,大阪府,"時給1,231円～1,471円",アルバイト・パート,製造,求人ボックス,https://xn--pckua2a7gp15o89zb.com/jb/aeab3103bf07afc7c4ae9299466917e1,True,23時間前,2026-09-19 04:23:24,大阪府
「電子機器の製造スタッフ」寮費無料／お手本通りで安心／初めての方歓迎新着,株式会社tocca,大阪府,月給30万円～34万円,正社員,製造,求人ボックス,https://xn--pckua2a7gp15o89zb.com/jbn/27ef4969b80e970d408ec17df7bcc00f,True,14時間前,2026-09-19 04:23:26,大阪府
厚生労働省許可の圧力容器の製造スタッフ新着,平和鉄工株式会社,大阪府,月給28万円～40万円,正社員,製造,求人ボックス,https://xn--pckua2a7gp15o89zb.com/jb/f5fe3d72e4c5265db2727da045216dbd,True,18時間前,2026-09-19 04:23:26,大阪府
「正社員デビュー歓迎!」／クレーンゲーム景品ぬいぐるみの製造スタッフ新着,製造,大阪府,"月給40万9,000円",正社員,製造,求人ボックス,https://xn--pckua2a7gp15o89zb.com/jbn/b9e93511526beee6e8357be62c89d88b,True,13時間前,2026-09-19 04:23:26,大阪府
「未経験から手に職を!」／ゲーム機保護ケースの製造スタッフ／未経験歓迎新着,製造,大阪府,"月給40万4,000円",正社員,製造,求人ボックス,https://xn--pckua2a7gp15o89zb.com/jbn/b0875551923342e5150abd64ee5a70d0,True,12時間前,2026-09-19 04:23:26,大阪府
「モクモク軽作業!」塗料の製造スタッフ／20代から30代活躍中!新着,株式会社日本ケイテム,大阪府,"時給1,500円～",派遣社員,製造,求人ボックス,https://xn--pckua2a7gp15o89zb.com/jbn/6208794310bc422680f268e7887c0f65,True,19時間前,2026-09-19 04:23:30,大阪府
「正社員デビュー応援!」／キャラクターペンケースの製造スタッフ新着,製造,大阪府,"月給38万4,000円",正社員,製造,求人ボックス,https://xn--pckua2a7gp15o89zb.com/jbn/88c305f43141c7ea466df28da4a6e8a5,True,12時間前,2026-09-19 04:23:30,大阪府
「正社員デビュー応援!」／ゲームコラボTシャツタグの製造スタッフ新着,製造,大阪府,"月給43万4,000円",正社員,製造,求人ボックス,https://xn--pckua2a7gp15o89zb.com/jbn/508b08215f831250decfd3390169f646,True,12時間前,2026-09-19 04:23:32,大阪府
「未経験から手に職を!」／アニメコラボアクセサリーの製造スタッフ新着,製造,大阪府,"月給36万4,000円",正社員,製造,求人ボックス,https://xn--pckua2a7gp15o89zb.com/jbn/18736274084335684bcc9cf91197d38e,True,12時間前,2026-09-19 04:23:37,大阪府
「正社員デビュー歓迎!」／アニメグッズ福袋セットの製造スタッフ新着,製造,大阪府,"月給36万9,000円",正社員,製造,求人ボックス,https://xn--pckua2a7gp15o89zb.com/jbn/37085fd8c114b75ec6c4e245ef884632,True,13時間前,2026-09-19 04:23:37,大阪府
製造スタッフ／研修充実／交通費支給／残業手当あり／社会保険完備新着,製造,大阪府,月給27万円～33万円,正社員,製造,求人ボックス,https://xn--pckua2a7gp15o89zb.com/jbn/d224e441c4b5b164cd73a96e5ad45004,True,14時間前,2026-09-19 04:23:37,大阪府
「高収入を目指せる!」／製造スタッフ／未経験歓迎／安定収入新着,製造,大阪府,月給27万円～33万円,正社員,製造,求人ボックス,https://xn--pckua2a7gp15o89zb.com/jbn/ae31a3dbd8bf972dbcefd8a2814dd91d,True,14時間前,2026-09-19 04:23:40,大阪府
車・航空機製造／溶接／製造スタッフ スピード採用／寮費無料~ミニバン·...新着,ジョブストア株式会社,大阪府,月給29万円～38万円,正社員,製造,求人ボックス,https://xn--pckua2a7gp15o89zb.com/jb/c302e47d89b77e1fba74d917dcb68f3b,True,5時間前,2026-09-19 04:23:40,大阪府
「EVモーターの製造」若手スタッフ多数／二交代・夜勤あり／無料社宅あり新着,AspiRove株式会社,大阪府,月給30万円,正社員,製造,求人ボックス,https://xn--pckua2a7gp15o89zb.com/jb/a31a7309c72cd570981140a59c8ee7e8,True,22時間前,2026-09-19 04:23:40,大阪府
「スピード採用実施中」／製造スタッフ／WEB面接対応／未経験歓迎新着,製造,大阪府,月給27万円～33万円,正社員,製造,求人ボックス,https://xn--pckua2a7gp15o89zb.com/jbn/4d9552d3e0fe74c32d2f32e1dbae1be3,True,14時間前,2026-09-19 04:23:44,大阪府
製品を一つずつ丁寧に仕上げる!／製造スタッフ／未経験歓迎・研修あり新着,製造,大阪府,月給27万円～33万円,正社員,製造,求人ボックス,https://xn--pckua2a7gp15o89zb.com/jbn/7a46a50f22472a16747bc6c0a5dbad55,True,14時間前,2026-09-19 04:23:44,大阪府
マイペースにコツコツ進める作業／製造スタッフ／未経験さん歓迎／土日休み新着,製造,大阪府,月給27万円～33万円,正社員,製造,求人ボックス,https://xn--pckua2a7gp15o89zb.com/jbn/bfd3abb42821537113afa18f3b8f9974,True,12時間前,2026-09-19 04:23:48,大阪府
空港ターミナルビルの清掃スタッフ新着,ロイヤルエアポートサービス株式会社,大阪府,"時給1,180円～",アルバイト・パート,清掃,求人ボックス,https://xn--pckua2a7gp15o89zb.com/jb/6c1a28b272038f5763b534076d4daa28,True,12時間前,2026-09-19 04:23:32,大阪府
清掃スタッフ新着,近代ビル管理株式会社,大阪府,"時給1,300円",アルバイト・パート,清掃,求人ボックス,https://xn--pckua2a7gp15o89zb.com/jb/21afc9b6f42dfa57a73e92d8722818b1,True,18時間前,2026-09-19 04:23:32,大阪府
週2日～4日勤務／音楽教室の清掃スタッフ新着,株式会社オネスト,大阪府,"時給1,250円～1,350円",アルバイト・パート,清掃,求人ボックス,https://xn--pckua2a7gp15o89zb.com/jb/e65976e1836dcb24ac617566f56cac58,True,12時間前,2026-09-19 04:23:32,大阪府
オフィスビル清掃スタッフ新着,八翔ビル管理株式会社,大阪府,"時給1,200円～",アルバイト・パート,清掃,求人ボックス,https://xn--pckua2a7gp15o89zb.com/jb/ee0b0b71a39fd07af3adc57a459e7763,True,20時間前,2026-09-19 04:23:32,大阪府
清掃スタッフ新着,中川産業株式会社,大阪府,"時給1,200円",アルバイト・パート,清掃,求人ボックス,https://xn--pckua2a7gp15o89zb.com/jb/8d2ba506159acfbd1c33d899415a9512,True,7時間前,2026-09-19 04:23:33,大阪府
清掃スタッフ新着,株式会社魚国総本社 大阪総合センター内,大阪府,"時給1,250円",アルバイト・パート,清掃,求人ボックス,https://xn--pckua2a7gp15o89zb.com/jb/3ff17e7df27f2fb69e596e06c80c0161,True,7時間前,2026-09-19 04:23:33,大阪府
ルーム等館内清掃スタッフ新着,松葉温泉 滝の湯,大阪府,"時給1,177円",アルバイト・パート,清掃,求人ボックス,https://xn--pckua2a7gp15o89zb.com/jb/1d007e382fd1168e722a5291971b49b6,True,18時間前,2026-09-19 04:23:33,大阪府
マンションの清掃スタッフ新着,東急ビルメンテナンス株式会社,大阪府,"時給1,240円",アルバイト・パート,清掃,求人ボックス,https://xn--pckua2a7gp15o89zb.com/jb/b90b9b7472010be342ef4b904a08bb64,True,18時間前,2026-09-19 04:23:33,大阪府
商業施設／屋外／の清掃スタッフ新着,株式会社商備,大阪府,"時給1,300円",アルバイト・パート,清掃,求人ボックス,https://xn--pckua2a7gp15o89zb.com/jb/cab6565388c927dd03bb985b072388a2,True,18時間前,2026-09-19 04:23:33,大阪府
ビルクリーニング／清掃／スタッフ新着,日本ケミロン株式会社,大阪府,"日給1万2,000円",正社員,清掃,求人ボックス,https://xn--pckua2a7gp15o89zb.com/jb/bf03fd9a36f41a5d95e9fed44a78a89e,True,19時間前,2026-09-19 04:23:33,大阪府
学校施設の清掃スタッフ 午前のみ新着,株式会社白青舎,大阪府,"時給1,395円",アルバイト・パート,清掃,求人ボックス,https://xn--pckua2a7gp15o89zb.com/jb/43ca60e873c35cc5894a118767d5afbe,True,3時間前,2026-09-19 04:23:36,大阪府
アプローズタワー 清掃スタッフ／アプローズタワー新着,阪急阪神クリーンサービス株式会社,大阪府,"時給1,180円",アルバイト・パート,清掃,求人ボックス,https://xn--pckua2a7gp15o89zb.com/jb/f70a1c7a5f8b45fff68b1f8c86061902,True,5時間前,2026-09-19 04:23:36,大阪府
店舗清掃スタッフ／タイトーステーション 難波店新着,株式会社タイトー,大阪府,"時給1,250円",アルバイト・パート,清掃,求人ボックス,https://xn--pckua2a7gp15o89zb.com/jb/18b1129e37c00abd76ef2a453cc58d64,True,5時間前,2026-09-19 04:23:36,大阪府
大阪府大阪市東淀川区の介護補助・清掃スタッフ新着,社会福祉法人ともしび福祉会 特別養護老人ホームと...,大阪府大阪市東淀川区の介護補助・清掃スタッフ,"時給1,177円",,清掃,求人ボックス,https://xn--pckua2a7gp15o89zb.com/jb/e8f26ab214c44154f029d71787ee4566,True,5時間前,2026-09-19 04:23:36,大阪府
大阪府大阪市福島区の8h／清掃スタッフ／中之島クリニック／内外美装新着,内外美装株式会社,大阪府大阪市福島区の8h／清掃スタッフ／中之島クリニック／内外美装,"時給1,300円",,清掃,求人ボックス,https://xn--pckua2a7gp15o89zb.com/jb/7dc3e7157323e4b025fe63da1ac3e986,True,4時間前,2026-09-19 04:23:36,大阪府
急募／関西国際空港／清掃事務スタッフ募集!新着,株式会社ツーリストエキスパーツ,大阪府,"時給1,400円",派遣社員,清掃,求人ボックス,https://xn--pckua2a7gp15o89zb.com/jb/320788bfa07846e602e3779bfce81eab,True,13時間前,2026-09-19 04:23:36,大阪府
給食センターの洗い場・清掃スタッフ新着,セントラルキッチン ポム,大阪府,"時給1,231円～",アルバイト・パート,清掃,求人ボックス,https://xn--pckua2a7gp15o89zb.com/jb/34ca1cbf783787bee92b13621c044916,True,12時間前,2026-09-19 04:23:36,大阪府
大阪府大阪市西淀川区の日常清掃スタッフ／西淀川区野里2-25-5新着,株式会社SSロジック,大阪府大阪市西淀川区の日常清掃スタッフ／西淀川区野里2-25-5,"時給1,250円～1,300円",パート,清掃,求人ボックス,https://xn--pckua2a7gp15o89zb.com/jb/bd42c4b901d91862ec259ccd0b87ae36,True,3時間前,2026-09-19 04:23:40,大阪府
大阪府大阪市大正区の大型家具専門店の清掃スタッフ／12時～16時30分新着,太平ビルサービス大阪株式会社,大阪府大阪市大正区の大型家具専門店の清掃スタッフ／12時～16時30分,"時給1,184円",,清掃,求人ボックス,https://xn--pckua2a7gp15o89zb.com/jb/6f1a6503a27b67fa610d857208b07055,True,3時間前,2026-09-19 04:23:40,大阪府
商業施設の清掃スタッフ／LINOAS新着,ザイマックスグループ,大阪府,"時給1,240円",アルバイト・パート,清掃,求人ボックス,https://xn--pckua2a7gp15o89zb.com/jb/50a22329ac1b406352a81e9cc35939b3,True,5時間前,2026-09-19 04:23:40,大阪府
マンション清掃スタッフ新着,エス・シー・ビルサービス株式会社 大阪オフィス,大阪府,"時給1,200円",アルバイト・パート,清掃,求人ボックス,https://xn--pckua2a7gp15o89zb.com/jb/d6896f5f62a9f53a795e13febdadeb7a,True,7時間前,2026-09-19 04:23:40,大阪府
大阪府堺市堺区の清掃スタッフ／株式会社 アゴーラ・ホテルマネジメント堺新着,株式会社アゴーラ・ホテルマネジメント堺,大阪府堺市堺区の清掃スタッフ／株式会社,"時給1,240円",アルバイト,清掃,求人ボックス,https://xn--pckua2a7gp15o89zb.com/jb/09cefc0367152029b7b0b2eaac92a2fd,True,3時間前,2026-09-19 04:23:40,大阪府
大阪府和泉市の日常清掃スタッフ／和泉市あゆみ野新着,株式会社KDビルクリーニング,大阪府和泉市の日常清掃スタッフ／和泉市あゆみ野,"時給1,300円",アルバイト,清掃,求人ボックス,https://xn--pckua2a7gp15o89zb.com/jb/eba97375e7f92fed6c9cdcf9f5b05d36,True,5時間前,2026-09-19 04:23:40,大阪府
スーパー内の清掃スタッフ新着,株式会社ボイス,大阪府,"時給1,265円",アルバイト・パート,清掃,求人ボックス,https://xn--pckua2a7gp15o89zb.com/jb/e66aa5ad774006f57a97bb5fab92213b,True,20時間前,2026-09-19 04:23:40,大阪府
ビル清掃スタッフ新着,株式会社ルナビルメンテナンス,大阪府,日給1万円～,アルバイト・パート,清掃,求人ボックス,https://xn--pckua2a7gp15o89zb.com/jb/b57004ffdb0325d7fd9bb1f8a4e51e58,True,11時間前,2026-09-19 04:23:43,大阪府
清掃管理スタッフ新着,株式会社三橋商会,大阪府,月給25万円～30万円,正社員,清掃,求人ボックス,https://xn--pckua2a7gp15o89zb.com/jb/c8aab29956534be525d2c23c20eb76c4,True,21時間前,2026-09-19 04:23:43,大阪府
清掃スタッフ マンション・ビル・病院など 代行業務新着,冨士ファシリティーズ株式会社,大阪府,"時給1,400円",アルバイト・パート,清掃,求人ボックス,https://xn--pckua2a7gp15o89zb.com/jb/ca8261b64d68320dda29e13d714edabb,True,4時間前,2026-09-19 04:23:43,大阪府
クリーン&ランドリースタッフ・清掃／環境整備新着,住宅型有料老人ホーム ケア・キューブ寝屋川駅前,大阪府,"月給25万8,300円",正社員,清掃,求人ボックス,https://xn--pckua2a7gp15o89zb.com/jb/3a23dd0717cf3c09feb3ac3c78361028,True,6時間前,2026-09-19 04:23:43,大阪府
清掃管理スタッフ／清掃新着,株式会社ザイマックスサラ関西,大阪府,月給22万円,正社員,清掃,求人ボックス,https://xn--pckua2a7gp15o89zb.com/jb/5ee7803c09453c15821c1f58e4d7b164,True,22時間前,2026-09-19 04:23:43,大阪府
マンションの共有部清掃スタッフ新着,株式会社ディースパーク,大阪府,"時給1,300円",派遣社員,清掃,求人ボックス,https://xn--pckua2a7gp15o89zb.com/jb/84de86fdc42384087b2d4e5fba962d2c,True,8時間前,2026-09-19 04:23:43,大阪府
清掃スタッフ新着,株式会社サクセス,大阪府,"時給1,231円",アルバイト・パート,清掃,求人ボックス,https://xn--pckua2a7gp15o89zb.com/jb/36ffc5c5ee7a04c9046d7453b9890287,True,9時間前,2026-09-19 04:23:43,大阪府
分譲マンション清掃スタッフ新着,株式会社太陽ビルマネージメント,大阪府,"月給18万1,900円",,清掃,求人ボックス,https://xn--pckua2a7gp15o89zb.com/jb/80311e1ad3f9b3cf0620682c36ee4eff,True,9時間前,2026-09-19 04:23:47,大阪府
オフィスビルの清掃スタッフ新着,日東グローブシップ・カストディアル・サービス株式...,大阪府,"時給1,177円",アルバイト・パート,清掃,求人ボックス,https://xn--pckua2a7gp15o89zb.com/jb/d19181ad8e3514608602ed37d9421c38,True,11時間前,2026-09-19 04:23:47,大阪府
清掃スタッフ新着,株式会社松浦商会,大阪府,"時給1,178円～",アルバイト・パート,清掃,求人ボックス,https://xn--pckua2a7gp15o89zb.com/jb/07a553bf10d97569f978dc386af230ec,True,12時間前,2026-09-19 04:23:47,大阪府
マンションの日常清掃スタッフ新着,東洋テックビルサービス株式会社 クリーンサービス部,大阪府,"時給1,231円",アルバイト・パート,清掃,求人ボックス,https://xn--pckua2a7gp15o89zb.com/jb/9232c2886f178e4ddcd12e1a6ba6e6ff,True,7時間前,2026-09-19 04:23:47,大阪府
ラブホテルでの清掃スタッフ新着,ホテルファイブプラス,大阪府,"時給1,177円～",アルバイト・パート,清掃,求人ボックス,https://xn--pckua2a7gp15o89zb.com/jb/5d5a0e9714666da47b5a9b92010a8193,True,21時間前,2026-09-19 04:23:47,大阪府
ラブホテルでの清掃スタッフ新着,ホテルファイブ,大阪府,"時給1,177円～",アルバイト・パート,清掃,求人ボックス,https://xn--pckua2a7gp15o89zb.com/jb/7aa5b08b7e89e8f4b36ff3ee1e5824a9,True,21時間前,2026-09-19 04:23:47,大阪府
オフィスビルの日常清掃スタッフ新着,株式会社クロスサービス,大阪府,"時給1,250円",アルバイト・パート,清掃,求人ボックス,https://xn--pckua2a7gp15o89zb.com/jb/f11881ac3b0625eac697126133d171cb,True,7時間前,2026-09-19 04:23:47,大阪府
「施設内の日常清掃スタッフ」日払い制度OK!未経験でも安心!履歴書新着,株式会社アドミック／O19754H派,大阪府,"時給1,300円～",派遣社員,清掃,求人ボックス,https://xn--pckua2a7gp15o89zb.com/jb/9b50c912d43d66a9a0c00c0a659b462f,True,23時間前,2026-09-19 04:23:50,大阪府
「共有部などの清掃スタッフ」急な出費にも安心!日払いOK!未経験歓迎!新着,株式会社アドミック／O19444H派,大阪府,"時給1,500円～",派遣社員,清掃,求人ボックス,https://xn--pckua2a7gp15o89zb.com/jb/f25e1721ac5bc28f90cf35e2e4078c7c,True,23時間前,2026-09-19 04:23:50,大阪府
ラブホテルでの清掃スタッフ新着,ホテルジェイ,大阪府,"時給1,177円～",アルバイト・パート,清掃,求人ボックス,https://xn--pckua2a7gp15o89zb.com/jb/0c4fe8e95f96c293ebb429fcc9badc62,True,21時間前,2026-09-19 04:23:50,大阪府
「清掃STAFF」急な出費にも安心!日払いOK!未経験歓迎!履歴書新着,株式会社アドミック／O18500H派,大阪府,"時給1,310円～",派遣社員,清掃,求人ボックス,https://xn--pckua2a7gp15o89zb.com/jb/f73980c5b0039357a408f53a493b60b7,True,23時間前,2026-09-19 04:23:50,大阪府
歯科医院の夜間清掃スタッフ新着,S建美,大阪府,"時給1,550円",,清掃,求人ボックス,https://xn--pckua2a7gp15o89zb.com/jb/62a4ab50368bcdc86a53f44f046a4aaa,True,4時間前,2026-09-19 04:23:50,大阪府
マンション清掃スタッフ新着,有限会社ひまわりハウス,大阪府,"時給1,250円",アルバイト・パート,清掃,求人ボックス,https://xn--pckua2a7gp15o89zb.com/jb/35cfad32e915f9f81ecf6857cd61774b,True,12時間前,2026-09-19 04:23:50,大阪府
オフィスビルの清掃スタッフ新着,日東グローブシップ・カストディアル・サービス株式...,大阪府,"時給1,177円",アルバイト・パート,清掃,求人ボックス,https://xn--pckua2a7gp15o89zb.com/jb/a3f4ad5bbd3df4c2a230434cc51eb474,True,11時間前,2026-09-19 04:23:54,大阪府
オフィスビルの清掃スタッフ新着,日東グローブシップ・カストディアル・サービス株式...,大阪府,"時給1,177円",アルバイト・パート,清掃,求人ボックス,https://xn--pckua2a7gp15o89zb.com/jb/a297ff8ec6867c45a8d3e5c93465e187,True,11時間前,2026-09-19 04:23:54,大阪府
短期OKの住み込みバイト!クルーズ船の清掃スタッフ／国内外を旅しながら...新着,株式会社GROW AGENCY,大阪府,"時給1,500円～1,875円",アルバイト・パート,清掃,求人ボックス,https://xn--pckua2a7gp15o89zb.com/jb/90ae157d22bee97a972d803ebb715faf,True,8時間前,2026-09-19 04:23:54,大阪府
「短期OK」クルーズ船清掃スタッフ／住み込み・国内外を旅しながら高収入新着,株式会社GROWAGENCY,大阪府,"時給1,500円～1,875円",アルバイト・パート,清掃,求人ボックス,https://xn--pckua2a7gp15o89zb.com/jb/5104f960ed5b4a42320efce3391813e0,True,8時間前,2026-09-19 04:23:54,大阪府
清掃スタッフ／オフィスビルの掃除／日払い・週払いOK／往復交通費支給新着,株式会社G&G,大阪府,"時給1,285円",派遣社員,清掃,求人ボックス,https://xn--pckua2a7gp15o89zb.com/jb/6b35269b273d65fcb5fa84e6a294cafa,True,5時間前,2026-09-19 04:23:54,大阪府
店内清掃／週3日～OK／買物割引あり／119 ライフ巽店新着,株式会社ライフコーポレーション,大阪府,"時給1,260円～",アルバイト・パート,清掃,求人ボックス,https://xn--pckua2a7gp15o89zb.com/jb/091e905870d0029a771604f935da9cf9,True,6時間前,2026-09-19 04:23:54,大阪府
週3日～ホテルの客室清掃／Wワーク可新着,isis-CAST株式会社,大阪府,"時給1,250円～1,480円",アルバイト・パート,清掃,求人ボックス,https://xn--pckua2a7gp15o89zb.com/jb/8a92cdc5cd7a769c8c41d6a0cb2514ce,True,23時間前,2026-09-19 04:23:54,大阪府
看護助手業務／高時給1400円／経験を活かすチャンス／土日祝お休み新着,株式会社テクノ・サービス,大阪府,時給1400円,派遣社員,清掃,求人ボックス,https://xn--pckua2a7gp15o89zb.com/jbn/19a5c31bc41224542f26d1080ec32956,True,19時間前,2026-09-19 04:23:56,大阪府
週1日・1.5Hの勤務／テナントビル清掃新着,アーカスクリエイト株式会社,大阪府,"日給2,000円",アルバイト・パート,清掃,求人ボックス,https://xn--pckua2a7gp15o89zb.com/jb/02758602104bc5add4001a9024de64ed,True,7時間前,2026-09-19 04:23:56,大阪府
乗馬クラブでの給餌や馬房・施設内清掃のお仕事新着,乗馬クラブ クレイン大阪,大阪府,"時給1,240円～",アルバイト・パート,清掃,求人ボックス,https://xn--pckua2a7gp15o89zb.com/jb/3c95dbf92b82ae23a80b331ac0087099,True,12時間前,2026-09-19 04:23:56,大阪府
施設内清掃員「パート」新着,株式会社ゆいグループ,大阪府,"時給1,177円",アルバイト・パート,清掃,求人ボックス,https://xn--pckua2a7gp15o89zb.com/jb/dbbd1a0b9361ba1131b2da8120cae58b,True,18時間前,2026-09-19 04:23:56,大阪府
福祉施設での調理補助新着,株式会社魚国総本社,大阪府,"時給1,235円",アルバイト・パート,清掃,求人ボックス,https://xn--pckua2a7gp15o89zb.com/jb/5f0a8a69376f3e8b5d75ada32e3eb21f,True,7時間前,2026-09-19 04:23:56,大阪府
ホテルフロント・清掃／英語を活かせる・まかないあり・月8日休み新着,株式会社Noum,大阪府,"時給1,250円",アルバイト・パート,清掃,求人ボックス,https://xn--pckua2a7gp15o89zb.com/jbn/78c556458fc8a62553f05716181af9ed,True,19時間前,2026-09-19 04:23:56,大阪府
大阪府大阪市中央区の民泊運営・経営者アシスタント新着,MTコミュニケーションズ株式会社,大阪府大阪市中央区の民泊運営・経営者アシスタント,月給25万円,正社員,清掃,求人ボックス,https://xn--pckua2a7gp15o89zb.com/jb/db469625960b3b52efef91dd113c3bd8,True,4時間前,2026-09-19 04:24:00,大阪府
有料老人ホームでの施設ヘルパー新着,有料老人ホーム いずみ野,大阪府,"時給1,300円～",アルバイト・パート,清掃,求人ボックス,https://xn--pckua2a7gp15o89zb.com/jb/77048deafd34d01b664f4f18abc0c4cd,True,18時間前,2026-09-19 04:24:00,大阪府
大阪市中央区エリアでのお仕事!「ラグジュアリースニーカーブランドの店長職」 ゴールデングース新着,株式会社ディンプル,大阪府,年収450万円～550万円,正社員,清掃,求人ボックス,https://xn--pckua2a7gp15o89zb.com/jb/26cbf8e87c7bbb6432cb40f68711e14b,True,10時間前,2026-09-19 04:24:00,大阪府
接客サービス新着,株式会社ウィルエージェンシー 梅田,大阪府,"時給1,200円～",アルバイト・パート,清掃,求人ボックス,https://xn--pckua2a7gp15o89zb.com/jb/27f481a99d0f7d321dfbb3df21f8ac7d,True,13時間前,2026-09-19 04:24:00,大阪府
週1日・3時間～OK／ブランクOK／定員19名の小規模園／家事やWワークと両立新着,上新庄ひなた保育園,大阪府,"時給1,200円～1,400円",アルバイト・パート,清掃,求人ボックス,https://xn--pckua2a7gp15o89zb.com/jb/4e4947ec8d2fce61e07f21414f8ae546,True,8時間前,2026-09-19 04:24:00,大阪府
10年以上ぶりに既卒歯科衛生士さんも募集します! 産休スタッフの補充+...新着,南部歯科医院,京都府,"時給1,800円～2,000円",アルバイト・パート,歯科,求人ボックス,https://xn--pckua2a7gp15o89zb.com/jbn/202a13024c896a43913219b2767d6e1f,True,19時間前,2026-09-19 04:24:03,京都府
院内勤務の歯科衛生士新着,医療法人良寿会 おかだ歯科医院,京都府,"時給1,600円～",アルバイト・パート,歯科,求人ボックス,https://xn--pckua2a7gp15o89zb.com/jb/669c20dfff28d31e8388e57567746039,True,7時間前,2026-09-19 04:24:03,京都府
京都府向日市の歯科衛生士新着,高山歯科クリニック,京都府向日市の歯科衛生士,月給23万円～27万円,正社員,歯科,求人ボックス,https://xn--pckua2a7gp15o89zb.com/jb/a919e4e8af082f489286d5eb4daa6653,True,6時間前,2026-09-19 04:24:03,京都府
京都府舞鶴市の歯科衛生士新着,たかいデンタルクリニック,京都府舞鶴市の歯科衛生士,月給17万円,正社員,歯科,求人ボックス,https://xn--pckua2a7gp15o89zb.com/jb/3a4e67347be4847dc479a25d8f043a06,True,5時間前,2026-09-19 04:24:03,京都府
京都府福知山市の歯科衛生士新着,駅南歯科クリニック,京都府福知山市の歯科衛生士,月給27万円,正社員,歯科,求人ボックス,https://xn--pckua2a7gp15o89zb.com/jb/f786349c467b12fdc585272dfe95fa9f,True,5時間前,2026-09-19 04:24:03,京都府
京都府京都市北区の歯科衛生士新着,teethmineきしもと矯正歯科クリニック,京都府京都市北区の歯科衛生士,"月給30万8,931円",正社員,歯科,求人ボックス,https://xn--pckua2a7gp15o89zb.com/jb/75ae7b891fbc4f2278256f0a61bf6c01,True,6時間前,2026-09-19 04:24:03,京都府
京都府宮津市の歯科衛生士／宮津新着,医療法人白修会 金下歯科・矯正歯科,京都府宮津市の歯科衛生士／宮津,"時給1,800円～2,000円",,歯科,求人ボックス,https://xn--pckua2a7gp15o89zb.com/jb/7f4cadaa13cdd34651d04c88992a16c2,True,5時間前,2026-09-19 04:24:03,京都府
京都府京都市伏見区の歯科衛生士新着,花井歯科医院,京都府京都市伏見区の歯科衛生士,"時給1,680円～1,920円",,歯科,求人ボックス,https://xn--pckua2a7gp15o89zb.com/jb/5072331c7a45d60494aea8271bda2f29,True,5時間前,2026-09-19 04:24:03,京都府
歯科衛生士／17時45分診療終了!早く帰れてしっかり学べる医院新着,ながお歯科クリニック,京都府,月給28万円～35万円,正社員,歯科,求人ボックス,https://xn--pckua2a7gp15o89zb.com/jb/4c5fb59f3b1de43320f9c60033a4fe93,True,13時間前,2026-09-19 04:24:03,京都府
審美歯科に力を入れるクリニックで歯科医師新着,こもり歯科医院,京都府,"時給3,500円～5,000円",アルバイト・パート,歯科,求人ボックス,https://xn--pckua2a7gp15o89zb.com/jb/8116378d52583d87dbe285dcbc473ae0,True,6時間前,2026-09-19 04:24:03,京都府
理学療法士／療養型病院／月給最大30万円以上可能! 賞与はうれしい4ヶ月分 前年度実績新着,嵯峨野病院,京都府,"月給25万2,200円",正社員,歯科,求人ボックス,https://xn--pckua2a7gp15o89zb.com/jb/32c629b7d8849e06a2379adf902f7c3c,True,17時間前,2026-09-19 04:24:03,京都府
臨床工学技士／一般病院／徒歩5分／17時00分まで／でプライベートも充実 週3日以上でご相談新着,医療法人福冨士会 京都ルネス病院,京都府,"時給1,156円～1,801円",アルバイト・パート,歯科,求人ボックス,https://xn--pckua2a7gp15o89zb.com/jb/d708c138e58350f6b3b0506f9fa1c0ee,True,17時間前,2026-09-19 04:24:03,京都府
公認心理師／臨床心理士／総合病院／徒歩3分／17時00分まで／でプライベートも充実 入居可能住宅新着,医療法人医仁会武田総合病院,京都府,月給21万200円,正社員,歯科,求人ボックス,https://xn--pckua2a7gp15o89zb.com/jb/a0635fe34241d91836762347f5b7138a,True,17時間前,2026-09-19 04:24:03,京都府
歯科衛生士週休2.5日 残業ほぼナシ 祝日振替診療ナシ 駅チカ徒歩1分新着,吉川デンタルクリニック,京都府,月給28万円～35万円,正社員,歯科,求人ボックス,https://xn--pckua2a7gp15o89zb.com/jb/105f12cca51ce2cc62e0b5c1d6d2d350,True,16時間前,2026-09-19 04:24:03,京都府
歯科衛生士!週1日～OK 駅チカ徒歩1分新着,西田かんな歯科医院,京都府,"時給2,860円～",アルバイト・パート,歯科,求人ボックス,https://xn--pckua2a7gp15o89zb.com/jb/a61abeced5caf057ca7abf7d9d3899dd,True,16時間前,2026-09-19 04:24:03,京都府
クラウド型労務管理システムの開発新着,パーソルクロステクノロジー株式会社,大阪府,"時給2,700円～2,900円",派遣社員,派遣,求人ボックス,https://xn--pckua2a7gp15o89zb.com/jb/afdcc06eb633184f66ad19949e91e181,True,4時間前,2026-09-19 04:23:43,大阪府
週4OK／日勤／経験活かせる／食品工場での事務ワーク新着,株式会社ニチギワールド,大阪府,"時給1,320円～1,650円",派遣社員,派遣,求人ボックス,https://xn--pckua2a7gp15o89zb.com/jb/8507167cbd7ace3576d14acb6a5f81d4,True,12時間前,2026-09-19 04:23:43,大阪府
信用組合の銀行事務 10月スタート 経験必須!堺筋本町駅周辺! 金融機関新着,株式会社アヴァンティスタッフ,大阪府,"時給1,500円",派遣社員,派遣,求人ボックス,https://xn--pckua2a7gp15o89zb.com/jb/aade026a1c99e2d71e5bb4d295e54277,True,16時間前,2026-09-19 04:23:43,大阪府
介護スタッフ／有料老人ホームで勤務!20代～30代活躍中／無資格スタート応援!夜勤のみ新着,株式会社ベネッセキャリオス,大阪府,"時給1,813円",派遣社員,派遣,求人ボックス,https://xn--pckua2a7gp15o89zb.com/jbn/77d087a1d8a6068bfd063ef360f828e7,True,21時間前,2026-09-19 04:23:43,大阪府
茨木市の放課後デイサービスでの保育士／児童支援員／社会福祉士／放課後デイの派遣スタッフ募集 駅チカ新着,グッドネクスト,大阪府,"時給1,500円",派遣社員,派遣,求人ボックス,https://xn--pckua2a7gp15o89zb.com/jb/0911de05472042d71fd327c1f2468f10,True,23時間前,2026-09-19 04:23:43,大阪府
「丁寧な研修から始められます」／派遣コーディネーター／未経験歓迎／研修充実／サポート体制あり新着,コーディネーター/いきなり一人で対応させることはありません。...,大阪府,月給27万円～33万円,正社員,派遣,求人ボックス,https://xn--pckua2a7gp15o89zb.com/jbn/cc5552fa1f22b6e998093eeebb33019f,True,12時間前,2026-09-19 04:23:44,大阪府
「未経験から挑戦できる提案のお仕事」／派遣コーディネーター／未経験歓迎／研修つき／長期歓迎新着,コーディネーター 【この仕事のやりがい】人と仕事を結び、現場が回る状態をつくれる 企業からも,大阪府,月給25万円～30万円,正社員,派遣,求人ボックス,https://xn--pckua2a7gp15o89zb.com/jbn/e0ba9eb640fa390b2c60f5cca22505ed,True,12時間前,2026-09-19 04:23:44,大阪府
「男女ともに活躍している職場です」／派遣コーディネーター／男女ともに活躍中／未経験OK／長期安定新着,コーディネーター 任せる相手も、任せる仕事も、性別で決めることはありません   お任せすること・,大阪府,月給27万円～33万円,正社員,派遣,求人ボックス,https://xn--pckua2a7gp15o89zb.com/jbn/99d8023591d1a7230801a341b3e1f1ee,True,12時間前,2026-09-19 04:23:44,大阪府
「同世代の仲間と、一緒に成長しよう」／派遣コーディネーター／20~30代活躍中／未経験OK／研修充実新着,コーディネーター/チームの中心は20代・30代。「うまく話せませんでした」が言いやすい空気があります   お任せすること・,大阪府,月給25万円～30万円,正社員,派遣,求人ボックス,https://xn--pckua2a7gp15o89zb.com/jbn/d9838d90de811b422297d51919f69666,True,12時間前,2026-09-19 04:23:44,大阪府
泉南郡田尻町エリアでお仕事をお探しの方に! 外国人向け通信機器のカウンター接客新着,株式会社ディンプル,大阪府,"月給23万3,000円",正社員,派遣,求人ボックス,https://xn--pckua2a7gp15o89zb.com/jb/d3fc27d1354b55b7190c708d0a564e95,True,10時間前,2026-09-19 04:23:44,大阪府
未経験OK 電話少 アパレル関連の事務サポ!社員実績有 南堀江新着,...0H以下)/シフト制/20代活躍中/30代活躍中/,大阪府,"時給1,500円～1,550円",派遣社員,派遣,求人ボックス,https://xn--pckua2a7gp15o89zb.com/jb/24023c9dfd168e59f27f0b904b92d80a,True,12時間前,2026-09-19 04:23:44,大阪府
製造スタッフ／ライン作業／品出し ダンボール製造スタッフ新着,株式会社セブンピクチャーズ,大阪府,"時給1,350円～1,600円",派遣社員,派遣,求人ボックス,https://xn--pckua2a7gp15o89zb.com/jb/649e8bf71bd38ac45e79e87f812f5e15,True,5時間前,2026-09-19 04:23:47,大阪府
倉庫内のリーチフォークリフト作業「時給1700円／週払いOK／夜勤」新着,株式会社AsBee,大阪府,時給1700円,派遣社員,派遣,求人ボックス,https://xn--pckua2a7gp15o89zb.com/jb/82d8eb4ffffbba655c344f6c6fc90e41,True,12時間前,2026-09-19 04:23:47,大阪府
子育て支援員／私立認可保育園／大阪市立豊里第2保育所新着,株式会社アスカ,大阪府,"時給1,430円",派遣社員,派遣,求人ボックス,https://xn--pckua2a7gp15o89zb.com/jb/faa5526f598c6ff1ccc6ffd4073d9d86,True,6時間前,2026-09-19 04:23:47,大阪府
「「日勤のみ!20～40代活躍中のお仕事」」シール貼りのお仕事新着,セブンエージェント株式会社,大阪府,"時給1,300円～",派遣社員,派遣,求人ボックス,https://xn--pckua2a7gp15o89zb.com/jb/d0d6a174edc2e3dfecf3276a1e46b4db,True,20時間前,2026-09-19 04:23:47,大阪府
内勤コーディネーター新着,株式会社エクスプレス・エージェント,大阪府,"時給1,500円～1,750円",アルバイト・パート,派遣,求人ボックス,https://xn--pckua2a7gp15o89zb.com/jb/29378628f0d0ac5f8bfcaae87ed76b7f,True,21時間前,2026-09-19 04:23:47,大阪府
百貨店会員様からのお問い合わせ対応&管理者業務／百貨店会員様からのお問い合わせ対応&管理者業務@大阪...新着,株式会社ミライル,大阪府,"時給1,440円～1,800円",派遣社員,派遣,求人ボックス,https://xn--pckua2a7gp15o89zb.com/jb/c501a1663fd707cb079a3bc21c3eb512,True,21時間前,2026-09-19 04:23:47,大阪府
「フレッシュな仲間と働ける!」／派遣コーディネーター／未経験OK／スタッフサポート／研修充実新着,コーディネーター  登録,大阪府,月給25万円～30万円,正社員,派遣,求人ボックス,https://xn--pckua2a7gp15o89zb.com/jbn/3c0525cbca3a785db3ba105e3e046d26,True,12時間前,2026-09-19 04:23:50,大阪府
「対話を大切にできる方に向いた職種」／派遣コーディネーター／未経験スタートOK／スタッフサポート新着,コーディネーター  登録,大阪府,月給25万円～30万円,正社員,派遣,求人ボックス,https://xn--pckua2a7gp15o89zb.com/jbn/369677745437c5ae2a4e52e4343f4c8e,True,12時間前,2026-09-19 04:23:50,大阪府
一般事務／月26万×未経験OK キレイなオフィスで事務 11月開始新着,マンパワーグループ株式会社,大阪府,"時給1,600円",派遣社員,派遣,求人ボックス,https://xn--pckua2a7gp15o89zb.com/jb/bd80e7f49fccf697a75c2c608f2326e0,True,7時間前,2026-09-19 04:23:50,大阪府
一般事務・OA事務 ／ 営業事務 ／派遣スタッフ活躍中 あんしん長期 土日祝休み新着,パーソルテンプスタッフ株式会社,大阪府,"時給1,400円～1,450円",派遣社員,派遣,求人ボックス,https://xn--pckua2a7gp15o89zb.com/jb/e6e9d1438666fac2af26bb782222ee7c,True,15時間前,2026-09-19 04:23:50,大阪府
データ処理などの事務スタッフ／日勤×残業なし 年間休日125日 食堂あり 週数回は在宅OK新着,株式会社クリエイティブ採用課,大阪府,"時給1,450円～",派遣社員,派遣,求人ボックス,https://xn--pckua2a7gp15o89zb.com/jb/fee6590bb2cfb04ad978a28e57c9be31,True,7時間前,2026-09-19 04:23:50,大阪府
機械装置の設計補助／CAD経験不問／残業なし相談OK新着,サンワ株式会社,大阪府,"時給1,600円～2,000円",派遣社員,派遣,求人ボックス,https://xn--pckua2a7gp15o89zb.com/jb/95026534e97a1453497c8befdd54f20c,True,14時間前,2026-09-19 04:23:50,大阪府
はじめての経理にチャレンジ!電話ほぼなし新着,ランスタッド株式会社,大阪府,"時給1,400円",派遣社員,派遣,求人ボックス,https://xn--pckua2a7gp15o89zb.com/jb/8af68d1ea2f0622d5f76b4483e98f969,True,23時間前,2026-09-19 04:23:50,大阪府
大手商社関連会社で営業事務新着,ヒューマンリソシア株式会社,大阪府,"時給1,750円",派遣社員,派遣,求人ボックス,https://xn--pckua2a7gp15o89zb.com/jb/d1a7c3648b802602f829fcbe0689876f,True,6時間前,2026-09-19 04:23:50,大阪府
スポーツ運営／未経験者OK!営業のお仕新着,株式会社ヒト・コミュニケーションズ 人材開発部,大阪府,"月給25万2,000円",正社員,派遣,求人ボックス,https://xn--pckua2a7gp15o89zb.com/jb/716b4fa046401aa536eb7b7db094118c,True,22時間前,2026-09-19 04:23:53,大阪府
機械CADオペレーター／実務未経験OK／CAD研修あり新着,株式会社インターテクノ,大阪府,"時給1,500円～1,800円",派遣社員,派遣,求人ボックス,https://xn--pckua2a7gp15o89zb.com/jb/59855533995e4a7874ad48666d9f2fc4,True,14時間前,2026-09-19 04:23:53,大阪府
リゾートバイト／宿泊予約・事務新着,株式会社ダイブ,大阪府,"時給1,400円～1,500円",派遣社員,派遣,求人ボックス,https://xn--pckua2a7gp15o89zb.com/jb/684fea7b0eef939236274209e9707dbc,True,23時間前,2026-09-19 04:23:53,大阪府
ゴム製品の製造／仮払い 制度あり／20代～40代活躍中新着,株式会社ティーエム・テックス,大阪府,"時給1,400円～1,750円",派遣社員,派遣,求人ボックス,https://xn--pckua2a7gp15o89zb.com/jbn/7a902dccca247bae66ab39f37c856607,True,23時間前,2026-09-19 04:23:53,大阪府
アパレル／アクセサリー／レジ打ち 鏡を見るのが もっと好きになる 履歴書不要／日払いOK／昇給有新着,株式会社I・PARTNERS,大阪府,"時給1,300円～1,600円",派遣社員,派遣,求人ボックス,https://xn--pckua2a7gp15o89zb.com/jb/cae2b0d85ad0147833d78e6937e0977e,True,23時間前,2026-09-19 04:23:53,大阪府
ペンの製造、検査など／直接雇用の可能性あり／高時給新着,株式会社テクノ・サービス,大阪府,"時給1,400円～",派遣社員,派遣,求人ボックス,https://xn--pckua2a7gp15o89zb.com/jbn/4703f87b29578688f8a792f6eac6fc18,True,19時間前,2026-09-19 04:23:53,大阪府
貿易・海外営業事務新着,株式会社リクルートスタッフィング,大阪府,"時給1,800円～",派遣社員,派遣,求人ボックス,https://xn--pckua2a7gp15o89zb.com/jb/ab9f2a57e01fc1ae37716a6a277f52a0,True,19時間前,2026-09-19 04:23:56,大阪府
営業事務新着,株式会社セリオ,大阪府,"時給1,550円",派遣社員,派遣,求人ボックス,https://xn--pckua2a7gp15o89zb.com/jb/bd80e2141fc6c2f4758d441535b6ddb7,True,22時間前,2026-09-19 04:23:56,大阪府
小規模多機能型居宅介護の副施設長新着,人材マネジメント・シフト調整(,大阪府,"月給31万5,000円",正社員,派遣,求人ボックス,https://xn--pckua2a7gp15o89zb.com/jb/b49e6a61ff75abe93912267a46219378,True,9時間前,2026-09-19 04:23:56,大阪府
子どもが好きな方必見!キッズプラザ大阪のインフォメーションスタッフ!@扇町駅1分新着,株式会社ヒト・コミュニケーションズ,大阪府,"時給1,250円",契約社員,派遣,求人ボックス,https://xn--pckua2a7gp15o89zb.com/jb/2f0d168e50bce07d0c7bb840641b7a03,True,22時間前,2026-09-19 04:23:56,大阪府
電気設備CADオペレーター Tfas 駅チカ5分新着,株式会社アットキャド,大阪府,"時給1,500円～1,600円",派遣社員,派遣,求人ボックス,https://xn--pckua2a7gp15o89zb.com/jb/9742c9109d5587f75bf8f513dc57dc3d,True,13時間前,2026-09-19 04:23:56,大阪府
「接客・販売スタッフ」FJALLRAVEN by 3NITY／週2日～OK／時給1350円～新着,株式会社アクトブレーン,大阪府,時給1350円～,アルバイト・パート,派遣,求人ボックス,https://xn--pckua2a7gp15o89zb.com/jbn/1fb0a534ee644501177b53fa5f74dd33,True,16時間前,2026-09-19 04:24:00,大阪府
大手広告グループ企業で経理サポート!時給1550円新着,株式会社博報堂DYキャプコ,大阪府,時給1550円,派遣社員,派遣,求人ボックス,https://xn--pckua2a7gp15o89zb.com/jb/ee9684eeb4c6d72b33962f298751cf95,True,7時間前,2026-09-19 04:24:00,大阪府
惣菜・スイーツ販売／キッチン／洗い場 食品スーパー·調理スタッフ新着,株式会社アクオ,大阪府,"時給1,300円～",派遣社員,派遣,求人ボックス,https://xn--pckua2a7gp15o89zb.com/jb/fbfe5048d10878d5173d862665c38a60,True,17時間前,2026-09-19 04:24:00,大阪府
スクイーズなどの倉庫内軽作業スタッフH新着,株式会社アルミラ,大阪府,"時給1,470円～",派遣社員,派遣,求人ボックス,https://xn--pckua2a7gp15o89zb.com/jb/d7f87081af67824299537d3e3965bae5,True,17時間前,2026-09-19 04:24:00,大阪府
看護師 単発!希望の日程で1日～OKの訪問入浴!時給1900円新着,株式会社ワークステーション,大阪府,時給1900円,派遣社員,派遣,求人ボックス,https://xn--pckua2a7gp15o89zb.com/jb/51fb4cd110433f530a418f2d99b8015e,True,2時間前,2026-09-19 04:24:00,大阪府
貿易事務／17時終業 荷物の配送手配など!時給1600円 未経験OK新着,株式会社スタッフサービス,大阪府,時給1600円,派遣社員,派遣,求人ボックス,https://xn--pckua2a7gp15o89zb.com/jb/28e21a9164bc73ae8c753e887713b0ee,True,16時間前,2026-09-19 04:24:00,大阪府
6年連続「ホワイト企業認定」取得企業!／完全週休2日制／ホテルロビースタッフ／oeahs新着,FIDIA SOLUTIONS株式会社,大阪府,"月給20万5,000円",正社員,派遣,求人ボックス,https://xn--pckua2a7gp15o89zb.com/jb/dbe78c1a6be49b437bcdac9b944c301d,True,18時間前,2026-09-19 04:24:00,大阪府
製品の加工作業新着,株式会社イープラネット,大阪府,"時給1,300円～1,800円",派遣社員,派遣,求人ボックス,https://xn--pckua2a7gp15o89zb.com/jb/08214885ed24b4d09e9f92f3dd5f84a6,True,18時間前,2026-09-19 04:24:00,大阪府
部署アシスタント／データ入力／通信業界 NTTグループ新着,株式会社パソナHS,大阪府,"時給1,390円",派遣社員,派遣,求人ボックス,https://xn--pckua2a7gp15o89zb.com/jb/ad19828a9657ede0b0d4724fb24779d1,True,4時間前,2026-09-19 04:24:04,大阪府
薬剤師／調剤薬局新着,株式会社メディカルリソース,大阪府,"時給2,800円～3,300円",派遣社員,派遣,求人ボックス,https://xn--pckua2a7gp15o89zb.com/jb/a7be799ed93e92371a9fbfebd34567e2,True,3時間前,2026-09-19 04:24:04,大阪府
リングノートの製造／機械オペレーター新着,株式会社ウィルオブ・ワーク,大阪府,"時給1,500円",派遣社員,派遣,求人ボックス,https://xn--pckua2a7gp15o89zb.com/jb/1aa15c081c0a51fda0b76213ae8880dd,True,15時間前,2026-09-19 04:24:04,大阪府
週3日～OK／軽作業のお仕事／嬉しい日払・即金／副業歓迎新着,SGフィルダー株式会社,大阪府,"時給1,250円",アルバイト・パート,派遣,求人ボックス,https://xn--pckua2a7gp15o89zb.com/jb/5f6ae3650ebb520aac55cd0d6a8a6bab,True,4時間前,2026-09-19 04:24:04,大阪府
くずはモール未経験歓迎のインフォメーションスタッフ募集新着,株式会社センチュリーアンドカンパニー,大阪府,"時給1,350円",アルバイト・パート,派遣,求人ボックス,https://xn--pckua2a7gp15o89zb.com/jb/3c929c5c499a8742dd2490935c98b250,True,12時間前,2026-09-19 04:24:04,大阪府
住宅関連／事務スタッフ新着,株式会社アソウ・ヒューマニーセンター,大阪府,"時給1,650円",派遣社員,派遣,求人ボックス,https://xn--pckua2a7gp15o89zb.com/jb/9d7a5bf9245994518cdf4fa845665b9d,True,41分前,2026-09-19 04:24:04,大阪府
情報番組制作サポート／ニュース担当!16時半終業新着,株式会社フェローズ,大阪府,"時給1,450円～1,550円",派遣社員,派遣,求人ボックス,https://xn--pckua2a7gp15o89zb.com/jb/02f456d84fb92702a8bd72f38a5c2967,True,15時間前,2026-09-19 04:24:04,大阪府
ラーメン店スタッフ新着,株式会社横綱,大阪府,"時給1,180円～",アルバイト・パート,派遣,求人ボックス,https://xn--pckua2a7gp15o89zb.com/jb/8919d4e561907c0379e28d08eb8d702b,True,9時間前,2026-09-19 04:24:07,大阪府
営業事務／受発注経験×30~40代活躍中!350万～賞与有新着,OTファテック株式会社,大阪府,年収350万円～400万円,正社員,派遣,求人ボックス,https://xn--pckua2a7gp15o89zb.com/jb/cfd46679c026655b5304e7c1710a88d0,True,22時間前,2026-09-19 04:24:07,大阪府
完全土日祝休み／プラ製品会社で事務 経験必須 9時開始も可新着,株式会社G&G,大阪府,"時給1,267円",派遣社員,派遣,求人ボックス,https://xn--pckua2a7gp15o89zb.com/jb/12fa75c1e8e5116cce18df6b24851134,True,16時間前,2026-09-19 04:24:07,大阪府
「初めての方も安心してスタート!」／派遣コーディネーター／未経験OK／サポート業務新着,コーディネーターのオシゴト  未経験からスタート歓迎|はたらく人と職場をつなぐお仕事...条件に合う登録,大阪府,月給27万円～33万円,正社員,派遣,求人ボックス,https://xn--pckua2a7gp15o89zb.com/jbn/4666d75c6fd0c2111d7380a8b8af1c36,True,12時間前,2026-09-19 04:24:07,大阪府
派遣コーディネーター／シンプル業務／未経験歓迎／長期安定／交通費支給新着,コーディネーター募集/<お仕事内容>・企業からのお仕事依頼の受付 ・条件に合う登録,大阪府,月給25万円～30万円,正社員,派遣,求人ボックス,https://xn--pckua2a7gp15o89zb.com/jbn/8aadb5c5d9d6f1062b4b1ee584493043,True,12時間前,2026-09-19 04:24:07,大阪府
「経験ゼロからのスタート、歓迎します」／派遣コーディネーター／未経験OK／経験不問／サポート体制あり新着,コーディネーターはじめは誰でも、言葉に詰まります。それを前提に、教える順番を組んでいます   一日の流れ <受注>企業から依頼を受ける  <選定>条件に合う,大阪府,月給25万円～30万円,正社員,派遣,求人ボックス,https://xn--pckua2a7gp15o89zb.com/jbn/dd11a18273cb4838ee9c08650ac225af,True,12時間前,2026-09-19 04:24:07,大阪府
あなたの提案が誰かの力になる／派遣コーディネーター／スタッフサポート／福利厚生しっかり新着,コーディネーター|マッチングと就業サポート>  <お仕事はコレ!>・企業からのお仕事依頼の受付 ・条件に合う登録,大阪府,月給27万円～33万円,正社員,派遣,求人ボックス,https://xn--pckua2a7gp15o89zb.com/jbn/3d681e0cf1c570f7f5b18e8c3c114237,True,13時間前,2026-09-19 04:24:10,大阪府
「未経験歓迎の人気求人」／派遣コーディネーター／スタッフサポート／福利厚生充実／安定勤務新着,コーディネーター|マッチングと就業サポート>  <お仕事内容>・企業からのお仕事依頼の受付 ・条件に合う登録,大阪府,月給25万円～30万円,正社員,派遣,求人ボックス,https://xn--pckua2a7gp15o89zb.com/jbn/055292f6fab2107ec24a559f5812d4da,True,12時間前,2026-09-19 04:24:10,大阪府
大手繊維商社で英文事務新着,東レエンタープライズ株式会社,大阪府,"時給1,600円～1,650円",派遣社員,派遣,求人ボックス,https://xn--pckua2a7gp15o89zb.com/jb/7cd9357975f07682c388591e01a34cd2,True,10時間前,2026-09-19 04:24:10,大阪府
大手グループ企業でのNVOCC輸出貿易事務新着,リバティー株式会社,大阪府,"時給1,700円",正社員,派遣,求人ボックス,https://xn--pckua2a7gp15o89zb.com/jb/8c5ab03ce5e62b80b1924b612db0f511,True,13時間前,2026-09-19 04:24:10,大阪府
半導体関連製品の製造補助／日勤専属／土日祝休み新着,株式会社グロップ,大阪府,"時給1,350円～1,688円",派遣社員,派遣,求人ボックス,https://xn--pckua2a7gp15o89zb.com/jb/c22302cf070d33eb212d8137e2edea1c,True,4時間前,2026-09-19 04:24:10,大阪府
オープポジション BPO事業／人材事業／営業支援事業 中途入社者が約7割活躍中新着,キャリアリンク株式会社,大阪府,年収400万円～700万円,正社員,派遣,求人ボックス,https://xn--pckua2a7gp15o89zb.com/jb/aee172f20e5eb750515ac0443e578a4d,True,8時間前,2026-09-19 04:24:10,大阪府
美容部員・化粧品販売スタッフ／未経験歓迎／長期派遣・百貨店勤務／大阪・梅田新着,株式会社ワコールキャリアサービス,大阪府,"時給1,500円～1,600円",派遣社員,派遣,求人ボックス,https://xn--pckua2a7gp15o89zb.com/jb/47f30fd31b8ce136a1da98a65375db49,True,7時間前,2026-09-19 04:24:10,大阪府
大阪府大阪市中央区の調理スタッフ／飲食事業部／株式会社 ダイコク新着,株式会社ダイコク,大阪府大阪市中央区の調理スタッフ／飲食事業部／株式会社,月給30万円～50万円,正社員,飲食,求人ボックス,https://xn--pckua2a7gp15o89zb.com/jb/01930f21ebdbdf522d3ab2f4f6f335bc,True,4時間前,2026-09-19 04:23:53,大阪府
大阪府大阪市北区の飲食店スタッフ新着,株式会社PKC ホルモンらーめん白寿,大阪府大阪市北区の飲食店スタッフ,"月給24万7,900円",正社員,飲食,求人ボックス,https://xn--pckua2a7gp15o89zb.com/jb/9f00ef52105b833f0e02dfc7f9ff2cf0,True,3時間前,2026-09-19 04:23:53,大阪府
デニーズのキッチンスタッフ 飲食経験者 年休120日以上 7連休年2回新着,株式会社デニーズジャパン,大阪府,月給23万円～40万円,正社員,飲食,求人ボックス,https://xn--pckua2a7gp15o89zb.com/jb/e85f2272d0508c94222e19298452bc7c,True,4時間前,2026-09-19 04:23:53,大阪府
短期 空港ビジネスおよび飲食事業の総務スタッフ新着,OH12332463 株式会社アヴァンティスタッフ,大阪府,"時給1,600円",派遣社員,飲食,求人ボックス,https://xn--pckua2a7gp15o89zb.com/jb/c05a0b62b5ff2eaec3ffefaf6518384b,True,9時間前,2026-09-19 04:23:53,大阪府
レストラン・専門料理店新着,株式会社DREAM REALITY,大阪府,月給30万円～37万円,正社員,飲食,求人ボックス,https://xn--pckua2a7gp15o89zb.com/jbn/b891e67fd264c4a97962afacb362305b,True,13時間前,2026-09-19 04:23:53,大阪府
レストラン・専門料理店／週休2日制／賞与あり／経験者活躍中新着,株式会社テェルウィンコーポレーション,大阪府,月給20万円～25万円,正社員,飲食,求人ボックス,https://xn--pckua2a7gp15o89zb.com/jbn/0b72d8cf03c7e818e8dc1b50ed08079b,True,13時間前,2026-09-19 04:23:53,大阪府
レストラン・専門料理店新着,不二商事株式会社,大阪府,"月給20万5,000円",正社員,飲食,求人ボックス,https://xn--pckua2a7gp15o89zb.com/jbn/46ee53ea50c1f5bea8dffb8bee1351d2,True,13時間前,2026-09-19 04:23:54,大阪府
レストラン・専門料理店新着,株式会社Brand Bank Company,大阪府,月給28万円～32万円,正社員,飲食,求人ボックス,https://xn--pckua2a7gp15o89zb.com/jbn/e647e5a7f82f247e77e849a99511b379,True,14時間前,2026-09-19 04:23:54,大阪府
レストラン・専門料理店新着,株式会社ニチダン,大阪府,月給23万円～27万円,正社員,飲食,求人ボックス,https://xn--pckua2a7gp15o89zb.com/jbn/de5aff4be048a48cfb2f9bad3eb0744a,True,13時間前,2026-09-19 04:23:54,大阪府
レストラン・専門料理店新着,株式会社オーイズミフーズ,大阪府,"月給28万3,000円",正社員,飲食,求人ボックス,https://xn--pckua2a7gp15o89zb.com/jbn/87db551eb2d1070912235a75a19c80a8,True,13時間前,2026-09-19 04:23:54,大阪府
レストラン・専門料理店新着,株式会社利久,大阪府,月給30万円～35万円,正社員,飲食,求人ボックス,https://xn--pckua2a7gp15o89zb.com/jbn/91ad0c71db3ee0c840cc2757e279c71b,True,13時間前,2026-09-19 04:23:54,大阪府
レストラン・専門料理店新着,株式会社フーズネット,大阪府,"月給22万6,000円",正社員,飲食,求人ボックス,https://xn--pckua2a7gp15o89zb.com/jbn/25b34306b0acd8b93483a653760e8919,True,13時間前,2026-09-19 04:23:54,大阪府
レストラン・専門料理店新着,株式会社カスカード,大阪府,月給26万円～35万円,正社員,飲食,求人ボックス,https://xn--pckua2a7gp15o89zb.com/jbn/141b075bef3484662bbf77cfddc6aa55,True,13時間前,2026-09-19 04:23:54,大阪府
レストラン・専門料理店新着,株式会社シャノワール,大阪府,月給23万円～30万円,正社員,飲食,求人ボックス,https://xn--pckua2a7gp15o89zb.com/jbn/b54898e5c1ec6199798dbe27749263d2,True,13時間前,2026-09-19 04:23:57,大阪府
レストラン・専門料理店新着,株式会社王将フードサービス,大阪府,"月給22万9,500円",正社員,飲食,求人ボックス,https://xn--pckua2a7gp15o89zb.com/jbn/aedf584a3742386b366e7b612bff07b1,True,13時間前,2026-09-19 04:23:57,大阪府
レストラン・専門料理店新着,社会福祉法人大阪暁明館,大阪府,"月給21万5,700円",正社員,飲食,求人ボックス,https://xn--pckua2a7gp15o89zb.com/jbn/c480207fd15744195b482f34258570bd,True,13時間前,2026-09-19 04:23:57,大阪府
レストラン・専門料理店新着,株式会社京都勝牛,大阪府,月給24万円～35万円,正社員,飲食,求人ボックス,https://xn--pckua2a7gp15o89zb.com/jbn/267c2f5262f5ec801295251ee7174dfe,True,13時間前,2026-09-19 04:23:57,大阪府
レストラン・専門料理店新着,株式会社ビーケー・ジャパン,大阪府,"月給24万3,000円",正社員,飲食,求人ボックス,https://xn--pckua2a7gp15o89zb.com/jbn/33a1ca6b0b49a5c78e55a321ca045c8e,True,13時間前,2026-09-19 04:23:57,大阪府
レストラン・専門料理店新着,株式会社ライトハウス,大阪府,"月給26万7,000円",正社員,飲食,求人ボックス,https://xn--pckua2a7gp15o89zb.com/jbn/a030c1f15d2dc58cf57ce6f1135e1c7b,True,13時間前,2026-09-19 04:23:57,大阪府
レストラン・専門料理店新着,株式会社湯川,大阪府,月給25万円～40万円,正社員,飲食,求人ボックス,https://xn--pckua2a7gp15o89zb.com/jbn/d1b1feececd90ea980456952fc581869,True,13時間前,2026-09-19 04:23:57,大阪府
レストラン・専門料理店新着,株式会社イデアプラス,大阪府,"月給28万7,000円",正社員,飲食,求人ボックス,https://xn--pckua2a7gp15o89zb.com/jbn/3f9284a35889ee0b19f371f151b845a6,True,13時間前,2026-09-19 04:24:01,大阪府
レストラン・専門料理店新着,ロイヤルコントラクトサービス株式会社,大阪府,"月給24万9,300円",正社員,飲食,求人ボックス,https://xn--pckua2a7gp15o89zb.com/jbn/efc6c0584d64431175df3a6c16cc84ec,True,12時間前,2026-09-19 04:24:01,大阪府
レストラン・専門料理店新着,オリックス・ホテルマネジメント株式会社,大阪府,月給25万円～35万円,正社員,飲食,求人ボックス,https://xn--pckua2a7gp15o89zb.com/jbn/5a68e03aafd99ae560bc4af817d7dc4d,True,13時間前,2026-09-19 04:24:01,大阪府
レストラン・専門料理店新着,株式会社スパイスワークス,大阪府,月給25万円～40万円,正社員,飲食,求人ボックス,https://xn--pckua2a7gp15o89zb.com/jbn/c674bfeb6116de69c6c351ef49accb9a,True,12時間前,2026-09-19 04:24:01,大阪府
レストラン・専門料理店新着,株式会社美々卯,大阪府,"月給26万6,000円",正社員,飲食,求人ボックス,https://xn--pckua2a7gp15o89zb.com/jbn/3c2f487ee8ae0d9c3e4f663997d8b3d5,True,12時間前,2026-09-19 04:24:01,大阪府
レストラン・専門料理店新着,株式会社力の源カンパニー,大阪府,月給28万円～35万円,正社員,飲食,求人ボックス,https://xn--pckua2a7gp15o89zb.com/jbn/b609e1030e9fc300d0d279644dbe0606,True,13時間前,2026-09-19 04:24:01,大阪府
レストラン・専門料理店新着,株式会社エピナール,大阪府,月給24万円～33万円,正社員,飲食,求人ボックス,https://xn--pckua2a7gp15o89zb.com/jbn/63a99e82b579aced9f873e71d1ba7548,True,12時間前,2026-09-19 04:24:01,大阪府
レストラン・専門料理店新着,株式会社ワールドフーズ,大阪府,月給25万円～30万円,正社員,飲食,求人ボックス,https://xn--pckua2a7gp15o89zb.com/jbn/489860d6b012fa5c532df7217ad78ae9,True,13時間前,2026-09-19 04:24:04,大阪府
レストラン・専門料理店新着,サト・アークランドフードサービス株式会社,大阪府,"月給26万2,258円",正社員,飲食,求人ボックス,https://xn--pckua2a7gp15o89zb.com/jbn/15a2677d88cdcc8f9af785aa97627ac7,True,13時間前,2026-09-19 04:24:04,大阪府
レストラン・専門料理店新着,有限会社福ずし,大阪府,月給20万円～40万円,正社員,飲食,求人ボックス,https://xn--pckua2a7gp15o89zb.com/jbn/5ee55d8a7e166131893363e8ef06a566,True,13時間前,2026-09-19 04:24:04,大阪府
レストラン・専門料理店新着,株式会社ギャラント,大阪府,月給25万円～35万円,正社員,飲食,求人ボックス,https://xn--pckua2a7gp15o89zb.com/jbn/031df4b2f703ceb12c88753c2f0f88c1,True,12時間前,2026-09-19 04:24:04,大阪府
レストラン・専門料理店新着,株式会社トリドールホールディングス,大阪府,月給23万円～34万円,正社員,飲食,求人ボックス,https://xn--pckua2a7gp15o89zb.com/jbn/35b3a851458e062b966a501dd4266d21,True,12時間前,2026-09-19 04:24:04,大阪府
レストラン・専門料理店新着,泉陽興業株式会社,大阪府,月給25万円～35万円,正社員,飲食,求人ボックス,https://xn--pckua2a7gp15o89zb.com/jbn/91988ecbc563ae1b40a61a4e4087f509,True,12時間前,2026-09-19 04:24:04,大阪府
レストラン・専門料理店／経験者優遇／社会保険完備／フリーター歓迎新着,株式会社ASH,大阪府,月給25万円～35万円,正社員,飲食,求人ボックス,https://xn--pckua2a7gp15o89zb.com/jbn/bed35c1e407e9c869a5487e4c855d0c3,True,13時間前,2026-09-19 04:24:07,大阪府
レストラン・専門料理店新着,アイアンドエフ・ビルディング株式会社,大阪府,月給25万円～35万円,正社員,飲食,求人ボックス,https://xn--pckua2a7gp15o89zb.com/jbn/f1ae5fe4b34107039e70bc17f1f0557d,True,13時間前,2026-09-19 04:24:07,大阪府
レストラン・専門料理店新着,株式会社銀平,大阪府,月給25万円～40万円,正社員,飲食,求人ボックス,https://xn--pckua2a7gp15o89zb.com/jbn/98c081a11fa8b4ff8452f0bec2fead32,True,13時間前,2026-09-19 04:24:07,大阪府
レストラン・専門料理店新着,株式会社曲田商店,大阪府,月給20万円～27万円,正社員,飲食,求人ボックス,https://xn--pckua2a7gp15o89zb.com/jbn/a6759162f774cec0b9609cd25475c778,True,13時間前,2026-09-19 04:24:07,大阪府
レストラン・専門料理店新着,株式会社スパイスワークス,大阪府,月給25万円～40万円,正社員,飲食,求人ボックス,https://xn--pckua2a7gp15o89zb.com/jbn/ca37cba9df01cd735b3ea7ef490f01e3,True,12時間前,2026-09-19 04:24:07,大阪府
レストラン・専門料理店新着,株式会社ポアール,大阪府,月給25万円～35万円,正社員,飲食,求人ボックス,https://xn--pckua2a7gp15o89zb.com/jbn/88856d0d2f25285ed502b00962de24bd,True,13時間前,2026-09-19 04:24:07,大阪府
レストラン・専門料理店新着,日本ピザハット株式会社,大阪府,"月給20万6,300円",正社員,飲食,求人ボックス,https://xn--pckua2a7gp15o89zb.com/jbn/d0085e314e148cb45c7e596980b4fcf0,True,13時間前,2026-09-19 04:24:07,大阪府
レストラン・専門料理店新着,株式会社東京竹葉亭,大阪府,月給30万円～40万円,正社員,飲食,求人ボックス,https://xn--pckua2a7gp15o89zb.com/jbn/013922d154989b39c25cfd47fe6603c0,True,13時間前,2026-09-19 04:24:12,大阪府
レストラン・専門料理店新着,株式会社HSレストラン,大阪府,月給25万円～30万円,契約社員,飲食,求人ボックス,https://xn--pckua2a7gp15o89zb.com/jbn/613d243c46fc80e9dc3946e64fbe00b8,True,13時間前,2026-09-19 04:24:12,大阪府
レストラン・専門料理店新着,株式会社ケー・エキスプレス,大阪府,月給24万円～33万円,正社員,飲食,求人ボックス,https://xn--pckua2a7gp15o89zb.com/jbn/c4047b87fc00358614ebdcdd22fbc807,True,13時間前,2026-09-19 04:24:12,大阪府
レストラン・専門料理店新着,株式会社エスエルディー,大阪府,月給32万円～40万円,正社員,飲食,求人ボックス,https://xn--pckua2a7gp15o89zb.com/jbn/d57baf7b9afa9d1d822c341bc2c7bb5f,True,12時間前,2026-09-19 04:24:12,大阪府
レストラン・専門料理店新着,株式会社セルビスサービス,大阪府,月給20万円～25万円,正社員,飲食,求人ボックス,https://xn--pckua2a7gp15o89zb.com/jbn/eb2c8f6b8ba116f289dd0fdd5a3b8adf,True,13時間前,2026-09-19 04:24:16,大阪府
レストラン・専門料理店新着,株式会社A-1設計,大阪府,月給28万円～40万円,正社員,飲食,求人ボックス,https://xn--pckua2a7gp15o89zb.com/jbn/255e63ff3b91abdc2fbb564419cca323,True,13時間前,2026-09-19 04:24:16,大阪府
レストラン・専門料理店新着,株式会社LE SUCRE SUCRE,大阪府,月給20万円～30万円,正社員,飲食,求人ボックス,https://xn--pckua2a7gp15o89zb.com/jbn/329052cbfa5dac09adf0ed8cc1abf5b0,True,13時間前,2026-09-19 04:24:16,大阪府
完全在宅／未経験可／問い合わせ窓口／年休125日以上新着,...経験不問/未経験者活躍中・第二新卒活躍中資格不問/無資格歓迎・ブランク歓迎・学歴不問ハローワークでお探しの方も歓迎 先輩たちの前職をご紹介! 営業、事務、販売,大阪府,"月給24万8,500円",正社員,飲食,求人ボックス,https://xn--pckua2a7gp15o89zb.com/jbn/70997ab6d3be2632087caf0ad44cecc2,True,9時間前,2026-09-19 04:24:16,大阪府
完全在宅／未経験可／カスタマーサポート／年休125日以上新着,...経験不問/未経験者活躍中・第二新卒活躍中資格不問/無資格歓迎・ブランク歓迎・学歴不問ハローワークでお探しの方も歓迎 先輩たちの前職をご紹介! 営業、事務、販売,大阪府,月給23万700円,正社員,飲食,求人ボックス,https://xn--pckua2a7gp15o89zb.com/jbn/3abbcf12e285198338f3add928d57785,True,9時間前,2026-09-19 04:24:16,大阪府
「アプリ配車タクシードライバー・週3勤務」20代活躍中／月収40万以上／普通免許でOK新着,飲食,大阪府,"月給45万6,000円",正社員,飲食,求人ボックス,https://xn--pckua2a7gp15o89zb.com/jbn/ea1a84fcdeb2e84c0fe2dcc291979cd2,True,8時間前,2026-09-19 04:24:16,大阪府
レストラン・専門料理店新着,株式会社三嶋フーズ,大阪府,月給22万円～30万円,契約社員,飲食,求人ボックス,https://xn--pckua2a7gp15o89zb.com/jbn/f762d45432f25791eefcfc03a806562a,True,13時間前,2026-09-19 04:24:20,大阪府
事務職／充実の研修で安心スタート／福利厚生充実／完全週休2日制新着,20代30代の,大阪府,"月給22万6,000円",正社員,飲食,求人ボックス,https://xn--pckua2a7gp15o89zb.com/jbn/c5a61b00bc1f0c4f4d9fead2dd0ced59,True,5時間前,2026-09-19 04:24:20,大阪府
事務職／総務事務／ネイル・ピアス自由／年間休日125日以上／残業ほぼなし／未経験からチャレンジ可能新着,<活かせる経験> 事務やデータ入力の業務経験 Excelスキル、PCの基本操作充実のスキルサポート体制があるため、アパレル販売、,大阪府,"月給22万4,000円",正社員,飲食,求人ボックス,https://xn--pckua2a7gp15o89zb.com/jbn/cdde912697fa9b56489f698e36b31401,True,6時間前,2026-09-19 04:24:20,大阪府
事務職／一般事務／服装・髪型自由／賞与・昇給あり／未経験歓迎／ネイル・ピアスOK新着,20代30代の,大阪府,"月給22万5,000円",正社員,飲食,求人ボックス,https://xn--pckua2a7gp15o89zb.com/jbn/f430588bb844e7872175744afbb09fa3,True,6時間前,2026-09-19 04:24:20,大阪府
「男女どちらもゲーム業界で活躍中!」／人気ゲームのテストプレイ／未経験歓迎／研修制度充実／長期安定新着,株式会社Tetote,大阪府,月給27万円～34万円,正社員,飲食,求人ボックス,https://xn--pckua2a7gp15o89zb.com/jbn/cc38f6e28ac96c5173960ea0f7ddccbe,True,14時間前,2026-09-19 04:24:20,大阪府
事務職／一般事務／30代未経験歓迎／育休取得実績あり／駅近勤務で通勤便利／昇給あり新着,<活かせる経験> 事務やデータ入力の業務経験 Excelスキル、PCの基本操作充実のスキルサポート体制があるため、アパレル販売、,大阪府,月給23万円～50万円,正社員,飲食,求人ボックス,https://xn--pckua2a7gp15o89zb.com/jbn/c749870ad80c5cb2bd29fdd5bc2d9663,True,5時間前,2026-09-19 04:24:23,大阪府
事務職／充実の研修で安心スタート!／経験不問／福利厚生充実／完全週休2日制新着,スタッフ,大阪府,"月給22万3,000円",正社員,飲食,求人ボックス,https://xn--pckua2a7gp15o89zb.com/jbn/9a67625a39a72a9d3dafbcdb3164f34d,True,5時間前,2026-09-19 04:24:23,大阪府
平均40万円以上!年間休み125日以上!施工管理アシスタント新着,株式会社OneValue,大阪府,月給30万円～100万円,正社員,飲食,求人ボックス,https://xn--pckua2a7gp15o89zb.com/jbi/98f8e949a5752af9d2a76713d2b55587,True,3時間前,2026-09-19 04:24:23,大阪府
ずんどう屋 店舗マネージャー新着,株式会社ZUND,大阪府,月給45万円～49万円,正社員,飲食,求人ボックス,https://xn--pckua2a7gp15o89zb.com/jbn/0d4c8c1ff43677b1a429c2f34215adf9,True,22時間前,2026-09-19 04:24:23,大阪府
事務職／総務事務／交通費全額支給／土日祝休み／未経験OKで安心サポート／年間休日123日以上新着,<活かせる経験> 事務やデータ入力の業務経験 Excelスキル、PCの基本操作充実のスキルサポート体制があるため、アパレル販売、,大阪府,月給20万円～50万円,正社員,飲食,求人ボックス,https://xn--pckua2a7gp15o89zb.com/jbn/056735d7a55aa0045f0ee1c8a2a15735,True,6時間前,2026-09-19 04:24:23,大阪府
事務職／充実の研修で安心スタート!／経験不問／福利厚生充実／教育体制あり新着,<活かせる経験> 事務やデータ入力の業務経験 Excelスキル、PCの基本操作充実のスキルサポート体制があるため、アパレル販売、,大阪府,"月給22万4,000円",正社員,飲食,求人ボックス,https://xn--pckua2a7gp15o89zb.com/jbn/a6c04356c4dc04c488aeccc25f599e19,True,5時間前,2026-09-19 04:24:23,大阪府
「未経験からAI分野へキャリアチェンジ!」／AIエンジニア／最新技術を学べる／スキルアップを目指せる新着,前職経験はさまざま!営業、事務、販売,大阪府,月給27万円～34万円,正社員,飲食,求人ボックス,https://xn--pckua2a7gp15o89zb.com/jbn/bb819bc463276db1e46b46d246f9549b,True,14時間前,2026-09-19 04:24:23,大阪府
20-50代活躍中!／住宅型有料老人ホームの介護職／残業ほぼなし新着,介護職,京都府,"月給29万1,666円",正社員,介護,求人ボックス,https://xn--pckua2a7gp15o89zb.com/jb/5df067e39acdb8c0ccea63a899878930,True,21時間前,2026-09-19 04:24:04,京都府
20-50代活躍中!／サービス付き高齢者向け住宅の介護職／サ高住で新し...新着,介護職,京都府,"月給25万5,000円",正社員,介護,求人ボックス,https://xn--pckua2a7gp15o89zb.com/jb/106576848a4a90f9c14f68fb6e244af0,True,21時間前,2026-09-19 04:24:05,京都府
京都市上京区の介護士／派遣介護士／遅出希望の方歓迎 介護施設の介護職!新着,グッドネクスト,京都府,"時給1,600円",派遣社員,介護,求人ボックス,https://xn--pckua2a7gp15o89zb.com/jb/a76a09fec4aae3ab16f64c8050ecd5f8,True,23時間前,2026-09-19 04:24:05,京都府
20-50代活躍中!／住宅型有料老人ホームの介護職／研修・サポート体制...新着,介護職,京都府,"月給29万1,666円",正社員,介護,求人ボックス,https://xn--pckua2a7gp15o89zb.com/jb/9953ce9402ff8de7a00d735c6d0eee42,True,21時間前,2026-09-19 04:24:05,京都府
京都府舞鶴市の介護職／グループホーム／資格不問／17時～22時新着,医療法人社団外松医院 ハーモニーデイサービスセン...,京都府舞鶴市の介護職／グループホーム／資格不問／17時～22時,"時給1,200円",アルバイト,介護,求人ボックス,https://xn--pckua2a7gp15o89zb.com/jb/2e95bc687511c6d0312499363beeea16,True,6時間前,2026-09-19 04:24:08,京都府
京都府京都市伏見区の介護職／社会福祉法人 伏見にちりん福祉会新着,社会福祉法人伏見にちりん福祉会,京都府京都市伏見区の介護職／社会福祉法人,"時給1,240円～1,300円",アルバイト,介護,求人ボックス,https://xn--pckua2a7gp15o89zb.com/jb/21bbf4f44a36ae02cf74ee09db8f926c,True,5時間前,2026-09-19 04:24:08,京都府
京都府京都市右京区の介護職／週休3日制／未経験OK／ユニット型特養新着,社会福祉法人かなえ福祉会,京都府京都市右京区の介護職／週休3日制／未経験OK／ユニット型特養,"月給21万8,000円",正社員,介護,求人ボックス,https://xn--pckua2a7gp15o89zb.com/jb/8c7ff617b43af3486acce848f7e28f15,True,6時間前,2026-09-19 04:24:08,京都府
介護職 夜勤限定／経験者優遇!高待遇の介護職求人 ロング夜勤とショート...新着,株式会社木下の介護,京都府,"月給40万4,000円",正社員,介護,求人ボックス,https://xn--pckua2a7gp15o89zb.com/jb/5a2bbf26475be1d706873e1733df6894,True,15時間前,2026-09-19 04:24:08,京都府
夜勤専従の介護職／2027年2月完全新築OPEN!オープニングスタッフ新着,住宅型有料老人ホーム OMO VILLAGE亀岡...,京都府,"日給2万4,000円",アルバイト・パート,介護,求人ボックス,https://xn--pckua2a7gp15o89zb.com/jb/6e9008a9e2dc26f6a9f7562ae982d2c0,True,13時間前,2026-09-19 04:24:11,京都府
介護職新着,株式会社シーユーシー・ホスピス ReHOPE京都...,京都府,"月給25万7,000円",正社員,介護,求人ボックス,https://xn--pckua2a7gp15o89zb.com/jb/8c5a139e932acf2463f9f7bf5fbe2b39,True,23時間前,2026-09-19 04:24:11,京都府
介護職／住宅型有料老人ホーム新着,フィオレ・シニアレジデンス京都伏見,京都府,"月給27万3,000円",正社員,介護,求人ボックス,https://xn--pckua2a7gp15o89zb.com/jb/5f831e97e24426be93998f2b27da085d,True,15時間前,2026-09-19 04:24:11,京都府
介護職／介護老人保健施設新着,啓信会 ひしの里,京都府,"月給23万4,000円",正社員,介護,求人ボックス,https://xn--pckua2a7gp15o89zb.com/jb/bcbe5a9672f8680e472af717feb713ee,True,15時間前,2026-09-19 04:24:13,京都府
社会保険完備の職場で介護職／ヘルパー新着,おとわ翔裕館,京都府,"月給26万7,600円",正社員,介護,求人ボックス,https://xn--pckua2a7gp15o89zb.com/jb/4479e9c34904471e8898afdc5d3721e7,True,6時間前,2026-09-19 04:24:13,京都府
社会保険完備の職場で介護職／ヘルパー新着,そんぽの家S 西大路八条,京都府,"月給19万2,700円",正社員,介護,求人ボックス,https://xn--pckua2a7gp15o89zb.com/jb/4e4932858edeeddc589fac0b6d799c5a,True,7時間前,2026-09-19 04:24:13,京都府
社会保険完備の職場で介護職／ヘルパー新着,そんぽの家S 修学院,京都府,"月給19万2,700円",正社員,介護,求人ボックス,https://xn--pckua2a7gp15o89zb.com/jb/e4401501b262103bd38943d72522e1e6,True,7時間前,2026-09-19 04:24:18,京都府
小規模多機能型居宅介護の介護職新着,介護,京都府,"時給1,270円～1,380円",アルバイト・パート,介護,求人ボックス,https://xn--pckua2a7gp15o89zb.com/jb/57234741ec0820bcc8cc010127cb933a,True,9時間前,2026-09-19 04:24:18,京都府
介護職／グループホームの介護スタッフ新着,株式会社ケア21,京都府,"時給1,255円～1,347円",アルバイト・パート,介護,求人ボックス,https://xn--pckua2a7gp15o89zb.com/jb/f65b49cbe5dc42493ef338dbb1174890,True,13時間前,2026-09-19 04:24:18,京都府
介護職／夜勤あり／そんぽの家S新着,SOMPOケア株式会社,京都府,"月給26万7,300円",正社員,介護,求人ボックス,https://xn--pckua2a7gp15o89zb.com/jb/24c281e85b44b4366b45bc12e57536cf,True,13時間前,2026-09-19 04:24:21,京都府
グループホーム 夜勤専従介護職「パート・アルバイト」／そよ風公式新着,株式会社SOYOKAZE,京都府,"時給1,342円～1,420円",アルバイト・パート,介護,求人ボックス,https://xn--pckua2a7gp15o89zb.com/jb/c7b94a5f558e02206bb8b02e91bb844a,True,2時間前,2026-09-19 04:24:21,京都府
特別養護老人ホーム／介護士新着,特別養護老人ホーム 藤城の家,京都府,"時給1,130円～1,200円",アルバイト・パート,介護,求人ボックス,https://xn--pckua2a7gp15o89zb.com/jb/25037fe383f8e937c7b493527922b5d1,True,18時間前,2026-09-19 04:24:21,京都府
「未経験から正社員デビュー!」カメラのレンズの検査／未経験歓迎／コツコツ作業／20~30代活躍中!新着,三陽工業株式会社,京都府,月給19万円～35万円,正社員,介護,求人ボックス,https://xn--pckua2a7gp15o89zb.com/jbn/b26887eca3a50a57ab883e899b7c5de1,True,13時間前,2026-09-19 04:24:24,京都府
補助中心 老人ホームのケアワーカー新着,株式会社ウィルオブ・ワーク,京都府,"時給1,400円",派遣社員,介護,求人ボックス,https://xn--pckua2a7gp15o89zb.com/jb/41471a105340efe21b7612efb16b8c09,True,19時間前,2026-09-19 04:24:24,京都府
中央材料室での軽作業スタッフ新着,株式会社ルフト・メディカルケア,京都府,"時給1,400円～",派遣社員,介護,求人ボックス,https://xn--pckua2a7gp15o89zb.com/jb/548d552deb8de26105439f79bddec05c,True,9時間前,2026-09-19 04:24:24,京都府
完全週休2日制の販売スタッフ新着,モントロンドシュシュ イオンモール京都桂川店,京都府,月給22万円～,正社員,介護,求人ボックス,https://xn--pckua2a7gp15o89zb.com/jbn/500734d2a90c1eedebf5bd78df26fedf,True,22時間前,2026-09-19 04:24:24,京都府
完全週休2日制の販売スタッフ新着,エステール 城陽店,京都府,月給22万円～,正社員,介護,求人ボックス,https://xn--pckua2a7gp15o89zb.com/jbn/7a1cb088959a8aed5f7238bcb4177d3e,True,22時間前,2026-09-19 04:24:27,京都府
タレント・芸能・観光客のタクシードライバー「週3日勤務」賞与年2回／初年度から月収50万円以上新着,介護職,京都府,"月給45万6,000円",正社員,介護,求人ボックス,https://xn--pckua2a7gp15o89zb.com/jbn/419ae6d162f40985f168448cdcad130b,True,12時間前,2026-09-19 04:24:27,京都府
グループホームの広域生活支援員新着,ソーシャルインクルー株式会社,京都府,月給31万900円,正社員,介護,求人ボックス,https://xn--pckua2a7gp15o89zb.com/jb/6c6dce38a6689aba4da75fd05366c8ab,True,13時間前,2026-09-19 04:24:31,京都府
医療・介護・福祉・保育・栄養士新着,株式会社ウィルエージェンシー メディカル京都,京都府,"時給1,600円～",派遣社員,介護,求人ボックス,https://xn--pckua2a7gp15o89zb.com/jb/7dc5c4cfd222aa827d50a143ba9f0f93,True,8時間前,2026-09-19 04:24:31,京都府
美容師・スタイリスト／日祝休みのレア求人17時閉店&働くママ率9割以上...新着,株式会社Y'SK.DOB,京都府,"時給1,400円～",アルバイト・パート,美容,求人ボックス,https://xn--pckua2a7gp15o89zb.com/jb/91ea5bd4e1535c628d1a63fc24e50612,True,6時間前,2026-09-19 04:24:33,京都府
京都府京都市右京区の美容師新着,株式会社あまた,京都府京都市右京区の美容師,月給25万円,正社員,美容,求人ボックス,https://xn--pckua2a7gp15o89zb.com/jb/3a1d2d84f704e4b0d22055fe7024ab3b,True,6時間前,2026-09-19 04:24:33,京都府
京都府京田辺市の美容師／スタイリストヘアーメイクリアン新着,株式会社モラル,京都府京田辺市の美容師／スタイリストヘアーメイクリアン,月給30万円～35万円,正社員,美容,求人ボックス,https://xn--pckua2a7gp15o89zb.com/jb/8bd75b2ca9e29f1db8ba1c061ae932b3,True,5時間前,2026-09-19 04:24:34,京都府
マリィ ファーストのスタイリスト 美容師新着,Marry First,京都府,月給25万円～30万円,正社員,美容,求人ボックス,https://xn--pckua2a7gp15o89zb.com/jb/53b48dff4d48a065c31947f4ccc7be07,True,13時間前,2026-09-19 04:24:34,京都府
京都府舞鶴市の美容師補助／アシスタント美容室SHANTi新着,株式会社sept,京都府舞鶴市の美容師補助／アシスタント美容室SHANTi,"月給20万1,000円",正社員,美容,求人ボックス,https://xn--pckua2a7gp15o89zb.com/jb/23e5b8302d9522c5f5409866f70d9363,True,5時間前,2026-09-19 04:24:37,京都府
京都府京田辺市の美容師新着,ETERNAL rush,京都府京田辺市の美容師,"時給1,300円～1,500円",アルバイト,美容,求人ボックス,https://xn--pckua2a7gp15o89zb.com/jb/7e117dba9cd86ebe262a9f15f92df4a2,True,5時間前,2026-09-19 04:24:40,京都府
週2日～・短時間OK!カット・祇園のヘアセットスタッフ新着,京同株式会社,京都府,"時給1,500円～",アルバイト・パート,美容,求人ボックス,https://xn--pckua2a7gp15o89zb.com/jb/49fcadca439516f73916a6c4773a3d2c,True,12時間前,2026-09-19 04:24:40,京都府
データ入力・事務／充実の研修で安心スタート!／ブランクOK／教育体制あり新着,...という意欲を持つ方を求めています。フリーター・既卒・第二新卒の方、ブランクからの復帰を希望する方も安心の研修を用意しています。異業種から転職した20代・30代が活躍中。前職の例:カフェ店員、,京都府,"月給20万5,000円",正社員,美容,求人ボックス,https://xn--pckua2a7gp15o89zb.com/jbn/b452d82e3a3a1cf6ff93eae12829caa9,True,5時間前,2026-09-19 04:24:44,京都府
オフィスワーク／職種未経験歓迎／教育体制あり／完全週休2日制／年間休日120日以上／残業少なめ新着,株式会社ホワイトキャリア,京都府,"月給22万4,000円",正社員,美容,求人ボックス,https://xn--pckua2a7gp15o89zb.com/jbn/0939be67f0c03fd40dfd702672d13c1e,True,6時間前,2026-09-19 04:24:44,京都府
「データ入力・事務」／充実の研修で安心スタート!／50万円稼げる／残業月10時間以下／教育体制あり新着,...しっかりサポートするのでご安心ください。 こんな方をお待ちしています・コツコツと丁寧な作業を進めるのが好きな方・新しい知識を吸収する意欲がある方・チームワークを大切にしながら働ける方<先輩たちの,京都府,"月給21万5,000円",正社員,美容,求人ボックス,https://xn--pckua2a7gp15o89zb.com/jbn/52cf115e9cc677f9934447de46925c9a,True,5時間前,2026-09-19 04:24:44,京都府
アイリスト募集・駅近5分以内新着,アイブロウサロン i'm四条大橋店,京都府,"時給1,300円～2,600円",アルバイト・パート,美容,求人ボックス,https://xn--pckua2a7gp15o89zb.com/jb/100b16dabf65466650a77380615be537,True,6時間前,2026-09-19 04:24:44,京都府
京都府京都市中京区の医療事務新着,医療法人福清会 任医院,京都府京都市中京区の医療事務,"時給1,180円～1,400円",,医療事務,求人ボックス,https://xn--pckua2a7gp15o89zb.com/jb/84f49d3ed7667142869c1a9805b58cf7,True,6時間前,2026-09-19 04:24:13,京都府
京都府京都市左京区の医療事務員／経験者優遇 国際会館駅7分 月新着,医療法人翠川医院,京都府京都市左京区の医療事務員／経験者優遇,"時給1,200円～1,400円",アルバイト,医療事務,求人ボックス,https://xn--pckua2a7gp15o89zb.com/jb/d75ce16a6c4e5f5169dcfeb24e3a2512,True,5時間前,2026-09-19 04:24:13,京都府
京都府京都市右京区の医療事務・診察介助・受付／耳鼻咽喉科／医療法人社団新着,医療法人社団堀部耳鼻咽喉科医院,京都府京都市右京区の医療事務・診察介助・受付／耳鼻咽喉科／医療法人社団,"時給1,200円",,医療事務,求人ボックス,https://xn--pckua2a7gp15o89zb.com/jb/de69c100a9dcab6b4eab5f7685db36e2,True,5時間前,2026-09-19 04:24:13,京都府
京都府木津川市の医療事務／未経験可新着,さかうえクリニック,京都府木津川市の医療事務／未経験可,"時給1,200円～1,300円",アルバイト,医療事務,求人ボックス,https://xn--pckua2a7gp15o89zb.com/jb/8aa03a829aa8874729f3e410f76171f1,True,6時間前,2026-09-19 04:24:13,京都府
時給1250円／医療事務にチャレンジ／経験・資格不要／日払い新着,株式会社G&G,京都府,時給1250円,派遣社員,医療事務,求人ボックス,https://xn--pckua2a7gp15o89zb.com/jb/20a444907b1336a9e3aa37951f8badb3,True,5時間前,2026-09-19 04:24:13,京都府
事務職／総務事務／交通費全額支給／土日祝休み／未経験OKで安心サポート／年間休日123日以上新着,事務,京都府,月給21万円～50万円,正社員,医療事務,求人ボックス,https://xn--pckua2a7gp15o89zb.com/jbn/a6e8560d8b138646dedc439542f1c9c7,True,5時間前,2026-09-19 04:24:13,京都府
ペットショップ接客スタッフ／長期勤務をしっかりサポート／週休2日制／車通勤OK／自分の車で通勤可能新着,株式会社犬の家 精華店,京都府,"月給20万3,000円",正社員,医療事務,求人ボックス,https://xn--pckua2a7gp15o89zb.com/jbn/eae01f000acdefe809bdd601644f07df,True,21時間前,2026-09-19 04:24:13,京都府
宇治市の介護士／介護施設で介護のお仕事 駅チカ／遅番・夜勤募集中／派遣介護士／日払い・週払い新着,グッドネクスト,京都府,"時給1,600円",派遣社員,医療事務,求人ボックス,https://xn--pckua2a7gp15o89zb.com/jb/0a8400f14514f0c711b8eb7955948a51,True,23時間前,2026-09-19 04:24:13,京都府
「男性・女性ともに最先端分野へ挑戦!」／AIエンジニア／未経験歓迎／研修制度充実／長期安定新着,株式会社Tetote,京都府,月給27万円～34万円,正社員,医療事務,求人ボックス,https://xn--pckua2a7gp15o89zb.com/jbn/cce9b7278c86937f0cbb584bfe3acbb8,True,16時間前,2026-09-19 04:24:13,京都府
「未経験から好きなゲームを仕事に!」／ゲームテスター／完全週休2日制／福利厚生充実新着,株式会社SNJAPAN,京都府,月給27万円～34万円,正社員,医療事務,求人ボックス,https://xn--pckua2a7gp15o89zb.com/jbn/b4697dc460f2fe465de1c00ea35e9422,True,16時間前,2026-09-19 04:24:13,京都府
「若手スタッフが多数活躍中!」／人気ゲームのテストプレイ／未経験歓迎／長期安定／20〜30代活躍中新着,このお仕事の特徴一般,京都府,月給27万円～34万円,正社員,医療事務,求人ボックス,https://xn--pckua2a7gp15o89zb.com/jbn/d58827c39d96b15ad35c1e26f127f8f9,True,16時間前,2026-09-19 04:24:13,京都府
「応募からスムーズに勤務開始!」／人気ゲームのテストプレイ／スピード選考／未経験OK／長期休暇あり新着,このお仕事の特徴一般,京都府,月給27万円～34万円,正社員,医療事務,求人ボックス,https://xn--pckua2a7gp15o89zb.com/jbn/9ad2e7e266c3ef5077cd55b226503300,True,16時間前,2026-09-19 04:24:19,京都府
「思い立ったらすぐ働けます」ゲームテスター／未経験OK／研修充実／福利厚生充実／20~30代活躍中新着,このお仕事の特徴一般,京都府,月給27万円～34万円,正社員,医療事務,求人ボックス,https://xn--pckua2a7gp15o89zb.com/jbn/d1cd6fb5eb2fb1262e137149d6ad1f99,True,14時間前,2026-09-19 04:24:19,京都府
コツコツ入力するだけのシンプルデータ入力!土日祝休み・残業ほぼなしで働きやすい環境新着,事務,京都府,"月給26万5,600円",正社員,医療事務,求人ボックス,https://xn--pckua2a7gp15o89zb.com/jbn/9bd56e85ee7e866d6779c4c1a95c88df,True,11時間前,2026-09-19 04:24:19,京都府
「月収30万円以上も狙える!」／ゲームプランナー／未経験OK新着,このお仕事の特徴一般,京都府,月給27万円～34万円,正社員,医療事務,求人ボックス,https://xn--pckua2a7gp15o89zb.com/jbn/43f23cdb1796edbc4efb36767d464d7f,True,16時間前,2026-09-19 04:24:19,京都府
「男女ともに技術を身につけられる環境!」／ゲームテストエンジニア／未経験OK／研修充実新着,このお仕事の特徴一般,京都府,月給27万円～34万円,正社員,医療事務,求人ボックス,https://xn--pckua2a7gp15o89zb.com/jbn/eabc69e70382359dedba75c33d981716,True,16時間前,2026-09-19 04:24:19,京都府
初めてのオフィスワークにぴったりのデータ入力／月給26万5500円～新着,事務,京都府,月給26万5500円,正社員,医療事務,求人ボックス,https://xn--pckua2a7gp15o89zb.com/jbn/9266a1a5495f54b4b0799d78191e0ce9,True,11時間前,2026-09-19 04:24:19,京都府
備品準備や案内づくりのイベントアシスタント!土日祝休み・残業ほぼなしで働きやすい環境新着,事務,京都府,"月給26万5,400円",正社員,医療事務,求人ボックス,https://xn--pckua2a7gp15o89zb.com/jbn/2a3dad5c8c618db0db1afeb3c688adb1,True,11時間前,2026-09-19 04:24:22,京都府
マニュアル完備の庶務サポートスタッフ!「ありがとう」を直接もらえる縁の下の力持ち新着,事務,京都府,"月給26万6,600円",正社員,医療事務,求人ボックス,https://xn--pckua2a7gp15o89zb.com/jbn/1caa410b2437a5db303a16a00ccdad21,True,11時間前,2026-09-19 04:24:22,京都府
落ち着いた環境で進める書類作成&庶務!「ありがとう」を直接もらえる縁の下の力持ち新着,事務,京都府,"月給26万8,000円",正社員,医療事務,求人ボックス,https://xn--pckua2a7gp15o89zb.com/jbn/948039c908e63cc2e7e4b5a5047e6439,True,11時間前,2026-09-19 04:24:22,京都府
数えて発注するだけのかんたん備品管理!土日祝休み・残業ほぼなしで働きやすい環境新着,このお仕事の特徴一般,京都府,"月給26万8,500円",正社員,医療事務,求人ボックス,https://xn--pckua2a7gp15o89zb.com/jbn/a5c0524001f48513953a01fed3dd2801,True,11時間前,2026-09-19 04:24:22,京都府
デスクワーク+軽作業の備品管理スタッフ!完全週休2日制でオンとオフをしっかり切り替え新着,このお仕事の特徴一般,京都府,"月給26万9,900円",正社員,医療事務,求人ボックス,https://xn--pckua2a7gp15o89zb.com/jbn/43c18a0fd867789e4492aaed8dd9cb19,True,11時間前,2026-09-19 04:24:22,京都府
「未経験からゲーム開発をサポート!」／ゲームテストエンジニア／動作チェックが中心／研修制度あり新着,このお仕事の特徴一般,京都府,月給27万円～34万円,正社員,医療事務,求人ボックス,https://xn--pckua2a7gp15o89zb.com/jbn/34f2c49b5cb716906275d71d287f2039,True,14時間前,2026-09-19 04:24:27,京都府
残業ほぼなしのデータ入力スタッフ!年間休日125日以上でプライベートも充実／月給26万2700円～新着,事務,京都府,月給26万2700円,正社員,医療事務,求人ボックス,https://xn--pckua2a7gp15o89zb.com/jbn/15f535b497a74498f37a693b1c92e72d,True,11時間前,2026-09-19 04:24:27,京都府
静かな環境でもくもく作業のデータ入力!年間休日125日以上でプライベートも充実新着,事務,京都府,"月給26万6,700円",正社員,医療事務,求人ボックス,https://xn--pckua2a7gp15o89zb.com/jbn/e285e5d98c33a90a38a017e1adea946e,True,11時間前,2026-09-19 04:24:27,京都府
「男女ともにIT業界で新しい一歩を!」／アプリテスター／未経験OK／福利厚生充実／安定勤務新着,このお仕事の特徴一般,京都府,月給27万円～34万円,正社員,医療事務,求人ボックス,https://xn--pckua2a7gp15o89zb.com/jbn/c9a24739c65cc44146a0023e33a013e2,True,16時間前,2026-09-19 04:24:27,京都府
「月収30万円以上も可能!」／ゲームテストエンジニア／未経験歓迎／ゲーム画面をじっくり見て動作を確認新着,このお仕事の特徴一般,京都府,月給27万円～34万円,正社員,医療事務,求人ボックス,https://xn--pckua2a7gp15o89zb.com/jbn/5d296d2b1ad2ee209be600d97b5b6b17,True,16時間前,2026-09-19 04:24:27,京都府
「ゲーム好きの目が活きる仕事」ゲームテスター／未経験OK／研修充実／かんたんチェック作業新着,このお仕事の特徴一般,京都府,月給27万円～34万円,正社員,医療事務,求人ボックス,https://xn--pckua2a7gp15o89zb.com/jbn/081060d9399b1d1b8b3a030927521b95,True,11時間前,2026-09-19 04:24:30,京都府
「スマホアプリを試していく仕事」アプリテスター／未経験OK／研修充実／20~30代活躍中新着,このお仕事の特徴一般,京都府,月給27万円～34万円,正社員,医療事務,求人ボックス,https://xn--pckua2a7gp15o89zb.com/jbn/c2b174b524db3b0c8bbbd5ce503de255,True,11時間前,2026-09-19 04:24:30,京都府
「ゲームの裏側を支える仕事がしたい方におすすめ」／ゲームデバッガー／未経験歓迎／サポート体制充実新着,このお仕事の特徴一般,京都府,月給27万円～34万円,正社員,医療事務,求人ボックス,https://xn--pckua2a7gp15o89zb.com/jbn/6256475714d935b12c49201312160f65,True,16時間前,2026-09-19 04:24:30,京都府
回答例つきで安心の社内ヘルプデスク!未経験から始められる社内ITサポート業務／月給26万900円～新着,このお仕事の特徴一般,京都府,月給26万900円,正社員,医療事務,求人ボックス,https://xn--pckua2a7gp15o89zb.com/jbn/0da8f6d24ed80c11bc32e35357aeb6b8,True,11時間前,2026-09-19 04:24:30,京都府
「スピード採用でWeb業界に挑戦!」／Webエンジニア／WEB面接対応／未経験OK／昇給制度あり新着,このお仕事の特徴一般,京都府,月給27万円～34万円,正社員,医療事務,求人ボックス,https://xn--pckua2a7gp15o89zb.com/jbn/0e70786cb85054cd44fbd238d4528150,True,16時間前,2026-09-19 04:24:30,京都府
デスクワーク+軽作業の備品管理スタッフ!研修とマニュアルがあるから初日から安心新着,このお仕事の特徴一般,京都府,"月給26万8,500円",正社員,医療事務,求人ボックス,https://xn--pckua2a7gp15o89zb.com/jbn/bfc75e991ff16dda723f4b07c23a9cf1,True,11時間前,2026-09-19 04:24:30,京都府
難しい判断なしのファイリング事務!年間休日125日以上でプライベートも充実／月給26万3300円～新着,事務,京都府,月給26万3300円,正社員,医療事務,求人ボックス,https://xn--pckua2a7gp15o89zb.com/jbn/6e1d416bc80e0c081c84c79584cc6ce9,True,11時間前,2026-09-19 04:24:33,京都府
「企画力を活かして安定収入」／ゲームプランナー／月収30万円以上可／未経験歓迎／教育体制あり新着,このお仕事の特徴一般,京都府,月給27万円～34万円,正社員,医療事務,求人ボックス,https://xn--pckua2a7gp15o89zb.com/jbn/1b93310e040b0385ac6d4ac0cda1a9a1,True,14時間前,2026-09-19 04:24:33,京都府
京都府京都市右京区の事務職／アミケア 株式会社新着,アミケア株式会社,京都府京都市右京区の事務職／アミケア,"時給1,200円～1,400円",アルバイト,医療事務,求人ボックス,https://xn--pckua2a7gp15o89zb.com/jb/cdcfa5a1995c5c76bcb6cf6487408d9c,True,6時間前,2026-09-19 04:24:33,京都府
項目をうめるだけのシンプル書類作成!土日祝休み・残業ほぼなしで働きやすい環境／月給26万7900円～新着,事務,京都府,月給26万7900円,正社員,医療事務,求人ボックス,https://xn--pckua2a7gp15o89zb.com/jbn/d542942843beac9830e0040e0571ec07,True,11時間前,2026-09-19 04:24:33,京都府
電話・メール対応メインのヘルプデスク!未経験から始められる社内ITサポート業務／月給26万600円～新着,このお仕事の特徴一般,京都府,月給26万600円,正社員,医療事務,求人ボックス,https://xn--pckua2a7gp15o89zb.com/jbn/27dbce5d53a7851e57334088b51e1eca,True,11時間前,2026-09-19 04:24:37,京都府
ゼロから作らなくていい書類作成サポート!土日祝休み・残業ほぼなしで働きやすい環境新着,事務,京都府,"月給26万8,300円",正社員,医療事務,求人ボックス,https://xn--pckua2a7gp15o89zb.com/jbn/4fd53642a0c7068c4eca72a555d057bf,True,11時間前,2026-09-19 04:24:37,京都府
「ゲーム業界デビューを寮付きで応援」／ゲームプランナー／未経験歓迎／20~30代活躍中新着,このお仕事の特徴一般,京都府,月給27万円～34万円,正社員,医療事務,求人ボックス,https://xn--pckua2a7gp15o89zb.com/jbn/525fd74e5b11be8707ca54762f08f39f,True,14時間前,2026-09-19 04:24:37,京都府
「女性・男性問わずITスキルを身につける!」／ITアドバイザー／未経験OK／研修制度充実／長期安定新着,このお仕事の特徴一般,京都府,月給27万円～34万円,正社員,医療事務,求人ボックス,https://xn--pckua2a7gp15o89zb.com/jbn/8a3c7a102d08f80fbea499b28d34dd87,True,16時間前,2026-09-19 04:24:37,京都府
難しい作業なしの未経験向け書類作成!土日祝休み・残業ほぼなしで働きやすい環境／月給26万9300円～新着,事務,京都府,月給26万9300円,正社員,医療事務,求人ボックス,https://xn--pckua2a7gp15o89zb.com/jbn/627fb13ddfbbef1bd4a7c5c31beafe15,True,11時間前,2026-09-19 04:24:37,京都府
人と関わるのが好きな方向けのイベント事務!土日祝休み・残業ほぼなしで働きやすい環境新着,事務,京都府,"月給26万6,500円",正社員,医療事務,求人ボックス,https://xn--pckua2a7gp15o89zb.com/jbn/694c73f68f94180e73936db94ea46970,True,11時間前,2026-09-19 04:24:37,京都府
Webエンジニア／プライベートも充実させやすい／土日祝休み／長期勤務歓迎／未経験OK新着,このお仕事の特徴一般,京都府,月給27万円～34万円,正社員,医療事務,求人ボックス,https://xn--pckua2a7gp15o89zb.com/jbn/f5a1138c37b1f2df2086d6554ceaa0c8,True,14時間前,2026-09-19 04:24:37,京都府
「趣味トークで盛り上がる毎日を仕事に」／ゲームテスター／月収30万円以上可／未経験OK新着,このお仕事の特徴一般,京都府,月給27万円～34万円,正社員,医療事務,求人ボックス,https://xn--pckua2a7gp15o89zb.com/jbn/31274309ab03a657961dccaf224467b0,True,14時間前,2026-09-19 04:24:40,京都府
未経験から始める見積書チェック業務!土日祝休み・残業ほぼなしで働きやすい環境／月給26万7800円～新着,このお仕事の特徴一般,京都府,月給26万7800円,正社員,医療事務,求人ボックス,https://xn--pckua2a7gp15o89zb.com/jbn/af9d32725a7515c9364fcd2b788ef2d9,True,11時間前,2026-09-19 04:24:40,京都府
「稼ぎながら技術を身につける」ゲームプログラマー／未経験OK／研修あり／高収入求人／成長環境新着,このお仕事の特徴一般,京都府,月給27万円～34万円,正社員,医療事務,求人ボックス,https://xn--pckua2a7gp15o89zb.com/jbn/e321ac5be2911ac0eb71b2f0f3c1c14b,True,14時間前,2026-09-19 04:24:40,京都府
ITエンジニア／仕事とプライベートを両立しやすい／土日祝休み／年間休日120日以上／長期勤務歓迎新着,このお仕事の特徴一般,京都府,月給27万円～34万円,正社員,医療事務,求人ボックス,https://xn--pckua2a7gp15o89zb.com/jbn/4c1fc3873de843c90c9220b3af659f81,True,14時間前,2026-09-19 04:24:40,京都府
「未経験からゲーム業界にチャレンジ!」／ゲームプランナー／年間休日120日以上／賞与あり新着,このお仕事の特徴一般,京都府,月給27万円～34万円,正社員,医療事務,求人ボックス,https://xn--pckua2a7gp15o89zb.com/jbn/242857986ec45a5f603f5740ce4df36c,True,16時間前,2026-09-19 04:24:40,京都府
「人の“困った”を解決する仕事」ITアドバイザー／未経験OK／研修充実／安定企業勤務新着,このお仕事の特徴一般,京都府,月給27万円～34万円,正社員,医療事務,求人ボックス,https://xn--pckua2a7gp15o89zb.com/jbn/b59488c5a5a4a60984ec6c26a9a7ded2,True,14時間前,2026-09-19 04:24:45,京都府
「未経験から専門職を目指せる!」／データサイエンティスト／資格取得支援あり／長期休暇あり新着,このお仕事の特徴一般,京都府,月給27万円～34万円,正社員,医療事務,求人ボックス,https://xn--pckua2a7gp15o89zb.com/jbn/6e398228ba375ef0ec84e3cb05a274c8,True,16時間前,2026-09-19 04:24:45,京都府
資格取得支援ありのITエンジニア!研修3ヶ月&手順書ありでゼロからデビューできる新着,このお仕事の特徴一般,京都府,"月給26万2,600円",正社員,医療事務,求人ボックス,https://xn--pckua2a7gp15o89zb.com/jbn/92db46a4e7b086e54d87b71d1bb8361f,True,11時間前,2026-09-19 04:24:45,京都府
「専門職としてやり直す」データサイエンティスト／未経験相談OK／研修あり／成長支援充実新着,このお仕事の特徴一般,京都府,月給27万円～34万円,正社員,医療事務,求人ボックス,https://xn--pckua2a7gp15o89zb.com/jbn/cd05ccc68116e314e17bb9af68201bd5,True,11時間前,2026-09-19 04:24:45,京都府
覚えることは少なめの庶務サポート事務!「ありがとう」を直接もらえる縁の下の力持ち新着,事務,京都府,"月給26万8,700円",正社員,医療事務,求人ボックス,https://xn--pckua2a7gp15o89zb.com/jbn/a877eccca757ae720262d0cd29d49c2d,True,11時間前,2026-09-19 04:24:45,京都府
気配りが活きるオフィス備品の管理!完全週休2日制でオンとオフをしっかり切り替え新着,このお仕事の特徴一般,京都府,"月給26万8,500円",正社員,医療事務,求人ボックス,https://xn--pckua2a7gp15o89zb.com/jbn/2d967d4d6c575b1eabf5b5d12b284ff5,True,11時間前,2026-09-19 04:24:45,京都府
京都府京都市山科区の医療助手新着,医療法人桜会 さくら耳鼻咽喉科たにぐちクリニック,京都府京都市山科区の医療助手,"時給1,380円～1,400円",,医療事務,求人ボックス,https://xn--pckua2a7gp15o89zb.com/jb/e5ef810f613e09daffb58b9474caad4a,True,6時間前,2026-09-19 04:24:45,京都府
保育士新着,SGLインベストメント合同会社,京都府,"時給1,180円",アルバイト・パート,保育,求人ボックス,https://xn--pckua2a7gp15o89zb.com/jb/8dd748fbb1e60bf185a0b284f94e8aa1,True,11時間前,2026-09-19 04:24:27,京都府
長岡京市の保育士／保育園で保育士のお仕事 派遣保育士／週4～5日新着,グッドネクスト,京都府,"時給1,500円",派遣社員,保育,求人ボックス,https://xn--pckua2a7gp15o89zb.com/jb/4ccbbdc4a14dc6d6863848264c9ae6a4,True,23時間前,2026-09-19 04:24:27,京都府
保育士新着,ひかりだい保育所,京都府,"時給1,200円～1,380円",アルバイト・パート,保育,求人ボックス,https://xn--pckua2a7gp15o89zb.com/jb/0583640b6708215aa57fe7041e54b749,True,4時間前,2026-09-19 04:24:27,京都府
保育士新着,放課後等デイサービスポコアポコ 田辺教室,京都府,"時給1,200円～1,800円",アルバイト・パート,保育,求人ボックス,https://xn--pckua2a7gp15o89zb.com/jb/2ecbc4c8637c3f0e7ba032a7b49c32fb,True,4時間前,2026-09-19 04:24:28,京都府
保育士新着,照隅認定こども園,京都府,"時給1,122円",アルバイト・パート,保育,求人ボックス,https://xn--pckua2a7gp15o89zb.com/jb/b8edb663048030cb6b94a12b56169b52,True,4時間前,2026-09-19 04:24:28,京都府
保育士新着,放課後等デイサービス ヴィエンテ,京都府,"時給1,122円～1,400円",アルバイト・パート,保育,求人ボックス,https://xn--pckua2a7gp15o89zb.com/jb/ea22f610b98de1da0bc8f540e7b1b6a8,True,4時間前,2026-09-19 04:24:28,京都府
年間休日120日以上の保育士新着,第二かがやき保育園,京都府,"時給1,180円～",アルバイト・パート,保育,求人ボックス,https://xn--pckua2a7gp15o89zb.com/jb/989defd47a15b2ba560a7fc3587947c9,True,6時間前,2026-09-19 04:24:30,京都府
京都府相楽郡精華町の保育士／社会福祉法人 京都長尾会 せいかだい保育所新着,社会福祉法人京都長尾会 せいかだい保育所,京都府相楽郡精華町の保育士／社会福祉法人,"月給19万4,190円",正社員,保育,求人ボックス,https://xn--pckua2a7gp15o89zb.com/jb/8608fc98f28a9ca33a1967f5faca4b51,True,5時間前,2026-09-19 04:24:30,京都府
保育士／15時～18時 平日週4日OK 正職員のサポート新着,ベルサンテ株式会社,京都府,"時給1,250円～",派遣社員,保育,求人ボックス,https://xn--pckua2a7gp15o89zb.com/jb/2c62a2c397cdeeb7fcfaf9dcf88215ea,True,18時間前,2026-09-19 04:24:30,京都府
保育士／私立認可保育園／紫野保育園新着,株式会社アスカ,京都府,"時給1,550円",派遣社員,保育,求人ボックス,https://xn--pckua2a7gp15o89zb.com/jb/bc474b63cbc4816e30a711e8923bdb19,True,3時間前,2026-09-19 04:24:34,京都府
京都府宇治市の保育士／槇島校／放課後等デイサービスハルハル／株式会社新着,株式会社ブリエ,京都府宇治市の保育士／槇島校／放課後等デイサービスハルハル／株式会社,月給24万円～30万円,正社員,保育,求人ボックス,https://xn--pckua2a7gp15o89zb.com/jb/b2716ae9c136fe2e7a0ac983bde5f1bf,True,5時間前,2026-09-19 04:24:34,京都府
保育士／小規模保育園／ほほえみ保育園 三山木園新着,株式会社Life Youth,京都府,"時給1,180円",アルバイト・パート,保育,求人ボックス,https://xn--pckua2a7gp15o89zb.com/jb/f163eeca3e37e72eb7f718bfe227cb42,True,18時間前,2026-09-19 04:24:34,京都府
保育士／私立認可保育園／紫野保育園新着,社会福祉法人京都社会福祉協会,京都府,"時給1,200円",アルバイト・パート,保育,求人ボックス,https://xn--pckua2a7gp15o89zb.com/jb/abdb6cd7ebf7f021d05f310944265a4a,True,3時間前,2026-09-19 04:24:34,京都府
京都府京都市西京区の保育士／樫原ふじ保育園／社会福祉法人 樫原ふじ福祉...新着,社会福祉法人樫原ふじ福祉会 樫原ふじ保育園,京都府京都市西京区の保育士／樫原ふじ保育園／社会福祉法人,"月給21万4,000円",正社員,保育,求人ボックス,https://xn--pckua2a7gp15o89zb.com/jb/00b031b0b85e654a025e71ba48d82a33,True,5時間前,2026-09-19 04:24:36,京都府
保育士／小規模保育園／谷史季保育園新着,一般社団法人タニシキ,京都府,"時給1,200円",アルバイト・パート,保育,求人ボックス,https://xn--pckua2a7gp15o89zb.com/jb/a293a819a27e3068d3d2496ff7efadc8,True,3時間前,2026-09-19 04:24:36,京都府
京都府京都市伏見区の保育士／株式会社 いろどり 伏見いろどり保育園新着,株式会社いろどり 伏見いろどり保育園,京都府京都市伏見区の保育士／株式会社,"時給1,250円～1,300円",,保育,求人ボックス,https://xn--pckua2a7gp15o89zb.com/jb/55cfac66ace907e4896cfcbdac3f20cf,True,5時間前,2026-09-19 04:24:40,京都府
保育士／時給1250円／18時半まで／週3日〜相談可／夕方の隙間時間を...新着,ベルサンテスタッフ株式会社,京都府,時給1250円,派遣社員,保育,求人ボックス,https://xn--pckua2a7gp15o89zb.com/jb/15eb56cd21bbc35849ded80abe0f4883,True,13時間前,2026-09-19 04:24:40,京都府
保育士／京都双岡病院の病院内保育所新着,ライクキッズ株式会社,京都府,"時給1,180円～1,330円",アルバイト・パート,保育,求人ボックス,https://xn--pckua2a7gp15o89zb.com/jb/72e3601976e483f75006e21757af4dfc,True,11時間前,2026-09-19 04:24:40,京都府
保育士 子どもの成長の見守り・サポート新着,株式会社ウィルオブ・ワーク,京都府,"時給1,332円～1,600円",派遣社員,保育,求人ボックス,https://xn--pckua2a7gp15o89zb.com/jb/7735c17074a09f079a76d55c852dc407,True,11時間前,2026-09-19 04:24:43,京都府
保育士／時給1450円〜1550円／9:00〜17:00固定新着,株式会社ワークプロジェクト,京都府,時給1450円,派遣社員,保育,求人ボックス,https://xn--pckua2a7gp15o89zb.com/jb/3f9b22ab13e5a861efb6d41e3eb1b91c,True,8時間前,2026-09-19 04:24:43,京都府
学童の児童指導員／こどもたちの「ただいま」を迎えるお仕事 週3～5日勤務新着,株式会社明日葉,京都府,"時給1,122円～1,600円",アルバイト・パート,保育,求人ボックス,https://xn--pckua2a7gp15o89zb.com/jb/f6a588782c95cf1e307f760fa45bfa1a,True,9時間前,2026-09-19 04:24:43,京都府
幼稚園教諭新着,篠村幼稚園,京都府,"時給1,122円",アルバイト・パート,保育,求人ボックス,https://xn--pckua2a7gp15o89zb.com/jb/9cd70cc6166243fa49e81e8767e2de72,True,4時間前,2026-09-19 04:24:48,京都府
受付・データ入力スタッフ／丁寧な教育体制／未経験OK／若手中心／教育体制あり／残業少なめ新着,株式会社ホワイトキャリア,京都府,月給21万円～50万円,正社員,保育,求人ボックス,https://xn--pckua2a7gp15o89zb.com/jbn/a3b28969279814614157d99e6ae2432a,True,6時間前,2026-09-19 04:24:48,京都府
事務 正社員／未経験大歓迎／土日祝休み／年間休日125日／20代女性活躍中／おしゃれOK新着,マンパワーグループ株式会社,京都府,"月給19万8,000円",正社員,保育,求人ボックス,https://xn--pckua2a7gp15o89zb.com/jbn/76783910d0d76057b4a88a66238c3bdf,True,19時間前,2026-09-19 04:24:48,京都府
先生の補助スタッフ新着,株式会社ホットスタッフ城陽,京都府,"時給1,400円",派遣社員,保育,求人ボックス,https://xn--pckua2a7gp15o89zb.com/jb/44fbd7b31a04defc997bfe6ab2ba80b8,True,10時間前,2026-09-19 04:24:51,京都府
幼稚園教諭新着,幼保連携型認定こども園 愛光こども園,京都府,"時給1,122円",アルバイト・パート,保育,求人ボックス,https://xn--pckua2a7gp15o89zb.com/jb/f6c2cfe13948820221de67e1ab1b4016,True,4時間前,2026-09-19 04:24:51,京都府
京都府京都市北区の放課後等デイサービスでの支援業務／特定非営利活動法人 友愛新着,特定非営利活動法人友愛,京都府京都市北区の放課後等デイサービスでの支援業務／特定非営利活動法人,"月給19万5,000円",正社員,保育,求人ボックス,https://xn--pckua2a7gp15o89zb.com/jb/c44a1547ba7972ed0efd9100d240d5f8,True,6時間前,2026-09-19 04:24:51,京都府
京都府木津川市の児童指導員／児童発達支援・放課後等デイサービス羽ばたき新着,株式会社真誠,京都府木津川市の児童指導員／児童発達支援・放課後等デイサービス羽ばたき,月給22万円～27万円,正社員,保育,求人ボックス,https://xn--pckua2a7gp15o89zb.com/jb/131245e9f8948a975f658cbda53b0eb4,True,6時間前,2026-09-19 04:24:56,京都府
京都府舞鶴市の保育教諭／学校法人 舞鶴青葉学園 森の子ら幼稚園新着,学校法人舞鶴青葉学園 森の子ら幼稚園,京都府舞鶴市の保育教諭／学校法人,"月給19万4,000円",正社員,保育,求人ボックス,https://xn--pckua2a7gp15o89zb.com/jb/0afa8ff9f12037279b4ae60f5b483b1c,True,5時間前,2026-09-19 04:24:56,京都府
京都府与謝郡与謝野町の建設作業員宮津事業所新着,大和工業株式会社,京都府与謝郡与謝野町の建設作業員宮津事業所,"月給19万8,700円",正社員,建設,求人ボックス,https://xn--pckua2a7gp15o89zb.com/jb/cc65ada24e8b1d156654a2a7acbd97db,True,5時間前,2026-09-19 04:24:48,京都府
「予約制のタクシードライバー」週3日勤務で月収40万円以上／未経験OK／20代～50代が活躍中新着,建設,京都府,"月給47万6,000円",正社員,建設,求人ボックス,https://xn--pckua2a7gp15o89zb.com/jbn/c46a90bf73bd101597c3625744960995,True,12時間前,2026-09-19 04:24:48,京都府
普通免許から始めるタクシードライバー／二種免許取得支援あり／役員・VIP・予約送迎／賞与あり新着,フードデリバリー配達員/宅配便ドライバールート配送ドライバー(飲料・食品)...(前職:フードデリバリー配達員/25歳男性) 福利厚生 ・社会保険完備(厚生年金・健康保険・雇用保険・労災)...,京都府,"月給47万6,000円",正社員,建設,求人ボックス,https://xn--pckua2a7gp15o89zb.com/jbn/65c7b4c298408e0c1ea345e7b187f481,True,9時間前,2026-09-19 04:24:48,京都府
夜勤の役員タクシードライバー／空港・会食・VIP送迎あり／普通免許OK／賞与年2回／福利厚生充実新着,...軽貨物配送ドライバーフードデリバリー配達員/宅配便ドライバールート配送ドライバー(飲料・食品)長距離大型トラック/中型トラック運転手引越しドライバー/デリバリーサービス倉庫,京都府,"月給47万6,000円",正社員,建設,求人ボックス,https://xn--pckua2a7gp15o89zb.com/jbn/168fc2fd437a6b8fd101cb4b464530e6,True,9時間前,2026-09-19 04:24:48,京都府
夜間予約タクシードライバー／普通免許OK／二種免許は会社負担／月収50万円以上も可／賞与あり新着,フードデリバリー配達員/宅配便ドライバールート配送ドライバー(飲料・食品)長距離大型トラック/中型トラック運転手引越しドライバー/デリバリーサービス倉庫,京都府,"月給45万6,000円",正社員,建設,求人ボックス,https://xn--pckua2a7gp15o89zb.com/jbn/4562d4978aff5eddd764874a81fd71c5,True,9時間前,2026-09-19 04:24:48,京都府
「社会保険完備・福利厚生充実」タクシードライバー／夜勤／学歴不問／ボーナス年2回／空港送迎／会食送迎新着,...軽貨物配送ドライバーフードデリバリー配達員/宅配便ドライバールート配送ドライバー(飲料・食品)長距離大型トラック/中型トラック運転手引越しドライバー/デリバリーサービス倉庫,京都府,"月給45万6,000円",正社員,建設,求人ボックス,https://xn--pckua2a7gp15o89zb.com/jbn/c4cdb70febbb8bd86d94355efee60d71,True,9時間前,2026-09-19 04:24:48,京都府
著名人・VIPの予約タクシードライバー／普通免許のみOK／未経験から正社員へ／賞与年2回新着,フードデリバリー配達員/宅配便ドライバールート配送ドライバー(飲料・食品)...[年収実績]25歳男性/前職:フードデリバリー配達員入社1年目で年収650万円を達成。,京都府,"月給47万6,000円",正社員,建設,求人ボックス,https://xn--pckua2a7gp15o89zb.com/jbn/9e45a2dfb2929297e92630ee037726c0,True,9時間前,2026-09-19 04:24:48,京都府
「タクシードライバー」二種免不要／週3勤務／安定収入／ボーナス年2回／若手活躍中／安心の正社員雇用新着,...軽貨物配送ドライバーフードデリバリー配達員/宅配便ドライバールート配送ドライバー(飲料・食品)長距離大型トラック/中型トラック運転手引越しドライバー/デリバリーサービス倉庫,京都府,"月給45万6,000円",正社員,建設,求人ボックス,https://xn--pckua2a7gp15o89zb.com/jbn/c653de58608bffe57af85f3cd6306b6a,True,9時間前,2026-09-19 04:24:49,京都府
月11日～13日勤務のタクシードライバー／空港・VIP送迎あり／普通免許OK／履歴書不要／賞与年2回新着,未経験OK,京都府,"月給45万6,000円",正社員,建設,求人ボックス,https://xn--pckua2a7gp15o89zb.com/jbn/d748baab3f4faf9825c3db74f91f6bdf,True,9時間前,2026-09-19 04:24:49,京都府
タクシードライバー／普通免許OK・AT限定可／未経験から正社員へ／週3日勤務可新着,...軽貨物配送ドライバーフードデリバリー配達員/宅配便ドライバールート配送ドライバー(飲料・食品)長距離大型トラック/中型トラック運転手引越しドライバー/デリバリーサービス倉庫,京都府,"月給47万7,000円",正社員,建設,求人ボックス,https://xn--pckua2a7gp15o89zb.com/jbn/6a121a7722891ce82fa7fa4cabfc58cd,True,9時間前,2026-09-19 04:24:49,京都府
週3勤務のタクシードライバー／普通免許だけで応募OK／予約中心で落ち着いて働ける／賞与年2回新着,...軽貨物配送ドライバーフードデリバリー配達員/宅配便ドライバールート配送ドライバー(飲料・食品)長距離大型トラック/中型トラック運転手引越しドライバー/デリバリーサービス倉庫,京都府,"月給47万7,000円",正社員,建設,求人ボックス,https://xn--pckua2a7gp15o89zb.com/jbn/d3ccd3fa7581c22620acf6a2b730b15d,True,10時間前,2026-09-19 04:24:49,京都府
「二種免許不要・タクシードライバー」履歴書不要／学歴不問／週3勤務／身体負担少なめ／退職金制度新着,...軽貨物配送ドライバーフードデリバリー配達員/宅配便ドライバールート配送ドライバー(飲料・食品)長距離大型トラック/中型トラック運転手引越しドライバー/デリバリーサービス倉庫,京都府,"月給45万6,000円",正社員,建設,求人ボックス,https://xn--pckua2a7gp15o89zb.com/jbn/8b665e8d061e184f4ea43a6d624911b6,True,9時間前,2026-09-19 04:24:49,京都府
週3勤務のタクシードライバー／普通免許OK／未経験から正社員へ／履歴書不要／賞与年2回新着,...軽貨物配送ドライバーフードデリバリー配達員/宅配便ドライバールート配送ドライバー(飲料・食品)長距離大型トラック/中型トラック運転手引越しドライバー/デリバリーサービス倉庫,京都府,"月給47万7,000円",正社員,建設,求人ボックス,https://xn--pckua2a7gp15o89zb.com/jbn/ee3226dd30da0b4a6d2153c383033231,True,10時間前,2026-09-19 04:24:49,京都府
「経歴不問・タクシードライバー」未経験歓迎／社会保険完備の正社員雇用／週3勤務／AT限定OK新着,...軽貨物配送ドライバーフードデリバリー配達員/宅配便ドライバールート配送ドライバー(飲料・食品)長距離大型トラック/中型トラック運転手引越しドライバー/デリバリーサービス倉庫,京都府,"月給45万6,000円",正社員,建設,求人ボックス,https://xn--pckua2a7gp15o89zb.com/jbn/c781371cf83db3dcdccde68729954678,True,9時間前,2026-09-19 04:24:49,京都府
タクシードライバー／普通免許OK／年収600万円以上も可／履歴書不要／退職金制度あり新着,...軽貨物配送ドライバーフードデリバリー配達員/宅配便ドライバールート配送ドライバー(飲料・食品)長距離大型トラック/中型トラック運転手引越しドライバー/デリバリーサービス倉庫,京都府,"月給47万7,000円",正社員,建設,求人ボックス,https://xn--pckua2a7gp15o89zb.com/jbn/029ee6c43e5068f24565b20de4144faa,True,10時間前,2026-09-19 04:24:53,京都府
役員・著名人の予約タクシードライバー／普通免許OK・AT限定可／未経験から正社員へ／週3日勤務可新着,...軽貨物配送ドライバーフードデリバリー配達員/宅配便ドライバールート配送ドライバー(飲料・食品)長距離大型トラック/中型トラック運転手引越しドライバー/デリバリーサービス倉庫,京都府,"月給47万6,000円",正社員,建設,求人ボックス,https://xn--pckua2a7gp15o89zb.com/jbn/9b889603da964c700ef211cbe8919a63,True,9時間前,2026-09-19 04:24:53,京都府
「夜勤・高収入・空港送迎」タクシードライバー／普通免許でOK／賞与あり／年収600万円以上可新着,フードデリバリー配達員/宅配便ドライバールート配送ドライバー(飲料・食品)...<年収例>入社1年目:年収650万円前職:フードデリバリー配達員(25歳男性),京都府,"月給45万6,000円",正社員,建設,求人ボックス,https://xn--pckua2a7gp15o89zb.com/jbn/8c5d1faafea347bf0ce21df1bb639f40,True,8時間前,2026-09-19 04:24:53,京都府
アルファードでの夜間タクシードライバー／VIP・著名人対応あり／AT限定OK／接客経験を活かせる新着,フードデリバリー配達員/宅配便ドライバールート配送ドライバー(飲料・食品)...外での,京都府,"月給47万6,000円",正社員,建設,求人ボックス,https://xn--pckua2a7gp15o89zb.com/jbn/a4f5506b39c0e5171116f7bfdfa70190,True,9時間前,2026-09-19 04:24:53,京都府
役員・VIPタクシードライバー／普通免許OK／年収600万円以上も可／履歴書不要／退職金制度あり新着,...軽貨物配送ドライバーフードデリバリー配達員/宅配便ドライバールート配送ドライバー(飲料・食品)長距離大型トラック/中型トラック運転手引越しドライバー/デリバリーサービス倉庫,京都府,"月給47万6,000円",正社員,建設,求人ボックス,https://xn--pckua2a7gp15o89zb.com/jbn/22822fb4e6f1ed1a1ca31066c188e790,True,9時間前,2026-09-19 04:24:53,京都府
「夜勤・タクシードライバー」二種免不要／企業役員／賞与年2回／20代活躍中／安定収入新着,フードデリバリー配達員/宅配便ドライバールート配送ドライバー(飲料・食品)...<年収例>入社1年目:年収650万円前職:フードデリバリー配達員(25歳男性),京都府,"月給45万6,000円",正社員,建設,求人ボックス,https://xn--pckua2a7gp15o89zb.com/jbn/97c5739823950b68317ffc8f58010439,True,9時間前,2026-09-19 04:24:55,京都府
「月11日～13日勤務!」タクシードライバー／履歴書不要／空港送迎／社会保険完備／賞与あり新着,フードデリバリー配達員/宅配便ドライバールート配送ドライバー(飲料・食品)...<年収例>入社1年目:年収650万円前職:フードデリバリー配達員(25歳男性),京都府,"月給45万6,000円",正社員,建設,求人ボックス,https://xn--pckua2a7gp15o89zb.com/jbn/483462b9ce25cb2a752af2e4dbdbd0d7,True,8時間前,2026-09-19 04:24:55,京都府
「夜勤」タクシードライバー・AT限定OK／接客経験活かせる／賞与年2回／VIP対応／アルファード新着,...軽貨物配送ドライバーフードデリバリー配達員/宅配便ドライバールート配送ドライバー(飲料・食品)長距離大型トラック/中型トラック運転手引越しドライバー/デリバリーサービス倉庫,京都府,"月給45万6,000円",正社員,建設,求人ボックス,https://xn--pckua2a7gp15o89zb.com/jbn/1a44505654fd1c917d5ea82c35f9be62,True,9時間前,2026-09-19 04:24:55,京都府
「週3勤務・芸能人・タレント」タクシードライバー／二種免許不要／賞与年2回／正社員雇用新着,フードデリバリー配達員/宅配便ドライバールート配送ドライバー(飲料・食品)...<年収例>入社1年目:年収650万円前職:フードデリバリー配達員(25歳男性),京都府,"月給45万6,000円",正社員,建設,求人ボックス,https://xn--pckua2a7gp15o89zb.com/jbn/029d60379f1caccaa9feb6aef11d8d87,True,8時間前,2026-09-19 04:24:55,京都府
夜勤の予約タクシードライバー／企業役員・VIP対応あり／普通免許OK／二種免許取得支援あり新着,フードデリバリー配達員/宅配便ドライバールート配送ドライバー(飲料・食品)...25歳男性・前職フードデリバリー配達員が入社1年目で年収650万円を達成しています。...,京都府,"月給47万6,000円",正社員,建設,求人ボックス,https://xn--pckua2a7gp15o89zb.com/jbn/73b0cb34a8ee16363e036f0710040e02,True,9時間前,2026-09-19 04:24:55,京都府
「タクシードライバー」未経験OK／履歴書不要／週3勤務／賞与あり／研修制度充実／社会保険完備新着,...軽貨物配送ドライバーフードデリバリー配達員/宅配便ドライバールート配送ドライバー(飲料・食品)長距離大型トラック/中型トラック運転手引越しドライバー/デリバリーサービス倉庫,京都府,"月給45万6,000円",正社員,建設,求人ボックス,https://xn--pckua2a7gp15o89zb.com/jbn/d696079d8ffa699174857564ebf9c501,True,8時間前,2026-09-19 04:24:55,京都府
週3勤務の予約タクシードライバー／普通免許OK／未経験から正社員へ／履歴書不要／賞与年2回新着,...軽貨物配送ドライバーフードデリバリー配達員/宅配便ドライバールート配送ドライバー(飲料・食品)長距離大型トラック/中型トラック運転手引越しドライバー/デリバリーサービス倉庫,京都府,"月給47万6,000円",正社員,建設,求人ボックス,https://xn--pckua2a7gp15o89zb.com/jbn/415a84ed462bf65ff8d7ed5f0c20475b,True,9時間前,2026-09-19 04:24:59,京都府
京都府舞鶴市の土木作業員／未経験者歓迎新着,株式会社秋安工業,京都府舞鶴市の土木作業員／未経験者歓迎,月給20万円～22万円,正社員,建設,求人ボックス,https://xn--pckua2a7gp15o89zb.com/jb/000dfde94f5e23d23510a9de1ad6337e,True,6時間前,2026-09-19 04:24:59,京都府
京都府宇治市の建設・土木作業員／株式会社 FACTO GROUP新着,株式会社FACTO GROUP,京都府宇治市の建設・土木作業員／株式会社,"月給28万8,000円",正社員,建設,求人ボックス,https://xn--pckua2a7gp15o89zb.com/jb/99b1a9b04530d7ba009298dc9370dfe0,True,5時間前,2026-09-19 04:24:59,京都府
「高収入」夜勤／タクシー運転手／定期送迎「月収50万円以上可能／安定収入／賞与年2回」新着,建設・,京都府,"月給45万7,000円",正社員,建設,求人ボックス,https://xn--pckua2a7gp15o89zb.com/jbn/ffb813c1f86a20f3a769a3e85fc38e35,True,8時間前,2026-09-19 04:24:59,京都府
タクシー運転手「週3勤務」資格取得支援あり／月収40万円以上／安定収入／転職回数不問新着,...以下のような経験をお持ちの方は特に歓迎します。・軽貨物ドライバー・ルート配送スタッフ・宅配ドライバー・タクシー運転手・大型トラックドライバー・フォークリフトオペレーター・,京都府,"月給45万8,700円",正社員,建設,求人ボックス,https://xn--pckua2a7gp15o89zb.com/jbn/4b0825273a8a9b9f0cb3fbc82dc26aa7,True,8時間前,2026-09-19 04:24:59,京都府
「夜勤でしっかり稼ぐ」タクシードライバー／残業少なめ／正社員採用／賞与あり新着,...以下のような経験をお持ちの方は特に歓迎します。・軽貨物ドライバー・ルート配送スタッフ・宅配ドライバー・タクシー運転手・大型トラックドライバー・フォークリフトオペレーター・,京都府,"月給45万8,000円",正社員,建設,求人ボックス,https://xn--pckua2a7gp15o89zb.com/jbn/e047e350011950c118872eeeec598400,True,9時間前,2026-09-19 04:24:59,京都府
タクシードライバー／週3勤務／学歴不問／1年目月収50万以上／賞与年2回新着,建設・,京都府,"月給45万8,500円",正社員,建設,求人ボックス,https://xn--pckua2a7gp15o89zb.com/jbn/a38b85212c1f63f04c292ee75a2ad54d,True,9時間前,2026-09-19 04:24:59,京都府
タクシードライバー／未経験歓迎／会食・空港送迎中心／年収600万円以上可新着,建設・,京都府,"月給45万7,000円",正社員,建設,求人ボックス,https://xn--pckua2a7gp15o89zb.com/jbn/7a0c59630380be6d1c1519370131e252,True,9時間前,2026-09-19 04:24:59,京都府
「未経験歓迎」タクシードライバー／月収50万円以上可／退職金制度あり新着,...以下のような経験をお持ちの方は特に歓迎します。・軽貨物ドライバー・ルート配送スタッフ・宅配ドライバー・タクシー運転手・大型トラックドライバー・フォークリフトオペレーター・,京都府,"月給47万9,200円",正社員,建設,求人ボックス,https://xn--pckua2a7gp15o89zb.com/jbn/02ba00523c7199d39336ed838981645b,True,9時間前,2026-09-19 04:25:01,京都府
夜間専属タクシードライバー／月収50万円以上可能／賞与年2回／普通免許のみで応募可新着,...以下のような経験をお持ちの方は特に歓迎します。・軽貨物ドライバー・ルート配送スタッフ・宅配ドライバー・タクシー運転手・大型トラックドライバー・フォークリフトオペレーター・,京都府,"月給45万9,400円",正社員,建設,求人ボックス,https://xn--pckua2a7gp15o89zb.com/jbn/fdce9f3addf6179306536ab6ac84f80a,True,9時間前,2026-09-19 04:25:01,京都府
「夜勤で稼げる」タクシードライバー／普通免許のみOK／年収600万円以上可／賞与年2回新着,...以下のような経験をお持ちの方は特に歓迎します。・軽貨物ドライバー・ルート配送スタッフ・宅配ドライバー・タクシー運転手・大型トラックドライバー・フォークリフトオペレーター・,京都府,月給48万300円,正社員,建設,求人ボックス,https://xn--pckua2a7gp15o89zb.com/jbn/fb4205e0621f5dd87a1d10649962ac64,True,9時間前,2026-09-19 04:25:01,京都府
タクシードライバー／週3勤務／異業種からの転職歓迎新着,建設・,京都府,"月給45万8,000円",正社員,建設,求人ボックス,https://xn--pckua2a7gp15o89zb.com/jbn/3b6a47ef8bf5c07fa379475efb42e271,True,9時間前,2026-09-19 04:25:01,京都府
「週3日勤務で年収600万円も可能」タクシードライバー／普通免許のみOK／未経験歓迎／賞与年2回新着,建設・,京都府,"月給47万8,000円",正社員,建設,求人ボックス,https://xn--pckua2a7gp15o89zb.com/jbn/a34ecf78191b1c7c35c9a1fc31778585,True,10時間前,2026-09-19 04:25:01,京都府
夜間専属タクシードライバー／週3日勤務OK／異業種出身多数／未経験活躍中／土日祝休みあり新着,...以下のような経験をお持ちの方は特に歓迎します。・軽貨物ドライバー・ルート配送スタッフ・宅配ドライバー・タクシー運転手・大型トラックドライバー・フォークリフトオペレーター・,京都府,"月給45万6,600円",正社員,建設,求人ボックス,https://xn--pckua2a7gp15o89zb.com/jbn/2c84327319afe40b3150ed0b8a176172,True,11時間前,2026-09-19 04:25:01,京都府
「転職回数不問」役員タクシードライバー／週3勤務／安定収入／正社員採用新着,...以下のような経験をお持ちの方は特に歓迎します。・軽貨物ドライバー・ルート配送スタッフ・宅配ドライバー・タクシー運転手・大型トラックドライバー・フォークリフトオペレーター・,京都府,"月給45万7,300円",正社員,建設,求人ボックス,https://xn--pckua2a7gp15o89zb.com/jbn/32020399fc1cdaf3afa6bc64d634e2aa,True,12時間前,2026-09-19 04:25:01,京都府
芸能関係者のタクシードライバー／未経験歓迎／週3勤務／月収45万円以上／20代～50代活躍中新着,作業,京都府,"月給47万8,800円",正社員,建設,求人ボックス,https://xn--pckua2a7gp15o89zb.com/jbn/fd649ea49120ed7dd2425cd767d5d035,True,12時間前,2026-09-19 04:25:06,京都府
「未経験1年目600万円／定着率90%以上」「週3日勤務／正社員」タクシードライバー新着,建設・,京都府,"月給47万7,100円",正社員,建設,求人ボックス,https://xn--pckua2a7gp15o89zb.com/jbn/234dc22fd8fc64d131728641743e229e,True,12時間前,2026-09-19 04:25:06,京都府
「高収入」夜勤／タクシー／定期送迎「月収50万円以上可能／安定収入／賞与年2回」新着,建設・,京都府,月給46万800円,正社員,建設,求人ボックス,https://xn--pckua2a7gp15o89zb.com/jbn/8d91bb6576db2e1d99894d75d90618f3,True,8時間前,2026-09-19 04:25:06,京都府
タクシードライバー／「即入社相談可」夜間送迎スタッフ／履歴書不要／安定の正社員雇用新着,作業,京都府,"月給45万6,000円",正社員,建設,求人ボックス,https://xn--pckua2a7gp15o89zb.com/jbn/8bf1791850d79fd5ee01851770f02be5,True,8時間前,2026-09-19 04:25:06,京都府
「夜勤でしっかり稼ぐ」VIPタクシードライバー／残業少なめ／正社員採用／賞与あり新着,...以下のような経験をお持ちの方は特に歓迎します。・軽貨物ドライバー・ルート配送スタッフ・宅配ドライバー・タクシー運転手・大型トラックドライバー・フォークリフトオペレーター・,京都府,"月給45万6,000円",正社員,建設,求人ボックス,https://xn--pckua2a7gp15o89zb.com/jbn/f422cbddbb70ea7656455cda5a9da1b5,True,8時間前,2026-09-19 04:25:06,京都府
「正社員」週3勤務のタクシードライバー／未経験者活躍中／年収500万円以上可能／土日祝休み取得可新着,建設・,京都府,"月給47万6,000円",正社員,建設,求人ボックス,https://xn--pckua2a7gp15o89zb.com/jbn/f258756d99512979b9e0f9ed671ccb20,True,9時間前,2026-09-19 04:25:09,京都府
タクシードライバー／普通免許のみで応募OK／週3日勤務／賞与あり／高収入実現可能新着,作業,京都府,"月給47万8,000円",正社員,建設,求人ボックス,https://xn--pckua2a7gp15o89zb.com/jbn/cc7b5a63f8237c25bd62c7c9d1f0f8bb,True,10時間前,2026-09-19 04:25:09,京都府
「予約中心だから未経験でも安心」タクシードライバー／週3勤務／月収50万円以上可新着,建設・,京都府,"月給47万8,000円",正社員,建設,求人ボックス,https://xn--pckua2a7gp15o89zb.com/jbn/aa919692459173633d3b033e638bc86a,True,10時間前,2026-09-19 04:25:09,京都府
「1年目から高収入可能」タクシードライバー／週3勤務／福利厚生充実新着,作業,京都府,"月給47万6,000円",正社員,建設,求人ボックス,https://xn--pckua2a7gp15o89zb.com/jbn/71d4c82762b85d1083ca120424b559b4,True,9時間前,2026-09-19 04:25:09,京都府
「未経験1年目600万円／定着率90%以上」「週3勤務・予約制タクシードライバー」普通免許のみOK新着,建設・,京都府,"月給45万8,900円",正社員,建設,求人ボックス,https://xn--pckua2a7gp15o89zb.com/jbn/8bcf678afa1731f3c973047c90b0e183,True,11時間前,2026-09-19 04:25:09,京都府
高速道路・国道の施工管理スタッフ新着,日本ハイウエイ・サービス株式会社,京都府,月給30万円～50万円,正社員,建設,求人ボックス,https://xn--pckua2a7gp15o89zb.com/jb/c881705270b8c4ddb82b817f521e2a7a,True,21時間前,2026-09-19 04:25:09,京都府
「VIP送迎中心」夜勤タクシードライバー／年収600万円以上／賞与年2回新着,建設・,京都府,"月給45万6,000円",正社員,建設,求人ボックス,https://xn--pckua2a7gp15o89zb.com/jbn/1309197f857c9a520ae6441a07dc5e01,True,8時間前,2026-09-19 04:25:12,京都府
タクシードライバー「週3勤務」資格取得支援あり／月収40万円以上／安定収入／転職回数不問新着,...以下のような経験をお持ちの方は特に歓迎します。・軽貨物ドライバー・ルート配送スタッフ・宅配ドライバー・タクシー運転手・大型トラックドライバー・フォークリフトオペレーター・,京都府,"月給45万6,000円",正社員,建設,求人ボックス,https://xn--pckua2a7gp15o89zb.com/jbn/4a333a02a9af26590695ae5462c5a37a,True,8時間前,2026-09-19 04:25:12,京都府
「タレント／芸能」タクシードライバー／週3勤務／学歴不問／1年目月収50万以上／賞与年2回新着,建設・,京都府,"月給45万6,000円",正社員,建設,求人ボックス,https://xn--pckua2a7gp15o89zb.com/jbn/994265ce1c2c4533942c659441df3636,True,8時間前,2026-09-19 04:25:12,京都府
「高収入」夜勤／タクシードライバー／定期送迎「月収50万円以上可能／安定収入／賞与年2回」新着,建設・,京都府,"月給47万6,000円",正社員,建設,求人ボックス,https://xn--pckua2a7gp15o89zb.com/jbn/5e539525b7e9caf440c1b6a8be3558b0,True,9時間前,2026-09-19 04:25:12,京都府
「二種免許不要・週3勤務・タクシードライバー」研修あり／賞与あり／アルファード送迎新着,作業,京都府,"月給47万6,000円",正社員,建設,求人ボックス,https://xn--pckua2a7gp15o89zb.com/jbn/78afb22e487a18c25f40ddfc0ce09f77,True,9時間前,2026-09-19 04:25:12,京都府
「タクシードライバー」月内採用／夜勤／履歴書不要／月収50万円以上／正社員採用／社会保険完備新着,...以下のような経験をお持ちの方は特に歓迎します。・軽貨物ドライバー・ルート配送スタッフ・宅配ドライバー・タクシー運転手・大型トラックドライバー・フォークリフトオペレーター・,京都府,"月給45万6,000円",正社員,建設,求人ボックス,https://xn--pckua2a7gp15o89zb.com/jbn/09bc3e27380738ddfaf60e0dc76b0941,True,8時間前,2026-09-19 04:25:14,京都府
「月内採用」タクシードライバー・夜勤／職歴不問／未経験OK／1年目年収600万円以上可／賞与年2回新着,作業,京都府,"月給45万6,000円",正社員,建設,求人ボックス,https://xn--pckua2a7gp15o89zb.com/jbn/1b40f62a22ff124feea3134095ce6ff6,True,8時間前,2026-09-19 04:25:14,京都府
京都府京都市山科区の土木作業員／トライアル併用／株式会社 HANAMARU新着,株式会社HANAMARU,京都府京都市山科区の土木作業員／トライアル併用／株式会社,"月給21万6,000円",正社員,建設,求人ボックス,https://xn--pckua2a7gp15o89zb.com/jb/bda45906c589ad2cc0a6082432134838,True,6時間前,2026-09-19 04:25:14,京都府
「オフィスワークデビュー!」／一般事務／週休2日制／WEB面接相談OK新着,一般事務,京都府,"月給27万2,000円",正社員,事務,求人ボックス,https://xn--pckua2a7gp15o89zb.com/jbn/cc1a8c53d7ae13077a26113b6879d686,True,11時間前,2026-09-19 04:24:49,京都府
一般事務業務など／魅力の高時給1400円／長期就業可能新着,株式会社テクノ・サービス,京都府,時給1400円,派遣社員,事務,求人ボックス,https://xn--pckua2a7gp15o89zb.com/jbn/c7d2c68bcd2be340982a152e327db6f5,True,20時間前,2026-09-19 04:24:50,京都府
「オフィスワークデビュー!」／一般事務／正社員採用／WEB面接相談OK新着,一般事務,京都府,"月給27万2,000円",正社員,事務,求人ボックス,https://xn--pckua2a7gp15o89zb.com/jbn/8b60174631f30a7c49eb58892d13abf4,True,11時間前,2026-09-19 04:24:50,京都府
「20代から事務デビュー!」／一般事務／賞与あり／スピード選考新着,一般事務,京都府,"月給28万1,000円",正社員,事務,求人ボックス,https://xn--pckua2a7gp15o89zb.com/jbn/9176e5d478afd45cf3ec85a32d5a9e0a,True,11時間前,2026-09-19 04:24:50,京都府
「大手企業でオフィスワークデビュー!」／一般事務／未経験95%新着,一般事務,京都府,"月給25万9,000円",正社員,事務,求人ボックス,https://xn--pckua2a7gp15o89zb.com/jbn/dfaea689ad071541e7e148260385ca8b,True,8時間前,2026-09-19 04:24:50,京都府
製造メーカーでの一般事務／20代～40代活躍中／経験者歓迎新着,株式会社ティーエム・テックス,京都府,"時給1,400円～",派遣社員,事務,求人ボックス,https://xn--pckua2a7gp15o89zb.com/jbn/8e44aeeb93b986622a35e2921ad962de,True,23時間前,2026-09-19 04:24:54,京都府
右京区西院 一般事務／未経験歓迎!20代・30代活躍中／簡単な入力新着,株式会社長栄,京都府,月給19万円～,正社員,事務,求人ボックス,https://xn--pckua2a7gp15o89zb.com/jb/f891e797588bc905e245248f939faa33,True,8時間前,2026-09-19 04:24:54,京都府
未経験OKの事務職! 未経験OK!大手企業の一般事務職／土日祝休み新着,株式会社ディンプル,京都府,月給18万500円,正社員,事務,求人ボックス,https://xn--pckua2a7gp15o89zb.com/jb/9658c5c7c338bbbcae4e8f36906b6d29,True,10時間前,2026-09-19 04:24:57,京都府
「服装自由度の高いオフィスワーク!」IT・Webサービス企業の一般事務新着,一般事務,京都府,"月給26万5,000円",正社員,事務,求人ボックス,https://xn--pckua2a7gp15o89zb.com/jbn/52ec20e4158f7eccd4439d3ccc624032,True,9時間前,2026-09-19 04:25:01,京都府
PC入力から始める安心ワーク／一般事務／待遇面も安心／No.465新着,一般事務,京都府,"月給30万2,000円",正社員,事務,求人ボックス,https://xn--pckua2a7gp15o89zb.com/jbn/290ae167f3b77428a4f9d2126e4d521a,True,9時間前,2026-09-19 04:25:01,京都府
未経験から安定スタート／一般事務／オフィスワーク／未経験歓迎新着,一般事務,京都府,"月給25万4,000円",正社員,事務,求人ボックス,https://xn--pckua2a7gp15o89zb.com/jbn/3b3cc4cdba3bb97f747ec721558ae2d8,True,14時間前,2026-09-19 04:25:01,京都府
私服OKのきれいな職場で働く／一般事務／長く安定して働ける新着,一般事務,京都府,"月給29万7,000円",正社員,事務,求人ボックス,https://xn--pckua2a7gp15o89zb.com/jbn/2d0345f6ff227b45e3808cc0ccf00514,True,10時間前,2026-09-19 04:25:04,京都府
「未経験でもできることから!」コスメ・美容関連企業の一般事務新着,一般事務,京都府,"月給26万2,000円",正社員,事務,求人ボックス,https://xn--pckua2a7gp15o89zb.com/jbn/2523e04e76c9ca00695ad2db77c07974,True,9時間前,2026-09-19 04:25:04,京都府
「人を支える仕事がしたい方へ!」コスメ・美容関連企業の一般事務新着,一般事務,京都府,月給25万円～30万円,正社員,事務,求人ボックス,https://xn--pckua2a7gp15o89zb.com/jbn/5159402a6c45e1a27972952be1713365,True,9時間前,2026-09-19 04:25:04,京都府
「同期と一緒に事務スキルを習得!」ゲーム・エンタメ企業の一般事務新着,一般事務,京都府,"月給25万9,000円",正社員,事務,求人ボックス,https://xn--pckua2a7gp15o89zb.com/jbn/aeb6b0a27a7573e90f90adeef4695c6f,True,9時間前,2026-09-19 04:25:09,京都府
事務職／一般事務／未経験から安心スタート／家庭と両立できる職場新着,事務,京都府,月給21万円～50万円,正社員,事務,求人ボックス,https://xn--pckua2a7gp15o89zb.com/jbn/37e433e457af622ff4b2033208052329,True,5時間前,2026-09-19 04:25:09,京都府
事務職／一般事務／年間休日125日／20代歓迎!／残業ほぼなし／賞与新着,営業,京都府,月給21万円～50万円,正社員,事務,求人ボックス,https://xn--pckua2a7gp15o89zb.com/jbn/124520e2de42d5c39efd70dccfe6998d,True,5時間前,2026-09-19 04:25:09,京都府
事務職／一般事務／駅近／有給休暇あり／20〜30代女性活躍中／社保完備新着,事務,京都府,月給20万円～50万円,正社員,事務,求人ボックス,https://xn--pckua2a7gp15o89zb.com/jbn/fb129d6f2f800c20785bd05b27577fdd,True,5時間前,2026-09-19 04:25:09,京都府
事務職／一般事務／年間休日125日以上／土日祝休み／未経験者も安心サポ...新着,事務,京都府,"月給22万3,000円",正社員,事務,求人ボックス,https://xn--pckua2a7gp15o89zb.com/jbn/567cbcb69707db181151e6f6fbf39a71,True,6時間前,2026-09-19 04:25:12,京都府
事務職／一般事務／30代未経験歓迎／育休取得実績あり／駅近勤務で通勤便...新着,事務,京都府,"月給22万3,000円",正社員,事務,求人ボックス,https://xn--pckua2a7gp15o89zb.com/jbn/0e3f1ba876e8c5b4ebd0376e1a91ea7e,True,5時間前,2026-09-19 04:25:12,京都府
事務職／一般事務／未経験OK／残業なし／育休制度あり／在宅OK新着,事務,京都府,月給21万円～50万円,正社員,事務,求人ボックス,https://xn--pckua2a7gp15o89zb.com/jbn/6c559233fec542fe5b341af030e2314e,True,5時間前,2026-09-19 04:25:17,京都府
事務職／一般事務／服装・髪型自由／賞与・昇給あり／未経験歓迎／ネイル新着,事務,京都府,月給21万円～50万円,正社員,事務,求人ボックス,https://xn--pckua2a7gp15o89zb.com/jbn/bb580290d4bea5bba2298c348aa2675e,True,5時間前,2026-09-19 04:25:17,京都府
事務職／一般事務／20代活躍中／交通費全額支給／年間休日125日新着,事務,京都府,月給21万円～50万円,正社員,事務,求人ボックス,https://xn--pckua2a7gp15o89zb.com/jbn/7a0f92977ed327a5a86f240ef1303a76,True,6時間前,2026-09-19 04:25:17,京都府
保険会社での一般事務新着,株式会社ホットスタッフ四条,京都府,"時給1,500円",派遣社員,事務,求人ボックス,https://xn--pckua2a7gp15o89zb.com/jb/b999a314ad59adc89a659933005d93ee,True,10時間前,2026-09-19 04:25:21,京都府
長期／車通勤OK!月23万円～残業ほぼなし!高時給の一般事務新着,一般事務・,京都府,"時給1,550円",派遣社員,事務,求人ボックス,https://xn--pckua2a7gp15o89zb.com/jb/63a75ac84ef21d9709733076099468e4,True,12時間前,2026-09-19 04:25:21,京都府
京都府京都市伏見区の一般事務新着,株式会社ルートライン,京都府京都市伏見区の一般事務,"時給1,200円～1,380円",アルバイト,事務,求人ボックス,https://xn--pckua2a7gp15o89zb.com/jb/18dfbd35b9a9188b4cd0cb67f1798a3e,True,6時間前,2026-09-19 04:25:21,京都府
事務職／一般事務／フルタイムスタッフ／大友ロジスティクスサービス新着,大友ロジスティクスサービス株式会社,京都府,"時給1,200円～",アルバイト・パート,事務,求人ボックス,https://xn--pckua2a7gp15o89zb.com/jb/2a9453d8f6e75b5f5c0dbe199e34c655,True,6時間前,2026-09-19 04:25:21,京都府
京都府京都市上京区の機能訓練士新着,社会福祉法人市原寮 花友じゅらくだいデイサービス,京都府京都市上京区の機能訓練士,"月給22万6,800円",正社員,治療家,求人ボックス,https://xn--pckua2a7gp15o89zb.com/jb/090a8dc01281badcd6acd7b3047b03fe,True,6時間前,2026-09-19 04:25:24,京都府
「役員タクシードライバー」週3日勤務／普通免許で未経験からスタート／月収50万円以上・ボーナス年2回新着,柔道整復師,京都府,"月給45万6,000円",正社員,治療家,求人ボックス,https://xn--pckua2a7gp15o89zb.com/jbn/76a5d19af20870d6752e1a2b9357b626,True,11時間前,2026-09-19 04:25:24,京都府
著名人や企業役員のタクシードライバー「週3日勤務」未経験OK・月収40万円以上／ボーナス支給あり新着,柔道整復師,京都府,"月給45万6,000円",正社員,治療家,求人ボックス,https://xn--pckua2a7gp15o89zb.com/jbn/3440b3b3e8b47f600aef19f577647ee7,True,12時間前,2026-09-19 04:25:24,京都府
「空港へのタクシードライバー」週3日勤務／普通免許で未経験OK／月収50万円以上・賞与2ヶ月分あり新着,柔道整復師,京都府,"月給45万6,000円",正社員,治療家,求人ボックス,https://xn--pckua2a7gp15o89zb.com/jbn/6fcd3b846f4ff3312195a8311ee439f0,True,11時間前,2026-09-19 04:25:24,京都府
タクシードライバー／「タレントやスポーツ選手等の送迎」週3日勤務／未経験OK・月収50万円以上新着,柔道整復師,京都府,"月給47万6,000円",正社員,治療家,求人ボックス,https://xn--pckua2a7gp15o89zb.com/jbn/4456c738d20e8ff25728f7875408b7e1,True,12時間前,2026-09-19 04:25:24,京都府
「タクシードライバー・定期送迎」月収50万以上・未経験歓迎・普通免許のみOK・ボーナスあり新着,柔道整復師,京都府,"月給45万6,000円",正社員,治療家,求人ボックス,https://xn--pckua2a7gp15o89zb.com/jbn/4258a55abf9ba99a27609dcd7271cf88,True,9時間前,2026-09-19 04:25:24,京都府
「タクシードライバー」月収50万以上・未経験歓迎／週3勤務・普通免許のみOK・ボーナス2回新着,柔道整復師,京都府,"月給47万6,000円",正社員,治療家,求人ボックス,https://xn--pckua2a7gp15o89zb.com/jbn/885ac08704a1ce1d6ad07a1542ca6041,True,9時間前,2026-09-19 04:25:24,京都府
「タクシードライバー・夜勤」月50万以上可・未経験歓迎／寮・社宅完備／普免のみOK・ボーナスあり新着,柔道整復師,京都府,"月給45万6,000円",正社員,治療家,求人ボックス,https://xn--pckua2a7gp15o89zb.com/jbn/c3510c9519d336a3ca2fee8b1265adf4,True,8時間前,2026-09-19 04:25:24,京都府
「週3日勤務」普通免許でスタートできる役員タクシードライバー／週の残り4日はすべてあなたの自由時間新着,...キャリアアップも全面的にバックアップします。 【その他概要】<前職例>製造/工場/ライン作業/生產管理/設備保全/製鋼/溶接クレーン・玉掛/金属加工/板金加工/板金塗装/警備員機械・電気/倉庫内,京都府,"月給47万6,000円",正社員,治療家,求人ボックス,https://xn--pckua2a7gp15o89zb.com/jbn/9329ce01f7439af3667c2d237e476751,True,12時間前,2026-09-19 04:25:24,京都府
理学療法士「パート・アルバイト」／そよ風公式新着,株式会社SOYOKAZE,京都府,"時給1,600円",アルバイト・パート,治療家,求人ボックス,https://xn--pckua2a7gp15o89zb.com/jb/e66c6ac3f0cb0b1927e711d38a19bcee,True,2時間前,2026-09-19 04:25:25,京都府
スポーツインストラクター新着,株式会社nobitel,京都府,"時給1,231円～",アルバイト・パート,治療家,求人ボックス,https://xn--pckua2a7gp15o89zb.com/jb/1f421947db17d78764efb579af545caf,True,22時間前,2026-09-19 04:25:25,京都府
薬剤師／大学病院で薬剤師!土日祝休み 地域の医療を担う当院でスキルアップを目指しませんか新着,学校法人明治東洋医学院,京都府,年収350万円～650万円,正社員,治療家,求人ボックス,https://xn--pckua2a7gp15o89zb.com/jb/613af653f4f54e238ba82b1bdcafdd12,True,15時間前,2026-09-19 04:25:25,京都府
柔道整復師／管理／柔道整復師／鍼灸師新着,週休2日,京都府,"月給28万5,000円",正社員,治療家,求人ボックス,https://xn--pckua2a7gp15o89zb.com/jb/2d8218014baba8df60f6bbaa83ec6a24,True,13時間前,2026-09-19 04:25:25,京都府
特養での機能訓練指導員業務／柔道整復師・理学療法士・作業療法士／介護職新着,花友いちはら,京都府,"月給23万4,800円",正社員,治療家,求人ボックス,https://xn--pckua2a7gp15o89zb.com/jbn/3f268ed252ca938114ab9ce260793579,True,21時間前,2026-09-19 04:25:25,京都府
柔道整復師／VIVA骨盤接骨院 三条寺町院新着,株式会社Loop Quest,京都府,,正社員,治療家,求人ボックス,https://xn--pckua2a7gp15o89zb.com/jb/4282e046634ff3ab2a55e40ab7221dcf,True,14時間前,2026-09-19 04:25:25,京都府
「大手企業の数字まわりを支える!」／経理事務／未経験95%／未経験歓迎新着,経理,京都府,"月給25万9,900円",正社員,経理,求人ボックス,https://xn--pckua2a7gp15o89zb.com/jbn/356ed6c1b8f633ceed3a472d7d68db49,True,8時間前,2026-09-19 04:25:00,京都府
京都府京都市右京区の一般事務および経理補助／株式会社 公建新着,株式会社公建,京都府京都市右京区の一般事務および経理補助／株式会社,月給25万円,正社員,経理,求人ボックス,https://xn--pckua2a7gp15o89zb.com/jb/7ac0aedae122baa79cb81d7c403a0456,True,5時間前,2026-09-19 04:25:00,京都府
京都府舞鶴市の経理事務担当／短時間正社員／株式会社 ベルマートいいだ新着,株式会社ベルマートいいだ,京都府舞鶴市の経理事務担当／短時間正社員／株式会社,月給20万円～25万円,正社員,経理,求人ボックス,https://xn--pckua2a7gp15o89zb.com/jb/c280d8b9b58de67e88c696f7e1627324,True,6時間前,2026-09-19 04:25:01,京都府
土日祝休みでメリハリばっちり／経理サポート事務／安定収入を目指せる新着,経理,京都府,"月給26万1,000円",正社員,経理,求人ボックス,https://xn--pckua2a7gp15o89zb.com/jbn/7bc4d26522b691d13bef7d9125ed7d7d,True,9時間前,2026-09-19 04:25:01,京都府
京都府宇治市の経理事務／伊勢田校／放課後等デイサービスハルハル新着,株式会社ブリエ,京都府宇治市の経理事務／伊勢田校／放課後等デイサービスハルハル,"時給1,200円～2,000円",アルバイト,経理,求人ボックス,https://xn--pckua2a7gp15o89zb.com/jb/a3eb21ebbeef9f84f4f65217297dc2be,True,5時間前,2026-09-19 04:25:01,京都府
「残業少なめで定時後も充実!」ゲーム・エンタメ企業の経理サポート事務新着,経理,京都府,"月給26万9,000円",正社員,経理,求人ボックス,https://xn--pckua2a7gp15o89zb.com/jbn/f6a2fbf0f763ff1493014cd435cffb91,True,9時間前,2026-09-19 04:25:04,京都府
京都府京都市南区の事務職:経理事務・営業事務新着,株式会社商栄物産,京都府京都市南区の事務職:経理事務・営業事務,"時給1,200円",アルバイト,経理,求人ボックス,https://xn--pckua2a7gp15o89zb.com/jb/b957c5b1ec05148df2ff772b4337b7d2,True,6時間前,2026-09-19 04:25:04,京都府
「スマホ応募で新しい一歩!」物流・EC関連企業の経理サポート事務新着,経理,京都府,"月給26万6,000円",正社員,経理,求人ボックス,https://xn--pckua2a7gp15o89zb.com/jbn/c86723d09eaa92b819e938253bb1fac2,True,9時間前,2026-09-19 04:25:04,京都府
「残業少なめで定時後も充実!」広告・メディア企業の経理サポート事務新着,経理,京都府,"月給26万2,000円",正社員,経理,求人ボックス,https://xn--pckua2a7gp15o89zb.com/jbn/2394d5b36c48af10b87ca14840af3da2,True,9時間前,2026-09-19 04:25:07,京都府
「服装自由度の高いオフィスワーク!」教育・研修サービス企業の経理サポー...新着,経理,京都府,月給25万円～29万円,正社員,経理,求人ボックス,https://xn--pckua2a7gp15o89zb.com/jbn/a6a48743abf35681d53e2ff3c8073a38,True,9時間前,2026-09-19 04:25:07,京都府
「入力・チェック中心で始めやすい!」アパレル・ファッション企業の経理サ...新着,経理,京都府,"月給26万9,000円",正社員,経理,求人ボックス,https://xn--pckua2a7gp15o89zb.com/jbn/5a3216f1269710ee4f5236f6c071d110,True,9時間前,2026-09-19 04:25:11,京都府
経理・財務 ／ 英文事務 ／研修&サポート体制あり／英文経理新着,パーソルテンプスタッフ株式会社,京都府,"時給1,500円～1,550円",派遣社員,経理,求人ボックス,https://xn--pckua2a7gp15o89zb.com/jb/c4dc1694c2e7518d91406f0c3286f178,True,20時間前,2026-09-19 04:25:11,京都府
11月開始 現金管理などの経理事務 土日祝休・残業ナシ新着,経理・,京都府,"時給1,400円",派遣社員,経理,求人ボックス,https://xn--pckua2a7gp15o89zb.com/jb/0fcd21ef153e04fd5a159e1dbdacf6ab,True,12時間前,2026-09-19 04:25:11,京都府
経理・簿記、一般事務職／ゴルフ場・ゴルフ練習場新着,京都ゴルフ倶楽部,京都府,"月給23万2,600円",正社員,経理,求人ボックス,https://xn--pckua2a7gp15o89zb.com/jb/4af012fbe6dc40a63addbb8e75dc0413,True,4時間前,2026-09-19 04:25:15,京都府
人事・総務事務+ 経理事務新着,株式会社リクルートスタッフィング,京都府,"時給1,500円～",派遣社員,経理,求人ボックス,https://xn--pckua2a7gp15o89zb.com/jb/4b15efb9229913bc9a178b9b40e72ce0,True,19時間前,2026-09-19 04:25:15,京都府
大手メーカーグループ 生産サポート・建設事業・開発支援などの経理事務新着,OH10334823 株式会社アヴァンティスタッフ,京都府,"時給1,650円",派遣社員,経理,求人ボックス,https://xn--pckua2a7gp15o89zb.com/jb/a0eafb9fb2848054ed9e7e8daaa84255,True,9時間前,2026-09-19 04:25:15,京都府
データ入力・事務／充実の研修で安心スタート!／ブランクOK／土日祝休み新着,事務,京都府,"月給22万4,000円",正社員,経理,求人ボックス,https://xn--pckua2a7gp15o89zb.com/jbn/fb1b02d64627df6fcec6f0db6283ba59,True,5時間前,2026-09-19 04:25:18,京都府
事務職／営業事務／未経験OK／育休取得実績あり／家庭と両立しやすい職場／賞与・昇給あり新着,事務,京都府,月給21万円～50万円,正社員,経理,求人ボックス,https://xn--pckua2a7gp15o89zb.com/jbn/2fef718abd6a0b3a17567282f45cce31,True,5時間前,2026-09-19 04:25:18,京都府
金額や項目をチェックして入力するだけ!未経験から始める見積書・請求書のかんたん事務サポート新着,経理,京都府,"月給25万3,000円",正社員,経理,求人ボックス,https://xn--pckua2a7gp15o89zb.com/jbn/6001c68b09987b26b8d622d311936361,True,10時間前,2026-09-19 04:25:18,京都府
はじめての事務でも安心!ルール通りの作業で月収25〜35万円可新着,事務,京都府,月給26万円～27万,正社員,経理,求人ボックス,https://xn--pckua2a7gp15o89zb.com/jbn/9a7d52da025460be6ab2fa5f6ecd500c,True,10時間前,2026-09-19 04:25:18,京都府
「使う側から、つくる側へ」／ゲームプログラマー／月収30万円以上可／未経験OK／研修充実新着,株式会社SNJAPAN,京都府,月給27万円～34万円,正社員,経理,求人ボックス,https://xn--pckua2a7gp15o89zb.com/jbn/a5e3adca867b43ed541ebe16337e48b6,True,16時間前,2026-09-19 04:25:21,京都府
「好きな話題で盛り上がれる職場」／ゲームテスター／月収30万円以上可／未経験OK／正社員登用あり新着,株式会社Tetote,京都府,月給27万円～34万円,正社員,経理,求人ボックス,https://xn--pckua2a7gp15o89zb.com/jbn/129e466d90fa94599892ec9364099776,True,16時間前,2026-09-19 04:25:25,京都府
「アイデアを形にする側へ踏み出す」／ゲームプログラマー／月収30万円以上可／未経験OK／研修充実新着,このお仕事の特徴一般,京都府,月給27万円～34万円,正社員,経理,求人ボックス,https://xn--pckua2a7gp15o89zb.com/jbn/7bfbccfe47598ea8228c05dda7b03fb6,True,15時間前,2026-09-19 04:25:25,京都府
事務職／一般事務／服装・髪型自由／賞与・昇給あり／未経験歓迎／ネイル・ピアスOK新着,事務,京都府,"月給22万4,000円",正社員,経理,求人ボックス,https://xn--pckua2a7gp15o89zb.com/jbn/30cb2ff01a980bc952c125b506fa5d28,True,6時間前,2026-09-19 04:25:29,京都府
「ゲーム業界未経験の先輩が多数活躍中」／ゲームテスター／未経験歓迎／研修あり／かんたんチェック業務新着,このお仕事の特徴一般,京都府,月給27万円～34万円,正社員,経理,求人ボックス,https://xn--pckua2a7gp15o89zb.com/jbn/06772af3b4fe8ccffd4619594c9a1cf7,True,15時間前,2026-09-19 04:25:29,京都府
事務職／充実の研修で安心スタート!／教育体制あり／福利厚生充実／若手中心新着,事務,京都府,"月給22万6,000円",正社員,経理,求人ボックス,https://xn--pckua2a7gp15o89zb.com/jbn/da3eeb99b4424f3e9c141cafca8a78e5,True,5時間前,2026-09-19 04:25:29,京都府
データ入力・事務／教育体制あり／福利厚生充実／若い者歓迎／マニュアル完備／残業少なめ新着,株式会社ホワイトキャリア,京都府,"月給22万5,000円",正社員,経理,求人ボックス,https://xn--pckua2a7gp15o89zb.com/jbn/094fb3f740b788532438515b0af8a74d,True,5時間前,2026-09-19 04:25:29,京都府
八幡市の看護師／一般病院で看護のお仕事 派遣看護師／日勤のみ新着,グッドネクスト,京都府,"時給2,300円",派遣社員,看護,求人ボックス,https://xn--pckua2a7gp15o89zb.com/jb/a62aaa3388336559f204ed5a3bd00876,True,23時間前,2026-09-19 04:25:17,京都府
訪問看護師・社会保険完備の職場で看護師／准看護師新着,訪問看護ステーションゆうあい,京都府,月給25万円～35万円,正社員,看護,求人ボックス,https://xn--pckua2a7gp15o89zb.com/jb/6b71abcc6c552445896d90bd802dd3ec,True,6時間前,2026-09-19 04:25:18,京都府
デイサービスの看護師新着,看護師,京都府,"時給1,600円～",アルバイト・パート,看護,求人ボックス,https://xn--pckua2a7gp15o89zb.com/jb/bda4f08b8ae1c7bec3c27cabb35bedda,True,9時間前,2026-09-19 04:25:18,京都府
看護師新着,おおやぶ内科・整形外科,京都府,"時給2,000円～2,400円",アルバイト・パート,看護,求人ボックス,https://xn--pckua2a7gp15o89zb.com/jb/360ac2c69d82bf4384b344c811dfbece,True,7時間前,2026-09-19 04:25:22,京都府
特別養護老人ホームの看護師／日勤のみ新着,学園前西特別養護老人ホーム,京都府,"時給1,500円",アルバイト・パート,看護,求人ボックス,https://xn--pckua2a7gp15o89zb.com/jb/12971804a9860fa0dd60cd307697f8c7,True,7時間前,2026-09-19 04:25:22,京都府
病棟看護師のお仕事／20代～40代活躍中／経験不問／休憩室あり新着,株式会社ティーエム・テックス,京都府,"月給22万1,735円",派遣社員,看護,求人ボックス,https://xn--pckua2a7gp15o89zb.com/jbn/d121fdf37578df4647925db6705814f5,True,23時間前,2026-09-19 04:25:22,京都府
看護職員・社会保険完備の職場で看護師／准看護師新着,ツクイ桂上野,京都府,"時給1,547円",アルバイト・パート,看護,求人ボックス,https://xn--pckua2a7gp15o89zb.com/jb/024f048a0584c5609b6575cb1ef2568c,True,7時間前,2026-09-19 04:25:26,京都府
愛玩動物看護師募集中!充実の福利厚生、ワークライフバランス重視の笑顔で...新着,ベッツ・ホリゾン株式会社,京都府,"月給23万5,841円",正社員,看護,求人ボックス,https://xn--pckua2a7gp15o89zb.com/jb/8b88b824e1ed3c1c7bcace639e212e85,True,5時間前,2026-09-19 04:25:26,京都府
正看護師・准看護師／介護・福祉 日勤のみ新着,社会福祉法人仁恵会,京都府,"月給24万3,000円",正社員,看護,求人ボックス,https://xn--pckua2a7gp15o89zb.com/jb/eabf4f47e37baa09461e265ebd90eb8f,True,7時間前,2026-09-19 04:25:26,京都府
看護師／療養型病院／月給最大30万円以上可能! 賞与はうれしい4ヶ月分新着,嵯峨野病院,京都府,"月給23万5,260円",正社員,看護,求人ボックス,https://xn--pckua2a7gp15o89zb.com/jb/7d08d272ac9fc6d68ed5861b863d3cd2,True,17時間前,2026-09-19 04:25:26,京都府
京都府宇治市の訪問看護師／未経験大歓迎・オンコールなし・残業ほぼなし新着,株式会社真,京都府宇治市の訪問看護師／未経験大歓迎・オンコールなし・残業ほぼなし,月給28万円～30万円,正社員,看護,求人ボックス,https://xn--pckua2a7gp15o89zb.com/jb/f6479741dcb901eea1ea45444a696bd0,True,6時間前,2026-09-19 04:25:30,京都府
京都府与謝郡与謝野町の看護師／採用年度の4月に年休20日付与／株式会社新着,株式会社訪問看護ステーション さくら,京都府与謝郡与謝野町の看護師／採用年度の4月に年休20日付与／株式会社,"時給1,650円～1,850円",アルバイト,看護,求人ボックス,https://xn--pckua2a7gp15o89zb.com/jb/dd0c03cc9fd3c3e1f2f12d11ace89309,True,5時間前,2026-09-19 04:25:30,京都府
短期／ワクチン接種／看護師新着,株式会社日本メディカルマネジメント,京都府,"時給1,800円",アルバイト・パート,看護,求人ボックス,https://xn--pckua2a7gp15o89zb.com/jb/90a312755ae4e35988128ecbf9e16ba4,True,7時間前,2026-09-19 04:25:30,京都府
京都府京都市伏見区の准看護師／老健あじさいガーデン伏見／社会福祉法人新着,社会福祉法人浩照会,京都府京都市伏見区の准看護師／老健あじさいガーデン伏見／社会福祉法人,"月給20万7,000円",正社員,看護,求人ボックス,https://xn--pckua2a7gp15o89zb.com/jb/68e1058e9fa7c557c769d5104f32b76a,True,5時間前,2026-09-19 04:25:34,京都府
京都府京都市右京区の看護師／短時間勤務／医療法人 三喜会 伊東泌尿器科...新着,医療法人三喜会 伊東泌尿器科医院,京都府京都市右京区の看護師／短時間勤務／医療法人,"時給1,900円～2,800円",アルバイト,看護,求人ボックス,https://xn--pckua2a7gp15o89zb.com/jb/653c650801df84ba1d45dd022e66446f,True,6時間前,2026-09-19 04:25:34,京都府
正看護師・准看護師／外来 日勤のみ新着,看護,京都府,月給25万円～35万円,正社員,看護,求人ボックス,https://xn--pckua2a7gp15o89zb.com/jb/900deae7becbfbd090bf9d19517653a6,True,9時間前,2026-09-19 04:25:36,京都府
看護師／病棟／病院／叡山電鉄・茶山／徒歩3分／17時00分まで新着,医療法人清水会 脳神経リハビリ北大路病院,京都府,"時給1,720円",アルバイト・パート,看護,求人ボックス,https://xn--pckua2a7gp15o89zb.com/jb/b88997a7d55e58ca8d42c53ba4d6db6a,True,17時間前,2026-09-19 04:25:41,京都府
看護師／手術室／賞与はうれしい4.4ヶ月分 前年度実績 看護師新着,社会福祉法人京都博愛会,京都府,"月給23万1,100円",正社員,看護,求人ボックス,https://xn--pckua2a7gp15o89zb.com/jb/dcf1fc168d2caaf52da8903701a79d8f,True,17時間前,2026-09-19 04:25:44,京都府
正看護師・准看護師／外来 日勤のみ新着,医療法人社団都会,京都府,"時給1,650円～1,850円",アルバイト・パート,看護,求人ボックス,https://xn--pckua2a7gp15o89zb.com/jb/a2ff9ccdcdc2e6b41e1f496e3a759104,True,7時間前,2026-09-19 04:25:44,京都府
看護師／特別養護老人ホーム／徒歩10分／月給最大30万円以上可能!新着,老人保健施設はぎの里,京都府,"月給25万6,200円",正社員,看護,求人ボックス,https://xn--pckua2a7gp15o89zb.com/jb/4e22481d39639dd13c55ac8647f92e3f,True,17時間前,2026-09-19 04:25:48,京都府
動物看護師等新着,ルークどうぶつ病院,京都府,月給22万円～,正社員,看護,求人ボックス,https://xn--pckua2a7gp15o89zb.com/jb/826544c523564d234d29b8319ef7ebf7,True,14時間前,2026-09-19 04:25:48,京都府
「日勤のみ×残業少なめ」中距離の大型トラックドライバー／資格取得支援新着,司関西株式会社,京都府,月給28万円～34万円,正社員,ドライバー,求人ボックス,https://xn--pckua2a7gp15o89zb.com/jbn/0c35c52702ada27ae0cea34a129731bd,True,23時間前,2026-09-19 04:25:29,京都府
「週3日勤務」芸能関係のタクシードライバー／普通免許でOK新着,ドライバー,京都府,"月給47万6,000円",正社員,ドライバー,求人ボックス,https://xn--pckua2a7gp15o89zb.com/jbn/24b144523db2ee0673d113296d47e4c1,True,12時間前,2026-09-19 04:25:34,京都府
「異業種からの転職歓迎」タクシードライバー／週3勤務／月収50万以上新着,経験を活かして始められる,京都府,"月給45万6,000円",正社員,ドライバー,求人ボックス,https://xn--pckua2a7gp15o89zb.com/jbn/7a41c3e36f2e406ad1c1986c56b2705c,True,9時間前,2026-09-19 04:25:38,京都府
タクシードライバー／「経営者の専属運転手」月収50万以上・週3勤務新着,ドライバー,京都府,"月給47万6,000円",正社員,ドライバー,求人ボックス,https://xn--pckua2a7gp15o89zb.com/jbn/ab05e6269df8275b5cea2077ad833537,True,9時間前,2026-09-19 04:25:41,京都府
タクシードライバー「週3勤務」月収50万以上可／普通免許1年でOK新着,<関連職種>役員運転手/送迎,京都府,"月給45万6,000円",正社員,ドライバー,求人ボックス,https://xn--pckua2a7gp15o89zb.com/jbn/056af6f50b0617a780301a549a4e9cf4,True,9時間前,2026-09-19 04:25:46,京都府
冷蔵車ドライバー／未経験歓迎／法人配送で安心／力仕事なし／土日祝休み新着,株式会社NEXT GENERATION,京都府,"時給1,150円",アルバイト・パート,ドライバー,求人ボックス,https://xn--pckua2a7gp15o89zb.com/jb/b293e75129b6821e659467922d605528,True,6時間前,2026-09-19 04:25:46,京都府
「夜勤・タクシードライバー」急募／月収50万以上・20代活躍中新着,ドライバー,京都府,"月給45万6,000円",正社員,ドライバー,求人ボックス,https://xn--pckua2a7gp15o89zb.com/jbn/a7de3a787ed2164ab4e5018abeebce80,True,9時間前,2026-09-19 04:25:50,京都府
日払い可能!小型の配送ドライバー／運べば運ぶほど稼げる 面接1回新着,Jルート株式会社,京都府,月給50万円～100万円,,ドライバー,求人ボックス,https://xn--pckua2a7gp15o89zb.com/jb/3868093789d225d25d37f78ce16c8965,True,11時間前,2026-09-19 04:25:50,京都府
タクシードライバー「アプリ送迎メイン・月収50万可・賞与3回・残業なし新着,アプリ予約TAXI,京都府,"月給47万6,000円",正社員,ドライバー,求人ボックス,https://xn--pckua2a7gp15o89zb.com/jbn/639ed7dab7fe5b13fe2befb9dd616cb8,True,9時間前,2026-09-19 04:25:58,京都府
京都府京都市下京区の警備員 新京都南病院／株式会社 ブライトトゥモロー新着,株式会社ブライトトゥモロー,京都府京都市下京区の警備員,"時給1,250円",アルバイト,警備,求人ボックス,https://xn--pckua2a7gp15o89zb.com/jb/118a6cf193864b16d5360d01a306e12d,True,6時間前,2026-09-19 04:25:33,京都府
大手警備会社の常駐警備員／長期のリフレッシュ休暇あり／未経験OK新着,株式会社日本パーソナルビジネス,京都府,"月給25万5,100円",正社員,警備,求人ボックス,https://xn--pckua2a7gp15o89zb.com/jb/90873f467c7fca70d1f18704d18213f7,True,10時間前,2026-09-19 04:25:33,京都府
「愛知県勤務」交通誘導／待遇に自信あり／引っ越しサポートあり・日払い週払い可新着,セキュリティスタッフ株式会社,京都府,"日給9,500円",正社員,警備,求人ボックス,https://xn--pckua2a7gp15o89zb.com/jb/15f82e39218d989f226c918170dd2de2,True,3時間前,2026-09-19 04:25:33,京都府
受付・データ入力スタッフ／丁寧な教育体制／若手中心／福利厚生充実／完全週休2日制／残業少なめ新着,株式会社ホワイトキャリア,京都府,月給21万円～50万円,正社員,警備,求人ボックス,https://xn--pckua2a7gp15o89zb.com/jbn/a89d8742fb953070508b5f133adaa82f,True,6時間前,2026-09-19 04:25:33,京都府
「著名人のタクシードライバー」未経験OK・月収50万円以上／週3日勤務／20代～50代が多数活躍中新着,警備員,京都府,"月給45万6,000円",正社員,警備,求人ボックス,https://xn--pckua2a7gp15o89zb.com/jbn/0363a244e5727f34fac0d38d771917aa,True,12時間前,2026-09-19 04:25:34,京都府
「夜勤・アプリ配車タクシードライバー」二種免許不要／月収40万以上／未経験歓迎新着,警備員,京都府,"月給47万6,000円",正社員,警備,求人ボックス,https://xn--pckua2a7gp15o89zb.com/jbn/e3eb48004f554580ba1e250d31f718bd,True,9時間前,2026-09-19 04:25:34,京都府
「夜勤・空港タクシードライバー」月収50万以上・ボーナスあり／普通免許のみOK新着,警備員,京都府,"月給47万6,000円",正社員,警備,求人ボックス,https://xn--pckua2a7gp15o89zb.com/jbn/df8e2ba28571b0b801d316b15ae85968,True,9時間前,2026-09-19 04:25:38,京都府
「夜勤」著名人やモデル・タレントのタクシードライバー／学歴不問・普通免許でOK／資格取得支援あり新着,警備員,京都府,"月給47万6,000円",正社員,警備,求人ボックス,https://xn--pckua2a7gp15o89zb.com/jbn/8801902453c6c3dd0566f5dfdf89f84a,True,12時間前,2026-09-19 04:25:38,京都府
「タクシードライバー」二種免許会社負担／経歴不問／年収600万円以上可／若手世代活躍中新着,警備員,京都府,"月給45万6,000円",正社員,警備,求人ボックス,https://xn--pckua2a7gp15o89zb.com/jbn/14abbc2e9da0fa85a55f846b9de47c66,True,8時間前,2026-09-19 04:25:47,京都府
週3勤務の役員タクシードライバー／普通免許だけで応募OK／予約中心で落ち着いて働ける／賞与年2回新着,警備員,京都府,"月給47万6,000円",正社員,警備,求人ボックス,https://xn--pckua2a7gp15o89zb.com/jbn/19eb00bd6fd41cdd3b25cccb4e4a0933,True,9時間前,2026-09-19 04:25:51,京都府
夜勤タクシードライバー／未経験スタートOK／年2回のボーナス支給あり／資格取得支援制度あり新着,入社1年目/29歳:年収560万円(前職:,京都府,"月給47万6,000円",正社員,警備,求人ボックス,https://xn--pckua2a7gp15o89zb.com/jbn/6feacf9b2d5701680f2281a1e86e56f1,True,9時間前,2026-09-19 04:25:56,京都府
製造スタッフ／車・航空機製造／ライン作業 エンジン部品の製造 高収入新着,株式会社AKATSUKI,京都府,"月給38万6,000円",正社員,製造,求人ボックス,https://xn--pckua2a7gp15o89zb.com/jb/9cce250c8245d16aaae72015f170b0c5,True,5時間前,2026-09-19 04:25:51,京都府
「未経験スタート応援!」／ゲームコラボノベルティ袋の製造スタッフ新着,製造,京都府,"月給35万8,000円",正社員,製造,求人ボックス,https://xn--pckua2a7gp15o89zb.com/jbn/c11ff8ee4de8c7bd981df941bd6bccd5,True,13時間前,2026-09-19 04:25:52,京都府
「未経験から手に職を!」／キャラクタークリアファイルの製造スタッフ新着,製造,京都府,"月給35万4,000円",正社員,製造,求人ボックス,https://xn--pckua2a7gp15o89zb.com/jbn/f613de33d1e3e0ed0c55b4ced4b6b420,True,12時間前,2026-09-19 04:25:52,京都府
「正社員デビュー応援!」／ぬいぐるみキーホルダーの製造スタッフ新着,製造,京都府,"月給42万4,000円",正社員,製造,求人ボックス,https://xn--pckua2a7gp15o89zb.com/jbn/f50a1bb3b95c2637fc491f5175e72257,True,12時間前,2026-09-19 04:25:52,京都府
車・航空機製造／溶接／製造スタッフ スピード採用／寮費無料~ミニバン·...新着,ジョブストア株式会社,京都府,月給29万円～38万円,正社員,製造,求人ボックス,https://xn--pckua2a7gp15o89zb.com/jb/5e2febf794c005797062caa00f5dea5c,True,5時間前,2026-09-19 04:25:56,京都府
「丁寧さを活かせる!」お麸の製造スタッフ／20代から30代活躍中!新着,株式会社日本ケイテム,京都府,"時給1,200円～",派遣社員,製造,求人ボックス,https://xn--pckua2a7gp15o89zb.com/jbn/428af463ee1ad9dc9d254a8746a43b9d,True,19時間前,2026-09-19 04:25:56,京都府
「正社員デビュー歓迎!」／キャラクターコースターの製造スタッフ新着,製造,京都府,"月給35万9,000円",正社員,製造,求人ボックス,https://xn--pckua2a7gp15o89zb.com/jbn/ff2e8a85044fe7171a9ff0230af3b308,True,13時間前,2026-09-19 04:26:00,京都府
週2～3日OK!未経験者大歓迎!パン製造スタッフ募集新着,株式会社リトワーズ,京都府,"時給1,200円～1,300円",アルバイト・パート,製造,求人ボックス,https://xn--pckua2a7gp15o89zb.com/jb/8d9262717a945d2c0e4a3e53b313a711,True,10時間前,2026-09-19 04:26:00,京都府
製造スタッフ／工場・製造系 ア ゴルフクラブの製造補助· 未経験OK新着,株式会社STREAK,京都府,"時給1,500円～1,700円",アルバイト・パート,製造,求人ボックス,https://xn--pckua2a7gp15o89zb.com/jb/58b329c9aeaee0bfdefeba9aedd2530b,True,5時間前,2026-09-19 04:26:00,京都府
安定収入／プラスチックケースの製造スタッフ／未経験OK／寮完備新着,株式会社アテナスタイル,京都府,"月給29万4,000円",正社員,製造,求人ボックス,https://xn--pckua2a7gp15o89zb.com/jb/c526c0086632802b563c0878763e2795,True,5時間前,2026-09-19 04:26:00,京都府
「新しい仕事に挑戦しやすい」／防犯カメラユニットの製造スタッフ新着,製造,京都府,"月給35万5,000円",正社員,製造,求人ボックス,https://xn--pckua2a7gp15o89zb.com/jbn/3edf98d76f4a1281c37ec78095e922ad,True,14時間前,2026-09-19 04:26:04,京都府
「新しい仕事に挑戦しやすい」／ドライブレコーダー部品の製造スタッフ新着,製造,京都府,"月給33万1,000円",正社員,製造,求人ボックス,https://xn--pckua2a7gp15o89zb.com/jbn/b1df7a6deb0dc4f4b0386def99a10518,True,14時間前,2026-09-19 04:26:04,京都府
「福利厚生充実の注目求人」／電動キックボード部品の製造スタッフ新着,製造,京都府,"月給33万9,000円",正社員,製造,求人ボックス,https://xn--pckua2a7gp15o89zb.com/jbn/04bed1506f4aff0a9a02de5805164b23,True,14時間前,2026-09-19 04:26:04,京都府
製造スタッフ／月給30万円／シンプルワーク／即日入寮可／製造新着,株式会社tocca,京都府,月給30万円,正社員,製造,求人ボックス,https://xn--pckua2a7gp15o89zb.com/jbn/eb4aa96a9a3d9b5279fb0fb0c761df8b,True,22時間前,2026-09-19 04:26:07,京都府
「EVモーターの製造」新人スタッフ在籍／二交代・夜勤あり／無料社宅あり新着,AspiRove株式会社,京都府,月給34万円,正社員,製造,求人ボックス,https://xn--pckua2a7gp15o89zb.com/jb/d4dcb8d0c51b33ef4a64121a8168ebe8,True,22時間前,2026-09-19 04:26:07,京都府
「正社員デビュー応援」／空気清浄機パネルの製造スタッフ／モノづくり新着,製造,京都府,"月給34万7,000円",正社員,製造,求人ボックス,https://xn--pckua2a7gp15o89zb.com/jbn/a313e1fa7deb06ada6dcd9dd03164bda,True,14時間前,2026-09-19 04:26:07,京都府
スピード選考OKの製造ワーク／ボードゲーム用品の製造スタッフ新着,製造,京都府,"月給30万1,000円",正社員,製造,求人ボックス,https://xn--pckua2a7gp15o89zb.com/jbn/cac7bdc077c57f25d6c443d76968b265,True,9時間前,2026-09-19 04:26:07,京都府
「福利厚生充実の注目求人」／ワイヤレス充電スタンドの製造スタッフ新着,製造,京都府,"月給33万2,000円",正社員,製造,求人ボックス,https://xn--pckua2a7gp15o89zb.com/jbn/1d7e97119bbf7ce1cb2c575f5ce346bb,True,14時間前,2026-09-19 04:26:11,京都府
20代30代に人気の製品づくり!／ランドリー収納ケースの製造スタッフ新着,製造,京都府,月給33万円～36万,正社員,製造,求人ボックス,https://xn--pckua2a7gp15o89zb.com/jbn/3898710bd30049093706ef1d5452331a,True,11時間前,2026-09-19 04:26:11,京都府
製造スタッフ／検査／機械メンテ 最短翌日お給料GET 車両用ブレーキの...新着,株式会社Live.,京都府,"時給1,300円～1,625円",アルバイト・パート,製造,求人ボックス,https://xn--pckua2a7gp15o89zb.com/jb/f9a64ad27ac34d37a192b1e77aa9760c,True,5時間前,2026-09-19 04:26:13,京都府
シンプル作業から始める製造スタッフ／冷感タオルの製造スタッフ新着,製造,京都府,"月給36万3,000円",正社員,製造,求人ボックス,https://xn--pckua2a7gp15o89zb.com/jbn/8aa7dd12de73bd8d90184888bd416bfd,True,10時間前,2026-09-19 04:26:13,京都府
20代活躍中!未経験からものづくりデビュー／スマートウォッチベルトの製造スタッフ／収入アップを目指せ...新着,製造,京都府,"月給39万6,000円",正社員,製造,求人ボックス,https://xn--pckua2a7gp15o89zb.com/jbn/38b23c6fb8e2200582d801c8fe0ad170,True,9時間前,2026-09-19 04:26:17,京都府
研修ありで安心スタート!／パチンコLED演出ユニットの部品製造スタッフ新着,製造,京都府,"月給40万1,000円",正社員,製造,求人ボックス,https://xn--pckua2a7gp15o89zb.com/jbn/c76fed13d938ff2518df3bc049790a5e,True,11時間前,2026-09-19 04:26:17,京都府
寮付きで始めやすい工場勤務!／宅配ボックスキー部品の製造スタッフ新着,製造,京都府,"月給45万7,000円",正社員,製造,求人ボックス,https://xn--pckua2a7gp15o89zb.com/jbn/b32039212698d3103dd8dd767c5bd7f9,True,11時間前,2026-09-19 04:26:20,京都府
安定企業で製造スタッフ募集!／スマートフォンカメラユニットの製造補助新着,製造,京都府,"月給40万9,000円",正社員,製造,求人ボックス,https://xn--pckua2a7gp15o89zb.com/jbn/53e81c2013ec898a4815c278cc1c5cf4,True,11時間前,2026-09-19 04:26:20,京都府
イオン京都洛南近く大手企業での清掃スタッフ新着,株式会社京都ダイケンビルサービス,京都府,"時給1,200円～",アルバイト・パート,清掃,求人ボックス,https://xn--pckua2a7gp15o89zb.com/jb/a4346fd4b2072d5c7e42d8e2942f657c,True,19時間前,2026-09-19 04:26:03,京都府
週2日からOK!未経験歓迎!ホテル清掃 Staff新着,MOGANA,京都府,"時給1,200円～1,400円",アルバイト・パート,清掃,求人ボックス,https://xn--pckua2a7gp15o89zb.com/jb/c3be20a8b5c8ce315f06035ffd1bc610,True,5時間前,2026-09-19 04:26:03,京都府
学校・事務所・マンションの清掃スタッフ新着,株式会社ティー・エス・ケー,京都府,"時給1,200円",アルバイト・パート,清掃,求人ボックス,https://xn--pckua2a7gp15o89zb.com/jb/7405fb002bd03e85a005b5d3e5f692fc,True,8時間前,2026-09-19 04:26:03,京都府
清掃スタッフ「パート・アルバイト」／そよ風公式新着,株式会社SOYOKAZE,京都府,"時給1,122円",アルバイト・パート,清掃,求人ボックス,https://xn--pckua2a7gp15o89zb.com/jb/94382534112547a6ec6b9d0919a95c04,True,2時間前,2026-09-19 04:26:03,京都府
京都府舞鶴市の舞鶴市西市民プラザ 清掃スタッフ／一般財団法人新着,一般財団法人有本積善社,京都府舞鶴市の舞鶴市西市民プラザ,"時給1,130円",アルバイト,清掃,求人ボックス,https://xn--pckua2a7gp15o89zb.com/jb/04c22b87de03def92e56f7475bb18d90,True,5時間前,2026-09-19 04:26:03,京都府
京都府京都市北区の京都産業大学 清掃スタッフ 週5～6日 車新着,株式会社日経サービス,京都府京都市北区の京都産業大学,"時給1,260円",アルバイト,清掃,求人ボックス,https://xn--pckua2a7gp15o89zb.com/jb/edf0854bdd2114498090c3bc6401d345,True,5時間前,2026-09-19 04:26:03,京都府
京都府京都市伏見区の清掃スタッフ／レガロアコンフォート京都伏見新着,株式会社はぴねすさぽーと,京都府京都市伏見区の清掃スタッフ／レガロアコンフォート京都伏見,"時給1,132円",,清掃,求人ボックス,https://xn--pckua2a7gp15o89zb.com/jb/4f39f428af9f051df60dae651595c45c,True,6時間前,2026-09-19 04:26:03,京都府
テナントビル清掃スタッフ新着,株式会社太陽ビルマネージメント,京都府,"月給9万5,800円",,清掃,求人ボックス,https://xn--pckua2a7gp15o89zb.com/jb/5ef1b77dd0290192136937fca51dd626,True,7時間前,2026-09-19 04:26:04,京都府
京都府京田辺市の清掃スタッフ／株式会社 天理楽器新着,株式会社天理楽器,京都府京田辺市の清掃スタッフ／株式会社,"時給1,200円",アルバイト,清掃,求人ボックス,https://xn--pckua2a7gp15o89zb.com/jb/2263c22c037eb17173076f320b02123d,True,6時間前,2026-09-19 04:26:04,京都府
京都府宇治市の清掃スタッフ 綺麗な私立の学校／週2日勤務／株式会社新着,株式会社中央保健工業社,京都府宇治市の清掃スタッフ,"時給1,200円",アルバイト,清掃,求人ボックス,https://xn--pckua2a7gp15o89zb.com/jb/18dae200ff87bfd1146049f02b9defc7,True,6時間前,2026-09-19 04:26:04,京都府
清掃スタッフ新着,ゴールドラッシュ株式会社,京都府,月給25万円～40万円,正社員,清掃,求人ボックス,https://xn--pckua2a7gp15o89zb.com/jb/401ebf110accd76c1dcb2b3a6d8c15bd,True,9時間前,2026-09-19 04:26:04,京都府
高時給1500円～・クルーズ船で旅しながら働く清掃スタッフ／未経験歓迎新着,株式会社GROW AGENCY,京都府,時給1500円～,アルバイト・パート,清掃,求人ボックス,https://xn--pckua2a7gp15o89zb.com/jb/850a1e162c51f6a8bfcc7e85d8d290b3,True,8時間前,2026-09-19 04:26:04,京都府
時給1500円 インフォメーションスタッフ募集新着,株式会社センチュリーアンドカンパニー,京都府,時給1500円,アルバイト・パート,清掃,求人ボックス,https://xn--pckua2a7gp15o89zb.com/jb/b06ce22943f29819ac79baa625e0af17,True,12時間前,2026-09-19 04:26:04,京都府
建物の清掃業務／土日祝お休み／丸太町駅から徒歩10分新着,株式会社テクノ・サービス,京都府,"時給1,250円～",派遣社員,清掃,求人ボックス,https://xn--pckua2a7gp15o89zb.com/jbn/62e04d48f5d9d105ba86ce77f68a47a6,True,19時間前,2026-09-19 04:26:07,京都府
芸能関係者のタクシードライバー／未経験歓迎／週3勤務／月収45万円以上／20代～50代活躍中新着,清掃,京都府,"月給45万8,100円",正社員,清掃,求人ボックス,https://xn--pckua2a7gp15o89zb.com/jbn/13235b5001e7479d520b3ad504e8f57e,True,12時間前,2026-09-19 04:26:07,京都府
マンションの清掃・管理／年齢や経験は一切不要／シニア多数活躍中／1日3時間～OK新着,株式会社トラン・シード,京都府,"時給1,240円～",アルバイト・パート,清掃,求人ボックス,https://xn--pckua2a7gp15o89zb.com/jb/1efb644a4dcaeb5d1a5805ae3d63c43e,True,16時間前,2026-09-19 04:26:07,京都府
レストラン・専門料理店／賞与あり／シフト自由／経験者活躍中新着,株式会社ワイズテーブルコーポレーション,京都府,月給25万円～40万円,正社員,清掃,求人ボックス,https://xn--pckua2a7gp15o89zb.com/jbn/789f4ac2f82243f88fe9ecc66c109e3b,True,14時間前,2026-09-19 04:26:07,京都府
レストラン・専門料理店／社会保険完備／週休2日制／経験者優遇新着,株式会社ギャラント,京都府,"月給23万3,000円",正社員,清掃,求人ボックス,https://xn--pckua2a7gp15o89zb.com/jbn/431b435ab158a0d9f70db1fc68c0734e,True,13時間前,2026-09-19 04:26:07,京都府
「ブランド品の買取販売」 おお蔵／ハイブランドリユースの店舗STAFF／未経験OK!ゲオG 面接1回新着,株式会社ディンプル,京都府,"月給23万2,000円",正社員,清掃,求人ボックス,https://xn--pckua2a7gp15o89zb.com/jb/3ff3cb8e6e169e994e0e5ceb6b733f32,True,10時間前,2026-09-19 04:26:07,京都府
レストラン・専門料理店／経験者活躍中／週休2日制／学歴不問新着,株式会社力は宿る,京都府,月給27万円～35万円,正社員,清掃,求人ボックス,https://xn--pckua2a7gp15o89zb.com/jbn/ac2694c46dc0629501d35cd05ca0e38b,True,13時間前,2026-09-19 04:26:07,京都府
総務事務 ／ 一般事務・OA事務 ／9時-17時×残業なし 1500円↑未経験OK!事務新着,パーソルテンプスタッフ株式会社,京都府,"時給1,500円",派遣社員,清掃,求人ボックス,https://xn--pckua2a7gp15o89zb.com/jb/c92dd254c49a5e14cb1c080f156996e9,True,13時間前,2026-09-19 04:26:10,京都府
レストラン・専門料理店／フリーター歓迎／経験者活躍中／賞与あり新着,株式会社Ludico,京都府,月給24万円～30万円,正社員,清掃,求人ボックス,https://xn--pckua2a7gp15o89zb.com/jbn/20f0535f1296d91832b7051b80158b0a,True,12時間前,2026-09-19 04:26:10,京都府
レストラン・専門料理店／主婦・主夫歓迎／フリーター歓迎／ブランクOK新着,ハマムラ株式会社,京都府,"月給23万3,600円",正社員,清掃,求人ボックス,https://xn--pckua2a7gp15o89zb.com/jbn/6885b6357732a80ecbff395b5ffebf05,True,13時間前,2026-09-19 04:26:10,京都府
レストラン・専門料理店／経験者歓迎／賞与あり／週休2日制新着,株式会社フクナガ,京都府,"月給23万5,000円",正社員,清掃,求人ボックス,https://xn--pckua2a7gp15o89zb.com/jbn/63a01e61e100397bffb0842f6e8f138c,True,12時間前,2026-09-19 04:26:10,京都府
レストラン・専門料理店／主婦・主夫歓迎／週休2日制／シフト自由新着,株式会社OOZORA,京都府,"月給19万5,000円",正社員,清掃,求人ボックス,https://xn--pckua2a7gp15o89zb.com/jbn/f9e5a44d8851c9ef4e486b0a7737d563,True,14時間前,2026-09-19 04:26:10,京都府
携帯ショップの販売スタッフ／交通費支給／男女活躍中／車通勤OK／社会保険完備新着,株式会社ティーエム・テックス,京都府,"時給1,400円～",派遣社員,清掃,求人ボックス,https://xn--pckua2a7gp15o89zb.com/jbn/af15d1a8cb6c266c1325f0c596723afe,True,23時間前,2026-09-19 04:26:10,京都府
20代活躍中／ホールスタッフ 上場企業・全国500店舗を展開する大手飲食企業新着,...調理業務を中心とした各種業務をお任せいたします。<仕事内容>・キッチン内で仕込み、盛り付け、調理・料理と飲み物の配膳、片付け(バッシング)、ホール内の,京都府,年収300万円～400万円,正社員,清掃,求人ボックス,https://xn--pckua2a7gp15o89zb.com/jbn/4b5cce24ae9c50a528fc2181bd4e4b68,True,19時間前,2026-09-19 04:26:10,京都府
ペットショップの接客・販売スタッフ／初めての仕事でも安心／福利厚生／週5日からOK新着,株式会社犬の家 精華店,京都府,"月給20万3,000円",正社員,清掃,求人ボックス,https://xn--pckua2a7gp15o89zb.com/jbn/b2b65125ff9d970ed77b37aacfeb86c4,True,21時間前,2026-09-19 04:26:13,京都府
ショップスタッフ新着,THE GUNDAM BASE SATELLIT...,京都府,"時給1,250円～",アルバイト・パート,清掃,求人ボックス,https://xn--pckua2a7gp15o89zb.com/jb/c9067a02c2016d035c3b354ff026347a,True,9時間前,2026-09-19 04:26:13,京都府
レストラン・専門料理店／フリーター歓迎／経験者歓迎／社会保険完備新着,株式会社パッションギークス,京都府,月給28万円～33万円,正社員,清掃,求人ボックス,https://xn--pckua2a7gp15o89zb.com/jbn/e15a38719d96f49243a9984db4221574,True,13時間前,2026-09-19 04:26:13,京都府
"高級品鑑定スタッフ／平均年収1,200万／残業月平均3.3時間／有給取得率85.7%／ブランクOK新着",株式会社Reivy,京都府,月給40万円～45万円,正社員,清掃,求人ボックス,https://xn--pckua2a7gp15o89zb.com/jbn/fc5b8a903346c47e8ca0904b668cabca,True,23時間前,2026-09-19 04:26:13,京都府
50代・60代も大活躍!土日祝入れる方は時給UP新着,株式会社リトワーズ,京都府,"時給1,150円～1,300円",アルバイト・パート,清掃,求人ボックス,https://xn--pckua2a7gp15o89zb.com/jb/037ea67d30c9e5e1b28d2fedf99250e7,True,8時間前,2026-09-19 04:26:13,京都府
レストラン・専門料理店新着,株式会社Brand Bank Company,京都府,月給30万円～37万円,正社員,清掃,求人ボックス,https://xn--pckua2a7gp15o89zb.com/jbn/7c93675c324730eb757fdd3eff61220f,True,13時間前,2026-09-19 04:26:13,京都府
レストラン・専門料理店新着,株式会社イデアプラス,京都府,"月給28万7,000円",正社員,清掃,求人ボックス,https://xn--pckua2a7gp15o89zb.com/jbn/3a682043d58dd7a8689023becbe8bec5,True,13時間前,2026-09-19 04:26:13,京都府
レストラン・専門料理店新着,株式会社ZUND,京都府,月給30万円～50万円,正社員,清掃,求人ボックス,https://xn--pckua2a7gp15o89zb.com/jbn/97744cb1993021ff4fca45661f83d834,True,13時間前,2026-09-19 04:26:17,京都府
商品開発スタッフ／ブランクOK／フリーター歓迎／経験者優遇新着,コメックス株式会社工場」,京都府,"月給19万5,000円",正社員,清掃,求人ボックス,https://xn--pckua2a7gp15o89zb.com/jbn/28a6bb27579ba7b773aebade4feba0e1,True,14時間前,2026-09-19 04:26:17,京都府
造園・土木現場作業スタッフ新着,株式会社京緑大原,京都府,"日給1万7,000円",,清掃,求人ボックス,https://xn--pckua2a7gp15o89zb.com/jb/13324c358a6ebd60c147aa075981c4fe,True,9時間前,2026-09-19 04:26:17,京都府
レストラン・専門料理店新着,株式会社下鴨茶寮,京都府,月給25万円～40万円,正社員,清掃,求人ボックス,https://xn--pckua2a7gp15o89zb.com/jbn/9cd23b412ba84fba8ea864f322ec8714,True,13時間前,2026-09-19 04:26:17,京都府
レストラン・専門料理店新着,株式会社プライムウィル,京都府,月給24万円～35万円,正社員,清掃,求人ボックス,https://xn--pckua2a7gp15o89zb.com/jbn/c0fb0b3ed518d4eb7465e47bb7a66001,True,13時間前,2026-09-19 04:26:17,京都府
レストラン・専門料理店新着,ワタミ株式会社,京都府,月給35万100円,正社員,清掃,求人ボックス,https://xn--pckua2a7gp15o89zb.com/jbn/35422aa6bb2ea7c12579cc30fa4c3cb7,True,14時間前,2026-09-19 04:26:17,京都府
惣菜・スイーツ販売／レジ打ち／お中元・お歳暮関連 おかき·おせんべい和菓子専門店新着,株式会社小倉山荘,京都府,"時給1,200円～",アルバイト・パート,清掃,求人ボックス,https://xn--pckua2a7gp15o89zb.com/jb/8d69a9c4fd9bda6fc3cef65c8a2dd029,True,17時間前,2026-09-19 04:26:21,京都府
ストレッチ専門トレーナー・無資格可の整体師新着,ストレッチ専門店 Rストレッチ 伏見店,京都府,"月給22万8,500円",正社員,清掃,求人ボックス,https://xn--pckua2a7gp15o89zb.com/jb/44baa87c5d98308841f5767fef4925de,True,6時間前,2026-09-19 04:26:21,京都府
ゲームセンタースタッフで接客・商品補充新着,namco ミップル店,京都府,"時給1,200円～",アルバイト・パート,清掃,求人ボックス,https://xn--pckua2a7gp15o89zb.com/jb/88fd0c7d0d6e3d9df0b62397e1864fce,True,21時間前,2026-09-19 04:26:21,京都府
京都市山科区の調理師／特養の調理スタッフ!派遣調理師／日払い・週払いOK!／即日スタートOK新着,グッドネクスト,京都府,"時給1,400円",派遣社員,清掃,求人ボックス,https://xn--pckua2a7gp15o89zb.com/jb/97a99aee972280adfae373c3897b9720,True,23時間前,2026-09-19 04:26:21,京都府
ゲームセンタースタッフで接客・商品補充新着,namco アルプラザ宇治東店,京都府,"時給1,200円～",契約社員,清掃,求人ボックス,https://xn--pckua2a7gp15o89zb.com/jb/532605ae95fcc08b60a2f386b71e27b0,True,9時間前,2026-09-19 04:26:21,京都府
デイサービスの送迎ドライバー新着,スタッフ,京都府,"時給1,260円～",アルバイト・パート,清掃,求人ボックス,https://xn--pckua2a7gp15o89zb.com/jb/bca1470d063007b97ea065f5d7b973a2,True,9時間前,2026-09-19 04:26:21,京都府
セミセルフ食堂のキッチンスタッフ新着,めしや食堂 京都久世店,京都府,"時給1,122円",アルバイト・パート,清掃,求人ボックス,https://xn--pckua2a7gp15o89zb.com/jb/6a487ff79e1b59bab57514ca08a7d1c9,True,7時間前,2026-09-19 04:26:23,京都府
ゲームセンタースタッフで接客・商品補充新着,namco アルプラザ城陽店,京都府,"時給1,200円～",アルバイト・パート,清掃,求人ボックス,https://xn--pckua2a7gp15o89zb.com/jb/6dce954b6c3e7a335c8ceafd4f50c3c9,True,9時間前,2026-09-19 04:26:23,京都府
ゲームセンタースタッフで接客・商品補充新着,namco らぽーる店,京都府,"時給1,200円～",アルバイト・パート,清掃,求人ボックス,https://xn--pckua2a7gp15o89zb.com/jb/754b7bdc87d07355112a272b7146d421,True,21時間前,2026-09-19 04:26:23,京都府
「コツコツ作業が好きな方歓迎」／トレカの仕分けスタッフ／日払いOK／交通費支給／20~30代活躍中新着,株式会社Tetote,京都府,月給27万円～34万円,正社員,清掃,求人ボックス,https://xn--pckua2a7gp15o89zb.com/jbn/4fef804fb1c954c38e4636094480eebd,True,14時間前,2026-09-19 04:26:23,京都府
シフト休 東証一部上場企業!独立支援制度 頑張りをしっかり評価!年収1000万円も目指せる新着,株式会社コンシェルテック,京都府,月給23万円～35万円,正社員,清掃,求人ボックス,https://xn--pckua2a7gp15o89zb.com/jb/e0d408239c8a12ce2cf2f65d589ae470,True,22時間前,2026-09-19 04:26:23,京都府
介護施設の調理師／調理スタッフ新着,介護付有料老人ホーム オーチャード天橋立,京都府,"月給21万5,000円",正社員,清掃,求人ボックス,https://xn--pckua2a7gp15o89zb.com/jb/b46cfbec4b85297d815a5f7525323a3c,True,6時間前,2026-09-19 04:26:23,京都府
トレカの仕分けスタッフ／未経験歓迎／空調完備／20〜30代活躍中新着,株式会社SNJAPAN,京都府,月給27万円～34万円,正社員,清掃,求人ボックス,https://xn--pckua2a7gp15o89zb.com/jbn/8aa4ecf9cd27a74ded7d0f43d1ad05a7,True,15時間前,2026-09-19 04:26:26,京都府
セルフ食堂のキッチンスタッフ新着,ザめしや 西京極店,京都府,"時給1,122円",アルバイト・パート,清掃,求人ボックス,https://xn--pckua2a7gp15o89zb.com/jb/ed129996e2363157ad24f5643cd39b53,True,7時間前,2026-09-19 04:26:26,京都府
有名ホテルのレセプションスタッフ／oeahs新着,FIDIA SOLUTIONS株式会社,京都府,"月給20万5,000円",正社員,清掃,求人ボックス,https://xn--pckua2a7gp15o89zb.com/jb/c440377e26419c4296c067c6720f09dc,True,18時間前,2026-09-19 04:26:26,京都府
携帯ショップスタッフ新着,ZEAL株式会社,京都府,月給22万円～29万円,正社員,清掃,求人ボックス,https://xn--pckua2a7gp15o89zb.com/jb/a0c481ed6c80bad5e525fc51648f70f1,True,9時間前,2026-09-19 04:26:29,京都府
Amazon直雇用! 日勤 倉庫内作業スタッフ／京都久世DS新着,アマゾンジャパン合同会社,京都府,"時給1,350円",アルバイト・パート,清掃,求人ボックス,https://xn--pckua2a7gp15o89zb.com/jb/5cf50417523cd76e8baca4794e9efb44,True,6時間前,2026-09-19 04:26:29,京都府
京都府京都市下京区のオフィスビルの清掃業務／四条駅より徒歩2分／太平ビルサービス 株式会社 京都支店新着,太平ビルサービス株式会社,京都府京都市下京区のオフィスビルの清掃業務／四条駅より徒歩2分／太平ビルサービス,"時給1,130円",アルバイト,清掃,求人ボックス,https://xn--pckua2a7gp15o89zb.com/jb/f176568b680594e372bdc8cad3e430ee,True,5時間前,2026-09-19 04:26:29,京都府
老舗和菓子メーカーの製餡スタッフ新着,株式会社ホットスタッフ京都,京都府,"時給1,300円～1,625円",派遣社員,清掃,求人ボックス,https://xn--pckua2a7gp15o89zb.com/jb/4914b0d77f9c216923c0aaa4997d84f6,True,10時間前,2026-09-19 04:26:29,京都府
給食の調理補助スタッフ新着,株式会社ホットスタッフ城陽,京都府,"時給1,350円",派遣社員,清掃,求人ボックス,https://xn--pckua2a7gp15o89zb.com/jb/f100cef02c635b5c7cd94b19ce97a718,True,10時間前,2026-09-19 04:26:29,京都府
リゾートバイト／レストランサービス新着,株式会社ダイブ,京都府,"時給1,400円～",派遣社員,清掃,求人ボックス,https://xn--pckua2a7gp15o89zb.com/jb/fe2adf211ad2c3ed3ca2d9d88d25fac0,True,23時間前,2026-09-19 04:26:29,京都府
フォロー体制有 有料老人ホームでの介護／高時給新着,株式会社ウィルオブ・ワーク,京都府,"時給1,400円",派遣社員,清掃,求人ボックス,https://xn--pckua2a7gp15o89zb.com/jb/2e17d9602dd9efb0fab03104db63db8a,True,19時間前,2026-09-19 04:26:29,京都府
京都府京都市北区の歯科診療サポートスタッフ新着,浅田まひろ歯科医院,京都府京都市北区の歯科診療サポートスタッフ,"時給1,200円～1,500円",,清掃,求人ボックス,https://xn--pckua2a7gp15o89zb.com/jb/39472116a632331211bd811d57c1ffdf,True,6時間前,2026-09-19 04:26:29,京都府
歯科衛生士／増患のため1名です。R7.4開院一年でチェア1台増設新着,もりきた歯科・矯正歯科,滋賀県,月給25万円～50万円,正社員,歯科,求人ボックス,https://xn--pckua2a7gp15o89zb.com/jb/849f27197ca76a28defd9b9523c4796f,True,2時間前,2026-09-19 04:26:32,滋賀県
滋賀県大津市の歯科衛生士新着,かながわ歯科医院,滋賀県大津市の歯科衛生士,月給28万円～40万円,正社員,歯科,求人ボックス,https://xn--pckua2a7gp15o89zb.com/jb/6e9edec60bf84c0e8565ce689e2450d0,True,6時間前,2026-09-19 04:26:32,滋賀県
滋賀県長浜市の歯科衛生士新着,笹口歯科医院,滋賀県長浜市の歯科衛生士,"時給1,400円～1,500円",,歯科,求人ボックス,https://xn--pckua2a7gp15o89zb.com/jb/ec17bd6761f293eaa75acc83640109a8,True,6時間前,2026-09-19 04:26:32,滋賀県
受付業務などを行う歯科助手新着,医療法人社団HUNDREDやまぐち歯科,滋賀県,"月給22万9,470円",正社員,歯科,求人ボックス,https://xn--pckua2a7gp15o89zb.com/jb/3794420493c9d66bd7861e707a907c3a,True,6時間前,2026-09-19 04:26:32,滋賀県
歯科衛生士／週2日から相談可能 残業なし 髪型自由&ネイルOK!新着,草津ほんじょう歯科,滋賀県,"時給1,470円～1,850円",アルバイト・パート,歯科,求人ボックス,https://xn--pckua2a7gp15o89zb.com/jb/7aa75779b920d0e71794047420e65558,True,16時間前,2026-09-19 04:26:32,滋賀県
FA機械と搬送装置の設計新着,パーソルクロステクノロジー株式会社,京都府,"時給2,300円～2,400円",派遣社員,派遣,求人ボックス,https://xn--pckua2a7gp15o89zb.com/jb/dbed975befcef8df3d1f180b49cc1c1b,True,4時間前,2026-09-19 04:26:03,京都府
人材派遣会社のコーディネーター／法人営業／経験不問／土日祝休み／携帯電話貸与／資格支援制度有り新着,株式会社ティーエム・テックス,京都府,月給22万円～28万円,正社員,派遣,求人ボックス,https://xn--pckua2a7gp15o89zb.com/jbn/dcbe8e9dddb5ab37ae3ec1bfc4a19a72,True,23時間前,2026-09-19 04:26:03,京都府
日勤・土日祝休み 部品の組立 男女活躍中 直雇用実績あり新着,株式会社ニチギワールド,京都府,"時給1,400円～1,750円",派遣社員,派遣,求人ボックス,https://xn--pckua2a7gp15o89zb.com/jb/fbf109b787be0feaea84708d2257646c,True,12時間前,2026-09-19 04:26:03,京都府
介護スタッフ／グループホームで勤務!20代～30代活躍中／無資格スタート応援!夜勤のみ新着,株式会社ベネッセキャリオス,京都府,"時給1,813円",派遣社員,派遣,求人ボックス,https://xn--pckua2a7gp15o89zb.com/jbn/448a0be3ef9b8a5a60b2213c496af6ef,True,21時間前,2026-09-19 04:26:03,京都府
「人材派遣の営業」 未経験OKの法人営業職／年357万円・転勤なし・直行直帰OK・フレックス新着,株式会社ディンプル,京都府,"月給24万5,000円",正社員,派遣,求人ボックス,https://xn--pckua2a7gp15o89zb.com/jb/31d64f5c363ae68daf869c06343cce89,True,10時間前,2026-09-19 04:26:03,京都府
長期／大手メーカー×一般事務新着,スタッフ,京都府,"時給1,400円",派遣社員,派遣,求人ボックス,https://xn--pckua2a7gp15o89zb.com/jb/5ca5c5bc2e36fecfed633550ec0af5c1,True,12時間前,2026-09-19 04:26:03,京都府
「「稼げる軽作業!日勤専属のお仕事」」倉庫内でパズルの軽作業新着,セブンエージェント株式会社,京都府,"時給1,300円～",派遣社員,派遣,求人ボックス,https://xn--pckua2a7gp15o89zb.com/jb/b1d5248c8676f39af93ea89d45409e73,True,20時間前,2026-09-19 04:26:03,京都府
前橋市の看護師／有料老人ホームの看護スタッフ／派遣看護師／週3日勤務／車通勤可／日払い・週払いOK新着,グッドネクスト,京都府,"時給2,400円",派遣社員,派遣,求人ボックス,https://xn--pckua2a7gp15o89zb.com/jb/dec77dff3773a4cc8c43ec8c9662a3fb,True,23時間前,2026-09-19 04:26:04,京都府
内勤コーディネーター新着,株式会社エクスプレス・エージェント,京都府,"時給1,400円～1,750円",アルバイト・パート,派遣,求人ボックス,https://xn--pckua2a7gp15o89zb.com/jb/94ea9591d0b9e85a3f1f400513f7f670,True,21時間前,2026-09-19 04:26:04,京都府
クリーニング店舗受付スタッフ新着,カーニバル 洛西店,京都府,"時給1,130円",アルバイト・パート,派遣,求人ボックス,https://xn--pckua2a7gp15o89zb.com/jb/5b97f72011594fc92011a21c59d25c44,True,7時間前,2026-09-19 04:26:04,京都府
アパレル／アクセサリー／レジ打ち 鏡を見るのが もっと好きになる 履歴書不要／日払いOK／昇給有新着,株式会社I・PARTNERS,京都府,"時給1,300円～1,600円",派遣社員,派遣,求人ボックス,https://xn--pckua2a7gp15o89zb.com/jb/578e7b433dc85334b635c186b2328edf,True,23時間前,2026-09-19 04:26:08,京都府
保育士／認定こども園／カトリック聖母こども園新着,株式会社アスカ,京都府,"時給1,550円",派遣社員,派遣,求人ボックス,https://xn--pckua2a7gp15o89zb.com/jb/9e7f8c6ad115da0671f30e461de3ad46,True,18時間前,2026-09-19 04:26:08,京都府
活性炭素繊維の製造／直接雇用の可能性あり／高時給／OJT研修があり安心新着,株式会社テクノ・サービス,京都府,"時給1,650円～",派遣社員,派遣,求人ボックス,https://xn--pckua2a7gp15o89zb.com/jbn/bd42e24703b0d9422ea0f959c4c9bf51,True,20時間前,2026-09-19 04:26:08,京都府
電力通信会社で事務新着,ヒューマンリソシア株式会社,京都府,"時給1,450円",派遣社員,派遣,求人ボックス,https://xn--pckua2a7gp15o89zb.com/jb/ea4cc7307c493900eed9824037ac6591,True,8時間前,2026-09-19 04:26:08,京都府
グラフィックデザイナー プリ機業界トップシェア企業でデザイン制作新着,株式会社フェローズ,京都府,"時給1,500円～1,800円",派遣社員,派遣,求人ボックス,https://xn--pckua2a7gp15o89zb.com/jb/68420aaa485613664fc4b58bb96fb0bf,True,16時間前,2026-09-19 04:26:08,京都府
工場での部品検査スタッフ新着,株式会社アルミラ,京都府,"時給1,490円～",アルバイト・パート,派遣,求人ボックス,https://xn--pckua2a7gp15o89zb.com/jb/468294f512197755c807422a9870e8df,True,17時間前,2026-09-19 04:26:08,京都府
包装・シール貼付作業員 ／ 軽作業／仲間がいて安心 派遣スタッフ多数活躍中 健康サプリの箱詰め新着,パーソルテンプスタッフ株式会社,京都府,"時給1,300円",派遣社員,派遣,求人ボックス,https://xn--pckua2a7gp15o89zb.com/jb/6d1f5c526866752b4d74e779d14b971d,True,14時間前,2026-09-19 04:26:12,京都府
寮完備・月収27万円 化学系工場での検査・検品 交替制・20-40代活躍中新着,株式会社BREXA Next,京都府,"時給1,250円～",派遣社員,派遣,求人ボックス,https://xn--pckua2a7gp15o89zb.com/jb/64c016752e66446a9019ef64bd09c967,True,4時間前,2026-09-19 04:26:12,京都府
6年連続「ホワイト企業認定」取得企業!／完全週休2日制／ホテルロビースタッフ／oeahs新着,FIDIA SOLUTIONS株式会社,京都府,"月給20万5,000円",正社員,派遣,求人ボックス,https://xn--pckua2a7gp15o89zb.com/jb/f90a59415024ade9cc72a2e8528a239d,True,18時間前,2026-09-19 04:26:12,京都府
製品の検査や組立作業新着,株式会社イープラネット,京都府,"時給1,400円～1,750円",派遣社員,派遣,求人ボックス,https://xn--pckua2a7gp15o89zb.com/jb/a36f009caa96b49a77d2cd23e18bb3df,True,18時間前,2026-09-19 04:26:12,京都府
駅チカ勤務 未経験相談可!雑貨・インテリア販売週5日新着,株式会社ウィルオブ・ワーク,京都府,"時給1,400円～1,500円",派遣社員,派遣,求人ボックス,https://xn--pckua2a7gp15o89zb.com/jb/d6f11aec0bcf6ccb3b71ca49684e4d19,True,11時間前,2026-09-19 04:26:16,京都府
お寿司の仕分けスタッフ新着,株式会社ホットスタッフ城陽,京都府,"時給1,200円",派遣社員,派遣,求人ボックス,https://xn--pckua2a7gp15o89zb.com/jb/44933611cecc18941a6695197c0eedba,True,10時間前,2026-09-19 04:26:16,京都府
看護助手 週4日～の派遣!日勤のみ!無資格の方もOK!駅から徒歩8分!残業少なめ新着,株式会社ワークステーション,京都府,"時給1,300円～1,350円",派遣社員,派遣,求人ボックス,https://xn--pckua2a7gp15o89zb.com/jb/006e51a228de48f6eedd5ac115ed3137,True,2時間前,2026-09-19 04:26:16,京都府
住み込み／宿泊施設／宿泊施設新着,株式会社RESORT CROSS,京都府,"時給1,300円～",派遣社員,派遣,求人ボックス,https://xn--pckua2a7gp15o89zb.com/jb/33e73cb6d11d9297e35a25781a7ec260,True,10時間前,2026-09-19 04:26:16,京都府
京都府京都市南区の営業職新着,株式会社FReety,京都府京都市南区の営業職,月給25万円～30万円,正社員,派遣,求人ボックス,https://xn--pckua2a7gp15o89zb.com/jb/96237b3811709828cef238e58cff12dd,True,5時間前,2026-09-19 04:26:16,京都府
工場設備の維持管理を担う技術職新着,株式会社スタッフサービス,京都府,"時給2,000円～",派遣社員,派遣,求人ボックス,https://xn--pckua2a7gp15o89zb.com/jb/2f48af9010117040ecf83296461b0095,True,9時間前,2026-09-19 04:26:16,京都府
スポーツ用品の販売スタッフ新着,株式会社ホットスタッフ京都,京都府,"時給1,400円",派遣社員,派遣,求人ボックス,https://xn--pckua2a7gp15o89zb.com/jb/cae6fa18e4b77023b45aa9815c028c13,True,10時間前,2026-09-19 04:26:19,京都府
着物を扱う会社で受発注業務新着,株式会社ホットスタッフ四条,京都府,"時給1,500円～1,750円",派遣社員,派遣,求人ボックス,https://xn--pckua2a7gp15o89zb.com/jb/0abdcf6ec912b1516053443c70af120a,True,10時間前,2026-09-19 04:26:19,京都府
カメラのレンズの検査／モクモク作業／研修あり／安定勤務!新着,三陽工業株式会社,京都府,"月給19万5,000円",正社員,派遣,求人ボックス,https://xn--pckua2a7gp15o89zb.com/jbn/0aff9135cd46d0369c90537722227d36,True,13時間前,2026-09-19 04:26:19,京都府
組立／エンジン組立スタッフ／20代～30代活躍中／日勤新着,株式会社コンシェルテック,京都府,"時給1,600円～",派遣社員,派遣,求人ボックス,https://xn--pckua2a7gp15o89zb.com/jb/6190204e3592b07184e506307efd444b,True,23時間前,2026-09-19 04:26:19,京都府
「コツコツ検査作業!」電池材料の検査・出荷準備スタッフ／20代から30代活躍中!／長期休暇あり新着,株式会社日本ケイテム,京都府,"時給1,500円～",アルバイト・パート,派遣,求人ボックス,https://xn--pckua2a7gp15o89zb.com/jbn/d12aec2fd419baa9e1dac0db835c0ab8,True,19時間前,2026-09-19 04:26:19,京都府
研磨パッドの加工業務／寮完備／3交替／車通勤／京都で働こう／霧島市から京都へ新着,株式会社グロップ 京都オフィス,京都府,"時給1,700円～2,125円",派遣社員,派遣,求人ボックス,https://xn--pckua2a7gp15o89zb.com/jbn/403b5e107fe54a027108232a1a6d6899,True,23時間前,2026-09-19 04:26:19,京都府
点検作業／プラント設備管理業務／未経験歓迎／残業ほぼなし／宇治市木幡西中新着,日研トータルソーシング株式会社,京都府,"時給1,500円～",派遣社員,派遣,求人ボックス,https://xn--pckua2a7gp15o89zb.com/jbn/f420cdbf2ebd94062e70f17ec385b743,True,23時間前,2026-09-19 04:26:22,京都府
ずんどう屋 店舗マネージャー新着,株式会社ZUND,京都府,月給45万円～49万円,正社員,派遣,求人ボックス,https://xn--pckua2a7gp15o89zb.com/jbn/e8aa9571bba5d7136000cdc3264c2d5d,True,22時間前,2026-09-19 04:26:22,京都府
旅館での食事処の接客 M1042／人気のリゾートバイト／お客様のおいしいを近くで感じる仕事新着,株式会社JR西日本キャリア,京都府,"時給1,300円",派遣社員,派遣,求人ボックス,https://xn--pckua2a7gp15o89zb.com/jbn/cd9767dbd3840218fc96be8560d91942,True,23時間前,2026-09-19 04:26:22,京都府
携帯販売経験者歓迎!家電量販店内でのモバイルショップSTAFF／京都エリア勤務新着,株式会社アールブリッジ,京都府,"時給1,600円",派遣社員,派遣,求人ボックス,https://xn--pckua2a7gp15o89zb.com/jbn/8d2610f31873f281adbd140d925b68c6,True,20時間前,2026-09-19 04:26:22,京都府
タクシードライバー／キャリアチェンジ歓迎／月収40万〜50万円も可／賞与年2回／負担少なめ新着,配送ドライバー/カーディーラー/宅配ドライバー/法人営業(ルート・新規)/飲食店調理,京都府,"月給45万6,500円",正社員,派遣,求人ボックス,https://xn--pckua2a7gp15o89zb.com/jbn/e420e42974c71255d192dd54e8d8e2cd,True,10時間前,2026-09-19 04:26:27,京都府
タクシードライバー／AT限定OK／1年目から高収入も可／ノルマなし／賞与あり新着,スタッフ,京都府,"月給47万6,500円",正社員,派遣,求人ボックス,https://xn--pckua2a7gp15o89zb.com/jbn/51d1ce59ffddeece5738b55bfe5c1d7b,True,10時間前,2026-09-19 04:26:27,京都府
「人気サービスの裏側へ」／システムチェックスタッフ／残業少なめ／未経験歓迎／PC基礎からOK新着,スタッフ,京都府,"月給30万2,000円",正社員,派遣,求人ボックス,https://xn--pckua2a7gp15o89zb.com/jbn/8b2c628aea6ef8f69433747999e03e10,True,11時間前,2026-09-19 04:26:30,京都府
「注目のITサポート求人」／ゲームテスター／PC基礎からOK／内勤ワーク／資格取得支援新着,事業(派27-302361)有料職業紹介事業(27-ユ-302045)...「コツコツ進める作業が得意」と活躍している元事務・販売,京都府,"月給33万7,000円",正社員,派遣,求人ボックス,https://xn--pckua2a7gp15o89zb.com/jbn/0cc0b0f2a7675e8f08bf9bdc6110a4f8,True,11時間前,2026-09-19 04:26:30,京都府
毎日使うものを支える工場勤務!／タブレットケースの製造オペレーター／月収40万以上可／残業少なめ新着,スタッフ,京都府,"月給38万9,000円",正社員,派遣,求人ボックス,https://xn--pckua2a7gp15o89zb.com/jbn/d7a97c8914463e46c459e3409b5fcac5,True,11時間前,2026-09-19 04:26:30,京都府
「正社員デビュー応援」／品質チェックスタッフ／残業少なめ／服装自由／有給取得率90%以上新着,スタッフ,京都府,"月給33万3,000円",正社員,派遣,求人ボックス,https://xn--pckua2a7gp15o89zb.com/jbn/8d9e51a30de796a90f05d11e427fc133,True,11時間前,2026-09-19 04:26:30,京都府
ビューティーアドバイザー／化粧品販売経験者／年収350～550万円新着,事業 派13-313812有料職業紹介事業 13-ユ-310321...ラグジュアリーなブランドでありながら、,京都府,年収350～550万円,正社員,派遣,求人ボックス,https://xn--pckua2a7gp15o89zb.com/jbn/793d4947c5e34899d0222ed3550250be,True,11時間前,2026-09-19 04:26:34,京都府
自然派コスメ製造・検品スタッフ／未経験歓迎!人気のコスメ製造 コツコツ作業で安定勤務新着,IBS即戦力人財株式会社,京都府,"時給1,400円",派遣社員,派遣,求人ボックス,https://xn--pckua2a7gp15o89zb.com/jb/47ddfc1cc807888f94eba3e40f8b09d2,True,20時間前,2026-09-19 04:26:34,京都府
コミュ力不要のカンタン作業／軽作業・工場／住み込み歓迎／日払い、週払い可新着,株式会社F・C 採用部,京都府,月給28万円～32万円,派遣社員,派遣,求人ボックス,https://xn--pckua2a7gp15o89zb.com/jb/1f0eebebc336b5c7dc5c7f608b564d03,True,8時間前,2026-09-19 04:26:34,京都府
レストラン・専門料理店／シフト制／ブランクOK／経験者優遇新着,株式会社髙松フード・クリエイト,京都府,月給25万40円,正社員,飲食,求人ボックス,https://xn--pckua2a7gp15o89zb.com/jbn/48aae322e169531ba55ae0ff5e1ebaf8,True,13時間前,2026-09-19 04:26:24,京都府
レストラン・専門料理店新着,株式会社弘,京都府,月給28万円～34万円,正社員,飲食,求人ボックス,https://xn--pckua2a7gp15o89zb.com/jbn/f5da12c18b0ac87008b8b45b23680c56,True,12時間前,2026-09-19 04:26:24,京都府
レストラン・専門料理店新着,株式会社太鼓亭,京都府,月給25万円～30万円,正社員,飲食,求人ボックス,https://xn--pckua2a7gp15o89zb.com/jbn/a1c91cb5ae5c0e5aeaf50deb8242fa3d,True,13時間前,2026-09-19 04:26:24,京都府
レストラン・専門料理店新着,株式会社グランビスタ ホテル&リゾート,京都府,月給23万円～32万円,正社員,飲食,求人ボックス,https://xn--pckua2a7gp15o89zb.com/jbn/63ad8f9f544dbac20c946dcdd6b67e4c,True,13時間前,2026-09-19 04:26:24,京都府
レストラン・専門料理店新着,株式会社小川珈琲クリエイツ,京都府,"月給22万6,000円",正社員,飲食,求人ボックス,https://xn--pckua2a7gp15o89zb.com/jbn/0255a172c4f026b1e6f49f6245203111,True,13時間前,2026-09-19 04:26:24,京都府
レストラン・専門料理店新着,株式会社ビーケー・ジャパン,京都府,"月給24万3,000円",正社員,飲食,求人ボックス,https://xn--pckua2a7gp15o89zb.com/jbn/17b7ba40419cf4dd756a932c4b69d498,True,13時間前,2026-09-19 04:26:24,京都府
レストラン・専門料理店新着,株式会社京都勝牛,京都府,月給24万円～35万円,正社員,飲食,求人ボックス,https://xn--pckua2a7gp15o89zb.com/jbn/25a0f7c77e2dccb5af26ae15ba79b51e,True,13時間前,2026-09-19 04:26:24,京都府
レストラン・専門料理店新着,株式会社FOOD&LIFE COMPANIES,京都府,月給25万円～40万,正社員,飲食,求人ボックス,https://xn--pckua2a7gp15o89zb.com/jbn/ac165ff888e29f091af659951576f10f,True,13時間前,2026-09-19 04:26:25,京都府
レストラン・専門料理店新着,株式会社ギャラント,京都府,月給25万円～35万円,正社員,飲食,求人ボックス,https://xn--pckua2a7gp15o89zb.com/jbn/c62d3c13d24d387c4dc36e991af06c14,True,14時間前,2026-09-19 04:26:25,京都府
レストラン・専門料理店新着,株式会社Brand Bank Company,京都府,月給30万円～37万円,正社員,飲食,求人ボックス,https://xn--pckua2a7gp15o89zb.com/jbn/f0252f9a7b237c4ff95ba3531dbd24f0,True,13時間前,2026-09-19 04:26:25,京都府
レストラン・専門料理店新着,株式会社Ludico,京都府,月給26万円～38万円,正社員,飲食,求人ボックス,https://xn--pckua2a7gp15o89zb.com/jbn/e040b6a753f96c874a033ca2e3ebf19b,True,13時間前,2026-09-19 04:26:25,京都府
レストラン・専門料理店新着,株式会社八芳園,京都府,"月給23万1,900円",正社員,飲食,求人ボックス,https://xn--pckua2a7gp15o89zb.com/jbn/f05b1c15507812071faee3c5582f60b6,True,13時間前,2026-09-19 04:26:25,京都府
レストラン・専門料理店新着,有限会社嵯峨亀屋友永,京都府,月給22万円～40万円,正社員,飲食,求人ボックス,https://xn--pckua2a7gp15o89zb.com/jbn/2b60b0e43384d818721f626551d25901,True,13時間前,2026-09-19 04:26:28,京都府
レストラン・専門料理店／フリーター歓迎／主婦・主夫歓迎／社会保険完備新着,株式会社フクナガ,京都府,"月給23万5,000円",正社員,飲食,求人ボックス,https://xn--pckua2a7gp15o89zb.com/jbn/d127a1eef33053ccae6dc88e7f3dd9e3,True,12時間前,2026-09-19 04:26:28,京都府
レストラン・専門料理店新着,株式会社Ludico,京都府,月給26万円～38万円,正社員,飲食,求人ボックス,https://xn--pckua2a7gp15o89zb.com/jbn/793c946859b96ec7bbdd8c9d16315755,True,13時間前,2026-09-19 04:26:28,京都府
レストラン・専門料理店新着,株式会社伊達,京都府,月給26万円～30万円,正社員,飲食,求人ボックス,https://xn--pckua2a7gp15o89zb.com/jbn/b65fde711210d960639e8766de29c6e9,True,13時間前,2026-09-19 04:26:28,京都府
レストラン・専門料理店新着,株式会社カスカード,京都府,月給26万円～35万円,正社員,飲食,求人ボックス,https://xn--pckua2a7gp15o89zb.com/jbn/4ad0893034ca94e700d6ef3d5bc87c4c,True,13時間前,2026-09-19 04:26:28,京都府
レストラン・専門料理店新着,株式会社ビーケー・ジャパン,京都府,月給31万円～40万,正社員,飲食,求人ボックス,https://xn--pckua2a7gp15o89zb.com/jbn/2cd7a9da077c2853f813047de7ee3a25,True,13時間前,2026-09-19 04:26:28,京都府
レストラン・専門料理店新着,株式会社長楽館,京都府,月給25万円～35万円,正社員,飲食,求人ボックス,https://xn--pckua2a7gp15o89zb.com/jbn/0afbf157327283836463fd47c8015a82,True,13時間前,2026-09-19 04:26:28,京都府
レストラン・専門料理店新着,株式会社ハトヤ瑞鳳閣,京都府,月給22万円～28万円,正社員,飲食,求人ボックス,https://xn--pckua2a7gp15o89zb.com/jbn/f24611f2c862b83de5d97d13b858941c,True,13時間前,2026-09-19 04:26:32,京都府
炊飯専属スタッフ／経験者優遇／社会保険完備／ブランクOK新着,コメックス株式会社工場」,京都府,"月給19万5,000円",正社員,飲食,求人ボックス,https://xn--pckua2a7gp15o89zb.com/jbn/72140f1bb438b8e7730aa421ebff6fa4,True,14時間前,2026-09-19 04:26:32,京都府
レストラン・専門料理店新着,株式会社下鴨茶寮,京都府,月給40万円～50万円,正社員,飲食,求人ボックス,https://xn--pckua2a7gp15o89zb.com/jbn/645e989ec9eca0f8aa6145eadb27289e,True,13時間前,2026-09-19 04:26:32,京都府
レストラン・専門料理店新着,株式会社力は宿る,京都府,月給30万円～35万円,正社員,飲食,求人ボックス,https://xn--pckua2a7gp15o89zb.com/jbn/2ef959f7d75ea49a8df9e1a4fcf47c0d,True,13時間前,2026-09-19 04:26:32,京都府
レストラン・専門料理店新着,リゾートトラスト株式会社,京都府,"月給25万6,400円",正社員,飲食,求人ボックス,https://xn--pckua2a7gp15o89zb.com/jbn/8d8f1b68704b99ad35abf0e32751f47a,True,12時間前,2026-09-19 04:26:32,京都府
レストラン・専門料理店新着,株式会社beagle,京都府,月給40万円～50万円,正社員,飲食,求人ボックス,https://xn--pckua2a7gp15o89zb.com/jbn/d826aca4e0280f7bbef666f1136dcab8,True,13時間前,2026-09-19 04:26:32,京都府
「アプリ配車タクシードライバー・週3勤務」20代活躍中／月収40万以上／普通免許でOK新着,飲食,京都府,"月給47万6,000円",正社員,飲食,求人ボックス,https://xn--pckua2a7gp15o89zb.com/jbn/0d9e40af93cfb5a4e83e7f3d0ad8c525,True,9時間前,2026-09-19 04:26:36,京都府
学校給食の調理員新着,宇治市立 宇治小学校,京都府,"時給1,122円",アルバイト・パート,飲食,求人ボックス,https://xn--pckua2a7gp15o89zb.com/jb/cf5b32b0286615ae884bf406abef4c5d,True,4時間前,2026-09-19 04:26:36,京都府
レストラン・専門料理店新着,株式会社KPG HOTEL&RESORT,京都府,月給42万円～50万円,正社員,飲食,求人ボックス,https://xn--pckua2a7gp15o89zb.com/jbn/1f0089bb38cd0b090b9eab5e1b3992e8,True,13時間前,2026-09-19 04:26:36,京都府
レストラン・専門料理店新着,RRH京都オペレーションズ合同会社,京都府,月給20万円～35万円,契約社員,飲食,求人ボックス,https://xn--pckua2a7gp15o89zb.com/jbn/ed98e242492fa19246ab0ec1c0d23025,True,13時間前,2026-09-19 04:26:36,京都府
事務職／充実の研修で安心スタート!／教育体制あり／完全週休2日制／福利厚生充実新着,<活かせる経験> 事務やデータ入力の業務経験 Excelスキル、PCの基本操作充実のスキルサポート体制があるため、アパレル販売、,京都府,月給21万円～50万円,正社員,飲食,求人ボックス,https://xn--pckua2a7gp15o89zb.com/jbn/4cd0305341f4cd873fe9dd5c60c6b556,True,5時間前,2026-09-19 04:26:36,京都府
事務職／一般事務／未経験OK／残業なし／育休制度あり／在宅OK新着,20代30代の,京都府,"月給21万5,000円",正社員,飲食,求人ボックス,https://xn--pckua2a7gp15o89zb.com/jbn/ccb207230a7544737232b52a5463d125,True,6時間前,2026-09-19 04:26:36,京都府
店舗運営・育成をお任せ!ソフトバンクショップの店長候補／手厚いサポートと風通しの良さが魅力新着,株式会社ヒロホールディングス,京都府,月給28万円,正社員,飲食,求人ボックス,https://xn--pckua2a7gp15o89zb.com/jb/19643f7562207bd669f51fb7f056139a,True,1時間前,2026-09-19 04:26:40,京都府
「事務正社員」／充実の研修で安心スタート!／丁寧な教育体制／教育体制あり／若い者歓迎／残業少なめ新着,前職は美容部員や携帯ショップ店員、,京都府,月給20万円～50万円,正社員,飲食,求人ボックス,https://xn--pckua2a7gp15o89zb.com/jbn/890477e0587a38dc3ef477b24d882e81,True,5時間前,2026-09-19 04:26:40,京都府
「データ入力・事務」／教育体制あり／充実の研修で安心スタート!／若い者歓迎／残業少なめ／サポート業務新着,アパレル販売、,京都府,"月給22万5,000円",正社員,飲食,求人ボックス,https://xn--pckua2a7gp15o89zb.com/jbn/7f746e465064ec419fbf892dd5f2dcd5,True,5時間前,2026-09-19 04:26:40,京都府
「受付・データ入力スタッフ」／充実の研修で安心スタート!／土日祝休み／営業事務／高収入新着,<前職はさまざま>,京都府,月給21万円～50万円,正社員,飲食,求人ボックス,https://xn--pckua2a7gp15o89zb.com/jbn/0a6aeff12de10bbfc8d9d34682e0e4b1,True,6時間前,2026-09-19 04:26:43,京都府
「事務スタッフ」／充実の研修で安心スタート!／ブランクOK／福利厚生充実／残業少なめ／サポート業務新着,前職は美容部員や携帯ショップ店員、,京都府,"月給22万5,000円",正社員,飲食,求人ボックス,https://xn--pckua2a7gp15o89zb.com/jbn/be8733be6fd9d4887f6595621686f4cb,True,5時間前,2026-09-19 04:26:43,京都府
給食スタッフ／キッチン／フード系 週3日程度 土日祝休み 長期休暇あり 幼稚園での給食調理新着,株式会社アイコーメディカル,京都府,"時給1,200円～",アルバイト・パート,飲食,求人ボックス,https://xn--pckua2a7gp15o89zb.com/jb/ab2637ff92ac33ae62908e6e029a6c27,True,23時間前,2026-09-19 04:26:43,京都府
「事務職」／充実の研修で安心スタート!／福利厚生充実／若い者歓迎／残業少なめ／サポート業務新着,前職は美容部員や携帯ショップ店員、,京都府,月給21万円～50万円,正社員,飲食,求人ボックス,https://xn--pckua2a7gp15o89zb.com/jbn/dfdb4254f7049a363f63251f2ae82cf6,True,6時間前,2026-09-19 04:26:43,京都府
「事務正社員」／充実の研修で安心スタート!／丁寧な教育体制／若い者歓迎／福利厚生充実／残業少なめ新着,前職は美容部員や携帯ショップ店員、,京都府,月給20万円～50万円,正社員,飲食,求人ボックス,https://xn--pckua2a7gp15o89zb.com/jbn/ae1258fa2392c115614c81dd1713fbac,True,5時間前,2026-09-19 04:26:43,京都府
「事務正社員」／充実の研修で安心スタート!／財務・事務／50万円稼げる／残業月10時間以下／高収入新着,スタッフ,京都府,月給20万円～50万円,正社員,飲食,求人ボックス,https://xn--pckua2a7gp15o89zb.com/jbn/da7ac2e67101edbc8d0e096a09b701d4,True,5時間前,2026-09-19 04:26:43,京都府
「オフィスワーク」／事務スタッフ／職種未経験歓迎／教育体制あり／充実の研修で安心スタート新着,前職は美容部員や携帯ショップ店員、,京都府,"月給22万4,000円",正社員,飲食,求人ボックス,https://xn--pckua2a7gp15o89zb.com/jbn/8747fbac2c0c372bea79d59dae87fb32,True,6時間前,2026-09-19 04:26:46,京都府
事務職／総務事務／20代未経験歓迎／土日祝休み／ピアスOk／ネイルOK新着,20代・30代の若手世代がイキイキと活躍する職場です!接客業、,京都府,月給21万円～50万円,正社員,飲食,求人ボックス,https://xn--pckua2a7gp15o89zb.com/jbn/640141f3165efb4efe8147457fdaea7f,True,6時間前,2026-09-19 04:26:46,京都府
「事務正社員」／福利厚生充実／完全週休2日制／充実の研修で安心スタート!／残業少なめ／サポート業務新着,前職は美容部員や携帯ショップ店員、,京都府,"月給22万3,000円",正社員,飲食,求人ボックス,https://xn--pckua2a7gp15o89zb.com/jbn/cb5551a18a3c638e8845fc58e910b6e5,True,5時間前,2026-09-19 04:26:46,京都府
「事務正社員」／完全週休2日制／福利厚生充実／充実の研修で安心スタート!／残業少なめ／サポート業務新着,前職は美容部員や携帯ショップ店員、,京都府,"月給22万5,000円",正社員,飲食,求人ボックス,https://xn--pckua2a7gp15o89zb.com/jbn/3b460714ba83dbfe86864fc35554f429,True,5時間前,2026-09-19 04:26:46,京都府
店舗管理スタッフ新着,株式会社小倉屋,京都府,"時給1,200円～",正社員,飲食,求人ボックス,https://xn--pckua2a7gp15o89zb.com/jb/18e4345addaab67d9bfdb670f544a6c5,True,5時間前,2026-09-19 04:26:49,京都府
「受付・データ入力スタッフ「OA事務」充実の研修で安心スタート!／丁寧な教育体制／若い者歓迎新着,飲食,京都府,月給21万円～50万円,正社員,飲食,求人ボックス,https://xn--pckua2a7gp15o89zb.com/jbn/4d6f31c71dcd4d5659ad7fc15975f9fb,True,6時間前,2026-09-19 04:26:49,京都府
「事務職」／充実の研修で安心スタート／完全週休2日制／経験不問／残業少なめ／サポート業務新着,飲食,京都府,月給21万円～50万円,正社員,飲食,求人ボックス,https://xn--pckua2a7gp15o89zb.com/jbn/6c3680ac335aaa77858c212d20958733,True,6時間前,2026-09-19 04:26:49,京都府
しっかり稼げる制度／夜勤あり 資格経験不要／月給25万!スキルゼロでも店長候補 キャリア昇格早い新着,株式会社コンシェルテック,京都府,月給25万,正社員,飲食,求人ボックス,https://xn--pckua2a7gp15o89zb.com/jb/38c23e16609a3a2746e5bdd97458a6e6,True,22時間前,2026-09-19 04:26:49,京都府
レストラン・専門料理店／社会保険完備／経験不問／シフト制新着,おいしい約束株式会社,京都府,月給23万円～30万,正社員,飲食,求人ボックス,https://xn--pckua2a7gp15o89zb.com/jbn/9eaae0557f96568a4257402f2a2d371d,True,13時間前,2026-09-19 04:26:53,京都府
レストラン・専門料理店新着,ASIAMIX株式会社,京都府,"月給24万7,000円",正社員,飲食,求人ボックス,https://xn--pckua2a7gp15o89zb.com/jbn/c788a0d41e184412c595bc490048fc75,True,12時間前,2026-09-19 04:26:53,京都府
レストラン・専門料理店／フリーター歓迎／社会保険完備／シフト制新着,株式会社モスストアカンパニー,京都府,月給24万900円,正社員,飲食,求人ボックス,https://xn--pckua2a7gp15o89zb.com/jbn/c776ea45caf9897b5ab74b3013bd59aa,True,13時間前,2026-09-19 04:26:53,京都府
「事務スタッフ」／充実の研修で安心スタート!／財務・事務／50万円稼げる／高収入／未経験でも安心新着,飲食,京都府,"月給22万4,000円",正社員,飲食,求人ボックス,https://xn--pckua2a7gp15o89zb.com/jbn/37b881855c053dac9ff9f25138d05459,True,5時間前,2026-09-19 04:26:53,京都府
介護職・ヘルパー／有料老人ホームで勤務!20代～30代活躍中／日勤のみ新着,株式会社ベネッセキャリオス,滋賀県,"時給1,550円",派遣社員,介護,求人ボックス,https://xn--pckua2a7gp15o89zb.com/jbn/89c7082011356f4b1556ed86cf861824,True,21時間前,2026-09-19 04:26:33,滋賀県
滋賀県長浜市の介護職／正職員・グループホームこぶしの家／社会福祉法人新着,社会福祉法人大樹会,滋賀県長浜市の介護職／正職員・グループホームこぶしの家／社会福祉法人,月給21万円～24万,正社員,介護,求人ボックス,https://xn--pckua2a7gp15o89zb.com/jb/78b01b8378fff597d257e321c17836c6,True,6時間前,2026-09-19 04:26:33,滋賀県
滋賀県近江八幡市の介護職／看護師・准看護師／特定非営利活動法人新着,特定非営利活動法人ほっとはうす,滋賀県近江八幡市の介護職／看護師・准看護師／特定非営利活動法人,"時給1,400円～1,500円",アルバイト,介護,求人ボックス,https://xn--pckua2a7gp15o89zb.com/jb/4aa20127102edf5312c0936e61748a27,True,6時間前,2026-09-19 04:26:33,滋賀県
利用者が自由に活動や食事を選べるカフェのようなデイサービスの介護職新着,株式会社style,滋賀県,"月給19万2,000円",正社員,介護,求人ボックス,https://xn--pckua2a7gp15o89zb.com/jb/c6cf9888b457aca65d999684fe25d7fa,True,11時間前,2026-09-19 04:26:34,滋賀県
デイサービスの介護職新着,有限会社東洋福祉会 デイサービスセンター水車,滋賀県,月給21万円～22万,正社員,介護,求人ボックス,https://xn--pckua2a7gp15o89zb.com/jb/7fca971d17b086f7e74378623f20d662,True,22時間前,2026-09-19 04:26:34,滋賀県
介護スタッフ・社会保険完備の職場で介護職／ヘルパー新着,介護付き有料老人ホームケアフル楠の葉,滋賀県,"月給29万1,000円",正社員,介護,求人ボックス,https://xn--pckua2a7gp15o89zb.com/jb/9ca951336e29fbb4dfa6e822c7903c01,True,6時間前,2026-09-19 04:26:34,滋賀県
デイサービス 入浴専従介護職「パート・アルバイト」／そよ風公式新着,株式会社SOYOKAZE,滋賀県,"時給1,336円～1,450円",アルバイト・パート,介護,求人ボックス,https://xn--pckua2a7gp15o89zb.com/jb/07dc53461d6c00d6f2b83bc3bb4c03c1,True,2時間前,2026-09-19 04:26:37,滋賀県
「モクモク進める梱包作業」／金属部品の梱包／軽作業中心／福利厚生充実／長期安定YH626新着,三陽工業株式会社,滋賀県,月給19万円～38万円,正社員,介護,求人ボックス,https://xn--pckua2a7gp15o89zb.com/jbn/a8dce37c5fa2c91118a660d36aa0696a,True,13時間前,2026-09-19 04:26:37,滋賀県
補助中心でOK 老人ホームのケアワーカー新着,株式会社ウィルオブ・ワーク,滋賀県,"時給1,400円",派遣社員,介護,求人ボックス,https://xn--pckua2a7gp15o89zb.com/jb/c36d54ccbc36386585efa43d720681fb,True,19時間前,2026-09-19 04:26:41,滋賀県
接客・販売スタッフ／週2日・1日5hからOK／社員割引制度／未経験OK新着,株式会社ネットワーク,滋賀県,"時給1,150円",アルバイト・パート,介護,求人ボックス,https://xn--pckua2a7gp15o89zb.com/jb/e119d0d2d992dc56b6596c59082bd66c,True,12時間前,2026-09-19 04:26:41,滋賀県
介護福祉士／車通勤OK／深夜はたらく・夜勤／産休・育休取得実績あり／シフト制／長期活躍新着,ホームケア土屋 滋賀,滋賀県,"時給1,780円～1,850円",アルバイト・パート,介護,求人ボックス,https://xn--pckua2a7gp15o89zb.com/jbn/37c6c98020f61ce280de58bc66adbe31,True,23時間前,2026-09-19 04:26:44,滋賀県
グループホームの生活支援員 未経験積極採用中 Wワーク可新着,株式会社レグザーク,滋賀県,"時給1,112円～1,390円",アルバイト・パート,介護,求人ボックス,https://xn--pckua2a7gp15o89zb.com/jb/6474406e5ecd5384ca55a05ab5811a0d,True,4時間前,2026-09-19 04:26:44,滋賀県
看護師／有料老人ホーム新着,株式会社ALKU ナーシングホーム アルク大津稲津,滋賀県,"月給31万5,000円",正社員,介護,求人ボックス,https://xn--pckua2a7gp15o89zb.com/jb/7b1f22cd9f69ca6ceb55ca3a15293334,True,6時間前,2026-09-19 04:26:44,滋賀県
フルリモート全国採用の電話占いカウンセラー／恋愛特化／20代後半から50代活躍中／経験者優遇新着,株式会社ピクシィ,滋賀県,月給10万円～50万円,,介護,求人ボックス,https://xn--pckua2a7gp15o89zb.com/jbn/76ff16a91b7f40e93ce3490453baf407,True,23時間前,2026-09-19 04:26:47,滋賀県
技術職／物流向け組込み制御基板のソフトウェア開発新着,株式会社オープンアップネクストエンジニア,滋賀県,月給35万円～55万円,正社員,介護,求人ボックス,https://xn--pckua2a7gp15o89zb.com/jb/1680f7a84b8b4cc0b239f393044e856b,True,4時間前,2026-09-19 04:26:47,滋賀県
レストラン・専門料理店新着,株式会社カネ吉ヤマモトフーズ,滋賀県,"月給22万6,000円",正社員,介護,求人ボックス,https://xn--pckua2a7gp15o89zb.com/jbn/16a53ff69d182af66808bd4fbf7b3253,True,13時間前,2026-09-19 04:26:52,滋賀県
副施設長・施設長候補・年収400万円以上も可能な介護管理職新着,アルク大津唐崎,滋賀県,"月給41万5,000円",正社員,介護,求人ボックス,https://xn--pckua2a7gp15o89zb.com/jb/34853826d8ca14f2ceef0fe324369e6d,True,6時間前,2026-09-19 04:26:56,滋賀県
社会保険完備の職場で看護師／准看護師新着,青葉メディカル 夕暮れデイセンター,滋賀県,"時給1,550円～1,700円",アルバイト・パート,介護,求人ボックス,https://xn--pckua2a7gp15o89zb.com/jb/d2ea48cebd2fbf618d2ca0e7bd261243,True,6時間前,2026-09-19 04:26:56,滋賀県
住宅建築施工管理／土日祝休み中心 年間休日110日新着,株式会社国友トータルサービス,滋賀県,月給20万円～27万円,正社員,介護,求人ボックス,https://xn--pckua2a7gp15o89zb.com/jb/32355a68af0713c977fe684205ba6f05,True,9時間前,2026-09-19 04:26:56,滋賀県
大手企業のパティシエ新着,リゾートトラスト株式会社,滋賀県,年収378万円～492万円,正社員,介護,求人ボックス,https://xn--pckua2a7gp15o89zb.com/jb/ac40b12d5f2a21b5f37ad2fd3709dcff,True,4時間前,2026-09-19 04:26:59,滋賀県
社会保険完備の職場で保育士新着,児童発達支援 ハグ・ハグ長浜南,滋賀県,月給22万円,正社員,介護,求人ボックス,https://xn--pckua2a7gp15o89zb.com/jb/5119e6bcba333f0393fed24c7e902783,True,6時間前,2026-09-19 04:27:04,滋賀県
管理者兼サービス提供責任者・介護管理職・介護福祉士歓迎新着,アルク大津雄琴,滋賀県,"月給39万7,000円",正社員,介護,求人ボックス,https://xn--pckua2a7gp15o89zb.com/jb/0148baeb774600577ce1926f31af25ea,True,6時間前,2026-09-19 04:27:04,滋賀県
「青葉病院」病院内の介護職員／資格不問&未経験OK!入職祝い金30万円支給新着,青葉病院,滋賀県,"月給25万2,500円",正社員,介護,求人ボックス,https://xn--pckua2a7gp15o89zb.com/jb/c2f3bda157b6aa3a8ac1974f3c779985,True,23時間前,2026-09-19 04:27:04,滋賀県
医療事務／スギ薬局 石山店新着,株式会社スギ薬局,滋賀県,"時給1,080円～1,180円",アルバイト・パート,医療事務,求人ボックス,https://xn--pckua2a7gp15o89zb.com/jb/04c1cd776626db77a4da552416980927,True,5時間前,2026-09-19 04:26:37,滋賀県
医療事務・受付 スタッフにもやさしい薬局に システム化で考えすぎない調...新着,ウエルシア薬局株式会社,滋賀県,"時給1,180円～1,280円",アルバイト・パート,医療事務,求人ボックス,https://xn--pckua2a7gp15o89zb.com/jb/a42a9840131252bb6db2f0134e90f15f,True,5時間前,2026-09-19 04:26:37,滋賀県
ケアミックス病院での医療事務 4週8休制!賞与あり年2回 3.7ヵ月分新着,医療事務,滋賀県,年収269万円～,,医療事務,求人ボックス,https://xn--pckua2a7gp15o89zb.com/jb/da7400aee0e10864a63766deb97ddf8f,True,14時間前,2026-09-19 04:26:38,滋賀県
医療事務募集新着,みなみ草津ファミリー歯科,滋賀県,月給20万円～22万円,正社員,医療事務,求人ボックス,https://xn--pckua2a7gp15o89zb.com/jb/35c4d12edc61770aeac64e81a57443f1,True,6時間前,2026-09-19 04:26:38,滋賀県
データ入力などの事務新着,株式会社イープラネット,滋賀県,"時給1,300円～1,625円",派遣社員,医療事務,求人ボックス,https://xn--pckua2a7gp15o89zb.com/jb/9e14774d5be9cee7d4d0115a422217e9,True,18時間前,2026-09-19 04:26:38,滋賀県
ペットショップの品出し・販売スタッフ／近江八幡店未経験歓迎／ワークライフバランス重視新着,株式会社犬の家 近江八幡店,滋賀県,"月給19万6,000円",正社員,医療事務,求人ボックス,https://xn--pckua2a7gp15o89zb.com/jbn/8128f25b108caccecfa2fd9a973f10a0,True,21時間前,2026-09-19 04:26:42,滋賀県
草津市の保育士／保育士のお仕事 固定勤務応相談可新着,グッドネクスト,滋賀県,"時給1,500円",派遣社員,医療事務,求人ボックス,https://xn--pckua2a7gp15o89zb.com/jb/ea47d8b688a92101e7d2db6266c36088,True,23時間前,2026-09-19 04:26:42,滋賀県
「未経験からAIエンジニアを目指せる!」／AIエンジニア／AIシステムの動作を確認新着,株式会社SNJAPAN,滋賀県,月給27万円～34万円,正社員,医療事務,求人ボックス,https://xn--pckua2a7gp15o89zb.com/jbn/c2541b16cfd1cb33a04a77337979d42c,True,16時間前,2026-09-19 04:26:42,滋賀県
「遊ぶ人が夢中になる仕掛けを考える」／ゲームプランナー／月収30万円以上可／未経験OK新着,株式会社Tetote,滋賀県,月給27万円～34万円,正社員,医療事務,求人ボックス,https://xn--pckua2a7gp15o89zb.com/jbn/be546f5ae1bdf15bc78ffc8a2b21b409,True,15時間前,2026-09-19 04:26:44,滋賀県
滋賀県高島市の受付・事務および診療助手／まつだ内科歯科クリニック／医療法人社団 四葉会新着,医療法人社団四葉会,滋賀県高島市の受付・事務および診療助手／まつだ内科歯科クリニック／医療法人社団,"月給18万7,408円",正社員,医療事務,求人ボックス,https://xn--pckua2a7gp15o89zb.com/jb/0f90d6bc8245ad35d4ae9a5b175107c2,True,6時間前,2026-09-19 04:26:44,滋賀県
「未経験からゲーム開発に関われる!」／ゲームテストエンジニア／ゲームの動作をチェック新着,このお仕事の特徴一般,滋賀県,月給27万円～34万円,正社員,医療事務,求人ボックス,https://xn--pckua2a7gp15o89zb.com/jbn/61ae8dcb10a55dfa02e49f3657baac28,True,16時間前,2026-09-19 04:26:44,滋賀県
「フレッシュな仲間と専門スキルを磨ける!」／AIエンジニア／未経験歓迎／研修充実／20〜30代活躍中新着,このお仕事の特徴一般,滋賀県,月給27万円～34万円,正社員,医療事務,求人ボックス,https://xn--pckua2a7gp15o89zb.com/jbn/aadf809074f3c2bcc875d6307662e3b1,True,14時間前,2026-09-19 04:26:48,滋賀県
「詳しくなくても入口に立てます」ITアドバイザー／未経験OK／研修あり／20~30代活躍中新着,このお仕事の特徴一般,滋賀県,月給27万円～34万円,正社員,医療事務,求人ボックス,https://xn--pckua2a7gp15o89zb.com/jbn/5afd7365f6cf00b388e4943aff062641,True,14時間前,2026-09-19 04:26:48,滋賀県
「すぐに働きたい方歓迎!」／ITエンジニア／スピード採用／未経験歓迎／年間休日120日以上新着,このお仕事の特徴一般,滋賀県,月給27万円～34万円,正社員,医療事務,求人ボックス,https://xn--pckua2a7gp15o89zb.com/jbn/10a5dae04fd768b7c0eda8d4bd805ce4,True,16時間前,2026-09-19 04:26:52,滋賀県
「20代から最先端技術に挑戦!」／AIエンジニア／未経験OK／長期安定／20〜30代活躍中新着,このお仕事の特徴一般,滋賀県,月給27万円～34万円,正社員,医療事務,求人ボックス,https://xn--pckua2a7gp15o89zb.com/jbn/1455ab3befe7490b984ad64b75b6bd21,True,16時間前,2026-09-19 04:26:52,滋賀県
AIエンジニア／未経験OK／資格取得支援あり／長期安定／社会保険完備新着,このお仕事の特徴一般,滋賀県,月給27万円～34万円,正社員,医療事務,求人ボックス,https://xn--pckua2a7gp15o89zb.com/jbn/4c5d1d4d27c956070a06d9d5900b652d,True,14時間前,2026-09-19 04:26:56,滋賀県
「自分らしい働き方を叶えやすい」／ゲームクリエイター／残業少なめ／福利厚生充実／長期安定新着,このお仕事の特徴一般,滋賀県,月給27万円～34万円,正社員,医療事務,求人ボックス,https://xn--pckua2a7gp15o89zb.com/jbn/5289aabfa1aaf98a582bc6cb8d517fd5,True,16時間前,2026-09-19 04:26:56,滋賀県
ITエンジニア／未経験歓迎／福利厚生充実／資格取得支援あり／社会保険完備新着,このお仕事の特徴一般,滋賀県,月給27万円～34万円,正社員,医療事務,求人ボックス,https://xn--pckua2a7gp15o89zb.com/jbn/1d1a9813894462fec22da5eec1469be8,True,16時間前,2026-09-19 04:26:56,滋賀県
「ITの専門スキルを身につけたい方歓迎」／ITエンジニア／未経験OK／資格取得支援あり新着,このお仕事の特徴一般,滋賀県,月給27万円～34万円,正社員,医療事務,求人ボックス,https://xn--pckua2a7gp15o89zb.com/jbn/7e32126c93dd955dce52f1681174bce3,True,16時間前,2026-09-19 04:26:58,滋賀県
「20代からゲームの知識を身につける!」／ゲームデバッガー／未経験歓迎／長期安定／20〜30代活躍中新着,このお仕事の特徴一般,滋賀県,月給27万円～34万円,正社員,医療事務,求人ボックス,https://xn--pckua2a7gp15o89zb.com/jbn/01d4d3cea44a597567e06ca95cc83657,True,14時間前,2026-09-19 04:26:58,滋賀県
「収入を確保して業界に入る」ゲームテスター／未経験OK／研修あり／高収入可能／安定勤務新着,このお仕事の特徴一般,滋賀県,月給27万円～34万円,正社員,医療事務,求人ボックス,https://xn--pckua2a7gp15o89zb.com/jbn/8a74a90b4bf8a2d09e663a9dd5b6ffc8,True,11時間前,2026-09-19 04:26:58,滋賀県
「応募から最短でお仕事スタート!」／人気ゲームのテストプレイ／未経験歓迎／WEB面接対応新着,このお仕事の特徴一般,滋賀県,月給27万円～34万円,正社員,医療事務,求人ボックス,https://xn--pckua2a7gp15o89zb.com/jbn/77494bb247e04f67f053583330928a10,True,16時間前,2026-09-19 04:27:02,滋賀県
「好きな分野で収入も伸ばす」ゲームクリエイター／未経験OK／研修あり／高収入可能／企画参加新着,このお仕事の特徴一般,滋賀県,月給27万円～34万円,正社員,医療事務,求人ボックス,https://xn--pckua2a7gp15o89zb.com/jbn/a0080982c5c2e2369ba2939bb55b0b66,True,10時間前,2026-09-19 04:27:02,滋賀県
「好きなゲームを動かす側に」ゲームプログラマー／未経験OK／研修あり／20~30代活躍中新着,このお仕事の特徴一般,滋賀県,月給27万円～34万円,正社員,医療事務,求人ボックス,https://xn--pckua2a7gp15o89zb.com/jbn/7a14acd337b5d53e4b64c98815a6f246,True,14時間前,2026-09-19 04:27:02,滋賀県
「男性・女性ともにAI分野へ挑戦!」／AIエンジニア／未経験歓迎／資格取得支援あり／長期安定新着,このお仕事の特徴一般,滋賀県,月給27万円～34万円,正社員,医療事務,求人ボックス,https://xn--pckua2a7gp15o89zb.com/jbn/d10b2058ce76f3a46ec6562a38673114,True,16時間前,2026-09-19 04:27:06,滋賀県
「男女ともに無理なく続く業務」アプリテスター／未経験OK／研修あり／20~30代活躍中新着,このお仕事の特徴一般,滋賀県,月給27万円～34万円,正社員,医療事務,求人ボックス,https://xn--pckua2a7gp15o89zb.com/jbn/917955eb2430b1b7c42e284a6fa4e802,True,10時間前,2026-09-19 04:27:06,滋賀県
「月収30万円を目指せる!」／アプリ開発エンジニア／未経験OK／アプリを触りながら画面の動きを確認新着,このお仕事の特徴一般,滋賀県,月給27万円～34万円,正社員,医療事務,求人ボックス,https://xn--pckua2a7gp15o89zb.com/jbn/65f45198730ac4089c60ce950ca4eb3d,True,16時間前,2026-09-19 04:27:06,滋賀県
「彦根」バルブ製品の生産管理／営業と現場をつなぐポジション／未経験歓迎新着,株式会社大和バルブ,滋賀県,"月給20万8,000円",正社員,建設,求人ボックス,https://xn--pckua2a7gp15o89zb.com/jb/72362fe051c7c022f85f7610bbe330e2,True,1時間前,2026-09-19 04:27:09,滋賀県
完全週休2日制・土日休み／年間休日120日／緑地管理の現場作業員／元請け案件9割以上で長く続けやすい新着,株式会社花芳,滋賀県,"月給19万5,000円",正社員,建設,求人ボックス,https://xn--pckua2a7gp15o89zb.com/jb/eb20e02c9e47cb32c9d01235f73fa98d,True,11時間前,2026-09-19 04:27:09,滋賀県
塗装作業員／時給1500円～×週3～OK!／副業・Wワークも歓迎／未経験OK!／現場は滋賀県南部中心新着,株式会社セシマ,滋賀県南部中心,時給1500円～,アルバイト・パート,建設,求人ボックス,https://xn--pckua2a7gp15o89zb.com/jb/6d36dd344280d448a180e834a8b97a4b,True,10時間前,2026-09-19 04:27:09,滋賀県
間仕切メーカーの 施工管理 未経験もOK 年間休日123日新着,小松ウオール工業株式会社,滋賀県,"月給23万4,600円",正社員,建設,求人ボックス,https://xn--pckua2a7gp15o89zb.com/jb/758774f8a99a6efd7982e452bd89da69,True,2時間前,2026-09-19 04:27:09,滋賀県
金属加工の機械関連職新着,株式会社メタルアート,滋賀県,年収450万円～650万円,正社員,建設,求人ボックス,https://xn--pckua2a7gp15o89zb.com/jb/f96d1689a1820980f40dd0a48d56ea9b,True,13時間前,2026-09-19 04:27:09,滋賀県
空調・衛生設備の施工管理 転勤無 再開発など大型案件新着,建設・,滋賀県,年収420万円～500万円,正社員,建設,求人ボックス,https://xn--pckua2a7gp15o89zb.com/jb/36fcf7b0983503c10f484b7b82e24076,True,14時間前,2026-09-19 04:27:09,滋賀県
法人営業／未経験入社の実績多数!問い合わせ対応からスタート／金属リサイクル事業新着,巖本金属株式会社,滋賀県,年収427万円～500万円,正社員,建設,求人ボックス,https://xn--pckua2a7gp15o89zb.com/jb/1a2c8192168e1a094f4c7c430846a48f,True,7時間前,2026-09-19 04:27:09,滋賀県
保育士新着,児童発達支援・放課後等デイサービス ハグ・ハグ彦根,滋賀県,"時給1,100円～1,200円",アルバイト・パート,保育,求人ボックス,https://xn--pckua2a7gp15o89zb.com/jb/b223041ffdd5380f580ad8573fb4a876,True,4時間前,2026-09-19 04:26:56,滋賀県
保育士新着,すくすく広場だいち,滋賀県,"時給1,300円～1,500円",アルバイト・パート,保育,求人ボックス,https://xn--pckua2a7gp15o89zb.com/jb/06954ed833f61f9573fb295703713f01,True,4時間前,2026-09-19 04:26:56,滋賀県
保育士新着,GRiP’S能登川保育園,滋賀県,"時給1,200円",アルバイト・パート,保育,求人ボックス,https://xn--pckua2a7gp15o89zb.com/jb/3f2154289268818292fb7a079ce0fa9d,True,4時間前,2026-09-19 04:26:56,滋賀県
保育士新着,青空ひだまり,滋賀県,"時給1,080円～1,600円",アルバイト・パート,保育,求人ボックス,https://xn--pckua2a7gp15o89zb.com/jb/4857760bd859184ab19926cc1a2e1073,True,4時間前,2026-09-19 04:26:56,滋賀県
保育士新着,顔戸ハイジ保育園,滋賀県,"時給1,080円～1,300円",アルバイト・パート,保育,求人ボックス,https://xn--pckua2a7gp15o89zb.com/jb/39ca17af135a27c4cc8cb91e463adfb8,True,4時間前,2026-09-19 04:26:56,滋賀県
保育士新着,児童発達支援事業所 あおい湖のこどもサポートルー...,滋賀県,"時給1,200円",アルバイト・パート,保育,求人ボックス,https://xn--pckua2a7gp15o89zb.com/jb/255b19c2a772934fe28c2e07cc4169e2,True,4時間前,2026-09-19 04:26:57,滋賀県
保育士新着,児童発達支援・放課後等デイサービス凜近江八幡,滋賀県,"時給1,080円～1,427円",アルバイト・パート,保育,求人ボックス,https://xn--pckua2a7gp15o89zb.com/jb/80fa5e7828f5bc5b47f161f7e211ca29,True,4時間前,2026-09-19 04:26:57,滋賀県
保育士新着,玉川たっち小規模保育園,滋賀県,"時給1,180円～1,440円",アルバイト・パート,保育,求人ボックス,https://xn--pckua2a7gp15o89zb.com/jb/11a4dac8c1bd76b37f57f455c6056102,True,4時間前,2026-09-19 04:26:57,滋賀県
保育士新着,放課後等デイサービス ミライク 大津唐崎教室,滋賀県,"時給1,080円～1,500円",正社員,保育,求人ボックス,https://xn--pckua2a7gp15o89zb.com/jb/4eed5281a4253ef84248ccb105f09fee,True,4時間前,2026-09-19 04:26:57,滋賀県
保育士新着,放課後等デイサービスぐっどらいふ,滋賀県,"時給1,300円～1,500円",アルバイト・パート,保育,求人ボックス,https://xn--pckua2a7gp15o89zb.com/jb/93f27869f232948c766f9cd069f55c82,True,4時間前,2026-09-19 04:26:57,滋賀県
保育士新着,近江さくら保育園,滋賀県,"時給1,200円",正社員,保育,求人ボックス,https://xn--pckua2a7gp15o89zb.com/jb/4fef04cf0792465a208babc9f2f6321d,True,4時間前,2026-09-19 04:27:01,滋賀県
保育士新着,もものお庭,滋賀県,"時給1,200円",アルバイト・パート,保育,求人ボックス,https://xn--pckua2a7gp15o89zb.com/jb/0bf03abf16fbdaf0a426c97211ca4b5d,True,4時間前,2026-09-19 04:27:01,滋賀県
保育士新着,スクルドエンジェル保育園くさつ園,滋賀県,"時給1,250円～1,500円",アルバイト・パート,保育,求人ボックス,https://xn--pckua2a7gp15o89zb.com/jb/3536b17c8ca8988f45eae82009e3792b,True,4時間前,2026-09-19 04:27:01,滋賀県
保育士新着,こっとん保育園草津,滋賀県,"時給1,300円",アルバイト・パート,保育,求人ボックス,https://xn--pckua2a7gp15o89zb.com/jb/87054c3ad197759193e649c1bb9a3317,True,4時間前,2026-09-19 04:27:01,滋賀県
保育士新着,児童発達支援事業所 あおい湖のこどもサポートルー...,滋賀県,"時給1,200円",アルバイト・パート,保育,求人ボックス,https://xn--pckua2a7gp15o89zb.com/jb/c5f314a1bc46f977232425f6a965d2b6,True,4時間前,2026-09-19 04:27:01,滋賀県
保育士新着,放課後等デイサービス凜守山,滋賀県,"時給1,080円～1,410円",正社員,保育,求人ボックス,https://xn--pckua2a7gp15o89zb.com/jb/47936427e422184276ba19f1183a4bb0,True,4時間前,2026-09-19 04:27:01,滋賀県
滋賀県高島市の保育士・幼稚園教諭／土曜保育講師／・保育補助／学校法人新着,学校法人藤波学園 藤波こども園,滋賀県高島市の保育士・幼稚園教諭／土曜保育講師／・保育補助／学校法人,"時給1,140円～1,200円",アルバイト,保育,求人ボックス,https://xn--pckua2a7gp15o89zb.com/jb/906e1f814205c7b7ba71b943a29a0a0c,True,6時間前,2026-09-19 04:27:01,滋賀県
滋賀県守山市の保育士／守山・野洲／放課後等デイサービス マザーズ新着,有限会社ハーヴェスト,滋賀県守山市の保育士／守山・野洲／放課後等デイサービス,"月給25万8,240円",正社員,保育,求人ボックス,https://xn--pckua2a7gp15o89zb.com/jb/60c9a005db3ae49b98d083b19460d7b8,True,6時間前,2026-09-19 04:27:01,滋賀県
"小規模保育園の保育士／時給1,400円～／2時間勤務／0～2歳児新着",株式会社ジッセント・シップ,滋賀県,"時給1,400円～",アルバイト・パート,保育,求人ボックス,https://xn--pckua2a7gp15o89zb.com/jb/4d09fe44a92b5afdc3038cb56d1090b2,True,11時間前,2026-09-19 04:27:04,滋賀県
保育士／私立認可保育園／滋賀短期大学附属すみれ保育園新着,学校法人純美禮学園,滋賀県,"時給1,200円～1,700円",アルバイト・パート,保育,求人ボックス,https://xn--pckua2a7gp15o89zb.com/jb/7deee74c61908754d8bbfa6beb5a3ed1,True,3時間前,2026-09-19 04:27:04,滋賀県
保育士／私立認可保育園／せんだん保育園新着,社会福祉法人せんだん二葉会,滋賀県,"月給23万2,800円",正社員,保育,求人ボックス,https://xn--pckua2a7gp15o89zb.com/jb/5fbf433adaabbb2a7174f348e184459c,True,3時間前,2026-09-19 04:27:04,滋賀県
保育士／企業内保育園・企業主導型／事業所内保育所プロペラ 滋賀県湖南市...新着,タスクフォース・グループ,滋賀県湖南市...,"時給1,120円～1,450円",アルバイト・パート,保育,求人ボックス,https://xn--pckua2a7gp15o89zb.com/jb/5b49534aef7984ddb97edb4e957802da,True,18時間前,2026-09-19 04:27:04,滋賀県
保育士／私立認可保育園／レイモンド大津保育園新着,社会福祉法人檸檬会,滋賀県,"時給1,220円",アルバイト・パート,保育,求人ボックス,https://xn--pckua2a7gp15o89zb.com/jb/2ebb355f0374c10e2a5c929e92982ddf,True,3時間前,2026-09-19 04:27:04,滋賀県
保育士／高額求人／未経験大歓迎 子どもの主体性を大切にしながら新着,かがやきくじら保育園,滋賀県,月給23万円～28万円,正社員,保育,求人ボックス,https://xn--pckua2a7gp15o89zb.com/jb/507129d3a7153313db258bb25ce52fab,True,22時間前,2026-09-19 04:27:08,滋賀県
事務 正社員／未経験大歓迎／土日祝休み／年間休日125日／20代女性活躍中／おしゃれOK新着,マンパワーグループ株式会社,滋賀県,"月給19万1,000円",正社員,保育,求人ボックス,https://xn--pckua2a7gp15o89zb.com/jbn/1cb5bcb8e83b19b0ee5f2d827bb75763,True,19時間前,2026-09-19 04:27:08,滋賀県
保育教諭／2027年4月開始 14時や15時からの夕方勤務 週3日～新着,ベルサンテ株式会社,滋賀県,"時給1,250円～",派遣社員,保育,求人ボックス,https://xn--pckua2a7gp15o89zb.com/jb/b1610253708e80213a58ba74b14ee883,True,18時間前,2026-09-19 04:27:08,滋賀県
放課後デイ等新着,児童育成クラブスポキッズ玉川,滋賀県,"時給1,140円～1,280円",アルバイト・パート,保育,求人ボックス,https://xn--pckua2a7gp15o89zb.com/jb/0510c2276976105ac2789e0e39eae2a5,True,4時間前,2026-09-19 04:27:08,滋賀県
放課後デイ等新着,児童育成クラブスポキッズ老上第二,滋賀県,"時給1,140円～1,280円",アルバイト・パート,保育,求人ボックス,https://xn--pckua2a7gp15o89zb.com/jb/a45ee9d1a89e5538e9d6c5c629ab2ec0,True,4時間前,2026-09-19 04:27:08,滋賀県
美容師／土日休みもOK!家庭と両立しやすい柔軟シフト新着,LOOP,滋賀県,"時給1,200円～",アルバイト・パート,美容,求人ボックス,https://xn--pckua2a7gp15o89zb.com/jb/69ec51708591c26b7ba26dd59593a887,True,4時間前,2026-09-19 04:27:08,滋賀県
ヘアカラー美容師スタイリスト新着,アイビ株式会社,滋賀県,"時給1,215円～3,000円",アルバイト・パート,美容,求人ボックス,https://xn--pckua2a7gp15o89zb.com/jb/a6e8736afd242c5a5d89ba947f3c8983,True,6時間前,2026-09-19 04:27:08,滋賀県
滋賀県長浜市の美容師新着,株式会社TAO,滋賀県長浜市の美容師,"月給19万1,000円",正社員,美容,求人ボックス,https://xn--pckua2a7gp15o89zb.com/jb/ea5322b6fdae0a5ea88ee2c5d4a009bd,True,6時間前,2026-09-19 04:27:09,滋賀県
草津市エリアでお仕事したいあなたに! クリニック受付／未経験OK・賞与2回・美容施術割引有新着,株式会社ディンプル,滋賀県,月給21万円～25万円,正社員,美容,求人ボックス,https://xn--pckua2a7gp15o89zb.com/jb/66dd0fc81acc93ce8ae690b52a98e87c,True,10時間前,2026-09-19 04:27:09,滋賀県
一般事務STAFF／滋賀営業所／学歴、経験不問／基本的なPC作業ができ...新着,協同運輸株式会社,滋賀県,"月給19万3,120円",正社員,事務,求人ボックス,https://xn--pckua2a7gp15o89zb.com/jb/380378e40fc12e45831211f990fd3e00,True,5時間前,2026-09-19 04:27:10,滋賀県
保険代理店の一般事務／年休127日×土日祝休み／ブランクOK新着,株式会社ほけん屋mydo,滋賀県,月給20万円,正社員,事務,求人ボックス,https://xn--pckua2a7gp15o89zb.com/jb/7240f135b8dc96de9160b2e2c1e0aefb,True,10時間前,2026-09-19 04:27:10,滋賀県
「座って事務デビュー!」／一般事務／週休2日制／正社員採用／交通費支給新着,一般事務,滋賀県,"月給25万4,000円",正社員,事務,求人ボックス,https://xn--pckua2a7gp15o89zb.com/jbn/2613c0f1c5fbf58bd901ce800625cceb,True,12時間前,2026-09-19 04:27:10,滋賀県
一般事務／未経験歓迎!20代・30代活躍中／簡単な入力／電話対応新着,株式会社長栄,滋賀県,月給19万円～,正社員,事務,求人ボックス,https://xn--pckua2a7gp15o89zb.com/jb/3d1e831b7447e32d43599d9cf9ffd78c,True,8時間前,2026-09-19 04:27:11,滋賀県
一般事務スタッフ新着,株式会社エネアーク関西,滋賀県,"時給1,200円～1,400円",アルバイト・パート,事務,求人ボックス,https://xn--pckua2a7gp15o89zb.com/jb/b7356ca4dcfa1649cdd84e1ce6b03c6e,True,18時間前,2026-09-19 04:27:11,滋賀県
アルマイト加工メーカーの一般事務新着,株式会社日本電気化学工業所,滋賀県,月給19万円～,正社員,事務,求人ボックス,https://xn--pckua2a7gp15o89zb.com/jb/dee7f58437fcaa959c6b177b607f662a,True,12時間前,2026-09-19 04:27:11,滋賀県
「残業少なめの働き方へ。事務職で再スタート。」一般事務／正社員募集新着,一般事務,滋賀県,"月給27万3,000円",正社員,事務,求人ボックス,https://xn--pckua2a7gp15o89zb.com/jbn/a673dff4f6817ba244b1bf365c80fca4,True,14時間前,2026-09-19 04:27:15,滋賀県
未経験OKの事務職のお仕事! 未経験OK!大手企業の一般事務職新着,株式会社ディンプル,滋賀県,"月給17万6,000円",正社員,事務,求人ボックス,https://xn--pckua2a7gp15o89zb.com/jb/9160924a782eb37693f5cf40bdd48c74,True,10時間前,2026-09-19 04:27:15,滋賀県
未経験からオフィスデビュー／一般事務／長く安定して働ける／No.876新着,一般事務,滋賀県,"月給27万3,000円",正社員,事務,求人ボックス,https://xn--pckua2a7gp15o89zb.com/jbn/a0fca7843904c26079fe98ecb790e58c,True,9時間前,2026-09-19 04:27:18,滋賀県
コツコツ派に人気／一般事務／オフィスワーク／未経験歓迎新着,一般事務,滋賀県,"月給27万4,000円",正社員,事務,求人ボックス,https://xn--pckua2a7gp15o89zb.com/jbn/99058132b904b7d6b4752d2de223fd04,True,14時間前,2026-09-19 04:27:18,滋賀県
時給1300円／9:00～17:00 一般事務 大津駅スグ 即日新着,一般事務・,滋賀県,時給1300円,派遣社員,事務,求人ボックス,https://xn--pckua2a7gp15o89zb.com/jb/ca4e6cdd81a1e918f1be0faf3d399e0f,True,12時間前,2026-09-19 04:27:18,滋賀県
滋賀県大津市の一般事務1種／休業代替／母子保健課新着,大津市こども未来部こども総合支援局 母子保健課,滋賀県大津市の一般事務1種／休業代替／母子保健課,"時給1,299円～1,371円",アルバイト,事務,求人ボックス,https://xn--pckua2a7gp15o89zb.com/jb/337c95fe3745399fc2617ed504d671c1,True,6時間前,2026-09-19 04:27:21,滋賀県
滋賀県栗東市の一般事務・経理新着,リベル設備株式会社,滋賀県栗東市の一般事務・経理,"時給1,200円～1,300円",アルバイト,事務,求人ボックス,https://xn--pckua2a7gp15o89zb.com/jb/28a5865f0abd7e1ceed0e9ecdeb6d0aa,True,6時間前,2026-09-19 04:27:21,滋賀県
一般事務新着,しみず運送株式会社,滋賀県,"月給20万2,000円",正社員,事務,求人ボックス,https://xn--pckua2a7gp15o89zb.com/jb/1de87503b470ce971d812d6fb22d3bc1,True,22時間前,2026-09-19 04:27:24,滋賀県
一般事務／公共製品の事務／20代～30代活躍中／日勤新着,株式会社コンシェルテック,滋賀県,"時給1,200円～",派遣社員,事務,求人ボックス,https://xn--pckua2a7gp15o89zb.com/jb/de2cb5dea1a20e3045b4bfa6852ca179,True,18時間前,2026-09-19 04:27:24,滋賀県
滋賀県栗東市の一般事務／一般職／株式会社 オフィスコーポレーション新着,株式会社オフィスコーポレーション,滋賀県栗東市の一般事務／一般職／株式会社,"月給21万8,200円",正社員,事務,求人ボックス,https://xn--pckua2a7gp15o89zb.com/jb/cc689d14d7bdb0929fd343397a0cc65d,True,6時間前,2026-09-19 04:27:24,滋賀県
滋賀県蒲生郡日野町の一般事務・営業補助／株式会社 ヒロセ新着,株式会社ヒロセ,滋賀県蒲生郡日野町の一般事務・営業補助／株式会社,月給18万円～21万円,正社員,事務,求人ボックス,https://xn--pckua2a7gp15o89zb.com/jb/f0502bc390b8974c77d18b9b8bc0318e,True,6時間前,2026-09-19 04:27:28,滋賀県
滋賀県湖南市の一般事務／株式会社 アオイ新着,株式会社アオイ,滋賀県湖南市の一般事務／株式会社,"月給21万3,000円",正社員,事務,求人ボックス,https://xn--pckua2a7gp15o89zb.com/jb/2c814e6cf69855412e0d67746e5f74be,True,6時間前,2026-09-19 04:27:28,滋賀県
滋賀県大津市の一般事務・営業事務・庶務・作業補助新着,関西オートメ機器株式会社,滋賀県大津市の一般事務・営業事務・庶務・作業補助,"月給19万5,000円",正社員,事務,求人ボックス,https://xn--pckua2a7gp15o89zb.com/jb/484457c7fc7269df0aa7d93bec484464,True,6時間前,2026-09-19 04:27:28,滋賀県
営業事務+ 一般事務新着,株式会社リクルートスタッフィング,滋賀県,"時給1,450円～",派遣社員,事務,求人ボックス,https://xn--pckua2a7gp15o89zb.com/jb/753d498e9ad96a262b22e65cec525ae5,True,19時間前,2026-09-19 04:27:28,滋賀県
滋賀県東近江市の一般事務／短時間パート新着,西濃運輸 株式会社 東近江物流センター,滋賀県東近江市の一般事務／短時間パート,"時給1,080円",アルバイト,事務,求人ボックス,https://xn--pckua2a7gp15o89zb.com/jb/4fefc23578e50993951dcef2d355ac17,True,6時間前,2026-09-19 04:27:28,滋賀県
土日祝お休み 建築業界 ノビノビ 一般事務新着,マンパワーグループ株式会社,滋賀県,"時給1,450円",派遣社員,事務,求人ボックス,https://xn--pckua2a7gp15o89zb.com/jb/d71b1e26cdf96b46fabb0fcb22ece5f2,True,7時間前,2026-09-19 04:27:31,滋賀県
滋賀県大津市の保険代理店の一般事務／土日祝休み・扶養内可大津支店新着,株式会社エイエムエス,滋賀県大津市の保険代理店の一般事務／土日祝休み・扶養内可大津支店,"時給1,200円～1,300円",アルバイト,事務,求人ボックス,https://xn--pckua2a7gp15o89zb.com/jb/490e950832ea18ac817736e3b91a944a,True,6時間前,2026-09-19 04:27:31,滋賀県
一般事務・OA事務 ／ データエントリー業務／9時17時かんたん事務新着,パーソルテンプスタッフ株式会社,滋賀県,"時給1,350円",派遣社員,事務,求人ボックス,https://xn--pckua2a7gp15o89zb.com/jb/0f02292e81c4c84973bf5f6f1fd2d5bc,True,22時間前,2026-09-19 04:27:38,滋賀県
オフィスワーク・事務 一般事務新着,佐川急便株式会社,滋賀県,"時給1,182円",アルバイト・パート,事務,求人ボックス,https://xn--pckua2a7gp15o89zb.com/jb/2cbd100d8fd872b0efc100f43eaf74a8,True,18時間前,2026-09-19 04:27:38,滋賀県
「まだ間に合う!」未経験からできる一般事務／研修充実／寮・社宅新着,株式会社Light BROTHERS,滋賀県,月給25万円～40万円,正社員,事務,求人ボックス,https://xn--pckua2a7gp15o89zb.com/jb/472a5e4561b64a289cd7070003d8e783,True,19時間前,2026-09-19 04:27:38,滋賀県
経理事務／経験者優遇／年休126日～／週休2日制／残業ほぼなし新着,アパマンショップ,滋賀県,月給21万円～,正社員,経理,求人ボックス,https://xn--pckua2a7gp15o89zb.com/jb/6ad41dc1aaa85843e72c56b286a285dc,True,5時間前,2026-09-19 04:27:11,滋賀県
経理事務スタッフ／未経験歓迎／土日祝休み／税理士事務所で会計新着,経理,滋賀県,"時給1,100円～",アルバイト・パート,経理,求人ボックス,https://xn--pckua2a7gp15o89zb.com/jb/1747a9d5cea8073d6847d97208d1a55c,True,11時間前,2026-09-19 04:27:11,滋賀県
滋賀県蒲生郡竜王町の経理事務／エイエフティー 株式会社新着,エイエフティー株式会社,滋賀県蒲生郡竜王町の経理事務／エイエフティー,"月給19万2,100円",正社員,経理,求人ボックス,https://xn--pckua2a7gp15o89zb.com/jb/f7c4867bb481a022bf0c66c2c371f6fd,True,6時間前,2026-09-19 04:27:11,滋賀県
機器商社／経理事務スタッフ新着,株式会社アソウ・ヒューマニーセンター,滋賀県,"時給1,500円",派遣社員,経理,求人ボックス,https://xn--pckua2a7gp15o89zb.com/jb/81e0e435a9a32962c3a9ef54e41deb97,True,44分前,2026-09-19 04:27:15,滋賀県
経理事務／会計ソフト入力など 業界未経験OK新着,株式会社スタッフサービス,滋賀県,"時給1,500円～1,550円",派遣社員,経理,求人ボックス,https://xn--pckua2a7gp15o89zb.com/jb/b92ac1f8ffa5373d186052315c5ea503,True,17時間前,2026-09-19 04:27:15,滋賀県
経理・財務 ／ 一般事務・OA事務／車OK!経理 「資金管理」や「決算...新着,パーソルテンプスタッフ株式会社,滋賀県,"時給1,450円～1,500円",派遣社員,経理,求人ボックス,https://xn--pckua2a7gp15o89zb.com/jb/87526fd7006508459c5e153b02a8d4c0,True,14時間前,2026-09-19 04:27:15,滋賀県
数字や日付を入力するシンプル作業が中心!未経験から始める経理サポートの...新着,事務,滋賀県,"月給25万3,000円",正社員,経理,求人ボックス,https://xn--pckua2a7gp15o89zb.com/jbn/a33ed00da63a6acec6f038433b8b08aa,True,10時間前,2026-09-19 04:27:15,滋賀県
経理事務·受付新着,スチライト工業株式会社,滋賀県,月給19万円～25万円,正社員,経理,求人ボックス,https://xn--pckua2a7gp15o89zb.com/jb/2f38383b637bc58decf2d6e2826518a8,True,22時間前,2026-09-19 04:27:18,滋賀県
大津市エリアでお仕事したいあなたに!事務スタッフ! 未経験からはじめる事務スタッフ新着,株式会社ディンプル,滋賀県,"月給19万1,000円",正社員,経理,求人ボックス,https://xn--pckua2a7gp15o89zb.com/jb/7099f5c9f8658641f39dc64cc45f9107,True,10時間前,2026-09-19 04:27:18,滋賀県
「コードを覚えながら実務へ」／ゲームプログラマー／月収30万円以上可／未経験歓迎／育成環境あり新着,株式会社Tetote,滋賀県,月給27万円～34万円,正社員,経理,求人ボックス,https://xn--pckua2a7gp15o89zb.com/jbn/ee2dd784dd2a5db73950eca969a5c306,True,15時間前,2026-09-19 04:27:18,滋賀県
「じっくり確かめる作業が得意な方へ」／ゲームテスター／月収30万円以上可／未経験OK新着,株式会社SNJAPAN,滋賀県,月給27万円～34万円,正社員,経理,求人ボックス,https://xn--pckua2a7gp15o89zb.com/jbn/557c68a124c12281c4b1490b92107f8a,True,15時間前,2026-09-19 04:27:21,滋賀県
「コードを学びながら実務デビュー」／ゲームプログラマー／月収30万円以上可／未経験歓迎／育成環境あり新着,このお仕事の特徴一般,滋賀県,月給27万円～34万円,正社員,経理,求人ボックス,https://xn--pckua2a7gp15o89zb.com/jbn/4b8d09b8b5c3870453b8943cd7c9444b,True,14時間前,2026-09-19 04:27:21,滋賀県
「ゲーム制作に関わる第一歩」／ゲームプログラマー／月収30万円以上可／未経験OK／20〜30代活躍中新着,このお仕事の特徴一般,滋賀県,月給27万円～34万円,正社員,経理,求人ボックス,https://xn--pckua2a7gp15o89zb.com/jbn/d040ee1e57f9437848a7616092d6474f,True,14時間前,2026-09-19 04:27:24,滋賀県
「コツコツ確認するのが得意な方へ」／ゲームテスター／月収30万円以上可／未経験OK新着,このお仕事の特徴一般,滋賀県,月給27万円～34万円,正社員,経理,求人ボックス,https://xn--pckua2a7gp15o89zb.com/jbn/5abe00048b803bd656900f4dc00d22df,True,14時間前,2026-09-19 04:27:24,滋賀県
応募者対応や日程調整など簡単作業が中心!未経験から挑戦しやすい採用サポート事務のお仕事新着,経理,滋賀県,"月給26万7,000円",正社員,経理,求人ボックス,https://xn--pckua2a7gp15o89zb.com/jbn/7392264ab9069b22758bcf53936c5725,True,10時間前,2026-09-19 04:27:24,滋賀県
ゲームテスター／残業少なめ／土日祝休み／年間休日120日以上／未経験歓迎新着,このお仕事の特徴一般,滋賀県,月給27万円～34万円,正社員,経理,求人ボックス,https://xn--pckua2a7gp15o89zb.com/jbn/0ab7a3f69b37bf03ecfb5b0d9c6007cf,True,14時間前,2026-09-19 04:27:24,滋賀県
車通勤OK／残業ナシ 大手Grで経理新着,経理・,滋賀県,"時給1,400円",派遣社員,経理,求人ボックス,https://xn--pckua2a7gp15o89zb.com/jb/271155cf496b7b2581f2d37801aea252,True,12時間前,2026-09-19 04:27:24,滋賀県
財務経理スタッフ新着,株式会社ナショナルメンテナンス,滋賀県,"時給1,150円～1,250円",,経理,求人ボックス,https://xn--pckua2a7gp15o89zb.com/jb/7693206c0ad0575498b0713774c75ed0,True,4時間前,2026-09-19 04:27:26,滋賀県
「サポート職で月収30万円以上」ITアドバイザー／未経験OK／研修あり／高収入可能／安定企業新着,このお仕事の特徴一般,滋賀県,月給27万円～34万円,正社員,経理,求人ボックス,https://xn--pckua2a7gp15o89zb.com/jbn/ad3dc08d8a9fe1f5046d2aa1a0ff20f9,True,14時間前,2026-09-19 04:27:34,滋賀県
「趣味トークで盛り上がる毎日を仕事に」／ゲームテスター／月収30万円以上可／未経験OK新着,このお仕事の特徴一般,滋賀県,月給27万円～34万円,正社員,経理,求人ボックス,https://xn--pckua2a7gp15o89zb.com/jbn/adf95fcabc7e64ec57627d926cf0a112,True,14時間前,2026-09-19 04:27:37,滋賀県
「看護師・准看護師／パート」週2日～で日数・曜日は相談OK!新着,青葉メディカル 夕暮れデイセンター,滋賀県,"時給1,700円",アルバイト・パート,看護,求人ボックス,https://xn--pckua2a7gp15o89zb.com/jb/4a9e1480dadc796a70fdee844b5986ae,True,23時間前,2026-09-19 04:27:15,滋賀県
"訪問看護師さん募集 週2日～・1日2時間からOK!時給1,900円～2...新着",いろは訪問ナースステーション,滋賀県,"時給1,900円～2",アルバイト・パート,看護,求人ボックス,https://xn--pckua2a7gp15o89zb.com/jb/e0b9231175e814c56c8a21d4606437b3,True,23時間前,2026-09-19 04:27:15,滋賀県
草津市の看護師／特別養護老人ホームで看護のお仕事 正准不問／日勤のみ新着,グッドネクスト,滋賀県,"時給2,200円",派遣社員,看護,求人ボックス,https://xn--pckua2a7gp15o89zb.com/jb/91de93c40e96d136c063bffa95dd6ec4,True,23時間前,2026-09-19 04:27:15,滋賀県
"デイサービス看護スタッフ／時給1,520円～1,700円／週2日～OK／正看護師・准看護師募集新着",株式会社style,滋賀県,"時給1,520円～1,700円",アルバイト・パート,看護,求人ボックス,https://xn--pckua2a7gp15o89zb.com/jb/7e0359fe43a35085a6483083809dc08b,True,9時間前,2026-09-19 04:27:15,滋賀県
"デイサービス看護師／日勤のみ／週2日～OK／時給1,450円～新着",有限会社あすかケアサービス,滋賀県,"時給1,450円～",アルバイト・パート,看護,求人ボックス,https://xn--pckua2a7gp15o89zb.com/jb/cfe102d71de240747c9f049547db5820,True,8時間前,2026-09-19 04:27:15,滋賀県
滋賀県栗東市の看護師新着,医療法人慈仁会 湖南サポートクリニック,滋賀県栗東市の看護師,月給27万円～32万円,正社員,看護,求人ボックス,https://xn--pckua2a7gp15o89zb.com/jb/99e7218db9b6fba0f8062a9d00878da2,True,6時間前,2026-09-19 04:27:15,滋賀県
看護師／訪問看護／徒歩5分／賞与はうれしい5ヶ月分 前年度実績新着,サテライト蒲生,滋賀県,"月給24万1,400円",正社員,看護,求人ボックス,https://xn--pckua2a7gp15o89zb.com/jb/885dc9bf3c26a857011e47f48c801957,True,17時間前,2026-09-19 04:27:15,滋賀県
滋賀県守山市の看護師／株式会社 まごころ新着,株式会社まごころ,滋賀県守山市の看護師／株式会社,"時給1,640円～1,700円",アルバイト,看護,求人ボックス,https://xn--pckua2a7gp15o89zb.com/jb/8175849f36b594fd6b7d3988bad528df,True,6時間前,2026-09-19 04:27:15,滋賀県
滋賀県草津市の看護師新着,訪問看護ハートケアしが,滋賀県草津市の看護師,月給25万円～28万円,正社員,看護,求人ボックス,https://xn--pckua2a7gp15o89zb.com/jb/f61b41495eab0cdaa6531b073c27e464,True,6時間前,2026-09-19 04:27:15,滋賀県
滋賀県大津市の助産師・保健師・看護師／休業代替／母子保健課新着,大津市こども未来部こども総合支援局 母子保健課,滋賀県大津市の助産師・保健師・看護師／休業代替／母子保健課,"時給1,690円～1,843円",アルバイト,看護,求人ボックス,https://xn--pckua2a7gp15o89zb.com/jb/50761f72ab3018d48fce8f48a0ad9016,True,6時間前,2026-09-19 04:27:15,滋賀県
看護師／デイサービス／週2日～週5日でご相談 看護師、看護職員新着,甲賀荘デイサービスセンター,滋賀県,"時給1,635円～1,695円",アルバイト・パート,看護,求人ボックス,https://xn--pckua2a7gp15o89zb.com/jb/2f4d36953ec9b922c26be544e7bd9ccb,True,17時間前,2026-09-19 04:27:19,滋賀県
看護師／小規模多機能／週2日～週5日でご相談 看護師、看護職員新着,総規模多機能ホーム あかり,滋賀県,"時給1,635円～1,695円",アルバイト・パート,看護,求人ボックス,https://xn--pckua2a7gp15o89zb.com/jb/ed54495089e3e7d336985972d7dd31a1,True,17時間前,2026-09-19 04:27:19,滋賀県
看護師／特別養護老人ホーム／働きやすい職場を目指しています! 看護師新着,特別養護老人ホーム 甲賀荘,滋賀県,"月給22万3,600円",正社員,看護,求人ボックス,https://xn--pckua2a7gp15o89zb.com/jb/eeda7181391f72f99a04090115707b3b,True,17時間前,2026-09-19 04:27:19,滋賀県
看護師／訪問看護／賞与はうれしい4ヶ月分 前年度実績／17時00分まで新着,医療法人芙蓉会 ケアタウン南草津,滋賀県,"月給22万1,200円",正社員,看護,求人ボックス,https://xn--pckua2a7gp15o89zb.com/jb/8a57b1bc5ffc0232d9acc07b84043f28,True,17時間前,2026-09-19 04:27:19,滋賀県
訪問看護師 アルク大津稲津新着,株式会社ALKU 訪問看護ステーションフレンドリ...,滋賀県,"月給36万7,000円",正社員,看護,求人ボックス,https://xn--pckua2a7gp15o89zb.com/jb/4b028722918ee263f32b6e6fe12e3680,True,7時間前,2026-09-19 04:27:19,滋賀県
介護助手／医療法人／製薬・医療／日勤のみ／資格不要／資格不要新着,株式会社ウィルオブ・ワーク,滋賀県,"時給1,400円",派遣社員,看護,求人ボックス,https://xn--pckua2a7gp15o89zb.com/jb/c8a2c78015e5ce930748b78db0bc7334,True,20時間前,2026-09-19 04:27:23,滋賀県
彦根市エリアでお仕事したいなら! エミナルクリニックの受付／未経験OK!月25万円新着,株式会社ディンプル,滋賀県,月給25万円,正社員,看護,求人ボックス,https://xn--pckua2a7gp15o89zb.com/jb/2fd09ac266447bf1c532f2c6768eb325,True,10時間前,2026-09-19 04:27:23,滋賀県
滋賀県草津市のグループホーム／日勤看護業務新着,重症心身障がい者グループホームOASISGARD...,滋賀県草津市のグループホーム／日勤看護業務,"月給22万5,000円",正社員,看護,求人ボックス,https://xn--pckua2a7gp15o89zb.com/jb/19112c9135671d0322ab35e6670fd862,True,6時間前,2026-09-19 04:27:23,滋賀県
フルリモート全国採用の電話占いカウンセラー／人気占いサイト／20代後半から50代活躍中／経験者優遇新着,株式会社スピカ,滋賀県,月給10万円～50万円,,看護,求人ボックス,https://xn--pckua2a7gp15o89zb.com/jbn/94f74904987f5a5c9c4d23c3335768db,True,23時間前,2026-09-19 04:27:23,滋賀県
滋賀県野洲市の看護業務／介護老人保健施設 野洲すみれ苑／医療法人社団 菫会新着,医療法人社団菫会,滋賀県野洲市の看護業務／介護老人保健施設,"月給22万4,000円",正社員,看護,求人ボックス,https://xn--pckua2a7gp15o89zb.com/jb/2a532486bb055d702268e3b2aab681e7,True,6時間前,2026-09-19 04:27:26,滋賀県
滋賀県蒲生郡日野町の看護職員／いずみ介護サービス ひふみ／株式会社 泉倉庫新着,株式会社泉倉庫,滋賀県蒲生郡日野町の看護職員／いずみ介護サービス,"時給1,400円～1,530円",アルバイト,看護,求人ボックス,https://xn--pckua2a7gp15o89zb.com/jb/68393f912636643c7bad2d4cb903e597,True,6時間前,2026-09-19 04:27:26,滋賀県
滋賀県長浜市の看護職員／パート職員・やまなみデイサービス／社会福祉法人 大樹会新着,社会福祉法人大樹会,滋賀県長浜市の看護職員／パート職員・やまなみデイサービス／社会福祉法人,"時給1,280円～1,575円",アルバイト,看護,求人ボックス,https://xn--pckua2a7gp15o89zb.com/jb/59a0cc4b14fc059146bc53d7591abec9,True,6時間前,2026-09-19 04:27:26,滋賀県
滋賀県高島市の会計年度任用職員／看護新着,看護師,滋賀県高島市の会計年度任用職員／看護,"時給1,464円～1,911円",アルバイト,看護,求人ボックス,https://xn--pckua2a7gp15o89zb.com/jb/ed7487c67328bebe748feca97176cd32,True,6時間前,2026-09-19 04:27:26,滋賀県
滋賀県草津市の生活支援員／未経験OK／週2可／研修充実／駅チカ／ネクストフィールド新着,フィールドデザイン合同会社,滋賀県草津市の生活支援員／未経験OK／週2可／研修充実／駅チカ／ネクストフィールド,"時給1,150円～1,800円",アルバイト,看護,求人ボックス,https://xn--pckua2a7gp15o89zb.com/jb/5f953d80731a2e1587cb9e33d8a7e05a,True,6時間前,2026-09-19 04:27:26,滋賀県
グループホームの世話人夜勤新着,ソーシャルインクルー株式会社,滋賀県,"日給1万6,388円",アルバイト・パート,看護,求人ボックス,https://xn--pckua2a7gp15o89zb.com/jb/8d97b7e7a308e164d598213201746baf,True,13時間前,2026-09-19 04:27:26,滋賀県
滋賀県守山市のケアワーカー／医療法人 小西醫院新着,医療法人小西醫院,滋賀県守山市のケアワーカー／医療法人,"時給1,200円～1,300円",アルバイト,看護,求人ボックス,https://xn--pckua2a7gp15o89zb.com/jb/bba83b9fb4669127a3574f820770e5b0,True,6時間前,2026-09-19 04:27:29,滋賀県
臨床工学技士／一般病院／賞与はうれしい5ヶ月分 前年度実績／17時00分まで／でプライベートも充実新着,医療法人社団昴会 湖東記念病院,滋賀県,月給21万900円,正社員,看護,求人ボックス,https://xn--pckua2a7gp15o89zb.com/jb/42e470504540f14f48b5dbc4646f1f5f,True,17時間前,2026-09-19 04:27:29,滋賀県
若手活躍中! 総合職 運用管理・教務事務 賞与4ヶ月分新着,ワールドビジネスセンター株式会社,滋賀県,月給25万円～,正社員,看護,求人ボックス,https://xn--pckua2a7gp15o89zb.com/jb/45d66c8d1c5e50eb4cd3edeed0a4397b,True,2時間前,2026-09-19 04:27:29,滋賀県
介護付きホームの看護スタッフ 日勤新着,ミモザ湘南平塚,滋賀県,"月給35万2,960円",正社員,看護,求人ボックス,https://xn--pckua2a7gp15o89zb.com/jb/29dd8bb04999560d3de628a6a7f73b43,True,4時間前,2026-09-19 04:27:29,滋賀県
定員19名の小規模認可保育園にて看護師新着,看護師,滋賀県,年収310万円～,正社員,看護,求人ボックス,https://xn--pckua2a7gp15o89zb.com/jb/b53efcad17a881a0d4358a2e2216b641,True,22時間前,2026-09-19 04:27:32,滋賀県
駅チカ 定員19名の小規模認可保育園にて看護師新着,看護師,滋賀県,"月給28万9,000円",正社員,看護,求人ボックス,https://xn--pckua2a7gp15o89zb.com/jb/0863eee4bae9e100fdad4bc663b1a794,True,22時間前,2026-09-19 04:27:32,滋賀県
住宅型有料老人ホームでの看護業務／看護師／働きやすい環境／資格必須新着,有限会社クオリティーサービス アプリシェイト山科,滋賀県,月給39万円～45万円,正社員,看護,求人ボックス,https://xn--pckua2a7gp15o89zb.com/jbn/57eb5035f80dbf6fb1b96a25a3831312,True,22時間前,2026-09-19 04:27:32,滋賀県
看護師新着,株式会社PrimaS,滋賀県,"時給1,500円～",アルバイト・パート,看護,求人ボックス,https://xn--pckua2a7gp15o89zb.com/jb/c4608f64d0a06bb76c67393d16d8f643,True,17時間前,2026-09-19 04:27:32,滋賀県
高給与 大手法人が母体の特別養護老人ホームです／常勤／准看護師新着,社会福祉法人よつば会,滋賀県,"月給22万5,000円",正社員,看護,求人ボックス,https://xn--pckua2a7gp15o89zb.com/jb/ebc68982bc5cfa3d1f51dd65685429de,True,17時間前,2026-09-19 04:27:32,滋賀県
正看護師／訪問看護ステーション デューン草津新着,株式会社N・フィールド,滋賀県,月給24万円～30万,,看護,求人ボックス,https://xn--pckua2a7gp15o89zb.com/jb/0a501784fafc706746e9e18201ecc9ff,True,22時間前,2026-09-19 04:27:32,滋賀県
正看護師／一般病棟新着,看護,滋賀県,月給40万円,,看護,求人ボックス,https://xn--pckua2a7gp15o89zb.com/jb/a283a7c19d0a7e3ff5e322f96cb7ad79,True,8時間前,2026-09-19 04:27:32,滋賀県
正・准看護師／保育園・幼稚園新着,看護師,滋賀県,"時給1,700円",アルバイト・パート,看護,求人ボックス,https://xn--pckua2a7gp15o89zb.com/jb/c21e00a570b915f0e13162d974358b73,True,9時間前,2026-09-19 04:27:32,滋賀県
看護師、普通自動車免許一種／営業未経験OK!医療・介護現場を支える提案...新着,ユニ・チャーム株式会社,滋賀県,"月給24万7,000円",正社員,看護,求人ボックス,https://xn--pckua2a7gp15o89zb.com/jb/16a3433f4dafb8563d8f4ae17d81609e,True,16時間前,2026-09-19 04:27:37,滋賀県
看護業務／病棟／一般／回リハ／障がい者／療養新着,株式会社スーパーナース,滋賀県,"時給2,200円～",派遣社員,看護,求人ボックス,https://xn--pckua2a7gp15o89zb.com/jbn/b954473a1683a90093e04300142a0c61,True,21時間前,2026-09-19 04:27:37,滋賀県
看護業務／有料老人ホーム／ナーシングホーム／2交替／短期／高時給新着,看護師,滋賀県,"時給2,100円～",,看護,求人ボックス,https://xn--pckua2a7gp15o89zb.com/jbn/ed862ce13dad7e26ac36d30c486241c6,True,21時間前,2026-09-19 04:27:37,滋賀県
看護業務／介護老人保健施設／駅近／夜勤のみ新着,看護師,滋賀県,"日給2万9,100円",アルバイト・パート,看護,求人ボックス,https://xn--pckua2a7gp15o89zb.com/jbn/103169bc19731d103daa3d30cd6933ca,True,21時間前,2026-09-19 04:27:37,滋賀県
看護業務／特別養護老人ホーム／日勤のみ／短期新着,看護師,滋賀県,"時給2,000円～",,看護,求人ボックス,https://xn--pckua2a7gp15o89zb.com/jbn/6e86bd97e35e0dcbedf48323e99285f4,True,21時間前,2026-09-19 04:27:37,滋賀県
看護業務／特別養護老人ホーム／日勤のみ／高時給新着,看護,滋賀県,"時給2,100円～",,看護,求人ボックス,https://xn--pckua2a7gp15o89zb.com/jbn/c8c796aaac1e08b6ffe7c0fe5961fbc6,True,21時間前,2026-09-19 04:27:37,滋賀県
高齢者施設で調理補助。シフト制／経験不問／休憩室あり／シフト制新着,株式会社ワールドプラン,滋賀県,"時給1,100円～",派遣社員,看護,求人ボックス,https://xn--pckua2a7gp15o89zb.com/jbn/90269368ae71f8ffe2720212bdfec442,True,23時間前,2026-09-19 04:27:37,滋賀県
看護業務／病棟／重症心身障害児／者／病棟・神経難病病棟・障害者病棟／慢性期新着,看護,滋賀県,"時給2,200円～",,看護,求人ボックス,https://xn--pckua2a7gp15o89zb.com/jbn/164499eb0aeffa0f14fd09f44071ebb5,True,21時間前,2026-09-19 04:27:40,滋賀県
看護業務／介護老人保健施設／夜勤のみ／高日給新着,看護師,滋賀県,"日給2万2,500円",アルバイト・パート,看護,求人ボックス,https://xn--pckua2a7gp15o89zb.com/jbn/f803a794626d1856d6b82f26bbb03e70,True,21時間前,2026-09-19 04:27:40,滋賀県
看護業務／病棟／精神／駅近／日勤のみ／短期新着,看護師,滋賀県,"時給2,100円～",,看護,求人ボックス,https://xn--pckua2a7gp15o89zb.com/jbn/c49a0c2e76d8cf806eba7c01d988570c,True,21時間前,2026-09-19 04:27:40,滋賀県
看護業務／クリニック・診療所／駅近／日勤のみ新着,...車通勤可能で駐車場代もかかりません! <・・・業務詳細・・・>(雇入れ直後)クリニック・診療所 クリニックでの外来業務・採血・処置・注射・点滴など(変更の範囲)変更なし 【対象となる方】<必要資,滋賀県,"時給2,000円～",アルバイト・パート,看護,求人ボックス,https://xn--pckua2a7gp15o89zb.com/jbn/0167ffdf052e28224ad4485b0f113c8d,True,21時間前,2026-09-19 04:27:40,滋賀県
看護業務／訪問看護／駅近／日勤のみ／短期新着,看護,滋賀県,"時給2,100円～",,看護,求人ボックス,https://xn--pckua2a7gp15o89zb.com/jbn/80ccb515bb5ce966a4e77591e2724577,True,20時間前,2026-09-19 04:27:40,滋賀県
看護業務／特別養護老人ホーム／夜勤のみ／高日給新着,看護師,滋賀県,"日給4万5,000円",アルバイト・パート,看護,求人ボックス,https://xn--pckua2a7gp15o89zb.com/jbn/17792ff6af92668e73a649ea216fd48e,True,21時間前,2026-09-19 04:27:40,滋賀県
看護業務／特別養護老人ホーム／週休二日制／駅近新着,...特養とショートステイ施設を併設してます。・入所者・ショートステイ利用者に対する,滋賀県,"時給2,100円～",,看護,求人ボックス,https://xn--pckua2a7gp15o89zb.com/jbn/1a40adb6ca3c93330add1b3348699af5,True,20時間前,2026-09-19 04:27:44,滋賀県
滋賀県守山市の常駐施設警備員新着,東洋テックセキュリティサービス株式会社,滋賀県守山市の常駐施設警備員,"時給1,232円",,警備,求人ボックス,https://xn--pckua2a7gp15o89zb.com/jb/01ec329f978599fe5375f83e566edd36,True,6時間前,2026-09-19 04:27:47,滋賀県
交通誘導警備員新着,株式会社エスプラス,滋賀県,日給1万円～1万,アルバイト・パート,警備,求人ボックス,https://xn--pckua2a7gp15o89zb.com/jb/dea59885c0b788b7d0a18a288c2239d5,True,22時間前,2026-09-19 04:27:47,滋賀県
「愛知県勤務」交通誘導／待遇に自信あり／引っ越しサポートあり・日払い週払い可新着,セキュリティスタッフ株式会社,滋賀県,"日給9,500円",正社員,警備,求人ボックス,https://xn--pckua2a7gp15o89zb.com/jb/61f976e4630bb034ef7f3a960904a070,True,4時間前,2026-09-19 04:27:47,滋賀県
事務アシスタント／20代活躍中／30代活躍中／完全週休2日制／福利厚生充実／残業少なめ新着,株式会社ホワイトキャリア,滋賀県,月給23万円～50万円,正社員,警備,求人ボックス,https://xn--pckua2a7gp15o89zb.com/jbn/d1857d69d32f2d66e9151ca2b1d14040,True,6時間前,2026-09-19 04:27:47,滋賀県
車・バイク通勤OK!40～50代の方活躍中新着,ケイサーチ,滋賀県,"月給24万6,000円",正社員,警備,求人ボックス,https://xn--pckua2a7gp15o89zb.com/jb/7c3bccc07cacef09ac779c02d7455925,True,22時間前,2026-09-19 04:27:47,滋賀県
受付・案内スタッフ 京都橘大学新着,株式会社日経サービス,滋賀県,"時給1,240円",アルバイト・パート,警備,求人ボックス,https://xn--pckua2a7gp15o89zb.com/jb/69dd330e6a24b3d61893e0cf59d49177,True,8時間前,2026-09-19 04:27:47,滋賀県
専門職新着,警備員・,滋賀県,"月給25万4,449円",,警備,求人ボックス,https://xn--pckua2a7gp15o89zb.com/jb/e76358d7ac9b4c90312e26cd513e7686,True,10時間前,2026-09-19 04:27:47,滋賀県
「毎日帰れる近距離ルート配送」近距離の大型トラックドライバー／昇給あり新着,司関西株式会社,滋賀県,月給32万円～42万円,正社員,ドライバー,求人ボックス,https://xn--pckua2a7gp15o89zb.com/jbn/97039a2cfc8f319996954b4fad3b7f59,True,23時間前,2026-09-19 04:27:42,滋賀県
日払い可能!慣れたら月収100万可能 軽貨物の配送ドライバー新着,Jルート株式会社,滋賀県,月給45万円～100万円,,ドライバー,求人ボックス,https://xn--pckua2a7gp15o89zb.com/jb/99f8599f29a425dc919e2c258aba67f0,True,11時間前,2026-09-19 04:27:42,滋賀県
10t大型地場ドライバー 借り上げ社宅制度 マイカー通勤可新着,株式会社ヨコタエンタープライズ,滋賀県,月給36万円～38万円,正社員,ドライバー,求人ボックス,https://xn--pckua2a7gp15o89zb.com/jb/a54bc472c1dc9da47809b797cfc68dfd,True,4時間前,2026-09-19 04:27:42,滋賀県
未経験者可 大型車ドライバー 月30万円～ 社員寮あり 完全土日休み新着,株式会社トーマ東海,滋賀県,月給30万円～50万円,正社員,ドライバー,求人ボックス,https://xn--pckua2a7gp15o89zb.com/jb/904328b52b74bac7c503c1f5fff1336a,True,4時間前,2026-09-19 04:27:42,滋賀県
未経験歓迎!年収500万円以上狙える配送ドライバー!片手で持てる荷物が...新着,株式会社From・RAG,滋賀県,"月給35万4,510円",,ドライバー,求人ボックス,https://xn--pckua2a7gp15o89zb.com/jb/2d18708020282295f9b740ee4daa9f13,True,11時間前,2026-09-19 04:27:42,滋賀県
滋賀県内・東海方面中心の2tドライバー!土日祝休みの年間休日122日!新着,都宝産業株式会社,滋賀県内・東海方面中心の2tドライバー!土日祝休みの年間休日122日!,月給24万円～30万円,正社員,ドライバー,求人ボックス,https://xn--pckua2a7gp15o89zb.com/jb/eb9a4dbd1bf4b025a6a8f89095a992b5,True,23時間前,2026-09-19 04:27:42,滋賀県
"時給1,141円／送迎ドライバー／学習塾の生徒送迎／中型免許新着",株式会社ジャパンリリーフ送迎サポート,滋賀県,"時給1,141円",正社員,ドライバー,求人ボックス,https://xn--pckua2a7gp15o89zb.com/jb/21d0c72531ef63a805f00f6db4e98592,True,22時間前,2026-09-19 04:27:42,滋賀県
10tトラックドライバー新着,株式会社OkaSyo,滋賀県,"月給46万8,000円",正社員,ドライバー,求人ボックス,https://xn--pckua2a7gp15o89zb.com/jb/35359ca283691868adce4ed2546821ae,True,6時間前,2026-09-19 04:27:43,滋賀県
4トンドライバー 2トンドライバー新着,トナミ運輸株式会社,滋賀県,月給26万円～38万円,,ドライバー,求人ボックス,https://xn--pckua2a7gp15o89zb.com/jb/e2e1222137edd64d5a4f4e8a449a8541,True,13時間前,2026-09-19 04:27:43,滋賀県
"アルバイト募集／送迎ドライバー／時給1,800円～／株式会社エルアイシ...新着",アパマンショップ,滋賀県,"時給1,800円～",アルバイト・パート,ドライバー,求人ボックス,https://xn--pckua2a7gp15o89zb.com/jb/9deda77b75386413321c24bb4ff1f049,True,5時間前,2026-09-19 04:27:43,滋賀県
小型荷物の配送ドライバー大募集中 嬉しいシフト制でプライベートも大事に...新着,クイックギア,滋賀県,"月給41万2,500円",正社員,ドライバー,求人ボックス,https://xn--pckua2a7gp15o89zb.com/jb/86e63b13e451e7df310f58be63c4f6b2,True,11時間前,2026-09-19 04:27:43,滋賀県
送迎ドライバー「パート・アルバイト」／そよ風公式新着,株式会社SOYOKAZE,滋賀県,"時給1,136円",アルバイト・パート,ドライバー,求人ボックス,https://xn--pckua2a7gp15o89zb.com/jb/a4ddab42d9acc5bfe13cc9e0e1b7568a,True,2時間前,2026-09-19 04:27:43,滋賀県
輸送ドライバー!運べば運ぶだけ収入UP キャリアアップも可能新着,株式会社クローバーリンク,滋賀県,月給35万210円,,ドライバー,求人ボックス,https://xn--pckua2a7gp15o89zb.com/jb/89e317aaa975891fd5b1745493c789ae,True,10時間前,2026-09-19 04:27:43,滋賀県
4tドライバー新着,株式会社栄信運輸,滋賀県,月給29万円～34万円,正社員,ドライバー,求人ボックス,https://xn--pckua2a7gp15o89zb.com/jb/ca998bfdb1755604451423c5eac9d17e,True,22時間前,2026-09-19 04:27:45,滋賀県
野菜の配送ドライバー／夕方前に終了のお仕事新着,株式会社ハッピーフィールド,滋賀県,"時給1,500円～",アルバイト・パート,ドライバー,求人ボックス,https://xn--pckua2a7gp15o89zb.com/jb/a1523cabbe2e48c772c6becf57dc738f,True,9時間前,2026-09-19 04:27:45,滋賀県
4tウィングドライバー新着,大同運送株式会社,滋賀県,月給32万円～,正社員,ドライバー,求人ボックス,https://xn--pckua2a7gp15o89zb.com/jb/9965be86da233620ab722205dcbfc589,True,22時間前,2026-09-19 04:27:45,滋賀県
4tパッカー車 4t平車にて古紙の回収ドライバー／週払いOK新着,株式会社ドライブトライブ,滋賀県,"日給1万3,600円",派遣社員,ドライバー,求人ボックス,https://xn--pckua2a7gp15o89zb.com/jb/e7dfc37fe62576635098a502153daeba,True,18時間前,2026-09-19 04:27:45,滋賀県
滋賀県大津市のドライバー新着,株式会社隆工業,滋賀県大津市のドライバー,月給25万円～50万円,正社員,ドライバー,求人ボックス,https://xn--pckua2a7gp15o89zb.com/jb/214e78d6b963da3e735b651e75d56808,True,6時間前,2026-09-19 04:27:45,滋賀県
軽四ドライバー 宅配ドライバー新着,佐川急便株式会社,滋賀県,"時給1,234円",アルバイト・パート,ドライバー,求人ボックス,https://xn--pckua2a7gp15o89zb.com/jb/c4fc3db19dc80a81b26c52d2a1d29c4f,True,18時間前,2026-09-19 04:27:45,滋賀県
4tドライバー新着,レンゴーロジスティクス株式会社,滋賀県,"月給17万7,700円",正社員,ドライバー,求人ボックス,https://xn--pckua2a7gp15o89zb.com/jb/fd1a7502e5c2b1fc26ced7763a305bf3,True,22時間前,2026-09-19 04:27:51,滋賀県
冷暖あり・クリーンルーム／ドライバーで組立／残り3名／日払い新着,株式会社G&G,滋賀県,"時給1,500円～1,875円",派遣社員,ドライバー,求人ボックス,https://xn--pckua2a7gp15o89zb.com/jb/63df0b362d9082c296f9869789d5d29e,True,5時間前,2026-09-19 04:27:51,滋賀県
月収28万円可 フードプロセッサーの組立・動作確認／日勤固定／寮完備／日払いOK／履歴書不要新着,株式会社セカンドスロープ,滋賀県,"時給1,600円～",アルバイト・パート,ドライバー,求人ボックス,https://xn--pckua2a7gp15o89zb.com/jb/5f2656e0ed09a010ad6e26b82b7d0829,True,23時間前,2026-09-19 04:27:51,滋賀県
飲料自動販売機への商品補充スタッフ／未経験歓迎／20代30代活躍中／コカ新着,株式会社TEAMS,滋賀県,"月給25万7,500円",正社員,ドライバー,求人ボックス,https://xn--pckua2a7gp15o89zb.com/jbn/b690086c3afa9281ba212cbb4a6963bb,True,23時間前,2026-09-19 04:27:51,滋賀県
車両部品の組付け・調整スタッフ新着,株式会社ワイズ関西,滋賀県,"時給1,400円",派遣社員,ドライバー,求人ボックス,https://xn--pckua2a7gp15o89zb.com/jb/194cfb3d39b90727504d060b8c460ce7,True,9時間前,2026-09-19 04:27:51,滋賀県
製造スタッフ／検査 本棚の組立 日勤 土日祝休み 年休122日 軽作業 ·寮完備新着,株式会社AKATSUKI,滋賀県,"月給31万1,000円",正社員,ドライバー,求人ボックス,https://xn--pckua2a7gp15o89zb.com/jb/b909ed66c082442f3dbab93f3ad11cfe,True,5時間前,2026-09-19 04:27:51,滋賀県
近江八幡市／「一人ひとつの持ち場」スマートロックの組立・検査スタッフ／日勤のみ／土日祝休み新着,株式会社サジェスト,滋賀県,"月給29万7,000円",正社員,ドライバー,求人ボックス,https://xn--pckua2a7gp15o89zb.com/jb/c01b4f73094ae37988ec47c3974ba920,True,7時間前,2026-09-19 04:27:51,滋賀県
駅にある券売機の部品組み立て／仮払い制度あり／未経験歓迎／20代～40代活躍中／仕出し弁当500円新着,株式会社ティーエム・テックス,滋賀県,"時給1,320円～1,650円",派遣社員,ドライバー,求人ボックス,https://xn--pckua2a7gp15o89zb.com/jbn/aefb8c93af1d4d30dc9f4e0a1c8adf0e,True,23時間前,2026-09-19 04:27:56,滋賀県
「未経験から始めやすい軽作業!」／梱包スタッフ／履歴書不要／シンプル作業／未経験OK新着,株式会社Tetote,滋賀県,月給27万円～34万円,正社員,ドライバー,求人ボックス,https://xn--pckua2a7gp15o89zb.com/jbn/1c875329afcc6a7011e03c5157b7dac6,True,16時間前,2026-09-19 04:27:56,滋賀県
月収20万円 製紙系工場での組立・加工・プレス 日勤・20-40代活躍中新着,UTエージェント株式会社,滋賀県,"月給20万1,000円",派遣社員,ドライバー,求人ボックス,https://xn--pckua2a7gp15o89zb.com/jb/745d5a19f512a5bdbf462f417b8905a8,True,4時間前,2026-09-19 04:27:56,滋賀県
大型トラック運転手／#滋賀営業所 #未経験者活躍中 #マイカー通勤OK #月収47万円も可新着,津田運送株式会社,滋賀県,月給35万円～47万円,正社員,ドライバー,求人ボックス,https://xn--pckua2a7gp15o89zb.com/jb/a1cd7df0dc8bd05cf57d7f0fe7614f1d,True,14時間前,2026-09-19 04:27:56,滋賀県
製造スタッフ／大手家電メーカーでの加工・組立・検査・梱包／土日休み／未経験歓迎新着,日研トータルソーシング株式会社,滋賀県,"時給1,400円～",派遣社員,ドライバー,求人ボックス,https://xn--pckua2a7gp15o89zb.com/jbn/8b3c03416c96dbbc71c823230f7310ff,True,23時間前,2026-09-19 04:27:56,滋賀県
事務正社員／丁寧な教育体制／未経験OK／教育体制あり／福利厚生充実／若手中心新着,株式会社ホワイトキャリア,滋賀県,"月給22万4,000円",正社員,ドライバー,求人ボックス,https://xn--pckua2a7gp15o89zb.com/jbn/16d0b0df6229a4a4741b6df65ef9fb83,True,5時間前,2026-09-19 04:27:56,滋賀県
20代30代に人気の製品づくり!／クリアポーチの部品セットスタッフ／高収入可／交通費支給新着,...手順書に沿って進めるシンプル工程 未経験向けの研修・フォローあり コツコツ確認する作業が多め 日勤・夜勤・交替勤務など、希望や配属に応じて相談できます。 異業種からの転職も歓迎/販売・接客・事務,滋賀県,"月給34万6,000円",正社員,ドライバー,求人ボックス,https://xn--pckua2a7gp15o89zb.com/jbn/b051ea036966b93993eeef0e36b810d0,True,11時間前,2026-09-19 04:28:00,滋賀県
「月収30万円可能」／ガチャガチャの検品・梱包／未経験歓迎／コツコツ軽作業／20〜30代活躍中新着,株式会社SNJAPAN,滋賀県,月給27万円～34万円,正社員,ドライバー,求人ボックス,https://xn--pckua2a7gp15o89zb.com/jbn/509f710ca4abbbdcea83f8d688e44a80,True,14時間前,2026-09-19 04:28:00,滋賀県
新しい仕事に挑戦したい方へ!／5Gアンテナ部品の製造補助／月収45万以上可／年間休日130日以上新着,...マニュアル通りに進めるシンプル工程 先輩スタッフのフォローあり 細かい確認や軽い部品作業が中心 日勤中心で生活リズムを整えやすい職場です。 未経験・異業種からの転職も歓迎/接客・販売・事務・,滋賀県,"月給41万2,000円",正社員,ドライバー,求人ボックス,https://xn--pckua2a7gp15o89zb.com/jbn/933c9bbcc5b46c3d8991a8d23bfa7dd8,True,11時間前,2026-09-19 04:28:00,滋賀県
プライベートも大切にできる!／バーコードリーダー部品の組付けスタッフ／正社員採用／社宅相談可新着,...マニュアル通りに進めるシンプル工程 先輩スタッフのフォローあり 細かい確認や軽い部品作業が中心 配属工程により検査・組立・梱包を分担します。 未経験・異業種からの転職も歓迎/接客・販売・事務・,滋賀県,月給41万円～43万,正社員,ドライバー,求人ボックス,https://xn--pckua2a7gp15o89zb.com/jbn/f5573a4b2cf4b1b6c16952bb817f513a,True,11時間前,2026-09-19 04:28:03,滋賀県
新生活も安心の製造ワーク!／物流ロボットセンサーの加工サポート／ボーナスあり／20代活躍中新着,...マニュアル通りに進めるシンプル工程 先輩スタッフのフォローあり 細かい確認や軽い部品作業が中心 日勤中心で生活リズムを整えやすい職場です。 未経験・異業種からの転職も歓迎/接客・販売・事務・,滋賀県,"月給30万4,000円",正社員,ドライバー,求人ボックス,https://xn--pckua2a7gp15o89zb.com/jbn/5bcd654e4cfdfd1b656af5d1144c2e15,True,11時間前,2026-09-19 04:28:03,滋賀県
人気メーカー系の製造サポート!／光ファイバー接続部品の製造オペレーター／社宅相談可／高収入可新着,...マニュアル通りに進めるシンプル工程 先輩スタッフのフォローあり 細かい確認や軽い部品作業が中心 配属工程により検査・組立・梱包を分担します。 未経験・異業種からの転職も歓迎/接客・販売・事務・,滋賀県,"月給34万5,000円",正社員,ドライバー,求人ボックス,https://xn--pckua2a7gp15o89zb.com/jbn/5bcf9a846f6d299fab1034dedc975dfd,True,11時間前,2026-09-19 04:28:03,滋賀県
「商品管理・出荷準備スタッフ」未経験歓迎／単純作業だけ／未経験でも安心の仕事新着,株式会社tocca,滋賀県,月給30万円～34万円,正社員,ドライバー,求人ボックス,https://xn--pckua2a7gp15o89zb.com/jbn/d2002ac80a4bafabf05ad78763f8e94d,True,16時間前,2026-09-19 04:28:03,滋賀県
人気製品に関われるチャンス!／決済端末ボタン部品の部品製造スタッフ／交通費支給／月収45万以上可新着,...マニュアル通りに進めるシンプル工程 先輩スタッフのフォローあり 細かい確認や軽い部品作業が中心 日勤中心で生活リズムを整えやすい職場です。 未経験・異業種からの転職も歓迎/接客・販売・事務・,滋賀県,"月給32万7,000円",正社員,ドライバー,求人ボックス,https://xn--pckua2a7gp15o89zb.com/jbn/870cb1d53df735703821992b16831d19,True,11時間前,2026-09-19 04:28:03,滋賀県
長く働ける安定ワーク!／業務用ラベルプリンターの組立スタッフ／入社後研修あり／交通費支給新着,...マニュアル通りに進めるシンプル工程 先輩スタッフのフォローあり 細かい確認や軽い部品作業が中心 日勤中心で生活リズムを整えやすい職場です。 未経験・異業種からの転職も歓迎/接客・販売・事務・,滋賀県,"月給34万3,000円",正社員,ドライバー,求人ボックス,https://xn--pckua2a7gp15o89zb.com/jbn/193d3da7997a532387fc82e212b9cb87,True,11時間前,2026-09-19 04:28:03,滋賀県
近距離中心の大型トラック乗務員!月給32万円～38万円程度!基本土日祝休み&積み下ろしはすべてフォー...新着,株式会社ライブワーク,滋賀県,月給32万円～38万円,正社員,ドライバー,求人ボックス,https://xn--pckua2a7gp15o89zb.com/jb/7a3a2054f811f622e022345a758e45d7,True,23時間前,2026-09-19 04:28:08,滋賀県
新生活にもなじみやすい製造職!／折りたたみチェア金具の検品梱包スタッフ／若手活躍中新着,...手順書に沿って進めるシンプル工程 未経験向けの研修・フォローあり コツコツ確認する作業が多め 精密部品を扱うため、落ち着いて確認する作業が多めです。 異業種からの転職も歓迎/販売・接客・事務・軽,滋賀県,"月給40万1,000円",正社員,ドライバー,求人ボックス,https://xn--pckua2a7gp15o89zb.com/jbn/bad447549dd5cbd302c77f777fa5527e,True,11時間前,2026-09-19 04:28:08,滋賀県
未経験から日用品づくりに挑戦!／自転車スマホホルダーの検品梱包スタッフ／年間休日135日以上新着,...手順書に沿って進めるシンプル工程 未経験向けの研修・フォローあり コツコツ確認する作業が多め 精密部品を扱うため、落ち着いて確認する作業が多めです。 異業種からの転職も歓迎/販売・接客・事務・軽,滋賀県,月給39万円～44万,正社員,ドライバー,求人ボックス,https://xn--pckua2a7gp15o89zb.com/jbn/ce50a92ce6d95b73f88e166031226a1e,True,11時間前,2026-09-19 04:28:08,滋賀県
研修ありで安心の製造サポート!／ゲームソフトケースの出荷前確認スタッフ／残業少なめ／研修充実新着,...手順書に沿って進めるシンプル工程 未経験向けの研修・フォローあり コツコツ確認する作業が多め 日勤・夜勤・交替勤務など、希望や配属に応じて相談できます。 異業種からの転職も歓迎/販売・接客・事務,滋賀県,"月給45万8,000円",正社員,ドライバー,求人ボックス,https://xn--pckua2a7gp15o89zb.com/jbn/746210e0509fe2fe91799bbdfc42e26c,True,11時間前,2026-09-19 04:28:08,滋賀県
毎日使うものを支える工場勤務!／携帯ゲーム機カバーの出荷前確認スタッフ／20代活躍中新着,...手順書に沿って進めるシンプル工程 未経験向けの研修・フォローあり コツコツ確認する作業が多め 組立から検査、梱包まで工程を分けて担当します。 異業種からの転職も歓迎/販売・接客・事務・軽作業・,滋賀県,"月給35万6,000円",正社員,ドライバー,求人ボックス,https://xn--pckua2a7gp15o89zb.com/jbn/7444d0bdcaf35d2757547a625622d58c,True,11時間前,2026-09-19 04:28:08,滋賀県
寮付きで始めやすい工場勤務!／レインシューズ中敷きの製造スタッフ／週休2日制／寮費無料新着,...手順書に沿って進めるシンプル工程 未経験向けの研修・フォローあり コツコツ確認する作業が多め 日勤・夜勤・交替勤務など、希望や配属に応じて相談できます。 異業種からの転職も歓迎/販売・接客・事務,滋賀県,"月給40万8,000円",正社員,ドライバー,求人ボックス,https://xn--pckua2a7gp15o89zb.com/jbn/7fe75ed18f2dbb67ea7557f892fbcd86,True,11時間前,2026-09-19 04:28:08,滋賀県
毎日使うものを支える工場勤務!／ピラティスリング部品の検品梱包スタッフ／土日休みあり／寮完備新着,...手順書に沿って進めるシンプル工程 未経験向けの研修・フォローあり コツコツ確認する作業が多め 作業スピードよりも、正確に続ける姿勢を大切にしています。 異業種からの転職も歓迎/販売・接客・事務・,滋賀県,"月給35万4,000円",正社員,ドライバー,求人ボックス,https://xn--pckua2a7gp15o89zb.com/jbn/4d5ffad98cea29382fd9c4a0b1e10948,True,11時間前,2026-09-19 04:28:08,滋賀県
20代30代に人気の製品づくり!／キャンプランタン部品の製造スタッフ／月収45万以上可／土日休みあり新着,...手順書に沿って進めるシンプル工程 未経験向けの研修・フォローあり コツコツ確認する作業が多め 日勤・夜勤・交替勤務など、希望や配属に応じて相談できます。 異業種からの転職も歓迎/販売・接客・事務,滋賀県,月給43万円～48万,正社員,ドライバー,求人ボックス,https://xn--pckua2a7gp15o89zb.com/jbn/3da704500cf428e8b42851bd23803810,True,11時間前,2026-09-19 04:28:12,滋賀県
ものづくり好きにぴったり!／電子基板コネクタの仕上げスタッフ／残業少なめ／研修充実／出荷前チェック新着,...マニュアル通りに進めるシンプル工程 先輩スタッフのフォローあり 細かい確認や軽い部品作業が中心 日勤中心で生活リズムを整えやすい職場です。 未経験・異業種からの転職も歓迎/接客・販売・事務・,滋賀県,"月給32万4,000円",正社員,ドライバー,求人ボックス,https://xn--pckua2a7gp15o89zb.com/jbn/30144307096de6b93ee925790c36a0b0,True,11時間前,2026-09-19 04:28:12,滋賀県
新生活にもなじみやすい製造職!／自転車ドリンクホルダーの組立スタッフ／学歴不問／若手活躍中／検品あり新着,...手順書に沿って進めるシンプル工程 未経験向けの研修・フォローあり コツコツ確認する作業が多め 組立から検査、梱包まで工程を分けて担当します。 異業種からの転職も歓迎/販売・接客・事務・軽作業・,滋賀県,月給35万円～38万,正社員,ドライバー,求人ボックス,https://xn--pckua2a7gp15o89zb.com/jbn/9c6aef84dcaa5c2496a03cfb25ac912a,True,11時間前,2026-09-19 04:28:15,滋賀県
モクモク集中できる製造ワーク!／交通系ICリーダー部品の組立スタッフ／学歴不問／寮費無料新着,...マニュアル通りに進めるシンプル工程 先輩スタッフのフォローあり 細かい確認や軽い部品作業が中心 配属工程により検査・組立・梱包を分担します。 未経験・異業種からの転職も歓迎/接客・販売・事務・,滋賀県,"月給34万8,000円",正社員,ドライバー,求人ボックス,https://xn--pckua2a7gp15o89zb.com/jbn/01424dad8ef95f13bbac922353f2248c,True,11時間前,2026-09-19 04:28:15,滋賀県
「ゲーム機の組立スタッフ」未経験者歓迎／気軽な業務／寮費無料／もくもく作業で高時給新着,...初めてでも安心の単純作業のみ  20代・30代の若手スタッフが多数活躍中! 未経験から月収30万円以上を狙えます!< お仕事の流れ(例) >・作業台へ必要な部品を準備↓・各パーツの取り付け↓・電,滋賀県,月給30万円～34万円,正社員,ドライバー,求人ボックス,https://xn--pckua2a7gp15o89zb.com/jbn/27e2f34f77f9cc4a07f88d90c7e89693,True,15時間前,2026-09-19 04:28:15,滋賀県
スマホ周辺アイテムの工場ワーク!／ファイルケースの検査スタッフ／ボーナスあり／週休2日制／梱包あり新着,...手順書に沿って進めるシンプル工程 未経験向けの研修・フォローあり コツコツ確認する作業が多め 精密部品を扱うため、落ち着いて確認する作業が多めです。 異業種からの転職も歓迎/販売・接客・事務・軽,滋賀県,"月給30万6,000円",正社員,ドライバー,求人ボックス,https://xn--pckua2a7gp15o89zb.com/jbn/a2b35de7d22d90180aa7b6ca1b718784,True,11時間前,2026-09-19 04:28:15,滋賀県
客室清掃／清掃／サービス系 ルームスタッフ新着,株式会社GHP,滋賀県,"時給1,140円～1,425円",アルバイト・パート,清掃,求人ボックス,https://xn--pckua2a7gp15o89zb.com/jb/7aa431c8db8efa48f2ddfd87beb87d4d,True,5時間前,2026-09-19 04:27:55,滋賀県
清掃スタッフ／転勤なしで安心 マイカー通勤OK新着,守環総合メンテナンス株式会社,滋賀県,"月給20万5,000円",正社員,清掃,求人ボックス,https://xn--pckua2a7gp15o89zb.com/jb/458cbf504b8adb4d8ecbefcd2a1c7d47,True,11時間前,2026-09-19 04:27:55,滋賀県
「体を動かす仕事!」工場内の清掃・塗装スタッフ／20代から30代活躍中...新着,株式会社日本ケイテム,滋賀県,"時給1,200円～",派遣社員,清掃,求人ボックス,https://xn--pckua2a7gp15o89zb.com/jbn/6b5ce7a3ba663139e90af2423939bbef,True,19時間前,2026-09-19 04:27:55,滋賀県
滋賀県湖南市のトイレ清掃スタッフ／湖南市石部新着,株式会社プレイ比良,滋賀県湖南市のトイレ清掃スタッフ／湖南市石部,"時給1,200円",アルバイト,清掃,求人ボックス,https://xn--pckua2a7gp15o89zb.com/jb/aaf3a1795c5783d89c9562fe49f29c72,True,6時間前,2026-09-19 04:27:55,滋賀県
滋賀県草津市の店舗清掃スタッフ／くさつ平和堂／メイト社員／株式会社新着,株式会社ナショナルメンテナンス,滋賀県草津市の店舗清掃スタッフ／くさつ平和堂／メイト社員／株式会社,"時給1,150円～1,180円",アルバイト,清掃,求人ボックス,https://xn--pckua2a7gp15o89zb.com/jb/ce433f6c583d1fb26c1f0f84ebb4cfb9,True,6時間前,2026-09-19 04:27:55,滋賀県
滋賀県草津市の清掃作業スタッフ／アメニティ南草津V／株式会社新着,株式会社H&Sメンテナンス,滋賀県草津市の清掃作業スタッフ／アメニティ南草津V／株式会社,"時給1,080円",アルバイト,清掃,求人ボックス,https://xn--pckua2a7gp15o89zb.com/jb/a95c3fe4d20754374718816fcf3a47ce,True,6時間前,2026-09-19 04:27:55,滋賀県
ペットショップの清掃・店舗スタッフ／近江八幡店頑張りに応じて昇給新着,株式会社犬の家 近江八幡店,滋賀県,"月給19万6,000円",正社員,清掃,求人ボックス,https://xn--pckua2a7gp15o89zb.com/jbn/72be212d2fa21ccc2828631655efb6f3,True,21時間前,2026-09-19 04:27:56,滋賀県
清掃スタッフ新着,株式会社ダイハツビジネスサポートセンター,滋賀県,"時給1,232円～",アルバイト・パート,清掃,求人ボックス,https://xn--pckua2a7gp15o89zb.com/jb/2601023717fea8d50b42e7e8fe89a4c6,True,22時間前,2026-09-19 04:27:56,滋賀県
未経験スタートOKの清掃スタッフ／手術室の清掃／土日祝休み!新着,株式会社ティ・アシスト,滋賀県,"時給1,350円",アルバイト・パート,清掃,求人ボックス,https://xn--pckua2a7gp15o89zb.com/jb/970316d32a67ad0d8ff4ce74ed655dd7,True,4時間前,2026-09-19 04:27:56,滋賀県
医療施設内清掃スタッフ新着,株式会社中央保健工業社,滋賀県,"時給1,140円～",アルバイト・パート,清掃,求人ボックス,https://xn--pckua2a7gp15o89zb.com/jb/ea4e92e77e187da143120f7e2e76a814,True,22時間前,2026-09-19 04:27:56,滋賀県
高時給1500円～・クルーズ船で旅しながら働く清掃スタッフ／未経験歓迎新着,株式会社GROW AGENCY,滋賀県,時給1500円～,アルバイト・パート,清掃,求人ボックス,https://xn--pckua2a7gp15o89zb.com/jb/a1fdf06021f1663b996f5eeb520339a7,True,8時間前,2026-09-19 04:27:56,滋賀県
清掃員／10月1日スタート／オープニング募集／早朝短時間／土日祝休み新着,キョウワプロテック株式会社,滋賀県,"時給1,136円",アルバイト・パート,清掃,求人ボックス,https://xn--pckua2a7gp15o89zb.com/jb/bc9f3f047ffddb1bd76edc64fef058a4,True,12時間前,2026-09-19 04:27:59,滋賀県
未経験から歓迎／週4日～&1日3時間～4時間勤務OK／カンタン軽作新着,株式会社福月,滋賀県,"時給1,080円～",アルバイト・パート,清掃,求人ボックス,https://xn--pckua2a7gp15o89zb.com/jb/ee4a53bf988ce4fdf9fc50eb3d7a6e66,True,3時間前,2026-09-19 04:27:59,滋賀県
積み込み補助業務／高時給1450円／未経験者大歓迎／簡単軽作業新着,株式会社テクノ・サービス,滋賀県,時給1450円,派遣社員,清掃,求人ボックス,https://xn--pckua2a7gp15o89zb.com/jbn/d8277c698f72164c683b177bcb69c59e,True,20時間前,2026-09-19 04:27:59,滋賀県
マンションの清掃・管理／年齢や経験は一切不要／シニア多数活躍中／1日3時間～OK新着,株式会社トラン・シード,滋賀県,"時給1,240円～",アルバイト・パート,清掃,求人ボックス,https://xn--pckua2a7gp15o89zb.com/jb/54cc562a5e5c88acad91810f245ff69a,True,16時間前,2026-09-19 04:27:59,滋賀県
レストラン・専門料理店／経験者歓迎／経験不問／週休2日制新着,株式会社トリドールホールディングス,滋賀県,月給23万円～30万円,正社員,清掃,求人ボックス,https://xn--pckua2a7gp15o89zb.com/jbn/ab88dbfa4f740c51632ee63f0748a7f3,True,14時間前,2026-09-19 04:27:59,滋賀県
20代活躍中／ホールスタッフ 上場企業・全国500店舗を展開する大手飲食企業新着,...調理業務を中心とした各種業務をお任せいたします。<仕事内容>・キッチン内で仕込み、盛り付け、調理・料理と飲み物の配膳、片付け(バッシング)、ホール内の,滋賀県,年収300万円～400万円,正社員,清掃,求人ボックス,https://xn--pckua2a7gp15o89zb.com/jbn/cf9dcfda902beabcbd2c23c7a1bf1983,True,19時間前,2026-09-19 04:27:59,滋賀県
レストラン・専門料理店新着,株式会社ZUND,滋賀県,月給30万円～50万円,正社員,清掃,求人ボックス,https://xn--pckua2a7gp15o89zb.com/jbn/71cb48bf9f63f0ec8eedaf0522697bc1,True,13時間前,2026-09-19 04:27:59,滋賀県
レストラン・専門料理店／経験者優遇／社会保険完備／学歴不問新着,株式会社PLUS Le,滋賀県,月給20万円～23万円,正社員,清掃,求人ボックス,https://xn--pckua2a7gp15o89zb.com/jbn/4da837ef272d7e839cd46e4698ea5a50,True,14時間前,2026-09-19 04:28:01,滋賀県
ゲームセンタースタッフで接客・商品補充新着,ピエリ守山アミューズパーク,滋賀県,"時給1,200円～",アルバイト・パート,清掃,求人ボックス,https://xn--pckua2a7gp15o89zb.com/jb/c9249882b66646ca59b797ed93cd4b51,True,9時間前,2026-09-19 04:28:01,滋賀県
"高級品鑑定スタッフ／平均年収1,200万／残業月平均3.3時間／有給取得率85.7%／学歴不問新着",株式会社Reivy,滋賀県,月給40万円～45万円,正社員,清掃,求人ボックス,https://xn--pckua2a7gp15o89zb.com/jbn/24c6cdfe6d25311ca36a8f525ecfb4a9,True,23時間前,2026-09-19 04:28:01,滋賀県
レストラン・専門料理店新着,株式会社WORLDs,滋賀県,"月給24万5,000円",正社員,清掃,求人ボックス,https://xn--pckua2a7gp15o89zb.com/jbn/8db579d1ccbdede3e15fc00bc30877fa,True,13時間前,2026-09-19 04:28:01,滋賀県
レストラン・専門料理店新着,株式会社WORLDs,滋賀県,"月給24万5,000円",正社員,清掃,求人ボックス,https://xn--pckua2a7gp15o89zb.com/jbn/7c300efbf7d38104e296236b7e4e8622,True,13時間前,2026-09-19 04:28:04,滋賀県
ゲームセンタースタッフで接客・商品補充新着,namco アルプラザ水口店,滋賀県,"時給1,200円～",アルバイト・パート,清掃,求人ボックス,https://xn--pckua2a7gp15o89zb.com/jb/8ac325ecc236b64ef9322f174aa370c1,True,9時間前,2026-09-19 04:28:04,滋賀県
ゲームセンタースタッフで接客・商品補充新着,namco イオン大津ショッピングプラザ店,滋賀県,"時給1,150円～",アルバイト・パート,清掃,求人ボックス,https://xn--pckua2a7gp15o89zb.com/jb/6d737d550aeb0ce2d9215cd0812a102f,True,9時間前,2026-09-19 04:28:04,滋賀県
クッション素材の梱包／未経験歓迎／福利厚生充実／交通費支給／長期安定SG575新着,三陽工業株式会社,滋賀県,"月給19万5,000円",正社員,清掃,求人ボックス,https://xn--pckua2a7gp15o89zb.com/jbn/86db823cee5236c8ec91cda157eb5235,True,13時間前,2026-09-19 04:28:04,滋賀県
ゲームセンタースタッフで接客・商品補充新着,namco ビバシティ彦根店,滋賀県,"時給1,200円～",アルバイト・パート,清掃,求人ボックス,https://xn--pckua2a7gp15o89zb.com/jb/ba1dfd4cb64f26210ea0b14a19173324,True,21時間前,2026-09-19 04:28:04,滋賀県
デイサービスサポートスタッフ／週2～5日で日数・曜日は相談OK!年齢・資格・経験不問!新着,リハデイいそ,滋賀県,"時給1,280円",アルバイト・パート,清掃,求人ボックス,https://xn--pckua2a7gp15o89zb.com/jb/e224681d1a1e670c244906cda9c1be37,True,23時間前,2026-09-19 04:28:04,滋賀県
レストラン・専門料理店新着,株式会社ペッパーフードサービス,滋賀県,月給30万円～35万円,正社員,清掃,求人ボックス,https://xn--pckua2a7gp15o89zb.com/jbn/4d70286f0316f2a0d67a47677b07bfcb,True,13時間前,2026-09-19 04:28:06,滋賀県
プール教室のインストラクター・インストラクター補助新着,甲良町温水プール,滋賀県,"時給1,140円～",アルバイト・パート,清掃,求人ボックス,https://xn--pckua2a7gp15o89zb.com/jb/b353d743f851f4ecdb9bc30502a1ca81,True,5時間前,2026-09-19 04:28:06,滋賀県
子ども向け体操スクールアシスタント新着,もりやまエコパーク交流拠点施設,滋賀県,"時給1,140円～",アルバイト・パート,清掃,求人ボックス,https://xn--pckua2a7gp15o89zb.com/jb/546d5ae10953fa8fe65ee55ee7714c2a,True,5時間前,2026-09-19 04:28:06,滋賀県
滋賀県近江八幡市の洗車スタッフ／八幡店／株式会社 京滋マツダ新着,株式会社京滋マツダ,滋賀県近江八幡市の洗車スタッフ／八幡店／株式会社,"時給1,122円～1,142円",アルバイト,清掃,求人ボックス,https://xn--pckua2a7gp15o89zb.com/jb/cc90e576ab55ead5fb90ae884644c131,True,6時間前,2026-09-19 04:28:06,滋賀県
60代活躍中の看護・介護ケアスタッフ新着,株式会社ウィルオブ・ワーク,滋賀県,"時給1,400円",派遣社員,清掃,求人ボックス,https://xn--pckua2a7gp15o89zb.com/jb/42aa317e8e598e127190a479c77417aa,True,19時間前,2026-09-19 04:28:06,滋賀県
滋賀県大津市のナイトフロント／株式会社 国華荘／びわ湖花街道新着,株式会社国華荘,滋賀県大津市のナイトフロント／株式会社,"時給1,136円",アルバイト,清掃,求人ボックス,https://xn--pckua2a7gp15o89zb.com/jb/69696b3015ab8005a0d3606e5e36c0f4,True,6時間前,2026-09-19 04:28:06,滋賀県
パチンコ店スタッフ新着,有限会社ディータ,滋賀県,"時給1,300円",派遣社員,清掃,求人ボックス,https://xn--pckua2a7gp15o89zb.com/jb/16cd5edb594349565fcd07b23b1ef6ff,True,7時間前,2026-09-19 04:28:10,滋賀県
未経験から月収50万円以上可!「感動しました」と感謝をいただけて価値観と人生が変わるお仕事新着,エアコンお掃除大好き工房 TOMSWORKS,滋賀県,月給20万円～63万円,,清掃,求人ボックス,https://xn--pckua2a7gp15o89zb.com/jb/e22efd0caea1effa1b899d2bc15f8a1c,True,11時間前,2026-09-19 04:28:10,滋賀県
製造オペレーター／工場内作業スタッフ／とにかく稼ぎたい!その気持ちを叶えられる環境新着,ARaIBuon,滋賀県,月給29万円～34万,正社員,清掃,求人ボックス,https://xn--pckua2a7gp15o89zb.com/jb/31952f9edf5681acfcf4d35ecd23228d,True,1時間前,2026-09-19 04:28:10,滋賀県
化粧水ボトルの機械オペレータースタッフ／プラスチック工場／社宅無料／交通費全額支給新着,株式会社G.M corporation,滋賀県,"時給1,650円～",アルバイト・パート,清掃,求人ボックス,https://xn--pckua2a7gp15o89zb.com/jb/5bc5bcea29597bb70e97f7b6ecdadbe2,True,14時間前,2026-09-19 04:28:10,滋賀県
大型クレーンオペレーター 製造職 新規営業チーム 経験者優遇 昼勤新着,株式会社ヨコタエンタープライズ,滋賀県,"月給21万2,500円",正社員,清掃,求人ボックス,https://xn--pckua2a7gp15o89zb.com/jb/a3c5d087b505d08ee71d932669a974e1,True,4時間前,2026-09-19 04:28:10,滋賀県
ゲーム・アニメ・キャラクター好きな学生さん大歓迎 ゲームセンタースタッフ新着,namcoイオン大津ショッピングプラザ店,滋賀県,"時給1,150円",アルバイト・パート,清掃,求人ボックス,https://xn--pckua2a7gp15o89zb.com/jb/94d338ea324e055e3beae8492c8e5591,True,4時間前,2026-09-19 04:28:10,滋賀県
自然派コスメ製造・検品スタッフ／未経験歓迎!人気のコスメ製造 コツコツ作業で安定勤務新着,IBS即戦力人財株式会社,滋賀県,"時給1,400円",派遣社員,清掃,求人ボックス,https://xn--pckua2a7gp15o89zb.com/jb/f884c9f094d4e7493e4f94fb6578b704,True,20時間前,2026-09-19 04:28:14,滋賀県
寮費無料で働ける食品工場 月収37万円以上 製造・サポートスタッフ 日払いOK新着,株式会社JIN,滋賀県,"月給33万5,500円",正社員,清掃,求人ボックス,https://xn--pckua2a7gp15o89zb.com/jb/5ee459f572919384c4ddda7e3bd7363f,True,9時間前,2026-09-19 04:28:14,滋賀県
オイルトリートメントセラピスト／経験者歓迎／月収30万円以上可／心ほどける時間を届けるスパ新着,タイ古式マッサージASHIYAバンクンメイ,滋賀県,月給22万円～30万円,正社員,清掃,求人ボックス,https://xn--pckua2a7gp15o89zb.com/jb/33cc08fe2048ace8fb0246c79fc323c3,True,9時間前,2026-09-19 04:28:14,滋賀県
草津市エリアでお仕事したいあなたに! おたからや／ブランド品買取／残業禁止／未経験OK／髪色自由新着,株式会社ディンプル,滋賀県,月給35万円,正社員,清掃,求人ボックス,https://xn--pckua2a7gp15o89zb.com/jb/3f2b2f5a07ed7feeeba3ee9b4aafb489,True,10時間前,2026-09-19 04:28:14,滋賀県
未経験から店舗運営へ!人気飲食店の運営スタッフ／月給27万3750円以上×深夜営業なし／近江八幡店新着,らーめんチキン野郎,滋賀県,月給27万3750円,正社員,清掃,求人ボックス,https://xn--pckua2a7gp15o89zb.com/jb/4770473f81783a4330fe145025b623f9,True,10時間前,2026-09-19 04:28:14,滋賀県
未経験OK・家庭と両立しやすいシフト／検品・箱詰めスタッフ／滋賀で創業70年の安定企業和菓子メーカー新着,株式会社種新,滋賀県,"時給1,080円～",アルバイト・パート,清掃,求人ボックス,https://xn--pckua2a7gp15o89zb.com/jb/2f32752ced92447e4951a3b66f9af24a,True,11時間前,2026-09-19 04:28:14,滋賀県
ゲーム・アニメ・キャラクター好きな学生さん大歓迎 ゲームセンタースタッフ新着,namcoビバシティ彦根店,滋賀県,"時給1,200円",アルバイト・パート,清掃,求人ボックス,https://xn--pckua2a7gp15o89zb.com/jb/1ebcfce145036ebabf7653733a97981d,True,4時間前,2026-09-19 04:28:17,滋賀県
外構工事スタッフ募集／完全週休2日制／未経験者歓迎／左官作業にも携われる新着,小川左官店,滋賀県,月給23万円～50万円,正社員,清掃,求人ボックス,https://xn--pckua2a7gp15o89zb.com/jb/d06e1cadd650ddfffb54f006eb068721,True,10時間前,2026-09-19 04:28:17,滋賀県
ビルメンテナンス業務、設備管理新着,株式会社アヤハ環境開発,滋賀県,月給21万円～26万円,契約社員,清掃,求人ボックス,https://xn--pckua2a7gp15o89zb.com/jb/7ca455685eec6584300d309581e2efbc,True,22時間前,2026-09-19 04:28:17,滋賀県
松屋フーズの夜勤スタッフ新着,株式会社松屋フーズ,滋賀県,"時給1,625円",アルバイト・パート,清掃,求人ボックス,https://xn--pckua2a7gp15o89zb.com/jb/baa79d8eda3be8cdba756c30d0bba98b,True,16時間前,2026-09-19 04:28:17,滋賀県
ゲーム・アニメ・キャラクター好きな学生さん大歓迎 ゲームセンタースタッフ新着,namcoアルプラザ水口店,滋賀県,"時給1,200円",アルバイト・パート,清掃,求人ボックス,https://xn--pckua2a7gp15o89zb.com/jb/eec89639df7d53ee869bbc4da7bd72e5,True,4時間前,2026-09-19 04:28:17,滋賀県
即席麺の製造・検査、包装機のオペレーション他新着,日清食品株式会社 関西工場,滋賀県,"時給1,290円",アルバイト・パート,清掃,求人ボックス,https://xn--pckua2a7gp15o89zb.com/jb/d0f414ece31b4ae96397b5fc335295a7,True,19時間前,2026-09-19 04:28:17,滋賀県
シフト休 年収400万円～!アイデア発揮 未経験から店長候補へ新着,株式会社コンシェルテック,滋賀県,"月給24万7,500円",正社員,清掃,求人ボックス,https://xn--pckua2a7gp15o89zb.com/jb/0e5ec0a6ebe6c0866542a4ba6e53f7e7,True,22時間前,2026-09-19 04:28:17,滋賀県
歯科衛生士／社保厚生年金完備 見学のみOK! 平日19時まで土曜17時までに退勤 スキルアップ応援新着,大津京しらはせ歯科,滋賀県,"月給25万5,000円",正社員,清掃,求人ボックス,https://xn--pckua2a7gp15o89zb.com/jb/f78e171c5a20dc1528847ca0bf574dc7,True,2時間前,2026-09-19 04:28:20,滋賀県
回転寿司店の飲食店スタッフ 経験者のみ 週休2日制 希望休制度あり 福利厚生多数新着,株式会社共和フーズ,滋賀県,月給30万円～48万円,正社員,清掃,求人ボックス,https://xn--pckua2a7gp15o89zb.com/jb/3f2423133156268a24cb2d028f37b949,True,4時間前,2026-09-19 04:28:20,滋賀県
カプセルトイ専門店のスタッフ新着,株式会社トーシン,滋賀県,"時給1,200円～",アルバイト・パート,清掃,求人ボックス,https://xn--pckua2a7gp15o89zb.com/jb/72c5a9843123eb400ff7d52ce8d14233,True,10時間前,2026-09-19 04:28:20,滋賀県
簡単軽作業／アルミ缶の製造オペレーター・製造設備メンテナンス／リモート面接OK／未経験歓迎新着,日研トータルソーシング株式会社,滋賀県,"時給1,450円～",派遣社員,清掃,求人ボックス,https://xn--pckua2a7gp15o89zb.com/jbn/037d6df97a3a5ee545db5cc406c1272d,True,22時間前,2026-09-19 04:28:20,滋賀県
ミスタードーナツ運営スタッフ／新店舗オープニング／未経験OK／月給23万～／賞与年3回／年休120日新着,株式会社ダスキン岸和田,滋賀県,月給23万～,正社員,清掃,求人ボックス,https://xn--pckua2a7gp15o89zb.com/jb/024c565c8345d4bc625f42c4ecd8d1ae,True,10時間前,2026-09-19 04:28:20,滋賀県
ジュエリーファッションアドバイザー新着,株式会社ベリテ,滋賀県,"月給22万3,000円",正社員,清掃,求人ボックス,https://xn--pckua2a7gp15o89zb.com/jb/de0027a87932b064d2ed66431aacaecf,True,22時間前,2026-09-19 04:28:20,滋賀県
製造スタッフ／車・航空機製造／ライン作業 エンジン部品の製造 高収入新着,株式会社AKATSUKI,滋賀県,"月給38万6,000円",正社員,製造,求人ボックス,https://xn--pckua2a7gp15o89zb.com/jb/9f3006c66a28d4550c89c717193adfdd,True,5時間前,2026-09-19 04:27:53,滋賀県
自動車の製造業務スタッフ新着,株式会社ベネフィット,滋賀県,月給25万円～,派遣社員,製造,求人ボックス,https://xn--pckua2a7gp15o89zb.com/jb/6500c2e35e53b46fa8868967befc4a95,True,9時間前,2026-09-19 04:27:54,滋賀県
「モクモク軽作業!」アルミパウダーの製造スタッフ／20代から30代活躍...新着,株式会社日本ケイテム,滋賀県,"時給1,500円～",アルバイト・パート,製造,求人ボックス,https://xn--pckua2a7gp15o89zb.com/jbn/f8bd53853ad060a032ad023c0a79bf89,True,19時間前,2026-09-19 04:27:54,滋賀県
製造スタッフ／ブランク歓迎／個室社宅あり／安定ワーク／かんたん作業新着,株式会社tocca,滋賀県,月給30万円～34万円,正社員,製造,求人ボックス,https://xn--pckua2a7gp15o89zb.com/jbn/aed9c6a145c30a904d55e135ecf3adc3,True,22時間前,2026-09-19 04:27:54,滋賀県
製造スタッフ／未経験者OK／完全週休二日制／年間休日120日／昇給あり新着,株式会社Lazy Bacchus,滋賀県,月給20万円,正社員,製造,求人ボックス,https://xn--pckua2a7gp15o89zb.com/jb/bf5931b4236bbc141bf3b32a44d08983,True,4時間前,2026-09-19 04:27:56,滋賀県
製造スタッフ／工場・製造系 ア 機能式ベッドの組み立て·寮完備新着,株式会社STREAK,滋賀県,"時給1,550円～1,950円",アルバイト・パート,製造,求人ボックス,https://xn--pckua2a7gp15o89zb.com/jb/5e578e4065a0c1501e918ed9437a9167,True,5時間前,2026-09-19 04:27:56,滋賀県
暮らしに近い製品の製造スタッフ!／折りたたみ傘ケースの加工補助スタッフ新着,製造,滋賀県,"月給42万6,000円",正社員,製造,求人ボックス,https://xn--pckua2a7gp15o89zb.com/jbn/0839780d478804cc649985873690b283,True,11時間前,2026-09-19 04:28:00,滋賀県
「EVモーターの製造」若手スタッフ多数／二交代・夜勤あり／無料社宅あり新着,AspiRove株式会社,滋賀県,月給33万円,正社員,製造,求人ボックス,https://xn--pckua2a7gp15o89zb.com/jb/d283c006283a8ac61fd00ebabeac0279,True,22時間前,2026-09-19 04:28:00,滋賀県
「新しい仕事に挑戦しやすい」／スマート家電リモコンの製造スタッフ新着,製造,滋賀県,"月給34万8,000円",正社員,製造,求人ボックス,https://xn--pckua2a7gp15o89zb.com/jbn/fc4aea3b9312b0a15cbe9f983809ecaf,True,14時間前,2026-09-19 04:28:04,滋賀県
「正社員デビュー応援」／宅配ボックス部材の製造スタッフ／モノづくり新着,製造,滋賀県,"月給33万3,000円",正社員,製造,求人ボックス,https://xn--pckua2a7gp15o89zb.com/jbn/b84ffda2042d520fb0091fe3aa8a9140,True,14時間前,2026-09-19 04:28:04,滋賀県
「正社員デビュー応援」／電動工具ケースの製造スタッフ／モノづくり新着,製造,滋賀県,月給34万円～39万,正社員,製造,求人ボックス,https://xn--pckua2a7gp15o89zb.com/jbn/8a4056d3d09aa5510c5820017303df41,True,14時間前,2026-09-19 04:28:08,滋賀県
しっかりサポートあり／プラスチックケースの製造Staff／未経験歓迎新着,株式会社アテナスタイル,滋賀県,"月給29万4,000円",正社員,製造,求人ボックス,https://xn--pckua2a7gp15o89zb.com/jb/cad7edbee25daa60cd34badec224cfad,True,5時間前,2026-09-19 04:28:11,滋賀県
ETCの製造・軽作業スタッフ新着,ライフウェル合同会社,滋賀県,"月給27万5,000円",正社員,製造,求人ボックス,https://xn--pckua2a7gp15o89zb.com/jb/ba3d55a6aab11248d7d15bb94066b707,True,9時間前,2026-09-19 04:28:11,滋賀県
スピード選考OKの製造ワーク／冷感タオルの製造スタッフ／待遇面も安心新着,製造,滋賀県,"月給33万2,000円",正社員,製造,求人ボックス,https://xn--pckua2a7gp15o89zb.com/jbn/2d99e09bb183410c2692f5a7abb7010e,True,9時間前,2026-09-19 04:28:11,滋賀県
カチッと組んで形にする!趣味系アイテムを扱うものづくり業務／釣り竿の製造スタッフ／異業種からの転職歓...新着,株式会社Tetote,滋賀県,"月給27万3,000円",正社員,製造,求人ボックス,https://xn--pckua2a7gp15o89zb.com/jbn/1922f26bce78b2b340b38cb7f0b428e3,True,12時間前,2026-09-19 04:28:14,滋賀県
チームで進めるものづくり／バッグ用パーツの製造スタッフ／生活サポート充...新着,製造,滋賀県,"月給31万5,000円",正社員,製造,求人ボックス,https://xn--pckua2a7gp15o89zb.com/jbn/5f7f452c4dd45bb25834f2286cf0d0b5,True,9時間前,2026-09-19 04:28:18,滋賀県
ETCの製造・軽作業スタッフ新着,株式会社ファイアワークス,滋賀県,"月給27万5,000円",正社員,製造,求人ボックス,https://xn--pckua2a7gp15o89zb.com/jb/91bdbf0d6822a9442e9ba0ef2f81bdfe,True,10時間前,2026-09-19 04:28:21,滋賀県
防災用品・非常用備蓄品の製造サポートスタッフ／工場軽作業・製造補助新着,製造,滋賀県,"時給1,378円～1,978円",アルバイト・パート,製造,求人ボックス,https://xn--pckua2a7gp15o89zb.com/jb/793912c06029762b5f6dc244ea48db9b,True,7時間前,2026-09-19 04:28:21,滋賀県
スピード選考OKの製造ワーク／スマホアクセサリーの製造スタッフ新着,製造,滋賀県,"月給35万5,000円",正社員,製造,求人ボックス,https://xn--pckua2a7gp15o89zb.com/jbn/6b974afa0dfc394b1eecc4d886e48c36,True,9時間前,2026-09-19 04:28:21,滋賀県
歯科衛生士／中洲川端駅徒歩3分／複数駅から好アクセス 昇給・賞与あり!新着,医療法人善 新開歯科医院,福岡県,月給26万円～32万円,正社員,歯科,求人ボックス,https://xn--pckua2a7gp15o89zb.com/jb/14c68bb969ecd0eb8bc8225a92e00fa0,True,2時間前,2026-09-19 04:28:25,福岡県
歯科衛生士／社保完備・休日振替診療なし!子育て中の方でも働きやすい職場新着,医療法人博栄会 うえの歯科クリニック,福岡県,月給26万円～35万円,正社員,歯科,求人ボックス,https://xn--pckua2a7gp15o89zb.com/jb/cb5f5db370179f3527eacde0bfe1d84b,True,2時間前,2026-09-19 04:28:25,福岡県
訪問専任歯科衛生士・社会保険完備の職場で歯科衛生士新着,医療法人桜樹会 さくらぎ久留米歯科,福岡県,"時給1,400円～2,000円",アルバイト・パート,歯科,求人ボックス,https://xn--pckua2a7gp15o89zb.com/jb/d22dd2d6ad643e279bc7e64807a433f6,True,6時間前,2026-09-19 04:28:25,福岡県
歯科衛生士新着,グリーン歯科クリニック,福岡県,月給27万円～35万円,正社員,歯科,求人ボックス,https://xn--pckua2a7gp15o89zb.com/jb/ae6e39ea88f1fdbcc84b9bb9623111a1,True,23時間前,2026-09-19 04:28:25,福岡県
登録歯科衛生士／週0日～OK!スポット勤務も歓迎新着,ながお歯科クリニック,福岡県,"時給2,000円～2,300円",アルバイト・パート,歯科,求人ボックス,https://xn--pckua2a7gp15o89zb.com/jb/6be6c7c338f484cd8b0ba892149b08b2,True,13時間前,2026-09-19 04:28:25,福岡県
歯科助手／平日18時まで土曜日14時まで。高宮駅徒歩5分新着,豊美歯科クリニック,福岡県,月給20万円～25万円,正社員,歯科,求人ボックス,https://xn--pckua2a7gp15o89zb.com/jb/eb111e61ab9e251254ce0f7f02749ca7,True,2時間前,2026-09-19 04:28:25,福岡県
受付業務などを行う歯科助手新着,アクロスモール春日歯科,福岡県,月給22万円～30万円,正社員,歯科,求人ボックス,https://xn--pckua2a7gp15o89zb.com/jb/598a173a8eea1f808048fc95f70283af,True,6時間前,2026-09-19 04:28:25,福岡県
歯科衛生士／未経験OK 季節休暇あり 駅チカ徒歩9分&マイカー通勤OK...新着,さかもと歯科医院,福岡県,月給24万円～,正社員,歯科,求人ボックス,https://xn--pckua2a7gp15o89zb.com/jb/f95555c5748cb10931eaa6eeebc092c3,True,16時間前,2026-09-19 04:28:25,福岡県
博多駅徒歩3分 学びと働きやすさを両立しながら、患者様の人生に寄り添う歯科衛生士へ新着,友枝歯科・矯正歯科クリニック博多駅前,福岡県,月給27万円～38万,正社員,歯科,求人ボックス,https://xn--pckua2a7gp15o89zb.com/jb/09b16b825956686c73a5e24540994a1d,True,16時間前,2026-09-19 04:28:25,福岡県
"訪問歯科医師／日給 30,000円～50,000円+自費義歯20%／土日休み／勤務日数相談可能新着",医療法人桜樹会,福岡県,日給3万円～5万円,アルバイト・パート,歯科,求人ボックス,https://xn--pckua2a7gp15o89zb.com/jb/6e468bb2817e8d1306e85a9001156f39,True,7時間前,2026-09-19 04:28:25,福岡県
歯科医師／ホワイトニングサロンReflet歯科天神新着,医療法人愛弘会,福岡県,月給60万円～100万円,正社員,歯科,求人ボックス,https://xn--pckua2a7gp15o89zb.com/jb/d449fa3dc80d8683be835923d79f2396,True,4時間前,2026-09-19 04:28:25,福岡県
滋賀県草津市の飲食店の清掃スタッフ新着,株式会社プレイ比良,滋賀県草津市の飲食店の清掃スタッフ,"時給1,190円",アルバイト,飲食,求人ボックス,https://xn--pckua2a7gp15o89zb.com/jb/99fd9006306a87b5b03230172f722ddf,True,6時間前,2026-09-19 04:28:25,滋賀県
"レストラン・専門料理店,レストラン・専門料理店新着",株式会社WORLDs,滋賀県,"月給24万5,000円",正社員,飲食,求人ボックス,https://xn--pckua2a7gp15o89zb.com/jbn/a1ac847ba0503b6a8ffafce92088986f,True,13時間前,2026-09-19 04:28:25,滋賀県
レストラン・専門料理店新着,有限会社天晴,滋賀県,月給25万円～35万円,正社員,飲食,求人ボックス,https://xn--pckua2a7gp15o89zb.com/jbn/481022c4caf89941137d34d76228ebb8,True,13時間前,2026-09-19 04:28:25,滋賀県
レストラン・専門料理店／主婦・主夫歓迎／フリーター歓迎／賞与あり新着,株式会社かふか,滋賀県,"月給19万7,000円",正社員,飲食,求人ボックス,https://xn--pckua2a7gp15o89zb.com/jbn/545ed1d7db30a0fec777086ade0d53a5,True,13時間前,2026-09-19 04:28:25,滋賀県
レストラン・専門料理店新着,株式会社ビーケー・ジャパン,滋賀県,"月給24万3,000円",正社員,飲食,求人ボックス,https://xn--pckua2a7gp15o89zb.com/jbn/b8da8ecd8a8132c7f17a674f82cfcd10,True,13時間前,2026-09-19 04:28:25,滋賀県
レストラン・専門料理店新着,株式会社フーズネット,滋賀県,"月給22万6,000円",正社員,飲食,求人ボックス,https://xn--pckua2a7gp15o89zb.com/jbn/37f59570cf565613f7ed4e2c103b2150,True,13時間前,2026-09-19 04:28:25,滋賀県
レストラン・専門料理店新着,石原産業株式会社,滋賀県,月給25万円～42万,正社員,飲食,求人ボックス,https://xn--pckua2a7gp15o89zb.com/jbn/527488dd532cf4f156730601d798d554,True,13時間前,2026-09-19 04:28:25,滋賀県
レストラン・専門料理店新着,株式会社トリドールホールディングス,滋賀県,"月給24万9,000円",正社員,飲食,求人ボックス,https://xn--pckua2a7gp15o89zb.com/jbn/fd8cc0d98d282b60859a8ecde8b263f0,True,13時間前,2026-09-19 04:28:25,滋賀県
「男女どちらもゲーム業界で活躍中!」／人気ゲームのテストプレイ／未経験歓迎／研修制度充実／長期安定新着,株式会社SNJAPAN,滋賀県,月給27万円～34万円,正社員,飲食,求人ボックス,https://xn--pckua2a7gp15o89zb.com/jbn/2829bc66b24746cf63e07302cd5492c6,True,14時間前,2026-09-19 04:28:25,滋賀県
ずんどう屋 店舗マネージャー新着,株式会社ZUND,滋賀県,月給45万円～49万円,正社員,飲食,求人ボックス,https://xn--pckua2a7gp15o89zb.com/jbn/2aa0aa7e4a995e925c1f8d861e63d7d5,True,22時間前,2026-09-19 04:28:25,滋賀県
ペットショップの生体管理・接客スタッフ／近江八幡店しっかり休める週休2日／未経験OK新着,株式会社犬の家 近江八幡店,滋賀県,"月給19万6,000円",正社員,飲食,求人ボックス,https://xn--pckua2a7gp15o89zb.com/jbn/c758aebd4bc13521a606fb441aabd8de,True,21時間前,2026-09-19 04:28:29,滋賀県
レストラン・専門料理店新着,株式会社かわべフードサービス,滋賀県,月給27万円～35万円,正社員,飲食,求人ボックス,https://xn--pckua2a7gp15o89zb.com/jbn/35fe4c9167e1285a1363755f6a34a85c,True,13時間前,2026-09-19 04:28:29,滋賀県
レストラン・専門料理店／賞与あり／経験者優遇／社会保険完備新着,株式会社治元,滋賀県,月給24万円～31万,正社員,飲食,求人ボックス,https://xn--pckua2a7gp15o89zb.com/jbn/e44bfd1fdc1450200aee8eeb9690492c,True,12時間前,2026-09-19 04:28:32,滋賀県
レストラン・専門料理店／週休2日制／社会保険完備／経験者優遇新着,京阪ホテルズ&リゾーツ株式会社,滋賀県,"月給21万4,000円",契約社員,飲食,求人ボックス,https://xn--pckua2a7gp15o89zb.com/jbn/b40c0bb679019e11f80237d97b45de08,True,13時間前,2026-09-19 04:28:32,滋賀県
吉野家の店長候補／年収400万円以上可新着,株式会社吉野家ホールディングス,滋賀県,月給24万900円,正社員,飲食,求人ボックス,https://xn--pckua2a7gp15o89zb.com/jb/7751e0dbd982d7dbae2c2b06527f589e,True,4時間前,2026-09-19 04:28:32,滋賀県
今流行りの軽貨物未経験でも年収600万円以上狙えるのはここ新着,株式会社アレス,滋賀県,月給35万円～50万円,正社員,飲食,求人ボックス,https://xn--pckua2a7gp15o89zb.com/jb/8b3b9d930563fc8622b8e5327e62bc11,True,10時間前,2026-09-19 04:28:32,滋賀県
「PC入力デビュー!」／データ入力／正社員採用／未経験OK／nO.663新着,スタッフ,滋賀県,"月給25万5,000円",正社員,飲食,求人ボックス,https://xn--pckua2a7gp15o89zb.com/jbn/3d9763d5e164b00386e1f8324a13437d,True,11時間前,2026-09-19 04:28:32,滋賀県
「応募者対応デビュー!」／人事事務／WEB面接相談OK／正社員採用／nO.771新着,スタッフ,滋賀県,"月給25万6,000円",正社員,飲食,求人ボックス,https://xn--pckua2a7gp15o89zb.com/jbn/2d8169e80c0521e88725db63fd274e59,True,11時間前,2026-09-19 04:28:35,滋賀県
「「未経験歓迎×日払いOK×日勤専属」」プラモデルの倉庫内軽作業新着,セブンエージェント株式会社,滋賀県,"時給1,300円～",派遣社員,飲食,求人ボックス,https://xn--pckua2a7gp15o89zb.com/jb/e948390e26bdb899f05e85b46c5d130f,True,20時間前,2026-09-19 04:28:35,滋賀県
20代～40代活躍中／ピッと操作!ラクラク商品集め／高時給・賞与あり／日勤固定で土日祝休み新着,トランコムSC株式会社,滋賀県,"時給1,350円～1,687円",派遣社員,飲食,求人ボックス,https://xn--pckua2a7gp15o89zb.com/jbn/e38543f6d31e33f5eec4b6306e5e02ba,True,23時間前,2026-09-19 04:28:35,滋賀県
「まだ間に合う!」未経験からできる一般事務／研修充実／年間休日125日以上／大津市梅林1丁目新着,株式会社Light BROTHERS,滋賀県,月給25万円～40万円,正社員,飲食,求人ボックス,https://xn--pckua2a7gp15o89zb.com/jb/846edfa891e677fc7db8752f178bdb4c,True,19時間前,2026-09-19 04:28:35,滋賀県
決済関連の小型機器製造／未経験OK新着,ライフウェル合同会社,滋賀県,"月給27万5,000円",正社員,飲食,求人ボックス,https://xn--pckua2a7gp15o89zb.com/jb/604550dc351d1eb38e0a78be5baa747e,True,9時間前,2026-09-19 04:28:35,滋賀県
買取査定スタッフ／月収50.1万円スタート／初年度年収1000万円超多数新着,株式会社エンパワー 買取大吉 アル・プラザ堅田店,滋賀県,"月給50万1,000円",正社員,飲食,求人ボックス,https://xn--pckua2a7gp15o89zb.com/jb/459e891f03c6a76728944109a62c6db4,True,4時間前,2026-09-19 04:28:38,滋賀県
蒲生郡竜王町／「即入寮OK・寮費0円」業務用冷蔵庫部品の組立・検査／日払いあり／赴任旅費支給新着,株式会社サジェスト,滋賀県,"月給29万3,000円",正社員,飲食,求人ボックス,https://xn--pckua2a7gp15o89zb.com/jb/c2744d07741995acdcfcb4405522dfd4,True,7時間前,2026-09-19 04:28:38,滋賀県
「モクモク作業で安定した毎日へ。」イヤホンの付属品セット／未経験から正社員／ji.816新着,スタッフ,滋賀県,"月給29万4,000円",正社員,飲食,求人ボックス,https://xn--pckua2a7gp15o89zb.com/jbn/9f87c4430ebcf1c57d8b43752127573b,True,14時間前,2026-09-19 04:28:38,滋賀県
シフト休 年収400万円～／転勤なし!地元で着実に成長!地域の人に愛されるお店でキッチン&ホールに挑...新着,株式会社コンシェルテック,滋賀県,"月給24万7,500円",正社員,飲食,求人ボックス,https://xn--pckua2a7gp15o89zb.com/jb/1169bd5c7200fcc3fdab88db99b6c6c4,True,22時間前,2026-09-19 04:28:38,滋賀県
「男女問わず活躍中の梱包作業」／クッション素材の梱包／未経験歓迎／福利厚生充実／交通費支給新着,三陽工業株式会社,滋賀県,月給19万円～37万円,正社員,飲食,求人ボックス,https://xn--pckua2a7gp15o89zb.com/jbn/5172132d90ba9ea7e8c592b254b05b1b,True,13時間前,2026-09-19 04:28:38,滋賀県
決済関連の小型機器製造／未経験OK新着,縁建託株式会社,滋賀県,"月給27万5,000円",正社員,飲食,求人ボックス,https://xn--pckua2a7gp15o89zb.com/jb/61562bed1cb7d70a8b4d51ab5ec9c2d5,True,9時間前,2026-09-19 04:28:38,滋賀県
「モクモク作業で安定した毎日へ。」トレーディングカードの封入／未経験から正社員／ji.805新着,スタッフ,滋賀県,"月給28万3,000円",正社員,飲食,求人ボックス,https://xn--pckua2a7gp15o89zb.com/jbn/632e229f5e01245a8efb518a1d883c2e,True,14時間前,2026-09-19 04:28:40,滋賀県
「モクモク作業で安定した毎日へ。」アクリルグッズの仕分け／未経験から正社員／ji.815新着,スタッフ,滋賀県,"月給29万3,000円",正社員,飲食,求人ボックス,https://xn--pckua2a7gp15o89zb.com/jbn/b996753a28e8569d5d7a0df9819e86c4,True,14時間前,2026-09-19 04:28:40,滋賀県
加工マシンオペレーション／午後出勤／男女活躍中／資格取得支援／有給休暇／交通費支給新着,株式会社ティーエム・テックス,滋賀県,"時給1,450円～1,813円",契約社員,飲食,求人ボックス,https://xn--pckua2a7gp15o89zb.com/jbn/34f8ec4fb12e774f0bb7dc39d84ec579,True,23時間前,2026-09-19 04:28:40,滋賀県
「毎日見かけるあの商品を、自分の手で。」浄水フィルターづくり／経験不問／ji.820新着,スタッフ,滋賀県,"月給31万8,000円",正社員,飲食,求人ボックス,https://xn--pckua2a7gp15o89zb.com/jbn/f0b4500081a0aaa2f087d666ce45f456,True,14時間前,2026-09-19 04:28:40,滋賀県
「座って入力ワークデビュー!」／データ入力／20代活躍中／空調完備／学歴不問／nO.881新着,スタッフ,滋賀県,"月給25万7,000円",正社員,飲食,求人ボックス,https://xn--pckua2a7gp15o89zb.com/jbn/0ef7ca961455a0fef72d5e2582d6dd52,True,11時間前,2026-09-19 04:28:40,滋賀県
「モクモク作業で安定した毎日へ。」ぬいぐるみの検品／未経験から正社員／ji.807新着,スタッフ,滋賀県,"月給28万5,000円",正社員,飲食,求人ボックス,https://xn--pckua2a7gp15o89zb.com/jbn/562dd9476fdd6d4d3618fbd5b2637495,True,14時間前,2026-09-19 04:28:44,滋賀県
「モクモク作業で安定した毎日へ。」ケーブルの袋詰め／未経験から正社員／ji.817新着,スタッフ,滋賀県,"月給29万5,000円",正社員,飲食,求人ボックス,https://xn--pckua2a7gp15o89zb.com/jbn/7ac1d6b4af4063a5ac6be45869b174c7,True,14時間前,2026-09-19 04:28:44,滋賀県
決済関連の小型機器製造／未経験OK新着,株式会社ファイアワークス,滋賀県,"月給27万5,000円",正社員,飲食,求人ボックス,https://xn--pckua2a7gp15o89zb.com/jb/9f20a4a29cc60dbb474f5a3b1a9ff228,True,9時間前,2026-09-19 04:28:44,滋賀県
「画面のミスを探そう! 」／ゲームテスター／月収50万可能／経験者歓迎／完全週休2日新着,スタッフ,滋賀県,月給30万円～50万円,正社員,飲食,求人ボックス,https://xn--pckua2a7gp15o89zb.com/jbn/dd3754b906cdc927a4dd6f40a8fba3a8,True,16時間前,2026-09-19 04:28:44,滋賀県
「毎日見かけるあの商品を、自分の手で。」小型モーターづくり／経験不問／ji.808新着,スタッフ,滋賀県,"月給30万6,000円",正社員,飲食,求人ボックス,https://xn--pckua2a7gp15o89zb.com/jbn/7215a5378478ef00e756e1c4155d8a48,True,14時間前,2026-09-19 04:28:44,滋賀県
「未経験からゲーム制作に関われる!」／ゲームテスター／月収30万〜50万／未経験OK／サポート業務新着,スタッフ,滋賀県,"月給31万5,000円",正社員,飲食,求人ボックス,https://xn--pckua2a7gp15o89zb.com/jbn/4783377411bbb1db6a7d2caf99308630,True,15時間前,2026-09-19 04:28:44,滋賀県
「毎日見かけるあの商品を、自分の手で。」医療用マスクづくり／経験不問／ji.810新着,スタッフ,滋賀県,"月給30万8,000円",正社員,飲食,求人ボックス,https://xn--pckua2a7gp15o89zb.com/jbn/9cc72ff81a041890e04c0c006cf79c94,True,14時間前,2026-09-19 04:28:44,滋賀県
「毎日見かけるあの商品を、自分の手で。」検査キットづくり／経験不問／ji.818新着,スタッフ,滋賀県,"月給31万6,000円",正社員,飲食,求人ボックス,https://xn--pckua2a7gp15o89zb.com/jbn/4cf3fbe9c96d5e1e6ba3dc2ee85c97e6,True,14時間前,2026-09-19 04:28:47,滋賀県
「オフィスワークデビュー!」／一般事務／WEB面接相談OK／正社員採用／nO.92新着,スタッフ,滋賀県,"月給25万6,000円",正社員,飲食,求人ボックス,https://xn--pckua2a7gp15o89zb.com/jbn/1c44dd83d939509f96752eb3d6e1ce11,True,10時間前,2026-09-19 04:28:47,滋賀県
「毎日見かけるあの商品を、自分の手で。」電子基板づくり／経験不問／ji.809新着,スタッフ,滋賀県,"月給30万7,000円",正社員,飲食,求人ボックス,https://xn--pckua2a7gp15o89zb.com/jbn/606bc3d202c568b6c069995b3b0c3d61,True,14時間前,2026-09-19 04:28:47,滋賀県
「毎日見かけるあの商品を、自分の手で。」電動歯ブラシづくり／経験不問／ji.819新着,スタッフ,滋賀県,"月給31万7,000円",正社員,飲食,求人ボックス,https://xn--pckua2a7gp15o89zb.com/jbn/4d216d3219c41835d569abcf36d554b5,True,14時間前,2026-09-19 04:28:47,滋賀県
「モクモク作業で安定した毎日へ。」カプセルトイの袋詰め／未経験から正社員／ji.806新着,スタッフ,滋賀県,"月給28万4,000円",正社員,飲食,求人ボックス,https://xn--pckua2a7gp15o89zb.com/jbn/00ce994fad6fc1f55c23d98808f88628,True,14時間前,2026-09-19 04:28:47,滋賀県
「シンプル作業で安心スタート!」／アプリテスター／月収30万〜50万／未経験OK／マニュアル完備新着,PCの基本操作が不安でも、電源の入れ方やタイピングから教えます!  アパレル、,滋賀県,"月給31万5,000円",正社員,飲食,求人ボックス,https://xn--pckua2a7gp15o89zb.com/jbn/00f0ac7fd301b2ae0161f4744ff8657d,True,15時間前,2026-09-19 04:28:47,滋賀県
「新作ゲーム」を最速プレイ!／ゲームテスター／スキルに応じて随時昇給服装・髪型自由／年間休日125日新着,PCの基本操作が不安でも、電源の入れ方やタイピングから教えます!  アパレル、,滋賀県,月給30万円～50万円,正社員,飲食,求人ボックス,https://xn--pckua2a7gp15o89zb.com/jbn/878d367d0163829f869fad7207b2fffc,True,16時間前,2026-09-19 04:28:47,滋賀県
滋賀県長浜市の調理スタッフ／社会福祉法人 湖北真幸会新着,社会福祉法人湖北真幸会,滋賀県長浜市の調理スタッフ／社会福祉法人,"時給1,136円",アルバイト,飲食,求人ボックス,https://xn--pckua2a7gp15o89zb.com/jb/fa1cf2c5ea7deaed00cd20e68f6b93c2,True,6時間前,2026-09-19 04:28:50,滋賀県
ソフトバンク店舗でのスマホ販売スタッフ／賞与あり／未経験歓迎新着,ソフトバンク株式会社,滋賀県,"月給24万7,500円",契約社員,飲食,求人ボックス,https://xn--pckua2a7gp15o89zb.com/jb/48c42448797bd3b61b37d9e9213e6d94,True,5時間前,2026-09-19 04:28:50,滋賀県
和モダン居酒屋のホールスタッフ新着,株式会社オーイズミフーズ,滋賀県,"月給28万5,000円",正社員,飲食,求人ボックス,https://xn--pckua2a7gp15o89zb.com/jb/90ee2cd1bab46f9197560536b0833834,True,4時間前,2026-09-19 04:28:50,滋賀県
滋賀県大津市の保育園給食調理業務／石山くじら保育園滋賀支店新着,有限会社こんぺいとう,滋賀県大津市の保育園給食調理業務／石山くじら保育園滋賀支店,"時給1,140円～1,190円",アルバイト,飲食,求人ボックス,https://xn--pckua2a7gp15o89zb.com/jb/854f7afbe42ce6301b54d67fb399d1ae,True,6時間前,2026-09-19 04:28:50,滋賀県
日野×長期／サポート事務 月収20万円～↑車通勤OK!大手新着,スタッフ,滋賀県,"時給1,300円",派遣社員,派遣,求人ボックス,https://xn--pckua2a7gp15o89zb.com/jb/b66586213f1fa60fbdd43b3af83351e4,True,12時間前,2026-09-19 04:28:20,滋賀県
一般事務・OA事務 ／ 軽作業 ／食堂あり こつこつ事務と軽作業 未経験大歓迎!車OK新着,パーソルテンプスタッフ株式会社,滋賀県,"時給1,370円",派遣社員,派遣,求人ボックス,https://xn--pckua2a7gp15o89zb.com/jb/4087a2e62df03e8402e41327fc99ee98,True,16時間前,2026-09-19 04:28:20,滋賀県
介護スタッフ／サービス付高齢者向け住宅で勤務!20代～30代活躍中／無資格スタート応援!夜勤のみ新着,株式会社ベネッセキャリオス,滋賀県,"時給1,813円",派遣社員,派遣,求人ボックス,https://xn--pckua2a7gp15o89zb.com/jbn/1000a9d0b6cdf6952bbafd4d26df3810,True,21時間前,2026-09-19 04:28:20,滋賀県
「「夜勤のみ!時給1560円×土日祝休み」」ゲームセンターの景品の倉庫内軽作業新着,セブンエージェント株式会社,滋賀県,時給1560円,派遣社員,派遣,求人ボックス,https://xn--pckua2a7gp15o89zb.com/jb/5efbbdd9d4775ee7bb7b3bed0e4021d0,True,20時間前,2026-09-19 04:28:20,滋賀県
「寮完備!日払い可能!コツコツ簡単作業」ガチャポンやUFOキャッチャー景品の軽作業スタッフ新着,株式会社アルミラ,滋賀県,"時給1,420円～",アルバイト・パート,派遣,求人ボックス,https://xn--pckua2a7gp15o89zb.com/jb/459b5b7f24b836b6d572fbf4e95d800d,True,17時間前,2026-09-19 04:28:21,滋賀県
設計／産業電池の構造設計、試作試験等新着,パーソルクロステクノロジー株式会社,滋賀県,"時給2,100円",派遣社員,派遣,求人ボックス,https://xn--pckua2a7gp15o89zb.com/jb/b022e8181192f8601e8d9050406846c6,True,15時間前,2026-09-19 04:28:21,滋賀県
軽い商品の運搬・軽作業新着,株式会社イープラネット,滋賀県,"時給1,500円～1,875円",正社員,派遣,求人ボックス,https://xn--pckua2a7gp15o89zb.com/jb/57d6b1db55f07950f8c0615c92807915,True,18時間前,2026-09-19 04:28:21,滋賀県
倉庫でのフォークリフト作業新着,株式会社ウィルオブ・ワーク,滋賀県,"時給1,470円",派遣社員,派遣,求人ボックス,https://xn--pckua2a7gp15o89zb.com/jb/e7d579b20ff1e35a883ded7ba4587f38,True,15時間前,2026-09-19 04:28:21,滋賀県
組み立て／月収例22.0万円／20代～50代活躍中新着,株式会社キャリアインデックス,滋賀県,月給22万円,派遣社員,派遣,求人ボックス,https://xn--pckua2a7gp15o89zb.com/jb/bdf80683709df54ffc363eaed36773f4,True,22時間前,2026-09-19 04:28:21,滋賀県
滋賀県彦根市の人材派遣業営業職／夏原工業 株式会社新着,夏原工業株式会社,滋賀県彦根市の人材派遣業営業職／夏原工業,"月給27万3,395円",正社員,派遣,求人ボックス,https://xn--pckua2a7gp15o89zb.com/jb/31aa2406e450183322229b855fb721f5,True,6時間前,2026-09-19 04:28:25,滋賀県
小型エンジン部品の製造／月収例32万円／工場／軽作業／寮完備／日払い新着,株式会社ビート 業務部,滋賀県,"時給1,600円～2,000円",派遣社員,派遣,求人ボックス,https://xn--pckua2a7gp15o89zb.com/jb/60234f8396fbab3b1058d859964a6437,True,15時間前,2026-09-19 04:28:25,滋賀県
組み立てスタッフ新着,日本マニュファクチャリングサービス株式会社,滋賀県,"時給1,500円～",正社員,派遣,求人ボックス,https://xn--pckua2a7gp15o89zb.com/jb/d4cee7fe1441bcbf18c37710859c0c46,True,9時間前,2026-09-19 04:28:25,滋賀県
化学知識活かす 半導体製造装置の材料分析業務新着,株式会社スタッフサービス,滋賀県,"時給2,000円～",派遣社員,派遣,求人ボックス,https://xn--pckua2a7gp15o89zb.com/jb/3b7452e69b3169d1e12f8352ee4dbf6f,True,9時間前,2026-09-19 04:28:25,滋賀県
「え、いきなり正社員!?」／電動アシスト付き自転車の部品の製造／未経験OK／20~30代活躍中!新着,三陽工業株式会社,滋賀県,"月給19万5,000円",正社員,派遣,求人ボックス,https://xn--pckua2a7gp15o89zb.com/jbn/d7e9a34c077b86e355f8604722237ca3,True,13時間前,2026-09-19 04:28:25,滋賀県
簡単軽作業／金属製品の検査／土日休み／リモート面接OK新着,日研トータルソーシング株式会社,滋賀県,"時給1,450円～",派遣社員,派遣,求人ボックス,https://xn--pckua2a7gp15o89zb.com/jbn/301441db5e79b14432745abcd989130a,True,23時間前,2026-09-19 04:28:29,滋賀県
プラスチック成型加工スタッフ新着,株式会社ホットスタッフ滋賀,滋賀県,"時給1,500円",派遣社員,派遣,求人ボックス,https://xn--pckua2a7gp15o89zb.com/jb/1e1fadd45b1f04612ba8b3b7cefb2096,True,10時間前,2026-09-19 04:28:29,滋賀県
ラベル貼り・梱包作業／9時から出勤・土日祝お休み新着,株式会社テクノ・サービス,滋賀県,"時給1,300円～",派遣社員,派遣,求人ボックス,https://xn--pckua2a7gp15o89zb.com/jbn/92b32f08e208926ccee4d0826aea5d52,True,19時間前,2026-09-19 04:28:29,滋賀県
大手工場で給湯器部品の検査／高時給です／20代～40代活躍中／未経験OK／週仮払い制度あり新着,株式会社ティーエム・テックス,滋賀県,"時給1,400円～1,750円",派遣社員,派遣,求人ボックス,https://xn--pckua2a7gp15o89zb.com/jbn/22eadfe320574d355de0871ed3f0d537,True,23時間前,2026-09-19 04:28:29,滋賀県
組立・加工・プレス／家電・パソコン・スマホ・20-40代活躍中新着,株式会社ウイルテック,滋賀県,"時給1,350円～",正社員,派遣,求人ボックス,https://xn--pckua2a7gp15o89zb.com/jb/afc855a53676825f0a11312b1c7d1fc4,True,4時間前,2026-09-19 04:28:31,滋賀県
樹脂加工機への原料投入・機械操作新着,株式会社ワイズ関西,滋賀県,"時給1,380円",派遣社員,派遣,求人ボックス,https://xn--pckua2a7gp15o89zb.com/jb/129819e38ddce9bfcd1848298d17191f,True,9時間前,2026-09-19 04:28:31,滋賀県
工場で機械オペレーター新着,古河電工ビジネス&ライフサポート株式会社,滋賀県,"時給1,150円～1,495円",派遣社員,派遣,求人ボックス,https://xn--pckua2a7gp15o89zb.com/jb/2e6a4b2633a60a1294c92a0d78137301,True,9時間前,2026-09-19 04:28:31,滋賀県
寮完備・月収31万円 自動車系工場での機械操作・製造オペレーター 交替制・20-40代活躍中新着,株式会社BREXA Next,滋賀県,"時給1,600円～",派遣社員,派遣,求人ボックス,https://xn--pckua2a7gp15o89zb.com/jb/f1b2aa838ab925be3774083c7be180a9,True,4時間前,2026-09-19 04:28:31,滋賀県
樹脂製品の加工作業／電車通勤可能!駅チカ徒歩6分新着,株式会社エイペックス,滋賀県,"時給1,600円～2,000円",派遣社員,派遣,求人ボックス,https://xn--pckua2a7gp15o89zb.com/jb/b29fa8d517ac49d0b50fe124365c4cd1,True,7時間前,2026-09-19 04:28:35,滋賀県
自然派コスメ製造・検品スタッフ／未経験歓迎!人気のコスメ製造 コツコツ作業で安定勤務新着,IBS即戦力人財株式会社,滋賀県,"時給1,400円",派遣社員,派遣,求人ボックス,https://xn--pckua2a7gp15o89zb.com/jb/8dbfce0be84176f218421d073c57d0da,True,20時間前,2026-09-19 04:28:35,滋賀県
コミュ力不要のカンタン作業／軽作業・工場／住み込み歓迎／日払い、週払い可新着,株式会社F・C 採用部,滋賀県,月給28万円～32万円,派遣社員,派遣,求人ボックス,https://xn--pckua2a7gp15o89zb.com/jb/f3cac328167269a69008dff8ad94d297,True,8時間前,2026-09-19 04:28:35,滋賀県
介護福祉士／オープニング有料老人ホーム新着,グッドネクスト,滋賀県,"時給1,700円～1,900円",派遣社員,派遣,求人ボックス,https://xn--pckua2a7gp15o89zb.com/jb/184328eeedb7be8d4811c393bbe0452f,True,23時間前,2026-09-19 04:28:35,滋賀県
20代～40代活躍中／フォークリフト作業スタッフ／高時給+賞与あり／日勤固定・土日祝休み新着,トランコムSC株式会社,滋賀県,"時給1,350円～1,687円",派遣社員,派遣,求人ボックス,https://xn--pckua2a7gp15o89zb.com/jbn/4b2ba774f5bb8ae474090353c7cbc5ba,True,23時間前,2026-09-19 04:28:35,滋賀県
"大手家電メーカーでのフォークリフトでの入出荷作業／時給1,300円!日勤専属&土日休み新着",株式会社タケダコーポレーション,滋賀県,"時給1,300円",派遣社員,派遣,求人ボックス,https://xn--pckua2a7gp15o89zb.com/jb/ea8478f4f7a56bc48727803ad959ad67,True,23時間前,2026-09-19 04:28:39,滋賀県
プライベートも大切にできる!／サーバー冷却ファンの製造スタッフ／寮費無料／土日休みあり新着,スタッフ,滋賀県,"月給33万2,000円",正社員,派遣,求人ボックス,https://xn--pckua2a7gp15o89zb.com/jbn/6a1efc5cf5b94d1c926a42b50d5dd7c1,True,11時間前,2026-09-19 04:28:39,滋賀県
コツコツ派に向いている製造職!／デスク用小物トレーの加工補助スタッフ／年間休日125日以上／高収入可新着,スタッフ,滋賀県,"月給41万8,000円",正社員,派遣,求人ボックス,https://xn--pckua2a7gp15o89zb.com/jbn/cf0252496f2c003ecf65285a95b3dd6c,True,11時間前,2026-09-19 04:28:39,滋賀県
男女問わず活躍できる製造職!／蓄電池ケース部品の組立スタッフ／若手活躍中／長期休暇あり新着,スタッフ,滋賀県,"月給38万6,000円",正社員,派遣,求人ボックス,https://xn--pckua2a7gp15o89zb.com/jbn/ad32b5ac6d2ab8f65e9c1a5bad8b5e40,True,11時間前,2026-09-19 04:28:43,滋賀県
最新技術を扱う 資格経験不要!オペレーター&検査!世界で使われる半導体製造 未経験から技術者に新着,株式会社コンシェルテック,滋賀県,月給20万円～27万円,正社員,派遣,求人ボックス,https://xn--pckua2a7gp15o89zb.com/jb/c9c0d1173109585433d32429bdeea859,True,22時間前,2026-09-19 04:28:43,滋賀県
学校教材／模試・テスト用紙／の封入・仕分け・梱包作業新着,戦力エージェント株式会社,滋賀県,"時給1,300円",派遣社員,派遣,求人ボックス,https://xn--pckua2a7gp15o89zb.com/jb/ac2d5e4cdc2ea4d88ff0a74b28b7c656,True,9時間前,2026-09-19 04:28:46,滋賀県
住まいも仕事もまとめて安心!／航空機シート部品の製造オペレーター／寮完備／週休2日制／組立検査あり新着,スタッフ,滋賀県,"月給43万3,000円",正社員,派遣,求人ボックス,https://xn--pckua2a7gp15o89zb.com/jbn/e034fe6d19183e8dab772222022cfefa,True,11時間前,2026-09-19 04:28:46,滋賀県
精密部品の組立・検査の軽作業スタッフ新着,株式会社EMR,滋賀県,"時給1,200円～1,400円",派遣社員,派遣,求人ボックス,https://xn--pckua2a7gp15o89zb.com/jb/7c2152f917c5071b394fef39dff49868,True,22時間前,2026-09-19 04:28:46,滋賀県
趣味の商品づくりに携われる!／ヨガブロックの部品セットスタッフ／福利厚生充実／長期休暇あり新着,スタッフ,滋賀県,月給35万円～42万,正社員,派遣,求人ボックス,https://xn--pckua2a7gp15o89zb.com/jbn/2cefec822c41275b56291af0e896bbf0,True,11時間前,2026-09-19 04:28:50,滋賀県
グループホームでの介護職／年間休日117日以上／福利厚生が充実新着,株式会社レガート,福岡県,月給28万円～,正社員,介護,求人ボックス,https://xn--pckua2a7gp15o89zb.com/jb/94832aae47227b218cb6574a0224ba59,True,7時間前,2026-09-19 04:28:26,福岡県
デイサービスの介護職新着,介護,福岡県,月給22万円～26万,正社員,介護,求人ボックス,https://xn--pckua2a7gp15o89zb.com/jb/36e626cafceb127de54eed26edd0f599,True,9時間前,2026-09-19 04:28:26,福岡県
無資格OK!小倉南ケアセンターそよ風 デイサービスの介護職新着,株式会社SOYOKAZE,福岡県,"時給1,314円",アルバイト・パート,介護,求人ボックス,https://xn--pckua2a7gp15o89zb.com/jb/a701fffb6369f6e0bbd9cc5208746760,True,13時間前,2026-09-19 04:28:27,福岡県
介護職／グループホーム新着,ソーシャルインクルーホーム糸島潤,福岡県,月給17万円,正社員,介護,求人ボックス,https://xn--pckua2a7gp15o89zb.com/jb/caca55b65ca325c8b8bc57e841e3d205,True,2時間前,2026-09-19 04:28:27,福岡県
介護職／グループホーム新着,ソーシャルインクルーホーム久留米御井町,福岡県,月給17万円,正社員,介護,求人ボックス,https://xn--pckua2a7gp15o89zb.com/jb/4af0ff9c9ea911eb568988febde0b063,True,1時間前,2026-09-19 04:28:27,福岡県
介護職／有料老人ホーム新着,株式会社サフィールケア 介護付有料老人ホームカル...,福岡県,"時給1,200円",アルバイト・パート,介護,求人ボックス,https://xn--pckua2a7gp15o89zb.com/jb/0f1d962d422e4e3a3ca95b75600812ae,True,1時間前,2026-09-19 04:28:27,福岡県
介護職／グループホーム新着,グループホーム花かご,福岡県,"時給1,057円～1,080円",アルバイト・パート,介護,求人ボックス,https://xn--pckua2a7gp15o89zb.com/jb/920f5dbd6a5714ea47604f19b4814965,True,10時間前,2026-09-19 04:28:27,福岡県
介護職／介護老人保健施設新着,同朋会 同朋,福岡県,"月給20万1,000円",正社員,介護,求人ボックス,https://xn--pckua2a7gp15o89zb.com/jb/a5a18bf7417634a202666cb74cb165cc,True,11時間前,2026-09-19 04:28:30,福岡県
訪問介護スタッフ／日勤／介護福祉士／介護職／介護士／介護スタッフ新着,ケアリッツ福岡中央,福岡県,"月給28万5,000円",正社員,介護,求人ボックス,https://xn--pckua2a7gp15o89zb.com/jb/99f27c35414f1c5946729445df74d1f0,True,4時間前,2026-09-19 04:28:30,福岡県
グループホームの介護職新着,介護,福岡県,"時給1,190円～1,310円",アルバイト・パート,介護,求人ボックス,https://xn--pckua2a7gp15o89zb.com/jb/566a9f819ead2f555d4af8458fd86a2c,True,9時間前,2026-09-19 04:28:30,福岡県
デイサービス介護職／週5～OK×日払い可 入社祝10万円新着,グローバルサポート,福岡県,"時給1,200円～",アルバイト・パート,介護,求人ボックス,https://xn--pckua2a7gp15o89zb.com/jb/4fa65c97c0d2b8667ff8547ed832035a,True,9時間前,2026-09-19 04:28:30,福岡県
小規模多機能型居宅介護の介護職新着,介護,福岡県,"時給1,310円～",アルバイト・パート,介護,求人ボックス,https://xn--pckua2a7gp15o89zb.com/jb/5070a3ef26b8d1e7734d6b34ca22f915,True,9時間前,2026-09-19 04:28:33,福岡県
介護職 ケアハウス新着,社会福祉法人親孝会,福岡県,"月給18万3,000円",正社員,介護,求人ボックス,https://xn--pckua2a7gp15o89zb.com/jb/e04984e3e15a4509932466fdc5026cbd,True,5時間前,2026-09-19 04:28:33,福岡県
介護職・ヘルパー／有料老人ホーム新着,株式会社ツクイスタッフ,福岡県,"日給2万2,825円",派遣社員,介護,求人ボックス,https://xn--pckua2a7gp15o89zb.com/jb/04b07e098cf23e6047f02303e9c030ad,True,44分前,2026-09-19 04:28:33,福岡県
介護職／グループホームの介護スタッフ新着,株式会社ケア21,福岡県,"時給1,134円～1,226円",アルバイト・パート,介護,求人ボックス,https://xn--pckua2a7gp15o89zb.com/jb/2c4684891443b53bea50acbf6170850e,True,13時間前,2026-09-19 04:28:35,福岡県
介護職／特別養護老人ホーム新着,社会福祉法人来福 特別養護老人ホームグッドライフ...,福岡県,月給15万円～16万,正社員,介護,求人ボックス,https://xn--pckua2a7gp15o89zb.com/jb/8ffc93b48f0b1e2a176440f40244649c,True,1時間前,2026-09-19 04:28:35,福岡県
病院での夜勤専従の看護サポーター／清掃や見回り新着,株式会社ルフト・メディカルケア,福岡県,"日給3万1,360円",派遣社員,介護,求人ボックス,https://xn--pckua2a7gp15o89zb.com/jb/9314f321ef3f730058325c39f6ef790b,True,9時間前,2026-09-19 04:28:40,福岡県
「一歩踏み出すなら今!」／シリコン部材の検査スタッフ／コツコツ作業／20~30代活躍中!新着,三陽工業株式会社,福岡県,月給19万円～35万,正社員,介護,求人ボックス,https://xn--pckua2a7gp15o89zb.com/jbn/2e0921106066e0660124fa491b8d936b,True,13時間前,2026-09-19 04:28:40,福岡県
グループ人ホームでの介護業務全般新着,株式会社ドリームキャッチャー,福岡県,"時給1,400円～1,540円",派遣社員,介護,求人ボックス,https://xn--pckua2a7gp15o89zb.com/jb/115e41ea2ef4af6743689e9787c10aa3,True,21時間前,2026-09-19 04:28:42,福岡県
おじいちゃんおばあちゃんの生活支援スタッフ／ブランクOK新着,株式会社ウィルオブ・ワーク,福岡県,"時給1,350円",派遣社員,介護,求人ボックス,https://xn--pckua2a7gp15o89zb.com/jb/509e654f6ca9c87934c09d37cefaa4d1,True,19時間前,2026-09-19 04:28:42,福岡県
ホームヘルパー新着,ホームケア土屋 福岡,福岡県,"時給1,120円～1,250円",アルバイト・パート,介護,求人ボックス,https://xn--pckua2a7gp15o89zb.com/jb/cb3447db89f9b62b6224e1ba543c2251,True,4時間前,2026-09-19 04:28:42,福岡県
清掃・洗浄・警備／半導体・20-40代活躍中新着,株式会社ウイルテック,福岡県,"時給1,600円～",派遣社員,介護,求人ボックス,https://xn--pckua2a7gp15o89zb.com/jb/0a6e8ed2bc4cbef35e2cedafc03a9d4c,True,4時間前,2026-09-19 04:28:45,福岡県
訪問介護職員新着,ホームケア土屋 北九州,福岡県,"時給1,110円～1,250円",アルバイト・パート,介護,求人ボックス,https://xn--pckua2a7gp15o89zb.com/jb/2c6a72ab909eda85fd231bfb0c085b98,True,4時間前,2026-09-19 04:28:45,福岡県
訪問介護職員新着,ホームケア土屋 久留米,福岡県,"時給1,110円～1,250円",アルバイト・パート,介護,求人ボックス,https://xn--pckua2a7gp15o89zb.com/jb/c10cad7c4fe7b232ec392a795136683b,True,4時間前,2026-09-19 04:28:49,福岡県
自動車部品の製造・組立スタッフ新着,阿部機設工業株式会社,福岡県,"時給1,450円～",派遣社員,介護,求人ボックス,https://xn--pckua2a7gp15o89zb.com/jb/42276fc1294c291d152dbd861e0c2779,True,21時間前,2026-09-19 04:28:49,福岡県
調理なし週1日から西区で障がい者の夜勤専従訪問介護ヘルパー新着,介護職,福岡県,"日給2万6,700円",アルバイト・パート,介護,求人ボックス,https://xn--pckua2a7gp15o89zb.com/jb/27d24323e047010c3ed5232496195d55,True,13時間前,2026-09-19 04:28:49,福岡県
夜勤専従訪問介護ヘルパー新着,介護職,福岡県,"時給1,400円～1,700円",アルバイト・パート,介護,求人ボックス,https://xn--pckua2a7gp15o89zb.com/jb/f32b26ad92587cc656c61593a46fa43b,True,13時間前,2026-09-19 04:28:52,福岡県
調理なし週1日から早良区で障がい者の夜勤専従訪問介護ヘルパー新着,介護職,福岡県,"日給2万8,100円",アルバイト・パート,介護,求人ボックス,https://xn--pckua2a7gp15o89zb.com/jb/6c9a272d8917d7b8e8003606cfc09ef4,True,13時間前,2026-09-19 04:28:52,福岡県
グループホームの生活支援員／2月オープン!／ソーシャルインクルーホーム糸島潤新着,ソーシャルインクルー株式会社,福岡県,月給24万円～28万,正社員,介護,求人ボックス,https://xn--pckua2a7gp15o89zb.com/jb/0b64c093feeae92307526868b4c5e43c,True,13時間前,2026-09-19 04:28:52,福岡県
週1日から調理なし1日1人の障がい者宅へ夜勤専従訪問介護ヘルパー新着,介護職,福岡県,"日給2万6,700円",アルバイト・パート,介護,求人ボックス,https://xn--pckua2a7gp15o89zb.com/jb/e92556d1728884176457ef1cf194f5c3,True,13時間前,2026-09-19 04:28:52,福岡県
保育士新着,ぱぴよん保育園 千代,福岡県,"時給1,200円",アルバイト・パート,保育,求人ボックス,https://xn--pckua2a7gp15o89zb.com/jb/ef124aab09396dbc378a407ce4362272,True,4時間前,2026-09-19 04:28:54,福岡県
保育士新着,SGLインベストメント合同会社,福岡県,"時給1,095円",アルバイト・パート,保育,求人ボックス,https://xn--pckua2a7gp15o89zb.com/jb/53ea3f1846b393f177a08c2569b454c4,True,5時間前,2026-09-19 04:28:55,福岡県
保育士新着,田島保育園,福岡県,"時給1,166円",アルバイト・パート,保育,求人ボックス,https://xn--pckua2a7gp15o89zb.com/jb/7961038a471c42a2ff9a702f84ee7c83,True,4時間前,2026-09-19 04:28:55,福岡県
保育士新着,ピノキオプラスsodachiba今光,福岡県,"時給1,300円",アルバイト・パート,保育,求人ボックス,https://xn--pckua2a7gp15o89zb.com/jb/6a88ae8d04afd660853ef85adf2d85d2,True,4時間前,2026-09-19 04:28:58,福岡県
保育士新着,LikePot久留米,福岡県,"時給1,200円",アルバイト・パート,保育,求人ボックス,https://xn--pckua2a7gp15o89zb.com/jb/cdf74728fa7ac8072d1f2fa22e670d1c,True,4時間前,2026-09-19 04:29:02,福岡県
保育士新着,八女中央保育園,福岡県,"時給1,100円",アルバイト・パート,保育,求人ボックス,https://xn--pckua2a7gp15o89zb.com/jb/e24bd131fb04105c88352773846666d6,True,4時間前,2026-09-19 04:29:05,福岡県
保育士新着,ハッピーテラス大野城教室,福岡県,"時給1,300円",アルバイト・パート,保育,求人ボックス,https://xn--pckua2a7gp15o89zb.com/jb/2c3287ef9beacb0c9b09636625dfea71,True,4時間前,2026-09-19 04:29:05,福岡県
保育士新着,Kids Duo International 福...,福岡県,"時給1,057円～1,120円",アルバイト・パート,保育,求人ボックス,https://xn--pckua2a7gp15o89zb.com/jb/e43465e0dfa88ff749406cbf1eb18b4e,True,4時間前,2026-09-19 04:29:09,福岡県
保育士新着,南畑ピノキオ森のこども園,福岡県,"時給1,300円",アルバイト・パート,保育,求人ボックス,https://xn--pckua2a7gp15o89zb.com/jb/776adb102e5323a4b348635c474ff15b,True,4時間前,2026-09-19 04:29:09,福岡県
保育士新着,認定こども園 精華幼稚園,福岡県,"時給1,057円",アルバイト・パート,保育,求人ボックス,https://xn--pckua2a7gp15o89zb.com/jb/ed0db519138b6d6a85ec6437f98b0ff1,True,4時間前,2026-09-19 04:29:09,福岡県
保育士新着,ライブアカデミーひきの,福岡県,"時給1,057円～1,500円",アルバイト・パート,保育,求人ボックス,https://xn--pckua2a7gp15o89zb.com/jb/761fab2c0f1a067e0357a5db63908ce0,True,4時間前,2026-09-19 04:29:09,福岡県
保育士新着,放課後等デイサービス ぞうさん今宿教室,福岡県,"時給1,200円～1,400円",アルバイト・パート,保育,求人ボックス,https://xn--pckua2a7gp15o89zb.com/jb/8386607cab69709fa1c7e03b239daa71,True,4時間前,2026-09-19 04:29:12,福岡県
保育士新着,放課後等デイサービスぱすぽ2号館,福岡県,"時給1,200円～1,500円",正社員,保育,求人ボックス,https://xn--pckua2a7gp15o89zb.com/jb/46806f00e76e1a385c7c5a1ce15f9827,True,4時間前,2026-09-19 04:29:15,福岡県
保育士新着,三河保育園,福岡県,"時給1,100円",アルバイト・パート,保育,求人ボックス,https://xn--pckua2a7gp15o89zb.com/jb/9ddb21ca4aad8ef904d41593762228c2,True,4時間前,2026-09-19 04:29:15,福岡県
保育士新着,野芥保育園,福岡県,"時給1,057円",アルバイト・パート,保育,求人ボックス,https://xn--pckua2a7gp15o89zb.com/jb/32d7a62bea6a3814b55ee1750f36e9ad,True,4時間前,2026-09-19 04:29:18,福岡県
保育士新着,もみじのいえ保育園,福岡県,"時給1,200円",アルバイト・パート,保育,求人ボックス,https://xn--pckua2a7gp15o89zb.com/jb/5503325d93a4997e50845dbf4c21cb3f,True,4時間前,2026-09-19 04:29:18,福岡県
保育士新着,ブロッサムジュニア八幡西教室,福岡県,"時給1,250円",アルバイト・パート,保育,求人ボックス,https://xn--pckua2a7gp15o89zb.com/jb/2b5b8e348d76f9943ad9d191650e0fe4,True,4時間前,2026-09-19 04:29:21,福岡県
業界大手の美容師・理容師／カット専門／上場企業新着,QBハウスウエストコート姪浜,福岡県,"月給29万1,000円",正社員,美容,求人ボックス,https://xn--pckua2a7gp15o89zb.com/jbn/6c7a11ae6b79be52ed4d1da1823159c1,True,23時間前,2026-09-19 04:28:54,福岡県
美容師新着,ヘアカラー専門店ビーマイル イオン小郡店,福岡県,"時給1,200円～1,300円",アルバイト・パート,美容,求人ボックス,https://xn--pckua2a7gp15o89zb.com/jb/69194edfff82fb711d53a3e35e9a244a,True,18時間前,2026-09-19 04:28:55,福岡県
美容師・理容師／しっかり休める／ブランク歓迎新着,QBHOUSE／ロジスカットスクール福岡校,福岡県,"月給21万8,000円",正社員,美容,求人ボックス,https://xn--pckua2a7gp15o89zb.com/jbn/c6aaf3e268a55dc67826f7f90c8cd8b6,True,23時間前,2026-09-19 04:28:58,福岡県
美容師／スタイリスト／フィグ新着,株式会社Safari,福岡県,月給25万円～26万円,正社員,美容,求人ボックス,https://xn--pckua2a7gp15o89zb.com/jb/9126e253ffef2c6b7c28e8693e514896,True,1時間前,2026-09-19 04:28:58,福岡県
ジゼル ムナカタのスタイリスト 美容師新着,GiseL 宗像,福岡県,月給24万円～40万円,正社員,美容,求人ボックス,https://xn--pckua2a7gp15o89zb.com/jb/c5356ffc4f7f1113bf6d9c92b4e76920,True,13時間前,2026-09-19 04:29:02,福岡県
ジゼル チクシノのスタイリスト 美容師新着,GiseL 筑紫野,福岡県,月給24万円～40万円,正社員,美容,求人ボックス,https://xn--pckua2a7gp15o89zb.com/jb/76eef15b694fca1946c46e64e3bde461,True,13時間前,2026-09-19 04:29:02,福岡県
ジゼル コクラのスタイリスト 美容師新着,GiseL 小倉,福岡県,月給24万円～40万円,正社員,美容,求人ボックス,https://xn--pckua2a7gp15o89zb.com/jb/ab5adad5c34374f6f3e0dce3e71d366b,True,13時間前,2026-09-19 04:29:06,福岡県
カラーリスト／未経験&ブランクOK!カットができなくても即戦力に 安定の正社員ヘアカラースタッフ新着,株式会社TREE,福岡県,"月給23万7,000円",正社員,美容,求人ボックス,https://xn--pckua2a7gp15o89zb.com/jb/df1717010517a42212436228307550be,True,11時間前,2026-09-19 04:29:11,福岡県
色んな人&笑顔との新しい出会い社会保険完備新着,ドーリーラッシュ,福岡県,"月給18万5,000円",契約社員,美容,求人ボックス,https://xn--pckua2a7gp15o89zb.com/jb/63692efd881ed3bfbef899523e3a6fd5,True,8時間前,2026-09-19 04:29:11,福岡県
ヘアスタイリスト ヘアカラーリスト新着,ヘアメイクアージュ,福岡県,月給20万円～,正社員,美容,求人ボックス,https://xn--pckua2a7gp15o89zb.com/jb/39c960553b2bab3a56794e0da4d363b8,True,8時間前,2026-09-19 04:29:11,福岡県
事務 正社員／未経験大歓迎／土日祝休み／年間休日125日／20代女性活躍中／おしゃれOK新着,マンパワーグループ株式会社,福岡県,"月給18万7,000円",正社員,美容,求人ボックス,https://xn--pckua2a7gp15o89zb.com/jbn/ea4c14ca3f98adaf209b8f09cdd28c8a,True,19時間前,2026-09-19 04:29:15,福岡県
反響営業／未経験歓迎／完全週休二日制／年間休日120日以上／昇給あり／交通費補助新着,株式会社Lazy Bacchus,福岡県,月給25万円,正社員,美容,求人ボックス,https://xn--pckua2a7gp15o89zb.com/jb/ac27d7ae5560fb1279eb3fe23034d43a,True,4時間前,2026-09-19 04:29:18,福岡県
美容部員／メイクアップアーティスト／コスメ・化粧品販売／最大1600円「ETVOS」コスメ販売新着,株式会社iDA,福岡県,"時給1,450円～1,600円",派遣社員,美容,求人ボックス,https://xn--pckua2a7gp15o89zb.com/jb/65dcf84daac3039c94cd9c05b609277c,True,9時間前,2026-09-19 04:29:18,福岡県
アイデザイナー／施術者新着,株式会社トラスト,福岡県,"月給23万6,050円",正社員,美容,求人ボックス,https://xn--pckua2a7gp15o89zb.com/jb/5a34d780d007db921fa59558ff33cddb,True,12時間前,2026-09-19 04:29:18,福岡県
接客スタッフ／事務・受付／簡単な運動サポート／Curves門司新着,株式会社カーブスジャパン,福岡県,月給23万円～26万円,正社員,美容,求人ボックス,https://xn--pckua2a7gp15o89zb.com/jb/4d9ad8e5c5e77a4adc63d306cf66ef31,True,5時間前,2026-09-19 04:29:21,福岡県
「全国採用」完全リモートの電話占い師／占い経験者・接客経験者・ナイトワーク経験者活躍中新着,株式会社スピカ,福岡県,月給10万円～50万円,,美容,求人ボックス,https://xn--pckua2a7gp15o89zb.com/jbn/387e9d9a496f7c3745556f658f3b1b71,True,23時間前,2026-09-19 04:29:25,福岡県
交通費支給あり!未経験OK!救急窓口医療事務新着,株式会社医療事務サービス,福岡県,"月給25万3,000円",正社員,医療事務,求人ボックス,https://xn--pckua2a7gp15o89zb.com/jb/82d8a6bcf691e180ae8f888390b946c9,True,6時間前,2026-09-19 04:28:53,福岡県
クリニックの医療事務・受付新着,医療法人天佑会 きむらしろうクリニック,福岡県,月給19万円～22万円,正社員,医療事務,求人ボックス,https://xn--pckua2a7gp15o89zb.com/jb/399ff945d4b3f35a114efd2299d5d8d1,True,7時間前,2026-09-19 04:28:53,福岡県
地域密着型病院での医療事務新着,アイスタッフ株式会社,福岡県,"時給1,500円",派遣社員,医療事務,求人ボックス,https://xn--pckua2a7gp15o89zb.com/jb/31286366d8271e9a9bb58dff69c74594,True,18時間前,2026-09-19 04:28:53,福岡県
医療事務／一般事務／薬局事務新着,福神調剤薬局:藤崎店,福岡県,月給20万円～,正社員,医療事務,求人ボックス,https://xn--pckua2a7gp15o89zb.com/jb/e63d23ec94d79234c6d6182098c8fc63,True,18時間前,2026-09-19 04:28:54,福岡県
医療事務募集新着,大野城 ふくだ内科・内視鏡クリニック,福岡県,"時給1,200円～1,400円",アルバイト・パート,医療事務,求人ボックス,https://xn--pckua2a7gp15o89zb.com/jb/4aa718897948f2b1a0f2605d30999e43,True,6時間前,2026-09-19 04:28:54,福岡県
医療事務スタッフ・社会保険完備の職場で医療事務／受付新着,訪問看護ステーションReafくるめ,福岡県,"時給1,114円～1,200円",アルバイト・パート,医療事務,求人ボックス,https://xn--pckua2a7gp15o89zb.com/jb/acdad31002397cf13d104d8e76722483,True,6時間前,2026-09-19 04:28:54,福岡県
一般事務／週3日勤務 扶養内OK!クリニックでの医療事務新着,マンパワーグループ株式会社,福岡県,"時給1,250円",派遣社員,医療事務,求人ボックス,https://xn--pckua2a7gp15o89zb.com/jb/1805dc206202bc48018f77be70cf6a7a,True,7時間前,2026-09-19 04:28:58,福岡県
医療事務新着,医療法人明和会茂木病院,福岡県,年収269万円～362万円,正社員,医療事務,求人ボックス,https://xn--pckua2a7gp15o89zb.com/jb/cc66e0b4ea3cfde28cb2878b5b71e141,True,8時間前,2026-09-19 04:28:58,福岡県
医療事務 受付・クラーク／特定医療法人東筑会 東筑病院新着,株式会社日本教育クリエイト,福岡県,"時給1,300円",派遣社員,医療事務,求人ボックス,https://xn--pckua2a7gp15o89zb.com/jb/3e5876eb85c2c73a28f3a6b5f9b2729f,True,1時間前,2026-09-19 04:28:58,福岡県
医療事務／療養型病院新着,医療法人つくし会病院,福岡県,"月給14万7,000円",正社員,医療事務,求人ボックス,https://xn--pckua2a7gp15o89zb.com/jb/fb9698175e65e5b5db14f566283d3d3a,True,22時間前,2026-09-19 04:29:02,福岡県
医療事務新着,株式会社ハピネスクリエイト,福岡県,"時給1,150円",アルバイト・パート,医療事務,求人ボックス,https://xn--pckua2a7gp15o89zb.com/jb/ea0c4bf54431d326eb3df1782093d02a,True,8時間前,2026-09-19 04:29:02,福岡県
社会保険完備の職場で医療事務／受付新着,いとしまリハキュア鍼灸整骨院,福岡県,"月給20万7,200円",正社員,医療事務,求人ボックス,https://xn--pckua2a7gp15o89zb.com/jb/247dc1360007fb12fa7b319690ffae87,True,7時間前,2026-09-19 04:29:02,福岡県
受付・社会保険完備の職場で医療事務／受付新着,けんこう整骨院 那珂川,福岡県,"時給1,060円～1,100円",アルバイト・パート,医療事務,求人ボックス,https://xn--pckua2a7gp15o89zb.com/jb/0b61d3b1880853ff3ecb494d939bb510,True,6時間前,2026-09-19 04:29:02,福岡県
調剤事務・未経験者歓迎新着,野間薬局西新店,福岡県,"月給21万5,000円",正社員,医療事務,求人ボックス,https://xn--pckua2a7gp15o89zb.com/jb/25de01382ab19c6e458f4924b39f79c0,True,6時間前,2026-09-19 04:29:05,福岡県
病院での一般事務サポートスタッフ新着,株式会社ルフト・メディカルケア,福岡県,"時給1,220円～",派遣社員,医療事務,求人ボックス,https://xn--pckua2a7gp15o89zb.com/jb/82a3e9688ac37c90cad47c85e9d34d64,True,9時間前,2026-09-19 04:29:05,福岡県
調剤事務・西鉄天神大牟田線「西鉄久留米駅」より徒歩11分!残業ほぼなし新着,城南薬局,福岡県,"時給1,250円～1,300円",アルバイト・パート,医療事務,求人ボックス,https://xn--pckua2a7gp15o89zb.com/jb/2c4c84a7875c04af3d944e321620c653,True,6時間前,2026-09-19 04:29:05,福岡県
調剤薬局事務・調剤事務新着,このはな薬局 篠栗店,福岡県,月給20万円～25万円,正社員,医療事務,求人ボックス,https://xn--pckua2a7gp15o89zb.com/jb/5d01b1afa9101c7ad3ee2bb7c05b5331,True,6時間前,2026-09-19 04:29:05,福岡県
「20代からIT業界にチャレンジ!」／ITエンジニア／未経験OK／研修充実／20〜30代活躍中新着,株式会社SNJAPAN,福岡県,月給27万円～34万円,正社員,医療事務,求人ボックス,https://xn--pckua2a7gp15o89zb.com/jbn/a97fb655d69e2faf5996b8170bf361b9,True,16時間前,2026-09-19 04:29:10,福岡県
「男性・女性ともに専門スキルを磨ける!」／データサイエンティスト／未経験OK／研修充実／福利厚生充実新着,株式会社Tetote,福岡県,月給27万円～34万円,正社員,医療事務,求人ボックス,https://xn--pckua2a7gp15o89zb.com/jbn/5640099c25531c4e2db50652cfe93440,True,16時間前,2026-09-19 04:29:10,福岡県
看護師／一般病院新着,医療法人社団邦生会 高山病院,福岡県,"月給17万1,000円",正社員,医療事務,求人ボックス,https://xn--pckua2a7gp15o89zb.com/jb/98057d9b7bcf0e07af80968d5ddb78cd,True,7時間前,2026-09-19 04:29:10,福岡県
助成金審査の問い合わせ対応事務 10月末まで短期 平日のみ 即日勤務可 交通費支給新着,AMUSE株式会社,福岡県,"時給1,450円～1,813円",派遣社員,医療事務,求人ボックス,https://xn--pckua2a7gp15o89zb.com/jb/ee4269e43ea98f4497d92a927801f5ea,True,4時間前,2026-09-19 04:29:15,福岡県
「男女ともにIT業界でキャリアアップ!」／ITエンジニア／未経験歓迎／福利厚生充実／資格取得支援あり新着,このお仕事の特徴一般,福岡県,月給27万円～34万円,正社員,医療事務,求人ボックス,https://xn--pckua2a7gp15o89zb.com/jbn/f951ddb8eec6466c612db91b1e7f2ba7,True,16時間前,2026-09-19 04:29:15,福岡県
「好きなゲームを動かす側に」ゲームプログラマー／未経験OK／研修あり／20~30代活躍中新着,このお仕事の特徴一般,福岡県,月給27万円～34万円,正社員,医療事務,求人ボックス,https://xn--pckua2a7gp15o89zb.com/jbn/8b357a6cb4cec2dda27a1802da362716,True,11時間前,2026-09-19 04:29:15,福岡県
「性別に関わらず評価される職場」ITアドバイザー／未経験OK／研修あり／20~30代活躍中新着,このお仕事の特徴一般,福岡県,月給27万円～34万円,正社員,医療事務,求人ボックス,https://xn--pckua2a7gp15o89zb.com/jbn/6222698a23b843ccbd43df66ad8bdb39,True,11時間前,2026-09-19 04:29:15,福岡県
「20代から最先端技術に挑戦!」／AIエンジニア／未経験OK／長期安定／20〜30代活躍中新着,このお仕事の特徴一般,福岡県,月給27万円～34万円,正社員,医療事務,求人ボックス,https://xn--pckua2a7gp15o89zb.com/jbn/31698baf7cdf8a677fd0b5f171aeac94,True,16時間前,2026-09-19 04:29:17,福岡県
「未経験からアプリ開発に挑戦!」／アプリ開発エンジニア／賞与あり／社会保険完備／20〜30代活躍中新着,このお仕事の特徴一般,福岡県,月給27万円～34万円,正社員,医療事務,求人ボックス,https://xn--pckua2a7gp15o89zb.com/jbn/4aed883460feaad79d12e14bf7875ddf,True,16時間前,2026-09-19 04:29:17,福岡県
ゲームプランナー／未経験OK／企画サポート中心／土日祝休み／ワークライフバランス重視新着,このお仕事の特徴一般,福岡県,月給27万円～34万円,正社員,医療事務,求人ボックス,https://xn--pckua2a7gp15o89zb.com/jbn/e23e3d8dc0455541150ea4e07b4b322f,True,14時間前,2026-09-19 04:29:22,福岡県
「誰でも企画に手を挙げられます」ゲームプランナー／未経験OK／研修あり／20~30代活躍中新着,このお仕事の特徴一般,福岡県,月給27万円～34万円,正社員,医療事務,求人ボックス,https://xn--pckua2a7gp15o89zb.com/jbn/bd9fd42476943ccd350aca97c692062d,True,14時間前,2026-09-19 04:29:22,福岡県
「新生活サポート充実!住まい付きで始めるゲーム業界」／ゲームテスター／未経験歓迎／研修あり新着,このお仕事の特徴一般,福岡県,月給27万円～34万円,正社員,医療事務,求人ボックス,https://xn--pckua2a7gp15o89zb.com/jbn/a65d2e97b2f8ddbf31108a3a44c0cdde,True,14時間前,2026-09-19 04:29:22,福岡県
「面白さを組み立てる仕事」ゲームプランナー／未経験OK／研修充実業務／キャリアアップ可新着,このお仕事の特徴一般,福岡県,月給27万円～34万円,正社員,医療事務,求人ボックス,https://xn--pckua2a7gp15o89zb.com/jbn/8cdd8cce171e13ab3f4d9a293e992f0e,True,14時間前,2026-09-19 04:29:22,福岡県
「社員寮完備だから安心!」／ゲームプログラマー／未経験OK／研修制度充実／20~30代活躍中新着,このお仕事の特徴一般,福岡県,月給27万円～34万円,正社員,医療事務,求人ボックス,https://xn--pckua2a7gp15o89zb.com/jbn/22e4348f1aac3adb22b1dee47786cef1,True,14時間前,2026-09-19 04:29:26,福岡県
「若手メンバーと一緒にスキルアップ!」／ゲームプログラマー／未経験歓迎／福利厚生充実新着,このお仕事の特徴一般,福岡県,月給27万円～34万円,正社員,医療事務,求人ボックス,https://xn--pckua2a7gp15o89zb.com/jbn/dddcfe0ebcf35e7b72a3869a6481a431,True,16時間前,2026-09-19 04:29:26,福岡県
年間50棟の実績!私服もネイルも残業なしで日数時間相談できます新着,有限会社クボタ創建,福岡県,"時給1,146円",アルバイト・パート,建設,求人ボックス,https://xn--pckua2a7gp15o89zb.com/jb/6988eea2a2e469f02692f2751402e027,True,4時間前,2026-09-19 04:29:25,福岡県
タクシードライバー／週3勤務／異業種からの転職歓迎新着,建設・,福岡県,"月給45万8,000円",正社員,建設,求人ボックス,https://xn--pckua2a7gp15o89zb.com/jbn/07ece9b4aa9d45fe42481321e008685a,True,9時間前,2026-09-19 04:29:25,福岡県
タクシードライバー／普通免許のみで応募OK／週3日勤務／賞与あり／高収入実現可能新着,作業,福岡県,"月給47万8,000円",正社員,建設,求人ボックス,https://xn--pckua2a7gp15o89zb.com/jbn/f39949f1ad6f0d6d607a98ba7cbdbeec,True,10時間前,2026-09-19 04:29:25,福岡県
「週3日勤務で年収600万円も可能」タクシードライバー／普通免許のみOK／未経験歓迎／賞与年2回新着,建設・,福岡県,"月給47万8,000円",正社員,建設,求人ボックス,https://xn--pckua2a7gp15o89zb.com/jbn/94307b1c5a1206e05b5c773f24191ddc,True,10時間前,2026-09-19 04:29:25,福岡県
栃木移住 大工見習い・未経験から総合スキル身に付く新着,株式会社メガステップ,福岡県,月給22万円～35万円,正社員,建設,求人ボックス,https://xn--pckua2a7gp15o89zb.com/jb/510375bb65b0e2a95b5bb6e0989de0ee,True,4時間前,2026-09-19 04:29:25,福岡県
福岡市博多区エリアでお仕事したいあなたに!「施工管理」／建築の施工管理／未経験OK／土日祝休新着,株式会社ディンプル,福岡県,"月給20万5,000円",正社員,建設,求人ボックス,https://xn--pckua2a7gp15o89zb.com/jb/f144aba77a1bc934c6a146526d81a4f2,True,10時間前,2026-09-19 04:29:25,福岡県
現場での土木施工管理 計画の立案、工程・原価管理など 土日祝休み 福利厚生充実新着,マルタケ株式会社,福岡県,月給42万円～80万円,正社員,建設,求人ボックス,https://xn--pckua2a7gp15o89zb.com/jb/1dbd2330aa82a49d88926597983768fa,True,4時間前,2026-09-19 04:29:25,福岡県
一般事務員新着,有限会社田主丸緑地建設,福岡県,"時給1,150円～",正社員,建設,求人ボックス,https://xn--pckua2a7gp15o89zb.com/jb/4b5d811993b6a225b67dd0ba74d59f57,True,9時間前,2026-09-19 04:29:26,福岡県
衛生設備CADオペレーター新着,株式会社ワット・コンサルティング,福岡県,"月給20万2,500円",正社員,建設,求人ボックス,https://xn--pckua2a7gp15o89zb.com/jb/d31c33c144fe85a279356e7c54a5a5d7,True,17時間前,2026-09-19 04:29:26,福岡県
屋根工事の現場スタッフ新着,有限会社松尾板金工業,福岡県,"日給1万2,500円",正社員,建設,求人ボックス,https://xn--pckua2a7gp15o89zb.com/jb/f5a8e4d2ca44b247c9ef8078c87e37fc,True,22時間前,2026-09-19 04:29:26,福岡県
ドライバー・運転手、配達・配送・宅配便新着,株式会社新日本運輸サービス,福岡県,月給35万円～39万円,正社員,建設,求人ボックス,https://xn--pckua2a7gp15o89zb.com/jb/527ced966bddb92f4302f711e77fc734,True,2時間前,2026-09-19 04:29:26,福岡県
JR九州グループ／完休2日 土日祝 年休120日~ 技術スタッフ新着,JR九州建設グループホールディングス株式会社合同...,福岡県,月給21万円～,正社員,建設,求人ボックス,https://xn--pckua2a7gp15o89zb.com/jb/302e314e5cb50f14d76611d9c6122919,True,1時間前,2026-09-19 04:29:26,福岡県
構内作業 フォークリフト運転免許を活かせる 実働7時間半・年間休日127日・土日祝休み新着,KRH株式会社,福岡県,年収300万円～500万円,正社員,建設,求人ボックス,https://xn--pckua2a7gp15o89zb.com/jb/e97b01bd1bf91bd6e198d7060f2c2a9b,True,7時間前,2026-09-19 04:29:30,福岡県
配送ドライバー新着,大翔トランスポート,福岡県,月給30万円～38万円,正社員,建設,求人ボックス,https://xn--pckua2a7gp15o89zb.com/jb/386475e5b2cca081c1c2005bc6934d39,True,11時間前,2026-09-19 04:29:30,福岡県
仕分け、メンテナンス／高時給1250円／ウレシイ小休憩あり新着,株式会社テクノ・サービス,福岡県,時給1250円,派遣社員,建設,求人ボックス,https://xn--pckua2a7gp15o89zb.com/jbn/d73365b693b029a3a7a5f2bfe2200b2c,True,19時間前,2026-09-19 04:29:30,福岡県
オフィス事務新着,未経験OK,福岡県,月給23万円～,,建設,求人ボックス,https://xn--pckua2a7gp15o89zb.com/jb/85568963306bcfb674485b8f627728a0,True,9時間前,2026-09-19 04:29:30,福岡県
土木施工管理職 地盤改良の専門技術で社会基盤を支える／高い技術力で社会インフラに貢献新着,三信建設工業株式会社,福岡県,年収450万円～650万円,正社員,建設,求人ボックス,https://xn--pckua2a7gp15o89zb.com/jbn/72e94b7cc2fc90633b3485508347d947,True,20時間前,2026-09-19 04:29:30,福岡県
施工サポート業務／急募／週休2日制／賞与あり／昇給あり新着,西部電機株式会社,福岡県,"月給25万5,000円",正社員,建設,求人ボックス,https://xn--pckua2a7gp15o89zb.com/jbn/b041d440039838466d7c56ae3c6f2eae,True,23時間前,2026-09-19 04:29:30,福岡県
東京・埼玉・福岡／建築施工管理2級 資格+経験必須／即戦力／社用車貸与、直行直帰が可能新着,建設,福岡県,年収500万円～700万円,正社員,建設,求人ボックス,https://xn--pckua2a7gp15o89zb.com/jb/5bd3e8846f11343ced9850da1427b7f9,True,1時間前,2026-09-19 04:29:30,福岡県
東京・埼玉・福岡／建築施工管理1級 資格+経験必須／即戦力／管理者候補／社用車貸与、直行直帰可新着,建設,福岡県,"年収750万円～1,000万円",正社員,建設,求人ボックス,https://xn--pckua2a7gp15o89zb.com/jb/15928f85c735ac234595daff6c352387,True,1時間前,2026-09-19 04:29:33,福岡県
「座って事務デビュー!」／一般事務／寮相談可／学歴不問／nO.151新着,一般事務,福岡県,"月給29万5,000円",正社員,事務,求人ボックス,https://xn--pckua2a7gp15o89zb.com/jbn/4ce2aacbe800e334e5966348fe979df1,True,10時間前,2026-09-19 04:29:29,福岡県
「座って事務デビュー!」／一般事務／高収入／寮相談可／nO.282新着,一般事務,福岡県,"月給25万6,000円",正社員,事務,求人ボックス,https://xn--pckua2a7gp15o89zb.com/jbn/8a7b2b272d6566a2c14e0a7e946cc946,True,11時間前,2026-09-19 04:29:29,福岡県
一般事務員新着,有限会社田主丸緑地建設,福岡県,"時給1,230円～",正社員,事務,求人ボックス,https://xn--pckua2a7gp15o89zb.com/jb/48c82622ab065ac968ca5f00a55f70da,True,9時間前,2026-09-19 04:29:29,福岡県
「オフィスワークデビュー!」／一般事務／寮相談可／高収入／20代活躍中新着,一般事務,福岡県,"月給26万3,000円",正社員,事務,求人ボックス,https://xn--pckua2a7gp15o89zb.com/jbn/ad0e7552091165deed3a66bb3de95114,True,11時間前,2026-09-19 04:29:30,福岡県
「オフィスワークデビュー!」／一般事務／寮相談可／未経験OK新着,一般事務,福岡県,月給26万円～30万円,正社員,事務,求人ボックス,https://xn--pckua2a7gp15o89zb.com/jbn/a9529037e59ef13c2e59d79e51bc96a2,True,11時間前,2026-09-19 04:29:30,福岡県
無資格可の整体師新着,くるめ接骨院・鍼灸院 久留米諏訪野院,福岡県,"時給1,300円～1,500円",アルバイト・パート,治療家,求人ボックス,https://xn--pckua2a7gp15o89zb.com/jb/d7861d0a1f2390e805f2203df5ddba0e,True,6時間前,2026-09-19 04:29:51,福岡県
機能訓練指導員「パート・アルバイト」／そよ風公式新着,株式会社SOYOKAZE,福岡県,"時給1,500円～2,500円",アルバイト・パート,治療家,求人ボックス,https://xn--pckua2a7gp15o89zb.com/jb/a0f623bf04dd03d9bea3797a01b5599d,True,2時間前,2026-09-19 04:29:51,福岡県
「月給30万円以上も可能な事務職」／経理事務／未経験OK／サポート体制...新着,経理,福岡県,月給30万円,正社員,経理,求人ボックス,https://xn--pckua2a7gp15o89zb.com/jbn/05691eaf09677e6765994860bb76adfe,True,15時間前,2026-09-19 04:29:29,福岡県
「月給30万円も実現可能」／経理事務／未経験歓迎／サポート体制充実新着,経理,福岡県,月給30万円,正社員,経理,求人ボックス,https://xn--pckua2a7gp15o89zb.com/jbn/c16889c58a115efb40981c1d74695648,True,16時間前,2026-09-19 04:29:29,福岡県
駅近オフィス ! 経理事務&IPO準備のお手伝い 働きやすい好環境新着,株式会社コンシェルテック,福岡県,月給30万円～,正社員,経理,求人ボックス,https://xn--pckua2a7gp15o89zb.com/jb/8576a889e7963a54aae8d936a1b241fd,True,22時間前,2026-09-19 04:29:29,福岡県
「大手企業の数字まわりを支える!」／経理事務／未経験95%／未経験歓迎新着,経理,福岡県,"月給26万8,900円",正社員,経理,求人ボックス,https://xn--pckua2a7gp15o89zb.com/jbn/7c1eb2dffbfed6c096656e2002d6d196,True,8時間前,2026-09-19 04:29:30,福岡県
未経験OK／事務+経理補助!土日祝休み!ランチ無料新着,キャリアパス株式会社,福岡県,"時給1,350円",派遣社員,経理,求人ボックス,https://xn--pckua2a7gp15o89zb.com/jb/97b70ba0f45342f1fe56dcd67637100b,True,14時間前,2026-09-19 04:29:30,福岡県
「服装自由度の高いオフィスワーク!」食品・カフェ関連企業の経理サポート...新着,経理,福岡県,"月給25万7,000円",正社員,経理,求人ボックス,https://xn--pckua2a7gp15o89zb.com/jbn/fe2e98b28cf1da58aa31c3cbda965aa9,True,9時間前,2026-09-19 04:29:30,福岡県
20代活躍中!はじめてのオフィスワーク／経理サポート事務／正社員で安定...新着,経理,福岡県,"月給29万7,000円",正社員,経理,求人ボックス,https://xn--pckua2a7gp15o89zb.com/jbn/8fafda9f56ee16bedf0fbf2619c973fb,True,9時間前,2026-09-19 04:29:33,福岡県
「土日祝休みで自分時間も充実!」食品・カフェ関連企業の経理サポート事務新着,経理,福岡県,"月給26万3,000円",正社員,経理,求人ボックス,https://xn--pckua2a7gp15o89zb.com/jbn/3afbb45d37c22dfc4d295c2594df4804,True,9時間前,2026-09-19 04:29:33,福岡県
「オフィスワークへキャリアチェンジ!」旅行・レジャー関連企業の経理サポ...新着,経理,福岡県,"月給26万9,000円",正社員,経理,求人ボックス,https://xn--pckua2a7gp15o89zb.com/jbn/9a48b3cfb0b4b7a3041ef72499d358ad,True,9時間前,2026-09-19 04:29:33,福岡県
経理事務／土日祝休み 10時スタート 残業ほぼなし 未経験OK新着,株式会社スタッフサービス,福岡県,"月給17万6,500円",正社員,経理,求人ボックス,https://xn--pckua2a7gp15o89zb.com/jb/7160f09542e41f062d2b3a5091f9cd63,True,17時間前,2026-09-19 04:29:35,福岡県
空調機器メーカー／経理事務新着,株式会社アソウ・ヒューマニーセンター,福岡県,"時給1,400円",派遣社員,経理,求人ボックス,https://xn--pckua2a7gp15o89zb.com/jb/b0c64deb382914b60647fb8142a633a7,True,47分前,2026-09-19 04:29:35,福岡県
経理事務／日常経理から決算まで携われる 建設業での経理スタッフ新着,マンパワーグループ株式会社,福岡県,"時給1,400円",派遣社員,経理,求人ボックス,https://xn--pckua2a7gp15o89zb.com/jb/2d92267e367793561e716b8fba71597d,True,6時間前,2026-09-19 04:29:39,福岡県
一般事務・OA事務 ／ 経理・財務 ／未経験OK!かんたん経理サポ新着,パーソルテンプスタッフ株式会社,福岡県,"時給1,200円",派遣社員,経理,求人ボックス,https://xn--pckua2a7gp15o89zb.com/jb/630b3d67ede2ab7c8bd79cfa7a32b94f,True,23時間前,2026-09-19 04:29:39,福岡県
経理・財務 ／ 一般事務・OA事務／北九州最大級の税理士法人新着,税理士法人SKC,福岡県,年収300万円～450万円,正社員,経理,求人ボックス,https://xn--pckua2a7gp15o89zb.com/jb/197fddd1c895c4358b837322c20c4402,True,23時間前,2026-09-19 04:29:39,福岡県
不動産向けサービス会社で経理サポート事務新着,アイスタッフ株式会社,福岡県,"時給1,150円",派遣社員,経理,求人ボックス,https://xn--pckua2a7gp15o89zb.com/jb/625e4d7cad8089c54447c141ddf7de35,True,18時間前,2026-09-19 04:29:42,福岡県
数字や日付を入力するシンプル作業が中心!未経験から始める経理サポートの...新着,事務,福岡県,"月給26万7,000円",正社員,経理,求人ボックス,https://xn--pckua2a7gp15o89zb.com/jbn/3ca4ad82132094483c4834c985afd1a2,True,11時間前,2026-09-19 04:29:42,福岡県
「無理なく続けやすいオフィスワーク」／経理事務／年休120日以上新着,...迎/フリーター歓迎/女性活躍/男性活躍/ブランクOK/研修あり/昇給あり/大量募集/急募 【この仕事のやりがい】日々のお金の流れを管理し会社を支えられる 数字を扱う中で正確性や専門知識を磨ける,福岡県,月給27万円～33万円,正社員,経理,求人ボックス,https://xn--pckua2a7gp15o89zb.com/jbn/f1df0787043d5b54a772bdd88f0e7629,True,13時間前,2026-09-19 04:29:42,福岡県
事務STAFF! 未経験からはじめる事務STAFF／マンパワーGの安定雇用!土日祝休 賞与有新着,株式会社ディンプル,福岡県,"月給18万7,000円",正社員,経理,求人ボックス,https://xn--pckua2a7gp15o89zb.com/jb/a0d3ca233c82bdf74f3d2ac7093cfe1d,True,10時間前,2026-09-19 04:29:45,福岡県
書類整理だけで始められる!未経験でも月収25〜35万円可の事務スタッフ新着,経理,福岡県,"月給26万7,000円",正社員,経理,求人ボックス,https://xn--pckua2a7gp15o89zb.com/jbn/cf4273fc1efb19bdee2074d58e0d33fe,True,11時間前,2026-09-19 04:29:45,福岡県
システムのチェックや入力が中心で安心!未経験から無理なく始められるITサポート事務のお仕事新着,経理,福岡県,"月給25万3,000円",正社員,経理,求人ボックス,https://xn--pckua2a7gp15o89zb.com/jbn/0de7944b71b2d23b2c582a3b47c15fef,True,11時間前,2026-09-19 04:29:45,福岡県
オフィスワーク初挑戦歓迎!入力中心で月収25〜35万円可新着,事務,福岡県,月給26万円～27万,正社員,経理,求人ボックス,https://xn--pckua2a7gp15o89zb.com/jbn/17d63861b8ff01d8be680a382a888a55,True,11時間前,2026-09-19 04:29:45,福岡県
「帰りの時間が読める働き方」／ゲームテスター／残業少なめ／土日祝休み／年間休日120日以上新着,株式会社Tetote,福岡県,月給27万円～34万円,正社員,経理,求人ボックス,https://xn--pckua2a7gp15o89zb.com/jbn/5d085ec8a5c205a85501d78c21668ef8,True,16時間前,2026-09-19 04:29:48,福岡県
ゲームテスター／残業少なめ／土日祝休み／年間休日120日以上／未経験歓迎新着,このお仕事の特徴一般,福岡県,月給27万円～34万円,正社員,経理,求人ボックス,https://xn--pckua2a7gp15o89zb.com/jbn/9572620a966f44c74de072e476ec9094,True,14時間前,2026-09-19 04:29:48,福岡県
法人向けサービスの電話発信スタッフ 10月1日スタート 11月末まで短期 平日のみ 法人対応メイン新着,AMUSE株式会社,福岡県,"時給1,450円～1,812円",派遣社員,経理,求人ボックス,https://xn--pckua2a7gp15o89zb.com/jb/b0e608840868e4ad16e8b030a0e8fa3e,True,4時間前,2026-09-19 04:29:48,福岡県
工事現場などでの警備員新着,株式会社サンプラスワン,福岡県,"日給8,850円～",アルバイト・パート,警備,求人ボックス,https://xn--pckua2a7gp15o89zb.com/jb/8b6d2a942ba4c02445626dba888b802e,True,18時間前,2026-09-19 04:29:57,福岡県
「愛知県勤務」交通誘導／待遇に自信あり／引っ越しサポートあり・日払い週払い可新着,セキュリティスタッフ株式会社,福岡県,"日給9,500円",正社員,警備,求人ボックス,https://xn--pckua2a7gp15o89zb.com/jb/ae39c3620eb60baed710f5fd8e057676,True,4時間前,2026-09-19 04:29:57,福岡県
公共施設の受付・巡回スタッフ新着,日本管財株式会社,福岡県,月給20万円～,正社員,警備,求人ボックス,https://xn--pckua2a7gp15o89zb.com/jb/508d4ac943940253e1ce43672196e2d3,True,10時間前,2026-09-19 04:29:57,福岡県
ゴルフクラブハウスの清掃スタッフ 未経験可 年齢不問 ゴルフ好き必見新着,株式会社エスアンドジー,福岡県,"時給1,120円",アルバイト・パート,警備,求人ボックス,https://xn--pckua2a7gp15o89zb.com/jb/d8a09ed20b49644d6371ec376d066075,True,4時間前,2026-09-19 04:29:57,福岡県
「週3日勤務で年収600万円も可能」タクシードライバー／普通免許のみOK／未経験歓迎／賞与年2回新着,<年収例>・1年目/29歳:560万円(元,福岡県,"月給47万8,000円",正社員,警備,求人ボックス,https://xn--pckua2a7gp15o89zb.com/jbn/6107603cc8032ad56d8baa43d6e97c48,True,10時間前,2026-09-19 04:29:57,福岡県
タクシードライバー／普通免許のみで応募OK／週3日勤務／賞与あり／高収入実現可能新着,警備,福岡県,"月給47万8,000円",正社員,警備,求人ボックス,https://xn--pckua2a7gp15o89zb.com/jbn/f7b0c896c95b86f7e75bc15e95bb7dd1,True,10時間前,2026-09-19 04:29:57,福岡県
ルート営業 教育体制充実／ノルマ無／中途入社活躍新着,アストモスリテイリング株式会社,福岡県,年収322万円～504万円,正社員,警備,求人ボックス,https://xn--pckua2a7gp15o89zb.com/jb/b5eef7b8686371cfd4b59fe50e6bd67e,True,7時間前,2026-09-19 04:29:58,福岡県
フロアレディ／中洲／クラブ新着,クラブ百恵,福岡県,"時給6,000円～",アルバイト・パート,警備,求人ボックス,https://xn--pckua2a7gp15o89zb.com/jb/254cb598d8ecc06a92863e67d08b6c47,True,16時間前,2026-09-19 04:29:58,福岡県
「予約中心だから未経験でも安心」タクシードライバー／週3勤務／月収50万円以上可新着,...以下のような経験をお持ちの方は特に歓迎します。・軽貨物ドライバー・ルート配送スタッフ・宅配ドライバー・タクシー運転手・大型トラックドライバー・フォークリフトオペレーター・建設・土木作業員・,福岡県,"月給47万8,000円",正社員,警備,求人ボックス,https://xn--pckua2a7gp15o89zb.com/jbn/1540ab7c56fd82ed6d78fca46b1dc6ea,True,10時間前,2026-09-19 04:29:58,福岡県
ビル内清掃スタッフ新着,株式会社明装舎,福岡県,"月給22万1,000円",正社員,警備,求人ボックス,https://xn--pckua2a7gp15o89zb.com/jb/9451bf0f9cfa7e748d6d694568e33d49,True,6時間前,2026-09-19 04:29:58,福岡県
セルフガソリンスタンド監視員新着,エナジースタッフ西日本株式会社,福岡県,"日給1万3,741円",アルバイト・パート,警備,求人ボックス,https://xn--pckua2a7gp15o89zb.com/jb/1f26c203812fd99351146995c85590bd,True,21時間前,2026-09-19 04:29:58,福岡県
短時間 ショッピングセンターのお掃除スタッフ新着,株式会社イズミテクノ,福岡県,"時給1,057円～",アルバイト・パート,警備,求人ボックス,https://xn--pckua2a7gp15o89zb.com/jb/22ef3ddad92a4e31610deb1ee02ce0f1,True,18時間前,2026-09-19 04:29:58,福岡県
福岡市博多区エリアでお仕事をお探しの方に!履歴書なしでOK!警備サービスのご案内のお仕事!新着,株式会社ディンプル,福岡県,"月給24万5,000円",契約社員,警備,求人ボックス,https://xn--pckua2a7gp15o89zb.com/jb/c5b3398cc3ad2a908060799924a68130,True,10時間前,2026-09-19 04:29:58,福岡県
清掃／ゆめタウン飯塚新着,株式会社イズミ,福岡県,"時給1,057円",アルバイト・パート,警備,求人ボックス,https://xn--pckua2a7gp15o89zb.com/jb/a07661bd02146bf29fe15c461bd92574,True,5時間前,2026-09-19 04:30:01,福岡県
法人向け防犯ソリューション営業 営業職／年休125日新着,ダイワ通信株式会社,福岡県,月給30万円～,正社員,警備,求人ボックス,https://xn--pckua2a7gp15o89zb.com/jb/5e0a396f0931781f72f81b4524071237,True,1時間前,2026-09-19 04:30:01,福岡県
レジ担当新着,アイング株式会社 レジ受託部 博多ブランドショップ,福岡県,"時給1,200円～1,350円",アルバイト・パート,警備,求人ボックス,https://xn--pckua2a7gp15o89zb.com/jb/19d6009aaa120c098bb377509a4acfbd,True,11時間前,2026-09-19 04:30:01,福岡県
暮らしのそばで安心を支える施設看護／住宅型有料老人ホームの看護師新着,株式会社レガート,福岡県,月給30万円～,正社員,看護,求人ボックス,https://xn--pckua2a7gp15o89zb.com/jb/0162b3dff1921a03aa981e768377f871,True,7時間前,2026-09-19 04:29:49,福岡県
夕方からのナースエイド 看護師サポート新着,株式会社ルフト・メディカルケア,福岡県,"時給1,600円～",派遣社員,看護,求人ボックス,https://xn--pckua2a7gp15o89zb.com/jb/5462591da9e17a4cf90580c82ca665ff,True,9時間前,2026-09-19 04:29:49,福岡県
動物看護師 動物たちの命を救うお仕事新着,ペットクリニック ハレルヤ,福岡県,"月給21万6,000円",正社員,看護,求人ボックス,https://xn--pckua2a7gp15o89zb.com/jb/794fdae9e680f2d147680e172e937787,True,9時間前,2026-09-19 04:29:50,福岡県
診療所・クリニックの看護師／准看護師新着,ベルいやしの呼吸器内科・内科,福岡県,"時給1,500円～2,000円",アルバイト・パート,看護,求人ボックス,https://xn--pckua2a7gp15o89zb.com/jb/5cd77541d3566de8c07bb11b493dff48,True,6時間前,2026-09-19 04:29:52,福岡県
社会保険完備の職場で看護師／准看護師新着,医療法人格心会 晴明病院,福岡県,"月給26万4,200円",正社員,看護,求人ボックス,https://xn--pckua2a7gp15o89zb.com/jb/c0e023c3e8a901116402ee593e567db1,True,7時間前,2026-09-19 04:29:52,福岡県
社会保険完備の職場で看護師／准看護師新着,放課後等デイサービス ゆい,福岡県,"月給27万3,900円",正社員,看護,求人ボックス,https://xn--pckua2a7gp15o89zb.com/jb/82d1185975ad24194d7d1b37ac598b42,True,6時間前,2026-09-19 04:29:52,福岡県
診療所・クリニックの看護師／准看護師新着,のぐち整形外科クリニック,福岡県,"月給21万4,800円",正社員,看護,求人ボックス,https://xn--pckua2a7gp15o89zb.com/jb/5c505991be5d6826d645e7cf8b10a4e7,True,6時間前,2026-09-19 04:29:55,福岡県
介護施設の看護師／准看護師新着,医療法人社団朝菊会 介護老人保健施設ケアプラザ北原,福岡県,"月給18万4,000円",正社員,看護,求人ボックス,https://xn--pckua2a7gp15o89zb.com/jb/e4cc30e8ab5cc35197ddcfe4dae17c74,True,6時間前,2026-09-19 04:29:59,福岡県
社会保険完備の職場で看護師／准看護師新着,児童発達支援 ゆい,福岡県,"月給27万3,900円",正社員,看護,求人ボックス,https://xn--pckua2a7gp15o89zb.com/jb/619f3f55de56e48efd403709a0d47fab,True,6時間前,2026-09-19 04:30:01,福岡県
企業主導型 ぱぴよん保育園 久留米の看護師新着,株式会社TSUBAKI,福岡県,"月給20万9,000円",正社員,看護,求人ボックス,https://xn--pckua2a7gp15o89zb.com/jb/fbfa75926ee014d9e7b7730ea2f3786a,True,9時間前,2026-09-19 04:30:01,福岡県
夜勤専従スタッフ・未経験可の看護師／准看護師新着,つつみクリニック福岡,福岡県,,アルバイト・パート,看護,求人ボックス,https://xn--pckua2a7gp15o89zb.com/jb/e1e137cf061ba748372fd7a118fcea81,True,6時間前,2026-09-19 04:30:06,福岡県
看護師・社会保険完備の職場で看護師／准看護師新着,Dクリニック福岡,福岡県,月給30万円～,正社員,看護,求人ボックス,https://xn--pckua2a7gp15o89zb.com/jb/c4dc986dad9bd529444f61f39a79b6a5,True,6時間前,2026-09-19 04:30:10,福岡県
看護職員・社会保険完備の職場で看護師／准看護師新着,住宅型有料老人ホーム「SJR千早」,福岡県,"月給23万8,500円",正社員,看護,求人ボックス,https://xn--pckua2a7gp15o89zb.com/jb/8c74b100b5d99650c77d53a5b4a18caa,True,6時間前,2026-09-19 04:30:12,福岡県
正看護師・社会保険完備の職場で看護師／准看護師新着,ReHOPE 福岡東,福岡県,"月給29万4,300円",正社員,看護,求人ボックス,https://xn--pckua2a7gp15o89zb.com/jb/4c23371e42b2339e589a6a69740e28cc,True,6時間前,2026-09-19 04:30:12,福岡県
正看護師・准看護師／病棟 2交代新着,医療法人敬天会,福岡県,"月給26万8,000円",正社員,看護,求人ボックス,https://xn--pckua2a7gp15o89zb.com/jb/9333b6c153e1763bebc9b3651e5b0ded,True,9時間前,2026-09-19 04:30:12,福岡県
正看護師／病棟 2交代新着,社会医療法人福西会,福岡県,"月給29万8,000円",正社員,看護,求人ボックス,https://xn--pckua2a7gp15o89zb.com/jb/d93a11628fe964cb991ea9cbe78d1694,True,9時間前,2026-09-19 04:30:12,福岡県
看護師／介護老人保健施設新着,医療法人清友会 介護老人保健施設 クリーンパル・...,福岡県,"時給1,186円～1,336円",アルバイト・パート,看護,求人ボックス,https://xn--pckua2a7gp15o89zb.com/jb/6430b901b3a0a9df520c2293b8857fc8,True,6時間前,2026-09-19 04:30:16,福岡県
特別養護老人ホームの看護師新着,社会福祉法人親孝会,福岡県,"月給20万1,200円",正社員,看護,求人ボックス,https://xn--pckua2a7gp15o89zb.com/jb/32986bd3a07f21d8fba96fe188543e66,True,5時間前,2026-09-19 04:30:16,福岡県
正看護師・准看護師／病棟 2交代新着,医療法人原三信病院,福岡県,"月給25万7,000円",正社員,看護,求人ボックス,https://xn--pckua2a7gp15o89zb.com/jb/c1a14f47cd63c940bdd3922208dbaf00,True,9時間前,2026-09-19 04:30:16,福岡県
「普通免許OKの業務委託ドライバー 」週5日／7:30～21:00新着,JCSロジスコ株式会社,福岡県,月給80万円～100万円,,ドライバー,求人ボックス,https://xn--pckua2a7gp15o89zb.com/jbn/371f6ff24c66a7a3bdf8a4de6c68c5cb,True,21時間前,2026-09-19 04:29:52,福岡県
日払い可能!慣れたら月収100万可能 軽貨物の配送ドライバー新着,Jルート株式会社,福岡県,月給45万円～100万円,,ドライバー,求人ボックス,https://xn--pckua2a7gp15o89zb.com/jb/5370fe6f13d28af2eadbaac6f5db455e,True,9時間前,2026-09-19 04:29:52,福岡県
中型ドライバー／未経験可新着,堀内商事株式会社,福岡県,月給25万円～26万,正社員,ドライバー,求人ボックス,https://xn--pckua2a7gp15o89zb.com/jb/8ed28f075d7001e6480e421629d86216,True,23時間前,2026-09-19 04:29:53,福岡県
未経験歓迎!年収500万円以上狙える配送ドライバー!片手で持てる荷物が...新着,株式会社From・RAG,福岡県,"月給35万4,510円",,ドライバー,求人ボックス,https://xn--pckua2a7gp15o89zb.com/jb/2a9e17c33a8f9805ab8110b014488e7e,True,9時間前,2026-09-19 04:29:57,福岡県
「福岡への移住サポート!」地場配送ドライバー／大型取得支援あり新着,株式会社福岡豊興,福岡県,"月給27万5,000円",正社員,ドライバー,求人ボックス,https://xn--pckua2a7gp15o89zb.com/jbn/a86a24341ad89e08c550c45cfebfd02e,True,23時間前,2026-09-19 04:29:57,福岡県
引越し／ドライバー／軽作業・物流系 東京の新設営業所で働ける新着,株式会社CLライン,福岡県,月給32万円～37万円,正社員,ドライバー,求人ボックス,https://xn--pckua2a7gp15o89zb.com/jb/2e30ab6e93cc12eb21d115ec87f3a77a,True,17時間前,2026-09-19 04:30:00,福岡県
レンタカー回送ドライバー／直行直帰OK／未経験歓迎新着,株式会社セルティ,福岡県,日給1万円,,ドライバー,求人ボックス,https://xn--pckua2a7gp15o89zb.com/jb/58bbc73716c4d6a2271fa49391abaa90,True,12時間前,2026-09-19 04:30:09,福岡県
"入社祝い金30,000円／時給1,400円／送迎ドライバー新着",株式会社ジャパンリリーフ送迎サポート,福岡県,"時給1,400円",正社員,ドライバー,求人ボックス,https://xn--pckua2a7gp15o89zb.com/jb/6c32e5b70c0babbb581e5eeaf5021112,True,22時間前,2026-09-19 04:30:09,福岡県
「日勤のみ×残業少なめ」長距離の大型トラックドライバー／男性活躍新着,司福岡株式会社,福岡県,月給25万円～35万円,正社員,ドライバー,求人ボックス,https://xn--pckua2a7gp15o89zb.com/jbn/66db0052524dc31703eaff4b6db11e9c,True,23時間前,2026-09-19 04:30:14,福岡県
キッズスクール送迎ドライバー／シニア活躍中／未経験OK新着,株式会社ジャパン・リリーフ送迎サポート,福岡県,"月給21万1,300円",契約社員,ドライバー,求人ボックス,https://xn--pckua2a7gp15o89zb.com/jb/f896d2c763fce9df31a149264f115db2,True,18時間前,2026-09-19 04:30:14,福岡県
「賞与年2回×月収35万〜可能」近距離の大型トラックドライバー新着,司西九州株式会社,福岡県,月給27万円～35万円,正社員,ドライバー,求人ボックス,https://xn--pckua2a7gp15o89zb.com/jbn/8c96ce1343bfe9b0d0eac437f8a8374c,True,23時間前,2026-09-19 04:30:18,福岡県
大型トラックドライバー新着,株式会社OkaSyo,福岡県,"月給38万9,000円",正社員,ドライバー,求人ボックス,https://xn--pckua2a7gp15o89zb.com/jb/aba69216a6aa563a5e891accac3411ec,True,6時間前,2026-09-19 04:30:20,福岡県
大型ドライバー10t 中長距離の夜間輸送／九州福山通運株式会社新着,福山通運株式会社,福岡県,月給35万円～50万円,正社員,ドライバー,求人ボックス,https://xn--pckua2a7gp15o89zb.com/jb/73918827bf2088e1bc06c2243da820b8,True,5時間前,2026-09-19 04:30:20,福岡県
中型ドライバー／レア車両輸送／月32万保障／週休2日制／中高年も活躍中新着,株式会社新日本運輸サービス,福岡県,"月給31万5,000円",正社員,ドライバー,求人ボックス,https://xn--pckua2a7gp15o89zb.com/jb/554f67a9d7d33abddbac1bff4f9b5579,True,14時間前,2026-09-19 04:30:20,福岡県
小型荷物の配送ドライバー大募集中 嬉しいシフト制でプライベートも大事に...新着,クイックギア,福岡県,"月給41万2,500円",正社員,ドライバー,求人ボックス,https://xn--pckua2a7gp15o89zb.com/jb/418989e133aceaad99f4f304e3b2f640,True,9時間前,2026-09-19 04:30:23,福岡県
ドライバー 道路撮影 普通免許だけで応募可新着,ヒカリ企画,福岡県,"日給1万8,000円",契約社員,ドライバー,求人ボックス,https://xn--pckua2a7gp15o89zb.com/jb/b26bd7acb38eb893f2e0157a6a3de8cb,True,5時間前,2026-09-19 04:30:23,福岡県
製造スタッフ／車・航空機製造／ライン作業 エンジン部品の製造 高収入新着,株式会社AKATSUKI,福岡県,"月給38万6,000円",正社員,製造,求人ボックス,https://xn--pckua2a7gp15o89zb.com/jb/9c45fb6ba4a6eaef237a0be9a855641c,True,5時間前,2026-09-19 04:30:18,福岡県
「電子機器の製造スタッフ」家賃タダの寮完備／お手本通りで安心新着,株式会社MONOLITH,福岡県,月給30万円～34万円,正社員,製造,求人ボックス,https://xn--pckua2a7gp15o89zb.com/jbn/aa299f8adc4a6544746a093f9afb655a,True,13時間前,2026-09-19 04:30:19,福岡県
ヒーロー玩具の製造・軽作業スタッフ／フリーター歓迎／住まいの相談OK新着,株式会社tocca,福岡県,月給30万円～34万円,正社員,製造,求人ボックス,https://xn--pckua2a7gp15o89zb.com/jbn/614791af1624a3f1652d6002221456c0,True,22時間前,2026-09-19 04:30:19,福岡県
「コツコツ倉庫ワーク!」機械で電子部品製造スタッフ／20代から30代活...新着,株式会社日本ケイテム,福岡県,"時給1,200円～",アルバイト・パート,製造,求人ボックス,https://xn--pckua2a7gp15o89zb.com/jbn/2aa45861a3f9b9058404fd2b4be9b628,True,20時間前,2026-09-19 04:30:19,福岡県
製造スタッフ／工場・製造系 ア 機能式ベッドの組み立て未経験OK新着,株式会社STREAK,福岡県,"時給1,550円～1,950円",アルバイト・パート,製造,求人ボックス,https://xn--pckua2a7gp15o89zb.com/jb/ca507e68cb58d1fd19d4c666cb6a9c4c,True,5時間前,2026-09-19 04:30:19,福岡県
ブランクOK／プラスチックケースの製造スタッフ／空調完備／快適職場新着,株式会社アテナスタイル,福岡県,"月給29万4,000円",正社員,製造,求人ボックス,https://xn--pckua2a7gp15o89zb.com/jb/78d135d406eaeb8ba8b81c2e340b73c5,True,5時間前,2026-09-19 04:30:22,福岡県
「EVモーターの製造」中途入社スタッフ在籍／二交代・夜勤あり新着,AspiRove株式会社,福岡県,月給30万円,正社員,製造,求人ボックス,https://xn--pckua2a7gp15o89zb.com/jb/ea7b60ea144fb64231c12e1e3f527fa7,True,22時間前,2026-09-19 04:30:22,福岡県
工場内のあん製造スタッフ新着,TTCフーズ株式会社 田川工場,福岡県,"時給1,135円～",アルバイト・パート,製造,求人ボックス,https://xn--pckua2a7gp15o89zb.com/jb/80fc194a07db7795b441c3b74d804d24,True,10時間前,2026-09-19 04:30:22,福岡県
「高収入を目指せる!」／製造スタッフ／未経験歓迎／安定収入新着,製造,福岡県,月給27万円～33万円,正社員,製造,求人ボックス,https://xn--pckua2a7gp15o89zb.com/jbn/66529ee77a2a38b67cafb33ffcfeac0f,True,14時間前,2026-09-19 04:30:26,福岡県
「香りに囲まれて働ける!」／ルームフレグランスの製造スタッフ／研修あり新着,株式会社Tetote,福岡県,月給27万円～34万円,正社員,製造,求人ボックス,https://xn--pckua2a7gp15o89zb.com/jbn/c3c22b82c352636e6aef26c384e297cb,True,16時間前,2026-09-19 04:30:26,福岡県
「新しい仕事に挑戦しやすい」／保存容器フタの製造スタッフ／モノづくり新着,製造,福岡県,"月給34万5,000円",正社員,製造,求人ボックス,https://xn--pckua2a7gp15o89zb.com/jbn/5052f7530f750c774d81fa4d8778d635,True,15時間前,2026-09-19 04:30:26,福岡県
20代30代に人気の製品づくり!／キャンプランタン部品の製造スタッフ新着,製造,福岡県,月給35万円～42万,正社員,製造,求人ボックス,https://xn--pckua2a7gp15o89zb.com/jbn/4e9420d1249cd569c2e9c83c3b4fbd4d,True,12時間前,2026-09-19 04:30:30,福岡県
ETCの製造・軽作業スタッフ新着,ライフウェル合同会社,福岡県,"月給27万5,000円",正社員,製造,求人ボックス,https://xn--pckua2a7gp15o89zb.com/jb/fad8c4971443ed30a496307690fcf244,True,11時間前,2026-09-19 04:30:34,福岡県
ETCの製造・軽作業スタッフ新着,株式会社ファイアワークス,福岡県,"月給27万5,000円",正社員,製造,求人ボックス,https://xn--pckua2a7gp15o89zb.com/jb/03d4e3df4c9d63eadade5aaf57da060d,True,9時間前,2026-09-19 04:30:34,福岡県
生活雑貨の製造サポートスタッフ／工場軽作業・製造補助・品質管理新着,製造,福岡県,"時給1,347円～1,947円",アルバイト・パート,製造,求人ボックス,https://xn--pckua2a7gp15o89zb.com/jb/2a87c0ab232c10aae418832a2fedbd73,True,7時間前,2026-09-19 04:30:34,福岡県
「同世代と働きやすい」／介護用品パーツの製造スタッフ／モノづくり新着,製造,福岡県,"月給33万9,000円",正社員,製造,求人ボックス,https://xn--pckua2a7gp15o89zb.com/jbn/7e2213da851a3387014fcd53882d39c8,True,14時間前,2026-09-19 04:30:37,福岡県
「仕事もプライベートも充実!」／製造スタッフ／未経験歓迎／土日休み新着,製造,福岡県,月給27万円～33万円,正社員,製造,求人ボックス,https://xn--pckua2a7gp15o89zb.com/jbn/c4432cb8ff883f96222b952d8a3393f0,True,14時間前,2026-09-19 04:30:37,福岡県
「正社員デビュー応援」／ベビー用食器の製造スタッフ／モノづくり新着,製造,福岡県,"月給34万7,000円",正社員,製造,求人ボックス,https://xn--pckua2a7gp15o89zb.com/jbn/96e4026e8da2076d0af3809988d80559,True,14時間前,2026-09-19 04:30:37,福岡県
「生活サポート充実で安心!」／冷感タオルの製造スタッフ／寮完備新着,株式会社SNJAPAN,福岡県,"月給27万4,000円",正社員,製造,求人ボックス,https://xn--pckua2a7gp15o89zb.com/jbn/7feb8378ff6f34df83aa1cd344f9ace4,True,12時間前,2026-09-19 04:30:37,福岡県
「男女ともに活躍中」／製造スタッフ／未経験歓迎／月給30万円可能新着,製造,福岡県,月給30万円,正社員,製造,求人ボックス,https://xn--pckua2a7gp15o89zb.com/jbn/3bce148bbff996f4b5b610b067040aad,True,14時間前,2026-09-19 04:30:37,福岡県
製造スタッフ／品出し／検品 期間限定軽作業 同じ工程が中心新着,ヒカリ企画,福岡県,"時給1,500円～1,875円",契約社員,製造,求人ボックス,https://xn--pckua2a7gp15o89zb.com/jb/0ed563072eeb92c3b3bdcd93c01a115c,True,5時間前,2026-09-19 04:30:37,福岡県
「正社員デビュー応援」／医療用検査キット容器の製造スタッフ／モノづくり新着,製造,福岡県,月給34万円～39万円,正社員,製造,求人ボックス,https://xn--pckua2a7gp15o89zb.com/jbn/e6664cf11f16151ab344bb6776e9cbc1,True,14時間前,2026-09-19 04:30:40,福岡県
身近なアイテムを作る製造ワーク!／エコバッグ持ち手部品の製造スタッフ新着,製造,福岡県,"月給35万3,000円",正社員,製造,求人ボックス,https://xn--pckua2a7gp15o89zb.com/jbn/e8a62dd7869eb9db25389be92379f9e6,True,12時間前,2026-09-19 04:30:40,福岡県
「同世代と働きやすい」／アウトドアチェア部品の製造スタッフ／モノづくり新着,製造,福岡県,"月給35万3,000円",正社員,製造,求人ボックス,https://xn--pckua2a7gp15o89zb.com/jbn/bd5527b4f440d0673adf0e792b50e893,True,14時間前,2026-09-19 04:30:40,福岡県
高収入も目指せる製造スタッフ!／ゲーミングヘッドセットの組立スタッフ新着,製造,福岡県,"月給42万6,000円",正社員,製造,求人ボックス,https://xn--pckua2a7gp15o89zb.com/jbn/85ad44fb6dcb54a90db8960cce6b7213,True,12時間前,2026-09-19 04:30:45,福岡県
ETCの製造・軽作業スタッフ新着,縁建託株式会社,福岡県,"月給27万5,000円",正社員,製造,求人ボックス,https://xn--pckua2a7gp15o89zb.com/jb/924a83ca25ec54f6e8df1342c2fa5acd,True,10時間前,2026-09-19 04:30:45,福岡県
「新しい仕事に挑戦しやすい」／電気ケトル部品の製造スタッフ／モノづくり新着,製造,福岡県,"月給33万8,000円",正社員,製造,求人ボックス,https://xn--pckua2a7gp15o89zb.com/jbn/6fe9bd0b1b392b7feb9df11e458a5445,True,14時間前,2026-09-19 04:30:45,福岡県
寮ありで新生活も始めやすい／釣り具パーツの製造スタッフ／福利厚生充実新着,製造,福岡県,"月給33万9,000円",正社員,製造,求人ボックス,https://xn--pckua2a7gp15o89zb.com/jbn/105f78b3954c6052c380b462363bf9cf,True,10時間前,2026-09-19 04:30:45,福岡県
シンプル作業から始める製造スタッフ／ゲームコントローラーの製造スタッフ新着,製造,福岡県,"月給32万9,000円",正社員,製造,求人ボックス,https://xn--pckua2a7gp15o89zb.com/jbn/b06513164680d63e8e5732724b150033,True,9時間前,2026-09-19 04:30:45,福岡県
工場デビューにおすすめ!／アロマディフューザー部品の部品製造スタッフ新着,製造,福岡県,"月給32万4,000円",正社員,製造,求人ボックス,https://xn--pckua2a7gp15o89zb.com/jbn/5ac1f92f27f9a7bb78f45f78264d8bf6,True,12時間前,2026-09-19 04:30:48,福岡県
暮らしに近い製品の製造スタッフ!／スマホケースの部品セットスタッフ新着,製造,福岡県,"月給30万5,000円",正社員,製造,求人ボックス,https://xn--pckua2a7gp15o89zb.com/jbn/5fd7d93c210deb064f44122c08380bd9,True,12時間前,2026-09-19 04:30:48,福岡県
チームで進めるものづくり／タンブラー部品の製造スタッフ／待遇面も安心新着,製造,福岡県,"月給32万7,000円",正社員,製造,求人ボックス,https://xn--pckua2a7gp15o89zb.com/jbn/c05d03e83f76abbe95d097a24050725c,True,9時間前,2026-09-19 04:30:48,福岡県
暮らしに近い製品の製造スタッフ!／折りたたみ傘ケースの加工補助スタッフ新着,製造,福岡県,"月給34万6,000円",正社員,製造,求人ボックス,https://xn--pckua2a7gp15o89zb.com/jbn/e759fceca5c519f36d6e9335c4a3f811,True,12時間前,2026-09-19 04:30:48,福岡県
パチンコ店の清掃スタッフ新着,株式会社紅,福岡県,"時給1,060円～",アルバイト・パート,清掃,求人ボックス,https://xn--pckua2a7gp15o89zb.com/jb/882420ee8d64248746ec8467e2546d66,True,9時間前,2026-09-19 04:30:19,福岡県
清掃スタッフ／午前中の短時間／未経験者歓迎新着,サンキュウビジネスサービス株式会社,福岡県,"時給1,140円",アルバイト・パート,清掃,求人ボックス,https://xn--pckua2a7gp15o89zb.com/jb/e5a7d9719d2fdcd22d8f72ff8e02b9de,True,23時間前,2026-09-19 04:30:19,福岡県
工場の厚生棟清掃スタッフ新着,TTCフーズ株式会社 田川工場,福岡県,"時給1,135円～",アルバイト・パート,清掃,求人ボックス,https://xn--pckua2a7gp15o89zb.com/jb/cbfb07057e0638742a5d792ce29bfde0,True,10時間前,2026-09-19 04:30:19,福岡県
ビル内清掃スタッフ／土曜日のみ新着,株式会社明装舎,福岡県,"時給1,220円",アルバイト・パート,清掃,求人ボックス,https://xn--pckua2a7gp15o89zb.com/jb/a97a08b7457a5b284e89a44254cd3fc1,True,6時間前,2026-09-19 04:30:20,福岡県
清掃スタッフ／スーパーセンタートライアル 大刀洗店新着,株式会社トライアルカンパニー,福岡県,"時給1,100円",アルバイト・パート,清掃,求人ボックス,https://xn--pckua2a7gp15o89zb.com/jb/4c3217febd1bdf7c6daa7ebce1ea6b50,True,6時間前,2026-09-19 04:30:20,福岡県
清掃スタッフ・清掃／環境整備新着,リタの農園,福岡県,月給23万円～27万円,正社員,清掃,求人ボックス,https://xn--pckua2a7gp15o89zb.com/jb/372eac5066fd357c588ad47f8d0886a8,True,6時間前,2026-09-19 04:30:20,福岡県
美術館での床掃除などの清掃スタッフ／夕方3時間&WワークOK!超レア!新着,株式会社旭商会,福岡県,"時給1,200円～",アルバイト・パート,清掃,求人ボックス,https://xn--pckua2a7gp15o89zb.com/jb/abf3162b5319d85ce71330112c85c59a,True,3時間前,2026-09-19 04:30:24,福岡県
銀行の清掃スタッフ新着,株式会社シンコー,福岡県,"時給1,200円",アルバイト・パート,清掃,求人ボックス,https://xn--pckua2a7gp15o89zb.com/jb/465f2015ffa9340bcf0cc38bd61c7754,True,7時間前,2026-09-19 04:30:24,福岡県
プラントの清掃作業スタッフ／未経験OK／週払いOK／学歴不問新着,株式会社ドライブトライブ,福岡県,"日給1万1,200円",派遣社員,清掃,求人ボックス,https://xn--pckua2a7gp15o89zb.com/jb/2db7294b5b71ba41bf651338e57ab3ec,True,18時間前,2026-09-19 04:30:24,福岡県
工場内でのパトロール・清掃スタッフ募集新着,トライズネクスト株式会社,福岡県,"時給1,500円～1,875円",派遣社員,清掃,求人ボックス,https://xn--pckua2a7gp15o89zb.com/jb/912beb212f9124236fb30f0929048591,True,18時間前,2026-09-19 04:30:28,福岡県
病院内でのお手伝いスタッフ／清掃・物品の補充新着,株式会社ルフト・メディカルケア,福岡県,"時給1,550円～",派遣社員,清掃,求人ボックス,https://xn--pckua2a7gp15o89zb.com/jb/b66114fa0236928b267740107f00d796,True,9時間前,2026-09-19 04:30:28,福岡県
バス車内と営業所の清掃スタッフ／西鉄エム・テック株式会社新着,西鉄グループ,福岡県,"時給1,114円",アルバイト・パート,清掃,求人ボックス,https://xn--pckua2a7gp15o89zb.com/jb/97cc7751eaf033c7cc435c3df0fe289e,True,5時間前,2026-09-19 04:30:32,福岡県
清掃とゴミ回収スタッフ新着,株式会社ホットスタッフ中津,福岡県,"時給1,100円",派遣社員,清掃,求人ボックス,https://xn--pckua2a7gp15o89zb.com/jb/07de58178dd44de8ddc6004b71fb44ad,True,10時間前,2026-09-19 04:30:32,福岡県
直行・直帰可福岡市及び近郊マンション等巡回清掃スタッフ シニア新着,株式会社エコファイブ,福岡県,月給20万円～,正社員,清掃,求人ボックス,https://xn--pckua2a7gp15o89zb.com/jb/91b24fa55b11320b25acb9adf46e4ae2,True,11時間前,2026-09-19 04:30:32,福岡県
清掃スタッフ・清掃／環境整備新着,養護老人ホーム白寿園,福岡県,"時給1,115円",アルバイト・パート,清掃,求人ボックス,https://xn--pckua2a7gp15o89zb.com/jb/a49db3801643bde6a02568f391f02e9c,True,6時間前,2026-09-19 04:30:36,福岡県
客室清掃 ホテルの客室清掃スタッフ新着,株式会社GHP,福岡県,"時給1,060円～",アルバイト・パート,清掃,求人ボックス,https://xn--pckua2a7gp15o89zb.com/jb/83135f7dcf3420c977184fb78b2e006a,True,5時間前,2026-09-19 04:30:36,福岡県
竣工建物清掃スタッフ新着,株式会社暁美装,福岡県,月給19万200円,正社員,清掃,求人ボックス,https://xn--pckua2a7gp15o89zb.com/jb/0bdaacffe925a46d465c065da1022f7e,True,18時間前,2026-09-19 04:30:36,福岡県
清掃スタッフ新着,株式会社アスクメンテナンス,福岡県,"時給1,114円～",アルバイト・パート,清掃,求人ボックス,https://xn--pckua2a7gp15o89zb.com/jb/419c0d2aa81948cf7b282520aef81c7c,True,10時間前,2026-09-19 04:30:40,福岡県
清掃サポート／週3～5日・清掃スタッフのサポートですので未経験者でも安...新着,株式会社ヒルン,福岡県,"時給1,100円～",正社員,清掃,求人ボックス,https://xn--pckua2a7gp15o89zb.com/jb/1baa6556e0f371af5f7df41b922a011b,True,11時間前,2026-09-19 04:30:40,福岡県
工場や複合商業施設の清掃スタッフ／ガラスや床の清掃など新着,株式会社G&G,福岡県,"時給1,153円",派遣社員,清掃,求人ボックス,https://xn--pckua2a7gp15o89zb.com/jb/70a24825636163c0ce9e53beca41c799,True,16時間前,2026-09-19 04:30:40,福岡県
50代も活躍中「宮若市倉久」重たい物なし 軽量物の仕分け・空箱清掃スタッフ新着,株式会社ONEVEX,福岡県,"時給1,250円～1,563円",派遣社員,清掃,求人ボックス,https://xn--pckua2a7gp15o89zb.com/jb/b3b366222485a42caf5ab776c257f436,True,4時間前,2026-09-19 04:30:44,福岡県
クルーズ船清掃スタッフ／旅費・宿泊費無料&国内外航行あり新着,株式会社GROWAGENCY,福岡県,"時給1,500円～1,875円",アルバイト・パート,清掃,求人ボックス,https://xn--pckua2a7gp15o89zb.com/jb/10e466809565184dc32507b3013f9e0b,True,4時間前,2026-09-19 04:30:44,福岡県
窓口・販売業務など／直接雇用の可能性あり／高時給／未経験OK新着,株式会社テクノ・サービス,福岡県,"時給1,350円～",派遣社員,清掃,求人ボックス,https://xn--pckua2a7gp15o89zb.com/jbn/25a444e1df5390f47d3f2e3a9b57de5b,True,19時間前,2026-09-19 04:30:44,福岡県
事務所清掃新着,ダスキン福日,福岡県,"時給1,200円",アルバイト・パート,清掃,求人ボックス,https://xn--pckua2a7gp15o89zb.com/jb/3a5a37ba17a67742c8c2fd4121f8e333,True,18時間前,2026-09-19 04:30:48,福岡県
学歴不問／未経験者歓迎／正社員登用あり／空いた時間を有効利用／久留米市諏訪野町公共施設新着,新生ビルメンテナンス株式会社,福岡県,"時給1,065円～",正社員,清掃,求人ボックス,https://xn--pckua2a7gp15o89zb.com/jb/b5172fba194d5375b3baf3ea5778c7e1,True,8時間前,2026-09-19 04:30:48,福岡県
レストラン・専門料理店／ブランクOK／昇給あり／社会保険完備新着,有限会社プロムナード,福岡県,月給22万円～30万円,正社員,清掃,求人ボックス,https://xn--pckua2a7gp15o89zb.com/jbn/b942ab2c536ff668eda141019738c1b4,True,13時間前,2026-09-19 04:30:48,福岡県
レストラン・専門料理店／社会保険完備／経験者優遇新着,株式会社グラナダ,福岡県,月給25万円～30万円,正社員,清掃,求人ボックス,https://xn--pckua2a7gp15o89zb.com/jbn/c263383926be64d24248e36ca17d51ce,True,12時間前,2026-09-19 04:30:52,福岡県
レストラン・専門料理店／主婦・主夫歓迎／シフト制／賞与あり新着,株式会社平四郎,福岡県,月給17万円～26万円,正社員,清掃,求人ボックス,https://xn--pckua2a7gp15o89zb.com/jbn/60b0ba12961e38a95576f5959761b360,True,13時間前,2026-09-19 04:30:52,福岡県
レストラン・専門料理店／シフト制／社会保険完備／ブランクOK新着,株式会社サン・ルート,福岡県,月給27万円～40万円,正社員,清掃,求人ボックス,https://xn--pckua2a7gp15o89zb.com/jbn/6acd732d13ebff71ab507917dd4e3590,True,14時間前,2026-09-19 04:30:52,福岡県
大手企業にて広告・テレビCMに係る事務／未経験OK新着,株式会社TNCプロジェクト,福岡県,"時給1,300円～1,350円",派遣社員,派遣,求人ボックス,https://xn--pckua2a7gp15o89zb.com/jb/e991566bae6167824188bdd2eda78874,True,7時間前,2026-09-19 04:30:28,福岡県
製造スタッフ 未経験OK 充実の研修で技術が身につく ミニショベル製造新着,株式会社TOMIYO JOB,福岡県,"時給1,400円～1,750円",派遣社員,派遣,求人ボックス,https://xn--pckua2a7gp15o89zb.com/jb/708946794de4907f5eff435e5bdee785,True,17時間前,2026-09-19 04:30:28,福岡県
「人と話すのが好きなら向いています」／派遣コーディネーター／未経験歓迎／人と関わる仕事／研修充実新着,コーディネーター/ 【この仕事のやりがい】人と仕事を結び、現場が回る状態をつくれる 企業からも,福岡県,月給27万円～33万円,正社員,派遣,求人ボックス,https://xn--pckua2a7gp15o89zb.com/jbn/dad9eeabf26c225ea4f002f6e333cf06,True,12時間前,2026-09-19 04:30:28,福岡県
残業少なめ／事務デビュー歓迎 土日祝休み 平和通駅スグ新着,スタッフ,福岡県,"時給1,200円～1,350円",派遣社員,派遣,求人ボックス,https://xn--pckua2a7gp15o89zb.com/jb/020b07e857638a54e4ec59104d4d8a2b,True,12時間前,2026-09-19 04:30:28,福岡県
「「寮費無料×日勤のみ×土日休み」」アウトドアグッズの倉庫内軽作業新着,セブンエージェント株式会社,福岡県,"時給1,300円～",派遣社員,派遣,求人ボックス,https://xn--pckua2a7gp15o89zb.com/jb/a9017a1778302f0f08c35b29298dc2c3,True,20時間前,2026-09-19 04:30:28,福岡県
インターネット工事の日程調整に係る事務業務／インターネット工事の日程調整に係る事務業務@福岡市博多区...新着,株式会社ミライル,福岡県,"時給1,350円",派遣社員,派遣,求人ボックス,https://xn--pckua2a7gp15o89zb.com/jb/0d4f30d7bf1c8d290fded50c60caae84,True,21時間前,2026-09-19 04:30:28,福岡県
口座開設に関する書類チェック&データ入力 無料社員食堂あり新着,キャリアパス株式会社,福岡県,"時給1,250円",派遣社員,派遣,求人ボックス,https://xn--pckua2a7gp15o89zb.com/jb/8e7e3a56c710145d6f5517d2b6285e00,True,14時間前,2026-09-19 04:30:28,福岡県
10／19・20限定!サミット会場での英語・韓国語対応スタッフ募集新着,株式会社ヒト・コミュニケーションズ,福岡県,"時給1,500円",アルバイト・パート,派遣,求人ボックス,https://xn--pckua2a7gp15o89zb.com/jb/55748e0807b8af7f0d41789f5f23e8c4,True,22時間前,2026-09-19 04:30:29,福岡県
リゾートバイト／裏方全般新着,株式会社ダイブ,福岡県,"時給1,100円～",派遣社員,派遣,求人ボックス,https://xn--pckua2a7gp15o89zb.com/jb/8f64fd5bbe5307ebe1a0b2af2e576b2a,True,23時間前,2026-09-19 04:30:29,福岡県
フォークリフト作業新着,八谷紙工株式会社,福岡県,"時給1,150円～",正社員,派遣,求人ボックス,https://xn--pckua2a7gp15o89zb.com/jb/e9ee198580ce16cd6a4aaf382e01399f,True,9時間前,2026-09-19 04:30:29,福岡県
ポイント利用に関する電話受付スタッフ 10月19日スタート 未経験可 受電メイン スクリプト完備新着,AMUSE株式会社,福岡県,"時給1,500円～1,875円",派遣社員,派遣,求人ボックス,https://xn--pckua2a7gp15o89zb.com/jb/4cae6673db31bc342f22f53523aca0b0,True,4時間前,2026-09-19 04:30:29,福岡県
大手保険会社で一般事務新着,ヒューマンリソシア株式会社,福岡県,"時給1,350円",派遣社員,派遣,求人ボックス,https://xn--pckua2a7gp15o89zb.com/jb/f64bfdafac139317a0c69adf972493f8,True,7時間前,2026-09-19 04:30:32,福岡県
メンテナンス作業／自動車整備士／高時給／リモート面接OK新着,日研トータルソーシング株式会社,福岡県,"時給2,000円～",派遣社員,派遣,求人ボックス,https://xn--pckua2a7gp15o89zb.com/jbn/7e1a4ac7e295ab6073f43a78bf03d624,True,23時間前,2026-09-19 04:30:32,福岡県
吸引車での吸引 清掃作業新着,丸屋商事株式会社,福岡県,"時給1,400円～",正社員,派遣,求人ボックス,https://xn--pckua2a7gp15o89zb.com/jb/b4da8d791cda929a381910d391094777,True,9時間前,2026-09-19 04:30:32,福岡県
管理や従業員の業務サポート新着,ソイテックスジャパン株式会社,福岡県,"時給1,300円～",正社員,派遣,求人ボックス,https://xn--pckua2a7gp15o89zb.com/jb/9f906e27648afeef4074ccbcfd06e24b,True,9時間前,2026-09-19 04:30:32,福岡県
一般事務／派遣スタッフ活躍中／大手企業でコツコツ人事事務新着,マンパワーグループ株式会社,福岡県,"時給1,250円",派遣社員,派遣,求人ボックス,https://xn--pckua2a7gp15o89zb.com/jb/559dcf7f0645aeb2b51a8b562fb2f800,True,7時間前,2026-09-19 04:30:32,福岡県
クレジットカードの入会手続き事務新着,アイスタッフ株式会社,福岡県,"時給1,300円",正社員,派遣,求人ボックス,https://xn--pckua2a7gp15o89zb.com/jb/ebecafd29d6c34c3106e6b582e33a6d6,True,18時間前,2026-09-19 04:30:32,福岡県
品出し／梱包／仕分け・シール貼り 通販用商品を補充するモクモク作業新着,株式会社フィールドネットワーク,福岡県,"時給1,200円～1,500円",派遣社員,派遣,求人ボックス,https://xn--pckua2a7gp15o89zb.com/jb/1692904f198d7c142527bafd98c3293c,True,17時間前,2026-09-19 04:30:35,福岡県
月収36万円 半導体工場での機械操作・製造オペレーター 交替制・20-40代活躍中新着,株式会社ティーエムビジョン,福岡県,"時給1,600円～",派遣社員,派遣,求人ボックス,https://xn--pckua2a7gp15o89zb.com/jb/ec36d86d7e60d57fd1e069e07e686d4b,True,5時間前,2026-09-19 04:30:35,福岡県
AutoCADオペレーター 車通勤OK スキル向上新着,株式会社アットキャド,福岡県,"時給1,650円～1,850円",派遣社員,派遣,求人ボックス,https://xn--pckua2a7gp15o89zb.com/jb/ba4b9de03f172381dfc19f656a8d004b,True,13時間前,2026-09-19 04:30:35,福岡県
派遣コーディネーター新着,株式会社ジャストファイン,福岡県,月給30万円～50万円,正社員,派遣,求人ボックス,https://xn--pckua2a7gp15o89zb.com/jb/fef39b89cb9a8974e531da0caceb98f6,True,11時間前,2026-09-19 04:30:35,福岡県
「見逃し厳禁!高時給で日払いOK」アパレル商品の倉庫内軽作業スタッフ新着,株式会社アルミラ,福岡県,"時給1,410円～",アルバイト・パート,派遣,求人ボックス,https://xn--pckua2a7gp15o89zb.com/jb/7cfbeeed97dadd8293e0fa1db94e6f66,True,17時間前,2026-09-19 04:30:39,福岡県
アパレル／アクセサリー／レジ打ち 鏡を見るのが もっと好きになる 履歴書不要／日払いOK／昇給有新着,株式会社I・PARTNERS,福岡県,"時給1,300円～1,600円",派遣社員,派遣,求人ボックス,https://xn--pckua2a7gp15o89zb.com/jb/06b3373afdce7480d982f892064d6f28,True,23時間前,2026-09-19 04:30:39,福岡県
月収17万円 倉庫業務・20-40代活躍中新着,株式会社BREXA Next,福岡県,"時給1,060円～",派遣社員,派遣,求人ボックス,https://xn--pckua2a7gp15o89zb.com/jb/a97b5f2b833764e97da666e3b4a75928,True,4時間前,2026-09-19 04:30:39,福岡県
一般事務・OA事務 ／ データエントリー業務／電話少 決まった手順で 入力や書類仕分け新着,パーソルテンプスタッフ株式会社,福岡県,"時給1,350円",派遣社員,派遣,求人ボックス,https://xn--pckua2a7gp15o89zb.com/jb/8a97f970fb7be0facf13c87786c45076,True,18時間前,2026-09-19 04:30:39,福岡県
月収29万円 食品系工場でのクレーン・フォークリフト 日勤・20-40代活躍中新着,UTエージェント株式会社,福岡県,"時給1,350円～",派遣社員,派遣,求人ボックス,https://xn--pckua2a7gp15o89zb.com/jb/067041d554cad2fd87c68dcd7813eeee,True,4時間前,2026-09-19 04:30:39,福岡県
再生ポリエステル製造現場オペレーター新着,株式会社スタッフサービス,福岡県,"時給1,600円～",派遣社員,派遣,求人ボックス,https://xn--pckua2a7gp15o89zb.com/jb/f6df7a572c4747fd3219944cb77110ad,True,9時間前,2026-09-19 04:30:39,福岡県
組立・素材加工／未経験OK 電子部品の組立・動作チェック／土日祝休新着,株式会社ウィルオブ・ワーク,福岡県,"時給1,200円～1,500円",派遣社員,派遣,求人ボックス,https://xn--pckua2a7gp15o89zb.com/jb/92a4747bd6c8c3bfbead8549f41a9213,True,11時間前,2026-09-19 04:30:39,福岡県
テレフォンオペレーター+ 一般事務新着,株式会社リクルートスタッフィング,福岡県,"時給1,400円～",派遣社員,派遣,求人ボックス,https://xn--pckua2a7gp15o89zb.com/jb/2071944bda1fafff114450f309c9327e,True,9時間前,2026-09-19 04:30:43,福岡県
小児向け食事の調理補助スタッフ新着,株式会社ホットスタッフ新宮,福岡県,"時給1,150円",派遣社員,派遣,求人ボックス,https://xn--pckua2a7gp15o89zb.com/jb/506f79b12aceb09a8f04f84f33f0ebe6,True,10時間前,2026-09-19 04:30:43,福岡県
社員食堂の調理補助スタッフ新着,株式会社ホットスタッフ飯塚,福岡県,"時給1,120円",派遣社員,派遣,求人ボックス,https://xn--pckua2a7gp15o89zb.com/jb/473563edf700373611e9b045a3a6f5d0,True,10時間前,2026-09-19 04:30:43,福岡県
土日祝休!業界経験・業務経験なくてもOK!スキルアップ支援充実 基本土日祝休み新着,株式会社コンシェルテック,福岡県,"月給18万5,000円",正社員,派遣,求人ボックス,https://xn--pckua2a7gp15o89zb.com/jb/38697db950e57e705f7607149428c8f5,True,22時間前,2026-09-19 04:30:43,福岡県
クレーン・フォークリフト・重機／半導体・20-40代活躍中新着,株式会社ウイルテック,福岡県,"時給1,450円～",派遣社員,派遣,求人ボックス,https://xn--pckua2a7gp15o89zb.com/jb/275146629c6e044456991da13fc12073,True,5時間前,2026-09-19 04:30:43,福岡県
グラフィックデザイナー 商業施設・大学の販促制作 土日祝休み新着,株式会社フェローズ,福岡県,"時給1,500円～1,600円",派遣社員,派遣,求人ボックス,https://xn--pckua2a7gp15o89zb.com/jb/d64b1be0aa4f624f9d0cccd8a7721af2,True,16時間前,2026-09-19 04:30:43,福岡県
派遣コーディネーター／20代若手活躍中～営業・販売・サービス業界出身者歓迎～新着,株式会社グラスト,福岡県,年収350万円～450万円,正社員,派遣,求人ボックス,https://xn--pckua2a7gp15o89zb.com/jb/82d0b63dc339310683c47d833c2cbf0b,True,7時間前,2026-09-19 04:30:43,福岡県
「電話受付／取次ぎ」履歴書不要!カンタン応募!日払い利用OK!時給1300円!新着,株式会社CAREER,福岡県,時給1300円,派遣社員,派遣,求人ボックス,https://xn--pckua2a7gp15o89zb.com/jb/08e34f43d0f3903b903d87d6fea17836,True,10時間前,2026-09-19 04:30:47,福岡県
人材コーディネーター管理業務・営業／年間休日123日以上新着,株式会社ファーストリンク,福岡県,月給23万円～30万円,正社員,派遣,求人ボックス,https://xn--pckua2a7gp15o89zb.com/jb/a7b842386b7507ea8b090314ea414904,True,12時間前,2026-09-19 04:30:47,福岡県
金型設計会社での一般事務スタッフ新着,UTエージェント株式会社 AGT西日本第二CU,福岡県,"時給1,400円～",アルバイト・パート,派遣,求人ボックス,https://xn--pckua2a7gp15o89zb.com/jb/8f0dda61e3b5f00f431c5ba564db8cc0,True,5時間前,2026-09-19 04:30:47,福岡県
美術館併設カフェ・レストランの接客スタッフ新着,株式会社阪急トラベルサポート,福岡県,"時給1,300円",派遣社員,派遣,求人ボックス,https://xn--pckua2a7gp15o89zb.com/jb/c90980bbbeb997331d7b8ac2106ce25a,True,13時間前,2026-09-19 04:30:47,福岡県
物流センターでの事務スタッフ新着,UTエージェント株式会社 AGT西日本第一CU,福岡県,"時給1,200円～",アルバイト・パート,派遣,求人ボックス,https://xn--pckua2a7gp15o89zb.com/jb/405e7254185436b587ebe73539649f8b,True,5時間前,2026-09-19 04:30:47,福岡県
製造スタッフ新着,日本マニュファクチャリングサービス株式会社,福岡県,"時給1,500円～",正社員,派遣,求人ボックス,https://xn--pckua2a7gp15o89zb.com/jb/84b8cf5702dc43daa6f26bd0effc49d4,True,9時間前,2026-09-19 04:30:47,福岡県
倉庫内で部品の目視チェック作業新着,株式会社ビート,福岡県,"時給1,250円",派遣社員,派遣,求人ボックス,https://xn--pckua2a7gp15o89zb.com/jb/3e8d5b4b2ac20f7268b5a7151d35de25,True,23時間前,2026-09-19 04:30:47,福岡県
高時給1400円+交通費／週3～OK・未経験歓迎 インナー販売／ららぽーと福岡新着,株式会社ワコールキャリアサービス,福岡県,時給1400円,派遣社員,派遣,求人ボックス,https://xn--pckua2a7gp15o89zb.com/jb/3bbe751ade596d76b182d3a6f2c80846,True,7時間前,2026-09-19 04:30:50,福岡県
建材製造の機械オペレーター補助新着,株式会社ホットスタッフ博多,福岡県,"時給1,200円",派遣社員,派遣,求人ボックス,https://xn--pckua2a7gp15o89zb.com/jb/ad5666e491f4db47dbfe5f5b3ef3097f,True,10時間前,2026-09-19 04:30:50,福岡県
リーチリフトを使って紙製品の入出荷スタッフ新着,株式会社ホットスタッフ小倉,福岡県,"時給1,200円",派遣社員,派遣,求人ボックス,https://xn--pckua2a7gp15o89zb.com/jb/71894b7773bd7b9a03462d7c53606a55,True,10時間前,2026-09-19 04:30:50,福岡県
サンドブラスト加工スタッフ新着,株式会社ホットスタッフ宮若,福岡県,"時給1,200円",派遣社員,派遣,求人ボックス,https://xn--pckua2a7gp15o89zb.com/jb/6db142bfea8975ccc5a447530b2425d7,True,10時間前,2026-09-19 04:30:50,福岡県
「丁寧さを活かせる!」電子部品の分析アシスタントスタッフ／20代から30代活躍中!／日払いOK新着,株式会社日本ケイテム,福岡県,"時給1,200円～",アルバイト・パート,派遣,求人ボックス,https://xn--pckua2a7gp15o89zb.com/jbn/cd8d229ed2661bcf250a9e1988a38a8b,True,19時間前,2026-09-19 04:30:50,福岡県
研磨パッドの加工業務／寮完備／3交替／車通勤／京都で働こう／宗像市から京都へ新着,株式会社グロップ 京都オフィス,福岡県,"時給1,700円～2,125円",派遣社員,派遣,求人ボックス,https://xn--pckua2a7gp15o89zb.com/jbn/6fb52de57165e420ae90e675aa5851cd,True,23時間前,2026-09-19 04:30:50,福岡県
金属部品の組立スタッフ新着,株式会社ホットスタッフ北九州,福岡県,"時給1,200円～",派遣社員,派遣,求人ボックス,https://xn--pckua2a7gp15o89zb.com/jb/65b85487653c323ea2d058cde884dbe8,True,10時間前,2026-09-19 04:30:54,福岡県
コミュ力不要のカンタン作業／軽作業・工場／住み込み歓迎／日払い、週払い可新着,株式会社F・C 採用部,福岡県,月給28万円～32万円,派遣社員,派遣,求人ボックス,https://xn--pckua2a7gp15o89zb.com/jb/963c9895ff2a6b0bb2943ffd092edae4,True,8時間前,2026-09-19 04:30:54,福岡県
朝食のサポートスタッフ／移動・食事介助新着,株式会社ルフト・メディカルケア,福岡県,"時給1,230円～",派遣社員,派遣,求人ボックス,https://xn--pckua2a7gp15o89zb.com/jb/06ca48c5c2397f2250d1ade6d1e71898,True,9時間前,2026-09-19 04:30:54,福岡県
自動車カーペット製造新着,寿屋フロンテ株式会社 九州工場,福岡県,"時給1,400円～",正社員,派遣,求人ボックス,https://xn--pckua2a7gp15o89zb.com/jb/f4e36d43ab7bf22dc8c7cd5b11411cf6,True,9時間前,2026-09-19 04:30:54,福岡県
自動車部品製造新着,株式会社タケヒロ 九州工場,福岡県,"時給1,250円～",正社員,派遣,求人ボックス,https://xn--pckua2a7gp15o89zb.com/jb/43d748114ffd8708111c2dc5ce0eb44f,True,9時間前,2026-09-19 04:30:54,福岡県
金属加工新着,九州特殊メタル工業株式会社,福岡県,"時給1,300円～",正社員,派遣,求人ボックス,https://xn--pckua2a7gp15o89zb.com/jb/225be7a8278cf4d52825080c2b3b22f1,True,9時間前,2026-09-19 04:30:54,福岡県
自動車用シートの部品組立作業新着,フォルシアニッパツ九州株式会社,福岡県,"時給1,500円～",正社員,派遣,求人ボックス,https://xn--pckua2a7gp15o89zb.com/jb/713ac1218d286757cec2b50749045cdc,True,9時間前,2026-09-19 04:30:54,福岡県
簡単なスポット溶接作業新着,住江工業株式会社,福岡県,月給20万円～,正社員,派遣,求人ボックス,https://xn--pckua2a7gp15o89zb.com/jb/1a4e8b9d1c4225def789464c69544874,True,9時間前,2026-09-19 04:30:54,福岡県
通信サービスの申込受付事務新着,GROP 福岡オフィス,福岡県,"時給1,425円～",派遣社員,派遣,求人ボックス,https://xn--pckua2a7gp15o89zb.com/jb/9691f230c4e1f306fbae5f23b03bf846,True,9時間前,2026-09-19 04:30:57,福岡県
「手順通り進めるIT業務」／テストスタッフ／賞与あり／土日祝休み／年間休日125日以上新着,スタッフ,福岡県,"月給33万4,000円",正社員,派遣,求人ボックス,https://xn--pckua2a7gp15o89zb.com/jbn/8c9a61a3451a09e7b85764ae7377b91c,True,11時間前,2026-09-19 04:30:57,福岡県
「好きなことをITの仕事に」／データ管理スタッフ／有給取得率90%以上／完全週休2日制／服装自由新着,スタッフ,福岡県,"月給30万1,000円",正社員,派遣,求人ボックス,https://xn--pckua2a7gp15o89zb.com/jbn/ad49e62a29743192a4caebe9bb6e0108,True,11時間前,2026-09-19 04:30:57,福岡県
レストラン・専門料理店新着,株式会社利久,福岡県,月給25万円～35万円,正社員,飲食,求人ボックス,https://xn--pckua2a7gp15o89zb.com/jbn/612ea7a9f0b060586ad79160b8e92a35,True,13時間前,2026-09-19 04:30:52,福岡県
レストラン・専門料理店新着,株式会社イートスタイル,福岡県,月給19万円～30万円,正社員,飲食,求人ボックス,https://xn--pckua2a7gp15o89zb.com/jbn/218ee7c8ce4ee3370c36c33b0fbb5594,True,13時間前,2026-09-19 04:30:52,福岡県
レストラン・専門料理店新着,株式会社ウェルカム,福岡県,月給23万円～37万円,正社員,飲食,求人ボックス,https://xn--pckua2a7gp15o89zb.com/jbn/7a0f26a910446bae004437b770e50a0d,True,13時間前,2026-09-19 04:30:52,福岡県
レストラン・専門料理店新着,株式会社ビーケー・ジャパン,福岡県,"月給24万3,000円",正社員,飲食,求人ボックス,https://xn--pckua2a7gp15o89zb.com/jbn/822f4cf3c58bfabc059eb850322cc538,True,13時間前,2026-09-19 04:30:52,福岡県
レストラン・専門料理店新着,株式会社力の源カンパニー,福岡県,"月給36万1,400円",正社員,飲食,求人ボックス,https://xn--pckua2a7gp15o89zb.com/jbn/2b736a3f07dc5a44a220458dce38c697,True,13時間前,2026-09-19 04:30:52,福岡県
レストラン・専門料理店新着,株式会社ペッパーフードサービス,福岡県,月給30万円～35万円,正社員,飲食,求人ボックス,https://xn--pckua2a7gp15o89zb.com/jbn/b9e441cc131feb333868d873031684d8,True,12時間前,2026-09-19 04:30:52,福岡県
レストラン・専門料理店新着,株式会社ナイン,福岡県,月給30万円～40万円,正社員,飲食,求人ボックス,https://xn--pckua2a7gp15o89zb.com/jbn/2e69e9fe8dd6967b08b0cb6c08081575,True,13時間前,2026-09-19 04:30:53,福岡県
レストラン・専門料理店新着,株式会社耕治,福岡県,月給25万円～28万円,正社員,飲食,求人ボックス,https://xn--pckua2a7gp15o89zb.com/jbn/40c33d9817db4857263595d37a375cb0,True,13時間前,2026-09-19 04:30:53,福岡県
レストラン・専門料理店新着,株式会社サイプレス,福岡県,月給28万円～40万円,正社員,飲食,求人ボックス,https://xn--pckua2a7gp15o89zb.com/jbn/e747cb34291ef6d4053771f679a64234,True,13時間前,2026-09-19 04:30:53,福岡県
「男女ともにITスキルを活かして働ける」／Webエンジニア／未経験OK／福利厚生充実／安定勤務新着,株式会社Tetote,福岡県,月給27万円～34万円,正社員,飲食,求人ボックス,https://xn--pckua2a7gp15o89zb.com/jbn/19eb30bc96b58c4d81283fd2737a9e3c,True,14時間前,2026-09-19 04:30:53,福岡県
"高級品鑑定スタッフ／平均年収1,200万／残業月平均3.3時間／有給取得率85.7%／ブランクOK新着",株式会社Reivy,福岡県,月給40万円～45万円,正社員,飲食,求人ボックス,https://xn--pckua2a7gp15o89zb.com/jbn/83cd69e3d20bf7487df0641f8be6cb05,True,23時間前,2026-09-19 04:30:53,福岡県
「若手からWeb業界でキャリアを築く!」／Webエンジニア／未経験OK／福利厚生充実新着,株式会社SNJAPAN,福岡県,月給27万円～34万円,正社員,飲食,求人ボックス,https://xn--pckua2a7gp15o89zb.com/jbn/41fd591183fe27c32bef3ea303aa5613,True,14時間前,2026-09-19 04:30:53,福岡県
一緒に成長できる／夜勤あり 資格経験不要／月給25万!成長意欲重視の店長候補 未経験歓迎!新着,株式会社コンシェルテック,福岡県,月給25万,正社員,飲食,求人ボックス,https://xn--pckua2a7gp15o89zb.com/jb/83e4288b23d9dfdadc2a31b5420de18e,True,22時間前,2026-09-19 04:30:57,福岡県
レストラン・専門料理店／週休2日制／賞与あり／フリーター歓迎新着,株式会社むすんでひらいて,福岡県,月給20万円～24万,正社員,飲食,求人ボックス,https://xn--pckua2a7gp15o89zb.com/jbn/7041d4f631d1e4f885494bcd4975f6f3,True,13時間前,2026-09-19 04:30:57,福岡県
レストラン・専門料理店／経験者活躍中／シフト自由／賞与あり新着,株式会社サン・ルート,福岡県,月給27万円～40万円,正社員,飲食,求人ボックス,https://xn--pckua2a7gp15o89zb.com/jbn/cc6fe6f487057eab5eef0543e3343c3e,True,14時間前,2026-09-19 04:30:57,福岡県
レストラン・専門料理店新着,株式会社HUGE,福岡県,月給27万円～38万円,正社員,飲食,求人ボックス,https://xn--pckua2a7gp15o89zb.com/jbn/bdcf1da36656aa1c5a274bde1c570fdd,True,13時間前,2026-09-19 04:30:57,福岡県
レストラン・専門料理店／経験不問／ブランクOK／週休2日制新着,医療法人輝松会 松寿苑,福岡県,月給17万円～20万円,正社員,飲食,求人ボックス,https://xn--pckua2a7gp15o89zb.com/jbn/9933e2f9eb97a5a62167ea0d8afb472e,True,13時間前,2026-09-19 04:31:00,福岡県
レストラン・専門料理店／経験不問／フリーター歓迎／社会保険完備新着,株式会社御花,福岡県,"月給21万5,000円",正社員,飲食,求人ボックス,https://xn--pckua2a7gp15o89zb.com/jbn/2edb7f5e8d09e90c1fffbe61cbc29730,True,13時間前,2026-09-19 04:31:00,福岡県
ペットショップの接客・品出しスタッフ／経験ゼロから始められる／長く安心して働ける環境／長期勤務新着,株式会社犬の家 シュロアモール筑紫野店,福岡県,"月給19万2,000円",正社員,飲食,求人ボックス,https://xn--pckua2a7gp15o89zb.com/jbn/52406c467fb3eaf5d4ab8fdc5fb61c78,True,21時間前,2026-09-19 04:31:00,福岡県
「安定して働ける内勤IT」／品質チェックスタッフ／PC基礎からOK／賞与あり／若手活躍中新着,スタッフ,福岡県,"月給33万6,000円",正社員,飲食,求人ボックス,https://xn--pckua2a7gp15o89zb.com/jbn/764c1edcc8f99be6c53b1915fc968b6d,True,11時間前,2026-09-19 04:31:00,福岡県
「未経験から始める人気ITワーク」／ITサポート／内勤ワーク／キャリアアップ支援／コツコツ作業新着,...難しい知識が不要で、プレイヤー目線が活かせる仕事として選択。 「PCは普段使いレベル。でもIT業界に挑戦したい」と入社した元,福岡県,"月給30万5,000円",正社員,飲食,求人ボックス,https://xn--pckua2a7gp15o89zb.com/jbn/9eead075c55b22f16fded0acf06b5368,True,11時間前,2026-09-19 04:31:00,福岡県
レストラン・専門料理店／経験不問／フリーター歓迎／主婦・主夫歓迎新着,株式会社タカスイ,福岡県,"月給20万6,000円",正社員,飲食,求人ボックス,https://xn--pckua2a7gp15o89zb.com/jbn/b3bb5c4421d4a71d3416f73b18a99afb,True,13時間前,2026-09-19 04:31:00,福岡県
「未経験から人気ゲームに携われる!」／人気ゲームのテストプレイ／ゲーム好き歓迎新着,前職経験はさまざま!営業、事務、受付、販売,福岡県,月給27万円～34万円,正社員,飲食,求人ボックス,https://xn--pckua2a7gp15o89zb.com/jbn/aee523a2a714626817d51ca18b4fb8fb,True,14時間前,2026-09-19 04:31:04,福岡県
レストラン・専門料理店／週休2日制／学歴不問／賞与あり新着,株式会社アシュラン,福岡県,月給20万円～30万円,正社員,飲食,求人ボックス,https://xn--pckua2a7gp15o89zb.com/jbn/7df3f7478a70c1d800d05f59689868ce,True,13時間前,2026-09-19 04:31:04,福岡県
「未経験スタート多数」／システムチェックスタッフ／有給取得率90%以上／完全週休2日制／土日祝休み新着,スタッフ,福岡県,"月給30万1,000円",正社員,飲食,求人ボックス,https://xn--pckua2a7gp15o89zb.com/jbn/36d2fb2355ee8fd55adcff6304af1f24,True,11時間前,2026-09-19 04:31:04,福岡県
ホール／キッチン／フード系 駅1分のカフェの様なお洒落ピザ屋 週ごとシフト 髪型髪色自由新着,株式会社PIZZAREVO,福岡県,"時給1,200円～1,300円",アルバイト・パート,飲食,求人ボックス,https://xn--pckua2a7gp15o89zb.com/jb/cc6770f8c7aa8980ed88af00632cefb5,True,23時間前,2026-09-19 04:31:04,福岡県
「新しいことに挑戦したい方へ」／品質管理サポート／服装自由／若手活躍中／内勤ワーク新着,...難しい知識が不要で、プレイヤー目線が活かせる仕事として選択。 「PCは普段使いレベル。でもIT業界に挑戦したい」と入社した元,福岡県,"月給33万8,000円",正社員,飲食,求人ボックス,https://xn--pckua2a7gp15o89zb.com/jbn/ada13f2b49943dcb13c207eb6328bc81,True,11時間前,2026-09-19 04:31:09,福岡県
吉野家の店長候補／年収400万円以上可新着,株式会社吉野家ホールディングス,福岡県,月給24万900円,正社員,飲食,求人ボックス,https://xn--pckua2a7gp15o89zb.com/jb/40d9d325417e19d08e69b10d654ec5a3,True,4時間前,2026-09-19 04:31:09,福岡県
「好きなことをITの仕事に」／エンジニアアシスタント／人柄重視／第二新卒歓迎／服装自由新着,...難しい知識が不要で、プレイヤー目線が活かせる仕事として選択。 「PCは普段使いレベル。でもIT業界に挑戦したい」と入社した元,福岡県,"月給31万6,000円",正社員,飲食,求人ボックス,https://xn--pckua2a7gp15o89zb.com/jbn/dfb9f823a0629702a8d02b16ca6d2d4b,True,11時間前,2026-09-19 04:31:09,福岡県
月給25万円～・週休2日制!未経験から始めるラーメン店「彰膳」東福岡店の正社員新着,フィールドアップITN.株式会社,福岡県,月給25万円～,正社員,飲食,求人ボックス,https://xn--pckua2a7gp15o89zb.com/jb/589a869fd39a57ada35ac60f997ef3b3,True,10時間前,2026-09-19 04:31:09,福岡県
居酒屋ホール・調理補助／週2日からOK／薬院駅徒歩5分／未経験・初バイト歓迎新着,株式会社そいさぼ,福岡県,"時給1,200円～1,500円",アルバイト・パート,飲食,求人ボックス,https://xn--pckua2a7gp15o89zb.com/jbn/bb5dcf6b3c87f16e93f158f3e2815bf7,True,22時間前,2026-09-19 04:31:13,福岡県
「システム入力デビュー!」／IT事務／入社日相談OK／スピード選考／nO.703新着,スタッフ,福岡県,"月給25万2,000円",正社員,飲食,求人ボックス,https://xn--pckua2a7gp15o89zb.com/jbn/a1d1e2f5471763f952b3af35e89d96d4,True,11時間前,2026-09-19 04:31:13,福岡県
食券制レストランのホール・キッチン新着,食べどころ柚ず田川店,福岡県,"時給1,057円～",アルバイト・パート,飲食,求人ボックス,https://xn--pckua2a7gp15o89zb.com/jb/012186e1c168396084f353bf59956604,True,5時間前,2026-09-19 04:31:13,福岡県
「IT業界の事務デビュー!」／IT事務／正社員採用／寮相談可／20代活躍中／nO.1151新着,スタッフ,福岡県,月給29万円～30万円,正社員,飲食,求人ボックス,https://xn--pckua2a7gp15o89zb.com/jbn/c1a22a4fe7ffb317e43981860e741ebb,True,11時間前,2026-09-19 04:31:13,福岡県
「サポート事務デビュー!」／営業事務／スピード選考／空調完備／週休2日制／nO.1071新着,スタッフ,福岡県,"月給28万3,000円",正社員,飲食,求人ボックス,https://xn--pckua2a7gp15o89zb.com/jbn/b644e54358a205fa896fab1997284bfc,True,11時間前,2026-09-19 04:31:13,福岡県
「「夜勤×高時給1560円×寮費無料」」工場内でのカンタン軽作業のお仕事新着,セブンエージェント株式会社,福岡県,時給1560円,派遣社員,飲食,求人ボックス,https://xn--pckua2a7gp15o89zb.com/jb/203af43d8299e846e981d50e029073fc,True,20時間前,2026-09-19 04:31:16,福岡県
「応募者対応デビュー!」／人事事務／学歴不問／WEB面接相談OK／nO.191新着,スタッフ,福岡県,"月給25万8,000円",正社員,飲食,求人ボックス,https://xn--pckua2a7gp15o89zb.com/jbn/a272f47bff29ff5ad10c433bccb25e54,True,11時間前,2026-09-19 04:31:16,福岡県
買取査定スタッフ／月収50.1万円スタート／初年度年収1000万円超多数新着,株式会社エンパワー 買取大吉 シュロアモール筑紫...,福岡県,"月給50万1,000円",正社員,飲食,求人ボックス,https://xn--pckua2a7gp15o89zb.com/jb/f44ed82aa1037566f1e990402862a69e,True,4時間前,2026-09-19 04:31:16,福岡県
決済関連の小型機器製造／未経験OK新着,ライフウェル合同会社,福岡県,"月給27万5,000円",正社員,飲食,求人ボックス,https://xn--pckua2a7gp15o89zb.com/jb/65ba38d0bf1bf5ebc95e65c8d36f19d1,True,9時間前,2026-09-19 04:31:19,福岡県
八女郡広川町／「即入寮OK・寮費0円」業務用冷蔵庫部品の組立・検査／日払いあり／赴任旅費支給新着,株式会社サジェスト,福岡県,"月給29万3,000円",正社員,飲食,求人ボックス,https://xn--pckua2a7gp15o89zb.com/jb/a745a7f9f67c35ae6d0e73c3c679ff8b,True,7時間前,2026-09-19 04:31:19,福岡県
「未経験から始められるシンプルなお仕事」／軽作業スタッフ／未経験から可／作業はシンプル新着,<仕事内容>軽作業,福岡県,月給25万円～30万円,正社員,飲食,求人ボックス,https://xn--pckua2a7gp15o89zb.com/jbn/1c51202b3e44d03220d7e8cca5b24340,True,12時間前,2026-09-19 04:31:19,福岡県
「あなたの丁寧さが、商品の品質を守る。」イベントグッズの発送準備／研修あり／ji.1203新着,スタッフ,福岡県,"月給32万6,000円",正社員,飲食,求人ボックス,https://xn--pckua2a7gp15o89zb.com/jbn/da562f5e352230b78285cf3e06ab6c7c,True,14時間前,2026-09-19 04:31:19,福岡県
「あなたの丁寧さが、商品の品質を守る。」EC商品の棚入れ／研修あり／ji.1192新着,スタッフ,福岡県,"月給31万5,000円",正社員,飲食,求人ボックス,https://xn--pckua2a7gp15o89zb.com/jbn/409832486addfb83a494b2e4d4e60dfa,True,14時間前,2026-09-19 04:31:19,福岡県
「家族や趣味の時間もしっかり!」／木材部品の検査スタッフ／研修あり／未経験歓迎新着,三陽工業株式会社,福岡県,月給19万円～37万円,正社員,飲食,求人ボックス,https://xn--pckua2a7gp15o89zb.com/jbn/a779014ef1c02eb2a3e3e5af0928d9a2,True,14時間前,2026-09-19 04:31:19,福岡県
決済関連の小型機器製造／未経験OK新着,縁建託株式会社,福岡県,"月給27万5,000円",正社員,飲食,求人ボックス,https://xn--pckua2a7gp15o89zb.com/jb/da4017961ae0fa0ab644dd5b26fd7fc4,True,9時間前,2026-09-19 04:31:22,福岡県
「IT事務デビュー!」／IT事務／週休2日制／未経験OK／空調完備／nO.541新着,スタッフ,福岡県,"月給28万7,000円",正社員,飲食,求人ボックス,https://xn--pckua2a7gp15o89zb.com/jbn/c07af7088a5b66fc0c02dc4c5fd407b3,True,11時間前,2026-09-19 04:31:22,福岡県
「システム入力デビュー!」／IT事務／研修あり／20代活躍中／正社員採用／nO.1492新着,スタッフ,福岡県,"月給29万3,000円",正社員,飲食,求人ボックス,https://xn--pckua2a7gp15o89zb.com/jbn/bacff913889f70e04dff24cc4d2a1386,True,12時間前,2026-09-19 04:31:22,福岡県
「あなたの丁寧さが、商品の品質を守る。」アクセサリーの袋詰め／研修あり／ji.1183新着,スタッフ,福岡県,"月給30万6,000円",正社員,飲食,求人ボックス,https://xn--pckua2a7gp15o89zb.com/jbn/7c4b90b79759e1fc9bf3f1b32862e1ab,True,14時間前,2026-09-19 04:31:22,福岡県
「手順書どおりに進めれば、未経験でも形になる。」チョコレート菓子の製造／ji.1235新着,スタッフ,福岡県,"月給30万7,000円",正社員,飲食,求人ボックス,https://xn--pckua2a7gp15o89zb.com/jbn/7b053af5cd0a5f8e44de323553cdf56b,True,15時間前,2026-09-19 04:31:22,福岡県
「あなたの丁寧さが、商品の品質を守る。」出荷伝票の貼付／研修あり／ji.1223新着,スタッフ,福岡県,"月給27万5,000円",正社員,飲食,求人ボックス,https://xn--pckua2a7gp15o89zb.com/jbn/5198d4468f4c4a8c3df505af0a151b1c,True,15時間前,2026-09-19 04:31:22,福岡県
