title,company,location,salary,employment_type,industry,source,url,is_new,time_info,scraped_at,prefecture
歯科衛生士／休暇を充実させたい方におすすめ新着,医療法人社団賢歯会,東京都,"時給1,900円～2,100円",アルバイト・パート,歯科,求人ボックス,javascript:void(0);,True,4時間前,2026-09-30 05:00:11,東京都
歯科衛生士／訪問歯科診療の歯科衛生士さんを新着,医療法人社団相明会,東京都,月給28万円～35万円,正社員,歯科,求人ボックス,https://xn--pckua2a7gp15o89zb.com/jb/12c9f1434fbc2e38730379022dbf4f71,True,2時間前,2026-09-30 05:00:11,東京都
歯科衛生士／急募 徒歩3分／完全週休3日制／残業ほぼなし 昇給新着,神田ハート歯科クリニック,東京都,月給27万円～35万円,正社員,歯科,求人ボックス,https://xn--pckua2a7gp15o89zb.com/jb/1c4ec5195727d75a40ab2cefebd64496,True,2時間前,2026-09-30 05:00:11,東京都
歯科衛生士／未経験OK／麻布十番駅徒歩3分／月給29万円〜新着,麻布十番ザ・タワーデンタル,東京都,月給29万円,正社員,歯科,求人ボックス,https://xn--pckua2a7gp15o89zb.com/jb/9cc64f35bd751b405ed098813d035222,True,2時間前,2026-09-30 05:00:11,東京都
歯科衛生士／27年1月新規オープン予定 週1日～OK／週3日から社保加...新着,医療法人社団コンパス,東京都,"時給1,650円～2,130円",アルバイト・パート,歯科,求人ボックス,https://xn--pckua2a7gp15o89zb.com/jb/f636bfdb00f12398135d62b52938b57a,True,2時間前,2026-09-30 05:00:11,東京都
歯科衛生士／年間休日125日以上!ネイル 社保新着,ししど歯科クリニック,東京都,月給28万円～,正社員,歯科,求人ボックス,https://xn--pckua2a7gp15o89zb.com/jb/db26dfd026ead770c788cab33ca3216d,True,2時間前,2026-09-30 05:00:11,東京都
歯科衛生士 徒歩で1分／完全週休2日制 月給30万円～ 2025年02...新着,あらた歯科矯正クリニック,東京都,月給30万円～,正社員,歯科,求人ボックス,https://xn--pckua2a7gp15o89zb.com/jb/af9c2cf766e72dd064e809fa87c1858b,True,2時間前,2026-09-30 05:00:11,東京都
歯科衛生士／週1日～OK／午前だけ・午後だけでも大歓迎 シフトは柔軟対...新着,神田橋デンタルオフィス桜新町,東京都,"時給2,000円～",アルバイト・パート,歯科,求人ボックス,https://xn--pckua2a7gp15o89zb.com/jb/035af71b50f135b9a592c86050d96365,True,2時間前,2026-09-30 05:00:11,東京都
歯科衛生士／土曜日に勤務出来る方新着,土田歯科クリニック,東京都,"時給2,100円～",アルバイト・パート,歯科,求人ボックス,https://xn--pckua2a7gp15o89zb.com/jb/168e15baedbefdd53a632eaed78ed7ac,True,2時間前,2026-09-30 05:00:11,東京都
歯科衛生士／週3日〜・恵比寿駅2分／矯正・審美にも関われる新着,アンチエイジングデンタルクリニック恵比寿,東京都,"時給2,000円～2,500円",アルバイト・パート,歯科,求人ボックス,https://xn--pckua2a7gp15o89zb.com/jb/4727871f64dbf4364a39dee186d733eb,True,2時間前,2026-09-30 05:00:11,東京都
歯科衛生士／北千住駅徒歩5分／2023年3月リニューアルオープン新着,ウルタ歯科医院,東京都,月給28万円～32万円,正社員,歯科,求人ボックス,https://xn--pckua2a7gp15o89zb.com/jb/a2bbff8008375e136b79a0a508ca1aa1,True,2時間前,2026-09-30 05:00:11,東京都
歯科衛生士／スキルよりも人柄重視しております新着,フジタデンタルクリニック,東京都,月給32万円～,正社員,歯科,求人ボックス,https://xn--pckua2a7gp15o89zb.com/jb/7bf004aa715ac2f4f97fb6aa4a0c0255,True,2時間前,2026-09-30 05:00:15,東京都
歯科衛生士／荻窪駅前／ブランク有でも優しく教えます!禁煙新着,まうな歯科医院,東京都,"時給2,000円～2,900円",アルバイト・パート,歯科,求人ボックス,https://xn--pckua2a7gp15o89zb.com/jb/988c4100dce80625cd135a7e1d07577c,True,2時間前,2026-09-30 05:00:15,東京都
歯科衛生士 徒歩2分／完全週休2日制 昇給／賞与あり 子育て世代活躍中...新着,はっとり歯科・矯正歯科,東京都,月給30万円～35万円,正社員,歯科,求人ボックス,https://xn--pckua2a7gp15o89zb.com/jb/775685ccab14708471de36a2ece7b9e4,True,2時間前,2026-09-30 05:00:15,東京都
"歯科衛生士 5番出口徒歩1分／時給2,000円～・昇給&歩合あり!新着",ゆかりデンタルクリニック,東京都,"時給2,000円～",アルバイト・パート,歯科,求人ボックス,https://xn--pckua2a7gp15o89zb.com/jb/0d800ca8c350be7794d3b83e1d383431,True,2時間前,2026-09-30 05:00:15,東京都
歯科衛生士／有給休暇消化率100%／福利厚生20項目以上／メンテ中心×...新着,田中歯科クリニック,東京都,月給33万円～43万円,正社員,歯科,求人ボックス,https://xn--pckua2a7gp15o89zb.com/jb/07ca29c5117bdf5feeb6b34b8938f4de,True,2時間前,2026-09-30 05:00:15,東京都
歯科衛生士／社宅あり／鵜の木駅徒歩1分／DH業務メイン 経験不問新着,医療法人社団創星会,東京都,月給30万円～40万円,正社員,歯科,求人ボックス,https://xn--pckua2a7gp15o89zb.com/jb/25fe502d1771d855bf84bf29b411db9b,True,2時間前,2026-09-30 05:00:15,東京都
歯科衛生士／穏やかな環境で仕事ができます新着,医療法人社団賢歯会,東京都,"時給1,900円～2,100円",正社員,歯科,求人ボックス,https://xn--pckua2a7gp15o89zb.com/jb/14244aa00e190f39c270b2d24fc9b4cd,True,2時間前,2026-09-30 05:00:15,東京都
歯科衛生士／訪問歯科／感謝される医療!歯科衛生士中です! 完全担当制新着,医療法人社団伸永会 原歯科医院,東京都,"時給2,000円～2,500円",アルバイト・パート,歯科,求人ボックス,https://xn--pckua2a7gp15o89zb.com/jb/c72776ec5888ab6be0f7796e2874615a,True,2時間前,2026-09-30 05:00:18,東京都
歯科衛生士／毎日バタバタして帰るだけ…という働き方を変えたい方へ新着,医療法人社団三郷会 クレタ歯科医院,東京都,月給28万円～35万円,正社員,歯科,求人ボックス,https://xn--pckua2a7gp15o89zb.com/jb/f2b6d0533158ad1ca6b0187f1f8bcacc,True,2時間前,2026-09-30 05:00:18,東京都
歯科衛生士／給与30万～／土日祝休み／用賀駅徒歩5分、親子3代が通う口...新着,用賀ライオンズ歯科,東京都,月給30万円～40万円,正社員,歯科,求人ボックス,https://xn--pckua2a7gp15o89zb.com/jb/df2cd34a01efca9bdb9ccf479bf56204,True,2時間前,2026-09-30 05:00:18,東京都
歯科衛生士 徒歩2分／2026年9月OPEN 週休2日制 残業ほぼなし...新着,東久留米いとう歯科,東京都,月給31万円～,正社員,歯科,求人ボックス,https://xn--pckua2a7gp15o89zb.com/jb/f15f80978e39cc71c0afbfe3fe6fe7fc,True,2時間前,2026-09-30 05:00:18,東京都
歯科衛生士／駅前の商業施設内クリニックモールにある歯科医院新着,医療法人社団真峰会,東京都,"時給1,700円～",アルバイト・パート,歯科,求人ボックス,https://xn--pckua2a7gp15o89zb.com/jb/ae6ac96f790b40665638ca1d4c171846,True,2時間前,2026-09-30 05:00:18,東京都
医療法人社団の歯科衛生士新着,医療法人社団いのうえ歯科医院,東京都,月給23万円～32万円,正社員,歯科,求人ボックス,https://xn--pckua2a7gp15o89zb.com/jb/f57f6c2cda8df3d6d449235673d073c3,True,22時間前,2026-09-30 05:00:18,東京都
歯科衛生士／週1日から 土曜日勤務できる方 お願いします新着,医療法人歯由会,東京都,"時給2,200円～2,500円",正社員,歯科,求人ボックス,https://xn--pckua2a7gp15o89zb.com/jb/c6be557c644b13e373da653d88a82352,True,2時間前,2026-09-30 05:00:22,東京都
歯科衛生士／月給30万円以上 19:00終わり 長期休暇年3回以上新着,医療法人社団ARK アーク杉並デンタルクリニック,東京都,月給30万円,正社員,歯科,求人ボックス,https://xn--pckua2a7gp15o89zb.com/jb/96c5e088557f05d2e360c6276b4d0644,True,2時間前,2026-09-30 05:00:22,東京都
歯科衛生士／渋谷区恵比寿／週1日・3.5時間からOK!／働きやすい労務...新着,医療法人社団東京弘生会,東京都,"時給1,800円～3,000円",アルバイト・パート,歯科,求人ボックス,https://xn--pckua2a7gp15o89zb.com/jb/96cf203290fb05f0ea8a7d631190fb3b,True,2時間前,2026-09-30 05:00:22,東京都
歯科衛生士／アクセス抜群!早稲田駅すぐ／チーム医療で患者様をサポート!新着,医療法人社団秀飛会 優ビル歯科医院,東京都,月給30万円～45万円,正社員,歯科,求人ボックス,https://xn--pckua2a7gp15o89zb.com/jb/88d881d082a0b500139c7cf6eba6b621,True,2時間前,2026-09-30 05:00:22,東京都
歯科衛生士／練馬高野台駅徒歩1分!診療時間「月・火・木・金曜日新着,たかのだい歯科,東京都,"時給1,800円～",アルバイト・パート,歯科,求人ボックス,https://xn--pckua2a7gp15o89zb.com/jb/a3e5ba12d6db732db4ab0147becd3966,True,2時間前,2026-09-30 05:00:22,東京都
歯科衛生士／18時退勤／月給40万円／自費メンテ中心／週休3日も可新着,医療法人春光会,東京都,月給40万円,正社員,歯科,求人ボックス,https://xn--pckua2a7gp15o89zb.com/jb/dca0faff32d5d4edef47d6fd0ad13b4a,True,2時間前,2026-09-30 05:00:22,東京都
歯科衛生士・ボーナス・賞与あり新着,ふかほり歯科,東京都,"時給1,500円～2,000円",アルバイト・パート,歯科,求人ボックス,https://xn--pckua2a7gp15o89zb.com/jb/025f1ce905dbb3b36c1d555a1167e8bb,True,7時間前,2026-09-30 05:00:26,東京都
審美歯科に力を入れるクリニックで歯科衛生士新着,YUSA歯科モリパーク昭島院,東京都,"時給1,700円～",アルバイト・パート,歯科,求人ボックス,https://xn--pckua2a7gp15o89zb.com/jb/065f3519b4b217cdbb8f73871bf51b64,True,7時間前,2026-09-30 05:00:26,東京都
社会保険完備の職場で歯科衛生士新着,アコルデ代々木上原デンタルクリニック,東京都,月給28万円～,正社員,歯科,求人ボックス,https://xn--pckua2a7gp15o89zb.com/jb/f154f1ac2251bfaa49bb02b8d1598cbb,True,7時間前,2026-09-30 05:00:26,東京都
社会保険完備の職場で歯科衛生士新着,若葉グリーン歯科,東京都,月給28万円～30万円,正社員,歯科,求人ボックス,https://xn--pckua2a7gp15o89zb.com/jb/3cb9ec165ca2e452f84b7a664b936b7a,True,7時間前,2026-09-30 05:00:26,東京都
ドラッグストアでの医療事務／昇給あり／研修あり／週休二日制新着,株式会社スギ薬局,東京都,"月給20万3,400円",正社員,医療事務,求人ボックス,https://xn--pckua2a7gp15o89zb.com/jbn/e24b917c71546bd52debf0da0d69c71c,True,2時間前,2026-09-30 05:00:11,東京都
調剤薬局での医療事務／経験者可能／フリーターOK／通勤手当支給あり新着,医療事務,東京都,"月給20万5,968円",正社員,医療事務,求人ボックス,https://xn--pckua2a7gp15o89zb.com/jbn/804899599bdfee63466ab6564fabae50,True,2時間前,2026-09-30 05:00:11,東京都
調剤薬局での医療事務／経験歓迎／フリーターOK／通勤手当あり／昇給あり新着,医療事務,東京都,"月給20万5,968円",正社員,医療事務,求人ボックス,https://xn--pckua2a7gp15o89zb.com/jbn/dacffb71ca859546324c63ff5825f114,True,2時間前,2026-09-30 05:00:12,東京都
調剤薬局での医療事務／経験者可能／フリーターOK／通勤手当支給新着,医療事務,東京都,"月給20万5,968円",正社員,医療事務,求人ボックス,https://xn--pckua2a7gp15o89zb.com/jbn/3a31ee60966c5d2ed3b3a9e32158462b,True,2時間前,2026-09-30 05:00:12,東京都
調剤薬局での医療事務／経験者歓迎／フリーター歓迎／通勤手当あり新着,医療事務,東京都,"月給20万5,968円",正社員,医療事務,求人ボックス,https://xn--pckua2a7gp15o89zb.com/jbn/759d611dce79a9007c3d0dbf11ce1bd0,True,2時間前,2026-09-30 05:00:12,東京都
調剤薬局での医療事務／経験歓迎／フリーターOK／週休2日／シフト制新着,医療事務,東京都,"月給20万5,968円",正社員,医療事務,求人ボックス,https://xn--pckua2a7gp15o89zb.com/jbn/225e715d7facc887d1b6c6b5b27587ff,True,2時間前,2026-09-30 05:00:15,東京都
クリニックの医療事務／経験歓迎／フリーターOK／昇給あり／有給休暇あり新着,医療事務,東京都,月給23万円～25万円,正社員,医療事務,求人ボックス,https://xn--pckua2a7gp15o89zb.com/jbn/c908fc2b4b23d4ac003d9ce1590ab501,True,2時間前,2026-09-30 05:00:15,東京都
調剤薬局での医療事務／経験OK／フリーター歓迎／通勤手当あり／昇給あり新着,医療事務,東京都,"月給20万5,968円",正社員,医療事務,求人ボックス,https://xn--pckua2a7gp15o89zb.com/jbn/fd9e84d88979204ba6aee8ff5de4475c,True,2時間前,2026-09-30 05:00:15,東京都
調剤薬局での医療事務／経験可能／フリーター／交通費支給／昇給あり新着,医療事務,東京都,月給23万円～33万円,正社員,医療事務,求人ボックス,https://xn--pckua2a7gp15o89zb.com/jbn/0556e5b0223031f4b6e26d9c90ab40d1,True,2時間前,2026-09-30 05:00:18,東京都
調剤薬局での医療事務／経験OK／フリーター歓迎／週休2日／シフト制新着,医療事務,東京都,"月給20万5,968円",正社員,医療事務,求人ボックス,https://xn--pckua2a7gp15o89zb.com/jbn/ed2bf6b23d734b2e06dddd3bb2d26d2e,True,2時間前,2026-09-30 05:00:18,東京都
調剤薬局での医療事務／経験者歓迎／フリーター歓迎／交通費あり／週休2日新着,医療事務,東京都,"月給19万1,688円",正社員,医療事務,求人ボックス,https://xn--pckua2a7gp15o89zb.com/jbn/6314930d2b01615a21b1d111f995622a,True,2時間前,2026-09-30 05:00:18,東京都
医療事務 小児科 完全在宅勤務 有給100%消化 Mc01新着,株式会社ノーススター,東京都,月給27万円～,正社員,医療事務,求人ボックス,https://xn--pckua2a7gp15o89zb.com/jb/52d69189bdb07a36a83c8cd4db35a940,True,4時間前,2026-09-30 05:00:21,東京都
調剤薬局での医療事務／経験歓迎／フリーターOK／通勤手当支給あり新着,医療事務,東京都,"月給20万5,968円",正社員,医療事務,求人ボックス,https://xn--pckua2a7gp15o89zb.com/jbn/54fe22c60e973006305ae8550dad3b48,True,2時間前,2026-09-30 05:00:21,東京都
調剤薬局での医療事務／経験OK／フリーター歓迎／交通費支給あり新着,医療事務,東京都,"月給20万5,968円",正社員,医療事務,求人ボックス,https://xn--pckua2a7gp15o89zb.com/jbn/7af96f1b387540c7afa9d054d52420c5,True,2時間前,2026-09-30 05:00:21,東京都
訪問看護ステーションの医療事務 調布新着,ソフィアメディ株式会社,東京都,年収280万800円,正社員,医療事務,求人ボックス,https://xn--pckua2a7gp15o89zb.com/jb/35ecab2f38a9c856d66f978abaa7afcb,True,10時間前,2026-09-30 05:00:21,東京都
医療事務／長期休暇あり!フルタイム歓迎!午前!夕方!月平均残業時間20...新着,株式会社ルフト・メディカルケア,東京都,"時給1,400円",派遣社員,医療事務,求人ボックス,https://xn--pckua2a7gp15o89zb.com/jb/fbf3f5ae1f5b240455e6ee9f127e500d,True,22時間前,2026-09-30 05:00:23,東京都
医療事務／東京都中央区、都心で駅近。残業ほぼ無し新着,いしせ脳神経外科クリニック,東京都中央区、都心で駅近。残業ほぼ無し,"月給21万7,000円",正社員,医療事務,求人ボックス,https://xn--pckua2a7gp15o89zb.com/jb/066cc75441b4a106caea22a69cd1a08c,True,2時間前,2026-09-30 05:00:23,東京都
久米川駅前のクリニックの受付事務・医療事務新着,株式会社リーフエージェント,東京都,月給22万円～26万円,正社員,医療事務,求人ボックス,https://xn--pckua2a7gp15o89zb.com/jb/85ffcd3393142819c895eed59c8da40a,True,18時間前,2026-09-30 05:00:23,東京都
"医療事務／収納窓口業務のお仕事!長期安定!板橋区エリア!時給1,280...新着",株式会社メディカル・プラネット,東京都,"時給1,280",アルバイト・パート,医療事務,求人ボックス,https://xn--pckua2a7gp15o89zb.com/jb/99a865ff7da26b3f5e6f76e7c6694540,True,5時間前,2026-09-30 05:00:23,東京都
訪問診療事務／医療事務兼相談員・社会保険完備の職場で医療事務／受付新着,たかねファミリークリニック,東京都,月給21万円～24万円,正社員,医療事務,求人ボックス,https://xn--pckua2a7gp15o89zb.com/jb/7aade5fef9140d3387d6e90041700a15,True,7時間前,2026-09-30 05:00:23,東京都
医療事務募集新着,医療法人社団誠晃会 えとう内科クリニック,東京都,"時給1,400円～1,500円",アルバイト・パート,医療事務,求人ボックス,https://xn--pckua2a7gp15o89zb.com/jb/07914268c973d0e602808c9db87f8913,True,7時間前,2026-09-30 05:00:27,東京都
医療事務経験を活かせる医事課スタッフ 平日17時30分まで新着,医療事務,東京都,"月給22万8,000円",正社員,医療事務,求人ボックス,https://xn--pckua2a7gp15o89zb.com/jb/06e67309982adafd5176deb8c9fefae8,True,13時間前,2026-09-30 05:00:27,東京都
個人病院でブランクOKの医療事務新着,株式会社ビッグアビリティ,東京都,"時給1,800円",派遣社員,医療事務,求人ボックス,https://xn--pckua2a7gp15o89zb.com/jb/4923877916d4eeaf58ea6a2289b97c09,True,16時間前,2026-09-30 05:00:27,東京都
小児科クリニックの医療事務 地域医療・業務改善にも／考えて動ける医療事...新着,医療法人社団咲優会,東京都,"時給1,300円～",アルバイト・パート,医療事務,求人ボックス,https://xn--pckua2a7gp15o89zb.com/jb/4b5d5fab4ab2a1679fb878daabadcd69,True,7時間前,2026-09-30 05:00:27,東京都
医療事務募集新着,吉田機司クリニック,東京都,"時給1,400円～",アルバイト・パート,医療事務,求人ボックス,https://xn--pckua2a7gp15o89zb.com/jb/659f94dccccc8fa351021b1493bdcbe6,True,7時間前,2026-09-30 05:00:31,東京都
医療事務・社会保険完備の職場で医療事務／受付新着,江戸川メディケア病院,東京都,"月給20万4,800円",正社員,医療事務,求人ボックス,https://xn--pckua2a7gp15o89zb.com/jb/28603311864bb0be71718ff69f72d0d2,True,7時間前,2026-09-30 05:00:31,東京都
医療事務募集新着,医療法人社団親豊会 池袋なないろクリニック,東京都,"時給1,320円～",アルバイト・パート,医療事務,求人ボックス,https://xn--pckua2a7gp15o89zb.com/jb/553ad7a7eca90d2a96ad5b5153c6c76e,True,7時間前,2026-09-30 05:00:31,東京都
医療事務募集新着,下北沢DOクリニック,東京都,月給24万円～,正社員,医療事務,求人ボックス,https://xn--pckua2a7gp15o89zb.com/jb/f53982224316b14dcd6b971c2a71a956,True,7時間前,2026-09-30 05:00:31,東京都
医療事務募集新着,志村三丁目駅前ねもと整形外科,東京都,"時給1,500円～",アルバイト・パート,医療事務,求人ボックス,https://xn--pckua2a7gp15o89zb.com/jb/db72049d0dae6b9f526485530758a9ce,True,7時間前,2026-09-30 05:00:34,東京都
医療事務募集新着,せんじゅ眼科,東京都,"時給1,500円～",アルバイト・パート,医療事務,求人ボックス,https://xn--pckua2a7gp15o89zb.com/jb/22d90e235163120fd2324c07d3fae98a,True,7時間前,2026-09-30 05:00:34,東京都
医療事務募集新着,医療法人社団豊智会 AIC八重洲クリニック,東京都,"月給25万1,429円",正社員,医療事務,求人ボックス,https://xn--pckua2a7gp15o89zb.com/jb/6548601dbbe963fdd4d2b140662e45fe,True,7時間前,2026-09-30 05:00:34,東京都
事務主任候補・社会保険完備の職場で医療事務／受付新着,げんきクリニック森下,東京都,"月給29万6,000円",正社員,医療事務,求人ボックス,https://xn--pckua2a7gp15o89zb.com/jb/404bd6bebdabeb378dc26c6c51893af2,True,7時間前,2026-09-30 05:00:38,東京都
医療事務募集新着,医療法人社団親豊会 新宿なないろクリニック,東京都,"時給1,320円～",アルバイト・パート,医療事務,求人ボックス,https://xn--pckua2a7gp15o89zb.com/jb/42f03f3f4932192837a9227933eb3bb3,True,7時間前,2026-09-30 05:00:38,東京都
医療事務募集新着,秋葉原白内障クリニック,東京都,月給25万円～,正社員,医療事務,求人ボックス,https://xn--pckua2a7gp15o89zb.com/jb/d0ecfbd507e6ac238cdc8c376f217a19,True,7時間前,2026-09-30 05:00:38,東京都
介護職新着,ニチイホーム住吉,東京都,"月給25万7,000円",正社員,介護,求人ボックス,https://xn--pckua2a7gp15o89zb.com/jb/3f7a1e5eb8664ca309c5bbde642102b6,True,9時間前,2026-09-30 05:00:11,東京都
介護職新着,新栄会 滝野川病院,東京都,"月給29万4,500円",正社員,介護,求人ボックス,https://xn--pckua2a7gp15o89zb.com/jb/3a655c407142b14a763a99408fa47857,True,9時間前,2026-09-30 05:00:11,東京都
介護職新着,ニチイホーム墨田,東京都,"月給25万7,000円",正社員,介護,求人ボックス,https://xn--pckua2a7gp15o89zb.com/jb/28e2f3fca5532264faa790a422ad5675,True,9時間前,2026-09-30 05:00:12,東京都
介護職新着,アイリスガーデン昭島 昭和の森,東京都,"月給25万7,000円",正社員,介護,求人ボックス,https://xn--pckua2a7gp15o89zb.com/jb/0d2c843356e6e46125d60b2846523595,True,9時間前,2026-09-30 05:00:16,東京都
介護職新着,ニチイホーム昭島昭和の森,東京都,"月給25万7,000円",正社員,介護,求人ボックス,https://xn--pckua2a7gp15o89zb.com/jb/ca3583f296e5427558cf3b052b699756,True,9時間前,2026-09-30 05:00:16,東京都
介護職新着,ニチイホーム南大泉,東京都,"月給25万7,000円",正社員,介護,求人ボックス,https://xn--pckua2a7gp15o89zb.com/jb/c78aa06eec80120aff1e1bb690f13e0a,True,9時間前,2026-09-30 05:00:16,東京都
介護職新着,ニチイホーム大森,東京都,"月給25万7,000円",正社員,介護,求人ボックス,https://xn--pckua2a7gp15o89zb.com/jb/a2152405a7fe296c5362b68e0e07e575,True,9時間前,2026-09-30 05:00:20,東京都
介護職新着,ニチイホーム王子,東京都,"月給28万6,500円",正社員,介護,求人ボックス,https://xn--pckua2a7gp15o89zb.com/jb/8774f45e900897d20c94fe6c769a7463,True,9時間前,2026-09-30 05:00:20,東京都
介護職新着,ニチイホーム用賀,東京都,"月給28万6,500円",正社員,介護,求人ボックス,https://xn--pckua2a7gp15o89zb.com/jb/41447c9cd2b2dd2b4ab019df2ca94046,True,9時間前,2026-09-30 05:00:20,東京都
介護職新着,ニチイホーム三鷹Ⅱ番館,東京都,"月給28万6,500円",正社員,介護,求人ボックス,https://xn--pckua2a7gp15o89zb.com/jb/75b541f1c2c0c1b2a6250432b827611c,True,9時間前,2026-09-30 05:00:24,東京都
介護職新着,ニチイホーム南品川,東京都,"月給25万7,000円",正社員,介護,求人ボックス,https://xn--pckua2a7gp15o89zb.com/jb/e5c335945ab414e887adac95cbd0d31a,True,9時間前,2026-09-30 05:00:24,東京都
介護職新着,ニチイホーム西国分寺,東京都,"月給25万7,000円",正社員,介護,求人ボックス,https://xn--pckua2a7gp15o89zb.com/jb/74616ee08ed21f6fe11287e327fdef6d,True,9時間前,2026-09-30 05:00:24,東京都
介護職新着,ニチイホーム矢口,東京都,"月給25万7,000円",正社員,介護,求人ボックス,https://xn--pckua2a7gp15o89zb.com/jb/4d8d3be82918dbe0a2e394712dad303e,True,9時間前,2026-09-30 05:00:27,東京都
介護職新着,ニチイホーム成城,東京都,"月給25万7,000円",正社員,介護,求人ボックス,https://xn--pckua2a7gp15o89zb.com/jb/077276baca5506c62293e29f8ff58fbe,True,9時間前,2026-09-30 05:00:27,東京都
介護職新着,ニチイホーム久が原,東京都,"月給28万6,500円",正社員,介護,求人ボックス,https://xn--pckua2a7gp15o89zb.com/jb/f53ea59523599f52afff14665b6ecba2,True,9時間前,2026-09-30 05:00:30,東京都
介護職新着,ニチイホーム目白,東京都,"月給25万7,000円",正社員,介護,求人ボックス,https://xn--pckua2a7gp15o89zb.com/jb/7e06fd705d7fd9e7a6c7b2029482f411,True,9時間前,2026-09-30 05:00:34,東京都
介護職新着,ニチイホーム自由が丘,東京都,"月給25万7,000円",正社員,介護,求人ボックス,https://xn--pckua2a7gp15o89zb.com/jb/fb4a77c745c3aa541b6ded04ee491c5f,True,9時間前,2026-09-30 05:00:37,東京都
介護職新着,ニチイホーム江古田の杜,東京都,"月給28万6,500円",正社員,介護,求人ボックス,https://xn--pckua2a7gp15o89zb.com/jb/e22c1f5033b43884c2442e592f7a0fb7,True,9時間前,2026-09-30 05:00:37,東京都
介護職新着,ニチイホーム不動前,東京都,"月給25万7,000円",正社員,介護,求人ボックス,https://xn--pckua2a7gp15o89zb.com/jb/78c488e6ff009c25988b3f560a4be2f5,True,9時間前,2026-09-30 05:00:40,東京都
保育士／未経験OK／昇給あり／扶養内勤務OK／主婦・主夫歓迎／残業なし新着,株式会社三恭,東京都,"時給1,226円～1,500円",アルバイト・パート,保育,求人ボックス,https://xn--pckua2a7gp15o89zb.com/jbn/4b6eb20ec07e656aacdf950b7d4059dc,True,12時間前,2026-09-30 05:00:33,東京都
保育士／社会保険完備／残業なし／交通費支給／資格取得支援新着,株式会社アセロメディカルアンドウェルフェア,東京都,"月給25万2,000円",正社員,保育,求人ボックス,https://xn--pckua2a7gp15o89zb.com/jbn/cda2a9dcc873da5b0f51f0041d0ba931,True,12時間前,2026-09-30 05:00:34,東京都
保育士／残業ほぼなし／主婦・主夫歓迎／年間休日120日以上新着,株式会社ソラスト・キッズ・ネクスト,東京都,月給27万円～35万,正社員,保育,求人ボックス,https://xn--pckua2a7gp15o89zb.com/jbn/ef9df344623f1b5bf1acbefcb8e6e5c9,True,13時間前,2026-09-30 05:00:34,東京都
保育園と保育士のマッチングアドバイザー／未経験歓迎／昇給あり新着,株式会社SecondGame,東京都,年収350万円～500万円,正社員,保育,求人ボックス,https://xn--pckua2a7gp15o89zb.com/jbn/3d1c31e1846bcc5399d70fb1cae886cc,True,2時間前,2026-09-30 05:00:34,東京都
保育士／未経験OK／シニア歓迎／残業なし／扶養内勤務OK／ブランクOK新着,株式会社みらいランド,東京都,"時給1,400円～",アルバイト・パート,保育,求人ボックス,https://xn--pckua2a7gp15o89zb.com/jbn/bdc7b1c35acfa53341f18da0a3513e32,True,12時間前,2026-09-30 05:00:37,東京都
保育士／学歴不問／急募／社会保険完備／賞与あり新着,ぬくもりのおうち保育株式会社,東京都,"月給20万4,000円",正社員,保育,求人ボックス,https://xn--pckua2a7gp15o89zb.com/jbn/021827b466b728efd437a42a1af44209,True,12時間前,2026-09-30 05:00:37,東京都
保育士／未経験OK／社会保険完備／ブランクOK／シニア歓迎新着,株式会社明光ネットワークジャパン,東京都,"時給1,500円",アルバイト・パート,保育,求人ボックス,https://xn--pckua2a7gp15o89zb.com/jbn/683885589b88960070a6f6676cf9230e,True,12時間前,2026-09-30 05:00:37,東京都
保育士／車通勤OK／資格取得支援／残業ほぼなし／社会保険完備新着,株式会社ジュエリーバウレット,東京都,月給23万円～32万円,正社員,保育,求人ボックス,https://xn--pckua2a7gp15o89zb.com/jbn/44b9068a190a9f21c6d2cea1c7c5e3e9,True,12時間前,2026-09-30 05:00:40,東京都
保育士／未経験OK／社会保険完備／交通費支給／主婦・主夫歓迎新着,リンクアップ合同会社,東京都,"時給1,226円～1,500円",アルバイト・パート,保育,求人ボックス,https://xn--pckua2a7gp15o89zb.com/jbn/6bbbc3b8e948560f24f16caa282abca3,True,12時間前,2026-09-30 05:00:40,東京都
保育士／未経験OK／扶養内勤務OK／交通費支給／社会保険完備新着,株式会社テノ.コーポレーション,東京都,"時給1,310円～1,660円",アルバイト・パート,保育,求人ボックス,https://xn--pckua2a7gp15o89zb.com/jbn/d33e0ecfda91e6ed3e491cc7ef72f86c,True,12時間前,2026-09-30 05:00:40,東京都
保育士／社会保険完備／資格取得支援／交通費支給／賞与あり新着,ライクキッズ株式会社,東京都,"月給28万8,000円",正社員,保育,求人ボックス,https://xn--pckua2a7gp15o89zb.com/jbn/314850f7f3c54512d7375d8f2e312e36,True,13時間前,2026-09-30 05:00:43,東京都
保育士／急募／年間休日125日／残業ほぼなし／残業なし新着,宗教法人髙安寺,東京都,"月給20万8,348円",正社員,保育,求人ボックス,https://xn--pckua2a7gp15o89zb.com/jbn/74a2970048e3b54cf9fb9003a6db334f,True,12時間前,2026-09-30 05:00:46,東京都
保育士／賞与あり／主婦・主夫歓迎／社会保険完備／車通勤OK新着,コナカエンタープライズ株式会社,東京都,"月給26万5,000円",正社員,保育,求人ボックス,https://xn--pckua2a7gp15o89zb.com/jbn/edf5fc0267981181ce46799aca87dd7c,True,12時間前,2026-09-30 05:00:46,東京都
保育士／車通勤OK／学歴不問／資格取得支援／交通費支給新着,株式会社DYM,東京都,"月給27万8,000円",正社員,保育,求人ボックス,https://xn--pckua2a7gp15o89zb.com/jbn/11bc5784e0bfe401212b0c306cd2572d,True,12時間前,2026-09-30 05:00:46,東京都
保育士／未経験OK／主婦・主夫歓迎／社会保険完備／シニア歓迎新着,社会福祉法人木の実会,東京都,"時給1,450円",アルバイト・パート,保育,求人ボックス,https://xn--pckua2a7gp15o89zb.com/jbn/d69e95c00597eb7f3ffb4080083b7ec0,True,12時間前,2026-09-30 05:00:50,東京都
保育士／ブランクOK／急募／学歴不問／年間休日125日新着,一般社団法人素のまま,東京都,月給33万円～38万円,正社員,保育,求人ボックス,https://xn--pckua2a7gp15o89zb.com/jbn/7becccfbb68f2fc161de7c7bf40d0037,True,12時間前,2026-09-30 05:00:50,東京都
保育士／未経験OK／残業ほぼなし／賞与あり／シニア歓迎／主婦・主夫歓迎新着,社会福祉法人みわの会,東京都,月給25万円～27万,契約社員,保育,求人ボックス,https://xn--pckua2a7gp15o89zb.com/jbn/100e2e1506464b393f39a52d71952e51,True,12時間前,2026-09-30 05:00:54,東京都
保育士／未経験OK／ブランクOK／交通費支給／主婦・主夫歓迎／残業なし新着,社会福祉法人うさぎの夢,東京都,"時給1,400円～",アルバイト・パート,保育,求人ボックス,https://xn--pckua2a7gp15o89zb.com/jbn/3fc83b762195bb62ed04b66b1e41134e,True,12時間前,2026-09-30 05:00:57,東京都
保育士／学歴不問／賞与あり／ブランクOK／残業ほぼなし新着,医療法人社団桐和会,東京都,"月給41万3,650円",正社員,保育,求人ボックス,https://xn--pckua2a7gp15o89zb.com/jbn/09fb8c34aa2958d72dd45c8a8dd826b6,True,12時間前,2026-09-30 05:00:57,東京都
保育士／未経験OK／シニア歓迎／扶養内勤務OK／残業なし／社会保険完備新着,渕江保育園,東京都,"時給1,226円～1,400円",アルバイト・パート,保育,求人ボックス,https://xn--pckua2a7gp15o89zb.com/jbn/9197ddc7bab57471a237d86a2cd0bc82,True,13時間前,2026-09-30 05:01:00,東京都
保育士／社会保険完備／車通勤OK／ブランクOK／残業なし新着,学校法人柏こばと学園,東京都,"月給27万8,000円",正社員,保育,求人ボックス,https://xn--pckua2a7gp15o89zb.com/jbn/eb7ad28d405ac27f7982cfecad67ac83,True,12時間前,2026-09-30 05:01:00,東京都
保育士／未経験OK／社会保険完備／交通費支給／主婦・主夫歓迎新着,株式会社Eternal Bridge,東京都,"時給1,350円～",アルバイト・パート,保育,求人ボックス,https://xn--pckua2a7gp15o89zb.com/jbn/e0c45ef1538f53e869fc38398f67be2f,True,12時間前,2026-09-30 05:01:00,東京都
「東証プライム上場企業で安定収入の美容師」／歩合制なし／経験者歓迎新着,QBハウスEchika池袋,東京都,月給30万円～47万,正社員,美容,求人ボックス,https://xn--pckua2a7gp15o89zb.com/jbn/c35abe0b7fe8f9a94e6f8aceb6cefdc5,True,2時間前,2026-09-30 05:00:41,東京都
アイブロウリスト／11月池袋店オープン／美容師免許必須／未経験OK新着,エムイーアイ合同会社,東京都,月給25万円～,正社員,美容,求人ボックス,https://xn--pckua2a7gp15o89zb.com/jb/8fa7f55182eb244bd03f6c4c5b52968c,True,18時間前,2026-09-30 05:00:41,東京都
「ノルマ・歩合制なし、営業トークは必要なしの美容師募集」／大手で叶う安...新着,QBハウス羽田空港,東京都,月給30万円～47万,正社員,美容,求人ボックス,https://xn--pckua2a7gp15o89zb.com/jbn/120770ba68fdd3a316534f3c71b468ac,True,2時間前,2026-09-30 05:00:41,東京都
「集客業務なし、お客様対応に集中できる環境／理容師・美容師募集」新着,QBハウスアリオ北砂,東京都,月給30万円～47万,正社員,美容,求人ボックス,https://xn--pckua2a7gp15o89zb.com/jbn/d0161ea93b0761d551c3243cfa25b0fb,True,2時間前,2026-09-30 05:00:42,東京都
「歩合制なしで安定した収入が得られる美容師」／研修あり／ノルマ無し新着,QBハウスアーバンドック ららぽーと豊洲,東京都,月給30万円～47万,正社員,美容,求人ボックス,https://xn--pckua2a7gp15o89zb.com/jbn/d7abc3714c223ae984c4116658fed830,True,2時間前,2026-09-30 05:00:42,東京都
「ヘアカットに特化して活躍できる美容師」／交通費支給／皆勤手当新着,QBハウスイトーヨーカドー曳舟,東京都,月給30万円～47万,正社員,美容,求人ボックス,https://xn--pckua2a7gp15o89zb.com/jbn/f32e9fb57e83ff6302030c9b165da1eb,True,2時間前,2026-09-30 05:00:45,東京都
「歩合制なし・安定した収入が得られる美容師」／有休取得率80%以上新着,QBハウス京王リトナード東府中,東京都,月給30万円～47万,正社員,美容,求人ボックス,https://xn--pckua2a7gp15o89zb.com/jbn/c68d77100f3674865dc54c8fcb5ab055,True,2時間前,2026-09-30 05:00:45,東京都
「ノルマ・歩合制なし、営業トークは必要なしの美容師募集」／大手で叶う安...新着,QBハウス下高井戸駅,東京都,月給30万円～47万,正社員,美容,求人ボックス,https://xn--pckua2a7gp15o89zb.com/jbn/5a9d23a431ba7db2c3575975ed325adb,True,2時間前,2026-09-30 05:00:45,東京都
「集客業務なし、お客様対応に集中できる環境／美容師」／ノルマ無し／急募新着,QBハウス渋谷マークシティ,東京都,月給30万円～47万,正社員,美容,求人ボックス,https://xn--pckua2a7gp15o89zb.com/jbn/ff8a9454b27f2675bfc3edc456eb09cb,True,2時間前,2026-09-30 05:00:48,東京都
「手荒れ・水仕事なしのカット専門美容師／スタイリスト」／急募新着,QBハウスTX北千住駅,東京都,月給30万円～47万,正社員,美容,求人ボックス,https://xn--pckua2a7gp15o89zb.com/jbn/4a8aa8c8c02ee15c0be83d9dd0b37491,True,2時間前,2026-09-30 05:00:48,東京都
「ヘアカットに特化して活躍できる美容師」／急募／歩合制なし／カラーなし新着,QBハウス西友町田,東京都,月給30万円～47万,正社員,美容,求人ボックス,https://xn--pckua2a7gp15o89zb.com/jbn/cbc6d2326c175de1b1127797813e923f,True,2時間前,2026-09-30 05:00:51,東京都
「集客業務なし、お客様対応に集中できる環境／美容師」／役職手当あり新着,QBハウス神田駅前,東京都,月給30万円～47万,正社員,美容,求人ボックス,https://xn--pckua2a7gp15o89zb.com/jbn/83f41b1f6da4d13dff50fdb92adf251d,True,2時間前,2026-09-30 05:00:56,東京都
「歩合制なしで安定した収入が得られる美容師」／東証プライム上場企業新着,QBハウス京王多摩センター駅,東京都,月給30万円～47万,正社員,美容,求人ボックス,https://xn--pckua2a7gp15o89zb.com/jbn/c4e60e9d36bd901cb47d0d4b6ebbfdc5,True,2時間前,2026-09-30 05:00:56,東京都
「ヘアカットに特化して活躍できる美容師」／営業時間外の業務ほぼなし新着,QBハウスイオンスタイル品川シーサイド,東京都,月給30万円～47万,正社員,美容,求人ボックス,https://xn--pckua2a7gp15o89zb.com/jbn/f4e0978813d01c876c987250597a9b35,True,2時間前,2026-09-30 05:00:56,東京都
「歩合制なしで安定した収入が得られる美容師」／歩合制なし／大手で叶う安...新着,QBハウス大森ララ,東京都,月給30万円～47万,正社員,美容,求人ボックス,https://xn--pckua2a7gp15o89zb.com/jbn/63d5024150ad976dd98a14b5cc78407b,True,2時間前,2026-09-30 05:01:00,東京都
「ノルマ・歩合制なし、営業トークは必要なしの美容師募集」／歩合制なし新着,QBハウス日暮里ステーションガーデンタワー,東京都,月給30万円～47万,正社員,美容,求人ボックス,https://xn--pckua2a7gp15o89zb.com/jbn/23d82f577cef928fc761d8f225b6cdb8,True,2時間前,2026-09-30 05:01:03,東京都
「ヘアカットに特化して活躍できる理容師・美容師」／勤務時間外の練習なし新着,QBHOUSE／ロジスカットスクール東京校,東京都,月給25万500円,正社員,美容,求人ボックス,https://xn--pckua2a7gp15o89zb.com/jbn/3220967be814ad03a544b9366726acc5,True,2時間前,2026-09-30 05:01:03,東京都
「手荒れ・水仕事なしのカット専門美容師・理容師／スタイリスト」新着,QBハウス西友大森,東京都,月給25万500円,正社員,美容,求人ボックス,https://xn--pckua2a7gp15o89zb.com/jbn/97cc58ad90f7500e5c60786838d21a00,True,2時間前,2026-09-30 05:01:06,東京都
スタイリスト／美容師有給消化率91%!プライベートも充実、キャリアアッ...新着,株式会社ハクブン,東京都,月給24万円～40万円,正社員,美容,求人ボックス,https://xn--pckua2a7gp15o89zb.com/jb/1f515ddb97b9e8f1ec0c30cb8b5bde5c,True,11時間前,2026-09-30 05:01:09,東京都
建設業界での内勤営業／主婦・主夫歓迎／研修あり／完全週休2日制／急募／昇給あり新着,株式会社Growing,東京都,月給28万円～34万円,正社員,建設,求人ボックス,https://xn--pckua2a7gp15o89zb.com/jbn/a94c92450a33d5535512c5fe5045f537,True,3時間前,2026-09-30 05:00:43,東京都
舗装工事の山留め工事作業員新着,有限会社川内鉄工工業,東京都,月給20万円～40万円,正社員,建設,求人ボックス,https://xn--pckua2a7gp15o89zb.com/jb/b6674dbd67bc0d5315cc05eea94481ae,True,4時間前,2026-09-30 05:00:43,東京都
経験が活かせる建築施工管理新着,日興基礎株式会社,東京都,月給25万円～31万円,正社員,建設,求人ボックス,https://xn--pckua2a7gp15o89zb.com/jb/2c5035cb719ccb8c5ed0f3d65cb4a8e6,True,4時間前,2026-09-30 05:00:43,東京都
未経験からでもできる土木工事補助業務の土木施工管理新着,株式会社石井組,東京都,"月給19万2,000円",正社員,建設,求人ボックス,https://xn--pckua2a7gp15o89zb.com/jb/f469511a79956f4e9af225ee6d3eac17,True,4時間前,2026-09-30 05:00:43,東京都
未経験からでもできる解体施工管理補助新着,三貴株式会社,東京都,"月給24万8,000円",正社員,建設,求人ボックス,https://xn--pckua2a7gp15o89zb.com/jb/5b41717bdaf70408af3e9bc4fc172b93,True,4時間前,2026-09-30 05:00:43,東京都
個室寮完備&初月家賃無料／交通誘導スタッフ／夜勤新着,大真綜合警備保障株式会社,東京都,"日給1万3,845円",アルバイト・パート,建設,求人ボックス,https://xn--pckua2a7gp15o89zb.com/jb/fabb84a8af9fed22fda5a84dc3f03e47,True,13時間前,2026-09-30 05:00:43,東京都
個室寮完備&初月家賃無料／交通誘導スタッフ／6時間勤務新着,株式会社ネクスト警備,東京都,"日給7,200円",アルバイト・パート,建設,求人ボックス,https://xn--pckua2a7gp15o89zb.com/jb/c8b12facb123733cc7d165aacf41f7fd,True,13時間前,2026-09-30 05:00:43,東京都
経験を活かせる建築施工管理新着,神興建設株式会社,東京都,月給26万円～40万円,正社員,建設,求人ボックス,https://xn--pckua2a7gp15o89zb.com/jb/a213d55b9c17416088400fdbc85580e1,True,4時間前,2026-09-30 05:00:43,東京都
ゼネコン・ハウスメーカー向け内装建材の提案営業／賞与2ヶ月分／急募／ブランクOK／主婦・主夫歓迎新着,タック販売株式会社,東京都,"月給22万1,000円",正社員,建設,求人ボックス,https://xn--pckua2a7gp15o89zb.com/jbn/94b5ac236631de9d40bc88beb516beb6,True,3時間前,2026-09-30 05:00:44,東京都
熱交換機・圧縮機の機械組立／工業系卒歓迎／男女活躍／学歴不問／社会保険完備新着,アネックス・ジャパン株式会社,東京都,"時給1,900円～",派遣社員,建設,求人ボックス,https://xn--pckua2a7gp15o89zb.com/jbn/9b612c9d9db03f739f87019ce955de46,True,2時間前,2026-09-30 05:00:44,東京都
開発エンジニア／研修あり／土日祝休みあり／急募／昇給あり／主婦・主夫歓迎新着,株式会社アリス,東京都,月給26万円～40万円,正社員,建設,求人ボックス,https://xn--pckua2a7gp15o89zb.com/jbn/57c781f1cf39d2104fc42e3ecd18b8aa,True,2時間前,2026-09-30 05:00:44,東京都
建築プロジェクトマネジメント／最新テクノロジーを駆使して確固たる技術が身に付く!／完全未経験OK!新着,株式会社テクノプロ・コンストラクション,東京都,月給21万円～29万円,正社員,建設,求人ボックス,https://xn--pckua2a7gp15o89zb.com/jbn/c04ec849bdf1933bb087fa600f0aa86e,True,11時間前,2026-09-30 05:00:44,東京都
未経験からでもできる内装工事補助業務の金物工事スタッフ新着,株式会社岩崎興業,東京都,月給24万円～44万円,正社員,建設,求人ボックス,https://xn--pckua2a7gp15o89zb.com/jb/1c11dd707948767c56420b83638fa2a0,True,4時間前,2026-09-30 05:00:44,東京都
経験が活かせる電気工事の設備工作業員新着,株式会社YKBジャパン,東京都,月給25万円～45万円,正社員,建設,求人ボックス,https://xn--pckua2a7gp15o89zb.com/jb/6bacf736fcf33b563909378df8f7198f,True,4時間前,2026-09-30 05:00:44,東京都
経験が活かせる電気工事士の電気メンテナンス新着,タグチ工業株式会社,東京都,月給24万円～29万円,正社員,建設,求人ボックス,https://xn--pckua2a7gp15o89zb.com/jb/acb45024dfe756c66b51e6effbf01783,True,4時間前,2026-09-30 05:00:44,東京都
未経験からでもできる新築工事の現場監理新着,株式会社ミツキヤ,東京都,月給20万円～35万円,正社員,建設,求人ボックス,https://xn--pckua2a7gp15o89zb.com/jb/85546720ffb6bf365c8740b53d2e35c4,True,4時間前,2026-09-30 05:00:44,東京都
現場作業員 収入アップを目指せる資格取得支援が魅力新着,ディ・ケイ・コム株式会社,東京都,"月給32万5,000円",正社員,建設,求人ボックス,https://xn--pckua2a7gp15o89zb.com/jb/72d6c9c8eca721a9babfebd42363eff1,True,3時間前,2026-09-30 05:00:47,東京都
経験が活かせる建築工事の建設現場作業員新着,株式会社エヌエスジャパン,東京都,"月給25万3,000円",正社員,建設,求人ボックス,https://xn--pckua2a7gp15o89zb.com/jb/8e3e9a9e2849937a993f14f06c1f05e4,True,4時間前,2026-09-30 05:00:47,東京都
未経験からでもできるグラウト工見習い新着,株式会社大木組,東京都,月給26万円～46万円,正社員,建設,求人ボックス,https://xn--pckua2a7gp15o89zb.com/jb/bd59589ed8c8a75a9eb29aba63aa2e16,True,4時間前,2026-09-30 05:00:47,東京都
経験が活かせる土木工事作業員の土木根伐工事現場作業員新着,株式会社ヒロキ,東京都,月給20万円～40万円,正社員,建設,求人ボックス,https://xn--pckua2a7gp15o89zb.com/jb/96428d0cd69d496dd02e46b1eebb3920,True,4時間前,2026-09-30 05:00:47,東京都
未経験からでもできる現場作業スタッフ新着,昭栄重設有限会社,東京都,月給24万円～43万円,正社員,建設,求人ボックス,https://xn--pckua2a7gp15o89zb.com/jb/41ce06aad3ceda0c0e22f2ca1662b9a6,True,4時間前,2026-09-30 05:00:47,東京都
経験が活かせる土木工事の地盤改良工作業員新着,株式会社伸和工業,東京都,月給25万円～35万円,正社員,建設,求人ボックス,https://xn--pckua2a7gp15o89zb.com/jb/0f2a254e7c1c7f83a449ee4166e9eb07,True,4時間前,2026-09-30 05:00:52,東京都
経験が活かせる電気設備工事の施工管理責任者新着,東京電工株式会社,東京都,月給40万円～50万円,正社員,建設,求人ボックス,https://xn--pckua2a7gp15o89zb.com/jb/a6f19c1b71bcb196481cc5e0bd426c5f,True,4時間前,2026-09-30 05:00:52,東京都
風力発電設備の保守・運営スタッフ新着,イオスエンジニアリング&サービス株式会社,東京都,"月給26万5,000円",正社員,建設,求人ボックス,https://xn--pckua2a7gp15o89zb.com/jb/daef8ea34af26d5ff6c550f9ae1f4c5b,True,4時間前,2026-09-30 05:00:52,東京都
未経験からできる商空間やオフィスの内装施工管理新着,セック株式会社,東京都,"月給25万8,800円",正社員,建設,求人ボックス,https://xn--pckua2a7gp15o89zb.com/jb/049cb20b50886e3a3c9afad8c3e545eb,True,4時間前,2026-09-30 05:00:52,東京都
未経験からでもできる作業船電気職新着,五栄土木株式会社,東京都,月給26万円～46万円,正社員,建設,求人ボックス,https://xn--pckua2a7gp15o89zb.com/jb/63ed050e29609da778a21bfcb9fbd301,True,4時間前,2026-09-30 05:00:52,東京都
経験を活かせるマンションの建築施工管理新着,GLC建設株式会社,東京都,月給35万400円,正社員,建設,求人ボックス,https://xn--pckua2a7gp15o89zb.com/jb/c68d427b1b95f63a613bbe9a0b0e5cb4,True,4時間前,2026-09-30 05:00:52,東京都
タクシー運転手「週3勤務」資格取得支援あり／月収40万円以上／安定収入／転職回数不問新着,...以下のような経験をお持ちの方は特に歓迎します。・軽貨物ドライバー・ルート配送スタッフ・宅配ドライバー・タクシー運転手・大型トラックドライバー・フォークリフトオペレーター・,東京都,"月給45万8,000円",正社員,建設,求人ボックス,https://xn--pckua2a7gp15o89zb.com/jbn/360a64b42245c39187a82600589f9fa7,True,13時間前,2026-09-30 05:00:52,東京都
「VIP送迎もあり」夜勤タクシードライバー／年収600万円以上／賞与年2回新着,建設・,東京都,"月給47万9,800円",正社員,建設,求人ボックス,https://xn--pckua2a7gp15o89zb.com/jbn/593810032f8d1441fafe4a97e0400984,True,13時間前,2026-09-30 05:00:52,東京都
タクシードライバー／週3勤務／学歴不問／1年目月収50万以上／賞与年2回新着,建設・,東京都,"月給47万8,000円",正社員,建設,求人ボックス,https://xn--pckua2a7gp15o89zb.com/jbn/592659dac1930dab03456613495dafc1,True,13時間前,2026-09-30 05:00:55,東京都
夜勤タクシードライバー／未経験スタートOK／年2回のボーナス支給あり／資格取得支援制度あり新着,作業,東京都,"月給45万8,800円",正社員,建設,求人ボックス,https://xn--pckua2a7gp15o89zb.com/jbn/8748b0f6e8131576b2590c63c6c9c90a,True,13時間前,2026-09-30 05:00:55,東京都
「未経験歓迎」タクシードライバー／月収50万円以上可／退職金制度あり新着,...以下のような経験をお持ちの方は特に歓迎します。・軽貨物ドライバー・ルート配送スタッフ・宅配ドライバー・タクシー運転手・大型トラックドライバー・フォークリフトオペレーター・,東京都,"月給40万6,000円",正社員,建設,求人ボックス,https://xn--pckua2a7gp15o89zb.com/jbn/629622afa3b2027a8f32020be89558a5,True,14時間前,2026-09-30 05:00:55,東京都
「正社員」週3勤務のタクシードライバー／未経験者活躍中／年収500万円以上可能／土日祝休み取得可新着,建設・,東京都,"月給47万9,900円",正社員,建設,求人ボックス,https://xn--pckua2a7gp15o89zb.com/jbn/d889eb140148848f3fa62a01bd12e367,True,14時間前,2026-09-30 05:00:55,東京都
「夜勤で稼げる」タクシードライバー／普通免許のみOK／年収600万円以上可／賞与年2回新着,...以下のような経験をお持ちの方は特に歓迎します。・軽貨物ドライバー・ルート配送スタッフ・宅配ドライバー・タクシー運転手・大型トラックドライバー・フォークリフトオペレーター・,東京都,"月給47万8,000円",正社員,建設,求人ボックス,https://xn--pckua2a7gp15o89zb.com/jbn/07f40d68e66fd7dd92cb56a4c4d0ebe0,True,14時間前,2026-09-30 05:00:55,東京都
「二種免許不要・週3勤務・タクシー運転手」研修あり／賞与あり／アルファード送迎新着,作業,東京都,"月給40万7,300円",正社員,建設,求人ボックス,https://xn--pckua2a7gp15o89zb.com/jbn/f6bb5d4c44e47dd9c2b642b8594423e3,True,14時間前,2026-09-30 05:00:55,東京都
現場作業員 年収900万円も可能／経験を活かして活躍新着,株式会社甲斐ガス圧接,東京都,月給35万円～70万円,正社員,建設,求人ボックス,https://xn--pckua2a7gp15o89zb.com/jb/b256d8114fc2bff28c6559623d54e619,True,9時間前,2026-09-30 05:00:55,東京都
電気工事施工管理 現場を動かす力を身につける職種新着,株式会社ヤマスズ,東京都,月給25万円～45万円,正社員,建設,求人ボックス,https://xn--pckua2a7gp15o89zb.com/jb/3f2a8fc331e36b0d42b5f76452482965,True,10時間前,2026-09-30 05:00:55,東京都
配管工事の施工管理新着,東邦管工建設株式会社,東京都,月給25万円～29万円,正社員,建設,求人ボックス,https://xn--pckua2a7gp15o89zb.com/jb/60b7e896fb1335ac719f0ade09a60ef0,True,10時間前,2026-09-30 05:00:58,東京都
経験が活かせる内装施工管理新着,株式会社コントラフト,東京都,月給32万円～52万円,正社員,建設,求人ボックス,https://xn--pckua2a7gp15o89zb.com/jb/e0fb0b138e169b854b7bcf38f21ec86c,True,4時間前,2026-09-30 05:00:58,東京都
経験が活かせる現場作業員新着,成幸利根株式会社,東京都,月給24万円～46万円,正社員,建設,求人ボックス,https://xn--pckua2a7gp15o89zb.com/jb/bd9040dabfb9e2d397eb564fd7a39a52,True,4時間前,2026-09-30 05:00:58,東京都
未経験からでもできる設備工事補助業務の消火設備工事新着,紘永工業株式会社,東京都,月給22万円～42万円,正社員,建設,求人ボックス,https://xn--pckua2a7gp15o89zb.com/jb/1738015dbc53a4de14e534784fb7b318,True,4時間前,2026-09-30 05:00:58,東京都
経験が活かせる設備工事作業員新着,有限会社上田重設,東京都,月給40万円～60万円,正社員,建設,求人ボックス,https://xn--pckua2a7gp15o89zb.com/jb/69ab3dcabb497cb1764276e9f1ec649e,True,4時間前,2026-09-30 05:00:58,東京都
経験が活かせる給排水・電気設備系の品質管理新着,株式会社大京穴吹建設,東京都,月給30万円～50万円,正社員,建設,求人ボックス,https://xn--pckua2a7gp15o89zb.com/jb/d39f004546e0d52d2e1429f2f5d08c29,True,4時間前,2026-09-30 05:00:58,東京都
タワークレーン組立・解体指導員新着,産業リーシング株式会社,東京都,"月給23万4,000円",正社員,建設,求人ボックス,https://xn--pckua2a7gp15o89zb.com/jb/b3eec2bc372c22a88c21f89c2a8cc011,True,4時間前,2026-09-30 05:00:58,東京都
未経験からできる工場内作業員新着,株式会社亀田建設,東京都,月給30万500円,正社員,建設,求人ボックス,https://xn--pckua2a7gp15o89zb.com/jb/7bba629f52696a5da37949e2e7508b51,True,4時間前,2026-09-30 05:01:01,東京都
社員想いの社長がいる足場職人新着,株式会社One For All,東京都,"日給1万3,000円",正社員,建設,求人ボックス,https://xn--pckua2a7gp15o89zb.com/jb/3eacb294b9c16b15c73edaeaf918998c,True,4時間前,2026-09-30 05:01:01,東京都
未経験から将来の職長へ!月給30万円～+資格取得は会社全額負担 直行直帰OKでプライベートも両立新着,株式会社濱組,東京都,月給30万円～,正社員,建設,求人ボックス,https://xn--pckua2a7gp15o89zb.com/jb/2c297c54bdff4c5fa0c4762464bb87be,True,3時間前,2026-09-30 05:01:01,東京都
休みたいOK!稼ぎたいOK!直行直帰可!土曜日出勤可新着,株式会社リストア産業,東京都,"日給1万4,000円",正社員,建設,求人ボックス,https://xn--pckua2a7gp15o89zb.com/jb/ca091f83b50a57f1c9c06c11a104568b,True,4時間前,2026-09-30 05:01:01,東京都
建築工事の現場作業スタッフ・土日祝休み・寮完備・明確なキャリアアップ新着,株式会社アイ・ビルド,東京都,月給28万円～40万円,正社員,建設,求人ボックス,https://xn--pckua2a7gp15o89zb.com/jb/5911ec74a6941f736bf99c05146e07ed,True,4時間前,2026-09-30 05:01:01,東京都
未経験からでもできる建築施工管理補助新着,大木建設株式会社,東京都,月給25万円～50万円,正社員,建設,求人ボックス,https://xn--pckua2a7gp15o89zb.com/jb/e2e1c785ce6f82d6d2818acbedd8ad50,True,4時間前,2026-09-30 05:01:01,東京都
未経験からでもできる設備工事補助業務のフィールドエンジニア新着,フィブイントラロジスティクス株式会社,東京都,"月給23万2,000円",正社員,建設,求人ボックス,https://xn--pckua2a7gp15o89zb.com/jb/953ad6a8e4ab917b120a5a39b6d9540c,True,4時間前,2026-09-30 05:01:01,東京都
経験が活かせる建築施工管理新着,大木建設株式会社,東京都,月給25万円～50万円,正社員,建設,求人ボックス,https://xn--pckua2a7gp15o89zb.com/jb/1a208e4503fa996100f2b1d78032aa4b,True,4時間前,2026-09-30 05:01:05,東京都
経験を活かせる商業用オフィスビルの施工管理新着,株式会社ジェイワン,東京都,月給35万円～50万円,正社員,建設,求人ボックス,https://xn--pckua2a7gp15o89zb.com/jb/e931e623a021fe914362b1637b42e7cf,True,4時間前,2026-09-30 05:01:05,東京都
未経験からでもできるガラス職人新着,株式会社澤井,東京都,月給29万円～37万,正社員,建設,求人ボックス,https://xn--pckua2a7gp15o89zb.com/jb/2b1462aa38aa922f45c4350125fca4b3,True,4時間前,2026-09-30 05:01:05,東京都
新宿エリアで施工管理新着,株式会社アルファコーポレーション,東京都,月給40万円～,派遣社員,建設,求人ボックス,https://xn--pckua2a7gp15o89zb.com/jb/dbb982183e418c468f38269ad25de37f,True,18時間前,2026-09-30 05:01:05,東京都
残業なし×手厚い福利厚生でしっかり稼ぐ!家族のために頑張るあなたを全力応援!電線鉄塔の組立作業員新着,東和電気工事株式会社,東京都,"日給1万2,500円",正社員,建設,求人ボックス,https://xn--pckua2a7gp15o89zb.com/jb/29bcc8a432d96397b0b22308b78cae17,True,11時間前,2026-09-30 05:01:05,東京都
建設コンサルタント／発注者支援業務／施工管理／積算／官公庁案件中心「東京」新着,株式会社都市整備技術研究所,東京都,月給40万円,正社員,建設,求人ボックス,https://xn--pckua2a7gp15o89zb.com/jb/613b7341c8a750f5364e6e7af6f3d761,True,12時間前,2026-09-30 05:01:05,東京都
定着率が強み 社宅有直行直帰／業界初めてでも日給1万2千円～ 月30万以上稼げる 型枠解体工事作業員新着,株式会社イーエム建設,東京都,日給1万2,正社員,建設,求人ボックス,https://xn--pckua2a7gp15o89zb.com/jb/60e2633bf0c76f37ebc8dd6093e8638c,True,3時間前,2026-09-30 05:01:05,東京都
排水管の現場作業 未経験可 サポート体制充実新着,有限会社愛協,東京都,"日給1万8,000円",正社員,建設,求人ボックス,https://xn--pckua2a7gp15o89zb.com/jb/69cade7e47280a10594b2d6dae70ddd4,True,4時間前,2026-09-30 05:01:09,東京都
土木工事作業員の基礎工事作業員新着,株式会社サムシング,東京都,月給19万円～30万円,正社員,建設,求人ボックス,https://xn--pckua2a7gp15o89zb.com/jb/9ef7c30e4571d6ce9cba14b7c24714ea,True,4時間前,2026-09-30 05:01:09,東京都
未経験からでもできる養生・クリーニング工スタッフ新着,株式会社カクオウ,東京都,月給22万円～42万円,正社員,建設,求人ボックス,https://xn--pckua2a7gp15o89zb.com/jb/2663cf1a0bb1244ec1aa2a1602c75b6d,True,4時間前,2026-09-30 05:01:09,東京都
未経験からでもできる設備工事補助業務のエレベーター工事スタッフ及び工事現場管理スタッフ新着,メルコビルエンジニアリング株式会社,東京都,月給20万円～30万円,正社員,建設,求人ボックス,https://xn--pckua2a7gp15o89zb.com/jb/2b4ec75def0db968cb4fb3c2b4a29365,True,4時間前,2026-09-30 05:01:09,東京都
未経験からできる消火設備会社の事務スタッフ新着,城南総業株式会社,東京都,月給19万円～39万円,正社員,建設,求人ボックス,https://xn--pckua2a7gp15o89zb.com/jb/e68d37d7c7168a6c3899656591f597da,True,4時間前,2026-09-30 05:01:09,東京都
未経験からできるマンション改修工事等の施工管理職新着,日塗株式会社,東京都,月給22万円～42万円,正社員,建設,求人ボックス,https://xn--pckua2a7gp15o89zb.com/jb/904caa5727753fa6f9ab7c2ef941a111,True,4時間前,2026-09-30 05:01:09,東京都
経験を活かせる建築工事の施工管理職新着,池下工業株式会社,東京都,"月給32万5,000円",正社員,建設,求人ボックス,https://xn--pckua2a7gp15o89zb.com/jb/877ec64030ca82f163c6fd93234fe0a2,True,4時間前,2026-09-30 05:01:09,東京都
空調給排水設備施工管理新着,横山設備工業株式会社,東京都,月給23万円～45万円,正社員,建設,求人ボックス,https://xn--pckua2a7gp15o89zb.com/jb/cd6efda16ae519ae1fc7867ef8c8ab33,True,4時間前,2026-09-30 05:01:09,東京都
経験が活かせる土木工事の場所打ち杭工事作業員新着,株式会社デライト,東京都,月給24万円～44万円,正社員,建設,求人ボックス,https://xn--pckua2a7gp15o89zb.com/jb/0eed7691ef84b57bec571713c844fec2,True,4時間前,2026-09-30 05:01:12,東京都
未経験からでもできる設備工事の施工管理補助業務新着,横田工業株式会社,東京都,月給20万円～26万円,正社員,建設,求人ボックス,https://xn--pckua2a7gp15o89zb.com/jb/84dd0aadb6d7c677f4068f9f15ea10d4,True,4時間前,2026-09-30 05:01:12,東京都
経験が活かせる土木工事作業員の給排水設備工事職人新着,有限会社英建,東京都,月給33万円～48万円,正社員,建設,求人ボックス,https://xn--pckua2a7gp15o89zb.com/jb/90efbc9d442aaecbe0b3662cef84bf01,True,4時間前,2026-09-30 05:01:12,東京都
経験が活かせる設備工事作業員の空調設備・機器施工技術者新着,株式会社協和空調システム,東京都,月給25万円～30万円,正社員,建設,求人ボックス,https://xn--pckua2a7gp15o89zb.com/jb/9c8fb71502d78bbefebb65893ae68108,True,4時間前,2026-09-30 05:01:12,東京都
未経験からでもできるガラス職人新着,有限会社山口板硝子工業,東京都,月給31万円～51万円,正社員,建設,求人ボックス,https://xn--pckua2a7gp15o89zb.com/jb/d6c17834dd82cf1b54e9aff144a8439c,True,4時間前,2026-09-30 05:01:12,東京都
経験を活かせる電気工事の施工管理新着,株式会社善一電設,東京都,月給35万円～70万円,正社員,建設,求人ボックス,https://xn--pckua2a7gp15o89zb.com/jb/c10e1ac3d502cbcf6baf637a6afc9bd7,True,4時間前,2026-09-30 05:01:12,東京都
経験が活かせる土木工事の地質調査現場職員新着,株式会社地盤調査事務所,東京都,月給15万円～35万円,正社員,建設,求人ボックス,https://xn--pckua2a7gp15o89zb.com/jb/6642cd01c4be2db1c20a0a2e9794d79e,True,4時間前,2026-09-30 05:01:12,東京都
「先輩の手厚いサポート」一般事務職／完全週休二日「土日祝」／寮社宅あり新着,株式会社RIOT,東京都,"月給29万8,300円",正社員,事務,求人ボックス,https://xn--pckua2a7gp15o89zb.com/jbn/76b707824afbcfc05359bdb0e1df3246,True,10時間前,2026-09-30 05:01:03,東京都
人材紹介会社の一般事務 未経験OK 残業なし 土日祝休み新着,株式会社ReAM,東京都,月給25万円～40万円,正社員,事務,求人ボックス,https://xn--pckua2a7gp15o89zb.com/jb/b33a860d785de54bb83ed5c91d3f6817,True,4時間前,2026-09-30 05:01:03,東京都
「0からのキャリア形成」一般事務スタッフ／完全週休2日制「土日祝」新着,株式会社RIOT GROUP,東京都,"月給30万2,000円",正社員,事務,求人ボックス,https://xn--pckua2a7gp15o89zb.com/jbn/f49664f08466daed5f46790c2f884351,True,10時間前,2026-09-30 05:01:03,東京都
「27卒・新卒大歓迎」PCでのカンタン入力／一般事務／丁寧な指導新着,株式会社Le Lien,東京都,月給25万400円,正社員,事務,求人ボックス,https://xn--pckua2a7gp15o89zb.com/jbn/17ae016b485a7d8fdefba007c77e9d64,True,8時間前,2026-09-30 05:01:04,東京都
「27卒」一般事務／電話対応とデータ入力／研修制度充実／台東区上野1丁...新着,株式会社キソシン,東京都,"月給25万4,500円",正社員,事務,求人ボックス,https://xn--pckua2a7gp15o89zb.com/jbn/b01356258834ad9eda89e229d843ff84,True,8時間前,2026-09-30 05:01:04,東京都
「27卒・新卒大歓迎」PCでのカンタン入力／一般事務／丁寧な指導新着,ベンタス株式会社,東京都,"月給25万5,000円",正社員,事務,求人ボックス,https://xn--pckua2a7gp15o89zb.com/jbn/1be78044d73be5ff3a7001ef70dc5b1b,True,7時間前,2026-09-30 05:01:08,東京都
「27卒」一般事務／電話対応とデータ入力／研修制度充実／渋谷区道玄坂2...新着,株式会社LOP,東京都,月給25万400円,正社員,事務,求人ボックス,https://xn--pckua2a7gp15o89zb.com/jbn/f5a76c695b5a79f9170f40b29982fada,True,7時間前,2026-09-30 05:01:11,東京都
「27卒」一般事務／電話対応とデータ入力／研修制度充実／港区港南2丁目新着,株式会社enrich technology,東京都,"月給25万7,700円",正社員,事務,求人ボックス,https://xn--pckua2a7gp15o89zb.com/jbn/c031df52e2e9143d17c894710daa6641,True,8時間前,2026-09-30 05:01:11,東京都
「カンタン作業からスタート」一般事務／未経験歓迎／昇給賞与あり新着,事務,東京都,"月給29万9,400円",正社員,事務,求人ボックス,https://xn--pckua2a7gp15o89zb.com/jbn/84ad9086350d1c2070af2d0ef303f4c7,True,10時間前,2026-09-30 05:01:11,東京都
一般事務／未経験歓迎／データ入力と書類作成から開始／土日祝休み新着,エンタイトルツーベース株式会社,東京都,月給29万円～40万円,正社員,事務,求人ボックス,https://xn--pckua2a7gp15o89zb.com/jbn/4deb097f58dab5c8f28a48ca9a6986ee,True,10時間前,2026-09-30 05:01:14,東京都
「27卒・新卒大歓迎」PCでのカンタン入力／一般事務／丁寧な指導新着,株式会社プロジェクトトリガー,東京都,"月給25万8,500円",正社員,事務,求人ボックス,https://xn--pckua2a7gp15o89zb.com/jbn/e35cc027433f26f25ec309426a3a378d,True,7時間前,2026-09-30 05:01:17,東京都
「勤務時間は9時〜18時で固定」大手警備グループの一般事務／未経験歓迎新着,株式会社アウトソーシングトータルサポート,東京都,"時給1,600円～",派遣社員,事務,求人ボックス,https://xn--pckua2a7gp15o89zb.com/jbn/57c27ba3a639870b78502ac205854f14,True,7時間前,2026-09-30 05:01:20,東京都
「新卒・27卒」一般事務／実績を給与に反映／OJTあり／新宿区新宿4丁...新着,株式会社大斗,東京都,"月給25万8,500円",正社員,事務,求人ボックス,https://xn--pckua2a7gp15o89zb.com/jbn/e19700ccaccdfdb863560adf90bbe408,True,8時間前,2026-09-30 05:01:20,東京都
未経験から始める一般事務／入力と資料整理／研修あり・資格取得支援新着,Yts株式会社,東京都,月給32万300円,正社員,事務,求人ボックス,https://xn--pckua2a7gp15o89zb.com/jbn/c13b8697fac45d955e0313ee9a90fe35,True,6時間前,2026-09-30 05:01:24,東京都
コツコツ働ける一般事務／月給26.9万〜・完全週休2日制・20代活躍中新着,一般事務,東京都,月給26,正社員,事務,求人ボックス,https://xn--pckua2a7gp15o89zb.com/jbn/83418e0de2aa83a4fa09e77ce33aa232,True,6時間前,2026-09-30 05:01:24,東京都
広告代理店の一般事務新着,株式会社MANTEN,東京都,"時給1,300円～",アルバイト・パート,事務,求人ボックス,https://xn--pckua2a7gp15o89zb.com/jb/ef60189cd3e6a1ee40d0e71caf0afdfd,True,10時間前,2026-09-30 05:01:24,東京都
コツコツ働ける一般事務／月給26.6万〜・服装・髪型自由・20代活躍中新着,一般事務,東京都,月給26,正社員,事務,求人ボックス,https://xn--pckua2a7gp15o89zb.com/jbn/a83efc217aabaa47cf23761e9654417d,True,5時間前,2026-09-30 05:01:28,東京都
コツコツ働ける一般事務／月給26.1万〜・未経験歓迎・20代活躍中新着,一般事務,東京都,月給26,正社員,事務,求人ボックス,https://xn--pckua2a7gp15o89zb.com/jbn/b5d1abe5b3962eac3414d62e4cd41867,True,6時間前,2026-09-30 05:01:28,東京都
大手物流企業の一般事務／未経験歓迎／昇給あり／賞与あり新着,株式会社ナカノ商会,東京都,年収300万円～350万円,正社員,事務,求人ボックス,https://xn--pckua2a7gp15o89zb.com/jbn/02f0fcc7e5bf578fb5eafd845195a508,True,2時間前,2026-09-30 05:01:32,東京都
コツコツ働ける一般事務／月給26.3万〜・完全週休2日制・20代活躍中新着,一般事務,東京都,月給26,正社員,事務,求人ボックス,https://xn--pckua2a7gp15o89zb.com/jbn/9ccd2e0c4807d86a8fafe49cea924d24,True,5時間前,2026-09-30 05:01:32,東京都
オフィスワークデビュー応援／一般事務／月給26.8万〜・未経験歓迎新着,一般事務,東京都,月給26,正社員,事務,求人ボックス,https://xn--pckua2a7gp15o89zb.com/jbn/ec98f32c028f2e7465995ac623a10a5c,True,6時間前,2026-09-30 05:01:32,東京都
10月入社募集中!／「経理事務アシスタント」／完全週休2日新着,事務,東京都,"月給25万2,000円",正社員,経理,求人ボックス,https://xn--pckua2a7gp15o89zb.com/jbn/c4fde418ab6bee4b7c7c558115d885c6,True,21時間前,2026-09-30 05:01:13,東京都
10月入社募集中!／「経理事務アシスタント」／マニュアル完備新着,事務,東京都,"月給24万8,000円",正社員,経理,求人ボックス,https://xn--pckua2a7gp15o89zb.com/jbn/677f96d0c22e9630bf9c62218bc0831d,True,21時間前,2026-09-30 05:01:13,東京都
10月入社募集中!／マニュアル完備／「経理事務アシスタント」／定時退社新着,事務,東京都,月給24万円～32万,正社員,経理,求人ボックス,https://xn--pckua2a7gp15o89zb.com/jbn/a79b822e310442489fdcc865910bbf61,True,21時間前,2026-09-30 05:01:13,東京都
港区芝・転勤無し 経理事務 実務経験者歓迎! フレックス制新着,株式会社あなぶき社宅サービス,東京都,年収452万円～550万円,正社員,経理,求人ボックス,https://xn--pckua2a7gp15o89zb.com/jb/9b0f0cfa8c779bb3a95f346857e36ba0,True,4時間前,2026-09-30 05:01:14,東京都
「月給30万円も実現可能」／経理事務／未経験歓迎／研修充実新着,経理,東京都,月給30万円,正社員,経理,求人ボックス,https://xn--pckua2a7gp15o89zb.com/jbn/5e5658188e3121510bef52c83afa8115,True,15時間前,2026-09-30 05:01:14,東京都
「早めに仕事を決めたい方に」／経理事務／未経験歓迎／サポート体制充実新着,経理,東京都,月給27万円～33万円,正社員,経理,求人ボックス,https://xn--pckua2a7gp15o89zb.com/jbn/ad444c8aec768e9506ebc051141f5538,True,14時間前,2026-09-30 05:01:17,東京都
「無理なく続けやすいオフィスワーク」／経理事務／年間休日120日以上新着,経理,東京都,月給27万円～33万円,正社員,経理,求人ボックス,https://xn--pckua2a7gp15o89zb.com/jbn/e71820aab5286571765f937689b48509,True,14時間前,2026-09-30 05:01:20,東京都
経理サポート事務／請求書作成・入金管理から学べる新着,合同会社HSB,東京都,年収400万円～500万円,正社員,経理,求人ボックス,https://xn--pckua2a7gp15o89zb.com/jb/9e5840798bc2d123e01f8eb247880bff,True,9時間前,2026-09-30 05:01:20,東京都
「大手企業で数字入力中心のかんたん経理」／経理事務／未経験95%新着,事務,東京都,"月給26万5,900円",正社員,経理,求人ボックス,https://xn--pckua2a7gp15o89zb.com/jbn/28fef81bfe7c0e345a3157b050ea9e9d,True,12時間前,2026-09-30 05:01:22,東京都
「自分らしい働き方を叶えやすい」／経理事務／残業少なめ／福利厚生充実新着,経理,東京都,月給27万円～33万円,正社員,経理,求人ボックス,https://xn--pckua2a7gp15o89zb.com/jbn/efa147fd94e5246e8c47a9c74c19040f,True,15時間前,2026-09-30 05:01:22,東京都
「コツコツ取り組めるオフィスワーク」／経理事務／未経験OK新着,経理,東京都,月給27万円～33万円,正社員,経理,求人ボックス,https://xn--pckua2a7gp15o89zb.com/jbn/b0b10b964aa3d52a3d336b7fd36fb41a,True,14時間前,2026-09-30 05:01:22,東京都
「大手企業の数字まわりを支える!」／経理事務／未経験95%／未経験歓迎新着,経理,東京都,月給25万800円,正社員,経理,求人ボックス,https://xn--pckua2a7gp15o89zb.com/jbn/2ea72505d072f04a4efff5e94b8b39e5,True,13時間前,2026-09-30 05:01:25,東京都
「数字入力がメインの軽め事務」／経理事務／未経験95%／未経験歓迎新着,事務,東京都,"月給26万3,100円",正社員,経理,求人ボックス,https://xn--pckua2a7gp15o89zb.com/jbn/052b73d7332523e4622cf4eaee6fadad,True,12時間前,2026-09-30 05:01:25,東京都
「20代・30代の仲間が活躍中!」／経理事務／未経験OK／サポート体制...新着,経理,東京都,月給27万円～33万円,正社員,経理,求人ボックス,https://xn--pckua2a7gp15o89zb.com/jbn/22a02757c1da8ff177747df620b44f35,True,14時間前,2026-09-30 05:01:25,東京都
「早く決めたい方を歓迎します」／経理事務／未経験歓迎／サポート体制充実新着,経理,東京都,月給27万円～33万円,正社員,経理,求人ボックス,https://xn--pckua2a7gp15o89zb.com/jbn/66b3483eb07a04fe97580c5e769f32ad,True,12時間前,2026-09-30 05:01:25,東京都
「請求と支払いをまとめる経理ワーク」／経理事務／未経験歓迎新着,経理,東京都,月給27万円～33万円,正社員,経理,求人ボックス,https://xn--pckua2a7gp15o89zb.com/jbn/808fa9ea806537c46e8f68093bedabd2,True,12時間前,2026-09-30 05:01:27,東京都
「長く続けやすい経理の仕事」／経理事務／年間休日120日以上新着,経理,東京都,月給27万円～33万円,正社員,経理,求人ボックス,https://xn--pckua2a7gp15o89zb.com/jbn/1ca35290251dd0ce65874585fc200475,True,12時間前,2026-09-30 05:01:27,東京都
経理事務／未経験歓迎／サポート体制充実／昇給あり／長期安定新着,経理,東京都,月給27万円～33万円,正社員,経理,求人ボックス,https://xn--pckua2a7gp15o89zb.com/jbn/262b6da2711dad4167c98938818b9344,True,15時間前,2026-09-30 05:01:27,東京都
「今だけ採用!大手企業の経理サポート」／経理事務／未経験95%新着,経理,東京都,"月給25万6,800円",正社員,経理,求人ボックス,https://xn--pckua2a7gp15o89zb.com/jbn/7780a0555bc46e3c4e09f9eea5c942ff,True,12時間前,2026-09-30 05:01:27,東京都
「請求書の金額を確かめるだけ!」／経理事務／未経験歓迎／サポート体制充...新着,経理,東京都,月給27万円～33万円,正社員,経理,求人ボックス,https://xn--pckua2a7gp15o89zb.com/jbn/e868f3f9228b1f7c975a658041b4ef56,True,12時間前,2026-09-30 05:01:31,東京都
「同世代と一緒に成長できる!」／経理事務／未経験歓迎／サポート体制充実新着,経理,東京都,月給27万円～33万円,正社員,経理,求人ボックス,https://xn--pckua2a7gp15o89zb.com/jbn/fc7b40063d3eaab45041e3737e1e6c5b,True,15時間前,2026-09-30 05:01:31,東京都
「経理職で月給30万円に近づく」／経理事務／未経験歓迎／研修充実新着,経理,東京都,月給30万円,正社員,経理,求人ボックス,https://xn--pckua2a7gp15o89zb.com/jbn/4f364325f2ecc2569294239d7ca0c416,True,12時間前,2026-09-30 05:01:34,東京都
コツコツ派にぴったり／経理サポート事務／オフィスワーク／未経験歓迎新着,経理,東京都,"月給26万2,000円",正社員,経理,求人ボックス,https://xn--pckua2a7gp15o89zb.com/jbn/345a1eeb66ba53a3ecbe046552726505,True,13時間前,2026-09-30 05:01:34,東京都
「未経験から経理の入口へ」／経理事務／未経験OK／丁寧な研修あり新着,経理,東京都,月給27万円～33万円,正社員,経理,求人ボックス,https://xn--pckua2a7gp15o89zb.com/jbn/37c5289f5c531709b54b544afbb93ef5,True,12時間前,2026-09-30 05:01:34,東京都
「若手中心の経理チームです」／経理事務／未経験OK／サポート体制充実新着,経理,東京都,月給27万円～33万円,正社員,経理,求人ボックス,https://xn--pckua2a7gp15o89zb.com/jbn/4de11d8de24f3aed20d378212331cf1f,True,12時間前,2026-09-30 05:01:34,東京都
銀座の人気ライブ演奏カラオケ店を支える経理事務スタッフ新着,株式会社HADES,東京都,"時給1,500円～1,875円",アルバイト・パート,経理,求人ボックス,https://xn--pckua2a7gp15o89zb.com/jb/e4257ab0235ddc3732b997833c4451d1,True,3時間前,2026-09-30 05:01:36,東京都
20代～40代スタッフ活躍中!経理に係る一般事務をお任せ!中央区で大募...新着,東洋ワーク株式会社,東京都,"時給1,350円",アルバイト・パート,経理,求人ボックス,https://xn--pckua2a7gp15o89zb.com/jb/b537103319732fd6bfa826196460fa38,True,5時間前,2026-09-30 05:01:36,東京都
経理事務新着,株式会社リクルートスタッフィング,東京都,"時給1,820円～",正社員,経理,求人ボックス,https://xn--pckua2a7gp15o89zb.com/jb/add39bf97c23d95f8fcab76fc95ed43e,True,20時間前,2026-09-30 05:01:36,東京都
外傷治療・運動療法に力を入れる整骨院、柔道整復師新着,柔道整復師,東京都,月給23万円～40万円,正社員,治療家,求人ボックス,https://xn--pckua2a7gp15o89zb.com/jb/9ad4105493401568871b070f300a5dd4,True,9時間前,2026-09-30 05:01:36,東京都
柔道整復師／保険治療・自費治療・外傷・ケガ・スポーツ障害まで幅広く学べ...新着,柔道整復師,東京都,月給22万円～40万円,正社員,治療家,求人ボックス,https://xn--pckua2a7gp15o89zb.com/jb/c3d73e6ab6cd302d171cbc9747102544,True,9時間前,2026-09-30 05:01:36,東京都
柔道整復師／新規オープンの美容整体サロン、店長・スタッフ新着,柔道整復師,東京都,月給22万円～35万円,正社員,治療家,求人ボックス,https://xn--pckua2a7gp15o89zb.com/jb/99df079b257f9bb2100eede2c84cc35e,True,9時間前,2026-09-30 05:01:36,東京都
幅広い知識が学べる鍼灸整骨院!柔道整復師新着,柔道整復師,東京都,月給22万円～35万円,正社員,治療家,求人ボックス,https://xn--pckua2a7gp15o89zb.com/jb/1e4ffedf5d388cf4665d8571e6ae462b,True,9時間前,2026-09-30 05:01:36,東京都
柔道整復師／様々な治療技術が学べる鍼灸整骨院新着,柔道整復師,東京都,月給25万円～45万円,正社員,治療家,求人ボックス,https://xn--pckua2a7gp15o89zb.com/jb/e5be094006d43bcd08a251e3ad60a41f,True,9時間前,2026-09-30 05:01:36,東京都
柔道整復師／美容系のメニューが特徴の鍼灸整骨院、柔整師 鍼灸師新着,柔道整復師,東京都,月給24万円～35万円,正社員,治療家,求人ボックス,https://xn--pckua2a7gp15o89zb.com/jb/7193cefdaa92d0c657c05e116bb70a55,True,9時間前,2026-09-30 05:01:36,東京都
基礎から学べる鍼灸整骨院、柔道整復師新着,柔道整復師,東京都,月給20万円～25万円,正社員,治療家,求人ボックス,https://xn--pckua2a7gp15o89zb.com/jb/947eacc1c98ce1536477dc1fdc3c11f2,True,9時間前,2026-09-30 05:01:36,東京都
寮・住宅手当あり!整形外科含む総合クリニックで柔道整復師新着,柔道整復師,東京都,"月給21万7,300円",正社員,治療家,求人ボックス,https://xn--pckua2a7gp15o89zb.com/jb/772e14c80b156e0dd46b14ac3c723f4a,True,9時間前,2026-09-30 05:01:37,東京都
柔道整復師／スポーツ外傷も多い!勉強会・セミナー充実の整骨院新着,柔道整復師,東京都,"月給25万6,688円",正社員,治療家,求人ボックス,https://xn--pckua2a7gp15o89zb.com/jb/a29d437b8403039441aad0db4127e28e,True,9時間前,2026-09-30 05:01:37,東京都
食事・排泄介助なしのシニアフィットネス／完全週休2日・夜勤無し新着,株式会社ヤマウチ,東京都,"月給23万3,000円",正社員,治療家,求人ボックス,https://xn--pckua2a7gp15o89zb.com/jb/361368355bc9b65ee428532e0d448139,True,3時間前,2026-09-30 05:01:37,東京都
パーソナルトレーナー・無資格可のインストラクター新着,Dr.トレーニング田園調布ANNEX店,東京都,月給20万円,,治療家,求人ボックス,https://xn--pckua2a7gp15o89zb.com/jb/fe05dafa2b3d896afd7f5f8985290f4b,True,7時間前,2026-09-30 05:01:37,東京都
施設長 無資格可 リハビリデイサービス新着,Recode book葛西,東京都,"月給33万1,910円",正社員,治療家,求人ボックス,https://xn--pckua2a7gp15o89zb.com/jb/c7299d7281a453fda6753b0c72577ebe,True,4時間前,2026-09-30 05:01:40,東京都
デイサービスの機能訓練指導員／勤務日数応相談新着,株式会社ツクイ,東京都,"時給1,597円",アルバイト・パート,治療家,求人ボックス,https://xn--pckua2a7gp15o89zb.com/jb/a1d9279da165e23148f3651005fdf691,True,13時間前,2026-09-30 05:01:40,東京都
デイサービスも運営!世田谷・杉並でも著名な鍼灸整骨院で鍼灸師新着,柔道整復師・,東京都,月給21万円～70万円,正社員,治療家,求人ボックス,https://xn--pckua2a7gp15o89zb.com/jb/6d2a9c46be35bbcea2c2017c0ccb96d1,True,9時間前,2026-09-30 05:01:40,東京都
アスリートも多く来院する鍼灸整骨院、鍼灸師新着,シフト制,東京都,"月給23万9,679円",正社員,治療家,求人ボックス,https://xn--pckua2a7gp15o89zb.com/jb/c17d9b525669f9e6b03dcb986592d4df,True,9時間前,2026-09-30 05:01:40,東京都
デイサービスの機能訓練指導員新着,株式会社日本エルダリーケアサービス デイホームゆ...,東京都,"時給1,615円～",アルバイト・パート,治療家,求人ボックス,https://xn--pckua2a7gp15o89zb.com/jb/deba0129b6ae71990b98a7f3ee9ec5f4,True,17時間前,2026-09-30 05:01:40,東京都
デイサービスの機能訓練指導員新着,株式会社日本エルダリーケアサービス デイホームゆ...,東京都,"時給1,615円～",アルバイト・パート,治療家,求人ボックス,https://xn--pckua2a7gp15o89zb.com/jb/2af33d501a751e4b5d9389e34033aee9,True,17時間前,2026-09-30 05:01:40,東京都
看護師／クリニックでの訪問診療新着,医療法人社団永研会,東京都,年収490万円～560万円,正社員,治療家,求人ボックス,https://xn--pckua2a7gp15o89zb.com/jb/d47f418bf85269c6a361302d8378e860,True,23時間前,2026-09-30 05:01:40,東京都
看護師／介護付き有料老人ホーム／ブランクOK／シフト自由／幅広い年代が...新着,看護,東京都,"時給2,500円",派遣社員,看護,求人ボックス,https://xn--pckua2a7gp15o89zb.com/jb/d78468fa6c67c513b1bcb4e1aad504d8,True,12時間前,2026-09-30 05:01:16,東京都
看護師新着,かえりえ小平,東京都,"月給37万4,000円",正社員,看護,求人ボックス,https://xn--pckua2a7gp15o89zb.com/jb/fa927de120c384e0a394c5d66d1fc632,True,9時間前,2026-09-30 05:01:17,東京都
看護アシスタント／看護師さんのお手伝い!最初は簡単な業務から新着,株式会社ルフト・メディカルケア,東京都,"時給1,650円",派遣社員,看護,求人ボックス,https://xn--pckua2a7gp15o89zb.com/jb/f970cf2bec9d8d8a02af207b4c9ead27,True,22時間前,2026-09-30 05:01:20,東京都
看護師／きれいで働きやすい環境で地域の子供たちのために一緒に働きません...新着,たつのこどもクリニック,東京都,"時給2,000円～",アルバイト・パート,看護,求人ボックス,https://xn--pckua2a7gp15o89zb.com/jb/565b72d88a10d387e006cdab5182964e,True,2時間前,2026-09-30 05:01:22,東京都
看護師／月・火・金曜日勤務可能な方、大歓迎!浅草橋駅徒歩すぐ新着,一般社団法人あさくさ橋心臓と血管のクリニック,東京都,"時給2,100円～",アルバイト・パート,看護,求人ボックス,https://xn--pckua2a7gp15o89zb.com/jb/89516f436a550d08281ff782e4912602,True,2時間前,2026-09-30 05:01:27,東京都
イース動物病院 動物看護師募集新着,株式会社TYvet,東京都,月給26万円～30万円,正社員,看護,求人ボックス,https://xn--pckua2a7gp15o89zb.com/jb/1a43ba51d304d0c7a3d6b00a0d69344c,True,3時間前,2026-09-30 05:01:27,東京都
看護師新着,清明会 清明園,東京都,月給24万円～,正社員,看護,求人ボックス,https://xn--pckua2a7gp15o89zb.com/jb/c7ccf38addeffa478010c15ab6906d3c,True,10時間前,2026-09-30 05:01:29,東京都
看護師／中野区沼袋／駅徒歩1分の整形外科で看護師さん中!パート勤務でも...新着,医療法人社団くまくぼ整形外科,東京都,"日給1万1,000円",アルバイト・パート,看護,求人ボックス,https://xn--pckua2a7gp15o89zb.com/jb/ca66ced10085da336d2029a791038e81,True,2時間前,2026-09-30 05:01:32,東京都
看護師新着,かえりえ上北沢,東京都,"月給37万4,000円",正社員,看護,求人ボックス,https://xn--pckua2a7gp15o89zb.com/jb/fd1ebf56296a4bcfec0ad29492f52404,True,9時間前,2026-09-30 05:01:32,東京都
訪問看護師新着,日本マーキュリー株式会社,東京都,月給35万円～,正社員,看護,求人ボックス,https://xn--pckua2a7gp15o89zb.com/jb/c95e27c9731e9cbf48a80c0472900d32,True,9時間前,2026-09-30 05:01:32,東京都
看護師／介護付き有料老人ホーム新着,株式会社長谷工シニアウェルデザイン ブランシエー...,東京都,"時給1,830円～1,940円",アルバイト・パート,看護,求人ボックス,https://xn--pckua2a7gp15o89zb.com/jb/5629e4349f6594f8e693970d374f11b4,True,10時間前,2026-09-30 05:01:35,東京都
看護師紹介事業の分社化メンバー／未経験歓迎新着,株式会社アジェンテ,東京都,年収250万円～400万円,正社員,看護,求人ボックス,https://xn--pckua2a7gp15o89zb.com/jbn/af2fc064b22f1bc77b36508789eb4141,True,2時間前,2026-09-30 05:01:35,東京都
TMS／ニューロモデュレーション担当看護師新着,ベスリクリニック,東京都,月給23万円～30万円,正社員,看護,求人ボックス,https://xn--pckua2a7gp15o89zb.com/jb/69327d32070d38faabe6756b8be60c39,True,8時間前,2026-09-30 05:01:38,東京都
介護施設の看護師／准看護師新着,タムスさくらの杜 春江,東京都,"月給30万7,450円",正社員,看護,求人ボックス,https://xn--pckua2a7gp15o89zb.com/jb/2109361560564a2dcc98c3aa2c4447d9,True,7時間前,2026-09-30 05:01:38,東京都
外来勤務看護師・社会保険完備の職場で看護師／准看護師新着,東京国際大堀病院,東京都,"月給23万5,000円",正社員,看護,求人ボックス,https://xn--pckua2a7gp15o89zb.com/jb/a9c62d533b99ed9b8e3fe63fe0949931,True,7時間前,2026-09-30 05:01:38,東京都
診療所・クリニックの看護師／准看護師新着,ぽかぽかメンタルクリニック,東京都,"時給2,200円～2,700円",アルバイト・パート,看護,求人ボックス,https://xn--pckua2a7gp15o89zb.com/jb/23318be044b4aa8eb13facd089b7423d,True,7時間前,2026-09-30 05:01:42,東京都
送迎配車ドライバー／20-40代活躍中／月休17日以上／賞与あり新着,合同会社beatle,東京都,月給46万円～66万円,正社員,ドライバー,求人ボックス,https://xn--pckua2a7gp15o89zb.com/jbn/ccd3768761ff883b41db820f608ee9ab,True,12時間前,2026-09-30 05:01:40,東京都
送迎ドライバー デイサービス新着,都商事株式会社,東京都,"時給1,300円",アルバイト・パート,ドライバー,求人ボックス,https://xn--pckua2a7gp15o89zb.com/jb/ba8a3fe92a982ff193a7e2221810d47d,True,4時間前,2026-09-30 05:01:40,東京都
送迎配車ドライバー／月休17日以上／未経験1年目から年収600万円以上...新着,送迎,東京都,月給46万円～66万円,正社員,ドライバー,求人ボックス,https://xn--pckua2a7gp15o89zb.com/jbn/e73875c3f228fba7a83dceead9ebd654,True,12時間前,2026-09-30 05:01:41,東京都
送迎配車ドライバー／普通免許でOK／月休17日以上／賞与あり新着,送迎,東京都,月給46万円～66万円,正社員,ドライバー,求人ボックス,https://xn--pckua2a7gp15o89zb.com/jbn/2269c93c54a57a3508bf6bfe63b3b91c,True,12時間前,2026-09-30 05:01:41,東京都
送迎配車ドライバー／月休17日以上／未経験1年目から年収600万円以上...新着,送迎,東京都,月給46万円～66万円,正社員,ドライバー,求人ボックス,https://xn--pckua2a7gp15o89zb.com/jbn/0697cd60daf42dce83b83525c6dd1ca0,True,12時間前,2026-09-30 05:01:45,東京都
送迎配車ドライバー／月休17日以上／20-40代活躍中／未経験1年目か...新着,送迎,東京都,月給46万円～66万円,正社員,ドライバー,求人ボックス,https://xn--pckua2a7gp15o89zb.com/jbn/1d76494c3a470e0c0225e4266492d60f,True,12時間前,2026-09-30 05:01:45,東京都
夜勤タクシードライバー／未経験スタートOK／年2回のボーナス支給あり新着,ドライバー,東京都,"月給47万9,100円",正社員,ドライバー,求人ボックス,https://xn--pckua2a7gp15o89zb.com/jbn/a9f9e5080b3d91300b8da54889b6e40d,True,13時間前,2026-09-30 05:01:48,東京都
送迎配車ドライバー／未経験1年目から年収600万円以上可／普通免許でO...新着,送迎,東京都,月給46万円～66万円,正社員,ドライバー,求人ボックス,https://xn--pckua2a7gp15o89zb.com/jbn/0c0da8293c67d9d6a6f72155f3405915,True,12時間前,2026-09-30 05:01:48,東京都
「正社員」週3勤務のタクシードライバー／未経験者活躍中／年収500万円...新着,ドライバー,東京都,"月給48万1,400円",正社員,ドライバー,求人ボックス,https://xn--pckua2a7gp15o89zb.com/jbn/f4829441d7f9d9cee14d229d92bcb905,True,14時間前,2026-09-30 05:01:52,東京都
送迎配車ドライバー／未経験1年目から年収600万円以上可／20～40代...新着,送迎,東京都,月給46万円～66万円,正社員,ドライバー,求人ボックス,https://xn--pckua2a7gp15o89zb.com/jbn/d19b3cfed7d60ca148890f25257b5330,True,12時間前,2026-09-30 05:01:52,東京都
送迎配車ドライバー／賞与あり／普通免許でOK／20～40代活躍中新着,送迎,東京都,月給46万円～66万円,正社員,ドライバー,求人ボックス,https://xn--pckua2a7gp15o89zb.com/jbn/2c273d6d2fcbab37f36931677cd6e795,True,12時間前,2026-09-30 05:01:56,東京都
VIP送迎ドライバー「週3日勤務／月収50万円以上も可能」普通免許でO...新着,ドライバー,東京都,月給46万円～66万円,正社員,ドライバー,求人ボックス,https://xn--pckua2a7gp15o89zb.com/jbn/eb0eec6c30dc990a77a8a75387d76b94,True,12時間前,2026-09-30 05:01:58,東京都
送迎配車ドライバー／20-40代活躍中／月休17日以上／賞与あり新着,送迎,東京都,月給46万円～66万円,正社員,ドライバー,求人ボックス,https://xn--pckua2a7gp15o89zb.com/jbn/d0f6e699900d676ac2ef7d182e1c5b95,True,12時間前,2026-09-30 05:01:58,東京都
送迎配車ドライバー／20～40代活躍中／賞与あり／普通免許でOK新着,送迎,東京都,月給46万円～66万円,正社員,ドライバー,求人ボックス,https://xn--pckua2a7gp15o89zb.com/jbn/620a9cf0d677ab40dc422fdbcb28821e,True,12時間前,2026-09-30 05:02:02,東京都
送迎配車ドライバー／20-40代活躍中／月休17日以上／未経験1年目か...新着,送迎,東京都,月給46万円～66万円,正社員,ドライバー,求人ボックス,https://xn--pckua2a7gp15o89zb.com/jbn/ec81f7656760cdb1cf0cfde603a5a106,True,12時間前,2026-09-30 05:02:02,東京都
VIP送迎ドライバー／週3日勤務／未経験歓迎／月収50万円以上も可能新着,ドライバー,東京都,月給46万円～66万円,正社員,ドライバー,求人ボックス,https://xn--pckua2a7gp15o89zb.com/jbn/65c0c8507be1e485479d4ff8510b873c,True,12時間前,2026-09-30 05:02:02,東京都
VIP送迎ドライバー／普通免許でOK／月収50万円以上も可能新着,ドライバー,東京都,月給46万円～66万円,正社員,ドライバー,求人ボックス,https://xn--pckua2a7gp15o89zb.com/jbn/464664774a9cbc9c43545b6e4779b754,True,12時間前,2026-09-30 05:02:05,東京都
送迎ドライバー デイサービス新着,都商事株式会社 nagomi 柴又店,東京都,"時給1,300円",アルバイト・パート,ドライバー,求人ボックス,https://xn--pckua2a7gp15o89zb.com/jb/0950b0a97613576b0eb23e60de409d7b,True,4時間前,2026-09-30 05:02:09,東京都
施設警備員新着,株式会社アクト・ツーワン,東京都,月給33万円～,契約社員,警備,求人ボックス,https://xn--pckua2a7gp15o89zb.com/jb/4fa97a678b437199c8b5cbd6b936ba08,True,19時間前,2026-09-30 05:01:44,東京都
警備員／株式会社東建社新着,株式会社第二章,東京都,"日給6,720円～",アルバイト・パート,警備,求人ボックス,https://xn--pckua2a7gp15o89zb.com/jb/60621d74050254654e5294cd628a1691,True,1時間前,2026-09-30 05:01:44,東京都
警備員指導教育責任者／堅実経営／社風穏やか／長期就労／ワークライフバラ...新着,パシフィック・ディベロップメントアンドマネージメ...,東京都,月給25万円,契約社員,警備,求人ボックス,https://xn--pckua2a7gp15o89zb.com/jb/25316972abbb60729e6fdd97f1d74268,True,3時間前,2026-09-30 05:01:45,東京都
未経験OK!履歴書不要で即面接・即採用!日給最大1.4万円・日払い可の交通誘導警備員新着,株式会社修明,東京都,"日給1万2,000円",アルバイト・パート,警備,求人ボックス,https://xn--pckua2a7gp15o89zb.com/jb/03b68977e51af22839dbc9f77b27edc5,True,10時間前,2026-09-30 05:01:48,東京都
警備員募集 駅近 1勤務毎交通費手当等2000円新着,ファング株式会社,東京都,"日給1万3,000円",アルバイト・パート,警備,求人ボックス,https://xn--pckua2a7gp15o89zb.com/jb/ddfb78d4892f12a6e8601363aab74ffd,True,10時間前,2026-09-30 05:01:52,東京都
中高年活躍中／交通誘導警備員新着,株式会社リース,東京都,日給1万240円,アルバイト・パート,警備,求人ボックス,https://xn--pckua2a7gp15o89zb.com/jb/f459913bca7be05aaa2522a2e48e95ae,True,13時間前,2026-09-30 05:01:56,東京都
施設警備、警備員新着,株式会社JPS,東京都,日給1万232円,契約社員,警備,求人ボックス,https://xn--pckua2a7gp15o89zb.com/jb/9c78652e99c0f3a96a364a5b4f49c21a,True,8時間前,2026-09-30 05:01:59,東京都
警備・セキュリティー 警備員・守衛・常駐警備新着,株式会社ニック,東京都,"日給9,200円",アルバイト・パート,警備,求人ボックス,https://xn--pckua2a7gp15o89zb.com/jb/8a5f3ff161ccd6d73e631a9dd683e116,True,3時間前,2026-09-30 05:02:03,東京都
キレイなオフィスで快適なお仕事!週3日～、未経験スタートもOK／警備会社内勤業務スタッフ新着,シンテイ警備株式会社,東京都,"日給1万1,500円",アルバイト・パート,警備,求人ボックス,https://xn--pckua2a7gp15o89zb.com/jb/14d5262af1dfc52074b47143a78b6949,True,12時間前,2026-09-30 05:02:06,東京都
「愛知県勤務」交通誘導／待遇に自信あり／引っ越しサポートあり・日払い週払い可新着,セキュリティスタッフ株式会社,東京都,"日給9,500円",正社員,警備,求人ボックス,https://xn--pckua2a7gp15o89zb.com/jb/1b0b5b4925b964d3c23a6df935db055c,True,4時間前,2026-09-30 05:02:10,東京都
オフィスビルの巡回警備スタッフ／キャリアアップ制度充実で年収600万以上可／キレイな寮・社宅完備新着,ALSOK東京株式会社,東京都,"月給22万2,000円",正社員,警備,求人ボックス,https://xn--pckua2a7gp15o89zb.com/jb/c33af24ebad823bab8c3cf8200a0373a,True,4時間前,2026-09-30 05:02:12,東京都
製造スタッフ「初めての工場勤務も歓迎」／未経験OK／昇給・賞与あり新着,株式会社Le Lien,東京都,月給34万円～60万円,正社員,製造,求人ボックス,https://xn--pckua2a7gp15o89zb.com/jbn/e51c19794340f026622852bfb7a9bc54,True,8時間前,2026-09-30 05:01:46,東京都
「20~30代活躍」楽器・音楽機材製造スタッフ／製品の組立・動作調整新着,株式会社窪田建築,東京都,"月給35万1,100円",正社員,製造,求人ボックス,https://xn--pckua2a7gp15o89zb.com/jbn/b4d6b3468b06a4026cf51c5458d85ccc,True,9時間前,2026-09-30 05:01:46,東京都
「20~30代活躍」楽器・音楽機材製造スタッフ／製品の組立・動作調整新着,株式会社LOP,東京都,"月給33万5,500円",正社員,製造,求人ボックス,https://xn--pckua2a7gp15o89zb.com/jbn/73d6511750636cee683c3fb073f461a8,True,9時間前,2026-09-30 05:01:46,東京都
景品づくりのレア求人!／クレーンゲーム景品の企画製造スタッフ新着,製造,東京都,"月給33万8,500円",正社員,製造,求人ボックス,https://xn--pckua2a7gp15o89zb.com/jbn/758e3465f05d43058e991f8664529b5f,True,11時間前,2026-09-30 05:01:47,東京都
キャラクターグッズ製造スタッフ／缶バッジ・キーホルダーの加工機操作新着,株式会社プロジェクトトリガー,東京都,"月給31万4,600円",正社員,製造,求人ボックス,https://xn--pckua2a7gp15o89zb.com/jbn/f2474a76d0f8dfc58e7587d5021658ae,True,10時間前,2026-09-30 05:01:47,東京都
クレーンゲーム景品を支える!／クレーンゲーム景品の企画製造スタッフ新着,製造,東京都,月給36万500円,正社員,製造,求人ボックス,https://xn--pckua2a7gp15o89zb.com/jbn/85825e985af850386cb8d21fa64c160e,True,11時間前,2026-09-30 05:01:51,東京都
アニメ作品メディア製造スタッフ／Blu-rayの製造・品質管理新着,株式会社ELシステム,東京都,"月給29万7,900円",正社員,製造,求人ボックス,https://xn--pckua2a7gp15o89zb.com/jbn/760ff400ba3a20398e2037c7e6cd4dac,True,9時間前,2026-09-30 05:01:51,東京都
茶葉加工・製造スタッフ／加工機の操作・商品品質チェック／未経験から製造...新着,株式会社Meta Sales,東京都,"月給34万8,000円",正社員,製造,求人ボックス,https://xn--pckua2a7gp15o89zb.com/jbn/1132df41c162c274215b7e2b64a6b6c4,True,10時間前,2026-09-30 05:01:51,東京都
袋詰めチェック中心の軽作業!／カードゲームグッズの製造スタッフ新着,製造,東京都,"月給32万6,500円",正社員,製造,求人ボックス,https://xn--pckua2a7gp15o89zb.com/jbn/8fe1a39663538359ade6d339041299a0,True,11時間前,2026-09-30 05:01:55,東京都
通電チェックも担当!／パソコンの製造スタッフ／年間休日129日新着,製造,東京都,"月給34万9,500円",正社員,製造,求人ボックス,https://xn--pckua2a7gp15o89zb.com/jbn/92808c66a95f63ddb0fd9af1538ec9da,True,11時間前,2026-09-30 05:01:55,東京都
アニメ作品メディア製造スタッフ／Blu-rayの製造・品質管理新着,株式会社大斗,東京都,"月給31万9,100円",正社員,製造,求人ボックス,https://xn--pckua2a7gp15o89zb.com/jbn/7cc6f71c500fb6587a24c624518478da,True,10時間前,2026-09-30 05:01:55,東京都
「20~30代活躍」楽器・音楽機材製造スタッフ／製品の組立・動作調整新着,ベンタス株式会社,東京都,"月給30万2,600円",正社員,製造,求人ボックス,https://xn--pckua2a7gp15o89zb.com/jbn/8b54d701632cc89075e144eb9e6af665,True,9時間前,2026-09-30 05:01:58,東京都
趣味グッズに関われる!／カードゲームグッズの製造スタッフ／空調完備新着,製造,東京都,"月給34万8,500円",正社員,製造,求人ボックス,https://xn--pckua2a7gp15o89zb.com/jbn/33f74884865413e0809fca4aff1a62ef,True,11時間前,2026-09-30 05:01:58,東京都
細かい部品を組み上げる!／パチンコ台盤面の製造スタッフ／若手活躍中新着,製造,東京都,"月給37万5,000円",正社員,製造,求人ボックス,https://xn--pckua2a7gp15o89zb.com/jbn/e7d546a30ecc9677adb4b29defa74b3d,True,11時間前,2026-09-30 05:02:02,東京都
「再スタート応援」アニメグッズの製造スタッフ／未経験活躍中新着,株式会社キソシン,東京都,"月給30万6,200円",正社員,製造,求人ボックス,https://xn--pckua2a7gp15o89zb.com/jbn/6d125d3c0ccb97373204788d28868e42,True,14時間前,2026-09-30 05:02:02,東京都
盤面パーツを仕上げる仕事!／パチンコ台盤面の製造スタッフ／20代活躍中新着,製造,東京都,"月給34万5,000円",正社員,製造,求人ボックス,https://xn--pckua2a7gp15o89zb.com/jbn/47388b751287d6324d3fd8c4f5a48adf,True,11時間前,2026-09-30 05:02:02,東京都
パソコン組立に挑戦!／パソコンの製造スタッフ／年間休日138日新着,製造,東京都,"月給37万1,500円",正社員,製造,求人ボックス,https://xn--pckua2a7gp15o89zb.com/jbn/05653f1b884d3fb4789c079bf701f67b,True,11時間前,2026-09-30 05:02:06,東京都
PC好きにおすすめ!／パソコンの製造スタッフ／年間休日133日新着,製造,東京都,"月給34万9,500円",正社員,製造,求人ボックス,https://xn--pckua2a7gp15o89zb.com/jbn/f83fafdd6677627d461e55b3be95406e,True,11時間前,2026-09-30 05:02:06,東京都
光る盤面を作る仕事!／パチンコ台盤面の製造スタッフ／20代男女活躍中新着,製造,東京都,"月給34万5,000円",正社員,製造,求人ボックス,https://xn--pckua2a7gp15o89zb.com/jbn/fa128375b3937df5d98df88c2bf4bbdc,True,11時間前,2026-09-30 05:02:09,東京都
キャラクター景品を扱う仕事!／クレーンゲーム景品の企画製造スタッフ新着,製造,東京都,月給36万500円,正社員,製造,求人ボックス,https://xn--pckua2a7gp15o89zb.com/jbn/9de8368a928da4cd2aeb55d1d9ae2346,True,11時間前,2026-09-30 05:02:09,東京都
「まだ間に合う!」未経験採用枠／カプセルトイ製造スタッフ／プライベート...新着,株式会社RIOT,東京都,月給28万円～50万円,正社員,製造,求人ボックス,https://xn--pckua2a7gp15o89zb.com/jbn/9822ee1fa9bd7fbd747ce25298e11155,True,11時間前,2026-09-30 05:02:09,東京都
パン工場の製造補助スタッフ「人気商品の製造サポート」新着,Courage Path株式会社,東京都,月給27万円～35万円,正社員,製造,求人ボックス,https://xn--pckua2a7gp15o89zb.com/jbn/d06d05fa7530591e7bcad0d9f8a3d456,True,12時間前,2026-09-30 05:02:13,東京都
ガジェット好き必見!／パソコンの製造スタッフ／年間休日134日新着,製造,東京都,"月給37万1,500円",正社員,製造,求人ボックス,https://xn--pckua2a7gp15o89zb.com/jbn/827a0b212f4ed944e9c68623a280e86f,True,11時間前,2026-09-30 05:02:13,東京都
「新生活デビュー応援!」未経験採用枠／製造スタッフ・カプセルトイ新着,株式会社小林,東京都,月給28万円～50万円,正社員,製造,求人ボックス,https://xn--pckua2a7gp15o89zb.com/jbn/d418936fab030670a8a6943752931907,True,11時間前,2026-09-30 05:02:16,東京都
袋詰めチェック中心の軽作業!未経験OK／カードゲームグッズの製造スタッフ／20代活躍中／年間休日12...新着,製造,東京都,月給34万500円,正社員,製造,求人ボックス,https://xn--pckua2a7gp15o89zb.com/jbn/5127fcd7b4e5eee707ebebd7abcc49e9,True,10時間前,2026-09-30 05:02:16,東京都
「新生活デビュー応援!」未経験採用枠／カプセルトイ製造スタッフ新着,AQUARIUS株式会社,東京都,月給28万円～50万円,正社員,製造,求人ボックス,https://xn--pckua2a7gp15o89zb.com/jbn/d670375f17c80d3d1411894c30454a25,True,11時間前,2026-09-30 05:02:16,東京都
清掃スタッフ新着,アドホック建物株式会社,東京都,"月給16万2,000円",アルバイト・パート,清掃,求人ボックス,https://xn--pckua2a7gp15o89zb.com/jb/76d65593d4a4bfe49ceacdda3510a44e,True,11時間前,2026-09-30 05:02:12,東京都
完全週休3日の清掃スタッフ／未経験OK／15時退勤／早番新着,日本アムウェイ本社ビル,東京都,月給20万円～,正社員,清掃,求人ボックス,https://xn--pckua2a7gp15o89zb.com/jbn/c5ad571e12c558a28a7f7fbae6b38597,True,2時間前,2026-09-30 05:02:12,東京都
フルタイムのオフィスビル清掃スタッフ新着,大星ビルメンテナンス株式会社,東京都,月給21万,アルバイト・パート,清掃,求人ボックス,https://xn--pckua2a7gp15o89zb.com/jb/ae50e8c608433325442148879ba020db,True,18時間前,2026-09-30 05:02:12,東京都
完全週休3日の清掃スタッフ／未経験OK／15時退勤／早番新着,渋谷インフォスアネックス,東京都,月給20万円～,正社員,清掃,求人ボックス,https://xn--pckua2a7gp15o89zb.com/jbn/79ffb7c124e92311576cb23314f165b9,True,2時間前,2026-09-30 05:02:12,東京都
完全週休3日の清掃スタッフ／未経験OK／15時退勤／早番新着,住友芝大門ビル,東京都,月給20万円～,正社員,清掃,求人ボックス,https://xn--pckua2a7gp15o89zb.com/jbn/5036e694487f41dd204dd5e852174ead,True,2時間前,2026-09-30 05:02:12,東京都
完全週休3日の清掃スタッフ／未経験OK／15時退勤／早番新着,住友不動産芝公園ファーストビル,東京都,月給20万円～,正社員,清掃,求人ボックス,https://xn--pckua2a7gp15o89zb.com/jbn/b27a4b4dccd581d1f29ea1fe36bbbd07,True,2時間前,2026-09-30 05:02:12,東京都
完全週休3日の清掃スタッフ／未経験OK／15時退勤／早番新着,住友不動産東京三田ガーデンタワー,東京都,月給20万円～,正社員,清掃,求人ボックス,https://xn--pckua2a7gp15o89zb.com/jbn/8029cfce6b470d44b27dbb88c41acabd,True,2時間前,2026-09-30 05:02:14,東京都
完全週休3日の清掃スタッフ／未経験OK／15時退勤／早番新着,住友不動産田町ファーストビル,東京都,月給20万円～,正社員,清掃,求人ボックス,https://xn--pckua2a7gp15o89zb.com/jbn/25d2f947b52a8bedc89ccd5fcec36707,True,3時間前,2026-09-30 05:02:14,東京都
完全週休3日の清掃スタッフ／未経験OK／15時退勤／早番新着,渋谷インフォスウイング,東京都,月給20万円～,正社員,清掃,求人ボックス,https://xn--pckua2a7gp15o89zb.com/jbn/81f15620962d0e7642233e637518e30e,True,2時間前,2026-09-30 05:02:14,東京都
完全週休3日の清掃スタッフ／未経験OK／15時退勤／早番新着,住友不動産汐留ウイング,東京都,月給20万円～,正社員,清掃,求人ボックス,https://xn--pckua2a7gp15o89zb.com/jbn/f61f4f3b0e56af9a9635f879f284535e,True,2時間前,2026-09-30 05:02:14,東京都
完全週休3日の清掃スタッフ／未経験OK／15時退勤／早番新着,住友不動産三田ビル,東京都,月給20万円～,正社員,清掃,求人ボックス,https://xn--pckua2a7gp15o89zb.com/jbn/8d62d86b2d0f285ccbaa604a8627b161,True,2時間前,2026-09-30 05:02:14,東京都
完全週休3日の清掃スタッフ／未経験OK／15時退勤／早番新着,渋谷インフォスタワー,東京都,月給20万円～,正社員,清掃,求人ボックス,https://xn--pckua2a7gp15o89zb.com/jbn/1a9eaf2cbecb16f4db3a62fc5bfa5abd,True,3時間前,2026-09-30 05:02:14,東京都
完全週休3日の清掃スタッフ／未経験OK／15時退勤／早番新着,住友不動産虎ノ門タワー,東京都,月給20万円～,正社員,清掃,求人ボックス,https://xn--pckua2a7gp15o89zb.com/jbn/e8996110c56d861d8427eb9a682c38a3,True,2時間前,2026-09-30 05:02:16,東京都
完全週休3日の清掃スタッフ／未経験OK／15時退勤／早番新着,住友不動産渋谷ファーストタワー,東京都,月給20万円～,正社員,清掃,求人ボックス,https://xn--pckua2a7gp15o89zb.com/jbn/bd83abac3243b61ca610e3a05bbf63ec,True,2時間前,2026-09-30 05:02:16,東京都
完全週休3日の清掃スタッフ／未経験OK／15時退勤／早番新着,泉ガーデンレジデンス,東京都,月給20万円～,正社員,清掃,求人ボックス,https://xn--pckua2a7gp15o89zb.com/jbn/ff5af754d078486d31bf849d3fc76e2b,True,2時間前,2026-09-30 05:02:16,東京都
完全週休3日の清掃スタッフ／未経験OK／15時退勤／早番新着,ラ・トゥール汐留,東京都,月給20万円～,正社員,清掃,求人ボックス,https://xn--pckua2a7gp15o89zb.com/jbn/5c6362caa95d44211deb8c414116fcbb,True,3時間前,2026-09-30 05:02:16,東京都
完全週休3日の清掃スタッフ／未経験OK／15時退勤／早番新着,住友不動産青葉台タワー,東京都,月給20万円～,正社員,清掃,求人ボックス,https://xn--pckua2a7gp15o89zb.com/jbn/a76218641dabb1c7c748a05529b2d17d,True,3時間前,2026-09-30 05:02:16,東京都
完全週休3日の清掃スタッフ／未経験OK／15時退勤／早番新着,住友不動産御成門駅前ビル,東京都,月給20万円～,正社員,清掃,求人ボックス,https://xn--pckua2a7gp15o89zb.com/jbn/f884af6dbff1f26ee286a55d9887780e,True,3時間前,2026-09-30 05:02:16,東京都
完全週休3日の清掃スタッフ／未経験OK／15時退勤／早番新着,住友不動産芝ビル4号館,東京都,月給20万円～,正社員,清掃,求人ボックス,https://xn--pckua2a7gp15o89zb.com/jbn/3c0e4e3f1939a35a219fa1cf85382467,True,2時間前,2026-09-30 05:02:16,東京都
完全週休3日の清掃スタッフ／未経験OK／15時退勤／早番新着,六本木グランドタワーレジデンス,東京都,月給20万円～,正社員,清掃,求人ボックス,https://xn--pckua2a7gp15o89zb.com/jbn/1b6a9add43ffc1f9c79c751a204d4b2c,True,3時間前,2026-09-30 05:02:16,東京都
オフィスビル内の清掃スタッフ／月23万円以上／夕方まで／補充等の1人作...新着,ヨコソーレインボータワー,東京都,"月給23万2,000円",正社員,清掃,求人ボックス,https://xn--pckua2a7gp15o89zb.com/jbn/b17b23fa9aa248290b64770cfee34196,True,2時間前,2026-09-30 05:02:20,東京都
完全週休3日の清掃スタッフ／未経験OK／15時退勤／早番新着,住友不動産芝ビル,東京都,月給20万円～,正社員,清掃,求人ボックス,https://xn--pckua2a7gp15o89zb.com/jbn/1014384df0c33a69526c57d47a0dac42,True,2時間前,2026-09-30 05:02:20,東京都
完全週休3日の清掃スタッフ／未経験OK／15時退勤／早番新着,住友不動産田町駅前ビル,東京都,月給20万円～,正社員,清掃,求人ボックス,https://xn--pckua2a7gp15o89zb.com/jbn/c15dc98beb65f2d7d87e3398bd252bf1,True,3時間前,2026-09-30 05:02:20,東京都
オフィスビル内の清掃スタッフ／月23万円以上／夕方まで／補充等の1人作...新着,住友芝浦ビル,東京都,"月給23万2,000円",正社員,清掃,求人ボックス,https://xn--pckua2a7gp15o89zb.com/jbn/7f9db4b2e326065b050735a95cff5b42,True,2時間前,2026-09-30 05:02:20,東京都
オフィスビル内の清掃スタッフ／月23万円以上／夕方まで／補充等の1人作...新着,住友不動産御成門タワー,東京都,"月給23万2,000円",正社員,清掃,求人ボックス,https://xn--pckua2a7gp15o89zb.com/jbn/54a675d055dd4c1e646a324e617162a0,True,2時間前,2026-09-30 05:02:20,東京都
オフィスビル内の清掃スタッフ／月23万円以上／夕方まで／補充等の1人作...新着,汐留住友ビル,東京都,"月給23万2,000円",正社員,清掃,求人ボックス,https://xn--pckua2a7gp15o89zb.com/jbn/eca3848403f69aa981b87613d9d718fe,True,2時間前,2026-09-30 05:02:20,東京都
「清掃スタッフ」前払いOK!WEBでカンタン&スピーディーに応募完了!新着,株式会社LeafNxT,東京都,"時給1,300円",アルバイト・パート,清掃,求人ボックス,https://xn--pckua2a7gp15o89zb.com/jb/9c75d3dcdcb48b50a9db2fec21e157c9,True,23時間前,2026-09-30 05:02:20,東京都
オフィスビルの清掃スタッフ 13時～15時新着,株式会社白青舎,東京都,"時給1,400円",アルバイト・パート,清掃,求人ボックス,https://xn--pckua2a7gp15o89zb.com/jb/12abf71b944cca8cb08453b23b9ba954,True,4時間前,2026-09-30 05:02:22,東京都
オフィスビルの清掃スタッフ／モクモク作業／午後からのゆったり勤務新着,ラ・トゥール代官山,東京都,"月給25万6,000円",正社員,清掃,求人ボックス,https://xn--pckua2a7gp15o89zb.com/jbn/8c27a50073730ee943bd2b4284ff8d58,True,2時間前,2026-09-30 05:02:22,東京都
完全週休3日の清掃スタッフ／未経験OK／15時退勤／早番新着,住友不動産東京三田サウスタワー,東京都,月給20万円～,正社員,清掃,求人ボックス,https://xn--pckua2a7gp15o89zb.com/jbn/1aafaa5e3180eb2b0654d95135bb3cb0,True,3時間前,2026-09-30 05:02:22,東京都
完全週休3日の清掃スタッフ／未経験OK／15時退勤／早番新着,住友不動産渋谷タワー,東京都,月給20万円～,正社員,清掃,求人ボックス,https://xn--pckua2a7gp15o89zb.com/jbn/e28389410b33fc83164006e4d939386a,True,3時間前,2026-09-30 05:02:22,東京都
完全週休3日の清掃スタッフ／未経験OK／15時退勤／早番新着,住友不動産三田ファーストビル,東京都,月給20万円～,正社員,清掃,求人ボックス,https://xn--pckua2a7gp15o89zb.com/jbn/fad86de2494a92ba41b9ef329b094312,True,3時間前,2026-09-30 05:02:22,東京都
オフィスビル内の清掃スタッフ／月23万円以上／夕方まで／補充等の1人作...新着,住友新虎ノ門ビル,東京都,"月給23万2,000円",正社員,清掃,求人ボックス,https://xn--pckua2a7gp15o89zb.com/jbn/dce7b0e61e87839bcdc94403671f5ea8,True,2時間前,2026-09-30 05:02:22,東京都
オフィスビル・マンションの清掃スタッフ／資格手当あり／シフト制新着,泉ガーデンタワー,東京都,月給32万円～,正社員,清掃,求人ボックス,https://xn--pckua2a7gp15o89zb.com/jbn/6fb3baffb6d1946df7d408c19ddac058,True,3時間前,2026-09-30 05:02:22,東京都
完全週休3日の清掃スタッフ／未経験OK／15時退勤／早番新着,東京汐留ビルディング,東京都,月給20万円～,正社員,清掃,求人ボックス,https://xn--pckua2a7gp15o89zb.com/jbn/0dcf4269373a8ffc4044dd6a3b8a7ddc,True,3時間前,2026-09-30 05:02:25,東京都
オフィスビルのフロア清掃スタッフ新着,ゼネコン・サービス株式会社,東京都,"時給1,700円～",アルバイト・パート,清掃,求人ボックス,https://xn--pckua2a7gp15o89zb.com/jb/2a19b8f344c562f96d1a0da830152df4,True,10時間前,2026-09-30 05:02:25,東京都
オフィスビル内の清掃スタッフ／月23万円以上／夕方まで／補充等の1人作...新着,住友芝大門ビル2号館,東京都,"月給23万2,000円",正社員,清掃,求人ボックス,https://xn--pckua2a7gp15o89zb.com/jbn/6bb4c6035fcaa240eef3c28bf8129c2b,True,2時間前,2026-09-30 05:02:25,東京都
週3～夕方清掃スタッフ／火・木勤務必須／未経験OK／選べる時間新着,住友不動産青山通ビル,東京都,"時給1,600円～",アルバイト・パート,清掃,求人ボックス,https://xn--pckua2a7gp15o89zb.com/jbn/f90c74bca0449481a5c4fc5cc58f2e90,True,2時間前,2026-09-30 05:02:25,東京都
完全週休3日の清掃スタッフ／未経験OK／15時退勤／早番新着,住友不動産芝公園タワー,東京都,月給20万円～,正社員,清掃,求人ボックス,https://xn--pckua2a7gp15o89zb.com/jbn/ca45c621c36a0cc5f57581da80fdecff,True,2時間前,2026-09-30 05:02:25,東京都
オフィスビル内の清掃スタッフ／月23万円以上／夕方まで／補充等の1人作...新着,恵比寿SSビル,東京都,"月給23万2,000円",正社員,清掃,求人ボックス,https://xn--pckua2a7gp15o89zb.com/jbn/e3501c1fb7ee72a38d5146f3a7ab684d,True,2時間前,2026-09-30 05:02:25,東京都
完全週休3日の清掃スタッフ／未経験OK／15時退勤／早番新着,住友不動産汐留浜離宮ビル,東京都,月給20万円～,正社員,清掃,求人ボックス,https://xn--pckua2a7gp15o89zb.com/jbn/20d0e8dd98bcb707c5ce10037186e4d4,True,3時間前,2026-09-30 05:02:29,東京都
完全週休3日の清掃スタッフ／未経験OK／15時退勤／早番新着,住友不動産青葉台ヒルズ,東京都,月給20万円～,正社員,清掃,求人ボックス,https://xn--pckua2a7gp15o89zb.com/jbn/d5e3a36ecd9107953d7bc7400f39fe4b,True,3時間前,2026-09-30 05:02:29,東京都
夜間清掃スタッフ／オフィスビル／髪色自由／深夜清掃／未経験OK新着,住友不動産六本木グランドタワー,東京都,月給31万円～35万円,正社員,清掃,求人ボックス,https://xn--pckua2a7gp15o89zb.com/jbn/557db3e74820270d079569ec04fa05d6,True,3時間前,2026-09-30 05:02:29,東京都
オフィスビル内の清掃スタッフ／月23万円以上／夕方まで／補充等の1人作...新着,住友不動産渋谷ガーデンタワー,東京都,"月給23万2,000円",正社員,清掃,求人ボックス,https://xn--pckua2a7gp15o89zb.com/jbn/73355b075ef2e19d73b38f040230496f,True,2時間前,2026-09-30 05:02:29,東京都
オフィスビル内の清掃スタッフ／月23万円以上／夕方まで／補充等の1人作...新着,住友東新橋ビル5号館,東京都,"月給23万2,000円",正社員,清掃,求人ボックス,https://xn--pckua2a7gp15o89zb.com/jbn/5ea7b052a34dedab50216339843ae65b,True,2時間前,2026-09-30 05:02:29,東京都
完全週休3日の清掃スタッフ／未経験OK／15時退勤／早番新着,住友不動産新橋ビル,東京都,月給20万円～,正社員,清掃,求人ボックス,https://xn--pckua2a7gp15o89zb.com/jbn/defe8b4949250dcadc21bef766b85476,True,2時間前,2026-09-30 05:02:29,東京都
オフィスビル内の清掃スタッフ／月23万円以上／夕方まで／補充等の1人作...新着,住友浜松町ビル,東京都,"月給23万2,000円",正社員,清掃,求人ボックス,https://xn--pckua2a7gp15o89zb.com/jbn/215076284e9ea118d13d373ee059bcda,True,2時間前,2026-09-30 05:02:29,東京都
オフィスビル内の清掃スタッフ／月23万円以上／夕方まで／補充等の1人作...新着,住友不動産芝三丁目ビル,東京都,"月給23万2,000円",正社員,清掃,求人ボックス,https://xn--pckua2a7gp15o89zb.com/jbn/1de799cc495795640b90c8d6d94492f9,True,2時間前,2026-09-30 05:02:32,東京都
オフィスビル内の清掃スタッフ／月23万円以上／夕方まで／補充等の1人作...新着,住友不動産日比谷ビル,東京都,"月給23万2,000円",正社員,清掃,求人ボックス,https://xn--pckua2a7gp15o89zb.com/jbn/92589116bf89cae71b549cba36c9f5c8,True,2時間前,2026-09-30 05:02:32,東京都
オフィスビル内の清掃スタッフ／月23万円以上／夕方まで／補充等の1人作...新着,泉ガーデンアネックス,東京都,"月給23万2,000円",正社員,清掃,求人ボックス,https://xn--pckua2a7gp15o89zb.com/jbn/969a4b041dc7d4a817ccd418fa056cfe,True,2時間前,2026-09-30 05:02:32,東京都
オフィスビル内の清掃スタッフ／月23万円以上／夕方まで／補充等の1人作...新着,住友東新橋ビル2号館,東京都,"月給23万2,000円",正社員,清掃,求人ボックス,https://xn--pckua2a7gp15o89zb.com/jbn/9fd401713953e3a78d5679f93e9d8324,True,2時間前,2026-09-30 05:02:32,東京都
オフィスビル内の清掃スタッフ／月23万円以上／夕方まで／補充等の1人作...新着,泉ガーデンウイング,東京都,"月給23万2,000円",正社員,清掃,求人ボックス,https://xn--pckua2a7gp15o89zb.com/jbn/925786a3d75444e497cb51468b7a227f,True,2時間前,2026-09-30 05:02:32,東京都
完全週休3日の清掃スタッフ／未経験OK／15時退勤／早番新着,住友不動産芝ビル3号館,東京都,月給20万円～,正社員,清掃,求人ボックス,https://xn--pckua2a7gp15o89zb.com/jbn/aef7c7bc5b23d2ed6cfe5b6681fd58b1,True,2時間前,2026-09-30 05:02:32,東京都
完全週休3日の清掃スタッフ／未経験OK／15時退勤／早番新着,ラ・トゥール渋谷神南,東京都,月給20万円～,正社員,清掃,求人ボックス,https://xn--pckua2a7gp15o89zb.com/jbn/3770b26464521a8af3287a2e119bd4c4,True,2時間前,2026-09-30 05:02:32,東京都
オフィスビル内の清掃スタッフ／月23万円以上／夕方まで／補充等の1人作...新着,西麻布TSビル,東京都,"月給23万2,000円",正社員,清掃,求人ボックス,https://xn--pckua2a7gp15o89zb.com/jbn/45f3e79147a87d76565a0058bb8e435e,True,2時間前,2026-09-30 05:02:32,東京都
2027年3月オープン!ホテル客室清掃インスペクション スタッフ新着,エコア株式会社,東京都,"時給1,380円",アルバイト・パート,清掃,求人ボックス,https://xn--pckua2a7gp15o89zb.com/jb/d5991f19e40d8ee112de713cb5095236,True,10時間前,2026-09-30 05:02:37,東京都
オフィスビル内の清掃スタッフ／月23万円以上／夕方まで／補充等の1人作...新着,泉芝大門ビル,東京都,"月給23万2,000円",正社員,清掃,求人ボックス,https://xn--pckua2a7gp15o89zb.com/jbn/36f44aa38541db3c6bda3f5deb21319c,True,2時間前,2026-09-30 05:02:37,東京都
オフィスビル内の清掃スタッフ／月23万円以上／夕方まで／補充等の1人作...新着,住友不動産芝ビル2号館,東京都,"月給23万2,000円",正社員,清掃,求人ボックス,https://xn--pckua2a7gp15o89zb.com/jbn/bd9c93c76bb404448c0f2db588272272,True,2時間前,2026-09-30 05:02:37,東京都
オフィスビル内の清掃スタッフ／月23万円以上／夕方まで／補充等の1人作...新着,住友不動産大門ビル,東京都,"月給23万2,000円",正社員,清掃,求人ボックス,https://xn--pckua2a7gp15o89zb.com/jbn/3a61e102193f46a7f3a220ac72e04034,True,2時間前,2026-09-30 05:02:37,東京都
オフィスビル内の清掃スタッフ／月23万円以上／夕方まで／補充等の1人作...新着,住友不動産芝大門二丁目ビル,東京都,"月給23万2,000円",正社員,清掃,求人ボックス,https://xn--pckua2a7gp15o89zb.com/jbn/b1dab57da8bb5fb1aaed70a3b060d47c,True,2時間前,2026-09-30 05:02:37,東京都
オフィスビル内の清掃スタッフ／月23万円以上／夕方まで／補充等の1人作...新着,留園ビル,東京都,"月給23万2,000円",正社員,清掃,求人ボックス,https://xn--pckua2a7gp15o89zb.com/jbn/ea1a7cc919c3fa9221ded5088f5a7616,True,2時間前,2026-09-30 05:02:37,東京都
清掃スタッフ／モクモク作業／未経験／早番／コツコツ作業／オープニング募...新着,住友芝公園ビル,東京都,"月給25万6,000円",正社員,清掃,求人ボックス,https://xn--pckua2a7gp15o89zb.com/jbn/900ed9e43acc50c38ace98735db417ef,True,3時間前,2026-09-30 05:02:37,東京都
清掃スタッフ／期間限定／シニア歓迎／未経験OK／短時間／駅近新着,富士建物管理株式会社,東京都,"時給1,250円",アルバイト・パート,清掃,求人ボックス,https://xn--pckua2a7gp15o89zb.com/jb/ee3fdc3202ac7447e97cb142bc8fb9ef,True,12時間前,2026-09-30 05:02:40,東京都
オフィスビルの短時間清掃スタッフ新着,株式会社サンケイビルメンテナンスサービス,東京都,"時給1,350円～",アルバイト・パート,清掃,求人ボックス,https://xn--pckua2a7gp15o89zb.com/jb/d9bae49545d7c6f2e83dc55e8368cc53,True,15時間前,2026-09-30 05:02:40,東京都
オフィスビル内の清掃スタッフ／月23万円以上／夕方まで／補充等の1人作...新着,代官山ハイツ,東京都,"月給23万2,000円",正社員,清掃,求人ボックス,https://xn--pckua2a7gp15o89zb.com/jbn/7ea8d6887697f31006d4702d7cf679df,True,2時間前,2026-09-30 05:02:40,東京都
清掃スタッフ／残業ほぼなし!未経験OK綺麗な病院×効率よく働ける新着,株式会社ルフト・メディカルケア,東京都,"時給1,700円",派遣社員,清掃,求人ボックス,https://xn--pckua2a7gp15o89zb.com/jb/52d8135b577a283d81ce55181f32b8e5,True,22時間前,2026-09-30 05:02:40,東京都
清掃スタッフ 港区元麻布エリアのマンション新着,東急ビルメンテナンス株式会社,東京都,"時給1,500円",アルバイト・パート,清掃,求人ボックス,https://xn--pckua2a7gp15o89zb.com/jb/f55bd1b5509b15de4ff54718042338ca,True,4時間前,2026-09-30 05:02:40,東京都
清掃スタッフ／高島平髪色条件緩和!年2回賞与あり スーパーヤオコー店内...新着,株式会社ヤオコー,東京都,"時給1,320円～",アルバイト・パート,清掃,求人ボックス,https://xn--pckua2a7gp15o89zb.com/jb/d7ae2e58ba40fc866187d033299352df,True,10時間前,2026-09-30 05:02:40,東京都
直行直帰・時短OK 職場見学ファシリテーター／研修しっかりで安心 30代～50代活躍中新着,株式会社リクルートスタッフィング,東京都,"時給1,500円",アルバイト・パート,派遣,求人ボックス,https://xn--pckua2a7gp15o89zb.com/jb/c80606217e64f219b96c99bf8f31cd85,True,9時間前,2026-09-30 05:02:15,東京都
金属部品の加工オペレーター・マシニングセンタ／工業系卒歓迎／未経験OK／転勤なし／男女活躍新着,アネックス・ジャパン株式会社,東京都,"時給1,900円～2,300円",派遣社員,派遣,求人ボックス,https://xn--pckua2a7gp15o89zb.com/jbn/fd02c867b79bbd72e99507c9e5fc5989,True,2時間前,2026-09-30 05:02:15,東京都
大手ISP企業でのWeb企画・分析／残業20時間未満／週休2日制／大手・有名企業新着,株式会社キャリアデザインセンター,東京都,"時給2,350円",派遣社員,派遣,求人ボックス,https://xn--pckua2a7gp15o89zb.com/jbn/51142b72f1d7648677e138a82274db2e,True,22時間前,2026-09-30 05:02:15,東京都
分析基盤構築に向けたデータ整備等新着,パーソルクロステクノロジー株式会社,東京都,"時給2,300円～2,450円",派遣社員,派遣,求人ボックス,https://xn--pckua2a7gp15o89zb.com/jb/9056340b597f33da836b7def35cdcd40,True,4時間前,2026-09-30 05:02:15,東京都
派遣スタッフ募集の集客・メディア運用／未経験歓迎新着,株式会社キャムコム,東京都,年収350万円～600万円,正社員,派遣,求人ボックス,https://xn--pckua2a7gp15o89zb.com/jbn/e9e245483f2f2bab67bf66c549e0debd,True,3時間前,2026-09-30 05:02:16,東京都
断熱材メーカーの事務 12月スタート 未経験歓迎!八丁堀駅周辺! 派遣スタッフ活躍中新着,株式会社アヴァンティスタッフ,東京都,"時給1,850円",派遣社員,派遣,求人ボックス,https://xn--pckua2a7gp15o89zb.com/jb/94934564f2e7d085616579fb10ea6d19,True,5時間前,2026-09-30 05:02:16,東京都
研修制度あり／産休・育休の実績あり／残業ほぼなし／急募／オフィスワークスタッフ新着,業 (派 33-010057),東京都,"年収250万5,000円",契約社員,派遣,求人ボックス,https://xn--pckua2a7gp15o89zb.com/jbn/0fee1d2257b9a482b1862e7f2d00f118,True,17時間前,2026-09-30 05:02:16,東京都
派遣会社での営業事務サポート／フレッシュな会社で挑戦しやすい環境／基本土日祝休み新着,業 (派 33-010057)...,東京都,"年収346万5,000円",正社員,派遣,求人ボックス,https://xn--pckua2a7gp15o89zb.com/jbn/72c62b8c66f6d070c8b9ab6ac32c21d0,True,17時間前,2026-09-30 05:02:19,東京都
週休2日制／残業ほぼなし／昇給あり／女性活躍中／事務・バックオフィススタッフ新着,業 (派 33-010057),東京都,年収198万円～297万円,契約社員,派遣,求人ボックス,https://xn--pckua2a7gp15o89zb.com/jbn/99e4fd4b925dc41aebf483ad052e7b6d,True,17時間前,2026-09-30 05:02:19,東京都
営業事務 お局文化なし／多国籍で人間関係がやさしい職場／営業より穏やか、事務よりやりがいがある Z新着,業 (派 33-010057)...<2|,東京都,年収302万円～405万円,正社員,派遣,求人ボックス,https://xn--pckua2a7gp15o89zb.com/jbn/3f9c3d57abe0a3011e5526f3ebe7c60b,True,17時間前,2026-09-30 05:02:19,東京都
産休・育休の実績あり／学歴不問／土日祝休みあり／週休2日制／オフィスワークスタッフ新着,業 (派 33-010057),東京都,"年収250万5,000円",契約社員,派遣,求人ボックス,https://xn--pckua2a7gp15o89zb.com/jbn/87575173b14a6ef847908ea946db1a8a,True,16時間前,2026-09-30 05:02:19,東京都
営業サポートメンバー／インセンティブ+賞与あり／新宿支店 Z新着,業 (派 33-010057)...<具体的には…> 当社,東京都,年収198万円～297万円,契約社員,派遣,求人ボックス,https://xn--pckua2a7gp15o89zb.com/jbn/8dc4c0fb7f6b3c4852f20ede717ef8b3,True,17時間前,2026-09-30 05:02:19,東京都
「人と丁寧に関わる仕事がしたい」方へ既存顧客訪問・スタッフフォローが中心／未経験歓迎／新宿店 Z新着,業 (派 33-010057),東京都,"年収250万5,000円",契約社員,派遣,求人ボックス,https://xn--pckua2a7gp15o89zb.com/jbn/a5099e9fd1e0da905c78d0aa5230333a,True,17時間前,2026-09-30 05:02:22,東京都
残業ほぼなし／交通費支給あり／大量募集中／オフィスワークスタッフ新着,業 (派 33-010057)...,東京都,"年収346万5,000円",正社員,派遣,求人ボックス,https://xn--pckua2a7gp15o89zb.com/jbn/24668418c08d013ff2d47e4031f73cec,True,16時間前,2026-09-30 05:02:22,東京都
保育士／八王子市下柚木の認可保育園 徒歩12分新着,セントスタッフ東京支店,東京都,"時給1,400円～1,600円",派遣社員,派遣,求人ボックス,https://xn--pckua2a7gp15o89zb.com/jb/324df0ad1162521a9623cb0f8ce17e1c,True,6時間前,2026-09-30 05:02:22,東京都
大量募集中／週休2日制／未経験歓迎／フリーター歓迎／事務・バックオフィススタッフ新着,業 (派 33-010057),東京都,年収198万円～297万円,契約社員,派遣,求人ボックス,https://xn--pckua2a7gp15o89zb.com/jbn/6114832b0c177d343fc068247a395a61,True,16時間前,2026-09-30 05:02:26,東京都
フリーター歓迎／大量募集中／交通費支給あり／オフィスワークスタッフ新着,業 (派 33-010057)...,東京都,"年収346万5,000円",正社員,派遣,求人ボックス,https://xn--pckua2a7gp15o89zb.com/jbn/937971b489b67cc7bbf32da30df7875d,True,17時間前,2026-09-30 05:02:26,東京都
シフト制 雰囲気 研修あり 新宿エリアで働こう 事務未経験OK新着,スタッフ,東京都,"時給1,700円",派遣社員,派遣,求人ボックス,https://xn--pckua2a7gp15o89zb.com/jb/3a60a8c249e7aec9a6f4daa23f846c32,True,13時間前,2026-09-30 05:02:26,東京都
産休・育休の実績あり／フリーター歓迎／残業ほぼなし／社会保険完備／事務・バックオフィススタッフ新着,業 (派 33-010057)...,東京都,年収302万円～405万円,正社員,派遣,求人ボックス,https://xn--pckua2a7gp15o89zb.com/jbn/c3cb12c6aa815694bf19d88438768029,True,16時間前,2026-09-30 05:02:26,東京都
研修制度あり／交通費支給あり／昇給あり／賞与あり／事務・バックオフィススタッフ新着,業 (派 33-010057),東京都,年収302万円～405万円,正社員,派遣,求人ボックス,https://xn--pckua2a7gp15o89zb.com/jbn/8b8249f9beccbae0e496c6ad193bfac1,True,17時間前,2026-09-30 05:02:29,東京都
土日祝休みあり／学歴不問／大量募集中／賞与あり／オフィスワークスタッフ新着,業 (派 33-010057)...,東京都,"年収400万5,000円",正社員,派遣,求人ボックス,https://xn--pckua2a7gp15o89zb.com/jbn/00a98e6a8d0ff92954914683121fc105,True,17時間前,2026-09-30 05:02:29,東京都
人材派遣事業部での事務業務／未経験歓迎／昇給あり／賞与あり新着,株式会社グッドフィールド,東京都,年収350万円～500万円,正社員,派遣,求人ボックス,https://xn--pckua2a7gp15o89zb.com/jbn/714aef176d10db345e8fdc6a96cccd2e,True,2時間前,2026-09-30 05:02:29,東京都
賞与あり／社会保険完備／大量募集中／週休2日制／オフィスワークスタッフ新着,業 (派 33-010057)...,東京都,"年収400万5,000円",正社員,派遣,求人ボックス,https://xn--pckua2a7gp15o89zb.com/jbn/ce87f2fbe7a5ed336c34c145d4a677e4,True,16時間前,2026-09-30 05:02:33,東京都
採用アシスタント 応募者対応・面接日程調整メイン／未経験OK!月28.3万〜賞与年2回／家賃補助 Z新着,業 (派 33-010057),東京都,"年収400万5,000円",正社員,派遣,求人ボックス,https://xn--pckua2a7gp15o89zb.com/jbn/aae9757cbb2e477004d1a41f0e6a4b67,True,17時間前,2026-09-30 05:02:33,東京都
店舗スタッフ／丸の内／駅チカのフラワーショップで制作・販売スタッフ新着,株式会社コパン,東京都,"時給1,400円～",派遣社員,派遣,求人ボックス,https://xn--pckua2a7gp15o89zb.com/jb/9b70d01f962a6830edbfc3b33ec5d315,True,14時間前,2026-09-30 05:02:33,東京都
コールセンター受発信新着,株式会社セリオ,東京都,"時給1,800円",派遣社員,派遣,求人ボックス,https://xn--pckua2a7gp15o89zb.com/jb/7b5ac2f46a7908f734d125d6b71924e8,True,23時間前,2026-09-30 05:02:36,東京都
「無理なく続けられる人気ワーク!」／派遣コーディネーター／残業少なめ／未経験歓迎／長期安定新着,コーディネーター  登録,東京都,月給27万円～33万円,正社員,派遣,求人ボックス,https://xn--pckua2a7gp15o89zb.com/jbn/a0aaf29eab80cbb2c617bb074cb43680,True,12時間前,2026-09-30 05:02:40,東京都
「初めての方も安心してスタート!」／派遣コーディネーター／未経験OK／サポート業務新着,コーディネーター  登録,東京都,月給27万円～33万円,正社員,派遣,求人ボックス,https://xn--pckua2a7gp15o89zb.com/jbn/30de4fcd28b4643719e797021c276654,True,12時間前,2026-09-30 05:02:40,東京都
20代～40代活躍中!レジスタッフ!前払い利用OK!WEBでラクラク応募!時給1700円!新着,株式会社LeafNxT,東京都,時給1700円,派遣社員,派遣,求人ボックス,https://xn--pckua2a7gp15o89zb.com/jb/95df0288de00f78c44c7543b702612fa,True,23時間前,2026-09-30 05:02:40,東京都
軽作業新着,株式会社ビッグアビリティ,東京都,"時給1,600円",派遣社員,派遣,求人ボックス,https://xn--pckua2a7gp15o89zb.com/jb/9f2ede590cce16e3cab4fc807d628992,True,16時間前,2026-09-30 05:02:40,東京都
学歴不問／週休2日制／急募／女性活躍中／オフィスワークスタッフ新着,...,東京都,"年収303万5,000円",契約社員,派遣,求人ボックス,https://xn--pckua2a7gp15o89zb.com/jbn/43c06f61daa9c2abe7220c7fc9a72955,True,17時間前,2026-09-30 05:02:40,東京都
急募／土日祝休みあり／駅チカ・駅ナカ／オフィスワークスタッフ新着,業 (派 33-010057)...<担当していただく業務>,東京都,"年収303万5,000円",契約社員,派遣,求人ボックス,https://xn--pckua2a7gp15o89zb.com/jbn/655a1f05275d0b204e1fc25fe08d356d,True,17時間前,2026-09-30 05:02:42,東京都
大手ハウスメーカーで資料作成など事務新着,旭化成アミダス株式会社,東京都,"時給1,850円",派遣社員,派遣,求人ボックス,https://xn--pckua2a7gp15o89zb.com/jb/0aa90b6376bd67de87a4e7f9fedfa588,True,16時間前,2026-09-30 05:02:42,東京都
"人事事務／週3日・1日4h～×高時給2,000円未経験歓迎の人事事務／ブランクOK新着",WDB株式会社,東京都,"時給2,000円",契約社員,派遣,求人ボックス,https://xn--pckua2a7gp15o89zb.com/jb/d5d64be6ed541417590607083a6f267c,True,9時間前,2026-09-30 05:02:42,東京都
歯科衛生士／開院8年目の矯正歯科専門のクリニックです!駅徒歩3分新着,医療法人社団白樫会 流山おおたかの森矯正歯科,千葉県,"時給1,600円～",正社員,歯科,求人ボックス,https://xn--pckua2a7gp15o89zb.com/jb/569ff4d2f21263c867b235b599c31df9,True,2時間前,2026-09-30 05:02:43,千葉県
歯科衛生士／賞与100万超えも可能／年休150日／大型連休あり新着,千葉ニュータウン河合歯科矯正歯科,千葉県,月給28万円～35万円,正社員,歯科,求人ボックス,https://xn--pckua2a7gp15o89zb.com/jb/0ebebeb6ab191fd8f4e83fc12849f3e8,True,2時間前,2026-09-30 05:02:43,千葉県
歯科衛生士／年休134日／都内通勤から地元・松戸へシフトしませんか?新着,矢切ファミリー歯科,千葉県,月給29万円～35万円,正社員,歯科,求人ボックス,https://xn--pckua2a7gp15o89zb.com/jb/281a3ee78fa5995f29a7c7c12dcc3133,True,2時間前,2026-09-30 05:02:43,千葉県
歯科衛生士／週休3日、週33.5時間の時短勤務でプライベートも充実新着,てらす歯科京成稲毛駅前,千葉県,月給24万円～28万円,正社員,歯科,求人ボックス,https://xn--pckua2a7gp15o89zb.com/jb/9eb1ed51ce52989ce761f12bcbd0108e,True,2時間前,2026-09-30 05:02:43,千葉県
歯科衛生士／柏市手賀の杜／週1日からOK 未経験／ブランクOK新着,手賀の杜歯科医院,千葉県,"時給1,650円～",アルバイト・パート,歯科,求人ボックス,https://xn--pckua2a7gp15o89zb.com/jb/4d5fb84cbb677734321186a6f6f3ead1,True,2時間前,2026-09-30 05:02:43,千葉県
歯科衛生士／人間関係がでDHが働きやすい／30万円～／社保完備新着,J歯科クリニック,千葉県,月給30万円～50万円,正社員,歯科,求人ボックス,https://xn--pckua2a7gp15o89zb.com/jb/311fc6514587c7a81580ee2283fdacab,True,2時間前,2026-09-30 05:02:43,千葉県
歯科衛生士／祝日の振替出勤なし／年齢不問! 研修制度もあり新着,広沢歯科クリニック,千葉県,月給28万円～,正社員,歯科,求人ボックス,https://xn--pckua2a7gp15o89zb.com/jb/5789b6b12a10758cbe21fad6ce6ca9c2,True,2時間前,2026-09-30 05:02:43,千葉県
社会保険完備の職場で歯科衛生士新着,浅賀歯科クリニック,千葉県,月給27万円～33万円,正社員,歯科,求人ボックス,https://xn--pckua2a7gp15o89zb.com/jb/a63de035f65bc4e22394e70d6b9d2cee,True,7時間前,2026-09-30 05:02:43,千葉県
歯科衛生士／隔週休3日 社保完備新着,医療法人社団ファイン・スマイルズ ありしま矯正歯科,千葉県,"月給24万1,000円",正社員,歯科,求人ボックス,https://xn--pckua2a7gp15o89zb.com/jb/8f4b846acb5594d6da7f0824d4223c7a,True,2時間前,2026-09-30 05:02:44,千葉県
歯科助手 歯科衛生士新着,プライム歯科,千葉県,"時給1,300円～",アルバイト・パート,歯科,求人ボックス,https://xn--pckua2a7gp15o89zb.com/jb/ef2e618acc143cda2f6b234b51fcaba7,True,19時間前,2026-09-30 05:02:44,千葉県
歯科医師／矯正未経験から、診断・治療計画を担える歯科医師へ／リンガル症例が豊富・新卒歓迎新着,医療法人社団至誠会,千葉県,月給40万円～,正社員,歯科,求人ボックス,https://xn--pckua2a7gp15o89zb.com/jb/020bab774e0d3fd87da9a70fd463e19f,True,2時間前,2026-09-30 05:02:44,千葉県
受付業務などを行う歯科助手新着,いわお歯科医院,千葉県,月給23万円～26万円,正社員,歯科,求人ボックス,https://xn--pckua2a7gp15o89zb.com/jb/b3fb899434ee4a6027a571a178129fef,True,7時間前,2026-09-30 05:02:44,千葉県
訪問歯科にも対応する医院で歯科医師新着,勝田台病院前歯科クリニック,千葉県,"時給3,125円～5,000円",アルバイト・パート,歯科,求人ボックス,https://xn--pckua2a7gp15o89zb.com/jb/962e65c83272f3966bb98792539ba7d1,True,7時間前,2026-09-30 05:02:44,千葉県
医療事務・社会保険完備の職場で医療事務／受付新着,医療法人社団翔優会 マーブルファミリー歯科クリニ...,千葉県,月給23万円～30万円,正社員,歯科,求人ボックス,https://xn--pckua2a7gp15o89zb.com/jb/037f607ed83765d79cef70e2c4a9efb1,True,7時間前,2026-09-30 05:02:44,千葉県
分院長・歯科医師・社会保険完備の職場で歯科医師新着,アール歯科・矯正歯科クリニック,千葉県,月給90万円～,正社員,歯科,求人ボックス,https://xn--pckua2a7gp15o89zb.com/jb/ec2bcc2ae180caf2dde4f89c56d20d2e,True,7時間前,2026-09-30 05:02:44,千葉県
看護師／ダブルワークok。車通勤可新着,柏五味歯科内科リウマチクリニック,千葉県,"時給1,800円～",アルバイト・パート,歯科,求人ボックス,https://xn--pckua2a7gp15o89zb.com/jb/3d5195ca738b8953ac7c579a8f9a3d0e,True,2時間前,2026-09-30 05:02:44,千葉県
20～40代活躍中!飲食店の配膳スタッフ!前払いで即金GET!新着,株式会社LeafNxT,東京都,"時給1,600円",派遣社員,飲食,求人ボックス,https://xn--pckua2a7gp15o89zb.com/jb/3a25686722e74cd9d54d295e1307ec8e,True,23時間前,2026-09-30 05:02:19,東京都
受付スタッフ／販売・飲食の経験者歓迎「完全週休2日」×20代活躍中新着,株式会社One's Will 採用窓口「4393」,東京都,月給22万円～,正社員,飲食,求人ボックス,https://xn--pckua2a7gp15o89zb.com/jbn/13406e133cc35f7efbe606c44f4ecdb8,True,22時間前,2026-09-30 05:02:19,東京都
受付スタッフ 販売・飲食の経験者歓迎／土日祝休み・残業ほぼなし×事務知...新着,株式会社One's Will 採用窓口「4556」,東京都,月給23万円～,正社員,飲食,求人ボックス,https://xn--pckua2a7gp15o89zb.com/jbn/f4d1b61496846576de201b1dd04eae9c,True,22時間前,2026-09-30 05:02:19,東京都
受付スタッフ&販売・飲食の経験者歓迎「年間休日120日以上」20代中心...新着,株式会社One's Will 採用窓口「4478」,東京都,月給22万円～,正社員,飲食,求人ボックス,https://xn--pckua2a7gp15o89zb.com/jbn/1d766baefe91519487c1308d3f710f23,True,22時間前,2026-09-30 05:02:19,東京都
飲食店舗STAFF新着,Bluefin 竹芝店,東京都,"時給1,350円～",アルバイト・パート,飲食,求人ボックス,https://xn--pckua2a7gp15o89zb.com/jb/bfb64db3d454e9b6993f6dae6f3e8a04,True,15時間前,2026-09-30 05:02:19,東京都
レア求人「時給1600円・研修期間も同額」大手警備グループの一般事務／週5日／日払いOK／交通費支給新着,株式会社アウトソーシングトータルサポート,東京都,時給1600円,派遣社員,飲食,求人ボックス,https://xn--pckua2a7gp15o89zb.com/jbn/bc96e3a9b6756951ec3fcbf8963f28b1,True,7時間前,2026-09-30 05:02:19,東京都
店舗スタッフ「一般社員」／イオンモール日の出店新着,幸楽苑 イオンモール日の出店,東京都,"月給21万5,000円",正社員,飲食,求人ボックス,https://xn--pckua2a7gp15o89zb.com/jbn/82e6240822359009dddb5646d32e6830,True,2時間前,2026-09-30 05:02:19,東京都
店舗スタッフ「一般社員」／調布深大寺店新着,幸楽苑 調布深大寺店,東京都,"月給21万5,000円",正社員,飲食,求人ボックス,https://xn--pckua2a7gp15o89zb.com/jbn/c68399517f7e82431da6941e2b163698,True,3時間前,2026-09-30 05:02:19,東京都
店舗スタッフ「一般社員」／和光新倉店新着,幸楽苑 和光新倉店,東京都,"月給21万5,000円",正社員,飲食,求人ボックス,https://xn--pckua2a7gp15o89zb.com/jbn/9984b249eedc55d86aaf36493c550516,True,2時間前,2026-09-30 05:02:20,東京都
店舗スタッフ「一般社員」／ミスターマックス町田多摩境店新着,幸楽苑 ミスターマックス町田多摩境店,東京都,"月給21万5,000円",正社員,飲食,求人ボックス,https://xn--pckua2a7gp15o89zb.com/jbn/c13483b9f0d97b8dd9383265d2cc0de6,True,2時間前,2026-09-30 05:02:20,東京都
店舗スタッフ「一般社員」／葛飾南水元店新着,幸楽苑 葛飾南水元店,東京都,"月給21万5,000円",正社員,飲食,求人ボックス,https://xn--pckua2a7gp15o89zb.com/jbn/4aaeed64223f67cf6c70757327f96b53,True,2時間前,2026-09-30 05:02:20,東京都
店舗スタッフ「一般社員」／町田成瀬店新着,幸楽苑 町田成瀬店,東京都,"月給21万5,000円",正社員,飲食,求人ボックス,https://xn--pckua2a7gp15o89zb.com/jbn/474d653c72633d06fd81caa2975f10d9,True,3時間前,2026-09-30 05:02:20,東京都
店舗スタッフ「一般社員」／イーアス高尾店新着,幸楽苑 イーアス高尾店,東京都,"月給21万5,000円",正社員,飲食,求人ボックス,https://xn--pckua2a7gp15o89zb.com/jbn/336cf823262899aab2e7a5187293d78f,True,2時間前,2026-09-30 05:02:20,東京都
店舗スタッフ「一般社員」／舎人店新着,幸楽苑 舎人店,東京都,"月給21万5,000円",正社員,飲食,求人ボックス,https://xn--pckua2a7gp15o89zb.com/jbn/1e9da7655dbb5dc5d6559e4a3b3c4ec5,True,2時間前,2026-09-30 05:02:20,東京都
店舗スタッフ「一般社員」／城山店新着,幸楽苑 城山店,東京都,"月給21万5,000円",正社員,飲食,求人ボックス,https://xn--pckua2a7gp15o89zb.com/jbn/c9ca9f7cf6a4732b0476f830eb8d3225,True,3時間前,2026-09-30 05:02:20,東京都
店舗スタッフ「一般社員」／杉並高井戸店新着,幸楽苑 杉並高井戸店,東京都,"月給21万5,000円",正社員,飲食,求人ボックス,https://xn--pckua2a7gp15o89zb.com/jbn/f524ad83c6c8e59b3959ab57fa5b46f4,True,2時間前,2026-09-30 05:02:23,東京都
店舗スタッフ「一般社員」／葛飾新宿店新着,幸楽苑 葛飾新宿店,東京都,"月給21万5,000円",正社員,飲食,求人ボックス,https://xn--pckua2a7gp15o89zb.com/jbn/0436b43602138ab982ffec1b08a9d56d,True,2時間前,2026-09-30 05:02:23,東京都
店舗スタッフ「一般社員」／江戸川篠崎店新着,幸楽苑 江戸川篠崎店,東京都,"月給21万5,000円",正社員,飲食,求人ボックス,https://xn--pckua2a7gp15o89zb.com/jbn/fd0ea5f5c1ff546bcd2a351825aa20d5,True,3時間前,2026-09-30 05:02:23,東京都
店舗スタッフ「一般社員」／青梅店新着,幸楽苑 青梅店,東京都,"月給21万5,000円",正社員,飲食,求人ボックス,https://xn--pckua2a7gp15o89zb.com/jbn/b15c08c08c14903ddac6329126b0e2ae,True,2時間前,2026-09-30 05:02:23,東京都
店舗スタッフ「一般社員」／田無店新着,幸楽苑 田無店,東京都,"月給21万5,000円",正社員,飲食,求人ボックス,https://xn--pckua2a7gp15o89zb.com/jbn/6c97fb76fb6ad1872cdc937f559204ac,True,3時間前,2026-09-30 05:02:23,東京都
店舗スタッフ「一般社員」／足立一ツ家店新着,幸楽苑 足立一ツ家店,東京都,"月給21万5,000円",正社員,飲食,求人ボックス,https://xn--pckua2a7gp15o89zb.com/jbn/48edc7e381db57b602e7f5d8931734cb,True,2時間前,2026-09-30 05:02:23,東京都
店舗スタッフ「一般社員」／足立江北店新着,幸楽苑 足立江北店,東京都,"月給21万5,000円",正社員,飲食,求人ボックス,https://xn--pckua2a7gp15o89zb.com/jbn/83c3a7cb25a3292e55bf7c1ff3690625,True,2時間前,2026-09-30 05:02:23,東京都
店舗スタッフ「一般社員」／島忠ホームズ町田店新着,幸楽苑 島忠ホームズ町田店,東京都,"月給21万5,000円",正社員,飲食,求人ボックス,https://xn--pckua2a7gp15o89zb.com/jbn/6362f77cf9ac3ce52efc89b66e5d3271,True,2時間前,2026-09-30 05:02:28,東京都
店舗スタッフ「一般社員」／百草園店新着,幸楽苑 百草園店,東京都,"月給21万5,000円",正社員,飲食,求人ボックス,https://xn--pckua2a7gp15o89zb.com/jbn/274c20fd3a0c2fd5b462a1e03b0e1260,True,2時間前,2026-09-30 05:02:28,東京都
店舗スタッフ「一般社員」／足立東伊興店新着,幸楽苑 足立東伊興店,東京都,"月給21万5,000円",正社員,飲食,求人ボックス,https://xn--pckua2a7gp15o89zb.com/jbn/1323fbf205f0095e2ca9209cf678ddbe,True,2時間前,2026-09-30 05:02:28,東京都
「まだ間に合う!」未経験採用枠／ガチャガチャ製造／研修充実新着,Yts株式会社,東京都,月給28万円～50万円,正社員,飲食,求人ボックス,https://xn--pckua2a7gp15o89zb.com/jbn/04d597e1acdd16e69b8f8d448ac8a6dc,True,12時間前,2026-09-30 05:02:28,東京都
「まだ間に合う!」未経験採用枠／製造工場での軽作業・カプセルトイ／研修充実新着,株式会社小林,東京都,月給28万円～50万円,正社員,飲食,求人ボックス,https://xn--pckua2a7gp15o89zb.com/jbn/eafe4e36b00d61482ad2fe4b20958e69,True,12時間前,2026-09-30 05:02:28,東京都
店舗スタッフ「一般社員」／東小金井店新着,幸楽苑 東小金井店,東京都,"月給21万5,000円",正社員,飲食,求人ボックス,https://xn--pckua2a7gp15o89zb.com/jbn/a28d90cca74de160584b85bbbc7d279d,True,3時間前,2026-09-30 05:02:28,東京都
テレアポ新着,株式会社KeyHearts,東京都,月給28万円～,正社員,飲食,求人ボックス,https://xn--pckua2a7gp15o89zb.com/jb/71c5847effefeefcd01c6034518106b1,True,11時間前,2026-09-30 05:02:33,東京都
完全在宅／未経験可／問い合わせ窓口／年休125日以上新着,...経験不問/未経験者活躍中・第二新卒活躍中資格不問/無資格歓迎・ブランク歓迎・学歴不問ハローワークでお探しの方も歓迎 先輩たちの前職をご紹介! 営業、事務、販売,東京都,"月給23万9,100円",正社員,飲食,求人ボックス,https://xn--pckua2a7gp15o89zb.com/jbn/f8da7feb853784ad5b5ba21b6a274d97,True,11時間前,2026-09-30 05:02:33,東京都
完全在宅／未経験可／カスタマーサポート／年休125日以上新着,...経験不問/未経験者活躍中・第二新卒活躍中資格不問/無資格歓迎・ブランク歓迎・学歴不問ハローワークでお探しの方も歓迎 先輩たちの前職をご紹介! 営業、事務、販売,東京都,"月給23万1,600円",正社員,飲食,求人ボックス,https://xn--pckua2a7gp15o89zb.com/jbn/49d140cc38bc9d36d0dada69dd83b9a2,True,11時間前,2026-09-30 05:02:33,東京都
「新生活デビュー応援!」未経験採用枠／ガチャガチャ製造／プライベート充実新着,株式会社RIOT GROUP,東京都,月給28万円～50万円,正社員,飲食,求人ボックス,https://xn--pckua2a7gp15o89zb.com/jbn/ec11044ae8e2b3568e2b4084acbd12f4,True,12時間前,2026-09-30 05:02:33,東京都
店舗スタッフ「一般社員」／足立佐野店新着,幸楽苑 足立佐野店,東京都,"月給21万5,000円",正社員,飲食,求人ボックス,https://xn--pckua2a7gp15o89zb.com/jbn/a32d013e3953195d2baa57f9a1d0f7a6,True,2時間前,2026-09-30 05:02:33,東京都
店舗スタッフ「一般社員」／国立府中インター店新着,幸楽苑 国立府中インター店,東京都,"月給21万5,000円",正社員,飲食,求人ボックス,https://xn--pckua2a7gp15o89zb.com/jbn/1096659ab01ba66424ac5ef92f06072e,True,3時間前,2026-09-30 05:02:33,東京都
キャリアアドバイザー／未経験歓迎／昇給あり／賞与あり新着,株式会社Recrea,東京都,"年収400万円～1,000万円",正社員,飲食,求人ボックス,https://xn--pckua2a7gp15o89zb.com/jbn/801f0e46dd7f6f334e626281ee2ed040,True,2時間前,2026-09-30 05:02:33,東京都
「販売職からの転職組が8割」／立ち仕事の疲れとは無縁。冷暖房完備のオフィスで腰を据えて働く一般事務新着,スタッフ,東京都,"月給22万4,000円",正社員,飲食,求人ボックス,https://xn--pckua2a7gp15o89zb.com/jbn/c40f88a30398e1c24821f2d649030f8c,True,1時間前,2026-09-30 05:02:33,東京都
大手通信商材・サービスを扱うスマホコーディネーター／未経験歓迎／昇給あり／賞与あり新着,株式会社GRANDOP,東京都,年収300万円～500万円,正社員,飲食,求人ボックス,https://xn--pckua2a7gp15o89zb.com/jbn/f0d1170d13e5a88cc28411fd05d9f211,True,1時間前,2026-09-30 05:02:35,東京都
「作業の範囲がはっきりした事務」オフィス系の事務／年間125日休み／残業は少なめ／未経験の方歓迎新着,スタッフ,東京都,"月給26万6,000円",正社員,飲食,求人ボックス,https://xn--pckua2a7gp15o89zb.com/jbn/c653c799cbfa5883db9f787394a01569,True,6時間前,2026-09-30 05:02:35,東京都
「新生活デビュー応援!」未経験採用枠／カプセルトイ製造スタッフ／年間休日125日以上新着,AQUARIUS株式会社,東京都,月給28万円～50万円,正社員,飲食,求人ボックス,https://xn--pckua2a7gp15o89zb.com/jbn/87a3dd466bd3de3e7a9f685dec2b19f0,True,12時間前,2026-09-30 05:02:35,東京都
店舗スタッフ「一般社員」／秋葉原駅前店新着,幸楽苑 秋葉原駅前店,東京都,"月給21万5,000円",正社員,飲食,求人ボックス,https://xn--pckua2a7gp15o89zb.com/jbn/680155b2447f08196e9feca9dd1c725f,True,2時間前,2026-09-30 05:02:35,東京都
事務未経験の先輩が多数活躍中／まずはシングルタスクからあなたに合わせてお任せします／データ入力新着,[多様なバックグラウンドを持つ仲間]現在活躍している,東京都,月給23万円～50万円,正社員,飲食,求人ボックス,https://xn--pckua2a7gp15o89zb.com/jbn/36c1f751635991900ed89a9ac67ad891,True,2時間前,2026-09-30 05:02:35,東京都
「Excelは開ければOK」関数を知らなくても始められる一般事務職／安心の研修・サポート制度新着,[多様なバックグラウンドを持つ仲間]現在活躍している,東京都,月給23万円～50万円,正社員,飲食,求人ボックス,https://xn--pckua2a7gp15o89zb.com/jbn/9daffcc3f3b114f389787a5bc1136316,True,2時間前,2026-09-30 05:02:35,東京都
「デスクワークデビュー歓迎」データ入力の事務／祝日もお休み／終業時間が一定／未経験スタート可新着,スタッフ,東京都,"月給25万8,000円",正社員,飲食,求人ボックス,https://xn--pckua2a7gp15o89zb.com/jbn/4df6bc351ac26e32031ff90352944e37,True,7時間前,2026-09-30 05:02:35,東京都
「デスクワークデビュー歓迎」データ入力の事務／年間休日125日／残業は少なめ／学歴不問の募集新着,スタッフ,東京都,"月給25万4,000円",正社員,飲食,求人ボックス,https://xn--pckua2a7gp15o89zb.com/jbn/050a9ecc1a66fcaad8da27cf4de7c75d,True,7時間前,2026-09-30 05:02:39,東京都
「作業の範囲がはっきりした事務」オフィス系の事務／土日祝休みあり／定時上がりが基本／未経験の応募歓迎新着,スタッフ,東京都,"月給24万6,000円",正社員,飲食,求人ボックス,https://xn--pckua2a7gp15o89zb.com/jbn/c55a6ea651cafe581396abcc64966278,True,7時間前,2026-09-30 05:02:39,東京都
髪色・ネイル自由で「自分らしくリラックスして働く」一般事務新着,[多様なバックグラウンドを持つ仲間]現在活躍している,東京都,月給23万円～50万円,正社員,飲食,求人ボックス,https://xn--pckua2a7gp15o89zb.com/jbn/f62da97fd8e5238103752df33eaa3ec7,True,2時間前,2026-09-30 05:02:39,東京都
イベント運営スタッフ／未経験からイベント企画・運営のプロへ!新着,株式会社エースケータリング,東京都,"月給26万4,000円",正社員,飲食,求人ボックス,https://xn--pckua2a7gp15o89zb.com/jbn/ed444de6f9d59793d70ab626d5f42696,True,10時間前,2026-09-30 05:02:39,東京都
インサイドセールス／未経験歓迎新着,株式会社エス・ケイ通信,東京都,年収300万円～350万円,正社員,飲食,求人ボックス,https://xn--pckua2a7gp15o89zb.com/jbn/3eba97662ab4303d635006b45ec76919,True,2時間前,2026-09-30 05:02:39,東京都
ロケットナウの新規開拓営業／土日祝休み／未経験歓迎／20代～30代活躍中／面接1回のみ新着,CP One Japan合同会社,東京都,月給32万円～,契約社員,飲食,求人ボックス,https://xn--pckua2a7gp15o89zb.com/jbn/05ab8353eaa7e6ad7e6f6b8348547415,True,21時間前,2026-09-30 05:02:39,東京都
未経験・ブランクも歓迎／データ入力・受付事務／「新人を一人ぼっちにしない」安心のサポート新着,[多様なバックグラウンドを持つ仲間]現在活躍している,東京都,月給23万円～50万円,正社員,飲食,求人ボックス,https://xn--pckua2a7gp15o89zb.com/jbn/865126cf68e119992aabc7dc4ededb22,True,3時間前,2026-09-30 05:02:43,東京都
「腰を据えて働ける一般事務」書類まわりの事務／土日祝休みあり／帰る時間が読める／未経験からOK新着,スタッフ,東京都,"月給26万5,000円",正社員,飲食,求人ボックス,https://xn--pckua2a7gp15o89zb.com/jbn/0060b4991791af61de16ccb40a6f28bd,True,7時間前,2026-09-30 05:02:43,東京都
「事務デビューを応援します」一般事務の正社員／土日祝休みあり／時間が読める／未経験スタート可新着,スタッフ,東京都,"月給25万2,000円",正社員,飲食,求人ボックス,https://xn--pckua2a7gp15o89zb.com/jbn/31b67c139dd41b311c607c6e1d56d6ca,True,6時間前,2026-09-30 05:02:43,東京都
「ゆっくり覚える事務のお仕事」一般事務の正社員／祝日もお休み／時間が読める／未経験の方歓迎新着,スタッフ,東京都,"月給24万9,000円",正社員,飲食,求人ボックス,https://xn--pckua2a7gp15o89zb.com/jbn/28e2e528c70372663ee8fca249359d42,True,6時間前,2026-09-30 05:02:43,東京都
「事務デビューを応援します」一般事務の正社員／年間休日125日／残業は少なめ／資格・経験不要新着,スタッフ,東京都,"月給24万3,000円",正社員,飲食,求人ボックス,https://xn--pckua2a7gp15o89zb.com/jbn/30c9950bb5fc7f94620609484f45adb2,True,7時間前,2026-09-30 05:02:43,東京都
「17時定時退社」残業なしの一般事務／土日祝休みでプライベート充実／未経験から正社員デビュー応援新着,[多様なバックグラウンドを持つ仲間]現在活躍している,東京都,月給23万円～50万円,正社員,飲食,求人ボックス,https://xn--pckua2a7gp15o89zb.com/jbn/5e34045b1f841fcf53e4f9128749793f,True,3時間前,2026-09-30 05:02:43,東京都
「予定の立てやすい一般事務」データ入力の事務／完全週休2日制／帰る時間が読める／学歴不問の募集新着,スタッフ,東京都,"月給25万2,000円",正社員,飲食,求人ボックス,https://xn--pckua2a7gp15o89zb.com/jbn/59abf8327ef80a82f081f5630b0be40e,True,7時間前,2026-09-30 05:02:43,東京都
「一から覚えるオフィス事務」オフィス系の事務／土日祝休みあり／残業は少なめ／未経験からOK新着,スタッフ,東京都,"月給24万6,000円",正社員,飲食,求人ボックス,https://xn--pckua2a7gp15o89zb.com/jbn/de5e48fde31f54eed993fbc26c4ca56b,True,6時間前,2026-09-30 05:02:43,東京都
「無理なく続けられる働き方」入力まわりの事務／完全週休2日制／帰る時間が読める／未経験の方歓迎新着,スタッフ,東京都,"月給24万7,000円",正社員,飲食,求人ボックス,https://xn--pckua2a7gp15o89zb.com/jbn/f465c6e8b39b0cc452a200539496a1ff,True,7時間前,2026-09-30 05:02:47,東京都
「書類整理と入力の一般事務」オフィスの事務職／年間休日125日／終業時間が一定／未経験スタート可新着,スタッフ,東京都,"月給25万9,000円",正社員,飲食,求人ボックス,https://xn--pckua2a7gp15o89zb.com/jbn/3e653602a83e24e4f84cd438193dfb82,True,6時間前,2026-09-30 05:02:47,東京都
「有休消化率90%超え」の休みが取りやすい一般事務／連休取得もOK／20代新着,[多様なバックグラウンドを持つ仲間]現在活躍している,東京都,"月給22万5,000円",正社員,飲食,求人ボックス,https://xn--pckua2a7gp15o89zb.com/jbn/46586d8efde475be717f7699a14bd450,True,2時間前,2026-09-30 05:02:47,東京都
「書類整理と入力の一般事務」データ入力の事務／祝日もお休み／定時で帰れる／経験ゼロから可新着,スタッフ,東京都,"月給25万9,000円",正社員,飲食,求人ボックス,https://xn--pckua2a7gp15o89zb.com/jbn/0b7082722e91246f72a3a0ae60263ba8,True,7時間前,2026-09-30 05:02:47,東京都
「落ち着いて働ける一般事務」事務スタッフ募集／休日は年125日／帰る時間が読める／資格・経験不要新着,スタッフ,東京都,"月給24万4,000円",正社員,飲食,求人ボックス,https://xn--pckua2a7gp15o89zb.com/jbn/6283a63c920e4708c3cc91e019692bf7,True,7時間前,2026-09-30 05:02:47,東京都
「作業の範囲がはっきりした事務」書類まわりの事務／カレンダー通り／時間が読める／資格・経験不要新着,スタッフ,東京都,"月給25万4,000円",正社員,飲食,求人ボックス,https://xn--pckua2a7gp15o89zb.com/jbn/d48626808880f3faffbc50f29a176698,True,7時間前,2026-09-30 05:02:47,東京都
「自分らしく働ける」一般事務／おやつ休憩も、コーヒーを淹れる時間も自由新着,スタッフ,東京都,"月給22万3,000円",正社員,飲食,求人ボックス,https://xn--pckua2a7gp15o89zb.com/jbn/bf03c36edbb9bf30f09f024f87f547db,True,3時間前,2026-09-30 05:02:47,東京都
「残業ゼロ」定時1分後に駅のホームへ。土日休みの一般事務新着,[多様なバックグラウンドを持つ仲間]現在活躍している,東京都,"月給22万6,000円",正社員,飲食,求人ボックス,https://xn--pckua2a7gp15o89zb.com/jbn/2bcecbfd4ed222be8a540479379bafc5,True,3時間前,2026-09-30 05:02:47,東京都
「腰を落ち着ける一般事務」オフィスの事務職／土日祝休みあり／残業ほぼゼロ／未経験スタート可新着,スタッフ,東京都,"月給24万6,000円",正社員,飲食,求人ボックス,https://xn--pckua2a7gp15o89zb.com/jbn/53b58d208b2967336147bdebc0d38a79,True,6時間前,2026-09-30 05:02:51,東京都
「答えが書いてある仕事」自分の判断で悩むシーンが無いから未経験でも始めやすい／若手活躍中の職場新着,スタッフ,東京都,月給23万円～50万円,正社員,飲食,求人ボックス,https://xn--pckua2a7gp15o89zb.com/jbn/8b8e1f147bd569f1840fd2ca4116f576,True,2時間前,2026-09-30 05:02:51,東京都
「書類整理と入力の一般事務」事務サポート業務／カレンダー通り／定時上がりが基本／経験ゼロから可新着,スタッフ,東京都,"月給24万1,000円",正社員,飲食,求人ボックス,https://xn--pckua2a7gp15o89zb.com/jbn/4103e90bec1814dd4f5d36897f54dbf0,True,6時間前,2026-09-30 05:02:51,東京都
「働きやすさを整えた事務職」書類まわりの事務／祝日もお休み／終業時間が一定／経験ゼロから可新着,スタッフ,東京都,"月給26万6,000円",正社員,飲食,求人ボックス,https://xn--pckua2a7gp15o89zb.com/jbn/ff4062a8148d84ba70d00ca69e3fffd4,True,7時間前,2026-09-30 05:02:51,東京都
「腰を据えて働ける一般事務」事務サポート業務／完全週休2日制／残業に追われない／資格・経験不要新着,スタッフ,東京都,"月給25万5,000円",正社員,飲食,求人ボックス,https://xn--pckua2a7gp15o89zb.com/jbn/327b58a422fc56c8b99c421b2262a6cd,True,6時間前,2026-09-30 05:02:51,東京都
「デスクワークデビュー歓迎」一般事務の正社員／休日は年125日／定時上がりが基本／未経験スタート可新着,スタッフ,東京都,"月給26万1,000円",正社員,飲食,求人ボックス,https://xn--pckua2a7gp15o89zb.com/jbn/bde04eddb5aea747976b35067fd8835b,True,6時間前,2026-09-30 05:02:51,東京都
「未経験OK」／ITサポート事務／第二新卒歓迎／ボーナスあり「正社員」新着,...「そろそろ内勤のお仕事に挑戦したい」という方、大歓迎です。特別なPCスキルがなくても、タイピングなどの基礎から少しずつ慣れていける環境を整えています。<こんな先輩たちが活躍中>,東京都,月給23万500円,正社員,飲食,求人ボックス,https://xn--pckua2a7gp15o89zb.com/jbn/fe43e608721c38f5d3f806c0c9a33093,True,2時間前,2026-09-30 05:02:51,東京都
介護職新着,アイリスガーデン松戸稔台,千葉県,"月給28万6,500円",正社員,介護,求人ボックス,https://xn--pckua2a7gp15o89zb.com/jb/8ad74f9e0a045cbfae7a61973a21b003,True,10時間前,2026-09-30 05:02:45,千葉県
介護職新着,ニチイホーム柏の葉,千葉県,"月給25万7,000円",正社員,介護,求人ボックス,https://xn--pckua2a7gp15o89zb.com/jb/a287967caee00e2916ae1072656b9ba9,True,10時間前,2026-09-30 05:02:45,千葉県
介護職新着,ニチイメゾン稲毛,千葉県,"月給28万6,500円",正社員,介護,求人ボックス,https://xn--pckua2a7gp15o89zb.com/jb/65c95952585101bf3066de36f4271185,True,10時間前,2026-09-30 05:02:45,千葉県
介護職新着,ニチイホーム東船橋,千葉県,"月給28万6,500円",正社員,介護,求人ボックス,https://xn--pckua2a7gp15o89zb.com/jb/09f944b7c3946d35e23a1d4c4fec17be,True,10時間前,2026-09-30 05:02:46,千葉県
グループホーム／介護職／資格取得支援／研修制度充実／賞与年2回新着,株式会社レガート,千葉県,"月給26万5,000円",正社員,介護,求人ボックス,https://xn--pckua2a7gp15o89zb.com/jb/c4e97a6d04fde395f274d4442255d717,True,7時間前,2026-09-30 05:02:50,千葉県
通所介護・デイサービス勤務の介護職／ヘルパー新着,デイサービスセンターゆたか苑,千葉県,"月給21万1,000円",正社員,介護,求人ボックス,https://xn--pckua2a7gp15o89zb.com/jb/a5cf71350f670c1b680e94e73c073293,True,7時間前,2026-09-30 05:02:54,千葉県
社会保険完備の職場で介護職／ヘルパー新着,ヘルパーステーションえどがわ,千葉県,"月給30万2,500円",正社員,介護,求人ボックス,https://xn--pckua2a7gp15o89zb.com/jb/07fef160f899f2ea2026cab7f54c210d,True,7時間前,2026-09-30 05:02:54,千葉県
通所介護・デイサービス勤務の介護職／ヘルパー新着,ヒューマンライフケアあじさいの湯,千葉県,月給24万円～28万,正社員,介護,求人ボックス,https://xn--pckua2a7gp15o89zb.com/jb/6ef8b2bd27745e768cf9c7147047f50f,True,7時間前,2026-09-30 05:02:58,千葉県
介護職／デイサービス／ヒューマンライフケア あじさいの湯新着,ヒューマンライフケア株式会社,千葉県,月給24万円～28万,正社員,介護,求人ボックス,https://xn--pckua2a7gp15o89zb.com/jb/2e3b528bc4fbbf7ebaaa0ff4f4dd636c,True,4時間前,2026-09-30 05:02:58,千葉県
ヘルパー・介護職／グループホーム／未経験OK／キャリアアップ新着,株式会社DYMキャリア,千葉県,"時給1,350円～1,750円",派遣社員,介護,求人ボックス,https://xn--pckua2a7gp15o89zb.com/jb/0f0089e1ffff569ebc388e87dbe8fa72,True,20時間前,2026-09-30 05:03:02,千葉県
介護職／ヘルパー 介護職／老人保健施設／夜勤専従／週2回～新着,セントスタッフ株式会社,千葉県,"日給2万6,000円",派遣社員,介護,求人ボックス,https://xn--pckua2a7gp15o89zb.com/jb/5699e00017a3b7301897545782adce10,True,2時間前,2026-09-30 05:03:02,千葉県
介護職新着,株式会社リクルートスタッフィング,千葉県,"時給1,800円～",派遣社員,介護,求人ボックス,https://xn--pckua2a7gp15o89zb.com/jb/ad0a5f77178c2a36f5b01e21e6480f09,True,11時間前,2026-09-30 05:03:05,千葉県
介護職／グループホームの介護スタッフ新着,株式会社ケア21,千葉県,"月給24万2,330円",正社員,介護,求人ボックス,https://xn--pckua2a7gp15o89zb.com/jb/34720dd498603ca8ffb183e539ff64ac,True,13時間前,2026-09-30 05:03:05,千葉県
住宅型有料老人ホームの介護職／月9日休み新着,株式会社ツクイ,千葉県,月給23万円,正社員,介護,求人ボックス,https://xn--pckua2a7gp15o89zb.com/jb/5a51e38318fc09f90d4ed6074bf6a7ea,True,14時間前,2026-09-30 05:03:05,千葉県
シルバーフィットネストレーナー・社会保険完備の職場で介護職／ヘルパー新着,レコードブック 鎌ケ谷駅前,千葉県,"月給23万2,500円",契約社員,介護,求人ボックス,https://xn--pckua2a7gp15o89zb.com/jb/452183a401524564268960da7c751e69,True,7時間前,2026-09-30 05:03:08,千葉県
デイサービス介護職・社会保険完備の職場で介護職／ヘルパー新着,セントケア市川大和田,千葉県,"時給1,200円～1,480円",アルバイト・パート,介護,求人ボックス,https://xn--pckua2a7gp15o89zb.com/jb/8802d1dfff7db3fdd63882e77d5d7c74,True,7時間前,2026-09-30 05:03:08,千葉県
管理者候補・社会保険完備の職場で介護職／ヘルパー新着,けあふるタウン日香里,千葉県,月給23万円,正社員,介護,求人ボックス,https://xn--pckua2a7gp15o89zb.com/jb/f1482b90d6ad69a9ca3373461df70b36,True,7時間前,2026-09-30 05:03:11,千葉県
介護職／訪問介護新着,株式会社前原ハート 訪問介護ステーション,千葉県,"時給1,500円",アルバイト・パート,介護,求人ボックス,https://xn--pckua2a7gp15o89zb.com/jb/677872f04af623a582c0da91c7b17d82,True,1時間前,2026-09-30 05:03:11,千葉県
デイサービスでの介護職・ヘルパー／お昼まで 「なぜ?」を考える介護新着,株式会社マザーライク,千葉県,"時給1,300円～1,600円",アルバイト・パート,介護,求人ボックス,https://xn--pckua2a7gp15o89zb.com/jb/afa4c7cc7eacd1b7e67053f48b6e1561,True,14時間前,2026-09-30 05:03:11,千葉県
介護の相談するなら株式会社アクアコーポレーション!／まずは相談での応募可新着,株式会社アクアコーポレーション,千葉県,"月給28万1,000円",正社員,介護,求人ボックス,https://xn--pckua2a7gp15o89zb.com/jb/187ff7dac1bcf0fc3da979978e1a3da9,True,6時間前,2026-09-30 05:03:11,千葉県
送迎ドライバー新着,医療法人社団豊寿会,千葉県,"時給1,195円～1,300円",アルバイト・パート,介護,求人ボックス,https://xn--pckua2a7gp15o89zb.com/jb/b1628dbb4f24513d5f5fd83947dffedf,True,18時間前,2026-09-30 05:03:13,千葉県
OA事務／オフィススタッフ／充実の研修で安心スタート!／未経験でも安心新着,介護職,千葉県,月給21万500円,正社員,介護,求人ボックス,https://xn--pckua2a7gp15o89zb.com/jbn/144e4095cc5374d34e5370e22680e893,True,2時間前,2026-09-30 05:03:13,千葉県
清掃スタッフ／未経験OK!無資格OK!ブランクある方も歓迎新着,株式会社ルフト・メディカルケア,千葉県,"時給1,500円",派遣社員,介護,求人ボックス,https://xn--pckua2a7gp15o89zb.com/jb/8ca9fab40efc3d0f0df04b6859e9be1d,True,22時間前,2026-09-30 05:03:13,千葉県
調剤薬局での医療事務／経験者可能／フリーター可／通勤手当支給あり新着,医療事務,千葉県,"月給19万7,800円",正社員,医療事務,求人ボックス,https://xn--pckua2a7gp15o89zb.com/jbn/392aa0ee44d90445c588986bcf3965b9,True,2時間前,2026-09-30 05:02:46,千葉県
クリニックでの医療事務新着,医療法人社団亀田会 亀田IVFクリニック幕張,千葉県,"月給20万7,750円",正社員,医療事務,求人ボックス,https://xn--pckua2a7gp15o89zb.com/jb/df8a1c4bdc3b44b4edd17be8d2c48842,True,11時間前,2026-09-30 05:02:46,千葉県
内科、小児科、耳鼻科・消化器内科クリニックの受付・医療事務新着,医療法人社団宏生会クリニック柏の葉,千葉県,"時給1,250円～1,500円",アルバイト・パート,医療事務,求人ボックス,https://xn--pckua2a7gp15o89zb.com/jb/2aca724aa36965355a539522c713943c,True,5時間前,2026-09-30 05:02:46,千葉県
内科クリニックでの医療事務新着,磯内科クリニック,千葉県,"時給1,300円～1,700円",アルバイト・パート,医療事務,求人ボックス,https://xn--pckua2a7gp15o89zb.com/jb/c4cb0bbe1bcd64360ba5889d717c3a19,True,11時間前,2026-09-30 05:02:46,千葉県
受付・医療事務・眼科検査助手新着,北川眼科クリニックふたわ,千葉県,"時給1,250円～",アルバイト・パート,医療事務,求人ボックス,https://xn--pckua2a7gp15o89zb.com/jb/8142c16f802d0ced86d0736e261507ad,True,21時間前,2026-09-30 05:02:46,千葉県
医療事務募集新着,小児科・皮膚科こまつざき医院,千葉県,月給18万円～,正社員,医療事務,求人ボックス,https://xn--pckua2a7gp15o89zb.com/jb/5b20552e6b3768ad72400e6065dcaf63,True,7時間前,2026-09-30 05:02:47,千葉県
医療事務スタッフ新着,花井クリニック,千葉県,月給25万円～30万円,正社員,医療事務,求人ボックス,https://xn--pckua2a7gp15o89zb.com/jb/017f98b68a4029667c5e99ad162a2da2,True,23時間前,2026-09-30 05:02:47,千葉県
レセプト担当・社会保険完備の職場で医療事務／受付新着,医療法人川崎病院,千葉県,"月給19万9,500円",契約社員,医療事務,求人ボックス,https://xn--pckua2a7gp15o89zb.com/jb/b33110798ad4056da4d456a3bb7670c3,True,7時間前,2026-09-30 05:02:47,千葉県
医療事務募集新着,まつうら眼科,千葉県,"時給1,200円～1,500円",アルバイト・パート,医療事務,求人ボックス,https://xn--pckua2a7gp15o89zb.com/jb/de5c418681114f6e0ca5330f4851c74f,True,7時間前,2026-09-30 05:02:47,千葉県
健診事務・社会保険完備の職場で医療事務／受付新着,医療法人社団桐和会 勝田台病院,千葉県,"月給27万4,648円",正社員,医療事務,求人ボックス,https://xn--pckua2a7gp15o89zb.com/jb/2bba8f1eca2b9a89f91afcedef0c596c,True,7時間前,2026-09-30 05:02:47,千葉県
人気の医療事務／クリニックの受付新着,株式会社シグマスタッフ,千葉県,"時給1,400円～",派遣社員,医療事務,求人ボックス,https://xn--pckua2a7gp15o89zb.com/jb/bbd7ebcf5147472d130e363757b822be,True,16時間前,2026-09-30 05:02:51,千葉県
医療事務新着,千葉こどもとおとなの整形外科,千葉県,"月給18万7,000円",正社員,医療事務,求人ボックス,https://xn--pckua2a7gp15o89zb.com/jb/5375154de2ff510b6251a3d371dc92c6,True,5時間前,2026-09-30 05:02:51,千葉県
調剤薬局の調剤事務／経験歓迎／時間外手当支給あり新着,株式会社スギ薬局,千葉県,"月給20万3,400円",正社員,医療事務,求人ボックス,https://xn--pckua2a7gp15o89zb.com/jbn/7fec83f0d30025dfc769d0bda49e1e2e,True,2時間前,2026-09-30 05:02:51,千葉県
総務事務・資格不問「正社員／土日祝休み／年間休日120日／服装自由／ネイルOK」未経験歓迎新着,医療事務,千葉県,"月給19万3,400円",正社員,医療事務,求人ボックス,https://xn--pckua2a7gp15o89zb.com/jbn/fcacb7d1bbdfc6117d28e82483da2d8a,True,12時間前,2026-09-30 05:02:51,千葉県
データ入力事務・資格不問「正社員／土日祝休み／年間休日120日／ネイルOK」未経験歓迎新着,事務,千葉県,"月給19万4,400円",正社員,医療事務,求人ボックス,https://xn--pckua2a7gp15o89zb.com/jbn/a930e6d75437905cf4ed8c8aeca70faa,True,13時間前,2026-09-30 05:02:51,千葉県
受付事務・資格不問「正社員／土日祝休み／年間休日120日／服装自由／ネイルOK」未経験歓迎新着,医療事務,千葉県,"月給19万4,000円",正社員,医療事務,求人ボックス,https://xn--pckua2a7gp15o89zb.com/jbn/e95e6fbaa705e92d78a4f1769b9e82f2,True,12時間前,2026-09-30 05:02:51,千葉県
総務事務／「正社員・土日祝休み・ネイルOK・残業なし・年間休日120日」未経験OK新着,医療事務,千葉県,"月給19万3,700円",正社員,医療事務,求人ボックス,https://xn--pckua2a7gp15o89zb.com/jbn/74fe4e411bb2a6d1751c176126d47cbc,True,12時間前,2026-09-30 05:02:55,千葉県
庶務事務・資格不問「正社員／土日祝休み／年間休日120日／服装自由／ネイルOK」未経験歓迎新着,医療事務,千葉県,"月給18万6,100円",正社員,医療事務,求人ボックス,https://xn--pckua2a7gp15o89zb.com/jbn/2096e7431218d985882d31c539047412,True,12時間前,2026-09-30 05:02:55,千葉県
庶務事務／「正社員・土日祝休み・ネイルOK・残業なし・年間休日120日」未経験OK新着,医療事務,千葉県,"月給19万8,900円",正社員,医療事務,求人ボックス,https://xn--pckua2a7gp15o89zb.com/jbn/09eba2eeaafd3ef7f1985f8daf252e57,True,12時間前,2026-09-30 05:02:55,千葉県
一般事務・資格不問「正社員／土日祝休み／年間休日120日／服装自由／ネイルOK」未経験歓迎新着,医療事務,千葉県,"月給19万6,000円",正社員,医療事務,求人ボックス,https://xn--pckua2a7gp15o89zb.com/jbn/f9a77e44365beeec6fa57aa3c21ae284,True,13時間前,2026-09-30 05:02:55,千葉県
一般事務／「正社員・土日祝休み・ネイルOK・残業なし・年間休日120日」未経験OK新着,医療事務,千葉県,"月給19万5,600円",正社員,医療事務,求人ボックス,https://xn--pckua2a7gp15o89zb.com/jbn/c6d554be9c3484b0c0967fb3cc9e2a3f,True,13時間前,2026-09-30 05:02:55,千葉県
データ入力事務／「正社員・土日祝休み・残業なし・年間休日120日」未経験OK新着,事務,千葉県,"月給19万5,500円",正社員,医療事務,求人ボックス,https://xn--pckua2a7gp15o89zb.com/jbn/22491f8d2d3574e804b7c938e7ff9125,True,13時間前,2026-09-30 05:02:55,千葉県
受付事務／「正社員・土日祝休み・ネイルOK・残業なし・年間休日120日」未経験OK新着,医療事務,千葉県,"月給19万5,000円",正社員,医療事務,求人ボックス,https://xn--pckua2a7gp15o89zb.com/jbn/8ab775c859fdcc205b63d2d2240f1c22,True,13時間前,2026-09-30 05:02:55,千葉県
事務・受付スタッフ／充実の研修で安心スタート!／採用強化中／事務アシスタント新着,<充実のプライベート>土日祝休みの完全週休2日制(年間休日125日以上)!ネイルOK・服装自由でオシャレも我慢しなくてOK。一般,千葉県,月給21万500円,正社員,医療事務,求人ボックス,https://xn--pckua2a7gp15o89zb.com/jbn/8d178ce5e5f2c2716d6cc223d2c1a7a0,True,2時間前,2026-09-30 05:02:58,千葉県
受付・データ入力スタッフ／充実の研修で安心スタート!／残業なし／完全週休2日制新着,事務,千葉県,月給21万500円,正社員,医療事務,求人ボックス,https://xn--pckua2a7gp15o89zb.com/jbn/f6278d76bb9e743405d9894b3148ef51,True,2時間前,2026-09-30 05:02:58,千葉県
「プライベート充実」／OA事務／学歴不問／ワークライフバランス充実「正社員」新着,事務,千葉県,月給21万500円,正社員,医療事務,求人ボックス,https://xn--pckua2a7gp15o89zb.com/jbn/c6d98c0b388eff1e4bbb905324408538,True,2時間前,2026-09-30 05:02:58,千葉県
OA事務／充実の研修で安心スタート!／ブランクOK／経験者優遇／交通費全額支給新着,事務,千葉県,月給21万500円,正社員,医療事務,求人ボックス,https://xn--pckua2a7gp15o89zb.com/jbn/d66ff0f1a76eaefe54d66dc7edc24001,True,2時間前,2026-09-30 05:02:58,千葉県
ニホンドウ漢方ブティックの登録販売者／賞与あり／産前産後休暇あり／シフト制／通勤手当新着,薬日本堂株式会社,千葉県,"月給20万5,000円",正社員,医療事務,求人ボックス,https://xn--pckua2a7gp15o89zb.com/jbn/4fbff18ae9ef8251663305779c94f202,True,1時間前,2026-09-30 05:03:02,千葉県
IT事務／未経験でも安心／オシャレ自由／充実の研修で安心スタート!／駅チカ新着,一般,千葉県,月給21万500円,正社員,医療事務,求人ボックス,https://xn--pckua2a7gp15o89zb.com/jbn/e341ce5b6c27fa6a7f95650dc2e4fdcc,True,2時間前,2026-09-30 05:03:02,千葉県
ITサポート事務／ブランクOK／充実の研修で安心スタート!／ネイルOK新着,事務,千葉県,月給21万500円,正社員,医療事務,求人ボックス,https://xn--pckua2a7gp15o89zb.com/jbn/442f45855d075308a51250d87f24dfb7,True,3時間前,2026-09-30 05:03:02,千葉県
事務・受付スタッフ／充実の研修で安心スタート!／交通費全額支給／経験者優遇新着,事務,千葉県,月給21万500円,正社員,医療事務,求人ボックス,https://xn--pckua2a7gp15o89zb.com/jbn/fee05797bceac7efed658ceb5e871d2f,True,2時間前,2026-09-30 05:03:02,千葉県
「高収入」／IT事務／ブランクOK／WEB面接可能／バックオフィススタッフ新着,事務,千葉県,月給21万500円,正社員,医療事務,求人ボックス,https://xn--pckua2a7gp15o89zb.com/jbn/3e42c2ecc7c037adbfbe4c731b610eba,True,3時間前,2026-09-30 05:03:02,千葉県
OA事務／駅徒歩5分／未経験でも安心／土日祝休み／マニュアル完備／オシャレ自由新着,事務,千葉県,月給21万500円,正社員,医療事務,求人ボックス,https://xn--pckua2a7gp15o89zb.com/jbn/e2077e9cd35b6bb7c3de7fdb059c2e34,True,3時間前,2026-09-30 05:03:02,千葉県
「未経験歓迎」／総務事務／ブランクOK／ワークライフバランス充実「正社員」新着,事務,千葉県,月給21万500円,正社員,医療事務,求人ボックス,https://xn--pckua2a7gp15o89zb.com/jbn/e83094c8301e2c6683efbd3b410f35bb,True,2時間前,2026-09-30 05:03:06,千葉県
ドラッグストアでの登録販売者／経験可能／フリーター／社会保険完備／シフト制新着,クリニック受付・,千葉県,"月給21万1,700円",正社員,医療事務,求人ボックス,https://xn--pckua2a7gp15o89zb.com/jbn/0f810d96f06d65fcf230ec270a0e50f0,True,2時間前,2026-09-30 05:03:06,千葉県
データ入力事務／未経験でも安心／デスクワーク／ワークライフバランス充実新着,一般,千葉県,月給21万500円,正社員,医療事務,求人ボックス,https://xn--pckua2a7gp15o89zb.com/jbn/9d595297e63731e571c4242403e58d59,True,3時間前,2026-09-30 05:03:06,千葉県
ドラッグストアでの登録販売者／経験歓迎／フリーターOK／資格手当あり／シフト制／有給休暇新着,クリニック受付・,千葉県,年収240万円～450万円,正社員,医療事務,求人ボックス,https://xn--pckua2a7gp15o89zb.com/jbn/3e61497337ae9c968e7a8aef2907dcaa,True,2時間前,2026-09-30 05:03:06,千葉県
事務・受付スタッフ／充実の研修で安心スタート!／受付・データ入力スタッフ新着,事務,千葉県,月給21万500円,正社員,医療事務,求人ボックス,https://xn--pckua2a7gp15o89zb.com/jbn/edb12cde26a187d3930424ad79f5dfa7,True,2時間前,2026-09-30 05:03:06,千葉県
ITサポート事務／高収入／充実の研修で安心スタート!／データ入力・事務新着,事務,千葉県,月給21万500円,正社員,医療事務,求人ボックス,https://xn--pckua2a7gp15o89zb.com/jbn/59035c0525dae981a3163441c5c1f472,True,3時間前,2026-09-30 05:03:06,千葉県
「残業少なめ」／営業サポート事務／データ管理／産休・育休あり「正社員」新着,事務,千葉県,月給21万500円,正社員,医療事務,求人ボックス,https://xn--pckua2a7gp15o89zb.com/jbn/9fa3f7088e9f2a0aec0991f631202d84,True,1時間前,2026-09-30 05:03:10,千葉県
ドラッグストアでの登録販売者／経験者OK／フリーター／社会保険完備／シフト制新着,クリニック受付・,千葉県,"月給21万1,700円",正社員,医療事務,求人ボックス,https://xn--pckua2a7gp15o89zb.com/jbn/b3be75ffb07352fe10c09f1214268474,True,2時間前,2026-09-30 05:03:10,千葉県
営業サポート事務／充実の研修で安心スタート!／ワークライフバランス充実／完全週休2日制新着,完全未経験からスタートできる,千葉県,月給21万500円,正社員,医療事務,求人ボックス,https://xn--pckua2a7gp15o89zb.com/jbn/3c861e10fcc22518ee644c2b2ca680df,True,2時間前,2026-09-30 05:03:10,千葉県
ドラッグストアでの登録販売者／経験OK／フリーターOK／社会保険完備／シフト制新着,クリニック受付・,千葉県,"月給21万1,700円",正社員,医療事務,求人ボックス,https://xn--pckua2a7gp15o89zb.com/jbn/2d417fe7a1fc17d73287d4e8157d8879,True,2時間前,2026-09-30 05:03:10,千葉県
総務事務／充実の研修で安心スタート!／ブランクOK／若手活躍中／WEB面接可能新着,事務,千葉県,月給21万500円,正社員,医療事務,求人ボックス,https://xn--pckua2a7gp15o89zb.com/jbn/2bdc8a47fdddb3bd5bdb798ccd9388d3,True,2時間前,2026-09-30 05:03:10,千葉県
「未経験歓迎」／IT事務／社会保険完備／ワークライフバランス充実「正社員」新着,事務,千葉県,月給21万500円,正社員,医療事務,求人ボックス,https://xn--pckua2a7gp15o89zb.com/jbn/06a0bad6ddf596344c92629af68c5079,True,2時間前,2026-09-30 05:03:10,千葉県
ドラッグストアでの登録販売者／経験歓迎／フリーターOK／交通費支給あり／昇給あり／シフト制新着,株式会社セキ薬品,千葉県,"月給19万5,000円",正社員,医療事務,求人ボックス,https://xn--pckua2a7gp15o89zb.com/jbn/97faf0388489e76f5f75148ee2c6dd65,True,2時間前,2026-09-30 05:03:10,千葉県
一般事務・20代活躍中・完全週休2日制新着,株式会社enrich technology,千葉県,"月給26万7,400円",正社員,医療事務,求人ボックス,https://xn--pckua2a7gp15o89zb.com/jbn/f80eec20f2100a2245f08984dd457a77,True,9時間前,2026-09-30 05:03:12,千葉県
OA事務／充実の研修で安心スタート!／マニュアル完備／ブランクOK／事務スタッフ新着,事務,千葉県,月給21万500円,正社員,医療事務,求人ボックス,https://xn--pckua2a7gp15o89zb.com/jbn/30fe233206df6bffce559f61dd77c1cf,True,2時間前,2026-09-30 05:03:12,千葉県
ドラッグストアでの登録販売者／経験者OK／フリーター／週休2日制／シフト制／有給休暇制度あり新着,クリニック受付・,千葉県,"月給22万5,000円",正社員,医療事務,求人ボックス,https://xn--pckua2a7gp15o89zb.com/jbn/561bbb22a30ba6e6491793fc0ea24bcd,True,2時間前,2026-09-30 05:03:12,千葉県
営業事務／充実の研修で安心スタート!／駅チカ／年間休日125日／高収入新着,安定した環境で長く働ける,千葉県,月給21万500円,正社員,医療事務,求人ボックス,https://xn--pckua2a7gp15o89zb.com/jbn/c9ac9b8274951fde16cdce5e32b0543e,True,2時間前,2026-09-30 05:03:12,千葉県
ITサポート事務／充実の研修で安心スタート!／未経験でも安心／高収入／駅チカ新着,事務,千葉県,月給21万500円,正社員,医療事務,求人ボックス,https://xn--pckua2a7gp15o89zb.com/jbn/10524207b2077af789c884061965b905,True,2時間前,2026-09-30 05:03:12,千葉県
ドラッグストアでの登録販売者／経験者OK／フリーター／資格手当あり／シフト制／有給休暇あり新着,クリニック受付・,千葉県,年収240万円～450万円,正社員,医療事務,求人ボックス,https://xn--pckua2a7gp15o89zb.com/jbn/16f47a875de5a7296d9d0cdd2d682e9e,True,2時間前,2026-09-30 05:03:12,千葉県
「高収入」／IT事務／土日祝休み／充実の研修で安心スタート!／事務職新着,事務,千葉県,月給21万500円,正社員,医療事務,求人ボックス,https://xn--pckua2a7gp15o89zb.com/jbn/9807f43d7a2d19bc7a44571b59e242b1,True,3時間前,2026-09-30 05:03:12,千葉県
ITサポート事務／充実の研修で安心スタート!／未経験でも安心／経験不問新着,事務,千葉県,月給21万500円,正社員,医療事務,求人ボックス,https://xn--pckua2a7gp15o89zb.com/jbn/59547fcca3d24d642aeb556e2a6d1aac,True,2時間前,2026-09-30 05:03:16,千葉県
サクッと始めてすぐ慣れる!メリハリつけて働ける／営業事務／年間休日125日以上新着,株式会社ELシステム,千葉県,"月給25万8,100円",正社員,医療事務,求人ボックス,https://xn--pckua2a7gp15o89zb.com/jbn/f7e1de2cec0617d7d0ad0a3c4241736a,True,9時間前,2026-09-30 05:03:16,千葉県
一般事務・PC入力できればOK・サポート体制充実・育休あり・船橋市本町1丁目新着,株式会社alBee,千葉県,"月給25万2,800円",正社員,医療事務,求人ボックス,https://xn--pckua2a7gp15o89zb.com/jbn/4b30526bdb4d8316e6a682bf268da72f,True,9時間前,2026-09-30 05:03:16,千葉県
ピアス・ひげOK／個性を消さずに働ける一般事務スタッフ新着,事務,千葉県,月給23万円～50万円,正社員,医療事務,求人ボックス,https://xn--pckua2a7gp15o89zb.com/jbn/3f5babe5c4ee7327fb2b0ada00ef6376,True,2時間前,2026-09-30 05:03:16,千葉県
「高収入」／IT事務／完全週休2日制／充実の研修で安心スタート!／受付・データ入力スタッフ新着,事務,千葉県,月給21万500円,正社員,医療事務,求人ボックス,https://xn--pckua2a7gp15o89zb.com/jbn/d21fa237de41dbbecfd8d34e830387f9,True,2時間前,2026-09-30 05:03:16,千葉県
データ入力事務／完全週休2日制／充実の研修で安心スタート!／産休・育休あり新着,事務,千葉県,月給21万500円,正社員,医療事務,求人ボックス,https://xn--pckua2a7gp15o89zb.com/jbn/2b0b710bd3ab5c358a14f50388b5194b,True,2時間前,2026-09-30 05:03:16,千葉県
ITサポート事務／充実の研修で安心スタート!／未経験でも安心／高収入／土日祝休み新着,事務,千葉県,月給21万500円,正社員,医療事務,求人ボックス,https://xn--pckua2a7gp15o89zb.com/jbn/d7e682dc1d484ae4aff444ec9e61b92a,True,2時間前,2026-09-30 05:03:16,千葉県
自然を楽しめるパート勤務 保育士有資格者募集新着,株式会社のびのびハウス,千葉県,"時給1,297円",アルバイト・パート,保育,求人ボックス,https://xn--pckua2a7gp15o89zb.com/jb/c9d013061fc066fff2be174cb0211a6b,True,12時間前,2026-09-30 05:02:53,千葉県
保育士／千葉市花見川区幕張本郷の認可保育園／JR総武線「幕張本郷駅」徒...新着,セントスタッフ東京支店,千葉県,月給23万円～30万円,正社員,保育,求人ボックス,https://xn--pckua2a7gp15o89zb.com/jb/fe91b9758edd301190c297da4030d9bf,True,6時間前,2026-09-30 05:02:53,千葉県
保育園の保育士／家庭との両立応援!充実の福利厚生で安定勤務新着,株式会社ゼフィロス,千葉県,"時給1,600円～1,900円",派遣社員,保育,求人ボックス,https://xn--pckua2a7gp15o89zb.com/jb/7cda5081859781fe49133e0880c2f70e,True,11時間前,2026-09-30 05:02:54,千葉県
認可保育園 トラベル保育士さん募集市川・浦安市エリア 南行徳園新着,SOUキッズケア株式会社,千葉県,"月給25万1,000円",正社員,保育,求人ボックス,https://xn--pckua2a7gp15o89zb.com/jb/13d484d330c03ce221538e94885d7ce1,True,10時間前,2026-09-30 05:02:57,千葉県
放課後デイサービスでの保育士新着,社会福祉法人希望会 放課後等デイサービス きぼう,千葉県,月給23万円～,正社員,保育,求人ボックス,https://xn--pckua2a7gp15o89zb.com/jb/ec812fd29a5d6385e22ca1894f1eeb5e,True,10時間前,2026-09-30 05:02:57,千葉県
保育士新着,株式会社カナデル,千葉県,月給25万円～,正社員,保育,求人ボックス,https://xn--pckua2a7gp15o89zb.com/jb/b416cd8cadb264bb8886b1f2c65b0a79,True,20時間前,2026-09-30 05:03:00,千葉県
保育士募集・ボーナス・賞与あり新着,障害児専用ショートステイ市原あおばだい,千葉県,"時給1,300円～",アルバイト・パート,保育,求人ボックス,https://xn--pckua2a7gp15o89zb.com/jb/bfd85af76ee5a639253b555589a53a60,True,7時間前,2026-09-30 05:03:00,千葉県
社会保険完備の職場で保育士新着,あそびのてんさい五香東保育園,千葉県,"時給1,280円～1,500円",アルバイト・パート,保育,求人ボックス,https://xn--pckua2a7gp15o89zb.com/jb/fe96ca6d8b81d49b2c99147a2ce146bd,True,7時間前,2026-09-30 05:03:04,千葉県
社会保険完備の職場で保育士新着,放課後等デイサービス キラミラシャトーリッチ店,千葉県,"時給1,300円～1,600円",アルバイト・パート,保育,求人ボックス,https://xn--pckua2a7gp15o89zb.com/jb/b473357f13e2b3cdb943829b1b8fe743,True,7時間前,2026-09-30 05:03:04,千葉県
保育士／市川駅徒歩5分／1日6時間～OK!／乳児のみをお預かりしている...新着,株式会社アスカ,千葉県,"時給1,500円～1,700円",派遣社員,保育,求人ボックス,https://xn--pckua2a7gp15o89zb.com/jb/1740d48f3ca0a4b27e9a29775b6941fe,True,13時間前,2026-09-30 05:03:07,千葉県
社会保険完備の職場で保育士新着,しあわせいっぱい保育園 四街道,千葉県,"時給1,300円～1,500円",アルバイト・パート,保育,求人ボックス,https://xn--pckua2a7gp15o89zb.com/jb/3cb27a6738d2dba11a2f8192188fab8f,True,7時間前,2026-09-30 05:03:07,千葉県
保育士募集・ボーナス・賞与あり新着,児童発達支援つぼみ,千葉県,"時給1,230円～",アルバイト・パート,保育,求人ボックス,https://xn--pckua2a7gp15o89zb.com/jb/504e6970e261912d208fae0d0682b4d0,True,7時間前,2026-09-30 05:03:09,千葉県
保育士募集・ボーナス・賞与あり新着,児童発達支援・放課後等デイサービス Secure...,千葉県,月給24万円～28万円,正社員,保育,求人ボックス,https://xn--pckua2a7gp15o89zb.com/jb/cd75980376e362425326942c9d600094,True,7時間前,2026-09-30 05:03:12,千葉県
新規オープンの事業所で働きたい保育士新着,児童発達支援 すてっぷあっぷ,千葉県,"時給1,200円～1,500円",アルバイト・パート,保育,求人ボックス,https://xn--pckua2a7gp15o89zb.com/jb/a6ee09d797eaac6e066c90d6d9bc582c,True,7時間前,2026-09-30 05:03:12,千葉県
社会保険完備の職場で保育士新着,新八千代病院,千葉県,"時給1,239円～",アルバイト・パート,保育,求人ボックス,https://xn--pckua2a7gp15o89zb.com/jb/0e53695b157b3c49e74065da89b48021,True,7時間前,2026-09-30 05:03:12,千葉県
保育士・保育士募集・ボーナス・賞与あり新着,Pole Pole Base,千葉県,"月給22万2,000円",正社員,保育,求人ボックス,https://xn--pckua2a7gp15o89zb.com/jb/5c7ee5fdce4270b7697430096bb8a054,True,7時間前,2026-09-30 05:03:12,千葉県
保育士募集・ボーナス・賞与あり新着,オハナみらいキッズサポート流山,千葉県,月給24万円～,正社員,保育,求人ボックス,https://xn--pckua2a7gp15o89zb.com/jb/2e31865c6238870a6f82b113153150ec,True,7時間前,2026-09-30 05:03:15,千葉県
認可保育園の施設長・保育士募集・ボーナス・賞与あり新着,みつぼしルーム塚田,千葉県,"月給36万3,000円",正社員,保育,求人ボックス,https://xn--pckua2a7gp15o89zb.com/jb/cefc8b3a52626eb4037e8ae7b2c7894d,True,7時間前,2026-09-30 05:03:15,千葉県
保育士 短期・期間限定／ぽっぽランドちば新着,ライクキッズ株式会社,千葉県,"時給1,500円",アルバイト・パート,保育,求人ボックス,https://xn--pckua2a7gp15o89zb.com/jb/c4db574fe1dda7f354bbe2ac50df532f,True,12時間前,2026-09-30 05:03:15,千葉県
保育士新着,保育士,千葉県,月給22万円～24万円,契約社員,保育,求人ボックス,https://xn--pckua2a7gp15o89zb.com/jb/779afcf8de99b34d4eb96b53278c465e,True,13時間前,2026-09-30 05:03:19,千葉県
保育士／経験者優遇 働きやすさ抜群／賞与4.20ヶ月分 年間休日110...新着,国府台保育園,千葉県,"月給26万3,100円",正社員,保育,求人ボックス,https://xn--pckua2a7gp15o89zb.com/jb/4a542373cd5c841c0b6c3612e1bfd2f9,True,23時間前,2026-09-30 05:03:19,千葉県
保育士 ヒューマンアカデミーG／充実の福利厚生／年休120日新着,ヒューマンアカデミー株式会社,千葉県,年収410万円,正社員,保育,求人ボックス,https://xn--pckua2a7gp15o89zb.com/jb/faa0e1f0cb4178d67a378058d2bcef3e,True,9時間前,2026-09-30 05:03:19,千葉県
集団療育の保育士新着,こぱんはうすさくら 千葉成田教室,千葉県,"時給1,350円～",アルバイト・パート,保育,求人ボックス,https://xn--pckua2a7gp15o89zb.com/jb/53cd913d1c117c6096c0f751a99506d8,True,11時間前,2026-09-30 05:03:19,千葉県
児童指導員／実務未経験歓迎・月給27万円～／療育プログラム企画新着,<下記のいずれかに当てはまる方> 教員免許(幼・小・中・高のいずれか)を保有,千葉県,月給27万円～,正社員,保育,求人ボックス,https://xn--pckua2a7gp15o89zb.com/jbn/294baf418e486f75026e6426234f7e7a,True,16時間前,2026-09-30 05:03:19,千葉県
「ノルマ・歩合制なし、営業トークは必要なしの美容師募集」／地域手当あり新着,QBハウス西友常盤平,千葉県,月給30万円～47万,正社員,美容,求人ボックス,https://xn--pckua2a7gp15o89zb.com/jbn/7a77c35bac527a5254557660516f6ae8,True,2時間前,2026-09-30 05:03:16,千葉県
「ブランクありでも復職できる美容師はここ!」／大手で叶う安定収入新着,QBハウスイオンモール八千代緑が丘,千葉県,月給30万円～47万,正社員,美容,求人ボックス,https://xn--pckua2a7gp15o89zb.com/jbn/6cae57d201f80f957edb4e631bf3fe05,True,2時間前,2026-09-30 05:03:16,千葉県
「集客業務なし、お客様対応に集中できる環境／美容師」／歩合制なし新着,QBハウスイオン市川妙典,千葉県,月給30万円～47万,正社員,美容,求人ボックス,https://xn--pckua2a7gp15o89zb.com/jbn/49185f109e8152156712f7603b5e62d8,True,2時間前,2026-09-30 05:03:16,千葉県
「歩合制なし・安定した収入が得られる美容師」／長期休暇可能新着,QBハウスららぽーと柏の葉,千葉県,月給30万円～47万,正社員,美容,求人ボックス,https://xn--pckua2a7gp15o89zb.com/jbn/02690123f22c22a5109686581f7df102,True,2時間前,2026-09-30 05:03:16,千葉県
「東証プライム上場企業で安定収入の美容師」／カラーなし／歩合制なし新着,QBハウスベイシア市原八幡,千葉県,月給30万円～47万,正社員,美容,求人ボックス,https://xn--pckua2a7gp15o89zb.com/jbn/ca74af4adc764150ad007c98668e4cf4,True,2時間前,2026-09-30 05:03:16,千葉県
「歩合制なしで安定した収入が得られる美容師」／ノルマ無し／月3日希望休...新着,QBハウスアクロスモール新鎌ヶ谷,千葉県,月給30万円～47万,正社員,美容,求人ボックス,https://xn--pckua2a7gp15o89zb.com/jbn/9cf742841a1d19ac86d81c69ddcca54c,True,2時間前,2026-09-30 05:03:16,千葉県
スタイリスト／美容師有給消化率91%!プライベートも充実、キャリアアッ...新着,株式会社ハクブン,千葉県,月給22万円～40万円,正社員,美容,求人ボックス,https://xn--pckua2a7gp15o89zb.com/jb/fab073b37d6e6c412e3ed51fc36e47c7,True,7時間前,2026-09-30 05:03:16,千葉県
「カットのみの美容室で一緒に働こう」／経験者歓迎／昇給あり／歩合制なし／安定企業新着,QBハウスシャポー市川,千葉県,月給30万円～47万,正社員,美容,求人ボックス,https://xn--pckua2a7gp15o89zb.com/jbn/e4208a3e10de63f8f7dc2c290dd769f5,True,2時間前,2026-09-30 05:03:16,千葉県
月給30万～／未経験採用枠／研修充実／Tiktok運用エンジニア新着,ナナイロモバイル株式会社,千葉県,月給30万～,正社員,美容,求人ボックス,https://xn--pckua2a7gp15o89zb.com/jbn/545658deb5dc79136966549003fae477,True,11時間前,2026-09-30 05:03:16,千葉県
「新生活デビュー応援!」未経験採用枠／カプセルトイ製造オペレーター／年間休日125日以上新着,AQUARIUS株式会社,千葉県,月給28万円～50万円,正社員,美容,求人ボックス,https://xn--pckua2a7gp15o89zb.com/jbn/d0957089303530eecccd734d3db0f2f2,True,12時間前,2026-09-30 05:03:16,千葉県
「まだ間に合う!」未経験採用枠／ガチャガチャ製造／年間休日125日以上新着,株式会社小林,千葉県,月給28万円～50万円,正社員,美容,求人ボックス,https://xn--pckua2a7gp15o89zb.com/jbn/90ce6ae505455e1292598594887b5025,True,11時間前,2026-09-30 05:03:16,千葉県
「まだ間に合う!」未経験採用枠／カプセルトイ製造オペレーター／研修充実新着,株式会社RIOT GROUP,千葉県,月給28万円～50万円,正社員,美容,求人ボックス,https://xn--pckua2a7gp15o89zb.com/jbn/42525fb38886228c49217c7f8bcda289,True,11時間前,2026-09-30 05:03:16,千葉県
「まだ間に合う!」未経験採用枠／カプセルトイ製造オペレーター／年間休日125日以上新着,Yts株式会社,千葉県,月給28万円～50万円,正社員,美容,求人ボックス,https://xn--pckua2a7gp15o89zb.com/jbn/8962f97dd284c2b4bf70b2422fdb73f0,True,11時間前,2026-09-30 05:03:16,千葉県
「転勤なし」／事務・受付スタッフ／交通費全額支給／ボーナスあり「正社員」新着,...チームメンバーのサポートにやりがいを感じる ワークライフバランスを整えたい接客・販売・飲食などのサービス業からオフィスワークへ切り替えたい方に最適!PCに触れる機会が少なかった元アパレルスタッフ,千葉県,月給21万500円,正社員,美容,求人ボックス,https://xn--pckua2a7gp15o89zb.com/jbn/c210e3af938eb628a76918f206d22fb8,True,1時間前,2026-09-30 05:03:23,千葉県
「新生活デビュー応援!」未経験採用枠／ガチャガチャ製造／寮・社宅・家賃補助あり新着,株式会社RIOT,千葉県,月給28万円～50万円,正社員,美容,求人ボックス,https://xn--pckua2a7gp15o89zb.com/jbn/275d1e0604ce71f5f7b53ff804caec53,True,12時間前,2026-09-30 05:03:23,千葉県
フルリモート／未経験可／データ入力／年休125日以上新着,職種・業界未経験歓迎→大体の方が未経験からスタートしてます! 前職は様々→飲食店、,千葉県,"月給24万1,200円",正社員,美容,求人ボックス,https://xn--pckua2a7gp15o89zb.com/jbn/43ea7bc415ebbcbe850a90c5531c0022,True,12時間前,2026-09-30 05:03:23,千葉県
「まだ間に合う!」未経験採用枠／エンジニア／昇給年2回新着,株式会社alBee,千葉県,"月給23万5,000円",正社員,美容,求人ボックス,https://xn--pckua2a7gp15o89zb.com/jbn/35f08fc2ee8b752b283c26b8dfffde6c,True,11時間前,2026-09-30 05:03:23,千葉県
フルリモート／未経験可／一般事務／年休125日以上新着,職種・業界未経験歓迎→大体の方が未経験からスタートしてます! 前職は様々→飲食店、,千葉県,"月給23万1,700円",正社員,美容,求人ボックス,https://xn--pckua2a7gp15o89zb.com/jbn/0b8e02909b4797199ac77ca2d1385e7c,True,11時間前,2026-09-30 05:03:23,千葉県
フルリモート／事務／高収入／フレックス出社可新着,飲食店、,千葉県,"月給27万1,100円",正社員,美容,求人ボックス,https://xn--pckua2a7gp15o89zb.com/jbn/ea0064bf4c227caaa4283217ea5c8c77,True,11時間前,2026-09-30 05:03:23,千葉県
在宅勤務／事務／高収入／フレックス出社可新着,飲食店、,千葉県,月給27万600円,正社員,美容,求人ボックス,https://xn--pckua2a7gp15o89zb.com/jbn/3631deb666afde5d3e9b7d19d9f90dc7,True,12時間前,2026-09-30 05:03:25,千葉県
在宅勤務／データ入力／高収入／完全土日休み新着,飲食店、,千葉県,"月給27万1,000円",正社員,美容,求人ボックス,https://xn--pckua2a7gp15o89zb.com/jbn/1e8283cee6e50ed74831132db902d1e4,True,12時間前,2026-09-30 05:03:25,千葉県
リモート勤務／データ入力／高収入／完全週休2日新着,飲食店、,千葉県,"月給27万3,900円",正社員,美容,求人ボックス,https://xn--pckua2a7gp15o89zb.com/jbn/51c38b19f3b1a1527965bd43b198e5d8,True,11時間前,2026-09-30 05:03:25,千葉県
完全在宅／一般事務／未経験OK／年間休日123日新着,飲食店、,千葉県,月給27万400円,正社員,美容,求人ボックス,https://xn--pckua2a7gp15o89zb.com/jbn/9a58534fae61cfc22cf223a92c13109d,True,12時間前,2026-09-30 05:03:25,千葉県
完全在宅／一般事務／高収入／年間休日123日新着,飲食店、,千葉県,"月給27万3,600円",正社員,美容,求人ボックス,https://xn--pckua2a7gp15o89zb.com/jbn/c856d3b73d489a78d9180bffeabdd369,True,11時間前,2026-09-30 05:03:25,千葉県
在宅勤務／一般事務／未経験OK／年間休日123日新着,飲食店、,千葉県,"月給27万2,900円",正社員,美容,求人ボックス,https://xn--pckua2a7gp15o89zb.com/jbn/17a3aec84deffbf74a949dd6b2ac07d9,True,12時間前,2026-09-30 05:03:25,千葉県
フルリモート／データ入力／高収入／完全週休2日新着,飲食店、,千葉県,月給27万200円,正社員,美容,求人ボックス,https://xn--pckua2a7gp15o89zb.com/jbn/f988e4950be5b446b51ee85b64aa8de5,True,12時間前,2026-09-30 05:03:25,千葉県
フルリモート／データ入力／未経験OK／月給27万～新着,飲食店、,千葉県,月給27万～,正社員,美容,求人ボックス,https://xn--pckua2a7gp15o89zb.com/jbn/bd640659284348b1f0f422c1c1b71030,True,11時間前,2026-09-30 05:03:25,千葉県
フルリモート／一般事務／未経験OK／完全土日休み新着,飲食店、,千葉県,"月給27万5,700円",正社員,美容,求人ボックス,https://xn--pckua2a7gp15o89zb.com/jbn/ca420ba03a694ba61f701e7490a63e30,True,11時間前,2026-09-30 05:03:29,千葉県
「未経験歓迎」／事務スタッフ／研修充実／ボーナスあり「正社員」新着,...特別な経験や資格は必要ありません。あなたの「変わりたい」気持ちを大切にします  こんな変化を実感できます[前]不規則な休みで友人と予定が合わない…[後]固定休みで自分の時間を満喫!カフェ店員、,千葉県,月給21万500円,正社員,美容,求人ボックス,https://xn--pckua2a7gp15o89zb.com/jbn/63310f00360ad0bf1da9256a714c07f7,True,2時間前,2026-09-30 05:03:29,千葉県
完全在宅／データ入力／未経験OK／フレックス出社可新着,飲食店、,千葉県,"月給27万1,200円",正社員,美容,求人ボックス,https://xn--pckua2a7gp15o89zb.com/jbn/bbf162b97a19019eaf55786e4ee42e9b,True,11時間前,2026-09-30 05:03:29,千葉県
OA事務／充実の研修で安心スタート!／週休2日制／高収入／交通費全額支給新着,...原則定時退社だからお仕事後のプライベートが超充実 ギスギスした雰囲気とは無縁の、何でも相談しやすい環境<元接客・販売スタッフが多数在籍!>コンビニ夜勤、ホテルフロント、居酒屋、アパレル、,千葉県,月給21万500円,正社員,美容,求人ボックス,https://xn--pckua2a7gp15o89zb.com/jbn/f634578784f8914ea2d8026ed975e3a6,True,2時間前,2026-09-30 05:03:29,千葉県
一般事務／充実の研修で安心スタート!／未経験でも安心／産休・育休あり／残業なし新着,...原則定時退社だからお仕事後のプライベートが超充実 ギスギスした雰囲気とは無縁の、何でも相談しやすい環境<元接客・販売スタッフが多数在籍!>コンビニ夜勤、ホテルフロント、居酒屋、アパレル、,千葉県,月給21万500円,正社員,美容,求人ボックス,https://xn--pckua2a7gp15o89zb.com/jbn/4f9f2d5847496032628ef6138a8bd7ec,True,3時間前,2026-09-30 05:03:29,千葉県
フルリモート／事務／未経験OK／月給27万～新着,飲食店、,千葉県,月給27万～,正社員,美容,求人ボックス,https://xn--pckua2a7gp15o89zb.com/jbn/dfebc2adc96038e1f8e60d9f4bbb85d4,True,11時間前,2026-09-30 05:03:29,千葉県
「プライベート充実」／総務事務／研修充実／ワークライフバランス充実「正社員」新着,...チームメンバーのサポートにやりがいを感じる ワークライフバランスを整えたい接客・販売・飲食などのサービス業からオフィスワークへ切り替えたい方に最適!PCに触れる機会が少なかった元アパレルスタッフ,千葉県,月給21万500円,正社員,美容,求人ボックス,https://xn--pckua2a7gp15o89zb.com/jbn/769d653a29977f2a22e20c55a92b398a,True,2時間前,2026-09-30 05:03:32,千葉県
「昇給・賞与あり」／データ入力事務／第二新卒歓迎／産休・育休あり「正社員」新着,...原則定時退社だからお仕事後のプライベートが超充実 ギスギスした雰囲気とは無縁の、何でも相談しやすい環境<元接客・販売スタッフが多数在籍!>コンビニ夜勤、ホテルフロント、居酒屋、アパレル、,千葉県,月給21万500円,正社員,美容,求人ボックス,https://xn--pckua2a7gp15o89zb.com/jbn/cdef3a3146bf2d7189253a1037e21737,True,2時間前,2026-09-30 05:03:32,千葉県
「未経験歓迎」／総務事務／WEB面接可能／コツコツ作業「正社員」新着,...特別な経験や資格は必要ありません。あなたの「変わりたい」気持ちを大切にします  こんな変化を実感できます[前]不規則な休みで友人と予定が合わない…[後]固定休みで自分の時間を満喫!カフェ店員、,千葉県,月給21万500円,正社員,美容,求人ボックス,https://xn--pckua2a7gp15o89zb.com/jbn/47691d64e768977fc071be461285d6a9,True,2時間前,2026-09-30 05:03:34,千葉県
在宅勤務／一般事務／未経験OK／月給27万～新着,飲食店、,千葉県,月給27万～,正社員,美容,求人ボックス,https://xn--pckua2a7gp15o89zb.com/jbn/29a631a55d9946be6962822877a00297,True,11時間前,2026-09-30 05:03:34,千葉県
オフィスワーク／経験値不問／福利厚生充実／髪色自由／既卒歓迎／キャリアアップ可新着,美容師,千葉県,月給23万円～50万円,正社員,美容,求人ボックス,https://xn--pckua2a7gp15o89zb.com/jbn/6968874436e3b024adb5f613ef7bdd81,True,2時間前,2026-09-30 05:03:34,千葉県
データ入力・事務／週休完全2日制／服装自由／髪色自由／既卒歓迎／学歴不問新着,美容師,千葉県,月給20万円～50万円,正社員,美容,求人ボックス,https://xn--pckua2a7gp15o89zb.com/jbn/27f04a09b70a69ff11a21f4bc693d359,True,3時間前,2026-09-30 05:03:34,千葉県
「転勤なし」／総務事務／学歴不問／高給与「正社員」新着,...原則定時退社だからお仕事後のプライベートが超充実 ギスギスした雰囲気とは無縁の、何でも相談しやすい環境<元接客・販売スタッフが多数在籍!>コンビニ夜勤、ホテルフロント、居酒屋、アパレル、,千葉県,月給21万500円,正社員,美容,求人ボックス,https://xn--pckua2a7gp15o89zb.com/jbn/30ab10c0b5674ebaf7d28ae1c752fc86,True,2時間前,2026-09-30 05:03:34,千葉県
「土日祝は完全オフ」連休もしっかり取れる正社員の一般事務新着,...完全な未経験の方を対象とした採用を行っています。私たちが求めているのは、過去の経歴ではなく「これからこの仕事を通じて成長していきたい」という前向きな行動力です。現在活躍しているスタッフの前職も、,千葉県,"月給21万9,000円",正社員,美容,求人ボックス,https://xn--pckua2a7gp15o89zb.com/jbn/8606432f3dbe72ae86d2e94ac443381e,True,2時間前,2026-09-30 05:03:34,千葉県
データ入力・事務／20代～30代活躍中／研修制度完備／昇給賞与アリ／既卒歓迎／学歴不問新着,美容師,千葉県,"月給22万3,000円",正社員,美容,求人ボックス,https://xn--pckua2a7gp15o89zb.com/jbn/a35ed7d38b255da468f4a64d594e560f,True,2時間前,2026-09-30 05:03:37,千葉県
「未経験OK」／営業事務／ブランクOK／経験者優遇「正社員」新着,...チームメンバーのサポートにやりがいを感じる ワークライフバランスを整えたい接客・販売・飲食などのサービス業からオフィスワークへ切り替えたい方に最適!PCに触れる機会が少なかった元アパレルスタッフ,千葉県,月給21万500円,正社員,美容,求人ボックス,https://xn--pckua2a7gp15o89zb.com/jbn/adaca8dcd9f5d603eeeaae15910e5d77,True,2時間前,2026-09-30 05:03:37,千葉県
IT事務／充実の研修で安心スタート!／高収入／デスクワーク／オシャレ自由新着,...原則定時退社だからお仕事後のプライベートが超充実 ギスギスした雰囲気とは無縁の、何でも相談しやすい環境<元接客・販売スタッフが多数在籍!>コンビニ夜勤、ホテルフロント、居酒屋、アパレル、,千葉県,月給21万500円,正社員,美容,求人ボックス,https://xn--pckua2a7gp15o89zb.com/jbn/4a7033a67506bb174c011c82d919618f,True,2時間前,2026-09-30 05:03:37,千葉県
未経験歓迎の一般事務。安定の正社員採用新着,...完全な未経験の方を対象とした採用を行っています。私たちが求めているのは、過去の経歴ではなく「これからこの仕事を通じて成長していきたい」という前向きな行動力です。現在活躍しているスタッフの前職も、,千葉県,月給20万円～50万円,正社員,美容,求人ボックス,https://xn--pckua2a7gp15o89zb.com/jbn/7ec94a15a6ac147b361a4f4bc1ba8d2b,True,3時間前,2026-09-30 05:03:37,千葉県
事務職／経験値不問／服装自由／髪色自由／既卒歓迎／安定収入新着,美容師,千葉県,"月給22万3,000円",正社員,美容,求人ボックス,https://xn--pckua2a7gp15o89zb.com/jbn/94f2c664d407d106e75b880eb8c7f07b,True,3時間前,2026-09-30 05:03:37,千葉県
データ入力・事務／未経験歓迎／服装自由／昇給賞与アリ／既卒歓迎／キャリアアップ可新着,美容師,千葉県,"月給22万6,000円",正社員,美容,求人ボックス,https://xn--pckua2a7gp15o89zb.com/jbn/553d8aaadc9c0c149caf44a7db7590ae,True,1時間前,2026-09-30 05:03:37,千葉県
事務正社員／経験値不問／研修制度完備／昇給賞与アリ／マニュアル完備／学歴不問新着,前職が飲食業、ホテル受付、アパレル販売、,千葉県,月給20万円～50万円,正社員,美容,求人ボックス,https://xn--pckua2a7gp15o89zb.com/jbn/c50e5c495bf1b2fed07353d482a501f2,True,2時間前,2026-09-30 05:03:40,千葉県
事務スタッフ／ブランクOK／充実の研修で安心スタート!／マニュアル完備新着,...原則定時退社だからお仕事後のプライベートが超充実 ギスギスした雰囲気とは無縁の、何でも相談しやすい環境<元接客・販売スタッフが多数在籍!>コンビニ夜勤、ホテルフロント、居酒屋、アパレル、,千葉県,月給21万500円,正社員,美容,求人ボックス,https://xn--pckua2a7gp15o89zb.com/jbn/ebb8f7e3aea5daba94f56d7be5c1dfc7,True,3時間前,2026-09-30 05:03:40,千葉県
事務職／経験値不問／服装自由／昇給賞与アリ／ネイル自由／学歴不問新着,美容師,千葉県,"月給22万6,000円",正社員,美容,求人ボックス,https://xn--pckua2a7gp15o89zb.com/jbn/1d32a287563926ec7d2ad95ce02a40f9,True,2時間前,2026-09-30 05:03:40,千葉県
キャバクラのヘアメイク新着,club Queen～クラブクイーン～,千葉県,"日給7,000円～",アルバイト・パート,美容,求人ボックス,https://xn--pckua2a7gp15o89zb.com/jb/7105a20b16cb08e71e8ff26f988611ce,True,10時間前,2026-09-30 05:03:40,千葉県
事務職／週休完全2日制／駅チカ／昇給賞与アリ／マニュアル完備／学歴不問新着,美容師,千葉県,月給23万円～50万円,正社員,美容,求人ボックス,https://xn--pckua2a7gp15o89zb.com/jbn/77ae92be299b6fcaccf3e4e3d7448d85,True,2時間前,2026-09-30 05:03:40,千葉県
「答えが書いてある仕事」自分の判断で悩むシーンが無いから未経験でも始めやすい／若手活躍中の職場新着,...完全な未経験の方を対象とした採用を行っています。私たちが求めているのは、過去の経歴ではなく「これからこの仕事を通じて成長していきたい」という前向きな行動力です。現在活躍しているスタッフの前職も、,千葉県,"月給22万6,000円",正社員,美容,求人ボックス,https://xn--pckua2a7gp15o89zb.com/jbn/0b3ee01e930153bd290203d7cad5b85e,True,3時間前,2026-09-30 05:03:44,千葉県
事務未経験の先輩が多数活躍中／まずはシングルタスクからあなたに合わせてお任せします／データ入力新着,...完全な未経験の方を対象とした採用を行っています。私たちが求めているのは、過去の経歴ではなく「これからこの仕事を通じて成長していきたい」という前向きな行動力です。現在活躍しているスタッフの前職も、,千葉県,月給20万円～50万円,正社員,美容,求人ボックス,https://xn--pckua2a7gp15o89zb.com/jbn/f62215e6a65585bbb4624323f436f5ea,True,3時間前,2026-09-30 05:03:44,千葉県
「未経験から安心して始められる」データ入力事務／独断で進めるより、どんどん質問する人が評価される新着,...完全な未経験の方を対象とした採用を行っています。私たちが求めているのは、過去の経歴ではなく「これからこの仕事を通じて成長していきたい」という前向きな行動力です。現在活躍しているスタッフの前職も、,千葉県,月給20万円～50万円,正社員,美容,求人ボックス,https://xn--pckua2a7gp15o89zb.com/jbn/318ff0422729585cc22b34b830e24838,True,2時間前,2026-09-30 05:03:44,千葉県
事務職／未経験歓迎／駅チカ／昇給賞与アリ／既卒歓迎／安定収入新着,美容師,千葉県,月給23万円～50万円,正社員,美容,求人ボックス,https://xn--pckua2a7gp15o89zb.com/jbn/66ba237e33ca844e2cc6511e9f7a60f4,True,3時間前,2026-09-30 05:03:44,千葉県
「残業ゼロ」定時1分後に駅のホームへ。土日休みの一般事務新着,...完全な未経験の方を対象とした採用を行っています。私たちが求めているのは、過去の経歴ではなく「これからこの仕事を通じて成長していきたい」という前向きな行動力です。現在活躍しているスタッフの前職も、,千葉県,"月給22万5,000円",正社員,美容,求人ボックス,https://xn--pckua2a7gp15o89zb.com/jbn/9de3ddbefdfa3b44e0422892d010a707,True,3時間前,2026-09-30 05:03:44,千葉県
「0からのキャリア形成」一般事務スタッフ／完全週休2日制「土日祝」新着,AQUARIUS株式会社,千葉県,"月給29万6,500円",正社員,事務,求人ボックス,https://xn--pckua2a7gp15o89zb.com/jbn/712122d2b180856a4875e6e912258587,True,10時間前,2026-09-30 05:03:22,千葉県
「27卒・新卒大歓迎」PCでのカンタン入力／一般事務／丁寧な指導新着,株式会社プロジェクトトリガー,千葉県,月給26万800円,正社員,事務,求人ボックス,https://xn--pckua2a7gp15o89zb.com/jbn/178f0700ef66067710a11f8a201797e7,True,8時間前,2026-09-30 05:03:22,千葉県
一般事務／未経験歓迎／データ入力と書類作成から開始／土日祝休み新着,エンタイトルツーベース株式会社,千葉県,月給29万円～40万円,正社員,事務,求人ボックス,https://xn--pckua2a7gp15o89zb.com/jbn/1d96f3709888615feef2cb5025a3136a,True,9時間前,2026-09-30 05:03:23,千葉県
コツコツ働ける一般事務／月給26.3万〜・賞与年2回・20代活躍中新着,一般事務,千葉県,月給26,正社員,事務,求人ボックス,https://xn--pckua2a7gp15o89zb.com/jbn/9a61aa96f0233800a0881810edaa5f32,True,5時間前,2026-09-30 05:03:23,千葉県
「新卒・27卒」一般事務／実績を給与に反映／OJTあり／船橋市本町1丁...新着,株式会社Meta Sales,千葉県,"月給26万4,300円",正社員,事務,求人ボックス,https://xn--pckua2a7gp15o89zb.com/jbn/274843e86f21168ef07bcc5ea365ec1d,True,8時間前,2026-09-30 05:03:23,千葉県
コツコツ働ける一般事務／月給26.6万〜・残業少なめ・20代活躍中新着,一般事務,千葉県,月給26,正社員,事務,求人ボックス,https://xn--pckua2a7gp15o89zb.com/jbn/86c36d9ab7a352275e97a2ba77b321f7,True,5時間前,2026-09-30 05:03:23,千葉県
コツコツ働ける一般事務／月給26.2万〜・未経験歓迎・20代活躍中新着,一般事務,千葉県,月給26,正社員,事務,求人ボックス,https://xn--pckua2a7gp15o89zb.com/jbn/e176d76f50dee57b2afca3cb5900fae2,True,6時間前,2026-09-30 05:03:26,千葉県
一般事務スタッフ／未経験OK／長期キャリア形成／年間休日125日以上新着,株式会社小林,千葉県,"月給30万1,300円",正社員,事務,求人ボックス,https://xn--pckua2a7gp15o89zb.com/jbn/66ecd9fb7c075058da904ff61a4a8108,True,6時間前,2026-09-30 05:03:30,千葉県
未経験から始める一般事務／月給26.1万〜・土日祝休み・20代活躍中新着,一般事務,千葉県,月給26,正社員,事務,求人ボックス,https://xn--pckua2a7gp15o89zb.com/jbn/d6626cfdb128c040bb77e6009d762425,True,6時間前,2026-09-30 05:03:33,千葉県
「27卒・新卒大歓迎」PCでのカンタン入力／一般事務／丁寧な指導新着,株式会社ELM,千葉県,"月給26万4,300円",正社員,事務,求人ボックス,https://xn--pckua2a7gp15o89zb.com/jbn/b60421c28ef9c3300db80eebb97668ef,True,8時間前,2026-09-30 05:03:33,千葉県
「土日祝は完全オフ」連休もしっかり取れる正社員の一般事務新着,営業,千葉県,"月給22万4,000円",正社員,事務,求人ボックス,https://xn--pckua2a7gp15o89zb.com/jbn/8a684a098b22638db8daf37b584d7967,True,2時間前,2026-09-30 05:03:38,千葉県
「27卒」一般事務／電話対応とデータ入力／研修制度充実新着,ベンタス株式会社,千葉県,月給26万800円,正社員,事務,求人ボックス,https://xn--pckua2a7gp15o89zb.com/jbn/10fe61f6a713e31614fb3ddeb9c6d636,True,8時間前,2026-09-30 05:03:38,千葉県
オフィスワークデビュー応援／一般事務／月給26.1万〜・U新着,一般事務,千葉県,月給26,正社員,事務,求人ボックス,https://xn--pckua2a7gp15o89zb.com/jbn/2c91af88352f36fea6813a9e969bf74d,True,6時間前,2026-09-30 05:03:41,千葉県
オフィスワークデビュー応援／一般事務／月給26.7万〜・未経験歓迎新着,一般事務,千葉県,月給26,正社員,事務,求人ボックス,https://xn--pckua2a7gp15o89zb.com/jbn/3794c1fe15aa2fc623686cb5b80a9b3f,True,5時間前,2026-09-30 05:03:41,千葉県
「0からのキャリア形成」一般事務スタッフ／未経験OK／月30万以上可新着,株式会社FIVE SENSES,千葉県,"月給31万4,400円",正社員,事務,求人ボックス,https://xn--pckua2a7gp15o89zb.com/jbn/ad80c76a9b1cb695b8283b9bd057ed8f,True,6時間前,2026-09-30 05:03:45,千葉県
未経験から始める一般事務／月給26.2万〜・転勤なし・20代活躍中新着,一般事務,千葉県,月給26,正社員,事務,求人ボックス,https://xn--pckua2a7gp15o89zb.com/jbn/5793678e46c14aee2d30c6f59825d0a1,True,5時間前,2026-09-30 05:03:49,千葉県
事務未経験OK／一般事務／月給26.2万〜・年間休日125日新着,一般事務,千葉県,月給26,正社員,事務,求人ボックス,https://xn--pckua2a7gp15o89zb.com/jbn/6b1321e4949954573c8a41b463efa5a9,True,6時間前,2026-09-30 05:03:52,千葉県
現場作業員新着,株式会社MKプラント,千葉県,"日給1万2,000円",アルバイト・パート,建設,求人ボックス,https://xn--pckua2a7gp15o89zb.com/jb/8f46dfeb24a00b9cc2941e24cdbc5bb0,True,6時間前,2026-09-30 05:03:20,千葉県
杭打ちの現場作業 基本残業なし・隔週土日祝休み・定着率90%新着,岩内基礎有限会社,千葉県,"月給28万6,000円",正社員,建設,求人ボックス,https://xn--pckua2a7gp15o89zb.com/jb/d586c2ed9d8bfe02a1b4263bf5603b2d,True,4時間前,2026-09-30 05:03:20,千葉県
排水管の現場作業 未経験可 仕事量安定新着,有限会社愛協,千葉県,"日給1万8,000円",正社員,建設,求人ボックス,https://xn--pckua2a7gp15o89zb.com/jb/3f8ccfdae75dc01281e50b8473a40635,True,4時間前,2026-09-30 05:03:20,千葉県
未経験からでもできる土木工事補助業務の土木施工管理新着,株式会社石井組,千葉県,"月給19万2,000円",正社員,建設,求人ボックス,https://xn--pckua2a7gp15o89zb.com/jb/cf588d1b277a74999c61bff38b0b8be9,True,4時間前,2026-09-30 05:03:20,千葉県
個室寮完備&初月家賃無料／交通誘導スタッフ／6時間勤務新着,株式会社ユニオン,千葉県,"日給7,200円",アルバイト・パート,建設,求人ボックス,https://xn--pckua2a7gp15o89zb.com/jb/0547189828b6b2a00b8cf0567dd1e6b7,True,13時間前,2026-09-30 05:03:20,千葉県
建築プロジェクトマネジメント／最新テクノロジーを駆使して確固たる技術が身に付く!／完全未経験OK!新着,株式会社テクノプロ・コンストラクション,千葉県,月給21万円～29万円,正社員,建設,求人ボックス,https://xn--pckua2a7gp15o89zb.com/jbn/79f8324f8bcddf7fde798b04d2d42a47,True,11時間前,2026-09-30 05:03:20,千葉県
熱交換機・圧縮機の機械組立／工業系卒歓迎／学歴不問／年間休日125日／定年なし新着,アネックス・ジャパン株式会社,千葉県,"時給1,900円～",派遣社員,建設,求人ボックス,https://xn--pckua2a7gp15o89zb.com/jbn/85bc9e5feaedef2db57e992cc0db305c,True,2時間前,2026-09-30 05:03:20,千葉県
休みたいOK!稼ぎたいOK!直行直帰可!土曜日出勤可新着,株式会社リストア産業,千葉県,"日給1万4,000円",正社員,建設,求人ボックス,https://xn--pckua2a7gp15o89zb.com/jb/2aa7b88cefb18a1e1c230350d655eb11,True,3時間前,2026-09-30 05:03:20,千葉県
現場作業員 足場の組み立てや解体作業 経験者のみ 完全週休2日制や稼ぎ重視シフトも可新着,株式会社フジムラ仮設,千葉県,月給33万円～57万,正社員,建設,求人ボックス,https://xn--pckua2a7gp15o89zb.com/jb/996dff5fea4feb74bb5094942dc30f43,True,4時間前,2026-09-30 05:03:20,千葉県
未経験からでもできる土木施工管理補助新着,創政建設株式会社,千葉県,月給22万円～24万円,正社員,建設,求人ボックス,https://xn--pckua2a7gp15o89zb.com/jb/657e1abe5222ff846391cf28f9c66ea6,True,4時間前,2026-09-30 05:03:20,千葉県
経験が活かせる土木工事作業員の重機オペレーター新着,株式会社エコスタイル,千葉県,"月給29万1,886円",正社員,建設,求人ボックス,https://xn--pckua2a7gp15o89zb.com/jb/d9abd4dfd735e67e4b1426a6d4cfc93d,True,4時間前,2026-09-30 05:03:20,千葉県
タクシー運転手「週3勤務」資格取得支援あり／月収40万円以上／安定収入／転職回数不問新着,...以下のような経験をお持ちの方は特に歓迎します。・軽貨物ドライバー・ルート配送スタッフ・宅配ドライバー・タクシー運転手・大型トラックドライバー・フォークリフトオペレーター・,千葉県,"月給47万8,000円",正社員,建設,求人ボックス,https://xn--pckua2a7gp15o89zb.com/jbn/c2377a809ab570dc53a072f5fb01b6f6,True,13時間前,2026-09-30 05:03:20,千葉県
「VIP送迎もあり」夜勤タクシードライバー／年収600万円以上／賞与年2回新着,建設・,千葉県,月給48万500円,正社員,建設,求人ボックス,https://xn--pckua2a7gp15o89zb.com/jbn/b62403d54e4b00962e40cf2874915d85,True,13時間前,2026-09-30 05:03:20,千葉県
タクシードライバー／週3勤務／学歴不問／1年目月収50万以上／賞与年2回新着,建設・,千葉県,"月給47万8,000円",正社員,建設,求人ボックス,https://xn--pckua2a7gp15o89zb.com/jbn/69b443fb99792a9ed361f1d63deaf9e0,True,13時間前,2026-09-30 05:03:20,千葉県
夜勤タクシードライバー／未経験スタートOK／年2回のボーナス支給あり／資格取得支援制度あり新着,作業,千葉県,"月給48万1,200円",正社員,建設,求人ボックス,https://xn--pckua2a7gp15o89zb.com/jbn/df7e59ebfbc2ea71459e8a4ac728a700,True,13時間前,2026-09-30 05:03:20,千葉県
「未経験歓迎」タクシードライバー／月収50万円以上可／退職金制度あり新着,...以下のような経験をお持ちの方は特に歓迎します。・軽貨物ドライバー・ルート配送スタッフ・宅配ドライバー・タクシー運転手・大型トラックドライバー・フォークリフトオペレーター・,千葉県,"月給47万8,000円",正社員,建設,求人ボックス,https://xn--pckua2a7gp15o89zb.com/jbn/649bc242b11a264d7f3e9fd50034fc8d,True,14時間前,2026-09-30 05:03:21,千葉県
「夜勤で稼げる」タクシードライバー／普通免許のみOK／年収600万円以上可／賞与年2回新着,...以下のような経験をお持ちの方は特に歓迎します。・軽貨物ドライバー・ルート配送スタッフ・宅配ドライバー・タクシー運転手・大型トラックドライバー・フォークリフトオペレーター・,千葉県,"月給47万8,000円",正社員,建設,求人ボックス,https://xn--pckua2a7gp15o89zb.com/jbn/287b598c53f1718bb14d9f6892f60567,True,14時間前,2026-09-30 05:03:21,千葉県
「二種免許不要・週3勤務・タクシー運転手」研修あり／賞与あり／アルファード送迎新着,作業,千葉県,月給48万200円,正社員,建設,求人ボックス,https://xn--pckua2a7gp15o89zb.com/jbn/6b1ceebedf3d62f28671e2e92716a2a8,True,14時間前,2026-09-30 05:03:21,千葉県
完全未経験OK／パチンコ店ホールスタッフ／エリアマネージャーなどの管理職昇格実績多数／未経験歓迎!新着,株式会社喜久家,千葉県,月給30万円～40万円,正社員,建設,求人ボックス,https://xn--pckua2a7gp15o89zb.com/jbn/95dd88f0acb524206ea520443bc794c6,True,11時間前,2026-09-30 05:03:21,千葉県
現場管理 経験者限定 寮完備 全国拠点新着,株式会社GS STAFF,千葉県,"月給35万1,500円",派遣社員,建設,求人ボックス,https://xn--pckua2a7gp15o89zb.com/jb/a6ce169e4e9ca8d3ea7af2de2e1eb926,True,4時間前,2026-09-30 05:03:21,千葉県
「正社員」週3勤務のタクシードライバー／未経験者活躍中／年収500万円以上可能／土日祝休み取得可新着,建設・,千葉県,"月給48万1,200円",正社員,建設,求人ボックス,https://xn--pckua2a7gp15o89zb.com/jbn/f82c6fef139f391e8ea65d56d0012a2d,True,14時間前,2026-09-30 05:03:21,千葉県
経験が活かせる土木工事の柱状改良工事新着,株式会社第一工業,千葉県,"月給37万5,000円",正社員,建設,求人ボックス,https://xn--pckua2a7gp15o89zb.com/jb/496d88785262200357ed71b8539e889f,True,4時間前,2026-09-30 05:03:21,千葉県
経験が活かせる内装施工管理新着,株式会社コントラフト,千葉県,月給32万円～52万円,正社員,建設,求人ボックス,https://xn--pckua2a7gp15o89zb.com/jb/6af2a6a3b7d7ae85ea2ceebe62f3ab6e,True,4時間前,2026-09-30 05:03:24,千葉県
経験が活かせる土木工事作業員新着,株式会社東栄ランド,千葉県,"月給21万9,300円",正社員,建設,求人ボックス,https://xn--pckua2a7gp15o89zb.com/jb/752188d65edd59ec6873a205e1384a94,True,4時間前,2026-09-30 05:03:24,千葉県
エアコンクリーニング新着,株式会社善建設,千葉県,月給30万円～60万円,,建設,求人ボックス,https://xn--pckua2a7gp15o89zb.com/jb/579a9ae9d2f3cf3a2cde98abc283913e,True,18時間前,2026-09-30 05:03:24,千葉県
経験が活かせる土木工事の現場作業員新着,株式会社森興業,千葉県,月給22万円～27万円,正社員,建設,求人ボックス,https://xn--pckua2a7gp15o89zb.com/jb/aa25b7787bd50eb5df88754d49f647cf,True,4時間前,2026-09-30 05:03:24,千葉県
未経験からでもできる土木工事補助業務新着,金城重機株式会社,千葉県,月給25万円～45万円,正社員,建設,求人ボックス,https://xn--pckua2a7gp15o89zb.com/jb/37a1232c8332966ee31b19def49665a0,True,4時間前,2026-09-30 05:03:24,千葉県
経験が活かせる電気工事士新着,株式会社雅電設,千葉県,月給30万円,正社員,建設,求人ボックス,https://xn--pckua2a7gp15o89zb.com/jb/4f6bd2616baa121e51e3fa99d8868b0f,True,4時間前,2026-09-30 05:03:24,千葉県
ルート営業・顧客管理／未経験OK／土日祝休み／年間休日127日以上新着,株式会社優和,千葉県,月給27万円～40万円,正社員,建設,求人ボックス,https://xn--pckua2a7gp15o89zb.com/jb/9cf2dda67826b5b3299d9e83cde70143,True,6時間前,2026-09-30 05:03:24,千葉県
官公庁発注の公共工事での発注者支援業務「施工管理・千葉」新着,株式会社都市整備技術研究所,千葉県,月給40万円,正社員,建設,求人ボックス,https://xn--pckua2a7gp15o89zb.com/jb/929dd4937d631f423e5de967617e09cc,True,13時間前,2026-09-30 05:03:24,千葉県
経験者求む!内装解体 力仕事少なめ&機械化で安心!賞与年2回・社宅あり新着,株式会社濱組,千葉県,月給28万円～40万円,正社員,建設,求人ボックス,https://xn--pckua2a7gp15o89zb.com/jb/9d3bfc6fbe48d20b87692ecf41b6515e,True,4時間前,2026-09-30 05:03:27,千葉県
未経験からでもできる建築施工管理補助新着,大木建設株式会社,千葉県,月給25万円～50万円,正社員,建設,求人ボックス,https://xn--pckua2a7gp15o89zb.com/jb/934d5572357881f94b8dbfef294463ca,True,4時間前,2026-09-30 05:03:27,千葉県
経験が活かせる地盤改良現場の土木施工管理新着,アキュテック株式会社,千葉県,"月給21万8,227円",正社員,建設,求人ボックス,https://xn--pckua2a7gp15o89zb.com/jb/d99d54265bb72b86b9d392e49583e7ed,True,4時間前,2026-09-30 05:03:27,千葉県
未経験からでもできる基礎工事補助の基礎工事現場作業員新着,株式会社丸山工務店,千葉県,月給22万円～35万円,正社員,建設,求人ボックス,https://xn--pckua2a7gp15o89zb.com/jb/3d077e34dd186eaf7d5e5c21f79a0db1,True,4時間前,2026-09-30 05:03:27,千葉県
未経験からでもできる重機オペレーター・作業員新着,エムオー工事株式会社,千葉県,月給25万円～60万円,正社員,建設,求人ボックス,https://xn--pckua2a7gp15o89zb.com/jb/c9da864c214b211b241fa212a52770d8,True,4時間前,2026-09-30 05:03:27,千葉県
未経験からでもできる改修工事の現場監理新着,株式会社ミツキヤ,千葉県,月給20万円～35万円,正社員,建設,求人ボックス,https://xn--pckua2a7gp15o89zb.com/jb/8634483d2a0e0999760c180e32e283ce,True,4時間前,2026-09-30 05:03:27,千葉県
地域宅配スタッフ 食品や日用品等のルート配送新着,コープみらい採用センター,千葉県,"時給1,385円～1,505円",アルバイト・パート,建設,求人ボックス,https://xn--pckua2a7gp15o89zb.com/jb/da53d515075f4139374f94865b515472,True,16時間前,2026-09-30 05:03:27,千葉県
マンション管理員新着,大和ライフネクスト株式会社,千葉県,"月給16万8,360円",正社員,建設,求人ボックス,https://xn--pckua2a7gp15o89zb.com/jb/c407728660fe24ccef5a72c57d0cc626,True,22時間前,2026-09-30 05:03:30,千葉県
建築・建設・土木作業／千葉・東京中心。出張は希望者新着,株式会社利蒼技研,千葉県,月給25万円～40万円,正社員,建設,求人ボックス,https://xn--pckua2a7gp15o89zb.com/jb/96bc8b267be2f644ca28ae929c70b6b8,True,8時間前,2026-09-30 05:03:30,千葉県
即日勤務相談OK／交通誘導スタッフ／4時間勤務新着,株式会社ネクスト警備,千葉県,"日給4,800円",アルバイト・パート,建設,求人ボックス,https://xn--pckua2a7gp15o89zb.com/jb/90badfa662932b247bb3a9ed3b7cfd66,True,13時間前,2026-09-30 05:03:30,千葉県
建築・建設・土木作業、躯体工事関連新着,有限会社中村組,千葉県,"日給1万8,000円",正社員,建設,求人ボックス,https://xn--pckua2a7gp15o89zb.com/jb/4101d2ed81f8aaf5fdfb98160525881d,True,8時間前,2026-09-30 05:03:30,千葉県
現場クリエイター新着,株式会社ルート・クリエイト,千葉県,"日給1万4,000円",正社員,建設,求人ボックス,https://xn--pckua2a7gp15o89zb.com/jb/13361510f0d3f361c39dad32ed351352,True,2時間前,2026-09-30 05:03:30,千葉県
物流センター内フロアでの日常清掃スタッフ／1日4.5h勤務／週3日〜4日／年齢不問／未経験歓迎新着,藤海ビルサービス株式会社,千葉県,"時給1,350円",アルバイト・パート,建設,求人ボックス,https://xn--pckua2a7gp15o89zb.com/jb/a7f19e5c44df4585c805302ba25a0a90,True,21時間前,2026-09-30 05:03:30,千葉県
未経験歓迎 施工管理 完休2日 土日祝 残業10h 年休120日新着,株式会社加藤建設,千葉県,月給24万円～,正社員,建設,求人ボックス,https://xn--pckua2a7gp15o89zb.com/jb/b6031bdfa074606db0db5a53ebe8a268,True,20時間前,2026-09-30 05:03:30,千葉県
ドライバー・運転手、大型ドライバー新着,山光運輸株式会社,千葉県,月給30万円～47万円,正社員,建設,求人ボックス,https://xn--pckua2a7gp15o89zb.com/jb/2b86633642664039a2e01e066962062b,True,7時間前,2026-09-30 05:03:34,千葉県
倉庫作業スタッフ 賞与5ヶ月／年休125日新着,野口興産株式会社,千葉県,年収350万円～450万円,正社員,建設,求人ボックス,https://xn--pckua2a7gp15o89zb.com/jb/e5da82c4b97bd5d7659a7b40df2374f5,True,8時間前,2026-09-30 05:03:34,千葉県
中高年活躍中／交通誘導警備員／夜勤新着,株式会社リース,千葉県,"日給1万2,160円",アルバイト・パート,建設,求人ボックス,https://xn--pckua2a7gp15o89zb.com/jb/1b42cf4e7a95d1d94973f9a93cb58961,True,13時間前,2026-09-30 05:03:34,千葉県
送電線鉄塔の作業員新着,中林建設株式会社,千葉県,月給24万円～48万円,正社員,建設,求人ボックス,https://xn--pckua2a7gp15o89zb.com/jb/b6c4c37b9395e1c8dbfad388bf43fb0a,True,18時間前,2026-09-30 05:03:34,千葉県
未経験から始める工事現場の管理スタッフ／人柄採用!資格取得支援あり／土日祝休み／月給25万～新着,株式会社フジワラプルート,千葉県,月給25万～,正社員,建設,求人ボックス,https://xn--pckua2a7gp15o89zb.com/jb/1200b38000a23353d1b19e2c81099ca3,True,14時間前,2026-09-30 05:03:34,千葉県
首都圏／リニューアル工事や各改修工事の現場代理人／780～1000万円／清水建設グループ新着,建設,千葉県,"年収780万円～1,000万円",正社員,建設,求人ボックス,https://xn--pckua2a7gp15o89zb.com/jb/b139400b7c4aa6269f0a6b14e20298dd,True,16時間前,2026-09-30 05:03:34,千葉県
建築施工管理／東証一部上場!広大なビジョンと堅実な実績が両立した土木建築会社新着,作業員,千葉県,年収500万円～899万円,正社員,建設,求人ボックス,https://xn--pckua2a7gp15o89zb.com/jb/8f2bc26a609c3efceabd730937f5cf2e,True,1時間前,2026-09-30 05:03:37,千葉県
複数エリア／施工管理職新着,<業種>不動産・,千葉県,年収460万円～740万円,正社員,建設,求人ボックス,https://xn--pckua2a7gp15o89zb.com/jb/e7d257adfe0c88d813b18775440e22d9,True,15時間前,2026-09-30 05:03:37,千葉県
建築施工管理／世界が注目!アジアと欧州を結ぶ始めてのトルコ海底トンネル!五輪関連真っ先に株価が上昇新着,建設,千葉県,年収500万円～749万円,正社員,建設,求人ボックス,https://xn--pckua2a7gp15o89zb.com/jb/63e0e179e8d35cc5e1b484874a204441,True,1時間前,2026-09-30 05:03:37,千葉県
給排水・衛生設備施工管理／管工事・新築メイン／定年制なし・長期的に働ける／マイカー通勤可新着,千葉住設株式会社,千葉県,月給35万円～51万円,正社員,建設,求人ボックス,https://xn--pckua2a7gp15o89zb.com/jb/7712881140531e0764bdd7e4584041bd,True,23時間前,2026-09-30 05:03:37,千葉県
土木施工管理／世界が注目!アジアと欧州を結ぶ始めてのトルコ海底トンネル!五輪関連真っ先に株価が上昇新着,建設,千葉県,年収500万円～749万円,正社員,建設,求人ボックス,https://xn--pckua2a7gp15o89zb.com/jb/27203ceadccab657537be7029771e935,True,1時間前,2026-09-30 05:03:37,千葉県
設備施工管理／世界が注目!アジアと欧州を結ぶ始めてのトルコ海底トンネル!五輪関連真っ先に株価が上昇新着,建設,千葉県,年収500万円～749万円,正社員,建設,求人ボックス,https://xn--pckua2a7gp15o89zb.com/jb/e1283b2aadaf282da3a818fc4dbf9b1b,True,1時間前,2026-09-30 05:03:37,千葉県
首都圏／リニューアル工事や各改修工事の現場代理人／650～750万円／清水建設グループ新着,建設,千葉県,年収650万円～750万円,正社員,建設,求人ボックス,https://xn--pckua2a7gp15o89zb.com/jb/79f05270fe0ae7f928c85191d1e00321,True,16時間前,2026-09-30 05:03:37,千葉県
土木施工管理／東証一部上場!広大なビジョンと堅実な実績が両立した土木建築会社新着,作業員,千葉県,年収500万円～899万円,,建設,求人ボックス,https://xn--pckua2a7gp15o89zb.com/jb/f398894b08b0948b8563c83867fd27f7,True,1時間前,2026-09-30 05:03:37,千葉県
外傷治療・運動療法に力を入れるスポーツ系整骨院、柔道整復師新着,柔道整復師,千葉県,月給23万円～40万円,正社員,治療家,求人ボックス,https://xn--pckua2a7gp15o89zb.com/jb/7fe8d8baf6b5b0212ba2b545bc24a720,True,9時間前,2026-09-30 05:03:57,千葉県
柔道整復師／スポーツ外傷も多い!勉強会・セミナー充実の整骨院新着,柔道整復師,千葉県,"月給25万6,688円",正社員,治療家,求人ボックス,https://xn--pckua2a7gp15o89zb.com/jb/be0479b107fce3a84798bb8fb9a89879,True,9時間前,2026-09-30 05:03:57,千葉県
11時出社・賞与あり!平均給与29万円～+賞与年2回!の整骨院、柔道整復師新着,柔道整復師,千葉県,月給28万円～40万円,正社員,治療家,求人ボックス,https://xn--pckua2a7gp15o89zb.com/jb/0eb046fa9de0b5ef6cba4f4ab42fed63,True,9時間前,2026-09-30 05:03:57,千葉県
11時出社～20時帰宅!平均給与29万円～+賞与年2回!の整骨院、柔道整復師新着,柔道整復師,千葉県,月給28万円～40万円,正社員,治療家,求人ボックス,https://xn--pckua2a7gp15o89zb.com/jb/5392ba8334520e9c00a3058f107fbe26,True,9時間前,2026-09-30 05:03:57,千葉県
あん摩マッサージ指圧師／外傷治療・運動療法に力を入れるスポーツ系整骨院新着,柔道整復師,千葉県,月給23万円～40万円,正社員,治療家,求人ボックス,https://xn--pckua2a7gp15o89zb.com/jb/b7266dc0cc899628523aa478c2648287,True,9時間前,2026-09-30 05:03:57,千葉県
鍼灸師／鍼灸の臨床経験が積めるスポーツ系鍼灸整骨院新着,柔道整復師,千葉県,月給23万円～40万円,正社員,治療家,求人ボックス,https://xn--pckua2a7gp15o89zb.com/jb/32bdcaa23337c2a9bbdbe02d8c17b011,True,9時間前,2026-09-30 05:03:57,千葉県
整体師／運動療法が評判のスポーツ系整骨院新着,柔道整復師,千葉県,月給20万円～25万円,正社員,治療家,求人ボックス,https://xn--pckua2a7gp15o89zb.com/jb/8ec23cf46df5da5c136f711c5f8d8fa4,True,9時間前,2026-09-30 05:03:57,千葉県
デイサービスの機能訓練指導員／勤務時間相談可新着,株式会社ツクイ,千葉県,"時給1,527円",アルバイト・パート,治療家,求人ボックス,https://xn--pckua2a7gp15o89zb.com/jb/34338bb0ae80994e240c7d7fed10e39d,True,14時間前,2026-09-30 05:03:57,千葉県
作業療法士／マイカー通勤可 駅から2分!リハビリ専門のデイサービスにて機能訓練指導員新着,株式会社Sky Connect,千葉県,月給25万円～,正社員,治療家,求人ボックス,https://xn--pckua2a7gp15o89zb.com/jb/4573d98cbb8c9bcfb73e62063df81aea,True,14時間前,2026-09-30 05:03:57,千葉県
不動産会社での経理事務／20～40代活躍中!週休二日制／残業月平均10...新着,丸長ハウス株式会社,千葉県,月給23万円～30万円,正社員,経理,求人ボックス,https://xn--pckua2a7gp15o89zb.com/jb/8fc38ae40c770a2dad165535a9f59918,True,12時間前,2026-09-30 05:03:48,千葉県
「無理なく続けやすいオフィスワーク」／経理事務／年間休日120日以上新着,経理,千葉県,月給27万円～33万円,正社員,経理,求人ボックス,https://xn--pckua2a7gp15o89zb.com/jbn/003ebabfd7470c3ae5739b64db169e7a,True,14時間前,2026-09-30 05:03:48,千葉県
「月給30万円も実現可能」／経理事務／未経験歓迎／研修充実新着,経理,千葉県,月給30万円,正社員,経理,求人ボックス,https://xn--pckua2a7gp15o89zb.com/jbn/a3ac8b2aa53bcaf0d70e9d05bc76e142,True,15時間前,2026-09-30 05:03:49,千葉県
「大手企業で数字入力中心のかんたん経理」／経理事務／未経験95%新着,経理,千葉県,"月給25万6,100円",正社員,経理,求人ボックス,https://xn--pckua2a7gp15o89zb.com/jbn/f28dde368f352b0e493b93fcca0295e7,True,12時間前,2026-09-30 05:03:49,千葉県
「20代・30代の仲間が活躍中!」／経理事務／未経験OK／サポート体制...新着,経理,千葉県,月給27万円～33万円,正社員,経理,求人ボックス,https://xn--pckua2a7gp15o89zb.com/jbn/9977576473f215c8c1f86eb189621526,True,14時間前,2026-09-30 05:03:51,千葉県
「同世代と一緒に成長できる!」／経理事務／未経験歓迎／サポート体制充実新着,経理,千葉県,月給27万円～33万円,正社員,経理,求人ボックス,https://xn--pckua2a7gp15o89zb.com/jbn/6021161852ec5c259cddd86c69935a90,True,15時間前,2026-09-30 05:03:51,千葉県
「数字入力がメインの軽め事務」／経理事務／未経験95%／未経験歓迎新着,経理,千葉県,月給25万100円,正社員,経理,求人ボックス,https://xn--pckua2a7gp15o89zb.com/jbn/21ccfbeb85b682ae8f2190b01d20b7e7,True,13時間前,2026-09-30 05:03:51,千葉県
「今だけ採用!大手企業の経理サポート」／経理事務／未経験95%新着,経理,千葉県,"月給25万1,300円",正社員,経理,求人ボックス,https://xn--pckua2a7gp15o89zb.com/jbn/21d1ae65e8f8f342d97d605a19b53a81,True,13時間前,2026-09-30 05:03:56,千葉県
「経理職で月給30万円に近づく」／経理事務／未経験歓迎／研修充実新着,経理,千葉県,月給30万円,正社員,経理,求人ボックス,https://xn--pckua2a7gp15o89zb.com/jbn/350f30b486bc2660ceb5831dc4ee50a2,True,12時間前,2026-09-30 05:03:56,千葉県
「若手中心の経理チームです」／経理事務／未経験OK／サポート体制充実新着,経理,千葉県,月給27万円～33万円,正社員,経理,求人ボックス,https://xn--pckua2a7gp15o89zb.com/jbn/3ef7e79a2a98bcd882826d2151ee6a9a,True,12時間前,2026-09-30 05:03:56,千葉県
「男女問わず始めやすいオフィスワーク」／経理事務／未経験歓迎／服装自由新着,経理,千葉県,月給27万円～33万円,正社員,経理,求人ボックス,https://xn--pckua2a7gp15o89zb.com/jbn/9b05cab057fe7f91e2cc60ddec1311b0,True,15時間前,2026-09-30 05:03:56,千葉県
「数字を扱う仕事に挑戦」／経理事務／未経験歓迎／丁寧な研修あり新着,経理,千葉県,月給27万円～33万円,正社員,経理,求人ボックス,https://xn--pckua2a7gp15o89zb.com/jbn/673efc86ef5662ab844b6fcc24e99529,True,14時間前,2026-09-30 05:03:58,千葉県
「大手企業の数字まわりを支える!」／経理事務／未経験95%／未経験歓迎新着,経理,千葉県,"月給26万2,000円",正社員,経理,求人ボックス,https://xn--pckua2a7gp15o89zb.com/jbn/143eec4c824d0fa4b9341deb375860d1,True,13時間前,2026-09-30 05:03:58,千葉県
「長く続けやすい経理の仕事」／経理事務／年間休日120日以上新着,経理,千葉県,月給27万円～33万円,正社員,経理,求人ボックス,https://xn--pckua2a7gp15o89zb.com/jbn/a1e2d7387ef92a27c3fd3e54dda7e12f,True,12時間前,2026-09-30 05:03:58,千葉県
「未経験から経理の入口へ」／経理事務／未経験OK／丁寧な研修あり新着,経理,千葉県,月給27万円～33万円,正社員,経理,求人ボックス,https://xn--pckua2a7gp15o89zb.com/jbn/0919e5aeb373d2ff49655ed05b9a2cf3,True,12時間前,2026-09-30 05:03:58,千葉県
「コツコツ取り組めるオフィスワーク」／経理事務／未経験OK新着,経理,千葉県,月給27万円～33万円,正社員,経理,求人ボックス,https://xn--pckua2a7gp15o89zb.com/jbn/29d58cf97a59c2dd29f499dbf37cc036,True,14時間前,2026-09-30 05:04:02,千葉県
経理事務／未経験歓迎／サポート体制充実／昇給あり／長期安定新着,経理,千葉県,月給27万円～33万円,正社員,経理,求人ボックス,https://xn--pckua2a7gp15o89zb.com/jbn/a57d188598994536c514d7f2dfc3ad80,True,15時間前,2026-09-30 05:04:02,千葉県
「請求と支払いをまとめる経理ワーク」／経理事務／未経験歓迎新着,経理,千葉県,月給27万円～33万円,正社員,経理,求人ボックス,https://xn--pckua2a7gp15o89zb.com/jbn/f73aaec70191c02f7d94f02445732efe,True,12時間前,2026-09-30 05:04:02,千葉県
経理事務新着,株式会社リクルートスタッフィング,千葉県,"時給1,550円～",派遣社員,経理,求人ボックス,https://xn--pckua2a7gp15o89zb.com/jb/b04d1178489c1be82f92fde6a1221da4,True,20時間前,2026-09-30 05:04:02,千葉県
就労移行支援及び就労継続支援A型事業所での経理事務新着,株式会社イルミナ,千葉県,月給18万円,正社員,経理,求人ボックス,https://xn--pckua2a7gp15o89zb.com/jb/667576c66342febc32e5ca8c7bc62344,True,9時間前,2026-09-30 05:04:02,千葉県
「リモート可」未経験採用枠／経理事務／年間休日125日以上新着,...09:00～18:00(実働8時間・休憩1時間)年間休日125日以上完全週休2日制(土・日)/祝日夏季休暇・年末年始休暇慶弔休暇育児・介護休暇看護休暇 ほか 【勤務先】非公開 【掲載企業情報】G,千葉県,"月給25万3,200円",正社員,経理,求人ボックス,https://xn--pckua2a7gp15o89zb.com/jbn/46dd502632a31118fff47e0e1d9cad18,True,11時間前,2026-09-30 05:04:05,千葉県
リモート可／未経験可／経理事務／年休125日以上新着,...09:00～18:00(実働8時間・休憩1時間)年間休日125日以上完全週休2日制(土・日)/祝日夏季休暇・年末年始休暇慶弔休暇育児・介護休暇看護休暇 ほか 【勤務先】非公開 【掲載企業情報】G,千葉県,"月給23万6,100円",正社員,経理,求人ボックス,https://xn--pckua2a7gp15o89zb.com/jbn/2b227c4f4bd024f66e191867b325bb2a,True,11時間前,2026-09-30 05:04:05,千葉県
「未経験から始めるバックオフィスワーク」／経理事務／研修充実新着,未経験OK,千葉県,月給27万円～33万円,正社員,経理,求人ボックス,https://xn--pckua2a7gp15o89zb.com/jbn/2d7ca42d742d2fb7560264148eec2144,True,15時間前,2026-09-30 05:04:05,千葉県
経理事務 正社員になろう 東証上場企業 決算含む経理職新着,マンパワーグループ株式会社,千葉県,"時給1,750円",正社員,経理,求人ボックス,https://xn--pckua2a7gp15o89zb.com/jb/33def6100392b3ca3fa4b97ce9bd162c,True,8時間前,2026-09-30 05:04:08,千葉県
有料老人ホームでの看護師新着,株式会社JD,千葉県,"時給2,300円～2,500円",派遣社員,看護,求人ボックス,https://xn--pckua2a7gp15o89zb.com/jb/d230e01765655d37d792c2f1f7953a80,True,18時間前,2026-09-30 05:03:57,千葉県
看護師新着,ジャルダン カトレア いすみ,千葉県,"月給21万4,000円",正社員,看護,求人ボックス,https://xn--pckua2a7gp15o89zb.com/jb/bc6c9837921bb9a1c799ee799a2a9490,True,11時間前,2026-09-30 05:03:57,千葉県
看護師／従来型特養／ブランクOK／シフト自由／幅広い年代が活躍中新着,看護,千葉県,"時給2,500円",派遣社員,看護,求人ボックス,https://xn--pckua2a7gp15o89zb.com/jb/845d56346d05aa3928620dbf709f4fcd,True,12時間前,2026-09-30 05:03:57,千葉県
デイケア看護師新着,株式会社アングル,千葉県,月給28万円～,正社員,看護,求人ボックス,https://xn--pckua2a7gp15o89zb.com/jb/91de9a914ed3dcbb6873b3cbf3ece7ca,True,10時間前,2026-09-30 05:03:57,千葉県
施設看護師新着,サンライズ茂原,千葉県,"月給28万2,500円",正社員,看護,求人ボックス,https://xn--pckua2a7gp15o89zb.com/jb/5e6ef8659fb8a8e1cabd5119b0e423c6,True,9時間前,2026-09-30 05:04:01,千葉県
看護師新着,赤枝グループ,千葉県,"月給31万4,672円",正社員,看護,求人ボックス,https://xn--pckua2a7gp15o89zb.com/jb/df670a086517e06b9ff571606366cb11,True,11時間前,2026-09-30 05:04:03,千葉県
看護アシスタント／残業ほぼなし月10回の出勤!看護師さんのお手伝い!新着,株式会社ルフト・メディカルケア,千葉県,"日給2万8,000円",派遣社員,看護,求人ボックス,https://xn--pckua2a7gp15o89zb.com/jb/2c9dc5416319e08c78b7f1ed611fa0ae,True,22時間前,2026-09-30 05:04:08,千葉県
介護施設の看護師／准看護師新着,八千代有床診療所 介護医療院,千葉県,"月給24万1,000円",正社員,看護,求人ボックス,https://xn--pckua2a7gp15o89zb.com/jb/1ea980649d2d3841ab434cf3051304c0,True,7時間前,2026-09-30 05:04:12,千葉県
"正看護師／特養／車通勤OK 週3,4日!施設未経験可新着",株式会社スーパーナース,千葉県,"時給2,200円",派遣社員,看護,求人ボックス,https://xn--pckua2a7gp15o89zb.com/jb/ebf0a55d2bf42f0e45fd33d910c333b9,True,15時間前,2026-09-30 05:04:16,千葉県
診療所・クリニックの看護師／准看護師新着,ふるもと整形外科,千葉県,月給30万円～,正社員,看護,求人ボックス,https://xn--pckua2a7gp15o89zb.com/jb/d579234bdc8b9e18b070dd5cc0e047c3,True,7時間前,2026-09-30 05:04:16,千葉県
診療所・クリニックの看護師／准看護師新着,ふじた皮膚科クリニック,千葉県,月給29万円～33万円,契約社員,看護,求人ボックス,https://xn--pckua2a7gp15o89zb.com/jb/f3a91ac5b4cef082e2b9c3c27cd9a6b3,True,7時間前,2026-09-30 05:04:19,千葉県
稲毛海岸駅／看護師さんのサポートスタッフ 医療行為なし新着,株式会社コトリオ,千葉県,"時給1,500円～2,250円",派遣社員,看護,求人ボックス,https://xn--pckua2a7gp15o89zb.com/jb/1dc4bf1348cfb72b988d27c14966f1b5,True,14時間前,2026-09-30 05:04:19,千葉県
正看護師・社会保険完備の職場で看護師／准看護師新着,医療法人社団明善会 船橋榎本クリニック,千葉県,月給30万円～,正社員,看護,求人ボックス,https://xn--pckua2a7gp15o89zb.com/jb/4f0c0316309527532d8a39b05efaa674,True,7時間前,2026-09-30 05:04:19,千葉県
正看護師／外来 日勤のみ新着,医療法人社団AZMEDICAL,千葉県,月給26万円～,正社員,看護,求人ボックス,https://xn--pckua2a7gp15o89zb.com/jb/5793b04e9ec2843c7eeb097ed27f8d29,True,9時間前,2026-09-30 05:04:22,千葉県
看護師新着,社会福祉法人七色の翼,千葉県,"月給22万1,000円",正社員,看護,求人ボックス,https://xn--pckua2a7gp15o89zb.com/jb/a7e6c4e951c288265ba76eef2d143c6d,True,10時間前,2026-09-30 05:04:22,千葉県
愛玩動物看護師新着,有限会社マサトモ,千葉県,"月給22万5,500円",正社員,看護,求人ボックス,https://xn--pckua2a7gp15o89zb.com/jb/d85934356a05eee1da0cf84729494971,True,2時間前,2026-09-30 05:04:26,千葉県
3t4t車にて食品の店舗配送ドライバーDR:HP083-02-EG新着,株式会社ドライブトライブ,千葉県,"日給2万3,400円",派遣社員,ドライバー,求人ボックス,https://xn--pckua2a7gp15o89zb.com/jb/1a996f7e5987ac3abb06b6a267c6c71f,True,12時間前,2026-09-30 05:03:58,千葉県
送迎配車ドライバー／未経験1年目から年収600万円以上可／普通免許でO...新着,合同会社beatle,千葉県,月給46万円～66万円,正社員,ドライバー,求人ボックス,https://xn--pckua2a7gp15o89zb.com/jbn/ea7cdc8b12acfb4868978b6568c39fd7,True,11時間前,2026-09-30 05:03:58,千葉県
送迎ドライバー デイサービス新着,都商事株式会社,千葉県,"時給1,300円",アルバイト・パート,ドライバー,求人ボックス,https://xn--pckua2a7gp15o89zb.com/jb/b83af72b0b8c88dedbcad452e8f5f086,True,4時間前,2026-09-30 05:04:02,千葉県
夜勤タクシードライバー／未経験スタートOK／年2回のボーナス支給あり新着,ドライバー,千葉県,"月給48万1,000円",正社員,ドライバー,求人ボックス,https://xn--pckua2a7gp15o89zb.com/jbn/a061a5b14e6324c6da451533d981e5ad,True,13時間前,2026-09-30 05:04:02,千葉県
送迎配車ドライバー／普通免許でOK／20-40代活躍中／賞与あり新着,送迎,千葉県,月給46万円～66万円,正社員,ドライバー,求人ボックス,https://xn--pckua2a7gp15o89zb.com/jbn/f138e9723128271a4874e7015b318180,True,11時間前,2026-09-30 05:04:06,千葉県
キャバクラの送りドライバー新着,club Queen～クラブクイーン～,千葉県,"日給5,000円～",アルバイト・パート,ドライバー,求人ボックス,https://xn--pckua2a7gp15o89zb.com/jb/69e678e3ebb5eed95dc12d2fb016c0ef,True,10時間前,2026-09-30 05:04:09,千葉県
送迎配車ドライバー／月休17日以上／賞与あり／普通免許でOK新着,送迎,千葉県,月給46万円～66万円,正社員,ドライバー,求人ボックス,https://xn--pckua2a7gp15o89zb.com/jbn/f0762295d98c63ae52415535cb3c6a64,True,11時間前,2026-09-30 05:04:14,千葉県
軽自動車のネットスーパードライバー／1日25件から30件程の配送新着,株式会社プレロジ,千葉県,"日給1万2,240円",,ドライバー,求人ボックス,https://xn--pckua2a7gp15o89zb.com/jb/66c98d67929ed03cbeca20f7145787f7,True,6時間前,2026-09-30 05:04:18,千葉県
VIP送迎ドライバー／月収50万円以上も可能／未経験歓迎／週3日勤務新着,ドライバー,千葉県,月給46万円～66万円,正社員,ドライバー,求人ボックス,https://xn--pckua2a7gp15o89zb.com/jbn/98cfaf8b9ccc9f810032c85d1e9daa3d,True,11時間前,2026-09-30 05:04:18,千葉県
普通免許で始められる送りドライバー新着,THE FACTORY,千葉県,"日給8,000円～",アルバイト・パート,ドライバー,求人ボックス,https://xn--pckua2a7gp15o89zb.com/jb/9eb9b149ae6274608774416dfce575d4,True,10時間前,2026-09-30 05:04:18,千葉県
送迎配車ドライバー／普通免許でOK／20-40代活躍中／賞与あり新着,送迎,千葉県,月給46万円～66万円,正社員,ドライバー,求人ボックス,https://xn--pckua2a7gp15o89zb.com/jbn/27b141c562baface2d1222708f3c5357,True,11時間前,2026-09-30 05:04:22,千葉県
送迎配車ドライバー／月休17日以上／20-40代活躍中／普通免許でOK新着,送迎,千葉県,月給46万円～66万円,正社員,ドライバー,求人ボックス,https://xn--pckua2a7gp15o89zb.com/jbn/57ac3ea14cebed38e9192395958f4a55,True,11時間前,2026-09-30 05:04:26,千葉県
VIP送迎ドライバー／月収50万円以上も可能／週3日勤務／未経験歓迎新着,ドライバー,千葉県,月給46万円～66万円,正社員,ドライバー,求人ボックス,https://xn--pckua2a7gp15o89zb.com/jbn/038c9996d0124f45dfb4f6e2119edcbc,True,11時間前,2026-09-30 05:04:26,千葉県
VIP送迎ドライバー／未経験歓迎／週3日勤務新着,ドライバー,千葉県,月給46万円～66万円,正社員,ドライバー,求人ボックス,https://xn--pckua2a7gp15o89zb.com/jbn/ab5af984b570947b507390452b219400,True,11時間前,2026-09-30 05:04:30,千葉県
「著名人・企業役員送迎ドライバー」／未経験歓迎／週3日勤務／賞与あり新着,<仕事内容>希望や適性に合わせて配属1 VIP・企業役員送迎,千葉県,月給46万円～66万円,正社員,ドライバー,求人ボックス,https://xn--pckua2a7gp15o89zb.com/jbn/bff18551ea63c6c0cef4169b4015cbf7,True,11時間前,2026-09-30 05:04:30,千葉県
「著名人・企業役員送迎ドライバー」／年間休日120日以上／未経験歓迎新着,<仕事内容>希望や適性に合わせて配属1 VIP・企業役員送迎,千葉県,月給46万円～66万円,正社員,ドライバー,求人ボックス,https://xn--pckua2a7gp15o89zb.com/jbn/132577273c0802b01d0fc10d96c90baa,True,11時間前,2026-09-30 05:04:30,千葉県
警備員／商業施設内の駐車場警備／60代以上積極採用新着,株式会社SC保安警備東日本,千葉県,"日給9,500円",アルバイト・パート,警備,求人ボックス,https://xn--pckua2a7gp15o89zb.com/jb/338763c163de708026769d3bc36b62f2,True,18時間前,2026-09-30 05:04:19,千葉県
未経験OK!履歴書不要で即面接・即採用!日給最大1.4万円・日払い可の交通誘導警備員新着,株式会社修明,千葉県,"日給1万2,000円",アルバイト・パート,警備,求人ボックス,https://xn--pckua2a7gp15o89zb.com/jb/46080bf5369490a9a920c902b6596a7e,True,11時間前,2026-09-30 05:04:19,千葉県
警備員／株式会社ユニオン新着,株式会社第二章,千葉県,"日給9,160円～",アルバイト・パート,警備,求人ボックス,https://xn--pckua2a7gp15o89zb.com/jb/012a679f2c7311047897a0775932f5e7,True,1時間前,2026-09-30 05:04:19,千葉県
「愛知県勤務」交通誘導／待遇に自信あり／引っ越しサポートあり・日払い週払い可新着,セキュリティスタッフ株式会社,千葉県,"日給9,500円",正社員,警備,求人ボックス,https://xn--pckua2a7gp15o89zb.com/jb/3c3fc6041f65936ed7b0b6f7facbe125,True,4時間前,2026-09-30 05:04:19,千葉県
送迎配車ドライバー／月休17日以上／普通免許でOK／賞与あり／未経験1年目から年収600万円以上可新着,宅配ドライバー/ルート配送/,千葉県,月給46万円～66万円,正社員,警備,求人ボックス,https://xn--pckua2a7gp15o89zb.com/jbn/983fa191a9d7873024fa9cebeee3ad09,True,11時間前,2026-09-30 05:04:23,千葉県
「メリハリつけて働ける一般事務」帰宅後に仕事のことが頭をよぎらない新着,現在活躍しているスタッフの前職も、元美容師、,千葉県,"月給22万6,000円",正社員,警備,求人ボックス,https://xn--pckua2a7gp15o89zb.com/jbn/0228d7724f2d49f09684d03726de7052,True,3時間前,2026-09-30 05:04:27,千葉県
「安定企業で安心して働ける」経歴不問のサポート事務職／土日祝休み・年間休日125日～新着,現在活躍しているスタッフの前職も、元美容師、,千葉県,"月給21万9,000円",正社員,警備,求人ボックス,https://xn--pckua2a7gp15o89zb.com/jbn/7071acaf6bcb8003a8792801378a9f2f,True,2時間前,2026-09-30 05:04:33,千葉県
高級賃貸マンションコンシェルジュ／セカンドキャリアにピッタリ／月10日程度の勤務／夜勤新着,泉ガーデンレジデンス,千葉県,"月給25万6,000円",正社員,警備,求人ボックス,https://xn--pckua2a7gp15o89zb.com/jbn/ab68ec5b1a30b53be029199cd0171ee1,True,3時間前,2026-09-30 05:04:33,千葉県
高級賃貸マンションコンシェルジュ／セカンドキャリアにピッタリ／月10日程度の勤務／夜勤新着,ラ・トゥール渋谷神南,千葉県,"月給25万6,000円",正社員,警備,求人ボックス,https://xn--pckua2a7gp15o89zb.com/jbn/6fa9fed9d85d23543e4310bc42781f08,True,3時間前,2026-09-30 05:04:36,千葉県
オフィスビルでのモニター監視・巡回スタッフ／月30万可能!／WワークOK／夜勤新着,汐留住友ビル,千葉県,"月給25万6,000円",正社員,警備,求人ボックス,https://xn--pckua2a7gp15o89zb.com/jbn/f92d4028df837e10d217e9f128b9a6ca,True,2時間前,2026-09-30 05:04:36,千葉県
オフィスビルでのモニター監視・巡回スタッフ／月30万可能!／WワークOK／夜勤新着,住友浜松町ビル,千葉県,"月給25万6,000円",正社員,警備,求人ボックス,https://xn--pckua2a7gp15o89zb.com/jbn/23ebf16aea02d1eab6333dcbcbf24588,True,2時間前,2026-09-30 05:04:36,千葉県
オフィスビルでのモニター監視・巡回スタッフ／月30万可能!／WワークOK／夜勤新着,住友不動産三田ビル,千葉県,"月給25万6,000円",正社員,警備,求人ボックス,https://xn--pckua2a7gp15o89zb.com/jbn/596dcf97ec3292a85a093081adbb49ed,True,2時間前,2026-09-30 05:04:42,千葉県
高級賃貸マンションコンシェルジュ／セカンドキャリアにピッタリ／月10日程度の勤務／夜勤新着,ラ・トゥール青葉台,千葉県,"月給25万6,000円",正社員,警備,求人ボックス,https://xn--pckua2a7gp15o89zb.com/jbn/bf7e221ee5b9344a308652f86d3349e4,True,3時間前,2026-09-30 05:04:42,千葉県
オフィスビルでのモニター監視・巡回スタッフ／月30万可能!／WワークOK／夜勤新着,住友不動産三田ファーストビル,千葉県,"月給25万6,000円",正社員,警備,求人ボックス,https://xn--pckua2a7gp15o89zb.com/jbn/992ffe5d133e12e729de76fb6f17b8e3,True,2時間前,2026-09-30 05:04:42,千葉県
オフィスビルでのモニター監視・巡回スタッフ／月30万可能!／WワークOK／夜勤新着,住友不動産御成門駅前ビル,千葉県,"月給25万6,000円",正社員,警備,求人ボックス,https://xn--pckua2a7gp15o89zb.com/jbn/20c31a6a76cc368552850e6b5abd0c74,True,2時間前,2026-09-30 05:04:46,千葉県
オフィスビルでのモニター監視・巡回スタッフ／月30万可能!／WワークOK／夜勤新着,ヨコソーレインボータワー,千葉県,"月給25万6,000円",正社員,警備,求人ボックス,https://xn--pckua2a7gp15o89zb.com/jbn/0106abb57d9bd48113a721368d47f6ac,True,2時間前,2026-09-30 05:04:46,千葉県
高級賃貸マンション管理／20代30代活躍中／未経験歓迎／夜勤／無理なく働いて月30万円可能新着,六本木グランドタワーレジデンス,千葉県,"月給25万6,000円",正社員,警備,求人ボックス,https://xn--pckua2a7gp15o89zb.com/jbn/c075961d3c6dc2ce147f8e2ff43d0622,True,2時間前,2026-09-30 05:04:46,千葉県
オフィスビルでのモニター監視・巡回スタッフ／月30万可能!／WワークOK／夜勤新着,住友新虎ノ門ビル,千葉県,"月給25万6,000円",正社員,警備,求人ボックス,https://xn--pckua2a7gp15o89zb.com/jbn/d0c6c9653383e1d72a642327c5686fc2,True,2時間前,2026-09-30 05:04:49,千葉県
オフィスビルでのモニター監視・巡回スタッフ／20代30代活躍中／勤務は3日に1回の正社員!／夜勤新着,住友不動産御成門タワー,千葉県,"月給25万6,000円",正社員,警備,求人ボックス,https://xn--pckua2a7gp15o89zb.com/jbn/803ba1c0a0b2b516bbb5f96ee1aff581,True,2時間前,2026-09-30 05:04:49,千葉県
「20~30代活躍」キャラクターフィギュア製造スタッフ／彩色・組立新着,株式会社ELシステム,千葉県,"月給29万4,000円",正社員,製造,求人ボックス,https://xn--pckua2a7gp15o89zb.com/jbn/55ca91ac3c0a9a203b52a1d5eb927968,True,9時間前,2026-09-30 05:04:30,千葉県
「20~30代活躍」キャラクターフィギュア製造スタッフ／彩色・組立新着,株式会社ELM,千葉県,"月給35万5,100円",正社員,製造,求人ボックス,https://xn--pckua2a7gp15o89zb.com/jbn/b840b8ee678f7a98d394245366433f18,True,9時間前,2026-09-30 05:04:30,千葉県
キャラクターグッズ製造スタッフ／缶バッジ・キーホルダーの加工機操作新着,株式会社窪田建築,千葉県,"月給29万6,800円",正社員,製造,求人ボックス,https://xn--pckua2a7gp15o89zb.com/jbn/93787b00ee756a9d1d4de582a873698c,True,10時間前,2026-09-30 05:04:31,千葉県
「20~30代活躍」楽器・音楽機材製造スタッフ／製品の組立・動作調整新着,株式会社Meta Sales,千葉県,"月給31万7,000円",正社員,製造,求人ボックス,https://xn--pckua2a7gp15o89zb.com/jbn/0a9a308f717dbf4102c0f30c9a6d87c1,True,9時間前,2026-09-30 05:04:31,千葉県
キャラクターグッズ製造スタッフ／缶バッジ・キーホルダーの加工機操作新着,株式会社キソシン,千葉県,"月給31万9,300円",正社員,製造,求人ボックス,https://xn--pckua2a7gp15o89zb.com/jbn/6b943f9b8523eb8cdd410c9416248d2d,True,10時間前,2026-09-30 05:04:35,千葉県
キャラクターグッズ製造スタッフ／缶バッジ・キーホルダーの加工機操作新着,株式会社大斗,千葉県,"月給33万7,500円",正社員,製造,求人ボックス,https://xn--pckua2a7gp15o89zb.com/jbn/0396b9fdfdfff08c5a2097d6adbd08c1,True,9時間前,2026-09-30 05:04:35,千葉県
製造スタッフ「初めての工場勤務も歓迎」／未経験OK／昇給・賞与あり新着,株式会社プロジェクトトリガー,千葉県,月給34万円～60万円,正社員,製造,求人ボックス,https://xn--pckua2a7gp15o89zb.com/jbn/a9c1f68f271b6951cc5433e254ef17df,True,9時間前,2026-09-30 05:04:39,千葉県
カードサプライを作る!／カードゲームグッズの製造スタッフ／未経験歓迎新着,製造,千葉県,"月給35万6,500円",正社員,製造,求人ボックス,https://xn--pckua2a7gp15o89zb.com/jbn/ef034c3dcd9f9cc1f68cd3a98215b1e2,True,11時間前,2026-09-30 05:04:43,千葉県
化粧品工場での製造スタッフ／原料補充や調合作業／空調完備新着,株式会社GoodWorkJapan,千葉県,"時給2,070円",派遣社員,製造,求人ボックス,https://xn--pckua2a7gp15o89zb.com/jb/ade6e1767bc4a6c07c5d091616ffc59d,True,6時間前,2026-09-30 05:04:43,千葉県
キャラクターグッズ製造スタッフ／缶バッジ・キーホルダーの加工機操作新着,ベンタス株式会社,千葉県,"月給33万5,100円",正社員,製造,求人ボックス,https://xn--pckua2a7gp15o89zb.com/jbn/a7a5f3b37002159020b186dbdec2936c,True,10時間前,2026-09-30 05:04:48,千葉県
製造スタッフ／未経験OK／月収30万円以上／無料寮あり／モクモク作業新着,株式会社tocca,千葉県,月給30万円～34万円,正社員,製造,求人ボックス,https://xn--pckua2a7gp15o89zb.com/jbn/4d91448874c3cd71a43fc0537fc3a130,True,2時間前,2026-09-30 05:04:48,千葉県
カードサプライを作る!未経験OK／カードゲームグッズの製造スタッフ新着,製造,千葉県,"月給35万6,500円",正社員,製造,求人ボックス,https://xn--pckua2a7gp15o89zb.com/jbn/808d7fafb988248054b3995c5df3d77f,True,11時間前,2026-09-30 05:04:48,千葉県
ガジェット好き必見!／パソコンの製造スタッフ／年間休日128日新着,製造,千葉県,"月給37万9,500円",正社員,製造,求人ボックス,https://xn--pckua2a7gp15o89zb.com/jbn/240ad7040959eb230a36db2d1edb71e7,True,11時間前,2026-09-30 05:04:53,千葉県
「20~30代活躍」ゲーミング家具製造スタッフ／チェアの組立・機能調整新着,株式会社enrich technology,千葉県,"月給32万3,000円",正社員,製造,求人ボックス,https://xn--pckua2a7gp15o89zb.com/jbn/b094457f56a4e5c3d7c44aa0f43ddbee,True,10時間前,2026-09-30 05:04:58,千葉県
最新モデルに関われる!／パソコンの製造スタッフ／年間休日124日新着,製造,千葉県,"月給37万9,500円",正社員,製造,求人ボックス,https://xn--pckua2a7gp15o89zb.com/jbn/99ca91016d36e65d51a3f431fb7de1c6,True,11時間前,2026-09-30 05:05:02,千葉県
製造スタッフ／ブランク歓迎／個室社宅あり／安定ワーク／かんたん作業新着,株式会社M-pros,千葉県,月給30万円～34万円,正社員,製造,求人ボックス,https://xn--pckua2a7gp15o89zb.com/jbn/51bdaffc836a9e5e7e977d8730ec5cf5,True,2時間前,2026-09-30 05:05:02,千葉県
「まだ間に合う!」未経験採用枠／カプセルトイ製造スタッフ／研修充実新着,株式会社小林,千葉県,月給28万円～50万円,正社員,製造,求人ボックス,https://xn--pckua2a7gp15o89zb.com/jbn/fea3f23d9ec782d916049aa70731ebbc,True,12時間前,2026-09-30 05:05:02,千葉県
「新生活デビュー応援!」未経験採用枠／製造スタッフ・カプセルトイ新着,AQUARIUS株式会社,千葉県,月給28万円～50万円,正社員,製造,求人ボックス,https://xn--pckua2a7gp15o89zb.com/jbn/cfedde585bdbe8c2c03f129e3c9d2a80,True,12時間前,2026-09-30 05:05:02,千葉県
月収42万円以上可 1R寮完備&寮費無料 バッテリー製造スタッフでしっ...新着,株式会社JIN,千葉県,"時給1,600円～1,900円",アルバイト・パート,製造,求人ボックス,https://xn--pckua2a7gp15o89zb.com/jb/b750af7fbd3fb09f8a0026dee94a3c7a,True,9時間前,2026-09-30 05:05:05,千葉県
「再スタート応援」アニメグッズの製造スタッフ／未経験活躍中新着,製造,千葉県,"月給31万9,100円",正社員,製造,求人ボックス,https://xn--pckua2a7gp15o89zb.com/jbn/9177a3437e4492435a43aafda5f14612,True,13時間前,2026-09-30 05:05:05,千葉県
ホテルの客室清掃スタッフ 未経験可 週2日から可 駅から徒歩3分で通勤...新着,ホテルテトラ幕張稲毛海岸,千葉県,"時給1,141円",アルバイト・パート,清掃,求人ボックス,https://xn--pckua2a7gp15o89zb.com/jb/43563ccded0fa8c47c05f7043372e060,True,4時間前,2026-09-30 05:04:33,千葉県
企業内での清掃スタッフ新着,ハーベスト株式会社,千葉県,"時給1,250円～",アルバイト・パート,清掃,求人ボックス,https://xn--pckua2a7gp15o89zb.com/jb/e6d35a38f30ae33d1f9223ddd23c33a8,True,10時間前,2026-09-30 05:04:33,千葉県
日給2250円パチンコ閉店後清掃スタッフ新着,有限会社アクア,千葉県,"時給1,500円",アルバイト・パート,清掃,求人ボックス,https://xn--pckua2a7gp15o89zb.com/jb/937bbfb576fac0999f486268fe771696,True,12時間前,2026-09-30 05:04:33,千葉県
オフィスビルの清掃スタッフ／モクモク作業／午後からのゆったり勤務新着,泉ガーデンタワー,千葉県,"月給25万6,000円",正社員,清掃,求人ボックス,https://xn--pckua2a7gp15o89zb.com/jbn/cd068eec9512c1e180ce818e7b879719,True,2時間前,2026-09-30 05:04:33,千葉県
清掃スタッフ／モクモク作業／未経験／早番／コツコツ作業新着,住友浜松町ビル,千葉県,"月給25万6,000円",正社員,清掃,求人ボックス,https://xn--pckua2a7gp15o89zb.com/jbn/71d166ed6c81fa779dec3576f5c524d5,True,2時間前,2026-09-30 05:04:33,千葉県
「病院施設の清掃スタッフ」前払いOK!WEBでカンタン応募!新着,株式会社LeafNxT,千葉県,"時給1,400円",派遣社員,清掃,求人ボックス,https://xn--pckua2a7gp15o89zb.com/jb/0d7e92392bbdf3dfce50acd3eaa96e9e,True,23時間前,2026-09-30 05:04:33,千葉県
オフィスビルの清掃スタッフ／モクモク作業／午後からのゆったり勤務新着,住友不動産芝ビル,千葉県,"月給25万6,000円",正社員,清掃,求人ボックス,https://xn--pckua2a7gp15o89zb.com/jbn/582959695b7341523fd093b5584345fc,True,2時間前,2026-09-30 05:04:33,千葉県
オフィスビルの清掃スタッフ／モクモク作業／午後からのゆったり勤務新着,住友不動産三田ファーストビル,千葉県,"月給25万6,000円",正社員,清掃,求人ボックス,https://xn--pckua2a7gp15o89zb.com/jbn/15b64a8ab3f16160dfc37324bfebd628,True,2時間前,2026-09-30 05:04:33,千葉県
オフィスビルの清掃スタッフ／モクモク作業／午後からのゆったり勤務新着,住友不動産青山通ビル,千葉県,"月給25万6,000円",正社員,清掃,求人ボックス,https://xn--pckua2a7gp15o89zb.com/jbn/df950fc98a6e0b456c2f3a9353823a36,True,2時間前,2026-09-30 05:04:33,千葉県
オフィスビルの清掃スタッフ／モクモク作業／午後からのゆったり勤務新着,住友不動産渋谷ガーデンタワー,千葉県,"月給25万6,000円",正社員,清掃,求人ボックス,https://xn--pckua2a7gp15o89zb.com/jbn/9490acb87e7292c4c1e5b4f7b6f217cd,True,2時間前,2026-09-30 05:04:33,千葉県
清掃スタッフ／モクモク作業／未経験／早番／コツコツ作業新着,ラ・トゥール代官山,千葉県,"月給25万6,000円",正社員,清掃,求人ボックス,https://xn--pckua2a7gp15o89zb.com/jbn/572dc67a4cf4ddc0ba52d377c7a794dd,True,2時間前,2026-09-30 05:04:33,千葉県
オフィスビルの清掃スタッフ／モクモク作業／午後からのゆったり勤務新着,汐留住友ビル,千葉県,"月給25万6,000円",正社員,清掃,求人ボックス,https://xn--pckua2a7gp15o89zb.com/jbn/ed0a1491437812c699238dad2f211424,True,2時間前,2026-09-30 05:04:33,千葉県
オフィスビルの清掃スタッフ／モクモク作業／午後からのゆったり勤務新着,住友不動産芝ビル4号館,千葉県,"月給25万6,000円",正社員,清掃,求人ボックス,https://xn--pckua2a7gp15o89zb.com/jbn/698782d191b69da75ab8ffb634f33a35,True,2時間前,2026-09-30 05:04:33,千葉県
清掃スタッフ／モクモク作業／未経験／早番／コツコツ作業新着,住友不動産御成門駅前ビル,千葉県,"月給25万6,000円",正社員,清掃,求人ボックス,https://xn--pckua2a7gp15o89zb.com/jbn/f27b6b930a14838b41c75f7a163f6c9c,True,2時間前,2026-09-30 05:04:33,千葉県
オフィスビルの清掃スタッフ／モクモク作業／午後からのゆったり勤務新着,住友不動産芝ビル3号館,千葉県,"月給25万6,000円",正社員,清掃,求人ボックス,https://xn--pckua2a7gp15o89zb.com/jbn/23ee7019c007eaa2c162c8423d955d2b,True,2時間前,2026-09-30 05:04:37,千葉県
オフィスビルの清掃スタッフ／モクモク作業／午後からのゆったり勤務新着,住友不動産青葉台ヒルズ,千葉県,"月給25万6,000円",正社員,清掃,求人ボックス,https://xn--pckua2a7gp15o89zb.com/jbn/b2b932ccedc16459be37c6d390047169,True,2時間前,2026-09-30 05:04:37,千葉県
オフィスビルの清掃スタッフ／モクモク作業／午後からのゆったり勤務新着,住友不動産青葉台タワー,千葉県,"月給25万6,000円",正社員,清掃,求人ボックス,https://xn--pckua2a7gp15o89zb.com/jbn/94c1aee37497bcaf81435596c768fbec,True,2時間前,2026-09-30 05:04:37,千葉県
オフィスビルの清掃スタッフ／モクモク作業／午後からのゆったり勤務新着,住友芝大門ビル,千葉県,"月給25万6,000円",正社員,清掃,求人ボックス,https://xn--pckua2a7gp15o89zb.com/jbn/148840fe649f74bec9c0a7ec2716b7b8,True,2時間前,2026-09-30 05:04:37,千葉県
オフィスビルの清掃スタッフ／モクモク作業／午後からのゆったり勤務新着,住友不動産東京三田ガーデンタワー,千葉県,"月給25万6,000円",正社員,清掃,求人ボックス,https://xn--pckua2a7gp15o89zb.com/jbn/401872f4953f160864699acfaebca70c,True,2時間前,2026-09-30 05:04:37,千葉県
清掃スタッフ／モクモク作業／未経験／早番／コツコツ作業新着,渋谷インフォスタワー,千葉県,"月給25万6,000円",正社員,清掃,求人ボックス,https://xn--pckua2a7gp15o89zb.com/jbn/30f6800a64e1653b66e64edf538ab22d,True,2時間前,2026-09-30 05:04:37,千葉県
オフィスビルの清掃スタッフ／モクモク作業／午後からのゆったり勤務新着,住友不動産新橋ビル,千葉県,"月給25万6,000円",正社員,清掃,求人ボックス,https://xn--pckua2a7gp15o89zb.com/jbn/90acb4addbb26d6a2609eb8c7d1d4721,True,2時間前,2026-09-30 05:04:37,千葉県
清掃スタッフ／モクモク作業／未経験／早番／コツコツ作業新着,住友新虎ノ門ビル,千葉県,"月給25万6,000円",正社員,清掃,求人ボックス,https://xn--pckua2a7gp15o89zb.com/jbn/0c985385ec02d20e25b7f98796c7cea0,True,2時間前,2026-09-30 05:04:40,千葉県
清掃スタッフ／モクモク作業／未経験／早番／コツコツ作業新着,住友不動産汐留浜離宮ビル,千葉県,"月給25万6,000円",正社員,清掃,求人ボックス,https://xn--pckua2a7gp15o89zb.com/jbn/cab99265e2094cb4cedd1aee6d6a6a1e,True,2時間前,2026-09-30 05:04:41,千葉県
清掃スタッフ／モクモク作業／未経験／早番／コツコツ作業新着,ヨコソーレインボータワー,千葉県,"月給25万6,000円",正社員,清掃,求人ボックス,https://xn--pckua2a7gp15o89zb.com/jbn/0cfea821cb8ba90c1fa53f2d26468279,True,2時間前,2026-09-30 05:04:41,千葉県
オフィスビルの清掃スタッフ／モクモク作業／午後からのゆったり勤務新着,住友不動産芝公園タワー,千葉県,"月給25万6,000円",正社員,清掃,求人ボックス,https://xn--pckua2a7gp15o89zb.com/jbn/5cc8a42a5b35d815a6bd631c67b17bfd,True,2時間前,2026-09-30 05:04:41,千葉県
清掃スタッフ／モクモク作業／未経験／早番／コツコツ作業新着,住友不動産虎ノ門タワー,千葉県,"月給25万6,000円",正社員,清掃,求人ボックス,https://xn--pckua2a7gp15o89zb.com/jbn/327475e7edd68556534aa319a29c175e,True,3時間前,2026-09-30 05:04:41,千葉県
オフィスビルの清掃スタッフ／モクモク作業／午後からのゆったり勤務新着,住友不動産汐留ウイング,千葉県,"月給25万6,000円",正社員,清掃,求人ボックス,https://xn--pckua2a7gp15o89zb.com/jbn/2c9ebf6730f6a2a007b69fafe2f39961,True,2時間前,2026-09-30 05:04:41,千葉県
清掃スタッフ／モクモク作業／未経験／早番／コツコツ作業新着,住友不動産田町駅前ビル,千葉県,"月給25万6,000円",正社員,清掃,求人ボックス,https://xn--pckua2a7gp15o89zb.com/jbn/71bc54bc1ef94c50759ae45e61f9e1e8,True,3時間前,2026-09-30 05:04:41,千葉県
清掃スタッフ／モクモク作業／未経験／早番／コツコツ作業新着,ラ・トゥール渋谷神南,千葉県,"月給25万6,000円",正社員,清掃,求人ボックス,https://xn--pckua2a7gp15o89zb.com/jbn/0121b6ac990686a4b4228f82f0f41b06,True,2時間前,2026-09-30 05:04:44,千葉県
オフィスビルの清掃スタッフ／モクモク作業／午後からのゆったり勤務新着,住友不動産田町ファーストビル,千葉県,"月給25万6,000円",正社員,清掃,求人ボックス,https://xn--pckua2a7gp15o89zb.com/jbn/0b4b332153b2e9f8935a1a02a8a758be,True,2時間前,2026-09-30 05:04:44,千葉県
オフィスビルの清掃スタッフ／モクモク作業／午後からのゆったり勤務新着,住友不動産渋谷ファーストタワー,千葉県,"月給25万6,000円",正社員,清掃,求人ボックス,https://xn--pckua2a7gp15o89zb.com/jbn/6a21059585338a433fae8f17e890f37a,True,2時間前,2026-09-30 05:04:44,千葉県
オフィスビルの清掃スタッフ／モクモク作業／午後からのゆったり勤務新着,住友不動産三田ビル,千葉県,"月給25万6,000円",正社員,清掃,求人ボックス,https://xn--pckua2a7gp15o89zb.com/jbn/c78fbf889f5db6450e6d031a37c6649f,True,2時間前,2026-09-30 05:04:44,千葉県
清掃スタッフ／モクモク作業／未経験／早番／コツコツ作業新着,東京汐留ビルディング,千葉県,"月給25万6,000円",正社員,清掃,求人ボックス,https://xn--pckua2a7gp15o89zb.com/jbn/581b94d9df5c95c331aac017e329a7b9,True,2時間前,2026-09-30 05:04:44,千葉県
オフィスビルの清掃スタッフ／モクモク作業／午後からのゆったり勤務新着,住友不動産芝公園ファーストビル,千葉県,"月給25万6,000円",正社員,清掃,求人ボックス,https://xn--pckua2a7gp15o89zb.com/jbn/11c39b4245bff964af7be3c89017bb10,True,2時間前,2026-09-30 05:04:44,千葉県
清掃スタッフ／モクモク作業／未経験／早番／コツコツ作業新着,泉ガーデンレジデンス,千葉県,"月給25万6,000円",正社員,清掃,求人ボックス,https://xn--pckua2a7gp15o89zb.com/jbn/133deb57a5d1fc6084a84e8278e0ace1,True,3時間前,2026-09-30 05:04:52,千葉県
清掃スタッフ／モクモク作業／未経験／早番／コツコツ作業新着,恵比寿SSビル,千葉県,"月給25万6,000円",正社員,清掃,求人ボックス,https://xn--pckua2a7gp15o89zb.com/jbn/59a59851607877c00961edda1bb0a5f9,True,3時間前,2026-09-30 05:04:52,千葉県
清掃スタッフ／モクモク作業／未経験／早番／コツコツ作業新着,ラ・トゥール汐留,千葉県,"月給25万6,000円",正社員,清掃,求人ボックス,https://xn--pckua2a7gp15o89zb.com/jbn/70c9e66e67f5f0a11cf1f0ee74a95da8,True,3時間前,2026-09-30 05:04:52,千葉県
オフィスビルの清掃スタッフ／モクモク作業／午後からのゆったり勤務新着,住友不動産東京三田サウスタワー,千葉県,"月給25万6,000円",正社員,清掃,求人ボックス,https://xn--pckua2a7gp15o89zb.com/jbn/2bac36e508e025ac3e0c59d1fb1f4082,True,2時間前,2026-09-30 05:04:52,千葉県
清掃スタッフ／モクモク作業／未経験／早番／コツコツ作業新着,住友不動産御成門タワー,千葉県,"月給25万6,000円",正社員,清掃,求人ボックス,https://xn--pckua2a7gp15o89zb.com/jbn/c1eb9988a2032edf7419337d22b97c7d,True,3時間前,2026-09-30 05:04:52,千葉県
オフィスビルの清掃スタッフ／モクモク作業／午後からのゆったり勤務新着,住友不動産六本木グランドタワー,千葉県,"月給25万6,000円",正社員,清掃,求人ボックス,https://xn--pckua2a7gp15o89zb.com/jbn/61c99479629ada23eac17fd9c7467883,True,2時間前,2026-09-30 05:04:52,千葉県
清掃スタッフ／モクモク作業／未経験／早番／コツコツ作業新着,住友不動産渋谷タワー,千葉県,"月給25万6,000円",正社員,清掃,求人ボックス,https://xn--pckua2a7gp15o89zb.com/jbn/30cd61e7d5a5051c88d41e51ced04473,True,2時間前,2026-09-30 05:04:52,千葉県
清掃スタッフ／モクモク作業／未経験／早番／コツコツ作業新着,六本木グランドタワーレジデンス,千葉県,"月給25万6,000円",正社員,清掃,求人ボックス,https://xn--pckua2a7gp15o89zb.com/jbn/5e94ede60fc7a7f5793fa7e1f4255ecd,True,2時間前,2026-09-30 05:04:56,千葉県
オフィスビルの清掃スタッフ／モクモク作業／午後からのゆったり勤務新着,住友芝浦ビル,千葉県,"月給25万6,000円",正社員,清掃,求人ボックス,https://xn--pckua2a7gp15o89zb.com/jbn/be7690e930fecdf22d1443de11167801,True,2時間前,2026-09-30 05:04:56,千葉県
商業施設の清掃スタッフ新着,株式会社白青舎,千葉県,月給22万円,,清掃,求人ボックス,https://xn--pckua2a7gp15o89zb.com/jb/5049a594a4b6137622adffe647cc0ebf,True,4時間前,2026-09-30 05:04:56,千葉県
"清掃スタッフ募集／週2日~OK／時給1,210円~《京成本線新着",清掃,千葉県,"時給1,210円",アルバイト・パート,清掃,求人ボックス,https://xn--pckua2a7gp15o89zb.com/jb/a69568d6a2aaee6491ec9833961d83d3,True,17時間前,2026-09-30 05:04:56,千葉県
清掃スタッフ／千葉支店 大多喜ガス新千葉新着,太平ビルサービス株式会社,千葉県,"時給1,195円～1,250円",アルバイト・パート,清掃,求人ボックス,https://xn--pckua2a7gp15o89zb.com/jb/fddfd67bc4e5401123783f779a85475d,True,6時間前,2026-09-30 05:04:56,千葉県
障がいのある清掃スタッフの支援・指導業務員新着,南関東日野自動車株式会社,千葉県,月給21万円～23万円,契約社員,清掃,求人ボックス,https://xn--pckua2a7gp15o89zb.com/jb/6b61237343dab1586627b1bbac93aaa5,True,5時間前,2026-09-30 05:05:00,千葉県
清掃スタッフ／清掃新着,スーパーベルクス市川堀之内店,千葉県,"時給1,250円～",アルバイト・パート,清掃,求人ボックス,https://xn--pckua2a7gp15o89zb.com/jb/a0a287dc7298d215b6a442d7502eef26,True,9時間前,2026-09-30 05:05:00,千葉県
清掃スタッフ／清掃新着,スーパーベルクス新豊四季店,千葉県,"時給1,240円～",アルバイト・パート,清掃,求人ボックス,https://xn--pckua2a7gp15o89zb.com/jb/5c4dc5ecca782dd20039d5c41b5fc3bd,True,9時間前,2026-09-30 05:05:00,千葉県
清掃スタッフ／清掃新着,スーパーベルクスファインシティ東松戸店,千葉県,"時給1,230円～",アルバイト・パート,清掃,求人ボックス,https://xn--pckua2a7gp15o89zb.com/jb/7e98dd6d8e0c5bd88f85dafaca39f9a7,True,9時間前,2026-09-30 05:05:00,千葉県
清掃スタッフ／清掃新着,スーパーベルクス松戸六高台店,千葉県,"時給1,220円～",アルバイト・パート,清掃,求人ボックス,https://xn--pckua2a7gp15o89zb.com/jb/9902008863f4cc964bea542400dcdcb4,True,9時間前,2026-09-30 05:05:00,千葉県
清掃スタッフ／清掃新着,スーパーベルクス西船橋店,千葉県,"時給1,270円～",アルバイト・パート,清掃,求人ボックス,https://xn--pckua2a7gp15o89zb.com/jb/a33519b353d7c37874898a50a018c846,True,9時間前,2026-09-30 05:05:00,千葉県
清掃スタッフ／清掃新着,スーパーベルクス仁戸名店,千葉県,"時給1,240円～",アルバイト・パート,清掃,求人ボックス,https://xn--pckua2a7gp15o89zb.com/jb/7b37e9e80c90b8d7b2c980ca76b291d7,True,9時間前,2026-09-30 05:05:04,千葉県
清掃スタッフ／清掃新着,スーパーベルクス稲毛天台店,千葉県,"時給1,240円～",アルバイト・パート,清掃,求人ボックス,https://xn--pckua2a7gp15o89zb.com/jb/b83c1c83980d7a7b4381bd262d17d5c9,True,9時間前,2026-09-30 05:05:04,千葉県
清掃スタッフ／清掃新着,スーパーベルクス新習志野店,千葉県,"時給1,270円～",アルバイト・パート,清掃,求人ボックス,https://xn--pckua2a7gp15o89zb.com/jb/2cb928c3643ea4261f45bf3514f66919,True,9時間前,2026-09-30 05:05:04,千葉県
清掃スタッフ／清掃新着,スーパーベルクス市川鬼高店,千葉県,"時給1,270円～",アルバイト・パート,清掃,求人ボックス,https://xn--pckua2a7gp15o89zb.com/jb/054d52409728473df62be67db99a064d,True,9時間前,2026-09-30 05:05:04,千葉県
清掃スタッフ／清掃新着,スーパーベルクス市川宮久保店,千葉県,"時給1,250円～",アルバイト・パート,清掃,求人ボックス,https://xn--pckua2a7gp15o89zb.com/jb/9151e2dccc0526eb93f27f4159cecadd,True,9時間前,2026-09-30 05:05:04,千葉県
清掃スタッフ／清掃新着,スーパーベルクス中葛西店,千葉県,"時給1,315円～",アルバイト・パート,清掃,求人ボックス,https://xn--pckua2a7gp15o89zb.com/jb/1b0bb6ba21c8f06750daaa57420deaee,True,9時間前,2026-09-30 05:05:04,千葉県
清掃スタッフ／清掃新着,スーパーベルクス柏つくしが丘店,千葉県,"時給1,220円～",アルバイト・パート,清掃,求人ボックス,https://xn--pckua2a7gp15o89zb.com/jb/db428b60d6ab2a7b38323ec6b364c0cb,True,9時間前,2026-09-30 05:05:04,千葉県
清掃スタッフ／清掃新着,スーパーベルクス五香店,千葉県,"時給1,220円～",アルバイト・パート,清掃,求人ボックス,https://xn--pckua2a7gp15o89zb.com/jb/bdc015e8a66d45bd08960d6339ede54e,True,9時間前,2026-09-30 05:05:07,千葉県
清掃・保守・点検 清掃員・洗浄スタッフ新着,株式会社ニック,千葉県,"時給1,150円",アルバイト・パート,清掃,求人ボックス,https://xn--pckua2a7gp15o89zb.com/jb/5e3c8acb229f5e7af15740371ddf57d6,True,3時間前,2026-09-30 05:05:07,千葉県
清掃スタッフ／清掃新着,株式会社千葉シミズ,千葉県,"時給1,250円～",アルバイト・パート,清掃,求人ボックス,https://xn--pckua2a7gp15o89zb.com/jb/11baf83a77a817b4e39004578cbea255,True,9時間前,2026-09-30 05:05:07,千葉県
未経験の方も歓迎 簡単清掃スタッフさん新着,有限会社シライクリーンサービス,千葉県,"時給1,200円",アルバイト・パート,清掃,求人ボックス,https://xn--pckua2a7gp15o89zb.com/jb/e589971962617c4ee2a9a62b4987197e,True,5時間前,2026-09-30 05:05:07,千葉県
家電や調理器具の清掃スタッフ新着,株式会社ホットスタッフ船橋,千葉県,"時給1,250円",派遣社員,清掃,求人ボックス,https://xn--pckua2a7gp15o89zb.com/jb/6b635a430af14374657da5332b6607ed,True,11時間前,2026-09-30 05:05:07,千葉県
清掃スタッフ／清掃新着,東京ビジネスサービス株式会社,千葉県,"時給1,200円～",アルバイト・パート,清掃,求人ボックス,https://xn--pckua2a7gp15o89zb.com/jb/c436c213ed35f7d7676b6b3e493c5ced,True,9時間前,2026-09-30 05:05:07,千葉県
千葉健生病院の清掃スタッフ新着,リジョイスカンパニー 千葉健生病院 清掃,千葉県,"月給20万7,600円",正社員,清掃,求人ボックス,https://xn--pckua2a7gp15o89zb.com/jb/40e52134428e39f3101baa8ffc688a81,True,17時間前,2026-09-30 05:05:07,千葉県
歯科衛生士／月給25万〜 残業なし 完全週休2日 見学歓迎の明るい歯科...新着,おぎの歯科クリニック,埼玉県,月給25万,正社員,歯科,求人ボックス,https://xn--pckua2a7gp15o89zb.com/jb/4fd49d873c21241dab42c31ce518c3c3,True,2時間前,2026-09-30 05:05:10,埼玉県
歯科衛生士／増患により急募!歯科医院／歯科衛生士／常勤採用新着,北戸田COCO歯科,埼玉県,"月給29万5,000円",正社員,歯科,求人ボックス,https://xn--pckua2a7gp15o89zb.com/jb/98d082890214733f733dc699ccb3c0cc,True,2時間前,2026-09-30 05:05:10,埼玉県
歯科衛生士／第2・4金曜日14:00～17:00で勤務可能な訪問歯科衛...新着,医療法人社団Mデンタル,埼玉県,"時給2,000円～",アルバイト・パート,歯科,求人ボックス,https://xn--pckua2a7gp15o89zb.com/jb/3941b32ff501200bf28dc8e4c7cd1dbe,True,2時間前,2026-09-30 05:05:10,埼玉県
歯科衛生士 徒歩30秒／週休2日制 18時退勤可!未経験／ブランクOK新着,谷塚藤波歯科医院,埼玉県,月給28万円～,正社員,歯科,求人ボックス,https://xn--pckua2a7gp15o89zb.com/jb/b80bde8517283ee4f00264b742510c7d,True,2時間前,2026-09-30 05:05:10,埼玉県
歯科衛生士／有給消化率100%!社会保険完備新着,東大宮 かきうち歯科,埼玉県,月給28万円～40万円,正社員,歯科,求人ボックス,https://xn--pckua2a7gp15o89zb.com/jb/ff11fb7489a5cc3aa65dc6c35a7ae0d1,True,2時間前,2026-09-30 05:05:10,埼玉県
"歯科衛生士／平日夜・日曜限定／時給2,500円〜3,000円／託児所新着",とりづか歯科医院,埼玉県,"時給2,500円",アルバイト・パート,歯科,求人ボックス,https://xn--pckua2a7gp15o89zb.com/jb/9ca109594e06c60875b7391d54a559d0,True,4時間前,2026-09-30 05:05:10,埼玉県
社会保険完備の職場で歯科衛生士新着,フェニックス歯科クリニック,埼玉県,月給24万円～36万円,正社員,歯科,求人ボックス,https://xn--pckua2a7gp15o89zb.com/jb/5820e943f168c7cdde76701054303135,True,7時間前,2026-09-30 05:05:10,埼玉県
保育士／未経験OK／主婦・主夫歓迎／ブランクOK／社会保険完備／交通費支給新着,医療法人社団幸誠会,埼玉県,"月給21万7,000円",正社員,歯科,求人ボックス,https://xn--pckua2a7gp15o89zb.com/jbn/5c1814869bdef0359813b701ead4041c,True,12時間前,2026-09-30 05:05:13,埼玉県
"看護助手／歯科口腔外科のお仕事!長期安定!さいたま市大宮区エリア×時給1,250円～新着",株式会社メディカル・プラネット,埼玉県,"時給1,250円～",アルバイト・パート,歯科,求人ボックス,https://xn--pckua2a7gp15o89zb.com/jb/8e1a485d2a06dac796c34bd9adb05826,True,5時間前,2026-09-30 05:05:13,埼玉県
保育士／未経験OK／交通費支給／完全週休2日制／学歴不問／急募新着,医療法人笠井歯科医院,埼玉県,月給21万円～,正社員,歯科,求人ボックス,https://xn--pckua2a7gp15o89zb.com/jbn/a0a604ff0d9f29796904c844d43f99bb,True,12時間前,2026-09-30 05:05:13,埼玉県
金属部品の加工オペレーター・マシニングセンタ／工業系卒歓迎／未経験OK／土日祝休みあり／交通費支給新着,アネックス・ジャパン株式会社,千葉県,"時給1,900円～2,300円",派遣社員,派遣,求人ボックス,https://xn--pckua2a7gp15o89zb.com/jbn/bdff1f2148168360016d499122a50c22,True,2時間前,2026-09-30 05:04:54,千葉県
10時始業×残業ほぼナシ 高1600円 コツコツ事務 土日祝休み新着,STAFF,千葉県,"時給1,600円",派遣社員,派遣,求人ボックス,https://xn--pckua2a7gp15o89zb.com/jb/d38346245cab4a103fe64bd0180b3389,True,13時間前,2026-09-30 05:04:54,千葉県
「無理なく続けられる人気ワーク!」／派遣コーディネーター／残業少なめ／未経験歓迎／長期安定新着,コーディネーター  登録,千葉県,月給27万円～33万円,正社員,派遣,求人ボックス,https://xn--pckua2a7gp15o89zb.com/jbn/157f7412ba5709e4534662c0bb67fbf3,True,12時間前,2026-09-30 05:04:54,千葉県
「フレッシュな仲間と働ける!」／派遣コーディネーター／未経験OK／スタッフサポート／研修充実新着,コーディネーター  登録,千葉県,月給27万円～33万円,正社員,派遣,求人ボックス,https://xn--pckua2a7gp15o89zb.com/jbn/802703334dc1e4d9decabea9aaff3801,True,12時間前,2026-09-30 05:04:54,千葉県
保育士／流山市市野谷の認可保育園／「流山おおたかの森駅」徒歩15分新着,セントスタッフ東京支店,千葉県,"時給1,500円～1,700円",派遣社員,派遣,求人ボックス,https://xn--pckua2a7gp15o89zb.com/jb/41a0f826e899a0a223a651e6e8c65784,True,6時間前,2026-09-30 05:04:54,千葉県
一般事務新着,株式会社リクルートスタッフィング,千葉県,"時給1,400円～",派遣社員,派遣,求人ボックス,https://xn--pckua2a7gp15o89zb.com/jb/7cf1d8425fd5d85fcaedae8cf8159f56,True,20時間前,2026-09-30 05:04:55,千葉県
"施設内の受付・見回りスタッフ／高収入!／時給1,600円!短期OK／スキマ時間で稼げる新着",株式会社エグゼクティブプロテクション,千葉県,"時給1,600円",アルバイト・パート,派遣,求人ボックス,https://xn--pckua2a7gp15o89zb.com/jbn/988f475bbf1edf857e726a979d126f6e,True,3時間前,2026-09-30 05:04:55,千葉県
大手建設会社で建設現場事務新着,ヒューマンリソシア株式会社,千葉県,"時給1,800円",派遣社員,派遣,求人ボックス,https://xn--pckua2a7gp15o89zb.com/jb/1e36b243ab0e5d5ba27466ba87df6d71,True,9時間前,2026-09-30 05:04:55,千葉県
急募!調理器具などの梱包新着,株式会社アルミラ,千葉県,"時給1,450円～",アルバイト・パート,派遣,求人ボックス,https://xn--pckua2a7gp15o89zb.com/jb/8a5564abdbfc94547e8c204be72f4c30,True,12時間前,2026-09-30 05:04:55,千葉県
FRED PERRY／ショップ販売新着,株式会社スタッフブリッジ,千葉県,"時給1,600円",派遣社員,派遣,求人ボックス,https://xn--pckua2a7gp15o89zb.com/jb/c617084257157d4184e28edc437d7acc,True,8時間前,2026-09-30 05:04:55,千葉県
メーカーへの提案営業／未経験歓迎新着,株式会社メイテック,千葉県,年収450万円～600万円,正社員,派遣,求人ボックス,https://xn--pckua2a7gp15o89zb.com/jbn/b10fb3643ff665e5cea2acf3b5964e03,True,2時間前,2026-09-30 05:04:55,千葉県
一般事務／社員前提 賞与2回 4ヶ月分 週2日在宅あり 支払入金処理新着,株式会社スタッフサービス,千葉県,"時給1,800円",派遣社員,派遣,求人ボックス,https://xn--pckua2a7gp15o89zb.com/jb/70a0b71d0725286fe9b475f9f0d7ae4f,True,18時間前,2026-09-30 05:04:55,千葉県
ご応募者様の受付対応や事務処理など／土日祝休み／業界知識は一切不要新着,株式会社GoodWorkJapan,千葉県,"時給1,400円",正社員,派遣,求人ボックス,https://xn--pckua2a7gp15o89zb.com/jb/a21fe5cd3648339e56784e283d3c9778,True,6時間前,2026-09-30 05:04:55,千葉県
大手通信キャリアの法人サービス支援業務／未経験歓迎／昇給あり／賞与あり新着,株式会社モバイルコミュニケーションズ,千葉県,年収300万円～400万円,正社員,派遣,求人ボックス,https://xn--pckua2a7gp15o89zb.com/jbn/a37b4ff67fc0b38fc82c4d8ef5ec5ac5,True,2時間前,2026-09-30 05:04:59,千葉県
未経験可／研修充実／システムエンジニア新着,infront株式会社,千葉県,月給28万円～50万円,正社員,派遣,求人ボックス,https://xn--pckua2a7gp15o89zb.com/jbn/a8e1356632467c21f7226133a6167128,True,11時間前,2026-09-30 05:04:59,千葉県
簡単な作業ができればOK!／部品のチェック・仕分け担当／昇給年2回／未経験活躍新着,株式会社GUM,千葉県,"月給25万5,000円",正社員,派遣,求人ボックス,https://xn--pckua2a7gp15o89zb.com/jbn/fedfc3b0991c92b3a172b7bdf45f4164,True,11時間前,2026-09-30 05:04:59,千葉県
一般事務・OA事務／未経験からスタートOK!データ入力事務 土日祝お休み新着,株式会社ヒューマントラスト,千葉県,"時給1,450円",派遣社員,派遣,求人ボックス,https://xn--pckua2a7gp15o89zb.com/jb/900acef3bcdc1eb588fdbffb1627ca0c,True,17時間前,2026-09-30 05:04:59,千葉県
樹脂製品の充填作業スタッフ新着,株式会社ホットスタッフ千葉,千葉県,"時給1,600円",派遣社員,派遣,求人ボックス,https://xn--pckua2a7gp15o89zb.com/jb/f09350245b4cee510094055882d15983,True,11時間前,2026-09-30 05:04:59,千葉県
新年ガッツリ稼ぐ!／即採用可／プラモデル等の検品／祝い金10万新着,バイトや,千葉県,月給31万円～38万円,正社員,派遣,求人ボックス,https://xn--pckua2a7gp15o89zb.com/jbn/465a9b238136b3d9f9255bb65b998e46,True,12時間前,2026-09-30 05:04:59,千葉県
仕分け・ピッキング・梱包／検品／入出荷／倉庫・軽作業新着,ランスタッド株式会社,千葉県,"時給1,340円",派遣社員,派遣,求人ボックス,https://xn--pckua2a7gp15o89zb.com/jb/5c3d54092aa770b105671b743c55214a,True,23時間前,2026-09-30 05:04:59,千葉県
「初めての方も安心してスタート!」／派遣コーディネーター／未経験OK／サポート業務新着,コーディネーターのオシゴト  未経験からスタート歓迎|はたらく人と職場をつなぐお仕事...条件に合う登録,千葉県,月給27万円～33万円,正社員,派遣,求人ボックス,https://xn--pckua2a7gp15o89zb.com/jbn/bc0685de48150070add7b74a98d5c83d,True,12時間前,2026-09-30 05:04:59,千葉県
受電業務中心のコールセンタースタッフ／未経験から始めるオフィスワーク!／完全未経験OK!新着,人財BANK株式会社,千葉県,月給20万円～29万円,正社員,派遣,求人ボックス,https://xn--pckua2a7gp15o89zb.com/jbn/fda00bb2ddc24bc3b3b8d9b9bef9b64c,True,10時間前,2026-09-30 05:04:59,千葉県
「男女ともに働きやすい人気職」／派遣コーディネーター／未経験歓迎／シンプル業務／長期安定新着,コーディネーター募集/<お仕事内容>・企業からのお仕事依頼の受付 ・条件に合う登録,千葉県,月給27万円～33万円,正社員,派遣,求人ボックス,https://xn--pckua2a7gp15o89zb.com/jbn/47115eba306ac6d917360dfc818790ae,True,12時間前,2026-09-30 05:05:03,千葉県
派遣コーディネーター／シンプル業務／未経験歓迎／長期安定／交通費支給新着,コーディネーター募集/<お仕事内容>・企業からのお仕事依頼の受付 ・条件に合う登録,千葉県,月給27万円～33万円,正社員,派遣,求人ボックス,https://xn--pckua2a7gp15o89zb.com/jbn/ef7c2de65f4a0a5c1cbfd30f91f8ece5,True,12時間前,2026-09-30 05:05:03,千葉県
入社祝い金あり／大量募集／部品のピッキングなど／ボーナスあり新着,スタッフ,千葉県,月給31万円～39万円,正社員,派遣,求人ボックス,https://xn--pckua2a7gp15o89zb.com/jbn/1d787c1a51c0178e20be539064833ba5,True,12時間前,2026-09-30 05:05:03,千葉県
軽作業スタッフ／スマホで面接可／医薬品パックの梱包など／祝い金30万新着,スタッフ,千葉県,月給33万円～39万,正社員,派遣,求人ボックス,https://xn--pckua2a7gp15o89zb.com/jbn/c8159e5af243473236aeea8de5c051f0,True,13時間前,2026-09-30 05:05:03,千葉県
靴・シューズショップの販売スタッフ／ASBee イオンモール成田店新着,株式会社ジーフット,千葉県,"時給1,210円～1,376円",アルバイト・パート,派遣,求人ボックス,https://xn--pckua2a7gp15o89zb.com/jb/5e2a865b4b0054b8b376b712258316cf,True,6時間前,2026-09-30 05:05:03,千葉県
倉庫内作業、マネジメント業務新着,株式会社ジェイウェイブ,千葉県,"時給1,600円～",正社員,派遣,求人ボックス,https://xn--pckua2a7gp15o89zb.com/jb/8a2cdfccd8e9c6142f2b846d25492d02,True,13時間前,2026-09-30 05:05:03,千葉県
総合事務新着,UTエージェント株式会社,千葉県,"時給1,380円～",正社員,派遣,求人ボックス,https://xn--pckua2a7gp15o89zb.com/jb/dc2cdde98e5f288961b896adafa62054,True,13時間前,2026-09-30 05:05:03,千葉県
即日勤務×日払いOK 福祉施設のサポートスタッフ／ブランクOK新着,株式会社ウィルオブ・ワーク,千葉県,"時給1,500円",派遣社員,派遣,求人ボックス,https://xn--pckua2a7gp15o89zb.com/jb/618a04515ad88dc8fef0ef2ce7620c2f,True,19時間前,2026-09-30 05:05:07,千葉県
人材派遣営業 未経験大歓迎!看護・介護領域特化／年4回査定で早期キャリアUP新着,株式会社マックスサポート,千葉県,年収354万円～413万円,正社員,派遣,求人ボックス,https://xn--pckua2a7gp15o89zb.com/jb/2c899096935cf580d261f36abf0f218b,True,8時間前,2026-09-30 05:05:07,千葉県
エンタメ部門運営マネージャー／年休125日新着,株式会社MAYA STAFFING,千葉県,"月給33万6,000円",正社員,派遣,求人ボックス,https://xn--pckua2a7gp15o89zb.com/jb/1c4b4980cc931b7ea2b483bc4d522909,True,23時間前,2026-09-30 05:05:07,千葉県
週4日在宅あり!ローコード開発／基本設計～テスト／OutSystems新着,株式会社クリエイト・マンパワーサービス,千葉県,"時給2,700円～2,800円",派遣社員,派遣,求人ボックス,https://xn--pckua2a7gp15o89zb.com/jb/05d2f3b00f573a8483d6b6d974b0e2b5,True,14時間前,2026-09-30 05:05:07,千葉県
介護スタッフ／介護付き有料老人ホーム／ブランクOK／シフト自由／幅広い年代が活躍中新着,スタッフ,千葉県,"時給1,700円～1,800円",派遣社員,派遣,求人ボックス,https://xn--pckua2a7gp15o89zb.com/jb/fbb5dee13f17602453dca44ae16f33d1,True,16時間前,2026-09-30 05:05:07,千葉県
お弁当ラベルの発行・検査新着,株式会社ホットスタッフ成田,千葉県,"時給1,300円～1,625円",派遣社員,派遣,求人ボックス,https://xn--pckua2a7gp15o89zb.com/jb/20859ee2ca0567b8dea175acb56331a4,True,11時間前,2026-09-30 05:05:07,千葉県
「かわいい文具雑貨を扱う」マスキングテープの仕分け・袋詰め／未経験歓迎／寮完備／研修あり／週休2日制新着,株式会社ZERO TALENT,千葉県,"月給30万5,000円",派遣社員,派遣,求人ボックス,https://xn--pckua2a7gp15o89zb.com/jbn/23a341f6d16ed491c5e17a2003d5d935,True,2時間前,2026-09-30 05:05:07,千葉県
開閉装置の確認スタッフ／生産管理／経験不問／若手中心に活躍中／横浜オフィス新着,株式会社リクルートR&Dスタッフィング,千葉県,"月給21万4,000円",正社員,派遣,求人ボックス,https://xn--pckua2a7gp15o89zb.com/jbn/51c2ad698f3901433ddb26a537c7a966,True,2時間前,2026-09-30 05:05:10,千葉県
「残業少なめ×オフ充実!」／バイク部品の加工スタッフ／寮完備／安定収入／20~30代歓迎新着,三陽工業株式会社,千葉県,月給19万円～36万円,正社員,派遣,求人ボックス,https://xn--pckua2a7gp15o89zb.com/jbn/2b5863269b8828ecd5be0b641879469f,True,13時間前,2026-09-30 05:05:10,千葉県
金属パーツの品質データ入力事務／未経験OK／高時給1500円／土日祝休み&残業少なめ／電話・来客なし新着,カインズスタッフ,千葉県,時給1500円,派遣社員,派遣,求人ボックス,https://xn--pckua2a7gp15o89zb.com/jbn/abc1b4088bd4269443a0765a518fecdd,True,3時間前,2026-09-30 05:05:10,千葉県
「20〜50代が活躍中」倉庫内のカンタン軽作業／ブランクOK／力仕事なし／長期3か月以上新着,株式会社アウトソーシングトータルサポート,千葉県,"時給1,331円～",派遣社員,派遣,求人ボックス,https://xn--pckua2a7gp15o89zb.com/jbn/360fdc67920f821af825e7d6a8b4edb3,True,7時間前,2026-09-30 05:05:10,千葉県
収入重視の方歓迎／ボディクリーム仕分業務／寮完備／安定して働ける／未経験者歓迎新着,Rightfit Consulting株式会社,千葉県,"時給1,790円",派遣社員,派遣,求人ボックス,https://xn--pckua2a7gp15o89zb.com/jbn/d969afa68270c5e22d54e1dece47bf70,True,20時間前,2026-09-30 05:05:12,千葉県
シンプル作業で始めやすい／スマートモニターの成形作業／当日面接可能／スピード採用／20代活躍中新着,株式会社Vialevo,千葉県,"時給1,930円",派遣社員,派遣,求人ボックス,https://xn--pckua2a7gp15o89zb.com/jbn/776e55c8f64711c3e743f292416812d1,True,20時間前,2026-09-30 05:05:12,千葉県
「品質を支える仕事!」電熱機器部品の加工スタッフ／20代から30代活躍中!／日払いOK新着,株式会社日本ケイテム,千葉県,"時給1,200円～",アルバイト・パート,派遣,求人ボックス,https://xn--pckua2a7gp15o89zb.com/jbn/814b42c747746f7842fa219c2e6e0bb7,True,21時間前,2026-09-30 05:05:12,千葉県
「弱電設備施工管理」第二新卒歓迎!／転勤なし／資格取得支援あり新着,株式会社アールエフテクニカ,千葉県,月給42万円～70万円,正社員,派遣,求人ボックス,https://xn--pckua2a7gp15o89zb.com/jbn/10036b234d8d25447a3095b679067952,True,23時間前,2026-09-30 05:05:12,千葉県
ファミレス用の食材の加工や梱包新着,株式会社ホットスタッフ草加,千葉県,"時給1,200円～1,500円",派遣社員,派遣,求人ボックス,https://xn--pckua2a7gp15o89zb.com/jb/2d1d5603c3ceb6e04881571132358592,True,11時間前,2026-09-30 05:05:12,千葉県
オフィス家具の入出荷フォークリフト作業新着,株式会社ホットスタッフ船橋,千葉県,"時給1,600円",派遣社員,派遣,求人ボックス,https://xn--pckua2a7gp15o89zb.com/jb/9a0892fdbe51fe89b4ed344bf8b088a7,True,11時間前,2026-09-30 05:05:12,千葉県
コールセンタースタッフ／未経験OK／完全週休二日制／若手活躍中／インセンティブあり／ノルマなし新着,株式会社ジェイワン,千葉県,"月給26万4,000円",契約社員,派遣,求人ボックス,https://xn--pckua2a7gp15o89zb.com/jbn/08cd01498049516af19c11a47eddcc1a,True,20時間前,2026-09-30 05:05:15,千葉県
食品スーパーでのレジスタッフ!20代～40代の女性スタッフ多数!履歴書も来社も不要のカンタン登録!新着,株式会社アクトプラス,千葉県,"時給1,500円",派遣社員,派遣,求人ボックス,https://xn--pckua2a7gp15o89zb.com/jb/8f7e7e54c75c3dac7c0e46f8c5f5c27d,True,5時間前,2026-09-30 05:05:15,千葉県
「リフトスタッフ」週払いOK!短期で稼げるお仕事!履歴書なしのカンタン応募新着,東洋ワーク株式会社,千葉県,"時給1,800円",アルバイト・パート,派遣,求人ボックス,https://xn--pckua2a7gp15o89zb.com/jb/2c042f20b1e76c635fd0a5af36af5d39,True,5時間前,2026-09-30 05:05:15,千葉県
中国語を活用!大手日系コスメメーカー美容部員新着,ゴーフェア株式会社,千葉県,月給21万円～,派遣社員,派遣,求人ボックス,https://xn--pckua2a7gp15o89zb.com/jbn/e12d34d360c70944e83caaea16767d88,True,21時間前,2026-09-30 05:05:15,千葉県
「スマホ好きからIT業界へ!」／予約アプリのチェック事務／完全週休2日制／有給取得率90%新着,「電話少なめで集中できる環境がちょうどいい」女性,千葉県,月給25万900円,正社員,派遣,求人ボックス,https://xn--pckua2a7gp15o89zb.com/jbn/54f0a90b96001088e1c3ff35d4e66ac2,True,5時間前,2026-09-30 05:05:15,千葉県
「IT業界のサポート職に挑戦!」／チャットアプリのチェック事務／若手活躍中／未経験歓迎新着,「電話少なめで集中できる環境がちょうどいい」女性,千葉県,年収320万円～420万円,正社員,派遣,求人ボックス,https://xn--pckua2a7gp15o89zb.com/jbn/abc2d2ac96e947e262d82196f36fd953,True,5時間前,2026-09-30 05:05:19,千葉県
「IT業界でオフィスワークデビュー!」／SNSアプリのチェック事務／PC入力メイン／PC基礎からOK新着,「電話少なめで集中できる環境がちょうどいい」女性,千葉県,年収320万円～390万円,正社員,派遣,求人ボックス,https://xn--pckua2a7gp15o89zb.com/jbn/266e045f749609d2d96d310407df93fe,True,5時間前,2026-09-30 05:05:19,千葉県
「IT業界デビューはここから!」／ポイントアプリのチェック事務／完全週休2日制／PC入力メイン新着,「電話少なめで集中できる環境がちょうどいい」女性,千葉県,"月給25万1,300円",正社員,派遣,求人ボックス,https://xn--pckua2a7gp15o89zb.com/jbn/a58968c15029d93ceaa3b2c2f4effa4a,True,5時間前,2026-09-30 05:05:19,千葉県
冷凍スイーツ製造スタッフ／食品製造補助新着,スタッフ,千葉県,"月給45万4,000円",正社員,派遣,求人ボックス,https://xn--pckua2a7gp15o89zb.com/jbn/5e4a56488263aa443b717770c35b85e9,True,6時間前,2026-09-30 05:05:19,千葉県
キャラクター雑貨の箱詰めスタッフ／人気商品の発送準備新着,スタッフ,千葉県,月給35万円～38万,正社員,派遣,求人ボックス,https://xn--pckua2a7gp15o89zb.com/jbn/87a54f140faf849a63a58c05b51a78eb,True,6時間前,2026-09-30 05:05:19,千葉県
9時から17時／印刷会社での軽作業／20代30代女性活躍中新着,株式会社ニチギワールド,千葉県,"時給1,220円～1,525円",派遣社員,派遣,求人ボックス,https://xn--pckua2a7gp15o89zb.com/jb/ebcdd5f7bb34f456a1be9ea745a350ff,True,13時間前,2026-09-30 05:05:21,千葉県
寮費無料／空調完備の快適な職場環境で働きませんか?Vtuber新着,株式会社FAT FORWARD,千葉県,"時給1,470円～",アルバイト・パート,派遣,求人ボックス,https://xn--pckua2a7gp15o89zb.com/jb/728476b4c5f515773a50cc114d348741,True,14時間前,2026-09-30 05:05:21,千葉県
「IT業界の入口にぴったり!」／地図アプリのチェック事務／PC入力メイン／PC基礎からOK／賞与あり新着,「電話少なめで集中できる環境がちょうどいい」女性,千葉県,月給27万円～32万円,正社員,派遣,求人ボックス,https://xn--pckua2a7gp15o89zb.com/jbn/95daa10b73546f9e86b3d1d91099eda8,True,11時間前,2026-09-30 05:05:21,千葉県
「PCが得意でなくても始めやすい」／受付事務／第二新卒歓迎／残業少なめ／定着率重視新着,事業(派27-302361)有料職業紹介事業(27-ユ-302045)...事務,千葉県,"月給27万2,900円",正社員,派遣,求人ボックス,https://xn--pckua2a7gp15o89zb.com/jbn/fddad779c8f687072f5b29d3bc3e599b,True,11時間前,2026-09-30 05:05:21,千葉県
手順通りで始めやすい!軽い部品中心のものづくり作業／透明スマート照明リモコンの工場内サポート新着,‍  「人間関係が穏やかで、社員さんも優しい」と話す,千葉県,"月給32万7,000円",正社員,派遣,求人ボックス,https://xn--pckua2a7gp15o89zb.com/jbn/e5a80dbc46003e6e362d4a49b2a73685,True,11時間前,2026-09-30 05:05:21,千葉県
コツコツ進める工場ワーク!未経験から始めやすい製造作業／抗菌スマート照明リモコンの出荷前チェック新着,‍  「人間関係が穏やかで、社員さんも優しい」と話す,千葉県,"月給38万5,000円",正社員,派遣,求人ボックス,https://xn--pckua2a7gp15o89zb.com/jbn/4791463a19e23b24db721851710c99d1,True,11時間前,2026-09-30 05:05:21,千葉県
店舗スタッフ「一般社員」／我孫子店新着,幸楽苑 我孫子店,千葉県,"月給21万5,000円",正社員,飲食,求人ボックス,https://xn--pckua2a7gp15o89zb.com/jbn/d2ddea6e579a27e7a74576f29b166ed0,True,2時間前,2026-09-30 05:05:08,千葉県
店舗スタッフ「一般社員」／八千代村上店新着,幸楽苑 八千代村上店,千葉県,"月給21万5,000円",正社員,飲食,求人ボックス,https://xn--pckua2a7gp15o89zb.com/jbn/71dafe8d45e94f9c474ea928bae2cff0,True,2時間前,2026-09-30 05:05:08,千葉県
店舗スタッフ「一般社員」／イオンモール津田沼North店新着,幸楽苑 イオンモール津田沼North店,千葉県,"月給21万5,000円",正社員,飲食,求人ボックス,https://xn--pckua2a7gp15o89zb.com/jbn/b676b0ce7bd9eaa05afad7e1425b6716,True,3時間前,2026-09-30 05:05:08,千葉県
店舗スタッフ「一般社員」／君津店新着,幸楽苑 君津店,千葉県,"月給21万5,000円",正社員,飲食,求人ボックス,https://xn--pckua2a7gp15o89zb.com/jbn/4aa041fe5a605601bc5de553a34107fd,True,2時間前,2026-09-30 05:05:08,千葉県
店舗スタッフ「一般社員」／旭店新着,幸楽苑 旭店,千葉県,"月給21万5,000円",正社員,飲食,求人ボックス,https://xn--pckua2a7gp15o89zb.com/jbn/2c0ae25f291e730d37a5f31ca5b3f53f,True,2時間前,2026-09-30 05:05:08,千葉県
店舗スタッフ「一般社員」／千葉おゆみ野店新着,幸楽苑 千葉おゆみ野店,千葉県,"月給21万5,000円",正社員,飲食,求人ボックス,https://xn--pckua2a7gp15o89zb.com/jbn/8e4207f8c02f6eb4f63feb558ee02ec5,True,2時間前,2026-09-30 05:05:08,千葉県
店舗スタッフ「一般社員」／大網白里店新着,幸楽苑 大網白里店,千葉県,"月給21万5,000円",正社員,飲食,求人ボックス,https://xn--pckua2a7gp15o89zb.com/jbn/902574d32635cb4fc09129783f1c9285,True,2時間前,2026-09-30 05:05:08,千葉県
店舗スタッフ「一般社員」／袖ヶ浦店新着,幸楽苑 袖ヶ浦店,千葉県,"月給21万5,000円",正社員,飲食,求人ボックス,https://xn--pckua2a7gp15o89zb.com/jbn/6555e8c437f85bbafe15288e89139a00,True,2時間前,2026-09-30 05:05:09,千葉県
店舗スタッフ「一般社員」／銚子店新着,幸楽苑 銚子店,千葉県,"月給21万5,000円",正社員,飲食,求人ボックス,https://xn--pckua2a7gp15o89zb.com/jbn/1b239b36718b9597df3565bb055bca38,True,2時間前,2026-09-30 05:05:09,千葉県
店舗スタッフ「一般社員」／イオンモール柏店新着,幸楽苑 イオンモール柏店,千葉県,"月給21万5,000円",正社員,飲食,求人ボックス,https://xn--pckua2a7gp15o89zb.com/jbn/13e830f5e9a06b34260b54f3742066e2,True,2時間前,2026-09-30 05:05:09,千葉県
店舗スタッフ「一般社員」／若柴店新着,幸楽苑 若柴店,千葉県,"月給21万5,000円",正社員,飲食,求人ボックス,https://xn--pckua2a7gp15o89zb.com/jbn/fb79e85facb67cdd6ddecb09c2988d3c,True,2時間前,2026-09-30 05:05:09,千葉県
店舗スタッフ「一般社員」／島忠ホームズ蘇我店新着,幸楽苑 島忠ホームズ蘇我店,千葉県,"月給21万5,000円",正社員,飲食,求人ボックス,https://xn--pckua2a7gp15o89zb.com/jbn/081e4cc22983bf501753060e3f4162ad,True,2時間前,2026-09-30 05:05:09,千葉県
店舗スタッフ「一般社員」／印西店新着,幸楽苑 印西店,千葉県,"月給21万5,000円",正社員,飲食,求人ボックス,https://xn--pckua2a7gp15o89zb.com/jbn/86dbff8dfa0f1156fa80aa96aa5b7227,True,2時間前,2026-09-30 05:05:09,千葉県
店舗スタッフ「一般社員」／千葉園生店新着,幸楽苑 千葉園生店,千葉県,"月給21万5,000円",正社員,飲食,求人ボックス,https://xn--pckua2a7gp15o89zb.com/jbn/c7f2cbfd699197ce728ea78b53dc9729,True,2時間前,2026-09-30 05:05:12,千葉県
店舗スタッフ「一般社員」／八千代台店新着,幸楽苑 八千代台店,千葉県,"月給21万5,000円",正社員,飲食,求人ボックス,https://xn--pckua2a7gp15o89zb.com/jbn/10b340ca8470491691b6a8a1bf12482d,True,2時間前,2026-09-30 05:05:12,千葉県
店舗スタッフ「一般社員」／野田山崎店新着,幸楽苑 野田山崎店,千葉県,"月給21万5,000円",正社員,飲食,求人ボックス,https://xn--pckua2a7gp15o89zb.com/jbn/3f25a63d042b43069d7469c23fbef12a,True,2時間前,2026-09-30 05:05:12,千葉県
店舗スタッフ「一般社員」／ユニモちはら台店新着,幸楽苑 ユニモちはら台店,千葉県,"月給21万5,000円",正社員,飲食,求人ボックス,https://xn--pckua2a7gp15o89zb.com/jbn/d2b64864c3b62627706e84fff589160c,True,3時間前,2026-09-30 05:05:12,千葉県
店舗スタッフ「一般社員」／木更津請西店新着,幸楽苑 木更津請西店,千葉県,"月給21万5,000円",正社員,飲食,求人ボックス,https://xn--pckua2a7gp15o89zb.com/jbn/f0083b47d1047c8b88e340c7dde87fac,True,3時間前,2026-09-30 05:05:12,千葉県
店舗スタッフ「一般社員」／佐倉鏑木町店新着,幸楽苑 佐倉鏑木町店,千葉県,"月給21万5,000円",正社員,飲食,求人ボックス,https://xn--pckua2a7gp15o89zb.com/jbn/5f93668587e115c21abdc8c774b789b1,True,2時間前,2026-09-30 05:05:17,千葉県
店舗スタッフ「一般社員」／浦安店新着,幸楽苑 浦安店,千葉県,"月給21万5,000円",正社員,飲食,求人ボックス,https://xn--pckua2a7gp15o89zb.com/jbn/837e06ba306644a92852e5cbd933ceb6,True,2時間前,2026-09-30 05:05:17,千葉県
完全在宅／未経験可／問い合わせ窓口／年休125日以上新着,...経験不問/未経験者活躍中・第二新卒活躍中資格不問/無資格歓迎・ブランク歓迎・学歴不問ハローワークでお探しの方も歓迎 先輩たちの前職をご紹介! 営業、事務、販売,千葉県,"月給23万8,600円",正社員,飲食,求人ボックス,https://xn--pckua2a7gp15o89zb.com/jbn/c9eef5a9fdca6df3d54369297e241eef,True,12時間前,2026-09-30 05:05:17,千葉県
「新生活デビュー応援!」未経験採用枠／ガチャガチャ製造／研修充実新着,株式会社RIOT GROUP,千葉県,月給28万円～50万円,正社員,飲食,求人ボックス,https://xn--pckua2a7gp15o89zb.com/jbn/3d0cf29cdd26c0b976274b3500082f18,True,11時間前,2026-09-30 05:05:17,千葉県
店舗スタッフ「一般社員」／若松店新着,幸楽苑 若松店,千葉県,"月給21万5,000円",正社員,飲食,求人ボックス,https://xn--pckua2a7gp15o89zb.com/jbn/51bcc248bad1218ff0f7fb3ca20c728b,True,2時間前,2026-09-30 05:05:21,千葉県
店舗スタッフ「一般社員」／船橋市場通店新着,幸楽苑 船橋市場通店,千葉県,"月給21万5,000円",正社員,飲食,求人ボックス,https://xn--pckua2a7gp15o89zb.com/jbn/549fd59e6f88c652b270aa9bdf37919a,True,2時間前,2026-09-30 05:05:21,千葉県
完全在宅／未経験可／カスタマーサポート／年休125日以上新着,...経験不問/未経験者活躍中・第二新卒活躍中資格不問/無資格歓迎・ブランク歓迎・学歴不問ハローワークでお探しの方も歓迎 先輩たちの前職をご紹介! 営業、事務、販売,千葉県,"月給23万7,600円",正社員,飲食,求人ボックス,https://xn--pckua2a7gp15o89zb.com/jbn/6a0f862f4fe82ba5199dc267063596ba,True,11時間前,2026-09-30 05:05:21,千葉県
店舗スタッフ「一般社員」／茂原店新着,幸楽苑 茂原店,千葉県,"月給21万5,000円",正社員,飲食,求人ボックス,https://xn--pckua2a7gp15o89zb.com/jbn/2df8b44cc232f7a4853d24c1053f7921,True,3時間前,2026-09-30 05:05:21,千葉県
店舗スタッフ「一般社員」／東松戸駅前店新着,幸楽苑 東松戸駅前店,千葉県,"月給21万5,000円",正社員,飲食,求人ボックス,https://xn--pckua2a7gp15o89zb.com/jbn/1eba58b88c2bc23fd7267f1222416a99,True,3時間前,2026-09-30 05:05:21,千葉県
店舗スタッフ「一般社員」／館山店新着,幸楽苑 館山店,千葉県,"月給21万5,000円",正社員,飲食,求人ボックス,https://xn--pckua2a7gp15o89zb.com/jbn/05be4602b3222d6e351deea316a8a175,True,3時間前,2026-09-30 05:05:21,千葉県
店舗スタッフ「一般社員」／酒井根店新着,幸楽苑 酒井根店,千葉県,"月給21万5,000円",正社員,飲食,求人ボックス,https://xn--pckua2a7gp15o89zb.com/jbn/25f07be14c75a94ff58529041a5a7fef,True,2時間前,2026-09-30 05:05:21,千葉県
店舗スタッフ「一般社員」／松戸古ヶ崎店新着,幸楽苑 松戸古ヶ崎店,千葉県,"月給21万5,000円",正社員,飲食,求人ボックス,https://xn--pckua2a7gp15o89zb.com/jbn/19f6295b76f976bd46450c64335a66a4,True,2時間前,2026-09-30 05:05:25,千葉県
店舗スタッフ「一般社員」／イオンモール幕張新都心店新着,幸楽苑 イオンモール幕張新都心店,千葉県,"月給21万5,000円",正社員,飲食,求人ボックス,https://xn--pckua2a7gp15o89zb.com/jbn/b536034661059e964dcfe6c1fe63527b,True,2時間前,2026-09-30 05:05:25,千葉県
スーツ不要・毎日私服通勤OK「いつもの自分のままで」背伸びせずに馴染める、若手活躍中のオフィスワーク新着,[多様なバックグラウンドを持つ仲間]現在活躍している,千葉県,"月給22万4,000円",正社員,飲食,求人ボックス,https://xn--pckua2a7gp15o89zb.com/jbn/1089302ed861b2418c99317f137b26df,True,2時間前,2026-09-30 05:05:25,千葉県
「文字が入力できればOK」未経験から始める一般事務職／簡単なショートカットキーから教えます新着,[多様なバックグラウンドを持つ仲間]現在活躍している,千葉県,月給23万円～50万円,正社員,飲食,求人ボックス,https://xn--pckua2a7gp15o89zb.com/jbn/3c217bc20ee6fbde194a826f15b17a12,True,3時間前,2026-09-30 05:05:25,千葉県
「細かな違いやミスを見つけるのが好きな方へ」／ゲームデバッガー／未経験歓迎／コツコツ取り組める仕事新着,株式会社SNJAPAN,千葉県,月給27万円～34万円,正社員,飲食,求人ボックス,https://xn--pckua2a7gp15o89zb.com/jbn/8daf7a5f02427bad8408d8a020cbbcd4,True,17時間前,2026-09-30 05:05:25,千葉県
「販売職からの転職組が8割」／立ち仕事の疲れとは無縁。冷暖房完備のオフィスで腰を据えて働く一般事務新着,[多様なバックグラウンドを持つ仲間]現在活躍している,千葉県,"月給22万5,000円",正社員,飲食,求人ボックス,https://xn--pckua2a7gp15o89zb.com/jbn/7d3c1d045e86c79699281e43612d90ee,True,2時間前,2026-09-30 05:05:25,千葉県
特別なスキル一切不問!／カプセルトイのチェックスタッフ／手に職つける／未経験活躍新着,20代の,千葉県,月給28万円～40万円,正社員,飲食,求人ボックス,https://xn--pckua2a7gp15o89zb.com/jbn/5c17292da9a0442a04f1fee600f4ea79,True,11時間前,2026-09-30 05:05:25,千葉県
イベント運営スタッフ／未経験からイベント企画・運営のプロへ!新着,株式会社エースケータリング,千葉県,"月給26万4,000円",正社員,飲食,求人ボックス,https://xn--pckua2a7gp15o89zb.com/jbn/2939668ffe62e7b5225938c2e00863fe,True,10時間前,2026-09-30 05:05:29,千葉県
OA事務／充実の研修で安心スタート!／事務の仕事／バックオフィススタッフ新着,...「土日休みで自分の時間を作りたい」そんなあなたの新しいスタートを応援します!。: :。: :。経験や特別なスキルは一切必要ありません。学歴不問で20代・30代を中心に活躍中です!前職が,千葉県,月給21万500円,正社員,飲食,求人ボックス,https://xn--pckua2a7gp15o89zb.com/jbn/f4a4b16d41503bf08e03ccda3631b94e,True,2時間前,2026-09-30 05:05:29,千葉県
総務事務／充実の研修で安心スタート!／土日祝休み／フリーター歓迎／未経験でも安心／駅チカ新着,スタッフ,千葉県,月給21万500円,正社員,飲食,求人ボックス,https://xn--pckua2a7gp15o89zb.com/jbn/6125b03053901e158594dc13252b749c,True,1時間前,2026-09-30 05:05:29,千葉県
特別なスキル一切不問!／カプセル詰めのクオリティチェック／年間休日125日以上／未経験活躍新着,携帯ショップ店員、,千葉県,月給28万円～40万円,正社員,飲食,求人ボックス,https://xn--pckua2a7gp15o89zb.com/jbn/e87f17a7150d6e36286a3efc3ef0386a,True,11時間前,2026-09-30 05:05:29,千葉県
OA事務／充実の研修で安心スタート!／完全週休2日制／デスクワーク／高収入新着,これまでアパレル・,千葉県,"月給20万5,000円",正社員,飲食,求人ボックス,https://xn--pckua2a7gp15o89zb.com/jbn/e81a2f4498257f38961078540b19c344,True,3時間前,2026-09-30 05:05:29,千葉県
「昇給・賞与あり」／事務スタッフ／社会保険完備／ボーナスあり「正社員」新着,...「そろそろ内勤のお仕事に挑戦したい」という方、大歓迎です。特別なPCスキルがなくても、タイピングなどの基礎から少しずつ慣れていける環境を整えています。<こんな先輩たちが活躍中>,千葉県,月給21万500円,正社員,飲食,求人ボックス,https://xn--pckua2a7gp15o89zb.com/jbn/e4d4e1bc86323b801b88594a4342121c,True,2時間前,2026-09-30 05:05:29,千葉県
「プライベート充実」／OA事務／学歴不問／コツコツ作業「正社員」新着,...「そろそろ内勤のお仕事に挑戦したい」という方、大歓迎です。特別なPCスキルがなくても、タイピングなどの基礎から少しずつ慣れていける環境を整えています。<こんな先輩たちが活躍中>,千葉県,月給21万500円,正社員,飲食,求人ボックス,https://xn--pckua2a7gp15o89zb.com/jbn/487319f578740ee461a41f086682b4a3,True,2時間前,2026-09-30 05:05:33,千葉県
製造未経験OK!／製造アシスタント／手に職つける／未経験活躍新着,スタッフ,千葉県,月給28万円～40万円,正社員,飲食,求人ボックス,https://xn--pckua2a7gp15o89zb.com/jbn/4e8b500bb3d50d229dbde36ec592e9d2,True,11時間前,2026-09-30 05:05:33,千葉県
「髪色・髪型自由」／事務・受付スタッフ／データ管理／高収入「正社員」新着,...「そろそろ内勤のお仕事に挑戦したい」という方、大歓迎です。特別なPCスキルがなくても、タイピングなどの基礎から少しずつ慣れていける環境を整えています。<こんな先輩たちが活躍中>,千葉県,月給21万500円,正社員,飲食,求人ボックス,https://xn--pckua2a7gp15o89zb.com/jbn/df29b068b3010f9cbaca328e643c7634,True,2時間前,2026-09-30 05:05:33,千葉県
20代活躍中／「何でも聞いて」が口癖の先輩がいる一般事務新着,飲食,千葉県,月給23万円～50万円,正社員,飲食,求人ボックス,https://xn--pckua2a7gp15o89zb.com/jbn/20fd50a33256c5c2a7c64b6b04dfc87c,True,2時間前,2026-09-30 05:05:33,千葉県
製造未経験OK!／カプセルトイ製造スタッフ／手に職つける／未経験活躍新着,スタッフ,千葉県,月給28万円～40万円,正社員,飲食,求人ボックス,https://xn--pckua2a7gp15o89zb.com/jbn/407e9231499d4236ae858765ed10a3bc,True,11時間前,2026-09-30 05:05:33,千葉県
OA事務／充実の研修で安心スタート!／週休2日制／未経験でも安心／ブランクOK新着,...「土日休みで自分の時間を作りたい」そんなあなたの新しいスタートを応援します!。: :。: :。経験や特別なスキルは一切必要ありません。学歴不問で20代・30代を中心に活躍中です!前職が,千葉県,月給21万500円,正社員,飲食,求人ボックス,https://xn--pckua2a7gp15o89zb.com/jbn/c711c0d38422035d7c190d77705607ce,True,2時間前,2026-09-30 05:05:33,千葉県
データ入力事務／事務スタッフ／充実の研修で安心スタート!／ブランクOK新着,...「土日休みで自分の時間を作りたい」そんなあなたの新しいスタートを応援します!。: :。: :。経験や特別なスキルは一切必要ありません。学歴不問で20代・30代を中心に活躍中です!前職が,千葉県,月給21万500円,正社員,飲食,求人ボックス,https://xn--pckua2a7gp15o89zb.com/jbn/b6d7451b8ef993ea100f5f0f6d32dc6f,True,3時間前,2026-09-30 05:05:33,千葉県
リモート可／未経験可／営業アシスタント／年休125日以上新着,スタッフ,千葉県,"月給23万5,200円",正社員,飲食,求人ボックス,https://xn--pckua2a7gp15o89zb.com/jbn/1a008afc0f5b9bd4fba8bf55687fb848,True,12時間前,2026-09-30 05:05:33,千葉県
事務・受付スタッフ／充実の研修で安心スタート!／残業はほぼゼロ／高収入新着,これまでアパレル・,千葉県,月給21万500円,正社員,飲食,求人ボックス,https://xn--pckua2a7gp15o89zb.com/jbn/c55ed4195b96cd13d4d8b56c27935554,True,2時間前,2026-09-30 05:05:36,千葉県
「1分単位」で給与支給・サービス残業一切なし／安心して高収入を目指せる新着,実際に現場では、元データ入力、アパレルショップ店員、,千葉県,月給20万円～50万円,正社員,飲食,求人ボックス,https://xn--pckua2a7gp15o89zb.com/jbn/ee9da8a3202cbdebfac9aaf4c746a119,True,2時間前,2026-09-30 05:05:36,千葉県
「事務で年収400万以上も可能」賞与4ヶ月分×土日祝休みの正社員事務新着,飲食,千葉県,月給23万円～50万円,正社員,飲食,求人ボックス,https://xn--pckua2a7gp15o89zb.com/jbn/2448fea7c87aa5655fc139f75f9ecd43,True,2時間前,2026-09-30 05:05:36,千葉県
「未経験歓迎」／IT事務／社会保険完備／コツコツ作業「正社員」新着,...「そろそろ内勤のお仕事に挑戦したい」という方、大歓迎です。特別なPCスキルがなくても、タイピングなどの基礎から少しずつ慣れていける環境を整えています。<こんな先輩たちが活躍中>,千葉県,月給21万500円,正社員,飲食,求人ボックス,https://xn--pckua2a7gp15o89zb.com/jbn/87f3167433016fba4b8c8f1fea5735fd,True,2時間前,2026-09-30 05:05:36,千葉県
未経験歓迎の一般事務。安定の正社員採用新着,スタッフ,千葉県,月給23万円～50万円,正社員,飲食,求人ボックス,https://xn--pckua2a7gp15o89zb.com/jbn/7949e2dc6a83a57368e639aac512ad98,True,2時間前,2026-09-30 05:05:36,千葉県
毎年昇給で手取りUP／長く働くほど得をする一般事務スタッフ新着,飲食,千葉県,月給23万円～50万円,正社員,飲食,求人ボックス,https://xn--pckua2a7gp15o89zb.com/jbn/e0d411dbdd17836a9f66acda3cf5c3a8,True,3時間前,2026-09-30 05:05:36,千葉県
「リモート可」未経験採用枠／営業事務／年間休日125日以上新着,スタッフ,千葉県,"月給25万2,600円",正社員,飲食,求人ボックス,https://xn--pckua2a7gp15o89zb.com/jbn/cc919fdd8ceb3293f1ff41d136219c51,True,11時間前,2026-09-30 05:05:40,千葉県
「高収入」／IT事務／充実の研修で安心スタート!／土日祝休み／コツコツ作業新着,飲食・,千葉県,月給21万500円,正社員,飲食,求人ボックス,https://xn--pckua2a7gp15o89zb.com/jbn/9c3832939bb7c997973cd2d60645ea6d,True,2時間前,2026-09-30 05:05:40,千葉県
簡単な作業ができればOK!／カプセルトイ製造スタッフ／賞与年2回／未経験活躍新着,スタッフ,千葉県,月給28万円～40万円,正社員,飲食,求人ボックス,https://xn--pckua2a7gp15o89zb.com/jbn/9291ac2352a48da860246870d93804df,True,11時間前,2026-09-30 05:05:40,千葉県
「モノづくりが好き」それだけでOK!／カプセルトイ製造スタッフ／資格取得支援あり／未経験活躍新着,スタッフ,千葉県,月給28万円～40万円,正社員,飲食,求人ボックス,https://xn--pckua2a7gp15o89zb.com/jbn/ec54d6b27056bcb03ce8feea3ad52b45,True,11時間前,2026-09-30 05:05:40,千葉県
「モノづくりが好き」それだけでOK!／カプセルトイのチェックスタッフ／年間休日125日以上新着,スタッフ,千葉県,月給28万円～40万円,正社員,飲食,求人ボックス,https://xn--pckua2a7gp15o89zb.com/jbn/9896bcecb4049d032aff9bc733a769ad,True,11時間前,2026-09-30 05:05:40,千葉県
モノづくりの知識一切不問!／カプセルトイ製造スタッフ／研修制度充実／未経験活躍新着,携帯ショップ店員、,千葉県,月給28万円～40万円,正社員,飲食,求人ボックス,https://xn--pckua2a7gp15o89zb.com/jbn/4daae0bd74187359438be67f929dc2f2,True,11時間前,2026-09-30 05:05:40,千葉県
「PCスキル不問の一般事務」未経験OK、ブランクも歓迎／若手活躍中のオフィスで働く受付スタッフの募集新着,飲食,千葉県,月給23万円～50万円,正社員,飲食,求人ボックス,https://xn--pckua2a7gp15o89zb.com/jbn/840994ff9d47eae1388e3b05a3b78776,True,3時間前,2026-09-30 05:05:40,千葉県
介護職／ヘルパー／越谷市川柳町のグループホーム／バス停「蒲生東町」下車新着,セントスタッフ大宮支店,埼玉県,"日給1万9,398円",アルバイト・パート,介護,求人ボックス,https://xn--pckua2a7gp15o89zb.com/jb/b819c0e251a82515ba2ea7b342f448c8,True,6時間前,2026-09-30 05:05:16,埼玉県
介護職新着,ニチイホーム与野本町,埼玉県,"月給28万6,500円",正社員,介護,求人ボックス,https://xn--pckua2a7gp15o89zb.com/jb/00e0f7ab62d1683fd44c7ede2ef898d5,True,10時間前,2026-09-30 05:05:16,埼玉県
介護職新着,ニチイホーム朝霞,埼玉県,"月給28万6,500円",正社員,介護,求人ボックス,https://xn--pckua2a7gp15o89zb.com/jb/ffa794fccc9bc5c35eea4be3bdcf75fd,True,10時間前,2026-09-30 05:05:17,埼玉県
介護職新着,ニチイホーム川口,埼玉県,"月給25万7,000円",正社員,介護,求人ボックス,https://xn--pckua2a7gp15o89zb.com/jb/5ef25d5e4788087f127893b7b219ea53,True,10時間前,2026-09-30 05:05:17,埼玉県
介護職新着,ニチイホーム大宮,埼玉県,"月給25万7,000円",正社員,介護,求人ボックス,https://xn--pckua2a7gp15o89zb.com/jb/8bc0a550c18abcce553ca31d8ad9db02,True,10時間前,2026-09-30 05:05:21,埼玉県
介護職新着,ニチイホーム東浦和,埼玉県,"月給25万7,000円",正社員,介護,求人ボックス,https://xn--pckua2a7gp15o89zb.com/jb/2e3530df32b7f2a310f2e20f36ea824e,True,10時間前,2026-09-30 05:05:25,埼玉県
介護職新着,ニチイホームさいたま新都心,埼玉県,"月給28万6,500円",正社員,介護,求人ボックス,https://xn--pckua2a7gp15o89zb.com/jb/8d1a595bb41e464d0b92dc8377868656,True,10時間前,2026-09-30 05:05:28,埼玉県
介護職新着,ニチイホーム大宮公園,埼玉県,"月給28万6,500円",正社員,介護,求人ボックス,https://xn--pckua2a7gp15o89zb.com/jb/174a3be0947f304c830efb1fec4db1d7,True,10時間前,2026-09-30 05:05:28,埼玉県
介護職新着,ニチイホーム北浦和,埼玉県,"月給25万7,000円",正社員,介護,求人ボックス,https://xn--pckua2a7gp15o89zb.com/jb/bc8071fed775be40b6a6a64102196c6e,True,10時間前,2026-09-30 05:05:31,埼玉県
介護職新着,アイリスガーデン北浦和,埼玉県,"月給25万7,000円",正社員,介護,求人ボックス,https://xn--pckua2a7gp15o89zb.com/jb/3536e37c14fb37785387d4d7d3c881ac,True,10時間前,2026-09-30 05:05:35,埼玉県
介護職新着,ニチイホーム草加,埼玉県,"月給25万7,000円",正社員,介護,求人ボックス,https://xn--pckua2a7gp15o89zb.com/jb/23c934e540a14b27eeb1c899e116e10f,True,10時間前,2026-09-30 05:05:38,埼玉県
介護付き有料老人ホームでの介護職新着,株式会社日本みらいケア 関東,埼玉県,"時給1,800円",派遣社員,介護,求人ボックス,https://xn--pckua2a7gp15o89zb.com/jb/1bae631b673823c6fb70e2f44dbee6cb,True,6時間前,2026-09-30 05:05:38,埼玉県
グループホーム／介護職／資格取得支援／研修制度充実／賞与年2回新着,株式会社レガート,埼玉県,"月給26万5,000円",正社員,介護,求人ボックス,https://xn--pckua2a7gp15o89zb.com/jb/9e663f87619e81ef080c814362e496d3,True,7時間前,2026-09-30 05:05:41,埼玉県
有料老人ホームの介護職新着,サニーライフ足立,埼玉県,"月給23万7,500円",正社員,介護,求人ボックス,https://xn--pckua2a7gp15o89zb.com/jb/6bd01d7d035c4d70af739485492c64d9,True,10時間前,2026-09-30 05:05:41,埼玉県
通所介護・デイサービス勤務の介護職／ヘルパー新着,デイサービス・ハレオル アロハ,埼玉県,"月給25万5,000円",正社員,介護,求人ボックス,https://xn--pckua2a7gp15o89zb.com/jb/e385b3fa19c2cc7b0935697fa46f752d,True,7時間前,2026-09-30 05:05:41,埼玉県
介護職新着,ソナーレ浦和,埼玉県,"月給26万2,000円",正社員,介護,求人ボックス,https://xn--pckua2a7gp15o89zb.com/jb/bb2cbe0e0aaf3af0a57b47c2182a3f5e,True,10時間前,2026-09-30 05:05:45,埼玉県
ヘルパー・介護職／施設入所支援／シフト相談可／キャリアアップ／高時給新着,株式会社DYMキャリア,埼玉県,"時給1,380円～2,220円",派遣社員,介護,求人ボックス,https://xn--pckua2a7gp15o89zb.com/jb/257637b5dec5521bede22e9ddfa6b01a,True,20時間前,2026-09-30 05:05:45,埼玉県
調剤薬局での医療事務／経験OK／フリーター歓迎／交通費支給あり新着,医療事務,埼玉県,月給19万円～27万円,正社員,医療事務,求人ボックス,https://xn--pckua2a7gp15o89zb.com/jbn/2ce08337045f2f20b53e0d475bd818a8,True,2時間前,2026-09-30 05:05:25,埼玉県
医療事務／フルタイム歓迎!平日のみOK!週4日以上OK!副業新着,株式会社ルフト・メディカルケア,埼玉県,"時給1,450円",派遣社員,医療事務,求人ボックス,https://xn--pckua2a7gp15o89zb.com/jb/70bd47395c4bcc8b63cc2d4c54abd331,True,22時間前,2026-09-30 05:05:25,埼玉県
調剤薬局での医療事務／経験OK／フリーター歓迎／昇給あり／シフト制新着,医療事務,埼玉県,"月給19万1,688円",正社員,医療事務,求人ボックス,https://xn--pckua2a7gp15o89zb.com/jbn/1e14fce539e3a43e73c4342b78625b6b,True,2時間前,2026-09-30 05:05:25,埼玉県
医療事務+ 一般事務新着,株式会社リクルートスタッフィング,埼玉県,"時給1,650円～",派遣社員,医療事務,求人ボックス,https://xn--pckua2a7gp15o89zb.com/jb/e0cc69dac8ffa3bbe52206c0ab39e75d,True,20時間前,2026-09-30 05:05:26,埼玉県
阪神調剤薬局での調剤事務／ブランクOK／研修あり／経験者歓迎／時間外手当支給新着,株式会社スギ薬局,埼玉県,"月給20万3,400円",正社員,医療事務,求人ボックス,https://xn--pckua2a7gp15o89zb.com/jbn/6051a635bb1f011673af2a2d2d38f38b,True,2時間前,2026-09-30 05:05:26,埼玉県
受付事務・資格不問「正社員／土日祝休み／年間休日120日／服装自由／ネイルOK」未経験歓迎新着,医療事務,埼玉県,"月給19万5,100円",正社員,医療事務,求人ボックス,https://xn--pckua2a7gp15o89zb.com/jbn/6588dab3db6ae81c3941457100843a42,True,12時間前,2026-09-30 05:05:26,埼玉県
データ入力事務・資格不問「正社員／土日祝休み／年間休日120日／ネイルOK」未経験歓迎新着,事務,埼玉県,"月給19万4,700円",正社員,医療事務,求人ボックス,https://xn--pckua2a7gp15o89zb.com/jbn/5f7747585a2e5c38b6feb16304395574,True,13時間前,2026-09-30 05:05:26,埼玉県
総務事務・資格不問「正社員／土日祝休み／年間休日120日／服装自由／ネイルOK」未経験歓迎新着,医療事務,埼玉県,"月給19万5,200円",正社員,医療事務,求人ボックス,https://xn--pckua2a7gp15o89zb.com/jbn/99f6a1e101625b83017c18b5b269a2c2,True,12時間前,2026-09-30 05:05:26,埼玉県
庶務事務・資格不問「正社員／土日祝休み／年間休日120日／服装自由／ネイルOK」未経験歓迎新着,医療事務,埼玉県,"月給19万6,900円",正社員,医療事務,求人ボックス,https://xn--pckua2a7gp15o89zb.com/jbn/9c3cdf2c578dbef69523be9344514444,True,12時間前,2026-09-30 05:05:26,埼玉県
総務事務／「正社員・土日祝休み・ネイルOK・残業なし・年間休日120日」未経験OK新着,医療事務,埼玉県,"月給19万5,400円",正社員,医療事務,求人ボックス,https://xn--pckua2a7gp15o89zb.com/jbn/6c694cf85c4f878beccfa220d42d7f12,True,12時間前,2026-09-30 05:05:30,埼玉県
受付事務／「正社員・土日祝休み・ネイルOK・残業なし・年間休日120日」未経験OK新着,医療事務,埼玉県,"月給19万4,700円",正社員,医療事務,求人ボックス,https://xn--pckua2a7gp15o89zb.com/jbn/18a72119d3f3c5b000215e1a4538c3f7,True,13時間前,2026-09-30 05:05:30,埼玉県
データ入力事務／「正社員・土日祝休み・残業なし・年間休日120日」未経験OK新着,事務,埼玉県,"月給19万4,600円",正社員,医療事務,求人ボックス,https://xn--pckua2a7gp15o89zb.com/jbn/2fe8de84439601591147c97464e36c6f,True,13時間前,2026-09-30 05:05:30,埼玉県
一般事務／「正社員・土日祝休み・ネイルOK・残業なし・年間休日120日」未経験OK新着,医療事務,埼玉県,"月給19万5,000円",正社員,医療事務,求人ボックス,https://xn--pckua2a7gp15o89zb.com/jbn/58eddc11bc4b7430abd8d1f6b3a9a6fa,True,13時間前,2026-09-30 05:05:30,埼玉県
一般事務・資格不問「正社員／土日祝休み／年間休日120日／服装自由／ネイルOK」未経験歓迎新着,医療事務,埼玉県,"月給19万5,400円",正社員,医療事務,求人ボックス,https://xn--pckua2a7gp15o89zb.com/jbn/8c80411495531326778dfc7567474d82,True,13時間前,2026-09-30 05:05:30,埼玉県
庶務事務／「正社員・土日祝休み・ネイルOK・残業なし・年間休日120日」未経験OK新着,医療事務,埼玉県,"月給19万5,800円",正社員,医療事務,求人ボックス,https://xn--pckua2a7gp15o89zb.com/jbn/94031cbb8fa9cb9621b8b0ab54aad984,True,12時間前,2026-09-30 05:05:30,埼玉県
営業事務／充実の研修で安心スタート!／残業なし／完全週休2日制／産休・育休あり新着,事務,埼玉県,"月給21万5,500円",正社員,医療事務,求人ボックス,https://xn--pckua2a7gp15o89zb.com/jbn/379718a1ba9bd558e9d5765dbd45f6ca,True,3時間前,2026-09-30 05:05:30,埼玉県
営業事務／充実の研修で安心スタート!／土日祝休み／事務職／未経験でも安心新着,事務,埼玉県,"月給21万5,500円",正社員,医療事務,求人ボックス,https://xn--pckua2a7gp15o89zb.com/jbn/3e144bfb768a647a2d41a3217bb2ebdf,True,2時間前,2026-09-30 05:05:33,埼玉県
事務・受付スタッフ／残業なし／オフィスワーク／充実の研修で安心スタート新着,事務,埼玉県,"月給21万5,500円",正社員,医療事務,求人ボックス,https://xn--pckua2a7gp15o89zb.com/jbn/970cec441f7ebf2f6e2b27d60e2f486a,True,3時間前,2026-09-30 05:05:33,埼玉県
一般事務／充実の研修で安心スタート!／シフト制／未経験でも安心／土日祝休み新着,一般,埼玉県,"月給21万5,500円",正社員,医療事務,求人ボックス,https://xn--pckua2a7gp15o89zb.com/jbn/75bed468382c4ad43bf3e6c055409b84,True,2時間前,2026-09-30 05:05:33,埼玉県
総務事務／充実の研修で安心スタート!／ブランクOK／週休2日制／事務スタッフ新着,事務,埼玉県,"月給21万5,500円",正社員,医療事務,求人ボックス,https://xn--pckua2a7gp15o89zb.com/jbn/38bdd1bfd2383e53e3805968a08f735b,True,2時間前,2026-09-30 05:05:33,埼玉県
ドラッグストアでの登録販売者／経験者可能／フリーターOK／交通費あり／昇給あり／シフト制新着,株式会社セキ薬品,埼玉県,"月給19万5,000円",正社員,医療事務,求人ボックス,https://xn--pckua2a7gp15o89zb.com/jbn/262d34501c42cddc90c7f9e1810b3e74,True,2時間前,2026-09-30 05:05:33,埼玉県
「未経験歓迎」／総務事務／第二新卒歓迎／経験者優遇「正社員」新着,事務,埼玉県,"月給21万5,500円",正社員,医療事務,求人ボックス,https://xn--pckua2a7gp15o89zb.com/jbn/e7cbd37ce044776f183e8e40f58b8649,True,2時間前,2026-09-30 05:05:33,埼玉県
受付事務・育休あり・長く働ける職場・川口市栄町2丁目新着,株式会社Meta Sales,埼玉県,月給25万400円,正社員,医療事務,求人ボックス,https://xn--pckua2a7gp15o89zb.com/jbn/9e8c77b622ad2be9c4eda1cbe85a55ea,True,9時間前,2026-09-30 05:05:36,埼玉県
「プライベート充実」／事務スタッフ／第二新卒歓迎／コツコツ作業「正社員」新着,事務,埼玉県,"月給21万5,500円",正社員,医療事務,求人ボックス,https://xn--pckua2a7gp15o89zb.com/jbn/fb7db97b6117a7f48dee40fee50d92ad,True,2時間前,2026-09-30 05:05:36,埼玉県
「土日祝休み」／ITサポート事務／データ管理／産休・育休あり「正社員」新着,事務,埼玉県,"月給21万5,500円",正社員,医療事務,求人ボックス,https://xn--pckua2a7gp15o89zb.com/jbn/33bbd2127838c210fe98fbdb82ef884a,True,2時間前,2026-09-30 05:05:36,埼玉県
「残業少なめ」／ITサポート事務／20代・30代活躍中／高給与「正社員」新着,未経験から,埼玉県,"月給21万5,500円",正社員,医療事務,求人ボックス,https://xn--pckua2a7gp15o89zb.com/jbn/f105e6aec4f8a5d266e5db227b19c53c,True,1時間前,2026-09-30 05:05:36,埼玉県
未経験・ブランクも歓迎／データ入力・受付事務／「新人を一人ぼっちにしない」安心のサポート新着,事務・,埼玉県,月給23万円～50万円,正社員,医療事務,求人ボックス,https://xn--pckua2a7gp15o89zb.com/jbn/f21819beebcac5f6075711b58e4bcc7e,True,3時間前,2026-09-30 05:05:36,埼玉県
「未経験OK」／事務・受付スタッフ／交通費全額支給／有給休暇あり「正社員」新着,事務,埼玉県,"月給21万5,500円",正社員,医療事務,求人ボックス,https://xn--pckua2a7gp15o89zb.com/jbn/5f19d6e63747a048fac3489cf6497325,True,2時間前,2026-09-30 05:05:36,埼玉県
総務事務／充実の研修で安心スタート!／WEB面接可能／週休2日制／交通費全額支給新着,事務,埼玉県,"月給21万5,500円",正社員,医療事務,求人ボックス,https://xn--pckua2a7gp15o89zb.com/jbn/ce2f43a82eb410c99143e6ce4d5c22f7,True,2時間前,2026-09-30 05:05:36,埼玉県
薬日本堂の登録販売者／シフト制／研修あり／経験可能／賞与あり新着,薬日本堂株式会社,埼玉県,"月給20万5,000円",正社員,医療事務,求人ボックス,https://xn--pckua2a7gp15o89zb.com/jbn/9ab34fd99204e978f32acc731858c796,True,2時間前,2026-09-30 05:05:39,埼玉県
データ入力・事務／充実の研修で安心スタート!／土日祝休み／高収入／年間休日125日新着,事務,埼玉県,"月給21万5,500円",正社員,医療事務,求人ボックス,https://xn--pckua2a7gp15o89zb.com/jbn/f59a25602987138ff4cfec004842f2b6,True,2時間前,2026-09-30 05:05:39,埼玉県
営業事務「正社員」未経験歓迎・簡単なPC操作のみ・土日祝休み・さいたま市大宮区桜木町2丁目新着,株式会社enrich technology,埼玉県,"月給26万6,100円",正社員,医療事務,求人ボックス,https://xn--pckua2a7gp15o89zb.com/jbn/a42dc866e5913f6033c178b3da34d18b,True,9時間前,2026-09-30 05:05:39,埼玉県
営業サポート事務／未経験でも安心／オシャレ自由／マニュアル完備／事務正社員新着,事務,埼玉県,"月給21万5,500円",正社員,医療事務,求人ボックス,https://xn--pckua2a7gp15o89zb.com/jbn/518e5e371182e98ec74b300aaadd9491,True,3時間前,2026-09-30 05:05:39,埼玉県
総務事務／充実の研修で安心スタート!／残業なし／産休・育休あり／完全週休2日制新着,...プライベートを大切にしながら、安定した環境で長く働ける,埼玉県,"月給21万5,500円",正社員,医療事務,求人ボックス,https://xn--pckua2a7gp15o89zb.com/jbn/20c8d4bb9340e2d0be1b2257bfcd7808,True,2時間前,2026-09-30 05:05:39,埼玉県
PCはカンタン操作だけ!ペースに合わせて学べる／庶務事務／復職実績多数／さいたま市大宮区大門町2丁目新着,株式会社LOP,埼玉県,"月給25万7,200円",正社員,医療事務,求人ボックス,https://xn--pckua2a7gp15o89zb.com/jbn/a77a35b3ea5542250a6e30bd8bf24c12,True,9時間前,2026-09-30 05:05:39,埼玉県
PCはカンタン操作だけ!はじめてさんも安心／サポート事務／交通費支給／さいたま市大宮区桜木町2丁目新着,株式会社ELシステム,埼玉県,"月給24万5,100円",正社員,医療事務,求人ボックス,https://xn--pckua2a7gp15o89zb.com/jbn/a375de05c6509de48b4505bd34271089,True,9時間前,2026-09-30 05:05:39,埼玉県
営業事務／充実の研修で安心スタート!／未経験でも安心／オフィススタッフ／土日祝休み新着,安定した環境で長く働ける,埼玉県,月給23万500円,正社員,医療事務,求人ボックス,https://xn--pckua2a7gp15o89zb.com/jbn/2947e11ed682c61dda1c21a493f3cd42,True,2時間前,2026-09-30 05:05:42,埼玉県
ドラッグストアでの登録販売者／経験可能／フリーター／週休2日／シフト制／有給休暇あり新着,クリニック受付・,埼玉県,"月給22万5,000円",正社員,医療事務,求人ボックス,https://xn--pckua2a7gp15o89zb.com/jbn/e3366edea4ca8ce0a53da4860f858242,True,2時間前,2026-09-30 05:05:42,埼玉県
デスクワーク／充実の研修で安心スタート!／残業なし／未経験でも安心／一般事務新着,事務,埼玉県,"月給21万5,500円",正社員,医療事務,求人ボックス,https://xn--pckua2a7gp15o89zb.com/jbn/f0ef6fd19270dc3c089a1671d86025b6,True,2時間前,2026-09-30 05:05:42,埼玉県
20代活躍中!コツコツ進めるオフィスワーク／営業事務／第二新卒歓迎／川口市本町1丁目新着,株式会社GUM,埼玉県,"月給24万8,200円",正社員,医療事務,求人ボックス,https://xn--pckua2a7gp15o89zb.com/jbn/9f258c0bbfedab6ec50df969607f45b5,True,8時間前,2026-09-30 05:05:42,埼玉県
一般事務／充実の研修で安心スタート!／経験者優遇／事務正社員／交通費全額支給新着,事務,埼玉県,"月給21万5,500円",正社員,医療事務,求人ボックス,https://xn--pckua2a7gp15o89zb.com/jbn/9fcc9582ec03f6cfcfb3c4c7acb09825,True,2時間前,2026-09-30 05:05:42,埼玉県
ブランクさんも歓迎!働きやすい環境／一般事務スタッフ／未経験歓迎／川口市栄町2丁目新着,事務,埼玉県,"月給26万4,700円",正社員,医療事務,求人ボックス,https://xn--pckua2a7gp15o89zb.com/jbn/1dc9e8deb59691b84d2e1224be62192d,True,8時間前,2026-09-30 05:05:42,埼玉県
「転勤なし」／ITサポート事務／WEB面接可能／採用強化中「正社員」新着,事務,埼玉県,"月給21万5,500円",正社員,医療事務,求人ボックス,https://xn--pckua2a7gp15o89zb.com/jbn/dc12d9a2d86f7a4e08c8fcb5a525d325,True,2時間前,2026-09-30 05:05:46,埼玉県
データ入力事務／充実の研修で安心スタート!／年間休日125日／駅チカ／完全週休2日制新着,安定した環境で長く働ける,埼玉県,"月給21万5,500円",正社員,医療事務,求人ボックス,https://xn--pckua2a7gp15o89zb.com/jbn/a999c7c77b0f2252c8d02dce0d5e4969,True,3時間前,2026-09-30 05:05:46,埼玉県
土日祝はしっかりお休み!サポート体制バッチリ／データ入力事務／未経験歓迎／川口市幸町2丁目新着,株式会社alBee,埼玉県,"月給24万1,600円",正社員,医療事務,求人ボックス,https://xn--pckua2a7gp15o89zb.com/jbn/82d38f043d846095e0d3597af95a1e6f,True,9時間前,2026-09-30 05:05:46,埼玉県
「未経験歓迎」／営業事務／WEB面接可能／産休・育休あり「正社員」新着,安定した環境で長く働ける,埼玉県,"月給21万5,500円",正社員,医療事務,求人ボックス,https://xn--pckua2a7gp15o89zb.com/jbn/40d59410a999f384a295a2ec6a190a75,True,2時間前,2026-09-30 05:05:46,埼玉県
データ入力事務／充実の研修で安心スタート!／土日祝休み／ブランクOK／年間休日125日新着,事務,埼玉県,"月給21万5,500円",正社員,医療事務,求人ボックス,https://xn--pckua2a7gp15o89zb.com/jbn/a82c7655fc84791021154f829b0299b6,True,3時間前,2026-09-30 05:05:46,埼玉県
落ち着いた環境でコツコツ!シンプル作業が中心／事務スタッフ／長期安定で働ける／川口市本町1丁目新着,事務,埼玉県,月給25万500円,正社員,医療事務,求人ボックス,https://xn--pckua2a7gp15o89zb.com/jbn/0236fac790c05658674d341cbe77180f,True,9時間前,2026-09-30 05:05:46,埼玉県
ドラッグストアでの登録販売者／経験者OK／フリーター／交通費支給あり／昇給あり／完全週休2日新着,クリニック受付・,埼玉県,"月給20万7,000円",正社員,医療事務,求人ボックス,https://xn--pckua2a7gp15o89zb.com/jbn/e3045dde59ac8774af00e91d2b6b8477,True,2時間前,2026-09-30 05:05:46,埼玉県
事務スタッフ「正社員」育休あり・簡単なPC操作のみ・さいたま市大宮区桜木町1丁目新着,事務,埼玉県,"月給24万9,900円",正社員,医療事務,求人ボックス,https://xn--pckua2a7gp15o89zb.com/jbn/039e809cb5cadeeac8863c86a21325f4,True,9時間前,2026-09-30 05:05:50,埼玉県
あたたかい職場で長く働く!カンタン作業が中心／事務スタッフ／20代活躍中新着,事務,埼玉県,"月給24万1,900円",正社員,医療事務,求人ボックス,https://xn--pckua2a7gp15o89zb.com/jbn/407cc0845358610fcbe311c0360d27a4,True,9時間前,2026-09-30 05:05:50,埼玉県
「未経験歓迎」／事務スタッフ／第二新卒歓迎／産休・育休あり「正社員」新着,事務,埼玉県,"月給21万5,500円",正社員,医療事務,求人ボックス,https://xn--pckua2a7gp15o89zb.com/jbn/4ce1ded4e6bf4ea71e3f326239b7fd09,True,2時間前,2026-09-30 05:05:50,埼玉県
はじめての事務にぴったり!メリハリつけて働ける／一般事務／ブランクOK／川口市幸町1丁目新着,事務,埼玉県,"月給24万6,700円",正社員,医療事務,求人ボックス,https://xn--pckua2a7gp15o89zb.com/jbn/230df752cdae5f8616d61edf567d4bcf,True,9時間前,2026-09-30 05:05:50,埼玉県
事務スタッフ「正社員」年間休日125日以上・研修制度充実・さいたま市大宮区大門町1丁目新着,事務,埼玉県,"月給25万4,600円",正社員,医療事務,求人ボックス,https://xn--pckua2a7gp15o89zb.com/jbn/e2368f64c3822c6b3f5bacdd2d6fbcf8,True,9時間前,2026-09-30 05:05:50,埼玉県
事務アシスタント・研修制度充実・年間休日125日以上・川口市幸町1丁目新着,事務,埼玉県,"月給25万9,900円",正社員,医療事務,求人ボックス,https://xn--pckua2a7gp15o89zb.com/jbn/c4c1803845b3740357d8abfc4aebf38f,True,9時間前,2026-09-30 05:05:50,埼玉県
庶務事務・完全週休2日制・復職実績多数・川口市本町2丁目新着,事務,埼玉県,"月給25万7,100円",正社員,医療事務,求人ボックス,https://xn--pckua2a7gp15o89zb.com/jbn/ecc6d11b0f0d835bf6a2d051aa13a40e,True,9時間前,2026-09-30 05:05:50,埼玉県
ブランクさんも歓迎!長く働ける安定環境／営業事務／復職実績多数／さいたま市大宮区大門町1丁目新着,事務,埼玉県,"月給26万5,700円",正社員,医療事務,求人ボックス,https://xn--pckua2a7gp15o89zb.com/jbn/44a65b3479dc3cf7f6e25ba0be821e99,True,8時間前,2026-09-30 05:05:50,埼玉県
毎年昇給で手取りUP／長く働くほど得をする一般事務スタッフ新着,事務,埼玉県,月給23万円～50万円,正社員,医療事務,求人ボックス,https://xn--pckua2a7gp15o89zb.com/jbn/4e100de0510bbf98454a8f8c87c04e39,True,2時間前,2026-09-30 05:05:53,埼玉県
コツコツ事務でムリなく!丁寧な研修で安心スタート／一般事務スタッフ／資格不要・未経験OK新着,事務,埼玉県,"月給26万3,000円",正社員,医療事務,求人ボックス,https://xn--pckua2a7gp15o89zb.com/jbn/dc477f233c6e33cdb269193c04b741f0,True,9時間前,2026-09-30 05:05:53,埼玉県
事務アシスタント・アシスタント業務・研修制度充実・育休あり・さいたま市大宮区桜木町1丁目新着,事務,埼玉県,月給26万100円,正社員,医療事務,求人ボックス,https://xn--pckua2a7gp15o89zb.com/jbn/a220c413f6031a50fb5da9e8bff0761e,True,9時間前,2026-09-30 05:05:53,埼玉県
ドラッグストアの調剤事務新着,ウエルシア薬局中浦和店,埼玉県,"時給1,241円～1,291円",アルバイト・パート,医療事務,求人ボックス,https://xn--pckua2a7gp15o89zb.com/jb/ac19daac9f6dd59b00558bf49b6d6f4c,True,18時間前,2026-09-30 05:05:53,埼玉県
事務スタッフ・簡単なPC操作のみ・アシスタント業務・さいたま市大宮区大門町2丁目新着,株式会社Le Lien,埼玉県,"月給25万6,600円",正社員,医療事務,求人ボックス,https://xn--pckua2a7gp15o89zb.com/jbn/9354485636da5f240bdad5f7fd05ef35,True,9時間前,2026-09-30 05:05:53,埼玉県
ブランクさんも歓迎!働きやすい環境／受付事務／長期安定で働ける／さいたま市大宮区桜木町2丁目新着,事務,埼玉県,"月給26万7,400円",正社員,医療事務,求人ボックス,https://xn--pckua2a7gp15o89zb.com/jbn/58950eb1a2d7855168a18f19845658e3,True,9時間前,2026-09-30 05:05:53,埼玉県
ブランクさんも歓迎!家庭と両立しやすい職場／事務スタッフ／復職実績多数／川口市本町2丁目新着,事務,埼玉県,"月給26万8,800円",正社員,医療事務,求人ボックス,https://xn--pckua2a7gp15o89zb.com/jbn/39891fda3e125b9087f893713b38f658,True,9時間前,2026-09-30 05:05:53,埼玉県
保育士／未経験OK／学歴不問／ブランクOK／急募／年間休日120日新着,株式会社福本,埼玉県,月給24万500円,正社員,保育,求人ボックス,https://xn--pckua2a7gp15o89zb.com/jbn/502a144dd31752e9663710ceccf4b518,True,12時間前,2026-09-30 05:05:44,埼玉県
保育士／未経験OK／ブランクOK／急募／社会保険完備／交通費支給新着,医療法人社団桐和会,埼玉県,"月給26万7,700円",正社員,保育,求人ボックス,https://xn--pckua2a7gp15o89zb.com/jbn/49d791a88d338d661e37b5b043717323,True,12時間前,2026-09-30 05:05:44,埼玉県
保育士／未経験OK／賞与2.5ヶ月分／宿舎借上げ制度あり／年間休日12...新着,社会福祉法人一粒,埼玉県,月給21万600円,正社員,保育,求人ボックス,https://xn--pckua2a7gp15o89zb.com/jbn/701e942908527cf35afc9f1b6610004e,True,12時間前,2026-09-30 05:05:44,埼玉県
保育士／未経験OK／交通費支給／ブランクOK／急募／小規模新着,株式会社綜合キャリアトラスト,埼玉県,"月給23万5,000円",正社員,保育,求人ボックス,https://xn--pckua2a7gp15o89zb.com/jbn/af8c32d15a0cd721bd9e7a0b73f2c877,True,12時間前,2026-09-30 05:05:44,埼玉県
保育士／未経験OK／学歴不問／ブランクOK／土日祝休みあり／昇給あり新着,社会福祉法人康聖会,埼玉県,月給25万円～,正社員,保育,求人ボックス,https://xn--pckua2a7gp15o89zb.com/jbn/a6bbe83e6a19c75432ba211e647f627b,True,13時間前,2026-09-30 05:05:48,埼玉県
保育士／未経験OK／学歴不問／小規模／社会保険完備／主婦・主夫歓迎新着,株式会社NANMO,埼玉県,月給23万円～35万円,正社員,保育,求人ボックス,https://xn--pckua2a7gp15o89zb.com/jbn/d4b00ee8bb1961a22f41418616be9eaa,True,12時間前,2026-09-30 05:05:48,埼玉県
保育士／未経験OK／主婦・主夫歓迎／学歴不問／社会保険完備新着,株式会社一刻の会,埼玉県,月給22万円～26万円,正社員,保育,求人ボックス,https://xn--pckua2a7gp15o89zb.com/jbn/2ffdedc5bfd934d88616c2d5c18bdcb0,True,12時間前,2026-09-30 05:05:52,埼玉県
保育士／未経験OK／急募／学歴不問／賞与あり／賞与4ヶ月分新着,学校法人内村学園,埼玉県,"月給22万1,500円",正社員,保育,求人ボックス,https://xn--pckua2a7gp15o89zb.com/jbn/85d9021f051888399c6703e030fc6cdd,True,12時間前,2026-09-30 05:05:52,埼玉県
保育士／未経験OK／急募／交通費支給／ブランクOK／社会保険完備新着,株式会社サングリット,埼玉県,"月給24万1,000円",正社員,保育,求人ボックス,https://xn--pckua2a7gp15o89zb.com/jbn/fb1e99a2e33d3e49f876e92c387f1d9c,True,12時間前,2026-09-30 05:05:56,埼玉県
保育士／未経験OK／完全週休2日制／土日祝休みあり／主婦・主夫歓迎新着,株式会社ケアネットワーク,埼玉県,月給20万円～25万円,正社員,保育,求人ボックス,https://xn--pckua2a7gp15o89zb.com/jbn/66553facaee938b3f2742c339ff754fc,True,12時間前,2026-09-30 05:05:59,埼玉県
保育士／未経験OK／年間休日120日以上／賞与あり／学歴不問／急募新着,社会福祉法人ことの葉会,埼玉県,月給25万500円,正社員,保育,求人ボックス,https://xn--pckua2a7gp15o89zb.com/jbn/40ef1b9493da3988a34934a51a2bdbf5,True,12時間前,2026-09-30 05:06:02,埼玉県
保育士／未経験OK／交通費支給／社会保険完備／急募／主婦・主夫歓迎新着,株式会社タック,埼玉県,月給23万円～,正社員,保育,求人ボックス,https://xn--pckua2a7gp15o89zb.com/jbn/7a19536e7b84b01119a7ea3c3de27a3e,True,13時間前,2026-09-30 05:06:02,埼玉県
保育士／未経験OK／学歴不問／年間休日120日以上／主婦・主夫歓迎新着,株式会社QI,埼玉県,"月給25万2,960円",正社員,保育,求人ボックス,https://xn--pckua2a7gp15o89zb.com/jbn/aa9b3808a19fb8300a7aab745b14dc5d,True,12時間前,2026-09-30 05:06:05,埼玉県
保育士／未経験OK／主婦・主夫歓迎／社会保険完備／残業ほぼなし新着,社会福祉法人杏樹会,埼玉県,"月給24万2,900円",正社員,保育,求人ボックス,https://xn--pckua2a7gp15o89zb.com/jbn/23a979ac470d97cb2ee9ee860dd3998e,True,12時間前,2026-09-30 05:06:05,埼玉県
保育士／未経験OK／主婦・主夫歓迎／土日祝休みあり／急募／社会保険完備新着,株式会社reliable,埼玉県,"月給24万3,000円",正社員,保育,求人ボックス,https://xn--pckua2a7gp15o89zb.com/jbn/9f7648009dc40e4882dd8280015c2f15,True,12時間前,2026-09-30 05:06:08,埼玉県
保育士／未経験OK／宿舎借上げ制度あり／小規模／ブランクOK新着,株式会社Sun's,埼玉県,"月給21万6,000円",正社員,保育,求人ボックス,https://xn--pckua2a7gp15o89zb.com/jbn/af72139443093d31068ade673adbdb00,True,13時間前,2026-09-30 05:06:08,埼玉県
保育士／未経験OK／社会保険完備／急募／賞与3.0ヶ月分／賞与あり新着,学校法人秋本学園,埼玉県,"月給25万2,000円",正社員,保育,求人ボックス,https://xn--pckua2a7gp15o89zb.com/jbn/97f22e5232b9c08e34b4a21c4c95f72f,True,12時間前,2026-09-30 05:06:16,埼玉県
保育士／未経験OK／資格取得支援／学歴不問／急募／社会保険完備新着,株式会社児童デイサービスみらい,埼玉県,"月給21万5,000円",正社員,保育,求人ボックス,https://xn--pckua2a7gp15o89zb.com/jbn/6be910c9ee49e56666c559c95fe09609,True,12時間前,2026-09-30 05:06:16,埼玉県
保育士／未経験OK／昇給あり／学歴不問／急募／賞与あり新着,社会福祉法人悠々会,埼玉県,"月給26万1,500円",正社員,保育,求人ボックス,https://xn--pckua2a7gp15o89zb.com/jbn/b94f3bc1d3e878d7e64f0f2bcdc9f0ac,True,12時間前,2026-09-30 05:06:16,埼玉県
保育士／未経験OK／急募／賞与あり／ブランクOK／昇給あり新着,社会福祉法人陽彩こころの会,埼玉県,月給22万円～30万円,正社員,保育,求人ボックス,https://xn--pckua2a7gp15o89zb.com/jbn/cc556401084ef5162ff04ff3ed49f2f0,True,13時間前,2026-09-30 05:06:16,埼玉県
「ノルマ・歩合制なし、営業トークは必要なしの美容師募集」／営業時間外の...新着,QBハウス西武飯能ペペ,埼玉県,月給30万円～47万,正社員,美容,求人ボックス,https://xn--pckua2a7gp15o89zb.com/jbn/516dab1771f36f1c5ca5c031c42345f1,True,2時間前,2026-09-30 05:05:47,埼玉県
「未経験でも美容師免許があれば最短6ヶ月デビュー可」／皆勤手当新着,QBハウスイオンスタイル入間,埼玉県,月給30万円～47万,正社員,美容,求人ボックス,https://xn--pckua2a7gp15o89zb.com/jbn/353cebe3523325ea0212f16c3d16ae60,True,2時間前,2026-09-30 05:05:47,埼玉県
「ノルマ・歩合制なし、営業トークは必要なしの美容師募集」／ノルマ無し新着,QBハウス東松山ショッピングセンター,埼玉県,月給30万円～47万,正社員,美容,求人ボックス,https://xn--pckua2a7gp15o89zb.com/jbn/6bf186b1297c10614d9ff6dd184b0a11,True,2時間前,2026-09-30 05:05:47,埼玉県
「歩合制なし・安定した収入が得られる美容師」／有休取得率80%以上新着,QBハウスイオンレイクタウンkaze,埼玉県,月給30万円～47万,正社員,美容,求人ボックス,https://xn--pckua2a7gp15o89zb.com/jbn/ba42fe23ebcddd480a0c7d255c9e683d,True,2時間前,2026-09-30 05:05:48,埼玉県
「ノルマ・歩合制なし、営業トークは必要なしの美容師募集」／1分単位で残...新着,QBハウスイオンレイクタウンmori,埼玉県,月給30万円～47万,正社員,美容,求人ボックス,https://xn--pckua2a7gp15o89zb.com/jbn/ef9337597371d33b207779709f85a03b,True,2時間前,2026-09-30 05:05:48,埼玉県
「歩合制なし・安定した収入が得られる理容師・美容師」／地域手当あり新着,QBHOUSE／ロジスカットスクール東京校,埼玉県,月給25万500円,正社員,美容,求人ボックス,https://xn--pckua2a7gp15o89zb.com/jbn/b307932ee8100d6a94b3feaec1e77714,True,2時間前,2026-09-30 05:05:48,埼玉県
美容師／スタイリスト／ビューティシモ新着,ビューティシモ株式会社,埼玉県,"時給1,196円～1,500円",アルバイト・パート,美容,求人ボックス,https://xn--pckua2a7gp15o89zb.com/jb/eacf66f2f06b777bc0f4ba848a405afb,True,12時間前,2026-09-30 05:05:52,埼玉県
週1日～OKの美容師スタイリスト／美容師週1日3時間～レギュラーワーク...新着,株式会社ハクブン,埼玉県,"時給1,250円～1,600円",アルバイト・パート,美容,求人ボックス,https://xn--pckua2a7gp15o89zb.com/jb/6831e093a2d681ba4d31193be0015f99,True,7時間前,2026-09-30 05:05:52,埼玉県
美容師／アシスタント／レイエル新着,RAYEL,埼玉県,"月給21万5,000円",正社員,美容,求人ボックス,https://xn--pckua2a7gp15o89zb.com/jb/97a7677764011e982cec6d3abbe49674,True,12時間前,2026-09-30 05:05:52,埼玉県
美容師／店長／スマイルポップヘアーfor kids新着,株式会社R&M未来,埼玉県,月給33万円～38万円,正社員,美容,求人ボックス,https://xn--pckua2a7gp15o89zb.com/jb/741008db27c87e0478a7c56a77a65e42,True,12時間前,2026-09-30 05:05:52,埼玉県
美容師／アシスタント／ブリーチ 大宮店新着,株式会社ビサイド,埼玉県,月給22万160円,正社員,美容,求人ボックス,https://xn--pckua2a7gp15o89zb.com/jb/5d4d62e2de96dcdae3fc447dae1afeff,True,13時間前,2026-09-30 05:05:56,埼玉県
美容師免許を活かすウィッグスタイリスト・メンテナンススタッフ新着,青和通商株式会社 物流センター,埼玉県,"時給1,200円～",アルバイト・パート,美容,求人ボックス,https://xn--pckua2a7gp15o89zb.com/jb/974637e7df0fa793e56b734a178ae708,True,11時間前,2026-09-30 05:05:56,埼玉県
「カットのみの美容室で一緒に働こう」／皆勤手当／交通費支給／休憩は必ず90分／安定企業新着,QBハウスイオンモール羽生,埼玉県,月給30万円～47万,正社員,美容,求人ボックス,https://xn--pckua2a7gp15o89zb.com/jbn/b2b24e89264bc4a7f754a4f8c856b497,True,2時間前,2026-09-30 05:05:56,埼玉県
「プライベート充実」／一般事務／研修充実／産休・育休あり「正社員」新着,PCに触れる機会が少なかった元アパレルスタッフや元,埼玉県,"月給21万5,500円",正社員,美容,求人ボックス,https://xn--pckua2a7gp15o89zb.com/jbn/9a66aef640e4feffd7693eeb651bcca3,True,2時間前,2026-09-30 05:05:59,埼玉県
月給30万～／未経験採用枠／研修充実／Tiktok運用エンジニア新着,ナナイロモバイル株式会社,埼玉県,月給30万～,正社員,美容,求人ボックス,https://xn--pckua2a7gp15o89zb.com/jbn/81a9c7f05df4ea1a61e6d0cb2eeb9d4d,True,11時間前,2026-09-30 05:05:59,埼玉県
「まだ間に合う!」未経験採用枠／製造スタッフ・カプセルトイ／寮・社宅・家賃補助あり新着,AQUARIUS株式会社,埼玉県,月給28万円～50万円,正社員,美容,求人ボックス,https://xn--pckua2a7gp15o89zb.com/jbn/3d3523c6e31411826eb160897948706a,True,11時間前,2026-09-30 05:05:59,埼玉県
「迷う前にまず一歩!」未経験採用枠／プログラマー／昇給年2回新着,株式会社alBee,埼玉県,月給24万円～36万円,正社員,美容,求人ボックス,https://xn--pckua2a7gp15o89zb.com/jbn/1ce8329157c9c99fca138ad3a0e101d7,True,11時間前,2026-09-30 05:05:59,埼玉県
「まだ間に合う!」未経験採用枠／製造スタッフ・カプセルトイ／年間休日125日以上新着,株式会社RIOT,埼玉県,月給28万円～50万円,正社員,美容,求人ボックス,https://xn--pckua2a7gp15o89zb.com/jbn/80a480a75c8f07f0a22033cf6e0f99af,True,11時間前,2026-09-30 05:06:02,埼玉県
「まだ間に合う!」未経験採用枠／カプセルトイ製造スタッフ／プライベート充実新着,Yts株式会社,埼玉県,月給28万円～50万円,正社員,美容,求人ボックス,https://xn--pckua2a7gp15o89zb.com/jbn/f9d44e2800e9409df64c9305be3753ed,True,12時間前,2026-09-30 05:06:02,埼玉県
「まだ間に合う!」未経験採用枠／カプセルトイ製造スタッフ／寮・社宅・家賃補助あり新着,株式会社小林,埼玉県,月給28万円～50万円,正社員,美容,求人ボックス,https://xn--pckua2a7gp15o89zb.com/jbn/ec30e046f0484f5c2b281aed55d90656,True,11時間前,2026-09-30 05:06:02,埼玉県
「新生活デビュー応援!」未経験採用枠／製造スタッフ・カプセルトイ／プライベート充実新着,株式会社RIOT GROUP,埼玉県,月給28万円～50万円,正社員,美容,求人ボックス,https://xn--pckua2a7gp15o89zb.com/jbn/ac878ab87b1a1a42714f285779bb7c9b,True,11時間前,2026-09-30 05:06:06,埼玉県
フルリモート／未経験可／一般事務／年休125日以上新着,職種・業界未経験歓迎→大体の方が未経験からスタートしてます! 前職は様々→飲食店、,埼玉県,"月給25万1,400円",正社員,美容,求人ボックス,https://xn--pckua2a7gp15o89zb.com/jbn/fd58219d26ae4ef60e45dddf23f66d40,True,11時間前,2026-09-30 05:06:10,埼玉県
フルリモート／未経験可／データ入力／年休125日以上新着,職種・業界未経験歓迎→大体の方が未経験からスタートしてます! 前職は様々→飲食店、,埼玉県,"月給24万2,900円",正社員,美容,求人ボックス,https://xn--pckua2a7gp15o89zb.com/jbn/f6f21170cfd8730952283c9a688766b3,True,12時間前,2026-09-30 05:06:10,埼玉県
リモート勤務／一般事務／高収入／完全土日休み新着,飲食店、,埼玉県,"月給27万3,200円",正社員,美容,求人ボックス,https://xn--pckua2a7gp15o89zb.com/jbn/8ba1485943c14524f400737d372ddedf,True,11時間前,2026-09-30 05:06:10,埼玉県
リモート勤務／事務／高収入／完全週休2日新着,飲食店、,埼玉県,"月給27万2,300円",正社員,美容,求人ボックス,https://xn--pckua2a7gp15o89zb.com/jbn/f1d9b938f32282901b741ede15ea687f,True,12時間前,2026-09-30 05:06:10,埼玉県
リモート勤務／データ入力／未経験OK／月給27万～新着,飲食店、,埼玉県,月給27万～,正社員,美容,求人ボックス,https://xn--pckua2a7gp15o89zb.com/jbn/a139d8da8a8d4963d551635dfe83fdb5,True,12時間前,2026-09-30 05:06:10,埼玉県
完全在宅／データ入力／未経験OK／月給27万～新着,飲食店、,埼玉県,月給27万～,正社員,美容,求人ボックス,https://xn--pckua2a7gp15o89zb.com/jbn/61709b642c67862cf7743eceb9e74496,True,11時間前,2026-09-30 05:06:13,埼玉県
在宅勤務／一般事務／高収入／完全週休2日新着,飲食店、,埼玉県,月給27万800円,正社員,美容,求人ボックス,https://xn--pckua2a7gp15o89zb.com/jbn/a4d56ece1703110b22c35b02f4715dfe,True,12時間前,2026-09-30 05:06:13,埼玉県
「未経験OK」／データ入力事務／学歴不問／ボーナスあり「正社員」新着,...チームメンバーのサポートにやりがいを感じる ワークライフバランスを整えたい接客・販売・飲食などのサービス業からオフィスワークへ切り替えたい方に最適!PCに触れる機会が少なかった元アパレルスタッフ,埼玉県,"月給21万5,500円",正社員,美容,求人ボックス,https://xn--pckua2a7gp15o89zb.com/jbn/accec04b0790d72aa7329d801e083673,True,2時間前,2026-09-30 05:06:13,埼玉県
フルリモート／一般事務／未経験OK／年間休日123日新着,飲食店、,埼玉県,"月給27万2,800円",正社員,美容,求人ボックス,https://xn--pckua2a7gp15o89zb.com/jbn/130de26de91cfdb8bf66d314d00b0e2c,True,12時間前,2026-09-30 05:06:13,埼玉県
送迎運転手「普通免許のみ」／ドライバー／予約が中心／未経験でも高収入／年収600万円以上新着,...カレンダー通りに休める事務職へ転職したい」「プライベートの時間もしっかり確保しながら働きたい」そんな希望が叶う職場です。ExcelやWordの基本操作ができれば、実務経験がなくても全く問題ありま,埼玉県,月給50万円～80万円,正社員,美容,求人ボックス,https://xn--pckua2a7gp15o89zb.com/jbn/9e39a6abadfffe05a49ec5bd42b42dfd,True,10時間前,2026-09-30 05:06:19,埼玉県
フルリモート／一般事務／高収入／完全土日休み新着,飲食店、,埼玉県,"月給27万4,700円",正社員,美容,求人ボックス,https://xn--pckua2a7gp15o89zb.com/jbn/a8610551347e627bab424ff20b71cd14,True,11時間前,2026-09-30 05:06:19,埼玉県
経験が活かせる木造住宅工事の建設作業員新着,有限会社白石土建,埼玉県,月給40万円～70万円,正社員,建設,求人ボックス,https://xn--pckua2a7gp15o89zb.com/jb/8c62b594d7606c2640a5c55a7e919956,True,4時間前,2026-09-30 05:05:57,埼玉県
送電線鉄塔の建設作業員新着,中林建設株式会社,埼玉県,月給24万円～48万円,正社員,建設,求人ボックス,https://xn--pckua2a7gp15o89zb.com/jb/c76a93db0358affa7a884643dee458cc,True,18時間前,2026-09-30 05:05:57,埼玉県
江戸川河川工事での募集です。玉掛、車両系資格保有者必見!寮・社宅完備で遠方からの応募も安心サポート!新着,株式会社プロタス,埼玉県,"日給1万5,000円",正社員,建設,求人ボックス,https://xn--pckua2a7gp15o89zb.com/jbi/ac1bd76ad0452f78f78305c26be6963b,True,17時間前,2026-09-30 05:05:57,埼玉県
個室寮完備&初月家賃無料／交通誘導スタッフ／6時間勤務新着,株式会社ネクスト警備,埼玉県,"日給7,200円",アルバイト・パート,建設,求人ボックス,https://xn--pckua2a7gp15o89zb.com/jb/b2d9562ea816e650d351d1fcf6283c5e,True,13時間前,2026-09-30 05:05:57,埼玉県
熱交換機・圧縮機の機械組立／工業系卒歓迎／週休2日制／定年なし／残業が少ない新着,アネックス・ジャパン株式会社,埼玉県,"時給1,900円～",派遣社員,建設,求人ボックス,https://xn--pckua2a7gp15o89zb.com/jbn/1ae4700d0403fd364c67aaa03dd267bf,True,2時間前,2026-09-30 05:05:57,埼玉県
建築プロジェクトマネジメント／最新テクノロジーを駆使して確固たる技術が身に付く!／完全未経験OK!新着,株式会社テクノプロ・コンストラクション,埼玉県,月給21万円～29万円,正社員,建設,求人ボックス,https://xn--pckua2a7gp15o89zb.com/jbn/3e5526fe4042884ef980651ffd044bd7,True,11時間前,2026-09-30 05:05:57,埼玉県
どうせ働くなら待遇充実の会社で 現場作業員新着,京和工業株式会社,埼玉県,"日給1万2,000円",正社員,建設,求人ボックス,https://xn--pckua2a7gp15o89zb.com/jb/c6d38b9ad1c03df04a8ab9ea28ff8860,True,4時間前,2026-09-30 05:05:57,埼玉県
経験が活かせるとび工事職人新着,株式会社桜聖,埼玉県,"月給22万4,400円",正社員,建設,求人ボックス,https://xn--pckua2a7gp15o89zb.com/jb/f63713df1facf2bea5f35c723e90cb9a,True,4時間前,2026-09-30 05:05:57,埼玉県
経験を活かせる基礎工事の現場作業スタッフ新着,株式会社埼玉基業,埼玉県,月給40万円～55万円,正社員,建設,求人ボックス,https://xn--pckua2a7gp15o89zb.com/jb/93c056e5db76fa6aafc143e0d612ad57,True,4時間前,2026-09-30 05:05:57,埼玉県
電気メンテナンス 国家資格取得を会社が支援する環境新着,株式会社ヤマスズ,埼玉県,月給25万円～45万円,正社員,建設,求人ボックス,https://xn--pckua2a7gp15o89zb.com/jb/703cb4aaa4b141bdca85e7fffd4d4ea3,True,10時間前,2026-09-30 05:05:57,埼玉県
インフラのメンテナンス作業員・未経験可・土日祝休み・フリーター応援・髪型・髪色自由・若手多数新着,尾島興業株式会社,埼玉県,月給30万円～48万円,正社員,建設,求人ボックス,https://xn--pckua2a7gp15o89zb.com/jb/9208c7d95a17685d63875293521292f9,True,4時間前,2026-09-30 05:05:57,埼玉県
経験が活かせる建築施工管理職新着,平岩建設株式会社,埼玉県,月給21万円～41万円,正社員,建設,求人ボックス,https://xn--pckua2a7gp15o89zb.com/jb/ca6d83f55c3077e61f6bc8dd697f5b2c,True,4時間前,2026-09-30 05:05:57,埼玉県
タクシー運転手「週3勤務」資格取得支援あり／月収40万円以上／安定収入／転職回数不問新着,...以下のような経験をお持ちの方は特に歓迎します。・軽貨物ドライバー・ルート配送スタッフ・宅配ドライバー・タクシー運転手・大型トラックドライバー・フォークリフトオペレーター・,埼玉県,"月給47万8,000円",正社員,建設,求人ボックス,https://xn--pckua2a7gp15o89zb.com/jbn/e7b13150c4f6de11d77be1b8ea3ce7ae,True,13時間前,2026-09-30 05:05:57,埼玉県
「VIP送迎もあり」夜勤タクシードライバー／年収600万円以上／賞与年2回新着,建設・,埼玉県,月給48万500円,正社員,建設,求人ボックス,https://xn--pckua2a7gp15o89zb.com/jbn/dd881965f65d78a71af3808c0f9da28d,True,13時間前,2026-09-30 05:05:57,埼玉県
夜勤タクシードライバー／未経験スタートOK／年2回のボーナス支給あり／資格取得支援制度あり新着,作業,埼玉県,月給48万900円,正社員,建設,求人ボックス,https://xn--pckua2a7gp15o89zb.com/jbn/14ce6f7521292fa91c15b857e30c265d,True,13時間前,2026-09-30 05:05:57,埼玉県
タクシードライバー／週3勤務／学歴不問／1年目月収50万以上／賞与年2回新着,建設・,埼玉県,"月給47万8,000円",正社員,建設,求人ボックス,https://xn--pckua2a7gp15o89zb.com/jbn/c67e7456a9f903fad59501e9ca7f9620,True,13時間前,2026-09-30 05:05:58,埼玉県
「未経験歓迎」タクシードライバー／月収50万円以上可／退職金制度あり新着,...以下のような経験をお持ちの方は特に歓迎します。・軽貨物ドライバー・ルート配送スタッフ・宅配ドライバー・タクシー運転手・大型トラックドライバー・フォークリフトオペレーター・,埼玉県,"月給47万6,000円",正社員,建設,求人ボックス,https://xn--pckua2a7gp15o89zb.com/jbn/8b82950c89767176b57e275d4d4b2b6f,True,14時間前,2026-09-30 05:05:58,埼玉県
「正社員」週3勤務のタクシードライバー／未経験者活躍中／年収500万円以上可能／土日祝休み取得可新着,建設・,埼玉県,"月給47万9,200円",正社員,建設,求人ボックス,https://xn--pckua2a7gp15o89zb.com/jbn/267b5630a72eb5d629b59014af37cb49,True,14時間前,2026-09-30 05:05:58,埼玉県
「夜勤で稼げる」タクシードライバー／普通免許のみOK／年収600万円以上可／賞与年2回新着,...以下のような経験をお持ちの方は特に歓迎します。・軽貨物ドライバー・ルート配送スタッフ・宅配ドライバー・タクシー運転手・大型トラックドライバー・フォークリフトオペレーター・,埼玉県,"月給47万6,000円",正社員,建設,求人ボックス,https://xn--pckua2a7gp15o89zb.com/jbn/c51e6e6b41c87373f71e9d0858be62e8,True,14時間前,2026-09-30 05:05:58,埼玉県
「二種免許不要・週3勤務・タクシー運転手」研修あり／賞与あり／アルファード送迎新着,作業,埼玉県,"月給47万7,400円",正社員,建設,求人ボックス,https://xn--pckua2a7gp15o89zb.com/jbn/b2d9c8376575e3245e106162a42c16ee,True,14時間前,2026-09-30 05:05:58,埼玉県
舗装工事の土木作業員新着,森建設工業株式会社,埼玉県,月給26万円～35万円,正社員,建設,求人ボックス,https://xn--pckua2a7gp15o89zb.com/jb/05a311e566d6555970c6ccbb775885d3,True,4時間前,2026-09-30 05:05:58,埼玉県
経験が活かせる電気工事の現場作業員新着,株式会社ソーラー管理サービス,埼玉県,月給23万円～40万円,正社員,建設,求人ボックス,https://xn--pckua2a7gp15o89zb.com/jb/1e9196073638a4d75197896aa7217e93,True,4時間前,2026-09-30 05:05:58,埼玉県
未経験からできる配管作業員新着,青木土木工業株式会社,埼玉県,月給27万円～45万円,正社員,建設,求人ボックス,https://xn--pckua2a7gp15o89zb.com/jb/605e703dbeb00f63c6307d61c08054bb,True,4時間前,2026-09-30 05:06:00,埼玉県
休みたいOK!稼ぎたいOK!直行直帰可!土曜日出勤可新着,株式会社リストア産業,埼玉県,"日給1万4,000円",正社員,建設,求人ボックス,https://xn--pckua2a7gp15o89zb.com/jb/9c51ae692ef09c88742226fa7cec3f9f,True,4時間前,2026-09-30 05:06:00,埼玉県
土地整備のオシゴト新着,株式会社豊信トラスト,埼玉県,"日給1万2,000円",正社員,建設,求人ボックス,https://xn--pckua2a7gp15o89zb.com/jb/84b3d65a927dc3f284067d275b66db98,True,4時間前,2026-09-30 05:06:00,埼玉県
経験が活かせる内装施工管理新着,株式会社コントラフト,埼玉県,月給32万円～52万円,正社員,建設,求人ボックス,https://xn--pckua2a7gp15o89zb.com/jb/cca89caede25c420900f26b1cb70edc3,True,4時間前,2026-09-30 05:06:00,埼玉県
未経験からできる土木電力工事の作業スタッフ新着,新舘建設株式会社,埼玉県,"月給34万5,600円",正社員,建設,求人ボックス,https://xn--pckua2a7gp15o89zb.com/jb/c8803b50861df64306fee26ed864aa9c,True,4時間前,2026-09-30 05:06:00,埼玉県
未経験でもできる空調設備工事の施工管理新着,株式会社菊池空調,埼玉県,月給25万円～50万円,正社員,建設,求人ボックス,https://xn--pckua2a7gp15o89zb.com/jb/b946bc8bb2adaf4b9e3f260e43c620cb,True,4時間前,2026-09-30 05:06:00,埼玉県
未経験からできる土木現場作業員新着,株式会社大昇,埼玉県,月給21万円～41万円,正社員,建設,求人ボックス,https://xn--pckua2a7gp15o89zb.com/jb/143ae98abf5ad522e8d659d3efd9a86a,True,4時間前,2026-09-30 05:06:00,埼玉県
未経験からでもできる建築施工管理補助業務新着,株式会社アーバンヤマイチ,埼玉県,"月給20万4,000円",正社員,建設,求人ボックス,https://xn--pckua2a7gp15o89zb.com/jb/0f35f0cdbe7f54e144ae51cb02b117f1,True,4時間前,2026-09-30 05:06:03,埼玉県
経験が活かせる消防設備の設備施工管理新着,株式会社サイボウ,埼玉県,月給35万円～45万円,正社員,建設,求人ボックス,https://xn--pckua2a7gp15o89zb.com/jb/9c7b9a08e10107ec970750d621f6d485,True,4時間前,2026-09-30 05:06:03,埼玉県
未経験からできる土木施工管理新着,株式会社東栄,埼玉県,月給23万円～50万円,正社員,建設,求人ボックス,https://xn--pckua2a7gp15o89zb.com/jb/bcb52cf7cfc55b04f937398cca58355a,True,4時間前,2026-09-30 05:06:03,埼玉県
未経験からでもできる改修工事の現場監理新着,株式会社ミツキヤ,埼玉県,月給20万円～35万円,正社員,建設,求人ボックス,https://xn--pckua2a7gp15o89zb.com/jb/bee70b9e8caa28f09d9b02910d9b37fe,True,4時間前,2026-09-30 05:06:03,埼玉県
経験を活かせる営業兼巡回現場管理新着,株式会社エルライン,埼玉県,月給57万円～86万円,正社員,建設,求人ボックス,https://xn--pckua2a7gp15o89zb.com/jb/fea847a7dcda9410744ce7f698076209,True,4時間前,2026-09-30 05:06:03,埼玉県
未経験からできる土木現場作業員新着,株式会社亀田建設,埼玉県,"月給26万6,000円",正社員,建設,求人ボックス,https://xn--pckua2a7gp15o89zb.com/jb/84c21b557e6f43f9b023c4ed6c8ccfae,True,4時間前,2026-09-30 05:06:03,埼玉県
賞与・昇給あり 未経験者歓迎!建設業での申請事務のお仕事新着,アサヒ住建株式会社,埼玉県,月給20万円～30万円,正社員,建設,求人ボックス,https://xn--pckua2a7gp15o89zb.com/jb/52f31372281e19345c0b26b549d01fef,True,4時間前,2026-09-30 05:06:03,埼玉県
経験が活かせる設備工事作業員の水道工事スタッフ新着,ゆたか建設株式会社,埼玉県,月給25万円～45万円,正社員,建設,求人ボックス,https://xn--pckua2a7gp15o89zb.com/jb/dbe407750766c6310bf90766539a395d,True,4時間前,2026-09-30 05:06:07,埼玉県
未経験からできる外構施工管理新着,清水建設工業株式会社,埼玉県,月給28万円～35万円,正社員,建設,求人ボックス,https://xn--pckua2a7gp15o89zb.com/jb/158c753fa6cbaf2b7f84412e383875a9,True,4時間前,2026-09-30 05:06:07,埼玉県
経験が活かせる舗装工事の土木作業員新着,古郡建設株式会社,埼玉県,"月給25万4,100円",正社員,建設,求人ボックス,https://xn--pckua2a7gp15o89zb.com/jb/c1cb26f3b2664e2d0a5345b7fb203c0d,True,4時間前,2026-09-30 05:06:07,埼玉県
経験が活かせる土木工事の現場作業員新着,株式会社森興業,埼玉県,月給22万円～27万円,正社員,建設,求人ボックス,https://xn--pckua2a7gp15o89zb.com/jb/d35d175368325b5a072060cd5dfcb226,True,4時間前,2026-09-30 05:06:07,埼玉県
未経験からでもできる土木工事補助業務新着,金城重機株式会社,埼玉県,月給25万円～45万円,正社員,建設,求人ボックス,https://xn--pckua2a7gp15o89zb.com/jb/0d76dbe2ebaa74f4aee707755f13d43c,True,4時間前,2026-09-30 05:06:07,埼玉県
経験を活かせる改修工事の施工管理新着,株式会社松永建設,埼玉県,月給28万円～37万,正社員,建設,求人ボックス,https://xn--pckua2a7gp15o89zb.com/jb/b10349735199d9b40b6c9b5581b4d499,True,4時間前,2026-09-30 05:06:07,埼玉県
経験を活かせる土木作業員新着,株式会社ティーディーイー,埼玉県,"月給26万8,290円",正社員,建設,求人ボックス,https://xn--pckua2a7gp15o89zb.com/jb/a01eaf469bec3c2f58fee6399df56a90,True,4時間前,2026-09-30 05:06:16,埼玉県
道路・河川系公共工事の発注者支援業務／施工管理／積算／資料作成「埼玉」新着,株式会社都市整備技術研究所,埼玉県,月給40万円,正社員,建設,求人ボックス,https://xn--pckua2a7gp15o89zb.com/jb/945eb23b212dcf429a42a52d8f46f7e4,True,13時間前,2026-09-30 05:06:16,埼玉県
一般事務／17時10分まで データ作成!未経験OK 大手企業新着,株式会社スタッフサービス,埼玉県,"月給19万7,000円",正社員,建設,求人ボックス,https://xn--pckua2a7gp15o89zb.com/jb/ede4708fa5c0f395c120768d1a59cf84,True,18時間前,2026-09-30 05:06:16,埼玉県
建築・建設・土木作業、躯体工事関連新着,有限会社中村組,埼玉県,"日給1万8,000円",正社員,建設,求人ボックス,https://xn--pckua2a7gp15o89zb.com/jb/d16e4042eb11f037693b018859beaf78,True,8時間前,2026-09-30 05:06:16,埼玉県
マンション管理員新着,大和ライフネクスト株式会社,埼玉県,"時給1,220円",アルバイト・パート,建設,求人ボックス,https://xn--pckua2a7gp15o89zb.com/jb/3e4d7182c61c700171d575d8adb9ba93,True,22時間前,2026-09-30 05:06:16,埼玉県
建築・建設・土木作業新着,株式会社TSAT,埼玉県,"日給1万4,000円",正社員,建設,求人ボックス,https://xn--pckua2a7gp15o89zb.com/jb/80595269d8acf32a03779505ff9babd3,True,7時間前,2026-09-30 05:06:16,埼玉県
大型ドライバー 10t 〜 構内作業新着,株式会社中井商店,埼玉県,"日給1万3,200円",正社員,建設,求人ボックス,https://xn--pckua2a7gp15o89zb.com/jb/60bea267132169725ff0168db3a3559a,True,23時間前,2026-09-30 05:06:20,埼玉県
中高年活躍中／交通誘導警備員／6時間勤務新着,株式会社リース,埼玉県,"日給7,680円",アルバイト・パート,建設,求人ボックス,https://xn--pckua2a7gp15o89zb.com/jb/7f86a939003db623e9460b63da056323,True,13時間前,2026-09-30 05:06:20,埼玉県
ミドルシニア活躍中／交通誘導スタッフ新着,株式会社MKR,埼玉県,日給1万240円,アルバイト・パート,建設,求人ボックス,https://xn--pckua2a7gp15o89zb.com/jb/2d643f627546001d9285358fe5c94957,True,13時間前,2026-09-30 05:06:20,埼玉県
地域宅配スタッフ 食品や日用品等のルート配送新着,コープみらい採用センター,埼玉県,"時給1,465円～1,585円",アルバイト・パート,建設,求人ボックス,https://xn--pckua2a7gp15o89zb.com/jb/c5f828d1989aaf9b21dfb51c5c2c3bfa,True,16時間前,2026-09-30 05:06:20,埼玉県
住宅資材を扱うルート営業スタッフ新着,和以美株式会社,埼玉県,"月給33万5,000円",正社員,建設,求人ボックス,https://xn--pckua2a7gp15o89zb.com/jb/3ca3da8428f1ccd4e6144c52df5707e9,True,14時間前,2026-09-30 05:06:20,埼玉県
レンタル・リース 物品賃貸業の配送・物流ドライバー新着,株式会社アルマ,埼玉県,年収380万円～500万円,正社員,建設,求人ボックス,https://xn--pckua2a7gp15o89zb.com/jb/70117beaf4cd1ae455830b9d274a9a68,True,14時間前,2026-09-30 05:06:20,埼玉県
法人営業／産業廃棄物の処理提案 年休120日 土日祝休 グループ売上600億円新着,株式会社ナンセイ,埼玉県,年収324万円～600万円,正社員,建設,求人ボックス,https://xn--pckua2a7gp15o89zb.com/jb/453f6089556816d36d3df961a8f3f324,True,8時間前,2026-09-30 05:06:24,埼玉県
塗料調色の 製造 年休121日／未経験歓迎新着,ロックペイント株式会社,埼玉県,月給22万円～,正社員,建設,求人ボックス,https://xn--pckua2a7gp15o89zb.com/jb/ea07ab89132de305018b249d88957182,True,20時間前,2026-09-30 05:06:24,埼玉県
ミドルシニア活躍中／交通誘導スタッフ新着,株式会社ユニオン,埼玉県,"日給9,600円",アルバイト・パート,建設,求人ボックス,https://xn--pckua2a7gp15o89zb.com/jb/d82562ef224791eb66f9a79dc38fae11,True,13時間前,2026-09-30 05:06:24,埼玉県
給食調理員／戸田市内にある小・中学校での給食配膳スタッフ s097 未経験スタートOK新着,株式会社サイオー,埼玉県,"時給1,200円",アルバイト・パート,建設,求人ボックス,https://xn--pckua2a7gp15o89zb.com/jb/c09ab22d08de1f4308dac3b10b8393db,True,15時間前,2026-09-30 05:06:24,埼玉県
配送ドライバー／未経験可／車通勤可／早朝の運転なのでストレスなく働けます新着,フォーエース・カンパニー株式会社,埼玉県,"月給29万6,800円",正社員,建設,求人ボックス,https://xn--pckua2a7gp15o89zb.com/jb/3ded215d8df92c6c1361708e1806b539,True,14時間前,2026-09-30 05:06:24,埼玉県
創業60周年／元請け中心・裁量大／転勤なし／電気工事施工管理新着,建設,埼玉県,月給28万円～70万円,正社員,建設,求人ボックス,https://xn--pckua2a7gp15o89zb.com/jb/0376033138d5ffb3a5e9487819dd96fe,True,23時間前,2026-09-30 05:06:24,埼玉県
創業60周年／元請け中心・裁量大／転勤なし／管工事施工管理新着,建設,埼玉県,月給23万円～,正社員,建設,求人ボックス,https://xn--pckua2a7gp15o89zb.com/jb/46f2a611b4f607bc2bbce90b3cfafe5a,True,23時間前,2026-09-30 05:06:27,埼玉県
創業60周年／転勤なし／元請け・改修9割／建築施工管理新着,建設,埼玉県,月給28万円～70万円,正社員,建設,求人ボックス,https://xn--pckua2a7gp15o89zb.com/jb/8a7dca713b8716c35c44a9547df7bf9f,True,23時間前,2026-09-30 05:06:27,埼玉県
「20~30代歓迎」オフィス一般事務／土日祝休み／寮社宅サポート新着,AQUARIUS株式会社,埼玉県,"月給30万4,000円",正社員,事務,求人ボックス,https://xn--pckua2a7gp15o89zb.com/jbn/ccf8176a4fba5e7363f126063804a6ef,True,10時間前,2026-09-30 05:06:22,埼玉県
「カンタン作業からスタート」一般事務／未経験歓迎／昇給賞与あり新着,Yts株式会社,埼玉県,"月給31万7,100円",正社員,事務,求人ボックス,https://xn--pckua2a7gp15o89zb.com/jbn/476d0673328ff66e0d26a28f990b547b,True,10時間前,2026-09-30 05:06:23,埼玉県
人材紹介会社の一般事務 未経験OK 残業なし 土日祝休み新着,株式会社ReAM,埼玉県,月給25万円～40万円,正社員,事務,求人ボックス,https://xn--pckua2a7gp15o89zb.com/jb/9bb23ec325c1cc1c3f28c084293d42d4,True,4時間前,2026-09-30 05:06:23,埼玉県
「27卒」一般事務／電話対応とデータ入力／研修制度充実／さいたま市大宮...新着,株式会社プロジェクトトリガー,埼玉県,"月給25万1,000円",正社員,事務,求人ボックス,https://xn--pckua2a7gp15o89zb.com/jbn/0fd5aef1e0d0e41b11916f4ff613845c,True,8時間前,2026-09-30 05:06:26,埼玉県
「0からのキャリア形成」一般事務スタッフ／完全週休2日制「土日祝」新着,株式会社RIOT,埼玉県,月給29万500円,正社員,事務,求人ボックス,https://xn--pckua2a7gp15o89zb.com/jbn/6f61e593d2803b2924b281f175d93cc5,True,10時間前,2026-09-30 05:06:26,埼玉県
「27卒・新卒大歓迎」PCでのカンタン入力／一般事務／丁寧な指導新着,株式会社enrich technology,埼玉県,"月給25万6,700円",正社員,事務,求人ボックス,https://xn--pckua2a7gp15o89zb.com/jbn/18f517f426cc166c22e6cdccb1330a2a,True,7時間前,2026-09-30 05:06:26,埼玉県
一般事務／未経験歓迎／データ入力と書類作成から開始／土日祝休み新着,エンタイトルツーベース株式会社,埼玉県,月給31万円～45万円,正社員,事務,求人ボックス,https://xn--pckua2a7gp15o89zb.com/jbn/a7b56ca547f5d9c0b2c5416152d5df0b,True,9時間前,2026-09-30 05:06:26,埼玉県
「先輩の手厚いサポート」一般事務職／完全週休二日「土日祝」／寮社宅あり新着,事務,埼玉県,"月給31万8,800円",正社員,事務,求人ボックス,https://xn--pckua2a7gp15o89zb.com/jbn/9f85cade5c134f685cd4d00ea298feb1,True,10時間前,2026-09-30 05:06:29,埼玉県
「20~30代歓迎」一般事務アシスタント／有給あり／BBQなどイベント...新着,株式会社小林,埼玉県,"月給29万3,000円",正社員,事務,求人ボックス,https://xn--pckua2a7gp15o89zb.com/jbn/d7a5b41b685f65405015a7feecda217b,True,10時間前,2026-09-30 05:06:33,埼玉県
「20~30代歓迎」オフィス一般事務／土日祝休み／寮社宅サポート新着,事務,埼玉県,"月給30万2,600円",正社員,事務,求人ボックス,https://xn--pckua2a7gp15o89zb.com/jbn/afca91b248ec966dc303738f93568656,True,10時間前,2026-09-30 05:06:33,埼玉県
コツコツ働ける一般事務／月給26.1万〜・ブランクOK・20代活躍中新着,一般事務,埼玉県,月給26,正社員,事務,求人ボックス,https://xn--pckua2a7gp15o89zb.com/jbn/710345b3f1bdf63a371373f5ebdf20b5,True,5時間前,2026-09-30 05:06:36,埼玉県
事務未経験OK／一般事務／月給26.2万〜・未経験歓迎・20代活躍中新着,一般事務,埼玉県,月給26,正社員,事務,求人ボックス,https://xn--pckua2a7gp15o89zb.com/jbn/ca85c49bcca3c8f8d4965b354797c220,True,6時間前,2026-09-30 05:06:40,埼玉県
未経験から始める一般事務／月給26万〜・学歴不問・20代活躍中新着,一般事務,埼玉県,月給26万,正社員,事務,求人ボックス,https://xn--pckua2a7gp15o89zb.com/jbn/a1abbf360533d6f59c60be53bc31b80e,True,5時間前,2026-09-30 05:06:43,埼玉県
未経験から始める一般事務／月給26.8万〜・研修あり・20代活躍中新着,一般事務,埼玉県,月給26,正社員,事務,求人ボックス,https://xn--pckua2a7gp15o89zb.com/jbn/0dd0592b5eb236daaa716b01c911570e,True,6時間前,2026-09-30 05:06:45,埼玉県
一般事務スタッフ／未経験OK／長期キャリア形成／年間休日125日以上新着,一般事務,埼玉県,"月給31万6,500円",正社員,事務,求人ボックス,https://xn--pckua2a7gp15o89zb.com/jbn/1c30a07e3f7df6e5429d7a81149afe10,True,6時間前,2026-09-30 05:06:45,埼玉県
コツコツ働ける一般事務／月給26.6万〜・研修あり・20代活躍中新着,一般事務,埼玉県,月給26,正社員,事務,求人ボックス,https://xn--pckua2a7gp15o89zb.com/jbn/0611ce4c507b86192e7f9e161c4fbbd5,True,5時間前,2026-09-30 05:06:45,埼玉県
事務未経験OK／一般事務／月給26.7万〜・残業少なめ・20代活躍中新着,一般事務,埼玉県,月給26,正社員,事務,求人ボックス,https://xn--pckua2a7gp15o89zb.com/jbn/267b21a5e6f860745f02f57626751cac,True,5時間前,2026-09-30 05:06:50,埼玉県
未経験から始める一般事務／月給27万〜・残業少なめ・20代活躍中新着,一般事務,埼玉県,月給27万,正社員,事務,求人ボックス,https://xn--pckua2a7gp15o89zb.com/jbn/644aac8bb46435aa4c1dc1a75d08c0b1,True,6時間前,2026-09-30 05:06:50,埼玉県
「数字を扱う仕事に挑戦」／経理事務／未経験歓迎／丁寧な研修あり新着,経理,埼玉県,月給27万円～33万円,正社員,経理,求人ボックス,https://xn--pckua2a7gp15o89zb.com/jbn/26facb7c8d55fcb77e00f15974d6a6ea,True,14時間前,2026-09-30 05:06:23,埼玉県
「月給30万円も実現可能」／経理事務／未経験歓迎／研修充実新着,経理,埼玉県,月給30万円,正社員,経理,求人ボックス,https://xn--pckua2a7gp15o89zb.com/jbn/75cf77d0ce1333d3b1006c150792c3d7,True,14時間前,2026-09-30 05:06:23,埼玉県
「自分らしい働き方を叶えやすい」／経理事務／残業少なめ／福利厚生充実新着,経理,埼玉県,月給27万円～33万円,正社員,経理,求人ボックス,https://xn--pckua2a7gp15o89zb.com/jbn/2131bfabded161fef13d920fb2a7fd44,True,15時間前,2026-09-30 05:06:23,埼玉県
経理事務／未経験歓迎／サポート体制充実／昇給あり／長期安定新着,経理,埼玉県,月給27万円～33万円,正社員,経理,求人ボックス,https://xn--pckua2a7gp15o89zb.com/jbn/29c654f1702036e807b7e582a3c62f06,True,15時間前,2026-09-30 05:06:24,埼玉県
「未経験から事務スキルを習得」／経理事務／研修充実／福利厚生充実新着,経理,埼玉県,月給27万円～33万円,正社員,経理,求人ボックス,https://xn--pckua2a7gp15o89zb.com/jbn/da48879accb5fb7dcfcd1098f05a2ba5,True,15時間前,2026-09-30 05:06:24,埼玉県
「大手企業で数字入力中心のかんたん経理」／経理事務／未経験95%新着,事務,埼玉県,"月給25万8,900円",正社員,経理,求人ボックス,https://xn--pckua2a7gp15o89zb.com/jbn/649575c2fbe0906944aa4a787c1595cd,True,12時間前,2026-09-30 05:06:27,埼玉県
「コツコツ取り組めるオフィスワーク」／経理事務／未経験OK新着,経理,埼玉県,月給27万円～33万円,正社員,経理,求人ボックス,https://xn--pckua2a7gp15o89zb.com/jbn/1b2fdaaf590c02cb3d9d94d5c53d2629,True,14時間前,2026-09-30 05:06:27,埼玉県
「数字入力がメインの軽め事務」／経理事務／未経験95%／未経験歓迎新着,事務,埼玉県,"月給26万6,400円",正社員,経理,求人ボックス,https://xn--pckua2a7gp15o89zb.com/jbn/6b7e56b6fb416c7d9e94cc53dc0b6139,True,13時間前,2026-09-30 05:06:27,埼玉県
「無理なく続けやすいオフィスワーク」／経理事務／年間休日120日以上新着,経理,埼玉県,月給27万円～33万円,正社員,経理,求人ボックス,https://xn--pckua2a7gp15o89zb.com/jbn/0b5735c19372f6cb3604ae926fc347eb,True,14時間前,2026-09-30 05:06:31,埼玉県
「経理データを確認するだけ!」／経理事務／未経験歓迎／サポート体制充実新着,経理,埼玉県,月給27万円～33万円,正社員,経理,求人ボックス,https://xn--pckua2a7gp15o89zb.com/jbn/6e0a249374a9073fa8697ff1b5614261,True,14時間前,2026-09-30 05:06:31,埼玉県
「同世代と一緒に成長できる!」／経理事務／未経験歓迎／サポート体制充実新着,経理,埼玉県,月給27万円～33万円,正社員,経理,求人ボックス,https://xn--pckua2a7gp15o89zb.com/jbn/fa408bffe2f3dc40491501da34452c32,True,15時間前,2026-09-30 05:06:31,埼玉県
「20代・30代の仲間が活躍中!」／経理事務／未経験OK／サポート体制...新着,経理,埼玉県,月給27万円～33万円,正社員,経理,求人ボックス,https://xn--pckua2a7gp15o89zb.com/jbn/ed8780f5a027852cc6478cd828235d16,True,14時間前,2026-09-30 05:06:35,埼玉県
「未経験から始めるバックオフィスワーク」／経理事務／研修充実新着,経理,埼玉県,月給27万円～33万円,正社員,経理,求人ボックス,https://xn--pckua2a7gp15o89zb.com/jbn/03111e43b38e0680fc35e9c270f6dcc2,True,15時間前,2026-09-30 05:06:35,埼玉県
「男女問わず始めやすいオフィスワーク」／経理事務／未経験歓迎／服装自由新着,経理,埼玉県,月給27万円～33万円,正社員,経理,求人ボックス,https://xn--pckua2a7gp15o89zb.com/jbn/6734a8ab0b42f7a264956150594d9dbd,True,15時間前,2026-09-30 05:06:35,埼玉県
「今だけ採用!大手企業の経理サポート」／経理事務／未経験95%新着,経理,埼玉県,月給27万円～30万,正社員,経理,求人ボックス,https://xn--pckua2a7gp15o89zb.com/jbn/3674ce9e172e5d77da2f88cb5cded9ca,True,12時間前,2026-09-30 05:06:39,埼玉県
「大手企業の数字まわりを支える!」／経理事務／未経験95%／未経験歓迎新着,経理,埼玉県,"月給26万4,800円",正社員,経理,求人ボックス,https://xn--pckua2a7gp15o89zb.com/jbn/9488a35094c9c220013201b61cfe01d4,True,13時間前,2026-09-30 05:06:39,埼玉県
「早めに仕事を決めたい方に」／経理事務／未経験歓迎／サポート体制充実新着,経理,埼玉県,月給27万円～33万円,正社員,経理,求人ボックス,https://xn--pckua2a7gp15o89zb.com/jbn/a364f92bdf8fc7b9b8efd38e8eced3dd,True,14時間前,2026-09-30 05:06:39,埼玉県
「請求と支払いをまとめる経理ワーク」／経理事務／未経験歓迎新着,経理,埼玉県,月給27万円～33万円,正社員,経理,求人ボックス,https://xn--pckua2a7gp15o89zb.com/jbn/0404b51beb2c3b3569a1361c16af0e31,True,12時間前,2026-09-30 05:06:39,埼玉県
「若手中心の経理チームです」／経理事務／未経験OK／サポート体制充実新着,経理,埼玉県,月給27万円～33万円,正社員,経理,求人ボックス,https://xn--pckua2a7gp15o89zb.com/jbn/2d01c37d1d54c7b06ecc66d03cbf3b10,True,12時間前,2026-09-30 05:06:39,埼玉県
「未経験から経理の入口へ」／経理事務／未経験OK／丁寧な研修あり新着,経理,埼玉県,月給27万円～33万円,正社員,経理,求人ボックス,https://xn--pckua2a7gp15o89zb.com/jbn/c38cf55d42347fe6456238002686dee2,True,12時間前,2026-09-30 05:06:43,埼玉県
「請求書の金額を確かめるだけ!」／経理事務／未経験歓迎／サポート体制充...新着,経理,埼玉県,月給27万円～33万円,正社員,経理,求人ボックス,https://xn--pckua2a7gp15o89zb.com/jbn/3a6a357756378702d73b53dd44987953,True,12時間前,2026-09-30 05:06:43,埼玉県
「長く続けやすい経理の仕事」／経理事務／年間休日120日以上新着,経理,埼玉県,月給27万円～33万円,正社員,経理,求人ボックス,https://xn--pckua2a7gp15o89zb.com/jbn/43ed2d137c2d74a4d981206a757512cd,True,12時間前,2026-09-30 05:06:46,埼玉県
「早く決めたい方を歓迎します」／経理事務／未経験歓迎／サポート体制充実新着,経理,埼玉県,月給27万円～33万円,正社員,経理,求人ボックス,https://xn--pckua2a7gp15o89zb.com/jbn/0121b6b3cd23e69814932aec20c1b16c,True,12時間前,2026-09-30 05:06:46,埼玉県
接客なしで集中できる／経理サポート事務／オフィスワーク／未経験歓迎新着,経理,埼玉県,月給26万円～29万,正社員,経理,求人ボックス,https://xn--pckua2a7gp15o89zb.com/jbn/1cb059106a408d3ae6fa35fe48b693f6,True,13時間前,2026-09-30 05:06:46,埼玉県
「経理職で月給30万円に近づく」／経理事務／未経験歓迎／研修充実新着,経理,埼玉県,月給30万円,正社員,経理,求人ボックス,https://xn--pckua2a7gp15o89zb.com/jbn/fb47ec2a42cf3c1f29da9a36b78a7c08,True,12時間前,2026-09-30 05:06:49,埼玉県
週3日以上在宅あり／時給1750円 エンタメ業界での経理事務新着,経理・,埼玉県,時給1750円,派遣社員,経理,求人ボックス,https://xn--pckua2a7gp15o89zb.com/jb/231af7b955a2ebc657bd6a9f0780a3bf,True,13時間前,2026-09-30 05:06:49,埼玉県
働きやすさが自慢の経理事務／経理事務スタッフ子育てとの両立を応援新着,株式会社エイチトラスト,埼玉県,"時給1,200円～",アルバイト・パート,経理,求人ボックス,https://xn--pckua2a7gp15o89zb.com/jb/2d3485c436e7c51ee1d1046f84b4c18e,True,7時間前,2026-09-30 05:06:49,埼玉県
経理事務+ 学校事務新着,株式会社リクルートスタッフィング,埼玉県,"時給1,650円～",派遣社員,経理,求人ボックス,https://xn--pckua2a7gp15o89zb.com/jb/9e493d89c1482b716e1a9383140710ea,True,20時間前,2026-09-30 05:06:52,埼玉県
経理事務／経理業務サポートなど 高時給 1800円新着,株式会社スタッフサービス,埼玉県,"時給1,800円",派遣社員,経理,求人ボックス,https://xn--pckua2a7gp15o89zb.com/jb/4a569a60f99a11c99826ba13add8bcfa,True,17時間前,2026-09-30 05:06:52,埼玉県
経理事務職新着,株式会社フォープロプス,埼玉県,"時給1,141円～",正社員,経理,求人ボックス,https://xn--pckua2a7gp15o89zb.com/jb/a908d9c5c662df822b49002f47a48e25,True,11時間前,2026-09-30 05:06:52,埼玉県
自費治療中心の鍼灸整骨院で管理柔道整復師新着,柔道整復師,埼玉県,月給30万円～50万円,正社員,治療家,求人ボックス,https://xn--pckua2a7gp15o89zb.com/jb/96e19334dc8e059d5689b43b686afc1e,True,9時間前,2026-09-30 05:06:53,埼玉県
様々な治療技術が学べる鍼灸整骨院、柔道整復師新着,柔道整復師,埼玉県,月給25万円～45万円,正社員,治療家,求人ボックス,https://xn--pckua2a7gp15o89zb.com/jb/0254ebe3938276f770de5f94bc807b90,True,9時間前,2026-09-30 05:06:53,埼玉県
治療と美容の施術が特徴の鍼灸整骨院、柔道整復師新着,柔道整復師,埼玉県,月給23万円～40万円,正社員,治療家,求人ボックス,https://xn--pckua2a7gp15o89zb.com/jb/aaccfe8ea28b8672f0c26525eb608dce,True,9時間前,2026-09-30 05:06:53,埼玉県
休日数選択可能の整骨院・整体院、柔道整復師新着,柔道整復師,埼玉県,月給29万円～32万,正社員,治療家,求人ボックス,https://xn--pckua2a7gp15o89zb.com/jb/a1083cbe48862bf2fe168f70b959bd36,True,9時間前,2026-09-30 05:06:53,埼玉県
"柔道整復師／10分12,000円の時短治療が特徴の整体院、施術者新着",柔道整復師,埼玉県,月給20万円～75万円,正社員,治療家,求人ボックス,https://xn--pckua2a7gp15o89zb.com/jb/dbac3479301b84ad022d8479514a08dd,True,9時間前,2026-09-30 05:06:53,埼玉県
社会保険完備の職場であん摩マッサージ指圧師新着,SABO-TEN接骨院・はりきゅう院 北浦和院,埼玉県,月給23万円～33万円,正社員,治療家,求人ボックス,https://xn--pckua2a7gp15o89zb.com/jb/7c4d0da8016921637a44c96471a5b62c,True,7時間前,2026-09-30 05:06:53,埼玉県
理学療法士・ボーナス・賞与あり新着,すぎやま整骨院 小泉院,埼玉県,"月給26万5,000円",正社員,治療家,求人ボックス,https://xn--pckua2a7gp15o89zb.com/jb/6fc90c6d8d34ce66e1d3ae9d93b84f55,True,7時間前,2026-09-30 05:06:53,埼玉県
理学療法士・ボーナス・賞与あり新着,すぎやま鍼灸整骨院 上尾中央院,埼玉県,"月給26万5,000円",正社員,治療家,求人ボックス,https://xn--pckua2a7gp15o89zb.com/jb/733c88e7e5afa13b512fd61266260a2c,True,7時間前,2026-09-30 05:06:53,埼玉県
理学療法士・ボーナス・賞与あり新着,すぎやま整骨院 土呂院,埼玉県,"月給26万5,000円",正社員,治療家,求人ボックス,https://xn--pckua2a7gp15o89zb.com/jb/ab2e0d0fd80c69a91c44fbe73548fc34,True,7時間前,2026-09-30 05:06:53,埼玉県
食事・排泄介助なしのシニアフィットネス／土日休み・夜勤無し新着,株式会社ヤマウチ,埼玉県,"月給22万3,000円",正社員,治療家,求人ボックス,https://xn--pckua2a7gp15o89zb.com/jb/cd06b238dec3100a15510e2b0f753e49,True,3時間前,2026-09-30 05:06:53,埼玉県
理学療法士・ボーナス・賞与あり新着,すぎやま鍼灸整骨院 久喜院,埼玉県,"月給26万5,000円",正社員,治療家,求人ボックス,https://xn--pckua2a7gp15o89zb.com/jb/40b45cb2e48864619d57462aef9025e5,True,7時間前,2026-09-30 05:06:53,埼玉県
理学療法士・ボーナス・賞与あり新着,すぎやま鍼灸整骨院 七里院,埼玉県,"月給26万5,000円",正社員,治療家,求人ボックス,https://xn--pckua2a7gp15o89zb.com/jb/ab1e80c567bc30b856e7b9ef543694e5,True,7時間前,2026-09-30 05:06:53,埼玉県
理学療法士・ボーナス・賞与あり新着,すぎやま鍼灸整骨院 宮原院,埼玉県,"月給26万5,000円",正社員,治療家,求人ボックス,https://xn--pckua2a7gp15o89zb.com/jb/8b650af693536feadabac579f6d86ff2,True,7時間前,2026-09-30 05:06:53,埼玉県
リハビリ型デイサービス、機能訓練指導員新着,柔道整復師,埼玉県,月給25万円～30万円,正社員,治療家,求人ボックス,https://xn--pckua2a7gp15o89zb.com/jb/db7963b53d7fee6eeeb57c4ce504336a,True,9時間前,2026-09-30 05:06:53,埼玉県
デイサービスの機能訓練指導員／週2～4日勤務可新着,株式会社ツクイ,埼玉県,"時給1,517円",アルバイト・パート,治療家,求人ボックス,https://xn--pckua2a7gp15o89zb.com/jb/70d3698bd03cea6d21fbf5bc6797bb64,True,14時間前,2026-09-30 05:06:53,埼玉県
一般病院にて看護師新着,株式会社ドリームキャッチャー,埼玉県,"月給27万6,800円",正社員,看護,求人ボックス,https://xn--pckua2a7gp15o89zb.com/jb/09c12de702ad373735b9582b8f67ac09,True,22時間前,2026-09-30 05:06:35,埼玉県
介護付き有料老人ホームでの看護師新着,日本みらいケア,埼玉県,"時給2,500円",派遣社員,看護,求人ボックス,https://xn--pckua2a7gp15o89zb.com/jb/20af7bd25c114298d973fd1320a427ee,True,6時間前,2026-09-30 05:06:35,埼玉県
看護師のサポート／フルタイム歓迎!原則定時退社!資格取得支援あり!新着,株式会社ルフト・メディカルケア,埼玉県,"時給1,350円",派遣社員,看護,求人ボックス,https://xn--pckua2a7gp15o89zb.com/jb/65844096d9e20d9dfa3c47d52b5f5bcf,True,22時間前,2026-09-30 05:06:35,埼玉県
看護師／クリニック夜勤なし新着,株式会社フォープロプス,埼玉県,"月給24万5,000円",正社員,看護,求人ボックス,https://xn--pckua2a7gp15o89zb.com/jb/8e1541a49ede9640f5ef4bf39037ca17,True,10時間前,2026-09-30 05:06:36,埼玉県
社会保険完備の職場で看護師／准看護師新着,ひこうき雲 伊奈,埼玉県,"時給2,000円",アルバイト・パート,看護,求人ボックス,https://xn--pckua2a7gp15o89zb.com/jb/b39f394a3ac73ca6375a2196dbe24934,True,7時間前,2026-09-30 05:06:36,埼玉県
看護師・社会保険完備の職場で看護師／准看護師新着,キュアステーション川口,埼玉県,"月給31万6,600円",契約社員,看護,求人ボックス,https://xn--pckua2a7gp15o89zb.com/jb/c5613181a3347ac25a2e36d20e2ed185,True,7時間前,2026-09-30 05:06:40,埼玉県
社会保険完備の職場で看護師／准看護師新着,ひこうき雲 上尾南,埼玉県,月給30万円～32万円,正社員,看護,求人ボックス,https://xn--pckua2a7gp15o89zb.com/jb/24ab3379e166381a0b4b77c044295ec5,True,7時間前,2026-09-30 05:06:40,埼玉県
社会保険完備の職場で看護師／准看護師新着,平成の森・川島病院,埼玉県,"時給1,350円～1,750円",アルバイト・パート,看護,求人ボックス,https://xn--pckua2a7gp15o89zb.com/jb/265fb00240cde1718f6002c045ef957e,True,7時間前,2026-09-30 05:06:43,埼玉県
社会保険完備の職場で看護師／准看護師新着,ケアガーデン上尾小泉,埼玉県,"時給1,766円～",アルバイト・パート,看護,求人ボックス,https://xn--pckua2a7gp15o89zb.com/jb/5b2eeac62c2390ed3e67146a01de24e2,True,7時間前,2026-09-30 05:06:43,埼玉県
看護師／非常勤新着,グッドタイムリビング株式会社,埼玉県,"時給1,712円",アルバイト・パート,看護,求人ボックス,https://xn--pckua2a7gp15o89zb.com/jb/cf6d286acbecde9174e0be973066590e,True,16時間前,2026-09-30 05:06:47,埼玉県
介護付き有料老人ホームの准看護師／年間休日117日／資格を活かせる新着,株式会社さわやか倶楽部,埼玉県,月給26万円～30万,正社員,看護,求人ボックス,https://xn--pckua2a7gp15o89zb.com/jb/acfe4bb82f97124fed880cdc4a9e31a4,True,12時間前,2026-09-30 05:06:50,埼玉県
住宅型有料老人ホームの看護師 履歴書不要!面接なし新着,株式会社コトリオ,埼玉県,"時給2,400円～3,000円",派遣社員,看護,求人ボックス,https://xn--pckua2a7gp15o89zb.com/jb/97bdbeb2e37a15411383843e35fcb651,True,14時間前,2026-09-30 05:06:50,埼玉県
介護施設の看護師／准看護師新着,介護老人保健施設あねとす,埼玉県,"時給1,340円～1,700円",アルバイト・パート,看護,求人ボックス,https://xn--pckua2a7gp15o89zb.com/jb/2a787c0372307ff6a1f596d37d7abe3a,True,7時間前,2026-09-30 05:06:54,埼玉県
正看護師・社会保険完備の職場で看護師／准看護師新着,kokoemi訪問看護ステーション 行田,埼玉県,"月給35万7,000円",正社員,看護,求人ボックス,https://xn--pckua2a7gp15o89zb.com/jb/3ac352df155c93d5a78192cc23f65a02,True,7時間前,2026-09-30 05:06:57,埼玉県
正看護師／外来 日勤のみ新着,医療法人社団スマイル&ファイン,埼玉県,"月給23万8,000円",正社員,看護,求人ボックス,https://xn--pckua2a7gp15o89zb.com/jb/e17fbc7205448a46dfe749d2427bf941,True,8時間前,2026-09-30 05:07:00,埼玉県
介護施設の看護師／准看護師新着,プレザンメゾン 朝霞,埼玉県,"月給29万7,047円",正社員,看護,求人ボックス,https://xn--pckua2a7gp15o89zb.com/jb/8bd6cea7f4ddfad45bac8ef2d909c99a,True,7時間前,2026-09-30 05:07:00,埼玉県
医療脱毛専門看護師・年間休日120日以上の看護師／准看護師新着,永島メディカルクリニック,埼玉県,月給35万円～,正社員,看護,求人ボックス,https://xn--pckua2a7gp15o89zb.com/jb/1745c67d5ddb9c1e557bad2b1134abe2,True,7時間前,2026-09-30 05:07:00,埼玉県
介護施設の看護師／准看護師新着,彩幸の杜 デイサービス,埼玉県,"時給1,750円～",アルバイト・パート,看護,求人ボックス,https://xn--pckua2a7gp15o89zb.com/jb/5b1b96adbaa85712b56450be2ac211f4,True,7時間前,2026-09-30 05:07:04,埼玉県
正看護師・准看護師／外来 日勤のみ新着,医療法人社団東洋会,埼玉県,月給9,アルバイト・パート,看護,求人ボックス,https://xn--pckua2a7gp15o89zb.com/jb/e18a4e1b1695390ada37c919cde61e90,True,8時間前,2026-09-30 05:07:04,埼玉県
管理者・精神科訪問看護・社会保険完備の職場で看護師／准看護師新着,OK訪問看護ステーション越谷,埼玉県,月給52万円～,正社員,看護,求人ボックス,https://xn--pckua2a7gp15o89zb.com/jb/1bae4deb9b3875f92722250b5752828f,True,7時間前,2026-09-30 05:07:04,埼玉県
配達ドライバー／履歴書不要／普通免許1枚でOK／人柄採用／社会保険完備新着,株式会社Gro,埼玉県,"月給38万2,500円",,ドライバー,求人ボックス,https://xn--pckua2a7gp15o89zb.com/jbn/4e587a5f96b59753f06759af7aa32455,True,2時間前,2026-09-30 05:06:55,埼玉県
送迎配車ドライバー／未経験1年目から年収600万円以上可／普通免許でO...新着,合同会社beatle,埼玉県,月給46万円～66万円,正社員,ドライバー,求人ボックス,https://xn--pckua2a7gp15o89zb.com/jbn/0efa3a4e31f5480bc383d508c3321c05,True,11時間前,2026-09-30 05:06:56,埼玉県
4tドライバー／未経験OK／中型免許／1日1～2件／早上がりでも給与保...新着,株式会社ケイアイエス,埼玉県,"月給28万8,000円",正社員,ドライバー,求人ボックス,https://xn--pckua2a7gp15o89zb.com/jbn/123a693fdd6d5156b340d64c36353cab,True,20時間前,2026-09-30 05:07:00,埼玉県
送迎配車ドライバー／月休17日以上／普通免許でOK／未経験1年目から年...新着,送迎,埼玉県,月給46万円～66万円,正社員,ドライバー,求人ボックス,https://xn--pckua2a7gp15o89zb.com/jbn/fda64404f1ea55e1b6c4922a0f177440,True,11時間前,2026-09-30 05:07:00,埼玉県
送迎配車ドライバー／賞与あり／月休17日以上／20-40代活躍中新着,送迎,埼玉県,月給46万円～66万円,正社員,ドライバー,求人ボックス,https://xn--pckua2a7gp15o89zb.com/jbn/ec2842b400b4d9d2d4b1ed2746103a3f,True,12時間前,2026-09-30 05:07:02,埼玉県
「正社員」週3勤務のタクシードライバー／未経験者活躍中／年収500万円...新着,ドライバー,埼玉県,"月給51万9,400円",正社員,ドライバー,求人ボックス,https://xn--pckua2a7gp15o89zb.com/jbn/f47916314a1ad0ea4fcd6481ec0a040f,True,14時間前,2026-09-30 05:07:07,埼玉県
送迎配車ドライバー／賞与あり／月休17日以上／未経験1年目から年収60...新着,送迎,埼玉県,月給46万円～66万円,正社員,ドライバー,求人ボックス,https://xn--pckua2a7gp15o89zb.com/jbn/0a1e439432947f90c07656cc98015c1a,True,11時間前,2026-09-30 05:07:11,埼玉県
送迎配車ドライバー／普通免許でOK／月休17日以上／20～40代活躍中新着,送迎,埼玉県,月給46万円～66万円,正社員,ドライバー,求人ボックス,https://xn--pckua2a7gp15o89zb.com/jbn/810f59fb2dbc4e17d55e057eb7d4d852,True,11時間前,2026-09-30 05:07:15,埼玉県
ドライバー／月給30万円以上／40代活躍中／賞与年2回／家族手当新着,株式会社翔和サービス,埼玉県,月給30万円,正社員,ドライバー,求人ボックス,https://xn--pckua2a7gp15o89zb.com/jbn/0def6b01fe1bde753879e979b1cc0355,True,2時間前,2026-09-30 05:07:19,埼玉県
送迎配車ドライバー／月休17日以上／20～40代活躍中／未経験1年目か...新着,送迎,埼玉県,月給46万円～66万円,正社員,ドライバー,求人ボックス,https://xn--pckua2a7gp15o89zb.com/jbn/688c4d3bb894f499b46c76a47ba893ea,True,11時間前,2026-09-30 05:07:19,埼玉県
VIP送迎ドライバー／月収50万円以上も可能／未経験歓迎／週3日勤務新着,ドライバー,埼玉県,月給46万円～66万円,正社員,ドライバー,求人ボックス,https://xn--pckua2a7gp15o89zb.com/jbn/03fa671e48b3a777ae5b381053b26aef,True,11時間前,2026-09-30 05:07:22,埼玉県
「著名人・企業役員送迎ドライバー」／未経験歓迎／賞与あり／週3日勤務新着,<仕事内容>希望や適性に合わせて配属1 VIP・企業役員送迎,埼玉県,月給46万円～66万円,正社員,ドライバー,求人ボックス,https://xn--pckua2a7gp15o89zb.com/jbn/2358eeabcf861ea1adeb6dd8a5128cd2,True,11時間前,2026-09-30 05:07:25,埼玉県
町営路線マイクロバスドライバー「週1日からOK／中高年活躍中」新着,イメディカ株式会社,埼玉県,"時給1,500円",アルバイト・パート,ドライバー,求人ボックス,https://xn--pckua2a7gp15o89zb.com/jb/f61ba1e7c67b2e8f943bfb98fc5d7b9e,True,12時間前,2026-09-30 05:07:25,埼玉県
「愛知県勤務」交通誘導／待遇に自信あり／引っ越しサポートあり・日払い週払い可新着,セキュリティスタッフ株式会社,埼玉県,"日給9,500円",正社員,警備,求人ボックス,https://xn--pckua2a7gp15o89zb.com/jb/0b7040620f53fac9092fbfbbb117a13f,True,4時間前,2026-09-30 05:06:58,埼玉県
送迎配車ドライバー／月休17日以上／20-40代活躍中／未経験1年目から年収600万円以上可新着,合同会社beatle,埼玉県,月給46万円～66万円,正社員,警備,求人ボックス,https://xn--pckua2a7gp15o89zb.com/jbn/6fdc6b4c0069cba304b4c60e3fa8cde7,True,11時間前,2026-09-30 05:06:58,埼玉県
送迎配車ドライバー／未経験1年目から年収600万円以上可／普通免許でOK／月休17日以上新着,宅配ドライバー/ルート配送/,埼玉県,月給46万円～66万円,正社員,警備,求人ボックス,https://xn--pckua2a7gp15o89zb.com/jbn/8f788abdd68324bdf49f5573fbcf3cda,True,12時間前,2026-09-30 05:06:58,埼玉県
自転車パーツのセット作業／スタート時給1550円ガッツリ稼げる高収入ワーク 大宮支店新着,株式会社ビート,埼玉県,時給1550円,派遣社員,警備,求人ボックス,https://xn--pckua2a7gp15o89zb.com/jbn/2d9ffdebf45edb0366f0130ffef0dbc1,True,23時間前,2026-09-30 05:07:01,埼玉県
学校建築現場の警備スタッフ／日給14000円新着,株式会社シムックス,埼玉県,日給14000円,派遣社員,警備,求人ボックス,https://xn--pckua2a7gp15o89zb.com/jb/d500ce23112b111e2fb1c3afa8549fe2,True,6時間前,2026-09-30 05:07:05,埼玉県
送迎配車ドライバー／未経験1年目から年収600万円以上可／普通免許でOK／賞与あり新着,宅配ドライバー/ルート配送/,埼玉県,月給46万円～66万円,正社員,警備,求人ボックス,https://xn--pckua2a7gp15o89zb.com/jbn/41d1e01f125682f0e029119cbe8e2ff0,True,11時間前,2026-09-30 05:07:08,埼玉県
送迎配車ドライバー／20～40代活躍中／未経験1年目から年収600万円以上可／普通免許でOK新着,宅配ドライバー/ルート配送/,埼玉県,月給46万円～66万円,正社員,警備,求人ボックス,https://xn--pckua2a7gp15o89zb.com/jbn/51761bd6d7dc095582d5caeb2e422828,True,12時間前,2026-09-30 05:07:08,埼玉県
送迎配車ドライバー／月休17日以上／賞与あり／未経験1年目から年収600万円以上可新着,宅配ドライバー/ルート配送/,埼玉県,月給46万円～66万円,正社員,警備,求人ボックス,https://xn--pckua2a7gp15o89zb.com/jbn/1af84e903b7f79e65973c614cacbe765,True,11時間前,2026-09-30 05:07:11,埼玉県
送迎配車ドライバー／月休17日以上／未経験1年目から年収600万円以上可／20-40代活躍中新着,宅配ドライバー/ルート配送/,埼玉県,月給46万円～66万円,正社員,警備,求人ボックス,https://xn--pckua2a7gp15o89zb.com/jbn/83a053392dd498e33b2c1116cf2385a4,True,11時間前,2026-09-30 05:07:19,埼玉県
送迎配車ドライバー／未経験1年目から年収600万円以上可／普通免許でOK／賞与あり新着,宅配ドライバー/ルート配送/,埼玉県,月給46万円～66万円,正社員,警備,求人ボックス,https://xn--pckua2a7gp15o89zb.com/jbn/1ae48fc0508060cefd8bf4b90493fdd3,True,11時間前,2026-09-30 05:07:24,埼玉県
送迎配車ドライバー／未経験1年目から年収600万円以上可／20-40代活躍中／普通免許でOK新着,宅配ドライバー/ルート配送/,埼玉県,月給46万円～66万円,正社員,警備,求人ボックス,https://xn--pckua2a7gp15o89zb.com/jbn/78fb98f08f0caeb8e55b1326da42cf04,True,11時間前,2026-09-30 05:07:28,埼玉県
送迎配車ドライバー／20～40代活躍中／普通免許でOK／未経験1年目から年収600万円以上可新着,宅配ドライバー/ルート配送/,埼玉県,月給46万円～66万円,正社員,警備,求人ボックス,https://xn--pckua2a7gp15o89zb.com/jbn/1f260829a34756a25a69e01ec4a352d4,True,12時間前,2026-09-30 05:07:28,埼玉県
送迎配車ドライバー／普通免許でOK／未経験1年目から年収600万円以上可／賞与あり／月休17日以上新着,宅配ドライバー/ルート配送/,埼玉県,月給46万円～66万円,正社員,警備,求人ボックス,https://xn--pckua2a7gp15o89zb.com/jbn/96e4c1104271f5aa0aca851ec2c886aa,True,12時間前,2026-09-30 05:07:28,埼玉県
未経験歓迎の一般事務。安定の正社員採用新着,現在活躍しているスタッフの前職も、元美容師、,埼玉県,"月給22万6,000円",正社員,警備,求人ボックス,https://xn--pckua2a7gp15o89zb.com/jbn/c4175595eb44841ae4174877765cde6e,True,2時間前,2026-09-30 05:07:28,埼玉県
タクシー乗務員「普通免許のみ」／年収600万円以上／未経験でも高収入／週3出勤／予約が中心新着,...チームワークを大切にしながら現場をまとめるお仕事です。「コツコツ取り組む仕事が好き」「スケジュール通りに進めると達成感がある」という行動力のある方を募集しています。倉庫軽作業、配送ドライバー、,埼玉県,月給45万円～80万円,正社員,警備,求人ボックス,https://xn--pckua2a7gp15o89zb.com/jbn/c2a489250f390a234dbf1886405dc750,True,10時間前,2026-09-30 05:07:31,埼玉県
茶葉加工・製造スタッフ／加工機の操作・商品品質チェック／未経験から製造...新着,株式会社Meta Sales,埼玉県,"月給34万9,700円",正社員,製造,求人ボックス,https://xn--pckua2a7gp15o89zb.com/jbn/538ef678bc5050c982a4fa9ebcb1164f,True,9時間前,2026-09-30 05:07:07,埼玉県
製造スタッフ「初めての工場勤務も歓迎」／未経験OK／昇給・賞与あり新着,株式会社ELM,埼玉県,月給34万円～60万円,正社員,製造,求人ボックス,https://xn--pckua2a7gp15o89zb.com/jbn/512788b5bdd42605666c4e02bac30820,True,9時間前,2026-09-30 05:07:07,埼玉県
アニメ作品メディア製造スタッフ／Blu-rayの製造・品質管理新着,株式会社Le Lien,埼玉県,"月給34万6,300円",正社員,製造,求人ボックス,https://xn--pckua2a7gp15o89zb.com/jbn/a256c16729cd474fa0b3a70d0423a175,True,9時間前,2026-09-30 05:07:07,埼玉県
茶葉加工・製造スタッフ／加工機の操作・商品品質チェック／未経験から製造...新着,株式会社LOP,埼玉県,"月給29万6,700円",正社員,製造,求人ボックス,https://xn--pckua2a7gp15o89zb.com/jbn/c273a5866d1c08c01443cf6aca6428b1,True,10時間前,2026-09-30 05:07:08,埼玉県
茶葉加工・製造スタッフ／加工機の操作・商品品質チェック／未経験から製造...新着,株式会社enrich technology,埼玉県,"月給29万8,200円",正社員,製造,求人ボックス,https://xn--pckua2a7gp15o89zb.com/jbn/6fed3a168b2ed6b616a3d6c4323a54ef,True,10時間前,2026-09-30 05:07:08,埼玉県
製造スタッフ「初めての工場勤務も歓迎」／未経験OK／昇給・賞与あり新着,株式会社プロジェクトトリガー,埼玉県,月給29万円～40万円,正社員,製造,求人ボックス,https://xn--pckua2a7gp15o89zb.com/jbn/5d9197d13df4918dfa02f02b2fa50408,True,8時間前,2026-09-30 05:07:08,埼玉県
「20~30代活躍」楽器・音楽機材製造スタッフ／製品の組立・動作調整新着,株式会社大斗,埼玉県,"月給30万7,600円",正社員,製造,求人ボックス,https://xn--pckua2a7gp15o89zb.com/jbn/73e2ee338293182bf70031af73a8ddf8,True,9時間前,2026-09-30 05:07:12,埼玉県
製造スタッフ／固定給30万～／寮費無料／カンタン作業／工場／縫製・製造新着,株式会社M-pros,埼玉県,月給30万円～34万円,正社員,製造,求人ボックス,https://xn--pckua2a7gp15o89zb.com/jbn/7bac5a8e297e28240ddcaa35d4f44452,True,2時間前,2026-09-30 05:07:12,埼玉県
「20~30代活躍」ゲーミング家具製造スタッフ／チェアの組立・機能調整新着,株式会社キソシン,埼玉県,"月給30万1,000円",正社員,製造,求人ボックス,https://xn--pckua2a7gp15o89zb.com/jbn/da938a0a6060423365a37b19472213d9,True,9時間前,2026-09-30 05:07:15,埼玉県
パン製造スタッフ ベーカリー勤務 経験者限定新着,ハルジョルナーレ武蔵浦和,埼玉県,"時給1,200円",アルバイト・パート,製造,求人ボックス,https://xn--pckua2a7gp15o89zb.com/jb/effe398d4e22294168b5d1de477472bb,True,4時間前,2026-09-30 05:07:15,埼玉県
景品づくりのレア求人!人気求人／クレーンゲーム景品の企画製造スタッフ新着,製造,埼玉県,"月給37万6,500円",正社員,製造,求人ボックス,https://xn--pckua2a7gp15o89zb.com/jbn/881b776903bff07f3b3b4bdf845a8c32,True,11時間前,2026-09-30 05:07:15,埼玉県
製造スタッフ／ブランク歓迎／個室社宅あり／安定ワーク／かんたん作業新着,株式会社tocca,埼玉県,月給30万円～34万円,正社員,製造,求人ボックス,https://xn--pckua2a7gp15o89zb.com/jbn/77bf6d0d5ae96f6ce49f02a73fdc1c44,True,2時間前,2026-09-30 05:07:19,埼玉県
キャラクター景品を扱う仕事!／クレーンゲーム景品の企画製造スタッフ新着,製造,埼玉県,"月給35万4,500円",正社員,製造,求人ボックス,https://xn--pckua2a7gp15o89zb.com/jbn/9906a19379c6b6e908c9c9a80db62465,True,11時間前,2026-09-30 05:07:19,埼玉県
ガジェット好き必見!／パソコンの製造スタッフ／年間休日130日新着,製造,埼玉県,"月給36万5,500円",正社員,製造,求人ボックス,https://xn--pckua2a7gp15o89zb.com/jbn/fa8ee830c37be1befe2e912c06394530,True,11時間前,2026-09-30 05:07:24,埼玉県
通電チェックも担当!／パソコンの製造スタッフ／年間休日125日新着,製造,埼玉県,"月給39万5,500円",正社員,製造,求人ボックス,https://xn--pckua2a7gp15o89zb.com/jbn/737580b70a70b89d23c548cb16142b02,True,11時間前,2026-09-30 05:07:28,埼玉県
フィギュア製造技術スタッフ／パーツ成形・組立・完成品検査／ホビー好き歓...新着,株式会社ELシステム,埼玉県,"月給30万6,100円",正社員,製造,求人ボックス,https://xn--pckua2a7gp15o89zb.com/jbn/0ba55a75c4fc3f60199fd5ff816bc0ca,True,10時間前,2026-09-30 05:07:28,埼玉県
ガジェット好き必見!／パソコンの製造スタッフ／年間休日134日／寮完備新着,製造,埼玉県,"月給36万5,500円",正社員,製造,求人ボックス,https://xn--pckua2a7gp15o89zb.com/jbn/7e0e6193a405b4abe5433631f13f3c5d,True,11時間前,2026-09-30 05:07:32,埼玉県
製造スタッフ／月給30万～／個室社宅あり／コツコツ作業／製造／工場新着,株式会社MONOLITH,埼玉県,月給30万～,正社員,製造,求人ボックス,https://xn--pckua2a7gp15o89zb.com/jbn/5589eb7c4dc81ed63dd287944dee606d,True,2時間前,2026-09-30 05:07:32,埼玉県
PC好きにおすすめ!／パソコンの製造スタッフ／年間休日135日新着,製造,埼玉県,"月給38万7,500円",正社員,製造,求人ボックス,https://xn--pckua2a7gp15o89zb.com/jbn/c382a0a8a19e9832d3068ede0d7988cf,True,11時間前,2026-09-30 05:07:32,埼玉県
盤面パーツを仕上げる仕事!／パチンコ台盤面の製造スタッフ／空調完備新着,製造,埼玉県,"月給39万1,000円",正社員,製造,求人ボックス,https://xn--pckua2a7gp15o89zb.com/jbn/ff6e50304fa6c7abf43bbede87577b1c,True,11時間前,2026-09-30 05:07:32,埼玉県
「新生活デビュー応援!」未経験採用枠／製造スタッフ・カプセルトイ新着,株式会社RIOT,埼玉県,月給28万円～50万円,正社員,製造,求人ボックス,https://xn--pckua2a7gp15o89zb.com/jbn/1da337d1df23c2457397bbf162dda460,True,12時間前,2026-09-30 05:07:36,埼玉県
家電製品製造スタッフ／未経験歓迎／部品取付と動作確認／寮・社宅あり新着,Yts株式会社,埼玉県,"月給30万9,800円",正社員,製造,求人ボックス,https://xn--pckua2a7gp15o89zb.com/jbn/e3755b4361ccfa06c9db5b8aad6f9d0c,True,10時間前,2026-09-30 05:07:36,埼玉県
フィギュア製造技術スタッフ／パーツ成形・組立・完成品検査／ホビー好き歓...新着,ベンタス株式会社,埼玉県,"月給33万4,400円",正社員,製造,求人ボックス,https://xn--pckua2a7gp15o89zb.com/jbn/8e599614bbe2bb0f1c0cb31d37e9ec31,True,9時間前,2026-09-30 05:07:39,埼玉県
「新生活デビュー応援!」未経験採用枠／カプセルトイ製造スタッフ新着,株式会社RIOT GROUP,埼玉県,月給28万円～50万円,正社員,製造,求人ボックス,https://xn--pckua2a7gp15o89zb.com/jbn/e4eea2752511663f12622b1ecd5893a7,True,12時間前,2026-09-30 05:07:39,埼玉県
施設清掃スタッフ／サウスピア館内の清掃／お昼までの短時間／週3日程度新着,アイル・コーポレーション株式会社,埼玉県,"時給1,196円",アルバイト・パート,清掃,求人ボックス,https://xn--pckua2a7gp15o89zb.com/jb/69d0cffe649c6e4e97027d45923ffdf5,True,12時間前,2026-09-30 05:07:27,埼玉県
清掃スタッフ／介護付き有料老人ホーム新着,株式会社長谷工シニアウェルデザイン ブランシエー...,埼玉県,"時給1,230円",アルバイト・パート,清掃,求人ボックス,https://xn--pckua2a7gp15o89zb.com/jb/e0dd6df345062a4c6067244a259d63ad,True,10時間前,2026-09-30 05:07:27,埼玉県
20～40代活躍中!清掃STAFF!前払い利用OK!カンタンWEB応募...新着,株式会社LeafNxT,埼玉県,"時給1,300円",アルバイト・パート,清掃,求人ボックス,https://xn--pckua2a7gp15o89zb.com/jb/51f7dbc507c711ce46aa9904c7075451,True,23時間前,2026-09-30 05:07:27,埼玉県
清掃スタッフ／研修あり!資格取得支援あり新着,株式会社ルフト・メディカルケア,埼玉県,"時給1,400円",派遣社員,清掃,求人ボックス,https://xn--pckua2a7gp15o89zb.com/jb/9c9e227b6adc2110cfdfadae75dc5168,True,22時間前,2026-09-30 05:07:33,埼玉県
オフィスビルの清掃スタッフ／モクモク作業／午後からのゆったり勤務新着,住友不動産東京三田サウスタワー,埼玉県,"月給25万6,000円",正社員,清掃,求人ボックス,https://xn--pckua2a7gp15o89zb.com/jbn/18cd137ca1a71c883147c12d7143a8d4,True,3時間前,2026-09-30 05:07:39,埼玉県
清掃スタッフ／モクモク作業／未経験／早番／コツコツ作業新着,住友不動産六本木グランドタワー,埼玉県,"月給25万6,000円",正社員,清掃,求人ボックス,https://xn--pckua2a7gp15o89zb.com/jbn/592805a597dbf41a17a11ddd9dcf9e84,True,2時間前,2026-09-30 05:07:39,埼玉県
清掃スタッフ／オフィスビルの清掃業務新着,富士建物管理株式会社,埼玉県,"時給1,300円",アルバイト・パート,清掃,求人ボックス,https://xn--pckua2a7gp15o89zb.com/jb/02dee15e05b18b091cc1085c48506ea4,True,12時間前,2026-09-30 05:07:43,埼玉県
清掃スタッフ／朝の3h／週3日程度／シニア世代活躍中新着,株式会社ボイス,埼玉県,"時給1,350円",アルバイト・パート,清掃,求人ボックス,https://xn--pckua2a7gp15o89zb.com/jb/c90e8b97b85aa6953f4bc29ab5f184ae,True,12時間前,2026-09-30 05:07:43,埼玉県
清掃スタッフ朝霞市泉水3丁目大手自動車メーカー研究所新着,太平ビルサービス株式会社,埼玉県,"時給1,250円",アルバイト・パート,清掃,求人ボックス,https://xn--pckua2a7gp15o89zb.com/jb/75ddb5554a50a39cf77846943a37ff4e,True,6時間前,2026-09-30 05:07:43,埼玉県
児童館スタッフ・清掃／環境整備新着,所沢市立わかば児童館,埼玉県,"時給1,200円～",アルバイト・パート,清掃,求人ボックス,https://xn--pckua2a7gp15o89zb.com/jb/97bacd9a2b11b4e72a72ff86d3f7e26b,True,7時間前,2026-09-30 05:07:43,埼玉県
医療施設内の日常清掃スタッフ／医療施設の日常清掃スタッフ週3日～勤務可新着,栄和建物管理株式会社,埼玉県,"時給1,200円",アルバイト・パート,清掃,求人ボックス,https://xn--pckua2a7gp15o89zb.com/jb/fa736ca3d06e9b45803b97926567636e,True,11時間前,2026-09-30 05:07:43,埼玉県
清掃スタッフ／清掃新着,スーパーベルクス戸田店,埼玉県,"時給1,270円～",アルバイト・パート,清掃,求人ボックス,https://xn--pckua2a7gp15o89zb.com/jb/38861b933f465e8aadf8fc4e9716d575,True,8時間前,2026-09-30 05:07:46,埼玉県
清掃スタッフ／清掃新着,スーパーベルクス草加青柳店,埼玉県,"時給1,230円～",アルバイト・パート,清掃,求人ボックス,https://xn--pckua2a7gp15o89zb.com/jb/1aff961058c12d7cf7d526ff447d94c5,True,8時間前,2026-09-30 05:07:46,埼玉県
清掃スタッフ／清掃新着,スーパーベルクス岩槻城北店,埼玉県,"時給1,230円～",アルバイト・パート,清掃,求人ボックス,https://xn--pckua2a7gp15o89zb.com/jb/5a8dd54373db8a9cc62cb7fda2d30064,True,8時間前,2026-09-30 05:07:46,埼玉県
清掃スタッフ／清掃新着,スーパーベルクスせんげん台東店,埼玉県,"時給1,230円～",アルバイト・パート,清掃,求人ボックス,https://xn--pckua2a7gp15o89zb.com/jb/8b5845dc1db015082f3b8b9b595ec2eb,True,8時間前,2026-09-30 05:07:46,埼玉県
清掃スタッフ／清掃新着,スーパーベルクス東大宮店,埼玉県,"時給1,230円～",アルバイト・パート,清掃,求人ボックス,https://xn--pckua2a7gp15o89zb.com/jb/7668665d8d9b03c434e9db4f32fc4a53,True,8時間前,2026-09-30 05:07:46,埼玉県
清掃スタッフ／清掃新着,スーパーベルクス草加谷塚店,埼玉県,"時給1,315円～",アルバイト・パート,清掃,求人ボックス,https://xn--pckua2a7gp15o89zb.com/jb/62264de3fe8bef6d79dd099f398fef53,True,8時間前,2026-09-30 05:07:46,埼玉県
清掃スタッフ／清掃新着,スーパーベルクス浦和原山店,埼玉県,"時給1,270円～",アルバイト・パート,清掃,求人ボックス,https://xn--pckua2a7gp15o89zb.com/jb/a878a895ab5d87d6af8ecc07604f3166,True,8時間前,2026-09-30 05:07:46,埼玉県
清掃スタッフ／清掃新着,スーパーベルクス花畑中央店,埼玉県,"時給1,315円～",アルバイト・パート,清掃,求人ボックス,https://xn--pckua2a7gp15o89zb.com/jb/03f400ad7e1406efcc3cb57b5e132f61,True,9時間前,2026-09-30 05:07:46,埼玉県
清掃スタッフ／清掃新着,スーパーベルクス草加手代店,埼玉県,"時給1,265円～",アルバイト・パート,清掃,求人ボックス,https://xn--pckua2a7gp15o89zb.com/jb/1bdaf680bda861a45c836fa82060d05b,True,8時間前,2026-09-30 05:07:48,埼玉県
マンションの清掃スタッフ新着,東急ビルメンテナンス株式会社,埼玉県,"時給1,280円",アルバイト・パート,清掃,求人ボックス,https://xn--pckua2a7gp15o89zb.com/jb/a4dc0bd8d8960cf164d8004e2bd9fcbb,True,4時間前,2026-09-30 05:07:48,埼玉県
福祉施設の清掃スタッフ@コツコツ作業好きな方新着,株式会社コトリオ,埼玉県,"時給1,500円～",派遣社員,清掃,求人ボックス,https://xn--pckua2a7gp15o89zb.com/jb/236f52e893234dd3a07ea5028c4f5c6c,True,14時間前,2026-09-30 05:07:48,埼玉県
八潮市内のお店で朝の開店前清掃スタッフ新着,ワンダフルクリーン 管理課 八潮で朝の開店前清掃,埼玉県,"時給1,300円",アルバイト・パート,清掃,求人ボックス,https://xn--pckua2a7gp15o89zb.com/jb/85af48124d441fda3c63adf88d347966,True,11時間前,2026-09-30 05:07:48,埼玉県
ビルの清掃スタッフ 8:00～12:00の間で2.5時間新着,株式会社ビルテクノマイニチ,埼玉県,"時給1,200円",アルバイト・パート,清掃,求人ボックス,https://xn--pckua2a7gp15o89zb.com/jb/f7c0f83af227029133ba3a9cdf984e73,True,4時間前,2026-09-30 05:07:48,埼玉県
皆さんの生活を支える仕事～排水管洗浄・定期清掃スタッフ新着,美-ing株式会社,埼玉県,月給25万円～30万円,正社員,清掃,求人ボックス,https://xn--pckua2a7gp15o89zb.com/jb/135290095b14071114f42492e9d7d317,True,10時間前,2026-09-30 05:07:52,埼玉県
清掃スタッフ・清掃／環境整備新着,ヒューマンサポート東松山,埼玉県,"時給1,200円",アルバイト・パート,清掃,求人ボックス,https://xn--pckua2a7gp15o89zb.com/jb/7a5169b6be51b7ef0c83bcf43bf679e3,True,7時間前,2026-09-30 05:07:52,埼玉県
スーパー開店前の清掃スタッフ新着,株式会社アドバンスサービス,埼玉県,"時給1,200円",アルバイト・パート,清掃,求人ボックス,https://xn--pckua2a7gp15o89zb.com/jb/72c1aace57d502983eb1db3e5542977c,True,4時間前,2026-09-30 05:07:52,埼玉県
清掃用品の検品スタッフ／寮費無料／日払い・週払いOK新着,清掃,埼玉県,月給36万円～39万円,正社員,清掃,求人ボックス,https://xn--pckua2a7gp15o89zb.com/jbn/37bc086f6bfef0ef62e5f323e545280e,True,4時間前,2026-09-30 05:07:52,埼玉県
客室清掃スタッフ新着,ルートインジャパン株式会社,埼玉県,"時給1,150円",アルバイト・パート,清掃,求人ボックス,https://xn--pckua2a7gp15o89zb.com/jb/dfbe4bb4a7ae759d9ea77616f7461d81,True,23時間前,2026-09-30 05:07:52,埼玉県
清掃スタッフ新着,未経験OK,埼玉県,"時給1,600円",派遣社員,清掃,求人ボックス,https://xn--pckua2a7gp15o89zb.com/jb/7712253eb6adc535b6c86a42027ed2bb,True,14時間前,2026-09-30 05:07:52,埼玉県
歯科衛生士／新たな一歩はさくら歯科で始めてみませんか新着,医療法人社団桜樹会,神奈川県,"月給31万5,000円",正社員,歯科,求人ボックス,https://xn--pckua2a7gp15o89zb.com/jb/9c67ebb5b6742b021dc3780d6f11ccf0,True,2時間前,2026-09-30 05:07:55,神奈川県
歯科衛生士／金沢文庫 完全週休3日&18時終了なのに月給25万～新着,桜井歯科医院,神奈川県,月給25万～,正社員,歯科,求人ボックス,https://xn--pckua2a7gp15o89zb.com/jb/f87b5e42396bc18923471cdcd093b359,True,2時間前,2026-09-30 05:07:55,神奈川県
歯科衛生士 徒歩4分／完全週休2日制／残業ほぼなし 週4正社員も相談可新着,医療法人社団慈篤会ひらの歯科医院,神奈川県,月給26万円～,正社員,歯科,求人ボックス,https://xn--pckua2a7gp15o89zb.com/jb/a607e27989745b7e74e788a8d1a68040,True,2時間前,2026-09-30 05:07:55,神奈川県
医療法人社団の歯科衛生士新着,医療法人社団いのうえ歯科医院,神奈川県,月給30万円～45万円,正社員,歯科,求人ボックス,https://xn--pckua2a7gp15o89zb.com/jb/cef3e8ad2e3d5df2dcd9df451aeeb261,True,23時間前,2026-09-30 05:07:55,神奈川県
社会保険完備の職場で歯科衛生士新着,ともき歯科クリニック,神奈川県,月給28万円～35万円,正社員,歯科,求人ボックス,https://xn--pckua2a7gp15o89zb.com/jb/a8f4d37285c6e5dd41e4985498716638,True,7時間前,2026-09-30 05:07:55,神奈川県
歯科衛生士・ボーナス・賞与あり新着,矯正歯科Y's溝の口,神奈川県,月給27万円～35万円,正社員,歯科,求人ボックス,https://xn--pckua2a7gp15o89zb.com/jb/b922231ff962310722ed6816e35ee143,True,7時間前,2026-09-30 05:07:55,神奈川県
歯科助手／18:00終業・残業なし・駅チカ／無理せず、長く続けられる職場新着,ホワイトエッセンス株式会社,神奈川県,月給21万円～,正社員,歯科,求人ボックス,https://xn--pckua2a7gp15o89zb.com/jb/88f70468eb1ff7df92509a89c6344a22,True,2時間前,2026-09-30 05:07:55,神奈川県
歯科助手／月給23.5万円／社会保険完備／年間休日129日／有給休暇取得率80新着,医療法人社団藤栄会,神奈川県,月給23,正社員,歯科,求人ボックス,https://xn--pckua2a7gp15o89zb.com/jb/13adc2d7b65d6185926d4b00bbbb773b,True,2時間前,2026-09-30 05:07:55,神奈川県
受付業務などを行う歯科助手新着,鷺沼デンタルクリニック・矯正歯科,神奈川県,月給24万円～,正社員,歯科,求人ボックス,https://xn--pckua2a7gp15o89zb.com/jb/880b579eab00d9f127cee46b08c0dcb4,True,7時間前,2026-09-30 05:07:55,神奈川県
歯科助手 徒歩2分／人と話すのが好きな方なら大歓迎新着,医療法人美結会,神奈川県,月給24万円～30万円,正社員,歯科,求人ボックス,https://xn--pckua2a7gp15o89zb.com/jb/4fc6bebf4762dc91c46e97f64b3595f5,True,2時間前,2026-09-30 05:07:55,神奈川県
未経験歓迎 ライフデザイナー 土日祝休み新着,住友生命保険相互会社,神奈川県,月給21万円～35万円,正社員,歯科,求人ボックス,https://xn--pckua2a7gp15o89zb.com/jb/eb21746f976d858b26cf4df4e2b50ea6,True,20時間前,2026-09-30 05:07:55,神奈川県
受付／みなとみらい駅徒歩3分／年間休日127日／受付／助手業務兼任新着,医療法人さくら会 MMデンタルクリニックCIDイ...,神奈川県,月給23万円～35万円,正社員,歯科,求人ボックス,https://xn--pckua2a7gp15o89zb.com/jb/3713e158b95e0a5597c9040cf9abcbd6,True,2時間前,2026-09-30 05:07:55,神奈川県
歯科衛生士／土曜のみ週1もOK 平日17:30最終予約 休みが取りやす...新着,小島おとなこども歯科,神奈川県,"時給1,650円～2,200円",アルバイト・パート,歯科,求人ボックス,https://xn--pckua2a7gp15o89zb.com/jb/aee9639dfbb3b732e01a774a2cc622a3,True,2時間前,2026-09-30 05:07:55,神奈川県
病院の歯科衛生士新着,医療法人若葉会 横浜田園都市病院,神奈川県,"時給1,470円～1,600円",アルバイト・パート,歯科,求人ボックス,https://xn--pckua2a7gp15o89zb.com/jb/d2c66a5fa59758662c0794128e1fc702,True,14時間前,2026-09-30 05:07:55,神奈川県
歯科助手／向ヶ丘遊園駅から3分、残業無し、ブランクありOK新着,あい歯科クリニック,神奈川県,"時給1,300円～1,600円",アルバイト・パート,歯科,求人ボックス,https://xn--pckua2a7gp15o89zb.com/jb/6e5f15aa737eb2cf77f895c1d4d863bc,True,2時間前,2026-09-30 05:07:55,神奈川県
歯科医師 徒歩8分／地域に根差した歯科医院で一緒に働きませんか?／交通費全額支給 車・バイク通勤OK新着,ナガタ歯科,神奈川県,"日給3万5,000円",アルバイト・パート,歯科,求人ボックス,https://xn--pckua2a7gp15o89zb.com/jb/f1e078a73726aa60f13936cbc4917958,True,3時間前,2026-09-30 05:07:55,神奈川県
派遣スタッフのサポート・管理／未経験歓迎／土日祝休み／川越 Z新着,スタッフ,埼玉県,年収197万円～304万円,契約社員,派遣,求人ボックス,https://xn--pckua2a7gp15o89zb.com/jbn/4f3a172ccab1035d843d5a56a5aec88a,True,17時間前,2026-09-30 05:07:35,埼玉県
賞与あり／昇給あり／社会保険完備／オフィスワークスタッフ新着,<仕事内容>,埼玉県,年収197万円～304万円,契約社員,派遣,求人ボックス,https://xn--pckua2a7gp15o89zb.com/jbn/62297455239f387b8fa16c6d8f88c055,True,17時間前,2026-09-30 05:07:35,埼玉県
金属部品の加工オペレーター・マシニングセンタ／工業系卒歓迎／未経験OK／交通費支給／男女活躍新着,アネックス・ジャパン株式会社,埼玉県,"時給1,900円～2,300円",派遣社員,派遣,求人ボックス,https://xn--pckua2a7gp15o89zb.com/jbn/f267f39847b1b25ddfbf722363107ff4,True,2時間前,2026-09-30 05:07:35,埼玉県
未経験歓迎／土日祝休みあり／駅チカ・駅ナカ／オフィスワークスタッフ新着,スタッフ,埼玉県,年収197万円～304万円,契約社員,派遣,求人ボックス,https://xn--pckua2a7gp15o89zb.com/jbn/b5a64320935a817904c1c925aa4bb8dd,True,17時間前,2026-09-30 05:07:35,埼玉県
法人向け派遣サービスの営業・コーディネーター／未経験歓迎／昇給あり／賞与あり新着,株式会社ユース.GF,埼玉県,年収300万円～500万円,正社員,派遣,求人ボックス,https://xn--pckua2a7gp15o89zb.com/jbn/4375de10b9ca2b52b5fc2a9b64dc900b,True,2時間前,2026-09-30 05:07:35,埼玉県
求人作成や面接対応を行う人材コーディネーター 土日祝休み 年休125日 リモート勤務可新着,株式会社GS STAFF,埼玉県,"月給30万4,150円",正社員,派遣,求人ボックス,https://xn--pckua2a7gp15o89zb.com/jb/2664a629858faefaaf0bf9b5cdcfd22e,True,4時間前,2026-09-30 05:07:35,埼玉県
ピッキング・仕分け新着,株式会社ヤマトアシスト,埼玉県,"時給1,500円",派遣社員,派遣,求人ボックス,https://xn--pckua2a7gp15o89zb.com/jb/0f0f043056f55e027712601a14bb97ed,True,12時間前,2026-09-30 05:07:35,埼玉県
アルミ製品の加工オペレータ新着,株式会社デルタソリューションズ,埼玉県,"時給1,400円",派遣社員,派遣,求人ボックス,https://xn--pckua2a7gp15o89zb.com/jb/709ab392d3f38115112279a1b2c581a7,True,18時間前,2026-09-30 05:07:36,埼玉県
大手ゼネコンのCADオペレーター 10月スタート 経験必須!所沢駅周辺! 時短OK!新着,株式会社アヴァンティスタッフ,埼玉県,"時給1,800円",派遣社員,派遣,求人ボックス,https://xn--pckua2a7gp15o89zb.com/jb/949602318b8e450a4820357d8802df46,True,5時間前,2026-09-30 05:07:36,埼玉県
「フレッシュな仲間と働ける!」／派遣コーディネーター／未経験OK／スタッフサポート／研修充実新着,コーディネーター  登録,埼玉県,月給27万円～33万円,正社員,派遣,求人ボックス,https://xn--pckua2a7gp15o89zb.com/jbn/f7ae26855106f6ae15032daf6dc77de5,True,12時間前,2026-09-30 05:07:36,埼玉県
複数名／車・バイク・自転車OK／本社でのサポート事務新着,...事務経験をお持ちの方 Excel:SUM関数程度 電話対応・クレーム対応の経験をお持ちの方 歓迎! 【特徴】未経験OK/住宅・建築業界で働く/残業なし/残業少なめ(20H以下)/複数名募集/土日,埼玉県,"時給1,650円",派遣社員,派遣,求人ボックス,https://xn--pckua2a7gp15o89zb.com/jb/8fe672331303a6a19d44a92ecb3647eb,True,13時間前,2026-09-30 05:07:36,埼玉県
加工・梱包・入出庫作業員新着,株式会社スキルプラザ,埼玉県,"時給1,350円～1,688円",派遣社員,派遣,求人ボックス,https://xn--pckua2a7gp15o89zb.com/jb/4414be9dfe4550fd1058c2844ed875ea,True,18時間前,2026-09-30 05:07:36,埼玉県
調理師／調理スタッフ／さいたま市見沼区大和田町の介護付き有料老人ホーム／東武アーバンパークライン新着,セントスタッフ大宮支店,埼玉県,"時給1,300円",派遣社員,派遣,求人ボックス,https://xn--pckua2a7gp15o89zb.com/jb/c5c2837c907602eed9f555a8fff1c237,True,6時間前,2026-09-30 05:07:36,埼玉県
日常清掃／未経験歓迎／扶養内・WワークOK／短時間勤務／土日祝休み新着,株式会社サンワックス,埼玉県,"時給1,200円",アルバイト・パート,派遣,求人ボックス,https://xn--pckua2a7gp15o89zb.com/jb/db0265581ada421713ebe50a8c0a8813,True,12時間前,2026-09-30 05:07:39,埼玉県
大手住宅設備メーカーでCAD／残業なし&17時半退社!AutoCAD基本操作ができれば未経験OK新着,株式会社セリオ,埼玉県,"時給1,800円",派遣社員,派遣,求人ボックス,https://xn--pckua2a7gp15o89zb.com/jb/b3d285a3afecde466ec07d664dd9750a,True,7時間前,2026-09-30 05:07:39,埼玉県
スプレー部品の組立・検査「座り作業／軽作業／女性活躍中」新着,株式会社中央サービス,埼玉県,"時給1,300円",派遣社員,派遣,求人ボックス,https://xn--pckua2a7gp15o89zb.com/jb/44216b781696c606a04aee9ad139062c,True,18時間前,2026-09-30 05:07:39,埼玉県
製品の加工スタッフ新着,株式会社ニッシン,埼玉県,月給20万円～40万円,正社員,派遣,求人ボックス,https://xn--pckua2a7gp15o89zb.com/jb/3c05e76823f410f396cf45cc89d221eb,True,12時間前,2026-09-30 05:07:39,埼玉県
3tルート配送ドライバー「月収41万円以上／日払いOK」新着,クラウドグレイス株式会社,埼玉県,"時給1,700円～2,550円",派遣社員,派遣,求人ボックス,https://xn--pckua2a7gp15o89zb.com/jb/77ebabd6d0c2570ea723c11ac83a90cb,True,6時間前,2026-09-30 05:07:39,埼玉県
ホールスタッフ・フロアスタッフ・調理スタッフ新着,CONV,埼玉県,"時給1,550円～",派遣社員,派遣,求人ボックス,https://xn--pckua2a7gp15o89zb.com/jb/4142df9416ecc6834e68b9da20d1133b,True,17時間前,2026-09-30 05:07:42,埼玉県
人材ソリューション営業／未経験歓迎／賞与あり新着,株式会社メイテックフィルダーズ,埼玉県,年収400万円～550万円,正社員,派遣,求人ボックス,https://xn--pckua2a7gp15o89zb.com/jbn/f24c1fcca54851e55c213927f7440af9,True,2時間前,2026-09-30 05:07:42,埼玉県
ドラッグストア商品の軽作業新着,株式会社アルミラ,埼玉県,"時給1,450円～",アルバイト・パート,派遣,求人ボックス,https://xn--pckua2a7gp15o89zb.com/jb/37fb7f368baa374266937835aedd3252,True,12時間前,2026-09-30 05:07:42,埼玉県
一般事務新着,株式会社リクルートスタッフィング,埼玉県,"時給1,500円～",派遣社員,派遣,求人ボックス,https://xn--pckua2a7gp15o89zb.com/jb/ce5c589d27d44592ce730be7fb62d973,True,21時間前,2026-09-30 05:07:42,埼玉県
ゴディバ ジャパン公式販売接客スタッフ新着,ゴディバ イオンモール春日部,埼玉県,月給20万円～28万円,正社員,派遣,求人ボックス,https://xn--pckua2a7gp15o89zb.com/jb/37a76dc247f5995bd8c1b62cd1c09750,True,18時間前,2026-09-30 05:07:42,埼玉県
大手住宅メーカーで一般事務新着,ヒューマンリソシア株式会社,埼玉県,"時給1,600円",派遣社員,派遣,求人ボックス,https://xn--pckua2a7gp15o89zb.com/jb/13b091e61dba676168694a8db9b4fa85,True,9時間前,2026-09-30 05:07:42,埼玉県
メーカー向け提案営業／未経験歓迎新着,株式会社メイテック,埼玉県,年収450万円～600万円,正社員,派遣,求人ボックス,https://xn--pckua2a7gp15o89zb.com/jbn/f7296894efb6a96573804c3ec362c35e,True,2時間前,2026-09-30 05:07:46,埼玉県
工場送迎ドライバー新着,日本総合サービス株式会社,埼玉県,"時給1,550円",派遣社員,派遣,求人ボックス,https://xn--pckua2a7gp15o89zb.com/jb/1c28831a8e66142a1e81a724b52f50c6,True,13時間前,2026-09-30 05:07:46,埼玉県
基本定時で帰れる 販売業務など 平日にもお休みあり 駅チカ新着,株式会社スタッフサービス,埼玉県,"時給1,500円",派遣社員,派遣,求人ボックス,https://xn--pckua2a7gp15o89zb.com/jb/342125ec8acadc45cd31a58aa2862532,True,17時間前,2026-09-30 05:07:46,埼玉県
調理スタッフ／2027年4月末まで!今羽駅徒歩5分／時給1550円／8:00～17:00／週5日新着,株式会社アスカ,埼玉県,時給1550円,派遣社員,派遣,求人ボックス,https://xn--pckua2a7gp15o89zb.com/jb/966631755efba06b65ed33890099530b,True,13時間前,2026-09-30 05:07:46,埼玉県
未経験可／研修充実／システムエンジニア新着,infront株式会社,埼玉県,月給28万円～50万円,正社員,派遣,求人ボックス,https://xn--pckua2a7gp15o89zb.com/jbn/3a0ee122fe37090ae618fab33773978b,True,11時間前,2026-09-30 05:07:46,埼玉県
軽作業／土日祝休み 物流センターで入出荷・ピッキングのオシゴト新着,マンパワーグループ株式会社,埼玉県,"時給1,300円",派遣社員,派遣,求人ボックス,https://xn--pckua2a7gp15o89zb.com/jb/13a4eb72a8d0d90496984d65b76951b4,True,8時間前,2026-09-30 05:07:46,埼玉県
総務およびメンバーのマネジメント／未経験歓迎／昇給あり／賞与あり新着,株式会社キャムコム,埼玉県,年収350万円～500万円,正社員,派遣,求人ボックス,https://xn--pckua2a7gp15o89zb.com/jbn/2d67f9532c56a57b683588e9b31e9da7,True,3時間前,2026-09-30 05:07:49,埼玉県
派遣会社での営業サポート事務新着,株式会社綜合キャリアオプション,埼玉県,月給24万円～,契約社員,派遣,求人ボックス,https://xn--pckua2a7gp15o89zb.com/jb/7ee234f49533f6222b0aba5336c52b26,True,11時間前,2026-09-30 05:07:49,埼玉県
営業事務／データ入力・書類管理などの事務 平日のみ 派遣staff活躍中新着,株式会社ヒューマントラスト,埼玉県,"時給1,600円",派遣社員,派遣,求人ボックス,https://xn--pckua2a7gp15o89zb.com/jb/cb23e3eb779b56b1dee365eb76a030b6,True,17時間前,2026-09-30 05:07:49,埼玉県
簡単な作業ができればOK!／出荷前のクオリティチェック／年間休日125日以上／未経験活躍新着,株式会社GUM,埼玉県,"月給27万5,000円",正社員,派遣,求人ボックス,https://xn--pckua2a7gp15o89zb.com/jbn/4881febc2de63b65057384945630bdae,True,11時間前,2026-09-30 05:07:49,埼玉県
「無理なく続けられる人気ワーク!」／派遣コーディネーター／残業少なめ／未経験歓迎／長期安定新着,コーディネーターのオシゴト  未経験からスタート歓迎|はたらく人と職場をつなぐお仕事...条件に合う登録,埼玉県,月給27万円～33万円,正社員,派遣,求人ボックス,https://xn--pckua2a7gp15o89zb.com/jbn/0f19743b5cbca08e7e08cef5d367cdd4,True,12時間前,2026-09-30 05:07:49,埼玉県
「初めての方も安心してスタート!」／派遣コーディネーター／未経験OK／サポート業務新着,コーディネーターのオシゴト  未経験からスタート歓迎|はたらく人と職場をつなぐお仕事...条件に合う登録,埼玉県,月給27万円～33万円,正社員,派遣,求人ボックス,https://xn--pckua2a7gp15o89zb.com/jbn/71caf39c1b6b70da1d57a242a15a7b3c,True,12時間前,2026-09-30 05:07:49,埼玉県
製造スタッフ／包装資材／月収28万円も可／大型連休あり／車通勤可新着,株式会社日本アシスト工業,埼玉県,"時給1,350円～1,400円",派遣社員,派遣,求人ボックス,https://xn--pckua2a7gp15o89zb.com/jb/cad73478be44c1e4c97bc4023726dc33,True,6時間前,2026-09-30 05:07:49,埼玉県
医薬品パッケージ検査等／カンタン作業／軽作業スタッフ／入社祝い金30万新着,スタッフ,埼玉県,月給33万円～38万,正社員,派遣,求人ボックス,https://xn--pckua2a7gp15o89zb.com/jbn/ba37d903e4edb24d6e4ebc0a3f86eb16,True,13時間前,2026-09-30 05:07:49,埼玉県
受電業務中心のコールセンタースタッフ／未経験から始めるオフィスワーク!／完全未経験OK!新着,人財BANK株式会社,埼玉県,月給20万円～29万円,正社員,派遣,求人ボックス,https://xn--pckua2a7gp15o89zb.com/jbn/9ae9e772c8ceed2ea84acd0ef5812232,True,10時間前,2026-09-30 05:07:51,埼玉県
「未経験歓迎の人気求人」／派遣コーディネーター／スタッフサポート／福利厚生充実／安定勤務新着,コーディネーター|マッチングと就業サポート>  <お仕事内容>・企業からのお仕事依頼の受付 ・条件に合う登録,埼玉県,月給27万円～33万円,正社員,派遣,求人ボックス,https://xn--pckua2a7gp15o89zb.com/jbn/0e9573d62da7698bdbc72ff7c64399b9,True,12時間前,2026-09-30 05:07:51,埼玉県
派遣コーディネーター／シンプル業務／未経験歓迎／長期安定／交通費支給新着,コーディネーター募集/<お仕事内容>・企業からのお仕事依頼の受付 ・条件に合う登録,埼玉県,月給27万円～33万円,正社員,派遣,求人ボックス,https://xn--pckua2a7gp15o89zb.com/jbn/7656c193b408a5fe326e8dd6027da793,True,12時間前,2026-09-30 05:07:51,埼玉県
制作進行 深夜アニメの現場で成長! 未経験歓迎×残業代全額新着,株式会社フェローズ,埼玉県,"月給21万5,000円",派遣社員,派遣,求人ボックス,https://xn--pckua2a7gp15o89zb.com/jb/15c6cabb19c6a043b82174900456f6e9,True,16時間前,2026-09-30 05:07:51,埼玉県
スワロフスキーのジュエリー販売／短期×残業少なめ新着,株式会社ウィルオブ・ワーク,埼玉県,"時給1,380円～1,500円",派遣社員,派遣,求人ボックス,https://xn--pckua2a7gp15o89zb.com/jb/8adcafd80c6e68d74f67acdd94b660e0,True,13時間前,2026-09-30 05:07:51,埼玉県
「月給30万円を目指せる!」／派遣コーディネーター／未経験歓迎／スタッフサポート／長期安定新着,コーディネーター|マッチングと就業サポート>  <お仕事内容>・企業からのお仕事依頼の受付 ・条件に合う登録,埼玉県,月給30万円,正社員,派遣,求人ボックス,https://xn--pckua2a7gp15o89zb.com/jbn/eff13494248e345956a3ffd583198514,True,12時間前,2026-09-30 05:07:51,埼玉県
一般事務・OA事務／大宮／17時定時／残業ほぼナシ!事務 履歴書不要!面接1回!新着,パーソルビジネスプロセスデザイン株式会社,埼玉県,"時給1,400円",契約社員,派遣,求人ボックス,https://xn--pckua2a7gp15o89zb.com/jb/41de431f1038f7dfbe96f52f9cb9a56c,True,7時間前,2026-09-30 05:07:51,埼玉県
仕分けスタッフ／倉庫内作業新着,フリーターさんや,埼玉県,"月給26万6,000円",正社員,派遣,求人ボックス,https://xn--pckua2a7gp15o89zb.com/jbn/ada1720ea76c2787f73dc5a06c1c2b07,True,5時間前,2026-09-30 05:07:51,埼玉県
仕分けスタッフ／倉庫内作業／寮・社宅利用可新着,フリーターさんや,埼玉県,"月給26万6,000円",正社員,派遣,求人ボックス,https://xn--pckua2a7gp15o89zb.com/jbn/8f48926f2fe0e2414bdffb86a35904da,True,2時間前,2026-09-30 05:07:55,埼玉県
「人と接することが好きな方歓迎」／派遣コーディネーター／未経験歓迎／シンプル業務／20~30代活躍中新着,コーディネーター|マッチングと就業サポート>  <お仕事内容>・企業からのお仕事依頼の受付 ・条件に合う登録,埼玉県,月給27万円～33万円,正社員,派遣,求人ボックス,https://xn--pckua2a7gp15o89zb.com/jbn/130a2fe5830fee183955c8184abfa4c1,True,12時間前,2026-09-30 05:07:55,埼玉県
出版物流会社の営業事務求人／物流センターで書店対応／事務スタッフ募集／派遣社員・週4日勤務新着,株式会社トーハン・コンサルティング,埼玉県,"時給1,400円",派遣社員,派遣,求人ボックス,https://xn--pckua2a7gp15o89zb.com/jb/f01c1c2fdec7e33074730e1fc967ea9b,True,14時間前,2026-09-30 05:07:55,埼玉県
「応募後スピード選考」／派遣コーディネーター／WEB面接対応／未経験歓迎／長期安定新着,コーディネーター募集/<お仕事内容>・企業からのお仕事依頼の受付 ・条件に合う登録,埼玉県,月給27万円～33万円,正社員,派遣,求人ボックス,https://xn--pckua2a7gp15o89zb.com/jbn/f894917c15aaacaa841a159e2f640d3f,True,12時間前,2026-09-30 05:07:55,埼玉県
入間市駅 需要のある福祉業界で介護デビュー 資格支援あり新着,株式会社コトリオ,埼玉県,"時給1,600円～2,250円",派遣社員,派遣,求人ボックス,https://xn--pckua2a7gp15o89zb.com/jb/add0ee9d81dcd1629dfcd86e0fcd86b6,True,14時間前,2026-09-30 05:07:55,埼玉県
介護スタッフ／デイサービス／ブランクOK／シフト自由／幅広い年代が活躍中新着,スタッフ,埼玉県,"時給1,700円～1,800円",派遣社員,派遣,求人ボックス,https://xn--pckua2a7gp15o89zb.com/jb/1089e70d6eb96c43efe14c5d9d30f002,True,16時間前,2026-09-30 05:07:55,埼玉県
チルド食品の梱包スタッフ新着,株式会社ホットスタッフ品川,埼玉県,"時給1,300円～",派遣社員,派遣,求人ボックス,https://xn--pckua2a7gp15o89zb.com/jb/8db31583b527c0012c0438a3a166e32b,True,11時間前,2026-09-30 05:07:55,埼玉県
金型の研磨・加工スタッフ新着,株式会社ホットスタッフ草加,埼玉県,"時給1,300円～1,625円",派遣社員,派遣,求人ボックス,https://xn--pckua2a7gp15o89zb.com/jb/99ce259099ecb4a33525c67aa3078f76,True,11時間前,2026-09-30 05:07:55,埼玉県
キムチの入出庫スタッフ新着,株式会社ホットスタッフ所沢,埼玉県,"時給1,380円",派遣社員,派遣,求人ボックス,https://xn--pckua2a7gp15o89zb.com/jb/87d6a722f6971099ac294941953ec04c,True,11時間前,2026-09-30 05:07:58,埼玉県
図面のスキャン作業新着,株式会社ホットスタッフ熊谷,埼玉県,"時給1,400円",派遣社員,派遣,求人ボックス,https://xn--pckua2a7gp15o89zb.com/jb/d1db0e89be60261d4f35724d0b29674b,True,11時間前,2026-09-30 05:07:58,埼玉県
プラスチック製品の検査・梱包新着,株式会社ホットスタッフ白岡,埼玉県,"時給1,210円",派遣社員,派遣,求人ボックス,https://xn--pckua2a7gp15o89zb.com/jb/fb5716fc7ce59e33d872cdc13f9e7e9b,True,11時間前,2026-09-30 05:07:58,埼玉県
計測業務スタッフ／さいたまオフィス新着,株式会社リクルートR&Dスタッフィング,埼玉県,"月給21万4,000円",正社員,派遣,求人ボックス,https://xn--pckua2a7gp15o89zb.com/jbn/9e016c41d47f3eac5abcd60fcced0ded,True,1時間前,2026-09-30 05:07:58,埼玉県
「ふんわり商品に囲まれて働く」タオル・寝具の検品・たたみ／未経験歓迎／寮完備／研修あり／空調完備新着,株式会社ZERO TALENT,埼玉県,月給29万円～42万円,派遣社員,派遣,求人ボックス,https://xn--pckua2a7gp15o89zb.com/jbn/0d2e5e8be7fb78c29128d0e5740bc39d,True,2時間前,2026-09-30 05:07:58,埼玉県
「未経験から始める」検体回収の搬送ドライバー／軽自動車でルート配送／OJT2週間新着,株式会社アウトソーシングトータルサポート,埼玉県,"時給1,700円～",派遣社員,派遣,求人ボックス,https://xn--pckua2a7gp15o89zb.com/jbn/0780eea85179a6fed69a51d9b2ee57c7,True,7時間前,2026-09-30 05:08:01,埼玉県
保育士／未経験OK／急募／研修あり／年間休日110日／完全週休2日制新着,株式会社Y&A,埼玉県,"時給1,141円～1,250円",アルバイト・パート,派遣,求人ボックス,https://xn--pckua2a7gp15o89zb.com/jbn/02608fbfc9b3cb903cc0e0aa7bf3aa80,True,12時間前,2026-09-30 05:08:01,埼玉県
保育士／未経験OK／学歴不問／急募／ブランクOK／残業なし新着,株式会社無有,埼玉県,月給23万円～30万円,正社員,派遣,求人ボックス,https://xn--pckua2a7gp15o89zb.com/jbn/d29dfa242cb7611027c05b5378274324,True,12時間前,2026-09-30 05:08:01,埼玉県
保育士／未経験OK／社会保険完備／急募／扶養内勤務OK／年間休日120日以上新着,社会福祉法人栄光会,埼玉県,"時給1,250円～1,280円",アルバイト・パート,派遣,求人ボックス,https://xn--pckua2a7gp15o89zb.com/jbn/21c2016213e2c862b805ad4ef528af75,True,13時間前,2026-09-30 05:08:01,埼玉県
受付スタッフ&販売・飲食の経験者歓迎「完全週休2日」20代女性活躍中新着,株式会社One's Will 採用窓口「4524」,埼玉県,月給23万円～,正社員,飲食,求人ボックス,https://xn--pckua2a7gp15o89zb.com/jbn/ccb24a3ea6cd5f0ec729e1013f5e0948,True,22時間前,2026-09-30 05:07:42,埼玉県
店舗スタッフ「一般社員」／加須店新着,幸楽苑 加須店,埼玉県,"月給21万5,000円",正社員,飲食,求人ボックス,https://xn--pckua2a7gp15o89zb.com/jbn/699e930f07f8d64d509a5d0c636967b8,True,3時間前,2026-09-30 05:07:42,埼玉県
飛び込み無しの反響営業／平均28歳／充実した研修でゼロからスタート新着,株式会社エスティーエス,埼玉県,月給35万円～,正社員,飲食,求人ボックス,https://xn--pckua2a7gp15o89zb.com/jb/00db37fe048f69cdaaaba15d35c04a8d,True,13時間前,2026-09-30 05:07:42,埼玉県
店舗スタッフ「一般社員」／新座店新着,幸楽苑 新座店,埼玉県,"月給21万5,000円",正社員,飲食,求人ボックス,https://xn--pckua2a7gp15o89zb.com/jbn/cab0c0105662a6abc76a6a99fbfa1f7d,True,2時間前,2026-09-30 05:07:42,埼玉県
店舗スタッフ「一般社員」／川口上青木店新着,幸楽苑 川口上青木店,埼玉県,"月給21万5,000円",正社員,飲食,求人ボックス,https://xn--pckua2a7gp15o89zb.com/jbn/01c8659ed4f58bd2213c50a9afd1630a,True,2時間前,2026-09-30 05:07:43,埼玉県
店舗スタッフ「一般社員」／羽生店新着,幸楽苑 羽生店,埼玉県,"月給21万5,000円",正社員,飲食,求人ボックス,https://xn--pckua2a7gp15o89zb.com/jbn/f499442898a4d7777762284ed041d1a7,True,2時間前,2026-09-30 05:07:43,埼玉県
店舗スタッフ「一般社員」／大宮本郷店新着,幸楽苑 大宮本郷店,埼玉県,"月給21万5,000円",正社員,飲食,求人ボックス,https://xn--pckua2a7gp15o89zb.com/jbn/beea71e3657a667182e1d3d5503481eb,True,2時間前,2026-09-30 05:07:43,埼玉県
店舗スタッフ「一般社員」／武里店新着,幸楽苑 武里店,埼玉県,"月給21万5,000円",正社員,飲食,求人ボックス,https://xn--pckua2a7gp15o89zb.com/jbn/890c247d962c581b20a37033ecbf5fe5,True,2時間前,2026-09-30 05:07:43,埼玉県
店舗スタッフ「一般社員」／草加店新着,幸楽苑 草加店,埼玉県,"月給21万5,000円",正社員,飲食,求人ボックス,https://xn--pckua2a7gp15o89zb.com/jbn/68ddf40223d1494d5a4dd1d2f01479f4,True,3時間前,2026-09-30 05:07:43,埼玉県
店舗スタッフ「一般社員」／三郷中央店新着,幸楽苑 三郷中央店,埼玉県,"月給21万5,000円",正社員,飲食,求人ボックス,https://xn--pckua2a7gp15o89zb.com/jbn/e8acc8c3d4af17a3f076f316da16c95b,True,2時間前,2026-09-30 05:07:43,埼玉県
店舗スタッフ「一般社員」／浦和円正寺店新着,幸楽苑 浦和円正寺店,埼玉県,"月給21万5,000円",正社員,飲食,求人ボックス,https://xn--pckua2a7gp15o89zb.com/jbn/5068489faaad76676b2ba8122fe868f1,True,2時間前,2026-09-30 05:07:46,埼玉県
店舗スタッフ「一般社員」／鶴ヶ島店新着,幸楽苑 鶴ヶ島店,埼玉県,"月給21万5,000円",正社員,飲食,求人ボックス,https://xn--pckua2a7gp15o89zb.com/jbn/9b95ba984c29b59e0d12af3e3618e1dd,True,2時間前,2026-09-30 05:07:46,埼玉県
店舗スタッフ「一般社員」／杉戸店新着,幸楽苑 杉戸店,埼玉県,"月給21万5,000円",正社員,飲食,求人ボックス,https://xn--pckua2a7gp15o89zb.com/jbn/0f9345c12aa15ab59234948c3d938329,True,2時間前,2026-09-30 05:07:46,埼玉県
店舗スタッフ「一般社員」／所沢美原店新着,幸楽苑 所沢美原店,埼玉県,"月給21万5,000円",正社員,飲食,求人ボックス,https://xn--pckua2a7gp15o89zb.com/jbn/61a03e1e8b083ca4f6b899383c3ca850,True,2時間前,2026-09-30 05:07:46,埼玉県
完全在宅／未経験可／カスタマーサポート／年休125日以上新着,...経験不問/未経験者活躍中・第二新卒活躍中資格不問/無資格歓迎・ブランク歓迎・学歴不問ハローワークでお探しの方も歓迎 先輩たちの前職をご紹介! 営業、事務、販売,埼玉県,"月給25万3,400円",正社員,飲食,求人ボックス,https://xn--pckua2a7gp15o89zb.com/jbn/9da15e7b02542d6e4d3526f9b1841b08,True,11時間前,2026-09-30 05:07:46,埼玉県
完全在宅／未経験可／問い合わせ窓口／年休125日以上新着,...経験不問/未経験者活躍中・第二新卒活躍中資格不問/無資格歓迎・ブランク歓迎・学歴不問ハローワークでお探しの方も歓迎 先輩たちの前職をご紹介! 営業、事務、販売,埼玉県,"月給23万9,200円",正社員,飲食,求人ボックス,https://xn--pckua2a7gp15o89zb.com/jbn/88035313650e095c5297c61823c86090,True,11時間前,2026-09-30 05:07:46,埼玉県
店舗スタッフ「一般社員」／イオンタウン上里店新着,幸楽苑 イオンタウン上里店,埼玉県,"月給21万5,000円",正社員,飲食,求人ボックス,https://xn--pckua2a7gp15o89zb.com/jbn/6acf7cd771e88d529626fc5aa86c2f0f,True,2時間前,2026-09-30 05:07:49,埼玉県
店舗スタッフ「一般社員」／鳩ヶ谷里店新着,幸楽苑 鳩ヶ谷里店,埼玉県,"月給21万5,000円",正社員,飲食,求人ボックス,https://xn--pckua2a7gp15o89zb.com/jbn/33a31e25f5dfe03ec7dbe4b64f8b0717,True,2時間前,2026-09-30 05:07:49,埼玉県
店舗スタッフ「一般社員」／東松山店新着,幸楽苑 東松山店,埼玉県,"月給21万5,000円",正社員,飲食,求人ボックス,https://xn--pckua2a7gp15o89zb.com/jbn/cbed7d59951f74ce061d1bf5eeb1da56,True,2時間前,2026-09-30 05:07:49,埼玉県
店舗スタッフ「一般社員」／戸田店新着,幸楽苑 戸田店,埼玉県,"月給21万5,000円",正社員,飲食,求人ボックス,https://xn--pckua2a7gp15o89zb.com/jbn/92dab0be0d7b759576acfdef1c7ff769,True,2時間前,2026-09-30 05:07:49,埼玉県
店舗スタッフ「一般社員」／飯能店新着,幸楽苑 飯能店,埼玉県,"月給21万5,000円",正社員,飲食,求人ボックス,https://xn--pckua2a7gp15o89zb.com/jbn/1cd70653371e6beeda1d7c6658b46e5a,True,2時間前,2026-09-30 05:07:51,埼玉県
店舗スタッフ「一般社員」／新座東店新着,幸楽苑 新座東店,埼玉県,"月給21万5,000円",正社員,飲食,求人ボックス,https://xn--pckua2a7gp15o89zb.com/jbn/2045689a2dc93db5f14b07575ddbc476,True,2時間前,2026-09-30 05:07:51,埼玉県
店舗スタッフ「一般社員」／蓮田店新着,幸楽苑 蓮田店,埼玉県,"月給21万5,000円",正社員,飲食,求人ボックス,https://xn--pckua2a7gp15o89zb.com/jbn/6d0a9f63f5608fbe5514773831b5c360,True,2時間前,2026-09-30 05:07:51,埼玉県
店舗スタッフ「一般社員」／深谷東方町店新着,幸楽苑 深谷東方町店,埼玉県,"月給21万5,000円",正社員,飲食,求人ボックス,https://xn--pckua2a7gp15o89zb.com/jbn/5671a72e89ffe2e94ccc1546c0a537e1,True,2時間前,2026-09-30 05:07:51,埼玉県
店舗スタッフ「一般社員」／東浦和店新着,幸楽苑 東浦和店,埼玉県,"月給21万5,000円",正社員,飲食,求人ボックス,https://xn--pckua2a7gp15o89zb.com/jbn/38de1a178f9b44c7329053594f69c1cc,True,3時間前,2026-09-30 05:07:51,埼玉県
店舗スタッフ「一般社員」／みずほ台店新着,幸楽苑 みずほ台店,埼玉県,"月給21万5,000円",正社員,飲食,求人ボックス,https://xn--pckua2a7gp15o89zb.com/jbn/9cfa332fd1f1fef48102b25482f7f703,True,2時間前,2026-09-30 05:07:51,埼玉県
店舗スタッフ「一般社員」／ふじみ野店新着,幸楽苑 ふじみ野店,埼玉県,"月給21万5,000円",正社員,飲食,求人ボックス,https://xn--pckua2a7gp15o89zb.com/jbn/ef143b7745f19aa2a3965de6ef885753,True,2時間前,2026-09-30 05:07:51,埼玉県
店舗スタッフ「一般社員」／浦和領家店新着,幸楽苑 浦和領家店,埼玉県,"月給21万5,000円",正社員,飲食,求人ボックス,https://xn--pckua2a7gp15o89zb.com/jbn/1309394bde2669089f2d0719ec97812b,True,3時間前,2026-09-30 05:07:55,埼玉県
店舗スタッフ「一般社員」／フォレオ菖蒲店新着,幸楽苑 フォレオ菖蒲店,埼玉県,"月給21万5,000円",正社員,飲食,求人ボックス,https://xn--pckua2a7gp15o89zb.com/jbn/19df791b2ce46343a1b9a26977d3a521,True,2時間前,2026-09-30 05:07:55,埼玉県
店舗スタッフ「一般社員」／秩父店新着,幸楽苑 秩父店,埼玉県,"月給21万5,000円",正社員,飲食,求人ボックス,https://xn--pckua2a7gp15o89zb.com/jbn/40d94c68eb965b8c3475bc4799b57c5f,True,2時間前,2026-09-30 05:07:55,埼玉県
店舗スタッフ「一般社員」／川越木野目店新着,幸楽苑 川越木野目店,埼玉県,"月給21万5,000円",正社員,飲食,求人ボックス,https://xn--pckua2a7gp15o89zb.com/jbn/ea87d51e547cc9f455f105c521f97746,True,2時間前,2026-09-30 05:07:55,埼玉県
店舗スタッフ「一般社員」／指扇店新着,幸楽苑 指扇店,埼玉県,"月給21万5,000円",正社員,飲食,求人ボックス,https://xn--pckua2a7gp15o89zb.com/jbn/b5b4c021d52cc67b37c5d283be02d00b,True,2時間前,2026-09-30 05:07:55,埼玉県
店舗スタッフ「一般社員」／さいたま大戸店新着,幸楽苑 さいたま大戸店,埼玉県,"月給21万5,000円",正社員,飲食,求人ボックス,https://xn--pckua2a7gp15o89zb.com/jbn/13587324f11ddcc2170103e6145176dd,True,2時間前,2026-09-30 05:07:55,埼玉県
「販売職からの転職組が8割」／立ち仕事の疲れとは無縁。冷暖房完備のオフィスで腰を据えて働く一般事務新着,[多様なバックグラウンドを持つ仲間]現在活躍している,埼玉県,"月給22万6,000円",正社員,飲食,求人ボックス,https://xn--pckua2a7gp15o89zb.com/jbn/d1477e2967b79fffcdc43a49fa30d87c,True,3時間前,2026-09-30 05:07:59,埼玉県
営業サポート事務「人を支えるのが好きな方へ」／残業少なめ・土日休み。未経験から事務スキルが身に付く新着,[多様なバックグラウンドを持つ仲間]現在活躍している,埼玉県,月給20万円～50万円,正社員,飲食,求人ボックス,https://xn--pckua2a7gp15o89zb.com/jbn/52efb26b0b3be983a8b6190c96b48f2a,True,3時間前,2026-09-30 05:07:59,埼玉県
イベント運営スタッフ／未経験からイベント企画・運営のプロへ!新着,株式会社エースケータリング,埼玉県,"月給26万4,000円",正社員,飲食,求人ボックス,https://xn--pckua2a7gp15o89zb.com/jbn/7bddfe67e51aad7da805b97975efbfab,True,10時間前,2026-09-30 05:07:59,埼玉県
未経験・ブランクも歓迎／データ入力・受付事務／「新人を一人ぼっちにしない」安心のサポート新着,[多様なバックグラウンドを持つ仲間]現在活躍している,埼玉県,月給23万円～50万円,正社員,飲食,求人ボックス,https://xn--pckua2a7gp15o89zb.com/jbn/ca7477641ab8cc1fee917a75757752a4,True,2時間前,2026-09-30 05:07:59,埼玉県
データ入力事務／充実の研修で安心スタート!／WEB面接可能／デスクワーク新着,<異業種からの転職者も活躍中!>アパレル販売、,埼玉県,"月給21万5,500円",正社員,飲食,求人ボックス,https://xn--pckua2a7gp15o89zb.com/jbn/9c1a81537a746668a1e9033383a5769a,True,2時間前,2026-09-30 05:07:59,埼玉県
店舗スタッフ「一般社員」／北本店新着,幸楽苑 北本店,埼玉県,"月給21万5,000円",正社員,飲食,求人ボックス,https://xn--pckua2a7gp15o89zb.com/jbn/79a25cb069a293674a9fbc35b49abd7e,True,2時間前,2026-09-30 05:07:59,埼玉県
総務事務／充実の研修で安心スタート!／経験者優遇／交通費全額支給／ブランクOK新着,...「土日休みで自分の時間を作りたい」そんなあなたの新しいスタートを応援します!。: :。: :。経験や特別なスキルは一切必要ありません。学歴不問で20代・30代を中心に活躍中です!前職が,埼玉県,"月給21万5,500円",正社員,飲食,求人ボックス,https://xn--pckua2a7gp15o89zb.com/jbn/50cbcf6329f35514f9b3eb57e0daab5f,True,2時間前,2026-09-30 05:07:59,埼玉県
「未経験OK」／営業サポート事務／20代・30代活躍中／コツコツ作業「正社員」新着,...「そろそろ内勤のお仕事に挑戦したい」という方、大歓迎です。特別なPCスキルがなくても、タイピングなどの基礎から少しずつ慣れていける環境を整えています。<こんな先輩たちが活躍中>,埼玉県,"月給21万5,500円",正社員,飲食,求人ボックス,https://xn--pckua2a7gp15o89zb.com/jbn/469dc85af79e5498e15cf064d9fb2816,True,2時間前,2026-09-30 05:08:02,埼玉県
営業事務／充実の研修で安心スタート!／土日祝休み／ブランクOK／ネイルOK新着,前職が,埼玉県,"月給21万5,500円",正社員,飲食,求人ボックス,https://xn--pckua2a7gp15o89zb.com/jbn/dfe29b81e483824cf6537654d298cd69,True,2時間前,2026-09-30 05:08:02,埼玉県
簡単な作業ができればOK!／カプセル詰めのクオリティチェック／資格取得支援あり／未経験活躍新着,20代の,埼玉県,月給28万円～40万円,正社員,飲食,求人ボックス,https://xn--pckua2a7gp15o89zb.com/jbn/60338cf34529168482867b6f6bfa027e,True,11時間前,2026-09-30 05:08:02,埼玉県
未経験可／研修充実／システムエンジニア新着,infront株式会社,埼玉県,月給28万円～50万円,正社員,飲食,求人ボックス,https://xn--pckua2a7gp15o89zb.com/jbn/a38ca9a9e0c6b6d5006a8674ff953cd0,True,11時間前,2026-09-30 05:08:02,埼玉県
モノづくりの知識一切不問!／パーツのチェック・仕分け担当／資格取得支援あり／未経験活躍新着,携帯ショップ店員、,埼玉県,月給28万円～40万円,正社員,飲食,求人ボックス,https://xn--pckua2a7gp15o89zb.com/jbn/0407bb715f22fb1797b7780d935d1cdb,True,11時間前,2026-09-30 05:08:02,埼玉県
「残業少なめ」／一般事務／社会保険完備／ボーナスあり「正社員」新着,<活躍できる人物像>・新しい知識を吸収する意欲がある方・周囲とのコミュニケーションを大切にできる方・ルールを守り、正確な作業を心がけられる方<歓迎する前職の経験>アパレル販売/,埼玉県,"月給21万5,500円",正社員,飲食,求人ボックス,https://xn--pckua2a7gp15o89zb.com/jbn/14c416225718de8f7cc3ac4b57b6bb41,True,2時間前,2026-09-30 05:08:02,埼玉県
「モノづくりが好き」それだけでOK!／製造アシスタント／資格取得支援あり／未経験活躍新着,20代の,埼玉県,月給28万円～40万円,正社員,飲食,求人ボックス,https://xn--pckua2a7gp15o89zb.com/jbn/31b17693528b3cd91fe638e623bcf918,True,11時間前,2026-09-30 05:08:05,埼玉県
簡単な作業ができればOK!／カプセルトイのチェックスタッフ／年間休日125日以上／未経験活躍新着,スタッフ,埼玉県,月給28万円～40万円,正社員,飲食,求人ボックス,https://xn--pckua2a7gp15o89zb.com/jbn/2596ac9aef149d7b8552590e7f672327,True,11時間前,2026-09-30 05:08:05,埼玉県
「未経験歓迎」／営業サポート事務／20代・30代活躍中／経験者優遇「正社員」新着,...「そろそろ内勤のお仕事に挑戦したい」という方、大歓迎です。特別なPCスキルがなくても、タイピングなどの基礎から少しずつ慣れていける環境を整えています。<こんな先輩たちが活躍中>,埼玉県,"月給21万5,500円",正社員,飲食,求人ボックス,https://xn--pckua2a7gp15o89zb.com/jbn/b362853f1a5091063db8eb981956d99b,True,1時間前,2026-09-30 05:08:05,埼玉県
モノづくりの知識一切不問!／製造アシスタント／昇給年2回／未経験活躍新着,20代の,埼玉県,月給28万円～40万円,正社員,飲食,求人ボックス,https://xn--pckua2a7gp15o89zb.com/jbn/e22b1722222646943cb295114ed59489,True,11時間前,2026-09-30 05:08:05,埼玉県
「未経験歓迎」／営業サポート事務／データ管理／産休・育休あり「正社員」新着,<歓迎する前職の経験>アパレル販売/,埼玉県,"月給21万5,500円",正社員,飲食,求人ボックス,https://xn--pckua2a7gp15o89zb.com/jbn/111cff8902dc4e0a4d9192e8888034b4,True,2時間前,2026-09-30 05:08:05,埼玉県
「Excelは開ければOK」関数を知らなくても始められる一般事務職／安心の研修・サポート制度新着,実際に現場では、元データ入力、アパレルショップ店員、,埼玉県,月給23万円～50万円,正社員,飲食,求人ボックス,https://xn--pckua2a7gp15o89zb.com/jbn/bd98be5916f3687206e184b7f2d4bfdd,True,3時間前,2026-09-30 05:08:05,埼玉県
「残業少なめ」／総務事務／若手活躍中／経験者優遇「正社員」新着,<活躍できる人物像>・新しい知識を吸収する意欲がある方・周囲とのコミュニケーションを大切にできる方・ルールを守り、正確な作業を心がけられる方<歓迎する前職の経験>アパレル販売/,埼玉県,"月給21万5,500円",正社員,飲食,求人ボックス,https://xn--pckua2a7gp15o89zb.com/jbn/eee96110b0f2c464bb65ec174f15212b,True,2時間前,2026-09-30 05:08:05,埼玉県
リモート可／未経験可／営業アシスタント／年休125日以上新着,スタッフ,埼玉県,"月給23万4,000円",正社員,飲食,求人ボックス,https://xn--pckua2a7gp15o89zb.com/jbn/0bb521f559701da0e913cb2063372bc8,True,11時間前,2026-09-30 05:08:05,埼玉県
「年間休日125日以上」／OA事務／データ管理／有給休暇あり「正社員」新着,...「そろそろ内勤のお仕事に挑戦したい」という方、大歓迎です。特別なPCスキルがなくても、タイピングなどの基礎から少しずつ慣れていける環境を整えています。<こんな先輩たちが活躍中>,埼玉県,"月給21万5,500円",正社員,飲食,求人ボックス,https://xn--pckua2a7gp15o89zb.com/jbn/70c8d76c1d23f5bee17606581f0d8717,True,2時間前,2026-09-30 05:08:08,埼玉県
簡単な作業ができればOK!／カプセル詰めのクオリティチェック／昇給年2回／未経験活躍新着,スタッフ,埼玉県,月給28万円～40万円,正社員,飲食,求人ボックス,https://xn--pckua2a7gp15o89zb.com/jbn/1f425aa27380591831253d56d5c29a93,True,11時間前,2026-09-30 05:08:08,埼玉県
「PCスキル不問の一般事務」未経験OK、ブランクも歓迎／若手活躍中のオフィスで働く受付スタッフの募集新着,スタッフ,埼玉県,"月給21万9,000円",正社員,飲食,求人ボックス,https://xn--pckua2a7gp15o89zb.com/jbn/ac7a7ebce42ef6e829a3e7d457446a87,True,2時間前,2026-09-30 05:08:08,埼玉県
IT事務／充実の研修で安心スタート!／デスクワーク／未経験でも安心／高収入新着,...「土日休みで自分の時間を作りたい」そんなあなたの新しいスタートを応援します!。: :。: :。経験や特別なスキルは一切必要ありません。学歴不問で20代・30代を中心に活躍中です!前職が,埼玉県,"月給21万5,500円",正社員,飲食,求人ボックス,https://xn--pckua2a7gp15o89zb.com/jbn/7efd2de7046fc3cf7f5a7404e072e6c3,True,2時間前,2026-09-30 05:08:08,埼玉県
髪色・ネイル自由で「自分らしくリラックスして働く」一般事務新着,飲食,埼玉県,月給23万円～50万円,正社員,飲食,求人ボックス,https://xn--pckua2a7gp15o89zb.com/jbn/21af6c7b8439992a3d15e8bc177a5970,True,1時間前,2026-09-30 05:08:08,埼玉県
特別なスキル一切不問!／カプセルトイのチェックスタッフ／年間休日125日以上／未経験活躍新着,スタッフ,埼玉県,月給28万円～40万円,正社員,飲食,求人ボックス,https://xn--pckua2a7gp15o89zb.com/jbn/e246365f1743448d3dd31eda81ad587a,True,11時間前,2026-09-30 05:08:08,埼玉県
「リモート可」未経験採用枠／営業事務／年間休日125日以上新着,スタッフ,埼玉県,"月給25万1,900円",正社員,飲食,求人ボックス,https://xn--pckua2a7gp15o89zb.com/jbn/782c9b962fb865f8f3c0e9d0dab8aa1a,True,11時間前,2026-09-30 05:08:08,埼玉県
介護職新着,医心館 菊名,神奈川県,"月給30万2,800円",契約社員,介護,求人ボックス,https://xn--pckua2a7gp15o89zb.com/jb/bd43272b03686f96e9d2357ef24e2455,True,10時間前,2026-09-30 05:07:58,神奈川県
介護職新着,医心館 藤沢,神奈川県,"月給30万2,800円",契約社員,介護,求人ボックス,https://xn--pckua2a7gp15o89zb.com/jb/bc996d73171b208a75e04d9ca8d1efe2,True,10時間前,2026-09-30 05:07:59,神奈川県
介護職新着,医心館 金沢文庫,神奈川県,"月給30万2,800円",契約社員,介護,求人ボックス,https://xn--pckua2a7gp15o89zb.com/jb/02b735dbfa50af17932011ae6ded6202,True,10時間前,2026-09-30 05:08:02,神奈川県
介護職新着,イリーゼ横浜仲町台,神奈川県,"月給32万7,200円",正社員,介護,求人ボックス,https://xn--pckua2a7gp15o89zb.com/jb/82b6c46364b83758d1819a95b02b5faf,True,10時間前,2026-09-30 05:08:02,神奈川県
介護職新着,ニチイホーム海老名,神奈川県,"月給25万7,000円",正社員,介護,求人ボックス,https://xn--pckua2a7gp15o89zb.com/jb/8c2e1d8121bb6b6e610cd2be8f1fda57,True,10時間前,2026-09-30 05:08:05,神奈川県
介護職新着,ニチイホーム柿生,神奈川県,"月給25万7,000円",正社員,介護,求人ボックス,https://xn--pckua2a7gp15o89zb.com/jb/22e626c50d9d201290a9c6c118956337,True,10時間前,2026-09-30 05:08:05,神奈川県
介護職新着,ニチイホーム鷺沼,神奈川県,"月給25万7,000円",正社員,介護,求人ボックス,https://xn--pckua2a7gp15o89zb.com/jb/c01a89d4933afbf3c65df0e949aa749f,True,10時間前,2026-09-30 05:08:05,神奈川県
介護職新着,ニチイホーム登戸,神奈川県,"月給25万7,000円",正社員,介護,求人ボックス,https://xn--pckua2a7gp15o89zb.com/jb/12ce4fec9930905ed06bace09bdffa1e,True,10時間前,2026-09-30 05:08:07,神奈川県
介護職新着,医心館 日吉,神奈川県,"月給30万2,800円",契約社員,介護,求人ボックス,https://xn--pckua2a7gp15o89zb.com/jb/289afc7660d818f5049257a706f7e433,True,10時間前,2026-09-30 05:08:07,神奈川県
介護職新着,ニチイホーム戸塚,神奈川県,"月給28万6,500円",正社員,介護,求人ボックス,https://xn--pckua2a7gp15o89zb.com/jb/43a9cf82779f7a2b3e58b8f99b006225,True,10時間前,2026-09-30 05:08:11,神奈川県
介護職新着,ニチイホームセンター北,神奈川県,"月給28万6,500円",正社員,介護,求人ボックス,https://xn--pckua2a7gp15o89zb.com/jb/f4056aa570696c2c81b9191b6a54aa25,True,10時間前,2026-09-30 05:08:11,神奈川県
介護職新着,医心館 東戸塚,神奈川県,"月給30万2,800円",契約社員,介護,求人ボックス,https://xn--pckua2a7gp15o89zb.com/jb/92274b22ff6f09420c6432f488f93432,True,10時間前,2026-09-30 05:08:14,神奈川県
介護職新着,ニチイホーム青葉台,神奈川県,"月給25万7,000円",正社員,介護,求人ボックス,https://xn--pckua2a7gp15o89zb.com/jb/fb878e1ea3c6f7cee9445fe355b08071,True,10時間前,2026-09-30 05:08:17,神奈川県
介護職新着,ニチイホーム仲町台,神奈川県,"月給28万6,500円",正社員,介護,求人ボックス,https://xn--pckua2a7gp15o89zb.com/jb/8ee7b16238248563766abc2d1204c729,True,10時間前,2026-09-30 05:08:17,神奈川県
介護職新着,ニチイホーム仲町台Ⅱ番館,神奈川県,"月給25万7,000円",正社員,介護,求人ボックス,https://xn--pckua2a7gp15o89zb.com/jb/01c69f4f6ad166e61f5cadac29241b8a,True,10時間前,2026-09-30 05:08:21,神奈川県
介護職新着,ニチイホームたまプラーザ,神奈川県,"月給25万7,000円",正社員,介護,求人ボックス,https://xn--pckua2a7gp15o89zb.com/jb/089eaa497c3c6b33fb6ceb270549fd35,True,10時間前,2026-09-30 05:08:21,神奈川県
介護職新着,ニチイホーム上星川,神奈川県,"月給25万7,000円",正社員,介護,求人ボックス,https://xn--pckua2a7gp15o89zb.com/jb/4ad5268a36e54b00fab54c8059493f88,True,10時間前,2026-09-30 05:08:24,神奈川県
介護職新着,ニチイホームはるひ野,神奈川県,"月給28万6,500円",正社員,介護,求人ボックス,https://xn--pckua2a7gp15o89zb.com/jb/a197b702af76972442d8bfdd3842c05c,True,10時間前,2026-09-30 05:08:24,神奈川県
調剤薬局での医療事務／経験歓迎／フリーターOK／昇給あり／シフト制新着,医療事務,神奈川県,"月給20万5,800円",正社員,医療事務,求人ボックス,https://xn--pckua2a7gp15o89zb.com/jbn/e8c3ca2606cfbb1314973bcaa084a6e1,True,2時間前,2026-09-30 05:08:05,神奈川県
調剤薬局での医療事務／経験者可能／フリーターOK／昇給あり／シフト制新着,医療事務,神奈川県,"月給20万5,800円",正社員,医療事務,求人ボックス,https://xn--pckua2a7gp15o89zb.com/jbn/4f27a57c5f2e2605ee090388798f808f,True,2時間前,2026-09-30 05:08:05,神奈川県
調剤薬局での医療事務／経験歓迎／フリーターOK／交通費支給／昇給あり新着,医療事務,神奈川県,"月給20万5,800円",正社員,医療事務,求人ボックス,https://xn--pckua2a7gp15o89zb.com/jbn/0ab77374b9339c741786f8302ff4d750,True,3時間前,2026-09-30 05:08:05,神奈川県
調剤薬局での医療事務／経験OK／フリーター歓迎／シフト制新着,医療事務,神奈川県,"月給20万5,800円",正社員,医療事務,求人ボックス,https://xn--pckua2a7gp15o89zb.com/jbn/a6baf8244d9cea82e6b9dde1872fd4b5,True,3時間前,2026-09-30 05:08:06,神奈川県
医療事務／研修あり!資格取得支援あり新着,株式会社ルフト・メディカルケア,神奈川県,"時給1,600円",派遣社員,医療事務,求人ボックス,https://xn--pckua2a7gp15o89zb.com/jb/013175d4248b020224e06cc5d57fdc9c,True,22時間前,2026-09-30 05:08:06,神奈川県
未経験でも大丈夫!メディカルクラーク・医療事務新着,湘南台西口駅前 かみいし整形外科クリニック,神奈川県,月給24万円～35万円,正社員,医療事務,求人ボックス,https://xn--pckua2a7gp15o89zb.com/jb/900276677219ab963ad7531a1f6ac7c7,True,10時間前,2026-09-30 05:08:10,神奈川県
医療事務新着,美里会 瀬谷ふたつ橋病院,神奈川県,月給20万円～,正社員,医療事務,求人ボックス,https://xn--pckua2a7gp15o89zb.com/jb/62c71a8d0a51d27f1d796781bbaf0934,True,10時間前,2026-09-30 05:08:10,神奈川県
医療事務! 経験者募集 年間休日120日以上!木曜・土曜午後・日曜新着,溝の口脳神経外科クリニック,神奈川県,月給25万円～30万円,正社員,医療事務,求人ボックス,https://xn--pckua2a7gp15o89zb.com/jb/d01d812d51d848b99829433ae36aee09,True,11時間前,2026-09-30 05:08:10,神奈川県
受付なし&患者対応なしの医療事務／駅直結!私服・ネイル自由@みなとみら...新着,トランスコスモス株式会社,神奈川県,"時給1,500円～",契約社員,医療事務,求人ボックス,https://xn--pckua2a7gp15o89zb.com/jb/3ce6df28e548eb977cac827f544feeb5,True,23時間前,2026-09-30 05:08:14,神奈川県
「資格持ってなきゃだめですか?」 「OK 」医療事務を新着,株式会社コトリオ,神奈川県,"時給1,300円～",派遣社員,医療事務,求人ボックス,https://xn--pckua2a7gp15o89zb.com/jb/cc63fc18b747fdfa322a7a190fdad90e,True,15時間前,2026-09-30 05:08:16,神奈川県
受付事務・社会保険完備の職場で医療事務／受付新着,ケセラスキンケアクリニック,神奈川県,"時給1,450円～",正社員,医療事務,求人ボックス,https://xn--pckua2a7gp15o89zb.com/jb/b00483d915e10a3456265280afb9f455,True,7時間前,2026-09-30 05:08:16,神奈川県
川崎市からも東急東横線1本で通いやすい・医療事務職新着,医療,神奈川県,"月給22万8,000円",正社員,医療事務,求人ボックス,https://xn--pckua2a7gp15o89zb.com/jb/6f12fda47790fb638b3a56ae2bf915a0,True,14時間前,2026-09-30 05:08:16,神奈川県
医療事務 残業月平均5時間! 20～30代活躍中新着,株式会社アポテーカ・ジャパン,神奈川県,"月給21万5,000円",正社員,医療事務,求人ボックス,https://xn--pckua2a7gp15o89zb.com/jb/5c6992e3338b15c1ef8b4e117fa0df3b,True,22時間前,2026-09-30 05:08:16,神奈川県
人気の医療事務 無資格未経験OK 20代中心に活躍中新着,株式会社kotrio,神奈川県,月給23万円～,正社員,医療事務,求人ボックス,https://xn--pckua2a7gp15o89zb.com/jb/3aab0eeb647239e88ecbcc0abc58109e,True,15時間前,2026-09-30 05:08:19,神奈川県
メディカルクラーク・社会保険完備の職場で医療事務／受付新着,かみいし整形外科クリニック,神奈川県,月給24万円～35万円,正社員,医療事務,求人ボックス,https://xn--pckua2a7gp15o89zb.com/jb/249caa870cc7e3ad79619ea5b3803617,True,7時間前,2026-09-30 05:08:19,神奈川県
医療事務募集新着,社会医療法人財団互恵会 大船中央病院,神奈川県,"月給21万1,000円",正社員,医療事務,求人ボックス,https://xn--pckua2a7gp15o89zb.com/jb/0ca4a8a7c7f431e8e2f095b7aade5223,True,7時間前,2026-09-30 05:08:19,神奈川県
医療事務募集新着,たまプラーザやまぐち眼科,神奈川県,"月給21万5,000円",正社員,医療事務,求人ボックス,https://xn--pckua2a7gp15o89zb.com/jb/c3cbc368806c8d781f0244612e60075f,True,7時間前,2026-09-30 05:08:22,神奈川県
診療所で医療事務新着,ヒューマンリソシア株式会社,神奈川県,"時給1,650円",派遣社員,医療事務,求人ボックス,https://xn--pckua2a7gp15o89zb.com/jb/c4e6c0ca38600c8c5e0612a786fae65a,True,7時間前,2026-09-30 05:08:22,神奈川県
医療事務／受付・会計・レセプト請求 OJT充実 保育室・食堂あり新着,医療法人鉄蕉会 亀田森の里病院,神奈川県,年収350万円～390万円,正社員,医療事務,求人ボックス,https://xn--pckua2a7gp15o89zb.com/jb/3b0d43e826a744ccb567b401d120797c,True,8時間前,2026-09-30 05:08:22,神奈川県
医療事務／福利厚生充実／アクセス良好、最寄り駅より徒歩6分新着,医療事務,神奈川県,年収240万円～,,医療事務,求人ボックス,https://xn--pckua2a7gp15o89zb.com/jb/2b26384bc0bf5f5311cfe75a49d3f838,True,15時間前,2026-09-30 05:08:25,神奈川県
秘書+ 医療事務新着,株式会社リクルートスタッフィング,神奈川県,"時給1,550円～",派遣社員,医療事務,求人ボックス,https://xn--pckua2a7gp15o89zb.com/jb/67006068512f093d3aa3425febf8b721,True,20時間前,2026-09-30 05:08:25,神奈川県
阪神調剤薬局での調剤事務／経験可能／研修あり／時間外手当支給あり／週休2日制新着,株式会社スギ薬局,神奈川県,"月給20万3,400円",正社員,医療事務,求人ボックス,https://xn--pckua2a7gp15o89zb.com/jbn/97f9a4b46612b8cb3b3460d43f726977,True,2時間前,2026-09-30 05:08:25,神奈川県
受付事務・資格不問「正社員／土日祝休み／年間休日120日／服装自由／ネイルOK」未経験歓迎新着,医療事務,神奈川県,"月給20万7,000円",正社員,医療事務,求人ボックス,https://xn--pckua2a7gp15o89zb.com/jbn/2735883ec005b1646e67e97d82709e12,True,13時間前,2026-09-30 05:08:25,神奈川県
庶務事務・資格不問「正社員／土日祝休み／年間休日120日／服装自由／ネイルOK」未経験歓迎新着,医療事務,神奈川県,"月給21万3,300円",正社員,医療事務,求人ボックス,https://xn--pckua2a7gp15o89zb.com/jbn/fbbd8b42493cbab02cd3d8bfa7a21db4,True,12時間前,2026-09-30 05:08:29,神奈川県
総務事務・資格不問「正社員／土日祝休み／年間休日120日／服装自由／ネイルOK」未経験歓迎新着,医療事務,神奈川県,"月給20万7,900円",正社員,医療事務,求人ボックス,https://xn--pckua2a7gp15o89zb.com/jbn/6da01c625a7faf3702c97fa3f26bfdc4,True,12時間前,2026-09-30 05:08:29,神奈川県
データ入力事務・資格不問「正社員／土日祝休み／年間休日120日／ネイルOK」未経験歓迎新着,事務,神奈川県,"月給20万7,800円",正社員,医療事務,求人ボックス,https://xn--pckua2a7gp15o89zb.com/jbn/e3e7665f1f56c625afc2d393f0721494,True,13時間前,2026-09-30 05:08:29,神奈川県
庶務事務／「正社員・土日祝休み・ネイルOK・残業なし・年間休日120日」未経験OK新着,医療事務,神奈川県,"月給21万4,600円",正社員,医療事務,求人ボックス,https://xn--pckua2a7gp15o89zb.com/jbn/449ed6d23487c2ed4e34e36549a22744,True,12時間前,2026-09-30 05:08:32,神奈川県
総務事務／「正社員・土日祝休み・ネイルOK・残業なし・年間休日120日」未経験OK新着,医療事務,神奈川県,"月給20万7,400円",正社員,医療事務,求人ボックス,https://xn--pckua2a7gp15o89zb.com/jbn/e293f622b00c4c9499b02fbb073cbe14,True,12時間前,2026-09-30 05:08:32,神奈川県
受付事務／「正社員・土日祝休み・ネイルOK・残業なし・年間休日120日」未経験OK新着,医療事務,神奈川県,"月給20万5,500円",正社員,医療事務,求人ボックス,https://xn--pckua2a7gp15o89zb.com/jbn/8b04c835b89a307eb02367e0ce87c7dc,True,13時間前,2026-09-30 05:08:32,神奈川県
一般事務／「正社員・土日祝休み・ネイルOK・残業なし・年間休日120日」未経験OK新着,医療事務,神奈川県,"月給20万7,100円",正社員,医療事務,求人ボックス,https://xn--pckua2a7gp15o89zb.com/jbn/4672d903666b04c70b47a67ec0c558e2,True,13時間前,2026-09-30 05:08:32,神奈川県
星川もえぎ保育園／ブランクOK 認可保育所での保育士新着,特定非営利活動法人育援会,神奈川県,"時給1,445円～1,685円",アルバイト・パート,保育,求人ボックス,https://xn--pckua2a7gp15o89zb.com/jbn/e0794ded632fa2353d466dd2edbf6f8f,True,9時間前,2026-09-30 05:08:12,神奈川県
保育園の保育士／自分のペースで復職しませんか?履歴書不要×ブランク歓迎新着,株式会社ゼフィロス,神奈川県,"時給1,600円～1,800円",派遣社員,保育,求人ボックス,https://xn--pckua2a7gp15o89zb.com/jb/5a0331d7b2fa1e796aa184261af6dec2,True,11時間前,2026-09-30 05:08:13,神奈川県
保育士／町田市常盤町の認可保育園／小田急線「町田駅」、JR横浜線「橋本...新着,セントスタッフ東京支店,神奈川県,"時給1,230円",アルバイト・パート,保育,求人ボックス,https://xn--pckua2a7gp15o89zb.com/jb/95dd435cae55ad778d33a36b8f1d25f7,True,6時間前,2026-09-30 05:08:16,神奈川県
児童発達支援での保育士新着,株式会社HAPPY SMILE てらぴぁぽけっと...,神奈川県,"月給21万5,000円",正社員,保育,求人ボックス,https://xn--pckua2a7gp15o89zb.com/jb/732685355526ba89f19cd5846d12beff,True,10時間前,2026-09-30 05:08:16,神奈川県
児童発達支援での保育士新着,株式会社メディカルアーツ ホップステップ岸根公園校,神奈川県,月給28万円～31万,正社員,保育,求人ボックス,https://xn--pckua2a7gp15o89zb.com/jb/df653a054fa0aeff649cee9ace6e6144,True,10時間前,2026-09-30 05:08:16,神奈川県
児童発達支援・放課後デイサービスでの保育士新着,合同会社BUDDYLIFE 放課後等デイサービス...,神奈川県,月給25万円～35万円,正社員,保育,求人ボックス,https://xn--pckua2a7gp15o89zb.com/jb/734943a95f4895993cd1c88859b627a4,True,10時間前,2026-09-30 05:08:16,神奈川県
保育士補助新着,木下の保育園 センター南,神奈川県,"時給1,400円～1,600円",アルバイト・パート,保育,求人ボックス,https://xn--pckua2a7gp15o89zb.com/jb/d019d49fe4ac20908745bda0136006c9,True,11時間前,2026-09-30 05:08:19,神奈川県
放課後デイサービスでの保育士新着,株式会社メディカルアーツ ホップステップ放課後等...,神奈川県,月給28万円～31万,正社員,保育,求人ボックス,https://xn--pckua2a7gp15o89zb.com/jb/435c9cae328085f41d75554f9a1af605,True,10時間前,2026-09-30 05:08:23,神奈川県
保育士 年間休日120日以上／借上社宅制度あり／駅から徒歩5分以内新着,保育,神奈川県,月給24万円,正社員,保育,求人ボックス,https://xn--pckua2a7gp15o89zb.com/jbn/d5f9da70516b5b64cd440769aba73a0a,True,16時間前,2026-09-30 05:08:25,神奈川県
認可保育園で保育士補助新着,株式会社ビッグアビリティ,神奈川県,"時給1,500円",派遣社員,保育,求人ボックス,https://xn--pckua2a7gp15o89zb.com/jb/90847f94a3cecc814e774f8a56f4eee7,True,16時間前,2026-09-30 05:08:25,神奈川県
社会保険完備の職場で保育士新着,ベストキッズ秦野保育園,神奈川県,"時給1,400円～1,600円",アルバイト・パート,保育,求人ボックス,https://xn--pckua2a7gp15o89zb.com/jb/8711fc6768ede518691ecc6f832543f7,True,7時間前,2026-09-30 05:08:29,神奈川県
保育士／私立認可保育園／リトルスカラー妙蓮寺保育園新着,株式会社アスカ,神奈川県,"時給1,600円",派遣社員,保育,求人ボックス,https://xn--pckua2a7gp15o89zb.com/jb/b1cf3cb5aa0be2a5b4c75ad54b6057d9,True,7時間前,2026-09-30 05:08:29,神奈川県
社会保険完備の職場で保育士新着,ベストキッズ相武台保育園,神奈川県,"時給1,400円～1,600円",アルバイト・パート,保育,求人ボックス,https://xn--pckua2a7gp15o89zb.com/jb/19dc3b60a160761b33fa88e0166c8743,True,7時間前,2026-09-30 05:08:32,神奈川県
笑顔あふれる職場で働きたい保育士さん@日払OK新着,株式会社コトリオ,神奈川県,"時給1,400円～",派遣社員,保育,求人ボックス,https://xn--pckua2a7gp15o89zb.com/jb/80ac3b0f67ff0d3ace6c516880ebadaf,True,15時間前,2026-09-30 05:08:32,神奈川県
社会保険完備の職場で保育士新着,放課後等デイサービス 夢門塾 海老名,神奈川県,"時給1,380円～1,430円",アルバイト・パート,保育,求人ボックス,https://xn--pckua2a7gp15o89zb.com/jb/ef1e453d2ae4e9a456533b9aecdbef8b,True,7時間前,2026-09-30 05:08:32,神奈川県
保育士募集・ボーナス・賞与あり新着,つづきポピー仲町台園,神奈川県,"月給19万5,000円",正社員,保育,求人ボックス,https://xn--pckua2a7gp15o89zb.com/jb/1c07b700aac9c643c908680664eb6964,True,7時間前,2026-09-30 05:08:37,神奈川県
保育士／私立認可保育園／橋本中央保育園新着,特定非営利活動法人神奈川県児童福祉協議会,神奈川県児童福祉協議会,月給20万円～26万,正社員,保育,求人ボックス,https://xn--pckua2a7gp15o89zb.com/jb/4e97956ed9dadb037e1781558811b50f,True,5時間前,2026-09-30 05:08:37,神奈川県
保育士・社会保険完備の職場で保育士新着,放課後等デイサービス 夢門塾 二宮,神奈川県,"時給1,380円～1,430円",アルバイト・パート,保育,求人ボックス,https://xn--pckua2a7gp15o89zb.com/jb/7bffc1147d51e0e19f0e93dcb8a471ab,True,7時間前,2026-09-30 05:08:37,神奈川県
保育教諭・保育士募集・ボーナス・賞与あり新着,山王保育園,神奈川県,"月給21万7,600円",正社員,保育,求人ボックス,https://xn--pckua2a7gp15o89zb.com/jb/93847689724337989903572653a8bb1c,True,7時間前,2026-09-30 05:08:40,神奈川県
保育士／小規模保育園／パナマリア保育園 弘明寺園新着,パナマリア株式会社,神奈川県,月給23万円,正社員,保育,求人ボックス,https://xn--pckua2a7gp15o89zb.com/jb/9ad2a78052aa7167b86a58354c14fb89,True,5時間前,2026-09-30 05:08:40,神奈川県
「ヘアカットに特化して活躍できる美容師」／月3日希望休あり新着,QBハウスMEGAドン・キホーテUNY座間,神奈川県,月給30万円～47万,正社員,美容,求人ボックス,https://xn--pckua2a7gp15o89zb.com/jbn/30ba62de12e541e1c577888cd472578a,True,2時間前,2026-09-30 05:08:28,神奈川県
「集客業務なし、お客様対応に集中できる環境／美容師」／地域手当あり新着,QBハウスBeans武蔵中原,神奈川県,月給30万円～47万,正社員,美容,求人ボックス,https://xn--pckua2a7gp15o89zb.com/jbn/ccc7fcc3a3c3906c964c4b0325e2dc52,True,3時間前,2026-09-30 05:08:28,神奈川県
「東証プライム上場企業で安定収入の美容師」／元訪問美容スタッフ活躍中新着,QBハウスラゾーナ川崎プラザ,神奈川県,月給30万円～47万,正社員,美容,求人ボックス,https://xn--pckua2a7gp15o89zb.com/jbn/75206430ef732665e3fa4470e4f4d347,True,2時間前,2026-09-30 05:08:29,神奈川県
「ヘアカットに特化して活躍できる美容師」／地域手当あり／有休取得率80...新着,QBハウス京急横浜駅北口,神奈川県,月給30万円～47万,正社員,美容,求人ボックス,https://xn--pckua2a7gp15o89zb.com/jbn/7f5a944ed2bde860e403e430f30f4a98,True,3時間前,2026-09-30 05:08:29,神奈川県
「手荒れ・水仕事なしのカット専門美容師／スタイリスト」／急募新着,QBハウスラスカ平塚南館,神奈川県,月給30万円～47万,正社員,美容,求人ボックス,https://xn--pckua2a7gp15o89zb.com/jbn/94a0ddff61f01dbb3167e1e5f3157277,True,3時間前,2026-09-30 05:08:29,神奈川県
「ヘアカットに特化して活躍できる理容師・美容師」／研修あり新着,QBHOUSE／ロジスカットスクール東京校,神奈川県,月給25万500円,正社員,美容,求人ボックス,https://xn--pckua2a7gp15o89zb.com/jbn/a3714f070f2579ab9067d670e9b8430e,True,2時間前,2026-09-30 05:08:29,神奈川県
スタイリスト／美容師有給消化率91%!プライベートも充実、キャリアアッ...新着,株式会社ハクブン,神奈川県,月給24万円～40万円,正社員,美容,求人ボックス,https://xn--pckua2a7gp15o89zb.com/jb/935801abe18776a29eeb59f860803a06,True,11時間前,2026-09-30 05:08:29,神奈川県
月給30万～／未経験採用枠／研修充実／Tiktok運用エンジニア新着,ナナイロモバイル株式会社,神奈川県,月給30万～,正社員,美容,求人ボックス,https://xn--pckua2a7gp15o89zb.com/jbn/21c3263ba2a1d14aa153ea8a3266466f,True,11時間前,2026-09-30 05:08:32,神奈川県
「新生活デビュー応援!」未経験採用枠／カプセルトイ製造スタッフ／プライベート充実新着,AQUARIUS株式会社,神奈川県,月給28万円～50万円,正社員,美容,求人ボックス,https://xn--pckua2a7gp15o89zb.com/jbn/9cf77bcac1e566fdfa67b6ad66da43cd,True,12時間前,2026-09-30 05:08:32,神奈川県
「新生活デビュー応援!」未経験採用枠／カプセルトイ製造スタッフ／年間休日125日以上新着,Yts株式会社,神奈川県,月給28万円～50万円,正社員,美容,求人ボックス,https://xn--pckua2a7gp15o89zb.com/jbn/bfb6e97e0c9e44b9b6a2f151ebe7227c,True,12時間前,2026-09-30 05:08:32,神奈川県
「まだ間に合う!」未経験採用枠／ガチャガチャ製造／年間休日125日以上新着,株式会社RIOT,神奈川県,月給28万円～50万円,正社員,美容,求人ボックス,https://xn--pckua2a7gp15o89zb.com/jbn/ad0005f49c1e8148ab1611ebe3753356,True,12時間前,2026-09-30 05:08:32,神奈川県
「最短でスピード内定!」未経験採用枠／システムエンジニア／寮・社宅・家賃補助あり新着,株式会社alBee,神奈川県,月給27万円～39万円,正社員,美容,求人ボックス,https://xn--pckua2a7gp15o89zb.com/jbn/a2b3ffd560d587f9d583dc61771887c0,True,11時間前,2026-09-30 05:08:32,神奈川県
「新生活デビュー応援!」未経験採用枠／ガチャガチャ製造／寮・社宅・家賃補助あり新着,株式会社小林,神奈川県,月給28万円～50万円,正社員,美容,求人ボックス,https://xn--pckua2a7gp15o89zb.com/jbn/ac2afbbe320779973511cbdae43ff1ff,True,12時間前,2026-09-30 05:08:35,神奈川県
フルリモート／未経験可／データ入力／年休125日以上新着,職種・業界未経験歓迎→大体の方が未経験からスタートしてます! 前職は様々→飲食店、,神奈川県,"月給22万7,700円",正社員,美容,求人ボックス,https://xn--pckua2a7gp15o89zb.com/jbn/9d0268dfe4f672685055d1e03ebe8937,True,12時間前,2026-09-30 05:08:35,神奈川県
「昇給・賞与あり」／総務事務／社会保険完備／コツコツ作業「正社員」新着,...特別な経験や資格は必要ありません。あなたの「変わりたい」気持ちを大切にします  こんな変化を実感できます[前]不規則な休みで友人と予定が合わない…[後]固定休みで自分の時間を満喫!カフェ店員、,神奈川県,月給22万500円,正社員,美容,求人ボックス,https://xn--pckua2a7gp15o89zb.com/jbn/d3a0ece4f5c68e80c41090186703993b,True,2時間前,2026-09-30 05:08:38,神奈川県
フルリモート／未経験可／一般事務／年休125日以上新着,職種・業界未経験歓迎→大体の方が未経験からスタートしてます! 前職は様々→飲食店、,神奈川県,"月給25万2,200円",正社員,美容,求人ボックス,https://xn--pckua2a7gp15o89zb.com/jbn/69ae3c8c7df2fd099c346d3a5e0781bc,True,12時間前,2026-09-30 05:08:38,神奈川県
完全在宅／一般事務／未経験OK／完全土日休み新着,飲食店、,神奈川県,"月給27万1,900円",正社員,美容,求人ボックス,https://xn--pckua2a7gp15o89zb.com/jbn/9cf8f3fec9932763226a1c8f8583d8e7,True,12時間前,2026-09-30 05:08:38,神奈川県
完全在宅／データ入力／高収入／完全土日休み新着,飲食店、,神奈川県,"月給27万2,900円",正社員,美容,求人ボックス,https://xn--pckua2a7gp15o89zb.com/jbn/2fceeaa1b5f0b513cc4a38df7be878dd,True,11時間前,2026-09-30 05:08:42,神奈川県
フルリモート／データ入力／高収入／完全週休2日新着,飲食店、,神奈川県,月給27万600円,正社員,美容,求人ボックス,https://xn--pckua2a7gp15o89zb.com/jbn/f8ab8384195a58fdee63c989650db96a,True,12時間前,2026-09-30 05:08:42,神奈川県
「土日祝休み」／総務事務／学歴不問／コツコツ作業「正社員」新着,...特別な経験や資格は必要ありません。あなたの「変わりたい」気持ちを大切にします  こんな変化を実感できます[前]不規則な休みで友人と予定が合わない…[後]固定休みで自分の時間を満喫!カフェ店員、,神奈川県,月給22万500円,正社員,美容,求人ボックス,https://xn--pckua2a7gp15o89zb.com/jbn/35010ee6172324c946dee3dc3bf413ef,True,2時間前,2026-09-30 05:08:46,神奈川県
完全在宅／データ入力／未経験OK／完全土日休み新着,飲食店、,神奈川県,月給27万600円,正社員,美容,求人ボックス,https://xn--pckua2a7gp15o89zb.com/jbn/0a7f47d5b7b3c286d63c212e96d4435b,True,12時間前,2026-09-30 05:08:46,神奈川県
完全在宅／事務／高収入／月給27万～新着,飲食店、,神奈川県,月給27万～,正社員,美容,求人ボックス,https://xn--pckua2a7gp15o89zb.com/jbn/b9c9ceead863b6e0e5a7578a721413c0,True,11時間前,2026-09-30 05:08:46,神奈川県
フルリモート／データ入力／未経験OK／完全週休2日新着,飲食店、,神奈川県,月給27万800円,正社員,美容,求人ボックス,https://xn--pckua2a7gp15o89zb.com/jbn/89280d108e5a39aeafb277780910a601,True,12時間前,2026-09-30 05:08:46,神奈川県
完全在宅／一般事務／高収入／フレックス出社可新着,飲食店、,神奈川県,月給27万800円,正社員,美容,求人ボックス,https://xn--pckua2a7gp15o89zb.com/jbn/fa10b5ae81a534234630bc28907b93bd,True,12時間前,2026-09-30 05:08:46,神奈川県
フルリモート／データ入力／高収入／年間休日123日新着,飲食店、,神奈川県,"月給27万1,300円",正社員,美容,求人ボックス,https://xn--pckua2a7gp15o89zb.com/jbn/386646456cd40d00860a1e1a1b9250fa,True,11時間前,2026-09-30 05:08:49,神奈川県
完全在宅／事務／高収入／フレックス出社可新着,飲食店、,神奈川県,"月給27万3,100円",正社員,美容,求人ボックス,https://xn--pckua2a7gp15o89zb.com/jbn/1ac6e0980c2df4b60efc4fe0aa35a9aa,True,11時間前,2026-09-30 05:08:49,神奈川県
リモート勤務／一般事務／高収入／月給27万～新着,飲食店、,神奈川県,月給27万～,正社員,美容,求人ボックス,https://xn--pckua2a7gp15o89zb.com/jbn/c7beb81f72ab115f021f7cd5302efe2e,True,11時間前,2026-09-30 05:08:49,神奈川県
完全在宅／一般事務／高収入／完全土日休み新着,飲食店、,神奈川県,"月給27万3,100円",正社員,美容,求人ボックス,https://xn--pckua2a7gp15o89zb.com/jbn/bc8049875fd07514e62337c879216303,True,11時間前,2026-09-30 05:08:49,神奈川県
完全在宅／事務／未経験OK／年間休日123日新着,飲食店、,神奈川県,月給27万200円,正社員,美容,求人ボックス,https://xn--pckua2a7gp15o89zb.com/jbn/d2b4c9c5bea644f4926a0616bb93bf43,True,12時間前,2026-09-30 05:08:53,神奈川県
フルリモート／一般事務／未経験OK／フレックス出社可新着,飲食店、,神奈川県,"月給27万3,900円",正社員,美容,求人ボックス,https://xn--pckua2a7gp15o89zb.com/jbn/28a44c9893f2738ca65f1a7a7245daba,True,11時間前,2026-09-30 05:08:53,神奈川県
完全在宅／一般事務／高収入／月給27万～新着,飲食店、,神奈川県,月給27万～,正社員,美容,求人ボックス,https://xn--pckua2a7gp15o89zb.com/jbn/7faed9972f6d622e74e1d0f0e376ed3a,True,11時間前,2026-09-30 05:08:53,神奈川県
「転勤なし」／一般事務／WEB面接可能／産休・育休あり「正社員」新着,...原則定時退社だからお仕事後のプライベートが超充実 ギスギスした雰囲気とは無縁の、何でも相談しやすい環境<元接客・販売スタッフが多数在籍!>コンビニ夜勤、ホテルフロント、居酒屋、アパレル、,神奈川県,月給22万500円,正社員,美容,求人ボックス,https://xn--pckua2a7gp15o89zb.com/jbn/47a66e17a6bd023aea0509b006436812,True,2時間前,2026-09-30 05:08:55,神奈川県
「プライベート充実」／事務・受付スタッフ／学歴不問／高給与「正社員」新着,...原則定時退社だからお仕事後のプライベートが超充実 ギスギスした雰囲気とは無縁の、何でも相談しやすい環境<元接客・販売スタッフが多数在籍!>コンビニ夜勤、ホテルフロント、居酒屋、アパレル、,神奈川県,月給22万500円,正社員,美容,求人ボックス,https://xn--pckua2a7gp15o89zb.com/jbn/56be064334d9a580c4f7fe890602c284,True,2時間前,2026-09-30 05:08:55,神奈川県
完全在宅／一般事務／未経験OK／フレックス出社可新着,飲食店、,神奈川県,"月給27万2,900円",正社員,美容,求人ボックス,https://xn--pckua2a7gp15o89zb.com/jbn/28303b829ab3c91d5ee1d52cdb418cf0,True,12時間前,2026-09-30 05:08:55,神奈川県
送電線鉄塔の建設作業員新着,中林建設株式会社,神奈川県,月給24万円～48万円,正社員,建設,求人ボックス,https://xn--pckua2a7gp15o89zb.com/jb/939565aaefb7ee41cbbb0908cba32bd5,True,18時間前,2026-09-30 05:08:37,神奈川県
建築施工管理補助 福利厚生充実 未経験歓迎新着,大河原建設株式会社,神奈川県,月給25万円～35万円,正社員,建設,求人ボックス,https://xn--pckua2a7gp15o89zb.com/jb/eef1e1f7a58c15c4fdf0c460ba35c6ee,True,18時間前,2026-09-30 05:08:37,神奈川県
浄水場のろ過材入れ替え工事スタッフ／未経験OK新着,相模原中央営業所,神奈川県,"日給1万2,800円",アルバイト・パート,建設,求人ボックス,https://xn--pckua2a7gp15o89zb.com/jb/85b13b39678792cc2c05748bf1ce4230,True,12時間前,2026-09-30 05:08:37,神奈川県
熱交換機・圧縮機の機械組立／工業系卒歓迎／年間休日125日／定年なし／男女活躍新着,アネックス・ジャパン株式会社,神奈川県,"時給1,900円～",派遣社員,建設,求人ボックス,https://xn--pckua2a7gp15o89zb.com/jbn/70cc863025e139ab62842c449f6355cf,True,2時間前,2026-09-30 05:08:37,神奈川県
未経験からでもできる建築施工管理補助業務新着,株式会社ミック,神奈川県,"月給21万5,000円",正社員,建設,求人ボックス,https://xn--pckua2a7gp15o89zb.com/jb/c6521fb681772a12a576cc33a5fba968,True,4時間前,2026-09-30 05:08:37,神奈川県
電気工事施工管理 人間関係の良さが魅力の職場環境新着,株式会社ヤマスズ,神奈川県,月給25万円～45万円,正社員,建設,求人ボックス,https://xn--pckua2a7gp15o89zb.com/jb/64d7ede6d5df6f0a4e53c30e5fdfaea5,True,9時間前,2026-09-30 05:08:37,神奈川県
現場管理 経験者限定 寮完備 全国拠点新着,株式会社GS STAFF,神奈川県,"月給35万1,500円",派遣社員,建設,求人ボックス,https://xn--pckua2a7gp15o89zb.com/jb/8cdcd9cdd0a6b1c20e6935635a94a8c4,True,4時間前,2026-09-30 05:08:37,神奈川県
経験が活かせる土木工事現場作業員新着,株式会社大相建設,神奈川県,月給26万円～40万円,正社員,建設,求人ボックス,https://xn--pckua2a7gp15o89zb.com/jb/1246bea272821068e453a26bdb948237,True,4時間前,2026-09-30 05:08:37,神奈川県
経験を活かせるビル管理業務新着,株式会社小川組,神奈川県,月給23万円～35万円,正社員,建設,求人ボックス,https://xn--pckua2a7gp15o89zb.com/jb/98388371a4bf879f7bc714fa97fb8f0a,True,4時間前,2026-09-30 05:08:37,神奈川県
タクシー運転手「週3勤務」資格取得支援あり／月収40万円以上／安定収入／転職回数不問新着,...以下のような経験をお持ちの方は特に歓迎します。・軽貨物ドライバー・ルート配送スタッフ・宅配ドライバー・タクシー運転手・大型トラックドライバー・フォークリフトオペレーター・,神奈川県,"月給45万8,000円",正社員,建設,求人ボックス,https://xn--pckua2a7gp15o89zb.com/jbn/d1fb9ffe7840241d9e450d55b1a58f0a,True,13時間前,2026-09-30 05:08:37,神奈川県
タクシードライバー／週3勤務／学歴不問／1年目月収50万以上／賞与年2回新着,建設・,神奈川県,"月給45万8,000円",正社員,建設,求人ボックス,https://xn--pckua2a7gp15o89zb.com/jbn/6fdfbefd58ebb99c42a64d41729266c8,True,13時間前,2026-09-30 05:08:37,神奈川県
「二種免許不要・週3勤務・タクシー運転手」研修あり／賞与あり／アルファード送迎新着,作業,神奈川県,"月給40万7,900円",正社員,建設,求人ボックス,https://xn--pckua2a7gp15o89zb.com/jbn/bdee543a1c1591ba78a384dadadd1785,True,14時間前,2026-09-30 05:08:37,神奈川県
舗装工事のモノレール仮設・撤去作業員新着,内田産業株式会社,神奈川県,月給25万円～34万円,正社員,建設,求人ボックス,https://xn--pckua2a7gp15o89zb.com/jb/5768790ebd7c6a6e60472ec3b72baa80,True,4時間前,2026-09-30 05:08:37,神奈川県
経験が活かせる内装施工管理新着,株式会社コントラフト,神奈川県,月給32万円～52万円,正社員,建設,求人ボックス,https://xn--pckua2a7gp15o89zb.com/jb/2ce66e07da60a36df29212ab3927cbee,True,4時間前,2026-09-30 05:08:37,神奈川県
未経験からでもできる雑工の軽作業スタッフ新着,アイワ株式会社,神奈川県,月給25万円～45万円,正社員,建設,求人ボックス,https://xn--pckua2a7gp15o89zb.com/jb/03250fa6cd046b94339a846debb941ce,True,4時間前,2026-09-30 05:08:37,神奈川県
未経験からでもできる土木作業員新着,株式会社澤田組,神奈川県,月給35万円～53万円,正社員,建設,求人ボックス,https://xn--pckua2a7gp15o89zb.com/jb/3f7087a1c57a8f4d17b99bfe42d986a4,True,4時間前,2026-09-30 05:08:37,神奈川県
鉄道関連工事の施工管理業務新着,株式会社ファーストビルト,神奈川県,月給30万円～51万,正社員,建設,求人ボックス,https://xn--pckua2a7gp15o89zb.com/jb/4ecbf8436ddfbc6eb292bef742f7c507,True,4時間前,2026-09-30 05:08:37,神奈川県
「VIP送迎もあり」夜勤タクシードライバー／年収600万円以上／賞与年2回新着,建設・,神奈川県,"月給45万9,400円",正社員,建設,求人ボックス,https://xn--pckua2a7gp15o89zb.com/jbn/6227522ded013781edb763ef8f6fac28,True,13時間前,2026-09-30 05:08:37,神奈川県
夜勤タクシードライバー／未経験スタートOK／年2回のボーナス支給あり／資格取得支援制度あり新着,作業,神奈川県,月給46万円～65万,正社員,建設,求人ボックス,https://xn--pckua2a7gp15o89zb.com/jbn/492c1c30bb05bc4fa23fa8d45dd401d6,True,13時間前,2026-09-30 05:08:37,神奈川県
「未経験歓迎」タクシードライバー／月収50万円以上可／退職金制度あり新着,...以下のような経験をお持ちの方は特に歓迎します。・軽貨物ドライバー・ルート配送スタッフ・宅配ドライバー・タクシー運転手・大型トラックドライバー・フォークリフトオペレーター・,神奈川県,"月給40万6,000円",正社員,建設,求人ボックス,https://xn--pckua2a7gp15o89zb.com/jbn/745161f1e17071064c9e50ac53b101fa,True,14時間前,2026-09-30 05:08:38,神奈川県
「正社員」週3勤務のタクシードライバー／未経験者活躍中／年収500万円以上可能／土日祝休み取得可新着,建設・,神奈川県,"月給40万8,400円",正社員,建設,求人ボックス,https://xn--pckua2a7gp15o89zb.com/jbn/b08dfe800f8aa48c626a6d6e5eb1885c,True,14時間前,2026-09-30 05:08:38,神奈川県
「夜勤で稼げる」タクシードライバー／普通免許のみOK／年収600万円以上可／賞与年2回新着,...以下のような経験をお持ちの方は特に歓迎します。・軽貨物ドライバー・ルート配送スタッフ・宅配ドライバー・タクシー運転手・大型トラックドライバー・フォークリフトオペレーター・,神奈川県,"月給40万6,000円",正社員,建設,求人ボックス,https://xn--pckua2a7gp15o89zb.com/jbn/172dd5bf1668dea0bf617c0edb7337d5,True,14時間前,2026-09-30 05:08:38,神奈川県
月給30万円以上／土日祝休み&残業ほぼ無／寮有新着,シムラグループ,神奈川県,月給30万円,正社員,建設,求人ボックス,https://xn--pckua2a7gp15o89zb.com/jb/7a4ee29636242b43163a9fb647c589af,True,11時間前,2026-09-30 05:08:38,神奈川県
未経験からでもできる設備工事作業員の配管工事スタッフ新着,株式会社金子工業所,神奈川県,月給20万円～35万円,正社員,建設,求人ボックス,https://xn--pckua2a7gp15o89zb.com/jb/b09291e3e7e45a8f7a5256ae38093dd7,True,4時間前,2026-09-30 05:08:38,神奈川県
未経験からでもできる建築施工管理補助新着,大木建設株式会社,神奈川県,月給25万円～50万円,正社員,建設,求人ボックス,https://xn--pckua2a7gp15o89zb.com/jb/959369f19912f36555baea0525901257,True,4時間前,2026-09-30 05:08:38,神奈川県
未経験からでもできる設備施工管理補助新着,品川ロコー株式会社,神奈川県,月給21万円～26万,正社員,建設,求人ボックス,https://xn--pckua2a7gp15o89zb.com/jb/6fd9a10965ef44e284e34c2172385a39,True,4時間前,2026-09-30 05:08:38,神奈川県
経験が活かせるプラント施工管理新着,三進工業株式会社,神奈川県,月給20万円～27万円,正社員,建設,求人ボックス,https://xn--pckua2a7gp15o89zb.com/jb/5ebfd57bc16c116d43bbd755c8478f57,True,4時間前,2026-09-30 05:08:41,神奈川県
経験が活かせる土木工事作業員新着,伊東建設株式会社,神奈川県,"月給25万2,000円",正社員,建設,求人ボックス,https://xn--pckua2a7gp15o89zb.com/jb/01a74ce262b5e5d33029b201ef724bef,True,4時間前,2026-09-30 05:08:41,神奈川県
経験が活かせるフォークリフトを使用したエクステリア専門商社の商品管理新着,株式会社サングリーン,神奈川県,"月給24万2,857円",正社員,建設,求人ボックス,https://xn--pckua2a7gp15o89zb.com/jb/4714a216a086ed7b6acf606aff70dbb3,True,4時間前,2026-09-30 05:08:41,神奈川県
経験を活かせるマンション改修工事等の施工管理職新着,日塗株式会社,神奈川県,月給20万円～42万円,正社員,建設,求人ボックス,https://xn--pckua2a7gp15o89zb.com/jb/02b164366166a45686eb76b3833db217,True,4時間前,2026-09-30 05:08:41,神奈川県
経験が活かせる建築施工管理新着,株式会社三木組,神奈川県,"月給26万5,000円",正社員,建設,求人ボックス,https://xn--pckua2a7gp15o89zb.com/jb/5321f2c8b7dc8736561b9c535f45be8e,True,4時間前,2026-09-30 05:08:41,神奈川県
建築プロジェクトマネジメント／最新テクノロジーを駆使して確固たる技術が身に付く!／完全未経験OK!新着,株式会社テクノプロ・コンストラクション,神奈川県,月給21万円～29万円,正社員,建設,求人ボックス,https://xn--pckua2a7gp15o89zb.com/jbn/5eeb0619a5cbb74db85a26236034c879,True,11時間前,2026-09-30 05:08:41,神奈川県
空調設備の施工スタッフ 基本残業なし 未経験OK 資格取得支援あり新着,株式会社プラスワイシステム,神奈川県,月給30万円～40万円,正社員,建設,求人ボックス,https://xn--pckua2a7gp15o89zb.com/jb/f688fb1854c0531570443c87fcbc8006,True,4時間前,2026-09-30 05:08:41,神奈川県
経験が活かせる建築現場構内作業員新着,株式会社エルライン,神奈川県,月給18万円～38万円,正社員,建設,求人ボックス,https://xn--pckua2a7gp15o89zb.com/jb/9cffeb4539fcfcc53d4c79e79fbc3024,True,4時間前,2026-09-30 05:08:43,神奈川県
未経験からでもできる設備工事補助業務の消火設備工事新着,紘永工業株式会社,神奈川県,月給22万円～42万円,正社員,建設,求人ボックス,https://xn--pckua2a7gp15o89zb.com/jb/32bb06a9fb1f45d0f7beaf2680d7e5f9,True,4時間前,2026-09-30 05:08:43,神奈川県
未経験からでもできる土木工事補助業務新着,金城重機株式会社,神奈川県,月給25万円～45万円,正社員,建設,求人ボックス,https://xn--pckua2a7gp15o89zb.com/jb/a8ccb2e042d855bb212a6ff2766a58a6,True,4時間前,2026-09-30 05:08:43,神奈川県
経験が活かせる土木工事作業員の土木作業員新着,株式会社アコック,神奈川県,月給21万円～35万,正社員,建設,求人ボックス,https://xn--pckua2a7gp15o89zb.com/jb/1cb00e9d60d4779fb0cccba313ab422b,True,4時間前,2026-09-30 05:08:43,神奈川県
経験が活かせる土木工事の現場作業員新着,株式会社森興業,神奈川県,月給22万円～27万円,正社員,建設,求人ボックス,https://xn--pckua2a7gp15o89zb.com/jb/34c9ce931d9d4e52a68c3be2c356f41a,True,4時間前,2026-09-30 05:08:43,神奈川県
未経験からでもできる内装工事補助業務新着,横浜塗装工業株式会社,神奈川県,月給27万円～47万円,正社員,建設,求人ボックス,https://xn--pckua2a7gp15o89zb.com/jb/368c9e2d02b8fac3f00a93db1ff66b70,True,4時間前,2026-09-30 05:08:43,神奈川県
未経験からでもできるガラス職人新着,有限会社東島ガラス,神奈川県,"月給32万5,000円",正社員,建設,求人ボックス,https://xn--pckua2a7gp15o89zb.com/jb/ca227357f3a2643bc4f5c3e76804ab0f,True,4時間前,2026-09-30 05:08:43,神奈川県
未経験OK 環境工事会社の事務・土日祝休み 17:00終業でほぼ残業なし新着,令和環境株式会社,神奈川県,月給22万円～25万円,正社員,建設,求人ボックス,https://xn--pckua2a7gp15o89zb.com/jb/330ec9d127aba937aa08b9739de2b058,True,4時間前,2026-09-30 05:08:46,神奈川県
公共建設事業での発注者支援業務／施工管理／資料作成「神奈川」新着,株式会社都市整備技術研究所,神奈川県,月給40万円,正社員,建設,求人ボックス,https://xn--pckua2a7gp15o89zb.com/jb/ed15f81f5d29219649d1618c2c44f1b3,True,13時間前,2026-09-30 05:08:46,神奈川県
未経験からでもできる施工管理補助新着,横浜鉄工建設株式会社,神奈川県,月給24万円～44万円,正社員,建設,求人ボックス,https://xn--pckua2a7gp15o89zb.com/jb/78e7ad100212c58d8bcc999c0e472f80,True,4時間前,2026-09-30 05:08:46,神奈川県
経験が活かせる土木現場作業員新着,株式会社エー・ワン,神奈川県,"月給24万4,200円",正社員,建設,求人ボックス,https://xn--pckua2a7gp15o89zb.com/jb/eaf76cf0f9e3964d882ad408b06b21cd,True,4時間前,2026-09-30 05:08:46,神奈川県
生活スタイルに合わせて働ける究極形新着,栄光プロテック株式会社,神奈川県,"日給9,808円～",アルバイト・パート,建設,求人ボックス,https://xn--pckua2a7gp15o89zb.com/jb/443206a0aea6f8f2523f27c6fc650f64,True,4時間前,2026-09-30 05:08:46,神奈川県
酒類の宅配ドライバー新着,株式会社UDエクスプレス,神奈川県,"日給1万8,000円",,建設,求人ボックス,https://xn--pckua2a7gp15o89zb.com/jb/b0a0a13ae03d9f1df0ec8ac6ebb45c82,True,23時間前,2026-09-30 05:08:46,神奈川県
警備員／RIZON警備株式会社新着,株式会社第二章,神奈川県,"日給1万3,000円",アルバイト・パート,建設,求人ボックス,https://xn--pckua2a7gp15o89zb.com/jb/71a96258273323b32db75c7ac768990e,True,2時間前,2026-09-30 05:08:46,神奈川県
建築・建設・土木作業、躯体工事関連新着,有限会社中村組,神奈川県,"日給1万8,000円",正社員,建設,求人ボックス,https://xn--pckua2a7gp15o89zb.com/jb/c9397d2f3ce4ae33435f8a41db0f5a52,True,8時間前,2026-09-30 05:08:50,神奈川県
住宅資材専門商社のご提案営業新着,和以美株式会社,神奈川県,"月給33万5,000円",正社員,建設,求人ボックス,https://xn--pckua2a7gp15o89zb.com/jb/fa38bbcd7e846aeac681d763f41d2112,True,14時間前,2026-09-30 05:08:50,神奈川県
マンション管理員新着,大和ライフネクスト株式会社,神奈川県,"月給22万1,000円",正社員,建設,求人ボックス,https://xn--pckua2a7gp15o89zb.com/jb/351fc391be69218b2bdd1a6e6385a807,True,22時間前,2026-09-30 05:08:50,神奈川県
2027 新卒採用 不動産新着,ウスイホーム株式会社,神奈川県,月給25万500円,正社員,建設,求人ボックス,https://xn--pckua2a7gp15o89zb.com/jb/980f1abae8e046ee3099edba786ea0ef,True,18時間前,2026-09-30 05:08:50,神奈川県
CADオペレーター:／国内外の陸上・海上風力発電工事において確かな実績新着,各種プラント,神奈川県,,正社員,建設,求人ボックス,https://xn--pckua2a7gp15o89zb.com/jb/6160d6a5427b4777a39c9e2fd66cfd89,True,16時間前,2026-09-30 05:08:50,神奈川県
土木施工管理 元請新着,重田建設企業株式会社,神奈川県,"年収600万円～1,300万円",正社員,建設,求人ボックス,https://xn--pckua2a7gp15o89zb.com/jb/a5078209cad279f5c744da6b545444ac,True,20時間前,2026-09-30 05:08:50,神奈川県
安全管理メンバー新着,建設,神奈川県,年収590万円,正社員,建設,求人ボックス,https://xn--pckua2a7gp15o89zb.com/jb/eef185d9dcf0f384f7bcec590de34d3c,True,17時間前,2026-09-30 05:08:53,神奈川県
「0からのキャリア形成」一般事務スタッフ／完全週休2日制「土日祝」新着,株式会社RIOT GROUP,神奈川県,"月給29万3,700円",正社員,事務,求人ボックス,https://xn--pckua2a7gp15o89zb.com/jbn/9938dc1b4492d349d50c2dc91221730b,True,10時間前,2026-09-30 05:08:44,神奈川県
一般事務／未経験歓迎／データ入力と書類作成から開始／土日祝休み新着,エンタイトルツーベース株式会社,神奈川県,月給29万円～40万円,正社員,事務,求人ボックス,https://xn--pckua2a7gp15o89zb.com/jbn/a6c9b8f2b5dbe6b190a53b3ba0351837,True,10時間前,2026-09-30 05:08:48,神奈川県
「先輩の手厚いサポート」一般事務職／完全週休二日「土日祝」／寮社宅あり新着,事務,神奈川県,月給30万600円,正社員,事務,求人ボックス,https://xn--pckua2a7gp15o89zb.com/jbn/17d97c197b12e76ffff4f2ee7c723d11,True,10時間前,2026-09-30 05:08:51,神奈川県
「カンタン作業からスタート」一般事務／未経験歓迎／昇給賞与あり新着,株式会社小林,神奈川県,月給32万500円,正社員,事務,求人ボックス,https://xn--pckua2a7gp15o89zb.com/jbn/be8dddc40be448a022e4c7b7cef856ee,True,10時間前,2026-09-30 05:08:55,神奈川県
「27卒」一般事務／電話対応とデータ入力／研修制度充実／横浜市西区高島...新着,株式会社キソシン,神奈川県,"月給26万4,000円",正社員,事務,求人ボックス,https://xn--pckua2a7gp15o89zb.com/jbn/1399fbc2ebd3a1c75799ca189508d8be,True,7時間前,2026-09-30 05:08:55,神奈川県
「27卒」一般事務／電話対応とデータ入力／研修制度充実／川崎市幸区新川...新着,株式会社Meta Sales,神奈川県,"月給25万9,900円",正社員,事務,求人ボックス,https://xn--pckua2a7gp15o89zb.com/jbn/7f0a1f72599b339adbc1ab6a1f8a5fa2,True,7時間前,2026-09-30 05:08:55,神奈川県
「27卒」一般事務／電話対応とデータ入力／研修制度充実／横浜市西区北幸...新着,株式会社enrich technology,神奈川県,"月給26万1,200円",正社員,事務,求人ボックス,https://xn--pckua2a7gp15o89zb.com/jbn/04756d621968ccee278fee2538cd8e02,True,8時間前,2026-09-30 05:08:59,神奈川県
「27卒・新卒大歓迎」PCでのカンタン入力／一般事務／丁寧な指導新着,株式会社X Resource,神奈川県,"月給25万9,900円",正社員,事務,求人ボックス,https://xn--pckua2a7gp15o89zb.com/jbn/375eb612872a1861aee0d97548d01227,True,8時間前,2026-09-30 05:08:59,神奈川県
オフィスワークデビュー応援／一般事務／月給26.9万〜・U新着,一般事務,神奈川県,月給26,正社員,事務,求人ボックス,https://xn--pckua2a7gp15o89zb.com/jbn/89bb994fbd6bdbd4c1a88d590e29e90d,True,5時間前,2026-09-30 05:09:03,神奈川県
コツコツ働ける一般事務／月給26.7万〜・U・Iターン歓迎新着,一般事務,神奈川県,月給26,正社員,事務,求人ボックス,https://xn--pckua2a7gp15o89zb.com/jbn/cd0584886e906266f751e166bc51963f,True,5時間前,2026-09-30 05:09:03,神奈川県
「27卒」一般事務／電話対応とデータ入力／研修制度充実／川崎市川崎区砂...新着,株式会社大斗,神奈川県,"月給25万6,600円",正社員,事務,求人ボックス,https://xn--pckua2a7gp15o89zb.com/jbn/f9a1734f75682664a013ab1554b608c9,True,8時間前,2026-09-30 05:09:07,神奈川県
未経験から始める一般事務／月給26.8万〜・服装・髪型自由新着,一般事務,神奈川県,月給26,正社員,事務,求人ボックス,https://xn--pckua2a7gp15o89zb.com/jbn/0f33c02fa7a73dcefca29469a5ec1826,True,6時間前,2026-09-30 05:09:07,神奈川県
事務未経験OK／一般事務／月給26.8万〜・服装・髪型自由新着,一般事務,神奈川県,月給26,正社員,事務,求人ボックス,https://xn--pckua2a7gp15o89zb.com/jbn/7bc095d638ad15b39e405c977a548564,True,5時間前,2026-09-30 05:09:14,神奈川県
コツコツ働ける一般事務／月給26.9万〜・年間休日125日新着,一般事務,神奈川県,月給26,正社員,事務,求人ボックス,https://xn--pckua2a7gp15o89zb.com/jbn/740efc80728e8a826c81d9a3bebe9d34,True,5時間前,2026-09-30 05:09:14,神奈川県
コツコツ働ける一般事務／月給26.5万〜・学歴不問・20代活躍中新着,一般事務,神奈川県,月給26,正社員,事務,求人ボックス,https://xn--pckua2a7gp15o89zb.com/jbn/111a143add7af42c2afe01716fbff70e,True,5時間前,2026-09-30 05:09:17,神奈川県
「新卒・27卒」一般事務／実績を給与に反映／OJTあり／川崎市川崎区砂...新着,株式会社LOP,神奈川県,"月給25万6,600円",正社員,事務,求人ボックス,https://xn--pckua2a7gp15o89zb.com/jbn/deab602bc908bb5899b7197b5ac17f5c,True,8時間前,2026-09-30 05:09:17,神奈川県
事務未経験OK／一般事務／月給26.9万〜・年間休日125日新着,一般事務,神奈川県,月給26,正社員,事務,求人ボックス,https://xn--pckua2a7gp15o89zb.com/jbn/0ebcfcd35114e83dc3d5974f127f4f8b,True,6時間前,2026-09-30 05:09:22,神奈川県
未経験から始める一般事務／月給26.7万〜・転勤なし・20代活躍中新着,一般事務,神奈川県,月給26,正社員,事務,求人ボックス,https://xn--pckua2a7gp15o89zb.com/jbn/a9841fda8e1c21f98bfe781ddaccc194,True,5時間前,2026-09-30 05:09:22,神奈川県
事務未経験OK／一般事務／月給26.3万〜・土日祝休み・20代活躍中新着,一般事務,神奈川県,月給26,正社員,事務,求人ボックス,https://xn--pckua2a7gp15o89zb.com/jbn/4fa6dc01d1d4a863a8c7dcaf80fbd3a0,True,6時間前,2026-09-30 05:09:22,神奈川県
柔道整復師／外傷治療・運動療法に力を入れる勉強会充実の整骨院新着,柔道整復師,神奈川県,月給23万円～40万円,正社員,治療家,求人ボックス,https://xn--pckua2a7gp15o89zb.com/jb/96e6809b0a2e321bbb1df25ad4d83b01,True,9時間前,2026-09-30 05:09:26,神奈川県
スキルアップが目指せる駅近の鍼灸整骨院、柔道整復師新着,柔道整復師,神奈川県,月給25万円～30万円,正社員,治療家,求人ボックス,https://xn--pckua2a7gp15o89zb.com/jb/7641b65efbfb02b6e5e9feb5eafee175,True,9時間前,2026-09-30 05:09:26,神奈川県
柔道整復師／筋肉調整、ストレッチ、PNF、関節モビリゼーション新着,柔道整復師,神奈川県,月給20万円～25万円,正社員,治療家,求人ボックス,https://xn--pckua2a7gp15o89zb.com/jb/4b956df8070da120ab614dcd503037ee,True,9時間前,2026-09-30 05:09:26,神奈川県
社会保険完備の職場であん摩マッサージ指圧師新着,GIG整骨院,神奈川県,月給23万円～45万円,正社員,治療家,求人ボックス,https://xn--pckua2a7gp15o89zb.com/jb/1e3ccdd0883ac278fc43bf55eb319419,True,7時間前,2026-09-30 05:09:26,神奈川県
機能訓練指導員新着,睦愛会 睦愛園,神奈川県,月給20万円～24万,正社員,治療家,求人ボックス,https://xn--pckua2a7gp15o89zb.com/jb/d44f457141b469c051073be5c857d36f,True,10時間前,2026-09-30 05:09:26,神奈川県
施設管理者／賞与年2回 横浜市戸塚区」新着,柔道整復師,神奈川県,月給28万円～31万,正社員,治療家,求人ボックス,https://xn--pckua2a7gp15o89zb.com/jb/de133ecff3f0defe5e6b4be6a3c2ff0a,True,9時間前,2026-09-30 05:09:26,神奈川県
Dr.stretch ストレッチ専門店新着,株式会社nobitel,神奈川県,年収300万円～500万円,正社員,治療家,求人ボックス,https://xn--pckua2a7gp15o89zb.com/jb/1d025ad51d816d4e596f303cd894808c,True,16時間前,2026-09-30 05:09:26,神奈川県
機能訓練指導員／週1日・1日2時間～、扶養範囲内OK!デイサービスでの機能訓練指導員新着,株式会社ふるさと,神奈川県,"時給1,708円～1,968円",アルバイト・パート,治療家,求人ボックス,https://xn--pckua2a7gp15o89zb.com/jb/ed1142b58ddfb8562ee0287c59ae58c8,True,7時間前,2026-09-30 05:09:26,神奈川県
整体師 シニア可 週1日から可新着,株式会社サプリームリンク,神奈川県,"時給1,279円～1,531円",アルバイト・パート,治療家,求人ボックス,https://xn--pckua2a7gp15o89zb.com/jb/53a0cff13d70733e8f60cb68f93ce01d,True,4時間前,2026-09-30 05:09:26,神奈川県
デイサービスの機能訓練指導員／週2～3日勤務可新着,株式会社ツクイ,神奈川県,"時給1,567円",アルバイト・パート,治療家,求人ボックス,https://xn--pckua2a7gp15o89zb.com/jb/320927408c6584d1177062a86f530d35,True,14時間前,2026-09-30 05:09:26,神奈川県
第二新卒歓迎／「経理事務アシスタント」／土日祝休み新着,事務,神奈川県,"月給24万4,000円",正社員,経理,求人ボックス,https://xn--pckua2a7gp15o89zb.com/jbn/922a1a5e8f85de25a39d0c24b431a0ba,True,21時間前,2026-09-30 05:08:59,神奈川県
経理事務業務スタッフ／横浜オフィス新着,株式会社リクルートR&Dスタッフィング,神奈川県,"月給21万4,000円",正社員,経理,求人ボックス,https://xn--pckua2a7gp15o89zb.com/jbn/64dc89b730c3d0377348faa231ad46a0,True,3時間前,2026-09-30 05:08:59,神奈川県
「無理なく続けやすいオフィスワーク」／経理事務／年間休日120日以上新着,経理,神奈川県,月給27万円～33万円,正社員,経理,求人ボックス,https://xn--pckua2a7gp15o89zb.com/jbn/bacab77bd980c0f955be341588db382e,True,14時間前,2026-09-30 05:08:59,神奈川県
「未経験から事務スキルを習得」／経理事務／研修充実／福利厚生充実新着,経理,神奈川県,月給27万円～33万円,正社員,経理,求人ボックス,https://xn--pckua2a7gp15o89zb.com/jbn/f22d1bf283786851ad004a70b12f277d,True,15時間前,2026-09-30 05:09:00,神奈川県
「月給30万円も実現可能」／経理事務／未経験歓迎／研修充実新着,経理,神奈川県,月給30万円,正社員,経理,求人ボックス,https://xn--pckua2a7gp15o89zb.com/jbn/46ad0145ba88ac18fb5c8f44710b165c,True,15時間前,2026-09-30 05:09:00,神奈川県
「数字を扱う仕事に挑戦」／経理事務／未経験歓迎／丁寧な研修あり新着,経理,神奈川県,月給27万円～33万円,正社員,経理,求人ボックス,https://xn--pckua2a7gp15o89zb.com/jbn/b62985807ab7666e757cf731f5f391c4,True,14時間前,2026-09-30 05:09:00,神奈川県
「自分らしい働き方を叶えやすい」／経理事務／残業少なめ／福利厚生充実新着,経理,神奈川県,月給27万円～33万円,正社員,経理,求人ボックス,https://xn--pckua2a7gp15o89zb.com/jbn/02ad4d7faa3a3487ca479e9c6351b8fc,True,15時間前,2026-09-30 05:09:00,神奈川県
「20代・30代の仲間が活躍中!」／経理事務／未経験OK／サポート体制...新着,経理,神奈川県,月給27万円～33万円,正社員,経理,求人ボックス,https://xn--pckua2a7gp15o89zb.com/jbn/6ada2409489388aa171e5de570227445,True,14時間前,2026-09-30 05:09:03,神奈川県
「経理データを確認するだけ!」／経理事務／未経験歓迎／サポート体制充実新着,経理,神奈川県,月給27万円～33万円,正社員,経理,求人ボックス,https://xn--pckua2a7gp15o89zb.com/jbn/139339949baac99b0c7681af893c58ee,True,14時間前,2026-09-30 05:09:03,神奈川県
「大手企業で数字入力中心のかんたん経理」／経理事務／未経験95%新着,事務,神奈川県,"月給26万9,200円",正社員,経理,求人ボックス,https://xn--pckua2a7gp15o89zb.com/jbn/6f6fadec948a47eac8186be471b06e0e,True,13時間前,2026-09-30 05:09:03,神奈川県
「コツコツ取り組めるオフィスワーク」／経理事務／未経験OK新着,経理,神奈川県,月給27万円～33万円,正社員,経理,求人ボックス,https://xn--pckua2a7gp15o89zb.com/jbn/5b9960be76b2ea2d8842e716dc38c774,True,14時間前,2026-09-30 05:09:07,神奈川県
「今だけ採用!大手企業の経理サポート」／経理事務／未経験95%新着,経理,神奈川県,"月給26万6,700円",正社員,経理,求人ボックス,https://xn--pckua2a7gp15o89zb.com/jbn/3c27dee0a02d763b87072d37b07bd427,True,13時間前,2026-09-30 05:09:07,神奈川県
「数字入力がメインの軽め事務」／経理事務／未経験95%／未経験歓迎新着,事務,神奈川県,"月給26万3,200円",正社員,経理,求人ボックス,https://xn--pckua2a7gp15o89zb.com/jbn/d4aa554a5769940b732e214c53284514,True,13時間前,2026-09-30 05:09:07,神奈川県
「請求と支払いをまとめる経理ワーク」／経理事務／未経験歓迎新着,経理,神奈川県,月給27万円～33万円,正社員,経理,求人ボックス,https://xn--pckua2a7gp15o89zb.com/jbn/0a0fe22608859586a6280256ecb27665,True,12時間前,2026-09-30 05:09:11,神奈川県
「長く続けやすい経理の仕事」／経理事務／年間休日120日以上新着,経理,神奈川県,月給27万円～33万円,正社員,経理,求人ボックス,https://xn--pckua2a7gp15o89zb.com/jbn/1938118da44fa1ff39c7270d729d7337,True,12時間前,2026-09-30 05:09:11,神奈川県
事務経験をお持ちの方歓迎／経理事務・事業所の事務サポート／年間休日12...新着,有限会社エスエヌ企画,神奈川県,"月給18万7,500円",正社員,経理,求人ボックス,https://xn--pckua2a7gp15o89zb.com/jbn/486a4593604ea10d977d4bd8a781fc04,True,20時間前,2026-09-30 05:09:11,神奈川県
経理事務／未経験歓迎／サポート体制充実／昇給あり／長期安定新着,経理,神奈川県,月給27万円～33万円,正社員,経理,求人ボックス,https://xn--pckua2a7gp15o89zb.com/jbn/e3a5d6c6c5ff61b2c6d067f5af2e2e3b,True,15時間前,2026-09-30 05:09:16,神奈川県
「請求書の金額を確かめるだけ!」／経理事務／未経験歓迎／サポート体制充...新着,経理,神奈川県,月給27万円～33万円,正社員,経理,求人ボックス,https://xn--pckua2a7gp15o89zb.com/jbn/013acc4df38bc4959551c2111413bb5e,True,12時間前,2026-09-30 05:09:16,神奈川県
「大手企業の数字まわりを支える!」／経理事務／未経験95%／未経験歓迎新着,経理,神奈川県,"月給25万1,700円",正社員,経理,求人ボックス,https://xn--pckua2a7gp15o89zb.com/jbn/f3cf0fcf144213021edb937d5ccf023f,True,13時間前,2026-09-30 05:09:16,神奈川県
「早めに仕事を決めたい方に」／経理事務／未経験歓迎／サポート体制充実新着,経理,神奈川県,月給27万円～33万円,正社員,経理,求人ボックス,https://xn--pckua2a7gp15o89zb.com/jbn/a8a89d58eabd957dccba5eefa55bdadb,True,14時間前,2026-09-30 05:09:19,神奈川県
「未経験から経理の入口へ」／経理事務／未経験OK／丁寧な研修あり新着,経理,神奈川県,月給27万円～33万円,正社員,経理,求人ボックス,https://xn--pckua2a7gp15o89zb.com/jbn/ebae5020da8b5c354946bff3bf5499c1,True,12時間前,2026-09-30 05:09:19,神奈川県
「若手中心の経理チームです」／経理事務／未経験OK／サポート体制充実新着,経理,神奈川県,月給27万円～33万円,正社員,経理,求人ボックス,https://xn--pckua2a7gp15o89zb.com/jbn/a0093d60ecbbec6ac98aac36341a8e76,True,12時間前,2026-09-30 05:09:21,神奈川県
「経理職で月給30万円に近づく」／経理事務／未経験歓迎／研修充実新着,経理,神奈川県,月給30万円,正社員,経理,求人ボックス,https://xn--pckua2a7gp15o89zb.com/jbn/d2a4d188b979d70f6ec351c60aaa6a98,True,12時間前,2026-09-30 05:09:21,神奈川県
「早く決めたい方を歓迎します」／経理事務／未経験歓迎／サポート体制充実新着,経理,神奈川県,月給27万円～33万円,正社員,経理,求人ボックス,https://xn--pckua2a7gp15o89zb.com/jbn/e784d58909a4b282bf53e3525c542931,True,12時間前,2026-09-30 05:09:21,神奈川県
「同世代と一緒に成長できる!」／経理事務／未経験歓迎／サポート体制充実新着,経理,神奈川県,月給27万円～33万円,正社員,経理,求人ボックス,https://xn--pckua2a7gp15o89zb.com/jbn/4ee8ce3208448bfd347586c8ba639fb9,True,15時間前,2026-09-30 05:09:24,神奈川県
「男女問わず始めやすいオフィスワーク」／経理事務／未経験歓迎／服装自由新着,経理,神奈川県,月給27万円～33万円,正社員,経理,求人ボックス,https://xn--pckua2a7gp15o89zb.com/jbn/b70134262b78c0201676dfe13153c458,True,15時間前,2026-09-30 05:09:24,神奈川県
経理事務新着,株式会社リクルートスタッフィング,神奈川県,"時給1,800円～",派遣社員,経理,求人ボックス,https://xn--pckua2a7gp15o89zb.com/jb/48bdb6756d6640c0df687710bfb5034c,True,20時間前,2026-09-30 05:09:24,神奈川県
経理事務／未経験歓迎／昇給あり／賞与あり新着,株式会社イクシス,神奈川県,年収250万円～350万円,正社員,経理,求人ボックス,https://xn--pckua2a7gp15o89zb.com/jbn/fb1a72dcbf1a5fd631bbe25b4fa179ee,True,2時間前,2026-09-30 05:09:26,神奈川県
経理事務／週1日から2日程度在宅あり!支払伝票作成など 駅に直結新着,株式会社スタッフサービス,神奈川県,"月給20万2,000円",正社員,経理,求人ボックス,https://xn--pckua2a7gp15o89zb.com/jb/5ed98c50e0ff598168b057019e889ff6,True,17時間前,2026-09-30 05:09:26,神奈川県
入力メインの会計事務／経理／仕訳入力／経験+簿記3級あればOK!新着,エンプロ株式会社,神奈川県,"時給1,870円",アルバイト・パート,経理,求人ボックス,https://xn--pckua2a7gp15o89zb.com/jb/0e9abdd7eb6652d0d33bfb26036a58ea,True,17時間前,2026-09-30 05:09:26,神奈川県
即日スタート可能!外資系企業での経理事務新着,マンパワーグループ株式会社,神奈川県,"時給1,800円",派遣社員,経理,求人ボックス,https://xn--pckua2a7gp15o89zb.com/jb/d319fba4c1c623e2de5a88e410282eea,True,8時間前,2026-09-30 05:09:26,神奈川県
看護師新着,社会福祉法人県央福祉会,神奈川県,"時給2,429円～",アルバイト・パート,看護,求人ボックス,https://xn--pckua2a7gp15o89zb.com/jb/d26704b102e5f70dbe911295071c3bac,True,14時間前,2026-09-30 05:09:14,神奈川県
看護師／准看護師／バイタルチェック中心／夜勤無し新着,看護師,神奈川県,"時給2,200円～2,500円",派遣社員,看護,求人ボックス,https://xn--pckua2a7gp15o89zb.com/jb/a9a5d7348c131b174ef52340ee310d62,True,12時間前,2026-09-30 05:09:15,神奈川県
正看護師 准看護師新着,公友会 横須賀グリーンヒル,神奈川県,"月給26万7,140円",正社員,看護,求人ボックス,https://xn--pckua2a7gp15o89zb.com/jb/04e42733f54a114b4b8971740d28dc0b,True,10時間前,2026-09-30 05:09:19,神奈川県
看護師新着,赤枝グループ,神奈川県,"月給31万9,319円",正社員,看護,求人ボックス,https://xn--pckua2a7gp15o89zb.com/jb/2df2c13d92910cbc290ee8377d50a005,True,10時間前,2026-09-30 05:09:19,神奈川県
看護師／年間休日・休暇129日／入職祝い金あり／2種の退職金制度／質問新着,大野台地域包括支援センター,神奈川県,月給26万190円,正社員,看護,求人ボックス,https://xn--pckua2a7gp15o89zb.com/jb/3cb34aab3b2b7cd224cb19b6f9a55446,True,19時間前,2026-09-30 05:09:19,神奈川県
正看護師・准看護師新着,直源会 相模原南病院,神奈川県,"月給23万2,300円",正社員,看護,求人ボックス,https://xn--pckua2a7gp15o89zb.com/jb/45a4378151d99c3a25064b3b6ae906be,True,10時間前,2026-09-30 05:09:22,神奈川県
看護師新着,白山福祉会 ラスール麻生,神奈川県,"月給29万6,000円",正社員,看護,求人ボックス,https://xn--pckua2a7gp15o89zb.com/jb/2dec5107b313aca856dde46bd11d321f,True,10時間前,2026-09-30 05:09:22,神奈川県
保健師 看護師新着,生活保健協会 ニューライフ湯河原,神奈川県,"月給26万6,500円",正社員,看護,求人ボックス,https://xn--pckua2a7gp15o89zb.com/jb/03aee994cc879077ef1088073d6c8f85,True,10時間前,2026-09-30 05:09:22,神奈川県
看護師、准看護師新着,命宝会 マナクリニック,神奈川県,月給29万円～33万,正社員,看護,求人ボックス,https://xn--pckua2a7gp15o89zb.com/jb/4fc98abe7c976ecab5eff24b67e726c2,True,11時間前,2026-09-30 05:09:22,神奈川県
看護師／年間休日120日以上!完全週休2日制!土日祝休み!フルタイム歓...新着,株式会社ルフト・メディカルケア,神奈川県,"時給2,170円",派遣社員,看護,求人ボックス,https://xn--pckua2a7gp15o89zb.com/jb/3f81d436a97cc86fb0e6c602fdc7a364,True,22時間前,2026-09-30 05:09:25,神奈川県
正看護師・准看護師新着,青芳会 青根苑,神奈川県,月給30万円～33万円,正社員,看護,求人ボックス,https://xn--pckua2a7gp15o89zb.com/jb/8bc2b69ddad67cdf2653eede978aa745,True,10時間前,2026-09-30 05:09:25,神奈川県
正看護師新着,神奈川やすらぎ会 森の里,神奈川県,月給26万452円,正社員,看護,求人ボックス,https://xn--pckua2a7gp15o89zb.com/jb/a16659cfdca51532462123e2a1102136,True,10時間前,2026-09-30 05:09:25,神奈川県
正看護師新着,神奈川やすらぎ会 第二森の里,神奈川県,月給26万452円,正社員,看護,求人ボックス,https://xn--pckua2a7gp15o89zb.com/jb/0ffadb4e0240648f7612216ef4f94df4,True,10時間前,2026-09-30 05:09:25,神奈川県
施設看護師新着,悠仁会 ほほえみの郷横浜,神奈川県,"月給26万4,900円",正社員,看護,求人ボックス,https://xn--pckua2a7gp15o89zb.com/jb/0808707eb6435e70203f49f74bcb66d3,True,10時間前,2026-09-30 05:09:29,神奈川県
看護師 准看護師新着,湯河原福祉会 心花春,神奈川県,"月給25万4,000円",正社員,看護,求人ボックス,https://xn--pckua2a7gp15o89zb.com/jb/3b9881120c9af2f6d521c2f44b1cbaf8,True,10時間前,2026-09-30 05:09:29,神奈川県
正看護師・准看護師新着,ナーシングホーム らもーれ東戸塚,神奈川県,"月給34万2,400円",正社員,看護,求人ボックス,https://xn--pckua2a7gp15o89zb.com/jb/8f3adea33a0bd1e92ffe9ab55448f656,True,10時間前,2026-09-30 05:09:32,神奈川県
病棟看護師新着,湘和会 湘南記念病院,神奈川県,"月給23万5,000円",正社員,看護,求人ボックス,https://xn--pckua2a7gp15o89zb.com/jb/9326c5bac1b34279e15faf3ac3b2f0ea,True,10時間前,2026-09-30 05:09:32,神奈川県
看護師新着,看多機かえりえ荏田西,神奈川県,"月給37万7,000円",正社員,看護,求人ボックス,https://xn--pckua2a7gp15o89zb.com/jb/1434485cfe0e952e02f6539a528bd33e,True,10時間前,2026-09-30 05:09:36,神奈川県
透析クリニックの正看護師／湘南台じんクリニック新着,善仁会グループ,神奈川県,"月給26万9,924円",正社員,看護,求人ボックス,https://xn--pckua2a7gp15o89zb.com/jb/b837d72f03a11e8263cc7426dc8b4b15,True,6時間前,2026-09-30 05:09:36,神奈川県
看護師／障害福祉事業所新着,社会福祉法人県央福祉会 鎌倉市児童発達支援センタ...,神奈川県,"時給2,429円～",アルバイト・パート,看護,求人ボックス,https://xn--pckua2a7gp15o89zb.com/jb/0080b035003fd04272ffff5522e2ca9e,True,7時間前,2026-09-30 05:09:39,神奈川県
看護師新着,とね皮膚科クリニック,神奈川県,"月給32万7,650円",正社員,看護,求人ボックス,https://xn--pckua2a7gp15o89zb.com/jb/3f5223dda1e19163928de622b89fd020,True,23時間前,2026-09-30 05:09:46,神奈川県
配達ドライバー／履歴書不要／人柄採用／普通免許1枚でOK／経験不問新着,株式会社Gro,神奈川県,"月給38万2,500円",,ドライバー,求人ボックス,https://xn--pckua2a7gp15o89zb.com/jbn/a055ad3a04d3ad1fcf7ad1eee5030867,True,2時間前,2026-09-30 05:09:26,神奈川県
送迎配車ドライバー／未経験1年目から年収600万円以上可／月休17日以...新着,合同会社beatle,神奈川県,月給46万円～66万円,正社員,ドライバー,求人ボックス,https://xn--pckua2a7gp15o89zb.com/jbn/f1c3b575e7f9ed15d3aae0b8941e158d,True,11時間前,2026-09-30 05:09:26,神奈川県
送迎配車ドライバー／普通免許でOK／未経験1年目から年収600万円以上...新着,送迎,神奈川県,月給46万円～66万円,正社員,ドライバー,求人ボックス,https://xn--pckua2a7gp15o89zb.com/jbn/b964f96299a14d751970079e41efc5fc,True,11時間前,2026-09-30 05:09:26,神奈川県
送迎配車ドライバー／普通免許でOK／賞与あり／20～40代活躍中新着,送迎,神奈川県,月給46万円～66万円,正社員,ドライバー,求人ボックス,https://xn--pckua2a7gp15o89zb.com/jbn/7ac3d7567e7e1b6c9ebd4841467e93cd,True,12時間前,2026-09-30 05:09:26,神奈川県
タクシードライバー「普通免許のみ」／年収600万円以上／未経験でも高収...新着,ドライバー,神奈川県,月給45万円～80万円,正社員,ドライバー,求人ボックス,https://xn--pckua2a7gp15o89zb.com/jbn/85aa681488a8d6c0a03277fa295bd0d7,True,10時間前,2026-09-30 05:09:27,神奈川県
夜勤タクシードライバー／未経験スタートOK／年2回のボーナス支給あり新着,ドライバー,神奈川県,"月給46万1,100円",正社員,ドライバー,求人ボックス,https://xn--pckua2a7gp15o89zb.com/jbn/2e03bfb1423077c8a1d4bc247ea97fdd,True,13時間前,2026-09-30 05:09:31,神奈川県
送迎配車ドライバー／20-40代活躍中／普通免許でOK／未経験1年目か...新着,送迎,神奈川県,月給46万円～66万円,正社員,ドライバー,求人ボックス,https://xn--pckua2a7gp15o89zb.com/jbn/cf97a13b907b1e83c5f568f58a7a5e58,True,12時間前,2026-09-30 05:09:35,神奈川県
軽自動車ドライバー／30代活躍中／賞与年2回／固定給29万〜40万円新着,株式会社翔和サービス 湘南物流センター,神奈川県,月給29万円～40万円,正社員,ドライバー,求人ボックス,https://xn--pckua2a7gp15o89zb.com/jbn/b355417b52c23b8a1366dd370a804b8c,True,2時間前,2026-09-30 05:09:38,神奈川県
送迎配車ドライバー／月休17日以上／賞与あり／普通免許でOK新着,送迎,神奈川県,月給46万円～66万円,正社員,ドライバー,求人ボックス,https://xn--pckua2a7gp15o89zb.com/jbn/c1726ae83d73a5a4efc82a601ac695b6,True,11時間前,2026-09-30 05:09:38,神奈川県
配送ドライバー 置配メイン／週1日～OK／AT限定可／研修あり新着,ダイヤ流通株式会社,神奈川県,"月給53万6,000円",,ドライバー,求人ボックス,https://xn--pckua2a7gp15o89zb.com/jbn/56b0d8e2ab49bf8b7f860d4c768082dd,True,3時間前,2026-09-30 05:09:42,神奈川県
タクシードライバー「普通免許のみ」／未経験でも高収入／年収600万円以...新着,ドライバー,神奈川県,月給45万円～80万円,正社員,ドライバー,求人ボックス,https://xn--pckua2a7gp15o89zb.com/jbn/f9676d559374b96b09b17dbf5b9f1b9e,True,10時間前,2026-09-30 05:09:46,神奈川県
送迎配車ドライバー／普通免許でOK／賞与あり／20～40代活躍中新着,送迎,神奈川県,月給46万円～66万円,正社員,ドライバー,求人ボックス,https://xn--pckua2a7gp15o89zb.com/jbn/f69f2782735e849ec568705a1a1c07c2,True,12時間前,2026-09-30 05:09:49,神奈川県
営業スタッフの送迎ドライバー／残業ほぼ無し／未経験者歓迎／平均年齢60...新着,ワイムシェアリング株式会社,神奈川県,月給23万円～,契約社員,ドライバー,求人ボックス,https://xn--pckua2a7gp15o89zb.com/jbn/2969bbe330484e1b44404ded9eda5115,True,3時間前,2026-09-30 05:09:49,神奈川県
建築資材配送ドライバー／40代活躍中／賞与年2回／評価手当新着,株式会社翔和サービス,神奈川県,月給29万円～40万円,正社員,ドライバー,求人ボックス,https://xn--pckua2a7gp15o89zb.com/jbn/9d057e8363347aa9a710ced16e3a7858,True,2時間前,2026-09-30 05:09:51,神奈川県
「高収入」タクシードライバー「普通免許のみ」／予約が中心／年収600万...新着,ドライバー,神奈川県,月給45万円～80万円,正社員,ドライバー,求人ボックス,https://xn--pckua2a7gp15o89zb.com/jbn/58386b64194f39eaf96b2a312982b638,True,10時間前,2026-09-30 05:09:51,神奈川県
タクシードライバー「普通免許のみ」／予約が中心／未経験でも高収入新着,ドライバー,神奈川県,月給45万円～80万円,正社員,ドライバー,求人ボックス,https://xn--pckua2a7gp15o89zb.com/jbn/7b2a6495a9215bbe1d28200b97c4e141,True,10時間前,2026-09-30 05:09:54,神奈川県
VIP送迎ドライバー／未経験歓迎／週3日勤務／月収50万円以上も可能新着,ドライバー,神奈川県,月給46万円～66万円,正社員,ドライバー,求人ボックス,https://xn--pckua2a7gp15o89zb.com/jbn/f95505c64ea58ea7d09cee9bdc70f7d2,True,12時間前,2026-09-30 05:09:54,神奈川県
警備員／有限会社五月警備保障新着,株式会社第二章,神奈川県,日給1万円～,アルバイト・パート,警備,求人ボックス,https://xn--pckua2a7gp15o89zb.com/jb/bb9b1086c7978ad39dfcb18f6b7db96f,True,1時間前,2026-09-30 05:09:30,神奈川県
警備員／交通誘導警備／軽作業・物流系 日払い 週1~OK 面談 採用新着,株式会社ノア・ビルサービス,神奈川県,"日給1万1,000円",アルバイト・パート,警備,求人ボックス,https://xn--pckua2a7gp15o89zb.com/jb/0b6ab1e855db929df24e427b1c7ade96,True,23時間前,2026-09-30 05:09:30,神奈川県
超稼げる!日給14000円スタート可能 高速道路の警備員新着,株式会社サン・ガード,神奈川県,日給14000円,アルバイト・パート,警備,求人ボックス,https://xn--pckua2a7gp15o89zb.com/jb/f6444098f2d5fafd8dcf6081638095d7,True,11時間前,2026-09-30 05:09:31,神奈川県
横浜 産業復興センター駅前 警備員募集 駅近 1勤務毎交通費手当等20...新着,ファング株式会社,神奈川県,"日給1万3,000円",アルバイト・パート,警備,求人ボックス,https://xn--pckua2a7gp15o89zb.com/jb/0fedd5136d3244b0e651d920211dacb6,True,9時間前,2026-09-30 05:09:31,神奈川県
警備員・守衛・常駐警備／相模大野駅徒歩7分の公共施設の警備業務新着,株式会社サービスエース,神奈川県,"日給1万2,640円",アルバイト・パート,警備,求人ボックス,https://xn--pckua2a7gp15o89zb.com/jb/2cebaa6a4a656119591cf90d438ae4d8,True,15時間前,2026-09-30 05:09:31,神奈川県
「愛知県勤務」交通誘導／待遇に自信あり／引っ越しサポートあり・日払い週払い可新着,セキュリティスタッフ株式会社,神奈川県,"日給9,500円",正社員,警備,求人ボックス,https://xn--pckua2a7gp15o89zb.com/jb/e8564868435dce306060c1bf589409af,True,4時間前,2026-09-30 05:09:33,神奈川県
送迎配車ドライバー／未経験1年目から年収600万円以上可／月休17日以上／20-40代活躍中新着,合同会社beatle,神奈川県,月給46万円～66万円,正社員,警備,求人ボックス,https://xn--pckua2a7gp15o89zb.com/jbn/1dd79591d2743b84205a4b384350f42e,True,12時間前,2026-09-30 05:09:37,神奈川県
金融施設の巡回警備スタッフ／正社員の平均年収450万・平均賞与60万以上／男女活躍中／キレイな寮新着,ALSOK東京株式会社,神奈川県,"月給22万2,000円",正社員,警備,求人ボックス,https://xn--pckua2a7gp15o89zb.com/jb/acbdbaa4e0915352ca48a62753cc1c4f,True,4時間前,2026-09-30 05:09:41,神奈川県
送迎配車ドライバー／賞与あり／月休17日以上／普通免許でOK／20～40代活躍中新着,宅配ドライバー/ルート配送/,神奈川県,月給46万円～66万円,正社員,警備,求人ボックス,https://xn--pckua2a7gp15o89zb.com/jbn/6cbadaa212c833626370f833f2a25041,True,12時間前,2026-09-30 05:09:51,神奈川県
送迎配車ドライバー／20～40代活躍中／普通免許でOK／月休17日以上新着,宅配ドライバー/ルート配送/,神奈川県,月給46万円～66万円,正社員,警備,求人ボックス,https://xn--pckua2a7gp15o89zb.com/jbn/3b44de7b0ad6b93ef06856d44590fc2a,True,12時間前,2026-09-30 05:09:55,神奈川県
送迎配車ドライバー／普通免許でOK／未経験1年目から年収600万円以上可／20-40代活躍中新着,宅配ドライバー/ルート配送/,神奈川県,月給46万円～66万円,正社員,警備,求人ボックス,https://xn--pckua2a7gp15o89zb.com/jbn/7fc481f06f181aa0c9df5c094c634b7f,True,12時間前,2026-09-30 05:09:55,神奈川県
送迎配車ドライバー／賞与あり／普通免許でOK／未経験1年目から年収600万円以上可新着,宅配ドライバー/ルート配送/,神奈川県,月給46万円～66万円,正社員,警備,求人ボックス,https://xn--pckua2a7gp15o89zb.com/jbn/5fb21765d5ebec5e97a11e81ea85fcbf,True,12時間前,2026-09-30 05:09:59,神奈川県
「20~30代活躍」キャラクターフィギュア製造スタッフ／彩色・組立新着,株式会社Le Lien,神奈川県,"月給31万3,700円",正社員,製造,求人ボックス,https://xn--pckua2a7gp15o89zb.com/jbn/56a17b4452c7a30ab65b8cb5b97c73fc,True,10時間前,2026-09-30 05:09:50,神奈川県
「20~30代活躍」キャラクターフィギュア製造スタッフ／彩色・組立新着,株式会社Meta Sales,神奈川県,"月給31万4,100円",正社員,製造,求人ボックス,https://xn--pckua2a7gp15o89zb.com/jbn/571d28ee365de9cb6073c1c8a95f03d6,True,10時間前,2026-09-30 05:09:50,神奈川県
製造スタッフ「初めての工場勤務も歓迎」／未経験OK／昇給・賞与あり新着,株式会社ELM,神奈川県,月給29万円～40万円,正社員,製造,求人ボックス,https://xn--pckua2a7gp15o89zb.com/jbn/c20b692cef8e5f829d2cd85f36fe4f88,True,8時間前,2026-09-30 05:09:50,神奈川県
「27卒・新卒」製造スタッフ／ものづくりを基礎から学ぶ／土日祝休み新着,ベンタス株式会社,神奈川県,"月給25万2,700円",正社員,製造,求人ボックス,https://xn--pckua2a7gp15o89zb.com/jbn/b5f21346b1df8714b9f37ffa06b13617,True,7時間前,2026-09-30 05:09:50,神奈川県
「20~30代活躍」キャラクターフィギュア製造スタッフ／彩色・組立新着,株式会社ELシステム,神奈川県,"月給33万9,600円",正社員,製造,求人ボックス,https://xn--pckua2a7gp15o89zb.com/jbn/b89898c92e313ea364c74421a75c09b6,True,9時間前,2026-09-30 05:09:50,神奈川県
「27卒・新卒」製造スタッフ／ものづくりを基礎から学ぶ／土日祝休み新着,株式会社プロジェクトトリガー,神奈川県,"月給25万3,300円",正社員,製造,求人ボックス,https://xn--pckua2a7gp15o89zb.com/jbn/80c49eeeb2c3ac0633b2ec89776793ef,True,7時間前,2026-09-30 05:09:50,神奈川県
「20~30代活躍」キャラクターフィギュア製造スタッフ／彩色・組立新着,株式会社LOP,神奈川県,"月給33万7,900円",正社員,製造,求人ボックス,https://xn--pckua2a7gp15o89zb.com/jbn/ef3e4b6cd2ba9084fe4324c24588cab0,True,9時間前,2026-09-30 05:09:54,神奈川県
茶葉加工・製造スタッフ／加工機の操作・商品品質チェック／未経験から製造...新着,株式会社大斗,神奈川県,"月給31万9,700円",正社員,製造,求人ボックス,https://xn--pckua2a7gp15o89zb.com/jbn/470585783378b5f6afba27c4d6051f44,True,9時間前,2026-09-30 05:09:54,神奈川県
アニメ作品メディア製造スタッフ／Blu-rayの製造・品質管理新着,株式会社キソシン,神奈川県,月給35万600円,正社員,製造,求人ボックス,https://xn--pckua2a7gp15o89zb.com/jbn/a11a06d5d10fb2a5781c47deea6b8bf9,True,10時間前,2026-09-30 05:09:57,神奈川県
景品づくりのレア求人!／クレーンゲーム景品の企画製造スタッフ新着,製造,神奈川県,月給33万500円,正社員,製造,求人ボックス,https://xn--pckua2a7gp15o89zb.com/jbn/a0d1e165ee3620966980ca5b2ec956c8,True,11時間前,2026-09-30 05:09:57,神奈川県
PC好きにおすすめ!／パソコンの製造スタッフ／年間休日139日新着,製造,神奈川県,"月給39万3,500円",正社員,製造,求人ボックス,https://xn--pckua2a7gp15o89zb.com/jbn/49a4b3325024a215c1336322eac5ecaf,True,11時間前,2026-09-30 05:09:57,神奈川県
通電チェックも担当!／パソコンの製造スタッフ／年間休日127日新着,製造,神奈川県,"月給36万3,500円",正社員,製造,求人ボックス,https://xn--pckua2a7gp15o89zb.com/jbn/7b162f69bbc026d52db4305f05d69fae,True,11時間前,2026-09-30 05:09:59,神奈川県
タグ付け出荷準備中心!／クレーンゲーム景品の企画製造スタッフ新着,製造,神奈川県,"月給35万2,500円",正社員,製造,求人ボックス,https://xn--pckua2a7gp15o89zb.com/jbn/3998648380741fe3cd77c96dfd94c2d0,True,11時間前,2026-09-30 05:09:59,神奈川県
「新生活デビュー応援!」未経験採用枠／製造スタッフ・カプセルトイ新着,株式会社小林,神奈川県,月給28万円～50万円,正社員,製造,求人ボックス,https://xn--pckua2a7gp15o89zb.com/jbn/7232e67a54cec7bcaac720fb7a0e56a2,True,11時間前,2026-09-30 05:10:05,神奈川県
パン工場の製造補助スタッフ「人気商品の製造サポート」新着,Courage Path株式会社,神奈川県,月給27万円～35万円,正社員,製造,求人ボックス,https://xn--pckua2a7gp15o89zb.com/jbn/ec409ed247fbe890dfad126b3ddade26,True,12時間前,2026-09-30 05:10:05,神奈川県
パソコン組立に挑戦!人気求人／パソコンの製造スタッフ／年間休日123日新着,製造,神奈川県,"月給36万3,500円",正社員,製造,求人ボックス,https://xn--pckua2a7gp15o89zb.com/jbn/ec059deb3ecf0882a8b07dd467c114b0,True,11時間前,2026-09-30 05:10:13,神奈川県
景品グッズに関われる!未経験OK／クレーンゲーム景品の企画製造スタッフ新着,製造,神奈川県,月給33万500円,正社員,製造,求人ボックス,https://xn--pckua2a7gp15o89zb.com/jbn/ec178eadcbaa968ae3b0499b1c074f2f,True,11時間前,2026-09-30 05:10:13,神奈川県
細かい部品を組み上げる!／パチンコ台盤面の製造スタッフ／即日勤務OK新着,パチンコ台盤面に関わる,神奈川県,"月給36万7,000円",正社員,製造,求人ボックス,https://xn--pckua2a7gp15o89zb.com/jbn/224cd6a4abba5a9c3790ba6b7ca29191,True,11時間前,2026-09-30 05:10:13,神奈川県
趣味グッズに関われる!／カードゲームグッズの製造スタッフ／即日勤務OK新着,製造,神奈川県,"月給36万2,500円",正社員,製造,求人ボックス,https://xn--pckua2a7gp15o89zb.com/jbn/d1c3f39ded9fe68581b59a5e884f8610,True,11時間前,2026-09-30 05:10:13,神奈川県
「まだ間に合う!」未経験採用枠／製造スタッフ・カプセルトイ／寮・社宅新着,株式会社RIOT GROUP,神奈川県,月給28万円～50万円,正社員,製造,求人ボックス,https://xn--pckua2a7gp15o89zb.com/jbn/5ece561a1dabc5014612d17e29154c5a,True,12時間前,2026-09-30 05:10:16,神奈川県
「新生活デビュー応援!」未経験採用枠／カプセルトイ製造スタッフ新着,株式会社RIOT,神奈川県,月給28万円～50万円,正社員,製造,求人ボックス,https://xn--pckua2a7gp15o89zb.com/jbn/01876a285ff4057291bd021968edeb09,True,11時間前,2026-09-30 05:10:16,神奈川県
マカロン製造スタッフ 人気スイーツづくりを支える仕事新着,製造,神奈川県,"月給30万7,000円",正社員,製造,求人ボックス,https://xn--pckua2a7gp15o89zb.com/jbn/79901faf09474a9ab99dca1cab79521f,True,6時間前,2026-09-30 05:10:16,神奈川県
光る盤面を作る仕事!人気求人／パチンコ台盤面の製造スタッフ／若手活躍中新着,製造,神奈川県,"月給38万9,000円",正社員,製造,求人ボックス,https://xn--pckua2a7gp15o89zb.com/jbn/4180d52301c948d50cfa326ce24d1921,True,11時間前,2026-09-30 05:10:16,神奈川県
大浴場清掃スタッフ新着,日東カストディアル・サービス株式会社,神奈川県,"時給1,279円",アルバイト・パート,清掃,求人ボックス,https://xn--pckua2a7gp15o89zb.com/jb/74d996045833d115649f469f99e96cc1,True,19時間前,2026-09-30 05:09:58,神奈川県
マンション清掃スタッフ新着,アドホック建物株式会社,神奈川県,"時給1,279円",アルバイト・パート,清掃,求人ボックス,https://xn--pckua2a7gp15o89zb.com/jb/8b51a285d8021e4d61b2d345ba845fbd,True,11時間前,2026-09-30 05:09:58,神奈川県
清掃スタッフ／介護付き有料老人ホーム新着,株式会社長谷工シニアウェルデザイン ブランシエー...,神奈川県,"時給1,310円",アルバイト・パート,清掃,求人ボックス,https://xn--pckua2a7gp15o89zb.com/jb/24d546720169863e690422d64ed5b3c5,True,10時間前,2026-09-30 05:09:58,神奈川県
大浴場等共用部の清掃スタッフ新着,株式会社美装フジモト,神奈川県,"時給1,320円～1,600円",アルバイト・パート,清掃,求人ボックス,https://xn--pckua2a7gp15o89zb.com/jb/e8efbcf21574d0d2d23a0873be7ee940,True,8時間前,2026-09-30 05:09:58,神奈川県
週3～夕方清掃スタッフ／火・木勤務必須／未経験OK／選べる時間新着,住友不動産御成門駅前ビル,神奈川県,"時給1,600円～",アルバイト・パート,清掃,求人ボックス,https://xn--pckua2a7gp15o89zb.com/jbn/bcc1bfbadf434f8bfc446b2664c2a6d5,True,2時間前,2026-09-30 05:09:58,神奈川県
週3～夕方清掃スタッフ／火・木勤務必須／未経験OK／選べる時間新着,住友不動産新橋ビル,神奈川県,"時給1,600円～",アルバイト・パート,清掃,求人ボックス,https://xn--pckua2a7gp15o89zb.com/jbn/cb61fe7354a7cb5b2dc85ca8faca215e,True,2時間前,2026-09-30 05:09:58,神奈川県
週3～夕方清掃スタッフ／火・木勤務必須／未経験OK／選べる時間新着,住友不動産汐留浜離宮ビル,神奈川県,"時給1,600円～",アルバイト・パート,清掃,求人ボックス,https://xn--pckua2a7gp15o89zb.com/jbn/5b92520324544f8f2fbdc309b5ac5ac4,True,2時間前,2026-09-30 05:09:58,神奈川県
週3～夕方清掃スタッフ／火・木勤務必須／未経験OK／選べる時間新着,東京汐留ビルディング,神奈川県,"時給1,600円～",アルバイト・パート,清掃,求人ボックス,https://xn--pckua2a7gp15o89zb.com/jbn/53309ce3d7c053f5cc64adf31ff1a974,True,2時間前,2026-09-30 05:09:58,神奈川県
週3～夕方清掃スタッフ／火・木勤務必須／未経験OK／選べる時間新着,住友不動産汐留ウイング,神奈川県,"時給1,600円～",アルバイト・パート,清掃,求人ボックス,https://xn--pckua2a7gp15o89zb.com/jbn/02ed23ab465ea02b502fa91b1ad34794,True,2時間前,2026-09-30 05:10:05,神奈川県
企業内での清掃スタッフ新着,ハーベスト株式会社,神奈川県,"時給1,500円～",アルバイト・パート,清掃,求人ボックス,https://xn--pckua2a7gp15o89zb.com/jb/5337012d261583aa3241358d09eb4ceb,True,10時間前,2026-09-30 05:10:16,神奈川県
清掃スタッフ 横浜市青葉区あざみ野駅エリアの高齢者施設新着,東急ビルメンテナンス株式会社,神奈川県,"時給1,300円",,清掃,求人ボックス,https://xn--pckua2a7gp15o89zb.com/jb/f86cc5ffcb4b9a53664d7d9df355144e,True,4時間前,2026-09-30 05:10:16,神奈川県
ホテルの室内清掃スタッフ新着,株式会社ホットスタッフ横浜,神奈川県,"時給1,400円",派遣社員,清掃,求人ボックス,https://xn--pckua2a7gp15o89zb.com/jb/2a09b75bc5386b73f0fa4f6e2fdd0d69,True,11時間前,2026-09-30 05:10:16,神奈川県
"時給1,225円以上 年末年始手当あり 週2日～勤務OK!有給休暇など...新着",株式会社加藤均総合事務所,神奈川県,"時給1,225円",アルバイト・パート,清掃,求人ボックス,https://xn--pckua2a7gp15o89zb.com/jb/ca7f7906ac46d1db4b087ff1428813ac,True,13時間前,2026-09-30 05:10:16,神奈川県
早朝清掃のスタッフ／土日祝休み／カンタン作業／15時退勤／未経験歓迎新着,住友東新橋ビル2号館,神奈川県,"月給23万2,000円",正社員,清掃,求人ボックス,https://xn--pckua2a7gp15o89zb.com/jbn/605bf45ad5a67a73d2683d0c9b704aaf,True,3時間前,2026-09-30 05:10:19,神奈川県
早朝清掃のスタッフ／土日祝休み／カンタン作業／15時退勤／未経験歓迎新着,住友不動産日比谷ビル,神奈川県,"月給23万2,000円",正社員,清掃,求人ボックス,https://xn--pckua2a7gp15o89zb.com/jbn/77c78f6513fd467c548ab8d1d5cdbee9,True,3時間前,2026-09-30 05:10:19,神奈川県
横浜市施設清掃スタッフ新着,京浜サービス株式会社,神奈川県,"時給1,280円～",アルバイト・パート,清掃,求人ボックス,https://xn--pckua2a7gp15o89zb.com/jb/89eb8696e4059fc04a2c0cadd03381f7,True,4時間前,2026-09-30 05:10:19,神奈川県
施設清掃スタッフ／週2日～OK!／未経験者歓迎／シフト自由／短時間OK新着,株式会社サン・ライフホールディング サン・ライフ...,神奈川県,"時給1,280円～",アルバイト・パート,清掃,求人ボックス,https://xn--pckua2a7gp15o89zb.com/jb/6ebd395361d0cb3db729339d214b030a,True,10時間前,2026-09-30 05:10:19,神奈川県
「午前中だけで家のことと両立」日常清掃スタッフ／週3日から応相談／日曜新着,株式会社アウトソーシングトータルサポート,神奈川県,"時給1,500円～",派遣社員,清掃,求人ボックス,https://xn--pckua2a7gp15o89zb.com/jbn/e9e144eeb540f6809121efbd2ce7828d,True,7時間前,2026-09-30 05:10:19,神奈川県
運営スタッフ 清掃新着,株式会社ライフコーポレーション,神奈川県,"時給1,305円",アルバイト・パート,清掃,求人ボックス,https://xn--pckua2a7gp15o89zb.com/jb/d2c3671b09577c5869ebbdbcae9562eb,True,22時間前,2026-09-30 05:10:19,神奈川県
清掃スタッフ新着,エーエフマネジメント株式会社,神奈川県,"時給1,350円～",アルバイト・パート,清掃,求人ボックス,https://xn--pckua2a7gp15o89zb.com/jb/c24eadcdab9253fb0257ea2a038b026b,True,23時間前,2026-09-30 05:10:19,神奈川県
関内駅スグのお店で朝だけの開店前清掃スタッフ新着,ワンダフルクリーン 関内駅北口すぐ,神奈川県,"時給1,350円",アルバイト・パート,清掃,求人ボックス,https://xn--pckua2a7gp15o89zb.com/jb/541162c494c060a36104fba0a1b2eecc,True,11時間前,2026-09-30 05:10:22,神奈川県
オフィスビルの清掃スタッフ新着,株式会社白青舎,神奈川県,"時給1,280円",アルバイト・パート,清掃,求人ボックス,https://xn--pckua2a7gp15o89zb.com/jb/62623e9299230656a93524c9f3ca7bfc,True,4時間前,2026-09-30 05:10:22,神奈川県
イオンスタイル戸塚店の清掃スタッフ新着,イオンディライトコネクト株式会社,神奈川県,"時給1,280円",アルバイト・パート,清掃,求人ボックス,https://xn--pckua2a7gp15o89zb.com/jb/1a0e0edc46764a66abec5ffe481a72c4,True,4時間前,2026-09-30 05:10:22,神奈川県
客室清掃スタッフ新着,ルートインジャパン株式会社,神奈川県,"時給1,250円",アルバイト・パート,清掃,求人ボックス,https://xn--pckua2a7gp15o89zb.com/jb/d19b4232845925ecc1ed7267c4e47ddb,True,23時間前,2026-09-30 05:10:22,神奈川県
マンション清掃スタッフ／清掃新着,株式会社第一ビルメンテナンス,神奈川県,"時給1,400円",アルバイト・パート,清掃,求人ボックス,https://xn--pckua2a7gp15o89zb.com/jb/843e1c8045b13ce3ea973f5e6c2dd619,True,9時間前,2026-09-30 05:10:22,神奈川県
清掃スタッフ／時給1280円未経験歓迎 7時半～10時半の3h勤務新着,共和建物管理株式会社,神奈川県,時給1280円,アルバイト・パート,清掃,求人ボックス,https://xn--pckua2a7gp15o89zb.com/jb/da7ec6a4628a1c880d51c2ae3c25b12b,True,7時間前,2026-09-30 05:10:22,神奈川県
デイサービスの清掃スタッフ／勤務時間相談可新着,株式会社ツクイ,神奈川県,"時給1,279円",アルバイト・パート,清掃,求人ボックス,https://xn--pckua2a7gp15o89zb.com/jb/66f2810893e39eb1cd7e86d6f377d65a,True,14時間前,2026-09-30 05:10:22,神奈川県
清掃員・洗浄スタッフ／週2日・短時間1.5時間勤務。運動施設トイレ日常...新着,株式会社モリサービス,神奈川県,"日給2,350円",アルバイト・パート,清掃,求人ボックス,https://xn--pckua2a7gp15o89zb.com/jb/498dd5e651d190a6506ac928d5d06b16,True,15時間前,2026-09-30 05:10:25,神奈川県
清掃スタッフ／清掃新着,株式会社YKB,神奈川県,"時給1,250円～",アルバイト・パート,清掃,求人ボックス,https://xn--pckua2a7gp15o89zb.com/jb/e1ac87085cc9477b98e08d3fe2da21c7,True,9時間前,2026-09-30 05:10:25,神奈川県
清掃員・洗浄スタッフ／未経験OK!簡単なマンション清掃／家庭と両立しや...新着,株式会社サルーテ・デュオ,神奈川県,"時給1,280円",アルバイト・パート,清掃,求人ボックス,https://xn--pckua2a7gp15o89zb.com/jb/0f613eb4dc52b9325c283eef8e8a153d,True,15時間前,2026-09-30 05:10:25,神奈川県
ホテルの清掃責任者新着,日東グローブシップ・カストディアル・サービス株式...,神奈川県,月給26万円～,契約社員,清掃,求人ボックス,https://xn--pckua2a7gp15o89zb.com/jb/68fe56a1b9e7a3ca8565ba30a3529c9f,True,19時間前,2026-09-30 05:10:25,神奈川県
20／30／40代スタッフ活躍中!手術室などの清掃!前払い!WEBでラクラク応募!時給1500円!新着,株式会社LeafNxT,神奈川県,時給1500円,派遣社員,清掃,求人ボックス,https://xn--pckua2a7gp15o89zb.com/jb/800f73722180ecc6e670a12944388bf3,True,23時間前,2026-09-30 05:10:25,神奈川県
無資格・未経験OKの「調理補助・清掃」／週3日・1日5h〜・扶養内OK新着,医心館 相模原,神奈川県,"時給1,240円～",アルバイト・パート,清掃,求人ボックス,https://xn--pckua2a7gp15o89zb.com/jbn/534cd9ce60a3bedc3918d35e5eaed7b6,True,23時間前,2026-09-30 05:10:25,神奈川県
歯科衛生士／日進市香久山／完全週休2日制／残業ほぼなし 昇給／賞与あり新着,医療法人洸明会,愛知県,月給26万円～,正社員,歯科,求人ボックス,https://xn--pckua2a7gp15o89zb.com/jb/b97f3af85d91174c2c42e8a9fd2e375c,True,2時間前,2026-09-30 05:10:29,愛知県
歯科衛生士 徒歩5分／完全週休2日制 残業なし 昇給／賞与新着,カンドーレ歯科,愛知県,"時給1,800円～2,300円",アルバイト・パート,歯科,求人ボックス,https://xn--pckua2a7gp15o89zb.com/jb/b2f16b753ae47fcfb7c2b5f940121b02,True,2時間前,2026-09-30 05:10:29,愛知県
歯科衛生士新着,ほっしょうじ歯科,愛知県,"時給1,600円～",アルバイト・パート,歯科,求人ボックス,https://xn--pckua2a7gp15o89zb.com/jb/328537a0a1cd39f68cad96a439ec3da7,True,9時間前,2026-09-30 05:10:29,愛知県
社会保険完備の職場で歯科衛生士新着,あさい歯科医院,愛知県,"月給25万5,000円",正社員,歯科,求人ボックス,https://xn--pckua2a7gp15o89zb.com/jb/9e09118f76389473ae9e7f792a14062b,True,7時間前,2026-09-30 05:10:29,愛知県
社会保険完備の職場で歯科衛生士新着,あんどう歯科,愛知県,月給27万円～44万円,正社員,歯科,求人ボックス,https://xn--pckua2a7gp15o89zb.com/jb/a641a78ef194f3b7f2c3c97919ecff68,True,7時間前,2026-09-30 05:10:29,愛知県
社会保険完備の職場で歯科衛生士新着,志賀本通たくみ歯科・矯正歯科,愛知県,月給27万円～,正社員,歯科,求人ボックス,https://xn--pckua2a7gp15o89zb.com/jb/70158e72e65f28ab0f8d6e24a69a3ce1,True,7時間前,2026-09-30 05:10:29,愛知県
小児歯科などを行う医院の歯科衛生士新着,村山ファミリー歯科,愛知県,"時給2,000円～2,500円",アルバイト・パート,歯科,求人ボックス,https://xn--pckua2a7gp15o89zb.com/jb/c28059b8e8d9ceaea88cd113b777c555,True,7時間前,2026-09-30 05:10:29,愛知県
個人顧客への住居提案営業／未経験歓迎新着,株式会社オープンハウス,愛知県,"年収550万円～1,000万円",正社員,歯科,求人ボックス,https://xn--pckua2a7gp15o89zb.com/jbn/380980e148b76854547ebc25596ab049,True,3時間前,2026-09-30 05:10:29,愛知県
社会保険完備の職場で歯科助手新着,医療法人康生歯科医院,愛知県,月給20万円～30万円,正社員,歯科,求人ボックス,https://xn--pckua2a7gp15o89zb.com/jb/5ce66d939671d59bbb8aa10a33dcf4ba,True,7時間前,2026-09-30 05:10:29,愛知県
法人向け派遣サービスの提案営業／未経験歓迎／昇給あり／賞与あり新着,株式会社ユース.GF,神奈川県,年収300万円～500万円,正社員,派遣,求人ボックス,https://xn--pckua2a7gp15o89zb.com/jbn/6eec4192eadfcf58f3a69efde2c1592e,True,2時間前,2026-09-30 05:10:03,神奈川県
ホールスタッフ・フロアスタッフ・調理スタッフ新着,CONV,神奈川県,"時給1,450円～1,500円",派遣社員,派遣,求人ボックス,https://xn--pckua2a7gp15o89zb.com/jb/f57ee479961d12e17591ecbfb823ce9f,True,17時間前,2026-09-30 05:10:03,神奈川県
安定企業 9:00～17:30×残業ほどよくあり 事務 鴨居×中山新着,...0H以下)/土日休み/パナソニックグループ/大手・有名企業/,神奈川県,"時給1,600円～",派遣社員,派遣,求人ボックス,https://xn--pckua2a7gp15o89zb.com/jb/a318fb0d0100bfcf522658d6ccf5fedf,True,13時間前,2026-09-30 05:10:03,神奈川県
公立大学の管理部門の事務 10月スタート 未経験歓迎!市大医学部駅周辺! 20～30代活躍中新着,株式会社アヴァンティスタッフ,神奈川県,"時給1,500円",派遣社員,派遣,求人ボックス,https://xn--pckua2a7gp15o89zb.com/jb/3ea497b4ccebc657a75f19f7ff161225,True,5時間前,2026-09-30 05:10:04,神奈川県
クラークスタッフ／研修あり!資格取得支援あり新着,株式会社ルフト・メディカルケア,神奈川県,"時給1,600円",派遣社員,派遣,求人ボックス,https://xn--pckua2a7gp15o89zb.com/jb/c9446f27c7e97c7fe96ff5a03a36448d,True,22時間前,2026-09-30 05:10:04,神奈川県
「初めての方も安心してスタート!」／派遣コーディネーター／未経験OK／サポート業務新着,コーディネーター  登録,神奈川県,月給27万円～33万円,正社員,派遣,求人ボックス,https://xn--pckua2a7gp15o89zb.com/jbn/78d45687d118afc1271b817d3c610efa,True,12時間前,2026-09-30 05:10:07,神奈川県
「フレッシュな仲間と働ける!」／派遣コーディネーター／未経験OK／スタッフサポート／研修充実新着,コーディネーター  登録,神奈川県,月給27万円～33万円,正社員,派遣,求人ボックス,https://xn--pckua2a7gp15o89zb.com/jbn/337404480e058ae3caac1634eb9b172a,True,12時間前,2026-09-30 05:10:07,神奈川県
「無理なく続けられる人気ワーク!」／派遣コーディネーター／残業少なめ／未経験歓迎／長期安定新着,コーディネーター  登録,神奈川県,月給27万円～33万円,正社員,派遣,求人ボックス,https://xn--pckua2a7gp15o89zb.com/jbn/86f28d16b14e832620262d0244aa8b40,True,12時間前,2026-09-30 05:10:11,神奈川県
リゾートバイト／宿泊予約・事務新着,株式会社ダイブ,神奈川県,"時給1,300円～",派遣社員,派遣,求人ボックス,https://xn--pckua2a7gp15o89zb.com/jb/94e83854b686d57e50bbb97e005e8d72,True,23時間前,2026-09-30 05:10:11,神奈川県
月給31万円超えも可×土日休み／法人営業新着,株式会社ヒト・コミュニケーションズ 営業2部,神奈川県,月給31万円,契約社員,派遣,求人ボックス,https://xn--pckua2a7gp15o89zb.com/jb/17c62e89f606c0ba2737b6aafb0c8777,True,23時間前,2026-09-30 05:10:11,神奈川県
一般事務新着,株式会社リクルートスタッフィング,神奈川県,"時給1,650円～",派遣社員,派遣,求人ボックス,https://xn--pckua2a7gp15o89zb.com/jb/e2d0004a589db21c5b53863f56ea1f9d,True,20時間前,2026-09-30 05:10:13,神奈川県
9-18時他／週3～／長期／残業歓迎／川崎駅送迎有／大手EC商品の検品・出荷スタッフ新着,PEO2.0型就業プラットフォーム 株式会社エヌ...,神奈川県,"時給1,300円～1,625円",派遣社員,派遣,求人ボックス,https://xn--pckua2a7gp15o89zb.com/jb/e6add542c7155aedf34ecbfacb0f0e07,True,4時間前,2026-09-30 05:10:16,神奈川県
「未経験スタート歓迎」自動車部品の梱包スタッフ／先輩がつくOJT研修あり／土日祝休み／制服新着,株式会社アウトソーシングトータルサポート,神奈川県,"時給1,400円～",派遣社員,派遣,求人ボックス,https://xn--pckua2a7gp15o89zb.com/jbn/f98a9d2322091b8d1fc428159380039c,True,7時間前,2026-09-30 05:10:16,神奈川県
大手通信建設会社で一般事務新着,ヒューマンリソシア株式会社,神奈川県,"時給2,000円",派遣社員,派遣,求人ボックス,https://xn--pckua2a7gp15o89zb.com/jb/43ac08dc905d320159824a81addbf196,True,9時間前,2026-09-30 05:10:16,神奈川県
CADオペレーター 大手で成長 スクール卒から応援新着,株式会社アットキャド,神奈川県,"時給1,700円～1,900円",派遣社員,派遣,求人ボックス,https://xn--pckua2a7gp15o89zb.com/jb/aa66c93d86fd5fcd49eed21052a3c866,True,14時間前,2026-09-30 05:10:20,神奈川県
スクイーズなどの倉庫内軽作業新着,株式会社アルミラ,神奈川県,"時給1,450円～",アルバイト・パート,派遣,求人ボックス,https://xn--pckua2a7gp15o89zb.com/jb/6134c3f459d78598db7393c53bb4326d,True,12時間前,2026-09-30 05:10:20,神奈川県
WEB更新×WEBデザイン 大手メーカーグループにてWordPressを用いたサイト更新業務新着,株式会社フェローズ,神奈川県,"時給1,600円～1,800円",派遣社員,派遣,求人ボックス,https://xn--pckua2a7gp15o89zb.com/jb/e86dd81cd7145beb2c79d689795b3ab6,True,17時間前,2026-09-30 05:10:20,神奈川県
人気の非営利団体 カウンター受付対応など!時給1700円新着,株式会社スタッフサービス,神奈川県,時給1700円,派遣社員,派遣,求人ボックス,https://xn--pckua2a7gp15o89zb.com/jb/dd5b8b1148abb5f2c3d49052708dd6f0,True,17時間前,2026-09-30 05:10:24,神奈川県
マニュアルを見ながらスマホ・PCの問い合わせ対応／通信業界未経験が8割以上／マニュアルを見ながら回答新着,日本リック株式会社,神奈川県,"時給1,600円～",派遣社員,派遣,求人ボックス,https://xn--pckua2a7gp15o89zb.com/jb/f4bb2465f481e2122981adcb33939ec5,True,15時間前,2026-09-30 05:10:24,神奈川県
営業事務／在宅有!安定感抜群!長期の事務新着,マンパワーグループ株式会社,神奈川県,"時給1,700円",派遣社員,派遣,求人ボックス,https://xn--pckua2a7gp15o89zb.com/jb/acd9511706b9d338f2027f8ae9e35a3f,True,8時間前,2026-09-30 05:10:24,神奈川県
週休2日制／賞与あり／急募／土日祝休みあり／オフィスワークスタッフ新着,業 (派 33-010057)...└勤怠管理、給与・賞与計算、年末調整など┗,神奈川県,年収301万円～349万,正社員,派遣,求人ボックス,https://xn--pckua2a7gp15o89zb.com/jbn/00e1ffa1ad18865a4ddab47051b24e44,True,17時間前,2026-09-30 05:10:24,神奈川県
フリーター歓迎／土日祝休みあり／即日勤務OK／オフィスワークスタッフ新着,業 (派 33-010057)...└勤怠管理、給与・賞与計算、年末調整など┗,神奈川県,年収301万円～349万,正社員,派遣,求人ボックス,https://xn--pckua2a7gp15o89zb.com/jbn/37c8c5bdc710d809d40c17cb9b20c7e0,True,17時間前,2026-09-30 05:10:28,神奈川県
エンジニアと企業のマッチング担当／未経験歓迎／昇給あり／賞与あり新着,株式会社アルトナー,神奈川県,年収400万円～550万円,正社員,派遣,求人ボックス,https://xn--pckua2a7gp15o89zb.com/jbn/1b509dbb0a5a55b7ed585bc4538d271a,True,2時間前,2026-09-30 05:10:28,神奈川県
未経験可／研修充実／システムエンジニア新着,infront株式会社,神奈川県,月給28万円～50万円,正社員,派遣,求人ボックス,https://xn--pckua2a7gp15o89zb.com/jbn/84ce9a7d8f853adac4a0bbe9ae686c98,True,11時間前,2026-09-30 05:10:28,神奈川県
受信オペレーター／横浜／加熱式たばこの問合せ／長期新着,株式会社ウィルオブ・ワーク,神奈川県,"時給1,430円",派遣社員,派遣,求人ボックス,https://xn--pckua2a7gp15o89zb.com/jb/f372105ffbe6559d19c161ada5b9d744,True,12時間前,2026-09-30 05:10:32,神奈川県
メーカー向け提案営業／未経験歓迎新着,株式会社メイテック,神奈川県,年収450万円～600万円,正社員,派遣,求人ボックス,https://xn--pckua2a7gp15o89zb.com/jbn/78b0cb9db8aabe049ba05113995f90fa,True,3時間前,2026-09-30 05:10:32,神奈川県
「横浜」大手メーカーで新聞紙の印刷・発送スタッフ／チーム作業だから未経験も安心／20・30代活躍中!新着,エヌエス・テック株式会社,神奈川県,月給23万円,正社員,派遣,求人ボックス,https://xn--pckua2a7gp15o89zb.com/jb/2ba5d4f6ea0d763fb06847e6b8f96512,True,2時間前,2026-09-30 05:10:32,神奈川県
給与計算 日産Gの安定基盤／月平均残20h／各種手当充実／年休121日新着,日産ビジネスサービス株式会社,神奈川県,年収380万円～500万円,正社員,派遣,求人ボックス,https://xn--pckua2a7gp15o89zb.com/jb/b52190d09f0fc3cad403adf236766bf6,True,8時間前,2026-09-30 05:10:32,神奈川県
「飲食店スタッフ」前払いOK!WEBでカンタン応募!時給1500円新着,株式会社LeafNxT,神奈川県,時給1500円,派遣社員,飲食,求人ボックス,https://xn--pckua2a7gp15o89zb.com/jb/fcc53574ac4d4b668869b4acb8682805,True,23時間前,2026-09-30 05:10:19,神奈川県
店舗スタッフ「一般社員」／綾瀬上土棚店新着,幸楽苑 綾瀬上土棚店,神奈川県,"月給21万5,000円",正社員,飲食,求人ボックス,https://xn--pckua2a7gp15o89zb.com/jbn/cb8f1a3e5142a49969e10499c92008d4,True,3時間前,2026-09-30 05:10:19,神奈川県
店舗スタッフ「一般社員」／川崎宿河原店新着,幸楽苑 川崎宿河原店,神奈川県,"月給21万5,000円",正社員,飲食,求人ボックス,https://xn--pckua2a7gp15o89zb.com/jbn/1bc64d4b2b71c5e1ad633909b9e6e144,True,3時間前,2026-09-30 05:10:19,神奈川県
店舗スタッフ「一般社員」／横浜港南台店新着,幸楽苑 横浜港南台店,神奈川県,"月給21万5,000円",正社員,飲食,求人ボックス,https://xn--pckua2a7gp15o89zb.com/jbn/cc039c936b704526de9c40c179ea7e9a,True,3時間前,2026-09-30 05:10:19,神奈川県
店舗スタッフ「一般社員」／イトーヨーカドー横浜別所店新着,幸楽苑 イトーヨーカドー横浜別所店,神奈川県,"月給21万5,000円",正社員,飲食,求人ボックス,https://xn--pckua2a7gp15o89zb.com/jbn/8447d1def0854559d9dae17da3bc32e6,True,3時間前,2026-09-30 05:10:19,神奈川県
店舗スタッフ「一般社員」／大和林間店新着,幸楽苑 大和林間店,神奈川県,"月給21万5,000円",正社員,飲食,求人ボックス,https://xn--pckua2a7gp15o89zb.com/jbn/c8a56921dc6759b4be777cba21c0d90e,True,3時間前,2026-09-30 05:10:19,神奈川県
店舗スタッフ「一般社員」／川崎千年店新着,幸楽苑 川崎千年店,神奈川県,"月給21万5,000円",正社員,飲食,求人ボックス,https://xn--pckua2a7gp15o89zb.com/jbn/e595c56fdb75c2dd7ab072a1eeba7e54,True,3時間前,2026-09-30 05:10:19,神奈川県
店舗スタッフ「一般社員」／川崎菅生店新着,幸楽苑 川崎菅生店,神奈川県,"月給21万5,000円",正社員,飲食,求人ボックス,https://xn--pckua2a7gp15o89zb.com/jbn/a0c5b8743e4f34172626cfb25d810211,True,3時間前,2026-09-30 05:10:19,神奈川県
店舗スタッフ「一般社員」／秦野曽屋店新着,幸楽苑 秦野曽屋店,神奈川県,"月給21万5,000円",正社員,飲食,求人ボックス,https://xn--pckua2a7gp15o89zb.com/jbn/26d81ad703e0a2c45b4b337eed4e7df5,True,3時間前,2026-09-30 05:10:19,神奈川県
店舗スタッフ「一般社員」／厚木林店新着,幸楽苑 厚木林店,神奈川県,"月給21万5,000円",正社員,飲食,求人ボックス,https://xn--pckua2a7gp15o89zb.com/jbn/3a809c336bcedf1d7ed3e48a37bbf285,True,3時間前,2026-09-30 05:10:19,神奈川県
店舗スタッフ「一般社員」／鎌倉店新着,幸楽苑 鎌倉店,神奈川県,"月給21万5,000円",正社員,飲食,求人ボックス,https://xn--pckua2a7gp15o89zb.com/jbn/27fa951a28e14ad9c0b723f6539d1864,True,3時間前,2026-09-30 05:10:19,神奈川県
店舗スタッフ「一般社員」／イオンモール大和店新着,幸楽苑 イオンモール大和店,神奈川県,"月給21万5,000円",正社員,飲食,求人ボックス,https://xn--pckua2a7gp15o89zb.com/jbn/9b91d82dd9b8e3eb323c26db6e25961e,True,3時間前,2026-09-30 05:10:19,神奈川県
店舗スタッフ「一般社員」／海老名店新着,幸楽苑 海老名店,神奈川県,"月給21万5,000円",正社員,飲食,求人ボックス,https://xn--pckua2a7gp15o89zb.com/jbn/f9c040b62c002409b639a1e338e5af86,True,3時間前,2026-09-30 05:10:19,神奈川県
店舗スタッフ「一般社員」／横浜戸塚店新着,幸楽苑 横浜戸塚店,神奈川県,"月給21万5,000円",正社員,飲食,求人ボックス,https://xn--pckua2a7gp15o89zb.com/jbn/57937211032e2400b513e8e85b0c5e04,True,3時間前,2026-09-30 05:10:19,神奈川県
店舗スタッフ「一般社員」／小田原ダイナシティウエスト店新着,幸楽苑 小田原ダイナシティウエスト店,神奈川県,"月給21万5,000円",正社員,飲食,求人ボックス,https://xn--pckua2a7gp15o89zb.com/jbn/f69c95de9e9802cd6f663ec3ff098e69,True,3時間前,2026-09-30 05:10:22,神奈川県
店舗スタッフ「一般社員」／秦野平沢店新着,幸楽苑 秦野平沢店,神奈川県,"月給21万5,000円",正社員,飲食,求人ボックス,https://xn--pckua2a7gp15o89zb.com/jbn/8ceda3635036947d064d9dc47a576f41,True,3時間前,2026-09-30 05:10:22,神奈川県
店舗スタッフ「一般社員」／厚木中依知店新着,幸楽苑 厚木中依知店,神奈川県,"月給21万5,000円",正社員,飲食,求人ボックス,https://xn--pckua2a7gp15o89zb.com/jbn/a5b9f3e9885cfb617c1506f7e20803b4,True,3時間前,2026-09-30 05:10:22,神奈川県
店舗スタッフ「一般社員」／コーナン港北インター店新着,幸楽苑 コーナン港北インター店,神奈川県,"月給21万5,000円",正社員,飲食,求人ボックス,https://xn--pckua2a7gp15o89zb.com/jbn/15fa9d0c8c3cb9298ac08d921c520ea5,True,3時間前,2026-09-30 05:10:22,神奈川県
店舗スタッフ「一般社員」／伊勢原店新着,幸楽苑 伊勢原店,神奈川県,"月給21万5,000円",正社員,飲食,求人ボックス,https://xn--pckua2a7gp15o89zb.com/jbn/ca764bee94f124617a2884af7ebd7c7a,True,3時間前,2026-09-30 05:10:22,神奈川県
店舗スタッフ「一般社員」／川崎殿町店新着,幸楽苑 川崎殿町店,神奈川県,"月給21万5,000円",正社員,飲食,求人ボックス,https://xn--pckua2a7gp15o89zb.com/jbn/a6e73a1e98f114e83c63c5767e7d4ffb,True,3時間前,2026-09-30 05:10:22,神奈川県
店舗スタッフ「一般社員」／湘南モールフィル店新着,幸楽苑 湘南モールフィル店,神奈川県,"月給21万5,000円",正社員,飲食,求人ボックス,https://xn--pckua2a7gp15o89zb.com/jbn/5a49ecb35bd2c119dda532bd5001f3d3,True,3時間前,2026-09-30 05:10:26,神奈川県
店舗スタッフ「一般社員」／島忠ホームズ川崎大師店新着,幸楽苑 島忠ホームズ川崎大師店,神奈川県,"月給21万5,000円",正社員,飲食,求人ボックス,https://xn--pckua2a7gp15o89zb.com/jbn/e3c206e7934c8e57a1cd4a332e33d261,True,3時間前,2026-09-30 05:10:26,神奈川県
完全在宅／未経験可／カスタマーサポート／年休125日以上新着,...経験不問/未経験者活躍中・第二新卒活躍中資格不問/無資格歓迎・ブランク歓迎・学歴不問ハローワークでお探しの方も歓迎 先輩たちの前職をご紹介! 営業、事務、販売,神奈川県,"月給24万7,100円",正社員,飲食,求人ボックス,https://xn--pckua2a7gp15o89zb.com/jbn/0d7c5eb1cf1a79e6fa0553cf40d5833e,True,12時間前,2026-09-30 05:10:26,神奈川県
店舗スタッフ「一般社員」／横須賀佐原店新着,幸楽苑 横須賀佐原店,神奈川県,"月給21万5,000円",正社員,飲食,求人ボックス,https://xn--pckua2a7gp15o89zb.com/jbn/6e407c04e71c32444e37ab54a51c58a7,True,3時間前,2026-09-30 05:10:26,神奈川県
店舗スタッフ「一般社員」／横須賀三春店新着,幸楽苑 横須賀三春店,神奈川県,"月給21万5,000円",正社員,飲食,求人ボックス,https://xn--pckua2a7gp15o89zb.com/jbn/6930a4e2c4ebc6a46c36f6226ad0d83f,True,3時間前,2026-09-30 05:10:26,神奈川県
完全在宅／未経験可／問い合わせ窓口／年休125日以上新着,...経験不問/未経験者活躍中・第二新卒活躍中資格不問/無資格歓迎・ブランク歓迎・学歴不問ハローワークでお探しの方も歓迎 先輩たちの前職をご紹介! 営業、事務、販売,神奈川県,月給24万500円,正社員,飲食,求人ボックス,https://xn--pckua2a7gp15o89zb.com/jbn/36ad4ab8a5ab2e2c1a52f65b7bdbc24d,True,12時間前,2026-09-30 05:10:26,神奈川県
「安定企業で安心して働ける」経歴不問のサポート事務職／土日祝休み・年間休日125日～新着,[多様なバックグラウンドを持つ仲間]現在活躍している,神奈川県,"月給21万9,000円",正社員,飲食,求人ボックス,https://xn--pckua2a7gp15o89zb.com/jbn/a6800b266c4b46cd1899f88c68cccc65,True,2時間前,2026-09-30 05:10:30,神奈川県
「新生活デビュー応援!」未経験採用枠／ガチャガチャ製造／プライベート充実新着,株式会社RIOT GROUP,神奈川県,月給28万円～50万円,正社員,飲食,求人ボックス,https://xn--pckua2a7gp15o89zb.com/jbn/95ba60c25b5ea4cb060b8a6cd3126af2,True,11時間前,2026-09-30 05:10:30,神奈川県
「ラストチャンス!」未経験採用枠／ITカスタマーサポート／手に職つける新着,株式会社alBee,神奈川県,月給25万円～37万円,正社員,飲食,求人ボックス,https://xn--pckua2a7gp15o89zb.com/jbn/6f9b143c9a8ad8bde7d4188b6c0b01d5,True,11時間前,2026-09-30 05:10:30,神奈川県
20代活躍中／「何でも聞いて」が口癖の先輩がいる一般事務新着,[多様なバックグラウンドを持つ仲間]現在活躍している,神奈川県,"月給22万3,000円",正社員,飲食,求人ボックス,https://xn--pckua2a7gp15o89zb.com/jbn/3b5a2b9e86d76d9a5e115816df5c147b,True,3時間前,2026-09-30 05:10:30,神奈川県
「細かな違いやミスを見つけるのが好きな方へ」／ゲームデバッガー／未経験歓迎／コツコツ取り組める仕事新着,株式会社SNJAPAN,神奈川県,月給27万円～34万円,正社員,飲食,求人ボックス,https://xn--pckua2a7gp15o89zb.com/jbn/ed96c14938a401c34899b9d94e888c29,True,17時間前,2026-09-30 05:10:30,神奈川県
「原則定時あがり」残業なしの一般事務／土日祝休み・年休125日新着,スタッフ,神奈川県,"月給22万6,000円",正社員,飲食,求人ボックス,https://xn--pckua2a7gp15o89zb.com/jbn/85b3695691e8e06ee93822c0a318a22d,True,2時間前,2026-09-30 05:10:30,神奈川県
イベント運営スタッフ／未経験からイベント企画・運営のプロへ!新着,株式会社エースケータリング,神奈川県,"月給26万4,000円",正社員,飲食,求人ボックス,https://xn--pckua2a7gp15o89zb.com/jbn/f31e9fd7a1469360aa126b1dcd8509be,True,11時間前,2026-09-30 05:10:30,神奈川県
「未経験OK」／OA事務／学歴不問／高給与「正社員」新着,<こんな先輩たちが活躍中>,神奈川県,月給22万500円,正社員,飲食,求人ボックス,https://xn--pckua2a7gp15o89zb.com/jbn/3efac32aadc0e7fa80d6b8fd855c7716,True,2時間前,2026-09-30 05:10:33,神奈川県
「福利厚生充実」／IT事務／第二新卒歓迎／ネイルOK「正社員」新着,...「そろそろ内勤のお仕事に挑戦したい」という方、大歓迎です。特別なPCスキルがなくても、タイピングなどの基礎から少しずつ慣れていける環境を整えています。<こんな先輩たちが活躍中>,神奈川県,月給21万500円,正社員,飲食,求人ボックス,https://xn--pckua2a7gp15o89zb.com/jbn/3f3f352c602f42e2c1132c88eb3368d5,True,2時間前,2026-09-30 05:10:33,神奈川県
事務職／充実の研修で安心スタート!／年間休日125日／一般事務／未経験でも安心新着,前職が,神奈川県,月給22万500円,正社員,飲食,求人ボックス,https://xn--pckua2a7gp15o89zb.com/jbn/dae2c7450c31750ef8883a113136beb3,True,2時間前,2026-09-30 05:10:33,神奈川県
データ入力事務／充実の研修で安心スタート!／オフィススタッフ／有給休暇あり新着,スタッフ,神奈川県,月給22万500円,正社員,飲食,求人ボックス,https://xn--pckua2a7gp15o89zb.com/jbn/d8541f96ff6cc54ba73b28b4b66a33e7,True,3時間前,2026-09-30 05:10:33,神奈川県
「プライベート充実」／営業サポート事務／データ管理／ネイルOK「正社員」新着,<活躍できる人物像>・新しい知識を吸収する意欲がある方・周囲とのコミュニケーションを大切にできる方・ルールを守り、正確な作業を心がけられる方<歓迎する前職の経験>アパレル販売/,神奈川県,月給22万500円,正社員,飲食,求人ボックス,https://xn--pckua2a7gp15o89zb.com/jbn/d50fbb6b899fa1aeb54c1e74e1bf2766,True,2時間前,2026-09-30 05:10:33,神奈川県
IT事務／未経験でも安心／土日祝休み／充実の研修で安心スタート!／経験不問新着,これまでアパレル・,神奈川県,月給22万500円,正社員,飲食,求人ボックス,https://xn--pckua2a7gp15o89zb.com/jbn/b11da6912addb70461a80e8f6746f789,True,2時間前,2026-09-30 05:10:33,神奈川県
データ入力・事務／土日祝休み／経験不問／マニュアル完備／未経験でも安心新着,前職が,神奈川県,月給22万500円,正社員,飲食,求人ボックス,https://xn--pckua2a7gp15o89zb.com/jbn/0c235669534135d387722c805ba5d550,True,3時間前,2026-09-30 05:10:33,神奈川県
「モノづくりが好き」それだけでOK!／カプセルトイのチェックスタッフ／手に職つける／未経験活躍新着,20代の,神奈川県,月給28万円～40万円,正社員,飲食,求人ボックス,https://xn--pckua2a7gp15o89zb.com/jbn/c505b9feeb5a797b332e4185598bdff8,True,11時間前,2026-09-30 05:10:37,神奈川県
「モノづくりが好き」それだけでOK!／製造アシスタント／賞与年2回／未経験活躍新着,スタッフ,神奈川県,月給28万円～40万円,正社員,飲食,求人ボックス,https://xn--pckua2a7gp15o89zb.com/jbn/d928cc77f198a5b9b800b6b1fe378ef3,True,11時間前,2026-09-30 05:10:37,神奈川県
PC入力メイン「電話対応少なめ」の事務職／未経験OK／コツコツ作業で残業なし／私服・ネイル自由新着,スタッフ,神奈川県,月給23万円～50万円,正社員,飲食,求人ボックス,https://xn--pckua2a7gp15o89zb.com/jbn/2c8209254d6d969ca1041502d38c579e,True,3時間前,2026-09-30 05:10:37,神奈川県
未経験OK!／製造アシスタント／年間休日125日以上／未経験活躍新着,スタッフ,神奈川県,月給28万円～40万円,正社員,飲食,求人ボックス,https://xn--pckua2a7gp15o89zb.com/jbn/67b825f3a6f612782d345f9880e5fb3a,True,11時間前,2026-09-30 05:10:37,神奈川県
「答えが書いてある仕事」自分の判断で悩むシーンが無いから未経験でも始めやすい／若手活躍中の職場新着,飲食,神奈川県,"月給22万5,000円",正社員,飲食,求人ボックス,https://xn--pckua2a7gp15o89zb.com/jbn/db680e800545e4bafe38f137d512193d,True,2時間前,2026-09-30 05:10:37,神奈川県
モノづくりの知識一切不問!／カプセルトイのチェックスタッフ／研修制度充実／未経験活躍新着,携帯ショップ店員、,神奈川県,月給28万円～40万円,正社員,飲食,求人ボックス,https://xn--pckua2a7gp15o89zb.com/jbn/3cf9af5e1ca32d6edb7a114c1dc090bd,True,11時間前,2026-09-30 05:10:37,神奈川県
「正社員デビュー応援」知識・経験不要のサポート事務／高収入で転勤なし新着,飲食,神奈川県,月給23万円～50万円,正社員,飲食,求人ボックス,https://xn--pckua2a7gp15o89zb.com/jbn/d35a43929adb6ff6fd5c2682d3e3e836,True,2時間前,2026-09-30 05:10:39,神奈川県
「リモート可」未経験採用枠／営業事務／年間休日125日以上新着,スタッフ,神奈川県,"月給25万1,100円",正社員,飲食,求人ボックス,https://xn--pckua2a7gp15o89zb.com/jbn/0d3cad400818284aec30d2fab4d8d1d8,True,11時間前,2026-09-30 05:10:39,神奈川県
簡単な作業ができればOK!／製造アシスタント／年間休日125日以上／未経験活躍新着,スタッフ,神奈川県,月給28万円～40万円,正社員,飲食,求人ボックス,https://xn--pckua2a7gp15o89zb.com/jbn/abaf047ae37fe9af972e2afba675bbdb,True,11時間前,2026-09-30 05:10:39,神奈川県
リモート可／未経験可／営業事務／年休125日以上新着,スタッフ,神奈川県,"月給23万9,500円",正社員,飲食,求人ボックス,https://xn--pckua2a7gp15o89zb.com/jbn/6eeafabff25e9e2840824db4363dbdfd,True,11時間前,2026-09-30 05:10:39,神奈川県
ケーブルテレビのお問い合わせ電話対応／未経験歓迎新着,株式会社One’s Will,神奈川県,年収250万円～300万円,正社員,飲食,求人ボックス,https://xn--pckua2a7gp15o89zb.com/jbn/99127a916da4626425863156a1aad56f,True,2時間前,2026-09-30 05:10:39,神奈川県
「察して動く」より「聞いて動く」で大丈夫。安心サポートと充実研修であなたのキャリアスタートを応援「入...新着,学歴や職歴は一切不問で新卒・第二新卒・フリーターの方も幅広く歓迎しています。アパレル販売、カフェ,神奈川県,月給20万円～50万円,正社員,飲食,求人ボックス,https://xn--pckua2a7gp15o89zb.com/jbn/69eaaf9386c31b7f0bb82d43755413c6,True,3時間前,2026-09-30 05:10:39,神奈川県
「モノづくりが好き」それだけでOK!／カプセルトイのチェックスタッフ／研修制度充実／未経験活躍新着,スタッフ,神奈川県,月給28万円～40万円,正社員,飲食,求人ボックス,https://xn--pckua2a7gp15o89zb.com/jbn/28d93abe4ac68a30b1a7e270809dc9b7,True,11時間前,2026-09-30 05:10:44,神奈川県
スーツ不要・毎日私服通勤OK「いつもの自分のままで」背伸びせずに馴染める、若手活躍中のオフィスワーク新着,スタッフ,神奈川県,月給23万円～50万円,正社員,飲食,求人ボックス,https://xn--pckua2a7gp15o89zb.com/jbn/e85ecf7724a5c96b7403b8399553af5a,True,3時間前,2026-09-30 05:10:44,神奈川県
毎年昇給で手取りUP／長く働くほど得をする一般事務スタッフ新着,飲食,神奈川県,"月給21万9,000円",正社員,飲食,求人ボックス,https://xn--pckua2a7gp15o89zb.com/jbn/6ef03efe4285fe0b0554a683ad310055,True,3時間前,2026-09-30 05:10:44,神奈川県
総務事務／充実の研修で安心スタート!／未経験でも安心／WEB面接可能／採用強化中新着,<異業種からの転職者も活躍中!>アパレル販売、,神奈川県,月給22万500円,正社員,飲食,求人ボックス,https://xn--pckua2a7gp15o89zb.com/jbn/4a275cf950b6c6d3cf75bf72a2296868,True,3時間前,2026-09-30 05:10:44,神奈川県
一般事務／充実の研修で安心スタート!／未経験でも安心／土日祝休み／データ入力・事務新着,...「土日休みで自分の時間を作りたい」そんなあなたの新しいスタートを応援します!。: :。: :。経験や特別なスキルは一切必要ありません。学歴不問で20代・30代を中心に活躍中です!前職が,神奈川県,月給22万500円,正社員,飲食,求人ボックス,https://xn--pckua2a7gp15o89zb.com/jbn/fc64db74c009dc4cd848511ad5d3df73,True,2時間前,2026-09-30 05:10:44,神奈川県
総務事務／充実の研修で安心スタート!／土日祝休み／ブランクOK／ネイルOK新着,<異業種からの転職者も活躍中!>アパレル販売、,神奈川県,月給22万500円,正社員,飲食,求人ボックス,https://xn--pckua2a7gp15o89zb.com/jbn/9a3bbac8fd2017bccc71386cb376efa2,True,3時間前,2026-09-30 05:10:47,神奈川県
事務・受付スタッフ／充実の研修で安心スタート!／未経験でも安心／ブランクOK／駅チカ／サポート事務新着,<異業種からの転職者も活躍中!>アパレル販売、,神奈川県,月給22万500円,正社員,飲食,求人ボックス,https://xn--pckua2a7gp15o89zb.com/jbn/3ff4035b2236d93e35daa932a48092e6,True,3時間前,2026-09-30 05:10:47,神奈川県
「モノづくりが好き」それだけでOK!／カプセルトイのチェックスタッフ／賞与年2回／未経験活躍新着,スタッフ,神奈川県,月給28万円～40万円,正社員,飲食,求人ボックス,https://xn--pckua2a7gp15o89zb.com/jbn/d9d4a7103268683790548534dc36df32,True,11時間前,2026-09-30 05:10:47,神奈川県
介護職／ヘルパー／豊田市加納町の特別養護老人ホーム／愛知環状鉄道新着,セントスタッフ名古屋支店,愛知県,"日給1万3,000円",派遣社員,介護,求人ボックス,https://xn--pckua2a7gp15o89zb.com/jb/6f5f5b34e9c0a41fbfb90619006d3aed,True,6時間前,2026-09-30 05:10:30,愛知県
介護職／月収23万7000円～31万1000円可+賞与／高畑駅から徒歩...新着,介護付有料老人ホーム セレーノ荒子公園,愛知県,"月給23万7,000円",正社員,介護,求人ボックス,https://xn--pckua2a7gp15o89zb.com/jb/c22fc015f9d05de569a4a90022a6660a,True,19時間前,2026-09-30 05:10:30,愛知県
グループホーム／介護職／資格取得支援／研修制度充実／賞与年2回新着,株式会社レガート,愛知県,"月給26万5,000円",正社員,介護,求人ボックス,https://xn--pckua2a7gp15o89zb.com/jb/02fdd23775f474788990c3f20c2a1cc5,True,7時間前,2026-09-30 05:10:31,愛知県
介護職／併設型のグループホーム 定員9名／未経験者歓迎新着,社会福祉法人サン・ビジョン,愛知県,"月給22万2,000円",正社員,介護,求人ボックス,https://xn--pckua2a7gp15o89zb.com/jb/302fd47e9f985d0279b3f1a17281f70c,True,11時間前,2026-09-30 05:10:33,愛知県
社会保険完備の職場で介護職／ヘルパー新着,至福の道,愛知県,月給24万円～,正社員,介護,求人ボックス,https://xn--pckua2a7gp15o89zb.com/jb/a3f124d4b4f402bf790906b562adcbd6,True,7時間前,2026-09-30 05:10:36,愛知県
介護職／デイサービス／ヒューマンライフケア 岡崎の湯新着,ヒューマンライフケア株式会社,愛知県,"時給1,400円～",アルバイト・パート,介護,求人ボックス,https://xn--pckua2a7gp15o89zb.com/jb/57ca57bf649660501ec5e6c10d744a07,True,4時間前,2026-09-30 05:10:39,愛知県
デイサービス／介護職／10-14時／パナソニック エイジフリーケアセン...新着,パナソニック エイジフリー株式会社,愛知県,"時給1,282円～",アルバイト・パート,介護,求人ボックス,https://xn--pckua2a7gp15o89zb.com/jb/b7194dcc957ffd70d0b1531ade3412bb,True,6時間前,2026-09-30 05:10:39,愛知県
介護職／グループホームの介護スタッフ新着,株式会社ケア21,愛知県,"月給22万6,246円",正社員,介護,求人ボックス,https://xn--pckua2a7gp15o89zb.com/jb/ef39b5badf8e38c9d01c826077362916,True,14時間前,2026-09-30 05:10:39,愛知県
社会保険完備の職場で介護職／ヘルパー新着,ショートステイほほえみ,愛知県,"月給19万6,300円",正社員,介護,求人ボックス,https://xn--pckua2a7gp15o89zb.com/jb/2914494bea6b04eb693e461dc5939b17,True,7時間前,2026-09-30 05:10:43,愛知県
訪問介護スタッフ／日勤／介護福祉士／介護職／介護士／介護スタッフ新着,ケアリッツ新瑞橋,愛知県,"月給28万5,000円",正社員,介護,求人ボックス,https://xn--pckua2a7gp15o89zb.com/jb/2d4cad61f7065a05a8048bb654fb9be4,True,4時間前,2026-09-30 05:10:43,愛知県
介護スタッフ・社会保険完備の職場で介護職／ヘルパー新着,にこやかライフハウス一宮三条,愛知県,"時給1,340円～1,400円",アルバイト・パート,介護,求人ボックス,https://xn--pckua2a7gp15o89zb.com/jb/38942d12c3500890e5c325dfd98769b2,True,7時間前,2026-09-30 05:10:46,愛知県
訪問介護スタッフ／日勤／実務者研修／ヘルパー1級／介護職／介護士新着,ケアリッツ上前津,愛知県,"月給27万5,000円",正社員,介護,求人ボックス,https://xn--pckua2a7gp15o89zb.com/jb/a9fce952ad2cef170f5e7a995c93ffc4,True,4時間前,2026-09-30 05:10:46,愛知県
ヘルパー・未経験可の介護職／ヘルパー新着,ワンワールド訪問介護事業所,愛知県,"時給1,195円～1,300円",アルバイト・パート,介護,求人ボックス,https://xn--pckua2a7gp15o89zb.com/jb/53a3792a324ac02fc2b50e752650cd3d,True,7時間前,2026-09-30 05:10:49,愛知県
コンシェルジュ・社会保険完備の職場で介護職／ヘルパー新着,サービス付き高齢者向け住宅 モテット名古屋,愛知県,月給20万円～26万,正社員,介護,求人ボックス,https://xn--pckua2a7gp15o89zb.com/jb/cdfeeb177396cd07c7f0e46347c153a9,True,7時間前,2026-09-30 05:10:49,愛知県
ツクイのデイサービス介護職／土日祝出勤あり新着,株式会社ツクイ,愛知県,"時給1,140円",アルバイト・パート,介護,求人ボックス,https://xn--pckua2a7gp15o89zb.com/jb/516e5a16172b9c076566641378d1ec4b,True,14時間前,2026-09-30 05:10:51,愛知県
ホーム入浴サポートスタッフ／人気のレア求人未経験から介護職へ新着,株式会社福祉の里,愛知県,"月給23万7,000円",正社員,介護,求人ボックス,https://xn--pckua2a7gp15o89zb.com/jb/0a408a7ea0d7081e6226dd23bc59307d,True,9時間前,2026-09-30 05:10:51,愛知県
介護職／有料老人ホーム新着,株式会社グリップ 住宅型有料老人ホームひだまりの...,愛知県,"月給17万5,000円",正社員,介護,求人ボックス,https://xn--pckua2a7gp15o89zb.com/jb/8f63dce8394dc7c08419e9613708d728,True,2時間前,2026-09-30 05:10:54,愛知県
介護職・ヘルパー／即日勤務可能 高時給案件 日勤のみ! 勤務日数は週3...新着,株式会社ベネッセキャリオス,愛知県,"時給1,500円～1,610円",派遣社員,介護,求人ボックス,https://xn--pckua2a7gp15o89zb.com/jb/37427a52ef7b6c09711b607ad6ad65c5,True,22時間前,2026-09-30 05:10:54,愛知県
「豊田」大手メーカーで自動車製造のライン作業／未経験から学べる教育体制と将来のキャリアパスあり新着,エヌエス・テック株式会社,愛知県,月給26万円,正社員,介護,求人ボックス,https://xn--pckua2a7gp15o89zb.com/jb/4ab78f4c9c7177ed62d4de191f996db6,True,2時間前,2026-09-30 05:10:54,愛知県
介護の相談するなら株式会社アクアコーポレーション!／まずは相談での応募可新着,株式会社アクアコーポレーション,愛知県,"月給21万8,250円",正社員,介護,求人ボックス,https://xn--pckua2a7gp15o89zb.com/jb/16d2751bb273d8c1632bc49fa77c8c75,True,6時間前,2026-09-30 05:10:54,愛知県
クリニックでの医療事務／経験歓迎／フリーターOK／シフト制新着,医療事務,愛知県,"月給20万5,000円",正社員,医療事務,求人ボックス,https://xn--pckua2a7gp15o89zb.com/jbn/d21cb6602790f755b609403cac602ee2,True,3時間前,2026-09-30 05:10:35,愛知県
病院での医療事務／経験者可能／フリーターOK／昇給あり／有給休暇新着,医療事務,愛知県,"月給19万1,520円",正社員,医療事務,求人ボックス,https://xn--pckua2a7gp15o89zb.com/jbn/e525f96639d0a9385538db60365a262e,True,3時間前,2026-09-30 05:10:35,愛知県
調剤薬局での医療事務 調剤補助 未経験可 手厚い研修制度 年間122日...新着,キョーワ薬局株式会社,愛知県,月給21万円～24万円,正社員,医療事務,求人ボックス,https://xn--pckua2a7gp15o89zb.com/jb/be5b1732a3b9774400aa2978420c4774,True,4時間前,2026-09-30 05:10:35,愛知県
医療事務 土日休み 在宅クリニック 完全週休2日制新着,株式会社メディカル・ライフアップ,愛知県,月給30万円,正社員,医療事務,求人ボックス,https://xn--pckua2a7gp15o89zb.com/jb/854f788b933c9c866b66ba6e2ac6b30f,True,5時間前,2026-09-30 05:10:35,愛知県
週40時間勤務・駅近・車通勤可・医療事務未経験OK新着,そえだ腎・泌尿器科クリニック,愛知県,"月給21万3,000円",正社員,医療事務,求人ボックス,https://xn--pckua2a7gp15o89zb.com/jb/29863c4ce11b3b0a66ee29796a55543d,True,22時間前,2026-09-30 05:10:35,愛知県
医療事務／フルタイム歓迎!家庭都合のシフト調整可!月平均残業時間20時...新着,株式会社ルフト・メディカルケア,愛知県,"時給1,200円",派遣社員,医療事務,求人ボックス,https://xn--pckua2a7gp15o89zb.com/jb/b437c3792973a6f3ed6d3d0a2c3e296b,True,22時間前,2026-09-30 05:10:40,愛知県
医療事務募集新着,灰本クリニック,愛知県,"時給1,170円～1,300円",アルバイト・パート,医療事務,求人ボックス,https://xn--pckua2a7gp15o89zb.com/jb/b365d155403b3b1a6385b4a7f291cf8a,True,7時間前,2026-09-30 05:10:40,愛知県
検体検査受付・医療事務・渉外業務 未経験歓迎新着,株式会社グッドライフデザイン,愛知県,"月給24万5,000円",正社員,医療事務,求人ボックス,https://xn--pckua2a7gp15o89zb.com/jb/3db335fd2be748a0f85405fba081b600,True,18時間前,2026-09-30 05:10:40,愛知県
医療事務募集新着,栄エンゼルクリニック,愛知県,"月給21万5,000円",正社員,医療事務,求人ボックス,https://xn--pckua2a7gp15o89zb.com/jb/740c423faa8e38f91a0cf02c870937b8,True,7時間前,2026-09-30 05:10:44,愛知県
クリニックの受付・データ入力医療事務／未経験OK時給1600円～&週3...新着,ウィーメックス株式会社,愛知県,時給1600円～,派遣社員,医療事務,求人ボックス,https://xn--pckua2a7gp15o89zb.com/jb/82b857cf727d0f07c20d2d07a872a7de,True,7時間前,2026-09-30 05:10:44,愛知県
医療事務+ 一般事務新着,株式会社リクルートスタッフィング,愛知県,"時給1,650円～",派遣社員,医療事務,求人ボックス,https://xn--pckua2a7gp15o89zb.com/jb/f692609f7b735fbe8187da6db07ba58b,True,20時間前,2026-09-30 05:10:44,愛知県
医療事務募集新着,医療法人寿康会 大府病院,愛知県,"時給1,170円～1,300円",アルバイト・パート,医療事務,求人ボックス,https://xn--pckua2a7gp15o89zb.com/jb/4f2d21daa07a67d7d596424dbe71782e,True,7時間前,2026-09-30 05:10:47,愛知県
医療事務募集新着,こころからだクリニック,愛知県,"月給21万3,000円",正社員,医療事務,求人ボックス,https://xn--pckua2a7gp15o89zb.com/jb/a6993ddd6c83283641b7d70c7a3bb706,True,7時間前,2026-09-30 05:10:47,愛知県
内科クリニックで医療事務新着,ヒューマンリソシア株式会社,愛知県,"時給1,500円",派遣社員,医療事務,求人ボックス,https://xn--pckua2a7gp15o89zb.com/jb/ba57a50087f811c8fa161024c5786de4,True,9時間前,2026-09-30 05:10:47,愛知県
大同病院での医療事務／扶養内／8時半～13時新着,事務,愛知県,"時給1,300円～1,350円",パート,医療事務,求人ボックス,https://xn--pckua2a7gp15o89zb.com/jb/11c1eb6f4960b9caa1c7becf2bad0a51,True,14時間前,2026-09-30 05:10:47,愛知県
医療事務／経験や資格必要なし／日祝は午前のみ・木曜休み新着,株式会社G&G,愛知県,"時給1,300円",派遣社員,医療事務,求人ボックス,https://xn--pckua2a7gp15o89zb.com/jb/6ba33400a5c836d7d51d8703b1f4ea0c,True,17時間前,2026-09-30 05:10:50,愛知県
無資格可の医療事務／受付新着,とし歯科・矯正歯科,愛知県,月給23万円～,正社員,医療事務,求人ボックス,https://xn--pckua2a7gp15o89zb.com/jb/9c48b2d01ef223018c9189c86b17823e,True,7時間前,2026-09-30 05:10:50,愛知県
「高収入」／IT事務／充実の研修で安心スタート!／オフィススタッフ／社会保険完備新着,事務,愛知県,月給19万500円,正社員,医療事務,求人ボックス,https://xn--pckua2a7gp15o89zb.com/jbn/d4f2f3d4277b73b91b1d515851ff615f,True,3時間前,2026-09-30 05:10:50,愛知県
事務・受付スタッフ／完全週休2日制／オフィスワーク／充実の研修で安心スタート新着,安定した環境で長く働ける,愛知県,月給19万500円,正社員,医療事務,求人ボックス,https://xn--pckua2a7gp15o89zb.com/jbn/514afc1d039e32e3812790c51e788a77,True,2時間前,2026-09-30 05:10:53,愛知県
営業サポート事務／事務アシスタント／充実の研修で安心スタート!／残業なし新着,事務,愛知県,月給19万500円,正社員,医療事務,求人ボックス,https://xn--pckua2a7gp15o89zb.com/jbn/c585f3232236c3158f05f82fda364d10,True,2時間前,2026-09-30 05:10:53,愛知県
「未経験OK」／ITサポート事務／ブランクOK／ワークライフバランス充実「正社員」新着,事務,愛知県,月給19万500円,正社員,医療事務,求人ボックス,https://xn--pckua2a7gp15o89zb.com/jbn/0542630b5fb8d9c2d67570c9c2fc5fd3,True,2時間前,2026-09-30 05:10:53,愛知県
総務事務／WEB面接可能／充実の研修で安心スタート!／バックオフィススタッフ新着,冷暖房完備の快適なオフィスで、座ってサクサク進められる,愛知県,月給19万500円,正社員,医療事務,求人ボックス,https://xn--pckua2a7gp15o89zb.com/jbn/543a72357a4e0973ac7bce59f4769eb9,True,2時間前,2026-09-30 05:10:57,愛知県
「未経験歓迎」／営業サポート事務／WEB面接可能／産休・育休あり「正社員」新着,未経験から,愛知県,月給19万500円,正社員,医療事務,求人ボックス,https://xn--pckua2a7gp15o89zb.com/jbn/40c40a72f3ef81539e2074b279ec9902,True,2時間前,2026-09-30 05:10:57,愛知県
「福利厚生充実」／事務スタッフ／データ管理／採用強化中「正社員」新着,事務,愛知県,月給19万500円,正社員,医療事務,求人ボックス,https://xn--pckua2a7gp15o89zb.com/jbn/0a7e6934f9e458ef15b6cdf6ad25fad7,True,2時間前,2026-09-30 05:10:57,愛知県
「土日祝は完全オフ」連休もしっかり取れる正社員の一般事務新着,働きながら一歩ずつ,愛知県,"月給22万7,000円",正社員,医療事務,求人ボックス,https://xn--pckua2a7gp15o89zb.com/jbn/d099cc6bb52fe87171b46308a5891ac7,True,3時間前,2026-09-30 05:10:57,愛知県
「高収入」／IT事務／完全週休2日制／充実の研修で安心スタート!／事務アシスタント新着,医療事務,愛知県,月給19万500円,正社員,医療事務,求人ボックス,https://xn--pckua2a7gp15o89zb.com/jbn/e33c9af834dc666f64a8fab88c481ee2,True,2時間前,2026-09-30 05:11:00,愛知県
オフィスワーク／充実の研修で安心スタート!／残業なし／高収入／完全週休2日制新着,事務,愛知県,月給19万500円,正社員,医療事務,求人ボックス,https://xn--pckua2a7gp15o89zb.com/jbn/66ed552b4d9434bc12a5036683b5914b,True,3時間前,2026-09-30 05:11:00,愛知県
総務事務・完全週休2日制・復職実績多数・サポート体制充実・名古屋市中区丸の内2丁目新着,株式会社GUM,愛知県,"月給26万9,400円",正社員,医療事務,求人ボックス,https://xn--pckua2a7gp15o89zb.com/jbn/e5fe201b1b103efe3ac1da885c934bd8,True,8時間前,2026-09-30 05:11:00,愛知県
「プライベート充実」／営業サポート事務／社会保険完備／コツコツ作業「正社員」新着,事務,愛知県,月給19万500円,正社員,医療事務,求人ボックス,https://xn--pckua2a7gp15o89zb.com/jbn/2c9dd59024238cdc5a382edf6f0170bc,True,2時間前,2026-09-30 05:11:00,愛知県
事務職／営業事務／未経験歓迎／残業ほぼなし／ネイルOK／髪型自由新着,事務,愛知県,"月給22万6,000円",正社員,医療事務,求人ボックス,https://xn--pckua2a7gp15o89zb.com/jbn/ebaabda39460eb3ba21174dcc41e1737,True,2時間前,2026-09-30 05:11:04,愛知県
「未経験歓迎」／データ入力事務／学歴不問／高給与「正社員」新着,安定した環境で長く働ける,愛知県,月給19万500円,正社員,医療事務,求人ボックス,https://xn--pckua2a7gp15o89zb.com/jbn/09815c279ee22989b5b7ea72b5ea7621,True,2時間前,2026-09-30 05:11:04,愛知県
もくもくPC入力で安心勤務!家庭と両立しやすい職場／一般事務／土日祝休み新着,株式会社プロジェクトトリガー,愛知県,"月給25万3,900円",正社員,医療事務,求人ボックス,https://xn--pckua2a7gp15o89zb.com/jbn/246badffba4cb226b7fcb6946d57e954,True,9時間前,2026-09-30 05:11:04,愛知県
受付事務「正社員」メリハリある働き方・サポート体制充実・第二新卒歓迎・名古屋市中区栄3丁目新着,株式会社Le Lien,愛知県,月給26万円～42万円,正社員,医療事務,求人ボックス,https://xn--pckua2a7gp15o89zb.com/jbn/380cc7aecbf22107c948bc2bd358660d,True,9時間前,2026-09-30 05:11:04,愛知県
「高収入」／IT事務／充実の研修で安心スタート!／デスクワーク／ワークライフバランス充実新着,事務,愛知県,月給19万500円,正社員,医療事務,求人ボックス,https://xn--pckua2a7gp15o89zb.com/jbn/d3585f5f7d2ccb3fdf0bf820d2969778,True,2時間前,2026-09-30 05:11:04,愛知県
保育士新着,アスクあじま保育園,愛知県,"時給1,400円",アルバイト・パート,保育,求人ボックス,https://xn--pckua2a7gp15o89zb.com/jb/f0897c1a6409a96a8a529d7b474bc9d4,True,4時間前,2026-09-30 05:10:50,愛知県
保育士／東海市加木屋町の小規模認可園／名鉄河和線「高横須賀駅」新着,セントスタッフ名古屋支店,愛知県,"時給1,250円",アルバイト・パート,保育,求人ボックス,https://xn--pckua2a7gp15o89zb.com/jb/476c8dd07f42d337328d5991fe54d0c7,True,6時間前,2026-09-30 05:10:50,愛知県
保育士新着,らもーれこども教室 徳重,愛知県,"時給1,380円",アルバイト・パート,保育,求人ボックス,https://xn--pckua2a7gp15o89zb.com/jb/21a4b6b328ee0d5da3aea35c97193313,True,4時間前,2026-09-30 05:10:51,愛知県
保育士新着,10にんといろ,愛知県,"時給1,500円",アルバイト・パート,保育,求人ボックス,https://xn--pckua2a7gp15o89zb.com/jb/942d02a0faab263b9bed34b0e36b188b,True,4時間前,2026-09-30 05:10:53,愛知県
保育士新着,株式会社エージェント,愛知県,"時給1,800円",アルバイト・パート,保育,求人ボックス,https://xn--pckua2a7gp15o89zb.com/jb/636c03bf636e6922a0f38c880e492001,True,4時間前,2026-09-30 05:10:53,愛知県
保育士新着,障がい児通所支援事業所JIN KIDS hina,愛知県,"時給1,140円～1,150円",アルバイト・パート,保育,求人ボックス,https://xn--pckua2a7gp15o89zb.com/jb/9eeaf9debdcd565dec0113220e1fad5b,True,4時間前,2026-09-30 05:10:53,愛知県
保育士新着,マ・メール知多保育園,愛知県,"時給1,260円～1,500円",正社員,保育,求人ボックス,https://xn--pckua2a7gp15o89zb.com/jb/099b1b0815b7a6898824b4d61eb5ad5a,True,4時間前,2026-09-30 05:10:56,愛知県
保育士新着,JIN KIDS sakurai,愛知県,"時給1,200円～1,270円",アルバイト・パート,保育,求人ボックス,https://xn--pckua2a7gp15o89zb.com/jb/d3d0acc39d6a03852871a725fd048373,True,4時間前,2026-09-30 05:11:00,愛知県
保育士新着,放課後等デイサービス わんぱくクラブ2,愛知県,"時給1,500円",アルバイト・パート,保育,求人ボックス,https://xn--pckua2a7gp15o89zb.com/jb/c21a78d1978445d3e85a3f55a01c74df,True,4時間前,2026-09-30 05:11:00,愛知県
保育士新着,スクルドエンジェル保育園一宮平和園,愛知県,"時給1,140円～1,240円",アルバイト・パート,保育,求人ボックス,https://xn--pckua2a7gp15o89zb.com/jb/53c9a620589f565cc2b48c5bfa49ff3a,True,4時間前,2026-09-30 05:11:03,愛知県
保育士新着,マ・メール如意申保育園,愛知県,"時給1,260円～1,500円",アルバイト・パート,保育,求人ボックス,https://xn--pckua2a7gp15o89zb.com/jb/a896ee74d60d042231f81e8083d0c70c,True,4時間前,2026-09-30 05:11:03,愛知県
保育士新着,みらい保育園やとみ,愛知県,"時給1,280円～1,630円",アルバイト・パート,保育,求人ボックス,https://xn--pckua2a7gp15o89zb.com/jb/f7929c2d1c99b4d16515f790491d2609,True,4時間前,2026-09-30 05:11:03,愛知県
保育士新着,朝倉保育園,愛知県,"時給1,400円～1,562円",アルバイト・パート,保育,求人ボックス,https://xn--pckua2a7gp15o89zb.com/jb/e4c16ed06afcbf68d14672666e4ce952,True,4時間前,2026-09-30 05:11:03,愛知県
保育士新着,白帝保育園,愛知県,"時給1,140円",アルバイト・パート,保育,求人ボックス,https://xn--pckua2a7gp15o89zb.com/jb/4efeca02bfb1a4ee3a9859e0a26ef73f,True,4時間前,2026-09-30 05:11:07,愛知県
保育士新着,スター・キッズ西春,愛知県,"時給1,250円",アルバイト・パート,保育,求人ボックス,https://xn--pckua2a7gp15o89zb.com/jb/a535c712612cd19bc407849efec8b5a4,True,4時間前,2026-09-30 05:11:07,愛知県
保育士新着,らもーれこども教室 守山,愛知県,"時給1,380円",正社員,保育,求人ボックス,https://xn--pckua2a7gp15o89zb.com/jb/625656808b9af5a644ebe32dc7e6135a,True,4時間前,2026-09-30 05:11:10,愛知県
保育士新着,ことりの保育園,愛知県,"時給1,140円～1,190円",アルバイト・パート,保育,求人ボックス,https://xn--pckua2a7gp15o89zb.com/jb/2692ef2e7e3a9652a34dadcfd581221a,True,4時間前,2026-09-30 05:11:14,愛知県
保育士新着,みらい保育園清洲,愛知県,"時給1,390円～1,520円",アルバイト・パート,保育,求人ボックス,https://xn--pckua2a7gp15o89zb.com/jb/72f7e810f369b08edf73b147b168d261,True,4時間前,2026-09-30 05:11:14,愛知県
保育士新着,放課後等デイサービス ふぇりーちぇ,愛知県,"時給1,200円～1,400円",正社員,保育,求人ボックス,https://xn--pckua2a7gp15o89zb.com/jb/ee42cd1eb37d4cacaf6e8729b0899307,True,4時間前,2026-09-30 05:11:17,愛知県
「ヘアカットに特化して活躍できる美容師」／平均年間休日120日以上新着,QBハウスイオンタウン千種,愛知県,"月給27万1,000円",正社員,美容,求人ボックス,https://xn--pckua2a7gp15o89zb.com/jbn/80990d4d45d742fc7157d40b0943779a,True,2時間前,2026-09-30 05:10:58,愛知県
「手荒れ・水仕事なしのカット専門美容師／スタイリスト」／ママさんの応募...新着,QBハウスイオンモール大高,愛知県,"月給27万1,000円",正社員,美容,求人ボックス,https://xn--pckua2a7gp15o89zb.com/jbn/80e476ae37ae6d5af7b362777929e7ce,True,3時間前,2026-09-30 05:10:58,愛知県
「ヘアカットに特化して活躍できる美容師」／地域手当あり／交通費支給新着,QBハウスイオンモール木曽川,愛知県,"月給27万1,000円",正社員,美容,求人ボックス,https://xn--pckua2a7gp15o89zb.com/jbn/0f36e361368069ad6ebdd43856e18272,True,2時間前,2026-09-30 05:10:58,愛知県
「東証プライム上場企業で安定収入の美容師」／急募／歩合制なし新着,QBハウスmozoワンダーシティ,愛知県,"月給27万1,000円",正社員,美容,求人ボックス,https://xn--pckua2a7gp15o89zb.com/jbn/6f3224e2d450c26b15998b32ac4f3892,True,3時間前,2026-09-30 05:10:58,愛知県
「東証プライム上場企業で安定収入の美容師」／平均年間休日120日以上新着,QBハウスイオンモールナゴヤドーム前,愛知県,"月給27万1,000円",正社員,美容,求人ボックス,https://xn--pckua2a7gp15o89zb.com/jbn/4285d34fce36be94616eb88df7bb6a87,True,2時間前,2026-09-30 05:10:58,愛知県
「手荒れ・水仕事なしのカット専門美容師・理容師／スタイリスト」新着,QBHOUSE／ロジスカットスクール名古屋校,愛知県,"月給23万3,000円",正社員,美容,求人ボックス,https://xn--pckua2a7gp15o89zb.com/jbn/e07c3accf1525432da4f43973ac48e10,True,2時間前,2026-09-30 05:10:58,愛知県
美容師／スタイリスト／グロウ新着,株式会社Grande Echelle,愛知県,月給25万円～30万円,正社員,美容,求人ボックス,https://xn--pckua2a7gp15o89zb.com/jb/aae153f89b833276fc0d57d4d2c72655,True,6時間前,2026-09-30 05:10:58,愛知県
美容師／スタイリスト／ミクスチャー新着,株式会社petite ile,愛知県,,,美容,求人ボックス,https://xn--pckua2a7gp15o89zb.com/jb/4faa52a3fdb06ea154e53c9ac020d245,True,6時間前,2026-09-30 05:10:59,愛知県
美容師／アシスタント／リエットヘアー 西尾市杢左店新着,株式会社LING,愛知県,月給19万円～42万円,正社員,美容,求人ボックス,https://xn--pckua2a7gp15o89zb.com/jb/b102ce95562f1eff88ed1c52909036ae,True,7時間前,2026-09-30 05:10:59,愛知県
アイスタイリストスタッフ新着,株式会社トーズホールディングス,愛知県,"時給1,140円",アルバイト・パート,美容,求人ボックス,https://xn--pckua2a7gp15o89zb.com/jb/0c0f8acac38822c24ff4d6ac53b57ac3,True,7時間前,2026-09-30 05:10:59,愛知県
美容脱毛サロンでのうなじ・眉毛・もみあげ施術スタッフ／土日祝休みあり／昇給あり／主婦・主夫歓迎新着,株式会社ふんどし,愛知県,月給22万円～28万円,正社員,美容,求人ボックス,https://xn--pckua2a7gp15o89zb.com/jbn/9c5f142d1fa5ba3aa790a6ffbd7ebe43,True,2時間前,2026-09-30 05:10:59,愛知県
「転勤なし」／ITサポート事務／20代・30代活躍中／高給与「正社員」新着,[後]固定休みで自分の時間を満喫!カフェ店員、,愛知県,月給19万500円,正社員,美容,求人ボックス,https://xn--pckua2a7gp15o89zb.com/jbn/f4b5309f1b3a418bebd929e5ea04b1ed,True,2時間前,2026-09-30 05:10:59,愛知県
月給30万～／未経験採用枠／研修充実／Tiktok運用エンジニア新着,ナナイロモバイル株式会社,愛知県,月給30万～,正社員,美容,求人ボックス,https://xn--pckua2a7gp15o89zb.com/jbn/33f19a5e52339c389a065e5e627b9d3c,True,11時間前,2026-09-30 05:10:59,愛知県
「新生活デビュー応援!」未経験採用枠／ガチャガチャ製造／寮・社宅・家賃補助あり新着,株式会社RIOT,愛知県,月給28万円～50万円,正社員,美容,求人ボックス,https://xn--pckua2a7gp15o89zb.com/jbn/b26c171c5a47444925da8ae09835075c,True,12時間前,2026-09-30 05:11:02,愛知県
「まだ間に合う!」未経験採用枠／カプセルトイ製造オペレーター／プライベート充実新着,AQUARIUS株式会社,愛知県,月給28万円～50万円,正社員,美容,求人ボックス,https://xn--pckua2a7gp15o89zb.com/jbn/41a18d1a1ea007e057d829ae526e995f,True,12時間前,2026-09-30 05:11:02,愛知県
「新生活デビュー応援!」未経験採用枠／製造スタッフ・カプセルトイ／年間休日125日以上新着,Yts株式会社,愛知県,月給28万円～50万円,正社員,美容,求人ボックス,https://xn--pckua2a7gp15o89zb.com/jbn/0510a8d1cd1ad9949445ac603a6a03af,True,11時間前,2026-09-30 05:11:02,愛知県
「新生活デビュー応援!」未経験採用枠／製造スタッフ・カプセルトイ／研修充実新着,株式会社RIOT GROUP,愛知県,月給28万円～50万円,正社員,美容,求人ボックス,https://xn--pckua2a7gp15o89zb.com/jbn/1074329d4efabf5ef40eec79d2816cb0,True,12時間前,2026-09-30 05:11:02,愛知県
「まだ間に合う!」未経験採用枠／製造工場での軽作業・カプセルトイ／研修充実新着,株式会社小林,愛知県,月給28万円～50万円,正社員,美容,求人ボックス,https://xn--pckua2a7gp15o89zb.com/jbn/5a57a42b18dbc59f96022d3f1c2bb7b8,True,12時間前,2026-09-30 05:11:02,愛知県
「定員残りわずか!」未経験採用枠／ITカスタマーサポート／寮・社宅・家賃補助あり新着,株式会社alBee,愛知県,"月給29万5,000円",正社員,美容,求人ボックス,https://xn--pckua2a7gp15o89zb.com/jbn/721ff77be80b8efbad84223b117b316d,True,11時間前,2026-09-30 05:11:02,愛知県
フルリモート／データ入力／未経験OK／フレックス出社可新着,飲食店、,愛知県,"月給22万3,800円",正社員,美容,求人ボックス,https://xn--pckua2a7gp15o89zb.com/jbn/7b46023036182c5e8072757a80447a05,True,11時間前,2026-09-30 05:11:02,愛知県
完全在宅／一般事務／高収入／完全土日休み新着,飲食店、,愛知県,"月給22万5,400円",正社員,美容,求人ボックス,https://xn--pckua2a7gp15o89zb.com/jbn/e6d6de233741677de93001c86d2ae065,True,11時間前,2026-09-30 05:11:05,愛知県
フルリモート／データ入力／高収入／フレックス出社可新着,飲食店、,愛知県,"月給22万2,400円",正社員,美容,求人ボックス,https://xn--pckua2a7gp15o89zb.com/jbn/b2f1b46e137949defe1e85de1ce0b1db,True,11時間前,2026-09-30 05:11:05,愛知県
完全在宅／事務／未経験OK／完全週休2日新着,飲食店、,愛知県,"月給22万1,400円",正社員,美容,求人ボックス,https://xn--pckua2a7gp15o89zb.com/jbn/d51fce944de4c7720136f0241fc507b3,True,12時間前,2026-09-30 05:11:05,愛知県
フルリモート／一般事務／高収入／完全土日休み新着,飲食店、,愛知県,"月給22万1,700円",正社員,美容,求人ボックス,https://xn--pckua2a7gp15o89zb.com/jbn/eaf2d8dd0ad075a7ef9e35c64ad04caa,True,11時間前,2026-09-30 05:11:05,愛知県
「年間休日125日以上」／事務・受付スタッフ／ブランクOK／ネイルOK「正社員」新着,...チームメンバーのサポートにやりがいを感じる ワークライフバランスを整えたい接客・販売・飲食などのサービス業からオフィスワークへ切り替えたい方に最適!PCに触れる機会が少なかった元アパレルスタッフ,愛知県,月給19万500円,正社員,美容,求人ボックス,https://xn--pckua2a7gp15o89zb.com/jbn/e60d66895130d7c344d7b550ec335185,True,2時間前,2026-09-30 05:11:05,愛知県
「高収入」送迎運転手「普通免許のみ」／VIP送迎ドライバー／ドライバー／年収600万円以上新着,...カレンダー通りに休める事務職へ転職したい」「プライベートの時間もしっかり確保しながら働きたい」そんな希望が叶う職場です。ExcelやWordの基本操作ができれば、実務経験がなくても全く問題ありま,愛知県,月給50万円～80万円,正社員,美容,求人ボックス,https://xn--pckua2a7gp15o89zb.com/jbn/124fcb51019bb540e4909563d37efda7,True,10時間前,2026-09-30 05:11:08,愛知県
送迎運転手「普通免許のみ」／年収600万円以上／予約が中心／未経験でも高収入／週3出勤新着,...カレンダー通りに休める事務職へ転職したい」「プライベートの時間もしっかり確保しながら働きたい」そんな希望が叶う職場です。ExcelやWordの基本操作ができれば、実務経験がなくても全く問題ありま,愛知県,月給50万円～80万円,正社員,美容,求人ボックス,https://xn--pckua2a7gp15o89zb.com/jbn/2e61ebb232f453017a2225282ed638fb,True,10時間前,2026-09-30 05:11:08,愛知県
「転勤なし」／営業事務／ブランクOK／ボーナスあり「正社員」新着,...特別な経験や資格は必要ありません。あなたの「変わりたい」気持ちを大切にします  こんな変化を実感できます[前]不規則な休みで友人と予定が合わない…[後]固定休みで自分の時間を満喫!カフェ店員、,愛知県,月給19万500円,正社員,美容,求人ボックス,https://xn--pckua2a7gp15o89zb.com/jbn/e3be07df0e10f3a96d555a853c5fd6d4,True,2時間前,2026-09-30 05:11:08,愛知県
「転勤なし」／総務事務／20代・30代活躍中／高収入「正社員」新着,...特別な経験や資格は必要ありません。あなたの「変わりたい」気持ちを大切にします  こんな変化を実感できます[前]不規則な休みで友人と予定が合わない…[後]固定休みで自分の時間を満喫!カフェ店員、,愛知県,月給19万500円,正社員,美容,求人ボックス,https://xn--pckua2a7gp15o89zb.com/jbn/f6501cce4a39555e9e156d76d9c9b04f,True,2時間前,2026-09-30 05:11:08,愛知県
完全在宅／一般事務／未経験OK／完全週休2日新着,飲食店、,愛知県,"月給22万2,700円",正社員,美容,求人ボックス,https://xn--pckua2a7gp15o89zb.com/jbn/3b7e62af474b3d66b629da8f8edae69c,True,12時間前,2026-09-30 05:11:08,愛知県
「転勤なし」／営業サポート事務／ブランクOK／ワークライフバランス充実「正社員」新着,...特別な経験や資格は必要ありません。あなたの「変わりたい」気持ちを大切にします  こんな変化を実感できます[前]不規則な休みで友人と予定が合わない…[後]固定休みで自分の時間を満喫!カフェ店員、,愛知県,月給19万500円,正社員,美容,求人ボックス,https://xn--pckua2a7gp15o89zb.com/jbn/37bc25007a3ab874b73c0980e90e1e0f,True,2時間前,2026-09-30 05:11:08,愛知県
フルリモート／一般事務／高収入／年間休日123日新着,飲食店、,愛知県,"月給22万3,000円",正社員,美容,求人ボックス,https://xn--pckua2a7gp15o89zb.com/jbn/d8b927699eeff3a18e7552596b8af665,True,11時間前,2026-09-30 05:11:08,愛知県
「土日祝休み」／事務・受付スタッフ／WEB面接可能／採用強化中「正社員」新着,...特別な経験や資格は必要ありません。あなたの「変わりたい」気持ちを大切にします  こんな変化を実感できます[前]不規則な休みで友人と予定が合わない…[後]固定休みで自分の時間を満喫!カフェ店員、,愛知県,月給19万500円,正社員,美容,求人ボックス,https://xn--pckua2a7gp15o89zb.com/jbn/24fd9a259a1cd1c9923053841c737a49,True,2時間前,2026-09-30 05:11:12,愛知県
事務正社員／20代～30代活躍中／研修制度完備／髪色自由／マニュアル完備／安定収入新着,美容師,愛知県,"月給21万9,000円",正社員,美容,求人ボックス,https://xn--pckua2a7gp15o89zb.com/jbn/f7db2ac0c491984729bc3cb2acda4f4f,True,2時間前,2026-09-30 05:11:12,愛知県
事務職／経験値不問／オフィスカジュアル可／転勤なし／既卒歓迎／安定収入新着,美容師,愛知県,"月給22万7,000円",正社員,美容,求人ボックス,https://xn--pckua2a7gp15o89zb.com/jbn/0c5a566129d5750522524b732473d967,True,3時間前,2026-09-30 05:11:12,愛知県
バックオフィス事務／残業ほぼゼロ／オフィスカジュアル可／髪色自由／マニュアル完備／学歴不問新着,美容師,愛知県,月給23万円～50万円,正社員,美容,求人ボックス,https://xn--pckua2a7gp15o89zb.com/jbn/54dc07ecf40b2bd2cfac8ce583b256e9,True,2時間前,2026-09-30 05:11:12,愛知県
フルリモート／事務／未経験OK／月給22万～新着,飲食店、,愛知県,月給22万～,正社員,美容,求人ボックス,https://xn--pckua2a7gp15o89zb.com/jbn/54953c21c19307b7b940d5f2da9c4ee3,True,12時間前,2026-09-30 05:11:12,愛知県
オフィススタッフ／20代～30代活躍中／服装自由／転勤なし／マニュアル完備／キャリアアップ可新着,美容師,愛知県,月給23万円～50万円,正社員,美容,求人ボックス,https://xn--pckua2a7gp15o89zb.com/jbn/05f4c0f214cfb38c88b27abac021f36b,True,2時間前,2026-09-30 05:11:14,愛知県
オフィススタッフ／経験値不問／駅チカ／転勤なし／マニュアル完備／キャリアアップ可新着,美容師,愛知県,月給23万円～50万円,正社員,美容,求人ボックス,https://xn--pckua2a7gp15o89zb.com/jbn/393dc243dc01e9f030f38636188534c7,True,2時間前,2026-09-30 05:11:14,愛知県
オフィスワーク／充実サポート／駅チカ／髪色自由／既卒歓迎／安定収入新着,美容師,愛知県,月給23万円～50万円,正社員,美容,求人ボックス,https://xn--pckua2a7gp15o89zb.com/jbn/ad4e9dfc3cdbcf328479fed239901d8d,True,2時間前,2026-09-30 05:11:14,愛知県
「1分単位」で給与支給・サービス残業一切なし／安心して高収入を目指せる新着,...完全な未経験の方を対象とした採用を行っています。私たちが求めているのは、過去の経歴ではなく「これからこの仕事を通じて成長していきたい」という前向きな行動力です。現在活躍しているスタッフの前職も、,愛知県,"月給22万5,000円",正社員,美容,求人ボックス,https://xn--pckua2a7gp15o89zb.com/jbn/a612542139b81347eca93b85ef7b1586,True,2時間前,2026-09-30 05:11:14,愛知県
「高収入」送迎運転手「普通免許のみ」／ドライバー／年収600万円以上／VIP送迎ドライバー新着,...カレンダー通りに休める事務職へ転職したい」「プライベートの時間もしっかり確保しながら働きたい」そんな希望が叶う職場です。ExcelやWordの基本操作ができれば、実務経験がなくても全く問題ありま,愛知県,月給45万円～80万円,正社員,美容,求人ボックス,https://xn--pckua2a7gp15o89zb.com/jbn/49c87f5e5a0249e3c70057a1db4610c0,True,10時間前,2026-09-30 05:11:14,愛知県
事務職／残業ほぼゼロ／駅チカ／髪色自由／既卒歓迎／キャリアアップ可新着,美容師,愛知県,月給23万円～50万円,正社員,美容,求人ボックス,https://xn--pckua2a7gp15o89zb.com/jbn/8e2676636aa07354e8f0e08222af9280,True,2時間前,2026-09-30 05:11:14,愛知県
営業事務／充実の研修で安心スタート!／土日祝休み／コツコツ作業／未経験でも安心新着,...原則定時退社だからお仕事後のプライベートが超充実 ギスギスした雰囲気とは無縁の、何でも相談しやすい環境<元接客・販売スタッフが多数在籍!>コンビニ夜勤、ホテルフロント、居酒屋、アパレル、,愛知県,"月給21万5,500円",正社員,美容,求人ボックス,https://xn--pckua2a7gp15o89zb.com/jbn/20fa2bbdee3a4b7bc9d0e7c20a64d8f1,True,2時間前,2026-09-30 05:11:18,愛知県
「プライベート充実」／OA事務／ブランクOK／産休・育休あり「正社員」新着,...原則定時退社だからお仕事後のプライベートが超充実 ギスギスした雰囲気とは無縁の、何でも相談しやすい環境<元接客・販売スタッフが多数在籍!>コンビニ夜勤、ホテルフロント、居酒屋、アパレル、,愛知県,月給19万500円,正社員,美容,求人ボックス,https://xn--pckua2a7gp15o89zb.com/jbn/a65a112abc7a8b432d13d2d4cb316c45,True,2時間前,2026-09-30 05:11:18,愛知県
「事務で年収400万以上も可能」賞与4ヶ月分×土日祝休みの正社員事務新着,...完全な未経験の方を対象とした採用を行っています。私たちが求めているのは、過去の経歴ではなく「これからこの仕事を通じて成長していきたい」という前向きな行動力です。現在活躍しているスタッフの前職も、,愛知県,"月給22万7,000円",正社員,美容,求人ボックス,https://xn--pckua2a7gp15o89zb.com/jbn/d4a9800304187490a2cb3bb8392529de,True,3時間前,2026-09-30 05:11:18,愛知県
「文字が入力できればOK」未経験から始める一般事務職／簡単なショートカットキーから教えます新着,...完全な未経験の方を対象とした採用を行っています。私たちが求めているのは、過去の経歴ではなく「これからこの仕事を通じて成長していきたい」という前向きな行動力です。現在活躍しているスタッフの前職も、,愛知県,"月給21万9,000円",正社員,美容,求人ボックス,https://xn--pckua2a7gp15o89zb.com/jbn/13d71f91a64b6d0a5e1843d977c61c43,True,2時間前,2026-09-30 05:11:18,愛知県
「残業少なめ」／IT事務／交通費全額支給／産休・育休あり「正社員」新着,...原則定時退社だからお仕事後のプライベートが超充実 ギスギスした雰囲気とは無縁の、何でも相談しやすい環境<元接客・販売スタッフが多数在籍!>コンビニ夜勤、ホテルフロント、居酒屋、アパレル、,愛知県,月給19万500円,正社員,美容,求人ボックス,https://xn--pckua2a7gp15o89zb.com/jbn/c6c40656645c1e8530e52446d119b29f,True,2時間前,2026-09-30 05:11:18,愛知県
バックオフィス事務／残業ほぼゼロ／駅チカ／昇給賞与アリ／マニュアル完備／安定収入新着,美容師,愛知県,月給23万円～50万円,正社員,美容,求人ボックス,https://xn--pckua2a7gp15o89zb.com/jbn/c3b5829c1fd36a7235d7c7747ba97c0e,True,2時間前,2026-09-30 05:11:18,愛知県
受付・データ入力スタッフ／充実サポート／駅チカ／髪色自由／既卒歓迎／学歴不問新着,実際に働くスタッフの前職も、コールセンター、ドラッグストア店員、,愛知県,"月給21万9,000円",正社員,美容,求人ボックス,https://xn--pckua2a7gp15o89zb.com/jbn/7ffe0cd908fca6b465b5a9779dd94a0f,True,2時間前,2026-09-30 05:11:21,愛知県
バックオフィス事務／20代～30代活躍中／服装自由／髪色自由／マニュアル完備／安定収入新着,美容師,愛知県,"月給22万5,000円",正社員,美容,求人ボックス,https://xn--pckua2a7gp15o89zb.com/jbn/a7a57b91df6042ae25bed9839c9a5a61,True,3時間前,2026-09-30 05:11:21,愛知県
「プライベート充実」／ITサポート事務／研修充実／産休・育休あり「正社員」新着,...原則定時退社だからお仕事後のプライベートが超充実 ギスギスした雰囲気とは無縁の、何でも相談しやすい環境<元接客・販売スタッフが多数在籍!>コンビニ夜勤、ホテルフロント、居酒屋、アパレル、,愛知県,月給19万500円,正社員,美容,求人ボックス,https://xn--pckua2a7gp15o89zb.com/jbn/09d4579d7972cb5e4b77db08eb493a85,True,2時間前,2026-09-30 05:11:21,愛知県
総務事務／充実の研修で安心スタート!／未経験でも安心／完全週休2日制／教育体制あり新着,「土日休みの友達と予定を合わせたい」そんなきっかけでのご応募も大歓迎です!第二新卒・既卒の方、フリーターからの社会人デビューも応援します。アパレル・カフェ・,愛知県,月給19万500円,正社員,美容,求人ボックス,https://xn--pckua2a7gp15o89zb.com/jbn/9e6ebdc394dd430816eff97fbcb83e99,True,3時間前,2026-09-30 05:11:21,愛知県
「プライベート充実」／OA事務／WEB面接可能／産休・育休あり「正社員」新着,...原則定時退社だからお仕事後のプライベートが超充実 ギスギスした雰囲気とは無縁の、何でも相談しやすい環境<元接客・販売スタッフが多数在籍!>コンビニ夜勤、ホテルフロント、居酒屋、アパレル、,愛知県,月給19万500円,正社員,美容,求人ボックス,https://xn--pckua2a7gp15o89zb.com/jbn/00db0e03e467e9da6a598b3312c33ee3,True,2時間前,2026-09-30 05:11:21,愛知県
「未経験OK」／ITサポート事務／WEB面接可能／高収入「正社員」新着,...特別な経験や資格は必要ありません。あなたの「変わりたい」気持ちを大切にします  こんな変化を実感できます[前]不規則な休みで友人と予定が合わない…[後]固定休みで自分の時間を満喫!カフェ店員、,愛知県,月給19万500円,正社員,美容,求人ボックス,https://xn--pckua2a7gp15o89zb.com/jbn/6bb7b9929e5c3b8f72b960aaf298285b,True,2時間前,2026-09-30 05:11:24,愛知県
事務職／経験値不問／オフィスカジュアル可／髪色自由／マニュアル完備／学歴不問新着,美容師,愛知県,月給23万円～50万円,正社員,美容,求人ボックス,https://xn--pckua2a7gp15o89zb.com/jbn/cbaf091517e5ff67a1508871a858b506,True,3時間前,2026-09-30 05:11:24,愛知県
「昇給・賞与あり」／事務・受付スタッフ／データ管理／産休・育休あり「正社員」新着,<元接客・販売スタッフが多数在籍!>コンビニ夜勤、ホテルフロント、居酒屋、アパレル、,愛知県,月給19万500円,正社員,美容,求人ボックス,https://xn--pckua2a7gp15o89zb.com/jbn/5a8f82a5551a114696e4fed9a38e337a,True,2時間前,2026-09-30 05:11:24,愛知県
データ入力・事務／経験値不問／服装自由／髪色自由／既卒歓迎／安定収入新着,美容師,愛知県,"月給20万5,000円",正社員,美容,求人ボックス,https://xn--pckua2a7gp15o89zb.com/jbn/e192d0d0bc7d421eee23ad00a2671dfb,True,3時間前,2026-09-30 05:11:24,愛知県
「察して動く」より「聞いて動く」で大丈夫。安心サポートと充実研修であなたのキャリアスタートを応援「入...新着,...完全な未経験の方を対象とした採用を行っています。私たちが求めているのは、過去の経歴ではなく「これからこの仕事を通じて成長していきたい」という前向きな行動力です。現在活躍しているスタッフの前職も、,愛知県,月給23万円～50万円,正社員,美容,求人ボックス,https://xn--pckua2a7gp15o89zb.com/jbn/e5406904850735bdf80bf0e6bf79eea3,True,3時間前,2026-09-30 05:11:24,愛知県
「残業ゼロ」定時1分後に駅のホームへ。土日休みの一般事務新着,...完全な未経験の方を対象とした採用を行っています。私たちが求めているのは、過去の経歴ではなく「これからこの仕事を通じて成長していきたい」という前向きな行動力です。現在活躍しているスタッフの前職も、,愛知県,月給23万円～50万円,正社員,美容,求人ボックス,https://xn--pckua2a7gp15o89zb.com/jbn/3b8d4d9a05a22cdb601f17c09186f400,True,3時間前,2026-09-30 05:11:24,愛知県
未経験からでもできる現場アシスタント新着,株式会社中部レックス,愛知県,月給21万円～46万,正社員,建設,求人ボックス,https://xn--pckua2a7gp15o89zb.com/jb/69656efd09b0f4422cf019368da33250,True,4時間前,2026-09-30 05:11:08,愛知県
経験が活かせる土木工事作業員新着,三洲土木株式会社,愛知県,月給30万円～50万円,正社員,建設,求人ボックス,https://xn--pckua2a7gp15o89zb.com/jb/a7f2b4ca235b5e92e80e52f6deafb3a1,True,4時間前,2026-09-30 05:11:08,愛知県
高速道路の交通警備 オープニングスタッフ 経験者優遇 週1日からの勤務新着,株式会社レシーザ,愛知県,"日給1万3,500円",アルバイト・パート,建設,求人ボックス,https://xn--pckua2a7gp15o89zb.com/jb/e553a9d7509fb264200261655d9bebb8,True,4時間前,2026-09-30 05:11:08,愛知県
土木施工管理／未経験&無資格でも応募OK／年間売上13億円の安定基盤／公共工事比率95%新着,株式会社ごんだ,愛知県,年収300万円～700万円,正社員,建設,求人ボックス,https://xn--pckua2a7gp15o89zb.com/jb/23bc3737cdba8d3616e872609a72fe90,True,23時間前,2026-09-30 05:11:08,愛知県
土木施工管理 地盤改良工事／無資格でも応募可／培った経験&資格を地元で活かす／不動テトラGの安定基盤新着,愛知ベース工業株式会社,愛知県,年収500万円～650万円,正社員,建設,求人ボックス,https://xn--pckua2a7gp15o89zb.com/jb/e9dbfe31c24b877677ede6bf69c7dec5,True,21時間前,2026-09-30 05:11:08,愛知県
建築プロジェクトマネジメント／最新テクノロジーを駆使して確固たる技術が身に付く!／完全未経験OK!新着,株式会社テクノプロ・コンストラクション,愛知県,月給21万円～29万円,正社員,建設,求人ボックス,https://xn--pckua2a7gp15o89zb.com/jbn/424caaeae7e05d4c6a3759bc84dc68ab,True,11時間前,2026-09-30 05:11:08,愛知県
現場管理 経験者限定 寮完備 全国拠点新着,株式会社GS STAFF,愛知県,"月給35万1,500円",派遣社員,建設,求人ボックス,https://xn--pckua2a7gp15o89zb.com/jb/1a6ef7c4f3a4637ecd8851231aa5a01b,True,4時間前,2026-09-30 05:11:08,愛知県
未経験からでもできる測量補助新着,株式会社J.ace,愛知県,月給22万円～39万,正社員,建設,求人ボックス,https://xn--pckua2a7gp15o89zb.com/jb/0a11bf7eec13cd246283209f8b47315b,True,4時間前,2026-09-30 05:11:08,愛知県
経験が活かせる型枠大工新着,株式会社カネショウ工務店,愛知県,月給25万円～30万円,正社員,建設,求人ボックス,https://xn--pckua2a7gp15o89zb.com/jb/9caa1c4fe767ff2fb44f232314be5768,True,4時間前,2026-09-30 05:11:08,愛知県
年間休日120日以上!ホワイト職場で稼げる港湾倉庫内作業の正社員新着,株式会社ワークプラス,愛知県,"日給1万2,000円",正社員,建設,求人ボックス,https://xn--pckua2a7gp15o89zb.com/jb/73f170b5fe7d1f2f94584a9804e7df4a,True,11時間前,2026-09-30 05:11:08,愛知県
未経験でも月25万円の足場の現場作業員新着,日置興業株式会社,愛知県,月給25万円～30万円,正社員,建設,求人ボックス,https://xn--pckua2a7gp15o89zb.com/jb/9b5e3b28de76e1bc49de2d737df2324d,True,4時間前,2026-09-30 05:11:08,愛知県
工程管理 無資格や未経験積極採用中 街を創る仕事 完全週休2日制 大型連休あり 転勤ナシ新着,株式会社永賢組,愛知県,年収400万円～600万円,正社員,建設,求人ボックス,https://xn--pckua2a7gp15o89zb.com/jb/924b21c1faf0662306efefb544260baa,True,4時間前,2026-09-30 05:11:08,愛知県
施工管理スタッフ 給排水衛生設備など 経験必須 弥富市中心 週休2日制 転勤なし新着,八木水道建設株式会社,愛知県,月給30万円～50万円,正社員,建設,求人ボックス,https://xn--pckua2a7gp15o89zb.com/jb/0a0ab2554867e03b72ed4b5aeb80c8dc,True,4時間前,2026-09-30 05:11:08,愛知県
経験が活かせる土木工事の土木現場作業員新着,南和建設株式会社,愛知県,月給25万円～40万円,正社員,建設,求人ボックス,https://xn--pckua2a7gp15o89zb.com/jb/1a85516c07492b2a3e4862be907dc75a,True,4時間前,2026-09-30 05:11:08,愛知県
経験が活かせる建築施工管理新着,矢野建設株式会社,愛知県,"月給27万8,998円",正社員,建設,求人ボックス,https://xn--pckua2a7gp15o89zb.com/jb/e54b052a4260eca4dd91e2032996583b,True,4時間前,2026-09-30 05:11:08,愛知県
経験が活かせるエレベーター工事スタッフ新着,メルコビルエンジニアリング株式会社,愛知県,月給20万円～30万円,正社員,建設,求人ボックス,https://xn--pckua2a7gp15o89zb.com/jb/7b7d96a1b01aa6c29695115b1c451c11,True,4時間前,2026-09-30 05:11:08,愛知県
未経験から手に職をつける日払いOKの塗装スタッフ新着,日置興業株式会社,愛知県,月給20万円,正社員,建設,求人ボックス,https://xn--pckua2a7gp15o89zb.com/jb/37bab6d0be2cbdd9691542921d1c809e,True,4時間前,2026-09-30 05:11:08,愛知県
経験を活かせる工事現場のとび職・足場工新着,有限会社永谷組,愛知県,月給55万円～75万円,正社員,建設,求人ボックス,https://xn--pckua2a7gp15o89zb.com/jb/5c5719159477ee8abc883fb279ab243f,True,4時間前,2026-09-30 05:11:08,愛知県
土木施工管理 工事現場の施工管理 経験者 週休2日制 転勤ナシ新着,株式会社永賢組-07,愛知県,"年収550万円～1,000万円",正社員,建設,求人ボックス,https://xn--pckua2a7gp15o89zb.com/jb/d212a7162cd11b2cb3eda6d72e8a3ed5,True,5時間前,2026-09-30 05:11:08,愛知県
タクシー運転手「週3勤務」資格取得支援あり／月収40万円以上／安定収入／転職回数不問新着,...以下のような経験をお持ちの方は特に歓迎します。・軽貨物ドライバー・ルート配送スタッフ・宅配ドライバー・タクシー運転手・大型トラックドライバー・フォークリフトオペレーター・,愛知県,"月給45万8,000円",正社員,建設,求人ボックス,https://xn--pckua2a7gp15o89zb.com/jbn/3953a12c3f3db9d002736c8426dd680e,True,13時間前,2026-09-30 05:11:08,愛知県
「VIP送迎もあり」夜勤タクシードライバー／年収600万円以上／賞与年2回新着,建設・,愛知県,月給46万200円,正社員,建設,求人ボックス,https://xn--pckua2a7gp15o89zb.com/jbn/65b426b41040195ac9228bfc6e4d7148,True,13時間前,2026-09-30 05:11:08,愛知県
夜勤タクシードライバー／未経験スタートOK／年2回のボーナス支給あり／資格取得支援制度あり新着,作業,愛知県,月給46万200円,正社員,建設,求人ボックス,https://xn--pckua2a7gp15o89zb.com/jbn/916a19c7a2d6ba91fdd450235412992c,True,13時間前,2026-09-30 05:11:08,愛知県
タクシードライバー／週3勤務／学歴不問／1年目月収50万以上／賞与年2回新着,建設・,愛知県,"月給45万8,000円",正社員,建設,求人ボックス,https://xn--pckua2a7gp15o89zb.com/jbn/c61a05d0a8ff86d07a1f54ea0c5cba28,True,13時間前,2026-09-30 05:11:08,愛知県
「未経験歓迎」タクシードライバー／月収50万円以上可／退職金制度あり新着,...以下のような経験をお持ちの方は特に歓迎します。・軽貨物ドライバー・ルート配送スタッフ・宅配ドライバー・タクシー運転手・大型トラックドライバー・フォークリフトオペレーター・,愛知県,"月給47万8,000円",正社員,建設,求人ボックス,https://xn--pckua2a7gp15o89zb.com/jbn/7ca79adf5dd875c75352b77ee7e32089,True,14時間前,2026-09-30 05:11:08,愛知県
「正社員」週3勤務のタクシードライバー／未経験者活躍中／年収500万円以上可能／土日祝休み取得可新着,建設・,愛知県,"月給47万9,400円",正社員,建設,求人ボックス,https://xn--pckua2a7gp15o89zb.com/jbn/e388df8237c8531ce718685765d623f0,True,14時間前,2026-09-30 05:11:08,愛知県
「夜勤で稼げる」タクシードライバー／普通免許のみOK／年収600万円以上可／賞与年2回新着,...以下のような経験をお持ちの方は特に歓迎します。・軽貨物ドライバー・ルート配送スタッフ・宅配ドライバー・タクシー運転手・大型トラックドライバー・フォークリフトオペレーター・,愛知県,"月給47万8,000円",正社員,建設,求人ボックス,https://xn--pckua2a7gp15o89zb.com/jbn/5f0c23a78f98dd55de0705ea3a1734c5,True,14時間前,2026-09-30 05:11:11,愛知県
完全未経験OK／パチンコ店ホールスタッフ／エリアマネージャーなどの管理職昇格実績多数／未経験歓迎!新着,株式会社喜久家,愛知県,月給30万円～40万円,正社員,建設,求人ボックス,https://xn--pckua2a7gp15o89zb.com/jbn/f4b82cced8c570fb1275e60a0562d5b3,True,11時間前,2026-09-30 05:11:11,愛知県
土木現場の安全管理 経験者 完全週休2日制 転勤ナシ新着,株式会社永賢組-32,愛知県,"年収550万円～1,000万円",正社員,建設,求人ボックス,https://xn--pckua2a7gp15o89zb.com/jb/44fc3ec85df1d0a0e70c00bf1d32882f,True,4時間前,2026-09-30 05:11:11,愛知県
建設コンサルタント業務／賞与4ヶ月分／主婦・主夫歓迎／完全週休2日制／研修あり／昇給あり新着,株式会社梶川土木コンサルタント,愛知県,"月給32万4,000円",正社員,建設,求人ボックス,https://xn--pckua2a7gp15o89zb.com/jbn/21d7814863b5dbd8d764d7165a4e8737,True,3時間前,2026-09-30 05:11:11,愛知県
未経験からできる地元の信頼厚い企業で土木技術アシスタント新着,株式会社ナルセコーポレーション,愛知県,月給19万円～25万円,正社員,建設,求人ボックス,https://xn--pckua2a7gp15o89zb.com/jb/50e009dc6dd3fe282305f129e7ad1525,True,4時間前,2026-09-30 05:11:11,愛知県
「二種免許不要・週3勤務・タクシー運転手」研修あり／賞与あり／アルファード送迎新着,作業,愛知県,"月給48万1,500円",正社員,建設,求人ボックス,https://xn--pckua2a7gp15o89zb.com/jbn/ba44953d21af0a943bc5c01a858d4e01,True,14時間前,2026-09-30 05:11:11,愛知県
未経験からでもできる足場組立・解体スタッフ新着,株式会社ヤグミ,愛知県,月給33万円～50万円,正社員,建設,求人ボックス,https://xn--pckua2a7gp15o89zb.com/jb/abf9f82c074956af215e0da63b51c8cd,True,4時間前,2026-09-30 05:11:11,愛知県
経験が活かせる機械設備工場の現場作業スタッフ新着,株式会社ユタカ,愛知県,月給28万円～38万,正社員,建設,求人ボックス,https://xn--pckua2a7gp15o89zb.com/jb/4dd7d522471daae2c032044161ec76a0,True,4時間前,2026-09-30 05:11:15,愛知県
未経験からでもできる建築ディレクター新着,株式会社YMプランニング,愛知県,月給30万円～50万円,正社員,建設,求人ボックス,https://xn--pckua2a7gp15o89zb.com/jb/28b5c58be2a0bb77a477be27a51edaf7,True,4時間前,2026-09-30 05:11:15,愛知県
未経験からでもできる設備工事補助業務の再生可能エネルギー装置新着,ユニバーサルエコロジー株式会社,愛知県,月給29万円～36万円,正社員,建設,求人ボックス,https://xn--pckua2a7gp15o89zb.com/jb/7beed89ab9bbb1119b25fd1050082b9e,True,4時間前,2026-09-30 05:11:15,愛知県
経験を活かせる土木・建築の現場スタッフ新着,株式会社井藤工業,愛知県,月給24万円～32万円,正社員,建設,求人ボックス,https://xn--pckua2a7gp15o89zb.com/jb/e7a10b10597d2a1aeca2e26172b690fb,True,4時間前,2026-09-30 05:11:15,愛知県
風力発電設備の保守・運営スタッフ新着,イオスエンジニアリング&サービス株式会社,愛知県,月給21万円～32万円,正社員,建設,求人ボックス,https://xn--pckua2a7gp15o89zb.com/jb/c51cdfb6262f4bfd4dd409c70263a3f9,True,4時間前,2026-09-30 05:11:15,愛知県
未経験からできるConstruction Worker新着,大興建設株式会社,愛知県,月給19万円～46万円,正社員,建設,求人ボックス,https://xn--pckua2a7gp15o89zb.com/jb/82ae93504cface4cac5aa3c168ce6d26,True,5時間前,2026-09-30 05:11:15,愛知県
土木工事現場の工程管理 未経験可 完全週休2日制 転勤ナシ新着,株式会社永賢組-20,愛知県,月給25万円～46万円,正社員,建設,求人ボックス,https://xn--pckua2a7gp15o89zb.com/jb/e6ec6289d636363bb37c7f9129606bd8,True,4時間前,2026-09-30 05:11:15,愛知県
経験が活かせる内装施工管理新着,株式会社コントラフト,愛知県,月給30万円～50万円,正社員,建設,求人ボックス,https://xn--pckua2a7gp15o89zb.com/jb/c80327386f55722da65fe2f8a30b2201,True,4時間前,2026-09-30 05:11:18,愛知県
経験が活かせる建築施工管理新着,株式会社豊建,愛知県,月給25万円～40万円,正社員,建設,求人ボックス,https://xn--pckua2a7gp15o89zb.com/jb/2674cd0847d7c902374b278827915201,True,4時間前,2026-09-30 05:11:18,愛知県
土木現場の品質管理 経験者 完全週休2日制 転勤ナシ新着,株式会社永賢組-31,愛知県,"年収550万円～1,000万円",正社員,建設,求人ボックス,https://xn--pckua2a7gp15o89zb.com/jb/79d4d2e6945351cfdb0d9b128a687071,True,4時間前,2026-09-30 05:11:18,愛知県
未経験からでもできる土木工事スタッフ新着,美吉建設株式会社,愛知県,月給28万円～35万円,正社員,建設,求人ボックス,https://xn--pckua2a7gp15o89zb.com/jb/32b0c1a36fd3f94d37e8b88923f82c8f,True,4時間前,2026-09-30 05:11:18,愛知県
経験が活かせる解体工事の作業スタッフ新着,フジ建設株式会社,愛知県,"月給25万4,375円",正社員,建設,求人ボックス,https://xn--pckua2a7gp15o89zb.com/jb/23b9b97b8a32c32013f2005a7386a11e,True,5時間前,2026-09-30 05:11:18,愛知県
未経験からでもできる土木工事補助業務新着,金城重機株式会社,愛知県,月給25万円～45万円,正社員,建設,求人ボックス,https://xn--pckua2a7gp15o89zb.com/jb/1a0c75bdb9932917ef51ba8f27d31288,True,4時間前,2026-09-30 05:11:18,愛知県
経験が活かせる太陽光発電所の造成工事の土木施工管理新着,株式会社藤光,愛知県,"月給22万3,000円",正社員,建設,求人ボックス,https://xn--pckua2a7gp15o89zb.com/jb/8a91107737d2171dbed6258f82f39f4b,True,5時間前,2026-09-30 05:11:21,愛知県
未経験からできる商空間やオフィスの内装施工管理新着,セック株式会社,愛知県,"月給25万8,800円",正社員,建設,求人ボックス,https://xn--pckua2a7gp15o89zb.com/jb/d4988cef5db5043f3c98ad87317fe4e7,True,4時間前,2026-09-30 05:11:21,愛知県
一般事務／時短OK 正社員化あり コツコツ書類作成など 名駅近く新着,マンパワーグループ株式会社,愛知県,"時給1,540円",正社員,建設,求人ボックス,https://xn--pckua2a7gp15o89zb.com/jb/ed7007b2e9799d990261e0aa8874eb43,True,5時間前,2026-09-30 05:11:21,愛知県
代行管理員新着,大和ライフネクスト株式会社,愛知県,"月給20万8,200円",正社員,建設,求人ボックス,https://xn--pckua2a7gp15o89zb.com/jb/9bf3b5e23f940cbd9b0d8bbbe7eb1043,True,22時間前,2026-09-30 05:11:21,愛知県
塗料関連製品の 製造 年休121日／未経験歓迎新着,ロックペイント株式会社,愛知県,月給22万円～,正社員,建設,求人ボックス,https://xn--pckua2a7gp15o89zb.com/jb/db0b762e3c38abddd7dcb9c4c2fd9a75,True,19時間前,2026-09-30 05:11:21,愛知県
法人営業 イベント好きの方大歓迎! 風通しの良い職場環境新着,西尾レントオール株式会社,愛知県,"月給23万6,759円",正社員,建設,求人ボックス,https://xn--pckua2a7gp15o89zb.com/jb/dc9b58e029ccf97c3c11b592bf7aa810,True,20時間前,2026-09-30 05:11:21,愛知県
雇入れ直後 試験設備および設備維持管理 変更の範囲 マネジメント系を除く当社業務全般新着,MMCテクニカルサービス株式会社,愛知県,"月給17万2,200円",正社員,建設,求人ボックス,https://xn--pckua2a7gp15o89zb.com/jb/b67652f55356b92592b65254f87159c4,True,16時間前,2026-09-30 05:11:24,愛知県
私立大学の 施設警備スタッフ 未経験OK ブランク不問新着,エヌビーエス株式会社,愛知県,月給21万円～30万円,契約社員,建設,求人ボックス,https://xn--pckua2a7gp15o89zb.com/jb/fe74778fee51af847363d0547c5ad4f9,True,23時間前,2026-09-30 05:11:24,愛知県
レンタル・リース 物品賃貸業の配送・物流ドライバー新着,株式会社アルマ,愛知県,年収380万円～500万円,正社員,建設,求人ボックス,https://xn--pckua2a7gp15o89zb.com/jb/2b9486afb2dafa75a4a8b9da006492ab,True,14時間前,2026-09-30 05:11:24,愛知県
営業 未経験歓迎／土日祝休み／年休124日／建設機械販売職新着,マルマテクニカ株式会社,愛知県,月給21万円～29万円,正社員,建設,求人ボックス,https://xn--pckua2a7gp15o89zb.com/jb/68ffdfbba6a5b8457bff383f44895cb2,True,22時間前,2026-09-30 05:11:24,愛知県
2027 新卒採用 建設新着,市原産業株式会社,愛知県,月給24万円,正社員,建設,求人ボックス,https://xn--pckua2a7gp15o89zb.com/jb/eb86e4a15664b7c8544effa0aa4d746a,True,20時間前,2026-09-30 05:11:24,愛知県
大和ハウスG／海外売上500億円規模／長期雇用／設備施工管理職新着,建設・,愛知県,月給25万円～40万円,正社員,建設,求人ボックス,https://xn--pckua2a7gp15o89zb.com/jb/c6c3062b979b4d270279858f29427e37,True,23時間前,2026-09-30 05:11:27,愛知県
大和ハウスG／海外売上500億円規模／長期雇用／建築施工管理新着,<教育制度・資格補助補足> 中途入社者教育(4半期に1回程度)、その他研修有り 入社後、,愛知県,月給25万円～40万円,正社員,建設,求人ボックス,https://xn--pckua2a7gp15o89zb.com/jb/33e181fc7d80fa3a6e932377c40dd8fc,True,23時間前,2026-09-30 05:11:27,愛知県
大和ハウスG／海外売上500億円規模／長期雇用／法人営業新着,建設・,愛知県,月給30万円～40万円,正社員,建設,求人ボックス,https://xn--pckua2a7gp15o89zb.com/jb/25675024de2ab02710f70075a3a245e0,True,23時間前,2026-09-30 05:11:27,愛知県
建築施工管理／東証プライム上場／平均勤続年数15年以上／創業80年の中堅ゼネコン新着,大末建設株式会社,愛知県,年収550万円～800万円,正社員,建設,求人ボックス,https://xn--pckua2a7gp15o89zb.com/jb/bee467dcaf0a25b897df944be41316f1,True,1時間前,2026-09-30 05:11:27,愛知県
尾張旭／セラミック電子部品の材料開発・工法開発業務新着,株式会社MARUWA,愛知県,"年収570万円～1,000万円",正社員,建設,求人ボックス,https://xn--pckua2a7gp15o89zb.com/jb/c72494a44d511aba55cf8d7f06fba8b7,True,18時間前,2026-09-30 05:11:31,愛知県
転勤無し／電気設備施工管理／万博案件等も受注／700～950万円／定年65歳／総合建設業新着,建設,愛知県,年収700万円～950万円,正社員,建設,求人ボックス,https://xn--pckua2a7gp15o89zb.com/jb/d2e8eecae6c44d0110caaeeea5542ec8,True,15時間前,2026-09-30 05:11:31,愛知県
名古屋／万博案件等も受注／空調給排水の施工管理／700～950万円／転勤なし／定年65歳新着,建設,愛知県,年収700万円～950万円,正社員,建設,求人ボックス,https://xn--pckua2a7gp15o89zb.com/jb/208b068ac7888befa53d963523628f57,True,15時間前,2026-09-30 05:11:31,愛知県
地域限定職／法人営業 まちづくり推進／大和ハウスG×大手ゼネコン新着,建設・,愛知県,年収460万円～700万円,正社員,建設,求人ボックス,https://xn--pckua2a7gp15o89zb.com/jb/114d5d3a304c2830263cb3b0278d2f3a,True,23時間前,2026-09-30 05:11:31,愛知県
名古屋／万博案件等も受注／電気設備施工管理／700～950万円／転勤なし／定年65歳新着,建設,愛知県,年収700万円～950万円,正社員,建設,求人ボックス,https://xn--pckua2a7gp15o89zb.com/jb/a510cc4cbdee557ff81fadcc54259c51,True,15時間前,2026-09-30 05:11:31,愛知県
大和ハウスG／海外売上500億円規模／長期雇用／設備設計新着,建設・,愛知県,月給25万円～40万円,正社員,建設,求人ボックス,https://xn--pckua2a7gp15o89zb.com/jb/ae8dbc6e57224dae49e9b7421a9aa8a9,True,23時間前,2026-09-30 05:11:31,愛知県
品質保証／トヨタ系上場メーカー／フレックス勤務／不具合対応・監査対応新着,財形貯蓄、退職金制度、従業員持株会、社員食堂マイカー通勤可/駐車場あり、私服可、,愛知県,年収500万円～800万円,正社員,建設,求人ボックス,https://xn--pckua2a7gp15o89zb.com/jb/c0576b62a4069ad83c89284eaf1f9930,True,22時間前,2026-09-30 05:11:34,愛知県
大和ハウスG／海外売上500億円規模／長期雇用／土木施工管理新着,<教育制度・資格補助補足> 中途入社者教育(4半期に1回程度)、その他研修有り 入社後、,愛知県,月給25万円～40万円,正社員,建設,求人ボックス,https://xn--pckua2a7gp15o89zb.com/jb/b0974fd82cd0d89ee204c0c1331b1f18,True,23時間前,2026-09-30 05:11:34,愛知県
転勤なし／万博案件等も受注／空調給排水の施工管理／700～950万円／直行直帰可／定年65歳新着,建設,愛知県,年収700万円～950万円,正社員,建設,求人ボックス,https://xn--pckua2a7gp15o89zb.com/jb/1b73903759b7e270eea38d0bb3b996d1,True,15時間前,2026-09-30 05:11:34,愛知県
「27卒」一般事務／電話対応とデータ入力／研修制度充実／名古屋市中区丸...新着,株式会社大斗,愛知県,"月給25万5,100円",正社員,事務,求人ボックス,https://xn--pckua2a7gp15o89zb.com/jbn/94c3541de931648104b1ee353b3e068a,True,7時間前,2026-09-30 05:11:20,愛知県
「27卒・新卒大歓迎」PCでのカンタン入力／一般事務／丁寧な指導新着,ベンタス株式会社,愛知県,"月給25万5,100円",正社員,事務,求人ボックス,https://xn--pckua2a7gp15o89zb.com/jbn/029600009361e4c18e1f237a6d3fec3c,True,8時間前,2026-09-30 05:11:21,愛知県
「カンタン作業からスタート」一般事務／未経験歓迎／昇給賞与あり新着,株式会社小林,愛知県,"月給32万7,100円",正社員,事務,求人ボックス,https://xn--pckua2a7gp15o89zb.com/jbn/de065080414316b913efa50244903781,True,10時間前,2026-09-30 05:11:24,愛知県
一般事務／未経験歓迎／データ入力と書類作成から開始／土日祝休み新着,エンタイトルツーベース株式会社,愛知県,月給29万円～40万円,正社員,事務,求人ボックス,https://xn--pckua2a7gp15o89zb.com/jbn/8cebb9cb105b19da57e7b9aa81dff583,True,10時間前,2026-09-30 05:11:28,愛知県
「27卒・新卒大歓迎」PCでのカンタン入力／一般事務／丁寧な指導新着,株式会社enrich technology,愛知県,"月給25万3,500円",正社員,事務,求人ボックス,https://xn--pckua2a7gp15o89zb.com/jbn/2d121c7c9e6fa14f94ef08be5b97e9b2,True,8時間前,2026-09-30 05:11:32,愛知県
「27卒」一般事務／電話対応とデータ入力／研修制度充実／名古屋市中村区...新着,株式会社X Resource,愛知県,"月給25万3,500円",正社員,事務,求人ボックス,https://xn--pckua2a7gp15o89zb.com/jbn/1caae163c06787806d076336cadcc24e,True,8時間前,2026-09-30 05:11:32,愛知県
事務未経験OK／一般事務／月給26万〜・U・Iターン歓迎・20代活躍中新着,一般事務,愛知県,月給26万,正社員,事務,求人ボックス,https://xn--pckua2a7gp15o89zb.com/jbn/8dd63f419b3a5b4371ac974e6a45d502,True,5時間前,2026-09-30 05:11:35,愛知県
コツコツ働ける一般事務／月給26.2万〜・土日祝休み・20代活躍中新着,一般事務,愛知県,月給26,正社員,事務,求人ボックス,https://xn--pckua2a7gp15o89zb.com/jbn/11a38dd48f687d8c1078b8577e955cca,True,5時間前,2026-09-30 05:11:35,愛知県
コツコツ働ける一般事務／月給26.4万〜・U・Iターン歓迎新着,一般事務,愛知県,月給26,正社員,事務,求人ボックス,https://xn--pckua2a7gp15o89zb.com/jbn/531d54e2a6d25695b294046d4a1448fa,True,6時間前,2026-09-30 05:11:35,愛知県
オフィスワークデビュー応援／一般事務／月給26.9万〜・完全週休2日制新着,一般事務,愛知県,月給26,正社員,事務,求人ボックス,https://xn--pckua2a7gp15o89zb.com/jbn/752feca35d8385d588a35b4ac5a0a5af,True,5時間前,2026-09-30 05:11:38,愛知県
未経験から始める一般事務／月給26.2万〜・完全週休2日制新着,一般事務,愛知県,月給26,正社員,事務,求人ボックス,https://xn--pckua2a7gp15o89zb.com/jbn/5baed77ca362791e085c131f41a06327,True,6時間前,2026-09-30 05:11:38,愛知県
未経験から始める一般事務／月給26.3万〜・未経験歓迎・20代活躍中新着,一般事務,愛知県,月給26,正社員,事務,求人ボックス,https://xn--pckua2a7gp15o89zb.com/jbn/a360af5d525da98be9dcbd0e5df372f2,True,5時間前,2026-09-30 05:11:38,愛知県
オフィスワークデビュー応援／一般事務／月給26.9万〜・転勤なし新着,一般事務,愛知県,月給26,正社員,事務,求人ボックス,https://xn--pckua2a7gp15o89zb.com/jbn/6c84b9c5297bfb6e02a91dc209447972,True,5時間前,2026-09-30 05:11:41,愛知県
事務未経験OK／一般事務／月給26.8万〜・未経験歓迎・20代活躍中新着,一般事務,愛知県,月給26,正社員,事務,求人ボックス,https://xn--pckua2a7gp15o89zb.com/jbn/171c86c8076a1ea9c9ce3e926a82e92a,True,6時間前,2026-09-30 05:11:41,愛知県
コツコツ働ける一般事務／月給26万〜・学歴不問・20代活躍中新着,一般事務,愛知県,月給26万,正社員,事務,求人ボックス,https://xn--pckua2a7gp15o89zb.com/jbn/3964d98255606c65c262c9a41703e482,True,6時間前,2026-09-30 05:11:41,愛知県
オフィスワークデビュー応援／一般事務／月給26.1万〜・未経験歓迎新着,一般事務,愛知県,月給26,正社員,事務,求人ボックス,https://xn--pckua2a7gp15o89zb.com/jbn/4be2e8b87507b5b9cc631843f34a035c,True,6時間前,2026-09-30 05:11:44,愛知県
未経験から始める一般事務／月給26.2万〜・年間休日125日新着,一般事務,愛知県,月給26,正社員,事務,求人ボックス,https://xn--pckua2a7gp15o89zb.com/jbn/f690f4f5075ae32ab42658374e8fff24,True,6時間前,2026-09-30 05:11:44,愛知県
「新卒・27卒」一般事務／実績を給与に反映／OJTあり／名古屋市中村区...新着,株式会社Le Lien,愛知県,"月給25万3,500円",正社員,事務,求人ボックス,https://xn--pckua2a7gp15o89zb.com/jbn/79691fdf3734a7b717344096a909e43f,True,7時間前,2026-09-30 05:11:47,愛知県
オフィスワークデビュー応援／一般事務／月給26.4万〜・完全週休2日制新着,一般事務,愛知県,月給26,正社員,事務,求人ボックス,https://xn--pckua2a7gp15o89zb.com/jbn/9133be3ea52fa3a9501496546c711286,True,6時間前,2026-09-30 05:11:47,愛知県
柔道整復師／未経験からでも分院長を目指せるチャレンジ求人!今がチャンス新着,柔道整復師,愛知県,月給22万円～35万円,正社員,治療家,求人ボックス,https://xn--pckua2a7gp15o89zb.com/jb/d655d070cede8904146d29a05e945169,True,9時間前,2026-09-30 05:11:50,愛知県
柔道整復師／筋肉調整、ストレッチ、PNF、関節モビリゼーション新着,柔道整復師,愛知県,月給20万円～25万円,正社員,治療家,求人ボックス,https://xn--pckua2a7gp15o89zb.com/jb/58f5b38f8073752e212f685f1cc8fed6,True,9時間前,2026-09-30 05:11:50,愛知県
あん摩マッサージ指圧師新着,リハビリ型デイサービス タートルライフ JR稲沢...,愛知県,月給25万円,正社員,治療家,求人ボックス,https://xn--pckua2a7gp15o89zb.com/jb/97592fbdc3e1d4e9d2dd0520b4b917ba,True,4時間前,2026-09-30 05:11:50,愛知県
"理学療法／知多郡東浦町のショートステイ,特別養護老人ホーム／JR武豊線「緒川駅」車10分新着",セントスタッフ名古屋支店,愛知県,"月給20万2,400円",正社員,治療家,求人ボックス,https://xn--pckua2a7gp15o89zb.com/jb/a6c665298e5462559d155b7155253607,True,6時間前,2026-09-30 05:11:50,愛知県
キャリアパートナー新着,...双方のニーズをマッチングさせていくことで、「人」にまつわる課題を解決することがミッションとなります。<具体的には>・求職者とのキャリア面談やり取りするのは看護師、介護職、ケアマネジャー、リハビリ,愛知県,年収430万円,正社員,治療家,求人ボックス,https://xn--pckua2a7gp15o89zb.com/jb/4870be7bb21be727d7d620746f159487,True,22時間前,2026-09-30 05:11:50,愛知県
経理事務スタッフ 税務会計事務所勤務 完全週休2日制 柔軟な勤務体系新着,株式会社ハーモネット,愛知県,"時給1,400円～1,500円",派遣社員,経理,求人ボックス,https://xn--pckua2a7gp15o89zb.com/jb/65b5860085cb082704d6b22c7db72602,True,4時間前,2026-09-30 05:11:28,愛知県
経理事務／未経験歓迎／賞与あり新着,瀧本株式会社,愛知県,年収250万円～350万円,正社員,経理,求人ボックス,https://xn--pckua2a7gp15o89zb.com/jbn/ad46b889d4c598c3e2a64f620595e68d,True,2時間前,2026-09-30 05:11:28,愛知県
「自分らしい働き方を叶えやすい」／経理事務／残業少なめ／福利厚生充実新着,経理,愛知県,月給27万円～33万円,正社員,経理,求人ボックス,https://xn--pckua2a7gp15o89zb.com/jbn/a1e05701e4dc3e3976dc26ad298519b4,True,15時間前,2026-09-30 05:11:28,愛知県
「早めに仕事を決めたい方に」／経理事務／未経験歓迎／サポート体制充実新着,経理,愛知県,月給27万円～33万円,正社員,経理,求人ボックス,https://xn--pckua2a7gp15o89zb.com/jbn/eb644da59bcba0f92cc951b95ecf1236,True,14時間前,2026-09-30 05:11:29,愛知県
「数字を扱う仕事に挑戦」／経理事務／未経験歓迎／丁寧な研修あり新着,経理,愛知県,月給27万円～33万円,正社員,経理,求人ボックス,https://xn--pckua2a7gp15o89zb.com/jbn/08e69143fdeac9694066e2022cb0d841,True,14時間前,2026-09-30 05:11:29,愛知県
「20代・30代の仲間が活躍中!」／経理事務／未経験OK／サポート体制...新着,経理,愛知県,月給27万円～33万円,正社員,経理,求人ボックス,https://xn--pckua2a7gp15o89zb.com/jbn/80dd013ca5f400ecf421ec935a25fee0,True,14時間前,2026-09-30 05:11:29,愛知県
「月給30万円も実現可能」／経理事務／未経験歓迎／研修充実新着,経理,愛知県,月給30万円,正社員,経理,求人ボックス,https://xn--pckua2a7gp15o89zb.com/jbn/9241d1bfdd4f078f061667e279bc2b3c,True,14時間前,2026-09-30 05:11:33,愛知県
「男女問わず始めやすいオフィスワーク」／経理事務／未経験歓迎／服装自由新着,経理,愛知県,月給27万円～33万円,正社員,経理,求人ボックス,https://xn--pckua2a7gp15o89zb.com/jbn/270ccebb0d6c159b48938a5b19dda2c0,True,15時間前,2026-09-30 05:11:33,愛知県
「同世代と一緒に成長できる!」／経理事務／未経験歓迎／サポート体制充実新着,経理,愛知県,月給27万円～33万円,正社員,経理,求人ボックス,https://xn--pckua2a7gp15o89zb.com/jbn/f922e1a64a14ab0a8c366b8ab1eb2b5d,True,15時間前,2026-09-30 05:11:33,愛知県
「コツコツ取り組めるオフィスワーク」／経理事務／未経験OK新着,経理,愛知県,月給27万円～33万円,正社員,経理,求人ボックス,https://xn--pckua2a7gp15o89zb.com/jbn/576d5f0722d76c5c0c57dee8444b6a1b,True,14時間前,2026-09-30 05:11:33,愛知県
「大手企業の数字まわりを支える!」／経理事務／未経験95%／未経験歓迎新着,経理,愛知県,月給26万600円,正社員,経理,求人ボックス,https://xn--pckua2a7gp15o89zb.com/jbn/4a07a4d97db9ba19a38b716565fdf1ea,True,13時間前,2026-09-30 05:11:37,愛知県
「大手企業で数字入力中心のかんたん経理」／経理事務／未経験95%新着,事務,愛知県,"月給25万4,700円",正社員,経理,求人ボックス,https://xn--pckua2a7gp15o89zb.com/jbn/a5e17c2df887e095f1b2002b2ecf2b4d,True,12時間前,2026-09-30 05:11:37,愛知県
「数字入力がメインの軽め事務」／経理事務／未経験95%／未経験歓迎新着,経理,愛知県,"月給25万1,900円",正社員,経理,求人ボックス,https://xn--pckua2a7gp15o89zb.com/jbn/68dce3afd9aed2d4109e9bf74e1f9ffd,True,12時間前,2026-09-30 05:11:40,愛知県
「未経験から始めるバックオフィスワーク」／経理事務／研修充実新着,経理,愛知県,月給27万円～33万円,正社員,経理,求人ボックス,https://xn--pckua2a7gp15o89zb.com/jbn/a730a3e94fa2ce79dd05d9b599c261e4,True,15時間前,2026-09-30 05:11:40,愛知県
経理事務／未経験歓迎／サポート体制充実／昇給あり／長期安定新着,経理,愛知県,月給27万円～33万円,正社員,経理,求人ボックス,https://xn--pckua2a7gp15o89zb.com/jbn/66b833c03913ac3aeac180be252d0a2b,True,15時間前,2026-09-30 05:11:40,愛知県
「未経験から事務スキルを習得」／経理事務／研修充実／福利厚生充実新着,経理,愛知県,月給27万円～33万円,正社員,経理,求人ボックス,https://xn--pckua2a7gp15o89zb.com/jbn/283c40ff6bf268f32bee5481fdce88e9,True,15時間前,2026-09-30 05:11:43,愛知県
「今だけ採用!大手企業の経理サポート」／経理事務／未経験95%新着,経理,愛知県,"月給26万1,000円",正社員,経理,求人ボックス,https://xn--pckua2a7gp15o89zb.com/jbn/cb08f5ea9a42cb08438ddb7c258e1997,True,12時間前,2026-09-30 05:11:43,愛知県
「請求と支払いをまとめる経理ワーク」／経理事務／未経験歓迎新着,経理,愛知県,月給27万円～33万円,正社員,経理,求人ボックス,https://xn--pckua2a7gp15o89zb.com/jbn/f9faa79af7989e6974b501d22de91bc5,True,12時間前,2026-09-30 05:11:43,愛知県
「経理データを確認するだけ!」／経理事務／未経験歓迎／サポート体制充実新着,経理,愛知県,月給27万円～33万円,正社員,経理,求人ボックス,https://xn--pckua2a7gp15o89zb.com/jbn/1db60b7408bc2a110aeb314b9fd8b004,True,14時間前,2026-09-30 05:11:43,愛知県
「早く決めたい方を歓迎します」／経理事務／未経験歓迎／サポート体制充実新着,経理,愛知県,月給27万円～33万円,正社員,経理,求人ボックス,https://xn--pckua2a7gp15o89zb.com/jbn/26a23f2b61da851183f901776420d369,True,12時間前,2026-09-30 05:11:43,愛知県
「経理職で月給30万円に近づく」／経理事務／未経験歓迎／研修充実新着,経理,愛知県,月給30万円,正社員,経理,求人ボックス,https://xn--pckua2a7gp15o89zb.com/jbn/1239d4707524030b0be3d341f8bee09c,True,12時間前,2026-09-30 05:11:47,愛知県
「若手中心の経理チームです」／経理事務／未経験OK／サポート体制充実新着,経理,愛知県,月給27万円～33万円,正社員,経理,求人ボックス,https://xn--pckua2a7gp15o89zb.com/jbn/66b9d4bea2dc6658d61ad28831d77986,True,12時間前,2026-09-30 05:11:47,愛知県
安定企業で長く働く／経理サポート事務／オフィスワーク／未経験歓迎新着,経理,愛知県,"月給26万8,000円",正社員,経理,求人ボックス,https://xn--pckua2a7gp15o89zb.com/jbn/b6d62c555ccb76397086800fd86251a3,True,14時間前,2026-09-30 05:11:50,愛知県
「未経験から経理の入口へ」／経理事務／未経験OK／丁寧な研修あり新着,経理,愛知県,月給27万円～33万円,正社員,経理,求人ボックス,https://xn--pckua2a7gp15o89zb.com/jbn/cd0111ca97122da9d77c31a2b9e92683,True,12時間前,2026-09-30 05:11:50,愛知県
「請求書の金額を確かめるだけ!」／経理事務／未経験歓迎／サポート体制充...新着,経理,愛知県,月給27万円～33万円,正社員,経理,求人ボックス,https://xn--pckua2a7gp15o89zb.com/jbn/2a968ff8359de06d2ec4c81ec280b681,True,12時間前,2026-09-30 05:11:50,愛知県
一般事務・営業事務・経理事務・総務事務／未経験歓迎／昇給あり／賞与あり新着,株式会社リクルートスタッフィング,愛知県,年収250万円～400万円,正社員,経理,求人ボックス,https://xn--pckua2a7gp15o89zb.com/jbn/2722837e79db993c8f004cb367434379,True,2時間前,2026-09-30 05:11:53,愛知県
「長く続けやすい経理の仕事」／経理事務／年間休日120日以上新着,経理,愛知県,月給27万円～33万円,正社員,経理,求人ボックス,https://xn--pckua2a7gp15o89zb.com/jbn/b8bf4d6a70f6e1b076783e59df052615,True,12時間前,2026-09-30 05:11:53,愛知県
「無理なく続けやすいオフィスワーク」／経理事務／年間休日120日以上新着,経理,愛知県,月給27万円～33万円,正社員,経理,求人ボックス,https://xn--pckua2a7gp15o89zb.com/jbn/2a66bf65e79cdbabac6ab7540560d9c8,True,14時間前,2026-09-30 05:11:53,愛知県
経理事務職、 愛知県名古屋市、 月給:30万円新着,経理,愛知県名古屋市、,年収360万円～400万円,正社員,経理,求人ボックス,https://xn--pckua2a7gp15o89zb.com/jb/9512621bf7884e6e0231889571e39f87,True,14時間前,2026-09-30 05:11:53,愛知県
自動車部品メーカーでの経理事務／正社員登用あり新着,株式会社ジンキャスト,愛知県,"時給1,500円～1,650円",正社員,経理,求人ボックス,https://xn--pckua2a7gp15o89zb.com/jb/c985edacb7f0437331bbe579ea08a597,True,14時間前,2026-09-30 05:11:56,愛知県
経理／財務／栄／正社員登用有／スキルを活かせる経理事務新着,株式会社ウィルオブ・ワーク,愛知県,"時給1,310円～1,500円",正社員,経理,求人ボックス,https://xn--pckua2a7gp15o89zb.com/jb/b5660a607c271d593285269af730e27d,True,12時間前,2026-09-30 05:11:56,愛知県
経理事務／会計入力・請求管理など本社経理業務新着,株式会社互恵,愛知県,年収280万円～320万円,正社員,経理,求人ボックス,https://xn--pckua2a7gp15o89zb.com/jb/03230d990846bdc955525c111cbdb2ab,True,10時間前,2026-09-30 05:11:56,愛知県
外来看護師／年間休日119日以上、水日祝休み／中抜けなしの通し勤務新着,前原外科・整形外科,愛知県,"月給28万4,800円",正社員,看護,求人ボックス,https://xn--pckua2a7gp15o89zb.com/jb/a0a38c929370892cabd95113121e15e3,True,7時間前,2026-09-30 05:11:37,愛知県
訪問看護師 完全週休2日制 ブランク可新着,株式会社メディカル・ライフアップ,愛知県,月給35万円～46万,正社員,看護,求人ボックス,https://xn--pckua2a7gp15o89zb.com/jb/2103e3530a4c34529ec3df1b00caf62f,True,4時間前,2026-09-30 05:11:38,愛知県
訪問看護師新着,合同会社訪問看護ステーションヘアカットプラス,愛知県,"時給1,620円",アルバイト・パート,看護,求人ボックス,https://xn--pckua2a7gp15o89zb.com/jb/5966e78abf27715b1b2ea0cab3bdbac7,True,19時間前,2026-09-30 05:11:41,愛知県
看護師新着,社会福祉法人ゆたか福祉会,愛知県,"日給1万9,000円",アルバイト・パート,看護,求人ボックス,https://xn--pckua2a7gp15o89zb.com/jb/0e1674d516acf656a57216d2afaf01c6,True,22時間前,2026-09-30 05:11:44,愛知県
看護師／訪問看護／小児・精神・身体を支える訪問看護ステーション!新着,訪問看護ステーションぽぴぃ,愛知県,月給32万円～,正社員,看護,求人ボックス,https://xn--pckua2a7gp15o89zb.com/jb/ef09f7c57c5355271faec39238053d2c,True,19時間前,2026-09-30 05:11:44,愛知県
訪問看護師 住宅型有料老人ホーム新着,有限会社フタバメイト,愛知県,"月給34万5,000円",正社員,看護,求人ボックス,https://xn--pckua2a7gp15o89zb.com/jb/b6be4ffdf62fa053f7130ae33f123211,True,4時間前,2026-09-30 05:11:44,愛知県
看護師／1日4時間～&週2日～相談OK／扶養内勤務可新着,介護付有料老人ホーム セレーノ楠,愛知県,"時給1,500円～1,700円",アルバイト・パート,看護,求人ボックス,https://xn--pckua2a7gp15o89zb.com/jb/462964acfd7c73e953ea23759bb15088,True,19時間前,2026-09-30 05:11:44,愛知県
日勤の看護師／夜勤・オンコールなし／定年66歳／高畑駅から徒歩5分圏内...新着,介護付有料老人ホーム セレーノ荒子公園,愛知県,"月給30万5,000円",正社員,看護,求人ボックス,https://xn--pckua2a7gp15o89zb.com/jb/8d26700b8127f932c8987a7405d9251f,True,19時間前,2026-09-30 05:11:47,愛知県
看護師のサポート／長期休暇あり!土日祝休み!残業なし!フルタイム歓迎!新着,株式会社ルフト・メディカルケア,愛知県,"日給9,300円",派遣社員,看護,求人ボックス,https://xn--pckua2a7gp15o89zb.com/jb/2669b338f5a995a6193bbb5da50ef29c,True,22時間前,2026-09-30 05:11:47,愛知県
訪問入浴専門看護師／人気のレア求人 安心して続けられる環境です新着,株式会社福祉の里,愛知県,"時給1,580円～1,680円",アルバイト・パート,看護,求人ボックス,https://xn--pckua2a7gp15o89zb.com/jb/3c8a13cafb02dc8ea2b85de13dbf8d51,True,9時間前,2026-09-30 05:11:51,愛知県
社会保険完備の職場で看護師／准看護師新着,訪問看護ステーション ここのあ,愛知県,月給26万円～43万円,契約社員,看護,求人ボックス,https://xn--pckua2a7gp15o89zb.com/jb/8226f9e190c775842ea2dee14086ec58,True,7時間前,2026-09-30 05:11:51,愛知県
正看護師・准看護師／介護・福祉 日勤のみ新着,株式会社gene,愛知県,"時給1,500円",アルバイト・パート,看護,求人ボックス,https://xn--pckua2a7gp15o89zb.com/jb/25f805b66c73ab5edab05ab09357c381,True,8時間前,2026-09-30 05:11:55,愛知県
正看護師・准看護師／外来 日勤のみ新着,医療法人社団同仁会,愛知県,"時給1,300円～1,500円",アルバイト・パート,看護,求人ボックス,https://xn--pckua2a7gp15o89zb.com/jb/dbf9b5518901bf6869c60432903806bf,True,10時間前,2026-09-30 05:11:55,愛知県
正看護師・准看護師／訪問看護 日勤のみ新着,株式会社キート,愛知県,"時給1,780円",アルバイト・パート,看護,求人ボックス,https://xn--pckua2a7gp15o89zb.com/jb/a134b8c7df63d42e4c16cc8698986774,True,9時間前,2026-09-30 05:11:59,愛知県
診療所・クリニックの看護師／准看護師新着,名古屋みなとクリニック,愛知県,月給21万円～27万円,正社員,看護,求人ボックス,https://xn--pckua2a7gp15o89zb.com/jb/9e3f9a23e546a7bd907f4712014c65ed,True,7時間前,2026-09-30 05:12:01,愛知県
介護施設の看護師／准看護師新着,西尾すみれ訪問看護ステーション,愛知県,月給35万円～,正社員,看護,求人ボックス,https://xn--pckua2a7gp15o89zb.com/jb/376778cc63d6f7a4b815e449440f6640,True,7時間前,2026-09-30 05:12:01,愛知県
正看護師／訪問看護 日勤のみ新着,医療法人仁泉会,愛知県,"時給1,300円",アルバイト・パート,看護,求人ボックス,https://xn--pckua2a7gp15o89zb.com/jb/fadfae0751db255968815b9022224386,True,10時間前,2026-09-30 05:12:05,愛知県
夜勤タクシードライバー／未経験スタートOK／年2回のボーナス支給あり新着,ドライバー,愛知県,"月給45万9,700円",正社員,ドライバー,求人ボックス,https://xn--pckua2a7gp15o89zb.com/jbn/fa35eb64b8467457e9bb2207a1d4d347,True,13時間前,2026-09-30 05:11:50,愛知県
小型トラックドライバー／安心の普通免許でスタート／安全運転で地域のお客...新着,アーク引越センター株式会社,愛知県,月給26万円～31万円,正社員,ドライバー,求人ボックス,https://xn--pckua2a7gp15o89zb.com/jbn/b89f01a1177d29eaa2aed980f33aa704,True,9時間前,2026-09-30 05:11:50,愛知県
最短3日で勤務開始可 10tトラックドライバー 自動車部品地場輸送新着,株式会社ヨコタエンタープライズ,愛知県,月給30万円～37万円,正社員,ドライバー,求人ボックス,https://xn--pckua2a7gp15o89zb.com/jb/35006343e21553eb4dfee5e634408f5d,True,4時間前,2026-09-30 05:11:50,愛知県
中型・準中型トラックドライバー／負担少なめ!手積み無／ルート固定で予定...新着,株式会社エム・ユー・ケー,愛知県,月給23万円～30万円,正社員,ドライバー,求人ボックス,https://xn--pckua2a7gp15o89zb.com/jbn/143c38f4c23d6eb43e09f0a60dd90623,True,9時間前,2026-09-30 05:11:55,愛知県
タクシードライバー／未経験からでも安心のドライバー／地域で親しまれる名...新着,豊鉄タクシー株式会社,愛知県,"月給17万8,000円",正社員,ドライバー,求人ボックス,https://xn--pckua2a7gp15o89zb.com/jbn/d3dcbfd1c35c18e56404075cb5d7973a,True,9時間前,2026-09-30 05:11:55,愛知県
夜間配送トラックドライバー／50代Crew活躍中!普通免許OK新着,イズミ物流株式会社,愛知県,"月給37万7,949円",正社員,ドライバー,求人ボックス,https://xn--pckua2a7gp15o89zb.com/jbn/5b9fe8acffe762bc5e1aa725e9ff0f2f,True,21時間前,2026-09-30 05:11:55,愛知県
未経験から始める建材配送ドライバー 新部署立ち上げメンバー新着,LifeBank株式会社,愛知県,"月給29万8,975円",正社員,ドライバー,求人ボックス,https://xn--pckua2a7gp15o89zb.com/jb/edcb46941c6763156030ca82f9d294d6,True,5時間前,2026-09-30 05:11:59,愛知県
トラックドライバー／社会保険完備新着,JPロジスティクス株式会社,愛知県,月給26万円～28万円,正社員,ドライバー,求人ボックス,https://xn--pckua2a7gp15o89zb.com/jbn/421d011290274531e44acc001623c32d,True,9時間前,2026-09-30 05:11:59,愛知県
大型トラックドライバー／未経験OK／車通勤OK新着,株式会社MITUWA,愛知県,月給32万円～,正社員,ドライバー,求人ボックス,https://xn--pckua2a7gp15o89zb.com/jbn/0f8701fe403133eca3526fc8dd0b565b,True,9時間前,2026-09-30 05:11:59,愛知県
中型・ウィング車ドライバー 未経験者可 普通免許で可 月28万円～新着,株式会社トーマ東海,愛知県,月給28万円～30万円,正社員,ドライバー,求人ボックス,https://xn--pckua2a7gp15o89zb.com/jb/f8411fde945e12a8d1030c0809c26d08,True,5時間前,2026-09-30 05:12:02,愛知県
引越しドライバー／楽しそうな仲間がいる会社で未経験からしっかり稼げる新着,株式会社ウェルカムバスケット,愛知県,月給25万円～40万円,正社員,ドライバー,求人ボックス,https://xn--pckua2a7gp15o89zb.com/jb/038047d9fdd6a40a5e46363535af08a7,True,5時間前,2026-09-30 05:12:06,愛知県
トラックドライバー／車通勤OK／社会保険完備新着,株式会社ジェイライン,愛知県,月給25万円～30万円,正社員,ドライバー,求人ボックス,https://xn--pckua2a7gp15o89zb.com/jbn/79c7ff327dd21efb2cf1f8e58586d032,True,9時間前,2026-09-30 05:12:06,愛知県
小型トラックドライバー／中型免許の取得費用は会社負担／再配達&配送以外...新着,三井物産流通グループ株式会社,愛知県,"月給20万4,000円",契約社員,ドライバー,求人ボックス,https://xn--pckua2a7gp15o89zb.com/jbn/750076ed77d24b426f6d44db839c08be,True,9時間前,2026-09-30 05:12:09,愛知県
送迎バス・貸切バスドライバー新着,株式会社ワークシステムサービス,愛知県,月給24万円～35万円,契約社員,ドライバー,求人ボックス,https://xn--pckua2a7gp15o89zb.com/jb/9d2d189fc05f6183f14cd04d38a3e372,True,10時間前,2026-09-30 05:12:09,愛知県
大型トラックドライバー／月給60万まで／扱うのは宅配便など軽い荷物新着,株式会社ロジックナンカイ,愛知県,月給60万,正社員,ドライバー,求人ボックス,https://xn--pckua2a7gp15o89zb.com/jbn/a1843afb9f5882cb30b576ff3c9064e8,True,9時間前,2026-09-30 05:12:11,愛知県
「未経験歓迎」タクシードライバー／月収50万円以上可／退職金制度あり新着,ドライバー,愛知県,"月給47万8,000円",正社員,ドライバー,求人ボックス,https://xn--pckua2a7gp15o89zb.com/jbn/513bcc16aefc6458ff4deb6c5ca5c7e7,True,14時間前,2026-09-30 05:12:11,愛知県
トラックドライバー／車通勤OK／社会保険完備新着,株式会社富士ライン,愛知県,月給30万円～,正社員,ドライバー,求人ボックス,https://xn--pckua2a7gp15o89zb.com/jbn/42f8dad8bee8dacb5c3d2e3bbc43fe0a,True,9時間前,2026-09-30 05:12:14,愛知県
タクシードライバー／名鉄グループの基盤で安定集客／二種免許の取得費用は...新着,名鉄東部交通株式会社,愛知県,月給23万円～33万円,正社員,ドライバー,求人ボックス,https://xn--pckua2a7gp15o89zb.com/jbn/4093f6696aae2a31caf9bcd2b9b936ce,True,9時間前,2026-09-30 05:12:17,愛知県
タクシードライバー／週3勤務／学歴不問／1年目月収50万以上新着,ドライバー,愛知県,"月給45万8,000円",正社員,ドライバー,求人ボックス,https://xn--pckua2a7gp15o89zb.com/jbn/6b6a8daa2954fe56a2d2e5780e17f0f5,True,13時間前,2026-09-30 05:12:17,愛知県
「VIP送迎もあり」夜勤タクシードライバー／年収600万円以上新着,ドライバー,愛知県,"月給45万9,000円",正社員,ドライバー,求人ボックス,https://xn--pckua2a7gp15o89zb.com/jbn/87a009e8fdba6cab964ac8be4bec9e3d,True,13時間前,2026-09-30 05:12:17,愛知県
人材ファーストな会社 未経験でも男女関係なく月収40万円以上～!日用雑貨の軽貨物配送ドライバー新着,株式会社RIMURU,愛知県,月給38万円～60万円,,ドライバー,求人ボックス,https://xn--pckua2a7gp15o89zb.com/jb/ba7bfda16c270935e0dceeee9162af4b,True,9時間前,2026-09-30 05:12:17,愛知県
警備員新着,日本エコシステム株式会社,愛知県,"時給1,140円",アルバイト・パート,警備,求人ボックス,https://xn--pckua2a7gp15o89zb.com/jb/86ef46c564667e02a6494c511b9fdab6,True,8時間前,2026-09-30 05:11:58,愛知県
高速道路の夜間交通警備員新着,伸和サービス株式会社,愛知県,"日給1万5,500円",アルバイト・パート,警備,求人ボックス,https://xn--pckua2a7gp15o89zb.com/jb/4cbd9ae755068890c56abf0ad527074b,True,19時間前,2026-09-30 05:11:58,愛知県
交通警備員 オープニングスタッフ 未経験可 週1日～勤務 即日勤務も可新着,株式会社レシーザ,愛知県,"日給1万1,000円",アルバイト・パート,警備,求人ボックス,https://xn--pckua2a7gp15o89zb.com/jb/8d12ef22afa047d627c7badc3edca52d,True,4時間前,2026-09-30 05:11:58,愛知県
警備員／株式会社安全警備新着,株式会社第二章,愛知県,"時給1,200円～",アルバイト・パート,警備,求人ボックス,https://xn--pckua2a7gp15o89zb.com/jb/2521cd1904709f22f8aba6432f684100,True,2時間前,2026-09-30 05:11:58,愛知県
公園施設の警備員新着,昭和建物管理株式会社,愛知県,"日給9,560円～9,960円",アルバイト・パート,警備,求人ボックス,https://xn--pckua2a7gp15o89zb.com/jb/97af7b57bd5c3c9412278f4c5d913aa1,True,22時間前,2026-09-30 05:11:58,愛知県
交通誘導警備員新着,セイフラインズ株式会社,愛知県,"日給1万1,000円",アルバイト・パート,警備,求人ボックス,https://xn--pckua2a7gp15o89zb.com/jb/559b2e16054fe95c3e8b5616fc595205,True,18時間前,2026-09-30 05:11:58,愛知県
人物重視の採用!未経験から安心スタートできる施設警備／名鉄グループとセコムの経営基盤で長期安定新着,名鉄セコム株式会社,愛知県,"月給22万5,000円",正社員,警備,求人ボックス,https://xn--pckua2a7gp15o89zb.com/jb/1915c76e03048bc3f9d2a976a2508767,True,2時間前,2026-09-30 05:11:58,愛知県
「愛知県勤務」交通誘導／待遇に自信あり／引っ越しサポートあり・日払い週払い可新着,セキュリティスタッフ株式会社,愛知県勤務」交通誘導／待遇に自信あり／引っ越しサポートあり・日払い週払い可,月給24万円～26万円,正社員,警備,求人ボックス,https://xn--pckua2a7gp15o89zb.com/jb/6d8702131d2129a98d70d5a9e4be41dc,True,4時間前,2026-09-30 05:11:58,愛知県
送迎運転手「普通免許のみ」／年収600万円以上／ドライバー／未経験でも高収入／予約が中心新着,...チームワークを大切にしながら現場をまとめるお仕事です。「コツコツ取り組む仕事が好き」「スケジュール通りに進めると達成感がある」という行動力のある方を募集しています。倉庫軽作業、配送ドライバー、,愛知県,月給50万円～80万円,正社員,警備,求人ボックス,https://xn--pckua2a7gp15o89zb.com/jbn/ad2fd0b12e019123b1aa84ec3ad0fa98,True,10時間前,2026-09-30 05:11:59,愛知県
「高収入」タクシー乗務員「普通免許のみ」／予約が中心／年収600万円以上／ドライバー新着,...チームワークを大切にしながら現場をまとめるお仕事です。「コツコツ取り組む仕事が好き」「スケジュール通りに進めると達成感がある」という行動力のある方を募集しています。倉庫軽作業、配送ドライバー、,愛知県,月給45万円～80万円,正社員,警備,求人ボックス,https://xn--pckua2a7gp15o89zb.com/jbn/62ba72d25f231637153e147760e2fbf7,True,10時間前,2026-09-30 05:11:59,愛知県
未経験歓迎の一般事務。安定の正社員採用新着,現在活躍しているスタッフの前職も、元美容師、,愛知県,"月給22万6,000円",正社員,警備,求人ボックス,https://xn--pckua2a7gp15o89zb.com/jbn/0a204508750e3e7e239ba7524b5d7a3a,True,2時間前,2026-09-30 05:12:02,愛知県
髪色・ネイル自由で「自分らしくリラックスして働く」一般事務新着,現在活躍しているスタッフの前職も、元美容師、,愛知県,月給20万円～50万円,正社員,警備,求人ボックス,https://xn--pckua2a7gp15o89zb.com/jbn/f853665b8873c25dde5ec95d4d9b059e,True,2時間前,2026-09-30 05:12:02,愛知県
毎年昇給で手取りUP／長く働くほど得をする一般事務スタッフ新着,現在活躍しているスタッフの前職も、元美容師、,愛知県,月給23万円～50万円,正社員,警備,求人ボックス,https://xn--pckua2a7gp15o89zb.com/jbn/d0dd9702b3e8aa7f71287a3a16ae869d,True,2時間前,2026-09-30 05:12:02,愛知県
「販売職からの転職組が8割」／立ち仕事の疲れとは無縁。冷暖房完備のオフィスで腰を据えて働く一般事務新着,現在活躍しているスタッフの前職も、元美容師、,愛知県,"月給21万9,000円",正社員,警備,求人ボックス,https://xn--pckua2a7gp15o89zb.com/jbn/1c7f3176c24da9abb5f740bb67b255f0,True,2時間前,2026-09-30 05:12:02,愛知県
街の交通誘導アシスタント 直行直帰可新着,高春株式会社,愛知県,日給1万円～1万,アルバイト・パート,警備,求人ボックス,https://xn--pckua2a7gp15o89zb.com/jb/e8581d4e36977167e1ada2d284220a88,True,4時間前,2026-09-30 05:12:05,愛知県
安城更生病院の駐車場警備スタッフ新着,サマンサジャパン株式会社,愛知県,"日給5,940円～1万",正社員,警備,求人ボックス,https://xn--pckua2a7gp15o89zb.com/jb/49fe65c2674125b3bbe7835fc42499b7,True,19時間前,2026-09-30 05:12:05,愛知県
「VIP送迎もあり」夜勤タクシードライバー／年収600万円以上／賞与年2回新着,警備員,愛知県,月給46万100円,正社員,警備,求人ボックス,https://xn--pckua2a7gp15o89zb.com/jbn/ea02ae4b77b1996433a6df3e1790b97e,True,13時間前,2026-09-30 05:12:05,愛知県
「正社員」週3勤務のタクシードライバー／未経験者活躍中／年収500万円以上可能／土日祝休み取得可新着,警備員,愛知県,"月給40万7,200円",正社員,警備,求人ボックス,https://xn--pckua2a7gp15o89zb.com/jbn/f47f030e828feb066350f04581cd09f2,True,14時間前,2026-09-30 05:12:05,愛知県
常駐セキュリティスタッフ新着,セコムジャスティック株式会社,愛知県,"月給22万8,700円",正社員,警備,求人ボックス,https://xn--pckua2a7gp15o89zb.com/jb/36a833f0a01cdacf606f205bf7e1883b,True,22時間前,2026-09-30 05:12:08,愛知県
スーパーでのレジスタッフ新着,マックスバリュ豊田四郷店,愛知県,"時給1,447円～1,647円",アルバイト・パート,警備,求人ボックス,https://xn--pckua2a7gp15o89zb.com/jb/ddce97d2469ce1cf56cd2c2d3be186dd,True,11時間前,2026-09-30 05:12:08,愛知県
スーパーでのお惣菜・お寿司売場担当新着,マックスバリュ岡崎美合店,愛知県,"時給1,283円～",アルバイト・パート,警備,求人ボックス,https://xn--pckua2a7gp15o89zb.com/jb/f32d1d072c9e4c08e54f8de37c20ced2,True,11時間前,2026-09-30 05:12:10,愛知県
工場内でのピッキング 仕分け業務 未経験可 日勤新着,株式会社ヨコタエンタープライズ,愛知県,月給19万円～23万,正社員,警備,求人ボックス,https://xn--pckua2a7gp15o89zb.com/jb/7c23995de05234ae735e05eb1080471a,True,4時間前,2026-09-30 05:12:10,愛知県
リサイクル品の出張買取・回収とルート営業／未経験OK／急募／ブランクOK／研修あり／賞与4ヶ月分新着,株式会社アップテンポ,愛知県,"年収400万円～1,000万円",正社員,警備,求人ボックス,https://xn--pckua2a7gp15o89zb.com/jbn/bcac6c89bd79555482d06a222f777843,True,3時間前,2026-09-30 05:12:10,愛知県
ガソリンスタンド宇佐美のアルバイト!週2・3日からOK!未経験OK新着,株式会社ユーオーエス,愛知県,"時給1,250円～1,400円",アルバイト・パート,警備,求人ボックス,https://xn--pckua2a7gp15o89zb.com/jb/12748e9069cbe4454992c45c1f1792bf,True,13時間前,2026-09-30 05:12:10,愛知県
工場守衛業務新着,セクダム 豊田鉄工 広久手工場,愛知県,"日給1万2,113円",契約社員,警備,求人ボックス,https://xn--pckua2a7gp15o89zb.com/jb/be5d621baec28f04ee68a79ab98fe099,True,17時間前,2026-09-30 05:12:10,愛知県
設備管理 正社員 愛知／警備・ビル管理新着,土日祝休,愛知県,年収450万円～700万円,正社員,警備,求人ボックス,https://xn--pckua2a7gp15o89zb.com/jb/8852340a1e77ff767bbefef3e7deca91,True,21時間前,2026-09-30 05:12:10,愛知県
愛知／防災設備製品の法人営業職／年収500～650万円／土日祝休み・フレックス／セコムグループ新着,警備,愛知県,年収500～650万円,正社員,警備,求人ボックス,https://xn--pckua2a7gp15o89zb.com/jb/ce8d837d993f41f4ee9ada5492e541f8,True,15時間前,2026-09-30 05:12:13,愛知県
名古屋／発注者／大規模修繕工事コンサルタント:残業月20H／転勤無し／年収620万～新着,(5),愛知県,年収620万～,正社員,警備,求人ボックス,https://xn--pckua2a7gp15o89zb.com/jb/6094ab644dcef774f7ec446e6bdc776a,True,17時間前,2026-09-30 05:12:13,愛知県
分譲マンション管理フロント営業 専門職／名古屋新着,警備,愛知県,"月給24万2,000円",正社員,警備,求人ボックス,https://xn--pckua2a7gp15o89zb.com/jb/6beba7630ddfdfc278c07907a221dd8e,True,17時間前,2026-09-30 05:12:13,愛知県
名古屋／発注者／マンション大規模修繕工事の提案・工事監理:残業月20H／転勤無し／年収620～新着,(5),愛知県,年収620～,正社員,警備,求人ボックス,https://xn--pckua2a7gp15o89zb.com/jb/3f1414e78d9577f14daf28511fb93b2a,True,17時間前,2026-09-30 05:12:13,愛知県
名古屋／防災機器の保守メンテナンス／年収600～800万円／夜間呼び出しなし・土日祝休み新着,警備,愛知県,年収600～800万円,正社員,警備,求人ボックス,https://xn--pckua2a7gp15o89zb.com/jb/cdcea2dde3da7bc2c775897d6100bf69,True,16時間前,2026-09-30 05:12:13,愛知県
名古屋／消火設備の施工管理／年収650～750万円／土日祝休み・フレックス／セコムグループ新着,警備,愛知県,年収650～750万円,正社員,警備,求人ボックス,https://xn--pckua2a7gp15o89zb.com/jb/a6a44299c9ef39a8caa14288e971f47b,True,15時間前,2026-09-30 05:12:16,愛知県
名古屋・施設管理 ビルメンテナンス／小売業界大手グループのFM企業新着,店内巡回、店内と駐車場を巡回(必要に応じ清掃担当や,愛知県,年収400万円～500万円,正社員,警備,求人ボックス,https://xn--pckua2a7gp15o89zb.com/jb/a3577af77f1e344d95ff9453cbf51170,True,16時間前,2026-09-30 05:12:16,愛知県
残業20H程度／福利厚生充実／長期休みも取得しやすい／監理技術者 機械器具設置／大手流通グループ新着,会社の魅力・同社の顧客は「施設」を保有する多種多様な企業です。また設備管理、清掃、,愛知県,年収500万円～700万円,正社員,警備,求人ボックス,https://xn--pckua2a7gp15o89zb.com/jb/6017a249273129066364b1a403ce3f46,True,17時間前,2026-09-30 05:12:16,愛知県
分譲マンション管理フロント営業 リーダー候補／中部東海新着,警備,愛知県,年収478万円～630万円,正社員,警備,求人ボックス,https://xn--pckua2a7gp15o89zb.com/jb/c0b943d40bd8304c3b9793d5ce5a0f4d,True,17時間前,2026-09-30 05:12:16,愛知県
店舗販売用のパン製造スタッフ 完全週休二日制・履歴書不要新着,Mr.BUFFET,愛知県,"月給27万5,000円",正社員,製造,求人ボックス,https://xn--pckua2a7gp15o89zb.com/jb/6ea6856c101ea84d976d1fd7c5acd978,True,4時間前,2026-09-30 05:12:08,愛知県
茶葉加工・製造スタッフ／加工機の操作・商品品質チェック／未経験から製造...新着,株式会社enrich technology,愛知県,"月給34万4,800円",正社員,製造,求人ボックス,https://xn--pckua2a7gp15o89zb.com/jbn/f6d093362518c9a7ef7d4044337ae632,True,10時間前,2026-09-30 05:12:08,愛知県
「20~30代活躍」キャラクターフィギュア製造スタッフ／彩色・組立新着,株式会社Meta Sales,愛知県,"月給30万1,500円",正社員,製造,求人ボックス,https://xn--pckua2a7gp15o89zb.com/jbn/16931dd7218fa0ccf440841f3ad4ea3e,True,10時間前,2026-09-30 05:12:08,愛知県
「27卒・新卒」製造スタッフ／ものづくりを基礎から学ぶ／土日祝休み新着,株式会社プロジェクトトリガー,愛知県,"月給24万1,900円",正社員,製造,求人ボックス,https://xn--pckua2a7gp15o89zb.com/jbn/ca2ee11141fddde91ba6fb80faaf6b58,True,8時間前,2026-09-30 05:12:09,愛知県
景品グッズに関われる!／クレーンゲーム景品の企画製造スタッフ／研修あり新着,製造,愛知県,"月給33万6,500円",正社員,製造,求人ボックス,https://xn--pckua2a7gp15o89zb.com/jbn/bcaf913d98c1540f812f55c4d77a263f,True,11時間前,2026-09-30 05:12:09,愛知県
茶葉加工・製造スタッフ／加工機の操作・商品品質チェック／未経験から製造...新着,株式会社Le Lien,愛知県,"月給31万9,000円",正社員,製造,求人ボックス,https://xn--pckua2a7gp15o89zb.com/jbn/b0bb9c55f7ff5bb282afdc151ee5898f,True,10時間前,2026-09-30 05:12:12,愛知県
アニメ作品メディア製造スタッフ／Blu-rayの製造・品質管理新着,ベンタス株式会社,愛知県,"月給34万3,100円",正社員,製造,求人ボックス,https://xn--pckua2a7gp15o89zb.com/jbn/15bb32c287f16c486767e983a8b46c7c,True,10時間前,2026-09-30 05:12:16,愛知県
「27卒・新卒」製造スタッフ／ものづくりを基礎から学ぶ／土日祝休み新着,株式会社大斗,愛知県,月給25万400円,正社員,製造,求人ボックス,https://xn--pckua2a7gp15o89zb.com/jbn/239d5472b7abbc1edc119b25f8babfcd,True,7時間前,2026-09-30 05:12:16,愛知県
趣味グッズに関われる!未経験OK／カードゲームグッズの製造スタッフ新着,製造,愛知県,"月給36万8,500円",正社員,製造,求人ボックス,https://xn--pckua2a7gp15o89zb.com/jbn/b5c82abf748130ffba564b143c1ac7e2,True,11時間前,2026-09-30 05:12:16,愛知県
光る盤面を作る仕事!／パチンコ台盤面の製造スタッフ／学歴不問新着,製造,愛知県,"月給35万1,000円",正社員,製造,求人ボックス,https://xn--pckua2a7gp15o89zb.com/jbn/a1a7c3ee4732163aa87aa917fa0efb7b,True,11時間前,2026-09-30 05:12:19,愛知県
最新モデルに関われる!／パソコンの製造スタッフ／年間休日122日新着,製造,愛知県,"月給34万7,500円",正社員,製造,求人ボックス,https://xn--pckua2a7gp15o89zb.com/jbn/0e43ba31ce20204571bbcea168b5f2e7,True,11時間前,2026-09-30 05:12:19,愛知県
趣味グッズに関われる!／カードゲームグッズの製造スタッフ／土日祝休み新着,製造,愛知県,"月給36万8,500円",正社員,製造,求人ボックス,https://xn--pckua2a7gp15o89zb.com/jbn/14b85fdee2a0bd1ae6ea922a868be5d5,True,11時間前,2026-09-30 05:12:19,愛知県
パソコン組立に挑戦!／パソコンの製造スタッフ／年間休日136日新着,製造,愛知県,"月給39万1,500円",正社員,製造,求人ボックス,https://xn--pckua2a7gp15o89zb.com/jbn/e37b4b8cfa9fac55adea82d3119c4c23,True,11時間前,2026-09-30 05:12:22,愛知県
パソコン組立に挑戦!／パソコンの製造スタッフ／年間休日138日新着,製造,愛知県,"月給37万7,500円",正社員,製造,求人ボックス,https://xn--pckua2a7gp15o89zb.com/jbn/5e4613b9070aa23043ec160f2306477d,True,11時間前,2026-09-30 05:12:22,愛知県
キャラクターグッズ製造スタッフ／缶バッジ・キーホルダーの加工機操作新着,株式会社キソシン,愛知県,"月給32万9,400円",正社員,製造,求人ボックス,https://xn--pckua2a7gp15o89zb.com/jbn/da539ddeab27ac21937c2236f63d9d40,True,10時間前,2026-09-30 05:12:22,愛知県
遊技台製造の人気ワーク!／パチンコ台盤面の製造スタッフ／土日祝休み新着,製造,愛知県,"月給37万3,000円",正社員,製造,求人ボックス,https://xn--pckua2a7gp15o89zb.com/jbn/1837c04916fa077e66ead463d0044599,True,11時間前,2026-09-30 05:12:24,愛知県
光る盤面を作る仕事!／パチンコ台盤面の製造スタッフ／寮完備新着,製造,愛知県,"月給36万5,000円",正社員,製造,求人ボックス,https://xn--pckua2a7gp15o89zb.com/jbn/ff488df72c85ceea95c10372f548bcaa,True,11時間前,2026-09-30 05:12:28,愛知県
景品グッズに関われる!人気求人／クレーンゲーム景品の企画製造スタッフ新着,製造,愛知県,"月給33万6,500円",正社員,製造,求人ボックス,https://xn--pckua2a7gp15o89zb.com/jbn/ed108d686c8c2b36e801427221d1fda4,True,11時間前,2026-09-30 05:12:28,愛知県
パン工場の製造補助スタッフ「人気商品の製造サポート」新着,Courage Path株式会社,愛知県,月給27万円～35万円,正社員,製造,求人ボックス,https://xn--pckua2a7gp15o89zb.com/jbn/1eeae353300b18de8fd73451dff74ebf,True,11時間前,2026-09-30 05:12:28,愛知県
お弁当箱の製造スタッフ新着,製造,愛知県,"月給27万4,000円",正社員,製造,求人ボックス,https://xn--pckua2a7gp15o89zb.com/jbn/982921ec9ed3b140a2c2712975967b38,True,5時間前,2026-09-30 05:12:32,愛知県
タグ付け出荷準備中心!／クレーンゲーム景品の企画製造スタッフ新着,製造,愛知県,"月給35万8,500円",正社員,製造,求人ボックス,https://xn--pckua2a7gp15o89zb.com/jbn/a3684d3ff4f310b1131b1a0fbd41e5a0,True,11時間前,2026-09-30 05:12:36,愛知県
家電製品製造スタッフ／未経験歓迎／部品取付と動作確認／寮・社宅あり新着,株式会社FIVE SENSES,愛知県,"月給31万8,900円",正社員,製造,求人ボックス,https://xn--pckua2a7gp15o89zb.com/jbn/c884d032599b918fc7eef12fcd133cf0,True,9時間前,2026-09-30 05:12:36,愛知県
清掃スタッフ新着,タイガー総業株式会社,愛知県,"時給1,225円～",アルバイト・パート,清掃,求人ボックス,https://xn--pckua2a7gp15o89zb.com/jb/9d316d35069959cace5610a00fcf6502,True,7時間前,2026-09-30 05:12:20,愛知県
ショッピング施設の清掃スタッフ新着,株式会社白青舎,愛知県,"時給1,300円",アルバイト・パート,清掃,求人ボックス,https://xn--pckua2a7gp15o89zb.com/jb/3bf108cac15f432fb4b8ae4b2327da3b,True,4時間前,2026-09-30 05:12:20,愛知県
洗濯・清掃スタッフ／無資格・未経験OK!週2日以上でOK／東山公園駅よ...新着,東山内科・小児科,愛知県,"時給1,200円～1,250円",アルバイト・パート,清掃,求人ボックス,https://xn--pckua2a7gp15o89zb.com/jb/64aeab3917cc89e09b9430f59f8305b9,True,19時間前,2026-09-30 05:12:20,愛知県
大手企業内での清掃スタッフ新着,有限会社中京ウェルディング,愛知県,"時給1,350円",派遣社員,清掃,求人ボックス,https://xn--pckua2a7gp15o89zb.com/jb/faffc2af8c0492197c8a676a8ad49247,True,19時間前,2026-09-30 05:12:20,愛知県
日常清掃スタッフ新着,株式会社ティ・アシスト,愛知県,"時給1,230円",アルバイト・パート,清掃,求人ボックス,https://xn--pckua2a7gp15o89zb.com/jb/0cd36b4c195e892305e3c40b4f824b43,True,8時間前,2026-09-30 05:12:20,愛知県
渥美病院の清掃スタッフ新着,サマンサジャパン株式会社,愛知県,"時給1,225円～1,275円",アルバイト・パート,清掃,求人ボックス,https://xn--pckua2a7gp15o89zb.com/jb/18eef1fdb84fdcd5ee1c77f601c6729c,True,19時間前,2026-09-30 05:12:20,愛知県
マンション等の清掃スタッフ新着,株式会社A-one,愛知県,"時給1,200円～1,300円",アルバイト・パート,清掃,求人ボックス,https://xn--pckua2a7gp15o89zb.com/jb/d75e9af03478a4fadab936cdbb330942,True,4時間前,2026-09-30 05:12:20,愛知県
お惣菜店の清掃スタッフ新着,株式会社ホワイト企画,愛知県,"時給1,195円",アルバイト・パート,清掃,求人ボックス,https://xn--pckua2a7gp15o89zb.com/jb/e858442ad80a713a7d39b3b5ef6187e0,True,8時間前,2026-09-30 05:12:21,愛知県
鶴舞公園の清掃スタッフ新着,ホーメックス株式会社,愛知県,"時給1,200円",アルバイト・パート,清掃,求人ボックス,https://xn--pckua2a7gp15o89zb.com/jb/4f59d80077b3742ebc8f4806fa460c5e,True,6時間前,2026-09-30 05:12:21,愛知県
清掃スタッフ／スーパーセンタートライアル 名古屋茶屋店新着,株式会社トライアルカンパニー,愛知県,"時給1,200円",アルバイト・パート,清掃,求人ボックス,https://xn--pckua2a7gp15o89zb.com/jb/e1455bb2b232279b567d9fb2ade8717f,True,6時間前,2026-09-30 05:12:21,愛知県
大学内の清掃スタッフ／土日祝休み! 女性活躍中新着,株式会社愛工大センター,愛知県,"日給4,550円",アルバイト・パート,清掃,求人ボックス,https://xn--pckua2a7gp15o89zb.com/jb/70b3a9bab07715be71a9c0aea0bd823e,True,13時間前,2026-09-30 05:12:21,愛知県
図書館の清掃スタッフ新着,株式会社サカイビルサービス,愛知県,"時給1,195円",アルバイト・パート,清掃,求人ボックス,https://xn--pckua2a7gp15o89zb.com/jb/0c70b3db28e940ae6cce51350207fa1e,True,19時間前,2026-09-30 05:12:21,愛知県
近郊勤務 巡回清掃スタッフ 未経験OK／日勤のみ新着,エヌビーエス株式会社,愛知県,月給22万円～30万円,契約社員,清掃,求人ボックス,https://xn--pckua2a7gp15o89zb.com/jb/7158de3dfe29a851b6e44146998174e2,True,23時間前,2026-09-30 05:12:23,愛知県
客室清掃スタッフ新着,株式会社中部成和,愛知県,"時給1,195円～",アルバイト・パート,清掃,求人ボックス,https://xn--pckua2a7gp15o89zb.com/jb/e834e057244993b76ab7b9dcd3da1534,True,19時間前,2026-09-30 05:12:23,愛知県
ホテル客室と共用部の清掃スタッフ新着,株式会社中部成和ホテルサービス,愛知県,"時給1,121円～",アルバイト・パート,清掃,求人ボックス,https://xn--pckua2a7gp15o89zb.com/jb/ea61c4ac9e9c73518aa27e9c6cab53f1,True,19時間前,2026-09-30 05:12:23,愛知県
病院内の清掃スタッフ新着,株式会社ホットスタッフ稲沢,愛知県,"時給1,200円",派遣社員,清掃,求人ボックス,https://xn--pckua2a7gp15o89zb.com/jb/2b68eae86a5422877939e2ba506b26ce,True,11時間前,2026-09-30 05:12:23,愛知県
オープニング／客室清掃スタッフ新着,ルートインジャパン株式会社,愛知県,"時給1,150円",アルバイト・パート,清掃,求人ボックス,https://xn--pckua2a7gp15o89zb.com/jb/4427bb33584940bc93f3ef4e619608c2,True,23時間前,2026-09-30 05:12:23,愛知県
工場内の清掃スタッフ新着,株式会社ホットスタッフ西尾,愛知県,"時給1,200円",派遣社員,清掃,求人ボックス,https://xn--pckua2a7gp15o89zb.com/jb/f34916cf11dba427385254a612c6b551,True,11時間前,2026-09-30 05:12:24,愛知県
ショッピングモールの清掃スタッフ 早朝新着,イオンディライトコネクト株式会社,愛知県,"時給1,195円",アルバイト・パート,清掃,求人ボックス,https://xn--pckua2a7gp15o89zb.com/jb/b4de4c2a013637d8adf5040a6c8d560d,True,4時間前,2026-09-30 05:12:27,愛知県
オークワ豊橋ミラまち店内の清掃スタッフ募集!3.5時間の短時間勤務!新着,株式会社ボイス,愛知県,"時給1,230円～",アルバイト・パート,清掃,求人ボックス,https://xn--pckua2a7gp15o89zb.com/jb/ac7661d8ca15d2e1c0c5c67cf932e2cc,True,4時間前,2026-09-30 05:12:27,愛知県
オフィスビルの清掃スタッフ新着,三幸株式会社,愛知県,"時給1,200円～",アルバイト・パート,清掃,求人ボックス,https://xn--pckua2a7gp15o89zb.com/jb/22607ef39b26685f7dc7e8d238fa11ab,True,22時間前,2026-09-30 05:12:27,愛知県
清掃スタッフ／高齢者住宅／週1日～／7時～9時／短時間／未経験可新着,株式会社美装モリタ商会,愛知県,"時給1,200円",アルバイト・パート,清掃,求人ボックス,https://xn--pckua2a7gp15o89zb.com/jb/c93db0d181574a66bcdf2e857c23102d,True,3時間前,2026-09-30 05:12:27,愛知県
西尾市役所の清掃 7:30～12:00 月～金のうち週4日新着,コニックス株式会社,愛知県,"時給1,200円",アルバイト・パート,清掃,求人ボックス,https://xn--pckua2a7gp15o89zb.com/jb/df6dc5a754858489b07faca8946d9450,True,5時間前,2026-09-30 05:12:27,愛知県
パチンコ店内清掃新着,株式会社サンライズ・ファシリティーズ,愛知県,"時給1,250円～",アルバイト・パート,清掃,求人ボックス,https://xn--pckua2a7gp15o89zb.com/jb/80ae9b2915eaa05be2b2819473e60e08,True,10時間前,2026-09-30 05:12:27,愛知県
西区新道1丁目のマンションの清掃・管理員、平日のみ新着,株式会社メイギコミュニティー,愛知県,"時給1,220円～",アルバイト・パート,清掃,求人ボックス,https://xn--pckua2a7gp15o89zb.com/jb/cb9ad3090eb6446b6baa1f5fc26f03d6,True,13時間前,2026-09-30 05:12:27,愛知県
官公庁の施設警備新着,昭和建物管理株式会社,愛知県,"日給9,560円～9,960円",正社員,清掃,求人ボックス,https://xn--pckua2a7gp15o89zb.com/jb/cb7d1a7518761116a80162c4c0e59e6f,True,22時間前,2026-09-30 05:12:30,愛知県
工場巡回清掃／時給1300円／午前勤務／土日休み／大型連休／未経験歓迎新着,株式会社大和サービス,愛知県,時給1300円,アルバイト・パート,清掃,求人ボックス,https://xn--pckua2a7gp15o89zb.com/jb/cf988c8bd3be5795dccf5ae2895f73d5,True,3時間前,2026-09-30 05:12:30,愛知県
大同メタル工業 犬山事業所の清掃 8:15～17:00 月～土のうち週5日新着,岐阜コニックス株式会社,愛知県,"時給1,200円",正社員,清掃,求人ボックス,https://xn--pckua2a7gp15o89zb.com/jb/47defc611d65a4b1e008773d1669e38d,True,5時間前,2026-09-30 05:12:30,愛知県
ITサポート事務／未経験OK／長期キャリア形成／研修制度充実／昇給年2回新着,Yts株式会社,愛知県,"月給30万4,800円",正社員,清掃,求人ボックス,https://xn--pckua2a7gp15o89zb.com/jbn/b7eaa6df6eecd8f0f0e1f58e87eff2e7,True,6時間前,2026-09-30 05:12:30,愛知県
「0からのキャリア形成」受付スタッフ／未経験OK／年間休日125日以上／土日祝休み新着,株式会社FIVE SENSES,愛知県,"月給32万7,400円",正社員,清掃,求人ボックス,https://xn--pckua2a7gp15o89zb.com/jbn/7a400ccb2c8b9e961677a9c3f87ced07,True,6時間前,2026-09-30 05:12:30,愛知県
「0からのキャリア形成」営業事務／未経験OK／年間休日125日以上／昇給賞与あり新着,株式会社グローリー,愛知県,"月給32万7,600円",正社員,清掃,求人ボックス,https://xn--pckua2a7gp15o89zb.com/jbn/188f02e0b164c50512d990ba06cf2287,True,6時間前,2026-09-30 05:12:30,愛知県
「0からのキャリア形成」一般事務スタッフ／未経験OK／年間休日125日以上／20代30代活躍中新着,AQUARIUS株式会社,愛知県,"月給31万3,900円",正社員,清掃,求人ボックス,https://xn--pckua2a7gp15o89zb.com/jbn/0a1242787a5483c796f9cf131f63659c,True,6時間前,2026-09-30 05:12:30,愛知県
ITサポート事務／未経験OK／PC設定やヘルプ応対／年間休日125日以上新着,株式会社RIOT,愛知県,"月給29万2,700円",正社員,清掃,求人ボックス,https://xn--pckua2a7gp15o89zb.com/jbn/e22e3d6f7b6e8884602ed1682d2529a0,True,6時間前,2026-09-30 05:12:30,愛知県
「未経験からオフィスデビュー」一般事務スタッフ／研修制度充実／昇給年2回新着,株式会社小林,愛知県,"月給30万9,300円",正社員,清掃,求人ボックス,https://xn--pckua2a7gp15o89zb.com/jbn/d22f3260f743899730c0c4dc32b38876,True,6時間前,2026-09-30 05:12:34,愛知県
入居者サポートスタッフ グループホームで清掃作業や夜間巡視 日曜日のみ 未経験可 他の曜日も勤務可新着,特定非営利活動法人タンポポ,愛知県,"日給7,840円",アルバイト・パート,清掃,求人ボックス,https://xn--pckua2a7gp15o89zb.com/jb/6f45e956934df1577a5154ce97e9ad1f,True,4時間前,2026-09-30 05:12:34,愛知県
データ入力事務／未経験OK／データ登録と確認／第二新卒歓迎新着,株式会社RIOT GROUP,愛知県,"月給30万8,300円",正社員,清掃,求人ボックス,https://xn--pckua2a7gp15o89zb.com/jbn/4e2ec9cd489d3fe9aa0421e513c6664b,True,6時間前,2026-09-30 05:12:34,愛知県
データ入力事務／未経験OK／長期キャリア形成／20代30代活躍中／研修あり新着,スタッフ,愛知県,"月給29万2,000円",正社員,清掃,求人ボックス,https://xn--pckua2a7gp15o89zb.com/jbn/568ff2e6b77531fcc759873ce81b2d35,True,6時間前,2026-09-30 05:12:34,愛知県
生活支援スタッフ 障がい者グループホーム勤務 未経験可 週1回から勤務 髪型髪色自由新着,ミナノワ株式会社,愛知県,"時給1,307円",アルバイト・パート,清掃,求人ボックス,https://xn--pckua2a7gp15o89zb.com/jb/1dbc3f9c9b13af9d35567c485c6650dd,True,4時間前,2026-09-30 05:12:34,愛知県
未経験からでもできる土木工事補助業務新着,三洲土木株式会社,愛知県,月給25万円～45万円,正社員,清掃,求人ボックス,https://xn--pckua2a7gp15o89zb.com/jb/b46799918ec2022dd348c036b3581c45,True,4時間前,2026-09-30 05:12:34,愛知県
「0からのキャリア形成」営業事務／未経験OK／賞与年2回／土日祝休み新着,スタッフ,愛知県,"月給30万1,600円",正社員,清掃,求人ボックス,https://xn--pckua2a7gp15o89zb.com/jbn/9179cfb86bf4c721fe0e3f0aba859bd7,True,6時間前,2026-09-30 05:12:34,愛知県
「0からのキャリア形成」受付スタッフ／未経験OK／第二新卒歓迎／昇給年2回新着,スタッフ,愛知県,"月給29万1,800円",正社員,清掃,求人ボックス,https://xn--pckua2a7gp15o89zb.com/jbn/d41aa3b56a5a38768f550b814bd705a7,True,6時間前,2026-09-30 05:12:37,愛知県
「未経験からオフィスデビュー」受付スタッフ／20代30代活躍中／研修制度充実新着,スタッフ,愛知県,"月給32万7,800円",正社員,清掃,求人ボックス,https://xn--pckua2a7gp15o89zb.com/jbn/6494aba48eef39c7b78ede92c77592e1,True,6時間前,2026-09-30 05:12:37,愛知県
営業事務／未経験OK／長期キャリア形成／月30万以上可／土日祝休み新着,スタッフ,愛知県,月給30万300円,正社員,清掃,求人ボックス,https://xn--pckua2a7gp15o89zb.com/jbn/49c81d0aee836bcb48bd23cd51ef3c1a,True,6時間前,2026-09-30 05:12:37,愛知県
介護職／ヘルパー／江南市河野町五十間の特別養護老人ホーム／名鉄「新一宮駅」新着,セントスタッフ名古屋支店,愛知県,"時給1,300円～1,500円",派遣社員,清掃,求人ボックス,https://xn--pckua2a7gp15o89zb.com/jb/4f63bba259a593e82936176031674756,True,6時間前,2026-09-30 05:12:37,愛知県
一般事務スタッフ／未経験OK／長期キャリア形成／年間休日125日以上／賞与年2回新着,スタッフ,愛知県,"月給32万2,500円",正社員,清掃,求人ボックス,https://xn--pckua2a7gp15o89zb.com/jbn/7ff0e227e7680fe067d7b336a8d892fd,True,6時間前,2026-09-30 05:12:37,愛知県
営業事務／未経験OK／長期キャリア形成／月30万以上可／年間休日125日以上新着,スタッフ,愛知県,"月給29万8,700円",正社員,清掃,求人ボックス,https://xn--pckua2a7gp15o89zb.com/jbn/655d8a7d43f11d28ba4b8576a06b68e1,True,6時間前,2026-09-30 05:12:37,愛知県
「0からのキャリア形成」一般事務スタッフ／未経験OK／第二新卒歓迎／研修制度充実新着,スタッフ,愛知県,"月給30万5,600円",正社員,清掃,求人ボックス,https://xn--pckua2a7gp15o89zb.com/jbn/5bd1891e16fa7128e153160b63c42985,True,6時間前,2026-09-30 05:12:40,愛知県
IT企業内事務／未経験OK／IT企業のバック業務／年間休日125日以上新着,スタッフ,愛知県,"月給30万4,000円",正社員,清掃,求人ボックス,https://xn--pckua2a7gp15o89zb.com/jbn/4a6dddf8bd1e1d09c1e1c6c9e79f81bd,True,6時間前,2026-09-30 05:12:40,愛知県
「未経験からオフィスデビュー」受付スタッフ／研修制度充実／賞与年2回新着,スタッフ,愛知県,月給32万100円,正社員,清掃,求人ボックス,https://xn--pckua2a7gp15o89zb.com/jbn/16395280cea1688e379bcf760ff2be30,True,6時間前,2026-09-30 05:12:40,愛知県
一般事務スタッフ／未経験OK／伝票整理やデータ入力／土日祝休み新着,スタッフ,愛知県,"月給30万6,100円",正社員,清掃,求人ボックス,https://xn--pckua2a7gp15o89zb.com/jbn/6d78779631ded4a0892ab70ddecf15f6,True,6時間前,2026-09-30 05:12:40,愛知県
AI事務アシスタント／未経験OK／長期キャリア形成／賞与年2回／昇給年2回新着,スタッフ,愛知県,"月給30万6,600円",正社員,清掃,求人ボックス,https://xn--pckua2a7gp15o89zb.com/jbn/3e8512d884531a455b64d1c7ee4778ad,True,6時間前,2026-09-30 05:12:40,愛知県
事務職／未経験OK／書類作成やデータ管理／年間休日125日以上新着,スタッフ,愛知県,"月給32万4,400円",正社員,清掃,求人ボックス,https://xn--pckua2a7gp15o89zb.com/jbn/bd1fb0886e12f9e096485431c7103fd7,True,6時間前,2026-09-30 05:12:43,愛知県
営業事務／未経験OK／見積書作成や納期管理／昇給賞与あり新着,スタッフ,愛知県,"月給32万5,900円",正社員,清掃,求人ボックス,https://xn--pckua2a7gp15o89zb.com/jbn/fd26930c27d3206d7bee38faf728e65b,True,6時間前,2026-09-30 05:12:43,愛知県
「未経験からオフィスデビュー」IT企業内事務／月30万以上可／土日祝休み新着,スタッフ,愛知県,"月給32万2,800円",正社員,清掃,求人ボックス,https://xn--pckua2a7gp15o89zb.com/jbn/c1add511863fa80177f26042fbb73613,True,6時間前,2026-09-30 05:12:43,愛知県
IT企業内事務／未経験OK／長期キャリア形成／月30万以上可／第二新卒歓迎新着,スタッフ,愛知県,"月給30万1,200円",正社員,清掃,求人ボックス,https://xn--pckua2a7gp15o89zb.com/jbn/f13680f9df09b30e63ebc5da2de98528,True,6時間前,2026-09-30 05:12:43,愛知県
受付スタッフ／未経験OK／企業の顔としての応対／研修制度充実新着,スタッフ,愛知県,"月給30万3,700円",正社員,清掃,求人ボックス,https://xn--pckua2a7gp15o89zb.com/jbn/7803d1f11343918618724fa3f8b8c5b6,True,6時間前,2026-09-30 05:12:43,愛知県
営業事務／未経験OK／営業の書類作成支援／年間休日125日以上新着,スタッフ,愛知県,月給30万500円,正社員,清掃,求人ボックス,https://xn--pckua2a7gp15o89zb.com/jbn/4ef88bcd47d32931cc96f3cafb9da38e,True,6時間前,2026-09-30 05:12:43,愛知県
携帯電話販売スタッフ／安定収入+ボーナス／定着率が高く!／手厚いサポート体制新着,株式会社アトラクトモバイル,愛知県,年収300万円～500万円,正社員,清掃,求人ボックス,https://xn--pckua2a7gp15o89zb.com/jbn/351cade02b89511ab639e0f76228b3dd,True,3時間前,2026-09-30 05:12:43,愛知県
「0からのキャリア形成」AI事務アシスタント／未経験OK／年間休日125日以上／第二新卒歓迎新着,スタッフ,愛知県,"月給31万6,900円",正社員,清掃,求人ボックス,https://xn--pckua2a7gp15o89zb.com/jbn/2cd29f46af2b544c9df56ed323a4de2a,True,6時間前,2026-09-30 05:12:51,愛知県
一般事務スタッフ／未経験OK／長期キャリア形成／年間休日125日以上／昇給賞与あり新着,スタッフ,愛知県,"月給31万5,100円",正社員,清掃,求人ボックス,https://xn--pckua2a7gp15o89zb.com/jbn/b7d257a8af9bbb34a8fd7e5b54b0f9b6,True,6時間前,2026-09-30 05:12:51,愛知県
一般事務スタッフ／未経験OK／部署内のサポート全般／研修制度充実新着,スタッフ,愛知県,月給29万円～60万円,正社員,清掃,求人ボックス,https://xn--pckua2a7gp15o89zb.com/jbn/f161546812f2a3c8ae974cb97aa44d23,True,6時間前,2026-09-30 05:12:51,愛知県
保育士新着,児童発達支援 mico mico 安城校,愛知県,"時給1,200円～1,550円",アルバイト・パート,清掃,求人ボックス,https://xn--pckua2a7gp15o89zb.com/jb/435b7f6fa976c4bdaf414555925b73d1,True,4時間前,2026-09-30 05:12:51,愛知県
「未経験からオフィスデビュー」AI事務アシスタント／20代30代活躍中／昇給年2回新着,スタッフ,愛知県,"月給31万6,100円",正社員,清掃,求人ボックス,https://xn--pckua2a7gp15o89zb.com/jbn/ba053c282d021dbe4a6f6f804a4f16fa,True,6時間前,2026-09-30 05:12:51,愛知県
物流倉庫内作業スタッフ 経験者優遇 週休2日制 資格取得支援補助制度あり 無料駐車場あり新着,株式会社カネヨシ,愛知県,月給25万600円,正社員,清掃,求人ボックス,https://xn--pckua2a7gp15o89zb.com/jb/388de7287534dffa805075ff265dd3f9,True,4時間前,2026-09-30 05:12:51,愛知県
「未経験からオフィスデビュー」AI事務アシスタント／研修あり／第二新卒歓迎新着,スタッフ,愛知県,"月給31万4,700円",正社員,清掃,求人ボックス,https://xn--pckua2a7gp15o89zb.com/jbn/6856da640e4ecdd453e47b6da4b90822,True,6時間前,2026-09-30 05:12:51,愛知県
週休2日制／賞与あり／昇給あり／交通費支給あり／オフィスワークスタッフ新着,スタッフ,愛知県,"年収198万5,000円",契約社員,派遣,求人ボックス,https://xn--pckua2a7gp15o89zb.com/jbn/a862e7d23d184fc9139ac51f02acf922,True,17時間前,2026-09-30 05:12:35,愛知県
交通費支給あり／女性活躍中／残業ほぼなし／オフィスワークスタッフ新着,スタッフ,愛知県,"年収198万5,000円",契約社員,派遣,求人ボックス,https://xn--pckua2a7gp15o89zb.com/jbn/d2b36caeb2cb3f90829da1c419a0a3b8,True,17時間前,2026-09-30 05:12:35,愛知県
賞与あり／残業ほぼなし／学歴不問／昇給あり／オフィスワークスタッフ新着,スタッフ,愛知県,年収200万円～304万,契約社員,派遣,求人ボックス,https://xn--pckua2a7gp15o89zb.com/jbn/b6653eacbab54b140b1258fd6dff32fb,True,17時間前,2026-09-30 05:12:35,愛知県
フリーター歓迎／大量募集中／駅チカ・駅ナカ／即日勤務OK／オフィスワークスタッフ新着,スタッフ,愛知県,年収201万円～300万円,契約社員,派遣,求人ボックス,https://xn--pckua2a7gp15o89zb.com/jbn/9cf6123dbd6586cb6ca3b33572858a5f,True,17時間前,2026-09-30 05:12:35,愛知県
交通費支給あり／学歴不問／賞与あり／オフィスワークスタッフ新着,スタッフ,愛知県,"年収197万5,000円",契約社員,派遣,求人ボックス,https://xn--pckua2a7gp15o89zb.com/jbn/5df5df983bb36f824658ddc430268131,True,17時間前,2026-09-30 05:12:36,愛知県
産休・育休の実績あり／駅チカ・駅ナカ／残業ほぼなし／オフィスワークスタッフ新着,<仕事内容>,愛知県,年収198万円～301万,契約社員,派遣,求人ボックス,https://xn--pckua2a7gp15o89zb.com/jbn/1f85844815fe3442487f55fde65481bc,True,17時間前,2026-09-30 05:12:36,愛知県
派遣スタッフのサポート・管理／未経験歓迎／土日祝休み／小牧 Z新着,スタッフ,愛知県,"年収197万5,000円",契約社員,派遣,求人ボックス,https://xn--pckua2a7gp15o89zb.com/jbn/2bfb6083039c6574119cfbde60236399,True,17時間前,2026-09-30 05:12:36,愛知県
フリーター歓迎／残業ほぼなし／昇給あり／即日勤務OK／オフィスワークスタッフ新着,<仕事内容>,愛知県,"年収197万5,000円",契約社員,派遣,求人ボックス,https://xn--pckua2a7gp15o89zb.com/jbn/8e5486089f9a1ee0deeb39de7830f30a,True,17時間前,2026-09-30 05:12:39,愛知県
駅チカ・駅ナカ／急募／昇給あり／未経験歓迎／オフィスワークスタッフ新着,<仕事内容>,愛知県,年収201万円～300万円,契約社員,派遣,求人ボックス,https://xn--pckua2a7gp15o89zb.com/jbn/2302e8b2cde5da016cccf87f1759620c,True,17時間前,2026-09-30 05:12:39,愛知県
交通費支給あり／残業ほぼなし／急募／社会保険完備／オフィスワークスタッフ新着,スタッフ,愛知県,年収198万円～301万,契約社員,派遣,求人ボックス,https://xn--pckua2a7gp15o89zb.com/jbn/63993d60693ad6d0baed3cdedaf17d6c,True,17時間前,2026-09-30 05:12:39,愛知県
女性活躍中／即日勤務OK／研修制度あり／オフィスワークスタッフ新着,<仕事内容>,愛知県,年収200万円～304万,契約社員,派遣,求人ボックス,https://xn--pckua2a7gp15o89zb.com/jbn/72a0db7f066403d9dded3e3ebb72cedd,True,17時間前,2026-09-30 05:12:43,愛知県
「人材派遣の提案営業」数字だけじゃない達成感／普段関われない人達と話したい…!ピッタリなお仕事新着,株式会社エムズグローバル,愛知県,月給26万円～43万円,正社員,派遣,求人ボックス,https://xn--pckua2a7gp15o89zb.com/jbn/dca632d2ab6d43f40fab4e92655a6fd9,True,18時間前,2026-09-30 05:12:43,愛知県
法人向け派遣サービスの提案営業／未経験歓迎／昇給あり／賞与あり新着,株式会社ユース,愛知県,年収300万円～500万円,正社員,派遣,求人ボックス,https://xn--pckua2a7gp15o89zb.com/jbn/da66bfe419d2b8a72e6fef205d05ba75,True,2時間前,2026-09-30 05:12:47,愛知県
即日勤務OK／女性活躍中／賞与あり／オフィスワークスタッフ新着,の,愛知県,年収249万円～298万,正社員,派遣,求人ボックス,https://xn--pckua2a7gp15o89zb.com/jbn/3b26dea0468d8747d86bcc480a5bad8a,True,17時間前,2026-09-30 05:12:47,愛知県
営業事務 お局文化なし／多国籍で人間関係がやさしい職場／営業より穏やか、事務よりやりがいがある Z新着,業 (派 33-010057)...<2|,愛知県,年収296万円～403万,正社員,派遣,求人ボックス,https://xn--pckua2a7gp15o89zb.com/jbn/be84582aac7d9f22cb495ffb57cdf5f8,True,17時間前,2026-09-30 05:12:47,愛知県
土日祝休みあり／昇給あり／賞与あり／大量募集中／オフィスワークスタッフ新着,の,愛知県,年収249万円～298万,正社員,派遣,求人ボックス,https://xn--pckua2a7gp15o89zb.com/jbn/2ed48f33bc2d8cacf73843d520814f51,True,17時間前,2026-09-30 05:12:47,愛知県
事務職／名古屋／伏見駅から徒歩3分／土日休み Z新着,の,愛知県,年収249万円～298万,正社員,派遣,求人ボックス,https://xn--pckua2a7gp15o89zb.com/jbn/31712e6b7a7f3ba33dc17b890cefd1e4,True,17時間前,2026-09-30 05:12:51,愛知県
飲食店向けの物流ドライバー 普通免許AT限定可 未経験可 第二新卒可 週休2日 長期休暇 車新着,株式会社ハーモネット,愛知県,"時給1,500円～1,600円",正社員,派遣,求人ボックス,https://xn--pckua2a7gp15o89zb.com/jb/1eebfb4425c5a7e8f5eeaa9a7477e749,True,4時間前,2026-09-30 05:12:51,愛知県
10月～／伏見駅スグ サポート事務新着,スタッフ,愛知県,"時給1,450円",派遣社員,派遣,求人ボックス,https://xn--pckua2a7gp15o89zb.com/jb/80aa7572f2206f2244c48fbdc55ead34,True,13時間前,2026-09-30 05:12:51,愛知県
採用ソリューション営業・派遣コーディネーター／完全週休2日制／急募／賞与5ヶ月分／主婦・主夫歓迎新着,株式会社G&G,愛知県,月給35万円～46万円,正社員,派遣,求人ボックス,https://xn--pckua2a7gp15o89zb.com/jbn/23187c25059d8f9a5809b5266e95198a,True,2時間前,2026-09-30 05:12:51,愛知県
学歴不問／駅チカ・駅ナカ／フリーター歓迎／事務・バックオフィススタッフ新着,業 (派 33-010057),愛知県,年収296万円～403万,正社員,派遣,求人ボックス,https://xn--pckua2a7gp15o89zb.com/jbn/9847123516d47b8c3c3556946a3acea0,True,17時間前,2026-09-30 05:12:54,愛知県
未経験歓迎／駅チカ・駅ナカ／産休・育休の実績あり／事務・バックオフィススタッフ新着,業 (派 33-010057),愛知県,年収296万円～403万,正社員,派遣,求人ボックス,https://xn--pckua2a7gp15o89zb.com/jbn/105b0fd5823dcfb83e9c8f64fa6cffd4,True,17時間前,2026-09-30 05:12:54,愛知県
数のチェックや出荷を行う倉庫内作業／即日払いOK新着,株式会社ジンキャスト,愛知県,"時給1,300円",派遣社員,派遣,求人ボックス,https://xn--pckua2a7gp15o89zb.com/jb/e1ca42b83b9c62792dfd8ba33e6bd366,True,15時間前,2026-09-30 05:12:59,愛知県
自動車部品のライン検査スタッフ新着,株式会社ホットスタッフ豊田,愛知県,"時給1,650円",派遣社員,派遣,求人ボックス,https://xn--pckua2a7gp15o89zb.com/jb/d4a4c4451c3deabb64352e10c9d9678f,True,11時間前,2026-09-30 05:12:59,愛知県
サポートスタッフ／完全週休2日制!残業なし・原則定時退社!研修あり新着,株式会社ルフト・メディカルケア,愛知県,"時給1,150円",派遣社員,派遣,求人ボックス,https://xn--pckua2a7gp15o89zb.com/jb/e1fb9b9b82572451379721bc46649d70,True,22時間前,2026-09-30 05:12:59,愛知県
データ入力事務／未経験歓迎／土日祝休み／日勤／12月末まで短期新着,ヒューマンゲート株式会社,愛知県,"時給1,400円",派遣社員,派遣,求人ボックス,https://xn--pckua2a7gp15o89zb.com/jb/8ae58a361e4a2e398614da3823800ad4,True,12時間前,2026-09-30 05:13:03,愛知県
介護職／ヘルパー／西尾市寄住町の老人保健施設／名鉄西尾線「西尾」駅より徒歩6分新着,セントスタッフ名古屋支店,愛知県,"時給1,300円～1,600円",派遣社員,派遣,求人ボックス,https://xn--pckua2a7gp15o89zb.com/jb/774093e1da369161ddacbfc36a1142d3,True,6時間前,2026-09-30 05:13:05,愛知県
「無理なく続けられる人気ワーク!」／派遣コーディネーター／残業少なめ／未経験歓迎／長期安定新着,コーディネーター  登録,愛知県,月給27万円～33万円,正社員,派遣,求人ボックス,https://xn--pckua2a7gp15o89zb.com/jbn/d179a7b575c7ce9d80bf9a16fed652d2,True,12時間前,2026-09-30 05:13:05,愛知県
回転寿司店の飲食店スタッフ 経験者のみ 週休2日制 希望休制度あり連休...新着,株式会社共和フーズ,愛知県,月給30万円～48万円,正社員,飲食,求人ボックス,https://xn--pckua2a7gp15o89zb.com/jb/b518126cb5e1b94bd4684542f777b668,True,4時間前,2026-09-30 05:12:39,愛知県
あんかけスパのお店で飲食スタッフ まかないあり 夕方からの勤務新着,株式会社大木家,愛知県,"時給1,200円～1,300円",アルバイト・パート,飲食,求人ボックス,https://xn--pckua2a7gp15o89zb.com/jb/9a1521b877d51b4b2d7bbac94476efbc,True,4時間前,2026-09-30 05:12:39,愛知県
飲食店のホールスタッフ新着,株式会社エストコーポレーション,愛知県,"時給1,200円～1,563円",アルバイト・パート,飲食,求人ボックス,https://xn--pckua2a7gp15o89zb.com/jb/c17982f7aac3608b51a0a7df901d36d4,True,23時間前,2026-09-30 05:12:39,愛知県
テレアポ新着,株式会社KeyHearts,愛知県,月給28万円～,正社員,飲食,求人ボックス,https://xn--pckua2a7gp15o89zb.com/jb/1a2cd5d5ac26af6c8d4a20f3668b7934,True,11時間前,2026-09-30 05:12:39,愛知県
完全在宅／未経験可／問い合わせ窓口／年休125日以上新着,...経験不問/未経験者活躍中・第二新卒活躍中資格不問/無資格歓迎・ブランク歓迎・学歴不問ハローワークでお探しの方も歓迎 先輩たちの前職をご紹介! 営業、事務、販売,愛知県,"月給22万3,800円",正社員,飲食,求人ボックス,https://xn--pckua2a7gp15o89zb.com/jbn/65d2bf69d70fd3880124543220308cd8,True,12時間前,2026-09-30 05:12:40,愛知県
「まだ間に合う!」未経験採用枠／カプセルトイ製造スタッフ／年間休日125日以上新着,AQUARIUS株式会社,愛知県,月給28万円～50万円,正社員,飲食,求人ボックス,https://xn--pckua2a7gp15o89zb.com/jbn/e6fa3721b61e58088b9f462b69f772ea,True,12時間前,2026-09-30 05:12:40,愛知県
「まだ間に合う!」未経験採用枠／製造工場での軽作業・カプセルトイ／寮・社宅・家賃補助あり新着,Yts株式会社,愛知県,月給28万円～50万円,正社員,飲食,求人ボックス,https://xn--pckua2a7gp15o89zb.com/jbn/858c97af18b4e079c10dcfb9a7fd2361,True,11時間前,2026-09-30 05:12:40,愛知県
「細かな違いやミスを見つけるのが好きな方へ」／ゲームデバッガー／未経験歓迎／コツコツ取り組める仕事新着,株式会社SNJAPAN,愛知県,月給27万円～34万円,正社員,飲食,求人ボックス,https://xn--pckua2a7gp15o89zb.com/jbn/3bf7dda35012b496458bbebb75613de9,True,17時間前,2026-09-30 05:12:40,愛知県
「無理のない働き方で長く続けやすい」／ゲームデバッガー／残業少なめ／福利厚生充実／長期安定新着,株式会社Tetote,愛知県,月給27万円～34万円,正社員,飲食,求人ボックス,https://xn--pckua2a7gp15o89zb.com/jbn/d88b1b2c3662e5acc15cfa8600ed6142,True,17時間前,2026-09-30 05:12:40,愛知県
「腰を据えて働ける一般事務」事務サポート業務／完全週休2日制／残業に追われない／資格・経験不要新着,スタッフ,愛知県,"月給25万5,000円",正社員,飲食,求人ボックス,https://xn--pckua2a7gp15o89zb.com/jbn/903a8622718e6750b1b62bdeff3707ff,True,6時間前,2026-09-30 05:12:40,愛知県
「ゆっくり覚える事務のお仕事」一般事務の正社員／祝日もお休み／時間が読める／未経験の方歓迎新着,スタッフ,愛知県,"月給24万9,000円",正社員,飲食,求人ボックス,https://xn--pckua2a7gp15o89zb.com/jbn/d75a8bd1e8420fd8ef3dbe2d119c2457,True,6時間前,2026-09-30 05:12:40,愛知県
「初日から迷わない一般事務」一般事務スタッフ／カレンダー通り／定時で帰れる／未経験の応募歓迎新着,スタッフ,愛知県,"月給26万2,000円",正社員,飲食,求人ボックス,https://xn--pckua2a7gp15o89zb.com/jbn/54489397fe0efa4abba53d3defa69100,True,7時間前,2026-09-30 05:12:42,愛知県
「自分らしく働ける」一般事務／おやつ休憩も、コーヒーを淹れる時間も自由新着,[多様なバックグラウンドを持つ仲間]現在活躍している,愛知県,"月給22万7,000円",正社員,飲食,求人ボックス,https://xn--pckua2a7gp15o89zb.com/jbn/5053d39fc4274fef0747cfd29beaf59e,True,3時間前,2026-09-30 05:12:42,愛知県
イベント運営スタッフ／未経験からイベント企画・運営のプロへ!新着,株式会社エースケータリング,愛知県,"月給26万4,000円",正社員,飲食,求人ボックス,https://xn--pckua2a7gp15o89zb.com/jbn/63570233ae514111123d10e155ef9628,True,11時間前,2026-09-30 05:12:42,愛知県
未経験・ブランクも歓迎／データ入力・受付事務／「新人を一人ぼっちにしない」安心のサポート新着,[多様なバックグラウンドを持つ仲間]現在活躍している,愛知県,"月給22万7,000円",正社員,飲食,求人ボックス,https://xn--pckua2a7gp15o89zb.com/jbn/42b3e3869abd1f745452c8b801e888ca,True,3時間前,2026-09-30 05:12:42,愛知県
20代活躍中／「何でも聞いて」が口癖の先輩がいる一般事務新着,[多様なバックグラウンドを持つ仲間]現在活躍している,愛知県,月給21万円～50万円,正社員,飲食,求人ボックス,https://xn--pckua2a7gp15o89zb.com/jbn/7e78b96b8ef6a475bcdba646c44e99ac,True,2時間前,2026-09-30 05:12:42,愛知県
「一から覚えるオフィス事務」オフィス系の事務／土日祝休みあり／残業は少なめ／未経験からOK新着,スタッフ,愛知県,"月給24万6,000円",正社員,飲食,求人ボックス,https://xn--pckua2a7gp15o89zb.com/jbn/ea27c88d6ddc1f11a5883474e5394d94,True,6時間前,2026-09-30 05:12:42,愛知県
「販売職からの転職組が8割」／立ち仕事の疲れとは無縁。冷暖房完備のオフィスで腰を据えて働く一般事務新着,[多様なバックグラウンドを持つ仲間]現在活躍している,愛知県,"月給22万5,000円",正社員,飲食,求人ボックス,https://xn--pckua2a7gp15o89zb.com/jbn/d596bb26ff9d5cfef7a2b1db64a9872d,True,3時間前,2026-09-30 05:12:46,愛知県
「安定企業で安心して働ける」経歴不問のサポート事務職／土日祝休み・年間休日125日～新着,[多様なバックグラウンドを持つ仲間]現在活躍している,愛知県,"月給22万3,000円",正社員,飲食,求人ボックス,https://xn--pckua2a7gp15o89zb.com/jbn/a4019299503cb89f4042613b2ce14ca4,True,3時間前,2026-09-30 05:12:46,愛知県
「有休消化率90%超え」の休みが取りやすい一般事務／連休取得もOK／20代新着,[多様なバックグラウンドを持つ仲間]現在活躍している,愛知県,月給23万円～50万円,正社員,飲食,求人ボックス,https://xn--pckua2a7gp15o89zb.com/jbn/e664670066335656cc4c6d45238dae3e,True,2時間前,2026-09-30 05:12:46,愛知県
ピアス・ひげOK／個性を消さずに働ける一般事務スタッフ新着,[多様なバックグラウンドを持つ仲間]現在活躍している,愛知県,月給23万円～50万円,正社員,飲食,求人ボックス,https://xn--pckua2a7gp15o89zb.com/jbn/2e16587b7b9aaa08197b53b2de8888b9,True,2時間前,2026-09-30 05:12:46,愛知県
「作業の範囲がはっきりした事務」オフィス系の事務／土日祝休みあり／定時上がりが基本／未経験の応募歓迎新着,スタッフ,愛知県,"月給24万6,000円",正社員,飲食,求人ボックス,https://xn--pckua2a7gp15o89zb.com/jbn/04c5dfe1eb2ff988d59755a3f9096857,True,7時間前,2026-09-30 05:12:46,愛知県
営業サポート事務「人を支えるのが好きな方へ」／残業少なめ・土日休み。未経験から事務スキルが身に付く新着,[多様なバックグラウンドを持つ仲間]現在活躍している,愛知県,"月給21万5,000円",正社員,飲食,求人ボックス,https://xn--pckua2a7gp15o89zb.com/jbn/c2c677874873060d35a2f1e94be500c6,True,3時間前,2026-09-30 05:12:46,愛知県
髪色・ネイル自由で「自分らしくリラックスして働く」一般事務新着,飲食,愛知県,月給23万円～50万円,正社員,飲食,求人ボックス,https://xn--pckua2a7gp15o89zb.com/jbn/629218551f879012cbaf2fc502fcad9b,True,2時間前,2026-09-30 05:12:46,愛知県
PISMOBLUE CAFE 店長候補新着,株式会社トラスト,愛知県,月給25万円～35万円,正社員,飲食,求人ボックス,https://xn--pckua2a7gp15o89zb.com/jb/c47377a5e35f281d6dbf0c5628f2a915,True,9時間前,2026-09-30 05:12:49,愛知県
「PCスキル不問の一般事務」未経験OK、ブランクも歓迎／若手活躍中のオフィスで働く受付スタッフの募集新着,[多様なバックグラウンドを持つ仲間]現在活躍している,愛知県,月給23万円～50万円,正社員,飲食,求人ボックス,https://xn--pckua2a7gp15o89zb.com/jbn/f698a298bcab8c06ce2849ab812bd0d4,True,3時間前,2026-09-30 05:12:49,愛知県
ホール・キッチン業務／未経験OK／研修あり／土日祝休みあり／完全週休2日制／急募新着,株式会社愛知サンマウス,愛知県,"月給33万5,000円",正社員,飲食,求人ボックス,https://xn--pckua2a7gp15o89zb.com/jbn/9199480286f41d33409b98e60c6ece2f,True,2時間前,2026-09-30 05:12:49,愛知県
「昇給・賞与あり」／OA事務／20代・30代活躍中／産休・育休あり「正社員」新着,<こんな先輩たちが活躍中>,愛知県,月給19万500円,正社員,飲食,求人ボックス,https://xn--pckua2a7gp15o89zb.com/jbn/5bb6b2086036df65dab7bd140d1a55ec,True,2時間前,2026-09-30 05:12:49,愛知県
簡単な作業ができればOK!／カプセルトイのチェックスタッフ／昇給年2回／未経験活躍新着,20代の,愛知県,月給28万円～40万円,正社員,飲食,求人ボックス,https://xn--pckua2a7gp15o89zb.com/jbn/21f6bac4e653e880ad8950fed1c678a7,True,11時間前,2026-09-30 05:12:49,愛知県
「プライベート充実」／一般事務／第二新卒歓迎／有給休暇あり「正社員」新着,...「そろそろ内勤のお仕事に挑戦したい」という方、大歓迎です。特別なPCスキルがなくても、タイピングなどの基礎から少しずつ慣れていける環境を整えています。<こんな先輩たちが活躍中>,愛知県,月給19万500円,正社員,飲食,求人ボックス,https://xn--pckua2a7gp15o89zb.com/jbn/7e6f6e4f4cd294bf9c78713015fd97b3,True,2時間前,2026-09-30 05:12:49,愛知県
未経験可／研修充実／システムエンジニア新着,infront株式会社,愛知県,月給28万円～50万円,正社員,飲食,求人ボックス,https://xn--pckua2a7gp15o89zb.com/jbn/32fb0cc73479d6a816ad84a9c61f691e,True,11時間前,2026-09-30 05:12:49,愛知県
毎年昇給で手取りUP／長く働くほど得をする一般事務スタッフ新着,飲食,愛知県,"月給22万5,000円",正社員,飲食,求人ボックス,https://xn--pckua2a7gp15o89zb.com/jbn/1fe52bbf40187f25e7eec24d47ee56fd,True,2時間前,2026-09-30 05:12:49,愛知県
「未経験歓迎」／OA事務／20代・30代活躍中／産休・育休あり「正社員」新着,<こんな先輩たちが活躍中>,愛知県,月給19万500円,正社員,飲食,求人ボックス,https://xn--pckua2a7gp15o89zb.com/jbn/c76c25a07fce729292d22800ce2a8f5c,True,2時間前,2026-09-30 05:12:53,愛知県
「残業少なめ」／一般事務／第二新卒歓迎／高収入「正社員」新着,...「そろそろ内勤のお仕事に挑戦したい」という方、大歓迎です。特別なPCスキルがなくても、タイピングなどの基礎から少しずつ慣れていける環境を整えています。<こんな先輩たちが活躍中>,愛知県,月給19万500円,正社員,飲食,求人ボックス,https://xn--pckua2a7gp15o89zb.com/jbn/334177cd22bf3e06ae15ff4b65ec9968,True,2時間前,2026-09-30 05:12:53,愛知県
「モノづくりが好き」それだけでOK!／カプセルトイ製造スタッフ／賞与年2回／未経験活躍新着,20代の,愛知県,月給28万円～40万円,正社員,飲食,求人ボックス,https://xn--pckua2a7gp15o89zb.com/jbn/e4d6e0e32fe6cebf9a1742c7998080d2,True,11時間前,2026-09-30 05:12:53,愛知県
「残業少なめ」／事務・受付スタッフ／WEB面接可能／ネイルOK「正社員」新着,...「そろそろ内勤のお仕事に挑戦したい」という方、大歓迎です。特別なPCスキルがなくても、タイピングなどの基礎から少しずつ慣れていける環境を整えています。<こんな先輩たちが活躍中>,愛知県,月給19万500円,正社員,飲食,求人ボックス,https://xn--pckua2a7gp15o89zb.com/jbn/e59acdca1b2d93da406d10abcc0b1528,True,2時間前,2026-09-30 05:12:53,愛知県
「残業少なめ」／一般事務／第二新卒歓迎／コツコツ作業「正社員」新着,...「そろそろ内勤のお仕事に挑戦したい」という方、大歓迎です。特別なPCスキルがなくても、タイピングなどの基礎から少しずつ慣れていける環境を整えています。<こんな先輩たちが活躍中>,愛知県,月給19万500円,正社員,飲食,求人ボックス,https://xn--pckua2a7gp15o89zb.com/jbn/87b008ba503ebd988991dc35e491acf8,True,2時間前,2026-09-30 05:12:53,愛知県
「残業少なめ」／営業サポート事務／研修充実／高収入「正社員」新着,...「そろそろ内勤のお仕事に挑戦したい」という方、大歓迎です。特別なPCスキルがなくても、タイピングなどの基礎から少しずつ慣れていける環境を整えています。<こんな先輩たちが活躍中>,愛知県,月給19万500円,正社員,飲食,求人ボックス,https://xn--pckua2a7gp15o89zb.com/jbn/0e049fafd97ae3ae70a9a285c28a4555,True,2時間前,2026-09-30 05:12:53,愛知県
「昇給・賞与あり」／総務事務／若手活躍中／高収入「正社員」新着,<活躍できる人物像>・新しい知識を吸収する意欲がある方・周囲とのコミュニケーションを大切にできる方・ルールを守り、正確な作業を心がけられる方<歓迎する前職の経験>アパレル販売/,愛知県,月給19万500円,正社員,飲食,求人ボックス,https://xn--pckua2a7gp15o89zb.com/jbn/0cd175ecbd18e6e332c5aa5fc2001245,True,2時間前,2026-09-30 05:12:53,愛知県
PC入力メイン「電話対応少なめ」の事務職／未経験OK／コツコツ作業で残業なし／私服・ネイル自由新着,スタッフ,愛知県,月給23万円～50万円,正社員,飲食,求人ボックス,https://xn--pckua2a7gp15o89zb.com/jbn/810e25d45c1a9ff809de03476e04c72d,True,3時間前,2026-09-30 05:12:53,愛知県
「未経験OK」／データ入力事務／交通費全額支給／ネイルOK「正社員」新着,<活躍できる人物像>・新しい知識を吸収する意欲がある方・周囲とのコミュニケーションを大切にできる方・ルールを守り、正確な作業を心がけられる方<歓迎する前職の経験>アパレル販売/,愛知県,月給19万500円,正社員,飲食,求人ボックス,https://xn--pckua2a7gp15o89zb.com/jbn/4326a4e005dccb399e3a806504c96676,True,2時間前,2026-09-30 05:12:56,愛知県
未経験歓迎の一般事務。安定の正社員採用新着,飲食,愛知県,"月給21万9,000円",正社員,飲食,求人ボックス,https://xn--pckua2a7gp15o89zb.com/jbn/4e0eb08ff65985e0c4e41acc9bea65f6,True,3時間前,2026-09-30 05:12:56,愛知県
スーツ不要・毎日私服通勤OK「いつもの自分のままで」背伸びせずに馴染める、若手活躍中のオフィスワーク新着,実際に現場では、元データ入力、アパレルショップ店員、,愛知県,"月給22万7,000円",正社員,飲食,求人ボックス,https://xn--pckua2a7gp15o89zb.com/jbn/208186e87bb3e76f0937f6ef5f221016,True,3時間前,2026-09-30 05:12:56,愛知県
「モノづくりが好き」それだけでOK!／パーツのチェック・仕分け担当／賞与年2回／未経験活躍新着,携帯ショップ店員、,愛知県,月給28万円～40万円,正社員,飲食,求人ボックス,https://xn--pckua2a7gp15o89zb.com/jbn/2addb99a5ae2289a47e96500e9654cad,True,11時間前,2026-09-30 05:12:56,愛知県
「17時定時退社」残業なしの一般事務／土日祝休みでプライベート充実／未経験から正社員デビュー応援新着,飲食,愛知県,月給20万円～50万円,正社員,飲食,求人ボックス,https://xn--pckua2a7gp15o89zb.com/jbn/7e6efad9ea1e3a0369e8004d766e5934,True,3時間前,2026-09-30 05:12:56,愛知県
データ入力事務／充実の研修で安心スタート!／週休2日制／事務スタッフ／経験者優遇新着,前職が,愛知県,月給19万500円,正社員,飲食,求人ボックス,https://xn--pckua2a7gp15o89zb.com/jbn/b9f54f223c8659a709a559f7dcafff4d,True,2時間前,2026-09-30 05:12:56,愛知県
「未経験歓迎」／事務・受付スタッフ／20代・30代活躍中／有給休暇あり「正社員」新着,...「そろそろ内勤のお仕事に挑戦したい」という方、大歓迎です。特別なPCスキルがなくても、タイピングなどの基礎から少しずつ慣れていける環境を整えています。<こんな先輩たちが活躍中>,愛知県,月給19万500円,正社員,飲食,求人ボックス,https://xn--pckua2a7gp15o89zb.com/jbn/9b598518aa50497f4ab8f81119ac1a52,True,2時間前,2026-09-30 05:12:56,愛知県
「察して動く」より「聞いて動く」で大丈夫。安心サポートと充実研修であなたのキャリアスタートを応援「入...新着,実際に現場では、元データ入力、アパレルショップ店員、,愛知県,"月給22万5,000円",正社員,飲食,求人ボックス,https://xn--pckua2a7gp15o89zb.com/jbn/ddcb9646ad0345ecda965e1792de3f54,True,3時間前,2026-09-30 05:13:00,愛知県
モノづくりの知識一切不問!／カプセルトイのチェックスタッフ／年間休日125日以上／未経験活躍新着,スタッフ,愛知県,月給28万円～40万円,正社員,飲食,求人ボックス,https://xn--pckua2a7gp15o89zb.com/jbn/9f46715c6dcda6eedda96b4caddd2c5b,True,11時間前,2026-09-30 05:13:00,愛知県
「残業ゼロ」定時1分後に駅のホームへ。土日休みの一般事務新着,飲食,愛知県,月給23万円～50万円,正社員,飲食,求人ボックス,https://xn--pckua2a7gp15o89zb.com/jbn/928d7a0e36c8a8eabc203d733ee05e67,True,3時間前,2026-09-30 05:13:00,愛知県
事務職／一般事務／30代未経験歓迎／育休取得実績あり／駅近勤務で通勤便利／昇給あり新着,ハローワーク等でデスクワークの仕事を探している方にもぴったりの環境です。,愛知県,"月給22万5,000円",正社員,飲食,求人ボックス,https://xn--pckua2a7gp15o89zb.com/jbn/5b8c1b3bafb5db132ea1fbfdaca2bb68,True,2時間前,2026-09-30 05:13:00,愛知県
「メリハリつけて働ける一般事務」帰宅後に仕事のことが頭をよぎらない新着,実際に現場では、元データ入力、アパレルショップ店員、,愛知県,"月給21万9,000円",正社員,飲食,求人ボックス,https://xn--pckua2a7gp15o89zb.com/jbn/d1414ac9a2d2e6d56299042a74c6652c,True,2時間前,2026-09-30 05:13:00,愛知県
簡単な作業ができればOK!／カプセルトイ製造スタッフ／キャリア形成可能／未経験活躍新着,スタッフ,愛知県,月給28万円～40万円,正社員,飲食,求人ボックス,https://xn--pckua2a7gp15o89zb.com/jbn/418eb86dd2f615504ce9af248c65c1ac,True,11時間前,2026-09-30 05:13:00,愛知県
一般事務／充実の研修で安心スタート!／未経験でも安心／ネイルOK／社会保険完備新着,スタッフ,愛知県,月給19万500円,正社員,飲食,求人ボックス,https://xn--pckua2a7gp15o89zb.com/jbn/c57e31e53bae540dc9ab2033b1570f34,True,2時間前,2026-09-30 05:13:00,愛知県
簡単な作業ができればOK!／パーツのチェック・仕分け担当／賞与年2回／未経験活躍新着,スタッフ,愛知県,月給28万円～40万円,正社員,飲食,求人ボックス,https://xn--pckua2a7gp15o89zb.com/jbn/824034c21fede75b2993af4fdd893a02,True,11時間前,2026-09-30 05:13:02,愛知県
営業サポート事務／未経験でも安心／事務正社員／駅徒歩5分／オシャレ自由新着,飲食・,愛知県,月給19万500円,正社員,飲食,求人ボックス,https://xn--pckua2a7gp15o89zb.com/jbn/8b2f0e7f0cf4f98eb4710b9271289f69,True,2時間前,2026-09-30 05:13:02,愛知県
「タイピング速度不問」定時退勤が普通の職場／未経験・復帰に安心のサポート体制でお待ちしています新着,実際に現場では、元データ入力、アパレルショップ店員、,愛知県,月給23万円～50万円,正社員,飲食,求人ボックス,https://xn--pckua2a7gp15o89zb.com/jbn/79b3508582a1e84bca7a6aebb1ede3a1,True,2時間前,2026-09-30 05:13:02,愛知県
総務事務／充実の研修で安心スタート!／手厚いフォロー／完全週休2日制／未経験でも安心新着,前職が,愛知県,月給19万500円,正社員,飲食,求人ボックス,https://xn--pckua2a7gp15o89zb.com/jbn/1b1e78f09311fc2b6403535531d03b68,True,2時間前,2026-09-30 05:13:02,愛知県
「原則定時あがり」残業なしの一般事務／土日祝休み・年休125日新着,実際に現場では、元データ入力、アパレルショップ店員、,愛知県,月給21万円～50万円,正社員,飲食,求人ボックス,https://xn--pckua2a7gp15o89zb.com/jbn/8d22caeecc83f9564b2a68c1d001943a,True,2時間前,2026-09-30 05:13:02,愛知県
「PCは動画を見る用」だった先輩も活躍中／検索とコピペから始める、スマホ世代のための事務デビュー新着,実際に現場では、元データ入力、アパレルショップ店員、,愛知県,月給23万円～50万円,正社員,飲食,求人ボックス,https://xn--pckua2a7gp15o89zb.com/jbn/1f2257fa7004601aacee436cb2e08dab,True,2時間前,2026-09-30 05:13:02,愛知県
未経験OK!／カプセルトイのチェックスタッフ／寮・社宅・家賃補助あり／未経験活躍新着,スタッフ,愛知県,月給28万円～40万円,正社員,飲食,求人ボックス,https://xn--pckua2a7gp15o89zb.com/jbn/9e53a2bec050e37805bc6702769ec313,True,11時間前,2026-09-30 05:13:02,愛知県
「Excelは開ければOK」関数を知らなくても始められる一般事務職／安心の研修・サポート制度新着,実際に現場では、元データ入力、アパレルショップ店員、,愛知県,"月給22万3,000円",正社員,飲食,求人ボックス,https://xn--pckua2a7gp15o89zb.com/jbn/12315f529899f58b04447a8258dfb319,True,3時間前,2026-09-30 05:13:02,愛知県
「答えが書いてある仕事」自分の判断で悩むシーンが無いから未経験でも始めやすい／若手活躍中の職場新着,飲食,愛知県,"月給22万3,000円",正社員,飲食,求人ボックス,https://xn--pckua2a7gp15o89zb.com/jbn/62d162645dfc7bec2b9b673aac793374,True,2時間前,2026-09-30 05:13:05,愛知県
IT事務／充実の研修で安心スタート!／未経験でも安心／教育体制あり／完全週休2日制新着,<異業種からの転職者も活躍中!>アパレル販売、,愛知県,月給19万500円,正社員,飲食,求人ボックス,https://xn--pckua2a7gp15o89zb.com/jbn/009d341440704db77a9ca1c83bf30160,True,2時間前,2026-09-30 05:13:05,愛知県
営業サポート事務／WEB面接可能／充実の研修で安心スタート!／ワークライフバランス充実新着,<安定して続けられる理由は…> 土日祝休みで生活リズムが整う 残業ほぼなしで自分の時間を確保 人間関係が穏やかで働きやすい<異業種からの転職者も活躍中!>アパレル販売、,愛知県,月給19万500円,正社員,飲食,求人ボックス,https://xn--pckua2a7gp15o89zb.com/jbn/f084b5dcf22579f5de126e5acf2c1d43,True,3時間前,2026-09-30 05:13:05,愛知県
「文字が入力できればOK」未経験から始める一般事務職／簡単なショートカットキーから教えます新着,飲食,愛知県,"月給21万9,000円",正社員,飲食,求人ボックス,https://xn--pckua2a7gp15o89zb.com/jbn/13cc010e74a2fee393b2983f6403c5d4,True,2時間前,2026-09-30 05:13:05,愛知県
「正社員デビュー応援」知識・経験不要のサポート事務／高収入で転勤なし新着,スタッフ,愛知県,"月給22万4,000円",正社員,飲食,求人ボックス,https://xn--pckua2a7gp15o89zb.com/jbn/b81c4d59357245d2a203f59e61f9394a,True,2時間前,2026-09-30 05:13:05,愛知県
データ入力事務／充実の研修で安心スタート!／未経験でも安心／データ入力・事務／土日祝休み新着,...「土日休みで自分の時間を作りたい」そんなあなたの新しいスタートを応援します!。: :。: :。経験や特別なスキルは一切必要ありません。学歴不問で20代・30代を中心に活躍中です!前職が,愛知県,月給19万500円,正社員,飲食,求人ボックス,https://xn--pckua2a7gp15o89zb.com/jbn/85fd3123c6633bb164bdbd8744483122,True,3時間前,2026-09-30 05:13:05,愛知県
事務未経験の先輩が多数活躍中／まずはシングルタスクからあなたに合わせてお任せします／データ入力新着,実際に現場では、元データ入力、アパレルショップ店員、,愛知県,"月給20万5,000円",正社員,飲食,求人ボックス,https://xn--pckua2a7gp15o89zb.com/jbn/fd41fcda552c908bb4259e5d8dcfdd53,True,2時間前,2026-09-30 05:13:05,愛知県
IT事務／充実の研修で安心スタート!／駅チカ／学歴不問／未経験でも安心新着,前職が工場での製造,愛知県,月給19万500円,正社員,飲食,求人ボックス,https://xn--pckua2a7gp15o89zb.com/jbn/06853f0cba6bb5a80a272a4612ba3aa1,True,2時間前,2026-09-30 05:13:05,愛知県
データ入力事務／充実の研修で安心スタート!／未経験でも安心／高収入／事務アシスタント新着,前職が工場での製造,愛知県,月給19万500円,正社員,飲食,求人ボックス,https://xn--pckua2a7gp15o89zb.com/jbn/f60ae0cc812e06a40368fe87fcba61d4,True,3時間前,2026-09-30 05:13:05,愛知県
保育士／羽島市下中町城屋敷の認可保育園／名鉄竹鼻線「新羽島駅」新着,セントスタッフ名古屋支店,岐阜県,"時給1,200円～1,400円",派遣社員,保育,求人ボックス,https://xn--pckua2a7gp15o89zb.com/jb/1e119a47dd6fdbca612aaa9943a6ac93,True,6時間前,2026-09-30 05:13:09,岐阜県
保育士 可児とうのう病院院内保育施設ひまわり保育所新着,はな保育,岐阜県,"時給1,250円～1,400円",アルバイト・パート,保育,求人ボックス,https://xn--pckua2a7gp15o89zb.com/jb/9732a007871d10374e9dc415b7bcce9d,True,10時間前,2026-09-30 05:13:09,岐阜県
放課後等デイサービスの指導員新着,株式会社ラディアント,岐阜県,"月給19万4,000円",正社員,保育,求人ボックス,https://xn--pckua2a7gp15o89zb.com/jb/b31d1ef90234d87c7f5fa141a833ada4,True,4時間前,2026-09-30 05:13:09,岐阜県
未経験からなれる人気ゲームのテストエンジニア／寮・社宅・家賃補助あり／資格取得支援あり新着,株式会社RK,岐阜県,月給30万円～51万,正社員,保育,求人ボックス,https://xn--pckua2a7gp15o89zb.com/jbn/121daade8a2f56e4b3488a09c8a82dea,True,11時間前,2026-09-30 05:13:09,岐阜県
未経験からなれる人気ゲームのゲームデバッガー／寮・社宅・家賃補助あり／資格取得支援あり新着,保育士,岐阜県,月給30万円～51万,正社員,保育,求人ボックス,https://xn--pckua2a7gp15o89zb.com/jbn/85e8e3c5adb485565acf79e0dfb3d9d6,True,11時間前,2026-09-30 05:13:10,岐阜県
未経験からなれる人気ゲームのゲームデバッガー／寮・社宅・家賃補助あり／資格取得支援あり新着,株式会社HyBridge,岐阜県,月給30万円～51万,正社員,保育,求人ボックス,https://xn--pckua2a7gp15o89zb.com/jbn/f3ae0adb42ed7dc777496062b0a300ea,True,11時間前,2026-09-30 05:13:10,岐阜県
未経験からなれる人気ゲームのゲームテスター／寮・社宅・家賃補助あり／資格取得支援あり新着,保育士,岐阜県,月給30万円～51万,正社員,保育,求人ボックス,https://xn--pckua2a7gp15o89zb.com/jbn/df0434a285f3ee5130e78dee28fbfe3e,True,11時間前,2026-09-30 05:13:10,岐阜県
未経験からなれる人気ゲームのテストエンジニア／寮・社宅・家賃補助あり／資格取得支援あり新着,保育士,岐阜県,月給30万円～51万,正社員,保育,求人ボックス,https://xn--pckua2a7gp15o89zb.com/jbn/493fea210902cd1776892c7a13c48fc3,True,11時間前,2026-09-30 05:13:10,岐阜県
インフラエンジニア・IT基盤の設計・構築・丁寧な指導・業績好調新着,Yts株式会社,岐阜県,月給25万円～45万円,正社員,保育,求人ボックス,https://xn--pckua2a7gp15o89zb.com/jbn/db4484637a932fe1abdffea55e2dbd1c,True,12時間前,2026-09-30 05:13:10,岐阜県
児童厚生員・放課後児童支援員／学童指導員新着,長森児童センター,岐阜県,"月給17万5,100円",契約社員,保育,求人ボックス,https://xn--pckua2a7gp15o89zb.com/jb/3963e1299d41940708562aef4e028225,True,7時間前,2026-09-30 05:13:10,岐阜県
介護の相談するなら株式会社アクアコーポレーション!／まずは相談での応募可新着,株式会社アクアコーポレーション,岐阜県,月給19万円～35万円,正社員,保育,求人ボックス,https://xn--pckua2a7gp15o89zb.com/jb/9dfdb75f5488c6af011748166f4b49ec,True,6時間前,2026-09-30 05:13:10,岐阜県
「最短でスピード内定!」未経験採用枠／ITカスタマーサポート／キャリア形成可能新着,株式会社alBee,岐阜県,"月給27万5,000円",正社員,保育,求人ボックス,https://xn--pckua2a7gp15o89zb.com/jbn/6d5eff118a9fdb2434a689f1554fd90b,True,11時間前,2026-09-30 05:13:13,岐阜県
職業指導員 障がいを持つ方の作業支援 1日5時間 週4日から可新着,ウィンキャリア株式会社,岐阜県,"時給1,150円",アルバイト・パート,保育,求人ボックス,https://xn--pckua2a7gp15o89zb.com/jb/d45c6c2ac79698c373acf6ec7bef63e4,True,4時間前,2026-09-30 05:13:13,岐阜県
世話人 ペット共生型グループホーム勤務 未経験可 Wワーク可 資格取得支援制度あり新着,株式会社アートジャパンナガヤ設計,岐阜県,"時給1,130円～1,200円",アルバイト・パート,保育,求人ボックス,https://xn--pckua2a7gp15o89zb.com/jb/32da7211d635704afc116e474a029862,True,5時間前,2026-09-30 05:13:13,岐阜県
ユニットサポーター・清掃／環境整備新着,特別養護老人ホーム 岐南仙寿うれし野,岐阜県,"時給1,121円～",アルバイト・パート,保育,求人ボックス,https://xn--pckua2a7gp15o89zb.com/jb/c9b7b5538bd236fe2d5b6816a50f89e0,True,7時間前,2026-09-30 05:13:13,岐阜県
調理スタッフ／未経験・料理好きさん歓迎 家庭料理の延長線で始められる!週3日～4日のシフト制新着,株式会社ティー・エフ・ピー,岐阜県,"時給1,130円～",アルバイト・パート,保育,求人ボックス,https://xn--pckua2a7gp15o89zb.com/jb/0a2f9677aff24a688c70d6604244440f,True,8時間前,2026-09-30 05:13:13,岐阜県
11月OPENの生協イベント・ご案内スタッフ／可児事業所が11月1日OPEN オープニング2名募集新着,生活協同組合アイチョイス岐阜,岐阜県,"時給1,200円～1,500円",アルバイト・パート,保育,求人ボックス,https://xn--pckua2a7gp15o89zb.com/jb/cc41288bdc6fbd2d3cfcf41f8306274d,True,14時間前,2026-09-30 05:13:13,岐阜県
チャイルドハート東海ぎなんの保育士／岐南の放課後等デイサービス新着,保育士,岐阜県,"時給1,065円～",パート,保育,求人ボックス,https://xn--pckua2a7gp15o89zb.com/jb/d290c662e14df3c9303f4f28ee0e568f,True,13時間前,2026-09-30 05:13:13,岐阜県
ボーナス・賞与あり／車通勤可／社会保険完備／昇給昇進あり／ラビットキッズ／保育士新着,保育士,岐阜県,"時給1,150円",,保育,求人ボックス,https://xn--pckua2a7gp15o89zb.com/jb/0ae168a74765c56cb802735e50c09c21,True,14時間前,2026-09-30 05:13:13,岐阜県
交通費支給あり／昇給あり／週2〜3日勤務／土日祝完全休み／有給休暇あり／りんご保育園まきの保育士新着,保育士,岐阜県,"時給1,065円～1,150円",,保育,求人ボックス,https://xn--pckua2a7gp15o89zb.com/jb/ef315ecb80c69532b42c614538f5f802,True,13時間前,2026-09-30 05:13:13,岐阜県
車通勤可／交通費支給／昇給昇進あり／放課後等デイサービス ひまわり第2／保育士新着,保育士,岐阜県,"時給1,065円～1,200円",,保育,求人ボックス,https://xn--pckua2a7gp15o89zb.com/jb/4049327b10d9fbf5ce3c2072eafb4098,True,13時間前,2026-09-30 05:13:16,岐阜県
契約社員保育士／企業主導型／年125日休日／社保完備／ドリームタッチ保...新着,保育士,岐阜県,"月給16万8,000円",契約社員,保育,求人ボックス,https://xn--pckua2a7gp15o89zb.com/jb/b13f9c877bb86c4e4f52ca615140deb5,True,14時間前,2026-09-30 05:13:16,岐阜県
月給19.2万円〜／賞与年2回4.2ヶ月／年間休日112日／残業月平均2h新着,保育士,岐阜県,月給19,,保育,求人ボックス,https://xn--pckua2a7gp15o89zb.com/jb/97185f23a7c06585cf4d8b0e02bc9fd8,True,13時間前,2026-09-30 05:13:16,岐阜県
介護職・ヘルパー／無資格・未経験歓迎 無料駐車場完備 グループホームで介護職員新着,株式会社共寿,岐阜県,年収187万円～205万円,正社員,保育,求人ボックス,https://xn--pckua2a7gp15o89zb.com/jb/0a3822ea5b57663c133aa3684f2f928f,True,2時間前,2026-09-30 05:13:16,岐阜県
介護職・ヘルパー／託児所完備 特別養護老人ホームで新着,医療法人和光会,岐阜県,年収229万円～243万円,正社員,保育,求人ボックス,https://xn--pckua2a7gp15o89zb.com/jb/b76e1204f56f3bb76c3c479cf2e63a13,True,2時間前,2026-09-30 05:13:16,岐阜県
看護助手×正社員／夜勤ができる方歓迎!生活リズムに合わせて働きやすい新着,医療法人社団友愛会,岐阜県,"月給17万9,500円",正社員,保育,求人ボックス,https://xn--pckua2a7gp15o89zb.com/jb/976b7786f7eb8f16431bab9ebff089f6,True,19時間前,2026-09-30 05:13:16,岐阜県
岐阜／住宅営業 反響営業メイン／顧客に寄り添う社風／上場に向けて体制強化中新着,<歓迎条件>・不動産・建築業界での営業経験・戸建て住宅の建築設計経験・チームマネジメント経験・一級建築士、二級建築士...社内,岐阜県,"年収600万円～1,000万円",正社員,保育,求人ボックス,https://xn--pckua2a7gp15o89zb.com/jb/a0c9f66f43bb0928517aec116070c6a7,True,15時間前,2026-09-30 05:13:16,岐阜県
保育士／キッズボンド七郷／保育士新着,新卒・インターン,岐阜県,月給21万円,,保育,求人ボックス,https://xn--pckua2a7gp15o89zb.com/jb/4cea1d514e64d2701536e951363c826e,True,13時間前,2026-09-30 05:13:20,岐阜県
介護職／ヘルパー／各務原市那加桐野町のグループホーム／ふれあいバス那加...新着,セントスタッフ名古屋支店,岐阜県,時給2,アルバイト・パート,介護,求人ボックス,https://xn--pckua2a7gp15o89zb.com/jb/49a964ad225e87fc402cb0e69aa73184,True,6時間前,2026-09-30 05:13:08,岐阜県
通所介護・デイサービス勤務の介護職／ヘルパー新着,ハートヴィレッジ鷺山,岐阜県,"時給1,121円",アルバイト・パート,介護,求人ボックス,https://xn--pckua2a7gp15o89zb.com/jb/ca54664fbfd3e7645f0fef82bbbcc547,True,7時間前,2026-09-30 05:13:09,岐阜県
夜勤専従スタッフ・社会保険完備の職場で介護職／ヘルパー新着,スマイルナーシング黒野,岐阜県,"時給1,150円～1,300円",アルバイト・パート,介護,求人ボックス,https://xn--pckua2a7gp15o89zb.com/jb/d5fcc1b86ba6151a768ccad5ae2b05bf,True,7時間前,2026-09-30 05:13:09,岐阜県
ホームヘルパー・社会保険完備の職場で介護職／ヘルパー新着,ケア21 岐阜駅前,岐阜県,"月給22万6,246円",正社員,介護,求人ボックス,https://xn--pckua2a7gp15o89zb.com/jb/581454e4b6d7136e5e12f50772dfe387,True,7時間前,2026-09-30 05:13:12,岐阜県
社会保険完備の職場で介護職／ヘルパー新着,ショートステイよもぎ,岐阜県,"月給19万2,812円",正社員,介護,求人ボックス,https://xn--pckua2a7gp15o89zb.com/jb/b149bce6d1a3026027fe6f60dfc4f6eb,True,8時間前,2026-09-30 05:13:12,岐阜県
介護職／介護施設／徒歩3分／入居可能住宅アリで安心して働けます新着,医療法人社団福寿会 コスモス苑,岐阜県,"月給18万3,210円",正社員,介護,求人ボックス,https://xn--pckua2a7gp15o89zb.com/jb/6b91795935d65b78deca4ab22468f579,True,18時間前,2026-09-30 05:13:12,岐阜県
介護の相談するなら株式会社アクアコーポレーション!／まずは相談での応募可新着,株式会社アクアコーポレーション,岐阜県,"月給19万5,500円",正社員,介護,求人ボックス,https://xn--pckua2a7gp15o89zb.com/jb/5b50d2909dbad8ce4d29e8d9d35dd7dd,True,6時間前,2026-09-30 05:13:16,岐阜県
医療事務／残業ほぼなし外来での事務スタッフ!定着率 !未経験・無資格でもOK新着,株式会社ルフト・メディカルケア,岐阜県,"時給1,200円",派遣社員,介護,求人ボックス,https://xn--pckua2a7gp15o89zb.com/jb/6fe2f450af033442322fda8ef8fae553,True,22時間前,2026-09-30 05:13:16,岐阜県
共同生活援助での生活支援員新着,ソーシャルインクルー株式会社 ソーシャルインクル...,岐阜県,月給28万円～32万,正社員,介護,求人ボックス,https://xn--pckua2a7gp15o89zb.com/jb/9690ac95665e8c10d8c7678fa5b5d594,True,10時間前,2026-09-30 05:13:20,岐阜県
共同生活援助での生活支援員新着,ソーシャルインクルー株式会社 ソーシャルインクル...,岐阜県,月給28万円～32万,正社員,介護,求人ボックス,https://xn--pckua2a7gp15o89zb.com/jb/04f8822a6fe25dc41d68c6bd568d5f2f,True,10時間前,2026-09-30 05:13:24,岐阜県
補助中心でOK デイサービスのケアワーカー／無資格OK新着,株式会社ウィルオブ・ワーク,岐阜県,"時給1,500円",派遣社員,介護,求人ボックス,https://xn--pckua2a7gp15o89zb.com/jb/04f27e4d2390f3154692f80ab94b9b61,True,19時間前,2026-09-30 05:13:24,岐阜県
共同生活援助での生活支援員新着,ソーシャルインクルー株式会社 ソーシャルインクル...,岐阜県,月給28万円～32万,正社員,介護,求人ボックス,https://xn--pckua2a7gp15o89zb.com/jb/473963b6fc1c224b7def9c47f4e8de6c,True,10時間前,2026-09-30 05:13:27,岐阜県
大学病院での事務スタッフ／受付や電話対応新着,株式会社ルフト・メディカルケア 岐阜オフィス,岐阜県,"時給1,200円～",派遣社員,介護,求人ボックス,https://xn--pckua2a7gp15o89zb.com/jb/14c2602c72139813d7cc8d21043226ad,True,22時間前,2026-09-30 05:13:27,岐阜県
業務自動化エンジニア・正社員登用・RPAでの業務効率化・社保完備・経験不問新着,AQUARIUS株式会社,岐阜県,月給30万円～45万円,正社員,介護,求人ボックス,https://xn--pckua2a7gp15o89zb.com/jbn/92f6c963d7f8cc33d3fdab59291b7458,True,12時間前,2026-09-30 05:13:31,岐阜県
介護福祉士／大量募集／シフト自由／研修あり／資格取得支援／安定企業新着,ホームケア土屋 岐阜,岐阜県,"時給1,780円～1,850円",アルバイト・パート,介護,求人ボックス,https://xn--pckua2a7gp15o89zb.com/jbn/5d80087a467b2b3279b65de932cb0a1d,True,2時間前,2026-09-30 05:13:31,岐阜県
岐阜駅近く 生活支援員さん大新着,株式会社コトリオ,岐阜県,"時給1,500円～2,125円",派遣社員,介護,求人ボックス,https://xn--pckua2a7gp15o89zb.com/jb/e96595d11290fd2595cad6113ae81fb7,True,14時間前,2026-09-30 05:13:31,岐阜県
ツクイのサービス提供責任者／日勤のみ新着,株式会社ツクイ,岐阜県,月給23万円,正社員,介護,求人ボックス,https://xn--pckua2a7gp15o89zb.com/jb/8993284d8c273d599caab540b4421138,True,14時間前,2026-09-30 05:13:38,岐阜県
Webデザイナーサポート／画像加工・デザイン補助／未経験歓迎／週休2日制・賞与あり新着,株式会社alBee,岐阜県,月給32万円～50万円,正社員,介護,求人ボックス,https://xn--pckua2a7gp15o89zb.com/jbn/c2b6515c8f7d843e17bfa706bc8dfdaa,True,7時間前,2026-09-30 05:13:38,岐阜県
医療事務／残業ほぼなし即日勤務可能!未経験&無資格OK!嬉しい土日祝休...新着,株式会社ルフト・メディカルケア,岐阜県,"時給1,250円",派遣社員,医療事務,求人ボックス,https://xn--pckua2a7gp15o89zb.com/jb/4ceafba1879adaff46f6c3bdacbbf678,True,22時間前,2026-09-30 05:13:08,岐阜県
医療事務募集新着,Kクリニック岐阜加納,岐阜県,月給19万円～,正社員,医療事務,求人ボックス,https://xn--pckua2a7gp15o89zb.com/jb/5630890cd0dee9af1c9561cb6eb24263,True,7時間前,2026-09-30 05:13:08,岐阜県
クリニックで受付と事務スタッフ新着,株式会社ホットスタッフ可児,岐阜県,"時給1,500円",派遣社員,医療事務,求人ボックス,https://xn--pckua2a7gp15o89zb.com/jb/526ba3892ae65d7c0a384a172ea76116,True,11時間前,2026-09-30 05:13:08,岐阜県
「若手からゲームに関わる仕事を始める!」／ゲームデバッガー／未経験歓迎／福利厚生充実新着,株式会社Tetote,岐阜県,月給27万円～34万円,正社員,医療事務,求人ボックス,https://xn--pckua2a7gp15o89zb.com/jbn/aa42d4778220d71b9a8c18094e3403fa,True,17時間前,2026-09-30 05:13:08,岐阜県
「好きなことも自分の時間も大切にできる」／人気ゲームのテストプレイ／残業少なめ／年間休日120日以上新着,株式会社SNJAPAN,岐阜県,月給27万円～34万円,正社員,医療事務,求人ボックス,https://xn--pckua2a7gp15o89zb.com/jbn/1a7c9a0f4188295cdd7273ee917acc72,True,17時間前,2026-09-30 05:13:09,岐阜県
保育士／大垣市西之川町の認可保育園／JR「大垣駅」バス6分新着,セントスタッフ名古屋支店,岐阜県,"時給1,065円",アルバイト・パート,医療事務,求人ボックス,https://xn--pckua2a7gp15o89zb.com/jb/3706a28b1497bf3f799b463862cff6ac,True,6時間前,2026-09-30 05:13:09,岐阜県
「女性・男性ともに始めやすいIT職!」／アプリテスター／未経験OK／研修充実／福利厚生充実新着,このお仕事の特徴一般,岐阜県,月給27万円～34万円,正社員,医療事務,求人ボックス,https://xn--pckua2a7gp15o89zb.com/jbn/aa7ce281d6586b3aff5b533b43a33fdf,True,17時間前,2026-09-30 05:13:09,岐阜県
「フレッシュな仲間とクリエイティブに働ける!」／ゲームクリエイター／未経験歓迎／研修制度充実新着,このお仕事の特徴一般,岐阜県,月給27万円～34万円,正社員,医療事務,求人ボックス,https://xn--pckua2a7gp15o89zb.com/jbn/54896ef5e8adcb5e026e1b5b97e209dc,True,17時間前,2026-09-30 05:13:09,岐阜県
「未経験からゲーム業界デビュー!」／ゲームテスター／ゲーム好き歓迎／丁寧な研修あり新着,このお仕事の特徴一般,岐阜県,月給27万円～34万円,正社員,医療事務,求人ボックス,https://xn--pckua2a7gp15o89zb.com/jbn/5f99d035354f56a1faab6bcaf4564654,True,17時間前,2026-09-30 05:13:09,岐阜県
ゲームプランナー／未経験OK／福利厚生充実／資格取得支援あり／長期安定新着,このお仕事の特徴一般,岐阜県,月給27万円～34万円,正社員,医療事務,求人ボックス,https://xn--pckua2a7gp15o89zb.com/jbn/1e08456ebb0f52aca263de41026713ad,True,17時間前,2026-09-30 05:13:09,岐阜県
「未経験からゲームの仕組みを作る側へ!」／ゲームプログラマー／技術を身につけて成長できる新着,このお仕事の特徴一般,岐阜県,月給27万円～34万円,正社員,医療事務,求人ボックス,https://xn--pckua2a7gp15o89zb.com/jbn/8867432a6b7c630963ed6890401bccbf,True,17時間前,2026-09-30 05:13:14,岐阜県
データサイエンティスト／未経験OK／研修制度充実／資格取得支援あり／長期安定新着,このお仕事の特徴一般,岐阜県,月給27万円～34万円,正社員,医療事務,求人ボックス,https://xn--pckua2a7gp15o89zb.com/jbn/6e933547ac7c144d1e6f80118dec83ca,True,17時間前,2026-09-30 05:13:14,岐阜県
「データを見ながら考えることが好きな方へ」／データサイエンティスト／未経験OK／研修充実新着,このお仕事の特徴一般,岐阜県,月給27万円～34万円,正社員,医療事務,求人ボックス,https://xn--pckua2a7gp15o89zb.com/jbn/a91b7c76ca35e5af8f49e28ac89b5a26,True,17時間前,2026-09-30 05:13:14,岐阜県
「若手からITスキルを身につけられる!」／ITアドバイザー／未経験歓迎／研修充実／20〜30代活躍中新着,このお仕事の特徴一般,岐阜県,月給27万円～34万円,正社員,医療事務,求人ボックス,https://xn--pckua2a7gp15o89zb.com/jbn/e13b4d181fab861faf21c948237a9e36,True,17時間前,2026-09-30 05:13:14,岐阜県
「女性・男性ともに成長できる職場」／ゲームプランナー／未経験OK／研修充実／年間休日120日以上新着,このお仕事の特徴一般,岐阜県,月給27万円～34万円,正社員,医療事務,求人ボックス,https://xn--pckua2a7gp15o89zb.com/jbn/80ab1c4cf8d20fd986e734298d23e6b7,True,17時間前,2026-09-30 05:13:17,岐阜県
製造メーカーでの一般事務 事務職 未経験可 日勤新着,株式会社ヨコタエンタープライズ,岐阜県,"時給1,250円",派遣社員,医療事務,求人ボックス,https://xn--pckua2a7gp15o89zb.com/jb/5235a94e7b660b61ec75487869bbb6d0,True,4時間前,2026-09-30 05:13:17,岐阜県
完全在宅のTikTokライバー新着,株式会社HYBRIDBANK,岐阜県,"時給2,000円～",アルバイト・パート,医療事務,求人ボックス,https://xn--pckua2a7gp15o89zb.com/jb/4d73bd7a06665f72b7f03f3ba6e3d627,True,15時間前,2026-09-30 05:13:17,岐阜県
「未経験からIT業界にチャレンジ!」／アプリテスター／スマホ好き歓迎／年間休日120日以上新着,このお仕事の特徴一般,岐阜県,月給27万円～34万円,正社員,医療事務,求人ボックス,https://xn--pckua2a7gp15o89zb.com/jbn/87a1fab107519660bce8ee56f6f858ec,True,17時間前,2026-09-30 05:13:17,岐阜県
アプリテスター／落ち着いた環境で長く働きやすい／土日祝休み／福利厚生充実／長期安定新着,このお仕事の特徴一般,岐阜県,月給27万円～34万円,正社員,医療事務,求人ボックス,https://xn--pckua2a7gp15o89zb.com/jbn/9845d06d9f26863117abb9b6e877b34d,True,17時間前,2026-09-30 05:13:21,岐阜県
サ高住でフルタイムパートの事務員／フルタイムパートの事務員 週3～4日の勤務でOK新着,株式会社ナイスマン,岐阜県,"時給1,350円～",アルバイト・パート,医療事務,求人ボックス,https://xn--pckua2a7gp15o89zb.com/jb/5540f1f5cd709ed3b6954e93efb4b7b1,True,7時間前,2026-09-30 05:13:21,岐阜県
「月収30万円を目指せる!」／ITアドバイザー／未経験歓迎／質問を受けてサッと内容を確認する新着,このお仕事の特徴一般,岐阜県,月給27万円～34万円,正社員,医療事務,求人ボックス,https://xn--pckua2a7gp15o89zb.com/jbn/3381cb426be0e51ab738acc15e7931ef,True,17時間前,2026-09-30 05:13:21,岐阜県
訪問歯科支援の法人営業／急成長事業・明確な評価制度あり新着,株式会社デジタルクリエイト,岐阜県,年収348万円～405万円,正社員,医療事務,求人ボックス,https://xn--pckua2a7gp15o89zb.com/jb/377dbe80b3066fc240fff037c321ce83,True,8時間前,2026-09-30 05:13:21,岐阜県
寮完備・寮費無料／月収30万以上可／チェキ用フィルムケースの検品／日勤／未経験OK／日払い新着,株式会社Braight JAPAN,岐阜県,月給28万円～33万円,正社員,医療事務,求人ボックス,https://xn--pckua2a7gp15o89zb.com/jbn/097f9155e03f70b03245d15f6192c9a8,True,7時間前,2026-09-30 05:13:21,岐阜県
「手ぶらで新生活START」アロマディフューザー部品の確認・包装スタッフ／未経験OK／月収30万以上新着,株式会社Rasic,岐阜県,"月給27万5,000円",正社員,医療事務,求人ボックス,https://xn--pckua2a7gp15o89zb.com/jbn/3441f8a7c77364cb442ca27d4c4e3b8c,True,7時間前,2026-09-30 05:13:21,岐阜県
「シンプル作業で安心スタート」／トレカの仕分けスタッフ／交通費支給／週払いOK／20~30代活躍中新着,製造・業種ジャンル,岐阜県,"月給32万5,000円",正社員,医療事務,求人ボックス,https://xn--pckua2a7gp15o89zb.com/jbn/c9d70a1b414712b1d5d9c89574886ea8,True,6時間前,2026-09-30 05:13:25,岐阜県
キャラクターキーホルダーの袋詰め・選別／らくらく作業／学歴不問／日払い可能／Wi-Fi完備寮新着,Nipponアイピー株式会社,岐阜県,"時給1,720円～2,150円",アルバイト・パート,医療事務,求人ボックス,https://xn--pckua2a7gp15o89zb.com/jb/cb9c7b76fe4b5026efd8461c46bffab6,True,22時間前,2026-09-30 05:13:25,岐阜県
一般事務／「憧れ事務デビュー 」研修充実で安心! 自分らしく成長できる新着,UPWORLD株式会社,岐阜県,月給25万円～,正社員,医療事務,求人ボックス,https://xn--pckua2a7gp15o89zb.com/jb/ee9f38cb04e2d1b589865fe70c0339d8,True,9時間前,2026-09-30 05:13:25,岐阜県
寮完備・寮費無料／月収30万以上可／はちみつボトルの検品・箱詰め業務／日勤／未経験歓迎／日払い新着,製造・業種ジャンル,岐阜県,"月給31万5,000円",正社員,医療事務,求人ボックス,https://xn--pckua2a7gp15o89zb.com/jbn/9a392fbf3ec429c49bf2097325ad5dc9,True,6時間前,2026-09-30 05:13:25,岐阜県
コツコツ軽作業／アイマスクの検品・袋詰め／日勤／未経験歓迎／20~30代活躍中新着,製造・業種ジャンル,岐阜県,月給27万円～32万円,正社員,医療事務,求人ボックス,https://xn--pckua2a7gp15o89zb.com/jbn/acd78a75fcb0c138337d182fec2e1408,True,6時間前,2026-09-30 05:13:25,岐阜県
軽作業スタッフ／ノベルティグッズの検品・パッケージ業務／日勤／未経験OK／20~30代活躍中新着,製造・業種ジャンル,岐阜県,月給34万円～39万円,正社員,医療事務,求人ボックス,https://xn--pckua2a7gp15o89zb.com/jbn/453cb3bf2f393a7b4528781c295c0770,True,7時間前,2026-09-30 05:13:25,岐阜県
「コツコツ進める検品作業」／美顔器部品の検品スタッフ／空調完備／日払いOK／20~30代活躍中新着,製造・業種ジャンル,岐阜県,月給31万円～36万円,正社員,医療事務,求人ボックス,https://xn--pckua2a7gp15o89zb.com/jbn/2b08761040974bfa247d4d047ddb1fa8,True,6時間前,2026-09-30 05:13:28,岐阜県
若手活躍中のEC運営事務／入力中心／未経験OK／No.111新着,事務,岐阜県,"月給25万5,000円",正社員,医療事務,求人ボックス,https://xn--pckua2a7gp15o89zb.com/jbn/d07ca2cc229df7bb05d8489a0651872e,True,8時間前,2026-09-30 05:13:28,岐阜県
コツコツ進める受付事務／入力中心／未経験OK／No.109新着,事務,岐阜県,"月給27万2,000円",正社員,医療事務,求人ボックス,https://xn--pckua2a7gp15o89zb.com/jbn/c7753fbba87885cb7449fd6b8f80012e,True,8時間前,2026-09-30 05:13:28,岐阜県
寮完備・寮費無料／月収30万以上可／SDカードケースの検品・包装／日勤／未経験歓迎／日払い新着,製造・業種ジャンル,岐阜県,"月給28万5,000円",正社員,医療事務,求人ボックス,https://xn--pckua2a7gp15o89zb.com/jbn/3f8c52f46b38681caf9612c54ac02cdf,True,7時間前,2026-09-30 05:13:28,岐阜県
モクモク軽作業／アロマディフューザー部品の確認・包装業務／日勤／未経験OK／20~30代活躍中新着,製造・業種ジャンル,岐阜県,月給31万円～36万円,正社員,医療事務,求人ボックス,https://xn--pckua2a7gp15o89zb.com/jbn/c7e8d16f66b08e01beb2593727ac204e,True,7時間前,2026-09-30 05:13:28,岐阜県
座り仕事中心の採用サポート事務／入力中心／未経験OK／No.114新着,事務,岐阜県,"月給27万6,000円",正社員,医療事務,求人ボックス,https://xn--pckua2a7gp15o89zb.com/jbn/02a8a06c4dea96e58d279dd229aed5f9,True,8時間前,2026-09-30 05:13:28,岐阜県
介護施設の看護師／准看護師新着,ゴールドエイジ西河渡,岐阜県,"月給25万3,300円",正社員,医療事務,求人ボックス,https://xn--pckua2a7gp15o89zb.com/jb/591a1e0d1be1886064d917fbd52eeb00,True,7時間前,2026-09-30 05:13:28,岐阜県
コツコツ作業／ヘアアイロンの検査・包装業務／軽作業／日勤／未経験歓迎／20~30代活躍中新着,製造・業種ジャンル,岐阜県,"月給32万5,000円",正社員,医療事務,求人ボックス,https://xn--pckua2a7gp15o89zb.com/jbn/701b873435d96590616a54d83ae57912,True,6時間前,2026-09-30 05:13:32,岐阜県
軽作業スタッフ／コンタクトレンズケースの検品・包装／日勤／未経験OK／20~30代活躍中新着,製造・業種ジャンル,岐阜県,"月給32万5,000円",正社員,医療事務,求人ボックス,https://xn--pckua2a7gp15o89zb.com/jbn/88aee53ba9beffda953b937ec0b225c2,True,7時間前,2026-09-30 05:13:32,岐阜県
テニスボールの検品・箱詰め作業／未経験OK／月収30万以上／見て入れるだけの簡単作業新着,製造・業種ジャンル,岐阜県,"月給28万5,000円",正社員,医療事務,求人ボックス,https://xn--pckua2a7gp15o89zb.com/jbn/48fb63fecb15500f9b6add12b90a212b,True,6時間前,2026-09-30 05:13:32,岐阜県
アロマディフューザー部品の確認・包装業務／日用品工場／モクモク軽作業／日勤／未経験OK／履歴書不要新着,製造・業種ジャンル,岐阜県,月給31万円～36万円,正社員,医療事務,求人ボックス,https://xn--pckua2a7gp15o89zb.com/jbn/1b9e70c29fa0466179996d13de2799f3,True,6時間前,2026-09-30 05:13:32,岐阜県
軽作業スタッフ／テニスボールの検品・箱詰め作業／モクモク作業／日勤／未経験OK新着,製造・業種ジャンル,岐阜県,月給27万円～32万円,正社員,医療事務,求人ボックス,https://xn--pckua2a7gp15o89zb.com/jbn/e8783971705647ae5690ba0907d529af,True,7時間前,2026-09-30 05:13:32,岐阜県
寮完備・寮費無料／月収30万以上可／ヘアアイロンの検査・包装業務／日勤／未経験歓迎／日払い新着,製造・業種ジャンル,岐阜県,月給34万円～39万円,正社員,医療事務,求人ボックス,https://xn--pckua2a7gp15o89zb.com/jbn/e0f6568ddc104bbe2858bd17ec186f92,True,6時間前,2026-09-30 05:13:32,岐阜県
清潔な職場／はちみつボトルの検品・箱詰め業務／軽作業／日勤／未経験OK／20~30代活躍中新着,製造・業種ジャンル,岐阜県,"月給31万5,000円",正社員,医療事務,求人ボックス,https://xn--pckua2a7gp15o89zb.com/jbn/70d4685a69e1fe1360aaacd67d3cbb3c,True,7時間前,2026-09-30 05:13:32,岐阜県
コーヒーフィルターの検品・箱詰めスタッフ／寮費無料／未経験歓迎／月収30万以上／モクモク軽作業新着,製造・業種ジャンル,岐阜県,月給30万円～35万円,正社員,医療事務,求人ボックス,https://xn--pckua2a7gp15o89zb.com/jbn/d50a6d503896ff8fa51edc291d6ad5ac,True,7時間前,2026-09-30 05:13:36,岐阜県
寮完備・寮費無料／月収30万以上可／チェキ用フィルムケースの検品／日勤／未経験OK／日払い新着,製造・業種ジャンル,岐阜県,月給30万円～35万円,正社員,医療事務,求人ボックス,https://xn--pckua2a7gp15o89zb.com/jbn/d265884f06f52692ac10a165cc098303,True,6時間前,2026-09-30 05:13:36,岐阜県
土木施工管理 2級有資格経験者 面接確約!／年収750万円～／橋梁やトンネルなどの補修・修復工事新着,株式会社保田工業,岐阜県,年収750万円～,正社員,医療事務,求人ボックス,https://xn--pckua2a7gp15o89zb.com/jb/4d0caa971b9f21f935a7dea56d0da711,True,23時間前,2026-09-30 05:13:36,岐阜県
11／9～12／6 期間限定 お歳暮 伝票チェック@岐阜新着,株式会社センチュリーアンドカンパニー,岐阜県,"時給1,350円",派遣社員,医療事務,求人ボックス,https://xn--pckua2a7gp15o89zb.com/jb/95001ee2a75f3253efc707dce16d8ed5,True,12時間前,2026-09-30 05:13:36,岐阜県
2027 新卒採用 設備工事・設備設計新着,大東株式会社,岐阜県,"月給19万5,000円",正社員,医療事務,求人ボックス,https://xn--pckua2a7gp15o89zb.com/jb/d9f4f1ea6f7b2a220b41c217da3bb126,True,20時間前,2026-09-30 05:13:36,岐阜県
「未経験からアプリチェックの仕事へ!」／アプリテスター／実際に操作して表示を確認新着,このお仕事の特徴一般,岐阜県,月給27万円～34万円,正社員,医療事務,求人ボックス,https://xn--pckua2a7gp15o89zb.com/jbn/78fd41b8b600d04d9de94dd6ab70f2ab,True,17時間前,2026-09-30 05:13:36,岐阜県
「スピード選考でお仕事開始!」／ITアドバイザー／未経験OK／WEB面接対応／研修充実新着,このお仕事の特徴一般,岐阜県,月給27万円～34万円,正社員,医療事務,求人ボックス,https://xn--pckua2a7gp15o89zb.com/jbn/9e80ac0fcbbbbf20e9ddb0402cc604ff,True,17時間前,2026-09-30 05:13:39,岐阜県
「クリエイティブな仕事に挑戦したい方におすすめ」／ゲームクリエイター／未経験OK／サポート体制充実新着,このお仕事の特徴一般,岐阜県,月給27万円～34万円,正社員,医療事務,求人ボックス,https://xn--pckua2a7gp15o89zb.com/jbn/969b8dfef3a1fd6f6cd153a02abbc84a,True,17時間前,2026-09-30 05:13:39,岐阜県
「性別を問わずアイデアを仕事に活かせる!」／ゲームプランナー／未経験歓迎／サポート体制充実／長期安定新着,このお仕事の特徴一般,岐阜県,月給27万円～34万円,正社員,医療事務,求人ボックス,https://xn--pckua2a7gp15o89zb.com/jbn/dad4ab1c2ec00f55a7c88908ed92948b,True,17時間前,2026-09-30 05:13:39,岐阜県
「20代・30代の仲間が多数活躍中!」／ゲームテスター／未経験OK／長期安定／20〜30代活躍中新着,このお仕事の特徴一般,岐阜県,月給27万円～34万円,正社員,医療事務,求人ボックス,https://xn--pckua2a7gp15o89zb.com/jbn/8a87b31bab3cd4c3c9a2c80d2e882bd6,True,17時間前,2026-09-30 05:13:39,岐阜県
「女性・男性ともに専門知識を身につける!」／データサイエンティスト／未経験OK／資格取得支援あり新着,このお仕事の特徴一般,岐阜県,月給27万円～34万円,正社員,医療事務,求人ボックス,https://xn--pckua2a7gp15o89zb.com/jbn/c96e2d05adbd35282b8e03b4f3740a6d,True,17時間前,2026-09-30 05:13:39,岐阜県
「IT未経験から頼られる存在へ!」／ITアドバイザー／ユーザーの疑問を解決へ導く新着,このお仕事の特徴一般,岐阜県,月給27万円～34万円,正社員,医療事務,求人ボックス,https://xn--pckua2a7gp15o89zb.com/jbn/44385a935906dec1764bce685c32fe17,True,17時間前,2026-09-30 05:13:39,岐阜県
週1日～OKの美容師スタイリスト／美容師週1日3時間～レギュラーワーク...新着,株式会社ハクブン,岐阜県,"時給1,200円～1,600円",アルバイト・パート,美容,求人ボックス,https://xn--pckua2a7gp15o89zb.com/jb/fdf2d0126058f280116d734ab8cf04c4,True,11時間前,2026-09-30 05:13:35,岐阜県
月給30万～／未経験採用枠／研修充実／Tiktok運用エンジニア新着,ナナイロモバイル株式会社,岐阜県,月給30万～,正社員,美容,求人ボックス,https://xn--pckua2a7gp15o89zb.com/jbn/a5a53bb5dd835bb01993b152037179ff,True,11時間前,2026-09-30 05:13:35,岐阜県
「まだ間に合う!」未経験採用枠／カプセルトイ製造スタッフ／プライベート充実新着,株式会社RIOT,岐阜県,月給28万円～50万円,正社員,美容,求人ボックス,https://xn--pckua2a7gp15o89zb.com/jbn/b0c4d4428240ade3647bc8d40998e17b,True,11時間前,2026-09-30 05:13:35,岐阜県
「新生活デビュー応援!」未経験採用枠／製造スタッフ・カプセルトイ／寮・社宅・家賃補助あり新着,株式会社小林,岐阜県,月給28万円～50万円,正社員,美容,求人ボックス,https://xn--pckua2a7gp15o89zb.com/jbn/28378c5cfe8a2838efae352f515e1fcf,True,12時間前,2026-09-30 05:13:35,岐阜県
「まだ間に合う!」未経験採用枠／製造スタッフ・カプセルトイ／年間休日125日以上新着,株式会社RIOT GROUP,岐阜県,月給28万円～50万円,正社員,美容,求人ボックス,https://xn--pckua2a7gp15o89zb.com/jbn/3af6fb9a55b92ac7d99dfa22f08e2e3b,True,11時間前,2026-09-30 05:13:35,岐阜県
特別な資格・手先の手器用さ一切不問!／製品の梱包・仕分けスタッフ／賞与年2回／未経験活躍新着,Yts株式会社,岐阜県,月給30万円～60万円,正社員,美容,求人ボックス,https://xn--pckua2a7gp15o89zb.com/jbn/c607863c7dc98c48e14966d87978aa8b,True,12時間前,2026-09-30 05:13:35,岐阜県
塗装スタッフ／未経験OK・異業種からの転職歓迎／ほぼ残業なし新着,株式会社後藤塗装,岐阜県,月給25万円～32万円,正社員,美容,求人ボックス,https://xn--pckua2a7gp15o89zb.com/jb/28eb14f7573f1465068a38a7bd443d63,True,13時間前,2026-09-30 05:13:35,岐阜県
「新生活デビュー応援!」未経験採用枠／製造工場での軽作業・カプセルトイ／年間休日125日以上新着,NKY株式会社,岐阜県,月給28万円～50万円,正社員,美容,求人ボックス,https://xn--pckua2a7gp15o89zb.com/jb/bbea66ca4ed1790b77f9a95919d5eda3,True,20時間前,2026-09-30 05:13:35,岐阜県
「新生活デビュー応援!」未経験採用枠／製造工場での軽作業・カプセルトイ／プライベート充実新着,株式会社ライトキャリア,岐阜県,月給28万円～50万円,正社員,美容,求人ボックス,https://xn--pckua2a7gp15o89zb.com/jb/08e376a64c1daa01355b349d01444765,True,20時間前,2026-09-30 05:13:35,岐阜県
「全国採用」完全リモートの電話占い師／占い経験者・接客経験者・ナイトワーク経験者活躍中新着,株式会社インスピ,岐阜県,月給10万円～50万円,,美容,求人ボックス,https://xn--pckua2a7gp15o89zb.com/jbn/a31de11f9c8b0a50cf883d08c99278cb,True,3時間前,2026-09-30 05:13:35,岐阜県
「集客業務なし、お客様対応に集中できる環境／理容師」／営業時間外の業務ほぼなし／定年制度なし新着,QBハウスイオンモール各務原インター,岐阜県,"月給27万1,000円",正社員,美容,求人ボックス,https://xn--pckua2a7gp15o89zb.com/jbn/99abb48e36fe5e855efb9ff317db8b76,True,2時間前,2026-09-30 05:13:35,岐阜県
障害者支援に携わりたい生活支援員新着,生活介護マヴィープラス3rd,岐阜県,月給21万円～28万円,正社員,美容,求人ボックス,https://xn--pckua2a7gp15o89zb.com/jb/9e9ef8a2d9c973ca7f9747cefe77fa8e,True,7時間前,2026-09-30 05:13:35,岐阜県
「全国採用」完全リモートの電話占い師／占い経験者・接客経験者・ナイトワーク経験者活躍中新着,株式会社シエロ,岐阜県,月給10万円～70万円,,美容,求人ボックス,https://xn--pckua2a7gp15o89zb.com/jbn/b160f8df6ab2d841f8ab7045d9f0ff41,True,3時間前,2026-09-30 05:13:35,岐阜県
20.30代活躍中 おじいちゃんおばあちゃんの見守りスタッフ新着,株式会社ウィルオブ・ワーク,岐阜県,"時給1,500円",派遣社員,美容,求人ボックス,https://xn--pckua2a7gp15o89zb.com/jb/ef55d45f40ced21fea5e56cadb593e20,True,19時間前,2026-09-30 05:13:35,岐阜県
完全未経験OK／パチンコ店ホールスタッフ／エリアマネージャーなどの管理職昇格実績多数／未経験歓迎!新着,株式会社喜久家,岐阜県,月給30万円～40万円,正社員,建設,求人ボックス,https://xn--pckua2a7gp15o89zb.com/jbn/474083fe01517ee11dc7bb35e1cb78a5,True,11時間前,2026-09-30 05:13:41,岐阜県
経験を活かせるトンネル作業員新着,株式会社西行土木,岐阜県,"月給42万4,000円",正社員,建設,求人ボックス,https://xn--pckua2a7gp15o89zb.com/jb/abe5a0161d668c55c0155c8c077f1dde,True,5時間前,2026-09-30 05:13:41,岐阜県
経験が活かせる土木工事作業員の重機オペレーター新着,株式会社享栄建工,岐阜県,月給31万円～37万円,正社員,建設,求人ボックス,https://xn--pckua2a7gp15o89zb.com/jb/ed3d59a2aa7cc6ee228ebb3f4f62e859,True,5時間前,2026-09-30 05:13:41,岐阜県
建築プロジェクトマネジメント／最新テクノロジーを駆使して確固たる技術が身に付く!／完全未経験OK!新着,株式会社テクノプロ・コンストラクション,岐阜県,月給21万円～29万円,正社員,建設,求人ボックス,https://xn--pckua2a7gp15o89zb.com/jbn/38b894a4868d50464fda7e4802f984c9,True,11時間前,2026-09-30 05:13:41,岐阜県
未経験者も大歓迎!安定した業界で安心して長く働いてみませんか?「現場作業員 」新着,株式会社佐久間興業,岐阜県,"月給20万7,900円",正社員,建設,求人ボックス,https://xn--pckua2a7gp15o89zb.com/jb/a2979579149df32a8059099da7803fa2,True,5時間前,2026-09-30 05:13:41,岐阜県
経験が活かせる鳶の足場組立・解体作業員新着,株式会社ヤグミ,岐阜県,月給33万円～50万円,正社員,建設,求人ボックス,https://xn--pckua2a7gp15o89zb.com/jb/563c03ac1c3bf1da2b795370362fad22,True,4時間前,2026-09-30 05:13:41,岐阜県
未経験からでもできるエレベーター工事スタッフ新着,カトービルサービス株式会社,岐阜県,月給20万円～25万円,正社員,建設,求人ボックス,https://xn--pckua2a7gp15o89zb.com/jb/36501679a19d25c678382977ef04bc45,True,4時間前,2026-09-30 05:13:41,岐阜県
宇宙機器・地上試験設備エンジニア 監理技術者候補／航空宇宙新着,川崎重工業株式会社,岐阜県,年収560万円～870万円,正社員,建設,求人ボックス,https://xn--pckua2a7gp15o89zb.com/jb/9d91282b17c96fbdd14a648f35e5ba60,True,23時間前,2026-09-30 05:13:41,岐阜県
土岐／生産管理・検査／出荷 CS-ウェハ 東証プライム上場／トップシェア製品有新着,株式会社MARUWA,岐阜県,年収450万円～690万円,正社員,建設,求人ボックス,https://xn--pckua2a7gp15o89zb.com/jb/8c83ba64102d7a5b6195373e861b90a6,True,18時間前,2026-09-30 05:13:41,岐阜県
土岐／設備技術 自動検査機新着,その需要に応える新製品の開発、量産化に向けて、直近ではR&D施設、新工場の,岐阜県,年収510万円～930万円,正社員,建設,求人ボックス,https://xn--pckua2a7gp15o89zb.com/jb/e7f027b688b1ea3545c2e9633546ed98,True,18時間前,2026-09-30 05:13:41,岐阜県
「大手企業の数字まわりを支える!」／経理事務／未経験95%／未経験歓迎新着,経理,岐阜県,"月給26万9,400円",正社員,経理,求人ボックス,https://xn--pckua2a7gp15o89zb.com/jbn/f60b5b81efd3a00e6a1c55e441080a98,True,12時間前,2026-09-30 05:13:44,岐阜県
事務員新着,GIKEN GROUP,岐阜県,"時給1,200円",アルバイト・パート,経理,求人ボックス,https://xn--pckua2a7gp15o89zb.com/jb/f309eab18d1f85829b24e490ec49681e,True,13時間前,2026-09-30 05:13:44,岐阜県
未経験可／研修充実／システムエンジニア新着,infront株式会社,岐阜県,月給28万円～50万円,正社員,経理,求人ボックス,https://xn--pckua2a7gp15o89zb.com/jbn/aaf53316009476694170108a7faa1bfd,True,11時間前,2026-09-30 05:13:48,岐阜県
「男女ともにITスキルを磨ける人気職!」／アプリテスター／未経験歓迎／福利厚生充実／資格取得支援あり新着,このお仕事の特徴一般,岐阜県,月給27万円～34万円,正社員,経理,求人ボックス,https://xn--pckua2a7gp15o89zb.com/jbn/ca733633037ad6caf413a28310dcd5ea,True,17時間前,2026-09-30 05:13:48,岐阜県
「早めに働きたい方におすすめ!」／ゲームプランナー／WEB面接対応／未経験歓迎／賞与あり新着,このお仕事の特徴一般,岐阜県,月給27万円～34万円,正社員,経理,求人ボックス,https://xn--pckua2a7gp15o89zb.com/jbn/ad205951f2b507cb17b93634e138b15e,True,17時間前,2026-09-30 05:13:50,岐阜県
福利厚生充実の注目求人／経理アシスタント／オフィスワーク／未経験歓迎新着,経理,岐阜県,"月給26万7,000円",正社員,経理,求人ボックス,https://xn--pckua2a7gp15o89zb.com/jbn/ba2ed280c20965d838c237852cf1945e,True,15時間前,2026-09-30 05:13:53,岐阜県
一般事務／未経験から始められる事務 平日休み 月1回程度日曜休みあり新着,株式会社スタッフサービス,岐阜県,"月給18万4,500円",正社員,経理,求人ボックス,https://xn--pckua2a7gp15o89zb.com/jb/ef108be0a06fa8f1c64e6d068b9c6dc0,True,18時間前,2026-09-30 05:13:53,岐阜県
一般事務／完全デスクワーク業務／月平均残業時間10時間／整った環境で働ける配属先選定／2653新着,有限会社サンゴールド,岐阜県,月給27万円～32万円,正社員,経理,求人ボックス,https://xn--pckua2a7gp15o89zb.com/jbn/5fa4dea36869cf7096138068301f5b34,True,11時間前,2026-09-30 05:13:53,岐阜県
事務職／請求書発行やデータ入力など!会社の成長を陰で支える事務職新着,有限会社達匠,岐阜県,"時給1,121円～1,300円",アルバイト・パート,経理,求人ボックス,https://xn--pckua2a7gp15o89zb.com/jbn/67bdf581b29ffc13838e1a1bb102db34,True,22時間前,2026-09-30 05:13:56,岐阜県
未経験からなれる人気ゲームのゲームデバッガー／寮・社宅・家賃補助あり／資格取得支援あり新着,GOEN株式会社,岐阜県,月給30万円～51万,正社員,経理,求人ボックス,https://xn--pckua2a7gp15o89zb.com/jbn/d22e12af7ab2eb0d14bf1cee44b41d53,True,11時間前,2026-09-30 05:13:56,岐阜県
工事事務 業界をリードするスーパーゼネコン／キャリアが広がる新着,鹿島建設株式会社,岐阜県,年収600万円～750万円,正社員,経理,求人ボックス,https://xn--pckua2a7gp15o89zb.com/jb/26f3f94189b0a5d6d713ef9c00543aa9,True,8時間前,2026-09-30 05:13:56,岐阜県
未経験からなれる人気ゲームのゲームテスター／寮・社宅・家賃補助あり／資格取得支援あり新着,株式会社HyBridge,岐阜県,月給30万円～51万,正社員,経理,求人ボックス,https://xn--pckua2a7gp15o89zb.com/jbn/12763b26d5bb259c634e026512f60029,True,11時間前,2026-09-30 05:13:56,岐阜県
未経験からなれる人気ゲームのQAエンジニア／寮・社宅・家賃補助あり／資格取得支援あり新着,...内容・業種】人材紹介業有料職業紹介事業13-ユ-318717 【設立年月】令和7年7月7日 【最終更新日】2026/09/30 【今働いている仲間の前職は】アパレル、飲食、観光、,岐阜県,月給30万円～51万,正社員,経理,求人ボックス,https://xn--pckua2a7gp15o89zb.com/jbn/e43ce58e29f425a5e1f96e7ef130dd3d,True,10時間前,2026-09-30 05:14:00,岐阜県
未経験からなれる人気ゲームのテストエンジニア／寮・社宅・家賃補助あり／資格取得支援あり新着,...内容・業種】人材紹介業有料職業紹介事業13-ユ-318717 【設立年月】令和7年7月7日 【最終更新日】2026/09/30 【今働いている仲間の前職は】アパレル、飲食、観光、,岐阜県,月給30万円～51万,正社員,経理,求人ボックス,https://xn--pckua2a7gp15o89zb.com/jbn/d5166ba0406f89b824eb4abcef093665,True,11時間前,2026-09-30 05:14:00,岐阜県
未経験からなれる人気ゲームのゲームデバッガー／寮・社宅・家賃補助あり／資格取得支援あり新着,事務,岐阜県,月給30万円～51万,正社員,経理,求人ボックス,https://xn--pckua2a7gp15o89zb.com/jbn/2d2dd835a98f1e064cfcf45ff174a58c,True,11時間前,2026-09-30 05:14:00,岐阜県
人気機種に詳しくなれる携帯販売新着,株式会社シエロ,岐阜県,"月給24万5,250円",正社員,経理,求人ボックス,https://xn--pckua2a7gp15o89zb.com/jb/083585dd41e8e869bdafb080d3714e12,True,17時間前,2026-09-30 05:14:00,岐阜県
事務／総務・法務・人事／経理・簿記 駅直結 コツコツ整理が好きな方に 契約書の管理サポート新着,株式会社トライフィット,岐阜県,"時給1,300円～",派遣社員,経理,求人ボックス,https://xn--pckua2a7gp15o89zb.com/jb/b1bc857290b635ab66b9cc793c928c31,True,23時間前,2026-09-30 05:14:00,岐阜県
営業サポート事務／メイク・ネイル・カラコン自由 未経験歓迎!産休育休実績あり新着,株式会社三和サービス,岐阜県,月給23万円～,正社員,経理,求人ボックス,https://xn--pckua2a7gp15o89zb.com/jb/7ffdac390721bc3a3d49139292ce075d,True,9時間前,2026-09-30 05:14:00,岐阜県
受付企業受付以外／扶養内OK 週5日×4h時短ワーク マイナンバーカード受付事務 履歴書不要!新着,パーソルビジネスプロセスデザイン株式会社,岐阜県,"時給1,200円",契約社員,経理,求人ボックス,https://xn--pckua2a7gp15o89zb.com/jb/ae8cf458f5206e472950c3a36668dc5f,True,7時間前,2026-09-30 05:14:00,岐阜県
ゲームプログラマー／未経験OK／研修制度充実／昇給制度あり／資格取得支援あり新着,このお仕事の特徴一般,岐阜県,月給27万円～34万円,正社員,経理,求人ボックス,https://xn--pckua2a7gp15o89zb.com/jbn/62cc221f4bba4712bc087ca10da56261,True,17時間前,2026-09-30 05:14:03,岐阜県
「月収30万円も狙える!」／ゲームテスター／未経験歓迎／ゲームをジーっと見ながら違いを探すだけ新着,このお仕事の特徴一般,岐阜県,月給27万円～34万円,正社員,経理,求人ボックス,https://xn--pckua2a7gp15o89zb.com/jbn/522a8a883c59ca96962ef64f3394c3df,True,17時間前,2026-09-30 05:14:03,岐阜県
「月収30万円も可能!」／ゲームプログラマー／未経験OK／コードを入力して動きをチェックする作業新着,このお仕事の特徴一般,岐阜県,月給27万円～34万円,正社員,経理,求人ボックス,https://xn--pckua2a7gp15o89zb.com/jbn/8d1ba9045853727129ea37cd38cf3624,True,17時間前,2026-09-30 05:14:07,岐阜県
薬剤師／調剤薬局新着,ささゆり薬局 大畑店,岐阜県,年収480万円～600万円,正社員,経理,求人ボックス,https://xn--pckua2a7gp15o89zb.com/jb/2821db715e36f7f9de6c461c5172dc12,True,23時間前,2026-09-30 05:14:07,岐阜県
薬剤師／調剤薬局新着,独立支援もしており、土地の選定から,岐阜県,年収500万円～650万円,正社員,経理,求人ボックス,https://xn--pckua2a7gp15o89zb.com/jb/0d7fbfe218dd279879c59b2036ef48ab,True,23時間前,2026-09-30 05:14:10,岐阜県
「20~30代歓迎」オフィス一般事務／土日祝休み／寮社宅サポート新着,AQUARIUS株式会社,岐阜県,"月給30万3,400円",正社員,事務,求人ボックス,https://xn--pckua2a7gp15o89zb.com/jbn/7eec5e64ec8316a9ea0186ec6a631224,True,10時間前,2026-09-30 05:13:42,岐阜県
「採用枠わずかの人気ポジション」／一般事務／残業少なめ／人柄重視新着,一般事務,岐阜県,"月給26万4,100円",正社員,事務,求人ボックス,https://xn--pckua2a7gp15o89zb.com/jbn/183df8514c173905a89bead6fe4b2fc5,True,10時間前,2026-09-30 05:13:42,岐阜県
「20代男女活躍中の事務」／一般事務／転勤なし／入社後研修あり新着,一般事務,岐阜県,"月給26万6,500円",正社員,事務,求人ボックス,https://xn--pckua2a7gp15o89zb.com/jbn/a2cf41b41a8efdcc749add430ee728c8,True,11時間前,2026-09-30 05:13:42,岐阜県
「オフィスワーク入門におすすめ」／一般事務／完全週休2日制／駅チカあり新着,一般事務,岐阜県,月給25万800円,正社員,事務,求人ボックス,https://xn--pckua2a7gp15o89zb.com/jbn/e5da2212e98d40951c3d93d50bede2be,True,10時間前,2026-09-30 05:13:42,岐阜県
「はじめてのオフィスワーク歓迎」／一般事務／福利厚生充実／ブランクOK新着,一般事務,岐阜県,"月給25万3,200円",正社員,事務,求人ボックス,https://xn--pckua2a7gp15o89zb.com/jbn/84767579c660935591f49ea0a9de6c5c,True,11時間前,2026-09-30 05:13:42,岐阜県
「落ち着いて働ける事務求人」／一般事務／未経験95%／賞与あり新着,一般事務,岐阜県,"月給25万2,000円",正社員,事務,求人ボックス,https://xn--pckua2a7gp15o89zb.com/jbn/ade1f4c0b4afe2615c7761eda0927b5d,True,11時間前,2026-09-30 05:13:42,岐阜県
「アニメ・ゲーム好き必見!」一般事務／給付金サポート新着,株式会社SDビジョン,岐阜県,月給30万円～50万円,正社員,事務,求人ボックス,https://xn--pckua2a7gp15o89zb.com/jbn/1f3bc1e2cf0597547a39a825a93b72b1,True,23時間前,2026-09-30 05:13:42,岐阜県
未経験から安定スタート／一般事務／オフィスワーク／未経験歓迎新着,一般事務,岐阜県,"月給25万2,000円",正社員,事務,求人ボックス,https://xn--pckua2a7gp15o89zb.com/jbn/861d10cae0bcf5f12f5d5d0f346e8772,True,15時間前,2026-09-30 05:13:42,岐阜県
コツコツ派に人気／一般事務／オフィスワーク／未経験歓迎新着,一般事務,岐阜県,"月給27万3,000円",正社員,事務,求人ボックス,https://xn--pckua2a7gp15o89zb.com/jbn/090c973a4cec6d7f7f1459337aeae1e6,True,15時間前,2026-09-30 05:13:43,岐阜県
院内サポート／残業ほぼなし!ブランクある方も歓迎一般事務・医師事務新着,株式会社ルフト・メディカルケア,岐阜県,"時給1,300円～1,400円",派遣社員,事務,求人ボックス,https://xn--pckua2a7gp15o89zb.com/jb/1936eae7f520ad7951a3bf914b60a0be,True,22時間前,2026-09-30 05:13:43,岐阜県
「残り枠わずか!」未経験からできる一般事務／昇給賞与年2回新着,一般事務,岐阜県,月給27万円～40万円,正社員,事務,求人ボックス,https://xn--pckua2a7gp15o89zb.com/jbn/bd041cdc719a39ef6fc78e4fbb3409ec,True,11時間前,2026-09-30 05:13:43,岐阜県
「残り枠わずか!」未経験からできる一般事務／年間休日120日以上新着,一般事務,岐阜県,月給27万円～40万円,正社員,事務,求人ボックス,https://xn--pckua2a7gp15o89zb.com/jbn/a454852a865c6d238bbc7fc07962fab1,True,11時間前,2026-09-30 05:13:43,岐阜県
「未経験から正社員」一般事務スタッフ／郵便物管理や電話応対新着,株式会社RIOT GROUP,岐阜県,月給31万200円,正社員,事務,求人ボックス,https://xn--pckua2a7gp15o89zb.com/jbn/c68ac5a8ba4b97bf9596539640f9226c,True,6時間前,2026-09-30 05:13:43,岐阜県
「大手企業で安心スタート!かんたん事務」／一般事務／未経験95%新着,事務,岐阜県,"月給26万8,000円",正社員,事務,求人ボックス,https://xn--pckua2a7gp15o89zb.com/jbn/b08882382024a215f4df0a4745896d7c,True,13時間前,2026-09-30 05:13:46,岐阜県
「シンプル作業で安心スタート!」／一般事務／未経験95%／未経験歓迎新着,事務,岐阜県,"月給26万8,500円",正社員,事務,求人ボックス,https://xn--pckua2a7gp15o89zb.com/jbn/dc87e390ec29c4d551aba487b7a93ca5,True,13時間前,2026-09-30 05:13:46,岐阜県
「大手企業でオフィスワークデビュー!」／一般事務／未経験95%新着,事務,岐阜県,"月給26万2,600円",正社員,事務,求人ボックス,https://xn--pckua2a7gp15o89zb.com/jbn/7e920b8df61de1f7f598d3ef15ddb14c,True,12時間前,2026-09-30 05:13:46,岐阜県
「今だけ限定!大手企業で事務デビュー」／一般事務／未経験95%新着,事務,岐阜県,"月給25万6,600円",正社員,事務,求人ボックス,https://xn--pckua2a7gp15o89zb.com/jbn/6b32e508c0c7c085f0a9ac44fe770b23,True,13時間前,2026-09-30 05:13:46,岐阜県
一般事務／入力中心 メーカーでの事務サポート業務新着,マンパワーグループ株式会社,岐阜県,"時給1,300円",派遣社員,事務,求人ボックス,https://xn--pckua2a7gp15o89zb.com/jb/7fd54460f7806f04a8ca5dd0b1d4e7bb,True,5時間前,2026-09-30 05:13:46,岐阜県
経験が活かせる建設事務の一般事務職新着,株式会社日発電工,岐阜県,"月給17万3,000円",正社員,事務,求人ボックス,https://xn--pckua2a7gp15o89zb.com/jb/1f6ce60ffd686317db2335a3251d6250,True,4時間前,2026-09-30 05:13:50,岐阜県
一般事務職／年休120日以上／完全週休2日新着,株式会社NOZAKU,岐阜県,月給20万円～33万円,正社員,事務,求人ボックス,https://xn--pckua2a7gp15o89zb.com/jb/843be33da2ca458f2d9f6a1c91d3b259,True,9時間前,2026-09-30 05:13:50,岐阜県
一般事務スタッフ新着,株式会社TONNEX HOLDINGS,岐阜県,"時給2,000円",契約社員,事務,求人ボックス,https://xn--pckua2a7gp15o89zb.com/jb/3adbd60835479c539fba0c2cb9eb9358,True,9時間前,2026-09-30 05:13:50,岐阜県
一般事務新着,株式会社リクルートスタッフィング,岐阜県,"時給1,400円～",派遣社員,事務,求人ボックス,https://xn--pckua2a7gp15o89zb.com/jb/668b7237b43a9e349ab231728b843b93,True,20時間前,2026-09-30 05:13:50,岐阜県
「研修充実で安心デビュー」オフィス一般ワーク／完全週休二日／未経験採用枠新着,株式会社小林,岐阜県,月給30万700円,正社員,事務,求人ボックス,https://xn--pckua2a7gp15o89zb.com/jbn/c19e0d928d2eb6c3328b9d5dd7028edc,True,10時間前,2026-09-30 05:13:50,岐阜県
「サポート体制が充実の職場」オフィスワークアシスタント／休暇充実／イベント多数新着,事務,岐阜県,"月給29万1,700円",正社員,事務,求人ボックス,https://xn--pckua2a7gp15o89zb.com/jbn/3e513443e40ff21572b257e1067689f2,True,10時間前,2026-09-30 05:13:53,岐阜県
「自分の時間も仕事も大切にできる」／アプリ開発エンジニア／残業少なめ／福利厚生充実／長期安定新着,株式会社Tetote,岐阜県,月給27万円～34万円,正社員,事務,求人ボックス,https://xn--pckua2a7gp15o89zb.com/jbn/29d9414f26e5f470ea4022c1c3a7eac7,True,17時間前,2026-09-30 05:13:53,岐阜県
オフィス受付事務／来客案内・会議室管理／未経験歓迎／土日祝休み新着,株式会社D'sSynergy,岐阜県,月給26万円～45万円,正社員,事務,求人ボックス,https://xn--pckua2a7gp15o89zb.com/jbn/128673df18525cb9f23e4527b3d1e1be,True,21時間前,2026-09-30 05:13:53,岐阜県
「はじめてのオフィスワーク歓迎」／採用事務／研修あり／土日祝休み／長期歓迎新着,一般事務,岐阜県,"月給26万5,300円",正社員,事務,求人ボックス,https://xn--pckua2a7gp15o89zb.com/jbn/459e62b99095a8b815bb235832ac8b8b,True,11時間前,2026-09-30 05:13:53,岐阜県
超小型チップの製造・軽作業スタッフ新着,株式会社Repair x Clean,岐阜県,月給27万円～35万円,正社員,事務,求人ボックス,https://xn--pckua2a7gp15o89zb.com/jb/9530cec9d1cdf479c4844db4cb3331fd,True,9時間前,2026-09-30 05:13:56,岐阜県
「残り枠わずか!」未経験からできるデータ入力／年間休日120日以上新着,一般事務,岐阜県,月給27万円～40万円,正社員,事務,求人ボックス,https://xn--pckua2a7gp15o89zb.com/jbn/bdbbd15eedfe942241ebb5e7f6739eff,True,11時間前,2026-09-30 05:13:56,岐阜県
「迷う前にまず一歩!」未経験採用枠／ITカスタマーサポート／賞与年2回新着,株式会社alBee,岐阜県,"月給29万5,000円",正社員,事務,求人ボックス,https://xn--pckua2a7gp15o89zb.com/jbn/95ef208e4db06c9591ccc11189cb2577,True,11時間前,2026-09-30 05:13:56,岐阜県
「残り枠わずか!」未経験からできるデータ入力／昇給賞与年2回・研修制度充実新着,一般事務,岐阜県,月給27万円～40万円,正社員,事務,求人ボックス,https://xn--pckua2a7gp15o89zb.com/jbn/1d1a9d25afb04c4a1780d08d8cb0be40,True,10時間前,2026-09-30 05:13:56,岐阜県
簡単な作業ができればOK!／製造アシスタント／資格取得支援あり／未経験活躍新着,一般事務,岐阜県,月給28万円～40万円,正社員,事務,求人ボックス,https://xn--pckua2a7gp15o89zb.com/jbn/d4223914d8c9fc1fc34a1a3a296f00c3,True,11時間前,2026-09-30 05:13:56,岐阜県
モノづくりの知識一切不問!／パーツのチェック・仕分け担当／手に職つける／未経験活躍新着,携帯ショップ店員、飲食店スタッフ、建設、販売、,岐阜県,月給28万円～40万円,正社員,事務,求人ボックス,https://xn--pckua2a7gp15o89zb.com/jbn/75c5337b45186ae771c0ec4e45a43bb5,True,11時間前,2026-09-30 05:13:56,岐阜県
サーバーエンジニア・正社員採用・サーバー機器の構築・OJTあり・人柄重視の採用新着,Yts株式会社,岐阜県,月給25万円～45万円,正社員,事務,求人ボックス,https://xn--pckua2a7gp15o89zb.com/jbn/bfdeb4fd72b668ad0d03ba9bcf47d81a,True,12時間前,2026-09-30 05:13:56,岐阜県
入寮／ワイヤレススピーカーの組立補助・検査・梱包スタッフ新着,株式会社TrustSupport,岐阜県,月給28万円～35万円,正社員,事務,求人ボックス,https://xn--pckua2a7gp15o89zb.com/jb/17dbec007948274d5f7dd4d7958a3fa2,True,9時間前,2026-09-30 05:13:56,岐阜県
「有名企業の第一印象をつくる!」／受付事務／未経験95%／未経験歓迎／年間休日125日以上新着,事務,岐阜県,"月給26万7,700円",正社員,事務,求人ボックス,https://xn--pckua2a7gp15o89zb.com/jbn/a8b38b16925b2443753a2ab6f6b8241c,True,13時間前,2026-09-30 05:13:59,岐阜県
「見つけた今がチャンス」／営業事務／髪型自由度高め／駅チカあり／入社後研修あり新着,事務,岐阜県,月給27万800円,正社員,事務,求人ボックス,https://xn--pckua2a7gp15o89zb.com/jbn/290358b6358a0f3618deddd6ed849b0a,True,10時間前,2026-09-30 05:13:59,岐阜県
「事務職へキャリアチェンジ」／ヘルプデスク事務／服装自由度高め／シンプル業務あり新着,事務,岐阜県,"月給27万3,600円",正社員,事務,求人ボックス,https://xn--pckua2a7gp15o89zb.com/jbn/b5971859b709a3bbbaa9046815711708,True,11時間前,2026-09-30 05:13:59,岐阜県
「人気枠につき早めの応募歓迎」／データ入力事務／残業ほぼなし／残業少なめ／服装自由度高め新着,事務,岐阜県,月給27万900円,正社員,事務,求人ボックス,https://xn--pckua2a7gp15o89zb.com/jbn/86cbd4acedefbce4ce6cf52f9a9e4015,True,10時間前,2026-09-30 05:13:59,岐阜県
「見つけた今がチャンス」／庶務事務／完全週休2日制／駅チカあり／有給取得率90%以上新着,事務,岐阜県,"月給27万3,800円",正社員,事務,求人ボックス,https://xn--pckua2a7gp15o89zb.com/jbn/32409196032a334f8ec56ef493077755,True,11時間前,2026-09-30 05:14:03,岐阜県
「コツコツ派に人気の内勤ワーク」／データ入力事務／完全週休2日制／土日祝休み／残業少なめ新着,事務,岐阜県,"月給25万8,300円",正社員,事務,求人ボックス,https://xn--pckua2a7gp15o89zb.com/jbn/a07e44d0286e00ef8085c458431b6b3d,True,11時間前,2026-09-30 05:14:03,岐阜県
「丁寧な研修で始める事務」／PCタイピング事務／髪型自由度高め／土日祝休み／服装自由度高め新着,事務,岐阜県,"月給27万3,300円",正社員,事務,求人ボックス,https://xn--pckua2a7gp15o89zb.com/jbn/6b7909e35094dfe9ef76f9aafed46ced,True,11時間前,2026-09-30 05:14:03,岐阜県
「入力メインで覚えやすい!」／人事アシスタント／未経験95%／未経験歓迎／年間休日125日以上新着,事務,岐阜県,"月給25万2,400円",正社員,事務,求人ボックス,https://xn--pckua2a7gp15o89zb.com/jbn/68ef40776cc01fd17afb712269d0220d,True,13時間前,2026-09-30 05:14:03,岐阜県
「有名企業で安心の人事サポート業務」／人事アシスタント／未経験95%／未経験歓迎新着,事務,岐阜県,"月給25万5,200円",正社員,事務,求人ボックス,https://xn--pckua2a7gp15o89zb.com/jbn/15534a6d15dd9e1d8735c180b3a76059,True,12時間前,2026-09-30 05:14:03,岐阜県
「20代からクリエイティブに働ける!」／ゲームクリエイター／未経験歓迎／サポート体制充実新着,このお仕事の特徴,岐阜県,月給27万円～34万円,正社員,事務,求人ボックス,https://xn--pckua2a7gp15o89zb.com/jbn/c5ebfa9d9570b14400dc0f409c094351,True,17時間前,2026-09-30 05:14:06,岐阜県
「限定枠募集!有名企業の受付事務」／受付事務／未経験95%／未経験歓迎／年間休日125日以上新着,事務,岐阜県,"月給26万1,700円",正社員,事務,求人ボックス,https://xn--pckua2a7gp15o89zb.com/jbn/3bb11f0406a12055dc5cb36a7de901a8,True,13時間前,2026-09-30 05:14:06,岐阜県
ゲームPR作成サポート／告知文作成／育休実績あり新着,...コツコツ進める作業が嫌いではない文章整理力を身につけながら、長く続けられるキャリアを築けます。 【過去入社された方の例/】23歳/前職:飲食店スタッフ25歳/前職:販売スタッフ27歳/前職:,岐阜県,"月給29万7,300円",正社員,事務,求人ボックス,https://xn--pckua2a7gp15o89zb.com/jbn/42911184977cbb717f4aaf4ceb7f54bf,True,9時間前,2026-09-30 05:14:06,岐阜県
「大手企業の総務部でゆったり事務」／総務事務／未経験95%／未経験歓迎／年間休日125日以上新着,事務,岐阜県,"月給26万9,100円",正社員,事務,求人ボックス,https://xn--pckua2a7gp15o89zb.com/jbn/b22a685e991fe4e3bf3b55296589caef,True,13時間前,2026-09-30 05:14:06,岐阜県
「有名企業でコツコツ入力作業!」／データ入力スタッフ／未経験95%／未経験歓迎／年間休日125日以上新着,事務,岐阜県,月給25万100円,正社員,事務,求人ボックス,https://xn--pckua2a7gp15o89zb.com/jbn/9682acec351742449a5ef5fd4d5c193d,True,13時間前,2026-09-30 05:14:06,岐阜県
「PC入力から事務デビュー」／人事アシスタント事務／第二新卒歓迎／残業少なめ／定着率重視新着,事務,岐阜県,"月給26万3,900円",正社員,事務,求人ボックス,https://xn--pckua2a7gp15o89zb.com/jbn/333626c2862dc15576531e52a06a75d9,True,11時間前,2026-09-30 05:14:06,岐阜県
「大手企業の社内運営をサポート!」／総務事務／未経験95%／未経験歓迎／年間休日125日以上新着,事務,岐阜県,"月給25万9,500円",正社員,事務,求人ボックス,https://xn--pckua2a7gp15o89zb.com/jbn/ff4a1664884eb5f6cbd4821a05b47b91,True,13時間前,2026-09-30 05:14:06,岐阜県
「大手企業でかんたんサポート事務」／事務アシスタント／未経験95%／未経験歓迎／年間休日125日以上新着,事務,岐阜県,"月給25万4,900円",正社員,事務,求人ボックス,https://xn--pckua2a7gp15o89zb.com/jbn/aaa5d5b4f98f42694c08c35fd2d636b4,True,13時間前,2026-09-30 05:14:06,岐阜県
「未経験スタート多数の職場」／庶務事務／服装自由度高め／シンプル業務あり／有給取得率90%以上新着,事務,岐阜県,"月給27万2,600円",正社員,事務,求人ボックス,https://xn--pckua2a7gp15o89zb.com/jbn/f013de0bce05283847f226789f9ba31b,True,10時間前,2026-09-30 05:14:10,岐阜県
「PC基礎から始めるオフィスワーク」／採用事務／研修あり／駅チカあり／人柄重視新着,事務,岐阜県,"月給28万1,800円",正社員,事務,求人ボックス,https://xn--pckua2a7gp15o89zb.com/jbn/dc6df8320ac07f382e21c7beb130563a,True,11時間前,2026-09-30 05:14:10,岐阜県
「大手企業のオフィス業務を幅広くサポート!」／事務アシスタント／未経験95%／未経験歓迎新着,事務,岐阜県,"月給25万1,800円",正社員,事務,求人ボックス,https://xn--pckua2a7gp15o89zb.com/jbn/3d9e9c3a0dd400e7da331557b0585cc2,True,13時間前,2026-09-30 05:14:10,岐阜県
「人気枠につき早めの応募歓迎」／営業事務／人柄重視／残業少なめ／チャット連絡中心新着,事務,岐阜県,"月給25万9,900円",正社員,事務,求人ボックス,https://xn--pckua2a7gp15o89zb.com/jbn/02b3c6c9330526680657db7117aa0148,True,11時間前,2026-09-30 05:14:10,岐阜県
「人気枠につき早めの応募歓迎」／PCタイピング事務／未経験95%／賞与あり／PC基礎からOK新着,事務,岐阜県,"月給27万5,000円",正社員,事務,求人ボックス,https://xn--pckua2a7gp15o89zb.com/jbn/777c1f1395cfb39321d6f3a82fe7bbf6,True,11時間前,2026-09-30 05:14:10,岐阜県
「人柄重視の事務募集」／庶務事務／転勤なし／入社後研修あり／チャット連絡中心新着,事務,岐阜県,"月給25万5,500円",正社員,事務,求人ボックス,https://xn--pckua2a7gp15o89zb.com/jbn/48fb3f1ba5e536974ae734ec2c2ccc41,True,11時間前,2026-09-30 05:14:10,岐阜県
看護アシスタント／残業ほぼなし定着率 病院での看護師さんのお手伝い新着,株式会社ルフト・メディカルケア,岐阜県,"時給1,300円",派遣社員,看護,求人ボックス,https://xn--pckua2a7gp15o89zb.com/jb/e8c26df69dd2d58f963f1c68a8accafd,True,22時間前,2026-09-30 05:13:45,岐阜県
看護師 訪問看護ステーション勤務 経験不問 土日休み 社用車あり新着,エムクリエイト合同会社,岐阜県,"時給1,500円～1,700円",アルバイト・パート,看護,求人ボックス,https://xn--pckua2a7gp15o89zb.com/jb/04611396548aa1ec2021dad171ef5f11,True,5時間前,2026-09-30 05:13:45,岐阜県
正看護師・准看護師／介護・福祉 2交代新着,社会福祉法人豊寿会,岐阜県,"月給24万1,000円",正社員,看護,求人ボックス,https://xn--pckua2a7gp15o89zb.com/jb/3a48ef5e8e50c0714e50e50b42e7d055,True,9時間前,2026-09-30 05:13:45,岐阜県
看護師／特別養護老人ホーム新着,社会福祉法人井ノ口会 特別養護老人ホーム あんず...,岐阜県,"時給1,200円～1,350円",アルバイト・パート,看護,求人ボックス,https://xn--pckua2a7gp15o89zb.com/jb/3772caf6e51a6ebb03d83d3e72f9ff7d,True,7時間前,2026-09-30 05:13:45,岐阜県
准看護師／特別養護老人ホーム新着,社会福祉法人井ノ口会 特別養護老人ホーム フレン...,岐阜県,"時給1,200円～1,350円",アルバイト・パート,看護,求人ボックス,https://xn--pckua2a7gp15o89zb.com/jb/233d44e18b51cb64b06e457acfbc5d1f,True,6時間前,2026-09-30 05:13:46,岐阜県
准看護師／特別養護老人ホーム新着,社会福祉法人井ノ口会 特別養護老人ホーム すいと...,岐阜県,"時給1,200円～1,350円",アルバイト・パート,看護,求人ボックス,https://xn--pckua2a7gp15o89zb.com/jb/fc31fbc7adc29a4325cd193913d6b950,True,7時間前,2026-09-30 05:13:46,岐阜県
看護師／特別養護老人ホーム新着,社会福祉法人井ノ口会 特別養護老人ホーム さくら苑,岐阜県,"時給1,200円～1,350円",アルバイト・パート,看護,求人ボックス,https://xn--pckua2a7gp15o89zb.com/jb/b4e17e57be93e2b9025dc281a2403448,True,8時間前,2026-09-30 05:13:46,岐阜県
准看護師／特別養護老人ホーム新着,社会福祉法人井ノ口会 特別養護老人ホーム 瑞光苑,岐阜県,"時給1,200円～1,350円",アルバイト・パート,看護,求人ボックス,https://xn--pckua2a7gp15o89zb.com/jb/73948ae8699a36a491eb417483da9ff3,True,7時間前,2026-09-30 05:13:46,岐阜県
正看護師／訪問看護 日勤のみ新着,看護,岐阜県,月給31万円～,正社員,看護,求人ボックス,https://xn--pckua2a7gp15o89zb.com/jb/78a3a6a95fdfe6daac326d3bd96ba423,True,8時間前,2026-09-30 05:13:46,岐阜県
サービス付き高齢者向け住宅でパートの看護師／パートの看護師新着,株式会社ナイスマン,岐阜県,"時給1,500円～",アルバイト・パート,看護,求人ボックス,https://xn--pckua2a7gp15o89zb.com/jb/ad3c7ca79ab22c02ba8f3fff48548cac,True,10時間前,2026-09-30 05:13:46,岐阜県
准看護師／日勤のみ新着,株式会社LITALICO,岐阜県,"月給25万3,000円",正社員,看護,求人ボックス,https://xn--pckua2a7gp15o89zb.com/jb/3ef5cd3ef7ab575b4d1607d51a9cb320,True,8時間前,2026-09-30 05:13:46,岐阜県
看護職員 整形外科・内科・リハビリ科新着,医療法人社団瑞鳳会,岐阜県,"月給29万5,000円",正社員,看護,求人ボックス,https://xn--pckua2a7gp15o89zb.com/jb/9815982dd848084a85c27f6feb6858cb,True,4時間前,2026-09-30 05:13:46,岐阜県
介護の相談するなら株式会社アクアコーポレーション!／まずは相談での応募可新着,株式会社アクアコーポレーション,岐阜県,月給20万円～29万,正社員,看護,求人ボックス,https://xn--pckua2a7gp15o89zb.com/jb/401885db94e3e9eee2a5440a083300be,True,6時間前,2026-09-30 05:13:52,岐阜県
無資格OK 病院での看護アシスタント／未経験OK新着,株式会社ウィルオブ・ワーク,岐阜県,"時給1,400円",派遣社員,看護,求人ボックス,https://xn--pckua2a7gp15o89zb.com/jb/c7239587c912823e4dd058c21b3a791d,True,19時間前,2026-09-30 05:13:52,岐阜県
障害者支援に携わりたい生活支援員新着,生活介護マヴィープラス3rd,岐阜県,"時給1,200円～1,500円",アルバイト・パート,看護,求人ボックス,https://xn--pckua2a7gp15o89zb.com/jb/f696b89d89e85d8af8198bb8450b8177,True,7時間前,2026-09-30 05:13:52,岐阜県
病院でお掃除／食事の配膳など 激募新着,株式会社コトリオ,岐阜県,"時給1,500円～2,125円",派遣社員,看護,求人ボックス,https://xn--pckua2a7gp15o89zb.com/jb/a77077886d7ea0005e46e91bea8cb101,True,15時間前,2026-09-30 05:13:52,岐阜県
生活相談員・介護福祉士歓迎新着,ゴールドエイジ羽島,岐阜県,"月給23万2,080円",正社員,看護,求人ボックス,https://xn--pckua2a7gp15o89zb.com/jb/3b7146eb79d7e4809ae4a5f19e12204f,True,7時間前,2026-09-30 05:13:54,岐阜県
介護スタッフ・未経験・無資格／車通勤OK／シフト制／研修あり／大量募集／安定企業新着,ホームケア土屋 岐阜,岐阜県,"時給1,700円～1,850円",アルバイト・パート,看護,求人ボックス,https://xn--pckua2a7gp15o89zb.com/jbn/93dc5bc7e2b2f55ede58f715a02cc1fb,True,3時間前,2026-09-30 05:13:54,岐阜県
看護師×正職員／岩砂訪問看護ステーションで看護のやりがいを感じましょう新着,医療法人社団友愛会,岐阜県,"月給24万2,500円",正社員,看護,求人ボックス,https://xn--pckua2a7gp15o89zb.com/jb/5d9a300d750c133f9f4627495fecf00c,True,23時間前,2026-09-30 05:13:54,岐阜県
薬剤師／病院新着,土日祝休,岐阜県,年収400万円～550万円,正社員,看護,求人ボックス,https://xn--pckua2a7gp15o89zb.com/jb/e705aac412122267b5a4b64c352e73cf,True,23時間前,2026-09-30 05:13:57,岐阜県
薬剤師／調剤薬局新着,なの花薬局 岐阜東島店,岐阜県,年収450万円～620万円,正社員,看護,求人ボックス,https://xn--pckua2a7gp15o89zb.com/jb/987665f91d4d87f57fb30d8d9f629eea,True,23時間前,2026-09-30 05:13:57,岐阜県
薬剤師／調剤薬局新着,平成調剤薬局 長良店,岐阜県,年収430万円～650万円,正社員,看護,求人ボックス,https://xn--pckua2a7gp15o89zb.com/jb/b728b3108de8c9b45b364dc0825ce6c1,True,23時間前,2026-09-30 05:13:57,岐阜県
薬剤師／調剤薬局新着,平成調剤薬局 笠松店,岐阜県,年収430万円～650万円,正社員,看護,求人ボックス,https://xn--pckua2a7gp15o89zb.com/jb/cf83e99c300525ad329f88e936f856fc,True,23時間前,2026-09-30 05:13:57,岐阜県
薬剤師／調剤薬局新着,女性活躍,岐阜県,年収500万円～650万円,正社員,看護,求人ボックス,https://xn--pckua2a7gp15o89zb.com/jb/1a300125c416fb4e062d24fa27576187,True,23時間前,2026-09-30 05:13:57,岐阜県
警備員／株式会社安全警備新着,株式会社第二章,岐阜県,"時給1,250円～",アルバイト・パート,警備,求人ボックス,https://xn--pckua2a7gp15o89zb.com/jb/140ffc0171f3b30059f37165ff9c32a8,True,2時間前,2026-09-30 05:14:13,岐阜県
「愛知県勤務」交通誘導／待遇に自信あり／引っ越しサポートあり・日払い週払い可新着,セキュリティスタッフ株式会社,岐阜県,"日給9,500円",正社員,警備,求人ボックス,https://xn--pckua2a7gp15o89zb.com/jb/5de4f3a66ab03e0ada55faa9cb46dbbb,True,4時間前,2026-09-30 05:14:13,岐阜県
車道警備 未経験可 サポート体制充実新着,株式会社レシーザ,岐阜県,"日給1万1,000円",アルバイト・パート,警備,求人ボックス,https://xn--pckua2a7gp15o89zb.com/jb/36ff5976082f74dd40644b5089ca07cb,True,4時間前,2026-09-30 05:14:13,岐阜県
自動車部品の検査 未経験可 二交代制新着,株式会社ヨコタエンタープライズ,岐阜県,"月給21万3,000円",正社員,警備,求人ボックス,https://xn--pckua2a7gp15o89zb.com/jb/577109010d058109d7db7d7215a97dd0,True,4時間前,2026-09-30 05:14:13,岐阜県
警備・交通誘導新着,日本エコシステム株式会社,岐阜県,"日給1万1,000円",アルバイト・パート,警備,求人ボックス,https://xn--pckua2a7gp15o89zb.com/jb/51fe358e1035cf3d48f0531b5543c7b9,True,8時間前,2026-09-30 05:14:13,岐阜県
ガソリンスタンド宇佐美のアルバイト!週2・3日からOK!未経験OK新着,株式会社ユーオーエス,岐阜県,"時給1,150円～1,300円",アルバイト・パート,警備,求人ボックス,https://xn--pckua2a7gp15o89zb.com/jb/cb7005d1f895e77f6708053d6489a35d,True,13時間前,2026-09-30 05:14:13,岐阜県
大型トラックドライバー／廃棄物収集運搬／中部地区と近畿地区を中心に新着,株式会社セイノーマテリアル,岐阜県,年収380万円～540万円,正社員,ドライバー,求人ボックス,https://xn--pckua2a7gp15o89zb.com/jbn/2df921ec145c697b3d0872830769f05f,True,9時間前,2026-09-30 05:14:13,岐阜県
中型・準中型トラックドライバー／手積み手降ろし一切なし／力仕事ナシ!新着,ギフレミ運輸株式会社,岐阜県,月給30万円～,正社員,ドライバー,求人ボックス,https://xn--pckua2a7gp15o89zb.com/jbn/092b8a8ec997a584ffaae8301b43623b,True,9時間前,2026-09-30 05:14:13,岐阜県
中型・準中型トラックドライバー／年間休日115日／未経験も安心新着,NX備通株式会社,岐阜県,月給18万円～40万円,正社員,ドライバー,求人ボックス,https://xn--pckua2a7gp15o89zb.com/jbn/0adeaca4f4a34a4d11a29068c2e69bc1,True,9時間前,2026-09-30 05:14:13,岐阜県
大型トラックドライバー／元請け多数で仕事量安定／未経験も安心!新着,両備ホールディングス株式会社,岐阜県,"月給38万9,000円",正社員,ドライバー,求人ボックス,https://xn--pckua2a7gp15o89zb.com/jbn/fa771200d961c488600079146b47ef8f,True,9時間前,2026-09-30 05:14:13,岐阜県
大型ドライバー／経験者歓迎／シニア活躍／月40万／荷物ナシで負担少なめ新着,ふそう陸送株式会社 岐阜サービスセンター,岐阜県,月給35万円～41万円,派遣社員,ドライバー,求人ボックス,https://xn--pckua2a7gp15o89zb.com/jb/fa0087abacee0513e0782747cfbb6a82,True,14時間前,2026-09-30 05:14:13,岐阜県
中型ドライバー／日勤／週休2日制／家賃3割負担／固定ルートの2回戦新着,東濃運輸株式会社,岐阜県,月給32万円～37万円,正社員,ドライバー,求人ボックス,https://xn--pckua2a7gp15o89zb.com/jb/19f32e79e7583b5e4bc1b03d5746e1a5,True,14時間前,2026-09-30 05:14:13,岐阜県
大型ドライバー／ラクして稼ぐ月40万／荷物ナシ／運転だけ／地場／日勤新着,ふそう陸送株式会社 中濃サービスセンター,岐阜県,月給32万円～36万円,正社員,ドライバー,求人ボックス,https://xn--pckua2a7gp15o89zb.com/jb/1ad8575d98618365d993cc4a75061027,True,14時間前,2026-09-30 05:14:13,岐阜県
大型ドライバー／手荷役ナシ／賞与最大100万／年500万／完全週休2日新着,日本リファイン株式会社 輪之内工場,岐阜県,年収400万円～500万円,正社員,ドライバー,求人ボックス,https://xn--pckua2a7gp15o89zb.com/jb/8d06046ab9e9aaa799c706a43e36d6e8,True,14時間前,2026-09-30 05:14:13,岐阜県
未経験歓迎 10t・トレーラードライバー 長距離なし・転勤なし新着,双運物流株式会社,岐阜県,月給25万円～35万円,正社員,ドライバー,求人ボックス,https://xn--pckua2a7gp15o89zb.com/jb/199327ee764084fe3710e4fd51a93d5b,True,23時間前,2026-09-30 05:14:13,岐阜県
軽四ドライバー 宅配ドライバー新着,佐川急便株式会社,岐阜県,"時給1,100円～1,184円",アルバイト・パート,ドライバー,求人ボックス,https://xn--pckua2a7gp15o89zb.com/jb/33f1fc1dfdcd990ec85e1ad39d44e4c5,True,19時間前,2026-09-30 05:14:13,岐阜県
中型・準中型トラックドライバー／中型一種新着,日本通運株式会社,岐阜県,"月給22万9,900円",正社員,ドライバー,求人ボックス,https://xn--pckua2a7gp15o89zb.com/jb/27ff6ba44960c9692353dff115a0eeb6,True,21時間前,2026-09-30 05:14:13,岐阜県
換気送風機の組立新着,株式会社東美濃ネットワーク,岐阜県,"時給1,400円",派遣社員,ドライバー,求人ボックス,https://xn--pckua2a7gp15o89zb.com/jb/30da949ac1fdee4332001ed9f5522736,True,19時間前,2026-09-30 05:14:17,岐阜県
「寮費完全無料!?」／ゲーミングチェア部品の製造／未経験歓迎／モクモク作業／長期安定新着,株式会社SNJAPAN,岐阜県,月給35万円～50万円,正社員,ドライバー,求人ボックス,https://xn--pckua2a7gp15o89zb.com/jbn/6978407b4ec161cfeaa27c8f1ade991d,True,15時間前,2026-09-30 05:14:17,岐阜県
月給33万円～／積み降ろしなし／ほぼ残業なし&早上がり有／東海3県のみ新着,ヤナテック株式会社,岐阜県,月給33万円～,正社員,ドライバー,求人ボックス,https://xn--pckua2a7gp15o89zb.com/jb/6bc2b233022394162afc08627ba96d70,True,10時間前,2026-09-30 05:14:17,岐阜県
「月給30万円を目指せる!」／モバイルバッテリーの検査／未経験歓迎／モクモク作業／長期安定新着,株式会社Tetote,岐阜県,月給30万円,正社員,ドライバー,求人ボックス,https://xn--pckua2a7gp15o89zb.com/jbn/a7823c513e4bac70648074d8fbea5ca7,True,15時間前,2026-09-30 05:14:17,岐阜県
秋のイベントの交通誘導スタッフ／4日間限定!未経験OK!時給1200円～!簡単警備新着,株式会社名岐サービス,岐阜県,時給1200円～,アルバイト・パート,ドライバー,求人ボックス,https://xn--pckua2a7gp15o89zb.com/jbn/2956c0e12c7f994f0ebe408463a7921f,True,3時間前,2026-09-30 05:14:20,岐阜県
モノづくりの知識一切不問!／部品のチェック・仕分け担当／キャリア形成可能／未経験活躍新着,株式会社GUM,岐阜県,月給27万円～50万円,正社員,ドライバー,求人ボックス,https://xn--pckua2a7gp15o89zb.com/jbn/2ac015ed95156953d4b439c18d29d7ef,True,11時間前,2026-09-30 05:14:20,岐阜県
自動車のカギのケース組立 一部座り作業あり／20代から40代活躍中／未経験歓迎!／高時給新着,株式会社誰でもファクトリー,岐阜県,"時給1,450円～",アルバイト・パート,ドライバー,求人ボックス,https://xn--pckua2a7gp15o89zb.com/jb/8b18522fcbb77852f2336bdb872fc1d1,True,13時間前,2026-09-30 05:14:24,岐阜県
「手順通りに進める製造ワーク」／ワイヤレスイヤホン部品の製造／寮完備／高収入／20~30代活躍中新着,株式会社Braight JAPAN,岐阜県,月給32万円～37万円,正社員,ドライバー,求人ボックス,https://xn--pckua2a7gp15o89zb.com/jbn/5006fd1df7f5f83fb055a1a022109b45,True,6時間前,2026-09-30 05:14:24,岐阜県
製造スタッフ／未経験OK／月収30万円以上／無料寮あり／モクモク作業／製造新着,...無駄な出費なし!その分は貯金へ!働いた分がそのまま残る!安定業界だから継続して稼げます! 仕事内容家庭用ゲーム機の組立作業を担当～作業の流れ(例)～ 部品を作業台にセット 電動,岐阜県,月給30万円～34万円,正社員,ドライバー,求人ボックス,https://xn--pckua2a7gp15o89zb.com/jbn/4a1bdfbdf342c5575fb28a828edd9842,True,3時間前,2026-09-30 05:14:24,岐阜県
「未経験から始める組立ワーク」LED照明の組立・検査／未経験歓迎／寮完備／交代勤あり／研修あり新着,株式会社TOBLO,岐阜県,月給29万円～41万,正社員,ドライバー,求人ボックス,https://xn--pckua2a7gp15o89zb.com/jbn/ff02f8de80012d5b1b52257ac061791f,True,2時間前,2026-09-30 05:14:24,岐阜県
「未経験から始める組立ワーク」LED照明の組立・検査／未経験歓迎／寮完備／交代勤あり／研修あり新着,株式会社緑,岐阜県,"月給31万5,000円",正社員,ドライバー,求人ボックス,https://xn--pckua2a7gp15o89zb.com/jbn/6d8dbc426af636f7723a840a20342050,True,2時間前,2026-09-30 05:14:28,岐阜県
ガムのパッケージの製造工場／寮・社宅利用可新着,...作業は分かりやすい工程が中心なので、初めての方でも安心して取り組めます。最初は簡単な作業からスタートできるため、無理なく仕事に慣れていけます。ものづくりに興味がある方にもおすすめです。 【対象と,岐阜県,"月給27万5,000円",正社員,ドライバー,求人ボックス,https://xn--pckua2a7gp15o89zb.com/jbn/29d5a03c6d61cc0c4a76be4446897da9,True,2時間前,2026-09-30 05:14:28,岐阜県
「未経験から始める組立ワーク」LED照明の組立・検査／未経験歓迎／寮完備／交代勤あり／研修あり新着,株式会社覇王樹,岐阜県,月給32万円～39万,正社員,ドライバー,求人ボックス,https://xn--pckua2a7gp15o89zb.com/jbn/8baed0aae90f9444e52fab1ffa431fae,True,2時間前,2026-09-30 05:14:28,岐阜県
自分のペースで始めよう／ゲーミングPCの組み立て・初期設定サポート／未経験歓迎／月収30万円以上新着,...「自作PCを作ってみたい」「ゲームやeスポーツが大好き」そんな方に最高の環境です! お仕事内容・LEDファンやグラフィックボードなどのパーツをPCケースに取り付ける・配線を綺麗にまとめて、電動,岐阜県,"月給30万5,000円",正社員,ドライバー,求人ボックス,https://xn--pckua2a7gp15o89zb.com/jbn/312e6eacc8d4a1ba483997ae22378db3,True,13時間前,2026-09-30 05:14:31,岐阜県
組立・加工／未経験スタートOK／週休2日制／年間休日121日／昇給随時／交通費支給あり新着,株式会社Lazy Bacchus,岐阜県,月給21万円,正社員,ドライバー,求人ボックス,https://xn--pckua2a7gp15o89zb.com/jb/1f4417bb153bbc151a9e42539a1aba57,True,22時間前,2026-09-30 05:14:37,岐阜県
週休2日／シフト制 免許さえあればOK経験、初期費用、自家用車、一切不要 ️未経験大歓迎新着,株式会社K ONE,岐阜県,月給50万円～70万円,正社員,ドライバー,求人ボックス,https://xn--pckua2a7gp15o89zb.com/jb/2567b038b9c18c2bcee0e5cd89dc642c,True,9時間前,2026-09-30 05:14:37,岐阜県
重い荷物の配送はほぼありません ️力に自信がなくても大丈夫 ️週休2日 ガソリンカード支給新着,株式会社KFBOND,岐阜県,月給50万円～70万円,正社員,ドライバー,求人ボックス,https://xn--pckua2a7gp15o89zb.com/jb/7aceaad9c8507de19b968ed0746ae72d,True,9時間前,2026-09-30 05:14:37,岐阜県
月収42万円以上可 1R寮完備・寮費無料 バッテリー製造スタッフでがっつり稼ぐ新着,株式会社JIN,岐阜県,"時給1,600円～1,950円",アルバイト・パート,ドライバー,求人ボックス,https://xn--pckua2a7gp15o89zb.com/jb/4cc821797faf7afe08c9bc454a100a74,True,10時間前,2026-09-30 05:14:37,岐阜県
特別な資格・手先の手器用さ一切不問!／製造スタッフ／年間休日125日以上／未経験活躍新着,株式会社ライトキャリア,岐阜県,月給30万円～60万円,正社員,ドライバー,求人ボックス,https://xn--pckua2a7gp15o89zb.com/jb/7f801a5574743bab87127c2fa8a99293,True,20時間前,2026-09-30 05:14:37,岐阜県
「好きを仕事に!」未経験採用枠／ゲームテスター／高収入／研修充実新着,株式会社Light BROTHERS,岐阜県,月給31万円～60万円,正社員,ドライバー,求人ボックス,https://xn--pckua2a7gp15o89zb.com/jb/561135343cda574456bc9416c488bece,True,20時間前,2026-09-30 05:14:41,岐阜県
個配・宅配・ルート・配送／軽・普通車／普通免許／準中型免許新着,ランスタッド株式会社,岐阜県,"時給1,400円～",派遣社員,ドライバー,求人ボックス,https://xn--pckua2a7gp15o89zb.com/jb/4b4205560ad502d3547147ba84b8c5b6,True,23時間前,2026-09-30 05:14:41,岐阜県
「まだ間に合う!」未経験採用枠／カプセルトイ製造スタッフ／年間休日125日以上新着,NKY株式会社,岐阜県,月給28万円～50万円,正社員,ドライバー,求人ボックス,https://xn--pckua2a7gp15o89zb.com/jb/d806c512202948c3cb404c1771091d12,True,20時間前,2026-09-30 05:14:41,岐阜県
安定の月収例36.6万円!織機の組立・金属加工・エレカ運転など新着,フジアルテ株式会社,岐阜県,月給30万円～,正社員,ドライバー,求人ボックス,https://xn--pckua2a7gp15o89zb.com/jb/922d3341bf8a2f9fb867c1709afb06bd,True,3時間前,2026-09-30 05:14:41,岐阜県
細かい部品を組み上げる!／パチンコ台盤面の製造スタッフ／ブランクOK新着,製造,岐阜県,"月給38万1,000円",正社員,製造,求人ボックス,https://xn--pckua2a7gp15o89zb.com/jbn/aed23bf6ce9ea8a8b822429b51e1bde3,True,11時間前,2026-09-30 05:14:14,岐阜県
「再スタート応援」アニメグッズの製造スタッフ／未経験活躍中新着,株式会社キソシン,岐阜県,"月給30万3,500円",正社員,製造,求人ボックス,https://xn--pckua2a7gp15o89zb.com/jbn/94261948a29c9604380bdd4f4874c241,True,14時間前,2026-09-30 05:14:14,岐阜県
シャンプー詰め替えパックの製造スタッフ新着,製造,岐阜県,月給25万円～32万円,正社員,製造,求人ボックス,https://xn--pckua2a7gp15o89zb.com/jbn/8ec35717dc824919fc8a6d1d99ad3a60,True,5時間前,2026-09-30 05:14:14,岐阜県
PC好きにおすすめ!／パソコンの製造スタッフ／年間休日137日新着,製造,岐阜県,"月給35万5,500円",正社員,製造,求人ボックス,https://xn--pckua2a7gp15o89zb.com/jbn/5686e01a90725901a29f4f6fe77b509d,True,11時間前,2026-09-30 05:14:14,岐阜県
シャンプー詰め替えパックの製造スタッフ／寮・社宅利用可新着,製造,岐阜県,月給25万円～32万円,正社員,製造,求人ボックス,https://xn--pckua2a7gp15o89zb.com/jbn/53829045a2ed77e1f9ec372e935fcccf,True,2時間前,2026-09-30 05:14:15,岐阜県
パン工場の製造補助スタッフ「人気商品の製造サポート」新着,Courage Path株式会社,岐阜県,月給27万円～35万円,正社員,製造,求人ボックス,https://xn--pckua2a7gp15o89zb.com/jbn/ccee530f4a568f98f24176aa012a860f,True,11時間前,2026-09-30 05:14:18,岐阜県
プリン製造スタッフ 人気スイーツの製造補助新着,製造,岐阜県,月給38万円～42万,正社員,製造,求人ボックス,https://xn--pckua2a7gp15o89zb.com/jbn/8e5bef8f4c2334888c597ff15d1ca0f7,True,7時間前,2026-09-30 05:14:21,岐阜県
製造スタッフ／未経験OK／週休2日／年間休日120日／昇給制度あり新着,株式会社Lazy Bacchus,岐阜県,月給24万円,正社員,製造,求人ボックス,https://xn--pckua2a7gp15o89zb.com/jb/00982a63c8fbfb4e285236cc29a2a334,True,22時間前,2026-09-30 05:14:21,岐阜県
「コツコツ倉庫ワーク!」ゴム製品の製造スタッフ／20代から30代活躍中...新着,株式会社日本ケイテム,岐阜県,"時給1,200円～",アルバイト・パート,製造,求人ボックス,https://xn--pckua2a7gp15o89zb.com/jbn/16e3111efdc8a18d27de87ba2cb01053,True,21時間前,2026-09-30 05:14:24,岐阜県
製造スタッフ／未経験OK／月収30万円以上／無料寮あり／モクモク作業新着,株式会社tocca,岐阜県,月給30万円～34万円,正社員,製造,求人ボックス,https://xn--pckua2a7gp15o89zb.com/jbn/a52464e1f6cfbd4a50fa7614575af19a,True,2時間前,2026-09-30 05:14:24,岐阜県
製造スタッフ／寮費無料／高月給30万〜／モクモク作業／20代30代活躍...新着,スタッフ,岐阜県,月給30万,正社員,製造,求人ボックス,https://xn--pckua2a7gp15o89zb.com/jbn/a7dfd30241393e07c3462826e52ab47a,True,2時間前,2026-09-30 05:14:27,岐阜県
焼き菓子製造スタッフ「お菓子づくりを支える軽製造作業」新着,製造,岐阜県,"月給44万3,000円",正社員,製造,求人ボックス,https://xn--pckua2a7gp15o89zb.com/jbn/dfbb510820525a3208d4cd13a6cd29ea,True,7時間前,2026-09-30 05:14:27,岐阜県
同世代と働きやすい／保存容器パッキンの製造スタッフ／モノづくり新着,製造,岐阜県,"月給34万7,000円",正社員,製造,求人ボックス,https://xn--pckua2a7gp15o89zb.com/jbn/90d4ef04879be45d41e38e3880ed3510,True,15時間前,2026-09-30 05:14:31,岐阜県
正社員デビュー応援／ホテル用アメニティ容器の製造スタッフ／モノづくり新着,製造,岐阜県,"月給30万2,000円",正社員,製造,求人ボックス,https://xn--pckua2a7gp15o89zb.com/jbn/e18d9e4a632de094ff2cbdfa0e1f2f25,True,15時間前,2026-09-30 05:14:35,岐阜県
「百貨店向け食品製造スタッフ」ギフト商品の製造サポート新着,製造,岐阜県,"月給39万3,000円",正社員,製造,求人ボックス,https://xn--pckua2a7gp15o89zb.com/jbn/f761e0a4c8affe759a170db3720a7260,True,7時間前,2026-09-30 05:14:35,岐阜県
サンドイッチ製造スタッフ「食品製造を支える軽作業」新着,製造,岐阜県,"月給30万8,000円",正社員,製造,求人ボックス,https://xn--pckua2a7gp15o89zb.com/jbn/d7c76ef702ed963c1dcd85664e81734d,True,7時間前,2026-09-30 05:14:35,岐阜県
未経験から安定スタート／電気ケトルスイッチの製造スタッフ／モノづくり新着,製造,岐阜県,"月給32万9,000円",正社員,製造,求人ボックス,https://xn--pckua2a7gp15o89zb.com/jbn/5669a515fb6084da0e4b770e7673422e,True,15時間前,2026-09-30 05:14:39,岐阜県
若手中心の明るい職場／水筒フタの製造スタッフ／モノづくり／未経験歓迎新着,製造,岐阜県,"月給32万9,000円",正社員,製造,求人ボックス,https://xn--pckua2a7gp15o89zb.com/jbn/97f030dd7e8e44ec05992d2d19593445,True,15時間前,2026-09-30 05:14:39,岐阜県
未経験から新しい一歩／モニタースタンドの製造スタッフ／高収入新着,製造,岐阜県,"月給31万5,000円",正社員,製造,求人ボックス,https://xn--pckua2a7gp15o89zb.com/jbn/86183e6dd3c8b3b9ae54be20dc3c1450,True,14時間前,2026-09-30 05:14:44,岐阜県
同世代と働きやすい／ベビー食器パーツの製造スタッフ／モノづくり新着,製造,岐阜県,"月給34万5,000円",正社員,製造,求人ボックス,https://xn--pckua2a7gp15o89zb.com/jbn/d812e37611549758d165dd863f02b2b6,True,15時間前,2026-09-30 05:14:44,岐阜県
スピード選考相談OK／化粧品ポンプの製造スタッフ／モノづくり新着,製造,岐阜県,"月給30万4,000円",正社員,製造,求人ボックス,https://xn--pckua2a7gp15o89zb.com/jbn/17c5f89725bb358946890fac567070d6,True,15時間前,2026-09-30 05:14:44,岐阜県
"簡単な店舗内清掃スタッフ／3カ月毎の時給査定 時給1,100円～1,5...新着",株式会社喜久家,岐阜県,"時給1,100円～1,5",アルバイト・パート,清掃,求人ボックス,https://xn--pckua2a7gp15o89zb.com/jb/af99bec82b3cd9e53a32116a49f0a81e,True,3時間前,2026-09-30 05:14:30,岐阜県
清掃スタッフ／残業ほぼなし!未経験OK!無資格OK1日2時間×月10日...新着,株式会社ルフト・メディカルケア,岐阜県,"時給1,100円",派遣社員,清掃,求人ボックス,https://xn--pckua2a7gp15o89zb.com/jb/e3c5eea45749b4a049181fabf054ed0c,True,22時間前,2026-09-30 05:14:30,岐阜県
「丁寧さを活かせる!」清掃・書類配布スタッフ／20代から30代活躍中!新着,株式会社日本ケイテム,岐阜県,"時給1,200円～",アルバイト・パート,清掃,求人ボックス,https://xn--pckua2a7gp15o89zb.com/jbn/f68c30e5aad298f82442112f5ee92e26,True,22時間前,2026-09-30 05:14:30,岐阜県
病院清掃スタッフ／経験不問／学歴不問／未経験可／家事経験／中高年活躍新着,株式会社美装モリタ商会,岐阜県,"時給1,170円",アルバイト・パート,清掃,求人ボックス,https://xn--pckua2a7gp15o89zb.com/jb/9f484a4046d2023a8443e7c1a430c677,True,3時間前,2026-09-30 05:14:30,岐阜県
厨房清掃スタッフ新着,株式会社ベイシア,岐阜県,"時給1,400円",アルバイト・パート,清掃,求人ボックス,https://xn--pckua2a7gp15o89zb.com/jb/6cf511ea7dd6399e59f7dc29486ab6bc,True,19時間前,2026-09-30 05:14:30,岐阜県
清掃スタッフ／清掃新着,株式会社すてっぷ,岐阜県,"時給1,070円～",アルバイト・パート,清掃,求人ボックス,https://xn--pckua2a7gp15o89zb.com/jb/4db3442aee9fb8883f40cec00394129e,True,7時間前,2026-09-30 05:14:30,岐阜県
清掃スタッフ新着,株式会社東美濃ネットワーク,岐阜県,"時給1,240円",派遣社員,清掃,求人ボックス,https://xn--pckua2a7gp15o89zb.com/jb/cabb0c28c7c343f5c4339fcbf8f95c24,True,19時間前,2026-09-30 05:14:30,岐阜県
岐阜県西濃総合庁舎 及び 岐阜県大垣警察署内の清掃スタッフ新着,株式会社ナショナルメンテナンス,岐阜県西濃総合庁舎,"時給1,150円",アルバイト・パート,清掃,求人ボックス,https://xn--pckua2a7gp15o89zb.com/jb/75b4917dab6c6eff47f8a7572f089653,True,4時間前,2026-09-30 05:14:31,岐阜県
土日祝限定 客室清掃スタッフ新着,ルートインジャパン株式会社,岐阜県,"時給1,100円",アルバイト・パート,清掃,求人ボックス,https://xn--pckua2a7gp15o89zb.com/jb/44e751e93214601e85a1df5662dc146f,True,23時間前,2026-09-30 05:14:31,岐阜県
未経験スタートOKの清掃スタッフ／岐阜市月～土で週6日!嬉しい日曜定休新着,株式会社ティ・アシスト,岐阜県,"時給1,130円",アルバイト・パート,清掃,求人ボックス,https://xn--pckua2a7gp15o89zb.com/jb/f40b05a36625dbaf8e41dfcf6ab9ca38,True,11時間前,2026-09-30 05:14:31,岐阜県
「未経験から正社員」受付スタッフ／受付や会議室の管理／月30万以上可／20代30代活躍中新着,株式会社小林,岐阜県,"月給29万1,300円",正社員,清掃,求人ボックス,https://xn--pckua2a7gp15o89zb.com/jbn/b6d3402cb51c497fa54f8f4937467c08,True,6時間前,2026-09-30 05:14:31,岐阜県
"未経験OK!シニア活躍中!子育て支援あり ︎月額5,000円保育料新着",医療法人はぐくみ,岐阜県,"時給1,121円～",アルバイト・パート,清掃,求人ボックス,https://xn--pckua2a7gp15o89zb.com/jb/5a51a64d6a199ea744803f15db309d37,True,4時間前,2026-09-30 05:14:31,岐阜県
介護の相談するなら株式会社アクアコーポレーション!／まずは相談での応募可新着,株式会社アクアコーポレーション,岐阜県,"月給22万6,500円",正社員,清掃,求人ボックス,https://xn--pckua2a7gp15o89zb.com/jb/6fd33bfbf9480e0a65578704ac384139,True,6時間前,2026-09-30 05:14:35,岐阜県
「未経験から正社員」ITサポート事務／システム利用の支援／第二新卒歓迎／昇給年2回新着,AQUARIUS株式会社,岐阜県,"月給30万3,400円",正社員,清掃,求人ボックス,https://xn--pckua2a7gp15o89zb.com/jbn/36015d18ccfb85f2eba4070be73c1af0,True,6時間前,2026-09-30 05:14:35,岐阜県
「未経験から正社員」事務職／社内のバックオフィス／研修制度充実／賞与年2回新着,株式会社FIVE SENSES,岐阜県,"月給29万1,700円",正社員,清掃,求人ボックス,https://xn--pckua2a7gp15o89zb.com/jbn/253af3ad9fdefc312e68b6eadef47365,True,6時間前,2026-09-30 05:14:38,岐阜県
「未経験から正社員」IT企業内事務／IT会社の総務・庶務／年間休日125日以上／第二新卒歓迎新着,Yts株式会社,岐阜県,"月給29万3,200円",正社員,清掃,求人ボックス,https://xn--pckua2a7gp15o89zb.com/jbn/a93db5c36e88e0bc237f3591ce20772f,True,6時間前,2026-09-30 05:14:38,岐阜県
「未経験から正社員」営業事務／顧客対応と売上管理／20代30代活躍中／昇給年2回新着,スタッフ,岐阜県,月給32万100円,正社員,清掃,求人ボックス,https://xn--pckua2a7gp15o89zb.com/jbn/63a1a09443fbf8981bffed98d03311b7,True,6時間前,2026-09-30 05:14:38,岐阜県
「メリハリをつけて働ける!」／設備チェックスタッフ／残業少なめ／未経験歓迎／20~30代活躍中新着,株式会社SNJAPAN,岐阜県,月給33万円～50万円,正社員,清掃,求人ボックス,https://xn--pckua2a7gp15o89zb.com/jbn/b7ce94383e54bd1d271bddcc6c9e016f,True,15時間前,2026-09-30 05:14:38,岐阜県
「月給30万円を目指せる!」／メンテナンススタッフ／未経験歓迎／コツコツ作業／長期安定新着,株式会社Tetote,岐阜県,月給30万円,正社員,清掃,求人ボックス,https://xn--pckua2a7gp15o89zb.com/jbn/14f00e4ea439dd7d007bf5a02816212e,True,15時間前,2026-09-30 05:14:38,岐阜県
深夜作業スタッフ1-5時新着,株式会社カネスエ,岐阜県,"時給1,332円～",アルバイト・パート,清掃,求人ボックス,https://xn--pckua2a7gp15o89zb.com/jb/ca15c721e7ac84bbead94516cea9ed00,True,14時間前,2026-09-30 05:14:38,岐阜県
未経験からなれる梱包アシスタント／寮・社宅・家賃補助あり／資格取得支援あり新着,スタッフ,岐阜県,"月給27万3,000円",正社員,清掃,求人ボックス,https://xn--pckua2a7gp15o89zb.com/jbn/57a9012b5b0bb51f0a66e97dbf4e62ac,True,10時間前,2026-09-30 05:14:38,岐阜県
未経験からなれる梱包スタッフ／寮・社宅・家賃補助あり／資格取得支援あり新着,スタッフ,岐阜県,"月給28万3,000円",正社員,清掃,求人ボックス,https://xn--pckua2a7gp15o89zb.com/jbn/36a0832726be27e0b5e69052f17e7e90,True,11時間前,2026-09-30 05:14:42,岐阜県
高速道路の点検・管理業務新着,日本エコシステム株式会社,岐阜県,"月給26万5,000円",正社員,清掃,求人ボックス,https://xn--pckua2a7gp15o89zb.com/jb/5d62b60f0a2d3def089c9f82c7600965,True,8時間前,2026-09-30 05:14:42,岐阜県
未経験からなれる梱包のチェックスタッフ／寮・社宅・家賃補助あり／資格取得支援あり新着,スタッフ,岐阜県,"月給25万3,000円",正社員,清掃,求人ボックス,https://xn--pckua2a7gp15o89zb.com/jbn/12da0b51f96d616ca58b8b7b254a1e91,True,11時間前,2026-09-30 05:14:42,岐阜県
リノベ古民家の清掃新着,株式会社ブルームア,岐阜県,"時給1,500円～2,000円",アルバイト・パート,清掃,求人ボックス,https://xn--pckua2a7gp15o89zb.com/jb/920b42845ffca5a90662319f9fc35387,True,19時間前,2026-09-30 05:14:46,岐阜県
「頑張りが給料に反映!」食玩の製品管理／未経験OK／おまけ付き菓子の管理／昇給年2回新着,スタッフ,岐阜県,"月給30万7,800円",正社員,清掃,求人ボックス,https://xn--pckua2a7gp15o89zb.com/jbn/f0cb0919977be334c6ccfdc2111d0362,True,10時間前,2026-09-30 05:14:46,岐阜県
障がい者支援事業所での軽作業補助スタッフ 未経験可 週3日～新着,株式会社アスウィル,岐阜県,"時給1,065円",アルバイト・パート,清掃,求人ボックス,https://xn--pckua2a7gp15o89zb.com/jb/43b4b7cd7ddcc04df63f295295cd4186,True,5時間前,2026-09-30 05:14:46,岐阜県
「未経験でも始めやすい軽作業」／タオルギフトの箱詰めスタッフ／賞与あり／即入社OK新着,株式会社Rasic,岐阜県,"月給31万5,000円",正社員,清掃,求人ボックス,https://xn--pckua2a7gp15o89zb.com/jbn/2a21e3a21677c890bee1b0f8fd50373f,True,6時間前,2026-09-30 05:14:46,岐阜県
「正社員採用」工場内出荷作業員／未経験OK／倉庫での発送準備／研修あり／第二新卒歓迎新着,スタッフ,岐阜県,"月給32万8,100円",正社員,清掃,求人ボックス,https://xn--pckua2a7gp15o89zb.com/jbn/4822ad6ac932c9f291bb9b9370ba436a,True,6時間前,2026-09-30 05:14:46,岐阜県
高収入&負担少!高級シニアマンションの支援STAFF新着,株式会社コトリオ,岐阜県,"時給1,500円～2,125円",派遣社員,清掃,求人ボックス,https://xn--pckua2a7gp15o89zb.com/jb/8a51610aefd20ec7bdd56b68e34a0d3f,True,15時間前,2026-09-30 05:14:49,岐阜県
コンビニスタッフ新着,セブン-イレブン 関市山王通店,岐阜県,"時給1,180円",アルバイト・パート,清掃,求人ボックス,https://xn--pckua2a7gp15o89zb.com/jb/7394ca9507c339145f9aa2509b68ff6f,True,8時間前,2026-09-30 05:14:49,岐阜県
コンビニスタッフ新着,セブン-イレブン 岐阜長住町7丁目店,岐阜県,"時給1,121円～1,401円",アルバイト・パート,清掃,求人ボックス,https://xn--pckua2a7gp15o89zb.com/jb/edc64e7030be7f13dc5b79c310ab041d,True,8時間前,2026-09-30 05:14:49,岐阜県
深夜勤務スタッフ／ドラッグユタカ 黒野店新着,株式会社富士薬品,岐阜県,"時給1,121円～1,221円",アルバイト・パート,清掃,求人ボックス,https://xn--pckua2a7gp15o89zb.com/jb/ce907b207ffbb973684b42bd5af86cfd,True,6時間前,2026-09-30 05:14:52,岐阜県
未経験歓迎! 工場作業員 各種手当充実 資格取得支援制度新着,三光化学工業株式会社,岐阜県,月給18万円～28万,正社員,清掃,求人ボックス,https://xn--pckua2a7gp15o89zb.com/jb/eb859bed9c04c24734e8a3e0479be95f,True,21時間前,2026-09-30 05:14:52,岐阜県
コンビニスタッフ新着,セブン-イレブン 各務原前渡東町店,岐阜県,"時給1,191円",アルバイト・パート,清掃,求人ボックス,https://xn--pckua2a7gp15o89zb.com/jb/86ff3d95d56e1bb3477138974f16104f,True,8時間前,2026-09-30 05:14:52,岐阜県
ベーカリースタッフ新着,株式会社クスリのアオキ,岐阜県,"時給1,121円～1,221円",アルバイト・パート,清掃,求人ボックス,https://xn--pckua2a7gp15o89zb.com/jb/89636f403c5f45f3b55965e454a759c0,True,3時間前,2026-09-30 05:14:52,岐阜県
宝くじ売り場の接客・販売スタッフ／週3日～4日宝くじ売り場の接客販売スタッフ 冷暖房完備の座り仕事新着,日本宝くじ販売株式会社,岐阜県,"時給1,140円～",アルバイト・パート,清掃,求人ボックス,https://xn--pckua2a7gp15o89zb.com/jb/f1763c086300624af60f052c87a1f5ac,True,8時間前,2026-09-30 05:14:52,岐阜県
60代活躍中の看護・介護ケアスタッフ新着,株式会社ウィルオブ・ワーク,岐阜県,"時給1,400円",派遣社員,清掃,求人ボックス,https://xn--pckua2a7gp15o89zb.com/jb/969e95cca7ae84d1a3a65c3f54857877,True,19時間前,2026-09-30 05:14:55,岐阜県
チェキ用フィルムケースの検品スタッフ／未経験歓迎／月収30万以上／見るだけ中心の軽作業新着,株式会社Braight JAPAN,岐阜県,"月給33万5,000円",正社員,清掃,求人ボックス,https://xn--pckua2a7gp15o89zb.com/jbn/0e1d5e2837cf98c23b413c5d9a1e76bf,True,6時間前,2026-09-30 05:14:55,岐阜県
AIエンジニア／未経験OK／人工知能の学習・設計／年間休日125日以上新着,株式会社Le Lien,岐阜県,"月給32万2,500円",正社員,清掃,求人ボックス,https://xn--pckua2a7gp15o89zb.com/jbn/8e7d5190e64ad2649593d0620bb7a4d4,True,13時間前,2026-09-30 05:14:55,岐阜県
設備保全スタッフ・キャリアアップ支援／社員食堂あり／ブランクOK・未経験歓迎・資格取得支援新着,株式会社RIOT,岐阜県,"月給32万8,100円",正社員,清掃,求人ボックス,https://xn--pckua2a7gp15o89zb.com/jbn/06d6d47ae7c10293589239db5c1e0f33,True,10時間前,2026-09-30 05:14:55,岐阜県
建築塗装スタッフ／未経験OK／17時退社が基本新着,株式会社後藤塗装,岐阜県,月給25万円～32万円,正社員,清掃,求人ボックス,https://xn--pckua2a7gp15o89zb.com/jb/b804a14bb5fc4bd4fab6786d06ff6d4a,True,13時間前,2026-09-30 05:14:55,岐阜県
プロテイン・サプリメントの製造スタッフ・ブランクOK／社員食堂あり「正社員・キャリアアップ支援」新着,作業台の,岐阜県,"月給31万4,400円",正社員,清掃,求人ボックス,https://xn--pckua2a7gp15o89zb.com/jbn/39eaacef5425436f2dececb3586c5bcf,True,10時間前,2026-09-30 05:14:55,岐阜県
ふわふわタオルの製造・機械オペレーター／検品・梱包・ピッキング／重量物なし／空調完備新着,株式会社G.M corporation,岐阜県,"時給1,400円～",アルバイト・パート,清掃,求人ボックス,https://xn--pckua2a7gp15o89zb.com/jb/6d1874fe80edc72d8cc9ac8c72cf2618,True,14時間前,2026-09-30 05:14:58,岐阜県
環境に優しいサステナブル建材の製造・検品スタッフ／未経験歓迎!コツコツ取り組める製造ワーク新着,IBS即戦力人財株式会社,岐阜県,"時給1,500円",派遣社員,清掃,求人ボックス,https://xn--pckua2a7gp15o89zb.com/jb/04ddb29380e33a9f18b624ce83a66904,True,14時間前,2026-09-30 05:14:58,岐阜県
介護職／ヘルパー／可児市川合北の介護付き有料老人ホーム／名鉄「新可児駅」または新着,セントスタッフ名古屋支店,岐阜県,"日給2万4,000円",派遣社員,清掃,求人ボックス,https://xn--pckua2a7gp15o89zb.com/jb/398b558a7b71413f5b62cb30d5375ea3,True,6時間前,2026-09-30 05:14:58,岐阜県
スーパーでのお惣菜売場担当新着,マックスバリュ岐阜元町店,岐阜県,"時給1,207円～",アルバイト・パート,清掃,求人ボックス,https://xn--pckua2a7gp15o89zb.com/jb/a325fa4e4d5177bb2eeeef1cfff78e13,True,11時間前,2026-09-30 05:14:58,岐阜県
歯科衛生士／スタッフ用無料駐車場完備／完全週休2日制・年1回昇給新着,米山歯科クリニック,静岡県,"月給24万5,000円",正社員,歯科,求人ボックス,https://xn--pckua2a7gp15o89zb.com/jb/02f4169024a9b7458e9ab32456f90106,True,3時間前,2026-09-30 05:15:01,静岡県
歯科衛生士・ボーナス・賞与あり新着,カワムラ歯科医院,静岡県,"月給27万6,000円",正社員,歯科,求人ボックス,https://xn--pckua2a7gp15o89zb.com/jb/53c7586ec0f36bb3a03377712949d3bc,True,7時間前,2026-09-30 05:15:01,静岡県
「特別な資格や経験がない…」そんな不安は一切不要／⏩️ 手当が手厚い新着,株式会社ぴっぴーの,静岡県,月給20万円～,正社員,歯科,求人ボックス,https://xn--pckua2a7gp15o89zb.com/jb/2fdc3204fcf548e3ae1a06cb464f605f,True,5時間前,2026-09-30 05:15:01,静岡県
社会保険完備の職場で歯科衛生士新着,みうら歯科医院,静岡県,"時給1,700円～",アルバイト・パート,歯科,求人ボックス,https://xn--pckua2a7gp15o89zb.com/jb/0cdbf96729108f8510caae871d65c927,True,7時間前,2026-09-30 05:15:01,静岡県
受付業務などを行う歯科助手新着,熱海デンタルクリニック,静岡県,"時給1,200円～1,500円",アルバイト・パート,歯科,求人ボックス,https://xn--pckua2a7gp15o89zb.com/jb/460cb2c2dbe4371f30e08de86e82a60c,True,7時間前,2026-09-30 05:15:01,静岡県
飲食店スタッフ新着,株式会社R-food 火座 華やま 岐阜駅玉宮店,岐阜県,"時給1,413円～",アルバイト・パート,飲食,求人ボックス,https://xn--pckua2a7gp15o89zb.com/jb/d1d0e02a8404dd79c3b2dc3a9ed7dc02,True,11時間前,2026-09-30 05:14:48,岐阜県
「無理のない働き方で長く続けやすい」／ゲームデバッガー／残業少なめ／福利厚生充実／長期安定新着,株式会社SNJAPAN,岐阜県,月給27万円～34万円,正社員,飲食,求人ボックス,https://xn--pckua2a7gp15o89zb.com/jbn/1e14b6f1f4821bea479d40ece0528e1e,True,17時間前,2026-09-30 05:14:48,岐阜県
イベント運営スタッフ／未経験からイベント企画・運営のプロへ!新着,株式会社エースケータリング,岐阜県,"月給26万4,000円",正社員,飲食,求人ボックス,https://xn--pckua2a7gp15o89zb.com/jbn/e621bf13100c3765fc872cf41c6b38e0,True,11時間前,2026-09-30 05:14:48,岐阜県
未経験可／研修充実／システムエンジニア新着,infront株式会社,岐阜県,月給28万円～50万円,正社員,飲食,求人ボックス,https://xn--pckua2a7gp15o89zb.com/jbn/8d3b972ffe5d45395f015758500c6d16,True,11時間前,2026-09-30 05:14:48,岐阜県
製造未経験OK!／カプセルトイのチェックスタッフ／年間休日125日以上／未経験活躍新着,スタッフ,岐阜県,月給28万円～40万円,正社員,飲食,求人ボックス,https://xn--pckua2a7gp15o89zb.com/jbn/d5bd6b471a0a2537bf52b94025b78154,True,11時間前,2026-09-30 05:14:49,岐阜県
未経験OK!／カプセルトイ製造スタッフ／キャリア形成可能／未経験活躍新着,スタッフ,岐阜県,月給28万円～40万円,正社員,飲食,求人ボックス,https://xn--pckua2a7gp15o89zb.com/jbn/54570d427f53bf09c32ff0a758d2546b,True,11時間前,2026-09-30 05:14:49,岐阜県
「仕事と私生活をバランスよく楽しめる」／Webエンジニア／土日祝休み／長期勤務歓迎／未経験OK新着,株式会社Tetote,岐阜県,月給27万円～34万円,正社員,飲食,求人ボックス,https://xn--pckua2a7gp15o89zb.com/jbn/57149d6cb97f5f2e4ba4661ebe3a22b0,True,17時間前,2026-09-30 05:14:49,岐阜県
ホームページ制作スタッフ／未経験歓迎／研修制度充実／土日祝休み新着,株式会社キソシン,岐阜県,月給33万円～55万円,正社員,飲食,求人ボックス,https://xn--pckua2a7gp15o89zb.com/jbn/082ce48e1eff541ca78cddba6cd6b9da,True,9時間前,2026-09-30 05:14:49,岐阜県
ホームページ制作スタッフ／未経験歓迎／研修制度充実／土日祝休み新着,株式会社プロジェクトトリガー,岐阜県,月給34万円～60万円,正社員,飲食,求人ボックス,https://xn--pckua2a7gp15o89zb.com/jbn/67091f7ec85d60a04330086ab077376b,True,8時間前,2026-09-30 05:14:52,岐阜県
「未経験から正社員」デバッグ作業員／コツコツ不具合探し／人柄重視採用／昇給賞与あり新着,...慣れてきたら、デバッグ作業員としてより専門的な確認や共有も担当します。業務の進め方は先輩が確認するため、報告文の書き方も実務で学べます。 【過去入社された方の例/】20代/前職:販売,岐阜県,"月給30万4,100円",正社員,飲食,求人ボックス,https://xn--pckua2a7gp15o89zb.com/jbn/f56bab69f02b395cd55061caeca6b658,True,10時間前,2026-09-30 05:14:52,岐阜県
Webエンジニア／未経験歓迎／研修充実／資格取得支援あり／土日祝休み新着,...PC業務に不安がある方も対象です。入社後は、用語や作業手順を学ぶ研修から開始。その後、HTML・CSS・開発基礎研修など始めやすい業務から担当します。 【過去入社された方の例/】22歳/前職:販,岐阜県,"月給29万3,900円",正社員,飲食,求人ボックス,https://xn--pckua2a7gp15o89zb.com/jbn/03fb312351d2edecc207ec5bfaf1225e,True,9時間前,2026-09-30 05:14:52,岐阜県
「ゲーム好き歓迎!」デバッグ作業員／未経験OK／エラー報告の作業新着,...慣れてきたら、デバッグ作業員としてより専門的な確認や共有も担当します。業務の進め方は先輩が確認するため、報告文の書き方も実務で学べます。 【過去入社された方の例/】20代/前職:販売,岐阜県,"月給32万2,900円",正社員,飲食,求人ボックス,https://xn--pckua2a7gp15o89zb.com/jbn/6460bbbc2423ca5b7bb2dae7e8e1c17f,True,9時間前,2026-09-30 05:14:52,岐阜県
回転寿司店の仕込みスタッフ新着,魚魚丸 各務原店,岐阜県,"時給1,210円～",アルバイト・パート,飲食,求人ボックス,https://xn--pckua2a7gp15o89zb.com/jb/663cbcf58543b094e5164e4b71f77510,True,7時間前,2026-09-30 05:14:52,岐阜県
ゲームセンター景品の仕分けスタッフ／人気商品の物流サポート新着,Courage Path株式会社,岐阜県,月給27万円～35万円,正社員,飲食,求人ボックス,https://xn--pckua2a7gp15o89zb.com/jbn/ca9418ecf1c5b65df60b1fcb0e7fbe06,True,12時間前,2026-09-30 05:14:55,岐阜県
喫茶店ホール・キッチンスタッフ新着,三ツ星珈琲,岐阜県,"時給1,121円～",アルバイト・パート,飲食,求人ボックス,https://xn--pckua2a7gp15o89zb.com/jb/507bd382321adff456a994587d64634a,True,19時間前,2026-09-30 05:14:55,岐阜県
ゲームイラスト制作補助／キャラ確認補助／月給30万以上可新着,AQUARIUS株式会社,岐阜県,月給30万,正社員,飲食,求人ボックス,https://xn--pckua2a7gp15o89zb.com/jbn/ae22b59711348a8e59020cf1a63e3d4f,True,9時間前,2026-09-30 05:14:55,岐阜県
「ラストチャンス!」未経験採用枠／システムエンジニア／年間休日125日以上新着,株式会社alBee,岐阜県,月給24万円～36万円,正社員,飲食,求人ボックス,https://xn--pckua2a7gp15o89zb.com/jbn/cbde67164c3e3c5a8f98c4574d89c25b,True,11時間前,2026-09-30 05:14:55,岐阜県
未経験からなれる商品のチェック・梱包担当／寮・社宅・家賃補助あり／資格取得支援あり新着,スタッフ,岐阜県,"月給26万3,000円",正社員,飲食,求人ボックス,https://xn--pckua2a7gp15o89zb.com/jbn/3baca29e261a9fb8f791e4eb0e259df9,True,11時間前,2026-09-30 05:14:58,岐阜県
文房具の仕分け作業員新着,スタッフ,岐阜県,"月給25万4,500円",正社員,飲食,求人ボックス,https://xn--pckua2a7gp15o89zb.com/jbn/1b550d99677ac4bf10d52ddad9547da7,True,5時間前,2026-09-30 05:14:58,岐阜県
おもちゃ部品の製造スタッフ新着,スタッフ,岐阜県,"月給27万8,500円",正社員,飲食,求人ボックス,https://xn--pckua2a7gp15o89zb.com/jbn/50041eab23b04289d2966156fe7007ee,True,5時間前,2026-09-30 05:14:58,岐阜県
包装資材の表示ラベル貼付新着,飲食,岐阜県,"月給27万5,000円",正社員,飲食,求人ボックス,https://xn--pckua2a7gp15o89zb.com/jbn/ae328647e9be2d7b211521848594466d,True,5時間前,2026-09-30 05:14:58,岐阜県
「残り枠わずか!」未経験からできる一般事務／年間休日120日以上新着,スタッフ,岐阜県,"月給25万5,000円",正社員,飲食,求人ボックス,https://xn--pckua2a7gp15o89zb.com/jbn/affe6033cd02a528cf92a23a1479a338,True,11時間前,2026-09-30 05:15:01,岐阜県
社員食堂での調理補助新着,ハーベスト株式会社,岐阜県,"時給1,170円～",アルバイト・パート,飲食,求人ボックス,https://xn--pckua2a7gp15o89zb.com/jb/87137ca95b4ad8783e95e56a6b41d3e4,True,10時間前,2026-09-30 05:15:01,岐阜県
「未経験歓迎」老舗かに料理店の接客・ホール／着付けが学べる／20代30代女性活躍中新着,札幌かに本家 栄中央店,岐阜県,"月給21万6,000円",正社員,飲食,求人ボックス,https://xn--pckua2a7gp15o89zb.com/jbn/737ad362bdf6de16dd7aa2ebed4b0f35,True,19時間前,2026-09-30 05:15:01,岐阜県
「定員残りわずか!」未経験採用枠／映像編集／研修充実新着,スタッフ,岐阜県,月給26万円～45万円,正社員,飲食,求人ボックス,https://xn--pckua2a7gp15o89zb.com/jbn/8b711503c1c371786e156c8805865130,True,11時間前,2026-09-30 05:15:03,岐阜県
パウチ製品のシール貼りスタッフ新着,スタッフ,岐阜県,月給25万円～32万円,正社員,飲食,求人ボックス,https://xn--pckua2a7gp15o89zb.com/jbn/ae05a598e22c49fd957c4acd3048ef07,True,5時間前,2026-09-30 05:15:03,岐阜県
「定員残りわずか!」未経験採用枠／動画クリエイター／寮・社宅・家賃補助あり新着,スタッフ,岐阜県,月給26万円～45万円,正社員,飲食,求人ボックス,https://xn--pckua2a7gp15o89zb.com/jbn/1c9677aac11a65fbe088126f7f074d9e,True,10時間前,2026-09-30 05:15:03,岐阜県
「定員残りわずか!」未経験採用枠／動画編集／研修充実新着,スタッフ,岐阜県,月給26万円～45万円,正社員,飲食,求人ボックス,https://xn--pckua2a7gp15o89zb.com/jbn/98cb8dc9f214c84d76fe81a61eefad9a,True,10時間前,2026-09-30 05:15:06,岐阜県
ガリバーのディーラー営業 未経験歓迎／研修体制／個人ノルマ無／手当充実新着,株式会社IDOM,岐阜県,年収360万円,正社員,飲食,求人ボックス,https://xn--pckua2a7gp15o89zb.com/jb/432c06dbc3ca580d5359960894558a1c,True,8時間前,2026-09-30 05:15:06,岐阜県
鶏料理専門店の店舗スタッフホール・キッチン／パートデビュー歓迎「鳥開総本家」で調理補助やレジ対応をお...新着,株式会社プログレ,岐阜県,"時給1,150円～",アルバイト・パート,飲食,求人ボックス,https://xn--pckua2a7gp15o89zb.com/jb/68184d11e2dd4797fb17ee97404539a4,True,11時間前,2026-09-30 05:15:06,岐阜県
「AI時代を生きる!」未経験採用枠／バグチェック／高収入／年間休日125日以上新着,株式会社Light BROTHERS,岐阜県,月給33万円～50万円,正社員,飲食,求人ボックス,https://xn--pckua2a7gp15o89zb.com/jb/061cc36ee2de9f13db9c9c009d9f1ba5,True,20時間前,2026-09-30 05:15:06,岐阜県
ゲームUIデザインアシスタント／画面確認・素材作成補助／未経験歓迎／週休2日制・インセンティブあり新着,株式会社大斗,岐阜県,月給32万円～50万円,正社員,飲食,求人ボックス,https://xn--pckua2a7gp15o89zb.com/jbn/22f8894e758ed222bc1e857bc7929988,True,8時間前,2026-09-30 05:15:08,岐阜県
出張無し 転勤無し 買取営業職新着,株式会社いーふらん,岐阜県,月給45万円～,正社員,飲食,求人ボックス,https://xn--pckua2a7gp15o89zb.com/jb/4501611993b1179b71006d973980165c,True,19時間前,2026-09-30 05:15:08,岐阜県
店長・マネージャー候補、案内・フロント／カラオケ店新着,有限会社さがみや,岐阜県,月給21万円～23万円,正社員,飲食,求人ボックス,https://xn--pckua2a7gp15o89zb.com/jb/f85297168f4978337a05ade5317f38d8,True,5時間前,2026-09-30 05:15:08,岐阜県
初めての工場勤務歓迎／ボディモール梱包工程／寮費補助あり／即入社OK／高時給の製造ワーク新着,株式会社キャリアビジョン,岐阜県,"月給31万3,200円",正社員,飲食,求人ボックス,https://xn--pckua2a7gp15o89zb.com/jbn/6373cc9cebddb864a7facebd829cfa3e,True,21時間前,2026-09-30 05:15:08,岐阜県
生成AI活用ゲーム開発アシスタント・IT・ゲーム業界志望正社員「PCスキル活かしたい方新着,株式会社ELM,岐阜県,"月給27万6,900円",正社員,飲食,求人ボックス,https://xn--pckua2a7gp15o89zb.com/jbn/a1407f13ff5ae47ac97aee0cb127d24a,True,9時間前,2026-09-30 05:15:11,岐阜県
「ゲームが好き」それだけでOK／人気ゲームの開発アシスタント／資格取得支援あり／未経験活躍新着,株式会社GUM,岐阜県,月給29万円～50万円,正社員,飲食,求人ボックス,https://xn--pckua2a7gp15o89zb.com/jbn/a9da715adee666be2c035f0dc83d0213,True,11時間前,2026-09-30 05:15:11,岐阜県
賞味期限シールを貼り／自分のペースで1人でらくらく作業／家具家電付きで寮費0円新着,NIHONip 株式会社採用部,岐阜県,"時給1,590円～",アルバイト・パート,飲食,求人ボックス,https://xn--pckua2a7gp15o89zb.com/jb/97308a1d155bdeab32220d65fc07644b,True,8時間前,2026-09-30 05:15:11,岐阜県
「正社員採用」工場の梱包スタッフ／未経験OK／商品を箱に詰める作業／20代30代活躍中／研修制度充実新着,スタッフ,岐阜県,"月給32万7,800円",正社員,飲食,求人ボックス,https://xn--pckua2a7gp15o89zb.com/jbn/b38dfdbff1485890a78011f5e9a81be5,True,6時間前,2026-09-30 05:15:11,岐阜県
「モクモク軽作業!高時給で生活支援あり!」部品のタグ付け・シール貼り新着,株式会社アルミラ,岐阜県,"時給1,550円～",アルバイト・パート,飲食,求人ボックス,https://xn--pckua2a7gp15o89zb.com/jb/7042b8058333778b73712f4573266d69,True,12時間前,2026-09-30 05:15:11,岐阜県
贈り物ギフト商品の梱包／シンプル作業／コミュ不要／即日就業可能／手当充実／家族寮新着,Nipponアイピー株式会社,岐阜県,"月給35万2,000円",正社員,飲食,求人ボックス,https://xn--pckua2a7gp15o89zb.com/jb/4ae36fa8a5531c04c7c3fdbcd70dcace,True,22時間前,2026-09-30 05:15:11,岐阜県
介護職／ヘルパー／多治見市高田町の住宅型有料老人ホーム／JR中央本線「多治見駅」から車で13分新着,セントスタッフ名古屋支店,岐阜県,"時給1,200円～1,450円",派遣社員,派遣,求人ボックス,https://xn--pckua2a7gp15o89zb.com/jb/d01e21b946b26145ced093dac2f94fe7,True,6時間前,2026-09-30 05:14:45,岐阜県
大手空調関連企業での軽作業／10月スタート 平日週2日～OK!10時～16時!20～30代大活躍中新着,株式会社セリオ,岐阜県,"時給1,400円～",派遣社員,派遣,求人ボックス,https://xn--pckua2a7gp15o89zb.com/jb/71abd884106175e058474569d89f809c,True,7時間前,2026-09-30 05:14:45,岐阜県
未経験からでもすぐ覚えられる!夜勤専属勤務!アウトドアグッズの軽作業スタッフH新着,株式会社アルミラ,岐阜県,"時給1,380円～",派遣社員,派遣,求人ボックス,https://xn--pckua2a7gp15o89zb.com/jb/bb34dd4d445918c79b83fa27f3dc0467,True,12時間前,2026-09-30 05:14:45,岐阜県
大手メーカーでバイヤー新着,ヒューマンリソシア株式会社,岐阜県,"時給1,550円",派遣社員,派遣,求人ボックス,https://xn--pckua2a7gp15o89zb.com/jb/04656caaacf9bf372464b851fb06a2a6,True,9時間前,2026-09-30 05:14:45,岐阜県
音声スタッフ 経験者歓迎!週4日勤務 地域番組・配信映像新着,株式会社フェローズ,岐阜県,"時給1,300円～1,400円",派遣社員,派遣,求人ボックス,https://xn--pckua2a7gp15o89zb.com/jb/d23dd551c9d0a818818076c7df14b70d,True,16時間前,2026-09-30 05:14:52,岐阜県
簡単な作業ができればOK!／部品のチェック・仕分け担当／研修制度充実／未経験活躍新着,株式会社GUM,岐阜県,月給26万円～50万円,正社員,派遣,求人ボックス,https://xn--pckua2a7gp15o89zb.com/jbn/dc7afd986ae4bdf12bcbaf4d03f15109,True,11時間前,2026-09-30 05:14:52,岐阜県
アパレル／コスメ／週5日勤務!コスメ販売 未経験相談可×車通勤OK新着,株式会社ウィルオブ・ワーク,岐阜県,"時給1,300円～1,500円",派遣社員,派遣,求人ボックス,https://xn--pckua2a7gp15o89zb.com/jb/f5fe41cd76db76aab24e9b378f4b79f9,True,12時間前,2026-09-30 05:14:52,岐阜県
顕微鏡での外観検査スタッフ新着,株式会社オオミヤ,岐阜県,"時給1,520円",派遣社員,派遣,求人ボックス,https://xn--pckua2a7gp15o89zb.com/jb/aef5339e30b6479c2866024d8460af7f,True,19時間前,2026-09-30 05:14:55,岐阜県
「新着」日払い可の正社員／カンタン作業／機械、タブレットの操作等／祝い金30万新着,スタッフ,岐阜県,月給33万円～38万,正社員,派遣,求人ボックス,https://xn--pckua2a7gp15o89zb.com/jbn/2486f8cf113fc9f2c2c155a5f830ea5d,True,13時間前,2026-09-30 05:14:55,岐阜県
出荷準備とカウンターリフト作業スタッフ新着,株式会社ホットスタッフ稲沢,岐阜県,"時給1,400円",派遣社員,派遣,求人ボックス,https://xn--pckua2a7gp15o89zb.com/jb/f2f838679ee018cc5cedefcf394d34a7,True,11時間前,2026-09-30 05:14:55,岐阜県
プラスチック製品の加工スタッフ新着,株式会社ホットスタッフ岐阜,岐阜県,"時給1,300円～1,625円",派遣社員,派遣,求人ボックス,https://xn--pckua2a7gp15o89zb.com/jb/b7fc1456b62afe39d17bbf2457888f94,True,11時間前,2026-09-30 05:14:55,岐阜県
テレマーケティング業務受信／12月15日までの短期 時給1550円 官公庁関連の受信オペレーター新着,パーソルビジネスプロセスデザイン株式会社,岐阜県,時給1550円,契約社員,派遣,求人ボックス,https://xn--pckua2a7gp15o89zb.com/jb/5361d914804bed570a77a41238f7c592,True,7時間前,2026-09-30 05:14:58,岐阜県
フイルム メーカーでの特殊フイルムの開発品質管理新着,株式会社スタッフサービス,岐阜県,"時給1,800円～",派遣社員,派遣,求人ボックス,https://xn--pckua2a7gp15o89zb.com/jb/3761fe5d0721b5232eb2ec3ca6a400ec,True,9時間前,2026-09-30 05:14:58,岐阜県
車部品の機械オペレーター新着,株式会社ホットスタッフ可児,岐阜県,"時給1,650円～2,062円",派遣社員,派遣,求人ボックス,https://xn--pckua2a7gp15o89zb.com/jb/de9b8a0d61e8222f869bf6d9412b8fda,True,11時間前,2026-09-30 05:14:58,岐阜県
ロータリキルン機械オペレーター業務スタッフ／生産管理／経験不問／若手中心に活躍中／名古屋オフィス新着,株式会社リクルートR&Dスタッフィング,岐阜県,"月給21万4,000円",正社員,派遣,求人ボックス,https://xn--pckua2a7gp15o89zb.com/jbn/0872d43ef7fda867084199ab78e61437,True,2時間前,2026-09-30 05:14:58,岐阜県
「カラフルな商品に囲まれて」画材セットの封入・検品／未経験歓迎／寮完備／研修あり／空調完備新着,株式会社ZERO TALENT,岐阜県,月給30万円～42万円,派遣社員,派遣,求人ボックス,https://xn--pckua2a7gp15o89zb.com/jbn/b41086058df110f3916fee556fb856c4,True,2時間前,2026-09-30 05:14:58,岐阜県
商品の検査とパック詰めスタッフ新着,株式会社ホットスタッフ多治見,岐阜県,"時給1,200円～1,240円",派遣社員,派遣,求人ボックス,https://xn--pckua2a7gp15o89zb.com/jb/870d92ff62ceae38cd4e4772187435a5,True,11時間前,2026-09-30 05:15:02,岐阜県
初心者が多く活躍中!／プラスチック製品の梱包／シンプル工程／軽作業／福利厚生充実!新着,三陽工業株式会社,岐阜県,月給19万円～36万円,正社員,派遣,求人ボックス,https://xn--pckua2a7gp15o89zb.com/jbn/b6b9085642b0d40f11aadaa26a2a2d1b,True,14時間前,2026-09-30 05:15:02,岐阜県
20代スタッフ活躍中／組み立て式本棚の点検オペレーター／即入社OK／新生活応援／お急ぎの方歓迎新着,Rightfit Consulting株式会社,岐阜県,"時給1,930円",派遣社員,派遣,求人ボックス,https://xn--pckua2a7gp15o89zb.com/jbn/66f441e023011bfdd79ad33f991ded63,True,20時間前,2026-09-30 05:15:02,岐阜県
「品質を支える仕事!」自動車内装用ゴム部品のカット加工スタッフ／20代から30代活躍中!新着,株式会社日本ケイテム,岐阜県,"時給1,200円～",アルバイト・パート,派遣,求人ボックス,https://xn--pckua2a7gp15o89zb.com/jbn/5b73b4138c38c620d669e7c37aaf9c5d,True,21時間前,2026-09-30 05:15:02,岐阜県
若手世代が活躍中／化学処理装置部品の点検オペレーター／サポート体制充実／寮完備／落ち着いて作業できる新着,株式会社Vialevo,岐阜県,"時給1,910円",派遣社員,派遣,求人ボックス,https://xn--pckua2a7gp15o89zb.com/jbn/5a2a8ffabaf80390e25e633e2ee4cde4,True,20時間前,2026-09-30 05:15:05,岐阜県
工場内での包装資材製造ライン新着,未経験OK,岐阜県,"月給26万3,500円",正社員,派遣,求人ボックス,https://xn--pckua2a7gp15o89zb.com/jbn/240cd21e1e2816c002c0204c77e245b4,True,4時間前,2026-09-30 05:15:09,岐阜県
「IT業界の入口にぴったり!」／ゲームアプリのチェック事務／PC入力メイン／PC基礎からOK新着,「電話少なめで集中できる環境がちょうどいい」女性,岐阜県,"月給25万3,400円",正社員,派遣,求人ボックス,https://xn--pckua2a7gp15o89zb.com/jbn/78b2873b08f4c69997d8b5a6586f71e8,True,6時間前,2026-09-30 05:15:09,岐阜県
ジュース工場スタッフ 人気飲料の製造サポート新着,スタッフ,岐阜県,"月給37万2,000円",正社員,派遣,求人ボックス,https://xn--pckua2a7gp15o89zb.com/jbn/b9d2695f466a7363ca8366302da4eebe,True,7時間前,2026-09-30 05:15:13,岐阜県
寮費無料／スグ働ける軽作業／物流倉庫でおもちゃ・ピッキング・検品・梱包／雑貨の仕分け・梱包新着,株式会社FAT FORWARD,岐阜県,"時給1,520円～",アルバイト・パート,派遣,求人ボックス,https://xn--pckua2a7gp15o89zb.com/jb/8989a615e9d6ebbb02d1a9a53a8504b1,True,14時間前,2026-09-30 05:15:13,岐阜県
介護職／ヘルパー／静岡市葵区瀬名のデイサービス／水梨東高線「瀬名新田」...新着,セントスタッフ名古屋支店,静岡県,"時給1,250円～1,300円",派遣社員,介護,求人ボックス,https://xn--pckua2a7gp15o89zb.com/jb/dfffa051d684ebe97e719e6ff3746202,True,6時間前,2026-09-30 05:15:02,静岡県
グループホーム／介護職／資格取得支援／研修制度充実／賞与年2回新着,株式会社レガート,静岡県,"月給26万5,000円",正社員,介護,求人ボックス,https://xn--pckua2a7gp15o89zb.com/jb/c6fa635bd71258854c18f6ab6ed46414,True,7時間前,2026-09-30 05:15:02,静岡県
介護職 月給23.5万円以上新着,るぴなすの杜 訪問介護職,静岡県,月給23,正社員,介護,求人ボックス,https://xn--pckua2a7gp15o89zb.com/jb/f62e19fe0f7af6c446f4c8405c70f288,True,19時間前,2026-09-30 05:15:02,静岡県
グループホームの介護職新着,デイサービスセンター アルク百葉二の宮,静岡県,"月給20万1,500円",正社員,介護,求人ボックス,https://xn--pckua2a7gp15o89zb.com/jb/e2c9b781a0b26c118082954a3beac54a,True,19時間前,2026-09-30 05:15:03,静岡県
1日30分から訪問介護職新着,介護,静岡県,"時給1,500円～2,400円",アルバイト・パート,介護,求人ボックス,https://xn--pckua2a7gp15o89zb.com/jb/38544d8e71af1e1287ec2faa75d41607,True,13時間前,2026-09-30 05:15:07,静岡県
特別養護老人ホームの介護職新着,社会福祉法人七恵会 浜松中央長上苑,静岡県,"月給20万8,984円",正社員,介護,求人ボックス,https://xn--pckua2a7gp15o89zb.com/jb/2d8e350a015a6a2b48e68595ff68ed54,True,13時間前,2026-09-30 05:15:07,静岡県
介護職／ホームヘルパー新着,株式会社バイタリティ,静岡県,"月給27万5,000円",正社員,介護,求人ボックス,https://xn--pckua2a7gp15o89zb.com/jb/a39c008b8ce3529761d96c0c20da7549,True,7時間前,2026-09-30 05:15:11,静岡県
「午前のみ」「午後のみ」好きな時間に訪問介護職新着,介護,静岡県,"時給1,500円～2,400円",アルバイト・パート,介護,求人ボックス,https://xn--pckua2a7gp15o89zb.com/jb/7c765d91fad712cd537501a514c26052,True,13時間前,2026-09-30 05:15:11,静岡県
介護職員・社会保険完備の職場で介護職／ヘルパー新着,デイリハビリセンターHINATABOKKO,静岡県,"時給1,097円～1,200円",アルバイト・パート,介護,求人ボックス,https://xn--pckua2a7gp15o89zb.com/jb/caa2f1bb7561a591ecfbdb45749404bc,True,7時間前,2026-09-30 05:15:11,静岡県
社会保険完備の職場で介護職／ヘルパー新着,介護付き有料老人ホームでらいと焼津,静岡県,"月給23万6,000円",正社員,介護,求人ボックス,https://xn--pckua2a7gp15o89zb.com/jb/56a0b5fd40ebfcbcf34ef1dff83e92ec,True,8時間前,2026-09-30 05:15:13,静岡県
介護職／介護施設／無料駐車場あり／月給最大30万円以上可能! 介護職員新着,白梅ケアホーム,静岡県,"月給20万9,000円",正社員,介護,求人ボックス,https://xn--pckua2a7gp15o89zb.com/jb/455d9265a745974a9b68cfb1ed2aaaa9,True,18時間前,2026-09-30 05:15:13,静岡県
介護職／介護施設／無料駐車場あり／月給最大30万円以上可能! 介護職員新着,白梅県居ケアホーム,静岡県,"月給20万9,000円",正社員,介護,求人ボックス,https://xn--pckua2a7gp15o89zb.com/jb/8ffd2ce4d5ddfc63fe3a58a7ec75e337,True,18時間前,2026-09-30 05:15:17,静岡県
ツクイのデイサービス介護職／お休み調整可新着,株式会社ツクイ,静岡県,"時給1,097円",アルバイト・パート,介護,求人ボックス,https://xn--pckua2a7gp15o89zb.com/jb/62c948878f1aba526c131bd5de100360,True,14時間前,2026-09-30 05:15:20,静岡県
小規模多機能ホームの介護職員新着,小規模多機能ホームふれあい伏見,静岡県,"時給1,311円～1,744円",アルバイト・パート,介護,求人ボックス,https://xn--pckua2a7gp15o89zb.com/jb/4b3304bc0aaffbf9fbdad53c8025df09,True,13時間前,2026-09-30 05:15:20,静岡県
介護の相談するなら株式会社アクアコーポレーション!／まずは相談での応募可新着,株式会社アクアコーポレーション,静岡県,"月給20万4,500円",正社員,介護,求人ボックス,https://xn--pckua2a7gp15o89zb.com/jb/eb362a82235d88c00c936a65876546da,True,6時間前,2026-09-30 05:15:23,静岡県
共同生活援助での生活支援員新着,ソーシャルインクルー株式会社 ソーシャルインクル...,静岡県,月給25万円～29万,正社員,介護,求人ボックス,https://xn--pckua2a7gp15o89zb.com/jb/bfe9eb3cff8b4f95fb6712642bd06465,True,10時間前,2026-09-30 05:15:26,静岡県
共同生活援助での生活支援員新着,ソーシャルインクルー株式会社 ソーシャルインクル...,静岡県,月給25万円～29万,正社員,介護,求人ボックス,https://xn--pckua2a7gp15o89zb.com/jb/a29df1ae4f21646d0286d6157b25f22e,True,10時間前,2026-09-30 05:15:26,静岡県
共同生活援助での生活支援員新着,ソーシャルインクルー株式会社 ソーシャルインクル...,静岡県,月給25万円～29万,正社員,介護,求人ボックス,https://xn--pckua2a7gp15o89zb.com/jb/2182663020efc2cd583a45aad7bea233,True,10時間前,2026-09-30 05:15:30,静岡県
グループホームの介護職員新着,グループホームふれあい稲荷,静岡県,"月給20万5,500円",正社員,介護,求人ボックス,https://xn--pckua2a7gp15o89zb.com/jb/2628ebfea8c1bf4adf379c64d1925b5d,True,13時間前,2026-09-30 05:15:30,静岡県
フォロー体制有 有料老人ホームでの介護新着,株式会社ウィルオブ・ワーク,静岡県,"時給1,350円",正社員,介護,求人ボックス,https://xn--pckua2a7gp15o89zb.com/jb/2ba8352c235b28628af20b3ce0bb9141,True,19時間前,2026-09-30 05:15:30,静岡県
保育士／焼津市西小川の企業内保育／焼津市自主運行バス 「三ケ名東」下車新着,セントスタッフ名古屋支店,静岡県,月給21万円～29万,正社員,保育,求人ボックス,https://xn--pckua2a7gp15o89zb.com/jb/7ae47cfdfcc70df4aa7eb319b9953899,True,6時間前,2026-09-30 05:15:17,静岡県
保育士 子育て支援センター新着,株式会社カナデル,静岡県,"時給1,450円",アルバイト・パート,保育,求人ボックス,https://xn--pckua2a7gp15o89zb.com/jb/ed6247bfb46102da31cd609399209c9b,True,23時間前,2026-09-30 05:15:17,静岡県
こども園の保育士新着,社会福祉法人七恵会 中央ながかみこども園,静岡県,"月給22万5,364円",正社員,保育,求人ボックス,https://xn--pckua2a7gp15o89zb.com/jb/36fa0c16f8cf47c5d4eb0a4a9f8d0278,True,13時間前,2026-09-30 05:15:17,静岡県
保育士／浜松医科大学内の保育所新着,ライクキッズ株式会社,静岡県,"月給19万3,000円",正社員,保育,求人ボックス,https://xn--pckua2a7gp15o89zb.com/jb/4459b3791d7af471e1d268fa452a632f,True,12時間前,2026-09-30 05:15:17,静岡県
保育士／遅番パート・勤務相談可能／子どもたちの成長を見守りながら新着,放課後等デイサービス アイム袖師,静岡県,"時給1,165円～1,200円",アルバイト・パート,保育,求人ボックス,https://xn--pckua2a7gp15o89zb.com/jb/d85336d40ea82ff3a9f5c6fb805343b3,True,23時間前,2026-09-30 05:15:17,静岡県
保育士／年間休日120日／静岡駅徒歩7分／定員18名／お休みも取りやす...新着,静岡学園保育園,静岡県,"月給19万4,460円",正社員,保育,求人ボックス,https://xn--pckua2a7gp15o89zb.com/jb/4b56305c20c361b8bff629ec37ad3440,True,23時間前,2026-09-30 05:15:17,静岡県
未経験からなれる人気ゲームのQAエンジニア／寮・社宅・家賃補助あり／資格取得支援あり新着,株式会社RK,静岡県,月給30万円～51万,正社員,保育,求人ボックス,https://xn--pckua2a7gp15o89zb.com/jbn/1706eb344ec0b9c31b6add2bea8537dc,True,11時間前,2026-09-30 05:15:18,静岡県
未経験からなれる人気ゲームのゲームテスター／寮・社宅・家賃補助あり／資格取得支援あり新着,保育士,静岡県,月給30万円～51万,正社員,保育,求人ボックス,https://xn--pckua2a7gp15o89zb.com/jbn/824096b2d748f2f3de0d46eb386ec6f4,True,11時間前,2026-09-30 05:15:18,静岡県
未経験からなれる人気ゲームのQAエンジニア／寮・社宅・家賃補助あり／資格取得支援あり新着,保育士,静岡県,月給30万円～51万,正社員,保育,求人ボックス,https://xn--pckua2a7gp15o89zb.com/jbn/f77ae73db7da4ed6dbcb699acff9a8a1,True,10時間前,2026-09-30 05:15:18,静岡県
未経験からなれる人気ゲームのゲームテスター／寮・社宅・家賃補助あり／資格取得支援あり新着,株式会社HyBridge,静岡県,月給30万円～51万,正社員,保育,求人ボックス,https://xn--pckua2a7gp15o89zb.com/jbn/2fb1b3219dc304233c6bfd4cd3012390,True,11時間前,2026-09-30 05:15:18,静岡県
データサイエンティスト・データの統計・分析・有給消化率高い・駅チカ新着,Yts株式会社,静岡県,月給25万円～45万円,正社員,保育,求人ボックス,https://xn--pckua2a7gp15o89zb.com/jbn/833b9e06bb37e190ef94dbaecb3cffea,True,11時間前,2026-09-30 05:15:18,静岡県
学童クラブの児童支援員／たかだい放課後児童会新着,株式会社明日葉,静岡県,"月給17万8,811円",契約社員,保育,求人ボックス,https://xn--pckua2a7gp15o89zb.com/jb/3eedac81aa4ea6bdfdba88fe4ec96241,True,13時間前,2026-09-30 05:15:21,静岡県
"家事の合間に月7,000円の手当プラス ⏩️子育て経験がそのまま活かせる職場新着",株式会社ぴっぴーの,静岡県,"時給1,300円～",アルバイト・パート,保育,求人ボックス,https://xn--pckua2a7gp15o89zb.com/jb/57aa261b6146ef2b1345664975d89743,True,5時間前,2026-09-30 05:15:21,静岡県
送迎業務中心の介護タクシー／ドライバー新着,サンスマイル袋井春岡教室,静岡県,"時給1,160円～1,200円",アルバイト・パート,保育,求人ボックス,https://xn--pckua2a7gp15o89zb.com/jb/2c40b8480b9297c185eecf89e28c8ecc,True,7時間前,2026-09-30 05:15:21,静岡県
ゲーム開発の検証スタッフ／中途・未経験歓迎／資格取得支援あり／昇給年2回新着,株式会社RIOT GROUP,静岡県,月給30万円～60万円,正社員,保育,求人ボックス,https://xn--pckua2a7gp15o89zb.com/jbn/28f111bb0df1fc2e8f0306338b33f989,True,12時間前,2026-09-30 05:15:21,静岡県
めっき製品のライン作業スタッフ新着,大佑工業株式会社,静岡県,"月給19万4,000円",正社員,保育,求人ボックス,https://xn--pckua2a7gp15o89zb.com/jb/11cebdfe3ca54f53a37ae9c269766ef5,True,7時間前,2026-09-30 05:15:21,静岡県
キッズサポーター 未経験OK 残業ほぼなし 月収27万円可 18時退勤新着,株式会社リィ,静岡県,月給27万円,正社員,保育,求人ボックス,https://xn--pckua2a7gp15o89zb.com/jb/b9a37935a5713064c1c8cd9ff68aeb7e,True,17時間前,2026-09-30 05:15:21,静岡県
児童発達支援・放課後等デイサービスで働く作業療法士新着,こぱんはうすさくら 富士宮教室,静岡県,月給27万円～,正社員,保育,求人ボックス,https://xn--pckua2a7gp15o89zb.com/jb/0e564ab7fa41970864f9c50b908a5ff3,True,11時間前,2026-09-30 05:15:21,静岡県
介護の相談するなら株式会社アクアコーポレーション!／まずは相談での応募可新着,株式会社アクアコーポレーション,静岡県,"月給19万2,000円",正社員,保育,求人ボックス,https://xn--pckua2a7gp15o89zb.com/jb/b32219749aefe233a8913c23b8afd3f0,True,6時間前,2026-09-30 05:15:21,静岡県
経験を活かせる新築木造住宅の大工新着,ケイアイスター不動産株式会社,静岡県,月給28万円～57万円,正社員,保育,求人ボックス,https://xn--pckua2a7gp15o89zb.com/jb/a17ba03e95d8485412c4ecef8ace23a9,True,5時間前,2026-09-30 05:15:24,静岡県
事務職員・一般事務／管理部門新着,認定こども園 あゆのさと,静岡県,"時給1,203円～1,276円",アルバイト・パート,保育,求人ボックス,https://xn--pckua2a7gp15o89zb.com/jb/b449f41b4b70f2a73f1e9c87376d311a,True,7時間前,2026-09-30 05:15:24,静岡県
サービス付き高齢者向け住宅の介護職員新着,社会福祉法人七恵会 ケアガーデン長上苑,静岡県,"月給20万8,984円",正社員,保育,求人ボックス,https://xn--pckua2a7gp15o89zb.com/jb/77e3bfe44a35216ff8772de9037ba36f,True,13時間前,2026-09-30 05:15:24,静岡県
特別養護老人ホームの介護職員新着,社会福祉法人七恵会 第二長上苑,静岡県,"月給20万8,984円",正社員,保育,求人ボックス,https://xn--pckua2a7gp15o89zb.com/jb/8a250bf15b06bd61cfefdfb96b4e0059,True,13時間前,2026-09-30 05:15:24,静岡県
介護福祉士／デイサービス・デイケア新着,ヴィラージュ富士デイサービスセンター,静岡県,"時給1,300円～1,400円",アルバイト・パート,保育,求人ボックス,https://xn--pckua2a7gp15o89zb.com/jb/34df7025a508c71eafc58df77ab038d1,True,4時間前,2026-09-30 05:15:24,静岡県
賞与4.5か月分!若手が活躍中の病院で理学療法士新着,保育,静岡県,"月給22万3,861円",正社員,保育,求人ボックス,https://xn--pckua2a7gp15o89zb.com/jb/63aa9c7502733ad3794dd7f02bb33e74,True,9時間前,2026-09-30 05:15:24,静岡県
院内託児所あり!若手が活躍中の通所リハで介護福祉士新着,保育,静岡県,"月給19万4,180円",正社員,保育,求人ボックス,https://xn--pckua2a7gp15o89zb.com/jb/60804ab4a3f0d695629d07ac2c3a4b51,True,9時間前,2026-09-30 05:15:24,静岡県
浜松南病院:看護助手新着,保育,静岡県,"月給23万1,330円",正社員,保育,求人ボックス,https://xn--pckua2a7gp15o89zb.com/jb/63345b7690ed23f498dd567589390d58,True,9時間前,2026-09-30 05:15:27,静岡県
フィールドエンジニア 実務未経験OK新着,アンリツ株式会社,静岡県,"月給27万8,000円",正社員,保育,求人ボックス,https://xn--pckua2a7gp15o89zb.com/jb/91e0100bbd59ed41a2eacbc63a3584ce,True,19時間前,2026-09-30 05:15:27,静岡県
理学療法士／若手が活躍中の病院でPT・OT・ST新着,保育,静岡県,"月給26万5,286円",正社員,保育,求人ボックス,https://xn--pckua2a7gp15o89zb.com/jb/32b58ad505d6d37116c69a895b31595e,True,9時間前,2026-09-30 05:15:27,静岡県
院内託児所あり!若手が活躍中の病院で言語聴覚士新着,保育,静岡県,"月給22万3,861円",正社員,保育,求人ボックス,https://xn--pckua2a7gp15o89zb.com/jb/cff5c495cf026591e27112be35e5f162,True,9時間前,2026-09-30 05:15:27,静岡県
障がい者支援施設の生活支援員新着,天竜厚生会 あかいし学園,静岡県,"月給21万7,900円",正社員,保育,求人ボックス,https://xn--pckua2a7gp15o89zb.com/jb/f1271f71615cb8bb5e9bdd3fbe5de117,True,11時間前,2026-09-30 05:15:27,静岡県
保育士新着,保育士,静岡県,"時給1,200円",アルバイト・パート,保育,求人ボックス,https://xn--pckua2a7gp15o89zb.com/jb/094043bd98d0a15ad47e80187261ad5b,True,4時間前,2026-09-30 05:15:27,静岡県
保育士／認定こども園新着,保育士,静岡県,"時給1,350円",派遣社員,保育,求人ボックス,https://xn--pckua2a7gp15o89zb.com/jb/3f086729b7e80b9d3655f9f8ec49f9bf,True,19時間前,2026-09-30 05:15:27,静岡県
保育士／私立認可保育園新着,保育士,静岡県,"時給1,300円",派遣社員,保育,求人ボックス,https://xn--pckua2a7gp15o89zb.com/jb/70c414e517dd9ebd635791d607b07809,True,19時間前,2026-09-30 05:15:27,静岡県
保育士新着,株式会社アイ・エヌ・ジー,静岡県,,正社員,保育,求人ボックス,https://xn--pckua2a7gp15o89zb.com/jb/4b4b53eba2bc48e64fde8eebd29a6bc4,True,15時間前,2026-09-30 05:15:31,静岡県
保育士／nino保育園／保育士新着,保育士,静岡県,月給22万円～35万円,,保育,求人ボックス,https://xn--pckua2a7gp15o89zb.com/jb/bfdc12f15b1057b329c6a992f6263b99,True,15時間前,2026-09-30 05:15:31,静岡県
保育士／KID ACADEMY DANCE 上西校／保育士新着,保育士,静岡県,"月給23万8,000円",,保育,求人ボックス,https://xn--pckua2a7gp15o89zb.com/jb/2c32d0968316a669c4d5a1e48e769c26,True,13時間前,2026-09-30 05:15:31,静岡県
交通費規定支給／昇給あり／勤務時間は応相談可能／焼津駅徒歩10分新着,保育士,静岡県,"時給1,097円～",,保育,求人ボックス,https://xn--pckua2a7gp15o89zb.com/jb/b5dc58a03d4f68f0c94c47391cfcf0e2,True,14時間前,2026-09-30 05:15:31,静岡県
保育士／藤枝のんのん保育園／保育士新着,保育士,静岡県,"月給17万5,000円",,保育,求人ボックス,https://xn--pckua2a7gp15o89zb.com/jb/a51ec9299fbf915e956bb0641fee8b40,True,14時間前,2026-09-30 05:15:31,静岡県
託児所・保育支援あり／駅近5分以内／年間休日120日以上／土日祝休み新着,保育士,静岡県,年収332万円～,,保育,求人ボックス,https://xn--pckua2a7gp15o89zb.com/jb/25997f126f44b26bd0f1ad5d9fb4e88c,True,14時間前,2026-09-30 05:15:35,静岡県
月給19.5万〜25万円／勤務時間選択制／仁田ふじさん保育園／保育士新着,保育士,静岡県,月給19,,保育,求人ボックス,https://xn--pckua2a7gp15o89zb.com/jb/7321338f182ec8f34636beb01390afb8,True,13時間前,2026-09-30 05:15:35,静岡県
保育士／ぺんぎん保育園 上足洗／保育士新着,保育士,静岡県,"月給20万8,000円",,保育,求人ボックス,https://xn--pckua2a7gp15o89zb.com/jb/2662c6674f8590837729f40cc975549b,True,13時間前,2026-09-30 05:15:35,静岡県
パート保育士／企業主導型／朝2.5H／週5日／パンダ保育園／保育士新着,保育士,静岡県,"時給1,100円",パート,保育,求人ボックス,https://xn--pckua2a7gp15o89zb.com/jb/732aa9ef8993718562f1ae27df388b47,True,14時間前,2026-09-30 05:15:35,静岡県
週2.3日~OK／車通勤可／社会保険完備／交通費支給／児童発達支援センター だいち／保育士新着,保育士,静岡県,"時給1,300円",,保育,求人ボックス,https://xn--pckua2a7gp15o89zb.com/jb/1d3da19a59a3b61cc84040b10a4a8da8,True,14時間前,2026-09-30 05:15:35,静岡県
保育士／放課後等デイサービス澄海／保育士新着,保育士,静岡県,"時給1,100円",アルバイト,保育,求人ボックス,https://xn--pckua2a7gp15o89zb.com/jb/fef9f1711edb914d1c3d177ef9b2dc67,True,14時間前,2026-09-30 05:15:35,静岡県
車通勤可／社会保険完備／昇給昇進あり／ハッピーエンジェル／保育士新着,保育士,静岡県,"時給1,400円",,保育,求人ボックス,https://xn--pckua2a7gp15o89zb.com/jb/6d30cf747f7717859c1666fdc2844284,True,14時間前,2026-09-30 05:15:35,静岡県
業務手当支給／賞与あり／時間外なし／マイカー通勤可／みどり保育園／保育士新着,保育士,静岡県,"時給1,097円～1,200円",,保育,求人ボックス,https://xn--pckua2a7gp15o89zb.com/jb/308d5473511d2387cacada6f37d8b0f9,True,13時間前,2026-09-30 05:15:37,静岡県
保育士／認定こども園 静岡なかはら幼稚園／保育士新着,保育士,静岡県,"時給1,097円",パート,保育,求人ボックス,https://xn--pckua2a7gp15o89zb.com/jb/491301fcfbefcb0da6dd8eedb1a85240,True,13時間前,2026-09-30 05:15:37,静岡県
定員19名の小規模保育／交通費月1万円／昇給制度がある／沼津エリアの立地／ぽんぽんの森／保育士新着,保育士,静岡県,"時給1,097円～1,100円",,保育,求人ボックス,https://xn--pckua2a7gp15o89zb.com/jb/976caaaaa862c0a811ed7926f7c06fd4,True,14時間前,2026-09-30 05:15:37,静岡県
交通費上限1万円／退職金制度あり／週4日以上勤務／マイカー通勤OK／トロフィーアップ不二見／保育士新着,保育士,静岡県,"時給1,100円～1,200円",,保育,求人ボックス,https://xn--pckua2a7gp15o89zb.com/jb/03623a3c209f34276e58a321f29cc89a,True,13時間前,2026-09-30 05:15:37,静岡県
保育士／川奈愛育クラブ／保育士新着,保育士,静岡県,"月給18万5,000円",,保育,求人ボックス,https://xn--pckua2a7gp15o89zb.com/jb/4be14b8a6804860017550e1576b7cfc2,True,14時間前,2026-09-30 05:15:37,静岡県
保育教諭／ひよこ保育園／保育教諭新着,保育士,静岡県,月給7万円～22万円,,保育,求人ボックス,https://xn--pckua2a7gp15o89zb.com/jb/cae5a7277f8ffe96d810a80b86f3b35d,True,14時間前,2026-09-30 05:15:37,静岡県
足場工事スタッフ新着,株式会社倉工業,静岡県,日給2万円～2万,,建設,求人ボックス,https://xn--pckua2a7gp15o89zb.com/jb/2c6e8f88c08f0ae18c4bb1b3b485735f,True,23時間前,2026-09-30 05:15:40,静岡県
建築施工管理補助 福利厚生充実 未経験歓迎新着,大河原建設株式会社,静岡県,月給20万円～27万円,正社員,建設,求人ボックス,https://xn--pckua2a7gp15o89zb.com/jb/82fcb2cbbd55abde94853747c6b48d3f,True,19時間前,2026-09-30 05:15:40,静岡県
「静岡／未経験歓迎」不動産賃貸管理／未経験から活躍実績多数／駅徒歩4分／未経験歓迎／年間休日123日新着,株式会社レオパレス21,静岡県,"月給26万2,000円",正社員,建設,求人ボックス,https://xn--pckua2a7gp15o89zb.com/jb/1b5a2ea036e00653dd885f6a4295eae2,True,2時間前,2026-09-30 05:15:40,静岡県
建築プロジェクトマネジメント／最新テクノロジーを駆使して確固たる技術が身に付く!／完全未経験OK!新着,株式会社テクノプロ・コンストラクション,静岡県,月給21万円～29万円,正社員,建設,求人ボックス,https://xn--pckua2a7gp15o89zb.com/jbn/8228de2d1eb6e40acb9fb10e7345dfd4,True,11時間前,2026-09-30 05:15:40,静岡県
未経験からでもできる塗装作業員新着,株式会社岩本塗装,静岡県,月給23万円～25万円,正社員,建設,求人ボックス,https://xn--pckua2a7gp15o89zb.com/jb/dadd86eb4c47650edc5421094d8989ee,True,5時間前,2026-09-30 05:15:40,静岡県
中型トラックドライバー新着,株式会社リサーク,静岡県,月給29万円～,正社員,建設,求人ボックス,https://xn--pckua2a7gp15o89zb.com/jb/001c5f829a35a4ceb7dd626819b43fb7,True,19時間前,2026-09-30 05:15:40,静岡県
東京都品川区勤務・大工・リノベーション 前職給与保証新着,株式会社メガステップ,静岡県,月給35万円～50万円,正社員,建設,求人ボックス,https://xn--pckua2a7gp15o89zb.com/jb/55f34787d4946f8534e413da1aa4f119,True,4時間前,2026-09-30 05:15:40,静岡県
経験が活かせる内装施工管理新着,株式会社コントラフト,静岡県,月給30万円～50万円,正社員,建設,求人ボックス,https://xn--pckua2a7gp15o89zb.com/jb/9cfe3476996fa5be449be25f91ba5a96,True,5時間前,2026-09-30 05:15:40,静岡県
経験不問:最先端を走る建設会社で経験が積める土木作業員新着,株式会社内田建設,静岡県,"月給21万7,000円",正社員,建設,求人ボックス,https://xn--pckua2a7gp15o89zb.com/jb/9f7eae8525d83d066fa624043a77be94,True,5時間前,2026-09-30 05:15:40,静岡県
未経験からできる設備施工管理新着,伸弘テクノ株式会社,静岡県,月給25万円～40万円,正社員,建設,求人ボックス,https://xn--pckua2a7gp15o89zb.com/jb/f841b89403323577d5cb4fe3c1f05f11,True,5時間前,2026-09-30 05:15:40,静岡県
経験を活かせる建築工事の施工管理新着,平和建設株式会社,静岡県,月給30万円～45万円,正社員,建設,求人ボックス,https://xn--pckua2a7gp15o89zb.com/jb/1208c59f23ab5c24a3de44c114e4b121,True,5時間前,2026-09-30 05:15:40,静岡県
未経験歓迎! 一般事務 10年連続売上拡大中! 転勤なし新着,株式会社小澤土木,静岡県,月給21万円～22万,正社員,建設,求人ボックス,https://xn--pckua2a7gp15o89zb.com/jb/f4e4c09086847b02e8ef90ac6ae8d736,True,18時間前,2026-09-30 05:15:40,静岡県
浜松or富士／転勤無 「賃貸リフォーム提案営業」 新卒が選ぶ会社ランキング入賞／新規や飛び込み無し新着,アーキテックス株式会社,静岡県,年収400万円～600万円,正社員,建設,求人ボックス,https://xn--pckua2a7gp15o89zb.com/jb/2ef078fbb65f7d8b1e35740983b0e03a,True,9時間前,2026-09-30 05:15:40,静岡県
静岡／賃貸管理新着,ご退室部屋における復旧,静岡県,年収482万円～672万円,正社員,建設,求人ボックス,https://xn--pckua2a7gp15o89zb.com/jb/6a99a23260d54317c4cc8a25f071cf41,True,21時間前,2026-09-30 05:15:40,静岡県
「資格持ってなきゃだめですか?」 「OK 」医療事務を新着,株式会社コトリオ,静岡県,"時給1,300円～",派遣社員,医療事務,求人ボックス,https://xn--pckua2a7gp15o89zb.com/jb/374c0ed71d607d284cba2c56894d7fd0,True,15時間前,2026-09-30 05:15:14,静岡県
医療事務募集新着,山本眼科クリニック,静岡県,"月給19万1,500円",正社員,医療事務,求人ボックス,https://xn--pckua2a7gp15o89zb.com/jb/987d2a1cbaa90543c115650ae23b6694,True,7時間前,2026-09-30 05:15:14,静岡県
医療事務新着,株式会社リクルートスタッフィング,静岡県,"時給1,260円～",派遣社員,医療事務,求人ボックス,https://xn--pckua2a7gp15o89zb.com/jb/ae15963bf8ede5b40aa8075c26c91e71,True,20時間前,2026-09-30 05:15:14,静岡県
人気の医療事務 直接雇用実績あり新着,株式会社東海道シグマ,静岡県,"時給1,220円",派遣社員,医療事務,求人ボックス,https://xn--pckua2a7gp15o89zb.com/jb/5b2e03f3ca50fe127f2eebe8c8302d3e,True,16時間前,2026-09-30 05:15:14,静岡県
調剤薬局での調剤事務／経験者歓迎／研修あり／昇給あり／週休二日制新着,株式会社スギ薬局,静岡県,"月給20万3,400円",正社員,医療事務,求人ボックス,https://xn--pckua2a7gp15o89zb.com/jbn/c23cdf06cb110c9d3279c9b5123127bd,True,3時間前,2026-09-30 05:15:14,静岡県
院内サポート／無資格未経験OK 人気の事務のお仕事新着,株式会社ルフト・メディカルケア,静岡県,"時給1,220円",派遣社員,医療事務,求人ボックス,https://xn--pckua2a7gp15o89zb.com/jb/33aa601dc3a7ebd0124ce49375d7f388,True,22時間前,2026-09-30 05:15:14,静岡県
一般事務・アシスタント業務・ブランクOK・土日祝休み・静岡市葵区人宿町1丁目新着,株式会社ELシステム,静岡県,"月給25万5,400円",正社員,医療事務,求人ボックス,https://xn--pckua2a7gp15o89zb.com/jbn/fcaf2785897fe8db1a118ad0767df43c,True,9時間前,2026-09-30 05:15:15,静岡県
「土日祝休み」／事務スタッフ／第二新卒歓迎／産休・育休あり「正社員」新着,事務,静岡県,月給21万500円,正社員,医療事務,求人ボックス,https://xn--pckua2a7gp15o89zb.com/jbn/ccc5a4611b39f60faefdb704e1bcc826,True,2時間前,2026-09-30 05:15:15,静岡県
データ入力事務／充実の研修で安心スタート!／完全週休2日制／社会保険完備／シフト制新着,事務,静岡県,月給20万500円,正社員,医療事務,求人ボックス,https://xn--pckua2a7gp15o89zb.com/jbn/b4ba51de895898f803dfbd3901286e50,True,2時間前,2026-09-30 05:15:15,静岡県
ドラッグストアでの登録販売者／経験可能／フリーター／週休2日／シフト制／有給休暇あり新着,クリニック受付・,静岡県,"月給22万5,000円",正社員,医療事務,求人ボックス,https://xn--pckua2a7gp15o89zb.com/jbn/76cc8f772f45b0181ef76700c6b5b82b,True,2時間前,2026-09-30 05:15:15,静岡県
ドラッグストアでの登録販売者／経験可能／フリーター／週休2日制／シフト制／有給休暇制度あり新着,クリニック受付・,静岡県,"月給22万5,000円",正社員,医療事務,求人ボックス,https://xn--pckua2a7gp15o89zb.com/jbn/1542ed2105c9d857c047cc5e478a3f85,True,2時間前,2026-09-30 05:15:15,静岡県
受付事務・メリハリある働き方・簡単なPC操作のみ・研修制度充実新着,事務,静岡県,"月給24万6,300円",正社員,医療事務,求人ボックス,https://xn--pckua2a7gp15o89zb.com/jbn/45d0a28aafa80c3c8306b58849d9fc42,True,9時間前,2026-09-30 05:15:19,静岡県
OA事務／充実の研修で安心スタート!／残業なし／未経験でも安心／採用強化中新着,完全未経験からスタートできる,静岡県,月給20万500円,正社員,医療事務,求人ボックス,https://xn--pckua2a7gp15o89zb.com/jbn/93b3797ec8634cfaee143d214fd77903,True,3時間前,2026-09-30 05:15:19,静岡県
事務スタッフ「正社員」土日祝休み・サポート体制充実・働きやすい職場新着,株式会社GUM,静岡県,"月給25万3,800円",正社員,医療事務,求人ボックス,https://xn--pckua2a7gp15o89zb.com/jbn/9d903e5e5a735c1af4618c20671c9418,True,9時間前,2026-09-30 05:15:19,静岡県
もくもくPC入力で安心勤務!はじめてさんも安心／データ入力事務／交通費支給新着,事務,静岡県,"月給24万3,000円",正社員,医療事務,求人ボックス,https://xn--pckua2a7gp15o89zb.com/jbn/07e1877786a12c4ec48d291bc154890a,True,9時間前,2026-09-30 05:15:19,静岡県
PC入力できればOK!長く働ける安定環境／営業事務／残業ほぼなし／静岡市葵区人宿町1丁目新着,株式会社大斗,静岡県,"月給24万8,100円",正社員,医療事務,求人ボックス,https://xn--pckua2a7gp15o89zb.com/jbn/e2c10d2560e6e2779b0ec2e89a83fbd1,True,9時間前,2026-09-30 05:15:19,静岡県
PCはカンタン操作だけ!続けやすいメリハリ勤務／総務事務／交通費支給新着,株式会社enrich technology,静岡県,"月給24万1,100円",正社員,医療事務,求人ボックス,https://xn--pckua2a7gp15o89zb.com/jbn/a4c44e09b39501ab741fa552e90079de,True,9時間前,2026-09-30 05:15:19,静岡県
庶務事務・20代活躍中・残業少なめ・あたたかい雰囲気の職場新着,株式会社Meta Sales,静岡県,"月給24万1,900円",正社員,医療事務,求人ボックス,https://xn--pckua2a7gp15o89zb.com/jbn/00feb32ce314cddcf27c4bb92602f128,True,9時間前,2026-09-30 05:15:19,静岡県
データ入力事務「正社員」研修制度充実・働きやすい職場新着,事務,静岡県,"月給25万9,700円",正社員,医療事務,求人ボックス,https://xn--pckua2a7gp15o89zb.com/jbn/f71714d282a2b450f59bfc6d4d62b734,True,9時間前,2026-09-30 05:15:23,静岡県
一般事務・20代活躍中・アシスタント業務・復職実績多数・静岡市葵区人宿町1丁目新着,事務,静岡県,"月給24万3,000円",正社員,医療事務,求人ボックス,https://xn--pckua2a7gp15o89zb.com/jbn/b11046783aa66dcafe573278265fafef,True,9時間前,2026-09-30 05:15:23,静岡県
サポート事務・丁寧な研修あり・土日祝休み・未経験歓迎新着,事務,静岡県,"月給24万4,700円",正社員,医療事務,求人ボックス,https://xn--pckua2a7gp15o89zb.com/jbn/da92ee5288f77bc4c0056808882711f5,True,8時間前,2026-09-30 05:15:23,静岡県
落ち着いた環境でコツコツ!長く働ける安定環境／総務事務／ブランクOK新着,事務,静岡県,"月給25万7,300円",正社員,医療事務,求人ボックス,https://xn--pckua2a7gp15o89zb.com/jbn/a566141498f762f9c46289be64412938,True,9時間前,2026-09-30 05:15:23,静岡県
落ち着いた環境でコツコツ!シンプル作業が中心／データ入力事務／長期安定で働ける新着,事務,静岡県,"月給24万2,700円",正社員,医療事務,求人ボックス,https://xn--pckua2a7gp15o89zb.com/jbn/562db203c1fb70d0dccd786d95337f84,True,9時間前,2026-09-30 05:15:23,静岡県
データ入力事務「正社員」簡単なPC操作のみ・サポート体制充実・年間休日125日以上新着,事務,静岡県,"月給24万8,500円",正社員,医療事務,求人ボックス,https://xn--pckua2a7gp15o89zb.com/jbn/2d56315fe9b3f3efb6ba86ab5528918e,True,9時間前,2026-09-30 05:15:23,静岡県
「月収30万円以上も狙える!」／ゲームプログラマー／未経験歓迎新着,株式会社Tetote,静岡県,月給27万円～34万円,正社員,医療事務,求人ボックス,https://xn--pckua2a7gp15o89zb.com/jbn/bcedcf750a0d277957c68be3360a5004,True,17時間前,2026-09-30 05:15:23,静岡県
「自分の時間も大切にできる」／ゲームテスター／土日祝休み／年間休日120日以上／長期勤務歓迎新着,株式会社SNJAPAN,静岡県,月給27万円～34万円,正社員,医療事務,求人ボックス,https://xn--pckua2a7gp15o89zb.com/jbn/02ac32d7bec130187ac8d9a011598bb7,True,17時間前,2026-09-30 05:15:23,静岡県
「ゲーム未経験者から企画担当を目指せる!」／ゲームプランナー／新しいゲームの案を考える新着,このお仕事の特徴一般,静岡県,月給27万円～34万円,正社員,医療事務,求人ボックス,https://xn--pckua2a7gp15o89zb.com/jbn/ddd92d6a112923d79bc263aa34c8bed7,True,17時間前,2026-09-30 05:15:27,静岡県
介護職／ヘルパー／静岡市駿河区小鹿のグループホーム／JR東海道本線新着,セントスタッフ名古屋支店,静岡県,"時給1,300円～1,500円",派遣社員,医療事務,求人ボックス,https://xn--pckua2a7gp15o89zb.com/jb/a547569ae1e0339b2d92ef20e9205c84,True,6時間前,2026-09-30 05:15:27,静岡県
「オンオフを切り替えて働きやすい」／アプリテスター／残業少なめ／福利厚生充実／長期安定新着,このお仕事の特徴一般,静岡県,月給27万円～34万円,正社員,医療事務,求人ボックス,https://xn--pckua2a7gp15o89zb.com/jbn/b856221ef6a8b66ea804abe55b50e2dd,True,17時間前,2026-09-30 05:15:27,静岡県
「仕事とプライベートを両立しやすい」／ITアドバイザー／残業少なめ／福利厚生充実／長期安定新着,このお仕事の特徴一般,静岡県,月給27万円～34万円,正社員,医療事務,求人ボックス,https://xn--pckua2a7gp15o89zb.com/jbn/92937efdf5332c408693f4bf06c19647,True,17時間前,2026-09-30 05:15:27,静岡県
「クリエイティブな仕事に挑戦したい方におすすめ」／ゲームクリエイター／未経験OK／サポート体制充実新着,このお仕事の特徴一般,静岡県,月給27万円～34万円,正社員,医療事務,求人ボックス,https://xn--pckua2a7gp15o89zb.com/jbn/66f58db440955324a38ded7df0d245b4,True,17時間前,2026-09-30 05:15:27,静岡県
「月収30万円を目指せる!」／ITアドバイザー／未経験歓迎／質問を受けてサッと内容を確認する新着,このお仕事の特徴一般,静岡県,月給27万円～34万円,正社員,医療事務,求人ボックス,https://xn--pckua2a7gp15o89zb.com/jbn/7462db91e8acaf865844a73f6586f940,True,17時間前,2026-09-30 05:15:27,静岡県
「月収30万円も狙える!」／ゲームテスター／未経験歓迎／ゲームをジーっと見ながら違いを探すだけ新着,このお仕事の特徴一般,静岡県,月給27万円～34万円,正社員,医療事務,求人ボックス,https://xn--pckua2a7gp15o89zb.com/jbn/d1408b6d1b723fda73709c88919ec12f,True,17時間前,2026-09-30 05:15:27,静岡県
ゲームプログラマー／スキルを磨きながら無理なくキャリア形成／残業少なめ／福利厚生充実／長期安定新着,このお仕事の特徴一般,静岡県,月給27万円～34万円,正社員,医療事務,求人ボックス,https://xn--pckua2a7gp15o89zb.com/jbn/855f5fea06e14716e100c2ebee74ba31,True,17時間前,2026-09-30 05:15:30,静岡県
「アプリやスマホが好きな方におすすめ」／アプリテスター／未経験歓迎／コツコツ作業／20〜30代活躍中新着,このお仕事の特徴一般,静岡県,月給27万円～34万円,正社員,医療事務,求人ボックス,https://xn--pckua2a7gp15o89zb.com/jbn/b1fd2280a39c537d6d79a68c5d7a5bb8,True,17時間前,2026-09-30 05:15:30,静岡県
「20代からクリエイティブに挑戦!」／ゲームクリエイター／未経験OK／長期安定／20〜30代活躍中新着,このお仕事の特徴一般,静岡県,月給27万円～34万円,正社員,医療事務,求人ボックス,https://xn--pckua2a7gp15o89zb.com/jbn/e2aca18095755a9849637a369af040fe,True,17時間前,2026-09-30 05:15:30,静岡県
「自分らしい働き方を叶えやすい」／データサイエンティスト／残業少なめ／福利厚生充実／長期安定新着,このお仕事の特徴一般,静岡県,月給27万円～34万円,正社員,医療事務,求人ボックス,https://xn--pckua2a7gp15o89zb.com/jbn/a84d0de6edffb8a2555361c802915656,True,17時間前,2026-09-30 05:15:30,静岡県
「若手からITの知識を身につけられる!」／ITアドバイザー／未経験OK／長期安定／20〜30代活躍中新着,このお仕事の特徴一般,静岡県,月給27万円～34万円,正社員,医療事務,求人ボックス,https://xn--pckua2a7gp15o89zb.com/jbn/bd97e265d48dc0ea2c85070b191dc428,True,17時間前,2026-09-30 05:15:30,静岡県
社会保険完備の職場で管理栄養士／栄養士新着,小澤内科胃腸科,静岡県,"時給1,600円～1,800円",アルバイト・パート,医療事務,求人ボックス,https://xn--pckua2a7gp15o89zb.com/jb/98c82c3ecc0dce44106c513f4834c9dd,True,7時間前,2026-09-30 05:15:30,静岡県
「月収30万円以上も可能!」／データサイエンティスト／未経験歓迎新着,このお仕事の特徴一般,静岡県,月給27万円～34万円,正社員,医療事務,求人ボックス,https://xn--pckua2a7gp15o89zb.com/jbn/d16ba2e21d74a5d0cc81a743168b5aa6,True,17時間前,2026-09-30 05:15:33,静岡県
「未経験からプログラマーを目指せる!」／ゲームプログラマー／基礎から学べる環境／資格取得支援あり新着,このお仕事の特徴一般,静岡県,月給27万円～34万円,正社員,医療事務,求人ボックス,https://xn--pckua2a7gp15o89zb.com/jbn/aaf8f146f510c2d662ea1eaf0d52d956,True,17時間前,2026-09-30 05:15:33,静岡県
「ワークライフバランスを大切にできる」／データサイエンティスト／土日祝休み／福利厚生充実／長期安定新着,このお仕事の特徴一般,静岡県,月給27万円～34万円,正社員,医療事務,求人ボックス,https://xn--pckua2a7gp15o89zb.com/jbn/41752c8abf81ed7845659f1d6c3f004f,True,17時間前,2026-09-30 05:15:33,静岡県
「月収30万円を目指せる!」／アプリテスター／未経験OK／アプリをポチポチ操作して表示を確認するだけ新着,このお仕事の特徴一般,静岡県,月給27万円～34万円,正社員,医療事務,求人ボックス,https://xn--pckua2a7gp15o89zb.com/jbn/73709835be9244178f7a4416ead753be,True,17時間前,2026-09-30 05:15:33,静岡県
「月収30万円以上も狙える!」／ゲームテスター／未経験OK／ゲームを繰り返しプレイして違いを探す新着,このお仕事の特徴一般,静岡県,月給27万円～34万円,正社員,医療事務,求人ボックス,https://xn--pckua2a7gp15o89zb.com/jbn/9ee33ac83a201cffae86908f806fb9d9,True,17時間前,2026-09-30 05:15:33,静岡県
ゲームテスター／未経験OK／福利厚生充実／交通費支給／昇給制度あり新着,このお仕事の特徴一般,静岡県,月給27万円～34万円,正社員,医療事務,求人ボックス,https://xn--pckua2a7gp15o89zb.com/jbn/08db1d7db77388153c76909622115e69,True,17時間前,2026-09-30 05:15:33,静岡県
「男女問わずクリエイティブな仕事に挑戦!」／ゲームクリエイター／未経験歓迎／研修充実／安定勤務新着,このお仕事の特徴一般,静岡県,月給27万円～34万円,正社員,医療事務,求人ボックス,https://xn--pckua2a7gp15o89zb.com/jbn/d7c1215aa045d6afe2a86dacffb021b3,True,17時間前,2026-09-30 05:15:37,静岡県
アプリテスター／落ち着いた環境で長く働きやすい／土日祝休み／福利厚生充実／長期安定新着,このお仕事の特徴一般,静岡県,月給27万円～34万円,正社員,医療事務,求人ボックス,https://xn--pckua2a7gp15o89zb.com/jbn/e05cd829cedf5782038a6e52862e703b,True,17時間前,2026-09-30 05:15:37,静岡県
「プログラミングを学んでみたい方歓迎」／ゲームプログラマー／未経験歓迎／資格取得支援あり新着,このお仕事の特徴一般,静岡県,月給27万円～34万円,正社員,医療事務,求人ボックス,https://xn--pckua2a7gp15o89zb.com/jbn/7b1bec0f07e12b4e7a1d16ddee32ec2c,True,17時間前,2026-09-30 05:15:37,静岡県
「最短でお仕事スタート!」／ゲームプログラマー／未経験OK／スピード選考／研修充実新着,このお仕事の特徴一般,静岡県,月給27万円～34万円,正社員,医療事務,求人ボックス,https://xn--pckua2a7gp15o89zb.com/jbn/bf66132bf789b24345f92c7479d08d75,True,17時間前,2026-09-30 05:15:37,静岡県
ゲームクリエイター／未経験歓迎／福利厚生充実／社会保険完備／長期勤務歓迎新着,このお仕事の特徴一般,静岡県,月給27万円～34万円,正社員,医療事務,求人ボックス,https://xn--pckua2a7gp15o89zb.com/jbn/646b105a2e93ff9b487a97f29142ebed,True,17時間前,2026-09-30 05:15:37,静岡県
データサイエンティスト／仕事とプライベートをバランスよく両立／残業少なめ／福利厚生充実／長期安定新着,このお仕事の特徴一般,静岡県,月給27万円～34万円,正社員,医療事務,求人ボックス,https://xn--pckua2a7gp15o89zb.com/jbn/7c8dc4a485b1e7e6b658b5fb73cf7eef,True,17時間前,2026-09-30 05:15:37,静岡県
完全在宅のTikTokライバー新着,株式会社HYBRIDBANK,静岡県,"時給2,000円～",アルバイト・パート,医療事務,求人ボックス,https://xn--pckua2a7gp15o89zb.com/jb/b4aa466d27a72e0b4efd5bd8e367013c,True,15時間前,2026-09-30 05:15:37,静岡県
「20代からクリエイティブに働ける!」／ゲームクリエイター／未経験歓迎／サポート体制充実新着,このお仕事の特徴一般,静岡県,月給27万円～34万円,正社員,医療事務,求人ボックス,https://xn--pckua2a7gp15o89zb.com/jbn/1fee3fbd8c509cca2fa06bcdafacc0c8,True,17時間前,2026-09-30 05:15:37,静岡県
「自分の時間も大切にしながら働ける」／ゲームテスター／残業少なめ／福利厚生充実／長期安定新着,このお仕事の特徴一般,静岡県,月給27万円～34万円,正社員,医療事務,求人ボックス,https://xn--pckua2a7gp15o89zb.com/jbn/dc606b6c846bf158e3c240852a2eb7e8,True,17時間前,2026-09-30 05:15:41,静岡県
「落ち着いて長く働ける環境」／ゲームプランナー／土日祝休み／福利厚生充実／長期安定新着,このお仕事の特徴一般,静岡県,月給27万円～34万円,正社員,医療事務,求人ボックス,https://xn--pckua2a7gp15o89zb.com/jbn/d846a7194bcb1746f545e2eddf0aa6bb,True,17時間前,2026-09-30 05:15:41,静岡県
事務・一般事務「正社員」研修あり／土日祝休み・アシスタント業務新着,JHR株式会社,静岡県,月給26万円～44万円,正社員,医療事務,求人ボックス,https://xn--pckua2a7gp15o89zb.com/jb/dc639567d945b2bd8c76806bbda9ef82,True,20時間前,2026-09-30 05:15:41,静岡県
専門学校の常勤講師 若者たちの笑顔を引き出す／年間休日124日新着,学校法人静岡理工科大学,静岡県,年収440万円～660万円,契約社員,医療事務,求人ボックス,https://xn--pckua2a7gp15o89zb.com/jb/548c6cb0f990a4221291f9db375594db,True,9時間前,2026-09-30 05:15:41,静岡県
ノベルティグッズの検品・パッケージ業務／寮完備／未経験歓迎／月収30万以上／シンプル軽作業新着,株式会社Rasic,静岡県,月給34万円～39万円,正社員,医療事務,求人ボックス,https://xn--pckua2a7gp15o89zb.com/jbn/89db34f50b097480e14aa2d7da96ca72,True,6時間前,2026-09-30 05:15:41,静岡県
SDカードケースの検品・包装作業／未経験OK／月収30万以上／小型軽量でラクラク作業新着,株式会社Braight JAPAN,静岡県,"月給32万5,000円",正社員,医療事務,求人ボックス,https://xn--pckua2a7gp15o89zb.com/jbn/c41974f0b637baf805a48a6193671e7c,True,7時間前,2026-09-30 05:15:43,静岡県
「月収35万円を目指せる」／ワイヤレスイヤホン部品の製造／寮完備／高待遇／20~30代活躍中新着,製造・業種ジャンル,静岡県,月給30万円～35万円,正社員,医療事務,求人ボックス,https://xn--pckua2a7gp15o89zb.com/jbn/91d4805abe57ee6d5a758f41ddb7e909,True,7時間前,2026-09-30 05:15:43,静岡県
「月収35万円も狙える」／北欧雑貨の梱包スタッフ／赴任費支給／即勤務OK／20~30代活躍中新着,製造・業種ジャンル,静岡県,月給30万円～35万円,正社員,医療事務,求人ボックス,https://xn--pckua2a7gp15o89zb.com/jbn/19586212e09d9a2a88a4b565901584a5,True,15時間前,2026-09-30 05:15:43,静岡県
軽作業スタッフ／コンタクトレンズケースの検品・包装／日勤／未経験OK／20~30代活躍中新着,製造・業種ジャンル,静岡県,"月給34万5,000円",正社員,医療事務,求人ボックス,https://xn--pckua2a7gp15o89zb.com/jbn/78cbe74891a093304b7feb9a7ef578b2,True,6時間前,2026-09-30 05:15:43,静岡県
キャラクターキーホルダーの袋詰め・選別／らくらく作業／学歴不問／日払い可能／Wi-Fi完備寮新着,Nipponアイピー株式会社,静岡県,"時給1,720円～2,150円",アルバイト・パート,医療事務,求人ボックス,https://xn--pckua2a7gp15o89zb.com/jb/dc5c8480e693e2c59445447e017a9e7b,True,22時間前,2026-09-30 05:15:43,静岡県
アイマスクの検品・袋詰めスタッフ／未経験OK／月収30万以上／座り作業中心の軽作業新着,製造・業種ジャンル,静岡県,"月給27万5,000円",正社員,医療事務,求人ボックス,https://xn--pckua2a7gp15o89zb.com/jbn/d41b41e99696aad674bc8f41c91ebf70,True,7時間前,2026-09-30 05:15:43,静岡県
「月収35万円も実現可能」／Webカメラの検品スタッフ／交通費支給／年間休日120日以上新着,製造・業種ジャンル,静岡県,月給30万円～35万円,正社員,医療事務,求人ボックス,https://xn--pckua2a7gp15o89zb.com/jbn/e521eed5d8016da2e4861999ee606dab,True,7時間前,2026-09-30 05:15:43,静岡県
「東証プライム上場企業で安定収入の美容師」／地域手当あり／ネイルOK新着,QBハウスベイシア浜松都田テクノ,静岡県,月給30万円～41万,正社員,美容,求人ボックス,https://xn--pckua2a7gp15o89zb.com/jbn/2cd33a5c08424036efb168598b5178ef,True,3時間前,2026-09-30 05:15:33,静岡県
「歩合制なしで安定した収入が得られる美容師」／経験者歓迎／ノルマ無し新着,QBハウスイオンモール浜松市野,静岡県,月給30万円～41万,正社員,美容,求人ボックス,https://xn--pckua2a7gp15o89zb.com/jbn/0cad509b436921e290b07581b22dbfab,True,3時間前,2026-09-30 05:15:33,静岡県
「東証プライム上場企業で安定収入の理容師・美容師」／元訪問美容スタッフ...新着,QBハウスマックスバリュ熱海,静岡県,月給30万円～41万,正社員,美容,求人ボックス,https://xn--pckua2a7gp15o89zb.com/jbn/e72e5c301ed1f0c2015b6a9aba4ea0f3,True,2時間前,2026-09-30 05:15:33,静岡県
「歩合制なしで安定した収入が得られる理容師・美容師」／休憩は必ず90分新着,QBハウスアスティ静岡,静岡県,月給30万円～41万,正社員,美容,求人ボックス,https://xn--pckua2a7gp15o89zb.com/jbn/5e686db8a048bf3df90f3c6be23d0eb1,True,2時間前,2026-09-30 05:15:33,静岡県
「ブランクありでも復職できる美容師はここ!」／地域手当あり／交通費支給新着,QBハウスイオンタウン富士南,静岡県,月給30万円～41万,正社員,美容,求人ボックス,https://xn--pckua2a7gp15o89zb.com/jbn/38980efc958453f397743b4514ea4532,True,3時間前,2026-09-30 05:15:33,静岡県
「ヘアカットに特化して活躍できる美容師」／地域手当あり／交通費支給新着,QBハウスベイシア浜松雄踏,静岡県,月給30万円～41万,正社員,美容,求人ボックス,https://xn--pckua2a7gp15o89zb.com/jbn/3d3ce15a6201235fa12f3c1e44725a42,True,3時間前,2026-09-30 05:15:33,静岡県
「福利厚生充実」／営業事務／ブランクOK／産休・育休あり「正社員」新着,PCに触れる機会が少なかった元アパレルスタッフや元,静岡県,月給20万500円,正社員,美容,求人ボックス,https://xn--pckua2a7gp15o89zb.com/jbn/131418592eedcf78b7266da55109804a,True,2時間前,2026-09-30 05:15:33,静岡県
月給30万～／未経験採用枠／研修充実／Tiktok運用エンジニア新着,ナナイロモバイル株式会社,静岡県,月給30万～,正社員,美容,求人ボックス,https://xn--pckua2a7gp15o89zb.com/jbn/785dd873fc43bf70c0e45ed6d4fed836,True,11時間前,2026-09-30 05:15:33,静岡県
「まだ間に合う!」未経験採用枠／製造工場での軽作業・カプセルトイ／年間休日125日以上新着,株式会社小林,静岡県,月給28万円～50万円,正社員,美容,求人ボックス,https://xn--pckua2a7gp15o89zb.com/jbn/2aa44ccb307a1a9ad5810eb2cf2a3f47,True,12時間前,2026-09-30 05:15:33,静岡県
「まだ間に合う!」未経験採用枠／カプセルトイ製造スタッフ／研修充実新着,Yts株式会社,静岡県,月給28万円～50万円,正社員,美容,求人ボックス,https://xn--pckua2a7gp15o89zb.com/jbn/0839371493350d9e859a63bc1317e10b,True,12時間前,2026-09-30 05:15:33,静岡県
「まだ間に合う!」未経験採用枠／製造スタッフ・カプセルトイ／プライベート充実新着,株式会社RIOT,静岡県,月給28万円～50万円,正社員,美容,求人ボックス,https://xn--pckua2a7gp15o89zb.com/jbn/2cb8e685cccad1b5904b60f8f3380f18,True,12時間前,2026-09-30 05:15:33,静岡県
「新生活デビュー応援!」未経験採用枠／カプセルトイ製造スタッフ／寮・社宅・家賃補助あり新着,株式会社RIOT GROUP,静岡県,月給28万円～50万円,正社員,美容,求人ボックス,https://xn--pckua2a7gp15o89zb.com/jbn/b3c3562a6b1a0aed000ea0ce0f3f43c2,True,12時間前,2026-09-30 05:15:33,静岡県
「まだ間に合う!」未経験採用枠／カプセルトイ製造オペレーター／プライベート充実新着,AQUARIUS株式会社,静岡県,月給28万円～50万円,正社員,美容,求人ボックス,https://xn--pckua2a7gp15o89zb.com/jbn/f2343979ec4c6d4a033ea3e02f8cf20c,True,12時間前,2026-09-30 05:15:33,静岡県
「残り枠わずか!」未経験採用枠／プログラマー／キャリア形成可能新着,株式会社alBee,静岡県,"月給29万5,000円",正社員,美容,求人ボックス,https://xn--pckua2a7gp15o89zb.com/jbn/14bae79056714adcdc13bff4d39eaa5e,True,11時間前,2026-09-30 05:15:33,静岡県
「福利厚生充実」／事務・受付スタッフ／交通費全額支給／産休・育休あり「正社員」新着,...原則定時退社だからお仕事後のプライベートが超充実 ギスギスした雰囲気とは無縁の、何でも相談しやすい環境<元接客・販売スタッフが多数在籍!>コンビニ夜勤、ホテルフロント、居酒屋、アパレル、,静岡県,月給20万500円,正社員,美容,求人ボックス,https://xn--pckua2a7gp15o89zb.com/jbn/2175ebd41f134a9d14f3ca59180ffea9,True,2時間前,2026-09-30 05:15:33,静岡県
ソフトを使ったことがなくてもOK!／動画制作／キャリア形成可能／未経験活躍新着,...未経験から動画編集に挑戦したい方 WebやIT業界に漠然とした興味がある方 基礎から学べる環境で成長したい方 トレンドが好きで新しいことが好きな方先輩のほぼ100%が未経験スタート!飲食店や,静岡県,月給30万円～45万円,正社員,美容,求人ボックス,https://xn--pckua2a7gp15o89zb.com/jbn/c701e811bc6f46103da4cb35b008cf4b,True,12時間前,2026-09-30 05:15:33,静岡県
SNSで人気の眉毛×まつ毛パーマ専門店／完全週休2日制／平均月収30万以上新着,株式会社ロレインブロウ,静岡県,月給23万円～40万円,正社員,美容,求人ボックス,https://xn--pckua2a7gp15o89zb.com/jb/78b706e0d7a71277d1986afc7c805866,True,23時間前,2026-09-30 05:15:33,静岡県
完全在宅のTikTokライバー新着,株式会社HYBRIDBANK,静岡県,"時給2,000円～",アルバイト・パート,美容,求人ボックス,https://xn--pckua2a7gp15o89zb.com/jb/2cdcc42896fec6890da449c4e7c0bcfd,True,15時間前,2026-09-30 05:15:33,静岡県
「新生活デビュー応援!」未経験採用枠／製造スタッフ・カプセルトイ／研修充実新着,NKY株式会社,静岡県,月給28万円～50万円,正社員,美容,求人ボックス,https://xn--pckua2a7gp15o89zb.com/jb/53c9d3a96d41204b26f9d887e31aafec,True,20時間前,2026-09-30 05:15:33,静岡県
「まだ間に合う!」未経験採用枠／製造スタッフ・カプセルトイ／プライベート充実新着,株式会社ライトキャリア,静岡県,月給28万円～50万円,正社員,美容,求人ボックス,https://xn--pckua2a7gp15o89zb.com/jb/5ac6c912bcb98729e9a2a677ef5ab388,True,20時間前,2026-09-30 05:15:33,静岡県
「全国採用」完全リモートの電話占い師／占い経験者・接客経験者・ナイトワーク経験者活躍中新着,株式会社インスピ,静岡県,月給10万円～50万円,,美容,求人ボックス,https://xn--pckua2a7gp15o89zb.com/jbn/d35130f7e03ae37fb807d710a9cbf974,True,3時間前,2026-09-30 05:15:33,静岡県
「全国採用」完全リモートの電話占い師／占い経験者・接客経験者・ナイトワーク経験者活躍中新着,株式会社シエロ,静岡県,月給10万円～70万円,,美容,求人ボックス,https://xn--pckua2a7gp15o89zb.com/jbn/9618c1b3730e1d59d86b1473fcfb9bcf,True,3時間前,2026-09-30 05:15:37,静岡県
保育士／静岡市葵区千代田の小規模認可園／静岡清水線「長沼駅」 車6分新着,セントスタッフ名古屋支店,静岡県,"月給23万6,500円",正社員,美容,求人ボックス,https://xn--pckua2a7gp15o89zb.com/jb/7cdb590834bdd7baac3868becd85e4e8,True,6時間前,2026-09-30 05:15:37,静岡県
定時ぴったり おじいちゃんおばあちゃんの見守りスタッフ／未経験OK新着,株式会社ウィルオブ・ワーク,静岡県,"時給1,350円",派遣社員,美容,求人ボックス,https://xn--pckua2a7gp15o89zb.com/jb/fc5593d28b7c64eef07ea470606bad58,True,19時間前,2026-09-30 05:15:37,静岡県
学校運営職／未経験歓迎 年休120日 福利厚生充実 勤務地多数:希望エリア外への転勤なし新着,学校法人三幸学園,静岡県,年収450万円～530万円,正社員,美容,求人ボックス,https://xn--pckua2a7gp15o89zb.com/jb/7ff09fead32f39eab6e4b42f6d86aa31,True,15時間前,2026-09-30 05:15:37,静岡県
定時ぴったり おじいちゃんおばあちゃんの見守りスタッフ／経験者即戦力新着,株式会社ウィルオブ・ワーク,静岡県,"時給1,350円",派遣社員,美容,求人ボックス,https://xn--pckua2a7gp15o89zb.com/jb/07252860984402853ddb1ec2b75e338f,True,19時間前,2026-09-30 05:15:41,静岡県
「0からのキャリア形成」一般事務スタッフ／完全週休2日制「土日祝」新着,株式会社小林,静岡県,"月給29万7,800円",正社員,事務,求人ボックス,https://xn--pckua2a7gp15o89zb.com/jbn/b853bfe46855f8a1425ec9208d7067b7,True,10時間前,2026-09-30 05:15:46,静岡県
「先輩の手厚いサポート」一般事務職／完全週休二日「土日祝」／寮社宅あり新着,AQUARIUS株式会社,静岡県,"月給30万9,100円",正社員,事務,求人ボックス,https://xn--pckua2a7gp15o89zb.com/jbn/ee4ea757a5e7c23b101127fd39ef66d5,True,10時間前,2026-09-30 05:15:46,静岡県
「先輩の手厚いサポート」一般事務職／完全週休二日「土日祝」／寮社宅あり新着,株式会社RIOT,静岡県,"月給32万1,500円",正社員,事務,求人ボックス,https://xn--pckua2a7gp15o89zb.com/jbn/96103369db27edb5952fc33ff1271c4b,True,10時間前,2026-09-30 05:15:46,静岡県
一般事務／未経験歓迎／データ入力と書類作成から開始／土日祝休み新着,エンタイトルツーベース株式会社,静岡県,月給29万円～40万円,正社員,事務,求人ボックス,https://xn--pckua2a7gp15o89zb.com/jbn/355a4e71e55e4282ded83f1f03df9a63,True,10時間前,2026-09-30 05:15:47,静岡県
一般事務 土日祝休み・残業なし新着,株式会社ズームアップ,静岡県,"時給1,320円",派遣社員,事務,求人ボックス,https://xn--pckua2a7gp15o89zb.com/jb/089db8eb59451fde8cf189250a73963d,True,19時間前,2026-09-30 05:15:47,静岡県
「27卒」一般事務／電話対応とデータ入力／研修制度充実新着,ベンタス株式会社,静岡県,"月給26万3,200円",正社員,事務,求人ボックス,https://xn--pckua2a7gp15o89zb.com/jbn/b7a66d125bd29decf62ed33355296427,True,7時間前,2026-09-30 05:15:47,静岡県
「0からのキャリア形成」一般事務スタッフ／完全週休2日制「土日祝」新着,一般事務,静岡県,"月給29万5,600円",正社員,事務,求人ボックス,https://xn--pckua2a7gp15o89zb.com/jbn/0a05c67bb7e6637f2dcadd79e12891c7,True,10時間前,2026-09-30 05:15:47,静岡県
「27卒・新卒大歓迎」PCでのカンタン入力／一般事務／丁寧な指導新着,株式会社Meta Sales,静岡県,"月給26万3,200円",正社員,事務,求人ボックス,https://xn--pckua2a7gp15o89zb.com/jbn/202804102d9644d1b5847c6c11656509,True,8時間前,2026-09-30 05:15:47,静岡県
「20~30代歓迎」一般事務アシスタント／有給あり／BBQなどイベント...新着,一般事務,静岡県,"月給31万3,600円",正社員,事務,求人ボックス,https://xn--pckua2a7gp15o89zb.com/jbn/956089e3ba2523495596f5d058d47026,True,10時間前,2026-09-30 05:15:47,静岡県
一般事務／未経験OK・大手企業のキレイなオフィス新着,株式会社シーエーティー,静岡県,"時給1,800円～",派遣社員,事務,求人ボックス,https://xn--pckua2a7gp15o89zb.com/jb/b5c86fec0838263391bf7811da489110,True,13時間前,2026-09-30 05:15:51,静岡県
27卒・新卒／一般事務／書類作成とデータ入力からスタート／研修あり新着,株式会社Le Lien,静岡県,"月給25万8,100円",正社員,事務,求人ボックス,https://xn--pckua2a7gp15o89zb.com/jbn/425ce3f4a5ebada7025178392316a0b0,True,8時間前,2026-09-30 05:15:51,静岡県
自分らしく働ける／一般事務／オフィスワーク／未経験歓迎／No.755新着,一般事務,静岡県,"月給27万4,000円",正社員,事務,求人ボックス,https://xn--pckua2a7gp15o89zb.com/jbn/ca38644e314736903e955d0116077d9f,True,14時間前,2026-09-30 05:15:53,静岡県
一般事務・簡単なPC操作のみ・ブランクOK・育休あり新着,株式会社alBee,静岡県,月給26万100円,正社員,事務,求人ボックス,https://xn--pckua2a7gp15o89zb.com/jbn/6697c90b09cabaa56ca575e3fd4f7512,True,9時間前,2026-09-30 05:15:53,静岡県
一般事務／未経験歓迎／書類作成とメール対応／賞与あり・週休2日制新着,株式会社FIVE SENSES,静岡県,"月給29万5,000円",正社員,事務,求人ボックス,https://xn--pckua2a7gp15o89zb.com/jbn/d79c08076cc9e8d9750e4d0b6c189a6a,True,6時間前,2026-09-30 05:15:56,静岡県
もくもくPC入力で安心勤務!アットホームな雰囲気／一般事務／資格不要新着,事務,静岡県,"月給25万2,800円",正社員,事務,求人ボックス,https://xn--pckua2a7gp15o89zb.com/jbn/144df5149c4b0f6511e25279e03049b9,True,9時間前,2026-09-30 05:15:56,静岡県
未経験から始める一般事務／データ入力と書類整理／研修あり・土日祝休み新着,一般事務,静岡県,"月給32万7,600円",正社員,事務,求人ボックス,https://xn--pckua2a7gp15o89zb.com/jbn/7d746815fa389e831b329fc235e49170,True,6時間前,2026-09-30 05:15:56,静岡県
落ち着いた環境でコツコツ!働きやすい環境／一般事務／20代活躍中新着,事務,静岡県,"月給24万6,200円",正社員,事務,求人ボックス,https://xn--pckua2a7gp15o89zb.com/jbn/f0a2947ef417d6cf5eb8cd1c6ddf416c,True,8時間前,2026-09-30 05:16:01,静岡県
一般事務スタッフ「正社員」メリハリある働き方・土日祝休み新着,事務,静岡県,"月給24万9,500円",正社員,事務,求人ボックス,https://xn--pckua2a7gp15o89zb.com/jbn/87db0203b4449cc684605aa4f25c2df6,True,9時間前,2026-09-30 05:16:01,静岡県
「アニメ・ゲーム好き必見!」一般事務／住宅手当あり／未経験歓迎新着,株式会社SDビジョン,静岡県,月給30万円～50万円,正社員,事務,求人ボックス,https://xn--pckua2a7gp15o89zb.com/jbn/58c1b83e638fae4d8dee78ea247ce9c8,True,23時間前,2026-09-30 05:16:05,静岡県
書類整理でスッキリ!丁寧な研修で安心スタート／一般事務／資格不要新着,事務,静岡県,"月給25万4,000円",正社員,事務,求人ボックス,https://xn--pckua2a7gp15o89zb.com/jbn/03acf7a0b4d9cfc28b141076a5dede41,True,9時間前,2026-09-30 05:16:05,静岡県
「福利厚生充実」／一般事務／WEB面接可能／ボーナスあり「正社員」新着,一般事務,静岡県,月給21万500円,正社員,事務,求人ボックス,https://xn--pckua2a7gp15o89zb.com/jbn/2772105bc3f10361f43ece05a8b93515,True,2時間前,2026-09-30 05:16:05,静岡県
「残り枠わずか!」未経験からできる一般事務／年間休日120日以上新着,一般事務,静岡県,月給27万円～40万円,正社員,事務,求人ボックス,https://xn--pckua2a7gp15o89zb.com/jbn/7f056dfae0424612c787995f053638e3,True,11時間前,2026-09-30 05:16:08,静岡県
福利厚生充実の注目求人／一般事務／オフィスワーク／未経験歓迎新着,一般事務,静岡県,"月給26万4,000円",正社員,事務,求人ボックス,https://xn--pckua2a7gp15o89zb.com/jbn/14a50cf0c4e7842b330faa3a99a6cf00,True,15時間前,2026-09-30 05:16:08,静岡県
「未経験からオフィスデビュー」一般事務スタッフ／土日祝休み／研修あり新着,株式会社RIOT GROUP,静岡県,"月給32万3,600円",正社員,事務,求人ボックス,https://xn--pckua2a7gp15o89zb.com/jbn/7e8993db328dd83618a28a3951df5c35,True,6時間前,2026-09-30 05:16:11,静岡県
「27卒・新卒」一般事務スタッフ／データ入力や書類作成／土日祝休み新着,株式会社LOP,静岡県,月給24万600円,正社員,事務,求人ボックス,https://xn--pckua2a7gp15o89zb.com/jbn/97aa6af51b3eed2ca162385c09df8bfb,True,7時間前,2026-09-30 05:16:11,静岡県
土日祝休み／27卒・新卒／一般事務／電話取次ぎや書類整理を担当新着,株式会社大斗,静岡県,"月給25万6,600円",正社員,事務,求人ボックス,https://xn--pckua2a7gp15o89zb.com/jbn/0703506ffe4905070ad3d95b04bdf076,True,7時間前,2026-09-30 05:16:11,静岡県
「まだ間に合う!」未経験採用枠／一般事務／年間休日125日以上新着,株式会社ライトキャリア,静岡県,月給25万円～40万円,正社員,事務,求人ボックス,https://xn--pckua2a7gp15o89zb.com/jb/e73c8dea6d308f29dfd30bdb4ae7975a,True,20時間前,2026-09-30 05:16:14,静岡県
最新システムが特徴の鍼灸整骨院、柔道整復師新着,柔道整復師,静岡県,月給23万円～26万円,正社員,治療家,求人ボックス,https://xn--pckua2a7gp15o89zb.com/jb/5411115b4c9ea11942eeff53820a50b0,True,9時間前,2026-09-30 05:16:16,静岡県
デイサービスの機能訓練指導員／1日8時間勤務新着,株式会社ツクイ,静岡県,月給23万円,正社員,治療家,求人ボックス,https://xn--pckua2a7gp15o89zb.com/jb/fab3b9947f0983af8a4c38696677b6c7,True,14時間前,2026-09-30 05:16:16,静岡県
経理・総務サポート事務／週3～4日応相談／家庭との両立も可新着,株式会社東洋インフラテック,静岡県,"時給1,200円～",アルバイト・パート,経理,求人ボックス,https://xn--pckua2a7gp15o89zb.com/jb/7e685f514b64e74963f5a31a553cf2cd,True,14時間前,2026-09-30 05:15:46,静岡県
プライベートも両立しやすい!ペースに合わせて学べる／オフィスワーク事務／第二新卒歓迎新着,株式会社Meta Sales,静岡県,"月給24万5,000円",正社員,経理,求人ボックス,https://xn--pckua2a7gp15o89zb.com/jbn/b26fa44a01aa593ec8761b7b69461b5e,True,8時間前,2026-09-30 05:15:46,静岡県
PCはカンタン操作だけ!コツコツ進めるオフィスワーク／事務アシスタント／未経験歓迎新着,事務,静岡県,"月給25万6,200円",正社員,経理,求人ボックス,https://xn--pckua2a7gp15o89zb.com/jbn/72bbca857624d0702574ebca952fa0bb,True,8時間前,2026-09-30 05:15:46,静岡県
営業サポート事務／充実の研修で安心スタート!／ブランクOK／交通費全額支給新着,事務,静岡県,月給21万500円,正社員,経理,求人ボックス,https://xn--pckua2a7gp15o89zb.com/jbn/01e0a267115b523a04d03f1ff206ae2c,True,3時間前,2026-09-30 05:15:48,静岡県
データ入力事務／完全週休2日制／採用強化中／充実の研修で安心スタート新着,事務,静岡県,"月給20万5,500円",正社員,経理,求人ボックス,https://xn--pckua2a7gp15o89zb.com/jbn/b08bdacef67af63729e9f57f83a3e8bb,True,2時間前,2026-09-30 05:15:48,静岡県
卵の生産・販売会社の事務スタッフ新着,有限会社あさぎり高原ファーム,静岡県,"月給20万4,160円",正社員,経理,求人ボックス,https://xn--pckua2a7gp15o89zb.com/jb/a208c5706a7bec6b4c7920e505036397,True,13時間前,2026-09-30 05:15:51,静岡県
カンタン事務・育休あり・長く働ける職場・第二新卒歓迎新着,株式会社大斗,静岡県,月給27万300円,正社員,経理,求人ボックス,https://xn--pckua2a7gp15o89zb.com/jbn/8fb0794779b5828868edec4b634e1111,True,9時間前,2026-09-30 05:15:51,静岡県
「早めに働きたい方におすすめ!」／ゲームプランナー／WEB面接対応／未経験歓迎／賞与あり新着,このお仕事の特徴一般,静岡県,月給27万円～34万円,正社員,経理,求人ボックス,https://xn--pckua2a7gp15o89zb.com/jbn/93894f2eff1e7e7104690cc4b51e8e95,True,17時間前,2026-09-30 05:15:55,静岡県
「同世代の仲間と始めやすい!」／ゲームテスター／未経験OK／サポート体制充実／20〜30代活躍中新着,このお仕事の特徴一般,静岡県,月給27万円～34万円,正社員,経理,求人ボックス,https://xn--pckua2a7gp15o89zb.com/jbn/1f0ef5529158583fa5e00807d1876577,True,17時間前,2026-09-30 05:15:55,静岡県
オフィスワーク事務・20代活躍中・残業少なめ新着,事務,静岡県,"月給24万6,500円",正社員,経理,求人ボックス,https://xn--pckua2a7gp15o89zb.com/jbn/e761eda975848f23f4ef6934ec537e10,True,9時間前,2026-09-30 05:15:58,静岡県
未経験可／研修充実／システムエンジニア新着,infront株式会社,静岡県,月給28万円～50万円,正社員,経理,求人ボックス,https://xn--pckua2a7gp15o89zb.com/jbn/b662e824e0389c5336bb521098402697,True,11時間前,2026-09-30 05:16:06,静岡県
オフィスワーク事務・土日祝休み・ブランクOK・働きやすい職場新着,事務,静岡県,"月給25万8,000円",正社員,経理,求人ボックス,https://xn--pckua2a7gp15o89zb.com/jbn/bd362ba3ffaab67d7c6826c34816a6fc,True,9時間前,2026-09-30 05:16:06,静岡県
「月収30万円も可能!」／ゲームプログラマー／未経験OK／コードを入力して動きをチェックする作業新着,このお仕事の特徴一般,静岡県,月給27万円～34万円,正社員,経理,求人ボックス,https://xn--pckua2a7gp15o89zb.com/jbn/9c69977b890ffb9f5aa1103bb084c177,True,17時間前,2026-09-30 05:16:12,静岡県
週休2日制／研修制度あり／社会保険完備／事務・バックオフィススタッフ新着,事務,静岡県,年収298万円～398万,正社員,経理,求人ボックス,https://xn--pckua2a7gp15o89zb.com/jbn/d93a67c74f4e6d6e3a2083483da47989,True,17時間前,2026-09-30 05:16:12,静岡県
学歴不問／女性活躍中／大量募集中／事務・バックオフィススタッフ新着,˚ ₊⁎ ⁎⁺˳ ༚˚ ₊⁎ ⁎⁺˳ ༚˚ ₊⁎ ⁎⁺˳ ༚˚ ₊⁎<働く環境・サポート体制>,静岡県,"年収301万5,000円",正社員,経理,求人ボックス,https://xn--pckua2a7gp15o89zb.com/jbn/f73df0d45cacf4fcf462ede22177589d,True,17時間前,2026-09-30 05:16:16,静岡県
学歴不問／交通費支給あり／フリーター歓迎／事務・バックオフィススタッフ新着,当社は地域に密着した賃貸仲介サービスを提供しており、今回募集する一般,静岡県,"年収299万5,000円",正社員,経理,求人ボックス,https://xn--pckua2a7gp15o89zb.com/jbn/3661e8af5152f193f4f447995c863689,True,17時間前,2026-09-30 05:16:16,静岡県
即日勤務OK／女性活躍中／駅チカ・駅ナカ／事務・バックオフィススタッフ新着,経理,静岡県,"年収301万5,000円",正社員,経理,求人ボックス,https://xn--pckua2a7gp15o89zb.com/jbn/95bf0cd1b683590bba65ff0625f21f29,True,17時間前,2026-09-30 05:16:16,静岡県
学歴不問／産休・育休の実績あり／女性活躍中／未経験歓迎／事務・バックオフィススタッフ新着,経理,静岡県,"年収299万5,000円",正社員,経理,求人ボックス,https://xn--pckua2a7gp15o89zb.com/jbn/a1d79aeafd9d8631c549a96d4b4ac89c,True,17時間前,2026-09-30 05:16:16,静岡県
交通費支給あり／産休・育休の実績あり／学歴不問／事務・バックオフィススタッフ新着,当社は地域に密着した賃貸仲介サービスを提供しており、今回募集する一般,静岡県,"年収303万5,000円",正社員,経理,求人ボックス,https://xn--pckua2a7gp15o89zb.com/jbn/f1fc54111d5401cc5fe5ec158ef80754,True,17時間前,2026-09-30 05:16:16,静岡県
市立病院での施設警備員新着,株式会社静岡ダイケン,静岡県,"時給1,100円～",アルバイト・パート,警備,求人ボックス,https://xn--pckua2a7gp15o89zb.com/jb/cdc8db288e54e21f1c5609be6abaed6b,True,7時間前,2026-09-30 05:16:19,静岡県
警備員／株式会社安全警備新着,株式会社第二章,静岡県,"日給1万2,000円",アルバイト・パート,警備,求人ボックス,https://xn--pckua2a7gp15o89zb.com/jb/e688261163639038f7f4ae26dc3e5c9a,True,2時間前,2026-09-30 05:16:19,静岡県
「愛知県勤務」交通誘導／待遇に自信あり／引っ越しサポートあり・日払い週払い可新着,セキュリティスタッフ株式会社,静岡県,"日給9,500円",正社員,警備,求人ボックス,https://xn--pckua2a7gp15o89zb.com/jb/607ec49f1163adef4541db4420d4b2cc,True,4時間前,2026-09-30 05:16:19,静岡県
交通誘導警備スタッフ新着,萬祥警備株式会社,静岡県,日給1万300円,アルバイト・パート,警備,求人ボックス,https://xn--pckua2a7gp15o89zb.com/jb/873a7900b233f795c5f0a7e7e21f99d5,True,7時間前,2026-09-30 05:16:19,静岡県
企業の出入管理業務新着,株式会社村上産業,静岡県,日給1万200円,アルバイト・パート,警備,求人ボックス,https://xn--pckua2a7gp15o89zb.com/jb/05f16c1faa5012ca947c11ae47e6bd10,True,19時間前,2026-09-30 05:16:19,静岡県
常駐セキュリティスタッフ新着,セコムジャスティック株式会社,静岡県,"月給22万8,700円",正社員,警備,求人ボックス,https://xn--pckua2a7gp15o89zb.com/jb/769488d7297f66c8e68ef580f0e094be,True,22時間前,2026-09-30 05:16:19,静岡県
鉄道関連警備／全日警 静岡支社新着,株式会社全日警 求人サイト,静岡県,"月給19万6,250円",正社員,警備,求人ボックス,https://xn--pckua2a7gp15o89zb.com/jb/2c5944e49e8455f4203e42f3ec8a87d4,True,6時間前,2026-09-30 05:16:19,静岡県
資材の運搬スタッフ 未経験者積極採用中 冷暖房完備 簡易クリーンルーム 日勤 土日休み 車通勤可新着,株式会社オーロ,静岡県,"時給1,300円",派遣社員,警備,求人ボックス,https://xn--pckua2a7gp15o89zb.com/jb/b8c76427d1125edf8c1d37400ce8e9d3,True,4時間前,2026-09-30 05:16:19,静岡県
スーパーの早朝仕分け・品出し新着,マックスバリュ伊豆下田店,静岡県,"時給1,241円",アルバイト・パート,警備,求人ボックス,https://xn--pckua2a7gp15o89zb.com/jb/b65b1fa6bdb79b74d4572a921f65b792,True,11時間前,2026-09-30 05:16:19,静岡県
スーパーの店舗アルバイトスタッフ新着,マックスバリュエクスプレス沼津岡宮店,静岡県,"時給1,241円",アルバイト・パート,警備,求人ボックス,https://xn--pckua2a7gp15o89zb.com/jb/e5d2f132cc923aef392f6ba7723c764b,True,11時間前,2026-09-30 05:16:19,静岡県
スポーツ施設内での清掃スタッフ新着,株式会社静岡ダイケン東部支店,静岡県,"時給1,100円",アルバイト・パート,警備,求人ボックス,https://xn--pckua2a7gp15o89zb.com/jb/f3225055d3be19abc190b2fbaf920057,True,7時間前,2026-09-30 05:16:19,静岡県
警備・交通誘導新着,日本エコシステム株式会社,静岡県,"日給1万1,000円",アルバイト・パート,警備,求人ボックス,https://xn--pckua2a7gp15o89zb.com/jb/2b56052ffab9e2e342ff74a09239535f,True,8時間前,2026-09-30 05:16:19,静岡県
設備管理 夜勤少なめ 残業15h内 賞与年2回支給新着,星光ビル管理株式会社,静岡県,"月給24万6,000円",正社員,警備,求人ボックス,https://xn--pckua2a7gp15o89zb.com/jb/bd8ea1fb4aec0f1e628d62adeeee511b,True,22時間前,2026-09-30 05:16:19,静岡県
未経験者歓迎!なのに時給が高い!待遇が良い!宇佐美グループのガソリンスタンドスタッフ新着,株式会社ユーオーエス,静岡県,"時給1,150円～1,250円",アルバイト・パート,警備,求人ボックス,https://xn--pckua2a7gp15o89zb.com/jb/e7a5e9d73c49909e4856f16035cd6102,True,14時間前,2026-09-30 05:16:19,静岡県
日勤のみのデイサービスの看護師新着,よつ葉のクローバー前島,静岡県,"時給1,500円",アルバイト・パート,看護,求人ボックス,https://xn--pckua2a7gp15o89zb.com/jb/6e59d6209acc7a564d49d9ddc31db56d,True,7時間前,2026-09-30 05:16:03,静岡県
訪問看護師 月給40万円から新着,訪問看護ステーション 新店,静岡県,月給40万円,正社員,看護,求人ボックス,https://xn--pckua2a7gp15o89zb.com/jb/d6897bbcbe24362043ad615b4d983f9c,True,13時間前,2026-09-30 05:16:03,静岡県
看護アシスタント／未経験OK!土日祝休みの看護師さんのサポートスタッフ新着,株式会社ルフト・メディカルケア,静岡県,"時給1,350円",派遣社員,看護,求人ボックス,https://xn--pckua2a7gp15o89zb.com/jb/dfc43a7744e51cd5cbcd2341520e7c6f,True,22時間前,2026-09-30 05:16:03,静岡県
正看護師／訪問看護 日勤のみ新着,株式会社心優,静岡県,"時給1,800円～",アルバイト・パート,看護,求人ボックス,https://xn--pckua2a7gp15o89zb.com/jb/d0c790a851bdd3a4d6657c3752564256,True,9時間前,2026-09-30 05:16:03,静岡県
デイサービスの看護師 ラクラク業務 時短相談OK新着,株式会社コトリオ,静岡県,"時給2,300円～",派遣社員,看護,求人ボックス,https://xn--pckua2a7gp15o89zb.com/jb/3decc532cf32243803820488fc786797,True,15時間前,2026-09-30 05:16:03,静岡県
看護師新着,看護師,静岡県,"時給1,500円",アルバイト・パート,看護,求人ボックス,https://xn--pckua2a7gp15o89zb.com/jb/9fe8721bac862cbaee96b58db41d39c7,True,13時間前,2026-09-30 05:16:04,静岡県
准看護師・社会保険完備の職場で看護師／准看護師新着,特別養護老人ホーム海光園,静岡県,"月給27万7,000円",正社員,看護,求人ボックス,https://xn--pckua2a7gp15o89zb.com/jb/040299cca7f51299a98211fcea7fcad4,True,7時間前,2026-09-30 05:16:04,静岡県
訪問看護師新着,株式会社アイエーイー,静岡県,"月給27万6,000円",,看護,求人ボックス,https://xn--pckua2a7gp15o89zb.com/jb/17cb595dc4177fb6d2238e4e6f7f4024,True,16時間前,2026-09-30 05:16:04,静岡県
正看護師・准看護師／介護・福祉 日勤のみ新着,社会福祉法人花園会,静岡県,"月給24万4,000円",正社員,看護,求人ボックス,https://xn--pckua2a7gp15o89zb.com/jb/27d7fa21c718d6db3fdf2da5f20bc544,True,9時間前,2026-09-30 05:16:04,静岡県
看護師 訪問入浴新着,株式会社ASCare,静岡県,"月給25万8,000円",正社員,看護,求人ボックス,https://xn--pckua2a7gp15o89zb.com/jb/dcbc8122434180748072724f74cd02f4,True,21時間前,2026-09-30 05:16:04,静岡県
勤務時間など自由に調整可能でWワークも働きやすい看護師新着,看護師,静岡県,"時給1,500円",アルバイト・パート,看護,求人ボックス,https://xn--pckua2a7gp15o89zb.com/jb/fa27c547429af160f9c7dcd1a4abc48c,True,14時間前,2026-09-30 05:16:04,静岡県
看護師／介護老人保健施設新着,介護老人保健施設あじさい,静岡県,"月給21万4,300円",正社員,看護,求人ボックス,https://xn--pckua2a7gp15o89zb.com/jb/4d98ad7b6f891ae2e1152cf0be5b81da,True,7時間前,2026-09-30 05:16:04,静岡県
"未経験も月給350,000円から12月オープン予定の障がい者グループホームで看護師新着",看護師,静岡県,"月給350,000円",正社員,看護,求人ボックス,https://xn--pckua2a7gp15o89zb.com/jb/4931cc547107e05f061d7dee8fcfb83e,True,14時間前,2026-09-30 05:16:04,静岡県
正看護師／病棟 2交代新着,看護,静岡県,月給32万円～40万,正社員,看護,求人ボックス,https://xn--pckua2a7gp15o89zb.com/jb/2196c1d8e143a29aa830b1bc1c0b4278,True,9時間前,2026-09-30 05:16:07,静岡県
有料老人ホームの看護師／週3～5日勤務新着,株式会社ツクイ,静岡県,"時給1,527円",アルバイト・パート,看護,求人ボックス,https://xn--pckua2a7gp15o89zb.com/jb/4059eeeee445217ca6789868c091c7fa,True,14時間前,2026-09-30 05:16:07,静岡県
夜勤専従看護師新着,医療法人好生会 小笠病院,静岡県,"時給1,450円",アルバイト・パート,看護,求人ボックス,https://xn--pckua2a7gp15o89zb.com/jb/06eafd027b0b61854864b898bb1d29b7,True,5時間前,2026-09-30 05:16:07,静岡県
無資格OK 病院での看護アシスタント新着,株式会社ウィルオブ・ワーク,静岡県,"時給1,350円",派遣社員,看護,求人ボックス,https://xn--pckua2a7gp15o89zb.com/jb/5d668ff18d3175886bd8abbddbc257f6,True,19時間前,2026-09-30 05:16:10,静岡県
保育士／焼津市柳新屋の認可保育園／焼津から車で10分新着,セントスタッフ名古屋支店,静岡県,"月給19万4,500円",正社員,看護,求人ボックス,https://xn--pckua2a7gp15o89zb.com/jb/ad8fd5396b11590006bd26096976ba8e,True,6時間前,2026-09-30 05:16:10,静岡県
「賞与年2回」ゲームQAアシスタント／未経験歓迎／チェック項目に沿った品質確認新着,Yts株式会社,静岡県,月給30万円～60万円,正社員,看護,求人ボックス,https://xn--pckua2a7gp15o89zb.com/jbn/07011a7948549aed4981d0ae2235c4ee,True,13時間前,2026-09-30 05:16:14,静岡県
相談員として働きやすさも大切に／特養の生活相談員／年間休日116日以上／日勤勤務新着,株式会社レガート,静岡県,月給27万円～,正社員,看護,求人ボックス,https://xn--pckua2a7gp15o89zb.com/jb/f03e51d65e1715040b46738f09a505f3,True,7時間前,2026-09-30 05:16:14,静岡県
障害者支援に携わりたい生活支援員新着,クライスハイム東町,静岡県,"月給24万9,000円",正社員,看護,求人ボックス,https://xn--pckua2a7gp15o89zb.com/jb/8c7eabefc15f42d2d9ced5107af70f17,True,7時間前,2026-09-30 05:16:17,静岡県
介護の相談するなら株式会社アクアコーポレーション!／まずは相談での応募可新着,株式会社アクアコーポレーション,静岡県,"月給20万5,000円",正社員,看護,求人ボックス,https://xn--pckua2a7gp15o89zb.com/jb/1a7736a388d11a738491e048dc2ed19f,True,6時間前,2026-09-30 05:16:17,静岡県
完全在宅のTikTokライバー新着,株式会社HYBRIDBANK,静岡県,"時給2,000円～",アルバイト・パート,看護,求人ボックス,https://xn--pckua2a7gp15o89zb.com/jb/e029023f2fbce8e5d45a66ae54e63a49,True,15時間前,2026-09-30 05:16:17,静岡県
介護スタッフ・未経験・無資格／バイク通勤OK／未経験歓迎／深夜はたらく・夜勤／資格取得支援／安定企業新着,ホームケア土屋 静岡,静岡県,"時給1,700円～1,850円",アルバイト・パート,看護,求人ボックス,https://xn--pckua2a7gp15o89zb.com/jbn/6542bddcf53c9552c9c693841a3d3e5e,True,3時間前,2026-09-30 05:16:17,静岡県
看護助手／業界未経験可!訪問診療をサポートするサポートスタッフ新着,...診療科目:内科、消化器内科、外科、整形外科、泌尿器科、呼吸器内科、肛門外科、脳神経内科、リウマチ科、リハビリテーション科、皮膚科、循環器内科、糖尿病・内分泌内科 スタッフ数:5名└医師:2名└,静岡県,"月給16万1,000円",正社員,看護,求人ボックス,https://xn--pckua2a7gp15o89zb.com/jb/646692c813802532f20c50012a29f167,True,9時間前,2026-09-30 05:16:21,静岡県
日勤のみ マイカー通勤OK 特別養護老人ホームで正看護師新着,社会福祉法人湖聖会,静岡県,"時給1,500円～",アルバイト・パート,看護,求人ボックス,https://xn--pckua2a7gp15o89zb.com/jb/c01953aed07e4778566c75e9714984ce,True,23時間前,2026-09-30 05:16:21,静岡県
2027年2月オープン予定 グループホームにて看護師新着,株式会社メディカリーケア,静岡県,年収490万円～,正社員,看護,求人ボックス,https://xn--pckua2a7gp15o89zb.com/jb/0d3231a9dc87ff4af6a198e5779c4984,True,23時間前,2026-09-30 05:16:24,静岡県
看護師／看護スタッフ!病院とは違う、寄り添いの看護を。新着,株式会社SOYOKAZE,静岡県,"時給1,600円～1,800円",アルバイト・パート,看護,求人ボックス,https://xn--pckua2a7gp15o89zb.com/jb/33045a3fc6b3b0a15185d7266ebbd996,True,23時間前,2026-09-30 05:16:24,静岡県
常勤 医師／訪問診療／クリニック新着,...午後:6件～9件訪問先/訪問件数メモ1日の訪問件数:個人宅のみの場合は12件前後、施設が含まれる場合は平均18件前後主な訪問手段車訪問診療時カルテ電子カルテ直行直帰不可訪問体制,静岡県,"年収1,400万円～1,800万円",正社員,看護,求人ボックス,https://xn--pckua2a7gp15o89zb.com/jb/66c9f1a5bb0296702b78cf2041611cb8,True,23時間前,2026-09-30 05:16:24,静岡県
定期／日勤／一般内科、訪問診療科、老年内科、一般外科新着,固定報酬10万円 / 交通費支給,静岡県,,アルバイト・パート,看護,求人ボックス,https://xn--pckua2a7gp15o89zb.com/jb/c818f4eb3f9b84086cc57738db3362d2,True,18時間前,2026-09-30 05:16:24,静岡県
介護職・ヘルパー／OJTで安心 産休育休取得率100% 大手法人運営!新着,医心館 三島,静岡県,月給27万300円,正社員,看護,求人ボックス,https://xn--pckua2a7gp15o89zb.com/jb/c4925d8e69e72649d7f5c013d0ece4da,True,5時間前,2026-09-30 05:16:24,静岡県
在宅医療新着,看護師,静岡県,"年収1,000万円～1,800万円",正社員,看護,求人ボックス,https://xn--pckua2a7gp15o89zb.com/jb/aebd2082d12db097fcf5a740c953e9f3,True,17時間前,2026-09-30 05:16:24,静岡県
薬剤師／病院新着,伊豆保健医療センター,静岡県,年収450万円～570万円,正社員,看護,求人ボックス,https://xn--pckua2a7gp15o89zb.com/jb/7735a249c153db534cf814c779dfc164,True,23時間前,2026-09-30 05:16:24,静岡県
薬剤師／調剤薬局新着,なの花薬局 藤枝小石川店,静岡県,年収400万円～500万円,正社員,看護,求人ボックス,https://xn--pckua2a7gp15o89zb.com/jb/9df2aaec9efbca09592633bf913519f3,True,23時間前,2026-09-30 05:16:26,静岡県
薬剤師／病院新着,看護師,静岡県,年収500万円～700万円,正社員,看護,求人ボックス,https://xn--pckua2a7gp15o89zb.com/jb/150ea010b725528d4444d86ca003884f,True,22時間前,2026-09-30 05:16:26,静岡県
中型トラックドライバー新着,東邦興産株式会社,静岡県,"月給25万1,985円",正社員,ドライバー,求人ボックス,https://xn--pckua2a7gp15o89zb.com/jb/f1d9a963fe411ff1e04802a583d44877,True,7時間前,2026-09-30 05:16:17,静岡県
年間休日120日以上／電動ドライバー用軸部品の組付け・動作確認新着,ドライバー,静岡県,月給35万円～38万円,正社員,ドライバー,求人ボックス,https://xn--pckua2a7gp15o89zb.com/jbn/bad90b4cd6af2e12a65f70f1eafd6f90,True,3時間前,2026-09-30 05:16:17,静岡県
2tトラックドライバー／社会保険完備新着,JPロジスティクス株式会社,静岡県,月給25万円～27万円,正社員,ドライバー,求人ボックス,https://xn--pckua2a7gp15o89zb.com/jbn/8e2ea26e982b10eb529618c9c5921065,True,9時間前,2026-09-30 05:16:17,静岡県
小型トラックドライバー／普通免許で活躍できる／ドライバー経験は一切不問新着,アーク引越センター株式会社,静岡県,月給26万円～31万円,正社員,ドライバー,求人ボックス,https://xn--pckua2a7gp15o89zb.com/jbn/21e7b0d1b672f93f83f95f1835bf391e,True,9時間前,2026-09-30 05:16:17,静岡県
ルート配送トラックドライバー／交通費支給新着,ピアノ運送株式会社,静岡県,"月給18万5,000円",正社員,ドライバー,求人ボックス,https://xn--pckua2a7gp15o89zb.com/jbn/4986db8a7c0afd19cc6bc8190e364aaa,True,9時間前,2026-09-30 05:16:17,静岡県
給食用食材のルート配送ドライバー新着,株式会社ふじ一,静岡県,月給30万円～,正社員,ドライバー,求人ボックス,https://xn--pckua2a7gp15o89zb.com/jb/b58c08c1bd1e76af2c5eeb58ba490594,True,7時間前,2026-09-30 05:16:17,静岡県
小型・中型・準中型トラックドライバー／1日2〜3件と配送少なめ新着,株式会社小池弥太郎商店,静岡県,月給20万円～28万円,正社員,ドライバー,求人ボックス,https://xn--pckua2a7gp15o89zb.com/jbn/3351d0c0648f9a861ce21f52f7979b90,True,9時間前,2026-09-30 05:16:18,静岡県
人材ファーストな会社 未経験でも男女関係なく月収40万円以上～!日用雑貨の軽貨物配送ドライバー新着,株式会社RIMURU,静岡県,月給38万円～60万円,,ドライバー,求人ボックス,https://xn--pckua2a7gp15o89zb.com/jb/833a5a58aec6dae8bb6e4221f69d85c4,True,11時間前,2026-09-30 05:16:18,静岡県
配送トラックドライバー／50代Crew活躍中!普通免許OK新着,イズミ物流株式会社,静岡県,"月給33万5,372円",正社員,ドライバー,求人ボックス,https://xn--pckua2a7gp15o89zb.com/jbn/7bf7ef449aef5d5e33859368303a4274,True,21時間前,2026-09-30 05:16:18,静岡県
4tトラックでの不用品回収ドライバー新着,株式会社環境衛生サービス,静岡県,月給20万円～25万円,正社員,ドライバー,求人ボックス,https://xn--pckua2a7gp15o89zb.com/jb/761d64abca21d111d315b942352267e6,True,13時間前,2026-09-30 05:16:18,静岡県
トラックドライバー新着,株式会社山本陸運,静岡県,月給30万円～35万円,正社員,ドライバー,求人ボックス,https://xn--pckua2a7gp15o89zb.com/jbn/2e4fb65dab47b36465c49d14dde1c99e,True,9時間前,2026-09-30 05:16:18,静岡県
大型配送ドライバー新着,島津急送株式会社,静岡県,月給26万円～40万円,正社員,ドライバー,求人ボックス,https://xn--pckua2a7gp15o89zb.com/jb/c218bd3087f341b4832b3f8cade11124,True,7時間前,2026-09-30 05:16:18,静岡県
未経験でも月収65万円以上!夢ある軽貨物ドライバー車貸し出しありですぐ...新着,齊藤美装株式会社,静岡県,"月給35万4,510円",,ドライバー,求人ボックス,https://xn--pckua2a7gp15o89zb.com/jb/f6e874636fb4770fc1e44a52a86bf498,True,10時間前,2026-09-30 05:16:20,静岡県
小型・中型・準中型トラックドライバー／地元で安心・ドライバーのお仕事新着,伊豆西濃運輸株式会社,静岡県,月給28万円～40万円,正社員,ドライバー,求人ボックス,https://xn--pckua2a7gp15o89zb.com/jbn/66ebf634a35a73a5650ea43871e8b50b,True,9時間前,2026-09-30 05:16:20,静岡県
バスドライバー新着,株式会社東海バス,静岡県,"月給25万5,000円",正社員,ドライバー,求人ボックス,https://xn--pckua2a7gp15o89zb.com/jbn/8102540167b206ddcab0304f2cd0bf01,True,9時間前,2026-09-30 05:16:20,静岡県
軽貨物配送ドライバー／未経験から業務委託デビュー／開業資金0円新着,合同会社machicoba,静岡県,,,ドライバー,求人ボックス,https://xn--pckua2a7gp15o89zb.com/jbn/cdbaffc36601bc2475ec85a98801ad9c,True,22時間前,2026-09-30 05:16:20,静岡県
"小型・中型・準中型トラックドライバー,引越しドライバー兼スタッフ新着",株式会社ハート引越センター,静岡県,月給26万円,正社員,ドライバー,求人ボックス,https://xn--pckua2a7gp15o89zb.com/jbn/dd1be853097fec6de5325f9b6c8ec6b4,True,9時間前,2026-09-30 05:16:20,静岡県
"大型トラックドライバー,トレーラー,タンクローリードライバー新着",ミナト流通サービス株式会社,静岡県,月給30万円～40万円,正社員,ドライバー,求人ボックス,https://xn--pckua2a7gp15o89zb.com/jbn/743a321243709fa0d8fd198d566a2539,True,9時間前,2026-09-30 05:16:20,静岡県
AT限定車で配送ドライバー軽い荷物をお届けします未経験でも男女関係なく...新着,株式会社FOOTBALL LIFE,静岡県,月給30万円～70万円,正社員,ドライバー,求人ボックス,https://xn--pckua2a7gp15o89zb.com/jb/8b12e4da7c7bae10f2abefa41a6442e2,True,10時間前,2026-09-30 05:16:20,静岡県
中型・準中型トラックドライバー／残業手当／制服貸与／車通勤OK新着,株式会社東成流通サービス,静岡県,月給31万円～34万円,正社員,ドライバー,求人ボックス,https://xn--pckua2a7gp15o89zb.com/jbn/bb3ec7f45364b0db948086a793bb0ac6,True,9時間前,2026-09-30 05:16:24,静岡県
2tから4t車のドライバー新着,株式会社アクロス,静岡県,"時給1,400円",派遣社員,ドライバー,求人ボックス,https://xn--pckua2a7gp15o89zb.com/jb/d2e4a18a693faddd874dd9b177c6007c,True,13時間前,2026-09-30 05:16:24,静岡県
大型トラックドライバー／大型免許とリフト資格を活かす／昇給あり新着,有限会社岩崎運送,静岡県,月給30万円～45万円,正社員,ドライバー,求人ボックス,https://xn--pckua2a7gp15o89zb.com/jbn/be3b2e4392877c6da942a4cd0425d977,True,9時間前,2026-09-30 05:16:24,静岡県
軽貨物・軽車両ドライバー／土日休み&固定ルートで未経験も安心新着,SBSゼンツウ株式会社,静岡県,"月給25万4,410円",正社員,ドライバー,求人ボックス,https://xn--pckua2a7gp15o89zb.com/jbn/de2f00ad1f56b69dde1313337f6eeb1b,True,9時間前,2026-09-30 05:16:24,静岡県
ダクト輸送の中型ドライバー新着,株式会社凌勇興業,静岡県,月給28万円～,正社員,ドライバー,求人ボックス,https://xn--pckua2a7gp15o89zb.com/jb/3d63032df009a18e4d92fb12e7683df8,True,19時間前,2026-09-30 05:16:24,静岡県
ドライバー監視システム開発業務スタッフ／ITエンジニア／20代～30代...新着,株式会社リクルートR&Dスタッフィング,静岡県,"月給21万4,000円",正社員,ドライバー,求人ボックス,https://xn--pckua2a7gp15o89zb.com/jbn/f6bbc0b04243256004cbe55c1b5190bf,True,3時間前,2026-09-30 05:16:24,静岡県
「今のスキルゼロ」から重機のプロへ! 一緒に成長できる 大型ユニックドライバー ノ新着,マルトモ機設株式会社,静岡県,月給30万円～55万円,正社員,ドライバー,求人ボックス,https://xn--pckua2a7gp15o89zb.com/jb/d508be0c6b1285048a50a496c95ab1c0,True,5時間前,2026-09-30 05:16:27,静岡県
大型トラックドライバー／社会保険完備／交通費支給新着,株式会社藤友物流サービス,静岡県,月給27万円～45万円,正社員,ドライバー,求人ボックス,https://xn--pckua2a7gp15o89zb.com/jbn/7365d3974e2c8f811d01f4fd231d4782,True,9時間前,2026-09-30 05:16:27,静岡県
送迎バスドライバー／社会保険完備新着,遠州鉄道株式会社,静岡県,"時給1,250円～",正社員,ドライバー,求人ボックス,https://xn--pckua2a7gp15o89zb.com/jbn/71be3916016322f45cab099b8a40b527,True,9時間前,2026-09-30 05:16:27,静岡県
中型トラックドライバー／車通勤OK／社会保険完備新着,株式会社シズロジ,静岡県,月給28万円～,正社員,ドライバー,求人ボックス,https://xn--pckua2a7gp15o89zb.com/jbn/d580dc1720f5ae547968082345e2e188,True,10時間前,2026-09-30 05:16:27,静岡県
タクシードライバー／社会保険完備新着,富士タクシー株式会社,静岡県,月給17万円～37万円,正社員,ドライバー,求人ボックス,https://xn--pckua2a7gp15o89zb.com/jbn/f7b44c1bdceece91f74f2a8aa9fdc994,True,9時間前,2026-09-30 05:16:27,静岡県
大型トラックドライバー／ブランクOK／車 バイク通勤OK／社会保険完備新着,SBSフレイトサービス株式会社,静岡県,月給30万円～36万円,契約社員,ドライバー,求人ボックス,https://xn--pckua2a7gp15o89zb.com/jbn/d2de653ab6ab2495447be9bc6dc2721d,True,9時間前,2026-09-30 05:16:27,静岡県
ルート営業ドライバー新着,小山株式会社,静岡県,月給23万円～34万円,正社員,ドライバー,求人ボックス,https://xn--pckua2a7gp15o89zb.com/jbn/b110a4abd5058414eaf141e90865529f,True,9時間前,2026-09-30 05:16:31,静岡県
トラックドライバー／車通勤OK／社会保険完備／交通費支給新着,株式会社鈴三材木店,静岡県,月給20万円～,正社員,ドライバー,求人ボックス,https://xn--pckua2a7gp15o89zb.com/jbn/2f5ff488336e2a9dd38e1fa59e6e041c,True,9時間前,2026-09-30 05:16:31,静岡県
10tトラックドライバー／車通勤OK／社会保険完備／交通費支給新着,株式会社ナカノ商会,静岡県,月給42万円～45万円,正社員,ドライバー,求人ボックス,https://xn--pckua2a7gp15o89zb.com/jbn/ff010f618307da434bc7302e5c99671a,True,9時間前,2026-09-30 05:16:31,静岡県
トレーラードライバー／車通勤OK／交通費支給新着,鈴与カーゴネット株式会社,静岡県,月給40万円～50万円,正社員,ドライバー,求人ボックス,https://xn--pckua2a7gp15o89zb.com/jbn/a40839147868aef7a87df33a79a15c0f,True,9時間前,2026-09-30 05:16:31,静岡県
ドライバー新着,株式会社ランテック,静岡県,"月給19万8,600円",正社員,ドライバー,求人ボックス,https://xn--pckua2a7gp15o89zb.com/jbn/676ff6b2783e48887cd0431f61d13a65,True,10時間前,2026-09-30 05:16:31,静岡県
ルート配送トラックドライバー／車 バイク通勤OK新着,株式会社ヤマシタ,静岡県,月給30万円～32万円,正社員,ドライバー,求人ボックス,https://xn--pckua2a7gp15o89zb.com/jbn/6623d731163984470045f9e1e2dd4350,True,9時間前,2026-09-30 05:16:31,静岡県
夜間大型郵便車ドライバー新着,東海輸送株式会社,静岡県,月給36万円,正社員,ドライバー,求人ボックス,https://xn--pckua2a7gp15o89zb.com/jb/a9bce37017cd94b89b965abe2663c95e,True,13時間前,2026-09-30 05:16:31,静岡県
ドライバー／社会保険完備新着,ミナト運輸株式会社,静岡県,月給31万円～,正社員,ドライバー,求人ボックス,https://xn--pckua2a7gp15o89zb.com/jbn/2205bf0d492fb4dfb107291b1a6ec861,True,10時間前,2026-09-30 05:16:31,静岡県
中型ドライバー／40～50代活躍／未経験OK／日勤×近距離のルート配送新着,シーズイシハラ株式会社,静岡県,"月給24万5,000円",正社員,ドライバー,求人ボックス,https://xn--pckua2a7gp15o89zb.com/jb/262855f4d3e224b8601852f6d61af509,True,14時間前,2026-09-30 05:16:34,静岡県
ルート配送トラックドライバー／車 バイク通勤OK／社会保険完備新着,株式会社流通サービス,静岡県,月給32万940円,正社員,ドライバー,求人ボックス,https://xn--pckua2a7gp15o89zb.com/jbn/62384d05f9c8212614cf29294a3440e2,True,9時間前,2026-09-30 05:16:34,静岡県
機械工具・部品のルート配送ドライバー新着,株式会社中村機工,静岡県,"月給23万4,000円",正社員,ドライバー,求人ボックス,https://xn--pckua2a7gp15o89zb.com/jb/47738498346daa0650e1ce339a5e770a,True,19時間前,2026-09-30 05:16:34,静岡県
生コンミキサー車ドライバー新着,浜日商事株式会社,静岡県,月給35万円～45万円,正社員,ドライバー,求人ボックス,https://xn--pckua2a7gp15o89zb.com/jb/e6b725fe8ea6c68e05e692dae36c5146,True,19時間前,2026-09-30 05:16:34,静岡県
中型・準中型トラックドライバー新着,日本通運株式会社,静岡県,"月給22万9,900円",正社員,ドライバー,求人ボックス,https://xn--pckua2a7gp15o89zb.com/jb/213a19c40ae9d9b7fc4e53fa3e68bb0f,True,21時間前,2026-09-30 05:16:34,静岡県
ドライバー セールスドライバー新着,佐川急便株式会社,静岡県,"月給24万1,000円",正社員,ドライバー,求人ボックス,https://xn--pckua2a7gp15o89zb.com/jb/e0284a5cc128d50aa3bde4c9138c0104,True,19時間前,2026-09-30 05:16:37,静岡県
ドライバー 1年目から月収30万円以上多数!免許取得支援あり新着,株式会社東邦運輸,静岡県,月給24万円～,正社員,ドライバー,求人ボックス,https://xn--pckua2a7gp15o89zb.com/jb/c7241ce947a0868f7311b0eec7aa560b,True,3時間前,2026-09-30 05:16:37,静岡県
食品の配送ドライバー／運転手新着,株式会社サンファミリー サンファミリー,静岡県,"月給32万4,834円",正社員,ドライバー,求人ボックス,https://xn--pckua2a7gp15o89zb.com/jb/b418c65e2fc9b7ef94a92e1db152a0af,True,11時間前,2026-09-30 05:16:37,静岡県
ドライバー・運転手、大型ドライバー新着,株式会社遠州急行,静岡県,月給30万円～40万円,正社員,ドライバー,求人ボックス,https://xn--pckua2a7gp15o89zb.com/jb/fc9f3dcd74feddea96f7e1e40086d116,True,5時間前,2026-09-30 05:16:37,静岡県
ドライバー・運転手、配達・配送・宅配便新着,KANNANAグループ,静岡県,月給25万円～30万円,正社員,ドライバー,求人ボックス,https://xn--pckua2a7gp15o89zb.com/jb/3bcc37a8416c1d6ef1cb20ca01a14e7e,True,5時間前,2026-09-30 05:16:37,静岡県
宅配ドライバー新着,ドライバー,静岡県,"時給1,250円",,ドライバー,求人ボックス,https://xn--pckua2a7gp15o89zb.com/jb/25bfb9c33104f7e7af819f1acfcb9dcb,True,19時間前,2026-09-30 05:16:37,静岡県
トラックドライバー／車通勤OK／社会保険完備／交通費支給新着,駿遠運送株式会社,静岡県,月給35万円～45万円,正社員,ドライバー,求人ボックス,https://xn--pckua2a7gp15o89zb.com/jbn/008f04aa90db599024a9d5f4531a4b13,True,9時間前,2026-09-30 05:16:37,静岡県
4tトラックのドライバー／ブランクOK／車通勤OK／正社員登用あり新着,ヤマトボックスチャーター株式会社,静岡県,月給26万円～,正社員,ドライバー,求人ボックス,https://xn--pckua2a7gp15o89zb.com/jbn/dd65b21194ceda5957e32b84ed3e345b,True,9時間前,2026-09-30 05:16:40,静岡県
中型トラックドライバー／車 バイク通勤OK／社会保険完備／交通費支給新着,池田ピアノ運送株式会社,静岡県,月給25万円～34万円,正社員,ドライバー,求人ボックス,https://xn--pckua2a7gp15o89zb.com/jbn/d69be7cb8d1d80178463e2d460ea42bd,True,9時間前,2026-09-30 05:16:40,静岡県
トラックドライバー／車 バイク通勤OK／社会保険完備／交通費支給新着,株式会社アイスコ,静岡県,月給25万円～35万円,正社員,ドライバー,求人ボックス,https://xn--pckua2a7gp15o89zb.com/jbn/4036b48098eee5d76ef77e54e26e5f21,True,9時間前,2026-09-30 05:16:40,静岡県
軽貨物の輸送ドライバー大募集中前職より平均年収150万円UP!新着,ツーアイリンク合同会社,静岡県,月給30万円～50万円,正社員,ドライバー,求人ボックス,https://xn--pckua2a7gp15o89zb.com/jb/933f8a236ffb768f6a58f226990df84c,True,9時間前,2026-09-30 05:16:40,静岡県
2tトラックドライバー／交通費支給新着,株式会社クオーレ,静岡県,月給26万円～35万円,正社員,ドライバー,求人ボックス,https://xn--pckua2a7gp15o89zb.com/jbn/553c7507a4ebcf784ff0146531a30439,True,9時間前,2026-09-30 05:16:40,静岡県
「寮費完全無料!?」／ポータブルスピーカー組み立て／未経験歓迎／コツコツ作業／長期安定新着,株式会社SNJAPAN,静岡県,月給35万円～50万円,正社員,ドライバー,求人ボックス,https://xn--pckua2a7gp15o89zb.com/jbn/2029592a832595138a5c702c1cab2e56,True,15時間前,2026-09-30 05:16:40,静岡県
月給30万～／未経験採用枠／研修充実／Tiktok運用エンジニア新着,ナナイロモバイル株式会社,静岡県,月給30万～,正社員,ドライバー,求人ボックス,https://xn--pckua2a7gp15o89zb.com/jbn/d0e3647b77819b12602017e4363efd8f,True,11時間前,2026-09-30 05:16:40,静岡県
旅行手配・見積書作成等の営業事務新着,株式会社アイエーイー,静岡県,"時給1,400円",派遣社員,ドライバー,求人ボックス,https://xn--pckua2a7gp15o89zb.com/jb/75aa6e49c2b6ad6b29d505d813d47d1d,True,19時間前,2026-09-30 05:16:44,静岡県
「新生活デビュー応援!」未経験採用枠／製造工場での軽作業・カプセルトイ／プライベート充実新着,株式会社RIOT GROUP,静岡県,月給28万円～50万円,正社員,ドライバー,求人ボックス,https://xn--pckua2a7gp15o89zb.com/jbn/346d48c16299f4f6eac6f5b0d70937f6,True,12時間前,2026-09-30 05:16:44,静岡県
「すぐ働きたい方歓迎」／ジャム瓶のラベル貼り作業／未経験OK／即勤務OK／シンプル作業新着,株式会社Tetote,静岡県,月給35万円～50万円,正社員,ドライバー,求人ボックス,https://xn--pckua2a7gp15o89zb.com/jbn/7f12196710a6e5446e7736a6fb972607,True,15時間前,2026-09-30 05:16:44,静岡県
パーティションの製造 日勤土日祝休み新着,株式会社イカイコントラクト,静岡県,"時給1,350円",派遣社員,ドライバー,求人ボックス,https://xn--pckua2a7gp15o89zb.com/jb/d2f8f00a756aa39fec032c21a10a296f,True,7時間前,2026-09-30 05:16:44,静岡県
製造スタッフ「初めての工場勤務も歓迎」／未経験OK／昇給・賞与あり新着,株式会社プロジェクトトリガー,静岡県,月給34万円～60万円,正社員,製造,求人ボックス,https://xn--pckua2a7gp15o89zb.com/jbn/4d629ad78f5567b85ebaa91c6d9c538e,True,8時間前,2026-09-30 05:16:26,静岡県
「20~30代活躍」楽器・音楽機材製造スタッフ／製品の組立・動作調整新着,株式会社Le Lien,静岡県,"月給29万6,300円",正社員,製造,求人ボックス,https://xn--pckua2a7gp15o89zb.com/jbn/5d0f005aa8eaae43156ff045455b02a6,True,10時間前,2026-09-30 05:16:26,静岡県
アニメ作品メディア製造スタッフ／Blu-rayの製造・品質管理新着,ベンタス株式会社,静岡県,"月給30万2,800円",正社員,製造,求人ボックス,https://xn--pckua2a7gp15o89zb.com/jbn/7c7116431699900739425e1555934350,True,10時間前,2026-09-30 05:16:26,静岡県
景品づくりのレア求人!／クレーンゲーム景品の企画製造スタッフ新着,製造,静岡県,"月給34万4,500円",正社員,製造,求人ボックス,https://xn--pckua2a7gp15o89zb.com/jbn/6fdf42ecd90be1ff904ae1ad16d72c4a,True,11時間前,2026-09-30 05:16:27,静岡県
食品工場での製造スタッフ新着,フジケンミンフーズ株式会社,静岡県,"月給19万4,000円",正社員,製造,求人ボックス,https://xn--pckua2a7gp15o89zb.com/jb/e7eda7b3f4abe524185357e3d395682f,True,7時間前,2026-09-30 05:16:29,静岡県
食品用原料の製造スタッフ新着,株式会社セイノースタッフサービス,静岡県,"時給1,400円",派遣社員,製造,求人ボックス,https://xn--pckua2a7gp15o89zb.com/jb/57ddf8d7daa2eb5009436998b19c5286,True,19時間前,2026-09-30 05:16:29,静岡県
アニメ作品メディア製造スタッフ／Blu-rayの製造・品質管理新着,株式会社ELシステム,静岡県,"月給30万7,400円",正社員,製造,求人ボックス,https://xn--pckua2a7gp15o89zb.com/jbn/853f975e2e146c5e6c93a543ab659314,True,10時間前,2026-09-30 05:16:32,静岡県
パソコン組立に挑戦!／パソコンの製造スタッフ／年間休日121日新着,製造,静岡県,"月給37万7,500円",正社員,製造,求人ボックス,https://xn--pckua2a7gp15o89zb.com/jbn/4e38586d16573f84fba87918c0563d08,True,11時間前,2026-09-30 05:16:35,静岡県
小さな部品の製造スタッフ新着,株式会社シーエーティー,静岡県,"時給1,220円",派遣社員,製造,求人ボックス,https://xn--pckua2a7gp15o89zb.com/jb/8a7e64e648a5ca1b7f2f5a29b86dc263,True,19時間前,2026-09-30 05:16:38,静岡県
製造スタッフ／固定給30万ベース／コツコツ作業／検品／寮費無料／工場新着,製造,静岡県,月給30万円～34万円,正社員,製造,求人ボックス,https://xn--pckua2a7gp15o89zb.com/jbn/c09daae057cbee4cb8bb22678766f15f,True,2時間前,2026-09-30 05:16:40,静岡県
「20~30代活躍」ゲーミング家具製造スタッフ／チェアの組立・機能調整新着,株式会社窪田建築,静岡県,"月給29万9,000円",正社員,製造,求人ボックス,https://xn--pckua2a7gp15o89zb.com/jbn/eea41fe267b03d74b7ce9276def6df15,True,10時間前,2026-09-30 05:16:40,静岡県
スマホ部品製造スタッフ／未経験歓迎／組立と動作確認／寮・社宅あり新着,株式会社FIVE SENSES,静岡県,"月給30万8,100円",正社員,製造,求人ボックス,https://xn--pckua2a7gp15o89zb.com/jbn/d4e052e5f90026ff4d626bba40769c99,True,9時間前,2026-09-30 05:16:40,静岡県
「まだ間に合う!」未経験採用枠／カプセルトイ製造スタッフ／プライベート...新着,株式会社小林,静岡県,月給28万円～50万円,正社員,製造,求人ボックス,https://xn--pckua2a7gp15o89zb.com/jbn/2d33a15a8ecc70667e5a9dc4e7fc0220,True,12時間前,2026-09-30 05:16:44,静岡県
洗顔フォームのチューブの製造スタッフ新着,製造,静岡県,"月給27万8,000円",正社員,製造,求人ボックス,https://xn--pckua2a7gp15o89zb.com/jbn/6c84bd667e7a27040d9b010ee6cc9d48,True,5時間前,2026-09-30 05:16:46,静岡県
景品づくりのレア求人!／クレーンゲーム景品の企画製造スタッフ新着,製造,静岡県,"月給34万4,500円",正社員,製造,求人ボックス,https://xn--pckua2a7gp15o89zb.com/jbn/da05cc7525b1a173ed16b53e00474b6d,True,11時間前,2026-09-30 05:16:50,静岡県
細かい部品を組み上げる!／パチンコ台盤面の製造スタッフ／正社員デビュー...新着,製造,静岡県,"月給38万1,000円",正社員,製造,求人ボックス,https://xn--pckua2a7gp15o89zb.com/jbn/d2584bb6361a28f54cbd412355ff34c8,True,11時間前,2026-09-30 05:16:50,静岡県
清掃スタッフ／時給1510円!午前の扶養内勤務!デイケアでのおふろアシ...新着,株式会社ルフト・メディカルケア,静岡県,時給1510円,派遣社員,清掃,求人ボックス,https://xn--pckua2a7gp15o89zb.com/jb/87bfb3b5875c85d9ab47da9d4e948344,True,22時間前,2026-09-30 05:16:43,静岡県
養鶏場の管理・清掃スタッフ新着,有限会社あさぎり高原ファーム,静岡県,"月給20万4,160円",契約社員,清掃,求人ボックス,https://xn--pckua2a7gp15o89zb.com/jb/fb877203b8d3e78e52e74b3cb47ecd3d,True,13時間前,2026-09-30 05:16:43,静岡県
養鶏場の飼育・清掃スタッフ新着,豊橋飼料株式会社 有限会社野田養鶏／浜松農場,静岡県,"月給20万5,000円",正社員,清掃,求人ボックス,https://xn--pckua2a7gp15o89zb.com/jb/8e316718eb6ccd9e83d6401836bc8975,True,15時間前,2026-09-30 05:16:43,静岡県
ちいさな病院の補助STAFF 介助／清掃など新着,株式会社コトリオ,静岡県,"時給1,500円～2,125円",派遣社員,清掃,求人ボックス,https://xn--pckua2a7gp15o89zb.com/jb/7fe3431064db965319088e29a0bd53ad,True,15時間前,2026-09-30 05:16:43,静岡県
金型の清掃スタッフ新着,株式会社ホットスタッフ沼津,静岡県,"時給1,200円",派遣社員,清掃,求人ボックス,https://xn--pckua2a7gp15o89zb.com/jb/cd02a0e315871c693bc3ed2f37d6a1a7,True,11時間前,2026-09-30 05:16:43,静岡県
「未経験からオフィスデビュー」データ入力事務／年間休日125日以上／昇給賞与あり新着,株式会社グローリー,静岡県,"月給31万8,700円",正社員,清掃,求人ボックス,https://xn--pckua2a7gp15o89zb.com/jbn/35419fbf3d736945325a71718543e6ae,True,6時間前,2026-09-30 05:16:43,静岡県
「0からのキャリア形成」データ入力事務／未経験OK／研修制度充実／賞与年2回新着,株式会社RIOT GROUP,静岡県,"月給31万4,400円",正社員,清掃,求人ボックス,https://xn--pckua2a7gp15o89zb.com/jbn/a8d9d12d4f9681d773f8f8ab00730014,True,6時間前,2026-09-30 05:16:43,静岡県
「未経験からオフィスデビュー」事務職／年間休日125日以上／月30万以上可新着,Yts株式会社,静岡県,"月給32万1,300円",正社員,清掃,求人ボックス,https://xn--pckua2a7gp15o89zb.com/jbn/d80fa70ad58ade4f100d54ea829444d4,True,6時間前,2026-09-30 05:16:43,静岡県
「0からのキャリア形成」事務職／未経験OK／研修あり／月30万以上可新着,スタッフ,静岡県,月給29万100円,正社員,清掃,求人ボックス,https://xn--pckua2a7gp15o89zb.com/jbn/75751a6e27dc2ac1de244ea8643275b4,True,6時間前,2026-09-30 05:16:43,静岡県
「0からのキャリア形成」ITサポート事務／未経験OK／研修制度充実／昇給年2回新着,スタッフ,静岡県,月給31万400円,正社員,清掃,求人ボックス,https://xn--pckua2a7gp15o89zb.com/jbn/308294941fff03b655ce2ebf5dbbe051,True,6時間前,2026-09-30 05:16:43,静岡県
「0からのキャリア形成」IT企業内事務／未経験OK／月30万以上可／昇給賞与あり新着,スタッフ,静岡県,"月給31万1,000円",正社員,清掃,求人ボックス,https://xn--pckua2a7gp15o89zb.com/jbn/2e739394268fe84d177ce1d91d204ab9,True,6時間前,2026-09-30 05:16:43,静岡県
「未経験から正社員」AI事務アシスタント／プロンプトの調整管理／第二新卒歓迎／研修制度充実新着,スタッフ,静岡県,"月給31万4,000円",正社員,清掃,求人ボックス,https://xn--pckua2a7gp15o89zb.com/jbn/408143bcea14f538b3cb8cb050a86d29,True,6時間前,2026-09-30 05:16:43,静岡県
「0からのキャリア形成」一般事務スタッフ／未経験OK／月30万以上可／20代30代活躍中新着,株式会社小林,静岡県,"月給31万3,300円",正社員,清掃,求人ボックス,https://xn--pckua2a7gp15o89zb.com/jbn/5812e85a74f314510b3cc0e229ea82af,True,6時間前,2026-09-30 05:16:43,静岡県
紅虎小吃店 御殿場プレミアム・アウトレット／調理・ホールスタッフ新着,際コーポレーション,静岡県,"月給27万8,000円",正社員,清掃,求人ボックス,https://xn--pckua2a7gp15o89zb.com/jb/4ed8a04ace10950ef4ab18a3ddc2bc8c,True,9時間前,2026-09-30 05:16:46,静岡県
飲料水の工場での検査業務 品質管理 日勤のみ 週休2日制 シフト制 車通勤可新着,株式会社オーロ,静岡県,"時給1,350円",派遣社員,清掃,求人ボックス,https://xn--pckua2a7gp15o89zb.com/jb/c2503f9bd399a625e4336daa3f3851c0,True,4時間前,2026-09-30 05:16:46,静岡県
「0からのキャリア形成」受付スタッフ／未経験OK／月30万以上可／土日祝休み新着,スタッフ,静岡県,"月給30万6,300円",正社員,清掃,求人ボックス,https://xn--pckua2a7gp15o89zb.com/jbn/f41d0ea66fc7c146160d4d801cc828ce,True,6時間前,2026-09-30 05:16:46,静岡県
「0からのキャリア形成」ITサポート事務／未経験OK／20代30代活躍中／昇給年2回新着,スタッフ,静岡県,"月給30万8,300円",正社員,清掃,求人ボックス,https://xn--pckua2a7gp15o89zb.com/jbn/f3099e9b8352c73b11df2e30753e928d,True,6時間前,2026-09-30 05:16:46,静岡県
「0からのキャリア形成」AI事務アシスタント／未経験OK／研修あり／第二新卒歓迎新着,スタッフ,静岡県,"月給30万2,600円",正社員,清掃,求人ボックス,https://xn--pckua2a7gp15o89zb.com/jbn/e8d85018be3f7b9d850e8741f0ac5647,True,6時間前,2026-09-30 05:16:46,静岡県
「未経験からオフィスデビュー」営業事務／年間休日125日以上／第二新卒歓迎新着,スタッフ,静岡県,月給31万600円,正社員,清掃,求人ボックス,https://xn--pckua2a7gp15o89zb.com/jbn/db167db51af37a734273e063e82dfd61,True,6時間前,2026-09-30 05:16:46,静岡県
「0からのキャリア形成」事務職／未経験OK／20代30代活躍中／研修制度充実新着,スタッフ,静岡県,"月給30万6,300円",正社員,清掃,求人ボックス,https://xn--pckua2a7gp15o89zb.com/jbn/27c40d1f19ed9cbab93c249c8ed342a1,True,6時間前,2026-09-30 05:16:50,静岡県
「未経験からオフィスデビュー」ITサポート事務／第二新卒歓迎／研修制度充実新着,スタッフ,静岡県,月給30万100円,正社員,清掃,求人ボックス,https://xn--pckua2a7gp15o89zb.com/jbn/c7f554d497ddf64833f02471546bdeef,True,6時間前,2026-09-30 05:16:50,静岡県
「未経験からオフィスデビュー」事務職／土日祝休み／昇給年2回新着,スタッフ,静岡県,"月給29万5,600円",正社員,清掃,求人ボックス,https://xn--pckua2a7gp15o89zb.com/jbn/f0cba6e6b41ff80ba68f64e194cb0777,True,6時間前,2026-09-30 05:16:50,静岡県
「未経験からオフィスデビュー」受付スタッフ／土日祝休み／昇給賞与あり新着,スタッフ,静岡県,"月給32万7,200円",正社員,清掃,求人ボックス,https://xn--pckua2a7gp15o89zb.com/jbn/cbd0c0a6494189856e518ec5d5f09a78,True,6時間前,2026-09-30 05:16:50,静岡県
「未経験から正社員」IT企業内事務／開発チームの事務支援／研修制度充実／昇給年2回新着,スタッフ,静岡県,"月給31万2,900円",正社員,清掃,求人ボックス,https://xn--pckua2a7gp15o89zb.com/jbn/80d48f52ff967695e375748ea6d26bb0,True,6時間前,2026-09-30 05:16:50,静岡県
「体を動かす仕事!」健康食品の製造サポートスタッフ／20代から30代活躍中!／日払いOK新着,株式会社日本ケイテム,静岡県,"時給1,200円～",派遣社員,清掃,求人ボックス,https://xn--pckua2a7gp15o89zb.com/jbn/ee885cdd19d3396b456dd07ba14f8007,True,20時間前,2026-09-30 05:16:50,静岡県
店舗スタッフ「エリア社員」／志都呂店新着,幸楽苑 志都呂店,静岡県,"月給21万5,000円",正社員,清掃,求人ボックス,https://xn--pckua2a7gp15o89zb.com/jbn/6a53c27eda505af301819875e73e1822,True,3時間前,2026-09-30 05:16:50,静岡県
店舗スタッフ「エリア社員」／浜松駅南店新着,幸楽苑 浜松駅南店,静岡県,"月給21万5,000円",正社員,清掃,求人ボックス,https://xn--pckua2a7gp15o89zb.com/jbn/e19de2ee6747f2b6f78ec7302ef5a540,True,3時間前,2026-09-30 05:16:53,静岡県
店舗スタッフ「エリア社員」／藤枝店新着,幸楽苑 藤枝店,静岡県,"月給21万5,000円",正社員,清掃,求人ボックス,https://xn--pckua2a7gp15o89zb.com/jbn/5e5c56c2cd1b58dd00b35b19135bf3d7,True,3時間前,2026-09-30 05:16:53,静岡県
メンテナンススタッフ／点検作業メイン／未経験歓迎／生活リズム安定新着,株式会社Tetote,静岡県,"月給31万5,000円",正社員,清掃,求人ボックス,https://xn--pckua2a7gp15o89zb.com/jbn/d2feae04745def7648d89c9f3f2f53fc,True,15時間前,2026-09-30 05:16:53,静岡県
管理員・清掃員新着,株式会社合人社計画研究所,静岡県,"月給5万4,200円",,清掃,求人ボックス,https://xn--pckua2a7gp15o89zb.com/jb/383867d6a08568946ddfe583dfc852e4,True,15時間前,2026-09-30 05:16:53,静岡県
店舗スタッフ「エリア社員」／浜松西インター店新着,幸楽苑 浜松西インター店,静岡県,"月給21万5,000円",正社員,清掃,求人ボックス,https://xn--pckua2a7gp15o89zb.com/jbn/148d41fae72d3cc4b8747445a51e958d,True,3時間前,2026-09-30 05:16:53,静岡県
店舗スタッフ「エリア社員」／富士伝法店新着,幸楽苑 富士伝法店,静岡県,"月給21万5,000円",正社員,清掃,求人ボックス,https://xn--pckua2a7gp15o89zb.com/jbn/29d86d315b3888a778bdf5aa8c01874f,True,3時間前,2026-09-30 05:16:53,静岡県
浄化槽の保守点検スタッフ新着,有限会社朋栄,静岡県,月給20万円～22万円,正社員,清掃,求人ボックス,https://xn--pckua2a7gp15o89zb.com/jb/6b15f88dab099951dc4c808d3161a55f,True,7時間前,2026-09-30 05:16:53,静岡県
店舗スタッフ「エリア社員」／三島南町店新着,幸楽苑 三島南町店,静岡県,"月給21万5,000円",正社員,清掃,求人ボックス,https://xn--pckua2a7gp15o89zb.com/jbn/f95fe81da57dff3121a19f495d5c958c,True,3時間前,2026-09-30 05:16:53,静岡県
店舗スタッフ「エリア社員」／沼津西沢田店新着,幸楽苑 沼津西沢田店,静岡県,"月給21万5,000円",正社員,清掃,求人ボックス,https://xn--pckua2a7gp15o89zb.com/jbn/c42d8b6b7f5ca26d11d41b846a7df62a,True,3時間前,2026-09-30 05:16:56,静岡県
店舗スタッフ「エリア社員」／御殿場店新着,幸楽苑 御殿場店,静岡県,"月給21万5,000円",正社員,清掃,求人ボックス,https://xn--pckua2a7gp15o89zb.com/jbn/a0d8c54b2059030b0f0811fff89bf106,True,3時間前,2026-09-30 05:16:56,静岡県
店舗スタッフ「エリア社員」／掛川店新着,幸楽苑 掛川店,静岡県,"月給21万5,000円",正社員,清掃,求人ボックス,https://xn--pckua2a7gp15o89zb.com/jbn/57d3fbf8198a99cd8edc2deba622d6ab,True,3時間前,2026-09-30 05:16:56,静岡県
「応募から勤務までスムーズ」／設備チェックスタッフ／未経験歓迎／スピード選考／長期安定新着,株式会社SNJAPAN,静岡県,月給35万円～50万円,正社員,清掃,求人ボックス,https://xn--pckua2a7gp15o89zb.com/jbn/1df7ee5eaa62742af4bfdf28e3c91707,True,15時間前,2026-09-30 05:16:56,静岡県
派遣スタッフのサポート・管理／未経験歓迎／土日祝休み／静岡 Z新着,スタッフ,静岡県,年収197万円～304万,契約社員,清掃,求人ボックス,https://xn--pckua2a7gp15o89zb.com/jbn/00f80ad2572dd85b4531524d232414b3,True,17時間前,2026-09-30 05:16:56,静岡県
学歴不問／賞与あり／フリーター歓迎／土日祝休みあり／オフィスワークスタッフ新着,スタッフ,静岡県,"年収196万5,000円",契約社員,清掃,求人ボックス,https://xn--pckua2a7gp15o89zb.com/jbn/c08a06eeec7fd1d99094548ecf071714,True,17時間前,2026-09-30 05:16:56,静岡県
残業ほぼなし／産休・育休の実績あり／即日勤務OK／未経験歓迎／オフィスワークスタッフ新着,<担当していただく業務> この仕事の魅力 寮の手配や制服の準備、配布物の作成 出社。勤怠確認や,静岡県,年収197万円～304万,契約社員,清掃,求人ボックス,https://xn--pckua2a7gp15o89zb.com/jbn/4358dc0c05892c1e8d0ad160d51fdddd,True,17時間前,2026-09-30 05:17:00,静岡県
社会保険完備／交通費支給あり／残業ほぼなし／駅チカ・駅ナカ／オフィスワークスタッフ新着,スタッフ,静岡県,年収197万円～304万,契約社員,清掃,求人ボックス,https://xn--pckua2a7gp15o89zb.com/jbn/5ca9f3fea95aea10c490413bcc22a839,True,17時間前,2026-09-30 05:17:00,静岡県
派遣スタッフのサポート・管理／未経験歓迎／土日祝休み／浜松 Z新着,スタッフ,静岡県,"年収201万5,000円",契約社員,清掃,求人ボックス,https://xn--pckua2a7gp15o89zb.com/jbn/82edd6a1cf228c4965fef199f5bf8101,True,17時間前,2026-09-30 05:17:00,静岡県
未経験からなれる梱包アシスタント／寮・社宅・家賃補助あり／資格取得支援あり新着,スタッフ,静岡県,"月給25万3,000円",正社員,清掃,求人ボックス,https://xn--pckua2a7gp15o89zb.com/jbn/b4c0b7c0e159bfed3a47dcd8db92115e,True,11時間前,2026-09-30 05:17:00,静岡県
未経験からなれる梱包スタッフ／寮・社宅・家賃補助あり／資格取得支援あり新着,スタッフ,静岡県,"月給28万3,000円",正社員,清掃,求人ボックス,https://xn--pckua2a7gp15o89zb.com/jbn/0b6610f3f1178a290085038834fe69a1,True,11時間前,2026-09-30 05:17:00,静岡県
未経験からなれる梱包のチェックスタッフ／寮・社宅・家賃補助あり／資格取得支援あり新着,スタッフ,静岡県,"月給29万3,000円",正社員,清掃,求人ボックス,https://xn--pckua2a7gp15o89zb.com/jbn/6a23ceeb6c6ae334a06b55af8fcca4e7,True,11時間前,2026-09-30 05:17:00,静岡県
未経験からなれる商品のチェック・梱包担当／寮・社宅・家賃補助あり／資格取得支援あり新着,スタッフ,静岡県,"月給26万3,000円",正社員,清掃,求人ボックス,https://xn--pckua2a7gp15o89zb.com/jbn/bffe4637906a91bcd127c9057abd897d,True,11時間前,2026-09-30 05:17:03,静岡県
週休2日制／賞与あり／急募／オフィスワークスタッフ新着,スタッフ,静岡県,"年収201万5,000円",契約社員,清掃,求人ボックス,https://xn--pckua2a7gp15o89zb.com/jbn/4bc4dfa7f845bc4fb0b8325b8ac28b96,True,17時間前,2026-09-30 05:17:03,静岡県
「月収35万円を目指せる環境」／缶バッジの封入スタッフ／即入寮OK／昇給あり／20~30代活躍中新着,株式会社Rasic,静岡県,月給30万円～35万円,正社員,清掃,求人ボックス,https://xn--pckua2a7gp15o89zb.com/jbn/2966e3bfcba49c044530fb8ae9ed8f31,True,15時間前,2026-09-30 05:17:03,静岡県
土日祝休みあり／女性活躍中／産休・育休の実績あり／研修制度あり／オフィスワークスタッフ新着,スタッフ,静岡県,"年収196万5,000円",契約社員,清掃,求人ボックス,https://xn--pckua2a7gp15o89zb.com/jbn/743bd9d537a12bd8977b8215c6d772c2,True,17時間前,2026-09-30 05:17:03,静岡県
昇給あり／交通費支給あり／週休2日制／学歴不問／オフィスワークスタッフ新着,スタッフ,静岡県,"年収201万5,000円",契約社員,清掃,求人ボックス,https://xn--pckua2a7gp15o89zb.com/jbn/1c69fcfc060646b289e53853ae1916e7,True,17時間前,2026-09-30 05:17:03,静岡県
「高収入ワーク」／日焼け止めの梱包スタッフ／月収35万円可能／土日休み／20~30代活躍中新着,株式会社Braight JAPAN,静岡県,月給30万円～35万円,正社員,清掃,求人ボックス,https://xn--pckua2a7gp15o89zb.com/jbn/eb54dac1fa17926193d5d0623a771543,True,15時間前,2026-09-30 05:17:03,静岡県
派遣スタッフのサポート・管理／未経験歓迎／土日祝休み／富士 Z新着,スタッフ,静岡県,"年収196万5,000円",契約社員,清掃,求人ボックス,https://xn--pckua2a7gp15o89zb.com/jbn/c82e3a38046b1d13fefdd5ed662ecbfb,True,17時間前,2026-09-30 05:17:07,静岡県
施設管理スタッフ／静岡オフィス新着,株式会社リクルートR&Dスタッフィング,静岡県,"月給21万4,000円",正社員,清掃,求人ボックス,https://xn--pckua2a7gp15o89zb.com/jbn/fadc3624936e0685300e754b59abe7d0,True,3時間前,2026-09-30 05:17:07,静岡県
「ヘアカットに特化して活躍できる理容師・美容師」／営業時間外の業務ほぼなし／ブランクOK新着,QBハウスアスティ静岡,静岡県,月給30万円～41万,正社員,清掃,求人ボックス,https://xn--pckua2a7gp15o89zb.com/jbn/88c69a16960c8e5cb71679e2a092e5ae,True,2時間前,2026-09-30 05:17:07,静岡県
「頑張りが給料に反映!」食玩の製品管理／未経験OK／おまけ付き菓子の管理／昇給年2回新着,スタッフ,静岡県,"月給31万3,900円",正社員,清掃,求人ボックス,https://xn--pckua2a7gp15o89zb.com/jbn/69221017f243c8abbb7c61c2498149b7,True,10時間前,2026-09-30 05:17:07,静岡県
「カットのみの理美容室で一緒に働こう」／主婦歓迎／ノルマ無し／ブランクOK／安定企業新着,QBハウスマックスバリュ熱海,静岡県,月給30万円～41万,正社員,清掃,求人ボックス,https://xn--pckua2a7gp15o89zb.com/jbn/89255d75d5ec710262943ceee11f3bc5,True,2時間前,2026-09-30 05:17:07,静岡県
スマホの製造スタッフ／未経験OK／スマートフォンの検査／業績好調新着,スタッフ,静岡県,"月給30万1,900円",正社員,清掃,求人ボックス,https://xn--pckua2a7gp15o89zb.com/jbn/3d77df629b2f0217f0fcce5fbfc0cbb7,True,9時間前,2026-09-30 05:17:07,静岡県
「月収35万円可能」／缶コーヒーの箱詰めスタッフ／未経験歓迎／日払いOK／20~30代活躍中新着,スタッフ,静岡県,月給30万円～35万円,正社員,清掃,求人ボックス,https://xn--pckua2a7gp15o89zb.com/jbn/9d00ceb93805d931e82695dd27800afc,True,7時間前,2026-09-30 05:17:11,静岡県
「正社員採用」工場内出荷作業員／未経験OK／製品の積み込み・手配／20代30代活躍中／家賃補助あり新着,スタッフ,静岡県,"月給32万7,600円",正社員,清掃,求人ボックス,https://xn--pckua2a7gp15o89zb.com/jbn/e18b85d966ec12add6d91835222c6322,True,6時間前,2026-09-30 05:17:11,静岡県
「月収35万円スタートも可能」／アロマキャンドルの検品スタッフ／入社特典あり／未経験OK新着,スタッフ,静岡県,月給30万円～35万円,正社員,清掃,求人ボックス,https://xn--pckua2a7gp15o89zb.com/jbn/5f459d34f073f6c17dee6d6600a66f77,True,15時間前,2026-09-30 05:17:11,静岡県
「正社員採用」工場内出荷作業員／未経験OK／荷物のピッキング／月30万以上可／20代30代活躍中新着,スタッフ,静岡県,"月給30万7,700円",正社員,清掃,求人ボックス,https://xn--pckua2a7gp15o89zb.com/jbn/1c0ba92be1687835e4285d876a6c4320,True,6時間前,2026-09-30 05:17:11,静岡県
工場の食堂での調理補助新着,SOGO-PLANT静岡支店,静岡県,"時給1,250円",派遣社員,派遣,求人ボックス,https://xn--pckua2a7gp15o89zb.com/jb/6dbc429961fc585015c3ccb0d65f0332,True,13時間前,2026-09-30 05:16:53,静岡県
高時給1600円スタート／機械オペレーター／15時定時の日勤のみでプライベート充実／学歴不問新着,株式会社スプレッドワールド,静岡県,月給29万円～,派遣社員,派遣,求人ボックス,https://xn--pckua2a7gp15o89zb.com/jbn/602b0be649ca290aef773dab50ed056a,True,20時間前,2026-09-30 05:16:53,静岡県
産休・育休の実績あり／賞与あり／週休2日制／研修制度あり／オフィスワークスタッフ新着,業 (派 33-010057)...<担当していただく業務> 受付・登録対応 簡単な書類作成,静岡県,"年収202万5,000円",契約社員,派遣,求人ボックス,https://xn--pckua2a7gp15o89zb.com/jbn/3602229b91df2721bccad239ae80876a,True,17時間前,2026-09-30 05:16:57,静岡県
交通費支給あり／賞与あり／学歴不問／産休・育休の実績あり／オフィスワークスタッフ新着,業 (派 33-010057),静岡県,年収205万円～247万,契約社員,派遣,求人ボックス,https://xn--pckua2a7gp15o89zb.com/jbn/fc30393a20c4012e30f26268d7f2cfed,True,17時間前,2026-09-30 05:16:57,静岡県
週休2日制／大量募集中／研修制度あり／急募／オフィスワークスタッフ新着,スタッフ,静岡県,年収205万円～247万,契約社員,派遣,求人ボックス,https://xn--pckua2a7gp15o89zb.com/jbn/aa774adaa010913a26310d78b79fa491,True,17時間前,2026-09-30 05:16:57,静岡県
急募／即日勤務OK／女性活躍中／土日祝休みあり／オフィスワークスタッフ新着,業 (派 33-010057),静岡県,"年収202万5,000円",契約社員,派遣,求人ボックス,https://xn--pckua2a7gp15o89zb.com/jbn/87ed85c7138d917f97922a6f5ecb90c3,True,17時間前,2026-09-30 05:17:01,静岡県
軽作業／スタッフの7割が未経験からです!高時給1500円・土日祝休み新着,株式会社ルフト・メディカルケア,静岡県,時給1500円,派遣社員,派遣,求人ボックス,https://xn--pckua2a7gp15o89zb.com/jb/38ef471a909e6a909ed9326d2dd3c459,True,22時間前,2026-09-30 05:17:01,静岡県
インクを詰める軽作業スタッフ新着,株式会社ホットスタッフ浜松,静岡県,"時給1,200円～",派遣社員,派遣,求人ボックス,https://xn--pckua2a7gp15o89zb.com/jb/badc7fd0166226194176599dda850fc9,True,11時間前,2026-09-30 05:17:01,静岡県
時給1300円の金属部品のプレス加工新着,戦力エージェント株式会社,静岡県,時給1300円,派遣社員,派遣,求人ボックス,https://xn--pckua2a7gp15o89zb.com/jb/d54eb9072df12be5cade5aeca68cde9d,True,13時間前,2026-09-30 05:17:04,静岡県
メインはデータ入力。9時スタート&基本定時退社新着,旭化成アミダス株式会社,静岡県,"時給1,400円",派遣社員,派遣,求人ボックス,https://xn--pckua2a7gp15o89zb.com/jb/7cfe927124a4ac6cd16ba5f91446d842,True,16時間前,2026-09-30 05:17:04,静岡県
ペット関連商品を扱うフォークリフト作業新着,株式会社エフティーイー,静岡県,"時給1,500円",派遣社員,派遣,求人ボックス,https://xn--pckua2a7gp15o89zb.com/jb/30475b1addf49dfe5f9e9bdfd82d9b62,True,13時間前,2026-09-30 05:17:07,静岡県
タイヤ交換補助スタッフ新着,有限会社三枝タイヤ商会 大仁店,静岡県,"時給1,160円",アルバイト・パート,派遣,求人ボックス,https://xn--pckua2a7gp15o89zb.com/jb/d906dbc7b82e97d879fc1bb70c05dab8,True,13時間前,2026-09-30 05:17:07,静岡県
"自動車部品工場の物流スタッフ／人気の日勤×土日休み未経験OK!時給1,300円スタート!新着",株式会社イカイコントラクト,静岡県,"時給1,300円",派遣社員,派遣,求人ボックス,https://xn--pckua2a7gp15o89zb.com/jb/aaa1111c628754efa30b00a2db02cde9,True,8時間前,2026-09-30 05:17:07,静岡県
鶏の飼育スタッフ新着,有限会社あさぎり高原ファーム,静岡県,"月給20万4,160円",契約社員,派遣,求人ボックス,https://xn--pckua2a7gp15o89zb.com/jb/eac28e1dd255071eae9bb0048c8f28f8,True,13時間前,2026-09-30 05:17:09,静岡県
リゾートバイト／バイキングレストランサービス新着,株式会社ダイブ,静岡県,"時給1,300円～",派遣社員,派遣,求人ボックス,https://xn--pckua2a7gp15o89zb.com/jb/e044bbcd4ddca3d4965a69dda016aa8f,True,23時間前,2026-09-30 05:17:09,静岡県
保育士／静岡市清水区駒越東町の認可保育園／JR東海道本線 バス 15分新着,セントスタッフ名古屋支店,静岡県,"時給1,200円～1,400円",派遣社員,派遣,求人ボックス,https://xn--pckua2a7gp15o89zb.com/jb/2295185b44d4acda9efb4ccf9eda1cd1,True,6時間前,2026-09-30 05:17:09,静岡県
地元企業で倉庫内作業新着,ヒューマンリソシア株式会社,静岡県,"時給1,300円",派遣社員,派遣,求人ボックス,https://xn--pckua2a7gp15o89zb.com/jb/1d90d70b900e50ae87623938db521c80,True,9時間前,2026-09-30 05:17:13,静岡県
歯科衛生士／診療時間18時まで!本多歯科の「スキルアップ&キャリアアッ...新着,医療法人本多歯科,大阪府,"月給27万5,000円",正社員,歯科,求人ボックス,https://xn--pckua2a7gp15o89zb.com/jb/35cb4a68b360a55ead6f901a2db42867,True,3時間前,2026-09-30 05:17:15,大阪府
歯科衛生士／駅チカ／ネイルOK／自分に合ったメリハリのある働き方ができ...新着,医療法人川井歯科,大阪府,月給30万円～,正社員,歯科,求人ボックス,https://xn--pckua2a7gp15o89zb.com/jb/716c9c59cb290e6fd2c2fcff1bb3ea96,True,3時間前,2026-09-30 05:17:15,大阪府
歯科衛生士／新卒26万円・既卒28万円～／週休2.5日・週32.5時間...新着,むらい歯科医院,大阪府,月給26万円～32万円,正社員,歯科,求人ボックス,https://xn--pckua2a7gp15o89zb.com/jb/79380a0feaf169d7dd6689d2ff34c83a,True,3時間前,2026-09-30 05:17:15,大阪府
歯科衛生士／週休2.5／勤務時間 週37時間20分／担当衛生士制新着,やすみつ歯科クリニック,大阪府,月給27万円～35万円,正社員,歯科,求人ボックス,https://xn--pckua2a7gp15o89zb.com/jb/f853c0a59f5dbb662c93e11ef42f8f11,True,3時間前,2026-09-30 05:17:15,大阪府
社会保険完備の職場で歯科衛生士新着,ゆう歯科クリニック,大阪府,月給27万円～,正社員,歯科,求人ボックス,https://xn--pckua2a7gp15o89zb.com/jb/0ef844750489d73d47c221d2730bcfa0,True,7時間前,2026-09-30 05:17:15,大阪府
歯科助手／堺駅前／週休2.5日／社保／厚生年金／完備新着,医療法人学歯会 中山歯科,大阪府,月給21万500円,正社員,歯科,求人ボックス,https://xn--pckua2a7gp15o89zb.com/jb/01044079988e46eb5eb43cf025ff1130,True,2時間前,2026-09-30 05:17:15,大阪府
戸建販売: 個人顧客に最適な住まいを提案／未経験歓迎／賞与あり新着,株式会社オープンハウス,大阪府,"年収550万円～1,100万円",正社員,歯科,求人ボックス,https://xn--pckua2a7gp15o89zb.com/jbn/defb50cf809a7c842b7a34026707a20f,True,2時間前,2026-09-30 05:17:15,大阪府
保育士／仕事内容は患者様・スタッフのお子さんの託児と受付助手・滅菌新着,泉田歯科医院守口市駅前診療所,大阪府,"月給21万3,000円",正社員,歯科,求人ボックス,https://xn--pckua2a7gp15o89zb.com/jb/a2a97d53a808b10e430bfd764827f129,True,2時間前,2026-09-30 05:17:19,大阪府
歯科医師／車通勤もOK／一般診療中心、相談しながら自費診療も経験できる環境新着,御殿山おとなこども歯科・矯正歯科,大阪府,月給60万円～,正社員,歯科,求人ボックス,https://xn--pckua2a7gp15o89zb.com/jb/50604f6d6beb3e097e4d05d21ea5958e,True,3時間前,2026-09-30 05:17:19,大阪府
賞与年2回／居宅／ケアマネージャー／正社員富田林営業所 居宅介護支援事業所新着,株式会社M&C,大阪府,"月給24万1,580円",正社員,歯科,求人ボックス,https://xn--pckua2a7gp15o89zb.com/jb/601d05eaa54cee0a88805e9ab99665df,True,14時間前,2026-09-30 05:17:19,大阪府
駅チカ／老健／相談員／正社員豊中市立介護老人保健施設かがやき新着,社会福祉法人大阪府社会福祉事業団,大阪府社会福祉事業団,"月給21万5,199円",正社員,歯科,求人ボックス,https://xn--pckua2a7gp15o89zb.com/jb/82abbeb90ff18b62b836b5d0c9af6f22,True,15時間前,2026-09-30 05:17:19,大阪府
店舗スタッフ「一般社員」／藤枝店新着,幸楽苑 藤枝店,静岡県,"月給21万5,000円",正社員,飲食,求人ボックス,https://xn--pckua2a7gp15o89zb.com/jbn/9ae17896d2bfb87ca806415335fd9375,True,3時間前,2026-09-30 05:16:52,静岡県
店舗スタッフ「一般社員」／富士伝法店新着,幸楽苑 富士伝法店,静岡県,"月給21万5,000円",正社員,飲食,求人ボックス,https://xn--pckua2a7gp15o89zb.com/jbn/710e771018e29797b058c13ac52c88df,True,3時間前,2026-09-30 05:16:52,静岡県
店舗スタッフ「一般社員」／沼津西沢田店新着,幸楽苑 沼津西沢田店,静岡県,"月給21万5,000円",正社員,飲食,求人ボックス,https://xn--pckua2a7gp15o89zb.com/jbn/e53503a28ef039b224cf7ca5cace80f2,True,3時間前,2026-09-30 05:16:52,静岡県
店舗スタッフ「一般社員」／掛川店新着,幸楽苑 掛川店,静岡県,"月給21万5,000円",正社員,飲食,求人ボックス,https://xn--pckua2a7gp15o89zb.com/jbn/3f6919861f0cd836dc4fce7575f0af95,True,3時間前,2026-09-30 05:16:52,静岡県
店舗スタッフ「一般社員」／浜松駅南店新着,幸楽苑 浜松駅南店,静岡県,"月給21万5,000円",正社員,飲食,求人ボックス,https://xn--pckua2a7gp15o89zb.com/jbn/0215e99755ad1334b459abfb81bffb2a,True,3時間前,2026-09-30 05:16:52,静岡県
店舗スタッフ「一般社員」／三島南町店新着,幸楽苑 三島南町店,静岡県,"月給21万5,000円",正社員,飲食,求人ボックス,https://xn--pckua2a7gp15o89zb.com/jbn/5c78d26281481e471eadc9126d7d7c30,True,3時間前,2026-09-30 05:16:52,静岡県
店舗スタッフ「一般社員」／御殿場店新着,幸楽苑 御殿場店,静岡県,"月給21万5,000円",正社員,飲食,求人ボックス,https://xn--pckua2a7gp15o89zb.com/jbn/fd90e89943521e8ecf7d4325ad8bd0d1,True,3時間前,2026-09-30 05:16:53,静岡県
店舗スタッフ「一般社員」／志都呂店新着,幸楽苑 志都呂店,静岡県,"月給21万5,000円",正社員,飲食,求人ボックス,https://xn--pckua2a7gp15o89zb.com/jbn/b4277854961be1c47aa41253520aab11,True,3時間前,2026-09-30 05:16:53,静岡県
「細かな違いやミスを見つけるのが好きな方へ」／ゲームデバッガー／未経験歓迎／コツコツ取り組める仕事新着,株式会社SNJAPAN,静岡県,月給27万円～34万円,正社員,飲食,求人ボックス,https://xn--pckua2a7gp15o89zb.com/jbn/adfd27035e6ba1fe81d8c14e437abefe,True,17時間前,2026-09-30 05:16:53,静岡県
店舗スタッフ「一般社員」／浜松西インター店新着,幸楽苑 浜松西インター店,静岡県,"月給21万5,000円",正社員,飲食,求人ボックス,https://xn--pckua2a7gp15o89zb.com/jbn/5f16060e2659dc400cb9e8fb081888eb,True,3時間前,2026-09-30 05:16:53,静岡県
会員制ホテルでの夕食盛付け・洗い場スタッフ新着,サンダンス・リゾート 熱海,静岡県,"時給1,300円",アルバイト・パート,飲食,求人ボックス,https://xn--pckua2a7gp15o89zb.com/jb/066370cd9cfd0d1ada62f5c761d773d9,True,13時間前,2026-09-30 05:16:57,静岡県
イベント運営スタッフ／未経験からイベント企画・運営のプロへ!新着,株式会社エースケータリング,静岡県,"月給26万4,000円",正社員,飲食,求人ボックス,https://xn--pckua2a7gp15o89zb.com/jbn/a4d9dcad43e23f8888cb4d2f9d1cb565,True,11時間前,2026-09-30 05:16:57,静岡県
「福利厚生充実」／総務事務／若手活躍中／高収入「正社員」新着,<活躍できる人物像>・新しい知識を吸収する意欲がある方・周囲とのコミュニケーションを大切にできる方・ルールを守り、正確な作業を心がけられる方<歓迎する前職の経験>アパレル販売/,静岡県,月給21万500円,正社員,飲食,求人ボックス,https://xn--pckua2a7gp15o89zb.com/jbn/4a4eb64f1b42301b7563da39b473a954,True,2時間前,2026-09-30 05:16:57,静岡県
未経験可／研修充実／システムエンジニア新着,infront株式会社,静岡県,月給28万円～50万円,正社員,飲食,求人ボックス,https://xn--pckua2a7gp15o89zb.com/jbn/866b5d802d7d3eb1884478a4be2e0808,True,11時間前,2026-09-30 05:16:57,静岡県
簡単な作業ができればOK!／パーツのチェック・仕分け担当／昇給年2回／未経験活躍新着,スタッフ,静岡県,月給28万円～40万円,正社員,飲食,求人ボックス,https://xn--pckua2a7gp15o89zb.com/jbn/b28c490f7f8484947217f6c0cb8c7824,True,11時間前,2026-09-30 05:16:57,静岡県
「モノづくりが好き」それだけでOK!／カプセル詰めのクオリティチェック／手に職つける／未経験活躍新着,スタッフ,静岡県,月給28万円～40万円,正社員,飲食,求人ボックス,https://xn--pckua2a7gp15o89zb.com/jbn/62f4e3fc284bbf581eb436a9d62c2304,True,11時間前,2026-09-30 05:17:01,静岡県
モノづくりの知識一切不問!／パーツのチェック・仕分け担当／賞与年2回／未経験活躍新着,スタッフ,静岡県,月給28万円～40万円,正社員,飲食,求人ボックス,https://xn--pckua2a7gp15o89zb.com/jbn/a9940dfff253f100317e97db4cc134cf,True,11時間前,2026-09-30 05:17:01,静岡県
「転勤なし」／ITサポート事務／交通費全額支給／採用強化中「正社員」新着,<活躍できる人物像>・新しい知識を吸収する意欲がある方・周囲とのコミュニケーションを大切にできる方・ルールを守り、正確な作業を心がけられる方<歓迎する前職の経験>アパレル販売/,静岡県,"月給20万5,500円",正社員,飲食,求人ボックス,https://xn--pckua2a7gp15o89zb.com/jbn/d78df431b7c92eef6217f8fd71e799c1,True,2時間前,2026-09-30 05:17:01,静岡県
OA事務／充実の研修で安心スタート!／WEB面接可能／事務スタッフ／週休2日制新着,...仕事とプライベート、どちらも100%楽しみたい・電話対応やメール対応のスキルを身につけたい・安定企業で腰を据えて長く働きたい20代・30代の若手世代が活躍する活気ある職場です。前職が工場での製造,静岡県,月給20万500円,正社員,飲食,求人ボックス,https://xn--pckua2a7gp15o89zb.com/jbn/2533303c236fd8c6690509798774a663,True,3時間前,2026-09-30 05:17:01,静岡県
営業サポート事務／ブランクOK／バックオフィススタッフ／充実の研修で安心スタート新着,前職が工場での製造,静岡県,月給20万500円,正社員,飲食,求人ボックス,https://xn--pckua2a7gp15o89zb.com/jbn/dc8a8ceb15f00deafe01c73a8c5ea638,True,3時間前,2026-09-30 05:17:01,静岡県
営業サポート事務／充実の研修で安心スタート!／WEB面接可能／デスクワーク新着,...仕事とプライベート、どちらも100%楽しみたい・電話対応やメール対応のスキルを身につけたい・安定企業で腰を据えて長く働きたい20代・30代の若手世代が活躍する活気ある職場です。前職が工場での製造,静岡県,"月給20万5,500円",正社員,飲食,求人ボックス,https://xn--pckua2a7gp15o89zb.com/jbn/81c1556f20e9042e38b42622cffa141f,True,2時間前,2026-09-30 05:17:01,静岡県
データ入力事務／週休2日制／交通費全額支給／充実の研修で安心スタート新着,<活躍中の先輩たちの前職>・アパレル販売員・,静岡県,"月給20万5,500円",正社員,飲食,求人ボックス,https://xn--pckua2a7gp15o89zb.com/jbn/7badf8773f7df1cfb0680a105ab7bea9,True,2時間前,2026-09-30 05:17:01,静岡県
コツコツ事務でムリなく!丁寧な研修で安心スタート／サポート事務／復職実績多数新着,株式会社大斗,静岡県,"月給25万1,300円",正社員,飲食,求人ボックス,https://xn--pckua2a7gp15o89zb.com/jbn/ceb0f21bf810082d881d3b56a3e10617,True,10時間前,2026-09-30 05:17:04,静岡県
サーバーエンジニア／未経験歓迎／月30万以上可／土日祝休み新着,株式会社LOP,静岡県,月給31万円～45万円,正社員,飲食,求人ボックス,https://xn--pckua2a7gp15o89zb.com/jbn/d07bb17c717ddbfbded9b224a60327e2,True,9時間前,2026-09-30 05:17:04,静岡県
デバッグスタッフ／未経験歓迎／不具合チェック／研修制度充実新着,株式会社ELシステム,静岡県,月給32万円～50万円,正社員,飲食,求人ボックス,https://xn--pckua2a7gp15o89zb.com/jbn/3b5ad6a80edfc9e781456384bb9ae26c,True,8時間前,2026-09-30 05:17:04,静岡県
「ゲーム好き歓迎!」デバッグ作業員／未経験OK／エラー報告の作業新着,...慣れてきたら、デバッグ作業員としてより専門的な確認や共有も担当します。業務の進め方は先輩が確認するため、報告文の書き方も実務で学べます。 【過去入社された方の例/】20代/前職:販売,静岡県,"月給29万5,200円",正社員,飲食,求人ボックス,https://xn--pckua2a7gp15o89zb.com/jbn/6bec3f8b2bef787cdd86f3830e773236,True,10時間前,2026-09-30 05:17:07,静岡県
無資格・未経験OKの「調理補助・清掃」／週3日・1日5h〜・扶養内OK新着,医心館 浜松,静岡県,"時給1,110円～",アルバイト・パート,飲食,求人ボックス,https://xn--pckua2a7gp15o89zb.com/jbn/b0bc644d4266692c2cf21e0369e4eda9,True,23時間前,2026-09-30 05:17:07,静岡県
アニメグッズ製造スタッフ／製造ラインでの加工・仕上げ／未経験歓迎／スピード選考新着,株式会社グローリー,静岡県,"月給29万9,600円",正社員,飲食,求人ボックス,https://xn--pckua2a7gp15o89zb.com/jbn/c842b9680ea6dcafcd6d43eb4bac15d9,True,10時間前,2026-09-30 05:17:07,静岡県
製造スタッフ／未経験OK／月30万以上可／年間休日120日以上新着,株式会社Meta Sales,静岡県,月給29万円～40万円,正社員,飲食,求人ボックス,https://xn--pckua2a7gp15o89zb.com/jbn/d7400c7c77a7e6ad2538328d6b914ef4,True,9時間前,2026-09-30 05:17:07,静岡県
沼津市岡宮／無資格・未経験OKの「調理補助・清掃」／週3日・1日5h〜・扶養内OK新着,医心館 沼津,静岡県,"時給1,110円～",アルバイト・パート,飲食,求人ボックス,https://xn--pckua2a7gp15o89zb.com/jbn/dc7cc554195a906cf98429688916da31,True,23時間前,2026-09-30 05:17:07,静岡県
「未経験から正社員」デバッグ作業員／コツコツ不具合探し／人柄重視採用／昇給賞与あり新着,...慣れてきたら、デバッグ作業員としてより専門的な確認や共有も担当します。業務の進め方は先輩が確認するため、報告文の書き方も実務で学べます。 【過去入社された方の例/】20代/前職:販売,静岡県,"月給29万6,700円",正社員,飲食,求人ボックス,https://xn--pckua2a7gp15o89zb.com/jbn/a2ed854e7926ada72e2b5c71ad5630bb,True,10時間前,2026-09-30 05:17:07,静岡県
ブランクOK・スマートフォンケース・アクセサリーの軽作業スタッフ／あり新着,スタッフ,静岡県,"月給32万5,400円",正社員,飲食,求人ボックス,https://xn--pckua2a7gp15o89zb.com/jbn/9a18eb24dbc217e2be5fd43ea235c2dc,True,10時間前,2026-09-30 05:17:07,静岡県
ゲームデバッカー・残業ほぼなし推奨「正社員／資格取得支援」・未経験歓迎・年間休日125日新着,...慣れてきたら、ゲームデバッカーとしてより専門的な確認や共有も担当します。業務の進め方は先輩が確認するため、報告文の書き方も実務で学べます。 【過去入社された方の例/】20代/前職:販売,静岡県,"月給31万6,000円",正社員,飲食,求人ボックス,https://xn--pckua2a7gp15o89zb.com/jbn/dac3308b8144f9698fa222d081de0644,True,10時間前,2026-09-30 05:17:11,静岡県
カプセルトイの組み立て／未経験OK／パーツのはめ込み作業／OJTあり新着,スタッフ,静岡県,"月給30万2,600円",正社員,飲食,求人ボックス,https://xn--pckua2a7gp15o89zb.com/jbn/c1344c6afecc3a886cfb1d36c111aa72,True,9時間前,2026-09-30 05:17:11,静岡県
電子タバコ・加熱式デバイスの組立スタッフ・資格不問「正社員／残業少なめ／資格取得支援」ブランクOK新着,スタッフ,静岡県,"月給32万7,200円",正社員,飲食,求人ボックス,https://xn--pckua2a7gp15o89zb.com/jbn/3843e9ee40411a8d90bdefe508642163,True,10時間前,2026-09-30 05:17:11,静岡県
紅虎小吃店 御殿場プレミアム・アウトレット／調理・接客スタッフ新着,際コーポレーション,静岡県,"月給27万8,000円",正社員,飲食,求人ボックス,https://xn--pckua2a7gp15o89zb.com/jb/52eef9a857fffbf5953a83258e4d1e89,True,9時間前,2026-09-30 05:17:11,静岡県
Webエンジニア／未経験歓迎／研修充実／資格取得支援あり／土日祝休み新着,...PC業務に不安がある方も対象です。入社後は、用語や作業手順を学ぶ研修から開始。その後、HTML・CSS・開発基礎研修など始めやすい業務から担当します。 【過去入社された方の例/】22歳/前職:販,静岡県,"月給29万9,500円",正社員,飲食,求人ボックス,https://xn--pckua2a7gp15o89zb.com/jbn/47e05fd0c0a63302b72c0d8513c1593a,True,9時間前,2026-09-30 05:17:11,静岡県
接客サービススタッフ新着,いなさゴルフ俱楽部 レストラン,静岡県,"時給1,154円",アルバイト・パート,飲食,求人ボックス,https://xn--pckua2a7gp15o89zb.com/jb/46413c9ea664cd5239feb2ea25a708a8,True,19時間前,2026-09-30 05:17:11,静岡県
ゲームテスター／動作確認作業／PCスキル歓迎新着,...ゲームでは細かな表示や動きが気になる・コツコツ進める作業が嫌いではないテスト実行力を身につけながら、長く続けられるキャリアを築けます。 【過去入社された方の例/】23歳/前職:,静岡県,"月給31万1,300円",正社員,飲食,求人ボックス,https://xn--pckua2a7gp15o89zb.com/jbn/88d55377b930b83f331c70c08786ae3c,True,8時間前,2026-09-30 05:17:11,静岡県
日用品の仕分け・検品スタッフ／生活に身近な商品を扱う仕事新着,Courage Path株式会社,静岡県,月給27万円～35万円,正社員,飲食,求人ボックス,https://xn--pckua2a7gp15o89zb.com/jbn/632a8f70d01f2b56fad9a7083a911190,True,11時間前,2026-09-30 05:17:11,静岡県
システムを支えるインフラ担当／月給30万円以上可／完全週休2日制／資格取得支援あり新着,...PC業務に不安がある方も対象です。入社後は、用語や作業手順を学ぶ研修から開始。その後、監視ツールの見方を学ぶなど始めやすい業務から担当します。 【過去入社された方の例/】22歳/前職:販売,静岡県,月給30万円,正社員,飲食,求人ボックス,https://xn--pckua2a7gp15o89zb.com/jbn/955a83c33440ccd60fa58b2a0a1c5479,True,9時間前,2026-09-30 05:17:14,静岡県
ゲームイラスト制作補助／キャラ確認補助／月給30万以上可新着,...ゲームでは細かな表示や動きが気になる・コツコツ進める作業が嫌いではない細部確認力を身につけながら、長く続けられるキャリアを築けます。 【過去入社された方の例/】23歳/前職:,静岡県,月給30万,正社員,飲食,求人ボックス,https://xn--pckua2a7gp15o89zb.com/jbn/9716f5f60a10db6b6185ac973cb2d752,True,9時間前,2026-09-30 05:17:14,静岡県
「まだ間に合う!」未経験からできる一般事務／研修充実／寮・社宅・家賃補助あり／静岡市葵区人宿町1丁目新着,株式会社Light BROTHERS,静岡県,月給25万円～40万円,正社員,飲食,求人ボックス,https://xn--pckua2a7gp15o89zb.com/jb/5e67ff5d8681fac0c851f37ec8b7ecbf,True,20時間前,2026-09-30 05:17:14,静岡県
文房具の工場内製造スタッフ新着,スタッフ,静岡県,"月給27万4,500円",正社員,飲食,求人ボックス,https://xn--pckua2a7gp15o89zb.com/jbn/f27163c12866e864b5be0b2c6007f7df,True,5時間前,2026-09-30 05:17:19,静岡県
アイスクリームのカップのシール貼り作業／寮・社宅利用可新着,スタッフ,静岡県,"月給27万1,000円",正社員,飲食,求人ボックス,https://xn--pckua2a7gp15o89zb.com/jbn/7aa48b8c2ca00c9f151ab552cc6b5eb3,True,2時間前,2026-09-30 05:17:19,静岡県
衛生用品容器のカンタン加工アシスタント新着,スタッフ,静岡県,"月給26万2,000円",正社員,飲食,求人ボックス,https://xn--pckua2a7gp15o89zb.com/jbn/fa220192665202ba14b65e9841ee444c,True,5時間前,2026-09-30 05:17:19,静岡県
アイスクリームのカップのシール貼り作業新着,スタッフ,静岡県,"月給27万1,000円",正社員,飲食,求人ボックス,https://xn--pckua2a7gp15o89zb.com/jbn/d9e190339da0df65b3d79dda5d9ada21,True,5時間前,2026-09-30 05:17:19,静岡県
「残り枠わずか!」未経験からできる一般事務／昇給賞与年2回・研修制度充実新着,<こんな経験がある方も活躍中>・アパレルやレジでの販売経験・,静岡県,"月給26万5,000円",正社員,飲食,求人ボックス,https://xn--pckua2a7gp15o89zb.com/jbn/03262427d5c5baec67e39881cae3159b,True,11時間前,2026-09-30 05:17:19,静岡県
食品スーパーフィールのパン屋さんスタッフ新着,フィール 初生店,静岡県,"時給1,154円～1,254円",アルバイト・パート,飲食,求人ボックス,https://xn--pckua2a7gp15o89zb.com/jb/aba86cd1eca9fdc584eb308923ef798f,True,4時間前,2026-09-30 05:17:19,静岡県
庶務事務・第二新卒歓迎・PC入力できればOK新着,飲食・,静岡県,月給24万円～40万円,正社員,飲食,求人ボックス,https://xn--pckua2a7gp15o89zb.com/jbn/4f4ca0b78b261cce5071e5d184815253,True,9時間前,2026-09-30 05:17:23,静岡県
食品容器の仕分けスタッフ新着,スタッフ,静岡県,月給25万円～32万円,正社員,飲食,求人ボックス,https://xn--pckua2a7gp15o89zb.com/jbn/4bce089477945cd777dccef77a98b5fe,True,4時間前,2026-09-30 05:17:23,静岡県
未経験可／飲食POSの開発業務スタッフ／システム開発／20代～30代の方が活躍中／年間休日120日新着,株式会社リクルートR&Dスタッフィング,静岡県,"月給21万4,000円",正社員,飲食,求人ボックス,https://xn--pckua2a7gp15o89zb.com/jbn/5c6ad2919ab82926814b4e0496c0dfc9,True,2時間前,2026-09-30 05:17:23,静岡県
ペット用品の製造ラインスタッフ新着,スタッフ,静岡県,"月給27万4,000円",正社員,飲食,求人ボックス,https://xn--pckua2a7gp15o89zb.com/jbn/77a385e81b2d13be3ecfddac8342e886,True,6時間前,2026-09-30 05:17:23,静岡県
介護職／未経験&ブランクのある方も必見／日勤の実働7.5時間新着,グループホームヴァンベール,大阪府,"月給27万8,833円",正社員,介護,求人ボックス,https://xn--pckua2a7gp15o89zb.com/jb/02b6efa2f7bd1a6196f5507470f58578,True,19時間前,2026-09-30 05:17:15,大阪府
介護職／夜勤アルバイト／日曜・月曜固定の勤務／Wワーク可／駅徒歩7分新着,特別養護老人ホーム白寿苑,大阪府,"日給1万7,000円",アルバイト・パート,介護,求人ボックス,https://xn--pckua2a7gp15o89zb.com/jb/bf7f409e004a04e95cc0747ae2149204,True,7時間前,2026-09-30 05:17:16,大阪府
介護職／ヘルパー／狭山市中央の介護付き有料老人ホーム 徒歩12分新着,セントスタッフ大宮支店,大阪府,"日給2万6,000円",派遣社員,介護,求人ボックス,https://xn--pckua2a7gp15o89zb.com/jb/3889c1bc722a446665d8761ab0f44b30,True,6時間前,2026-09-30 05:17:16,大阪府
グループホーム／介護職／資格取得支援／研修制度充実／賞与年2回新着,株式会社レガート,大阪府,"月給26万5,000円",正社員,介護,求人ボックス,https://xn--pckua2a7gp15o89zb.com/jb/4489bd1fe407e7a133d486f6d191f199,True,7時間前,2026-09-30 05:17:19,大阪府
特別養護老人ホームの介護職新着,社会福祉法人あゆみ会／アンパス東大阪,大阪府,月給21万円,正社員,介護,求人ボックス,https://xn--pckua2a7gp15o89zb.com/jb/3cf82822eb730bea48cc44fbe8272e9b,True,13時間前,2026-09-30 05:17:21,大阪府
介護職／ヘルパー／高浜市論地町の特別養護老人ホーム／名鉄三河線「高浜湊...新着,セントスタッフ名古屋支店,大阪府,"時給1,140円",アルバイト・パート,介護,求人ボックス,https://xn--pckua2a7gp15o89zb.com/jb/8867477878328636e363d5d2f69316ba,True,6時間前,2026-09-30 05:17:25,大阪府
障がい者施設での介護職平日朝4時間パート軽介助のみ新着,介護,大阪府,"時給2,000円",アルバイト・パート,介護,求人ボックス,https://xn--pckua2a7gp15o89zb.com/jb/d87df7d8a32849920aa62d0a522bdb9d,True,13時間前,2026-09-30 05:17:25,大阪府
通所介護・デイサービス勤務の介護職／ヘルパー新着,たのしいデイ 西九条,大阪府,"月給23万2,680円",正社員,介護,求人ボックス,https://xn--pckua2a7gp15o89zb.com/jb/2d14e0da1e72ef205d21b24c9b2e482e,True,7時間前,2026-09-30 05:17:25,大阪府
社会保険完備の職場で介護職／ヘルパー新着,サービス付き高齢者向け住宅ウィンクルム平野,大阪府,"月給24万5,950円",正社員,介護,求人ボックス,https://xn--pckua2a7gp15o89zb.com/jb/bbab18bad21f4240f1ad11529a896b7f,True,7時間前,2026-09-30 05:17:28,大阪府
社会保険完備の職場で介護職／ヘルパー新着,住宅型有料老人ホーム SEA SMILE鶴見,大阪府,"月給25万2,000円",契約社員,介護,求人ボックス,https://xn--pckua2a7gp15o89zb.com/jb/2fd3fe8ea3c9a6150644dc906663d661,True,7時間前,2026-09-30 05:17:28,大阪府
介護職／デイサービス／ヒューマンライフケア 大東の湯新着,ヒューマンライフケア株式会社,大阪府,"月給23万6,000円",正社員,介護,求人ボックス,https://xn--pckua2a7gp15o89zb.com/jb/b744d29bd1e52098377309b6a500f137,True,4時間前,2026-09-30 05:17:30,大阪府
ヘルパー・介護職／訪問介護事業所／ブランクOK／高時給／キャリアアップ新着,株式会社DYMキャリア,大阪府,"時給1,350円～2,000円",派遣社員,介護,求人ボックス,https://xn--pckua2a7gp15o89zb.com/jb/204343a83454d7f96c60c4d026678369,True,20時間前,2026-09-30 05:17:30,大阪府
ホームヘルパー・社会保険完備の職場で介護職／ヘルパー新着,ケア21 ひょうたん山,大阪府,"月給23万2,680円",正社員,介護,求人ボックス,https://xn--pckua2a7gp15o89zb.com/jb/6e33ebda260ed7bdce83ecd75038d533,True,8時間前,2026-09-30 05:17:34,大阪府
住宅型有料老人ホームでの介護職新着,株式会社ドリームキャッチャー,大阪府,"時給1,550円～1,600円",派遣社員,介護,求人ボックス,https://xn--pckua2a7gp15o89zb.com/jb/176d4656d6a3c0c0376ec63ccbc4e3c9,True,22時間前,2026-09-30 05:17:34,大阪府
年休110日／小多機／介護職／正社員エルケアローズガーデン美原新着,エルケア株式会社,大阪府,"月給24万1,500円",正社員,介護,求人ボックス,https://xn--pckua2a7gp15o89zb.com/jb/33a37ae810347c1de23287820b52be66,True,16時間前,2026-09-30 05:17:38,大阪府
年休120日／特養／介護職／正社員／社会福祉法人 慶生会 特別養護老人...新着,社会福祉法人慶生会,大阪府,"月給26万8,000円",正社員,介護,求人ボックス,https://xn--pckua2a7gp15o89zb.com/jb/96edd1fd2092b55def48864d91769140,True,13時間前,2026-09-30 05:17:41,大阪府
月給23.4万円老人ホーム／介護職／正社員／株式会社 そうせい介護支援...新着,株式会社そうせい介護支援事業所,大阪府,月給23,正社員,介護,求人ボックス,https://xn--pckua2a7gp15o89zb.com/jb/29e2267a7d68d556f90fab6ad46cf596,True,14時間前,2026-09-30 05:17:41,大阪府
未経験OK／有料老人ホーム／介護職／正社員／株式会社 ニコグループ新着,株式会社ニコグループ,大阪府,月給20万円～30万円,正社員,介護,求人ボックス,https://xn--pckua2a7gp15o89zb.com/jb/18eaf8da2de195555488ce294093b7aa,True,14時間前,2026-09-30 05:17:41,大阪府
保育士新着,松原保育園,大阪府,"時給1,177円～1,200円",正社員,保育,求人ボックス,https://xn--pckua2a7gp15o89zb.com/jb/fc9fe4759b39ba3f5ef1d3c45458b8c7,True,4時間前,2026-09-30 05:17:26,大阪府
保育士新着,児童発達支援 nicoチャイルド,大阪府,"時給1,400円",アルバイト・パート,保育,求人ボックス,https://xn--pckua2a7gp15o89zb.com/jb/5b62b2f5a2d714373f094815af33346b,True,4時間前,2026-09-30 05:17:27,大阪府
認定保育園の保育士新着,社会福祉法人あゆみ会／アンパス保育園,大阪府,月給22万円,正社員,保育,求人ボックス,https://xn--pckua2a7gp15o89zb.com/jb/000fb82eb1b860fcccb9410d0e9954e0,True,13時間前,2026-09-30 05:17:27,大阪府
保育士新着,あいある保育園,大阪府,"時給1,280円～1,500円",アルバイト・パート,保育,求人ボックス,https://xn--pckua2a7gp15o89zb.com/jb/2844804d64f8b02c638cc748d6a80189,True,4時間前,2026-09-30 05:17:27,大阪府
保育士新着,オリコキッズフェリーチェけやき園,大阪府,"時給1,230円",アルバイト・パート,保育,求人ボックス,https://xn--pckua2a7gp15o89zb.com/jb/8a0df2ac088916e601f0e6dc6816b71f,True,4時間前,2026-09-30 05:17:30,大阪府
「保育士」ブランクがある方も資格があれば大歓迎 家事・育児と両立しやす...新着,株式会社エイジエル,大阪府,"月給22万5,300円",正社員,保育,求人ボックス,https://xn--pckua2a7gp15o89zb.com/jb/08262beee01cea3dd605c38f9b6c4965,True,5時間前,2026-09-30 05:17:30,大阪府
保育士新着,ブロッサムジュニア 茨木校,大阪府,"時給1,450円～1,550円",アルバイト・パート,保育,求人ボックス,https://xn--pckua2a7gp15o89zb.com/jb/bab9093107e263e06683fc8b0ceeb354,True,4時間前,2026-09-30 05:17:30,大阪府
保育士新着,Ohana保育園,大阪府,"時給1,200円",アルバイト・パート,保育,求人ボックス,https://xn--pckua2a7gp15o89zb.com/jb/fa71dbfab18d831c68107b8fc9098a98,True,4時間前,2026-09-30 05:17:33,大阪府
保育士新着,スクルドエンジェル保育園 池田駅前園,大阪府,"時給1,300円～1,330円",アルバイト・パート,保育,求人ボックス,https://xn--pckua2a7gp15o89zb.com/jb/5231f8c9e63096c32e0dad7d699a7378,True,4時間前,2026-09-30 05:17:38,大阪府
保育士新着,西大阪保育園,大阪府,"時給1,300円～1,450円",アルバイト・パート,保育,求人ボックス,https://xn--pckua2a7gp15o89zb.com/jb/3121ec2e3682dd12ce978b73425b54d7,True,4時間前,2026-09-30 05:17:38,大阪府
保育士新着,ヤクルト桜ノ宮保育所,大阪府,"時給1,177円",アルバイト・パート,保育,求人ボックス,https://xn--pckua2a7gp15o89zb.com/jb/7673e6d264f1681a12df3d90d1a51c23,True,4時間前,2026-09-30 05:17:38,大阪府
保育士新着,ヤクルトひよっこ保育園池田,大阪府,"時給1,250円",アルバイト・パート,保育,求人ボックス,https://xn--pckua2a7gp15o89zb.com/jb/2f8b08da5c4db2d394f271f7a45db49d,True,4時間前,2026-09-30 05:17:38,大阪府
保育士新着,やまてようちえんやまてっこ,大阪府,"時給1,270円",アルバイト・パート,保育,求人ボックス,https://xn--pckua2a7gp15o89zb.com/jb/1e81d9af5505097de77e04dcf37c3888,True,4時間前,2026-09-30 05:17:40,大阪府
保育士新着,RICホープ高槻保育園,大阪府,"時給1,230円",アルバイト・パート,保育,求人ボックス,https://xn--pckua2a7gp15o89zb.com/jb/9637cf4eba101b62eb8183359506141e,True,4時間前,2026-09-30 05:17:40,大阪府
保育士新着,社会体験スタジオ Skills豊中少路,大阪府,"時給1,300円",アルバイト・パート,保育,求人ボックス,https://xn--pckua2a7gp15o89zb.com/jb/ce6250e5bd00b3016d1732c84a165439,True,4時間前,2026-09-30 05:17:43,大阪府
保育士新着,かいせいプチ保育園 上新庄園,大阪府,"時給1,270円",アルバイト・パート,保育,求人ボックス,https://xn--pckua2a7gp15o89zb.com/jb/eee79cb69affe080ec7bc6965bb8f08a,True,4時間前,2026-09-30 05:17:43,大阪府
保育士新着,児童発達支援・放課後等デイサービスちえのわ 西三荘,大阪府,"時給1,310円",アルバイト・パート,保育,求人ボックス,https://xn--pckua2a7gp15o89zb.com/jb/08ea3333b0a19b623867e46af39b3281,True,4時間前,2026-09-30 05:17:47,大阪府
保育士新着,きらら保育所,大阪府,"時給1,230円",アルバイト・パート,保育,求人ボックス,https://xn--pckua2a7gp15o89zb.com/jb/f95842040ebdeb240358cd0013e412fb,True,4時間前,2026-09-30 05:17:50,大阪府
保育士新着,医療法人西田歯科,大阪府,"時給1,177円～1,500円",アルバイト・パート,保育,求人ボックス,https://xn--pckua2a7gp15o89zb.com/jb/c856459c31195a03fdaa2d95a35bf2ef,True,4時間前,2026-09-30 05:17:50,大阪府
保育士新着,聖和病院内保育所,大阪府,"時給1,230円",アルバイト・パート,保育,求人ボックス,https://xn--pckua2a7gp15o89zb.com/jb/41b1b334608feef2c9f9e7fad19a9c5d,True,4時間前,2026-09-30 05:17:52,大阪府
保育士新着,にこにこキッズ 長曽根園,大阪府,"時給1,210円～1,500円",アルバイト・パート,保育,求人ボックス,https://xn--pckua2a7gp15o89zb.com/jb/c4f485e28d5aad4648a4cd12ebb0a219,True,4時間前,2026-09-30 05:17:52,大阪府
内科クリニックでの医療事務／経験歓迎／大阪市大正区千島新着,よし内科クリニック,大阪府,"時給1,400円～1,600円",アルバイト・パート,医療事務,求人ボックス,https://xn--pckua2a7gp15o89zb.com/jbn/8b43619e5274f95ea85dc2172c120ca2,True,3時間前,2026-09-30 05:17:22,大阪府
調剤薬局での医療事務／経験OK／フリーター歓迎／交通費支給／シフト制新着,医療事務,大阪府,"時給1,177円～",アルバイト・パート,医療事務,求人ボックス,https://xn--pckua2a7gp15o89zb.com/jbn/451454e20300daa26c385fcb6cccf3e7,True,3時間前,2026-09-30 05:17:22,大阪府
かるがも薬局での医療事務／シフト制／退職金制度あり／経験可能／研修あり新着,株式会社メディカルかるがも,大阪府,"時給1,177円～",アルバイト・パート,医療事務,求人ボックス,https://xn--pckua2a7gp15o89zb.com/jbn/5ac70fb169c9f4078c0b97094fafa34d,True,3時間前,2026-09-30 05:17:23,大阪府
調剤薬局での医療事務／経験歓迎／フリーターOK／交通費支給あり新着,医療事務,大阪府,年収340万円～370万円,正社員,医療事務,求人ボックス,https://xn--pckua2a7gp15o89zb.com/jbn/481123798c244dced705a8ff545ede32,True,3時間前,2026-09-30 05:17:23,大阪府
調剤薬局での医療事務／経験可能／フリーター／交通費支給あり／昇給あり新着,医療事務,大阪府,月給27万円～28万円,正社員,医療事務,求人ボックス,https://xn--pckua2a7gp15o89zb.com/jbn/f7c94b9c19233611a6f53931363e62e2,True,3時間前,2026-09-30 05:17:23,大阪府
調剤薬局での医療事務／経験者OK／フリーター／通勤手当支給あり新着,医療事務,大阪府,月給22万円～25万円,正社員,医療事務,求人ボックス,https://xn--pckua2a7gp15o89zb.com/jbn/19fa27c025f45b7488747575a872c6f6,True,3時間前,2026-09-30 05:17:27,大阪府
調剤薬局での医療事務／経験歓迎／フリーターOK／昇給あり／有給休暇新着,医療事務,大阪府,月給20万円～,正社員,医療事務,求人ボックス,https://xn--pckua2a7gp15o89zb.com/jbn/b207b1c988cd9aa506f9bf28c6359eed,True,3時間前,2026-09-30 05:17:27,大阪府
調剤薬局での医療事務／経験歓迎／フリーターOK／昇給あり／社会保険完備新着,医療事務,大阪府,月給25万円～29万円,正社員,医療事務,求人ボックス,https://xn--pckua2a7gp15o89zb.com/jbn/d3f0b9ba1913c41ca758888a19d3659e,True,3時間前,2026-09-30 05:17:30,大阪府
調剤薬局での医療事務／経験者可能／フリーターOK／昇給あり新着,医療事務,大阪府,月給20万円～,正社員,医療事務,求人ボックス,https://xn--pckua2a7gp15o89zb.com/jbn/587f52be82823352d8de46447d167978,True,3時間前,2026-09-30 05:17:30,大阪府
調剤薬局での医療事務／経験歓迎／フリーターOK／通勤手当支給／昇給あり新着,医療事務,大阪府,年収340万円～370万円,正社員,医療事務,求人ボックス,https://xn--pckua2a7gp15o89zb.com/jbn/7682e87e293a2d833f630d6be939d007,True,3時間前,2026-09-30 05:17:33,大阪府
調剤薬局での医療事務／経験OK／フリーターOK／昇給あり／有給休暇新着,医療事務,大阪府,月給20万円～,正社員,医療事務,求人ボックス,https://xn--pckua2a7gp15o89zb.com/jbn/24e19b79e172dbef6ea969f2f1d529fe,True,3時間前,2026-09-30 05:17:33,大阪府
調剤薬局での医療事務／経験者可能／フリーターOK／交通費あり新着,医療事務,大阪府,"時給1,177円～",アルバイト・パート,医療事務,求人ボックス,https://xn--pckua2a7gp15o89zb.com/jbn/74bda9c6fd06f26faa7ae8b76918ee1b,True,3時間前,2026-09-30 05:17:37,大阪府
調剤薬局での医療事務／経験者OK／フリーター／有給休暇新着,医療事務,大阪府,"時給1,177円～",アルバイト・パート,医療事務,求人ボックス,https://xn--pckua2a7gp15o89zb.com/jbn/6f5739e60c16a6b454b951669605f655,True,3時間前,2026-09-30 05:17:37,大阪府
調剤薬局での医療事務／経験者OK／フリーター／交通費あり／シフト制新着,医療事務,大阪府,"時給1,260円～1,560円",アルバイト・パート,医療事務,求人ボックス,https://xn--pckua2a7gp15o89zb.com/jbn/b979dbcf43a2406dd2c40b6302e32115,True,3時間前,2026-09-30 05:17:41,大阪府
調剤薬局での医療事務／経験OK／フリーター歓迎／交通費支給あり新着,医療事務,大阪府,年収340万円～370万円,正社員,医療事務,求人ボックス,https://xn--pckua2a7gp15o89zb.com/jbn/0210479bc362f4a3af13801845ca8faf,True,3時間前,2026-09-30 05:17:41,大阪府
調剤薬局での医療事務／経験歓迎／フリーターOK／交通費支給あり新着,医療事務,大阪府,"時給1,177円～",アルバイト・パート,医療事務,求人ボックス,https://xn--pckua2a7gp15o89zb.com/jbn/1ebfc8c099b84f98e26468ec3451a7bf,True,3時間前,2026-09-30 05:17:45,大阪府
医療事務／医療事務経験者大募集 エリア高時給1500円!人気のお仕事新着,株式会社ルフト・メディカルケア,大阪府,時給1500円,派遣社員,医療事務,求人ボックス,https://xn--pckua2a7gp15o89zb.com/jb/528525bfa53917514360108c3ce088c2,True,22時間前,2026-09-30 05:17:45,大阪府
クリニックでの医療事務／経験OK／フリーター歓迎／通勤手当支給新着,医療事務,大阪府,月給20万円～21万円,正社員,医療事務,求人ボックス,https://xn--pckua2a7gp15o89zb.com/jbn/f8cc70683ea57bac19b2c3d75ead9dce,True,3時間前,2026-09-30 05:17:45,大阪府
調剤薬局での医療事務／経験者可能／フリーターOK／通勤手当あり新着,医療事務,大阪府,月給22万円～25万円,正社員,医療事務,求人ボックス,https://xn--pckua2a7gp15o89zb.com/jbn/caa78f80b7a00033182f951ef6f618c2,True,3時間前,2026-09-30 05:17:45,大阪府
クリニックの医療事務新着,岡崎医院,大阪府,"時給1,177円",アルバイト・パート,医療事務,求人ボックス,https://xn--pckua2a7gp15o89zb.com/jb/b4322ab9e0cecde21a5fa5e2c7173f2f,True,13時間前,2026-09-30 05:17:49,大阪府
クリニックでの医療事務／経験歓迎／フリーターOK／通勤手当支給新着,医療事務,大阪府,"時給1,177円～",アルバイト・パート,医療事務,求人ボックス,https://xn--pckua2a7gp15o89zb.com/jbn/d2c90736fcec504268e000bf78ee4b0b,True,3時間前,2026-09-30 05:17:49,大阪府
調剤薬局での医療事務／経験者可能／フリーターOK／昇給あり新着,医療事務,大阪府,月給20万円～27万円,正社員,医療事務,求人ボックス,https://xn--pckua2a7gp15o89zb.com/jbn/aa5056a109ca0841dd3a0e4b82612b3d,True,3時間前,2026-09-30 05:17:53,大阪府
調剤薬局での医療事務／経験者歓迎／フリーター歓迎／交通費支給あり新着,医療事務,大阪府,月給20万円～25万円,正社員,医療事務,求人ボックス,https://xn--pckua2a7gp15o89zb.com/jbn/7290aef16399d7b8fcbb41fceedfc9ce,True,3時間前,2026-09-30 05:17:53,大阪府
クリニックでの医療事務／経験者可能／フリーターOK／通勤手当あり新着,医療事務,大阪府,"時給1,177円～",アルバイト・パート,医療事務,求人ボックス,https://xn--pckua2a7gp15o89zb.com/jbn/096c0931053d5307a7dbd673d304cf43,True,3時間前,2026-09-30 05:17:53,大阪府
病院での医療事務／経験者可能／フリーターOK／昇給あり／シフト制新着,医療事務,大阪府,"月給19万7,736円",正社員,医療事務,求人ボックス,https://xn--pckua2a7gp15o89zb.com/jbn/f034e9688a07fee6f0feb2937cb441df,True,3時間前,2026-09-30 05:17:53,大阪府
調剤薬局での医療事務／経験歓迎／フリーターOK／各種社会保険完備新着,医療事務,大阪府,"時給1,177円～",アルバイト・パート,医療事務,求人ボックス,https://xn--pckua2a7gp15o89zb.com/jbn/fa9bdab60cb880cae260a4b19113fa5c,True,3時間前,2026-09-30 05:17:53,大阪府
「手荒れ・水仕事なしのカット専門美容師／スタイリスト」／ノルマ無し新着,QBハウスイオン喜連瓜破ショッピングセンター,大阪府,月給28万円～45万,正社員,美容,求人ボックス,https://xn--pckua2a7gp15o89zb.com/jbn/1f85be419df11733d6af928e1f1dea57,True,3時間前,2026-09-30 05:17:45,大阪府
「ノルマ・歩合制なし、営業トークは必要なしの美容師募集」／経験者歓迎新着,QBハウスイオンモール堺北花田,大阪府,月給28万円～45万,正社員,美容,求人ボックス,https://xn--pckua2a7gp15o89zb.com/jbn/422b74e7c3a995611a06317611f2240e,True,3時間前,2026-09-30 05:17:45,大阪府
「歩合制なしで安定した収入が得られる美容師」／ブランクOK新着,QBハウスイオンモールりんくう泉南,大阪府,月給28万円～45万,正社員,美容,求人ボックス,https://xn--pckua2a7gp15o89zb.com/jbn/49b7afa50f8ad53cc4c36077d919bb52,True,3時間前,2026-09-30 05:17:45,大阪府
DM作業ノルマなしでスキルアップに集中できる美容師アシスタント新着,Deux Age,大阪府,"月給23万5,845円",正社員,美容,求人ボックス,https://xn--pckua2a7gp15o89zb.com/jb/002fbba3f7686ea9f1bde70310cac54e,True,19時間前,2026-09-30 05:17:49,大阪府
「ノルマ・歩合制なし、営業トークは必要なしの美容師募集」／有休取得率8...新着,QBハウス阪急十三駅,大阪府,月給28万円～45万,正社員,美容,求人ボックス,https://xn--pckua2a7gp15o89zb.com/jbn/f11a2ac37c683ba0e38c1acd10e9966f,True,3時間前,2026-09-30 05:17:49,大阪府
カラー専門スタイリスト美容師新着,アイビ株式会社,大阪府,"時給1,215円～3,000円",アルバイト・パート,美容,求人ボックス,https://xn--pckua2a7gp15o89zb.com/jb/e5e5f459931779bdc70b3ad2659127b8,True,7時間前,2026-09-30 05:17:49,大阪府
「手荒れ・水仕事なしのカット専門美容師／スタイリスト」／シフト制新着,QBハウス堂島アバンザ,大阪府,月給28万円～45万,正社員,美容,求人ボックス,https://xn--pckua2a7gp15o89zb.com/jbn/72b6c2559ded4aa20b792a7863bfe9c1,True,3時間前,2026-09-30 05:17:49,大阪府
「ブランクありでも復職できる理容師・美容師はここ!」／勤務時間外の練習...新着,QBHOUSE／ロジスカットスクール大阪校,大阪府,月給24万円～,正社員,美容,求人ボックス,https://xn--pckua2a7gp15o89zb.com/jbn/bd2a49c0db6fb076f70276f063b4515d,True,2時間前,2026-09-30 05:17:53,大阪府
アシスタント美容師新着,株式会社diptyMOILA,大阪府,"月給23万1,000円",正社員,美容,求人ボックス,https://xn--pckua2a7gp15o89zb.com/jb/feb2f74e115296661b1a0cdf9f3075c8,True,7時間前,2026-09-30 05:17:53,大阪府
スタイリスト／美容師有給消化率91%!プライベートも充実、キャリアアッ...新着,株式会社ハクブン,大阪府,月給23万円～40万円,正社員,美容,求人ボックス,https://xn--pckua2a7gp15o89zb.com/jb/34ec68860fa6aa881b35edf39c86e537,True,7時間前,2026-09-30 05:17:53,大阪府
美容師スタイリスト新着,HAIR SALON IWASAKI 大阪枚方店,大阪府,"時給1,240円～1,600円",アルバイト・パート,美容,求人ボックス,https://xn--pckua2a7gp15o89zb.com/jb/7bde757ac7738c207d6a4c83cdb851ae,True,10時間前,2026-09-30 05:17:53,大阪府
美容師スタイリスト新着,HAIR SALON IWASAKI 大阪岸和田...,大阪府,"時給1,240円～1,600円",アルバイト・パート,美容,求人ボックス,https://xn--pckua2a7gp15o89zb.com/jb/4d6d42eb3847f075f65c6db9f2283b94,True,12時間前,2026-09-30 05:17:57,大阪府
美容師／スタイリスト／レヴリー新着,reverie,大阪府,月給24万円～61万,正社員,美容,求人ボックス,https://xn--pckua2a7gp15o89zb.com/jb/c7d32cbfb7c2fc64b59b530a1c2d38d7,True,5時間前,2026-09-30 05:17:57,大阪府
美容師スタイリスト新着,HAIR STUDIO IWASAKI 大阪正雀店,大阪府,"時給1,240円～1,600円",アルバイト・パート,美容,求人ボックス,https://xn--pckua2a7gp15o89zb.com/jb/c14cbffbd9d3d508e619e7453202ba82,True,12時間前,2026-09-30 05:17:57,大阪府
美容師／スタイリスト／ヘリア新着,HELIA,大阪府,月給20万円～22万円,正社員,美容,求人ボックス,https://xn--pckua2a7gp15o89zb.com/jb/098cbede49fb28c2adffff3603cf97a5,True,5時間前,2026-09-30 05:17:59,大阪府
ホォレ トヨナカテンのスタイリスト 美容師新着,fore 豊中店,大阪府,月給25万円～50万円,正社員,美容,求人ボックス,https://xn--pckua2a7gp15o89zb.com/jb/d28bf2353aecfd41b47cf168c53af7d1,True,16時間前,2026-09-30 05:17:59,大阪府
美容師スタイリスト新着,HAIR STUDIO IWASAKI 大阪岸部店,大阪府,"時給1,240円～1,600円",アルバイト・パート,美容,求人ボックス,https://xn--pckua2a7gp15o89zb.com/jb/12f8289496fe56252b834175581cabd6,True,10時間前,2026-09-30 05:17:59,大阪府
美容師／アシスタント／くら新着,株式会社くらのスタイル,大阪府,月給23万円～26万円,正社員,美容,求人ボックス,https://xn--pckua2a7gp15o89zb.com/jb/f5bb94eb25262cc3993f4c65aaea7d3f,True,5時間前,2026-09-30 05:17:59,大阪府
美容師／アシスタント／ビーズ ノイ新着,BEE’Z NEU,大阪府,"月給22万9,264円",正社員,美容,求人ボックス,https://xn--pckua2a7gp15o89zb.com/jb/bb4406a5ab9b293cbae24f3ec93c5623,True,5時間前,2026-09-30 05:18:06,大阪府
美容師／アシスタント／ヘアセットサロン イリス新着,IRIS,大阪府,"時給1,200円～1,600円",アルバイト・パート,美容,求人ボックス,https://xn--pckua2a7gp15o89zb.com/jb/a082d41de2ece2df1c9ad03edb342591,True,5時間前,2026-09-30 05:18:06,大阪府
「カットのみの美容室で一緒に働こう」／地域手当あり／交通費支給／ネイルOK／安定企業新着,QBハウス近鉄上本町駅,大阪府,月給28万円～45万,正社員,美容,求人ボックス,https://xn--pckua2a7gp15o89zb.com/jbn/1173d527de3bb699867864ed070240ca,True,3時間前,2026-09-30 05:18:06,大阪府
月給30万～／未経験採用枠／研修充実／Tiktok運用エンジニア新着,ナナイロモバイル株式会社,大阪府,月給30万～,正社員,美容,求人ボックス,https://xn--pckua2a7gp15o89zb.com/jbn/e95e0f7631bdedaaf2626f8a00fef682,True,11時間前,2026-09-30 05:18:06,大阪府
「まだ間に合う!」未経験採用枠／ガチャガチャ製造／年間休日125日以上新着,Yts株式会社,大阪府,月給28万円～50万円,正社員,美容,求人ボックス,https://xn--pckua2a7gp15o89zb.com/jbn/8bde60f7431ff1b6afbf36ab99e496fc,True,11時間前,2026-09-30 05:18:11,大阪府
「まだ間に合う!」未経験採用枠／製造スタッフ・カプセルトイ／研修充実新着,株式会社小林,大阪府,月給28万円～50万円,正社員,美容,求人ボックス,https://xn--pckua2a7gp15o89zb.com/jbn/2cbe188f71f53174e1f4b1136c808c7c,True,12時間前,2026-09-30 05:18:11,大阪府
「新生活デビュー応援!」未経験採用枠／カプセルトイ製造オペレーター／年間休日125日以上新着,株式会社RIOT,大阪府,月給28万円～50万円,正社員,美容,求人ボックス,https://xn--pckua2a7gp15o89zb.com/jbn/98d028df89b8975d5028353f7742fb20,True,12時間前,2026-09-30 05:18:11,大阪府
「まだ間に合う!」未経験採用枠／カプセルトイ製造オペレーター／年間休日125日以上新着,AQUARIUS株式会社,大阪府,月給28万円～50万円,正社員,美容,求人ボックス,https://xn--pckua2a7gp15o89zb.com/jbn/4a87730836db587e8687115c02b30f84,True,11時間前,2026-09-30 05:18:11,大阪府
フルリモート／未経験可／データ入力／年休125日以上新着,職種・業界未経験歓迎→大体の方が未経験からスタートしてます! 前職は様々→飲食店、,大阪府,"月給24万3,900円",正社員,美容,求人ボックス,https://xn--pckua2a7gp15o89zb.com/jbn/d0f7b2a70612bd7ab825448c0f6951c7,True,11時間前,2026-09-30 05:18:11,大阪府
「新生活デビュー応援!」未経験採用枠／カプセルトイ製造オペレーター／研修充実新着,株式会社RIOT GROUP,大阪府,月給28万円～50万円,正社員,美容,求人ボックス,https://xn--pckua2a7gp15o89zb.com/jbn/ce2e3963fbc5f5cc70a1b94e3479f7a5,True,12時間前,2026-09-30 05:18:15,大阪府
フルリモート／未経験可／一般事務／年休125日以上新着,職種・業界未経験歓迎→大体の方が未経験からスタートしてます! 前職は様々→飲食店、,大阪府,"月給23万1,500円",正社員,美容,求人ボックス,https://xn--pckua2a7gp15o89zb.com/jbn/3f752a6bde610a393d4e300b644fe6c4,True,12時間前,2026-09-30 05:18:15,大阪府
フルリモート／データ入力／高収入／完全週休2日新着,飲食店、,大阪府,"月給22万3,600円",正社員,美容,求人ボックス,https://xn--pckua2a7gp15o89zb.com/jbn/68a01dbc3065bd00a682a1881ef5f711,True,11時間前,2026-09-30 05:18:15,大阪府
日勤警備／週5日～／中高年・シニア活躍中／実働6時間・日払いOK新着,髙菱管理株式会社,大阪府,"日給1万1,000円",アルバイト・パート,建設,求人ボックス,https://xn--pckua2a7gp15o89zb.com/jbn/d4d2c0170c2e5ef37644b7077ef743f8,True,4時間前,2026-09-30 05:17:55,大阪府
建設向け測量機・計測器の既存法人向けルート営業／未経験OK／研修あり／完全週休2日制／昇給あり新着,株式会社山陽測器,大阪府,年収700万円～900万円,正社員,建設,求人ボックス,https://xn--pckua2a7gp15o89zb.com/jbn/d1e7b876cde3df66958139c721715724,True,2時間前,2026-09-30 05:17:55,大阪府
経験が活かせる解体施工管理新着,三貴株式会社,大阪府,"月給24万8,000円",正社員,建設,求人ボックス,https://xn--pckua2a7gp15o89zb.com/jb/679bd261bb7e4e567081e12adfcf9483,True,5時間前,2026-09-30 05:17:55,大阪府
建築設計管理新着,株式会社ケイ・エス・ジャパン,大阪府,月給27万円～,正社員,建設,求人ボックス,https://xn--pckua2a7gp15o89zb.com/jb/5f42e28ba63bda069916264c02e4b4e3,True,21時間前,2026-09-30 05:17:55,大阪府
完全未経験OK／パチンコ店ホールスタッフ／エリアマネージャーなどの管理職昇格実績多数／未経験歓迎!新着,株式会社喜久家,大阪府,月給30万円～40万円,正社員,建設,求人ボックス,https://xn--pckua2a7gp15o89zb.com/jbn/99c4484040c0849d9e5903d3e3c19453,True,11時間前,2026-09-30 05:17:55,大阪府
軽貨物配送／20代・30代多数活躍中／学歴経歴不問・即面接新着,クレン配送,大阪府,月給35万円～,,建設,求人ボックス,https://xn--pckua2a7gp15o89zb.com/jbn/69aa75aa8d7b4f0e07e5d6363a3cf43e,True,16時間前,2026-09-30 05:17:55,大阪府
建築プロジェクトマネジメント／最新テクノロジーを駆使して確固たる技術が身に付く!／完全未経験OK!新着,株式会社テクノプロ・コンストラクション,大阪府,月給21万円～29万円,正社員,建設,求人ボックス,https://xn--pckua2a7gp15o89zb.com/jbn/d8b325de8db724c9529b30b3478cb9b8,True,11時間前,2026-09-30 05:17:55,大阪府
未経験からでもできる建築施工管理補助新着,大木建設株式会社,大阪府,月給25万円～50万円,正社員,建設,求人ボックス,https://xn--pckua2a7gp15o89zb.com/jb/48c761423410e1c000b6c0b4270cec68,True,5時間前,2026-09-30 05:17:55,大阪府
未経験からできる商空間やオフィスの内装施工管理新着,セック株式会社,大阪府,"月給25万8,800円",正社員,建設,求人ボックス,https://xn--pckua2a7gp15o89zb.com/jb/31c15b7776688d7bea4cc4e08a76410e,True,5時間前,2026-09-30 05:17:55,大阪府
経験を活かせる建築現場の多能工新着,日本土建工業株式会社,大阪府,月給26万円～40万円,正社員,建設,求人ボックス,https://xn--pckua2a7gp15o89zb.com/jb/2a48ad3b940d4f033fe013acdce6a776,True,5時間前,2026-09-30 05:17:55,大阪府
地域見守り交通サポートスタッフ新着,株式会社エコエネ,大阪府,"日給1万1,000円",アルバイト・パート,建設,求人ボックス,https://xn--pckua2a7gp15o89zb.com/jb/9cc1fa8ecd66adb0f7b550d89de44a2a,True,13時間前,2026-09-30 05:17:55,大阪府
タクシー運転手「週3勤務」資格取得支援あり／月収40万円以上／安定収入／転職回数不問新着,...以下のような経験をお持ちの方は特に歓迎します。・軽貨物ドライバー・ルート配送スタッフ・宅配ドライバー・タクシー運転手・大型トラックドライバー・フォークリフトオペレーター・,大阪府,"月給45万8,000円",正社員,建設,求人ボックス,https://xn--pckua2a7gp15o89zb.com/jbn/aaaec191a75bcceab59ce20fae750ce1,True,13時間前,2026-09-30 05:17:55,大阪府
「VIP送迎もあり」夜勤タクシードライバー／年収600万円以上／賞与年2回新着,建設・,大阪府,月給46万400円,正社員,建設,求人ボックス,https://xn--pckua2a7gp15o89zb.com/jbn/cbe204204ec12e65726d232757346fb1,True,13時間前,2026-09-30 05:17:55,大阪府
タクシードライバー／週3勤務／学歴不問／1年目月収50万以上／賞与年2回新着,建設・,大阪府,"月給45万8,000円",正社員,建設,求人ボックス,https://xn--pckua2a7gp15o89zb.com/jbn/75092ecdb96b13b670215aa72909f0b9,True,13時間前,2026-09-30 05:17:55,大阪府
夜勤タクシードライバー／未経験スタートOK／年2回のボーナス支給あり／資格取得支援制度あり新着,作業,大阪府,"月給46万1,500円",正社員,建設,求人ボックス,https://xn--pckua2a7gp15o89zb.com/jbn/d4837446171be96e736d22e0d860fd03,True,13時間前,2026-09-30 05:17:56,大阪府
第二新卒も歓迎!転勤なし／直行直帰可能!長く働ける職場環境新着,株式会社三木組,大阪府,"月給19万5,000円",正社員,建設,求人ボックス,https://xn--pckua2a7gp15o89zb.com/jb/e6bcbb5fd452f747a2a7fa65ba11e0e3,True,6時間前,2026-09-30 05:17:56,大阪府
「未経験歓迎」タクシードライバー／月収50万円以上可／退職金制度あり新着,...以下のような経験をお持ちの方は特に歓迎します。・軽貨物ドライバー・ルート配送スタッフ・宅配ドライバー・タクシー運転手・大型トラックドライバー・フォークリフトオペレーター・,大阪府,"月給47万8,000円",正社員,建設,求人ボックス,https://xn--pckua2a7gp15o89zb.com/jbn/31b1cb23f9ad81cc5756b055c3d48ff4,True,14時間前,2026-09-30 05:17:56,大阪府
「正社員」週3勤務のタクシードライバー／未経験者活躍中／年収500万円以上可能／土日祝休み取得可新着,建設・,大阪府,"月給47万8,800円",正社員,建設,求人ボックス,https://xn--pckua2a7gp15o89zb.com/jbn/03630d49d6abfc2a6f567ef0faf688d2,True,14時間前,2026-09-30 05:17:56,大阪府
「夜勤で稼げる」タクシードライバー／普通免許のみOK／年収600万円以上可／賞与年2回新着,...以下のような経験をお持ちの方は特に歓迎します。・軽貨物ドライバー・ルート配送スタッフ・宅配ドライバー・タクシー運転手・大型トラックドライバー・フォークリフトオペレーター・,大阪府,"月給47万8,000円",正社員,建設,求人ボックス,https://xn--pckua2a7gp15o89zb.com/jbn/19954c13535c86e665162ab150546d0e,True,14時間前,2026-09-30 05:17:56,大阪府
「二種免許不要・週3勤務・タクシー運転手」研修あり／賞与あり／アルファード送迎新着,作業,大阪府,"月給47万9,700円",正社員,建設,求人ボックス,https://xn--pckua2a7gp15o89zb.com/jbn/600e986de33f372de48d13022cf9b88a,True,14時間前,2026-09-30 05:17:56,大阪府
大型機械の運搬・設置機械オペレーター新着,株式会社上組,大阪府,"月給23万7,000円",正社員,建設,求人ボックス,https://xn--pckua2a7gp15o89zb.com/jb/a85fded7bc93b51d6fa115073947dea8,True,19時間前,2026-09-30 05:17:56,大阪府
現場作業員 橋梁耐震補修工事 寮完備新着,株式会社SET,大阪府,"日給1万6,000円",正社員,建設,求人ボックス,https://xn--pckua2a7gp15o89zb.com/jb/0b8ffd59a446e231a2e2d175e62dea50,True,3時間前,2026-09-30 05:17:59,大阪府
未経験からでもできる建築施工管理補助業務新着,センター建設株式会社,大阪府,月給22万円～44万円,正社員,建設,求人ボックス,https://xn--pckua2a7gp15o89zb.com/jb/9eaede8e8444e17a748148659dd6bd73,True,5時間前,2026-09-30 05:17:59,大阪府
経験が活かせる設備施工管理新着,株式会社岩本鉄工所,大阪府,月給30万円～40万円,正社員,建設,求人ボックス,https://xn--pckua2a7gp15o89zb.com/jb/4d1a9288457afcc2b9133e102d118e9b,True,5時間前,2026-09-30 05:17:59,大阪府
未経験からでもできる基礎工事作業員兼施工管理新着,株式会社葵組,大阪府,月給30万円～50万円,正社員,建設,求人ボックス,https://xn--pckua2a7gp15o89zb.com/jb/9f5c189b726ef1ea1ffb6ec68cbad2a6,True,5時間前,2026-09-30 05:17:59,大阪府
経験が活かせる現場作業員新着,成幸利根株式会社,大阪府,月給24万円～46万円,正社員,建設,求人ボックス,https://xn--pckua2a7gp15o89zb.com/jb/b4d9b6450fa1a78a2c91d780a6759292,True,5時間前,2026-09-30 05:17:59,大阪府
経験を活かせるマンション改修工事等の施工管理職新着,日塗株式会社,大阪府,月給22万円～42万円,正社員,建設,求人ボックス,https://xn--pckua2a7gp15o89zb.com/jb/63f174848af6a65e996663d28bbdb1da,True,5時間前,2026-09-30 05:17:59,大阪府
未経験からでもできる建築施工管理新着,株式会社タモツコーポレーション,大阪府,月給35万円～70万円,正社員,建設,求人ボックス,https://xn--pckua2a7gp15o89zb.com/jb/0317b7d27a2d06a1ff865caffecd1a64,True,5時間前,2026-09-30 05:18:03,大阪府
経験が活かせる土木工事作業員の重機オペレーター新着,株式会社エコスタイル,大阪府,"月給29万1,886円",正社員,建設,求人ボックス,https://xn--pckua2a7gp15o89zb.com/jb/85b01ad19ca484497c601bf463126c38,True,5時間前,2026-09-30 05:18:03,大阪府
未経験からでもできる土木工事補助業務新着,大神工業株式会社,大阪府,月給25万円～40万円,正社員,建設,求人ボックス,https://xn--pckua2a7gp15o89zb.com/jb/2ac2991c417b8785fe9416ce7fe2c9ce,True,5時間前,2026-09-30 05:18:03,大阪府
外構工事の重機オペレーター新着,住宅サービス株式会社,大阪府,"日給1万5,000円",正社員,建設,求人ボックス,https://xn--pckua2a7gp15o89zb.com/jb/dafd04441d4f7eeddaa1e8c97d2ca38c,True,13時間前,2026-09-30 05:18:03,大阪府
経験が活かせる内装施工管理新着,株式会社コントラフト,大阪府,月給30万円～50万円,正社員,建設,求人ボックス,https://xn--pckua2a7gp15o89zb.com/jb/12ff1040552d10bf79153496a102ef06,True,5時間前,2026-09-30 05:18:03,大阪府
プラスチック製品の成形機の立ち上げや操作スタッフ／OJT研修で未経験も安心／年間休日120日新着,三和化工株式会社,大阪府,月給21万円～40万円,正社員,建設,求人ボックス,https://xn--pckua2a7gp15o89zb.com/jb/fc705162c61483cb997f9ecb6a92dbdb,True,5時間前,2026-09-30 05:18:03,大阪府
未経験からでもできる重機オペレーター・作業員新着,エムオー工事株式会社,大阪府,月給25万円～60万円,正社員,建設,求人ボックス,https://xn--pckua2a7gp15o89zb.com/jb/bd21afd11171fc8a39d5fc8f34e019b8,True,5時間前,2026-09-30 05:18:03,大阪府
未経験からでもできる土木工事補助業務新着,金城重機株式会社,大阪府,月給25万円～45万円,正社員,建設,求人ボックス,https://xn--pckua2a7gp15o89zb.com/jb/ade938d23eaa257a7b66f981816fa23a,True,5時間前,2026-09-30 05:18:06,大阪府
経験が活かせる建築工事全般の施工管理業務新着,大容建設株式会社,大阪府,月給20万円～40万円,正社員,建設,求人ボックス,https://xn--pckua2a7gp15o89zb.com/jb/2e75562acd353c555efa00d85d492960,True,5時間前,2026-09-30 05:18:06,大阪府
経験が活かせる金属加工の溶接作業員新着,橋本工業株式会社,大阪府,月給20万円～40万円,正社員,建設,求人ボックス,https://xn--pckua2a7gp15o89zb.com/jb/dafc8ba11ae160edce5f166a5368a06f,True,5時間前,2026-09-30 05:18:06,大阪府
未経験からできる建築施工管理補助新着,kakibou株式会社,大阪府,月給22万円～50万円,正社員,建設,求人ボックス,https://xn--pckua2a7gp15o89zb.com/jb/bfb320bd3673710e1ec25ff35938fe3c,True,5時間前,2026-09-30 05:18:06,大阪府
清掃員新着,大和ライフネクスト株式会社,大阪府,"月給18万3,800円",正社員,建設,求人ボックス,https://xn--pckua2a7gp15o89zb.com/jb/8059759fb8b355d19fec99ec4d11c8a9,True,22時間前,2026-09-30 05:18:06,大阪府
道路・建設現場での交通誘導警備新着,株式会社ESS,大阪府,日給1万248円,契約社員,建設,求人ボックス,https://xn--pckua2a7gp15o89zb.com/jb/0b6b77a52fd9efa8af8696788321a340,True,22時間前,2026-09-30 05:18:06,大阪府
電気工事施工管理／施工管理未経験新着,株式会社七福電工,大阪府,年収350万円～500万円,正社員,建設,求人ボックス,https://xn--pckua2a7gp15o89zb.com/jb/74d51be9d73bd69a1da1ba669107cb16,True,11時間前,2026-09-30 05:18:09,大阪府
内装SJPの 建築施工管理 年休123日／賞与5ヶ月分新着,パナソニック建設エンジニアリング株式会社,大阪府,月給45万円～50万円,正社員,建設,求人ボックス,https://xn--pckua2a7gp15o89zb.com/jb/145a5d704d2a29aa59a7a8ed4e39a749,True,21時間前,2026-09-30 05:18:09,大阪府
埋蔵文化財の遺跡発掘作業員新着,株式会社アート,大阪府,"日給9,500円～",アルバイト・パート,建設,求人ボックス,https://xn--pckua2a7gp15o89zb.com/jb/2b6434f99f89b28e47a3506e49948adb,True,22時間前,2026-09-30 05:18:09,大阪府
法人営業 産業廃棄物の処理提案 グループ売上600億円新着,株式会社ナンセイ,大阪府,年収324万円～600万円,正社員,建設,求人ボックス,https://xn--pckua2a7gp15o89zb.com/jb/99530c41ec313a07944747c1b60b6b86,True,8時間前,2026-09-30 05:18:09,大阪府
施工管理／未経験歓迎／建設プロジェクトを支える施工管理のお仕事 勤務地:大阪・兵庫・滋賀・奈良新着,建設,大阪府,"月給26万9,824円",正社員,建設,求人ボックス,https://xn--pckua2a7gp15o89zb.com/jb/3ae18923dbba3384a14452b4d5b6a3ce,True,21時間前,2026-09-30 05:18:09,大阪府
塗装の 技術トレーナー 年休121日／経験者新着,ロックペイント株式会社,大阪府,月給22万円～,正社員,建設,求人ボックス,https://xn--pckua2a7gp15o89zb.com/jb/4a0f0a4ae69f0f62352200b498689b3a,True,19時間前,2026-09-30 05:18:09,大阪府
倉庫内軽作業新着,大阪運輸倉庫 東大阪出張所,大阪府,"時給1,250円",アルバイト・パート,建設,求人ボックス,https://xn--pckua2a7gp15o89zb.com/jb/159359c23d424b915adf6bd92fc109b4,True,17時間前,2026-09-30 05:18:13,大阪府
施設の修繕工事の施工管理／土日祝休み新着,株式会社Rian Japan,大阪府,"時給1,800円～2,200円",派遣社員,建設,求人ボックス,https://xn--pckua2a7gp15o89zb.com/jb/98962ffae74c250daf8f1b78ac48d295,True,18時間前,2026-09-30 05:18:13,大阪府
完全日払い可能な現場作業員スタッフ／週1日～短期OK!即日全額日払い シニア活躍中新着,勢興建設,大阪府,日給1万円～1万,アルバイト・パート,建設,求人ボックス,https://xn--pckua2a7gp15o89zb.com/jb/8db77badf711a960a95af9f3fc2d6bd0,True,14時間前,2026-09-30 05:18:13,大阪府
意匠設計／東証プライム上場／平均勤続年数15年以上／創業80年の中堅ゼネコン新着,大末建設株式会社,大阪府,年収480万円～780万円,正社員,建設,求人ボックス,https://xn--pckua2a7gp15o89zb.com/jb/af84a6e56ea92dee48816228c09602eb,True,2時間前,2026-09-30 05:18:13,大阪府
安全管理 正社員 大阪／建設 建築・土木・設備新着,日比谷総合設備株式会社,大阪府,"年収750万円～1,000万円",正社員,建設,求人ボックス,https://xn--pckua2a7gp15o89zb.com/jb/175d2b85502ca5dd619b9833fa139cfa,True,19時間前,2026-09-30 05:18:13,大阪府
大阪勤務／注文住宅を中心に建売住宅にも携わる住宅設計職／大手不動産グループ／リフォーム経験も可新着,建設,大阪府,"年収400万円～1,000万円",正社員,建設,求人ボックス,https://xn--pckua2a7gp15o89zb.com/jb/795777fce21bf7432453b6d431287e66,True,2時間前,2026-09-30 05:18:13,大阪府
施設管理・営繕／ホテル アゴーラ リージェンシー 大阪堺新着,株式会社アゴーラホテルマネジメント堺,大阪府,月給22万円,正社員,建設,求人ボックス,https://xn--pckua2a7gp15o89zb.com/jb/20594497cff512af0a9e1beb3656cc0b,True,17時間前,2026-09-30 05:18:16,大阪府
大阪／万博案件等も受注／空調給排水の施工管理／700～950万円／転勤なし／定年65歳新着,建設,大阪府,年収700万円～950万円,正社員,建設,求人ボックス,https://xn--pckua2a7gp15o89zb.com/jb/9b47d363bfd89fa947b4998e3f76ce29,True,15時間前,2026-09-30 05:18:16,大阪府
大阪／万博案件等も受注／電気設備施工管理／700～950万円／転勤なし／定年65歳新着,建設,大阪府,年収700万円～950万円,正社員,建設,求人ボックス,https://xn--pckua2a7gp15o89zb.com/jb/243dc57402fdc055ba1c09f9b77b566f,True,15時間前,2026-09-30 05:18:16,大阪府
大阪／広報／マーケティング新着,大和財託,大阪府,年収540万円～777万円,正社員,建設,求人ボックス,https://xn--pckua2a7gp15o89zb.com/jb/3e5e09afc8298d135d3afa2484f7b87d,True,10時間前,2026-09-30 05:18:16,大阪府
リラクゼーションスパ施設のレストラン調理スタッフ新着,作業,大阪府,年収360万円～450万円,正社員,建設,求人ボックス,https://xn--pckua2a7gp15o89zb.com/jb/aeb8532a5d8bff58a4659db5ec484a89,True,16時間前,2026-09-30 05:18:19,大阪府
天然温泉付きコンドミニアム型宿泊施設のチーフ候補新着,建設,大阪府,年収360万円～450万円,正社員,建設,求人ボックス,https://xn--pckua2a7gp15o89zb.com/jb/9124fba46ae9d0b61ddc31f3d2af96e3,True,16時間前,2026-09-30 05:18:19,大阪府
大阪市何れでも可／老舗地場建築会社による建築技術者新着,建設,大阪府,年収500万円～850万円,正社員,建設,求人ボックス,https://xn--pckua2a7gp15o89zb.com/jb/0a3b3a5ef35b5e59fe535f9bc512fa4c,True,15時間前,2026-09-30 05:18:22,大阪府
安全管理／フラットな社風でコミュニケーションもとりやすい／パナソニックグループのゼネコン新着,建設,大阪府,年収500万円～,正社員,建設,求人ボックス,https://xn--pckua2a7gp15o89zb.com/jb/5ed2ded7873d5fca52ea1016259e2745,True,16時間前,2026-09-30 05:18:22,大阪府
大阪／リフォーム営業／年休130日・インセンティブ有新着,<業種>不動産・,大阪府,年収500万円～700万円,正社員,建設,求人ボックス,https://xn--pckua2a7gp15o89zb.com/jb/a73eabb292cbef44b8011cc9a33b363d,True,16時間前,2026-09-30 05:18:22,大阪府
東京・大阪・福岡／建築施工管理／年収730～1100万円／東証プライム上場・海洋土木最大手新着,<高い競争優位性/マリコン最大手>海洋土木(マリコン)は浚渫船などの特殊,大阪府,年収730～1100万円,正社員,建設,求人ボックス,https://xn--pckua2a7gp15o89zb.com/jb/798885432fd46f84f6a5994adbac8f5f,True,16時間前,2026-09-30 05:18:22,大阪府
人材紹介会社の一般事務 未経験OK 残業なし 土日祝休み新着,株式会社ReAM,大阪府,月給25万円～40万円,正社員,事務,求人ボックス,https://xn--pckua2a7gp15o89zb.com/jb/2a12cb9e00d55d82da19249b95d0e852,True,4時間前,2026-09-30 05:17:55,大阪府
「20~30代歓迎」一般事務アシスタント／有給あり／BBQなどイベント...新着,株式会社RIOT GROUP,大阪府,"月給31万2,200円",正社員,事務,求人ボックス,https://xn--pckua2a7gp15o89zb.com/jbn/d8aa949246d7147efd0764499acb6a04,True,10時間前,2026-09-30 05:17:55,大阪府
「27卒・新卒大歓迎」PCでのカンタン入力／一般事務／丁寧な指導新着,株式会社ELシステム,大阪府,"月給25万6,100円",正社員,事務,求人ボックス,https://xn--pckua2a7gp15o89zb.com/jbn/98ceefa1faa26a5c7f13307498c31042,True,7時間前,2026-09-30 05:17:55,大阪府
「27卒・新卒大歓迎」PCでのカンタン入力／一般事務／丁寧な指導新着,株式会社LOP,大阪府,"月給25万1,500円",正社員,事務,求人ボックス,https://xn--pckua2a7gp15o89zb.com/jbn/9c19f7af26c09d50a0b1aa1ed520b67e,True,8時間前,2026-09-30 05:17:56,大阪府
一般事務／未経験歓迎／データ入力と書類作成から開始／土日祝休み新着,エンタイトルツーベース株式会社,大阪府,月給29万円～40万円,正社員,事務,求人ボックス,https://xn--pckua2a7gp15o89zb.com/jbn/035dded0db01c243dbbaac593ab9ad21,True,10時間前,2026-09-30 05:17:56,大阪府
「20~30代歓迎」オフィス一般事務／土日祝休み／寮社宅サポート新着,事務,大阪府,"月給29万2,200円",正社員,事務,求人ボックス,https://xn--pckua2a7gp15o89zb.com/jbn/11906a982f6e5f0841b42c4305638e72,True,10時間前,2026-09-30 05:18:00,大阪府
「0からのキャリア形成」一般事務スタッフ／完全週休2日制「土日祝」新着,株式会社RIOT,大阪府,"月給29万9,800円",正社員,事務,求人ボックス,https://xn--pckua2a7gp15o89zb.com/jbn/f0aa3b8b8cf37a0e68d9283d7594cc83,True,10時間前,2026-09-30 05:18:04,大阪府
「先輩の手厚いサポート」一般事務職／完全週休二日「土日祝」／寮社宅あり新着,事務,大阪府,"月給31万6,800円",正社員,事務,求人ボックス,https://xn--pckua2a7gp15o89zb.com/jbn/d75094dc81dab43eab492b4c0906645e,True,10時間前,2026-09-30 05:18:04,大阪府
「20~30代歓迎」一般事務アシスタント／有給あり／BBQなどイベント...新着,Yts株式会社,大阪府,"月給31万4,900円",正社員,事務,求人ボックス,https://xn--pckua2a7gp15o89zb.com/jbn/86dc20658401edfcd0edb17215793c06,True,10時間前,2026-09-30 05:18:04,大阪府
「27卒」一般事務／電話対応とデータ入力／研修制度充実／大阪市淀川区西...新着,株式会社X Resource,大阪府,"月給25万1,500円",正社員,事務,求人ボックス,https://xn--pckua2a7gp15o89zb.com/jbn/98362e2bf9fb06ceb2753db23f7488b7,True,8時間前,2026-09-30 05:18:08,大阪府
事務未経験OK／一般事務／月給26.9万〜・学歴不問・20代活躍中新着,一般事務,大阪府,月給26,正社員,事務,求人ボックス,https://xn--pckua2a7gp15o89zb.com/jbn/fa00c97fd1904388006e7e2a38341297,True,6時間前,2026-09-30 05:18:10,大阪府
未経験から始める一般事務／月給26.5万〜・土日祝休み・20代活躍中新着,一般事務,大阪府,月給26,正社員,事務,求人ボックス,https://xn--pckua2a7gp15o89zb.com/jbn/998ba737d73a6cb9dc3a15674977c877,True,6時間前,2026-09-30 05:18:14,大阪府
コツコツ働ける一般事務／月給26.6万〜・服装・髪型自由・20代活躍中新着,一般事務,大阪府,月給26,正社員,事務,求人ボックス,https://xn--pckua2a7gp15o89zb.com/jbn/a8820dd2c68eb111a1795745cb86414a,True,6時間前,2026-09-30 05:18:14,大阪府
未経験から始める一般事務／月給26.1万〜・転勤なし・20代活躍中新着,一般事務,大阪府,月給26,正社員,事務,求人ボックス,https://xn--pckua2a7gp15o89zb.com/jbn/e52429e1b55a47b0420c39f89c4f4b40,True,5時間前,2026-09-30 05:18:18,大阪府
コツコツ働ける一般事務／月給26.5万〜・ブランクOK・20代活躍中新着,一般事務,大阪府,月給26,正社員,事務,求人ボックス,https://xn--pckua2a7gp15o89zb.com/jbn/78f8185e38147872618b00add2fd40e8,True,6時間前,2026-09-30 05:18:18,大阪府
未経験から始める一般事務／月給26.4万〜・学歴不問・20代活躍中新着,一般事務,大阪府,月給26,正社員,事務,求人ボックス,https://xn--pckua2a7gp15o89zb.com/jbn/8815b4905b0410a810f4c59e64d8c065,True,5時間前,2026-09-30 05:18:18,大阪府
事務未経験OK／一般事務／月給26.8万〜・服装・髪型自由新着,一般事務,大阪府,月給26,正社員,事務,求人ボックス,https://xn--pckua2a7gp15o89zb.com/jbn/0381e26c2191099b096570a5662e9707,True,5時間前,2026-09-30 05:18:21,大阪府
事務未経験OK／一般事務／月給27万〜・残業少なめ・20代活躍中新着,一般事務,大阪府,月給27万,正社員,事務,求人ボックス,https://xn--pckua2a7gp15o89zb.com/jbn/cfc29fd880168239f0e1b83969c14a9a,True,6時間前,2026-09-30 05:18:21,大阪府
オフィスワークデビュー応援／一般事務／月給26.4万〜・転勤なし新着,一般事務,大阪府,月給26,正社員,事務,求人ボックス,https://xn--pckua2a7gp15o89zb.com/jbn/f81df934093b3935f2d75e74af31c883,True,5時間前,2026-09-30 05:18:23,大阪府
整骨院・接骨院にて柔道整復師新着,堺市駅前整骨院,大阪府,月給28万円～50万円,正社員,治療家,求人ボックス,https://xn--pckua2a7gp15o89zb.com/jb/482d5d73d97cd21066df0047a3f6198c,True,7時間前,2026-09-30 05:18:26,大阪府
柔道整復師／分院長候補新着,柔道整復師,大阪府,月給26万円～35万円,正社員,治療家,求人ボックス,https://xn--pckua2a7gp15o89zb.com/jb/b3ddbbb30667bfa8c9bfa3e0bbd55628,True,9時間前,2026-09-30 05:18:26,大阪府
デイサービスの機能訓練指導員／福利厚生充実／資格を活かして勤務しませんか新着,はなまるデイサービス山之上,大阪府,"時給1,725円～2,000円",アルバイト・パート,治療家,求人ボックス,https://xn--pckua2a7gp15o89zb.com/jb/2560dd1cedfb94736992f2d985ee7a4e,True,11時間前,2026-09-30 05:18:26,大阪府
リハビリ助手・無資格可の看護助手新着,整形外科ふくやまクリニック,大阪府,"時給1,400円～1,600円",アルバイト・パート,治療家,求人ボックス,https://xn--pckua2a7gp15o89zb.com/jb/0c259a8d7e3dccd4f409f82efd42b172,True,7時間前,2026-09-30 05:18:26,大阪府
通所介護・デイサービス勤務の介護職／ヘルパー新着,あかりデイサービス,大阪府,月給24万円～,正社員,治療家,求人ボックス,https://xn--pckua2a7gp15o89zb.com/jb/9730fb38aebff2b0d6c0d6805d0878ff,True,7時間前,2026-09-30 05:18:26,大阪府
「利用者のケア」ブランクがある方も資格があれば大歓迎 ライフスタイルに合わせて働けます!新着,株式会社エイジエル,大阪府,"月給23万9,500円",契約社員,治療家,求人ボックス,https://xn--pckua2a7gp15o89zb.com/jb/f33295fe2860577d38d784e0300b1031,True,5時間前,2026-09-30 05:18:26,大阪府
食事・排泄介助なしのシニアフィットネス／土日休み・夜勤無し新着,株式会社ヤマウチ,大阪府,"月給22万3,000円",正社員,治療家,求人ボックス,https://xn--pckua2a7gp15o89zb.com/jb/16e89ee209d87ec3735831a8ac5031bf,True,3時間前,2026-09-30 05:18:26,大阪府
パーソナルトレーナー・無資格可のインストラクター新着,Dr.トレーニング梅田ANNEX店,大阪府,月給20万円,,治療家,求人ボックス,https://xn--pckua2a7gp15o89zb.com/jb/87b8c0a41d1986ef83c059205668de35,True,7時間前,2026-09-30 05:18:26,大阪府
日勤のみ／デイサービス／介護職／正社員／社会福祉法人 慶生会 慶生会リハbyデイ舎利寺新着,社会福祉法人慶生会,大阪府,"月給24万3,000円",正社員,治療家,求人ボックス,https://xn--pckua2a7gp15o89zb.com/jb/147d938f312db2854cebfd778a797eb4,True,16時間前,2026-09-30 05:18:27,大阪府
週休2日・自費治療にも注力の鍼灸整骨院、整体師・セラピスト新着,未経験OK,大阪府,月給20万円～30万円,正社員,治療家,求人ボックス,https://xn--pckua2a7gp15o89zb.com/jb/1b892c9a69288594b050562b3ccf8a93,True,9時間前,2026-09-30 05:18:27,大阪府
日祝お休み／デイサービス／介護スタッフ／正社員／社会福祉法人 博光福祉会新着,社会福祉法人博光福祉会,大阪府,"月給21万9,552円",正社員,治療家,求人ボックス,https://xn--pckua2a7gp15o89zb.com/jb/4cdb98c9fae53b3d5e280609fa725ba4,True,11時間前,2026-09-30 05:18:27,大阪府
デイサービスの機能訓練指導員／土日祝出勤可新着,株式会社ツクイ,大阪府,"時給1,450円",アルバイト・パート,治療家,求人ボックス,https://xn--pckua2a7gp15o89zb.com/jb/674789d386076dc54cde71b132b1ec97,True,14時間前,2026-09-30 05:18:27,大阪府
鍼灸師／天神橋筋六丁目駅から徒歩3分新着,株式会社KMC,大阪府,月給26万円～,正社員,治療家,求人ボックス,https://xn--pckua2a7gp15o89zb.com/jb/dc58a22ca0db676a7204f0569f7907bb,True,13時間前,2026-09-30 05:18:27,大阪府
日曜お休み／デイサービス／生活相談員／正社員デイサービ輻新着,株式会社デイケア憩,大阪府,"月給24万6,500円",正社員,治療家,求人ボックス,https://xn--pckua2a7gp15o89zb.com/jb/2c24c95053e99152cd8f89f1dee0867e,True,14時間前,2026-09-30 05:18:27,大阪府
デイサービスの介護職 変更なしアシストデイサービスセンター 入社後新着,元気な介護グループ,大阪府,月給21万円,正社員,治療家,求人ボックス,https://xn--pckua2a7gp15o89zb.com/jb/639d52665df7b8f0cad6d4d95e62e7f1,True,11時間前,2026-09-30 05:18:27,大阪府
日曜日休み／通所介護／介護職／正社員／社会福祉法人 ウエル清光会 刀根山美豊苑新着,社会福祉法人ウエル清光会,大阪府,"月給21万2,125円",正社員,治療家,求人ボックス,https://xn--pckua2a7gp15o89zb.com/jb/1b2ae798c8b6801c2626f06e141dae86,True,13時間前,2026-09-30 05:18:27,大阪府
介護施設の施設事務／車通勤可能／未経験／賞与年2回支給／月残業5h以下新着,NPO法人れんげメディカルグループ,大阪府,"月給22万5,000円",正社員,治療家,求人ボックス,https://xn--pckua2a7gp15o89zb.com/jb/67defc9dda926cad1ca1567bfbf2db51,True,14時間前,2026-09-30 05:18:27,大阪府
東大阪 景観製品メーカーの経理事務新着,北勢工業株式会社,大阪府,"時給1,400円～1,600円",アルバイト・パート,経理,求人ボックス,https://xn--pckua2a7gp15o89zb.com/jb/cedb39116a337ac72792200b609f4a83,True,19時間前,2026-09-30 05:18:17,大阪府
「コツコツ取り組めるオフィスワーク」／経理事務／未経験OK新着,経理,大阪府,月給27万円～33万円,正社員,経理,求人ボックス,https://xn--pckua2a7gp15o89zb.com/jbn/c5e3d451a222832e0282791dca735d5a,True,14時間前,2026-09-30 05:18:17,大阪府
「経理データを確認するだけ!」／経理事務／未経験歓迎／サポート体制充実新着,経理,大阪府,月給27万円～33万円,正社員,経理,求人ボックス,https://xn--pckua2a7gp15o89zb.com/jbn/ef4cf376f4789128eaed2a25cb18fb1d,True,14時間前,2026-09-30 05:18:17,大阪府
「20代・30代の仲間が活躍中!」／経理事務／未経験OK／サポート体制...新着,経理,大阪府,月給27万円～33万円,正社員,経理,求人ボックス,https://xn--pckua2a7gp15o89zb.com/jbn/19cd8081664094a1599eb5d25557c021,True,14時間前,2026-09-30 05:18:17,大阪府
「無理なく続けやすいオフィスワーク」／経理事務／年間休日120日以上新着,経理,大阪府,月給27万円～33万円,正社員,経理,求人ボックス,https://xn--pckua2a7gp15o89zb.com/jbn/fb8e09eb790628fee447a4ab0dc08916,True,14時間前,2026-09-30 05:18:18,大阪府
「未経験から始めるバックオフィスワーク」／経理事務／研修充実新着,経理,大阪府,月給27万円～33万円,正社員,経理,求人ボックス,https://xn--pckua2a7gp15o89zb.com/jbn/40bb5ce5b3c599b22559049f90162217,True,15時間前,2026-09-30 05:18:18,大阪府
「早めに仕事を決めたい方に」／経理事務／未経験歓迎／サポート体制充実新着,経理,大阪府,月給27万円～33万円,正社員,経理,求人ボックス,https://xn--pckua2a7gp15o89zb.com/jbn/bde5642279b3d34d15183a837d55d6a3,True,14時間前,2026-09-30 05:18:21,大阪府
「同世代と一緒に成長できる!」／経理事務／未経験歓迎／サポート体制充実新着,経理,大阪府,月給27万円～33万円,正社員,経理,求人ボックス,https://xn--pckua2a7gp15o89zb.com/jbn/736823c977e71b6a208f2dfccfc36798,True,15時間前,2026-09-30 05:18:21,大阪府
「今だけ採用!大手企業の経理サポート」／経理事務／未経験95%新着,経理,大阪府,"月給25万3,600円",正社員,経理,求人ボックス,https://xn--pckua2a7gp15o89zb.com/jbn/d4a8065a17fae079c1b87920d41e1f3a,True,13時間前,2026-09-30 05:18:24,大阪府
「月給30万円も実現可能」／経理事務／未経験歓迎／研修充実新着,経理,大阪府,月給30万円,正社員,経理,求人ボックス,https://xn--pckua2a7gp15o89zb.com/jbn/9ab85ff75a283ed4cc87b75833410074,True,14時間前,2026-09-30 05:18:24,大阪府
「大手企業で数字入力中心のかんたん経理」／経理事務／未経験95%新着,事務,大阪府,月給25万500円,正社員,経理,求人ボックス,https://xn--pckua2a7gp15o89zb.com/jbn/2a5be8e8ded7372a94518ce4a8fb2921,True,13時間前,2026-09-30 05:18:24,大阪府
「自分らしい働き方を叶えやすい」／経理事務／残業少なめ／福利厚生充実新着,経理,大阪府,月給27万円～33万円,正社員,経理,求人ボックス,https://xn--pckua2a7gp15o89zb.com/jbn/4f4d2a56b52d0a6ae7ee41b430c60b8d,True,15時間前,2026-09-30 05:18:27,大阪府
「数字入力がメインの軽め事務」／経理事務／未経験95%／未経験歓迎新着,事務,大阪府,"月給26万5,500円",正社員,経理,求人ボックス,https://xn--pckua2a7gp15o89zb.com/jbn/0a773dd287534b1738ac48b31d47f30d,True,13時間前,2026-09-30 05:18:27,大阪府
経理事務／未経験歓迎／サポート体制充実／昇給あり／長期安定新着,経理,大阪府,月給27万円～33万円,正社員,経理,求人ボックス,https://xn--pckua2a7gp15o89zb.com/jbn/773edca24a61a2609fb98b1d19d90472,True,15時間前,2026-09-30 05:18:27,大阪府
「大手企業の数字まわりを支える!」／経理事務／未経験95%／未経験歓迎新着,経理,大阪府,"月給25万6,400円",正社員,経理,求人ボックス,https://xn--pckua2a7gp15o89zb.com/jbn/7a474a076d802668db3bf353ad267292,True,13時間前,2026-09-30 05:18:29,大阪府
「未経験から事務スキルを習得」／経理事務／研修充実／福利厚生充実新着,経理,大阪府,月給27万円～33万円,正社員,経理,求人ボックス,https://xn--pckua2a7gp15o89zb.com/jbn/23ce0a03b6eea73b042583cadb515c9a,True,15時間前,2026-09-30 05:18:29,大阪府
「男女問わず始めやすいオフィスワーク」／経理事務／未経験歓迎／服装自由新着,経理,大阪府,月給27万円～33万円,正社員,経理,求人ボックス,https://xn--pckua2a7gp15o89zb.com/jbn/11b5ff5ffaeb4dd96ada7acded4dbde6,True,15時間前,2026-09-30 05:18:29,大阪府
「長く続けやすい経理の仕事」／経理事務／年間休日120日以上新着,経理,大阪府,月給27万円～33万円,正社員,経理,求人ボックス,https://xn--pckua2a7gp15o89zb.com/jbn/2b7147aed5ab6c9d0d1c6bfcc88e9432,True,12時間前,2026-09-30 05:18:33,大阪府
「請求書の金額を確かめるだけ!」／経理事務／未経験歓迎／サポート体制充...新着,経理,大阪府,月給27万円～33万円,正社員,経理,求人ボックス,https://xn--pckua2a7gp15o89zb.com/jbn/36ec589d79eea6363ad245ceaa0d9794,True,12時間前,2026-09-30 05:18:33,大阪府
「未経験から経理の入口へ」／経理事務／未経験OK／丁寧な研修あり新着,経理,大阪府,月給27万円～33万円,正社員,経理,求人ボックス,https://xn--pckua2a7gp15o89zb.com/jbn/0b925cd79cb42daf7fd7a37f8d2b7046,True,12時間前,2026-09-30 05:18:36,大阪府
経理事務 ～10時出勤&残業月10h程度新着,経理,大阪府,年収301万円～398万円,契約社員,経理,求人ボックス,https://xn--pckua2a7gp15o89zb.com/jbn/c9b3735b639585e45243ade08f11cf91,True,17時間前,2026-09-30 05:18:36,大阪府
「請求と支払いをまとめる経理ワーク」／経理事務／未経験歓迎新着,経理,大阪府,月給27万円～33万円,正社員,経理,求人ボックス,https://xn--pckua2a7gp15o89zb.com/jbn/532d51cb56b413585e2af59d0e083838,True,12時間前,2026-09-30 05:18:36,大阪府
「経理職で月給30万円に近づく」／経理事務／未経験歓迎／研修充実新着,経理,大阪府,月給30万円,正社員,経理,求人ボックス,https://xn--pckua2a7gp15o89zb.com/jbn/b7276a243d1647998a5cb3a219e5dc58,True,12時間前,2026-09-30 05:18:39,大阪府
全国でホテルスパを運営する本社で総務・経理事務補助のお仕事新着,株式会社ザ・デイ・スパ・オペレーション,大阪府,"時給1,200円～1,500円",アルバイト・パート,経理,求人ボックス,https://xn--pckua2a7gp15o89zb.com/jb/2061135e8bc2346afb3f11c7099da515,True,9時間前,2026-09-30 05:18:39,大阪府
「早く決めたい方を歓迎します」／経理事務／未経験歓迎／サポート体制充実新着,経理,大阪府,月給27万円～33万円,正社員,経理,求人ボックス,https://xn--pckua2a7gp15o89zb.com/jbn/c3961fbf11b93756afc7068d0c9d6c25,True,12時間前,2026-09-30 05:18:39,大阪府
「若手中心の経理チームです」／経理事務／未経験OK／サポート体制充実新着,経理,大阪府,月給27万円～33万円,正社員,経理,求人ボックス,https://xn--pckua2a7gp15o89zb.com/jbn/894f7646067f332c3c2dcac2136ee056,True,12時間前,2026-09-30 05:18:43,大阪府
有料老人ホームの看護師新着,株式会社サークルワン／リビングフォレスト,大阪府,月給30万円～,正社員,看護,求人ボックス,https://xn--pckua2a7gp15o89zb.com/jb/b5bf28637d8c026896c683fa53cdbf51,True,13時間前,2026-09-30 05:18:25,大阪府
有料老人ホームの看護師 日勤正社員新着,株式会社サークルワン／リビングかずほ,大阪府,月給30万円,正社員,看護,求人ボックス,https://xn--pckua2a7gp15o89zb.com/jb/d7959333052043aa7b3de84839842c9f,True,13時間前,2026-09-30 05:18:25,大阪府
週3日～の勤務可の看護師新着,医療法人白築医院,大阪府,"時給2,000円～",アルバイト・パート,看護,求人ボックス,https://xn--pckua2a7gp15o89zb.com/jb/316990f392bc606768f21a1e04a7ae87,True,13時間前,2026-09-30 05:18:25,大阪府
「医療施設准看護師」資格を活かして即戦力として活躍!ライフスタイルに合...新着,株式会社エイジエル,大阪府,"時給1,500円",アルバイト・パート,看護,求人ボックス,https://xn--pckua2a7gp15o89zb.com/jb/77950d2db3d4ec331c3249c6c4b57a69,True,5時間前,2026-09-30 05:18:25,大阪府
特別養護老人ホームの正看護師 日勤のみ新着,社会福祉法人あゆみ会／アンパス東大阪,大阪府,月給30万円～40万円,正社員,看護,求人ボックス,https://xn--pckua2a7gp15o89zb.com/jb/7dbb5a5d099fc64a54715ff1088e47e1,True,13時間前,2026-09-30 05:18:25,大阪府
眼科での准看護師新着,医療法人慈眼会 小島眼科医院 高安本院,大阪府,月給27万円,正社員,看護,求人ボックス,https://xn--pckua2a7gp15o89zb.com/jb/6e35e11d30781b1d923699d788a6a9a1,True,19時間前,2026-09-30 05:18:29,大阪府
訪問看護師／普通自動車運転免許不要!昇給・家族手当あり／月8日休み新着,大阪きづがわ医療福祉生活協同組合 訪問看護ステー...,大阪府,"月給22万1,400円",正社員,看護,求人ボックス,https://xn--pckua2a7gp15o89zb.com/jb/c290b3ba36dd22af54d69f1f32cc33c5,True,19時間前,2026-09-30 05:18:29,大阪府
看護師／夜勤アルバイト／始業時間21:00／日曜・月曜固定の勤務新着,特別養護老人ホーム白寿苑,大阪府,"日給1万7,500円",アルバイト・パート,看護,求人ボックス,https://xn--pckua2a7gp15o89zb.com/jb/365961942398fa9d1e2e4b215ccc5782,True,7時間前,2026-09-30 05:18:33,大阪府
訪問看護師新着,訪問看護ステーションほくほく,大阪府,"時給2,400円～2,600円",アルバイト・パート,看護,求人ボックス,https://xn--pckua2a7gp15o89zb.com/jb/70617cc8a957db1f9b5ec8c11763b23d,True,19時間前,2026-09-30 05:18:36,大阪府
訪問看護ステーションの看護師新着,訪問看護ステーション ココロ,大阪府,"時給2,800円～",アルバイト・パート,看護,求人ボックス,https://xn--pckua2a7gp15o89zb.com/jb/cea5c175df5d355d74ea59a08f6da7f3,True,13時間前,2026-09-30 05:18:36,大阪府
訪問看護ステーションの看護師／准看護師新着,株式会社さくら未来,大阪府,"時給2,000円",アルバイト・パート,看護,求人ボックス,https://xn--pckua2a7gp15o89zb.com/jb/06776a3a0b838cbd6e4ecb77dacfcd0e,True,7時間前,2026-09-30 05:18:40,大阪府
訪問看護師・年間休日120日以上の看護師／准看護師新着,だんご訪問看護ステーション,大阪府,"時給1,800円～",アルバイト・パート,看護,求人ボックス,https://xn--pckua2a7gp15o89zb.com/jb/eff481ae3fa8ab21d99268421d4f3253,True,7時間前,2026-09-30 05:18:43,大阪府
看護師新着,株式会社E-STYLE,大阪府,"時給2,500円",アルバイト・パート,看護,求人ボックス,https://xn--pckua2a7gp15o89zb.com/jb/8c07914cf85a9e2a47998e29f770f5c7,True,14時間前,2026-09-30 05:18:43,大阪府
社会保険完備の職場で看護師／准看護師新着,リールスライフ 高槻,大阪府,月給32万323円,正社員,看護,求人ボックス,https://xn--pckua2a7gp15o89zb.com/jb/3f693e2d1330e07b01788e6a77c371f6,True,7時間前,2026-09-30 05:18:43,大阪府
看護師／外来／一般病院／徒歩3分／月給最大30万円以上可能!新着,医療法人定生会 谷口病院,大阪府,"月給25万5,000円",正社員,看護,求人ボックス,https://xn--pckua2a7gp15o89zb.com/jb/20a02439306d1f89d2fc2ad0194f5045,True,18時間前,2026-09-30 05:18:47,大阪府
正看護師・社会保険完備の職場で看護師／准看護師新着,スマイルらいふ訪問看護ステーション,大阪府,"月給27万7,500円",正社員,看護,求人ボックス,https://xn--pckua2a7gp15o89zb.com/jb/cde9ded1f46929949394c8e6b59c0eaf,True,7時間前,2026-09-30 05:18:47,大阪府
クリニックの看護師新着,たかはし耳鼻咽喉科クリニック,大阪府,"時給2,100円",アルバイト・パート,看護,求人ボックス,https://xn--pckua2a7gp15o89zb.com/jb/7ee8cc3fd3d77963e85fe4916af47a04,True,16時間前,2026-09-30 05:18:50,大阪府
看護師新着,株式会社フルライフケア,大阪府,"月給37万6,000円",正社員,看護,求人ボックス,https://xn--pckua2a7gp15o89zb.com/jb/5871104913030b93a37ec7544878b0a7,True,15時間前,2026-09-30 05:18:50,大阪府
介護施設の看護師／准看護師新着,介護付き有料老人ホームクランコート東住吉弐番館,大阪府,"時給1,990円～2,050円",アルバイト・パート,看護,求人ボックス,https://xn--pckua2a7gp15o89zb.com/jb/ec38d830ccdb2b7d93d2989641192a81,True,7時間前,2026-09-30 05:18:50,大阪府
内科クリニックの日勤看護師新着,医療法人田中診療所,大阪府,月給27万円～,正社員,看護,求人ボックス,https://xn--pckua2a7gp15o89zb.com/jb/a6fbd36f5978f4928922fa92ef2bd11e,True,19時間前,2026-09-30 05:18:53,大阪府
看護師／特別養護老人ホーム新着,社会福祉法人四天王寺福祉事業団 特別養護老人ホー...,大阪府,"時給1,800円～1,900円",アルバイト・パート,看護,求人ボックス,https://xn--pckua2a7gp15o89zb.com/jb/dc3fdd10c8c7cdc33d07bb2c8a8610e0,True,7時間前,2026-09-30 05:18:53,大阪府
正看護師・社会保険完備の職場で看護師／准看護師新着,訪問看護ステーションれんげ,大阪府,月給35万円～,正社員,看護,求人ボックス,https://xn--pckua2a7gp15o89zb.com/jb/59cda9f979d1a13ea9cf9c67086a6c7c,True,7時間前,2026-09-30 05:18:53,大阪府
未経験の京都市営バスドライバー／単身寮完備／研修体制充実／40代活躍中新着,エムケイ観光バス株式会社,大阪府,月給21万円～36万円,正社員,ドライバー,求人ボックス,https://xn--pckua2a7gp15o89zb.com/jbn/477e97173acaaa69a40f2bd3f05f0a4f,True,7時間前,2026-09-30 05:18:30,大阪府
送迎配車ドライバー／普通免許でOK／20-40代活躍中／未経験1年目か...新着,合同会社beatle,大阪府,月給41万円～61万円,正社員,ドライバー,求人ボックス,https://xn--pckua2a7gp15o89zb.com/jbn/5450d765d023ab8fcc30527b3ab69d34,True,11時間前,2026-09-30 05:18:31,大阪府
菓子パン配送の4tドライバー コンビニ配送 工場間配送 未経験可新着,ダイセーエブリー二十四株式会社,大阪府,"月給29万5,409円",正社員,ドライバー,求人ボックス,https://xn--pckua2a7gp15o89zb.com/jb/03e5a303572a01efdffdff9b606484f2,True,4時間前,2026-09-30 05:18:31,大阪府
夜勤タクシードライバー／未経験スタートOK／年2回のボーナス支給あり新着,ドライバー,大阪府,"月給45万8,900円",正社員,ドライバー,求人ボックス,https://xn--pckua2a7gp15o89zb.com/jbn/fa6e099b8745f5518d05633f53700607,True,13時間前,2026-09-30 05:18:35,大阪府
送迎配車ドライバー／賞与あり／未経験1年目から年収600万円以上可新着,送迎,大阪府,月給41万円～61万円,正社員,ドライバー,求人ボックス,https://xn--pckua2a7gp15o89zb.com/jbn/62a3d2b2cba816290761094ea33833cc,True,11時間前,2026-09-30 05:18:38,大阪府
送迎配車ドライバー／月休17日以上／賞与あり／未経験1年目から年収60...新着,送迎,大阪府,月給41万円～61万円,正社員,ドライバー,求人ボックス,https://xn--pckua2a7gp15o89zb.com/jbn/96c6371e3bcf354f65c76ecd0fc6d53d,True,11時間前,2026-09-30 05:18:38,大阪府
送迎配車ドライバー／普通免許でOK／未経験1年目から年収600万円以上...新着,送迎,大阪府,月給41万円～61万円,正社員,ドライバー,求人ボックス,https://xn--pckua2a7gp15o89zb.com/jbn/c3328716c9e9abb6d2665ea39d3358ab,True,11時間前,2026-09-30 05:18:42,大阪府
送迎配車ドライバー／月休17日以上／賞与あり／20-40代活躍中新着,送迎,大阪府,月給41万円～61万円,正社員,ドライバー,求人ボックス,https://xn--pckua2a7gp15o89zb.com/jbn/9fc19c8731df98923eae812fccf2fe45,True,11時間前,2026-09-30 05:18:45,大阪府
送迎配車ドライバー／普通免許でOK／賞与あり／未経験1年目から年収60...新着,送迎,大阪府,月給41万円～61万円,正社員,ドライバー,求人ボックス,https://xn--pckua2a7gp15o89zb.com/jbn/72fc037a2829be4f04dd794b383dba30,True,11時間前,2026-09-30 05:18:49,大阪府
送迎配車ドライバー／20～40代活躍中／月休17日以上／賞与あり新着,送迎,大阪府,月給41万円～61万円,正社員,ドライバー,求人ボックス,https://xn--pckua2a7gp15o89zb.com/jbn/26a3263bcb41994f47a78e9ea4040663,True,11時間前,2026-09-30 05:18:49,大阪府
「正社員」週3勤務のタクシードライバー／未経験者活躍中／年収500万円...新着,ドライバー,大阪府,月給48万600円,正社員,ドライバー,求人ボックス,https://xn--pckua2a7gp15o89zb.com/jbn/2794c154eef7ceceaf60299d427746c0,True,14時間前,2026-09-30 05:18:53,大阪府
VIP送迎ドライバー／未経験歓迎／普通免許でOK／週3日勤務新着,ドライバー,大阪府,月給41万円～61万円,正社員,ドライバー,求人ボックス,https://xn--pckua2a7gp15o89zb.com/jbn/1b41ded2d41ca973c7a3879ab2542d2c,True,11時間前,2026-09-30 05:18:53,大阪府
送迎配車ドライバー／月休17日以上／未経験1年目から年収600万円以上...新着,送迎,大阪府,月給41万円～61万円,正社員,ドライバー,求人ボックス,https://xn--pckua2a7gp15o89zb.com/jbn/f9105bef4920b5559d66bea6a574481c,True,11時間前,2026-09-30 05:18:56,大阪府
VIP送迎ドライバー／普通免許でOK／未経験歓迎／月収50万円以上も可...新着,ドライバー,大阪府,月給41万円～61万円,正社員,ドライバー,求人ボックス,https://xn--pckua2a7gp15o89zb.com/jbn/ce77d1184c3837a666f2c29864baaf5d,True,11時間前,2026-09-30 05:19:00,大阪府
宅配ドライバー新着,株式会社T2JAPAN,大阪府,"日給1万7,000円",アルバイト・パート,ドライバー,求人ボックス,https://xn--pckua2a7gp15o89zb.com/jb/7b3f19ed05eb24a8a5fecdd2ba1191c6,True,11時間前,2026-09-30 05:19:00,大阪府
夜間配送トラックドライバー／50代Crew活躍中!普通免許OK新着,イズミ物流株式会社,大阪府,"月給39万6,372円",正社員,ドライバー,求人ボックス,https://xn--pckua2a7gp15o89zb.com/jbn/03c21c3e5dae55fa4d0fcfb6337c0ce6,True,21時間前,2026-09-30 05:19:00,大阪府
送迎配車ドライバー／普通免許でOK／賞与あり／20-40代活躍中新着,送迎,大阪府,月給41万円～61万円,正社員,ドライバー,求人ボックス,https://xn--pckua2a7gp15o89zb.com/jbn/02ac28a7716fb6ef33bec20b10aefe53,True,11時間前,2026-09-30 05:19:00,大阪府
病院の警備スタッフ 警備員指導教育責任者新着,株式会社ベル,大阪府,"日給2万3,510円",アルバイト・パート,警備,求人ボックス,https://xn--pckua2a7gp15o89zb.com/jb/54cbf20df52b6e4a7c0c7d48f16bb5e4,True,4時間前,2026-09-30 05:18:47,大阪府
初心者大歓迎!各種イベント会場の警備員大募集新着,国際セーフティー株式会社,大阪府,"時給1,260円～1,400円",アルバイト・パート,警備,求人ボックス,https://xn--pckua2a7gp15o89zb.com/jb/977e8caed40d6057938b4239fc04bd01,True,9時間前,2026-09-30 05:18:47,大阪府
警備員／株式会社安全警備新着,株式会社第二章,大阪府,"月給22万8,800円",アルバイト・パート,警備,求人ボックス,https://xn--pckua2a7gp15o89zb.com/jb/8c933449ced2b6c2e37792f99ff21574,True,2時間前,2026-09-30 05:18:47,大阪府
日勤の高速道路警備員新着,伸和サービス株式会社,大阪府,"日給1万3,000円",アルバイト・パート,警備,求人ボックス,https://xn--pckua2a7gp15o89zb.com/jb/3a19d6956ba4fb2be9f2a1055967eba4,True,19時間前,2026-09-30 05:18:47,大阪府
総合警備員／施設警備新着,日本保安管理保障株式会社,大阪府,月給25万円～35万円,正社員,警備,求人ボックス,https://xn--pckua2a7gp15o89zb.com/jb/e0eee62596d87d478c5b84a151893a25,True,7時間前,2026-09-30 05:18:47,大阪府
「愛知県勤務」交通誘導／待遇に自信あり／引っ越しサポートあり・日払い週払い可新着,セキュリティスタッフ株式会社,大阪府,月給24万円～26万円,正社員,警備,求人ボックス,https://xn--pckua2a7gp15o89zb.com/jb/54fe7574b8106dc6e8bb0a0eb202bee9,True,4時間前,2026-09-30 05:18:47,大阪府
送迎配車ドライバー／未経験1年目から年収600万円以上可／20～40代活躍中／賞与あり新着,宅配ドライバー/ルート配送/,大阪府,月給41万円～61万円,正社員,警備,求人ボックス,https://xn--pckua2a7gp15o89zb.com/jbn/0d5ce912e9b488bfa44c4ed08277392e,True,11時間前,2026-09-30 05:18:52,大阪府
送迎配車ドライバー／20～40代活躍中／月休17日以上／普通免許でOK／賞与あり新着,宅配ドライバー/ルート配送/,大阪府,月給41万円～61万円,正社員,警備,求人ボックス,https://xn--pckua2a7gp15o89zb.com/jbn/d123366e9db56afb16f5c29a659c0d47,True,11時間前,2026-09-30 05:18:52,大阪府
送迎配車ドライバー／20-40代活躍中／賞与あり／月休17日以上新着,宅配ドライバー/ルート配送/,大阪府,月給41万円～61万円,正社員,警備,求人ボックス,https://xn--pckua2a7gp15o89zb.com/jbn/22da5006b79fec9d6ea83bfcf852f41b,True,11時間前,2026-09-30 05:18:52,大阪府
送迎配車ドライバー／月休17日以上／賞与あり／未経験1年目から年収600万円以上可新着,宅配ドライバー/ルート配送/,大阪府,月給41万円～61万円,正社員,警備,求人ボックス,https://xn--pckua2a7gp15o89zb.com/jbn/f624be22eefef947a98e470521a3409a,True,11時間前,2026-09-30 05:18:52,大阪府
送迎配車ドライバー／20-40代活躍中／賞与あり／普通免許でOK新着,宅配ドライバー/ルート配送/,大阪府,月給41万円～61万円,正社員,警備,求人ボックス,https://xn--pckua2a7gp15o89zb.com/jbn/7a21dcdf67064846b8eac73fec121c94,True,11時間前,2026-09-30 05:18:52,大阪府
送迎配車ドライバー／20-40代活躍中／未経験1年目から年収600万円以上可／普通免許でOK新着,宅配ドライバー/ルート配送/,大阪府,月給41万円～61万円,正社員,警備,求人ボックス,https://xn--pckua2a7gp15o89zb.com/jbn/4f1ff17028f1f945bba1a2e99c6f2372,True,11時間前,2026-09-30 05:18:52,大阪府
送迎配車ドライバー／月休17日以上／未経験1年目から年収600万円以上可／20-40代活躍中新着,宅配ドライバー/ルート配送/,大阪府,月給41万円～61万円,正社員,警備,求人ボックス,https://xn--pckua2a7gp15o89zb.com/jbn/a50d378b5c6f488a8d586de7fc6d4333,True,11時間前,2026-09-30 05:18:52,大阪府
送迎配車ドライバー／普通免許でOK／未経験1年目から年収600万円以上可／月休17日以上／賞与あり新着,宅配ドライバー/ルート配送/,大阪府,月給41万円～61万円,正社員,警備,求人ボックス,https://xn--pckua2a7gp15o89zb.com/jbn/c54d2b32716e20eb74be7bc1d2799d97,True,11時間前,2026-09-30 05:18:52,大阪府
送迎配車ドライバー／普通免許でOK／月休17日以上／未経験1年目から年収600万円以上可新着,宅配ドライバー/ルート配送/,大阪府,月給41万円～61万円,正社員,警備,求人ボックス,https://xn--pckua2a7gp15o89zb.com/jbn/d103ffc601ec6ac88e02dd1878bb8449,True,11時間前,2026-09-30 05:18:55,大阪府
送迎配車ドライバー／賞与あり／未経験1年目から年収600万円以上可／20～40代活躍中新着,宅配ドライバー/ルート配送/,大阪府,月給41万円～61万円,正社員,警備,求人ボックス,https://xn--pckua2a7gp15o89zb.com/jbn/c6960d6ce9684e5c0349843aee5d70c0,True,11時間前,2026-09-30 05:18:55,大阪府
送迎配車ドライバー／賞与あり／20-40代活躍中／未経験1年目から年収600万円以上可新着,宅配ドライバー/ルート配送/,大阪府,月給41万円～61万円,正社員,警備,求人ボックス,https://xn--pckua2a7gp15o89zb.com/jbn/ecc2dfe3a3e50bb57c17fb442fa98c89,True,11時間前,2026-09-30 05:18:55,大阪府
ハイヤー運転手「普通免許のみ」／未経験でも高収入／ドライバー／年収600万円以上／予約が中心新着,未経験OK,大阪府,月給45万円～80万円,正社員,警備,求人ボックス,https://xn--pckua2a7gp15o89zb.com/jbn/f771ad9c7138be7ab605c313181f3f0a,True,10時間前,2026-09-30 05:18:55,大阪府
送迎配車ドライバー／未経験1年目から年収600万円以上可／賞与あり／20～40代活躍中新着,宅配ドライバー/ルート配送/,大阪府,月給41万円～61万円,正社員,警備,求人ボックス,https://xn--pckua2a7gp15o89zb.com/jbn/1314e9e0bae26b3001414a01fe19d250,True,11時間前,2026-09-30 05:18:55,大阪府
専属ドライバー「普通免許のみ」／予約が中心／タクシードライバー／未経験でも高収入新着,...チームワークを大切にしながら現場をまとめるお仕事です。「コツコツ取り組む仕事が好き」「スケジュール通りに進めると達成感がある」という行動力のある方を募集しています。倉庫軽作業、配送ドライバー、,大阪府,月給50万円～80万円,正社員,警備,求人ボックス,https://xn--pckua2a7gp15o89zb.com/jbn/50bf7e4d75489930c3f740b3d277306f,True,10時間前,2026-09-30 05:18:55,大阪府
ドライバー職「普通免許のみ」／タクシードライバー／未経験でも高収入／予約が中心／週3出勤新着,...チームワークを大切にしながら現場をまとめるお仕事です。「コツコツ取り組む仕事が好き」「スケジュール通りに進めると達成感がある」という行動力のある方を募集しています。倉庫軽作業、配送ドライバー、,大阪府,月給50万円～80万円,正社員,警備,求人ボックス,https://xn--pckua2a7gp15o89zb.com/jbn/6e7314981ffd1fc15acd55d439e8d836,True,10時間前,2026-09-30 05:18:55,大阪府
「土日祝は完全オフ」連休もしっかり取れる正社員の一般事務新着,現在活躍しているスタッフの前職も、元美容師、,大阪府,月給23万円～50万円,正社員,警備,求人ボックス,https://xn--pckua2a7gp15o89zb.com/jbn/378b012c554757104256ce26cd303d3d,True,3時間前,2026-09-30 05:18:58,大阪府
毎年昇給で手取りUP／長く働くほど得をする一般事務スタッフ新着,現在活躍しているスタッフの前職も、元美容師、,大阪府,月給23万円～50万円,正社員,警備,求人ボックス,https://xn--pckua2a7gp15o89zb.com/jbn/60c125f88bd752438a033119ffc4256e,True,2時間前,2026-09-30 05:18:58,大阪府
「高収入」タクシー運転手「普通免許のみ」／年収600万円以上／ドライバー／週3出勤／予約が中心新着,...チームワークを大切にしながら現場をまとめるお仕事です。「コツコツ取り組む仕事が好き」「スケジュール通りに進めると達成感がある」という行動力のある方を募集しています。倉庫軽作業、配送ドライバー、,大阪府,月給45万円～80万円,正社員,警備,求人ボックス,https://xn--pckua2a7gp15o89zb.com/jbn/38fef548af9d302e012c35b35db2a66d,True,10時間前,2026-09-30 05:18:58,大阪府
専属ドライバー「普通免許のみ」／予約が中心／年収600万円以上／未経験でも高収入新着,...チームワークを大切にしながら現場をまとめるお仕事です。「コツコツ取り組む仕事が好き」「スケジュール通りに進めると達成感がある」という行動力のある方を募集しています。倉庫軽作業、配送ドライバー、,大阪府,月給50万円～80万円,正社員,警備,求人ボックス,https://xn--pckua2a7gp15o89zb.com/jbn/0ed16ed45986a1a52dc84b1b836143fc,True,10時間前,2026-09-30 05:18:58,大阪府
「答えが書いてある仕事」自分の判断で悩むシーンが無いから未経験でも始めやすい／若手活躍中の職場新着,現在活躍しているスタッフの前職も、元美容師、,大阪府,月給23万円～50万円,正社員,警備,求人ボックス,https://xn--pckua2a7gp15o89zb.com/jbn/c0803d996184a16ac7468bacf57cd039,True,2時間前,2026-09-30 05:18:58,大阪府
「Excelは開ければOK」関数を知らなくても始められる一般事務職／安心の研修・サポート制度新着,現在活躍しているスタッフの前職も、元美容師、,大阪府,"月給22万3,000円",正社員,警備,求人ボックス,https://xn--pckua2a7gp15o89zb.com/jbn/f26b5c2ee57ac46cebaa82309613815b,True,2時間前,2026-09-30 05:18:58,大阪府
「事務で年収400万以上も可能」賞与4ヶ月分×土日祝休みの正社員事務新着,現在活躍しているスタッフの前職も、元美容師、,大阪府,"月給21万9,000円",正社員,警備,求人ボックス,https://xn--pckua2a7gp15o89zb.com/jbn/d76655040ab7c15c719b9ce0d7175b36,True,2時間前,2026-09-30 05:18:58,大阪府
「正社員デビュー応援」知識・経験不要のサポート事務／高収入で転勤なし新着,現在活躍しているスタッフの前職も、元美容師、,大阪府,"月給22万6,000円",正社員,警備,求人ボックス,https://xn--pckua2a7gp15o89zb.com/jbn/db783f80807985e2abde615fafd9115b,True,3時間前,2026-09-30 05:18:58,大阪府
オフィスワークデビュー歓迎／簡単データ入力メインの事務職／土日祝休み新着,現在活躍しているスタッフの前職も、元美容師、,大阪府,"月給20万5,000円",正社員,警備,求人ボックス,https://xn--pckua2a7gp15o89zb.com/jbn/5dceda4954e1bccfa114f284058670d8,True,3時間前,2026-09-30 05:19:02,大阪府
「安定企業で安心して働ける」経歴不問のサポート事務職／土日祝休み・年間休日125日～新着,現在活躍しているスタッフの前職も、元美容師、,大阪府,"月給21万9,000円",正社員,警備,求人ボックス,https://xn--pckua2a7gp15o89zb.com/jbn/2fdd4fd4cb75412b3fee8de3d163368a,True,2時間前,2026-09-30 05:19:02,大阪府
LPガスのルート営業／未経験歓迎／昇給あり／賞与あり新着,アストモスリテイリング株式会社,大阪府,年収350万円～450万円,正社員,警備,求人ボックス,https://xn--pckua2a7gp15o89zb.com/jbn/32ff1312afb7f8fd80a519648841224c,True,3時間前,2026-09-30 05:19:02,大阪府
「未経験から安心して始められる」データ入力事務／独断で進めるより、どんどん質問する人が評価される新着,現在活躍しているスタッフの前職も、元美容師、,大阪府,"月給21万9,000円",正社員,警備,求人ボックス,https://xn--pckua2a7gp15o89zb.com/jbn/9db68ef698016174522276acda82bf6c,True,2時間前,2026-09-30 05:19:02,大阪府
警備スタッフ新着,日本管財株式会社,大阪府,"月給22万6,200円",正社員,警備,求人ボックス,https://xn--pckua2a7gp15o89zb.com/jb/ab214b91e1552861d5f310a2fdbb010d,True,11時間前,2026-09-30 05:19:02,大阪府
「役員運転手・夜勤」／普通免許のみOK／未経験歓迎／月収50万円以上も可能／寮・社宅完備新着,...大手企業やVIPのお客様への対応を通じて接遇スキルを高められます。未経験者向けの研修も充実しています。 【<求人POINT一覧>】<活躍中の社員の前職例>製造/工場/ライン作業/設備保全/倉庫内,大阪府,月給41万円～61万円,正社員,警備,求人ボックス,https://xn--pckua2a7gp15o89zb.com/jbn/04c0f02c344064d04f76d04b0a5f6fae,True,11時間前,2026-09-30 05:19:02,大阪府
「役員運転手・定期送迎」／「役員運転手・定期送迎」月収50万円以上も可能／未経験歓迎新着,...未満。希望に合わせた柔軟な勤務と、AIナビ・研修・資格取得支援により、未経験から長く働きやすい環境です。 【<その他特徴>】<活躍中の社員の前職例>製造/工場/ライン作業/設備保全/倉庫内作業,大阪府,月給41万円～61万円,正社員,警備,求人ボックス,https://xn--pckua2a7gp15o89zb.com/jbn/202f794aaadb782649db3f510acddd3f,True,11時間前,2026-09-30 05:19:02,大阪府
「役員運転手・定期送迎」／賞与あり／未経験歓迎／普通免許のみOK／月収50万円以上も可能新着,...未満。希望に合わせた柔軟な勤務と、AIナビ・研修・資格取得支援により、未経験から長く働きやすい環境です。 【<その他特徴>】<活躍中の社員の前職例>製造/工場/ライン作業/設備保全/倉庫内作業,大阪府,月給41万円～61万円,正社員,警備,求人ボックス,https://xn--pckua2a7gp15o89zb.com/jbn/ba7c7a0df9ab49957b21d3e2dd7b0738,True,11時間前,2026-09-30 05:19:06,大阪府
「役員運転手・定期送迎」／賞与あり／年間休日120日以上／未経験歓迎／月収50万円以上も可能新着,...未満。希望に合わせた柔軟な勤務と、AIナビ・研修・資格取得支援により、未経験から長く働きやすい環境です。 【<その他特徴>】<活躍中の社員の前職例>製造/工場/ライン作業/設備保全/倉庫内作業,大阪府,月給41万円～61万円,正社員,警備,求人ボックス,https://xn--pckua2a7gp15o89zb.com/jbn/eafa1459085f97a6d851517e63c9de40,True,11時間前,2026-09-30 05:19:06,大阪府
「著名人・企業役員送迎ドライバー」／週3日勤務／賞与あり／未経験歓迎／年間休日120日以上新着,...病院・イベント送迎から希望や適性に応じて配属。未経験から安定収入とキャリアアップの両方を目指すことができます。 【<求人POINT一覧>】<活躍中の社員の前職例>製造/工場/ライン作業/設備保全,大阪府,月給41万円～61万円,正社員,警備,求人ボックス,https://xn--pckua2a7gp15o89zb.com/jbn/29cc81f98e5e420b42f877b725548ba5,True,11時間前,2026-09-30 05:19:06,大阪府
「著名人・企業役員送迎ドライバー」／賞与あり／月収40万円以上も可能／未経験歓迎／週3日勤務新着,...病院・イベント送迎から希望や適性に応じて配属。未経験から安定収入とキャリアアップの両方を目指すことができます。 【<求人POINT一覧>】<活躍中の社員の前職例>製造/工場/ライン作業/設備保全,大阪府,月給41万円～61万円,正社員,警備,求人ボックス,https://xn--pckua2a7gp15o89zb.com/jbn/2b71631257ac4f74b966ab4160a164ec,True,11時間前,2026-09-30 05:19:06,大阪府
「著名人・企業役員送迎ドライバー」／賞与あり／年間休日120日以上／未経験歓迎新着,...病院・イベント送迎から希望や適性に応じて配属。未経験から安定収入とキャリアアップの両方を目指すことができます。 【<求人POINT一覧>】<活躍中の社員の前職例>製造/工場/ライン作業/設備保全,大阪府,月給41万円～61万円,正社員,警備,求人ボックス,https://xn--pckua2a7gp15o89zb.com/jbn/13e249b326b663f85cb6aafe9a652901,True,11時間前,2026-09-30 05:19:06,大阪府
「役員運転手・定期送迎」／未経験歓迎／普通免許のみOK／月収50万円以上も可能／年間休日120日以上新着,...未満。希望に合わせた柔軟な勤務と、AIナビ・研修・資格取得支援により、未経験から長く働きやすい環境です。 【<その他特徴>】<活躍中の社員の前職例>製造/工場/ライン作業/設備保全/倉庫内作業,大阪府,月給41万円～61万円,正社員,警備,求人ボックス,https://xn--pckua2a7gp15o89zb.com/jbn/419e17edb0d833a123ea7b93259dbbe6,True,11時間前,2026-09-30 05:19:10,大阪府
「役員運転手・夜勤」／月収50万円以上も可能／普通免許のみOK／未経験歓迎／賞与あり新着,...大手企業やVIPのお客様への対応を通じて接遇スキルを高められます。未経験者向けの研修も充実しています。 【<求人POINT一覧>】<活躍中の社員の前職例>製造/工場/ライン作業/設備保全/倉庫内,大阪府,月給41万円～61万円,正社員,警備,求人ボックス,https://xn--pckua2a7gp15o89zb.com/jbn/eaefe8feba5b63ee01e9b7e165f46886,True,11時間前,2026-09-30 05:19:10,大阪府
「著名人・企業役員送迎ドライバー」／月収40万円以上も可能／週3日勤務／賞与あり／未経験歓迎新着,...病院・イベント送迎から希望や適性に応じて配属。未経験から安定収入とキャリアアップの両方を目指すことができます。 【<求人POINT一覧>】<活躍中の社員の前職例>製造/工場/ライン作業/設備保全,大阪府,月給41万円～61万円,正社員,警備,求人ボックス,https://xn--pckua2a7gp15o89zb.com/jbn/9b4cbe9712fe60fa13dfedfffd058246,True,11時間前,2026-09-30 05:19:10,大阪府
「役員運転手・定期送迎」／未経験歓迎／年間休日120日以上／月収50万円以上も可能／普通免許のみOK新着,...未満。希望に合わせた柔軟な勤務と、AIナビ・研修・資格取得支援により、未経験から長く働きやすい環境です。 【<その他特徴>】<活躍中の社員の前職例>製造/工場/ライン作業/設備保全/倉庫内作業,大阪府,月給41万円～61万円,正社員,警備,求人ボックス,https://xn--pckua2a7gp15o89zb.com/jbn/d15684cb1a3a7b09305d2b36ba104ccf,True,11時間前,2026-09-30 05:19:10,大阪府
「役員運転手・定期送迎」／年間休日120日以上／賞与あり／普通免許のみOK／月収50万円以上も可能新着,...未満。希望に合わせた柔軟な勤務と、AIナビ・研修・資格取得支援により、未経験から長く働きやすい環境です。 【<その他特徴>】<活躍中の社員の前職例>製造/工場/ライン作業/設備保全/倉庫内作業,大阪府,月給41万円～61万円,正社員,警備,求人ボックス,https://xn--pckua2a7gp15o89zb.com/jbn/124e6237edd0cabdb29282d37cc99ae9,True,11時間前,2026-09-30 05:19:10,大阪府
送迎ドライバー／未経験歓迎／週3日勤務／普通免許でOK／月の半分がお休み新着,...週3日勤務でも月収50万円以上を目指すことができます。多様な送迎ポジションから希望や適性に合う業務を選べます。 【<求人のポイント>】<活躍中の社員の前職例>製造/工場/ライン作業/設備保全/倉,大阪府,月給41万円～61万円,正社員,警備,求人ボックス,https://xn--pckua2a7gp15o89zb.com/jbn/5da85cbfe7b07f91456a70fe1a06f576,True,11時間前,2026-09-30 05:19:10,大阪府
未経験歓迎!日給1万円～ 安定して働ける警備スタッフ新着,株式会社CONNECTER,大阪府,日給1万円～,アルバイト・パート,警備,求人ボックス,https://xn--pckua2a7gp15o89zb.com/jb/10d4f70eb9ad80842b2e2f259e01c83d,True,9時間前,2026-09-30 05:19:14,大阪府
「著名人・企業役員送迎ドライバー」／年間休日120日以上／月収40万円以上も可能／未経験歓迎新着,...病院・イベント送迎から希望や適性に応じて配属。未経験から安定収入とキャリアアップの両方を目指すことができます。 【<求人POINT一覧>】<活躍中の社員の前職例>製造/工場/ライン作業/設備保全,大阪府,月給41万円～61万円,正社員,警備,求人ボックス,https://xn--pckua2a7gp15o89zb.com/jbn/9189d1cb99504f1f335f30d54e026ba5,True,11時間前,2026-09-30 05:19:14,大阪府
「著名人・企業役員送迎ドライバー」／年間休日120日以上／未経験歓迎／賞与あり新着,...病院・イベント送迎から希望や適性に応じて配属。未経験から安定収入とキャリアアップの両方を目指すことができます。 【<求人POINT一覧>】<活躍中の社員の前職例>製造/工場/ライン作業/設備保全,大阪府,月給41万円～61万円,正社員,警備,求人ボックス,https://xn--pckua2a7gp15o89zb.com/jbn/11d212e563698a0e83301c42a1963583,True,11時間前,2026-09-30 05:19:14,大阪府
芸能・VIP送迎ドライバー／未経験歓迎／普通免許のみOK／週3日勤務／月収50万円以上新着,...と年間休日200日以上を両立。芸能関係・VIP・役員・一般送迎から希望や適性に合わせて案内します。 【<求人のポイント>】<活躍中の社員の前職例>製造/工場/ライン作業/設備保全/倉庫内作業,大阪府,月給41万円～61万円,正社員,警備,求人ボックス,https://xn--pckua2a7gp15o89zb.com/jbn/0b44c127ec159405a619a4848cc61df8,True,11時間前,2026-09-30 05:19:14,大阪府
「著名人・企業役員送迎ドライバー」／週3日勤務／賞与あり／未経験歓迎／年間休日120日以上新着,...病院・イベント送迎から希望や適性に応じて配属。未経験から安定収入とキャリアアップの両方を目指すことができます。 【<求人POINT一覧>】<活躍中の社員の前職例>製造/工場/ライン作業/設備保全,大阪府,月給41万円～61万円,正社員,警備,求人ボックス,https://xn--pckua2a7gp15o89zb.com/jbn/3b13869c1dcf0a3eec6fcfe4f6357c9c,True,11時間前,2026-09-30 05:19:14,大阪府
芸能・VIP送迎ドライバー／年間休日200日以上／未経験歓迎／週3日勤務／普通免許のみOK新着,...と年間休日200日以上を両立。芸能関係・VIP・役員・一般送迎から希望や適性に合わせて案内します。 【<求人のポイント>】<活躍中の社員の前職例>製造/工場/ライン作業/設備保全/倉庫内作業,大阪府,月給41万円～61万円,正社員,警備,求人ボックス,https://xn--pckua2a7gp15o89zb.com/jbn/e0c7e7cc4548c1e1db730ed02feaff0d,True,11時間前,2026-09-30 05:19:14,大阪府
運転代行／ドライバー／月8～10日休み／タクシー運転手／普免のみOK／夜勤専属の送迎ドライバー新着,...充実した研修と先輩社員のフォローがあり、一人ひとりのペースで成長できます。離職率7%未満で、長く働く社員が多い職場です。 【<求人のポイント>】<活躍中の社員の前職例>製造/工場/ライン作業/設,大阪府,月給41万円～61万円,正社員,警備,求人ボックス,https://xn--pckua2a7gp15o89zb.com/jbn/de1348c3edd41bb5eefdc468cc18d12c,True,11時間前,2026-09-30 05:19:17,大阪府
送迎ドライバー／月の半分がお休み／普通免許でOK／月収50万円以上も可能／未経験歓迎／週3日勤務新着,...週3日勤務でも月収50万円以上を目指すことができます。多様な送迎ポジションから希望や適性に合う業務を選べます。 【<求人のポイント>】<活躍中の社員の前職例>製造/工場/ライン作業/設備保全/倉,大阪府,月給41万円～61万円,正社員,警備,求人ボックス,https://xn--pckua2a7gp15o89zb.com/jbn/f7de2c1af8722d3b337673bf461816c4,True,11時間前,2026-09-30 05:19:17,大阪府
「著名人・企業役員送迎ドライバー」／未経験歓迎／週3日勤務／賞与あり／月収40万円以上も可能新着,...病院・イベント送迎から希望や適性に応じて配属。未経験から安定収入とキャリアアップの両方を目指すことができます。 【<求人POINT一覧>】<活躍中の社員の前職例>製造/工場/ライン作業/設備保全,大阪府,月給41万円～61万円,正社員,警備,求人ボックス,https://xn--pckua2a7gp15o89zb.com/jbn/aa315e14b63f7f194bde57b93c459c44,True,11時間前,2026-09-30 05:19:17,大阪府
送迎ドライバー／週3日勤務／月収50万円以上も可能／未経験歓迎／普通免許でOK新着,...週3日勤務でも月収50万円以上を目指すことができます。多様な送迎ポジションから希望や適性に合う業務を選べます。 【<求人のポイント>】<活躍中の社員の前職例>製造/工場/ライン作業/設備保全/倉,大阪府,月給41万円～61万円,正社員,警備,求人ボックス,https://xn--pckua2a7gp15o89zb.com/jbn/a20f89577fa08abdf15e6294698c58bc,True,11時間前,2026-09-30 05:19:17,大阪府
VIP送迎ドライバー／月収50万円以上も可能／週3日勤務／未経験歓迎／普通免許でOK新着,警備員,大阪府,月給41万円～61万円,正社員,警備,求人ボックス,https://xn--pckua2a7gp15o89zb.com/jbn/b1a4326d484bf9fb0c3b8155c909ac6c,True,11時間前,2026-09-30 05:19:17,大阪府
「20~30代活躍」キャラクターフィギュア製造スタッフ／彩色・組立新着,株式会社プロジェクトトリガー,大阪府,"月給32万8,700円",正社員,製造,求人ボックス,https://xn--pckua2a7gp15o89zb.com/jbn/9fe530d995c0bd20123287e9961ba5ba,True,10時間前,2026-09-30 05:18:56,大阪府
茶葉加工・製造スタッフ／加工機の操作・商品品質チェック／未経験から製造...新着,ベンタス株式会社,大阪府,"月給30万4,900円",正社員,製造,求人ボックス,https://xn--pckua2a7gp15o89zb.com/jbn/6d7b5b6fc55d36484cd612f96e6addfb,True,10時間前,2026-09-30 05:18:56,大阪府
茶葉加工・製造スタッフ／加工機の操作・商品品質チェック／未経験から製造...新着,株式会社enrich technology,大阪府,"月給34万5,700円",正社員,製造,求人ボックス,https://xn--pckua2a7gp15o89zb.com/jbn/1da6ed6fd3995771874219249d494cca,True,10時間前,2026-09-30 05:18:57,大阪府
茶葉加工・製造スタッフ／加工機の操作・商品品質チェック／未経験から製造...新着,株式会社LOP,大阪府,"月給33万2,900円",正社員,製造,求人ボックス,https://xn--pckua2a7gp15o89zb.com/jbn/6271cc58e5501863485cee6cd4cba04f,True,10時間前,2026-09-30 05:18:57,大阪府
「20~30代活躍」キャラクターフィギュア製造スタッフ／彩色・組立新着,株式会社Meta Sales,大阪府,月給30万700円,正社員,製造,求人ボックス,https://xn--pckua2a7gp15o89zb.com/jbn/7323fe49d262d3d18223ed46c00a5dfb,True,10時間前,2026-09-30 05:18:57,大阪府
「20~30代活躍」楽器・音楽機材製造スタッフ／製品の組立・動作調整新着,株式会社Le Lien,大阪府,"月給31万8,700円",正社員,製造,求人ボックス,https://xn--pckua2a7gp15o89zb.com/jbn/2cd0a3e6e8f161d3e7ad1ffad49f6ebe,True,10時間前,2026-09-30 05:19:01,大阪府
「20~30代活躍」楽器・音楽機材製造スタッフ／製品の組立・動作調整新着,株式会社キソシン,大阪府,"月給33万9,100円",正社員,製造,求人ボックス,https://xn--pckua2a7gp15o89zb.com/jbn/a854864da150cdac764634960f3a16aa,True,10時間前,2026-09-30 05:19:01,大阪府
茶葉加工・製造スタッフ／加工機の操作・商品品質チェック／未経験から製造...新着,株式会社窪田建築,大阪府,"月給33万8,300円",正社員,製造,求人ボックス,https://xn--pckua2a7gp15o89zb.com/jbn/b0e6bd7ff757f2472095c678914e04a9,True,10時間前,2026-09-30 05:19:05,大阪府
アニメ作品メディア製造スタッフ／Blu-rayの製造・品質管理新着,株式会社ELシステム,大阪府,"月給31万6,200円",正社員,製造,求人ボックス,https://xn--pckua2a7gp15o89zb.com/jbn/9c5dbae0afb7f379ce67993ebbcc99e6,True,10時間前,2026-09-30 05:19:05,大阪府
製造スタッフ「初めての工場勤務も歓迎」／未経験OK／昇給・賞与あり新着,株式会社ELM,大阪府,月給34万円～60万円,正社員,製造,求人ボックス,https://xn--pckua2a7gp15o89zb.com/jbn/d86b1e875fc4be70d707f2de2cfeda2d,True,8時間前,2026-09-30 05:19:08,大阪府
カードゲーム業界を支える!／カードゲームグッズの製造スタッフ／寮完備新着,製造,大阪府,"月給37万4,500円",正社員,製造,求人ボックス,https://xn--pckua2a7gp15o89zb.com/jbn/c72c91fc3f1d1f4fabae19c9b307bdb7,True,11時間前,2026-09-30 05:19:12,大阪府
トレカ好きに人気の仕事!未経験OK／カードゲームグッズの製造スタッフ新着,製造,大阪府,"月給35万2,500円",正社員,製造,求人ボックス,https://xn--pckua2a7gp15o89zb.com/jbn/9e717201d1411bcfefdf74bed175109b,True,11時間前,2026-09-30 05:19:12,大阪府
最新モデルに関われる!／パソコンの製造スタッフ／年間休日126日新着,製造,大阪府,"月給35万3,500円",正社員,製造,求人ボックス,https://xn--pckua2a7gp15o89zb.com/jbn/ecf25f676dea3cf50cf339a06e3d5d92,True,11時間前,2026-09-30 05:19:12,大阪府
PC好きにおすすめ!／パソコンの製造スタッフ／年間休日135日新着,製造,大阪府,"月給37万5,500円",正社員,製造,求人ボックス,https://xn--pckua2a7gp15o89zb.com/jbn/b7d11c873f952fd5cafe38fcde339913,True,11時間前,2026-09-30 05:19:12,大阪府
「再スタート応援」アニメグッズの製造スタッフ／未経験活躍中新着,製造,大阪府,"月給31万8,800円",正社員,製造,求人ボックス,https://xn--pckua2a7gp15o89zb.com/jbn/3422d14826d84a6a4bddd9acface88b2,True,13時間前,2026-09-30 05:19:12,大阪府
景品グッズに関われる!／クレーンゲーム景品の企画製造スタッフ新着,製造,大阪府,"月給34万2,500円",正社員,製造,求人ボックス,https://xn--pckua2a7gp15o89zb.com/jbn/c393f0104fa1d04cf08f9264bea5f4af,True,11時間前,2026-09-30 05:19:12,大阪府
スマホ部品製造スタッフ／未経験歓迎／組立と動作確認／寮・社宅あり新着,Yts株式会社,大阪府,"月給32万5,400円",正社員,製造,求人ボックス,https://xn--pckua2a7gp15o89zb.com/jbn/a2c4d035c86add38bb02d3f01db6343c,True,10時間前,2026-09-30 05:19:20,大阪府
「新生活デビュー応援!」未経験採用枠／製造スタッフ・カプセルトイ新着,株式会社RIOT,大阪府,月給28万円～50万円,正社員,製造,求人ボックス,https://xn--pckua2a7gp15o89zb.com/jbn/a3665ab3f0712639f58a16ba5f538c38,True,12時間前,2026-09-30 05:19:22,大阪府
「まだ間に合う!」未経験採用枠／製造スタッフ・カプセルトイ新着,株式会社RIOT GROUP,大阪府,月給28万円～50万円,正社員,製造,求人ボックス,https://xn--pckua2a7gp15o89zb.com/jbn/90b4d21f8fd3c49ddfb3da0df8baa837,True,12時間前,2026-09-30 05:19:22,大阪府
スマホ部品製造スタッフ／未経験歓迎／組立と動作確認／寮・社宅あり新着,AQUARIUS株式会社,大阪府,"月給29万6,700円",正社員,製造,求人ボックス,https://xn--pckua2a7gp15o89zb.com/jbn/bd04bb974684e24c0887cab5399605dc,True,9時間前,2026-09-30 05:19:26,大阪府
「体を動かす仕事!」塗料の製造スタッフ／20代から30代活躍中!新着,株式会社日本ケイテム,大阪府,"時給1,500円～",アルバイト・パート,製造,求人ボックス,https://xn--pckua2a7gp15o89zb.com/jbn/601c2577120723d466a4868eee29782f,True,21時間前,2026-09-30 05:19:26,大阪府
自社の清掃スタッフ新着,堀田工務店株式会社,大阪府,"時給1,231円～",アルバイト・パート,清掃,求人ボックス,https://xn--pckua2a7gp15o89zb.com/jb/eab9f18c7449b8f7a6eaf2d43956c68f,True,19時間前,2026-09-30 05:19:03,大阪府
パチンコ店清掃スタッフ新着,株式会社立岩,大阪府,"時給1,240円～1,270円",アルバイト・パート,清掃,求人ボックス,https://xn--pckua2a7gp15o89zb.com/jb/3233e9975fe83d96b0cc04e18367c7dd,True,8時間前,2026-09-30 05:19:03,大阪府
施設内の清掃スタッフ新着,株式会社白青舎,大阪府,"時給1,210円",アルバイト・パート,清掃,求人ボックス,https://xn--pckua2a7gp15o89zb.com/jb/07ce5609546e8129dbc21b70d001f2ad,True,4時間前,2026-09-30 05:19:03,大阪府
「清掃スタッフ」前払い!WEBでカンタン応募!時給1450円新着,株式会社LeafNxT,大阪府,時給1450円,派遣社員,清掃,求人ボックス,https://xn--pckua2a7gp15o89zb.com/jb/48255065beb5392e834d459269426c8a,True,23時間前,2026-09-30 05:19:03,大阪府
清掃スタッフ／残業ほぼなし資格を活かして高収入を目指せる新着,株式会社ルフト・メディカルケア,大阪府,"時給1,700円～1,900円",派遣社員,清掃,求人ボックス,https://xn--pckua2a7gp15o89zb.com/jb/0890874bd5f3307778b15a0e37a4f47b,True,22時間前,2026-09-30 05:19:03,大阪府
JR 病院の清掃スタッフ／未経験・ブランクのある方OK!／ミドル新着,株式会社アーマン,大阪府,"時給1,200円～",アルバイト・パート,清掃,求人ボックス,https://xn--pckua2a7gp15o89zb.com/jb/dbd2588a29ec036c762909785924e7e0,True,13時間前,2026-09-30 05:19:03,大阪府
岸和田市民病院の清掃スタッフ新着,株式会社第一,大阪府,月給21万円～,正社員,清掃,求人ボックス,https://xn--pckua2a7gp15o89zb.com/jb/b6dfb9e03de1ce07fc824570a3479e89,True,19時間前,2026-09-30 05:19:03,大阪府
オフィスビル内の清掃スタッフ／清掃新着,株式会社マルキョウ商事,大阪府,"時給1,300円",アルバイト・パート,清掃,求人ボックス,https://xn--pckua2a7gp15o89zb.com/jb/8625824f22f587c609165ac25dd9e5a5,True,7時間前,2026-09-30 05:19:04,大阪府
清掃 副業OK 清掃スタッフ 30~60代活躍中 未経験者OK新着,株式会社サクセス,大阪府,"時給1,231円",アルバイト・パート,清掃,求人ボックス,https://xn--pckua2a7gp15o89zb.com/jb/85601040518811b2aff1e2916f197744,True,23時間前,2026-09-30 05:19:04,大阪府
清掃スタッフ マンション・ビル・病院など 代行業務新着,冨士ファシリティーズ株式会社,大阪府,"時給1,400円",アルバイト・パート,清掃,求人ボックス,https://xn--pckua2a7gp15o89zb.com/jb/17e354169fbd9fc6e9f6f85285d75599,True,4時間前,2026-09-30 05:19:04,大阪府
清掃スタッフ／清掃新着,株式会社三橋商会 業務部,大阪府,"時給1,240円",アルバイト・パート,清掃,求人ボックス,https://xn--pckua2a7gp15o89zb.com/jb/ef86c7d6b133cc88f69479c327ba7337,True,7時間前,2026-09-30 05:19:04,大阪府
閉店後のパチンコ店の短時間清掃スタッフ新着,株式会社毎日,大阪府,"日給1,607円",アルバイト・パート,清掃,求人ボックス,https://xn--pckua2a7gp15o89zb.com/jb/e82bed13315d8d9054336506cdce1169,True,6時間前,2026-09-30 05:19:04,大阪府
一般家庭の清掃代行スタッフ／ダスキン 深井支店新着,株式会社ダスキンサーヴ近畿,大阪府,"時給1,240円",アルバイト・パート,清掃,求人ボックス,https://xn--pckua2a7gp15o89zb.com/jb/eda403983e56e5def509df1a5e65c2c0,True,17時間前,2026-09-30 05:19:04,大阪府
清掃スタッフ新着,株式会社日経サービス,大阪府,"時給1,320円～",アルバイト・パート,清掃,求人ボックス,https://xn--pckua2a7gp15o89zb.com/jb/5a33dfdf18e18259f84888e89ba1c558,True,2時間前,2026-09-30 05:19:07,大阪府
ビルクリーニング 清掃 スタッフ新着,日本ケミロン株式会社,大阪府,"日給1万2,000円",アルバイト・パート,清掃,求人ボックス,https://xn--pckua2a7gp15o89zb.com/jb/c3b36a0510db54f7e7ff6746cefc04b7,True,16時間前,2026-09-30 05:19:07,大阪府
清掃スタッフ新着,株式会社セシル,大阪府,"時給1,177円",アルバイト・パート,清掃,求人ボックス,https://xn--pckua2a7gp15o89zb.com/jb/c53def9f7ba5e84d318fad274ae628dd,True,22時間前,2026-09-30 05:19:07,大阪府
当社管理物件の清掃・メンテナンススタッフ新着,株式会社ケイ・エス・ジャパン,大阪府,月給25万円～,正社員,清掃,求人ボックス,https://xn--pckua2a7gp15o89zb.com/jb/5a133a67c9381818a79c11addbc2107f,True,20時間前,2026-09-30 05:19:07,大阪府
歯科大学の清掃スタッフ新着,株式会社浄美社,大阪府,"時給1,250円",アルバイト・パート,清掃,求人ボックス,https://xn--pckua2a7gp15o89zb.com/jb/871e5a0fc5ba07581899c9fafb787359,True,18時間前,2026-09-30 05:19:07,大阪府
深夜のキッチン清掃スタッフ／清掃新着,株式会社セントラルサービスシステム,大阪府,月給26万円～36万円,契約社員,清掃,求人ボックス,https://xn--pckua2a7gp15o89zb.com/jb/068b2e4c435a0807c617b0149579859f,True,7時間前,2026-09-30 05:19:07,大阪府
清掃作業スタッフ 補助作業 スーパー・ホテルなどの施設や飲食店などの夜...新着,株式会社AMP,大阪府,"時給1,550円～",アルバイト・パート,清掃,求人ボックス,https://xn--pckua2a7gp15o89zb.com/jb/59c94f1aa3dd0de2527eddc528a38556,True,23時間前,2026-09-30 05:19:11,大阪府
清掃管理スタッフ／清掃新着,株式会社エヴァクリーン,大阪府,"時給1,280円",契約社員,清掃,求人ボックス,https://xn--pckua2a7gp15o89zb.com/jb/827788b94dece616dea9ae6124d4e6e1,True,7時間前,2026-09-30 05:19:11,大阪府
商業施設の清掃スタッフ新着,東急ビルメンテナンス株式会社,大阪府,"時給1,250円",アルバイト・パート,清掃,求人ボックス,https://xn--pckua2a7gp15o89zb.com/jb/00e8d9afebad1175514861f4d41f4a63,True,4時間前,2026-09-30 05:19:11,大阪府
清掃スタッフ新着,...交通費:交通費全額支給 バス代支給(規定あり) 【PR】未経験の方も大歓迎 フォロー体制万全なので安心 高時給!交通費全額支給 【特徴】31日以上のお仕事 家事スキルを活かして高収入!週1～OK,大阪府,"時給1,600円",派遣社員,清掃,求人ボックス,https://xn--pckua2a7gp15o89zb.com/jb/7042868704c90ea83efeb78bcb1a633f,True,13時間前,2026-09-30 05:19:11,大阪府
客室清掃スタッフ新着,ルートインジャパン株式会社,大阪府,"時給1,180円",アルバイト・パート,清掃,求人ボックス,https://xn--pckua2a7gp15o89zb.com/jb/2b025418390df68d0f8d6a304eea5c04,True,23時間前,2026-09-30 05:19:11,大阪府
1日4hだけ 週3日～ グランフロント大阪 朝の日常清掃スタッフ新着,株式会社アドミック,大阪府,"時給1,300円",派遣社員,清掃,求人ボックス,https://xn--pckua2a7gp15o89zb.com/jb/3ac32d87d11748790fcf655fd28135a4,True,22時間前,2026-09-30 05:19:11,大阪府
マンション清掃スタッフ／午前中4時間の簡単清掃!50代～シニア活躍中新着,株式会社下村工務店,大阪府,"時給1,300円～",アルバイト・パート,清掃,求人ボックス,https://xn--pckua2a7gp15o89zb.com/jb/7ac9a1c0aa23592fc1a042f61a25dc5c,True,14時間前,2026-09-30 05:19:11,大阪府
"送迎ドライバー／時給1,300円／週2日・1日4h～OK新着",株式会社eternita Group,大阪府,"時給1,300円",アルバイト・パート,清掃,求人ボックス,https://xn--pckua2a7gp15o89zb.com/jb/e4e4f80238599e889eca8851afd6e454,True,13時間前,2026-09-30 05:19:15,大阪府
テーマパークのオフィシャルホテルでのお掃除スタッフ新着,株式会社コアズ ビルメンテナンス部,大阪府,"時給1,240円～1,400円",アルバイト・パート,清掃,求人ボックス,https://xn--pckua2a7gp15o89zb.com/jb/b6cdc8892a7edca79993a7e9433b0466,True,7時間前,2026-09-30 05:19:15,大阪府
ショートステイ／家事サポートスタッフ／10-14時／パナソニック新着,パナソニック エイジフリー株式会社,大阪府,"時給1,236円",アルバイト・パート,清掃,求人ボックス,https://xn--pckua2a7gp15o89zb.com/jb/f6ed2e7d05764aa81bc31bfa511b83e7,True,6時間前,2026-09-30 05:19:15,大阪府
ビル共用部内の清掃／未経験OKの簡単清掃／Wワーク・主婦・シニア活躍中／静かな職場でモクモク働ける新着,株式会社クスコ,大阪府,"時給1,231円～",アルバイト・パート,清掃,求人ボックス,https://xn--pckua2a7gp15o89zb.com/jb/f8154d3be6759ae3d4fd6b99990fc5e5,True,23時間前,2026-09-30 05:19:15,大阪府
ITサポート事務／未経験OK／システム利用の支援／第二新卒歓迎新着,AQUARIUS株式会社,大阪府,"月給29万5,500円",正社員,清掃,求人ボックス,https://xn--pckua2a7gp15o89zb.com/jbn/363fa7e99eb18927e31a81575184ce78,True,6時間前,2026-09-30 05:19:18,大阪府
「0からのキャリア形成」一般事務スタッフ／未経験OK／年間休日125日以上／20代30代活躍中新着,株式会社RIOT GROUP,大阪府,月給32万600円,正社員,清掃,求人ボックス,https://xn--pckua2a7gp15o89zb.com/jbn/ddb6a8a8a0f22531127e7b305714b30e,True,6時間前,2026-09-30 05:19:18,大阪府
データ入力事務／未経験OK／データ登録と確認／第二新卒歓迎新着,株式会社FIVE SENSES,大阪府,月給30万900円,正社員,清掃,求人ボックス,https://xn--pckua2a7gp15o89zb.com/jbn/e92fcc9302cad203bbab089de449c00e,True,6時間前,2026-09-30 05:19:18,大阪府
「未経験からオフィスデビュー」営業事務／昇給賞与あり／研修あり新着,株式会社小林,大阪府,月給31万800円,正社員,清掃,求人ボックス,https://xn--pckua2a7gp15o89zb.com/jbn/44d14595c5493692f53112b9cb35f44f,True,6時間前,2026-09-30 05:19:18,大阪府
「未経験からオフィスデビュー」データ入力事務／第二新卒歓迎／昇給年2回新着,Yts株式会社,大阪府,"月給29万9,800円",正社員,清掃,求人ボックス,https://xn--pckua2a7gp15o89zb.com/jbn/32642002577afc05ba3c3e41e315f320,True,6時間前,2026-09-30 05:19:18,大阪府
「0からのキャリア形成」AI事務アシスタント／未経験OK／土日祝休み／昇給賞与あり新着,株式会社RIOT,大阪府,"月給30万8,800円",正社員,清掃,求人ボックス,https://xn--pckua2a7gp15o89zb.com/jbn/1986dd89448e6e768ba13a30761ce156,True,6時間前,2026-09-30 05:19:18,大阪府
営業事務／未経験OK／営業の書類作成支援／年間休日125日以上新着,スタッフ,大阪府,"月給31万9,200円",正社員,清掃,求人ボックス,https://xn--pckua2a7gp15o89zb.com/jbn/58e95eb4a6ec9ecf47f2b863449d1bac,True,6時間前,2026-09-30 05:19:20,大阪府
生活支援員STAFF新着,アイビ株式会社,大阪府,"時給1,600円～1,750円",アルバイト・パート,清掃,求人ボックス,https://xn--pckua2a7gp15o89zb.com/jb/c4c1bdbf92ae2233a3e55b44347eb621,True,7時間前,2026-09-30 05:19:20,大阪府
事務職／未経験OK／長期キャリア形成／月30万以上可／20代30代活躍中新着,株式会社グローリー,大阪府,月給29万600円,正社員,清掃,求人ボックス,https://xn--pckua2a7gp15o89zb.com/jbn/4d9d60b3a2aac9fadce603f36a125f3f,True,6時間前,2026-09-30 05:19:20,大阪府
ITサポート事務／未経験OK／長期キャリア形成／20代30代活躍中／研修制度充実新着,スタッフ,大阪府,"月給31万4,300円",正社員,清掃,求人ボックス,https://xn--pckua2a7gp15o89zb.com/jbn/8546ee8e4cc842c8baeadf8847472b25,True,6時間前,2026-09-30 05:19:20,大阪府
「0からのキャリア形成」受付スタッフ／未経験OK／年間休日125日以上／土日祝休み新着,スタッフ,大阪府,"月給32万2,300円",正社員,清掃,求人ボックス,https://xn--pckua2a7gp15o89zb.com/jbn/0e2a0461fe3fc55fd5368ff6adf6f62d,True,6時間前,2026-09-30 05:19:20,大阪府
「未経験からオフィスデビュー」IT企業内事務／年間休日125日以上／20代30代活躍中新着,スタッフ,大阪府,"月給32万6,800円",正社員,清掃,求人ボックス,https://xn--pckua2a7gp15o89zb.com/jbn/863f53abbfe5bd2cf21a1b90f1ba618a,True,6時間前,2026-09-30 05:19:20,大阪府
IT企業内事務／未経験OK／長期キャリア形成／第二新卒歓迎／土日祝休み新着,スタッフ,大阪府,"月給32万5,100円",正社員,清掃,求人ボックス,https://xn--pckua2a7gp15o89zb.com/jbn/7a4de94755a90179d53a1f73a4425183,True,6時間前,2026-09-30 05:19:24,大阪府
「0からのキャリア形成」受付スタッフ／未経験OK／月30万以上可／土日祝休み新着,スタッフ,大阪府,"月給32万5,800円",正社員,清掃,求人ボックス,https://xn--pckua2a7gp15o89zb.com/jbn/1fcc10a91d2f4dcd9532d7a85cc2063b,True,6時間前,2026-09-30 05:19:24,大阪府
「0からのキャリア形成」事務職／未経験OK／20代30代活躍中／研修制度充実新着,スタッフ,大阪府,"月給30万1,100円",正社員,清掃,求人ボックス,https://xn--pckua2a7gp15o89zb.com/jbn/4ae5dc3ce11bc29e6da8cad0bfe75b0b,True,6時間前,2026-09-30 05:19:24,大阪府
「未経験から正社員」AI事務アシスタント／プロンプトの調整管理／第二新卒歓迎／研修制度充実新着,スタッフ,大阪府,"月給29万1,000円",正社員,清掃,求人ボックス,https://xn--pckua2a7gp15o89zb.com/jbn/db4cee29bae6a0a968ae70f9d61ff9cc,True,6時間前,2026-09-30 05:19:24,大阪府
茨木市駅／サ高住STAFF 落ち着いた雰囲気でゆったりお仕事新着,株式会社コトリオ,大阪府,"時給1,600円～2,250円",派遣社員,清掃,求人ボックス,https://xn--pckua2a7gp15o89zb.com/jb/4b0808ffee77edf1ecf823787d458f98,True,14時間前,2026-09-30 05:19:24,大阪府
「未経験からオフィスデビュー」AI事務アシスタント／20代30代活躍中／昇給年2回新着,スタッフ,大阪府,"月給29万3,600円",正社員,清掃,求人ボックス,https://xn--pckua2a7gp15o89zb.com/jbn/4c99b55b44459f3b61a366ec7192582d,True,6時間前,2026-09-30 05:19:24,大阪府
「0からのキャリア形成」IT企業内事務／未経験OK／昇給賞与あり／研修あり新着,スタッフ,大阪府,"月給32万6,700円",正社員,清掃,求人ボックス,https://xn--pckua2a7gp15o89zb.com/jbn/691e77976dfb5280490438207efa8d15,True,6時間前,2026-09-30 05:19:27,大阪府
「未経験からオフィスデビュー」営業事務／年間休日125日以上／第二新卒歓迎新着,スタッフ,大阪府,"月給30万9,200円",正社員,清掃,求人ボックス,https://xn--pckua2a7gp15o89zb.com/jbn/bb2dda115d466de14d1aac487b933798,True,6時間前,2026-09-30 05:19:27,大阪府
ITサポート事務／未経験OK／PC設定やヘルプ応対／年間休日125日以上新着,スタッフ,大阪府,"月給30万9,000円",正社員,清掃,求人ボックス,https://xn--pckua2a7gp15o89zb.com/jbn/d6fd96c65b183c9a27ea58a985f34085,True,6時間前,2026-09-30 05:19:27,大阪府
IT企業内事務／未経験OK／IT企業のバック業務／年間休日125日以上新着,スタッフ,大阪府,"月給30万7,600円",正社員,清掃,求人ボックス,https://xn--pckua2a7gp15o89zb.com/jbn/08acd3c2b98f405e6c7b1089e903c312,True,6時間前,2026-09-30 05:19:31,大阪府
「0からのキャリア形成」ITサポート事務／未経験OK／研修制度充実／昇給年2回新着,スタッフ,大阪府,"月給30万2,100円",正社員,清掃,求人ボックス,https://xn--pckua2a7gp15o89zb.com/jbn/82d934fe7dd016cbd63191e01a43aad3,True,6時間前,2026-09-30 05:19:31,大阪府
「0からのキャリア形成」AI事務アシスタント／未経験OK／研修あり／第二新卒歓迎新着,スタッフ,大阪府,"月給30万9,300円",正社員,清掃,求人ボックス,https://xn--pckua2a7gp15o89zb.com/jbn/5b46b73bae01779a7d5ba5a5146d13b5,True,6時間前,2026-09-30 05:19:31,大阪府
「未経験からオフィスデビュー」ITサポート事務／月30万以上可／第二新卒歓迎新着,スタッフ,大阪府,"月給31万9,400円",正社員,清掃,求人ボックス,https://xn--pckua2a7gp15o89zb.com/jbn/63893df4de19b7e8935ad93b60554060,True,6時間前,2026-09-30 05:19:31,大阪府
歯科衛生士／週休不完全3日制・高収入!「ずっとここで働きたい」と思える...新着,医療法人のむら歯科,京都府,"時給1,800円～2,500円",アルバイト・パート,歯科,求人ボックス,https://xn--pckua2a7gp15o89zb.com/jb/fa8663ca7d76a778f5dc9348400a8ac3,True,3時間前,2026-09-30 05:19:34,京都府
歯科衛生士／京都大阪から通勤便利／月収30万円以上可+手当・賞与新着,矢野歯科医院,京都府,月給28万円～35万円,正社員,歯科,求人ボックス,https://xn--pckua2a7gp15o89zb.com/jb/f9fe3fcc2a872eb524f0016ee0dc5fd8,True,3時間前,2026-09-30 05:19:34,京都府
歯科衛生士／駅徒歩1分・週休2.5日・残業なし／月給31万円で仕事もプ...新着,医療法人佳光会 ひろ歯科クリニック,京都府,月給31万円,正社員,歯科,求人ボックス,https://xn--pckua2a7gp15o89zb.com/jb/d3ed90fa844fd1dca08413cca3466813,True,3時間前,2026-09-30 05:19:34,京都府
歯科医師／週一からでも可!様々なジャンルの治療を習得できるようサポートします新着,奥野歯科祇園縄手診療所,京都府,"時給3,500円～5,000円",正社員,歯科,求人ボックス,https://xn--pckua2a7gp15o89zb.com/jb/3a08f569d76d5d2870ca01c605f3c9cc,True,3時間前,2026-09-30 05:19:34,京都府
20～40代女性多数活躍中!履歴書・来社不要でお気軽に登録OK!おかきの販売・レジ業務!新着,株式会社アクトプラス大阪支社,大阪府,"時給1,500円",正社員,派遣,求人ボックス,https://xn--pckua2a7gp15o89zb.com/jb/cd39c63356d3cbc7c621304acc5df5ad,True,5時間前,2026-09-30 05:19:20,大阪府
8時-17時 備品補充と清掃 新しくてキレイな工場 空調完備で快適新着,株式会社ニチギワールド,大阪府,"時給1,320円～1,650円",派遣社員,派遣,求人ボックス,https://xn--pckua2a7gp15o89zb.com/jb/04026f5fac735296712698e0d90f43b8,True,13時間前,2026-09-30 05:19:20,大阪府
一般事務／未経験歓迎／昇給あり／賞与あり新着,株式会社ナカノ商会,大阪府,年収300万円～350万円,正社員,派遣,求人ボックス,https://xn--pckua2a7gp15o89zb.com/jbn/f941f3caece90e73fa0f721c36776ffc,True,2時間前,2026-09-30 05:19:20,大阪府
直行直帰OK 完全土日祝休み コミュニケーション力活かして働きたい30～50代しゅふ活躍中新着,株式会社リクルートスタッフィング,大阪府,"月給16万2,100円",アルバイト・パート,派遣,求人ボックス,https://xn--pckua2a7gp15o89zb.com/jb/61f51e457716d39e9be2cec06418ea9b,True,9時間前,2026-09-30 05:19:20,大阪府
「人と丁寧に関わる仕事がしたい」方へ既存顧客訪問・スタッフフォローが中心／未経験歓迎／大阪店 Z新着,業 (派 33-010057),大阪府,年収246万円～303万円,契約社員,派遣,求人ボックス,https://xn--pckua2a7gp15o89zb.com/jbn/0a8a3a58247bedfd09f66a5102defeae,True,17時間前,2026-09-30 05:19:21,大阪府
製造加工・食品加工企業向け人材派遣の提案営業／ブランクOK／急募／完全週休2日制／昇給あり／主婦新着,キャリアリンクファクトリー株式会社,大阪府,月給30万円～82万円,正社員,派遣,求人ボックス,https://xn--pckua2a7gp15o89zb.com/jbn/5b81677a0fda30f02535bec896aa8381,True,3時間前,2026-09-30 05:19:21,大阪府
法人営業・派遣コーディネーター／未経験歓迎／昇給あり／賞与あり新着,株式会社ユース,大阪府,年収300万円～500万円,正社員,派遣,求人ボックス,https://xn--pckua2a7gp15o89zb.com/jbn/ede492c5bd39a452a7159a925fd67530,True,2時間前,2026-09-30 05:19:21,大阪府
営業サポート部のバックオフィス統括／未経験歓迎／賞与あり新着,株式会社アドミック,大阪府,年収550万円～700万円,正社員,派遣,求人ボックス,https://xn--pckua2a7gp15o89zb.com/jbn/150a970735cba0e463cf08d4ad374a00,True,2時間前,2026-09-30 05:19:21,大阪府
昇給あり／土日祝休みあり／急募／オフィスワークスタッフ新着,業 (派 33-010057),大阪府,年収246万円～303万円,契約社員,派遣,求人ボックス,https://xn--pckua2a7gp15o89zb.com/jbn/730d5992a08b957216ac665c5fb55be0,True,17時間前,2026-09-30 05:19:24,大阪府
急募／フリーター歓迎／女性活躍中／駅チカ・駅ナカ／オフィスワークスタッフ新着,業 (派 33-010057),大阪府,年収246万円～303万円,契約社員,派遣,求人ボックス,https://xn--pckua2a7gp15o89zb.com/jbn/1e1f5bd4ba40d94ec1606b1a5eea61e3,True,17時間前,2026-09-30 05:19:24,大阪府
NO残業 月収25万円 こつこつ事務サポート新着,未経験からスキルが身につく/同じ業務ではたらく人がいる/同じ,大阪府,"時給1,600円",派遣社員,派遣,求人ボックス,https://xn--pckua2a7gp15o89zb.com/jb/48db9a9ddf511956eac56ed107753b84,True,13時間前,2026-09-30 05:19:24,大阪府
倉庫内フォークリフトスタッフ新着,南大阪センコー運輸整備株式会社,大阪府,"月給27万2,000円",正社員,派遣,求人ボックス,https://xn--pckua2a7gp15o89zb.com/jb/20fa667772527c5237c3d7178ca449a0,True,11時間前,2026-09-30 05:19:24,大阪府
保育士／私立認可保育園／川越保育園新着,株式会社アスカ,大阪府,"時給1,500円",派遣社員,派遣,求人ボックス,https://xn--pckua2a7gp15o89zb.com/jb/1e86ac77e8ef0580e6aa76334c5e5c7c,True,6時間前,2026-09-30 05:19:28,大阪府
関西／未経験歓迎／人材派遣・紹介営業担当／新規開拓・既存フォロー新着,株式会社マックスサポート,大阪府,年収354万円～413万円,正社員,派遣,求人ボックス,https://xn--pckua2a7gp15o89zb.com/jb/d98a8b100cb4fb379af0987758ba628a,True,9時間前,2026-09-30 05:19:28,大阪府
サポートスタッフ／残業ほぼなし!ブランクある方も歓迎Web面接実施中新着,株式会社ルフト・メディカルケア,大阪府,"時給1,550円",派遣社員,派遣,求人ボックス,https://xn--pckua2a7gp15o89zb.com/jb/f30777fe4d2827e8ce89ec90db9c5f0a,True,22時間前,2026-09-30 05:19:28,大阪府
「フレッシュな仲間と働ける!」／派遣コーディネーター／未経験OK／スタッフサポート／研修充実新着,コーディネーター  登録,大阪府,月給27万円～33万円,正社員,派遣,求人ボックス,https://xn--pckua2a7gp15o89zb.com/jbn/5bb269498c5c29fe2084bf54c7e5b1d1,True,12時間前,2026-09-30 05:19:32,大阪府
産業設備の配線組立／未経験OK／正社員登用実績あり／土日祝休み新着,サンワ株式会社,大阪府,"時給1,300円～1,500円",正社員,派遣,求人ボックス,https://xn--pckua2a7gp15o89zb.com/jb/78f2e47d4f9fcfa6d3d5c0144a73c35d,True,15時間前,2026-09-30 05:19:32,大阪府
「無理なく続けられる人気ワーク!」／派遣コーディネーター／残業少なめ／未経験歓迎／長期安定新着,コーディネーター  登録,大阪府,月給27万円～33万円,正社員,派遣,求人ボックス,https://xn--pckua2a7gp15o89zb.com/jbn/cf9773dbc45ff1d6f1677298102dbca3,True,12時間前,2026-09-30 05:19:32,大阪府
リゾートバイト／フロント・ベル新着,株式会社ダイブ,大阪府,"時給1,250円～",派遣社員,派遣,求人ボックス,https://xn--pckua2a7gp15o89zb.com/jb/b43244364e1d2304760542a3fc8a7f62,True,23時間前,2026-09-30 05:19:35,大阪府
自動機の機械設計 SolidWorks／駅チカ徒歩3分／土日祝休み新着,株式会社インターテクノ,大阪府,"時給2,300円",派遣社員,派遣,求人ボックス,https://xn--pckua2a7gp15o89zb.com/jb/afc4f7bc1db2b09926d4dc199e104557,True,15時間前,2026-09-30 05:19:35,大阪府
カット野菜の原材料調達・調整担当／未経験歓迎／昇給あり／賞与あり新着,株式会社アドバンス,大阪府,年収350万円～500万円,契約社員,派遣,求人ボックス,https://xn--pckua2a7gp15o89zb.com/jbn/cc86b56a459e9e503a251dc9869d9436,True,2時間前,2026-09-30 05:19:35,大阪府
「VIP送迎もあり」夜勤タクシードライバー／年収600万円以上／賞与年2回新着,社員...,大阪府,月給46万800円,正社員,派遣,求人ボックス,https://xn--pckua2a7gp15o89zb.com/jbn/b98656b81fea4e3eac14408741d0e00a,True,13時間前,2026-09-30 05:19:39,大阪府
アメフト好き大歓迎!国内プロリーグの運営スタッフ募集新着,株式会社ヒト・コミュニケーションズ,大阪府,"時給1,300円",契約社員,派遣,求人ボックス,https://xn--pckua2a7gp15o89zb.com/jb/65d45166aa25664e44698ba20ce7cf70,True,23時間前,2026-09-30 05:19:39,大阪府
一般事務／新商品リリース前に!事務&データ入力 自分で考える力がつく新着,マンパワーグループ株式会社,大阪府,"時給1,500円",派遣社員,派遣,求人ボックス,https://xn--pckua2a7gp15o89zb.com/jb/9efcd9362a36b47658d77641885e01e1,True,5時間前,2026-09-30 05:19:39,大阪府
コールセンター受電新着,株式会社セリオ,大阪府,"時給1,600円",派遣社員,派遣,求人ボックス,https://xn--pckua2a7gp15o89zb.com/jb/3796d7c38c11ba6bea7216748b3203e8,True,23時間前,2026-09-30 05:19:39,大阪府
大手総合商社で経理事務新着,ヒューマンリソシア株式会社,大阪府,"時給1,600円",派遣社員,派遣,求人ボックス,https://xn--pckua2a7gp15o89zb.com/jb/1b1e999a231301ace0590027b47f475a,True,6時間前,2026-09-30 05:19:41,大阪府
人材マッチング営業／未経験歓迎／昇給あり／賞与あり新着,株式会社Good Work Japan,大阪府,年収350万円～450万円,正社員,派遣,求人ボックス,https://xn--pckua2a7gp15o89zb.com/jbn/22843e1b81c35ef5852f127ff2db1b1d,True,2時間前,2026-09-30 05:19:41,大阪府
「未経験歓迎」電子部品製造スタッフ／週休2日制／20代・30代活躍中／ブランクOK新着,株式会社3D&T,大阪府,"時給1,700円～",派遣社員,派遣,求人ボックス,https://xn--pckua2a7gp15o89zb.com/jbn/9ff767682a3a926931ca89e464cb8529,True,23時間前,2026-09-30 05:19:41,大阪府
3DCADオペレーター 在宅導入も相談可 モデリング作業新着,株式会社アットキャド,大阪府,"時給1,700円～1,900円",派遣社員,派遣,求人ボックス,https://xn--pckua2a7gp15o89zb.com/jb/d5f3e1d0d4b163d14d272af656b87294,True,14時間前,2026-09-30 05:19:44,大阪府
建設系エンジニアの人材コンサルタント／未経験歓迎／昇給あり／賞与あり新着,株式会社アールエフテクニカ,大阪府,年収250万円～300万円,正社員,派遣,求人ボックス,https://xn--pckua2a7gp15o89zb.com/jbn/05f204ddb9745547918cb740428c0cb8,True,2時間前,2026-09-30 05:19:44,大阪府
アウトドアグッズの軽作業スタッフ新着,株式会社アルミラ,大阪府,"時給1,450円～",アルバイト・パート,派遣,求人ボックス,https://xn--pckua2a7gp15o89zb.com/jb/72a4d266c2b210f8704a7c2ccaafb10b,True,12時間前,2026-09-30 05:19:44,大阪府
看護師 週4日～の日勤派遣!駅徒歩4分!介護と看護はセパレート新着,株式会社ワークステーション,大阪府,"時給1,950円～2,050円",派遣社員,派遣,求人ボックス,https://xn--pckua2a7gp15o89zb.com/jb/a5545fd077685d2937511d10e593c351,True,3時間前,2026-09-30 05:19:44,大阪府
「オフィスワークのはじまり」オフィス系の事務／カレンダー通り／残業は少なめ／経験は問いません新着,スタッフ,大阪府,"月給24万7,000円",正社員,派遣,求人ボックス,https://xn--pckua2a7gp15o89zb.com/jbn/1dc57521410e2c46c9cbc6d4131354da,True,7時間前,2026-09-30 05:19:47,大阪府
「毎日の流れが読める事務職」データ入力の事務／カレンダー通り／残業は少なめ／はじめてでもOK新着,スタッフ,大阪府,"月給25万8,000円",正社員,派遣,求人ボックス,https://xn--pckua2a7gp15o89zb.com/jbn/094e7c3a45b5c6df67657489f63a9778,True,7時間前,2026-09-30 05:19:47,大阪府
保育士／時給1350円〜1400円／9:00〜15:00の固定時間／平日週3日〜OK新着,株式会社ワークプロジェクト,大阪府,時給1350円,派遣社員,派遣,求人ボックス,https://xn--pckua2a7gp15o89zb.com/jb/e9c4712d5e048a48b1b6edfadb9db31a,True,10時間前,2026-09-30 05:19:47,大阪府
テレフォンオペレーター／未経験OK 駅徒歩圏内 問い合わせ対応など 高時給1700円新着,株式会社スタッフサービス,大阪府,時給1700円,派遣社員,派遣,求人ボックス,https://xn--pckua2a7gp15o89zb.com/jb/5bb8cc20d82f6222318c6b081d29e676,True,17時間前,2026-09-30 05:19:47,大阪府
ドッグカフェマネージャー新着,アイエスエイ株式会社,大阪府,月給25万円～30万円,契約社員,飲食,求人ボックス,https://xn--pckua2a7gp15o89zb.com/jb/dd9400e9d77884767f058998b2b5358d,True,13時間前,2026-09-30 05:19:30,大阪府
テレアポ新着,株式会社KeyHearts,大阪府,月給28万円～,正社員,飲食,求人ボックス,https://xn--pckua2a7gp15o89zb.com/jb/8150b8bf5c81fc4ffa0ed7362389247a,True,11時間前,2026-09-30 05:19:30,大阪府
完全在宅／未経験可／問い合わせ窓口／年休125日以上新着,...経験不問/未経験者活躍中・第二新卒活躍中資格不問/無資格歓迎・ブランク歓迎・学歴不問ハローワークでお探しの方も歓迎 先輩たちの前職をご紹介! 営業、事務、販売,大阪府,"月給24万7,400円",正社員,飲食,求人ボックス,https://xn--pckua2a7gp15o89zb.com/jbn/179ecde1586f9bf5782dac4c22d5d84c,True,12時間前,2026-09-30 05:19:31,大阪府
完全在宅／未経験可／カスタマーサポート／年休125日以上新着,...経験不問/未経験者活躍中・第二新卒活躍中資格不問/無資格歓迎・ブランク歓迎・学歴不問ハローワークでお探しの方も歓迎 先輩たちの前職をご紹介! 営業、事務、販売,大阪府,"月給23万5,800円",正社員,飲食,求人ボックス,https://xn--pckua2a7gp15o89zb.com/jbn/ec74dcdabbc8331063624d58b4a7be86,True,11時間前,2026-09-30 05:19:31,大阪府
「まだ間に合う!」未経験採用枠／製造工場での軽作業・カプセルトイ／寮・社宅・家賃補助あり新着,AQUARIUS株式会社,大阪府,月給28万円～50万円,正社員,飲食,求人ボックス,https://xn--pckua2a7gp15o89zb.com/jbn/02ce4e0504e0f4fb68320bb28369eea3,True,11時間前,2026-09-30 05:19:31,大阪府
オフィスワークデビュー歓迎／簡単データ入力メインの事務職／土日祝休み新着,[多様なバックグラウンドを持つ仲間]現在活躍している,大阪府,"月給22万6,000円",正社員,飲食,求人ボックス,https://xn--pckua2a7gp15o89zb.com/jbn/db6a0c1ad03a91bfd686b968c7dbe0f8,True,3時間前,2026-09-30 05:19:31,大阪府
未経験歓迎の一般事務。安定の正社員採用新着,[多様なバックグラウンドを持つ仲間]現在活躍している,大阪府,月給20万円～50万円,正社員,飲食,求人ボックス,https://xn--pckua2a7gp15o89zb.com/jbn/af1b06c5d9aba5aa9bc5d09528582198,True,3時間前,2026-09-30 05:19:31,大阪府
PC入力メイン「電話対応少なめ」の事務職／未経験OK／コツコツ作業で残業なし／私服・ネイル自由新着,[多様なバックグラウンドを持つ仲間]現在活躍している,大阪府,"月給22万6,000円",正社員,飲食,求人ボックス,https://xn--pckua2a7gp15o89zb.com/jbn/82ab53fd098ea4bf33af84af03a768c4,True,3時間前,2026-09-30 05:19:31,大阪府
「1分単位」で給与支給・サービス残業一切なし／安心して高収入を目指せる新着,[多様なバックグラウンドを持つ仲間]現在活躍している,大阪府,"月給22万5,000円",正社員,飲食,求人ボックス,https://xn--pckua2a7gp15o89zb.com/jbn/fe5f4b6c80d3d30873b58f53e97be4ee,True,2時間前,2026-09-30 05:19:31,大阪府
「腰を据えて働ける一般事務」書類まわりの事務／土日祝休みあり／帰る時間が読める／未経験からOK新着,スタッフ,大阪府,"月給26万5,000円",正社員,飲食,求人ボックス,https://xn--pckua2a7gp15o89zb.com/jbn/fe341eaeed4be03093f656e49ccf458f,True,7時間前,2026-09-30 05:19:33,大阪府
「無理なく続けられる働き方」入力まわりの事務／完全週休2日制／帰る時間が読める／未経験の方歓迎新着,スタッフ,大阪府,"月給24万7,000円",正社員,飲食,求人ボックス,https://xn--pckua2a7gp15o89zb.com/jbn/7d8c51c0653efd9077489f2c0c054bad,True,7時間前,2026-09-30 05:19:33,大阪府
「書類整理と入力の一般事務」事務サポート業務／カレンダー通り／定時上がりが基本／経験ゼロから可新着,スタッフ,大阪府,"月給24万1,000円",正社員,飲食,求人ボックス,https://xn--pckua2a7gp15o89zb.com/jbn/164887cae1ee997e831700e65928661b,True,6時間前,2026-09-30 05:19:33,大阪府
「事務で年収400万以上も可能」賞与4ヶ月分×土日祝休みの正社員事務新着,飲食,大阪府,"月給22万6,000円",正社員,飲食,求人ボックス,https://xn--pckua2a7gp15o89zb.com/jbn/5d107c5332f10704111418ee64230cf4,True,3時間前,2026-09-30 05:19:33,大阪府
「デスクワークデビュー歓迎」データ入力の事務／年間休日125日／残業は少なめ／学歴不問の募集新着,スタッフ,大阪府,"月給25万4,000円",正社員,飲食,求人ボックス,https://xn--pckua2a7gp15o89zb.com/jbn/05973cd2f5a9dc9ee5dfed4cb51f1ca3,True,7時間前,2026-09-30 05:19:33,大阪府
「原則定時あがり」残業なしの一般事務／土日祝休み・年休125日新着,スタッフ,大阪府,月給23万円～50万円,正社員,飲食,求人ボックス,https://xn--pckua2a7gp15o89zb.com/jbn/3174443d994b92a8351cf032b7d916f0,True,3時間前,2026-09-30 05:19:33,大阪府
「作業の範囲がはっきりした事務」書類まわりの事務／カレンダー通り／時間が読める／資格・経験不要新着,スタッフ,大阪府,"月給25万4,000円",正社員,飲食,求人ボックス,https://xn--pckua2a7gp15o89zb.com/jbn/87523bfa3fadbc6aa688511c57719710,True,7時間前,2026-09-30 05:19:33,大阪府
イベント運営スタッフ／未経験からイベント企画・運営のプロへ!新着,株式会社エースケータリング,大阪府,"月給26万4,000円",正社員,飲食,求人ボックス,https://xn--pckua2a7gp15o89zb.com/jbn/6c4e81492c2dc605a72858db39af243b,True,11時間前,2026-09-30 05:19:37,大阪府
「作業の範囲がはっきりした事務」オフィス系の事務／年間125日休み／残業は少なめ／未経験の方歓迎新着,スタッフ,大阪府,"月給26万6,000円",正社員,飲食,求人ボックス,https://xn--pckua2a7gp15o89zb.com/jbn/5b281b8df8423b56cbbcea3f58d45d8e,True,6時間前,2026-09-30 05:19:37,大阪府
「書類整理と入力の一般事務」データ入力の事務／祝日もお休み／定時で帰れる／経験ゼロから可新着,スタッフ,大阪府,"月給25万9,000円",正社員,飲食,求人ボックス,https://xn--pckua2a7gp15o89zb.com/jbn/7eae741db825eee6a4b1e335a1a77bb3,True,7時間前,2026-09-30 05:19:37,大阪府
「事務デビューを応援します」一般事務の正社員／年間休日125日／残業は少なめ／資格・経験不要新着,スタッフ,大阪府,"月給24万3,000円",正社員,飲食,求人ボックス,https://xn--pckua2a7gp15o89zb.com/jbn/f2e6a5b9849f44bcc83b27d61104f2c1,True,7時間前,2026-09-30 05:19:37,大阪府
「事務デビューを応援します」一般事務の正社員／土日祝休みあり／時間が読める／未経験スタート可新着,スタッフ,大阪府,"月給25万2,000円",正社員,飲食,求人ボックス,https://xn--pckua2a7gp15o89zb.com/jbn/8d58ab707d815c385ca537baf2a97e3f,True,6時間前,2026-09-30 05:19:37,大阪府
「無理のない働き方で長く続けやすい」／ゲームデバッガー／残業少なめ／福利厚生充実／長期安定新着,株式会社SNJAPAN,大阪府,月給27万円～34万円,正社員,飲食,求人ボックス,https://xn--pckua2a7gp15o89zb.com/jbn/38f162cee96c4c92e3e288d86e39ead4,True,17時間前,2026-09-30 05:19:37,大阪府
未経験・ブランクも歓迎／データ入力・受付事務／「新人を一人ぼっちにしない」安心のサポート新着,[多様なバックグラウンドを持つ仲間]現在活躍している,大阪府,"月給22万5,000円",正社員,飲食,求人ボックス,https://xn--pckua2a7gp15o89zb.com/jbn/06b6a083125c3d66367c8118d3d33bcf,True,2時間前,2026-09-30 05:19:37,大阪府
「自分らしく働ける」一般事務／おやつ休憩も、コーヒーを淹れる時間も自由新着,スタッフ,大阪府,"月給22万4,000円",正社員,飲食,求人ボックス,https://xn--pckua2a7gp15o89zb.com/jbn/729444456239e32c4d98460c7577b047,True,2時間前,2026-09-30 05:19:41,大阪府
「デスクワークデビュー歓迎」一般事務の正社員／休日は年125日／定時上がりが基本／未経験スタート可新着,スタッフ,大阪府,"月給26万1,000円",正社員,飲食,求人ボックス,https://xn--pckua2a7gp15o89zb.com/jbn/e5c590e15575fec7424b5e9140bcc1d1,True,7時間前,2026-09-30 05:19:41,大阪府
海鮮丼屋さんでのホールスタッフ新着,海鮮居酒屋 魚秀 堺東店,大阪府,"時給1,300円～1,625円",アルバイト・パート,飲食,求人ボックス,https://xn--pckua2a7gp15o89zb.com/jb/2b6d8f875b8285558328b7aa8a5abefb,True,10時間前,2026-09-30 05:19:41,大阪府
「働きやすさを整えた事務職」書類まわりの事務／祝日もお休み／終業時間が一定／経験ゼロから可新着,スタッフ,大阪府,"月給26万6,000円",正社員,飲食,求人ボックス,https://xn--pckua2a7gp15o89zb.com/jbn/5c5cd4d2af9bf2ebd337a4e923bf9824,True,7時間前,2026-09-30 05:19:41,大阪府
「初日から迷わない一般事務」一般事務スタッフ／カレンダー通り／定時で帰れる／未経験の応募歓迎新着,スタッフ,大阪府,"月給26万2,000円",正社員,飲食,求人ボックス,https://xn--pckua2a7gp15o89zb.com/jbn/2591a3fc0e3803a8968e47ab0facf003,True,7時間前,2026-09-30 05:19:41,大阪府
モノづくりの知識一切不問!／パーツのチェック・仕分け担当／昇給年2回／未経験活躍新着,20代の,大阪府,月給28万円～40万円,正社員,飲食,求人ボックス,https://xn--pckua2a7gp15o89zb.com/jbn/09d4c5201e705ba2eb98fcbf367fcf04,True,11時間前,2026-09-30 05:19:41,大阪府
「未経験OK」／総務事務／ブランクOK／ボーナスあり「正社員」新着,...「そろそろ内勤のお仕事に挑戦したい」という方、大歓迎です。特別なPCスキルがなくても、タイピングなどの基礎から少しずつ慣れていける環境を整えています。<こんな先輩たちが活躍中>,大阪府,"月給21万5,500円",正社員,飲食,求人ボックス,https://xn--pckua2a7gp15o89zb.com/jbn/0dffb7cc37eba77daaa834a30103fa5d,True,2時間前,2026-09-30 05:19:41,大阪府
営業事務／充実の研修で安心スタート!／残業なし／高収入／産休・育休あり新着,これまでアパレル・,大阪府,"月給21万5,500円",正社員,飲食,求人ボックス,https://xn--pckua2a7gp15o89zb.com/jbn/1cf5f909ba5c890873bcbde9013299bd,True,3時間前,2026-09-30 05:19:41,大阪府
OA事務／ブランクOK／充実の研修で安心スタート!／バックオフィススタッフ新着,飲食・,大阪府,"月給21万5,500円",正社員,飲食,求人ボックス,https://xn--pckua2a7gp15o89zb.com/jbn/de598adb685db353d7cf78826f496501,True,3時間前,2026-09-30 05:19:45,大阪府
未経験可／研修充実／システムエンジニア新着,infront株式会社,大阪府,月給28万円～50万円,正社員,飲食,求人ボックス,https://xn--pckua2a7gp15o89zb.com/jbn/cf02740386fec2fe86c41058dc16ab08,True,11時間前,2026-09-30 05:19:45,大阪府
「福利厚生充実」／OA事務／データ管理／高収入「正社員」新着,<活躍できる人物像>・新しい知識を吸収する意欲がある方・周囲とのコミュニケーションを大切にできる方・ルールを守り、正確な作業を心がけられる方<歓迎する前職の経験>アパレル販売/,大阪府,"月給21万5,500円",正社員,飲食,求人ボックス,https://xn--pckua2a7gp15o89zb.com/jbn/ded222be6200b78cbf1ceffa188901e4,True,2時間前,2026-09-30 05:19:45,大阪府
「土日祝は完全オフ」連休もしっかり取れる正社員の一般事務新着,スタッフ,大阪府,"月給20万5,000円",正社員,飲食,求人ボックス,https://xn--pckua2a7gp15o89zb.com/jbn/4b708b0786f16b7ff32629381239030a,True,2時間前,2026-09-30 05:19:45,大阪府
ITサポート事務／ブランクOK／オフィススタッフ／充実の研修で安心スタート新着,飲食・,大阪府,"月給21万5,500円",正社員,飲食,求人ボックス,https://xn--pckua2a7gp15o89zb.com/jbn/630e260f2ee6c2b59bc43b0d1d88a1b6,True,2時間前,2026-09-30 05:19:45,大阪府
営業サポート事務／事務の仕事／ブランクOK／充実の研修で安心スタート新着,スタッフ,大阪府,"月給21万5,500円",正社員,飲食,求人ボックス,https://xn--pckua2a7gp15o89zb.com/jbn/5fac00a3b368c6c5097a8f093ce5028d,True,3時間前,2026-09-30 05:19:45,大阪府
「モノづくりが好き」それだけでOK!／パーツのチェック・仕分け担当／研修制度充実／未経験活躍新着,スタッフ,大阪府,月給28万円～40万円,正社員,飲食,求人ボックス,https://xn--pckua2a7gp15o89zb.com/jbn/c66163a399ab2431c00ea47421fa0dcd,True,11時間前,2026-09-30 05:19:49,大阪府
ピアス・ひげOK／個性を消さずに働ける一般事務スタッフ新着,飲食,大阪府,月給21万円～50万円,正社員,飲食,求人ボックス,https://xn--pckua2a7gp15o89zb.com/jbn/460ba9a06fb347a0823a231f114393e9,True,2時間前,2026-09-30 05:19:49,大阪府
事務・受付スタッフ／ブランクOK／充実の研修で安心スタート!／完全週休2日制／駅徒歩5分新着,<異業種からの転職者も活躍中!>アパレル販売、,大阪府,"月給21万5,500円",正社員,飲食,求人ボックス,https://xn--pckua2a7gp15o89zb.com/jbn/8df2df7e2d8c39632c4fcefb667ca4ae,True,2時間前,2026-09-30 05:19:49,大阪府
営業事務／充実の研修で安心スタート!／社会保険完備／事務職／土日祝休み新着,...「土日休みで自分の時間を作りたい」そんなあなたの新しいスタートを応援します!。: :。: :。経験や特別なスキルは一切必要ありません。学歴不問で20代・30代を中心に活躍中です!前職が,大阪府,"月給21万5,500円",正社員,飲食,求人ボックス,https://xn--pckua2a7gp15o89zb.com/jbn/9930afcdda0a2ee1463eb0c386a3f1f6,True,3時間前,2026-09-30 05:19:49,大阪府
「福利厚生充実」／総務事務／研修充実／ワークライフバランス充実「正社員」新着,...「そろそろ内勤のお仕事に挑戦したい」という方、大歓迎です。特別なPCスキルがなくても、タイピングなどの基礎から少しずつ慣れていける環境を整えています。<こんな先輩たちが活躍中>,大阪府,"月給21万5,500円",正社員,飲食,求人ボックス,https://xn--pckua2a7gp15o89zb.com/jbn/07bc6436c5f05f46d4e39e18bce6548d,True,2時間前,2026-09-30 05:19:49,大阪府
事務未経験の先輩が多数活躍中／まずはシングルタスクからあなたに合わせてお任せします／データ入力新着,飲食,大阪府,"月給21万5,000円",正社員,飲食,求人ボックス,https://xn--pckua2a7gp15o89zb.com/jbn/9aaf2249d488c07b8b442c7d6dde3aed,True,2時間前,2026-09-30 05:19:49,大阪府
「メリハリつけて働ける一般事務」帰宅後に仕事のことが頭をよぎらない新着,飲食,大阪府,月給23万円～50万円,正社員,飲食,求人ボックス,https://xn--pckua2a7gp15o89zb.com/jbn/c3e504f6680d78034d82409cb8ddee2c,True,2時間前,2026-09-30 05:19:49,大阪府
「Excelは開ければOK」関数を知らなくても始められる一般事務職／安心の研修・サポート制度新着,実際に現場では、元データ入力、アパレルショップ店員、,大阪府,"月給22万6,000円",正社員,飲食,求人ボックス,https://xn--pckua2a7gp15o89zb.com/jbn/6c2d34986cb7b8199808217431cf6714,True,3時間前,2026-09-30 05:19:52,大阪府
オフィスワーク／充実の研修で安心スタート!／完全週休2日制／未経験でも安心／残業なし新着,飲食・,大阪府,"月給21万5,500円",正社員,飲食,求人ボックス,https://xn--pckua2a7gp15o89zb.com/jbn/5288e9b61f405458bd383832d372a6b9,True,2時間前,2026-09-30 05:19:52,大阪府
「未経験歓迎」／OA事務／第二新卒歓迎／ワークライフバランス充実「正社員」新着,<活躍できる人物像>・新しい知識を吸収する意欲がある方・周囲とのコミュニケーションを大切にできる方・ルールを守り、正確な作業を心がけられる方<歓迎する前職の経験>アパレル販売/,大阪府,"月給21万5,500円",正社員,飲食,求人ボックス,https://xn--pckua2a7gp15o89zb.com/jbn/8446899c90226be144d533edba455a29,True,2時間前,2026-09-30 05:19:52,大阪府
OA事務／充実の研修で安心スタート!／受付・データ入力スタッフ／高給与新着,飲食・,大阪府,"月給21万5,500円",正社員,飲食,求人ボックス,https://xn--pckua2a7gp15o89zb.com/jbn/f7753c8b11388bfa02770382d0e7f9af,True,3時間前,2026-09-30 05:19:52,大阪府
総務事務／充実の研修で安心スタート!／未経験でも安心／コツコツ作業／高収入新着,...「土日休みで自分の時間を作りたい」そんなあなたの新しいスタートを応援します!。: :。: :。経験や特別なスキルは一切必要ありません。学歴不問で20代・30代を中心に活躍中です!前職が,大阪府,"月給21万5,500円",正社員,飲食,求人ボックス,https://xn--pckua2a7gp15o89zb.com/jbn/cee7e6c63dc73186138177dacbf821c3,True,3時間前,2026-09-30 05:19:52,大阪府
「モノづくりが好き」それだけでOK!／カプセル詰めのクオリティチェック／賞与年2回／未経験活躍新着,携帯ショップ店員、,大阪府,月給28万円～40万円,正社員,飲食,求人ボックス,https://xn--pckua2a7gp15o89zb.com/jbn/6f008039ad278b733e6988aa5c4c1ef8,True,11時間前,2026-09-30 05:19:52,大阪府
「福利厚生充実」／総務事務／研修充実／産休・育休あり「正社員」新着,<歓迎する前職の経験>アパレル販売/,大阪府,"月給21万5,500円",正社員,飲食,求人ボックス,https://xn--pckua2a7gp15o89zb.com/jbn/c0103ad0e5b0ed03e325c196b27ee5bd,True,2時間前,2026-09-30 05:19:52,大阪府
「福利厚生充実」／データ入力事務／WEB面接可能／経験者優遇「正社員」新着,<活躍できる人物像>・新しい知識を吸収する意欲がある方・周囲とのコミュニケーションを大切にできる方・ルールを守り、正確な作業を心がけられる方<歓迎する前職の経験>アパレル販売/,大阪府,"月給21万5,500円",正社員,飲食,求人ボックス,https://xn--pckua2a7gp15o89zb.com/jbn/a2c1189615a5b1c0d6a16a64673c6520,True,2時間前,2026-09-30 05:19:54,大阪府
「文字が入力できればOK」未経験から始める一般事務職／簡単なショートカットキーから教えます新着,飲食,大阪府,"月給22万3,000円",正社員,飲食,求人ボックス,https://xn--pckua2a7gp15o89zb.com/jbn/cf895e33d0dff8b6af2d2690b7a4ea8a,True,2時間前,2026-09-30 05:19:54,大阪府
OA事務／充実の研修で安心スタート!／WEB面接可能／受付・データ入力スタッフ新着,...「土日休みで自分の時間を作りたい」そんなあなたの新しいスタートを応援します!。: :。: :。経験や特別なスキルは一切必要ありません。学歴不問で20代・30代を中心に活躍中です!前職が,大阪府,"月給21万5,500円",正社員,飲食,求人ボックス,https://xn--pckua2a7gp15o89zb.com/jbn/734e1e90e9ecf21c31cd724c396d5833,True,3時間前,2026-09-30 05:19:54,大阪府
「残業少なめ」／営業サポート事務／交通費全額支給／ワークライフバランス充実「正社員」新着,<活躍できる人物像>・新しい知識を吸収する意欲がある方・周囲とのコミュニケーションを大切にできる方・ルールを守り、正確な作業を心がけられる方<歓迎する前職の経験>アパレル販売/,大阪府,"月給21万5,500円",正社員,飲食,求人ボックス,https://xn--pckua2a7gp15o89zb.com/jbn/8a951779c368947c23fee1e9ebaf86bd,True,2時間前,2026-09-30 05:19:54,大阪府
髪色・ネイル自由で「自分らしくリラックスして働く」一般事務新着,実際に現場では、元データ入力、アパレルショップ店員、,大阪府,"月給21万9,000円",正社員,飲食,求人ボックス,https://xn--pckua2a7gp15o89zb.com/jbn/4eb77c9cb3117ff997802db134bea2c5,True,3時間前,2026-09-30 05:19:54,大阪府
ITサポート事務／フリーター歓迎／高収入／充実の研修で安心スタート新着,...「土日休みで自分の時間を作りたい」そんなあなたの新しいスタートを応援します!。: :。: :。経験や特別なスキルは一切必要ありません。学歴不問で20代・30代を中心に活躍中です!前職が,大阪府,"月給21万5,500円",正社員,飲食,求人ボックス,https://xn--pckua2a7gp15o89zb.com/jbn/26f46c2ecb64f4f310d7a7485863deeb,True,2時間前,2026-09-30 05:19:54,大阪府
「年間休日125日以上」／事務スタッフ／研修充実／有給休暇あり「正社員」新着,...「そろそろ内勤のお仕事に挑戦したい」という方、大歓迎です。特別なPCスキルがなくても、タイピングなどの基礎から少しずつ慣れていける環境を整えています。<こんな先輩たちが活躍中>,大阪府,"月給21万5,500円",正社員,飲食,求人ボックス,https://xn--pckua2a7gp15o89zb.com/jbn/ca5ebc9d7630ac791a94f78a30b4c163,True,2時間前,2026-09-30 05:19:54,大阪府
モノづくりの知識一切不問!／製造アシスタント／資格取得支援あり／未経験活躍新着,スタッフ,大阪府,月給28万円～40万円,正社員,飲食,求人ボックス,https://xn--pckua2a7gp15o89zb.com/jbn/d3bc724b348df35d613e50e939792bcb,True,11時間前,2026-09-30 05:19:54,大阪府
簡単な作業ができればOK!／カプセルトイ製造スタッフ／昇給年2回／未経験活躍新着,スタッフ,大阪府,月給28万円～40万円,正社員,飲食,求人ボックス,https://xn--pckua2a7gp15o89zb.com/jbn/1266be16cb901f84e122c476447b07c5,True,11時間前,2026-09-30 05:19:58,大阪府
「残業ゼロ」定時1分後に駅のホームへ。土日休みの一般事務新着,スタッフ,大阪府,"月給22万6,000円",正社員,飲食,求人ボックス,https://xn--pckua2a7gp15o89zb.com/jbn/13c319adcf9d07a4a4b98a815a570847,True,2時間前,2026-09-30 05:19:58,大阪府
事務スタッフ／一般事務／20代活躍中／交通費全額支給／年間休日125日／賞与あり新着,ハローワーク等でデスクワークの仕事を探している方にもぴったりの環境です。,大阪府,"月給22万5,000円",正社員,飲食,求人ボックス,https://xn--pckua2a7gp15o89zb.com/jbn/5c292cc68fff1d1d4431125b986845fd,True,2時間前,2026-09-30 05:19:58,大阪府
「タイピング速度不問」定時退勤が普通の職場／未経験・復帰に安心のサポート体制でお待ちしています新着,実際に現場では、元データ入力、アパレルショップ店員、,大阪府,"月給21万9,000円",正社員,飲食,求人ボックス,https://xn--pckua2a7gp15o89zb.com/jbn/0369e7956455f6c626c47e57d2e82dbb,True,3時間前,2026-09-30 05:19:58,大阪府
「電話に出ない一般事務」まずは先輩の隣で入力作業。焦らなくていい新着,実際に現場では、元データ入力、アパレルショップ店員、,大阪府,月給23万円～50万円,正社員,飲食,求人ボックス,https://xn--pckua2a7gp15o89zb.com/jbn/ba88f70d7aeae32fdfcb3dc9042c1706,True,3時間前,2026-09-30 05:19:58,大阪府
ITサポート事務／充実の研修で安心スタート!／デスクワーク／WEB面接可能新着,飲食・,大阪府,"月給21万5,500円",正社員,飲食,求人ボックス,https://xn--pckua2a7gp15o89zb.com/jbn/7edfae4a57f4fdbddb86941ab877b637,True,2時間前,2026-09-30 05:19:58,大阪府
簡単な作業ができればOK!／カプセルトイ製造スタッフ／年間休日125日以上／未経験活躍新着,スタッフ,大阪府,月給28万円～40万円,正社員,飲食,求人ボックス,https://xn--pckua2a7gp15o89zb.com/jbn/5fc20ea979806a647887ec073857985e,True,11時間前,2026-09-30 05:19:58,大阪府
介護職／ヘルパー／春日部市豊町の介護付き有料老人ホーム／東北自動車道新着,セントスタッフ大宮支店,京都府,"月給23万3,500円",正社員,介護,求人ボックス,https://xn--pckua2a7gp15o89zb.com/jb/ecb8a839dfa98ca0a7f907cd6219bacf,True,6時間前,2026-09-30 05:19:35,京都府
訪問入浴／介護職／PMのみ／パナソニック エイジフリーケアセンターうず...新着,パナソニック エイジフリー株式会社,京都府,"時給1,460円～",アルバイト・パート,介護,求人ボックス,https://xn--pckua2a7gp15o89zb.com/jb/30354dfb68ee3b7981aa1bc6bc50a8b1,True,6時間前,2026-09-30 05:19:35,京都府
介護職／介護老人保健施設／徒歩5分／無料駐車場あり／子育て応援新着,医療法人清水会 介護老人保健施設 深草京しみず,京都府,"月給21万6,100円",正社員,介護,求人ボックス,https://xn--pckua2a7gp15o89zb.com/jb/97615e854ae69c74510e382570e317cd,True,18時間前,2026-09-30 05:19:36,京都府
介護職／グループホームの介護スタッフ新着,株式会社ケア21,京都府,"月給23万2,680円",正社員,介護,求人ボックス,https://xn--pckua2a7gp15o89zb.com/jb/1105f4ca151f662aa20b1e998f91d729,True,14時間前,2026-09-30 05:19:36,京都府
デイサービスの介護職／シフト制・半日可新着,株式会社ツクイ,京都府,月給20万円,正社員,介護,求人ボックス,https://xn--pckua2a7gp15o89zb.com/jb/ab64bfe6bd876704283505139b1dbded,True,14時間前,2026-09-30 05:19:36,京都府
介護職／デイサービス・デイケア新着,たのしいデイ やましな,京都府,"月給20万5,000円",正社員,介護,求人ボックス,https://xn--pckua2a7gp15o89zb.com/jb/052deabf5878d6669d618224f30ee4bb,True,2時間前,2026-09-30 05:19:36,京都府
介護職／デイサービス・デイケア新着,デイサービス ソラスト桂坂,京都府,"時給1,225円",アルバイト・パート,介護,求人ボックス,https://xn--pckua2a7gp15o89zb.com/jb/9a2aba89766430d6e3a701c63b76f65c,True,2時間前,2026-09-30 05:19:38,京都府
短期入所生活介護での介護職・ヘルパー／車通勤OK&通勤ガソリン代全額支...新着,株式会社プラス・ピボット,京都府,"時給1,650円～1,750円",派遣社員,介護,求人ボックス,https://xn--pckua2a7gp15o89zb.com/jb/28124d06469b8b2b896fe18a519bb9e9,True,8時間前,2026-09-30 05:19:38,京都府
介護職／グループホーム／ヒューマンライフケア山科グループホーム新着,ヒューマンライフケア株式会社,京都府,"月給23万9,000円",正社員,介護,求人ボックス,https://xn--pckua2a7gp15o89zb.com/jb/35247dff4023b2ee8f2f352dc30fec8c,True,4時間前,2026-09-30 05:19:40,京都府
介護職／介護老人保健施設新着,医療法人徳洲会 宇治徳洲苑,京都府,月給16万900円,正社員,介護,求人ボックス,https://xn--pckua2a7gp15o89zb.com/jb/bb00784ec283bf9fafd12018e6e0ae84,True,2時間前,2026-09-30 05:19:44,京都府
「京都」未経験OKの自動車製造スタッフ!パーツの組付や機械操作など新着,エヌエス・テック株式会社,京都府,月給26万円,正社員,介護,求人ボックス,https://xn--pckua2a7gp15o89zb.com/jb/e1379080c6e8fbc30aa777b4e8f8092c,True,2時間前,2026-09-30 05:19:49,京都府
医療事務／残業ほぼなし医療事務!未経験・無資格OK!定着率 !即日勤務可能新着,株式会社ルフト・メディカルケア,京都府,"時給1,400円",派遣社員,介護,求人ボックス,https://xn--pckua2a7gp15o89zb.com/jb/0d8052cb8889ac91f9e9ba7db2e84c19,True,22時間前,2026-09-30 05:19:52,京都府
事務・受付スタッフ／駅チカ／完全週休2日制／充実の研修で安心スタート新着,介護職,京都府,月給20万500円,正社員,介護,求人ボックス,https://xn--pckua2a7gp15o89zb.com/jbn/df6e0d539a4326dbd15d694b5220f2e4,True,2時間前,2026-09-30 05:19:52,京都府
OA事務／充実の研修で安心スタート!／ブランクOK／WEB面接可能／バックオフィススタッフ新着,介護職,京都府,"月給20万5,000円",正社員,介護,求人ボックス,https://xn--pckua2a7gp15o89zb.com/jbn/ff5afc3e35678b83cc28a16d9f23ff7a,True,3時間前,2026-09-30 05:19:55,京都府
「日常生活の見守り／看護」ブランクがある方も資格があれば大歓迎 家事・育児と両立しやすい勤務体制!新着,株式会社エイジエル,京都府,"月給32万4,370円",正社員,介護,求人ボックス,https://xn--pckua2a7gp15o89zb.com/jb/a82154022f4193ec243cccb6309abbb6,True,5時間前,2026-09-30 05:19:55,京都府
補助中心でOK 特養のケアワーカー／未経験OK新着,株式会社ウィルオブ・ワーク,京都府,"時給1,400円",派遣社員,介護,求人ボックス,https://xn--pckua2a7gp15o89zb.com/jb/a18a1681aab2750407fe8e0adba05169,True,20時間前,2026-09-30 05:19:58,京都府
食事・排泄介助なしのシニアフィットネス／土日休み・夜勤無し新着,株式会社ヤマウチ,京都府,"月給22万3,000円",正社員,介護,求人ボックス,https://xn--pckua2a7gp15o89zb.com/jb/39800ee207612cf01cfd5d95badc1a77,True,4時間前,2026-09-30 05:19:58,京都府
介護福祉士／産休・育休取得実績あり／シフト自由／大量募集／研修あり／安定企業新着,ホームケア土屋 京滋,京都府,"時給1,780円～1,850円",アルバイト・パート,介護,求人ボックス,https://xn--pckua2a7gp15o89zb.com/jbn/6d68fabe6e28f529a1cb5de45963026d,True,3時間前,2026-09-30 05:19:58,京都府
山科駅 需要のある福祉業界で介護デビュー 資格支援あり新着,株式会社コトリオ,京都府,"時給1,550円～2,187円",派遣社員,介護,求人ボックス,https://xn--pckua2a7gp15o89zb.com/jb/951452a5b7929f5a6bca8e97b2e1a380,True,14時間前,2026-09-30 05:20:01,京都府
保育士新着,ひかりだい保育所,京都府,"時給1,200円～1,380円",アルバイト・パート,保育,求人ボックス,https://xn--pckua2a7gp15o89zb.com/jb/3f75c147dd199e7fcbd8917c5dc861d9,True,4時間前,2026-09-30 05:20:02,京都府
保育士新着,放課後等デイサービスポコアポコ 田辺教室,京都府,"時給1,200円～1,800円",アルバイト・パート,保育,求人ボックス,https://xn--pckua2a7gp15o89zb.com/jb/f69b2f15cfbf9177618041687b6ade4d,True,4時間前,2026-09-30 05:20:02,京都府
保育士新着,照隅認定こども園,京都府,"時給1,122円",アルバイト・パート,保育,求人ボックス,https://xn--pckua2a7gp15o89zb.com/jb/d4d3d54399ecdac89b682bacba2723ff,True,4時間前,2026-09-30 05:20:02,京都府
児童発達支援での保育士新着,株式会社クラ・ゼミ コペルプラス木津教室,京都府,"月給27万5,000円",正社員,保育,求人ボックス,https://xn--pckua2a7gp15o89zb.com/jb/ca624a52dea568a42c659ef38e27d2e4,True,10時間前,2026-09-30 05:20:03,京都府
放課後デイサービスでの保育士新着,株式会社クラ・ゼミ コペルプラスジュニア松井山手...,京都府,"月給27万5,000円",正社員,保育,求人ボックス,https://xn--pckua2a7gp15o89zb.com/jb/7f60f944e3265016c6517b149249bc82,True,10時間前,2026-09-30 05:20:03,京都府
保育士新着,児童発達支援事業所 あおい湖のこどもサポートルー...,京都府,"時給1,200円",アルバイト・パート,保育,求人ボックス,https://xn--pckua2a7gp15o89zb.com/jb/f1fff0c4339f18fe87cbde37951e6904,True,4時間前,2026-09-30 05:20:03,京都府
放課後デイサービスでの保育士新着,株式会社クラ・ゼミ コペルプラスジュニア木津教室,京都府,"月給27万5,000円",正社員,保育,求人ボックス,https://xn--pckua2a7gp15o89zb.com/jb/7ab28b9faed229ec8154cb67ca14dfec,True,10時間前,2026-09-30 05:20:09,京都府
保育士新着,第二せいしん幼児園,京都府,"月給21万3,590円",正社員,保育,求人ボックス,https://xn--pckua2a7gp15o89zb.com/jb/51198ea2e5ad955006b45f0251a7b8bd,True,4時間前,2026-09-30 05:20:09,京都府
「歩合制なしで安定した収入が得られる美容師」／地域手当あり新着,QBハウスイオンモール高の原,京都府,月給28万円～45万,正社員,美容,求人ボックス,https://xn--pckua2a7gp15o89zb.com/jbn/47fb628fc07f82e3b17ee8092e9ce254,True,3時間前,2026-09-30 05:20:05,京都府
「ヘアカットに特化して活躍できる美容師」／ブランクOK／歩合制なし新着,QBハウスイオンモール北大路,京都府,月給28万円～45万,正社員,美容,求人ボックス,https://xn--pckua2a7gp15o89zb.com/jbn/9faf5fefe3726cca96e92e91e0868f73,True,3時間前,2026-09-30 05:20:05,京都府
月給30万～／未経験採用枠／研修充実／Tiktok運用エンジニア新着,ナナイロモバイル株式会社,京都府,月給30万～,正社員,美容,求人ボックス,https://xn--pckua2a7gp15o89zb.com/jbn/165ee13a7a897d06559fb661efbbaecb,True,11時間前,2026-09-30 05:20:05,京都府
「新生活デビュー応援!」未経験採用枠／カプセルトイ製造オペレーター／寮・社宅・家賃補助あり新着,Yts株式会社,京都府,月給28万円～50万円,正社員,美容,求人ボックス,https://xn--pckua2a7gp15o89zb.com/jbn/b6d0aeea069ffa5448dbda77a5784eaa,True,12時間前,2026-09-30 05:20:05,京都府
「まだ間に合う!」未経験採用枠／製造スタッフ・カプセルトイ／寮・社宅・家賃補助あり新着,株式会社小林,京都府,月給28万円～50万円,正社員,美容,求人ボックス,https://xn--pckua2a7gp15o89zb.com/jbn/a0cb189d73b370cec89bb6c5549487c8,True,11時間前,2026-09-30 05:20:05,京都府
「新生活デビュー応援!」未経験採用枠／カプセルトイ製造オペレーター／プライベート充実新着,株式会社RIOT GROUP,京都府,月給28万円～50万円,正社員,美容,求人ボックス,https://xn--pckua2a7gp15o89zb.com/jbn/c6eb9d7e948b4e02ed6545d284252d3e,True,11時間前,2026-09-30 05:20:05,京都府
「ラストチャンス!」未経験採用枠／システムエンジニア／資格取得支援あり新着,株式会社alBee,京都府,"月給26万5,000円",正社員,美容,求人ボックス,https://xn--pckua2a7gp15o89zb.com/jbn/b5671daf4323f2cbc55f60b70baf0140,True,11時間前,2026-09-30 05:20:05,京都府
「新生活デビュー応援!」未経験採用枠／ガチャガチャ製造／年間休日125日以上新着,株式会社RIOT,京都府,月給28万円～50万円,正社員,美容,求人ボックス,https://xn--pckua2a7gp15o89zb.com/jbn/0278b23637bd1e32599341746abd9908,True,12時間前,2026-09-30 05:20:05,京都府
「未経験歓迎」／一般事務／ブランクOK／高給与「正社員」新着,...原則定時退社だからお仕事後のプライベートが超充実 ギスギスした雰囲気とは無縁の、何でも相談しやすい環境<元接客・販売スタッフが多数在籍!>コンビニ夜勤、ホテルフロント、居酒屋、アパレル、,京都府,月給20万500円,正社員,美容,求人ボックス,https://xn--pckua2a7gp15o89zb.com/jbn/9ddc6ca466abeb6b9a4d33571e657035,True,2時間前,2026-09-30 05:20:05,京都府
OA事務／駅チカ／土日祝休み／オシャレ自由／マニュアル完備／社会保険完備新着,「土日休みの友達と予定を合わせたい」そんなきっかけでのご応募も大歓迎です!第二新卒・既卒の方、フリーターからの社会人デビューも応援します。アパレル・カフェ・,京都府,月給20万500円,正社員,美容,求人ボックス,https://xn--pckua2a7gp15o89zb.com/jbn/187d776c6ba626ae09a0d5ff818df912,True,3時間前,2026-09-30 05:20:05,京都府
オフィスワーク／経験値不問／福利厚生充実／昇給賞与アリ／既卒歓迎／キャリアアップ可新着,美容師,京都府,月給21万円～50万円,正社員,美容,求人ボックス,https://xn--pckua2a7gp15o89zb.com/jbn/3a4fd8e10a71113e83b8782f25b970f7,True,2時間前,2026-09-30 05:20:05,京都府
「昇給・賞与あり」／事務・受付スタッフ／交通費全額支給／ワークライフバランス充実「正社員」新着,...チームメンバーのサポートにやりがいを感じる ワークライフバランスを整えたい接客・販売・飲食などのサービス業からオフィスワークへ切り替えたい方に最適!PCに触れる機会が少なかった元アパレルスタッフ,京都府,月給20万500円,正社員,美容,求人ボックス,https://xn--pckua2a7gp15o89zb.com/jbn/28e3f9d1e69d6ab951ae217c86f1be0d,True,2時間前,2026-09-30 05:20:05,京都府
「高収入」／IT事務／充実の研修で安心スタート!／ワークライフバランス充実／WEB面接可能新着,...原則定時退社だからお仕事後のプライベートが超充実 ギスギスした雰囲気とは無縁の、何でも相談しやすい環境<元接客・販売スタッフが多数在籍!>コンビニ夜勤、ホテルフロント、居酒屋、アパレル、,京都府,月給20万500円,正社員,美容,求人ボックス,https://xn--pckua2a7gp15o89zb.com/jbn/2552315edb8c83c7b85bf3864edf3cc3,True,2時間前,2026-09-30 05:20:05,京都府
毎年昇給で手取りUP／長く働くほど得をする一般事務スタッフ新着,...完全な未経験の方を対象とした採用を行っています。私たちが求めているのは、過去の経歴ではなく「これからこの仕事を通じて成長していきたい」という前向きな行動力です。現在活躍しているスタッフの前職も、,京都府,月給21万円～50万円,正社員,美容,求人ボックス,https://xn--pckua2a7gp15o89zb.com/jbn/70584b5fe8ee2f9f43b8ee97bbeab160,True,3時間前,2026-09-30 05:20:09,京都府
「答えが書いてある仕事」自分の判断で悩むシーンが無いから未経験でも始めやすい／若手活躍中の職場新着,...完全な未経験の方を対象とした採用を行っています。私たちが求めているのは、過去の経歴ではなく「これからこの仕事を通じて成長していきたい」という前向きな行動力です。現在活躍しているスタッフの前職も、,京都府,月給21万円～50万円,正社員,美容,求人ボックス,https://xn--pckua2a7gp15o89zb.com/jbn/21330a4421bf3ea253b11438035e5076,True,3時間前,2026-09-30 05:20:09,京都府
「趣味をスキルに」ゲームテスター・デバッグ／未経験歓迎／月収25万〜37万／研修充実／1新着,...20〜30代、未経験からキャリアを作りたい・共通の趣味を持つ仲間と楽しく働きたい 特別な準備は不要。履歴書より意欲を重視!あなたの「気づき」がゲームを面白くします <前職はバラバラです>,京都府,月給25万円～37万円,正社員,美容,求人ボックス,https://xn--pckua2a7gp15o89zb.com/jbn/f09644cb62b1b2de6b26edff24f3615e,True,5時間前,2026-09-30 05:20:09,京都府
受付・データ入力スタッフ／残業ほぼゼロ／駅チカ／転勤なし／既卒歓迎／安定収入新着,美容師,京都府,月給20万円～50万円,正社員,美容,求人ボックス,https://xn--pckua2a7gp15o89zb.com/jbn/a4b098b06c3a8f635a4d080a13cf9eca,True,3時間前,2026-09-30 05:20:09,京都府
オフィスワーク／残業ほぼゼロ／福利厚生充実／髪色自由／マニュアル完備／安定収入新着,美容師,京都府,月給21万円～50万円,正社員,美容,求人ボックス,https://xn--pckua2a7gp15o89zb.com/jbn/64e22897cd584445a20a5752e4995093,True,3時間前,2026-09-30 05:20:12,京都府
データ入力・事務／経験値不問／服装自由／昇給賞与アリ／既卒歓迎／キャリアアップ可新着,美容師,京都府,"月給22万6,000円",正社員,美容,求人ボックス,https://xn--pckua2a7gp15o89zb.com/jbn/dd3d7381cc9cdfb7b0b4d0f4e1c6e8a0,True,2時間前,2026-09-30 05:20:12,京都府
土日休月2回／未経験／月9日休／連休可能 プライベート充実サロン新着,株式会社Reve／まつ毛と眉毛の専門店アリュージ...,京都府,"月給23万4,800円",正社員,美容,求人ボックス,https://xn--pckua2a7gp15o89zb.com/jb/abc4fd600911b2cd3317f1534a8ca380,True,5時間前,2026-09-30 05:20:12,京都府
完全在宅のTikTokライバー新着,株式会社HYBRIDBANK,京都府,"時給2,000円～",アルバイト・パート,美容,求人ボックス,https://xn--pckua2a7gp15o89zb.com/jb/3dd3bfe5678d935572f527620b2c4cf2,True,15時間前,2026-09-30 05:20:12,京都府
「新生活デビュー応援!」未経験採用枠／カプセルトイ製造スタッフ／寮・社宅・家賃補助あり新着,NKY株式会社,京都府,月給28万円～50万円,正社員,美容,求人ボックス,https://xn--pckua2a7gp15o89zb.com/jb/7f825b8400ec26714627646595d0ba94,True,20時間前,2026-09-30 05:20:12,京都府
「まだ間に合う!」未経験採用枠／製造スタッフ・カプセルトイ／寮・社宅・家賃補助あり新着,株式会社ライトキャリア,京都府,月給28万円～50万円,正社員,美容,求人ボックス,https://xn--pckua2a7gp15o89zb.com/jb/814d1525c2852a51dc833206e8cbc5c6,True,20時間前,2026-09-30 05:20:12,京都府
「全国採用」完全リモートの電話占い師／占い経験者・接客経験者・ナイトワーク経験者活躍中新着,株式会社シエロ,京都府,月給10万円～70万円,,美容,求人ボックス,https://xn--pckua2a7gp15o89zb.com/jbn/4ddc05eda29e5bb773d2821e4b7095e9,True,3時間前,2026-09-30 05:20:15,京都府
「全国採用」完全リモートの電話占い師／占い経験者・接客経験者・ナイトワーク経験者活躍中新着,株式会社インスピ,京都府,月給10万円～50万円,,美容,求人ボックス,https://xn--pckua2a7gp15o89zb.com/jbn/a7d3206c8894774ce6e0c1a3a2651059,True,3時間前,2026-09-30 05:20:15,京都府
看護師／クリニック新着,京都駅まつたに乳腺・形成外科クリニック,京都府,月給32万円～35万円,正社員,美容,求人ボックス,https://xn--pckua2a7gp15o89zb.com/jb/9e13715f08a7e540ebbdde95acb34cf9,True,7時間前,2026-09-30 05:20:15,京都府
20.30代活躍中 おじいちゃんおばあちゃんの見守りスタッフ新着,株式会社ウィルオブ・ワーク,京都府,"時給1,400円",派遣社員,美容,求人ボックス,https://xn--pckua2a7gp15o89zb.com/jb/d50ccd8e4572cff516d885779b5251f3,True,20時間前,2026-09-30 05:20:15,京都府
調剤薬局での医療事務／経験歓迎／フリーターOK／交通費支給あり新着,医療事務,京都府,"月給19万7,000円",正社員,医療事務,求人ボックス,https://xn--pckua2a7gp15o89zb.com/jbn/0f04e3f757c52d4db9a3cfac5d087317,True,3時間前,2026-09-30 05:19:51,京都府
西大路駅スグ 未経験OKのデスクワーク 医療事務 日払い可新着,株式会社コトリオ,京都府,"時給1,200円～",派遣社員,医療事務,求人ボックス,https://xn--pckua2a7gp15o89zb.com/jb/3ff0901947de3cd27eaee282c3fe13cb,True,15時間前,2026-09-30 05:19:51,京都府
OA事務／シフト制／経験不問／社会保険完備／土日祝休み／マニュアル完備新着,事務,京都府,"月給20万5,000円",正社員,医療事務,求人ボックス,https://xn--pckua2a7gp15o89zb.com/jbn/584bfce38a8030629dfb48f747c80484,True,3時間前,2026-09-30 05:19:51,京都府
営業事務／充実の研修で安心スタート!／ブランクOK／事務正社員／交通費全額支給新着,事務,京都府,"月給20万5,000円",正社員,医療事務,求人ボックス,https://xn--pckua2a7gp15o89zb.com/jbn/0fdd52623513761878633aed8fc2925e,True,3時間前,2026-09-30 05:19:51,京都府
データ入力・事務／未経験でも安心／マニュアル完備／社会保険完備／駅チカ新着,一般,京都府,月給20万500円,正社員,医療事務,求人ボックス,https://xn--pckua2a7gp15o89zb.com/jbn/25f3951f6aa8f51ef1a6fd9054f68e87,True,3時間前,2026-09-30 05:19:51,京都府
営業事務／充実の研修で安心スタート!／ブランクOK／交通費全額支給／高収入新着,事務,京都府,"月給20万5,000円",正社員,医療事務,求人ボックス,https://xn--pckua2a7gp15o89zb.com/jbn/dd9a44949df6187bed5d3eb5616e9b76,True,3時間前,2026-09-30 05:19:51,京都府
営業サポート事務／採用強化中／完全週休2日制／充実の研修で安心スタート新着,事務,京都府,月給20万500円,正社員,医療事務,求人ボックス,https://xn--pckua2a7gp15o89zb.com/jbn/528f793cc12d967c6ac8b63e397aec20,True,3時間前,2026-09-30 05:19:51,京都府
OA事務／充実の研修で安心スタート!／残業なし／高収入／完全週休2日制新着,事務,京都府,月給20万500円,正社員,医療事務,求人ボックス,https://xn--pckua2a7gp15o89zb.com/jbn/c9231a9707d0f39882c78956c9e079de,True,3時間前,2026-09-30 05:19:51,京都府
スーツ不要・毎日私服通勤OK「いつもの自分のままで」背伸びせずに馴染める、若手活躍中のオフィスワーク新着,事務,京都府,月給21万円～50万円,正社員,医療事務,求人ボックス,https://xn--pckua2a7gp15o89zb.com/jbn/15c3411d3e2069a5d84766f29b50a656,True,3時間前,2026-09-30 05:19:51,京都府
ドラッグストアでの登録販売者／経験歓迎／フリーターOK／資格手当／シフト制／有給休暇新着,クリニック受付・,京都府,年収240万円～450万円,正社員,医療事務,求人ボックス,https://xn--pckua2a7gp15o89zb.com/jbn/01355f4c3290e89110c9fc1c0f585379,True,2時間前,2026-09-30 05:19:51,京都府
事務職／一般事務／年間休日125日以上／土日祝休み／未経験者も安心サポート／ネイル・ピアスOK新着,事務,京都府,月給21万円～50万円,正社員,医療事務,求人ボックス,https://xn--pckua2a7gp15o89zb.com/jbn/2e2cbd7d8ecde809e733d80d02645c0c,True,2時間前,2026-09-30 05:19:51,京都府
「自分らしく働ける」一般事務／おやつ休憩も、コーヒーを淹れる時間も自由新着,事務,京都府,月給21万円～50万円,正社員,医療事務,求人ボックス,https://xn--pckua2a7gp15o89zb.com/jbn/32c9b06382bc8d564d7d0435cbb53799,True,2時間前,2026-09-30 05:19:56,京都府
「未経験OK」／事務・受付スタッフ／交通費全額支給／高給与「正社員」新着,事務,京都府,月給20万500円,正社員,医療事務,求人ボックス,https://xn--pckua2a7gp15o89zb.com/jbn/8a2754a12f63e1d133d9f04ba8a767d4,True,2時間前,2026-09-30 05:19:56,京都府
ドラッグストアでの登録販売者／経験可能／フリーター／資格手当／シフト制／有給休暇あり新着,クリニック受付・,京都府,年収240万円～450万円,正社員,医療事務,求人ボックス,https://xn--pckua2a7gp15o89zb.com/jbn/43fd9547cda2fb7172e0afbbd243c4ce,True,2時間前,2026-09-30 05:19:56,京都府
「タイピング速度不問」定時退勤が普通の職場／未経験・復帰に安心のサポート体制でお待ちしています新着,事務,京都府,"月給22万4,000円",正社員,医療事務,求人ボックス,https://xn--pckua2a7gp15o89zb.com/jbn/6f8cf5767ba63b8f4fa39740ef517156,True,2時間前,2026-09-30 05:19:56,京都府
事務職／総務事務／産休・育休取得実績多数／駅近／20代女性活躍中／賞与・昇給あり新着,事務,京都府,月給21万円～50万円,正社員,医療事務,求人ボックス,https://xn--pckua2a7gp15o89zb.com/jbn/243693b99e90fac6f0c4850eb99c4625,True,2時間前,2026-09-30 05:19:56,京都府
受付事務・あたたかい雰囲気の職場・残業少なめ・第二新卒歓迎新着,事務,京都府,"月給25万7,400円",正社員,医療事務,求人ボックス,https://xn--pckua2a7gp15o89zb.com/jbn/abc2fdb782a6bfb6055f67561c7e896e,True,9時間前,2026-09-30 05:19:56,京都府
ドラッグストアでの登録販売者／経験者OK／フリーター／資格手当／シフト制／有給休暇あり新着,クリニック受付・,京都府,年収240万円～450万円,正社員,医療事務,求人ボックス,https://xn--pckua2a7gp15o89zb.com/jbn/aa5b9e2a0b1dd2507a2623e3cfeef823,True,2時間前,2026-09-30 05:19:56,京都府
「高収入」／IT事務／経験者優遇／事務スタッフ／充実の研修で安心スタート新着,事務,京都府,"月給20万5,000円",正社員,医療事務,求人ボックス,https://xn--pckua2a7gp15o89zb.com/jbn/f5502880cb425ce1ef22868e779e3203,True,2時間前,2026-09-30 05:19:59,京都府
受付事務・診療補助／クリニックの診療補助 急な休み相談OK!レセプト業務なし!シフトは要相談!新着,ふくだ眼科クリニック,京都府,"時給1,220円～1,400円",アルバイト・パート,医療事務,求人ボックス,https://xn--pckua2a7gp15o89zb.com/jb/0235247b212547e82229045076c681c4,True,7時間前,2026-09-30 05:19:59,京都府
営業事務・20代活躍中・研修制度充実・年間休日125日以上・京都市下京区七条通新着,事務,京都府,"月給24万8,900円",正社員,医療事務,求人ボックス,https://xn--pckua2a7gp15o89zb.com/jbn/db31c9fd6b8eb18c377ad6a4ffdd9e7b,True,9時間前,2026-09-30 05:19:59,京都府
午前診のみの受付スタッフ 電話応対なし新着,医療法人福耳会 京都駅前耳鼻咽喉科アレルギー科ク...,京都府,"時給1,250円～1,350円",アルバイト・パート,医療事務,求人ボックス,https://xn--pckua2a7gp15o89zb.com/jb/26484a7ae2b4674502fb32e4130de235,True,23時間前,2026-09-30 05:19:59,京都府
「月収30万円も実現可能!」／ゲームクリエイター／未経験OK／ゲームの素材をコツコツ仕上げるだけ新着,株式会社SNJAPAN,京都府,月給27万円～34万円,正社員,医療事務,求人ボックス,https://xn--pckua2a7gp15o89zb.com/jbn/c9df7c571be00a95929fc0cb992e034a,True,17時間前,2026-09-30 05:19:59,京都府
ゲームテスター／未経験OK／福利厚生充実／交通費支給／昇給制度あり新着,株式会社Tetote,京都府,月給27万円～34万円,正社員,医療事務,求人ボックス,https://xn--pckua2a7gp15o89zb.com/jbn/a69d765e1a1ba868ff084c767a432a7e,True,17時間前,2026-09-30 05:19:59,京都府
病院受付／20代~40代の方、活躍中 子育ても仕事も両立したい方大歓迎!新着,株式会社メディカル・プラネット,京都府,"時給1,122円",アルバイト・パート,医療事務,求人ボックス,https://xn--pckua2a7gp15o89zb.com/jb/b7beb59f4a94f2caf1f64d4467ec0d7e,True,7時間前,2026-09-30 05:20:02,京都府
「データを分析する仕事に興味がある方歓迎」／データサイエンティスト／未経験歓迎／研修制度充実新着,このお仕事の特徴一般,京都府,月給27万円～34万円,正社員,医療事務,求人ボックス,https://xn--pckua2a7gp15o89zb.com/jbn/db657172ab8c73c59d2d61bfa8194cea,True,17時間前,2026-09-30 05:20:02,京都府
「クリエイティブな仕事に挑戦したい方におすすめ」／ゲームクリエイター／未経験OK／サポート体制充実新着,このお仕事の特徴一般,京都府,月給27万円～34万円,正社員,医療事務,求人ボックス,https://xn--pckua2a7gp15o89zb.com/jbn/4d9d8d059e4a87e6889390bd623247ff,True,17時間前,2026-09-30 05:20:02,京都府
「月収30万円も可能!」／ゲームプログラマー／未経験OK／コードを入力して動きをチェックする作業新着,このお仕事の特徴一般,京都府,月給27万円～34万円,正社員,医療事務,求人ボックス,https://xn--pckua2a7gp15o89zb.com/jbn/6509748b843b2d757e27eec7337fd545,True,17時間前,2026-09-30 05:20:02,京都府
「月収30万円以上も目指せる!」／ゲームテスター／未経験歓迎／ゲームを繰り返し遊んで確認するお仕事新着,このお仕事の特徴一般,京都府,月給27万円～34万円,正社員,医療事務,求人ボックス,https://xn--pckua2a7gp15o89zb.com/jbn/a3c8f92c7b28716f709c0748d840062f,True,17時間前,2026-09-30 05:20:02,京都府
「男女ともにIT業界で新しいキャリアを!」／ITアドバイザー／未経験歓迎／研修制度充実／長期安定新着,このお仕事の特徴一般,京都府,月給27万円～34万円,正社員,医療事務,求人ボックス,https://xn--pckua2a7gp15o89zb.com/jbn/bbe970fdec97aeed8f9585b7f8980044,True,17時間前,2026-09-30 05:20:02,京都府
「若手からデータ分析のスキルを習得!」／データサイエンティスト／未経験OK／丁寧な研修あり新着,このお仕事の特徴一般,京都府,月給27万円～34万円,正社員,医療事務,求人ボックス,https://xn--pckua2a7gp15o89zb.com/jbn/da38cdd71a161b27edf8f77b63d5d65d,True,17時間前,2026-09-30 05:20:02,京都府
「月収30万円以上も可能!」／ゲームクリエイター／未経験OK／画面や素材をコツコツ仕上げる新着,このお仕事の特徴一般,京都府,月給27万円～34万円,正社員,医療事務,求人ボックス,https://xn--pckua2a7gp15o89zb.com/jbn/af21f627ce4546c0c1e02f506deeb955,True,17時間前,2026-09-30 05:20:02,京都府
「未経験からゲーム企画に携われる!」／ゲームプランナー／発想力を活かせる／土日祝休みもあり新着,このお仕事の特徴一般,京都府,月給27万円～34万円,正社員,医療事務,求人ボックス,https://xn--pckua2a7gp15o89zb.com/jbn/02dece0c649049d2792f328d6f70f7b1,True,17時間前,2026-09-30 05:20:02,京都府
「月収30万円以上も実現可能!」／ゲームプランナー／未経験OK／アイデアを出して内容を考える作業新着,このお仕事の特徴一般,京都府,月給27万円～34万円,正社員,医療事務,求人ボックス,https://xn--pckua2a7gp15o89zb.com/jbn/2af8df55411d0efcd69a5a269cfdde19,True,17時間前,2026-09-30 05:20:07,京都府
「若手からITの知識を身につけられる!」／ITアドバイザー／未経験OK／長期安定／20〜30代活躍中新着,このお仕事の特徴一般,京都府,月給27万円～34万円,正社員,医療事務,求人ボックス,https://xn--pckua2a7gp15o89zb.com/jbn/cb2f9289adf44db1906c80dc511aad3e,True,17時間前,2026-09-30 05:20:07,京都府
「アプリやゲームの動作確認が好きな方におすすめ」／アプリテスター／未経験OK／コツコツ作業新着,このお仕事の特徴一般,京都府,月給27万円～34万円,正社員,医療事務,求人ボックス,https://xn--pckua2a7gp15o89zb.com/jbn/8cd65593883c841f1ad37a666d5ac83f,True,17時間前,2026-09-30 05:20:07,京都府
「同世代の仲間とスキルを磨ける!」／ゲームプログラマー／未経験OK／長期安定／20〜30代活躍中新着,このお仕事の特徴一般,京都府,月給27万円～34万円,正社員,医療事務,求人ボックス,https://xn--pckua2a7gp15o89zb.com/jbn/06ac58eb55461cd5e2bce488560ffb71,True,17時間前,2026-09-30 05:20:07,京都府
ゲームプランナー／未経験歓迎／サポート体制充実／年間休日120日以上／長期勤務歓迎新着,このお仕事の特徴一般,京都府,月給27万円～34万円,正社員,医療事務,求人ボックス,https://xn--pckua2a7gp15o89zb.com/jbn/05404e6066da49b56364e0b1d36398b4,True,17時間前,2026-09-30 05:20:07,京都府
「未経験から数字を扱う仕事に挑戦!」／データサイエンティスト／分析の知識を身につけられる新着,このお仕事の特徴一般,京都府,月給27万円～34万円,正社員,医療事務,求人ボックス,https://xn--pckua2a7gp15o89zb.com/jbn/7c0b5ad3e3482abd74918e86aab28d87,True,17時間前,2026-09-30 05:20:07,京都府
「月収30万円も狙える!」／ゲームテスター／未経験歓迎／ゲームをジーっと見ながら違いを探すだけ新着,このお仕事の特徴一般,京都府,月給27万円～34万円,正社員,医療事務,求人ボックス,https://xn--pckua2a7gp15o89zb.com/jbn/9b6ea6895b59b391d1638ef91e767454,True,17時間前,2026-09-30 05:20:07,京都府
「若手メンバーと一緒に成長できる!」／ITアドバイザー／未経験歓迎／福利厚生充実／20〜30代活躍中新着,このお仕事の特徴一般,京都府,月給27万円～34万円,正社員,医療事務,求人ボックス,https://xn--pckua2a7gp15o89zb.com/jbn/bb92b94de014cef771a416b77fb97776,True,17時間前,2026-09-30 05:20:10,京都府
「スピード選考で新しい仕事へ!」／ゲームプログラマー／未経験OK／WEB面接対応／昇給制度あり新着,このお仕事の特徴一般,京都府,月給27万円～34万円,正社員,医療事務,求人ボックス,https://xn--pckua2a7gp15o89zb.com/jbn/8b65d1cfaa2c7833364b0e6972d3cd72,True,17時間前,2026-09-30 05:20:10,京都府
「最短でお仕事スタート!」／ゲームテスター／スピード選考／未経験OK／年間休日120日以上新着,このお仕事の特徴一般,京都府,月給27万円～34万円,正社員,医療事務,求人ボックス,https://xn--pckua2a7gp15o89zb.com/jbn/215477c56adba46d40518fa90e78c606,True,17時間前,2026-09-30 05:20:10,京都府
「月収30万円以上も可能!」／データサイエンティスト／未経験歓迎／数字を眺めてデータの変化を探すだけ新着,このお仕事の特徴一般,京都府,月給27万円～34万円,正社員,医療事務,求人ボックス,https://xn--pckua2a7gp15o89zb.com/jbn/6115803ee78efd20a81370ee2aa73483,True,17時間前,2026-09-30 05:20:10,京都府
「月収30万円以上も目指せる!」／ITアドバイザー／未経験OK／質問内容をサッと確認して案内するだけ新着,このお仕事の特徴一般,京都府,月給27万円～34万円,正社員,医療事務,求人ボックス,https://xn--pckua2a7gp15o89zb.com/jbn/fd237750ceb569f100a2f7005c7bd391,True,17時間前,2026-09-30 05:20:10,京都府
「月収30万円以上も狙える!」／ゲームテスター／未経験OK／ゲームを繰り返しプレイして違いを探す新着,このお仕事の特徴一般,京都府,月給27万円～34万円,正社員,医療事務,求人ボックス,https://xn--pckua2a7gp15o89zb.com/jbn/1479aa8dff3a5d4dc0a58a2a9276a7f4,True,17時間前,2026-09-30 05:20:10,京都府
「応募後スムーズに勤務開始!」／ゲームクリエイター／WEB面接対応／未経験歓迎／長期安定新着,このお仕事の特徴一般,京都府,月給27万円～34万円,正社員,医療事務,求人ボックス,https://xn--pckua2a7gp15o89zb.com/jbn/69113cd93d08b3cb9fef70057d5779fb,True,17時間前,2026-09-30 05:20:10,京都府
アプリテスター／未経験歓迎／シンプル業務／年間休日120日以上／研修充実新着,このお仕事の特徴一般,京都府,月給27万円～34万円,正社員,医療事務,求人ボックス,https://xn--pckua2a7gp15o89zb.com/jbn/21f12ad7f384339f38f6fd737faa151e,True,17時間前,2026-09-30 05:20:12,京都府
訪問歯科支援営業／急成長事業／フレックスタイム制／年休127日新着,株式会社デジタルクリエイト,京都府,年収400万円～600万円,正社員,医療事務,求人ボックス,https://xn--pckua2a7gp15o89zb.com/jb/cbcb4998d6ea05d796da94bcb1bacfcf,True,8時間前,2026-09-30 05:20:12,京都府
受付事務／今夏リニューアルOPEN!電子カルテ導入につき増員新着,つかもと眼科医院,京都府,"時給1,250円～",アルバイト・パート,医療事務,求人ボックス,https://xn--pckua2a7gp15o89zb.com/jb/9ed92f9e5756633cde74314cf7e8f310,True,14時間前,2026-09-30 05:20:12,京都府
一般事務新着,株式会社リクルートスタッフィング,京都府,"時給1,350円～",派遣社員,医療事務,求人ボックス,https://xn--pckua2a7gp15o89zb.com/jb/42f9437dba9727d9f9cf3a088c39a5ac,True,20時間前,2026-09-30 05:20:12,京都府
薬局事務 東証上場・福利厚生・残業ほぼ無し 処方せん受付～会計まで新着,株式会社スギ薬局,京都府,年収300万円～365万円,正社員,医療事務,求人ボックス,https://xn--pckua2a7gp15o89zb.com/jb/f1a14fb64df556cb2b0b88552a1cacfb,True,8時間前,2026-09-30 05:20:12,京都府
事務・受付事務「正社員」PC入力ができればOK／定時退社・PC入力業務／京都市下京区七条通新着,JHR株式会社,京都府,月給24万円～42万円,正社員,医療事務,求人ボックス,https://xn--pckua2a7gp15o89zb.com/jb/b777fd7a6f1c9b330aa4ffc9460564d0,True,20時間前,2026-09-30 05:20:12,京都府
食器洗いスタッフ新着,株式会社ティー・エス・ケー 京都久野病院,京都府,"時給1,125円～",アルバイト・パート,医療事務,求人ボックス,https://xn--pckua2a7gp15o89zb.com/jb/cbe4047f9f2fc9b955a4e81dc2da3dea,True,7時間前,2026-09-30 05:20:12,京都府
病院内の清掃スタッフ／清掃新着,株式会社ティー・エス・ケー 京都八幡病院,京都府,"時給1,125円",アルバイト・パート,医療事務,求人ボックス,https://xn--pckua2a7gp15o89zb.com/jb/d85b497dcb39c0cfff54f5b66c7eba95,True,7時間前,2026-09-30 05:20:16,京都府
病院内の清掃スタッフ／清掃新着,株式会社ティー・エス・ケー 新河端病院,京都府,"時給1,200円",アルバイト・パート,医療事務,求人ボックス,https://xn--pckua2a7gp15o89zb.com/jb/caaef87ea80cf6341b1d461a41655eec,True,7時間前,2026-09-30 05:20:16,京都府
病院内の清掃スタッフ／清掃新着,株式会社ティー・エス・ケー いわくら病院,京都府,"時給1,250円",アルバイト・パート,医療事務,求人ボックス,https://xn--pckua2a7gp15o89zb.com/jb/30531d38370d05ac09fd3a9f1ef515e5,True,7時間前,2026-09-30 05:20:16,京都府
老人ホームの清掃スタッフ／清掃新着,株式会社ティー・エス・ケー やすらぎの杜,京都府,"時給1,125円",アルバイト・パート,医療事務,求人ボックス,https://xn--pckua2a7gp15o89zb.com/jb/d9315f0c61c150caa8983aaae9dffe27,True,7時間前,2026-09-30 05:20:16,京都府
病院内の清掃スタッフ／清掃新着,株式会社ティー・エス・ケー 梨の里,京都府,"時給1,125円",アルバイト・パート,医療事務,求人ボックス,https://xn--pckua2a7gp15o89zb.com/jb/8c7b875971644c06b778b4dac1682d3e,True,7時間前,2026-09-30 05:20:16,京都府
病院内の清掃スタッフ／清掃新着,株式会社ティー・エス・ケー 宇治おうばく病院,京都府,"時給1,125円",アルバイト・パート,医療事務,求人ボックス,https://xn--pckua2a7gp15o89zb.com/jb/1f820afd3bfa8125518a97b6ab316310,True,7時間前,2026-09-30 05:20:16,京都府
病院内の清掃スタッフ／清掃新着,株式会社ティー・エス・ケー 北大路病院,京都府,"時給1,200円",アルバイト・パート,医療事務,求人ボックス,https://xn--pckua2a7gp15o89zb.com/jb/265d94eaa007bda8ddb1f0bcb83cf7a4,True,7時間前,2026-09-30 05:20:16,京都府
病院内の清掃スタッフ／清掃新着,株式会社ティー・エス・ケー 大島病院,京都府,"時給1,125円",アルバイト・パート,医療事務,求人ボックス,https://xn--pckua2a7gp15o89zb.com/jb/c8b170cdcfc4721d5c8d305ed1ab10cd,True,7時間前,2026-09-30 05:20:20,京都府
病院内の清掃スタッフ／清掃新着,株式会社ティー・エス・ケー 介護医療院 洛和ヴィ...,京都府,"時給1,125円",アルバイト・パート,医療事務,求人ボックス,https://xn--pckua2a7gp15o89zb.com/jb/2388c654cd0b1a342ef03011df0e7659,True,7時間前,2026-09-30 05:20:20,京都府
老人ホームの清掃スタッフ／清掃新着,株式会社ティー・エス・ケー フェアウインドきの,京都府,"時給1,200円",アルバイト・パート,医療事務,求人ボックス,https://xn--pckua2a7gp15o89zb.com/jb/a204b08608e6cd92d56cfc294b34cb36,True,7時間前,2026-09-30 05:20:20,京都府
学校・事務所・マンションの清掃スタッフ／清掃新着,株式会社ティー・エス・ケー 丸池藤井ビル,京都府,"日給4,700円",アルバイト・パート,医療事務,求人ボックス,https://xn--pckua2a7gp15o89zb.com/jb/976d880b77dea1fb8545be0e4d3aba4b,True,7時間前,2026-09-30 05:20:20,京都府
老人ホームの清掃スタッフ／清掃新着,株式会社ティー・エス・ケーとちのき,京都府,"時給1,125円",アルバイト・パート,医療事務,求人ボックス,https://xn--pckua2a7gp15o89zb.com/jb/c43534401b45111c8c474c4ec3fca53c,True,7時間前,2026-09-30 05:20:20,京都府
老人ホームの清掃スタッフ／清掃新着,株式会社ティー・エス・ケー わらく,京都府,"時給1,200円",アルバイト・パート,医療事務,求人ボックス,https://xn--pckua2a7gp15o89zb.com/jb/ec3a25c897443bd4d12582cbde358cc2,True,7時間前,2026-09-30 05:20:20,京都府
タクシー運転手「週3勤務」資格取得支援あり／月収40万円以上／安定収入／転職回数不問新着,...以下のような経験をお持ちの方は特に歓迎します。・軽貨物ドライバー・ルート配送スタッフ・宅配ドライバー・タクシー運転手・大型トラックドライバー・フォークリフトオペレーター・,京都府,"月給45万8,000円",正社員,建設,求人ボックス,https://xn--pckua2a7gp15o89zb.com/jbn/8ac5c78aaf87c4c4e2403da40b4b7f4c,True,13時間前,2026-09-30 05:20:12,京都府
「正社員」週3勤務のタクシードライバー／未経験者活躍中／年収500万円以上可能／土日祝休み取得可新着,建設・,京都府,"月給48万1,000円",正社員,建設,求人ボックス,https://xn--pckua2a7gp15o89zb.com/jbn/3f51caba50d7ab448ea1811960d1391d,True,14時間前,2026-09-30 05:20:12,京都府
「二種免許不要・週3勤務・タクシー運転手」研修あり／賞与あり／アルファード送迎新着,作業,京都府,月給48万400円,正社員,建設,求人ボックス,https://xn--pckua2a7gp15o89zb.com/jbn/02647f521898e2f570f954f0d0c38f6b,True,14時間前,2026-09-30 05:20:12,京都府
「VIP送迎もあり」夜勤タクシードライバー／年収600万円以上／賞与年2回新着,建設・,京都府,"月給46万1,200円",正社員,建設,求人ボックス,https://xn--pckua2a7gp15o89zb.com/jbn/d7abfb06b26030dad9e3cbba96cef9b6,True,13時間前,2026-09-30 05:20:12,京都府
タクシードライバー／週3勤務／学歴不問／1年目月収50万以上／賞与年2回新着,建設・,京都府,"月給45万8,000円",正社員,建設,求人ボックス,https://xn--pckua2a7gp15o89zb.com/jbn/b39ffbbaa81f2178d6649a95dcb1147b,True,13時間前,2026-09-30 05:20:12,京都府
夜勤タクシードライバー／未経験スタートOK／年2回のボーナス支給あり／資格取得支援制度あり新着,作業,京都府,"月給45万9,400円",正社員,建設,求人ボックス,https://xn--pckua2a7gp15o89zb.com/jbn/e16d48404c688e8fb9e97b692f3efc1a,True,13時間前,2026-09-30 05:20:12,京都府
「未経験歓迎」タクシードライバー／月収50万円以上可／退職金制度あり新着,...以下のような経験をお持ちの方は特に歓迎します。・軽貨物ドライバー・ルート配送スタッフ・宅配ドライバー・タクシー運転手・大型トラックドライバー・フォークリフトオペレーター・,京都府,"月給47万8,000円",正社員,建設,求人ボックス,https://xn--pckua2a7gp15o89zb.com/jbn/94fa2daa93812b6e0e0d3e5f7f3fe8a3,True,14時間前,2026-09-30 05:20:12,京都府
「夜勤で稼げる」タクシードライバー／普通免許のみOK／年収600万円以上可／賞与年2回新着,...以下のような経験をお持ちの方は特に歓迎します。・軽貨物ドライバー・ルート配送スタッフ・宅配ドライバー・タクシー運転手・大型トラックドライバー・フォークリフトオペレーター・,京都府,"月給47万8,000円",正社員,建設,求人ボックス,https://xn--pckua2a7gp15o89zb.com/jbn/71054fc33e14a1dac019b18b46302f9b,True,14時間前,2026-09-30 05:20:12,京都府
未経験からでもできる設備施工管理補助業務新着,京都テクニカル株式会社,京都府,月給25万円～51万,正社員,建設,求人ボックス,https://xn--pckua2a7gp15o89zb.com/jb/f8a7e079c263dd81dcee7501aca80019,True,5時間前,2026-09-30 05:20:12,京都府
建築プロジェクトマネジメント／最新テクノロジーを駆使して確固たる技術が身に付く!／完全未経験OK!新着,株式会社テクノプロ・コンストラクション,京都府,月給21万円～29万円,正社員,建設,求人ボックス,https://xn--pckua2a7gp15o89zb.com/jbn/f89a3ef143645d946ff953a2586b9fd8,True,11時間前,2026-09-30 05:20:12,京都府
舗装工事のモノレール仮設・撤去作業員新着,内田産業株式会社,京都府,月給18万円～22万円,正社員,建設,求人ボックス,https://xn--pckua2a7gp15o89zb.com/jb/6921a3b86eb5f0c99806e3362c3cf74d,True,5時間前,2026-09-30 05:20:12,京都府
経験が活かせる内装施工管理新着,株式会社コントラフト,京都府,月給30万円～50万円,正社員,建設,求人ボックス,https://xn--pckua2a7gp15o89zb.com/jb/8cdfba60508e599c3a46bc2e9e35eae5,True,5時間前,2026-09-30 05:20:12,京都府
未経験からできる現場作業員新着,株式会社サンロード京阪,京都府,"月給21万2,000円",正社員,建設,求人ボックス,https://xn--pckua2a7gp15o89zb.com/jb/62809ec184af92dc73bc0d557cf53c5f,True,5時間前,2026-09-30 05:20:12,京都府
経験が活かせる左官工事、とぎ出し、洗い出し工事の橋梁工事現場作業員新着,有限会社オカムラ,京都府,月給25万円～35万円,正社員,建設,求人ボックス,https://xn--pckua2a7gp15o89zb.com/jb/81a03d142e47e80fa2a24bee78bb6fb6,True,5時間前,2026-09-30 05:20:12,京都府
大手建設会社で施工管理新着,ヒューマンリソシア株式会社,京都府,"時給2,000円",派遣社員,建設,求人ボックス,https://xn--pckua2a7gp15o89zb.com/jb/284dad944de9f9f241181af7c8f4be58,True,8時間前,2026-09-30 05:20:12,京都府
電気工事士、施工管理・現場監督新着,株式会社フォーマーエンジニアリングサービス,京都府,月給21万円～32万円,正社員,建設,求人ボックス,https://xn--pckua2a7gp15o89zb.com/jb/933203d7ba88bdbfad3ae5a8a93608d4,True,2時間前,2026-09-30 05:20:12,京都府
経験が活かせる内装施工管理新着,株式会社コントラフト,京都府,月給30万円～50万円,正社員,建設,求人ボックス,https://xn--pckua2a7gp15o89zb.com/jb/553cc50a5264d34aadaf2454ef2f1728,True,5時間前,2026-09-30 05:20:12,京都府
「20~30代歓迎」オフィス一般事務／土日祝休み／寮社宅サポート新着,Yts株式会社,京都府,"月給31万3,600円",正社員,事務,求人ボックス,https://xn--pckua2a7gp15o89zb.com/jbn/e36ffb6462bf85d8d72307ca199d658a,True,10時間前,2026-09-30 05:20:18,京都府
未経験から始める一般事務／入力と資料整理／研修あり・資格取得支援新着,株式会社グローリー,京都府,"月給30万9,400円",正社員,事務,求人ボックス,https://xn--pckua2a7gp15o89zb.com/jbn/c46d53da128e6a642119e3942354b75f,True,6時間前,2026-09-30 05:20:18,京都府
一般事務／未経験歓迎／データ入力と書類作成から開始／土日祝休み新着,エンタイトルツーベース株式会社,京都府,月給31万円～45万円,正社員,事務,求人ボックス,https://xn--pckua2a7gp15o89zb.com/jbn/1b6a2f1b8abf895e7eda75b801c5c300,True,9時間前,2026-09-30 05:20:19,京都府
毎年昇給で手取りUP／長く働くほど得をする一般事務スタッフ新着,事務,京都府,月給21万円～50万円,正社員,事務,求人ボックス,https://xn--pckua2a7gp15o89zb.com/jbn/9b8e1e8e00ec24389c8fcb22e3136606,True,2時間前,2026-09-30 05:20:21,京都府
「自分らしく働ける」一般事務／おやつ休憩も、コーヒーを淹れる時間も自由新着,事務,京都府,"月給22万3,000円",正社員,事務,求人ボックス,https://xn--pckua2a7gp15o89zb.com/jbn/fcb76d7f9bce65c300dd5ee42da07721,True,2時間前,2026-09-30 05:20:24,京都府
「土日祝は完全オフ」連休もしっかり取れる正社員の一般事務新着,事務,京都府,月給21万円～50万円,正社員,事務,求人ボックス,https://xn--pckua2a7gp15o89zb.com/jbn/9d3ca691abc0692e3290362f427ea55d,True,2時間前,2026-09-30 05:20:24,京都府
事務職／一般事務／年間休日125日以上／土日祝休み／未経験者も安心サポ...新着,一般事務,京都府,"月給22万1,000円",正社員,事務,求人ボックス,https://xn--pckua2a7gp15o89zb.com/jbn/c78f64272ef4418b4c6b284701518c00,True,2時間前,2026-09-30 05:20:24,京都府
一般事務／書類作成・データ入力・営業サポート業務新着,TopField合同会社,京都府,年収300万円～400万円,正社員,事務,求人ボックス,https://xn--pckua2a7gp15o89zb.com/jb/3e33e19b42f3edb88373aff90ee720f5,True,11時間前,2026-09-30 05:20:27,京都府
27卒・新卒／一般事務／書類作成とデータ入力からスタート／研修あり新着,株式会社ELM,京都府,"月給25万7,000円",正社員,事務,求人ボックス,https://xn--pckua2a7gp15o89zb.com/jbn/99d05611cd91d791a224308736f6b04f,True,8時間前,2026-09-30 05:20:27,京都府
一般事務／データ入力・請求書作成などの事務サポート新着,あいあい株式会社,京都府,年収300万円～400万円,正社員,事務,求人ボックス,https://xn--pckua2a7gp15o89zb.com/jb/3f8718fb068094342294ca48d4cbb0d3,True,11時間前,2026-09-30 05:20:30,京都府
「残業ゼロ」定時1分後に駅のホームへ。土日休みの一般事務新着,事務,京都府,"月給22万5,000円",正社員,事務,求人ボックス,https://xn--pckua2a7gp15o89zb.com/jbn/a2674cdc36d5358837434e737fa097df,True,2時間前,2026-09-30 05:20:33,京都府
「メリハリつけて働ける一般事務」帰宅後に仕事のことが頭をよぎらない新着,事務,京都府,月給21万円～50万円,正社員,事務,求人ボックス,https://xn--pckua2a7gp15o89zb.com/jbn/c68378048604c212bf48d59622741b0b,True,2時間前,2026-09-30 05:20:33,京都府
PC入力できればOK!コツコツ進めるオフィスワーク／一般事務スタッフ新着,株式会社Le Lien,京都府,"月給26万5,400円",正社員,事務,求人ボックス,https://xn--pckua2a7gp15o89zb.com/jbn/8c24831792ae665d74265f774321b58e,True,9時間前,2026-09-30 05:20:33,京都府
「サポート中心の人気ポジション」／一般事務／服装自由度高め／人柄重視新着,一般事務,京都府,"月給25万9,100円",正社員,事務,求人ボックス,https://xn--pckua2a7gp15o89zb.com/jbn/0792181df94940020f496d1a4e0d4e08,True,10時間前,2026-09-30 05:20:36,京都府
安定企業で長く働く／一般事務／オフィスワーク／未経験歓迎／No.864新着,一般事務,京都府,月給26万円～29万,正社員,事務,求人ボックス,https://xn--pckua2a7gp15o89zb.com/jbn/8458a7adac99a4ab72f5b82d4c1cd893,True,14時間前,2026-09-30 05:20:38,京都府
一般事務スタッフ「正社員」働きやすい職場・育休あり・長く働ける職場新着,株式会社ELシステム,京都府,"月給26万9,600円",正社員,事務,求人ボックス,https://xn--pckua2a7gp15o89zb.com/jbn/9774715acfc23c4382a791858f275b71,True,10時間前,2026-09-30 05:20:38,京都府
「内勤で落ち着いて働ける仕事」／一般事務／残業少なめ／人柄重視新着,一般事務,京都府,"月給28万1,100円",正社員,事務,求人ボックス,https://xn--pckua2a7gp15o89zb.com/jbn/fe4b16cd0428ab8ef2d844f8e636bd5a,True,11時間前,2026-09-30 05:20:42,京都府
「オフィスデビュー歓迎」／一般事務／人柄重視／残業少なめ／チャット連絡...新着,一般事務,京都府,"月給27万9,900円",正社員,事務,求人ボックス,https://xn--pckua2a7gp15o89zb.com/jbn/9cf3e5109d71a3dd60e106c36584d1f3,True,10時間前,2026-09-30 05:20:42,京都府
ツクイの機能訓練指導員／週3～5日勤務可新着,株式会社ツクイ,京都府,"時給1,450円",アルバイト・パート,治療家,求人ボックス,https://xn--pckua2a7gp15o89zb.com/jb/30275148526296267a4152df3cbede80,True,14時間前,2026-09-30 05:20:44,京都府
経理事務／伝票入力・請求書管理から始めるバックオフィス業務新着,株式会社由いつ,京都府,年収300万円～400万円,正社員,経理,求人ボックス,https://xn--pckua2a7gp15o89zb.com/jb/697bc0c516c27d20aecf422c4bd6c79c,True,11時間前,2026-09-30 05:20:22,京都府
174. 経理事務業務 長期勤務歓迎新着,デルタエンジニアリング,京都府,"時給1,400円～1,540円",正社員,経理,求人ボックス,https://xn--pckua2a7gp15o89zb.com/jb/57e1ff468744c2d497a1555a2f2cbe87,True,9時間前,2026-09-30 05:20:22,京都府
「数字入力がメインの軽め事務」／経理事務／未経験95%／未経験歓迎新着,経理,京都府,"月給25万8,500円",正社員,経理,求人ボックス,https://xn--pckua2a7gp15o89zb.com/jbn/669b2d86bea33e09907c39277f85f392,True,13時間前,2026-09-30 05:20:23,京都府
「大手企業で数字入力中心のかんたん経理」／経理事務／未経験95%新着,経理,京都府,"月給26万4,500円",正社員,経理,求人ボックス,https://xn--pckua2a7gp15o89zb.com/jbn/728f82a5c6bb8ea4f1b51260e842798e,True,13時間前,2026-09-30 05:20:23,京都府
スピード選考で新生活へ／経理サポート事務／オフィスワーク／未経験歓迎新着,経理,京都府,月給27万円～29万,正社員,経理,求人ボックス,https://xn--pckua2a7gp15o89zb.com/jbn/d2fc3ac89336a7a5c669afdab14700e9,True,14時間前,2026-09-30 05:20:23,京都府
会計ソフト入力など経理事務サポート／四条烏丸にある本社 会計ソフト入力...新着,ソフトコム株式会社,京都府,"時給1,200円～1,250円",アルバイト・パート,経理,求人ボックス,https://xn--pckua2a7gp15o89zb.com/jb/87f055c0e5f696d494c949184cd93fd3,True,8時間前,2026-09-30 05:20:27,京都府
17:30まで↑TELなし こつこつルーティンの経理事務 伏見新着,事務・,京都府,"時給1,450円",派遣社員,経理,求人ボックス,https://xn--pckua2a7gp15o89zb.com/jb/4187806507486d722a2e2358c27ee36c,True,13時間前,2026-09-30 05:20:27,京都府
高時給1450円 経験少なめさんも歓迎!決算なし経理事務新着,マンパワーグループ株式会社,京都府,時給1450円,派遣社員,経理,求人ボックス,https://xn--pckua2a7gp15o89zb.com/jb/b3dfa50b8483f9c8c6ba142bc827080c,True,5時間前,2026-09-30 05:20:27,京都府
経理事務／土日祝お休み 基本18時終業 税理士事務所で税理士補助新着,株式会社スタッフサービス,京都府,"時給1,500円",派遣社員,経理,求人ボックス,https://xn--pckua2a7gp15o89zb.com/jb/f5ea8668b91ef7c9aebc7ae103ab9a8d,True,17時間前,2026-09-30 05:20:30,京都府
経理事務+ 一般事務新着,株式会社リクルートスタッフィング,京都府,"時給1,500円～",派遣社員,経理,求人ボックス,https://xn--pckua2a7gp15o89zb.com/jb/51807d6c95485c8f54b5a60241c1bfe8,True,20時間前,2026-09-30 05:20:30,京都府
経理・総務事務 仕分け業務からスタート 年休128日 最寄り5分新着,宮本電気工事株式会社,京都府,年収400万円～450万円,正社員,経理,求人ボックス,https://xn--pckua2a7gp15o89zb.com/jb/399eb34e46f6a316ad5347b5fbf5e2fd,True,9時間前,2026-09-30 05:20:34,京都府
「福利厚生充実」／事務スタッフ／学歴不問／ワークライフバランス充実「正社員」新着,事務,京都府,"月給20万5,000円",正社員,経理,求人ボックス,https://xn--pckua2a7gp15o89zb.com/jbn/f7cf13ff60c76c66cab7964116038f09,True,2時間前,2026-09-30 05:20:37,京都府
看護師のサポート／残業ほぼなし!選べる勤務時間!ブランクある方も歓迎高...新着,株式会社ルフト・メディカルケア,京都府,"時給1,500円",派遣社員,看護,求人ボックス,https://xn--pckua2a7gp15o89zb.com/jb/ca3629d174f9434c276c18f0b5e652af,True,22時間前,2026-09-30 05:20:34,京都府
デイサービス 看護師／パナソニック エイジフリーケアセンターうずまさ新着,パナソニック エイジフリー株式会社,京都府,"時給1,339円～1,442円",アルバイト・パート,看護,求人ボックス,https://xn--pckua2a7gp15o89zb.com/jb/0094d439b9855ab9150dfe7fca9ec2ea,True,6時間前,2026-09-30 05:20:34,京都府
「入居施設准看護師」経験・資格を活かしてキャリアアップ!ライフスタイル...新着,株式会社エイジエル,京都府,"月給26万6,727円",正社員,看護,求人ボックス,https://xn--pckua2a7gp15o89zb.com/jb/edc19386dbfe73c7e39ccf5ab11435df,True,5時間前,2026-09-30 05:20:34,京都府
訪問看護師・社会保険完備の職場で看護師／准看護師新着,訪問看護ステーションぽるた,京都府,月給28万円～45万円,正社員,看護,求人ボックス,https://xn--pckua2a7gp15o89zb.com/jb/90568e87dda25a9a90343ab22f288b1e,True,7時間前,2026-09-30 05:20:38,京都府
"看護師／正職員／クリニック／産休・育休制度あり, 駅徒歩5分以内,新着",看護,京都府,"月給34万6,800円",正社員,看護,求人ボックス,https://xn--pckua2a7gp15o89zb.com/jb/654383253f1f7218e1ca8fb90b6cfac4,True,13時間前,2026-09-30 05:20:43,京都府
社会保険完備の職場で看護師／准看護師新着,プレザングラン 京都下鴨,京都府,"月給28万7,071円",正社員,看護,求人ボックス,https://xn--pckua2a7gp15o89zb.com/jb/f14dcc891b8dec5e012e64b254d0ef4e,True,7時間前,2026-09-30 05:20:43,京都府
准看護師／デイサービス・デイケア新着,デイサービス ソラストじぞう,京都府,"時給1,685円",アルバイト・パート,看護,求人ボックス,https://xn--pckua2a7gp15o89zb.com/jb/4013e2020d12572b3af2acf33b4841da,True,7時間前,2026-09-30 05:20:47,京都府
動物看護師募集／経験者募集／安定の企業病院で働く新着,ペッツファースト株式会社,京都府,月給25万円～30万円,正社員,看護,求人ボックス,https://xn--pckua2a7gp15o89zb.com/jb/c24a2020cfa7b3338c2126ef6064bd67,True,14時間前,2026-09-30 05:20:47,京都府
正看護師／時給2100円 紹介予定派遣 地域密着型20名定員の特養で看...新着,株式会社スーパーナース,京都府,時給2100円,派遣社員,看護,求人ボックス,https://xn--pckua2a7gp15o89zb.com/jb/4b43e697bc16ad0c4cf86ecfafbe9214,True,15時間前,2026-09-30 05:20:50,京都府
正・准看護師／介護施設新着,株式会社メディカル・コンシェルジュ,京都府,"時給2,100円",派遣社員,看護,求人ボックス,https://xn--pckua2a7gp15o89zb.com/jb/63518e2848594434e877c03f1548ff88,True,10時間前,2026-09-30 05:20:54,京都府
"看護師／正職員／一般病院／産休・育休制度あり, 車通勤可,新着",看護,京都府,"月給29万2,000円",正社員,看護,求人ボックス,https://xn--pckua2a7gp15o89zb.com/jb/da7723e05a829911f9fd15ce7850535f,True,13時間前,2026-09-30 05:20:54,京都府
看護職／小規模多機能の看護師新着,株式会社ケア21,京都府,"時給1,607円～1,781円",アルバイト・パート,看護,求人ボックス,https://xn--pckua2a7gp15o89zb.com/jb/c090db4122c7aa18aa1864af91eeff97,True,14時間前,2026-09-30 05:20:54,京都府
"看護師／正職員／ケアミックス／産休・育休制度あり, 寮あり,新着",看護,京都府,"月給26万9,170円",正社員,看護,求人ボックス,https://xn--pckua2a7gp15o89zb.com/jb/444d4cb2499365667aa8ec711bde981f,True,13時間前,2026-09-30 05:20:58,京都府
デイサービスの看護師業務／日勤のみ新着,株式会社ツクイ,京都府,"時給1,547円",アルバイト・パート,看護,求人ボックス,https://xn--pckua2a7gp15o89zb.com/jb/741e03ddf6e045fafb62a5fd2ec1c659,True,14時間前,2026-09-30 05:20:58,京都府
看護師／有料老人ホーム新着,株式会社夢眠ホーム 介護付有料老人ホーム夢眠ひが...,京都府,月給22万円～24万,正社員,看護,求人ボックス,https://xn--pckua2a7gp15o89zb.com/jb/17e5f0d0ec8404001bdbf26199ab253e,True,7時間前,2026-09-30 05:21:01,京都府
看護師／介護老人保健施設新着,医療法人徳洲会 宇治徳洲苑,京都府,"月給20万9,400円",正社員,看護,求人ボックス,https://xn--pckua2a7gp15o89zb.com/jb/2cbc4b7704725b8e492f6bd8b5cd7e58,True,8時間前,2026-09-30 05:21:01,京都府
夜勤タクシードライバー／未経験スタートOK／年2回のボーナス支給あり新着,ドライバー,京都府,"月給45万9,600円",正社員,ドライバー,求人ボックス,https://xn--pckua2a7gp15o89zb.com/jbn/0d263626fcb816e87d626df308f7af25,True,13時間前,2026-09-30 05:20:45,京都府
「夜勤で稼げる」タクシードライバー／普通免許のみOK／年収600万円以...新着,ドライバー,京都府,"月給47万8,000円",正社員,ドライバー,求人ボックス,https://xn--pckua2a7gp15o89zb.com/jbn/764e0780bf7be723f049c8ba6239f9ef,True,14時間前,2026-09-30 05:20:45,京都府
人材ファーストな会社 未経験でも男女関係なく月収40万円以上～!日用雑貨の軽貨物配送ドライバー新着,株式会社RIMURU,京都府,月給38万円～60万円,,ドライバー,求人ボックス,https://xn--pckua2a7gp15o89zb.com/jb/acb31136854b84bbcde04644cfa3a5c5,True,11時間前,2026-09-30 05:20:45,京都府
未経験でも月収65万円以上!夢ある軽貨物ドライバー車貸し出しありですぐ...新着,齊藤美装株式会社,京都府,"月給35万4,510円",,ドライバー,求人ボックス,https://xn--pckua2a7gp15o89zb.com/jb/6b2c69945fbb72b23f44334a410dead2,True,9時間前,2026-09-30 05:20:45,京都府
「VIP送迎もあり」夜勤タクシードライバー／年収600万円以上新着,ドライバー,京都府,月給46万800円,正社員,ドライバー,求人ボックス,https://xn--pckua2a7gp15o89zb.com/jbn/146805665d8829fa55eb8863df0f098c,True,13時間前,2026-09-30 05:20:45,京都府
事業を支える配送・送迎ドライバー／未経験歓迎／普通免許があればOK新着,合同会社スマイルライフ,京都府,月給35万円～46万円,正社員,ドライバー,求人ボックス,https://xn--pckua2a7gp15o89zb.com/jb/435b63e225e2a14042bf4b362d5e037f,True,9時間前,2026-09-30 05:20:46,京都府
タクシードライバー／週3勤務／学歴不問／1年目月収50万以上新着,ドライバー,京都府,"月給45万8,000円",正社員,ドライバー,求人ボックス,https://xn--pckua2a7gp15o89zb.com/jbn/da432fdf251c360d2e9be86f2f694dc7,True,13時間前,2026-09-30 05:20:46,京都府
「未経験歓迎」タクシードライバー／月収50万円以上可／退職金制度あり新着,ドライバー,京都府,"月給47万8,000円",正社員,ドライバー,求人ボックス,https://xn--pckua2a7gp15o89zb.com/jbn/80291838ea40c5267a9376494ad14890,True,14時間前,2026-09-30 05:20:46,京都府
AT限定車で配送ドライバー軽い荷物をお届けします未経験でも男女関係なく...新着,株式会社FOOTBALL LIFE,京都府,月給30万円～70万円,正社員,ドライバー,求人ボックス,https://xn--pckua2a7gp15o89zb.com/jb/5fb2d460e24923dbfdfdf6ee9bbb65ba,True,11時間前,2026-09-30 05:20:46,京都府
八幡市拠点／大手宅配会社の宅配／軽貨物ドライバー新着,スズケン自動車合同会社,京都府,月給3万円～,,ドライバー,求人ボックス,https://xn--pckua2a7gp15o89zb.com/jb/3adbc6730823aebb6a152b53f6c4fd38,True,11時間前,2026-09-30 05:20:46,京都府
4t中型トラックドライバー 早朝3時～ 業界未経験可 店舗輸送新着,株式会社ヨコタエンタープライズ,京都府,月給31万円～33万,正社員,ドライバー,求人ボックス,https://xn--pckua2a7gp15o89zb.com/jb/d341fcccb4fecd8bb52965ff376cec7b,True,4時間前,2026-09-30 05:20:46,京都府
年収500万円以上狙える!働きやすさバツグンのオンラインショップの商品配送ドライバー新着,株式会社ムラセ,京都府,月給30万円～50万円,正社員,ドライバー,求人ボックス,https://xn--pckua2a7gp15o89zb.com/jb/b02b719ac0bf4d1b73348a6bfbdc9146,True,10時間前,2026-09-30 05:20:46,京都府
軽貨物ドライバー9割が未経験からスタート!月収30～65万円以上稼げる...新着,株式会社OFFICE M,京都府,"月給30万5,100円",,ドライバー,求人ボックス,https://xn--pckua2a7gp15o89zb.com/jb/2e4c6fb78a3c179d68f9a2bfcda0c37a,True,10時間前,2026-09-30 05:20:48,京都府
大型ドライバー新着,トナミ運輸株式会社,京都府,"月給39万4,000円",,ドライバー,求人ボックス,https://xn--pckua2a7gp15o89zb.com/jb/67040ceea5390a7b810ebeab659cb4ec,True,14時間前,2026-09-30 05:20:48,京都府
大型ドライバー新着,豊能運送株式会社／京都物流センター,京都府,月給30万円～40万円,,ドライバー,求人ボックス,https://xn--pckua2a7gp15o89zb.com/jb/dd094f077ef2f4ebe253b9edfc959928,True,14時間前,2026-09-30 05:20:48,京都府
介護タクシー／ドライバー募集、年齢不問新着,知的障害者デイサービスセンター あっぷ,京都府,"時給1,210円～1,240円",アルバイト・パート,ドライバー,求人ボックス,https://xn--pckua2a7gp15o89zb.com/jb/4a1df7239f233204820733a9dc60a13f,True,7時間前,2026-09-30 05:20:48,京都府
一般配送ドライバー／人力引越社 京都本社新着,株式会社キョウトプラス,京都府,月給32万円～40万円,正社員,ドライバー,求人ボックス,https://xn--pckua2a7gp15o89zb.com/jb/0c16d275d6021e463cc728877d742758,True,6時間前,2026-09-30 05:20:48,京都府
20種類以上案件がある多種多様なドライバー月収手取り50万円以上!新着,株式会社KFBOND,京都府,月給45万円～75万円,正社員,ドライバー,求人ボックス,https://xn--pckua2a7gp15o89zb.com/jb/0bcf72b6e1224344fc8162fbbd0d6f3f,True,11時間前,2026-09-30 05:20:48,京都府
未経験歓迎!年収500万円以上狙える配送ドライバー!片手で持てる荷物が...新着,関西発電機負荷試験株式会社,京都府,月給25万円～50万円,,ドライバー,求人ボックス,https://xn--pckua2a7gp15o89zb.com/jb/6d4b9cedd3f6af81bba03f21fae90655,True,9時間前,2026-09-30 05:20:48,京都府
軽四ドライバー 宅配ドライバー新着,佐川急便株式会社,京都府,"時給1,600円",アルバイト・パート,ドライバー,求人ボックス,https://xn--pckua2a7gp15o89zb.com/jb/8057652fcd6fa3ecb86afb04ed58527d,True,19時間前,2026-09-30 05:20:48,京都府
軽貨物の輸送ドライバー大募集中前職より平均年収150万円UP!新着,ツーアイリンク合同会社,京都府,月給30万円～50万円,正社員,ドライバー,求人ボックス,https://xn--pckua2a7gp15o89zb.com/jb/79469ea1e9e73379a97cc2478cc02e04,True,11時間前,2026-09-30 05:20:51,京都府
ドライバー・運転手、配達・配送・宅配便新着,株式会社関西丸和ロジスティクス,京都府,月給25万円～32万円,正社員,ドライバー,求人ボックス,https://xn--pckua2a7gp15o89zb.com/jb/5aebb2966ff4bfa3a85f462fc3312510,True,3時間前,2026-09-30 05:20:51,京都府
デイサービスの送迎ドライバー／週1～4日勤務可新着,株式会社ツクイ,京都府,"時給1,122円",アルバイト・パート,ドライバー,求人ボックス,https://xn--pckua2a7gp15o89zb.com/jb/998644f81c8d6b3ac0f9d1d091d64df4,True,14時間前,2026-09-30 05:20:51,京都府
「二種免許不要・週3勤務・タクシー運転手」研修あり／賞与あり／アルファード送迎新着,ドライバー,京都府,"月給47万9,300円",正社員,ドライバー,求人ボックス,https://xn--pckua2a7gp15o89zb.com/jbn/c03a4efab577c279d83cf1c986db8b65,True,14時間前,2026-09-30 05:20:51,京都府
「体を動かす仕事!」部品の取り付けや検査スタッフ／20代から30代活躍中!／日払いOK新着,株式会社日本ケイテム,京都府,"時給1,200円～",派遣社員,ドライバー,求人ボックス,https://xn--pckua2a7gp15o89zb.com/jbn/a41429b01d76f6c06ed039172ae2f09a,True,21時間前,2026-09-30 05:20:51,京都府
事務スタッフ新着,株式会社熊谷運輸,京都府,月給20万円～,正社員,ドライバー,求人ボックス,https://xn--pckua2a7gp15o89zb.com/jb/e0e2533a53770a883723c2e6f74044f5,True,23時間前,2026-09-30 05:20:53,京都府
時給1400円／日勤／部品取り付け・自分ペース／送迎バスあり新着,株式会社ニチギワールド,京都府,時給1400円,派遣社員,ドライバー,求人ボックス,https://xn--pckua2a7gp15o89zb.com/jb/230b41b61dd2418e897101e54138f4f8,True,13時間前,2026-09-30 05:20:53,京都府
月給30万～／未経験採用枠／研修充実／Tiktok運用エンジニア新着,ナナイロモバイル株式会社,京都府,月給30万～,正社員,ドライバー,求人ボックス,https://xn--pckua2a7gp15o89zb.com/jbn/1ca70b527a7b5223c13b1dc545c34dad,True,11時間前,2026-09-30 05:20:53,京都府
「未経験OK」／総務事務／第二新卒歓迎／高収入「正社員」新着,...将来的にリーダーや管理職を目指すことも可能です 。: :。: :。: :。 【対象となる方】ゼロから始める事務職キャリア経験がないからと諦める必要はありません!あなたの再スタートを応援します。<,京都府,月給20万500円,正社員,ドライバー,求人ボックス,https://xn--pckua2a7gp15o89zb.com/jbn/38c6b44593be09b30088056d5df924e7,True,2時間前,2026-09-30 05:20:53,京都府
製造スタッフ／未経験OK／月給30万円以上／寮費無料／モクモク単純作業／工場新着,株式会社MONOLITH,京都府,月給30万円,正社員,ドライバー,求人ボックス,https://xn--pckua2a7gp15o89zb.com/jbn/d4fb84fa02b07a80125c5b8dcb58b56c,True,2時間前,2026-09-30 05:20:53,京都府
ゲーミングチェア部品の製造／未経験歓迎／シンプル作業／長期安定／高待遇新着,株式会社SNJAPAN,京都府,月給30万円～50万円,正社員,ドライバー,求人ボックス,https://xn--pckua2a7gp15o89zb.com/jbn/18b25061ca5f267d94330471a06d0d27,True,15時間前,2026-09-30 05:20:55,京都府
従業員送迎スタッフ募集!学歴・経験不問／未経験歓迎新着,NexuS株式会社,京都府,月給35万円～,正社員,ドライバー,求人ボックス,https://xn--pckua2a7gp15o89zb.com/jb/d1f46ab54cd750696d6f51ca2bf1b9d0,True,11時間前,2026-09-30 05:20:55,京都府
食品保存容器の検査・梱包／日用品軽作業／未経験歓迎新着,株式会社Tetote,京都府,月給30万円～50万円,正社員,ドライバー,求人ボックス,https://xn--pckua2a7gp15o89zb.com/jbn/2f28608c7d815f2c06849e2234786f2a,True,14時間前,2026-09-30 05:20:55,京都府
ITサポート事務／充実の研修で安心スタート!／事務未経験OK／20代・30代活躍中新着,...仕事とプライベート、どちらも100%楽しみたい・電話対応やメール対応のスキルを身につけたい・安定企業で腰を据えて長く働きたい20代・30代の若手世代が活躍する活気ある職場です。前職が工場での製造,京都府,月給20万500円,正社員,ドライバー,求人ボックス,https://xn--pckua2a7gp15o89zb.com/jbn/b96c824a07cc5544a4a6a2b2f79f2099,True,2時間前,2026-09-30 05:20:55,京都府
特別なスキル一切不問!／製造アシスタント／賞与年2回／未経験活躍新着,株式会社GUM,京都府,"月給26万5,000円",正社員,ドライバー,求人ボックス,https://xn--pckua2a7gp15o89zb.com/jbn/e69943c24722bcd5166372c14736ac28,True,11時間前,2026-09-30 05:20:58,京都府
弁当配達スタッフ新着,株式会社ティー・エス・ケー,京都府,"時給1,122円",アルバイト・パート,ドライバー,求人ボックス,https://xn--pckua2a7gp15o89zb.com/jb/d9eb6c7c6ab6f751c5bfad98642c460a,True,15時間前,2026-09-30 05:20:58,京都府
自動車のカギのケース組立 一部座り作業あり／20代から40代活躍中／未経験歓迎!・日勤のみ新着,株式会社誰でもファクトリー,京都府,"時給1,450円～",アルバイト・パート,ドライバー,求人ボックス,https://xn--pckua2a7gp15o89zb.com/jb/54a9509d7d3de610bc2ee4bcb3f54b54,True,13時間前,2026-09-30 05:20:58,京都府
寮完備・寮費無料／月収30万以上可／コーヒーフィルターの検品・箱詰め／日勤／未経験歓迎／日払い新着,株式会社Braight JAPAN,京都府,月給28万円～33万円,正社員,ドライバー,求人ボックス,https://xn--pckua2a7gp15o89zb.com/jbn/59a459b7b73ac491be7cbfa0c1009777,True,6時間前,2026-09-30 05:20:58,京都府
小物部品のネジ締め／組み立て工程／寮付き新着,...部品を固定するために、指定箇所へネジを取り付けていきます。力仕事ではありません。決まった位置に、決まった本数を締めるだけ。  具体的な作業の流れ ・パーツを台にセット・ネジを配置・専用,京都府,"月給28万9,000円",正社員,ドライバー,求人ボックス,https://xn--pckua2a7gp15o89zb.com/jbn/c95d7e6d1318607e13e586b9213f361a,True,6時間前,2026-09-30 05:20:58,京都府
「未経験から始める組立ワーク」LED照明の組立・検査／未経験歓迎／寮完備／交代勤あり／研修あり新着,株式会社緑,京都府,月給32万円～40万円,正社員,ドライバー,求人ボックス,https://xn--pckua2a7gp15o89zb.com/jbn/6363e5ff0e2bee024198535a8deda29f,True,2時間前,2026-09-30 05:21:00,京都府
「未経験から安定勤務へ」／カードスリーブの梱包スタッフ／即入寮OK／長期安定／20~30代活躍中新着,株式会社Rasic,京都府,"月給34万5,000円",正社員,ドライバー,求人ボックス,https://xn--pckua2a7gp15o89zb.com/jbn/99f0f653140bd3fd34e1d93bd4b00a65,True,14時間前,2026-09-30 05:21:00,京都府
「未経験から始める組立ワーク」LED照明の組立・検査／未経験歓迎／寮完備／交代勤あり／研修あり新着,株式会社覇王樹,京都府,"月給31万5,000円",正社員,ドライバー,求人ボックス,https://xn--pckua2a7gp15o89zb.com/jbn/f7a16b310bcb1f4b8e304ba3bb9f6070,True,3時間前,2026-09-30 05:21:00,京都府
「未経験から始める組立ワーク」LED照明の組立・検査／未経験歓迎／寮完備／交代勤あり／研修あり新着,株式会社TOBLO,京都府,月給32万円～41万円,正社員,ドライバー,求人ボックス,https://xn--pckua2a7gp15o89zb.com/jbn/55740fb6502b05da8d8eb3a0a2f3c95b,True,3時間前,2026-09-30 05:21:00,京都府
簡単な作業ができればOK!／カプセルトイのチェックスタッフ／キャリア形成可能／未経験活躍新着,...ピッタリの職場環境です 難しい専門知識や経験は一切ナシ!分かりやすいマニュアルを完備しており最初は簡単な作業からスタートできます。20代のスタッフが中心となって活躍中!元事務、アパレル、飲食、,京都府,月給28万円～40万円,正社員,ドライバー,求人ボックス,https://xn--pckua2a7gp15o89zb.com/jbn/bf004c0c08222f2780d7d1313232d403,True,11時間前,2026-09-30 05:21:00,京都府
モクモク軽作業／アロマディフューザー部品の確認・包装業務／日勤／未経験OK／20~30代活躍中新着,...包装後の商品を指定の場所へ置くだけ ‍  作業はマニュアル通りの繰り返し 軽量部品のみで力仕事なし 落ち着いた環境でモクモク作業できます  未経験・異業種からも大歓迎/警備・清掃・軽作業・,京都府,月給30万円～35万円,正社員,ドライバー,求人ボックス,https://xn--pckua2a7gp15o89zb.com/jbn/e790b6fa02c70d00ee52cc9cd6cfd28d,True,7時間前,2026-09-30 05:21:04,京都府
テニスボールの検品・箱詰め作業／未経験OK／月収30万以上／見て入れるだけの簡単作業新着,...箱詰め後の商品を指定の場所へ置くだけ ‍  軽量商品で体への負担なし 作業は決まった手順の繰り返し モクモク進められる単純作業です  未経験・異業種からも大歓迎/警備・清掃・軽作業・,京都府,"月給28万5,000円",正社員,ドライバー,求人ボックス,https://xn--pckua2a7gp15o89zb.com/jbn/1af8c7ee35072676bd89d6fb5aa58f67,True,6時間前,2026-09-30 05:21:04,京都府
「未経験から製造職へ」／ワイヤレスイヤホン部品の製造／寮完備／高収入／20~30代活躍中新着,...手順通りに組み立て  完成品を指定の場所へ置くだけ  作業はマニュアル通りの繰り返し 力仕事はほとんどありません 未経験でも始めやすい環境です  未経験・異業種からも大歓迎/警備・清掃・軽作業・,京都府,"月給28万5,000円",正社員,ドライバー,求人ボックス,https://xn--pckua2a7gp15o89zb.com/jbn/588b5c16fe425444bc3a02fa893763c7,True,6時間前,2026-09-30 05:21:04,京都府
今すぐ稼ぎたい方へ／ゲーミングPCの組み立て・初期設定サポート／未経験歓迎／月収30万円以上新着,...「自作PCを作ってみたい」「ゲームやeスポーツが大好き」そんな方に最高の環境です! お仕事内容・LEDファンやグラフィックボードなどのパーツをPCケースに取り付ける・配線を綺麗にまとめて、電動,京都府,"時給1,370円～1,970円",アルバイト・パート,ドライバー,求人ボックス,https://xn--pckua2a7gp15o89zb.com/jbn/4d7e50af80063e1cc1a89fe467391544,True,12時間前,2026-09-30 05:21:04,京都府
アイマスクの検品・袋詰め／日用品工場／軽作業／日勤／未経験OK／簡単作業新着,...袋詰め後の商品を指定の場所へ置くだけ ‍  軽量商品で体への負担なし 作業はマニュアル通りの繰り返し 座り作業中心で落ち着いて働けます  未経験・異業種からも大歓迎/警備・清掃・軽作業・,京都府,月給33万円～38万円,正社員,ドライバー,求人ボックス,https://xn--pckua2a7gp15o89zb.com/jbn/9f2ab78168507b2cc104f8dd097cf870,True,6時間前,2026-09-30 05:21:04,京都府
マイペース派におすすめ／デザイナーズ家具・インテリア雑貨のパーツ組立／未経験歓迎／月収30万円以上新着,...おしゃれな木製ラックやモダンな照明器具を組み立てるお仕事です。「モノづくりが好き」「DIYに興味がある」そんな方にぴったりの、達成感のある職場です! お仕事内容・マニュアルを見ながら、簡単な木製,京都府,"時給1,400円～2,000円",アルバイト・パート,ドライバー,求人ボックス,https://xn--pckua2a7gp15o89zb.com/jbn/80fb2bd6f92cfaa612724054761e4ea9,True,13時間前,2026-09-30 05:21:04,京都府
はちみつボトルの検品・箱詰め業務／食品工場／軽作業／日勤／未経験歓迎／20~30代活躍中新着,...ラベルのズレ・浮きがないかを確認 問題なければ決められた数を箱に入れるだけ  扱うのは軽量ボトルのみ 力仕事・難しい作業なし 清潔な環境で安心して働けます  未経験・異業種からも大歓迎/警備・清,京都府,"月給31万5,000円",正社員,ドライバー,求人ボックス,https://xn--pckua2a7gp15o89zb.com/jbn/49480b817da5b7c7afefe85b6c665d4d,True,7時間前,2026-09-30 05:21:04,京都府
「未経験歓迎のシンプルワーク」／北欧雑貨の梱包スタッフ／赴任費支給／週休2日制／20~30代活躍中新着,...完成品を指定の場所へ置くだけ  作業はマニュアル通りの繰り返し 軽い商品中心で身体への負担少なめ 落ち着いた環境で作業できます  未経験・異業種からも大歓迎/警備・清掃・軽作業・,京都府,月給27万円～32万円,正社員,ドライバー,求人ボックス,https://xn--pckua2a7gp15o89zb.com/jbn/97c2f2b759b9da6b9c43ab126793c747,True,7時間前,2026-09-30 05:21:04,京都府
SDカードケースの検品・包装作業／未経験OK／月収30万以上／小型軽量でラクラク作業新着,...フタの開閉やはまり具合を確認 問題なければ袋や箱に入れて包装  小型・軽量製品のみ 力仕事・難しい判断は一切なし コツコツ集中して進められます  未経験・異業種からも大歓迎/警備・清掃・軽作業・,京都府,月給27万円～32万円,正社員,ドライバー,求人ボックス,https://xn--pckua2a7gp15o89zb.com/jbn/bf3b0723219eca8b5cf1d32fb0c3427a,True,7時間前,2026-09-30 05:21:07,京都府
モクモク作業／サングラスケースの検品・箱詰め／軽作業／日勤／20~30代活躍中新着,...箱詰め後の商品を指定の場所へ置くだけ ‍  軽量商品のみで力仕事なし 作業はマニュアル通りの繰り返し モクモク集中して進められます  未経験・異業種からも大歓迎/警備・清掃・軽作業・,京都府,"月給31万5,000円",正社員,ドライバー,求人ボックス,https://xn--pckua2a7gp15o89zb.com/jbn/d39c60308d6224d29454c707156ca225,True,6時間前,2026-09-30 05:21:07,京都府
寮完備・寮費無料／月収30万以上可／チェキ用フィルムケースの検品／日勤／未経験OK／日払い新着,...問題なければ指定のトレーへ並べるだけ  小型・軽量製品のみ 力仕事・難しい工程は一切なし 落ち着いた環境でモクモク作業できます  未経験・異業種からも大歓迎/警備・清掃・軽作業・,京都府,月給30万円～35万円,正社員,ドライバー,求人ボックス,https://xn--pckua2a7gp15o89zb.com/jbn/dd91a3db11e4cc92a8ab1c6b7e6e13e3,True,6時間前,2026-09-30 05:21:07,京都府
日用品工場の軽作業／コーヒーフィルターの検品・箱詰め／日勤／未経験OK／20~30代活躍中新着,...箱詰め後の商品を指定の場所へ置くだけ ‍  軽量製品のみで力仕事なし 作業はマニュアル通りの繰り返し 落ち着いた環境でコツコツ進められます  未経験・異業種からも大歓迎/警備・清掃・軽作業・,京都府,"月給28万5,000円",正社員,ドライバー,求人ボックス,https://xn--pckua2a7gp15o89zb.com/jbn/d36a2cb6e1b0ef644d0be0a83dcb763a,True,7時間前,2026-09-30 05:21:07,京都府
寮完備・寮費無料／月収30万以上可／ノベルティグッズの検品・パッケージ業務／日勤／未経験歓迎／日払い新着,...完成品を指定の場所へ置くだけ ‍  軽量アイテム中心で力仕事なし 作業はマニュアル通りの繰り返し いろいろな商品を扱うので飽きにくい  未経験・異業種からも大歓迎/警備・清掃・軽作業・,京都府,月給27万円～32万円,正社員,ドライバー,求人ボックス,https://xn--pckua2a7gp15o89zb.com/jbn/b1dd28076218953a155244fcabda5774,True,6時間前,2026-09-30 05:21:07,京都府
警備員募集 未経験者歓迎 ～若手からシニアまで活躍中～新着,株式会社トーホーセキュリティサービス,京都府,"時給1,125円～1,406円",契約社員,警備,求人ボックス,https://xn--pckua2a7gp15o89zb.com/jb/3467a63a5903da791eaa0d6aa744ca9c,True,10時間前,2026-09-30 05:20:53,京都府
病院内施設警備員新着,株式会社浄美社,京都府,"時給1,200円",アルバイト・パート,警備,求人ボックス,https://xn--pckua2a7gp15o89zb.com/jb/713de510294f4c3bf6ed81ff77703306,True,18時間前,2026-09-30 05:20:53,京都府
「愛知県勤務」交通誘導／待遇に自信あり／引っ越しサポートあり・日払い週払い可新着,セキュリティスタッフ株式会社,京都府,"日給9,500円",正社員,警備,求人ボックス,https://xn--pckua2a7gp15o89zb.com/jb/70585465783df11b39f52cc008c3afe5,True,4時間前,2026-09-30 05:20:53,京都府
受付スタッフ ビジネスホテル勤務新着,ホテルテトラ京都駅前,京都府,月給19万円～25万円,正社員,警備,求人ボックス,https://xn--pckua2a7gp15o89zb.com/jb/5cc3b273f63e6a850507f126b9929433,True,5時間前,2026-09-30 05:20:53,京都府
常駐セキュリティスタッフ新着,セコムジャスティック株式会社,京都府,"月給22万8,700円",正社員,警備,求人ボックス,https://xn--pckua2a7gp15o89zb.com/jb/e194300fbec4996f28ed7a6ee51de947,True,23時間前,2026-09-30 05:20:53,京都府
食品容器のカンタン作業スタッフ新着,未経験・異業種からも大歓迎/実際に,京都府,"月給25万1,500円",正社員,警備,求人ボックス,https://xn--pckua2a7gp15o89zb.com/jbn/32fcd2b21ad397c83ec82f274bf696d3,True,6時間前,2026-09-30 05:20:53,京都府
関西エリア限定／マンション管理フロント／財閥系不動産管理会社新着,管理員の労務管理 等 1人当たり担当する物件数は平均8～10棟となります。 物件戸数など規模によります。,京都府,年収450万円～549万円,正社員,警備,求人ボックス,https://xn--pckua2a7gp15o89zb.com/jb/be7a1173c8234cc7e1223f63b268c64e,True,17時間前,2026-09-30 05:20:53,京都府
老人ホームの清掃スタッフ新着,株式会社ティー・エス・ケー,京都府,"時給1,125円",アルバイト・パート,清掃,求人ボックス,https://xn--pckua2a7gp15o89zb.com/jb/3ca807fc5ebb3c7c1e40493993cd4a9f,True,15時間前,2026-09-30 05:21:10,京都府
レディースクリニック内清掃スタッフ新着,株式会社浄美社,京都府,"時給1,200円～1,250円",アルバイト・パート,清掃,求人ボックス,https://xn--pckua2a7gp15o89zb.com/jb/f2a872f01d2fc51d1849f6ebb3eb672f,True,18時間前,2026-09-30 05:21:10,京都府
「清掃スタッフ」前払い利用OK!応募はWEBで完結!時給1450円新着,株式会社LeafNxT,京都府,時給1450円,派遣社員,清掃,求人ボックス,https://xn--pckua2a7gp15o89zb.com/jb/89559630386c990da9c5aa09a43300d9,True,23時間前,2026-09-30 05:21:10,京都府
商業施設の清掃スタッフ新着,イオンディライトコネクト株式会社,京都府,"時給1,200円",アルバイト・パート,清掃,求人ボックス,https://xn--pckua2a7gp15o89zb.com/jb/6e2fb4104906d04aa1204b0555209d78,True,18時間前,2026-09-30 05:21:10,京都府
清掃スタッフ／残業ほぼなし!未経験OK新着,株式会社ルフト・メディカルケア,京都府,"時給1,600円",派遣社員,清掃,求人ボックス,https://xn--pckua2a7gp15o89zb.com/jb/dca73427e88fb741ee685f677e49558c,True,22時間前,2026-09-30 05:21:10,京都府
綺麗な老人ホームの清掃STAFF 日払い新着,株式会社コトリオ,京都府,"時給1,200円～",派遣社員,清掃,求人ボックス,https://xn--pckua2a7gp15o89zb.com/jb/47ecd25b2c8c93fce13e6ac6106e7852,True,15時間前,2026-09-30 05:21:10,京都府
病院内の清掃スタッフ／清掃新着,株式会社ティー・エス・ケー 八幡中央病院,京都府,"時給1,125円",アルバイト・パート,清掃,求人ボックス,https://xn--pckua2a7gp15o89zb.com/jb/48b24e1773e3a309044a010150112ae5,True,7時間前,2026-09-30 05:21:11,京都府
清掃スタッフ／清掃新着,株式会社ティー・エス・ケー ユキオー 工場清掃,京都府,"時給1,125円",アルバイト・パート,清掃,求人ボックス,https://xn--pckua2a7gp15o89zb.com/jb/1f664f8e82a0d0e548bad6d9613dbe41,True,7時間前,2026-09-30 05:21:14,京都府
オフィスの清掃スタッフ／清掃新着,株式会社マルキョウ商事,京都府,"時給1,300円",アルバイト・パート,清掃,求人ボックス,https://xn--pckua2a7gp15o89zb.com/jb/2a5b73a29832a3ab5065ac3b2eca57d3,True,7時間前,2026-09-30 05:21:14,京都府
老人ホームの清掃スタッフ／清掃新着,株式会社ティー・エス・ケー 花友しらかわ,京都府,"時給1,150円",アルバイト・パート,清掃,求人ボックス,https://xn--pckua2a7gp15o89zb.com/jb/dbf065ea58f3f12c9be7b01109abf829,True,7時間前,2026-09-30 05:21:16,京都府
病院内の清掃スタッフ／清掃新着,株式会社ティー・エス・ケー 田辺病院,京都府,"時給1,125円",アルバイト・パート,清掃,求人ボックス,https://xn--pckua2a7gp15o89zb.com/jb/611763ca6eea08f96d65711bee63b087,True,7時間前,2026-09-30 05:21:16,京都府
老人ホームの清掃スタッフ／清掃新着,株式会社ティー・エス・ケー 粟田デイサービスセン...,京都府,"時給1,150円",アルバイト・パート,清掃,求人ボックス,https://xn--pckua2a7gp15o89zb.com/jb/0c494e60247dbdf9f4bc7bc633c84e66,True,7時間前,2026-09-30 05:21:16,京都府
病院内の清掃スタッフ／清掃新着,株式会社ティー・エス・ケー 北山病院,京都府,"時給1,300円",アルバイト・パート,清掃,求人ボックス,https://xn--pckua2a7gp15o89zb.com/jb/0b16f1ef07ddd246bcc891a21e6fac63,True,7時間前,2026-09-30 05:21:16,京都府
老人ホームの清掃スタッフ／清掃新着,株式会社ティー・エス・ケー 特別養護老人ホーム ...,京都府,"時給1,125円",アルバイト・パート,清掃,求人ボックス,https://xn--pckua2a7gp15o89zb.com/jb/03d168241d44b4c3905591b4ea30cc1e,True,7時間前,2026-09-30 05:21:16,京都府
病院内の清掃スタッフ／清掃新着,株式会社ティー・エス・ケー 学研都市病院,京都府,"時給1,125円",アルバイト・パート,清掃,求人ボックス,https://xn--pckua2a7gp15o89zb.com/jb/eb0a9adebb71043fa17941ace322f20b,True,7時間前,2026-09-30 05:21:16,京都府
旅館・ホテルの清掃スタッフ／清掃新着,株式会社ティー・エス・ケー 三木半旅館,京都府,"時給1,250円",アルバイト・パート,清掃,求人ボックス,https://xn--pckua2a7gp15o89zb.com/jb/4dad264a6564e95315d5365a1739d30a,True,7時間前,2026-09-30 05:21:19,京都府
病院内の清掃スタッフ／清掃新着,株式会社ティー・エス・ケー 附属リハビリテーショ...,京都府,"時給1,125円",アルバイト・パート,清掃,求人ボックス,https://xn--pckua2a7gp15o89zb.com/jb/39ff2a405eb33d2b065ee0be2c6bf689,True,7時間前,2026-09-30 05:21:19,京都府
旅館・ホテルの清掃スタッフ／清掃新着,株式会社ティー・エス・ケー ホテル近江屋,京都府,"時給1,250円",アルバイト・パート,清掃,求人ボックス,https://xn--pckua2a7gp15o89zb.com/jb/d07bbed118768363f7a548afdbd0ca61,True,7時間前,2026-09-30 05:21:19,京都府
商業施設の清掃スタッフ／学歴不問／未経験OK／残業ほぼナシ新着,京都河原町ガーデン,京都府,"月給22万5,000円",正社員,清掃,求人ボックス,https://xn--pckua2a7gp15o89zb.com/jbn/f708e7203d74c49fce3401e82514504f,True,2時間前,2026-09-30 05:21:19,京都府
短期・単発／清掃スタッフ新着,株式会社フルキャスト,京都府,"時給1,500円",,清掃,求人ボックス,https://xn--pckua2a7gp15o89zb.com/jb/209ca140eb67bf1b5acf12a54c537b61,True,13時間前,2026-09-30 05:21:19,京都府
清掃スタッフ／～安定・安心の近鉄グループ～新着,近鉄ファシリティーズ株式会社,京都府,"時給1,190円",アルバイト・パート,清掃,求人ボックス,https://xn--pckua2a7gp15o89zb.com/jb/ed0f36a1170c9e1d8aa54a8b63fc6e6d,True,12時間前,2026-09-30 05:21:19,京都府
パブリック清掃スタッフ新着,ルートインジャパン株式会社,京都府,"時給1,150円",アルバイト・パート,清掃,求人ボックス,https://xn--pckua2a7gp15o89zb.com/jb/6ebc5af90636b974d88aaa74a93d1b5d,True,23時間前,2026-09-30 05:21:19,京都府
「未経験から正社員」受付スタッフ／受付や会議室の管理／月30万以上可／20代30代活躍中新着,スタッフ,京都府,"月給29万6,700円",正社員,清掃,求人ボックス,https://xn--pckua2a7gp15o89zb.com/jbn/d7519c652c5f293a85abb5963a38deb7,True,6時間前,2026-09-30 05:21:21,京都府
「未経験から正社員」受付スタッフ／来客の案内と電話応対／研修あり／第二新卒歓迎新着,Yts株式会社,京都府,"月給31万5,600円",正社員,清掃,求人ボックス,https://xn--pckua2a7gp15o89zb.com/jbn/51fb07ecc8aa4503eed8d90145a5a812,True,6時間前,2026-09-30 05:21:21,京都府
経験者必見／ボーナス年2回／住宅手当あり／交通費支給あり新着,京都加工蔬菜株式会社,京都府,月給35万円～,正社員,清掃,求人ボックス,https://xn--pckua2a7gp15o89zb.com/jb/58f14034dc2fa14b81423a074f9860ef,True,9時間前,2026-09-30 05:21:21,京都府
「未経験から正社員」ITサポート事務／IT機器の設定管理／土日祝休み／昇給年2回新着,株式会社RIOT,京都府,"月給31万4,200円",正社員,清掃,求人ボックス,https://xn--pckua2a7gp15o89zb.com/jbn/1891d64084a846977b12d8b2206f6685,True,6時間前,2026-09-30 05:21:21,京都府
「未経験から正社員」IT企業内事務／IT会社の総務・庶務／年間休日125日以上／第二新卒歓迎新着,株式会社グローリー,京都府,"月給29万3,100円",正社員,清掃,求人ボックス,https://xn--pckua2a7gp15o89zb.com/jbn/41d9391528f7cb428da471b227a60660,True,6時間前,2026-09-30 05:21:21,京都府
「未経験から正社員」ITサポート事務／システム利用の支援／第二新卒歓迎／昇給年2回新着,株式会社小林,京都府,"月給30万7,400円",正社員,清掃,求人ボックス,https://xn--pckua2a7gp15o89zb.com/jbn/8b1ee4478980cb05adee15513ca8ed2c,True,6時間前,2026-09-30 05:21:21,京都府
「未経験から正社員」一般事務スタッフ／郵便物管理や電話応対／昇給賞与あり／研修あり新着,株式会社RIOT GROUP,京都府,"月給32万4,000円",正社員,清掃,求人ボックス,https://xn--pckua2a7gp15o89zb.com/jbn/fbe27c99081b036c5481798aec728c32,True,6時間前,2026-09-30 05:21:25,京都府
「未経験から正社員」AI事務アシスタント／AI活用で業務効率化／年間休日125日以上／土日祝休み新着,スタッフ,京都府,"月給31万9,900円",正社員,清掃,求人ボックス,https://xn--pckua2a7gp15o89zb.com/jbn/3258be7c6265c8b75691ee4221ce737d,True,6時間前,2026-09-30 05:21:25,京都府
「未経験から正社員」データ入力事務／データ登録と確認／年間休日125日以上／昇給賞与あり新着,スタッフ,京都府,"月給29万1,800円",正社員,清掃,求人ボックス,https://xn--pckua2a7gp15o89zb.com/jbn/82f0f76517b2c81f80f745111994546b,True,6時間前,2026-09-30 05:21:25,京都府
「未経験から正社員」IT企業内事務／IT企業のバック業務／土日祝休み／20代30代活躍中新着,スタッフ,京都府,"月給29万1,500円",正社員,清掃,求人ボックス,https://xn--pckua2a7gp15o89zb.com/jbn/935f3f5c82eb49d6f99e235777453362,True,6時間前,2026-09-30 05:21:25,京都府
「未経験から正社員」一般事務スタッフ／伝票整理やデータ入力／20代30代活躍中／研修制度充実新着,スタッフ,京都府,"月給32万5,300円",正社員,清掃,求人ボックス,https://xn--pckua2a7gp15o89zb.com/jbn/9ee8f532feccd967bc1bc9cd87d281c6,True,6時間前,2026-09-30 05:21:25,京都府
「未経験から正社員」一般事務スタッフ／部署内のサポート全般／賞与年2回／土日祝休み新着,スタッフ,京都府,"月給31万7,000円",正社員,清掃,求人ボックス,https://xn--pckua2a7gp15o89zb.com/jbn/942fd8d56d4c342e3dea71df5a01a5e6,True,6時間前,2026-09-30 05:21:25,京都府
「未経験から正社員」営業事務／営業の書類作成支援／年間休日125日以上／月30万以上可新着,スタッフ,京都府,"月給31万7,400円",正社員,清掃,求人ボックス,https://xn--pckua2a7gp15o89zb.com/jbn/a1b340f4f273d59552ce8abc971d627c,True,6時間前,2026-09-30 05:21:27,京都府
金融機関の清掃新着,中信ビジネスサービス株式会社,京都府,"時給1,125円",アルバイト・パート,清掃,求人ボックス,https://xn--pckua2a7gp15o89zb.com/jb/933a1daefbeb836cdd4c1e60d727d736,True,22時間前,2026-09-30 05:21:27,京都府
扶養内／未経験からできる・寮の掃除／朝3時間だけ・週3～新着,株式会社G&G,京都府,"時給1,239円",派遣社員,清掃,求人ボックス,https://xn--pckua2a7gp15o89zb.com/jb/61b2a2f587b9cfd2dd52c9bdc354fae6,True,17時間前,2026-09-30 05:21:27,京都府
残業ほぼなし／昇給あり／産休・育休の実績あり／オフィスワークスタッフ新着,スタッフ,京都府,"年収203万5,000円",契約社員,清掃,求人ボックス,https://xn--pckua2a7gp15o89zb.com/jbn/12a56dbe9da925ccc1b4e2d499fc5069,True,17時間前,2026-09-30 05:21:27,京都府
研修制度あり／残業ほぼなし／即日勤務OK／学歴不問／オフィスワークスタッフ新着,スタッフ,京都府,"年収203万5,000円",契約社員,清掃,求人ボックス,https://xn--pckua2a7gp15o89zb.com/jbn/906a50453ff4af857f197a33d158a0ce,True,17時間前,2026-09-30 05:21:27,京都府
未経験からなれる梱包アシスタント／寮・社宅・家賃補助あり／資格取得支援あり新着,スタッフ,京都府,"月給29万3,000円",正社員,清掃,求人ボックス,https://xn--pckua2a7gp15o89zb.com/jbn/b3a2c492479e1a627eee7288a6e7c6a1,True,11時間前,2026-09-30 05:21:27,京都府
未経験からなれる梱包スタッフ／寮・社宅・家賃補助あり／資格取得支援あり新着,スタッフ,京都府,"月給25万3,000円",正社員,清掃,求人ボックス,https://xn--pckua2a7gp15o89zb.com/jbn/6733a307d2cc4e41bdec2849f23d86bb,True,11時間前,2026-09-30 05:21:31,京都府
週3日～／主婦さん中心に活躍中／クリーニング店の受付スタッフ新着,ぴいぷる丸太町御前店,京都府,"時給1,200円",アルバイト・パート,清掃,求人ボックス,https://xn--pckua2a7gp15o89zb.com/jbn/08b00dde0756bbab647684f2185848ef,True,22時間前,2026-09-30 05:21:31,京都府
派遣スタッフのサポート・管理／未経験歓迎／土日祝休み／京都サテライト Z新着,スタッフ,京都府,"年収203万5,000円",契約社員,清掃,求人ボックス,https://xn--pckua2a7gp15o89zb.com/jbn/3cd788b474710abaaa598ae284ab739b,True,17時間前,2026-09-30 05:21:31,京都府
未経験からなれる商品のチェック・梱包担当／寮・社宅・家賃補助あり／資格取得支援あり新着,スタッフ,京都府,"月給28万3,000円",正社員,清掃,求人ボックス,https://xn--pckua2a7gp15o89zb.com/jbn/e7d9395713821dbee4e4a7343b4b3007,True,11時間前,2026-09-30 05:21:31,京都府
未経験からなれる梱包のチェックスタッフ／寮・社宅・家賃補助あり／資格取得支援あり新着,スタッフ,京都府,"月給26万3,000円",正社員,清掃,求人ボックス,https://xn--pckua2a7gp15o89zb.com/jbn/0f88a635f31cd58610af4cacf71c932e,True,11時間前,2026-09-30 05:21:31,京都府
週3日～／主婦活躍中／17時～21時／クリーニング店の受付新着,ぴいぷる一乗寺店,京都府,"時給1,200円",アルバイト・パート,清掃,求人ボックス,https://xn--pckua2a7gp15o89zb.com/jbn/4a74ef848c2341e78ba247867e0287d9,True,22時間前,2026-09-30 05:21:31,京都府
「安定環境で長く働ける!」／検査スタッフ／資格不要／モクモク作業／未経験歓迎／20〜30代活躍中新着,株式会社Tetote,京都府,月給32万円～50万円,正社員,清掃,求人ボックス,https://xn--pckua2a7gp15o89zb.com/jbn/26f1641de861a6dc4f253a676ac69d8a,True,14時間前,2026-09-30 05:21:33,京都府
20代～40代の女性スタッフ活躍中!週2～!おせんべい専門店の接客販売!新着,株式会社アクトプラス大阪支社,京都府,"時給1,400円～1,450円",派遣社員,清掃,求人ボックス,https://xn--pckua2a7gp15o89zb.com/jb/a80a704a4a12718fb5c14ef1c1a4f16d,True,5時間前,2026-09-30 05:21:33,京都府
製造スタッフ／工場内作業／経験不問／安定勤務可新着,株式会社SNJAPAN,京都府,月給30万円～50万円,正社員,清掃,求人ボックス,https://xn--pckua2a7gp15o89zb.com/jbn/944b2e05804f555b652f7ee0ad51498a,True,15時間前,2026-09-30 05:21:33,京都府
出荷前準備のシール貼り軽作業新着,作業スペースの簡単な片付けや,京都府,月給26万円～32万,正社員,清掃,求人ボックス,https://xn--pckua2a7gp15o89zb.com/jbn/1aa935bdcb8b182a589a1fb223ce3a82,True,5時間前,2026-09-30 05:21:33,京都府
「レク運営／介護サポート」資格を活かして即戦力として活躍!ライフスタイルに合わせて働ける!新着,株式会社エイジエル,京都府,"時給1,313円",アルバイト・パート,清掃,求人ボックス,https://xn--pckua2a7gp15o89zb.com/jb/6ff5b7b47246c95209504188341745eb,True,5時間前,2026-09-30 05:21:33,京都府
アルコールスプレーの梱包新着,...軽い商品だから体力に自信がなくても安心! 研修もあるので、初めての方もすぐに活躍できます! 未経験・異業種からも大歓迎/実際に警備、製造、,京都府,"月給25万5,500円",正社員,清掃,求人ボックス,https://xn--pckua2a7gp15o89zb.com/jbn/d2b443836b361fa99bcde31585b9b637,True,5時間前,2026-09-30 05:21:33,京都府
京飴製造スタッフ新着,株式会社岩井製菓,京都府,月給24万円～,正社員,製造,求人ボックス,https://xn--pckua2a7gp15o89zb.com/jb/afb27f35f964b3a32275c8ea01d8e1f4,True,19時間前,2026-09-30 05:21:08,京都府
茶葉加工・製造スタッフ／加工機の操作・商品品質チェック／未経験から製造...新着,株式会社LOP,京都府,"月給33万6,000円",正社員,製造,求人ボックス,https://xn--pckua2a7gp15o89zb.com/jbn/4b2d2d2a8924727590f1566d8ea483c4,True,9時間前,2026-09-30 05:21:08,京都府
「27卒・新卒」製造スタッフ／ものづくりを基礎から学ぶ／土日祝休み新着,株式会社enrich technology,京都府,"月給24万8,100円",正社員,製造,求人ボックス,https://xn--pckua2a7gp15o89zb.com/jbn/7a9f9ac3ea43e93ffffeaa54ac6e3ed6,True,7時間前,2026-09-30 05:21:09,京都府
茶葉加工・製造スタッフ／加工機の操作・商品品質チェック／未経験から製造...新着,株式会社プロジェクトトリガー,京都府,"月給35万2,600円",正社員,製造,求人ボックス,https://xn--pckua2a7gp15o89zb.com/jbn/78a00cb042b8de97b896f8f6ae4e37a2,True,10時間前,2026-09-30 05:21:09,京都府
製造スタッフ「初めての工場勤務も歓迎」／未経験OK／昇給・賞与あり新着,株式会社Le Lien,京都府,月給34万円～60万円,正社員,製造,求人ボックス,https://xn--pckua2a7gp15o89zb.com/jbn/99f782b11b469cbb17c50ae1623a33ba,True,9時間前,2026-09-30 05:21:09,京都府
アニメ作品メディア製造スタッフ／Blu-rayの製造・品質管理新着,株式会社Meta Sales,京都府,"月給32万2,600円",正社員,製造,求人ボックス,https://xn--pckua2a7gp15o89zb.com/jbn/79dc97cd28c3fd49a2c494ccacb470cc,True,9時間前,2026-09-30 05:21:09,京都府
タグ付け出荷準備中心!／クレーンゲーム景品の企画製造スタッフ／学歴不問新着,製造,京都府,"月給37万2,500円",正社員,製造,求人ボックス,https://xn--pckua2a7gp15o89zb.com/jbn/13950285371354ba49e82e4f71900849,True,11時間前,2026-09-30 05:21:12,京都府
「20~30代活躍」ゲーミング家具製造スタッフ／チェアの組立・機能調整新着,株式会社窪田建築,京都府,月給33万200円,正社員,製造,求人ボックス,https://xn--pckua2a7gp15o89zb.com/jbn/a4693c7dfd4900ff6461e29c17d3404e,True,9時間前,2026-09-30 05:21:12,京都府
パチンコ台づくりに挑戦!／パチンコ台盤面の製造スタッフ／寮費無料新着,製造,京都府,"月給35万7,000円",正社員,製造,求人ボックス,https://xn--pckua2a7gp15o89zb.com/jbn/81c7f9733215f983291ca935082f7438,True,11時間前,2026-09-30 05:21:12,京都府
アニメ作品メディア製造スタッフ／Blu-rayの製造・品質管理新着,株式会社大斗,京都府,"月給35万1,300円",正社員,製造,求人ボックス,https://xn--pckua2a7gp15o89zb.com/jbn/b36eb10a0d4a863fc3f0b6a1ffdaaa44,True,10時間前,2026-09-30 05:21:15,京都府
光る盤面を作る仕事!／パチンコ台盤面の製造スタッフ／残業月10時間以内新着,製造,京都府,"月給35万7,000円",正社員,製造,求人ボックス,https://xn--pckua2a7gp15o89zb.com/jbn/8014a4503a125d9ba5b41955f9c732c6,True,11時間前,2026-09-30 05:21:19,京都府
カードゲーム業界を支える!／カードゲームグッズの製造スタッフ／学歴不問新着,製造,京都府,月給36万500円,正社員,製造,求人ボックス,https://xn--pckua2a7gp15o89zb.com/jbn/b15c131431b0ac13902c90d0a135fc77,True,11時間前,2026-09-30 05:21:19,京都府
「新生活デビュー応援!」未経験採用枠／製造スタッフ・カプセルトイ／寮新着,Yts株式会社,京都府,月給28万円～50万円,正社員,製造,求人ボックス,https://xn--pckua2a7gp15o89zb.com/jbn/664b0dff617b1597b671ce71de600370,True,12時間前,2026-09-30 05:21:19,京都府
「まだ間に合う!」未経験採用枠／製造スタッフ・カプセルトイ／研修充実新着,AQUARIUS株式会社,京都府,月給28万円～50万円,正社員,製造,求人ボックス,https://xn--pckua2a7gp15o89zb.com/jbn/0e567878ce38fb66ae2e432f7a8214ec,True,12時間前,2026-09-30 05:21:22,京都府
家電製品製造スタッフ／未経験歓迎／部品取付と動作確認／寮・社宅あり新着,株式会社グローリー,京都府,"月給29万3,200円",正社員,製造,求人ボックス,https://xn--pckua2a7gp15o89zb.com/jbn/e8ca499b3bfa58ca848d26a5b922b2c6,True,10時間前,2026-09-30 05:21:22,京都府
パソコン組立に挑戦!／パソコンの製造スタッフ／年間休日121日新着,製造,京都府,"月給38万3,500円",正社員,製造,求人ボックス,https://xn--pckua2a7gp15o89zb.com/jbn/20b704c4ca12bce0261caf50f73af7e1,True,11時間前,2026-09-30 05:21:26,京都府
「コツコツ検査作業!」ドライブチェーンの製造スタッフ／20代から30代...新着,株式会社日本ケイテム,京都府,"時給1,200円～",アルバイト・パート,製造,求人ボックス,https://xn--pckua2a7gp15o89zb.com/jbn/97990673d2695dfd2f24d40335fcc9f2,True,22時間前,2026-09-30 05:21:26,京都府
「未経験から正社員」スマホの製造スタッフ／スマホ部品の組み立て新着,株式会社RIOT GROUP,京都府,"月給30万4,600円",正社員,製造,求人ボックス,https://xn--pckua2a7gp15o89zb.com/jbn/df54936d6b9db7a72dac74a565c1a327,True,10時間前,2026-09-30 05:21:26,京都府
私生活も大切にできる／電動工具ケースの製造スタッフ／モノづくり新着,製造,京都府,月給30万円～46万,正社員,製造,求人ボックス,https://xn--pckua2a7gp15o89zb.com/jbn/d721d64108e5846414cfe43e6e606fd8,True,15時間前,2026-09-30 05:21:30,京都府
限定商品の製造スタッフ／製造補助・軽作業新着,製造,京都府,"月給35万1,000円",正社員,製造,求人ボックス,https://xn--pckua2a7gp15o89zb.com/jbn/88dc66a2f26c0c99fa8845dcf6f7fdce,True,7時間前,2026-09-30 05:21:30,京都府
サラダ製造スタッフ／食品製造補助・軽作業新着,製造,京都府,"月給42万7,000円",正社員,製造,求人ボックス,https://xn--pckua2a7gp15o89zb.com/jbn/79284415b157975ed66d5fbd9b79429b,True,7時間前,2026-09-30 05:21:30,京都府
未経験から安定スタート／検査キット用ケースの製造スタッフ／モノづくり新着,製造,京都府,"月給31万8,000円",正社員,製造,求人ボックス,https://xn--pckua2a7gp15o89zb.com/jbn/325b004762b0185f2953c1c6f81d4b18,True,15時間前,2026-09-30 05:21:30,京都府
「リップ製造スタッフ」コスメ商品の製造サポート新着,製造,京都府,月給36万円～42万,正社員,製造,求人ボックス,https://xn--pckua2a7gp15o89zb.com/jbn/ad0beb8fbe7393321bcd72ce2dfe0cf5,True,7時間前,2026-09-30 05:21:34,京都府
「ワンちゃん用お菓子製造スタッフ」ペット向けおやつの製造補助新着,製造,京都府,"月給38万5,000円",正社員,製造,求人ボックス,https://xn--pckua2a7gp15o89zb.com/jbn/52dfebf539a5dac98febda16634fd9d6,True,7時間前,2026-09-30 05:21:34,京都府
マカロン製造スタッフ 人気スイーツづくりを支える仕事新着,製造,京都府,"月給38万7,000円",正社員,製造,求人ボックス,https://xn--pckua2a7gp15o89zb.com/jbn/fc2512c81af07a01df0283f461e807ac,True,7時間前,2026-09-30 05:21:34,京都府
製造スタッフ／固定給30万ベース／コツコツ作業／検品／寮費無料／工場新着,スタッフ,京都府,月給30万円～34万円,正社員,製造,求人ボックス,https://xn--pckua2a7gp15o89zb.com/jbn/be1d75cd3c745a93663e0a49608b6e73,True,2時間前,2026-09-30 05:21:34,京都府
ベーカリー製造スタッフ パンづくりを支える製造補助新着,製造,京都府,"月給31万1,000円",正社員,製造,求人ボックス,https://xn--pckua2a7gp15o89zb.com/jbn/fdd8cb8c992d1358bd7b2905843122ee,True,7時間前,2026-09-30 05:21:37,京都府
新生活サポートあり／ワイヤレス充電器の製造スタッフ／モノづくり新着,製造,京都府,"月給34万3,000円",正社員,製造,求人ボックス,https://xn--pckua2a7gp15o89zb.com/jbn/ddf66ee29558be63fac7dc1dc3e9ff45,True,15時間前,2026-09-30 05:21:37,京都府
コツコツ派にぴったり／ミニスピーカーの製造スタッフ／高収入／未経験歓迎新着,製造,京都府,"月給31万8,000円",正社員,製造,求人ボックス,https://xn--pckua2a7gp15o89zb.com/jbn/644a16c506e745c79b450f1cc2efd08c,True,14時間前,2026-09-30 05:21:37,京都府
社会保険完備の職場で歯科衛生士新着,圭真会 草津ふじい総合歯科医院,滋賀県,月給27万円～,正社員,歯科,求人ボックス,https://xn--pckua2a7gp15o89zb.com/jb/10223b6671c02f3b560ecb330aa18780,True,7時間前,2026-09-30 05:21:40,滋賀県
社会保険完備の職場で歯科衛生士新着,なかの歯科医院,滋賀県,"時給1,750円～2,200円",アルバイト・パート,歯科,求人ボックス,https://xn--pckua2a7gp15o89zb.com/jb/6d87daba48cf0e0aee23b67c0e65dc90,True,7時間前,2026-09-30 05:21:40,滋賀県
歯科衛生士／パート週2日～勤務OK 午前／午後のみもOK 後片付け新着,いしい歯科,滋賀県,"時給1,300円～2,000円",アルバイト・パート,歯科,求人ボックス,https://xn--pckua2a7gp15o89zb.com/jb/ebbb6f513f300999364ddcf89c0bafe1,True,17時間前,2026-09-30 05:21:40,滋賀県
日勤・土日祝休み 部品の組立 男女活躍中 直雇用実績あり新着,株式会社ニチギワールド,京都府,"時給1,400円～1,750円",派遣社員,派遣,求人ボックス,https://xn--pckua2a7gp15o89zb.com/jb/bd0519a6e9cb8967b7a9e3252ef0790d,True,13時間前,2026-09-30 05:21:16,京都府
電話なし 17:10定時&残業なし こつこつデータ入力新着,スタッフ,京都府,"時給1,210円",派遣社員,派遣,求人ボックス,https://xn--pckua2a7gp15o89zb.com/jb/bbfbc8824ee70724d174ad55bb1ca2a4,True,13時間前,2026-09-30 05:21:16,京都府
患者様の移送搬送のサポートスタッフ／残業ほぼなし新着,株式会社ルフト・メディカルケア,京都府,"時給1,650円",派遣社員,派遣,求人ボックス,https://xn--pckua2a7gp15o89zb.com/jb/fd24454a36c7c6dd4eb2d9ea48086c73,True,22時間前,2026-09-30 05:21:16,京都府
リゾートバイト／調理補助新着,株式会社ダイブ,京都府,"時給1,200円～",派遣社員,派遣,求人ボックス,https://xn--pckua2a7gp15o89zb.com/jb/571e05537bdaef751c014484234c3fca,True,23時間前,2026-09-30 05:21:19,京都府
高等学校教諭普通免許／学童保育／京都市七条第三児童館新着,株式会社アスカ,京都府,"時給1,450円～1,500円",派遣社員,派遣,求人ボックス,https://xn--pckua2a7gp15o89zb.com/jb/f2357d85d48e67e2102a7357b3da647d,True,7時間前,2026-09-30 05:21:19,京都府
「即日採用寮費無料×高時給スタート!」アウトドアグッズの軽作業新着,株式会社アルミラ,京都府,"時給1,450円～",アルバイト・パート,派遣,求人ボックス,https://xn--pckua2a7gp15o89zb.com/jb/8d401f24eaec000ee3bbd8f20e2ce5d2,True,12時間前,2026-09-30 05:21:19,京都府
グラフィックデザイナー プリ機業界トップシェア企業でデザイン制作新着,株式会社フェローズ,京都府,"時給1,500円～1,800円",派遣社員,派遣,求人ボックス,https://xn--pckua2a7gp15o89zb.com/jb/1a30fecf85f62b466fa5f91fda8ea483,True,16時間前,2026-09-30 05:21:19,京都府
学校事務+ 一般事務新着,株式会社リクルートスタッフィング,京都府,"時給1,400円～",派遣社員,派遣,求人ボックス,https://xn--pckua2a7gp15o89zb.com/jb/d698493496ccab2d3ebb9872bf0147d4,True,20時間前,2026-09-30 05:21:19,京都府
未経験可／研修充実／システムエンジニア新着,infront株式会社,京都府,月給28万円～50万円,正社員,派遣,求人ボックス,https://xn--pckua2a7gp15o89zb.com/jbn/1e398a33d0379fb5978d84495a4d6210,True,11時間前,2026-09-30 05:21:22,京都府
アパレル／コスメ／未経験相談可 京都駅チカのバッグ・シューズブラ販売 短期OK新着,株式会社ウィルオブ・ワーク,京都府,"時給1,400円～1,500円",派遣社員,派遣,求人ボックス,https://xn--pckua2a7gp15o89zb.com/jb/9c0f1dc21902d5f90952fdbab4496f08,True,12時間前,2026-09-30 05:21:22,京都府
製造未経験OK!／製造アシスタント／年間休日125日以上／未経験活躍新着,株式会社GUM,京都府,"月給25万5,000円",正社員,派遣,求人ボックス,https://xn--pckua2a7gp15o89zb.com/jbn/a3deca6f0a099d765845602c5c469c20,True,11時間前,2026-09-30 05:21:26,京都府
一般事務・OA事務／10月開始未経験から挑戦!官公庁事務 土日祝休み 履歴書不要!面接1回!新着,パーソルビジネスプロセスデザイン株式会社,京都府,"時給1,250円",契約社員,派遣,求人ボックス,https://xn--pckua2a7gp15o89zb.com/jb/62a47d7817f9a2b358e955b226b249bc,True,7時間前,2026-09-30 05:21:26,京都府
保育士／土曜のみ月2〜3回 フルタイム固定シフト WワークOK新着,ベルサンテ株式会社,京都府,"時給1,250円～",派遣社員,派遣,求人ボックス,https://xn--pckua2a7gp15o89zb.com/jb/40ff2f2e97fbc683f04a730437691f4b,True,16時間前,2026-09-30 05:21:26,京都府
冷暖完備の工場／200gのスプレー缶の梱包新着,株式会社G&G,京都府,"時給1,400円～1,750円",派遣社員,派遣,求人ボックス,https://xn--pckua2a7gp15o89zb.com/jb/31b9dead7ed69695851409267e1489ae,True,17時間前,2026-09-30 05:21:26,京都府
株式会社ヴームで人事事務新着,ヒューマンリソシア株式会社,京都府,"時給1,600円",派遣社員,派遣,求人ボックス,https://xn--pckua2a7gp15o89zb.com/jb/0fa5d84c671070db2a2c3f3ddeeb865c,True,7時間前,2026-09-30 05:21:29,京都府
「小型家電を扱う梱包ワーク」ドライヤーの検品・梱包／未経験歓迎／寮完備／研修あり／交代勤あり新着,株式会社ZERO TALENT,京都府,月給30万円～42万円,派遣社員,派遣,求人ボックス,https://xn--pckua2a7gp15o89zb.com/jbn/4bc4e3e2716534a239e49cdd644b265d,True,2時間前,2026-09-30 05:21:29,京都府
電子基板の検査スタッフ新着,株式会社ホットスタッフ城陽,京都府,"時給1,250円",派遣社員,派遣,求人ボックス,https://xn--pckua2a7gp15o89zb.com/jb/2f12fe90811d62bc4012f00e655dde2d,True,11時間前,2026-09-30 05:21:33,京都府
医療センターで食器洗浄スタッフ新着,株式会社ホットスタッフ京都,京都府,"時給1,330円",派遣社員,派遣,求人ボックス,https://xn--pckua2a7gp15o89zb.com/jb/325016f56c38af3e862c54748ae1acbd,True,11時間前,2026-09-30 05:21:33,京都府
スマホ電池のパッケージ梱包!軽量部品中心のシンプル作業／20～30代活躍中新着,三陽工業株式会社,京都府,月給19万円～36万円,正社員,派遣,求人ボックス,https://xn--pckua2a7gp15o89zb.com/jbn/2748a23239c2fd7448dc5017e55f9e89,True,14時間前,2026-09-30 05:21:33,京都府
30代スタッフ活躍中／シルクスカーフの加工補助／最短翌日勤務／送迎あり／工場デビュー歓迎新着,Rightfit Consulting株式会社,京都府,"時給1,840円",派遣社員,派遣,求人ボックス,https://xn--pckua2a7gp15o89zb.com/jbn/38b1d62fc7c011ce491b1ed39c86d4c2,True,20時間前,2026-09-30 05:21:33,京都府
働きやすいシンプル工程／大型デスクミラーの仕分作業／経験不問でスタート可能／20代～30代新着,株式会社Vialevo,京都府,"時給1,850円",派遣社員,派遣,求人ボックス,https://xn--pckua2a7gp15o89zb.com/jbn/ba942a97323c07e96fffd4c413f31747,True,20時間前,2026-09-30 05:21:33,京都府
「丁寧さを活かせる!」ロボットと一緒に軽自動車の組立スタッフ／20代から30代活躍中!／日払いOK新着,株式会社日本ケイテム,京都府,"時給1,500円～",アルバイト・パート,派遣,求人ボックス,https://xn--pckua2a7gp15o89zb.com/jbn/2fa6c40085ad318223bcdfa863f327a6,True,21時間前,2026-09-30 05:21:36,京都府
業界・業種検出器電子回路設計エンジニア／大阪オフィス新着,株式会社リクルートR&Dスタッフィング,京都府,"月給21万4,000円",正社員,派遣,求人ボックス,https://xn--pckua2a7gp15o89zb.com/jbn/7b4b82dd3de9bf2aefdb75dd4ca3375e,True,2時間前,2026-09-30 05:21:36,京都府
20代～40代の女性スタッフ活躍中!週2勤務OK!「おせんべい専門店の接客販売」履歴書も来社も不要!新着,株式会社アクトプラス大阪支社,京都府,"時給1,400円～1,450円",派遣社員,派遣,求人ボックス,https://xn--pckua2a7gp15o89zb.com/jb/31f0d244390ae6ff62462af9e002f05a,True,5時間前,2026-09-30 05:21:36,京都府
おもちゃ工場の製造ラインスタッフ新着,スタッフ,京都府,"月給26万8,500円",正社員,派遣,求人ボックス,https://xn--pckua2a7gp15o89zb.com/jbn/198b4ced832add4f8d0108512e0215be,True,6時間前,2026-09-30 05:21:39,京都府
「IT業界で事務デビュー!」／動画配信アプリのチェック事務／電話対応少なめ／土日祝休み新着,「電話少なめで集中できる環境がちょうどいい」女性,京都府,月給27万円～32万,正社員,派遣,求人ボックス,https://xn--pckua2a7gp15o89zb.com/jbn/6361e29dce4150cad1e54fd98d8d37d9,True,6時間前,2026-09-30 05:21:44,京都府
「アプリ好きからIT業界へ!」／スマホアプリのチェック事務／電話対応少なめ／土日祝休み新着,「電話少なめで集中できる環境がちょうどいい」女性,京都府,"月給25万9,200円",正社員,派遣,求人ボックス,https://xn--pckua2a7gp15o89zb.com/jbn/3237caf37ca29ec43bf31551caced5c9,True,6時間前,2026-09-30 05:21:44,京都府
寮費無料／空調完備の快適な職場環境で働きませんか?Vtuber新着,株式会社FAT FORWARD,京都府,"時給1,470円～",アルバイト・パート,派遣,求人ボックス,https://xn--pckua2a7gp15o89zb.com/jb/8e444cc8198ce298d6578dc03182fcab,True,14時間前,2026-09-30 05:21:44,京都府
「まだ間に合う!」未経験採用枠／製造工場での軽作業・カプセルトイ／研修充実新着,Yts株式会社,京都府,月給28万円～50万円,正社員,飲食,求人ボックス,https://xn--pckua2a7gp15o89zb.com/jbn/5a14832b6d8d3aca5ee6158aadb2be6b,True,12時間前,2026-09-30 05:21:36,京都府
オフィスワークデビュー歓迎／簡単データ入力メインの事務職／土日祝休み新着,[多様なバックグラウンドを持つ仲間]現在活躍している,京都府,"月給21万9,000円",正社員,飲食,求人ボックス,https://xn--pckua2a7gp15o89zb.com/jbn/260247ac10de261e26ea127cb4bc35dc,True,3時間前,2026-09-30 05:21:36,京都府
「自分らしく働ける」一般事務／おやつ休憩も、コーヒーを淹れる時間も自由新着,[多様なバックグラウンドを持つ仲間]現在活躍している,京都府,月給21万円～50万円,正社員,飲食,求人ボックス,https://xn--pckua2a7gp15o89zb.com/jbn/abbe7e706e30a0af0b61d649b1c034a8,True,2時間前,2026-09-30 05:21:36,京都府
イベント運営スタッフ／未経験からイベント企画・運営のプロへ!新着,株式会社エースケータリング,京都府,"月給26万4,000円",正社員,飲食,求人ボックス,https://xn--pckua2a7gp15o89zb.com/jbn/89d35444e13f168d4ad10a014f972c39,True,11時間前,2026-09-30 05:21:36,京都府
「安定企業で安心して働ける」経歴不問のサポート事務職／土日祝休み・年間休日125日～新着,スタッフ,京都府,月給21万円～50万円,正社員,飲食,求人ボックス,https://xn--pckua2a7gp15o89zb.com/jbn/59c4c5b508c175999843eb5bc228c24f,True,3時間前,2026-09-30 05:21:37,京都府
ピアス・ひげOK／個性を消さずに働ける一般事務スタッフ新着,[多様なバックグラウンドを持つ仲間]現在活躍している,京都府,"月給22万6,000円",正社員,飲食,求人ボックス,https://xn--pckua2a7gp15o89zb.com/jbn/21ffce3d7b83037ca49a07d10458b874,True,2時間前,2026-09-30 05:21:37,京都府
「福利厚生充実」／OA事務／20代・30代活躍中／産休・育休あり「正社員」新着,<こんな先輩たちが活躍中>,京都府,"月給20万5,000円",正社員,飲食,求人ボックス,https://xn--pckua2a7gp15o89zb.com/jbn/f9238b81903f0a996a5354345e8b8989,True,2時間前,2026-09-30 05:21:37,京都府
「転勤なし」／総務事務／研修充実／ネイルOK「正社員」新着,...「そろそろ内勤のお仕事に挑戦したい」という方、大歓迎です。特別なPCスキルがなくても、タイピングなどの基礎から少しずつ慣れていける環境を整えています。<こんな先輩たちが活躍中>,京都府,月給20万500円,正社員,飲食,求人ボックス,https://xn--pckua2a7gp15o89zb.com/jbn/e41ca319e530d162d6b4c8c8a350779c,True,2時間前,2026-09-30 05:21:37,京都府
オフィススタッフ／一般事務／充実の研修で安心スタート!／未経験でも安心新着,飲食・,京都府,月給20万500円,正社員,飲食,求人ボックス,https://xn--pckua2a7gp15o89zb.com/jbn/5945d703d947085683cf85aaad83810b,True,2時間前,2026-09-30 05:21:37,京都府
事務未経験の先輩が多数活躍中／まずはシングルタスクからあなたに合わせてお任せします／データ入力新着,スタッフ,京都府,月給21万円～50万円,正社員,飲食,求人ボックス,https://xn--pckua2a7gp15o89zb.com/jbn/91835777f9d413f514a755f5c7c8e1a5,True,2時間前,2026-09-30 05:21:40,京都府
事務職／営業事務／残業ほぼなし／産休・育休あり／未経験から安心スタート／ネイル・ピアスOK新着,スタッフ,京都府,月給21万円～50万円,正社員,飲食,求人ボックス,https://xn--pckua2a7gp15o89zb.com/jbn/4b1c247cd7787656e38fb72bb23ed760,True,2時間前,2026-09-30 05:21:40,京都府
「原則定時あがり」残業なしの一般事務／土日祝休み・年休125日新着,スタッフ,京都府,月給20万円～50万円,正社員,飲食,求人ボックス,https://xn--pckua2a7gp15o89zb.com/jbn/4c21619b0388f8dd52b1b52f07d105f2,True,3時間前,2026-09-30 05:21:40,京都府
製造未経験OK!／カプセルトイ製造スタッフ／寮・社宅・家賃補助あり／未経験活躍新着,スタッフ,京都府,月給28万円～40万円,正社員,飲食,求人ボックス,https://xn--pckua2a7gp15o89zb.com/jbn/f60b84c254179bc8dd711872d69285fe,True,11時間前,2026-09-30 05:21:40,京都府
「研修充実で安心デビュー」オフィス一般ワーク／完全週休二日／未経験採用枠新着,AQUARIUS株式会社,京都府,"月給30万7,400円",正社員,飲食,求人ボックス,https://xn--pckua2a7gp15o89zb.com/jbn/af1cdd2ac213a6a8f732367383a17248,True,10時間前,2026-09-30 05:21:44,京都府
営業サポート事務／オシャレ自由／未経験でも安心／高収入／マニュアル完備新着,<安定して続けられる理由は…> 土日祝休みで生活リズムが整う 残業ほぼなしで自分の時間を確保 人間関係が穏やかで働きやすい<異業種からの転職者も活躍中!>アパレル販売、,京都府,"月給20万5,000円",正社員,飲食,求人ボックス,https://xn--pckua2a7gp15o89zb.com/jbn/90b130fa2eaaa8ea6ea9b9fb52c9a147,True,2時間前,2026-09-30 05:21:44,京都府
「土日祝は完全オフ」連休もしっかり取れる正社員の一般事務新着,実際にオフィスでは、元カフェ店員、アパレル販売、軽作業,京都府,"月給21万5,000円",正社員,飲食,求人ボックス,https://xn--pckua2a7gp15o89zb.com/jbn/0ed1bb90a2f8c41d7a4f0c05600e05df,True,3時間前,2026-09-30 05:21:44,京都府
「研修充実で安心デビュー」オフィス一般ワーク／完全週休二日／未経験採用枠新着,...先輩が確認しながら進めるため、不安を残したまま進めることはありません。一般事務として、長く使えるPCスキルと確認力を身につけられます。 【過去入社された方の例/】20歳/前職:接客,京都府,"月給30万2,600円",正社員,飲食,求人ボックス,https://xn--pckua2a7gp15o89zb.com/jbn/9b4425e6fef6bc8015558b07799943c0,True,10時間前,2026-09-30 05:21:44,京都府
「未経験OK」／営業サポート事務／ブランクOK／ネイルOK「正社員」新着,...データ入力や書類チェックなどシンプルな仕事から始めたい方を大歓迎しています 「PCスキルに自信がない」「オフィスワークの経験がない」という方も、丁寧な研修体制があるため安心してスタートできる環境,京都府,月給20万500円,正社員,飲食,求人ボックス,https://xn--pckua2a7gp15o89zb.com/jbn/a6fe8e964309d0deb311d39a8cd06a8b,True,2時間前,2026-09-30 05:21:48,京都府
「残業少なめ」／事務スタッフ／若手活躍中／有給休暇あり「正社員」新着,こんな方にピッタリの環境です 土日休みでプライベートの時間を確保したい 立ち仕事から卒業して長く働きたい 安定した収入と働き方を手に入れたい,京都府,"月給20万5,000円",正社員,飲食,求人ボックス,https://xn--pckua2a7gp15o89zb.com/jbn/3b027a60680d4bfd73eabb27c32ede48,True,2時間前,2026-09-30 05:21:48,京都府
アルコールスプレーの梱包新着,...未経験・異業種からも大歓迎/実際に警備、製造、清掃、軽作業、ドライバーや事務や接客・販売をしていた方など幅広く活躍!!対人ストレスやノルマなどもなく、安定して働ける点が魅力です 【対象となる方】,京都府,"月給25万5,500円",正社員,飲食,求人ボックス,https://xn--pckua2a7gp15o89zb.com/jbn/7168553dcf357f14037abbe431ad4979,True,5時間前,2026-09-30 05:21:48,京都府
居酒屋のホール／7連休可で月9日休み新着,株式会社DDグループ,京都府,"月給25万4,000円",正社員,飲食,求人ボックス,https://xn--pckua2a7gp15o89zb.com/jb/6b84b6b131a9e41c3e20a8d970bc9e50,True,5時間前,2026-09-30 05:21:48,京都府
サーバーエンジニア／未経験歓迎／月30万以上可／土日祝休み新着,株式会社大斗,京都府,月給32万円～50万円,正社員,飲食,求人ボックス,https://xn--pckua2a7gp15o89zb.com/jbn/920af0772759521bf835956835bd21fc,True,8時間前,2026-09-30 05:21:48,京都府
サーバーエンジニア／未経験歓迎／月30万以上可／土日祝休み新着,株式会社Meta Sales,京都府,月給31万円～45万円,正社員,飲食,求人ボックス,https://xn--pckua2a7gp15o89zb.com/jbn/47b9ce4f3919f5d0b0fa5f551c451a01,True,9時間前,2026-09-30 05:21:48,京都府
ホームページ制作スタッフ／未経験歓迎／研修制度充実／土日祝休み新着,株式会社enrich technology,京都府,月給33万円～55万円,正社員,飲食,求人ボックス,https://xn--pckua2a7gp15o89zb.com/jbn/5ba9d775c9824f197de2be4cc39858cc,True,8時間前,2026-09-30 05:21:48,京都府
デバッグスタッフ／未経験歓迎／不具合チェック／研修制度充実新着,株式会社ELM,京都府,月給32万円～50万円,正社員,飲食,求人ボックス,https://xn--pckua2a7gp15o89zb.com/jbn/7af4a4cdb6add1e1fbb84d04ac7e194c,True,9時間前,2026-09-30 05:21:48,京都府
Webエンジニア／未経験歓迎／研修充実／資格取得支援あり／土日祝休み新着,...PC業務に不安がある方も対象です。入社後は、用語や作業手順を学ぶ研修から開始。その後、HTML・CSS・開発基礎研修など始めやすい業務から担当します。 【過去入社された方の例/】22歳/前職:販,京都府,"月給32万3,800円",正社員,飲食,求人ボックス,https://xn--pckua2a7gp15o89zb.com/jbn/0aac22f1c4ef63d59624bb1d1d1dc499,True,9時間前,2026-09-30 05:21:50,京都府
担々麺店の店舗スタッフ／完全週休2日制／人柄採用／残業月20時間以内／学歴・年齢不問新着,株式会社胡,京都府,月給30万円～40万,正社員,飲食,求人ボックス,https://xn--pckua2a7gp15o89zb.com/jb/ac0fa6f5f16b1792b04891a285363d5c,True,13時間前,2026-09-30 05:21:50,京都府
生成AI活用ゲーム開発アシスタント／ゲーム業界デビュー／有給消化率高い・昇給あり・未経験歓迎新着,...生成AI活用ゲーム開発アシスタントとしてより専門的な確認や共有も担当します。業務の進め方は先輩が確認するため、報告文の書き方も実務で学べます。 【過去入社された方の例/】20代/前職:販売,京都府,"月給30万9,900円",正社員,飲食,求人ボックス,https://xn--pckua2a7gp15o89zb.com/jbn/c9389f4c31e1701918db9f54b61d1fc8,True,10時間前,2026-09-30 05:21:50,京都府
缶バッジ・キーホルダーの製造スタッフ正社員／昇給年1回以上・ブランクOK・月給30万以上可新着,スタッフ,京都府,月給30万,正社員,飲食,求人ボックス,https://xn--pckua2a7gp15o89zb.com/jbn/07a41499a2e31b234a9ab4de6b21ce15,True,9時間前,2026-09-30 05:21:50,京都府
冷凍食品の梱包スタッフ／商品を箱に詰める軽作業／未経験歓迎／OJTあり／スピード選考新着,株式会社グローリー,京都府,月給29万300円,正社員,飲食,求人ボックス,https://xn--pckua2a7gp15o89zb.com/jbn/239b89eea7a057733666c4e259616e36,True,10時間前,2026-09-30 05:21:50,京都府
ゲーム業界デビュー・ゲームテスター「正社員／残業ほぼなし推奨／ゲームスキル習得」・未経験歓迎新着,...慣れてきたら、ゲームテスターとしてより専門的な確認や共有も担当します。業務の進め方は先輩が確認するため、報告文の書き方も実務で学べます。 【過去入社された方の例/】20代/前職:販売,京都府,"月給29万1,700円",正社員,飲食,求人ボックス,https://xn--pckua2a7gp15o89zb.com/jbn/d580c6effe17cd18320ee4c2c6962c08,True,9時間前,2026-09-30 05:21:50,京都府
ブランクOK・スマートフォンケース・アクセサリーの軽作業スタッフ／あり新着,スタッフ,京都府,"月給29万2,300円",正社員,飲食,求人ボックス,https://xn--pckua2a7gp15o89zb.com/jbn/0409705c465576403a8e95baaae72845,True,10時間前,2026-09-30 05:21:50,京都府
電子タバコ・加熱式デバイスの組立スタッフ・資格不問「正社員／残業少なめ／資格取得支援」ブランクOK新着,スタッフ,京都府,"月給31万3,600円",正社員,飲食,求人ボックス,https://xn--pckua2a7gp15o89zb.com/jbn/f32cd9933a778795e3bb557aebabcc9d,True,10時間前,2026-09-30 05:21:53,京都府
キッチンスタッフ新着,京料理 熊魚菴 たん熊北店,京都府,"時給1,300円～",アルバイト・パート,飲食,求人ボックス,https://xn--pckua2a7gp15o89zb.com/jb/d615cda8ff2c33ea62e68596e6c079b2,True,23時間前,2026-09-30 05:21:53,京都府
「未経験から正社員」デバッグ作業員／コツコツ不具合探し／人柄重視採用／昇給賞与あり新着,...慣れてきたら、デバッグ作業員としてより専門的な確認や共有も担当します。業務の進め方は先輩が確認するため、報告文の書き方も実務で学べます。 【過去入社された方の例/】20代/前職:販売,京都府,"月給32万7,200円",正社員,飲食,求人ボックス,https://xn--pckua2a7gp15o89zb.com/jbn/08a1f6288bcd1910ae690e0801b294f1,True,10時間前,2026-09-30 05:21:53,京都府
ゲームシステムをつくるエンジニア／月給30万円以上可／完全週休2日制／賞与あり新着,...新しい知識を覚えることに前向き未経験から「確認力」と「社会人基礎力」をしっかり身につけられます。 【過去入社された方の例/】20歳/前職:販売,京都府,月給30万円,正社員,飲食,求人ボックス,https://xn--pckua2a7gp15o89zb.com/jbn/a944f993579f6d1aa4b01027664a4e8a,True,14時間前,2026-09-30 05:21:53,京都府
「月40万以上可!」スマホの製造スタッフ／未経験OK／福利厚生充実／各種手当あり新着,スタッフ,京都府,"月給32万5,800円",正社員,飲食,求人ボックス,https://xn--pckua2a7gp15o89zb.com/jbn/53fe3b68b46728d2281c323d78287249,True,10時間前,2026-09-30 05:21:53,京都府
ゲーム品質チェックスタッフ／未経験歓迎／年間休日120日以上／賞与あり新着,...新しい知識を覚えることに前向き未経験から「確認力」と「社会人基礎力」をしっかり身につけられます。 【過去入社された方の例/】20歳/前職:販売,京都府,"月給32万3,700円",正社員,飲食,求人ボックス,https://xn--pckua2a7gp15o89zb.com/jbn/2699142551a52bb82fa408b8b839e253,True,14時間前,2026-09-30 05:21:53,京都府
システムを支えるインフラ担当／月給30万円以上可／完全週休2日制／資格取得支援あり新着,...PC業務に不安がある方も対象です。入社後は、用語や作業手順を学ぶ研修から開始。その後、監視ツールの見方を学ぶなど始めやすい業務から担当します。 【過去入社された方の例/】22歳/前職:販売,京都府,月給30万円,正社員,飲食,求人ボックス,https://xn--pckua2a7gp15o89zb.com/jbn/cf2fcfcd2001cd2cff50d2323602db81,True,9時間前,2026-09-30 05:21:53,京都府
「通販商品のピッキング・出荷スタッフ」シンプル物流作業新着,Courage Path株式会社,京都府,月給27万円～35万円,正社員,飲食,求人ボックス,https://xn--pckua2a7gp15o89zb.com/jbn/a576587b3ccd5c09a04d92ae5e846957,True,12時間前,2026-09-30 05:21:53,京都府
カンタン事務・研修制度充実・アシスタント業務新着,株式会社ELシステム,京都府,"月給26万5,600円",正社員,飲食,求人ボックス,https://xn--pckua2a7gp15o89zb.com/jbn/f5272528b0b2623c03c3b7f8cb2fd332,True,9時間前,2026-09-30 05:21:56,京都府
毎年昇給で手取りUP／長く働くほど得をする一般事務スタッフ新着,スタッフ,京都府,月給21万円～50万円,正社員,飲食,求人ボックス,https://xn--pckua2a7gp15o89zb.com/jbn/35dfe4e59e0d6307175872fa42273417,True,3時間前,2026-09-30 05:21:56,京都府
営業サポート事務／充実の研修で安心スタート!／事務正社員／マニュアル完備新着,スタッフ,京都府,月給20万500円,正社員,飲食,求人ボックス,https://xn--pckua2a7gp15o89zb.com/jbn/d2d65a487513c3c855f2587efdc6e4da,True,2時間前,2026-09-30 05:21:56,京都府
ヘアブラシの素材別仕分けスタッフ新着,スタッフ,京都府,"月給25万4,500円",正社員,飲食,求人ボックス,https://xn--pckua2a7gp15o89zb.com/jbn/43a6535235512d3581b2c2e9af605ef4,True,6時間前,2026-09-30 05:21:59,京都府
AIゲーム品質検証／AI動作確認／アニメ好き歓迎新着,...ゲームでは細かな表示や動きが気になる・コツコツ進める作業が嫌いではないAI挙動の観察力を身につけながら、長く続けられるキャリアを築けます。 【過去入社された方の例/】23歳/前職:,京都府,"月給29万8,300円",正社員,飲食,求人ボックス,https://xn--pckua2a7gp15o89zb.com/jbn/d5196f53116f00be5136c6f712ed3eb0,True,9時間前,2026-09-30 05:21:59,京都府
「まだ間に合う!」未経験からできる一般事務／研修充実／年間休日125日以上新着,株式会社Light BROTHERS,京都府,月給25万円～40万円,正社員,飲食,求人ボックス,https://xn--pckua2a7gp15o89zb.com/jb/ae72a140854142641e373836b495a3e8,True,20時間前,2026-09-30 05:21:59,京都府
「察して動く」より「聞いて動く」で大丈夫。安心サポートと充実研修であなたのキャリアスタートを応援「入...新着,スタッフ,京都府,月給21万円～50万円,正社員,飲食,求人ボックス,https://xn--pckua2a7gp15o89zb.com/jbn/2fdc6f8bdb033dc67a10cacbf3157d8a,True,3時間前,2026-09-30 05:21:59,京都府
OA事務／シフト制／経験不問／社会保険完備／土日祝休み／未経験でも安心新着,...こんな意欲を持つ方をお待ちしています ・オフィスワークデビューを果たしたい・土日祝休みで心身ともにリフレッシュしたい・安定した職場で長くキャリアを築きたい職場では20代30代の,京都府,"月給20万5,000円",正社員,飲食,求人ボックス,https://xn--pckua2a7gp15o89zb.com/jbn/b6d106196dfa205a19ad7b32473b5ed9,True,2時間前,2026-09-30 05:21:59,京都府
「残り枠わずか!」未経験からできる一般事務／年間休日120日以上新着,<こんな経験がある方も活躍中>・アパレルやレジでの販売経験・,京都府,月給27万円～40万円,正社員,飲食,求人ボックス,https://xn--pckua2a7gp15o89zb.com/jbn/a16082cb9c9718416054c29494536f63,True,11時間前,2026-09-30 05:21:59,京都府
「事務で年収400万以上も可能」賞与4ヶ月分×土日祝休みの正社員事務新着,スタッフ,京都府,月給20万円～50万円,正社員,飲食,求人ボックス,https://xn--pckua2a7gp15o89zb.com/jbn/9f601ec84b71cd28213ac8d9c89c86fc,True,2時間前,2026-09-30 05:21:59,京都府
庶務事務・PC入力できればOK・未経験歓迎・残業少なめ新着,こんな業界からの転職者が活躍中接客→,京都府,"月給24万7,700円",正社員,飲食,求人ボックス,https://xn--pckua2a7gp15o89zb.com/jbn/747bc7f82b72f4b9b3f48623b5ce4c91,True,9時間前,2026-09-30 05:22:03,京都府
包装資材の簡単製造ワーク新着,元,京都府,月給27万円～32万,正社員,飲食,求人ボックス,https://xn--pckua2a7gp15o89zb.com/jbn/a566d6a3b0d94102b574a56e87fab894,True,5時間前,2026-09-30 05:22:03,京都府
割りばし袋の軽作業／寮・社宅利用可新着,<この仕事のポイント>,京都府,"月給26万6,000円",正社員,飲食,求人ボックス,https://xn--pckua2a7gp15o89zb.com/jbn/d0fbc94be78d252233b6f5c9866d4d9a,True,2時間前,2026-09-30 05:22:03,京都府
オフィスワーク／経験値不問／福利厚生充実／髪色自由／マニュアル完備／安定収入新着,前職が,京都府,月給21万円～50万円,正社員,飲食,求人ボックス,https://xn--pckua2a7gp15o89zb.com/jbn/57e74256957df732a4a42c7963454a36,True,3時間前,2026-09-30 05:22:03,京都府
「残り枠わずか!」未経験からできる一般事務／昇給賞与年2回・研修制度充実新着,スタッフ,京都府,"月給24万5,000円",正社員,飲食,求人ボックス,https://xn--pckua2a7gp15o89zb.com/jbn/61e8b4a520ede1af0513dde248499fd1,True,11時間前,2026-09-30 05:22:03,京都府
保育士新着,放課後等デイサービスぐっどらいふ,滋賀県,"時給1,300円～1,500円",アルバイト・パート,保育,求人ボックス,https://xn--pckua2a7gp15o89zb.com/jb/2191037a2f03a754c4ff9b728d5c2e8a,True,4時間前,2026-09-30 05:21:56,滋賀県
保育士新着,児童発達支援・放課後等デイサービス ハグ・ハグ彦根,滋賀県,"時給1,100円～1,200円",アルバイト・パート,保育,求人ボックス,https://xn--pckua2a7gp15o89zb.com/jb/c479181f6ef40f80ae19c550ae75a111,True,4時間前,2026-09-30 05:21:56,滋賀県
保育士新着,顔戸ハイジ保育園,滋賀県,"時給1,080円～1,300円",アルバイト・パート,保育,求人ボックス,https://xn--pckua2a7gp15o89zb.com/jb/b0ae68d7a78df05423a7c11fba3cc87d,True,4時間前,2026-09-30 05:21:56,滋賀県
保育士新着,GRiP’S能登川保育園,滋賀県,"時給1,200円",アルバイト・パート,保育,求人ボックス,https://xn--pckua2a7gp15o89zb.com/jb/a5bd35e5360229c8abd90cba1cbab0bb,True,4時間前,2026-09-30 05:21:56,滋賀県
保育士新着,もものお庭,滋賀県,"時給1,200円",アルバイト・パート,保育,求人ボックス,https://xn--pckua2a7gp15o89zb.com/jb/aadf9fa4369043aae947e78999b32c77,True,4時間前,2026-09-30 05:21:56,滋賀県
保育士新着,玉川たっち小規模保育園,滋賀県,"時給1,180円～1,440円",アルバイト・パート,保育,求人ボックス,https://xn--pckua2a7gp15o89zb.com/jb/c2dae3644d1665b6bccd8f2c7f42a0bb,True,4時間前,2026-09-30 05:21:56,滋賀県
保育士新着,すくすく広場だいち,滋賀県,"時給1,300円～1,500円",アルバイト・パート,保育,求人ボックス,https://xn--pckua2a7gp15o89zb.com/jb/44ecfc21d122731ff165fe358c523f3a,True,4時間前,2026-09-30 05:21:56,滋賀県
保育士新着,こっとん保育園草津,滋賀県,"時給1,300円",アルバイト・パート,保育,求人ボックス,https://xn--pckua2a7gp15o89zb.com/jb/8fe4846b4bb33e7d7e3cf05ae3bb460d,True,4時間前,2026-09-30 05:21:56,滋賀県
保育士新着,児童発達支援事業所 あおい湖のこどもサポートルー...,滋賀県,"時給1,200円",アルバイト・パート,保育,求人ボックス,https://xn--pckua2a7gp15o89zb.com/jb/9b29b066e187f65b5709ef0c8c0a68a6,True,4時間前,2026-09-30 05:21:57,滋賀県
保育士新着,なないろ保育園,滋賀県,"時給1,080円",アルバイト・パート,保育,求人ボックス,https://xn--pckua2a7gp15o89zb.com/jb/6c8b98c328fad61209d70b10b68755e4,True,4時間前,2026-09-30 05:21:57,滋賀県
保育士新着,近江さくら保育園,滋賀県,"時給1,200円",正社員,保育,求人ボックス,https://xn--pckua2a7gp15o89zb.com/jb/227b42de5aa79ea4036bc243d5ce87c9,True,4時間前,2026-09-30 05:21:57,滋賀県
保育士新着,放課後等デイサービス凜守山,滋賀県,"時給1,080円～1,410円",正社員,保育,求人ボックス,https://xn--pckua2a7gp15o89zb.com/jb/0e8633ad53e38b435772003247e6a2b3,True,4時間前,2026-09-30 05:21:57,滋賀県
保育士新着,青空ひだまり,滋賀県,"時給1,080円～1,600円",アルバイト・パート,保育,求人ボックス,https://xn--pckua2a7gp15o89zb.com/jb/1981828c706043f5ee470e1f86c553bf,True,4時間前,2026-09-30 05:21:57,滋賀県
保育士新着,児童発達支援・放課後等デイサービス凜近江八幡,滋賀県,"時給1,080円～1,427円",アルバイト・パート,保育,求人ボックス,https://xn--pckua2a7gp15o89zb.com/jb/a961b5ee803884915b5e67cf4ac87dc5,True,4時間前,2026-09-30 05:21:57,滋賀県
保育士新着,ほいくえんももの家だいち,滋賀県,"時給1,100円～1,500円",アルバイト・パート,保育,求人ボックス,https://xn--pckua2a7gp15o89zb.com/jb/fc5f8214ac084b26578cd71214e16334,True,4時間前,2026-09-30 05:21:57,滋賀県
保育士新着,児童発達支援事業所 あおい湖のこどもサポートルー...,滋賀県,"時給1,200円",アルバイト・パート,保育,求人ボックス,https://xn--pckua2a7gp15o89zb.com/jb/11abc7a5673ad4622ff4f2e25da57aa8,True,4時間前,2026-09-30 05:22:01,滋賀県
保育士新着,放課後等デイサービス ミライク 大津唐崎教室,滋賀県,"時給1,080円～1,500円",正社員,保育,求人ボックス,https://xn--pckua2a7gp15o89zb.com/jb/7992ae8df27cc23df45facc91b5dbde7,True,4時間前,2026-09-30 05:22:01,滋賀県
保育士新着,スクルドエンジェル保育園くさつ園,滋賀県,"時給1,250円～1,500円",アルバイト・パート,保育,求人ボックス,https://xn--pckua2a7gp15o89zb.com/jb/7604d16ff365507d4b5fca02b98b6973,True,4時間前,2026-09-30 05:22:01,滋賀県
小規模保育園の非常勤保育士 シニア歓迎新着,株式会社ニチイ学館,滋賀県,"時給1,136円～1,230円",アルバイト・パート,保育,求人ボックス,https://xn--pckua2a7gp15o89zb.com/jb/81968aa1bc1935c93ce37524a7827e30,True,15時間前,2026-09-30 05:22:01,滋賀県
病院内保育園の保育士／敬愛保育園新着,株式会社キッズコーポレーション,滋賀県,"月給21万1,500円",正社員,保育,求人ボックス,https://xn--pckua2a7gp15o89zb.com/jb/ba84a96895187eb9c11625beb2cd4df7,True,4時間前,2026-09-30 05:22:01,滋賀県
未経験からなれる人気ゲームのゲームテスター／寮・社宅・家賃補助あり／資格取得支援あり新着,GOEN株式会社,滋賀県,月給30万円～51万,正社員,保育,求人ボックス,https://xn--pckua2a7gp15o89zb.com/jbn/3a0084864130c10dfe6e76c36a0ef5b2,True,11時間前,2026-09-30 05:22:01,滋賀県
「福利厚生充実」／営業事務／第二新卒歓迎／ネイルOK「正社員」新着,学歴不問・経験不問で新しい仲間を大募集! 以下のキーワードに惹かれる方へ・データ入力 メール対応 サポート事務・ワークライフバランス 落ち着いた環境・定時退社 デスクワーク前職が,滋賀県,月給19万500円,正社員,保育,求人ボックス,https://xn--pckua2a7gp15o89zb.com/jbn/6b2c66a6a18f6db1fe4cfdcc6a80f765,True,2時間前,2026-09-30 05:22:06,滋賀県
未経験からなれる人気ゲームのQAエンジニア／寮・社宅・家賃補助あり／資格取得支援あり新着,保育士,滋賀県,月給30万円～51万,正社員,保育,求人ボックス,https://xn--pckua2a7gp15o89zb.com/jbn/2b8071f3e1a6a96b068c90a51d1ed5ad,True,11時間前,2026-09-30 05:22:06,滋賀県
未経験からなれる人気ゲームのゲームテスター／寮・社宅・家賃補助あり／資格取得支援あり新着,保育士,滋賀県,月給30万円～51万,正社員,保育,求人ボックス,https://xn--pckua2a7gp15o89zb.com/jbn/8708dab1bb3e411be0fa56427af0a1fb,True,11時間前,2026-09-30 05:22:06,滋賀県
組み込みシステムエンジニア・プライベートと両立・完全週休2日制・モノを動かす開発新着,Yts株式会社,滋賀県,月給25万円～45万円,正社員,保育,求人ボックス,https://xn--pckua2a7gp15o89zb.com/jbn/1c7eb447b395a5e26c78847ed182798b,True,11時間前,2026-09-30 05:22:06,滋賀県
放課後デイ等新着,のびっ子老上,滋賀県,"時給1,140円～1,280円",アルバイト・パート,保育,求人ボックス,https://xn--pckua2a7gp15o89zb.com/jb/1153987657586326b6c972a164505c63,True,4時間前,2026-09-30 05:22:06,滋賀県
放課後デイ等新着,児童育成クラブスポキッズ笠縫,滋賀県,"時給1,140円～1,280円",アルバイト・パート,保育,求人ボックス,https://xn--pckua2a7gp15o89zb.com/jb/3600490aa9764079eef0ab54101f29e5,True,4時間前,2026-09-30 05:22:06,滋賀県
放課後デイ等新着,児童育成クラブスポキッズ南笠東,滋賀県,"時給1,140円～1,260円",アルバイト・パート,保育,求人ボックス,https://xn--pckua2a7gp15o89zb.com/jb/541f555ee0ce5acb2509e37097531720,True,4時間前,2026-09-30 05:22:06,滋賀県
土木施工管理職 滋賀県の街づくりを支える現場監督!管理職候補新着,株式会社優建設,滋賀県の街づくりを支える現場監督!管理職候補,月給25万円～40万円,正社員,建設,求人ボックス,https://xn--pckua2a7gp15o89zb.com/jb/b645414544cb1331e185f83b359c00c3,True,5時間前,2026-09-30 05:22:09,滋賀県
建築プロジェクトマネジメント／最新テクノロジーを駆使して確固たる技術が身に付く!／完全未経験OK!新着,株式会社テクノプロ・コンストラクション,滋賀県,月給21万円～29万円,正社員,建設,求人ボックス,https://xn--pckua2a7gp15o89zb.com/jbn/b0902d4c8e03388d8e934420408cb2a0,True,11時間前,2026-09-30 05:22:09,滋賀県
スタイリスト／美容師有給消化率91%!プライベートも充実、キャリアアッ...新着,株式会社ハクブン,滋賀県,月給20万円～40万円,正社員,美容,求人ボックス,https://xn--pckua2a7gp15o89zb.com/jb/35491045ce9734dff2bd638f21e36c9f,True,11時間前,2026-09-30 05:22:07,滋賀県
カラー専門店スタイリストスタッフ新着,アイビ株式会社,滋賀県,月給23万円～50万円,正社員,美容,求人ボックス,https://xn--pckua2a7gp15o89zb.com/jb/d5a0cfcaf9658925fe8b07d42a9eafe1,True,7時間前,2026-09-30 05:22:07,滋賀県
月給30万～／未経験採用枠／研修充実／Tiktok運用エンジニア新着,ナナイロモバイル株式会社,滋賀県,月給30万～,正社員,美容,求人ボックス,https://xn--pckua2a7gp15o89zb.com/jbn/d3dc3175d0ecf8abc46efc791865210f,True,11時間前,2026-09-30 05:22:07,滋賀県
「福利厚生充実」／ITサポート事務／第二新卒歓迎／採用強化中「正社員」新着,...特別な経験や資格は必要ありません。あなたの「変わりたい」気持ちを大切にします  こんな変化を実感できます[前]不規則な休みで友人と予定が合わない…[後]固定休みで自分の時間を満喫!カフェ店員、,滋賀県,月給19万500円,正社員,美容,求人ボックス,https://xn--pckua2a7gp15o89zb.com/jbn/819279c049af736e91d4061ddd8dbc67,True,2時間前,2026-09-30 05:22:07,滋賀県
「新生活デビュー応援!」未経験採用枠／製造スタッフ・カプセルトイ／寮・社宅・家賃補助あり新着,株式会社RIOT GROUP,滋賀県,月給28万円～50万円,正社員,美容,求人ボックス,https://xn--pckua2a7gp15o89zb.com/jbn/32c6b86ca37f62d029970dbbe48e987f,True,11時間前,2026-09-30 05:22:07,滋賀県
「新生活デビュー応援!」未経験採用枠／カプセルトイ製造スタッフ／研修充実新着,AQUARIUS株式会社,滋賀県,月給28万円～50万円,正社員,美容,求人ボックス,https://xn--pckua2a7gp15o89zb.com/jbn/eca12b1fda6e6022b0d52db0bfab664c,True,12時間前,2026-09-30 05:22:07,滋賀県
「黙々と作業するのが好き」「モノづくりに興味がある」それだけでOK!／製品の組み立て・加工スタッフ新着,Yts株式会社,滋賀県,月給30万円～60万円,正社員,美容,求人ボックス,https://xn--pckua2a7gp15o89zb.com/jbn/0091fa9771217a66fb7e54c075f5b5d3,True,12時間前,2026-09-30 05:22:07,滋賀県
オフィスワーク／残業ほぼゼロ／福利厚生充実／髪色自由／既卒歓迎／学歴不問新着,美容師,滋賀県,月給23万円～50万円,正社員,美容,求人ボックス,https://xn--pckua2a7gp15o89zb.com/jbn/6654414adecde403879315ec5f55d5c0,True,2時間前,2026-09-30 05:22:07,滋賀県
マンツーマン施術／土日祝休あり 連休でプライベートとの両立が叶う新着,株式会社Reve／まつ毛と眉毛の専門店アリュージ...,滋賀県,"月給23万4,800円",正社員,美容,求人ボックス,https://xn--pckua2a7gp15o89zb.com/jb/03978c4e701ac88ef729db8d3ac04d4d,True,5時間前,2026-09-30 05:22:07,滋賀県
完全在宅のTikTokライバー新着,株式会社HYBRIDBANK,滋賀県,"時給2,000円～",アルバイト・パート,美容,求人ボックス,https://xn--pckua2a7gp15o89zb.com/jb/bc4ac8d9bce0911a97dd3de54714365f,True,15時間前,2026-09-30 05:22:08,滋賀県
「新生活デビュー応援!」未経験採用枠／カプセルトイ製造スタッフ／研修充実新着,株式会社ライトキャリア,滋賀県,月給28万円～50万円,正社員,美容,求人ボックス,https://xn--pckua2a7gp15o89zb.com/jb/511edb1cdcc2785ad5e802be72ab1ed7,True,20時間前,2026-09-30 05:22:08,滋賀県
「新生活デビュー応援!」未経験採用枠／製造スタッフ・カプセルトイ／研修充実新着,NKY株式会社,滋賀県,月給28万円～50万円,正社員,美容,求人ボックス,https://xn--pckua2a7gp15o89zb.com/jb/a6c36941b1471274b894c50977cad18f,True,20時間前,2026-09-30 05:22:08,滋賀県
「全国採用」完全リモートの電話占い師／占い経験者・接客経験者・ナイトワーク経験者活躍中新着,株式会社インスピ,滋賀県,月給10万円～50万円,,美容,求人ボックス,https://xn--pckua2a7gp15o89zb.com/jbn/c3be061bbdcd3db80649bc7bf4b144e6,True,3時間前,2026-09-30 05:22:08,滋賀県
「全国採用」完全リモートの電話占い師／占い経験者・接客経験者・ナイトワーク経験者活躍中新着,株式会社シエロ,滋賀県,月給10万円～70万円,,美容,求人ボックス,https://xn--pckua2a7gp15o89zb.com/jbn/59d866f0c7048fc9dfc56d6c2e56c391,True,3時間前,2026-09-30 05:22:08,滋賀県
20.30代活躍中 おじいちゃんおばあちゃんの見守りスタッフ新着,株式会社ウィルオブ・ワーク,滋賀県,"時給1,400円",派遣社員,美容,求人ボックス,https://xn--pckua2a7gp15o89zb.com/jb/a593034bc422ef1ac2b66e1e38b68657,True,20時間前,2026-09-30 05:22:08,滋賀県
営業事務「正社員」働きやすい職場・完全週休2日制・草津市西渋川1丁目新着,株式会社ELシステム,滋賀県,"月給25万6,200円",正社員,医療事務,求人ボックス,https://xn--pckua2a7gp15o89zb.com/jbn/3ae4d1fdfb3135eec00f4cc6d0681a3c,True,9時間前,2026-09-30 05:21:47,滋賀県
販売・接客・サービス新着,株式会社ユタカファーマシー 能登川店,滋賀県,"時給1,136円～",アルバイト・パート,医療事務,求人ボックス,https://xn--pckua2a7gp15o89zb.com/jb/9aafa4ea4de029fb5d4eff753a90deb8,True,22時間前,2026-09-30 05:21:47,滋賀県
OA事務／充実の研修で安心スタート!／未経験でも安心／ワークライフバランス充実／WEB面接可能新着,事務,滋賀県,月給23万500円,正社員,医療事務,求人ボックス,https://xn--pckua2a7gp15o89zb.com/jbn/091514048b258718b85fd5ffcdc5e2f0,True,3時間前,2026-09-30 05:21:47,滋賀県
コツコツ事務でムリなく!ペースに合わせて学べる／事務アシスタント／育休あり／草津市大路1丁目新着,事務,滋賀県,"月給26万6,700円",正社員,医療事務,求人ボックス,https://xn--pckua2a7gp15o89zb.com/jbn/ed31e43f7fc484260c4484edde39451a,True,9時間前,2026-09-30 05:21:47,滋賀県
もくもくPC入力で安心勤務!完全週休2日制／総務事務／育休あり／草津市西渋川1丁目新着,事務,滋賀県,"月給26万8,400円",正社員,医療事務,求人ボックス,https://xn--pckua2a7gp15o89zb.com/jbn/b58464b7f0be1e13801d571e50539537,True,9時間前,2026-09-30 05:21:47,滋賀県
プライベートも両立しやすい!カンタン作業が中心／事務アシスタント／復職実績多数／草津市大路2丁目新着,株式会社LOP,滋賀県,"月給24万4,700円",正社員,医療事務,求人ボックス,https://xn--pckua2a7gp15o89zb.com/jbn/7d07c66f22567567b60030acf41163ad,True,9時間前,2026-09-30 05:21:48,滋賀県
書類整理でスッキリ!はじめてさんも安心／サポート事務／残業ほぼなし／草津市西渋川1丁目新着,事務,滋賀県,月給25万600円,正社員,医療事務,求人ボックス,https://xn--pckua2a7gp15o89zb.com/jbn/b98cbe3c2ff993c43c3f377ce5a8d5ae,True,10時間前,2026-09-30 05:21:48,滋賀県
一般事務スタッフ・研修制度充実・20代活躍中・草津市大路1丁目新着,事務,滋賀県,"月給26万9,300円",正社員,医療事務,求人ボックス,https://xn--pckua2a7gp15o89zb.com/jbn/730d8329187f00c2ead6c665d44d025f,True,9時間前,2026-09-30 05:21:48,滋賀県
営業事務・働きやすい職場・ブランクOK・草津市大路1丁目新着,事務,滋賀県,月給26万700円,正社員,医療事務,求人ボックス,https://xn--pckua2a7gp15o89zb.com/jbn/b5cc1e20579ac9281d2e59a207bceb3c,True,9時間前,2026-09-30 05:21:48,滋賀県
営業事務・簡単なPC操作のみ・ブランクOK・アシスタント業務・草津市大路2丁目新着,事務,滋賀県,"月給26万1,800円",正社員,医療事務,求人ボックス,https://xn--pckua2a7gp15o89zb.com/jbn/98835257b22d4036f994b555423bc5a5,True,9時間前,2026-09-30 05:21:48,滋賀県
PCはカンタン操作だけ!完全週休2日制／データ入力事務／残業ほぼなし／草津市西渋川1丁目新着,事務,滋賀県,"月給25万6,800円",正社員,医療事務,求人ボックス,https://xn--pckua2a7gp15o89zb.com/jbn/6522779244cdc93fb285abe3f003250f,True,9時間前,2026-09-30 05:21:48,滋賀県
事務アシスタント・メリハリある働き方・アシスタント業務・復職実績多数・大津市梅林1丁目新着,事務,滋賀県,月給26万500円,正社員,医療事務,求人ボックス,https://xn--pckua2a7gp15o89zb.com/jbn/799cbe4d0c5733768d4fb438d9469e08,True,8時間前,2026-09-30 05:21:48,滋賀県
営業事務・20代活躍中・あたたかい雰囲気の職場・簡単なPC操作のみ・大津市梅林1丁目新着,事務,滋賀県,"月給25万5,000円",正社員,医療事務,求人ボックス,https://xn--pckua2a7gp15o89zb.com/jbn/242877f282e6f87a0b555dbde31c46c2,True,9時間前,2026-09-30 05:21:48,滋賀県
「IT知識を活かして人を支えたい方歓迎」／ITアドバイザー／未経験歓迎／資格取得支援あり新着,株式会社Tetote,滋賀県,月給27万円～34万円,正社員,医療事務,求人ボックス,https://xn--pckua2a7gp15o89zb.com/jbn/8667e458b020e5603e013309b8d0a9ca,True,17時間前,2026-09-30 05:21:52,滋賀県
「IT知識を活かして人を支えたい方歓迎」／ITアドバイザー／未経験歓迎／資格取得支援あり新着,株式会社SNJAPAN,滋賀県,月給27万円～34万円,正社員,医療事務,求人ボックス,https://xn--pckua2a7gp15o89zb.com/jbn/02f64d279b2e89a3aff0d2bf828f1117,True,17時間前,2026-09-30 05:21:52,滋賀県
「男性も女性もクリエイティブに挑戦!」／ゲームクリエイター／未経験OK／福利厚生充実／安定勤務新着,このお仕事の特徴一般,滋賀県,月給27万円～34万円,正社員,医療事務,求人ボックス,https://xn--pckua2a7gp15o89zb.com/jbn/64f988adb19391db0013e5944b49c790,True,17時間前,2026-09-30 05:21:52,滋賀県
「プライベートも充実させやすい」／ゲームクリエイター／残業少なめ／年間休日120日以上／安定勤務新着,このお仕事の特徴一般,滋賀県,月給27万円～34万円,正社員,医療事務,求人ボックス,https://xn--pckua2a7gp15o89zb.com/jbn/b53053dcb5f06da8d6df90f1bd740054,True,17時間前,2026-09-30 05:21:52,滋賀県
「データを分析する仕事に興味がある方歓迎」／データサイエンティスト／未経験歓迎／研修制度充実新着,このお仕事の特徴一般,滋賀県,月給27万円～34万円,正社員,医療事務,求人ボックス,https://xn--pckua2a7gp15o89zb.com/jbn/7104e058f7cf45e80f1872fdc3ca1e5e,True,17時間前,2026-09-30 05:21:52,滋賀県
「月収30万円以上も目指せる!」／ゲームテスター／未経験歓迎／ゲームを繰り返し遊んで確認するお仕事新着,このお仕事の特徴一般,滋賀県,月給27万円～34万円,正社員,医療事務,求人ボックス,https://xn--pckua2a7gp15o89zb.com/jbn/38e0ed85fa0ee5ec25e8b3b87c864686,True,17時間前,2026-09-30 05:21:52,滋賀県
「IT知識を活かして人を支えたい方歓迎」／ITアドバイザー／未経験歓迎／資格取得支援あり新着,このお仕事の特徴一般,滋賀県,月給27万円～34万円,正社員,医療事務,求人ボックス,https://xn--pckua2a7gp15o89zb.com/jbn/59bf909eac2d26bb572d6742f8e98b93,True,17時間前,2026-09-30 05:21:52,滋賀県
「月収30万円を狙える!」／ゲームクリエイター／未経験歓迎／画面や素材をコツコツ作っていくお仕事新着,このお仕事の特徴一般,滋賀県,月給27万円～34万円,正社員,医療事務,求人ボックス,https://xn--pckua2a7gp15o89zb.com/jbn/e228b81693c0783eb3c99e042d489cd3,True,17時間前,2026-09-30 05:21:55,滋賀県
「未経験からゲーム企画に携われる!」／ゲームプランナー／発想力を活かせる／土日祝休みもあり新着,このお仕事の特徴一般,滋賀県,月給27万円～34万円,正社員,医療事務,求人ボックス,https://xn--pckua2a7gp15o89zb.com/jbn/965fc00bebcf83c993aca8136562cb5c,True,17時間前,2026-09-30 05:21:55,滋賀県
「月収30万円も実現可能!」／ゲームクリエイター／未経験OK／ゲームの素材をコツコツ仕上げるだけ新着,このお仕事の特徴一般,滋賀県,月給27万円～34万円,正社員,医療事務,求人ボックス,https://xn--pckua2a7gp15o89zb.com/jbn/a564084c8ed96a1b89874df51d715c26,True,17時間前,2026-09-30 05:21:55,滋賀県
「新しい企画を考えることが好きな方歓迎」／ゲームプランナー／未経験歓迎／研修充実／20〜30代活躍中新着,このお仕事の特徴一般,滋賀県,月給27万円～34万円,正社員,医療事務,求人ボックス,https://xn--pckua2a7gp15o89zb.com/jbn/eda777dfaf071975258a714b15a777e9,True,17時間前,2026-09-30 05:21:55,滋賀県
「最短でお仕事スタート!」／ゲームプログラマー／未経験OK／スピード選考／研修充実新着,このお仕事の特徴一般,滋賀県,月給27万円～34万円,正社員,医療事務,求人ボックス,https://xn--pckua2a7gp15o89zb.com/jbn/475a870af499aa20c6271cf3fd38eec5,True,17時間前,2026-09-30 05:21:55,滋賀県
「月収30万円以上も目指せる!」／ITアドバイザー／未経験OK／質問内容をサッと確認して案内するだけ新着,このお仕事の特徴一般,滋賀県,月給27万円～34万円,正社員,医療事務,求人ボックス,https://xn--pckua2a7gp15o89zb.com/jbn/196c1bb22033cb4fd21fceb4b089b056,True,17時間前,2026-09-30 05:21:55,滋賀県
アプリテスター／未経験歓迎／シンプル業務／年間休日120日以上／研修充実新着,このお仕事の特徴一般,滋賀県,月給27万円～34万円,正社員,医療事務,求人ボックス,https://xn--pckua2a7gp15o89zb.com/jbn/24648d44d1a10c32fa8e439f5217a547,True,17時間前,2026-09-30 05:21:59,滋賀県
「月収30万円を目指せる!」／ゲームプランナー／未経験OK／思いついたアイデアをポンポンまとめるだけ新着,このお仕事の特徴一般,滋賀県,月給27万円～34万円,正社員,医療事務,求人ボックス,https://xn--pckua2a7gp15o89zb.com/jbn/05961624cad4aa9b233abfba373c3a28,True,17時間前,2026-09-30 05:21:59,滋賀県
完全在宅のTikTokライバー新着,株式会社HYBRIDBANK,滋賀県,"時給2,000円～",アルバイト・パート,医療事務,求人ボックス,https://xn--pckua2a7gp15o89zb.com/jb/c4051051581df9888e45e06d78e5ab54,True,15時間前,2026-09-30 05:21:59,滋賀県
「同世代と一緒にITスキルを伸ばせる!」／アプリテスター／未経験歓迎／福利厚生充実新着,このお仕事の特徴一般,滋賀県,月給27万円～34万円,正社員,医療事務,求人ボックス,https://xn--pckua2a7gp15o89zb.com/jbn/03d4136a0e9edd3b46199111376342e5,True,17時間前,2026-09-30 05:22:03,滋賀県
ゲームプランナー／アイデアを活かしながらメリハリ勤務／残業少なめ／年間休日120日以上／安定勤務新着,このお仕事の特徴一般,滋賀県,月給27万円～34万円,正社員,医療事務,求人ボックス,https://xn--pckua2a7gp15o89zb.com/jbn/38ba822f74ccf9c5a7374347de3a22a5,True,17時間前,2026-09-30 05:22:03,滋賀県
「20代からクリエイティブに挑戦!」／ゲームクリエイター／未経験OK／長期安定／20〜30代活躍中新着,このお仕事の特徴一般,滋賀県,月給27万円～34万円,正社員,医療事務,求人ボックス,https://xn--pckua2a7gp15o89zb.com/jbn/03248b16d2e328e3cb1be6d7d3ebc219,True,17時間前,2026-09-30 05:22:03,滋賀県
「未経験からデータ分析のプロを目指せる!」／データサイエンティスト／数字が好きな方に新着,このお仕事の特徴一般,滋賀県,月給27万円～34万円,正社員,医療事務,求人ボックス,https://xn--pckua2a7gp15o89zb.com/jbn/48f958b8c6711f49007c590182e0fe96,True,17時間前,2026-09-30 05:22:03,滋賀県
ゲームプログラマー／未経験OK／昇給制度あり／年間休日120日以上／長期勤務歓迎新着,このお仕事の特徴一般,滋賀県,月給27万円～34万円,正社員,医療事務,求人ボックス,https://xn--pckua2a7gp15o89zb.com/jbn/a4fdd54552898594a0aa605f9d49c96d,True,17時間前,2026-09-30 05:22:03,滋賀県
「月収30万円を目指せる!」／アプリテスター／未経験歓迎／アプリをポチポチ操作して動作を確認するお仕...新着,このお仕事の特徴一般,滋賀県,月給27万円～34万円,正社員,医療事務,求人ボックス,https://xn--pckua2a7gp15o89zb.com/jbn/5e608ce1adce83887a6585c0b0719f07,True,17時間前,2026-09-30 05:22:03,滋賀県
ゲームテスター／未経験OK／福利厚生充実／交通費支給／昇給制度あり新着,このお仕事の特徴一般,滋賀県,月給27万円～34万円,正社員,医療事務,求人ボックス,https://xn--pckua2a7gp15o89zb.com/jbn/05f8672c7afd1bf5c53c0f6e3df257e1,True,17時間前,2026-09-30 05:22:03,滋賀県
事務・受付事務「正社員」PC入力ができればOK／定時退社・PC入力業務／草津市西渋川1丁目新着,JHR株式会社,滋賀県,月給28万円～46万円,正社員,医療事務,求人ボックス,https://xn--pckua2a7gp15o89zb.com/jb/04f5bb2e750bb4aacfb8417c1db5bbc6,True,20時間前,2026-09-30 05:22:06,滋賀県
老人ホームの清掃スタッフ／清掃新着,株式会社ティー・エス・ケー 草津ケアセンター,滋賀県,"時給1,140円",アルバイト・パート,医療事務,求人ボックス,https://xn--pckua2a7gp15o89zb.com/jb/07548d47f20b05cf69c8ea831918165e,True,7時間前,2026-09-30 05:22:06,滋賀県
病院内の清掃スタッフ／清掃新着,株式会社ティー・エス・ケー 琵琶湖療育院病院,滋賀県,"時給1,140円",アルバイト・パート,医療事務,求人ボックス,https://xn--pckua2a7gp15o89zb.com/jb/a75fafa27cad145dfcbcbb4d8eaa20cc,True,7時間前,2026-09-30 05:22:06,滋賀県
老人ホームの清掃スタッフ／清掃新着,株式会社ティー・エス・ケー ケアタウン南草津,滋賀県,"時給1,140円",アルバイト・パート,医療事務,求人ボックス,https://xn--pckua2a7gp15o89zb.com/jb/afc9271974b08c2d56df4983e20ed39c,True,7時間前,2026-09-30 05:22:06,滋賀県
病院内の清掃スタッフ／清掃新着,株式会社ティー・エス・ケー 淡海医療センター,滋賀県,"時給1,140円",アルバイト・パート,医療事務,求人ボックス,https://xn--pckua2a7gp15o89zb.com/jb/5eb85242555658e0eaf0c4bae7829a41,True,7時間前,2026-09-30 05:22:06,滋賀県
ノベルティグッズの検品・パッケージ業務／雑貨工場／軽作業／日勤／未経験歓迎新着,株式会社Braight JAPAN,滋賀県,"月給27万5,000円",正社員,医療事務,求人ボックス,https://xn--pckua2a7gp15o89zb.com/jbn/7d9109ebc4c197416f63a5dca47d5285,True,7時間前,2026-09-30 05:22:06,滋賀県
サングラスケースの検品・箱詰めスタッフ／未経験OK／月収30万以上／コツコツできる軽作業新着,株式会社Rasic,滋賀県,"月給31万5,000円",正社員,医療事務,求人ボックス,https://xn--pckua2a7gp15o89zb.com/jbn/53c1542f0aaaeb1920e961aa4cc70bbe,True,7時間前,2026-09-30 05:22:06,滋賀県
寮完備・寮費無料／月収30万以上可／コンタクトレンズケースの検品・包装／日勤／未経験OK／日払い新着,製造・業種ジャンル,滋賀県,月給34万円～39万円,正社員,医療事務,求人ボックス,https://xn--pckua2a7gp15o89zb.com/jbn/5208fc773e02e3270d794737d490fc39,True,7時間前,2026-09-30 05:22:06,滋賀県
キャラクターキーホルダーの袋詰め・選別／らくらく作業／学歴不問／日払い可能／Wi-Fi完備寮新着,Nipponアイピー株式会社,滋賀県,"時給1,720円～2,150円",アルバイト・パート,医療事務,求人ボックス,https://xn--pckua2a7gp15o89zb.com/jb/ac0bcc60cd280847bcadfb274cc3c571,True,23時間前,2026-09-30 05:22:10,滋賀県
SDカードケースの検品・包装／電子部品工場／軽作業／日勤／未経験歓迎／20~30代活躍中新着,製造・業種ジャンル,滋賀県,月給31万円～36万円,正社員,医療事務,求人ボックス,https://xn--pckua2a7gp15o89zb.com/jbn/cc070b1d517cb7f978f6a050d78dc77c,True,7時間前,2026-09-30 05:22:10,滋賀県
「未経験から活躍できる」／トレカの仕分けスタッフ／交通費支給／週払いOK／20~30代活躍中新着,製造・業種ジャンル,滋賀県,月給28万円～33万円,正社員,医療事務,求人ボックス,https://xn--pckua2a7gp15o89zb.com/jbn/598fb8f0250f7ea7532bc061ef37802f,True,7時間前,2026-09-30 05:22:10,滋賀県
「事務スキルを活かす!」薬の検査・データ入力スタッフ／20代から30代活躍中!／日払いOK新着,株式会社日本ケイテム,滋賀県,"時給1,500円～",アルバイト・パート,医療事務,求人ボックス,https://xn--pckua2a7gp15o89zb.com/jbn/5d2ca65a9bf6ed45e9deb84b702dbb58,True,21時間前,2026-09-30 05:22:10,滋賀県
「未経験から手に職を」／アロマキャンドルの検品スタッフ／長期安定／昇給あり／20~30代活躍中新着,製造・業種ジャンル,滋賀県,"月給32万5,000円",正社員,医療事務,求人ボックス,https://xn--pckua2a7gp15o89zb.com/jbn/d179d309a21f0cca6ebf7ac205eed360,True,7時間前,2026-09-30 05:22:10,滋賀県
「未経験から始めやすい」／缶コーヒーの箱詰めスタッフ／研修充実／日払いOK／20~30代活躍中新着,製造・業種ジャンル,滋賀県,月給31万円～36万円,正社員,医療事務,求人ボックス,https://xn--pckua2a7gp15o89zb.com/jbn/6ead515dd81e4eca13bc053f5db2b3c4,True,7時間前,2026-09-30 05:22:10,滋賀県
受付事務／完全週休2日制!土日祝休み!残業なし!フルタイム歓迎!平日のみOK新着,株式会社ルフト・メディカルケア,滋賀県,"時給1,450円",派遣社員,医療事務,求人ボックス,https://xn--pckua2a7gp15o89zb.com/jb/d82bb61ec1f34ff66c165f43eff41ad3,True,23時間前,2026-09-30 05:22:10,滋賀県
オフィスワークデビュー歓迎営業アシスタント／入力中心／未経験OK／No.140新着,事務,滋賀県,"月給27万2,000円",正社員,医療事務,求人ボックス,https://xn--pckua2a7gp15o89zb.com/jbn/ba4e7adcb4da66c2205d31f1dc45b827,True,9時間前,2026-09-30 05:22:14,滋賀県
一般事務／「憧れ事務デビュー 」研修充実で安心! 自分らしく成長できる新着,UPWORLD株式会社,滋賀県,月給25万円～,正社員,医療事務,求人ボックス,https://xn--pckua2a7gp15o89zb.com/jb/50597a69dfd0a65180db96dad90ceb8c,True,9時間前,2026-09-30 05:22:14,滋賀県
「未経験スタート多数活躍中」／Webカメラの検品スタッフ／交通費支給／高待遇／20~30代活躍中新着,製造・業種ジャンル,滋賀県,月給34万円～39万円,正社員,医療事務,求人ボックス,https://xn--pckua2a7gp15o89zb.com/jbn/c35b47f59ff5125ed50ecf03ab38fdf1,True,7時間前,2026-09-30 05:22:14,滋賀県
アイマスクの検品・袋詰め／日用品工場／軽作業／日勤／未経験OK／簡単作業新着,製造・業種ジャンル,滋賀県,月給28万円～33万円,正社員,医療事務,求人ボックス,https://xn--pckua2a7gp15o89zb.com/jbn/0292f23055c98b6811267a3a1459fc04,True,7時間前,2026-09-30 05:22:14,滋賀県
受付業務などを行う歯科助手新着,草津ほんじょう歯科,滋賀県,"時給1,200円",アルバイト・パート,医療事務,求人ボックス,https://xn--pckua2a7gp15o89zb.com/jb/ac88c9700fab74607c85172bf1f86976,True,7時間前,2026-09-30 05:22:14,滋賀県
はちみつボトルの検品・箱詰め業務／寮費無料／未経験歓迎／月収30万以上／清潔な職場新着,製造・業種ジャンル,滋賀県,月給31万円～36万円,正社員,医療事務,求人ボックス,https://xn--pckua2a7gp15o89zb.com/jbn/80174e4b75a2df0d6be43b2b243e599a,True,7時間前,2026-09-30 05:22:14,滋賀県
寮完備・寮費無料／月収30万以上可／コーヒーフィルターの検品・箱詰め／日勤／未経験歓迎／日払い新着,製造・業種ジャンル,滋賀県,"月給29万5,000円",正社員,医療事務,求人ボックス,https://xn--pckua2a7gp15o89zb.com/jbn/37df4eb1cb1975355dc7fb2aeb9df0a1,True,7時間前,2026-09-30 05:22:14,滋賀県
サポート中心で安心データ入力事務／入力中心／未経験OK／No.139新着,事務,滋賀県,"月給26万5,000円",正社員,医療事務,求人ボックス,https://xn--pckua2a7gp15o89zb.com/jbn/7bc0312942bd974325f374306f5b1a6a,True,9時間前,2026-09-30 05:22:17,滋賀県
物流センターの一般事務新着,SBSロジコム株式会社,滋賀県,"時給1,200円～1,500円",契約社員,医療事務,求人ボックス,https://xn--pckua2a7gp15o89zb.com/jb/6931bd4f7a606ff150b7af68ffaf0b0a,True,18時間前,2026-09-30 05:22:17,滋賀県
アイマスクの検品・袋詰めスタッフ／未経験OK／月収30万以上／座り作業中心の軽作業新着,製造・業種ジャンル,滋賀県,"月給32万5,000円",正社員,医療事務,求人ボックス,https://xn--pckua2a7gp15o89zb.com/jbn/8a52973b3918c3c7bbc4c89be85760a0,True,7時間前,2026-09-30 05:22:17,滋賀県
寮完備・寮費無料／月収30万以上可／テニスボールの検品・箱詰め作業／日勤／未経験OK／日払い新着,製造・業種ジャンル,滋賀県,月給28万円～33万円,正社員,医療事務,求人ボックス,https://xn--pckua2a7gp15o89zb.com/jbn/8a7f1de1cb98fb55d0c6d73109c2fb5f,True,7時間前,2026-09-30 05:22:17,滋賀県
コツコツ進める受付事務／入力中心／未経験OK／No.141新着,事務,滋賀県,"月給27万9,000円",正社員,医療事務,求人ボックス,https://xn--pckua2a7gp15o89zb.com/jbn/71a477b8af3181065a01d1f724a9997c,True,9時間前,2026-09-30 05:22:17,滋賀県
寮完備・寮費無料／月収30万以上可／SDカードケースの検品・包装／日勤／未経験歓迎／日払い新着,製造・業種ジャンル,滋賀県,"月給32万5,000円",正社員,医療事務,求人ボックス,https://xn--pckua2a7gp15o89zb.com/jbn/4deb79674f4ff5bceb2cbcb14bbbc42c,True,7時間前,2026-09-30 05:22:17,滋賀県
一般事務スタッフ／未経験OK／長期キャリア形成／研修制度充実新着,株式会社小林,滋賀県,"月給32万7,700円",正社員,事務,求人ボックス,https://xn--pckua2a7gp15o89zb.com/jbn/9da131a3de3baff45dcc04c5c1ea656f,True,6時間前,2026-09-30 05:22:10,滋賀県
未経験から始める一般事務／データ入力と書類整理／研修あり・土日祝休み新着,一般事務,滋賀県,月給29万100円,正社員,事務,求人ボックス,https://xn--pckua2a7gp15o89zb.com/jbn/0b65d8f72d5e5727ddfa3e47c75d08b0,True,6時間前,2026-09-30 05:22:10,滋賀県
事務職／一般事務／年間休日125日以上／土日祝休み／未経験者も安心サポ...新着,事務,滋賀県,"月給21万6,500円",正社員,事務,求人ボックス,https://xn--pckua2a7gp15o89zb.com/jbn/87b5a765b3f1e172351d7645f335d848,True,2時間前,2026-09-30 05:22:11,滋賀県
一般事務／未経験歓迎／書類作成とメール対応／賞与あり・週休2日制新着,一般事務,滋賀県,"月給31万2,300円",正社員,事務,求人ボックス,https://xn--pckua2a7gp15o89zb.com/jbn/98b55b7fe390450cc00d14b5a8cecb20,True,6時間前,2026-09-30 05:22:11,滋賀県
PC入力できればOK!はじめてさんも安心／一般事務スタッフ／土日祝休み新着,事務,滋賀県,"月給24万7,500円",正社員,事務,求人ボックス,https://xn--pckua2a7gp15o89zb.com/jbn/a95cc5c48019dfb0cba81c6c81175629,True,9時間前,2026-09-30 05:22:17,滋賀県
一般事務／未経験歓迎／完全週休2日／年間休日122日／昇給あり新着,株式会社Lazy Bacchus,滋賀県,月給22万円～,正社員,事務,求人ボックス,https://xn--pckua2a7gp15o89zb.com/jb/7043dd89973b42bcb3a407c4f21c2862,True,22時間前,2026-09-30 05:22:21,滋賀県
土日祝休み／27卒・新卒／一般事務／電話取次ぎや書類整理を担当新着,株式会社大斗,滋賀県,"月給26万2,400円",正社員,事務,求人ボックス,https://xn--pckua2a7gp15o89zb.com/jbn/b711268d0476583293dab99464eb1d02,True,8時間前,2026-09-30 05:22:24,滋賀県
「文字が入力できればOK」未経験から始める一般事務職／簡単なショートカ...新着,事務・,滋賀県,"月給22万3,000円",正社員,事務,求人ボックス,https://xn--pckua2a7gp15o89zb.com/jbn/c3de61a2d589b844381cd0f9f7c0bec0,True,2時間前,2026-09-30 05:22:26,滋賀県
「有休消化率90%超え」の休みが取りやすい一般事務／連休取得もOK新着,事務,滋賀県,"月給22万3,000円",正社員,事務,求人ボックス,https://xn--pckua2a7gp15o89zb.com/jbn/394456a861809d9d1a14a96d824dd659,True,3時間前,2026-09-30 05:22:31,滋賀県
一般事務スタッフ／未経験OK／郵便物管理や電話応対／20代30代活躍中新着,一般事務,滋賀県,"月給29万4,500円",正社員,事務,求人ボックス,https://xn--pckua2a7gp15o89zb.com/jbn/f5c990440389264d96b0c0eb0a760ede,True,6時間前,2026-09-30 05:22:31,滋賀県
「電話に出ない一般事務」まずは先輩の隣で入力作業。焦らなくていい新着,営業,滋賀県,月給23万円～50万円,正社員,事務,求人ボックス,https://xn--pckua2a7gp15o89zb.com/jbn/c6748af4d6513004c7bcc013951e4f39,True,2時間前,2026-09-30 05:22:35,滋賀県
9:00～17:00 一般事務 大津駅スグ 即日／時給1300円新着,一般事務・,滋賀県,時給1300円,派遣社員,事務,求人ボックス,https://xn--pckua2a7gp15o89zb.com/jb/164e9bca25bc0e8fb9637f93f9039b96,True,13時間前,2026-09-30 05:22:39,滋賀県
当社滋賀営業所にてデータ入力などの一般事務業務／日勤新着,フジアルテ株式会社,滋賀県,月給22万円,正社員,事務,求人ボックス,https://xn--pckua2a7gp15o89zb.com/jb/b83482a1bc24a716ae12c638c508c7ec,True,16時間前,2026-09-30 05:22:39,滋賀県
デイサービスの機能訓練指導員／短時間勤務可新着,株式会社ツクイ,滋賀県,"時給1,477円",アルバイト・パート,治療家,求人ボックス,https://xn--pckua2a7gp15o89zb.com/jb/57d37507f031695287477236d51f194e,True,14時間前,2026-09-30 05:22:41,滋賀県
「数字入力がメインの軽め事務」／経理事務／未経験95%／未経験歓迎新着,経理,滋賀県,"月給25万5,200円",正社員,経理,求人ボックス,https://xn--pckua2a7gp15o89zb.com/jbn/d537148d6e981678a81338c0582ba604,True,13時間前,2026-09-30 05:22:14,滋賀県
経理事務／残業月10h程／転勤無×年休120日／創業100年超の安定企...新着,杉橋建設株式会社,滋賀県,年収300万円～500万円,正社員,経理,求人ボックス,https://xn--pckua2a7gp15o89zb.com/jb/7b3b421cf6906ad5ce16372f15899006,True,8時間前,2026-09-30 05:22:14,滋賀県
OA事務／充実の研修で安心スタート!／ブランクOK／若手活躍中／週休2日制新着,事務,滋賀県,月給19万500円,正社員,経理,求人ボックス,https://xn--pckua2a7gp15o89zb.com/jbn/5403570fcb368fcbcc8c47f4d07d49d6,True,3時間前,2026-09-30 05:22:14,滋賀県
20代活躍中!続けやすいメリハリ勤務／総務事務／ブランクOK／草津市大路2丁目新着,株式会社ELM,滋賀県,"月給24万4,900円",正社員,経理,求人ボックス,https://xn--pckua2a7gp15o89zb.com/jbn/8f037cca30c4e2de02716960d523bea1,True,8時間前,2026-09-30 05:22:14,滋賀県
あたたかい職場で長く働く!ペースに合わせて学べる／カンタン事務／復職実績多数／草津市西渋川1丁目新着,事務,滋賀県,"月給25万9,500円",正社員,経理,求人ボックス,https://xn--pckua2a7gp15o89zb.com/jbn/d3d21fb050a4f25c3c95171c03145d66,True,9時間前,2026-09-30 05:22:15,滋賀県
「髪色・髪型自由」／データ入力事務／データ管理／高収入「正社員」新着,事務,滋賀県,月給19万500円,正社員,経理,求人ボックス,https://xn--pckua2a7gp15o89zb.com/jbn/109ea71422728e4d6fe2011a41e27e14,True,2時間前,2026-09-30 05:22:15,滋賀県
営業サポート事務／交通費全額支給／経験者優遇／充実の研修で安心スタート新着,事務,滋賀県,月給19万500円,正社員,経理,求人ボックス,https://xn--pckua2a7gp15o89zb.com/jbn/045b7143d11b2f3fac8219070d474f56,True,3時間前,2026-09-30 05:22:15,滋賀県
OA事務／充実の研修で安心スタート!／経験者優遇／事務正社員／ブランクOK新着,事務,滋賀県,月給19万500円,正社員,経理,求人ボックス,https://xn--pckua2a7gp15o89zb.com/jbn/854de286828555623f3639c3207a71b2,True,2時間前,2026-09-30 05:22:15,滋賀県
高時給1400円 残業ナシ 大手Grで経理新着,経理・,滋賀県,時給1400円,派遣社員,経理,求人ボックス,https://xn--pckua2a7gp15o89zb.com/jb/18084e26b2e0da24b54eeb9669beefb2,True,13時間前,2026-09-30 05:22:19,滋賀県
「若手からデータ分析のスキルを習得!」／データサイエンティスト／未経験OK／丁寧な研修あり新着,このお仕事の特徴一般,滋賀県,月給27万円～34万円,正社員,経理,求人ボックス,https://xn--pckua2a7gp15o89zb.com/jbn/f14132c90d5ea22a0f9e6e12afae0c01,True,17時間前,2026-09-30 05:22:23,滋賀県
未経験可／研修充実／システムエンジニア新着,infront株式会社,滋賀県,月給28万円～50万円,正社員,経理,求人ボックス,https://xn--pckua2a7gp15o89zb.com/jbn/99a4b612d304adf1df36222e60022b99,True,11時間前,2026-09-30 05:22:29,滋賀県
「ゲームの細かな変化に気づける方におすすめ」／ゲームテスター／未経験OK／コツコツ作業新着,このお仕事の特徴一般,滋賀県,月給27万円～34万円,正社員,経理,求人ボックス,https://xn--pckua2a7gp15o89zb.com/jbn/150e10dc9032b777549f257dc7f48d6e,True,17時間前,2026-09-30 05:22:29,滋賀県
「メリハリをつけて働ける」／アプリテスター／残業少なめ／年間休日120日以上／安定勤務新着,このお仕事の特徴一般,滋賀県,月給27万円～34万円,正社員,経理,求人ボックス,https://xn--pckua2a7gp15o89zb.com/jbn/f8f268d4728a96d69ad449b8adb67386,True,17時間前,2026-09-30 05:22:32,滋賀県
サポート事務・年間休日125日以上・あたたかい雰囲気の職場・大津市梅林1丁目新着,事務,滋賀県,"月給25万1,900円",正社員,経理,求人ボックス,https://xn--pckua2a7gp15o89zb.com/jbn/cf11b1245dab23daffc6674a2cde634c,True,9時間前,2026-09-30 05:22:32,滋賀県
エンジニア補助事務員新着,株式会社ホットスタッフ滋賀,滋賀県,"時給1,450円",派遣社員,経理,求人ボックス,https://xn--pckua2a7gp15o89zb.com/jb/c476a3745a448cb05292bdb55ffcab38,True,11時間前,2026-09-30 05:22:35,滋賀県
福利厚生充実の注目求人／経理アシスタント／オフィスワーク／未経験歓迎新着,経理,滋賀県,"月給25万3,000円",正社員,経理,求人ボックス,https://xn--pckua2a7gp15o89zb.com/jbn/055296d8bbf9e69cfd8ccd839e6dc075,True,15時間前,2026-09-30 05:22:39,滋賀県
「まだ間に合う!」未経験からできる一般事務／研修充実／昇給年2回・賞与年2回新着,株式会社Light BROTHERS,滋賀県,月給25万円～40万円,正社員,経理,求人ボックス,https://xn--pckua2a7gp15o89zb.com/jb/366c9d37528c47a820007c9ea5ef9aef,True,20時間前,2026-09-30 05:22:39,滋賀県
一般事務／完全デスクワーク業務／月平均残業時間10時間／整った環境で働ける配属先選定／2670新着,有限会社サンゴールド,滋賀県,月給27万円～32万円,正社員,経理,求人ボックス,https://xn--pckua2a7gp15o89zb.com/jbn/b282e11a132006c07855843e8a4e7646,True,11時間前,2026-09-30 05:22:39,滋賀県
「福利厚生充実」／事務スタッフ／社会保険完備／ボーナスあり「正社員」新着,<こんな先輩たちが活躍中>飲食店スタッフ、アパレル販売員、コールセンターオペレーターなど、,滋賀県,月給19万500円,正社員,経理,求人ボックス,https://xn--pckua2a7gp15o89zb.com/jbn/da16027245ef2311e591828685ecd3b4,True,2時間前,2026-09-30 05:22:39,滋賀県
事務職／週休完全2日制／研修制度完備／髪色自由／既卒歓迎／安定収入新着,経理,滋賀県,月給23万円～50万円,正社員,経理,求人ボックス,https://xn--pckua2a7gp15o89zb.com/jbn/88a112d9a8287665dadafc23736f2c9b,True,2時間前,2026-09-30 05:22:39,滋賀県
事務・人事事務／データ入力・経験に自信がなくてもOK新着,JHR株式会社,滋賀県,月給25万円～40万円,正社員,経理,求人ボックス,https://xn--pckua2a7gp15o89zb.com/jb/ce784d6fd4781afbfec6173340647249,True,20時間前,2026-09-30 05:22:43,滋賀県
事務職／営業事務／20代女性活躍中／ワークライフバランス良好／駅近勤務／ネイル・ピアスOK新着,人間関係の良さが自慢の職場です!「わからないことがあっても聞きづらい…」そんな心配は一切不要 優しい先輩たちがあなたの,滋賀県,"月給21万6,500円",正社員,経理,求人ボックス,https://xn--pckua2a7gp15o89zb.com/jbn/c9f20657ab9904323067dc327e046105,True,2時間前,2026-09-30 05:22:43,滋賀県
データ入力・事務／若手活躍中／服装自由／髪色自由／既卒歓迎／安定収入新着,経理,滋賀県,月給23万円～50万円,正社員,経理,求人ボックス,https://xn--pckua2a7gp15o89zb.com/jbn/b71e1b372b68ee04af45f2b4aba8a189,True,2時間前,2026-09-30 05:22:43,滋賀県
未経験からなれる人気ゲームのQAエンジニア／寮・社宅・家賃補助あり／資格取得支援あり新着,GOEN株式会社,滋賀県,月給30万円～51万,正社員,経理,求人ボックス,https://xn--pckua2a7gp15o89zb.com/jbn/f1f708359c8450c10529dcd2016b5124,True,11時間前,2026-09-30 05:22:43,滋賀県
看護師のサポート／完全週休2日制!土日祝休み!残業なし!フルタイム歓迎新着,株式会社ルフト・メディカルケア,滋賀県,"時給1,500円",派遣社員,看護,求人ボックス,https://xn--pckua2a7gp15o89zb.com/jb/6c208d583a6bae87311c87cb9d4d871e,True,23時間前,2026-09-30 05:22:20,滋賀県
正看護師／訪問看護 日勤のみ新着,有限会社ケアサポートリブ,滋賀県,"時給1,800円～2,350円",アルバイト・パート,看護,求人ボックス,https://xn--pckua2a7gp15o89zb.com/jb/90447bce8661381807ac6c3124933196,True,8時間前,2026-09-30 05:22:20,滋賀県
40代50代も資格活かして週1日から無理なく活躍できる重心障がい者グループホームで夜勤専従看護師新着,看護師,滋賀県,"日給2万5,990円",アルバイト・パート,看護,求人ボックス,https://xn--pckua2a7gp15o89zb.com/jb/f6de7cb231f56c644808012610ca872e,True,14時間前,2026-09-30 05:22:20,滋賀県
40代50代も資格を活かして即戦力に小規模障がい者グループホーム看護師新着,看護師,滋賀県,"時給1,690円～2,595円",アルバイト・パート,看護,求人ボックス,https://xn--pckua2a7gp15o89zb.com/jb/c863363ad60f8519dfa3514aeebe4896,True,14時間前,2026-09-30 05:22:20,滋賀県
長浜駅／看護師さんのサポートスタッフ 医療行為なし新着,株式会社コトリオ,滋賀県,"時給1,550円～2,187円",派遣社員,看護,求人ボックス,https://xn--pckua2a7gp15o89zb.com/jb/9a0fc0a98cecdb8084053c535ace264f,True,14時間前,2026-09-30 05:22:20,滋賀県
週2日から8人の知的と身体の重度障がいをお持ちの方のサポート看護師新着,看護,滋賀県,"時給1,690円～2,595円",アルバイト・パート,看護,求人ボックス,https://xn--pckua2a7gp15o89zb.com/jb/aa947c82a93cb8e029da085c7cdd26d4,True,14時間前,2026-09-30 05:22:20,滋賀県
Wワークも1日3時間から障がい者8人の看護師新着,看護師,滋賀県,"時給1,690円～2,595円",アルバイト・パート,看護,求人ボックス,https://xn--pckua2a7gp15o89zb.com/jb/85ac29c422023ff329e7fab87b22c2ea,True,14時間前,2026-09-30 05:22:20,滋賀県
シフト自由に選べる!ライフスタイルに合わせて働く小規模な重度障がい者グループホーム夜勤専従看護師新着,看護師,滋賀県,"日給2万5,990円",アルバイト・パート,看護,求人ボックス,https://xn--pckua2a7gp15o89zb.com/jb/33bd03f517b5b77db3f37fe933b7e973,True,14時間前,2026-09-30 05:22:21,滋賀県
ドンキホーテ草津店から車で15分ほど8人の障害者グループホームで看護師新着,看護師,滋賀県,"時給1,690円～2,595円",アルバイト・パート,看護,求人ボックス,https://xn--pckua2a7gp15o89zb.com/jb/58306195e0b4c0a5c2d38e65896dbc8c,True,14時間前,2026-09-30 05:22:21,滋賀県
週1日からWi-Fi完備で休憩は状況に応じて柔軟に取得可メリハリつけて働く夜勤専従看護師新着,看護師,滋賀県,"日給2万5,990円",アルバイト・パート,看護,求人ボックス,https://xn--pckua2a7gp15o89zb.com/jb/6568ca98f8bc426d682492c91aeaac18,True,14時間前,2026-09-30 05:22:21,滋賀県
"未経験も資格を活かして即戦力に日給25,990円から障がい者グループホーム夜勤専従看護師新着",看護師,滋賀県,"日給25,990円",アルバイト・パート,看護,求人ボックス,https://xn--pckua2a7gp15o89zb.com/jb/ad6e99ef0fb27af92f195761592d5847,True,14時間前,2026-09-30 05:22:21,滋賀県
選べるシフトでWワークにもおすすめ小規模な重度障がい者グループホームで看護師新着,看護師,滋賀県,"日給2万5,990円",アルバイト・パート,看護,求人ボックス,https://xn--pckua2a7gp15o89zb.com/jb/c8d98b7a12a654f5a80392ab73978809,True,14時間前,2026-09-30 05:22:21,滋賀県
"時給1,690円から重心障がい者のある方への医療的ケアを含む看護師新着",看護師,滋賀県,"時給1,690円",アルバイト・パート,看護,求人ボックス,https://xn--pckua2a7gp15o89zb.com/jb/7e8b4bd09ce8fc0e3120af9de5f8023d,True,14時間前,2026-09-30 05:22:21,滋賀県
看護師／デイサービス・デイケア新着,医療法人社団幸信会 青葉メディカル 夕暮れデイセ...,滋賀県,"時給1,700円",アルバイト・パート,看護,求人ボックス,https://xn--pckua2a7gp15o89zb.com/jb/06701b9a1395b708a9a0ac75923d279c,True,7時間前,2026-09-30 05:22:21,滋賀県
デイサービス看護師／夜勤なし新着,株式会社ツクイ,滋賀県,月給23万円,正社員,看護,求人ボックス,https://xn--pckua2a7gp15o89zb.com/jb/7faf7cd5ee629b5df78e90676b64f52a,True,14時間前,2026-09-30 05:22:24,滋賀県
正看護師／病棟／日勤 週3～5日で勤務可能! 自然豊かな環境の病院新着,株式会社スーパーナース,滋賀県,"時給2,200円",派遣社員,看護,求人ボックス,https://xn--pckua2a7gp15o89zb.com/jb/8fa667ea3191f0fd7d0b30b8841824d4,True,15時間前,2026-09-30 05:22:24,滋賀県
託児所の保育スタッフ新着,ルートインジャパン株式会社,滋賀県,"時給1,100円",アルバイト・パート,看護,求人ボックス,https://xn--pckua2a7gp15o89zb.com/jb/82bc21c70e645a1e2da39ea6f8ed34a0,True,23時間前,2026-09-30 05:22:24,滋賀県
無資格OK 病院での看護アシスタント新着,株式会社ウィルオブ・ワーク,滋賀県,"時給1,400円",派遣社員,看護,求人ボックス,https://xn--pckua2a7gp15o89zb.com/jb/f2f5472366ef388e1cba23465e11d620,True,20時間前,2026-09-30 05:22:27,滋賀県
介護職／介護老人保健施設新着,医療法人社団美松会 介護老人保健施設ケアセンター...,滋賀県,月給18万円～26万円,正社員,看護,求人ボックス,https://xn--pckua2a7gp15o89zb.com/jb/f4bf926e11aac2c96e49114396ddd092,True,2時間前,2026-09-30 05:22:27,滋賀県
Wi-Fi完備で休憩は状況に応じて柔軟に取得可メリハリつけて働く夜勤専従世話人新着,...障がい者向けグループホームにて夜勤専従世話人(生活支援員)としてのお仕事をお願いします。・起床・就寝介助、食事・トイレ介助・服薬のお手伝い・夜間の見守り など 調理なし 夜勤は4名体制で安心,滋賀県,"日給2万1,690円",アルバイト・パート,看護,求人ボックス,https://xn--pckua2a7gp15o89zb.com/jb/6cc37ee9f19f7dc551d77bcfac592a03,True,14時間前,2026-09-30 05:22:27,滋賀県
医療機器の 営業 直行直帰OK／飛び込み営業なし新着,株式会社ダテ・メディカルサービス,滋賀県,"月給25万1,100円",正社員,看護,求人ボックス,https://xn--pckua2a7gp15o89zb.com/jb/ef83bd004578f58ed80d0cede96461f9,True,19時間前,2026-09-30 05:22:31,滋賀県
ホームヘルパー／シフト制／研修あり／車通勤OK／資格取得支援／安定企業新着,ホームケア土屋 滋賀,滋賀県,"時給1,720円～1,850円",アルバイト・パート,看護,求人ボックス,https://xn--pckua2a7gp15o89zb.com/jbn/5b5b13519c0ccbdddc72702969863ba1,True,2時間前,2026-09-30 05:22:31,滋賀県
一般事務／クリニックでの事務サポート新着,マンパワーグループ株式会社,滋賀県,"時給1,300円",派遣社員,看護,求人ボックス,https://xn--pckua2a7gp15o89zb.com/jb/0dd34f31f5de132245fb5e49d4ce868d,True,5時間前,2026-09-30 05:22:31,滋賀県
未経験も4人体制で安心!選べるシフトで働きやすい重度障がい者の夜勤専従世話人新着,仕事の内容夜勤専従世話人(生活支援員)としてのお仕事をお願いします。・起床・就寝介助、食事・トイレ介助・服薬のお手伝い・夜間の見守り など 調理なし 夜勤は4名体制で安心,滋賀県,"日給2万1,690円",アルバイト・パート,看護,求人ボックス,https://xn--pckua2a7gp15o89zb.com/jb/6cf9566970ae39431c6f750c8abaad1c,True,14時間前,2026-09-30 05:22:31,滋賀県
調理員・無資格可の調理師／調理スタッフ新着,しみんふくしの家八日市認知症対応グループホーム,滋賀県,"時給1,136円",アルバイト・パート,看護,求人ボックス,https://xn--pckua2a7gp15o89zb.com/jb/f01bcd0655b930691439c67ae3f1d1d6,True,7時間前,2026-09-30 05:22:31,滋賀県
全国規模の法人が運営するホスピス施設です!／一般看護師新着,看護師,滋賀県,年収487万円～529万円,正社員,看護,求人ボックス,https://xn--pckua2a7gp15o89zb.com/jb/7491841749d3e88d814051f64dd3f668,True,23時間前,2026-09-30 05:22:31,滋賀県
「愛知県勤務」交通誘導／待遇に自信あり／引っ越しサポートあり・日払い週払い可新着,セキュリティスタッフ株式会社,滋賀県,"日給9,500円",正社員,警備,求人ボックス,https://xn--pckua2a7gp15o89zb.com/jb/2fad06883986ed7f74ad4a7e80983aca,True,4時間前,2026-09-30 05:22:47,滋賀県
設備管理 未経験歓迎 夜勤少なめ 賞与年2回支給新着,星光ビル管理株式会社,滋賀県,月給26万円～30万円,正社員,警備,求人ボックス,https://xn--pckua2a7gp15o89zb.com/jb/930adb7d6ef07b7488654b26ae75b545,True,23時間前,2026-09-30 05:22:47,滋賀県
分譲マンション管理フロント営業 専門職／滋賀新着,警備,滋賀県,"月給24万2,000円",正社員,警備,求人ボックス,https://xn--pckua2a7gp15o89zb.com/jb/b9fcc0aacdf4962fbf471ec0fa90aa5b,True,17時間前,2026-09-30 05:22:47,滋賀県
寮費無料の住み込みワーク／電動ドライバー用軸部品のネジ締め・外観確認新着,ドライバー,滋賀県,月給35万円～38万円,正社員,ドライバー,求人ボックス,https://xn--pckua2a7gp15o89zb.com/jbn/74423de7a796c9049c2833d99dc4da48,True,3時間前,2026-09-30 05:22:42,滋賀県
10t大型ドライバー 借り上げ社宅制度 マイカー通勤可 資格取得支援あ...新着,株式会社ヨコタエンタープライズ,滋賀県,月給36万円～38万円,正社員,ドライバー,求人ボックス,https://xn--pckua2a7gp15o89zb.com/jb/5c100973083453e399d9b87d10dca4ea,True,4時間前,2026-09-30 05:22:42,滋賀県
未経験者可 大型車ドライバー 月30万円～ 社員寮あり 完全土日休み新着,株式会社トーマ東海,滋賀県,月給30万円～50万円,正社員,ドライバー,求人ボックス,https://xn--pckua2a7gp15o89zb.com/jb/bc1265cfc452709af0b81734d388c8e6,True,5時間前,2026-09-30 05:22:42,滋賀県
人材ファーストな会社 未経験でも男女関係なく月収40万円以上～!日用雑貨の軽貨物配送ドライバー新着,株式会社RIMURU,滋賀県,月給38万円～60万円,,ドライバー,求人ボックス,https://xn--pckua2a7gp15o89zb.com/jb/8ac2f21f57f322239a2bd4a9e1796383,True,11時間前,2026-09-30 05:22:42,滋賀県
AT限定車で配送ドライバー軽い荷物をお届けします未経験でも男女関係なく...新着,株式会社FOOTBALL LIFE,滋賀県,月給30万円～70万円,正社員,ドライバー,求人ボックス,https://xn--pckua2a7gp15o89zb.com/jb/af3c7cb8d079dd425a8fd63d881466e9,True,10時間前,2026-09-30 05:22:42,滋賀県
未経験でも月収65万円以上!夢ある軽貨物ドライバー車貸し出しありですぐ...新着,齊藤美装株式会社,滋賀県,"月給35万4,510円",,ドライバー,求人ボックス,https://xn--pckua2a7gp15o89zb.com/jb/61c6d4c2d8d105b4d21f6062cbf65a8c,True,11時間前,2026-09-30 05:22:42,滋賀県
年収500万円以上狙える!働きやすさバツグンのオンラインショップの商品配送ドライバー新着,株式会社ムラセ,滋賀県,月給30万円～50万円,正社員,ドライバー,求人ボックス,https://xn--pckua2a7gp15o89zb.com/jb/c948bc2ccb29343472d83dc4448ac8c4,True,9時間前,2026-09-30 05:22:43,滋賀県
軽四ドライバー 宅配ドライバー新着,佐川急便株式会社,滋賀県,"時給1,234円",アルバイト・パート,ドライバー,求人ボックス,https://xn--pckua2a7gp15o89zb.com/jb/8b0925ae126c9d15f548e4b5bcee3dc7,True,19時間前,2026-09-30 05:22:43,滋賀県
大型トラックドライバー新着,株式会社キャリオン,滋賀県,月給35万円～55万円,正社員,ドライバー,求人ボックス,https://xn--pckua2a7gp15o89zb.com/jb/273ff0089937f47cf44a13281ea7ea0d,True,14時間前,2026-09-30 05:22:43,滋賀県
時給1800円／週2から勤務OK／引越ドライバー新着,株式会社ハートキャリア,滋賀県,時給1800円,派遣社員,ドライバー,求人ボックス,https://xn--pckua2a7gp15o89zb.com/jb/7f91da1292f60fd16224384025b19595,True,13時間前,2026-09-30 05:22:43,滋賀県
軽自動車を使用した食料品ルート配送ドライバー新着,コープ自然派リンクス,滋賀県,"時給1,500円",アルバイト・パート,ドライバー,求人ボックス,https://xn--pckua2a7gp15o89zb.com/jb/4add66368a6048f9726bb90805846017,True,17時間前,2026-09-30 05:22:43,滋賀県
軽貨物の輸送ドライバー大募集中前職より平均年収150万円UP!新着,ツーアイリンク合同会社,滋賀県,月給30万円～50万円,正社員,ドライバー,求人ボックス,https://xn--pckua2a7gp15o89zb.com/jb/fddb444c92206bbed9d3d9fe37b3eb0c,True,9時間前,2026-09-30 05:22:43,滋賀県
ドライバー・運転手、配達・配送・宅配便新着,株式会社関西丸和ロジスティクス,滋賀県,月給25万円～32万円,正社員,ドライバー,求人ボックス,https://xn--pckua2a7gp15o89zb.com/jb/a45f0f344ada92c79a779bb1991ef52e,True,3時間前,2026-09-30 05:22:47,滋賀県
デイサービス送迎ドライバー／短時間シフト可新着,株式会社ツクイ,滋賀県,"時給1,080円",アルバイト・パート,ドライバー,求人ボックス,https://xn--pckua2a7gp15o89zb.com/jb/376df91d0e545278b8c2d995f4d8a48d,True,14時間前,2026-09-30 05:22:47,滋賀県
「モクモク軽作業!」機械の組み立てスタッフ／20代から30代活躍中!／資格取得支援あり新着,株式会社日本ケイテム,滋賀県,"時給1,200円～",派遣社員,ドライバー,求人ボックス,https://xn--pckua2a7gp15o89zb.com/jbn/c7d6ddbcf6cc2229d43ac61dd62cc93f,True,21時間前,2026-09-30 05:22:47,滋賀県
「貯金重視派にうれしい環境!」／トレカの検査・仕分け／月収30万円以上可／寮費無料／未経験歓迎新着,株式会社Tetote,滋賀県,月給35万円～50万円,正社員,ドライバー,求人ボックス,https://xn--pckua2a7gp15o89zb.com/jbn/312ad626a4368832b9d622152f48d987,True,15時間前,2026-09-30 05:22:47,滋賀県
「シンプル作業で安心スタート!」／歯車部品の検査・梱包／研修制度あり／軽作業中心／未経験歓迎新着,株式会社SNJAPAN,滋賀県,"月給31万5,000円",正社員,ドライバー,求人ボックス,https://xn--pckua2a7gp15o89zb.com/jbn/d6f057e74ab2e101362b004ca7eb35da,True,15時間前,2026-09-30 05:22:47,滋賀県
製造補助・部品組み立て新着,...未経験でもすぐに覚えられます! チームワークを大切にしている職場なので、初めての方でも安心して馴染んでいただけます  未経験・異業種からも大歓迎/実際に警備、製造、清掃、軽作業、,滋賀県,"月給27万6,500円",正社員,ドライバー,求人ボックス,https://xn--pckua2a7gp15o89zb.com/jbn/ea3886d547a411bc495b0d77be190c54,True,5時間前,2026-09-30 05:22:51,滋賀県
小型部品のネジ締め／組み立て工程／寮付き新着,...部品を固定するために、指定箇所へネジを取り付けていきます。力仕事ではありません。決まった位置に、決まった本数を締めるだけ。  具体的な作業の流れ ・パーツを台にセット・ネジを配置・専用,滋賀県,月給31万円～36万円,正社員,ドライバー,求人ボックス,https://xn--pckua2a7gp15o89zb.com/jbn/97b91bb259c3d38f6043d7bc918f6d0f,True,5時間前,2026-09-30 05:22:51,滋賀県
小型アイテムのネジ締め作業／くみたて工程／寮付き新着,...部品を固定するために、指定箇所へネジを取り付けていきます。力仕事ではありません。決まった位置に、決まった本数を締めるだけ。  おもな作業内容 ・パーツを台にセット・ネジを配置・専用,滋賀県,"月給29万7,000円",正社員,ドライバー,求人ボックス,https://xn--pckua2a7gp15o89zb.com/jbn/5a8f5400a80135e97b35a29550a8567f,True,7時間前,2026-09-30 05:22:51,滋賀県
ペットボトルのシール貼り新着,...ズレや剥がれがないか目視でチェック  完了品を所定の場所へ運搬 ‍  充実した研修ありで安心スタート! モクモク作業が好きな方にピッタリ! 未経験・異業種からも大歓迎/実際に警備、製造、清掃、軽,滋賀県,"月給27万2,500円",正社員,ドライバー,求人ボックス,https://xn--pckua2a7gp15o89zb.com/jbn/c049e64ee4c88382d74eca339244ef4f,True,4時間前,2026-09-30 05:22:51,滋賀県
「モノづくりが好き」それだけでOK!／製造アシスタント／手に職つける／未経験活躍新着,株式会社GUM,滋賀県,月給26万円～50万円,正社員,ドライバー,求人ボックス,https://xn--pckua2a7gp15o89zb.com/jbn/9706690df2d0567e1f11befb33dd9d03,True,11時間前,2026-09-30 05:22:54,滋賀県
自動車のカギのケース組立 一部座り作業あり／20代から40代活躍中／未経験歓迎!／寮費無料新着,株式会社誰でもファクトリー,滋賀県,"時給1,450円～",アルバイト・パート,ドライバー,求人ボックス,https://xn--pckua2a7gp15o89zb.com/jb/7c145904b64efaffc29b1e575e073cbe,True,13時間前,2026-09-30 05:22:54,滋賀県
タンクローリー／残業ほぼなし／年間休日120日以上／年収700万以上可新着,堀川化成株式会社 滋賀工場,滋賀県,年収700万,正社員,ドライバー,求人ボックス,https://xn--pckua2a7gp15o89zb.com/jb/14dd1c0f6cd3239a8e13967408a37d36,True,14時間前,2026-09-30 05:22:54,滋賀県
「未経験から始める組立ワーク」LED照明の組立・検査／未経験歓迎／寮完備／交代勤あり／研修あり新着,株式会社覇王樹,滋賀県,"月給29万5,000円",正社員,ドライバー,求人ボックス,https://xn--pckua2a7gp15o89zb.com/jbn/45e67d6fcc03ec9d28733ec6c4221c75,True,2時間前,2026-09-30 05:22:57,滋賀県
モノづくりの知識一切不問!／製造アシスタント／寮・社宅・家賃補助あり／未経験活躍新着,...ピッタリの職場環境です 難しい専門知識や経験は一切ナシ!分かりやすいマニュアルを完備しており最初は簡単な作業からスタートできます。20代のスタッフが中心となって活躍中!元事務、アパレル、飲食、,滋賀県,月給28万円～40万円,正社員,ドライバー,求人ボックス,https://xn--pckua2a7gp15o89zb.com/jbn/2bc3544468784135ce27b640778d8c06,True,11時間前,2026-09-30 05:22:57,滋賀県
「未経験から始める組立ワーク」LED照明の組立・検査／未経験歓迎／寮完備／交代勤あり／研修あり新着,株式会社TOBLO,滋賀県,月給29万円～40万円,正社員,ドライバー,求人ボックス,https://xn--pckua2a7gp15o89zb.com/jbn/87121a32ed3b154c93db99f3e66128f6,True,2時間前,2026-09-30 05:22:57,滋賀県
製造 日勤のみ 入寮可能新着,株式会社J's Factory,滋賀県,"時給1,670円～2,088円",派遣社員,ドライバー,求人ボックス,https://xn--pckua2a7gp15o89zb.com/jb/26f3c1f05d390f1ab6853beab774c5c2,True,2時間前,2026-09-30 05:23:00,滋賀県
働くなら好条件で決まり／デザイナーズ家具・インテリア雑貨のパーツ組立／未経験歓迎／月収30万円以上新着,...おしゃれな木製ラックやモダンな照明器具を組み立てるお仕事です。「モノづくりが好き」「DIYに興味がある」そんな方にぴったりの、達成感のある職場です! お仕事内容・マニュアルを見ながら、簡単な木製,滋賀県,"時給1,350円～1,950円",アルバイト・パート,ドライバー,求人ボックス,https://xn--pckua2a7gp15o89zb.com/jbn/aca4a03049da443dbca68f067da9e880,True,13時間前,2026-09-30 05:23:00,滋賀県
裏方作業で活躍・達成感たっぷり／デザイナーズ家具・インテリア雑貨のパーツ組立／未経験歓迎新着,...おしゃれな木製ラックやモダンな照明器具を組み立てるお仕事です。「モノづくりが好き」「DIYに興味がある」そんな方にぴったりの、達成感のある職場です! お仕事内容・マニュアルを見ながら、簡単な木製,滋賀県,"時給1,400円～2,000円",アルバイト・パート,ドライバー,求人ボックス,https://xn--pckua2a7gp15o89zb.com/jbn/5f1eec45362c21359753da6b3022587a,True,12時間前,2026-09-30 05:23:00,滋賀県
製造・軽作業新着,ココカラ・ワーク,滋賀県,"時給1,300円",派遣社員,ドライバー,求人ボックス,https://xn--pckua2a7gp15o89zb.com/jb/c2500e5d851f5c8cc6aa8d2599031fb8,True,3時間前,2026-09-30 05:23:03,滋賀県
未経験から未来をつくる／ゲーミングPCの組み立て・初期設定サポート／未経験歓迎／月収30万円以上新着,...「自作PCを作ってみたい」「ゲームやeスポーツが大好き」そんな方に最高の環境です! お仕事内容・LEDファンやグラフィックボードなどのパーツをPCケースに取り付ける・配線を綺麗にまとめて、電動,滋賀県,"時給1,370円～1,970円",アルバイト・パート,ドライバー,求人ボックス,https://xn--pckua2a7gp15o89zb.com/jbn/1b166b211c69125c2b488e278edec884,True,13時間前,2026-09-30 05:23:03,滋賀県
ヘアアイロンの検査・包装業務／家電工場／軽作業／日勤／未経験歓迎／簡単作業新着,...問題なければ緩衝材と一緒に箱へ梱包  梱包後の商品を指定の場所へ置くだけ ‍  作業はマニュアル通り 難しい判断・専門知識は不要 重たい物なしで安心  未経験・異業種からも大歓迎/警備・清掃・軽,滋賀県,"月給29万5,000円",正社員,ドライバー,求人ボックス,https://xn--pckua2a7gp15o89zb.com/jbn/d7245774c5e9c958a18d0125e9479180,True,7時間前,2026-09-30 05:23:06,滋賀県
運送スタッフ ️前職より平均年収150万円UP!普通免許で月収手取り50万円可新着,RISE MORE,滋賀県,月給30万円～60万円,正社員,ドライバー,求人ボックス,https://xn--pckua2a7gp15o89zb.com/jb/01a85902bf6e28bfa03de993d28c9289,True,11時間前,2026-09-30 05:23:08,滋賀県
未経験歓迎! 倉庫及び事務スタッフ 賞与実績5ヶ月新着,日清エンタープライズ株式会社,滋賀県,"月給21万8,000円",正社員,ドライバー,求人ボックス,https://xn--pckua2a7gp15o89zb.com/jb/450e8159e565aca1077f7c2bdb5db929,True,20時間前,2026-09-30 05:23:08,滋賀県
半導体装置組立の軽作業!寮費無料!土日祝休み!高月収!未経験OK新着,iシティラボ株式会社,滋賀県,月給30万円～,契約社員,ドライバー,求人ボックス,https://xn--pckua2a7gp15o89zb.com/jb/6dfa02152c4be0202d05910cfa61b7cc,True,22時間前,2026-09-30 05:23:08,滋賀県
1R寮完備×月収42万円以上 寮費無料で始めるバッテリー製造・軽作業スタッフ新着,株式会社JIN,滋賀県,"時給1,550円～1,800円",アルバイト・パート,ドライバー,求人ボックス,https://xn--pckua2a7gp15o89zb.com/jb/d1f9827cace709f44100269bfe41a67e,True,10時間前,2026-09-30 05:23:08,滋賀県
「未経験から正社員」自動車パーツの組み立て「20～30代活躍中」土日祝休み新着,JHR株式会社,滋賀県,月給25万円～36万円,正社員,ドライバー,求人ボックス,https://xn--pckua2a7gp15o89zb.com/jb/659ff585de8669cff13100ce40debe5a,True,20時間前,2026-09-30 05:23:08,滋賀県
「好きを仕事に!」未経験採用枠／ゲームテスター／高収入／寮・社宅・家賃補助あり新着,株式会社Light BROTHERS,滋賀県,月給29万円～60万円,正社員,ドライバー,求人ボックス,https://xn--pckua2a7gp15o89zb.com/jb/a0203519253177e2d9efcb153c68c107,True,20時間前,2026-09-30 05:23:08,滋賀県
老人ホームの清掃スタッフ新着,株式会社ティー・エス・ケー,滋賀県,"時給1,140円",アルバイト・パート,清掃,求人ボックス,https://xn--pckua2a7gp15o89zb.com/jb/89cb1e0faf6543ebd9cb5eacbebd1eb0,True,15時間前,2026-09-30 05:22:48,滋賀県
「丁寧さを活かせる!」建築資材の検品・清掃スタッフ／20代から30代活...新着,株式会社日本ケイテム,滋賀県,"時給1,200円～",アルバイト・パート,清掃,求人ボックス,https://xn--pckua2a7gp15o89zb.com/jbn/69b04ca8d08c1be3132c472862d9eccb,True,21時間前,2026-09-30 05:22:48,滋賀県
スーパーの清掃スタッフ新着,イオンディライトコネクト株式会社,滋賀県,"時給1,150円",アルバイト・パート,清掃,求人ボックス,https://xn--pckua2a7gp15o89zb.com/jb/dd23f548e8e6a58c1a15569999e38b2e,True,18時間前,2026-09-30 05:22:48,滋賀県
未経験OK!介護施設の清掃STAFF ごみ回収等@南草津新着,株式会社コトリオ,滋賀県,"時給1,300円～",派遣社員,清掃,求人ボックス,https://xn--pckua2a7gp15o89zb.com/jb/79afcdbbcfb89fe57686bd6e0993d993,True,15時間前,2026-09-30 05:22:48,滋賀県
"院内設置機器の 清掃・管理スタッフ／10／1より時給1,136円新着",株式会社T&Pメディトラスト,滋賀県,"時給1,136円",アルバイト・パート,清掃,求人ボックス,https://xn--pckua2a7gp15o89zb.com/jb/72e498d3806f4bba180c091f2204d2ab,True,7時間前,2026-09-30 05:22:48,滋賀県
車載用治具の清掃スタッフ新着,株式会社ホットスタッフ滋賀,滋賀県,"時給1,200円",派遣社員,清掃,求人ボックス,https://xn--pckua2a7gp15o89zb.com/jb/55b3f877de472ccd8348ab937b23ac43,True,11時間前,2026-09-30 05:22:48,滋賀県
12月末までの清掃スタッフ／短時間・土曜は半日／あと2名新着,株式会社G&G,滋賀県,"時給1,232円",派遣社員,清掃,求人ボックス,https://xn--pckua2a7gp15o89zb.com/jb/fb29b0819b511b815ca8f56742e4694e,True,17時間前,2026-09-30 05:22:48,滋賀県
客室清掃スタッフ新着,ルートインジャパン株式会社,滋賀県,"時給1,100円",アルバイト・パート,清掃,求人ボックス,https://xn--pckua2a7gp15o89zb.com/jb/75d124914ff2d41cec0b0265f2b724f6,True,23時間前,2026-09-30 05:22:48,滋賀県
ヤンマーグループ博物館の清掃／長浜／未経験新着,ヤンマーシンビオシス株式会社,滋賀県,"時給1,110円",アルバイト・パート,清掃,求人ボックス,https://xn--pckua2a7gp15o89zb.com/jb/74f6a8ac887c88b3da0d65ef950bc30b,True,11時間前,2026-09-30 05:22:48,滋賀県
「未経験から正社員」受付スタッフ／企業の顔としての応対／20代30代活躍中／家賃補助あり新着,スタッフ,滋賀県,"月給31万5,800円",正社員,清掃,求人ボックス,https://xn--pckua2a7gp15o89zb.com/jbn/51efaa72be7395fb5d16afab102a304e,True,6時間前,2026-09-30 05:22:48,滋賀県
経験者必見／ボーナス年2回／住宅手当あり／交通費支給あり新着,京都加工蔬菜株式会社,滋賀県,月給35万円～,正社員,清掃,求人ボックス,https://xn--pckua2a7gp15o89zb.com/jb/62caee822e6a8ebdab58a452d02a9f0f,True,11時間前,2026-09-30 05:22:51,滋賀県
AI事務アシスタント／未経験OK／長期キャリア形成／年間休日125日以上／土日祝休み新着,株式会社小林,滋賀県,"月給32万2,800円",正社員,清掃,求人ボックス,https://xn--pckua2a7gp15o89zb.com/jbn/c6cc46cd98f919e31e57e232d061b385,True,6時間前,2026-09-30 05:22:51,滋賀県
受付スタッフ／未経験OK／長期キャリア形成／昇給賞与あり／昇給年2回新着,株式会社FIVE SENSES,滋賀県,"月給31万8,100円",正社員,清掃,求人ボックス,https://xn--pckua2a7gp15o89zb.com/jbn/85894d444ff0b99db332fe910b5037fb,True,6時間前,2026-09-30 05:22:51,滋賀県
AI事務アシスタント／未経験OK／プロンプトの調整管理／20代30代活躍中新着,Yts株式会社,滋賀県,"月給31万7,300円",正社員,清掃,求人ボックス,https://xn--pckua2a7gp15o89zb.com/jbn/2be0c2494187bcb25ec3e32fbb7cd258,True,6時間前,2026-09-30 05:22:51,滋賀県
受付スタッフ／未経験OK／受付や会議室の管理／20代30代活躍中新着,スタッフ,滋賀県,"月給31万2,600円",正社員,清掃,求人ボックス,https://xn--pckua2a7gp15o89zb.com/jbn/0fb409175762bbd12740613d493a926e,True,6時間前,2026-09-30 05:22:51,滋賀県
「未経験から正社員」営業事務／見積書作成や納期管理／研修あり／月30万以上可新着,スタッフ,滋賀県,"月給29万4,500円",正社員,清掃,求人ボックス,https://xn--pckua2a7gp15o89zb.com/jbn/243802185f88c6c8880ef885e471e694,True,6時間前,2026-09-30 05:22:51,滋賀県
「未経験から正社員」データ入力事務／正確な文字入力作業／土日祝休み／昇給賞与あり新着,スタッフ,滋賀県,"月給31万2,300円",正社員,清掃,求人ボックス,https://xn--pckua2a7gp15o89zb.com/jbn/7fbaf61555d4fd42125e026fd4db4dc4,True,6時間前,2026-09-30 05:22:51,滋賀県
「未経験から正社員」事務職／書類作成やデータ管理／月30万以上可／昇給賞与あり新着,スタッフ,滋賀県,月給29万100円,正社員,清掃,求人ボックス,https://xn--pckua2a7gp15o89zb.com/jbn/98fc56020c05ee12b5ae6a06b5d1875c,True,6時間前,2026-09-30 05:22:53,滋賀県
工場内の清掃新着,株式会社浄美社,滋賀県,"時給1,200円",アルバイト・パート,清掃,求人ボックス,https://xn--pckua2a7gp15o89zb.com/jb/2b2dfd8a140e9b4fd4955dc6f78d21a9,True,18時間前,2026-09-30 05:22:53,滋賀県
未経験からなれる梱包スタッフ／寮・社宅・家賃補助あり／資格取得支援あり新着,スタッフ,滋賀県,"月給27万3,000円",正社員,清掃,求人ボックス,https://xn--pckua2a7gp15o89zb.com/jbn/250e0bca1abd1626e72da71fb6e6c749,True,11時間前,2026-09-30 05:22:53,滋賀県
「フレッシュな仲間と働ける!」／設備チェックスタッフ／未経験歓迎／点検作業／研修充実新着,株式会社SNJAPAN,滋賀県,月給30万円～50万円,正社員,清掃,求人ボックス,https://xn--pckua2a7gp15o89zb.com/jbn/5cab0453050a1c6afda39c3666c3cf36,True,15時間前,2026-09-30 05:22:53,滋賀県
残業ほぼなし／女性活躍中／駅チカ・駅ナカ／オフィスワークスタッフ新着,スタッフ,滋賀県,年収201万円～304万,契約社員,清掃,求人ボックス,https://xn--pckua2a7gp15o89zb.com/jbn/518f09f0931d0cb8832833030044434e,True,17時間前,2026-09-30 05:22:53,滋賀県
パン粉を造っている会社で製造スタッフ 3交替勤務 土日休み新着,株式会社ナガハ,滋賀県,"時給1,400円～",派遣社員,清掃,求人ボックス,https://xn--pckua2a7gp15o89zb.com/jbn/8d04dfec1bbe44c47dae2cbb759bde5a,True,4時間前,2026-09-30 05:22:56,滋賀県
製造スタッフ／未経験歓迎／研修充実／福利厚生充実／社会保険完備新着,株式会社Tetote,滋賀県,月給33万円～50万円,正社員,清掃,求人ボックス,https://xn--pckua2a7gp15o89zb.com/jbn/63f399c58e5f52c6918d1ffb32fdf028,True,15時間前,2026-09-30 05:22:56,滋賀県
社会保険完備／賞与あり／土日祝休みあり／大量募集中／オフィスワークスタッフ新着,スタッフ,滋賀県,年収201万円～304万,契約社員,清掃,求人ボックス,https://xn--pckua2a7gp15o89zb.com/jbn/ea3c62e7276fafed8495ab710ba74f4a,True,17時間前,2026-09-30 05:22:56,滋賀県
「未経験からチャレンジ応援」／ギフトボックスの組立スタッフ／寮費無料／賞与あり／20~30代活躍中新着,株式会社Braight JAPAN,滋賀県,"月給33万5,000円",正社員,清掃,求人ボックス,https://xn--pckua2a7gp15o89zb.com/jbn/003bbf67c3c7ee684d686a79c2b39f16,True,14時間前,2026-09-30 05:22:58,滋賀県
「未経験でも安心の環境」／缶バッジの封入スタッフ／週払いOK／即入社OK／20~30代活躍中新着,株式会社Rasic,滋賀県,月給33万円～38万円,正社員,清掃,求人ボックス,https://xn--pckua2a7gp15o89zb.com/jbn/059810e5dbf79ab9c97f0cb638291007,True,7時間前,2026-09-30 05:22:58,滋賀県
駅チカコンビニのスタッフ レジ・接客販売・陳列・清掃・経験不問／セブン-イレブン ハートイン新着,株式会社ジェイアール西日本デイリーサービスネット,滋賀県,"時給1,110円",アルバイト・パート,清掃,求人ボックス,https://xn--pckua2a7gp15o89zb.com/jb/19e1dcece1355ef2f67ec9dd08d7b6e5,True,6時間前,2026-09-30 05:22:58,滋賀県
日清食品での工場内業務 即席麺の製造・検査新着,日清食品株式会社 関西工場,滋賀県,"時給1,390円",アルバイト・パート,清掃,求人ボックス,https://xn--pckua2a7gp15o89zb.com/jb/040ee3bee5fe541e418e602e2bb64ba5,True,18時間前,2026-09-30 05:22:58,滋賀県
店舗スタッフ／ドラッグユタカ 石部店新着,株式会社富士薬品,滋賀県,"時給1,136円～1,236円",アルバイト・パート,清掃,求人ボックス,https://xn--pckua2a7gp15o89zb.com/jb/42aa7af875f8b7f8b9a3c442082f9fb0,True,6時間前,2026-09-30 05:23:01,滋賀県
惣菜スタッフ／フレンドマート 唐崎店新着,株式会社平和堂,滋賀県,"時給1,160円",アルバイト・パート,清掃,求人ボックス,https://xn--pckua2a7gp15o89zb.com/jb/3caaf1d2702a8080da155ba253d0b639,True,6時間前,2026-09-30 05:23:01,滋賀県
コンビニスタッフ新着,セブン-イレブン ハートインJRおごと温泉駅前店,滋賀県,"時給1,170円～1,463円",アルバイト・パート,清掃,求人ボックス,https://xn--pckua2a7gp15o89zb.com/jb/93b95259d81bc17b1f15a9da2158fd5e,True,8時間前,2026-09-30 05:23:01,滋賀県
コンビニスタッフ新着,セブン-イレブン 大津国分1丁目店,滋賀県,"時給1,340円～1,675円",アルバイト・パート,清掃,求人ボックス,https://xn--pckua2a7gp15o89zb.com/jb/06735f8dee6005d31a25c7961ede5a5d,True,8時間前,2026-09-30 05:23:01,滋賀県
コンビニスタッフ新着,セブン-イレブン キヨスクJR守山駅改札口店,滋賀県,"時給1,170円～1,220円",アルバイト・パート,清掃,求人ボックス,https://xn--pckua2a7gp15o89zb.com/jb/652279e9d36d7086de52bb48f63ecac3,True,8時間前,2026-09-30 05:23:01,滋賀県
コンビニスタッフ新着,セブン-イレブン 湖南岩根店,滋賀県,"時給1,140円",アルバイト・パート,清掃,求人ボックス,https://xn--pckua2a7gp15o89zb.com/jb/dcc380ea54398304d8fab76d0ae21748,True,8時間前,2026-09-30 05:23:01,滋賀県
コンビニスタッフ新着,セブン-イレブン ハートインJR大津京駅前店,滋賀県,"時給1,170円～1,463円",アルバイト・パート,清掃,求人ボックス,https://xn--pckua2a7gp15o89zb.com/jb/87f06de578416e2b014de4216456790a,True,8時間前,2026-09-30 05:23:01,滋賀県
コンビニスタッフ新着,セブン-イレブン ハートインJR守山駅西口店,滋賀県,"時給1,170円～1,463円",アルバイト・パート,清掃,求人ボックス,https://xn--pckua2a7gp15o89zb.com/jb/942b161fc8fbd128cd3455b02ca622f2,True,8時間前,2026-09-30 05:23:04,滋賀県
コンビニスタッフ新着,セブン-イレブン ハートインビエラ大津店,滋賀県,"時給1,210円～1,513円",アルバイト・パート,清掃,求人ボックス,https://xn--pckua2a7gp15o89zb.com/jb/523547a6c7814eb1577c42f9700b93e2,True,8時間前,2026-09-30 05:23:04,滋賀県
コンビニスタッフ新着,セブン-イレブン キヨスクJR米原駅改札口店,滋賀県,"時給1,170円～1,220円",アルバイト・パート,清掃,求人ボックス,https://xn--pckua2a7gp15o89zb.com/jb/bb87e7af4727512464a786b6798aba57,True,8時間前,2026-09-30 05:23:04,滋賀県
コンビニスタッフ新着,セブン-イレブン ハートインJR石山駅南口店,滋賀県,"時給1,170円～1,463円",アルバイト・パート,清掃,求人ボックス,https://xn--pckua2a7gp15o89zb.com/jb/24fe463f7068a219232c4c9223d29b65,True,8時間前,2026-09-30 05:23:04,滋賀県
60代活躍中の看護・介護ケアスタッフ新着,株式会社ウィルオブ・ワーク,滋賀県,"時給1,400円",派遣社員,清掃,求人ボックス,https://xn--pckua2a7gp15o89zb.com/jb/a1237f10ff76b83146c1bca23689197a,True,20時間前,2026-09-30 05:23:04,滋賀県
コンビニスタッフ新着,セブン-イレブン ハートインJR膳所駅改札口店,滋賀県,"時給1,170円～1,463円",アルバイト・パート,清掃,求人ボックス,https://xn--pckua2a7gp15o89zb.com/jb/51571fc3e00b1f9681c2028c40b96cc3,True,8時間前,2026-09-30 05:23:04,滋賀県
電子材料インクなどの製造業務新着,山栄化学株式会社,滋賀県,"月給30万8,000円",正社員,清掃,求人ボックス,https://xn--pckua2a7gp15o89zb.com/jb/21eecbbcd3f6f88af10a63b97aee75e4,True,21時間前,2026-09-30 05:23:07,滋賀県
精肉スタッフ新着,株式会社クスリのアオキ,滋賀県,"時給1,300円～1,550円",アルバイト・パート,清掃,求人ボックス,https://xn--pckua2a7gp15o89zb.com/jb/b8e0a78cf1456eec6e128a2c981127f1,True,3時間前,2026-09-30 05:23:07,滋賀県
アニメグッズの仕分け／未経験OK／カンタン作業からスタート／研修制度充実／昇給年2回新着,株式会社RIOT GROUP,滋賀県,"月給29万2,400円",正社員,清掃,求人ボックス,https://xn--pckua2a7gp15o89zb.com/jbn/f1266e1cb594bc86ca22c846baa0d16e,True,6時間前,2026-09-30 05:23:07,滋賀県
アニメグッズの仕分け／未経験OK／推しアイテムの選別／20代30代活躍中新着,株式会社enrich technology,滋賀県,"月給31万9,100円",正社員,清掃,求人ボックス,https://xn--pckua2a7gp15o89zb.com/jbn/162470ee698851a99666ebb2dc0a4428,True,14時間前,2026-09-30 05:23:07,滋賀県
乳酸菌飲料の製造サポートスタッフ／工場軽作業・商品管理・出荷サポート新着,スタッフ,滋賀県,"時給1,286円～1,586円",アルバイト・パート,清掃,求人ボックス,https://xn--pckua2a7gp15o89zb.com/jb/67d54d927c3669cd2076439c040e596d,True,8時間前,2026-09-30 05:23:07,滋賀県
お肉のパック詰めや品出し新着,マックスバリュ大津月輪店,滋賀県,"時給1,224円～",アルバイト・パート,清掃,求人ボックス,https://xn--pckua2a7gp15o89zb.com/jb/51bdde9246a60a54d8e37b0c3def9af1,True,11時間前,2026-09-30 05:23:07,滋賀県
ふわふわタオルの製造・機械オペレーター／検品・梱包・ピッキング／重量物なし／空調完備新着,株式会社G.M corporation,滋賀県,"時給1,400円～",アルバイト・パート,清掃,求人ボックス,https://xn--pckua2a7gp15o89zb.com/jb/ae39e22dca0ec5ab721ee79d67402485,True,14時間前,2026-09-30 05:23:07,滋賀県
環境に優しいサステナブル建材の製造・検品スタッフ／未経験歓迎!コツコツ取り組める製造ワーク新着,IBS即戦力人財株式会社,滋賀県,"時給1,500円",派遣社員,清掃,求人ボックス,https://xn--pckua2a7gp15o89zb.com/jb/d008ad25a225196867d4cb8c880d807b,True,14時間前,2026-09-30 05:23:07,滋賀県
大型クレーンオペレーター 製造職 新規営業チーム 経験者優遇 昼勤新着,株式会社ヨコタエンタープライズ,滋賀県,"月給21万2,500円",正社員,清掃,求人ボックス,https://xn--pckua2a7gp15o89zb.com/jb/fd2d73220a88ed159508e7d6c80ce4c9,True,4時間前,2026-09-30 05:23:09,滋賀県
牛乳・パン等の品出しや発注新着,マックスバリュ大津京店,滋賀県,"時給1,224円～",アルバイト・パート,清掃,求人ボックス,https://xn--pckua2a7gp15o89zb.com/jb/9ebe1cd86dd888b56d8a7be578bee8e4,True,11時間前,2026-09-30 05:23:09,滋賀県
スニーカー・シューズの製造スタッフ・賞与年2回「正社員／駅チカ」ブランクOK・未経験歓迎新着,スタッフ,滋賀県,"月給32万2,500円",正社員,清掃,求人ボックス,https://xn--pckua2a7gp15o89zb.com/jbn/3dca87b89db7962b01b8c2c631360555,True,10時間前,2026-09-30 05:23:09,滋賀県
アウトドア・キャンプ用品の製造スタッフ「正社員」ブランクOK・寮費無料／定着率高い・未経験歓迎新着,...寮費無料の働き方で、落ち着いて始められます。<主な担当業務>・テント部品やランタンなどの準備・取り出し・組立・検品・梱包・キズ・汚れ・数量の確認・完成品の箱詰め・ラベル確認・作業台の,滋賀県,月給29万100円,正社員,清掃,求人ボックス,https://xn--pckua2a7gp15o89zb.com/jbn/6d38032dd5769c1f9a8ffcabf7f2be1d,True,10時間前,2026-09-30 05:23:09,滋賀県
無資格可のインストラクター新着,カーブス長浜分木,滋賀県,月給23万39円,正社員,清掃,求人ボックス,https://xn--pckua2a7gp15o89zb.com/jb/20b658b2494c3325c9f585ed1c5bc459,True,7時間前,2026-09-30 05:23:09,滋賀県
イヤホン・ヘッドフォンの製造スタッフ「正社員」土日祝休み・交通費全額支給／ブランクOK・未経験歓迎新着,...入社後は基礎から丁寧に研修・ー・ー・ー・ー・ー・ー・ー・ー・ー・ー・ 主な担当業務・音響部品やケーブルの準備・取り出し・組付け・音質確認・梱包・キズ・汚れ・数量の確認・完成品の箱詰め・ラベル確認,滋賀県,月給30万800円,正社員,清掃,求人ボックス,https://xn--pckua2a7gp15o89zb.com/jbn/da9a22fca73bfae0a33e2931d6833caa,True,10時間前,2026-09-30 05:23:09,滋賀県
PC好きにおすすめ!／パソコンの製造スタッフ／年間休日137日新着,製造,滋賀県,"月給36万1,500円",正社員,製造,求人ボックス,https://xn--pckua2a7gp15o89zb.com/jbn/d3585dba13fa7235a7b816bdd3becf5d,True,11時間前,2026-09-30 05:22:47,滋賀県
最新モデルに関われる!／パソコンの製造スタッフ／年間休日120日新着,製造,滋賀県,"月給36万1,500円",正社員,製造,求人ボックス,https://xn--pckua2a7gp15o89zb.com/jbn/ffafeb47bd327e7895924a56a901108c,True,11時間前,2026-09-30 05:22:48,滋賀県
「コツコツ倉庫ワーク!」醤油の製造スタッフ／20代から30代活躍中!新着,株式会社日本ケイテム,滋賀県,"時給1,200円～",アルバイト・パート,製造,求人ボックス,https://xn--pckua2a7gp15o89zb.com/jbn/839645888d997883501c12e276fba434,True,22時間前,2026-09-30 05:22:48,滋賀県
「まだ間に合う!」未経験採用枠／カプセルトイ製造スタッフ／プライベート...新着,Yts株式会社,滋賀県,月給28万円～50万円,正社員,製造,求人ボックス,https://xn--pckua2a7gp15o89zb.com/jbn/ad8102720a2ebfddd3f9dcc055a572ed,True,12時間前,2026-09-30 05:22:52,滋賀県
製造スタッフ／初期費用0円・寮費無料／サンプル作業で安心／20代30代...新着,株式会社MONOLITH,滋賀県,月給30万円～34万円,正社員,製造,求人ボックス,https://xn--pckua2a7gp15o89zb.com/jbn/ef241a65f7959f766a59ccdd57d7bcb7,True,3時間前,2026-09-30 05:22:56,滋賀県
細かい部品を組み上げる!／パチンコ台盤面の製造スタッフ／高収入を目指せ...新着,人気の,滋賀県,"月給38万7,000円",正社員,製造,求人ボックス,https://xn--pckua2a7gp15o89zb.com/jbn/aa2a67b6ec9533e458a90290ad1fd465,True,11時間前,2026-09-30 05:22:59,滋賀県
パスタソース製造スタッフ「食品製造を支える軽作業」新着,製造,滋賀県,"月給34万6,000円",正社員,製造,求人ボックス,https://xn--pckua2a7gp15o89zb.com/jbn/6d97e4f2d519c6e94f804fe8b42bb249,True,7時間前,2026-09-30 05:22:59,滋賀県
スマホ部品製造スタッフ／未経験歓迎／組立と動作確認／寮・社宅あり新着,製造,滋賀県,"月給31万2,300円",正社員,製造,求人ボックス,https://xn--pckua2a7gp15o89zb.com/jbn/1204f6c57a723e72c4ca6151b9f3420d,True,10時間前,2026-09-30 05:23:03,滋賀県
パンの製造スタッフ新着,たねやグループ ラコリーナ ガレージショップ ジ...,滋賀県,"月給19万9,875円",正社員,製造,求人ボックス,https://xn--pckua2a7gp15o89zb.com/jb/564f0f4080f0040d05cdb3096dc2f9f0,True,11時間前,2026-09-30 05:23:06,滋賀県
アイスクリームのカップの製造スタッフ新着,製造,滋賀県,"月給27万5,500円",正社員,製造,求人ボックス,https://xn--pckua2a7gp15o89zb.com/jbn/b5db5c59c130b41992fa9b37c244061b,True,5時間前,2026-09-30 05:23:06,滋賀県
炭酸飲料のボトルの製造スタッフ新着,製造,滋賀県,"月給27万6,500円",正社員,製造,求人ボックス,https://xn--pckua2a7gp15o89zb.com/jbn/791d88b34508a9342fa0d795c85d912c,True,5時間前,2026-09-30 05:23:09,滋賀県
製造スタッフ／未経験OK／月給30万円以上／寮費無料／モクモク単純作業新着,株式会社tocca,滋賀県,月給30万円,正社員,製造,求人ボックス,https://xn--pckua2a7gp15o89zb.com/jbn/cc8e77715dbc9645d35f67bc1649edb5,True,2時間前,2026-09-30 05:23:09,滋賀県
キャラクター景品を扱う仕事!／クレーンゲーム景品の企画製造スタッフ新着,製造,滋賀県,"月給32万8,500円",正社員,製造,求人ボックス,https://xn--pckua2a7gp15o89zb.com/jbn/363ac7fc10c690acc35b9d77dd1967ff,True,11時間前,2026-09-30 05:23:12,滋賀県
歯科衛生士／宗像市東郷／マイカー通勤可／完全週休2日制 残業ほぼなし新着,みさき歯科医院,福岡県,月給25万円～30万円,正社員,歯科,求人ボックス,https://xn--pckua2a7gp15o89zb.com/jb/4f016558602d6d0d58b66a3e093d8c7d,True,3時間前,2026-09-30 05:23:18,福岡県
歯科衛生士／新規分院OPEN／本院のサポートあり／オープニングスタッフ新着,医療法人星樹会,福岡県,月給24万円～40万円,正社員,歯科,求人ボックス,https://xn--pckua2a7gp15o89zb.com/jb/d52b41cacc785883dfa5d4cc67b487f7,True,3時間前,2026-09-30 05:23:18,福岡県
歯科衛生士・ボーナス・賞与あり新着,大野城もはら歯科・矯正歯科,福岡県,"時給1,500円～1,800円",アルバイト・パート,歯科,求人ボックス,https://xn--pckua2a7gp15o89zb.com/jb/e1903128bd7954ccb531268c55a63e81,True,7時間前,2026-09-30 05:23:18,福岡県
社会保険完備の職場で歯科衛生士新着,天神矯正歯科,福岡県,月給30万円～40万円,正社員,歯科,求人ボックス,https://xn--pckua2a7gp15o89zb.com/jb/31cbbf63a9283b0502eff4b57f069ad7,True,7時間前,2026-09-30 05:23:18,福岡県
社会保険完備の職場で歯科衛生士新着,大塚デンタルクリニック,福岡県,"時給1,350円～1,600円",アルバイト・パート,歯科,求人ボックス,https://xn--pckua2a7gp15o89zb.com/jb/464c45696d97c5ca94121bde25f6f319,True,7時間前,2026-09-30 05:23:18,福岡県
社会保険完備の職場で歯科衛生士新着,医療法人博栄会 うえの歯科クリニック,福岡県,月給28万円～35万円,正社員,歯科,求人ボックス,https://xn--pckua2a7gp15o89zb.com/jb/9fc2293e801508aa2d62e3177cda39d0,True,8時間前,2026-09-30 05:23:18,福岡県
歯科衛生士新着,ますだ歯科,福岡県,"月給24万5,000円",正社員,歯科,求人ボックス,https://xn--pckua2a7gp15o89zb.com/jb/0f3f1645990729f75970ccd7fa42c684,True,9時間前,2026-09-30 05:23:18,福岡県
高時給!駅近!／Wワーク／週1日～・3時間～OK／車通勤可新着,医療法人社団博文会 空港口24時間歯科・小児歯科...,福岡県,"時給1,600円～2,000円",アルバイト・パート,歯科,求人ボックス,https://xn--pckua2a7gp15o89zb.com/jb/3f989bd7600a86783f1142e524e883b2,True,11時間前,2026-09-30 05:23:18,福岡県
未経験から医療事務を目指せる!／資格不問／残業ナシ新着,ひらの歯科・小児歯科医院,福岡県,月給21万円～25万円,正社員,歯科,求人ボックス,https://xn--pckua2a7gp15o89zb.com/jb/66d09f86c6618d8644654a1e406fa142,True,9時間前,2026-09-30 05:23:18,福岡県
看護師／保育園／週3日程度でご相談 子育て応援 保育園看護師 豊富な子育て支援・有休取得率80%新着,医療法人八女発心会 姫野病院,福岡県,"時給1,571円",アルバイト・パート,歯科,求人ボックス,https://xn--pckua2a7gp15o89zb.com/jb/9c85b4381255a6b84429b3460d08558f,True,18時間前,2026-09-30 05:23:18,福岡県
社会保険完備の職場で保育士新着,ありんこ保育園,福岡県,"時給1,250円",アルバイト・パート,歯科,求人ボックス,https://xn--pckua2a7gp15o89zb.com/jb/9b20c967d270bd19f1da3b060409b3b7,True,7時間前,2026-09-30 05:23:18,福岡県
歯科衛生士残業ほぼナシ 各種手当充実 年間休日120日 最寄り駅から徒...新着,いくやま歯科クリニック,福岡県,月給27万円～35万円,正社員,歯科,求人ボックス,https://xn--pckua2a7gp15o89zb.com/jb/ac2fae1525993dbf7739c7445fa68c78,True,17時間前,2026-09-30 05:23:18,福岡県
回転寿司店の飲食店スタッフ 経験者のみ 週休2日制 希望休制度あり新着,株式会社共和フーズ,滋賀県,月給30万円～48万円,正社員,飲食,求人ボックス,https://xn--pckua2a7gp15o89zb.com/jb/a274aaba36fcfca8d8242577eb4035fd,True,4時間前,2026-09-30 05:23:12,滋賀県
イベント運営スタッフ／未経験からイベント企画・運営のプロへ!新着,株式会社エースケータリング,滋賀県,"月給26万4,000円",正社員,飲食,求人ボックス,https://xn--pckua2a7gp15o89zb.com/jbn/fbf9b6ac6d4f45f3170ad6c04de32f2b,True,11時間前,2026-09-30 05:23:12,滋賀県
簡単な作業ができればOK!／カプセルトイのチェックスタッフ／研修制度充実／未経験活躍新着,携帯ショップ店員、,滋賀県,月給28万円～40万円,正社員,飲食,求人ボックス,https://xn--pckua2a7gp15o89zb.com/jbn/406c92e9b0a3603aafb27469ce62add1,True,11時間前,2026-09-30 05:23:12,滋賀県
オフィスワークデビュー歓迎／簡単データ入力メインの事務職／土日祝休み新着,実際に現場では、元データ入力、アパレルショップ店員、,滋賀県,月給23万円～50万円,正社員,飲食,求人ボックス,https://xn--pckua2a7gp15o89zb.com/jbn/8d1d71f2581607040c03c1a55f651fc6,True,3時間前,2026-09-30 05:23:12,滋賀県
モノづくりの知識一切不問!／カプセル詰めのクオリティチェック／手に職つける／未経験活躍新着,スタッフ,滋賀県,月給28万円～40万円,正社員,飲食,求人ボックス,https://xn--pckua2a7gp15o89zb.com/jbn/335a7e5130246f9ff63bd5f114389626,True,11時間前,2026-09-30 05:23:13,滋賀県
特別なスキル一切不問!／カプセルトイのチェックスタッフ／研修制度充実／未経験活躍新着,スタッフ,滋賀県,月給28万円～40万円,正社員,飲食,求人ボックス,https://xn--pckua2a7gp15o89zb.com/jbn/ef0de19c60d7bf8d97b7c304488aec7d,True,11時間前,2026-09-30 05:23:13,滋賀県
「転勤なし」／事務スタッフ／研修充実／ボーナスあり「正社員」新着,...データ入力や書類チェックなどシンプルな仕事から始めたい方を大歓迎しています 「PCスキルに自信がない」「オフィスワークの経験がない」という方も、丁寧な研修体制があるため安心してスタートできる環境,滋賀県,月給19万500円,正社員,飲食,求人ボックス,https://xn--pckua2a7gp15o89zb.com/jbn/dfccbb44330e075431bfc5cf22959752,True,2時間前,2026-09-30 05:23:13,滋賀県
「転勤なし」／ITサポート事務／データ管理／高収入「正社員」新着,...データ入力や書類チェックなどシンプルな仕事から始めたい方を大歓迎しています 「PCスキルに自信がない」「オフィスワークの経験がない」という方も、丁寧な研修体制があるため安心してスタートできる環境,滋賀県,月給19万500円,正社員,飲食,求人ボックス,https://xn--pckua2a7gp15o89zb.com/jbn/67e1faf49972c7e1937a87867045be2b,True,2時間前,2026-09-30 05:23:13,滋賀県
ブランクさんも歓迎!ペースに合わせて学べる／オフィスワーク事務／20代活躍中／草津市大路2丁目新着,株式会社ELシステム,滋賀県,"月給24万4,300円",正社員,飲食,求人ボックス,https://xn--pckua2a7gp15o89zb.com/jbn/6f7507efdf81e581603ae51ca4cf3257,True,10時間前,2026-09-30 05:23:13,滋賀県
スマホアクセサリー製造／周辺機器の組立・加工／未経験歓迎／週休2日制／福利厚生充実新着,株式会社小林,滋賀県,"月給31万3,000円",正社員,飲食,求人ボックス,https://xn--pckua2a7gp15o89zb.com/jbn/c60c6baa4336031f9003e983b0c1b136,True,10時間前,2026-09-30 05:23:16,滋賀県
倉庫内仕分けスタッフ／商品を行き先別に分ける軽作業／未経験歓迎／業績好調につき増員新着,株式会社RIOT,滋賀県,"月給29万6,400円",正社員,飲食,求人ボックス,https://xn--pckua2a7gp15o89zb.com/jbn/208f43ef376dfe985300ba5fb2e2cc16,True,10時間前,2026-09-30 05:23:16,滋賀県
「月40万以上可!」スマホの製造スタッフ／未経験OK／福利厚生充実／各種手当あり新着,Yts株式会社,滋賀県,"月給32万4,100円",正社員,飲食,求人ボックス,https://xn--pckua2a7gp15o89zb.com/jbn/918626687577fb9288ec3807364ce371,True,9時間前,2026-09-30 05:23:16,滋賀県
製造ラインスタッフ／未経験OK／月30万以上可／土日祝休み新着,株式会社ELM,滋賀県,月給31万円～45万円,正社員,飲食,求人ボックス,https://xn--pckua2a7gp15o89zb.com/jbn/a09a6ca38a91a581dce9ba60edfff0b2,True,9時間前,2026-09-30 05:23:16,滋賀県
「未経験から正社員」デバッグ作業員／コツコツ不具合探し／人柄重視採用／昇給賞与あり新着,...慣れてきたら、デバッグ作業員としてより専門的な確認や共有も担当します。業務の進め方は先輩が確認するため、報告文の書き方も実務で学べます。 【過去入社された方の例/】20代/前職:販売,滋賀県,"月給30万9,100円",正社員,飲食,求人ボックス,https://xn--pckua2a7gp15o89zb.com/jbn/48bc1d1263994f0bd997e1b9e09b9aef,True,9時間前,2026-09-30 05:23:16,滋賀県
「最短でスピード内定!」未経験採用枠／システムエンジニア／キャリア形成可能新着,株式会社alBee,滋賀県,月給25万円～37万円,正社員,飲食,求人ボックス,https://xn--pckua2a7gp15o89zb.com/jbn/6d91a154dae9fb42a5aceb1ea4d5cfb2,True,11時間前,2026-09-30 05:23:16,滋賀県
ゲーム品質チェックスタッフ／未経験歓迎／年間休日120日以上／賞与あり新着,株式会社窪田建築,滋賀県,"月給32万4,600円",正社員,飲食,求人ボックス,https://xn--pckua2a7gp15o89zb.com/jbn/b068ab42782b42e536a4f673a7cb63da,True,14時間前,2026-09-30 05:23:18,滋賀県
「土日祝休み」パソコン操作の問い合わせ対応／資格取得支援あり／昇給・賞与あり新着,...PC業務に不安がある方も対象です。入社後は、用語や作業手順を学ぶ研修から開始。その後、マニュアルに沿った回答対応など始めやすい業務から担当します。 【過去入社された方の例/】22歳/前職:販売,滋賀県,"月給32万4,100円",正社員,飲食,求人ボックス,https://xn--pckua2a7gp15o89zb.com/jbn/006573bf3082fa7a285363845b301167,True,9時間前,2026-09-30 05:23:18,滋賀県
「通販商品のピッキング・出荷スタッフ」シンプル物流作業新着,Courage Path株式会社,滋賀県,月給27万円～35万円,正社員,飲食,求人ボックス,https://xn--pckua2a7gp15o89zb.com/jbn/960f115935d7d52ba331123cfdbb1f0e,True,11時間前,2026-09-30 05:23:18,滋賀県
液体洗剤のキャップ締めマシンオペレーター新着,スタッフ,滋賀県,月給25万500円,正社員,飲食,求人ボックス,https://xn--pckua2a7gp15o89zb.com/jbn/d1848211b19aebdb1a08f3bc57fbb24e,True,6時間前,2026-09-30 05:23:18,滋賀県
「まだ間に合う!」未経験からできる一般事務／研修充実／年間休日125日以上／草津市西渋川1丁目新着,株式会社Light BROTHERS,滋賀県,月給25万円～40万円,正社員,飲食,求人ボックス,https://xn--pckua2a7gp15o89zb.com/jb/3672f5beb793bd4286638dbb704bdc75,True,20時間前,2026-09-30 05:23:22,滋賀県
「残り枠わずか!」未経験からできる一般事務／昇給賞与年2回・研修制度充実新着,スタッフ,滋賀県,月給25万円～40万円,正社員,飲食,求人ボックス,https://xn--pckua2a7gp15o89zb.com/jbn/0e63826b9c3ab8fa72d2347c93b0c972,True,11時間前,2026-09-30 05:23:22,滋賀県
「安定企業で安心して働ける」経歴不問のサポート事務職／土日祝休み・年間休日125日～新着,実際にアパレル、,滋賀県,月給23万円～50万円,正社員,飲食,求人ボックス,https://xn--pckua2a7gp15o89zb.com/jbn/0f76b066045dfb502dfab00cab8494c8,True,3時間前,2026-09-30 05:23:22,滋賀県
AIゲーム品質検証／AI動作確認／アニメ好き歓迎新着,...ゲームでは細かな表示や動きが気になる・コツコツ進める作業が嫌いではないAI挙動の観察力を身につけながら、長く続けられるキャリアを築けます。 【過去入社された方の例/】23歳/前職:,滋賀県,"月給32万2,300円",正社員,飲食,求人ボックス,https://xn--pckua2a7gp15o89zb.com/jbn/fae117e285dfc1497c6f843a05eecc73,True,8時間前,2026-09-30 05:23:25,滋賀県
衛生用品容器の目視検品スタッフ新着,スタッフ,滋賀県,"月給27万7,000円",正社員,飲食,求人ボックス,https://xn--pckua2a7gp15o89zb.com/jbn/05bf40a3ecc2d4036c2f97c66890e1f1,True,6時間前,2026-09-30 05:23:25,滋賀県
未経験からなれる商品のチェック・梱包担当／寮・社宅・家賃補助あり／資格取得支援あり新着,スタッフ,滋賀県,"月給29万3,000円",正社員,飲食,求人ボックス,https://xn--pckua2a7gp15o89zb.com/jbn/239018474caaacb15d88d8a6be2cd945,True,11時間前,2026-09-30 05:23:25,滋賀県
買取査定スタッフ／月収50.1万円スタート／初年度年収1000万円超多数新着,株式会社エンパワー 買取大吉 アル・プラザ堅田店,滋賀県,"月給50万1,000円",正社員,飲食,求人ボックス,https://xn--pckua2a7gp15o89zb.com/jb/1a4c9829213aa83905bbfde8db1e0f37,True,4時間前,2026-09-30 05:23:25,滋賀県
営業サポート事務／マニュアル完備／土日祝休み／シフト制／未経験でも安心新着,<志望理由は「プライベート優先」でOK!>,滋賀県,月給19万500円,正社員,飲食,求人ボックス,https://xn--pckua2a7gp15o89zb.com/jbn/d8cb68e1e52416481fcd341cb0ca44da,True,4時間前,2026-09-30 05:23:25,滋賀県
「定員残りわずか!」未経験採用枠／動画クリエイター／年間休日125日以上新着,スタッフ,滋賀県,月給26万円～45万円,正社員,飲食,求人ボックス,https://xn--pckua2a7gp15o89zb.com/jbn/0e4d435c7e0dc949d11e6ca02203c5fc,True,12時間前,2026-09-30 05:23:25,滋賀県
オフィスワーク事務・サポート体制充実・年間休日125日以上新着,飲食・,滋賀県,"月給24万6,200円",正社員,飲食,求人ボックス,https://xn--pckua2a7gp15o89zb.com/jbn/f2654d3b6545cb9d0a0332950af2078d,True,9時間前,2026-09-30 05:23:28,滋賀県
包装資材のシール貼り作業員新着,...製品ラベルの向きや位置に問題がないか確認 ・終わった製品をまとめて出荷準備の場所へ移動・作業台周りのクリーンアップや片付け丁寧な研修ありで安心スタート!先輩,滋賀県,"月給26万5,000円",正社員,飲食,求人ボックス,https://xn--pckua2a7gp15o89zb.com/jbn/419f207f42795afa7eefdc2242e5e1b7,True,5時間前,2026-09-30 05:23:28,滋賀県
「残り枠わずか!」未経験からできるデータ入力／年間休日120日以上新着,<こんな経験がある方も活躍中>・アパレルやレジでの販売経験・,滋賀県,"月給26万5,000円",正社員,飲食,求人ボックス,https://xn--pckua2a7gp15o89zb.com/jbn/d572079a70583066c7a37fd62c9c62e6,True,11時間前,2026-09-30 05:23:28,滋賀県
「定員残りわずか!」未経験採用枠／映像編集／年間休日125日以上新着,スタッフ,滋賀県,月給26万円～45万円,正社員,飲食,求人ボックス,https://xn--pckua2a7gp15o89zb.com/jbn/6e68222364b05da699606fab8ddcd387,True,11時間前,2026-09-30 05:23:28,滋賀県
ブランクさんも歓迎!丁寧な研修で安心スタート／事務アシスタント／長期安定で働ける新着,こんな業界からの転職者が活躍中接客→,滋賀県,"月給25万9,200円",正社員,飲食,求人ボックス,https://xn--pckua2a7gp15o89zb.com/jbn/ad53a0582ff0ae584a47e0212fded44d,True,9時間前,2026-09-30 05:23:28,滋賀県
「定員残りわずか!」未経験採用枠／動画クリエイター／プライベート充実新着,スタッフ,滋賀県,月給26万円～45万円,正社員,飲食,求人ボックス,https://xn--pckua2a7gp15o89zb.com/jbn/87f5f68c22b41488d069686073e59dea,True,11時間前,2026-09-30 05:23:28,滋賀県
「定員残りわずか!」未経験採用枠／映像コンテンツ制作／研修充実新着,スタッフ,滋賀県,月給26万円～45万円,正社員,飲食,求人ボックス,https://xn--pckua2a7gp15o89zb.com/jbn/7da45c8768fd2b7bb504c7f2aa2bd83e,True,10時間前,2026-09-30 05:23:32,滋賀県
ガリバーのディーラー営業 未経験歓迎／研修体制／個人ノルマ無／手当充実新着,株式会社IDOM,滋賀県,年収360万円,正社員,飲食,求人ボックス,https://xn--pckua2a7gp15o89zb.com/jb/4e2d160826fb303fa6b30c528a3928ec,True,8時間前,2026-09-30 05:23:32,滋賀県
Webデザイナーサポート／画像編集・バナー制作補助／未経験歓迎／退職金制度あり・デザインスキル習得新着,株式会社LOP,滋賀県,月給34万円～60万円,正社員,飲食,求人ボックス,https://xn--pckua2a7gp15o89zb.com/jbn/ea407695bff502b80ef94e33107342cd,True,8時間前,2026-09-30 05:23:32,滋賀県
ITセキュリティ監視スタッフ／不正アクセス確認・ログ分析補助／未経験歓迎／資格取得支援・20代活躍中新着,株式会社Meta Sales,滋賀県,月給34万円～60万円,正社員,飲食,求人ボックス,https://xn--pckua2a7gp15o89zb.com/jbn/808f62f08b4979a08a5c5f20cec07fe2,True,7時間前,2026-09-30 05:23:32,滋賀県
事務・データ入力事務「正社員」残業なし・メリハリある働き方新着,JHR株式会社,滋賀県,月給29万円～47万円,正社員,飲食,求人ボックス,https://xn--pckua2a7gp15o89zb.com/jb/1073a7d1a104736297f8876d5244f22a,True,20時間前,2026-09-30 05:23:38,滋賀県
ガチャガチャの仕分け／未経験OK／カンタン作業からスタート／土日祝休み／昇給賞与あり新着,株式会社グローリー,滋賀県,月給31万700円,正社員,飲食,求人ボックス,https://xn--pckua2a7gp15o89zb.com/jbn/154bec375a5392e4c7d40a70c396d246,True,6時間前,2026-09-30 05:23:38,滋賀県
高時給のお仕事／車体フレーム成形オペレーター／スピード採用／マイカー通勤OK／工場ワークデビュー歓迎新着,株式会社キャリアビジョン,滋賀県,"月給28万9,800円",正社員,飲食,求人ボックス,https://xn--pckua2a7gp15o89zb.com/jbn/8285f1f01610157679a680367989f05a,True,21時間前,2026-09-30 05:23:38,滋賀県
生成AI活用ゲーム開発アシスタント・IT・ゲーム業界志望正社員「PCスキル活かしたい方新着,株式会社Le Lien,滋賀県,"月給26万3,400円",正社員,飲食,求人ボックス,https://xn--pckua2a7gp15o89zb.com/jbn/759bf26dec1b7f37b9bd9a836124e250,True,9時間前,2026-09-30 05:23:38,滋賀県
産業機械／ギアポンプの2D設計補助新着,パーソルクロステクノロジー株式会社,滋賀県,"時給2,300円～2,500円",派遣社員,派遣,求人ボックス,https://xn--pckua2a7gp15o89zb.com/jb/7a9b89c484a7989a7468d0f0cb79a842,True,5時間前,2026-09-30 05:23:12,滋賀県
サポート事務 月収20万円～↑車通勤OK!大手／日野×長期新着,...業界未経験OK! 何かしらの事務経験がある方 【特徴】未経験OK/残業少なめ(20H以下)/土日休み/大手・有名企業/,滋賀県,"時給1,300円",派遣社員,派遣,求人ボックス,https://xn--pckua2a7gp15o89zb.com/jb/4bbefe3728933d1a6e44f129925e9276,True,13時間前,2026-09-30 05:23:12,滋賀県
大手機械メーカーで機械CAD／残業なし／勤務時間相談OK／車通勤OK新着,サンワ株式会社,滋賀県,"時給1,500円～1,800円",派遣社員,派遣,求人ボックス,https://xn--pckua2a7gp15o89zb.com/jb/81f247520a6920e4bd95c6c593c99022,True,15時間前,2026-09-30 05:23:13,滋賀県
事務スタッフ／完全週休2日制!土日祝休み!残業なし!フルタイム歓迎!平日のみOK新着,株式会社ルフト・メディカルケア,滋賀県,"時給1,400円",派遣社員,派遣,求人ボックス,https://xn--pckua2a7gp15o89zb.com/jb/aca9005c9c84d622a1524464d2bfb237,True,23時間前,2026-09-30 05:23:13,滋賀県
リゾートバイト／レストランサービス新着,株式会社ダイブ,滋賀県,"時給1,200円～",派遣社員,派遣,求人ボックス,https://xn--pckua2a7gp15o89zb.com/jb/5cd5309b80ca275868048f58197c24f9,True,23時間前,2026-09-30 05:23:16,滋賀県
管理スタッフ 年休124日&完全週休2日制 土日祝新着,夏原工業株式会社,滋賀県,月給24万円～,正社員,派遣,求人ボックス,https://xn--pckua2a7gp15o89zb.com/jb/fce81137e1da9bb82e2825469bf90cf0,True,23時間前,2026-09-30 05:23:16,滋賀県
スマホの販売やお客様サポートのお仕事新着,株式会社ラルスコーポレーション,滋賀県,"月給27万1,500円",正社員,派遣,求人ボックス,https://xn--pckua2a7gp15o89zb.com/jb/34a0ff555f044c0e0e8454ca4306046f,True,9時間前,2026-09-30 05:23:16,滋賀県
パン粉を造っている会社 検品・梱包や組立て 3交替勤務 土日休み新着,株式会社ナガハ,滋賀県,"時給1,300円～",派遣社員,派遣,求人ボックス,https://xn--pckua2a7gp15o89zb.com/jbn/e9aafcc25091a7907350646d59f1f0a3,True,4時間前,2026-09-30 05:23:19,滋賀県
大手自動車メーカーで事務サポート新着,ヒューマンリソシア株式会社,滋賀県,"時給1,500円",派遣社員,派遣,求人ボックス,https://xn--pckua2a7gp15o89zb.com/jb/7e3ff656b239558dd4fee06192141983,True,7時間前,2026-09-30 05:23:19,滋賀県
生活サポート充実!ジムアイテムのかんたん作業新着,株式会社アルミラ,滋賀県,"時給1,450円～",アルバイト・パート,派遣,求人ボックス,https://xn--pckua2a7gp15o89zb.com/jb/8167e95b596a66363847ed4a5dda3d1d,True,12時間前,2026-09-30 05:23:19,滋賀県
土日休み 3交代! 目視検査新着,株式会社テクノサービス,滋賀県,"時給1,400円",派遣社員,派遣,求人ボックス,https://xn--pckua2a7gp15o89zb.com/jb/92327da98791fb3795b671524ed62e3d,True,22時間前,2026-09-30 05:23:19,滋賀県
一般事務／飲料メーカー 17時半まで!原材料の入荷実績入力など新着,株式会社スタッフサービス,滋賀県,"時給1,300円",派遣社員,派遣,求人ボックス,https://xn--pckua2a7gp15o89zb.com/jb/305f28a6cda845492b367dc3d37a6432,True,18時間前,2026-09-30 05:23:21,滋賀県
「残りわずか」プラモデルの仕分け等／軽作業／未経験歓迎／即日入寮OK新着,バイトや,滋賀県,月給31万円～39万円,正社員,派遣,求人ボックス,https://xn--pckua2a7gp15o89zb.com/jbn/2aa76a0638c39854650a4e1800e81992,True,12時間前,2026-09-30 05:23:21,滋賀県
一般事務新着,株式会社リクルートスタッフィング,滋賀県,"時給1,500円～",派遣社員,派遣,求人ボックス,https://xn--pckua2a7gp15o89zb.com/jb/5b2ab42da27bba80c18db5b1cd91c6f3,True,20時間前,2026-09-30 05:23:26,滋賀県
「モノづくりが好き」それだけでOK!／製品のチェックスタッフ／資格取得支援あり／未経験活躍新着,株式会社GUM,滋賀県,"月給26万5,000円",正社員,派遣,求人ボックス,https://xn--pckua2a7gp15o89zb.com/jbn/5050c58da7944aafb7fa84c79e0f9d48,True,11時間前,2026-09-30 05:23:26,滋賀県
保育教諭／2027年4月開始 14時や15時からの夕方勤務 週3日〜新着,ベルサンテ株式会社,滋賀県,"時給1,250円～",派遣社員,派遣,求人ボックス,https://xn--pckua2a7gp15o89zb.com/jb/5741b99f5f20b3f2d089de635aaf966f,True,16時間前,2026-09-30 05:23:26,滋賀県
即日勤務×日払いOK 福祉施設のサポートスタッフ／未経験OK新着,株式会社ウィルオブ・ワーク,滋賀県,"時給1,400円",派遣社員,派遣,求人ボックス,https://xn--pckua2a7gp15o89zb.com/jb/7ec399c2957cba89aad101a4689df42d,True,20時間前,2026-09-30 05:23:29,滋賀県
長浜駅 需要のある福祉業界で介護デビュー 資格支援あり新着,株式会社コトリオ,滋賀県,"時給1,550円～2,187円",派遣社員,派遣,求人ボックス,https://xn--pckua2a7gp15o89zb.com/jb/ecefb123ee75f813d1d33409fe905931,True,14時間前,2026-09-30 05:23:29,滋賀県
「毎日の暮らしを支える商品」マスク・衛生用品の箱詰め／未経験歓迎／寮完備／研修あり／週休2日制新着,株式会社ZERO TALENT,滋賀県,月給29万円～42万円,派遣社員,派遣,求人ボックス,https://xn--pckua2a7gp15o89zb.com/jbn/c0b6691a7766f7ed687deeaa5933c7a3,True,2時間前,2026-09-30 05:23:29,滋賀県
新しい仕事に挑戦できる／組み立て式本棚仕分作業／高時給の軽作業／マイカー通勤OK新着,Rightfit Consulting株式会社,滋賀県,"時給1,870円",派遣社員,派遣,求人ボックス,https://xn--pckua2a7gp15o89zb.com/jbn/256bdf655268a15f0c52986399bb817d,True,20時間前,2026-09-30 05:23:33,滋賀県
「日払いOK寮費無料!」小型エンジンのネジ締め・部品のはめ込みスタッフ／20代から30代活躍中!新着,株式会社日本ケイテム,滋賀県,"時給1,500円～",派遣社員,派遣,求人ボックス,https://xn--pckua2a7gp15o89zb.com/jbn/7ba37d6e31e0886922f26a80f2a7373f,True,21時間前,2026-09-30 05:23:33,滋賀県
大手取引先多数で安定!／ゴムパッキンの梱包／シンプル工程／月収25万円可能／手厚い福利厚生!新着,三陽工業株式会社,滋賀県,月給19万円～37万円,正社員,派遣,求人ボックス,https://xn--pckua2a7gp15o89zb.com/jbn/5dc354d58af5617fb767ed5b29ddff67,True,14時間前,2026-09-30 05:23:33,滋賀県
初めての工場勤務歓迎／高耐久ギアレバー仕分補助／採用までしっかりサポート／20代～30代活躍中新着,株式会社Vialevo,滋賀県,"時給1,870円",派遣社員,派遣,求人ボックス,https://xn--pckua2a7gp15o89zb.com/jbn/5f470f15da2f964761260ab119832e7a,True,20時間前,2026-09-30 05:23:37,滋賀県
CAD設計補助エンジニア／生産管理／若手スタッフ多数活躍中／未経験OK／大阪オフィス新着,株式会社リクルートR&Dスタッフィング,滋賀県,"月給21万4,000円",正社員,派遣,求人ボックス,https://xn--pckua2a7gp15o89zb.com/jbn/18817b3b3d37e82bef2f9ce3603aadca,True,2時間前,2026-09-30 05:23:41,滋賀県
寮費無料／空調完備の快適な職場環境で働きませんか?Vtuber新着,株式会社FAT FORWARD,滋賀県,"時給1,470円～",アルバイト・パート,派遣,求人ボックス,https://xn--pckua2a7gp15o89zb.com/jb/60dede898874c5cad62546ea9a29145e,True,14時間前,2026-09-30 05:23:41,滋賀県
グループホーム／介護職／資格取得支援／研修制度充実／賞与年2回新着,株式会社レガート,福岡県,"月給26万5,000円",正社員,介護,求人ボックス,https://xn--pckua2a7gp15o89zb.com/jb/486892a40a610dfe4c52950ef70235a9,True,7時間前,2026-09-30 05:23:21,福岡県
介護職／デイサービス／ヒューマンライフケア 長住新着,ヒューマンライフケア株式会社,福岡県,"時給1,310円～",アルバイト・パート,介護,求人ボックス,https://xn--pckua2a7gp15o89zb.com/jb/e0c020b78183b01532594adc4eca8cfe,True,4時間前,2026-09-30 05:23:21,福岡県
社会保険完備の職場で介護職／ヘルパー新着,住宅型有料老人ホーム サンカルナ二日市,福岡県,"時給1,357円～1,395円",アルバイト・パート,介護,求人ボックス,https://xn--pckua2a7gp15o89zb.com/jb/4066a082199a33cacb14809765742fa1,True,8時間前,2026-09-30 05:23:22,福岡県
初任者研修あれば未経験も週2日で高月給もめざせる夜勤専従介護職新着,介護職,福岡県,"月給22万4,800円",アルバイト・パート,介護,求人ボックス,https://xn--pckua2a7gp15o89zb.com/jb/30dac015f9cff455512403abed7ccf34,True,14時間前,2026-09-30 05:23:22,福岡県
調理なしで安心・西区早良区エリアで夜勤専従介護職新着,介護職,福岡県,"日給2万6,700円",アルバイト・パート,介護,求人ボックス,https://xn--pckua2a7gp15o89zb.com/jb/7bedb1577f434d66357fb8c98e15ebfd,True,14時間前,2026-09-30 05:23:22,福岡県
初任者研修あれば週2日で高月給もめざせる夜勤専従介護職新着,介護職,福岡県,"月給21万3,600円",アルバイト・パート,介護,求人ボックス,https://xn--pckua2a7gp15o89zb.com/jb/a97f72324987375da83c1fc294371686,True,14時間前,2026-09-30 05:23:25,福岡県
デイサービス 介護職／勤務日数・時間は応相談／パナソニック新着,パナソニック エイジフリー株式会社,福岡県,"時給1,193円～",アルバイト・パート,介護,求人ボックス,https://xn--pckua2a7gp15o89zb.com/jb/61a79c89de8a37ca50665f525c4cacb7,True,6時間前,2026-09-30 05:23:30,福岡県
介護職／グループホームの介護スタッフ新着,株式会社ケア21,福岡県,月給21万162円,正社員,介護,求人ボックス,https://xn--pckua2a7gp15o89zb.com/jb/54dc649f62b300f7fb2743ac11249373,True,14時間前,2026-09-30 05:23:30,福岡県
社会保険完備の職場で介護職／ヘルパー新着,グリーンリーフ星ヶ丘,福岡県,"月給21万6,000円",正社員,介護,求人ボックス,https://xn--pckua2a7gp15o89zb.com/jb/9c26dda329e1f3cae782cc689898b01c,True,8時間前,2026-09-30 05:23:30,福岡県
デイサービス介護職員・無資格可の介護職／ヘルパー新着,デイサービスえにし亭,福岡県,"時給1,115円～1,300円",アルバイト・パート,介護,求人ボックス,https://xn--pckua2a7gp15o89zb.com/jb/a337082203208640cbaaf5e8898d4647,True,8時間前,2026-09-30 05:23:30,福岡県
社会保険完備の職場で介護職／ヘルパー新着,サービス付き高齢者住宅 せんだんの丘,福岡県,月給20万円～21万円,正社員,介護,求人ボックス,https://xn--pckua2a7gp15o89zb.com/jb/bddd23684c7d9fdf13ea4812b0617c2b,True,7時間前,2026-09-30 05:23:34,福岡県
通所介護・デイサービス勤務の介護職／ヘルパー新着,唐孔雀園デイサービスセンター,福岡県,"月給23万4,000円",正社員,介護,求人ボックス,https://xn--pckua2a7gp15o89zb.com/jb/d4c2eafb93ffef84efb029f0f53b30bb,True,7時間前,2026-09-30 05:23:34,福岡県
通所介護・デイサービス勤務の介護職／ヘルパー新着,株式会社優心 住宅型有料老人ホームりあん早良,福岡県,"月給21万9,184円",正社員,介護,求人ボックス,https://xn--pckua2a7gp15o89zb.com/jb/a7fceecc0e7d74397b6eef1555e7ccfd,True,7時間前,2026-09-30 05:23:36,福岡県
通所介護・デイサービス勤務の介護職／ヘルパー新着,遊ビリセンター和ら邸,福岡県,"時給1,130円～1,200円",アルバイト・パート,介護,求人ボックス,https://xn--pckua2a7gp15o89zb.com/jb/9280703c0f612e169c43334bc84dd21b,True,7時間前,2026-09-30 05:23:36,福岡県
夜勤専従介護職員・社会保険完備の職場で介護職／ヘルパー新着,住宅型有料老人ホーム あったかいご東油山,福岡県,"時給1,300円～",アルバイト・パート,介護,求人ボックス,https://xn--pckua2a7gp15o89zb.com/jb/e027ba11aa18d95b0653b9a781a171b0,True,7時間前,2026-09-30 05:23:40,福岡県
社会保険完備の職場で介護職／ヘルパー新着,特別養護老人ホーム聖家族の家 若宮,福岡県,"時給1,120円～1,200円",アルバイト・パート,介護,求人ボックス,https://xn--pckua2a7gp15o89zb.com/jb/c85fc50bb37b375afc245ed946b43268,True,7時間前,2026-09-30 05:23:40,福岡県
通所介護・デイサービス勤務の介護職／ヘルパー新着,住宅型有料老人ホームりあん早良南,福岡県,"月給21万4,002円",正社員,介護,求人ボックス,https://xn--pckua2a7gp15o89zb.com/jb/ae3e6dbb7af2e906b9707e5c5d924ce8,True,7時間前,2026-09-30 05:23:44,福岡県
入浴スタッフ・無資格可の介護職／ヘルパー新着,リハビリ特化型デイサービスSMILE UP,福岡県,"時給1,300円",アルバイト・パート,介護,求人ボックス,https://xn--pckua2a7gp15o89zb.com/jb/6e28060fbb37d009b0d3166d1bf17a27,True,7時間前,2026-09-30 05:23:47,福岡県
介護職／特別養護老人ホーム新着,社会福祉法人稲穂会 特別養護老人ホーム 第二稲穂園,福岡県,"時給1,393円",アルバイト・パート,介護,求人ボックス,https://xn--pckua2a7gp15o89zb.com/jb/099cbfaca81b05e7b2b316c45d7a9dc5,True,2時間前,2026-09-30 05:23:47,福岡県
介護職／介護老人保健施設新着,医療法人和光会 介護老人保健施設 あけぼの荘,福岡県,"時給1,140円～",アルバイト・パート,介護,求人ボックス,https://xn--pckua2a7gp15o89zb.com/jb/b5f70748a0a9d4b0b1002502e82d25ce,True,2時間前,2026-09-30 05:23:47,福岡県
ツクイのデイサービス介護職／週2～3日勤務可新着,株式会社ツクイ,福岡県,"時給1,207円",アルバイト・パート,介護,求人ボックス,https://xn--pckua2a7gp15o89zb.com/jb/2101ff5eceec40ac6e467ac81f028d05,True,14時間前,2026-09-30 05:23:47,福岡県
特別養護老人ホームでの介護職／介護職・ヘルパー新着,株式会社パソナライフケア,福岡県,"月給28万7,630円",派遣社員,介護,求人ボックス,https://xn--pckua2a7gp15o89zb.com/jb/bbb6a1fce1b36f29bb8115cbd51e3714,True,15時間前,2026-09-30 05:23:50,福岡県
介護スタッフ／経験不問・賞与年2回／夜勤は慣れてから・職場見学可新着,社会福祉法人年長者の里,福岡県,"月給21万3,000円",正社員,介護,求人ボックス,https://xn--pckua2a7gp15o89zb.com/jbn/ef46cf86cd7a77a964dbdd5052d75dfd,True,3時間前,2026-09-30 05:23:50,福岡県
グループホームでの介護業務新着,株式会社ドリームキャッチャー,福岡県,"月給18万6,800円",正社員,介護,求人ボックス,https://xn--pckua2a7gp15o89zb.com/jb/0b37ad490f89c186b07929af4670752c,True,10時間前,2026-09-30 05:23:50,福岡県
「髪色・髪型自由」／一般事務／第二新卒歓迎／ネイルOK「正社員」新着,未経験OK,福岡県,月給20万500円,正社員,介護,求人ボックス,https://xn--pckua2a7gp15o89zb.com/jbn/c47294b89cad0430590ae710b0e279c6,True,2時間前,2026-09-30 05:23:50,福岡県
OA事務／駅徒歩5分／週休2日制／ブランクOK／未経験でも安心／マニュアル完備新着,未経験OK,福岡県,月給21万500円,正社員,介護,求人ボックス,https://xn--pckua2a7gp15o89zb.com/jbn/b4b23b6ae94553d01542bfa4748d8e56,True,3時間前,2026-09-30 05:23:50,福岡県
医療事務クラーク新着,医療法人恵有会 森山整形外科院,福岡県,"月給18万8,600円",正社員,医療事務,求人ボックス,https://xn--pckua2a7gp15o89zb.com/jb/e4a298fca708a501172fbd79b6af2c5c,True,9時間前,2026-09-30 05:23:40,福岡県
医療事務スタッフ新着,株式会社ホットスタッフ宮若,福岡県,"時給1,400円",派遣社員,医療事務,求人ボックス,https://xn--pckua2a7gp15o89zb.com/jb/dc84b0d8887a5128a17e9dbba7f5919c,True,10時間前,2026-09-30 05:23:40,福岡県
医療事務新着,特定医療法人 東筑会,福岡県,"月給18万1,100円",正社員,医療事務,求人ボックス,https://xn--pckua2a7gp15o89zb.com/jb/5b41e14fa7cb41174ed38bb204977c7a,True,21時間前,2026-09-30 05:23:40,福岡県
未経験OKのデスクワーク 医療事務 日払い可新着,株式会社コトリオ,福岡県,"時給1,250円～",派遣社員,医療事務,求人ボックス,https://xn--pckua2a7gp15o89zb.com/jb/8e227e545259514a60cd9c97394b994a,True,14時間前,2026-09-30 05:23:40,福岡県
医療事務／受付・ボーナス・賞与あり新着,ももち浜いけだクリニック,福岡県,"時給1,200円～1,300円",アルバイト・パート,医療事務,求人ボックス,https://xn--pckua2a7gp15o89zb.com/jb/e635ea01bdbf4bd46494350005b9a9bd,True,7時間前,2026-09-30 05:23:41,福岡県
社会保険完備の職場で医療事務／受付新着,訪問看護ステーション キタキュウ,福岡県,月給20万円～22万円,正社員,医療事務,求人ボックス,https://xn--pckua2a7gp15o89zb.com/jb/ebd3f7a88a36caec952f24ef9e5fd1bf,True,7時間前,2026-09-30 05:23:41,福岡県
医療事務新着,株式会社リクルートスタッフィング,福岡県,"時給1,300円～",派遣社員,医療事務,求人ボックス,https://xn--pckua2a7gp15o89zb.com/jb/56b20cdee151dd24a8c678be590fba90,True,20時間前,2026-09-30 05:23:41,福岡県
医療事務経験者歓迎・未経験相談可能／最寄駅より徒歩3分／日祝休み新着,医療事務,福岡県,年収300万円～,,医療事務,求人ボックス,https://xn--pckua2a7gp15o89zb.com/jb/7823c45caec8ed1f7e7c7703ab5fbf80,True,15時間前,2026-09-30 05:23:41,福岡県
医療秘書・医療事務／受付・ボーナス・賞与あり新着,社会保険田川病院,福岡県,"月給17万1,470円",正社員,医療事務,求人ボックス,https://xn--pckua2a7gp15o89zb.com/jb/100aa85115e95b6d84a74066327a0ef9,True,7時間前,2026-09-30 05:23:41,福岡県
「高収入」／IT事務／充実の研修で安心スタート!／社会保険完備／バックオフィススタッフ新着,安定した環境で長く働ける,福岡県,月給20万500円,正社員,医療事務,求人ボックス,https://xn--pckua2a7gp15o89zb.com/jbn/4ec81a381ed0f2d2949792d7c301d43c,True,4時間前,2026-09-30 05:23:44,福岡県
「年間休日125日以上」／ITサポート事務／ブランクOK／コツコツ作業「正社員」新着,事務,福岡県,月給21万500円,正社員,医療事務,求人ボックス,https://xn--pckua2a7gp15o89zb.com/jbn/c96b7e953df468381c5603cceb69981f,True,3時間前,2026-09-30 05:23:44,福岡県
「髪色・髪型自由」／事務・受付スタッフ／若手活躍中／有給休暇あり「正社員」新着,事務,福岡県,月給20万500円,正社員,医療事務,求人ボックス,https://xn--pckua2a7gp15o89zb.com/jbn/3aa23c8f2707f8b0a8e677e7e2524ac4,True,2時間前,2026-09-30 05:23:44,福岡県
データ入力・事務／駅チカ／社会保険完備／マニュアル完備／未経験でも安心新着,事務,福岡県,月給21万500円,正社員,医療事務,求人ボックス,https://xn--pckua2a7gp15o89zb.com/jbn/180512667c4fabe3ff27f1ff2eeb32c9,True,2時間前,2026-09-30 05:23:44,福岡県
ITサポート事務／未経験でも安心／充実の研修で安心スタート!／産休・育休あり新着,事務,福岡県,月給20万500円,正社員,医療事務,求人ボックス,https://xn--pckua2a7gp15o89zb.com/jbn/34f1cb79a8232151fc6eb588f0fb62ea,True,2時間前,2026-09-30 05:23:48,福岡県
IT事務／充実の研修で安心スタート!／残業なし／完全週休2日制／未経験でも安心新着,事務,福岡県,月給21万500円,正社員,医療事務,求人ボックス,https://xn--pckua2a7gp15o89zb.com/jbn/5e67f8be0e86fc247cb2cdcf3e7e556c,True,2時間前,2026-09-30 05:23:48,福岡県
ITサポート事務／オシャレ自由／駅徒歩5分／充実の研修で安心スタート新着,事務,福岡県,月給20万500円,正社員,医療事務,求人ボックス,https://xn--pckua2a7gp15o89zb.com/jbn/326c22f777f39429845788e68c6b7b97,True,3時間前,2026-09-30 05:23:48,福岡県
ドラッグストアでの登録販売者／経験歓迎／フリーターOK／資格手当あり／シフト制／有給休暇新着,クリニック受付・,福岡県,年収240万円～450万円,正社員,医療事務,求人ボックス,https://xn--pckua2a7gp15o89zb.com/jbn/f74243f9bac187fd792a66ea2eb2edc2,True,2時間前,2026-09-30 05:23:48,福岡県
OA事務／充実の研修で安心スタート!／ブランクOK／未経験でも安心／事務スタッフ新着,事務,福岡県,月給20万500円,正社員,医療事務,求人ボックス,https://xn--pckua2a7gp15o89zb.com/jbn/6bd686dba8bd543cc59ce765b6f892e2,True,3時間前,2026-09-30 05:23:48,福岡県
一般事務／充実の研修で安心スタート!／ブランクOK／経験者優遇／事務の仕事新着,事務,福岡県,月給20万500円,正社員,医療事務,求人ボックス,https://xn--pckua2a7gp15o89zb.com/jbn/847fdfe571963976ec768cfe02e7fa3d,True,3時間前,2026-09-30 05:23:50,福岡県
総務事務／充実の研修で安心スタート!／未経験でも安心／オフィススタッフ／高収入新着,事務,福岡県,月給20万500円,正社員,医療事務,求人ボックス,https://xn--pckua2a7gp15o89zb.com/jbn/14862d8c1523139cee60eaf11fe569ef,True,3時間前,2026-09-30 05:23:50,福岡県
ドラッグストアでの登録販売者／経験者OK／フリーター／週休2日制／シフト制／有給休暇あり新着,クリニック受付・,福岡県,"月給22万5,000円",正社員,医療事務,求人ボックス,https://xn--pckua2a7gp15o89zb.com/jbn/46634380abd8a0f34168ff7df020b1ae,True,2時間前,2026-09-30 05:23:50,福岡県
「プライベート充実」／ITサポート事務／社会保険完備／高給与「正社員」新着,事務,福岡県,月給20万500円,正社員,医療事務,求人ボックス,https://xn--pckua2a7gp15o89zb.com/jbn/831d3656ec738ba7f9c960224a0b56ae,True,2時間前,2026-09-30 05:23:50,福岡県
事務スタッフ／土日祝休み!残業なし!フルタイム歓迎!午前!夕方新着,株式会社ルフト・メディカルケア,福岡県,"時給1,250円",派遣社員,医療事務,求人ボックス,https://xn--pckua2a7gp15o89zb.com/jb/ec1c1d051748c8c1be3babe5d87bbb2d,True,23時間前,2026-09-30 05:23:50,福岡県
ドラッグストアでの登録販売者／経験OK／フリーター歓迎／資格手当あり／シフト制／有給休暇制度あり新着,クリニック受付・,福岡県,年収240万円～450万円,正社員,医療事務,求人ボックス,https://xn--pckua2a7gp15o89zb.com/jbn/e4e5751add0660e32a88c0dcea91a1d4,True,2時間前,2026-09-30 05:23:50,福岡県
「年間休日125日以上」／事務・受付スタッフ／社会保険完備／ボーナスあり「正社員」新着,医療事務,福岡県,月給20万500円,正社員,医療事務,求人ボックス,https://xn--pckua2a7gp15o89zb.com/jbn/6c0af06dd435143dd5e3552aa410d851,True,2時間前,2026-09-30 05:23:50,福岡県
ドラッグストアでの登録販売者／経験者OK／フリーター／週休2日／シフト制／有給休暇制度あり新着,クリニック受付・,福岡県,"月給22万5,000円",正社員,医療事務,求人ボックス,https://xn--pckua2a7gp15o89zb.com/jbn/aab25f37c4a149dff4fafc7c8700c520,True,2時間前,2026-09-30 05:23:53,福岡県
ドラッグストアでの登録販売者／経験者OK／フリーター／資格手当あり／シフト制／有給休暇あり新着,クリニック受付・,福岡県,年収240万円～450万円,正社員,医療事務,求人ボックス,https://xn--pckua2a7gp15o89zb.com/jbn/47f8ef428141cf7b5a343bff0326186f,True,2時間前,2026-09-30 05:23:53,福岡県
一般事務／充実の研修で安心スタート!／教育体制あり／完全週休2日制／オフィスワーク新着,事務,福岡県,月給21万500円,正社員,医療事務,求人ボックス,https://xn--pckua2a7gp15o89zb.com/jbn/bd81100eefafed8b35c66f88b5052093,True,3時間前,2026-09-30 05:23:53,福岡県
もくもくPC入力で安心勤務!サポート体制バッチリ／事務スタッフ／復職実績多数新着,株式会社GUM,福岡県,"月給26万3,600円",正社員,医療事務,求人ボックス,https://xn--pckua2a7gp15o89zb.com/jbn/cf50ffbf76cb957fe5ebaed28e3ee7f1,True,9時間前,2026-09-30 05:23:53,福岡県
「残業少なめ」／IT事務／データ管理／ワークライフバランス充実「正社員」新着,事務,福岡県,月給20万500円,正社員,医療事務,求人ボックス,https://xn--pckua2a7gp15o89zb.com/jbn/01cc83b494ed138d25a29c6877a531c9,True,2時間前,2026-09-30 05:23:53,福岡県
ドラッグストアでの登録販売者／経験者OK／フリーター／週休2日制／シフト制／有給休暇制度あり新着,クリニック受付・,福岡県,"月給22万5,000円",正社員,医療事務,求人ボックス,https://xn--pckua2a7gp15o89zb.com/jbn/e56a3324dc82797c67faf85d764ad226,True,2時間前,2026-09-30 05:23:53,福岡県
受付事務・復職実績多数・丁寧な研修あり・福岡市博多区博多駅中央街新着,事務,福岡県,"月給25万9,100円",正社員,医療事務,求人ボックス,https://xn--pckua2a7gp15o89zb.com/jbn/416ecf9adf9973df07f99b3ce2a113fa,True,8時間前,2026-09-30 05:23:53,福岡県
ドラッグストアでの登録販売者／経験歓迎／フリーターOK／資格手当／シフト制／有給休暇新着,クリニック受付・,福岡県,年収240万円～450万円,正社員,医療事務,求人ボックス,https://xn--pckua2a7gp15o89zb.com/jbn/dbfaec1f2efd1dc5b246fabf6eff65ae,True,2時間前,2026-09-30 05:23:53,福岡県
事務スタッフ・未経験歓迎・PC入力できればOK・アシスタント業務・福岡市博多区博多駅東1丁目新着,事務,福岡県,"月給26万5,900円",正社員,医療事務,求人ボックス,https://xn--pckua2a7gp15o89zb.com/jbn/8cee649a9b10e67bf3b7fbf55a3d9e8c,True,9時間前,2026-09-30 05:23:56,福岡県
ドラッグストアでの登録販売者／経験者可能／フリーターOK／資格手当あり／シフト制／有給休暇新着,クリニック受付・,福岡県,年収240万円～450万円,正社員,医療事務,求人ボックス,https://xn--pckua2a7gp15o89zb.com/jbn/41be8e62290bb5a356e87284ce20bac3,True,2時間前,2026-09-30 05:23:56,福岡県
ドラッグストアでの登録販売者／経験者可能／フリーターOK／資格手当／シフト制／有給休暇新着,クリニック受付・,福岡県,年収240万円～450万円,正社員,医療事務,求人ボックス,https://xn--pckua2a7gp15o89zb.com/jbn/74beacbbc6da866edd814cbe8c738a63,True,2時間前,2026-09-30 05:23:56,福岡県
調剤事務・久留米市田主丸町田主丸・薬局勤務のご経験をお持ちの方、積極募集中! 無資格OK〇新着,新生堂薬局 田主丸中央病院前店,福岡県,"月給23万9,000円",正社員,医療事務,求人ボックス,https://xn--pckua2a7gp15o89zb.com/jb/c3877954328ef3b320c08c5815955e62,True,7時間前,2026-09-30 05:23:56,福岡県
書類整理でスッキリ!働きやすい環境／事務スタッフ／20代活躍中／福岡市博多区博多駅東1丁目新着,事務,福岡県,"月給26万7,100円",正社員,医療事務,求人ボックス,https://xn--pckua2a7gp15o89zb.com/jbn/c3271b9b7673e142d68eff7834a6cc49,True,9時間前,2026-09-30 05:23:56,福岡県
データ入力事務「正社員」研修制度充実・未経験歓迎・福岡市博多区博多駅中央街新着,事務,福岡県,"月給24万3,200円",正社員,医療事務,求人ボックス,https://xn--pckua2a7gp15o89zb.com/jbn/9034715bba88bfe093b07864185530d2,True,9時間前,2026-09-30 05:23:56,福岡県
調剤事務・那珂川市中原・薬局勤務のご経験をお持ちの方、積極募集中! 無資格OK〇新着,新生堂薬局 那珂川店,福岡県,"月給23万9,000円",正社員,医療事務,求人ボックス,https://xn--pckua2a7gp15o89zb.com/jb/786223c3ccc7c0c254d2a8bc9d7451aa,True,7時間前,2026-09-30 05:23:56,福岡県
調剤事務・宗像市大字くりえいと・薬局勤務のご経験をお持ちの方、積極募集中! 無資格OK〇新着,新生堂薬局 くりえいと宗像店,福岡県,"月給23万9,000円",正社員,医療事務,求人ボックス,https://xn--pckua2a7gp15o89zb.com/jb/97de40ab16204318737fda48fd104ec1,True,7時間前,2026-09-30 05:24:00,福岡県
調剤事務・北九州市戸畑区中原西・薬局勤務のご経験をお持ちの方、積極募集中! 無資格OK〇新着,新生堂薬局 戸畑中原店,福岡県,"月給23万9,000円",正社員,医療事務,求人ボックス,https://xn--pckua2a7gp15o89zb.com/jb/1aa00e60b1fe6881f229fbe0e870ab9c,True,7時間前,2026-09-30 05:24:00,福岡県
調剤事務・飯塚市川津・薬局勤務のご経験をお持ちの方、積極募集中! 無資格OK〇新着,ハッピー薬局 川津店,福岡県,"月給23万9,000円",正社員,医療事務,求人ボックス,https://xn--pckua2a7gp15o89zb.com/jb/995bf536671c6d52b0bce67184622b5b,True,7時間前,2026-09-30 05:24:00,福岡県
調剤事務・北九州市戸畑区浅生・薬局勤務のご経験をお持ちの方、積極募集中! 無資格OK〇新着,新生堂薬局 戸畑浅生店,福岡県,"月給23万9,000円",正社員,医療事務,求人ボックス,https://xn--pckua2a7gp15o89zb.com/jb/fd95898ff5ca694a8c6da4e0bc499da4,True,7時間前,2026-09-30 05:24:00,福岡県
調剤事務・福岡市中央区荒戸・薬局勤務のご経験をお持ちの方、積極募集中! 無資格OK〇新着,新生堂薬局 大手門店,福岡県,"月給23万9,000円",正社員,医療事務,求人ボックス,https://xn--pckua2a7gp15o89zb.com/jb/15ac723e1c750abc1e98b7f019cab2a2,True,7時間前,2026-09-30 05:24:00,福岡県
調剤事務・福岡市博多区博多駅中央街・薬局勤務のご経験をお持ちの方、積極募集中! 無資格OK〇新着,新生堂薬局 筑紫口店,福岡県,"月給23万9,000円",正社員,医療事務,求人ボックス,https://xn--pckua2a7gp15o89zb.com/jb/05465a9601667339ea302a743085fe9d,True,7時間前,2026-09-30 05:24:00,福岡県
調剤事務・福岡市中央区渡辺通二丁目・薬局勤務のご経験をお持ちの方、積極募集中! 無資格OK〇新着,新生堂薬局 薬院八千代ビル店,福岡県,"月給23万9,000円",正社員,医療事務,求人ボックス,https://xn--pckua2a7gp15o89zb.com/jb/9467dadac6a6c7d4263f21c32d58abfd,True,7時間前,2026-09-30 05:24:03,福岡県
調剤事務・直方市湯野原・薬局勤務のご経験をお持ちの方、積極募集中! 無資格OK〇新着,ハッピー薬局 直方湯野原店,福岡県,"月給23万9,000円",正社員,医療事務,求人ボックス,https://xn--pckua2a7gp15o89zb.com/jb/9d950eec0293f5956a98957c0424d4ce,True,7時間前,2026-09-30 05:24:03,福岡県
調剤事務・飯塚市有安・薬局勤務のご経験をお持ちの方、積極募集中! 無資格OK〇新着,ハッピー薬局 庄内店,福岡県,"月給23万9,000円",正社員,医療事務,求人ボックス,https://xn--pckua2a7gp15o89zb.com/jb/7a62bcefa7abcb87dfeffab571ecc413,True,7時間前,2026-09-30 05:24:03,福岡県
調剤事務・福岡市博多区博多駅前・薬局勤務のご経験をお持ちの方、積極募集中! 無資格OK〇新着,新生堂薬局 由布ビル店,福岡県,"月給23万9,000円",正社員,医療事務,求人ボックス,https://xn--pckua2a7gp15o89zb.com/jb/c42b0ab48fab164673b5967d57a3388b,True,7時間前,2026-09-30 05:24:03,福岡県
調剤事務・福岡市早良区小田部・薬局勤務のご経験をお持ちの方、積極募集中! 無資格OK〇新着,新生堂薬局 小田部店,福岡県,"月給23万9,000円",正社員,医療事務,求人ボックス,https://xn--pckua2a7gp15o89zb.com/jb/35f345cca51454b78fbac0c05e677c8b,True,7時間前,2026-09-30 05:24:03,福岡県
調剤事務・福岡市南区中尾・薬局勤務のご経験をお持ちの方、積極募集中! 無資格OK〇新着,新生堂薬局 中尾店,福岡県,"月給23万9,000円",正社員,医療事務,求人ボックス,https://xn--pckua2a7gp15o89zb.com/jb/db38b2ad77720c9554785cc63bf2007b,True,7時間前,2026-09-30 05:24:03,福岡県
事務アシスタント・ブランクOK・アシスタント業務新着,事務,福岡県,"月給25万4,300円",正社員,医療事務,求人ボックス,https://xn--pckua2a7gp15o89zb.com/jbn/dfa63023810bda93e54a8b0db52d77e0,True,9時間前,2026-09-30 05:24:07,福岡県
調剤事務・中間市東中間・薬局勤務のご経験をお持ちの方、積極募集中! 無資格OK〇新着,新生堂薬局 東中間店,福岡県,"月給23万9,000円",正社員,医療事務,求人ボックス,https://xn--pckua2a7gp15o89zb.com/jb/bac49e407fccd04c2e6dbc0ab32695b5,True,7時間前,2026-09-30 05:24:07,福岡県
調剤事務・福岡市南区大橋・薬局勤務のご経験をお持ちの方、積極募集中! 無資格OK〇新着,新生堂薬局 南大橋店,福岡県,"月給23万9,000円",正社員,医療事務,求人ボックス,https://xn--pckua2a7gp15o89zb.com/jb/238d62107cf61c088304de0fee4743be,True,7時間前,2026-09-30 05:24:07,福岡県
調剤事務・古賀市今の庄・薬局勤務のご経験をお持ちの方、積極募集中! 無資格OK〇新着,新生堂薬局 今の庄店,福岡県,"月給23万9,000円",正社員,医療事務,求人ボックス,https://xn--pckua2a7gp15o89zb.com/jb/439726559d86993d98b4328399dbf689,True,7時間前,2026-09-30 05:24:07,福岡県
ガス見守りサービスの問合せ対応!日払いで即金GET!履歴書不要のカンタン応募!時給1300円新着,株式会社キャリア熊本支店,福岡県,時給1300円,派遣社員,医療事務,求人ボックス,https://xn--pckua2a7gp15o89zb.com/jb/98f24ce85e5f35f7c7f39a6b7c16dc6b,True,23時間前,2026-09-30 05:24:07,福岡県
調剤事務・春日市須玖北・薬局勤務のご経験をお持ちの方、積極募集中! 無資格OK〇新着,新生堂薬局 福岡徳洲会病院前店,福岡県,"月給23万9,000円",正社員,医療事務,求人ボックス,https://xn--pckua2a7gp15o89zb.com/jb/4a12703680380de7e9582734f3bae900,True,7時間前,2026-09-30 05:24:07,福岡県
「若手からITスキルを身につけられる!」／ITアドバイザー／未経験歓迎／研修充実／20〜30代活躍中新着,株式会社SNJAPAN,福岡県,月給27万円～34万円,正社員,医療事務,求人ボックス,https://xn--pckua2a7gp15o89zb.com/jbn/0ee2e24f22d8263270328b44bd67626f,True,17時間前,2026-09-30 05:24:07,福岡県
電気工事のディレクター／完全週休2日制!福岡本社!車通勤可能な電気工事会社でディレクター業務しません...新着,株式会社イマス,福岡県,月給35万円～40万円,派遣社員,建設,求人ボックス,https://xn--pckua2a7gp15o89zb.com/jbn/be354adb2ce4076ff22b9b8b6760caa8,True,22時間前,2026-09-30 05:24:09,福岡県
大手物流センター出入口の誘導警備新着,福岡警備保障株式会社,福岡県,"日給1万1,707円",契約社員,建設,求人ボックス,https://xn--pckua2a7gp15o89zb.com/jb/75192a3ac04d7e96135dfe666a30327e,True,19時間前,2026-09-30 05:24:09,福岡県
ゼネコンでの一般事務／17時定時新着,マンパワーグループ株式会社,福岡県,"時給1,450円",派遣社員,建設,求人ボックス,https://xn--pckua2a7gp15o89zb.com/jb/5a47e9917f74c930ff28e37c1fc991ef,True,2時間前,2026-09-30 05:24:09,福岡県
未経験歓迎! 施工管理 管工事・消防設備工事の現場管理新着,ユーリテクノ株式会社,福岡県,"日給1万1,000円",正社員,建設,求人ボックス,https://xn--pckua2a7gp15o89zb.com/jb/e80c1942f6ecdd4a7eac2a4ef223f0e3,True,22時間前,2026-09-30 05:24:09,福岡県
設備工事の作業員募集新着,梅津電設株式会社,福岡県,月給23万円～32万円,正社員,建設,求人ボックス,https://xn--pckua2a7gp15o89zb.com/jb/e47d35fbcce5880e3ded6cfa86c9d2a8,True,5時間前,2026-09-30 05:24:09,福岡県
未経験からできるマンション改修工事等の施工管理職新着,日塗株式会社,福岡県,月給22万円～42万円,正社員,建設,求人ボックス,https://xn--pckua2a7gp15o89zb.com/jb/670106e7e25a1755da148037091e8287,True,5時間前,2026-09-30 05:24:09,福岡県
栃木移住 大工見習い・未経験から総合スキル身に付く新着,株式会社メガステップ,福岡県,月給22万円～35万円,正社員,建設,求人ボックス,https://xn--pckua2a7gp15o89zb.com/jb/813b68b19d1afd1e006695c2309e6976,True,4時間前,2026-09-30 05:24:09,福岡県
未経験からでもできる土木工事補助業務新着,金城重機株式会社,福岡県,月給25万円～45万円,正社員,建設,求人ボックス,https://xn--pckua2a7gp15o89zb.com/jb/ec0ddef298fb83428290e0737fcfc63f,True,5時間前,2026-09-30 05:24:09,福岡県
建築プロジェクトマネジメント／最新テクノロジーを駆使して確固たる技術が身に付く!／完全未経験OK!新着,株式会社テクノプロ・コンストラクション,福岡県,月給21万円～29万円,正社員,建設,求人ボックス,https://xn--pckua2a7gp15o89zb.com/jbn/0a8c71121d09fb5b4ef31084fa8bcad6,True,11時間前,2026-09-30 05:24:09,福岡県
未経験歓迎!現場作業スタッフ新着,株式会社誠心工業,福岡県,"日給1万3,000円",正社員,建設,求人ボックス,https://xn--pckua2a7gp15o89zb.com/jb/f5548387ee261a26c450413c15c4d374,True,10時間前,2026-09-30 05:24:09,福岡県
土木工事関連 作業員新着,雄香工業,福岡県,"日給1万1,000円",正社員,建設,求人ボックス,https://xn--pckua2a7gp15o89zb.com/jb/a22c7595434a4cd59a07f56fcf27552b,True,19時間前,2026-09-30 05:24:09,福岡県
経験が活かせる金属加工の溶接作業員新着,橋本工業株式会社,福岡県,月給20万円～40万円,正社員,建設,求人ボックス,https://xn--pckua2a7gp15o89zb.com/jb/9332b7d4baed518bfb42dd8290709db1,True,5時間前,2026-09-30 05:24:09,福岡県
未経験からできる商空間やオフィスの内装施工管理新着,セック株式会社,福岡県,"月給25万8,800円",正社員,建設,求人ボックス,https://xn--pckua2a7gp15o89zb.com/jb/6ab3cddd757d47c4f4abb828c1db6c3c,True,5時間前,2026-09-30 05:24:09,福岡県
土木工事作業員の杭工事職人新着,株式会社グランド技研,福岡県,月給22万円～35万円,正社員,建設,求人ボックス,https://xn--pckua2a7gp15o89zb.com/jb/fac83324718d4b2516a29a5f173de0d4,True,5時間前,2026-09-30 05:24:09,福岡県
ビル用サッシ取付、金物工事などの 現場取り付けの補助作業スタッフ新着,株式会社崇建,福岡県,月給24万円～,正社員,建設,求人ボックス,https://xn--pckua2a7gp15o89zb.com/jb/ffe6d1c94636577c8e69c3e74085986b,True,11時間前,2026-09-30 05:24:09,福岡県
自社投資型の開発営業新着,株式会社フジタ,福岡県,年収550万円～800万円,正社員,建設,求人ボックス,https://xn--pckua2a7gp15o89zb.com/jb/05f1422e51beb2934194240378c3b237,True,10時間前,2026-09-30 05:24:09,福岡県
SMB営業@福岡／上場企業／今後盛り上がりを見せると期待されるバーチカルSaaS／時差出社制度あり新着,スパイダープラス株式会社,福岡県,年収450万円,正社員,建設,求人ボックス,https://xn--pckua2a7gp15o89zb.com/jb/7d20897f3d947ca3e89c645c978b3a6f,True,23時間前,2026-09-30 05:24:09,福岡県
保育士新着,すずらん保育所,福岡県,"時給1,252円",アルバイト・パート,保育,求人ボックス,https://xn--pckua2a7gp15o89zb.com/jb/ad4e3f0a0035a13323e9ec12b92466ec,True,5時間前,2026-09-30 05:23:45,福岡県
認可保育園の保育士／賞与実績4.4ヶ月・持ち帰りなし／保育士資格必須新着,社会福祉法人いとしまこどもの会 かみあり保育園,福岡県,"月給19万6,056円",正社員,保育,求人ボックス,https://xn--pckua2a7gp15o89zb.com/jbn/50aff18da8045c0a679e72321d7c64a3,True,23時間前,2026-09-30 05:23:45,福岡県
保育士新着,LikePot久留米中央,福岡県,"時給1,200円",正社員,保育,求人ボックス,https://xn--pckua2a7gp15o89zb.com/jb/95f2b2db3c3063e7d743f9ed701a72a8,True,5時間前,2026-09-30 05:23:45,福岡県
保育士新着,放課後等デイサービス 暖母 多の津Ⅱ,福岡県,"時給1,057円",アルバイト・パート,保育,求人ボックス,https://xn--pckua2a7gp15o89zb.com/jb/9ef238fcb12a9faf240598eb5be27677,True,5時間前,2026-09-30 05:23:45,福岡県
保育士新着,放課後等デイサービス ぱれっと 壱番館,福岡県,"時給1,057円",正社員,保育,求人ボックス,https://xn--pckua2a7gp15o89zb.com/jb/5e9afe59044dc63c21e67699efdf3624,True,5時間前,2026-09-30 05:23:45,福岡県
保育士新着,八女中央保育園,福岡県,"時給1,100円",アルバイト・パート,保育,求人ボックス,https://xn--pckua2a7gp15o89zb.com/jb/d7c969fd5c6440c6171a50ce0bb25db1,True,5時間前,2026-09-30 05:23:45,福岡県
保育士新着,どんぐり保育園,福岡県,"時給1,057円～1,080円",正社員,保育,求人ボックス,https://xn--pckua2a7gp15o89zb.com/jb/d5dcdfd3a0760fd9609cf9ba246ca473,True,5時間前,2026-09-30 05:23:49,福岡県
保育士新着,アステリズム,福岡県,"時給1,057円～1,200円",アルバイト・パート,保育,求人ボックス,https://xn--pckua2a7gp15o89zb.com/jb/3faa943102104db9287dce3358db93ed,True,5時間前,2026-09-30 05:23:53,福岡県
保育士新着,Kids Duo International 福...,福岡県,"時給1,057円～1,120円",アルバイト・パート,保育,求人ボックス,https://xn--pckua2a7gp15o89zb.com/jb/03aa913360f904c782a9334a29ee6fae,True,5時間前,2026-09-30 05:23:56,福岡県
保育士新着,南畑ピノキオ森のこども園,福岡県,"時給1,300円",アルバイト・パート,保育,求人ボックス,https://xn--pckua2a7gp15o89zb.com/jb/3fe76222a5b9437231df897e7ee00849,True,5時間前,2026-09-30 05:24:00,福岡県
保育士新着,田島さらのき保育園,福岡県,"時給1,166円",アルバイト・パート,保育,求人ボックス,https://xn--pckua2a7gp15o89zb.com/jb/255924fd955a33774f0152821eb77e41,True,5時間前,2026-09-30 05:24:00,福岡県
保育士新着,おおぞら保育園,福岡県,"時給1,100円～1,200円",正社員,保育,求人ボックス,https://xn--pckua2a7gp15o89zb.com/jb/5b9ddc5cd2f35a7b61a7f5db38bb0f22,True,5時間前,2026-09-30 05:24:03,福岡県
保育士新着,株式会社テノ.コーポレーション ラマティー保育園,福岡県,"時給1,057円～1,157円",アルバイト・パート,保育,求人ボックス,https://xn--pckua2a7gp15o89zb.com/jb/7e194daed1a766441a58223a62448a8e,True,5時間前,2026-09-30 05:24:03,福岡県
保育士新着,サニーサイドナーサリー&プレスクール,福岡県,"時給1,200円～1,500円",アルバイト・パート,保育,求人ボックス,https://xn--pckua2a7gp15o89zb.com/jb/bbb234eeebc9ab02600e26ba9ade90a0,True,5時間前,2026-09-30 05:24:03,福岡県
保育士新着,認定こども園 精華幼稚園,福岡県,"時給1,057円",アルバイト・パート,保育,求人ボックス,https://xn--pckua2a7gp15o89zb.com/jb/5689f856539ce51cdcc5710b0b1c56ce,True,5時間前,2026-09-30 05:24:07,福岡県
保育士新着,ぱぴよん保育園 久留米,福岡県,"時給1,200円",正社員,保育,求人ボックス,https://xn--pckua2a7gp15o89zb.com/jb/33d7662c8233cbcac405445cc236b277,True,5時間前,2026-09-30 05:24:07,福岡県
保育士新着,のびのび保育園 志免園,福岡県,"時給1,090円～1,236円",正社員,保育,求人ボックス,https://xn--pckua2a7gp15o89zb.com/jb/26487c7cc05fdebf430221ba0d58b9f6,True,5時間前,2026-09-30 05:24:07,福岡県
保育士新着,ピノキオプラスsodachiba那珂川,福岡県,"時給1,300円",アルバイト・パート,保育,求人ボックス,https://xn--pckua2a7gp15o89zb.com/jb/1808c50cf9ea260e3cb68dfcdd4a376c,True,5時間前,2026-09-30 05:24:10,福岡県
保育士新着,多機能型すぷらうとかすや,福岡県,"時給1,057円～1,100円",アルバイト・パート,保育,求人ボックス,https://xn--pckua2a7gp15o89zb.com/jb/716d5f5fc47a3991b8400680d1996dbc,True,5時間前,2026-09-30 05:24:10,福岡県
保育士新着,青陵保育園,福岡県,"時給1,057円",アルバイト・パート,保育,求人ボックス,https://xn--pckua2a7gp15o89zb.com/jb/99ae4a670990e2eee9f0f28e86757144,True,5時間前,2026-09-30 05:24:14,福岡県
保育士新着,放課後等こどもデイサービス らいふi-chi,福岡県,"時給1,100円～1,200円",アルバイト・パート,保育,求人ボックス,https://xn--pckua2a7gp15o89zb.com/jb/b19ab65a473ea551f3515a8d46a48928,True,5時間前,2026-09-30 05:24:14,福岡県
「手荒れ・水仕事なしのカット専門美容師／スタイリスト」／東証プライム上...新着,QBハウスイオンモール筑紫野,福岡県,"月給29万1,000円",正社員,美容,求人ボックス,https://xn--pckua2a7gp15o89zb.com/jbn/3ddda06180535c1244dced3e25892ed2,True,3時間前,2026-09-30 05:23:53,福岡県
「手荒れ・水仕事なしのカット専門美容師／スタイリスト」／急募新着,QBハウスイオンモール八幡東,福岡県,"月給29万1,000円",正社員,美容,求人ボックス,https://xn--pckua2a7gp15o89zb.com/jbn/1f413e8e47ae00bb5a6b9adff34a26c3,True,3時間前,2026-09-30 05:23:53,福岡県
「歩合制なしで安定した収入が得られる理容師・美容師」／研修あり新着,QBハウスウエストコート姪浜,福岡県,"月給29万1,000円",正社員,美容,求人ボックス,https://xn--pckua2a7gp15o89zb.com/jbn/a9a327c460a8d0bfd5c7e732d0e733b6,True,3時間前,2026-09-30 05:23:53,福岡県
「歩合制なし・安定した収入が得られる美容師」／研修あり／皆勤手当新着,QBハウスイオンモール香椎浜,福岡県,"月給29万1,000円",正社員,美容,求人ボックス,https://xn--pckua2a7gp15o89zb.com/jbn/bb840e3af5ff63691017bbd615f2ad05,True,3時間前,2026-09-30 05:23:53,福岡県
「ノルマ・歩合制なし、営業トークは必要なしの美容師募集」／経験者歓迎新着,QBハウスイオンモール福岡,福岡県,"月給29万1,000円",正社員,美容,求人ボックス,https://xn--pckua2a7gp15o89zb.com/jbn/a66e16508813b946015200150cb7f753,True,3時間前,2026-09-30 05:23:53,福岡県
「ヘアカットに特化して活躍できる理容師・美容師」／シフト制新着,QBHOUSE／ロジスカットスクール福岡校,福岡県,"月給21万8,000円",正社員,美容,求人ボックス,https://xn--pckua2a7gp15o89zb.com/jbn/e18ad54ecd9e5d257c04696899abfb8c,True,2時間前,2026-09-30 05:23:53,福岡県
美容師／スタイリスト／スーリール 新宮店新着,株式会社LIL,福岡県,"月給15万1,500円",契約社員,美容,求人ボックス,https://xn--pckua2a7gp15o89zb.com/jb/827fb18079f0ad64dd51847114b6549c,True,2時間前,2026-09-30 05:23:54,福岡県
「カットのみの美容室で一緒に働こう」／平均年間休日120日以上／月3日希望休あり／役職手当あり新着,QBハウスイオンモール直方,福岡県,"月給29万1,000円",正社員,美容,求人ボックス,https://xn--pckua2a7gp15o89zb.com/jbn/9ab619536e774c24e296c39e7e1d43c2,True,3時間前,2026-09-30 05:23:54,福岡県
白髪染めに特化したサロンでのスタイリスト／主婦・主夫歓迎／研修あり／昇給あり／ブランクOK／急募新着,株式会社アイ・スタイル,福岡県,月給50万円～83万円,正社員,美容,求人ボックス,https://xn--pckua2a7gp15o89zb.com/jbn/2c0b17fa839182e971dfb211c4e86eca,True,3時間前,2026-09-30 05:23:54,福岡県
大手企業人事によるキャリア面談／未経験歓迎／賞与あり新着,株式会社オープンハウス,福岡県,"年収550万円～1,000万円",正社員,美容,求人ボックス,https://xn--pckua2a7gp15o89zb.com/jbn/5363629a19bb607d30ceb25f5d06e7cb,True,2時間前,2026-09-30 05:23:54,福岡県
月給30万～／未経験採用枠／研修充実／Tiktok運用エンジニア新着,ナナイロモバイル株式会社,福岡県,月給30万～,正社員,美容,求人ボックス,https://xn--pckua2a7gp15o89zb.com/jbn/7a5db6e8704f9ecb421a6155dc957806,True,11時間前,2026-09-30 05:23:54,福岡県
木材加工・組立スタッフ／資格・経験不問／コツコツ作業におすすめ／無料駐車場あり新着,株式会社QCDクリエイト,福岡県,"時給1,250円～1,563円",派遣社員,美容,求人ボックス,https://xn--pckua2a7gp15o89zb.com/jbn/8db0de5e78a7d2323b5c48d440ba9056,True,9時間前,2026-09-30 05:23:58,福岡県
「まだ間に合う!」未経験採用枠／カプセルトイ製造スタッフ／年間休日125日以上新着,Yts株式会社,福岡県,月給28万円～50万円,正社員,美容,求人ボックス,https://xn--pckua2a7gp15o89zb.com/jbn/9d888f1b3608362cfd6981e20f18a4c2,True,12時間前,2026-09-30 05:23:58,福岡県
「新生活デビュー応援!」未経験採用枠／製造工場での軽作業・カプセルトイ／研修充実新着,AQUARIUS株式会社,福岡県,月給28万円～50万円,正社員,美容,求人ボックス,https://xn--pckua2a7gp15o89zb.com/jbn/54c876ebd0aed7bce28fc8d3683fbc86,True,12時間前,2026-09-30 05:23:58,福岡県
「福利厚生充実」／事務・受付スタッフ／20代・30代活躍中／コツコツ作業「正社員」新着,...チームメンバーのサポートにやりがいを感じる ワークライフバランスを整えたい接客・販売・飲食などのサービス業からオフィスワークへ切り替えたい方に最適!PCに触れる機会が少なかった元アパレルスタッフ,福岡県,月給20万500円,正社員,美容,求人ボックス,https://xn--pckua2a7gp15o89zb.com/jbn/f2c6ef9c8b5aea9ba34f428d23c1845e,True,2時間前,2026-09-30 05:23:58,福岡県
「プライベート充実」／営業事務／若手活躍中／ネイルOK「正社員」新着,...特別な経験や資格は必要ありません。あなたの「変わりたい」気持ちを大切にします  こんな変化を実感できます[前]不規則な休みで友人と予定が合わない…[後]固定休みで自分の時間を満喫!カフェ店員、,福岡県,月給20万500円,正社員,美容,求人ボックス,https://xn--pckua2a7gp15o89zb.com/jbn/e588d6a0e43d9afbe5d5bdcd9c8bb482,True,2時間前,2026-09-30 05:23:58,福岡県
「9月入社可」未経験採用枠／SE／研修制度充実新着,株式会社alBee,福岡県,月給29万円～41万円,正社員,美容,求人ボックス,https://xn--pckua2a7gp15o89zb.com/jbn/f6e945cc7bccaab44e154f7812736209,True,11時間前,2026-09-30 05:23:58,福岡県
「まだ間に合う!」未経験採用枠／製造スタッフ・カプセルトイ／研修充実新着,株式会社RIOT,福岡県,月給28万円～50万円,正社員,美容,求人ボックス,https://xn--pckua2a7gp15o89zb.com/jbn/a570f03393bb331d4a3de86c1f79ee1c,True,12時間前,2026-09-30 05:24:01,福岡県
「昇給・賞与あり」／IT事務／ブランクOK／有給休暇あり「正社員」新着,...特別な経験や資格は必要ありません。あなたの「変わりたい」気持ちを大切にします  こんな変化を実感できます[前]不規則な休みで友人と予定が合わない…[後]固定休みで自分の時間を満喫!カフェ店員、,福岡県,月給19万500円,正社員,美容,求人ボックス,https://xn--pckua2a7gp15o89zb.com/jbn/b7fc5fc08a119b6447a3c267096c9d42,True,2時間前,2026-09-30 05:24:01,福岡県
カラーリスト／未経験&ブランクOK!カットができなくても即戦力に 安定の正社員ヘアカラースタッフ新着,株式会社TREE,福岡県,"月給23万7,000円",正社員,美容,求人ボックス,https://xn--pckua2a7gp15o89zb.com/jb/e0591595b7f41ec1bfffe87d836a084c,True,12時間前,2026-09-30 05:24:01,福岡県
「趣味をスキルに」ゲームテスター・デバッグ／未経験歓迎／月収25万〜37万／研修充実／1新着,...20〜30代、未経験からキャリアを作りたい・共通の趣味を持つ仲間と楽しく働きたい 特別な準備は不要。履歴書より意欲を重視!あなたの「気づき」がゲームを面白くします <前職はバラバラです>,福岡県,月給25万円～37万円,正社員,美容,求人ボックス,https://xn--pckua2a7gp15o89zb.com/jbn/6d2e7c881ad9e3964b3a6589a1ecd6c3,True,5時間前,2026-09-30 05:24:05,福岡県
デジタルライフプランナー／未経験OK／昇給あり／研修あり／主婦・主夫歓迎／土日祝休みあり新着,株式会社ピーシーデポコーポレーション,福岡県,"月給66万6,000円",正社員,美容,求人ボックス,https://xn--pckua2a7gp15o89zb.com/jbn/3fe6c938ad5fde1a070c74093f8dd78b,True,2時間前,2026-09-30 05:24:05,福岡県
既存顧客営業／未経験大歓迎／完全週休2日／年間休日125日／昇給年1回／交通費一部支給新着,株式会社Lazy Bacchus,福岡県,月給25万円,正社員,美容,求人ボックス,https://xn--pckua2a7gp15o89zb.com/jb/5fa0ddd35e60443b2479e0f3e82d59a0,True,22時間前,2026-09-30 05:24:05,福岡県
完全在宅のTikTokライバー新着,株式会社HYBRIDBANK,福岡県,"時給2,000円～",アルバイト・パート,美容,求人ボックス,https://xn--pckua2a7gp15o89zb.com/jb/5f14c2366e14a420992c7b12b2b09402,True,15時間前,2026-09-30 05:24:05,福岡県
アルバイト接客スタッフ／事務・受付／フィットネス施設／Curves西鉄大橋駅前新着,株式会社カーブスジャパン,福岡県,"時給1,120円～",アルバイト・パート,美容,求人ボックス,https://xn--pckua2a7gp15o89zb.com/jb/0b1876567569e90b925291c9bb438216,True,6時間前,2026-09-30 05:24:05,福岡県
「まだ間に合う!」未経験採用枠／カプセルトイ製造スタッフ／年間休日125日以上新着,株式会社ライトキャリア,福岡県,月給28万円～50万円,正社員,美容,求人ボックス,https://xn--pckua2a7gp15o89zb.com/jb/6889b65bcf645b8644e7cadf5c8a31ac,True,20時間前,2026-09-30 05:24:07,福岡県
「まだ間に合う!」未経験採用枠／カプセルトイ製造スタッフ／プライベート充実新着,NKY株式会社,福岡県,月給28万円～50万円,正社員,美容,求人ボックス,https://xn--pckua2a7gp15o89zb.com/jb/ad1e44b2a33f1eb5406b56fb2bb4545d,True,20時間前,2026-09-30 05:24:07,福岡県
受付 レセプション新着,株式会社田谷,福岡県,"時給1,120円～",アルバイト・パート,美容,求人ボックス,https://xn--pckua2a7gp15o89zb.com/jb/6e2911b67dfe0d92a5c92dd23451cf9c,True,6時間前,2026-09-30 05:24:07,福岡県
未経験9割 月10万円～のインセン!最短3ヶ月で昇格! 営業職新着,匠Lauren株式会社,福岡県,月給28万円～57万円,正社員,美容,求人ボックス,https://xn--pckua2a7gp15o89zb.com/jb/8c5bf7c4ad484583398b326d481d45bc,True,3時間前,2026-09-30 05:24:07,福岡県
電話占いカウンセラー／完全在宅リモート／全国採用／シフト自由／高収入／20代後半から50代活躍中新着,株式会社シエロ,福岡県,月給10万円～70万円,,美容,求人ボックス,https://xn--pckua2a7gp15o89zb.com/jbn/f5cdf3c56c8c78df6df583e58a580a97,True,3時間前,2026-09-30 05:24:07,福岡県
電話占いカウンセラー／完全在宅リモート／全国採用／シフト自由／高収入／20代後半から50代活躍中新着,株式会社インスピ,福岡県,月給10万円～50万円,,美容,求人ボックス,https://xn--pckua2a7gp15o89zb.com/jbn/87206b9b94c9a383a6b2073173d860fe,True,3時間前,2026-09-30 05:24:07,福岡県
食事・排泄介助なしのシニアフィットネス／土日休み・夜勤無し新着,株式会社ヤマウチ,福岡県,"月給22万3,000円",正社員,美容,求人ボックス,https://xn--pckua2a7gp15o89zb.com/jb/ee20d12a295ed5f7ee974e2cbe32ee24,True,4時間前,2026-09-30 05:24:07,福岡県
「集客業務なし、お客様対応に集中できる環境／理容師」／元訪問美容スタッフ活躍中／休憩は必ず90分新着,QBハウスサンリブシティ小倉,福岡県,"月給29万1,000円",正社員,美容,求人ボックス,https://xn--pckua2a7gp15o89zb.com/jbn/fdbcecdd6c5a06bf75fb533c6de55cc4,True,2時間前,2026-09-30 05:24:10,福岡県
定時ぴったり おじいちゃんおばあちゃんの見守りスタッフ／高時給新着,株式会社ウィルオブ・ワーク,福岡県,"時給1,350円",派遣社員,美容,求人ボックス,https://xn--pckua2a7gp15o89zb.com/jb/193908c696601291c5790279f10791b5,True,20時間前,2026-09-30 05:24:10,福岡県
2026年7月新規開設 福岡中央 主任ケアマネジャー ケアプラン新着,ソフィアメディ株式会社,福岡県,年収362万400円,正社員,美容,求人ボックス,https://xn--pckua2a7gp15o89zb.com/jb/8830d5fc7ed3a59b96cb05feff898f28,True,14時間前,2026-09-30 05:24:10,福岡県
正看護師／訪問看護 日勤のみ新着,医療法人徳志会,福岡県,"月給26万5,000円",正社員,美容,求人ボックス,https://xn--pckua2a7gp15o89zb.com/jb/19f4fd797df9a59c4f86bf390fb08821,True,10時間前,2026-09-30 05:24:10,福岡県
正看護師／常勤／クリニック・診療所新着,医療法人大顕会,福岡県,"月給21万2,000円",正社員,美容,求人ボックス,https://xn--pckua2a7gp15o89zb.com/jb/f230b0df530a24dcdd097216ee732bde,True,22時間前,2026-09-30 05:24:10,福岡県
最大1600円「ETVOS」コスメ販売 井筒屋小倉店新着,株式会社iDA,福岡県,"時給1,450円～1,600円",派遣社員,美容,求人ボックス,https://xn--pckua2a7gp15o89zb.com/jbn/7dd94d6ea6739a071133569f86644090,True,18時間前,2026-09-30 05:24:13,福岡県
アイブロウリスト、アイリスト／アイラッシュサロン elua 二日市店新着,アイラッシュサロンelua二日市店,福岡県,月給22万円～,正社員,美容,求人ボックス,https://xn--pckua2a7gp15o89zb.com/jb/17de14cfbdbd935c429a38a8668d3b3c,True,17時間前,2026-09-30 05:24:13,福岡県
コールセンター／接客経験を活かしてオフィスワークへ 週3～5日で勤務OK QTnetのお客様サポート新着,美容師,福岡県,"時給1,250円",アルバイト・パート,美容,求人ボックス,https://xn--pckua2a7gp15o89zb.com/jb/373452a87b036c051bc95b95d7a5fd00,True,14時間前,2026-09-30 05:24:13,福岡県
准看護師／年間休日127日 発毛治療の総合クリニックにて看護師新着,医療法人社団ウェルエイジング,福岡県,年収420万円～,正社員,美容,求人ボックス,https://xn--pckua2a7gp15o89zb.com/jb/a61cbd725b12e84547b83a0d9514b665,True,22時間前,2026-09-30 05:24:13,福岡県
残業少なめ 介護老人保健施設にて准看護師新着,医療法人恵真会,福岡県,年収274万円～338万円,正社員,美容,求人ボックス,https://xn--pckua2a7gp15o89zb.com/jb/faf300507828d2a70e9e4e9a7e433866,True,22時間前,2026-09-30 05:24:13,福岡県
「27卒」一般事務／電話対応とデータ入力／研修制度充実／福岡市博多区博...新着,株式会社X Resource,福岡県,"月給26万3,600円",正社員,事務,求人ボックス,https://xn--pckua2a7gp15o89zb.com/jbn/f084afeccf946d4acafe79b98a9e4381,True,7時間前,2026-09-30 05:24:13,福岡県
一般事務スタッフ／未経験OK／長期キャリア形成／年間休日125日以上新着,株式会社RIOT GROUP,福岡県,"月給31万7,200円",正社員,事務,求人ボックス,https://xn--pckua2a7gp15o89zb.com/jbn/86d0183511798c109b0a3a3b11d5817b,True,6時間前,2026-09-30 05:24:13,福岡県
「カンタン作業からスタート」一般事務／未経験歓迎／昇給賞与あり新着,AQUARIUS株式会社,福岡県,"月給31万3,500円",正社員,事務,求人ボックス,https://xn--pckua2a7gp15o89zb.com/jbn/ce27481f5869946c27a398b015939d8f,True,10時間前,2026-09-30 05:24:13,福岡県
事務未経験OK／一般事務／月給26.9万〜・第二新卒歓迎・20代活躍中新着,一般事務,福岡県,月給26,正社員,事務,求人ボックス,https://xn--pckua2a7gp15o89zb.com/jbn/cba1c92bfad0bff8e730773e7a2a9d24,True,6時間前,2026-09-30 05:24:14,福岡県
未経験から始める一般事務／月給26.3万〜・服装・髪型自由新着,一般事務,福岡県,月給26,正社員,事務,求人ボックス,https://xn--pckua2a7gp15o89zb.com/jbn/01839c498bd8aecbe4bcd6ef39708ffc,True,6時間前,2026-09-30 05:24:14,福岡県
オフィスワークデビュー応援／一般事務／月給26.4万〜・残業少なめ新着,一般事務,福岡県,月給26,正社員,事務,求人ボックス,https://xn--pckua2a7gp15o89zb.com/jbn/2691c562aec87e32c7f5e7a033ad1437,True,6時間前,2026-09-30 05:24:14,福岡県
「27卒・新卒大歓迎」PCでのカンタン入力／一般事務／丁寧な指導新着,株式会社ELM,福岡県,"月給26万3,600円",正社員,事務,求人ボックス,https://xn--pckua2a7gp15o89zb.com/jbn/5198e66d1317db24c1a018fd9f7a723c,True,8時間前,2026-09-30 05:24:17,福岡県
一般事務／未経験歓迎／データ入力と書類作成から開始／土日祝休み新着,エンタイトルツーベース株式会社,福岡県,月給29万円～40万円,正社員,事務,求人ボックス,https://xn--pckua2a7gp15o89zb.com/jbn/671b38f9054f5a34979fc594f9d19aa5,True,10時間前,2026-09-30 05:24:17,福岡県
オフィスワークデビュー応援／一般事務／月給26.1万〜・第二新卒歓迎新着,一般事務,福岡県,月給26,正社員,事務,求人ボックス,https://xn--pckua2a7gp15o89zb.com/jbn/2c726761a5a6c4d3eef6ee9be61e9091,True,6時間前,2026-09-30 05:24:20,福岡県
未経験から始める一般事務／月給26.4万〜・U・Iターン歓迎新着,一般事務,福岡県,月給26,正社員,事務,求人ボックス,https://xn--pckua2a7gp15o89zb.com/jbn/9b18d26a583e881f74f788780e380e52,True,6時間前,2026-09-30 05:24:24,福岡県
事務未経験OK／一般事務／月給26.3万〜・土日祝休み・20代活躍中新着,一般事務,福岡県,月給26,正社員,事務,求人ボックス,https://xn--pckua2a7gp15o89zb.com/jbn/8aca5ec1cd192aacb081185fd84923ed,True,6時間前,2026-09-30 05:24:27,福岡県
オフィスワークデビュー応援／一般事務／月給26.3万〜・残業少なめ新着,一般事務,福岡県,月給26,正社員,事務,求人ボックス,https://xn--pckua2a7gp15o89zb.com/jbn/1026861d8ab22320d1984b02cb8d0b9a,True,6時間前,2026-09-30 05:24:27,福岡県
オフィスワークデビュー応援／一般事務／月給26.8万〜・完全週休2日制新着,一般事務,福岡県,月給26,正社員,事務,求人ボックス,https://xn--pckua2a7gp15o89zb.com/jbn/ed35233ede86ed6b0708ae9ef48b03af,True,6時間前,2026-09-30 05:24:29,福岡県
一般事務スタッフ新着,株式会社ジャパン・リリーフ,福岡県,"時給1,500円～",派遣社員,事務,求人ボックス,https://xn--pckua2a7gp15o89zb.com/jb/70569e8a420fa563eac5e11a8e2746df,True,22時間前,2026-09-30 05:24:29,福岡県
未経験から始める一般事務／月給26.5万〜・転勤なし・20代活躍中新着,一般事務,福岡県,月給26,正社員,事務,求人ボックス,https://xn--pckua2a7gp15o89zb.com/jbn/6b7290868feda26ab06e5a3f7e383606,True,6時間前,2026-09-30 05:24:29,福岡県
オフィスワークデビュー応援／一般事務／月給26.8万〜・第二新卒歓迎新着,一般事務,福岡県,月給26,正社員,事務,求人ボックス,https://xn--pckua2a7gp15o89zb.com/jbn/e86c45df96ccb3bbcecd048719bc9a82,True,6時間前,2026-09-30 05:24:33,福岡県
コツコツ働ける一般事務／月給26.5万〜・第二新卒歓迎・20代活躍中新着,一般事務,福岡県,月給26,正社員,事務,求人ボックス,https://xn--pckua2a7gp15o89zb.com/jbn/dcfecc94e547b497731889b808cffc77,True,6時間前,2026-09-30 05:24:33,福岡県
未経験から始める一般事務／月給26.1万〜・第二新卒歓迎・20代活躍中新着,一般事務,福岡県,月給26,正社員,事務,求人ボックス,https://xn--pckua2a7gp15o89zb.com/jbn/7237629db8a918f233064bb88ec852ea,True,6時間前,2026-09-30 05:24:33,福岡県
コツコツ働ける一般事務／月給26.6万〜・ブランクOK・20代活躍中新着,一般事務,福岡県,月給26,正社員,事務,求人ボックス,https://xn--pckua2a7gp15o89zb.com/jbn/df15287ed0c6b893ed55a3e911136f0e,True,6時間前,2026-09-30 05:24:37,福岡県
コツコツ働ける一般事務／月給26.4万〜・服装・髪型自由・20代活躍中新着,一般事務,福岡県,月給26,正社員,事務,求人ボックス,https://xn--pckua2a7gp15o89zb.com/jbn/1094b1b68d42154059ae5c50e0675c17,True,6時間前,2026-09-30 05:24:37,福岡県
事務未経験OK／一般事務／月給26.9万〜・土日祝休み・20代活躍中新着,一般事務,福岡県,月給26,正社員,事務,求人ボックス,https://xn--pckua2a7gp15o89zb.com/jbn/ca4af7b654b2281ca70e390eb3541625,True,6時間前,2026-09-30 05:24:37,福岡県
オフィスワークデビュー応援／一般事務／月給26.2万〜・残業少なめ新着,一般事務,福岡県,月給26,正社員,事務,求人ボックス,https://xn--pckua2a7gp15o89zb.com/jbn/8fa45bcdacd05abbef284c913e76d31d,True,6時間前,2026-09-30 05:24:41,福岡県
コツコツ働ける一般事務／月給26.4万〜・ブランクOK・20代活躍中新着,一般事務,福岡県,月給26,正社員,事務,求人ボックス,https://xn--pckua2a7gp15o89zb.com/jbn/de42183db92ead0bc3f07e532226e80a,True,6時間前,2026-09-30 05:24:41,福岡県
柔道整復師／未経験からでも分院長を目指せるチャレンジ求人!今がチャンス新着,柔道整復師,福岡県,月給22万円～35万円,正社員,治療家,求人ボックス,https://xn--pckua2a7gp15o89zb.com/jb/cacf31e3cb431e9e648af5b931d91d4d,True,9時間前,2026-09-30 05:24:44,福岡県
柔道整復師／筋肉調整、ストレッチ、PNF、関節モビリゼーション新着,柔道整復師,福岡県,月給20万円～25万円,正社員,治療家,求人ボックス,https://xn--pckua2a7gp15o89zb.com/jb/3a82d9ae92ae9ea62ab4b1adbaddfd2c,True,9時間前,2026-09-30 05:24:44,福岡県
社保完備・週休2日制の鍼灸整骨院、整体師・セラピスト新着,師・,福岡県,月給22万円～30万円,正社員,治療家,求人ボックス,https://xn--pckua2a7gp15o89zb.com/jb/7f5a1a7a3893f6e47cc41c4850c841c1,True,9時間前,2026-09-30 05:24:44,福岡県
「経理データを確認するだけ!」／経理事務／未経験歓迎／サポート体制充実新着,経理,福岡県,月給27万円～33万円,正社員,経理,求人ボックス,https://xn--pckua2a7gp15o89zb.com/jbn/410e727513329f9f6d5c450bccded359,True,14時間前,2026-09-30 05:24:17,福岡県
事務／営業事務／経理・簿記 土日祝休み 大手住宅関連企業での総務事務新着,フレックスビジネスサービス株式会社,福岡県,"時給1,300円～1,350円",派遣社員,経理,求人ボックス,https://xn--pckua2a7gp15o89zb.com/jb/e78a730611356ec3bcd023ec8fafe6b4,True,23時間前,2026-09-30 05:24:17,福岡県
「自分らしい働き方を叶えやすい」／経理事務／残業少なめ／福利厚生充実新着,経理,福岡県,月給27万円～33万円,正社員,経理,求人ボックス,https://xn--pckua2a7gp15o89zb.com/jbn/018a842c63844188f532a19e1dd8ef80,True,15時間前,2026-09-30 05:24:17,福岡県
「月給30万円も実現可能」／経理事務／未経験歓迎／研修充実新着,経理,福岡県,月給30万円,正社員,経理,求人ボックス,https://xn--pckua2a7gp15o89zb.com/jbn/0dbea6f1b818bf8ba2f90b784fb54cbf,True,15時間前,2026-09-30 05:24:17,福岡県
「大手企業の数字まわりを支える!」／経理事務／未経験95%／未経験歓迎新着,経理,福岡県,"月給25万2,200円",正社員,経理,求人ボックス,https://xn--pckua2a7gp15o89zb.com/jbn/ff353ba240748ff6f1e4694d321c2826,True,13時間前,2026-09-30 05:24:17,福岡県
「数字入力がメインの軽め事務」／経理事務／未経験95%／未経験歓迎新着,事務,福岡県,"月給26万5,000円",正社員,経理,求人ボックス,https://xn--pckua2a7gp15o89zb.com/jbn/7be320c967dbff039486cc0c878fd87d,True,13時間前,2026-09-30 05:24:17,福岡県
「早く決めたい方を歓迎します」／経理事務／未経験歓迎／サポート体制充実新着,経理,福岡県,月給27万円～33万円,正社員,経理,求人ボックス,https://xn--pckua2a7gp15o89zb.com/jbn/f86834ca929b6ad0ab3888d1824c3a22,True,12時間前,2026-09-30 05:24:17,福岡県
「若手中心の経理チームです」／経理事務／未経験OK／サポート体制充実新着,経理,福岡県,月給27万円～33万円,正社員,経理,求人ボックス,https://xn--pckua2a7gp15o89zb.com/jbn/a2f4f0f7fa49b3d2b51d273366a988cb,True,12時間前,2026-09-30 05:24:17,福岡県
銅管メーカーの経理事務スタッフ新着,株式会社ホットスタッフ小倉,福岡県,"時給1,500円",派遣社員,経理,求人ボックス,https://xn--pckua2a7gp15o89zb.com/jb/848d6b492c5597e53d0abc41ffaaf6fe,True,10時間前,2026-09-30 05:24:17,福岡県
人事・総務事務+ 経理事務新着,株式会社リクルートスタッフィング,福岡県,"時給1,280円～",派遣社員,経理,求人ボックス,https://xn--pckua2a7gp15o89zb.com/jb/c816485b43a2aa6a6afa92be653123ee,True,20時間前,2026-09-30 05:24:21,福岡県
経理サポート事務／駅近!土日祝休み／時短OK新着,キャリアパス株式会社,福岡県,"時給1,450円",派遣社員,経理,求人ボックス,https://xn--pckua2a7gp15o89zb.com/jb/54fba229dc8101144430409439723517,True,14時間前,2026-09-30 05:24:21,福岡県
不動産会社で経理事務新着,ヒューマンリソシア株式会社,福岡県,"時給1,400円",派遣社員,経理,求人ボックス,https://xn--pckua2a7gp15o89zb.com/jb/ce3eacedb61dfe5e8751af867fb21ca8,True,8時間前,2026-09-30 05:24:21,福岡県
"一般事務、経理事務、データ入力／一般事務／1,300円スタート平日のみ...新着",株式会社ANSWER,福岡県,"時給1,300円～1,400円",アルバイト・パート,経理,求人ボックス,https://xn--pckua2a7gp15o89zb.com/jb/05b5cedf8c8f97ec06afca677c8333ce,True,8時間前,2026-09-30 05:24:21,福岡県
警備会社の経理事務スタッフ新着,渥美グループ 株式会社渥美警備保障 福岡,福岡県,"時給1,114円～",アルバイト・パート,経理,求人ボックス,https://xn--pckua2a7gp15o89zb.com/jb/1c837a79ebbfea9212db8bd51949f2cd,True,12時間前,2026-09-30 05:24:21,福岡県
時短で活躍できる 不動産会社の経理事務／扶養内 残業ナシ 平日1日6時...新着,株式会社トリビュート,福岡県,"時給1,500円～2,000円",アルバイト・パート,経理,求人ボックス,https://xn--pckua2a7gp15o89zb.com/jb/fd905ccd4d8596006f6241bdf2ca355a,True,8時間前,2026-09-30 05:24:21,福岡県
福岡地場電気工事企業での総務・経理事務新着,経理,福岡県,"月給26万2,300円",正社員,経理,求人ボックス,https://xn--pckua2a7gp15o89zb.com/jb/913ff19ad6e782f3c52266edc9e41b55,True,16時間前,2026-09-30 05:24:21,福岡県
一般事務職員大募集新着,株式会社ジャパン・ニュース・アドバンス,福岡県,"時給1,150円",アルバイト・パート,経理,求人ボックス,https://xn--pckua2a7gp15o89zb.com/jb/189b5d2e1d6248a2198f14b1244119f1,True,11時間前,2026-09-30 05:24:25,福岡県
営業サポート事務／未経験でも安心／マニュアル完備／事務正社員／土日祝休み新着,<求める人物像>・オンオフのメリハリをつけて働きたい・イチから,福岡県,月給20万500円,正社員,経理,求人ボックス,https://xn--pckua2a7gp15o89zb.com/jbn/22c8d316e047a74676c84f05368ef0bc,True,4時間前,2026-09-30 05:24:25,福岡県
ITサポート事務／WEB面接可能／バックオフィススタッフ／ブランクOK新着,事務,福岡県,月給20万500円,正社員,経理,求人ボックス,https://xn--pckua2a7gp15o89zb.com/jbn/5cfb69a562fc876c10ff0b6bf01ec90f,True,2時間前,2026-09-30 05:24:25,福岡県
「昇給・賞与あり」／一般事務／学歴不問／コツコツ作業「正社員」新着,事務,福岡県,月給20万500円,正社員,経理,求人ボックス,https://xn--pckua2a7gp15o89zb.com/jbn/cd980f2366e44d5809bc34d976c46a22,True,2時間前,2026-09-30 05:24:25,福岡県
ITサポート事務／未経験でも安心／充実の研修で安心スタート!／採用強化中新着,事務,福岡県,月給21万500円,正社員,経理,求人ボックス,https://xn--pckua2a7gp15o89zb.com/jbn/5a787e41c960e92c9964002f104b8e99,True,3時間前,2026-09-30 05:24:25,福岡県
総務事務「正社員」働きやすい職場・研修制度充実新着,事務,福岡県,月給25万400円,正社員,経理,求人ボックス,https://xn--pckua2a7gp15o89zb.com/jbn/9abde36b5885f1dbbeb92ccbccc06cc2,True,10時間前,2026-09-30 05:24:25,福岡県
IT事務／充実の研修で安心スタート!／完全週休2日制／手厚いフォロー／未経験でも安心新着,事務,福岡県,月給20万500円,正社員,経理,求人ボックス,https://xn--pckua2a7gp15o89zb.com/jbn/a91668f0daddf2892066b65675e3122d,True,2時間前,2026-09-30 05:24:25,福岡県
一般事務／経験者優遇／バックオフィススタッフ／充実の研修で安心スタート新着,<歓迎するアクション>・未経験から,福岡県,月給20万500円,正社員,経理,求人ボックス,https://xn--pckua2a7gp15o89zb.com/jbn/b63cf2d87b0dbf34bb8a5ff45fb06275,True,3時間前,2026-09-30 05:24:28,福岡県
一般事務／充実の研修で安心スタート!／完全週休2日制／採用強化中／未経験でも安心新着,...仕事終わりに買い物や友人との時間も大切にできます!,福岡県,月給20万500円,正社員,経理,求人ボックス,https://xn--pckua2a7gp15o89zb.com/jbn/2ca975e3a3f8eaa6102177d954b3ce66,True,2時間前,2026-09-30 05:24:28,福岡県
総務事務／充実の研修で安心スタート!／完全週休2日制／高収入／教育体制あり新着,...一生モノの,福岡県,月給20万500円,正社員,経理,求人ボックス,https://xn--pckua2a7gp15o89zb.com/jbn/96b5f27d34e1a50f7822f461f215fb63,True,2時間前,2026-09-30 05:24:28,福岡県
「昇給・賞与あり」／IT事務／20代・30代活躍中／高収入「正社員」新着,事務,福岡県,"月給20万5,000円",正社員,経理,求人ボックス,https://xn--pckua2a7gp15o89zb.com/jbn/43810ef1c1acd946552aaf063ea1d2d0,True,2時間前,2026-09-30 05:24:28,福岡県
ITサポート事務／充実の研修で安心スタート!／受付・データ入力スタッフ／完全週休2日制新着,事務,福岡県,月給20万500円,正社員,経理,求人ボックス,https://xn--pckua2a7gp15o89zb.com/jbn/4c3b87ed4978bd312bb30453e18e8c0d,True,2時間前,2026-09-30 05:24:31,福岡県
事務スタッフ／充実の研修で安心スタート!／週休2日制／マニュアル完備／ブランクOK新着,事務,福岡県,月給20万500円,正社員,経理,求人ボックス,https://xn--pckua2a7gp15o89zb.com/jbn/5c6ced928e459b54eb152570ca909d2d,True,3時間前,2026-09-30 05:24:31,福岡県
社会人経験があればOK 賞与あり 経理&幅広くお仕事!正社員へ新着,事務,福岡県,"時給1,400円",正社員,経理,求人ボックス,https://xn--pckua2a7gp15o89zb.com/jb/1d44170ba9c6a025bb23d23033eeac2f,True,13時間前,2026-09-30 05:24:31,福岡県
「IT未経験から頼られる存在へ!」／ITアドバイザー／ユーザーの疑問を解決へ導く新着,株式会社Tetote,福岡県,月給27万円～34万円,正社員,経理,求人ボックス,https://xn--pckua2a7gp15o89zb.com/jbn/5e7920241fc8887f86c638d285d395e4,True,17時間前,2026-09-30 05:24:34,福岡県
データサイエンティスト／未経験OK／研修制度充実／資格取得支援あり／長期安定新着,このお仕事の特徴一般,福岡県,月給27万円～34万円,正社員,経理,求人ボックス,https://xn--pckua2a7gp15o89zb.com/jbn/a47387e7ca2710cb075f14fb6091043f,True,17時間前,2026-09-30 05:24:34,福岡県
生活インフラの問い合わせ対応 未経験可 在宅勤務 駅チカ マニュアル完備新着,AMUSE株式会社,福岡県,"時給1,450円～1,812円",派遣社員,経理,求人ボックス,https://xn--pckua2a7gp15o89zb.com/jb/fa4ff045e517c449b984f9d8b116ac71,True,4時間前,2026-09-30 05:24:34,福岡県
「プログラミングを学んでみたい方歓迎」／ゲームプログラマー／未経験歓迎／資格取得支援あり新着,このお仕事の特徴一般,福岡県,月給27万円～34万円,正社員,経理,求人ボックス,https://xn--pckua2a7gp15o89zb.com/jbn/220f8d92731730e2cc050aa144d3799f,True,17時間前,2026-09-30 05:24:34,福岡県
「性別を問わずIT業界で活躍できる!」／ITアドバイザー／未経験歓迎／資格取得支援あり／長期安定新着,このお仕事の特徴一般,福岡県,月給27万円～34万円,正社員,経理,求人ボックス,https://xn--pckua2a7gp15o89zb.com/jbn/d4b1e43b74db413159a5da928a496a5b,True,17時間前,2026-09-30 05:24:34,福岡県
「企画やアイデアを考えることが好きな方歓迎」／ゲームプランナー／未経験OK／研修充実新着,このお仕事の特徴一般,福岡県,月給27万円～34万円,正社員,経理,求人ボックス,https://xn--pckua2a7gp15o89zb.com/jbn/1272c870024463adcceed100111b9a1e,True,17時間前,2026-09-30 05:24:34,福岡県
「応募から勤務までスムーズ!」／データサイエンティスト／スピード採用／未経験歓迎／長期安定新着,このお仕事の特徴一般,福岡県,月給27万円～34万円,正社員,経理,求人ボックス,https://xn--pckua2a7gp15o89zb.com/jbn/93260d648f0754962d42a6073209b475,True,17時間前,2026-09-30 05:24:34,福岡県
「女性・男性ともに専門知識を身につける!」／データサイエンティスト／未経験OK／資格取得支援あり新着,このお仕事の特徴一般,福岡県,月給27万円～34万円,正社員,経理,求人ボックス,https://xn--pckua2a7gp15o89zb.com/jbn/40eb8919b7d8baccf97425fd07866a25,True,17時間前,2026-09-30 05:24:34,福岡県
土日祝はしっかりお休み!ペースに合わせて学べる／庶務事務／交通費支給／福岡市博多区博多駅中央街新着,事務,福岡県,"月給25万8,300円",正社員,経理,求人ボックス,https://xn--pckua2a7gp15o89zb.com/jbn/bdfc5198ab646c6d06246e4005d86eb5,True,9時間前,2026-09-30 05:24:38,福岡県
アプリテスター／未経験歓迎／シンプル業務／福利厚生充実／長期勤務歓迎新着,このお仕事の特徴一般,福岡県,月給27万円～34万円,正社員,経理,求人ボックス,https://xn--pckua2a7gp15o89zb.com/jbn/3e0b9f1bed54558682a49b51ccf03fb4,True,17時間前,2026-09-30 05:24:38,福岡県
「メリハリをつけて働ける」／アプリテスター／残業少なめ／年間休日120日以上／安定勤務新着,このお仕事の特徴一般,福岡県,月給27万円～34万円,正社員,経理,求人ボックス,https://xn--pckua2a7gp15o89zb.com/jbn/6bf7583caec9b0710c584d74f0754d57,True,17時間前,2026-09-30 05:24:38,福岡県
未経験可／研修充実／システムエンジニア新着,infront株式会社,福岡県,月給28万円～50万円,正社員,経理,求人ボックス,https://xn--pckua2a7gp15o89zb.com/jbn/cf501955f50cb5aed7c282d2cf6a09b0,True,11時間前,2026-09-30 05:24:41,福岡県
「自分の時間も大切にできる」／ゲームテスター／土日祝休み／年間休日120日以上／長期勤務歓迎新着,このお仕事の特徴一般,福岡県,月給27万円～34万円,正社員,経理,求人ボックス,https://xn--pckua2a7gp15o89zb.com/jbn/2222edd15de4637b893db8b0c4446598,True,17時間前,2026-09-30 05:24:41,福岡県
「ゲーム未経験者から企画担当を目指せる!」／ゲームプランナー／新しいゲームの案を考える新着,このお仕事の特徴一般,福岡県,月給27万円～34万円,正社員,経理,求人ボックス,https://xn--pckua2a7gp15o89zb.com/jbn/1dce552ed87125e8584831f48fe419be,True,17時間前,2026-09-30 05:24:41,福岡県
「若手からITスキルを身につけられる!」／ITアドバイザー／未経験歓迎／研修充実／20〜30代活躍中新着,このお仕事の特徴一般,福岡県,月給27万円～34万円,正社員,経理,求人ボックス,https://xn--pckua2a7gp15o89zb.com/jbn/87fab79be1ab44c809b0e75a2cd2344c,True,17時間前,2026-09-30 05:24:41,福岡県
「アプリやスマホが好きな方におすすめ」／アプリテスター／未経験歓迎／コツコツ作業／20〜30代活躍中新着,このお仕事の特徴一般,福岡県,月給27万円～34万円,正社員,経理,求人ボックス,https://xn--pckua2a7gp15o89zb.com/jbn/4a518aa3aa1c886ac05018a9059f0395,True,17時間前,2026-09-30 05:24:41,福岡県
「未経験からアプリチェックの仕事へ!」／アプリテスター／実際に操作して表示を確認新着,このお仕事の特徴一般,福岡県,月給27万円～34万円,正社員,経理,求人ボックス,https://xn--pckua2a7gp15o89zb.com/jbn/5ca70ca370f041ce3236ae56f086b9d1,True,17時間前,2026-09-30 05:24:44,福岡県
「男女問わずクリエイティブな仕事に挑戦!」／ゲームクリエイター／未経験歓迎／研修充実／安定勤務新着,このお仕事の特徴一般,福岡県,月給27万円～34万円,正社員,経理,求人ボックス,https://xn--pckua2a7gp15o89zb.com/jbn/a4eb37a15a1222f422c646c0c10ca68c,True,17時間前,2026-09-30 05:24:44,福岡県
「若手からゲーム開発にチャレンジ!」／ゲームプログラマー／未経験歓迎／福利厚生充実新着,このお仕事の特徴一般,福岡県,月給27万円～34万円,正社員,経理,求人ボックス,https://xn--pckua2a7gp15o89zb.com/jbn/fc3edfefbef4d9ac6a534c267811ed18,True,17時間前,2026-09-30 05:24:44,福岡県
ゲームクリエイター／好きなことを活かしながら自分らしく働ける／土日祝休み／年間休日120日以上新着,このお仕事の特徴一般,福岡県,月給27万円～34万円,正社員,経理,求人ボックス,https://xn--pckua2a7gp15o89zb.com/jbn/15d02e2e44da9f5ab8552ca373a69a2f,True,17時間前,2026-09-30 05:24:44,福岡県
ゲームプランナー／アイデアを活かしながらメリハリ勤務／残業少なめ／年間休日120日以上／安定勤務新着,このお仕事の特徴一般,福岡県,月給27万円～34万円,正社員,経理,求人ボックス,https://xn--pckua2a7gp15o89zb.com/jbn/331954c039552fbef6881615dd135b82,True,17時間前,2026-09-30 05:24:44,福岡県
管理職系総合職 経験者!土日休み／フレックス新着,株式会社奥村組,福岡県,月給38万円～56万円,正社員,経理,求人ボックス,https://xn--pckua2a7gp15o89zb.com/jb/74bdeca488ac1d5bb59842b3a7dd0c32,True,22時間前,2026-09-30 05:24:44,福岡県
「仕事とプライベートを両立しやすい」／ゲームプログラマー／土日祝休み／年間休日120日以上新着,このお仕事の特徴一般,福岡県,月給27万円～34万円,正社員,経理,求人ボックス,https://xn--pckua2a7gp15o89zb.com/jbn/8eef93b7f1edbde49ec0929078bfaeb9,True,17時間前,2026-09-30 05:24:44,福岡県
ゆめタウン久留米での警備員新着,株式会社イズミテクノ,福岡県,"時給1,114円",正社員,警備,求人ボックス,https://xn--pckua2a7gp15o89zb.com/jbn/6e0005d84ab62030405ab6b899dd7970,True,18時間前,2026-09-30 05:24:47,福岡県
未経験歓迎交通誘導警備員募集!週休2日制 研修充実で「警備のプロ」へ新着,株式会社JSO,福岡県,"日給9,000円～1万",契約社員,警備,求人ボックス,https://xn--pckua2a7gp15o89zb.com/jb/b4cbed410513aa8f216b06529c488ecf,True,5時間前,2026-09-30 05:24:47,福岡県
施設警備員 福岡拘置所 未経験者歓迎新着,都市環境整美株式会社福岡センター,福岡県,"時給1,057円～1,200円",契約社員,警備,求人ボックス,https://xn--pckua2a7gp15o89zb.com/jb/be6af0a0bdee1d48bf2385ebf90a6902,True,9時間前,2026-09-30 05:24:47,福岡県
「愛知県勤務」交通誘導／待遇に自信あり／引っ越しサポートあり・日払い週払い可新着,セキュリティスタッフ株式会社,福岡県,"日給9,500円",正社員,警備,求人ボックス,https://xn--pckua2a7gp15o89zb.com/jb/730926f4aec834d8a5f77cd1e3cafeb2,True,4時間前,2026-09-30 05:24:47,福岡県
内勤監視センターの警備指令スタッフ新着,福岡警備保障株式会社,福岡県,"月給29万9,829円",契約社員,警備,求人ボックス,https://xn--pckua2a7gp15o89zb.com/jb/5ac421d432409b10e321a81722f0d379,True,19時間前,2026-09-30 05:24:47,福岡県
太宰府市公共施設フリースペース警備新着,株式会社創建サービス福岡,福岡県,"時給1,060円",アルバイト・パート,警備,求人ボックス,https://xn--pckua2a7gp15o89zb.com/jb/5302e68eb77c6642f1cef38bf1aeb614,True,19時間前,2026-09-30 05:24:47,福岡県
PayPayドーム 誘導スタッフ新着,株式会社コアズ,福岡県,"時給1,250円～",アルバイト・パート,警備,求人ボックス,https://xn--pckua2a7gp15o89zb.com/jb/0ae39a72810eb790b5a3fab3f159ae8c,True,11時間前,2026-09-30 05:24:47,福岡県
放課後支援員資格・保育士・教員免許保有の方募集!学童支援員新着,シダックス大新東ヒューマンサービス株式会社,福岡県,"時給1,114円",アルバイト・パート,警備,求人ボックス,https://xn--pckua2a7gp15o89zb.com/jb/124afff0325a9629ab973456cded65ba,True,5時間前,2026-09-30 05:24:47,福岡県
榎田交差点から300メートル!”宇佐美”の看板が目印新着,株式会社ユーオーエス,福岡県,"時給1,100円～1,350円",アルバイト・パート,警備,求人ボックス,https://xn--pckua2a7gp15o89zb.com/jb/5e7fe516999af8becc593cb4c8363f85,True,14時間前,2026-09-30 05:24:47,福岡県
マンション管理フロント／未経験 第二新卒歓迎 最大手でキャリアアップのチャンス／福岡新着,住友不動産建物サービス株式会社,福岡県,年収308万円～750万円,正社員,警備,求人ボックス,https://xn--pckua2a7gp15o89zb.com/jb/ab4ed43a664db9ccc5a551fabe7ea00b,True,13時間前,2026-09-30 05:24:47,福岡県
福岡／転勤無し／火災報知設備の施工管理・保守点検／年収650～800万円／土日祝休み・フレックス新着,警備,福岡県,年収650～800万円,正社員,警備,求人ボックス,https://xn--pckua2a7gp15o89zb.com/jb/1f2515ec50eba5b0c1490f43f314b50d,True,16時間前,2026-09-30 05:24:47,福岡県
施工監理 「1級電気通信工事施工管理技士」 正社員 福岡／警備・ビル管理新着,西日本高速道路ファシリティーズ株式会社,福岡県,年収500万円～800万円,正社員,警備,求人ボックス,https://xn--pckua2a7gp15o89zb.com/jb/b64e0fee3001e3703857fc9f230b4b11,True,16時間前,2026-09-30 05:24:47,福岡県
福岡／防災機器の保守メンテナンス／年収600～700万円／夜間呼び出しなし・土日祝休み新着,警備,福岡県,年収600～700万円,正社員,警備,求人ボックス,https://xn--pckua2a7gp15o89zb.com/jb/7f9fadfeefcc5a14357b8947410a7f56,True,16時間前,2026-09-30 05:24:47,福岡県
福岡・施設管理 ビルメンテナンス／小売業界大手グループのFM企業新着,店内巡回、店内と駐車場を巡回(必要に応じ清掃担当や,福岡県,年収400万円～500万円,正社員,警備,求人ボックス,https://xn--pckua2a7gp15o89zb.com/jb/fe80ccc9b4ff3675835f9372300275ea,True,17時間前,2026-09-30 05:24:47,福岡県
建築施工管理 木造注文住宅新着,転勤なし,福岡県,年収450万円,正社員,警備,求人ボックス,https://xn--pckua2a7gp15o89zb.com/jb/a5445df4ec118c08c47de5f999da53bf,True,17時間前,2026-09-30 05:24:47,福岡県
福岡／消火設備の施工管理／年収650～800万円／土日祝休み・フレックス／セコムG新着,警備,福岡県,年収650～800万円,正社員,警備,求人ボックス,https://xn--pckua2a7gp15o89zb.com/jb/50156c7538d7c48f4fd78f769518b803,True,16時間前,2026-09-30 05:24:47,福岡県
嘱託社員／福岡・施設管理 ビルメンテナンス／小売業界大手グループのFM企業新着,店内巡回、店内と駐車場を巡回(必要に応じ清掃担当や,福岡県,年収400万円～500万円,契約社員,警備,求人ボックス,https://xn--pckua2a7gp15o89zb.com/jb/d97de4978a12ccb05d757cf7320f508f,True,17時間前,2026-09-30 05:24:48,福岡県
サービス・警備・清掃／清掃員・ルームメイク／病院施設内のクリーンスタッフ新着,未経験OK,福岡県,"時給1,200円",,警備,求人ボックス,https://xn--pckua2a7gp15o89zb.com/jb/b9cbade194b65ec6e0ef6a5d5b683464,True,3時間前,2026-09-30 05:24:48,福岡県
サービス・警備・清掃／清掃員・ルームメイク／観光バスの車内清掃新着,未経験OK,福岡県,"時給1,120円",,警備,求人ボックス,https://xn--pckua2a7gp15o89zb.com/jb/a7933e4199cc66910b3618dabfadd6f4,True,3時間前,2026-09-30 05:24:48,福岡県
サービス・警備・清掃／清掃員・ルームメイク／コインランドリー店内スタッフ新着,未経験OK,福岡県,"時給1,115円～",,警備,求人ボックス,https://xn--pckua2a7gp15o89zb.com/jb/592a53a4eb3b74bf113e0b3c06bd8b40,True,3時間前,2026-09-30 05:24:48,福岡県
福岡／文化施設の常駐設備管理／年間休日120日以上新着,警備,福岡県,年収300万円～400万円,,警備,求人ボックス,https://xn--pckua2a7gp15o89zb.com/jb/93f118e288cbcaf03d74bea2920b2fbb,True,17時間前,2026-09-30 05:24:50,福岡県
サービス・警備・清掃／清掃員・ルームメイク／事務所内清掃スタッフ新着,未経験OK,福岡県,"時給1,150円",,警備,求人ボックス,https://xn--pckua2a7gp15o89zb.com/jb/c1b72238adeaee847abc19123e72a0d3,True,3時間前,2026-09-30 05:24:50,福岡県
サービス・警備・清掃／清掃員・ルームメイク／商業施設の清掃新着,未経験OK,福岡県,"時給1,130円",,警備,求人ボックス,https://xn--pckua2a7gp15o89zb.com/jb/e2cde92436fb2fc561a87da46a3de827,True,3時間前,2026-09-30 05:24:50,福岡県
看護師／週2日～OK!土日祝休み!残業なし!研修あり!副業新着,株式会社ルフト・メディカルケア,福岡県,"時給1,600円",派遣社員,看護,求人ボックス,https://xn--pckua2a7gp15o89zb.com/jb/f9645a39d2ce8b705ecfb16b42671370,True,23時間前,2026-09-30 05:24:30,福岡県
正看護師／病棟 夜勤のみ新着,医療法人うえの病院,福岡県,月給36万円～40万円,正社員,看護,求人ボックス,https://xn--pckua2a7gp15o89zb.com/jb/a40f82953512dd8c71262fa21aae7a63,True,10時間前,2026-09-30 05:24:30,福岡県
診療所・クリニックの看護師／准看護師新着,THE LIFT CLINIC FUKUOKA,福岡県,"月給23万2,400円",正社員,看護,求人ボックス,https://xn--pckua2a7gp15o89zb.com/jb/1bb674213ce488d0718e6c865e2215c2,True,7時間前,2026-09-30 05:24:30,福岡県
介護施設の看護師／准看護師新着,住宅型有料老人ホーム サンカルナ二日市,福岡県,"月給22万9,800円",正社員,看護,求人ボックス,https://xn--pckua2a7gp15o89zb.com/jb/f266c2752c76100631693ba035bb4d21,True,7時間前,2026-09-30 05:24:33,福岡県
准看護師／クリニック新着,藤崎うら泌尿器科皮ふ科,福岡県,月給27万円～28万円,正社員,看護,求人ボックス,https://xn--pckua2a7gp15o89zb.com/jb/6d674d998dd1ff923897d9966d42c1a9,True,7時間前,2026-09-30 05:24:33,福岡県
社会保険完備の職場で看護師／准看護師新着,生活介護事業所 すずらん,福岡県,"時給1,400円～1,600円",アルバイト・パート,看護,求人ボックス,https://xn--pckua2a7gp15o89zb.com/jb/7b1614abadeb575c7ff5a7f913aa3e3f,True,7時間前,2026-09-30 05:24:33,福岡県
看護師／透析室／クリニック／無料駐車場あり／働きやすい職場を目指してい...新着,医療法人やまびこ会 福岡東ほばしらクリニック,福岡県,"月給23万4,000円",正社員,看護,求人ボックス,https://xn--pckua2a7gp15o89zb.com/jb/ae248484717ee2f3f9ffef29312c8615,True,18時間前,2026-09-30 05:24:33,福岡県
社会保険完備の職場で看護師／准看護師新着,短期入所事業所 ゆい,福岡県,"月給27万3,900円",正社員,看護,求人ボックス,https://xn--pckua2a7gp15o89zb.com/jb/726f8349f9228eae9b030d1bb9202973,True,7時間前,2026-09-30 05:24:37,福岡県
看護師さんのお手伝い・助手スタッフ新着,株式会社ホットスタッフ宮若,福岡県,"時給1,120円",派遣社員,看護,求人ボックス,https://xn--pckua2a7gp15o89zb.com/jb/df2e8620fa3ab5a4ee024d4211b3cc88,True,10時間前,2026-09-30 05:24:37,福岡県
看護師／訪問診療／クリニック／年間休日122日／でプライベートも充実新着,医療法人MIYAI クリニック,福岡県,"時給1,500円～1,600円",正社員,看護,求人ボックス,https://xn--pckua2a7gp15o89zb.com/jb/e4b3b54f2ec18f9e6662129d71752c1b,True,18時間前,2026-09-30 05:24:43,福岡県
正看護師・准看護師／病棟 日勤のみ新着,医療法人敬天会,福岡県,"月給21万5,000円",正社員,看護,求人ボックス,https://xn--pckua2a7gp15o89zb.com/jb/c3477d89faaee6849f833f00a374b273,True,10時間前,2026-09-30 05:24:47,福岡県
訪問看護師／未経験OK・同行訪問からスタート新着,訪問看護ステーションつぼみ,福岡県,"時給1,300円",アルバイト・パート,看護,求人ボックス,https://xn--pckua2a7gp15o89zb.com/jb/5b4bc05aa9d018801894a5efc29596b7,True,11時間前,2026-09-30 05:24:47,福岡県
看護師／特別養護老人ホーム／徒歩10分／賞与はうれしい4.5ヶ月分新着,特別養護老人ホーム みづま敬和苑,福岡県,"月給21万9,000円",正社員,看護,求人ボックス,https://xn--pckua2a7gp15o89zb.com/jb/1324ae37eed6ea46e08219a25611aa15,True,18時間前,2026-09-30 05:24:50,福岡県
正看護師・准看護師／病棟 日勤のみ新着,看護,福岡県,"月給25万6,000円",正社員,看護,求人ボックス,https://xn--pckua2a7gp15o89zb.com/jb/999f05dd01cd613afbd484e8eb22ab5b,True,10時間前,2026-09-30 05:24:50,福岡県
正看護師・准看護師／介護・福祉 日勤のみ新着,株式会社ASCare,福岡県,"時給1,585円",アルバイト・パート,看護,求人ボックス,https://xn--pckua2a7gp15o89zb.com/jb/b986cc2546ba7ae8f230b4205d7ce981,True,9時間前,2026-09-30 05:24:50,福岡県
訪問看護師・社会保険完備の職場で看護師／准看護師新着,訪問看護ステーションあおぞら 花帆店,福岡県,月給26万円～28万円,正社員,看護,求人ボックス,https://xn--pckua2a7gp15o89zb.com/jb/33f34e56c69e1942432acb084033a198,True,7時間前,2026-09-30 05:24:54,福岡県
看護師・社会保険完備の職場で看護師／准看護師新着,特別養護老人ホーム やすらぎ園,福岡県,"月給25万2,500円",正社員,看護,求人ボックス,https://xn--pckua2a7gp15o89zb.com/jb/f0a2f009b460cd7bb508400066890cd6,True,8時間前,2026-09-30 05:24:54,福岡県
シニア向けマンションの看護師 バイタルチェック等新着,株式会社コトリオ,福岡県,"時給2,000円～2,500円",派遣社員,看護,求人ボックス,https://xn--pckua2a7gp15o89zb.com/jb/523d3d393f2f37d695a862401d5b9066,True,15時間前,2026-09-30 05:24:54,福岡県
看護師／ケアミックス型病院／無料駐車場あり／月給最大30万円以上可能!新着,医療法人真鶴会 小倉第一病院,福岡県,月給21万円～35万円,正社員,看護,求人ボックス,https://xn--pckua2a7gp15o89zb.com/jb/d5e04996756f78595a678e0c9edbe5b6,True,18時間前,2026-09-30 05:24:58,福岡県
アプリの指示通り走るだけのタクシードライバー新着,勝山自動車株式会社,福岡県,月給27万円～47万円,正社員,ドライバー,求人ボックス,https://xn--pckua2a7gp15o89zb.com/jbi/f17c8af5f8eec28fbf6a9228f5d61738,True,4時間前,2026-09-30 05:24:45,福岡県
佐賀近隣の「3t平ドライバー」正社員／未経験歓迎・資格支援制度あり新着,谷口興業株式会社,福岡県,月給30万円～32万円,正社員,ドライバー,求人ボックス,https://xn--pckua2a7gp15o89zb.com/jbn/5f7e30f42ad7f5591eb4bc4c88003bda,True,22時間前,2026-09-30 05:24:45,福岡県
人材ファーストな会社 未経験でも男女関係なく月収40万円以上～!日用雑貨の軽貨物配送ドライバー新着,株式会社RIMURU,福岡県,月給38万円～60万円,,ドライバー,求人ボックス,https://xn--pckua2a7gp15o89zb.com/jb/f8242fe3bc9018aca5fb0e0017322f3e,True,12時間前,2026-09-30 05:24:45,福岡県
営業スタッフの送迎ドライバー／残業ほぼ無し／未経験者歓迎／平均年齢60...新着,ワイムシェアリング株式会社,福岡県,月給21万円～,契約社員,ドライバー,求人ボックス,https://xn--pckua2a7gp15o89zb.com/jbn/46385bb898ac53cf760e86f1a6671209,True,3時間前,2026-09-30 05:24:45,福岡県
未経験でも月収65万円以上!夢ある軽貨物ドライバー車貸し出しありですぐ...新着,齊藤美装株式会社,福岡県,"月給35万4,510円",,ドライバー,求人ボックス,https://xn--pckua2a7gp15o89zb.com/jb/fe73a78b11697c5d59a25ad88d1f7635,True,10時間前,2026-09-30 05:24:45,福岡県
AT限定車で配送ドライバー軽い荷物をお届けします未経験でも男女関係なく...新着,株式会社FOOTBALL LIFE,福岡県,月給30万円～70万円,正社員,ドライバー,求人ボックス,https://xn--pckua2a7gp15o89zb.com/jb/dce97e8acb93591084f146f989c5506d,True,11時間前,2026-09-30 05:24:45,福岡県
経験を活かせる収集運搬のドライバー新着,株式会社九州事業センター,福岡県,月給23万円～43万円,正社員,ドライバー,求人ボックス,https://xn--pckua2a7gp15o89zb.com/jb/ba886a4e86dbb201a3daced42fa7da35,True,5時間前,2026-09-30 05:24:45,福岡県
16時まで ️月給33万円から ️1日2～4件の大型配送ドライバー募集新着,株式会社サンエーロジコム,福岡県,月給33万円,正社員,ドライバー,求人ボックス,https://xn--pckua2a7gp15o89zb.com/jb/99d7fe724c18f6889eba1eb3611aa173,True,10時間前,2026-09-30 05:24:45,福岡県
フォークリフトドライバー／時給1150円／経験者歓迎／大型連休ありでリ...新着,株式会社QCDクリエイト,福岡県,時給1150円,正社員,ドライバー,求人ボックス,https://xn--pckua2a7gp15o89zb.com/jbn/c7a465aa570362eab9929afa799c1529,True,9時間前,2026-09-30 05:24:45,福岡県
軽貨物ドライバー9割が未経験からスタート!月収30～65万円以上稼げる...新着,株式会社OFFICE M,福岡県,"月給30万5,100円",,ドライバー,求人ボックス,https://xn--pckua2a7gp15o89zb.com/jb/3efbeb99b306aba1194fcae786240499,True,11時間前,2026-09-30 05:24:45,福岡県
未経験歓迎! ドライバー 運行日数&休日の相談OK 転勤なし新着,株式会社西博運輸,福岡県,月給35万円～60万円,正社員,ドライバー,求人ボックス,https://xn--pckua2a7gp15o89zb.com/jb/41099a674d267b51e27d1fef8a1638be,True,23時間前,2026-09-30 05:24:45,福岡県
大型ドライバー／ミキサー車の未経験歓迎／土日祝休み／年間休日120日新着,有限会社マル生運送,福岡県,月給29万円～38万円,正社員,ドライバー,求人ボックス,https://xn--pckua2a7gp15o89zb.com/jb/5767a935ba66c8c39370f756a47de1d1,True,14時間前,2026-09-30 05:24:45,福岡県
電動ドライバーで組付け作業新着,株式会社ホットスタッフ北九州,福岡県,"時給1,400円～1,750円",派遣社員,ドライバー,求人ボックス,https://xn--pckua2a7gp15o89zb.com/jb/4170bb689587020cc8e94f80ed2d98cb,True,10時間前,2026-09-30 05:24:45,福岡県
日帰り&固定ルートで安心の 大型ドライバー 月給45万も可新着,大利運輸株式会社,福岡県,月給45万,正社員,ドライバー,求人ボックス,https://xn--pckua2a7gp15o89zb.com/jb/4b6aa98382de0a76fa35231722b7d9c3,True,23時間前,2026-09-30 05:24:45,福岡県
トレーラードライバー新着,イーストアジア物流株式会社,福岡県,月給50万円～60万円,正社員,ドライバー,求人ボックス,https://xn--pckua2a7gp15o89zb.com/jb/6799dbf3d06a27eb60b5acef1e925dc4,True,14時間前,2026-09-30 05:24:47,福岡県
障害施設のドライバー・生活支援スタッフ 日払OK新着,株式会社コトリオ,福岡県,"時給1,250円～2,050円",派遣社員,ドライバー,求人ボックス,https://xn--pckua2a7gp15o89zb.com/jb/6f7ecd03a0ddc5fb42c5d0301b96817d,True,15時間前,2026-09-30 05:24:47,福岡県
大型ドライバー、ドライバー・運転手新着,株式会社ティ・エス・ロジコム,福岡県,"月給27万3,700円",正社員,ドライバー,求人ボックス,https://xn--pckua2a7gp15o89zb.com/jb/7af149a923b010a164cadc9ca4b7549c,True,23時間前,2026-09-30 05:24:47,福岡県
ドライバー セールスドライバー新着,佐川急便株式会社,福岡県,"月給23万4,000円",正社員,ドライバー,求人ボックス,https://xn--pckua2a7gp15o89zb.com/jb/fe4e1d8f7d9939a9919a0efb9457e1ff,True,19時間前,2026-09-30 05:24:47,福岡県
食品・飲料系製造、ドライバー・運転手／すし工房新着,株式会社大臣,福岡県,月給23万円～30万円,正社員,ドライバー,求人ボックス,https://xn--pckua2a7gp15o89zb.com/jb/08b0d0d7d56c009445ae40baad6d9be6,True,23時間前,2026-09-30 05:24:47,福岡県
2t・3t車ドライバー新着,太宰府運輸株式会社,福岡県,月給25万円～27万円,正社員,ドライバー,求人ボックス,https://xn--pckua2a7gp15o89zb.com/jb/9d3fcec5f21d77ea7cdc9525faa8a7af,True,11時間前,2026-09-30 05:24:47,福岡県
中型トラックドライバー／配送ドライバー新着,株式会社キユーハウ,福岡県,"月給22万6,000円",正社員,ドライバー,求人ボックス,https://xn--pckua2a7gp15o89zb.com/jb/05532838569f726f40c079bddc27b8d8,True,8時間前,2026-09-30 05:24:47,福岡県
中型ドライバー 未経験OK 土日祝休み可能新着,マックスパワー株式会社,福岡県,"月給32万2,991円",正社員,ドライバー,求人ボックス,https://xn--pckua2a7gp15o89zb.com/jb/de6605a40b45cdefb26b2b2688957878,True,23時間前,2026-09-30 05:24:50,福岡県
隔日勤務のタクシードライバー新着,九州交通株式会社,福岡県,月給20万円,正社員,ドライバー,求人ボックス,https://xn--pckua2a7gp15o89zb.com/jb/4b7d1cadf39686403356dbdfe976c324,True,5時間前,2026-09-30 05:24:50,福岡県
大型ドライバー、ドライバー・運転手新着,株式会社国商運輸,福岡県,月給37万円～46万円,正社員,ドライバー,求人ボックス,https://xn--pckua2a7gp15o89zb.com/jb/dcd660c08a86b889e51e4145754f71e3,True,23時間前,2026-09-30 05:24:50,福岡県
大型トラックドライバー 地場・近・中距離新着,株式会社ハイテックプランニング,福岡県,月給33万円～36万円,正社員,ドライバー,求人ボックス,https://xn--pckua2a7gp15o89zb.com/jb/7af4b2c98d40c72c4f45283975db6d00,True,23時間前,2026-09-30 05:24:50,福岡県
冷凍食品配送のドライバー／安定収入!9月新設の営業所 無理なく続けられ...新着,有限会社白鍬,福岡県,月給20万円～,正社員,ドライバー,求人ボックス,https://xn--pckua2a7gp15o89zb.com/jb/d47fd75b63ac64e3333711a404894dbe,True,14時間前,2026-09-30 05:24:50,福岡県
「モクモク軽作業!」モーター部品の組立スタッフ／20代から30代活躍中!／土日休み新着,株式会社日本ケイテム,福岡県,"時給1,200円～",派遣社員,ドライバー,求人ボックス,https://xn--pckua2a7gp15o89zb.com/jbn/bba82549dc3e6d671ebae4baaa77fcd6,True,21時間前,2026-09-30 05:24:50,福岡県
大型ウイング車でのフリーや定期配送 業界経験1年以上 マイカー通勤可 9月頃入社 新しい営業所新着,株式会社ヨコタエンタープライズ,福岡県,月給33万円～37万,正社員,ドライバー,求人ボックス,https://xn--pckua2a7gp15o89zb.com/jb/c71514dd6e9750785d1b83543b47a386,True,5時間前,2026-09-30 05:24:54,福岡県
トレーラー乗務員新着,上神谷梱包高速株式会社,福岡県,月給32万円～42万円,正社員,ドライバー,求人ボックス,https://xn--pckua2a7gp15o89zb.com/jb/67da37a55f4f826538859e4ac804e4cb,True,12時間前,2026-09-30 05:24:54,福岡県
「無理なく長く続けられる!」／ポータブルスピーカー組み立て／残業少なめ／未経験歓迎新着,株式会社SNJAPAN,福岡県,"月給31万5,000円",正社員,ドライバー,求人ボックス,https://xn--pckua2a7gp15o89zb.com/jbn/e416d71f70820ab7cfada76b08a5ba29,True,15時間前,2026-09-30 05:24:54,福岡県
スマートウォッチ部品のピッキング／倉庫内軽作業／未経験歓迎新着,株式会社Tetote,福岡県,"月給31万5,000円",正社員,ドライバー,求人ボックス,https://xn--pckua2a7gp15o89zb.com/jbn/ce48a0e56cbea5cea57a09b2c3d47d5d,True,14時間前,2026-09-30 05:24:54,福岡県
大手物流センター出入口の誘導警備スタッフ新着,福岡警備保障株式会社,福岡県,"日給1万1,707円",契約社員,ドライバー,求人ボックス,https://xn--pckua2a7gp15o89zb.com/jb/40aa1f32dd9debe308dbe804008a2010,True,19時間前,2026-09-30 05:24:58,福岡県
小型パーツのネジ締め／組み付ける工程／寮完備／30代歓迎新着,株式会社Amark,福岡県,"月給29万7,000円",正社員,ドライバー,求人ボックス,https://xn--pckua2a7gp15o89zb.com/jbn/5049a4644121448de56c5990ce15f42e,True,13時間前,2026-09-30 05:24:58,福岡県
「モノづくりが好き」それだけでOK!／製造アシスタント／資格取得支援あり／未経験活躍新着,株式会社GUM,福岡県,月給28万円～50万円,正社員,ドライバー,求人ボックス,https://xn--pckua2a7gp15o89zb.com/jbn/bc3725fccf1ef860f879e00d5acbde78,True,11時間前,2026-09-30 05:24:58,福岡県
小型アイテムのネジ締め／組み立て工程／寮完備／既卒歓迎新着,...部品を固定するために、決められた場所へネジを取り付けます。力はいりません。決まった位置に、決まった本数を締めるだけのシンプルな作業です。 作業の内容パーツを台にセットし、ネジを配置。専用,福岡県,"月給28万9,000円",正社員,ドライバー,求人ボックス,https://xn--pckua2a7gp15o89zb.com/jbn/5db48bca2ef8a08e5ff8045115ba4d6d,True,13時間前,2026-09-30 05:24:58,福岡県
小型アイテムのネジ締め／組立業務／寮完備／既卒歓迎新着,...部品を固定するために、決められた場所へネジを取り付けます。力はいりません。決まった位置に、決まった本数を締めるだけのシンプルな作業です。 作業の内容パーツを台にセットし、ネジを配置。専用,福岡県,"月給34万2,000円",正社員,ドライバー,求人ボックス,https://xn--pckua2a7gp15o89zb.com/jbn/8c42f6798fd41491699335e839ec86ef,True,12時間前,2026-09-30 05:25:00,福岡県
小型アイテムのネジ締め／組立作業／寮完備／第二新卒歓迎新着,...部品を固定するために、決められた場所へネジを取り付けます。力はいりません。決まった位置に、決まった本数を締めるだけのシンプルな作業です。 作業の内容パーツを台にセットし、ネジを配置。専用,福岡県,"月給29万7,000円",正社員,ドライバー,求人ボックス,https://xn--pckua2a7gp15o89zb.com/jbn/db311fcab970d744e56c3ac1fee84d91,True,13時間前,2026-09-30 05:25:00,福岡県
「転勤なし」／事務スタッフ／20代・30代活躍中／有給休暇あり「正社員」新着,...先輩がすぐそばでいつでもフォローします! 【対象となる方】ゼロから始める事務職キャリア経験がないからと諦める必要はありません!あなたの再スタートを応援します。<異業種からの転職を歓迎>接客業、,福岡県,月給21万500円,正社員,ドライバー,求人ボックス,https://xn--pckua2a7gp15o89zb.com/jbn/9533df47626528ab937c98440cdc676f,True,2時間前,2026-09-30 05:25:00,福岡県
軽作業スタッフ／コンタクトレンズケースの検品・包装／日勤／未経験OK／20~30代活躍中新着,株式会社Braight JAPAN,福岡県,"月給30万5,000円",正社員,ドライバー,求人ボックス,https://xn--pckua2a7gp15o89zb.com/jbn/61897dbfbeea2e66d847de7d0879b5e4,True,6時間前,2026-09-30 05:25:00,福岡県
「未経験から始める組立ワーク」LED照明の組立・検査／未経験歓迎／寮完備／交代勤あり／研修あり新着,株式会社覇王樹,福岡県,"月給29万5,000円",正社員,ドライバー,求人ボックス,https://xn--pckua2a7gp15o89zb.com/jbn/c15367b40dd98a5be7c5c5d5b96d12f5,True,2時間前,2026-09-30 05:25:00,福岡県
「未経験から始める組立ワーク」LED照明の組立・検査／未経験歓迎／寮完備／交代勤あり／研修あり新着,株式会社緑,福岡県,"月給30万5,000円",正社員,ドライバー,求人ボックス,https://xn--pckua2a7gp15o89zb.com/jbn/d6b6575f91d8a1d89b75b8011f89aad5,True,3時間前,2026-09-30 05:25:00,福岡県
テニスボールの検品・箱詰め作業／スポーツ用品工場／軽作業／日勤／未経験OK／履歴書不要新着,株式会社Rasic,福岡県,"月給27万5,000円",正社員,ドライバー,求人ボックス,https://xn--pckua2a7gp15o89zb.com/jbn/5cd54d3b7f6df8d6f9b747b82ad26008,True,7時間前,2026-09-30 05:25:03,福岡県
「未経験から始める組立ワーク」LED照明の組立・検査／未経験歓迎／寮完備／交代勤あり／研修あり新着,株式会社TOBLO,福岡県,"月給30万5,000円",正社員,ドライバー,求人ボックス,https://xn--pckua2a7gp15o89zb.com/jbn/1044ff3c78de43bdb4ffc51ab6964329,True,2時間前,2026-09-30 05:25:03,福岡県
簡単な作業ができればOK!／カプセル詰めのクオリティチェック／研修制度充実／未経験活躍新着,...ピッタリの職場環境です 難しい専門知識や経験は一切ナシ!分かりやすいマニュアルを完備しており最初は簡単な作業からスタートできます。20代のスタッフが中心となって活躍中!元事務、アパレル、飲食、,福岡県,月給28万円～40万円,正社員,ドライバー,求人ボックス,https://xn--pckua2a7gp15o89zb.com/jbn/5cf2cde40f498fe10f960558001e28fa,True,11時間前,2026-09-30 05:25:03,福岡県
小型アイテムのネジ締め／組み付ける工程／寮完備／第二新卒歓迎新着,...部品を固定するために、決められた場所へネジを取り付けます。力はいりません。決まった位置に、決まった本数を締めるだけのシンプルな作業です。 作業の内容パーツを台にセットし、ネジを配置。専用,福岡県,"月給34万2,000円",正社員,ドライバー,求人ボックス,https://xn--pckua2a7gp15o89zb.com/jbn/d21e2ffffeefd845190fc86f4fda8562,True,12時間前,2026-09-30 05:25:03,福岡県
小型パーツのネジ締め／組立作業／寮完備／未経験歓迎新着,...部品を固定するために、決められた場所へネジを取り付けます。力はいりません。決まった位置に、決まった本数を締めるだけのシンプルな作業です。 作業の内容パーツを台にセットし、ネジを配置。専用,福岡県,"月給28万9,000円",正社員,ドライバー,求人ボックス,https://xn--pckua2a7gp15o89zb.com/jbn/fdcf35371a9178a567989bdbc6feeade,True,13時間前,2026-09-30 05:25:03,福岡県
小型アイテムのネジ締め作業／組み立て工程／寮完備／未経験歓迎新着,...部品を固定するために、決められた場所へネジを取り付けます。力はいりません。決まった位置に、決まった本数を締めるだけのシンプルな作業です。 作業の内容パーツを台にセットし、ネジを配置。専用,福岡県,"月給34万2,000円",正社員,ドライバー,求人ボックス,https://xn--pckua2a7gp15o89zb.com/jbn/b9ec206b7ae557a5812c68c6f5a363be,True,12時間前,2026-09-30 05:25:03,福岡県
軽作業スタッフ／テニスボールの検品・箱詰め作業／モクモク作業／日勤／未経験OK／20~30代活躍中新着,...箱詰め後の商品を指定の場所へ置くだけ ‍  軽量商品で体への負担なし 作業は決まった手順の繰り返し モクモク進められる単純作業です  未経験・異業種からも大歓迎/警備・清掃・軽作業・,福岡県,"月給32万5,000円",正社員,ドライバー,求人ボックス,https://xn--pckua2a7gp15o89zb.com/jbn/a47c2c5380236a372c9cb7e23ce3cd8d,True,6時間前,2026-09-30 05:25:03,福岡県
アロマディフューザー部品の確認・包装業務／日用品工場／モクモク軽作業／日勤／未経験OK／履歴書不要新着,...包装後の商品を指定の場所へ置くだけ ‍  作業はマニュアル通りの繰り返し 軽量部品のみで力仕事なし 落ち着いた環境でモクモク作業できます  未経験・異業種からも大歓迎/警備・清掃・軽作業・,福岡県,"月給28万5,000円",正社員,ドライバー,求人ボックス,https://xn--pckua2a7gp15o89zb.com/jbn/8a7f8631f1421066188ae66e106b1678,True,7時間前,2026-09-30 05:25:05,福岡県
「最短でお仕事スタート」／はちみつボトルの検品スタッフ／即入寮OK／未経験歓迎／20~30代活躍中新着,...ラベルやキャップをチェック  完成品を指定の場所へ置くだけ  作業はマニュアル通りの繰り返し 力仕事はほとんどありません モクモク取り組める環境です  未経験・異業種からも大歓迎/警備・清掃・軽,福岡県,月給33万円～38万円,正社員,ドライバー,求人ボックス,https://xn--pckua2a7gp15o89zb.com/jbn/59c592595b6dbaf7b0f24094f211e004,True,6時間前,2026-09-30 05:25:05,福岡県
軽作業スタッフ／コンタクトレンズケースの検品・包装／日勤／未経験OK新着,...問題なければ袋や箱に入れて包装  軽量・小型製品のみで力仕事なし 作業はマニュアル通りの繰り返し 清潔で落ち着いた環境で働けます  未経験・異業種からも大歓迎/警備・清掃・軽作業・,福岡県,月給30万円～35万円,正社員,ドライバー,求人ボックス,https://xn--pckua2a7gp15o89zb.com/jbn/02658a38b3c1a754bd4c37bf7622c2b3,True,7時間前,2026-09-30 05:25:05,福岡県
清潔な職場／はちみつボトルの検品・箱詰め業務／軽作業／日勤／未経験OK新着,...ラベルのズレ・浮きがないかを確認 問題なければ決められた数を箱に入れるだけ  扱うのは軽量ボトルのみ 力仕事・難しい作業なし 清潔な環境で安心して働けます  未経験・異業種からも大歓迎/警備・清,福岡県,月給31万円～36万円,正社員,ドライバー,求人ボックス,https://xn--pckua2a7gp15o89zb.com/jbn/e6fb4238b89b024ca0131dcc83aa978f,True,6時間前,2026-09-30 05:25:05,福岡県
「面接1回でスタート可能」／ギフトボックスの組立スタッフ／即入社OK／寮費無料／20~30代活躍中新着,...完成品を指定の場所へ置くだけ  作業はマニュアル通りの繰り返し 軽い資材中心で身体への負担少なめ 落ち着いた環境で作業できます  未経験・異業種からも大歓迎/警備・清掃・軽作業・,福岡県,月給34万円～39万円,正社員,ドライバー,求人ボックス,https://xn--pckua2a7gp15o89zb.com/jbn/22dc3561d027a57ddd10254795303cf3,True,7時間前,2026-09-30 05:25:05,福岡県
「今すぐ働きたい方必見」／タオルギフトの箱詰めスタッフ／即面接OK／賞与あり／20~30代活躍中新着,...内容や数量をチェック  完成品を指定の場所へ置くだけ  作業はマニュアル通りの繰り返し 軽い商品中心で安心 自分のペースで作業できます  未経験・異業種からも大歓迎/警備・清掃・軽作業・,福岡県,"月給28万5,000円",正社員,ドライバー,求人ボックス,https://xn--pckua2a7gp15o89zb.com/jbn/b3b55f1fdd8b0d34fe5cdc1438ecec2f,True,15時間前,2026-09-30 05:25:05,福岡県
「最短即日で採用可能」／ペンライトの梱包スタッフ／日払いOK／未経験歓迎／20~30代活躍中新着,...箱へ丁寧にセット  完成品を指定の場所へ置くだけ  作業はマニュアル通りの繰り返し 力仕事はほとんどありません 落ち着いた環境で作業できます  未経験・異業種からも大歓迎/警備・清掃・軽作業・,福岡県,月給27万円～32万円,正社員,ドライバー,求人ボックス,https://xn--pckua2a7gp15o89zb.com/jbn/0b640ca4e788de196f96fe4e5bf6a618,True,15時間前,2026-09-30 05:25:08,福岡県
チェキ用フィルムケースの検品スタッフ／未経験歓迎／月収30万以上／見るだけ中心の軽作業新着,...問題なければ指定のトレーへ並べるだけ  小型・軽量製品のみ 力仕事・難しい工程は一切なし 落ち着いた環境でモクモク作業できます  未経験・異業種からも大歓迎/警備・清掃・軽作業・,福岡県,月給34万円～39万円,正社員,ドライバー,求人ボックス,https://xn--pckua2a7gp15o89zb.com/jbn/1dd4ab7632aabdcd1bc31b8495ceb474,True,6時間前,2026-09-30 05:25:08,福岡県
軽作業スタッフ／ノベルティグッズの検品・パッケージ業務／日勤／未経験OK新着,...完成品を指定の場所へ置くだけ ‍  軽量アイテム中心で力仕事なし 作業はマニュアル通りの繰り返し いろいろな商品を扱うので飽きにくい  未経験・異業種からも大歓迎/警備・清掃・軽作業・,福岡県,"月給31万5,000円",正社員,ドライバー,求人ボックス,https://xn--pckua2a7gp15o89zb.com/jbn/6a89ea07848428e8a43c4b3c740f7885,True,7時間前,2026-09-30 05:25:08,福岡県
日用品工場の軽作業／コーヒーフィルターの検品・箱詰め／日勤／未経験OK新着,...箱詰め後の商品を指定の場所へ置くだけ ‍  軽量製品のみで力仕事なし 作業はマニュアル通りの繰り返し 落ち着いた環境でコツコツ進められます  未経験・異業種からも大歓迎/警備・清掃・軽作業・,福岡県,"月給29万5,000円",正社員,ドライバー,求人ボックス,https://xn--pckua2a7gp15o89zb.com/jbn/51bd504ab1514e5eacc641f4b4941e30,True,6時間前,2026-09-30 05:25:08,福岡県
「応募から勤務までスムーズ」／日焼け止めの梱包スタッフ／WEB面接対応／土日休み／20~30代活躍中新着,...箱へ丁寧に梱包  完成品を指定の場所へ置くだけ  作業はマニュアル通りの繰り返し 軽い商品中心で安心 自分のペースで作業できます  未経験・異業種からも大歓迎/警備・清掃・軽作業・,福岡県,"月給32万5,000円",正社員,ドライバー,求人ボックス,https://xn--pckua2a7gp15o89zb.com/jbn/b724c35ccd31b680f4ed4388db247c1f,True,15時間前,2026-09-30 05:25:08,福岡県
コーヒーフィルターの検品・箱詰め／食品資材工場／軽作業／日勤／未経験歓迎／日払い対応新着,...箱詰め後の商品を指定の場所へ置くだけ ‍  軽量製品のみで力仕事なし 作業はマニュアル通りの繰り返し 落ち着いた環境でコツコツ進められます  未経験・異業種からも大歓迎/警備・清掃・軽作業・,福岡県,月給27万円～32万円,正社員,ドライバー,求人ボックス,https://xn--pckua2a7gp15o89zb.com/jbn/beee251d8243868b66085d086395b06d,True,7時間前,2026-09-30 05:25:08,福岡県
軽作業スタッフ／ノベルティグッズの検品・パッケージ業務／日勤／未経験OK／20~30代活躍中新着,...完成品を指定の場所へ置くだけ ‍  軽量アイテム中心で力仕事なし 作業はマニュアル通りの繰り返し いろいろな商品を扱うので飽きにくい  未経験・異業種からも大歓迎/警備・清掃・軽作業・,福岡県,月給31万円～36万円,正社員,ドライバー,求人ボックス,https://xn--pckua2a7gp15o89zb.com/jbn/c0a94b37cf1baddef50accf5416bc38d,True,7時間前,2026-09-30 05:25:08,福岡県
茶葉加工・製造スタッフ／加工機の操作・商品品質チェック／未経験から製造...新着,ベンタス株式会社,福岡県,"月給34万2,700円",正社員,製造,求人ボックス,https://xn--pckua2a7gp15o89zb.com/jbn/f3ed878b0f82004ea2f9d448d7c06218,True,9時間前,2026-09-30 05:24:53,福岡県
「20~30代活躍」キャラクターフィギュア製造スタッフ／彩色・組立新着,株式会社ELシステム,福岡県,"月給29万5,800円",正社員,製造,求人ボックス,https://xn--pckua2a7gp15o89zb.com/jbn/838278a641a8490d93a5ba30ecd3186e,True,10時間前,2026-09-30 05:24:54,福岡県
「27卒・新卒」製造スタッフ／ものづくりを基礎から学ぶ／土日祝休み新着,株式会社大斗,福岡県,"月給25万2,100円",正社員,製造,求人ボックス,https://xn--pckua2a7gp15o89zb.com/jbn/e2ac70488a827d22eb1e2e9961200d35,True,7時間前,2026-09-30 05:24:57,福岡県
「20~30代活躍」キャラクターフィギュア製造スタッフ／彩色・組立新着,株式会社Le Lien,福岡県,"月給29万8,800円",正社員,製造,求人ボックス,https://xn--pckua2a7gp15o89zb.com/jbn/8f6a192f83918950ec0479596f7924a1,True,10時間前,2026-09-30 05:24:57,福岡県
キャラクター景品を扱う仕事!／クレーンゲーム景品の企画製造スタッフ新着,製造,福岡県,"月給34万8,500円",正社員,製造,求人ボックス,https://xn--pckua2a7gp15o89zb.com/jbn/0643892b4d0b82ae23b38e3b930881c8,True,11時間前,2026-09-30 05:25:01,福岡県
「20~30代活躍」楽器・音楽機材製造スタッフ／製品の組立・動作調整新着,株式会社LOP,福岡県,"月給30万8,800円",正社員,製造,求人ボックス,https://xn--pckua2a7gp15o89zb.com/jbn/19f3424a337b66f8bd2a42c00e3e16cc,True,10時間前,2026-09-30 05:25:01,福岡県
茶葉加工・製造スタッフ／加工機の操作・商品品質チェック／未経験から製造...新着,株式会社窪田建築,福岡県,"月給34万5,300円",正社員,製造,求人ボックス,https://xn--pckua2a7gp15o89zb.com/jbn/585bae3a4337e404f6d9a7d278876e3b,True,10時間前,2026-09-30 05:25:01,福岡県
キャラクターグッズ製造スタッフ／缶バッジ・キーホルダーの加工機操作新着,株式会社Meta Sales,福岡県,"月給30万3,900円",正社員,製造,求人ボックス,https://xn--pckua2a7gp15o89zb.com/jbn/aa8b29ea55e5a8638abb98ebd0a3c1d9,True,10時間前,2026-09-30 05:25:05,福岡県
PC好きにおすすめ!／パソコンの製造スタッフ／年間休日139日新着,製造,福岡県,"月給38万1,500円",正社員,製造,求人ボックス,https://xn--pckua2a7gp15o89zb.com/jbn/d9a163b0634aaf6b130bf374ec87502b,True,11時間前,2026-09-30 05:25:05,福岡県
グミの袋の製造スタッフ新着,製造,福岡県,"月給26万9,000円",正社員,製造,求人ボックス,https://xn--pckua2a7gp15o89zb.com/jbn/6e2004d9420b3c4d03a9303423d45435,True,6時間前,2026-09-30 05:25:07,福岡県
カードゲーム業界を支える!／カードゲームグッズの製造スタッフ新着,製造,福岡県,"月給32万8,500円",正社員,製造,求人ボックス,https://xn--pckua2a7gp15o89zb.com/jbn/5b0d1a7a4fc3d346d4b72d517bb9678e,True,11時間前,2026-09-30 05:25:10,福岡県
ガジェット好き必見!／パソコンの製造スタッフ／年間休日130日新着,製造,福岡県,"月給35万9,500円",正社員,製造,求人ボックス,https://xn--pckua2a7gp15o89zb.com/jbn/aef88da5d515de900a20f16314f78947,True,11時間前,2026-09-30 05:25:13,福岡県
フィギュア製造技術スタッフ／パーツ成形・組立・完成品検査／ホビー好き歓...新着,株式会社ELM,福岡県,月給29万300円,正社員,製造,求人ボックス,https://xn--pckua2a7gp15o89zb.com/jbn/1afaa3f6f431a613ce837b229c5dd4d6,True,10時間前,2026-09-30 05:25:16,福岡県
盤面パーツを仕上げる仕事!／パチンコ台盤面の製造スタッフ／車通勤OK新着,製造,福岡県,"月給38万5,000円",正社員,製造,求人ボックス,https://xn--pckua2a7gp15o89zb.com/jbn/2b4a9bc01205ae2e6816ba6f997a2b9a,True,11時間前,2026-09-30 05:25:16,福岡県
「再スタート応援」アニメグッズの製造スタッフ／未経験活躍中新着,製造,福岡県,"月給28万2,100円",正社員,製造,求人ボックス,https://xn--pckua2a7gp15o89zb.com/jbn/12220326669fb2441d126999e7dd2535,True,13時間前,2026-09-30 05:25:16,福岡県
グミの袋の製造スタッフ／寮・社宅利用可新着,製造,福岡県,"月給26万9,000円",正社員,製造,求人ボックス,https://xn--pckua2a7gp15o89zb.com/jbn/b22faa8f346c75b5054de1fc50b150f3,True,2時間前,2026-09-30 05:25:19,福岡県
「コツコツ倉庫ワーク!」機械で電子部品製造スタッフ／20代から30代活...新着,株式会社日本ケイテム,福岡県,"時給1,200円～",アルバイト・パート,製造,求人ボックス,https://xn--pckua2a7gp15o89zb.com/jbn/8f3e8d1c2db0851dd016102a75b490a2,True,22時間前,2026-09-30 05:25:19,福岡県
公共施設の清掃スタッフ新着,東福互光株式会社,福岡県,"時給1,120円",アルバイト・パート,清掃,求人ボックス,https://xn--pckua2a7gp15o89zb.com/jb/7621e125ced264efaf3c36a4a1a97e55,True,23時間前,2026-09-30 05:25:02,福岡県
MrMax吉塚での清掃スタッフ新着,株式会社イズミテクノ,福岡県,"時給1,114円",アルバイト・パート,清掃,求人ボックス,https://xn--pckua2a7gp15o89zb.com/jbn/c00e0168330a96e6075c5f7f2d9b14e6,True,18時間前,2026-09-30 05:25:02,福岡県
パチンコ店清掃スタッフ新着,株式会社立岩,福岡県,"時給1,120円～1,250円",アルバイト・パート,清掃,求人ボックス,https://xn--pckua2a7gp15o89zb.com/jb/1bc111de85800195b8556606eae76239,True,8時間前,2026-09-30 05:25:02,福岡県
「お店の清掃スタッフ」お給料は前払いでもらえちゃう 充実のサポートで安...新着,株式会社スターワーク,福岡県,"時給1,350円～",アルバイト・パート,清掃,求人ボックス,https://xn--pckua2a7gp15o89zb.com/jb/0794112b2694448e08311d1809d11c63,True,23時間前,2026-09-30 05:25:02,福岡県
ベッドメイク・客室清掃スタッフ新着,株式会社西日本綜合メンテナンス,福岡県,"時給1,250円～",アルバイト・パート,清掃,求人ボックス,https://xn--pckua2a7gp15o89zb.com/jb/2a2400dea23cf79f89c3ee710464536a,True,7時間前,2026-09-30 05:25:02,福岡県
工場構内の企業清掃スタッフ新着,株式会社ホットスタッフ北九州,福岡県,"時給1,120円",派遣社員,清掃,求人ボックス,https://xn--pckua2a7gp15o89zb.com/jb/53cde48d3430eb191c26ea88150e8dff,True,10時間前,2026-09-30 05:25:02,福岡県
日常清掃スタッフ・月水金の週3日勤務!・1日3時間だけ!無理なく働ける...新着,三幸株式会社」,福岡県,"時給1,200円",アルバイト・パート,清掃,求人ボックス,https://xn--pckua2a7gp15o89zb.com/jb/bdf2dc5c9680204fc1801e3e1c501844,True,11時間前,2026-09-30 05:25:02,福岡県
スーパー惣菜売場の夜間見切り・清掃スタッフ／ゆめタウン大牟田新着,株式会社イズミ,福岡県,"時給1,114円",アルバイト・パート,清掃,求人ボックス,https://xn--pckua2a7gp15o89zb.com/jb/1d4e43e02028b5ae7d2210502598962e,True,6時間前,2026-09-30 05:25:03,福岡県
福岡市民病院内での清掃スタッフ／朝の時間を有効活用 6時半～10時半!新着,光栄建物管理株式会社,福岡県,"時給1,100円～1,300円",アルバイト・パート,清掃,求人ボックス,https://xn--pckua2a7gp15o89zb.com/jb/cf5b604b9f44275253912cf63eaaf4da,True,9時間前,2026-09-30 05:25:03,福岡県
清掃スタッフ新着,放課後等デイサービス ぱてぃお,福岡県,"時給1,100円～1,200円",アルバイト・パート,清掃,求人ボックス,https://xn--pckua2a7gp15o89zb.com/jb/1bad5ed7814b9a0cf51dbdd03ac74b76,True,10時間前,2026-09-30 05:25:03,福岡県
清掃・設備メンテナンススタッフ／賞与年3回!有給取得率100%新着,株式会社TRUST-K,福岡県,月給30万円～40万円,正社員,清掃,求人ボックス,https://xn--pckua2a7gp15o89zb.com/jb/f31af1bf2d6d71806e3f7766773c2f13,True,10時間前,2026-09-30 05:25:03,福岡県
経験を活かせるビルピット清掃等の清掃スタッフ新着,株式会社九州事業センター,福岡県,月給22万円～42万円,正社員,清掃,求人ボックス,https://xn--pckua2a7gp15o89zb.com/jb/a260c1af776e5627c46d22f0871cd1fd,True,5時間前,2026-09-30 05:25:03,福岡県
土日祝限定 客室清掃スタッフ新着,ルートインジャパン株式会社,福岡県,"時給1,150円",アルバイト・パート,清掃,求人ボックス,https://xn--pckua2a7gp15o89zb.com/jb/ce01be3d65970268e67b8d89a81c06d1,True,23時間前,2026-09-30 05:25:03,福岡県
ホテルの客室清掃／日中のスキマバイト／土日のみもOK新着,株式会社デベロップ,福岡県,"時給1,200円",アルバイト・パート,清掃,求人ボックス,https://xn--pckua2a7gp15o89zb.com/jb/151b6676587f182480e09d812296b508,True,7時間前,2026-09-30 05:25:03,福岡県
中高年活躍中!シニア向けマンションの見守りなど新着,株式会社コトリオ,福岡県,"時給1,450円～2,050円",派遣社員,清掃,求人ボックス,https://xn--pckua2a7gp15o89zb.com/jb/8f367514c8d5e1243b1c9b85764ce7eb,True,15時間前,2026-09-30 05:25:06,福岡県
営業事務／未経験OK／長期キャリア形成／月30万以上可／年間休日125日以上新着,株式会社グローリー,福岡県,"月給30万3,300円",正社員,清掃,求人ボックス,https://xn--pckua2a7gp15o89zb.com/jbn/506cbb7bb899f0f26031d06a3e8e0c56,True,6時間前,2026-09-30 05:25:06,福岡県
IT企業内事務／未経験OK／長期キャリア形成／研修あり／家賃補助あり新着,スタッフ,福岡県,"月給29万5,800円",正社員,清掃,求人ボックス,https://xn--pckua2a7gp15o89zb.com/jbn/a14eacc4316617c4cc4f4c789deb8aad,True,6時間前,2026-09-30 05:25:06,福岡県
AI事務アシスタント／未経験OK／長期キャリア形成／年間休日125日以上／研修あり新着,AQUARIUS株式会社,福岡県,"月給29万7,700円",正社員,清掃,求人ボックス,https://xn--pckua2a7gp15o89zb.com/jbn/069274bddcf301f1f12142ddb903d235,True,6時間前,2026-09-30 05:25:06,福岡県
データ入力事務／未経験OK／データ登録と確認／第二新卒歓迎新着,スタッフ,福岡県,"月給30万1,800円",正社員,清掃,求人ボックス,https://xn--pckua2a7gp15o89zb.com/jbn/1c0964d152eac2afc76fdb8decf59dd8,True,6時間前,2026-09-30 05:25:06,福岡県
事務職／未経験OK／長期キャリア形成／月30万以上可／20代30代活躍中新着,スタッフ,福岡県,"月給29万8,200円",正社員,清掃,求人ボックス,https://xn--pckua2a7gp15o89zb.com/jbn/d4034715e7f04610bd00fbd2ea6c4105,True,6時間前,2026-09-30 05:25:06,福岡県
ITサポート事務／未経験OK／IT機器の設定管理／月30万以上可新着,スタッフ,福岡県,"月給31万8,400円",正社員,清掃,求人ボックス,https://xn--pckua2a7gp15o89zb.com/jbn/ef86e4151a529d92e32802f3ad54d7fc,True,6時間前,2026-09-30 05:25:06,福岡県
データ入力事務／未経験OK／長期キャリア形成／研修あり／昇給賞与あり新着,株式会社小林,福岡県,"月給30万1,700円",正社員,清掃,求人ボックス,https://xn--pckua2a7gp15o89zb.com/jbn/38aec8f8899758a0460ec3bf69dcd17c,True,6時間前,2026-09-30 05:25:11,福岡県
ITサポート事務／未経験OK／長期キャリア形成／20代30代活躍中／研修制度充実新着,スタッフ,福岡県,"月給30万5,200円",正社員,清掃,求人ボックス,https://xn--pckua2a7gp15o89zb.com/jbn/d3b15b92af384ee9e255e3510165f9eb,True,6時間前,2026-09-30 05:25:11,福岡県
受付スタッフ／未経験OK／受付や会議室の管理／20代30代活躍中新着,スタッフ,福岡県,"月給32万1,800円",正社員,清掃,求人ボックス,https://xn--pckua2a7gp15o89zb.com/jbn/c076854309ca9866c68fbfb958c264d4,True,6時間前,2026-09-30 05:25:11,福岡県
ITサポート事務／未経験OK／長期キャリア形成／年間休日125日以上／月30万以上可新着,スタッフ,福岡県,"月給32万3,100円",正社員,清掃,求人ボックス,https://xn--pckua2a7gp15o89zb.com/jbn/716a5b7e89473e9e33a57db206794009,True,6時間前,2026-09-30 05:25:11,福岡県
営業事務／未経験OK／見積書作成や納期管理／昇給賞与あり新着,スタッフ,福岡県,"月給30万7,100円",正社員,清掃,求人ボックス,https://xn--pckua2a7gp15o89zb.com/jbn/f60c04d73dc4a433e3113d1e95649f44,True,6時間前,2026-09-30 05:25:11,福岡県
IT企業内事務／未経験OK／長期キャリア形成／月30万以上可／第二新卒歓迎新着,スタッフ,福岡県,月給29万円～60万円,正社員,清掃,求人ボックス,https://xn--pckua2a7gp15o89zb.com/jbn/1c692279615fe1eb88ed7f2eae09f3b9,True,6時間前,2026-09-30 05:25:11,福岡県
AI事務アシスタント／未経験OK／長期キャリア形成／賞与年2回／昇給年2回新着,スタッフ,福岡県,"月給30万8,900円",正社員,清掃,求人ボックス,https://xn--pckua2a7gp15o89zb.com/jbn/b25a27f472c7d1c6c53f0822d841ba69,True,6時間前,2026-09-30 05:25:11,福岡県
受付スタッフ／未経験OK／長期キャリア形成／昇給賞与あり／昇給年2回新着,スタッフ,福岡県,"月給30万1,500円",正社員,清掃,求人ボックス,https://xn--pckua2a7gp15o89zb.com/jbn/2a13f16551dba1fb6c4996b6f99af5be,True,6時間前,2026-09-30 05:25:11,福岡県
事務職／未経験OK／庶務や電話応対など／研修あり新着,スタッフ,福岡県,"月給29万1,400円",正社員,清掃,求人ボックス,https://xn--pckua2a7gp15o89zb.com/jbn/3eba3e63df4df650c5d05992203798fa,True,6時間前,2026-09-30 05:25:11,福岡県
受付スタッフ／未経験OK／来客の案内と電話応対／土日祝休み新着,スタッフ,福岡県,"月給32万7,400円",正社員,清掃,求人ボックス,https://xn--pckua2a7gp15o89zb.com/jbn/9a9afc78ef759f7929428a19a64936e0,True,6時間前,2026-09-30 05:25:14,福岡県
一般事務スタッフ／未経験OK／部署内のサポート全般／研修制度充実新着,株式会社RIOT,福岡県,"月給30万1,000円",正社員,清掃,求人ボックス,https://xn--pckua2a7gp15o89zb.com/jbn/1b9c7a55881a87a852b88766238a8d8d,True,6時間前,2026-09-30 05:25:14,福岡県
事務職／未経験OK／社内のバックオフィス／土日祝休み新着,スタッフ,福岡県,"月給32万2,500円",正社員,清掃,求人ボックス,https://xn--pckua2a7gp15o89zb.com/jbn/7c31fe1d5ec60254378003ca364ba74c,True,6時間前,2026-09-30 05:25:14,福岡県
事務職／未経験OK／長期キャリア形成／土日祝休み／第二新卒歓迎新着,スタッフ,福岡県,"月給31万9,600円",正社員,清掃,求人ボックス,https://xn--pckua2a7gp15o89zb.com/jbn/ea09b42b2d8e0796263b9ed3d5a90876,True,6時間前,2026-09-30 05:25:14,福岡県
受付スタッフ／未経験OK／長期キャリア形成／第二新卒歓迎／20代30代活躍中新着,スタッフ,福岡県,"月給31万5,800円",正社員,清掃,求人ボックス,https://xn--pckua2a7gp15o89zb.com/jbn/611969f59d5435b1b0e920183f2db938,True,6時間前,2026-09-30 05:25:14,福岡県
受付スタッフ／未経験OK／長期キャリア形成／20代30代活躍中／昇給年2回新着,スタッフ,福岡県,月給29万600円,正社員,清掃,求人ボックス,https://xn--pckua2a7gp15o89zb.com/jbn/f7182f9f5bfa190883b5217f1e90a348,True,6時間前,2026-09-30 05:25:14,福岡県
一般事務スタッフ／未経験OK／長期キャリア形成／年間休日125日以上／賞与年2回新着,スタッフ,福岡県,月給29万500円,正社員,清掃,求人ボックス,https://xn--pckua2a7gp15o89zb.com/jbn/aaa913bdda41cb79604473e9188a4ee3,True,6時間前,2026-09-30 05:25:14,福岡県
営業事務／未経験OK／顧客対応と売上管理／月30万以上可新着,スタッフ,福岡県,"月給30万4,700円",正社員,清掃,求人ボックス,https://xn--pckua2a7gp15o89zb.com/jbn/50c229e4b92dc36cf3d211af7ab8e383,True,6時間前,2026-09-30 05:25:14,福岡県
IT企業内事務／未経験OK／開発チームの事務支援／賞与年2回新着,スタッフ,福岡県,"月給30万5,200円",正社員,清掃,求人ボックス,https://xn--pckua2a7gp15o89zb.com/jbn/dcc3d269d9e9fa45882bcb8e895ccb66,True,6時間前,2026-09-30 05:25:18,福岡県
お弁当容器の洗浄・1日4hの短時間勤務 曜日固定OK 週2日～新着,株式会社セイブ,福岡県,"時給1,140円",アルバイト・パート,清掃,求人ボックス,https://xn--pckua2a7gp15o89zb.com/jb/e1413d782b3a272b8d5fc9c7390d42eb,True,4時間前,2026-09-30 05:25:18,福岡県
データ入力事務／未経験OK／大量データの入力／月30万以上可新着,スタッフ,福岡県,"月給31万4,500円",正社員,清掃,求人ボックス,https://xn--pckua2a7gp15o89zb.com/jbn/c3770bf803ec3b8599c00f123a6b6c03,True,6時間前,2026-09-30 05:25:18,福岡県
AI事務アシスタント／未経験OK／AIツールの運用支援／土日祝休み新着,スタッフ,福岡県,"月給31万1,400円",正社員,清掃,求人ボックス,https://xn--pckua2a7gp15o89zb.com/jbn/b417146189def82b9775e146c3b2bf7a,True,6時間前,2026-09-30 05:25:18,福岡県
「プライベートも大切にできる!」／工場内点検スタッフ／土日休み／未経験OK／20~30代活躍中新着,株式会社Tetote,福岡県,"月給31万5,000円",正社員,清掃,求人ボックス,https://xn--pckua2a7gp15o89zb.com/jbn/1a8ca2605867f5aed0f63ced96ed6553,True,15時間前,2026-09-30 05:25:18,福岡県
歯科衛生士／週2日〜・10時開始OK!柔軟なシフト調整／訪問ニーズ増加に伴う増員!新着,医療法人SDC,福岡県,"時給1,600円～",アルバイト・パート,清掃,求人ボックス,https://xn--pckua2a7gp15o89zb.com/jb/a9db543043becda44e466f939c700ecd,True,3時間前,2026-09-30 05:25:18,福岡県
ホールスタッフ／未経験OK／賞与年2回・残業代1分単位・退職金有新着,庄屋 イオンモール佐賀大和店,福岡県,"月給19万8,000円",正社員,清掃,求人ボックス,https://xn--pckua2a7gp15o89zb.com/jbn/1a9ed038e510ea971a9e3a20893a668d,True,23時間前,2026-09-30 05:25:18,福岡県
メンテナンススタッフ／点検作業メイン／未経験歓迎／生活リズム安定新着,株式会社SNJAPAN,福岡県,"月給31万5,000円",正社員,清掃,求人ボックス,https://xn--pckua2a7gp15o89zb.com/jbn/f41190bfb331349fab0fd76da7ba4fd3,True,15時間前,2026-09-30 05:25:21,福岡県
未経験からなれる梱包アシスタント／寮・社宅・家賃補助あり／資格取得支援あり新着,スタッフ,福岡県,"月給28万3,000円",正社員,清掃,求人ボックス,https://xn--pckua2a7gp15o89zb.com/jbn/fda600220d017ae3a8632093f44bc957,True,11時間前,2026-09-30 05:25:21,福岡県
未経験からなれる梱包のチェックスタッフ／寮・社宅・家賃補助あり／資格取得支援あり新着,スタッフ,福岡県,"月給29万3,000円",正社員,清掃,求人ボックス,https://xn--pckua2a7gp15o89zb.com/jbn/64000ba78945d91464530e668920555d,True,11時間前,2026-09-30 05:25:21,福岡県
未経験からなれる商品のチェック・梱包担当／寮・社宅・家賃補助あり／資格取得支援あり新着,スタッフ,福岡県,"月給26万3,000円",正社員,清掃,求人ボックス,https://xn--pckua2a7gp15o89zb.com/jbn/729e571fd01c363002b8a6802cdc8ce8,True,11時間前,2026-09-30 05:25:21,福岡県
レストランスタッフ 交通費支給／社会保険完備／学生・主婦の方活躍中新着,株式会社福岡サンパレス,福岡県,"時給1,100円～",アルバイト・パート,清掃,求人ボックス,https://xn--pckua2a7gp15o89zb.com/jb/b8f20580de825e15a0d2573841ea5ec4,True,3時間前,2026-09-30 05:25:21,福岡県
ホテルの清掃管理 無人ホテルの清掃品質と生産性UP／有給休暇取得率100%新着,株式会社Leading Property Man...,福岡県,年収421万円～480万円,正社員,清掃,求人ボックス,https://xn--pckua2a7gp15o89zb.com/jb/ebe797f29e741e3a66989a01e2f96c4c,True,9時間前,2026-09-30 05:25:21,福岡県
未経験からなれる梱包スタッフ／寮・社宅・家賃補助あり／資格取得支援あり新着,スタッフ,福岡県,"月給28万3,000円",正社員,清掃,求人ボックス,https://xn--pckua2a7gp15o89zb.com/jbn/b2f0101c41d74dc7bf0bb4b462264ddb,True,11時間前,2026-09-30 05:25:21,福岡県
急募／交通費支給あり／学歴不問／オフィスワークスタッフ新着,新規入社,福岡県,"年収200万5,000円",契約社員,清掃,求人ボックス,https://xn--pckua2a7gp15o89zb.com/jbn/94916e7c7bc833e9a2a0342c59ceee51,True,17時間前,2026-09-30 05:25:25,福岡県
「お急ぎの転職も歓迎」／北欧雑貨の梱包スタッフ／即入寮OK／長期安定／20~30代活躍中新着,株式会社Rasic,福岡県,"月給27万5,000円",正社員,清掃,求人ボックス,https://xn--pckua2a7gp15o89zb.com/jbn/af2c15f218a6ff06927ce0b586b0492c,True,15時間前,2026-09-30 05:25:25,福岡県
学校給食調理場での調理補助新着,ハーベストネクスト株式会社,福岡県,"時給1,100円～",アルバイト・パート,清掃,求人ボックス,https://xn--pckua2a7gp15o89zb.com/jb/02029e89f2d749d416180badca495895,True,10時間前,2026-09-30 05:25:25,福岡県
研修制度あり／昇給あり／女性活躍中／学歴不問／オフィスワークスタッフ新着,スタッフ,福岡県,"年収200万5,000円",契約社員,清掃,求人ボックス,https://xn--pckua2a7gp15o89zb.com/jbn/94240c762c51a2f93dc34c1c26fca01a,True,17時間前,2026-09-30 05:25:25,福岡県
業務用冷熱機器のメーカー営業技術職／未経験歓迎／昇給あり／賞与あり新着,大和冷機工業株式会社,福岡県,年収400万円～500万円,正社員,清掃,求人ボックス,https://xn--pckua2a7gp15o89zb.com/jbn/388ee01ecc81b01d28ec981a077d84ce,True,3時間前,2026-09-30 05:25:25,福岡県
ブランクOK・ゲーミングチェア・家具の組立スタッフ「正社員／週休2日制／年間休日125日」新着,スタッフ,福岡県,"月給30万6,600円",正社員,清掃,求人ボックス,https://xn--pckua2a7gp15o89zb.com/jbn/73709ba4f6e4ac53ba33094320df078b,True,10時間前,2026-09-30 05:25:27,福岡県
「応募後スピード選考」／缶バッジの封入スタッフ／履歴書不要／週払いOK／20~30代活躍中新着,株式会社Braight JAPAN,福岡県,"月給33万5,000円",正社員,清掃,求人ボックス,https://xn--pckua2a7gp15o89zb.com/jbn/03bb334f9401dd101072985e03ca1125,True,15時間前,2026-09-30 05:25:27,福岡県
「未経験でも美容or理容免許があれば最短6ヶ月デビュー可」／昇給あり／東証プライム上場企業新着,QBHOUSE／ロジスカットスクール福岡校,福岡県,"月給21万8,000円",正社員,清掃,求人ボックス,https://xn--pckua2a7gp15o89zb.com/jbn/6fdf9a066c7608b2bf4e3a95019fb1bc,True,2時間前,2026-09-30 05:25:27,福岡県
日用品容器のへこみ・キズ確認新着,...製品の簡単な外観チェック工程・へこみやキズの目視確認作業 ・製品の数量や形状のチェック・検品後の商品をまとめて整理整頓丁寧な研修ありで安心スタート!先輩,福岡県,"月給27万7,500円",正社員,清掃,求人ボックス,https://xn--pckua2a7gp15o89zb.com/jbn/46068b65b64efa4408185354ed581d27,True,6時間前,2026-09-30 05:25:27,福岡県
「ヘアカットに特化して活躍できる理容師・美容師」／歩合制なし／営業時間外の業務ほぼなし／ノルマ無し新着,QBハウスウエストコート姪浜,福岡県,"月給29万1,000円",正社員,清掃,求人ボックス,https://xn--pckua2a7gp15o89zb.com/jbn/c52346ba47ccdee338be3847c9144078,True,2時間前,2026-09-30 05:25:27,福岡県
ホールスタッフ、サービススタッフ新着,有限会社マルマル会館,福岡県,"時給1,200円～1,500円",アルバイト・パート,清掃,求人ボックス,https://xn--pckua2a7gp15o89zb.com/jb/11f01052163e0e94e1e9c06e6e6c561b,True,5時間前,2026-09-30 05:25:27,福岡県
キッチンスタッフ／未経験OK／賞与年2回・まかない有・車通勤OK新着,庄屋 サンリブ宗像店,福岡県,"月給19万8,000円",正社員,清掃,求人ボックス,https://xn--pckua2a7gp15o89zb.com/jbn/71b31cff8a049986a9ab88068e9b4af0,True,23時間前,2026-09-30 05:25:27,福岡県
工場内での製造／未経験OK／月収30万以上／20~30代活躍中新着,スタッフ,福岡県,"月給33万8,000円",正社員,清掃,求人ボックス,https://xn--pckua2a7gp15o89zb.com/jbn/7bb241d512a768ad04f6339b6518ba03,True,13時間前,2026-09-30 05:25:31,福岡県
法人向け派遣サービスの営業・コーディネーター／未経験歓迎／昇給あり／賞与あり新着,株式会社ユース,福岡県,年収300万円～500万円,正社員,派遣,求人ボックス,https://xn--pckua2a7gp15o89zb.com/jbn/a630bc9d49e9522198b4b3b59cfffe5c,True,3時間前,2026-09-30 05:25:12,福岡県
「人と丁寧に関わる仕事がしたい」方へ既存顧客訪問・スタッフフォローが中心／未経験歓迎／福岡店 Z新着,業 (派 33-010057),福岡県,年収252万円～302万,契約社員,派遣,求人ボックス,https://xn--pckua2a7gp15o89zb.com/jbn/1ac40de30e92aebc90aa86ab87864171,True,17時間前,2026-09-30 05:25:13,福岡県
研修制度あり／大量募集中／即日勤務OK／オフィスワークスタッフ新着,業 (派 33-010057),福岡県,年収252万円～302万,契約社員,派遣,求人ボックス,https://xn--pckua2a7gp15o89zb.com/jbn/0f7d6d69f275c3912d7d4d69ed9efee2,True,17時間前,2026-09-30 05:25:13,福岡県
フリーター歓迎／社会保険完備／大量募集中／オフィスワークスタッフ新着,業 (派 33-010057),福岡県,年収252万円～302万,契約社員,派遣,求人ボックス,https://xn--pckua2a7gp15o89zb.com/jbn/a428682e3110e6d9045e42e968cd5611,True,17時間前,2026-09-30 05:25:16,福岡県
大手メーカー子会社での一般事務新着,日本郵政コーポレートサービス株式会社,福岡県,"時給1,350円",派遣社員,派遣,求人ボックス,https://xn--pckua2a7gp15o89zb.com/jb/39489926c1a89d76caf6285a47469ef7,True,10時間前,2026-09-30 05:25:16,福岡県
食料関連部署にて貿易事務 未経験OK新着,株式会社TNCプロジェクト,福岡県,"時給1,500円",派遣社員,派遣,求人ボックス,https://xn--pckua2a7gp15o89zb.com/jb/9a79a1530c6c794a104a7e36c1e16f2a,True,23時間前,2026-09-30 05:25:16,福岡県
時短&週4 サポート事務／11月開始 高1350円～／残業少なめ新着,同じ業務ではたらく人がいる/PC操作が多い仕事/同じ,福岡県,"時給1,350円～1,400円",派遣社員,派遣,求人ボックス,https://xn--pckua2a7gp15o89zb.com/jb/15edfb0717c834f6e664565bc316fc40,True,13時間前,2026-09-30 05:25:18,福岡県
介護スタッフ／残業なし!フルタイム歓迎!平日のみOK!早朝!午前!夕方新着,株式会社ルフト・メディカルケア,福岡県,"時給1,230円",派遣社員,派遣,求人ボックス,https://xn--pckua2a7gp15o89zb.com/jb/50ece80090b79800680691c339262184,True,23時間前,2026-09-30 05:25:18,福岡県
「初めての方も安心してスタート!」／派遣コーディネーター／未経験OK／サポート業務新着,コーディネーター  登録,福岡県,月給27万円～33万円,正社員,派遣,求人ボックス,https://xn--pckua2a7gp15o89zb.com/jbn/44decedfd339fa8509071ca828cc6b12,True,12時間前,2026-09-30 05:25:18,福岡県
受付／事務／オフィス系 働く人を支える相談窓口のサポートスタッフ／髪型自由 ネイルOK新着,株式会社クリエイティブ,福岡県,"時給1,350円～1,687円",派遣社員,派遣,求人ボックス,https://xn--pckua2a7gp15o89zb.com/jb/a1317fe53846a4b7cb39b7e6a5786434,True,23時間前,2026-09-30 05:25:22,福岡県
10／14 限定 アリーナ内イベントstaff新着,株式会社ヒト・コミュニケーションズ,福岡県,"時給1,120円",アルバイト・パート,派遣,求人ボックス,https://xn--pckua2a7gp15o89zb.com/jb/c251724d1df8f44accc83a5fca0a06a2,True,23時間前,2026-09-30 05:25:22,福岡県
ネット注文コールセンター受電／土日祝休み&17時半ピタ退社 駅チカ×バイク・自転車通勤OK!新着,株式会社セリオ,福岡県,"時給1,350円～1,400円",派遣社員,派遣,求人ボックス,https://xn--pckua2a7gp15o89zb.com/jb/4210999d454c042b413eaec804ec5e1d,True,7時間前,2026-09-30 05:25:28,福岡県
リゾートバイト／裏方全般新着,株式会社ダイブ,福岡県,"時給1,100円～",派遣社員,派遣,求人ボックス,https://xn--pckua2a7gp15o89zb.com/jb/c344487f61a0c5f9b6d2b15e72f71081,True,23時間前,2026-09-30 05:25:28,福岡県
テレマーケティング／未経験OK 受電メインの問い合わせ対応／博多エリア勤務新着,マンパワーグループ株式会社,福岡県,"時給1,400円",派遣社員,派遣,求人ボックス,https://xn--pckua2a7gp15o89zb.com/jb/da20723adf7a8946ffa81a1da938e584,True,2時間前,2026-09-30 05:25:28,福岡県
コールセンターの現場サポート担当新着,株式会社ジャストファイン,福岡県,月給30万円～50万円,正社員,派遣,求人ボックス,https://xn--pckua2a7gp15o89zb.com/jb/1b4d4790db1f7f7e5f3c454b851471ec,True,12時間前,2026-09-30 05:25:28,福岡県
大手建設コンサルでCADと事務新着,ヒューマンリソシア株式会社,福岡県,"時給1,400円",派遣社員,派遣,求人ボックス,https://xn--pckua2a7gp15o89zb.com/jb/3e689067d6768f37adc1940694fcea38,True,8時間前,2026-09-30 05:25:31,福岡県
スクイーズなどの倉庫内軽作業新着,株式会社アルミラ,福岡県,"時給1,410円～",アルバイト・パート,派遣,求人ボックス,https://xn--pckua2a7gp15o89zb.com/jb/1271681feaa9e13307245fa5344fe80e,True,12時間前,2026-09-30 05:25:31,福岡県
幼稚園教諭第一種／幼稚園／自由ヶ丘幼稚園新着,株式会社アスカ,福岡県,"時給1,450円",派遣社員,派遣,求人ボックス,https://xn--pckua2a7gp15o89zb.com/jb/f8554f4de3e6dc25e962ed8e493cecac,True,7時間前,2026-09-30 05:25:31,福岡県
人材コーディネーター・営業／未経験歓迎／社会保険完備新着,株式会社シエロ,福岡県,年収300万円～350万円,正社員,派遣,求人ボックス,https://xn--pckua2a7gp15o89zb.com/jbn/1fef905fcb3fbc11710c1d2b54ca82be,True,3時間前,2026-09-30 05:25:33,福岡県
ベルシステム24の採用担当／土日祝休み／未経験歓迎／開始日調整OK新着,株式会社ベルシステム24,福岡県,"時給1,300円",アルバイト・パート,派遣,求人ボックス,https://xn--pckua2a7gp15o89zb.com/jb/6d09e4accf192f6b855972aa553baf02,True,23時間前,2026-09-30 05:25:33,福岡県
工場内作業員／基本土日祝休み／時給1279円新着,株式会社FORWARD フランカー,福岡県,時給1279円,派遣社員,派遣,求人ボックス,https://xn--pckua2a7gp15o89zb.com/jb/4d2b5bb7364d5e7fbacf55177499fa1d,True,13時間前,2026-09-30 05:25:38,福岡県
機械CADオペレーター 時短週4も可 事務・電話なし新着,株式会社アットキャド,福岡県,"時給1,600円～1,800円",派遣社員,派遣,求人ボックス,https://xn--pckua2a7gp15o89zb.com/jb/4d0a27599669e56e6266cf9a711b9ff5,True,14時間前,2026-09-30 05:25:38,福岡県
「無理のない働き方で長く続けやすい」／ゲームデバッガー／残業少なめ／福利厚生充実／長期安定新着,株式会社Tetote,福岡県,月給27万円～34万円,正社員,飲食,求人ボックス,https://xn--pckua2a7gp15o89zb.com/jbn/962086e38fa88bb89eb9fd206fc9356b,True,17時間前,2026-09-30 05:25:23,福岡県
未経験OK!／カプセルトイのチェックスタッフ／昇給年2回／未経験活躍新着,携帯ショップ店員、,福岡県,月給28万円～40万円,正社員,飲食,求人ボックス,https://xn--pckua2a7gp15o89zb.com/jbn/380d10048fa15c78aa56a0806d62656c,True,11時間前,2026-09-30 05:25:25,福岡県
一般事務／充実の研修で安心スタート!／ブランクOK／事務正社員／週休2日制新着,これまでアパレル・,福岡県,月給20万500円,正社員,飲食,求人ボックス,https://xn--pckua2a7gp15o89zb.com/jbn/c95bf0950cc88e757b651f9fdbee6f71,True,2時間前,2026-09-30 05:25:25,福岡県
簡単な作業ができればOK!／カプセルトイのチェックスタッフ／手に職つける／未経験活躍新着,スタッフ,福岡県,月給28万円～40万円,正社員,飲食,求人ボックス,https://xn--pckua2a7gp15o89zb.com/jbn/9b3690fcc14a76b572961c40e07edef6,True,11時間前,2026-09-30 05:25:25,福岡県
製造未経験OK!／カプセル詰めのクオリティチェック／研修制度充実／未経験活躍新着,スタッフ,福岡県,月給28万円～40万円,正社員,飲食,求人ボックス,https://xn--pckua2a7gp15o89zb.com/jbn/a8fbe8d56db6b7a1a51806d28cbc438c,True,11時間前,2026-09-30 05:25:25,福岡県
製造未経験OK!／パーツのチェック・仕分け担当／年間休日125日以上／未経験活躍新着,スタッフ,福岡県,月給28万円～40万円,正社員,飲食,求人ボックス,https://xn--pckua2a7gp15o89zb.com/jbn/3331dadcbd16e1334a6f0d86cc85d5d4,True,11時間前,2026-09-30 05:25:25,福岡県
データ入力事務／充実の研修で安心スタート!／経験者優遇／事務正社員／WEB面接可能新着,<異業種からの転職者も活躍中!>アパレル販売、,福岡県,月給20万500円,正社員,飲食,求人ボックス,https://xn--pckua2a7gp15o89zb.com/jbn/cc94d0646261cc99742470ea54c3a568,True,3時間前,2026-09-30 05:25:29,福岡県
ITサポート事務／充実の研修で安心スタート!／ブランクOK／事務の仕事新着,<異業種からの転職者も活躍中!>アパレル販売、,福岡県,月給20万500円,正社員,飲食,求人ボックス,https://xn--pckua2a7gp15o89zb.com/jbn/a501bb3aa98fa893ac5abc8e399ae9cd,True,3時間前,2026-09-30 05:25:29,福岡県
IT事務／未経験でも安心／経験不問／高収入／充実の研修で安心スタート新着,<異業種からの転職者も活躍中!>アパレル販売、,福岡県,月給20万500円,正社員,飲食,求人ボックス,https://xn--pckua2a7gp15o89zb.com/jbn/2ae3aac004670643de0c1586e1bf07c7,True,4時間前,2026-09-30 05:25:29,福岡県
モノづくりの知識一切不問!／カプセルトイのチェックスタッフ／昇給年2回／未経験活躍新着,スタッフ,福岡県,月給28万円～40万円,正社員,飲食,求人ボックス,https://xn--pckua2a7gp15o89zb.com/jbn/a053203edbc91d75ca25430050a155ef,True,11時間前,2026-09-30 05:25:29,福岡県
「仕事と私生活をバランスよく楽しめる」／Webエンジニア／土日祝休み／長期勤務歓迎／未経験OK新着,株式会社SNJAPAN,福岡県,月給27万円～34万円,正社員,飲食,求人ボックス,https://xn--pckua2a7gp15o89zb.com/jbn/d08d53b5ab7fad535f8da416807c9d5c,True,17時間前,2026-09-30 05:25:29,福岡県
「カンタン作業からスタート」営業事務／未経験OK／活気のある職場／顧客対応と受発注業務新着,...先輩が確認しながら進めるため、不安を残したまま進めることはありません。営業事務として、長く使えるPCスキルと確認力を身につけられます。 【過去入社された方の例/】20歳/前職:接客,福岡県,"月給30万4,700円",正社員,飲食,求人ボックス,https://xn--pckua2a7gp15o89zb.com/jbn/688981aade7aaad1a04267ebe63b0e78,True,10時間前,2026-09-30 05:25:29,福岡県
「高収入」／IT事務／充実の研修で安心スタート!／社会保険完備／事務の仕事新着,<未経験からスタートできる理由>手厚いサポート体制をご用意。PCに自信がない方も、データ入力などの簡単な業務から少しずつ慣れていけます。学歴・職歴は一切不問!<活躍中の先輩たちの前職>・アパレル販売員,福岡県,月給20万500円,正社員,飲食,求人ボックス,https://xn--pckua2a7gp15o89zb.com/jbn/c05888d1705f310c3a48ca72e665b0c2,True,3時間前,2026-09-30 05:25:33,福岡県
製造ラインスタッフ／未経験OK／月30万以上可／土日祝休み新着,株式会社ELM,福岡県,月給31万円～45万円,正社員,飲食,求人ボックス,https://xn--pckua2a7gp15o89zb.com/jbn/b1d427085db835d3458d5e151b4bfdc8,True,8時間前,2026-09-30 05:25:33,福岡県
サーバーエンジニア／未経験歓迎／月30万以上可／土日祝休み新着,ベンタス株式会社,福岡県,月給31万円～45万円,正社員,飲食,求人ボックス,https://xn--pckua2a7gp15o89zb.com/jbn/ea1eeb7c16fe005800970477b19b0676,True,9時間前,2026-09-30 05:25:33,福岡県
「昇給・賞与あり」／総務事務／WEB面接可能／コツコツ作業「正社員」新着,こんな方にピッタリの環境です 土日休みでプライベートの時間を確保したい 立ち仕事から卒業して長く働きたい 安定した収入と働き方を手に入れたい,福岡県,月給20万500円,正社員,飲食,求人ボックス,https://xn--pckua2a7gp15o89zb.com/jbn/4aa30a131b142cd308a6cee6fc8ffe30,True,2時間前,2026-09-30 05:25:33,福岡県
「未経験から正社員」デバッグ作業員／コツコツ不具合探し／人柄重視採用／昇給賞与あり新着,株式会社小林,福岡県,月給30万900円,正社員,飲食,求人ボックス,https://xn--pckua2a7gp15o89zb.com/jbn/d71aa217bf06c09e3ef28d70c408e2ad,True,9時間前,2026-09-30 05:25:33,福岡県
デバッグスタッフ／未経験歓迎／不具合チェック／研修制度充実新着,株式会社大斗,福岡県,月給32万円～50万円,正社員,飲食,求人ボックス,https://xn--pckua2a7gp15o89zb.com/jbn/447bf07a77791eb3315546fd3643e137,True,8時間前,2026-09-30 05:25:33,福岡県
スマホアクセサリー製造／周辺機器の組立・加工／未経験歓迎／週休2日制／福利厚生充実新着,株式会社グローリー,福岡県,"月給29万8,300円",正社員,飲食,求人ボックス,https://xn--pckua2a7gp15o89zb.com/jbn/d5525d3180215127252c189c9d4dee4d,True,10時間前,2026-09-30 05:25:36,福岡県
バーのホール／7連休可で月9日休み新着,株式会社DDグループ,福岡県,"月給30万5,000円",正社員,飲食,求人ボックス,https://xn--pckua2a7gp15o89zb.com/jb/09829897a9a3a32e4ceb95c6fa7f7443,True,5時間前,2026-09-30 05:25:36,福岡県
ホームページ制作スタッフ／未経験歓迎／研修制度充実／土日祝休み新着,株式会社ELシステム,福岡県,月給33万円～55万円,正社員,飲食,求人ボックス,https://xn--pckua2a7gp15o89zb.com/jbn/0b0f18e6440d8be0ffe08a707c150292,True,9時間前,2026-09-30 05:25:36,福岡県
ゲーム業界デビュー・ゲームテスター「正社員／残業ほぼなし推奨／ゲームスキル習得」・未経験歓迎新着,...慣れてきたら、ゲームテスターとしてより専門的な確認や共有も担当します。業務の進め方は先輩が確認するため、報告文の書き方も実務で学べます。 【過去入社された方の例/】20代/前職:販売,福岡県,"月給31万4,400円",正社員,飲食,求人ボックス,https://xn--pckua2a7gp15o89zb.com/jbn/1f2eb0b0f9b0f7a2d6e469636815fc6e,True,10時間前,2026-09-30 05:25:36,福岡県
ホール・キッチンスタッフ／資さんうどん 大牟田店新着,株式会社資さん,福岡県,"時給1,100円～1,375円",アルバイト・パート,飲食,求人ボックス,https://xn--pckua2a7gp15o89zb.com/jb/d37b6618a415d479b49a5753f6a09801,True,6時間前,2026-09-30 05:25:36,福岡県
ゲームデバッカー・残業ほぼなし推奨「正社員／資格取得支援」・未経験歓迎・年間休日125日新着,...慣れてきたら、ゲームデバッカーとしてより専門的な確認や共有も担当します。業務の進め方は先輩が確認するため、報告文の書き方も実務で学べます。 【過去入社された方の例/】20代/前職:販売,福岡県,"月給30万9,900円",正社員,飲食,求人ボックス,https://xn--pckua2a7gp15o89zb.com/jbn/9aedfc6c66af2623b6e6c1ded83aa6f9,True,9時間前,2026-09-30 05:25:36,福岡県
「ゲーム好き歓迎!」デバッグ作業員／未経験OK／エラー報告の作業新着,...慣れてきたら、デバッグ作業員としてより専門的な確認や共有も担当します。業務の進め方は先輩が確認するため、報告文の書き方も実務で学べます。 【過去入社された方の例/】20代/前職:販売,福岡県,"月給29万4,600円",正社員,飲食,求人ボックス,https://xn--pckua2a7gp15o89zb.com/jbn/b05d20720cab048d1ff67c6957df8856,True,10時間前,2026-09-30 05:25:36,福岡県
電子タバコ・加熱式デバイスの組立スタッフ・資格不問「正社員／残業少なめ／資格取得支援」ブランクOK新着,スタッフ,福岡県,"月給29万5,400円",正社員,飲食,求人ボックス,https://xn--pckua2a7gp15o89zb.com/jbn/7cd65280b32299132c5baf112f6d078b,True,10時間前,2026-09-30 05:25:39,福岡県
「土日祝休み」パソコン操作の問い合わせ対応／資格取得支援あり／昇給・賞与あり新着,株式会社RIOT GROUP,福岡県,"月給32万7,400円",正社員,飲食,求人ボックス,https://xn--pckua2a7gp15o89zb.com/jbn/ab1bf59a720b3e4fab332abd4a5ce5f6,True,9時間前,2026-09-30 05:25:39,福岡県
缶バッジ・キーホルダーの製造スタッフ正社員／昇給年1回以上・ブランクOK・月給30万以上可新着,スタッフ,福岡県,月給30万,正社員,飲食,求人ボックス,https://xn--pckua2a7gp15o89zb.com/jbn/21cc9b9b2cfe9de4b433e3fa0e0b8361,True,10時間前,2026-09-30 05:25:39,福岡県
ゲーム品質チェックスタッフ／未経験歓迎／年間休日120日以上／賞与あり新着,株式会社LOP,福岡県,"月給30万3,100円",正社員,飲食,求人ボックス,https://xn--pckua2a7gp15o89zb.com/jbn/7e382d94fa9ce6d9e16c0cc4db82adda,True,14時間前,2026-09-30 05:25:39,福岡県
Webエンジニア／未経験歓迎／研修充実／資格取得支援あり／土日祝休み新着,...PC業務に不安がある方も対象です。入社後は、用語や作業手順を学ぶ研修から開始。その後、HTML・CSS・開発基礎研修など始めやすい業務から担当します。 【過去入社された方の例/】22歳/前職:販,福岡県,"月給30万6,600円",正社員,飲食,求人ボックス,https://xn--pckua2a7gp15o89zb.com/jbn/7bb33be01ba46a047e4bc093c4dc18b6,True,9時間前,2026-09-30 05:25:39,福岡県
ゲームプレイヤーサポート／問合せ対応／有給消化率高め新着,...ゲームでは細かな表示や動きが気になる・コツコツ進める作業が嫌いではない丁寧な文章対応を身につけながら、長く続けられるキャリアを築けます。 【過去入社された方の例/】23歳/前職:,福岡県,"月給31万3,800円",正社員,飲食,求人ボックス,https://xn--pckua2a7gp15o89zb.com/jbn/45efce6f0f8be4dc965530ec4ca148ad,True,9時間前,2026-09-30 05:25:39,福岡県
AIチャットボット対応／回答精度確認／月給30万以上可新着,...ゲームでは細かな表示や動きが気になる・コツコツ進める作業が嫌いではない文章確認力を身につけながら、長く続けられるキャリアを築けます。 【過去入社された方の例/】23歳/前職:,福岡県,月給30万,正社員,飲食,求人ボックス,https://xn--pckua2a7gp15o89zb.com/jbn/b92dc45516a2662e4cff5d04ac6530cb,True,9時間前,2026-09-30 05:25:41,福岡県
「アニメ関連商品の出荷・仕分けスタッフ」人気グッズを扱う物流作業新着,Courage Path株式会社,福岡県,月給27万円～35万円,正社員,飲食,求人ボックス,https://xn--pckua2a7gp15o89zb.com/jbn/f95723b01869d1a6dacd146ca3a76fb1,True,11時間前,2026-09-30 05:25:41,福岡県
ブランクOK・スマートフォンケース・アクセサリーの軽作業スタッフ／あり新着,スタッフ,福岡県,"月給30万5,900円",正社員,飲食,求人ボックス,https://xn--pckua2a7gp15o89zb.com/jbn/c2362b61b2f854a80b73866b5a6430d4,True,9時間前,2026-09-30 05:25:41,福岡県
店舗運営総合職／昇給あり／急募／研修あり／主婦・主夫歓迎／ブランクOK新着,株式会社ダンダダン,福岡県,"月給32万8,000円",正社員,飲食,求人ボックス,https://xn--pckua2a7gp15o89zb.com/jbn/435b5ff0f94d3933a6eb739d78822ae8,True,3時間前,2026-09-30 05:25:41,福岡県
キッチン補助 社会保険完備／交通費実費支給／未経験やブランクのある方でもOK新着,株式会社福岡サンパレス,福岡県,"時給1,100円～",アルバイト・パート,飲食,求人ボックス,https://xn--pckua2a7gp15o89zb.com/jb/42612f385e915757e39d50173df187c9,True,3時間前,2026-09-30 05:25:44,福岡県
「高月給で安定して働ける!」／軽作業スタッフ／未経験OK／シンプル作業／20~30代活躍中新着,<仕事内容>軽作業,福岡県,月給27万円～33万円,正社員,飲食,求人ボックス,https://xn--pckua2a7gp15o89zb.com/jbn/6ee6f59de1d18951daf0f010c299de48,True,15時間前,2026-09-30 05:25:44,福岡県
工場内での歯磨き粉のチューブ製造／寮・社宅利用可新着,スタッフ,福岡県,"月給25万8,000円",正社員,飲食,求人ボックス,https://xn--pckua2a7gp15o89zb.com/jbn/8c31fbdff3a5d6b6f0fa0022cbd7a2a9,True,3時間前,2026-09-30 05:25:44,福岡県
工場内でのシール製品梱包新着,飲食,福岡県,月給27万500円,正社員,飲食,求人ボックス,https://xn--pckua2a7gp15o89zb.com/jbn/6f1144365355c1e462da0a1c9427a7db,True,6時間前,2026-09-30 05:25:46,福岡県
イオンモール香椎浜 賞与・社割あり新着,株式会社如水庵,福岡県,"時給1,120円～",アルバイト・パート,飲食,求人ボックス,https://xn--pckua2a7gp15o89zb.com/jb/07f459210d45d0ceca0cc757605b8682,True,10時間前,2026-09-30 05:25:46,福岡県
「残り枠わずか!」未経験からできるデータ入力／年間休日120日以上新着,<こんな経験がある方も活躍中>・アパレルやレジでの販売経験・,福岡県,"月給26万5,000円",正社員,飲食,求人ボックス,https://xn--pckua2a7gp15o89zb.com/jbn/f394384f3245ea20b46c9aaa889a7fc7,True,11時間前,2026-09-30 05:25:46,福岡県
「まだ間に合う!」未経験からできる一般事務／研修充実／年間休日125日以上新着,株式会社Light BROTHERS,福岡県,月給25万円～40万円,正社員,飲食,求人ボックス,https://xn--pckua2a7gp15o89zb.com/jb/16ae2b8c01981b26b391e3a6bfe7a4fb,True,20時間前,2026-09-30 05:25:46,福岡県
福岡での不動産販売営業／未経験歓迎／賞与あり新着,株式会社オープンハウス,福岡県,"年収500万円～1,000万円",正社員,飲食,求人ボックス,https://xn--pckua2a7gp15o89zb.com/jbn/3632d38a12a63314fde3696756437318,True,3時間前,2026-09-30 05:25:46,福岡県
データ入力・事務／土日祝休み／マニュアル完備／オシャレ自由／社会保険完備新着,...こんな意欲を持つ方をお待ちしています ・オフィスワークデビューを果たしたい・土日祝休みで心身ともにリフレッシュしたい・安定した職場で長くキャリアを築きたい職場では20代30代の,福岡県,月給20万500円,正社員,飲食,求人ボックス,https://xn--pckua2a7gp15o89zb.com/jbn/a4ce1d78d00d30291ed88c72f1f47a6f,True,3時間前,2026-09-30 05:25:46,福岡県
「集中して取り組める人気求人」／検査スタッフ／未経験歓迎／座り作業あり／20~30代活躍中新着,...未経験OK 丁寧な作業が得意な方におすすめです <仕事内容>検査,福岡県,月給27万円～33万円,正社員,飲食,求人ボックス,https://xn--pckua2a7gp15o89zb.com/jbn/59c064c2caa6128735d2fedc4b8693fe,True,15時間前,2026-09-30 05:25:50,福岡県
「自分のペースで進められる仕事」／軽作業スタッフ／シンプル作業／未経験OK／20~30代活躍中新着,<仕事内容>軽作業,福岡県,月給27万円～33万円,正社員,飲食,求人ボックス,https://xn--pckua2a7gp15o89zb.com/jbn/315de4e3e2cc706e48bec94bfba1c50d,True,15時間前,2026-09-30 05:25:50,福岡県
「丁寧な作業が活かせる職場」／スマホ部品の検査スタッフ／空調完備／未経験歓迎／20~30代活躍中新着,...未経験OK 細かいチェックが得意な方におすすめです <仕事内容>スマホ部品の検査,福岡県,月給27万円～33万円,正社員,飲食,求人ボックス,https://xn--pckua2a7gp15o89zb.com/jbn/80661d7964fa9ad9386e82db8d65d0f1,True,15時間前,2026-09-30 05:25:50,福岡県
「コツコツ取り組める人気ワーク」／モバイル端末パーツのピッキング／未経験OK／軽量部品中心新着,...未経験から安心してスタート可能  未経験・異業種からも大歓迎/,福岡県,月給27万円～33万円,正社員,飲食,求人ボックス,https://xn--pckua2a7gp15o89zb.com/jbn/edd1f91817470551eb3415f6adc48adb,True,15時間前,2026-09-30 05:25:50,福岡県
工場内での歯磨き粉のチューブ製造新着,スタッフ,福岡県,"月給25万8,000円",正社員,飲食,求人ボックス,https://xn--pckua2a7gp15o89zb.com/jbn/85ca78e032599e39e4bbd849a07897b2,True,6時間前,2026-09-30 05:25:50,福岡県
焼き鳥屋のホールキッチンスタッフ新着,株式会社徳田商会,福岡県,"時給1,200円～1,500円",アルバイト・パート,飲食,求人ボックス,https://xn--pckua2a7gp15o89zb.com/jb/51d0e2f0f87a81ea7c0362bc74590f41,True,19時間前,2026-09-30 05:25:50,福岡県
「定員残りわずか!」未経験採用枠／映像コンテンツ制作／年間休日125日以上新着,スタッフ,福岡県,月給26万円～45万円,正社員,飲食,求人ボックス,https://xn--pckua2a7gp15o89zb.com/jbn/6a66f070ab1074bce8ae44797d46569b,True,11時間前,2026-09-30 05:25:50,福岡県
